0	[[[2052.24005	1038.72006	929.2646042799599]]]
1	[[[2052.24005	1038.72006	929.2640462053163]]]
2	[[[2052.24005	1038.72006	929.263295831599]]]
3	[[[2052.24005	1038.72006	929.2623509578889]]]
4	[[[2052.24005	1038.72006	929.2612010208652]]]
5	[[[2052.24005	1038.72006	929.2598304090783]]]
6	[[[2052.12005	1038.9600500000001	929.2574276275573]]]
7	[[[2052.00006	1039.0800400000003	929.2544461933554]]]
8	[[[2051.88007	1038.96003	929.2508048283862]]]
9	[[[2051.76008	1038.96003	929.2464139433329]]]
10	[[[2051.76008	1038.84002	929.241176581035]]]
11	[[[2052.00006	1038.4800200000002	929.2349891661275]]]
12	[[[2051.64006	1038.12003	929.227823378603]]]
13	[[[2051.52006	1038.24002	929.2195972353384]]]
14	[[[2051.52006	1038.48002	929.2102296670595]]]
15	[[[2051.28008	1038.60003	929.1996418901521]]]
16	[[[2051.1600900000003	1038.4800300000002	929.1877587983097]]]
17	[[[2051.2800799999995	1038.60003	929.174510391809]]]
18	[[[2051.4000699999997	1038.72004	929.159824943833]]]
19	[[[2051.7600599999996	1038.84004	929.1436354499122]]]
20	[[[2051.76006	1039.0800400000003	929.125880684016]]]
21	[[[2051.7600599999996	1039.08004	929.1065062389702]]]
22	[[[2052.1200599999997	1039.32004	929.0854655424739]]]
23	[[[2052.12006	1039.5600399999998	929.0627208360781]]]
24	[[[2052.12006	1039.68004	929.0382449502197]]]
25	[[[2052.3600399999996	1039.92003	929.0120225063774]]]
26	[[[2052.36004	1039.92003	928.9840510730213]]]
27	[[[2052.72006	1040.04004	928.9543422564551]]]
28	[[[2052.84005	1040.2800300000001	928.9229227065132]]]
29	[[[2052.12005	1040.2800300000001	928.889835016631]]]
30	[[[2052.2400399999997	1040.40003	928.855138411442]]]
31	[[[2052.36004	1040.76003	928.8189092536]]]
32	[[[2052.48004	1041.24002	928.7812413481985]]]
33	[[[2052.48004	1041.36002	928.742246025382]]]
34	[[[2052.72003	1041.36002	928.7020519846099]]]
35	[[[2052.60004	1041.4800300000002	928.6608048874529]]]
36	[[[2052.48005	1041.96004	928.618666698525]]]
37	[[[2052.12003	1041.8400299999998	928.5758147732711]]]
38	[[[2052.00004	1041.8400299999998	928.5324406961979]]]
39	[[[2052.48004	1041.96004	928.4887488781563]]]
40	[[[2052.3600500000002	1041.96004	928.4449549262865]]]
41	[[[2052.12006	1041.96004	928.4012838051151]]]
42	[[[2052.12006	1041.72004	928.3579678110373]]]
43	[[[2052.12006	1041.72004	928.3152443863082]]]
44	[[[2052.12006	1042.08005	928.2733538020696]]]
45	[[[2052.12006	1042.08005	928.23253674277]]]
46	[[[2052.36004	1041.8400500000002	928.1930318265067]]]
47	[[[2052.36004	1041.96006	928.155073097286]]]
48	[[[2052.36004	1042.2000600000001	928.1188875260447]]]
49	[[[2052.36004	1042.32005	928.0846925573802]]]
50	[[[2052.60003	1042.4400600000001	928.0526937383526]]]
51	[[[2052.96002	1042.32005	928.0230824644452]]]
52	[[[2052.72003	1042.4400600000001	927.996033875845]]]
53	[[[2052.84003	1042.56007	927.9717049346676]]]
54	[[[2052.72003	1042.32007	927.9502327106864]]]
55	[[[2052.84002	1042.32007	927.9317328995455]]]
56	[[[2052.8400199999996	1042.44006	927.9162985934803]]]
57	[[[2052.72003	1042.56005	927.9039993202566]]]
58	[[[2052.84002	1042.6800600000001	927.8948803614907]]]
59	[[[2052.9600199999995	1042.56007	927.8889623567957]]]
60	[[[2052.84002	1042.56007	927.8862411954093]]]
61	[[[2052.60002	1042.68008	927.8866881921633]]]
62	[[[2052.84001	1042.80007	927.8902505399626]]]
63	[[[2052.6000200000003	1043.04007	927.896852026411]]]
64	[[[2052.4800299999997	1043.1600600000002	927.9063939979427]]]
65	[[[2052.36004	1043.4000600000002	927.918756550867]]]
66	[[[2052.3600399999996	1043.4000600000002	927.9337999251668]]]
67	[[[2052.36004	1043.40006	927.9513660737919]]]
68	[[[2052.24005	1042.9200500000002	927.9712803776031]]]
69	[[[2052.00006	1043.52005	927.9933534741045]]]
70	[[[2052.00006	1043.64004	928.0173831667114]]]
71	[[[2052.00006	1043.76003	928.043156380548]]]
72	[[[2051.76007	1043.88004	928.0704511307167]]]
73	[[[2052.00006	1043.5200300000001	928.0990384696182]]]
74	[[[2052.24005	1043.76003	928.1286843812477]]]
75	[[[2051.88004	1043.76003	928.1591515924426]]]
76	[[[2051.64006	1044.2400400000001	928.1902012737913]]]
77	[[[2051.64006	1044.2400400000001	928.2215946062773]]]
78	[[[2051.52007	1044.7200500000001	928.2530941937191]]]
79	[[[2051.4000800000003	1044.12005	928.2844653055538]]]
80	[[[2051.40008	1044.12005	928.3154769394656]]]
81	[[[2051.4000800000003	1044.12005	928.3459026986595]]]
82	[[[2051.52007	1044.00004	928.375521484097]]]
83	[[[2051.2800799999995	1044.3600500000002	928.4041180076695]]]
84	[[[2051.04009	1044.24006	928.4314831378772]]]
85	[[[2051.28011	1044.24006	928.4574140950342]]]
86	[[[2051.52009	1043.76005	928.4817145181145]]]
87	[[[2051.64008	1043.7600500000003	928.5041944299971]]]
88	[[[2051.88006	1043.76005	928.5246701318574]]]
89	[[[2052.12004	1044.00005	928.5429640606724]]]
90	[[[2052.1200400000002	1044.00005	928.5589046461282]]]
91	[[[2051.76004	1044.00005	928.5723262044837]]]
92	[[[2051.52006	1044.1200600000002	928.5830689071196]]]
93	[[[2051.64005	1044.00005	928.5909788604486]]]
94	[[[2051.76004	1043.88004	928.5959083315898]]]
95	[[[2052.00002	1043.7600300000001	928.5977161506826]]]
96	[[[2051.76004	1044.1200300000003	928.596268315956]]]
97	[[[2051.52006	1044.2400400000001	928.5914388217627]]]
98	[[[2051.64006	1043.88003	928.5831107228103]]]
99	[[[2051.64006	1043.7600200000002	928.571177439937]]]
100	[[[2051.64006	1043.7600200000002	928.5555443041312]]]
101	[[[2052.00006	1043.88003	928.5361303263473]]]
102	[[[2052.48004	1044.12002	928.5128701711967]]]
103	[[[2052.3600500000002	1044.2400300000002	928.4857163031171]]]
104	[[[2052.3600500000002	1044.4800300000002	928.4546412643989]]]
105	[[[2052.3600500000002	1044.60004	928.4196400357711]]]
106	[[[2052.48004	1044.36005	928.3807324224257]]]
107	[[[2052.60003	1044.36005	928.337965401676]]]
108	[[[2052.36004	1044.60005	928.2914153631651]]]
109	[[[2052.36004	1044.6000500000002	928.2411901689269]]]
110	[[[2052.2400499999994	1044.4800600000003	928.1874309588569]]]
111	[[[2052.24005	1044.00005	928.1303136274357]]]
112	[[[2051.76007	1043.40005	928.0700498999901]]]
113	[[[2051.76007	1043.16005	928.0068879414272]]]
114	[[[2051.6400799999997	1043.04006	927.9411124372167]]]
115	[[[2051.76008	1042.80006	927.8730440953572]]]
116	[[[2051.76008	1042.56006	927.8030385290107]]]
117	[[[2051.76008	1042.32006	927.7314844921748]]]
118	[[[2051.76008	1042.5600600000002	927.6588014549541]]]
119	[[[2051.64009	1042.4400699999999	927.5854365203095]]]
120	[[[2051.64009	1042.44007	927.5118607002587]]]
121	[[[2051.5200999999997	1042.68008	927.4385645859084]]]
122	[[[2051.64009	1042.68008	927.3660534620012]]]
123	[[[2051.88008	1042.80007	927.2948419323486]]]
124	[[[2051.88008	1042.56007	927.2254481371571]]]
125	[[[2051.7600799999996	1042.4400600000001	927.1583876563693]]]
126	[[[2051.76008	1042.6800600000001	927.0941672042985]]]
127	[[[2051.88007	1042.6800600000001	927.0332782296846]]]
128	[[[2052.00006	1042.32007	926.9761905414844]]]
129	[[[2052.12005	1042.32007	926.923346084013]]]
130	[[[2052.12005	1042.20006	926.875152985281]]]
131	[[[2052.36004	1041.7200500000001	926.8319799994615]]]
132	[[[2052.2400499999994	1041.9600500000001	926.7941514583723]]]
133	[[[2051.88007	1041.60005	926.7619428377972]]]
134	[[[2052.00006	1041.48004	926.7355770325639]]]
135	[[[2051.88007	1041.36004	926.715221419881]]]
136	[[[2052.00006	1040.88003	926.7009857738276]]]
137	[[[2051.76008	1040.5200300000001	926.6929210755785]]]
138	[[[2051.5201	1040.16003	926.6910192443708]]]
139	[[[2051.6400999999996	1039.68002	926.6952137939695]]]
140	[[[2051.6401	1039.5600200000001	926.7053813989696]]]
141	[[[2051.5201	1039.68003	926.721344335277]]]
142	[[[2051.76008	1039.08003	926.7428737400845]]]
143	[[[2052.00006	1039.08003	926.7696936190972]]]
144	[[[2051.88007	1039.08003	926.8014855131763]]]
145	[[[2051.88007	1039.08003	926.8378937233192]]]
146	[[[2051.64009	1038.8400299999998	926.878530982365]]]
147	[[[2051.76008	1038.96002	926.9229844542108]]]
148	[[[2052.00006	1039.0800100000001	926.970821936846]]]
149	[[[2051.7600699999994	1039.20002	927.0215981441794]]]
150	[[[2051.76007	1039.0800299999999	927.0748609434638]]]
151	[[[2051.64008	1039.20002	927.1301574299423]]]
152	[[[2051.6400799999997	1039.44002	927.1870397279821]]]
153	[[[2051.64008	1039.56002	927.2450704180949]]]
154	[[[2051.52009	1039.32003	927.3038275015508]]]
155	[[[2051.52009	1039.2000400000002	927.3629088283385]]]
156	[[[2051.76007	1039.32005	927.42193592957]]]
157	[[[2051.76007	1039.3200499999998	927.480557211609]]]
158	[[[2051.76007	1039.44005	927.5384504857313]]]
159	[[[2051.88006	1039.4400500000002	927.5953248235344]]]
160	[[[2051.88006	1039.08004	927.6509217441674]]]
161	[[[2051.88006	1039.08004	927.705015754316]]]
162	[[[2051.76007	1039.08004	927.7574142754308]]]
163	[[[2051.64008	1039.08004	927.8079570045668]]]
164	[[[2051.76007	1039.2000300000002	927.8565147652289]]]
165	[[[2051.76007	1039.20003	927.9029879125768]]]
166	[[[2051.7600699999994	1039.44002	927.9473043631464]]]
167	[[[2051.88006	1039.32003	927.98941732287]]]
168	[[[2051.76007	1039.08004	928.029302788647]]]
169	[[[2051.6400799999997	1038.96003	928.066956898142]]]
170	[[[2051.64008	1039.20003	928.1023932000062]]]
171	[[[2051.52009	1039.08004	928.1356399125509]]]
172	[[[2051.52009	1039.0800400000003	928.1667372332724]]]
173	[[[2051.5200899999995	1038.9600400000002	928.1957347548084]]]
174	[[[2051.52009	1038.84005	928.2226890351764]]]
175	[[[2051.28008	1039.20005	928.2476613617997]]]
176	[[[2050.92008	1039.32006	928.2707157401553]]]
177	[[[2050.92008	1039.32006	928.2919171291358]]]
178	[[[2050.8000899999997	1039.3200600000002	928.311329936698]]]
179	[[[2050.8000899999997	1039.56006	928.3290167812559]]]
180	[[[2050.8000899999997	1039.68007	928.3450375168061]]]
181	[[[2050.92008	1039.92006	928.3594485130759]]]
182	[[[2050.68007	1039.6800600000001	928.3723021762037]]]
183	[[[2050.44006	1039.56007	928.3836466906653]]]
184	[[[2050.0800499999996	1039.56007	928.3935259594169]]]
185	[[[2050.20007	1039.32006	928.4019797165101]]]
186	[[[2050.32009	1038.96006	928.4090437847562]]]
187	[[[2050.08011	1039.08005	928.414750450304]]]
188	[[[2049.84009	1039.2000400000002	928.4191289261687]]]
189	[[[2049.4800800000003	1039.44005	928.4222058777134]]]
190	[[[2049.36009	1039.56004	928.4240059847195]]]
191	[[[2049.0000800000003	1039.44004	928.4245525168732]]]
192	[[[2048.88008	1040.0400399999999	928.4238679020979]]]
193	[[[2048.76008	1040.16003	928.4219742700583]]]
194	[[[2048.88008	1040.40002	928.4188939562297]]]
195	[[[2048.7600599999996	1040.4000199999998	928.4146499550304]]]
196	[[[2048.7600599999996	1040.52001	928.4092663135871]]]
197	[[[2048.76006	1040.64001	928.4027684606042]]]
198	[[[2049.0000800000003	1040.76001	928.3951834675157]]]
199	[[[2049.2401	1040.64	928.3865402415122]]]
200	[[[2049.2401	1040.76	928.3768696521402]]]
201	[[[2049.3601000000003	1040.76	928.3662045949317]]]
202	[[[2049.60012	1040.4	928.3545799969313]]]
203	[[[2049.60012	1040.4	928.342032770048]]]
204	[[[2049.7201400000004	1040.4	928.3286017188988]]]
205	[[[2049.7201400000004	1040.52	928.3143274102367]]]
206	[[[2049.60012	1040.76001	928.2992520112145]]]
207	[[[2049.3601	1040.76001	928.2834191036712]]]
208	[[[2049.3601000000003	1040.76001	928.2668734813626]]]
209	[[[2049.3601000000003	1040.76001	928.2496609366517]]]
210	[[[2049.12008	1040.76001	928.2318280426585]]]
211	[[[2049.00008	1041.00002	928.2134219362764]]]
212	[[[2048.76006	1041.36002	928.1944901068416]]]
213	[[[2048.76006	1041.60003	928.1750801945878]]]
214	[[[2048.5200400000003	1041.72004	928.155239802396]]]
215	[[[2048.5200400000003	1041.96004	928.1350163237184]]]
216	[[[2048.5200400000003	1042.2000400000002	928.1144567889799]]]
217	[[[2048.5200400000003	1042.3200499999998	928.0936077321915]]]
218	[[[2048.2800199999997	1042.6800600000001	928.0725150789918]]]
219	[[[2048.16	1042.92006	928.051224056818]]]
220	[[[2048.1600000000003	1043.28007	928.0297791274294]]]
221	[[[2048.40002	1043.16006	928.008223941518]]]
222	[[[2048.28003	1043.28007	927.9866013146826]]]
223	[[[2048.40003	1043.4000600000002	927.9649532235441]]]
224	[[[2048.28004	1043.6400600000002	927.943320820322]]]
225	[[[2048.1600399999998	1043.76007	927.921744463693]]]
226	[[[2047.92005	1043.7600699999998	927.9002637632777]]]
227	[[[2047.80006	1044.1200600000002	927.8789176346394]]]
228	[[[2047.5600600000002	1044.48006	927.857744361229]]]
229	[[[2047.3200700000002	1044.60007	927.8367816593216]]]
230	[[[2047.2000799999998	1044.24006	927.8160667416469]]]
231	[[[2046.8400699999997	1044.60007	927.7956363751757]]]
232	[[[2047.0800600000002	1044.3600700000002	927.7755269283662]]]
233	[[[2046.48007	1044.60007	927.7557744031625]]]
234	[[[2046.3600600000002	1044.60007	927.7364144471512]]]
235	[[[2046.3600600000002	1044.84006	927.7174823415583]]]
236	[[[2046.3600600000002	1044.84006	927.6990129612061]]]
237	[[[2046.4800500000001	1044.72007	927.6810407031438]]]
238	[[[2046.84005	1044.72007	927.6635993814301]]]
239	[[[2046.84005	1044.84006	927.6467220864358]]]
240	[[[2047.08004	1045.56007	927.6304410080747]]]
241	[[[2047.2000300000004	1045.80006	927.6147872234757]]]
242	[[[2046.96004	1046.28005	927.5997904508129]]]
243	[[[2047.4400300000002	1046.52006	927.5854787722064]]]
244	[[[2047.5600399999998	1046.76005	927.5718783298186]]]
245	[[[2047.44005	1046.76005	927.5590130004018]]]
246	[[[2047.5600399999998	1047.0000400000001	927.5469040546011]]]
247	[[[2047.44005	1047.2400300000002	927.5355698082167]]]
248	[[[2047.2000600000003	1047.24003	927.5250252733658]]]
249	[[[2047.3200500000003	1047.36003	927.5152818180093]]]
250	[[[2047.0800600000002	1047.00003	927.5063468426148]]]
251	[[[2046.9600699999999	1047.24003	927.4982234828007]]]
252	[[[2047.0800599999998	1047.4800300000002	927.4909103466246]]]
253	[[[2046.9600699999999	1047.4800300000002	927.484401294789]]]
254	[[[2046.9600699999999	1047.60004	927.4786852713905]]]
255	[[[2047.0800600000002	1047.7200500000001	927.4737461920361]]]
256	[[[2046.9600700000003	1047.9600500000001	927.4695628951395]]]
257	[[[2046.9600700000003	1048.20005	927.4661091611082]]]
258	[[[2047.20006	1048.32004	927.4633538028977]]]
259	[[[2047.08007	1048.56004	927.4612608301626]]]
260	[[[2047.20006	1049.1600400000002	927.4597896879459]]]
261	[[[2047.3200499999998	1049.1600400000002	927.4588955696029]]]
262	[[[2047.20006	1049.2800499999998	927.4585298024715]]]
263	[[[2047.3200500000003	1049.64004	927.4586403036916]]]
264	[[[2047.5600400000003	1049.5200300000001	927.4591721025909]]]
265	[[[2047.44005	1049.76003	927.4600679251698]]]
266	[[[2047.44005	1050.00003	927.4612688354761]]]
267	[[[2047.5600399999998	1050.1200400000002	927.4627149280088]]]
268	[[[2047.44004	1050.36004	927.4643460647712]]]
269	[[[2047.44004	1050.6000399999998	927.4661026501384]]]
270	[[[2047.4400400000002	1050.4800300000002	927.4679264363236]]]
271	[[[2047.3200500000003	1050.4800300000002	927.4697613518829]]]
272	[[[2047.4400400000002	1050.4800300000002	927.471554345368]]]
273	[[[2047.44004	1050.24003	927.4732562358901]]]
274	[[[2047.3200399999998	1050.4800300000002	927.4748225619962]]]
275	[[[2047.4400300000002	1050.7200200000002	927.476214419843]]]
276	[[[2047.5600200000001	1050.4800200000002	927.4773992812076]]]
277	[[[2047.6800200000002	1050.3600099999999	927.4783517813761]]]
278	[[[2047.20003	1050.12001	927.4790544664463]]]
279	[[[2047.20003	1050.0000200000002	927.4794984890543]]]
280	[[[2047.3200299999996	1049.7600200000002	927.4796842410727]]]
281	[[[2047.44002	1050.00002	927.479621911416]]]
282	[[[2047.32003	1049.64001	927.4793319568168]]]
283	[[[2047.32003	1049.7600200000002	927.4788454733414]]]
284	[[[2046.8400400000003	1050.00002	927.478204456527]]]
285	[[[2046.72005	1050.12003	927.4774619384422]]]
286	[[[2046.84005	1050.4800300000002	927.4766819906712]]]
287	[[[2046.60006	1050.9600400000002	927.4759395833146]]]
288	[[[2046.96006	1050.9600400000002	927.4753202915272]]]
289	[[[2047.0800499999998	1051.0800299999999	927.4749198429594]]]
290	[[[2047.0800499999998	1051.68003	927.4748435016551]]]
291	[[[2047.0800499999998	1051.8000299999999	927.4752052865299]]]
292	[[[2047.2000400000002	1052.2800300000001	927.476127025403]]]
293	[[[2047.32004	1052.2800300000001	927.4777372486806]]]
294	[[[2047.8000299999999	1052.40003	927.4801699300712]]]
295	[[[2047.92002	1052.04003	927.4835630851015]]]
296	[[[2047.68003	1051.8000399999999	927.4880572415775]]]
297	[[[2047.92002	1051.44004	927.4937937994076]]]
298	[[[2048.0400099999997	1051.56005	927.5009133002635]]]
299	[[[2047.92002	1051.4400600000001	927.5095536303055]]]
300	[[[2047.6800300000002	1051.20007	927.5198481815374]]]
301	[[[2047.6800300000002	1051.0800700000002	927.531923999202]]]
302	[[[2047.8000299999999	1050.96008	927.5458999439121]]]
303	[[[2047.8000299999999	1051.08007	927.5618848978727]]]
304	[[[2047.68004	1050.96007	927.5799760445719]]]
305	[[[2047.68004	1051.08006	927.6002572506557]]]
306	[[[2047.8000299999999	1051.32005	927.6227975774087]]]
307	[[[2047.68003	1051.68005	927.6476499473316]]]
308	[[[2047.6800300000002	1051.80004	927.6748499888038]]]
309	[[[2047.8000200000001	1051.92003	927.7044150788267]]]
310	[[[2047.9200099999998	1052.04002	927.7363436004176]]]
311	[[[2047.80002	1052.1600199999998	927.7706144274862]]]
312	[[[2047.5600299999999	1052.4000099999998	927.8071866460656]]]
313	[[[2047.5600299999999	1052.76001	927.8459995166935]]]
314	[[[2047.5600299999999	1052.88001	927.8869726786619]]]
315	[[[2047.68003	1053.24001	927.9300065928674]]]
316	[[[2047.5600400000003	1053.24001	927.974983216187]]]
317	[[[2047.5600400000003	1053.24001	928.0217668967753]]]
318	[[[2047.68004	1053.6000099999999	928.0702054764718]]]
319	[[[2047.80004	1053.72001	928.1201315836868]]]
320	[[[2047.80004	1053.8400100000001	928.1713640977435]]]
321	[[[2048.04003	1053.96002	928.2237097636755]]]
322	[[[2048.40004	1053.96002	928.2769649349806]]]
323	[[[2047.9200500000002	1053.8400299999998	928.3309174207328]]]
324	[[[2048.0400400000003	1053.84003	928.3853484127828]]]
325	[[[2048.0400400000003	1053.72004	928.4400344684911]]]
326	[[[2048.16003	1053.84005	928.4947495244851]]]
327	[[[2048.40005	1053.48005	928.5492669172966]]]
328	[[[2048.40005	1053.2400499999999	928.6033613873536]]]
329	[[[2048.52007	1053.36006	928.656811043654]]]
330	[[[2048.76009	1053.1200700000002	928.7093992674821]]]
331	[[[2048.76009	1053.1200700000002	928.7609165347342]]]
332	[[[2048.52007	1053.24008	928.8111621377354]]]
333	[[[2049.00006	1053.3600700000002	928.8599457889002]]]
334	[[[2049.6000599999998	1053.84007	928.9070890901219]]]
335	[[[2049.4800600000003	1053.84007	928.9524268534509]]]
336	[[[2049.72008	1053.84007	928.9958082603662]]]
337	[[[2049.6000599999998	1054.20007	929.0370978488127]]]
338	[[[2049.48006	1054.32008	929.0761763191438]]]
339	[[[2049.4800600000003	1054.56008	929.1129411521936]]]
340	[[[2049.24004	1055.0400700000002	929.1473070348953]]]
341	[[[2049.24004	1055.16006	929.1792060911812]]]
342	[[[2049.4800600000003	1055.2800499999998	929.2085879183014]]]
343	[[[2049.4800600000003	1055.40006	929.235419431214]]]
344	[[[2049.1200799999997	1055.2800700000003	929.2596845202577]]]
345	[[[2049.24008	1055.52007	929.2813835299305]]]
346	[[[2049.12006	1055.76007	929.3005325691933]]]
347	[[[2049.2400800000005	1056.00007	929.3171626662631]]]
348	[[[2049.4801	1056.3600600000002	929.3313187833098]]]
349	[[[2049.4800999999998	1056.3600600000002	929.3430587087381]]]
350	[[[2049.72012	1056.60006	929.3524518467975]]]
351	[[[2049.8401400000002	1056.72007	929.3595779260197]]]
352	[[[2049.7201200000004	1056.8400800000002	929.3645256493971]]]
353	[[[2049.9601300000004	1057.0800700000002	929.3673913102248]]]
354	[[[2049.84011	1057.20006	929.3682773980723]]]
355	[[[2050.08012	1057.20006	929.3672912194108]]]
356	[[[2050.56012	1057.44005	929.3645435569367]]]
357	[[[2050.68011	1057.56004	929.3601473906259]]]
358	[[[2050.8001	1057.68004	929.3542167019793]]]
359	[[[2050.92009	1058.04004	929.3468653808468]]]
360	[[[2050.92009	1058.04004	929.3382062516141]]]
361	[[[2051.0400799999998	1058.16003	929.3283502325236]]]
362	[[[2051.2800899999997	1058.28002	929.3174056384732]]]
363	[[[2051.2800899999997	1058.1600199999998	929.305477633927]]]
364	[[[2051.0400999999997	1058.28002	929.2926678386411]]]
365	[[[2051.16009	1058.6400199999998	929.2790740848702]]]
366	[[[2050.80011	1058.76003	929.2647903206846]]]
367	[[[2050.80011	1058.8800299999998	929.2499066501001]]]
368	[[[2050.8001099999997	1058.76003	929.2345094970294]]]
369	[[[2050.68012	1059.00003	929.2186818767013]]]
370	[[[2050.5601	1059.48004	929.2025037552767]]]
371	[[[2050.4401100000005	1059.72005	929.1860524760025]]]
372	[[[2050.44011	1059.7200500000001	929.1694032284735]]]
373	[[[2050.44011	1059.7200500000001	929.1526295364649]]]
374	[[[2050.80012	1059.7200500000001	929.135803739413]]]
375	[[[2050.20013	1059.48004	929.1189974429705]]]
376	[[[2050.80013	1059.48004	929.1022819151378]]]
377	[[[2050.68014	1059.60005	929.0857284062574]]]
378	[[[2050.8001300000005	1059.72005	929.0694083736113]]]
379	[[[2050.92012	1059.48005	929.0533935943891]]]
380	[[[2051.04014	1059.4800500000001	929.0377561543517]]]
381	[[[2051.04014	1059.36004	929.0225683034445]]]
382	[[[2051.16013	1059.48004	929.0079021738611]]]
383	[[[2050.92012	1059.9600500000001	928.9938293604386]]]
384	[[[2050.92012	1060.08006	928.9804203676968]]]
385	[[[2051.76011	1060.4400600000001	928.96774393215]]]
386	[[[2050.92009	1060.4400600000001	928.955866232629]]]
387	[[[2051.1600700000004	1060.56005	928.9448500050954]]]
388	[[[2051.1600700000004	1060.56005	928.9347535817444]]]
389	[[[2051.28006	1060.56005	928.925629876946]]]
390	[[[2051.28006	1060.20004	928.9175253447274]]]
391	[[[2051.40005	1059.9600500000001	928.910478933973]]]
392	[[[2051.4000499999997	1060.08006	928.9045210682932]]]
393	[[[2051.76005	1060.08006	928.8996726775698]]]
394	[[[2051.76005	1060.08006	928.8959443075455]]]
395	[[[2051.40006	1059.96007	928.8933353325014]]]
396	[[[2051.76007	1060.20007	928.8918332941228]]]
397	[[[2051.6400799999997	1059.96007	928.8914133871438]]]
398	[[[2051.64008	1059.96007	928.8920381093722]]]
399	[[[2051.16008	1060.08006	928.8936570903018]]]
400	[[[2051.40006	1060.20007	928.896207108827]]]
401	[[[2051.40006	1060.56007	928.8996123066838]]]
402	[[[2051.28007	1060.6800600000001	928.9037846002151]]]
403	[[[2051.40007	1060.6800600000001	928.9086242890611]]]
404	[[[2051.64005	1060.6800600000001	928.9140208564095]]]
405	[[[2051.88004	1060.92006	928.919853951665]]]
406	[[[2051.76005	1060.56005	928.9259945428339]]]
407	[[[2051.64006	1060.6800600000001	928.9323062226534]]]
408	[[[2051.52007	1060.92006	928.9386466495711]]]
409	[[[2051.88008	1060.80007	928.9448691021432]]]
410	[[[2051.7600899999998	1060.80007	928.9508241232882]]]
411	[[[2051.6400999999996	1061.1600600000002	928.9563612291397]]]
412	[[[2051.76009	1061.04007	928.9613306560016]]]
413	[[[2051.5201	1060.92006	928.9655851180978]]]
414	[[[2051.6400999999996	1060.92006	928.9689815484741]]]
415	[[[2051.5201	1060.6800600000001	928.9713827954947]]]
416	[[[2051.88008	1060.44007	928.9726592479122]]]
417	[[[2052.36006	1060.80006	928.9726903624423]]]
418	[[[2052.36006	1060.6800700000001	928.9713660691374]]]
419	[[[2052.4800499999997	1060.6800700000001	928.9685880316181]]]
420	[[[2052.72004	1060.5600600000002	928.9642707413662]]]
421	[[[2052.96002	1060.08006	928.9583424277853]]]
422	[[[2052.84003	1060.08006	928.9507457685895]]]
423	[[[2052.96002	1059.96007	928.9414383882524]]]
424	[[[2052.84002	1059.96007	928.9303931357077]]]
425	[[[2052.8400199999996	1059.96007	928.9175981362162]]]
426	[[[2052.84002	1059.96007	928.9030566162435]]]
427	[[[2052.36004	1059.84008	928.8867865043]]]
428	[[[2052.36004	1060.08008	928.8688198148936]]]
429	[[[2052.00004	1060.20007	928.8492018269978]]]
430	[[[2051.76005	1060.56008	928.82799007264]]]
431	[[[2051.76005	1060.56008	928.8052531552996]]]
432	[[[2052.00004	1060.68007	928.7810694216712]]]
433	[[[2052.00004	1060.56006	928.755525513898]]]
434	[[[2052.1200400000002	1060.3200499999998	928.7287148325155]]]
435	[[[2052.1200400000002	1060.3200499999998	928.7007359429674]]]
436	[[[2052.12004	1060.5600399999998	928.6716909605551]]]
437	[[[2052.48002	1060.08003	928.64168394999]]]
438	[[[2052.60001	1059.7200200000002	928.6108193762311]]]
439	[[[2052.60001	1059.72002	928.5792006429738]]]
440	[[[2052.96	1059.3600099999999	928.5469287539202]]]
441	[[[2052.96	1059.48002	928.5141011298444]]]
442	[[[2052.96	1059.24002	928.4808106114069]]]
443	[[[2053.08	1059.36003	928.4471446737385]]]
444	[[[2053.08	1059.48003	928.4131848740465]]]
445	[[[2053.0800000000004	1059.36002	928.3790065479801]]]
446	[[[2052.96	1059.36002	928.3446787643404]]]
447	[[[2052.8399999999997	1059.48002	928.3102645410597]]]
448	[[[2052.00001	1059.36002	928.275821318387]]]
449	[[[2052.48001	1059.1200199999998	928.2414016780509]]]
450	[[[2052.24001	1059.1200199999998	928.2070542900481]]]
451	[[[2052.48001	1059.0000100000002	928.1728250617974]]]
452	[[[2052.48001	1059.0000100000002	928.1387584579434]]]
453	[[[2052.60001	1058.8799999999999	928.104898953259]]]
454	[[[2052.60001	1058.76	928.0712925760903]]]
455	[[[2052.72001	1058.76	928.037988495786]]]
456	[[[2052.96001	1058.4	928.005040604686]]]
457	[[[2053.08001	1058.4	927.972509043661]]]
458	[[[2054.16	1058.52	927.9404616199602]]]
459	[[[2054.2799999999997	1058.4	927.9089750672945]]]
460	[[[2054.52	1058.2800000000002	927.8781361006835]]]
461	[[[2054.4000000000005	1058.28	927.8480422225612]]]
462	[[[2054.4	1058.28	927.8188022419342]]]
463	[[[2054.2799999999997	1058.1599999999999	927.7905364748674]]]
464	[[[2054.4	1058.28	927.7633766021056]]]
465	[[[2054.16001	1058.28	927.7374651680326]]]
466	[[[2053.80002	1058.6399999999999	927.7129547142001]]]
467	[[[2053.80002	1058.6399999999999	927.6900065500964]]]
468	[[[2053.56002	1058.8799999999999	927.6687891734157]]]
469	[[[2053.4400200000005	1059.0	927.649476361558]]]
470	[[[2053.4400200000005	1058.76	927.6322449651882]]]
471	[[[2053.44002	1058.6399999999999	927.6172724431417]]]
472	[[[2053.20003	1058.6399999999999	927.6047341855507]]]
473	[[[2053.20003	1058.64	927.5948006785577]]]
474	[[[2053.08003	1058.52	927.5876345691883]]]
475	[[[2053.5600400000003	1058.4	927.5833876927256]]]
476	[[[2053.92003	1058.2800000000002	927.5821981271531]]]
477	[[[2054.04003	1058.16	927.5841873398201]]]
478	[[[2054.40005	1057.8	927.5894574904457]]]
479	[[[2054.4000499999997	1057.68	927.5980889518917]]]
480	[[[2054.52007	1057.9199999999998	927.6101381059082]]]
481	[[[2054.64007	1057.80001	927.6256354653808]]]
482	[[[2055.12008	1057.92002	927.6445841676162]]]
483	[[[2055.48009	1057.6800200000002	927.6669588751395]]]
484	[[[2055.60009	1057.56003	927.6927051114772]]]
485	[[[2055.72008	1057.2000400000002	927.7217390497877]]]
486	[[[2055.72008	1057.08005	927.7539477621528]]]
487	[[[2055.60008	1056.9600599999999	927.7891899271942]]]
488	[[[2055.60008	1056.8400700000002	927.8272969836364]]]
489	[[[2055.72008	1056.72008	927.8680747078024]]]
490	[[[2055.48006	1056.96009	927.9113051840128]]]
491	[[[2055.60008	1057.20008	927.9567491287023]]]
492	[[[2055.48006	1056.8400800000002	928.0041485219774]]]
493	[[[2055.36007	1056.84008	928.0532294944385]]]
494	[[[2055.48009	1056.8400800000002	928.1037054125651]]]
495	[[[2054.88009	1057.0800800000002	928.1552801028434]]]
496	[[[2055.00011	1057.20007	928.2076511532061]]]
497	[[[2055.12011	1056.84006	928.260513230216]]]
498	[[[2055.12011	1056.9600500000001	928.3135613517652]]]
499	[[[2055.3601200000003	1056.9600500000001	928.3664940577797]]]
500	[[[2055.1201300000002	1056.84004	928.4190164254354]]]
501	[[[2055.00011	1056.60005	928.4708428805568]]]
502	[[[2055.24012	1056.48004	928.5216997630207]]]
503	[[[2055.36011	1056.6000500000002	928.5713276109575]]]
504	[[[2055.36011	1056.2400400000001	928.6194831361106]]]
505	[[[2055.7201	1056.36003	928.6659408706944]]]
506	[[[2055.84009	1056.36003	928.7104944742498]]]
507	[[[2056.0801	1056.84003	928.7529576971458]]]
508	[[[2056.20009	1056.48004	928.7931650052942]]]
509	[[[2056.20009	1056.60003	928.8309718781427]]]
510	[[[2057.40009	1056.8400299999998	928.8662547989394]]]
511	[[[2057.40009	1057.20003	928.8989109624208]]]
512	[[[2057.40009	1057.4400300000002	928.9288577303839]]]
513	[[[2057.2801	1057.44003	928.9560318699129]]]
514	[[[2057.2801	1057.8000399999999	928.980388612292]]]
515	[[[2057.40012	1057.5600399999998	929.0019005727939]]]
516	[[[2057.40012	1057.32004	929.02055657254]]]
517	[[[2057.5201100000004	1056.84004	929.0363604035398]]]
518	[[[2057.40012	1057.08004	929.0493295768034]]]
519	[[[2057.40012	1056.9600500000001	929.0594940912017]]]
520	[[[2056.3201099999997	1056.7200500000001	929.0668952575406]]]
521	[[[2056.44013	1056.36005	929.071584608287]]]
522	[[[2056.44013	1056.36005	929.0736229185844]]]
523	[[[2056.68011	1056.60004	929.0730793588178]]]
524	[[[2056.56009	1056.4800300000002	929.0700307931436]]]
525	[[[2056.68008	1056.60004	929.064561232249]]]
526	[[[2056.8000700000002	1056.36004	929.0567614423262]]]
527	[[[2056.4400699999997	1056.60004	929.0467287059877]]]
528	[[[2056.56006	1056.72003	929.0345667247744]]]
529	[[[2056.56006	1056.72003	929.0203856471948]]]
530	[[[2057.16006	1056.72003	929.0043022010108]]]
531	[[[2057.1600599999997	1056.72003	928.9864399039232]]]
532	[[[2057.28005	1056.60004	928.9669293230138]]]
533	[[[2057.16006	1056.36005	928.9459083504046]]]
534	[[[2057.16006	1056.84006	928.9235224606758]]]
535	[[[2057.1600599999997	1056.84006	928.8999249147322]]]
536	[[[2057.1600599999997	1056.96007	928.8752768750503]]]
537	[[[2057.28008	1057.0800800000002	928.8497473986132]]]
538	[[[2056.8000700000002	1056.96009	928.8235132763311]]]
539	[[[2056.80007	1056.96009	928.7967586913098]]]
540	[[[2056.20007	1056.6000900000001	928.7696746729123]]]
541	[[[2056.08005	1056.96009	928.7424583290458]]]
542	[[[2055.96006	1056.84008	928.7153118453871]]]
543	[[[2055.96006	1056.72007	928.6884412471594]]]
544	[[[2056.0800799999997	1056.3600700000002	928.6620549264384]]]
545	[[[2056.08008	1056.24006	928.6363619455709]]]
546	[[[2055.8401000000003	1056.36005	928.6115701349445]]]
547	[[[2055.9600899999996	1056.2400400000001	928.5878840108005]]]
548	[[[2056.4401	1056.12003	928.565502545844]]]
549	[[[2056.56009	1055.7600200000002	928.5446168317865]]]
550	[[[2056.68009	1055.88003	928.5254076785264]]]
551	[[[2056.8001099999997	1055.5200300000001	928.5080431991395]]]
552	[[[2056.9201000000003	1055.64004	928.4926764331098]]]
553	[[[2057.04009	1055.76005	928.4794430621074]]]
554	[[[2057.16008	1055.76005	928.4684592729989]]]
555	[[[2057.16008	1055.8800600000002	928.4598198216148]]]
556	[[[2057.28007	1055.88006	928.4535963480545]]]
557	[[[2057.0400600000003	1056.12006	928.449835990042]]]
558	[[[2057.0400600000003	1056.3600600000002	928.4485603350893]]]
559	[[[2057.04006	1056.84006	928.4497647451656]]]
560	[[[2057.40007	1056.9600500000001	928.4534180793287]]]
561	[[[2057.64005	1056.9600500000001	928.4594628306124]]]
562	[[[2057.76005	1056.9600500000001	928.4678156836087]]]
563	[[[2057.64006	1057.08004	928.4783684889355]]]
564	[[[2057.76005	1057.08004	928.4909896404331]]]
565	[[[2058.00004	1057.2000300000002	928.5055258308178]]]
566	[[[2058.36003	1057.32004	928.5218041519371]]]
567	[[[2058.36003	1057.20005	928.5396344970364]]]
568	[[[2058.48002	1057.0800599999998	928.5588122148445]]]
569	[[[2058.6000200000003	1057.08006	928.5791209590556]]]
570	[[[2058.96001	1056.72007	928.6003356721633]]]
571	[[[2058.96001	1057.2000600000001	928.6222256397148]]]
572	[[[2058.84001	1057.3200499999998	928.6445575500405]]]
573	[[[2058.8400100000003	1057.6800500000002	928.667098495391]]]
574	[[[2058.84001	1057.9200400000002	928.6896188531767]]]
575	[[[2058.96001	1057.92004	928.7118949905678]]]
576	[[[2059.2000199999998	1058.28004	928.7337117419123]]]
577	[[[2059.6800200000002	1058.76003	928.754864616098]]]
578	[[[2059.92002	1058.88002	928.775161699821]]]
579	[[[2059.92002	1058.88002	928.7944252324781]]]
580	[[[2059.68002	1059.3600099999999	928.8124928387042]]]
581	[[[2059.80002	1059.0000100000002	928.8292184151071]]]
582	[[[2059.80002	1059.24002	928.844472678147]]]
583	[[[2060.0400099999997	1059.12003	928.8581433899948]]]
584	[[[2060.16001	1059.24004	928.8701352882839]]]
585	[[[2059.9200100000003	1059.4800500000001	928.8803697536063]]]
586	[[[2059.6800000000003	1059.36004	928.8887842551419]]]
587	[[[2059.68	1059.1200400000002	928.895331619751]]]
588	[[[2059.4399999999996	1059.24004	928.8999791730217]]]
589	[[[2059.56	1059.36004	928.9027078020797]]]
590	[[[2059.6800000000003	1059.4800500000001	928.9035109894008]]]
591	[[[2059.68	1059.8400500000002	928.9023938644605]]]
592	[[[2059.68	1059.9600400000002	928.8993723159326]]]
593	[[[2059.5600000000004	1060.08003	928.8944722014672]]]
594	[[[2059.6800000000003	1060.08003	928.8877286850686]]]
595	[[[2059.8	1060.08003	928.8791857240536]]]
596	[[[2059.68	1060.32003	928.8688957187711]]]
597	[[[2059.68	1060.56003	928.8569193290739]]]
598	[[[2059.8	1061.1600300000002	928.8433254523018]]]
599	[[[2059.5600000000004	1061.4000300000002	928.8281913485749]]]
600	[[[2059.68	1061.5200200000002	928.811602890906]]]
601	[[[2059.56	1061.88002	928.7936549102573]]]
602	[[[2059.5600000000004	1062.00003	928.7744515995325]]]
603	[[[2059.92002	1062.1200400000002	928.7541069357925]]]
604	[[[2059.68002	1062.2400300000002	928.7327450769068]]]
605	[[[2059.6800200000002	1062.36002	928.7105006875163]]]
606	[[[2060.04003	1062.72002	928.6875191496314]]]
607	[[[2060.16003	1062.84003	928.6639566154221]]]
608	[[[2060.16003	1062.84003	928.6399798636791]]]
609	[[[2060.40003	1063.08003	928.6157659269232]]]
610	[[[2060.40003	1063.2000400000002	928.5915014630073]]]
611	[[[2060.52003	1063.08004	928.5673818530515]]]
612	[[[2060.64003	1063.2000300000002	928.543610016427]]]
613	[[[2060.28001	1063.56003	928.5203949429091]]]
614	[[[2060.52001	1063.68004	928.4979499517842]]]
615	[[[2060.76003	1064.04004	928.4764906972454]]]
616	[[[2060.04004	1063.80005	928.4562329485594]]]
617	[[[2059.5600600000002	1063.92004	928.4373901819097]]]
618	[[[2059.68006	1064.04005	928.4201710282405]]]
619	[[[2059.68006	1064.28006	928.404776627608]]]
620	[[[2059.68006	1064.40005	928.3913979452758]]]
621	[[[2059.8000600000005	1064.16005	928.3802131079381]]]
622	[[[2059.80006	1064.2800499999998	928.3713848198882]]]
623	[[[2060.16008	1064.2800499999998	928.3650579186753]]]
624	[[[2060.04008	1064.40004	928.361357127762]]]
625	[[[2059.9200600000004	1064.28004	928.3603850600372]]]
626	[[[2060.5200600000003	1064.40003	928.3622205208276]]]
627	[[[2060.88004	1064.5200300000001	928.3669171524589]]]
628	[[[2060.88004	1064.28002	928.3745024546772]]]
629	[[[2061.00006	1064.04001	928.3849772065354]]]
630	[[[2061.1200799999997	1064.16001	928.398315305988]]]
631	[[[2061.2401	1064.40001	928.4144640336648]]]
632	[[[2061.2401	1064.40001	928.4333447373926]]]
633	[[[2061.12008	1064.16	928.4548539243091]]]
634	[[[2061.2400800000005	1064.1599999999999	928.4788647380776]]]
635	[[[2061.48009	1063.92	928.5052287900833]]]
636	[[[2061.48009	1063.68	928.5337783057208]]]
637	[[[2061.72011	1063.56	928.5643285402278]]]
638	[[[2061.48011	1063.56	928.5966804130694]]]
639	[[[2061.2400900000002	1063.56	928.6306233058101]]]
640	[[[2061.2400900000002	1063.44	928.6659379657509]]]
641	[[[2061.2400900000002	1063.2	928.7023994564046]]]
642	[[[2061.36009	1063.08	928.7397800961517]]]
643	[[[2061.36009	1063.2	928.7778523280534]]]
644	[[[2061.2400900000002	1063.3200000000002	928.8163914667846]]]
645	[[[2060.88008	1063.6799999999998	928.8551782728066]]]
646	[[[2060.64006	1064.04	928.8940013091438]]]
647	[[[2060.5200400000003	1064.16	928.932659042233]]]
648	[[[2060.8800600000004	1064.4000099999998	928.9709616551605]]]
649	[[[2060.8800600000004	1064.52001	929.0087325489534]]]
650	[[[2060.4000499999997	1064.88001	929.0458095152644]]]
651	[[[2060.28003	1065.12001	929.0820455716106]]]
652	[[[2060.28003	1065.12001	929.117309458065]]]
653	[[[2060.16003	1065.12001	929.1514858018263]]]
654	[[[2060.04003	1065.00001	929.1844749631924]]]
655	[[[2059.92003	1065.00001	929.2161925830462]]]
656	[[[2059.92003	1065.00001	929.2465688578452]]]
657	[[[2059.80003	1064.64001	929.275547573232]]]
658	[[[2059.44001	1064.52	929.303084931647]]]
659	[[[2059.3200100000004	1064.52	929.3291482126642]]]
660	[[[2059.44	1064.2800000000002	929.3537143071741]]]
661	[[[2059.2	1064.52001	929.3767681679552]]]
662	[[[2059.2	1064.88001	929.3983012196519]]]
663	[[[2059.44002	1065.00002	929.4183097706962]]]
664	[[[2059.6800200000002	1065.12002	929.4367934683454]]]
665	[[[2059.56003	1065.4800300000002	929.4537538357945]]]
666	[[[2059.5600299999996	1065.3600300000003	929.4691929273291]]]
667	[[[2059.5600299999996	1065.8400399999998	929.4831121338009]]]
668	[[[2059.6800300000004	1065.72004	929.4955111664005]]]
669	[[[2059.80003	1065.84005	929.5063872418792]]]
670	[[[2060.04003	1065.72005	929.5157344871292]]]
671	[[[2060.04003	1065.48004	929.5235435754669]]]
672	[[[2060.04003	1065.2400400000001	929.5298016011802]]]
673	[[[2059.80001	1065.00003	929.5344921930271]]]
674	[[[2059.80001	1065.00003	929.537595861495]]]
675	[[[2060.16	1064.52002	929.5390905688698]]]
676	[[[2060.28	1064.5200200000002	929.5389525056391]]]
677	[[[2060.28	1064.28001	929.5371570515592]]]
678	[[[2060.2799999999997	1064.52002	929.5336798949772]]]
679	[[[2060.2799999999997	1064.4000099999998	929.5284982797997]]]
680	[[[2060.04	1064.40001	929.5215923459555]]]
681	[[[2060.04	1064.4000099999998	929.5129465263932]]]
682	[[[2059.92	1064.1600199999998	929.5025509616653]]]
683	[[[2059.8	1064.16002	929.4904028920477]]]
684	[[[2059.56	1064.04002	929.4765079869828]]]
685	[[[2059.4399999999996	1064.16002	929.4608815724501]]]
686	[[[2059.2000000000003	1064.1600199999998	929.4435497186729]]]
687	[[[2058.7200000000003	1064.16002	929.4245501533587]]]
688	[[[2059.08001	1064.16002	929.403932969413]]]
689	[[[2058.84002	1064.40002	929.3817611006996]]]
690	[[[2059.08002	1064.4000199999998	929.358110544876]]]
691	[[[2059.2000199999998	1064.28003	929.3330703184641]]]
692	[[[2059.0800200000003	1064.40002	929.3067421360468]]]
693	[[[2059.32002	1064.52002	929.2792398125791]]]
694	[[[2059.32002	1064.52002	929.2506883951606]]]
695	[[[2059.32002	1064.52002	929.2212230379773]]]
696	[[[2059.56002	1064.5200200000002	929.1909876413159]]]
697	[[[2059.92002	1065.00003	929.1601332823666]]]
698	[[[2059.56001	1065.00003	929.1288164717101]]]
699	[[[2059.68	1064.64003	929.0971972748032]]]
700	[[[2059.68	1064.40003	929.0654373421446]]]
701	[[[2059.5600000000004	1064.5200200000002	929.0336978950614]]]
702	[[[2059.44001	1064.52002	929.0021377159658]]]
703	[[[2059.2000099999996	1064.52002	928.9709111924783]]]
704	[[[2059.44001	1064.5200200000002	928.9401664638635]]]
705	[[[2059.56001	1064.5200200000002	928.9100437158135]]]
706	[[[2059.3200100000004	1064.64002	928.8806736657509]]]
707	[[[2059.32001	1064.28001	928.8521762755842]]]
708	[[[2059.2000099999996	1064.16	928.8246597223822]]]
709	[[[2059.3200100000004	1064.16	928.798219649893]]]
710	[[[2059.56002	1064.64001	928.7729387154611]]]
711	[[[2059.3200399999996	1064.88002	928.7488864379224]]]
712	[[[2059.44003	1065.00002	928.7261193427742]]]
713	[[[2059.56003	1065.12003	928.7046813916373]]]
714	[[[2059.08005	1065.36004	928.6846046740417]]]
715	[[[2058.96005	1065.24004	928.6659103311964]]]
716	[[[2059.20005	1065.24004	928.6486096739602]]]
717	[[[2058.96007	1065.3600499999998	928.6327054509424]]]
718	[[[2059.0800700000004	1065.3600499999998	928.6181932178366]]]
719	[[[2058.84008	1065.36005	928.6050627558561]]]
720	[[[2058.48007	1065.2400400000001	928.5932994856869]]]
721	[[[2058.96005	1065.12003	928.5828858237679]]]
722	[[[2058.96005	1065.12003	928.5738024299714]]]
723	[[[2058.96005	1065.00002	928.5660292998393]]]
724	[[[2058.8400300000003	1064.88001	928.5595466603484]]]
725	[[[2058.96003	1065.0000100000002	928.5543356355035]]]
726	[[[2058.8400300000003	1065.12002	928.55037865672]]]
727	[[[2059.08001	1065.12002	928.5476596026165]]]
728	[[[2059.08001	1065.00002	928.5461636632023]]]
729	[[[2059.08001	1065.6000199999999	928.54587693414]]]
730	[[[2058.9600100000002	1065.84002	928.5467857574113]]]
731	[[[2058.72001	1066.0800199999999	928.5488758349362]]]
732	[[[2058.84001	1066.3200199999999	928.5521311511144]]]
733	[[[2058.84001	1066.44003	928.5565327485349]]]
734	[[[2059.3200100000004	1066.80004	928.5620574078794]]]
735	[[[2059.20001	1067.04004	928.5686762881169]]]
736	[[[2059.3200100000004	1067.16003	928.5763535861864]]]
737	[[[2059.32001	1067.64002	928.5850452763823]]]
738	[[[2059.20001	1068.12003	928.5946979885097]]]
739	[[[2059.32	1068.0000400000001	928.6052480805674]]]
740	[[[2059.4399999999996	1068.0000400000001	928.6166209563413]]]
741	[[[2059.56	1068.0000400000001	928.6287306709922]]]
742	[[[2059.5600000000004	1068.0000400000001	928.6414798587514]]]
743	[[[2059.5600000000004	1068.3600300000003	928.6547600064512]]]
744	[[[2059.56	1068.2400200000002	928.6684520852157]]]
745	[[[2059.80002	1068.12003	928.6824275405397]]]
746	[[[2059.92004	1068.0000400000001	928.6965496286663]]]
747	[[[2060.0400400000003	1067.76005	928.7106750750218]]]
748	[[[2060.04004	1067.88004	928.7246560189153]]]
749	[[[2060.0400400000003	1067.8800400000002	928.7383421981822]]]
750	[[[2060.0400400000003	1068.00005	928.7515833182875]]]
751	[[[2060.0400400000003	1068.12006	928.7642315429666]]]
752	[[[2059.8000500000003	1068.72006	928.7761440380125]]]
753	[[[2059.32005	1068.72006	928.7871854965346]]]
754	[[[2059.3200500000003	1068.60007	928.7972305730369]]]
755	[[[2059.08003	1068.60007	928.8061661550382]]]
756	[[[2058.84001	1068.9600599999999	928.8138934046432]]]
757	[[[2058.24001	1069.08005	928.82032950837]]]
758	[[[2058.48001	1068.72006	928.8254090814329]]]
759	[[[2058.36002	1068.84005	928.8290851823231]]]
760	[[[2058.24002	1069.08004	928.8313299045997]]]
761	[[[2057.88004	1069.20003	928.8321345249211]]]
762	[[[2058.1200300000005	1069.0800399999998	928.8315091991217]]]
763	[[[2058.48003	1069.08004	928.8294822111395]]]
764	[[[2058.4800299999997	1069.44003	928.8260987923979]]]
765	[[[2058.48003	1069.80002	928.8214195414309]]]
766	[[[2058.3600300000003	1069.8000200000001	928.8155184847153]]]
767	[[[2058.60005	1069.80002	928.8084808294936]]]
768	[[[2058.3600500000002	1070.16001	928.8004004675389]]]
769	[[[2058.3600500000002	1070.16001	928.7913772950778]]]
770	[[[2058.48005	1070.28002	928.7815144183076]]]
771	[[[2058.72003	1070.28002	928.7709153160088]]]
772	[[[2058.72003	1070.0400100000002	928.7596810306566]]]
773	[[[2058.8400300000003	1070.28002	928.7479074572373]]]
774	[[[2058.72003	1070.5200300000001	928.7356827948067]]]
775	[[[2058.48004	1070.64003	928.7230852199027]]]
776	[[[2058.48004	1071.00003	928.7101808334734]]]
777	[[[2058.7200199999997	1071.2400400000001	928.6970219243303]]]
778	[[[2058.60003	1071.48005	928.683645582608]]]
779	[[[2058.7200199999997	1071.72006	928.6700726866572]]]
780	[[[2058.60002	1071.48005	928.6563072765819]]]
781	[[[2058.3600400000005	1071.60005	928.6423363175991]]]
782	[[[2058.12005	1071.72005	928.6281298468742]]]
783	[[[2057.52005	1071.72005	928.6136414887557]]]
784	[[[2057.40006	1071.6000399999998	928.5988093156568]]]
785	[[[2057.52005	1071.84004	928.5835570253732]]]
786	[[[2057.40006	1071.7200500000001	928.5677954005436]]]
787	[[[2056.80006	1071.48004	928.5514240122972]]]
788	[[[2056.80006	1071.48004	928.5343331279034]]]
789	[[[2056.56008	1071.8400299999998	928.5164057813911]]]
790	[[[2056.80008	1072.2000300000002	928.4975199664972]]]
791	[[[2056.92007	1072.2000300000002	928.4775509128149]]]
792	[[[2057.04006	1072.2000300000002	928.4563734083935]]]
793	[[[2057.40007	1072.08002	928.4338641351042]]]
794	[[[2057.28008	1072.08002	928.4099039865517]]]
795	[[[2057.0400999999997	1071.96003	928.3843803419561]]]
796	[[[2057.16009	1071.60003	928.3571892729911]]]
797	[[[2057.5201100000004	1071.84004	928.3282376638638]]]
798	[[[2057.52011	1072.08004	928.2974452277145]]]
799	[[[2057.52011	1071.7200500000001	928.2647464046404]]]
800	[[[2057.04013	1071.72005	928.2300921281291]]]
801	[[[2056.92014	1071.9600500000001	928.1934514474655]]]
802	[[[2056.6801600000003	1072.08006	928.1548129937064]]]
803	[[[2056.68016	1072.08006	928.1141862762086]]]
804	[[[2056.80015	1072.32006	928.0716027955634]]]
805	[[[2056.92014	1072.20005	928.0271169572983]]]
806	[[[2056.9201399999997	1072.32004	927.9808067690616]]]
807	[[[2056.9201399999997	1072.32004	927.9327743024326]]]
808	[[[2056.80015	1072.32004	927.8831458992634]]]
809	[[[2056.92014	1072.32004	927.8320721017553]]]
810	[[[2057.04013	1072.32004	927.7797272855908]]]
811	[[[2057.04013	1072.20005	927.7263089765213]]]
812	[[[2057.0401300000003	1072.32004	927.6720368330695]]]
813	[[[2056.8001200000003	1072.44005	927.6171512815017]]]
814	[[[2056.6801299999997	1072.44005	927.5619117940647]]]
815	[[[2056.56014	1072.56006	927.5065948075944]]]
816	[[[2056.56014	1072.5600600000002	927.4514912869597]]]
817	[[[2056.5601400000005	1072.5600600000002	927.396903946213]]]
818	[[[2056.6801299999997	1072.6800500000002	927.3431441495777]]]
819	[[[2056.6801299999997	1072.68005	927.2905285242314]]]
820	[[[2056.8001200000003	1072.3200499999998	927.2393753269046]]]
821	[[[2056.8001200000003	1072.56005	927.1900006162416]]]
822	[[[2056.80012	1072.56005	927.1427142922646]]]
823	[[[2056.9201399999997	1072.80005	927.097816072727]]]
824	[[[2056.92014	1072.80005	927.0555914832545]]]
825	[[[2056.92014	1072.9200400000002	927.0163079435606]]]
826	[[[2056.80015	1073.28004	926.9802110353487]]]
827	[[[2056.80015	1073.5200399999999	926.9475210385059]]]
828	[[[2056.6801600000003	1073.28004	926.918429820654]]]
829	[[[2056.56017	1073.52004	926.8930981608879]]]
830	[[[2056.20017	1073.8800400000002	926.8716535816291]]]
831	[[[2056.20017	1073.88004	926.8541887529569]]]
832	[[[2056.20017	1074.00005	926.8407605217651]]]
833	[[[2056.0801500000002	1073.8800400000002	926.8313896038711]]]
834	[[[2055.96013	1073.8800400000002	926.826060961134]]]
835	[[[2056.08012	1073.88004	926.8247248681661]]]
836	[[[2055.9601300000004	1073.88004	926.8272986548675]]]
837	[[[2055.84011	1073.7600300000001	926.8336690923059]]]
838	[[[2056.08009	1073.8800400000002	926.8436953710404]]]
839	[[[2056.0800900000004	1073.76003	926.8572126034505]]]
840	[[[2056.20011	1073.76003	926.8740357655473]]]
841	[[[2056.20011	1073.7600300000001	926.8939639797536]]]
842	[[[2055.96009	1073.6400200000003	926.916785028692]]]
843	[[[2055.96009	1073.64002	926.9422799816224]]]
844	[[[2056.0801100000003	1073.88002	926.97022781014]]]
845	[[[2055.96012	1073.88002	927.0004098683578]]]
846	[[[2055.96012	1073.88002	927.0326141151802]]]
847	[[[2056.20013	1074.00003	927.0666389624345]]]
848	[[[2055.9601500000003	1073.88002	927.1022966424574]]]
849	[[[2055.8401300000005	1073.88002	927.139416001976]]]
850	[[[2055.84013	1074.12002	927.1778446454325]]]
851	[[[2055.84013	1074.24001	927.2174503697909]]]
852	[[[2055.9601300000004	1074.36002	927.2581218537616]]]
853	[[[2055.9601300000004	1074.60002	927.299768586676]]]
854	[[[2055.9601300000004	1074.48003	927.3423200451859]]]
855	[[[2055.84011	1074.60004	927.3857241488782]]]
856	[[[2055.9601000000002	1074.60004	927.4299450480081]]]
857	[[[2055.6000900000004	1074.4800300000002	927.4749603171779]]]
858	[[[2055.60009	1074.36004	927.5207576472274]]]
859	[[[2055.48009	1074.60004	927.5673311432818]]]
860	[[[2055.60008	1074.2400499999999	927.6146773492774]]]
861	[[[2055.60008	1074.00005	927.6627911279872]]]
862	[[[2055.7201	1074.00005	927.7116615302696]]]
863	[[[2055.96011	1073.6400600000002	927.7612677878515]]]
864	[[[2055.96011	1073.6400600000002	927.8115755603864]]]
865	[[[2055.84011	1073.5200499999999	927.862533559929]]]
866	[[[2055.6001000000006	1073.8800500000002	927.9140706646027]]]
867	[[[2055.84012	1074.00006	927.9660936184557]]]
868	[[[2055.84012	1074.24006	928.0184853968273]]]
869	[[[2056.0801400000005	1074.24006	928.0711042965137]]]
870	[[[2055.9601500000003	1074.60005	928.1237837883166]]]
871	[[[2055.96015	1074.72006	928.1763331468616]]]
872	[[[2055.48014	1074.84005	928.2285388496063]]]
873	[[[2055.1201300000002	1075.44005	928.2801667144424]]]
874	[[[2055.2401200000004	1075.68004	928.3309647239472]]]
875	[[[2055.48014	1075.80005	928.380666464772]]]
876	[[[2055.1201499999997	1075.6800500000002	928.4289950934774]]]
877	[[[2054.88013	1075.68005	928.4756677258172]]]
878	[[[2054.6401100000003	1076.04005	928.5204001354147]]]
879	[[[2054.40009	1076.28006	928.562911640244]]]
880	[[[2054.40009	1076.04006	928.6029300515038]]]
881	[[[2054.40009	1076.28005	928.6401965593171]]]
882	[[[2054.5200800000002	1076.04005	928.674470433205]]]
883	[[[2054.64008	1075.32004	928.7055334221765]]]
884	[[[2054.52009	1074.9600400000002	928.7331937493042]]]
885	[[[2054.52009	1074.8400299999998	928.7572896083755]]]
886	[[[2055.1200900000003	1074.36003	928.777692085182]]]
887	[[[2055.12009	1074.24002	928.794307442673]]]
888	[[[2055.2400900000002	1073.64002	928.807078727025]]]
889	[[[2055.48011	1073.04002	928.8159866700577]]]
890	[[[2055.2400900000002	1072.92003	928.8210498818113]]]
891	[[[2055.0000700000005	1072.56003	928.8223243449138]]]
892	[[[2055.2400700000003	1072.56003	928.8199022391411]]]
893	[[[2055.2400700000003	1072.68004	928.8139101398107]]]
894	[[[2055.1200500000004	1072.68004	928.8045066470231]]]
895	[[[2054.8800300000003	1072.56005	928.7918795139365]]]
896	[[[2054.76004	1072.32006	928.7762423510303]]]
897	[[[2054.76004	1072.20007	928.7578309895702]]]
898	[[[2054.76004	1072.20007	928.7368995911738]]]
899	[[[2054.76004	1072.32006	928.7137165915623]]]
900	[[[2054.4000600000004	1072.08005	928.6885605653724]]]
901	[[[2054.40006	1072.20006	928.6617160955371]]]
902	[[[2054.40006	1071.9600599999999	928.6334697254126]]]
903	[[[2054.28006	1071.7200500000001	928.6041060649079]]]
904	[[[2054.4000800000003	1071.36005	928.5739041136343]]]
905	[[[2054.0401	1071.1200400000002	928.5431338549294]]]
906	[[[2053.9200800000003	1071.0000300000002	928.5120531648563]]]
907	[[[2054.1601	1071.0000300000002	928.4809050703059]]]
908	[[[2054.2801200000004	1071.0000300000002	928.4499153804232]]]
909	[[[2053.9201000000003	1071.00003	928.4192907061022]]]
910	[[[2054.28008	1071.00003	928.3892168734337]]]
911	[[[2054.28008	1070.5200200000002	928.359857729001]]]
912	[[[2054.4001000000003	1070.2800300000001	928.331354327951]]]
913	[[[2054.6401200000005	1070.16004	928.3038244899219]]]
914	[[[2054.4001	1070.1600400000002	928.2773627032327]]]
915	[[[2054.64008	1070.04005	928.2520403542543]]]
916	[[[2054.4000800000003	1070.52006	928.2279062565169]]]
917	[[[2054.16006	1070.16006	928.2049874527982]]]
918	[[[2053.5600600000002	1069.68005	928.1832902630337]]]
919	[[[2053.80006	1069.2000600000001	928.1628015512684]]]
920	[[[2053.68006	1069.3200600000002	928.1434901858371]]]
921	[[[2053.5600600000002	1069.20007	928.1253086683475]]]
922	[[[2053.3200399999996	1069.20007	928.1081949086716]]]
923	[[[2053.08002	1069.20007	928.0920741248221]]]
924	[[[2052.72004	1069.0800800000002	928.0768608481825]]]
925	[[[2052.9600400000004	1068.96007	928.0624610158886]]]
926	[[[2053.08004	1068.48006	928.0487741331483]]]
927	[[[2053.08004	1068.36005	928.0356954888102]]]
928	[[[2053.56002	1068.4800600000003	928.0231184075552]]]
929	[[[2053.56002	1068.12005	928.0109365216051]]]
930	[[[2053.32004	1068.00005	927.9990460439072]]]
931	[[[2053.5600400000003	1067.88004	927.9873480233534]]]
932	[[[2054.0400400000003	1067.88004	927.9757505608586]]]
933	[[[2054.0400400000003	1067.6400400000002	927.9641709631339]]]
934	[[[2054.40002	1067.40004	927.9525378088913]]]
935	[[[2054.40002	1067.40004	927.9407929001479]]]
936	[[[2054.52002	1067.28005	927.9288930694174]]]
937	[[[2054.5200200000004	1067.1600600000002	927.9168118120467]]]
938	[[[2054.5200200000004	1066.92006	927.9045407119172]]]
939	[[[2054.40002	1067.04007	927.8920906283508]]]
940	[[[2054.88	1066.68008	927.8794926124292]]]
941	[[[2054.88	1066.20009	927.8667985222073]]]
942	[[[2054.4	1065.96009	927.8540813084907]]]
943	[[[2054.04002	1066.08008	927.8414349460561]]]
944	[[[2054.1600200000003	1065.9600699999999	927.8289739893968]]]
945	[[[2054.0400200000004	1065.7200699999999	927.8168327372435]]]
946	[[[2054.0400200000004	1065.7200699999999	927.805163996225]]]
947	[[[2054.04002	1065.48006	927.7941374409222]]]
948	[[[2053.92002	1065.2400499999999	927.7839375751798]]]
949	[[[2054.04002	1065.36004	927.7747613076499]]]
950	[[[2054.1600399999998	1065.12003	927.7668151629875]]]
951	[[[2054.28006	1065.00002	927.7603121587026]]]
952	[[[2054.28006	1064.88001	927.7554683861375]]]
953	[[[2054.64004	1064.52001	927.752499342193]]]
954	[[[2054.4000400000004	1064.76001	927.7516160659983]]]
955	[[[2054.40004	1064.64001	927.7530211415224]]]
956	[[[2054.1600399999998	1064.76	927.756904632899]]]
957	[[[2054.52005	1064.8799999999999	927.7634400238367]]]
958	[[[2054.64005	1064.8799999999999	927.7727802357]]]
959	[[[2054.52005	1064.40001	927.7850538005645]]]
960	[[[2055.00003	1064.76001	927.8003612656646]]]
961	[[[2054.64001	1064.88002	927.8187719040814]]]
962	[[[2054.64001	1064.52002	927.8403208032794]]]
963	[[[2054.64001	1064.4000300000002	927.8650063981753]]]
964	[[[2054.64001	1064.1600300000002	927.8927885088958]]]
965	[[[2054.64001	1063.92003	927.9235869353686]]]
966	[[[2054.64001	1063.32003	927.9572806515065]]]
967	[[[2054.4	1063.2000300000002	927.993707631209]]]
968	[[[2054.28	1063.08004	928.0326653269003]]]
969	[[[2054.16	1062.84004	928.0739118091091]]]
970	[[[2053.4399999999996	1062.12005	928.1171675629226]]]
971	[[[2053.5600000000004	1061.8800500000002	928.1621179243024]]]
972	[[[2053.20002	1062.0000599999998	928.2084161265027]]]
973	[[[2053.08002	1061.76006	928.2556869144848]]]
974	[[[2053.20002	1061.28007	928.3035306735392]]]
975	[[[2053.20002	1061.28007	928.3515280075928]]]
976	[[[2053.20002	1061.16008	928.3992446931255]]]
977	[[[2053.56002	1060.92008	928.4462369264909]]]
978	[[[2053.92003	1060.80007	928.4920567759142]]]
979	[[[2053.92003	1060.6800600000001	928.5362577446961]]]
980	[[[2053.80003	1060.6800600000001	928.5784003493005]]]
981	[[[2053.68003	1060.6800600000001	928.6180576151455]]]
982	[[[2053.92001	1060.32005	928.6548203940708]]]
983	[[[2054.0400099999997	1060.2000400000002	928.6883024106315]]]
984	[[[2053.92001	1060.08003	928.7181449495205]]]
985	[[[2054.0400099999997	1059.84003	928.7440211034378]]]
986	[[[2054.28001	1059.7200200000002	928.7656395094912]]]
987	[[[2053.80001	1059.60003	928.782747512538]]]
988	[[[2053.4399999999996	1059.48004	928.7951337055504]]]
989	[[[2053.68	1059.48004	928.8026298098605]]]
990	[[[2053.9199999999996	1059.12004	928.8051118717433]]]
991	[[[2054.04	1059.00003	928.8025007659131]]]
992	[[[2054.1600000000003	1059.00003	928.7947620108487]]]
993	[[[2054.28	1059.00003	928.7819049150772]]]
994	[[[2054.52	1059.00003	928.76398108732]]]
995	[[[2054.4	1059.36004	928.7410823564109]]]
996	[[[2054.4	1059.36004	928.7133381588328]]]
997	[[[2054.4	1059.36004	928.6809124622714]]]
998	[[[2054.52	1059.4800300000002	928.6440003025382]]]
999	[[[2054.52	1059.4800300000002	928.6028240182875]]]
1000	[[[2053.92	1059.7200200000002	928.5576292730069]]]
1001	[[[2053.68001	1059.96002	928.5086809566349]]]
1002	[[[2053.68001	1059.84002	928.4562590597794]]]
1003	[[[2053.68001	1059.60003	928.4006546118487]]]
1004	[[[2053.56001	1059.84003	928.3421657704897]]]
1005	[[[2053.56001	1059.4800200000002	928.2810941436461]]]
1006	[[[2053.56001	1059.36002	928.2177414174627]]]
1007	[[[2053.56001	1059.12001	928.1524063533521]]]
1008	[[[2053.4400100000003	1059.00002	928.0853822060769]]]
1009	[[[2053.4400100000003	1058.64002	928.0169546019866]]]
1010	[[[2054.04001	1058.52002	927.9473999029058]]]
1011	[[[2054.2799999999997	1058.40003	927.8769840669871]]]
1012	[[[2054.2799999999997	1058.64004	927.8059620034776]]]
1013	[[[2054.04	1058.76003	927.7345774042284]]]
1014	[[[2054.04	1058.5200300000001	927.6630630212625]]]
1015	[[[2054.1600000000003	1058.40003	927.5916413472154]]]
1016	[[[2054.1600000000003	1058.40003	927.5205256442853]]]
1017	[[[2054.2799999999997	1058.4000300000002	927.4499212578443]]]
1018	[[[2054.2799999999997	1058.16002	927.3800271432834]]]
1019	[[[2054.2799999999997	1058.64003	927.3110375292324]]]
1020	[[[2054.04	1058.76003	927.243143637171]]]
1021	[[[2054.1600000000003	1058.28002	927.1765353766725]]]
1022	[[[2053.80002	1058.40001	927.1114029371669]]]
1023	[[[2054.1600399999998	1058.64002	927.047938201052]]]
1024	[[[2054.1600399999998	1058.5200200000002	926.9863359091602]]]
1025	[[[2053.8000500000003	1058.52002	926.9267945177492]]]
1026	[[[2053.68005	1058.76003	926.8695166961319]]]
1027	[[[2053.32006	1059.12003	926.8147094254371]]]
1028	[[[2053.20006	1059.36004	926.7625836715048]]]
1029	[[[2053.0800600000002	1059.12003	926.713353618154]]]
1030	[[[2052.72006	1059.12003	926.6672354606433]]]
1031	[[[2052.3600699999997	1059.36003	926.6244457726737]]]
1032	[[[2052.72005	1059.12003	926.5851994733608]]]
1033	[[[2052.3600300000003	1058.88002	926.5497074328727]]]
1034	[[[2052.24003	1058.88002	926.5181737665241]]]
1035	[[[2052.48002	1058.88002	926.4907928767685]]]
1036	[[[2052.48002	1058.64001	926.4677463104596]]]
1037	[[[2052.72001	1058.16002	926.4491995047935]]]
1038	[[[2052.8400100000003	1057.80002	926.4352984993344]]]
1039	[[[2053.08003	1057.92002	926.4261666934372]]]
1040	[[[2053.5600299999996	1057.68003	926.4219017281719]]]
1041	[[[2053.80002	1057.8000299999999	926.4225725696149]]]
1042	[[[2053.80002	1057.56004	926.4282168661952]]]
1043	[[[2054.04002	1057.68004	926.4388386468632]]]
1044	[[[2054.1600200000003	1057.56005	926.454406419372]]]
1045	[[[2054.1600200000003	1057.4400600000001	926.4748517191987]]]
1046	[[[2054.04002	1056.9600599999999	926.5000681498502]]]
1047	[[[2054.04002	1057.20005	926.5299109447787]]]
1048	[[[2054.04002	1057.32004	926.5641970701927]]]
1049	[[[2053.8	1057.08005	926.6027058769529]]]
1050	[[[2053.6800000000003	1057.08005	926.6451802987983]]]
1051	[[[2053.44001	1056.84006	926.6913285835793]]]
1052	[[[2053.3200100000004	1056.7200500000001	926.740826534245]]]
1053	[[[2052.8400300000003	1056.36005	926.7933202272055]]]
1054	[[[2052.6000400000003	1056.36005	926.8484291675479]]]
1055	[[[2052.48004	1056.36005	926.9057498335312]]]
1056	[[[2052.48004	1056.6000500000002	926.964859556916]]]
1057	[[[2052.12006	1056.24005	927.0253206810308]]]
1058	[[[2051.88007	1056.00005	927.0866849350539]]]
1059	[[[2052.24008	1056.2400400000001	927.1484979607847]]]
1060	[[[2052.36008	1056.12003	927.2103039271093]]]
1061	[[[2052.7200700000003	1055.7600200000002	927.271650167424]]]
1062	[[[2052.6000799999997	1055.88003	927.3320917763097]]]
1063	[[[2052.96006	1055.88003	927.3911961037086]]]
1064	[[[2053.2000500000004	1055.7600200000002	927.448547087621]]]
1065	[[[2053.44005	1055.7600200000002	927.503749369808]]]
1066	[[[2053.44005	1055.7600200000002	927.5564321430609]]]
1067	[[[2054.04005	1056.00002	927.6062526831917]]]
1068	[[[2054.16004	1056.00002	927.6528995239205]]]
1069	[[[2053.56004	1055.64002	927.696095238193]]]
1070	[[[2053.56004	1055.88002	927.7355987951266]]]
1071	[[[2053.20005	1056.12002	927.7712074676385]]]
1072	[[[2053.2000500000004	1056.1200199999998	927.8027582718572]]]
1073	[[[2052.60005	1056.12002	927.8301289255672]]]
1074	[[[2052.4800499999997	1056.12002	927.8532383191657]]]
1075	[[[2052.3600500000002	1056.0000100000002	927.8720464988535]]]
1076	[[[2052.3600500000002	1056.00001	927.8865541680201]]]
1077	[[[2051.88004	1055.88002	927.8968017189269]]]
1078	[[[2052.00004	1055.5200200000002	927.9028678128127]]]
1079	[[[2052.00004	1055.5200200000002	927.9048675323833]]]
1080	[[[2051.88004	1055.16003	927.9029501361965]]]
1081	[[[2052.12003	1055.4000300000002	927.8972964496979]]]
1082	[[[2052.24002	1055.4000300000002	927.8881159324586]]]
1083	[[[2052.84002	1055.04003	927.8756434654999]]]
1084	[[[2052.72003	1055.40003	927.8601359063107]]]
1085	[[[2052.60003	1055.28004	927.8418684622587]]]
1086	[[[2052.48004	1055.28004	927.8211309354376]]]
1087	[[[2052.60003	1055.16003	927.7982238935567]]]
1088	[[[2052.24005	1055.76003	927.773454822187]]]
1089	[[[2052.48004	1055.76003	927.7471343135043]]]
1090	[[[2052.6000400000003	1055.88002	927.7195723455952]]]
1091	[[[2052.48004	1055.64002	927.6910747043996]]]
1092	[[[2052.7200399999997	1055.28001	927.6619395975009]]]
1093	[[[2052.4800499999997	1055.7600200000002	927.6324545052427]]]
1094	[[[2052.72004	1055.64002	927.6028933101428]]]
1095	[[[2052.72004	1055.7600100000002	927.5735137403548]]]
1096	[[[2052.7200399999997	1055.7600100000002	927.5445551570798]]]
1097	[[[2052.60005	1055.88002	927.5162367094948]]]
1098	[[[2052.8400300000003	1055.7600300000001	927.4887558740377]]]
1099	[[[2052.7200299999995	1055.7600300000001	927.4622873879146]]]
1100	[[[2052.84003	1055.5200300000001	927.4369825796181]]]
1101	[[[2052.3600300000003	1055.5200300000001	927.4129690921889]]]
1102	[[[2052.00004	1055.88004	927.3903509880763]]]
1103	[[[2051.8800499999998	1056.12003	927.3692092178671]]]
1104	[[[2051.76005	1056.0000400000001	927.3496024290065]]]
1105	[[[2051.52007	1056.2400400000001	927.3315680850159]]]
1106	[[[2051.4000800000003	1056.0000400000001	927.3151238607539]]]
1107	[[[2051.40008	1055.7600400000001	927.3002692750144]]]
1108	[[[2051.2800899999997	1055.5200399999999	927.2869875183267]]]
1109	[[[2051.28009	1055.40005	927.2752474312165]]]
1110	[[[2051.04009	1055.52006	927.2650055864937]]]
1111	[[[2051.4001	1055.4000700000001	927.2562084283165]]]
1112	[[[2051.4001	1055.28006	927.2487944208897]]]
1113	[[[2051.16008	1054.92006	927.2426961606376]]]
1114	[[[2051.04009	1054.8000500000003	927.2378424075453]]]
1115	[[[2051.4000699999997	1054.4400600000001	927.2341599940166]]]
1116	[[[2051.52006	1054.6800600000001	927.2315755730251]]]
1117	[[[2051.76005	1054.92006	927.2300171714394]]]
1118	[[[2051.40004	1055.16006	927.2294155191305]]]
1119	[[[2051.28005	1055.16006	927.2297051297224]]]
1120	[[[2051.40005	1055.16006	927.2308251145212]]]
1121	[[[2051.5200400000003	1055.28005	927.2327197171828]]]
1122	[[[2051.88003	1055.04005	927.2353385629074]]]
1123	[[[2052.36003	1054.9200600000001	927.2386366223185]]]
1124	[[[2052.36003	1054.92006	927.2425738965301]]]
1125	[[[2052.1200400000002	1055.40005	927.2471148361686]]]
1126	[[[2052.60005	1055.52006	927.2522275131307]]]
1127	[[[2052.24007	1055.64005	927.2578825695588]]]
1128	[[[2052.7200700000003	1055.4000500000002	927.2640519737519]]]
1129	[[[2052.9600600000003	1055.6400500000002	927.2707076174329]]]
1130	[[[2052.60008	1055.52004	927.2778197928413]]]
1131	[[[2052.60008	1055.40005	927.2853555914437]]]
1132	[[[2052.36008	1055.64005	927.2932772685623]]]
1133	[[[2052.4800800000003	1055.88005	927.3015406198696]]]
1134	[[[2052.3600899999997	1055.8800500000002	927.310093416414]]]
1135	[[[2052.4800800000003	1055.40006	927.3188739446229]]]
1136	[[[2052.12006	1055.4000600000002	927.3278096965362]]]
1137	[[[2052.3600400000005	1055.40006	927.3368162533891]]]
1138	[[[2052.36004	1055.52005	927.3457964025877]]]
1139	[[[2052.00006	1055.40004	927.3546395241677]]]
1140	[[[2052.2400399999997	1055.88004	927.3632212780594]]]
1141	[[[2052.0000600000003	1055.88004	927.3714036179679]]]
1142	[[[2051.88007	1055.88004	927.3790351515421]]]
1143	[[[2051.52009	1055.64004	927.3859518598363]]]
1144	[[[2051.64008	1055.6400400000002	927.3919781820093]]]
1145	[[[2051.64008	1056.00003	927.3969284638843]]]
1146	[[[2051.52009	1055.88002	927.4006087615471]]]
1147	[[[2051.4001	1055.64002	927.4028189837469]]]
1148	[[[2051.4001	1055.6400200000003	927.4033553495967]]]
1149	[[[2051.4001	1055.64002	927.4020131311339]]]
1150	[[[2051.1601199999996	1055.5200300000001	927.398589643774]]]
1151	[[[2051.5201	1055.88002	927.3928874417367]]]
1152	[[[2051.76009	1055.64002	927.3847176702387]]]
1153	[[[2051.88008	1055.5200100000002	927.3739035217164]]]
1154	[[[2051.7600899999998	1055.64002	927.3602837396653]]]
1155	[[[2051.88009	1055.64002	927.3437161109256]]]
1156	[[[2052.0000800000003	1055.88002	927.3240808854367]]]
1157	[[[2052.12007	1055.88002	927.3012840616815]]]
1158	[[[2051.88009	1056.24002	927.2752604762591]]]
1159	[[[2052.12007	1056.24002	927.2459766372555]]]
1160	[[[2052.48005	1055.88001	927.2134332433337]]]
1161	[[[2052.24006	1055.7600200000002	927.1776673336935]]]
1162	[[[2051.88008	1056.0000200000002	927.1387540182498]]]
1163	[[[2052.00007	1056.12003	927.0968077424719]]]
1164	[[[2052.00007	1056.36002	927.0519830472925]]]
1165	[[[2052.0000700000005	1055.7600200000002	927.0044747912301]]]
1166	[[[2052.00007	1055.4000300000002	926.9545178093429]]]
1167	[[[2051.88008	1055.28004	926.9023859917164]]]
1168	[[[2052.0000699999996	1054.92004	926.8483907728253]]]
1169	[[[2052.00007	1054.92004	926.7928790321691]]]
1170	[[[2052.00007	1054.80004	926.7362304159591]]]
1171	[[[2052.00007	1054.68003	926.6788540992118]]]
1172	[[[2052.24005	1054.56004	926.6211850172147]]]
1173	[[[2052.48005	1054.4400300000002	926.5636796048642]]]
1174	[[[2052.72003	1053.9600400000002	926.5068110916391]]]
1175	[[[2052.60003	1054.20005	926.451064408819]]]
1176	[[[2052.48004	1053.96004	926.3969307738016]]]
1177	[[[2052.48004	1053.96004	926.3449020238479]]]
1178	[[[2052.60003	1053.84005	926.2954647780914]]]
1179	[[[2052.48004	1053.8400500000002	926.2490945120414]]]
1180	[[[2052.24005	1054.08006	926.2062496328972]]]
1181	[[[2052.12006	1054.08006	926.1673656466382]]]
1182	[[[2052.1200599999997	1054.32006	926.132849508935]]]
1183	[[[2051.76007	1054.44007	926.1030742513096]]]
1184	[[[2051.52009	1054.56006	926.0783739716311]]]
1185	[[[2051.52009	1054.56006	926.059039273883]]]
1186	[[[2051.5200899999995	1054.80007	926.0453132362247]]]
1187	[[[2051.16008	1055.0400700000002	926.0373879787169]]]
1188	[[[2051.04009	1054.80006	926.0354018928026]]]
1189	[[[2050.9201000000003	1054.80006	926.0394375838684]]]
1190	[[[2051.04009	1054.92005	926.049520566146]]]
1191	[[[2051.28007	1054.80006	926.0656187360912]]]
1192	[[[2051.40007	1054.32005	926.0876426364641]]]
1193	[[[2051.4000699999997	1054.44004	926.1154465089381]]]
1194	[[[2051.52006	1054.32005	926.1488301185198]]]
1195	[[[2051.40007	1054.32005	926.1875413187078]]]
1196	[[[2051.6400599999997	1054.56005	926.2312793125211]]]
1197	[[[2052.0000699999996	1054.56005	926.2796985516121]]]
1198	[[[2052.12006	1054.9200500000002	926.332413204004]]]
1199	[[[2052.24005	1054.9200500000002	926.3890021108384]]]
1200	[[[2051.76005	1055.04006	926.4490141441627]]]
1201	[[[2051.76005	1055.28006	926.5119738714477]]]
1202	[[[2051.64005	1055.6400600000002	926.5773874283574]]]
1203	[[[2051.8800399999996	1055.88006	926.6447484994147]]]
1204	[[[2051.88004	1056.00005	926.713544306619]]]
1205	[[[2051.88004	1056.24005	926.7832615087949]]]
1206	[[[2051.76004	1056.1200400000002	926.8533919193148]]]
1207	[[[2051.7600399999997	1055.64003	926.9234379567494]]]
1208	[[[2051.28004	1055.64003	926.9929177516644]]]
1209	[[[2051.16005	1056.0000300000002	927.0613698429785]]]
1210	[[[2051.52006	1055.88002	927.1283574086565]]]
1211	[[[2051.4000699999997	1055.76001	927.1934719877174]]]
1212	[[[2051.52007	1055.76001	927.2563366631957]]]
1213	[[[2051.40007	1055.40002	927.3166086884212]]]
1214	[[[2051.52006	1055.4000200000003	927.3739815514318]]]
1215	[[[2051.64005	1055.40002	927.4281864841147]]]
1216	[[[2051.40007	1055.64002	927.478993433494]]]
1217	[[[2051.4000699999997	1055.88003	927.5262115221494]]]
1218	[[[2051.88007	1056.0000400000001	927.5696890328367]]]
1219	[[[2052.00006	1055.64004	927.6093129588262]]]
1220	[[[2052.12005	1055.76005	927.6450081661724]]]
1221	[[[2052.24004	1055.76005	927.6767362170267]]]
1222	[[[2052.12004	1055.76005	927.7044939042595]]]
1223	[[[2052.36004	1055.76005	927.7283115471439]]]
1224	[[[2052.3600399999996	1056.00005	927.7482510958156]]]
1225	[[[2052.36004	1056.12004	927.7644040888879]]]
1226	[[[2052.7200199999997	1056.1200400000002	927.776889504183]]]
1227	[[[2052.84001	1056.4800300000002	927.7858515373402]]]
1228	[[[2052.7200199999997	1056.48003	927.7914573373434]]]
1229	[[[2052.7200199999997	1057.0800299999999	927.7938947221089]]]
1230	[[[2052.60003	1057.20002	927.7933698914367]]]
1231	[[[2052.48004	1057.44002	927.7901051491857]]]
1232	[[[2052.48004	1057.68002	927.7843366416691]]]
1233	[[[2051.88004	1058.16001	927.7763121152378]]]
1234	[[[2052.00004	1058.40002	927.7662886929611]]]
1235	[[[2052.12004	1058.16002	927.7545306683281]]]
1236	[[[2052.00004	1058.1600199999998	927.7413073130501]]]
1237	[[[2052.12004	1058.28002	927.7268906963105]]]
1238	[[[2052.12004	1058.40001	927.7115535141511]]]
1239	[[[2052.24003	1058.16001	927.6955669299472]]]
1240	[[[2052.36002	1058.40002	927.6791984299922]]]
1241	[[[2052.60001	1058.64003	927.6627097018381]]]
1242	[[[2052.60001	1058.64003	927.6463545470331]]]
1243	[[[2052.96001	1058.76004	927.6303768439753]]]
1244	[[[2053.08001	1058.40004	927.615008580542]]]
1245	[[[2053.08001	1058.64004	927.6004679796773]]]
1246	[[[2053.08001	1058.64004	927.5869577440077]]]
1247	[[[2053.08001	1058.76005	927.5746634475993]]]
1248	[[[2053.32	1058.88005	927.563752103981]]]
1249	[[[2053.4399999999996	1058.7600499999999	927.5543709394358]]]
1250	[[[2053.5600000000004	1058.5200399999999	927.5466463991961]]]
1251	[[[2053.5600000000004	1058.28003	927.5406834115763]]]
1252	[[[2053.44001	1058.76004	927.5365649312413]]]
1253	[[[2053.32002	1058.64003	927.5343517778483]]]
1254	[[[2053.20002	1058.5200200000002	927.5340827803396]]]
1255	[[[2052.72002	1058.64002	927.5357752303844]]]
1256	[[[2052.60003	1058.5200300000001	927.5394256411216]]]
1257	[[[2052.36004	1058.76003	927.5450107996481]]]
1258	[[[2052.36004	1058.64003	927.5524890939563]]]
1259	[[[2052.3600400000005	1058.64003	927.5618020874987]]]
1260	[[[2052.2400399999997	1058.88004	927.572876307548]]]
1261	[[[2052.2400399999997	1059.0000400000001	927.585625207285]]]
1262	[[[2052.48003	1058.64003	927.5999512563578]]]
1263	[[[2052.6000200000003	1058.7600400000001	927.6157481106817]]]
1264	[[[2052.48002	1058.76004	927.6329028097168]]]
1265	[[[2052.96002	1058.88005	927.6512979484453]]]
1266	[[[2053.08001	1059.12004	927.6708137718591]]]
1267	[[[2053.68001	1058.88004	927.6913301419933]]]
1268	[[[2053.80001	1059.0000400000001	927.7127283313063]]]
1269	[[[2053.80001	1059.12004	927.7348926014708]]]
1270	[[[2053.56003	1059.36004	927.7577115331944]]]
1271	[[[2053.56003	1059.36004	927.7810790803782]]]
1272	[[[2053.56003	1059.60004	927.8048953304681]]]
1273	[[[2053.68003	1059.4800300000002	927.8290669620159]]]
1274	[[[2053.8000300000003	1060.08003	927.8535073999307]]]
1275	[[[2053.8000300000003	1060.08003	927.878136678379]]]
1276	[[[2053.80003	1060.2000400000002	927.9028810304646]]]
1277	[[[2053.4400200000005	1060.08003	927.9276722324072]]]
1278	[[[2053.20002	1060.08003	927.952446737648]]]
1279	[[[2053.32002	1060.08003	927.9771446429213]]]
1280	[[[2053.44001	1059.7200200000002	928.0017085336056]]]
1281	[[[2053.2000199999998	1059.60002	928.0260822594552]]]
1282	[[[2053.32002	1059.3600199999998	928.0502096940024]]]
1283	[[[2053.5600400000003	1059.72003	928.0740335314182]]]
1284	[[[2053.44004	1059.48003	928.09749417344]]]
1285	[[[2053.44004	1059.48003	928.1205287561363]]]
1286	[[[2053.68004	1059.36002	928.1430703618802]]]
1287	[[[2053.68004	1059.36002	928.1650474560709]]]
1288	[[[2053.92004	1059.36002	928.1863835810664]]]
1289	[[[2053.68004	1059.48003	928.2069973316671]]]
1290	[[[2053.92003	1059.60004	928.2268026275835]]]
1291	[[[2054.1600200000003	1059.84005	928.2457092888678]]]
1292	[[[2053.9200200000005	1059.84005	928.2636239106021]]]
1293	[[[2053.68	1059.36004	928.2804510234621]]]
1294	[[[2053.68	1059.36004	928.2960945174196]]]
1295	[[[2053.6800000000003	1059.36004	928.3104592970778]]]
1296	[[[2053.5600000000004	1059.48005	928.3234531291797]]]
1297	[[[2053.3200100000004	1059.36005	928.3349886359599]]]
1298	[[[2053.3200100000004	1059.36005	928.344985382375]]]
1299	[[[2053.56001	1059.24004	928.3533720010437]]]
1300	[[[2053.32002	1059.48004	928.3600882960678]]]
1301	[[[2053.44002	1059.60003	928.3650872658505]]]
1302	[[[2053.68002	1059.60003	928.3683369856532]]]
1303	[[[2053.6800200000002	1059.72003	928.3698222928833]]]
1304	[[[2053.6800200000002	1060.08004	928.3695462219791]]]
1305	[[[2053.92004	1060.20003	928.3675311411049]]]
1306	[[[2054.40004	1060.3200199999999	928.3638195496058]]]
1307	[[[2054.64003	1060.56003	928.3584745031001]]]
1308	[[[2054.64003	1060.56003	928.3515796419877]]]
1309	[[[2054.52003	1060.56003	928.3432388088435]]]
1310	[[[2055.00004	1060.2000200000002	928.3335752503384]]]
1311	[[[2055.00004	1059.96002	928.3227304097616]]]
1312	[[[2055.12006	1060.0800299999999	928.310862326601]]]
1313	[[[2055.48007	1060.56003	928.2981436697307]]]
1314	[[[2055.7200700000003	1060.32003	928.2847594402465]]]
1315	[[[2055.48005	1060.2000400000002	928.2709043886591]]]
1316	[[[2055.12005	1060.08005	928.2567801987561]]]
1317	[[[2055.3600699999997	1060.08005	928.2425924967436]]]
1318	[[[2055.0000800000003	1060.2000600000001	928.2285477491481]]]
1319	[[[2055.12008	1060.68006	928.2148501162134]]]
1320	[[[2055.0000600000003	1060.8000699999998	928.2016983290989]]]
1321	[[[2055.2400700000003	1060.56008	928.1892826590117]]]
1322	[[[2055.12005	1060.56008	928.1777820444884]]]
1323	[[[2055.00006	1060.44009	928.1673614394161]]]
1324	[[[2055.00006	1060.56008	928.1581694391591]]]
1325	[[[2055.24008	1060.44007	928.150336235439]]]
1326	[[[2055.48009	1060.32006	928.1439719426262]]]
1327	[[[2055.60008	1060.20005	928.1391653290073]]]
1328	[[[2056.2000799999996	1060.08004	928.1359829766741]]]
1329	[[[2056.2000799999996	1059.60004	928.134468883198]]]
1330	[[[2056.3201	1059.4800300000002	928.1346445074757]]]
1331	[[[2056.20011	1059.96002	928.1365092513895]]]
1332	[[[2056.44012	1060.0800100000001	928.1400413584628]]]
1333	[[[2056.56011	1059.96	928.1451992008455]]]
1334	[[[2056.80012	1059.96	928.1519229169456]]]
1335	[[[2056.92011	1060.0800100000001	928.1601363541158]]]
1336	[[[2056.6801	1060.56001	928.1697492641891]]]
1337	[[[2056.56011	1060.8000100000002	928.1806596945077]]]
1338	[[[2056.44012	1060.92002	928.1927565135263]]]
1339	[[[2056.6801299999997	1061.0400300000001	928.2059220081713]]]
1340	[[[2056.56011	1061.1600400000002	928.2200344899235]]]
1341	[[[2056.4400899999996	1061.04005	928.2349708480358]]]
1342	[[[2056.2000799999996	1060.9200600000001	928.2506089913379]]]
1343	[[[2055.84007	1061.16006	928.26683012457]]]
1344	[[[2055.60006	1061.04007	928.2835208110089]]]
1345	[[[2055.24005	1061.40006	928.3005747800674]]]
1346	[[[2055.12005	1061.04007	928.3178944463482]]]
1347	[[[2055.2400399999997	1061.04007	928.3353921150963]]]
1348	[[[2055.3600300000003	1061.40006	928.3529908578255]]]
1349	[[[2055.1200200000003	1061.5200499999999	928.3706250508488]]]
1350	[[[2055.24004	1061.76005	928.3882405782757]]]
1351	[[[2055.36006	1061.88004	928.4057947094838]]]
1352	[[[2055.60007	1062.36003	928.4232556689219]]]
1353	[[[2055.72007	1062.2400400000001	928.4406019231456]]]
1354	[[[2055.60007	1062.36003	928.4578212160801]]]
1355	[[[2055.84009	1062.12003	928.4749093884924]]]
1356	[[[2056.2001	1062.4800200000002	928.4918690214818]]]
1357	[[[2056.2001	1062.60003	928.5087079463805]]]
1358	[[[2056.08011	1062.60003	928.5254376648194]]]
1359	[[[2056.20013	1062.7200400000002	928.5420717228726]]]
1360	[[[2056.32012	1062.7200400000002	928.5586240822182]]]
1361	[[[2056.44011	1062.84005	928.5751075292437]]]
1362	[[[2056.3201200000003	1062.7200500000001	928.5915321601171]]]
1363	[[[2056.44014	1062.9600400000002	928.6079039761662]]]
1364	[[[2056.56014	1063.2000400000002	928.6242236196398]]]
1365	[[[2056.6801299999997	1063.5600399999998	928.6404852752288]]]
1366	[[[2056.6801299999997	1063.68004	928.6566757577533]]]
1367	[[[2056.68013	1063.68004	928.6727738013775]]]
1368	[[[2056.6801299999997	1063.6800400000002	928.6887495607003]]]
1369	[[[2056.6801299999997	1063.8000299999999	928.7045643292598]]]
1370	[[[2056.44012	1064.04002	928.7201704764793]]]
1371	[[[2056.32013	1063.92001	928.7355115999686]]]
1372	[[[2056.32013	1063.92001	928.7505228864304]]]
1373	[[[2056.20011	1064.28002	928.7651316712706]]]
1374	[[[2056.08011	1064.64002	928.7792581843503]]]
1375	[[[2056.08011	1064.52002	928.7928164671632]]]
1376	[[[2056.08011	1064.64003	928.8057154450377]]]
1377	[[[2055.96012	1065.00003	928.8178601366708]]]
1378	[[[2055.96012	1065.12003	928.8291529823751]]]
1379	[[[2055.8401000000003	1065.2400300000002	928.8394952717623]]]
1380	[[[2055.8401000000003	1065.36004	928.8487886511151]]]
1381	[[[2055.96009	1065.9600400000002	928.8569366903778]]]
1382	[[[2056.0800799999997	1066.08004	928.8638464893882]]]
1383	[[[2056.32009	1065.72003	928.8694303027074]]]
1384	[[[2056.56011	1065.60004	928.8736071620467]]]
1385	[[[2056.44012	1065.8400500000002	928.8763044749037]]]
1386	[[[2056.32013	1065.8400500000002	928.8774595775183]]]
1387	[[[2056.44012	1065.8400500000002	928.877021219726]]]
1388	[[[2056.0801	1066.08005	928.8749509587067]]]
1389	[[[2056.20012	1066.32005	928.8712244380858]]]
1390	[[[2056.20012	1066.4400400000002	928.8658325284008]]]
1391	[[[2056.32011	1066.3200499999998	928.858782304684]]]
1392	[[[2056.32011	1066.56005	928.8500978369384]]]
1393	[[[2056.20012	1066.80005	928.8398207696625]]]
1394	[[[2056.0801	1067.28004	928.8280106674711]]]
1395	[[[2056.32008	1067.04003	928.8147451052635]]]
1396	[[[2056.44007	1067.16002	928.8001194834903]]]
1397	[[[2056.32008	1067.28001	928.7842465518272]]]
1398	[[[2056.6801	1067.28001	928.7672556280946]]]
1399	[[[2056.6801	1067.28001	928.7492915035427]]]
1400	[[[2057.0401	1067.04001	928.7305130306262]]]
1401	[[[2056.4401	1067.2800100000002	928.7110913951177]]]
1402	[[[2056.4401	1067.40002	928.6912080807357]]]
1403	[[[2056.56009	1067.64002	928.6710525412913]]]
1404	[[[2056.8001	1067.5200200000002	928.6508196025668]]]
1405	[[[2056.5601199999996	1068.3600300000003	928.6307066235374]]]
1406	[[[2056.6801100000002	1068.48004	928.6109104539622]]]
1407	[[[2056.6801100000002	1068.72004	928.5916242325802]]]
1408	[[[2056.92009	1068.9600400000002	928.5730340769617]]]
1409	[[[2056.9200899999996	1069.08005	928.5553157222112]]]
1410	[[[2056.6801100000002	1069.4400600000001	928.5386311710408]]]
1411	[[[2057.16012	1069.44006	928.5231254219509]]]
1412	[[[2057.52011	1069.56005	928.5089233452309]]]
1413	[[[2057.40012	1069.56005	928.4961267780276]]]
1414	[[[2057.5201100000004	1069.44006	928.4848119096753]]]
1415	[[[2057.5201100000004	1069.44006	928.4750270267708]]]
1416	[[[2057.40012	1069.4400600000001	928.4667906840068]]]
1417	[[[2057.52011	1069.4400600000001	928.4600903615576]]]
1418	[[[2057.28013	1069.32007	928.4548816628597]]]
1419	[[[2057.28013	1069.20006	928.4510880980349]]]
1420	[[[2057.28013	1069.2000600000001	928.4486014880704]]]
1421	[[[2057.16014	1069.2000600000001	928.447283013408]]]
1422	[[[2056.80015	1069.08007	928.4469649179773]]]
1423	[[[2056.80015	1068.96008	928.4474528662195]]]
1424	[[[2056.68016	1068.8400700000002	928.4485289365708]]]
1425	[[[2056.68016	1068.8400700000002	928.4499552205076]]]
1426	[[[2056.56017	1068.84007	928.451477981955]]]
1427	[[[2056.4401800000005	1068.72008	928.4528323179469]]]
1428	[[[2056.5601699999997	1068.60007	928.4537472482673]]]
1429	[[[2056.80015	1068.72008	928.453951149713]]]
1430	[[[2057.0401300000003	1068.24007	928.4531774399547]]]
1431	[[[2057.28011	1068.12006	928.4511704069904]]]
1432	[[[2057.4001	1068.1200600000002	928.4476910732008]]]
1433	[[[2057.76008	1068.00005	928.4425229782142]]]
1434	[[[2057.40007	1068.12006	928.4354777623732]]]
1435	[[[2057.6400500000004	1067.76006	928.4264004326911]]]
1436	[[[2057.76004	1067.76006	928.415174195864]]]
1437	[[[2057.88003	1067.6400500000002	928.4017247481725]]]
1438	[[[2058.12002	1067.6400500000002	928.3860239199303]]]
1439	[[[2058.1200200000003	1067.5200399999999	928.3680925823919]]]
1440	[[[2058.24002	1068.00005	928.3480027375535]]]
1441	[[[2058.12003	1068.00005	928.3258787258513]]]
1442	[[[2058.00004	1067.88004	928.3018975030802]]]
1443	[[[2057.40004	1067.88004	928.276287955614]]]
1444	[[[2057.76005	1067.7600300000001	928.2493292418296]]]
1445	[[[2057.88005	1067.6400200000003	928.2213481671108]]]
1446	[[[2058.12004	1067.52001	928.1927156195206]]]
1447	[[[2058.24003	1067.64002	928.1638421127448]]]
1448	[[[2058.12003	1067.7600300000001	928.135172501751]]]
1449	[[[2058.24003	1067.8800400000002	928.1071799543992]]]
1450	[[[2058.12003	1067.5200300000001	928.0803592784775]]]
1451	[[[2058.48002	1067.2800300000001	928.0552197180298]]]
1452	[[[2058.72001	1067.0400300000001	928.0322773449377]]]
1453	[[[2059.2000099999996	1067.0400300000001	928.0120471813003]]]
1454	[[[2059.44	1067.28003	927.995035194905]]]
1455	[[[2059.32	1067.40004	927.9817303138661]]]
1456	[[[2059.08001	1067.40004	927.972596607181]]]
1457	[[[2058.96002	1067.40004	927.9680657754736]]]
1458	[[[2058.96002	1067.40004	927.9685300906298]]]
1459	[[[2058.96002	1067.40004	927.9743359144286]]]
1460	[[[2058.96002	1067.88004	927.9857779148782]]]
1461	[[[2058.7200199999997	1068.2400499999999	928.0030940849908]]]
1462	[[[2058.7200199999997	1068.7200500000001	928.0264616525104]]]
1463	[[[2058.84002	1068.84006	928.0559939510131]]]
1464	[[[2058.9600199999995	1068.84006	928.0917383032426]]]
1465	[[[2058.96002	1068.9600500000001	928.1336749470123]]]
1466	[[[2059.20001	1069.20005	928.1817170129405]]]
1467	[[[2059.4399999999996	1069.32004	928.2357115422325]]]
1468	[[[2059.56	1069.56003	928.2954415121433]]]
1469	[[[2059.6800000000003	1069.68002	928.3606288171428]]]
1470	[[[2059.9200000000005	1069.68002	928.4309381356437]]]
1471	[[[2059.80001	1069.8000100000002	928.5059815958055]]]
1472	[[[2059.44003	1069.92001	928.5853241398303]]]
1473	[[[2059.32003	1070.16	928.6684894745731]]]
1474	[[[2059.08003	1070.2800000000002	928.7549664874756]]]
1475	[[[2059.32003	1070.28	928.8442160009512]]]
1476	[[[2059.44003	1070.52001	928.9356777354918]]]
1477	[[[2059.44003	1070.76002	929.028777351941]]]
1478	[[[2059.32003	1070.7600200000002	929.1229334465166]]]
1479	[[[2059.32003	1070.76002	929.2175643781136]]]
1480	[[[2059.20003	1071.00003	929.312094815957]]]
1481	[[[2059.56002	1071.24004	929.4059619065176]]]
1482	[[[2059.68001	1071.60005	929.498620971405]]]
1483	[[[2059.9200100000003	1071.72006	929.5895506623374]]]
1484	[[[2060.0400099999997	1071.84007	929.6782575148048]]]
1485	[[[2060.0400099999997	1072.0800800000002	929.7642798582805]]]
1486	[[[2059.92001	1071.96007	929.847191057315]]]
1487	[[[2059.80001	1071.84006	929.9266020741419]]]
1488	[[[2060.16003	1071.60007	930.0021633590817]]]
1489	[[[2060.16003	1071.48008	930.0735660896655]]]
1490	[[[2060.0400299999997	1071.48008	930.1405427926624]]]
1491	[[[2060.0400299999997	1071.3600700000002	930.2028673947356]]]
1492	[[[2060.28002	1071.2400599999999	930.2603547570828]]]
1493	[[[2060.40004	1071.00005	930.3128597568918]]]
1494	[[[2060.16005	1071.00005	930.360275983686]]]
1495	[[[2060.04005	1071.00005	930.4025341215932]]]
1496	[[[2060.2800700000003	1070.88005	930.4396000892564]]]
1497	[[[2060.40007	1071.12005	930.4714730076178]]]
1498	[[[2060.16005	1071.48005	930.498183062325]]]
1499	[[[2060.04005	1071.84005	930.5197893221966]]]
1500	[[[2060.2800500000003	1071.84005	930.5363775683497]]]
1501	[[[2059.9200600000004	1071.9600599999999	930.5480581805143]]]
1502	[[[2059.68007	1072.2000600000001	930.5549641180629]]]
1503	[[[2059.56005	1072.56006	930.5572490237244]]]
1504	[[[2059.68004	1072.68005	930.5550854681784]]]
1505	[[[2059.5600400000003	1072.80004	930.5486633440744]]]
1506	[[[2059.2000199999998	1073.1600400000002	930.5381884088347]]]
1507	[[[2059.2000199999998	1073.1600400000002	930.5238809671619]]]
1508	[[[2059.32002	1073.2800300000001	930.5059746767595]]]
1509	[[[2059.20002	1073.4000200000003	930.4847154546026]]]
1510	[[[2058.96002	1073.6400200000003	930.4603604563275]]]
1511	[[[2059.0800099999997	1073.7600100000002	930.43317709807]]]
1512	[[[2058.96002	1073.64002	930.4034420884138]]]
1513	[[[2058.60003	1074.00002	930.3714404380389]]]
1514	[[[2058.60003	1074.0000200000002	930.3374644160904]]]
1515	[[[2058.48004	1073.8800299999998	930.3018124251506]]]
1516	[[[2058.72004	1074.12003	930.2647877708163]]]
1517	[[[2058.84004	1074.2400400000001	930.2266973070642]]]
1518	[[[2058.72004	1074.2400400000001	930.1878499446141]]]
1519	[[[2058.84004	1074.2400400000001	930.1485550161103]]]
1520	[[[2058.96004	1074.2400400000001	930.10912049888]]]
1521	[[[2058.9600400000004	1074.36005	930.0698511030268]]]
1522	[[[2059.2000199999998	1074.2400400000001	930.0310462394198]]]
1523	[[[2059.56001	1073.8800400000002	929.9929978884845]]]
1524	[[[2059.44002	1073.8800400000002	929.9559883963966]]]
1525	[[[2060.0400199999995	1074.2400300000002	929.9202882301119]]]
1526	[[[2059.92002	1074.1200400000002	929.8861537264962]]]
1527	[[[2059.8000199999997	1074.1200400000002	929.8538248735306]]]
1528	[[[2059.92002	1073.8800400000002	929.8235231630986]]]
1529	[[[2059.8000199999997	1074.36005	929.7954495551982]]]
1530	[[[2059.80002	1074.2400400000001	929.7697825925685]]]
1531	[[[2059.56004	1074.2400400000001	929.7466767027638]]]
1532	[[[2059.68004	1074.36005	929.726260721732]]]
1533	[[[2059.68004	1074.60005	929.7086366691121]]]
1534	[[[2059.92003	1074.60005	929.6938788008804]]]
1535	[[[2059.56002	1074.48006	929.6820329598777]]]
1536	[[[2059.56002	1074.36005	929.6731162392513]]]
1537	[[[2059.56002	1074.12005	929.6671169682037]]]
1538	[[[2059.08004	1074.48006	929.6639950237783]]]
1539	[[[2059.4400600000004	1073.64005	929.6636824669222]]]
1540	[[[2059.44006	1073.64005	929.6660844958848]]]
1541	[[[2060.0400600000003	1073.4000500000002	929.6710807052541]]]
1542	[[[2060.0400600000003	1073.28004	929.6785266346957]]]
1543	[[[2059.56008	1072.9200500000002	929.6882555877895]]]
1544	[[[2059.56008	1072.80006	929.7000806983102]]]
1545	[[[2059.56008	1072.5600600000002	929.7137972188224]]]
1546	[[[2059.8001	1072.08007	929.7291850045809]]]
1547	[[[2059.6801000000005	1071.9600599999999	929.7460111643502]]]
1548	[[[2060.04008	1071.84005	929.7640328488221]]]
1549	[[[2059.6800599999997	1071.9600500000001	929.7830001467491]]]
1550	[[[2059.68006	1071.36005	929.8026590586007]]]
1551	[[[2059.4400400000004	1071.36005	929.8227545174411]]]
1552	[[[2059.5600400000003	1071.00005	929.8430334266992]]]
1553	[[[2060.04002	1071.00005	929.8632476845154]]]
1554	[[[2059.92002	1070.76004	929.8831571643401]]]
1555	[[[2059.80002	1070.5200300000001	929.902532621405]]]
1556	[[[2059.44	1070.64002	929.9211584945791]]]
1557	[[[2059.68	1070.52002	929.9388355729892]]]
1558	[[[2059.68	1070.16002	929.9553834966779]]]
1559	[[[2059.8	1070.04002	929.9706430605413]]]
1560	[[[2059.9199999999996	1070.2800199999997	929.9844782909644]]]
1561	[[[2059.92	1070.0400100000002	929.9967782650114]]]
1562	[[[2059.8	1070.04001	930.007458642878]]]
1563	[[[2059.56	1070.1599999999999	930.0164628856779]]]
1564	[[[2059.6800000000003	1070.16	930.023763132602]]]
1565	[[[2059.92	1070.28	930.0293607141815]]]
1566	[[[2060.1600000000003	1070.52001	930.0332862818448]]]
1567	[[[2059.6800200000002	1070.64001	930.0355995382437]]]
1568	[[[2059.80002	1070.88002	930.0363885579321]]]
1569	[[[2059.8000199999997	1070.88002	930.0357686938918]]]
1570	[[[2059.32004	1071.24002	930.0338810720344]]]
1571	[[[2059.32004	1071.24002	930.0308906830629]]]
1572	[[[2059.32004	1071.24002	930.0269840887956]]]
1573	[[[2059.8000500000003	1071.48002	930.0223667680644]]]
1574	[[[2059.80005	1071.48002	930.0172601353618]]]
1575	[[[2059.56005	1071.24003	930.0118982733118]]]
1576	[[[2059.44005	1071.1200199999998	930.0065244275198]]]
1577	[[[2059.44005	1071.1200199999998	930.0013873191241]]]
1578	[[[2059.0800600000002	1071.00001	929.9967373362372]]]
1579	[[[2059.3200800000004	1070.64002	929.9928226701215]]]
1580	[[[2059.8000600000005	1070.28002	929.9898854652238]]]
1581	[[[2059.92006	1070.40002	929.9881580539043]]]
1582	[[[2060.16008	1070.40002	929.9878593467026]]]
1583	[[[2059.8000700000002	1069.68003	929.9891914472066]]]
1584	[[[2060.04009	1069.5600399999998	929.9923365570128]]]
1585	[[[2060.1600900000003	1069.68003	929.9974542309146]]]
1586	[[[2060.40011	1069.44004	930.0046790354112]]]
1587	[[[2061.00011	1068.9600500000001	930.0141186550918]]]
1588	[[[2061.3601000000003	1068.72006	930.0258524815732]]]
1589	[[[2061.24008	1069.08005	930.0399307087382]]]
1590	[[[2060.88009	1069.20005	930.0563739463599]]]
1591	[[[2060.88009	1069.20005	930.075173352068]]]
1592	[[[2060.88009	1069.08006	930.0962912694486]]]
1593	[[[2061.0000900000005	1069.20005	930.1196623481532]]]
1594	[[[2060.64007	1069.5600499999998	930.1451951106285]]]
1595	[[[2060.8800899999997	1069.4400600000001	930.1727739197762]]]
1596	[[[2060.6400700000004	1069.56005	930.2022612928279]]]
1597	[[[2060.52005	1069.92004	930.2335004992334]]]
1598	[[[2060.04007	1069.80003	930.2663183746411]]]
1599	[[[2060.1600900000003	1069.92003	930.3005282792446]]]
1600	[[[2060.52008	1069.68004	930.3359331269885]]]
1601	[[[2060.40008	1069.80005	930.3723284123959]]]
1602	[[[2060.16006	1069.92004	930.4095051640834]]]
1603	[[[2060.16006	1069.8000500000003	930.4472527582418]]]
1604	[[[2060.4000600000004	1069.4400500000002	930.4853615313735]]]
1605	[[[2060.16004	1069.44005	930.523625139128]]]
1606	[[[2060.04004	1069.32006	930.5618426169556]]]
1607	[[[2059.92004	1069.56007	930.5998201081973]]]
1608	[[[2060.28002	1069.68008	930.6373722358194]]]
1609	[[[2060.04	1069.44009	930.674323104982]]]
1610	[[[2059.8	1069.44009	930.7105069346387]]]
1611	[[[2059.92	1069.20008	930.7457683270953]]]
1612	[[[2060.04	1068.9600800000003	930.7799621945948]]]
1613	[[[2059.8	1068.72008	930.8129533712629]]]
1614	[[[2059.8	1068.84007	930.8446159469055]]]
1615	[[[2059.92	1068.48006	930.8748323659978]]]
1616	[[[2060.04	1068.48006	930.9034923405976]]]
1617	[[[2060.16	1067.88006	930.9304916297297]]]
1618	[[[2060.2799999999997	1068.00005	930.9557307400106]]]
1619	[[[2060.4	1068.12004	930.9791136028834]]]
1620	[[[2060.6400000000003	1068.00003	931.0005462828694]]]
1621	[[[2060.4	1067.7600300000001	931.0199357688155]]]
1622	[[[2060.28	1067.88004	931.0371888963388]]]
1623	[[[2060.4	1067.88004	931.0522114447149]]]
1624	[[[2060.16	1067.88004	931.0649074455043]]]
1625	[[[2060.16	1068.12004	931.0751787334539]]]
1626	[[[2060.16	1068.0000300000002	931.0829247628778]]]
1627	[[[2059.6800200000002	1068.12002	931.0880427050095]]]
1628	[[[2059.56002	1067.76003	931.0904278339282]]]
1629	[[[2059.20003	1067.76003	931.0899742008218]]]
1630	[[[2059.08003	1067.64004	931.0865755887005]]]
1631	[[[2059.2000300000004	1067.52005	931.0801267324092]]]
1632	[[[2059.08003	1067.2800499999998	931.0705247820409]]]
1633	[[[2059.20003	1067.2800499999998	931.0576709817282]]]
1634	[[[2059.20003	1067.28005	931.0414725304008]]]
1635	[[[2059.08003	1067.28005	931.0218445865128]]]
1636	[[[2059.08003	1067.16006	930.9987123749937]]]
1637	[[[2059.44001	1067.04007	930.9720133518231]]]
1638	[[[2059.3200100000004	1067.04007	930.9416993796655]]]
1639	[[[2059.9200100000003	1067.04007	930.9077388669282]]]
1640	[[[2060.0400099999997	1067.04007	930.8701188224165]]]
1641	[[[2060.0400099999997	1067.04007	930.8288467784281]]]
1642	[[[2060.28001	1067.04007	930.7839525366275]]]
1643	[[[2059.68001	1067.28007	930.7354896933342]]]
1644	[[[2059.80001	1066.9200799999999	930.6835369038961]]]
1645	[[[2059.68001	1066.80009	930.6281988495793]]]
1646	[[[2059.80001	1066.80009	930.5696068748223]]]
1647	[[[2059.56002	1066.80009	930.5079192677197]]]
1648	[[[2059.4400299999998	1066.80009	930.4433211621894]]]
1649	[[[2058.60002	1066.5600900000002	930.376024046331]]]
1650	[[[2058.48002	1066.68008	930.3062648679768]]]
1651	[[[2058.48002	1066.80007	930.2343047352476]]]
1652	[[[2058.36002	1066.92006	930.1604272169965]]]
1653	[[[2058.84002	1066.6800600000001	930.0849362552253]]]
1654	[[[2058.60003	1066.80005	930.0081537088136]]]
1655	[[[2058.60003	1066.5600399999998	929.9304165550336]]]
1656	[[[2058.2400399999997	1067.0400300000001	929.852073782268]]]
1657	[[[2058.4800299999997	1066.80002	929.7734830139058]]]
1658	[[[2058.48003	1066.8000200000001	929.6950069094477]]]
1659	[[[2059.2000500000004	1067.04002	929.6170093942674]]]
1660	[[[2059.20005	1067.04002	929.5398517740693]]]
1661	[[[2058.96006	1067.04002	929.4638887937748]]]
1662	[[[2058.84006	1067.04002	929.3894647031748]]]
1663	[[[2058.72006	1067.2800200000001	929.3169093931541]]]
1664	[[[2058.36005	1067.28002	929.2465346664918]]]
1665	[[[2058.3600500000002	1067.5200300000001	929.1786307061524]]]
1666	[[[2058.3600500000002	1067.16003	929.1134628015437]]]
1667	[[[2058.24005	1067.40004	929.0512683894715]]]
1668	[[[2058.12006	1067.40004	928.9922544614659]]]
1669	[[[2057.52006	1067.04005	928.9365953829277]]]
1670	[[[2057.52006	1067.1600600000002	928.8844311621986]]]
1671	[[[2057.76005	1066.6800700000001	928.8358661994049]]]
1672	[[[2057.88005	1066.56008	928.790968535908]]]
1673	[[[2058.00005	1065.96008	928.7497696156381]]]
1674	[[[2058.48005	1065.96008	928.7122645597404]]]
1675	[[[2058.60005	1065.6000800000002	928.6784129460402]]]
1676	[[[2058.72004	1065.3600800000002	928.648140075132]]]
1677	[[[2058.4800600000003	1065.72007	928.6213386956337]]]
1678	[[[2058.60005	1066.08006	928.5978711525966]]]
1679	[[[2058.96003	1065.72006	928.5775719154384]]]
1680	[[[2058.8400300000003	1065.12006	928.5602504352712]]]
1681	[[[2058.72003	1065.36005	928.5456942763063]]]
1682	[[[2058.48004	1065.2400400000001	928.5336724622546]]]
1683	[[[2058.48004	1065.72003	928.523938976388]]]
1684	[[[2058.3600500000002	1065.60004	928.5162363532287]]]
1685	[[[2058.2400499999994	1065.8400299999998	928.5102993006667]]]
1686	[[[2058.00007	1065.8400299999998	928.5058582936019]]]
1687	[[[2058.24005	1065.2400300000002	928.5026430838727]]]
1688	[[[2058.3600400000005	1064.64003	928.5003860760968]]]
1689	[[[2058.00006	1064.88002	928.4988255249134]]]
1690	[[[2057.88007	1065.12001	928.4977085157831]]]
1691	[[[2057.64009	1065.00001	928.4967936986772]]]
1692	[[[2057.64009	1065.00001	928.495853751476]]]
1693	[[[2057.52009	1064.64001	928.4946775573555]]]
1694	[[[2057.4001	1064.4	928.4930720876995]]]
1695	[[[2057.2801099999997	1064.16001	928.4908639888174]]]
1696	[[[2057.28011	1064.0400100000002	928.4879008768169]]]
1697	[[[2057.0401300000003	1064.4000099999998	928.4840523501732]]]
1698	[[[2056.9201399999997	1064.4000099999998	928.4792107337104]]]
1699	[[[2057.1601199999996	1064.28001	928.4732915708042]]]
1700	[[[2057.28011	1064.04002	928.4662338825494]]]
1701	[[[2057.4001	1063.92003	928.4580002134611]]]
1702	[[[2057.8801099999996	1063.8000299999999	928.4485764830131]]]
1703	[[[2057.76012	1063.68004	928.4379716611107]]]
1704	[[[2057.76012	1063.80004	928.4262172835555]]]
1705	[[[2057.76012	1063.68003	928.4133668209004]]]
1706	[[[2057.8801099999996	1063.5600399999998	928.3994949109971]]]
1707	[[[2058.0001	1062.96004	928.3846964622489]]]
1708	[[[2058.0001	1062.7200400000002	928.369085631323]]]
1709	[[[2057.8801099999996	1062.36005	928.3527946760545]]]
1710	[[[2057.76012	1062.12005	928.3359726817525]]]
1711	[[[2057.88011	1061.8800500000002	928.3187841572031]]]
1712	[[[2057.52009	1061.4000500000002	928.301407495599]]]
1713	[[[2057.7600799999996	1061.04004	928.2840332954416]]]
1714	[[[2057.88007	1060.56005	928.2668625372784]]]
1715	[[[2058.00006	1060.6800600000001	928.2501046139516]]]
1716	[[[2058.00006	1060.32005	928.2339752148116]]]
1717	[[[2058.2400499999994	1059.9600500000001	928.2186940680069]]]
1718	[[[2058.24005	1059.72005	928.2044825493685]]]
1719	[[[2058.48004	1059.48004	928.1915611714061]]]
1720	[[[2058.60003	1059.24003	928.1801469712789]]]
1721	[[[2058.48004	1059.00002	928.1704508221177]]]
1722	[[[2058.6000400000003	1059.12003	928.1626746974601]]]
1723	[[[2058.48004	1059.24004	928.1570089236013]]]
1724	[[[2058.60003	1059.00003	928.1536294590805]]]
1725	[[[2058.48004	1058.52002	928.152695244126]]]
1726	[[[2058.72003	1058.64003	928.1543456654169]]]
1727	[[[2058.72003	1058.64003	928.1586981828771]]]
1728	[[[2058.96002	1058.5200300000001	928.1658461652205]]]
1729	[[[2059.20004	1058.64003	928.1758569795832]]]
1730	[[[2059.20004	1058.64003	928.1887703777544]]]
1731	[[[2059.44003	1058.5200399999999	928.2045972173312]]]
1732	[[[2059.08005	1058.04003	928.2233185505991]]]
1733	[[[2059.2000500000004	1057.92002	928.2448851073023]]]
1734	[[[2059.20005	1057.8000299999999	928.2692171898154]]]
1735	[[[2059.4400400000004	1057.92003	928.2962049908759]]]
1736	[[[2059.2000500000004	1058.04002	928.3257093351607]]]
1737	[[[2059.2000500000004	1057.92003	928.3575628369396]]]
1738	[[[2059.32005	1057.56004	928.3915714570528]]]
1739	[[[2058.84004	1057.2000400000002	928.4275164338624]]]
1740	[[[2058.84004	1057.2000400000002	928.4651565548672]]]
1741	[[[2058.72004	1057.0800299999999	928.5042307286307]]]
1742	[[[2058.96002	1057.08003	928.5444608107467]]]
1743	[[[2058.96002	1056.96003	928.5855546329612]]]
1744	[[[2059.32004	1057.20002	928.6272091813987]]]
1745	[[[2059.0800499999996	1056.96003	928.6691138681978]]]
1746	[[[2059.56006	1056.4800400000001	928.710953840767]]]
1747	[[[2059.44006	1056.60003	928.7524132742967]]]
1748	[[[2059.32006	1056.3600199999998	928.7931785960187]]]
1749	[[[2059.32006	1056.36002	928.8329415938712]]]
1750	[[[2059.32006	1056.0000300000002	928.8714023674986]]]
1751	[[[2059.32006	1056.1200400000002	928.9082720857039]]]
1752	[[[2059.44006	1056.36004	928.9432755213074]]]
1753	[[[2058.84006	1056.00005	928.9761533416009]]]
1754	[[[2058.6000400000003	1055.76006	929.0066641399386]]]
1755	[[[2058.6000400000003	1056.00005	929.0345862012134]]]
1756	[[[2058.1200299999996	1055.88004	929.0597190007696]]]
1757	[[[2058.12003	1055.64004	929.0818844424606]]]
1758	[[[2058.12003	1055.7600400000001	929.1009278468961]]]
1759	[[[2058.24002	1055.88005	929.1167187052358]]]
1760	[[[2058.36002	1056.12005	929.1291512171052]]]
1761	[[[2058.36002	1056.0000400000001	929.1381446332252]]]
1762	[[[2058.36002	1055.7600400000001	929.1436434241814]]]
1763	[[[2058.96002	1055.88003	929.1456172964106]]]
1764	[[[2059.32003	1055.8800299999998	929.1440610750702]]]
1765	[[[2059.44002	1055.5200300000001	929.1389944710775]]]
1766	[[[2059.68001	1055.5200300000001	929.1304617464559]]]
1767	[[[2059.68001	1055.64004	929.1185312883717]]]
1768	[[[2059.56001	1056.00005	929.1032950981368]]]
1769	[[[2059.44002	1056.2400400000001	929.0848681972059]]]
1770	[[[2059.44002	1056.0000400000001	929.0633879480507]]]
1771	[[[2059.44002	1056.12005	929.0390132839732]]]
1772	[[[2059.32002	1056.12005	929.0119238386545]]]
1773	[[[2059.32002	1056.12005	928.9823189636869]]]
1774	[[[2058.96001	1056.0000400000001	928.9504166206701]]]
1775	[[[2059.20001	1056.12005	928.9164521337909]]]
1776	[[[2059.3200100000004	1056.24006	928.8806767891913]]]
1777	[[[2059.32001	1056.24006	928.8433562689168]]]
1778	[[[2059.3200100000004	1056.00006	928.8047689097659]]]
1779	[[[2059.9200100000003	1055.88006	928.7652037808881]]]
1780	[[[2059.44001	1056.12006	928.7249585783629]]]
1781	[[[2059.56001	1055.64005	928.6843373400961]]]
1782	[[[2059.68001	1055.1600600000002	928.6436479899825]]]
1783	[[[2059.32003	1055.1600600000002	928.6031997262229]]]
1784	[[[2059.20003	1054.92006	928.563300274683]]]
1785	[[[2058.84004	1054.56005	928.5242530340386]]]
1786	[[[2058.4800499999997	1054.2000400000002	928.4863541448982]]]
1787	[[[2058.60005	1053.9600400000002	928.4498895199528]]]
1788	[[[2058.72005	1053.72003	928.4151318762157]]]
1789	[[[2058.12005	1053.24003	928.3823378134705]]]
1790	[[[2058.60005	1052.7600200000002	928.3517449849638]]]
1791	[[[2058.60005	1052.7600200000002	928.3235694070809]]]
1792	[[[2058.48005	1053.0000100000002	928.298002954185]]]
1793	[[[2058.7200299999995	1052.76001	928.2752110829664]]]
1794	[[[2058.48005	1053.00001	928.2553308275798]]]
1795	[[[2058.6000400000003	1052.52002	928.2384691026448]]]
1796	[[[2058.84003	1052.4000199999998	928.2247013459595]]]
1797	[[[2058.72003	1052.16001	928.2140705266847]]]
1798	[[[2058.60003	1052.40002	928.2065865380148]]]
1799	[[[2058.60003	1052.40002	928.2022259861338]]]
1800	[[[2058.24005	1052.4000199999998	928.2009323798104]]]
1801	[[[2058.12005	1052.40002	928.202616717526]]]
1802	[[[2058.24005	1052.40002	928.2071584617848]]]
1803	[[[2058.24005	1051.92003	928.2144068834177]]]
1804	[[[2058.72003	1051.32003	928.2241827524665]]]
1805	[[[2058.8400300000003	1051.68002	928.2362803467616]]]
1806	[[[2058.6000400000003	1051.68002	928.2504697447254]]]
1807	[[[2058.96006	1051.92003	928.2664993653207]]]
1808	[[[2058.9600600000003	1051.56003	928.2840987154805]]]
1809	[[[2059.2000500000004	1051.32004	928.3029813038027]]]
1810	[[[2059.4400299999998	1051.20005	928.3228476787468]]]
1811	[[[2059.56003	1050.9600500000001	928.3433885499724]]]
1812	[[[2059.56003	1050.60005	928.3642879527006]]]
1813	[[[2059.68003	1050.48004	928.3852264169645]]]
1814	[[[2059.5600299999996	1050.60005	928.4058841061736]]]
1815	[[[2059.2000500000004	1050.36005	928.4259438924275]]]
1816	[[[2059.4400400000004	1050.12005	928.4450943392989]]]
1817	[[[2059.20002	1049.88004	928.4630325662183]]]
1818	[[[2059.32002	1050.00003	928.4794669719952]]]
1819	[[[2058.9600400000004	1050.12002	928.4941197982528]]]
1820	[[[2059.0800400000003	1050.0000100000002	928.5067295165618]]]
1821	[[[2059.08004	1049.88002	928.5170530257126]]]
1822	[[[2059.08004	1049.88002	928.5248676478428]]]
1823	[[[2059.0800400000003	1050.2400300000002	928.5299729140028]]]
1824	[[[2058.9600400000004	1050.00003	928.5321921311959]]]
1825	[[[2059.2000199999998	1049.88004	928.5313737240245]]]
1826	[[[2058.84004	1050.12004	928.5273923448491]]]
1827	[[[2058.9600400000004	1050.00005	928.5201497469363]]]
1828	[[[2058.84004	1049.6400600000002	928.509575415486]]]
1829	[[[2058.7200199999997	1049.52007	928.4956269518594]]]
1830	[[[2058.4800299999997	1049.40008	928.478290206824]]]
1831	[[[2058.00003	1049.28007	928.4575791593522]]]
1832	[[[2058.12003	1049.2800700000003	928.4335355385259]]]
1833	[[[2058.00003	1048.92006	928.4062281874958]]]
1834	[[[2058.48004	1049.04005	928.3757521703048]]]
1835	[[[2058.84006	1049.04005	928.3422276247063]]]
1836	[[[2058.7200399999997	1048.56005	928.305798366939]]]
1837	[[[2058.48004	1048.08004	928.266630257702]]]
1838	[[[2058.48004	1048.08004	928.2249093422613]]]
1839	[[[2059.08004	1047.3600300000003	928.1808397816378]]]
1840	[[[2059.32003	1047.12002	928.1346415960286]]]
1841	[[[2059.56004	1046.7600200000002	928.0865482459033]]]
1842	[[[2059.32004	1046.28003	928.0368040803899]]]
1843	[[[2059.3200399999996	1046.04004	927.9856616865027]]]
1844	[[[2058.8400300000003	1045.56005	927.9333791762401]]]
1845	[[[2058.60001	1045.32004	927.8802174514806]]]
1846	[[[2059.20001	1044.84005	927.8264374887156]]]
1847	[[[2059.2000099999996	1044.72006	927.7722976868857]]]
1848	[[[2059.2000099999996	1044.4800500000001	927.7180513217833]]]
1849	[[[2058.84002	1044.48005	927.6639441495851]]]
1850	[[[2058.7200199999997	1044.2400499999999	927.6102122000341]]]
1851	[[[2058.7200199999997	1044.24005	927.557079796585]]]
1852	[[[2058.60003	1044.24005	927.50475783652]]]
1853	[[[2058.72003	1044.12004	927.4534423586834]]]
1854	[[[2058.84003	1044.00003	927.4033134202234]]]
1855	[[[2058.84003	1044.0000300000002	927.3545342967043]]]
1856	[[[2058.48004	1044.12002	927.307251012372]]]
1857	[[[2058.48004	1044.24001	927.2615921994242]]]
1858	[[[2058.6000400000003	1044.0000100000002	927.2176692771085]]]
1859	[[[2058.72003	1044.12002	927.1755769335784]]]
1860	[[[2058.72003	1044.12002	927.1353938859596]]]
1861	[[[2058.96002	1044.1200199999998	927.097183887217]]]
1862	[[[2059.2000099999996	1043.88002	927.0609969424492]]]
1863	[[[2059.20001	1043.76003	927.0268706923209]]]
1864	[[[2059.20001	1043.4000300000002	926.9948319176889]]]
1865	[[[2059.08001	1043.04004	926.9648981171762]]]
1866	[[[2059.56002	1043.16005	926.9370791086149]]]
1867	[[[2059.92004	1042.9200500000002	926.9113786059236]]]
1868	[[[2060.0400400000003	1042.56005	926.8877957251095]]]
1869	[[[2059.9200499999997	1042.68004	926.8663263766146]]]
1870	[[[2060.04005	1042.44004	926.8469645060353]]]
1871	[[[2060.16005	1042.44004	926.82970315121]]]
1872	[[[2060.04005	1042.32003	926.8145352905315]]]
1873	[[[2060.04005	1042.32003	926.8014544649368]]]
1874	[[[2059.9200499999997	1042.44003	926.7904551640407]]]
1875	[[[2059.8000600000005	1042.20002	926.7815329750844]]]
1876	[[[2059.56004	1041.72001	926.7746845014674]]]
1877	[[[2059.2000199999998	1041.3600099999999	926.7699070653607]]]
1878	[[[2059.32004	1041.6000199999999	926.7671982159925]]]
1879	[[[2059.56003	1041.00002	926.7665550714503]]]
1880	[[[2059.8000500000003	1041.12003	926.7679735270218]]]
1881	[[[2059.68005	1040.88003	926.7714473670601]]]
1882	[[[2059.4400699999997	1040.76003	926.776967319987]]]
1883	[[[2059.44007	1040.40003	926.7845200972699]]]
1884	[[[2059.44007	1040.1600400000002	926.7940874570046]]]
1885	[[[2059.4400699999997	1040.16004	926.8056453311347]]]
1886	[[[2059.44007	1040.16004	926.8191630524282]]]
1887	[[[2059.5600700000005	1040.04005	926.834602713236]]]
1888	[[[2059.2000500000004	1039.80004	926.8519186829175]]]
1889	[[[2058.96006	1039.5600399999998	926.8710573048733]]]
1890	[[[2058.6000400000003	1039.2000400000002	926.8919567875555]]]
1891	[[[2058.00004	1038.84004	926.9145472969001]]]
1892	[[[2058.3600199999996	1038.60004	926.938751250577]]]
1893	[[[2058.36002	1038.4800300000002	926.9644838075288]]]
1894	[[[2058.24003	1038.48003	926.99165353972]]]
1895	[[[2058.48002	1038.4800300000002	927.0201632670284]]]
1896	[[[2058.36002	1038.36004	927.0499110310217]]]
1897	[[[2058.12003	1038.24003	927.0807911790791]]]
1898	[[[2058.12003	1038.0000300000002	927.1126955271096]]]
1899	[[[2058.3600199999996	1037.8800400000002	927.1455145670361]]]
1900	[[[2058.36002	1037.64004	927.1791386843146]]]
1901	[[[2058.72003	1037.76005	927.2134593510243]]]
1902	[[[2058.48004	1037.76005	927.2483702614672]]]
1903	[[[2058.1200599999997	1037.88006	927.2837683796497]]]
1904	[[[2058.12006	1037.64006	927.3195548714002]]]
1905	[[[2057.76008	1037.28007	927.3556358980173]]]
1906	[[[2057.5201	1037.04007	927.3919232531196]]]
1907	[[[2057.40011	1036.80007	927.4283348295579]]]
1908	[[[2057.2801200000004	1036.6800799999999	927.464794908703]]]
1909	[[[2057.16012	1036.56007	927.5012342699059]]]
1910	[[[2057.1601199999996	1036.44006	927.537590123295]]]
1911	[[[2056.92011	1036.4400600000001	927.5738058741408]]]
1912	[[[2056.8001200000003	1036.08006	927.6098307316213]]]
1913	[[[2056.6801	1035.60005	927.6456191788695]]]
1914	[[[2056.8000899999997	1035.36004	927.6811303245333]]]
1915	[[[2056.8000899999997	1035.2400300000002	927.7163271587045]]]
1916	[[[2056.9200800000003	1035.00002	927.7511757379]]]
1917	[[[2056.92008	1034.88002	927.7856443248304]]]
1918	[[[2056.92008	1034.64001	927.8197025089642]]]
1919	[[[2056.6801	1034.16002	927.853320333446]]]
1920	[[[2056.5601100000003	1034.16002	927.8864674528377]]]
1921	[[[2056.80012	1033.56002	927.9191123444664]]]
1922	[[[2056.80012	1033.44003	927.9512215940462]]]
1923	[[[2057.04013	1033.4400300000002	927.9827592737172]]]
1924	[[[2056.80015	1033.32004	928.0136864279033]]]
1925	[[[2056.68013	1033.44005	928.0439606794667]]]
1926	[[[2056.56014	1033.32006	928.0735359656735]]]
1927	[[[2056.6801299999997	1033.3200600000002	928.1023624105441]]]
1928	[[[2056.56014	1033.32006	928.1303863373166]]]
1929	[[[2056.5601400000005	1033.56006	928.1575504220666]]]
1930	[[[2056.44015	1033.4400600000001	928.1837939870253]]]
1931	[[[2056.20014	1033.4400600000001	928.2090534298529]]]
1932	[[[2056.32013	1033.4400600000001	928.2332627830426]]]
1933	[[[2056.20014	1033.32007	928.2563543957743]]]
1934	[[[2056.32013	1033.3200700000002	928.2782597288344]]]
1935	[[[2056.44015	1033.08006	928.2989102517106]]]
1936	[[[2056.44015	1033.08006	928.3182384295491]]]
1937	[[[2056.44015	1032.84006	928.336178786366]]]
1938	[[[2056.5601400000005	1032.96006	928.3526690296534]]]
1939	[[[2056.6801299999997	1033.2000500000001	928.3676512203325]]]
1940	[[[2056.92011	1032.84006	928.3810729708377]]]
1941	[[[2057.04013	1032.7200500000001	928.3928886530044]]]
1942	[[[2056.68012	1032.9600400000002	928.4030605963638]]]
1943	[[[2056.20011	1032.84003	928.4115602564691]]]
1944	[[[2056.5600999999997	1032.96002	928.4183693320253]]]
1945	[[[2056.68009	1032.48002	928.4234808089337]]]
1946	[[[2056.80008	1032.36001	928.4268999089269]]]
1947	[[[2056.6800900000003	1032.36001	928.4286449203679]]]
1948	[[[2056.5600999999997	1032.00001	928.4287478890583]]]
1949	[[[2056.32009	1031.64001	928.4272551476122]]]
1950	[[[2056.08011	1031.7600000000002	928.4242276631882]]]
1951	[[[2056.08011	1032.0	928.4197411851289]]]
1952	[[[2056.56011	1031.28	928.4138861764279]]]
1953	[[[2057.04012	1031.16001	928.4067675158628]]]
1954	[[[2056.9201199999998	1030.9200100000003	928.3985039611576]]]
1955	[[[2056.6801100000002	1031.0400200000001	928.3892273675592]]]
1956	[[[2056.6801100000002	1030.8000200000001	928.3790816607395]]]
1957	[[[2056.92009	1030.32003	928.3682215677925]]]
1958	[[[2057.0400799999998	1030.08003	928.3568111152599]]]
1959	[[[2057.1601	1029.9600400000002	928.3450219083841]]]
1960	[[[2057.28009	1029.72004	928.333031211052]]]
1961	[[[2057.4000800000003	1029.36005	928.3210198509748]]]
1962	[[[2057.0400799999998	1029.36005	928.3091699794019]]]
1963	[[[2057.0400799999998	1029.36005	928.297662718907]]]
1964	[[[2056.6801	1029.12005	928.2866757363932]]]
1965	[[[2056.8001200000003	1029.00004	928.2763807812623]]]
1966	[[[2056.6801299999997	1029.12005	928.2669412305947]]]
1967	[[[2056.6801299999997	1029.36004	928.258509684101]]]
1968	[[[2056.8001200000003	1029.60004	928.251225651435]]]
1969	[[[2056.4401	1029.72003	928.2452133732407]]]
1970	[[[2056.08009	1030.08004	928.24057981498]]]
1971	[[[2055.9601000000002	1029.96003	928.2374128692679]]]
1972	[[[2056.3201	1029.84004	928.2357797981637]]]
1973	[[[2056.44009	1029.84004	928.2357259417753]]]
1974	[[[2056.32007	1029.7200400000002	928.2372737137666]]]
1975	[[[2056.44006	1029.7200400000002	928.2404218980959]]]
1976	[[[2056.56005	1029.7200400000002	928.2451452547405]]]
1977	[[[2056.44006	1029.36004	928.2513944355017]]]
1978	[[[2056.2000799999996	1029.24005	928.2590962044262]]]
1979	[[[2056.5601	1029.00005	928.2681539511493]]]
1980	[[[2056.8001200000003	1028.76005	928.2784484797569]]]
1981	[[[2056.92011	1029.00005	928.2898390507507]]]
1982	[[[2056.20012	1029.2400400000001	928.302164649555]]]
1983	[[[2056.20012	1029.36003	928.3152454518198]]]
1984	[[[2056.3201400000003	1029.6000399999998	928.3288844536985]]]
1985	[[[2056.2001499999997	1029.6000399999998	928.3428692342774]]]
1986	[[[2055.84014	1029.84004	928.3569738175147]]]
1987	[[[2055.48013	1030.56005	928.3709606022854]]]
1988	[[[2055.4801300000004	1030.44004	928.3845823314141]]]
1989	[[[2055.12011	1030.44004	928.3975840737719]]]
1990	[[[2055.00009	1030.32003	928.4097051974753]]]
1991	[[[2054.8801	1030.32003	928.4206813167606]]]
1992	[[[2055.0000900000005	1030.68004	928.4302462000581]]]
1993	[[[2054.76008	1030.56005	928.4381336318927]]]
1994	[[[2054.52006	1030.32004	928.4440792262882]]]
1995	[[[2054.28004	1030.32004	928.4478221941441]]]
1996	[[[2054.5200600000003	1029.96003	928.4491070713304]]]
1997	[[[2054.64006	1029.60002	928.4476854178371]]]
1998	[[[2054.5200400000003	1029.72003	928.4433175010408]]]
1999	[[[2054.8800600000004	1029.72003	928.4357739778523]]]
2000	[[[2055.0000800000003	1029.72003	928.4248375910718]]]
2001	[[[2054.8800600000004	1029.4800300000002	928.4103048946818]]]
2002	[[[2055.12006	1029.12002	928.3919880209487]]]
2003	[[[2055.3600699999997	1028.7600200000002	928.3697164991772]]]
2004	[[[2055.36007	1028.76002	928.3433391318058]]]
2005	[[[2055.48007	1029.00002	928.3127259283552]]]
2006	[[[2055.1200500000004	1029.36003	928.2777700917292]]]
2007	[[[2055.24007	1029.60003	928.2383900446873]]]
2008	[[[2055.24007	1029.60003	928.1945314772336]]]
2009	[[[2055.24007	1029.36004	928.1461693883872]]]
2010	[[[2055.00005	1029.36004	928.0933100886901]]]
2011	[[[2054.88005	1029.48005	928.0359931230465]]]
2012	[[[2054.40007	1029.7200500000001	927.9742930674405]]]
2013	[[[2054.0400600000003	1029.9600400000002	927.9083211480065]]]
2014	[[[2053.92006	1030.4400500000002	927.8382266270413]]]
2015	[[[2053.8000600000005	1029.84005	927.7641978981585]]]
2016	[[[2053.92006	1029.48004	927.6864632320169]]]
2017	[[[2053.80004	1029.2400400000001	927.6052911151025]]]
2018	[[[2053.80004	1029.12003	927.5209901269806]]]
2019	[[[2053.6800200000002	1029.36002	927.433908306323]]]
2020	[[[2053.68002	1029.24002	927.3444319628219]]]
2021	[[[2053.6800200000002	1029.0000100000002	927.2529839007551]]]
2022	[[[2054.04	1028.6400099999998	927.1600210303446]]]
2023	[[[2054.04	1028.52001	927.0660313549018]]]
2024	[[[2054.16	1028.04	926.9715303348991]]]
2025	[[[2054.04	1028.28	926.8770566441617]]]
2026	[[[2054.04	1028.28	926.7831673480592]]]
2027	[[[2053.92	1028.16	926.6904325484595]]]
2028	[[[2053.8	1028.16	926.5994295549139]]]
2029	[[[2053.32002	1028.28001	926.5107366556573]]]
2030	[[[2053.9200200000005	1028.5200200000002	926.4249265750848]]]
2031	[[[2053.92002	1028.52002	926.3425597160542]]]
2032	[[[2054.16004	1028.28002	926.264177295228]]]
2033	[[[2054.4000600000004	1028.04002	926.1902944874357]]]
2034	[[[2054.04008	1028.04002	926.1213937003397]]]
2035	[[[2054.16008	1028.04002	926.0579181033742]]]
2036	[[[2054.4001000000003	1027.92002	926.0002655347562]]]
2037	[[[2054.4001000000003	1028.04002	925.9487829073099]]]
2038	[[[2054.4001	1028.04002	925.9037612278373]]]
2039	[[[2054.88008	1027.80001	925.8654313358999]]]
2040	[[[2054.28008	1027.6799999999998	925.8339604562974]]]
2041	[[[2054.5201000000006	1028.04	925.8094496454254]]]
2042	[[[2054.5201	1028.2800000000002	925.7919321954023]]]
2043	[[[2054.4000800000003	1028.6399999999999	925.7813730417098]]]
2044	[[[2054.76006	1028.6399999999999	925.7776692004957]]]
2045	[[[2054.76006	1028.64	925.7806512411337]]]
2046	[[[2054.5200400000003	1028.7599999999998	925.7900857785789]]]
2047	[[[2054.5200400000003	1028.7599999999998	925.8056789490338]]]
2048	[[[2054.5200400000003	1028.7599999999998	925.8270808119562]]]
2049	[[[2054.5200400000003	1028.76	925.8538906019992]]]
2050	[[[2054.64004	1028.76	925.8856627365747]]]
2051	[[[2054.52002	1028.76	925.9219134687941]]]
2052	[[[2054.2799999999997	1028.8799999999999	925.9621280620106]]]
2053	[[[2054.40002	1028.7599999999998	926.0057683513403]]]
2054	[[[2054.40002	1028.8799999999999	926.0522805497181]]]
2055	[[[2054.40002	1028.88	926.1011031513726]]]
2056	[[[2054.6400399999998	1028.7599999999998	926.1516747842637]]]
2057	[[[2054.76004	1028.7599999999998	926.2034418649786]]]
2058	[[[2054.76004	1028.6399999999999	926.2558659148283]]]
2059	[[[2054.8800600000004	1028.6399999999999	926.3084304042625]]]
2060	[[[2054.4000800000003	1028.52	926.360647003997]]]
2061	[[[2054.28008	1028.28	926.4120611351788]]]
2062	[[[2054.2800800000005	1028.52	926.4622567270977]]]
2063	[[[2054.28008	1028.52	926.5108601090276]]]
2064	[[[2054.5201	1028.4	926.557542982262]]]
2065	[[[2054.76012	1028.4	926.6020244388504]]]
2066	[[[2054.5201000000006	1028.4	926.6440720144137]]]
2067	[[[2054.8801000000003	1028.52001	926.6835017832575]]]
2068	[[[2055.3601	1028.76002	926.7201775242808]]]
2069	[[[2055.24008	1028.88002	926.7540090054487]]]
2070	[[[2055.8400800000004	1029.00002	926.7849494524187]]]
2071	[[[2056.0801	1028.76003	926.8129922828815]]]
2072	[[[2056.0801	1028.6400399999998	926.8381672019574]]]
2073	[[[2056.6801	1029.2400400000001	926.8605357653101]]]
2074	[[[2056.6801000000005	1029.4800500000001	926.8801865252724]]]
2075	[[[2056.6801000000005	1029.60005	926.8972298810862]]]
2076	[[[2056.6801	1029.84006	926.9117927572854]]]
2077	[[[2056.44012	1029.7200500000001	926.9240132342582]]]
2078	[[[2056.3201300000005	1029.84004	926.934035252257]]]
2079	[[[2056.20013	1029.84004	926.9420035046357]]]
2080	[[[2056.08011	1029.84004	926.9480586281782]]]
2081	[[[2056.2001	1030.08003	926.9523327882134]]]
2082	[[[2056.44012	1030.08003	926.9549457441823]]]
2083	[[[2055.8401200000003	1029.60003	926.9560014676892]]]
2084	[[[2055.7201	1029.48002	926.9555853702805]]]
2085	[[[2055.4800800000003	1029.3600199999998	926.9537621825908]]]
2086	[[[2055.60008	1029.3600199999998	926.950574510491]]]
2087	[[[2055.60008	1029.3600199999998	926.9460420778687]]]
2088	[[[2055.48009	1029.1200199999998	926.9401616500148]]]
2089	[[[2055.72011	1029.24003	926.9329076166827]]]
2090	[[[2055.84013	1029.36004	926.9242331999951]]]
2091	[[[2055.48012	1029.84004	926.9140722398433]]]
2092	[[[2055.48012	1029.84004	926.9023414984285]]]
2093	[[[2055.48012	1030.20005	926.8889434163759]]]
2094	[[[2056.20014	1030.80005	926.8737692455188]]]
2095	[[[2056.44016	1031.28006	926.8567024780787]]]
2096	[[[2056.56018	1031.4000500000002	926.8376224886051]]]
2097	[[[2056.44016	1031.52006	926.8164083036457]]]
2098	[[[2056.4401600000006	1031.6400700000002	926.7929424146229]]]
2099	[[[2056.20014	1032.00006	926.7671145516863]]]
2100	[[[2055.96012	1031.8800500000002	926.738825340236]]]
2101	[[[2056.20014	1031.52006	926.7079897671663]]]
2102	[[[2056.3201300000005	1031.64005	926.6745403904882]]]
2103	[[[2056.32013	1031.40005	926.6384302335834]]]
2104	[[[2055.72013	1031.04005	926.5996353137294]]]
2105	[[[2055.72013	1030.80005	926.558156763433]]]
2106	[[[2055.7201300000006	1030.4400500000002	926.5140225123372]]]
2107	[[[2055.8401500000004	1030.2000400000002	926.4672885067614]]]
2108	[[[2056.08013	1030.3200299999999	926.4180394531273]]]
2109	[[[2056.44014	1030.08003	926.3663890804158]]]
2110	[[[2056.80015	1030.2000400000002	926.3124799252586]]]
2111	[[[2056.80015	1030.2000400000002	926.2564826511422]]]
2112	[[[2056.68016	1030.08005	926.1985949204249]]]
2113	[[[2056.80015	1030.32005	926.1390398443443]]]
2114	[[[2057.0401300000003	1030.56005	926.0780640418873]]]
2115	[[[2057.28011	1030.8000500000003	926.0159353433057]]]
2116	[[[2057.2801099999997	1031.16005	925.952940178164]]]
2117	[[[2057.28011	1031.52005	925.889380691129]]]
2118	[[[2057.16012	1031.52005	925.8255716313004]]]
2119	[[[2057.04013	1031.88005	925.7618370627591]]]
2120	[[[2057.04013	1032.0000400000001	925.6985069452181]]]
2121	[[[2057.28011	1032.12003	925.6359136342728]]]
2122	[[[2057.52009	1032.24002	925.5743883507646]]]
2123	[[[2057.64008	1032.00002	925.5142576682732]]]
2124	[[[2057.64008	1031.88003	925.4558400667395]]]
2125	[[[2057.64008	1031.8800299999998	925.3994425987348]]]
2126	[[[2057.76007	1031.88003	925.3453577129421]]]
2127	[[[2058.0000499999996	1031.88003	925.2938602770104]]]
2128	[[[2058.12004	1031.5200300000001	925.2452048391006]]]
2129	[[[2058.1200400000002	1031.5200300000001	925.1996231641424]]]
2130	[[[2058.3600300000003	1031.5200300000001	925.1573220770958]]]
2131	[[[2058.36003	1031.5200300000001	925.1184816413343]]]
2132	[[[2058.48003	1031.5200300000001	925.0832536956852]]]
2133	[[[2058.84005	1031.88002	925.0517607686679]]]
2134	[[[2058.96005	1032.0000100000002	925.0240953831105]]]
2135	[[[2058.84006	1031.88	925.0003197586518]]]
2136	[[[2058.96005	1031.8799999999999	924.9804659136977]]]
2137	[[[2059.08005	1032.1200000000001	924.9645361622864]]]
2138	[[[2059.2000500000004	1032.60001	924.9525039951225]]]
2139	[[[2059.3200399999996	1032.36002	924.9443153278496]]]
2140	[[[2058.84004	1032.48003	924.9398900936172]]]
2141	[[[2058.7200500000004	1032.84003	924.9391241512042]]]
2142	[[[2058.60005	1032.60003	924.9418914746241]]]
2143	[[[2058.24003	1032.3600300000003	924.9480465852837]]]
2144	[[[2057.76003	1032.4800300000002	924.9574271836161]]]
2145	[[[2057.88002	1032.60004	924.9698569337112]]]
2146	[[[2058.00002	1032.84004	924.9851483519718]]]
2147	[[[2057.8800199999996	1032.7200500000001	925.003105749287]]]
2148	[[[2057.76002	1032.84004	925.0235281757083]]]
2149	[[[2057.88001	1032.96003	925.0462123171849]]]
2150	[[[2058.24001	1032.96003	925.070955295532]]]
2151	[[[2058.48	1032.7200400000002	925.0975573254952]]]
2152	[[[2058.7200000000003	1033.2000400000002	925.1258241864238]]]
2153	[[[2058.96	1033.3200499999998	925.1555694706498]]]
2154	[[[2059.5600000000004	1033.20005	925.1866165760057]]]
2155	[[[2059.56	1033.32004	925.2188004159419]]]
2156	[[[2059.44	1033.32004	925.2519688271893]]]
2157	[[[2059.44	1033.44003	925.2859836617512]]]
2158	[[[2059.56	1033.44003	925.32072155696]]]
2159	[[[2059.68	1033.4400300000002	925.3560743842597]]]
2160	[[[2059.8	1033.8000299999999	925.391949384058]]]
2161	[[[2059.8	1034.04002	925.428269000282]]]
2162	[[[2059.8	1034.04002	925.4649704340002]]]
2163	[[[2059.8	1034.16001	925.5020049404959]]]
2164	[[[2059.56	1034.52001	925.5393368984074]]]
2165	[[[2059.8	1034.52001	925.5769426828507]]]
2166	[[[2059.8	1034.8800099999999	925.6148093768255]]]
2167	[[[2060.1600200000003	1034.64001	925.6529333565774]]]
2168	[[[2060.52003	1035.0000100000002	925.6913187870153]]]
2169	[[[2060.40003	1034.88002	925.729976062759]]]
2170	[[[2060.40003	1034.6400099999998	925.7689202290101]]]
2171	[[[2060.52003	1034.28001	925.808169414279]]]
2172	[[[2060.52003	1034.5200200000002	925.8477433041628]]]
2173	[[[2060.64005	1034.52002	925.8876616820131]]]
2174	[[[2060.88005	1034.28002	925.9279430585502]]]
2175	[[[2060.76005	1034.2800200000001	925.9686034084668]]]
2176	[[[2060.76005	1033.92002	926.0096550279226]]]
2177	[[[2060.52003	1034.28002	926.0511055227223]]]
2178	[[[2060.40004	1034.28002	926.0929569330249]]]
2179	[[[2060.28005	1034.64002	926.1352049967561]]]
2180	[[[2060.2800500000003	1034.7600200000002	926.1778385506062]]]
2181	[[[2060.2800500000003	1035.1200199999998	926.2208390646483]]]
2182	[[[2060.40007	1035.1200199999998	926.2641803042964]]]
2183	[[[2060.2800500000003	1035.24002	926.3078281115456]]]
2184	[[[2060.2800500000003	1035.36003	926.3517402962334]]]
2185	[[[2060.2800500000003	1035.9600299999997	926.3958666274033]]]
2186	[[[2060.4000499999997	1036.56003	926.4401489147327]]]
2187	[[[2061.12005	1037.28004	926.4845211703375]]]
2188	[[[2061.24004	1037.40005	926.5289098420369]]]
2189	[[[2061.6000300000005	1037.5200399999999	926.5732341102687]]]
2190	[[[2061.84005	1037.64005	926.6174062422085]]]
2191	[[[2061.72005	1037.76006	926.6613319981725]]]
2192	[[[2061.9600299999997	1037.64005	926.7049110869733]]]
2193	[[[2062.20004	1037.76006	926.7480376684723]]]
2194	[[[2062.32006	1038.00006	926.7906009030246]]]
2195	[[[2062.68007	1037.76006	926.8324855487775]]]
2196	[[[2063.04008	1037.4000700000001	926.8735726087828]]]
2197	[[[2062.6800900000003	1037.04007	926.9137400305483]]]
2198	[[[2062.68009	1036.80007	926.9528634609676]]]
2199	[[[2062.8001099999997	1036.92008	926.9908170594472]]]
2200	[[[2062.80011	1037.16008	927.027474371543]]]
2201	[[[2063.16012	1037.4000800000001	927.0627092644723]]]
2202	[[[2063.04013	1037.8800800000001	927.0963969245211]]]
2203	[[[2062.9201399999997	1038.1200800000001	927.1284149146529]]]
2204	[[[2062.9201399999997	1038.00007	927.1586442885815]]]
2205	[[[2062.80015	1038.1200800000001	927.1869707552532]]]
2206	[[[2062.68016	1038.24007	927.2132858851821]]]
2207	[[[2062.5601699999997	1038.12006	927.2374883474347]]]
2208	[[[2062.44018	1038.24005	927.259485163416]]]
2209	[[[2062.56017	1038.36004	927.2791929609859]]]
2210	[[[2062.68016	1038.60003	927.2965392100062]]]
2211	[[[2062.5601699999997	1038.72002	927.3114634182042]]]
2212	[[[2062.44018	1038.7200200000002	927.3239182644008]]]
2213	[[[2062.56017	1038.84001	927.3338706447291]]]
2214	[[[2062.44015	1039.3200199999999	927.3413026065612]]]
2215	[[[2062.56014	1039.3200199999999	927.346212144553]]]
2216	[[[2062.56014	1039.4400300000002	927.3486138335326]]]
2217	[[[2062.2001200000004	1039.5600399999998	927.3485392739769]]]
2218	[[[2062.20012	1039.8000399999999	927.3460373275423]]]
2219	[[[2062.3201099999997	1039.6800500000002	927.3411741225661]]]
2220	[[[2062.20012	1039.4400600000001	927.3340328126051]]]
2221	[[[2062.32011	1039.4400600000001	927.3247130749141]]]
2222	[[[2062.56009	1039.4400600000001	927.3133303402219]]]
2223	[[[2062.80008	1039.2000600000001	927.300014750164]]]
2224	[[[2062.9201000000003	1039.32005	927.2849098441962]]]
2225	[[[2063.04009	1039.5600399999998	927.268170983614]]]
2226	[[[2063.16008	1039.68003	927.2499635263309]]]
2227	[[[2063.76008	1039.92002	927.2304607721617]]]
2228	[[[2064.12006	1040.1600300000002	927.2098417043824]]]
2229	[[[2064.00007	1040.4000199999998	927.1882885591385]]]
2230	[[[2064.36005	1040.28001	927.1659842596637]]]
2231	[[[2064.24006	1040.40001	927.1431097571358]]]
2232	[[[2064.24006	1040.52001	927.1198413241506]]]
2233	[[[2064.36006	1041.24002	927.0963478501119]]]
2234	[[[2064.60004	1041.00002	927.0727881901961]]]
2235	[[[2064.72004	1040.76003	927.0493086208483]]]
2236	[[[2064.8400300000003	1040.8800299999998	927.0260404549075]]]
2237	[[[2065.08003	1040.76003	927.0030978684196]]]
2238	[[[2064.84004	1040.76003	926.9805759889165]]]
2239	[[[2065.08003	1040.8800400000002	926.9585492914512]]]
2240	[[[2065.08003	1041.48004	926.9370703440133]]]
2241	[[[2065.2000199999998	1041.60005	926.916168938161]]]
2242	[[[2065.32002	1041.48005	926.8958516339211]]]
2243	[[[2065.0800200000003	1041.4800500000001	926.876101740328]]]
2244	[[[2065.20002	1041.9600500000001	926.8568797445812]]]
2245	[[[2065.08002	1042.56005	926.8381241938354]]]
2246	[[[2064.9600299999997	1042.92006	926.8197530243436]]]
2247	[[[2064.48005	1043.7600699999998	926.8016653232107]]]
2248	[[[2064.72004	1044.2400599999999	926.7837434986335]]]
2249	[[[2064.4800499999997	1044.36005	926.7658558254163]]]
2250	[[[2064.3600500000002	1044.48006	926.7478593239466]]]
2251	[[[2064.6000400000003	1044.48006	926.7296029229605]]]
2252	[[[2064.6000400000003	1044.96007	926.7109308494377]]]
2253	[[[2064.60004	1045.44006	926.6916861830862]]]
2254	[[[2064.48004	1045.4400600000001	926.6717145082105]]]
2255	[[[2064.84006	1045.6800500000002	926.6508675924397]]]
2256	[[[2064.96005	1045.9200400000002	926.6290070199204]]]
2257	[[[2065.32003	1045.9200400000002	926.6060077062011]]]
2258	[[[2065.20003	1045.80004	926.5817612231688]]]
2259	[[[2065.20003	1046.0400399999999	926.5561788650472]]]
2260	[[[2065.32003	1046.04004	926.5291943905601]]]
2261	[[[2065.32003	1046.64004	926.5007663818349]]]
2262	[[[2065.44003	1046.5200300000001	926.4708801673536]]]
2263	[[[2065.56003	1046.16003	926.4395492641067]]]
2264	[[[2065.68003	1046.16003	926.4068163029048]]]
2265	[[[2065.08003	1046.04003	926.3727534103737]]]
2266	[[[2064.9600400000004	1046.28003	926.3374620312876]]]
2267	[[[2065.20006	1046.28003	926.301072185388]]]
2268	[[[2065.32006	1046.5200399999999	926.2637411634548]]]
2269	[[[2065.5600500000005	1046.6400399999998	926.2256516779522]]]
2270	[[[2065.32006	1046.8800299999998	926.1870094938342]]]
2271	[[[2065.20006	1046.8800299999998	926.1480405748686]]]
2272	[[[2065.0800600000002	1047.24003	926.108987789956]]]
2273	[[[2064.84007	1047.7200400000002	926.0701072321856]]]
2274	[[[2064.7200700000003	1047.84004	926.0316642106667]]]
2275	[[[2065.0800499999996	1047.84004	925.9939289813685]]]
2276	[[[2064.9600600000003	1047.84004	925.9571722881971]]]
2277	[[[2064.72004	1047.72003	925.9216607892695]]]
2278	[[[2064.6000400000003	1047.72003	925.8876524457761]]]
2279	[[[2064.60004	1047.9600300000002	925.8553919519214]]]
2280	[[[2064.6000400000003	1048.32004	925.8251062842198]]]
2281	[[[2064.6000400000003	1048.32004	925.7970004469277]]]
2282	[[[2064.48004	1048.32004	925.7712534876448]]]
2283	[[[2064.72003	1047.96003	925.748014853222]]]
2284	[[[2064.72003	1048.08004	925.7274011511014]]]
2285	[[[2064.72003	1047.9600500000001	925.7094933752238]]]
2286	[[[2064.6000099999997	1047.7200500000001	925.6943346487415]]]
2287	[[[2064.60001	1047.7200500000001	925.6819285280932]]]
2288	[[[2064.60001	1047.7200500000001	925.6722379046296]]]
2289	[[[2064.60001	1047.6000600000002	925.6651845310538]]]
2290	[[[2064.84	1047.36006	925.6606491905646]]]
2291	[[[2064.72001	1047.60006	925.6584725168738]]]
2292	[[[2064.8400100000003	1047.7200699999999	925.658456463342]]]
2293	[[[2064.84001	1047.7200699999999	925.6603664094431]]]
2294	[[[2064.9600100000002	1047.84006	925.6639338827468]]]
2295	[[[2064.9600100000002	1048.08005	925.6688598647286]]]
2296	[[[2065.4400100000003	1048.08005	925.6748186390889]]]
2297	[[[2065.44001	1048.08005	925.6814621320111]]]
2298	[[[2065.4400100000003	1047.96004	925.6884246850668]]]
2299	[[[2065.4400100000003	1047.84003	925.6953281933762]]]
2300	[[[2065.3200100000004	1047.84003	925.7017875343354]]]
2301	[[[2065.44	1047.60003	925.7074162058386]]]
2302	[[[2065.32	1047.60003	925.7118320876068]]]
2303	[[[2064.96002	1047.9600400000002	925.7146632351256]]]
2304	[[[2064.84002	1047.7200400000002	925.7155536129188]]]
2305	[[[2064.60003	1047.7200400000002	925.7141686725772]]]
2306	[[[2064.36004	1047.8400500000002	925.7102006812163]]]
2307	[[[2064.36004	1047.84005	925.7033737079735]]]
2308	[[[2064.24005	1047.84005	925.69344817979]]]
2309	[[[2064.12005	1047.84005	925.6802249231525]]]
2310	[[[2064.24005	1047.9600400000002	925.6635486156289]]]
2311	[[[2064.24005	1047.9600400000002	925.6433105799254]]]
2312	[[[2064.24005	1047.84003	925.6194508637145]]]
2313	[[[2064.36004	1047.3600199999998	925.5919595604901]]]
2314	[[[2064.36004	1047.24002	925.5608773400394]]]
2315	[[[2064.4800299999997	1047.1200199999998	925.5262951715383]]]
2316	[[[2064.7200199999997	1046.6400099999998	925.4883532374995]]]
2317	[[[2064.7200199999997	1046.28001	925.4472390525361]]]
2318	[[[2064.84001	1046.16001	925.4031848167891]]]
2319	[[[2064.60003	1046.04001	925.3564640495251]]]
2320	[[[2064.48003	1045.92002	925.3073875634793]]]
2321	[[[2064.4800299999997	1045.80001	925.2562988545797]]]
2322	[[[2064.4800299999997	1045.5600200000001	925.2035689943652]]]
2323	[[[2064.48003	1045.5600200000001	925.1495911233554]]]
2324	[[[2064.36004	1045.68002	925.0947746524769]]]
2325	[[[2064.72006	1045.92003	925.0395392861495]]]
2326	[[[2064.6000599999998	1046.16003	924.9843089845386]]]
2327	[[[2064.6000599999998	1046.6400399999998	924.9295059836138]]]
2328	[[[2064.96008	1047.0000400000001	924.875544989959]]]
2329	[[[2064.96008	1047.0000400000001	924.8228276627167]]]
2330	[[[2064.84009	1046.88003	924.7717374877168]]]
2331	[[[2064.6001100000003	1046.76003	924.7226351388797]]]
2332	[[[2064.6001100000003	1046.88002	924.675854409649]]]
2333	[[[2064.48012	1047.00002	924.6316987827997]]]
2334	[[[2064.6001100000003	1046.88002	924.5904386908809]]]
2335	[[[2064.2400900000002	1046.6400099999998	924.552309502213]]]
2336	[[[2064.1201	1046.88002	924.5175102492434]]]
2337	[[[2063.76012	1046.76001	924.4862030976981]]]
2338	[[[2063.5201	1046.28002	924.4585135368413]]]
2339	[[[2063.64009	1046.40002	924.4345312538004]]]
2340	[[[2063.64009	1046.28002	924.4143116388053]]]
2341	[[[2063.88007	1046.64002	924.3978778537928]]]
2342	[[[2063.64009	1046.76002	924.3852233845191]]]
2343	[[[2063.28007	1046.64002	924.3763149864399]]]
2344	[[[2063.28007	1046.7600200000002	924.3710959274291]]]
2345	[[[2063.04009	1046.88002	924.3694894260391]]]
2346	[[[2063.16008	1047.00001	924.3714021825847]]]
2347	[[[2063.28007	1046.88001	924.3767279018073]]]
2348	[[[2063.16007	1047.0	924.3853507101591]]]
2349	[[[2063.0400799999998	1046.8799999999999	924.3971483776455]]]
2350	[[[2063.1600700000004	1046.8799999999999	924.4119952634248]]]
2351	[[[2063.16007	1046.52	924.4297649156257]]]
2352	[[[2063.28006	1046.64001	924.4503322687597]]]
2353	[[[2063.64008	1046.6400099999998	924.4735753962141]]]
2354	[[[2063.52009	1046.76002	924.4993767901844]]]
2355	[[[2063.52009	1046.64002	924.5276241565716]]]
2356	[[[2063.28011	1046.40002	924.5582107273801]]]
2357	[[[2063.2801099999997	1046.5200200000002	924.591035107563]]]
2358	[[[2063.16012	1046.52002	924.6260006866885]]]
2359	[[[2063.28011	1046.52002	924.6630146578789]]]
2360	[[[2063.1601199999996	1046.88002	924.7019866968952]]]
2361	[[[2062.9201399999997	1047.00002	924.7428273627984]]]
2362	[[[2063.0401300000003	1046.76001	924.7854462881008]]]
2363	[[[2063.0401300000003	1046.88001	924.8297502306774]]]
2364	[[[2062.9201399999997	1046.6399999999999	924.8756410618462]]]
2365	[[[2063.04013	1046.6399999999999	924.9230137650575]]]
2366	[[[2063.28011	1046.52	924.971754517563]]]
2367	[[[2063.28011	1046.4	925.0217389235077]]]
2368	[[[2063.0400999999997	1046.6400099999998	925.0728304612148]]]
2369	[[[2062.92011	1046.64001	925.12487920032]]]
2370	[[[2062.92011	1046.1600199999998	925.1777208360542]]]
2371	[[[2062.92011	1045.9200299999998	925.2311760787163]]]
2372	[[[2062.56011	1045.68003	925.2850504264472]]]
2373	[[[2062.44009	1045.56003	925.3391343391346]]]
2374	[[[2062.44009	1045.56003	925.3932038209225]]]
2375	[[[2062.20008	1045.56003	925.4470214085934]]]
2376	[[[2061.9601	1045.44004	925.5003375533254]]]
2377	[[[2061.9601000000002	1045.44004	925.5528923741513]]]
2378	[[[2062.08012	1045.2000300000002	925.6044177531033]]]
2379	[[[2062.08012	1045.20003	925.6546397345916]]]
2380	[[[2062.20011	1045.3200199999999	925.703281185229]]]
2381	[[[2062.3201	1045.44001	925.7500646650917]]]
2382	[[[2062.56011	1045.56002	925.7947154573783]]]
2383	[[[2062.80012	1045.44003	925.8369647006386]]]
2384	[[[2062.80012	1045.4400300000002	925.8765525661205]]]
2385	[[[2062.92014	1045.32004	925.9132314223846]]]
2386	[[[2062.68012	1045.20003	925.9467689300315]]]
2387	[[[2062.56013	1044.9600300000002	925.9769510111757]]]
2388	[[[2062.44011	1044.72003	926.0035846410549]]]
2389	[[[2062.5601	1044.72003	926.0265004128281]]]
2390	[[[2062.4401100000005	1044.4800300000002	926.0455548310676]]]
2391	[[[2062.0801	1044.60003	926.0606322945827]]]
2392	[[[2061.96011	1044.36003	926.071646734939]]]
2393	[[[2061.96011	1044.4800200000002	926.0785428831902]]]
2394	[[[2062.0801	1044.12003	926.0812971438696]]]
2395	[[[2062.0801	1043.88003	926.0799180619997]]]
2396	[[[2062.2001	1043.88003	926.0744463757228]]]
2397	[[[2062.2001	1043.7600400000001	926.0649546539662]]]
2398	[[[2061.84011	1043.76004	926.0515465252395]]]
2399	[[[2061.4801	1043.52004	926.0343555101065]]]
2400	[[[2061.2400900000002	1043.4000500000002	926.0135434759795]]]
2401	[[[2061.48011	1043.04005	925.9892987385305]]]
2402	[[[2061.48011	1043.04005	925.9618338391526]]]
2403	[[[2061.2401	1042.80005	925.9313830324296]]]
2404	[[[2060.88009	1043.16004	925.8981995214108]]]
2405	[[[2060.6400700000004	1043.16004	925.8625524816447]]]
2406	[[[2060.76009	1043.1600400000002	925.8247239172819]]]
2407	[[[2060.76009	1043.0400300000001	925.7850053941814]]]
2408	[[[2061.0000800000003	1042.80003	925.7436946957775]]]
2409	[[[2061.1200799999997	1042.56003	925.7010924475471]]]
2410	[[[2061.1200799999997	1042.56003	925.6574987552588]]]
2411	[[[2060.6400700000004	1042.44004	925.6132099008698]]]
2412	[[[2060.2800500000003	1042.56003	925.5685151379818]]]
2413	[[[2060.2800500000003	1042.20003	925.5236936262867]]]
2414	[[[2060.2800500000003	1041.60003	925.4790115414984]]]
2415	[[[2060.2800500000003	1041.2400300000002	925.4347193939366]]]
2416	[[[2059.92003	1040.76004	925.3910495853576]]]
2417	[[[2059.32003	1040.6400399999998	925.348214229841]]]
2418	[[[2059.44003	1040.16005	925.3064032606766]]]
2419	[[[2058.96005	1040.16005	925.2657828413054]]]
2420	[[[2058.96005	1039.56005	925.2264940945455]]]
2421	[[[2058.96005	1040.0400399999999	925.1886521606133]]]
2422	[[[2059.08005	1039.56005	925.1523455909022]]]
2423	[[[2059.08005	1039.56005	925.117636081119]]]
2424	[[[2059.08005	1039.3200499999998	925.0845585442181]]]
2425	[[[2059.20005	1039.44004	925.0531215206187]]]
2426	[[[2059.5600700000005	1039.32003	925.0233079204354]]]
2427	[[[2059.92005	1039.56004	924.9950760898249]]]
2428	[[[2060.16006	1039.80004	924.968361191085]]]
2429	[[[2060.7600599999996	1039.0800400000003	924.9430768837234]]]
2430	[[[2060.7600599999996	1039.2000300000002	924.9191172913297]]]
2431	[[[2061.36006	1038.00003	924.8963592366892]]]
2432	[[[2061.4800600000003	1037.76003	924.8746647251057]]]
2433	[[[2061.36006	1037.5200300000001	924.8538836533374]]]
2434	[[[2061.36006	1037.40004	924.8338567188663]]]
2435	[[[2061.4800800000003	1037.04005	924.8144185013995]]]
2436	[[[2061.36006	1037.04005	924.7954006855641]]]
2437	[[[2061.36006	1036.44005	924.7766353907222]]]
2438	[[[2061.2400700000003	1036.20005	924.7579585707459]]]
2439	[[[2061.00005	1036.44006	924.7392134435449]]]
2440	[[[2060.88005	1036.32007	924.7202539071619]]]
2441	[[[2060.6400399999998	1036.32007	924.7009478965314]]]
2442	[[[2060.8800499999998	1036.08006	924.6811806325634]]]
2443	[[[2060.88005	1035.96007	924.6608577132562]]]
2444	[[[2061.3600500000002	1036.20007	924.6399079951686]]]
2445	[[[2061.12003	1036.20007	924.6182862129256]]]
2446	[[[2061.12003	1035.84007	924.5959752846214]]]
2447	[[[2061.1200300000005	1035.6000600000002	924.5729882521542]]]
2448	[[[2061.00001	1035.36005	924.5493698077414]]]
2449	[[[2060.88001	1035.1200400000002	924.525197361247]]]
2450	[[[2061.00001	1034.88003	924.5005816075216]]]
2451	[[[2060.88001	1034.76003	924.4756665587399]]]
2452	[[[2060.6400000000003	1034.76003	924.4506290137185]]]
2453	[[[2060.6400000000003	1034.52002	924.4256774443329]]]
2454	[[[2060.28	1034.04001	924.4010502883563]]]
2455	[[[2060.28	1033.8	924.3770136481614]]]
2456	[[[2060.28	1033.8	924.353858405622]]]
2457	[[[2060.4	1033.8	924.3318967749692]]]
2458	[[[2060.2799999999997	1033.68001	924.3114583271312]]]
2459	[[[2060.52	1033.92002	924.2928855308655]]]
2460	[[[2060.52	1033.92002	924.2765288675904]]]
2461	[[[2060.52	1033.8000299999999	924.2627415878538]]]
2462	[[[2060.52	1033.8000299999999	924.2518741876102]]]
2463	[[[2060.6400000000003	1033.8000299999999	924.244268691572]]]
2464	[[[2060.76002	1033.92003	924.2402528385925]]]
2465	[[[2060.76002	1033.8000399999999	924.2401342700639]]]
2466	[[[2060.64002	1033.6800500000002	924.2441948264335]]]
2467	[[[2060.76004	1033.3200600000002	924.2526850589805]]]
2468	[[[2060.88004	1033.44005	924.2658190637809]]]
2469	[[[2060.88004	1033.08005	924.283769742267]]]
2470	[[[2060.64004	1032.96006	924.3066645878741]]]
2471	[[[2060.64004	1033.08005	924.3345820910421]]]
2472	[[[2060.64004	1032.9600599999999	924.3675488453342]]]
2473	[[[2060.64004	1032.96006	924.4055374258602]]]
2474	[[[2060.40002	1032.84006	924.4484650976904]]]
2475	[[[2060.6400399999998	1032.9600500000001	924.4961933968546]]]
2476	[[[2060.64004	1032.9600500000001	924.5485286100957]]]
2477	[[[2060.28002	1033.20005	924.6052231621874]]]
2478	[[[2060.04002	1032.84006	924.665977901703]]]
2479	[[[2060.04002	1032.7200500000001	924.730445258069]]]
2480	[[[2060.04002	1032.6000399999998	924.7982332249651]]]
2481	[[[2060.04002	1032.36004	924.8689101080772]]]
2482	[[[2059.92002	1032.36004	924.9420099593092]]]
2483	[[[2059.80002	1032.36004	925.0170386051599]]]
2484	[[[2059.6800200000002	1032.00005	925.0934801644923]]]
2485	[[[2059.44	1031.76005	925.17080394062]]]
2486	[[[2059.3199999999997	1031.6400400000002	925.2484715648172]]]
2487	[[[2059.56	1031.16003	925.3259442631895]]]
2488	[[[2059.6800000000003	1031.16003	925.4026901164643]]]
2489	[[[2059.5600000000004	1031.28004	925.4781911827334]]]
2490	[[[2059.56	1031.28004	925.5519503564853]]]
2491	[[[2059.68	1031.16005	925.6234978433076]]]
2492	[[[2059.6800000000003	1030.56005	925.6923971382746]]]
2493	[[[2059.8	1030.2000600000001	925.7582504070276]]]
2494	[[[2060.04	1030.4400600000001	925.8207031816177]]]
2495	[[[2059.92	1030.4400600000001	925.8794482980047]]]
2496	[[[2059.9199999999996	1030.32007	925.934229018277]]]
2497	[[[2059.9199999999996	1030.8000800000002	925.984841297815]]]
2498	[[[2059.92	1030.44008	926.0311351753089]]]
2499	[[[2060.04	1030.20008	926.0730152813634]]]
2500	[[[2060.28	1030.08009	926.1104404789181]]]
2501	[[[2060.1600000000003	1030.32009	926.1434226655281]]]
2502	[[[2060.2799999999997	1030.56008	926.1720247832567]]]
2503	[[[2060.40002	1030.20008	926.1963580962301]]]
2504	[[[2060.2800199999997	1029.96008	926.2165788084883]]]
2505	[[[2060.40002	1029.8400900000001	926.2328841053793]]]
2506	[[[2060.5200200000004	1029.72008	926.2455077102359]]]
2507	[[[2060.40002	1029.4800799999998	926.2547150542827]]]
2508	[[[2060.40002	1029.7200699999999	926.2607981616231]]]
2509	[[[2060.40002	1029.60006	926.2640703527011]]]
2510	[[[2059.92004	1029.48005	926.2648608689342]]]
2511	[[[2060.16006	1029.36004	926.2635095183202]]]
2512	[[[2060.16006	1029.36004	926.2603614369475]]]
2513	[[[2060.16006	1029.84003	926.2557620546258]]]
2514	[[[2060.28006	1029.84003	926.250052344607]]]
2515	[[[2060.40006	1029.84003	926.2435644277606]]]
2516	[[[2060.64008	1029.9600400000002	926.2366175909774]]]
2517	[[[2060.64008	1029.84003	926.2295147682038]]]
2518	[[[2060.64008	1029.84003	926.2225395207081]]]
2519	[[[2060.28009	1029.9600400000002	926.215953541218]]]
2520	[[[2060.64007	1030.08005	926.2099946947008]]]
2521	[[[2061.2400700000003	1030.3200499999998	926.204875597086]]]
2522	[[[2061.12007	1030.20005	926.200782722334]]]
2523	[[[2060.76005	1029.9600500000001	926.1978760181928]]]
2524	[[[2060.76005	1029.8400399999998	926.1962890018813]]]
2525	[[[2060.52005	1030.08004	926.1961292989879]]]
2526	[[[2060.4000300000002	1029.96003	926.1974795821349]]]
2527	[[[2060.52003	1029.96003	926.2003988605396]]]
2528	[[[2060.76005	1030.08004	926.2049240675449]]]
2529	[[[2061.24006	1030.08004	926.2110718904681]]]
2530	[[[2061.4800800000003	1029.96003	926.2188407857617]]]
2531	[[[2060.40007	1029.60004	926.2282131223926]]]
2532	[[[2060.64009	1029.7200400000002	926.239157397498]]]
2533	[[[2061.00011	1029.8400500000002	926.2516304706385]]]
2534	[[[2061.00011	1029.9600599999999	926.2655797662665]]]
2535	[[[2061.36013	1029.36006	926.280945398206]]]
2536	[[[2061.36013	1029.48007	926.2976621748779]]]
2537	[[[2061.24013	1029.36007	926.3156614495658]]]
2538	[[[2061.1201100000003	1029.2400599999999	926.3348727860317]]]
2539	[[[2061.0000900000005	1029.12005	926.3552254161463]]]
2540	[[[2060.88007	1029.36005	926.3766494726979]]]
2541	[[[2061.48007	1029.48004	926.3990769870932]]]
2542	[[[2061.48007	1029.72004	926.4224426480889]]]
2543	[[[2061.48007	1029.72004	926.44668432388]]]
2544	[[[2061.6000900000004	1029.72004	926.4717433556877]]]
2545	[[[2061.36007	1030.20003	926.4975646363318]]]
2546	[[[2061.2400700000003	1030.20003	926.5240964920479]]]
2547	[[[2061.6000799999997	1030.80003	926.5512903899064]]]
2548	[[[2061.36008	1030.9200400000002	926.5791004965719]]]
2549	[[[2061.36008	1031.1600400000002	926.6074831167165]]]
2550	[[[2061.36008	1031.16004	926.63639604117]]]
2551	[[[2060.88007	1031.16004	926.6657978357837]]]
2552	[[[2060.40006	1031.40004	926.6956471020385]]]
2553	[[[2060.0400400000003	1031.40004	926.7259017396289]]]
2554	[[[2059.68002	1031.5200300000001	926.756518239648]]]
2555	[[[2059.68002	1031.64004	926.787451034618]]]
2556	[[[2059.8000199999997	1031.8800400000002	926.818651928536]]]
2557	[[[2059.56001	1031.76005	926.8500696264109]]]
2558	[[[2059.68001	1032.00005	926.8816493785532]]]
2559	[[[2059.56001	1032.2400499999999	926.9133327502611]]]
2560	[[[2059.32001	1032.4800500000001	926.9450575226425]]]
2561	[[[2059.56001	1032.60006	926.9767577252717]]]
2562	[[[2059.8	1032.60006	927.0083637963355]]]
2563	[[[2060.04	1033.08005	927.0398028610168]]]
2564	[[[2060.28	1033.44005	927.0709991142709]]]
2565	[[[2060.4	1033.56004	927.1018742899887]]]
2566	[[[2060.64001	1033.92004	927.1323481949643]]]
2567	[[[2060.52001	1034.04003	927.1623392832205]]]
2568	[[[2060.40001	1034.16002	927.191765244215]]]
2569	[[[2060.28001	1034.16002	927.2205435773194]]]
2570	[[[2060.52001	1034.1600199999998	927.2485921248465]]]
2571	[[[2060.04003	1034.52002	927.2758295368003]]]
2572	[[[2060.0400299999997	1034.76003	927.3021756424762]]]
2573	[[[2059.92003	1034.76003	927.3275517070257]]]
2574	[[[2060.16004	1035.3600299999998	927.3518805550568]]]
2575	[[[2060.16004	1035.48003	927.3750865481965]]]
2576	[[[2059.92003	1035.3600199999998	927.3970954091714]]]
2577	[[[2060.04003	1035.48002	927.4178338912064]]]
2578	[[[2060.04003	1035.96003	927.4372292982455]]]
2579	[[[2059.80005	1036.2000400000002	927.4552088684244]]]
2580	[[[2059.80005	1036.56004	927.4716990401864]]]
2581	[[[2060.28003	1036.56004	927.4866246271579]]]
2582	[[[2060.40003	1036.56004	927.4999079341802]]]
2583	[[[2060.40003	1036.6800500000002	927.5114678524545]]]
2584	[[[2060.1600200000003	1036.32005	927.5212189763922]]]
2585	[[[2060.28004	1036.56005	927.5290707882357]]]
2586	[[[2060.28004	1036.6800600000001	927.534926958657]]]
2587	[[[2060.28004	1036.80007	927.5386848121698]]]
2588	[[[2060.64006	1036.32006	927.54023500521]]]
2589	[[[2061.00004	1036.32006	927.5394614620654]]]
2590	[[[2060.8800400000005	1036.20007	927.5362416094544]]]
2591	[[[2061.0000600000003	1036.32006	927.5304469444811]]]
2592	[[[2061.12008	1036.68005	927.5219439630512]]]
2593	[[[2061.1200799999997	1036.80004	927.5105954667206]]]
2594	[[[2061.1200799999997	1036.56004	927.4962622555998]]]
2595	[[[2061.12008	1036.56004	927.4788052035823]]]
2596	[[[2061.12008	1036.68003	927.4580877000847]]]
2597	[[[2060.6401	1036.92003	927.4339784300419]]]
2598	[[[2060.5200800000002	1037.5200300000001	927.4063544514069]]]
2599	[[[2060.64008	1037.88002	927.3751045172633]]]
2600	[[[2060.64008	1038.24001	927.3401325782531]]]
2601	[[[2060.52006	1038.36002	927.3013613907175]]]
2602	[[[2060.28004	1038.2400300000002	927.2587361470996]]]
2603	[[[2060.2800400000006	1038.48003	927.2122280381561]]]
2604	[[[2060.4000600000004	1038.84004	927.161837651571]]]
2605	[[[2060.28004	1038.9600500000001	927.1075981090169]]]
2606	[[[2060.1600399999998	1038.84006	927.0495778436676]]]
2607	[[[2060.52002	1039.32005	926.9878829228115]]]
2608	[[[2060.40002	1039.3200499999998	926.9226588255775]]]
2609	[[[2060.28002	1039.32005	926.8540915938514]]]
2610	[[[2060.5200400000003	1039.3200499999998	926.7824082851257]]]
2611	[[[2060.40004	1039.5600399999998	926.7078766691113]]]
2612	[[[2060.4000400000004	1039.8000299999999	926.6308041252181]]]
2613	[[[2060.40004	1039.92003	926.5515357151132]]]
2614	[[[2060.1600200000003	1040.1600199999998	926.4704514231746]]]
2615	[[[2060.04002	1040.4000099999998	926.3879625772727]]]
2616	[[[2060.5200200000004	1041.24001	926.304507482508]]]
2617	[[[2060.5200200000004	1041.0000100000002	926.2205463207534]]]
2618	[[[2060.52002	1041.24002	926.1365553886108]]]
2619	[[[2060.64002	1041.48003	926.0530207651318]]]
2620	[[[2060.52	1041.7200400000002	925.9704315178581]]]
2621	[[[2060.5200000000004	1041.84005	925.889272570932]]]
2622	[[[2060.52	1041.96006	925.8100173717315]]]
2623	[[[2060.52	1042.08007	925.7331205023102]]]
2624	[[[2060.52	1042.20008	925.6590103885355]]]
2625	[[[2060.5200000000004	1042.44008	925.5880822629454]]]
2626	[[[2060.16	1042.20008	925.5206915368128]]]
2627	[[[2060.28	1042.44008	925.4571477326392]]]
2628	[[[2060.28	1042.56007	925.3977091202858]]]
2629	[[[2060.28	1042.6800600000001	925.3425781883121]]]
2630	[[[2060.1600000000003	1043.04005	925.2918980670249]]]
2631	[[[2060.88	1043.6400500000002	925.2457500015307]]]
2632	[[[2060.7599999999998	1043.8800500000002	925.2041519521359]]]
2633	[[[2060.76	1044.12005	925.1670583761692]]]
2634	[[[2060.76	1044.3600500000002	925.134361220294]]]
2635	[[[2060.6400000000003	1044.36005	925.1058921261563]]]
2636	[[[2060.6400000000003	1044.36005	925.0814258254393]]]
2637	[[[2060.5200000000004	1044.60005	925.0606846737007]]]
2638	[[[2060.52	1044.8400500000002	925.0433442464007]]]
2639	[[[2060.4	1044.96006	925.0290398959469]]]
2640	[[[2060.4	1044.84007	925.0173741459852]]]
2641	[[[2059.6800000000003	1044.48007	925.0079247791466]]]
2642	[[[2059.8	1044.48007	925.0002534575154]]]
2643	[[[2059.8	1044.6000600000002	924.9939147016772]]]
2644	[[[2060.16001	1044.84005	924.9884650446608]]]
2645	[[[2060.4000100000003	1045.08005	924.9834721717073]]]
2646	[[[2060.28001	1045.44004	924.9785238556997]]]
2647	[[[2060.16001	1045.44004	924.9732365013413]]]
2648	[[[2060.28001	1045.44004	924.967263118725]]]
2649	[[[2060.4000100000003	1045.56003	924.9603005585838]]]
2650	[[[2060.4000100000003	1045.68002	924.9520958570489]]]
2651	[[[2060.4000100000003	1045.8000100000002	924.9424515567182]]]
2652	[[[2060.28001	1045.9199999999998	924.9312298928724]]]
2653	[[[2060.16001	1045.9199999999998	924.9183557581971]]]
2654	[[[2059.6800000000003	1045.9199999999998	924.9038183857925]]]
2655	[[[2059.5600000000004	1046.16001	924.887671717967]]]
2656	[[[2059.44	1046.16001	924.8700334566311]]]
2657	[[[2059.44	1046.16001	924.8510828193763]]]
2658	[[[2059.08001	1046.04002	924.8310570528731]]]
2659	[[[2058.96001	1045.8000200000001	924.8102467814309]]]
2660	[[[2058.7200199999997	1046.2800300000001	924.7889902927869]]]
2661	[[[2058.6000200000003	1046.28003	924.767666884966]]]
2662	[[[2058.60002	1046.40003	924.7466894168203]]]
2663	[[[2058.60002	1046.88004	924.7264962202862]]]
2664	[[[2058.4800299999997	1046.6400500000002	924.7075425441519]]]
2665	[[[2058.12005	1046.7600400000001	924.690291706998]]]
2666	[[[2058.24005	1046.76004	924.6752061408488]]]
2667	[[[2058.2400499999994	1046.88004	924.6627385069281]]]
2668	[[[2058.36004	1047.0000300000002	924.6533230608278]]]
2669	[[[2058.36004	1047.24003	924.6473674365312]]]
2670	[[[2058.48003	1046.88002	924.6452450073579]]]
2671	[[[2058.4800299999997	1046.88002	924.6472879673032]]]
2672	[[[2058.60003	1046.88002	924.65378125887]]]
2673	[[[2058.72003	1046.64002	924.6649574537438]]]
2674	[[[2058.96002	1046.88001	924.6809926710632]]]
2675	[[[2059.32	1046.6400099999998	924.7020035950843]]]
2676	[[[2059.08001	1046.76001	924.7280456302822]]]
2677	[[[2059.20001	1046.76001	924.7591122079075]]]
2678	[[[2059.0800200000003	1046.88001	924.7951352342549]]]
2679	[[[2059.0800200000003	1046.88001	924.8359866479137]]]
2680	[[[2059.2000199999998	1046.76001	924.8814810315362]]]
2681	[[[2059.44002	1047.00002	924.9313792036161]]]
2682	[[[2059.68004	1047.1200299999998	924.98539269781]]]
2683	[[[2059.68004	1047.00002	925.0431890217818]]]
2684	[[[2059.68004	1047.1200299999998	925.1043975746707]]]
2685	[[[2059.80004	1046.7600300000001	925.1686160923042]]]
2686	[[[2060.2800500000003	1046.88004	925.2354174822955]]]
2687	[[[2060.2800500000003	1046.52004	925.304356907265]]]
2688	[[[2060.04004	1046.52004	925.3749789736203]]]
2689	[[[2060.0400400000003	1046.5200399999999	925.4468248854876]]]
2690	[[[2060.0400400000003	1046.76005	925.5194394284542]]]
2691	[[[2059.92004	1046.52004	925.5923776554831]]]
2692	[[[2059.56002	1046.2800300000001	925.6652111575044]]]
2693	[[[2059.44002	1046.16003	925.7375338134473]]]
2694	[[[2059.20003	1046.04002	925.8089669285431]]]
2695	[[[2058.9600299999997	1046.04002	925.8791636851977]]]
2696	[[[2058.60001	1045.9200100000003	925.9478128472765]]]
2697	[[[2058.60001	1046.4000199999998	926.0146416758178]]]
2698	[[[2059.08001	1046.4000199999998	926.079418031603]]]
2699	[[[2059.08001	1046.52002	926.1419516573123]]]
2700	[[[2059.08001	1046.40001	926.202094648731]]]
2701	[[[2059.08001	1046.5200100000002	926.2597411403733]]]
2702	[[[2059.20001	1046.52001	926.3148262455752]]]
2703	[[[2059.20001	1046.7600200000002	926.367324304332]]]
2704	[[[2059.44	1046.88003	926.4172465036679]]]
2705	[[[2059.3200100000004	1047.60004	926.4646379449534]]]
2706	[[[2058.84001	1047.60004	926.5095742401747]]]
2707	[[[2058.8400100000003	1047.48003	926.55215772466]]]
2708	[[[2058.72001	1047.6000399999998	926.5925133771376]]]
2709	[[[2058.6000099999997	1047.60004	926.6307845392688]]]
2710	[[[2058.72001	1047.36005	926.6671285260625]]]
2711	[[[2058.72001	1047.36005	926.7017122159456]]]
2712	[[[2058.72001	1047.60006	926.7347077049075]]]
2713	[[[2058.72001	1047.7200500000001	926.7662881032759]]]
2714	[[[2058.72001	1047.84004	926.7966235465043]]]
2715	[[[2058.96	1047.72003	926.8258774831569]]]
2716	[[[2059.5600000000004	1047.84004	926.8542032942871]]]
2717	[[[2059.56	1047.9600500000001	926.8817412888869]]]
2718	[[[2059.5600000000004	1047.9600500000001	926.908616110323]]]
2719	[[[2059.8	1048.32006	926.9349345788748]]]
2720	[[[2059.68	1048.9200600000001	926.9607839859154]]]
2721	[[[2059.56	1049.1600600000002	926.986230846101]]]
2722	[[[2059.44	1049.4000600000002	927.0113201053625]]]
2723	[[[2059.6800000000003	1049.6400600000002	927.0360747946377]]]
2724	[[[2059.68	1049.28006	927.0604961122779]]]
2725	[[[2059.8	1049.04006	927.0845639119783]]]
2726	[[[2059.92	1049.16005	927.1082375679383]]]
2727	[[[2059.92	1049.40005	927.131457184821]]]
2728	[[[2060.16	1049.28004	927.1541451168563]]]
2729	[[[2060.16	1049.1600300000002	927.1762077581528]]]
2730	[[[2060.04	1049.16003	927.1975375648286]]]
2731	[[[2060.04	1049.16003	927.218015268898]]]
2732	[[[2060.2799999999997	1049.04002	927.2375122438414]]]
2733	[[[2060.04	1048.9200300000002	927.2558929823654]]]
2734	[[[2059.92	1049.2800300000001	927.2730176479023]]]
2735	[[[2059.92	1049.5200300000001	927.2887446628383]]]
2736	[[[2059.68	1049.5200300000001	927.3029332981732]]]
2737	[[[2059.56	1049.7600200000002	927.315446231229]]]
2738	[[[2058.96	1050.1200300000003	927.3261520400896]]]
2739	[[[2058.60001	1050.12003	927.3349276055608]]]
2740	[[[2058.6000099999997	1050.00002	927.3416603935977]]]
2741	[[[2058.6000099999997	1050.12003	927.3462505932682]]]
2742	[[[2058.36001	1050.0000400000001	927.348613087426]]]
2743	[[[2058.48001	1050.0000400000001	927.3486792353218]]]
2744	[[[2058.72001	1050.0000400000001	927.3463984483917]]]
2745	[[[2058.72001	1049.8800500000002	927.3417395424291]]]
2746	[[[2058.84001	1049.8800500000002	927.3346918513055]]]
2747	[[[2058.9600100000002	1049.6400600000002	927.3252660893404]]]
2748	[[[2059.4400100000003	1049.16005	927.313494951384]]]
2749	[[[2059.68	1049.04006	927.2994334416702]]]
2750	[[[2059.56001	1049.28006	927.2831589245427]]]
2751	[[[2059.68001	1049.04006	927.2647708922912]]]
2752	[[[2059.9200100000003	1049.04006	927.2443904475465]]]
2753	[[[2060.16003	1049.16005	927.2221595000043]]]
2754	[[[2060.04003	1049.04006	927.1982396796864]]]
2755	[[[2059.92003	1049.04006	927.1728109715029]]]
2756	[[[2059.92003	1048.6800600000001	927.1460700785492]]]
2757	[[[2059.80003	1048.56005	927.1182285243764]]]
2758	[[[2059.68003	1048.80006	927.0895105073762]]]
2759	[[[2059.6800300000004	1048.92005	927.0601505234368]]]
2760	[[[2059.5600400000003	1048.9200500000002	927.0303907761302]]]
2761	[[[2059.68004	1048.68004	927.0004783968665]]]
2762	[[[2059.56004	1048.68004	926.9706625006742]]]
2763	[[[2058.84002	1048.44004	926.9411911065057]]]
2764	[[[2058.84002	1048.32003	926.9123079542003]]]
2765	[[[2058.72002	1048.44002	926.8842492533935]]]
2766	[[[2058.60002	1048.32003	926.8572404027294]]]
2767	[[[2058.6000200000003	1048.44004	926.8314927206078]]]
2768	[[[2058.3600400000005	1048.8000299999999	926.8072002313553]]]
2769	[[[2058.12005	1049.1600300000002	926.784536553032]]]
2770	[[[2058.2400399999997	1048.80004	926.7636519350275]]]
2771	[[[2058.00004	1049.04005	926.7446704950214]]]
2772	[[[2058.00004	1049.04005	926.7276877057393]]]
2773	[[[2058.24005	1049.04005	926.7127681820832]]]
2774	[[[2058.24005	1048.9200500000002	926.6999438185618]]]
2775	[[[2058.3600500000002	1048.80006	926.6892123254236]]]
2776	[[[2058.24006	1049.16006	926.6805362093662]]]
2777	[[[2058.36006	1049.04005	926.6738422411242]]]
2778	[[[2058.7200399999997	1048.8000500000003	926.6690214475427]]]
2779	[[[2058.8400300000003	1048.4400500000002	926.6659296598988]]]
2780	[[[2058.96002	1048.4400500000002	926.6643886432119]]]
2781	[[[2058.96002	1048.6800500000002	926.6641878231418]]]
2782	[[[2058.96002	1048.68005	926.665086617823]]]
2783	[[[2058.96002	1048.68005	926.6668173717601]]]
2784	[[[2058.84002	1049.04005	926.6690888778245]]]
2785	[[[2058.7200199999997	1049.28005	926.6715904616292]]]
2786	[[[2058.84001	1049.52005	926.6739965903331]]]
2787	[[[2058.60002	1049.6400600000002	926.6759719554772]]]
2788	[[[2058.48002	1049.76007	926.677176967098]]]
2789	[[[2058.36003	1050.1200700000002	926.6772735843508]]]
2790	[[[2058.4800299999997	1050.48006	926.6759313965962]]]
2791	[[[2058.3600399999996	1050.48006	926.672833858666]]]
2792	[[[2058.2400399999997	1050.6000500000002	926.6676845751383]]]
2793	[[[2058.36003	1050.72006	926.6602135213221]]]
2794	[[[2058.48003	1050.72006	926.6501830834843]]]
2795	[[[2058.36004	1050.60005	926.6373937980112]]]
2796	[[[2058.36004	1050.48004	926.62168966883]]]
2797	[[[2058.48003	1050.3600300000003	926.6029629447651]]]
2798	[[[2058.4800299999997	1050.36003	926.5811582436093]]]
2799	[[[2058.7200199999997	1050.12004	926.5562759176535]]]
2800	[[[2058.7200199999997	1050.00005	926.5283745661454]]]
2801	[[[2058.9600100000002	1050.2400400000001	926.4975726135419]]]
2802	[[[2059.08001	1050.60004	926.4640488882976]]]
2803	[[[2059.08001	1050.60004	926.4280421549571]]]
2804	[[[2059.08001	1050.7200500000001	926.3898495721951]]]
2805	[[[2059.08001	1050.84006	926.3498240707207]]]
2806	[[[2058.96002	1050.9600699999999	926.3083706671529]]]
2807	[[[2059.0800200000003	1051.0800800000002	926.265941752554]]]
2808	[[[2059.0800200000003	1051.20007	926.2230314167551]]]
2809	[[[2058.96002	1051.4400600000001	926.1801688912798]]]
2810	[[[2058.96002	1051.4400600000001	926.1379112140825]]]
2811	[[[2058.84002	1051.3200600000002	926.096835237847]]]
2812	[[[2058.60003	1051.20006	926.0575291197576]]]
2813	[[[2058.72003	1051.3200499999998	926.0205834439867]]]
2814	[[[2058.48004	1051.32005	925.9865821382507]]]
2815	[[[2058.60003	1051.44004	925.9560933523314]]]
2816	[[[2058.84002	1051.8000399999999	925.9296604692574]]]
2817	[[[2058.84002	1052.16004	925.9077934187364]]]
2818	[[[2058.96002	1052.40005	925.8909604574131]]]
2819	[[[2059.32004	1052.52006	925.879580571718]]]
2820	[[[2059.32004	1052.64005	925.8740166466102]]]
2821	[[[2059.3200399999996	1052.76005	925.8745695277751]]]
2822	[[[2059.44003	1052.76005	925.8814730861319]]]
2823	[[[2058.96003	1052.8800500000002	925.8948903723764]]]
2824	[[[2058.96003	1052.88005	925.9149109262167]]]
2825	[[[2059.08003	1052.8800500000002	925.9415492806053]]]
2826	[[[2058.96003	1052.76004	925.9747446761888]]]
2827	[[[2058.8400300000003	1052.5200300000001	926.0143619761124]]]
2828	[[[2058.84003	1052.28002	926.0601937467854]]]
2829	[[[2058.6000099999997	1052.0400100000002	926.1119634469235]]]
2830	[[[2058.60001	1052.28002	926.1693296456618]]]
2831	[[[2058.8400100000003	1051.92002	926.2318911713177]]]
2832	[[[2058.84001	1052.16003	926.2991930759111]]]
2833	[[[2059.44001	1052.16003	926.3707332871882]]]
2834	[[[2059.56	1052.40002	926.4459698098842]]]
2835	[[[2059.44	1052.64003	926.5243283315019]]]
2836	[[[2059.56	1052.40004	926.6052100849863]]]
2837	[[[2059.68	1052.5200399999999	926.6879998213386]]]
2838	[[[2059.8	1052.40005	926.7720737492706]]]
2839	[[[2059.68	1052.64006	926.8568073062027]]]
2840	[[[2059.68	1052.64006	926.9415826349747]]]
2841	[[[2059.56	1053.0000599999998	927.0257956531328]]]
2842	[[[2060.0400099999997	1053.24006	927.10886261616]]]
2843	[[[2059.9200100000003	1053.3600700000002	927.1902260920449]]]
2844	[[[2060.1600100000005	1053.3600700000002	927.269360281598]]]
2845	[[[2060.4000100000003	1053.3600700000002	927.3457756364429]]]
2846	[[[2060.28001	1053.72007	927.4190227441104]]]
2847	[[[2060.28001	1053.8400800000002	927.488695466649]]]
2848	[[[2060.1600100000005	1054.3200700000002	927.5544333352306]]]
2849	[[[2060.52003	1054.08006	927.6159232179625]]]
2850	[[[2060.64003	1054.2000500000001	927.6729002912025]]]
2851	[[[2060.7600300000004	1054.32006	927.7251483558554]]]
2852	[[[2060.2800199999997	1054.20005	927.772499549247]]]
2853	[[[2060.64003	1054.44005	927.8148335101096]]]
2854	[[[2060.40003	1054.56006	927.8520760589569]]]
2855	[[[2060.16003	1054.68005	927.8841974587551]]]
2856	[[[2060.16003	1054.80004	927.911210321389]]]
2857	[[[2060.2800300000004	1054.56003	927.9331672242124]]]
2858	[[[2060.28003	1054.56003	927.9501580981505]]]
2859	[[[2060.0400099999997	1054.80004	927.9623074446996]]]
2860	[[[2060.0400099999997	1054.68005	927.9697714340082]]]
2861	[[[2060.16003	1054.92005	927.9727349303688]]]
2862	[[[2060.2800300000004	1054.80006	927.9714084851852]]]
2863	[[[2060.0400200000004	1054.56006	927.966025331121]]]
2864	[[[2060.40004	1054.80006	927.9568384049587]]]
2865	[[[2060.5200400000003	1054.9200700000001	927.944117420929]]]
2866	[[[2060.6400399999998	1054.80008	927.9281460111299]]]
2867	[[[2060.76006	1054.80008	927.9092189452829]]]
2868	[[[2060.4000800000003	1055.0400800000002	927.8876394385801]]]
2869	[[[2060.4000800000003	1055.0400800000002	927.8637165537973]]]
2870	[[[2060.4000800000003	1055.0400800000002	927.8377627022012]]]
2871	[[[2060.28006	1054.8000800000002	927.8100912469941]]]
2872	[[[2060.28006	1054.8000800000002	927.7810142130314]]]
2873	[[[2060.4000800000003	1054.56007	927.7508401071831]]]
2874	[[[2060.28006	1054.32007	927.71987185483]]]
2875	[[[2060.16006	1054.20006	927.688404859405]]]
2876	[[[2060.16006	1054.3200499999998	927.656725193433]]]
2877	[[[2060.04004	1054.5600600000002	927.6251079309898]]]
2878	[[[2060.52002	1054.44007	927.5938156327111]]]
2879	[[[2060.52002	1054.56006	927.5630969953093]]]
2880	[[[2060.40002	1054.56006	927.5331856778108]]]
2881	[[[2060.1600200000003	1054.56006	927.5042993163781]]]
2882	[[[2060.0400200000004	1054.56006	927.4766387385064]]]
2883	[[[2059.9199999999996	1054.80007	927.4503873856169]]]
2884	[[[2059.68	1055.16006	927.4257109505821]]]
2885	[[[2059.92	1055.04007	927.4027572336136]]]
2886	[[[2059.68001	1055.2800700000003	927.3816562162825]]]
2887	[[[2059.56001	1055.2800700000003	927.3625203493759]]]
2888	[[[2059.4400100000003	1055.04007	927.3454450459747]]]
2889	[[[2059.56001	1054.92008	927.3305093667071]]]
2890	[[[2059.56001	1054.92008	927.3177768798257]]]
2891	[[[2059.68001	1054.92008	927.3072966746893]]]
2892	[[[2059.80001	1054.92008	927.2991045036367]]]
2893	[[[2059.80001	1054.80007	927.2932240242293]]]
2894	[[[2059.6800200000002	1054.68008	927.2896681115815]]]
2895	[[[2059.6800200000002	1054.56007	927.2884402090733]]]
2896	[[[2059.9200100000003	1054.08007	927.2895356852347]]]
2897	[[[2059.9200100000003	1054.08007	927.2929431650442]]]
2898	[[[2060.0400099999997	1053.84006	927.2986458052567]]]
2899	[[[2060.0400099999997	1053.72005	927.3066224856912]]]
2900	[[[2059.8000199999997	1053.84004	927.3168488915113]]]
2901	[[[2059.80002	1053.72003	927.3292984653784]]]
2902	[[[2059.80002	1053.48002	927.3439432127659]]]
2903	[[[2059.6800200000002	1053.48002	927.3607543485587]]]
2904	[[[2059.92001	1053.00001	927.3797027781457]]]
2905	[[[2059.68001	1053.00001	927.4007594113549]]]
2906	[[[2059.80001	1053.1200199999998	927.4238953126335]]]
2907	[[[2059.80001	1052.7600200000002	927.4490816956179]]]
2908	[[[2059.20001	1052.64003	927.4762897745804]]]
2909	[[[2058.84002	1052.88003	927.5054904889823]]]
2910	[[[2059.08001	1052.5200300000001	927.536654120453]]]
2911	[[[2059.08001	1052.40003	927.5697498238351]]]
2912	[[[2059.08001	1052.28004	927.6047450954608]]]
2913	[[[2059.08001	1052.40005	927.6416052025368]]]
2914	[[[2059.08001	1052.52005	927.680292597415]]]
2915	[[[2058.96002	1052.52005	927.720766339686]]]
2916	[[[2058.84002	1052.28004	927.762981547502]]]
2917	[[[2058.7200199999997	1052.40003	927.8068888974178]]]
2918	[[[2059.0800200000003	1052.52002	927.8524341894399]]]
2919	[[[2058.72001	1052.16002	927.8995579910245]]]
2920	[[[2058.6000099999997	1052.16002	927.9481953705738]]]
2921	[[[2058.48001	1052.1600199999998	927.9982757276961]]]
2922	[[[2058.36001	1052.28001	928.0497227242219]]]
2923	[[[2058.12002	1052.16	928.1024543168171]]]
2924	[[[2058.12002	1052.28001	928.1563828891312]]]
2925	[[[2058.36001	1052.40002	928.2114154787936]]]
2926	[[[2058.24001	1052.52002	928.2674540923332]]]
2927	[[[2058.12002	1052.88002	928.3243960992615]]]
2928	[[[2058.48004	1053.00002	928.3821346951627]]]
2929	[[[2058.84005	1053.3600199999998	928.4405594226525]]]
2930	[[[2058.84005	1053.48002	928.4995567385383]]]
2931	[[[2058.96005	1053.60002	928.5590106153365]]]
2932	[[[2059.08005	1053.60002	928.6188031655096]]]
2933	[[[2059.20004	1053.12003	928.6788152772718]]]
2934	[[[2059.2000399999997	1052.76003	928.738927251545]]]
2935	[[[2058.96005	1052.52002	928.7990194305779]]]
2936	[[[2059.08005	1052.28003	928.858972809791]]]
2937	[[[2059.2000399999997	1051.68003	928.9186696255452]]]
2938	[[[2058.84002	1051.56003	928.9779939126927]]]
2939	[[[2058.96001	1051.20003	929.0368320269268]]]
2940	[[[2058.84002	1051.08003	929.095073128054]]]
2941	[[[2058.84002	1051.08003	929.1526096213644]]]
2942	[[[2058.7200199999997	1051.20003	929.2093375552373]]]
2943	[[[2058.7200199999997	1051.56002	929.265156973997]]]
2944	[[[2058.4800299999997	1052.04001	929.3199722258247]]]
2945	[[[2058.60002	1052.16001	929.3736922262248]]]
2946	[[[2058.36003	1052.2800000000002	929.4262306781677]]]
2947	[[[2058.48003	1052.76001	929.4775062505798]]]
2948	[[[2058.60003	1052.76001	929.527442717332]]]
2949	[[[2058.72003	1052.64002	929.5759690593097]]]
2950	[[[2058.72003	1052.64002	929.6230195325286]]]
2951	[[[2058.7200299999995	1052.40003	929.6685337055884]]]
2952	[[[2058.8400300000003	1052.28003	929.7124564700437]]]
2953	[[[2058.96003	1051.9200400000002	929.7547380275031]]]
2954	[[[2059.2000199999998	1051.68004	929.7953338574337]]]
2955	[[[2059.32002	1051.44005	929.8342046697533]]]
2956	[[[2059.56001	1051.56005	929.8713163463138]]]
2957	[[[2059.32002	1051.32004	929.9066398753012]]]
2958	[[[2059.2000199999998	1051.20005	929.9401512824064]]]
2959	[[[2059.0800200000003	1051.32004	929.9718315623402]]]
2960	[[[2059.0800200000003	1051.20005	930.0016666138533]]]
2961	[[[2059.0800200000003	1051.44004	930.0296471809182]]]
2962	[[[2058.96002	1051.44004	930.0557688020997]]]
2963	[[[2058.84002	1051.6800400000002	930.080031769412]]]
2964	[[[2058.84002	1051.68004	930.1024410971626]]]
2965	[[[2058.8400200000005	1051.8000299999999	930.1230065004072]]]
2966	[[[2058.84002	1051.8000299999999	930.1417423817436]]]
2967	[[[2059.08001	1051.68004	930.1586678242708]]]
2968	[[[2058.96002	1051.68004	930.1738065876673]]]
2969	[[[2059.08002	1051.44004	930.1871871035397]]]
2970	[[[2059.20001	1051.44004	930.1988424654916]]]
2971	[[[2058.8400300000003	1051.08004	930.2088104087932]]]
2972	[[[2058.36003	1050.9600500000001	930.2171332741307]]]
2973	[[[2058.24004	1050.9600500000001	930.2238579497003]]]
2974	[[[2058.24004	1050.36005	930.2290357858958]]]
2975	[[[2058.1200400000002	1050.12005	930.2327224770581]]]
2976	[[[2058.00004	1049.88006	930.234977905169]]]
2977	[[[2058.00004	1049.76005	930.2358659410218]]]
2978	[[[2058.12003	1049.5200500000003	930.2354541992397]]]
2979	[[[2058.1200300000005	1049.52005	930.2338137445297]]]
2980	[[[2058.24003	1049.40004	930.2310187477284]]]
2981	[[[2058.60001	1049.52005	930.227146091482]]]
2982	[[[2059.20001	1049.40004	930.22227492675]]]
2983	[[[2059.2000099999996	1049.2800300000001	930.2164861827192]]]
2984	[[[2058.72001	1049.5200300000001	930.2098620340873]]]
2985	[[[2058.8400100000003	1049.40004	930.2024853309858]]]
2986	[[[2058.96001	1048.80004	930.1944389980439]]]
2987	[[[2058.7200199999997	1048.68005	930.1858054101665]]]
2988	[[[2058.72002	1048.68005	930.1766657535076]]]
2989	[[[2058.48003	1048.56006	930.1670993808355]]]
2990	[[[2058.60003	1048.2000600000001	930.1571831709589]]]
2991	[[[2058.4800299999997	1047.96006	930.1469909021413]]]
2992	[[[2057.8800300000003	1047.72006	930.1365926494227]]]
2993	[[[2058.1200200000003	1047.72006	930.1260542155338]]]
2994	[[[2058.36003	1047.60007	930.1154366045997]]]
2995	[[[2058.24003	1047.48006	930.1047955471329]]]
2996	[[[2058.12003	1047.7200500000001	930.0941810839051]]]
2997	[[[2058.12003	1047.60004	930.0836372151967]]]
2998	[[[2058.00004	1047.4800300000002	930.0732016206923]]]
2999	[[[2058.00004	1047.36002	930.0629054539193]]]
3000	[[[2057.64005	1047.3600199999998	930.0527732136883]]]
3001	[[[2057.64005	1047.24001	930.0428226934864]]]
3002	[[[2058.12005	1047.12001	930.0330650082536]]]
3003	[[[2057.76007	1046.64002	930.0235046964593]]]
3004	[[[2057.76007	1046.52001	930.0141398939256]]]
3005	[[[2057.88007	1046.04002	930.0049625744552]]]
3006	[[[2057.76008	1045.92002	929.9959588510106]]]
3007	[[[2057.88007	1045.8000200000001	929.9871093300387]]]
3008	[[[2058.00006	1045.56003	929.9783895104918]]]
3009	[[[2057.88007	1045.20003	929.9697702182555]]]
3010	[[[2058.00006	1045.08004	929.9612180660195]]]
3011	[[[2058.00006	1044.9600400000002	929.9526959281599]]]
3012	[[[2058.0000600000003	1044.48004	929.9441634199577]]]
3013	[[[2058.12005	1044.60003	929.935577370458]]]
3014	[[[2058.12005	1044.48003	929.9268922784908]]]
3015	[[[2057.88006	1044.84002	929.9180607418423]]]
3016	[[[2058.0000499999996	1044.60002	929.9090338502767]]]
3017	[[[2058.0000499999996	1044.48003	929.8997615340734]]]
3018	[[[2058.00005	1044.4800300000002	929.8901928609528]]]
3019	[[[2058.1200400000002	1044.60004	929.8802762757089]]]
3020	[[[2057.88006	1044.4800300000002	929.8699597785338]]]
3021	[[[2057.88006	1044.24003	929.8591910398973]]]
3022	[[[2057.88006	1044.4800300000002	929.8479174518765]]]
3023	[[[2058.0000499999996	1044.2400300000002	929.8360861180306]]]
3024	[[[2057.88006	1044.1200400000002	929.82364378619]]]
3025	[[[2058.00005	1043.88004	929.810536730861]]]
3026	[[[2058.0000499999996	1044.00005	929.7967105942728]]]
3027	[[[2058.12005	1044.1200400000002	929.7821101973343]]]
3028	[[[2058.0000600000003	1044.48004	929.7666793338738]]]
3029	[[[2058.12005	1044.60003	929.7503605634162]]]
3030	[[[2058.2400399999997	1044.7200400000002	929.73309501934]]]
3031	[[[2058.12005	1044.7200400000002	929.7148222504678]]]
3032	[[[2057.88007	1044.72004	929.6954801149111]]]
3033	[[[2057.76008	1044.72004	929.6750047452311]]]
3034	[[[2058.00006	1044.7200400000002	929.6533306036488]]]
3035	[[[2058.00006	1044.36004	929.6303906450643]]]
3036	[[[2057.88007	1044.36004	929.6061166040166]]]
3037	[[[2057.52009	1044.00005	929.5804394193954]]]
3038	[[[2057.4001	1043.40005	929.5532898077117]]]
3039	[[[2057.4001	1043.16005	929.5245989920719]]]
3040	[[[2057.1600900000003	1043.28004	929.4942995897247]]]
3041	[[[2057.2800799999995	1043.16005	929.4623266562388]]]
3042	[[[2057.2800799999995	1043.16005	929.428618879106]]]
3043	[[[2057.28008	1043.04006	929.3931199080062]]]
3044	[[[2057.1600900000003	1042.80006	929.3557798032076]]]
3045	[[[2057.0400999999997	1043.04007	929.3165565778378]]]
3046	[[[2057.1600900000003	1042.80007	929.2754178041711]]]
3047	[[[2057.28008	1042.80007	929.232342248864]]]
3048	[[[2057.2800799999995	1042.80007	929.1873214974196]]]
3049	[[[2057.0400999999997	1042.6800799999999	929.1403615242689]]]
3050	[[[2057.28011	1042.4400799999999	929.0914841619106]]]
3051	[[[2057.0401300000003	1042.4400799999999	929.0407284207329]]]
3052	[[[2057.52011	1042.5600900000002	928.9881516105995]]]
3053	[[[2057.6400999999996	1042.5600900000002	928.9338302161311]]]
3054	[[[2057.52011	1042.5600900000002	928.8778604799638]]]
3055	[[[2057.6401	1042.8000900000002	928.8203586521398]]]
3056	[[[2057.40012	1042.8000900000002	928.7614608691895]]]
3057	[[[2057.52011	1042.8000900000002	928.7013226333672]]]
3058	[[[2057.76009	1042.8000900000002	928.6401178707674]]]
3059	[[[2058.00007	1043.04009	928.5780375565498]]]
3060	[[[2058.12006	1042.9201	928.5152879060439]]]
3061	[[[2058.36004	1042.9201	928.4520881417806]]]
3062	[[[2058.0000499999996	1042.80009	928.3886678583143]]]
3063	[[[2057.52005	1042.80009	928.3252640186232]]]
3064	[[[2057.64004	1042.80009	928.2621176276537]]]
3065	[[[2057.6400399999998	1042.4400799999999	928.1994701397689]]]
3066	[[[2057.76003	1042.32007	928.1375596671636]]]
3067	[[[2057.64004	1042.20006	928.0766170653171]]]
3068	[[[2057.52005	1042.20006	928.0168619789614]]]
3069	[[[2057.52005	1041.84005	927.9584989375473]]]
3070	[[[2057.40006	1041.84005	927.9017135924996]]]
3071	[[[2057.40006	1041.72004	927.8466691895386]]]
3072	[[[2057.40006	1041.48004	927.7935033677819]]]
3073	[[[2057.8800599999995	1041.36003	927.7423253732547]]]
3074	[[[2057.76007	1041.36003	927.693213767775]]]
3075	[[[2057.76007	1041.36003	927.6462147050801]]]
3076	[[[2057.8800600000004	1041.36003	927.6013408346769]]]
3077	[[[2057.88006	1041.2400300000002	927.5585708804783]]]
3078	[[[2058.0000499999996	1041.36002	927.5178499261762]]]
3079	[[[2057.88006	1041.36002	927.4790904228319]]]
3080	[[[2057.88006	1041.24001	927.4421739168408]]]
3081	[[[2057.64008	1041.12001	927.4069534786362]]]
3082	[[[2057.76007	1041.4800200000002	927.3732567948113]]]
3083	[[[2057.76007	1041.4800200000002	927.340889869208]]]
3084	[[[2057.88006	1041.24001	927.3096412624584]]]
3085	[[[2057.76007	1041.60002	927.2792867849478]]]
3086	[[[2057.6400799999997	1041.4800200000002	927.2495945456158]]]
3087	[[[2057.64008	1041.48002	927.2203302488055]]]
3088	[[[2057.4001	1041.00003	927.1912626238233]]]
3089	[[[2057.28011	1040.88003	927.1621688672178]]]
3090	[[[2057.4001	1040.5200300000001	927.1328399761693]]]
3091	[[[2057.4001	1040.40004	927.1030858528705]]]
3092	[[[2057.28011	1039.92003	927.0727400643354]]]
3093	[[[2057.1601199999996	1039.92003	927.041664149577]]]
3094	[[[2057.04013	1039.92003	927.0097513763488]]]
3095	[[[2057.16012	1039.44002	926.9769298623387]]]
3096	[[[2057.28011	1039.32003	926.9431649905009]]]
3097	[[[2057.4001	1039.32003	926.9084610647063]]]
3098	[[[2057.52009	1039.08003	926.8728621695778]]]
3099	[[[2057.76007	1038.96004	926.836452216844]]]
3100	[[[2057.76007	1039.08005	926.7993541792081]]]
3101	[[[2058.0000499999996	1039.08005	926.7617285311562]]]
3102	[[[2058.2400399999997	1039.2000500000001	926.7237709338057]]]
3103	[[[2058.3600300000003	1038.72006	926.6857092173689]]]
3104	[[[2058.1200099999996	1038.72006	926.6477997296952]]]
3105	[[[2058.1200099999996	1038.84006	926.6103231322838]]]
3106	[[[2058.12001	1038.84006	926.5735797358611]]]
3107	[[[2058.1200099999996	1038.72007	926.537884475863]]]
3108	[[[2058.24	1039.08006	926.5035616338357]]]
3109	[[[2058.12001	1039.08006	926.4709394137681]]]
3110	[[[2058.00002	1039.08006	926.4403444827678]]]
3111	[[[2058.00002	1039.08006	926.4120965832986]]]
3112	[[[2057.6400399999998	1038.72006	926.3865033196402]]]
3113	[[[2057.6400399999998	1039.08005	926.3638552144548]]]
3114	[[[2057.88006	1038.84005	926.3444211226542]]]
3115	[[[2057.8800600000004	1038.6000600000002	926.3284440794257]]]
3116	[[[2057.64008	1038.6000600000002	926.3161376476421]]]
3117	[[[2057.76008	1038.84005	926.3076828172801]]]
3118	[[[2057.64009	1038.60005	926.3032254962685]]]
3119	[[[2057.64009	1038.48004	926.3028746187189]]]
3120	[[[2057.5201	1038.3600300000003	926.3067008830955]]]
3121	[[[2057.2801200000004	1038.36003	926.3147361198851]]]
3122	[[[2057.40011	1038.48004	926.3269732759796]]]
3123	[[[2057.16013	1038.36005	926.3433669915778]]]
3124	[[[2057.2801200000004	1038.48006	926.3638347351128]]]
3125	[[[2057.04014	1038.36005	926.3882584527224]]]
3126	[[[2057.04014	1038.60004	926.4164866811883]]]
3127	[[[2056.80015	1038.36005	926.4483370671833]]]
3128	[[[2057.04014	1038.12005	926.483599231103]]]
3129	[[[2057.04014	1038.1200500000002	926.5220379107207]]]
3130	[[[2057.40012	1037.8800500000002	926.5633963183561]]]
3131	[[[2057.0401	1037.7600400000001	926.6073996451071]]]
3132	[[[2056.92011	1037.52004	926.6537586468752]]]
3133	[[[2056.8000899999997	1037.64003	926.7021732492861]]]
3134	[[[2056.6801	1037.52002	926.7523361120362]]]
3135	[[[2056.6801	1037.40003	926.8039360975283]]]
3136	[[[2056.9200800000003	1036.8000299999999	926.85666159375]]]
3137	[[[2056.8000899999997	1036.44002	926.9102036470262]]]
3138	[[[2056.68009	1036.44002	926.9642588663895]]]
3139	[[[2056.6800900000003	1036.3200299999999	927.0185320677226]]]
3140	[[[2056.2000900000003	1036.32003	927.0727386323597]]]
3141	[[[2056.56011	1036.20004	927.1266065614067]]]
3142	[[[2056.6801	1036.20004	927.1798782134808]]]
3143	[[[2057.0400999999997	1035.9600400000002	927.2323117198208]]]
3144	[[[2057.0401	1035.8400500000002	927.2836820766559]]]
3145	[[[2057.28008	1035.7200400000002	927.3337819202931]]]
3146	[[[2057.2800799999995	1035.8400500000002	927.3824219955073]]]
3147	[[[2057.0400600000003	1035.96006	927.4294313324611]]]
3148	[[[2056.92007	1035.96006	927.4746571515088]]]
3149	[[[2056.9200699999997	1035.8400500000002	927.5179645188082]]]
3150	[[[2057.28007	1035.8400500000002	927.5592357786878]]]
3151	[[[2057.40006	1036.08005	927.5983697911619]]]
3152	[[[2057.52005	1035.84004	927.6352810048735]]]
3153	[[[2057.6400500000004	1035.72005	927.6698983970743]]]
3154	[[[2057.88003	1035.6000399999998	927.7021643130283]]]
3155	[[[2057.76004	1035.6000399999998	927.732033237472]]]
3156	[[[2057.7600399999997	1035.48003	927.7594705305025]]]
3157	[[[2058.12005	1035.3600199999998	927.7844511594891]]]
3158	[[[2058.2400399999997	1035.24002	927.8069584573734]]]
3159	[[[2058.60003	1035.36003	927.8269829360182]]]
3160	[[[2058.60003	1035.36003	927.8445211811479]]]
3161	[[[2058.48004	1034.64002	927.8595748528778]]]
3162	[[[2058.24006	1034.64002	927.8721498129353]]]
3163	[[[2058.1200599999997	1034.40001	927.8822553963979]]]
3164	[[[2058.12006	1034.16002	927.8899038422157]]]
3165	[[[2058.24005	1033.92003	927.8951098929314]]]
3166	[[[2058.2400499999994	1033.68004	927.8978905699271]]]
3167	[[[2058.24005	1033.56004	927.8982651262852]]]
3168	[[[2058.24005	1033.5600399999998	927.8962551749503]]]
3169	[[[2058.00005	1033.20004	927.8918849854554]]]
3170	[[[2058.00005	1033.3200499999998	927.8851819380386]]]
3171	[[[2058.24003	1033.56005	927.8761771196466]]]
3172	[[[2058.6000099999997	1033.4400600000001	927.8649060421627]]]
3173	[[[2058.3600300000003	1033.32007	927.8514094592902]]]
3174	[[[2058.36003	1033.3200700000002	927.8357342550016]]]
3175	[[[2058.36003	1033.3200700000002	927.8179343733575]]]
3176	[[[2058.3600300000003	1033.4400600000001	927.7980717569714]]]
3177	[[[2058.36003	1033.4400600000001	927.7762172594788]]]
3178	[[[2058.2400399999997	1033.68007	927.7524514961837]]]
3179	[[[2058.1200500000004	1033.6800700000001	927.7268655966503]]]
3180	[[[2057.88007	1033.6800700000001	927.6995618234647]]]
3181	[[[2057.88007	1033.56008	927.6706540227351]]]
3182	[[[2057.6400799999997	1033.68007	927.6402678741657]]]
3183	[[[2057.88006	1033.80006	927.6085409117434]]]
3184	[[[2058.00006	1033.80006	927.5756222901639]]]
3185	[[[2057.64006	1033.92005	927.5416722771008]]]
3186	[[[2057.7600599999996	1033.80006	927.5068614571603]]]
3187	[[[2058.00005	1033.92006	927.4713696398206]]]
3188	[[[2058.24004	1033.5600600000002	927.43538447067]]]
3189	[[[2058.4800299999997	1033.68005	927.3990997526951]]]
3190	[[[2058.84001	1033.2000400000002	927.3627134920895]]]
3191	[[[2058.8400100000003	1033.08003	927.3264256908118]]]
3192	[[[2059.2	1033.08003	927.2904359158056]]]
3193	[[[2059.32	1032.8400299999998	927.2549406821033]]]
3194	[[[2059.32	1032.84003	927.2201306938626]]]
3195	[[[2060.0400200000004	1032.84003	927.1861879934328]]]
3196	[[[2059.9200200000005	1032.8400299999998	927.1532830737053]]]
3197	[[[2059.92002	1032.36004	927.121572013027]]]
3198	[[[2059.92002	1032.2400300000002	927.0911936947344]]]
3199	[[[2059.80002	1031.88004	927.0622671747569]]]
3200	[[[2059.6800200000002	1031.88004	927.0348892606311]]]
3201	[[[2059.68002	1031.76005	927.0091323636358]]]
3202	[[[2059.44002	1031.52005	926.9850426825449]]]
3203	[[[2059.44002	1031.6400600000002	926.962638772753]]]
3204	[[[2059.44002	1031.40006	926.9419105482959]]]
3205	[[[2059.2	1031.04007	926.9228187566896]]]
3206	[[[2059.32	1030.80007	926.9052949576787]]]
3207	[[[2059.2	1030.80007	926.8892420271062]]]
3208	[[[2059.0800000000004	1030.80007	926.874535196395]]]
3209	[[[2059.2	1030.80007	926.8610236268294]]]
3210	[[[2059.08001	1030.68008	926.8485325061831]]]
3211	[[[2059.08001	1030.68008	926.8368656435384]]]
3212	[[[2059.08001	1030.5600900000002	926.8258085266914]]]
3213	[[[2058.96001	1030.68008	926.8151317955715]]]
3214	[[[2059.32002	1030.68008	926.8045950749595]]]
3215	[[[2059.2000199999998	1030.56007	926.7939511006687]]]
3216	[[[2059.08002	1030.4400600000001	926.7829500655465]]]
3217	[[[2059.0800200000003	1030.4400600000001	926.7713441053213]]]
3218	[[[2058.9600299999997	1030.56007	926.7588918396959]]]
3219	[[[2059.20005	1030.56007	926.7453628812433]]]
3220	[[[2059.32004	1030.4400600000001	926.7305422237414]]]
3221	[[[2059.4400400000004	1030.20005	926.7142344226171]]]
3222	[[[2059.32005	1030.08004	926.6962674831484]]]
3223	[[[2059.56005	1029.2400400000001	926.6764963769735]]]
3224	[[[2059.08004	1029.00003	926.6548061141693]]]
3225	[[[2058.96005	1028.76004	926.6311143065568]]]
3226	[[[2059.2000500000004	1028.64004	926.6053731677939]]]
3227	[[[2059.20005	1028.28004	926.5775709070138]]]
3228	[[[2059.44004	1027.68004	926.5477324850044]]]
3229	[[[2058.9600299999997	1027.8000299999999	926.5159197149499]]]
3230	[[[2059.08003	1027.68003	926.4822307032503]]]
3231	[[[2059.08003	1027.68003	926.4467986396178]]]
3232	[[[2059.2000199999998	1027.44004	926.4097899592027]]]
3233	[[[2058.8400300000003	1027.44004	926.3714019126037]]]
3234	[[[2058.96003	1027.32005	926.331859591983]]]
3235	[[[2059.2000199999998	1027.32005	926.2914124728419]]]
3236	[[[2058.96002	1027.32005	926.2503305410568]]]
3237	[[[2058.96002	1027.44004	926.2089000832759]]]
3238	[[[2058.84002	1027.44004	926.1674192255689]]]
3239	[[[2058.96001	1027.0800400000003	926.1261933100956]]]
3240	[[[2058.96001	1027.08004	926.0855302024429]]]
3241	[[[2058.96001	1027.32005	926.0457356230629]]]
3242	[[[2059.08001	1027.3200499999998	926.0071085949282]]]
3243	[[[2059.32	1027.56005	925.969937096131]]]
3244	[[[2059.32	1027.68004	925.9344940007497]]]
3245	[[[2059.2	1027.68004	925.9010333840512]]]
3246	[[[2059.2000000000003	1027.56005	925.8697872591213]]]
3247	[[[2059.44	1027.56005	925.8409628015803]]]
3248	[[[2059.6800000000003	1027.80004	925.8147401073687]]]
3249	[[[2059.92	1027.5600399999998	925.79127051598]]]
3250	[[[2060.04	1027.32004	925.7706755182877]]]
3251	[[[2060.04	1027.08003	925.7530462545861]]]
3252	[[[2060.1600000000003	1027.20002	925.7384435949758]]]
3253	[[[2060.5200099999997	1027.2000199999998	925.7268987811224]]]
3254	[[[2060.64001	1027.08003	925.7184145960175]]]
3255	[[[2061.00003	1026.96002	925.7129670169849]]]
3256	[[[2061.3600500000002	1026.8400100000001	925.7105072970971]]]
3257	[[[2061.48007	1026.60001	925.7109644116283]]]
3258	[[[2061.48007	1026.24001	925.7142477993744]]]
3259	[[[2061.48007	1026.24001	925.7202503237968]]]
3260	[[[2061.24007	1026.60001	925.7288513760572]]]
3261	[[[2061.24007	1026.3600099999999	925.7399200411879]]]
3262	[[[2061.24007	1026.12001	925.7533182498589]]]
3263	[[[2061.00006	1026.0000200000002	925.7689038413748]]]
3264	[[[2061.12008	1025.88001	925.7865334685699]]]
3265	[[[2061.0000600000003	1025.88001	925.8060652819702]]]
3266	[[[2060.76004	1025.88001	925.8273613387221]]]
3267	[[[2060.64002	1026.00002	925.8502896911405]]]
3268	[[[2060.64002	1026.12003	925.8747261199469]]]
3269	[[[2060.1600399999998	1026.0000400000001	925.9005554880965]]]
3270	[[[2060.28004	1025.64004	925.9276727021772]]]
3271	[[[2060.4000399999995	1025.280045	925.9559832793993]]]
3272	[[[2060.4000399999995	1025.160055	925.9854035288475]]]
3273	[[[2060.28004	1025.160055	926.0158603656779]]]
3274	[[[2060.1600200000003	1025.160055	926.0472907860037]]]
3275	[[[2060.1600200000003	1025.0400650000001	926.079641038133]]]
3276	[[[2059.92003	1025.2800650000001	926.1128655323852]]]
3277	[[[2059.80003	1025.1600549999998	926.1469255367969]]]
3278	[[[2059.80003	1025.0400450000002	926.1817877095384]]]
3279	[[[2060.28001	1025.160035	926.2174225207506]]]
3280	[[[2060.40001	1025.280045	926.2538026168179]]]
3281	[[[2060.28001	1025.6400400000002	926.2909011788519]]]
3282	[[[2060.28001	1025.6400400000002	926.3286903244971]]]
3283	[[[2060.52003	1025.160035	926.3671395982285]]]
3284	[[[2060.52003	1025.4000350000001	926.4062145902751]]]
3285	[[[2060.40003	1025.4000350000001	926.4458757183736]]]
3286	[[[2060.76002	1025.160035	926.4860771999635]]]
3287	[[[2061.00004	1024.8000399999999	926.5267662354163]]]
3288	[[[2060.88004	1024.9200500000002	926.5678824156718]]]
3289	[[[2060.52005	1024.80006	926.6093573604661]]]
3290	[[[2060.2800500000003	1024.6800500000002	926.651114586404]]]
3291	[[[2061.12007	1024.80006	926.6930695976182]]]
3292	[[[2061.0000700000005	1025.04006	926.7351301858735]]]
3293	[[[2061.00007	1025.160061	926.7771969218107]]]
3294	[[[2061.00007	1024.920061	926.819163814727]]]
3295	[[[2061.00007	1024.6800560000001	926.860919114894]]]
3296	[[[2060.88007	1024.9200560000002	926.9023462299887]]]
3297	[[[2060.6400500000004	1025.2800510000002	926.9433247257305]]]
3298	[[[2060.64005	1025.2800510000002	926.9837313802833]]]
3299	[[[2061.00004	1025.2800510000002	927.0234412623307]]]
3300	[[[2061.24004	1025.2800510000002	927.0623288038918]]]
3301	[[[2060.5200200000004	1025.0400510000002	927.1002688408295]]]
3302	[[[2060.52002	1024.8000510000002	927.1371375965173]]]
3303	[[[2060.4	1025.160055	927.1728135871541]]]
3304	[[[2060.2799999999997	1025.2800650000001	927.2071784306385]]]
3305	[[[2060.4	1025.52007	927.2401175446417]]]
3306	[[[2060.52	1025.28007	927.2715207234185]]]
3307	[[[2060.64	1025.16008	927.3012825868884]]]
3308	[[[2060.52	1025.0400700000002	927.3293028995138]]]
3309	[[[2060.4	1025.04007	927.3554867604096]]]
3310	[[[2060.2799999999997	1024.92008	927.3797446698742]]]
3311	[[[2060.2799999999997	1025.16008	927.4019924810895]]]
3312	[[[2060.1600000000003	1025.28007	927.42215124902]]]
3313	[[[2060.04	1025.1600600000002	927.4401469915367]]]
3314	[[[2060.4000100000003	1025.4000500000002	927.4559103804391]]]
3315	[[[2060.28001	1025.52004	927.4693763823283]]]
3316	[[[2059.9200200000005	1025.40005	927.4804838711605]]]
3317	[[[2059.80002	1025.5200399999999	927.4891752357519]]]
3318	[[[2059.92002	1025.5200399999999	927.4953960064828]]]
3319	[[[2059.80002	1025.64003	927.4990945259258]]]
3320	[[[2059.6800200000002	1025.64003	927.5002216880669]]]
3321	[[[2059.56002	1025.5200200000002	927.49873077017]]]
3322	[[[2059.68002	1025.5200200000002	927.4945773801222]]]
3323	[[[2059.6800200000002	1025.64003	927.4877195402372]]]
3324	[[[2059.3200100000004	1025.64003	927.4781179260248]]]
3325	[[[2059.3200100000004	1025.64003	927.4657362752699]]]
3326	[[[2059.56	1025.88003	927.4505419789705]]]
3327	[[[2059.5600000000004	1026.0000400000001	927.4325068612409]]]
3328	[[[2059.5600000000004	1026.12005	927.4116081502652]]]
3329	[[[2059.56	1026.4800500000001	927.3878296368096]]]
3330	[[[2059.6800000000003	1026.84004	927.3611630108137]]]
3331	[[[2059.6800000000003	1027.08004	927.3316093602473]]]
3332	[[[2059.6800000000003	1027.32004	927.2991808098961]]]
3333	[[[2059.68	1027.32004	927.2639022712183]]]
3334	[[[2059.6800000000003	1027.2000400000002	927.2258132680339]]]
3335	[[[2059.8	1027.3200499999998	927.184969796813]]]
3336	[[[2059.6800000000003	1027.2000400000002	927.141446174914]]]
3337	[[[2059.68	1027.2000400000002	927.0953368255147]]]
3338	[[[2059.68	1027.2000400000002	927.046757944387]]]
3339	[[[2059.6800000000003	1026.600046	926.9958489913117]]]
3340	[[[2059.56	1026.4800559999999	926.9427739479728]]]
3341	[[[2059.44	1026.360066	926.887722284788]]]
3342	[[[2059.44	1026.240076	926.8309095814295]]]
3343	[[[2059.44	1026.240076	926.7725777498324]]]
3344	[[[2059.4399999999996	1026.1200860000001	926.7129948143017]]]
3345	[[[2059.3200000000006	1026.240076	926.6524542108737]]]
3346	[[[2059.32	1026.480076	926.5912735772472]]]
3347	[[[2059.32	1026.600066	926.529793015238]]]
3348	[[[2059.56002	1026.840056	926.4683728195685]]]
3349	[[[2059.6800200000002	1027.44005	926.4073906796442]]]
3350	[[[2059.80002	1027.68004	926.3472383744281]]]
3351	[[[2059.80002	1027.8000299999999	926.2883179942546]]]
3352	[[[2059.92002	1027.6800200000002	926.2310377370175]]]
3353	[[[2059.92002	1027.92001	926.175807339226]]]
3354	[[[2059.9200200000005	1028.28001	926.1230332144896]]]
3355	[[[2059.9200200000005	1028.40001	926.073113382716]]]
3356	[[[2060.04002	1028.4000099999998	926.0264322822604]]]
3357	[[[2059.9200200000005	1028.40001	925.983355564126]]]
3358	[[[2059.6800000000003	1028.40001	925.9442249718135]]]
3359	[[[2059.68	1028.40001	925.9093534123006]]]
3360	[[[2059.8	1028.52002	925.8790203228061]]]
3361	[[[2059.92	1028.64002	925.853467434336]]]
3362	[[[2059.8	1029.12003	925.832895026621]]]
3363	[[[2059.6800000000003	1029.00003	925.8174587599885]]]
3364	[[[2059.32002	1028.76002	925.8072671582252]]]
3365	[[[2059.32002	1028.64002	925.8023798028228]]]
3366	[[[2059.08003	1028.64002	925.8028062835592]]]
3367	[[[2059.20003	1028.64002	925.8085059335324]]]
3368	[[[2059.08003	1028.5200200000002	925.8193883590404]]]
3369	[[[2059.08003	1028.4000199999998	925.8353147565701]]]
3370	[[[2058.96003	1028.40002	925.8560999911351]]]
3371	[[[2058.96003	1028.2800199999997	925.881515392832]]]
3372	[[[2058.7200399999997	1027.92002	925.9112922122256]]]
3373	[[[2058.72004	1027.92002	925.9451256605273]]]
3374	[[[2059.0800200000003	1027.92002	925.9826794478662]]]
3375	[[[2058.96002	1028.04002	926.0235907226643]]]
3376	[[[2059.08001	1028.04002	926.0674753074248]]]
3377	[[[2058.96001	1028.04002	926.1139331213732]]]
3378	[[[2059.08001	1028.1600199999998	926.1625536783989]]]
3379	[[[2059.08001	1028.16002	926.2129215496676]]]
3380	[[[2059.08001	1028.16002	926.2646216840137]]]
3381	[[[2058.84002	1028.16002	926.317244485608]]]
3382	[[[2058.9600100000002	1028.28001	926.3703905571878]]]
3383	[[[2058.96001	1028.28001	926.4236750280227]]]
3384	[[[2058.84001	1028.0400100000002	926.476731398387]]]
3385	[[[2058.60003	1027.80002	926.5292148462337]]]
3386	[[[2058.60003	1027.8000200000001	926.5808049565651]]]
3387	[[[2058.3600500000002	1027.8000200000001	926.6312078492303]]]
3388	[[[2058.12006	1027.8000200000001	926.6801576961152]]]
3389	[[[2058.00006	1027.80002	926.7274176335019]]]
3390	[[[2058.00006	1027.56001	926.7727800893678]]]
3391	[[[2058.12005	1027.56001	926.8160665582375]]]
3392	[[[2058.0000600000003	1027.56001	926.8571268675821]]]
3393	[[[2057.76008	1027.92001	926.8958379894495]]]
3394	[[[2057.76008	1028.28001	926.9321024588455]]]
3395	[[[2058.0000600000003	1028.4	926.9658464662413]]]
3396	[[[2058.00006	1028.6400099999998	926.9970176954155]]]
3397	[[[2058.12005	1028.6400099999998	927.0255829796928]]]
3398	[[[2058.12005	1028.28001	927.0515258495309]]]
3399	[[[2058.00006	1028.40001	927.0748440425289]]]
3400	[[[2057.88006	1028.64002	927.0955470433762]]]
3401	[[[2057.8800600000004	1028.64002	927.1136537162756]]]
3402	[[[2057.6400499999995	1028.64002	927.1291900861618]]]
3403	[[[2057.76004	1028.5200300000001	927.1421873178293]]]
3404	[[[2058.00004	1028.6400399999998	927.1526799341349]]]
3405	[[[2057.7600599999996	1028.64004	927.1607043059842]]]
3406	[[[2057.52008	1028.5200300000001	927.1662974380821]]]
3407	[[[2057.40009	1028.64003	927.1694960656469]]]
3408	[[[2057.2801000000004	1028.8800299999998	927.1703360686512]]]
3409	[[[2057.04009	1028.76003	927.1688522018381]]]
3410	[[[2057.04009	1028.52002	927.1650781309239]]]
3411	[[[2056.80011	1028.64002	927.1590467581603]]]
3412	[[[2057.0401200000006	1028.7600200000002	927.1507908138989]]]
3413	[[[2057.04012	1028.6400099999998	927.1403436850482]]]
3414	[[[2056.6801299999997	1028.4	927.1277404464097]]]
3415	[[[2056.6801299999997	1028.4	927.1130190568367]]]
3416	[[[2056.68013	1028.52001	927.0962216790361]]]
3417	[[[2056.80012	1028.52001	927.077396079593]]]
3418	[[[2056.80012	1028.7600200000002	927.0565970644714]]]
3419	[[[2057.04013	1029.00003	927.0338879047968]]]
3420	[[[2057.16013	1029.2400400000001	927.0093417081431]]]
3421	[[[2057.0401100000004	1029.36005	926.9830426918008]]]
3422	[[[2056.9201199999998	1029.48006	926.9550873165597]]]
3423	[[[2057.16011	1029.84007	926.9255852423621]]]
3424	[[[2057.04012	1030.0800800000002	926.8946600707156]]]
3425	[[[2056.9201000000003	1030.20008	926.8624498429801]]]
3426	[[[2056.80008	1030.4400799999999	926.8291072684426]]]
3427	[[[2056.80008	1030.68008	926.7947996614843]]]
3428	[[[2056.5600600000002	1030.80007	926.7597085729536]]]
3429	[[[2056.5600600000002	1030.80007	926.7240291070942]]]
3430	[[[2055.84006	1030.80007	926.6879689218649]]]
3431	[[[2055.84006	1030.6800600000001	926.6517469171682]]]
3432	[[[2055.72004	1030.92006	926.6155916222348]]]
3433	[[[2055.36006	1030.6800600000001	926.5797393000723]]]
3434	[[[2055.24004	1030.44005	926.5444317933445]]]
3435	[[[2055.36006	1030.44005	926.5099141421515]]]
3436	[[[2055.4800800000003	1030.20005	926.4764320098104]]]
3437	[[[2055.24007	1029.9600500000001	926.4442289577286]]]
3438	[[[2055.48009	1029.72005	926.4135436147102]]]
3439	[[[2055.48009	1029.48004	926.3846067893976]]]
3440	[[[2055.7200900000003	1029.36003	926.3576385769363]]]
3441	[[[2055.9601000000002	1029.24003	926.3328455122689]]]
3442	[[[2056.08012	1028.88002	926.3104178226528]]]
3443	[[[2056.9201000000003	1028.88002	926.2905268310251]]]
3444	[[[2057.16011	1029.12003	926.2733225596992]]]
3445	[[[2057.52009	1029.12003	926.2589315805974]]]
3446	[[[2057.52009	1029.36003	926.247455153868]]]
3447	[[[2057.52009	1029.1200400000002	926.2389676913845]]]
3448	[[[2057.64008	1029.24005	926.2335155754079]]]
3449	[[[2057.40007	1029.2400499999999	926.2311163557573]]]
3450	[[[2057.64008	1029.2400499999999	926.2317583413393]]]
3451	[[[2057.64008	1029.2400499999999	926.2354005940473]]]
3452	[[[2057.76007	1029.12005	926.2419733250326]]]
3453	[[[2057.0400799999998	1028.88004	926.2513786853955]]]
3454	[[[2057.0400799999998	1028.5200399999999	926.2634919356562]]]
3455	[[[2056.56008	1028.64005	926.2781629711377]]]
3456	[[[2056.68007	1028.28004	926.2952181738108]]]
3457	[[[2056.92008	1028.52003	926.3144625554078]]]
3458	[[[2056.6800699999994	1028.52003	926.3356821518037]]]
3459	[[[2057.04007	1028.64003	926.3586466249575]]]
3460	[[[2057.04007	1028.40004	926.3831120261362]]]
3461	[[[2057.04007	1028.40004	926.4088236727675]]]
3462	[[[2056.92008	1028.2800499999998	926.4355190910949]]]
3463	[[[2056.68007	1028.04005	926.4629309777845]]]
3464	[[[2056.68007	1028.1600400000002	926.4907901357053]]]
3465	[[[2057.04007	1027.4400360000002	926.5188283421433]]]
3466	[[[2056.92008	1027.2000460000002	926.5467811116101]]]
3467	[[[2056.80009	1026.840046	926.5743903199822]]]
3468	[[[2056.92011	1026.4800460000001	926.6014066617827]]]
3469	[[[2056.92011	1025.880052	926.6275919178282]]]
3470	[[[2056.80012	1025.880052	926.6527210159829]]]
3471	[[[2056.92011	1025.400058	926.6765838732232]]]
3472	[[[2056.92011	1025.280048	926.6989870124241]]]
3473	[[[2057.2801099999997	1025.5200479999999	926.7197549520912]]]
3474	[[[2057.28011	1025.400058	926.7387313714999]]]
3475	[[[2057.16012	1025.640052	926.7557800573101]]]
3476	[[[2057.28011	1025.400052	926.7707856405581]]]
3477	[[[2057.4001	1025.520062	926.7836541349831]]]
3478	[[[2057.4001	1025.640052	926.7943132889011]]]
3479	[[[2057.28011	1026.000056	926.8027127633064]]]
3480	[[[2057.2801099999997	1025.760056	926.8088241486187]]]
3481	[[[2057.1601199999996	1026.12006	926.8126408316078]]]
3482	[[[2057.16012	1026.12006	926.8141777226031]]]
3483	[[[2057.28012	1026.24006	926.8134708512725]]]
3484	[[[2056.8001099999997	1026.24006	926.8105768372016]]]
3485	[[[2056.80011	1026.48006	926.8055722393359]]]
3486	[[[2056.3201	1026.8400500000002	926.7985527862672]]]
3487	[[[2056.0800900000004	1027.08004	926.7896324874582]]]
3488	[[[2056.3200699999998	1026.84004	926.7789426239754]]]
3489	[[[2056.20008	1026.84004	926.7666306162498]]]
3490	[[[2056.20008	1027.08004	926.7528587658933]]]
3491	[[[2056.5600700000005	1027.2000300000002	926.7378028687484]]]
3492	[[[2056.6800599999997	1027.44003	926.7216506971729]]]
3493	[[[2056.32008	1027.5600399999998	926.7046003510562]]]
3494	[[[2056.6801000000005	1027.92004	926.6868584792098]]]
3495	[[[2056.6801	1027.8000500000003	926.668638375505]]]
3496	[[[2057.2801	1027.92005	926.6501579573593]]]
3497	[[[2057.52011	1027.80005	926.6316376377752]]]
3498	[[[2057.5201100000004	1028.04005	926.6132981059809]]]
3499	[[[2057.2800899999997	1027.9200400000002	926.5953580356456]]]
3500	[[[2057.40008	1027.9200400000002	926.5780317434928]]]
3501	[[[2057.16008	1027.92004	926.5615268247404]]]
3502	[[[2057.04009	1028.16005	926.5460417949764]]]
3503	[[[2057.04009	1027.9200400000002	926.5317637707163]]]
3504	[[[2057.28007	1027.68003	926.5188662228175]]]
3505	[[[2057.40006	1027.92002	926.5075068380432]]]
3506	[[[2057.28007	1027.80002	926.4978255242983]]]
3507	[[[2057.16008	1027.68003	926.4899425943352]]]
3508	[[[2057.16008	1027.56004	926.4839571610415]]]
3509	[[[2057.4001	1028.04005	926.4799457747773]]]
3510	[[[2057.04009	1028.04005	926.477961329692]]]
3511	[[[2056.80011	1027.92006	926.4780322615882]]]
3512	[[[2056.9201000000003	1027.6800500000002	926.4801620548475]]]
3513	[[[2057.16008	1027.5600600000002	926.484329070304]]]
3514	[[[2057.04009	1027.44007	926.4904866999372]]]
3515	[[[2057.04009	1027.20008	926.4985638480132]]]
3516	[[[2056.56008	1027.0800900000002	926.5084657320301]]]
3517	[[[2056.68007	1027.20008	926.5200749907001]]]
3518	[[[2056.56008	1027.20008	926.5332530804175]]]
3519	[[[2056.68007	1026.96007	926.547841936389]]]
3520	[[[2057.16007	1027.2000600000001	926.5636658699834]]]
3521	[[[2057.28006	1027.32005	926.5805336700399]]]
3522	[[[2057.4000499999997	1027.3200499999998	926.5982408729351]]]
3523	[[[2057.28006	1027.32005	926.6165721642408]]]
3524	[[[2057.1600699999995	1027.32005	926.6353038738223]]]
3525	[[[2056.92009	1027.32005	926.6542065262362]]]
3526	[[[2057.4001	1027.3200499999998	926.6730474092516]]]
3527	[[[2057.16009	1027.56006	926.6915931251713]]]
3528	[[[2057.0400999999997	1027.5600600000002	926.709612092251]]]
3529	[[[2056.92011	1027.44007	926.7268769668113]]]
3530	[[[2057.0401100000004	1027.68007	926.7431669604209]]]
3531	[[[2057.04011	1027.68007	926.7582700306705]]]
3532	[[[2057.04011	1027.5600800000002	926.7719849283642]]]
3533	[[[2057.0401100000004	1027.80007	926.7841230882626]]]
3534	[[[2057.28009	1027.80007	926.7945103546447]]]
3535	[[[2057.2800899999997	1027.92006	926.8029885367736]]]
3536	[[[2057.4000800000003	1027.9200600000001	926.8094167927022]]]
3537	[[[2057.5201	1027.6800500000002	926.8136728426198]]]
3538	[[[2057.76008	1027.8000399999999	926.8156540150724]]]
3539	[[[2058.0000600000003	1028.04003	926.8152781307784]]]
3540	[[[2057.88006	1027.68003	926.8124842294419]]]
3541	[[[2057.88006	1027.68003	926.8072331449181]]]
3542	[[[2057.7600700000003	1027.92002	926.7995079333834]]]
3543	[[[2057.88006	1027.80002	926.7893141578695]]]
3544	[[[2057.64008	1027.92001	926.7766800307643]]]
3545	[[[2057.64008	1027.92001	926.7616564137855]]]
3546	[[[2057.4001	1028.04	926.7443166726656]]]
3547	[[[2057.52009	1027.8	926.7247563814879]]]
3548	[[[2057.52009	1027.8	926.7030928694879]]]
3549	[[[2057.2801099999997	1027.56001	926.679464601325]]]
3550	[[[2057.16012	1027.56001	926.654030380511]]]
3551	[[[2057.28011	1027.56001	926.6269683649828]]]
3552	[[[2057.2801099999997	1027.56001	926.5984748838671]]]
3553	[[[2057.0401300000003	1027.5600100000001	926.5687630453734]]]
3554	[[[2057.16012	1027.56001	926.5380611275384]]]
3555	[[[2057.16012	1027.56001	926.506610746248]]]
3556	[[[2057.2801099999997	1027.56001	926.4746647985555]]]
3557	[[[2057.16012	1027.80001	926.4424851837528]]]
3558	[[[2057.0401300000003	1027.92001	926.4103403098136]]]
3559	[[[2057.04013	1028.5200099999997	926.3785023986131]]]
3560	[[[2056.80012	1028.52001	926.3472446095245]]]
3561	[[[2056.56014	1028.52001	926.3168380074712]]]
3562	[[[2056.4401500000004	1028.52001	926.287548407977]]]
3563	[[[2056.44015	1028.5200099999997	926.2596331380698]]]
3564	[[[2056.56014	1028.52001	926.2333377577352]]]
3565	[[[2057.04012	1028.7600200000002	926.2088927918321]]]
3566	[[[2057.1601100000003	1028.76002	926.1865105266979]]]
3567	[[[2057.2801	1028.7600200000002	926.1663819289146]]]
3568	[[[2058.00009	1029.12003	926.1486737456986]]]
3569	[[[2058.1200799999997	1028.64002	926.1335258469766]]]
3570	[[[2058.36009	1028.64002	926.1210488683137]]]
3571	[[[2058.60007	1028.64002	926.1113222114052]]]
3572	[[[2058.7200599999996	1028.52002	926.1043924548374]]]
3573	[[[2058.72006	1028.5200200000002	926.1002722222693]]]
3574	[[[2058.60007	1028.76003	926.0989395481902]]]
3575	[[[2058.3600699999997	1028.52002	926.1003377730956]]]
3576	[[[2058.2400799999996	1028.64002	926.1043759904408]]]
3577	[[[2058.12009	1028.64002	926.1109300573196]]]
3578	[[[2057.52009	1028.28001	926.1198441696775]]]
3579	[[[2057.4001	1028.40001	926.130932991299]]]
3580	[[[2057.52009	1028.5200099999997	926.1439843140668]]]
3581	[[[2057.4001	1028.6400099999998	926.1587622153763]]]
3582	[[[2057.4001	1028.76001	926.1750106673971]]]
3583	[[[2057.64008	1028.76001	926.1924575423811]]]
3584	[[[2057.40007	1028.52	926.2108189487086]]]
3585	[[[2057.40007	1028.76001	926.2298038240712]]]
3586	[[[2057.4000699999997	1028.64001	926.2491187053529]]]
3587	[[[2057.52006	1028.6400099999998	926.2684725895627]]]
3588	[[[2057.28008	1028.5200099999997	926.2875817967437]]]
3589	[[[2057.28008	1028.88002	926.3061747442337]]]
3590	[[[2057.0400999999997	1028.7600200000002	926.323996542066]]]
3591	[[[2056.92011	1028.7600200000002	926.3408133216304]]]
3592	[[[2056.92011	1028.64002	926.3564162140094]]]
3593	[[[2056.80012	1028.40002	926.3706249005027]]]
3594	[[[2057.04013	1028.5200200000002	926.3832906656884]]]
3595	[[[2056.80015	1028.28001	926.394298892744]]]
3596	[[[2056.3201400000003	1028.4000099999998	926.4035709514862]]]
3597	[[[2056.32014	1028.52001	926.4110654414241]]]
3598	[[[2055.9601199999997	1028.52001	926.4167787648352]]]
3599	[[[2055.8401	1028.4	926.4207450181573]]]
3600	[[[2056.08008	1028.4	926.4230352035559]]]
3601	[[[2055.96006	1028.6399999999999	926.4237557761031]]]
3602	[[[2055.8400699999997	1028.64	926.4230465552506]]]
3603	[[[2055.72008	1028.8799999999999	926.4210780419305]]]
3604	[[[2055.72008	1028.7599999999998	926.4180481943998]]]
3605	[[[2055.96006	1028.76	926.4141787265687]]]
3606	[[[2056.32008	1028.6399999999999	926.4097110018092]]]
3607	[[[2056.20009	1028.6399999999999	926.4049016029369]]]
3608	[[[2056.5601100000003	1028.64	926.4000176649713]]]
3609	[[[2056.80012	1028.5200099999997	926.395332061373]]]
3610	[[[2056.6801299999997	1028.6400099999998	926.3911185365354]]]
3611	[[[2056.80015	1028.40001	926.3876468774426]]]
3612	[[[2056.92014	1028.4000099999998	926.3851782155034]]]
3613	[[[2056.8001200000003	1028.52001	926.3839605457636]]]
3614	[[[2056.80012	1028.52001	926.3842245450271]]]
3615	[[[2056.80012	1028.52001	926.3861797630531]]]
3616	[[[2056.92011	1028.52001	926.3900112521142]]]
3617	[[[2057.0400999999997	1028.64002	926.3958766899993]]]
3618	[[[2057.16009	1028.88003	926.4039040403075]]]
3619	[[[2057.16009	1028.64002	926.4141897818301]]]
3620	[[[2057.1600900000003	1028.64002	926.4267977262955]]]
3621	[[[2057.2800799999995	1028.5200200000002	926.4417584310046]]]
3622	[[[2057.16009	1028.52002	926.4590692002664]]]
3623	[[[2057.2801099999997	1028.52002	926.4786946573016]]]
3624	[[[2057.6400999999996	1028.76003	926.5005678567466]]]
3625	[[[2057.5201100000004	1029.00004	926.52459189729]]]
3626	[[[2057.52011	1029.0000400000001	926.5506419845602]]]
3627	[[[2057.52011	1029.0000400000001	926.5785678863779]]]
3628	[[[2057.52011	1028.8800299999998	926.6081967160135]]]
3629	[[[2057.5201100000004	1028.88003	926.6393359743246]]]
3630	[[[2057.2801	1028.76003	926.6717767786253]]]
3631	[[[2057.04009	1028.8800299999998	926.7052972049202]]]
3632	[[[2056.68007	1029.00003	926.7396656706985]]]
3633	[[[2056.68007	1029.00003	926.7746442877558]]]
3634	[[[2056.08007	1028.7600200000002	926.8099921184117]]]
3635	[[[2055.96008	1028.7600200000002	926.8454682738602]]]
3636	[[[2056.20007	1029.0000300000002	926.8808348000603]]]
3637	[[[2055.72006	1029.12002	926.9158593043292]]]
3638	[[[2055.3600500000002	1029.00002	926.9503172844281]]]
3639	[[[2055.3600500000002	1029.00002	926.9839941311586]]]
3640	[[[2055.48007	1029.12002	927.0166867850972]]]
3641	[[[2055.60009	1029.00002	927.0482050377943]]]
3642	[[[2056.20009	1028.76003	927.0783724773228]]]
3643	[[[2056.2000900000003	1028.76003	927.1070270872403]]]
3644	[[[2056.32011	1028.8800299999998	927.1340215165914]]]
3645	[[[2056.3201099999997	1028.76002	927.1592230463369]]]
3646	[[[2055.84011	1028.6400099999998	927.18251328438]]]
3647	[[[2056.3201200000003	1028.52002	927.2037876270081]]]
3648	[[[2056.5601400000005	1028.76003	927.2229545290086]]]
3649	[[[2056.44015	1028.8800299999998	927.2399346278302]]]
3650	[[[2056.08013	1029.00004	927.25465976894]]]
3651	[[[2055.96011	1029.12004	927.267071979961]]]
3652	[[[2055.4801100000004	1029.48004	927.2771224402752]]]
3653	[[[2055.96009	1029.84005	927.2847704906314]]]
3654	[[[2055.96009	1029.96006	927.2899827239733]]]
3655	[[[2056.08008	1030.08007	927.2927321943216]]]
3656	[[[2056.08008	1030.20008	927.292997775254]]]
3657	[[[2056.0800799999997	1030.44008	927.2907636934593]]]
3658	[[[2056.20007	1030.56007	927.2860192561933]]]
3659	[[[2056.20007	1030.80007	927.2787587843928]]]
3660	[[[2056.68008	1030.80007	927.2689817559127]]]
3661	[[[2056.92009	1030.92008	927.2566931560032]]]
3662	[[[2057.40009	1031.16008	927.2419040249617]]]
3663	[[[2057.16009	1031.16008	927.2246321860069]]]
3664	[[[2057.2800799999995	1031.16008	927.2049031300479]]]
3665	[[[2057.28008	1031.16008	927.1827510282723]]]
3666	[[[2057.0400799999998	1031.2800700000003	927.1582198385264]]]
3667	[[[2056.92009	1031.04007	927.1313644673999]]]
3668	[[[2056.9200899999996	1030.92008	927.1022519468752]]]
3669	[[[2057.0400799999998	1030.8000900000002	927.0709625824175]]]
3670	[[[2057.16007	1031.04009	927.0375910285256]]]
3671	[[[2056.92006	1031.4000800000001	927.0022472480563]]]
3672	[[[2056.56006	1031.0400700000002	926.9650573130568]]]
3673	[[[2056.32008	1030.80007	926.9261640074055]]]
3674	[[[2056.2000900000003	1030.80007	926.8857271951454]]]
3675	[[[2056.20009	1030.80007	926.8439239229898]]]
3676	[[[2056.56011	1030.80007	926.800948230935]]]
3677	[[[2056.56011	1030.80007	926.7570106511077]]]
3678	[[[2056.6801000000005	1030.44007	926.7123373817982]]]
3679	[[[2056.56011	1030.44007	926.6671691308711]]]
3680	[[[2056.20011	1030.20007	926.6217596302924]]]
3681	[[[2056.32013	1030.20007	926.5763738311364]]]
3682	[[[2056.44015	1030.32008	926.5312857959941]]]
3683	[[[2056.68013	1030.32008	926.4867763130071]]]
3684	[[[2056.6801299999997	1030.32008	926.4431302626075]]]
3685	[[[2056.80012	1030.32008	926.4006337743289]]]
3686	[[[2056.92011	1030.32008	926.359571216573]]]
3687	[[[2056.92011	1030.20007	926.3202220668772]]]
3688	[[[2056.6801299999997	1030.92006	926.2828577138849]]]
3689	[[[2056.92011	1030.56006	926.2477382448254]]]
3690	[[[2057.5201100000004	1030.6800500000002	926.215109273748]]]
3691	[[[2057.6401	1030.3200600000002	926.1851988660464]]]
3692	[[[2057.6400999999996	1030.4400500000002	926.1582146139001]]]
3693	[[[2057.52011	1030.4400500000002	926.1343409151953]]]
3694	[[[2057.76009	1030.56004	926.1137365053052]]]
3695	[[[2057.7600899999998	1030.2000400000002	926.0965322868749]]]
3696	[[[2058.1200799999997	1030.2000400000002	926.0828294975714]]]
3697	[[[2057.88006	1030.32005	926.072698249736]]]
3698	[[[2058.00005	1029.96006	926.0661764691424]]]
3699	[[[2057.52005	1030.3200600000002	926.0632692527633]]]
3700	[[[2057.28005	1030.20007	926.0639486577577]]]
3701	[[[2057.1600599999997	1030.08006	926.0681539259364]]]
3702	[[[2057.2800500000003	1029.84006	926.0757921399579]]]
3703	[[[2057.16006	1029.84006	926.08673929957]]]
3704	[[[2057.1600599999997	1029.72007	926.1008417985483]]]
3705	[[[2057.04007	1029.96006	926.1179182757242]]]
3706	[[[2056.8000700000002	1029.9600599999999	926.1377618067825]]]
3707	[[[2057.28007	1029.84005	926.1601423975059]]]
3708	[[[2057.40006	1029.72004	926.1848097339283]]]
3709	[[[2057.64008	1029.96004	926.2114961405736]]]
3710	[[[2057.52009	1029.48003	926.2399196946428]]]
3711	[[[2057.76007	1029.48003	926.2697874417778]]]
3712	[[[2057.64008	1029.36003	926.3007986578765]]]
3713	[[[2057.88006	1029.36003	926.3326481014092]]]
3714	[[[2057.8800600000004	1029.1200199999998	926.3650292017888]]]
3715	[[[2058.0000499999996	1029.1200199999998	926.3976371315306]]]
3716	[[[2057.88006	1029.00003	926.4301717132068]]]
3717	[[[2057.7600700000003	1029.00003	926.4623401164356]]]
3718	[[[2057.28007	1029.12004	926.4938593053137]]]
3719	[[[2057.28007	1029.12004	926.5244582026655]]]
3720	[[[2057.16008	1029.8400500000002	926.5538795441514]]]
3721	[[[2057.04009	1029.7200500000001	926.58188140249]]]
3722	[[[2057.28007	1029.9600599999999	926.6082383696843]]]
3723	[[[2057.16008	1030.20006	926.6327423930243]]]
3724	[[[2057.0400899999995	1030.44007	926.6552032685943]]]
3725	[[[2056.80011	1030.44007	926.6754488039038]]]
3726	[[[2056.9201000000003	1030.32006	926.6933246688586]]]
3727	[[[2057.04009	1030.2000600000001	926.7086939614732]]]
3728	[[[2057.28011	1030.4400600000001	926.7214365212856]]]
3729	[[[2057.28011	1030.08005	926.731448029242]]]
3730	[[[2057.04009	1029.96004	926.7386389376974]]]
3731	[[[2057.16008	1030.32004	926.7429332780235]]]
3732	[[[2057.04009	1030.20003	926.7442673959926]]]
3733	[[[2056.9201000000003	1029.84002	926.742588666544]]]
3734	[[[2057.04009	1029.72001	926.7378542396791]]]
3735	[[[2057.40007	1029.4800200000002	926.7300298680141]]]
3736	[[[2056.8000700000002	1029.4800200000002	926.7190888639907]]]
3737	[[[2056.56009	1029.72003	926.7050112308901]]]
3738	[[[2056.56009	1029.36002	926.6877830067124]]]
3739	[[[2056.8000700000002	1029.36002	926.6673958537547]]]
3740	[[[2057.04009	1029.2400300000002	926.6438469194773]]]
3741	[[[2057.04009	1029.1200400000002	926.6171389861516]]]
3742	[[[2056.9201000000003	1029.24005	926.5872809180124]]]
3743	[[[2057.16008	1029.3600600000002	926.5542884054081]]]
3744	[[[2056.9201000000003	1029.48007	926.5181849959642]]]
3745	[[[2056.6801100000002	1029.48007	926.4790033933044]]]
3746	[[[2057.28011	1029.7200699999999	926.4367869946338]]]
3747	[[[2057.52009	1029.9600699999999	926.3915916297367]]]
3748	[[[2057.52009	1030.08008	926.3434874559125]]]
3749	[[[2057.52009	1030.2000899999998	926.2925609562863]]]
3750	[[[2057.64008	1030.2000899999998	926.2389169830005]]]
3751	[[[2057.76008	1029.8400900000001	926.1826807821993]]]
3752	[[[2057.88007	1029.96008	926.1239999346105]]]
3753	[[[2057.76008	1029.96008	926.063046144026]]]
3754	[[[2058.00006	1030.20008	926.0000168061645]]]
3755	[[[2058.12005	1030.44007	925.9351362923095]]]
3756	[[[2058.12005	1030.32008	925.8686568857289]]]
3757	[[[2058.00006	1030.0800800000002	925.8008593141806]]]
3758	[[[2058.2400399999997	1029.96007	925.7320528286673]]]
3759	[[[2058.2400399999997	1029.60007	925.6625747869127]]]
3760	[[[2058.36003	1029.72006	925.5927897096083]]]
3761	[[[2057.76003	1030.08006	925.5230877881104]]]
3762	[[[2057.76003	1030.20007	925.4538828337414]]]
3763	[[[2058.48002	1030.56006	925.3856096708612]]]
3764	[[[2058.6000200000003	1030.32006	925.3187209882001]]]
3765	[[[2059.2000199999998	1030.80006	925.2536836752472]]]
3766	[[[2058.96004	1030.6800500000002	925.1909746825119]]]
3767	[[[2058.9600400000004	1030.56004	925.1310764559042]]]
3768	[[[2058.96004	1030.32005	925.0744720060751]]]
3769	[[[2058.6000400000003	1030.56004	925.021639683018]]]
3770	[[[2058.4800499999997	1030.32004	924.9730477343735]]]
3771	[[[2058.96005	1030.20003	924.929148732472]]]
3772	[[[2059.08004	1030.3200199999999	924.8903739600453]]]
3773	[[[2058.24006	1029.96003	924.857127847619]]]
3774	[[[2058.0000699999996	1029.84002	924.8297825567795]]]
3775	[[[2057.40007	1029.12003	924.8086728027722]]]
3776	[[[2057.76005	1028.88004	924.794091007235]]]
3777	[[[2057.88004	1028.88004	924.7862828673833]]]
3778	[[[2057.64006	1029.48004	924.7854434217157]]]
3779	[[[2057.88007	1029.48004	924.7917136844842]]]
3780	[[[2057.88007	1029.12004	924.8051779119166]]]
3781	[[[2057.76008	1029.2400499999999	924.8258615527278]]]
3782	[[[2057.5201	1028.76005	924.8537299240327]]]
3783	[[[2057.76008	1028.76005	924.8886876416329]]]
3784	[[[2057.64009	1028.6400500000002	924.9305788210719]]]
3785	[[[2057.5201	1028.5200399999999	924.9791880530729]]]
3786	[[[2057.28011	1028.76003	925.0342421443031]]]
3787	[[[2057.40011	1029.24003	925.095412602053]]]
3788	[[[2057.16009	1028.88002	925.1623188296556]]]
3789	[[[2057.16009	1028.88002	925.2345319884905]]]
3790	[[[2057.4000800000003	1029.36003	925.311579472421]]]
3791	[[[2057.4000800000003	1029.12002	925.3929499316504]]]
3792	[[[2057.6400599999997	1029.00002	925.4780987753805]]]
3793	[[[2057.52007	1029.24002	925.5664540764068]]]
3794	[[[2057.40005	1029.48003	925.6574227959294]]]
3795	[[[2057.40005	1029.72003	925.7503972434339]]]
3796	[[[2057.52004	1029.60003	925.8447616844727]]]
3797	[[[2057.7600599999996	1029.2400400000001	925.9398990085228]]]
3798	[[[2058.12007	1029.12004	926.0351973697427]]]
3799	[[[2058.12007	1029.12004	926.1300567152999]]]
3800	[[[2058.0000699999996	1028.88003	926.2238951189099]]]
3801	[[[2058.00007	1029.00003	926.3161548411775]]]
3802	[[[2058.00007	1029.00003	926.4063080431588]]]
3803	[[[2058.1200599999997	1028.52002	926.4938620851486]]]
3804	[[[2058.48006	1028.28001	926.5783643489052]]]
3805	[[[2058.60005	1028.28001	926.6594065282777]]]
3806	[[[2058.60005	1028.4000099999998	926.7366283403566]]]
3807	[[[2057.8800300000003	1028.4000099999998	926.8097206167889]]]
3808	[[[2057.88003	1028.52001	926.8784277426485]]]
3809	[[[2057.52002	1028.52001	926.9425494182309]]]
3810	[[[2057.40003	1028.52001	927.0019417272404]]]
3811	[[[2057.52002	1028.64002	927.0565175030372]]]
3812	[[[2057.40003	1028.7600200000002	927.1062459928798]]]
3813	[[[2057.40003	1028.7600200000002	927.1511518283662]]]
3814	[[[2057.28004	1029.00003	927.1913133185392]]]
3815	[[[2057.64006	1029.2400400000001	927.2268600902987]]]
3816	[[[2057.52007	1029.60005	927.2579701088349]]]
3817	[[[2058.00007	1029.48004	927.2848661186526]]]
3818	[[[2058.24006	1029.48004	927.3078115533805]]]
3819	[[[2058.4800800000003	1029.48004	927.3271059697621]]]
3820	[[[2058.7200700000003	1029.8400399999998	927.3430800680137]]]
3821	[[[2058.6000799999997	1029.72003	927.3560903668664]]]
3822	[[[2058.96007	1030.08004	927.3665136070579]]]
3823	[[[2059.08007	1030.2000400000002	927.3747409615771]]]
3824	[[[2058.9600800000003	1030.44004	927.381172134524]]]
3825	[[[2058.96008	1030.44004	927.3862094328349]]]
3826	[[[2059.08007	1030.08003	927.3902518962593]]]
3827	[[[2058.96007	1030.2000400000002	927.3936895707324]]]
3828	[[[2058.72008	1030.56005	927.3968980085868]]]
3829	[[[2059.08006	1030.6800600000001	927.4002330758678]]]
3830	[[[2059.0800600000002	1030.56007	927.4040261423082]]]
3831	[[[2059.3200500000003	1030.56007	927.4085797233641]]]
3832	[[[2059.08005	1030.4400600000001	927.4141636361388]]]
3833	[[[2059.08005	1030.4400600000001	927.4210117222065]]]
3834	[[[2059.32003	1030.20006	927.4293191803984]]]
3835	[[[2058.84002	1029.9600500000001	927.4392405417972]]]
3836	[[[2058.6000400000003	1030.32006	927.4508883077018]]]
3837	[[[2058.4800499999997	1030.20005	927.4643322594633]]]
3838	[[[2058.48005	1029.84004	927.4795994371447]]]
3839	[[[2058.3600500000002	1029.60003	927.4966747722177]]]
3840	[[[2058.2400499999994	1029.36002	927.5155023482694]]]
3841	[[[2058.24005	1029.24002	927.5359872532447]]]
3842	[[[2058.24005	1029.00002	927.5579979773545]]]
3843	[[[2058.12005	1028.64002	927.5813693026341]]]
3844	[[[2058.00006	1028.5200100000002	927.6059056234641]]]
3845	[[[2058.24005	1028.52001	927.6313846322515]]]
3846	[[[2058.60003	1028.16	927.6575613010103]]]
3847	[[[2058.72002	1028.16	927.684172087783]]]
3848	[[[2058.96001	1028.28001	927.7109392966661]]]
3849	[[[2058.96001	1028.5200200000002	927.7375755215437]]]
3850	[[[2058.96001	1028.76003	927.7637881063359]]]
3851	[[[2058.84001	1029.0000400000001	927.7892835584631]]]
3852	[[[2058.84001	1029.0000400000001	927.8137718570631]]]
3853	[[[2059.08001	1029.6000399999998	927.8369706030619]]]
3854	[[[2059.32	1029.60004	927.8586089641982]]]
3855	[[[2059.2	1029.84005	927.8784313743447]]]
3856	[[[2059.2	1029.84005	927.8962009526515]]]
3857	[[[2059.3199999999997	1029.84005	927.9117026140217]]]
3858	[[[2059.2	1029.72004	927.9247458479892]]]
3859	[[[2059.68001	1029.72004	927.9351671481043]]]
3860	[[[2059.4400299999998	1029.60003	927.9428320783545]]]
3861	[[[2059.44003	1029.48002	927.947636966925]]]
3862	[[[2059.56003	1029.60003	927.9495102207323]]]
3863	[[[2059.20004	1029.72004	927.948413256745]]]
3864	[[[2058.84006	1030.08005	927.944341048193]]]
3865	[[[2058.84006	1029.9600400000002	927.9373222855189]]]
3866	[[[2058.84006	1030.2000400000002	927.92741915348]]]
3867	[[[2058.48008	1030.56005	927.914726727336]]]
3868	[[[2058.2401	1030.56005	927.8993719927024]]]
3869	[[[2057.88009	1030.44004	927.8815124955685]]]
3870	[[[2058.2400700000003	1030.20005	927.8613346312939]]]
3871	[[[2058.24007	1030.4400500000002	927.8390515841905]]]
3872	[[[2057.6400700000004	1030.4400500000002	927.8149009326338]]]
3873	[[[2057.6400700000004	1030.0800400000003	927.7891419385153]]]
3874	[[[2057.8800499999998	1029.96003	927.7620525442293]]]
3875	[[[2057.76006	1029.96003	927.733926105182]]]
3876	[[[2057.4000800000003	1029.72003	927.7050678908867]]]
3877	[[[2057.76006	1029.4800300000002	927.6757913929171]]]
3878	[[[2058.00004	1029.60004	927.6464144831214]]]
3879	[[[2057.76005	1029.7200500000001	927.6172554703319]]]
3880	[[[2057.64005	1030.08005	927.5886291081308]]]
3881	[[[2057.52006	1029.9600599999999	927.5608426098106]]]
3882	[[[2058.00006	1029.9600599999999	927.5341917292951]]]
3883	[[[2058.00006	1029.9600599999999	927.5089569682762]]]
3884	[[[2058.00006	1029.9600599999999	927.485399970022]]]
3885	[[[2058.12005	1030.20006	927.463760159116]]]
3886	[[[2058.4800299999997	1030.20006	927.4442516837225]]]
3887	[[[2058.2400399999997	1030.08005	927.4270607128714]]]
3888	[[[2058.24004	1029.96004	927.4123431357075]]]
3889	[[[2058.36003	1029.8400299999998	927.4002227028307]]]
3890	[[[2058.72005	1030.20002	927.3907896418468]]]
3891	[[[2058.84004	1030.20002	927.3840997703288]]]
3892	[[[2058.84004	1030.20002	927.3801741197218]]]
3893	[[[2058.9600299999997	1030.32003	927.3789990736528]]]
3894	[[[2059.08003	1030.2000400000002	927.380527013847]]]
3895	[[[2059.08003	1030.08005	927.3846774567552]]]
3896	[[[2058.84004	1030.2000600000001	927.3913386543187]]]
3897	[[[2059.08003	1030.3200700000002	927.4003696233215]]]
3898	[[[2059.20003	1030.44008	927.411602559763]]]
3899	[[[2059.20003	1030.5600900000002	927.424845587832]]]
3900	[[[2058.7200199999997	1030.2001	927.4398857875492]]]
3901	[[[2058.7200199999997	1030.2001	927.4564924411083]]]
3902	[[[2058.60003	1030.2001	927.4744204354413]]]
3903	[[[2058.60003	1030.2001	927.4934137576068]]]
3904	[[[2058.4800299999997	1030.32009	927.5132090202057]]]
3905	[[[2058.4800299999997	1030.56009	927.5335389560939]]]
3906	[[[2058.4800299999997	1030.68008	927.5541358250808]]]
3907	[[[2058.24004	1030.68008	927.574734679886]]]
3908	[[[2058.12004	1030.68008	927.5950764442144]]]
3909	[[[2058.12004	1030.80007	927.6149107621725]]]
3910	[[[2058.1200400000002	1030.92006	927.6339985851579]]]
3911	[[[2058.0000499999996	1031.04005	927.6521144695947]]]
3912	[[[2057.88006	1031.16004	927.6690485662032]]]
3913	[[[2057.76007	1031.2800300000001	927.6846082886999]]]
3914	[[[2057.64008	1031.2800300000001	927.6986196566953]]]
3915	[[[2057.64008	1031.16002	927.7109283139398]]]
3916	[[[2057.76007	1031.16002	927.7214002288196]]]
3917	[[[2057.52006	1031.6400100000003	927.7299220889987]]]
3918	[[[2057.52006	1031.76	927.736401406293]]]
3919	[[[2057.52006	1032.0	927.7407663511933]]]
3920	[[[2057.6400499999995	1032.0	927.7429653389314]]]
3921	[[[2057.64005	1032.12001	927.742966390639]]]
3922	[[[2057.88003	1032.12001	927.740756294041]]]
3923	[[[2057.76004	1032.24002	927.736339588336]]]
3924	[[[2057.76004	1032.4800200000002	927.729737397568]]]
3925	[[[2057.76004	1032.7200200000002	927.7209861359673]]]
3926	[[[2057.52006	1033.2000300000002	927.7101361075996]]]
3927	[[[2057.8800600000004	1032.96004	927.6972500213049]]]
3928	[[[2057.76007	1033.08005	927.6824014404735]]]
3929	[[[2057.76007	1033.08005	927.6656731857827]]]
3930	[[[2057.76007	1033.2000600000001	927.6471557077235]]]
3931	[[[2058.24008	1033.56006	927.6269454446385]]]
3932	[[[2058.24008	1033.56006	927.6051431811266]]]
3933	[[[2058.00006	1033.6800500000002	927.5818524210927]]]
3934	[[[2058.12005	1033.8000500000003	927.5571777893995]]]
3935	[[[2058.00006	1033.6800600000001	927.531223476047]]]
3936	[[[2058.2400399999997	1033.56005	927.5040917369676]]]
3937	[[[2058.00006	1033.56005	927.4758814658605]]]
3938	[[[2058.00006	1033.56005	927.4466868519039]]]
3939	[[[2057.88007	1033.56005	927.4165961385863]]]
3940	[[[2057.88007	1033.56005	927.385690499205]]]
3941	[[[2057.28007	1033.56005	927.3540430446826]]]
3942	[[[2057.64009	1033.9200500000002	927.3217179791664]]]
3943	[[[2058.1200899999994	1033.92005	927.288769918299]]]
3944	[[[2057.88011	1033.6800600000001	927.2552433840443]]]
3945	[[[2057.88011	1033.6800600000001	927.2211724884215]]]
3946	[[[2057.76012	1033.44007	927.1865808164455]]]
3947	[[[2058.0001	1033.44007	927.1514815159828]]]
3948	[[[2057.76009	1033.3200600000002	927.1158775990947]]]
3949	[[[2057.6401	1033.08006	927.0797624558451]]]
3950	[[[2057.52011	1033.08006	927.043120577533]]]
3951	[[[2057.6400999999996	1032.60005	927.0059284819783]]]
3952	[[[2057.0401	1032.72006	926.9681558289549]]]
3953	[[[2057.40012	1032.72006	926.9297667092678]]]
3954	[[[2057.40012	1032.72006	926.8907210864432]]]
3955	[[[2057.40012	1032.72006	926.8509763657]]]
3956	[[[2057.4001200000002	1032.6000500000002	926.8104890609648]]]
3957	[[[2057.16014	1032.6000500000002	926.7692165272956]]]
3958	[[[2057.28016	1032.72006	926.7271187233786]]]
3959	[[[2057.28016	1032.72006	926.6841599668256]]]
3960	[[[2056.80015	1032.8400500000002	926.6403106439791]]]
3961	[[[2056.80015	1032.96006	926.5955488358575]]]
3962	[[[2057.04013	1032.24005	926.5498618228206]]]
3963	[[[2056.08011	1032.00005	926.5032474325028]]]
3964	[[[2056.32009	1032.1200400000002	926.4557151985158]]]
3965	[[[2056.2001	1032.0000300000002	926.407287301346]]]
3966	[[[2056.08011	1032.0000300000002	926.3579992676139]]]
3967	[[[2056.08011	1031.52002	926.3079004093821]]]
3968	[[[2056.2001	1031.64001	926.2570539912653]]]
3969	[[[2056.2001	1031.64001	926.2055371196251]]]
3970	[[[2056.56012	1031.52002	926.1534403548618]]]
3971	[[[2056.6801100000002	1031.40001	926.1008670546287]]]
3972	[[[2056.6801100000002	1031.40001	926.0479324624132]]]
3973	[[[2057.0401300000003	1031.5200200000002	925.9947625622335]]]
3974	[[[2056.68013	1031.28002	925.9414927259486]]]
3975	[[[2056.5601100000003	1031.64002	925.8882661847286]]]
3976	[[[2056.8000899999997	1031.88002	925.8352323604352]]]
3977	[[[2056.8000899999997	1032.3600300000003	925.7825450958801]]]
3978	[[[2056.8000899999997	1032.12003	925.7303608250971]]]
3979	[[[2056.80009	1032.2400400000001	925.6788367257863]]]
3980	[[[2056.68007	1032.12003	925.6281288959902]]]
3981	[[[2056.44009	1032.2400400000001	925.5783905958036]]]
3982	[[[2055.84009	1032.7200400000002	925.5297705925957]]]
3983	[[[2055.96008	1032.60003	925.4824116448656]]]
3984	[[[2055.96008	1033.08004	925.4364491556186]]]
3985	[[[2055.72008	1032.84005	925.3920100211238]]]
3986	[[[2055.4800999999998	1032.6000500000002	925.349211695297]]]
3987	[[[2055.36008	1032.9600500000001	925.3081614838602]]]
3988	[[[2055.6000700000004	1032.84006	925.2689560761073]]]
3989	[[[2055.72006	1032.4800500000001	925.2316813156627]]]
3990	[[[2055.84008	1032.6000600000002	925.1964122052975]]]
3991	[[[2056.32006	1033.20006	925.1632131348057]]]
3992	[[[2056.8000700000002	1032.96006	925.1321383153085]]]
3993	[[[2056.6800799999996	1033.0800700000002	925.1032323983065]]]
3994	[[[2056.8001	1032.6000600000002	925.0765312534268]]]
3995	[[[2056.8001	1032.60006	925.0520628752616]]]
3996	[[[2056.92009	1032.72007	925.0298483869985]]]
3997	[[[2056.92009	1032.3600700000002	925.0099031067737]]]
3998	[[[2056.5601100000003	1032.48006	924.9922376418486]]]
3999	[[[2056.44012	1032.48006	924.9768589758227]]]
4000	[[[2056.56011	1032.48006	924.9637715151048]]]
4001	[[[2055.96011	1032.24006	924.9529780627324]]]
4002	[[[2055.96011	1032.36007	924.9444806902859]]]
4003	[[[2055.9601100000004	1032.24006	924.9382814819661]]]
4004	[[[2055.96011	1032.48006	924.9343831288448]]]
4005	[[[2056.44012	1032.36005	924.9327893556741]]]
4006	[[[2055.96011	1032.60004	924.9335051673776]]]
4007	[[[2056.56011	1032.96004	924.9365369073097]]]
4008	[[[2056.8000899999997	1032.84005	924.9418921243916]]]
4009	[[[2056.4400699999997	1033.32005	924.9495792512593]]]
4010	[[[2056.20006	1033.6800500000002	924.9596071003886]]]
4011	[[[2056.32008	1033.08005	924.9719841897615]]]
4012	[[[2056.2000900000003	1033.08005	924.9867179138386]]]
4013	[[[2056.32008	1033.20006	925.003813579365]]]
4014	[[[2056.32008	1033.08007	925.0232733287567]]]
4015	[[[2056.5600700000005	1033.56008	925.0450949764447]]]
4016	[[[2056.9200900000005	1033.3200900000002	925.0692707855433]]]
4017	[[[2056.0800900000004	1033.0800800000002	925.0957862135349]]]
4018	[[[2055.84011	1033.44007	925.1246186563155]]]
4019	[[[2056.20013	1033.56007	925.1557362199062]]]
4020	[[[2056.44014	1033.32006	925.1890965484657]]]
4021	[[[2056.44014	1033.80005	925.2246457359331]]]
4022	[[[2056.4401399999997	1033.92004	925.2623173467479]]]
4023	[[[2056.20013	1034.16003	925.3020315687161]]]
4024	[[[2056.20013	1034.4000199999998	925.343694518255]]]
4025	[[[2055.60013	1034.16001	925.387197715048]]]
4026	[[[2055.60013	1034.4	925.4324177396848]]]
4027	[[[2056.08014	1034.64001	925.479216084181]]]
4028	[[[2055.96012	1034.76001	925.5274392015277]]]
4029	[[[2055.96012	1034.76001	925.5769187566624]]]
4030	[[[2055.84013	1034.88001	925.6274720775698]]]
4031	[[[2056.20011	1035.12001	925.6789028017322]]]
4032	[[[2056.20011	1035.48001	925.7310017098849]]]
4033	[[[2056.44012	1035.48001	925.7835477361139]]]
4034	[[[2056.56011	1035.84002	925.8363091407552]]]
4035	[[[2056.80013	1036.20002	925.8890448304403]]]
4036	[[[2056.9201199999998	1036.32003	925.9415058079276]]]
4037	[[[2056.92012	1035.96003	925.9934367331637]]]
4038	[[[2057.16013	1036.20003	926.0445775762612]]]
4039	[[[2057.04011	1036.32004	926.0946653428061]]]
4040	[[[2056.92009	1036.5600399999998	926.1434358520519]]]
4041	[[[2056.56011	1036.44005	926.1906255491001]]]
4042	[[[2056.56011	1036.4400500000002	926.2359733330619]]]
4043	[[[2056.3201	1036.9200500000002	926.2792223843413]]]
4044	[[[2056.3201	1036.80004	926.320121975588]]]
4045	[[[2056.44009	1036.44004	926.3584292523662]]]
4046	[[[2056.20008	1036.68004	926.3939109711985]]]
4047	[[[2056.08009	1037.16003	926.426345184215]]]
4048	[[[2055.84008	1037.28004	926.4555228611695]]]
4049	[[[2055.9601	1037.4000300000002	926.4812494409483]]]
4050	[[[2056.08012	1037.4000300000002	926.5033463059104]]]
4051	[[[2056.08012	1037.5200200000002	926.5216521733471]]]
4052	[[[2055.7201	1037.88002	926.5360243990701]]]
4053	[[[2055.84012	1037.5200300000001	926.5463401885684]]]
4054	[[[2055.72013	1037.5200300000001	926.5524977113462]]]
4055	[[[2055.60014	1037.88003	926.5544171139675]]]
4056	[[[2055.72016	1038.00002	926.5520414270092]]]
4057	[[[2055.60014	1038.24002	926.5453373606395]]]
4058	[[[2055.4801400000006	1038.12001	926.5342959828952]]]
4059	[[[2055.4801400000006	1038.3600099999999	926.5189332740317]]]
4060	[[[2055.3601200000003	1038.48002	926.4992905496154]]]
4061	[[[2055.3601200000003	1038.60003	926.4754347443784]]]
4062	[[[2055.60012	1038.36004	926.4474585483592]]]
4063	[[[2055.60012	1038.84003	926.4154803865383]]]
4064	[[[2055.7201099999997	1039.2000300000002	926.3796442331408]]]
4065	[[[2055.72011	1039.32004	926.3401192520438]]]
4066	[[[2055.72011	1039.44004	926.2970992553546]]]
4067	[[[2055.3601200000003	1039.32005	926.2508019732119]]]
4068	[[[2055.48012	1039.4400600000001	926.2014681292674]]]
4069	[[[2055.6001100000003	1039.3200700000002	926.1493603180603]]]
4070	[[[2055.84012	1039.5600600000002	926.0947616826422]]]
4071	[[[2055.7201	1039.6800500000002	926.0379743932693]]]
4072	[[[2055.7201	1039.68005	925.979317930715]]]
4073	[[[2055.7201	1039.4400600000001	925.919127180716]]]
4074	[[[2055.48009	1039.20007	925.8577503491582]]]
4075	[[[2055.3600699999997	1039.32006	925.7955467107726]]]
4076	[[[2055.12005	1039.08007	925.7328842072491]]]
4077	[[[2055.6000599999998	1038.96006	925.670136913715]]]
4078	[[[2055.72008	1039.08005	925.6076823953623]]]
4079	[[[2055.48007	1039.2000400000002	925.54589897859]]]
4080	[[[2055.24006	1039.08004	925.485162963258]]]
4081	[[[2055.12006	1038.9600500000001	925.4258458044787]]]
4082	[[[2055.12006	1038.9600500000001	925.3683112937539]]]
4083	[[[2054.88004	1039.3200499999998	925.3129127701432]]]
4084	[[[2055.00006	1039.32005	925.2599903925291]]]
4085	[[[2055.12008	1039.2000600000001	925.2098685038766]]]
4086	[[[2055.2400800000005	1039.3200499999998	925.162853117715]]]
4087	[[[2055.12006	1039.4400600000001	925.119229555888]]]
4088	[[[2054.88004	1039.80006	925.0792602649457]]]
4089	[[[2054.76004	1039.68007	925.0431828364678]]]
4090	[[[2054.76004	1039.56008	925.0112082541045]]]
4091	[[[2055.12005	1039.32008	924.9835193872883]]]
4092	[[[2055.12005	1039.44007	924.9602697484615]]]
4093	[[[2055.36007	1039.3200600000002	924.9415825273161]]]
4094	[[[2055.1200500000004	1039.44005	924.927549912032]]]
4095	[[[2055.12005	1039.80005	924.9182327038901]]]
4096	[[[2055.00005	1039.9200500000002	924.9136602279674]]]
4097	[[[2055.00005	1040.16004	924.9138305389409]]]
4098	[[[2055.00005	1039.8000399999999	924.9187109174209]]]
4099	[[[2055.00005	1040.04003	924.9282386486844]]]
4100	[[[2055.00005	1040.16002	924.9423220723005]]]
4101	[[[2054.76004	1040.64001	924.9608418878877]]]
4102	[[[2054.64004	1040.88002	924.9836526992316]]]
4103	[[[2054.52002	1040.88002	925.0105847761854]]]
4104	[[[2054.40002	1041.36003	925.0414460112494]]]
4105	[[[2054.1600000000003	1041.1200199999998	925.0760240454889]]]
4106	[[[2054.6400000000003	1041.4800300000002	925.1140885365196]]]
4107	[[[2054.88001	1041.60004	925.155393539734]]]
4108	[[[2055.12003	1041.8400500000002	925.1996799727356]]]
4109	[[[2055.3600500000002	1042.08005	925.24667813216]]]
4110	[[[2055.3600500000002	1042.44005	925.2961102316842]]]
4111	[[[2055.12005	1042.92005	925.3476929301157]]]
4112	[[[2054.7600700000003	1043.16005	925.4011398189854]]]
4113	[[[2054.6400700000004	1043.28006	925.4561638400892]]]
4114	[[[2055.00009	1043.04006	925.5124796049292]]]
4115	[[[2055.12009	1043.2800700000003	925.5698055899736]]]
4116	[[[2054.28011	1043.04007	925.6278661840959]]]
4117	[[[2054.0400999999997	1043.04007	925.6863935674331]]]
4118	[[[2053.80008	1042.80006	925.7451294041708]]]
4119	[[[2053.80008	1042.80006	925.803826335375]]]
4120	[[[2053.68008	1042.80006	925.8622492619073]]]
4121	[[[2053.9200800000003	1042.56006	925.9201764115427]]]
4122	[[[2054.28006	1042.44005	925.9774001886439]]]
4123	[[[2055.12008	1043.04005	926.033727808977]]]
4124	[[[2054.8800600000004	1043.2800499999998	926.0889817264109]]]
4125	[[[2055.0000800000003	1043.40004	926.1429998621974]]]
4126	[[[2055.4800600000003	1043.5200300000001	926.195635651195]]]
4127	[[[2055.36006	1043.76003	926.2467579226446]]]
4128	[[[2055.48006	1044.2400400000001	926.2962506358548]]]
4129	[[[2055.4800600000003	1044.2400400000001	926.3440124933117]]]
4130	[[[2055.60006	1044.36005	926.3899564552164]]]
4131	[[[2055.72008	1044.24006	926.4340091802289]]]
4132	[[[2055.72008	1044.24006	926.4761104172161]]]
4133	[[[2055.1200799999997	1043.88006	926.5162123720654]]]
4134	[[[2055.0000800000003	1043.7600500000003	926.5542790721353]]]
4135	[[[2055.0000800000003	1043.76005	926.5902857487157]]]
4136	[[[2055.0000800000003	1043.88006	926.6242182550434]]]
4137	[[[2055.0000800000003	1043.88006	926.6560725340056]]]
4138	[[[2055.0000800000003	1043.8800600000002	926.6858541458445]]]
4139	[[[2054.7600599999996	1044.00007	926.7135778619922]]]
4140	[[[2054.88008	1043.88006	926.739267326842]]]
4141	[[[2054.88008	1044.48006	926.7629547848841]]]
4142	[[[2054.88008	1044.48006	926.7846808663901]]]
4143	[[[2054.64006	1044.84006	926.8044944208665]]]
4144	[[[2054.8800600000004	1044.84006	926.8224523839632]]]
4145	[[[2054.8800600000004	1044.84006	926.8386196605367]]]
4146	[[[2054.76006	1045.2000600000001	926.853069004278]]]
4147	[[[2055.0000800000003	1045.32005	926.8658808727884]]]
4148	[[[2054.8800800000004	1045.2000400000002	926.8771432363043]]]
4149	[[[2054.88008	1045.2000400000002	926.886951318494]]]
4150	[[[2054.88008	1045.44004	926.8954072488499]]]
4151	[[[2054.88008	1044.96003	926.9026196081932]]]
4152	[[[2054.8800800000004	1044.9600300000002	926.9087028516367]]]
4153	[[[2054.88008	1044.4800200000002	926.9137765969159]]]
4154	[[[2055.0001	1044.48002	926.9179647702116]]]
4155	[[[2054.76008	1044.60003	926.9213946063268]]]
4156	[[[2055.0001	1044.2400300000002	926.9241955051477]]]
4157	[[[2055.0001	1044.0000300000002	926.9264977516201]]]
4158	[[[2054.76011	1044.1200400000002	926.9284311117683]]]
4159	[[[2055.00013	1043.88004	926.9301233224381]]]
4160	[[[2054.76011	1043.64004	926.9316984972666]]]
4161	[[[2054.64009	1043.7600500000003	926.9332754757177]]]
4162	[[[2054.7600899999998	1043.76005	926.9349661457094]]]
4163	[[[2055.00011	1043.6400600000002	926.9368737732705]]]
4164	[[[2054.76009	1043.52007	926.9390913747089]]]
4165	[[[2054.76009	1043.76006	926.9417001678501]]]
4166	[[[2054.7600899999998	1043.76006	926.9447681389672]]]
4167	[[[2054.88008	1043.88007	926.9483487610812]]]
4168	[[[2055.96009	1044.24007	926.9524798973247]]]
4169	[[[2055.96009	1044.24007	926.9571829201313]]]
4170	[[[2055.9600900000005	1044.1200800000001	926.9624620731769]]]
4171	[[[2056.2001000000005	1044.1200800000001	926.9683040983506]]]
4172	[[[2056.2001000000005	1044.1200800000001	926.9746781447378]]]
4173	[[[2055.96008	1044.1200800000001	926.98153597074]]]
4174	[[[2056.2001	1044.1200800000001	926.9888124442272]]]
4175	[[[2056.44012	1043.88009	926.9964263391824]]]
4176	[[[2056.44012	1043.4000800000001	927.0042814207915]]]
4177	[[[2055.84012	1043.2800700000003	927.0122678045564]]]
4178	[[[2055.24012	1042.9200700000001	927.0202635689177]]]
4179	[[[2055.0001	1042.9200700000001	927.0281365951836]]]
4180	[[[2055.0001	1043.04006	927.0357466034623]]]
4181	[[[2055.12009	1043.04006	927.042947348869]]]
4182	[[[2055.48009	1043.1600700000001	927.0495889386223]]]
4183	[[[2055.60009	1043.1600700000001	927.055520227859]]]
4184	[[[2055.0000900000005	1043.4000700000001	927.0605912501187]]]
4185	[[[2054.76007	1043.1600700000001	927.0646556374944]]]
4186	[[[2054.52005	1043.40008	927.0675729854644]]]
4187	[[[2054.76004	1043.40008	927.0692111183423]]]
4188	[[[2054.76004	1043.16008	927.0694482131148]]]
4189	[[[2054.88004	1043.28007	927.0681747421022]]]
4190	[[[2055.00004	1043.0400700000002	927.0652951983205]]]
4191	[[[2054.64004	1042.6800600000001	927.060729571529]]]
4192	[[[2054.1600399999998	1042.4400600000001	927.0544145476806]]]
4193	[[[2054.16004	1042.6800600000001	927.0463044096684]]]
4194	[[[2054.1600399999998	1042.4400600000001	927.0363716228554]]]
4195	[[[2053.80006	1042.20005	927.0246070947065]]]
4196	[[[2053.9200600000004	1042.32004	927.0110201038472]]]
4197	[[[2054.0400600000003	1042.08004	926.9956378999157]]]
4198	[[[2053.80004	1042.32004	926.9785049815633]]]
4199	[[[2053.80004	1041.96004	926.9596820657744]]]
4200	[[[2053.92006	1041.6000399999998	926.939244767248]]]
4201	[[[2053.80006	1041.60004	926.917282011812]]]
4202	[[[2053.92006	1041.6000399999998	926.8938942126227]]]
4203	[[[2053.80006	1041.24003	926.8691912422349]]]
4204	[[[2054.28004	1041.1200199999998	926.843290237353]]]
4205	[[[2054.6400200000003	1041.24002	926.8163132762423]]]
4206	[[[2054.6400200000003	1041.00002	926.7883849712595]]]
4207	[[[2054.76004	1040.88002	926.7596300207804]]]
4208	[[[2054.88004	1040.52001	926.7301707659084]]]
4209	[[[2054.88004	1040.52001	926.7001247977265]]]
4210	[[[2054.76002	1040.88001	926.669602660513]]]
4211	[[[2054.76002	1040.76001	926.6387056952595]]]
4212	[[[2054.88004	1040.52	926.6075240660493]]]
4213	[[[2055.12006	1040.28001	926.5761350093571]]]
4214	[[[2054.8800600000004	1040.04002	926.5446013431808]]]
4215	[[[2055.48006	1040.16003	926.5129702691162]]]
4216	[[[2055.48006	1040.16003	926.4812724961037]]]
4217	[[[2055.1200400000002	1040.0400399999999	926.4495217096446]]]
4218	[[[2054.88004	1039.80005	926.4177144048717]]]
4219	[[[2054.76004	1039.80005	926.385830096017]]]
4220	[[[2054.8800600000004	1039.56006	926.3538319086344]]]
4221	[[[2055.36006	1039.6800600000001	926.3216675544747]]]
4222	[[[2055.4800499999997	1039.80006	926.2892706822449]]]
4223	[[[2055.24003	1040.16006	926.2565625907449]]]
4224	[[[2055.48003	1040.1600600000002	926.223454284089]]]
4225	[[[2055.1200500000004	1039.80006	926.1898488420626]]]
4226	[[[2054.88005	1039.56007	926.1556440721763]]]
4227	[[[2055.0000499999996	1039.56007	926.1207354038017]]]
4228	[[[2055.00005	1039.92007	926.0850189790026]]]
4229	[[[2055.00005	1039.9200700000001	926.0483948894341]]]
4230	[[[2054.76003	1039.9200700000001	926.0107705040622]]]
4231	[[[2054.2800300000004	1039.80007	925.9720638285851]]]
4232	[[[2054.16004	1039.32008	925.932206834413]]]
4233	[[[2054.28004	1038.9600800000003	925.8911486929883]]]
4234	[[[2054.28004	1038.96008	925.8488588501908]]]
4235	[[[2054.04002	1039.44007	925.805329875664]]]
4236	[[[2054.1600200000003	1039.44007	925.7605800231668]]]
4237	[[[2054.4000400000004	1039.44007	925.7146554405808]]]
4238	[[[2054.6400399999998	1039.2000600000001	925.6676319719838]]]
4239	[[[2054.8800600000004	1039.08007	925.6196164992631]]]
4240	[[[2054.8800600000004	1039.08007	925.5707477770671]]]
4241	[[[2055.00006	1039.0800700000002	925.5211967224183]]]
4242	[[[2054.76004	1039.3200700000002	925.4711661289808]]]
4243	[[[2054.76004	1039.20006	925.4208897856536]]]
4244	[[[2054.6400399999998	1039.2000600000001	925.3706309897295]]]
4245	[[[2054.8800600000004	1038.3600600000002	925.3206804561312]]]
4246	[[[2055.0000600000003	1038.3600600000002	925.2713536360054]]]
4247	[[[2054.76004	1038.2400499999999	925.2229874700124]]]
4248	[[[2054.64004	1038.00005	925.1759366137067]]]
4249	[[[2054.04004	1038.00005	925.1305691842228]]]
4250	[[[2054.16004	1038.1200400000002	925.0872620887627]]]
4251	[[[2054.0400400000003	1038.00005	925.0463960058327]]]
4252	[[[2053.92004	1037.88004	925.00835009954]]]
4253	[[[2054.0400600000003	1038.2400400000001	924.9734965552259]]]
4254	[[[2054.1600599999997	1038.48003	924.9421950310691]]]
4255	[[[2054.04004	1038.84004	924.9147871247948]]]
4256	[[[2053.92004	1038.96003	924.8915909571012]]]
4257	[[[2053.80004	1039.20003	924.8728959737291]]]
4258	[[[2053.92004	1039.32004	924.8589580661637]]]
4259	[[[2054.1600200000003	1039.44003	924.8499951067673]]]
4260	[[[2054.0400200000004	1039.32004	924.8461829876849]]]
4261	[[[2054.04002	1039.4400300000002	924.8476522443123]]]
4262	[[[2054.04002	1039.68003	924.8544853335558]]]
4263	[[[2053.92	1039.5600299999999	924.8667146248214]]]
4264	[[[2053.8	1039.44003	924.8843211478898]]]
4265	[[[2053.6800000000003	1039.56002	924.9072341269017]]]
4266	[[[2053.8	1039.4400300000002	924.9353313139487]]]
4267	[[[2054.1600200000003	1039.68004	924.9684401196328]]]
4268	[[[2054.04002	1039.68004	925.0063395218167]]]
4269	[[[2054.28002	1039.32005	925.0487627180607]]]
4270	[[[2054.40002	1039.56004	925.0954004723186]]]
4271	[[[2054.40002	1039.44005	925.1459050927155]]]
4272	[[[2054.40002	1039.32006	925.1998949650203]]]
4273	[[[2054.1600200000003	1039.0800600000002	925.2569595560178]]]
4274	[[[2054.04002	1038.96007	925.316664792647]]]
4275	[[[2053.92002	1038.72007	925.3785587166758]]]
4276	[[[2053.92002	1038.6000600000002	925.4421773109322]]]
4277	[[[2053.68	1038.1200500000002	925.5070503917475]]]
4278	[[[2053.44001	1038.36004	925.5727074632865]]]
4279	[[[2053.0800200000003	1038.36004	925.6386834326983]]]
4280	[[[2052.84002	1038.0000400000001	925.7045240904132]]]
4281	[[[2052.84002	1038.0000400000001	925.7697912671802]]]
4282	[[[2052.96002	1037.7600400000001	925.8340675883521]]]
4283	[[[2053.20002	1037.6400500000002	925.8969607561763]]]
4284	[[[2053.32002	1037.40005	925.9581073021302]]]
4285	[[[2053.32002	1037.40005	926.0171757633021]]]
4286	[[[2053.0800200000003	1037.4000500000002	926.0738692491719]]]
4287	[[[2052.8400300000003	1037.40005	926.1279273775315]]]
4288	[[[2052.8400300000003	1037.04005	926.1791275704552]]]
4289	[[[2053.08002	1037.04005	926.227285712893]]]
4290	[[[2053.0800200000003	1037.04005	926.2722561874147]]]
4291	[[[2052.96002	1036.9200400000002	926.3139313086995]]]
4292	[[[2052.7200299999995	1036.9200400000002	926.3522401904125]]]
4293	[[[2052.36004	1036.9200400000002	926.3871470850505]]]
4294	[[[2052.36004	1036.9200400000002	926.4186492441389]]]
4295	[[[2052.72006	1037.1600400000002	926.4467743518283]]]
4296	[[[2052.7200599999996	1037.04005	926.4715775894692]]]
4297	[[[2052.84005	1036.92006	926.4931383922652]]]
4298	[[[2052.84005	1036.80007	926.5115569615967]]]
4299	[[[2052.72005	1036.44007	926.5269505982799]]]
4300	[[[2052.72005	1036.20007	926.5394499228247]]]
4301	[[[2052.72005	1036.08008	926.5491950489104]]]
4302	[[[2052.72005	1036.08008	926.55633177573]]]
4303	[[[2052.84004	1035.9600699999999	926.5610078637455]]]
4304	[[[2052.96004	1036.20007	926.5633694566671]]]
4305	[[[2052.84002	1035.60007	926.5635577101924]]]
4306	[[[2052.8400199999996	1035.48006	926.561705685171]]]
4307	[[[2052.84002	1035.36005	926.5579355593557]]]
4308	[[[2052.48001	1035.36005	926.5523562077382]]]
4309	[[[2052.00001	1035.48004	926.5450611965495]]]
4310	[[[2052.0000099999997	1035.60005	926.5361272303182]]]
4311	[[[2052.00001	1035.48004	926.5256130848368]]]
4312	[[[2052.0000099999997	1035.36003	926.5135590514886]]]
4313	[[[2052.0000099999997	1035.12004	926.4999869101059]]]
4314	[[[2051.64002	1034.88004	926.4849004384126]]]
4315	[[[2051.40002	1035.00004	926.4682864562225]]]
4316	[[[2051.28003	1035.12005	926.4501163920047]]]
4317	[[[2051.1600399999998	1035.2400599999999	926.4303483484076]]]
4318	[[[2051.40006	1035.00005	926.4089296319956]]]
4319	[[[2052.00006	1035.36005	926.3857997011143]]]
4320	[[[2051.88007	1035.36005	926.3608934746975]]]
4321	[[[2051.88007	1035.48006	926.3341449343285]]]
4322	[[[2051.88007	1035.48006	926.3054909422656]]]
4323	[[[2052.00007	1035.9600500000001	926.2748751898271]]]
4324	[[[2052.2400599999996	1035.84004	926.2422521838014]]]
4325	[[[2052.36006	1035.84004	926.207591173752]]]
4326	[[[2052.60005	1035.72003	926.1708799204787]]]
4327	[[[2052.84004	1035.60002	926.1321282057343]]]
4328	[[[2053.2000199999998	1035.72002	926.0913709856993]]]
4329	[[[2053.20002	1035.48002	926.0486710958278]]]
4330	[[[2053.20002	1035.3600099999999	926.0041214224514]]]
4331	[[[2053.08003	1035.24	925.957846466917]]]
4332	[[[2053.08003	1035.1200000000001	925.9100032408289]]]
4333	[[[2053.08003	1034.76	925.8607814459326]]]
4334	[[[2053.08003	1034.76	925.8104029089394]]]
4335	[[[2053.32005	1035.0	925.7591202597138]]]
4336	[[[2053.2000500000004	1035.12001	925.7072148602817]]]
4337	[[[2053.2000500000004	1035.12001	925.6549940114552]]]
4338	[[[2053.08005	1035.12001	925.6027874830052]]]
4339	[[[2052.96005	1035.12001	925.5509434316133]]]
4340	[[[2053.20004	1035.24002	925.499823787751]]]
4341	[[[2053.32003	1035.12002	925.4497992076134]]]
4342	[[[2053.56002	1035.24002	925.4012436987784]]]
4343	[[[2053.56002	1035.24002	925.3545290379534]]]
4344	[[[2053.44002	1035.1200199999998	925.310019105667]]]
4345	[[[2053.08	1034.88002	925.2680642658104]]]
4346	[[[2053.2	1034.64001	925.2289959174328]]]
4347	[[[2053.32	1034.52001	925.1931213420843]]]
4348	[[[2053.32	1034.76001	925.1607189624401]]]
4349	[[[2053.4399999999996	1034.76001	925.1320341170929]]]
4350	[[[2053.44	1034.52	925.1072754426366]]]
4351	[[[2053.5600000000004	1034.52	925.0866119378921]]]
4352	[[[2053.6800000000003	1034.6400099999998	925.0701707668501]]]
4353	[[[2053.56	1035.00001	925.0580358372177]]]
4354	[[[2053.68	1035.0000100000002	925.0502471709664]]]
4355	[[[2053.8	1034.88001	925.0468010626307]]]
4356	[[[2054.04002	1034.88001	925.0476510009682]]]
4357	[[[2054.04002	1034.88001	925.0527093105477]]]
4358	[[[2054.1600200000003	1034.64001	925.0618494525191]]]
4359	[[[2054.1600200000003	1034.52001	925.0749089087052]]]
4360	[[[2054.2800199999997	1034.6400099999998	925.0916925607007]]]
4361	[[[2054.28002	1034.64001	925.1119764662201]]]
4362	[[[2054.28002	1034.52	925.1355119287109]]]
4363	[[[2054.5200200000004	1034.40001	925.1620297533839]]]
4364	[[[2054.6400200000003	1034.52001	925.1912445832983]]]
4365	[[[2054.76002	1034.52001	925.2228592128807]]]
4366	[[[2054.52	1034.5200099999997	925.2565687830141]]]
4367	[[[2054.52	1034.52001	925.2920647713063]]]
4368	[[[2054.52	1034.4000099999998	925.3290387029158]]]
4369	[[[2054.52	1034.40001	925.3671855209246]]]
4370	[[[2054.52	1034.28001	925.4062065701406]]]
4371	[[[2054.1600200000003	1034.28001	925.4458121638784]]]
4372	[[[2053.92002	1034.28001	925.4857237190894]]]
4373	[[[2053.68002	1034.04	925.5256754606793]]]
4374	[[[2053.44002	1034.04	925.5654157103847]]]
4375	[[[2053.44002	1034.04	925.6047077887612]]]
4376	[[[2053.56002	1034.16	925.6433305701819]]]
4377	[[[2053.32002	1034.52	925.6810787399772]]]
4378	[[[2053.32002	1034.52	925.7177628096621]]]
4379	[[[2053.44002	1034.64	925.7532089504782]]]
4380	[[[2053.20002	1035.0	925.7872587071358]]]
4381	[[[2053.68	1034.88001	925.8197686527143]]]
4382	[[[2053.92	1034.64002	925.8506100423112]]]
4383	[[[2053.92	1034.64002	925.8796685174062]]]
4384	[[[2053.9199999999996	1034.88002	925.9068439053324]]]
4385	[[[2053.8	1034.88002	925.9320501490563]]]
4386	[[[2053.8	1034.64003	925.9552153920683]]]
4387	[[[2053.92	1034.2800300000001	925.9762822319941]]]
4388	[[[2053.8	1034.28003	925.9952081450001]]]
4389	[[[2053.6800000000003	1034.04004	926.0119660716375]]]
4390	[[[2053.68	1033.56005	926.0265451438496]]]
4391	[[[2053.56	1033.56005	926.0389515228953]]]
4392	[[[2053.56	1033.2000400000002	926.0492093092246]]]
4393	[[[2053.92002	1033.32004	926.0573614782181]]]
4394	[[[2054.1600200000003	1032.84005	926.0634707903862]]]
4395	[[[2054.1600200000003	1032.8400500000002	926.0676206212935]]]
4396	[[[2054.04002	1032.96004	926.0699156552175]]]
4397	[[[2054.1600200000003	1032.84005	926.0704823874015]]]
4398	[[[2054.5200400000003	1032.9600500000001	926.0694693826547]]]
4399	[[[2054.5200400000003	1033.08004	926.067047242889]]]
4400	[[[2054.64004	1033.20003	926.0634082427712]]]
4401	[[[2054.64004	1033.20003	926.0587656007723]]]
4402	[[[2054.64004	1033.56004	926.0533523622728]]]
4403	[[[2054.2800199999997	1033.32005	926.0474198816682]]]
4404	[[[2054.40004	1033.56004	926.0412359013413]]]
4405	[[[2054.40004	1033.44005	926.0350822365326]]]
4406	[[[2054.0400600000003	1033.44005	926.0292520862513]]]
4407	[[[2053.92006	1033.4400500000002	926.0240470010509]]]
4408	[[[2053.80004	1033.2000600000001	926.0197735484792]]]
4409	[[[2054.0400600000003	1033.08007	926.016739725985]]]
4410	[[[2054.16006	1033.32008	926.0152511788004]]]
4411	[[[2054.28006	1033.56007	926.0156072866193]]]
4412	[[[2054.28006	1033.6800600000001	926.0180971875768]]]
4413	[[[2054.64008	1034.04006	926.0229958110474]]]
4414	[[[2054.52006	1034.04006	926.0305599920114]]]
4415	[[[2054.52006	1034.28005	926.0410247392243]]]
4416	[[[2055.00004	1034.4000500000002	926.0545997272018]]]
4417	[[[2055.48004	1034.88004	926.0714660781648]]]
4418	[[[2055.3600400000005	1035.00003	926.0917734947463]]]
4419	[[[2055.36004	1035.12002	926.1156377975628]]]
4420	[[[2055.2400399999997	1035.0000100000002	926.1431389139382]]]
4421	[[[2055.1200400000002	1034.88001	926.1743193552859]]]
4422	[[[2055.1200400000002	1034.8800099999999	926.2091832112203]]]
4423	[[[2055.24003	1034.8800099999999	926.247695678528]]]
4424	[[[2055.12003	1034.8800099999999	926.2897831329931]]]
4425	[[[2055.12003	1035.00002	926.3353337419388]]]
4426	[[[2055.12003	1035.00002	926.3841986054522]]]
4427	[[[2054.76003	1034.76002	926.4361934048086]]]
4428	[[[2054.88003	1034.88002	926.4911005278118]]]
4429	[[[2054.8800300000003	1035.24002	926.5486716327589]]]
4430	[[[2055.00003	1035.24002	926.608630605679]]]
4431	[[[2055.1200299999996	1035.4800300000002	926.670676859518]]]
4432	[[[2054.88003	1035.60003	926.7344889190788]]]
4433	[[[2054.76004	1035.60003	926.7997282318953]]]
4434	[[[2055.12005	1036.08003	926.8660431428043]]]
4435	[[[2055.1200500000004	1036.08003	926.933072968803]]]
4436	[[[2055.00005	1036.2000400000002	927.0004521107951]]]
4437	[[[2054.88005	1036.44004	927.0678141400243]]]
4438	[[[2055.00007	1036.8000500000003	927.1347957992457]]]
4439	[[[2054.76005	1036.80005	927.2010408619483]]]
4440	[[[2054.76005	1037.16006	927.2662037970993]]]
4441	[[[2054.88007	1037.40006	927.329953191788]]]
4442	[[[2055.12007	1037.6400600000002	927.3919748897267]]]
4443	[[[2055.00005	1037.6400600000002	927.4519748096396]]]
4444	[[[2054.8800600000004	1037.04006	927.5096814140368]]]
4445	[[[2055.00006	1037.16005	927.5648478055582]]]
4446	[[[2055.24008	1037.52004	927.6172534349005]]]
4447	[[[2055.2400800000005	1037.6400500000002	927.6667054111098]]]
4448	[[[2055.0000600000003	1037.5200399999999	927.7130394116882]]]
4449	[[[2055.00006	1037.5200399999999	927.7561201963478]]]
4450	[[[2055.24007	1037.64003	927.7958417342852]]]
4451	[[[2055.12005	1037.64003	927.8321269604487]]]
4452	[[[2055.00005	1037.64003	927.8649271813287]]]
4453	[[[2055.00005	1038.00002	927.8942211552916]]]
4454	[[[2054.7600300000004	1038.4800300000002	927.9200138763102]]]
4455	[[[2054.7600300000004	1038.72003	927.942335093116]]]
4456	[[[2054.7600300000004	1038.60004	927.96123759826]]]
4457	[[[2054.88003	1038.72003	927.9767953233413]]]
4458	[[[2055.12005	1038.84004	927.9891012777098]]]
4459	[[[2055.60005	1039.2000400000002	927.9982653683406]]]
4460	[[[2055.4800600000003	1039.08005	928.0044121382914]]]
4461	[[[2056.20008	1039.6800500000002	928.0076784602677]]]
4462	[[[2056.4401	1040.1600600000002	928.0082112203612]]]
4463	[[[2056.4401	1040.2800600000003	928.0061650250698]]]
4464	[[[2056.80011	1040.6400600000002	928.0016999622947]]]
4465	[[[2056.92013	1040.6400600000002	927.9949794442462]]]
4466	[[[2056.92013	1040.76005	927.9861681571114]]]
4467	[[[2057.16014	1041.0000599999998	927.9754301390454]]]
4468	[[[2057.1601400000004	1041.2400499999999	927.9629270046232]]]
4469	[[[2057.16014	1041.36006	927.9488163303853]]]
4470	[[[2056.9201199999998	1041.60005	927.9332502126219]]]
4471	[[[2056.0801	1041.12004	927.9163740051372]]]
4472	[[[2056.0801	1041.12004	927.8983252414677]]]
4473	[[[2056.20012	1040.8800500000002	927.8792327429619]]]
4474	[[[2056.08013	1040.76004	927.8592159113277]]]
4475	[[[2055.84011	1040.76004	927.8383842017271]]]
4476	[[[2055.84011	1041.00005	927.8168367703031]]]
4477	[[[2055.7201200000004	1041.00005	927.7946622881816]]]
4478	[[[2055.4800999999998	1041.12006	927.7719389124808]]]
4479	[[[2055.1201	1041.12006	927.7487344037194]]]
4480	[[[2055.2401	1041.3600600000002	927.7251063782127]]]
4481	[[[2055.48012	1041.72006	927.701102683554]]]
4482	[[[2055.2401	1041.72006	927.6767618850739]]]
4483	[[[2055.0000800000003	1042.08006	927.652113851234]]]
4484	[[[2054.76006	1042.20007	927.6271804261485]]]
4485	[[[2054.76006	1042.80007	927.6019761778492]]]
4486	[[[2054.64004	1042.80007	927.576509211411]]]
4487	[[[2054.40002	1042.80007	927.5507820366236]]]
4488	[[[2054.64004	1042.80007	927.5247924804429]]]
4489	[[[2054.76006	1042.80007	927.4985346349752]]]
4490	[[[2054.76006	1042.8000699999998	927.4719998321527]]]
4491	[[[2054.5200400000003	1042.80007	927.4451776365497]]]
4492	[[[2055.00004	1043.04007	927.4180568479276]]]
4493	[[[2055.24006	1043.16006	927.3906265050553]]]
4494	[[[2055.24006	1043.40006	927.3628768821582]]]
4495	[[[2055.36006	1043.4000600000002	927.3348004689717]]]
4496	[[[2055.24006	1044.00006	927.306392924885]]]
4497	[[[2055.12006	1044.00006	927.2776539970258]]]
4498	[[[2054.88004	1044.24006	927.2485883914849]]]
4499	[[[2054.6400200000003	1044.84006	927.2192065861709]]]
4500	[[[2054.76004	1044.6000600000002	927.1895255731621]]]
4501	[[[2054.88004	1044.84006	927.1595695178924]]]
4502	[[[2054.5200400000003	1044.84006	927.1293703221714]]]
4503	[[[2054.40002	1044.84006	927.0989680779419]]]
4504	[[[2054.52002	1044.84006	927.0684113988931]]]
4505	[[[2054.04004	1044.84006	927.0377576176277]]]
4506	[[[2054.4000499999997	1044.72005	927.0070728370549]]]
4507	[[[2054.52005	1045.08004	926.976431826102]]]
4508	[[[2054.52005	1045.20003	926.9459177517017]]]
4509	[[[2054.64005	1044.60003	926.9156217413145]]]
4510	[[[2054.40003	1045.08003	926.8856422729789]]]
4511	[[[2054.28003	1045.08003	926.8560843929921]]]
4512	[[[2054.16003	1045.2000199999998	926.8270587647494]]]
4513	[[[2053.92003	1045.8000200000001	926.7986805559451]]]
4514	[[[2053.80003	1045.92001	926.7710681751538]]]
4515	[[[2054.1600100000005	1045.9200099999998	926.744341872672]]]
4516	[[[2053.8	1045.80001	926.718622224285]]]
4517	[[[2053.68	1045.80001	926.6940285202161]]]
4518	[[[2053.56	1045.8000100000002	926.6706770847828]]]
4519	[[[2053.32	1046.28	926.6486795551189]]]
4520	[[[2053.44	1046.5200099999997	926.6281411496086]]]
4521	[[[2053.44	1046.52001	926.6091589583075]]]
4522	[[[2053.68002	1046.64001	926.5918202885417]]]
4523	[[[2053.80002	1046.28001	926.5762010989786]]]
4524	[[[2053.9200200000005	1046.52002	926.5623645547594]]]
4525	[[[2053.9200200000005	1046.64002	926.550359734719]]]
4526	[[[2053.92002	1046.8800299999998	926.5402205193357]]]
4527	[[[2054.04002	1047.00003	926.5319646848824]]]
4528	[[[2054.1600200000003	1047.0000300000002	926.5255932253604]]]
4529	[[[2054.1600200000003	1046.76004	926.5210899192759]]]
4530	[[[2053.92002	1046.5200300000001	926.518421153302]]]
4531	[[[2053.80002	1046.5200300000001	926.5175360094474]]]
4532	[[[2053.3200100000004	1046.40003	926.5183666167225]]]
4533	[[[2053.08002	1046.40003	926.5208287625786]]]
4534	[[[2052.96002	1045.8000299999999	926.5248227537583]]]
4535	[[[2052.84002	1045.56004	926.530234510807]]]
4536	[[[2052.7200199999997	1045.4400300000002	926.5369368755079]]]
4537	[[[2052.7200199999997	1045.32003	926.5447911060252]]]
4538	[[[2052.7200199999997	1044.96004	926.5536485307484]]]
4539	[[[2052.7200199999997	1044.96004	926.5633523287709]]]
4540	[[[2052.7200199999997	1044.84005	926.5737394027262]]]
4541	[[[2052.60003	1045.20005	926.5846423083765]]]
4542	[[[2052.7200199999997	1045.08006	926.5958912049176]]]
4543	[[[2052.84001	1045.08006	926.6073157904582]]]
4544	[[[2052.60002	1045.3200600000002	926.6187471884659]]]
4545	[[[2052.7200199999997	1045.32006	926.6300197531285]]]
4546	[[[2052.60003	1045.08007	926.6409727644556]]]
4547	[[[2052.4800299999997	1045.20007	926.6514519874412]]]
4548	[[[2052.36003	1045.44007	926.6613110735861]]]
4549	[[[2052.2400399999997	1045.44007	926.6704127874413]]]
4550	[[[2052.6000599999998	1045.8000700000002	926.678630045402]]]
4551	[[[2052.6000599999998	1045.0800800000002	926.6858467586411]]]
4552	[[[2052.48007	1045.20007	926.6919584766695]]]
4553	[[[2052.48007	1045.0800800000002	926.696872832424]]]
4554	[[[2052.6000599999998	1045.32007	926.700509793892]]]
4555	[[[2052.3600699999997	1045.4400600000001	926.702801730978]]]
4556	[[[2052.24008	1045.56005	926.7036933095371]]]
4557	[[[2052.24008	1045.32006	926.7031412271447]]]
4558	[[[2052.12009	1045.4400500000002	926.7011138072552]]]
4559	[[[2052.36008	1045.20005	926.6975904698544]]]
4560	[[[2052.00006	1044.96004	926.6925610975786]]]
4561	[[[2052.12005	1045.0800299999999	926.6860253165703]]]
4562	[[[2051.88004	1044.84003	926.6779917111102]]]
4563	[[[2051.88004	1044.7200200000002	926.6684769903826]]]
4564	[[[2051.64006	1044.36002	926.6575051246693]]]
4565	[[[2051.64006	1044.24003	926.64510646691]]]
4566	[[[2052.1200400000002	1044.2400300000002	926.631316874008]]]
4567	[[[2052.12004	1044.12002	926.6161768405957]]]
4568	[[[2052.24003	1044.1200199999998	926.5997306562828]]]
4569	[[[2051.64003	1044.48001	926.5820255957876]]]
4570	[[[2051.64003	1044.36002	926.5631111498493]]]
4571	[[[2051.4000499999997	1044.84003	926.5430383035143]]]
4572	[[[2051.64006	1044.96004	926.5218588673055]]]
4573	[[[2051.52007	1045.2000400000002	926.4996248659497]]]
4574	[[[2051.64006	1045.32005	926.4763879887589]]]
4575	[[[2051.76005	1045.44004	926.4521991054177]]]
4576	[[[2051.52005	1045.44004	926.4271078507985]]]
4577	[[[2051.40006	1045.68004	926.4011622824424]]]
4578	[[[2051.28007	1045.56005	926.3744086144749]]]
4579	[[[2051.5200899999995	1045.80006	926.3468910318752]]]
4580	[[[2051.28011	1046.16006	926.3186515891246]]]
4581	[[[2051.64009	1045.80006	926.2897301972507]]]
4582	[[[2052.0000800000003	1046.04005	926.260164703069]]]
4583	[[[2051.8800899999997	1046.04005	926.2299910639555]]]
4584	[[[2051.88009	1046.04005	926.199243620695]]]
4585	[[[2051.40009	1046.04005	926.1679554697987]]]
4586	[[[2051.2801	1046.04005	926.1361589351536]]]
4587	[[[2051.2801	1046.04005	926.1038861369658]]]
4588	[[[2051.2801	1046.28004	926.0711696536639]]]
4589	[[[2051.5200800000002	1045.92004	926.0380432698485]]]
4590	[[[2051.64007	1045.68003	926.0045428005121]]]
4591	[[[2051.40008	1045.92002	925.9707069787221]]]
4592	[[[2051.28008	1045.8000200000001	925.9365783908706]]]
4593	[[[2051.40007	1045.92002	925.902204440538]]]
4594	[[[2051.4000699999997	1046.04001	925.867638319143]]]
4595	[[[2051.88007	1046.0400100000002	925.8329399589859]]]
4596	[[[2051.88007	1046.04001	925.7981769421585]]]
4597	[[[2052.00006	1045.92002	925.7634253372344]]]
4598	[[[2052.12005	1045.5600200000001	925.7287704347722]]]
4599	[[[2052.3600500000002	1046.0400100000002	925.6943073525651]]]
4600	[[[2052.3600500000002	1046.4000099999998	925.6601414823197]]]
4601	[[[2052.24006	1046.6400099999998	925.626388751115]]]
4602	[[[2051.6400599999997	1046.76001	925.5931756735733]]]
4603	[[[2051.64006	1046.76001	925.5606391741816]]]
4604	[[[2051.64006	1046.88001	925.5289261635495]]]
4605	[[[2051.52007	1046.88001	925.4981928575695]]]
4606	[[[2051.6400599999997	1046.88001	925.4686038342418]]]
4607	[[[2052.0000800000003	1047.24001	925.4403308293043]]]
4608	[[[2051.88009	1047.6000099999999	925.413551278523]]]
4609	[[[2052.00011	1047.48002	925.3884466213889]]]
4610	[[[2052.00011	1047.24002	925.3652003878567]]]
4611	[[[2052.6001100000003	1047.1200299999998	925.3439960963663]]]
4612	[[[2053.56012	1047.3600300000003	925.3250149975896]]]
4613	[[[2053.44013	1047.2400300000002	925.3084337038481]]]
4614	[[[2053.68012	1047.12003	925.2944217488281]]]
4615	[[[2053.92011	1047.36004	925.2831391258593]]]
4616	[[[2054.0401100000004	1047.36004	925.2747338555049]]]
4617	[[[2053.68009	1047.4800300000002	925.2693396344151]]]
4618	[[[2054.0400799999998	1047.60004	925.2670736172322]]]
4619	[[[2053.80006	1047.36003	925.2680343818138]]]
4620	[[[2053.8000600000005	1047.7200400000002	925.2723001251021]]]
4621	[[[2053.44004	1047.4800300000002	925.2799271327419]]]
4622	[[[2052.9600299999997	1047.2400300000002	925.2909485600652]]]
4623	[[[2053.3200100000004	1047.36003	925.3053735554895]]]
4624	[[[2053.3200100000004	1047.36003	925.3231867498802]]]
4625	[[[2053.32001	1047.12002	925.3443481271948]]]
4626	[[[2053.3200100000004	1047.24002	925.3687932829991]]]
4627	[[[2053.20002	1046.76003	925.3964340684486]]]
4628	[[[2053.0800200000003	1046.64002	925.4271596083396]]]
4629	[[[2053.0800200000003	1046.5200300000001	925.4608376730645]]]
4630	[[[2053.5600299999996	1046.16002	925.4973163760629]]]
4631	[[[2053.6800300000004	1045.8000299999999	925.5364261608132]]]
4632	[[[2053.8000300000003	1045.5600399999998	925.5779820348276]]]
4633	[[[2053.68003	1045.32005	925.6217860026429]]]
4634	[[[2053.80003	1045.32005	925.6676296456133]]]
4635	[[[2053.8000300000003	1045.08005	925.7152967935068]]]
4636	[[[2054.16004	1044.9600500000001	925.7645662315715]]]
4637	[[[2054.28003	1044.84004	925.8152143868832]]]
4638	[[[2054.2800300000004	1044.72004	925.8670179394112]]]
4639	[[[2054.2800300000004	1044.7200400000002	925.9197563062635]]]
4640	[[[2054.1600100000005	1044.36004	925.9732139519198]]]
4641	[[[2053.92002	1044.84003	926.0271824827744]]]
4642	[[[2054.04002	1044.7200200000002	926.0814624908231]]]
4643	[[[2054.04002	1044.6000099999999	926.1358651186443]]]
4644	[[[2053.80002	1044.3600099999999	926.1902133257206]]]
4645	[[[2053.8000199999997	1044.4800200000002	926.2443428443855]]]
4646	[[[2053.44001	1044.36003	926.298102822032]]]
4647	[[[2053.56001	1044.48004	926.3513561544247]]]
4648	[[[2053.44001	1044.2400400000001	926.4039795228069]]]
4649	[[[2053.32001	1044.0000400000001	926.4558631547467]]]
4650	[[[2053.2000099999996	1043.8800500000002	926.5069103351422]]]
4651	[[[2053.44	1043.52005	926.5570366993406]]]
4652	[[[2053.2	1043.4000600000002	926.6061693447413]]]
4653	[[[2053.32	1043.2800700000003	926.6542458005185]]]
4654	[[[2053.56	1043.16008	926.7012128970679]]]
4655	[[[2053.68	1042.80007	926.7470255774937]]]
4656	[[[2053.2	1042.32006	926.7916456928831]]]
4657	[[[2053.08	1041.9600500000001	926.8350408213306]]]
4658	[[[2053.08	1041.84006	926.8771831477528]]]
4659	[[[2053.2	1041.96005	926.9180484376141]]]
4660	[[[2053.3199999999997	1041.8400399999998	926.9576151328769]]]
4661	[[[2053.32	1041.72005	926.9958635930077]]]
4662	[[[2053.44	1041.48004	927.0327754978689]]]
4663	[[[2053.44	1041.36003	927.0683334230176]]]
4664	[[[2053.2	1041.24002	927.1025205915288]]]
4665	[[[2053.2	1041.24002	927.1353208001279]]]
4666	[[[2053.5600000000004	1041.36002	927.1667185114098]]]
4667	[[[2053.8	1041.4800300000002	927.1966990983505]]]
4668	[[[2054.28001	1041.4800300000002	927.2252492224006]]]
4669	[[[2054.28001	1041.12003	927.2523573222886]]]
4670	[[[2054.1600100000005	1041.00003	927.2780141873822]]]
4671	[[[2054.28001	1040.7600200000002	927.3022135871355]]]
4672	[[[2053.92003	1040.76002	927.3249529268257]]]
4673	[[[2054.28004	1040.76002	927.3462338994826]]]
4674	[[[2054.28004	1040.5200300000001	927.3660631046108]]]
4675	[[[2054.28004	1040.28004	927.3844526059432]]]
4676	[[[2054.40004	1039.80005	927.4014204029847]]]
4677	[[[2054.40004	1039.5600399999998	927.4169907943717]]]
4678	[[[2054.16003	1039.20004	927.4311946149912]]]
4679	[[[2054.16003	1038.72004	927.444069333213]]]
4680	[[[2054.0400299999997	1038.60005	927.4556589993192]]]
4681	[[[2053.92003	1038.48006	927.4660140411472]]]
4682	[[[2054.4000100000003	1038.24006	927.4751909078847]]]
4683	[[[2054.28002	1037.6400600000002	927.4832515677329]]]
4684	[[[2054.40002	1037.6400600000002	927.4902628696493]]]
4685	[[[2054.40002	1037.52005	927.496295783421]]]
4686	[[[2054.6400399999998	1037.64004	927.5014245358249]]]
4687	[[[2054.6400399999998	1037.52005	927.5057256634893]]]
4688	[[[2054.5200400000003	1037.40004	927.5092770052072]]]
4689	[[[2054.64004	1037.7600500000003	927.5121566578273]]]
4690	[[[2054.76004	1037.52005	927.5144419204568]]]
4691	[[[2054.88004	1037.28005	927.5162082515253]]]
4692	[[[2054.88004	1037.28005	927.5175282623653]]]
4693	[[[2054.76002	1037.6400600000002	927.5184707693688]]]
4694	[[[2054.88002	1037.52005	927.5190999245954]]]
4695	[[[2055.00004	1037.40006	927.5194744420245]]]
4696	[[[2055.00004	1037.16006	927.5196469335555]]]
4697	[[[2054.5200600000003	1036.92006	927.5196633655025]]]
4698	[[[2055.12006	1036.9200600000001	927.5195626428291]]]
4699	[[[2055.00006	1036.6800600000001	927.5193763248262]]]
4700	[[[2055.00006	1036.56005	927.519128472499]]]
4701	[[[2055.00006	1036.44004	927.5188356246875]]]
4702	[[[2055.12008	1036.2000400000002	927.5185068970101]]]
4703	[[[2055.2401	1035.84003	927.518144195167]]]
4704	[[[2055.0001	1035.4800300000002	927.5177425320429]]]
4705	[[[2054.76008	1035.36002	927.517290436437]]]
4706	[[[2054.64006	1035.36002	927.5167704401714]]]
4707	[[[2055.00004	1035.24001	927.5161596297614]]]
4708	[[[2054.40004	1035.00001	927.5154302487799]]]
4709	[[[2054.64006	1034.7599999999998	927.5145503374615]]]
4710	[[[2054.5200600000003	1035.0	927.5134843969266]]]
4711	[[[2054.64008	1034.8799999999999	927.5121940665864]]]
4712	[[[2054.64008	1034.7599999999998	927.5106388047425]]]
4713	[[[2054.64008	1034.7599999999998	927.508776564034]]]
4714	[[[2054.7600800000005	1035.00001	927.506564455119]]]
4715	[[[2055.0001	1034.88001	927.5039593937123]]]
4716	[[[2055.1201200000005	1034.64002	927.5009187277599]]]
4717	[[[2055.60012	1034.52002	927.4974008430323]]]
4718	[[[2055.9601300000004	1034.40002	927.4933657466818]]]
4719	[[[2055.9601300000004	1034.2800300000001	927.4887756293041]]]
4720	[[[2056.56013	1033.5600399999998	927.4835954067072]]]
4721	[[[2056.5601300000003	1033.32004	927.4777932429146]]]
4722	[[[2056.4401100000005	1033.08004	927.4713410559064]]]
4723	[[[2056.0800900000004	1032.8400500000002	927.4642150072361]]]
4724	[[[2056.20009	1032.4800500000001	927.4563959759998]]]
4725	[[[2056.08007	1032.36006	927.4478700166977]]]
4726	[[[2056.08007	1032.12006	927.4386287994033]]]
4727	[[[2055.7200700000003	1031.8800600000002	927.4286700293867]]]
4728	[[[2055.60008	1031.76007	927.4179978420116]]]
4729	[[[2055.9600600000003	1031.76007	927.4066231674278]]]
4730	[[[2055.60006	1031.76007	927.3945640583797]]]
4731	[[[2055.72005	1031.6400800000001	927.3818459734275]]]
4732	[[[2055.96006	1031.5200900000002	927.3685020071159]]]
4733	[[[2056.32008	1031.28009	927.3545730581591]]]
4734	[[[2056.4401000000003	1031.28009	927.3401079266075]]]
4735	[[[2056.6801100000002	1031.04009	927.3251633312602]]]
4736	[[[2056.8001	1030.8000800000002	927.3098038392636]]]
4737	[[[2057.0401100000004	1030.80008	927.294101700945]]]
4738	[[[2057.1601	1030.68007	927.2781365843948]]]
4739	[[[2056.80012	1030.56006	927.261995206132]]]
4740	[[[2056.9201399999997	1030.56006	927.2457708562928]]]
4741	[[[2056.80015	1030.56006	927.2295628191005]]]
4742	[[[2056.56014	1030.44005	927.213475691837]]]
4743	[[[2056.44012	1030.32004	927.1976186080517]]]
4744	[[[2055.96011	1030.08004	927.1821043732023]]]
4745	[[[2055.7201	1030.2000300000002	927.1670485232577]]]
4746	[[[2055.6001100000003	1030.44004	927.1525683188978]]]
4747	[[[2055.6001100000003	1030.44004	927.1387816897344]]]
4748	[[[2055.2401	1030.08004	927.125806144392]]]
4749	[[[2055.2401	1029.48004	927.1137576632602]]]
4750	[[[2055.2401	1029.2400300000002	927.1027495912165]]]
4751	[[[2055.2401	1029.12002	927.0928915476103]]]
4752	[[[2055.2401	1029.12002	927.0842883702795]]]
4753	[[[2055.4801099999995	1029.36002	927.0770391093622]]]
4754	[[[2055.8401	1029.60002	927.0712360852156]]]
4755	[[[2056.08011	1029.48003	927.0669640228983]]]
4756	[[[2055.96009	1029.3600199999998	927.0642992735005]]]
4757	[[[2055.8401000000003	1029.24003	927.0633091301992]]]
4758	[[[2055.8401000000003	1029.2400300000002	927.0640512443622]]]
4759	[[[2055.8401	1029.72004	927.0665731444271]]]
4760	[[[2055.72008	1029.84004	927.0709118577576]]]
4761	[[[2055.72008	1029.84004	927.0770936333001]]]
4762	[[[2055.8401000000003	1029.84004	927.0851337607434]]]
4763	[[[2055.60009	1029.9600500000001	927.0950364800983]]]
4764	[[[2055.7201099999997	1029.60004	927.1067949742201]]]
4765	[[[2055.60012	1029.4800300000002	927.1203914358466]]]
4766	[[[2055.7201400000004	1029.60004	927.1357972002622]]]
4767	[[[2055.7201400000004	1029.36003	927.1529729346848]]]
4768	[[[2055.96016	1029.48003	927.1718688759571]]]
4769	[[[2055.96016	1029.24002	927.1924251090065]]]
4770	[[[2056.2001700000005	1029.1200199999998	927.2145718798045]]]
4771	[[[2056.32016	1029.24003	927.2382299381085]]]
4772	[[[2056.44015	1029.24003	927.2633109070379]]]
4773	[[[2056.68016	1028.64003	927.2897176784008]]]
4774	[[[2056.80015	1028.40004	927.3173448345613]]]
4775	[[[2057.1601299999998	1028.40004	927.3460790994017]]]
4776	[[[2057.1601299999998	1028.2800300000001	927.3757998224928]]]
4777	[[[2057.04011	1028.1600400000002	927.4063795018398]]]
4778	[[[2057.1601	1027.6800500000002	927.4376843514298]]]
4779	[[[2056.9200800000003	1027.92006	927.4695749202289]]]
4780	[[[2056.8000899999997	1027.80007	927.5019067691703]]]
4781	[[[2056.6801	1027.44007	927.5345312120646]]]
4782	[[[2056.44009	1027.20008	927.567296125201]]]
4783	[[[2056.0800800000006	1027.5600800000002	927.6000468287523]]]
4784	[[[2055.8400699999997	1027.56008	927.6326270409572]]]
4785	[[[2055.36007	1027.32009	927.6648799035386]]]
4786	[[[2055.2400500000003	1026.96009	927.6966490739666]]]
4787	[[[2055.2400500000003	1027.0800800000002	927.7277798771387]]]
4788	[[[2055.0000400000004	1027.44007	927.758120505908]]]
4789	[[[2055.1200400000002	1027.08007	927.7875232567978]]]
4790	[[[2055.0000200000004	1027.2000600000001	927.815845784298]]]
4791	[[[2054.88	1027.2000600000001	927.8429523545034]]]
4792	[[[2054.88	1027.20006	927.8687150766167]]]
4793	[[[2055.0	1027.08005	927.8930150891431]]]
4794	[[[2055.0	1027.2000400000002	927.9157436765042]]]
4795	[[[2055.12002	1027.08003	927.9368032914208]]]
4796	[[[2055.2400399999997	1026.840036	927.9561084587476]]]
4797	[[[2055.36006	1026.840036	927.9735865375951]]]
4798	[[[2055.84006	1026.840036	927.9891783204514]]]
4799	[[[2055.84006	1026.7200260000002	928.0028384506868]]]
4800	[[[2055.84006	1026.480026	928.0145356431651]]]
4801	[[[2055.96008	1026.480026	928.0242526966565]]]
4802	[[[2056.0801	1026.360016	928.0319862912372]]]
4803	[[[2055.9601	1026.0000160000002	928.0377465687407]]]
4804	[[[2056.08012	1025.880026	928.0415564994879]]]
4805	[[[2056.08012	1025.640032	928.0434510437735]]]
4806	[[[2055.7201	1026.000036	928.0434761218206]]]
4807	[[[2055.60008	1025.640046	928.0416874109294]]]
4808	[[[2055.2401	1025.520056	928.0381489932313]]]
4809	[[[2055.3601200000003	1025.520056	928.0329318816181]]]
4810	[[[2055.1201200000005	1025.760056	928.026112454971]]]
4811	[[[2055.2401099999997	1025.640046	928.0177708365945]]]
4812	[[[2055.3601000000003	1025.760056	928.0079892517153]]]
4813	[[[2055.72011	1025.8800660000002	927.9968504009314]]]
4814	[[[2055.60009	1025.760056	927.9844358865705]]]
4815	[[[2055.72008	1026.12006	927.9708247280062]]]
4816	[[[2056.32008	1026.2400499999999	927.9560920001007]]]
4817	[[[2056.4401000000003	1026.36004	927.940307626156]]]
4818	[[[2056.56009	1026.36004	927.9235353530773]]]
4819	[[[2056.80007	1026.36004	927.9058319320562]]]
4820	[[[2057.16009	1026.00005	927.8872465229979]]]
4821	[[[2057.28008	1026.12006	927.8678203353575]]]
4822	[[[2057.5200699999996	1025.760056	927.8475865121185]]]
4823	[[[2057.5200699999996	1025.7600559999998	927.8265702575391]]]
4824	[[[2057.40007	1025.8800660000002	927.8047892031489]]]
4825	[[[2058.12006	1026.240066	927.782254000514]]]
4826	[[[2057.88008	1026.120076	927.7589691236133]]]
4827	[[[2058.0000699999996	1026.240086	927.7349338585063]]]
4828	[[[2058.12006	1026.2400860000002	927.710143453407]]]
4829	[[[2057.88008	1026.360096	927.6845903984782]]]
4830	[[[2058.0000699999996	1026.6000960000001	927.6582658017094]]]
4831	[[[2057.76009	1026.9600960000002	927.6311608252121]]]
4832	[[[2057.40011	1027.6801	927.6032681452283]]]
4833	[[[2057.2801200000004	1027.6801	927.5745833990895]]]
4834	[[[2057.5201399999996	1027.6801	927.545106583306]]]
4835	[[[2056.3201400000003	1027.44009	927.5148433688357]]]
4836	[[[2056.44013	1027.44009	927.4838063023324]]]
4837	[[[2056.44013	1027.0800860000002	927.4520158656906]]]
4838	[[[2056.44013	1027.2000759999999	927.4195013703818]]]
4839	[[[2056.44013	1027.440066	927.3863016677627]]]
4840	[[[2056.56012	1026.960061	927.3524656615837]]]
4841	[[[2056.8001	1026.480051	927.3180526141834]]]
4842	[[[2056.92009	1026.120051	927.2831322431308]]]
4843	[[[2057.0400799999998	1026.000041	927.2477846102422]]]
4844	[[[2057.0400799999998	1025.8800310000001	927.2120998097746]]]
4845	[[[2058.0001	1025.8800310000001	927.1761774670555]]]
4846	[[[2057.76009	1025.760021	927.1401260627287]]]
4847	[[[2057.88008	1025.760021	927.1040621010688]]]
4848	[[[2057.6400999999996	1025.520021	927.0681091433808]]]
4849	[[[2057.7600899999998	1025.280031	927.0323967293114]]]
4850	[[[2057.6401	1025.7600360000001	926.9970592099286]]]
4851	[[[2057.6400999999996	1026.000036	926.9622345166978]]]
4852	[[[2057.40009	1026.240026	926.9280628900424]]]
4853	[[[2057.40009	1026.240026	926.8946855900762]]]
4854	[[[2057.5200800000002	1026.0000320000001	926.8622436104351]]]
4855	[[[2057.40006	1025.880042	926.8308764140226]]]
4856	[[[2057.52008	1025.760052	926.8007207070247]]]
4857	[[[2057.52008	1025.880056	926.7719092648895]]]
4858	[[[2057.64007	1025.880056	926.7445698212177]]]
4859	[[[2057.6400700000004	1025.6400560000002	926.7188240278047]]]
4860	[[[2057.7600599999996	1025.400056	926.6947864915237]]]
4861	[[[2057.64007	1025.040066	926.6725638914552]]]
4862	[[[2058.00007	1024.5600760000002	926.6522541776992]]]
4863	[[[2058.00007	1024.5600760000002	926.6339458517674]]]
4864	[[[2058.2400599999996	1024.440075	926.6177173273197]]]
4865	[[[2057.76008	1024.680065	926.6036363693411]]]
4866	[[[2058.12006	1024.4400600000001	926.5917596096067]]]
4867	[[[2058.00007	1024.4400600000001	926.5821321364477]]]
4868	[[[2057.88008	1024.44006	926.5747871573019]]]
4869	[[[2057.88008	1024.44006	926.5697457333051]]]
4870	[[[2057.88008	1024.44006	926.5670165860927]]]
4871	[[[2057.88008	1024.56005	926.5665959779883]]]
4872	[[[2057.88008	1024.8000500000003	926.5684676677374]]]
4873	[[[2058.00007	1024.80005	926.572602944803]]]
4874	[[[2057.88007	1025.040055	926.5789607458825]]]
4875	[[[2058.00006	1024.680055	926.58748785768]]]
4876	[[[2057.76007	1025.1600600000002	926.5981192099578]]]
4877	[[[2057.88006	1025.4000600000002	926.610778262514]]]
4878	[[[2058.0000499999996	1025.4000600000002	926.6253774889352]]]
4879	[[[2058.0000499999996	1025.6400600000002	926.6418189587421]]]
4880	[[[2058.0000499999996	1025.76005	926.6599950179541]]]
4881	[[[2058.36004	1026.12005	926.6797890661325]]]
4882	[[[2058.1200599999997	1026.0000400000001	926.7010764257318]]]
4883	[[[2058.12006	1026.12005	926.7237252971536]]]
4884	[[[2058.00007	1026.12005	926.7475977903483]]]
4885	[[[2058.0000699999996	1026.00006	926.7725510212618]]]
4886	[[[2058.0000699999996	1025.520055	926.798438258972]]]
4887	[[[2058.36009	1025.520055	926.8251101071006]]]
4888	[[[2058.60008	1025.400065	926.8524157011407]]]
4889	[[[2058.8400699999997	1025.2800550000002	926.8802039017661]]]
4890	[[[2058.96007	1025.1600650000003	926.9083244630878]]]
4891	[[[2058.48009	1024.680075	926.9366291542286]]]
4892	[[[2058.7200700000003	1024.680075	926.9649728125784]]]
4893	[[[2058.6000799999997	1024.440075	926.9932143076323]]]
4894	[[[2058.3600699999997	1024.680075	927.0212173954712]]]
4895	[[[2058.4800600000003	1024.800065	927.0488514456531]]]
4896	[[[2058.4800600000003	1025.04007	927.0759920245348]]]
4897	[[[2058.12004	1024.80007	927.1025213217903]]]
4898	[[[2057.8800499999998	1024.9200600000001	927.1283284100549]]]
4899	[[[2057.76005	1024.80007	927.1533093311648]]]
4900	[[[2057.64005	1024.92006	927.1773670062703]]]
4901	[[[2057.88003	1024.92006	927.2004109711252]]]
4902	[[[2057.88003	1024.92006	927.2223569419815]]]
4903	[[[2057.88003	1024.92006	927.243126221704]]]
4904	[[[2058.24003	1024.6800600000001	927.2626449598399]]]
4905	[[[2058.0000499999996	1025.04006	927.2808432843907]]]
4906	[[[2057.88006	1025.52005	927.2976543268405]]]
4907	[[[2057.8800600000004	1025.52005	927.3130131655414]]]
4908	[[[2058.00005	1025.5200499999999	927.3268557157551]]]
4909	[[[2057.88006	1025.64004	927.3391175974596]]]
4910	[[[2057.76007	1025.64004	927.3497330143612]]]
4911	[[[2057.76007	1025.76003	927.3586336793693]]]
4912	[[[2057.64008	1025.88004	927.3657478229986]]]
4913	[[[2058.3600699999997	1026.48004	927.370999321749]]]
4914	[[[2058.48007	1026.60003	927.3743069833663]]]
4915	[[[2058.24005	1026.2400300000002	927.3755840249912]]]
4916	[[[2058.36004	1025.88003	927.3747377784921]]]
4917	[[[2058.2400499999994	1026.00002	927.3716696547048]]]
4918	[[[2058.24005	1026.1200300000003	927.3662753948471]]]
4919	[[[2058.36004	1026.12003	927.3584456330002]]]
4920	[[[2058.84005	1026.36003	927.3480667882792]]]
4921	[[[2058.84005	1026.3600300000003	927.3350222991327]]]
4922	[[[2058.96004	1026.3600300000003	927.319194205205]]]
4923	[[[2058.48004	1026.12002	927.3004650744039]]]
4924	[[[2058.36004	1026.1200199999998	927.2787202643519]]]
4925	[[[2058.72005	1026.2400300000002	927.2538504984332]]]
4926	[[[2058.96004	1025.8800350000001	927.2257547272808]]]
4927	[[[2058.8400500000002	1025.7600450000002	927.1943432370681]]]
4928	[[[2058.72006	1025.520045	927.1595409565291]]]
4929	[[[2058.72006	1025.520045	927.1212909055423]]]
4930	[[[2058.3600400000005	1025.400055	927.0795577196253]]]
4931	[[[2058.36004	1025.280065	927.034331177093]]]
4932	[[[2058.36004	1025.040065	926.9856296492223]]]
4933	[[[2058.12005	1024.8000650000001	926.9335033888223]]]
4934	[[[2058.24005	1024.8000650000001	926.8780375694008]]]
4935	[[[2058.48004	1024.680055	926.819354985871]]]
4936	[[[2058.48004	1024.92006	926.7576183286601]]]
4937	[[[2058.60003	1024.92006	926.6930319463203]]]
4938	[[[2058.84002	1024.92006	926.625843017355]]]
4939	[[[2058.72003	1024.80007	926.5563420600304]]]
4940	[[[2058.60004	1024.56007	926.4848627193387]]]
4941	[[[2058.6000400000003	1024.56007	926.4117807829225]]]
4942	[[[2058.48005	1024.56007	926.3375123924325]]]
4943	[[[2058.4800499999997	1024.44008	926.2625114332029]]]
4944	[[[2058.2400599999996	1024.4400799999999	926.1872661029222]]]
4945	[[[2058.24006	1024.32009	926.112294678746]]]
4946	[[[2058.24006	1024.4400799999999	926.0381405215845]]]
4947	[[[2058.48005	1024.80007	925.9653663755489]]]
4948	[[[2058.3600500000002	1024.92006	925.8945480392906]]]
4949	[[[2058.3600500000002	1025.04005	925.8262675036036]]]
4950	[[[2058.84006	1025.28005	925.7611056657026]]]
4951	[[[2058.72007	1025.40004	925.6996347445062]]]
4952	[[[2058.84006	1025.40004	925.6424105325844]]]
4953	[[[2058.7200700000003	1025.40004	925.5899646287877]]]
4954	[[[2058.84006	1025.52005	925.5427968006167]]]
4955	[[[2058.84006	1025.280045	925.5013676269048]]]
4956	[[[2058.84006	1025.2800450000002	925.4660915692072]]]
4957	[[[2058.72006	1025.0400450000002	925.4373306144296]]]
4958	[[[2058.8400599999995	1025.0400450000002	925.4153886217136]]]
4959	[[[2058.96005	1024.920055	925.400506493677]]]
4960	[[[2058.72003	1024.800045	925.3928582760175]]]
4961	[[[2058.84002	1024.800045	925.3925482706682]]]
4962	[[[2058.84002	1024.920035	925.3996092265885]]]
4963	[[[2059.08	1025.160035	925.4140016494459]]]
4964	[[[2059.0800000000004	1025.040025	925.4356142474974]]]
4965	[[[2058.7200199999997	1025.4000200000003	925.4642655065433]]]
4966	[[[2058.4800299999997	1025.5200300000001	925.4997063625626]]]
4967	[[[2058.4800299999997	1025.64004	925.5416239171924]]]
4968	[[[2058.3600300000003	1025.76005	925.5896461192117]]]
4969	[[[2058.2400399999997	1026.00005	925.6433473152038]]]
4970	[[[2058.12004	1026.24005	925.7022545551197]]]
4971	[[[2058.00005	1026.72006	925.7658545239835]]]
4972	[[[2057.88006	1026.72006	925.8336009598045]]]
4973	[[[2058.00006	1026.360056	925.9049224101542]]]
4974	[[[2058.00006	1026.480066	925.9792301759305]]]
4975	[[[2058.2400399999997	1026.720066	926.0559262906256]]]
4976	[[[2058.2400399999997	1026.720066	926.1344113868314]]]
4977	[[[2058.2400399999997	1026.720066	926.2140923085902]]]
4978	[[[2058.12005	1026.720066	926.2943893382259]]]
4979	[[[2058.48004	1026.4800659999999	926.3747429191365]]]
4980	[[[2058.48004	1026.480066	926.4546197712359]]]
4981	[[[2058.60003	1026.120066	926.5335183128309]]]
4982	[[[2058.84002	1026.360066	926.610973321173]]]
4983	[[[2058.7200199999997	1026.72007	926.686559783216]]]
4984	[[[2058.84002	1026.72007	926.7598959076606]]]
4985	[[[2058.96002	1026.84007	926.8306452886843]]]
4986	[[[2058.96002	1026.72006	926.8985182303325]]]
4987	[[[2059.0800200000003	1026.72006	926.9632722579111]]]
4988	[[[2059.08002	1026.6000500000002	927.024711858536]]]
4989	[[[2058.72003	1026.8400500000002	927.0826875068535]]]
4990	[[[2058.72003	1026.72006	927.1370940436866]]]
4991	[[[2058.84003	1026.84005	927.1878684847159]]]
4992	[[[2058.72003	1027.2000500000001	927.2349873432553]]]
4993	[[[2058.72003	1027.20005	927.2784635556276]]]
4994	[[[2059.08004	1027.44004	927.3183430997112]]]
4995	[[[2059.08004	1027.44004	927.354701396951]]]
4996	[[[2059.44003	1027.68004	927.3876395857369]]]
4997	[[[2059.32003	1028.1600300000002	927.4172807497338]]]
4998	[[[2059.44002	1028.40003	927.443766178759]]]
4999	[[[2059.68001	1028.64002	927.4672517324418]]]
5000	[[[2059.80001	1028.88001	927.4879043684457]]]
5001	[[[2059.80001	1029.0000100000002	927.5058988878033]]]
5002	[[[2059.80001	1028.6400099999998	927.5214149401936]]]
5003	[[[2059.9200100000003	1028.8799999999999	927.534634322092]]]
5004	[[[2059.5600000000004	1028.76	927.54573859087]]]
5005	[[[2059.5600000000004	1028.76	927.5549070084102]]]
5006	[[[2059.4399999999996	1028.88	927.5623148187804]]]
5007	[[[2059.5600000000004	1028.52	927.5681318562163]]]
5008	[[[2059.5600000000004	1028.6399999999999	927.572521472177]]]
5009	[[[2059.44	1028.52	927.5756397637194]]]
5010	[[[2059.44	1028.52	927.5776350799146]]]
5011	[[[2059.44	1028.4	927.5786477785645]]]
5012	[[[2059.6800000000003	1028.52	927.5788102020746]]]
5013	[[[2059.8	1028.4	927.5782468389671]]]
5014	[[[2059.92	1028.4	927.5770746361623]]]
5015	[[[2059.92	1028.4	927.5754034267275]]]
5016	[[[2060.04	1028.52001	927.5733364382479]]]
5017	[[[2059.9199999999996	1028.52001	927.5709708482043]]]
5018	[[[2059.92	1028.4000099999998	927.5683983546775]]]
5019	[[[2060.04	1028.5200099999997	927.5657057332264]]]
5020	[[[2060.16	1028.4000099999998	927.5629753538342]]]
5021	[[[2059.92001	1028.64002	927.5602856352461]]]
5022	[[[2059.92001	1028.76003	927.5577114178028]]]
5023	[[[2060.1600200000003	1029.12003	927.5553242398479]]]
5024	[[[2060.04002	1029.24003	927.5531925069112]]]
5025	[[[2060.1600200000003	1029.36004	927.5513815470542]]]
5026	[[[2059.68004	1029.36004	927.5499535499108]]]
5027	[[[2059.80004	1029.36004	927.5489673910115]]]
5028	[[[2059.92004	1029.48004	927.5484783468657]]]
5029	[[[2060.16006	1029.36004	927.54853770992]]]
5030	[[[2060.0400600000003	1029.36004	927.5491923158586]]]
5031	[[[2060.52007	1029.24003	927.5504839987032]]]
5032	[[[2060.6400900000003	1029.24003	927.5524489917467]]]
5033	[[[2060.4000800000003	1029.12004	927.5551172944672]]]
5034	[[[2060.6401	1029.12004	927.558512027196]]]
5035	[[[2060.76012	1029.12004	927.562648796377]]]
5036	[[[2061.3601200000003	1029.00003	927.567535093773]]]
5037	[[[2061.7201300000006	1028.88004	927.5731697529072]]]
5038	[[[2061.96015	1029.00005	927.5795424853561]]]
5039	[[[2061.96015	1029.2400599999999	927.5866335182709]]]
5040	[[[2062.20017	1029.48007	927.5944133526775]]]
5041	[[[2062.0801500000002	1029.60008	927.6028426597534]]]
5042	[[[2062.0801500000002	1029.60008	927.6118723294024]]]
5043	[[[2062.20017	1029.72007	927.6214436821658]]]
5044	[[[2062.32016	1029.8400800000002	927.6314888518016]]]
5045	[[[2062.32016	1029.72007	927.6419313419079]]]
5046	[[[2062.32016	1029.8400800000002	927.6526867557614]]]
5047	[[[2062.0801500000002	1030.0800700000002	927.6636636942585]]]
5048	[[[2062.20014	1030.0800700000002	927.6747648125416]]]
5049	[[[2062.20014	1029.96006	927.6858880216944]]]
5050	[[[2062.20014	1029.6000600000002	927.6969278179076]]]
5051	[[[2062.4401500000004	1029.6000600000002	927.7077767178495]]]
5052	[[[2062.56014	1029.6000600000002	927.7183267757248]]]
5053	[[[2062.56014	1029.60006	927.7284711547827]]]
5054	[[[2062.32013	1029.72005	927.7381057238847]]]
5055	[[[2062.32013	1029.9600500000001	927.7471306482834]]]
5056	[[[2062.2001099999998	1029.9600500000001	927.7554519429965]]]
5057	[[[2062.32013	1030.20005	927.7629829571636]]]
5058	[[[2062.56012	1030.5600399999998	927.7696457585204]]]
5059	[[[2062.56012	1030.68005	927.7753723886559]]]
5060	[[[2062.6801100000002	1031.04005	927.7801059619575]]]
5061	[[[2062.6801100000002	1030.80004	927.7838015840846]]]
5062	[[[2062.6801100000002	1030.80004	927.7864270693744]]]
5063	[[[2062.6801100000002	1030.6800500000002	927.7879634406587]]]
5064	[[[2062.32012	1030.5600600000002	927.7884051995068]]]
5065	[[[2062.3201200000003	1030.56006	927.7877603597495]]]
5066	[[[2062.2001200000004	1030.56006	927.7860502421951]]]
5067	[[[2062.0801	1030.56006	927.7833090335596]]]
5068	[[[2061.4800999999998	1030.20007	927.7795831177134]]]
5069	[[[2061.4800999999998	1030.32006	927.7749301921982]]]
5070	[[[2061.3601100000005	1030.32006	927.7694181875498]]]
5071	[[[2061.1201	1030.56007	927.7631240110813]]]
5072	[[[2060.88009	1030.6800600000001	927.7561321403703]]]
5073	[[[2060.88009	1030.80005	927.7485330946744]]]
5074	[[[2061.3601000000003	1030.80005	927.7404218147533]]]
5075	[[[2061.48009	1030.6800600000001	927.7318959831034]]]
5076	[[[2061.8401000000003	1030.6800600000001	927.723054317338]]]
5077	[[[2062.08011	1030.32006	927.7139948693914]]]
5078	[[[2062.44012	1030.32006	927.7048133623814]]]
5079	[[[2062.3201	1030.32006	927.6956015953872]]]
5080	[[[2062.3201	1030.32006	927.6864459441189]]]
5081	[[[2061.96011	1030.2000500000001	927.6774259825667]]]
5082	[[[2061.96011	1030.0800599999998	927.6686132473153]]]
5083	[[[2062.0801	1030.08006	927.6600701623607]]]
5084	[[[2062.0801	1030.20005	927.6518491381528]]]
5085	[[[2061.96011	1030.44005	927.6439918542625]]]
5086	[[[2061.96011	1030.44005	927.636528730721]]]
5087	[[[2061.7201	1030.8000500000003	927.6294785887809]]]
5088	[[[2061.7201	1031.04005	927.6228484977692]]]
5089	[[[2062.0801	1030.6800500000002	927.6166338009145]]]
5090	[[[2062.20009	1030.8000399999999	927.6108183096669]]]
5091	[[[2062.8000899999997	1031.0400400000003	927.6053746531619]]]
5092	[[[2063.2800899999997	1031.40003	927.6002647671827]]]
5093	[[[2063.52008	1031.5200399999999	927.5954405052933]]]
5094	[[[2063.8800600000004	1031.64005	927.5908443537946]]]
5095	[[[2063.76004	1031.52004	927.5864102317728]]]
5096	[[[2063.76004	1031.64003	927.582064357777]]]
5097	[[[2064.0000499999996	1031.64003	927.5777261655414]]]
5098	[[[2064.0000499999996	1031.7600200000002	927.5733092525604]]]
5099	[[[2063.64005	1032.0000300000002	927.568722347226]]]
5100	[[[2063.52006	1032.0000300000002	927.5638702824775]]]
5101	[[[2063.40007	1032.12004	927.5586549664528]]]
5102	[[[2063.04009	1031.88004	927.5529763432971]]]
5103	[[[2062.6801100000002	1031.8800400000002	927.5467333400275]]]
5104	[[[2062.44012	1032.00003	927.5398247979595]]]
5105	[[[2062.5601400000005	1032.12004	927.5321503896542]]]
5106	[[[2062.08013	1032.2400499999999	927.5236115244559]]]
5107	[[[2062.08013	1032.12006	927.5141122473899]]]
5108	[[[2062.3201200000003	1032.12006	927.503560137419]]]
5109	[[[2063.16013	1032.60005	927.4918672116837]]]
5110	[[[2063.0401100000004	1032.48006	927.4789508424171]]]
5111	[[[2063.04011	1032.24006	927.464734692621]]]
5112	[[[2062.8000899999997	1032.1200700000002	927.4491496753992]]]
5113	[[[2062.80009	1031.88007	927.4321349400259]]]
5114	[[[2062.6801	1031.52008	927.4136388854862]]]
5115	[[[2062.6801	1031.4000700000001	927.3936201994069]]]
5116	[[[2063.04012	1031.1600700000001	927.3720489171083]]]
5117	[[[2062.80011	1031.52006	927.3489074920604]]]
5118	[[[2062.44013	1031.28006	927.3241918654616]]]
5119	[[[2061.3601200000003	1030.80007	927.2979125190953]]]
5120	[[[2061.48014	1030.6800600000001	927.2700954922254]]]
5121	[[[2061.4801400000006	1030.32006	927.2407833402034]]]
5122	[[[2061.7201600000003	1030.20005	927.2100360098136]]]
5123	[[[2061.96014	1030.20005	927.1779316043418]]]
5124	[[[2061.96014	1030.20005	927.1445670099832]]]
5125	[[[2062.0801300000003	1029.9600500000001	927.1100583546762]]]
5126	[[[2062.2001200000004	1030.08004	927.0745412707709]]]
5127	[[[2062.3201400000003	1029.7200500000001	927.0381709342251]]]
5128	[[[2062.32014	1029.60006	927.0011218552363]]]
5129	[[[2062.6801600000003	1029.48005	926.9635873984031]]]
5130	[[[2062.6801600000003	1029.60006	926.9257790145994]]]
5131	[[[2062.80015	1029.7200500000001	926.8879251716671]]]
5132	[[[2062.44013	1029.9600500000001	926.8502699767123]]]
5133	[[[2061.84013	1029.9600500000001	926.8130714890656]]]
5134	[[[2061.48011	1029.84004	926.7765997297231]]]
5135	[[[2061.4801099999995	1029.84004	926.7411344001154]]]
5136	[[[2061.1201	1029.48004	926.7069623302032]]]
5137	[[[2061.0000800000003	1029.7200400000002	926.6743746829412]]]
5138	[[[2060.8800600000004	1029.4800300000002	926.6436639489195]]]
5139	[[[2060.88006	1029.4800300000002	926.6151207712635]]]
5140	[[[2060.76004	1029.24002	926.5890306464546]]]
5141	[[[2060.76004	1029.24002	926.5656705514808]]]
5142	[[[2061.48004	1029.12003	926.5453055514536]]]
5143	[[[2061.96005	1029.12003	926.5281854443978]]]
5144	[[[2062.32007	1029.00003	926.5145415012864]]]
5145	[[[2062.0800600000002	1029.00003	926.5045833594064]]]
5146	[[[2062.20006	1029.12003	926.4984961258408]]]
5147	[[[2062.4400699999997	1029.24002	926.496437745204]]]
5148	[[[2062.56009	1029.24002	926.4985366818157]]]
5149	[[[2062.56009	1029.1200199999998	926.5048899613327]]]
5150	[[[2062.6801100000002	1029.1200199999998	926.5155616105898]]]
5151	[[[2062.8001	1029.3600299999998	926.5305815271582]]]
5152	[[[2062.2001000000005	1029.24002	926.5499448020998]]]
5153	[[[2061.96009	1029.00001	926.5736115107777]]]
5154	[[[2062.08008	1028.76001	926.6015069775631]]]
5155	[[[2062.32009	1028.4000099999998	926.6335225111128]]]
5156	[[[2062.20009	1028.28001	926.6695165977778]]]
5157	[[[2061.8400800000004	1027.8000100000002	926.7093165318889]]]
5158	[[[2061.60006	1027.68002	926.752720453355]]]
5159	[[[2061.6000599999998	1027.8000200000001	926.799499755414]]]
5160	[[[2061.6000599999998	1027.80002	926.8494018186682]]]
5161	[[[2061.24006	1027.68001	926.902153021883]]]
5162	[[[2061.4800800000003	1027.5600100000001	926.9574619755504]]]
5163	[[[2061.12009	1027.68001	927.0150229210082]]]
5164	[[[2060.76008	1027.92001	927.0745192360288]]]
5165	[[[2060.52007	1028.16001	927.1356269872527]]]
5166	[[[2060.6400700000004	1028.52001	927.1980184706478]]]
5167	[[[2060.64007	1028.4000099999998	927.2613656832503]]]
5168	[[[2060.76007	1028.52	927.3253436727178]]]
5169	[[[2060.64005	1028.04001	927.3896337155699]]]
5170	[[[2060.4000300000002	1028.0400100000002	927.4539262802812]]]
5171	[[[2060.4000300000002	1027.5600200000001	927.5179237374357]]]
5172	[[[2060.16001	1027.44003	927.5813427857953]]]
5173	[[[2060.64002	1027.20004	927.6439165701634]]]
5174	[[[2060.88004	1027.08005	927.7053964741706]]]
5175	[[[2060.52005	1027.2000500000001	927.7655535783337]]]
5176	[[[2060.88005	1027.08006	927.8241797808165]]]
5177	[[[2061.00005	1026.96007	927.8810885850138]]]
5178	[[[2061.00005	1026.9600699999999	927.9361155642877]]]
5179	[[[2061.00005	1026.96007	927.9891185197297]]]
5180	[[[2060.8800499999998	1026.84008	928.0399773516405]]]
5181	[[[2060.8800499999998	1027.0800800000002	928.0885936693767]]]
5182	[[[2061.0000499999996	1027.20007	928.1348901673197]]]
5183	[[[2060.88003	1027.32006	928.1788097969029]]]
5184	[[[2060.64001	1027.44005	928.2203147659226]]]
5185	[[[2060.88	1027.3200499999998	928.2593853967944]]]
5186	[[[2060.2799999999997	1027.08004	928.2960188750269]]]
5187	[[[2060.04	1027.20003	928.3302279180874]]]
5188	[[[2059.8	1027.20003	928.3620393930969]]]
5189	[[[2060.16	1027.8000299999999	928.3914929095284]]]
5190	[[[2060.1600000000003	1027.80003	928.4186394104252]]]
5191	[[[2060.04	1027.8000299999999	928.4435397827023]]]
5192	[[[2059.92	1027.68004	928.4662635039797]]]
5193	[[[2059.56001	1027.56005	928.4868873402298]]]
5194	[[[2059.68001	1027.4400600000001	928.505494105409]]]
5195	[[[2059.80001	1027.4400600000001	928.5221714912666]]]
5196	[[[2059.6800200000002	1027.32007	928.5370109727904]]]
5197	[[[2059.92002	1027.44007	928.5501067922696]]]
5198	[[[2060.04002	1027.44007	928.5615550228356]]]
5199	[[[2059.32003	1027.5600600000002	928.5714527105425]]]
5200	[[[2059.0800499999996	1027.80005	928.5798970926362]]]
5201	[[[2059.08005	1027.92004	928.5869848885816]]]
5202	[[[2058.96005	1027.9200400000002	928.5928116596839]]]
5203	[[[2059.32004	1028.0400300000001	928.5974712326868]]]
5204	[[[2059.32004	1027.8000299999999	928.6010551825477]]]
5205	[[[2059.08004	1027.68004	928.6036523696073]]]
5206	[[[2059.32003	1027.92003	928.6053485265354]]]
5207	[[[2059.32003	1027.8000299999999	928.6062258907207]]]
5208	[[[2059.32003	1027.68004	928.6063628780961]]]
5209	[[[2059.6800200000002	1027.20005	928.6058337947483]]]
5210	[[[2060.16	1026.9600599999999	928.6047085829678]]]
5211	[[[2060.16	1026.8400700000002	928.6030525986923]]]
5212	[[[2060.28	1026.96006	928.6009264174869]]]
5213	[[[2060.28	1026.84007	928.5983856663579]]]
5214	[[[2060.1600000000003	1027.20006	928.5954808787561]]]
5215	[[[2060.0400099999997	1027.5600600000002	928.5922573701366]]]
5216	[[[2059.8000199999997	1027.3200700000002	928.5887551314188]]]
5217	[[[2059.68002	1027.20008	928.585008737643]]]
5218	[[[2059.56002	1027.32007	928.5810472690913]]]
5219	[[[2059.56002	1027.3200700000002	928.57689424217]]]
5220	[[[2059.44002	1027.3200700000002	928.5725675474371]]]
5221	[[[2059.80003	1027.5600600000002	928.5680793923678]]]
5222	[[[2059.56004	1027.80007	928.5634362467863]]]
5223	[[[2059.32004	1027.80007	928.5586387893575]]]
5224	[[[2059.2000399999997	1027.68008	928.5536818541868]]]
5225	[[[2059.32003	1027.44007	928.5485543773491]]]
5226	[[[2059.6800200000002	1027.56006	928.5432393441142]]]
5227	[[[2059.6800200000002	1027.56006	928.5377137387068]]]
5228	[[[2059.92002	1027.5600600000002	928.5319484996011]]]
5229	[[[2059.8000199999997	1027.80005	928.5259084845886]]]
5230	[[[2059.92002	1027.80005	928.5195524511139]]]
5231	[[[2059.68001	1027.56006	928.5128330585991]]]
5232	[[[2059.8	1027.32005	928.5056969006279]]]
5233	[[[2060.28001	1027.56004	928.4980845758704]]]
5234	[[[2060.28001	1027.68003	928.4899308074506]]]
5235	[[[2060.40001	1027.8000299999999	928.4811646210343]]]
5236	[[[2060.16001	1027.8000299999999	928.4717095922031]]]
5237	[[[2060.28001	1027.92002	928.4614841736238]]]
5238	[[[2060.16001	1027.92002	928.4504021121131]]]
5239	[[[2060.16001	1027.92002	928.4383729648846]]]
5240	[[[2059.9200100000003	1028.04001	928.4253027230554]]]
5241	[[[2059.3200100000004	1028.28	928.4110945488767]]]
5242	[[[2059.68003	1028.5200099999997	928.3956496311441]]]
5243	[[[2059.56004	1028.76001	928.3788681608736]]]
5244	[[[2059.68004	1028.76001	928.36065042663]]]
5245	[[[2059.44005	1028.6400099999998	928.3408980259192]]]
5246	[[[2059.56005	1028.76001	928.3195151858614]]]
5247	[[[2059.32005	1028.88001	928.2964101830339]]]
5248	[[[2059.5600700000005	1029.24001	928.2714968489657]]]
5249	[[[2059.5600700000005	1029.12001	928.2446961444015]]]
5250	[[[2059.44008	1029.24001	928.215937782186]]]
5251	[[[2059.92008	1029.24001	928.1851618755807]]]
5252	[[[2059.68006	1029.1200000000001	928.1523205860727]]]
5253	[[[2059.4400400000004	1029.12	928.1173797423983]]]
5254	[[[2059.2000500000004	1029.1200000000001	928.0803204006281]]]
5255	[[[2059.56004	1029.2400000000002	928.0411403138665]]]
5256	[[[2059.32005	1029.60001	927.999855279443]]]
5257	[[[2059.20006	1029.96002	927.956500331479]]]
5258	[[[2058.84004	1029.8400299999998	927.9111307474661]]]
5259	[[[2058.7200399999997	1029.7200400000002	927.8638228389748]]]
5260	[[[2058.72004	1029.84005	927.8146744988693]]]
5261	[[[2058.6000400000003	1029.6000600000002	927.763805480396]]]
5262	[[[2058.36005	1030.08006	927.711357387226]]]
5263	[[[2058.1200599999997	1029.96007	927.6574933578953]]]
5264	[[[2058.12006	1030.20008	927.6023974330395]]]
5265	[[[2058.00006	1030.32009	927.5462735992633]]]
5266	[[[2057.88007	1030.08009	927.4893445093069]]]
5267	[[[2057.88007	1029.8400900000001	927.4318498842601]]]
5268	[[[2057.88007	1029.8400900000001	927.3740446097703]]]
5269	[[[2057.76008	1030.20009	927.3161965443629]]]
5270	[[[2057.7600799999996	1030.32008	927.258584063998]]]
5271	[[[2057.64009	1030.44007	927.2014933726334]]]
5272	[[[2057.5201	1030.56007	927.1452156137595]]]
5273	[[[2057.5201	1030.6800600000001	927.0900438224196]]]
5274	[[[2057.4001099999996	1031.04005	927.036269761043]]]
5275	[[[2056.80011	1031.40004	926.9841806853599]]]
5276	[[[2057.04009	1031.40004	926.9340560886579]]]
5277	[[[2057.16008	1031.64004	926.8861644736184]]]
5278	[[[2057.16008	1031.88004	926.8407602008753]]]
5279	[[[2057.28007	1031.88004	926.7980804623018]]]
5280	[[[2057.40006	1031.88004	926.7583424248187]]]
5281	[[[2057.40006	1032.36005	926.7217405873376]]]
5282	[[[2057.52005	1032.12006	926.6884443893445]]]
5283	[[[2057.6400399999998	1032.24007	926.6585961047209]]]
5284	[[[2057.64004	1032.00007	926.6323090488228]]]
5285	[[[2057.88006	1032.1200700000002	926.6096661207381]]]
5286	[[[2057.76007	1032.24006	926.5907186962019]]]
5287	[[[2057.64008	1032.00006	926.5754858800217]]]
5288	[[[2057.4001	1031.52005	926.5639541202767]]]
5289	[[[2057.16012	1031.76005	926.556077180119]]]
5290	[[[2056.80012	1031.88006	926.5517764569817]]]
5291	[[[2056.80012	1031.88006	926.5509416334459]]]
5292	[[[2056.80012	1031.76005	926.5534316391726]]]
5293	[[[2056.5601400000005	1031.76005	926.5590758991891]]]
5294	[[[2056.56014	1031.5200499999999	926.5676758405968]]]
5295	[[[2056.56014	1031.28006	926.5790066274212]]]
5296	[[[2056.56014	1031.4000700000001	926.5928190919337]]]
5297	[[[2056.5601400000005	1031.64007	926.6088418302882]]]
5298	[[[2056.56014	1032.2400700000003	926.6267834307004]]]
5299	[[[2057.28013	1032.72006	926.6463348035934]]]
5300	[[[2057.40015	1032.72006	926.667171585005]]]
5301	[[[2057.2801600000003	1032.72006	926.6889565870345]]]
5302	[[[2057.16017	1032.8400700000002	926.711342271981]]]
5303	[[[2057.16017	1032.8400700000002	926.733973230045]]]
5304	[[[2057.16017	1033.0800700000002	926.7564886437643]]]
5305	[[[2057.2801600000003	1032.9600599999999	926.7785247256992]]]
5306	[[[2057.16017	1032.96006	926.7997171190236]]]
5307	[[[2057.16017	1032.6000500000002	926.8197032535784]]]
5308	[[[2057.16017	1032.6000500000002	926.8381246524256]]]
5309	[[[2056.4401800000005	1032.2400499999999	926.8546291859745]]]
5310	[[[2056.4401800000005	1032.2400499999999	926.8688732722283]]]
5311	[[[2056.44018	1032.36004	926.8805240226278]]]
5312	[[[2056.44018	1032.24003	926.8892613333212]]]
5313	[[[2056.2001600000003	1032.24003	926.8947799214859]]]
5314	[[[2056.0801400000005	1032.36004	926.8967913056367]]]
5315	[[[2055.60013	1032.7200400000002	926.8950257277135]]]
5316	[[[2055.36011	1032.7200400000002	926.8892340132637]]]
5317	[[[2054.64012	1033.08005	926.8791893642959]]]
5318	[[[2055.0001	1032.9600599999999	926.8646890774886]]]
5319	[[[2054.88008	1032.96006	926.845556178521]]]
5320	[[[2054.52006	1033.2000500000001	926.8216409614163]]]
5321	[[[2054.40004	1032.9600500000001	926.7928224200712]]]
5322	[[[2054.40004	1032.9600500000001	926.7590095576855]]]
5323	[[[2054.28004	1033.2000400000002	926.7201425586209]]]
5324	[[[2054.1600399999998	1032.96004	926.6761938064246]]]
5325	[[[2054.1600399999998	1032.48005	926.6271687313299]]]
5326	[[[2054.4000600000004	1032.0000400000001	926.5731064705315]]]
5327	[[[2054.76004	1031.88003	926.5140803249357]]]
5328	[[[2054.1600399999998	1031.88003	926.450197996853]]]
5329	[[[2054.04004	1031.76004	926.3816015942397]]]
5330	[[[2054.0400400000003	1031.76004	926.3084673885376]]]
5331	[[[2053.4400400000004	1031.8800500000002	926.2310053148927]]]
5332	[[[2053.32002	1032.12005	926.1494582054598]]]
5333	[[[2053.44002	1031.6400600000002	926.0641007486495]]]
5334	[[[2053.32002	1031.76005	925.9752381694295]]]
5335	[[[2053.32002	1032.2400400000001	925.8832046281965]]]
5336	[[[2052.96	1032.48005	925.7883613382068]]]
5337	[[[2052.96	1032.36006	925.6910944041483]]]
5338	[[[2053.08	1032.12006	925.5918123870895]]]
5339	[[[2052.96	1032.00005	925.4909436038294]]]
5340	[[[2052.96	1031.6400500000002	925.3889331715652]]]
5341	[[[2053.3199999999997	1031.88004	925.2862398118461]]]
5342	[[[2053.08	1031.52005	925.183332430997]]]
5343	[[[2052.96	1031.52005	925.0806864976045]]]
5344	[[[2053.0800000000004	1031.52005	924.978780241262]]]
5345	[[[2053.08	1031.16005	924.8780907005572]]]
5346	[[[2053.08	1031.28004	924.7790896522522]]]
5347	[[[2052.96	1031.4000300000002	924.6822394576773]]]
5348	[[[2052.7200000000003	1031.5200200000002	924.5879888664979]]]
5349	[[[2052.6000099999997	1031.4000300000002	924.4967688220834]]]
5350	[[[2052.60001	1031.40003	924.4089883166434]]]
5351	[[[2052.48002	1030.8000299999999	924.3250303478944]]]
5352	[[[2052.48002	1030.92002	924.245248032172]]]
5353	[[[2052.6000200000003	1031.0400100000002	924.1699609314128]]]
5354	[[[2052.84004	1031.28001	924.099451653102]]]
5355	[[[2052.96004	1031.5200100000002	924.0339627829678]]]
5356	[[[2052.84005	1031.76001	923.973694209709]]]
5357	[[[2052.84005	1031.64002	923.9188008992163]]]
5358	[[[2052.84005	1031.64002	923.869391172477]]]
5359	[[[2053.08004	1031.76001	923.8255255365418]]]
5360	[[[2053.08004	1032.0000100000002	923.7872161115354]]]
5361	[[[2053.20003	1032.12002	923.7544266887237]]]
5362	[[[2053.32003	1031.88002	923.7270734451671]]]
5363	[[[2053.3200300000003	1031.64002	923.7050263296198]]]
5364	[[[2052.96001	1031.2800300000001	923.6881111222549]]]
5365	[[[2053.08001	1030.8000299999999	923.6761121577471]]]
5366	[[[2053.32	1030.08004	923.6687756875253]]]
5367	[[[2053.3199999999997	1030.08004	923.6658138429448]]]
5368	[[[2053.44	1029.84004	923.6669091471103]]]
5369	[[[2053.32	1029.7200500000001	923.6717195095013]]]
5370	[[[2053.4399999999996	1029.2400499999999	923.6798836248184]]]
5371	[[[2053.44	1029.00004	923.6910266860152]]]
5372	[[[2053.44	1029.00004	923.704766311667]]]
5373	[[[2053.56	1028.88004	923.7207185800604]]]
5374	[[[2053.68	1028.64003	923.7385040569385]]]
5375	[[[2053.44	1028.64003	923.7577537010096]]]
5376	[[[2053.5600000000004	1028.7600200000002	923.7781145312631]]]
5377	[[[2053.68	1028.52001	923.7992549429933]]]
5378	[[[2053.56	1028.4000099999998	923.8208695651778]]]
5379	[[[2053.6800000000003	1028.16	923.8426835604666]]]
5380	[[[2053.8	1028.04	923.864456280322]]]
5381	[[[2053.92	1028.04	923.8859842015738]]]
5382	[[[2053.92	1027.92	923.9071030864816]]]
5383	[[[2053.92	1027.9199999999998	923.9276893259224]]]
5384	[[[2054.04	1027.92	923.9476604441015]]]
5385	[[[2054.16	1027.8	923.9669747626682]]]
5386	[[[2054.16	1027.8	923.9856302418317]]]
5387	[[[2054.16	1027.9199999999998	924.0036625353798]]]
5388	[[[2054.4	1027.8000100000002	924.0211423149545]]]
5389	[[[2054.2799999999997	1027.68002	924.0381719359245]]]
5390	[[[2054.1600000000003	1027.68002	924.0548815323036]]]
5391	[[[2054.04	1027.6800200000002	924.0714246409304]]]
5392	[[[2053.92	1028.04002	924.0879734652153]]]
5393	[[[2053.68	1027.92003	924.1047138959038]]]
5394	[[[2053.44	1028.1600400000002	924.1218404103174]]]
5395	[[[2053.44	1028.04005	924.1395509723276]]]
5396	[[[2053.32	1027.92006	924.1580420529192]]]
5397	[[[2053.2	1027.5600600000002	924.1775038857073]]]
5398	[[[2053.2	1027.8000500000003	924.1981160633784]]]
5399	[[[2053.32	1027.80005	924.2200435700403]]]
5400	[[[2053.32	1027.80005	924.2434333312078]]]
5401	[[[2053.08002	1027.80005	924.2684113480711]]]
5402	[[[2053.20002	1027.20005	924.2950804662127]]]
5403	[[[2053.32002	1027.08004	924.3235188115898]]]
5404	[[[2053.44002	1026.60003	924.3537789088398]]]
5405	[[[2053.20003	1026.84002	924.3858874793252]]]
5406	[[[2053.08003	1027.2000200000002	924.4198458992844]]]
5407	[[[2053.44005	1027.32003	924.4556312824301]]]
5408	[[[2053.3200500000003	1027.08004	924.4931981367565]]]
5409	[[[2053.2000500000004	1026.96003	924.5324805325117]]]
5410	[[[2052.84007	1026.72003	924.5733947075565]]]
5411	[[[2053.5600600000002	1026.72003	924.6158420278483]]]
5412	[[[2053.32007	1027.08003	924.6597122147416]]]
5413	[[[2053.4400699999997	1027.08003	924.7048867471918]]]
5414	[[[2053.32007	1027.08003	924.7512423458289]]]
5415	[[[2053.68006	1026.72003	924.798654447118]]]
5416	[[[2053.80006	1026.2400200000002	924.8470005793284]]]
5417	[[[2053.44004	1026.48001	924.8961635575891]]]
5418	[[[2053.32004	1026.24001	924.9460344226893]]]
5419	[[[2053.4400400000004	1026.12002	924.9965150571983]]]
5420	[[[2053.8000199999997	1026.0000300000002	925.0475204226565]]]
5421	[[[2053.44001	1025.76003	925.0989803726934]]]
5422	[[[2053.6800000000003	1025.28004	925.1508410086669]]]
5423	[[[2053.6800000000003	1025.28004	925.2030655564447]]]
5424	[[[2053.8	1025.16005	925.2556347550028]]]
5425	[[[2053.8	1025.16005	925.3085467592846]]]
5426	[[[2053.8	1025.04006	925.3618165709993]]]
5427	[[[2053.8	1024.92006	925.4154750215221]]]
5428	[[[2053.92	1024.92006	925.4695673405829]]]
5429	[[[2054.04	1025.04005	925.5241513528357]]]
5430	[[[2054.04	1025.16004	925.5792953515717]]]
5431	[[[2054.28002	1025.04005	925.6350757046661]]]
5432	[[[2054.40002	1025.28005	925.6915742522837]]]
5433	[[[2054.04003	1025.28005	925.7488755588831]]]
5434	[[[2054.40004	1025.52005	925.8070640836526]]]
5435	[[[2054.52006	1025.5200499999999	925.8662213336999]]]
5436	[[[2054.64006	1025.5200499999999	925.9264230631843]]]
5437	[[[2054.8800600000004	1025.1600600000002	925.9877365791493]]]
5438	[[[2055.00006	1025.1600600000002	926.050218211227]]]
5439	[[[2055.1200799999997	1025.1600600000002	926.1139109977099]]]
5440	[[[2055.3601000000003	1025.16006	926.1788426348579]]]
5441	[[[2055.3601000000003	1025.16006	926.2450237298675]]]
5442	[[[2055.48012	1024.800056	926.3124463907916]]]
5443	[[[2055.9601300000004	1024.800056	926.3810831790491]]]
5444	[[[2055.72012	1024.560056	926.4508864421186]]]
5445	[[[2055.6001	1024.4400660000001	926.521788035762]]]
5446	[[[2055.6001	1024.4400660000001	926.5936994368169]]]
5447	[[[2055.7201200000004	1024.3200620000002	926.6665122394052]]]
5448	[[[2055.7201200000004	1024.2000580000001	926.740099019475]]]
5449	[[[2055.4801	1023.9600639999999	926.8143145451065]]]
5450	[[[2055.4800999999998	1023.8400740000001	926.8889973030973]]]
5451	[[[2055.4800999999998	1023.72007	926.963971306156]]]
5452	[[[2055.2400800000005	1023.72007	927.0390481396986]]]
5453	[[[2055.12006	1023.480076	927.114029202876]]]
5454	[[[2055.0000600000003	1023.600066	927.1887080951565]]]
5455	[[[2055.36006	1023.7200560000001	927.262873097623]]]
5456	[[[2055.00007	1023.9600560000001	927.336309697171]]]
5457	[[[2054.76005	1023.9600560000001	927.4088031020186]]]
5458	[[[2054.28007	1024.20005	927.4801406983976]]]
5459	[[[2054.16007	1024.2000500000001	927.5501144008982]]]
5460	[[[2053.8000500000003	1023.960045	927.6185228526792]]]
5461	[[[2053.44003	1024.0800490000001	927.6851734365007]]]
5462	[[[2053.8000399999996	1024.3200430000002	927.7498840631855]]]
5463	[[[2053.68004	1024.3200430000002	927.8124847105244]]]
5464	[[[2053.8000399999996	1024.0800490000001	927.8728186926286]]]
5465	[[[2053.32004	1023.8400549999999	927.9307436471347]]]
5466	[[[2053.6800300000004	1023.4800509999999	927.9861322352602]]]
5467	[[[2053.68003	1023.4800509999999	928.038872557309]]]
5468	[[[2053.92001	1023.240057	928.0888682936011]]]
5469	[[[2053.6800300000004	1023.240057	928.1360385877663]]]
5470	[[[2053.80003	1023.720062	928.1803176956801]]]
5471	[[[2054.28004	1023.9600619999999	928.2216544288616]]]
5472	[[[2054.04003	1023.840072	928.2600114257442]]]
5473	[[[2054.28005	1023.840072	928.2953642877121]]]
5474	[[[2054.28005	1023.960076	928.327700619105]]]
5475	[[[2054.4000499999997	1023.9600760000001	928.3570190114251]]]
5476	[[[2054.4000499999997	1024.0800800000002	928.3833280117308]]]
5477	[[[2054.40005	1024.200084	928.4066451136783]]]
5478	[[[2054.6400500000004	1024.440078	928.4269958069062]]]
5479	[[[2055.12003	1024.440078	928.4444127165607]]]
5480	[[[2055.3600500000002	1024.200078	928.4589348598462]]]
5481	[[[2055.3600500000002	1023.8400740000001	928.4706070407108]]]
5482	[[[2055.24005	1024.080074	928.479479397326]]]
5483	[[[2055.00003	1024.080074	928.4856071101198]]]
5484	[[[2055.00003	1024.080074	928.4890502709775]]]
5485	[[[2054.64004	1024.2000779999998	928.4898739070841]]]
5486	[[[2054.64004	1024.080074	928.4881481459831]]]
5487	[[[2054.6400399999998	1024.320074	928.4839485020115]]]
5488	[[[2054.6400399999998	1024.08008	928.477356258532]]]
5489	[[[2054.6400399999998	1024.2000839999998	928.4684589155768]]]
5490	[[[2054.52002	1024.2000839999998	928.4573506687473]]]
5491	[[[2054.40003	1024.2000839999998	928.4441328826921]]]
5492	[[[2054.52003	1023.84008	928.4289145212686]]]
5493	[[[2054.6400299999996	1023.9600839999999	928.4118124966565]]]
5494	[[[2054.88004	1023.8400800000002	928.3929519012629]]]
5495	[[[2055.12003	1023.720076	928.372466089201]]]
5496	[[[2055.12003	1023.720076	928.3504965783466]]]
5497	[[[2055.48004	1023.6000660000002	928.327192749397]]]
5498	[[[2055.12005	1023.7200700000001	928.3027113247832]]]
5499	[[[2055.60005	1023.8400600000001	928.2772156175249]]]
5500	[[[2055.96005	1023.480054	928.2508745479597]]]
5501	[[[2056.08004	1023.2400519999999	928.223861434454]]]
5502	[[[2056.32005	1023.480046	928.1963525724434]]]
5503	[[[2055.9600600000003	1023.600036	928.1685256241938]]]
5504	[[[2055.96006	1023.3600339999999	928.1405578492352]]]
5505	[[[2056.3200699999998	1023.3600339999999	928.1126242122224]]]
5506	[[[2056.3200699999998	1023.360034	928.0848954108208]]]
5507	[[[2056.20008	1023.3600339999999	928.0575358708011]]]
5508	[[[2056.80008	1023.2400299999999	928.0307017587818]]]
5509	[[[2056.32008	1023.12004	928.0045390647225]]]
5510	[[[2055.96008	1023.480046	927.9791818063604]]]
5511	[[[2055.84009	1023.960042	927.9547504061723]]]
5512	[[[2055.7201	1023.8400519999999	927.9313502882005]]]
5513	[[[2055.9600899999996	1023.720062	927.9090707372392]]]
5514	[[[2055.60008	1024.4400580000001	927.8879840565733]]]
5515	[[[2055.2400700000003	1024.440058	927.8681450528593]]]
5516	[[[2055.12007	1024.6800520000002	927.849590868043]]]
5517	[[[2054.8800500000007	1024.800062	927.8323411686986]]]
5518	[[[2054.6400399999998	1024.9200660000001	927.8163986931002]]]
5519	[[[2054.6400399999998	1024.9200660000001	927.8017501460403]]]
5520	[[[2055.00004	1025.160066	927.788367421184]]]
5521	[[[2054.88002	1025.040076	927.7762091209339]]]
5522	[[[2054.76	1025.160066	927.7652223346735]]]
5523	[[[2054.76	1025.280056	927.7553446281833]]]
5524	[[[2054.88	1024.9200660000001	927.7465061902042]]]
5525	[[[2054.7599999999998	1025.1600600000002	927.7386320768446]]]
5526	[[[2054.6400000000003	1025.16006	927.7316444909226]]]
5527	[[[2054.64	1025.04005	927.7254650315703]]]
5528	[[[2054.76002	1024.920046	927.7200168495789]]]
5529	[[[2055.00003	1025.280036	927.7152266460183]]]
5530	[[[2054.64003	1025.400026	927.7110264556322]]]
5531	[[[2054.40003	1025.880016	927.707355162234]]]
5532	[[[2054.28003	1025.880016	927.7041597007004]]]
5533	[[[2054.2800300000004	1026.0000260000002	927.70139590893]]]
5534	[[[2054.04003	1026.120016	927.699029003083]]]
5535	[[[2054.16003	1026.240026	927.6970336602251]]]
5536	[[[2054.6400399999998	1026.480026	927.6953937038732]]]
5537	[[[2054.64004	1026.480026	927.694101399528]]]
5538	[[[2054.40002	1026.3600250000002	927.6931563787368]]]
5539	[[[2053.56001	1026.120025	927.6925642212394]]]
5540	[[[2053.44001	1025.760035	927.6923347349577]]]
5541	[[[2053.68001	1025.520045	927.6924799827204]]]
5542	[[[2053.80001	1025.2800510000002	927.6930121123875]]]
5543	[[[2053.9200100000003	1024.920047	927.6939410532359]]]
5544	[[[2053.9200100000003	1025.040057	927.6952721459104]]]
5545	[[[2053.9200100000003	1025.160047	927.6970037758068]]]
5546	[[[2053.5600000000004	1025.0400570000002	927.6991250803828]]]
5547	[[[2053.4399999999996	1025.160067	927.7016137995481]]]
5548	[[[2053.44	1025.760062	927.7044343350577]]]
5549	[[[2053.8	1025.8800720000002	927.7075360797924]]]
5550	[[[2053.8	1026.000062	927.7108520711096]]]
5551	[[[2053.5600000000004	1026.000062	927.7142980143265]]]
5552	[[[2053.44	1026.360066	927.7177717130295]]]
5553	[[[2053.08001	1026.48007	927.721152932622]]]
5554	[[[2053.20001	1026.3600600000002	927.7243037125547]]]
5555	[[[2053.32001	1026.72006	927.7270691314039]]]
5556	[[[2053.3200100000004	1026.360056	927.7292785175936]]]
5557	[[[2053.4400100000003	1026.360056	927.730747087486]]]
5558	[[[2053.2000199999998	1026.120056	927.7312779820165]]]
5559	[[[2053.08003	1026.1200560000002	927.7306646633233]]]
5560	[[[2053.08003	1026.360056	927.7286936241368]]]
5561	[[[2053.08003	1026.000052	927.7251473552802]]]
5562	[[[2052.9600299999997	1025.640048	927.7198075106214]]]
5563	[[[2052.96003	1025.880048	927.7124582043558]]]
5564	[[[2052.8400300000003	1025.880048	927.7028893726516]]]
5565	[[[2052.60003	1025.400058	927.6909001305073]]]
5566	[[[2052.4800299999997	1025.760062	927.6763020551114]]]
5567	[[[2052.2400399999997	1025.760062	927.6589223290441]]]
5568	[[[2052.2400399999997	1026.000062	927.6386066801964]]]
5569	[[[2052.72005	1026.2400519999999	927.6152220601937]]]
5570	[[[2052.72005	1026.120062	927.588659009242]]]
5571	[[[2052.72005	1026.480066	927.5588336624824]]]
5572	[[[2052.72005	1026.8400700000002	927.5256893609401]]]
5573	[[[2052.84004	1026.9600599999999	927.4891978387901]]]
5574	[[[2052.96004	1027.2000600000001	927.4493599677104]]]
5575	[[[2052.9600400000004	1026.96006	927.4062060483186]]]
5576	[[[2052.96004	1027.08005	927.3597956479238]]]
5577	[[[2053.08003	1027.20004	927.3102169928083]]]
5578	[[[2053.32002	1027.2000400000002	927.2575859318538]]]
5579	[[[2053.0800000000004	1027.2000400000002	927.2020444963343]]]
5580	[[[2052.96	1027.4400300000002	927.1437590879887]]]
5581	[[[2052.96	1027.8000299999999	927.0829183339163]]]
5582	[[[2052.8400100000003	1027.92002	927.0197306523414]]]
5583	[[[2052.84001	1028.16003	926.954421577742]]]
5584	[[[2052.36001	1028.28003	926.8872308972492]]]
5585	[[[2052.4800099999998	1028.4000199999998	926.818409652519]]]
5586	[[[2052.60001	1028.7600200000002	926.7482170624883]]]
5587	[[[2052.60001	1028.88002	926.6769174225632]]]
5588	[[[2052.36002	1028.88002	926.6047770348956]]]
5589	[[[2052.24002	1028.88002	926.5320612225341]]]
5590	[[[2052.12003	1029.00003	926.4590314774603]]]
5591	[[[2052.24003	1028.52002	926.3859427889427]]]
5592	[[[2052.36002	1028.64002	926.3130411943123]]]
5593	[[[2052.36002	1028.52001	926.2405615893227]]]
5594	[[[2052.60003	1028.52001	926.1687258297883]]]
5595	[[[2052.48003	1028.88001	926.0977411502881]]]
5596	[[[2052.72005	1028.76002	926.0277989195098]]]
5597	[[[2052.24005	1028.76002	925.9590737453767]]]
5598	[[[2051.88004	1029.00003	925.8917229365412]]]
5599	[[[2051.4000399999995	1029.00003	925.8258863202649]]]
5600	[[[2051.64003	1029.1200199999998	925.7616864102013]]]
5601	[[[2051.76003	1029.96002	925.6992289112728]]]
5602	[[[2051.64004	1030.44002	925.6386035427525]]]
5603	[[[2051.6400399999998	1030.44002	925.5798851549196]]]
5604	[[[2051.88003	1030.6800200000002	925.523135109335]]]
5605	[[[2051.88003	1030.8000299999999	925.4684028879585]]]
5606	[[[2051.40002	1030.8000299999999	925.4157278920648]]]
5607	[[[2052.12002	1031.1600400000002	925.3651413883068]]]
5608	[[[2052.00003	1031.0400300000001	925.3166685563523]]]
5609	[[[2052.36004	1031.0400300000001	925.2703305903842]]]
5610	[[[2052.1200500000004	1030.8000299999999	925.226146805429]]]
5611	[[[2051.8800499999998	1030.32003	925.1841366990184]]]
5612	[[[2051.8800499999998	1029.84003	925.1443219191442]]]
5613	[[[2051.88005	1029.84003	925.1067280908377]]]
5614	[[[2051.52007	1029.48003	925.0713864560166]]]
5615	[[[2051.76007	1029.60002	925.0383352844996]]]
5616	[[[2051.64008	1029.48001	925.007621018229]]]
5617	[[[2051.2800899999997	1029.12	924.9792991157717]]]
5618	[[[2051.52008	1029.3600000000001	924.953434569987]]]
5619	[[[2051.5200800000002	1029.3600000000001	924.9301020782784]]]
5620	[[[2051.52008	1029.24	924.9093858519939]]]
5621	[[[2051.52008	1029.24	924.8913790591527]]]
5622	[[[2051.6400700000004	1029.24	924.8761829026313]]]
5623	[[[2051.52008	1029.3600099999999	924.8639053440432]]]
5624	[[[2051.64007	1029.48001	924.8546594916692]]]
5625	[[[2051.2800799999995	1029.36002	924.8485616786714]]]
5626	[[[2051.40007	1029.4800300000002	924.8457292653569]]]
5627	[[[2051.40007	1029.4800300000002	924.8462782061646]]]
5628	[[[2051.64008	1029.36004	924.8503204282109]]]
5629	[[[2051.6400799999997	1029.48005	924.8579610734445]]]
5630	[[[2052.12009	1030.08005	924.869295660574]]]
5631	[[[2052.0001	1030.08005	924.8844072258273]]]
5632	[[[2051.8801099999996	1030.08005	924.9033635031585]]]
5633	[[[2052.0000999999997	1030.2000400000002	924.9262142046997]]]
5634	[[[2052.2400900000002	1030.32005	924.9529884609877]]]
5635	[[[2052.36008	1030.32005	924.9836924778332]]]
5636	[[[2052.6000699999995	1030.32005	925.018307462669]]]
5637	[[[2052.4800800000003	1030.80005	925.0567878678983]]]
5638	[[[2052.60007	1030.80005	925.0990599923205]]]
5639	[[[2052.84006	1030.5600399999998	925.1450209742659]]]
5640	[[[2052.00004	1030.32004	925.1945382018581]]]
5641	[[[2052.12003	1030.6800500000002	925.2474491570205]]]
5642	[[[2052.12003	1031.04006	925.3035617007281]]]
5643	[[[2052.1200299999996	1031.16007	925.3626547977844]]]
5644	[[[2052.12003	1031.28006	925.4244796703621]]]
5645	[[[2052.48005	1031.64005	925.4887613609075]]]
5646	[[[2052.24006	1031.64005	925.5552006769874]]]
5647	[[[2052.48004	1031.52006	925.6234764835066]]]
5648	[[[2052.3600500000002	1031.76006	925.6932483015598]]]
5649	[[[2052.3600500000002	1032.4800600000003	925.7641591681988]]]
5650	[[[2052.84005	1032.84006	925.8358387076629]]]
5651	[[[2052.84005	1032.9600500000001	925.9079063622123]]]
5652	[[[2053.08004	1033.2000400000002	925.9799747296322]]]
5653	[[[2052.96005	1033.68003	926.0516529547034]]]
5654	[[[2052.96005	1033.8000399999999	926.1225501234136]]]
5655	[[[2052.60003	1033.92004	926.1922786112624]]]
5656	[[[2052.84002	1034.2800300000001	926.2604573405963]]]
5657	[[[2052.9600199999995	1034.40002	926.3267149062818]]]
5658	[[[2052.96002	1034.5200099999997	926.3906925340204]]]
5659	[[[2052.84002	1034.5200099999997	926.4520468410158]]]
5660	[[[2052.84002	1034.4000099999998	926.5104523743033]]]
5661	[[[2052.72003	1034.52001	926.565603907663]]]
5662	[[[2052.48004	1034.64002	926.6172184834359]]]
5663	[[[2052.48004	1034.40002	926.6650371906193]]]
5664	[[[2052.3600399999996	1034.64001	926.7088266751416]]]
5665	[[[2052.36004	1034.64001	926.748380382143]]]
5666	[[[2052.2400399999997	1034.76001	926.7835195333071]]]
5667	[[[2052.1200400000002	1034.88001	926.8140938447729]]]
5668	[[[2052.24003	1035.24001	926.8399819929236]]]
5669	[[[2052.12004	1035.3600199999998	926.8610918364204]]]
5670	[[[2052.00005	1035.60003	926.8773604032946]]]
5671	[[[2052.0000499999996	1035.72004	926.8887536518705]]]
5672	[[[2052.0000499999996	1035.60003	926.895266013849]]]
5673	[[[2051.88006	1035.60003	926.8969197272187]]]
5674	[[[2051.6400799999997	1035.60003	926.8937639659159]]]
5675	[[[2051.2800799999995	1035.48003	926.8858737724968]]]
5676	[[[2051.1600900000003	1035.48003	926.8733487996471]]]
5677	[[[2051.0400999999997	1035.48003	926.8563118663071]]]
5678	[[[2050.6801	1035.60004	926.834907334595]]]
5679	[[[2050.44009	1035.4800300000002	926.8092993147023]]]
5680	[[[2050.44009	1035.36002	926.7796697065309]]]
5681	[[[2050.3201	1035.24001	926.7462160890594]]]
5682	[[[2049.8401000000003	1035.60002	926.7091494712367]]]
5683	[[[2049.36008	1035.72003	926.6686919215408]]]
5684	[[[2049.60006	1035.96003	926.625074097086]]]
5685	[[[2049.72008	1035.96003	926.5785326971802]]]
5686	[[[2049.48007	1036.2000300000002	926.5293078703507]]]
5687	[[[2049.24006	1036.32004	926.4776406078669]]]
5688	[[[2049.36008	1036.08004	926.4237701604912]]]
5689	[[[2049.36008	1036.32004	926.3679315183654]]]
5690	[[[2049.00007	1036.44005	926.3103529963731]]]
5691	[[[2048.76005	1036.56006	926.2512539688187]]]
5692	[[[2049.00004	1036.20005	926.1908427976605]]]
5693	[[[2049.4800600000003	1036.44005	926.1293149976746]]]
5694	[[[2049.24008	1036.20005	926.0668516797361]]]
5695	[[[2049.24008	1036.56005	926.0036183098094]]]
5696	[[[2049.1200799999997	1036.80005	925.9397638162609]]]
5697	[[[2049.2401	1037.04005	925.8754200717949]]]
5698	[[[2049.2401	1037.16004	925.8107017687838]]]
5699	[[[2049.3601200000003	1036.9200400000002	925.7457066981884]]]
5700	[[[2049.60014	1037.0400300000001	925.6805164328446]]]
5701	[[[2049.72014	1037.0400300000001	925.615197405923]]]
5702	[[[2049.84016	1037.1600400000002	925.549802365096]]]
5703	[[[2049.84016	1037.0400300000001	925.484372172745]]]
5704	[[[2049.84016	1037.1600400000002	925.4189379127016]]]
5705	[[[2049.8401600000007	1037.16004	925.3535232548963]]]
5706	[[[2049.96016	1036.80005	925.2881470212102]]]
5707	[[[2049.96016	1036.56005	925.2228258890812]]]
5708	[[[2049.96016	1036.44006	925.1575771642758]]]
5709	[[[2049.96016	1036.56007	925.0924215509192]]]
5710	[[[2049.96016	1036.4400799999999	925.0273858455328]]]
5711	[[[2049.6001600000004	1036.56007	924.9625054825661]]]
5712	[[[2049.48014	1036.6800600000001	924.8978268617587]]]
5713	[[[2049.48014	1036.6800600000001	924.8334093925598]]]
5714	[[[2049.6001300000003	1036.44005	924.7693271977012]]]
5715	[[[2049.4801100000004	1036.4400500000002	924.7056704266333]]]
5716	[[[2049.4801100000004	1036.4400500000002	924.6425461396702]]]
5717	[[[2049.6001	1036.2000400000002	924.5800787350636]]]
5718	[[[2049.4800800000003	1036.2000400000002	924.5184099034534]]]
5719	[[[2049.4800800000003	1036.32003	924.457698106884]]]
5720	[[[2050.0800799999997	1036.92003	924.3981175924125]]]
5721	[[[2050.44008	1036.92003	924.3398569628696]]]
5722	[[[2050.80008	1037.04004	924.2831173391733]]]
5723	[[[2050.92007	1037.16005	924.2281101593646]]]
5724	[[[2050.6800599999997	1037.6400600000002	924.1750546689125]]]
5725	[[[2050.6800599999997	1037.7600699999998	924.1241751644963]]]
5726	[[[2050.80008	1037.6400600000002	924.0756980592516]]]
5727	[[[2050.6800900000003	1038.24006	924.0298488411324]]]
5728	[[[2050.80011	1038.48006	923.9868489975476]]]
5729	[[[2050.6800900000003	1038.48006	923.9469129787433]]]
5730	[[[2050.0800900000004	1037.88006	923.9102452695863]]]
5731	[[[2050.0800900000004	1037.8800600000002	923.8770376345731]]]
5732	[[[2049.84011	1037.88006	923.8474665942538]]]
5733	[[[2049.7201200000004	1037.76005	923.8216911830784]]]
5734	[[[2049.7201200000004	1037.76005	923.7998510292097]]]
5735	[[[2049.8401400000002	1037.7600500000003	923.7820647864999]]]
5736	[[[2049.4801300000004	1038.2400499999999	923.7684289379027]]]
5737	[[[2049.48013	1038.00005	923.7590169784959]]]
5738	[[[2049.60012	1038.1200400000002	923.7538789753884]]]
5739	[[[2049.7201400000004	1038.24005	923.7530414914302]]]
5740	[[[2049.48012	1038.4800500000001	923.7565078501497]]]
5741	[[[2049.60014	1038.60006	923.7642587110334]]]
5742	[[[2049.24013	1038.84005	923.7762529173317]]]
5743	[[[2049.00011	1038.96006	923.7924285732404]]]
5744	[[[2049.00011	1038.96006	923.8127043036744]]]
5745	[[[2049.00011	1038.9600599999999	923.8369806479783]]]
5746	[[[2049.6001	1039.08006	923.8651415388061]]]
5747	[[[2049.4800800000003	1039.32006	923.897055818981]]]
5748	[[[2048.88007	1039.56007	923.9325787522761]]]
5749	[[[2048.64005	1039.6800600000001	923.9715534885888]]]
5750	[[[2048.76005	1039.9200500000002	924.0138124496668]]]
5751	[[[2048.64003	1040.04004	924.0591786081316]]]
5752	[[[2049.00004	1039.9200400000002	924.1074666397914]]]
5753	[[[2049.1200400000002	1040.04003	924.1584839367864]]]
5754	[[[2049.24006	1040.1600199999998	924.2120314767402]]]
5755	[[[2049.24006	1040.4000099999998	924.2679045504617]]]
5756	[[[2048.52006	1040.28001	924.3258933576308]]]
5757	[[[2048.76007	1039.92002	924.385783486038]]]
5758	[[[2049.2400900000002	1039.92002	924.4473562951586]]]
5759	[[[2049.36009	1040.04002	924.5103892289405]]]
5760	[[[2049.48011	1039.92002	924.5746560855862]]]
5761	[[[2049.48011	1039.92002	924.6399272737196]]]
5762	[[[2049.48011	1039.8000299999999	924.7059700846492]]]
5763	[[[2049.60013	1039.92003	924.772549009493]]]
5764	[[[2049.6001300000003	1040.1600400000002	924.8394261277941]]]
5765	[[[2049.6001300000003	1040.04004	924.9063615910424]]]
5766	[[[2050.20014	1040.0400399999999	924.9731142203851]]]
5767	[[[2050.0801500000002	1040.40003	925.039442232913]]]
5768	[[[2049.96013	1040.1600199999998	925.1051041054852]]]
5769	[[[2049.96013	1040.1600199999998	925.1698595792677]]]
5770	[[[2050.08012	1040.16002	925.2334708022611]]]
5771	[[[2050.32013	1040.16002	925.2957036012867]]]
5772	[[[2050.20011	1040.1600199999998	925.3563288693604]]]
5773	[[[2050.3201	1040.04002	925.415124049338]]]
5774	[[[2050.2000799999996	1039.92001	925.4718746903021]]]
5775	[[[2050.56006	1040.16002	925.5263760495047]]]
5776	[[[2050.44007	1040.16002	925.5784347099155]]]
5777	[[[2050.44007	1040.1600199999998	925.6278701815987]]]
5778	[[[2050.56009	1040.16002	925.674516454296]]]
5779	[[[2050.2000900000003	1040.16002	925.7182234687513]]]
5780	[[[2049.84008	1040.64003	925.758858475406]]]
5781	[[[2049.72009	1040.76003	925.7963072511191]]]
5782	[[[2049.9601000000002	1041.12003	925.8304751473831]]]
5783	[[[2049.9601000000002	1040.8800299999998	925.8612879470527]]]
5784	[[[2050.08012	1040.8800299999998	925.8886925107305]]]
5785	[[[2049.84013	1040.76002	925.9126571985258]]]
5786	[[[2049.9601199999997	1041.1200199999998	925.9331720577868]]]
5787	[[[2049.96012	1041.60003	925.9502487724346]]]
5788	[[[2050.08011	1041.84004	925.9639203745694]]]
5789	[[[2050.68012	1041.9600500000001	925.9742407239273]]]
5790	[[[2051.04013	1041.7200500000001	925.9812837654017]]]
5791	[[[2051.0401300000003	1041.7200500000001	925.9851425791045]]]
5792	[[[2051.40012	1041.7200500000001	925.9859282412186]]]
5793	[[[2051.40012	1042.08005	925.9837685170994]]]
5794	[[[2051.6400999999996	1042.08005	925.9788064106631]]]
5795	[[[2051.5201100000004	1042.2000600000001	925.9711985960179]]]
5796	[[[2051.8801	1042.2000600000001	925.9611137585041]]]
5797	[[[2052.00009	1041.84005	925.9487308728458]]]
5798	[[[2052.00009	1041.84005	925.934237445966]]]
5799	[[[2052.00009	1041.84005	925.917827751234]]]
5800	[[[2052.0000900000005	1041.72004	925.8997010795425]]]
5801	[[[2052.00009	1041.72004	925.8800600307231]]]
5802	[[[2051.6400999999996	1041.8400299999998	925.8591088664565]]]
5803	[[[2051.6400999999996	1041.96004	925.8370519431453]]]
5804	[[[2051.6401	1041.96004	925.8140922402335]]]
5805	[[[2051.6400999999996	1041.96004	925.7904299962986]]]
5806	[[[2051.4001	1041.96004	925.7662614620069]]]
5807	[[[2051.52009	1042.2000400000002	925.7417777757812]]]
5808	[[[2051.64008	1042.2000400000002	925.7171639648868]]]
5809	[[[2051.88007	1042.2000400000002	925.6925980716762]]]
5810	[[[2051.76008	1042.68004	925.6682504020124]]]
5811	[[[2051.76008	1043.16004	925.6442828904865]]]
5812	[[[2051.88007	1043.28005	925.6208485750136]]]
5813	[[[2052.12006	1043.28005	925.5980911717648]]]
5814	[[[2052.12006	1043.4000600000002	925.576144740205]]]
5815	[[[2052.48004	1043.4000600000002	925.5551334272923]]]
5816	[[[2052.3600500000002	1043.76006	925.5351712796197]]]
5817	[[[2052.3600500000002	1043.64007	925.5163621124766]]]
5818	[[[2052.48005	1043.64007	925.4987994254182]]]
5819	[[[2052.24006	1044.0000599999998	925.4825663549507]]]
5820	[[[2052.24006	1044.0000599999998	925.4677356562952]]]
5821	[[[2052.6000400000003	1043.6400700000002	925.4543697078518]]]
5822	[[[2052.6000400000003	1043.64007	925.4425205338621]]]
5823	[[[2052.6000400000003	1043.64007	925.4322298428048]]]
5824	[[[2052.48005	1043.64007	925.4235290811772]]]
5825	[[[2052.48005	1043.76006	925.4164395044172]]]
5826	[[[2052.6000400000003	1043.40006	925.4109722687554]]]
5827	[[[2052.4800499999997	1043.76005	925.4071285496427]]]
5828	[[[2052.3600500000002	1043.76005	925.4048996940307]]]
5829	[[[2052.48004	1043.52005	925.4042674150826]]]
5830	[[[2052.8400200000005	1043.16006	925.4052040388517]]]
5831	[[[2052.60003	1043.16006	925.4076728129752]]]
5832	[[[2052.72003	1042.80005	925.4116282875009]]]
5833	[[[2052.48004	1043.04005	925.417016777543]]]
5834	[[[2052.96005	1043.04005	925.4237769165535]]]
5835	[[[2053.20007	1043.04005	925.4318403075973]]]
5836	[[[2053.32007	1042.80005	925.4411322781574]]]
5837	[[[2053.32007	1042.44006	925.4515727417167]]]
5838	[[[2053.32007	1042.3200499999998	925.463077166702]]]
5839	[[[2053.44007	1042.08005	925.4755576504167]]]
5840	[[[2053.32007	1041.96004	925.4889240924078]]]
5841	[[[2053.32007	1041.96004	925.5030854583841]]]
5842	[[[2053.20007	1041.96004	925.5179511224518]]]
5843	[[[2053.20007	1041.72004	925.5334322721274]]]
5844	[[[2052.84005	1041.60003	925.5494433574561]]]
5845	[[[2052.60003	1041.36003	925.5659035627046]]]
5846	[[[2052.60003	1041.36003	925.5827382765807]]]
5847	[[[2052.60003	1041.36003	925.5998805348902]]]
5848	[[[2052.48004	1041.36003	925.6172724080288]]]
5849	[[[2052.24005	1041.36003	925.6348663047756]]]
5850	[[[2052.60007	1041.60003	925.652626163607]]]
5851	[[[2052.8400599999995	1041.2400300000002	925.670528503164]]]
5852	[[[2052.84006	1041.36004	925.6885633046413]]]
5853	[[[2052.96005	1041.2400300000002	925.7067347007069]]]
5854	[[[2052.60005	1041.4800300000002	925.7250614480885]]]
5855	[[[2052.72005	1041.4800300000002	925.7435771641406]]]
5856	[[[2052.72005	1041.4800300000002	925.7623303114906]]]
5857	[[[2052.84004	1041.4800300000002	925.7813839191665]]]
5858	[[[2052.9600299999997	1041.60004	925.8008150333528]]]
5859	[[[2053.08002	1041.7200500000001	925.8207138960315]]]
5860	[[[2052.84	1041.60006	925.841182855085]]]
5861	[[[2052.84	1041.84005	925.8623350149057]]]
5862	[[[2052.8399999999997	1041.72004	925.8842926420142]]]
5863	[[[2053.08	1041.96004	925.9071853455364]]]
5864	[[[2053.68	1041.36004	925.9311480574818]]]
5865	[[[2053.44	1041.7200500000001	925.9563188425221]]]
5866	[[[2053.44	1041.60005	925.9828365712262]]]
5867	[[[2053.4399999999996	1041.36004	926.0108384944094]]]
5868	[[[2053.56	1041.2400300000002	926.040457759276]]]
5869	[[[2053.6800000000003	1041.12002	926.0718209103061]]]
5870	[[[2053.56	1040.88001	926.1050454192882]]]
5871	[[[2053.68	1040.76001	926.1402372894896]]]
5872	[[[2053.6800000000003	1040.64001	926.1774887786318]]]
5873	[[[2053.0800000000004	1040.28001	926.2168762841098]]]
5874	[[[2052.96	1040.6400099999998	926.2584584317485]]]
5875	[[[2052.6	1040.4000099999998	926.302274406345]]]
5876	[[[2052.48	1040.52001	926.3483425583803]]]
5877	[[[2052.4800000000005	1040.5200099999997	926.3966593165994]]]
5878	[[[2052.48	1040.16001	926.4471984308059]]]
5879	[[[2052.48	1040.16001	926.4999105632209]]]
5880	[[[2052.6	1040.28001	926.5547232402996]]]
5881	[[[2052.36	1040.28001	926.6115411700342]]]
5882	[[[2052.48	1040.4000099999998	926.6702469227108]]]
5883	[[[2052.96	1040.28002	926.7307019659067]]]
5884	[[[2052.96	1040.16002	926.7927480374226]]]
5885	[[[2053.44	1039.92001	926.8562088329548]]]
5886	[[[2053.44	1039.8000100000002	926.9208919788005]]]
5887	[[[2053.44	1039.8000100000002	926.9865912539002]]]
5888	[[[2053.20001	1040.16001	927.053089020195]]]
5889	[[[2053.20001	1040.16001	927.1201588157426]]]
5890	[[[2052.72001	1040.28002	927.1875680614152]]]
5891	[[[2052.72001	1040.28002	927.2550808293914]]]
5892	[[[2052.72001	1039.92002	927.3224606201259]]]
5893	[[[2052.60001	1040.0400100000002	927.3894730940956]]]
5894	[[[2052.48001	1040.16001	927.4558887054114]]]
5895	[[[2052.48001	1040.28001	927.521485186329]]]
5896	[[[2052.72001	1040.0400100000002	927.5860498348108]]]
5897	[[[2052.8400100000003	1040.04001	927.6493815614749]]]
5898	[[[2053.08	1040.04001	927.7112926574839]]]
5899	[[[2052.6	1039.92001	927.7716102510443]]]
5900	[[[2053.08	1039.8	927.8301774270807]]]
5901	[[[2053.2	1040.0400100000002	927.8868539921756]]]
5902	[[[2053.56001	1040.5200200000002	927.9415168748486]]]
5903	[[[2053.80001	1040.52002	927.9940601595088]]]
5904	[[[2053.56003	1040.52002	928.0443947607661]]]
5905	[[[2053.56003	1040.52002	928.0924477530241]]]
5906	[[[2053.5600299999996	1040.88002	928.1381613782099]]]
5907	[[[2053.68003	1040.88002	928.1814917619383]]]
5908	[[[2053.6800300000004	1040.88002	928.2224073751706]]]
5909	[[[2053.8000500000003	1041.00002	928.2608872843427]]]
5910	[[[2053.8000500000003	1041.00002	928.2969192378772]]]
5911	[[[2053.80005	1040.76001	928.3304976408001]]]
5912	[[[2053.44004	1040.52	928.3616214717974]]]
5913	[[[2053.44004	1040.6399999999999	928.3902921983697]]]
5914	[[[2053.92002	1040.6399999999999	928.4165117457381]]]
5915	[[[2054.0400200000004	1040.40001	928.4402805738489]]]
5916	[[[2053.9200200000005	1040.16002	928.4615959141935]]]
5917	[[[2053.80002	1040.1600199999998	928.4804502143015]]]
5918	[[[2054.04004	1039.92003	928.4968298327512]]]
5919	[[[2054.40002	1039.68004	928.5107140214861]]]
5920	[[[2054.40002	1039.5600399999998	928.5220742252877]]]
5921	[[[2054.7600300000004	1039.80005	928.53087372058]]]
5922	[[[2054.8800300000003	1039.4400600000001	928.5370676075211]]]
5923	[[[2054.8800300000003	1039.20007	928.540603160782]]]
5924	[[[2054.7600300000004	1039.0800700000002	928.5414205357025]]]
5925	[[[2055.00004	1039.32006	928.5394538178776]]]
5926	[[[2055.24006	1039.56005	928.534632395878]]]
5927	[[[2055.36006	1039.4400600000001	928.5268826289187]]]
5928	[[[2055.00004	1039.4400600000001	928.5161297740863]]]
5929	[[[2054.88004	1039.4400600000001	928.5023001313635]]]
5930	[[[2054.76004	1039.4400600000001	928.4853233593137]]]
5931	[[[2054.40003	1039.20005	928.4651349100262]]]
5932	[[[2054.28003	1039.56004	928.4416785288919]]]
5933	[[[2054.28003	1039.4400300000002	928.4149087630146]]]
5934	[[[2054.2800300000004	1039.32004	928.3847934216299]]]
5935	[[[2054.0400200000004	1038.96004	928.3513159327871]]]
5936	[[[2053.68	1038.84004	928.3144775427145]]]
5937	[[[2053.4399999999996	1038.84004	928.2742993076815]]]
5938	[[[2053.44	1039.2000400000002	928.2308238326852]]]
5939	[[[2053.5600000000004	1039.2000400000002	928.1841167167966]]]
5940	[[[2053.68	1039.08005	928.1342676713768]]]
5941	[[[2053.5600000000004	1038.96006	928.081391284412]]]
5942	[[[2053.5600000000004	1039.20007	928.0256274117644]]]
5943	[[[2053.44	1038.96007	927.9671411839788]]]
5944	[[[2053.56	1039.2000600000001	927.90612262524]]]
5945	[[[2053.3199999999997	1039.6800700000001	927.8427858889232]]]
5946	[[[2053.6800200000002	1039.32008	927.7773681217601]]]
5947	[[[2053.80002	1039.44007	927.7101279757326]]]
5948	[[[2053.8000199999997	1039.08007	927.6413437933024]]]
5949	[[[2053.6800200000002	1039.0800700000002	927.5713114972884]]]
5950	[[[2053.56002	1039.44007	927.5003422215502]]]
5951	[[[2053.8000199999997	1039.32006	927.4287597224984]]]
5952	[[[2053.68002	1038.84005	927.3568976143251]]]
5953	[[[2053.56002	1039.20006	927.2850964726473]]]
5954	[[[2053.44002	1038.84006	927.2137008520467]]]
5955	[[[2053.4400199999995	1038.36005	927.1430562627665]]]
5956	[[[2053.2	1038.48004	927.073506150675]]]
5957	[[[2052.84002	1038.36005	927.0053889226117]]]
5958	[[[2052.84002	1038.3600500000002	926.9390350564939]]]
5959	[[[2052.96002	1038.36005	926.8747643322113]]]
5960	[[[2052.96002	1037.88004	926.81288321551]]]
5961	[[[2052.7200199999997	1037.88004	926.7536824228991]]]
5962	[[[2052.36002	1037.76005	926.6974346912327]]]
5963	[[[2052.48002	1037.52005	926.6443927711919]]]
5964	[[[2052.36002	1037.40006	926.594787659494]]]
5965	[[[2052.36002	1037.04006	926.5488270804532]]]
5966	[[[2052.6000400000003	1037.1600700000001	926.506694223541]]]
5967	[[[2052.72003	1037.04006	926.468546739977]]]
5968	[[[2053.08005	1037.04006	926.4345159981287]]]
5969	[[[2053.20005	1037.04006	926.4047065946637]]]
5970	[[[2053.08006	1036.9200700000001	926.3791961159835]]]
5971	[[[2052.96007	1036.9200700000001	926.3580351424571]]]
5972	[[[2053.6800900000003	1037.1600700000001	926.3412474863468]]]
5973	[[[2053.3201099999997	1037.1600700000001	926.3288306530188]]]
5974	[[[2053.3201099999997	1037.2800600000003	926.3207565140194]]]
5975	[[[2053.32011	1037.6400600000002	926.3169721797916]]]
5976	[[[2053.08009	1037.4000600000002	926.3174010591708]]]
5977	[[[2053.08009	1037.2800700000003	926.3219440922354]]]
5978	[[[2052.7200700000003	1037.16006	926.3304811425654]]]
5979	[[[2052.36008	1036.92006	926.3428725344295]]]
5980	[[[2052.48007	1036.80005	926.358960719817]]]
5981	[[[2052.48007	1036.92006	926.3785720595772]]]
5982	[[[2052.12005	1036.4400500000002	926.4015187021627]]]
5983	[[[2052.2400399999997	1036.2000400000002	926.4276005426549]]]
5984	[[[2052.24004	1035.6000399999998	926.456607243869]]]
5985	[[[2051.76004	1035.36004	926.4883203004314]]]
5986	[[[2051.52005	1035.24003	926.5225151258707]]]
5987	[[[2051.6400399999998	1035.1200199999998	926.558963141981]]]
5988	[[[2051.40006	1034.7600200000002	926.5974338490998]]]
5989	[[[2051.52005	1034.64001	926.6376968555318]]]
5990	[[[2051.40006	1034.64001	926.6795238442359]]]
5991	[[[2051.40006	1034.2800000000002	926.7226904550819]]]
5992	[[[2051.76008	1034.52001	926.766978061595]]]
5993	[[[2052.00007	1034.52001	926.8121754220898]]]
5994	[[[2052.12007	1034.76001	926.8580801865485]]]
5995	[[[2052.60007	1034.88002	926.9045002424618]]]
5996	[[[2052.72006	1034.88002	926.9512548851519]]]
5997	[[[2052.60007	1035.2400300000002	926.9981758007625]]]
5998	[[[2052.84005	1035.48004	927.0451078531307]]]
5999	[[[2052.84005	1035.48004	927.091909669017]]]
6000	[[[2053.08004	1035.72004	927.1384540196461]]]
6001	[[[2053.08004	1035.72004	927.1846280000804]]]
6002	[[[2052.7200199999997	1035.72004	927.2303330114952]]]
6003	[[[2052.7200199999997	1035.84004	927.2754845549138]]]
6004	[[[2052.6000200000003	1035.9600400000002	927.3200118482113]]]
6005	[[[2052.4800299999997	1035.72003	927.3638572811899]]]
6006	[[[2052.60003	1035.60003	927.4069757261241]]]
6007	[[[2052.84002	1035.1200199999998	927.4493337233464]]]
6008	[[[2053.08002	1034.6400099999998	927.4909085630945]]]
6009	[[[2052.9600299999997	1034.6400099999998	927.5316872859627]]]
6010	[[[2053.2000500000004	1034.6400099999998	927.5716656248576]]]
6011	[[[2053.5600400000003	1034.28001	927.6108469113376]]]
6012	[[[2053.68004	1034.04	927.6492409686673]]]
6013	[[[2053.68004	1033.92	927.6868630128307]]]
6014	[[[2053.8000400000005	1033.8	927.7237325812124]]]
6015	[[[2053.80004	1033.92	927.7598725067048]]]
6016	[[[2053.80004	1033.80001	927.7953079527255]]]
6017	[[[2054.28004	1034.40001	927.8300655221065]]]
6018	[[[2054.0400400000003	1034.5200200000002	927.8641724501178]]]
6019	[[[2054.52005	1034.64003	927.8976558891352]]]
6020	[[[2054.40003	1033.92004	927.9305422896763]]]
6021	[[[2054.16003	1034.16004	927.9628568798613]]]
6022	[[[2054.16003	1034.04005	927.9946232428101]]]
6023	[[[2054.2800300000004	1033.9200600000001	928.0258629891636]]]
6024	[[[2054.16003	1033.92006	928.0565955198388]]]
6025	[[[2054.2800199999997	1033.80006	928.0868378723604]]]
6026	[[[2054.28002	1033.80006	928.1166046426218]]]
6027	[[[2053.80002	1033.32006	928.1459079728018]]]
6028	[[[2053.92002	1033.32006	928.1747575953198]]]
6029	[[[2053.68	1033.08005	928.2031609222071]]]
6030	[[[2053.68	1032.96004	928.2311231690359]]]
6031	[[[2053.6800000000003	1032.84005	928.258647502587]]]
6032	[[[2053.68	1032.7200400000002	928.285735201702]]]
6033	[[[2053.56	1032.72004	928.312385821236]]]
6034	[[[2053.5600000000004	1032.60005	928.3385973496615]]]
6035	[[[2053.6800000000003	1032.36005	928.3643663516474]]]
6036	[[[2054.16	1032.84004	928.3896880878192]]]
6037	[[[2054.16	1032.48004	928.414556604871]]]
6038	[[[2054.04	1032.36003	928.4389647902351]]]
6039	[[[2054.04	1032.12003	928.4629043865959]]]
6040	[[[2053.8	1032.2400400000001	928.4863659626642]]]
6041	[[[2053.8	1032.1200300000003	928.509338837786]]]
6042	[[[2053.32	1031.88003	928.5318109591626]]]
6043	[[[2053.2	1031.7600200000002	928.5537687316862]]]
6044	[[[2053.4399999999996	1031.7600200000002	928.5751968016615]]]
6045	[[[2053.44	1031.64003	928.5960777969834]]]
6046	[[[2052.84	1031.0400300000001	928.6163920276737]]]
6047	[[[2052.8399999999997	1030.9200400000002	928.6361171520288]]]
6048	[[[2052.84	1030.8000500000003	928.6552278150015]]]
6049	[[[2052.96	1030.92006	928.673695266801]]]
6050	[[[2052.8400100000003	1030.9200600000001	928.6914869710265]]]
6051	[[[2052.84001	1030.92006	928.7085662129311]]]
6052	[[[2053.32001	1031.04007	928.7248917195942]]]
6053	[[[2053.4400100000003	1030.92008	928.7404173048319]]]
6054	[[[2053.3200100000004	1030.56007	928.755091552552]]]
6055	[[[2053.2000099999996	1030.56007	928.7688575529113]]]
6056	[[[2053.20001	1030.44008	928.7816527060128]]]
6057	[[[2053.20001	1030.44008	928.7934086079558]]]
6058	[[[2053.32001	1030.56007	928.8040510337638]]]
6059	[[[2053.08001	1030.32007	928.8135000310355]]]
6060	[[[2053.32	1030.32007	928.8216701370893]]]
6061	[[[2053.44	1030.08007	928.8284707308412]]]
6062	[[[2053.20001	1030.08007	928.8338065287177]]]
6063	[[[2052.96002	1030.20006	928.8375782315301]]]
6064	[[[2052.96002	1030.08006	928.8396833264763]]]
6065	[[[2053.0800200000003	1029.9600500000001	928.8400170453173]]]
6066	[[[2053.08002	1029.72004	928.8384734763558]]]
6067	[[[2052.96002	1029.4800300000002	928.8349468242066]]]
6068	[[[2052.84002	1029.2400300000002	928.8293328075417]]]
6069	[[[2052.7200299999995	1028.64003	928.8215301811593]]]
6070	[[[2052.60003	1028.40002	928.8114423649101]]]
6071	[[[2052.4800299999997	1028.16003	928.7989791583735]]]
6072	[[[2052.6000200000003	1027.92002	928.7840585167747]]]
6073	[[[2052.72001	1027.32002	928.7666083606185]]]
6074	[[[2052.48002	1027.3200199999999	928.7465683889457]]]
6075	[[[2052.24003	1027.44003	928.7238918641266]]]
6076	[[[2052.24003	1027.4400300000002	928.698547334744]]]
6077	[[[2052.24003	1027.32004	928.6705202624665]]]
6078	[[[2052.24003	1027.08005	928.6398145189121]]]
6079	[[[2052.24003	1027.3200499999998	928.6064537193859]]]
6080	[[[2052.12004	1027.56006	928.5704823620483]]]
6081	[[[2051.88006	1027.80005	928.531966743509]]]
6082	[[[2051.88006	1027.6800600000001	928.4909956250233]]]
6083	[[[2052.00006	1027.6800600000001	928.4476806273196]]]
6084	[[[2052.48007	1027.6800600000001	928.4021563365283]]]
6085	[[[2052.6000599999998	1027.2000500000001	928.3545801086332]]]
6086	[[[2052.48007	1026.9600500000001	928.3051315651874]]]
6087	[[[2052.36008	1026.9600500000001	928.2540117786235]]]
6088	[[[2052.36008	1026.9600500000001	928.2014421511901]]]
6089	[[[2052.48007	1027.0800400000003	928.147662997254]]]
6090	[[[2052.72006	1026.7200400000002	928.0929318442319]]]
6091	[[[2052.96004	1026.0000450000002	928.0375214726944]]]
6092	[[[2052.96004	1025.880035	927.9817177210119]]]
6093	[[[2052.96004	1026.1200350000001	927.925817084248]]]
6094	[[[2052.7200199999997	1026.0000450000002	927.8701241407019]]]
6095	[[[2052.72002	1026.0000450000002	927.8149488424906]]]
6096	[[[2052.7200199999997	1026.1200549999999	927.7606037088077]]]
6097	[[[2052.60003	1026.360045	927.7074009619148]]]
6098	[[[2052.48004	1026.3600450000001	927.6556496465431]]]
6099	[[[2052.6000400000003	1026.1200450000001	927.605652773178]]]
6100	[[[2052.3600500000002	1026.1200450000001	927.5577045247226]]]
6101	[[[2052.24006	1026.48004	927.5120875643039]]]
6102	[[[2052.36006	1026.2400460000001	927.4690704796019]]]
6103	[[[2052.12007	1026.4800559999999	927.4289053960769]]]
6104	[[[2051.6400700000004	1026.600046	927.3918257879856]]]
6105	[[[2051.52008	1026.600046	927.3580445121761]]]
6106	[[[2051.52008	1026.9600460000001	927.3277520854459]]]
6107	[[[2051.64007	1026.720056	927.3011152218585]]]
6108	[[[2051.8800600000004	1026.600046	927.2782756419283]]]
6109	[[[2051.7600599999996	1026.600046	927.2593491611026]]]
6110	[[[2051.8800499999998	1026.4800360000002	927.244425060588]]]
6111	[[[2051.88005	1026.600046	927.2335657393776]]]
6112	[[[2051.76005	1026.84004	927.2268066423619]]]
6113	[[[2052.00004	1026.3600300000003	927.2241564557808]]]
6114	[[[2052.36004	1026.12003	927.2255975579499]]]
6115	[[[2052.00003	1026.2400400000001	927.231086710287]]]
6116	[[[2052.00003	1025.76003	927.2405559711166]]]
6117	[[[2052.12002	1025.6400200000003	927.2539138126143]]]
6118	[[[2052.00002	1025.6400200000003	927.2710464195052]]]
6119	[[[2051.88003	1025.76003	927.2918191467804]]]
6120	[[[2052.00003	1026.12003	927.3160781127169]]]
6121	[[[2052.12002	1026.24002	927.3436519028207]]]
6122	[[[2052.24002	1026.6000200000003	927.3743533600069]]]
6123	[[[2052.12002	1026.72003	927.4079814362783]]]
6124	[[[2052.2400199999997	1026.72003	927.4443230814095]]]
6125	[[[2052.7200199999997	1026.84002	927.483155144621]]]
6126	[[[2052.96001	1027.08002	927.524246265952]]]
6127	[[[2052.9600100000002	1027.20003	927.5673587349772]]]
6128	[[[2052.84002	1027.32004	927.6122502956702]]]
6129	[[[2052.96001	1027.08004	927.658675877575]]]
6130	[[[2052.96001	1026.9600400000002	927.7063892350297]]]
6131	[[[2052.96001	1027.08004	927.7551444779644]]]
6132	[[[2052.84001	1026.96004	927.8046974797986]]]
6133	[[[2052.96001	1027.32004	927.8548071501713]]]
6134	[[[2052.8400100000003	1027.5600399999998	927.9052365626661]]]
6135	[[[2052.7200199999997	1027.68004	927.9557539303041]]]
6136	[[[2052.4800299999997	1027.8000399999999	928.006133424409]]]
6137	[[[2052.4800299999997	1028.16004	928.056155835409]]]
6138	[[[2052.7200199999997	1028.5200399999999	928.1056090772621]]]
6139	[[[2052.7200199999997	1028.88003	928.154288540392]]]
6140	[[[2052.6000200000003	1029.00003	928.2019973012563]]]
6141	[[[2052.4800299999997	1029.12004	928.2485461998949]]]
6142	[[[2052.12003	1029.36005	928.2937537999226]]]
6143	[[[2052.12003	1029.2400400000001	928.3374462483738]]]
6144	[[[2052.1200299999996	1029.36004	928.3794570554998]]]
6145	[[[2052.24002	1029.4800500000001	928.4196268169537]]]
6146	[[[2052.24002	1029.4800500000001	928.4578029027001]]]
6147	[[[2052.3600199999996	1029.4800500000001	928.4938391383666]]]
6148	[[[2052.36002	1029.4800500000001	928.5275955055355]]]
6149	[[[2052.36002	1029.84005	928.5589378875842]]]
6150	[[[2052.3600199999996	1030.08005	928.5877378870721]]]
6151	[[[2052.48001	1030.2000400000002	928.6138727392952]]]
6152	[[[2052.96001	1030.44004	928.637225344481]]]
6153	[[[2052.84001	1030.68004	928.6576844381658]]]
6154	[[[2052.9600100000002	1030.80005	928.6751449156258]]]
6155	[[[2052.96001	1031.04005	928.6895083218633]]]
6156	[[[2053.08	1031.28005	928.7006835136715]]]
6157	[[[2052.8400100000003	1031.28005	928.708587494808]]]
6158	[[[2052.24001	1031.40004	928.7131464194272]]]
6159	[[[2052.36001	1031.40004	928.7142967528087]]]
6160	[[[2052.36001	1031.40004	928.7119865722188]]]
6161	[[[2052.36001	1031.5200499999999	928.7061769846525]]]
6162	[[[2052.12002	1031.40004	928.6968436323814]]]
6163	[[[2051.88004	1031.40004	928.6839782518934]]]
6164	[[[2051.76004	1031.5200300000001	928.6675902470995]]]
6165	[[[2051.64005	1031.4000200000003	928.6477082338088]]]
6166	[[[2051.52006	1031.5200300000001	928.6243815095628]]]
6167	[[[2051.52006	1031.6400200000003	928.5976814011301]]]
6168	[[[2052.00006	1032.12003	928.5677024413766]]]
6169	[[[2051.88006	1032.4800300000002	928.534563327964]]]
6170	[[[2052.00006	1032.60004	928.4984076183731]]]
6171	[[[2052.00006	1032.60004	928.4594041191694]]]
6172	[[[2052.00006	1032.7200500000001	928.4177469321394]]]
6173	[[[2052.36004	1032.84006	928.373655125884]]]
6174	[[[2052.36004	1032.96007	928.3273720085424]]]
6175	[[[2052.4800299999997	1033.2000700000003	928.2791639853742]]]
6176	[[[2052.96004	1033.4400600000001	928.2293189937897]]]
6177	[[[2053.08003	1033.56007	928.1781445178555]]]
6178	[[[2053.20003	1033.32006	928.1259651940993]]]
6179	[[[2053.32003	1033.32006	928.0731200303222]]]
6180	[[[2053.08004	1033.8000500000003	928.0199592688671]]]
6181	[[[2053.20004	1033.8000500000003	927.96684093509]]]
6182	[[[2053.32003	1033.92004	927.9141271204147]]]
6183	[[[2053.32003	1034.16003	927.8621800570402]]]
6184	[[[2053.44003	1034.16003	927.8113580479287]]]
6185	[[[2053.92004	1034.5200300000001	927.7620113208983]]]
6186	[[[2053.6800200000002	1034.28004	927.7144778793388]]]
6187	[[[2053.68002	1034.40003	927.669079424128]]]
6188	[[[2053.56002	1034.5200300000001	927.6261174216761]]]
6189	[[[2053.56002	1034.5200300000001	927.5858693916159]]]
6190	[[[2053.3200100000004	1034.16003	927.5485854845272]]]
6191	[[[2053.08002	1034.64002	927.5144854152597]]]
6192	[[[2052.9600299999997	1034.5200300000001	927.4837558110352]]]
6193	[[[2052.8400300000003	1034.40003	927.4565480257063]]]
6194	[[[2052.84003	1034.64002	927.4329764624874]]]
6195	[[[2052.48002	1034.28002	927.4131174374336]]]
6196	[[[2052.48002	1034.52001	927.3970086050977]]]
6197	[[[2052.6000200000003	1034.52001	927.3846489564846]]]
6198	[[[2052.60002	1034.40001	927.3759993878651]]]
6199	[[[2052.48002	1034.28001	927.3709838275493]]]
6200	[[[2052.96002	1034.52002	927.3694908965814]]]
6201	[[[2053.08001	1034.1600199999998	927.3713760688163]]]
6202	[[[2053.2000000000003	1034.28001	927.3764642862001]]]
6203	[[[2053.08001	1034.64001	927.3845529765318]]]
6204	[[[2052.84002	1034.6400099999998	927.395415413734]]]
6205	[[[2052.84002	1034.6400099999998	927.4088043548485]]]
6206	[[[2052.48004	1034.40002	927.4244558837279]]]
6207	[[[2052.36004	1034.40002	927.4420933887807]]]
6208	[[[2052.12006	1034.76002	927.4614316011754]]]
6209	[[[2052.0000699999996	1034.7600200000002	927.4821806206106]]]
6210	[[[2051.76008	1034.52001	927.5040498580381]]]
6211	[[[2051.76008	1034.52001	927.5267518285149]]]
6212	[[[2051.76008	1034.40002	927.550005732482]]]
6213	[[[2051.88007	1034.04002	927.5735407701147]]]
6214	[[[2051.76008	1034.04002	927.597099140705]]]
6215	[[[2051.52009	1034.16002	927.620438687169]]]
6216	[[[2051.64008	1034.28001	927.6433351544598]]]
6217	[[[2051.4001	1034.28001	927.6655840396967]]]
6218	[[[2051.28008	1033.92001	927.6870020209559]]]
6219	[[[2051.4000699999997	1033.9200099999998	927.7074279606966]]]
6220	[[[2051.2800799999995	1034.16002	927.7267234884885]]]
6221	[[[2051.28008	1034.2800200000001	927.7447731758893]]]
6222	[[[2051.16009	1034.4000099999998	927.7614843238185]]]
6223	[[[2051.16009	1034.28002	927.776786389426]]]
6224	[[[2051.28008	1034.28002	927.7906300851764]]]
6225	[[[2051.40007	1034.04003	927.802986187546]]]
6226	[[[2051.2800799999995	1034.0400300000001	927.813844096336]]]
6227	[[[2051.52006	1034.04003	927.82321018808]]]
6228	[[[2051.76007	1034.0400300000001	927.8311060084297]]]
6229	[[[2051.76007	1034.0400300000001	927.8375663487166]]]
6230	[[[2051.88006	1033.92002	927.8426372512088]]]
6231	[[[2051.88006	1033.80002	927.8463739859832]]]
6232	[[[2051.88006	1033.8000200000001	927.8488390399073]]]
6233	[[[2051.7600699999994	1033.92001	927.8501001550912]]]
6234	[[[2051.88006	1033.68002	927.8502284504648]]]
6235	[[[2051.64008	1033.8000100000002	927.8492966559609]]]
6236	[[[2051.76007	1033.68002	927.8473774843048]]]
6237	[[[2051.64008	1033.56003	927.8445421607355]]]
6238	[[[2051.52009	1033.44004	927.8408591262336]]]
6239	[[[2051.4001	1033.5600399999998	927.836392925142]]]
6240	[[[2051.4001	1033.44004	927.8312032835214]]]
6241	[[[2051.4001	1033.08005	927.8253443802769]]]
6242	[[[2051.4001	1033.20005	927.8188643091129]]]
6243	[[[2051.4001	1033.08006	927.8118047257718]]]
6244	[[[2051.0400999999997	1033.20005	927.804200671823]]]
6245	[[[2051.16009	1033.3200499999998	927.7960805635463]]]
6246	[[[2050.92008	1033.32005	927.7874663321888]]]
6247	[[[2050.68007	1033.6800500000002	927.77837370008]]]
6248	[[[2050.56005	1033.6800500000002	927.7688125757453]]]
6249	[[[2050.32004	1033.32005	927.7587875502635]]]
6250	[[[2050.56003	1033.3200499999998	927.748298476596]]]
6251	[[[2050.20003	1033.68004	927.7373411134977]]]
6252	[[[2050.20003	1033.44005	927.7259078157958]]]
6253	[[[2050.08004	1033.32004	927.713988253306]]]
6254	[[[2050.08004	1033.2000500000001	927.7015701413633]]]
6255	[[[2049.96005	1032.8400500000002	927.6886399668549]]]
6256	[[[2050.0800700000004	1032.84005	927.6751836947058]]]
6257	[[[2050.08007	1032.36004	927.6611874409518]]]
6258	[[[2050.20009	1032.4800300000002	927.6466380998106]]]
6259	[[[2050.08009	1032.9600400000002	927.6315239134938]]]
6260	[[[2049.3601	1033.20005	927.6158349748896]]]
6261	[[[2049.3601	1033.08006	927.5995636546489]]]
6262	[[[2049.00009	1033.08006	927.582704945646]]]
6263	[[[2048.88007	1033.3200600000002	927.5652567192304]]]
6264	[[[2048.7600700000003	1033.44005	927.547219889155]]]
6265	[[[2048.6400500000004	1033.56006	927.5285984805614]]]
6266	[[[2048.40003	1033.6800500000002	927.5093996029143]]]
6267	[[[2048.1600399999998	1033.80006	927.4896333273331]]]
6268	[[[2047.92002	1033.80006	927.4693124703599]]]
6269	[[[2048.04002	1033.4400600000001	927.4484522878307]]]
6270	[[[2048.04002	1033.20005	927.4270700841865]]]
6271	[[[2047.8000299999999	1033.32004	927.4051847442676]]]
6272	[[[2047.8000300000003	1033.56003	927.3828161963504]]]
6273	[[[2047.5600399999998	1033.44004	927.3599848169137]]]
6274	[[[2047.5600399999998	1033.32005	927.3367107893155]]]
6275	[[[2047.3200499999998	1033.44004	927.3130134301973]]]
6276	[[[2047.3200499999998	1033.3200499999998	927.2889104989672]]]
6277	[[[2047.3200499999998	1033.44004	927.2644175070998]]]
6278	[[[2046.96006	1033.32005	927.2395470451686]]]
6279	[[[2047.0800800000002	1033.44004	927.214308146457]]]
6280	[[[2046.9600700000003	1033.32005	927.1887057065964]]]
6281	[[[2046.4800599999999	1033.2000600000001	927.1627399789144]]]
6282	[[[2046.24006	1032.96007	927.1364061649826]]]
6283	[[[2046.12005	1032.9600699999999	927.1096941191787]]]
6284	[[[2046.0000599999998	1032.96007	927.0825881848932]]]
6285	[[[2045.8800500000002	1032.96007	927.0550671782809]]]
6286	[[[2045.8800500000002	1032.96007	927.027104533164]]]
6287	[[[2046.0000400000001	1032.96007	926.9986686178636]]]
6288	[[[2046.12003	1032.96007	926.9697232313516]]]
6289	[[[2045.88001	1032.96007	926.9402282822635]]]
6290	[[[2046.1200099999999	1032.9600699999999	926.9101406500158]]]
6291	[[[2046.6000200000003	1032.96007	926.8794152226353]]]
6292	[[[2046.84002	1032.96007	926.8480061010335]]]
6293	[[[2046.84002	1032.96007	926.815867954446]]]
6294	[[[2046.9600100000002	1032.7200699999999	926.7829575067708]]]
6295	[[[2047.20001	1032.72007	926.7492351286919]]]
6296	[[[2047.20001	1032.72007	926.7146665059521]]]
6297	[[[2047.20001	1032.48007	926.6792243500637]]]
6298	[[[2047.4400099999998	1032.36006	926.6428901143036]]]
6299	[[[2047.4400099999998	1032.1200600000002	926.6056556751398]]]
6300	[[[2047.20001	1032.00005	926.5675249374411]]]
6301	[[[2046.96001	1032.36005	926.5285153210167]]]
6302	[[[2046.84002	1032.2400400000001	926.4886590863114]]]
6303	[[[2046.9600300000002	1032.4800300000002	926.4480044585096]]]
6304	[[[2046.6000399999998	1032.60002	926.4066165118653]]]
6305	[[[2046.60004	1032.24003	926.3645777798223]]]
6306	[[[2046.36004	1032.2400300000002	926.3219885612955]]]
6307	[[[2046.2400499999999	1032.60003	926.2789668993161]]]
6308	[[[2045.8800600000002	1032.60003	926.2356482149629]]]
6309	[[[2045.88006	1032.48004	926.1921845869183]]]
6310	[[[2046.00007	1032.48004	926.1487436749801]]]
6311	[[[2046.2400699999998	1032.36003	926.1055072941272]]]
6312	[[[2046.00007	1032.48004	926.0626696541543]]]
6313	[[[2045.88006	1032.36004	926.0204352881061]]]
6314	[[[2045.8800600000002	1032.4800500000001	925.9790167006195]]]
6315	[[[2045.7600699999998	1032.84004	925.938631774499]]]
6316	[[[2045.6400800000004	1032.84004	925.8995009802459]]]
6317	[[[2045.52007	1032.72004	925.8618444385975]]]
6318	[[[2045.6400600000002	1032.84005	925.8258788902604]]]
6319	[[[2045.40006	1033.2000400000002	925.7918146297956]]]
6320	[[[2045.40006	1033.44004	925.7598524619427]]]
6321	[[[2045.1600600000002	1033.20005	925.7301807385209]]]
6322	[[[2045.40006	1033.2000500000001	925.7029725323758]]]
6323	[[[2045.52007	1033.08006	925.678383001767]]]
6324	[[[2045.52007	1033.08006	925.6565469941231]]]
6325	[[[2045.40006	1032.96007	925.637576932447]]]
6326	[[[2045.6400600000002	1032.84006	925.6215610209335]]]
6327	[[[2045.6400600000002	1032.84006	925.6085617988477]]]
6328	[[[2045.6400600000002	1032.84006	925.5986150635592]]]
6329	[[[2045.6400600000002	1032.7200699999999	925.5917291751664]]]
6330	[[[2045.6400600000002	1032.6000800000002	925.5878847465592]]]
6331	[[[2045.6400600000002	1032.72007	925.5870347143746]]]
6332	[[[2045.04006	1032.6000600000002	925.5891047783119]]]
6333	[[[2044.9200500000002	1032.60006	925.5939941889285]]]
6334	[[[2044.92005	1032.6000600000002	925.6015768575426]]]
6335	[[[2044.9200500000002	1032.7200500000001	925.6117027563939]]]
6336	[[[2044.8000400000005	1032.84006	925.6241995728773]]]
6337	[[[2044.9200500000002	1032.72007	925.6388745785689]]]
6338	[[[2044.80006	1032.84006	925.6555166719547]]]
6339	[[[2044.8000600000003	1032.7200500000001	925.673898553224]]]
6340	[[[2044.8000600000003	1032.96004	925.6937789901953]]]
6341	[[[2044.6800600000001	1033.20005	925.7149051362767]]]
6342	[[[2045.04006	1033.32006	925.7370148642264]]]
6343	[[[2044.9200700000001	1033.4400500000002	925.75983908321]]]
6344	[[[2045.04006	1033.32004	925.7831040110602]]]
6345	[[[2045.04006	1033.20005	925.8065333785474]]]
6346	[[[2044.9200699999997	1033.2000500000001	925.8298505476478]]]
6347	[[[2044.56007	1033.32004	925.8527805310392]]]
6348	[[[2045.16008	1033.68004	925.8750519051688]]]
6349	[[[2045.04009	1033.8000500000003	925.8963986140163]]]
6350	[[[2044.80009	1033.5600600000002	925.9165616649568]]]
6351	[[[2044.6800799999996	1033.08005	925.9352907217711]]]
6352	[[[2044.68008	1033.08005	925.9523456027173]]]
6353	[[[2044.80007	1032.72006	925.9674976936154]]]
6354	[[[2044.80007	1032.60007	925.9805312870319]]]
6355	[[[2044.68008	1032.60007	925.9912448588848]]]
6356	[[[2044.44007	1032.72006	925.9994522931426]]]
6357	[[[2044.56007	1032.60007	926.0049840638269]]]
6358	[[[2043.96006	1032.1200800000001	926.0076883813166]]]
6359	[[[2043.60006	1032.4800799999998	926.0074323071237]]]
6360	[[[2043.36005	1032.60007	926.0041028380022]]]
6361	[[[2043.36005	1032.84007	925.9976079565897]]]
6362	[[[2043.36005	1032.84007	925.9878776419661]]]
6363	[[[2043.4800599999999	1033.2000600000001	925.9748648296654]]]
6364	[[[2043.3600700000002	1033.4400600000001	925.9585463070118]]]
6365	[[[2043.36007	1033.2000600000001	925.9389235262727]]]
6366	[[[2043.24008	1032.9600599999999	925.9160233152277]]]
6367	[[[2043.1200800000001	1032.96006	925.88989846243]]]
6368	[[[2043.60007	1033.4400500000002	925.8606281528197]]]
6369	[[[2043.8400699999997	1033.2000400000002	925.8283182285164]]]
6370	[[[2043.7200800000003	1033.44005	925.7931012496254]]]
6371	[[[2043.6000900000004	1033.56005	925.7551363307742]]]
6372	[[[2043.36008	1033.44004	925.7146087308632]]]
6373	[[[2043.0000800000003	1033.2000400000002	925.6717291761288]]]
6374	[[[2042.40008	1033.2000400000002	925.6267329000559]]]
6375	[[[2042.16007	1033.44004	925.5798783878381]]]
6376	[[[2042.52007	1033.68004	925.5314458178913]]]
6377	[[[2042.40006	1033.6800400000002	925.481735198271]]]
6378	[[[2041.80007	1033.32004	925.4310642015791]]]
6379	[[[2041.6800600000001	1033.20005	925.3797657079504]]]
6380	[[[2041.68006	1032.7200400000002	925.3281850718304]]]
6381	[[[2041.68006	1032.36004	925.2766771343393]]]
6382	[[[2041.56007	1032.36004	925.2256030089218]]]
6383	[[[2041.3200699999998	1032.2400499999999	925.1753266735626]]]
6384	[[[2041.6800600000001	1031.88004	925.1262114079567]]]
6385	[[[2041.20007	1031.88004	925.0786161185508]]]
6386	[[[2041.08007	1031.28004	925.0328915982038]]]
6387	[[[2040.96008	1031.04004	924.9893767702404]]]
6388	[[[2040.7200799999998	1030.80004	924.9483949688405]]]
6389	[[[2040.24009	1030.68003	924.9102503089482]]]
6390	[[[2040.36008	1030.5600399999998	924.8752241991594]]]
6391	[[[2040.12008	1030.5600399999998	924.8435720503545]]]
6392	[[[2040.00007	1030.80004	924.8155202311788]]]
6393	[[[2040.00007	1030.80004	924.7912633188713]]]
6394	[[[2040.00007	1030.80004	924.7709616904389]]]
6395	[[[2040.4800600000003	1030.4400300000002	924.7547394948454]]]
6396	[[[2040.4800599999999	1030.8000299999999	924.7426830417971]]]
6397	[[[2040.6000500000002	1030.68002	924.7348396369604]]]
6398	[[[2040.7200400000002	1030.44002	924.7312168871446]]]
6399	[[[2041.5600299999999	1030.44002	924.7317824922311]]]
6400	[[[2041.44004	1030.44002	924.7364645335562]]]
6401	[[[2041.8000299999999	1030.2000199999998	924.7451522611698]]]
6402	[[[2041.9200400000002	1029.8400299999998	924.7576973750341]]]
6403	[[[2041.8000299999999	1030.08003	924.7739157878992]]]
6404	[[[2041.8000300000003	1030.08003	924.793589850435]]]
6405	[[[2041.3200399999998	1029.96003	924.8164710123086]]]
6406	[[[2041.20003	1029.96003	924.8422828863899]]]
6407	[[[2041.20003	1029.96003	924.8707246772419]]]
6408	[[[2041.20003	1030.08004	924.9014749295951]]]
6409	[[[2040.84003	1029.84004	924.934195547696]]]
6410	[[[2040.96002	1029.84004	924.9685360323216]]]
6411	[[[2040.9600199999998	1029.84004	925.0041378789372]]]
6412	[[[2041.3200199999999	1030.08004	925.0406390779592]]]
6413	[[[2041.5600200000001	1029.72003	925.0776786564265]]]
6414	[[[2041.5600199999997	1029.8400399999998	925.1149011995898]]]
6415	[[[2041.92002	1029.96004	925.1519612910067]]]
6416	[[[2042.0400300000001	1029.9600400000002	925.1885278106868]]]
6417	[[[2041.5600399999998	1029.84004	925.2242880326281]]]
6418	[[[2041.5600399999998	1029.96003	925.258951465736]]]
6419	[[[2041.44005	1029.96003	925.2922533855417]]]
6420	[[[2041.32006	1029.84002	925.3239580083242]]]
6421	[[[2041.44007	1029.7200200000002	925.3538612641207]]]
6422	[[[2041.20006	1029.48002	925.3817931306132]]]
6423	[[[2041.08007	1029.4800200000002	925.4076194959607]]]
6424	[[[2041.08007	1029.3600099999999	925.4312435251923]]]
6425	[[[2041.2000600000003	1029.3600099999999	925.4526065117223]]]
6426	[[[2041.08005	1029.24002	925.4716882028048]]]
6427	[[[2041.6800499999997	1029.36002	925.4885065951936]]]
6428	[[[2041.5600600000002	1029.60002	925.5031172048381]]]
6429	[[[2041.80006	1029.60002	925.5156118219954]]]
6430	[[[2041.80006	1029.60002	925.5261167705897]]]
6431	[[[2041.5600599999998	1029.8400299999998	925.534790697871]]]
6432	[[[2041.5600600000002	1029.72002	925.5418219273264]]]
6433	[[[2042.04005	1029.96002	925.547425414257]]]
6434	[[[2042.1600600000002	1029.96002	925.5518393493555]]]
6435	[[[2042.52006	1030.20002	925.5553214609097]]]
6436	[[[2042.52006	1030.20002	925.5581450708038]]]
6437	[[[2042.4000500000002	1030.20002	925.5605949632456]]]
6438	[[[2042.64005	1029.7200200000002	925.5629631279968]]]
6439	[[[2043.3600600000002	1029.96002	925.5655444418029]]]
6440	[[[2043.4800500000001	1030.08003	925.5686323526392]]]
6441	[[[2043.60004	1030.44002	925.5725146312873]]]
6442	[[[2043.72005	1030.56003	925.5774692536221]]]
6443	[[[2043.6000600000002	1030.44004	925.5837604748089]]]
6444	[[[2043.72006	1030.8000500000003	925.5916351534221]]]
6445	[[[2043.3600599999997	1030.56005	925.6013193793403]]]
6446	[[[2043.60007	1030.68004	925.613015454185]]]
6447	[[[2043.84008	1030.92004	925.6268992671552]]]
6448	[[[2043.7200699999999	1031.16004	925.6431181024518]]]
6449	[[[2043.12006	1031.04005	925.6617889071753]]]
6450	[[[2043.2400700000003	1031.16004	925.6829970407877]]]
6451	[[[2043.48008	1030.8000500000003	925.7067955190408]]]
6452	[[[2043.6000800000002	1031.04005	925.7332047568677]]]
6453	[[[2043.36007	1031.28005	925.7622128062674]]]
6454	[[[2043.12006	1031.1600400000002	925.7937760768149]]]
6455	[[[2043.3600700000002	1031.40004	925.8278205182996]]]
6456	[[[2043.36007	1031.52005	925.8642432372487]]]
6457	[[[2043.2400700000003	1031.6400600000002	925.9029145119115]]]
6458	[[[2043.48008	1031.76007	925.9436801637945]]]
6459	[[[2043.36008	1032.00007	925.9863642381597]]]
6460	[[[2043.4800799999998	1032.00007	926.030771941166]]]
6461	[[[2043.48008	1032.1200600000002	926.0766927776185]]]
6462	[[[2043.6000699999997	1032.12006	926.1239038306755]]]
6463	[[[2044.20007	1032.24005	926.1721731233811]]]
6464	[[[2044.32008	1032.3600600000002	926.2212630015996]]]
6465	[[[2044.2000799999998	1032.60006	926.2709334787769]]]
6466	[[[2044.0800800000002	1032.60006	926.3209454849637]]]
6467	[[[2044.2000799999998	1032.6000600000002	926.3710639656331]]]
6468	[[[2044.3200700000002	1032.8400500000002	926.4210607799271]]]
6469	[[[2044.4400699999999	1032.96004	926.4707173530184]]]
6470	[[[2044.44007	1033.2000400000002	926.5198270430998]]]
6471	[[[2044.3200700000002	1033.80004	926.5681971900478]]]
6472	[[[2044.0800799999997	1034.0400300000001	926.6156508198561]]]
6473	[[[2043.84008	1033.92004	926.6620279863712]]]
6474	[[[2043.8400800000004	1034.40003	926.707186739515]]]
6475	[[[2044.08007	1034.4000300000002	926.7510037168962]]]
6476	[[[2044.32006	1034.64002	926.7933743633121]]]
6477	[[[2044.20006	1034.88001	926.834212790002]]]
6478	[[[2044.20006	1034.88001	926.8734512924486]]]
6479	[[[2044.3200500000003	1035.0000100000002	926.911039551925]]]
6480	[[[2044.44004	1035.2400200000002	926.9469435517258]]]
6481	[[[2044.5600399999998	1035.00002	926.9811442439808]]]
6482	[[[2044.9200400000002	1035.24002	927.0136360070708]]]
6483	[[[2045.04005	1035.72001	927.0444249368545]]]
6484	[[[2045.28004	1035.48001	927.0735270171402]]]
6485	[[[2045.4000500000002	1035.6000099999999	927.100966216077]]]
6486	[[[2045.2800599999998	1035.6000099999999	927.1267725553864]]]
6487	[[[2045.6400600000002	1035.72002	927.1509801986109]]]
6488	[[[2045.2800600000003	1035.8400299999998	927.1736256029023]]]
6489	[[[2045.76008	1036.20004	927.1947457762974]]]
6490	[[[2045.64009	1036.20004	927.2143766790635]]]
6491	[[[2045.76008	1036.3200499999998	927.2325518035965]]]
6492	[[[2045.88007	1036.32005	927.2493009626041]]]
6493	[[[2045.88007	1036.08005	927.2646493100525]]]
6494	[[[2046.0000800000003	1036.2000600000001	927.2786166136697]]]
6495	[[[2046.0000800000003	1036.2000600000001	927.2912167918303]]]
6496	[[[2046.2400800000003	1036.2000600000001	927.3024577214953]]]
6497	[[[2046.24008	1036.08005	927.3123413177036]]]
6498	[[[2046.72009	1035.9600400000002	927.320863878972]]]
6499	[[[2046.48007	1035.60003	927.3280166870582]]]
6500	[[[2046.8400599999998	1035.4800200000002	927.3337868439021]]]
6501	[[[2046.84006	1035.4800200000002	927.3381583233638]]]
6502	[[[2046.6000600000002	1035.36003	927.3411132106669]]]
6503	[[[2046.6000600000002	1035.48004	927.3426330983584]]]
6504	[[[2046.60006	1035.36003	927.3427006041559]]]
6505	[[[2046.84005	1035.60003	927.341300973352]]]
6506	[[[2046.84005	1035.72004	927.3384237265318]]]
6507	[[[2046.7200400000002	1035.84005	927.3340643122458]]]
6508	[[[2046.7200400000002	1035.9600599999999	927.3282257240253]]]
6509	[[[2046.6000500000002	1036.08007	927.3209200416892]]]
6510	[[[2046.6000500000002	1035.84008	927.3121698582914]]]
6511	[[[2046.84005	1035.7200699999999	927.302009556257]]]
6512	[[[2046.9600599999999	1035.60006	927.290486399202]]]
6513	[[[2046.96006	1035.48005	927.2776614095814]]]
6514	[[[2047.08005	1035.60006	927.2636100065835]]]
6515	[[[2047.08005	1035.60006	927.2484223834985]]]
6516	[[[2047.08005	1035.48005	927.2322036090434]]]
6517	[[[2047.20006	1035.12005	927.2150734427225]]]
6518	[[[2047.20006	1035.0000400000001	927.1971658601127]]]
6519	[[[2047.3200499999998	1035.0000400000001	927.1786282898898]]]
6520	[[[2047.20006	1035.36004	927.1596205703136]]]
6521	[[[2047.0800700000004	1035.36004	927.1403136386522]]]
6522	[[[2047.2000600000003	1035.60004	927.1208879725343]]]
6523	[[[2047.3200499999998	1035.60004	927.101531807346]]]
6524	[[[2047.3200499999998	1035.72003	927.0824391584226]]]
6525	[[[2046.9600500000001	1035.3600300000003	927.0638076808625]]]
6526	[[[2047.08004	1035.48004	927.0458364031616]]]
6527	[[[2047.08004	1035.8400399999998	927.0287233735211]]]
6528	[[[2047.20003	1035.8400399999998	927.0126632595266]]]
6529	[[[2047.08004	1035.48004	926.9978449428963]]]
6530	[[[2046.9600300000002	1035.48004	926.9844491511469]]]
6531	[[[2047.0800199999999	1035.60005	926.9726461673029]]]
6532	[[[2047.0800199999999	1035.48006	926.9625936572162]]]
6533	[[[2046.9600299999997	1035.60007	926.9544346516886]]]
6534	[[[2046.8400400000003	1035.60007	926.9482957174653]]]
6535	[[[2046.9600500000001	1035.96007	926.9442853473572]]]
6536	[[[2047.08005	1035.96007	926.9424925953568]]]
6537	[[[2047.08005	1035.96007	926.942985977698]]]
6538	[[[2047.08005	1036.20007	926.9458126555489]]]
6539	[[[2046.9600400000004	1036.56007	926.9509979094761]]]
6540	[[[2047.32004	1036.56007	926.9585449101385]]]
6541	[[[2047.4400400000002	1036.6800600000001	926.9684347839942]]]
6542	[[[2047.3200500000003	1036.80005	926.9806269672312]]]
6543	[[[2047.5600400000003	1036.80005	926.9950598358131]]]
6544	[[[2047.3200399999998	1036.80005	927.0116515945892]]]
6545	[[[2047.4400300000002	1036.6800600000001	927.0303014039143]]]
6546	[[[2047.2000400000002	1036.8000500000003	927.0508907183297]]]
6547	[[[2047.32003	1036.9200400000002	927.0732848085805]]]
6548	[[[2047.32003	1036.92004	927.0973344357071]]]
6549	[[[2047.2000400000002	1037.04003	927.1228776441592]]]
6550	[[[2047.32006	1037.04003	927.1497416399012]]]
6551	[[[2047.32006	1037.0400300000001	927.1777447192828]]]
6552	[[[2047.56005	1036.8000299999999	927.2066982150611]]]
6553	[[[2047.56005	1036.8000299999999	927.2364084273179]]]
6554	[[[2047.8000500000003	1037.0400300000001	927.2666785090845]]]
6555	[[[2047.8000499999998	1037.16002	927.2973102792118]]]
6556	[[[2048.04004	1037.04003	927.3281059382758]]]
6557	[[[2048.04004	1036.92004	927.3588696670552]]]
6558	[[[2048.1600399999998	1036.92004	927.3894090911845]]]
6559	[[[2048.76005	1036.68004	927.4195365999136]]]
6560	[[[2048.52003	1037.0400300000001	927.4490705113269]]]
6561	[[[2048.64005	1036.8000299999999	927.4778360807953]]]
6562	[[[2048.52005	1036.8000299999999	927.5056663537301]]]
6563	[[[2048.64007	1036.6800200000002	927.5324028677327]]]
6564	[[[2048.8800600000004	1036.20002	927.5578962129363]]]
6565	[[[2049.2400700000003	1035.96002	927.5820064625526]]]
6566	[[[2049.36009	1035.8400100000001	927.6046034883391]]]
6567	[[[2049.48009	1035.72	927.6255671777915]]]
6568	[[[2049.6001100000003	1035.60001	927.6447875713142]]]
6569	[[[2049.6001100000003	1035.7200200000002	927.6621649383802]]]
6570	[[[2049.84013	1035.24002	927.6776098117718]]]
6571	[[[2049.96012	1035.36003	927.6910429983994]]]
6572	[[[2050.08012	1035.72004	927.7023955839525]]]
6573	[[[2050.08012	1035.72004	927.7116089468205]]]
6574	[[[2050.20014	1035.96004	927.718634794368]]]
6575	[[[2050.32013	1035.84004	927.7234352318688]]]
6576	[[[2050.56011	1035.72004	927.7259828712995]]]
6577	[[[2050.80012	1035.6000399999998	927.7262609838286]]]
6578	[[[2051.1601	1035.36003	927.7242636963954]]]
6579	[[[2051.28009	1035.1200199999998	927.719996229292]]]
6580	[[[2051.5200699999996	1035.1200199999998	927.7134751683277]]]
6581	[[[2051.76006	1034.88001	927.7047287620259]]]
6582	[[[2052.00007	1034.4	927.6937972315018]]]
6583	[[[2052.12006	1034.6399999999999	927.6807330782962]]]
6584	[[[2052.2400499999994	1034.28	927.6656013735485]]]
6585	[[[2052.24005	1033.9200099999998	927.6484800105557]]]
6586	[[[2052.24005	1033.8000200000001	927.6294599020266]]]
6587	[[[2052.3600399999996	1034.16002	927.6086451032186]]]
6588	[[[2052.36004	1034.04003	927.5861528426288]]]
6589	[[[2052.60003	1033.9200400000002	927.5621134430273]]]
6590	[[[2052.72003	1033.6800500000002	927.5366701172616]]]
6591	[[[2052.84003	1033.3200600000002	927.5099786254501]]]
6592	[[[2052.96002	1033.20007	927.4822067827969]]]
6593	[[[2053.3200100000004	1032.72008	927.4535338102293]]]
6594	[[[2053.6800000000003	1032.84008	927.424149523318]]]
6595	[[[2053.92	1032.9600700000003	927.3942533583456]]]
6596	[[[2054.1600000000003	1032.96007	927.3640532378831]]]
6597	[[[2054.2799999999997	1032.60007	927.3337642816707]]]
6598	[[[2054.4	1032.48006	927.3036073719379]]]
6599	[[[2054.04002	1032.48006	927.2738075853647]]]
6600	[[[2053.92002	1032.7200500000001	927.2445925066983]]]
6601	[[[2054.28002	1033.08004	927.2161904414279]]]
6602	[[[2054.6400399999998	1032.96003	927.1888285469116]]]
6603	[[[2054.52004	1032.84002	927.1627309028457]]]
6604	[[[2054.40004	1032.4800200000002	927.138116542973]]]
6605	[[[2054.40004	1032.72002	927.1151974704408]]]
6606	[[[2054.40004	1032.6000099999999	927.0941766792223]]]
6607	[[[2054.5200400000003	1032.4800200000002	927.0752462035737]]]
6608	[[[2054.5200400000003	1032.4800200000002	927.0585852166192]]]
6609	[[[2055.1200400000002	1032.3600099999999	927.0443581979295]]]
6610	[[[2055.3600400000005	1031.6400099999998	927.0327131884039]]]
6611	[[[2055.12006	1031.5200200000002	927.023780149019]]]
6612	[[[2054.88004	1031.7600200000002	927.0176694380801]]]
6613	[[[2055.12006	1031.64003	927.0144704196498]]]
6614	[[[2055.12006	1031.8800299999998	927.0142502138597]]]
6615	[[[2055.12006	1031.64003	927.0170525979538]]]
6616	[[[2055.3600699999997	1031.7600400000001	927.0228970652137]]]
6617	[[[2055.6000799999997	1031.76004	927.0317780474404]]]
6618	[[[2055.84009	1031.64005	927.0436643054709]]]
6619	[[[2055.84009	1031.52006	927.0584984913108]]]
6620	[[[2055.84009	1031.76007	927.076196884908]]]
6621	[[[2055.84009	1031.52007	927.0966493083342]]]
6622	[[[2056.2001	1031.04007	927.1197192202246]]]
6623	[[[2056.2001	1031.04007	927.1452439936432]]]
6624	[[[2056.6801	1030.56007	927.1730353811192]]]
6625	[[[2056.92011	1030.4400799999999	927.2028801712852]]]
6626	[[[2056.6801	1030.4400799999999	927.2345410423337]]]
6627	[[[2056.80009	1030.08007	927.2677576182521]]]
6628	[[[2056.8000899999997	1030.08007	927.30224773441]]]
6629	[[[2056.8000899999997	1030.08007	927.3377089194588]]]
6630	[[[2056.56009	1029.96006	927.3738201005348]]]
6631	[[[2056.68008	1029.84005	927.4102435383589]]]
6632	[[[2056.56009	1029.84005	927.4466269978584]]]
6633	[[[2056.56009	1029.60004	927.4826061583851]]]
6634	[[[2056.4401	1029.60004	927.5178072653225]]]
6635	[[[2056.56009	1029.36003	927.5518500219086]]]
6636	[[[2056.8001	1029.1200299999998	927.5843507163611]]]
6637	[[[2056.68011	1029.0000300000002	927.6149255749353]]]
6638	[[[2056.8001	1028.5200200000002	927.643194326416]]]
6639	[[[2057.0400799999998	1028.28001	927.6687839577942]]]
6640	[[[2057.5200899999995	1028.16001	927.6913326346494]]]
6641	[[[2057.52009	1028.04001	927.7104937531819]]]
6642	[[[2057.76007	1027.9200099999998	927.7259400840906]]]
6643	[[[2057.76007	1027.92001	927.7373679617629]]]
6644	[[[2057.88006	1027.80001	927.7445014657967]]]
6645	[[[2057.76007	1027.92001	927.7470965358756]]]
6646	[[[2057.76007	1027.56001	927.7449449558084]]]
6647	[[[2057.64008	1027.44002	927.7378781382844]]]
6648	[[[2057.2800799999995	1028.04002	927.7257706388762]]]
6649	[[[2057.0401	1028.16002	927.708543326253]]]
6650	[[[2057.28009	1028.28002	927.6861661356254]]]
6651	[[[2057.0400799999998	1028.5200300000001	927.6586603343121]]]
6652	[[[2056.8001	1028.40004	927.6261002320782]]]
6653	[[[2056.68008	1028.64005	927.5886142746406]]]
6654	[[[2056.4401	1028.52006	927.546385466437]]]
6655	[[[2056.56009	1028.04007	927.4996510783596]]]
6656	[[[2056.56009	1027.9200600000001	927.4487016075554]]]
6657	[[[2056.68008	1027.92006	927.3938789693555]]]
6658	[[[2057.04008	1027.44007	927.3355739157148]]]
6659	[[[2057.16007	1027.08007	927.2742226898533]]]
6660	[[[2056.92008	1026.72007	927.2103029427742]]]
6661	[[[2057.0400999999997	1026.24006	927.1443289535406]]]
6662	[[[2057.28008	1026.24006	927.0768462112295]]]
6663	[[[2057.64008	1025.520056	927.0084254318466]]]
6664	[[[2057.8800600000004	1025.520056	926.9396560977627]]]
6665	[[[2057.88006	1025.7600560000003	926.8711396199545]]]
6666	[[[2057.88006	1025.760056	926.8034822340738]]]
6667	[[[2058.00005	1025.640046	926.7372877497904]]]
6668	[[[2058.0000499999996	1025.7600360000001	926.6731502785882]]]
6669	[[[2058.12004	1025.640046	926.6116470680424]]]
6670	[[[2058.24003	1025.640046	926.5533315703691]]]
6671	[[[2058.12001	1025.880046	926.4987268696511]]]
6672	[[[2058.1200099999996	1025.7600360000001	926.4483195856352]]]
6673	[[[2058.1200099999996	1025.88004	926.4025543624517]]]
6674	[[[2058.00002	1025.7600300000001	926.3618290382774]]]
6675	[[[2057.52002	1025.6400200000003	926.3264905771096]]]
6676	[[[2057.64001	1025.5200300000001	926.2968318268568]]]
6677	[[[2057.52002	1025.40004	926.273089149329]]]
6678	[[[2057.40003	1025.1600400000002	926.2554409479247]]]
6679	[[[2057.52003	1025.1600400000002	926.2440070984597]]]
6680	[[[2057.5200299999997	1025.2800499999998	926.238849268201]]]
6681	[[[2058.00003	1024.560054	926.2399720883753]]]
6682	[[[2057.88004	1024.4400640000001	926.2473251267756]]]
6683	[[[2057.88004	1024.560054	926.2608055901261]]]
6684	[[[2057.88004	1024.800054	926.2802616710757]]]
6685	[[[2058.36004	1024.440059	926.3054964424922]]]
6686	[[[2058.36004	1024.440059	926.336272192442]]]
6687	[[[2058.2400499999994	1024.680059	926.372315087128]]]
6688	[[[2058.48004	1024.200063	926.4133200462304]]]
6689	[[[2058.12006	1023.960058	926.458955715612]]]
6690	[[[2058.12006	1023.6000540000001	926.5088694260992]]]
6691	[[[2058.00006	1023.96006	926.5626920338939]]]
6692	[[[2058.00006	1023.840056	926.6200425477848]]]
6693	[[[2057.88007	1023.6000620000001	926.6805324603978]]]
6694	[[[2058.36008	1023.2400720000002	926.743769714751]]]
6695	[[[2058.36008	1023.360073	926.8093622529328]]]
6696	[[[2058.2400900000002	1023.3600730000002	926.8769211102066]]]
6697	[[[2058.60007	1023.120073	926.9460630347369]]]
6698	[[[2058.60007	1023.3600749999999	927.0164126298507]]]
6699	[[[2058.96005	1023.1200700000002	927.0876040317664]]]
6700	[[[2059.08005	1023.1200699999999	927.1592821505067]]]
6701	[[[2059.0800499999996	1023.1200699999999	927.2311035148299]]]
6702	[[[2059.20004	1023.2400739999999	927.3027367730559]]]
6703	[[[2059.20004	1023.1200729999998	927.3738629103184]]]
6704	[[[2058.7200299999995	1023.0000689999999	927.444175248837]]]
6705	[[[2058.72003	1023.000069	927.5133793011091]]]
6706	[[[2058.84002	1023.0000689999999	927.581192546463]]]
6707	[[[2058.60003	1022.7600639999998	927.6473441992403]]]
6708	[[[2058.84005	1022.880068	927.711575032142]]]
6709	[[[2058.84005	1023.1200729999998	927.7736373112035]]]
6710	[[[2058.6000599999998	1023.120073	927.833294889786]]]
6711	[[[2058.72006	1022.880068	927.8903234982454]]]
6712	[[[2058.72006	1022.640063	927.944511253985]]]
6713	[[[2058.84005	1022.880068	927.9956594038706]]]
6714	[[[2059.08004	1022.7600669999999	928.043583297954]]]
6715	[[[2059.20004	1022.6400659999999	928.0881135805855]]]
6716	[[[2059.32004	1022.6400659999999	928.1290975727452]]]
6717	[[[2059.44003	1023.120071	928.1664008082214]]]
6718	[[[2058.96002	1023.3600710000001	928.1999086764911]]]
6719	[[[2058.84002	1023.3600710000001	928.2295281171307]]]
6720	[[[2059.08001	1023.3600710000001	928.2551893045877]]]
6721	[[[2059.32003	1023.6000760000001	928.2768472583379]]]
6722	[[[2059.44003	1023.7200770000002	928.2944833119909]]]
6723	[[[2059.44003	1023.4800720000001	928.3081063757788]]]
6724	[[[2059.32003	1023.4800720000001	928.3177539300792]]]
6725	[[[2059.20003	1023.6000730000002	928.3234926930185]]]
6726	[[[2059.20003	1023.3600680000002	928.3254189126292]]]
6727	[[[2059.20003	1022.880063	928.3236582432207]]]
6728	[[[2059.2000300000004	1022.760053	928.318365176269]]]
6729	[[[2059.20003	1022.760053	928.309722007906]]]
6730	[[[2059.20003	1022.6400520000001	928.2979373376049]]]
6731	[[[2058.7200199999997	1022.7600420000001	928.2832441055094]]]
6732	[[[2058.7200199999997	1022.640041	928.2658971886647]]]
6733	[[[2058.84002	1022.640041	928.246170588763]]]
6734	[[[2058.84002	1022.640041	928.2243542555403]]]
6735	[[[2058.72003	1022.760045	928.2007506003096]]]
6736	[[[2058.60003	1022.760045	928.1756707629914]]]
6737	[[[2058.72003	1022.7600450000002	928.1494307031144]]]
6738	[[[2058.84002	1022.4000500000002	928.1223471904492]]]
6739	[[[2058.96002	1022.5200509999999	928.0947337740284]]]
6740	[[[2058.96002	1022.5200510000001	928.0668968092305]]]
6741	[[[2059.20001	1022.040055	928.0391316213651]]]
6742	[[[2059.20001	1022.040055	928.0117188808339]]]
6743	[[[2059.20001	1022.040055	927.9849212595702]]]
6744	[[[2059.4400100000003	1022.040055	927.9589804312798]]]
6745	[[[2059.68	1021.80005	927.9341144692149]]]
6746	[[[2059.8	1021.6800490000002	927.9105156851131]]]
6747	[[[2059.6800000000003	1021.6800489999999	927.8883489418134]]]
6748	[[[2059.92	1021.6800489999999	927.8677504602698]]]
6749	[[[2059.92	1021.440047	927.84882712956]]]
6750	[[[2059.8	1021.680052	927.8316563163951]]]
6751	[[[2059.8	1021.680052	927.8162861589129]]]
6752	[[[2059.8	1021.560051	927.8027363185231]]]
6753	[[[2060.04002	1021.4400500000002	927.790999153555]]]
6754	[[[2059.92002	1021.4400500000002	927.7810412697166]]]
6755	[[[2059.9200200000005	1021.8000450000002	927.7728053951166]]]
6756	[[[2060.16004	1021.800045	927.7662125220155]]]
6757	[[[2060.76004	1021.920046	927.7611642536446]]]
6758	[[[2060.6400399999998	1022.1600510000001	927.7575452924681]]]
6759	[[[2060.64004	1022.2800520000001	927.7552260061133]]]
6760	[[[2060.76004	1021.920046	927.75406500885]]]
6761	[[[2061.00006	1022.0400470000001	927.7539116998138]]]
6762	[[[2061.36007	1022.2800490000002	927.7546087040224]]]
6763	[[[2061.4800600000003	1022.280049	927.7559941683942]]]
6764	[[[2061.60006	1022.160048	927.7579038722379]]]
6765	[[[2061.72006	1021.8000530000002	927.7601731197692]]]
6766	[[[2061.6000400000003	1021.9200540000002	927.7626383908548]]]
6767	[[[2061.36006	1021.680052	927.7651387350961]]]
6768	[[[2061.60008	1021.320046	927.7675169032725]]]
6769	[[[2061.72008	1021.2000450000002	927.7696202187902]]]
6770	[[[2061.9601000000002	1021.2000449999999	927.771301199874]]]
6771	[[[2061.8400800000004	1021.080044	927.7724179505916]]]
6772	[[[2061.6000700000004	1020.960043	927.7728343451827]]]
6773	[[[2061.4800800000003	1021.080044	927.7724200354826]]]
6774	[[[2061.72009	1020.84004	927.7710503153133]]]
6775	[[[2061.9601	1020.9600409999999	927.7686058785335]]]
6776	[[[2061.9601	1020.84004	927.7649725089595]]]
6777	[[[2061.9601000000002	1020.84004	927.7600407405953]]]
6778	[[[2062.0800900000004	1020.84004	927.7537055256114]]]
6779	[[[2062.0800900000004	1020.9600409999999	927.7458659453789]]]
6780	[[[2061.84007	1021.3200469999999	927.7364249966956]]]
6781	[[[2061.9600899999996	1021.440048	927.7252894813206]]]
6782	[[[2062.2000999999996	1021.3200469999999	927.7123700221671]]]
6783	[[[2062.2001	1021.3200469999999	927.6975812242287]]]
6784	[[[2061.96009	1021.680052	927.6808419926296]]]
6785	[[[2061.72008	1021.4400500000002	927.6620760143687]]]
6786	[[[2061.72008	1021.920046	927.6412124044246]]]
6787	[[[2061.72008	1022.0400470000001	927.6181865111645]]]
6788	[[[2061.8400699999997	1022.4000530000001	927.5929408705321]]]
6789	[[[2062.4400699999997	1022.520054	927.5654262934029]]]
6790	[[[2062.44007	1022.520054	927.5356030659365]]]
6791	[[[2062.44007	1022.520054	927.5034422387331]]]
6792	[[[2062.4400699999997	1022.520054	927.4689269772518]]]
6793	[[[2062.4400699999997	1022.520054	927.4320539432292]]]
6794	[[[2062.56009	1022.4000530000001	927.3928346748413]]]
6795	[[[2062.8001	1022.1600489999998	927.351296932027]]]
6796	[[[2062.44011	1021.800054	927.3074859727615]]]
6797	[[[2062.5600999999997	1021.680053	927.2614657260889]]]
6798	[[[2062.3201200000003	1020.960049	927.2133198283894]]]
6799	[[[2062.2001200000004	1020.960049	927.1631524906073]]]
6800	[[[2062.4401399999997	1020.8400449999999	927.1110891659904]]]
6801	[[[2062.32012	1020.8400449999999	927.0572769902385]]]
6802	[[[2062.32012	1020.8400450000001	927.0018849687897]]]
6803	[[[2062.4401100000005	1020.720044	926.9451038892605]]]
6804	[[[2062.68009	1020.9600459999999	926.8871459407662]]]
6805	[[[2062.5600999999997	1021.320051	926.8282440259263]]]
6806	[[[2063.0401100000004	1021.4400520000002	926.7686507558074]]]
6807	[[[2062.8001000000004	1021.920048	926.7086371227957]]]
6808	[[[2062.8001	1022.2800460000001	926.6484908514128]]]
6809	[[[2062.56011	1022.040044	926.5885144323216]]]
6810	[[[2062.92009	1022.0400440000001	926.5290228501851]]]
6811	[[[2063.1601	1022.1600450000002	926.4703410215392]]]
6812	[[[2062.80009	1022.5200510000001	926.4128009643816]]]
6813	[[[2062.56008	1022.6400520000001	926.3567387266661]]]
6814	[[[2062.3201	1022.40005	926.3024911062082]]]
6815	[[[2062.44009	1022.40005	926.2503921995964]]]
6816	[[[2062.32007	1022.280049	926.2007698223891]]]
6817	[[[2062.44009	1021.9200540000002	926.1539418471117]]]
6818	[[[2062.56008	1021.9200539999999	926.1102125091618]]]
6819	[[[2062.44009	1022.040055	926.069868733626]]]
6820	[[[2061.96009	1021.9200539999999	926.0331765380554]]]
6821	[[[2061.72008	1022.160048	926.00037756736]]]
6822	[[[2061.84008	1021.9200430000001	925.9716858170693]]]
6823	[[[2062.08009	1022.040044	925.9472846002112]]]
6824	[[[2062.0800900000004	1022.160045	925.927323810927]]]
6825	[[[2062.0800900000004	1022.2800460000001	925.9119175346759]]]
6826	[[[2062.3201	1021.9200410000001	925.9011420504754]]]
6827	[[[2062.20008	1021.8000399999999	925.8950342651508]]]
6828	[[[2061.96007	1021.920041	925.8935906130815]]]
6829	[[[2062.08006	1021.5600360000001	925.8967664475755]]]
6830	[[[2062.20008	1021.440035	925.9044759418755]]]
6831	[[[2062.20008	1020.9600390000002	925.9165925091207]]]
6832	[[[2062.20008	1020.840038	925.9329497415008]]]
6833	[[[2061.84007	1020.720037	925.9533428595805]]]
6834	[[[2061.60005	1020.720037	925.9775306535515]]]
6835	[[[2061.2400399999997	1020.6000360000002	926.0052378892038]]]
6836	[[[2061.12005	1020.84004	926.0361581429377]]]
6837	[[[2061.00005	1020.960041	926.0699570223453]]]
6838	[[[2061.00005	1020.6000360000002	926.1062757220045]]]
6839	[[[2060.76004	1020.84004	926.1447348582808]]]
6840	[[[2060.5200200000004	1020.960041	926.1849385223171]]]
6841	[[[2060.52002	1021.0800419999999	926.2264784870691]]]
6842	[[[2060.2800199999997	1021.440048	926.2689385023161]]]
6843	[[[2060.40002	1021.3200470000002	926.311898611086]]]
6844	[[[2060.40002	1021.3200470000002	926.3549394218437]]]
6845	[[[2060.5200200000004	1021.4400480000002	926.3976462730903]]]
6846	[[[2060.4	1021.440048	926.4396132306103]]]
6847	[[[2060.2799999999997	1021.440048	926.4804468623639]]]
6848	[[[2060.04	1021.8000529999999	926.5197697418258]]]
6849	[[[2059.92	1021.8000530000002	926.5572236372242]]]
6850	[[[2060.04	1021.680052	926.5924723514612]]]
6851	[[[2059.92	1021.680052	926.6252041852879]]]
6852	[[[2060.4000100000003	1021.560048	926.6551340043598]]]
6853	[[[2060.28001	1021.6800489999999	926.682004898896]]]
6854	[[[2060.28001	1021.5600479999999	926.7055894326161]]]
6855	[[[2060.16001	1021.440047	926.7256904852362]]]
6856	[[[2060.0400099999997	1021.8000530000002	926.7421416999093]]]
6857	[[[2060.0400099999997	1021.8000530000002	926.7548075534405]]]
6858	[[[2060.1600100000005	1021.680052	926.763583072778]]]
6859	[[[2059.92002	1021.6800519999999	926.7683932260927]]]
6860	[[[2060.04004	1021.9200539999999	926.769192020621]]]
6861	[[[2059.92004	1021.9200539999999	926.7659613423796]]]
6862	[[[2059.32004	1022.1600480000001	926.7587095747982]]]
6863	[[[2059.32004	1022.1600480000001	926.7474700343321]]]
6864	[[[2059.3200399999996	1022.2800490000002	926.732299261241]]]
6865	[[[2059.08005	1022.160048	926.7132752030187]]]
6866	[[[2058.60005	1022.040044	926.6904953265215]]]
6867	[[[2058.96007	1022.280049	926.6640746927822]]]
6868	[[[2058.8400699999997	1022.5200510000001	926.6341440259033]]]
6869	[[[2059.0800600000002	1022.6400520000001	926.6008478044307]]]
6870	[[[2058.72004	1022.6400520000001	926.5643424003094]]]
6871	[[[2058.7200399999997	1022.8800570000001	926.5247942870634]]]
6872	[[[2058.8400300000003	1022.5200620000002	926.4823783352876]]]
6873	[[[2058.6000400000003	1022.5200619999999	926.4372762100135]]]
6874	[[[2058.3600500000002	1023.000067	926.3896748811009]]]
6875	[[[2058.60004	1023.120068	926.3397652545609]]]
6876	[[[2058.84005	1023.0000670000002	926.2877409297158]]]
6877	[[[2058.4800299999997	1022.7600620000001	926.2337970843804]]]
6878	[[[2058.4800299999997	1022.760062	926.1781294878332]]]
6879	[[[2058.1200500000004	1023.2400670000001	926.1209336392558]]]
6880	[[[2057.76005	1023.6000710000001	926.062404027557]]]
6881	[[[2057.16005	1023.720061	926.0027335070469]]]
6882	[[[2056.9200699999997	1024.320056	925.9421127822764]]]
6883	[[[2056.80008	1024.440057	925.8807299944843]]]
6884	[[[2056.80008	1024.3200470000002	925.8187704014442]]]
6885	[[[2056.9200800000003	1024.6800420000002	925.7564161420736]]]
6886	[[[2056.92008	1025.0400370000002	925.6938460768936]]]
6887	[[[2056.8000899999997	1025.2800419999999	925.6312356952773]]]
6888	[[[2056.56011	1025.0400400000003	925.5687570803786]]]
6889	[[[2056.56011	1024.80004	925.5065789226321]]]
6890	[[[2056.6801299999997	1024.56004	925.4448665727562]]]
6891	[[[2057.16014	1024.4400500000002	925.3837821252386]]]
6892	[[[2056.92012	1024.08006	925.3234845233267]]]
6893	[[[2056.92012	1024.3200540000003	925.2641296765754]]]
6894	[[[2056.6801100000002	1024.680054	925.2058705820276]]]
6895	[[[2056.32012	1024.680054	925.1488574401061]]]
6896	[[[2055.96011	1025.040054	925.0932377563173]]]
6897	[[[2055.96011	1025.400044	925.0391564199097]]]
6898	[[[2055.84009	1026.00005	924.9867557507121]]]
6899	[[[2055.7200700000003	1026.2400499999999	924.9361755055446]]]
6900	[[[2055.7200700000003	1026.36004	924.8875528358603]]]
6901	[[[2055.12007	1026.60004	924.8410221886725]]]
6902	[[[2055.24007	1026.72003	924.7967151433855]]]
6903	[[[2055.0000499999996	1026.60004	924.7547601778903]]]
6904	[[[2055.24006	1026.2400400000001	924.7152823582422]]]
6905	[[[2055.00005	1026.2400400000001	924.6784029474136]]]
6906	[[[2055.2400700000003	1025.88004	924.6442389300213]]]
6907	[[[2054.88006	1026.0000400000001	924.6129024515594]]]
6908	[[[2055.24006	1026.2400300000002	924.584500172522]]]
6909	[[[2055.3600800000004	1026.2400300000002	924.5591325398418]]]
6910	[[[2055.24006	1026.4800300000002	924.536892980281]]]
6911	[[[2055.7200700000003	1026.3600199999998	924.5178670227373]]]
6912	[[[2055.7200700000003	1026.60002	924.5021313588215]]]
6913	[[[2055.7200700000003	1026.84002	924.4897528534684]]]
6914	[[[2055.60008	1026.96003	924.4807875196827]]]
6915	[[[2055.60008	1027.08004	924.4752794737326]]]
6916	[[[2055.36006	1027.20005	924.473259889099]]]
6917	[[[2055.4800600000003	1026.96006	924.4747459692151]]]
6918	[[[2055.12006	1026.84006	924.4797399603816]]]
6919	[[[2054.88004	1027.08005	924.4882282271922]]]
6920	[[[2054.6400399999998	1026.96006	924.5001804132578]]]
6921	[[[2054.28002	1027.3200600000002	924.515548709951]]]
6922	[[[2054.40004	1027.32006	924.5342672552681]]]
6923	[[[2054.88004	1027.56005	924.5562516837015]]]
6924	[[[2055.36002	1028.28004	924.5813988462326]]]
6925	[[[2055.24002	1028.5200300000001	924.6095867172231]]]
6926	[[[2055.36002	1028.5200300000001	924.6406745021234]]]
6927	[[[2055.36002	1028.88003	924.6745029565952]]]
6928	[[[2055.24002	1029.0000300000002	924.7108949239376]]]
6929	[[[2055.12002	1029.1200400000002	924.7496560936895]]]
6930	[[[2055.12002	1029.48004	924.7905759800673]]]
6931	[[[2055.24002	1029.72004	924.8334291146033]]]
6932	[[[2055.0	1029.9600500000001	924.8779764430601]]]
6933	[[[2054.6400000000003	1030.32006	924.92396691259]]]
6934	[[[2054.6400000000003	1030.4400600000001	924.971139231238]]]
6935	[[[2054.64	1030.56007	925.0192237784115]]]
6936	[[[2054.5200000000004	1030.92007	925.0679446419456]]]
6937	[[[2054.4000000000005	1031.0400599999998	925.1170217549543]]]
6938	[[[2054.4	1031.16007	925.166173103869]]]
6939	[[[2054.52	1031.4000700000001	925.2151169779538]]]
6940	[[[2054.40001	1031.88006	925.2635742301943]]]
6941	[[[2054.1600200000003	1032.24006	925.3112705197685]]]
6942	[[[2053.92003	1032.48006	925.3579385073265]]]
6943	[[[2053.56004	1032.48006	925.4033199759484]]]
6944	[[[2052.60005	1032.48006	925.4471678529023]]]
6945	[[[2052.60005	1032.72006	925.4892481100262]]]
6946	[[[2052.60005	1032.96006	925.5293415236853]]]
6947	[[[2052.36006	1032.96006	925.5672452786242]]]
6948	[[[2052.12007	1033.32005	925.6027744035564]]]
6949	[[[2052.12007	1032.96004	925.6357630298738]]]
6950	[[[2052.0000800000003	1033.08005	925.6660654682877]]]
6951	[[[2052.12007	1032.72005	925.6935571014088]]]
6952	[[[2052.24006	1032.60004	925.7181350931462]]]
6953	[[[2052.24006	1032.72003	925.7397189182481]]]
6954	[[[2052.24006	1032.48004	925.758250717257]]]
6955	[[[2052.0000699999996	1032.4800400000001	925.7736954835709]]]
6956	[[[2051.88007	1032.60003	925.786041090157]]]
6957	[[[2052.12006	1032.48004	925.7952981637779]]]
6958	[[[2052.0000699999996	1032.48004	925.8014998143699]]]
6959	[[[2052.12007	1033.08004	925.8047012265549]]]
6960	[[[2052.24006	1032.84003	925.8049791192127]]]
6961	[[[2052.24006	1032.96004	925.8024310777048]]]
6962	[[[2052.00008	1033.08005	925.7971747618634]]]
6963	[[[2051.88009	1032.96006	925.7893469912999]]]
6964	[[[2051.7601000000004	1033.08005	925.7791027081618]]]
6965	[[[2051.6401100000003	1033.5600399999998	925.7666138162152]]]
6966	[[[2051.40013	1033.5600399999998	925.7520678942398]]]
6967	[[[2051.04015	1033.92003	925.7356667812589]]]
6968	[[[2051.28013	1033.92003	925.7176250312043]]]
6969	[[[2051.0401300000003	1033.80003	925.6981682352665]]]
6970	[[[2051.16012	1033.44004	925.6775312114953]]]
6971	[[[2051.0401300000003	1033.68003	925.6559560631422]]]
6972	[[[2051.0401300000003	1033.8000200000001	925.6336901098069]]]
6973	[[[2051.1601199999996	1033.9200099999998	925.6109836985854]]]
6974	[[[2051.6400999999996	1034.04001	925.5880879060338]]]
6975	[[[2051.6401	1033.68001	925.565252145776]]]
6976	[[[2051.76009	1033.92002	925.5427217008325]]]
6977	[[[2051.88008	1034.16003	925.5207352041009]]]
6978	[[[2051.7600899999998	1034.16003	925.4995220947052]]]
6979	[[[2051.5201100000004	1034.40004	925.4793000819742]]]
6980	[[[2051.40012	1034.8800299999998	925.4602726524396]]]
6981	[[[2051.40012	1034.6400399999998	925.4426266582938]]]
6982	[[[2051.2801	1034.76004	925.4265300280567]]]
6983	[[[2051.04009	1034.88004	925.4121296416242]]]
6984	[[[2050.56011	1034.88004	925.3995494123235]]]
6985	[[[2050.56011	1035.00004	925.3888886179463]]]
6986	[[[2050.56011	1034.8800299999998	925.3802205209715]]]
6987	[[[2050.44012	1034.8800299999998	925.3735913152572]]]
6988	[[[2050.32013	1035.00003	925.3690194324348]]]
6989	[[[2050.32013	1034.88002	925.3664952360953]]]
6990	[[[2050.20014	1034.7600200000002	925.3659811257337]]]
6991	[[[2050.20014	1034.88001	925.3674120654277]]]
6992	[[[2050.20014	1034.88001	925.370696544496]]]
6993	[[[2050.20014	1034.88001	925.3757179691438]]]
6994	[[[2050.20014	1035.00002	925.3823364754805]]]
6995	[[[2050.20014	1034.88002	925.3903911455567]]]
6996	[[[2050.0801500000002	1034.88002	925.3997025993967]]]
6997	[[[2050.44013	1034.88002	925.4100759276301]]]
6998	[[[2050.44013	1034.7600200000002	925.4213039214528]]]
6999	[[[2050.3201099999997	1034.7600200000002	925.4331705494944]]]
7000	[[[2050.32011	1034.88002	925.4454546248983]]]
7001	[[[2050.2001200000004	1035.12003	925.4579336007067]]]
7002	[[[2050.2001200000004	1035.2400400000001	925.470387427635]]]
7003	[[[2050.2001200000004	1035.2400400000001	925.4826024055949]]]
7004	[[[2049.7201	1035.2400400000001	925.4943749590014]]]
7005	[[[2049.60008	1035.6000399999998	925.5055152659963]]]
7006	[[[2049.4800600000003	1035.7200500000001	925.5158506732423]]]
7007	[[[2049.00006	1035.7200500000001	925.525228830916]]]
7008	[[[2048.88004	1035.9600599999999	925.5335204868321]]]
7009	[[[2049.0000600000003	1036.08007	925.5406218842558]]]
7010	[[[2048.76004	1036.20008	925.546456714741]]]
7011	[[[2048.52002	1036.56007	925.5509775851697]]]
7012	[[[2048.52002	1036.6800600000001	925.5541669668952]]]
7013	[[[2048.40002	1037.16006	925.5560376043452]]]
7014	[[[2048.52003	1037.5200499999999	925.556632370423]]]
7015	[[[2048.40003	1037.52005	925.5560235663795]]]
7016	[[[2048.28003	1037.52005	925.5543116743056]]]
7017	[[[2048.40005	1037.52005	925.5516235808036]]]
7018	[[[2048.16006	1037.40004	925.5481103005617]]]
7019	[[[2047.9200399999997	1037.40004	925.543944238247]]]
7020	[[[2048.04004	1037.2800300000001	925.5393160361924]]]
7021	[[[2047.92005	1036.92004	925.5344310635877]]]
7022	[[[2047.92005	1036.5600399999998	925.529505610134]]]
7023	[[[2047.9200500000002	1036.32004	925.524762853239]]]
7024	[[[2047.9200500000002	1036.44004	925.5204286726945]]]
7025	[[[2048.04005	1036.56005	925.516727390275]]]
7026	[[[2048.04005	1036.80005	925.5138775137424]]]
7027	[[[2047.92003	1037.16004	925.5120875652934]]]
7028	[[[2048.1600200000003	1037.64004	925.5115520734944]]]
7029	[[[2048.1600200000003	1037.64004	925.5124478052194]]]
7030	[[[2048.1600200000003	1038.12004	925.5149303100665]]]
7031	[[[2048.1600200000003	1038.24003	925.5191308442267]]]
7032	[[[2047.9200300000005	1038.7200400000002	925.525153733903]]]
7033	[[[2047.92003	1038.9600400000002	925.5330742302324]]]
7034	[[[2047.92003	1039.08005	925.5429368984007]]]
7035	[[[2047.68004	1039.08005	925.5547545734125]]]
7036	[[[2047.92006	1038.84005	925.568507903978]]]
7037	[[[2048.04008	1038.36005	925.5841454944199]]]
7038	[[[2047.9200800000003	1038.2400599999999	925.6015846426105]]]
7039	[[[2047.9200800000003	1038.48006	925.6207126599568]]]
7040	[[[2047.8000800000002	1038.48006	925.6413887476172]]]
7041	[[[2047.9200700000001	1038.60007	925.6634463917144]]]
7042	[[[2047.9200699999997	1038.60007	925.6866962295304]]]
7043	[[[2047.9200700000001	1038.48008	925.710929328824]]]
7044	[[[2047.9200700000001	1038.24007	925.7359208136729]]]
7045	[[[2048.0400600000003	1038.24007	925.7614337628742]]]
7046	[[[2047.44005	1038.6000600000002	925.7872233010943]]]
7047	[[[2047.08004	1039.08006	925.8130407988185]]]
7048	[[[2047.2000399999997	1039.2000500000001	925.8386380948181]]]
7049	[[[2047.32004	1039.32004	925.8637716544326]]]
7050	[[[2047.44004	1039.56005	925.8882065784841]]]
7051	[[[2047.5600400000003	1039.68004	925.9117203810886]]]
7052	[[[2047.2000400000002	1039.80003	925.9341064599827]]]
7053	[[[2046.96004	1039.92002	925.9551771901108]]]
7054	[[[2047.20003	1039.92002	925.9747665799898]]]
7055	[[[2047.20003	1040.0400100000002	925.992732440609]]]
7056	[[[2047.5600200000001	1040.04001	926.008958028064]]]
7057	[[[2047.8000099999997	1040.04001	926.0233531335507]]]
7058	[[[2047.8000099999997	1040.0400100000002	926.0358546074118]]]
7059	[[[2047.8000099999997	1040.28002	926.0464263173568]]]
7060	[[[2047.3200199999999	1040.16001	926.0550585544036]]]
7061	[[[2047.3200199999999	1040.16001	926.0617669131959]]]
7062	[[[2047.6800200000002	1040.28001	926.0665906857819]]]
7063	[[[2047.92002	1040.4000099999998	926.0695908193759]]]
7064	[[[2047.68003	1040.40001	926.070847498778]]]
7065	[[[2047.8000299999999	1040.4000099999998	926.0704574226813]]]
7066	[[[2047.8000299999999	1040.52001	926.0685308498753]]]
7067	[[[2047.5600399999998	1040.6400099999998	926.0651884961026]]]
7068	[[[2047.5600399999998	1040.4000099999998	926.0605583649822]]]
7069	[[[2047.5600399999998	1040.16	926.0547725968156]]]
7070	[[[2048.0400299999997	1040.04	926.0479644173083]]]
7071	[[[2047.9200299999998	1040.16	926.0402652642358]]]
7072	[[[2048.28004	1040.04	926.031802164039]]]
7073	[[[2048.40004	1040.16001	926.0226954223448]]]
7074	[[[2048.76005	1040.16001	926.0130566827671]]]
7075	[[[2048.76005	1040.28001	926.0029873972593]]]
7076	[[[2049.00007	1040.28001	925.9925777391169]]]
7077	[[[2049.24006	1040.28001	925.9819059768017]]]
7078	[[[2049.12006	1040.64001	925.9710383134409]]]
7079	[[[2048.6400700000004	1040.76001	925.9600291835225]]]
7080	[[[2048.6400700000004	1040.64002	925.9489219853627]]]
7081	[[[2049.0000800000003	1041.00003	925.9377502157009]]]
7082	[[[2048.7600599999996	1041.12003	925.9265389616412]]]
7083	[[[2048.64006	1041.12003	925.9153066954248]]]
7084	[[[2048.64006	1041.60004	925.9040673094221]]]
7085	[[[2048.64006	1041.84004	925.892832322534]]]
7086	[[[2048.40004	1041.9600500000001	925.8816131849957]]]
7087	[[[2048.28004	1042.08006	925.8704236065238]]]
7088	[[[2048.5200600000003	1042.20007	925.8592818328349]]]
7089	[[[2049.12007	1042.32008	925.8482127977744]]]
7090	[[[2049.12007	1042.68008	925.8372500825153]]]
7091	[[[2048.40007	1042.56007	925.8264376193795]]]
7092	[[[2048.52007	1042.68008	925.8158310855677]]]
7093	[[[2048.5200699999996	1042.80007	925.8054989412161]]]
7094	[[[2048.16006	1043.04006	925.7955230764439]]]
7095	[[[2048.28008	1043.16007	925.785999043065]]]
7096	[[[2048.28008	1043.4000700000001	925.777035858139]]]
7097	[[[2048.5201	1043.52006	925.7687553781125]]]
7098	[[[2048.28008	1043.76006	925.7612912537037]]]
7099	[[[2048.1600599999997	1044.12005	925.7547874865397]]]
7100	[[[2048.1600599999997	1044.36005	925.7493966185981]]]
7101	[[[2048.16006	1044.7200500000001	925.7452775944987]]]
7102	[[[2048.0400600000003	1044.9600500000001	925.7425933443905]]]
7103	[[[2048.4000700000006	1045.56005	925.7415081414454]]]
7104	[[[2048.64006	1045.4400500000002	925.7421847926764]]]
7105	[[[2048.64006	1045.5600399999998	925.7447817248838]]]
7106	[[[2048.64006	1045.68003	925.7494500289765]]]
7107	[[[2048.5200400000003	1045.68003	925.7563305257587]]]
7108	[[[2048.88005	1045.92002	925.7655509145928]]]
7109	[[[2049.0000699999996	1045.92002	925.7772230632612]]]
7110	[[[2048.88007	1046.04001	925.7914404930137]]]
7111	[[[2049.4800800000003	1045.92001	925.8082761073754]]]
7112	[[[2049.60008	1046.28001	925.82778020701]]]
7113	[[[2049.2400700000003	1045.92001	925.8499788259969]]]
7114	[[[2049.24007	1046.1600199999998	925.8748724174875]]]
7115	[[[2049.24007	1046.40003	925.9024349091135]]]
7116	[[[2049.48009	1046.64004	925.9326131408634]]]
7117	[[[2049.6001100000003	1047.00004	925.9653266907028]]]
7118	[[[2049.48012	1047.00004	926.0004680860657]]]
7119	[[[2049.3601000000003	1047.12004	926.0379033927168]]]
7120	[[[2049.60012	1047.0000499999999	926.0774731664354]]]
7121	[[[2049.3601000000003	1047.12005	926.1189937476465]]]
7122	[[[2049.48012	1047.12005	926.1622588745262]]]
7123	[[[2049.84013	1047.3600600000002	926.2070415863502]]]
7124	[[[2050.0801400000005	1047.6000600000002	926.2530963858586]]]
7125	[[[2050.0801400000005	1047.6000600000002	926.3001616272355]]]
7126	[[[2050.08014	1047.4800500000001	926.3479620948667]]]
7127	[[[2050.32012	1047.9600500000001	926.3962117373036]]]
7128	[[[2050.3201200000003	1047.84005	926.4446165207506]]]
7129	[[[2050.68012	1048.32005	926.4928773668425]]]
7130	[[[2050.5601	1048.68005	926.5406931403659]]]
7131	[[[2050.6801	1049.04006	926.5877636538529]]]
7132	[[[2050.6801	1049.0400599999998	926.633792657531]]]
7133	[[[2050.56011	1049.0400599999998	926.6784907848393]]]
7134	[[[2050.2001000000005	1049.2800499999998	926.7215784255986]]]
7135	[[[2050.08008	1049.5200499999999	926.7627885008175]]]
7136	[[[2050.08008	1049.76005	926.8018691150121]]]
7137	[[[2049.96009	1049.76005	926.8385860637593]]]
7138	[[[2049.48007	1050.36005	926.8727251759467]]]
7139	[[[2048.7600700000003	1050.0000599999998	926.9040944718238]]]
7140	[[[2048.7600700000003	1050.36005	926.9325261194945]]]
7141	[[[2048.7600700000003	1050.2400400000001	926.9578781739094]]]
7142	[[[2048.8800600000004	1050.60003	926.9800360837617]]]
7143	[[[2049.1200400000002	1051.0800199999999	926.9989139529807]]]
7144	[[[2049.2400399999997	1050.84003	927.0144555447856]]]
7145	[[[2049.2400399999997	1050.7200200000002	927.0266350175638]]]
7146	[[[2049.12002	1050.72002	927.0354573832143]]]
7147	[[[2049.00003	1050.48002	927.0409586800939]]]
7148	[[[2049.6000400000003	1050.3600300000003	927.0432058543756]]]
7149	[[[2050.32004	1050.2400200000002	927.0422963455025]]]
7150	[[[2050.32004	1050.12003	927.0383573735571]]]
7151	[[[2050.20004	1050.12003	927.0315449287551]]]
7152	[[[2050.2000399999997	1049.88003	927.0220424659595]]]
7153	[[[2049.84004	1050.0000400000001	927.0100593100827]]]
7154	[[[2050.08005	1050.0000400000001	926.9958287814779]]]
7155	[[[2050.20007	1050.12005	926.9796060539041]]]
7156	[[[2050.44008	1050.12005	926.9616657613287]]]
7157	[[[2050.68006	1050.00006	926.9422993736307]]]
7158	[[[2050.56007	1050.12005	926.9218123651457]]]
7159	[[[2050.32009	1050.48006	926.9005212038253]]]
7160	[[[2050.44011	1050.60005	926.8787501924902]]]
7161	[[[2050.8001200000003	1050.72006	926.856828197135]]]
7162	[[[2050.80012	1050.96006	926.8350853003606]]]
7163	[[[2051.40012	1050.8400500000002	926.8138494206872]]]
7164	[[[2051.52011	1050.84005	926.7934429405905]]]
7165	[[[2051.6400999999996	1050.84005	926.7741793875505]]]
7166	[[[2051.6401	1051.08005	926.7563602130697]]]
7167	[[[2051.52011	1051.44004	926.7402717144754]]]
7168	[[[2051.7600899999998	1051.3200499999998	926.7261821432796]]]
7169	[[[2052.00007	1051.3200499999998	926.7143390419267]]]
7170	[[[2052.12006	1050.84005	926.7049668478894]]]
7171	[[[2052.6000699999995	1050.9600400000002	926.6982648003011]]]
7172	[[[2052.72006	1050.96004	926.6944051796997]]]
7173	[[[2052.84008	1050.84004	926.6935319060507]]]
7174	[[[2052.72009	1050.72003	926.69575951416]]]
7175	[[[2052.8400799999995	1051.08003	926.701172518962]]]
7176	[[[2052.96007	1051.0800299999999	926.7098251761574]]]
7177	[[[2053.20006	1051.08003	926.7217416364285]]]
7178	[[[2053.32006	1051.20002	926.7369164841626]]]
7179	[[[2053.56006	1050.6000199999999	926.7553156444368]]]
7180	[[[2053.8000500000003	1051.0800199999999	926.7768776351774]]]
7181	[[[2053.32004	1050.84002	926.8015151350537]]]
7182	[[[2053.20005	1050.72003	926.8291168319938]]]
7183	[[[2052.8400300000003	1050.48003	926.8595495123654]]]
7184	[[[2052.8400300000003	1050.4800300000002	926.8926603469879]]]
7185	[[[2052.72004	1050.12003	926.9282793273287]]]
7186	[[[2052.2400399999997	1049.7600400000001	926.9662218035828]]]
7187	[[[2051.8800600000004	1049.40005	927.0062910758606]]]
7188	[[[2052.12008	1049.40005	927.048280990443]]]
7189	[[[2051.6401	1050.2400400000001	927.0919784949658]]]
7190	[[[2051.5200999999997	1050.0000400000001	927.1371661094006]]]
7191	[[[2051.1600900000003	1050.12005	927.1836242737293]]]
7192	[[[2051.52008	1049.8800500000002	927.2311335381019]]]
7193	[[[2051.64008	1049.8800500000002	927.2794765669108]]]
7194	[[[2051.64008	1050.0000599999998	927.3284399343959]]]
7195	[[[2051.76007	1050.2400499999999	927.3778156959373]]]
7196	[[[2052.36007	1050.36004	927.4274027259167]]]
7197	[[[2052.7200500000004	1050.72003	927.477007819675]]]
7198	[[[2052.4800299999997	1050.72003	927.5264465635344]]]
7199	[[[2052.72001	1050.48004	927.5755439828339]]]
7200	[[[2052.72001	1050.60005	927.6241349833244]]]
7201	[[[2053.32001	1050.60005	927.6720646058933]]]
7202	[[[2053.08001	1050.96004	927.7191881183533]]]
7203	[[[2053.08001	1051.2000400000002	927.7653709708105]]]
7204	[[[2053.2	1051.56004	927.8104886428785]]]
7205	[[[2053.2	1051.32005	927.8544264117172]]]
7206	[[[2053.2	1051.4400600000001	927.897079069517]]]
7207	[[[2053.08	1051.68007	927.9383506177237]]]
7208	[[[2053.08	1051.6800700000001	927.9781539630306]]]
7209	[[[2053.2	1051.80006	928.0164106370972]]]
7210	[[[2053.44	1051.80006	928.0530505581994]]]
7211	[[[2053.44	1051.9200500000002	928.0880118487436]]]
7212	[[[2053.80002	1051.9200500000002	928.1212407179335]]]
7213	[[[2053.8000199999997	1051.92005	928.1526914140693]]]
7214	[[[2054.16004	1051.8000399999999	928.1823262461328]]]
7215	[[[2054.5200600000003	1051.92003	928.2101156696729]]]
7216	[[[2054.76008	1052.04002	928.2360384277088]]]
7217	[[[2055.1201	1052.04002	928.2600817335591]]]
7218	[[[2055.1201000000005	1052.04002	928.2822414793347]]]
7219	[[[2055.1201	1052.04002	928.3025224514056]]]
7220	[[[2055.24012	1052.40002	928.3209385325277]]]
7221	[[[2055.7201200000004	1052.76002	928.3375128695916]]]
7222	[[[2055.84011	1052.7600200000002	928.3522779860963]]]
7223	[[[2055.84011	1053.12002	928.3652758195054]]]
7224	[[[2056.20009	1053.12002	928.3765576655117]]]
7225	[[[2056.20009	1053.1200199999998	928.3861840138959]]]
7226	[[[2056.08007	1053.1200199999998	928.394224263983]]]
7227	[[[2055.96005	1052.88001	928.4007563115734]]]
7228	[[[2056.0800499999996	1053.0000100000002	928.4058660035082]]]
7229	[[[2056.08005	1053.00001	928.409646460562]]]
7230	[[[2056.08005	1052.76	928.412197273987]]]
7231	[[[2055.8400699999997	1052.52	928.4136235855709]]]
7232	[[[2055.8400699999997	1052.52	928.4140350653925]]]
7233	[[[2056.20008	1052.1599999999999	928.4135448053548]]]
7234	[[[2055.96009	1052.04	928.4122681499488]]]
7235	[[[2056.0800799999997	1052.28001	928.4103214884032]]]
7236	[[[2056.44008	1052.5200200000002	928.407821034303]]]
7237	[[[2056.5601	1052.52002	928.4048816198468]]]
7238	[[[2056.68012	1052.4000199999998	928.4016155321133]]]
7239	[[[2056.9201399999997	1052.52002	928.3981314179873]]]
7240	[[[2057.0401300000003	1052.64002	928.3945332827931]]]
7241	[[[2057.0401300000003	1052.64002	928.3909196052293]]]
7242	[[[2057.04013	1052.7600200000002	928.387382587974]]]
7243	[[[2056.9201399999997	1053.00003	928.3840075594313]]]
7244	[[[2056.92014	1053.12003	928.3808725376606]]]
7245	[[[2057.16013	1052.76003	928.3780479626903]]]
7246	[[[2056.92015	1053.00003	928.3755965983464]]]
7247	[[[2057.16013	1053.12003	928.3735735995976]]]
7248	[[[2057.6401100000003	1053.60004	928.3720267363722]]]
7249	[[[2058.0000900000005	1053.36005	928.3709967600505]]]
7250	[[[2058.00009	1053.4800600000003	928.3705178945104]]]
7251	[[[2058.00009	1053.8400700000002	928.3706184298493]]]
7252	[[[2058.12008	1053.8400700000002	928.3713213938779]]]
7253	[[[2058.2400700000003	1053.84007	928.3726452742351]]]
7254	[[[2058.1200799999997	1054.3200700000002	928.374604762634]]]
7255	[[[2057.8800899999997	1054.56006	928.3772114923189]]]
7256	[[[2057.88009	1054.32006	928.380474740335]]]
7257	[[[2057.6401100000003	1054.32006	928.3844020676412]]]
7258	[[[2057.16013	1053.9600500000001	928.3889998724117]]]
7259	[[[2056.80015	1054.2000400000002	928.3942738349599]]]
7260	[[[2056.92014	1054.3200299999999	928.4002292365064]]]
7261	[[[2056.68012	1054.0800299999999	928.4068711383445]]]
7262	[[[2056.56013	1054.0800299999999	928.4142044127099]]]
7263	[[[2056.5601300000003	1053.84002	928.4222336216741]]]
7264	[[[2056.68012	1053.24002	928.4309627454679]]]
7265	[[[2056.68012	1053.24002	928.4403947666867]]]
7266	[[[2056.68012	1053.0000100000002	928.4505311216224]]]
7267	[[[2057.1601	1053.0000100000002	928.4613710344041]]]
7268	[[[2057.28009	1053.1200199999998	928.4729107535584]]]
7269	[[[2057.52007	1053.1200199999998	928.4851427139126]]]
7270	[[[2057.5200699999996	1052.7600200000002	928.4980546493831]]]
7271	[[[2057.88008	1052.64001	928.5116286840488]]]
7272	[[[2058.00007	1052.52001	928.5258404299684]]]
7273	[[[2058.0000699999996	1052.52001	928.5406581204609]]]
7274	[[[2058.36006	1052.64001	928.5560418070536]]]
7275	[[[2058.4800499999997	1052.52001	928.571942647035]]]
7276	[[[2058.72003	1052.5200099999997	928.5883023066187]]]
7277	[[[2058.4800299999997	1052.28002	928.6050525022013]]]
7278	[[[2058.4800299999997	1052.04001	928.6221146991666]]]
7279	[[[2058.36004	1052.1600199999998	928.6393999842833]]]
7280	[[[2058.24005	1052.04003	928.656809124036]]]
7281	[[[2058.2400499999994	1051.92003	928.6742328173654]]]
7282	[[[2058.1200599999997	1051.80004	928.6915521473513]]]
7283	[[[2058.12006	1051.92004	928.7086392324647]]]
7284	[[[2057.76007	1052.04005	928.725358074217]]]
7285	[[[2057.5200899999995	1052.04005	928.7415655944376]]]
7286	[[[2057.2801099999997	1052.04005	928.7571128520485]]]
7287	[[[2057.28011	1052.04005	928.7718464261491]]]
7288	[[[2057.1601199999996	1051.92006	928.7856099494771]]]
7289	[[[2057.52011	1051.92006	928.7982457739151]]]
7290	[[[2057.40012	1051.92006	928.8095967476368]]]
7291	[[[2057.28013	1051.92006	928.8195080817677]]]
7292	[[[2057.04012	1052.04005	928.8278292830119]]]
7293	[[[2057.04012	1051.80006	928.8344161275825]]]
7294	[[[2056.92013	1051.56005	928.8391326509443]]]
7295	[[[2056.92013	1051.4400600000001	928.8418531272861]]]
7296	[[[2056.9201300000004	1051.44006	928.8424640123224]]]
7297	[[[2056.68015	1051.4400600000001	928.8408658229048]]]
7298	[[[2056.5601300000003	1051.4400600000001	928.836974927062]]]
7299	[[[2056.20014	1051.08006	928.8307252184401]]]
7300	[[[2056.32013	1051.08006	928.8220696497114]]]
7301	[[[2056.2001099999998	1050.96007	928.8109816003895]]]
7302	[[[2056.2001099999998	1050.8400800000002	928.797456055622]]]
7303	[[[2055.9601	1050.8400800000002	928.7815105739913]]]
7304	[[[2056.0800900000004	1050.48009	928.7631860241372]]]
7305	[[[2055.60008	1050.48009	928.7425470721658]]]
7306	[[[2055.6000799999997	1050.6000900000001	928.7196824043319]]]
7307	[[[2055.72007	1050.6000900000001	928.694704672409]]]
7308	[[[2055.72007	1050.6000900000001	928.6677501524639]]]
7309	[[[2055.7200700000003	1050.6000900000001	928.6389781114506]]]
7310	[[[2055.24006	1050.7200800000003	928.6085698800832]]]
7311	[[[2055.48007	1050.48008	928.5767276347963]]]
7312	[[[2055.84007	1050.48008	928.5436728962147]]]
7313	[[[2056.08008	1050.48008	928.5096447563216]]]
7314	[[[2055.9600899999996	1050.84007	928.4748978513741]]]
7315	[[[2056.56009	1050.8400700000002	928.4397001024452]]]
7316	[[[2056.68008	1050.72007	928.4043302501584]]]
7317	[[[2056.56009	1050.84006	928.3690752145965]]]
7318	[[[2056.8001	1050.84006	928.3342273154046]]]
7319	[[[2056.68011	1050.9600500000001	928.3000813905994]]]
7320	[[[2057.0401300000003	1051.08005	928.2669318554794]]]
7321	[[[2057.0401300000003	1051.44004	928.2350697451362]]]
7322	[[[2056.80015	1051.56003	928.2047797853444]]]
7323	[[[2056.80015	1051.8000200000001	928.1763375369619]]]
7324	[[[2056.92014	1051.92002	928.1500066583434]]]
7325	[[[2056.92014	1052.16001	928.1260363286616]]]
7326	[[[2056.9201399999997	1052.40002	928.1046588723984]]]
7327	[[[2057.04013	1052.5200200000002	928.0860876216942]]]
7328	[[[2056.92014	1052.6400099999998	928.070515048752]]]
7329	[[[2056.92014	1053.00001	928.0581111951872]]]
7330	[[[2057.04013	1052.7600200000002	928.049022419213]]]
7331	[[[2057.04013	1052.64003	928.0433704750151]]]
7332	[[[2057.0401300000003	1052.28004	928.0412519317063]]]
7333	[[[2056.8001200000003	1052.16004	928.0427379321297]]]
7334	[[[2056.6801299999997	1052.04004	928.0478742846024]]]
7335	[[[2056.6801299999997	1052.04004	928.0566818737149]]]
7336	[[[2056.6801299999997	1051.92003	928.0691573697062]]]
7337	[[[2056.5601400000005	1051.8000299999999	928.0852742098956]]]
7338	[[[2056.44012	1051.92003	928.1049838203573]]]
7339	[[[2056.3201	1051.56003	928.1282170416443]]]
7340	[[[2056.3201	1051.68002	928.1548857189912]]]
7341	[[[2056.20011	1051.80001	928.1848844151939]]]
7342	[[[2056.2001099999998	1052.04001	928.2180922033285]]]
7343	[[[2056.2001099999998	1052.0400100000002	928.2543744966413]]]
7344	[[[2056.20011	1052.04001	928.2935848743371]]]
7345	[[[2056.08012	1051.9200099999998	928.3355668645405]]]
7346	[[[2055.9601300000004	1051.9200099999998	928.3801556493243]]]
7347	[[[2055.96013	1051.92001	928.42717966125]]]
7348	[[[2056.0801500000002	1051.80001	928.476462046222]]]
7349	[[[2056.20017	1051.8000100000002	928.5278219733775]]]
7350	[[[2056.20017	1052.04002	928.5810757790775]]]
7351	[[[2056.5601500000002	1052.2800300000001	928.6360379385349]]]
7352	[[[2056.5601500000002	1052.2800300000001	928.6925218650518]]]
7353	[[[2056.6801700000005	1052.40003	928.7503405429609]]]
7354	[[[2056.68017	1052.40003	928.8093070059858]]]
7355	[[[2056.5601500000002	1052.4000300000002	928.8692346776504]]]
7356	[[[2056.5601500000002	1052.28003	928.9299375943965]]]
7357	[[[2056.5601500000002	1052.5200399999999	928.9912305350969]]]
7358	[[[2056.68014	1052.76005	929.0529290825564]]]
7359	[[[2056.20013	1053.0000599999998	929.1148496433495]]]
7360	[[[2055.84012	1052.64006	929.1768094519302]]]
7361	[[[2055.6001300000003	1052.64006	929.2386265834206]]]
7362	[[[2055.72012	1052.88005	929.3001199969283]]]
7363	[[[2055.72012	1052.76005	929.3611096277957]]]
7364	[[[2055.84011	1052.52005	929.4214165430172]]]
7365	[[[2056.08012	1052.5200499999999	929.480863169389]]]
7366	[[[2056.20011	1052.52005	929.5392735989877]]]
7367	[[[2056.3201	1052.04004	929.5964739715776]]]
7368	[[[2056.2001099999998	1051.8000299999999	929.6522929287336]]]
7369	[[[2056.5600999999997	1051.5600200000001	929.706562130096]]]
7370	[[[2056.92011	1051.68001	929.7591168184414]]]
7371	[[[2056.6801	1051.92001	929.8097964173479]]]
7372	[[[2056.56011	1051.8000100000002	929.8584451433087]]]
7373	[[[2056.44009	1051.92001	929.9049126132671]]]
7374	[[[2056.3201	1052.28001	929.9490544288019]]]
7375	[[[2056.44009	1052.7600200000002	929.9907327195281]]]
7376	[[[2056.3201	1052.88002	930.0298166306522]]]
7377	[[[2056.3201	1053.00003	930.0661827429146]]]
7378	[[[2056.44009	1053.12003	930.0997154171719]]]
7379	[[[2056.0801	1053.48003	930.1303070604503]]]
7380	[[[2055.84009	1053.60003	930.1578583151492]]]
7381	[[[2055.96011	1053.24002	930.1822781779717]]]
7382	[[[2055.84009	1053.3600199999998	930.2034840598077]]]
7383	[[[2056.0801	1053.3600199999998	930.2214018019531]]]
7384	[[[2055.96008	1053.48003	930.2359656674558]]]
7385	[[[2055.84009	1053.36002	930.2471183288237]]]
7386	[[[2055.6000699999995	1053.24002	930.2548108746569]]]
7387	[[[2055.4800800000003	1053.3600099999999	930.2590028578237]]]
7388	[[[2055.7200700000003	1053.60001	930.2596624065657]]]
7389	[[[2056.20008	1053.4800200000002	930.2567664173552]]]
7390	[[[2056.0800800000006	1053.84003	930.2503008445449]]]
7391	[[[2056.08008	1053.9600400000002	930.240261096929]]]
7392	[[[2056.08008	1054.08005	930.226652545517]]]
7393	[[[2055.96009	1054.2000600000001	930.2094911402925]]]
7394	[[[2055.96009	1054.2000600000001	930.1888041268115]]]
7395	[[[2055.72008	1054.08007	930.1646308464664]]]
7396	[[[2055.9601000000002	1053.96008	930.1370235974342]]]
7397	[[[2055.84008	1054.20009	930.1060485270675]]]
7398	[[[2055.2400800000005	1054.0801	930.0717865210615]]]
7399	[[[2054.8800600000004	1054.3201	930.0343340504462]]]
7400	[[[2055.00006	1054.20009	929.9938039345052]]]
7401	[[[2054.88004	1054.0800800000002	929.9503259763375]]]
7402	[[[2055.00006	1054.0800800000002	929.9040474280348]]]
7403	[[[2054.76004	1054.0800800000002	929.855133244427]]]
7404	[[[2054.76004	1054.0800800000002	929.8037660880124]]]
7405	[[[2054.8800600000004	1054.0800800000002	929.7501460529696]]]
7406	[[[2055.1200400000002	1054.56007	929.6944900828528]]]
7407	[[[2055.3600500000002	1054.92006	929.6370310645354]]]
7408	[[[2055.4800499999997	1054.92006	929.5780165898674]]]
7409	[[[2055.72005	1054.6800600000001	929.5177073860763]]]
7410	[[[2055.24007	1054.80007	929.4563754258118]]]
7411	[[[2055.24007	1055.16008	929.394301737582]]]
7412	[[[2055.00005	1055.28007	929.3317739467711]]]
7413	[[[2055.1200500000004	1055.28007	929.2690835861628]]]
7414	[[[2055.36006	1055.40006	929.2065232225932]]]
7415	[[[2055.00004	1055.5200499999999	929.1443834527648]]]
7416	[[[2054.6400399999998	1055.52005	929.0829498261268]]]
7417	[[[2054.40003	1055.1600600000002	929.0224997559615]]]
7418	[[[2054.40003	1055.1600600000002	928.9632994812413]]]
7419	[[[2054.2800300000004	1055.28005	928.9056011414561]]]
7420	[[[2054.64001	1055.04005	928.8496400244827]]]
7421	[[[2054.16003	1054.92004	928.7956320437212]]]
7422	[[[2053.92004	1054.80005	928.7437714953858]]]
7423	[[[2053.80004	1054.9200400000002	928.6942291401214]]]
7424	[[[2053.44003	1054.9200400000002	928.6471506453257]]]
7425	[[[2053.44003	1054.80005	928.6026554159122]]]
7426	[[[2053.2000300000004	1054.6800600000001	928.5608358320575]]]
7427	[[[2052.96003	1054.6800600000001	928.5217569030168]]]
7428	[[[2052.8400300000003	1054.6800600000001	928.4854563366525]]]
7429	[[[2052.8400300000003	1054.56007	928.4519450151856]]]
7430	[[[2052.8400300000003	1054.56007	928.4212078590732]]]
7431	[[[2053.08001	1054.44008	928.3932050530972]]]
7432	[[[2053.08001	1054.44008	928.3678736018517]]]
7433	[[[2053.08001	1054.5600900000002	928.3451291760426]]]
7434	[[[2052.84002	1054.56009	928.3248682064037]]]
7435	[[[2052.84002	1054.56009	928.3069701786972]]]
7436	[[[2052.96002	1054.56009	928.2913000811863]]]
7437	[[[2052.72004	1054.4400799999999	928.2777109551391]]]
7438	[[[2052.6000400000003	1054.32007	928.2660464992692]]]
7439	[[[2052.72004	1054.4400600000001	928.2561436804808]]]
7440	[[[2052.60004	1054.3200499999998	928.24783530571]]]
7441	[[[2052.6000400000003	1054.3200499999998	928.240952512942]]]
7442	[[[2052.6000400000003	1054.44004	928.2353271434762]]]
7443	[[[2052.48004	1054.44004	928.2307939620354]]]
7444	[[[2052.72003	1053.9600500000001	928.2271926962687]]]
7445	[[[2052.6000400000003	1053.84004	928.2243698723596]]]
7446	[[[2052.24006	1054.2000300000002	928.2221804287447]]]
7447	[[[2052.24006	1054.32004	928.220489095195]]]
7448	[[[2052.12007	1054.4400500000002	928.2191715296215]]]
7449	[[[2051.64009	1054.3200600000002	928.218115209819]]]
7450	[[[2051.5201	1054.32006	928.2172200818999]]]
7451	[[[2051.5201	1054.4400500000002	928.216398971283]]]
7452	[[[2051.1600900000003	1054.32006	928.2155777657939]]]
7453	[[[2051.16009	1053.9600500000001	928.2146953836311]]]
7454	[[[2050.9201000000003	1054.32005	928.2137035416426]]]
7455	[[[2050.80011	1054.4400600000001	928.2125663415673]]]
7456	[[[2050.80011	1054.08007	928.2112596935838]]]
7457	[[[2050.9201000000003	1054.08007	928.2097705977307]]]
7458	[[[2050.9201000000003	1053.7200699999999	928.2080963045316]]]
7459	[[[2051.16008	1053.60006	928.206243376484]]]
7460	[[[2051.04009	1053.60006	928.2042266720331]]]
7461	[[[2051.04009	1053.36006	928.2020682732411]]]
7462	[[[2051.16009	1053.2400499999999	928.1997963776554]]]
7463	[[[2051.0401	1053.2400499999999	928.1974441738906]]]
7464	[[[2051.16009	1053.12004	928.1950487192411]]]
7465	[[[2051.2800799999995	1053.12004	928.1926498362302]]]
7466	[[[2051.40007	1053.12004	928.1902890434679]]]
7467	[[[2051.16006	1053.36004	928.1880085345298]]]
7468	[[[2051.04007	1053.72004	928.1858502168321]]]
7469	[[[2050.8000899999997	1053.9600400000002	928.1838548207285]]]
7470	[[[2050.68007	1054.44004	928.1820610872468]]]
7471	[[[2050.44009	1054.68004	928.1805050411533]]]
7472	[[[2050.80009	1055.28004	928.1792193542976]]]
7473	[[[2050.8000899999997	1055.52004	928.1782328025704]]]
7474	[[[2050.6801	1055.28005	928.1775698182373]]]
7475	[[[2050.44009	1055.28005	928.1772501379903]]]
7476	[[[2050.6800799999996	1055.40004	928.1772885457274]]]
7477	[[[2050.92009	1055.1600400000002	928.1776947078928]]]
7478	[[[2050.8000700000002	1055.1600400000002	928.1784730981747]]]
7479	[[[2051.16005	1055.2800499999998	928.1796230074448]]]
7480	[[[2051.40006	1055.04005	928.1811386340918]]]
7481	[[[2051.64004	1054.6800500000002	928.1830092492719]]]
7482	[[[2051.52005	1054.2000600000001	928.1852194311396]]]
7483	[[[2051.40006	1054.0800700000002	928.1877493617627]]]
7484	[[[2051.16005	1054.44007	928.1905751801984]]]
7485	[[[2051.28007	1054.44007	928.19366938507]]]
7486	[[[2050.92009	1054.44007	928.1970012799242]]]
7487	[[[2050.92009	1054.44007	928.2005374546898]]]
7488	[[[2051.1601	1054.44007	928.2042422966397]]]
7489	[[[2050.92011	1054.20007	928.2080785243188]]]
7490	[[[2050.6801	1054.08008	928.2120077379692]]]
7491	[[[2050.56011	1054.56009	928.2159909804037]]]
7492	[[[2050.56011	1054.56009	928.2199893021923]]]
7493	[[[2050.6801	1054.56009	928.2239643248397]]]
7494	[[[2050.92011	1054.56009	928.2278787953862]]]
7495	[[[2050.8000899999997	1054.68008	928.231697128949]]]
7496	[[[2050.8000899999997	1054.68008	928.2353859314402]]]
7497	[[[2050.6801	1054.92008	928.2389144941086]]]
7498	[[[2050.56011	1055.04007	928.2422552510985]]]
7499	[[[2050.56011	1055.04007	928.2453842181587]]]
7500	[[[2050.8001200000003	1055.04007	928.2482813719586]]]
7501	[[[2050.6801299999997	1054.9200600000001	928.2509309588106]]]
7502	[[[2050.6801299999997	1055.1600600000002	928.2533217229915]]]
7503	[[[2050.44012	1055.28005	928.2554472557509]]]
7504	[[[2050.20011	1055.6400400000002	928.2573060112157]]]
7505	[[[2050.32013	1055.76005	928.2589012046525]]]
7506	[[[2050.32013	1055.76005	928.2602405977859]]]
7507	[[[2050.44012	1055.52005	928.2613376838659]]]
7508	[[[2050.44012	1055.4000600000002	928.2622096063093]]]
7509	[[[2050.44012	1055.52005	928.2628765082087]]]
7510	[[[2050.32013	1055.8800400000002	928.2633608567008]]]
7511	[[[2050.44012	1055.88004	928.2636963241332]]]
7512	[[[2050.20011	1055.88004	928.2639076213611]]]
7513	[[[2050.32013	1056.00005	928.2640185491091]]]
7514	[[[2050.44015	1055.88006	928.2640516974012]]]
7515	[[[2050.44015	1055.88006	928.2640727274224]]]
7516	[[[2050.44015	1055.88006	928.2640645237823]]]
7517	[[[2050.44015	1055.88006	928.2640343998377]]]
7518	[[[2050.44015	1055.88006	928.2639900753944]]]
