0	[[[2187.0 1091.4 925.68]]]
1	[[[2183.4001 1091.4 925.68]]]
2	[[[2184.6 1091.3999999996558 925.68]]]
3	[[[2187.0 1091.3999999927735 925.68]]]
4	[[[2184.6 1091.3999999205064 925.68]]]
5	[[[2184.6 1091.399999397088 925.68]]]
6	[[[2182.2002 1091.3999964812906 925.68]]]
7	[[[2184.6 1091.3999832406123 925.68]]]
8	[[[2183.4001 1091.3999324376134 925.68]]]
9	[[[2182.2002 1091.3997637133314 925.68]]]
10	[[[2184.6 1091.3992702695616 925.6799999999997]]]
11	[[[2185.8 1091.3979832436728 925.6799999999989]]]
12	[[[2182.2002 1091.3949604666607 925.6799999999953]]]
13	[[[2184.6 1091.3885202746199 925.6799999999793]]]
14	[[[2187.0 1091.3760027332862 925.6799999999134]]]
15	[[[2184.3600533333333 1091.353712860001 925.6799999996629]]]
16	[[[2184.3600533333333 1091.3172397090855 925.6799999987708]]]
17	[[[2184.28006 1091.2622942937298 925.6799999957865]]]
18	[[[2183.960073333333 1091.1860320884343 925.679999986378]]]
19	[[[2183.8000866666666 1091.0885501131809 925.6799999583459]]]
20	[[[2183.7200933333334 1090.9739867424184 925.6799998792206]]]
21	[[[2183.8000866666666 1090.8505702380373 925.6799996671765]]]
22	[[[2183.7200933333334 1090.7291934727446 925.6799991266638]]]
23	[[[2183.960086666667 1090.6206372844356 925.6799978139575]]]
24	[[[2184.2800733333333 1090.5322360182702 925.6799947721482]]]
25	[[[2184.20008 1090.4652503464913 925.679988038754]]]
26	[[[2184.0400866666664 1090.414173109337 925.6799737850405]]]
27	[[[2184.12008 1090.3685352539308 925.6799449055707]]]
28	[[[2183.960093333333 1090.3167118275153 925.6798888636945]]]
29	[[[2183.7201 1090.25023577703 925.6797846539667]]]
30	[[[2183.8001 1090.166747266927 925.6795989202606]]]
31	[[[2183.8800933333337 1090.070231070707 925.6792816256517]]]
32	[[[2184.2001 1089.9684599965076 925.6787622432126]]]
33	[[[2184.2800933333333 1089.8689655743608 925.6779482065352]]]
34	[[[2184.6800933333334 1089.775644289907 925.6767282137479]]]
35	[[[2184.8400866666666 1089.6877962437875 925.6749836918253]]]
36	[[[2184.840086666666 1089.6020894932235 925.6726119657856]]]
37	[[[2184.8400866666666 1089.516329744687 925.6695640598609]]]
38	[[[2184.9201000000003 1089.4328803244027 925.6658982683657]]]
39	[[[2184.8401 1089.359697706178 925.661847560159]]]
40	[[[2184.9200933333336 1089.3081516682043 925.6578947402435]]]
41	[[[2184.9200933333336 1089.2884274647502 925.6548446928988]]]
42	[[[2184.920093333333 1089.3045169817692 925.6538789207616]]]
43	[[[2185.16008 1089.3510324850342 925.6565750965907]]]
44	[[[2185.480086666667 1089.4132826606544 925.6648745146937]]]
45	[[[2185.400086666667 1089.4706648490558 925.6809839043967]]]
46	[[[2185.480086666667 1089.5020883705956 925.7072052776895]]]
47	[[[2185.16008 1089.4914134942244 925.7456979536537]]]
48	[[[2185.480086666667 1089.4310416655078 925.7981896416724]]]
49	[[[2185.16008 1089.3227083061113 925.8656668829111]]]
50	[[[2185.0000866666664 1089.1757478192806 925.9480870864791]]]
51	[[[2185.000086666667 1089.004024654023 926.0441622141894]]]
52	[[[2185.3200933333337 1088.8229358278177 926.1512650075152]]]
53	[[[2185.16008 1088.647388434456 926.265499991015]]]
54	[[[2185.0800799999997 1088.490843687778 926.3819620162594]]]
55	[[[2185.08008 1088.3649237652423 926.4951757308373]]]
56	[[[2185.2400733333334 1088.2789984187855 926.5996739252981]]]
57	[[[2185.4000666666666 1088.2395174404526 926.690638035123]]]
58	[[[2185.400066666667 1088.2492898836545 926.764498821192]]]
59	[[[2185.1600533333335 1088.3071187791647 926.8193877925141]]]
60	[[[2185.1600533333335 1088.4080938588493 926.8553456486638]]]
61	[[[2185.3200666666667 1088.5445461306297 926.8742329436292]]]
62	[[[2185.4800600000003 1088.70735765924 926.8793439624583]]]
63	[[[2185.240046666667 1088.8871251281114 926.8747856265667]]]
64	[[[2185.240046666667 1089.074670159546 926.8647345966625]]]
65	[[[2185.5600533333336 1089.2606269155824 926.8527144168432]]]
66	[[[2185.5600533333336 1089.4343153042676 926.8410325220185]]]
67	[[[2185.4800400000004 1089.58266989856 926.8304838906187]]]
68	[[[2185.3200466666667 1089.6903120499965 926.8203716896774]]]
69	[[[2185.3200466666667 1089.7415909586634 926.8088288976713]]]
70	[[[2185.400046666667 1089.7245155290648 926.793364151723]]]
71	[[[2185.2400533333334 1089.6353241814325 926.771513390699]]]
72	[[[2185.08006 1089.4816635197656 926.741464270168]]]
73	[[[2184.9200666666666 1089.2825372514806 926.7025338779689]]]
74	[[[2184.9200666666666 1089.0644123798793 926.6554166231896]]]
75	[[[2185.16008 1088.8545862242772 926.6021686532777]]]
76	[[[2185.0000666666665 1088.6742415290764 926.5459466848047]]]
77	[[[2185.080066666667 1088.5338229530398 926.4905628319256]]]
78	[[[2185.1600666666664 1088.4323125934234 926.43994596112]]]
79	[[[2185.1600666666664 1088.3601975880622 926.3976109688315]]]
80	[[[2184.9200533333333 1088.3043343447787 926.3662301782607]]]
81	[[[2185.000046666667 1088.2523325804696 926.3473783775954]]]
82	[[[2185.000046666667 1088.1947578719848 926.3414892503032]]]
83	[[[2185.16004 1088.1249364519817 926.3480215879887]]]
84	[[[2185.0000533333337 1088.0375573521121 926.3657948622267]]]
85	[[[2185.080053333333 1087.9278003877332 926.3934216928604]]]
86	[[[2185.1600466666664 1087.792117490869 926.429745101525]]]
87	[[[2185.080053333333 1087.630489865412 926.4741852744804]]]
88	[[[2185.080053333333 1087.4488142181954 926.5269155027]]]
89	[[[2185.2400533333334 1087.2597628941578 926.5888184666668]]]
90	[[[2184.9200466666666 1087.0811834680082 926.6612171852762]]]
91	[[[2184.9200466666666 1086.932382807224 926.7454220521081]]]
92	[[[2184.680053333333 1086.8296964328435 926.8421772264361]]]
93	[[[2184.440066666667 1086.7829926005418 926.9511173277086]]]
94	[[[2184.3600733333337 1086.7941653727996 927.0703522836906]]]
95	[[[2184.3600733333333 1086.8576972700548 927.1962816333809]]]
96	[[[2184.2000866666667 1086.9626110747602 927.3237017470475]]]
97	[[[2183.8801000000003 1087.09489583529 927.4462170882049]]]
98	[[[2183.8001 1087.2396908624125 927.55690989417]]]
99	[[[2183.8001 1087.382839016551 927.6491726914834]]]
100	[[[2183.7201 1087.5116632243246 927.717574711494]]]
101	[[[2183.7201 1087.6149882919763 927.7586228564678]]]
102	[[[2183.8000933333333 1087.6826399121192 927.7712920334392]]]
103	[[[2183.8000933333333 1087.7049172064587 927.7572353839913]]]
104	[[[2183.720093333334 1087.6726875341294 927.7206355102794]]]
105	[[[2183.6401 1087.5785777955523 927.6677145237919]]]
106	[[[2183.6401 1087.4191863851045 927.6059745406433]]]
107	[[[2183.6401 1087.19753797103 927.5432829263447]]]
108	[[[2183.6401 1086.9245494635468 927.4869416501159]]]
109	[[[2183.8800866666666 1086.6184089714727 927.4428832281824]]]
110	[[[2183.8000933333333 1086.3015412811208 927.4151152949761]]]
111	[[[2183.8000933333333 1085.995929902254 927.405493560202]]]
112	[[[2184.04008 1085.7184396338857 927.4138444550044]]]
113	[[[2184.12008 1085.4779379133133 927.4383938282945]]]
114	[[[2184.12008 1085.2752944948015 927.4763993123756]]]
115	[[[2183.880093333333 1085.1060652904407 927.5248447470452]]]
116	[[[2183.9600933333336 1084.9644876765997 927.5810458495476]]]
117	[[[2183.8801000000003 1084.8469558235581 927.6430413582208]]]
118	[[[2183.800106666667 1084.7536311344916 927.7096987990464]]]
119	[[[2183.56012 1084.6879514827906 927.7805360065485]]]
120	[[[2183.56012 1084.654855745296 927.8553302297931]]]
121	[[[2183.56012 1084.6589338890617 927.9336373231864]]]
122	[[[2183.7201133333338 1084.7033044718514 928.0143607220208]]]
123	[[[2183.7201133333333 1084.789201389038 928.0954898054416]]]
124	[[[2183.480126666667 1084.915652529464 928.1740768947499]]]
125	[[[2183.4001333333335 1085.0786791711878 928.2464570941456]]]
126	[[[2183.4001333333335 1085.2700681340127 928.308654415166]]]
127	[[[2183.1601466666666 1085.4764816943443 928.356877396919]]]
128	[[[2182.92016 1085.6799265274703 928.3879964500055]]]
129	[[[2182.840146666667 1085.8601696988214 928.3999125833217]]]
130	[[[2182.92014 1085.9987821892526 928.3917640070725]]]
131	[[[2182.6801533333332 1086.083609705209 928.3639600350356]]]
132	[[[2182.6801533333332 1086.1120907164748 928.3180679040178]]]
133	[[[2182.52014 1086.0921557316808 928.2565991266721]]]
134	[[[2182.52014 1086.0402941482482 928.1827455336244]]]
135	[[[2182.52014 1085.977376709796 928.1001047115546]]]
136	[[[2182.20014 1085.923556737735 928.0124171465999]]]
137	[[[2181.88014 1085.8937834534233 927.9233208428159]]]
138	[[[2181.800126666667 1085.8951275498205 927.836119599849]]]
139	[[[2181.88012 1085.926424623897 927.7535613416466]]]
140	[[[2181.9601133333335 1085.979956998769 927.6776320028457]]]
141	[[[2181.8801000000003 1086.0442768846717 927.6093843730008]]]
142	[[[2182.120086666667 1086.1070217414288 927.5488338249094]]]
143	[[[2182.120086666667 1086.1567959234699 927.4949576063383]]]
144	[[[2182.2001 1086.1838489550505 927.445826715038]]]
145	[[[2181.9600933333336 1086.180097619207 927.3988782870398]]]
146	[[[2181.8800800000004 1086.139546096371 927.3513055769507]]]
147	[[[2182.040066666667 1086.0599247274704 927.300510016334]]]
148	[[[2182.120066666667 1085.9453535584726 927.2445358605813]]]
149	[[[2182.120066666667 1085.8085778415552 927.1824019430996]]]
150	[[[2182.040053333333 1085.6707093517548 927.1142618180942]]]
151	[[[2182.040053333333 1085.5571061751355 927.0413607911946]]]
152	[[[2182.040053333333 1085.4899254547006 926.9658065090777]]]
153	[[[2182.3600533333333 1085.480016759145 926.8902148011033]]]
154	[[[2182.440046666667 1085.5218727011297 926.8173202585655]]]
155	[[[2182.28004 1085.5944827300912 926.7496425626686]]]
156	[[[2182.28004 1085.6683798023703 926.6892743007666]]]
157	[[[2181.96004 1085.7161836125806 926.6378124003563]]]
158	[[[2181.96004 1085.7221280465135 926.5964080048024]]]
159	[[[2181.8800266666667 1085.6864505213991 926.5658743446421]]]
160	[[[2182.2000266666664 1085.6229836191972 926.5467802488012]]]
161	[[[2182.28004 1085.5515658844872 926.5394714555176]]]
162	[[[2182.1200533333335 1085.4892671785271 926.5439967815718]]]
163	[[[2182.1200533333335 1085.444675197438 926.5599587130096]]]
164	[[[2182.36004 1085.417548642393 926.5863431852232]]]
165	[[[2182.6000400000003 1085.4031438819973 926.6213993128446]]]
166	[[[2182.5200400000003 1085.3981474259688 926.6626315393338]]]
167	[[[2182.6000533333336 1085.4046469626398 926.706937228127]]]
168	[[[2182.2800533333334 1085.4300566569002 926.7508820154266]]]
169	[[[2182.120066666667 1085.4833459667068 926.791066430033]]]
170	[[[2182.2800733333333 1085.5698450915022 926.8245123541316]]]
171	[[[2182.2800733333333 1085.6873495981515 926.8489939234772]]]
172	[[[2182.2000733333334 1085.8252561971706 926.8632545734717]]]
173	[[[2182.2000733333334 1085.9668519712316 926.8670835913646]]]
174	[[[2182.2000733333334 1086.0935833191459 926.8612609305943]]]
175	[[[2182.2800733333333 1086.1896197472724 926.8474068084635]]]
176	[[[2182.2800733333333 1086.245221673211 926.8277845851441]]]
177	[[[2182.20006 1086.2580010218264 926.8050993078455]]]
178	[[[2182.20006 1086.2318871153432 926.7823142759958]]]
179	[[[2181.80006 1086.1743574055502 926.7624830920314]]]
180	[[[2181.7200666666668 1086.0931048561288 926.7485755320573]]]
181	[[[2181.8000666666667 1085.993527824431 926.7432705433339]]]
182	[[[2181.8000666666667 1085.8780448911823 926.7487017518107]]]
183	[[[2181.8000666666667 1085.747365479717 926.7661665229906]]]
184	[[[2181.800066666667 1085.6029301582473 926.7958399409332]]]
185	[[[2181.64006 1085.4492663195922 926.83655873748]]]
186	[[[2181.64006 1085.2951718561073 926.8857473450062]]]
187	[[[2181.72006 1085.153215892705 926.9395437824356]]]
188	[[[2181.640046666667 1085.0376367091728 926.9931485002579]]]
189	[[[2181.560046666667 1084.9611054838977 927.0413723367766]]]
190	[[[2181.32006 1084.9310833004076 927.0793121412929]]]
191	[[[2181.240046666667 1084.9467763630626 927.1030468543336]]]
192	[[[2181.4000533333333 1084.99791879278 927.1102325861866]]]
193	[[[2181.4000533333333 1085.0664533049242 927.1004868309869]]]
194	[[[2181.480053333333 1085.1313517021588 927.0754873034775]]]
195	[[[2181.3200466666667 1085.1754572074474 927.0387621559904]]]
196	[[[2181.3200466666667 1085.1919795183378 926.9952041025841]]]
197	[[[2181.4800333333337 1085.187920493677 926.9503892249667]]]
198	[[[2181.560046666667 1085.1826463586306 926.9098123165317]]]
199	[[[2181.8000333333334 1085.2017248974528 926.8781594146416]]]
200	[[[2181.8000333333334 1085.268117689012 926.8587248552152]]]
201	[[[2181.8000333333334 1085.3939119415663 926.8530495526237]]]
202	[[[2181.8000333333334 1085.5755261004285 926.8608169042523]]]
203	[[[2181.8800466666667 1085.7939432814437 926.880001058274]]]
204	[[[2182.0400600000003 1086.0197105465452 926.9072263844197]]]
205	[[[2181.9600466666666 1086.2209388469528 926.9382716710121]]]
206	[[[2182.0400600000003 1086.3717996432404 926.9686400933462]]]
207	[[[2181.960066666667 1086.4590983170604 926.9941163600442]]]
208	[[[2182.04008 1086.485210147206 927.0112438945375]]]
209	[[[2182.04008 1086.4667226451754 927.0176743820911]]]
210	[[[2182.3600800000004 1086.4292942281784 927.0123654903095]]]
211	[[[2182.60008 1086.4002695070205 926.9956255558606]]]
212	[[[2182.36008 1086.4012060008888 926.9690223075278]]]
213	[[[2182.2800666666667 1086.442419965576 926.9351833439764]]]
214	[[[2182.04008 1086.5209057471632 926.8975184146334]]]
215	[[[2182.04008 1086.6218041379382 926.8598894999977]]]
216	[[[2181.9600800000003 1086.7225140431824 926.8262482951119]]]
217	[[[2181.9600800000003 1086.7980302284898 926.8002566798514]]]
218	[[[2181.8800666666666 1086.8262533122618 926.7849075939024]]]
219	[[[2181.7200533333335 1086.7925247532846 926.7821720473409]]]
220	[[[2181.6400533333335 1086.6929883161974 926.7927099295352]]]
221	[[[2181.40004 1086.536319130719 926.8156922201771]]]
222	[[[2181.240026666667 1086.3431130685285 926.8487837163572]]]
223	[[[2181.240026666667 1086.1423069324217 926.8883236367418]]]
224	[[[2181.160026666667 1085.9647530763377 926.9297153000484]]]
225	[[[2180.92004 1085.835320312867 926.9679989922498]]]
226	[[[2180.5200400000003 1085.76596198896 926.9985417464405]]]
227	[[[2180.36004 1085.7523438421406 927.0177439363597]]]
228	[[[2180.28004 1085.775567329706 927.0236448354599]]]
229	[[[2180.28004 1085.8086414171396 927.0163141057634]]]
230	[[[2180.1200400000002 1085.8255000992374 926.997945085709]]]
231	[[[2180.2800533333334 1085.8093792267105 926.9726146005254]]]
232	[[[2180.1200533333335 1085.757655723846 926.9457336904564]]]
233	[[[2180.040053333333 1085.6816261927722 926.9232719525244]]]
234	[[[2179.88006 1085.6015500064261 926.9108826055088]]]
235	[[[2179.80006 1085.5388949031874 926.9130759707824]]]
236	[[[2179.80006 1085.5085654614616 926.9325808197982]]]
237	[[[2179.72006 1085.5137377962717 926.9699972170106]]]
238	[[[2179.4800466666666 1085.5448650940555 927.0237884281133]]]
239	[[[2179.64006 1085.5828509461144 927.090595038664]]]
240	[[[2179.6400599999997 1085.6049080968037 927.1657953743523]]]
241	[[[2179.64006 1085.590834506356 927.244195092916]]]
242	[[[2179.72006 1085.5276745716353 927.3207137373661]]]
243	[[[2179.80006 1085.41181867614 927.3909493369896]]]
244	[[[2179.720046666667 1085.2488893697598 927.4515395007421]]]
245	[[[2179.8800466666667 1085.0525094329207 927.5002890974523]]]
246	[[[2179.8800466666667 1084.8428515136504 927.5360877662298]]]
247	[[[2180.0400466666665 1084.644986903382 927.5586825136185]]]
248	[[[2180.0400466666665 1084.4862443486572 927.5683921961886]]]
249	[[[2180.28004 1084.391807693268 927.5658480271782]]]
250	[[[2180.36004 1084.378804895148 927.5518201119006]]]
251	[[[2180.5200400000003 1084.450588077396 927.5271527499604]]]
252	[[[2180.68004 1084.5937613959613 927.4927924276686]]]
253	[[[2180.84004 1084.7800039679612 927.4498635956011]]]
254	[[[2180.760026666667 1084.9728828157874 927.3997366277189]]]
255	[[[2180.6800133333336 1085.1375497275005 927.3440421107053]]]
256	[[[2180.8400133333334 1085.2497349217426 927.2846115556794]]]
257	[[[2181.160013333333 1085.3006724177578 927.2233571757988]]]
258	[[[2181.32002 1085.2964645734226 927.1621306455048]]]
259	[[[2181.32002 1085.252933398681 927.1026125003268]]]
260	[[[2181.4800266666666 1085.188861499102 927.0462750531287]]]
261	[[[2181.4800266666666 1085.1207538029696 926.9944346661558]]]
262	[[[2181.56004 1085.0608539511147 926.9483730436824]]]
263	[[[2181.7200533333335 1085.0180405535764 926.9094749403212]]]
264	[[[2181.7200533333335 1084.9996658200735 926.8793137620029]]]
265	[[[2181.8800666666666 1085.0122284953593 926.8596242580246]]]
266	[[[2182.120066666667 1085.0599554277298 926.8521320962412]]]
267	[[[2182.20008 1085.142063156634 926.8582547030838]]]
268	[[[2182.2800933333333 1085.250606168285 926.8787322629523]]]
269	[[[2182.4401000000003 1085.3707333592495 926.9132777875107]]]
270	[[[2182.5201133333335 1085.48397146012 926.9603408883654]]]
271	[[[2182.6001266666667 1085.5735609251794 927.0170593725561]]]
272	[[[2182.44014 1085.6297672126593 927.0794322688363]]]
273	[[[2182.5201333333334 1085.653025461021 927.142699263738]]]
274	[[[2182.68014 1085.6537200620514 927.2018680252683]]]
275	[[[2182.68014 1085.6488281332822 927.2523028540005]]]
276	[[[2182.68014 1085.656857589981 927.290280233654]]]
277	[[[2182.68014 1085.6929551047963 927.3134278404954]]]
278	[[[2182.68014 1085.7656425680264 927.3209877527894]]]
279	[[[2182.7601533333336 1085.8757047603503 927.3138747070703]]]
280	[[[2182.840146666667 1086.0168615919467 927.2945299426236]]]
281	[[[2182.7601533333336 1086.177459181816 927.2665965062391]]]
282	[[[2183.00014 1086.3425703990945 927.2344613553452]]]
283	[[[2183.320126666667 1086.4962993191923 927.2027231980059]]]
284	[[[2183.56012 1086.6243179825826 927.175652964618]]]
285	[[[2183.6401133333334 1086.7165222915382 927.1567156542975]]]
286	[[[2183.6401133333334 1086.7693182166201 927.1482167627742]]]
287	[[[2183.6401133333334 1086.7867865168837 927.1511221727623]]]
288	[[[2183.480126666667 1086.7800923780871 927.1650769088106]]]
289	[[[2183.4001333333335 1086.7650027659695 927.1886173344786]]]
290	[[[2183.4001333333335 1086.75800584222 927.2195377069976]]]
291	[[[2183.72012 1086.772003424681 927.255342237799]]]
292	[[[2183.8001133333332 1086.8127099114706 927.2936953666582]]]
293	[[[2183.8001133333332 1086.8767457922188 927.332781739421]]]
294	[[[2183.8801066666665 1086.9520439020764 927.3715055520728]]]
295	[[[2183.9601000000002 1087.020658529794 927.4094936321386]]]
296	[[[2183.9601 1087.0634317317924 927.4469102492627]]]
297	[[[2183.8801 1087.0653407091565 927.484133701384]]]
298	[[[2183.6401066666667 1087.0199511964156 927.5213748842797]]]
299	[[[2183.32012 1086.9315007772918 927.5583292038849]]]
300	[[[2183.5601133333334 1086.8138534639486 927.5939434233186]]]
301	[[[2183.6401066666667 1086.68671036395 927.6263518875585]]]
302	[[[2183.6401066666667 1086.570534402351 927.6529995257282]]]
303	[[[2183.6401066666667 1086.4820890931353 927.6709309981605]]]
304	[[[2183.7201 1086.4320267590047 927.6771941183765]]]
305	[[[2183.7201 1086.4248228696467 927.6692862538972]]]
306	[[[2183.480106666667 1086.460188824729 927.6455666387634]]]
307	[[[2183.480106666667 1086.5345828903453 927.6055647071497]]]
308	[[[2183.6400933333334 1086.6418457245109 927.5501324417149]]]
309	[[[2183.6400933333334 1086.7729878372036 927.481414346411]]]
310	[[[2183.8000933333333 1086.916047485647 927.4026385565861]]]
311	[[[2183.8000933333333 1087.0571051834652 927.3177627445674]]]
312	[[[2183.8000933333333 1087.1828624363018 927.2310341240133]]]
313	[[[2183.7201 1087.2840995901627 927.1465389396957]]]
314	[[[2183.8000933333333 1087.3585143126654 927.0678189994287]]]
315	[[[2183.5601 1087.4114275861887 926.9976188717702]]]
316	[[[2183.5601 1087.4536779939733 926.9377986321888]]]
317	[[[2183.5601 1087.4972852514657 926.8894088259067]]]
318	[[[2183.6400933333334 1087.5505101127371 926.8528853375441]]]
319	[[[2183.5601 1087.6142543231565 926.8282922779443]]]
320	[[[2183.8000933333333 1087.6811927968654 926.815529668418]]]
321	[[[2183.7201 1087.7378968285275 926.8144343443028]]]
322	[[[2183.7201 1087.7690361852265 926.8247357466361]]]
323	[[[2183.5601133333334 1087.762053516329 926.8458753229678]]]
324	[[[2183.7201066666667 1087.7107211293005 926.8767464866179]]]
325	[[[2183.4001200000002 1087.6165980284459 926.9154473238273]]]
326	[[[2183.4801133333335 1087.48825544371 926.9591489292324]]]
327	[[[2183.3201266666665 1087.3388693149457 927.0041631755879]]]
328	[[[2183.5601133333334 1087.183166344773 927.0462480970267]]]
329	[[[2183.5601133333334 1087.034700171138 927.0811281174161]]]
330	[[[2183.48012 1086.9040875287153 927.1051463625948]]]
331	[[[2183.4001266666664 1086.7982995596387 927.1159238658147]]]
332	[[[2183.48012 1086.720613880271 927.1128875822587]]]
333	[[[2183.400126666667 1086.6706538337046 927.0975495290221]]]
334	[[[2183.48012 1086.644216040772 927.0734676162692]]]
335	[[[2183.1601333333333 1086.6331703857459 927.0458820864368]]]
336	[[[2183.2401266666666 1086.626175405895 927.0210839556744]]]
337	[[[2183.08012 1086.6108318273127 927.0056190430611]]]
338	[[[2183.1601133333334 1086.57710139624 927.0054541156014]]]
339	[[[2182.9201266666664 1086.5207910161391 927.0252286449416]]]
340	[[[2182.9201266666664 1086.445389785062 927.067691511291]]]
341	[[[2183.000126666667 1086.361054937129 927.1333855365159]]]
342	[[[2183.000126666667 1086.280898411912 927.2206034492584]]]
343	[[[2182.76014 1086.2161238284232 927.325604017458]]]
344	[[[2182.6001333333334 1086.1721162999063 927.4430501885437]]]
345	[[[2182.6001333333334 1086.1469688246607 927.5666122861312]]]
346	[[[2182.680126666667 1086.1326043693957 927.6896668697792]]]
347	[[[2182.6001333333334 1086.1175104354168 927.8060141147688]]]
348	[[[2182.6001333333334 1086.0897868579843 927.9105334287142]]]
349	[[[2182.6801266666666 1086.0396889824278 927.9997002847934]]]
350	[[[2182.9201133333336 1085.961549894565 928.0718996008535]]]
351	[[[2183.000106666667 1085.855288040056 928.127494191106]]]
352	[[[2183.08012 1085.7274939681977 928.1686399246113]]]
353	[[[2182.920113333333 1085.5916721011884 928.1988777487694]]]
354	[[[2182.8401 1085.4670568963818 928.2225692194141]]]
355	[[[2182.8401000000003 1085.375734154123 928.2442681578462]]]
356	[[[2182.6001133333334 1085.3384064121049 928.268129698694]]]
357	[[[2182.8401 1085.3696975884252 928.2974464268191]]]
358	[[[2182.8401 1085.474152568091 928.3343717231841]]]
359	[[[2183.1601 1085.644026665296 928.379849615306]]]
360	[[[2183.2400933333333 1085.8596666177089 928.4337278101157]]]
361	[[[2183.2400933333333 1086.0928065189573 928.4949957705462]]]
362	[[[2183.48008 1086.3124215999944 928.5620700811893]]]
363	[[[2183.4000666666666 1086.4919468181 928.6330486384883]]]
364	[[[2183.24008 1086.6159175493854 928.7058729493409]]]
365	[[[2183.0000933333336 1086.6838273146911 928.7783698177245]]]
366	[[[2182.840106666667 1086.7095579832048 928.8481828674859]]]
367	[[[2182.840106666667 1086.716122069428 928.9126419224177]]]
368	[[[2182.760106666667 1086.7272185393676 928.9686451841447]]]
369	[[[2182.8401200000003 1086.7585001094064 929.0126377639135]]]
370	[[[2182.84012 1086.8117963690681 929.0407561008411]]]
371	[[[2182.7601066666666 1086.8745731818317 929.0491718276368]]]
372	[[[2182.52012 1086.9249695531696 929.034617269422]]]
373	[[[2182.52012 1086.9406289531544 928.9950196463923]]]
374	[[[2182.20012 1086.9081013317775 928.9301264448842]]]
375	[[[2182.1201266666667 1086.829378603906 928.8419833033926]]]
376	[[[2182.1201266666667 1086.7231575570652 928.7351358553415]]]
377	[[[2182.0401266666668 1086.6202636321748 928.6164680922325]]]
378	[[[2182.0401266666668 1086.554666688772 928.4946536307865]]]
379	[[[2182.12012 1086.5530417710388 928.379268704966]]]
380	[[[2182.040106666667 1086.6263945675837 928.2796810605245]]]
381	[[[2181.9600933333336 1086.7666480514442 928.2038741918486]]]
382	[[[2181.8800800000004 1086.9493868307693 928.157384086317]]]
383	[[[2182.0400933333335 1087.1417090688783 928.1425145918643]]]
384	[[[2182.28008 1087.3121953422326 928.1579612843665]]]
385	[[[2182.28008 1087.4392237485874 928.1989184360722]]]
386	[[[2182.28008 1087.5146653764448 928.2576763250895]]]
387	[[[2182.3600733333337 1087.5420905032413 928.3246439597154]]]
388	[[[2182.3600733333333 1087.53105930324 928.389663588735]]]
389	[[[2182.3600733333333 1087.4906999812767 928.443428116228]]]
390	[[[2182.3600733333333 1087.4258027946628 928.4787819693156]]]
391	[[[2182.28008 1087.3370910860249 928.4916902144564]]]
392	[[[2182.04008 1087.2250010045084 928.4817050795773]]]
393	[[[2182.04008 1087.094437862189 928.4518403839476]]]
394	[[[2181.960086666667 1086.9575476611328 928.4078696192056]]]
395	[[[2182.0401 1086.8327250842442 928.3571713649966]]]
396	[[[2182.2001066666667 1086.7401660178436 928.3073321858611]]]
397	[[[2182.2801200000004 1086.6960818880318 928.2647618372804]]]
398	[[[2182.2001066666667 1086.708257311666 928.2335681619279]]]
399	[[[2181.96012 1086.7747467780134 928.2148821340012]]]
400	[[[2182.0401133333335 1086.8858022850602 928.2067316547844]]]
401	[[[2182.0401133333335 1087.0276357878977 928.2044576638356]]]
402	[[[2182.0401133333335 1087.1861333325269 928.2015704847071]]]
403	[[[2181.9601 1087.3492443190823 928.1908757669094]]]
404	[[[2182.1201066666667 1087.5078969975784 928.1656674317755]]]
405	[[[2182.1201066666667 1087.6561411462967 928.1207906426193]]]
406	[[[2182.360093333333 1087.7912979862 928.0534152494884]]]
407	[[[2182.6800933333334 1087.9142979263706 927.9634196345896]]]
408	[[[2183.0000933333336 1088.0296638877987 927.8533549647451]]]
409	[[[2183.0000933333336 1088.1443589620887 927.7280289639708]]]
410	[[[2183.0000933333336 1088.2652028845562 927.5938057278767]]]
411	[[[2182.9201000000003 1088.3954864736104 927.4577549817376]]]
412	[[[2182.9201000000003 1088.5321599793353 927.3267950196882]]]
413	[[[2182.9201000000003 1088.6650118012078 927.2069576612704]]]
414	[[[2182.9201000000003 1088.778506306445 927.1028658568085]]]
415	[[[2183.0800933333335 1088.8558243571551 927.0174649104451]]]
416	[[[2183.1601066666667 1088.8837570876233 926.9519989642927]]]
417	[[[2183.080113333334 1088.8568466665067 926.9061865642392]]]
418	[[[2183.4001133333336 1088.7795388867914 926.8785294578979]]]
419	[[[2183.32012 1088.6658081406467 926.8666875973644]]]
420	[[[2183.2401066666666 1088.5364221925686 926.8678652408704]]]
421	[[[2183.00012 1088.4145866108454 926.8791696641189]]]
422	[[[2182.92012 1088.3211147391737 926.8979175812942]]]
423	[[[2182.6801333333337 1088.2704368571024 926.9218709843022]]]
424	[[[2182.60012 1088.2685500480218 926.9493847700996]]]
425	[[[2182.520106666667 1088.3133620651024 926.9794481935118]]]
426	[[[2182.6800933333334 1088.3969970644066 927.011606954934]]]
427	[[[2182.6000799999997 1088.5089296114365 927.0457666266478]]]
428	[[[2182.7600866666667 1088.6386778333501 927.0819007749807]]]
429	[[[2182.920073333333 1088.777275588026 927.1197133572022]]]
430	[[[2182.6800866666667 1088.917532350342 927.1583263107892]]]
431	[[[2182.6000733333335 1089.0536925543659 927.196070974067]]]
432	[[[2182.5200600000003 1089.1812063759278 927.2304503556262]]]
433	[[[2182.3600666666666 1089.2969588167664 927.2583080248331]]]
434	[[[2182.3600666666666 1089.3997904161433 927.2761944102773]]]
435	[[[2182.680066666667 1089.4908293074911 927.2808733210048]]]
436	[[[2182.6000533333336 1089.573197395659 927.2698732172848]]]
437	[[[2182.4400666666666 1089.6509651457682 927.2419700129249]]]
438	[[[2182.4400666666666 1089.727593029388 927.1974966996439]]]
439	[[[2182.680066666667 1089.8043336071162 927.1384085381628]]]
440	[[[2182.600066666667 1089.8791221731428 927.0680828810209]]]
441	[[[2182.44008 1089.9463939852255 926.9908873505373]]]
442	[[[2182.600086666667 1089.998072942001 926.9115957786736]]]
443	[[[2182.68008 1090.0256793769377 926.8347577267858]]]
444	[[[2182.76008 1090.0231103339586 926.7641299545511]]]
445	[[[2182.680066666667 1089.9892561790955 926.702258776119]]]
446	[[[2182.9200666666666 1089.929442809644 926.6502678782291]]]
447	[[[2183.160066666667 1089.8549302098793 926.6078663888775]]]
448	[[[2183.0000600000003 1089.7803692152327 926.5735556916106]]]
449	[[[2182.9200466666666 1089.7199615133293 926.5449867056733]]]
450	[[[2182.600046666667 1089.6836673005625 926.5194043699798]]]
451	[[[2182.600046666667 1089.6748385670764 926.4941120057529]]]
452	[[[2182.7600333333335 1089.6900993924776 926.4668925876052]]]
453	[[[2182.60002 1089.7214244327733 926.4363341920495]]]
454	[[[2182.36002 1089.7595734376398 926.4020213835394]]]
455	[[[2182.36002 1089.797610992344 926.3645722684199]]]
456	[[[2182.36002 1089.8332666573185 926.3255216755333]]]
457	[[[2182.1200133333336 1089.8693075218664 926.2870727621233]]]
458	[[[2181.8800133333334 1089.9117675903829 926.2517592464334]]]
459	[[[2181.5600133333332 1089.966632078258 926.22207441067]]]
460	[[[2181.4800133333333 1090.0361896334791 926.2001272597548]]]
461	[[[2181.3200266666668 1090.1165057666142 926.187378865905]]]
462	[[[2181.16004 1090.1971807963403 926.1844940463708]]]
463	[[[2181.08004 1090.2637690759686 926.1913192390485]]]
464	[[[2181.1600533333335 1090.3022086177155 926.2069728446089]]]
465	[[[2181.2400666666667 1090.303740186734 926.2300155204795]]]
466	[[[2181.32008 1090.268466880086 926.2586591051199]]]
467	[[[2181.2400866666667 1090.2061196397426 926.2909749182987]]]
468	[[[2181.2400866666667 1090.1336466623095 926.3250726438226]]]
469	[[[2181.1600866666668 1090.0705166188907 926.3592350860631]]]
470	[[[2181.1600866666668 1090.0335326595489 926.3920065895991]]]
471	[[[2181.0000733333336 1090.0330351281884 926.4222400728831]]]
472	[[[2181.0800733333335 1090.0715755777107 926.4491084410671]]]
473	[[[2181.0000733333336 1090.1449179245467 926.4720825509834]]]
474	[[[2181.0000733333336 1090.2442684071946 926.4908738787275]]]
475	[[[2181.0000733333336 1090.358477154001 926.5053398587297]]]
476	[[[2180.84006 1090.4755830065585 926.5153561248549]]]
477	[[[2180.7600466666668 1090.5839590419998 926.5206720575328]]]
478	[[[2180.7600466666668 1090.6737770132265 926.5207801327073]]]
479	[[[2180.6000333333336 1090.7391876261327 926.5148392350065]]]
480	[[[2180.680026666667 1090.7807236814115 926.5016909847217]]]
481	[[[2180.5200133333333 1090.8066168388325 926.4799926767109]]]
482	[[[2180.360006666667 1090.8316284162818 926.4484620451831]]]
483	[[[2180.4400066666667 1090.8728714095184 926.4061946248379]]]
484	[[[2180.60002 1090.9435973188974 926.3529846616752]]]
485	[[[2180.3600333333334 1091.0472577894595 926.2895663793473]]]
486	[[[2180.4400333333333 1091.1745244114752 926.2177012445458]]]
487	[[[2180.4400333333333 1091.3049913164778 926.1400691266122]]]
488	[[[2180.68004 1091.4133255298068 926.0599695434202]]]
489	[[[2180.8400466666667 1091.4775975202626 925.9808902061592]]]
490	[[[2180.7600466666668 1091.4864758858282 925.9060386104073]]]
491	[[[2180.92006 1091.4424892426432 925.8379462672293]]]
492	[[[2181.080066666667 1091.3603865971488 925.7782391573929]]]
493	[[[2181.160066666667 1091.2617914111677 925.7276257781173]]]
494	[[[2181.160066666667 1091.1687303000215 925.6860971963578]]]
495	[[[2180.92006 1091.0986227381582 925.6532776587784]]]
496	[[[2181.00006 1091.062152439605 925.6288250280481]]]
497	[[[2181.00006 1091.0638957223211 925.6127682582083]]]
498	[[[2181.00006 1091.10448217948 925.6056871196571]]]
499	[[[2180.9200466666666 1091.1828040971031 925.6086818782733]]]
500	[[[2181.1600333333336 1091.2972428796168 925.6231355625927]]]
501	[[[2181.1600333333336 1091.4456223871628 925.650323960036]]]
502	[[[2181.0800333333336 1091.6242355239176 925.6909652546943]]]
503	[[[2181.4800333333333 1091.8266247699091 925.7448141120746]]]
504	[[[2181.240026666667 1092.042819036513 925.8103928835648]]]
505	[[[2181.640026666667 1092.2595207669517 925.8849208650346]]]
506	[[[2181.4800133333333 1092.461402438298 925.9644608314817]]]
507	[[[2181.2400066666664 1092.6333099886506 926.0442609202314]]]
508	[[[2181.4000133333334 1092.7628713762572 926.1192377621333]]]
509	[[[2181.6400200000003 1092.8428453386514 926.1845280851331]]]
510	[[[2181.6400200000003 1092.8725687390415 926.2360313343814]]]
511	[[[2181.56002 1092.8580811323955 926.2708728109792]]]
512	[[[2181.4800200000004 1092.810868215555 926.2877318978068]]]
513	[[[2181.40002 1092.7455453973125 926.2869997663265]]]
514	[[[2181.24002 1092.6770460816922 926.2707529239955]]]
515	[[[2181.2400199999997 1092.617898549551 926.2425509786399]]]
516	[[[2181.4000266666667 1092.5760151139011 926.2070870119443]]]
517	[[[2181.4800266666666 1092.55322627666 926.1697347113426]]]
518	[[[2180.92002 1092.5447086188472 926.136045738008]]]
519	[[[2180.92002 1092.5394952315824 926.1112523370148]]]
520	[[[2180.4400266666667 1092.52230370935 926.0998240501057]]]
521	[[[2180.5200266666666 1092.4768015944112 926.1051154143696]]]
522	[[[2180.7600333333335 1092.3900520380264 926.1291268007725]]]
523	[[[2180.5200266666666 1092.2572919045049 926.1723863628085]]]
524	[[[2180.28002 1092.0856116111388 926.2339498418796]]]
525	[[[2180.36002 1091.8948783917758 926.3115075600972]]]
526	[[[2180.36002 1091.7147048232391 926.4015836304274]]]
527	[[[2180.3600199999996 1091.577503177606 926.4998096695012]]]
528	[[[2180.36002 1091.5093346799113 926.6012526431341]]]
529	[[[2180.44002 1091.5215992759775 926.7007733091654]]]
530	[[[2180.5200200000004 1091.6067928876275 926.7933885681036]]]
531	[[[2180.4400266666667 1091.7402346320907 926.8746092033957]]]
532	[[[2180.52004 1091.887305300875 926.9407254038618]]]
533	[[[2180.52004 1092.0134771622268 926.98901692693]]]
534	[[[2180.60004 1092.0934189372072 927.0178726119312]]]
535	[[[2180.920046666667 1092.1162021772845 927.0268140749034]]]
536	[[[2181.160046666667 1092.085600662219 927.0164291382033]]]
537	[[[2180.92004 1092.0165100353126 926.9882301312615]]]
538	[[[2181.00004 1091.9295826757043 926.9444592197093]]]
539	[[[2181.08004 1091.8459740460733 926.8878664487835]]]
540	[[[2181.1600533333335 1091.7831480665145 926.821485819752]]]
541	[[[2181.2400533333334 1091.7518481095733 926.7484305990789]]]
542	[[[2181.5600533333336 1091.7541598899982 926.6717219698468]]]
543	[[[2181.7200666666668 1091.7829711110844 926.5941565861655]]]
544	[[[2181.7200666666668 1091.8234740759688 926.518210743559]]]
545	[[[2181.960066666667 1091.8570849805628 926.4459740897622]]]
546	[[[2181.960066666667 1091.867187042474 926.3791058035455]]]
547	[[[2181.8800533333333 1091.8449602387066 926.3188111276841]]]
548	[[[2182.1200533333335 1091.793010802783 926.2658440560912]]]
549	[[[2182.0400533333336 1091.7250522538588 926.2205489010212]]]
550	[[[2181.96004 1091.6613777901546 926.1829547379629]]]
551	[[[2181.64004 1091.6216002475987 926.1529288966345]]]
552	[[[2181.64004 1091.6172865005394 926.1303784496885]]]
553	[[[2181.7200533333335 1091.6471854541867 926.1154659582572]]]
554	[[[2181.7200533333335 1091.6967965050499 926.1087851344838]]]
555	[[[2181.6400399999998 1091.7425066053722 926.1114325869529]]]
556	[[[2181.56004 1091.7589983234504 926.1249206142196]]]
557	[[[2181.4000533333333 1091.7275449241863 926.1509053203572]]]
558	[[[2181.32004 1091.6424533958043 926.190749619397]]]
559	[[[2181.560046666667 1091.5134429807676 926.2449911711878]]]
560	[[[2181.480053333333 1091.363092286485 926.3128266288549]]]
561	[[[2181.32004 1091.2202553451964 926.3917421856448]]]
562	[[[2181.4000533333333 1091.1118314609948 926.4774077766918]]]
563	[[[2181.4000533333333 1091.0557709309994 926.5639079923103]]]
564	[[[2181.4000533333333 1091.0574514105901 926.6443150959777]]]
565	[[[2181.5600600000002 1091.1099919704573 926.7115336288413]]]
566	[[[2181.48006 1091.1975555982506 926.7592799966013]]]
567	[[[2181.5600600000002 1091.2999686275962 926.7830205711399]]]
568	[[[2181.4000466666666 1091.3971917013046 926.7806888044515]]]
569	[[[2181.3200466666667 1091.4728461971833 926.7530378769957]]]
570	[[[2181.240046666667 1091.5165334052074 926.7035537887342]]]
571	[[[2181.1600466666664 1091.524845899724 926.6379403711077]]]
572	[[[2181.0000333333332 1091.5009837971863 926.563273820551]]]
573	[[[2181.080046666667 1091.4530861071162 926.4869909077856]]]
574	[[[2181.080046666667 1091.391800998668 926.415906568951]]]
575	[[[2180.92004 1091.3279194346587 926.3554450247724]]]
576	[[[2181.00004 1091.2707368742274 926.3092154523929]]]
577	[[[2180.9200266666667 1091.2272175274911 926.2789801243712]]]
578	[[[2180.8400333333334 1091.20146612384 926.2649694029659]]]
579	[[[2180.8400333333334 1091.1939643785988 926.2664172823614]]]
580	[[[2180.680026666667 1091.2005964489365 926.2821443749064]]]
581	[[[2180.760026666667 1091.2122271121052 926.3110152797489]]]
582	[[[2180.680026666667 1091.2158560190705 926.3521447116242]]]
583	[[[2180.680026666667 1091.197806048786 926.4048088003692]]]
584	[[[2180.7600266666664 1091.1482664852253 926.4681114584091]]]
585	[[[2180.8400266666667 1091.065499664863 926.5405336542909]]]
586	[[[2181.0800400000003 1090.9578036849373 926.6195330477864]]]
587	[[[2181.2400533333334 1090.8421096079883 926.7013512645884]]]
588	[[[2181.16004 1090.7395025204244 926.7811295791239]]]
589	[[[2181.080046666667 1090.6692776066795 926.8533481516948]]]
590	[[[2181.16006 1090.6437373785764 926.9125145620059]]]
591	[[[2181.16006 1090.665564864299 926.9539595007219]]]
592	[[[2181.16006 1090.7284983688853 926.9745686469056]]]
593	[[[2181.080066666667 1090.8207137877937 926.9732949926546]]]
594	[[[2181.3200733333333 1090.9293421053144 926.9513474288436]]]
595	[[[2181.6400733333335 1091.0442613978366 926.9120226248759]]]
596	[[[2181.88008 1091.159754488123 926.8602187414596]]]
597	[[[2182.0400933333335 1091.2735984722337 926.8017252258956]]]
598	[[[2182.1200933333334 1091.384267450728 926.742413866018]]]
599	[[[2182.2001066666667 1091.4877562158006 926.6874612048138]]]
600	[[[2182.2001066666667 1091.575724089978 926.6407159226919]]]
601	[[[2182.2801000000004 1091.636086372491 926.6042940500591]]]
602	[[[2182.2801 1091.6560381856898 926.5784468097098]]]
603	[[[2182.3601133333336 1091.6262792420196 926.5617057876058]]]
604	[[[2182.2801000000004 1091.5445241558375 926.5512717734051]]]
605	[[[2182.2801000000004 1091.4166263970626 926.5435803097852]]]
606	[[[2182.3601133333336 1091.2547390291813 926.5349524740268]]]
607	[[[2182.3601133333336 1091.0733333480619 926.5222278055586]]]
608	[[[2182.3601133333336 1090.8848712137467 926.503280975369]]]
609	[[[2182.2801200000004 1090.6969937872907 926.4773457265034]]]
610	[[[2182.0401333333334 1090.512271371078 926.4451059665639]]]
611	[[[2182.280126666667 1090.330331656466 926.4085578378348]]]
612	[[[2182.2801266666665 1090.1511628450965 926.3706886216029]]]
613	[[[2182.36014 1089.9779928435448 926.3350487684183]]]
614	[[[2182.36014 1089.8184426458704 926.3053051710903]]]
615	[[[2182.4401533333335 1089.6834221368492 926.2848548148803]]]
616	[[[2182.6001466666667 1089.5841461301684 926.2765514528204]]]
617	[[[2182.7601333333337 1089.5283858728344 926.2825617718764]]]
618	[[[2182.840126666667 1089.5174052138816 926.3043316685283]]]
619	[[[2183.0001333333335 1089.5448389149853 926.3426172082723]]]
620	[[[2183.0001333333335 1089.5980852924774 926.3975250653716]]]
621	[[[2183.0001333333335 1089.6618283755818 926.4685156903298]]]
622	[[[2183.2401333333337 1089.7224429113037 926.5543462877481]]]
623	[[[2183.320126666667 1089.7716345120054 926.6529630440303]]]
624	[[[2183.40012 1089.8079176080475 926.7613836746615]]]
625	[[[2183.560106666667 1089.835359370208 926.8756327840116]]]
626	[[[2183.24012 1089.8601140240587 926.9907963592467]]]
627	[[[2183.560106666667 1089.8862275111912 927.1012447341001]]]
628	[[[2183.8800933333337 1089.9126191717708 927.2010378167673]]]
629	[[[2183.9600866666665 1089.9327966285894 927.2844800557847]]]
630	[[[2183.9600866666665 1089.9377448820894 927.3467472876329]]]
631	[[[2183.7201 1089.9209183568903 927.3844760927658]]]
632	[[[2183.5601133333334 1089.8830339228023 927.3961988017523]]]
633	[[[2183.8001066666666 1089.8341258018067 927.3825281792368]]]
634	[[[2183.6401 1089.791396079886 927.3460417759529]]]
635	[[[2183.7200933333334 1089.7733897305263 927.2908765496455]]]
636	[[[2183.7200933333334 1089.7929449731048 927.2221047910961]]]
637	[[[2183.560106666667 1089.8521417077402 927.1450076027917]]]
638	[[[2183.4801133333335 1089.941593374566 927.0643811574337]]]
639	[[[2183.4001200000002 1090.0443256889423 926.9839997374193]]]
640	[[[2183.16012 1090.1422895437133 926.9063219927139]]]
641	[[[2183.4001066666665 1090.222437176484 926.8324731468679]]]
642	[[[2183.320106666667 1090.2797798083332 926.7624793412771]]]
643	[[[2183.320106666667 1090.3165514706304 926.6956835986324]]]
644	[[[2183.2401133333337 1090.338510965219 926.6312448869163]]]
645	[[[2183.320106666667 1090.350525017478 926.5686159172611]]]
646	[[[2183.4001 1090.3534830859992 926.5079097008908]]]
647	[[[2183.4800933333336 1090.3436131972887 926.4500937407224]]]
648	[[[2183.1601066666667 1090.314100074859 926.3969865483904]]]
649	[[[2183.320113333333 1090.2581268057272 926.3510667850472]]]
650	[[[2183.1601066666667 1090.1722173898606 926.315135206787]]]
651	[[[2183.0800933333335 1090.0588544523387 926.2918903416536]]]
652	[[[2183.1600866666663 1089.927558623511 926.283488897407]]]
653	[[[2183.4000733333332 1089.7939112514553 926.2911611290974]]]
654	[[[2183.4000733333332 1089.6764882613306 926.314940596773]]]
655	[[[2183.56008 1089.5923634441288 926.3535486166879]]]
656	[[[2183.3200933333333 1089.5524981802416 926.4044489384032]]]
657	[[[2183.1601 1089.558576475553 926.4640614452086]]]
658	[[[2182.840113333333 1089.6024218682894 926.528099316794]]]
659	[[[2183.0801 1089.6681668385727 926.5919763602686]]]
660	[[[2183.2400933333333 1089.7362965655773 926.6512232890809]]]
661	[[[2183.080086666667 1089.7880799430784 926.7018548801561]]]
662	[[[2183.080086666667 1089.8089921573921 926.7406431685148]]]
663	[[[2183.3200733333333 1089.7903850652513 926.765272142385]]]
664	[[[2183.3200733333333 1089.7294639041177 926.7743725442934]]]
665	[[[2183.4000866666665 1089.6281794867423 926.7674568672409]]]
666	[[[2183.4801 1089.4917706430308 926.7447905539283]]]
667	[[[2183.6400933333334 1089.3274794140236 926.7072430114941]]]
668	[[[2183.4001066666665 1089.143632112409 926.6561600470708]]]
669	[[[2183.5600933333335 1088.949027297356 926.5932880192328]]]
670	[[[2183.4801 1088.7524785625785 926.5207613921554]]]
671	[[[2183.4801 1088.5623958893113 926.4411431360944]]]
672	[[[2183.6400933333334 1088.3863651442027 926.3574865023749]]]
673	[[[2183.6400933333334 1088.2307173400625 926.273372528491]]]
674	[[[2183.4801 1088.1000472397807 926.1928747567125]]]
675	[[[2183.320106666667 1087.996609080799 926.1204133154914]]]
676	[[[2183.4801133333335 1087.9195888863321 926.0604835424346]]]
677	[[[2183.3201066666666 1087.8644667723138 926.0172749323679]]]
678	[[[2183.000106666667 1087.822933219115 925.994226926484]]]
679	[[[2182.9201133333336 1087.7838936955939 925.9935907655872]]]
680	[[[2183.000106666667 1087.7358125747605 926.0160748345957]]]
681	[[[2183.000106666667 1087.6700435169723 926.0606418408726]]]
682	[[[2182.840113333333 1087.5841449075758 926.1245016330408]]]
683	[[[2183.0801 1087.4838616490442 926.2033094271172]]]
684	[[[2183.1601 1087.3827201349986 926.2915439112198]]]
685	[[[2183.1601 1087.2989993680046 926.3830112111524]]]
686	[[[2183.2400933333333 1087.2508905716393 926.4714045948526]]]
687	[[[2183.000106666667 1087.2514784878888 926.5508478430012]]]
688	[[[2183.000106666667 1087.3053669024987 926.6163604279017]]]
689	[[[2182.920113333333 1087.408171008531 926.6642005668182]]]
690	[[[2182.920113333333 1087.548905126384 926.6920628313186]]]
691	[[[2182.8401200000003 1087.7140250113425 926.6991264132747]]]
692	[[[2182.9201333333335 1087.8911782110952 926.6859664182875]]]
693	[[[2183.08014 1088.0709981547525 926.6543533639073]]]
694	[[[2183.1601333333333 1088.2464636431293 926.6069756687874]]]
695	[[[2183.08014 1088.4108060661963 926.5471260680282]]]
696	[[[2183.1601333333333 1088.5558274506172 926.4783943448975]]]
697	[[[2183.000126666667 1088.6722343043346 926.4044038686038]]]
698	[[[2182.840133333333 1088.7523126892645 926.3286173693558]]]
699	[[[2182.5201333333334 1088.7937197913445 926.2542195217212]]]
700	[[[2182.76012 1088.8022697966426 926.1840642404932]]]
701	[[[2182.76012 1088.7918761550075 926.1206589210434]]]
702	[[[2182.7601200000004 1088.7811181070783 926.0661517829072]]]
703	[[[2182.76012 1088.7875196291122 926.0222950085399]]]
704	[[[2182.76012 1088.821743887529 925.9903741960939]]]
705	[[[2182.6801266666666 1088.8840107966128 925.9711179730062]]]
706	[[[2182.680126666667 1088.9641440367288 925.9646218500494]]]
707	[[[2182.6801266666666 1089.0451925004281 925.9703291447186]]]
708	[[[2182.52012 1089.1091978272868 925.9871041306811]]]
709	[[[2182.440126666667 1089.1429614027263 926.0134091967678]]]
710	[[[2182.52012 1089.1418505209028 926.0475653457758]]]
711	[[[2182.3601133333336 1089.1106091987763 926.0880444180685]]]
712	[[[2182.440126666667 1089.0613229843013 926.1337230330454]]]
713	[[[2182.3601333333336 1089.0095984789707 926.184030029201]]]
714	[[[2182.3601333333336 1088.9703565927086 926.2389424934203]]]
715	[[[2182.0401333333334 1088.9544429822724 926.298824563093]]]
716	[[[2182.1201266666667 1088.966784988342 926.3641468480714]]]
717	[[[2182.1201266666667 1089.006316455373 926.4351593802076]]]
718	[[[2182.3601133333336 1089.0674528485918 926.511606560684]]]
719	[[[2182.3601133333336 1089.1425396976954 926.5925635473017]]]
720	[[[2182.2801000000004 1089.2244595254742 926.6764422414186]]]
721	[[[2182.2801 1089.3085715388777 926.7611704681025]]]
722	[[[2182.2000866666667 1089.39343908409 926.8445028081859]]]
723	[[[2182.2000866666667 1089.4802809662503 926.9243883326053]]]
724	[[[2182.2000866666667 1089.5715364918058 926.9993077826625]]]
725	[[[2182.3600800000004 1089.669154436787 927.0685029180064]]]
726	[[[2182.36008 1089.7731661923956 927.1320497721418]]]
727	[[[2182.36008 1089.8809129511717 927.1907666226921]]]
728	[[[2182.2800666666667 1089.9871193454098 927.2459859452542]]]
729	[[[2182.600066666667 1090.084880443964 927.2992480194766]]]
730	[[[2182.600066666667 1090.1674758336796 927.3519862584968]]]
731	[[[2182.4400800000003 1090.230668966721 927.4052693581649]]]
732	[[[2182.5200733333336 1090.2748471053692 927.4596458862147]]]
733	[[[2182.2800866666666 1090.3061957701755 927.5151088107918]]]
734	[[[2182.2800866666666 1090.3362700550663 927.5711678434949]]]
735	[[[2182.3601000000003 1090.379842118521 927.6269931489952]]]
736	[[[2182.4400933333336 1090.4515529207663 927.6815801685167]]]
737	[[[2182.6001 1090.5623379906729 927.7338848318568]]]
738	[[[2182.6801133333333 1090.7165994515587 927.7828912664216]]]
739	[[[2182.9201000000003 1090.9107084334148 927.8275972975657]]]
740	[[[2182.6001 1091.132937702162 927.8669310244513]]]
741	[[[2182.9201000000003 1091.3646464193164 927.8996373141532]]]
742	[[[2182.8400866666666 1091.5825307154576 927.9241888015426]]]
743	[[[2182.9201000000003 1091.7618070066799 927.9387763707056]]]
744	[[[2182.6801133333333 1091.880054158044 927.9414173390218]]]
745	[[[2182.760126666667 1091.9210800772544 927.9301887700941]]]
746	[[[2182.920113333333 1091.877864160145 927.9035562173377]]]
747	[[[2183.000106666667 1091.7536912269181 927.8607351748274]]]
748	[[[2183.2400933333333 1091.5611249808055 927.8020036646002]]]
749	[[[2183.4800800000003 1091.319212252888 927.7288861955705]]]
750	[[[2183.48008 1091.0498522656555 927.6441524116755]]]
751	[[[2183.3200733333333 1090.774352696805 927.5516125176681]]]
752	[[[2183.24008 1090.5108843432943 927.4557359396185]]]
753	[[[2183.400066666667 1090.2731042482085 927.3611581958061]]]
754	[[[2183.16008 1090.0698808440359 927.272164224436]]]
755	[[[2183.00008 1089.9058832871026 927.1922395591819]]]
756	[[[2182.68008 1089.7827102587814 927.1237642147292]]]
757	[[[2182.68008 1089.7001562026032 927.0678928917832]]]
758	[[[2182.8400666666666 1089.65717376707 927.0246267278939]]]
759	[[[2182.7600533333334 1089.6521869989604 926.9930445214226]]]
760	[[[2182.68004 1089.682686067055 926.9716324092539]]]
761	[[[2182.44004 1089.7443975005942 926.9586357566585]]]
762	[[[2182.20004 1089.8305726100068 926.9523584353618]]]
763	[[[2182.12004 1089.9318981853366 926.9513527053058]]]
764	[[[2181.80004 1090.037206617921 926.9544741873971]]]
765	[[[2181.80004 1090.1347488556119 926.9608140929046]]]
766	[[[2181.80004 1090.2135697788033 926.9695555316844]]]
767	[[[2181.720026666667 1090.2646329205281 926.9798223728317]]]
768	[[[2181.56004 1090.2816551271317 926.990590234126]]]
769	[[[2181.6400333333336 1090.2618221404512 927.0007076332244]]]
770	[[[2181.8000333333334 1090.2064321661383 927.0090362141209]]]
771	[[[2181.8800466666667 1090.121144120688 927.0146738767271]]]
772	[[[2181.96006 1090.0152787513264 927.0171885147998]]]
773	[[[2181.8000733333333 1089.8999034411124 927.0167762017563]]]
774	[[[2181.96008 1089.785192290036 927.0142727608385]]]
775	[[[2181.96008 1089.6782672844154 927.0109888385022]]]
776	[[[2182.28008 1089.5827357558762 927.0083937212493]]]
777	[[[2182.6000799999997 1089.500220931126 927.0077245264475]]]
778	[[[2182.4400933333336 1089.43284682115 927.0096278130846]]]
779	[[[2182.7600933333333 1089.3848420062786 927.0139392909274]]]
780	[[[2182.7600933333333 1089.3618567243009 927.0196736256981]]]
781	[[[2182.840106666667 1089.3680784013438 927.0252403262638]]]
782	[[[2182.840106666667 1089.4028053719367 927.0288403999117]]]
783	[[[2182.9201000000003 1089.4586899672101 927.0289501322959]]]
784	[[[2182.840106666667 1089.522965772585 927.0247763975552]]]
785	[[[2183.080106666667 1089.5812075219476 927.016576793097]]]
786	[[[2183.080106666667 1089.6217035026539 927.0057724014338]]]
787	[[[2183.400093333333 1089.6382830407629 926.9948289014852]]]
788	[[[2183.72008 1089.6305116314513 926.9869287956371]]]
789	[[[2183.640086666667 1089.6017660951754 926.9854924163395]]]
790	[[[2183.7201 1089.5567806689814 926.9936231903074]]]
791	[[[2183.4801133333335 1089.500197154529 927.0135551401837]]]
792	[[[2183.4001133333336 1089.4366341220211 927.0461738208891]]]
793	[[[2183.480106666667 1089.3715841966098 927.09067214357]]]
794	[[[2183.24012 1089.3118669933995 927.1443929043436]]]
795	[[[2183.560106666667 1089.2647355138804 927.2028986860887]]]
796	[[[2183.720093333334 1089.2357345350038 927.2602921927505]]]
797	[[[2183.8801000000003 1089.2263353444193 927.3097812785312]]]
798	[[[2183.8801 1089.2326205288043 927.3444424485201]]]
799	[[[2183.960093333333 1089.245748323923 927.3580905961202]]]
800	[[[2183.8801000000003 1089.2539927688733 927.346123450584]]]
801	[[[2184.040086666667 1089.2454483013591 927.3061912102961]]]
802	[[[2183.8800866666666 1089.2104027708485 927.2385564168749]]]
803	[[[2183.800086666667 1089.1428550631406 927.1460590280714]]]
804	[[[2183.88008 1089.0412536351898 927.0336784975057]]]
805	[[[2183.960073333333 1088.9088171401788 926.9077703648596]]]
806	[[[2184.1200599999997 1088.753635417024 926.7751267264129]]]
807	[[[2184.0400666666665 1088.5883726261698 926.6420479065773]]]
808	[[[2184.0400666666665 1088.4291786642054 926.5136057725316]]]
809	[[[2184.3600533333333 1088.293569327254 926.3932292846863]]]
810	[[[2184.200053333333 1088.197469604162 926.282664025886]]]
811	[[[2184.360053333333 1088.15205133519 926.182271091289]]]
812	[[[2184.5200466666665 1088.1612017107952 926.0915590832504]]]
813	[[[2184.60004 1088.2203750837132 926.009802501101]]]
814	[[[2184.4400333333333 1088.3172842974702 925.936597116147]]]
815	[[[2184.5200266666666 1088.4344631890224 925.872234039542]]]
816	[[[2184.4400333333333 1088.5532166892935 925.8178272785555]]]
817	[[[2184.36004 1088.6579350833445 925.775189355524]]]
818	[[[2184.2000466666664 1088.7393788209156 925.7465019092609]]]
819	[[[2184.2000466666664 1088.7956305163555 925.7338634013204]]]
820	[[[2184.36004 1088.8301446992243 925.7388100904859]]]
821	[[[2184.2800466666667 1088.84754681709 925.7619004759395]]]
822	[[[2184.2800466666663 1088.849004043772 925.8024322020015]]]
823	[[[2184.2800466666663 1088.8294477773718 925.8583304988989]]]
824	[[[2184.040053333333 1088.7782937532386 925.9262153661944]]]
825	[[[2184.040053333333 1088.6837762911875 926.0016267622696]]]
826	[[[2183.80006 1088.5392982919127 926.0793672591975]]]
827	[[[2183.88006 1088.349139502136 926.1539119924905]]]
828	[[[2184.04006 1088.130975482706 926.2198359242078]]]
829	[[[2184.2800599999996 1087.91387244689 926.2722159714996]]]
830	[[[2184.04006 1087.7321725806485 926.3069766969693]]]
831	[[[2184.0400600000003 1087.6172225085536 926.3211593130742]]]
832	[[[2184.2800533333334 1087.5896415268378 926.3131023386524]]]
833	[[[2184.5200466666665 1087.6545645706942 926.2825280046768]]]
834	[[[2184.5200466666665 1087.8012008602354 926.2305328634926]]]
835	[[[2184.2800599999996 1088.006558786183 926.159486097487]]]
836	[[[2184.2000666666663 1088.241829084302 926.0728460443796]]]
837	[[[2184.28006 1088.4791512499887 925.9749139432148]]]
838	[[[2184.520053333333 1088.6965689789486 925.8705515335569]]]
839	[[[2184.680046666667 1088.8798685154336 925.7648928457197]]]
840	[[[2184.7600466666668 1089.0213351983095 925.6630781052974]]]
841	[[[2184.7600466666668 1089.1167008123014 925.5700291055163]]]
842	[[[2184.7600466666668 1089.1621568682465 925.4902730709418]]]
843	[[[2184.680046666667 1089.1530289928432 925.4278098394421]]]
844	[[[2184.680046666667 1089.0847156767152 925.3860088528451]]]
845	[[[2184.8400533333333 1088.9552984527434 925.3675199852173]]]
846	[[[2185.080046666667 1088.7684112809857 925.3741853055682]]]
847	[[[2185.2400533333334 1088.534872369399 925.4069452913576]]]
848	[[[2185.080053333333 1088.272202145378 925.4657401181122]]]
849	[[[2185.1600466666664 1088.002109610523 925.549412685525]]]
850	[[[2185.4800333333333 1087.7468419424104 925.6556247877725]]]
851	[[[2185.8800333333334 1087.525617137511 925.7808022120156]]]
852	[[[2185.80004 1087.3521486515795 925.9201293907668]]]
853	[[[2185.6400399999998 1087.233739107939 926.0676190343929]]]
854	[[[2185.56004 1087.1718676593134 926.2162845664197]]]
855	[[[2185.400046666667 1087.163818384194 926.3584396299278]]]
856	[[[2185.48004 1087.204716648998 926.4861363758542]]]
857	[[[2185.3200399999996 1087.2892896234073 926.5917320646208]]]
858	[[[2185.32004 1087.412731033078 926.6685447561125]]]
859	[[[2185.32004 1087.570311737076 926.7115300239175]]]
860	[[[2185.4000333333333 1087.7559048868682 926.7178898674542]]]
861	[[[2185.16004 1087.9602664925512 926.687519379731]]]
862	[[[2184.8400333333334 1088.170368595444 926.6232096126596]]]
863	[[[2184.8400333333334 1088.3709045265878 926.5305547377584]]]
864	[[[2184.8400333333334 1088.5481242874193 926.4175517469015]]]
865	[[[2184.7600333333335 1088.694761337995 926.2939229797845]]]
866	[[[2184.68002 1088.8137394434991 926.1702277696971]]]
867	[[[2185.0000266666666 1088.9183576341482 926.056854596293]]]
868	[[[2185.2400399999997 1089.0279938380374 925.9629982870243]]]
869	[[[2185.32004 1089.160524198769 925.8957297213418]]]
870	[[[2185.4000333333333 1089.3245257701608 925.8592603549135]]]
871	[[[2185.4000333333333 1089.5148184193783 925.8544912873846]]]
872	[[[2185.4000333333333 1089.7135737394794 925.8789148825375]]]
873	[[[2185.320033333333 1089.896640416802 925.926903485874]]]
874	[[[2185.4000333333333 1090.0422350054853 925.9903736737446]]]
875	[[[2185.4000333333333 1090.1380861662394 926.0597592365793]]]
876	[[[2185.4000333333333 1090.1840823534174 926.1251708029587]]]
877	[[[2185.4000333333333 1090.1898833614875 926.1775777828884]]]
878	[[[2185.4000333333333 1090.169417182633 926.2098325180176]]]
879	[[[2185.4000333333333 1090.1353387779754 926.2173758934586]]]
880	[[[2185.320033333333 1090.0958932267952 926.1985182619427]]]
881	[[[2185.400046666667 1090.0548309155458 926.154269403157]]]
882	[[[2185.160033333333 1090.0133048994567 926.087778432965]]]
883	[[[2184.92002 1089.972024953401 926.0035180359549]]]
884	[[[2184.7600266666664 1089.9324779765848 925.9063891536169]]]
885	[[[2184.9200266666667 1089.8970797122402 925.8009228070023]]]
886	[[[2184.8400333333334 1089.8688323255055 925.690716763689]]]
887	[[[2184.76004 1089.8510202745667 925.5781784427558]]]
888	[[[2185.0000533333327 1089.846953724349 925.464570512132]]]
889	[[[2185.0000533333337 1089.8593824767524 925.3502916054572]]]
890	[[[2185.0000533333337 1089.889359363371 925.2352861410577]]]
891	[[[2185.1600466666664 1089.9348992895714 925.1194703513156]]]
892	[[[2185.1600466666664 1089.9902389958377 925.0030827698869]]]
893	[[[2185.40006 1090.0464075585935 924.886905648892]]]
894	[[[2185.40006 1090.0931734882715 924.7723450667621]]]
895	[[[2185.4800600000003 1090.1216865233553 924.6613895320734]]]
896	[[[2185.3200466666667 1090.1268012687863 924.5564827791039]]]
897	[[[2185.4800466666666 1090.1083461225205 924.4603460859116]]]
898	[[[2185.5600466666665 1090.071223216123 924.3757744132431]]]
899	[[[2185.8800533333333 1090.024716744433 924.3054172570902]]]
900	[[[2185.8000533333334 1089.981436853494 924.2515467804487]]]
901	[[[2185.8800466666667 1089.9560090839643 924.2158164108179]]]
902	[[[2186.1200400000002 1089.9633015746651 924.1990219498821]]]
903	[[[2185.9600266666666 1090.0160099243521 924.2008899418479]]]
904	[[[2185.9600266666666 1090.1218406611822 924.2199286648447]]]
905	[[[2186.040026666667 1090.2810596280706 924.2533806049545]]]
906	[[[2186.2800333333334 1090.4853913139925 924.2973091557174]]]
907	[[[2186.3600333333334 1090.7189401814887 924.3468370527662]]]
908	[[[2186.4400266666667 1090.9610753627167 924.3965324998007]]]
909	[[[2186.600026666667 1091.1904664694746 924.4409149471895]]]
910	[[[2186.600026666667 1091.3890834830368 924.4750299368015]]]
911	[[[2186.76004 1091.5451378984026 924.4950247100866]]]
912	[[[2186.8400533333333 1091.6544822230787 924.498646276713]]]
913	[[[2186.9200533333333 1091.7205454861014 924.4855838815203]]]
914	[[[2186.84004 1091.753160365449 924.4575902556734]]]
915	[[[2186.92004 1091.7665718438213 924.4183413827151]]]
916	[[[2187.0800400000003 1091.7767110361985 924.373031134081]]]
917	[[[2187.0800400000003 1091.7977810972936 924.3277403405564]]]
918	[[[2187.08004 1091.838516798041 924.2886620173176]]]
919	[[[2187.16004 1091.8990315249928 924.2612962707017]]]
920	[[[2187.16004 1091.9695683295392 924.2497413230382]]]
921	[[[2187.0000333333332 1092.0322919066514 924.2561959310227]]]
922	[[[2187.1600466666664 1092.066329075047 924.2807535216097]]]
923	[[[2187.00004 1092.0548784748241 924.3215159383468]]]
924	[[[2187.00004 1091.9920302157007 924.3749958801267]]]
925	[[[2187.00004 1091.8866434042623 924.43672500596]]]
926	[[[2186.9200266666667 1091.7615027846787 924.5019508137194]]]
927	[[[2186.8400133333334 1091.647690547341 924.5662966556671]]]
928	[[[2186.8400133333334 1091.5758988301443 924.6262761360382]]]
929	[[[2186.8400133333334 1091.56748804553 924.6795900062992]]]
930	[[[2186.8400133333334 1091.628073600871 924.7251807492667]]]
931	[[[2186.8400133333334 1091.745442476796 924.7630664171094]]]
932	[[[2186.8400133333334 1091.89217110481 924.7940118900287]]]
933	[[[2187.000026666667 1092.0319940772306 924.8191172567355]]]
934	[[[2186.9200266666667 1092.128119832763 924.8394083933435]]]
935	[[[2187.000026666667 1092.1514111807749 924.8555062107871]]]
936	[[[2186.9200266666667 1092.0865793659068 924.8674322531555]]]
937	[[[2186.9200266666667 1091.9351419610346 924.8745832635483]]]
938	[[[2187.160026666667 1091.7147029491773 924.8758792117496]]]
939	[[[2187.160026666667 1091.4549447834793 924.8700607336995]]]
940	[[[2187.4000333333333 1091.191393721553 924.8560856410631]]]
941	[[[2187.4000333333333 1090.9583950745443 924.8335533900507]]]
942	[[[2187.4000333333333 1090.782770489148 924.8030749732987]]]
943	[[[2187.4800466666666 1090.6793753169748 924.7665071759483]]]
944	[[[2187.4800466666666 1090.6493296641802 924.7269864970609]]]
945	[[[2187.5600600000002 1090.6811533735315 924.6887284352115]]]
946	[[[2187.5600600000002 1090.754457370688 924.6565980308466]]]
947	[[[2187.6400733333335 1090.845295497604 924.6355003767818]]]
948	[[[2187.5600600000002 1090.9318668555704 924.6296766286299]]]
949	[[[2187.7200733333334 1090.9991227513374 924.6420138756579]]]
950	[[[2187.7200733333334 1091.0410926773523 924.6734807723809]]]
951	[[[2187.8800866666666 1091.06039567832 924.7227839099605]]]
952	[[[2187.720073333333 1091.0652695819697 924.7863058422953]]]
953	[[[2187.560086666667 1091.0652299771718 924.8583414691838]]]
954	[[[2187.480086666667 1091.066874140535 924.9316040168347]]]
955	[[[2187.32008 1091.0712298194906 924.9979337111864]]]
956	[[[2187.32008 1091.073474098395 925.0491175877781]]]
957	[[[2187.32008 1091.0650258824808 925.077720232004]]]
958	[[[2187.32008 1091.0372146283398 925.0778313216794]]]
959	[[[2187.480086666667 1090.9851868833982 925.0456526370835]]]
960	[[[2187.4000733333332 1090.910596774859 924.9798697420468]]]
961	[[[2187.480086666667 1090.8219982596213 924.8817777035374]]]
962	[[[2187.3200733333338 1090.7326383059917 924.7551538323282]]]
963	[[[2187.3200733333338 1090.6563062793828 924.6058932075847]]]
964	[[[2187.3200733333338 1090.60268016259 924.4414451693771]]]
965	[[[2187.3200733333338 1090.5738934910623 924.2701106777431]]]
966	[[[2187.2400599999996 1090.5636663502016 924.1002791154589]]]
967	[[[2187.32006 1090.5594049928493 923.9396944510951]]]
968	[[[2187.32006 1090.5465312223723 923.7948397884393]]]
969	[[[2187.4800733333336 1090.5134203001912 923.6705130061868]]]
970	[[[2187.560086666667 1090.4550882018705 923.5696350789564]]]
971	[[[2187.6401 1090.3742998235393 923.4932921832551]]]
972	[[[2187.6401 1090.279853148855 923.4409720721369]]]
973	[[[2187.5600866666664 1090.1829430404518 923.4109248216678]]]
974	[[[2187.40008 1090.093187881237 923.4005659026197]]]
975	[[[2187.480093333333 1090.015817472843 923.4068482731021]]]
976	[[[2187.40008 1089.9507934974251 923.4265559927444]]]
977	[[[2187.4800800000003 1089.8937279382424 923.4565055928402]]]
978	[[[2187.4800800000003 1089.8378771524337 923.493671815617]]]
979	[[[2187.4800800000003 1089.7764223452086 923.5352718776253]]]
980	[[[2187.4800800000003 1089.704518063355 923.578842697379]]]
981	[[[2187.4800800000003 1089.6208450757888 923.6223305530266]]]
982	[[[2187.4800800000003 1089.5284455525918 923.664189802897]]]
983	[[[2187.400066666667 1089.4345533177398 923.7034664773713]]]
984	[[[2187.400066666667 1089.3492195900471 923.7398323566337]]]
985	[[[2187.5600533333336 1089.2828999435662 923.7735398670756]]]
986	[[[2187.5600533333336 1089.2436567595666 923.8052863237426]]]
987	[[[2187.5600533333336 1089.2349276141558 923.8360013240372]]]
988	[[[2187.8000533333334 1089.2546893159285 923.8665946216478]]]
989	[[[2187.8000533333334 1089.2963330711261 923.8977155610263]]]
990	[[[2187.72004 1089.3508924324549 923.9295747176367]]]
991	[[[2187.72004 1089.4097271992714 923.9618642790847]]]
992	[[[2187.8000533333334 1089.466590980221 923.9937908185001]]]
993	[[[2187.8000533333334 1089.518292204726 924.0242096765787]]]
994	[[[2187.6400399999998 1089.5638194378469 924.0518310071734]]]
995	[[[2187.6400399999998 1089.6025723121481 924.0754577892444]]]
996	[[[2187.6400399999998 1089.632828727187 924.0942161888676]]]
997	[[[2187.56004 1089.6514720975247 924.1077458008975]]]
998	[[[2187.56004 1089.6552873702321 924.1163272499563]]]
999	[[[2187.400026666667 1089.6431763275862 924.120933682751]]]
1000	[[[2187.1600266666665 1089.6179989925695 924.1231991919834]]]
1001	[[[2187.0000133333333 1089.5868248195975 924.1253019270935]]]
1002	[[[2187.0000133333333 1089.559163515727 924.1297648517992]]]
1003	[[[2186.680013333333 1089.5438119633686 924.139185034298]]]
1004	[[[2186.6000133333337 1089.545713006785 924.1559136592574]]]
1005	[[[2186.5200133333337 1089.5642669641077 924.1817219605408]]]
1006	[[[2186.4400133333334 1089.5938560165966 924.2174993463642]]]
1007	[[[2186.2799999999997 1089.6263019297576 924.2630348016104]]]
1008	[[[2186.2 1089.6541112438915 924.3169278740064]]]
1009	[[[2186.28 1089.6730859109948 924.3766601998462]]]
1010	[[[2186.3600133333334 1089.6832896348396 924.4388345004196]]]
1011	[[[2186.3600133333334 1089.6882106380142 924.4995596287441]]]
1012	[[[2186.3600133333334 1089.6928006126661 924.5549332023011]]]
1013	[[[2186.3600133333334 1089.7014893856374 924.6015531307979]]]
1014	[[[2186.60002 1089.717111962121 924.6369801160495]]]
1015	[[[2186.4400200000005 1089.7410781963852 924.6600770776686]]]
1016	[[[2186.5200200000004 1089.774404971562 924.6711682579727]]]
1017	[[[2186.36002 1089.8187678231097 924.6719881190621]]]
1018	[[[2186.36002 1089.8767149174148 924.6654238526177]]]
1019	[[[2186.36002 1089.9506101310571 924.6550898128829]]]
1020	[[[2186.36002 1090.0405461541948 924.6448012608606]]]
1021	[[[2186.44002 1090.1421111767306 924.6380326716329]]]
1022	[[[2186.36002 1090.2452163996852 924.6374483479298]]]
1023	[[[2186.28002 1090.3349948364628 924.6445788839169]]]
1024	[[[2186.2000199999998 1090.395048734076 924.6596883878392]]]
1025	[[[2185.9600066666667 1090.4122901793744 924.6818400096159]]]
1026	[[[2185.8800066666668 1090.3817347289844 924.7091292891108]]]
1027	[[[2185.8800066666668 1090.3093394342823 924.739024670449]]]
1028	[[[2185.720006666667 1090.211550684312 924.7687390655638]]]
1029	[[[2185.48 1090.1114580234032 924.7955589767488]]]
1030	[[[2185.400006666667 1090.0327980337968 924.8170774026768]]]
1031	[[[2185.240006666667 1089.9938960951586 924.8313083676048]]]
1032	[[[2185.2400066666664 1090.0035949272115 924.8366962775025]]]
1033	[[[2185.1600066666665 1090.0603463439186 924.8320632327712]]]
1034	[[[2185.1600066666665 1090.1543664891742 924.816553892873]]]
1035	[[[2185.32002 1090.2716540795507 924.7896356490415]]]
1036	[[[2185.4800266666666 1090.3981933192445 924.7511914504043]]]
1037	[[[2185.6400266666665 1090.522929940474 924.7017083771019]]]
1038	[[[2185.640026666667 1090.6388933763362 924.6425258865548]]]
1039	[[[2185.640026666667 1090.7427117211953 924.5760746623661]]]
1040	[[[2185.720026666667 1090.8333318717494 924.506020500783]]]
1041	[[[2185.8800400000005 1090.9108363856647 924.4372341792779]]]
1042	[[[2185.8800400000005 1090.9759210267514 924.3755381633033]]]
1043	[[[2185.8800399999996 1091.0300956233857 924.3272280086582]]]
1044	[[[2185.80004 1091.0762312454178 924.2984188584242]]]
1045	[[[2185.80004 1091.1188489937529 924.2943119651718]]]
1046	[[[2185.720046666667 1091.1635949056708 924.3185011353372]]]
1047	[[[2185.8800466666667 1091.2156750936626 924.3724382187598]]]
1048	[[[2185.8800466666667 1091.2775608273014 924.4551510537277]]]
1049	[[[2185.8000466666663 1091.3468229062546 924.5632636973505]]]
1050	[[[2185.4000466666666 1091.4152306736526 924.6913180372163]]]
1051	[[[2185.0000466666665 1091.4700033670194 924.8323489042012]]]
1052	[[[2184.7600533333334 1091.4973029385994 924.9786297498771]]]
1053	[[[2184.68006 1091.486999264741 925.1224867580912]]]
1054	[[[2184.76006 1091.436932704386 925.2570759033639]]]
1055	[[[2184.5200733333336 1091.3548145489624 925.3770274182657]]]
1056	[[[2184.28006 1091.256693216299 925.4788820977102]]]
1057	[[[2184.28006 1091.1622869810055 925.5612709617203]]]
1058	[[[2184.28006 1091.0888392876814 925.6248217130264]]]
1059	[[[2184.2000666666668 1091.0458622493422 925.6718098311923]]]
1060	[[[2184.1200733333335 1091.0328511411053 925.7056059024718]]]
1061	[[[2184.2800666666667 1091.0408749698536 925.7299996393623]]]
1062	[[[2184.2000666666668 1091.0573655029937 925.7485001406718]]]
1063	[[[2184.3600666666666 1091.0721010751288 925.7637170517273]]]
1064	[[[2184.3600666666666 1091.0818672822745 925.7769162336932]]]
1065	[[[2184.7600666666667 1091.0918026355882 925.787817241557]]]
1066	[[[2184.7600666666667 1091.112808975 925.7946624469581]]]
1067	[[[2184.7600666666667 1091.1560656983065 925.7945454841062]]]
1068	[[[2184.8400600000004 1091.2269211780006 925.7839471138637]]]
1069	[[[2184.68006 1091.320689788307 925.7593959675852]]]
1070	[[[2185.08006 1091.4220470206521 925.718154128353]]]
1071	[[[2185.16006 1091.508206364451 925.6588245954763]]]
1072	[[[2185.0800600000002 1091.554617003145 925.581788417223]]]
1073	[[[2185.0000666666665 1091.5411839416165 925.4894012059416]]]
1074	[[[2185.16006 1091.4571755352429 925.3859088788435]]]
1075	[[[2185.2400533333334 1091.3037446263506 925.2770779093338]]]
1076	[[[2185.400066666667 1091.0938302109264 925.1695733614474]]]
1077	[[[2185.4000666666666 1090.8497730061797 925.0701553565141]]]
1078	[[[2185.3200666666667 1090.599258233495 924.9847972038573]]]
1079	[[[2185.2400733333334 1090.3703878509486 924.9178508093197]]]
1080	[[[2185.2400733333334 1090.18689811511 924.8713912018976]]]
1081	[[[2185.56008 1090.0646540960297 924.8448571975883]]]
1082	[[[2185.56008 1090.010321165386 924.8350676330865]]]
1083	[[[2185.8000933333333 1090.0224348610536 924.8366355006506]]]
1084	[[[2185.8000933333333 1090.0941950041708 924.8427344982241]]]
1085	[[[2185.56008 1090.216665096851 924.8461071161655]]]
1086	[[[2185.400086666667 1090.3810547773185 924.8401549580386]]]
1087	[[[2185.480086666667 1090.579423865316 924.8199325756178]]]
1088	[[[2185.56008 1090.8040853218274 924.7828815740322]]]
1089	[[[2185.56008 1091.0466566535763 924.7291897430026]]]
1090	[[[2185.8800866666666 1091.2977629766629 924.6617301273365]]]
1091	[[[2185.7200733333334 1091.5478704112984 924.5856115436864]]]
1092	[[[2185.56008 1091.788983469867 924.5074382338033]]]
1093	[[[2185.4800800000003 1092.0163940096445 924.4344185993706]]]
1094	[[[2185.5600733333335 1092.2295692973064 924.3734743848194]]]
1095	[[[2185.40006 1092.4316130022626 924.3304831399247]]]
1096	[[[2185.1600466666664 1092.62734439176 924.3097458584821]]]
1097	[[[2185.1600466666664 1092.8206581642187 924.3137198169234]]]
1098	[[[2185.1600466666664 1093.0121908613216 924.3430058501685]]]
1099	[[[2185.240046666667 1093.1982461653697 924.3965393393909]]]
1100	[[[2185.3200466666667 1093.3714098851942 924.4719108545224]]]
1101	[[[2185.4800400000004 1093.5225422332326 924.5657372362847]]]
1102	[[[2185.4800400000004 1093.643262505315 924.674014829238]]]
1103	[[[2185.56004 1093.7279727287535 924.7924089408516]]]
1104	[[[2185.6400399999998 1093.7749298405906 924.9164613154712]]]
1105	[[[2185.400026666667 1093.7865317441883 925.0417239941706]]]
1106	[[[2185.56004 1093.7693424336433 925.1638475378526]]]
1107	[[[2185.720033333333 1093.7341690743617 925.2786600941728]]]
1108	[[[2185.7200333333335 1093.6958902749054 925.3822697577534]]]
1109	[[[2185.8000333333334 1093.672245174091 925.4712079057709]]]
1110	[[[2185.8800333333334 1093.6809310728097 925.5426104281345]]]
1111	[[[2185.9600333333337 1093.7352103620317 925.5944134600812]]]
1112	[[[2185.9600333333337 1093.8393461782061 925.625526610284]]]
1113	[[[2185.80002 1093.9858436959682 925.6359438603098]]]
1114	[[[2186.040026666667 1094.156139564425 925.6267609977244]]]
1115	[[[2186.040026666667 1094.3250899287723 925.6000858639787]]]
1116	[[[2186.20004 1094.4679693930982 925.5588486818648]]]
1117	[[[2186.2800399999996 1094.5675445205643 925.506538490872]]]
1118	[[[2186.5200466666665 1094.618701566919 925.4469036413566]]]
1119	[[[2186.5200466666665 1094.6291001097363 925.383657106552]]]
1120	[[[2186.8400533333333 1094.6158815129293 925.3202214456824]]]
1121	[[[2186.68004 1094.599869607112 925.2595361410663]]]
1122	[[[2186.60004 1094.5994093376305 925.2039354904273]]]
1123	[[[2186.76004 1094.625820177088 925.1550921279262]]]
1124	[[[2186.68004 1094.681589389741 925.1140125919004]]]
1125	[[[2186.5200400000003 1094.761315882002 925.0810686514311]]]
1126	[[[2186.5200400000003 1094.854493930429 925.0560510293982]]]
1127	[[[2186.680033333333 1094.948820132733 925.0382387371264]]]
1128	[[[2186.6000333333336 1095.0328966454927 925.0264844441516]]]
1129	[[[2186.280026666667 1095.097811641983 925.0193210558115]]]
1130	[[[2186.3600266666667 1095.1377628613884 925.0150948446636]]]
1131	[[[2186.120013333333 1095.1503142583767 925.0121256701441]]]
1132	[[[2186.0400133333333 1095.1368577228743 925.0088864376426]]]
1133	[[[2185.8800066666668 1095.1034354302703 925.0041846623809]]]
1134	[[[2185.720006666667 1095.0615011389593 924.9973217459313]]]
1135	[[[2185.4800000000005 1095.0277922373577 924.9882025716016]]]
1136	[[[2185.56 1095.0225341920075 924.9773702866795]]]
1137	[[[2185.8800066666668 1095.0657938412517 924.9659485254653]]]
1138	[[[2185.8000066666664 1095.1727260902271 924.9554850071812]]]
1139	[[[2185.8800066666668 1095.3492499003928 924.9477053138877]]]
1140	[[[2185.9600066666667 1095.5898450059415 924.9442023710166]]]
1141	[[[2186.2000133333336 1095.8784734650897 924.9461037561108]]]
1142	[[[2186.2000133333336 1096.192376501099 924.9537724456612]]]
1143	[[[2186.360013333333 1096.5073237007045 924.966602980674]]]
1144	[[[2186.3600133333334 1096.8024283179823 924.9829701914472]]]
1145	[[[2186.5200200000004 1097.0630975692732 925.0003689813785]]]
1146	[[[2186.5200200000004 1097.2817178474236 925.0157518557506]]]
1147	[[[2186.60002 1097.456637046411 925.0260306745027]]]
1148	[[[2186.5200200000004 1097.590399892716 925.0286689330032]]]
1149	[[[2186.60002 1097.6879773467301 925.0222607685888]]]
1150	[[[2186.60002 1097.7552805230077 925.0069815674387]]]
1151	[[[2186.5200200000004 1097.797994464372 924.9848071424467]]]
1152	[[[2186.280013333334 1097.8208348097842 924.9594329998366]]]
1153	[[[2186.2000133333336 1097.8274767754947 924.935875878768]]]
1154	[[[2186.2000133333336 1097.8212920184567 924.919796651835]]]
1155	[[[2186.120013333333 1097.8065871113924 924.9166359745012]]]
1156	[[[2186.0400200000004 1097.7895833827845 924.9306923715249]]]
1157	[[[2186.04002 1097.778350735067 924.9642903233115]]]
1158	[[[2185.8800199999996 1097.7814602799826 925.0171804229473]]]
1159	[[[2185.800026666667 1097.8059333207905 925.0862851931961]]]
1160	[[[2185.4800200000004 1097.8555683215234 925.1658560432589]]]
1161	[[[2185.4000266666667 1097.9305500274652 925.2480452356544]]]
1162	[[[2185.48004 1098.0284997570516 925.3238303098609]]]
1163	[[[2185.3200466666667 1098.146313143171 925.3841677949927]]]
1164	[[[2185.240046666667 1098.281752994598 925.4212093742444]]]
1165	[[[2185.1600466666664 1098.433985620228 925.4293963370137]]]
1166	[[[2185.080046666667 1098.6028539289932 925.4062622821403]]]
1167	[[[2184.9200533333333 1098.787296846623 925.3528185075735]]]
1168	[[[2184.9200533333333 1098.9836802907005 925.2734635783221]]]
1169	[[[2185.0000533333327 1099.1848302703859 925.1754352941308]]]
1170	[[[2185.080053333333 1099.3803187919546 925.0678947218175]]]
1171	[[[2184.84004 1099.5581422839343 924.9607848427371]]]
1172	[[[2184.6800466666664 1099.7074392020688 924.8636322364273]]]
1173	[[[2184.680046666667 1099.8214369167097 924.7844569768818]]]
1174	[[[2184.92004 1099.8995679011093 924.7289274430271]]]
1175	[[[2184.92004 1099.9478196983298 924.699851027572]]]
1176	[[[2184.8400466666662 1099.9769358058893 924.6970383467645]]]
1177	[[[2184.760033333333 1099.9989129501232 924.7175264564897]]]
1178	[[[2184.68004 1100.0229983869092 924.7561027283991]]]
1179	[[[2184.520053333333 1100.0526884875635 924.8060399657282]]]
1180	[[[2184.44006 1100.084857112364 924.8599372834348]]]
1181	[[[2184.44006 1100.1112363937864 924.9105604685097]]]
1182	[[[2184.44006 1100.1214882724405 924.9515883526318]]]
1183	[[[2184.2800733333333 1100.1065639605342 924.9781948122086]]]
1184	[[[2184.1200733333335 1100.0612082014843 924.9874245846917]]]
1185	[[[2183.96008 1099.9851452086243 924.978349728583]]]
1186	[[[2183.8800866666666 1099.8831922074442 924.9520173816423]]]
1187	[[[2183.8800866666666 1099.7648339214713 924.911215467513]]]
1188	[[[2183.7201 1099.6435596704375 924.8600908875393]]]
1189	[[[2183.4001133333336 1099.5358079370717 924.8036569732764]]]
1190	[[[2183.5601133333334 1099.459116002162 924.747227712116]]]
1191	[[[2183.6401066666667 1099.4292819958794 924.6958194919995]]]
1192	[[[2183.4001133333336 1099.4569164643926 924.6535687289003]]]
1193	[[[2183.6401 1099.5443446089646 924.6232242214252]]]
1194	[[[2183.7200933333334 1099.6840571272453 924.605781492408]]]
1195	[[[2183.720093333333 1099.8596116042077 924.6003258950719]]]
1196	[[[2183.7200933333334 1100.0491151579333 924.6041357764506]]]
1197	[[[2183.7200933333334 1100.2304404212734 924.613064016971]]]
1198	[[[2183.720093333333 1100.3865371031509 924.6221689787486]]]
1199	[[[2183.6400999999996 1100.5089932232352 924.6265133939331]]]
1200	[[[2183.7200933333334 1100.5985783277222 924.6220051168301]]]
1201	[[[2183.7200933333334 1100.6627111023872 924.6061303825833]]]
1202	[[[2183.6400999999996 1100.7111083173156 924.5784376722031]]]
1203	[[[2183.8000866666666 1100.7516211996265 924.5406703449204]]]
1204	[[[2183.8000866666666 1100.7880254654735 924.4965118051505]]]
1205	[[[2183.560093333333 1100.8204175834978 924.4509835446135]]]
1206	[[[2183.4801 1100.8475042416414 924.4096057243586]]]
1207	[[[2183.4001066666665 1100.8692103378833 924.3774753471429]]]
1208	[[[2183.2401133333333 1100.8880955059092 924.358428139652]]]
1209	[[[2183.4001066666665 1100.9089093395417 924.354425804826]]]
1210	[[[2183.3201133333337 1100.9366566981028 924.3652583030704]]]
1211	[[[2183.1601266666667 1100.9741987861582 924.3885857237765]]]
1212	[[[2183.1601266666667 1101.0204461761177 924.4202824851304]]]
1213	[[[2183.24012 1101.0697886256423 924.4550015344239]]]
1214	[[[2183.4001133333336 1101.1129216657082 924.4868549860257]]]
1215	[[[2183.2401266666666 1101.138910243812 924.5101097132502]]]
1216	[[[2183.4001200000002 1101.1381464437907 924.5198150831203]]]
1217	[[[2183.320106666667 1101.1056418900905 924.5123056420038]]]
1218	[[[2183.080106666667 1101.0437890230567 924.4855454104572]]]
1219	[[[2183.1601 1100.9635196216443 924.4392977311842]]]
1220	[[[2183.0000933333336 1100.8829996392844 924.3751155036312]]]
1221	[[[2183.080086666667 1100.8237723558068 924.2961550959135]]]
1222	[[[2183.080086666667 1100.8053533410475 924.2068282328299]]]
1223	[[[2183.080086666667 1100.8401236443026 924.1123225966526]]]
1224	[[[2182.8401 1100.930416302167 924.0180424378686]]]
1225	[[[2182.8401 1101.0688093061433 923.9290395998722]]]
1226	[[[2182.8401 1101.2412398021768 923.8495152031946]]]
1227	[[[2182.7601066666666 1101.4313791218794 923.782466122971]]]
1228	[[[2182.6001 1101.6243738382398 923.729526054829]]]
1229	[[[2182.2801000000004 1101.808690736598 923.691012336355]]]
1230	[[[2182.2801 1101.9759834505637 923.6661463453908]]]
1231	[[[2182.2801000000004 1102.119934338172 923.6533795514127]]]
1232	[[[2182.3601133333336 1102.2353669762804 923.650740016819]]]
1233	[[[2182.440126666667 1102.3184613605608 923.6561207889757]]]
1234	[[[2182.440126666667 1102.3679892546054 923.667460060046]]]
1235	[[[2182.760126666667 1102.386704007696 923.6828039520516]]]
1236	[[[2182.6801333333337 1102.3818298715332 923.7002829694624]]]
1237	[[[2182.6801333333333 1102.3640789444732 923.7180596341251]]]
1238	[[[2182.520126666667 1102.3454473976815 923.7343094667845]]]
1239	[[[2182.4401133333336 1102.3366883923893 923.7472796777589]]]
1240	[[[2182.3601 1102.3454562449858 923.7554365636415]]]
1241	[[[2182.440093333333 1102.3756640662812 923.7576755076498]]]
1242	[[[2182.68008 1102.4279297932735 923.753539231964]]]
1243	[[[2182.68008 1102.500518905091 923.7433796211918]]]
1244	[[[2182.7600933333333 1102.5901473970607 923.7284087494808]]]
1245	[[[2182.60008 1102.6923108879175 923.7106115861055]]]
1246	[[[2182.3600933333337 1102.8012004203513 923.6925271429932]]]
1247	[[[2182.28008 1102.9095227379755 923.6769358938767]]]
1248	[[[2182.5200666666665 1103.008583961163 923.6665104698562]]]
1249	[[[2182.4400733333337 1103.0888750284846 923.663489787869]]]
1250	[[[2182.2000866666667 1103.141210127943 923.6694250513638]]]
1251	[[[2182.2000866666667 1103.1582865997668 923.6850248654044]]]
1252	[[[2182.2000866666667 1103.136401090221 923.7101034078864]]]
1253	[[[2182.2000866666667 1103.0770015500439 923.7436170234341]]]
1254	[[[2182.2801000000004 1102.9877750700773 923.7837650532769]]]
1255	[[[2182.3601133333336 1102.8830106433952 923.8281310121179]]]
1256	[[[2182.2801200000004 1102.7829611481604 923.8738479361447]]]
1257	[[[2182.0401333333334 1102.7118710850127 923.9177822549336]]]
1258	[[[2182.0401333333334 1102.6943924771451 923.9567387109915]]]
1259	[[[2182.0401333333334 1102.7504950591801 923.9876905653773]]]
1260	[[[2182.200146666667 1102.8897355735983 924.0080328774201]]]
1261	[[[2182.200146666667 1103.1065857629399 924.0158433822015]]]
1262	[[[2182.2801600000003 1103.3788610567399 924.0101196380715]]]
1263	[[[2182.0401733333333 1103.670666756512 923.9909486957235]]]
1264	[[[2182.0401733333333 1103.9397151509293 923.9595625611151]]]
1265	[[[2181.96016 1104.1470231463393 923.9182431299878]]]
1266	[[[2181.880146666667 1104.2658355074752 923.8700642497897]]]
1267	[[[2181.96014 1104.2868093341758 923.8184918715374]]]
1268	[[[2181.88014 1104.2179905516703 923.7668979416209]]]
1269	[[[2181.88014 1104.0801595383891 923.7180701769958]]]
1270	[[[2181.9601333333335 1103.8997253041607 923.6738098327928]]]
1271	[[[2182.0401266666668 1103.7018421245655 923.6346986551071]]]
1272	[[[2182.0401266666668 1103.505783319507 923.6000856815864]]]
1273	[[[2182.2001333333337 1103.323342445381 923.5683011976811]]]
1274	[[[2182.2001333333333 1103.159810095167 923.5370593945446]]]
1275	[[[2182.12012 1103.0163583137028 923.5039740723519]]]
1276	[[[2182.040106666667 1102.8925603792725 923.4670913984706]]]
1277	[[[2182.040106666667 1102.7881100412071 923.4253436883222]]]
1278	[[[2182.040106666667 1102.7033198481654 923.3788464583882]]]
1279	[[[2182.2800933333333 1102.6384752970434 923.328991507732]]]
1280	[[[2182.6000933333335 1102.5925064990654 923.2783237152257]]]
1281	[[[2182.6801066666667 1102.5616738532026 923.230221651112]]]
1282	[[[2182.6001133333334 1102.5390044043224 923.1884276227788]]]
1283	[[[2183.0001133333335 1102.5150087131517 923.1564899467736]]]
1284	[[[2183.080106666667 1102.4797545152514 923.1371896035239]]]
1285	[[[2183.0001133333335 1102.4257910459633 923.1320260386165]]]
1286	[[[2182.92012 1102.3509337078783 923.1408330770533]]]
1287	[[[2182.92012 1102.2597733614957 923.1615850735888]]]
1288	[[[2182.840126666667 1102.163093963142 923.1904346166826]]]
1289	[[[2182.840126666667 1102.0751005041575 923.2219964235437]]]
1290	[[[2182.92014 1102.0092280808024 923.2498596864297]]]
1291	[[[2183.0801466666667 1101.9739751378575 923.267277547356]]]
1292	[[[2183.0801466666667 1101.9703553158777 923.2679535210001]]]
1293	[[[2183.16014 1101.992033877186 923.2468262641111]]]
1294	[[[2183.0001466666668 1102.0281361007144 923.2007498563811]]]
1295	[[[2182.7601600000003 1102.0675279266604 923.1289774527837]]]
1296	[[[2182.7601600000003 1102.1026647388715 923.0333795782972]]]
1297	[[[2182.840153333333 1102.1313033656397 922.9183603569196]]]
1298	[[[2182.6001666666666 1102.1554324572662 922.7904710639385]]]
1299	[[[2182.6001666666666 1102.1781585049446 922.6577567072563]]]
1300	[[[2182.6801600000003 1102.2002522708478 922.5289049291943]]]
1301	[[[2182.6001466666667 1102.2181240601187 922.4122947036905]]]
1302	[[[2182.5201333333334 1102.2241918777709 922.3150617994547]]]
1303	[[[2182.5201333333334 1102.2094243151216 922.2423045553475]]]
1304	[[[2182.5201333333334 1102.1668896289677 922.1965428201808]]]
1305	[[[2182.44012 1102.0948142787129 922.177512415718]]]
1306	[[[2182.360126666667 1101.9979802314465 922.1823287365429]]]
1307	[[[2182.2801133333332 1101.887026094846 922.2059930897418]]]
1308	[[[2182.1201066666667 1101.7760181449619 922.2421559513464]]]
1309	[[[2182.0401133333335 1101.6792291933525 922.2840064050047]]]
1310	[[[2181.9601 1101.6082382771037 922.3251383971474]]]
1311	[[[2182.0400933333335 1101.5702255167532 922.360257543886]]]
1312	[[[2182.120086666667 1101.5678070096653 922.3856338487916]]]
1313	[[[2182.20008 1101.60015237083 922.3992645252988]]]
1314	[[[2182.3600733333333 1101.664685388055 922.4007711824432]]]
1315	[[[2182.2000666666668 1101.758544364744 922.3911014002496]]]
1316	[[[2182.2000666666668 1101.8791965843927 922.3721260448647]]]
1317	[[[2182.3600733333333 1102.0240503897967 922.3462187282461]]]
1318	[[[2182.28006 1102.1893971781362 922.3158790492008]]]
1319	[[[2182.28006 1102.3693470995256 922.2834284945967]]]
1320	[[[2182.3600733333337 1102.555458729735 922.2507798184629]]]
1321	[[[2182.3600733333333 1102.73747372808 922.2192664183676]]]
1322	[[[2182.4400866666665 1102.9050566485873 922.1895202758327]]]
1323	[[[2182.5201 1103.0499373433952 922.1614011362768]]]
1324	[[[2182.5201 1103.1676299260077 922.1339966631546]]]
1325	[[[2182.8401 1103.2581145655447 922.105722989092]]]
1326	[[[2183.0000933333336 1103.3254156262237 922.0745497822753]]]
1327	[[[2183.0000933333336 1103.376542849391 922.0383516579772]]]
1328	[[[2182.9201000000003 1103.420402174201 921.9953531812213]]]
1329	[[[2182.6801133333333 1103.4669231621792 921.9445980398064]]]
1330	[[[2182.6801133333333 1103.5260928783853 921.8863469045106]]]
1331	[[[2182.8401200000003 1103.606346145735 921.8223041107589]]]
1332	[[[2182.680113333334 1103.7121487195939 921.75559614522]]]
1333	[[[2182.680113333334 1103.8414249502746 921.690472560835]]]
1334	[[[2182.7601066666666 1103.9841163565916 921.6317618647396]]]
1335	[[[2182.7601066666666 1104.1230498820614 921.5841751344178]]]
1336	[[[2182.7601066666666 1104.2373839311567 921.5515917800612]]]
1337	[[[2182.760106666667 1104.3077028145606 921.5364725589214]]]
1338	[[[2182.7601066666666 1104.321067729563 921.5395207334377]]]
1339	[[[2182.8401 1104.274417508131 921.5596591301864]]]
1340	[[[2182.7601 1104.1754957603998 921.5943228282453]]]
1341	[[[2182.5201133333335 1104.0414241450205 921.6400018545784]]]
1342	[[[2182.2801133333332 1103.8956329912346 921.6929212158402]]]
1343	[[[2182.3601066666665 1103.7639378990873 921.749726063913]]]
1344	[[[2182.3601066666665 1103.6703215657938 921.8080486756475]]]
1345	[[[2182.3601066666665 1103.632790838163 921.866864910087]]]
1346	[[[2182.2001 1103.6597430194945 921.9265906693468]]]
1347	[[[2182.2001 1103.747535696338 921.9889134332883]]]
1348	[[[2182.2801133333332 1103.88013714111 922.0563928837402]]]
1349	[[[2182.1201066666667 1104.0315362347762 922.1318945384764]]]
1350	[[[2182.2001 1104.1708934146518 922.217940589859]]]
1351	[[[2182.120086666667 1104.2694132867111 922.3160731273141]]]
1352	[[[2182.120086666667 1104.3070785768225 922.426326281642]]]
1353	[[[2181.960073333333 1104.2771985580328 922.5468941921954]]]
1354	[[[2181.7200666666668 1104.1874047064227 922.6740596748623]]]
1355	[[[2181.56008 1104.057014102773 922.8024143842509]]]
1356	[[[2181.4000666666666 1103.911952067913 922.9253585494745]]]
1357	[[[2181.4000666666666 1103.7790548196308 923.0358237067234]]]
1358	[[[2181.24006 1103.681330055344 923.1271238196179]]]
1359	[[[2181.080046666667 1103.6349349372542 923.1938167884053]]]
1360	[[[2181.3200466666667 1103.647820859931 923.2324545852283]]]
1361	[[[2181.3200466666667 1103.719630448102 923.2421165478278]]]
1362	[[[2181.4000600000004 1103.8425193884475 923.2246526465423]]]
1363	[[[2181.3200466666667 1104.002769429013 923.1846047506502]]]
1364	[[[2181.3200466666667 1104.1830275239363 923.1288163046534]]]
1365	[[[2181.16004 1104.3647429734135 923.0657780439045]]]
1366	[[[2181.40004 1104.5301815892988 923.0047856764777]]]
1367	[[[2181.3200266666668 1104.6635688680742 922.9550036154739]]]
1368	[[[2181.48004 1104.7514297017608 922.9245372096983]]]
1369	[[[2181.56004 1104.782695619923 922.9196151594688]]]
1370	[[[2181.4800266666666 1104.7492513448035 922.9439740736613]]]
1371	[[[2181.5600266666665 1104.6471967753478 922.9985180396274]]]
1372	[[[2181.64004 1104.478485177626 923.0812974676834]]]
1373	[[[2181.7200533333335 1104.2521798040023 923.1878144959031]]]
1374	[[[2182.040053333333 1103.9845881200333 923.3116202793931]]]
1375	[[[2181.7200533333335 1103.6979123892013 923.4451282823196]]]
1376	[[[2181.7200533333335 1103.4175362077726 923.580534496315]]]
1377	[[[2181.6400399999998 1103.168429868948 923.7107174121043]]]
1378	[[[2181.6400399999998 1102.971348727122 923.829992465682]]]
1379	[[[2181.7200533333335 1102.8395682291077 923.9346185856106]]]
1380	[[[2181.7200533333335 1102.7768630257806 924.0229948234114]]]
1381	[[[2181.560066666667 1102.7772300672557 924.0955353226686]]]
1382	[[[2181.4800666666665 1102.8264249055844 924.1542613871429]]]
1383	[[[2181.320053333334 1102.904826457355 924.2021907738352]]]
1384	[[[2181.400066666667 1102.9907324965823 924.2426298279755]]]
1385	[[[2181.3200666666667 1103.0631820650117 924.2784809873459]]]
1386	[[[2181.3200666666667 1103.103843304211 924.3116678943126]]]
1387	[[[2181.1600533333335 1103.0981300101387 924.3427571605721]]]
1388	[[[2181.1600533333335 1103.0360994253433 924.3708251151401]]]
1389	[[[2180.7600533333334 1102.913568615657 924.393584413854]]]
1390	[[[2180.9200666666666 1102.7333579383874 924.4077524857252]]]
1391	[[[2180.7600666666667 1102.5060274542714 924.4096133598244]]]
1392	[[[2180.7600666666667 1102.249336273083 924.3956979076111]]]
1393	[[[2180.7600666666667 1101.9860613819335 924.3634869735976]]]
1394	[[[2180.6000533333336 1101.7405169307594 924.3120303739656]]]
1395	[[[2180.8400533333333 1101.5346777335656 924.2423761448363]]]
1396	[[[2180.60004 1101.3849106120506 924.1577219801082]]]
1397	[[[2180.6000400000003 1101.2999570591376 924.0632355272028]]]
1398	[[[2180.6000400000003 1101.280275791499 923.9655394778823]]]
1399	[[[2180.680033333333 1101.318482529997 923.8719144528371]]]
1400	[[[2180.680033333333 1101.400577030253 923.7893274578079]]]
1401	[[[2180.6000333333336 1101.5078305526465 923.7234347572074]]]
1402	[[[2180.6000333333336 1101.6193748136684 923.6777252717367]]]
1403	[[[2180.36002 1101.7154699690393 923.6529579737047]]]
1404	[[[2180.36002 1101.7810924340365 923.6470040797117]]]
1405	[[[2180.280006666667 1101.8090424080347 923.6551385142717]]]
1406	[[[2180.4400066666667 1101.801526423072 923.6707470929963]]]
1407	[[[2180.360006666667 1101.7693890195003 923.6863412738726]]]
1408	[[[2180.44002 1101.728902369484 923.6947161597104]]]
1409	[[[2180.44002 1101.6970152168926 923.6900612095661]]]
1410	[[[2180.1200200000003 1101.68672334505 923.6688421853037]]]
1411	[[[2180.5200200000004 1101.704285743415 923.6303151981107]]]
1412	[[[2180.52002 1101.7492303109605 923.5766004439057]]]
1413	[[[2180.5200200000004 1101.8167992052888 923.5123206874824]]]
1414	[[[2180.3600133333334 1101.9013436681491 923.4438825112758]]]
1415	[[[2180.3600133333334 1101.998824758592 923.3785332386193]]]
1416	[[[2180.4400133333334 1102.1072211248857 923.3233541689215]]]
1417	[[[2180.5200133333333 1102.2249222907583 923.2843481950428]]]
1418	[[[2180.6000133333337 1102.3483517984387 923.2657499764359]]]
1419	[[[2180.7600133333335 1102.4704399239456 923.2696375220133]]]
1420	[[[2180.7600133333335 1102.5809558028357 923.2958661319427]]]
1421	[[[2180.92002 1102.6685289393708 923.3422905762792]]]
1422	[[[2181.00002 1102.7232049938173 923.405198947899]]]
1423	[[[2181.0800133333337 1102.7382109282426 923.4798583100827]]]
1424	[[[2181.240026666667 1102.7103148833642 923.5610703139773]]]
1425	[[[2181.3200266666668 1102.6392194226748 923.643652291903]]]
1426	[[[2181.0000266666666 1102.5270538363084 923.7227902107261]]]
1427	[[[2181.56004 1102.3787779393613 923.7942463245463]]]
1428	[[[2181.6400399999998 1102.2033737117836 923.8544379975741]]]
1429	[[[2181.7200533333335 1102.014796295176 923.900428018642]]]
1430	[[[2181.8000533333334 1101.8314860266346 923.9298767868722]]]
1431	[[[2181.7200533333335 1101.6739698481051 923.9410026931552]]]
1432	[[[2181.6400533333335 1101.561198264645 923.9325819876723]]]
1433	[[[2181.9600533333337 1101.5069870881018 923.9039988350636]]]
1434	[[[2181.8800533333333 1101.5177938291774 923.8553361092194]]]
1435	[[[2181.8800533333333 1101.5922437949323 923.7874826122398]]]
1436	[[[2181.8800533333333 1101.7219872002222 923.7022253653428]]]
1437	[[[2181.8000533333334 1101.8931956964088 923.6022964308978]]]
1438	[[[2181.5600466666665 1102.0883460842779 923.4913505043179]]]
1439	[[[2181.560046666667 1102.288418112752 923.3738596036364]]]
1440	[[[2181.560046666667 1102.4756989324756 923.2549222128472]]]
1441	[[[2181.640046666667 1102.6369006846824 923.1399947056261]]]
1442	[[[2181.4000333333333 1102.7656668287555 923.034562140555]]]
1443	[[[2181.56004 1102.8633737133237 922.9437733355039]]]
1444	[[[2181.4800266666666 1102.9377077999463 922.8720711686478]]]
1445	[[[2181.720026666667 1102.9995116476528 922.8228526703837]]]
1446	[[[2181.800026666667 1103.0591798708383 922.7981938295401]]]
1447	[[[2181.8800266666667 1103.123946365815 922.7986704714044]]]
1448	[[[2181.72004 1103.1967690196805 922.8232989173035]]]
1449	[[[2181.8800533333333 1103.2766879266394 922.8696089122042]]]
1450	[[[2181.8000533333334 1103.3600454382015 922.9338476210067]]]
1451	[[[2181.560046666667 1103.4419797389344 923.0112989042736]]]
1452	[[[2181.560046666667 1103.5178855922502 923.0966884400254]]]
1453	[[[2181.640046666667 1103.5847072957786 923.1846345632013]]]
1454	[[[2181.560033333333 1103.6418566213051 923.2700988809029]]]
1455	[[[2181.8000333333334 1103.6914228612386 923.3487912356867]]]
1456	[[[2181.8800466666667 1103.7374471613332 923.4174908158751]]]
1457	[[[2181.640046666667 1103.7844409841102 923.47425797568]]]
1458	[[[2181.4800400000004 1103.8357992463255 923.5185268215185]]]
1459	[[[2181.5600533333336 1103.8929316371916 923.5510830209987]]]
1460	[[[2181.48006 1103.9556267312091 923.5739410163624]]]
1461	[[[2181.48006 1104.0235168035158 923.5901380069041]]]
1462	[[[2181.560073333333 1104.0978918527169 923.6034595656689]]]
1463	[[[2181.640066666667 1104.1828545981964 923.6181071222322]]]
1464	[[[2181.72006 1104.285028600638 923.6383157172722]]]
1465	[[[2181.8800733333333 1104.4116086068861 923.6679355880866]]]
1466	[[[2181.8800733333333 1104.5672324362602 923.7100044997932]]]
1467	[[[2181.8800733333333 1104.7507085118575 923.7663563477184]]]
1468	[[[2181.8800733333333 1104.9528550708758 923.83732870207]]]
1469	[[[2181.8000733333333 1105.1564804936072 923.9216391828754]]]
1470	[[[2181.5600733333335 1105.3388777070497 924.0164906391806]]]
1471	[[[2181.6400666666664 1105.476323814355 924.1179350246107]]]
1472	[[[2181.72008 1105.5493252690978 924.2214784895535]]]
1473	[[[2181.8000933333333 1105.5470770465652 924.3228543104248]]]
1474	[[[2181.64008 1105.4699433095313 924.4188386813911]]]
1475	[[[2181.7200733333334 1105.3295304648266 924.507950960613]]]
1476	[[[2181.6400733333335 1105.1467056081622 924.5908761283858]]]
1477	[[[2181.4000600000004 1104.9483395009092 924.6704789697038]]]
1478	[[[2181.3200666666667 1104.763511275348 924.7513453870082]]]
1479	[[[2181.08006 1104.6196039070962 924.8388767847676]]]
1480	[[[2181.0000466666665 1104.5384958983684 924.9380620972717]]]
1481	[[[2181.000046666667 1104.5331473579488 925.0521377893729]]]
1482	[[[2181.2400533333334 1104.6052173606074 925.1813977894641]]]
1483	[[[2181.3200666666667 1104.7445978074018 925.3224163296018]]]
1484	[[[2181.4000666666666 1104.931547111062 925.4678903064879]]]
1485	[[[2181.640066666667 1105.1413560920334 925.6072003706239]]]
1486	[[[2181.640066666667 1105.350461939163 925.7276512633712]]]
1487	[[[2181.72006 1105.542167077626 925.8162116290438]]]
1488	[[[2181.6400466666664 1105.7100648467906 925.8614642177002]]]
1489	[[[2181.720046666667 1105.858017766802 925.8554258266807]]]
1490	[[[2181.4800466666666 1105.9967673974522 925.7949156774575]]]
1491	[[[2181.6400599999997 1106.1384475153393 925.6822366710932]]]
1492	[[[2182.0400600000003 1106.2909537509493 925.5250650694776]]]
1493	[[[2181.9600466666666 1106.454080449482 925.3355892329768]]]
1494	[[[2181.9600466666666 1106.6186530370142 925.1290645035809]]]
1495	[[[2182.0400600000003 1106.7688493875692 924.9220342108983]]]
1496	[[[2182.2800666666667 1106.8868730808224 924.7304945445221]]]
1497	[[[2182.0400600000003 1106.9584257995984 924.5682565433444]]]
1498	[[[2182.1200533333335 1106.9772201820733 924.4456956111877]]]
1499	[[[2182.040053333333 1106.947124467965 924.3689968596299]]]
1500	[[[2181.8000533333334 1106.8813278981959 924.3399215292633]]]
1501	[[[2181.5600466666665 1106.7989136755698 924.3560493056251]]]
1502	[[[2181.40004 1106.7200851314437 924.4114009522835]]]
1503	[[[2181.40004 1106.6616778305538 924.4973174333518]]]
1504	[[[2181.40004 1106.6343240494523 924.6034641467849]]]
1505	[[[2181.32004 1106.6418169084461 924.7188386619632]]]
1506	[[[2181.160026666667 1106.6822424797901 924.8326830502175]]]
1507	[[[2181.00004 1106.749819677175 924.93523243342]]]
1508	[[[2181.2400399999997 1106.8364368232224 925.018264271362]]]
1509	[[[2181.4000533333333 1106.9325138192742 925.0754429039152]]]
1510	[[[2181.32004 1107.0275767101873 925.1024768808044]]]
1511	[[[2181.0800333333336 1107.1112570315775 925.0971206423255]]]
1512	[[[2181.160033333333 1107.1750829343307 925.0590575308056]]]
1513	[[[2180.9200266666667 1107.2146666697654 924.9897001422487]]]
1514	[[[2181.0800400000003 1107.231283981461 924.8919395862355]]]
1515	[[[2181.0000400000004 1107.2318608782186 924.7698696619126]]]
1516	[[[2181.0800400000003 1107.227069562573 924.6285063375602]]]
1517	[[[2181.0000400000004 1107.2281650545035 924.4735171147014]]]
1518	[[[2180.92004 1107.243789473325 924.3109683518709]]]
1519	[[[2181.0000533333337 1107.277899129979 924.147091482026]]]
1520	[[[2181.080053333333 1107.3293466730233 923.9880624559197]]]
1521	[[[2181.4000533333333 1107.3929196214156 923.8397847312522]]]
1522	[[[2181.56004 1107.4612292718136 923.7076667192682]]]
1523	[[[2181.4000533333333 1107.5268823636536 923.5963906617598]]]
1524	[[[2181.32004 1107.5846213916645 923.5096804142663]]]
1525	[[[2181.4000533333333 1107.633235637177 923.4500876557637]]]
1526	[[[2181.560066666667 1107.6768689296878 923.4188256683036]]]
1527	[[[2181.4800666666665 1107.7250752713535 923.4156832779687]]]
1528	[[[2181.560066666667 1107.790992220589 923.4390465231505]]]
1529	[[[2181.480053333333 1107.8875619291705 923.4860420717447]]]
1530	[[[2181.560053333333 1108.0226701472427 923.5527966877203]]]
1531	[[[2181.480053333333 1108.1948708044429 923.6347853806686]]]
1532	[[[2181.8000533333334 1108.391475662161 923.7272224207563]]]
1533	[[[2181.7200533333335 1108.590041462926 923.8254390628109]]]
1534	[[[2181.88004 1108.7630112600893 923.9251930114177]]]
1535	[[[2182.040046666667 1108.8840838891886 924.0228682791526]]]
1536	[[[2182.0400466666665 1108.9343230369068 924.1155479480685]]]
1537	[[[2181.8000466666667 1108.90623449521 924.2009712516642]]]
1538	[[[2181.8000466666663 1108.804827134167 924.2774131458791]]]
1539	[[[2181.9600533333332 1108.6456530632395 924.3435417110477]]]
1540	[[[2181.7200399999997 1108.4506624570342 924.3983109148982]]]
1541	[[[2181.8000333333334 1108.2432079070875 924.4409320482895]]]
1542	[[[2181.8000333333334 1108.043606460019 924.4709400057181]]]
1543	[[[2181.96004 1107.8663205212388 924.4883382341217]]]
1544	[[[2181.88004 1107.7191652715774 924.4937782816704]]]
1545	[[[2181.80004 1107.6042234416925 924.4887148729277]]]
1546	[[[2182.0400466666665 1107.5196370441645 924.4754795770931]]]
1547	[[[2181.720046666667 1107.4613566306489 924.4572340271642]]]
1548	[[[2181.96006 1107.424263530657 924.4377908928632]]]
1549	[[[2181.8800666666666 1107.402625921484 924.4213185964963]]]
1550	[[[2181.64006 1107.3902976504326 924.4119663169796]]]
1551	[[[2181.4000600000004 1107.3811893027305 924.4134552609218]]]
1552	[[[2181.4000600000004 1107.3702960492599 924.4286814646472]]]
1553	[[[2181.240046666667 1107.3551083086397 924.459369113397]]]
1554	[[[2180.92004 1107.3368079342245 924.5058068894863]]]
1555	[[[2181.08004 1107.3204925505906 924.5666963310051]]]
1556	[[[2180.7600333333335 1107.3138942096564 924.6391398162428]]]
1557	[[[2180.7600333333335 1107.3246327610743 924.718792335203]]]
1558	[[[2180.4400266666667 1107.3567747462514 924.8001903433916]]]
1559	[[[2180.4400266666667 1107.4080379712332 924.877249517424]]]
1560	[[[2180.4400266666667 1107.4690590727498 924.9438925502544]]]
1561	[[[2180.3600333333334 1107.5255494723333 924.9947347706867]]]
1562	[[[2180.8400333333334 1107.5630318828726 925.0257292551584]]]
1563	[[[2180.60002 1107.5726252418997 925.0346641002207]]]
1564	[[[2180.2800133333335 1107.555624783391 925.0214187841449]]]
1565	[[[2180.4400266666667 1107.5248342568877 924.9879238853182]]]
1566	[[[2180.600033333333 1107.5017482699386 924.9378218496753]]]
1567	[[[2180.4400333333333 1107.5102862270444 924.8758839668141]]]
1568	[[[2180.600046666667 1107.5691392729798 924.8072865174616]]]
1569	[[[2180.7600466666668 1107.6853294164728 924.7368756856636]]]
1570	[[[2180.9200533333333 1107.8511237711805 924.6685501131122]]]
1571	[[[2181.000053333333 1108.04526882977 924.6048625874374]]]
1572	[[[2181.0000533333337 1108.2381277584739 924.5468953976961]]]
1573	[[[2181.0000533333337 1108.3991985227083 924.4944087466866]]]
1574	[[[2181.1600666666664 1108.5049167560617 924.4462108357357]]]
1575	[[[2181.32008 1108.5446261274749 924.4006623455361]]]
1576	[[[2181.080066666667 1108.52304389631 924.3562130660971]]]
1577	[[[2180.5200666666665 1108.458383037496 924.3118748892456]]]
1578	[[[2180.520066666667 1108.3764416821068 924.2675587470982]]]
1579	[[[2180.5200666666665 1108.302246546391 924.2242356089579]]]
1580	[[[2180.2800533333334 1108.2518431130668 924.1839148486321]]]
1581	[[[2180.040046666667 1108.2270548734487 924.1494603348183]]]
1582	[[[2180.28006 1108.2151723109828 924.1242818941517]]]
1583	[[[2180.28006 1108.1937639159503 924.1119473580407]]]
1584	[[[2180.20006 1108.1388468201085 924.1157609465369]]]
1585	[[[2180.120066666667 1108.0334231067543 924.1383509956385]]]
1586	[[[2180.28008 1107.8734467162958 924.1813069350761]]]
1587	[[[2180.20008 1107.6695168623626 924.2449028937273]]]
1588	[[[2180.20008 1107.4442955793986 924.3279420734171]]]
1589	[[[2179.960066666667 1107.2269957902151 924.4277494952586]]]
1590	[[[2179.8000533333334 1107.0468144594042 924.5403285134548]]]
1591	[[[2179.8800533333333 1106.9269522393458 924.6606779854656]]]
1592	[[[2179.9600533333337 1106.8802668433175 924.783244154146]]]
1593	[[[2180.2000666666668 1106.9070545497382 924.9024584700713]]]
1594	[[[2180.3600666666666 1106.9951182837128 925.0132951965294]]]
1595	[[[2180.3600666666666 1107.1220970845725 925.1117754158957]]]
1596	[[[2180.6000733333335 1107.2598311107984 925.1953493398751]]]
1597	[[[2180.44006 1107.3801935492818 925.2631057548821]]]
1598	[[[2180.200046666667 1107.4613455271362 925.3157822654961]]]
1599	[[[2180.200046666667 1107.492928726723 925.3555774569799]]]
1600	[[[2179.88004 1107.4785825532629 925.3857911573936]]]
1601	[[[2179.6400266666665 1107.434625091903 925.4103383325078]]]
1602	[[[2179.560033333333 1107.38483373127 925.433194738967]]]
1603	[[[2179.560033333333 1107.3527114789388 925.4578389414747]]]
1604	[[[2179.560033333333 1107.353814688666 925.4867567445932]]]
1605	[[[2179.560033333333 1107.3909843434778 925.521070744472]]]
1606	[[[2179.3200466666667 1107.4543515231057 925.5603484853377]]]
1607	[[[2179.3200466666667 1107.526077827389 925.6026258172692]]]
1608	[[[2179.160033333333 1107.5877828668956 925.64465650268]]]
1609	[[[2179.0000333333332 1107.6274696159408 925.6823663461311]]]
1610	[[[2179.0800333333336 1107.643056160189 925.7114548188359]]]
1611	[[[2178.680033333333 1107.641220403931 925.7280566639974]]]
1612	[[[2178.600033333333 1107.6323882228 925.7293583060195]]]
1613	[[[2178.6800333333335 1107.6243460087837 925.7140650212874]]]
1614	[[[2178.6800333333335 1107.61741192221 925.6826364323648]]]
1615	[[[2178.7600266666664 1107.603230508208 925.6372464300738]]]
1616	[[[2178.680033333333 1107.5675418885487 925.58147124478]]]
1617	[[[2178.9200266666667 1107.495538548399 925.5197561652475]]]
1618	[[[2178.8400333333334 1107.3774329964729 925.4567481575542]]]
1619	[[[2178.76004 1107.2120065415056 925.3966021546897]]]
1620	[[[2178.600046666667 1107.0070329229723 925.3423708244763]]]
1621	[[[2178.6800399999997 1106.7769463581142 925.2955725628235]]]
1622	[[[2178.68004 1106.5391844838025 925.2560040957793]]]
1623	[[[2178.60004 1106.3107927016645 925.2218272353921]]]
1624	[[[2178.5200466666665 1106.106196905141 925.1899189385044]]]
1625	[[[2178.5200466666665 1105.9361044783948 925.1564345719662]]]
1626	[[[2178.8400533333333 1105.8069484385935 925.1175008215982]]]
1627	[[[2178.8400533333333 1105.720445548519 925.069931650541]]]
1628	[[[2178.8400533333333 1105.6734252689628 925.0118524533619]]]
1629	[[[2178.8400533333333 1105.6584953120048 924.9431271616353]]]
1630	[[[2178.76006 1105.6658905331417 924.8655111262902]]]
1631	[[[2178.76006 1105.6860822522303 924.7824961564353]]]
1632	[[[2178.8400733333333 1105.711972651488 924.6988663298134]]]
1633	[[[2179.16008 1105.7394037533422 924.6200344016048]]]
1634	[[[2179.480086666667 1105.7654989126147 924.551268293762]]]
1635	[[[2179.8000933333333 1105.785638580439 924.4969365832579]]]
1636	[[[2179.960086666667 1105.7908724255376 924.4598967879134]]]
1637	[[[2179.960086666667 1105.767611740135 924.441121899597]]]
1638	[[[2179.8800933333337 1105.700400225035 924.4396157040748]]]
1639	[[[2179.8800933333337 1105.5769541752536 924.4526160427478]]]
1640	[[[2179.8000933333333 1105.3933831827478 924.476037978925]]]
1641	[[[2179.56008 1105.1572751546644 924.5050743255892]]]
1642	[[[2179.56008 1104.8872787021382 924.5348537790356]]]
1643	[[[2179.56008 1104.6093901520699 924.5610574414791]]]
1644	[[[2179.56008 1104.351472858688 924.580410094049]]]
1645	[[[2179.8800866666666 1104.137947191224 924.5909888206235]]]
1646	[[[2179.96008 1103.9860409288185 924.5923236754817]]]
1647	[[[2179.7200666666668 1103.903998300904 924.5852983395371]]]
1648	[[[2179.7200666666668 1103.8908811276594 924.571888507456]]]
1649	[[[2179.480053333333 1103.9374141250476 924.5547974967047]]]
1650	[[[2179.24004 1104.0275933157575 924.5370581664628]]]
1651	[[[2179.16004 1104.1410661882417 924.5216652372736]]]
1652	[[[2179.0000466666665 1104.2562690450986 924.5112831700726]]]
1653	[[[2179.16004 1104.3539700507588 924.5080465270566]]]
1654	[[[2179.2400333333335 1104.4204974040424 924.513440307723]]]
1655	[[[2179.56004 1104.4498343838752 924.5282266076006]]]
1656	[[[2179.8000533333334 1104.444031896987 924.5523787220321]]]
1657	[[[2179.9600533333337 1104.4118792634054 924.5849971995611]]]
1658	[[[2179.9600533333332 1104.3662471888767 924.6242104009472]]]
1659	[[[2179.8800533333333 1104.320809918506 924.6670949414998]]]
1660	[[[2179.5600466666665 1104.286933023127 924.7096761425331]]]
1661	[[[2179.80006 1104.2714160931573 924.747073930208]]]
1662	[[[2179.80006 1104.2755435947565 924.773839887383]]]
1663	[[[2179.480053333333 1104.295558360421 924.7844890520018]]]
1664	[[[2179.5600533333336 1104.32430658706 924.7741762669443]]]
1665	[[[2179.560053333333 1104.3535283158992 924.7394171192533]]]
1666	[[[2179.8000666666667 1104.3761755355633 924.6787235579076]]]
1667	[[[2179.96006 1104.3882276366724 924.5930249073443]]]
1668	[[[2179.8000666666667 1104.389651808113 924.4857782662142]]]
1669	[[[2179.8000666666667 1104.384339508904 924.362730652053]]]
1670	[[[2179.4800600000003 1104.3790328699224 924.2313637223456]]]
1671	[[[2179.48006 1104.3814798257927 924.1001125766098]]]
1672	[[[2179.32006 1104.3983121023273 923.9774877135828]]]
1673	[[[2179.2400599999996 1104.4333005695416 923.8712355489952]]]
1674	[[[2179.24006 1104.4865435626025 923.7876492218178]]]
1675	[[[2179.3200533333334 1104.5547445516706 923.7310974084238]]]
1676	[[[2179.0000466666665 1104.632216748578 923.703789018845]]]
1677	[[[2179.0000466666665 1104.7119371139715 923.7057502554371]]]
1678	[[[2179.16004 1104.7861010948673 923.7349670476847]]]
1679	[[[2179.08004 1104.8461565035875 923.7876424182188]]]
1680	[[[2179.08004 1104.8828745601288 923.858529820585]]]
1681	[[[2178.7600333333335 1104.8872149966353 923.9413205130109]]]
1682	[[[2178.60004 1104.8523419933063 924.0290759633958]]]
1683	[[[2178.60004 1104.7763269232885 924.1146990230687]]]
1684	[[[2178.8400533333333 1104.6643266743856 924.1914295807364]]]
1685	[[[2178.8400533333333 1104.5288603221468 924.2533361375946]]]
1686	[[[2178.60004 1104.3874159085308 924.295761447246]]]
1687	[[[2178.60004 1104.2577512450382 924.3156747110719]]]
1688	[[[2178.5200466666665 1104.1523548376506 924.3118882661885]]]
1689	[[[2178.5200466666665 1104.0740629868585 924.2851124084067]]]
1690	[[[2178.5200466666665 1104.0145306497964 924.2378435785314]]]
1691	[[[2178.60004 1103.9562511717468 924.1741027375624]]]
1692	[[[2178.60004 1103.877527955513 924.0990573191076]]]
1693	[[[2178.60004 1103.7587380691384 924.0185690479337]]]
1694	[[[2178.5200466666665 1103.5878188517945 923.9387112900059]]]
1695	[[[2178.5200466666665 1103.3633197166967 923.8652955590713]]]
1696	[[[2178.68004 1103.0944056095284 923.8034400749002]]]
1697	[[[2178.7600333333335 1102.7983821456835 923.7572060157885]]]
1698	[[[2178.8400266666667 1102.4970598473276 923.729320419413]]]
1699	[[[2178.600013333333 1102.2132539370741 923.7209987577489]]]
1700	[[[2178.600013333333 1101.968058798345 923.731874910285]]]
1701	[[[2178.8400266666667 1101.7787665187109 923.7600415723024]]]
1702	[[[2179.08004 1101.6569719773388 923.8022001830924]]]
1703	[[[2179.2400333333335 1101.6067053193117 923.8539161030513]]]
1704	[[[2179.320033333333 1101.6230353216358 923.9099711562245]]]
1705	[[[2179.24004 1101.6919336667534 923.9648001783843]]]
1706	[[[2179.24004 1101.79193671826 924.0129891492571]]]
1707	[[[2179.40004 1101.8974356674726 924.0497992044342]]]
1708	[[[2179.240046666667 1101.9827686728347 924.0716649748183]]]
1709	[[[2179.40004 1102.026110283849 924.0766017296065]]]
1710	[[[2179.48004 1102.012475720641 924.0644501450819]]]
1711	[[[2179.40004 1101.9356276494402 924.0368965392755]]]
1712	[[[2179.48004 1101.79890993701 923.9972335746417]]]
1713	[[[2179.56004 1101.614955250051 923.9498699235625]]]
1714	[[[2179.64004 1101.4040613347931 923.8996492427359]]]
1715	[[[2179.64004 1101.191100529608 923.8510862430556]]]
1716	[[[2179.4800266666666 1101.0011933165913 923.8076565777609]]]
1717	[[[2179.56002 1100.8548520290194 923.7712768630857]]]
1718	[[[2179.4000266666667 1100.7636246075697 923.7420779080444]]]
1719	[[[2179.3200266666668 1100.7273084340984 923.7185140814539]]]
1720	[[[2179.56002 1100.7335842280174 923.6977790394722]]]
1721	[[[2179.56002 1100.7604959922173 923.676431675403]]]
1722	[[[2179.48002 1100.7815767914358 923.6510939267151]]]
1723	[[[2179.640013333333 1100.7726150007 923.6190751149198]]]
1724	[[[2179.720013333333 1100.7182772418016 923.5788067310281]]]
1725	[[[2179.800013333333 1100.616468734989 923.5300274468427]]]
1726	[[[2179.8800133333334 1100.4788152776653 923.4737236628374]]]
1727	[[[2179.8800133333334 1100.3270078725145 923.411887159756]]]
1728	[[[2180.200013333333 1100.1864149761768 923.3471834213434]]]
1729	[[[2180.2800133333335 1100.0794631142692 923.2826253463885]]]
1730	[[[2180.5200266666666 1100.0211600420516 923.2213206909942]]]
1731	[[[2180.6000266666665 1100.0178344576527 923.1663191624634]]]
1732	[[[2180.6000266666665 1100.0684699598376 923.1205420105567]]]
1733	[[[2180.84002 1100.1669320624985 923.0867473088682]]]
1734	[[[2181.0000200000004 1100.303503393191 923.0674762863769]]]
1735	[[[2181.0800333333336 1100.4652294572295 923.064940592681]]]
1736	[[[2181.40004 1100.635804899612 923.0808404568697]]]
1737	[[[2181.48004 1100.796254746786 923.1161379904956]]]
1738	[[[2181.720046666667 1100.9271852109068 923.1708364850483]]]
1739	[[[2181.720046666667 1101.0122781900925 923.2438267736705]]]
1740	[[[2181.720046666667 1101.0417368059145 923.3328525402466]]]
1741	[[[2181.8000466666663 1101.0141705650658 923.4346210206545]]]
1742	[[[2181.8800466666667 1100.9360556492265 923.5450517966059]]]
1743	[[[2181.6400466666664 1100.8190255752363 923.6596243551356]]]
1744	[[[2181.8000533333334 1100.6762152999408 923.7737637368663]]]
1745	[[[2181.8000533333334 1100.5192059501662 923.8831982127953]]]
1746	[[[2182.1200533333335 1100.356681803655 923.9842338074578]]]
1747	[[[2182.04006 1100.1949930136095 924.073913236548]]]
1748	[[[2182.1200733333335 1100.03990356586 924.1500541475995]]]
1749	[[[2182.3600733333333 1099.898324279583 924.2111858079737]]]
1750	[[[2182.4400666666666 1099.77895509865 924.256419057182]]]
1751	[[[2182.28006 1099.691355220077 924.2852894711601]]]
1752	[[[2182.3600733333337 1099.6437024896234 924.2976098349171]]]
1753	[[[2182.3600733333337 1099.6400718744908 924.293358897689]]]
1754	[[[2182.440086666667 1099.6782694397743 924.2726228695838]]]
1755	[[[2182.440086666667 1099.7490829885876 924.2355966162908]]]
1756	[[[2182.6800866666667 1099.8373531564737 924.1826433902166]]]
1757	[[[2183.000086666667 1099.924688328724 924.1144042101241]]]
1758	[[[2183.0801 1099.993123615706 924.0319397171874]]]
1759	[[[2183.2400933333333 1100.0287276567567 923.9368788565295]]]
1760	[[[2183.2400933333333 1100.0241982231155 923.831542101978]]]
1761	[[[2183.000106666667 1099.9798451405318 923.7190050941917]]]
1762	[[[2183.1600933333334 1099.9028897460596 923.6030738014961]]]
1763	[[[2183.1600933333334 1099.8054953544472 923.4881548759145]]]
1764	[[[2183.3200933333333 1099.702204505674 923.3790224007345]]]
1765	[[[2183.560086666667 1099.6074434732118 923.2805004448238]]]
1766	[[[2183.6401 1099.5335398708758 923.1970952039551]]]
1767	[[[2183.880086666667 1099.489421027112 923.1326179441616]]]
1768	[[[2183.8000933333333 1099.4799301331022 923.0898399112328]]]
1769	[[[2183.96008 1099.5055651969287 923.0702146717141]]]
1770	[[[2184.20008 1099.5624254145348 923.0736950559946]]]
1771	[[[2184.0400933333335 1099.6422463018905 923.0986636509656]]]
1772	[[[2183.8001066666666 1099.7326074624061 923.1419887083695]]]
1773	[[[2183.8801000000003 1099.8176297609207 923.1992106127992]]]
1774	[[[2183.7201066666667 1099.8795834402456 923.2648558362143]]]
1775	[[[2183.8800933333337 1099.9016374496996 923.3328640523774]]]
1776	[[[2183.9600866666665 1099.871463358976 923.3970998402559]]]
1777	[[[2184.120086666667 1099.7847765214422 923.451905320935]]]
1778	[[[2184.120086666667 1099.6475378263065 923.4926378907876]]]
1779	[[[2183.8001 1099.4757675256176 923.5161319339987]]]
1780	[[[2183.560106666667 1099.2927309421884 923.5210277043225]]]
1781	[[[2183.5601066666663 1099.12426057821 923.5079247033956]]]
1782	[[[2183.480106666667 1098.993644953809 923.4793384508222]]]
1783	[[[2183.480106666667 1098.9175088597547 923.4394642724222]]]
1784	[[[2183.2401066666666 1098.9035196692905 923.3937748983944]]]
1785	[[[2183.2401066666666 1098.9499989540363 923.3484965107392]]]
1786	[[[2183.2401066666666 1099.0470301452638 923.310018546732]]]
1787	[[[2183.400093333333 1099.178579138246 923.2842961691766]]]
1788	[[[2183.640086666667 1099.3252965003446 923.2763022851209]]]
1789	[[[2183.88008 1099.4677352565384 923.2895800283919]]]
1790	[[[2183.7200933333334 1099.5895524807027 923.325937745376]]]
1791	[[[2183.800086666667 1099.680016178079 923.3853167021966]]]
1792	[[[2183.640086666667 1099.7351188006178 923.4658461971275]]]
1793	[[[2183.640086666667 1099.7569858081267 923.564080957558]]]
1794	[[[2183.8800733333333 1099.7519226163986 923.6753924422537]]]
1795	[[[2183.8800733333333 1099.727976865224 923.7944619763557]]]
1796	[[[2184.0400600000003 1099.692955936528 923.9158047122565]]]
1797	[[[2184.04006 1099.653401955742 924.0342454367584]]]
1798	[[[2184.0400600000003 1099.6144103353279 924.1452753052145]]]
1799	[[[2184.28006 1099.5798091962045 924.2452441621494]]]
1800	[[[2184.2000666666668 1099.5522950394486 924.3313823411853]]]
1801	[[[2184.28006 1099.5334795857152 924.4016894228083]]]
1802	[[[2184.2000666666668 1099.5240767149523 924.4547627058859]]]
1803	[[[2183.960073333333 1099.524396332004 924.4896529954975]]]
1804	[[[2183.8000733333333 1099.53498110357 924.5058226292412]]]
1805	[[[2183.96006 1099.5569353701142 924.5032417462461]]]
1806	[[[2184.1200599999997 1099.591542172481 924.4826040275151]]]
1807	[[[2184.4400666666666 1099.6391737540423 924.4455893857081]]]
1808	[[[2184.6000533333336 1099.6980184213073 924.3950664966442]]]
1809	[[[2184.520053333333 1099.7634186064333 924.3351258898189]]]
1810	[[[2184.520053333333 1099.8284291267848 924.2708680757461]]]
1811	[[[2184.3600666666666 1099.885624023661 924.2079330009606]]]
1812	[[[2184.5200666666665 1099.9295027499331 924.1518298369211]]]
1813	[[[2184.680053333333 1099.9584375788234 924.1071885628303]]]
1814	[[[2184.5200666666665 1099.9752029710098 924.0770883691648]]]
1815	[[[2184.440073333333 1099.9857211708568 924.062612153004]]]
1816	[[[2184.440073333333 1099.9964786658793 924.0627320247976]]]
1817	[[[2184.5200666666665 1100.0117175096582 924.074559208123]]]
1818	[[[2184.5200666666665 1100.031652219728 924.0939115347055]]]
1819	[[[2184.440073333333 1100.0525151764687 924.1160832643955]]]
1820	[[[2184.6000733333335 1100.0683963885256 924.1366618692941]]]
1821	[[[2184.36008 1100.0740233619754 924.152233572628]]]
1822	[[[2183.96008 1100.067224590016 924.1608529884144]]]
1823	[[[2184.04008 1100.0500224242112 924.162212268499]]]
1824	[[[2184.1200799999997 1100.027982148289 924.157515589503]]]
1825	[[[2184.440086666667 1100.0082388553828 924.1491274715135]]]
1826	[[[2184.6800733333334 1099.9971346517211 924.1401028665182]]]
1827	[[[2184.5200733333336 1099.9984158188138 924.133714449821]]]
1828	[[[2184.5200733333336 1100.0125380103048 924.1330684211538]]]
1829	[[[2184.6800599999997 1100.0370845445177 924.1408537391611]]]
1830	[[[2184.8400466666667 1100.0679024804606 924.1592168590415]]]
1831	[[[2184.8400466666667 1100.1004317766012 924.1897122466562]]]
1832	[[[2184.760053333333 1100.130793692193 924.233261979247]]]
1833	[[[2184.8400466666667 1100.1563868987896 924.2900710183235]]]
1834	[[[2184.92004 1100.1759226836214 924.3594831652485]]]
1835	[[[2184.76004 1100.1889947612162 924.4398120042397]]]
1836	[[[2184.8400333333334 1100.1954269002417 924.5282223646623]]]
1837	[[[2184.9200266666667 1100.1947402436929 924.6207537984506]]]
1838	[[[2184.8400266666667 1100.1860685418342 924.7125589330227]]]
1839	[[[2184.8400266666667 1100.1686867803212 924.7983785395619]]]
1840	[[[2184.600013333333 1100.1430470010962 924.8732054045436]]]
1841	[[[2184.600013333333 1100.1119452562045 924.9330217203616]]]
1842	[[[2184.680013333333 1100.0813014062594 924.9754517116729]]]
1843	[[[2184.760013333333 1100.0600952810573 925.0001684477762]]]
1844	[[[2184.760013333333 1100.0592598664978 925.008935805988]]]
1845	[[[2184.7600133333335 1100.089692441106 925.0052448550482]]]
1846	[[[2184.8400066666663 1100.1598671346237 924.9935991820221]]]
1847	[[[2184.8400066666663 1100.2736852872438 924.9785910657853]]]
1848	[[[2184.7600133333335 1100.4291232986964 924.9639664829807]]]
1849	[[[2184.8400133333334 1100.6179784439873 924.9518861386701]]]
1850	[[[2184.76002 1100.8267030396962 924.9425485568655]]]
1851	[[[2184.680026666667 1101.038094661851 924.9342593391129]]]
1852	[[[2184.680026666667 1101.233534189607 924.9239282012239]]]
1853	[[[2184.680026666667 1101.3954842512458 924.9078778644739]]]
1854	[[[2184.600026666667 1101.5099717500232 924.8827804775898]]]
1855	[[[2184.44004 1101.5687170525232 924.8465143949339]]]
1856	[[[2184.2800466666667 1101.5704881193242 924.798761149087]]]
1857	[[[2184.0400600000003 1101.5212822445153 924.7412304994017]]]
1858	[[[2183.8800666666666 1101.4331705607513 924.6774911723684]]]
1859	[[[2183.72008 1101.3220342577167 924.6124721360037]]]
1860	[[[2183.72008 1101.2047766934072 924.5517619234776]]]
1861	[[[2183.560093333333 1101.0966902726466 924.5008579857316]]]
1862	[[[2183.4800999999998 1101.009427980561 924.4645025534605]]]
1863	[[[2183.4001066666665 1100.9496510179324 924.446195868808]]]
1864	[[[2183.16012 1100.918195397746 924.4479194268847]]]
1865	[[[2183.16012 1100.9097079711166 924.4700501130737]]]
1866	[[[2183.0801266666667 1100.9130438535121 924.5114152317477]]]
1867	[[[2183.0001333333335 1100.9129462983165 924.5694339054015]]]
1868	[[[2182.840146666667 1100.8933135487994 924.6403078746206]]]
1869	[[[2182.920146666667 1100.841657518508 924.7192526875134]]]
1870	[[[2182.920146666667 1100.7535215641365 924.800784390165]]]
1871	[[[2182.840153333333 1100.635184226354 924.8790855901693]]]
1872	[[[2182.76014 1100.5033095139236 924.9484633234428]]]
1873	[[[2182.7601400000003 1100.3812655190013 925.0038827503353]]]
1874	[[[2182.7601400000003 1100.293151319278 925.0415251908694]]]
1875	[[[2182.6001533333333 1100.257512968997 925.0592892170525]]]
1876	[[[2182.52014 1100.282845366242 925.0571408693677]]]
1877	[[[2182.440126666667 1100.3662336342804 925.0372298755424]]]
1878	[[[2182.3601133333336 1100.4952539477263 925.0037224197958]]]
1879	[[[2182.2801 1100.652089353034 924.962350423873]]]
1880	[[[2182.1200933333334 1100.8181965296005 924.9197310913405]]]
1881	[[[2182.04008 1100.9779732379372 924.882556221582]]]
1882	[[[2181.960086666667 1101.1205739958832 924.8567781641999]]]
1883	[[[2181.960086666667 1101.2399174797683 924.8469221769228]]]
1884	[[[2181.7201 1101.3336011655995 924.8556325640448]]]
1885	[[[2181.8000933333333 1101.4016305109678 924.8835166446873]]]
1886	[[[2181.8000933333333 1101.4455952139197 924.9292948412726]]]
1887	[[[2181.880106666667 1101.4684194305266 924.9902081364348]]]
1888	[[[2181.7201 1101.4743755327452 925.0625876505809]]]
1889	[[[2181.640086666667 1101.4688836639052 925.1424653733808]]]
1890	[[[2181.5600733333335 1101.457758337565 925.2261063972501]]]
1891	[[[2181.5600733333335 1101.4459097060799 925.310371652825]]]
1892	[[[2181.8000733333333 1101.4358936713809 925.392869609496]]]
1893	[[[2181.8000733333333 1101.4269476603695 925.4719131941187]]]
1894	[[[2181.8800866666666 1101.4150981931664 925.5463486819675]]]
1895	[[[2181.9601 1101.3945443503999 925.6153520530589]]]
1896	[[[2181.9601 1101.3599522510685 925.6782864741041]]]
1897	[[[2181.8800866666666 1101.3088369512218 925.7346822353944]]]
1898	[[[2181.8800866666666 1101.2431413635743 925.7843472288646]]]
1899	[[[2181.8000733333333 1101.1695004628561 925.8275585471229]]]
1900	[[[2181.72008 1101.0982585233523 925.8652427955303]]]
1901	[[[2181.960066666667 1101.0417102657775 925.8990392741201]]]
1902	[[[2181.8800533333333 1101.0120472343258 925.9311626776142]]]
1903	[[[2181.9600666666665 1101.0192276158525 925.9640357846848]]]
1904	[[[2181.9600666666665 1101.068800164678 925.9997332518742]]]
1905	[[[2181.8800666666666 1101.1598674899462 926.0393447590642]]]
1906	[[[2181.96008 1101.2837965565352 926.0824090771135]]]
1907	[[[2181.72008 1101.4245808491078 926.1265757839859]]]
1908	[[[2181.64008 1101.5615169092637 926.1676141710823]]]
1909	[[[2181.4800666666665 1101.6739996895983 926.1998168266608]]]
1910	[[[2181.2400533333334 1101.7471496897158 926.2167558388995]]]
1911	[[[2181.40006 1101.7762951399136 926.2122653282871]]]
1912	[[[2181.32006 1101.7685229574815 926.1814671990113]]]
1913	[[[2181.160046666667 1101.740581002852 926.1216428379397]]]
1914	[[[2181.080046666667 1101.713862603625 926.0327859037153]]]
1915	[[[2181.16004 1101.7083300270626 925.9177415349328]]]
1916	[[[2180.76004 1101.73752804196 925.7819260808469]]]
1917	[[[2180.68004 1101.806234487116 925.6327048542211]]]
1918	[[[2180.520026666667 1101.9111403242268 925.4785619516183]]]
1919	[[[2180.5200266666666 1102.0437831459412 925.3282135309263]]]
1920	[[[2180.5200266666666 1102.1942379204468 925.1897945256445]]]
1921	[[[2180.2800133333335 1102.3540213284762 925.0702011733482]]]
1922	[[[2180.2000133333336 1102.5172376419857 924.974617707718]]]
1923	[[[2180.3600266666667 1102.6799021484098 924.9062146573086]]]
1924	[[[2180.3600266666667 1102.838221009337 924.8659905524914]]]
1925	[[[2180.4400266666667 1102.9870198584413 924.8527389697114]]]
1926	[[[2180.20002 1103.1193323435848 924.863147944196]]]
1927	[[[2180.4400266666667 1103.227503513546 924.8920615250362]]]
1928	[[[2180.4400266666667 1103.3053746243752 924.9329370806782]]]
1929	[[[2180.4400266666667 1103.350576426644 924.9785081603874]]]
1930	[[[2180.040026666667 1103.365889009879 925.021614408258]]]
1931	[[[2180.120026666667 1103.3590064837745 925.0561016866665]]]
1932	[[[2180.1200266666665 1103.3406725566874 925.0776481296039]]]
1933	[[[2180.200026666667 1103.3217779255046 925.0843552268831]]]
1934	[[[2180.28004 1103.3104288865381 925.0769687564988]]]
1935	[[[2180.36004 1103.3100742252666 925.0586609011676]]]
1936	[[[2180.5200400000003 1103.3194495213784 925.0343973076291]]]
1937	[[[2180.44004 1103.3344081931903 925.0100070574503]]]
1938	[[[2180.44004 1103.3508719688523 924.9911434187358]]]
1939	[[[2180.5200400000003 1103.3675252456217 924.9823487299487]]]
1940	[[[2180.52004 1103.3868758310425 924.9864098699924]]]
1941	[[[2180.52004 1103.4140355551788 925.0041181326907]]]
1942	[[[2180.2800333333334 1103.4537473110229 925.0344482407087]]]
1943	[[[2180.440046666667 1103.5071817037012 925.0750719985305]]]
1944	[[[2180.3600466666667 1103.570249099217 925.1230484514741]]]
1945	[[[2180.5200400000003 1103.634436420065 925.1755024725632]]]
1946	[[[2180.36004 1103.6898641217147 925.2301232002379]]]
1947	[[[2180.44004 1103.7290992200953 925.2853751520151]]]
1948	[[[2180.28004 1103.7498885163068 925.3404000276129]]]
1949	[[[2180.1200266666665 1103.7555529120816 925.3946729132844]]]
1950	[[[2180.040026666667 1103.7529426400054 925.4475407501794]]]
1951	[[[2179.9600266666666 1103.7489696569708 925.4977982654318]]]
1952	[[[2179.9600266666666 1103.7472972171345 925.5434420046208]]]
1953	[[[2179.8000133333335 1103.7466081449181 925.5816923490711]]]
1954	[[[2179.7200133333336 1103.741150272783 925.6093008510584]]]
1955	[[[2179.7200133333336 1103.7232988938463 925.6230849390407]]]
1956	[[[2179.7200133333336 1103.6870376871273 925.6205728457871]]]
1957	[[[2179.7200133333336 1103.6308504042638 925.6006124283796]]]
1958	[[[2179.6400000000003 1103.558737261525 925.5638041753249]]]
1959	[[[2179.7200000000003 1103.478909683681 925.5126576833572]]]
1960	[[[2179.8 1103.4008508871957 925.4514309005249]]]
1961	[[[2179.88 1103.3322826795572 925.3856767399305]]]
1962	[[[2179.8 1103.2776142109813 925.3215767501471]]]
1963	[[[2179.88 1103.2385488284626 925.2651753595063]]]
1964	[[[2179.96 1103.2161711919134 925.2216367900722]]]
1965	[[[2179.96 1103.2128737822277 925.1946330315894]]]
1966	[[[2179.96 1103.2325709272034 925.1859427803669]]]
1967	[[[2179.96 1103.2787787785467 925.1953064050876]]]
1968	[[[2179.96 1103.3515887922856 925.2205470320201]]]
1969	[[[2179.96 1103.4453709438988 925.2579355627571]]]
1970	[[[2179.96 1103.5486793239468 925.3027482682711]]]
1971	[[[2180.04 1103.6465581714963 925.3499399571915]]]
1972	[[[2180.280006666667 1103.724116945387 925.3948361281064]]]
1973	[[[2180.200006666667 1103.769700632858 925.4337390046932]]]
1974	[[[2180.280006666667 1103.776486976333 925.4643505301246]]]
1975	[[[2180.200006666667 1103.7424465180384 925.4859431747441]]]
1976	[[[2180.280006666667 1103.669512378861 925.4992541066604]]]
1977	[[[2180.360006666667 1103.562953475722 925.506130904872]]]
1978	[[[2180.360006666667 1103.431333810595 925.5090045163465]]]
1979	[[[2180.360006666667 1103.286588707462 925.5102949349971]]]
1980	[[[2180.6000133333337 1103.1432928048052 925.5118596365629]]]
1981	[[[2180.6000133333337 1103.016469602166 925.5145746947443]]]
1982	[[[2180.7600133333335 1102.9181491361185 925.518101951047]]]
1983	[[[2180.8400133333334 1102.8538096792097 925.5208550511265]]]
1984	[[[2180.9200133333334 1102.8202824851112 925.5201442853471]]]
1985	[[[2181.080026666667 1102.8063500881544 925.5124616547438]]]
1986	[[[2181.3200266666668 1102.7962271831386 925.4938632973195]]]
1987	[[[2181.1600200000003 1102.774836891197 925.4604107003647]]]
1988	[[[2181.3200333333334 1102.7328953316553 925.4086373217721]]]
1989	[[[2181.3200333333334 1102.6697716680046 925.3360076328298]]]
1990	[[[2181.6400333333336 1102.5929916129583 925.2413300336638]]]
1991	[[[2181.720046666667 1102.5147164671705 925.1250772093549]]]
1992	[[[2181.80006 1102.446850522284 924.9895636045276]]]
1993	[[[2182.12006 1102.3969352122522 924.8389355703412]]]
1994	[[[2182.2000733333334 1102.3664241120089 924.678947801242]]]
1995	[[[2182.2000733333334 1102.3516302614844 924.5165278249718]]]
1996	[[[2182.2800733333333 1102.34633354098 924.3591627403684]]]
1997	[[[2182.44008 1102.344432601952 924.2141718893453]]]
1998	[[[2182.44008 1102.3413672611239 924.0879496056145]]]
1999	[[[2182.68008 1102.3339906143035 923.9852703420638]]]
2000	[[[2182.68008 1102.3194871543997 923.9087441868156]]]
2001	[[[2182.5200933333335 1102.2942965636157 923.8584959907354]]]
2002	[[[2182.6001066666668 1102.2537371438784 923.8321186054263]]]
2003	[[[2182.6001066666668 1102.1924636346137 923.8249221205334]]]
2004	[[[2182.68012 1102.105477216378 923.8304678961903]]]
2005	[[[2182.5201333333334 1101.9893369237072 923.8413401844476]]]
2006	[[[2182.5201333333334 1101.8433773144304 923.8500721554565]]]
2007	[[[2182.5201333333334 1101.6708349149305 923.850112217739]]]
2008	[[[2182.360146666667 1101.4796629336017 923.8366974019692]]]
2009	[[[2182.44014 1101.2825779650086 923.8075001304113]]]
2010	[[[2182.44014 1101.0958260772084 923.7629374894988]]]
2011	[[[2182.6001466666667 1100.93650427644 923.7060781274441]]]
2012	[[[2182.5201533333334 1100.818962068607 923.6421452434435]]]
2013	[[[2182.6001666666666 1100.7514576791912 923.5776836262852]]]
2014	[[[2182.44018 1100.7343802543248 923.5195201440041]]]
2015	[[[2182.44018 1100.760744209783 923.47368683758]]]
2016	[[[2182.680166666667 1100.8185644593389 923.44448443354]]]
2017	[[[2182.76016 1100.8937838602535 923.4338391741497]]]
2018	[[[2182.8401533333335 1100.9723011555554 923.4410525363663]]]
2019	[[[2182.8401533333335 1101.0405051821397 923.4629730907559]]]
2020	[[[2183.0001399999996 1101.0850255113135 923.4945470456265]]]
2021	[[[2183.00014 1101.0932187234687 923.5296430164614]]]
2022	[[[2183.00014 1101.0555281889874 923.5620076266509]]]
2023	[[[2183.0801333333334 1100.9693960254017 923.5861965109722]]]
2024	[[[2183.0801333333334 1100.842806353261 923.5983392839444]]]
2025	[[[2183.00014 1100.6949641364256 923.5966316865521]]]
2026	[[[2183.0801333333334 1100.5526427340274 923.581495512066]]]
2027	[[[2183.32012 1100.4429079667668 923.5553984992349]]]
2028	[[[2183.480106666667 1100.3849980508778 923.5223745139506]]]
2029	[[[2183.480106666667 1100.3848478150649 923.4873231153373]]]
2030	[[[2183.480106666667 1100.4346172144137 923.4551932029291]]]
2031	[[[2183.1601066666667 1100.5172195854466 923.4301661194114]]]
2032	[[[2183.4001 1100.6135439800962 923.4149494373355]]]
2033	[[[2183.480093333333 1100.7090388421213 923.410275305338]]]
2034	[[[2183.560086666667 1100.7970006422995 923.4146694173741]]]
2035	[[[2183.560086666667 1100.8777590367708 923.4245218846527]]]
2036	[[[2183.720073333333 1100.9548839690897 923.4344534256317]]]
2037	[[[2183.7200733333334 1101.0306099098166 923.4379333891497]]]
2038	[[[2183.8800666666666 1101.1025692689725 923.4280741906538]]]
2039	[[[2183.64006 1101.1630052770627 923.3985035022897]]]
2040	[[[2183.8000466666667 1101.2005223135084 923.3442041145476]]]
2041	[[[2183.7200533333335 1101.203587763847 923.2622138189269]]]
2042	[[[2183.4800666666665 1101.1645500418979 923.1520943863934]]]
2043	[[[2183.4000733333332 1101.0828286214528 923.0161081693778]]]
2044	[[[2183.4800666666665 1100.9661499354509 922.8590793553561]]]
2045	[[[2183.6400533333335 1100.829298083913 922.6879589689296]]]
2046	[[[2183.7200666666668 1100.6907522146312 922.5111518578948]]]
2047	[[[2183.40008 1100.568456521368 922.3376937455095]]]
2048	[[[2183.320086666667 1100.4763277372565 922.1763820931313]]]
2049	[[[2183.3200866666666 1100.4226604629093 922.0349637607796]]]
2050	[[[2183.3200866666666 1100.41053524701 921.9194663835334]]]
2051	[[[2183.1601 1100.4392842013033 921.8337333006494]]]
2052	[[[2183.1601 1100.5056713739689 921.7791902025801]]]
2053	[[[2183.000106666667 1100.6039407103765 921.7548421451721]]]
2054	[[[2183.2401133333333 1100.7249450021081 921.7574773291394]]]
2055	[[[2183.400113333333 1100.8555096445525 921.7820411088251]]]
2056	[[[2183.480106666667 1100.9793824076244 921.8221387839911]]]
2057	[[[2183.480106666667 1101.080375488198 921.870625207899]]]
2058	[[[2183.7201 1101.146963912561 921.9202390500577]]]
2059	[[[2183.7201 1101.1763979132731 921.9642371917635]]]
2060	[[[2183.7201 1101.176074323778 921.9969805013149]]]
2061	[[[2183.8800866666666 1101.1608548739378 922.0144190877509]]]
2062	[[[2184.040073333333 1101.1469046292034 922.014427271307]]]
2063	[[[2184.2800666666667 1101.1445273102374 921.9969493236691]]]
2064	[[[2184.36006 1101.1533095121506 921.963937280475]]]
2065	[[[2184.36006 1101.1620406356612 921.9190891575532]]]
2066	[[[2184.4400533333333 1101.153648440859 921.8674242042765]]]
2067	[[[2184.6800399999997 1101.112911391256 921.8147547141748]]]
2068	[[[2184.9200333333333 1101.0333283378186 921.7671256539629]]]
2069	[[[2185.000026666667 1100.9200190874983 921.7302910425389]]]
2070	[[[2184.7600333333335 1100.787613415736 921.7092804586258]]]
2071	[[[2184.6800399999997 1100.6545734273814 921.7080847171537]]]
2072	[[[2184.6800399999997 1100.5369066870026 921.729463411809]]]
2073	[[[2184.4400466666666 1100.4440304093512 921.7748558491594]]]
2074	[[[2184.4400466666666 1100.377963494436 921.8443663432794]]]
2075	[[[2184.360053333333 1100.3351594626329 921.9367969127449]]]
2076	[[[2184.28006 1100.309269081148 922.0497129630594]]]
2077	[[[2184.2000666666668 1100.2933491058664 922.1795447516221]]]
2078	[[[2184.2000666666668 1100.281046037095 922.3217416894499]]]
2079	[[[2184.2000666666663 1100.2671937688751 922.4710009687254]]]
2080	[[[2184.04008 1100.248461266294 922.6215830906491]]]
2081	[[[2184.2800733333333 1100.2242276136128 922.7677060184042]]]
2082	[[[2184.1200799999997 1100.1972941345769 922.9039831768429]]]
2083	[[[2183.8800866666666 1100.1738791735688 923.0258476152279]]]
2084	[[[2183.8000933333333 1100.1626551430443 923.1298943949269]]]
2085	[[[2183.8800866666666 1100.1730469499569 923.2140811754717]]]
2086	[[[2183.8800866666666 1100.2132444731224 923.2777527669109]]]
2087	[[[2184.120073333333 1100.2883139501482 923.3214927393245]]]
2088	[[[2184.120073333333 1100.3986493364978 923.3468435026706]]]
2089	[[[2184.1200733333335 1100.539021613962 923.3559643190993]]]
2090	[[[2184.3600666666666 1100.698630351648 923.3513062080698]]]
2091	[[[2184.3600666666666 1100.8625494972946 923.3353710736783]]]
2092	[[[2184.6000599999998 1101.0145426584836 923.3105934720794]]]
2093	[[[2184.6000599999998 1101.140506024378 923.2793460815366]]]
2094	[[[2184.440073333333 1101.2312450614647 923.2440349648222]]]
2095	[[[2184.5200666666665 1101.2833944180281 923.207227511035]]]
2096	[[[2184.3600666666666 1101.2981394442834 923.1717497964418]]]
2097	[[[2184.2800733333333 1101.2785330013558 923.1407010989966]]]
2098	[[[2184.4400666666666 1101.226899418086 923.1173569588636]]]
2099	[[[2184.5200600000003 1101.143617793128 923.1049613409212]]]
2100	[[[2184.28006 1101.0276407063627 923.1064356218726]]]
2101	[[[2184.28006 1100.8781059982985 923.1240514074248]]]
2102	[[[2184.20006 1100.6960124814289 923.1591224086752]]]
2103	[[[2184.2800533333334 1100.4853092265591 923.2117674548685]]]
2104	[[[2184.2800533333334 1100.253427015371 923.2807841842347]]]
2105	[[[2184.120053333333 1100.0115897636158 923.3636544684076]]]
2106	[[[2184.200046666667 1099.7749027012399 923.456682186133]]]
2107	[[[2184.0400466666665 1099.561595899796 923.5552453923224]]]
2108	[[[2183.8000533333334 1099.3906224817767 923.6541312853642]]]
2109	[[[2184.12004 1099.2774896726953 923.747915470425]]]
2110	[[[2184.200033333333 1099.2294364379038 923.8313470891002]]]
2111	[[[2184.12004 1099.2420103515726 923.8997070518138]]]
2112	[[[2184.2800266666663 1099.2989695725976 923.9491152236628]]]
2113	[[[2184.1200333333336 1099.3761491974046 923.9767708885125]]]
2114	[[[2184.120033333333 1099.448149736785 923.9811167206503]]]
2115	[[[2184.4400333333333 1099.4954008850639 923.9619190619883]]]
2116	[[[2184.680026666667 1099.5089912050407 923.9202578662508]]]
2117	[[[2184.6000333333336 1099.4916509717825 923.8584211783709]]]
2118	[[[2184.760033333333 1099.454885688452 923.7797046549758]]]
2119	[[[2184.9200266666667 1099.4137291755376 923.6881280120439]]]
2120	[[[2184.8400333333334 1099.381319568973 923.5880959984312]]]
2121	[[[2184.8400333333334 1099.3652693512443 923.4840468511078]]]
2122	[[[2184.8400333333334 1099.366785770735 923.3801395801825]]]
2123	[[[2185.080026666667 1099.382206148526 923.2800270122343]]]
2124	[[[2184.9200266666667 1099.4056559078563 923.1867422085251]]]
2125	[[[2184.8400333333334 1099.4313484278834 923.1026953018337]]]
2126	[[[2184.8400333333334 1099.4546446359307 923.0297450504394]]]
2127	[[[2185.0000333333332 1099.4719595657423 922.969286276249]]]
2128	[[[2185.080026666667 1099.4803300803112 922.9222908733846]]]
2129	[[[2185.1600266666665 1099.47751255429 922.8892601198116]]]
2130	[[[2185.240026666667 1099.4628842435986 922.8700848726039]]]
2131	[[[2185.1600266666665 1099.4386260337662 922.8638553702068]]]
2132	[[[2185.1600266666665 1099.4102344151909 922.8686975814179]]]
2133	[[[2185.000026666667 1099.3856556078988 922.8817242982944]]]
2134	[[[2184.9200266666667 1099.3731123756645 922.8991700788447]]]
2135	[[[2184.9200266666667 1099.3785162462252 922.9167337517171]]]
2136	[[[2184.8400333333334 1099.403706549657 922.9300939255045]]]
2137	[[[2184.9200333333333 1099.4463988382802 922.9355100418185]]]
2138	[[[2184.6800399999997 1099.5018403098486 922.9303907001836]]]
2139	[[[2184.6000466666665 1099.565249136258 922.9137117808963]]]
2140	[[[2184.68004 1099.6336862965109 922.8861986384009]]]
2141	[[[2184.6800399999997 1099.706342672308 922.8502392050536]]]
2142	[[[2184.52004 1099.7831603886877 922.8095525428316]]]
2143	[[[2184.6800399999997 1099.8627122749558 922.7686844120735]]]
2144	[[[2184.5200466666665 1099.9407244934691 922.7324268351462]]]
2145	[[[2184.2800533333334 1100.0102409608123 922.7052590709545]]]
2146	[[[2184.1200599999997 1100.0634278160662 922.69088705149]]]
2147	[[[2184.200053333333 1100.0940457923723 922.6919263292466]]]
2148	[[[2184.1200599999997 1100.099293499593 922.7097403986673]]]
2149	[[[2184.1200599999997 1100.0801933916894 922.744420197159]]]
2150	[[[2184.1200599999997 1100.0405483010666 922.794875786349]]]
2151	[[[2184.1200599999997 1099.9851293729496 922.8590073621643]]]
2152	[[[2184.04006 1099.9178462880675 922.9339263853457]]]
2153	[[[2184.1200533333335 1099.8403768537692 923.0162041575794]]]
2154	[[[2184.2000466666664 1099.7515147684271 923.1021307451052]]]
2155	[[[2184.2000466666664 1099.647523170228 923.1879698605095]]]
2156	[[[2184.200046666667 1099.5238101694729 923.2701954041631]]]
2157	[[[2184.2000466666664 1099.3778627333922 923.3456946530741]]]
2158	[[[2183.9600533333332 1099.2125346480425 923.4119238850591]]]
2159	[[[2184.28006 1099.038017827759 923.4670062572224]]]
2160	[[[2184.6000666666664 1098.8709025982675 923.5097693320736]]]
2161	[[[2184.68006 1098.7299596736075 923.5397293875317]]]
2162	[[[2184.6800599999997 1098.6300830735947 923.5570388114494]]]
2163	[[[2184.6800599999997 1098.5770636853406 923.562418190562]]]
2164	[[[2184.600066666667 1098.5656208110086 923.5570935164852]]]
2165	[[[2184.6000666666664 1098.5814831229002 923.5427503976271]]]
2166	[[[2184.6800599999997 1098.606318042168 923.5215029754316]]]
2167	[[[2184.68006 1098.623190617014 923.4958596010574]]]
2168	[[[2184.920073333333 1098.6205222283452 923.4686559717376]]]
2169	[[[2184.84008 1098.5937448306167 923.4429248153401]]]
2170	[[[2184.9200800000003 1098.545019904643 923.4216823924061]]]
2171	[[[2185.080073333333 1098.4818244727167 923.4076349892648]]]
2172	[[[2185.1600733333335 1098.4149608675214 923.4028375528034]]]
2173	[[[2185.4800800000003 1098.356195679217 923.4083626575399]]]
2174	[[[2185.2400666666663 1098.3157374192444 923.4240515021506]]]
2175	[[[2185.080053333333 1098.3000607706242 923.4484129051872]]]
2176	[[[2185.1600533333335 1098.310739043289 923.4787104037505]]]
2177	[[[2185.08006 1098.3446354066693 923.5112374957776]]]
2178	[[[2185.2400533333334 1098.3951701605247 923.5417381306211]]]
2179	[[[2185.400046666667 1098.4539058424507 923.5658967887492]]]
2180	[[[2185.56004 1098.5117466955944 923.5798100779389]]]
2181	[[[2185.6400399999998 1098.559564513888 923.5803632755668]]]
2182	[[[2185.64004 1098.5886020151536 923.5654662393455]]]
2183	[[[2185.320033333334 1098.5911458597075 923.5341427805712]]]
2184	[[[2185.4800266666666 1098.5616322705994 923.486502733876]]]
2185	[[[2185.400026666667 1098.4978407252559 923.4236457512483]]]
2186	[[[2185.2400333333335 1098.4015358973365 923.3475456001207]]]
2187	[[[2185.1600333333336 1098.2780387502078 923.2609461367811]]]
2188	[[[2184.92002 1098.134670080538 923.1672736698065]]]
2189	[[[2184.8400266666667 1097.9785633230779 923.070545915227]]]
2190	[[[2184.9200266666667 1097.814715582458 922.9752442097846]]]
2191	[[[2185.08004 1097.6451429886763 922.8861174124385]]]
2192	[[[2185.08004 1097.4695718560827 922.8079016891157]]]
2193	[[[2185.00004 1097.2873657583762 922.7449644150738]]]
2194	[[[2184.92004 1097.0996993676245 922.7009051084319]]]
2195	[[[2184.84004 1096.9107608115658 922.6781647773615]]]
2196	[[[2184.76004 1096.7272287183778 922.6777031067836]]]
2197	[[[2185.080046666667 1096.556243330965 922.6987994747456]]]
2198	[[[2185.16004 1096.402999158466 922.7390203462031]]]
2199	[[[2185.16004 1096.2693190856778 922.7943749526594]]]
2200	[[[2185.32004 1096.15393414834 922.8596564396477]]]
2201	[[[2185.4800333333333 1096.0541068516534 922.9289398112942]]]
2202	[[[2185.4800333333333 1095.9674583743597 922.996183970557]]]
2203	[[[2185.4800333333333 1095.8929301721757 923.0558662106545]]]
2204	[[[2185.640026666667 1095.8306235155112 923.1035672455922]]]
2205	[[[2185.4000333333333 1095.7811384247555 923.136426545334]]]
2206	[[[2185.1600200000003 1095.7452620639217 923.1534031230735]]]
2207	[[[2185.2400133333335 1095.7242703462962 923.1553050186168]]]
2208	[[[2185.4800266666666 1095.7202398807578 923.1445871951281]]]
2209	[[[2185.4800266666666 1095.7354277517677 923.1249552737144]]]
2210	[[[2185.5600266666665 1095.7703682835852 923.1008432415005]]]
2211	[[[2185.720026666667 1095.8214883591681 923.0768500408116]]]
2212	[[[2185.4800200000004 1095.8798608445813 923.057219287236]]]
2213	[[[2185.64002 1095.9324681104565 923.0454293444768]]]
2214	[[[2185.8800266666667 1095.9660506544924 923.0439328651137]]]
2215	[[[2185.720026666667 1095.97205411662 923.0540534205355]]]
2216	[[[2185.9600333333337 1095.9503644943572 923.0760197779174]]]
2217	[[[2186.120033333333 1095.9099668984638 923.1091013257875]]]
2218	[[[2186.2800333333334 1095.8661089863165 923.1518031200629]]]
2219	[[[2186.2800333333334 1095.8351591013 923.2020843243662]]]
2220	[[[2186.440026666666 1095.8292777349598 923.2575750484071]]]
2221	[[[2186.5200266666666 1095.8528997084602 923.3157783684629]]]
2222	[[[2186.600026666667 1095.9020716803577 923.3742521813292]]]
2223	[[[2186.5200133333333 1095.966476272173 923.4307674203952]]]
2224	[[[2186.5200133333333 1096.033060048486 923.4834359699372]]]
2225	[[[2186.5200133333333 1096.0898576170257 923.5307968050564]]]
2226	[[[2186.5200133333333 1096.1288328535984 923.5718470014402]]]
2227	[[[2186.5200133333333 1096.1470967860662 923.6060089384919]]]
2228	[[[2186.360013333333 1096.14643703878 923.6330371624055]]]
2229	[[[2186.2800199999997 1096.1315414307553 923.6528852429024]]]
2230	[[[2186.28002 1096.1075870508057 923.6655687112525]]]
2231	[[[2186.0400133333333 1096.07801980314 923.6710678553169]]]
2232	[[[2186.1200266666665 1096.043344638177 923.6693084941139]]]
2233	[[[2185.960026666667 1096.0014949340882 923.6602387908288]]]
2234	[[[2185.9600266666666 1095.9497982663604 923.6439899950419]]]
2235	[[[2185.9600266666666 1095.8878297783003 923.6210775744786]]]
2236	[[[2185.8800266666667 1095.8198746366118 923.5925771654951]]]
2237	[[[2185.800026666667 1095.7556835981843 923.5602059257972]]]
2238	[[[2185.800026666667 1095.70884967211 923.5262577909443]]]
2239	[[[2185.8800266666667 1095.6932090627724 923.4933774804549]]]
2240	[[[2185.8800266666667 1095.7186182571575 923.4642032244883]]]
2241	[[[2185.720026666667 1095.787748410805 923.4409489279956]]]
2242	[[[2185.720026666667 1095.895010458701 923.4250202629381]]]
2243	[[[2185.8000266666663 1096.0277100648475 923.4167579900485]]]
2244	[[[2185.640013333333 1096.168631919973 923.4153749407366]]]
2245	[[[2185.7200133333336 1096.298944163722 923.4191075124891]]]
2246	[[[2185.640013333333 1096.4006522582283 923.4255509201627]]]
2247	[[[2185.56 1096.458461402645 923.4321043422768]]]
2248	[[[2185.7200000000003 1096.461341998435 923.4364294351498]]]
2249	[[[2185.5600066666666 1096.4040590383565 923.4368290686269]]]
2250	[[[2185.5600066666666 1096.2885189717733 923.4324801500828]]]
2251	[[[2185.8800133333334 1096.1243657198502 923.4234955196611]]]
2252	[[[2185.960013333334 1095.9281776328505 923.4108317597739]]]
2253	[[[2185.960013333334 1095.7210008562845 923.3960897471779]]]
2254	[[[2185.960013333333 1095.5246246333363 923.381265285414]]]
2255	[[[2185.960013333334 1095.3576002072675 923.3684980505999]]]
2256	[[[2186.0400133333333 1095.232190221156 923.3598453901524]]]
2257	[[[2186.120013333333 1095.153083300468 923.3570844637355]]]
2258	[[[2186.36002 1095.1179801356618 923.3615327129037]]]
2259	[[[2186.36002 1095.1194295824678 923.3738788599144]]]
2260	[[[2186.28002 1095.1469550069921 923.3940334033504]]]
2261	[[[2186.2800199999997 1095.188730536418 923.4210306431288]]]
2262	[[[2186.2800199999997 1095.2326691178002 923.4530313450863]]]
2263	[[[2186.440026666666 1095.2673441211907 923.4874747452704]]]
2264	[[[2186.5200200000004 1095.283281861143 923.5214048120914]]]
2265	[[[2186.60002 1095.2747413254613 923.5519513252262]]]
2266	[[[2186.3600133333334 1095.2414431890584 923.5768929518458]]]
2267	[[[2186.360013333333 1095.1893268408776 923.5951843183647]]]
2268	[[[2186.2800133333335 1095.1296443471017 923.6073095336656]]]
2269	[[[2186.2800133333335 1095.0764591424631 923.6153423344772]]]
2270	[[[2186.2800133333335 1095.0434282747194 923.6226490936924]]]
2271	[[[2186.2000133333336 1095.0410728466177 923.6332542853262]]]
2272	[[[2186.2000133333336 1095.075370142609 923.6509775819077]]]
2273	[[[2186.1200200000003 1095.1477004058597 923.6785221890253]]]
2274	[[[2186.2000199999998 1095.2555011668455 923.7167231615358]]]
2275	[[[2186.28002 1095.3928568699337 923.7641405978529]]]
2276	[[[2186.44002 1095.5506994419072 923.8171089286692]]]
2277	[[[2186.36002 1095.7169292718347 923.8702479834801]]]
2278	[[[2186.120013333333 1095.8770911954578 923.9173321436332]]]
2279	[[[2186.2000133333336 1096.0160089736917 923.952330467392]]]
2280	[[[2186.0400133333333 1096.120153825005 923.9703956609246]]]
2281	[[[2185.960013333333 1096.1799362143313 923.9686013698969]]]
2282	[[[2185.8800133333334 1096.190978859069 923.946297095486]]]
2283	[[[2185.8800133333334 1096.1538749471106 923.9050462387953]]]
2284	[[[2185.8800133333334 1096.072720458763 923.8482074446133]]]
2285	[[[2185.8800133333334 1095.953379523403 923.7802876461886]]]
2286	[[[2185.960013333334 1095.8025850496795 923.7062225421441]]]
2287	[[[2185.8000133333335 1095.628454344432 923.630725954455]]]
2288	[[[2185.7200000000003 1095.4420435135953 923.5578050364161]]]
2289	[[[2185.64 1095.2586938715433 923.4904816754779]]]
2290	[[[2185.7200000000003 1095.0976881260656 923.4307094653165]]]
2291	[[[2185.6400000000003 1094.9793903062755 923.3794422320751]]]
2292	[[[2185.64 1094.9203437164426 923.3367978506753]]]
2293	[[[2185.56 1094.9280664726605 923.3022661271498]]]
2294	[[[2185.64 1094.997773997273 923.2749239306112]]]
2295	[[[2185.7200000000003 1095.1126304704076 923.2536364588004]]]
2296	[[[2185.7200000000003 1095.2476803376821 923.2372351313601]]]
2297	[[[2185.960013333334 1095.3760973327871 923.2246683901686]]]
2298	[[[2185.960013333333 1095.4755743539602 923.2151228076697]]]
2299	[[[2185.8800133333334 1095.5328848431175 923.2081108231409]]]
2300	[[[2185.8000133333335 1095.5456259267594 923.2035204364028]]]
2301	[[[2185.720013333333 1095.5213103877866 923.2016226663023]]]
2302	[[[2185.720013333333 1095.4747511026528 923.2030349860997]]]
2303	[[[2185.48002 1095.4248407749863 923.2086431706103]]]
2304	[[[2185.48002 1095.3914993091296 923.2194896085239]]]
2305	[[[2185.40002 1095.3930775880865 923.2366423664477]]]
2306	[[[2185.32002 1095.4441911492013 923.2610647958036]]]
2307	[[[2185.32002 1095.5539488689767 923.2935083346401]]]
2308	[[[2185.48002 1095.7247479827108 923.3344493445516]]]
2309	[[[2185.48002 1095.9519835264364 923.3840830912769]]]
2310	[[[2185.56002 1096.224936571058 923.4423748189828]]]
2311	[[[2185.8000333333334 1096.528712356857 923.509151988597]]]
2312	[[[2185.56002 1096.8465974536393 923.5842076477305]]]
2313	[[[2185.56002 1097.1619459327374 923.6673775298322]]]
2314	[[[2185.72002 1097.4589559288975 923.7585564508659]]]
2315	[[[2185.80002 1097.722417401725 923.8576335842234]]]
2316	[[[2185.80002 1097.9373002247537 923.9643484131229]]]
2317	[[[2185.88002 1098.089363424103 924.0780938246967]]]
2318	[[[2186.0400133333333 1098.1674728842042 924.1977129071815]]]
2319	[[[2186.0400133333333 1098.1671835450406 924.3213454006859]]]
2320	[[[2186.0400133333333 1098.0940112392707 924.4463750184353]]]
2321	[[[2186.280026666667 1097.9644377308425 924.5695103157954]]]
2322	[[[2186.44004 1097.8034307855658 924.6870034226937]]]
2323	[[[2186.36004 1097.6388220908018 924.7949794171485]]]
2324	[[[2186.20004 1097.4944367459873 924.8898221027581]]]
2325	[[[2186.1200400000002 1097.3845384398646 924.9685463879773]]]
2326	[[[2185.8800266666667 1097.3115786038636 925.0290878043594]]]
2327	[[[2185.8800266666667 1097.2677721819591 925.0704566604345]]]
2328	[[[2186.04004 1097.2394895463103 925.0927343580123]]]
2329	[[[2185.8800399999996 1097.2126029349545 925.0969251779126]]]
2330	[[[2185.80004 1097.1769998624359 925.0847089185859]]]
2331	[[[2186.040053333333 1097.1291732857972 925.0581591255685]]]
2332	[[[2186.040053333333 1097.0725998409825 925.0194925571823]]]
2333	[[[2186.040053333333 1097.016181872689 924.9708977450476]]]
2334	[[[2185.9600533333337 1096.9713434814341 924.9144598226147]]]
2335	[[[2185.9600533333337 1096.94858811653 924.8521655038265]]]
2336	[[[2185.80004 1096.9544935270014 924.7859476193213]]]
2337	[[[2185.5600266666665 1096.9900832423816 924.7177214135901]]]
2338	[[[2185.5600266666665 1097.051082105528 924.6493770739962]]]
2339	[[[2185.80004 1097.1297851939614 924.5827195526896]]]
2340	[[[2185.72004 1097.2175283316244 924.5193768558593]]]
2341	[[[2185.80004 1097.3065423163846 924.4607191614705]]]
2342	[[[2185.720046666667 1097.3905171158485 924.4078341178197]]]
2343	[[[2185.720046666667 1097.464182771458 924.361586158859]]]
2344	[[[2185.6400533333335 1097.5229411787475 924.322755465626]]]
2345	[[[2185.8000533333334 1097.5634847193578 924.2922172683433]]]
2346	[[[2185.6400399999998 1097.5854269701094 924.2710981819301]]]
2347	[[[2185.56004 1097.5928996744622 924.260843344568]]]
2348	[[[2185.4800400000004 1097.5946776317094 924.2631489542596]]]
2349	[[[2185.56004 1097.60206789781 924.2797534004391]]]
2350	[[[2185.4000466666666 1097.6251553355487 924.3121240324355]]]
2351	[[[2185.4800466666666 1097.669127556358 924.3611111051963]]]
2352	[[[2185.4800466666666 1097.732530449435 924.4266541549754]]]
2353	[[[2185.3200533333334 1097.8083249181261 924.5076146392774]]]
2354	[[[2185.16004 1097.8871391898372 924.6017761645227]]]
2355	[[[2185.2400399999997 1097.9610260214677 924.706010726558]]]
2356	[[[2185.16004 1098.0259237401208 924.8165695429275]]]
2357	[[[2185.16004 1098.0818551530326 924.9294318308929]]]
2358	[[[2185.0000266666666 1098.1311396696701 925.0406403629845]]]
2359	[[[2185.320033333333 1098.175858864648 925.1465679360135]]]
2360	[[[2185.1600333333336 1098.2160461317887 925.2440871493271]]]
2361	[[[2185.160033333333 1098.249523319233 925.3306470489946]]]
2362	[[[2185.1600333333336 1098.2733239198535 925.4042845287249]]]
2363	[[[2185.1600333333336 1098.2857593593965 925.4636094635597]]]
2364	[[[2185.080033333333 1098.287861614136 925.5077988312979]]]
2365	[[[2185.3200266666668 1098.2833226270113 925.5366196964283]]]
2366	[[[2185.2400266666664 1098.276913461382 925.5504801627593]]]
2367	[[[2185.240026666667 1098.272216323443 925.5504883385911]]]
2368	[[[2185.4800200000004 1098.269879337081 925.5384877224592]]]
2369	[[[2185.48002 1098.2673285371523 925.5170361134296]]]
2370	[[[2185.40002 1098.2601258826628 925.4893038929503]]]
2371	[[[2185.40002 1098.2443564856085 925.4588834464539]]]
2372	[[[2185.4800133333333 1098.2189606606555 925.4295203370824]]]
2373	[[[2185.4800133333333 1098.1869837480665 925.4047942549936]]]
2374	[[[2185.24 1098.1552149610607 925.3877902465114]]]
2375	[[[2185.24 1098.1323527422176 925.38080609799]]]
2376	[[[2185.24 1098.1263642722831 925.3851391892232]]]
2377	[[[2185.4 1098.1419136670854 925.4009860405813]]]
2378	[[[2185.4800000000005 1098.1786139490089 925.4274716623369]]]
2379	[[[2185.56 1098.230552474987 925.4628062218841]]]
2380	[[[2185.720006666667 1098.2872150193448 925.5045468906268]]]
2381	[[[2185.640006666667 1098.3356714536565 925.5499267964216]]]
2382	[[[2185.720006666667 1098.363655520884 925.596204037597]]]
2383	[[[2185.8800133333334 1098.3629097187306 925.6409833813894]]]
2384	[[[2186.12002 1098.3318972782024 925.6824709558833]]]
2385	[[[2186.1200200000003 1098.2768688566211 925.7196351504298]]]
2386	[[[2186.2000199999998 1098.21053283572 925.7522611541872]]]
2387	[[[2186.5200266666666 1098.1483149787084 925.7808987274026]]]
2388	[[[2186.5200266666666 1098.1032236849996 925.8067115723946]]]
2389	[[[2186.600026666667 1098.0811919926682 925.831243161685]]]
2390	[[[2186.680026666667 1098.0789002726885 925.8561206959265]]]
2391	[[[2186.680026666667 1098.0852166782886 925.8827281270432]]]
2392	[[[2186.680026666667 1098.085791075282 925.9118905488081]]]
2393	[[[2186.8400400000005 1098.0687862851678 925.943622102339]]]
2394	[[[2186.92004 1098.029133079004 925.9769919934437]]]
2395	[[[2186.680033333333 1097.969498899313 926.0101527858441]]]
2396	[[[2186.7600333333335 1097.897976308467 926.0405498150075]]]
2397	[[[2186.9200466666666 1097.824254742174 926.0652938643885]]]
2398	[[[2186.6800399999997 1097.756645473253 926.0816399656001]]]
2399	[[[2186.68004 1097.7014179810237 926.0874848277771]]]
2400	[[[2186.8400400000005 1097.664119641492 926.0817840959606]]]
2401	[[[2186.84004 1097.6511156881195 926.0648032654761]]]
2402	[[[2186.7600466666668 1097.6694581396039 926.038150230891]]]
2403	[[[2186.7600466666668 1097.7244059107513 926.0045840686693]]]
2404	[[[2186.92006 1097.815615778698 925.9676411022134]]]
2405	[[[2187.1600666666664 1097.9340993841652 925.9311535932712]]]
2406	[[[2187.32008 1098.0618818586152 925.898750986305]]]
2407	[[[2187.32008 1098.1750859663268 925.8734273085662]]]
2408	[[[2187.2400666666667 1098.249623860582 925.8572358380246]]]
2409	[[[2187.1600666666664 1098.267556246449 925.8511417767112]]]
2410	[[[2187.160066666667 1098.221888988064 925.8550339920683]]]
2411	[[[2187.1600666666664 1098.1181350788368 925.8678740063832]]]
2412	[[[2187.080053333333 1097.9721143682093 925.8879465603003]]]
2413	[[[2187.4000533333333 1097.8047851213685 925.9131699989447]]]
2414	[[[2187.560046666667 1097.635938197661 925.9414233848726]]]
2415	[[[2187.560046666667 1097.4789475804082 925.9708479220435]]]
2416	[[[2187.9600466666666 1097.3383138691906 926.0000821696566]]]
2417	[[[2188.2000333333335 1097.2106576732485 926.0283950501192]]]
2418	[[[2188.3600466666667 1097.0885779925377 926.0556904436153]]]
2419	[[[2188.6000333333336 1096.9658668991708 926.0823742190574]]]
2420	[[[2188.7600266666673 1096.8422310239978 926.1090984651704]]]
2421	[[[2188.680013333333 1096.725896215373 926.1364247546917]]]
2422	[[[2188.84002 1096.6330866322153 926.1644720511568]]]
2423	[[[2188.9200333333333 1096.5842006589273 926.1926280041074]]]
2424	[[[2189.080046666667 1096.5974477300454 926.2193991218786]]]
2425	[[[2189.320053333334 1096.6816448714071 926.2424537118292]]]
2426	[[[2189.4800666666665 1096.8305549122672 926.2588744927693]]]
2427	[[[2189.7200666666668 1097.0212029344318 926.2655928718681]]]
2428	[[[2189.6400733333335 1097.217705388233 926.2599342203629]]]
2429	[[[2189.4800800000003 1097.3803015360802 926.2401733958421]]]
2430	[[[2189.640086666667 1097.4770527532203 926.2059900479048]]]
2431	[[[2189.4800933333336 1097.494081907338 926.1587271802546]]]
2432	[[[2189.3201 1097.4402446890942 926.1013918359278]]]
2433	[[[2189.400093333333 1097.3440757981843 926.0383863246212]]]
2434	[[[2189.3200933333333 1097.244019971308 925.9750112831675]]]
2435	[[[2189.2400933333333 1097.17583503574 925.9168261633296]]]
2436	[[[2189.480093333333 1097.1621565880941 925.8689784330414]]]
2437	[[[2189.7200866666667 1097.207968686523 925.8356142726266]]]
2438	[[[2189.80008 1097.302833435274 925.8194612928306]]]
2439	[[[2189.8800733333333 1097.4277438056645 925.8216342354661]]]
2440	[[[2189.9600666666665 1097.562854466739 925.841668364089]]]
2441	[[[2190.120053333333 1097.6927182049315 925.877743983925]]]
2442	[[[2190.3600666666666 1097.8075335284086 925.9270384747833]]]
2443	[[[2190.5200600000003 1097.9011464210898 925.9861335135967]]]
2444	[[[2190.5200600000003 1097.9680143518829 926.0514130186954]]]
2445	[[[2190.52006 1098.0014572120601 926.119405362248]]]
2446	[[[2190.92006 1097.9944375334355 926.1870434645983]]]
2447	[[[2191.0000533333337 1097.942520579213 926.2518320358753]]]
2448	[[[2191.32006 1097.847403388677 926.311920015412]]]
2449	[[[2191.40006 1097.7190584326788 926.3660801747529]]]
2450	[[[2191.4800600000003 1097.5751985238494 926.4136016609453]]]
2451	[[[2191.4000666666666 1097.4380229564952 926.4541094878705]]]
2452	[[[2191.3200666666667 1097.3293884165978 926.487338977085]]]
2453	[[[2191.48006 1097.2661105288178 926.5129096209513]]]
2454	[[[2191.5600533333336 1097.2568741309224 926.5301547332501]]]
2455	[[[2191.5600533333336 1097.3014564309624 926.5380626817697]]]
2456	[[[2191.48006 1097.3920950934091 926.5353675810646]]]
2457	[[[2191.240046666667 1097.5162279016004 926.5207931906833]]]
2458	[[[2191.240046666667 1097.659611074854 926.4934112799841]]]
2459	[[[2191.40004 1097.808910765382 926.4530373801903]]]
2460	[[[2191.4800333333333 1097.9531432142437 926.4005655066089]]]
2461	[[[2191.1600266666665 1098.0837633313406 926.3381475471318]]]
2462	[[[2191.1600266666665 1098.1937259582166 926.2691532657333]]]
2463	[[[2191.2400199999997 1098.2763164318987 926.197895648943]]]
2464	[[[2191.1600200000003 1098.3247056861828 926.1291602086245]]]
2465	[[[2191.1600200000003 1098.3328389878243 926.0676211357809]]]
2466	[[[2191.56002 1098.297510400341 926.0172506385508]]]
2467	[[[2191.56002 1098.2207111362502 925.9808258575313]]]
2468	[[[2191.56002 1098.1110407979397 925.9596132769587]]]
2469	[[[2191.64002 1097.9833383013772 925.9532719503835]]]
2470	[[[2191.64002 1097.8564996924304 925.959974808463]]]
2471	[[[2191.8000133333335 1097.7502107512194 925.9767113700078]]]
2472	[[[2191.960013333334 1097.6816180009994 925.9997114761069]]]
2473	[[[2191.8800133333334 1097.6627186319622 926.0249202368746]]]
2474	[[[2191.8800133333334 1097.6987357667103 926.0484578137242]]]
2475	[[[2192.2000199999998 1097.787343450497 926.0670105071059]]]
2476	[[[2192.36002 1097.9185478584684 926.0781177647704]]]
2477	[[[2192.680026666667 1098.0752720913804 926.0803393096829]]]
2478	[[[2192.280026666667 1098.234971095824 926.0733044214016]]]
2479	[[[2192.3600266666667 1098.372626625227 926.0576590994846]]]
2480	[[[2192.4400266666667 1098.4650953882774 926.0349348998639]]]
2481	[[[2192.1200200000003 1098.496108241522 926.0073652517744]]]
2482	[[[2192.2800333333334 1098.4605630431618 925.9776718616513]]]
2483	[[[2192.2800333333334 1098.3665125664502 925.9488373948461]]]
2484	[[[2192.2000333333335 1098.233689697642 925.9238737337629]]]
2485	[[[2192.2800333333334 1098.0885023480216 925.9055904398001]]]
2486	[[[2192.12004 1097.9567856139392 925.8963673911376]]]
2487	[[[2192.52004 1097.8566162269556 925.8979392013999]]]
2488	[[[2192.440046666667 1097.7936439615953 925.9112055742735]]]
2489	[[[2192.2800533333334 1097.7605238202887 925.9360886291562]]]
2490	[[[2191.8800533333333 1097.7404963803517 925.9714624508423]]]
2491	[[[2191.6400599999997 1097.7136614322335 926.01517917739]]]
2492	[[[2191.3200533333334 1097.6636847230595 926.0642085632006]]]
2493	[[[2191.4000466666666 1097.5828320636701 926.1148944392988]]]
2494	[[[2191.5600600000002 1097.47410202657 926.1633137189914]]]
2495	[[[2191.40006 1097.3503053665256 926.205704704492]]]
2496	[[[2191.4800600000003 1097.2307585706014 926.2389152768445]]]
2497	[[[2191.3200466666667 1097.1366509163763 926.2608118823131]]]
2498	[[[2191.3200466666667 1097.0861981470034 926.27058993211]]]
2499	[[[2191.720046666667 1097.0905713918062 926.2689364418079]]]
2500	[[[2191.6400466666664 1097.1513688723833 926.2580153135665]]]
2501	[[[2191.9600533333337 1097.2600800610746 926.2412712059519]]]
2502	[[[2191.480053333333 1097.3995837980808 926.2230744637786]]]
2503	[[[2191.480053333333 1097.5472933222288 926.2082518023881]]]
2504	[[[2191.5600466666665 1097.6792178517774 926.2015612209983]]]
2505	[[[2191.72004 1097.774033480561 926.2071731327106]]]
2506	[[[2191.72004 1097.816280254995 926.2282138197683]]]
2507	[[[2191.80004 1097.7980320289669 926.26641508369]]]
2508	[[[2191.720046666667 1097.7187991252422 926.3218992775688]]]
2509	[[[2191.4800333333333 1097.5839391560212 926.3931150938494]]]
2510	[[[2191.5600333333336 1097.4023049967034 926.4769281339745]]]
2511	[[[2191.720046666667 1097.1840544690733 926.5688609989056]]]
2512	[[[2191.88006 1096.9393672556605 926.6634686120447]]]
2513	[[[2191.80006 1096.6783174385075 926.7548237675079]]]
2514	[[[2191.4800600000003 1096.4115602542506 926.8370747243047]]]
2515	[[[2191.48006 1096.1510944452177 926.9050223380588]]]
2516	[[[2191.240046666667 1095.9103538500437 926.9546521099214]]]
2517	[[[2191.1600466666664 1095.7032626874943 926.9835511778833]]]
2518	[[[2191.24004 1095.5424473811138 926.9911458300784]]]
2519	[[[2191.2400399999997 1095.4372151147595 926.9787136734204]]]
2520	[[[2191.2400399999997 1095.3919466537434 926.9491549957582]]]
2521	[[[2191.5600466666665 1095.405218027375 926.9065455133145]]]
2522	[[[2191.4800466666666 1095.469540922151 926.8555304412575]]]
2523	[[[2191.56004 1095.5714527838754 926.8006497302134]]]
2524	[[[2191.56004 1095.6919434871634 926.7456997554536]]]
2525	[[[2191.4000466666666 1095.8076547432565 926.6932341431935]]]
2526	[[[2191.2400333333335 1095.893471937433 926.644286023559]]]
2527	[[[2191.2400333333335 1095.9267058017222 926.5983595944716]]]
2528	[[[2191.2400333333335 1095.8921280832012 926.5536965729199]]]
2529	[[[2191.160033333333 1095.786220933717 926.5077797668379]]]
2530	[[[2191.1600333333336 1095.618778422758 926.457997907612]]]
2531	[[[2191.1600333333336 1095.4107773992966 926.4023680133864]]]
2532	[[[2191.08004 1095.1889363082912 926.3401974641075]]]
2533	[[[2191.16004 1094.9788500119037 926.2725700008883]]]
2534	[[[2191.16004 1094.799224682396 926.2025591787641]]]
2535	[[[2191.16004 1094.6591698529871 926.1351089612414]]]
2536	[[[2191.0000266666666 1094.5590319293476 926.0765712569524]]]
2537	[[[2190.9200333333333 1094.4936765766945 926.0339481347564]]]
2538	[[[2190.9200333333333 1094.4562809228146 926.0139427880463]]]
2539	[[[2191.0000333333332 1094.440950988566 926.0219665451631]]]
2540	[[[2191.080026666667 1094.443536637509 926.0612683053668]]]
2541	[[[2191.080026666667 1094.4611325844987 926.1323404523083]]]
2542	[[[2190.76002 1094.491249503334 926.2327109889915]]]
2543	[[[2190.84002 1094.5313390803587 926.3571627998246]]]
2544	[[[2190.7600266666664 1094.5786620341507 926.4983419539127]]]
2545	[[[2190.8400266666667 1094.630033990122 926.6476456414938]]]
2546	[[[2190.68004 1094.6811463917238 926.7962330518699]]]
2547	[[[2190.6000466666665 1094.7257763770322 926.9359894745044]]]
2548	[[[2190.600046666667 1094.7557108067624 927.0602963464731]]]
2549	[[[2190.5200533333336 1094.7621008222284 927.1645100777033]]]
2550	[[[2190.36006 1094.7381759489488 927.2461162361634]]]
2551	[[[2190.2800599999996 1094.6822505205052 927.3045873154232]]]
2552	[[[2190.28006 1094.5994329155212 927.3410188852689]]]
2553	[[[2190.2000666666668 1094.5008240156385 927.3576433172817]]]
2554	[[[2190.36008 1094.4001370885499 927.3573218996393]]]
2555	[[[2190.36008 1094.3089801287979 927.3430995657799]]]
2556	[[[2190.2000866666667 1094.2328004369026 927.3178787967221]]]
2557	[[[2190.2000866666667 1094.1692905277896 927.2842377313605]]]
2558	[[[2190.0400933333335 1094.1099912717225 927.244387859867]]]
2559	[[[2190.0400933333335 1094.0444194370655 927.2002427115713]]]
2560	[[[2189.800106666667 1093.9649523356072 927.153552968298]]]
2561	[[[2189.9600933333336 1093.8704170628978 927.1060566682487]]]
2562	[[[2190.0400866666664 1093.7669731000033 927.0595959372382]]]
2563	[[[2189.9600866666665 1093.6661291159578 927.0161631803217]]]
2564	[[[2190.20008 1093.580981919511 926.9778576615377]]]
2565	[[[2190.20008 1093.5223917817445 926.9467543440577]]]
2566	[[[2190.0400933333335 1093.4965425425373 926.9247065346694]]]
2567	[[[2190.0400933333335 1093.5044251731788 926.9131184091121]]]
2568	[[[2190.0400933333335 1093.5428380362953 926.912730357777]]]
2569	[[[2189.96008 1093.6060584888098 926.9234585948603]]]
2570	[[[2189.8800866666666 1093.6875036711692 926.9443216409599]]]
2571	[[[2189.8000933333333 1093.7810948790986 926.9734722696575]]]
2572	[[[2190.040086666667 1093.882215273108 927.0083369056373]]]
2573	[[[2190.0400866666664 1093.9880043362643 927.0458478739998]]]
2574	[[[2189.88008 1094.0966074220426 927.0827397458688]]]
2575	[[[2190.040066666667 1094.2053181964977 927.1158714626135]]]
2576	[[[2190.0400666666665 1094.3083305367954 927.1425326177101]]]
2577	[[[2190.12006 1094.395520735027 927.1606959413398]]]
2578	[[[2190.040066666667 1094.4536127954343 927.1691879127831]]]
2579	[[[2189.8000733333333 1094.469987312417 927.1677631323051]]]
2580	[[[2189.8000733333333 1094.4377856944045 927.1570820908017]]]
2581	[[[2189.8000733333333 1094.3598328094988 927.1386027633904]]]
2582	[[[2189.72008 1094.2490681568718 927.1144019055511]]]
2583	[[[2189.72008 1094.1247015412346 927.086942313662]]]
2584	[[[2189.400093333333 1094.0054324155615 927.0588002702125]]]
2585	[[[2189.3201 1093.9026568748584 927.0323667988713]]]
2586	[[[2189.3201 1093.8167747619802 927.0095404022555]]]
2587	[[[2189.080106666667 1093.7383754619525 926.9914383282236]]]
2588	[[[2189.080106666667 1093.6538659880823 926.9781653766727]]]
2589	[[[2189.16012 1093.5530690086573 926.9686882365794]]]
2590	[[[2189.0001333333335 1093.4354174294251 926.960862853363]]]
2591	[[[2188.92014 1093.3120112977247 926.9516476481245]]]
2592	[[[2188.7601533333336 1093.2026590540916 926.937505916579]]]
2593	[[[2188.7601533333336 1093.1292119607222 926.9149609655824]]]
2594	[[[2188.6801600000003 1093.1080010461421 926.8812265046416]]]
2595	[[[2188.6001666666666 1093.1443500599323 926.834803643192]]]
2596	[[[2188.6001666666666 1093.2309919442357 926.7759246042384]]]
2597	[[[2188.8401533333335 1093.3504193755703 926.7067378159517]]]
2598	[[[2188.6801466666666 1093.4796710586813 926.6311690782799]]]
2599	[[[2188.6801466666666 1093.5954797967574 926.5544522592701]]]
2600	[[[2188.6001333333334 1093.6781977416913 926.4823886891528]]]
2601	[[[2188.52012 1093.7140015090642 926.4204530367797]]]
2602	[[[2188.440126666667 1093.6958335427441 926.3729018554701]]]
2603	[[[2188.52012 1093.6238054895573 926.3420499279559]]]
2604	[[[2188.6001133333334 1093.505327717717 926.3278556932859]]]
2605	[[[2188.6001133333334 1093.3545080566682 926.3279038054408]]]
2606	[[[2188.7601066666666 1093.1900577266808 926.33779988653]]]
2607	[[[2188.8401000000003 1093.031457075613 926.3519139256623]]]
2608	[[[2188.9200933333336 1092.894262397106 926.3643404434537]]]
2609	[[[2189.000086666667 1092.786418015384 926.3698998862059]]]
2610	[[[2189.3200733333333 1092.7074442345404 926.3649963804929]]]
2611	[[[2189.48006 1092.6511254796985 926.348174448222]]]
2612	[[[2189.2400733333334 1092.6104218587152 926.3202759885631]]]
2613	[[[2189.480073333333 1092.5819514686773 926.284176246991]]]
2614	[[[2189.5600666666664 1092.5675263462085 926.2441570367026]]]
2615	[[[2189.7200733333334 1092.571926341034 926.2050405581398]]]
2616	[[[2189.8800800000004 1092.598354365645 926.1712451652178]]]
2617	[[[2190.0400666666665 1092.6443964888279 926.1459295370242]]]
2618	[[[2190.2800799999995 1092.7009290169806 926.1303657721197]]]
2619	[[[2190.3600733333337 1092.7545638254712 926.1236332173386]]]
2620	[[[2190.5200600000003 1092.7921587675653 926.1226653823861]]]
2621	[[[2190.44006 1092.804969282108 926.1226245141585]]]
2622	[[[2190.520053333333 1092.7906639118646 926.1175323148492]]]
2623	[[[2190.6000533333336 1092.7530346205374 926.1010567064586]]]
2624	[[[2190.600053333333 1092.7005800384886 926.0673447124797]]]
2625	[[[2190.36006 1092.6453248571734 926.0117978796266]]]
2626	[[[2190.2800666666667 1092.60229264012 925.93170432723]]]
2627	[[[2190.4400533333333 1092.588839909801 925.8266650277978]]]
2628	[[[2190.4400533333333 1092.6226099480143 925.6987767149113]]]
2629	[[[2190.8400533333333 1092.7176052370507 925.5525571143222]]]
2630	[[[2190.9200466666666 1092.879345598972 925.3946192265257]]]
2631	[[[2191.00004 1093.1012506592326 925.2331208507476]]]
2632	[[[2191.00004 1093.3643816136998 925.0770345582059]]]
2633	[[[2191.00004 1093.6413638051797 924.9353022689114]]]
2634	[[[2191.00004 1093.9033910308733 924.8159562002164]]]
2635	[[[2191.00004 1094.1277660356989 924.7253011547359]]]
2636	[[[2191.00004 1094.3032310518472 924.6672576507858]]]
2637	[[[2191.0800400000003 1094.4314010885603 924.6429571808911]]]
2638	[[[2191.08004 1094.524258584507 924.6506575398909]]]
2639	[[[2191.160033333333 1094.5990390943568 924.6860082725885]]]
2640	[[[2191.3200266666668 1094.6724160558895 924.7426478696938]]]
2641	[[[2191.40002 1094.7557058199175 924.8130624334908]]]
2642	[[[2191.48002 1094.8522277032423 924.8895890410016]]]
2643	[[[2191.64002 1094.9573000417229 924.9654151052322]]]
2644	[[[2191.4000133333334 1095.0607259252727 925.0354153722384]]]
2645	[[[2191.72002 1095.150973676293 925.0966854527292]]]
2646	[[[2191.80002 1095.2196444859244 925.1486752818341]]]
2647	[[[2192.1200266666665 1095.2645215788023 925.192892727794]]]
2648	[[[2191.960013333334 1095.2898510649554 925.2322264988967]]]
2649	[[[2192.0400133333333 1095.303590116122 925.2700139727266]]]
2650	[[[2192.120013333333 1095.312781349301 925.309037093867]]]
2651	[[[2192.2800133333335 1095.3192403653495 925.3506532274286]]]
2652	[[[2192.3600133333334 1095.3177281947176 925.3942487896189]]]
2653	[[[2192.4400133333334 1095.2976092184851 925.4371418149627]]]
2654	[[[2192.5200133333333 1095.247242595506 925.4749662212606]]]
2655	[[[2192.5200133333333 1095.158990424425 925.5024653690307]]]
2656	[[[2192.6000133333337 1095.032530679093 925.5145301735769]]]
2657	[[[2192.680013333333 1094.8752301239044 925.5072603324242]]]
2658	[[[2192.5200133333333 1094.6999880004828 925.4788207961593]]]
2659	[[[2192.5200133333333 1094.5221839214912 925.4299114656696]]]
2660	[[[2192.280006666667 1094.3574379282709 925.3637548474759]]]
2661	[[[2192.280006666667 1094.2208639994515 925.2856123149953]]]
2662	[[[2192.04 1094.1271337087892 925.2019387454048]]]
2663	[[[2191.96 1094.0899273074517 925.1193546013159]]]
2664	[[[2191.96 1094.1197553204345 925.0436399133756]]]
2665	[[[2191.8799999999997 1094.2204166415975 924.9789340107363]]]
2666	[[[2191.8 1094.385641952602 924.9272675867088]]]
2667	[[[2191.7200000000003 1094.597856047844 924.888476843469]]]
2668	[[[2191.64 1094.8301715494456 924.8604724448991]]]
2669	[[[2191.7200000000003 1095.0512007376203 924.8397753485351]]]
2670	[[[2191.7200000000003 1095.2310117962822 924.8221973440187]]]
2671	[[[2191.7200000000003 1095.3463181624008 924.8035386731503]]]
2672	[[[2191.6400000000003 1095.383783838606 924.7801941533754]]]
2673	[[[2191.7200000000003 1095.3414342761077 924.7495942467946]]]
2674	[[[2191.64 1095.2287183317683 924.710448585971]]]
2675	[[[2191.56 1095.0654636423733 924.6627976509593]]]
2676	[[[2191.6400000000003 1094.87929978592 924.6079071527578]]]
2677	[[[2191.56 1094.7009596803966 924.5480558804569]]]
2678	[[[2191.7200000000003 1094.5576867123782 924.4862709843114]]]
2679	[[[2192.04 1094.4663845531204 924.4260570450168]]]
2680	[[[2192.44 1094.4291206033702 924.3711506610574]]]
2681	[[[2192.36 1094.4332291510582 924.3253152527086]]]
2682	[[[2192.44 1094.4564872322906 924.2921756393504]]]
2683	[[[2192.36 1094.475534437413 924.2750818023432]]]
2684	[[[2192.2 1094.4741523749105 924.276987393063]]]
2685	[[[2192.12 1094.4480723951508 924.3003303697068]]]
2686	[[[2192.2800133333335 1094.4045852179258 924.3469086044905]]]
2687	[[[2192.2000133333336 1094.3575055563942 924.417749841065]]]
2688	[[[2192.04002 1094.319872129112 924.5129809535792]]]
2689	[[[2192.12002 1094.2974019677115 924.6317052419087]]]
2690	[[[2192.2800199999997 1094.2851276596873 924.7718990078755]]]
2691	[[[2192.1200200000003 1094.2683285388912 924.930341189715]]]
2692	[[[2192.040026666667 1094.2274359200455 925.1025934526979]]]
2693	[[[2191.8000333333334 1094.1454258129186 925.2830526650132]]]
2694	[[[2191.4800333333333 1094.0154223461766 925.4651011844371]]]
2695	[[[2191.00004 1093.845900662287 925.641379447191]]]
2696	[[[2191.00004 1093.6612284680205 925.8041963329609]]]
2697	[[[2191.00004 1093.49656400329 925.9460734994559]]]
2698	[[[2191.08004 1093.3881986398837 926.0603912632901]]]
2699	[[[2191.0800400000003 1093.3625238620853 926.1420705092784]]]
2700	[[[2190.9200533333333 1093.4277732294565 926.1881958182935]]]
2701	[[[2190.520053333333 1093.5717643298842 926.1984692857068]]]
2702	[[[2190.4400600000004 1093.7663087915337 926.1753906974928]]]
2703	[[[2190.6000533333336 1093.9760825472301 926.1240917057866]]]
2704	[[[2190.680053333333 1094.1681273691775 926.051806669774]]]
2705	[[[2190.44006 1094.318583687657 925.9670312143238]]]
2706	[[[2190.3600666666666 1094.415244781555 925.878486411706]]]
2707	[[[2190.3600666666666 1094.4567098091538 925.7940552447716]]]
2708	[[[2190.3600666666666 1094.4500419452809 925.719874843222]]]
2709	[[[2190.2000733333334 1094.4085530020195 925.6597458703776]]]
2710	[[[2190.2800666666667 1094.3502365153756 925.6149616062013]]]
2711	[[[2190.2000733333334 1094.2964025508354 925.5845752965453]]]
2712	[[[2189.96008 1094.269808854887 925.5660336989489]]]
2713	[[[2189.720093333333 1094.2919684011515 925.5560284513994]]]
2714	[[[2189.5601066666663 1094.3798836953201 925.5513732292693]]]
2715	[[[2189.560106666667 1094.542820069117 925.5497145821956]]]
2716	[[[2189.480093333333 1094.7798109084686 925.5499285372056]]]
2717	[[[2189.4001 1095.078537168679 925.5521335475756]]]
2718	[[[2189.1601133333334 1095.4161439531579 925.557344769421]]]
2719	[[[2188.7601133333333 1095.7623587937005 925.5668824445589]]]
2720	[[[2188.68012 1096.0847943872075 925.5817070515218]]]
2721	[[[2188.6001266666667 1096.3555586840673 925.6018708960195]]]
2722	[[[2188.5201333333334 1096.557554149729 925.6262450997311]]]
2723	[[[2188.2801266666665 1096.6885672163598 925.652609273759]]]
2724	[[[2188.44012 1096.761705480837 925.6780956792071]]]
2725	[[[2188.20012 1096.8018271311687 925.6998840841226]]]
2726	[[[2188.0401133333335 1096.83887992113 925.7159723582378]]]
2727	[[[2187.9601200000006 1096.9000106649783 925.7258201535979]]]
2728	[[[2188.1201066666667 1097.002609195372 925.7306870822862]]]
2729	[[[2188.0400933333335 1097.1501007879474 925.7335574702802]]]
2730	[[[2187.96008 1097.331491361054 925.7386434080909]]]
2731	[[[2187.96008 1097.5246518778288 925.7505608951991]]]
2732	[[[2187.8800666666666 1097.7023430406514 925.7733539529926]]]
2733	[[[2187.720053333333 1097.8392678130706 925.8095787151952]]]
2734	[[[2187.6400533333335 1097.9182238483384 925.8596456770151]]]
2735	[[[2187.4800400000004 1097.9338233216542 925.9215591638816]]]
2736	[[[2187.4800400000004 1097.8931278861644 925.9911056259708]]]
2737	[[[2187.3200266666668 1097.8135390818559 926.0624492192698]]]
2738	[[[2187.3200266666668 1097.7189542351682 926.1290158510747]]]
2739	[[[2187.240026666667 1097.6353154286942 926.1845002756078]]]
2740	[[[2187.1600266666665 1097.5863645823583 926.2238202375385]]]
2741	[[[2187.080026666667 1097.5900245546466 926.243863426965]]]
2742	[[[2187.0000133333333 1097.6556525543674 926.2439176101157]]]
2743	[[[2186.6800133333336 1097.7824780976916 926.2257303706874]]]
2744	[[[2186.6800133333336 1097.9596140423748 926.1932024928141]]]
2745	[[[2186.8400200000005 1098.1678757161753 926.151771095619]]]
2746	[[[2186.6800200000002 1098.3832346232903 926.1075807216417]]]
2747	[[[2186.60002 1098.58127496826 926.0665694866616]]]
2748	[[[2186.8400266666667 1098.7417622485953 926.0336100801246]]]
2749	[[[2186.7600266666664 1098.852462615937 926.0118389606037]]]
2750	[[[2186.680026666667 1098.911561528025 926.0022799389357]]]
2751	[[[2186.4400133333334 1098.928254452421 926.0038220028074]]]
2752	[[[2186.2800199999997 1098.9212653735933 926.0135516394033]]]
2753	[[[2186.1200266666665 1098.915282249007 926.027377290186]]]
2754	[[[2185.6400333333336 1098.935701320079 926.0408305921941]]]
2755	[[[2185.560033333333 1099.0026269705265 926.0498976286467]]]
2756	[[[2185.40004 1099.125567670774 926.0517311970028]]]
2757	[[[2185.32004 1099.30039566983 926.0451230330372]]]
2758	[[[2185.1600466666664 1099.5096983294436 926.0306665942402]]]
2759	[[[2184.9200533333333 1099.726703857311 926.0106042357476]]]
2760	[[[2184.44006 1099.9218417397988 925.9884127594637]]]
2761	[[[2184.3600666666666 1100.0701371364341 925.9682251969192]]]
2762	[[[2184.2800666666667 1100.1573685571677 925.9542059570418]]]
2763	[[[2183.8000733333333 1100.1833124232544 925.9499894658675]]]
2764	[[[2183.8000733333333 1100.1612777991102 925.9582639914535]]]
2765	[[[2183.640086666667 1100.1141938465998 925.9805418759147]]]
2766	[[[2183.4801 1100.068454175207 926.0171158045245]]]
2767	[[[2183.560093333333 1100.0473194055633 926.067167397848]]]
2768	[[[2183.4800999999998 1100.0657744039115 926.1289749412193]]]
2769	[[[2183.5600933333335 1100.1282569724883 926.2001625824537]]]
2770	[[[2183.400106666667 1100.2297022720243 926.2779411342718]]]
2771	[[[2183.2401 1100.3591811885037 926.3593058846577]]]
2772	[[[2182.9201000000003 1100.504511063945 926.4411745239304]]]
2773	[[[2182.840106666667 1100.6559982523577 926.520464678732]]]
2774	[[[2182.7601133333333 1100.808055790684 926.594123635244]]]
2775	[[[2182.7601133333333 1100.9585443122994 926.6591320913631]]]
2776	[[[2182.520106666667 1101.1067487904804 926.7125091746917]]]
2777	[[[2182.2001066666667 1101.2513896854025 926.751347158011]]]
2778	[[[2182.2001066666667 1101.3897630233541 926.772900367057]]]
2779	[[[2182.04012 1101.5182478633462 926.7747426706442]]]
2780	[[[2182.04012 1101.6335609893079 926.7549915420959]]]
2781	[[[2181.880106666667 1101.733806828422 926.7125757858327]]]
2782	[[[2181.8001133333332 1101.8187384677879 926.647502794116]]]
2783	[[[2181.9601000000002 1101.8894055196736 926.5610655826191]]]
2784	[[[2181.8801066666665 1101.9479240114579 926.4559260063264]]]
2785	[[[2181.7200933333334 1101.9979988014102 926.3360227081581]]]
2786	[[[2181.8001066666666 1102.0460800763349 926.206280851175]]]
2787	[[[2181.8001066666666 1102.1021707247216 926.0721410251537]]]
2788	[[[2181.6400933333334 1102.1790065244732 925.9389680619535]]]
2789	[[[2181.6400933333334 1102.2889552234917 925.811435730487]]]
2790	[[[2181.6400933333334 1102.4392579771427 925.6930001039559]]]
2791	[[[2181.8001066666666 1102.6274303516718 925.585566461832]]]
2792	[[[2181.8801066666665 1102.8390097408274 925.4894217526968]]]
2793	[[[2181.9601000000002 1103.0491008199276 925.403453398897]]]
2794	[[[2181.8000866666666 1103.2276668953743 925.3256171942252]]]
2795	[[[2181.6400733333335 1103.3469752575613 925.2535658776486]]]
2796	[[[2181.6400733333335 1103.3887403389906 925.1853175945015]]]
2797	[[[2181.400066666667 1103.3486606322592 925.1198369146567]]]
2798	[[[2181.160066666667 1103.2370736393789 925.0574208262432]]]
2799	[[[2181.0000600000003 1103.0758607151981 924.9998223512594]]]
2800	[[[2181.0000600000003 1102.8929214598686 924.950095092552]]]
2801	[[[2180.8400466666667 1102.7160642798424 924.9121918486077]]]
2802	[[[2180.7600466666668 1102.567919495308 924.8903898635996]]]
2803	[[[2180.680046666667 1102.4627280165932 924.8886384612792]]]
2804	[[[2180.4400333333333 1102.4050579904674 924.9099302032114]]]
2805	[[[2180.28002 1102.3900622967674 924.9557864076914]]]
2806	[[[2180.120006666667 1102.4049232910504 925.0259261316346]]]
2807	[[[2179.9600066666667 1102.431404986102 925.1181594209557]]]
2808	[[[2179.72 1102.4495589239023 925.228515101846]]]
2809	[[[2179.8 1102.442361978441 925.3515839330904]]]
2810	[[[2179.8 1102.4004882514666 925.4810320020391]]]
2811	[[[2179.8 1102.32590137926 925.6102187977652]]]
2812	[[[2179.72 1102.2329045158192 925.7328413157466]]]
2813	[[[2179.64 1102.1458830315878 925.8435216774933]]]
2814	[[[2179.48 1102.0940503418133 925.9382625232624]]]
2815	[[[2179.4 1102.1046141328982 926.0147122328635]]]
2816	[[[2179.4 1102.196408391156 926.0722094657182]]]
2817	[[[2179.48 1102.3758616873229 926.111610048045]]]
2818	[[[2179.64 1102.6362337073163 926.1349333848476]]]
2819	[[[2179.9600066666667 1102.959770673156 926.1448938417522]]]
2820	[[[2180.2000133333336 1103.3214245089296 926.1443989547383]]]
2821	[[[2180.3600266666667 1103.6925455993398 926.1360971323776]]]
2822	[[[2180.4400266666667 1104.043573895482 926.1220424550007]]]
2823	[[[2180.6800333333335 1104.3458078605017 926.103516801281]]]
2824	[[[2180.44004 1104.5731489298178 926.081016363955]]]
2825	[[[2180.44004 1104.7047638339034 926.0543783418984]]]
2826	[[[2180.44004 1104.7288192886044 926.0230009319115]]]
2827	[[[2180.5200400000003 1104.6462954346284 925.9860996826748]]]
2828	[[[2180.6000400000003 1104.4731069374466 925.942946288815]]]
2829	[[[2180.68004 1104.2389096863374 925.8930492769549]]]
2830	[[[2180.84004 1103.9820911756601 925.8362550475258]]]
2831	[[[2180.76004 1103.7420235951806 925.7727671923775]]]
2832	[[[2180.68004 1103.5509069697982 925.7030975913859]]]
2833	[[[2180.68004 1103.427801749018 925.6279719103541]]]
2834	[[[2180.3600333333334 1103.3766044588217 925.5482141999272]]]
2835	[[[2180.0400266666666 1103.388188329056 925.4646315893432]]]
2836	[[[2179.8800133333334 1103.4454676627456 925.3779131587066]]]
2837	[[[2180.040026666667 1103.5293996295302 925.2885500887269]]]
2838	[[[2179.7200199999997 1103.624109300331 925.1967798589764]]]
2839	[[[2179.8800133333334 1103.7201078260741 925.1025569708848]]]
2840	[[[2180.2000133333336 1103.8154178605334 925.0055557752615]]]
2841	[[[2180.1200133333336 1103.9149072512882 924.9052148537406]]]
2842	[[[2180.200013333333 1104.0282154910094 924.8008333054676]]]
2843	[[[2180.120013333333 1104.1666029874195 924.6917240195243]]]
2844	[[[2180.1200133333336 1104.339153878669 924.5774166759626]]]
2845	[[[2180.0400133333333 1104.5490683095177 924.4578863312963]]]
2846	[[[2180.0400133333333 1104.7910499538468 924.3337676463813]]]
2847	[[[2179.9600133333333 1105.0507076922602 924.2065070059252]]]
2848	[[[2179.8800133333334 1105.306327667923 924.078410253815]]]
2849	[[[2179.9600133333333 1105.5325502796586 923.9525635018972]]]
2850	[[[2180.0400133333333 1105.7048353311409 923.8326338499569]]]
2851	[[[2180.28002 1105.8034747273034 923.7225866831546]]]
2852	[[[2180.1200066666665 1105.8163579623424 923.6263758651427]]]
2853	[[[2180.200006666667 1105.740404350024 923.5476647843094]]]
2854	[[[2180.0400133333333 1105.5820826181646 923.4896183497017]]]
2855	[[[2179.640013333333 1105.3574183343956 923.45477482478]]]
2856	[[[2179.640013333333 1105.0913820927174 923.4449738527247]]]
2857	[[[2179.40002 1104.8159706167025 923.461296667082]]]
2858	[[[2179.32002 1104.5661890974118 923.503975859048]]]
2859	[[[2179.2400199999997 1104.3738288256698 923.5722565214293]]]
2860	[[[2179.0800266666665 1104.2602031795348 923.6642299002384]]]
2861	[[[2179.0000333333332 1104.2301649748167 923.7766995396373]]]
2862	[[[2178.8400466666667 1104.2699871766317 923.905161362261]]]
2863	[[[2178.680053333333 1104.3506728941827 924.0439711950756]]]
2864	[[[2178.4400666666666 1104.4363008861064 924.1867340481637]]]
2865	[[[2178.3600666666666 1104.494985498839 924.326888841783]]]
2866	[[[2177.8800733333333 1104.5088590329467 924.458399140232]]]
2867	[[[2177.560073333333 1104.479665470025 924.5764164109045]]]
2868	[[[2177.40008 1104.427990911124 924.6777740751959]]]
2869	[[[2177.40008 1104.386311793054 924.7612036602113]]]
2870	[[[2177.3200866666666 1104.3881932655665 924.8272305295108]]]
2871	[[[2177.2400933333333 1104.4573907795113 924.8777864450211]]]
2872	[[[2177.2400933333333 1104.6007223755112 924.915645123472]]]
2873	[[[2177.400093333333 1104.8071874073473 924.9438238655201]]]
2874	[[[2177.400093333333 1105.0533225606705 924.9650886547846]]]
2875	[[[2177.480086666667 1105.3122320222508 924.9816553169923]]]
2876	[[[2177.6400799999997 1105.5623205869913 924.9951115299364]]]
2877	[[[2177.720073333333 1105.7922226763287 925.0065166614121]]]
2878	[[[2177.9600666666665 1106.0005095596935 925.0165903147512]]]
2879	[[[2178.2000533333335 1106.1913448199718 925.0258891545435]]]
2880	[[[2178.1200599999997 1106.3689889928073 925.0348954331371]]]
2881	[[[2178.2800466666663 1106.5341219635336 925.0439879604493]]]
2882	[[[2178.6800466666664 1106.6835061724178 925.0533182745313]]]
2883	[[[2178.76004 1106.8124864557828 925.0626527896038]]]
2884	[[[2178.8400333333334 1106.9183441596022 925.0712537676733]]]
2885	[[[2178.840033333333 1107.0023092303736 925.0778565140143]]]
2886	[[[2178.9200266666667 1107.0690609168157 925.080765587633]]]
2887	[[[2179.08002 1107.12413917913 925.0780532483014]]]
2888	[[[2179.00002 1107.1709227256922 925.0678130975308]]]
2889	[[[2178.8400333333334 1107.2090408548968 925.0484100887397]]]
2890	[[[2178.9200333333333 1107.235211230257 925.018676220197]]]
2891	[[[2179.0000333333332 1107.246077789646 924.9780235228465]]]
2892	[[[2178.92004 1107.2414823561805 924.9264725663041]]]
2893	[[[2178.76004 1107.2263607990853 924.8646158654428]]]
2894	[[[2178.76004 1107.210191107507 924.7935451273048]]]
2895	[[[2178.8400333333334 1107.2041692661217 924.7147683807724]]]
2896	[[[2178.76004 1107.2173437898011 924.6301316027858]]]
2897	[[[2178.8400533333333 1107.2532795102788 924.5417459684128]]]
2898	[[[2178.8400533333333 1107.3083841463122 924.4519124414527]]]
2899	[[[2178.9200533333333 1107.3721927168096 924.363033475823]]]
2900	[[[2179.160046666667 1107.4291956224351 924.2775066953878]]]
2901	[[[2179.3200466666667 1107.4615544379578 924.197603920774]]]
2902	[[[2179.1600533333335 1107.4522333558655 924.1253458828438]]]
2903	[[[2179.1600533333335 1107.3883464034755 924.0623846220643]]]
2904	[[[2179.40004 1107.2645336465264 924.0099012038905]]]
2905	[[[2179.32004 1107.085850973487 923.9685188276126]]]
2906	[[[2179.32004 1106.869236511711 923.9382258221458]]]
2907	[[[2179.5600266666665 1106.6425002097112 923.9183042844453]]]
2908	[[[2179.560026666667 1106.4402337141973 923.9072700227529]]]
2909	[[[2179.6400266666665 1106.2969976903635 923.902845071079]]]
2910	[[[2179.6400266666665 1106.2392582459397 923.9019981284973]]]
2911	[[[2179.640026666667 1106.278336453849 923.9010920838886]]]
2912	[[[2179.32002 1106.4067114866702 923.8961649850795]]]
2913	[[[2179.240026666667 1106.599220212672 923.8833410258611]]]
2914	[[[2179.080033333333 1106.8191874984761 923.859328267731]]]
2915	[[[2179.0000333333332 1107.02779319976 923.8219223511978]]]
2916	[[[2178.680046666667 1107.1937272893329 923.770414061859]]]
2917	[[[2178.76004 1107.3000136555381 923.7058029325343]]]
2918	[[[2178.84004 1107.3459776079133 923.6307507063389]]]
2919	[[[2178.84004 1107.3442620774765 923.549260105097]]]
2920	[[[2178.7600466666668 1107.3146787981798 923.4661220890601]]]
2921	[[[2178.520053333333 1107.2776341917104 923.3862231518143]]]
2922	[[[2178.4400533333333 1107.2495084356199 923.3138312082634]]]
2923	[[[2178.520053333333 1107.2409952968135 923.2519793740324]]]
2924	[[[2178.4400533333333 1107.257819501383 923.2020441073108]]]
2925	[[[2178.680066666667 1107.3022535013017 923.1635760151838]]]
2926	[[[2179.0000733333336 1107.37388213679 923.1343982964895]]]
2927	[[[2179.1600666666664 1107.4689848789556 923.110948079829]]]
2928	[[[2179.40006 1107.5791584914061 923.0888052851155]]]
2929	[[[2179.4800533333337 1107.6906762366234 923.0633341206004]]]
2930	[[[2179.640066666667 1107.7860405077665 923.0303536353425]]]
2931	[[[2179.8800533333333 1107.8481464603756 922.9867546672863]]]
2932	[[[2179.8800533333333 1107.8658959508202 922.930989803105]]]
2933	[[[2179.7200533333335 1107.8388363776392 922.8633793956745]]]
2934	[[[2179.6400533333335 1107.7782726370458 922.7861987189839]]]
2935	[[[2179.6400533333335 1107.703606416907 922.7035367067896]]]
2936	[[[2179.6400533333335 1107.6348858188185 922.6209424732324]]]
2937	[[[2179.7200533333335 1107.5845772402263 922.5448988332114]]]
2938	[[[2179.5600600000002 1107.5522680522852 922.4821797156782]]]
2939	[[[2179.6400599999997 1107.5248943466302 922.4391590611444]]]
2940	[[[2179.4000466666666 1107.4826436419446 922.4211419284649]]]
2941	[[[2179.2400333333335 1107.4080995492363 922.4317843135017]]]
2942	[[[2179.240033333333 1107.2947319302773 922.472657327013]]]
2943	[[[2179.0000400000004 1107.151163212473 922.5429950802427]]]
2944	[[[2179.00004 1106.9995369635317 922.6396457405162]]]
2945	[[[2178.680033333333 1106.8688301551965 922.7572244562151]]]
2946	[[[2178.6000333333336 1106.7859179183636 922.8884485619643]]]
2947	[[[2178.600033333333 1106.7678007911938 923.0246228189436]]]
2948	[[[2178.680033333333 1106.8175257466846 923.1562371158138]]]
2949	[[[2178.60004 1106.924555626447 923.2736401723181]]]
2950	[[[2178.7600333333335 1107.0685939979105 923.3677566955671]]]
2951	[[[2178.8400266666667 1107.2249273638065 923.4308168879375]]]
2952	[[[2178.7600266666664 1107.369445831784 923.4570617159444]]]
2953	[[[2179.0800333333336 1107.482309387227 923.4433738530365]]]
2954	[[[2179.1600466666664 1107.55011391471 923.3897666544973]]]
2955	[[[2179.240046666667 1107.5668898658344 923.2996503717972]]]
2956	[[[2179.160046666667 1107.5342524315809 923.17979620668]]]
2957	[[[2179.080046666667 1107.4607849719068 923.0399422820889]]]
2958	[[[2179.2400399999997 1107.3606127161963 922.8920321246109]]]
2959	[[[2179.32004 1107.2512396247166 922.7491383368423]]]
2960	[[[2179.72004 1107.150949767194 922.6241872523805]]]
2961	[[[2179.7200399999997 1107.0762040668249 922.5286472615735]]]
2962	[[[2179.72004 1107.0394053222228 922.4713599907082]]]
2963	[[[2179.64004 1107.0472474666287 922.4576734974062]]]
2964	[[[2179.9600466666666 1107.0997570768689 922.4889843406432]]]
2965	[[[2179.72006 1107.190133876153 922.5627240586817]]]
2966	[[[2179.9600733333336 1107.3055307967722 922.6727531975652]]]
2967	[[[2180.0400733333336 1107.4288656831015 922.8100695273168]]]
2968	[[[2179.96006 1107.5415698859263 922.9637074299011]]]
2969	[[[2179.8800466666667 1107.6268964494323 923.1217050016736]]]
2970	[[[2180.0400600000003 1107.6731399543226 923.2720383003201]]]
2971	[[[2180.1200599999997 1107.6759817826323 923.4034571372508]]]
2972	[[[2180.20006 1107.6392632017746 923.5061914007224]]]
2973	[[[2180.3600733333337 1107.573835872702 923.5725213053038]]]
2974	[[[2180.3600733333333 1107.4946754269906 923.5972146078431]]]
2975	[[[2180.040066666667 1107.416993230263 923.5778298978107]]]
2976	[[[2180.28008 1107.3524285813728 923.5148733315103]]]
2977	[[[2180.3600800000004 1107.306401444415 923.4117846312215]]]
2978	[[[2180.2800866666666 1107.277351218342 923.2747243419273]]]
2979	[[[2180.0400733333336 1107.2580088148745 923.1121430224134]]]
2980	[[[2180.20006 1107.2382351917443 922.9341349669949]]]
2981	[[[2179.9600466666666 1107.2084902875968 922.7516106936231]]]
2982	[[[2179.9600466666666 1107.162816133494 922.575356977242]]]
2983	[[[2179.8800466666667 1107.1004096527888 922.415082288499]]]
2984	[[[2179.8800466666667 1107.0253965394998 922.2785613184601]]]
2985	[[[2179.7200333333335 1106.9451174344156 922.1709895570076]]]
2986	[[[2179.6400333333336 1106.8678058961052 922.0946362302324]]]
2987	[[[2179.560033333333 1106.800700501932 922.0488441300222]]]
2988	[[[2179.7200199999997 1106.7493003489055 922.0303744979019]]]
2989	[[[2179.72002 1106.7178052846286 922.034042976063]]]
2990	[[[2180.040026666667 1106.7101114070374 922.0535480835903]]]
2991	[[[2179.8800133333334 1106.7303862994495 922.0823648846513]]]
2992	[[[2179.8800133333334 1106.7823953766576 922.1145690090942]]]
2993	[[[2179.9600066666667 1106.8673436555146 922.1454718520396]]]
2994	[[[2180.0400066666666 1106.9808138885192 922.1719843993616]]]
2995	[[[2180.0400066666666 1107.1101036116459 922.1926784670226]]]
2996	[[[2180.28002 1107.2335577648043 922.2075707101357]]]
2997	[[[2180.28002 1107.3231129626217 922.2177053161444]]]
2998	[[[2180.2000199999998 1107.3501875099264 922.2246450960148]]]
2999	[[[2180.12002 1107.293582248056 922.2299900505494]]]
3000	[[[2180.1200200000003 1107.1468348383269 922.2350250765297]]]
3001	[[[2180.1200200000003 1106.9221857960176 922.2405584169842]]]
3002	[[[2180.28002 1106.6492983437008 922.2469597239751]]]
3003	[[[2179.96002 1106.3687936484203 922.2543545647894]]]
3004	[[[2179.96002 1106.1226231617077 922.26289399382]]]
3005	[[[2179.640013333333 1105.9443556359104 922.273002622528]]]
3006	[[[2179.640013333333 1105.8521985573932 922.285519193521]]]
3007	[[[2179.5600133333337 1105.8463406679648 922.301675826333]]]
3008	[[[2179.640013333333 1105.9107527252293 922.322906390978]]]
3009	[[[2179.5600133333332 1106.0185191707499 922.3505191963723]]]
3010	[[[2179.800026666667 1106.1392035625256 922.3853037994098]]]
3011	[[[2179.5600133333332 1106.2464547377729 922.4271593612511]]]
3012	[[[2179.720026666667 1106.323919065874 922.4748304542464]]]
3013	[[[2179.8800266666667 1106.3677487244477 922.5258177205286]]]
3014	[[[2180.200026666667 1106.3849010829626 922.5765003394121]]]
3015	[[[2180.200026666667 1106.387959333786 922.622471056174]]]
3016	[[[2180.3600266666667 1106.3887327844739 922.6590484832741]]]
3017	[[[2180.1200333333336 1106.3935093682455 922.6819004176542]]]
3018	[[[2180.36004 1106.402005489743 922.6876897795954]]]
3019	[[[2180.44004 1106.410107504741 922.6746442550012]]]
3020	[[[2180.680053333333 1106.4144737441786 922.6429537829422]]]
3021	[[[2180.6800533333335 1106.416112435959 922.594917674215]]]
3022	[[[2180.680053333333 1106.4207081986603 922.534794884334]]]
3023	[[[2180.7600533333334 1106.435362081513 922.4683541088351]]]
3024	[[[2180.7600533333334 1106.4634924662746 922.4021695322384]]]
3025	[[[2180.8400466666667 1106.500799731236 922.3427552966959]]]
3026	[[[2180.9200466666666 1106.534819739274 922.2956676420716]]]
3027	[[[2180.9200466666666 1106.5488629784288 922.2647193180086]]]
3028	[[[2180.8400466666667 1106.5289124341507 922.2514404034927]]]
3029	[[[2180.7600533333334 1106.4704353200686 922.2548824079963]]]
3030	[[[2180.8400533333333 1106.3818692550058 922.2718040343652]]]
3031	[[[2180.9200666666666 1106.2829121150562 922.2972084199379]]]
3032	[[[2181.2400733333334 1106.1980615985703 922.3251374240912]]]
3033	[[[2181.16008 1106.1480287592206 922.349582678789]]]
3034	[[[2181.2400933333333 1106.1426442949394 922.3653557827641]]]
3035	[[[2181.320086666667 1106.1781911943508 922.3687746720366]]]
3036	[[[2181.4000866666665 1106.2400452442532 922.3580657690705]]]
3037	[[[2181.6401 1106.3090839012448 922.3334415327473]]]
3038	[[[2181.8801000000003 1106.368736411521 922.2968764608562]]]
3039	[[[2182.0401 1106.409574832473 922.2516574780817]]]
3040	[[[2181.960106666667 1106.4299043246601 922.2018165453632]]]
3041	[[[2182.040106666667 1106.4329833907595 922.1515596472759]]]
3042	[[[2182.040106666667 1106.4230665895668 922.1047888646772]]]
3043	[[[2182.2801133333332 1106.4026175959589 922.0647800822622]]]
3044	[[[2182.2801133333332 1106.3718830069536 922.0340378786276]]]
3045	[[[2182.360126666667 1106.3304060119892 922.0143110681771]]]
3046	[[[2182.360126666667 1106.2790051473094 922.0067244547457]]]
3047	[[[2182.44012 1106.2207564714402 922.0119680660159]]]
3048	[[[2182.5201133333335 1106.1603678794381 922.0304842213017]]]
3049	[[[2182.4401 1106.1023430795178 922.0626024698378]]]
3050	[[[2182.3601066666665 1106.0489044917056 922.1085889832548]]]
3051	[[[2182.44012 1105.9986154943215 922.1685969396946]]]
3052	[[[2182.6801066666667 1105.9462388395625 922.2425251349082]]]
3053	[[[2182.52012 1105.883903925433 922.3298114066521]]]
3054	[[[2182.8401200000003 1105.8032864767456 922.429203398156]]]
3055	[[[2182.84012 1105.6982203390605 922.5385593333236]]]
3056	[[[2182.9201333333335 1105.5669520535587 922.6547333501367]]]
3057	[[[2183.16012 1105.413216580035 922.7735917307033]]]
3058	[[[2183.0001133333335 1105.2456009768605 922.8901879135193]]]
3059	[[[2182.92012 1105.0752759457205 922.9990976324108]]]
3060	[[[2182.92012 1104.9128779425457 923.0948853548457]]]
3061	[[[2183.1601066666667 1104.765745513342 923.1726453386559]]]
3062	[[[2183.160106666667 1104.636584733017 923.2285411571693]]]
3063	[[[2183.3201000000004 1104.5239877012875 923.2602611349984]]]
3064	[[[2183.480106666667 1104.424378324469 923.2673158847687]]]
3065	[[[2183.400093333333 1104.3343432436516 923.2511269835072]]]
3066	[[[2183.400093333333 1104.2522225857902 923.2148887345382]]]
3067	[[[2183.3200933333337 1104.1783033636295 923.1632217169062]]]
3068	[[[2183.2400800000005 1104.1137230756678 923.1016703305457]]]
3069	[[[2182.9200800000003 1104.0588608560704 923.0361202937034]]]
3070	[[[2183.160066666667 1104.0122278884617 922.9722215154503]]]
3071	[[[2183.160066666667 1103.9705418040792 922.9148954188522]]]
3072	[[[2183.0000733333336 1103.9299485212514 922.8679854574192]]]
3073	[[[2183.080086666667 1103.8876420125662 922.834080022319]]]
3074	[[[2183.080086666667 1103.84286334675 922.8145047578514]]]
3075	[[[2183.080086666667 1103.7966348752714 922.8094532738963]]]
3076	[[[2182.8401 1103.7504013548348 922.818206746458]]]
3077	[[[2183.0000933333336 1103.7044899621121 922.8393867240405]]]
3078	[[[2182.6800933333334 1103.6574635961888 922.8711913791532]]]
3079	[[[2182.6001 1103.6068952197581 922.9115805816051]]]
3080	[[[2182.6001 1103.5511810420724 922.9583949819967]]]
3081	[[[2182.6800933333334 1103.4913210823977 923.009413829739]]]
3082	[[[2182.5201066666664 1103.4315469407913 923.062371304571]]]
3083	[[[2182.9201066666665 1103.378267733044 923.1149590453725]]]
3084	[[[2183.2401066666666 1103.3376717335384 923.1648425075406]]]
3085	[[[2183.0801133333334 1103.313006477141 923.2097117103664]]]
3086	[[[2183.0801133333334 1103.3027631335883 923.2473751011021]]]
3087	[[[2183.0801133333334 1103.3006515864938 923.2758916177462]]]
3088	[[[2183.3201 1103.2975118115226 923.2937235973735]]]
3089	[[[2183.480086666667 1103.2844508695252 923.2998844908215]]]
3090	[[[2183.56008 1103.2558966223585 923.2940520979561]]]
3091	[[[2183.56008 1103.2112530813176 923.2766208970171]]]
3092	[[[2183.4000866666665 1103.1545153355448 923.2486756330915]]]
3093	[[[2183.8000866666666 1103.0922485054268 923.2118813189159]]]
3094	[[[2184.1200733333335 1103.0311546210323 923.1683000188406]]]
3095	[[[2184.3600733333333 1102.976512524668 923.1201594401012]]]
3096	[[[2184.28008 1102.9320145613449 923.0696093764032]]]
3097	[[[2184.440066666667 1102.900451086785 923.0185066550827]]]
3098	[[[2184.12008 1102.8840769790631 922.9682656613151]]]
3099	[[[2183.9600866666665 1102.8838091321102 922.9197996957813]]]
3100	[[[2183.880093333333 1102.897461071384 922.8735604013394]]]
3101	[[[2183.960086666667 1102.9182654338022 922.8296621734917]]]
3102	[[[2183.8800933333337 1102.9351678033818 922.7880607167622]]]
3103	[[[2183.6401066666667 1102.9355273908516 922.7487441771968]]]
3104	[[[2183.5601133333334 1102.9094063350294 922.7118942152241]]]
3105	[[[2183.48012 1102.8534882947554 922.6779829547901]]]
3106	[[[2183.5601133333334 1102.7725962704408 922.6477872854684]]]
3107	[[[2183.4801199999997 1102.6778823433265 922.6223201461562]]]
3108	[[[2183.2401266666666 1102.5824241174375 922.6026946344533]]]
3109	[[[2183.0801266666667 1102.4962430801577 922.5899477744557]]]
3110	[[[2182.92014 1102.4229658946963 922.5848553299866]]]
3111	[[[2182.92014 1102.359427806464 922.5877679738692]]]
3112	[[[2183.1601533333333 1102.2980397902372 922.598494392763]]]
3113	[[[2183.8001400000003 1102.2305250969837 922.6162505241176]]]
3114	[[[2183.8001400000003 1102.151259191554 922.639687219487]]]
3115	[[[2183.880133333333 1102.058979433288 922.6670012082214]]]
3116	[[[2183.960126666667 1101.9566473879122 922.6961255927677]]]
3117	[[[2184.04012 1101.8501426455616 922.7249856627799]]]
3118	[[[2184.3601066666665 1101.7467957347699 922.7517939118756]]]
3119	[[[2184.2801133333332 1101.654447137584 922.775346412022]]]
3120	[[[2184.3601066666665 1101.5810332265798 922.7952738596232]]]
3121	[[[2184.4401000000003 1101.5341225005893 922.812197748633]]]
3122	[[[2184.600086666667 1101.519758122489 922.827747805523]]]
3123	[[[2184.5200933333335 1101.540493570729 922.8444122062107]]]
3124	[[[2184.6800933333334 1101.5933229572317 922.8652163894786]]]
3125	[[[2184.7600866666667 1101.6687376494358 922.8932565217101]]]
3126	[[[2185.080073333333 1101.751914116756 922.9311449314092]]]
3127	[[[2184.84006 1101.826037614647 922.9804508782621]]]
3128	[[[2184.44006 1101.8765358532874 923.0412343753342]]]
3129	[[[2184.520053333333 1101.8943493461047 923.11176818718]]]
3130	[[[2184.600046666667 1101.8768301297384 923.1885211231241]]]
3131	[[[2184.7600466666668 1101.8262417567164 923.2664359582467]]]
3132	[[[2184.7600466666668 1101.7472459521302 923.3394839193423]]]
3133	[[[2184.520053333333 1101.6452074505057 923.4014246380411]]]
3134	[[[2184.6800399999997 1101.5262630062741 923.4466575100196]]]
3135	[[[2184.68004 1101.3984971258672 923.4710280135328]]]
3136	[[[2184.84004 1101.272454210409 923.4724570043144]]]
3137	[[[2184.84004 1101.1595109920197 923.4512922406633]]]
3138	[[[2184.9200333333333 1101.0682273120674 923.4103325833403]]]
3139	[[[2184.600046666667 1101.0005736319713 923.3545345147692]]]
3140	[[[2184.520053333333 1100.9505674250179 923.2904639987855]]]
3141	[[[2184.520053333333 1100.906764172201 923.2255924240184]]]
3142	[[[2184.3600666666666 1100.8578579653047 923.1675469069078]]]
3143	[[[2184.2000733333334 1100.798733799001 923.123412972785]]]
3144	[[[2184.0400866666664 1100.7338841283538 923.0991583650721]]]
3145	[[[2183.8801 1100.6764110622762 923.0992110915405]]]
3146	[[[2183.7201 1100.6430852731066 923.1261936837464]]]
3147	[[[2183.8000933333333 1100.647839599742 923.180796674249]]]
3148	[[[2183.8800866666666 1100.6966618219378 923.2617697483271]]]
3149	[[[2184.1201 1100.7859519024744 923.3660156072347]]]
3150	[[[2184.040106666667 1100.9046425269353 923.4887822379704]]]
3151	[[[2183.72012 1101.0387026161397 923.6239562597553]]]
3152	[[[2183.5601333333334 1101.1758072558894 923.7644579657982]]]
3153	[[[2183.7201266666666 1101.3082000343027 923.9027267069345]]]
3154	[[[2183.7201266666666 1101.4328137366701 924.0312671298444]]]
3155	[[[2183.8001200000003 1101.5489896044871 924.1432092412041]]]
3156	[[[2183.5601266666667 1101.655093864889 924.2328252612542]]]
3157	[[[2183.64012 1101.7456516123827 924.2959480744136]]]
3158	[[[2183.64012 1101.810290284982 924.3302498018535]]]
3159	[[[2183.560106666667 1101.835049360333 924.3353604404405]]]
3160	[[[2183.8000933333333 1101.805806785691 924.3128290514284]]]
3161	[[[2183.7201 1101.7129438015497 924.2659473061145]]]
3162	[[[2183.8001 1101.555981465377 924.1994636263086]]]
3163	[[[2183.6401133333334 1101.3467273702126 924.1192158584741]]]
3164	[[[2183.2401133333333 1101.1095000353746 924.0317049476911]]]
3165	[[[2183.4801 1100.8774546753266 923.9436265860649]]]
3166	[[[2183.4801 1100.685130426911 923.861376738228]]]
3167	[[[2183.4801 1100.558945213902 923.7905521481088]]]
3168	[[[2183.4800999999998 1100.5088048650198 923.7354769673174]]]
3169	[[[2183.7200866666667 1100.524307624105 923.6987974273783]]]
3170	[[[2183.6400933333334 1100.577636439095 923.6811929127638]]]
3171	[[[2183.6400933333334 1100.632527191857 923.681249735409]]]
3172	[[[2183.8000866666666 1100.6559952266905 923.6955316830159]]]
3173	[[[2183.64008 1100.6282773972773 923.7188603540948]]]
3174	[[[2183.96008 1100.5473897070171 923.744792248678]]]
3175	[[[2183.720093333334 1100.4272488852791 923.7662535919467]]]
3176	[[[2183.880086666667 1100.2910418208146 923.7762725902412]]]
3177	[[[2183.8800866666666 1100.1630959593833 923.7687353186047]]]
3178	[[[2183.6400733333335 1100.0623847263198 923.7390867167861]]]
3179	[[[2183.4000600000004 1099.9994296646896 923.6849015376988]]]
3180	[[[2183.0800600000002 1099.9766612390265 923.6062601024973]]]
3181	[[[2183.3200466666667 1099.99107110424 923.5058791460641]]]
3182	[[[2183.3200466666667 1100.037554817891 923.3889683988099]]]
3183	[[[2183.1600533333335 1100.1115919442577 923.2628088666291]]]
3184	[[[2182.9200666666666 1100.2105284949419 923.1360786971804]]]
3185	[[[2183.2400533333334 1100.3334134571508 923.017985273155]]]
3186	[[[2183.16006 1100.4798851846601 922.9172938402958]]]
3187	[[[2183.24006 1100.6488746573993 922.8413677012633]]]
3188	[[[2183.4800600000003 1100.837832740307 922.7953461668176]]]
3189	[[[2183.3200666666667 1101.0428290285033 922.7815785856365]]]
3190	[[[2183.3200666666667 1101.2593507006984 922.799403589696]]]
3191	[[[2183.1600733333335 1101.483177346265 922.8453145280397]]]
3192	[[[2182.920086666667 1101.7105594565455 922.9134921327512]]]
3193	[[[2183.3200866666666 1101.9372242996967 922.996624718322]]]
3194	[[[2183.7200866666667 1102.1564167338731 923.086886994744]]]
3195	[[[2184.120086666667 1102.3569639084171 923.1769216172291]]]
3196	[[[2183.8801000000003 1102.522788133561 923.2606692600739]]]
3197	[[[2183.8801000000003 1102.6349968079228 923.3339234745202]]]
3198	[[[2183.960093333333 1102.6765953217298 923.3945396527739]]]
3199	[[[2183.9600933333336 1102.6384209693388 923.442291898171]]]
3200	[[[2183.8000933333333 1102.5238539245331 923.4784341006754]]]
3201	[[[2184.12008 1102.3499253878979 923.5050696672453]]]
3202	[[[2183.8000933333333 1102.1437700052904 923.5244596350476]]]
3203	[[[2183.7201 1101.9353852144252 923.5383982715049]]]
3204	[[[2183.8000933333333 1101.7493403592969 923.5477613262848]]]
3205	[[[2183.96008 1101.598549707147 923.5522918100436]]]
3206	[[[2183.96008 1101.4822829682591 923.550640794847]]]
3207	[[[2183.96008 1101.3887890314707 923.540635582082]]]
3208	[[[2184.12008 1101.301181977876 923.5197122089938]]]
3209	[[[2184.12008 1101.2043214203352 923.4854283155677]]]
3210	[[[2184.04008 1101.090499977958 923.4359672840847]]]
3211	[[[2184.0400799999998 1100.9625049550366 923.370553785135]]]
3212	[[[2184.2000666666668 1100.8335455817132 923.2897207642269]]]
3213	[[[2184.2800666666667 1100.72429274507 923.1953937399198]]]
3214	[[[2184.2800666666667 1100.6578110995958 923.0907853355561]]]
3215	[[[2184.12008 1100.6535698096334 922.9801174642195]]]
3216	[[[2183.8800866666666 1100.7220195946647 922.8682082429427]]]
3217	[[[2183.8800866666666 1100.8612653525 922.7599746999095]]]
3218	[[[2184.2000933333334 1101.0569286982657 922.6599107679876]]]
3219	[[[2184.2000933333334 1101.2853431568649 922.5716032139018]]]
3220	[[[2184.040106666667 1101.5190497983504 922.4973458783649]]]
3221	[[[2184.040106666667 1101.732704025161 922.4379041820031]]]
3222	[[[2184.2800933333333 1101.9074436698804 922.3924665004774]]]
3223	[[[2183.960106666667 1102.0325859382247 922.3587967765238]]]
3224	[[[2184.1201066666667 1102.10479150166 922.3335753486446]]]
3225	[[[2183.8801200000003 1102.1258576769062 922.312886170162]]]
3226	[[[2184.040106666667 1102.100542237253 922.2927836009758]]]
3227	[[[2183.8801200000003 1102.0352519441374 922.2698562605018]]]
3228	[[[2183.48012 1101.9375482843589 922.241703192858]]]
3229	[[[2183.48012 1101.815874544662 922.2072503250012]]]
3230	[[[2183.7201066666667 1101.6790266085102 922.166861159834]]]
3231	[[[2183.6401133333334 1101.5354661423446 922.1222301721081]]]
3232	[[[2183.9601000000002 1101.3930445702479 922.0760839385125]]]
3233	[[[2183.6400933333334 1101.2596083764347 922.0317466995381]]]
3234	[[[2183.5601 1101.144310900932 921.9926478899133]]]
3235	[[[2183.8800866666666 1101.0587607103682 921.9618553488394]]]
3236	[[[2183.8800866666666 1101.0169748575256 921.9417083302496]]]
3237	[[[2183.8800866666666 1101.0336679842715 921.9336009242335]]]
3238	[[[2183.96008 1101.1213200591155 921.937933667322]]]
3239	[[[2183.6400933333334 1101.2870748312225 921.9542156621816]]]
3240	[[[2183.7200866666667 1101.53043054744 921.9812691341634]]]
3241	[[[2183.6400933333334 1101.8420791584315 922.0174701416868]]]
3242	[[[2183.7200866666667 1102.203723365107 922.0609579202531]]]
3243	[[[2184.120086666667 1102.5887130224862 922.1097620174595]]]
3244	[[[2184.120086666667 1102.9637884863378 922.1618273109483]]]
3245	[[[2183.8801000000003 1103.2925086593025 922.2149543764787]]]
3246	[[[2183.8801 1103.5405439454469 922.2667062387568]]]
3247	[[[2183.5601133333334 1103.681982728314 922.3143522739373]]]
3248	[[[2183.5601133333334 1103.704803310012 922.3549190380367]]]
3249	[[[2183.48012 1103.6134792720534 922.3853945149025]]]
3250	[[[2183.1601333333333 1103.4275870923607 922.4030913360001]]]
3251	[[[2183.2401266666666 1103.1768259706635 922.4061258272994]]]
3252	[[[2183.0001399999996 1102.8942118129107 922.3939260286834]]]
3253	[[[2183.0801333333334 1102.6097220980448 922.3676553656401]]]
3254	[[[2183.1601266666667 1102.3462258264087 922.3304379202509]]]
3255	[[[2183.0801333333334 1102.1184733335247 922.2872986210987]]]
3256	[[[2182.840126666667 1101.9347322439808 922.2447826025797]]]
3257	[[[2182.60012 1101.7997280208983 922.2102819270627]]]
3258	[[[2182.3601333333336 1101.7171341610554 922.1911606600592]]]
3259	[[[2182.2801200000004 1101.6901257215468 922.1938164369052]]]
3260	[[[2182.440106666667 1101.7194876591986 922.2228367165453]]]
3261	[[[2182.5201 1101.8001777683348 922.2803952881513]]]
3262	[[[2182.5201 1101.918437701817 922.3659910760589]]]
3263	[[[2182.5201 1102.0517681296353 922.4765659589415]]]
3264	[[[2182.6000933333335 1102.1729691945875 922.6069656809532]]]
3265	[[[2182.76008 1102.2574011180247 922.7506445653956]]]
3266	[[[2182.44008 1102.2907127952146 922.9004751871244]]]
3267	[[[2182.6800666666663 1102.273639057221 923.0495170685311]]]
3268	[[[2182.7600666666667 1102.2215321613587 923.1916241405333]]]
3269	[[[2182.7600666666667 1102.1585523807241 923.3218209343377]]]
3270	[[[2182.7600666666667 1102.108735892584 923.436437824451]]]
3271	[[[2182.92008 1102.0873832499256 923.533049752652]]]
3272	[[[2183.1600866666668 1102.0959067839678 923.610297223303]]]
3273	[[[2183.0800733333335 1102.1217484409538 923.6676761653243]]]
3274	[[[2183.4000733333332 1102.143013562206 923.7053659317406]]]
3275	[[[2183.4000733333332 1102.1358755961994 923.7241307269815]]]
3276	[[[2183.32008 1102.0821095806486 923.7252913023758]]]
3277	[[[2183.640066666667 1101.9744084118736 923.7107326083297]]]
3278	[[[2183.640066666667 1101.818158499855 923.6828971735964]]]
3279	[[[2183.72006 1101.629627149506 923.6447157911842]]]
3280	[[[2183.72006 1101.4315761935368 923.5994440878666]]]
3281	[[[2183.8800733333333 1101.2478840854174 923.5503999913366]]]
3282	[[[2183.640086666667 1101.09879097909 923.5006262147836]]]
3283	[[[2183.4001 1100.9979889410308 923.452527482184]]]
3284	[[[2183.4001 1100.9520995238324 923.4075494242752]]]
3285	[[[2183.4800933333336 1100.962246540306 923.3659712555509]]]
3286	[[[2183.4000800000003 1101.0266494403386 923.3268750676335]]]
3287	[[[2183.480073333333 1101.1427527415829 923.2883300417278]]]
3288	[[[2183.5600866666664 1101.307669513286 923.2477918935041]]]
3289	[[[2183.400093333333 1101.516666584915 923.2026718213015]]]
3290	[[[2183.2401066666666 1101.7606312330945 923.150984304304]]]
3291	[[[2183.2401066666666 1102.0242353918245 923.0919508710678]]]
3292	[[[2182.92012 1102.2863223673714 923.0264284795024]]]
3293	[[[2183.0801133333334 1102.5229189898891 922.9570531826718]]]
3294	[[[2183.2401133333337 1102.7118641451752 922.8880415784469]]]
3295	[[[2183.16012 1102.837194244211 922.8246646961987]]]
3296	[[[2183.4001066666665 1102.891639759552 922.772484793404]]]
3297	[[[2183.5600933333335 1102.8766860604603 922.7365052795525]]]
3298	[[[2183.80008 1102.800906561619 922.7204104232919]]]
3299	[[[2183.8800733333333 1102.677901171209 922.7260551955504]]]
3300	[[[2183.8800733333333 1102.5248449852263 922.7533082125506]]]
3301	[[[2183.960086666667 1102.3616994126542 922.8002652514887]]]
3302	[[[2183.8800933333337 1102.2102849275168 922.8637585640153]]]
3303	[[[2184.04008 1102.092274429044 922.9400125244898]]]
3304	[[[2184.2800733333333 1102.0258369551868 923.0252598895576]]]
3305	[[[2184.3600666666666 1102.0216936125723 923.1161467316637]]]
3306	[[[2184.44006 1102.0800723656766 923.2098166260249]]]
3307	[[[2184.7600466666668 1102.1900139893776 923.303661156036]]]
3308	[[[2184.600053333333 1102.3316992147209 923.3948290838836]]]
3309	[[[2184.2800666666667 1102.481342550301 923.4796711586288]]]
3310	[[[2184.52006 1102.6172518695932 923.55333567355]]]
3311	[[[2184.3600666666666 1102.7252439632105 923.6097070027222]]]
3312	[[[2184.3600666666666 1102.8018161999323 923.6417973823199]]]
3313	[[[2184.2800666666667 1102.8541594322667 923.6425803946678]]]
3314	[[[2184.4400666666666 1102.8970159558992 923.6061252030631]]]
3315	[[[2184.5200600000003 1102.947297297824 923.528790165196]]]
3316	[[[2184.8400466666662 1103.018066267726 923.4101932873797]]]
3317	[[[2185.160053333333 1103.113761639531 923.2537095635712]]]
3318	[[[2185.400066666667 1103.2282502503006 923.0663452492882]]]
3319	[[[2185.2400666666667 1103.3464095377847 922.8579806836037]]]
3320	[[[2185.32006 1103.4486922324397 922.6401184289408]]]
3321	[[[2185.560053333333 1103.5169737482956 922.4243835312955]]]
3322	[[[2185.480053333333 1103.5394809133675 922.2210696801571]]]
3323	[[[2185.5600466666665 1103.5130649035152 922.0379997451579]]]
3324	[[[2185.8000333333334 1103.4423430466443 921.8798828568196]]]
3325	[[[2185.8000333333334 1103.3366598277332 921.7482299530943]]]
3326	[[[2185.9600266666666 1103.2066513265063 921.6417691501048]]]
3327	[[[2186.3600266666667 1103.0620240757928 921.5572111468676]]]
3328	[[[2186.5200266666666 1102.9111649318368 921.4901708949329]]]
3329	[[[2186.5200266666666 1102.7620354005412 921.436057366332]]]
3330	[[[2186.680026666667 1102.6231557168107 921.3907873583379]]]
3331	[[[2186.680026666667 1102.5036421469465 921.3512430254583]]]
3332	[[[2186.8400133333334 1102.412000010702 921.3154566731838]]]
3333	[[[2186.76 1102.3541763799794 921.2825558941134]]]
3334	[[[2186.8400000000006 1102.3317959788365 921.252531065627]]]
3335	[[[2187.080013333333 1102.3414074756647 921.2258969018022]]]
3336	[[[2187.2400199999997 1102.3751094924974 921.2033162421413]]]
3337	[[[2187.4800266666666 1102.4223654655832 921.1852445849496]]]
3338	[[[2187.640026666667 1102.4723633540934 921.1716429285511]]]
3339	[[[2187.720026666667 1102.5160643708339 921.1617957643624]]]
3340	[[[2187.720026666667 1102.5472063569257 921.1542593422247]]]
3341	[[[2187.8000266666663 1102.5620023645859 921.1469506028716]]]
3342	[[[2187.4800266666666 1102.5579516261066 921.1373687971617]]]
3343	[[[2187.400026666667 1102.5327066629632 921.1229216868502]]]
3344	[[[2187.640026666667 1102.4839353179038 921.101310497626]]]
3345	[[[2187.5600266666665 1102.410469525628 921.0709172295318]]]
3346	[[[2187.64004 1102.314080991673 921.031137696492]]]
3347	[[[2187.32004 1102.2005965424296 920.9826136987294]]]
3348	[[[2187.4000533333333 1102.079254082684 920.9273344734697]]]
3349	[[[2187.5600666666664 1101.9601727322479 920.8685953771075]]]
3350	[[[2187.4000533333333 1101.8509884362936 920.8108154041344]]]
3351	[[[2187.32006 1101.7543355737607 920.7592223314638]]]
3352	[[[2187.1600533333335 1101.667514071272 920.7194168259456]]]
3353	[[[2187.2400666666667 1101.5845553362522 920.6968299944889]]]
3354	[[[2187.2400666666667 1101.4996480930747 920.6960985890966]]]
3355	[[[2187.32008 1101.4102145645677 920.7204017229891]]]
3356	[[[2187.56008 1101.318176409599 920.77083040877]]]
3357	[[[2187.720093333334 1101.228930508105 920.8458883410855]]]
3358	[[[2187.8801066666665 1101.1487150287096 920.9412369899045]]]
3359	[[[2187.72012 1101.0818010844778 921.0497884453738]]]
3360	[[[2188.04012 1101.0289641216618 921.1622090888532]]]
3361	[[[2187.960106666667 1100.9880051234602 921.2678286912418]]]
3362	[[[2188.040106666667 1100.9560380710143 921.3558656237332]]]
3363	[[[2187.880093333333 1100.9323159071498 921.4167996139485]]]
3364	[[[2187.80008 1100.9199814716796 921.4436709363072]]]
3365	[[[2187.8800800000004 1100.9255453623302 921.4330763399265]]]
3366	[[[2187.800066666667 1100.9560002872747 921.3856740899455]]]
3367	[[[2187.8800800000004 1101.0147882826675 921.306096562684]]]
3368	[[[2187.800066666666 1101.0986462145754 921.2022800391434]]]
3369	[[[2187.9600733333336 1101.1971370332092 921.0843315907524]]]
3370	[[[2187.8800600000004 1101.2954341372415 920.9631361561234]]]
3371	[[[2187.8800600000004 1101.3792851009691 920.8489442992363]]]
3372	[[[2187.720046666667 1101.4399500308011 920.7501663764536]]]
3373	[[[2187.80004 1101.476927632937 920.6725393238613]]]
3374	[[[2187.5600266666665 1101.4974043115878 920.6187463301079]]]
3375	[[[2187.3200266666668 1101.512903791636 920.5884805676914]]]
3376	[[[2187.240026666667 1101.5347227052646 920.5788730805565]]]
3377	[[[2187.32004 1101.5699332057254 920.5851650239211]]]
3378	[[[2187.40004 1101.61914563491 920.6014980156234]]]
3379	[[[2187.2400399999997 1101.6763738148566 920.6217157049072]]]
3380	[[[2187.3200533333334 1101.7307097990624 920.6401011744179]]]
3381	[[[2187.2400533333334 1101.769228077001 920.6520044461128]]]
3382	[[[2187.3200466666667 1101.7804354247294 920.6543327448672]]]
3383	[[[2187.480053333333 1101.7574760926827 920.6458812295386]]]
3384	[[[2187.240046666667 1101.7002193886708 920.6274786824115]]]
3385	[[[2187.1600466666664 1101.6155099288665 920.6019203928823]]]
3386	[[[2187.00006 1101.5154018921273 920.5736682769631]]]
3387	[[[2187.08006 1101.4139915771414 920.548321023636]]]
3388	[[[2186.8400533333333 1101.324094656434 920.531893065572]]]
3389	[[[2187.080066666667 1101.2550628022875 920.5299823235761]]]
3390	[[[2187.3200666666667 1101.2123899790688 920.546940971066]]]
3391	[[[2187.3200666666667 1101.198755393322 920.5851790371426]]]
3392	[[[2187.2400533333334 1101.2153850287605 920.6447199009248]]]
3393	[[[2187.2400533333334 1101.2625703227116 920.7230891140922]]]
3394	[[[2187.5600600000002 1101.3389051774905 920.8155607187431]]]
3395	[[[2187.4800466666666 1101.4398411625616 920.915721340169]]]
3396	[[[2187.5600466666665 1101.5568334924458 921.0162569393186]]]
3397	[[[2187.5600466666665 1101.6781720517918 921.1098329304126]]]
3398	[[[2187.64004 1101.7916066616006 921.189932044645]]]
3399	[[[2187.8000533333334 1101.8876729102913 921.2515347051808]]]
3400	[[[2187.9600666666665 1101.9619942416032 921.2915656983836]]]
3401	[[[2187.8800533333333 1102.0152566283796 921.3090766695994]]]
3402	[[[2187.9600666666665 1102.0508399870562 921.3051748711619]]]
3403	[[[2188.3600666666666 1102.071469168788 921.282737145035]]]
3404	[[[2188.4400600000004 1102.0768346393547 921.2459627760057]]]
3405	[[[2188.3600666666666 1102.0635349194642 921.1998233522203]]]
3406	[[[2188.7600666666667 1102.027287570111 921.1494683639424]]]
3407	[[[2188.8400800000004 1101.9660479801066 921.0996469808239]]]
3408	[[[2188.9200933333336 1101.8822809927158 921.0542101168148]]]
3409	[[[2189.080086666667 1101.783325991377 921.0157584013077]]]
3410	[[[2189.1601 1101.680025943865 920.9854938312868]]]
3411	[[[2189.4001000000003 1101.5846884240761 920.9633092965774]]]
3412	[[[2189.4001 1101.509450848549 920.9481095027795]]]
3413	[[[2189.2401133333333 1101.4653498283806 920.9383053618203]]]
3414	[[[2189.4001 1101.4615184811107 920.9323751292617]]]
3415	[[[2189.560086666667 1101.50368082842 920.9293561873988]]]
3416	[[[2189.6401 1101.5917324461832 920.929135378612]]]
3417	[[[2189.800086666667 1101.7172871333162 920.9324483447463]]]
3418	[[[2189.6400933333334 1101.8628352411963 920.9405722382209]]]
3419	[[[2189.6400933333334 1102.0039510506297 920.9547826078573]]]
3420	[[[2189.7200866666667 1102.1147514854513 920.9757188951068]]]
3421	[[[2189.8000866666666 1102.175158858164 921.0028400302308]]]
3422	[[[2190.040073333333 1102.1773706164604 921.0341380817413]]]
3423	[[[2190.36006 1102.1289496649608 921.0662148890393]]]
3424	[[[2190.36006 1102.051141545454 921.0947307289158]]]
3425	[[[2190.4400533333333 1101.9728086798941 921.1151326350249]]]
3426	[[[2190.36006 1101.9219266906514 921.1234924426303]]]
3427	[[[2190.4400533333333 1101.917317147466 921.1172532520826]]]
3428	[[[2190.6800399999997 1101.9630559459358 921.0957060770294]]]
3429	[[[2190.6800399999997 1102.0470473101784 921.060088111809]]]
3430	[[[2190.5200533333336 1102.1440008490463 921.0132894272191]]]
3431	[[[2190.6000466666665 1102.221870418808 920.9592490941519]]]
3432	[[[2190.680046666667 1102.249978242057 920.9021902144286]]]
3433	[[[2190.680046666667 1102.2067135051038 920.8458707928772]]]
3434	[[[2190.76004 1102.0849010098334 920.7930109747772]]]
3435	[[[2190.680046666667 1101.8935899764365 920.7450056119332]]]
3436	[[[2190.5200466666665 1101.6559173726403 920.70196048747]]]
3437	[[[2190.68006 1101.4036267101317 920.663018731642]]]
3438	[[[2190.5200600000003 1101.1695911911909 920.6268859184303]]]
3439	[[[2190.44006 1100.9801788844861 920.5924272793769]]]
3440	[[[2190.520053333333 1100.849410412841 920.5592016640395]]]
3441	[[[2190.9200533333333 1100.7765077963031 920.5278129695879]]]
3442	[[[2191.0000533333337 1100.747594896769 920.4999965942521]]]
3443	[[[2191.080053333333 1100.7411254120598 920.4784102098565]]]
3444	[[[2191.2400533333334 1100.7354194831294 920.4661574644516]]]
3445	[[[2191.48004 1100.7159227246937 920.4661309676922]]]
3446	[[[2191.6400333333336 1100.6798113376249 920.4803062883949]]]
3447	[[[2192.040033333333 1100.6364304648996 920.5091407487494]]]
3448	[[[2192.6000266666665 1100.6034996286974 920.5512212594323]]]
3449	[[[2192.7600266666664 1100.60051201773 920.6032620776951]]]
3450	[[[2193.0800333333336 1100.6417010390649 920.6604823942513]]]
3451	[[[2193.40004 1100.73096052578 920.717309696625]]]
3452	[[[2193.240026666667 1100.860197442077 920.7682779529899]]]
3453	[[[2193.400026666667 1101.0111996097148 920.8089398472656]]]
3454	[[[2193.8000266666663 1101.1598640743596 920.8366035439813]]]
3455	[[[2194.0400400000003 1101.2810817611514 920.850740121485]]]
3456	[[[2193.880033333334 1101.3528385610214 920.8529792940898]]]
3457	[[[2193.8800333333334 1101.35886210788 920.846700272385]]]
3458	[[[2193.8800333333334 1101.2899040752409 920.8363094065652]]]
3459	[[[2194.04004 1101.1441230622006 920.8263567426255]]]
3460	[[[2194.04004 1100.9269818949688 920.8206674889125]]]
3461	[[[2194.2800466666667 1100.6508210446348 920.8216494459119]]]
3462	[[[2194.04006 1100.3340668273368 920.8298909510377]]]
3463	[[[2193.72006 1099.9999659165103 920.8440993572599]]]
3464	[[[2193.8000733333333 1099.6747463662923 920.861363005914]]]
3465	[[[2193.96006 1099.3851382972673 920.8776636573538]]]
3466	[[[2194.2000533333335 1099.1552973216394 920.888530564691]]]
3467	[[[2194.680053333333 1099.0034357032234 920.8897156736467]]]
3468	[[[2194.7600666666667 1098.9388150319535 920.8777807768784]]]
3469	[[[2194.6000799999997 1098.9599497709116 920.8505170033328]]]
3470	[[[2194.8400666666666 1099.0546796705423 920.8071573808552]]]
3471	[[[2194.9200800000003 1099.2022051929507 920.7483856782296]]]
3472	[[[2195.32008 1099.3765547419116 920.6761806903584]]]
3473	[[[2195.32008 1099.5506374997137 920.593557583651]]]
3474	[[[2195.32008 1099.7001434590268 920.5042730719975]]]
3475	[[[2195.5600866666664 1099.8068397715122 920.4125495704835]]]
3476	[[[2195.64008 1099.8609288206624 920.3228500131328]]]
3477	[[[2195.64008 1099.8619909142574 920.2397078031472]]]
3478	[[[2195.64008 1099.8179407380528 920.1675941531108]]]
3479	[[[2195.5600666666664 1099.7418060630337 920.1107944330541]]]
3480	[[[2195.480073333333 1099.6470646523896 920.0732682185279]]]
3481	[[[2195.1600866666663 1099.543255449296 920.0584816109073]]]
3482	[[[2195.080086666667 1099.4338370768237 920.0692184329309]]]
3483	[[[2195.080086666667 1099.3173645650625 920.1073914485293]]]
3484	[[[2195.3200733333338 1099.191349306567 920.1738803181083]]]
3485	[[[2195.0000733333336 1099.0566696161422 920.2684183864511]]]
3486	[[[2195.080066666667 1098.9201037718547 920.38953903331]]]
3487	[[[2195.2400800000005 1098.7937114423164 920.5345805435172]]]
3488	[[[2195.64008 1098.6916719799012 920.6997425625555]]]
3489	[[[2195.4800733333336 1098.626579249096 920.8801904108986]]]
3490	[[[2195.640066666667 1098.6072082311832 921.0702142220589]]]
3491	[[[2195.4800800000003 1098.6384687409625 921.2634618975527]]]
3492	[[[2195.4800800000003 1098.7226047860531 921.4532698895337]]]
3493	[[[2195.5600933333335 1098.8598714698296 921.6331068250893]]]
3494	[[[2195.5600933333335 1099.0475044307366 921.7971197292663]]]
3495	[[[2195.4801 1099.277346574195 921.9407355154543]]]
3496	[[[2195.7200866666667 1099.5338597727634 922.0612321157467]]]
3497	[[[2195.4801 1099.7944035375747 922.1581679778332]]]
3498	[[[2195.4801 1100.0324775889342 922.2335581201605]]]
3499	[[[2195.5601 1100.2229552138883 922.2917157855018]]]
3500	[[[2195.5601 1100.3473490365695 922.3387378247462]]]
3501	[[[2195.480106666667 1100.3974267164724 922.3816864431551]]]
3502	[[[2195.080106666667 1100.3766045760942 922.4275904385191]]]
3503	[[[2194.6801066666667 1100.2994957633673 922.4824353412063]]]
3504	[[[2194.840113333333 1100.190100310557 922.5503195270526]]]
3505	[[[2194.8401133333336 1100.0786081791264 922.6329189306739]]]
3506	[[[2194.7601 1099.9964838535304 922.7293354789919]]]
3507	[[[2194.9200866666665 1099.9700504103823 922.8363226523043]]]
3508	[[[2194.9200866666665 1100.0139788968324 922.9488081500435]]]
3509	[[[2195.0000999999997 1100.1269752743763 923.0605871732205]]]
3510	[[[2195.0001 1100.2916592101608 923.1650493567504]]]
3511	[[[2195.0000999999997 1100.4790764418156 923.2558251682491]]]
3512	[[[2195.2400866666667 1100.6563131518378 923.3272814718988]]]
3513	[[[2195.1600733333335 1100.794417240895 923.3748447923003]]]
3514	[[[2194.7600733333334 1100.873930692733 923.3951705897916]]]
3515	[[[2194.8400866666666 1100.8866269909151 923.3861998829539]]]
3516	[[[2194.8400866666666 1100.8337671789143 923.3471502857838]]]
3517	[[[2194.8400866666666 1100.7225102242048 923.2784813405109]]]
3518	[[[2195.2400866666667 1100.5625397752344 923.1818596278287]]]
3519	[[[2195.1600933333334 1100.3644404054405 923.0601317654631]]]
3520	[[[2195.0000999999997 1100.1401740593826 922.9172951983222]]]
3521	[[[2195.4801133333335 1099.9047151321638 922.7584390924079]]]
3522	[[[2195.2401133333337 1099.6771248915068 922.589613547868]]]
3523	[[[2195.4001 1099.4795310402144 922.417580028366]]]
3524	[[[2195.4001 1099.3336076958465 922.249405783438]]]
3525	[[[2195.4001000000003 1099.2556396067628 922.0918943873671]]]
3526	[[[2195.1601133333334 1099.2522207457253 921.9508917066423]]]
3527	[[[2194.9201266666664 1099.3184544563958 921.8305620019996]]]
3528	[[[2195.0801333333334 1099.439274882622 921.732775911713]]]
3529	[[[2195.160146666667 1099.5929873077573 921.656771795151]]]
3530	[[[2195.4001333333335 1099.7553012088538 921.5992296433132]]]
3531	[[[2195.480126666667 1099.902477994034 921.5548284535316]]]
3532	[[[2195.480126666667 1100.0133710616572 921.5172538685471]]]
3533	[[[2195.0801266666667 1100.0711679582657 921.4805066401277]]]
3534	[[[2195.0801266666667 1100.0657468022894 921.4402655088458]]]
3535	[[[2195.4001333333335 1099.9966495095339 921.3950106387064]]]
3536	[[[2195.0001333333335 1099.875450890294 921.3466353031764]]]
3537	[[[2195.2401333333332 1099.7257223820527 921.3003657307986]]]
3538	[[[2195.0801466666667 1099.5793714708038 921.2639535804009]]]
3539	[[[2195.0801466666667 1099.4696194854062 921.2462681501866]]]
3540	[[[2195.0801466666667 1099.4224448736707 921.2555550337489]]]
3541	[[[2195.0801466666667 1099.44916675685 921.2977082746174]]]
3542	[[[2195.4001333333335 1099.5426394420099 921.3749033081676]]]
3543	[[[2195.3201400000003 1099.6784491075266 921.4848587514183]]]
3544	[[[2195.2401266666666 1099.8209856049664 921.6208580883794]]]
3545	[[[2194.920126666667 1099.932761443583 921.7725035019806]]]
3546	[[[2194.9201266666664 1099.9842784937398 921.9270330743111]]]
3547	[[[2194.9201266666664 1099.9614722211572 922.0709411418943]]]
3548	[[[2195.0001399999996 1099.8685061625285 922.1916156348161]]]
3549	[[[2194.920126666667 1099.72527963164 922.2787428757016]]]
3550	[[[2194.440113333333 1099.5608300648028 922.3253109569208]]]
3551	[[[2194.2801000000004 1099.40505654517 922.3281404324774]]]
3552	[[[2194.0401 1099.281367008238 922.28795910386]]]
3553	[[[2193.800086666667 1099.202080226399 922.2090975458113]]]
3554	[[[2193.7200733333334 1099.167284466802 922.0989070199286]]]
3555	[[[2193.6400599999997 1099.1669333160917 921.9669965246513]]]
3556	[[[2193.5600466666665 1099.1853971092678 921.8243637960236]]]
3557	[[[2193.1600466666664 1099.2072772828571 921.6824713343291]]]
3558	[[[2193.080033333333 1099.2228715191886 921.5523051976452]]]
3559	[[[2193.1600466666664 1099.2314565019576 921.4434568961997]]]
3560	[[[2193.1600466666664 1099.2409740009523 921.3632849140859]]]
3561	[[[2192.92004 1099.2639546239263 921.3162333463505]]]
3562	[[[2192.8400266666667 1099.31116745287 921.3033987653021]]]
3563	[[[2193.0000133333333 1099.385662441181 921.3224314862136]]]
3564	[[[2193.0000133333333 1099.4798421336254 921.3678274832547]]]
3565	[[[2192.9200133333334 1099.5769171168013 921.431613450719]]]
3566	[[[2192.9200133333334 1099.6562427345232 921.5043592438357]]]
3567	[[[2192.9200133333334 1099.7005158656045 921.5763848676676]]]
3568	[[[2193.0000133333333 1099.7022155887798 921.6389813309393]]]
3569	[[[2193.1600200000003 1099.6670480926593 921.6854510875322]]]
3570	[[[2193.3200266666668 1099.6132031876703 921.7118015405784]]]
3571	[[[2193.2400266666664 1099.5665812377795 921.7169903517332]]]
3572	[[[2193.080026666667 1099.5534692029662 921.7027095992363]]]
3573	[[[2193.0000266666666 1099.593058355524 921.6727857299678]]]
3574	[[[2192.9200133333334 1099.6923059640658 921.6323414808779]]]
3575	[[[2193.1600133333336 1099.8447552925802 921.5868979601605]]]
3576	[[[2193.080013333333 1100.0333205716663 921.5415838910102]]]
3577	[[[2193.0000133333333 1100.235458110936 921.5005706806293]]]
3578	[[[2192.6000133333337 1100.4283980607004 921.4667822857283]]]
3579	[[[2192.5200133333337 1100.592571566839 921.4418581981303]]]
3580	[[[2192.5200133333333 1100.7126996768493 921.4262950425764]]]
3581	[[[2192.6000133333337 1100.777390765513 921.4196691607818]]]
3582	[[[2192.4400133333334 1100.7787384471967 921.420851402224]]]
3583	[[[2192.3600133333334 1100.7130362216851 921.4281590439822]]]
3584	[[[2192.1200066666665 1100.5826523391036 921.4394347853772]]]
3585	[[[2191.8799999999997 1100.3980238882605 921.4520836234072]]]
3586	[[[2191.8799999999997 1100.178274128204 921.4631223001796]]]
3587	[[[2192.0400000000004 1099.9493977298614 921.4692962963187]]]
3588	[[[2191.96 1099.7400666284232 921.4672971239015]]]
3589	[[[2191.8799999999997 1099.5762851095017 921.4540760460908]]]
3590	[[[2191.56 1099.4767122120672 921.4272117052806]]]
3591	[[[2191.6400000000003 1099.4501381558205 921.385261278539]]]
3592	[[[2191.8000133333335 1099.495557419664 921.3280170113679]]]
3593	[[[2192.040026666667 1099.6041647644313 921.2566053621093]]]
3594	[[[2191.9600266666666 1099.7620630599831 921.1734004973426]]]
3595	[[[2191.8800266666667 1099.9527215630085 921.081767758484]]]
3596	[[[2191.8000266666663 1100.1588982036512 920.9856935049667]]]
3597	[[[2191.8800266666667 1100.3642280572014 920.8893839514129]]]
3598	[[[2191.960026666667 1100.554636243327 920.7969199945228]]]
3599	[[[2192.1200400000002 1100.7193452034498 920.7120363820045]]]
3600	[[[2192.1200400000002 1100.8510311693042 920.6380568809883]]]
3601	[[[2192.3600466666667 1100.9449969945774 920.577971963221]]]
3602	[[[2192.200046666667 1100.9979175596638 920.5346036162414]]]
3603	[[[2192.200046666667 1101.0072231694915 920.5107740759786]]]
3604	[[[2192.2000466666664 1100.9720028866345 920.5093890581352]]]
3605	[[[2192.200046666667 1100.8953899897563 920.5333638603988]]]
3606	[[[2192.200046666667 1100.7872394172464 920.5853592310596]]]
3607	[[[2191.9600333333337 1100.6652608319725 920.6673447611734]]]
3608	[[[2191.8800199999996 1100.5531336419172 920.7800589936379]]]
3609	[[[2192.200026666667 1100.4754420527345 920.9224749159954]]]
3610	[[[2192.200026666667 1100.4509099475433 921.091396661809]]]
3611	[[[2192.2000266666664 1100.4865278762957 921.2813025500669]]]
3612	[[[2192.2000266666664 1100.575108460277 921.4845118979042]]]
3613	[[[2192.280026666667 1100.697519832265 921.691695598397]]]
3614	[[[2192.36002 1100.8289044635687 921.8926852347536]]]
3615	[[[2192.2800199999997 1100.946522295102 922.0774762828463]]]
3616	[[[2191.960013333333 1101.0362620945934 922.237280006386]]]
3617	[[[2192.28002 1101.095591850617 922.3654640035829]]]
3618	[[[2192.2800199999997 1101.1323460080969 922.4582353886711]]]
3619	[[[2192.36002 1101.160431872229 922.5149600922146]]]
3620	[[[2192.36002 1101.1944856142393 922.5380692717022]]]
3621	[[[2192.44002 1101.2453914061093 922.532569404569]]]
3622	[[[2192.5200200000004 1101.3176653236662 922.5052356013397]]]
3623	[[[2192.76002 1101.408657995836 922.4636179149375]]]
3624	[[[2192.680026666667 1101.5089768947646 922.4150194665481]]]
3625	[[[2192.92004 1101.6036905244098 922.3656073511183]]]
3626	[[[2192.92004 1101.6744388510672 922.3197908729258]]]
3627	[[[2192.84004 1101.7029081992112 922.2799502774683]]]
3628	[[[2192.6800399999997 1101.6757365920769 922.2465320010746]]]
3629	[[[2192.3600333333334 1101.5898366178444 922.2184572714868]]]
3630	[[[2192.3600333333334 1101.4560145090607 922.193735003752]]]
3631	[[[2192.2800399999996 1101.2985403865841 922.1701402284625]]]
3632	[[[2191.8800400000005 1101.1495279351798 922.1458222025327]]]
3633	[[[2191.8800400000005 1101.0392920250458 922.119739562362]]]
3634	[[[2191.80004 1100.9861183935473 922.0918727492477]]]
3635	[[[2191.72004 1100.9897409024945 922.0632208090384]]]
3636	[[[2191.56004 1101.0315713481402 922.0356348991348]]]
3637	[[[2191.4000466666666 1101.0818320470896 922.0115637366494]]]
3638	[[[2190.9200533333333 1101.110645986003 921.9937840720077]]]
3639	[[[2190.6000466666665 1101.098439724312 921.9851673826093]]]
3640	[[[2190.2800399999996 1101.0415416940186 921.9885029672672]]]
3641	[[[2190.1200466666664 1100.9512448804755 922.0063691453648]]]
3642	[[[2190.040053333333 1100.8475607698754 922.0410269775713]]]
3643	[[[2189.8800666666666 1100.7509723996873 922.0943081046462]]]
3644	[[[2189.72008 1100.6758377203414 922.167477810437]]]
3645	[[[2189.560093333333 1100.627770659876 922.2610706243901]]]
3646	[[[2189.8000866666666 1100.605174353345 922.3747123466069]]]
3647	[[[2189.720093333333 1100.6032257276959 922.5069546285085]]]
3648	[[[2189.8000933333333 1100.6178408418286 922.6551542554162]]]
3649	[[[2189.6400999999996 1100.64768508636 922.8154295295054]]]
3650	[[[2189.6400999999996 1100.693678476765 922.9827221944944]]]
3651	[[[2189.560106666667 1100.7568646046177 923.1509863683841]]]
3652	[[[2189.480113333333 1100.8362254854298 923.3135159854314]]]
3653	[[[2189.480113333333 1100.9277603177572 923.4634083320811]]]
3654	[[[2189.480113333333 1101.0252036962486 923.5941424440911]]]
3655	[[[2189.4001200000002 1101.1217826808268 923.7002277900764]]]
3656	[[[2189.40012 1101.2119690067404 923.7778535142993]]]
3657	[[[2189.40012 1101.2924193952006 923.825446818451]]]
3658	[[[2189.480113333333 1101.3619107217166 923.8440378543337]]]
3659	[[[2189.4001 1101.420601278909 923.8373348189328]]]
3660	[[[2189.4001 1101.4691173890203 923.8114415250471]]]
3661	[[[2189.1601066666667 1101.5078516979202 923.7742006764691]]]
3662	[[[2189.1601066666667 1101.5367117626831 923.7342133381384]]]
3663	[[[2189.080106666667 1101.5554945485228 923.6996563531338]]]
3664	[[[2188.9201000000003 1101.564960243872 923.67707810824]]]
3665	[[[2188.7601133333333 1101.5683542007819 923.6703820281341]]]
3666	[[[2189.000106666667 1101.5726318418867 923.6801939711557]]]
3667	[[[2189.000106666667 1101.588346703434 923.7037510282115]]]
3668	[[[2188.920113333333 1101.6274788482708 923.7353537267663]]]
3669	[[[2188.7601066666666 1101.6994552758354 923.7673111950563]]]
3670	[[[2188.9200933333336 1101.806758275926 923.7912061854962]]]
3671	[[[2189.160086666667 1101.9420885660477 923.7992404132193]]]
3672	[[[2188.9200800000003 1102.0885825410894 923.7854086656693]]]
3673	[[[2189.0000733333336 1102.2232608757838 923.746296626182]]]
3674	[[[2188.920073333333 1102.322446837059 923.6813902615722]]]
3675	[[[2188.8400600000004 1102.367139011656 923.5928988494742]]]
3676	[[[2188.9200533333337 1102.3466038895378 923.485198451753]]]
3677	[[[2188.9200533333333 1102.259485485274 923.3640706358043]]]
3678	[[[2188.7600666666667 1102.1128414506047 923.2359270341259]]]
3679	[[[2188.7600666666667 1101.9201090184804 923.1071745517238]]]
3680	[[[2188.8400600000004 1101.698900157391 922.9838044636494]]]
3681	[[[2188.5200733333336 1101.4690007512174 922.8712063620914]]]
3682	[[[2188.4400600000004 1101.2504851235299 922.7741406681486]]]
3683	[[[2188.3600466666667 1101.0617917265595 922.6967693926549]]]
3684	[[[2188.44006 1100.9179101563689 922.6426495512914]]]
3685	[[[2188.20006 1100.829156556837 922.6146297149854]]]
3686	[[[2187.8800733333333 1100.8009795886364 922.6146414263791]]]
3687	[[[2187.9600733333336 1100.8347486286532 922.6434253043517]]]
3688	[[[2187.6400733333335 1100.9288484372892 922.700262481454]]]
3689	[[[2187.7200733333334 1101.0791595724534 922.7827894653292]]]
3690	[[[2187.800086666667 1101.2784420324804 922.8869606587226]]]
3691	[[[2187.560086666667 1101.5150459016877 923.007195074767]]]
3692	[[[2187.480073333333 1101.7721171954254 923.1367111004452]]]
3693	[[[2187.40006 1102.0284662067334 923.2680225244208]]]
3694	[[[2187.32006 1102.261445585341 923.3935444348855]]]
3695	[[[2187.1600533333335 1102.4510593930488 923.5062406514666]]]
3696	[[[2187.0800400000003 1102.583814935808 923.6002359766209]]]
3697	[[[2187.0800400000003 1102.6549458910947 923.671317959518]]]
3698	[[[2187.240046666667 1102.6684246169714 923.7172653414312]]]
3699	[[[2187.080033333333 1102.6351067565538 923.7379637998237]]]
3700	[[[2187.2400399999997 1102.5699054726886 923.7353010073766]]]
3701	[[[2187.0000266666666 1102.4889051961836 923.7128660473173]]]
3702	[[[2187.0000266666666 1102.4069753284275 923.6755047324192]]]
3703	[[[2186.76004 1102.336053023785 923.628795372405]]]
3704	[[[2186.60004 1102.2840575947264 923.5785063302706]]]
3705	[[[2186.4400266666667 1102.2544015883152 923.5300805808457]]]
3706	[[[2186.4400266666667 1102.2461405271445 923.488171811924]]]
3707	[[[2186.2000333333335 1102.2547937331328 923.4562415301511]]]
3708	[[[2186.040033333333 1102.273715917591 923.4362245594651]]]
3709	[[[2186.040033333333 1102.2956971510723 923.4282822453374]]]
3710	[[[2186.20004 1102.3143876458414 923.4306820733459]]]
3711	[[[2186.04004 1102.3252821664425 923.4398573915017]]]
3712	[[[2185.8800399999996 1102.3262787198555 923.4506990258059]]]
3713	[[[2185.6400333333336 1102.3180305916114 923.4571042752369]]]
3714	[[[2185.6400333333336 1102.304254362705 923.4527595100207]]]
3715	[[[2185.3200266666668 1102.2918558369618 923.4320715591185]]]
3716	[[[2185.3200266666668 1102.2904339637614 923.3911081892434]]]
3717	[[[2185.3200266666668 1102.3107295591083 923.3283781078284]]]
3718	[[[2185.5600133333337 1102.3620385284094 923.2452892663422]]]
3719	[[[2185.5600133333337 1102.4493243416434 923.1461733660417]]]
3720	[[[2185.5600133333332 1102.571293797182 923.0378447854059]]]
3721	[[[2185.5600133333332 1102.720589569007 922.9287544264765]]]
3722	[[[2185.8800199999996 1102.8863680808324 922.8278800625052]]]
3723	[[[2185.96002 1103.0582425117373 922.7435445419218]]]
3724	[[[2185.96002 1103.2296296481227 922.682360427385]]]
3725	[[[2185.720013333333 1103.3986416214182 922.6484648278474]]]
3726	[[[2185.8800133333334 1103.5659413218566 922.6431426518751]]]
3727	[[[2185.880013333334 1103.7307906475341 922.6648583173437]]]
3728	[[[2185.8000133333335 1103.887762759861 922.7096441159703]]]
3729	[[[2185.8800133333334 1104.0264046052482 922.7717425973584]]]
3730	[[[2185.8800133333334 1104.1345220885557 922.8443774790566]]]
3731	[[[2186.0400133333333 1104.2036357196987 922.9205315234602]]]
3732	[[[2186.2000199999998 1104.233791384194 922.9936332593821]]]
3733	[[[2186.2000199999998 1104.2351209642538 923.0580874427795]]]
3734	[[[2186.28002 1104.225184343776 923.1096176734749]]]
3735	[[[2186.36002 1104.2232200173567 923.1454177046013]]]
3736	[[[2186.2800199999997 1104.2438350070731 923.1641285652728]]]
3737	[[[2186.040006666667 1104.2927249037507 923.1656723895279]]]
3738	[[[2185.9600066666667 1104.3658799095053 923.150982675029]]]
3739	[[[2185.8800066666668 1104.452139137189 923.1216759869477]]]
3740	[[[2185.8000066666664 1104.537717649658 923.0797120061997]]]
3741	[[[2185.8000066666664 1104.6108929411896 923.0270863811093]]]
3742	[[[2185.9600066666667 1104.6653446750395 922.9655931025576]]]
3743	[[[2186.1200066666665 1104.701335513665 922.896680180843]]]
3744	[[[2185.8800133333334 1104.7246528227354 922.8214060499848]]]
3745	[[[2185.8800133333334 1104.7438393912587 922.7404875927682]]]
3746	[[[2185.64002 1104.7667009231652 922.6544175702744]]]
3747	[[[2185.4800133333333 1104.7973351964229 922.5636221413118]]]
3748	[[[2185.4000133333334 1104.8348307893812 922.4686286096486]]]
3749	[[[2185.320013333333 1104.8742084627354 922.3702178784628]]]
3750	[[[2185.4000266666667 1104.9092377434372 922.269542308069]]]
3751	[[[2185.3200266666668 1104.9358646007586 922.1681948836504]]]
3752	[[[2185.4000266666667 1104.9546370983207 922.0682184807041]]]
3753	[[[2185.400026666667 1104.9709665860844 921.9720454616073]]]
3754	[[[2185.6400399999998 1104.993101436208 921.8823604849443]]]
3755	[[[2185.72004 1105.0287546968327 921.8018861874021]]]
3756	[[[2185.6400399999998 1105.0818621127494 921.733103729397]]]
3757	[[[2185.56004 1105.1507491619607 921.6779367150945]]]
3758	[[[2185.40004 1105.2282789500696 921.6374434528453]]]
3759	[[[2185.5600333333336 1105.3037736395072 921.6115730390356]]]
3760	[[[2185.720033333333 1105.3659916482418 921.5990400307064]]]
3761	[[[2185.8800266666667 1105.4062787778437 921.5973580558198]]]
3762	[[[2185.720026666667 1105.4210741704248 921.603046310404]]]
3763	[[[2185.800026666667 1105.4131138493037 921.6119902275217]]]
3764	[[[2185.9600266666666 1105.390924826383 921.6199067024222]]]
3765	[[[2185.720013333333 1105.3666017222388 921.622842894437]]]
3766	[[[2185.8000133333335 1105.3523900412586 921.6176308829855]]]
3767	[[[2185.720013333333 1105.3570856238518 921.6022293424529]]]
3768	[[[2185.720013333333 1105.3834313042432 921.5759049567117]]]
3769	[[[2185.400006666667 1105.4273845489347 921.5392349628395]]]
3770	[[[2185.320006666667 1105.4794276162663 921.4939417865285]]]
3771	[[[2185.2400066666664 1105.5273079867559 921.4425960083048]]]
3772	[[[2185.240006666667 1105.5591060628306 921.3882415027941]]]
3773	[[[2185.240006666667 1105.5655619730042 921.3340048857295]]]
3774	[[[2185.2400066666664 1105.5411221881748 921.2827499194251]]]
3775	[[[2185.2400066666664 1105.4839002116762 921.2368265080349]]]
3776	[[[2185.40002 1105.3952668473694 921.1979443487713]]]
3777	[[[2185.6400333333336 1105.2797680381518 921.1671754545165]]]
3778	[[[2185.48004 1105.1454972841789 921.1450617138644]]]
3779	[[[2185.2400466666663 1105.0043006203489 921.13177929659]]]
3780	[[[2185.3200466666667 1104.870844826077 921.1272977151103]]]
3781	[[[2185.240046666667 1104.7600188444821 921.1314732020513]]]
3782	[[[2185.160053333333 1104.683208515951 921.1440357719695]]]
3783	[[[2185.08006 1104.6450043102868 921.1644637685187]]]
3784	[[[2185.0800600000002 1104.6421039950503 921.1917804328674]]]
3785	[[[2185.16006 1104.6652753543963 921.2243421535803]]]
3786	[[[2185.080066666667 1104.7037061568506 921.2597056144828]]]
3787	[[[2184.920073333333 1104.7498042160958 921.294653085744]]]
3788	[[[2184.920073333333 1104.802273915703 921.3254208655986]]]
3789	[[[2184.76008 1104.8661928950316 921.3481229600687]]]
3790	[[[2184.6000799999997 1104.9502824425615 921.3593047390918]]]
3791	[[[2184.3600666666666 1105.0627906223137 921.3565163760532]]]
3792	[[[2184.3600666666666 1105.2078195414977 921.3387775637005]]]
3793	[[[2184.44006 1105.3834658401408 921.3068202148702]]]
3794	[[[2184.7600666666667 1105.5821716837218 921.2630418069352]]]
3795	[[[2184.680066666667 1105.792719067522 921.2111668892067]]]
3796	[[[2184.7600666666667 1106.0027486669605 921.1556807414063]]]
3797	[[[2184.84006 1106.2007031621376 921.1011496868333]]]
3798	[[[2184.84006 1106.376584041864 921.0515644252761]]]
3799	[[[2185.0000533333337 1106.52159184778 921.0098315130857]]]
3800	[[[2185.0000533333327 1106.6272681289595 920.9774983161574]]]
3801	[[[2185.0000533333337 1106.6849480376704 920.9547399844465]]]
3802	[[[2185.080046666667 1106.68613343099 920.9405781763381]]]
3803	[[[2185.1600466666664 1106.6239541749985 920.9332544885214]]]
3804	[[[2185.40004 1106.495414802069 920.930656656084]]]
3805	[[[2185.6400533333335 1106.3037854275046 920.9306963003005]]]
3806	[[[2185.7200533333335 1106.0603501744101 920.9315608192597]]]
3807	[[[2185.56004 1105.7847738659607 920.9318015356015]]]
3808	[[[2185.4800466666666 1105.5035867446659 920.9302652802631]]]
3809	[[[2185.4000333333333 1105.246715460448 920.9259166756241]]]
3810	[[[2185.4000333333333 1105.042550957054 920.9176247372585]]]
3811	[[[2185.6400399999998 1104.912591494711 920.9039946850479]]]
3812	[[[2185.72004 1104.8670235262941 920.8833129900435]]]
3813	[[[2185.9600333333337 1104.902532789018 920.8536440374706]]]
3814	[[[2185.9600333333337 1105.0031309692424 920.8130773687202]]]
3815	[[[2185.8800333333334 1105.1439615307938 920.7600844169343]]]
3816	[[[2186.040026666667 1105.2971626538856 920.6939121998224]]]
3817	[[[2186.0400266666666 1105.4382155987803 920.614925780058]]]
3818	[[[2186.040026666667 1105.5510390217125 920.5248149796931]]]
3819	[[[2185.8800266666667 1105.630492129865 920.4266029986378]]]
3820	[[[2185.96002 1105.6817908905414 920.3244304474457]]]
3821	[[[2185.96002 1105.717304766703 920.2231304931607]]]
3822	[[[2186.04002 1105.7519241288771 920.1276512111303]]]
3823	[[[2186.2000133333336 1105.798440423146 920.0424126271088]]]
3824	[[[2186.0400133333333 1105.8641622197529 919.9707030990985]]]
3825	[[[2186.120013333333 1105.9494818818566 919.9142197636135]]]
3826	[[[2185.8800066666668 1106.0485268438258 919.8728401837255]]]
3827	[[[2185.8800066666668 1106.1515124853638 919.8446786908954]]]
3828	[[[2186.1200066666665 1106.248013766931 919.8264350881095]]]
3829	[[[2186.2000066666665 1106.330140459086 919.8139917375039]]]
3830	[[[2186.280006666667 1106.3946277989965 919.8031662993277]]]
3831	[[[2186.360006666667 1106.4432116129158 919.7904915798026]]]
3832	[[[2186.60002 1106.4812766144348 919.7738804095985]]]
3833	[[[2186.7600333333335 1106.515401890988 919.7530480101509]]]
3834	[[[2187.0000466666665 1106.550766456676 919.7296066321245]]]
3835	[[[2187.000046666667 1106.5892476363445 919.7068098888758]]]
3836	[[[2186.9200466666666 1106.6285500261572 919.6889936126504]]]
3837	[[[2186.8400466666667 1106.6621767969357 919.6808200053982]]]
3838	[[[2187.00006 1106.6798504232454 919.6864680734615]]]
3839	[[[2187.16006 1106.6682368918525 919.7089177911547]]]
3840	[[[2187.16006 1106.6123174499958 919.7494486283846]]]
3841	[[[2187.16006 1106.4980308746847 919.8074235022659]]]
3842	[[[2187.4000666666666 1106.3164598580604 919.8803702998853]]]
3843	[[[2187.080066666667 1106.068816739649 919.964318872579]]]
3844	[[[2187.2400733333334 1105.7703037405527 920.0543124642431]]]
3845	[[[2187.2400733333334 1105.4504429315487 920.1449940145039]]]
3846	[[[2187.1600733333335 1105.148355486098 920.2311692834099]]]
3847	[[[2187.00006 1104.9036007074683 920.3082661138906]]]
3848	[[[2186.9200466666666 1104.745523738389 920.3726367086697]]]
3849	[[[2186.7600333333335 1104.6851982710043 920.4216820721027]]]
3850	[[[2186.5200266666666 1104.7131555740234 920.4538100825531]]]
3851	[[[2186.600026666667 1104.803558336365 920.4682668854931]]]
3852	[[[2186.600026666667 1104.9227266910991 920.4649014242964]]]
3853	[[[2186.4400133333334 1105.0384521822346 920.443931230748]]]
3854	[[[2186.60002 1105.126938503184 920.4057716202291]]]
3855	[[[2186.60002 1105.1759038576947 920.3509703785708]]]
3856	[[[2186.60002 1105.184183102403 920.2802597249168]]]
3857	[[[2186.3600133333334 1105.1591730808307 920.1947040070544]]]
3858	[[[2186.3600133333334 1105.1135313571297 920.0958940853824]]]
3859	[[[2186.3600133333334 1105.0621042777516 919.9861254036522]]]
3860	[[[2186.3600133333334 1105.0195991608036 919.8685001764197]]]
3861	[[[2186.4400133333334 1104.9991792311928 919.7469134137144]]]
3862	[[[2186.600026666667 1105.0118496145662 919.6259111790533]]]
3863	[[[2186.600026666667 1105.0661745647346 919.5104384264592]]]
3864	[[[2186.680026666667 1105.167695509317 919.4055145292824]]]
3865	[[[2186.680026666667 1105.3176480754512 919.3158823639254]]]
3866	[[[2186.7600266666664 1105.5112114958904 919.2456717971612]]]
3867	[[[2186.8400266666667 1105.7362115896622 919.1981054085845]]]
3868	[[[2186.9200266666667 1105.9734285349707 919.1752602256261]]]
3869	[[[2186.8400333333334 1106.1991583240274 919.1778902995112]]]
3870	[[[2187.1600333333336 1106.3896562590671 919.2053139327198]]]
3871	[[[2187.1600333333336 1106.5261452086086 919.2553748144787]]]
3872	[[[2187.2400333333335 1106.598766143264 919.3244933236055]]]
3873	[[[2187.48004 1106.6083291654459 919.4078267259007]]]
3874	[[[2187.4000466666666 1106.5656366325272 919.4995503485575]]]
3875	[[[2187.4800466666666 1106.4889318955193 919.5932550641761]]]
3876	[[[2187.6400533333335 1106.4003159213926 919.682432829744]]]
3877	[[[2187.56004 1106.3218258089782 919.7609982004952]]]
3878	[[[2187.56004 1106.2716269400314 919.8237774453768]]]
3879	[[[2187.720046666667 1106.2607300121324 919.8668944489124]]]
3880	[[[2187.8000466666663 1106.2908051349923 919.8879966487353]]]
3881	[[[2187.8000466666663 1106.3537609892835 919.8862927179553]]]
3882	[[[2187.8000466666663 1106.4335094613755 919.8624100291792]]]
3883	[[[2187.8000466666663 1106.509711690834 919.8181149049083]]]
3884	[[[2187.720033333333 1106.56256728831 919.755962953512]]]
3885	[[[2187.5600466666665 1106.5772615577741 919.6789537826072]]]
3886	[[[2187.640046666667 1106.5467919507118 919.5902522344328]]]
3887	[[[2187.640046666667 1106.4725230318763 919.4930107043621]]]
3888	[[[2187.48004 1106.3626636048646 919.3902923987371]]]
3889	[[[2187.6400266666665 1106.2295240631988 919.2850640566531]]]
3890	[[[2187.6400266666665 1106.0866276069128 919.1802081428649]]]
3891	[[[2187.48002 1105.9465001965025 919.0785041911205]]]
3892	[[[2187.48002 1105.819461656851 918.9825463855749]]]
3893	[[[2187.80002 1105.7132728047316 918.8945934592222]]]
3894	[[[2187.720026666667 1105.6332576088544 918.8163777371941]]]
3895	[[[2187.9600266666666 1105.5825315544635 918.7489224210755]]]
3896	[[[2188.0400400000003 1105.5621032547563 918.6924227224664]]]
3897	[[[2188.36004 1105.5707384872264 918.6462352241965]]]
3898	[[[2188.4400533333333 1105.604548983787 918.6089946698104]]]
3899	[[[2188.680053333334 1105.6563671240103 918.5788463484283]]]
3900	[[[2188.60004 1105.7151672774514 918.5537548582921]]]
3901	[[[2188.60004 1105.766038280769 918.5318339820054]]]
3902	[[[2188.60004 1105.791294408328 918.5116411267246]]]
3903	[[[2188.60004 1105.7730310600002 918.4923916887677]]]
3904	[[[2188.28004 1105.6967985994322 918.4740682767418]]]
3905	[[[2188.5200400000003 1105.5553885074462 918.4574199731964]]]
3906	[[[2188.6000533333336 1105.3514297254974 918.4438620504708]]]
3907	[[[2188.5200533333336 1105.0978204728146 918.4352944093088]]]
3908	[[[2188.36006 1104.8158235311705 918.4338588148452]]]
3909	[[[2188.36006 1104.5314842606867 918.4416545213271]]]
3910	[[[2188.2000733333334 1104.2714618883765 918.46043297199]]]
3911	[[[2188.2000733333334 1104.0592638586004 918.4912967033591]]]
3912	[[[2187.960086666667 1103.9124346690553 918.534434014819]]]
3913	[[[2187.9600866666665 1103.8407952794425 918.5889255477094]]]
3914	[[[2187.8001 1103.8455802661376 918.652657345784]]]
3915	[[[2188.1201 1103.9193214892196 918.7223648202416]]]
3916	[[[2188.1201 1104.0464971408637 918.7938143001047]]]
3917	[[[2188.2001133333333 1104.2051637652792 918.8621077882594]]]
3918	[[[2188.2801266666665 1104.3698489111678 918.9220780258858]]]
3919	[[[2188.6801266666666 1104.5157521837693 918.968729955987]]]
3920	[[[2188.6001333333334 1104.623756131248 918.997683179921]]]
3921	[[[2188.6001333333334 1104.685085215574 919.0055764248331]]]
3922	[[[2188.760146666667 1104.704057658914 918.9904052040202]]]
3923	[[[2188.6801533333337 1104.6976059752806 918.9517731176475]]]
3924	[[[2188.760146666667 1104.6911646428146 918.8910426752014]]]
3925	[[[2188.8401400000002 1104.711821689494 918.8113730621918]]]
3926	[[[2188.8401400000002 1104.7807493399257 918.7176324116853]]]
3927	[[[2188.8401400000002 1104.9073500737024 918.616174383876]]]
3928	[[[2188.8401400000002 1105.0870440914289 918.5144758270859]]]
3929	[[[2188.8401400000002 1105.3033365631363 918.4206444166181]]]
3930	[[[2188.6001533333333 1105.5332347944934 918.342820530459]]]
3931	[[[2188.76016 1105.7538942418214 918.2885129501982]]]
3932	[[[2188.7601600000003 1105.948092931323 918.263920126357]]]
3933	[[[2188.76016 1106.10688921829 918.2732958828733]]]
3934	[[[2188.6801600000003 1106.2292003812893 918.3184203212651]]]
3935	[[[2188.6001666666666 1106.3193038238026 918.398234035461]]]
3936	[[[2188.6801600000003 1106.3837693196795 918.5086870948211]]]
3937	[[[2188.6801600000003 1106.428956817255 918.6428430678984]]]
3938	[[[2188.7601533333336 1106.4594122359952 918.7912610465629]]]
3939	[[[2189.0001466666668 1106.4769290195625 918.9426535400186]]]
3940	[[[2189.0001466666668 1106.4800786103906 919.0847851815664]]]
3941	[[[2189.400146666667 1106.464447079221 919.2055394255452]]]
3942	[[[2189.7201333333337 1106.4240823014027 919.2940443057522]]]
3943	[[[2189.8801200000003 1106.3543208842555 919.3417227995665]]]
3944	[[[2190.2001066666667 1106.2553062838563 919.3431272637454]]]
3945	[[[2190.520093333333 1106.1346978589181 919.2964365034037]]]
3946	[[[2190.600086666667 1106.0079520380868 919.2035383153934]]]
3947	[[[2190.600086666667 1105.8953801410862 919.0696831332483]]]
3948	[[[2190.68008 1105.816604165407 918.9027634885824]]]
3949	[[[2190.6800799999996 1105.7843017779771 918.7123347078527]]]
3950	[[[2190.9200666666666 1105.7995764324507 918.5085313765203]]]
3951	[[[2191.0800600000002 1105.8506903805471 918.3010434550524]]]
3952	[[[2191.1600533333335 1105.9155988820485 918.0982944127018]]]
3953	[[[2191.2400466666663 1105.9673822354387 917.9069172531441]]]
3954	[[[2191.0000533333337 1105.9808600520792 917.731563829494]]]
3955	[[[2191.240046666667 1105.9385783210973 917.5750214622902]]]
3956	[[[2191.240046666667 1105.834786617778 917.4385606358545]]]
3957	[[[2191.32006 1105.6766352991433 917.3224070568186]]]
3958	[[[2191.32006 1105.4824208343582 917.2262244312725]]]
3959	[[[2191.2400599999996 1105.2772917248174 917.1495097934177]]]
3960	[[[2191.08006 1105.0874300364912 917.0918357129422]]]
3961	[[[2191.000066666667 1104.9342103485722 917.052915044007]]]
3962	[[[2191.1600533333335 1104.8299198324537 917.0325049249246]]]
3963	[[[2191.240046666667 1104.7761027853749 917.0301993337021]]]
3964	[[[2191.240046666667 1104.7646192359098 917.0451781043716]]]
3965	[[[2191.1600466666664 1104.7805644373902 917.0759829663275]]]
3966	[[[2191.080046666667 1104.8057901296831 917.1203796052454]]]
3967	[[[2191.3200399999996 1104.8220569940925 917.1753434861525]]]
3968	[[[2191.48004 1104.81352804727 917.2371820511638]]]
3969	[[[2191.5600333333336 1104.768855981755 917.301782367727]]]
3970	[[[2191.4800333333333 1104.6831538037359 917.3649551533014]]]
3971	[[[2191.4800333333333 1104.559693782027 917.4228348638826]]]
3972	[[[2191.40002 1104.4106236292546 917.472290630384]]]
3973	[[[2191.6400333333336 1104.2557685113327 917.5113023621392]]]
3974	[[[2191.9600333333337 1104.1189538335645 917.5392581871644]]]
3975	[[[2192.040033333333 1104.0221545288694 917.5571322851788]]]
3976	[[[2192.36004 1103.9787840895735 917.5675063925033]]]
3977	[[[2192.5200400000003 1103.9881120829025 917.5744058249237]]]
3978	[[[2192.8400466666667 1104.0328015783214 917.5829348218504]]]
3979	[[[2193.3200466666667 1104.0808317768651 917.598718999745]]]
3980	[[[2193.400046666667 1104.0918491311077 917.6271950425142]]]
3981	[[[2193.5600466666665 1104.0266577970988 917.672825803328]]]
3982	[[[2193.4800466666666 1103.8574946179826 917.7383545667623]]]
3983	[[[2193.400046666667 1103.576231275484 917.8242338763507]]]
3984	[[[2193.64006 1103.1979289519247 917.9283605502832]]]
3985	[[[2193.8000733333333 1102.7583457454714 918.0462120545262]]]
3986	[[[2193.8000733333333 1102.3058919287696 918.1714113448385]]]
3987	[[[2194.040073333333 1101.8905350755194 918.2966588948708]]]
3988	[[[2193.96006 1101.5533498781497 918.4148819144326]]]
3989	[[[2193.8000733333333 1101.320037923977 918.5203856175709]]]
3990	[[[2193.8800733333333 1101.1998365746877 918.6097705713929]]]
3991	[[[2193.72006 1101.188770238745 918.6824143941739]]]
3992	[[[2193.64006 1101.2745681137521 918.7404018505014]]]
3993	[[[2193.560066666667 1101.440655162066 918.7879068240728]]]
3994	[[[2193.4800666666665 1101.6681446692046 918.8301547643827]]]
3995	[[[2193.5600666666664 1101.936523231346 918.8721942917279]]]
3996	[[[2193.5600666666664 1102.224514046189 918.9177564039132]]]
3997	[[[2193.5600666666664 1102.5120765064596 918.9684658381676]]]
3998	[[[2193.8000733333333 1102.783280319186 919.0235935458041]]]
3999	[[[2194.0400600000003 1103.0288762380512 919.0804184970584]]]
4000	[[[2194.04006 1103.2473503194144 919.1351282229703]]]
4001	[[[2194.120053333333 1103.443946901411 919.1840618572401]]]
4002	[[[2193.8800533333333 1103.6280041843718 919.2250153264046]]]
4003	[[[2193.960066666667 1103.8094816684318 919.258305016117]]]
4004	[[[2194.0400600000003 1103.9956470828627 919.2873296890925]]]
4005	[[[2194.0400600000003 1104.1886775877726 919.3184719672641]]]
4006	[[[2194.12006 1104.3846044327363 919.3603187421331]]]
4007	[[[2194.2800733333333 1104.5737056991968 919.4223245681651]]]
4008	[[[2194.20006 1104.7421879102246 919.5131618035213]]]
4009	[[[2194.20006 1104.874829411339 919.6390697580024]]]
4010	[[[2194.5200600000003 1104.958170296941 919.8025176241982]]]
4011	[[[2194.6000733333335 1104.983745885261 920.001432713977]]]
4012	[[[2194.84008 1104.950715294239 920.2291316425354]]]
4013	[[[2194.7600866666667 1104.86711540314 920.4749539685057]]]
4014	[[[2194.760086666667 1104.7490907114527 920.725466497289]]]
4015	[[[2194.7600866666667 1104.6179754043087 920.9660101292485]]]
4016	[[[2194.6800933333334 1104.4959213136342 921.1823182272832]]]
4017	[[[2194.7601066666666 1104.4014560749777 921.3619507020308]]]
4018	[[[2195.0000933333336 1104.346453018692 921.4953521020535]]]
4019	[[[2194.9201000000003 1104.3353444694114 921.576435173794]]]
4020	[[[2195.0001133333335 1104.3663401253318 921.6026893399766]]]
4021	[[[2195.2401133333337 1104.4335458425373 921.5748942073893]]]
4022	[[[2195.3201066666666 1104.52872185794 921.4965669231877]]]
4023	[[[2195.5601066666663 1104.6420210436813 921.3732844385985]]]
4024	[[[2195.560106666667 1104.7619713065594 921.2120025952441]]]
4025	[[[2195.32012 1104.875590982222 921.0204550487427]]]
4026	[[[2195.32012 1104.9694537767323 920.8066702613736]]]
4027	[[[2195.32012 1105.0318212951145 920.5786062024121]]]
4028	[[[2195.32012 1105.0551156148765 920.3438775873918]]]
4029	[[[2195.4001200000002 1105.0375842206847 920.1095417621826]]]
4030	[[[2195.4801133333335 1104.9833119143086 919.8819144922095]]]
4031	[[[2195.6400999999996 1104.900585068075 919.6664009846287]]]
4032	[[[2195.9600866666665 1104.7994718045338 919.4673445817097]]]
4033	[[[2195.8800866666666 1104.6897906257038 919.2879103533483]]]
4034	[[[2195.96008 1104.5802073663265 919.1300292103621]]]
4035	[[[2196.120066666667 1104.4783439377206 918.9944277081032]]]
4036	[[[2196.120066666667 1104.3911159288018 918.880758794684]]]
4037	[[[2196.36006 1104.3245054379447 918.7878308461591]]]
4038	[[[2196.36006 1104.2825886636067 918.7139101363987]]]
4039	[[[2196.2800666666667 1104.2663688401947 918.6570510765567]]]
4040	[[[2196.36006 1104.2732307570125 918.615395639241]]]
4041	[[[2196.4400533333333 1104.2974351996352 918.5873838126159]]]
4042	[[[2196.76006 1104.3313523139984 918.5718329464863]]]
4043	[[[2196.8400533333333 1104.3666890472196 918.56787296042]]]
4044	[[[2196.7600533333334 1104.3951570318034 918.574759379892]]]
4045	[[[2196.7600533333334 1104.4086807945769 918.5916170471168]]]
4046	[[[2197.08006 1104.3998021229118 918.6171846199942]]]
4047	[[[2196.840066666666 1104.3629054119044 918.6496281167457]]]
4048	[[[2196.8400666666666 1104.2962447574052 918.6864714849835]]]
4049	[[[2196.92006 1104.2039479768473 918.7246603122793]]]
4050	[[[2197.00006 1104.0967826447304 918.7607418839729]]]
4051	[[[2197.08006 1103.9907780730998 918.7911211516215]]]
4052	[[[2197.1600733333335 1103.903634774098 918.8123440914438]]]
4053	[[[2197.1600733333335 1103.8497737940472 918.8213674753832]]]
4054	[[[2197.2400666666663 1103.8354830813098 918.8157913939689]]]
4055	[[[2197.2400666666667 1103.8557457623301 918.7940488221285]]]
4056	[[[2197.4800600000003 1103.8940205528486 918.7555565851993]]]
4057	[[[2197.240046666667 1103.9255643600927 918.7008299527889]]]
4058	[[[2197.560053333333 1103.9238999862175 918.631550521667]]]
4059	[[[2197.480053333333 1103.8688833311896 918.5505612438533]]]
4060	[[[2197.5600466666665 1103.7538809462005 918.4617531495013]]]
4061	[[[2197.480053333333 1103.5893649526688 918.3698137016531]]]
4062	[[[2197.480053333333 1103.4011595233967 918.2798297611535]]]
4063	[[[2197.480053333333 1103.2234975418305 918.1967747029648]]]
4064	[[[2197.480053333333 1103.0891878247346 918.1249488681883]]]
4065	[[[2197.4000533333333 1103.020467715177 918.0674717615283]]]
4066	[[[2197.5600666666664 1103.023784781569 918.0259312975231]]]
4067	[[[2197.5600666666664 1103.0899444817442 918.0002740335682]]]
4068	[[[2197.5600666666664 1103.1987527045894 917.9889733553259]]]
4069	[[[2197.5600666666664 1103.325694584755 917.989451042819]]]
4070	[[[2197.6400599999997 1103.448023470862 917.9986679850218]]]
4071	[[[2197.4800600000003 1103.5486770830419 918.013758993735]]]
4072	[[[2197.720073333333 1103.6178262382068 918.0325769651263]]]
4073	[[[2197.48006 1103.6527385348766 918.0540367005901]]]
4074	[[[2197.400066666667 1103.6567132288628 918.0782021585615]]]
4075	[[[2197.5600666666664 1103.6374486584948 918.1061279592919]]]
4076	[[[2197.3200533333334 1103.6049005936518 918.1395275043733]]]
4077	[[[2197.4000466666666 1103.568782256045 918.1803782475176]]]
4078	[[[2197.64006 1103.5362045383247 918.2305782213976]]]
4079	[[[2197.8800733333333 1103.5101731414832 918.2917358852305]]]
4080	[[[2197.80008 1103.489475861733 918.365117690841]]]
4081	[[[2197.640066666667 1103.4699605477335 918.4517129061215]]]
4082	[[[2197.480053333333 1103.4466309790803 918.5523247923107]]]
4083	[[[2197.5600533333336 1103.4156951311259 918.6675793414084]]]
4084	[[[2197.5600533333336 1103.3758147191663 918.7977660377002]]]
4085	[[[2197.48006 1103.328221489406 918.9424850508767]]]
4086	[[[2197.4800600000003 1103.275857348591 919.1001547939792]]]
4087	[[[2197.240046666667 1103.222051505306 919.2675077296826]]]
4088	[[[2197.240046666667 1103.169351558521 919.4392450907038]]]
4089	[[[2197.32004 1103.1189620482812 919.608015117254]]]
4090	[[[2197.2400399999997 1103.070888588939 919.7648210525405]]]
4091	[[[2197.32004 1103.0244946946834 919.8998672261813]]]
4092	[[[2197.80004 1102.9789580323843 920.0037397908449]]]
4093	[[[2197.4800333333333 1102.933225264567 920.0687241053588]]]
4094	[[[2197.2400199999997 1102.8854988079006 920.0900103092468]]]
4095	[[[2197.2400199999997 1102.8327956137591 920.0665469621987]]]
4096	[[[2197.1600200000003 1102.7713155722115 920.0013679359223]]]
4097	[[[2197.0000266666666 1102.6979902242322 919.9013228741343]]]
4098	[[[2197.000026666667 1102.61277094276 919.7762595942554]]]
4099	[[[2197.0000266666666 1102.5204668087215 919.6378093106765]]]
4100	[[[2197.1600200000003 1102.43084634609 919.4979902417837]]]
4101	[[[2197.080026666667 1102.3564970228465 919.3678611165819]]]
4102	[[[2197.2400266666664 1102.3091959433712 919.2564251458426]]]
4103	[[[2197.4800400000004 1102.296464813262 919.1699195016637]]]
4104	[[[2197.400046666667 1102.3198822823645 919.1115435524667]]]
4105	[[[2197.2400533333334 1102.3755994606688 919.0816000482364]]]
4106	[[[2197.3200533333334 1102.4560893755522 919.0779624280432]]]
4107	[[[2196.9200533333333 1102.55146052303 919.0967471957456]]]
4108	[[[2197.320053333334 1102.6492279913182 919.1330643253309]]]
4109	[[[2197.3200533333334 1102.7329370543976 919.1817360164231]]]
4110	[[[2197.4000466666666 1102.781454774994 919.2379058330677]]]
4111	[[[2197.64006 1102.771035617966 919.2974960864702]]]
4112	[[[2197.6400599999997 1102.6810370667147 919.3575024852163]]]
4113	[[[2197.5600600000002 1102.5019573963643 919.416136181546]]]
4114	[[[2197.5600600000002 1102.2424916140562 919.4728331207398]]]
4115	[[[2197.48006 1101.93175716578 919.528151397871]]]
4116	[[[2197.48006 1101.6142727050035 919.5835736550208]]]
4117	[[[2197.40006 1101.3382273269672 919.6412282735346]]]
4118	[[[2197.240046666667 1101.1407543209098 919.703543840422]]]
4119	[[[2197.240046666667 1101.0357700820753 919.7728574882077]]]
4120	[[[2197.7200399999997 1101.009420929896 919.8510081841486]]]
4121	[[[2197.6400399999998 1101.0253495057489 919.9389578226602]]]
4122	[[[2197.8800466666667 1101.0380273730245 920.0364918081235]]]
4123	[[[2197.6400399999998 1101.0090698462016 920.1420523174437]]]
4124	[[[2197.72004 1100.9202552745503 920.2527482380948]]]
4125	[[[2197.72004 1100.7784297729431 920.3645646979375]]]
4126	[[[2197.5600266666665 1100.6108951000053 920.4727640255386]]]
4127	[[[2197.64002 1100.4537088578381 920.5724341432266]]]
4128	[[[2197.64002 1100.3379161071414 920.6591076610707]]]
4129	[[[2197.72002 1100.2790611862938 920.7293539482074]]]
4130	[[[2198.040026666667 1100.273440996525 920.7812440363837]]]
4131	[[[2198.2000199999998 1100.30148254671 920.8146068889363]]]
4132	[[[2198.4400266666667 1100.3358289004393 920.8310322344577]]]
4133	[[[2198.4400266666667 1100.3503826393924 920.8336216034298]]]
4134	[[[2198.7600333333335 1100.32702859887 920.8265345245585]]]
4135	[[[2198.8400333333334 1100.258465627619 920.8144109111995]]]
4136	[[[2198.8400333333334 1100.1474558772954 920.801767214822]]]
4137	[[[2198.9200266666667 1100.0039432868764 920.7924619088681]]]
4138	[[[2199.0000266666666 1099.8416128206973 920.7893087322365]]]
4139	[[[2199.0000266666666 1099.6748953101448 920.7938893751933]]]
4140	[[[2199.320033333334 1099.5167457046653 920.8065858558025]]]
4141	[[[2199.320033333333 1099.3771147689474 920.8268196283016]]]
4142	[[[2199.720033333333 1099.2619184691448 920.8534509546648]]]
4143	[[[2200.0400400000003 1099.172325676794 920.8852603712238]]]
4144	[[[2200.1200400000002 1099.1042590562874 920.9214090940395]]]
4145	[[[2200.040046666667 1099.0482143989575 920.9617650512669]]]
4146	[[[2200.20006 1098.9898834108626 921.0069949742301]]]
4147	[[[2199.9600533333337 1098.9123765308602 921.0583661037153]]]
4148	[[[2200.2800533333334 1098.8006297902064 921.1172706231814]]]
4149	[[[2200.1200400000002 1098.6475575133438 921.184567982135]]]
4150	[[[2199.8800533333333 1098.4599897947253 921.2599117052068]]]
4151	[[[2200.2800533333334 1098.2613441482918 921.3412622904608]]]
4152	[[[2200.2800533333334 1098.088350412857 921.4247672420489]]]
4153	[[[2200.3600666666666 1097.9813057809495 921.5051094105544]]]
4154	[[[2200.440066666667 1097.9704671337297 921.5763016075276]]]
4155	[[[2200.8400666666666 1098.0636517022374 921.6327720897815]]]
4156	[[[2201.0800733333335 1098.2404105560217 921.6704830077095]]]
4157	[[[2201.2400733333334 1098.45585764941 921.6877878550482]]]
4158	[[[2201.3200666666667 1098.6533690466729 921.6857817759043]]]
4159	[[[2201.40008 1098.7817316767253 921.6680222416888]]]
4160	[[[2201.40008 1098.8105577540312 921.6396646154839]]]
4161	[[[2201.4800733333336 1098.7385584886922 921.606219897648]]]
4162	[[[2201.640086666667 1098.592113622347 921.5722525285119]]]
4163	[[[2201.640086666667 1098.4152341365707 921.540361218144]]]
4164	[[[2201.8001 1098.2550461519138 921.5107171021737]]]
4165	[[[2201.8001 1098.1481896491448 921.4812900967632]]]
4166	[[[2201.9601133333335 1098.1125895331086 921.4487161480433]]]
4167	[[[2201.800126666667 1098.1463998615357 921.4095936873047]]]
4168	[[[2201.9601133333335 1098.232836471804 921.3618897953241]]]
4169	[[[2202.2001133333333 1098.3476268896331 921.3061107742059]]]
4170	[[[2201.8001133333332 1098.46581540421 921.2459504843154]]]
4171	[[[2201.9601066666664 1098.566321830496 921.1882538083006]]]
4172	[[[2201.6401200000005 1098.6345802225376 921.1422883487859]]]
4173	[[[2201.4801333333335 1098.6643521805752 921.1184668386818]]]
4174	[[[2201.480133333333 1098.6590412766336 921.126772806691]]]
4175	[[[2201.8801333333336 1098.6314920959146 921.1751919693585]]]
4176	[[[2202.2001400000004 1098.6008302160128 921.2684359523452]]]
4177	[[[2202.6001400000005 1098.5861273115777 921.4071721087395]]]
4178	[[[2202.4401533333335 1098.5988604078232 921.5878632989761]]]
4179	[[[2202.4401533333335 1098.6376384589046 921.8032004781193]]]
4180	[[[2202.520146666667 1098.6881938632998 922.0430052074074]]]
4181	[[[2202.120146666667 1098.7292342307796 922.2954102040153]]]
4182	[[[2202.1201466666666 1098.7417905712803 922.5481057290585]]]
4183	[[[2201.9601600000005 1098.7178872115585 922.7894677629739]]]
4184	[[[2201.800173333334 1098.6646311787893 923.009448080823]]]
4185	[[[2201.72018 1098.6018995500126 923.2001850174541]]]
4186	[[[2201.560186666667 1098.5545836672156 923.3563623858983]]]
4187	[[[2201.560186666667 1098.542610541388 923.4753825903508]]]
4188	[[[2201.560186666667 1098.5728935388395 923.5574193420434]]]
4189	[[[2201.6401800000003 1098.6366936480042 923.6053806702906]]]
4190	[[[2201.400166666667 1098.7138048683103 923.6247619958867]]]
4191	[[[2201.0001666666667 1098.7821632444427 923.6233264215507]]]
4192	[[[2200.8401533333335 1098.8289677221755 923.6105374916815]]]
4193	[[[2201.0001399999996 1098.858361786761 923.5967003624145]]]
4194	[[[2201.0001399999996 1098.8918835570596 923.5918369954378]]]
4195	[[[2201.1601333333333 1098.9609715781726 923.6044108551067]]]
4196	[[[2201.2401266666666 1099.094451753317 923.6400982346336]]]
4197	[[[2201.32012 1099.3062995384169 923.7008476786641]]]
4198	[[[2201.5601066666663 1099.5888107213507 923.7844556301374]]]
4199	[[[2201.560106666667 1099.9137159494228 923.8848105623114]]]
4200	[[[2201.720093333334 1100.240161967722 923.9928323771816]]]
4201	[[[2201.9600866666665 1100.5257623236287 924.0979865466817]]]
4202	[[[2202.120073333333 1100.7363579057223 924.190118945312]]]
4203	[[[2202.0400600000003 1100.8516753271845 924.2612717633446]]]
4204	[[[2202.0400600000003 1100.866538528998 924.3071271042271]]]
4205	[[[2201.9600666666665 1100.7891743623197 924.3277898009297]]]
4206	[[[2201.9600666666665 1100.6385579945872 924.3277523471129]]]
4207	[[[2202.12008 1100.4418119460536 924.315053541765]]]
4208	[[[2201.9600933333336 1100.2313536752727 924.2998094078365]]]
4209	[[[2201.9600933333336 1100.040850054711 924.2924207639853]]]
4210	[[[2201.8001 1099.899581074237 924.3018169425403]]]
4211	[[[2202.120106666667 1099.826176406022 924.3340677480156]]]
4212	[[[2202.440113333333 1099.8239009302515 924.391595098286]]]
4213	[[[2202.3601133333336 1099.879793936753 924.4730697362878]]]
4214	[[[2202.3601133333336 1099.9687238413337 924.5739256043834]]]
4215	[[[2202.2801200000004 1100.061371882339 924.6873034809222]]]
4216	[[[2201.8801200000003 1100.1333859196864 924.8051739163842]]]
4217	[[[2202.1201333333333 1100.1723862587587 924.9193967427994]]]
4218	[[[2202.3601333333336 1100.18041088021 925.0225399662764]]]
4219	[[[2202.6001266666667 1100.171240866236 925.1083788506727]]]
4220	[[[2202.5201333333334 1100.1639412452162 925.1720943014249]]]
4221	[[[2202.44012 1100.1751202175476 925.2102601620301]]]
4222	[[[2202.2001066666667 1100.212550946946 925.2207359501136]]]
4223	[[[2202.440093333333 1100.2720741144085 925.2025649136626]]]
4224	[[[2202.440093333333 1100.338501021348 925.1559308913335]]]
4225	[[[2202.2800866666666 1100.3899730750381 925.0821725244588]]]
4226	[[[2201.8800866666666 1100.4042225495189 924.9838104316824]]]
4227	[[[2201.56008 1100.36465379682 924.8645251363924]]]
4228	[[[2201.32008 1100.2642831436317 924.7290332931543]]]
4229	[[[2201.2400666666667 1100.1063821002028 924.582839819716]]]
4230	[[[2201.0800600000002 1099.9019864684844 924.431880997472]]]
4231	[[[2201.00006 1099.665794836418 924.2821051934592]]]
4232	[[[2200.5200466666665 1099.412711064945 924.1390543626488]]]
4233	[[[2200.2000466666664 1099.15683792492 924.0075079126]]]
4234	[[[2200.1200466666664 1098.9131212038058 923.8912337915464]]]
4235	[[[2200.040033333333 1098.6998780715196 923.7928666107122]]]
4236	[[[2199.9600333333337 1098.539386838809 923.7139071943233]]]
4237	[[[2199.7200333333335 1098.4544915815823 923.6548188588372]]]
4238	[[[2199.320033333333 1098.4615986144597 923.6151868260503]]]
4239	[[[2199.4000266666667 1098.563129062324 923.5939089455569]]]
4240	[[[2199.5600333333336 1098.7436622549458 923.5893956867855]]]
4241	[[[2199.640026666667 1098.972677165654 923.5997703106353]]]
4242	[[[2199.40002 1099.2135320510015 923.6230706254584]]]
4243	[[[2199.4800333333333 1099.434940224299 923.657457078583]]]
4244	[[[2199.4800333333333 1099.619681618635 923.7014259783065]]]
4245	[[[2199.4000333333333 1099.766565279093 923.7540127933586]]]
4246	[[[2199.4800333333333 1099.8850711283467 923.8149536788155]]]
4247	[[[2199.320033333333 1099.98581088812 923.8847607924755]]]
4248	[[[2199.4800466666666 1100.0719779042802 923.9646656400247]]]
4249	[[[2199.080046666667 1100.1362525872246 924.0563988910473]]]
4250	[[[2199.400046666667 1100.1646116440745 924.161804313166]]]
4251	[[[2199.8000466666667 1100.144795306341 924.2823228139349]]]
4252	[[[2199.720046666667 1100.0747885000362 924.4184201782754]]]
4253	[[[2199.720046666667 1099.9667994618358 924.5690579302977]]]
4254	[[[2199.56004 1099.8446953712782 924.7313122301229]]]
4255	[[[2199.4000333333333 1099.7362246325147 924.9002276221163]]]
4256	[[[2199.240026666667 1099.6637570927314 925.0689542511013]]]
4257	[[[2199.40004 1099.6375265125855 925.2291680865546]]]
4258	[[[2199.4800333333333 1099.6536040019428 925.3717258118663]]]
4259	[[[2199.4800333333333 1099.696325614048 925.487470359903]]]
4260	[[[2199.72004 1099.743144228376 925.5680861171581]]]
4261	[[[2199.64004 1099.7696766199635 925.6069049003122]]]
4262	[[[2199.960046666667 1099.7537735393128 925.5995797908467]]]
4263	[[[2199.8000333333334 1099.678714402311 925.5445659732385]]]
4264	[[[2200.120033333333 1099.5361357424879 925.4433689599015]]]
4265	[[[2200.040033333333 1099.3287796949473 925.3005378321537]]]
4266	[[[2199.720033333333 1099.0721524050605 925.1233956900978]]]
4267	[[[2199.8000333333334 1098.793628086771 924.921515555537]]]
4268	[[[2200.120033333333 1098.5280310053138 924.705971400712]]]
4269	[[[2200.040033333333 1098.3101591007971 924.4884213303804]]]
4270	[[[2200.2800333333334 1098.166312937189 924.2801090423183]]]
4271	[[[2200.2800333333334 1098.1077283620277 924.0908926721777]]]
4272	[[[2200.1200200000003 1098.1283456791514 923.9284185216316]]]
4273	[[[2200.2000133333336 1098.2077515237468 923.7975455280912]]]
4274	[[[2200.0400133333333 1098.3181553472134 923.7000947400292]]]
4275	[[[2200.1200066666665 1098.4328117408347 923.6349523568853]]]
4276	[[[2200.4400066666662 1098.5329533711383 923.5985046436361]]]
4277	[[[2200.2799999999997 1098.6110880493673 923.5853382564029]]]
4278	[[[2200.8400133333334 1098.6700043409016 923.5891076872]]]
4279	[[[2200.680026666667 1098.7184019475271 923.6034560311117]]]
4280	[[[2200.92004 1098.7651706216411 923.622875628645]]]
4281	[[[2201.24004 1098.8146607846438 923.6434084976157]]]
4282	[[[2201.400046666667 1098.8647583126951 923.663109319522]]]
4283	[[[2201.2400599999996 1098.9083938840313 923.6822229345139]]]
4284	[[[2201.4800666666665 1098.9377046053205 923.7030611887758]]]
4285	[[[2201.640066666667 1098.9489534886354 923.7295979945299]]]
4286	[[[2201.8000733333333 1098.9459497294254 923.7668336573525]]]
4287	[[[2201.9600866666665 1098.9402737678831 923.8200065840715]]]
4288	[[[2201.8001 1098.947904672358 923.8937492109686]]]
4289	[[[2202.2801000000004 1098.9833798903867 923.9912929445671]]]
4290	[[[2202.2001066666667 1099.0537692418764 924.1138228132968]]]
4291	[[[2202.04012 1099.1549955705566 924.260066341299]]]
4292	[[[2202.1201333333333 1099.2721802559327 924.4261739381822]]]
4293	[[[2201.96012 1099.384001237915 924.605912045658]]]
4294	[[[2201.9601200000006 1099.4692528282721 924.7911490189114]]]
4295	[[[2201.56012 1099.5128059495476 924.9725726289529]]]
4296	[[[2201.48012 1099.5085947000136 925.1405441069892]]]
4297	[[[2201.48012 1099.458955184945 925.2859741746726]]]
4298	[[[2201.720106666667 1099.3716633959248 925.4011071412889]]]
4299	[[[2201.7201066666667 1099.257109945874 925.4801213539969]]]
4300	[[[2201.6401066666667 1099.1274799630771 925.5194937555742]]]
4301	[[[2201.5601133333334 1098.9979321274247 925.5181233000932]]]
4302	[[[2201.6401066666667 1098.8878773652073 925.4772499212853]]]
4303	[[[2201.6401066666667 1098.8199085855424 925.4002313613972]]]
4304	[[[2201.6401066666667 1098.8151998736437 925.2922435893666]]]
4305	[[[2201.5601133333334 1098.8864927049108 925.1599536321681]]]
4306	[[[2201.7201 1099.0316183083548 925.0111853560658]]]
4307	[[[2201.8000933333333 1099.230705210324 924.8545715874112]]]
4308	[[[2201.5601066666663 1099.4487308021041 924.6991710967233]]]
4309	[[[2201.5601066666663 1099.642871318704 924.554031814056]]]
4310	[[[2201.6401 1099.7724079148313 924.4277000476355]]]
4311	[[[2201.4001 1099.8083973670853 924.3277010474882]]]
4312	[[[2201.5600933333335 1099.740737797982 924.2600382009599]]]
4313	[[[2201.3201066666666 1099.5810834688739 924.2287678614913]]]
4314	[[[2201.4801 1099.3609123300757 924.2357011691715]]]
4315	[[[2201.3201066666666 1099.124944725749 924.2802662571158]]]
4316	[[[2201.3201066666666 1098.9211818485228 924.359541147266]]]
4317	[[[2201.6401133333334 1098.789929344223 924.4684472268532]]]
4318	[[[2202.120106666667 1098.7548015594946 924.6000805063981]]]
4319	[[[2201.8801200000003 1098.8183627499866 924.7461534801997]]]
4320	[[[2202.2801200000004 1098.9636623850313 924.8975210371526]]]
4321	[[[2202.200126666667 1099.1609307232409 925.0447646254553]]]
4322	[[[2202.1201333333333 1099.3769201623254 925.1788061177658]]]
4323	[[[2202.200126666667 1099.5835415330503 925.2915160796446]]]
4324	[[[2202.2801200000004 1099.7628917656123 925.376273309677]]]
4325	[[[2202.2801200000004 1099.907325903202 925.4284283435103]]]
4326	[[[2202.3601333333336 1100.0152806295757 925.4456272555695]]]
4327	[[[2202.20014 1100.0852845216639 925.4279649216869]]]
4328	[[[2202.280133333333 1100.1112715314832 925.3779565609784]]]
4329	[[[2202.0401466666667 1100.081646972175 925.3003375092458]]]
4330	[[[2202.3601533333335 1099.9828197208144 925.2017175961305]]]
4331	[[[2202.3601533333335 1099.8058706853187 925.0901238022944]]]
4332	[[[2202.0401466666667 1099.553566901787 924.9744624675651]]]
4333	[[[2201.6401466666666 1099.2446608566243 924.8639239219183]]]
4334	[[[2201.72014 1098.9133982274395 924.7673447070674]]]
4335	[[[2201.800133333333 1098.6039276588847 924.6925424434102]]]
4336	[[[2202.2001333333333 1098.3611196754962 924.6456497988717]]]
4337	[[[2202.2801266666665 1098.2204787674616 924.6304955605833]]]
4338	[[[2202.2001333333333 1098.200020053141 924.648105415491]]]
4339	[[[2202.2801266666665 1098.2962427904076 924.6964118229122]]]
4340	[[[2202.36012 1098.4850496893484 924.7702603717189]]]
4341	[[[2202.440113333333 1098.7271250821393 924.8617726373196]]]
4342	[[[2202.840113333333 1098.9762795314375 924.9610738443749]]]
4343	[[[2202.840113333333 1099.188752003881 925.0573272560808]]]
4344	[[[2203.0000999999997 1099.3313983194068 925.139952263478]]]
4345	[[[2202.9200866666665 1099.3869955724088 925.1998574778246]]]
4346	[[[2202.9200866666665 1099.3555267826816 925.2305074995014]]]
4347	[[[2203.00008 1099.251287524018 925.2286673337991]]]
4348	[[[2203.00008 1099.0968612370978 925.1947256931567]]]
4349	[[[2203.40008 1098.9160625459797 925.1325726236402]]]
4350	[[[2202.9200866666665 1098.7282967865951 925.0490788315415]]]
4351	[[[2202.5200866666664 1098.5460725891692 924.9532767878003]]]
4352	[[[2202.6800799999996 1098.3758553270036 924.8553677911586]]]
4353	[[[2202.6800799999996 1098.2208863062217 924.7656753480901]]]
4354	[[[2202.600086666667 1098.0839480115642 924.693642788267]]]
4355	[[[2202.4401 1097.9686763544605 924.6469454015652]]]
4356	[[[2202.4401 1097.8793513548674 924.6307663660706]]]
4357	[[[2202.0401 1097.8200831134811 924.6472769375937]]]
4358	[[[2202.0401 1097.7942457196336 924.6953624846002]]]
4359	[[[2201.880113333333 1097.804132997471 924.7706384625199]]]
4360	[[[2201.5601266666663 1097.850082376578 924.8657937925108]]]
4361	[[[2201.5601266666663 1097.9285723983987 924.9712756426155]]]
4362	[[[2201.4801333333335 1098.0299738366712 925.0762880223439]]]
4363	[[[2201.480133333333 1098.1377413261055 925.170023069037]]]
4364	[[[2201.4001399999997 1098.2307743313168 925.2429903670253]]]
4365	[[[2201.80014 1098.2891759324152 925.2882702174091]]]
4366	[[[2202.120146666667 1098.301531232161 925.3025036356403]]]
4367	[[[2202.0401466666667 1098.2704826933011 925.2864518570822]]]
4368	[[[2202.2001333333333 1098.213722318438 925.2450110611957]]]
4369	[[[2202.2801266666665 1098.1594155475325 925.1866465916725]]]
4370	[[[2202.5201133333335 1098.1374764724937 925.1223022590301]]]
4371	[[[2202.4401199999998 1098.1697935050827 925.0639282994256]]]
4372	[[[2202.6001133333334 1098.2627480289664 925.0228398926624]]]
4373	[[[2202.760106666667 1098.4042670039223 925.0081531797304]]]
4374	[[[2202.760106666667 1098.5658902782736 925.0255392292506]]]
4375	[[[2202.8401 1098.7087535524463 925.0764875471383]]]
4376	[[[2202.9200933333336 1098.7915762804216 925.1581868947916]]]
4377	[[[2202.9200933333336 1098.778816568719 925.2640272041969]]]
4378	[[[2202.9200933333336 1098.6477616354675 925.3846219455778]]]
4379	[[[2202.520093333333 1098.3938786361653 925.509165935652]]]
4380	[[[2202.1200933333334 1098.0338292379727 925.626895961096]]]
4381	[[[2201.8800800000004 1097.6052212126815 925.7284195131236]]]
4382	[[[2201.720093333333 1097.1620118242497 925.8067189813809]]]
4383	[[[2201.880093333333 1096.765166934127 925.8577135703786]]]
4384	[[[2201.720106666667 1096.469873565222 925.8803508108825]]]
4385	[[[2201.48012 1096.3126047301678 925.8762835957804]]]
4386	[[[2201.7201066666667 1096.3023863038682 925.8492501189703]]]
4387	[[[2201.7201066666667 1096.419722626645 925.8043031953706]]]
4388	[[[2201.48012 1096.6238626651668 925.7470315200861]]]
4389	[[[2201.48012 1096.8656978299987 925.682885851105]]]
4390	[[[2201.400126666667 1097.1013519495664 925.6166799814783]]]
4391	[[[2201.48012 1097.3016349668185 925.5522922934184]]]
4392	[[[2201.48012 1097.4548191048627 925.4925580452096]]]
4393	[[[2201.400126666667 1097.5632878996382 925.4393196121509]]]
4394	[[[2201.400126666667 1097.6368522472205 925.3935911243246]]]
4395	[[[2201.400126666667 1097.6860208272335 925.3557918354804]]]
4396	[[[2201.2401400000003 1097.7175059196918 925.3260051612356]]]
4397	[[[2201.160126666667 1097.7327138855842 925.3042250081712]]]
4398	[[[2201.000126666667 1097.7287887961386 925.290556970674]]]
4399	[[[2201.000126666667 1097.7012080911209 925.2853495320392]]]
4400	[[[2201.08012 1097.646738397869 925.2892398903945]]]
4401	[[[2200.840133333333 1097.5655273269974 925.3031099654391]]]
4402	[[[2200.7601333333337 1097.4613405686325 925.3279593030123]]]
4403	[[[2200.68012 1097.3396994303484 925.3647116799065]]]
4404	[[[2200.68012 1097.2048473939342 925.4139805236902]]]
4405	[[[2200.68012 1097.057443191448 925.4758247749506]]]
4406	[[[2200.44012 1096.8948203745656 925.5495315062108]]]
4407	[[[2200.360126666667 1096.7142650605308 925.6334635398304]]]
4408	[[[2200.2801133333337 1096.5177081603058 925.7250073143964]]]
4409	[[[2200.6001 1096.3148584853514 925.8206457752594]]]
4410	[[[2200.5200866666664 1096.1222475650354 925.9161619677801]]]
4411	[[[2200.7600733333334 1095.957917284288 926.0069534168221]]]
4412	[[[2200.7600733333334 1095.8342567154496 926.0884112977766]]]
4413	[[[2200.600086666667 1095.7529589631338 926.156300328017]]]
4414	[[[2200.68008 1095.7051168809376 926.2070729624423]]]
4415	[[[2200.5200733333336 1095.6765546558725 926.2380681318833]]]
4416	[[[2200.600066666667 1095.655388296266 926.2475768843196]]]
4417	[[[2200.680066666667 1095.6374959310215 926.2347949568258]]]
4418	[[[2200.9200666666666 1095.626905533987 926.1997125657236]]]
4419	[[[2201.2400533333334 1095.6312307422088 926.1430035794864]]]
4420	[[[2201.2400533333334 1095.6552411396833 926.065965269815]]]
4421	[[[2201.3200666666667 1095.696642908127 925.9705300734455]]]
4422	[[[2201.3200666666667 1095.7466549668854 925.8593333522516]]]
4423	[[[2201.40008 1095.7950020369383 925.7357898656566]]]
4424	[[[2201.0800933333335 1095.8363151847464 925.6041178360556]]]
4425	[[[2201.560106666667 1095.8741039823344 925.469257670478]]]
4426	[[[2201.6401066666667 1095.919776121557 925.3366591947146]]]
4427	[[[2201.72012 1095.986782478203 925.2119471199798]]]
4428	[[[2201.72012 1096.0824469892016 925.1005076936331]]]
4429	[[[2201.6401266666667 1096.2012366261526 925.0070605240782]]]
4430	[[[2201.72014 1096.3227314478872 924.9352839143224]]]
4431	[[[2201.5601333333334 1096.4157318125183 924.8875508319798]]]
4432	[[[2201.3201466666665 1096.4475725903928 924.8648110802542]]]
4433	[[[2201.4801466666668 1096.3956193705465 924.8666298312961]]]
4434	[[[2201.400146666667 1096.256755106165 924.8913687804688]]]
4435	[[[2201.400146666667 1096.0508926098391 924.9364767154622]]]
4436	[[[2201.640133333334 1095.8163659443774 924.9988421326735]]]
4437	[[[2201.48012 1095.5981456101133 925.0751518211424]]]
4438	[[[2201.48012 1095.4331288097844 925.1621968720107]]]
4439	[[[2201.48012 1095.3386564901764 925.257073257338]]]
4440	[[[2201.1601133333334 1095.3095163256985 925.3572400752906]]]
4441	[[[2201.0001133333335 1095.324901167296 925.4604252976637]]]
4442	[[[2201.0001133333335 1095.3617809676005 925.5644035120591]]]
4443	[[[2200.9201000000003 1095.4076817605062 925.6667058322729]]]
4444	[[[2200.9201000000003 1095.4661473708668 925.7643491321915]]]
4445	[[[2200.8400866666666 1095.552257342166 925.8536803711503]]]
4446	[[[2200.760086666667 1095.6811695104534 925.9304160107207]]]
4447	[[[2201.0000733333336 1095.856426449619 925.9899168984371]]]
4448	[[[2200.5200733333336 1096.0645256068237 926.0276834295713]]]
4449	[[[2200.1200733333335 1096.2783489398423 926.0399978745387]]]
4450	[[[2200.28006 1096.467039830457 926.0245958621682]]]
4451	[[[2199.96006 1096.6068222078145 925.9812296552315]]]
4452	[[[2200.120073333333 1096.68762689665 925.9119978686499]]]
4453	[[[2200.1200733333335 1096.7134910781867 925.8213571439983]]]
4454	[[[2200.36006 1096.6982505646981 925.7157911453028]]]
4455	[[[2200.5200533333336 1096.6598624897003 925.6031770093382]]]
4456	[[[2200.6000533333336 1096.6160537286053 925.4919448172218]]]
4457	[[[2200.5200400000003 1096.58188759342 925.3901608604411]]]
4458	[[[2200.4400400000004 1096.5680974093673 925.304674981087]]]
4459	[[[2200.4400400000004 1096.5789317063518 925.2404563324235]]]
4460	[[[2200.36004 1096.6096679090622 925.2002054731921]]]
4461	[[[2200.520053333333 1096.6455355572255 925.1842816997546]]]
4462	[[[2200.1200533333335 1096.6640451129965 925.190932115083]]]
4463	[[[2200.1200533333335 1096.641153078167 925.216762121389]]]
4464	[[[2200.4400533333333 1096.559252557576 925.257353401878]]]
4465	[[[2200.2800666666667 1096.413400805125 925.3079201714794]]]
4466	[[[2200.2000666666668 1096.2127541340444 925.3638993208638]]]
4467	[[[2200.2000666666668 1095.9767030310904 925.4213930222136]]]
4468	[[[2200.040053333333 1095.728109640544 925.4774178423689]]]
4469	[[[2199.720053333333 1095.4874324819677 925.5299545247154]]]
4470	[[[2199.6400533333335 1095.270474123342 925.5778290334277]]]
4471	[[[2199.320053333334 1095.0897586620265 925.6204814551403]]]
4472	[[[2199.1600533333335 1094.957023471962 925.6576911682346]]]
4473	[[[2199.1600533333335 1094.8836949208808 925.689323952709]]]
4474	[[[2199.0000400000004 1094.8778678306999 925.7151518689575]]]
4475	[[[2199.0800400000003 1094.939047740013 925.7347739455186]]]
4476	[[[2199.000026666667 1095.0538983025808 925.7476398388799]]]
4477	[[[2199.3200266666668 1095.1961909647805 925.7531545739312]]]
4478	[[[2199.3200266666668 1095.3321363794387 925.7508248689886]]]
4479	[[[2199.080026666667 1095.429507360777 925.740400299379]]]
4480	[[[2198.9200133333334 1095.4669908632804 925.7219679816508]]]
4481	[[[2199.080026666667 1095.440018670172 925.6959771288793]]]
4482	[[[2199.080026666667 1095.3609123048464 925.6631956404364]]]
4483	[[[2199.080026666667 1095.2536592364083 925.6246272870025]]]
4484	[[[2199.16004 1095.1457803922372 925.5814357873596]]]
4485	[[[2198.92004 1095.0605705397745 925.5349233121692]]]
4486	[[[2198.92004 1095.0122315796034 925.4865926028652]]]
4487	[[[2199.40004 1095.0046577792816 925.4382877165882]]]
4488	[[[2199.40004 1095.0329659699753 925.3923686918946]]]
4489	[[[2199.80004 1095.0862158844968 925.3518440570455]]]
4490	[[[2199.64004 1095.1502719969412 925.3203748776572]]]
4491	[[[2199.7200533333335 1095.2106942831033 925.3020820043965]]]
4492	[[[2199.7200533333335 1095.2559306107735 925.3011326850138]]]
4493	[[[2199.720053333333 1095.280523186865 925.321143344802]]]
4494	[[[2199.5600533333336 1095.287099476912 925.3644957742176]]]
4495	[[[2199.480053333333 1095.2856506182127 925.4317066209491]]]
4496	[[[2199.80004 1095.289606944597 925.52100123435]]]
4497	[[[2199.640026666667 1095.31002779364 925.6282166036518]]]
4498	[[[2199.5600266666665 1095.3505714018868 925.7470980184389]]]
4499	[[[2199.8000133333335 1095.4057367115963 925.8699727566267]]]
4500	[[[2199.640013333333 1095.4631708109362 925.9887002338422]]]
4501	[[[2199.5600133333337 1095.5087060248354 926.0957319373534]]]
4502	[[[2199.1600133333336 1095.5315984956262 926.1850830852854]]]
4503	[[[2199.160013333333 1095.5278378454732 926.253030502618]]]
4504	[[[2198.9200266666667 1095.5009164307012 926.2984063978116]]]
4505	[[[2199.000026666667 1095.4609285687895 926.3224435774588]]]
4506	[[[2199.000026666667 1095.423333238636 926.32822410984]]]
4507	[[[2198.84004 1095.407998753807 926.3198673809671]]]
4508	[[[2199.0000533333337 1095.4379426629575 926.3016445939124]]]
4509	[[[2199.0800533333336 1095.5364964683174 926.2772130034632]]]
4510	[[[2199.5600533333336 1095.722116334496 926.2491239323323]]]
4511	[[[2199.4000533333333 1096.0015904807753 926.2186847410557]]]
4512	[[[2199.8000533333334 1096.364072698716 926.1861657288941]]]
4513	[[[2200.2000533333335 1096.7790522149571 926.1512609865662]]]
4514	[[[2200.04006 1097.200353424222 926.1136574377174]]]
4515	[[[2200.3600666666666 1097.575816961512 926.0735510204677]]]
4516	[[[2200.440066666667 1097.859660467763 926.0319750279565]]]
4517	[[[2200.440066666667 1098.0231401753554 925.990864313529]]]
4518	[[[2200.6800733333334 1098.0598497583608 925.9528536146594]]]
4519	[[[2200.5200600000003 1097.9843786917058 925.920878441723]]]
4520	[[[2200.92006 1097.8257172683564 925.8976945337016]]]
4521	[[[2200.680046666667 1097.6183366859348 925.8854452981176]]]
4522	[[[2200.4400333333333 1097.393810166941 925.885384149266]]]
4523	[[[2200.2800199999997 1097.1747981562396 925.8978083860084]]]
4524	[[[2200.28002 1096.97223262397 925.9221986341926]]]
4525	[[[2200.040033333333 1096.7861042999527 925.9575009193412]]]
4526	[[[2199.8000333333334 1096.6099897329736 926.0024524364577]]]
4527	[[[2199.320033333333 1096.4386089766292 926.0558454980682]]]
4528	[[[2199.0000333333332 1096.2761338855014 926.1166467871526]]]
4529	[[[2198.680026666667 1096.141573290973 926.1839330515382]]]
4530	[[[2198.44002 1096.0677329936896 926.2566572454152]]]
4531	[[[2198.28002 1096.0926580640537 926.3333075563831]]]
4532	[[[2198.28002 1096.2462222021422 926.4115549576237]]]
4533	[[[2198.0400133333333 1096.53749645056 926.4879964772266]]]
4534	[[[2197.960013333334 1096.9487111231426 926.5580896120956]]]
4535	[[[2197.8800133333334 1097.438637932553 926.6163406926502]]]
4536	[[[2197.8800133333334 1097.9537091332802 926.656762194184]]]
4537	[[[2197.960013333334 1098.441796381633 926.6735590593884]]]
4538	[[[2198.2800133333335 1098.8631581073776 926.6619517670971]]]
4539	[[[2198.6000133333337 1099.1955044787658 926.6190044707463]]]
4540	[[[2198.36 1099.4335290593128 926.5443092509573]]]
4541	[[[2198.6 1099.5854043429783 926.440388271972]]]
4542	[[[2198.9200066666667 1099.668660659334 926.3127148553835]]]
4543	[[[2198.840006666667 1099.7063294964419 926.1693161177778]]]
4544	[[[2198.840006666667 1099.7228936865954 926.0199919677816]]]
4545	[[[2198.9200066666667 1099.7395843259703 925.8752528280462]]]
4546	[[[2199.1600200000003 1099.769677569417 925.7451270475844]]]
4547	[[[2199.2400199999997 1099.8154572586097 925.6380088519027]]]
4548	[[[2199.2400199999997 1099.8683504270168 925.5597063486001]]]
4549	[[[2199.2400199999997 1099.91239296679 925.512811666727]]]
4550	[[[2199.080033333333 1099.9296205697626 925.496462407883]]]
4551	[[[2199.2400333333335 1099.905306897468 925.5065077334112]]]
4552	[[[2199.2400333333335 1099.8315248488964 925.5360440032276]]]
4553	[[[2199.080046666667 1099.7086893110647 925.576249411337]]]
4554	[[[2198.7600466666668 1099.5456069116065 925.6174244985767]]]
4555	[[[2199.080053333333 1099.3585995568235 925.6501319086151]]]
4556	[[[2198.680053333334 1099.169734752434 925.6663198413047]]]
4557	[[[2198.3600466666667 1099.0037879525642 925.6603076068127]]]
4558	[[[2198.440046666667 1098.8838139420661 925.629511255243]]]
4559	[[[2198.5200466666665 1098.8260561016405 925.5747990071601]]]
4560	[[[2198.440046666667 1098.8357728647281 925.5003973544809]]]
4561	[[[2198.2800333333334 1098.90570914077 925.4133227457997]]]
4562	[[[2198.120033333333 1099.0180993399765 925.3223868582809]]]
4563	[[[2198.040033333333 1099.1496214614954 925.2369032552502]]]
4564	[[[2198.36004 1099.277447531518 925.1652912605037]]]
4565	[[[2198.1200266666665 1099.3842073652065 925.1138098088435]]]
4566	[[[2198.1200266666665 1099.4604784519313 925.0856460593151]]]
4567	[[[2198.1200266666665 1099.5048012316217 925.0805275670106]]]
4568	[[[2198.2800133333335 1099.522308931869 925.0949322621728]]]
4569	[[[2198.3600133333334 1099.5232230060672 925.1228573059544]]]
4570	[[[2198.0400066666666 1099.5217426208005 925.157001087938]]]
4571	[[[2198.040006666667 1099.5348918246557 925.1901355324093]]]
4572	[[[2198.1200066666665 1099.5804325070887 925.2164142345426]]]
4573	[[[2198.2000066666665 1099.673343756658 925.2323805713946]]]
4574	[[[2198.280006666667 1099.8213497783925 925.2375025804771]]]
4575	[[[2198.360006666667 1100.0209194384968 925.2341533646027]]]
4576	[[[2198.5200200000004 1100.255483918411 925.227058024531]]]
4577	[[[2198.68002 1100.4971174987302 925.2223215479443]]]
4578	[[[2198.76002 1100.7118137791106 925.2262209706329]]]
4579	[[[2198.5200133333337 1100.8672266631481 925.2439792345905]]]
4580	[[[2198.6000133333337 1100.940801580776 925.2787336234974]]]
4581	[[[2198.6000133333337 1100.925908356734 925.3308709083839]]]
4582	[[[2198.9200133333334 1100.8340046623669 925.3978324837481]]]
4583	[[[2198.5200133333337 1100.6919214414263 925.4744083509337]]]
4584	[[[2198.3600133333334 1100.5348196940522 925.5534539698673]]]
4585	[[[2198.5200133333333 1100.396822823719 925.6268940967537]]]
4586	[[[2198.6000133333337 1100.3022810217901 925.6868354222228]]]
4587	[[[2198.5200133333337 1100.2606171245504 925.7266023719504]]]
4588	[[[2198.4400133333334 1100.2665500020873 925.7415378243373]]]
4589	[[[2198.5200266666666 1100.305474454949 925.72946527397]]]
4590	[[[2198.5200266666666 1100.361658255457 925.6907779602607]]]
4591	[[[2198.760013333333 1100.4256676750147 925.6281881968285]]]
4592	[[[2198.8400266666667 1100.4977492307914 925.5462227792763]]]
4593	[[[2199.00004 1100.585760469047 925.4505791766713]]]
4594	[[[2199.0800400000003 1100.6988221061408 925.3474601730518]]]
4595	[[[2199.2400533333334 1100.8398804320643 925.2429858226445]]]
4596	[[[2199.1600533333335 1101.0007905264854 925.1427490042166]]]
4597	[[[2198.7600533333334 1101.162169461034 925.0515434332724]]]
4598	[[[2198.8400533333333 1101.29789603752 924.9732581542804]]]
4599	[[[2198.8400533333333 1101.382026153119 924.9109051037166]]]
4600	[[[2198.8400533333333 1101.3950930769854 924.8667287006379]]]
4601	[[[2198.8400533333333 1101.327525197609 924.8423394799833]]]
4602	[[[2198.9200533333337 1101.1796537809535 924.8388177288249]]]
4603	[[[2199.2400533333334 1100.959487019004 924.8567474861469]]]
4604	[[[2199.08004 1100.6802334885672 924.8961644237928]]]
4605	[[[2198.92004 1100.3591685656609 924.9564292806285]]]
4606	[[[2198.5200400000003 1100.018182966786 925.0360656896243]]]
4607	[[[2198.3600266666667 1099.6849666157416 925.1326201967918]]]
4608	[[[2198.2800133333335 1099.3930178894484 925.2426066232815]]]
4609	[[[2198.1200133333336 1099.1789447612446 925.3615835248053]]]
4610	[[[2197.8799999999997 1099.0767260822106 925.4843842387586]]]
4611	[[[2197.96 1099.1101470470703 925.6054809960174]]]
4612	[[[2198.04 1099.2857664610453 925.7194284691335]]]
4613	[[[2198.2000133333336 1099.5889855132352 925.8213089420389]]]
4614	[[[2198.4400266666667 1099.9849935244822 925.9070987381814]]]
4615	[[[2198.6000333333336 1100.424908827218 925.9738952633028]]]
4616	[[[2198.6000333333336 1100.8558359684284 926.0199806606473]]]
4617	[[[2198.680033333333 1101.2322949842016 926.0447407849327]]]
4618	[[[2198.3600333333334 1101.5258794211816 926.0484940162938]]]
4619	[[[2198.3600333333334 1101.7302834076565 926.032302500828]]]
4620	[[[2198.4400333333333 1101.8600678965765 925.9978335121414]]]
4621	[[[2198.4400333333333 1101.9434846049899 925.9473128291062]]]
4622	[[[2198.3600333333334 1102.0117301650687 925.8835737474232]]]
4623	[[[2198.2000333333335 1102.088321117493 925.8101663991706]]]
4624	[[[2198.3600333333334 1102.1822144941054 925.7314637117966]]]
4625	[[[2198.5200333333332 1102.2868151625198 925.6526899379431]]]
4626	[[[2198.5200333333332 1102.3847670412304 925.5798069945255]]]
4627	[[[2198.6000333333336 1102.456401285374 925.5192194954748]]]
4628	[[[2198.5200200000004 1102.488664844465 925.4772948525223]]]
4629	[[[2198.360006666667 1102.4814787864434 925.459732968115]]]
4630	[[[2198.44 1102.4495067952855 925.470854723787]]]
4631	[[[2198.44 1102.4188169423653 925.5129050845184]]]
4632	[[[2198.36 1102.4195060998206 925.5854816072903]]]
4633	[[[2198.28 1102.476660540421 925.6851991611117]]]
4634	[[[2198.4400133333334 1102.6026316538746 925.8056837356129]]]
4635	[[[2198.360013333333 1102.7931672474276 925.9379507763671]]]
4636	[[[2198.4400133333334 1103.0284873373814 926.0711683085152]]]
4637	[[[2198.4400133333334 1103.2785123787523 926.1937389053084]]]
4638	[[[2198.4400133333334 1103.51004700734 926.2945691397057]]]
4639	[[[2198.2800133333335 1103.6934640406719 926.3643455081107]]]
4640	[[[2198.120013333333 1103.8073022684 926.3966162781654]]]
4641	[[[2197.8800199999996 1103.8405101403087 926.388498435299]]]
4642	[[[2197.9600333333333 1103.7930011947572 926.3408881394931]]]
4643	[[[2197.8800333333334 1103.6753057580645 926.2581418148702]]]
4644	[[[2197.8000333333334 1103.5075864954376 926.1472944775542]]]
4645	[[[2197.640046666667 1103.3176848125338 926.0169691970904]]]
4646	[[[2197.6400466666664 1103.1376860979808 925.8761854643002]]]
4647	[[[2197.80006 1102.998905295349 925.7332811485471]]]
4648	[[[2198.040073333333 1102.9260019747617 925.5951208836785]]]
4649	[[[2197.80006 1102.9317049556932 925.46668412527]]]
4650	[[[2197.7200666666668 1103.0138954676793 925.3510300207757]]]
4651	[[[2197.640066666667 1103.1562805140504 925.2495495245297]]]
4652	[[[2197.640066666667 1103.3326720006498 925.1623611635731]]]
4653	[[[2197.640066666667 1103.5134819010095 925.0886993338827]]]
4654	[[[2197.640066666667 1103.672170963626 925.0271829452472]]]
4655	[[[2197.7200666666668 1103.7895608850638 924.9759234349526]]]
4656	[[[2197.80006 1103.8550766386627 924.9325104043595]]]
4657	[[[2197.5600466666665 1103.8654823687586 924.8939736731094]]]
4658	[[[2197.72006 1103.822677488457 924.8568417919469]]]
4659	[[[2197.80006 1103.7321336505818 924.8173913648237]]]
4660	[[[2197.480053333333 1103.6026990130167 924.7721168647035]]]
4661	[[[2197.4000533333333 1103.4473688462567 924.7183679803892]]]
4662	[[[2197.16004 1103.2838759665663 924.6550279733596]]]
4663	[[[2197.000026666667 1103.1339330078688 924.5830662589902]]]
4664	[[[2196.9200333333333 1103.020577727281 924.5058049966723]]]
4665	[[[2197.0000266666666 1102.9639641326876 924.4287917487808]]]
4666	[[[2197.000026666667 1102.9766915570988 924.35925344111]]]
4667	[[[2197.2400399999997 1103.0600914611848 924.3051978010707]]]
4668	[[[2197.40004 1103.202719316082 924.2743033217974]]]
4669	[[[2197.56004 1103.381722416252 924.2727801496504]]]
4670	[[[2197.8800399999996 1103.5669759079958 924.304385383442]]]
4671	[[[2198.120053333333 1103.7271315294354 924.3697415475316]]]
4672	[[[2198.1200533333335 1103.8362052010348 924.4660490604534]]]
4673	[[[2197.8000466666663 1103.8791584510036 924.5872181434775]]]
4674	[[[2197.96006 1103.8551232087095 924.7243867387921]]]
4675	[[[2197.96006 1103.7774143555744 924.8667473349577]]]
4676	[[[2197.8800666666666 1103.670161192486 925.0025796160795]]]
4677	[[[2197.8800666666666 1103.5621546567527 925.1203751416621]]]
4678	[[[2197.720073333333 1103.4792395855068 925.2099401723941]]]
4679	[[[2197.8800666666666 1103.4371387638048 925.2633691964107]]]
4680	[[[2197.8000733333333 1103.4367809977555 925.2757929959292]]]
4681	[[[2197.720073333333 1103.4638082736649 925.2458222108284]]]
4682	[[[2197.720073333333 1103.4928633912732 925.1756327098047]]]
4683	[[[2197.5600733333335 1103.495692531544 925.0706743530686]]]
4684	[[[2197.480073333333 1103.4505583421271 924.9390287856858]]]
4685	[[[2197.00008 1103.3496600511844 924.7904896641807]]]
4686	[[[2196.7600666666667 1103.2017508176425 924.6354816268012]]]
4687	[[[2196.8400666666666 1103.0289408844385 924.4839623464776]]]
4688	[[[2197.2400666666667 1102.859088453961 924.3444567146001]]]
4689	[[[2197.0000533333337 1102.7170621378964 924.2233497831124]]]
4690	[[[2197.4000533333333 1102.6185005786763 924.1245183024689]]]
4691	[[[2197.4000533333333 1102.5682499749719 924.0493188779466]]]
4692	[[[2197.3200599999996 1102.5631787798977 923.996887736132]]]
4693	[[[2197.2400666666667 1102.5969194692307 923.964657410771]]]
4694	[[[2197.1600666666664 1102.6634478971127 923.9489704777781]]]
4695	[[[2197.2400599999996 1102.7575442345685 923.9456742869238]]]
4696	[[[2197.2400599999996 1102.8722926238954 923.9506100351197]]]
4697	[[[2196.9200533333333 1102.9955686665169 923.959954345768]]]
4698	[[[2196.9200533333333 1103.1079737766331 923.9704180469229]]]
4699	[[[2196.9200533333333 1103.1838304863516 923.979341933441]]]
4700	[[[2197.080046666667 1103.1953617324425 923.9847441202629]]]
4701	[[[2197.0000533333337 1103.1189204653028 923.9853658791341]]]
4702	[[[2197.0000533333327 1102.9415665559677 923.9807371475437]]]
4703	[[[2196.6000533333336 1102.6662922422063 923.9712489314319]]]
4704	[[[2196.440066666667 1102.3144411744752 923.9581895978739]]]
4705	[[[2196.040066666667 1101.9242344340855 923.9436865347665]]]
4706	[[[2196.12006 1101.5450040012138 923.9305007985937]]]
4707	[[[2196.2000533333335 1101.2279038073802 923.9216511174253]]]
4708	[[[2196.2800466666667 1101.0152466747952 923.9198892319464]]]
4709	[[[2196.2000533333335 1100.9314823427715 923.927099571345]]]
4710	[[[2196.12006 1100.9785170418675 923.9437379865858]]]
4711	[[[2196.12006 1101.1365552279594 923.96844257467]]]
4712	[[[2196.2000533333335 1101.3696819361728 923.9979351964397]]]
4713	[[[2196.360053333333 1101.6340464761377 924.0272840970691]]]
4714	[[[2196.2800533333334 1101.8863327348556 924.05052485201]]]
4715	[[[2196.12006 1102.0909469589803 924.0615557979817]]]
4716	[[[2196.2800533333334 1102.2252292546073 924.0551562565206]]]
4717	[[[2196.0400666666665 1102.2823753888083 924.0279400799315]]]
4718	[[[2196.3600733333337 1102.2716589704712 923.9790639559878]]]
4719	[[[2196.440066666667 1102.215514593604 923.910558177135]]]
4720	[[[2196.6800599999997 1102.1435867842326 923.8272241338772]]]
4721	[[[2196.6000666666664 1102.0849337129575 923.7361269498234]]]
4722	[[[2196.520073333333 1102.0605878564058 923.6457818906721]]]
4723	[[[2196.44008 1102.0788728433643 923.565173913972]]]
4724	[[[2196.520073333333 1102.1349409740449 923.5027559387368]]]
4725	[[[2196.520073333333 1102.2143129582585 923.46554905428]]]
4726	[[[2196.5200733333336 1102.2986401495875 923.4584303877841]]]
4727	[[[2196.6800733333334 1102.371285093479 923.4836566548448]]]
4728	[[[2196.6000733333335 1102.4208821576874 923.5406440291708]]]
4729	[[[2196.5200800000002 1102.4423504233107 923.6260103815588]]]
4730	[[[2196.5200800000002 1102.4360531410364 923.7338787934573]]]
4731	[[[2196.3600866666666 1102.4062646287239 923.856431974908]]]
4732	[[[2196.7600866666667 1102.3597302364585 923.9846875069144]]]
4733	[[[2196.520073333333 1102.304384162909 924.1094315669216]]]
4734	[[[2196.5200733333336 1102.2478926107995 924.2222102399464]]]
4735	[[[2196.28008 1102.1959399978193 924.3162456970796]]]
4736	[[[2196.2800799999995 1102.1508065559021 924.3871343423187]]]
4737	[[[2196.3600733333337 1102.1111595596128 924.4332059542486]]]
4738	[[[2196.440066666667 1102.0736148958438 924.4554777383504]]]
4739	[[[2196.360073333333 1102.035619473546 924.4572145004903]]]
4740	[[[2196.5200666666665 1101.998217666048 924.4431864037794]]]
4741	[[[2196.680066666667 1101.9670473617207 924.4187767654604]]]
4742	[[[2196.36008 1101.9507339696565 924.389116628136]]]
4743	[[[2196.2000866666663 1101.9572738067793 924.3584037745381]]]
4744	[[[2196.2000866666663 1101.9901522210193 924.3295079600922]]]
4745	[[[2196.44008 1102.0461111180632 924.3038887178873]]]
4746	[[[2196.84008 1102.115565627996 924.281779184942]]]
4747	[[[2196.600066666667 1102.185231464693 924.2625383701666]]]
4748	[[[2196.920073333333 1102.24141937105 924.2450558588362]]]
4749	[[[2197.080066666667 1102.2723188927914 924.2281067798411]]]
4750	[[[2197.0000733333336 1102.268486779547 924.21059119069]]]
4751	[[[2197.4000733333332 1102.2221176990752 924.1916363581]]]
4752	[[[2197.32008 1102.1266373470398 924.1705790293025]]]
4753	[[[2197.5600733333335 1101.9780362849972 924.1468690221568]]]
4754	[[[2197.5600733333335 1101.778100071206 924.1199431910994]]]
4755	[[[2197.160073333333 1101.5379825652724 924.0891133085506]]]
4756	[[[2197.160073333333 1101.279528963075 924.0534984590255]]]
4757	[[[2197.5600733333335 1101.03225143237 924.0120176700296]]]
4758	[[[2197.640066666667 1100.8258969023834 923.9634451405541]]]
4759	[[[2197.8800600000004 1100.681120579925 923.9065198117124]]]
4760	[[[2197.5600733333335 1100.6023863118262 923.8400931617626]]]
4761	[[[2197.4000666666666 1100.5767523517427 923.7632939533468]]]
4762	[[[2197.4800666666665 1100.5796977148618 923.6756866849788]]]
4763	[[[2197.4800666666665 1100.5858262188176 923.5774023827244]]]
4764	[[[2197.720073333333 1100.5798893509348 923.4692261720061]]]
4765	[[[2198.04006 1100.5633349017214 923.3526345666536]]]
4766	[[[2197.8800533333333 1100.553575188551 923.2297841602953]]]
4767	[[[2197.8800533333333 1100.5763122426924 923.1034596519718]]]
4768	[[[2197.7200533333335 1100.654058016509 922.9769911148495]]]
4769	[[[2197.8800466666667 1100.7953214306165 922.8541482837413]]]
4770	[[[2198.2800466666667 1100.9884802332447 922.739015484699]]]
4771	[[[2198.040053333333 1101.202510980447 922.6358476474742]]]
4772	[[[2198.040053333333 1101.3942788787597 922.5489079391436]]]
4773	[[[2197.96006 1101.519826690814 922.4822912764222]]]
4774	[[[2197.6400733333335 1101.5457984129337 922.4397434189814]]]
4775	[[[2197.88006 1101.4572865109603 922.4244893473416]]]
4776	[[[2197.9600733333336 1101.2599855179662 922.4390844925456]]]
4777	[[[2197.7200866666667 1100.9768721783444 922.4852975081093]]]
4778	[[[2197.4800800000003 1100.6415637495463 922.564025717169]]]
4779	[[[2197.000086666667 1100.291089138562 922.6752379626706]]]
4780	[[[2196.7600933333333 1099.9599635554978 922.8179379440518]]]
4781	[[[2196.5201 1099.6760429162614 922.9901455048234]]]
4782	[[[2196.440106666667 1099.4577702003428 923.1889015879734]]]
4783	[[[2196.3601133333336 1099.3125929569171 923.4103098267279]]]
4784	[[[2196.3601133333336 1099.2370140574992 923.6496287292758]]]
4785	[[[2196.20012 1099.2189504085175 923.9014204450363]]]
4786	[[[2196.20012 1099.2423057991398 924.1597470671649]]]
4787	[[[2195.80012 1099.2923895541323 924.418389752108]]]
4788	[[[2195.8001200000003 1099.3600981949119 924.6710580438661]]]
4789	[[[2195.80012 1099.443326962249 924.9115630458997]]]
4790	[[[2195.5601333333334 1099.5455783437637 925.1339490260262]]]
4791	[[[2195.40012 1099.6730861727308 925.3326068219635]]]
4792	[[[2195.6401066666667 1099.832014365834 925.5024165833464]]]
4793	[[[2195.480113333333 1100.0264073804137 925.6389736492374]]]
4794	[[[2195.480113333333 1100.2564990658464 925.7389315461734]]]
4795	[[[2195.40012 1100.5167830205685 925.800451724519]]]
4796	[[[2195.4001200000002 1100.794145221762 925.8236929522456]]]
4797	[[[2195.3201066666666 1101.0675226218693 925.811223795905]]]
4798	[[[2195.2401133333333 1101.3107473183138 925.7682194698406]]]
4799	[[[2195.1601133333334 1101.4988923028698 925.7023226708844]]]
4800	[[[2195.1601133333334 1101.6162108499054 925.6231075070792]]]
4801	[[[2195.08012 1101.66215754899 925.5411732368725]]]
4802	[[[2195.08012 1101.6522668835817 925.4669870540082]]]
4803	[[[2194.9201133333336 1101.6129430568933 925.409666266644]]]
4804	[[[2194.8401000000003 1101.5722698283982 925.3759186093424]]]
4805	[[[2195.1600866666663 1101.5510102216276 925.3693352634192]]]
4806	[[[2194.9201000000003 1101.557812844775 925.3901590322789]]]
4807	[[[2194.9201000000003 1101.5903479576439 925.4355477343047]]]
4808	[[[2194.840106666667 1101.6409696684427 925.5002461704353]]]
4809	[[[2194.9201000000003 1101.7032943361176 925.5774961741349]]]
4810	[[[2194.9201000000003 1101.775976821022 925.6599745159441]]]
4811	[[[2194.7600933333333 1101.8618971936112 925.7405625934794]]]
4812	[[[2194.840106666667 1101.9637251602962 925.8128155752993]]]
4813	[[[2194.9201000000003 1102.0787940166329 925.8710945481274]]]
4814	[[[2194.840106666667 1102.196354863989 925.910427089355]]]
4815	[[[2194.6801 1102.298721477376 925.926241499818]]]
4816	[[[2194.6801 1102.3656714726935 925.9141552695978]]]
4817	[[[2194.600086666667 1102.3800468032075 925.8699786720558]]]
4818	[[[2194.6801 1102.3324386323513 925.7900242048541]]]
4819	[[[2195.0801 1102.2238066526713 925.6717106244736]]]
4820	[[[2194.7601133333333 1102.065951546564 925.5143446462002]]]
4821	[[[2194.7601133333333 1101.8802064149666 925.3198839968553]]]
4822	[[[2194.60012 1101.6945278205976 925.0934561145496]]]
4823	[[[2194.9201066666665 1101.5389354554607 924.843438129235]]]
4824	[[[2195.1601 1101.4395505946784 924.5809903023231]]]
4825	[[[2195.2400933333333 1101.4123349349202 924.319056113436]]]
4826	[[[2195.2400933333333 1101.4584408171204 924.0709669959224]]]
4827	[[[2195.4800800000003 1101.5631166278515 923.8488859902659]]]
4828	[[[2195.2400733333334 1101.6990701630646 923.66236723362]]]
4829	[[[2195.000066666667 1101.8334624624265 923.5172865434641]]]
4830	[[[2195.1600733333335 1101.9361254902376 923.4153190896121]]]
4831	[[[2195.08006 1101.9859818355435 923.354025228058]]]
4832	[[[2195.00006 1101.973359025558 923.3274854123773]]]
4833	[[[2194.8400466666667 1101.8976871728885 923.3273293769229]]]
4834	[[[2194.2800466666667 1101.7621845411543 923.3439538286756]]]
4835	[[[2194.2000333333335 1101.5685974375876 923.3677225684479]]]
4836	[[[2194.0400200000004 1101.3151035099474 923.3899846615905]]]
4837	[[[2193.8000133333335 1100.9989554507818 923.4038115079023]]]
4838	[[[2193.56002 1100.6229615767443 923.4044213304222]]]
4839	[[[2193.00002 1100.2026590852092 923.3893130036704]]]
4840	[[[2193.080013333333 1099.7702125907776 923.3581621927709]]]
4841	[[[2193.080013333333 1099.3721933985823 923.312542446852]]]
4842	[[[2192.680013333333 1099.0610118079612 923.2555293656566]]]
4843	[[[2192.8400266666663 1098.882646072199 923.1912362608836]]]
4844	[[[2192.7600266666664 1098.8650421737564 923.1243218213458]]]
4845	[[[2192.44002 1099.0113252022522 923.0595069886484]]]
4846	[[[2192.68002 1099.299935063592 923.0011383464704]]]
4847	[[[2192.60002 1099.6910165568713 922.9528352290691]]]
4848	[[[2192.5200199999995 1100.1361821349371 922.9172536660413]]]
4849	[[[2192.5200200000004 1100.588037569989 922.8959899691912]]]
4850	[[[2192.280026666667 1101.0067115854984 922.8896304294831]]]
4851	[[[2192.280026666667 1101.3624218888947 922.8979337444781]]]
4852	[[[2192.200026666667 1101.6349108554978 922.9201134246836]]]
4853	[[[2191.8000266666663 1101.8116436297714 922.9551727178031]]]
4854	[[[2191.8000266666663 1101.8866648052506 923.0022376196649]]]
4855	[[[2191.4800266666666 1101.8610913411155 923.0608353111143]]]
4856	[[[2191.56004 1101.7448554639934 923.1310745432957]]]
4857	[[[2191.4000466666666 1101.5581692702092 923.213698079142]]]
4858	[[[2191.4000466666666 1101.3308899061437 923.3099919838623]]]
4859	[[[2191.3200533333334 1101.0987859826243 923.421550311342]]]
4860	[[[2191.4000533333333 1100.8972918528586 923.5499067369519]]]
4861	[[[2191.1600533333335 1100.7547987821592 923.6960590010517]]]
4862	[[[2191.2400533333334 1100.6879458614978 923.8599299222551]]]
4863	[[[2191.2400533333334 1100.7004212881054 924.0398303663378]]]
4864	[[[2191.2400533333334 1100.7850435519906 924.232011171936]]]
4865	[[[2191.2400533333334 1100.927472868906 924.4304049621404]]]
4866	[[[2191.08006 1101.109660807504 924.6266556044594]]]
4867	[[[2191.0000666666665 1101.3120702956958 924.8105055544355]]]
4868	[[[2191.400066666667 1101.514965606145 924.9705583359579]]]
4869	[[[2191.4000666666666 1101.6997106829983 925.0953623872352]]]
4870	[[[2191.2400733333334 1101.8506372595757 925.1746886549663]]]
4871	[[[2191.16006 1101.9570881734128 925.2008167762175]]]
4872	[[[2191.5600600000002 1102.0145668447828 925.1696205785729]]]
4873	[[[2191.2400533333334 1102.0241353242661 925.0812623137622]]]
4874	[[[2191.6400533333335 1101.990204577951 924.940364651488]]]
4875	[[[2191.48006 1101.917943487282 924.7556171257347]]]
4876	[[[2191.2400666666663 1101.8118903834331 924.5388694087854]]]
4877	[[[2191.480073333333 1101.6766458551576 924.3038463224766]]]
4878	[[[2191.40008 1101.5191375509642 924.0646726076517]]]
4879	[[[2191.2400933333333 1101.3507454360708 923.8344117114507]]]
4880	[[[2191.3200866666666 1101.1873623405124 923.623804299481]]]
4881	[[[2191.7200866666667 1101.0464526321118 923.4403481280574]]]
4882	[[[2191.80008 1100.9418350109363 923.2878036881434]]]
4883	[[[2191.7200866666667 1100.8783140341022 923.1661510416992]]]
4884	[[[2191.7200866666667 1100.8486438087027 923.07197032176]]]
4885	[[[2191.80008 1100.834455765568 922.9991752018341]]]
4886	[[[2191.5600866666664 1100.8111871496924 922.9399961772691]]]
4887	[[[2191.1600866666663 1100.7554734761188 922.8860887879919]]]
4888	[[[2191.1600866666663 1100.652550052908 922.8296316448186]]]
4889	[[[2190.84008 1100.5011984459122 922.7642820126506]]]
4890	[[[2190.84008 1100.3145632937112 922.6858746310418]]]
4891	[[[2191.080073333333 1100.1164416348117 922.5927829193491]]]
4892	[[[2190.6000799999997 1099.9340461037375 922.4859084251374]]]
4893	[[[2190.7600733333334 1099.789411654986 922.3683186394882]]]
4894	[[[2190.92006 1099.6922282589976 922.2446066103494]]]
4895	[[[2191.08006 1099.636681364455 922.1200884573332]]]
4896	[[[2190.7600533333334 1099.6037686998043 921.9999783498247]]]
4897	[[[2190.760053333333 1099.56871889945 921.8886794976173]]]
4898	[[[2190.5200400000003 1099.5111061428777 921.7893038126489]]]
4899	[[[2190.68004 1099.4238558437416 921.7034869424883]]]
4900	[[[2190.76004 1099.3173581857536 921.6315084290109]]]
4901	[[[2190.680046666667 1099.216641534694 921.5726701042153]]]
4902	[[[2190.6000533333336 1099.152455626772 921.5258404136176]]]
4903	[[[2190.6000533333336 1099.1498712149998 921.49004627489]]]
4904	[[[2190.6000533333336 1099.2191868715438 921.4649910937356]]]
4905	[[[2190.5200600000003 1099.3528333980166 921.4513967133408]]]
4906	[[[2190.2000733333334 1099.529100785516 921.4511034778961]]]
4907	[[[2190.36006 1099.7203952776372 921.4669088979455]]]
4908	[[[2190.2800599999996 1099.9019941730594 921.502173401882]]]
4909	[[[2190.28006 1100.057691445354 921.5602635291561]]]
4910	[[[2189.9600733333336 1100.1808560056973 921.6439320809365]]]
4911	[[[2190.2000866666667 1100.271911594392 921.7547464094364]]]
4912	[[[2190.120093333333 1100.3347200194692 921.8926677939143]]]
4913	[[[2190.0401 1100.3741796978854 922.055857358393]]]
4914	[[[2189.800106666667 1100.3959098932662 922.2407414356009]]]
4915	[[[2189.8801066666665 1100.4072066312199 922.4423193696917]]]
4916	[[[2189.9601 1100.4175580512472 922.6546496179094]]]
4917	[[[2190.0400933333335 1100.4373490277928 922.8714161741894]]]
4918	[[[2190.120086666667 1100.4746594855503 923.0864650371301]]]
4919	[[[2190.0400933333335 1100.5314526753298 923.2942132233512]]]
4920	[[[2190.20008 1100.6011428528711 923.4898681779733]]]
4921	[[[2190.440066666667 1100.669153837943 923.669445063994]]]
4922	[[[2190.3600733333337 1100.7168434065659 923.8296211395085]]]
4923	[[[2190.6000866666664 1100.727681354465 923.9675072143532]]]
4924	[[[2190.520093333333 1100.6934912532668 924.08043545628]]]
4925	[[[2190.76008 1100.6183335042674 924.1658552903473]]]
4926	[[[2190.440073333333 1100.518324654672 924.2213962690685]]]
4927	[[[2190.440073333333 1100.4171362456784 924.245106661854]]]
4928	[[[2190.440073333333 1100.3385998434035 924.2358219700286]]]
4929	[[[2190.5200666666665 1100.2990911774448 924.1935730784231]]]
4930	[[[2190.3600666666666 1100.3025604780269 924.1199216074757]]]
4931	[[[2190.52006 1100.3400055413783 924.0181169593444]]]
4932	[[[2190.680053333333 1100.3932805177437 923.8930046498573]]]
4933	[[[2190.680053333333 1100.4413460053122 923.7506702467862]]]
4934	[[[2190.680053333333 1100.4663265991426 923.5978636483815]]]
4935	[[[2190.7600533333334 1100.4573519923467 923.4412990578444]]]
4936	[[[2191.00006 1100.411577453692 923.2869542012851]]]
4937	[[[2191.2400533333334 1100.333037252047 923.139491780663]]]
4938	[[[2190.9200466666666 1100.2304074569115 923.001898343064]]]
4939	[[[2191.00004 1100.1144250313546 922.8753890800346]]]
4940	[[[2190.8400466666667 1099.9952665982746 922.7595739614984]]]
4941	[[[2190.8400466666667 1099.880169322734 922.6528337124328]]]
4942	[[[2190.9200399999995 1099.7719078252292 922.5528229615278]]]
4943	[[[2190.92004 1099.66886231183 922.4570067999831]]]
4944	[[[2191.00004 1099.5668823087983 922.3631450356469]]]
4945	[[[2191.2400533333334 1099.462163868431 922.2696606688702]]]
4946	[[[2191.160053333333 1099.35366152407 922.1758587018198]]]
4947	[[[2191.1600533333335 1099.2438065417991 922.0819915686216]]]
4948	[[[2191.1600533333335 1099.1374489649502 921.9891929004567]]]
4949	[[[2191.560053333333 1099.0401818232451 921.899318567799]]]
4950	[[[2191.40006 1098.957583842479 921.8147412822121]]]
4951	[[[2191.3200666666667 1098.8960690643928 921.7381422613988]]]
4952	[[[2191.080073333333 1098.8645084013472 921.6723316604175]]]
4953	[[[2191.2400666666667 1098.8746955337444 921.6201111841805]]]
4954	[[[2191.2400666666667 1098.9389562640824 921.5841716048577]]]
4955	[[[2191.40006 1099.0647738270889 921.5670001617085]]]
4956	[[[2191.7200666666668 1099.2483215613138 921.5707636688823]]]
4957	[[[2191.8800666666666 1099.46999366948 921.5971369409863]]]
4958	[[[2191.96006 1099.6946005354691 921.6470641086207]]]
4959	[[[2191.800066666667 1099.877029776336 921.7204694277337]]]
4960	[[[2191.4800600000003 1099.971898428614 921.8159668217512]]]
4961	[[[2191.4000666666666 1099.944216645561 921.9306433817592]]]
4962	[[[2191.400066666667 1099.7779401597209 922.0600012347958]]]
4963	[[[2191.400066666667 1099.4802560010028 922.1981278870035]]]
4964	[[[2191.16006 1099.080795062477 922.3381268431489]]]
4965	[[[2191.4800666666665 1098.6261085647668 922.4727846760208]]]
4966	[[[2191.16006 1098.1705768765044 922.5953904639823]]]
4967	[[[2191.16006 1097.7656352232416 922.7005741913539]]]
4968	[[[2191.0000666666665 1097.449847724927 922.7850065043344]]]
4969	[[[2191.1600666666664 1097.2425830678976 922.8478119129483]]]
4970	[[[2191.32008 1097.1433175757338 922.8905918513786]]]
4971	[[[2191.1600666666664 1097.1367656742846 922.9170251444883]]]
4972	[[[2191.24008 1097.2017156027139 922.9320968032407]]]
4973	[[[2191.32008 1097.319798667305 922.9410838117201]]]
4974	[[[2191.4000733333332 1097.4804832517686 922.948481669356]]]
4975	[[[2191.560066666667 1097.6805254547398 922.9570755793911]]]
4976	[[[2191.6400599999997 1097.9189787733092 922.9673402350085]]]
4977	[[[2191.6400599999997 1098.1910947354424 922.9772951926352]]]
4978	[[[2191.80006 1098.4847815103092 922.9828592437017]]]
4979	[[[2191.72006 1098.7815750911552 922.9786526523279]]]
4980	[[[2191.4800466666666 1099.0613744625434 922.9591085624371]]]
4981	[[[2191.56004 1099.308116433558 922.9196912753479]]]
4982	[[[2191.7200333333335 1099.513301117471 922.8579923825649]]]
4983	[[[2191.8000266666663 1099.6758588361663 922.7744922669007]]]
4984	[[[2191.8800399999996 1099.7991752511264 922.6728325213961]]]
4985	[[[2191.720026666667 1099.8876639376037 922.559534361416]]]
4986	[[[2191.720026666667 1099.9451609534933 922.4432022308755]]]
4987	[[[2191.8800133333334 1099.9758206441568 922.3333497757918]]]
4988	[[[2192.1200200000003 1099.986275345939 922.2390567835718]]]
4989	[[[2192.3600333333334 1099.986886964618 922.1676951555793]]]
4990	[[[2192.5200466666665 1099.9905411136706 922.1239429764031]]]
4991	[[[2192.6000466666665 1100.0091171112765 922.1092426817564]]]
4992	[[[2192.5200466666665 1100.0493353684187 922.1217669309602]]]
4993	[[[2192.3600466666667 1100.1101161541812 922.1568556786341]]]
4994	[[[2192.3600466666667 1100.1826827734174 922.2078031633905]]]
4995	[[[2192.3600466666667 1100.2530940827403 922.2668225102034]]]
4996	[[[2192.440046666667 1100.3057253609952 922.3260073135069]]]
4997	[[[2192.3600466666667 1100.3260926571384 922.3781412740495]]]
4998	[[[2192.5200466666665 1100.302250112625 922.4172658288276]]]
4999	[[[2192.4400333333333 1100.2251242268824 922.4389830724978]]]
5000	[[[2192.3600333333334 1100.0888550168986 922.4405286423257]]]
5001	[[[2192.3600333333334 1099.8921253043875 922.4206838094823]]]
5002	[[[2192.120033333333 1099.6406828507334 922.3796037378978]]]
5003	[[[2191.8800266666667 1099.3502154783412 922.318624289061]]]
5004	[[[2191.8000133333335 1099.0479412842444 922.2400829664389]]]
5005	[[[2191.7200000000003 1098.771173442348 922.1471618064102]]]
5006	[[[2191.8 1098.5619455982842 922.0437395964341]]]
5007	[[[2192.1200066666665 1098.4583753495347 921.93423129779]]]
5008	[[[2192.200006666667 1098.4851517510233 921.823393149576]]]
5009	[[[2192.280006666667 1098.6464430089466 921.7160794998426]]]
5010	[[[2192.360006666667 1098.9239754009993 921.616948832188]]]
5011	[[[2192.360006666667 1099.2811358090914 921.5301299382737]]]
5012	[[[2192.360006666667 1099.6716063978774 921.4588740196978]]]
5013	[[[2192.360006666667 1100.049442574139 921.4052337178774]]]
5014	[[[2192.5200133333333 1100.3773911435737 921.3698230650117]]]
5015	[[[2192.6000133333337 1100.6314831113843 921.3517185496603]]]
5016	[[[2192.6000133333337 1100.8017049273694 921.3485555230695]]]
5017	[[[2192.6000133333337 1100.889919001739 921.3568521556168]]]
5018	[[[2192.6000133333337 1100.9066486132817 921.3725550981004]]]
5019	[[[2192.5200133333333 1100.8679308158135 921.3917521844777]]]
5020	[[[2192.8400133333334 1100.7926478593818 921.4114480805615]]]
5021	[[[2193.1600133333336 1100.7001222704407 921.4302615909845]]]
5022	[[[2193.0800200000003 1100.6076411954562 921.448890617774]]]
5023	[[[2193.00002 1100.5279502406886 921.4702106342626]]]
5024	[[[2193.1600333333336 1100.46730013427 921.4989262952445]]]
5025	[[[2193.3200466666667 1100.4248946923483 921.5407767097818]]]
5026	[[[2193.3200466666667 1100.3942810845272 921.6013887632326]]]
5027	[[[2193.5600600000002 1100.366407646987 921.6849603877989]]]
5028	[[[2193.4800600000003 1100.3331751309659 921.79301622199]]]
5029	[[[2193.4800600000003 1100.2898760852067 921.9234943480801]]]
5030	[[[2193.40006 1100.2352956180093 922.0703853204885]]]
5031	[[[2193.4800600000003 1100.169337198787 922.2240553972098]]]
5032	[[[2193.4800600000003 1100.0893291119683 922.3722591731427]]]
5033	[[[2193.4800600000003 1099.9870035691185 922.5017077263133]]]
5034	[[[2193.4800600000003 1099.8480606474063 922.5999375531381]]]
5035	[[[2193.2400733333334 1099.655201369298 922.6571519122282]]]
5036	[[[2192.9200733333337 1099.393955552536 922.6676992104562]]]
5037	[[[2192.76006 1099.0592278117572 922.6309169376788]]]
5038	[[[2192.84006 1098.659902761097 922.5511912835682]]]
5039	[[[2193.080046666667 1098.2194250628513 922.4372344293846]]]
5040	[[[2193.16004 1097.7718178513767 922.300728816079]]]
5041	[[[2193.2400399999997 1097.3544491112182 922.1545977683845]]]
5042	[[[2193.320033333333 1097.000129604694 922.0112127747931]]]
5043	[[[2193.4800466666666 1096.731215332112 921.8808335043776]]]
5044	[[[2193.4800466666666 1096.5572890888252 921.7705074577615]]]
5045	[[[2193.9600466666666 1096.4763258029714 921.6835537933648]]]
5046	[[[2194.2800466666667 1096.4778798633445 921.6196463428765]]]
5047	[[[2194.6000466666665 1096.5464035620287 921.5754167927013]]]
5048	[[[2195.2400533333334 1096.6633892072307 921.545434577845]]]
5049	[[[2195.4800600000003 1096.8081724924061 921.5233892465966]]]
5050	[[[2195.9600533333337 1096.9582660760946 921.5032997682387]]]
5051	[[[2196.2800533333334 1097.0904640653625 921.4805950465984]]]
5052	[[[2196.92006 1097.1834853978473 921.452942020704]]]
5053	[[[2197.32006 1097.2218427326916 921.4207356425162]]]
5054	[[[2197.2400599999996 1097.1994951326444 921.3872049710202]]]
5055	[[[2197.4000533333333 1097.12132864622 921.3581297271185]]]
5056	[[[2197.5600600000002 1097.0010518338167 921.3412004808491]]]
5057	[[[2197.96006 1096.855625236882 921.3450912443432]]]
5058	[[[2198.040053333333 1096.6982017443636 921.3783430578432]]]
5059	[[[2198.1200466666664 1096.5327350452574 921.4481785545145]]]
5060	[[[2198.040046666667 1096.3531048888656 921.5593784299263]]]
5061	[[[2198.20006 1096.1477226480056 921.7133500403179]]]
5062	[[[2198.3600733333337 1095.907931149681 921.907505507888]]]
5063	[[[2198.28008 1095.636451374864 922.1350416033891]]]
5064	[[[2198.440073333333 1095.351806081629 922.385176626935]]]
5065	[[[2198.5200666666665 1095.0863268786813 922.643851911513]]]
5066	[[[2198.9200666666666 1094.8782120083006 922.8948508723593]]]
5067	[[[2198.8400733333333 1094.7607142274926 923.1212328818884]]]
5068	[[[2199.000086666667 1094.752662168358 923.3069312359562]]]
5069	[[[2199.000086666667 1094.8537507124777 923.4383334851267]]]
5070	[[[2198.9200866666665 1095.045908031778 923.5056561323445]]]
5071	[[[2199.08008 1095.2996114813238 923.5039476114285]]]
5072	[[[2198.9200733333337 1095.5822833924205 923.4336012756308]]]
5073	[[[2199.24008 1095.865431663911 923.300325995869]]]
5074	[[[2199.80008 1096.12808574878 923.1145943518301]]]
5075	[[[2200.040093333334 1096.3559479127696 922.8906548980098]]]
5076	[[[2200.0400933333335 1096.5377943569683 922.6452451264822]]]
5077	[[[2200.20008 1096.6620715798015 922.3961688288131]]]
5078	[[[2200.5200666666665 1096.7165485428643 922.1609032474774]]]
5079	[[[2200.6000666666664 1096.692165932416 921.9553793279301]]]
5080	[[[2200.3600666666666 1096.5896479099454 921.7930372970619]]]
5081	[[[2200.440066666667 1096.4254031169237 921.6842068545525]]]
5082	[[[2200.440066666667 1096.2329572554656 921.6358054457487]]]
5083	[[[2200.2800533333334 1096.0579004629988 921.6512994654316]]]
5084	[[[2200.5200666666665 1095.9472410078024 921.7308416561767]]]
5085	[[[2200.76008 1095.9366717729217 921.8714908470366]]]
5086	[[[2201.16008 1096.0403486235443 922.0674399941405]]]
5087	[[[2201.4800800000003 1096.2469348280192 922.3102207479102]]]
5088	[[[2201.400066666667 1096.5233395491962 922.5889058228864]]]
5089	[[[2201.000066666667 1096.8247637672202 922.8903777552109]]]
5090	[[[2201.0800600000002 1097.1074542444303 923.1997574082271]]]
5091	[[[2201.000046666667 1097.339775784311 923.5010763682627]]]
5092	[[[2201.080046666667 1097.5081244631322 923.7782325582443]]]
5093	[[[2200.76006 1097.6164230932015 924.0161977636999]]]
5094	[[[2201.2400733333334 1097.6804958730254 924.2023680572619]]]
5095	[[[2201.480073333333 1097.7203807556853 924.327885302131]]]
5096	[[[2201.1600866666663 1097.7538734418488 924.388728204494]]]
5097	[[[2201.160086666667 1097.7933598099544 924.386383505387]]]
5098	[[[2201.3201 1097.8460654814628 924.3279589331133]]]
5099	[[[2201.3201 1097.916267563318 924.2256768463486]]]
5100	[[[2201.3201 1098.0074803999105 924.0957737815057]]]
5101	[[[2201.2401000000004 1098.1231929993883 923.9569102587539]]]
5102	[[[2201.0001133333335 1098.2658786008785 923.8282565148903]]]
5103	[[[2201.56012 1098.4350141132543 923.7274592019961]]]
5104	[[[2201.8001200000003 1098.625272896197 923.668712058066]]]
5105	[[[2202.040113333334 1098.8258586893137 923.6611518429244]]]
5106	[[[2202.120126666667 1099.0214350157303 923.7077794373557]]]
5107	[[[2202.3601333333336 1099.1946150933036 923.8050625504393]]]
5108	[[[2202.3601333333336 1099.3296336958422 923.9433082962632]]]
5109	[[[2202.0401266666668 1099.4165050796657 924.1078018172842]]]
5110	[[[2202.1201266666667 1099.4545559634182 924.2805990269425]]]
5111	[[[2202.2801133333332 1099.453859459267 924.4427535681084]]]
5112	[[[2202.3601066666665 1099.4332292136905 924.5766723576525]]]
5113	[[[2202.760106666667 1099.4144512287878 924.6682531444358]]]
5114	[[[2202.7601066666666 1099.414184894775 924.7084771724084]]]
5115	[[[2202.920093333333 1099.4366058242886 924.6942132745397]]]
5116	[[[2203.160106666667 1099.4702666017781 924.6281238509804]]]
5117	[[[2203.2401000000004 1099.491213686292 924.5177218280377]]]
5118	[[[2202.920093333333 1099.471609602925 924.3737771242571]]]
5119	[[[2202.8401000000003 1099.390401815638 924.208379163717]]]
5120	[[[2202.9201133333336 1099.241480227699 924.0330064722403]]]
5121	[[[2203.000106666667 1099.0359265892255 923.8569288928711]]]
5122	[[[2202.6800999999996 1098.797747816832 923.6861824335282]]]
5123	[[[2202.8400866666666 1098.555395860111 923.5232337672247]]]
5124	[[[2203.08008 1098.3329509412636 923.3673191442525]]]
5125	[[[2203.00008 1098.1444707384996 923.2153272816662]]]
5126	[[[2203.16008 1097.9931291943158 923.0630164356736]]]
5127	[[[2203.56008 1097.8744798228245 922.906321018436]]]
5128	[[[2203.16008 1097.781560096535 922.7425120491292]]]
5129	[[[2203.3200666666667 1097.7091748035955 922.5710209637283]]]
5130	[[[2203.3200666666667 1097.6554995060812 922.3938068245706]]]
5131	[[[2203.2400533333334 1097.6206342517942 922.215230576535]]]
5132	[[[2203.2400533333334 1097.6032511281383 922.0414845270648]]]
5133	[[[2203.4800666666665 1097.5974020782796 921.879698954891]]]
5134	[[[2203.5600600000002 1097.5914783833225 921.7368998231028]]]
5135	[[[2203.2400533333334 1097.5702123845374 921.619013125396]]]
5136	[[[2203.3200466666667 1097.5189620709607 921.530097442289]]]
5137	[[[2203.4000466666666 1097.4281970410607 921.4719377598958]]]
5138	[[[2203.3200533333334 1097.2959455725804 921.4440585836124]]]
5139	[[[2203.1600533333335 1097.1271757883317 921.4441275566625]]]
5140	[[[2203.0000666666665 1096.9309687944917 921.4686408216979]]]
5141	[[[2202.840066666666 1096.7176501168963 921.5137264772934]]]
5142	[[[2202.6000599999998 1096.4978377374548 921.575885572021]]]
5143	[[[2202.7600466666668 1096.283741493786 921.6525147993322]]]
5144	[[[2202.7600466666668 1096.091146428207 921.7421143820487]]]
5145	[[[2202.6000599999998 1095.9397054501937 921.8441626069416]]]
5146	[[[2202.44006 1095.8500613904164 921.9587147701363]]]
5147	[[[2202.520053333333 1095.8383230689776 922.0858402518014]]]
5148	[[[2202.200046666667 1095.9101933489244 922.2250354444587]]]
5149	[[[2202.2000466666664 1096.0574582565039 922.374740696101]]]
5150	[[[2202.2800399999996 1096.2584116041598 922.5320541089351]]]
5151	[[[2202.200046666667 1096.4819027582419 922.6926874688511]]]
5152	[[[2202.040053333333 1096.693216395892 922.8511636585432]]]
5153	[[[2201.96006 1096.8596891542447 923.001220153366]]]
5154	[[[2201.8000733333333 1096.9547976335514 923.1363624640366]]]
5155	[[[2201.96006 1096.9606930960153 923.2505016910465]]]
5156	[[[2201.8800666666666 1096.869924814273 923.3386061549027]]]
5157	[[[2201.720073333333 1096.6869107501834 923.3972942130498]]]
5158	[[[2201.5600866666664 1096.4288111888907 923.425293717398]]]
5159	[[[2201.480093333333 1096.12462031768 923.4236969978574]]]
5160	[[[2201.480093333333 1095.8113156482975 923.39595426469]]]
5161	[[[2201.5600933333335 1095.5270340165987 923.3475763787648]]]
5162	[[[2201.5600933333335 1095.3029104645323 923.2855586241116]]]
5163	[[[2201.5600933333335 1095.156374497886 923.2175834777223]]]
5164	[[[2201.4801 1095.0885102247914 923.151101893459]]]
5165	[[[2201.4001066666665 1095.086513353406 923.092418905107]]]
5166	[[[2201.400106666667 1095.1301244078757 923.0459138091005]]]
5167	[[[2201.4801 1095.1993171117076 923.0135070527632]]]
5168	[[[2201.8000866666666 1095.2802389306005 922.9944499719828]]]
5169	[[[2201.8000866666666 1095.3674431675352 922.9854676423578]]]
5170	[[[2201.8800866666666 1095.4621785240126 922.9812375454736]]]
5171	[[[2202.12008 1095.5680712112637 922.9751438343884]]]
5172	[[[2202.440086666667 1095.686338143121 922.9602125800484]]]
5173	[[[2202.7600733333334 1095.812532495132 922.9301097350302]]]
5174	[[[2202.7600733333334 1095.9359617349155 922.8800725429857]]]
5175	[[[2202.8400666666666 1096.041772445703 922.8076488846972]]]
5176	[[[2202.6800733333334 1096.1147321941992 922.7131393785957]]]
5177	[[[2202.6000799999997 1096.1432790976532 922.5996738988982]]]
5178	[[[2202.6800733333334 1096.1225295522163 922.4729041921047]]]
5179	[[[2202.7600666666667 1096.055465234858 922.3403504144962]]]
5180	[[[2202.6000599999998 1095.9521697675668 922.2104920695598]]]
5181	[[[2202.5200666666665 1095.8275033774087 922.091733176501]]]
5182	[[[2202.36008 1095.6978904947885 921.9913901403926]]]
5183	[[[2202.0400933333335 1095.577985681558 921.9148455575004]]]
5184	[[[2202.0400933333335 1095.4779477413933 921.8649836014207]]]
5185	[[[2201.8801000000003 1095.4019082696639 921.8419780390336]]]
5186	[[[2201.8001 1095.3479409173653 921.8434499011269]]]
5187	[[[2201.4001 1095.309430074307 921.8649566480258]]]
5188	[[[2201.3201 1095.2773186268453 921.9007261887326]]]
5189	[[[2201.2401066666666 1095.242475898346 921.9445141507475]]]
5190	[[[2201.0801 1095.1975100163754 921.9904466184099]]]
5191	[[[2200.9200933333336 1095.1377211590923 922.0337161907091]]]
5192	[[[2200.760086666667 1095.0613403665336 922.0710266221305]]]
5193	[[[2200.6001 1094.9694590264153 922.1007267664386]]]
5194	[[[2200.6001 1094.8659877556133 922.1226306469372]]]
5195	[[[2200.760106666667 1094.7576681037542 922.1375772058849]]]
5196	[[[2200.680093333334 1094.653837200929 922.1468299301858]]]
5197	[[[2200.6000800000006 1094.5655591652462 922.1514440542074]]]
5198	[[[2200.5200666666665 1094.5039783248228 922.1517320605766]]]
5199	[[[2200.4400533333333 1094.4781899734442 922.1469362924596]]]
5200	[[[2200.4400533333333 1094.4932860854244 922.1351751515659]]]
5201	[[[2200.040053333333 1094.5492572314558 922.1136749958449]]]
5202	[[[2199.8800399999996 1094.6410590406122 922.0792440391621]]]
5203	[[[2199.4800400000004 1094.7595959727025 922.0288979440347]]]
5204	[[[2199.5600333333336 1094.8930104544493 921.960518106711]]]
5205	[[[2199.72004 1095.0277653964483 921.8734180085107]]]
5206	[[[2199.56004 1095.1495129532357 921.7687110290221]]]
5207	[[[2199.56004 1095.2442493084648 921.6494106683375]]]
5208	[[[2199.3200266666668 1095.300291022085 921.520243234955]]]
5209	[[[2199.16004 1095.3110133408027 921.3872036247982]]]
5210	[[[2198.9200333333333 1095.277412218606 921.2569268885904]]]
5211	[[[2198.8400333333334 1095.2090543214015 921.135974295824]]]
5212	[[[2198.9200466666666 1095.122367939571 921.0301390003589]]]
5213	[[[2198.7600466666668 1095.0364296315815 920.9438641787215]]]
5214	[[[2198.8400600000004 1094.9677410981906 920.879840476412]]]
5215	[[[2198.8400600000004 1094.9261142474497 920.8388167870061]]]
5216	[[[2198.84006 1094.913242049624 920.8196259822289]]]
5217	[[[2198.680066666667 1094.9241160484955 920.8194007460407]]]
5218	[[[2198.520073333333 1094.9500121434494 920.833937016573]]]
5219	[[[2198.1200733333335 1094.9811742822149 920.8581538801142]]]
5220	[[[2197.720073333333 1095.00790780288 920.8865973660148]]]
5221	[[[2197.6400799999997 1095.0201358995598 920.9139390549461]]]
5222	[[[2197.400086666667 1095.0066925862482 920.9354267555535]]]
5223	[[[2197.5600866666664 1094.9559321895647 920.9472527368936]]]
5224	[[[2197.1600866666663 1094.858413436802 920.9468149895006]]]
5225	[[[2197.0000933333336 1094.7109563610493 920.9328587663161]]]
5226	[[[2196.8401 1094.5201749996877 920.9054986446358]]]
5227	[[[2196.520093333333 1094.3034301559035 920.8661339117799]]]
5228	[[[2196.4401 1094.0861877445827 920.8172797517362]]]
5229	[[[2196.4401 1093.8964419933384 920.7623411175081]]]
5230	[[[2195.9601066666664 1093.758202710362 920.7053541876484]]]
5231	[[[2195.72012 1093.6862960442786 920.6507129171224]]]
5232	[[[2195.72012 1093.6838397677582 920.6028885493178]]]
5233	[[[2195.72012 1093.7424084585155 920.5661423954817]]]
5234	[[[2195.72012 1093.8440101844253 920.5442305727807]]]
5235	[[[2195.8801133333336 1093.9640138846992 920.5401054226398]]]
5236	[[[2195.880113333333 1094.0747784177458 920.555630594467]]]
5237	[[[2195.880113333333 1094.150147733151 920.5913410126185]]]
5238	[[[2195.5601266666663 1094.1706251538424 920.6462894510361]]]
5239	[[[2195.5601266666663 1094.1281016069458 920.7180230980267]]]
5240	[[[2195.5601266666667 1094.0283012491645 920.8027235278988]]]
5241	[[[2195.480133333333 1093.8894079591212 920.8955223561876]]]
5242	[[[2195.480133333333 1093.736735013573 920.9909759888848]]]
5243	[[[2195.4001399999997 1093.5950652931476 921.0836516955827]]]
5244	[[[2194.920126666667 1093.4813836098458 921.1687498442876]]]
5245	[[[2195.0001199999997 1093.4005304166928 921.2426692837225]]]
5246	[[[2195.080113333333 1093.3450069214114 921.3034192528385]]]
5247	[[[2195.0001199999997 1093.2985193383277 921.3507949070848]]]
5248	[[[2194.920126666667 1093.2416572024865 921.3862652226823]]]
5249	[[[2194.840133333333 1093.1577322543808 921.4125688982907]]]
5250	[[[2194.68014 1093.0371556455186 921.4330689843304]]]
5251	[[[2194.6001466666667 1092.8794602241007 921.4509695320247]]]
5252	[[[2194.6001466666667 1092.692866993444 921.468534801487]]]
5253	[[[2194.6001466666667 1092.49195421074 921.4864621879378]]]
5254	[[[2194.7601333333337 1092.294384732954 921.5035380959407]]]
5255	[[[2194.9201266666664 1092.117686907982 921.5166538719576]]]
5256	[[[2195.1601133333334 1091.9767690452888 921.5211876241632]]]
5257	[[[2195.1601133333334 1091.8823521254096 921.5116843454502]]]
5258	[[[2195.0000999999997 1091.8401221282857 921.4827092382599]]]
5259	[[[2195.0000999999997 1091.8503451206052 921.429720989151]]]
5260	[[[2194.9201066666665 1091.907910060302 921.3498178620654]]]
5261	[[[2194.920106666667 1092.0029888428753 921.2422452232599]]]
5262	[[[2195.1600933333334 1092.122461199949 921.1086065320786]]]
5263	[[[2195.1600933333334 1092.2519332480379 920.952776118378]]]
5264	[[[2195.40008 1092.3778510690483 920.7805583196426]]]
5265	[[[2195.320086666667 1092.489173648877 920.5991661535618]]]
5266	[[[2195.2400733333334 1092.5783614697687 920.4166023245185]]]
5267	[[[2195.080066666667 1092.6417875435309 920.2410196874604]]]
5268	[[[2195.0000533333337 1092.679764129385 920.0801234298768]]]
5269	[[[2194.8400666666666 1092.6961508478955 919.9406590926501]]]
5270	[[[2194.6000799999997 1092.6972616103146 919.8280131806847]]]
5271	[[[2194.3600933333337 1092.689883615807 919.7459383688114]]]
5272	[[[2194.2801000000004 1092.6787303006859 919.6964035600771]]]
5273	[[[2194.3601 1092.66423250373 919.6795602487254]]]
5274	[[[2194.440113333333 1092.6417447408628 919.6938109963181]]]
5275	[[[2194.440113333333 1092.6027854187507 919.7359638047561]]]
5276	[[[2194.36012 1092.5380695305187 919.801457821963]]]
5277	[[[2194.1201333333333 1092.4413227407013 919.8846500504172]]]
5278	[[[2194.04012 1092.3125710720415 919.9791570410779]]]
5279	[[[2193.800133333333 1092.1598278246684 920.0782466327705]]]
5280	[[[2194.2001333333333 1091.9986325782386 920.1752698860552]]]
5281	[[[2194.2801466666665 1091.8494996845022 920.2641118424543]]]
5282	[[[2194.3601600000006 1091.733894702078 920.3396241347647]]]
5283	[[[2194.520166666667 1091.6698266737992 920.3979882365592]]]
5284	[[[2194.520166666667 1091.6683872736014 920.4369520881052]]]
5285	[[[2194.5201666666667 1091.732366475352 920.4558906654121]]]
5286	[[[2194.520166666667 1091.85732776695 920.4556648301341]]]
5287	[[[2194.6001600000004 1092.0344674452078 920.4382894234496]]]
5288	[[[2194.760166666667 1092.2537520940207 920.4064629870277]]]
5289	[[[2194.84016 1092.5057505423254 920.3630466487289]]]
5290	[[[2194.9201533333335 1092.7813698735742 920.3105977597248]]]
5291	[[[2195.16014 1093.069951748181 920.2510576468629]]]
5292	[[[2195.16014 1093.3571821784606 920.1856614111276]]]
5293	[[[2195.3201466666665 1093.624472463037 920.1150871345056]]]
5294	[[[2195.5601333333334 1093.8508031917193 920.039803934883]]]
5295	[[[2195.2401266666666 1094.016852455771 919.9605274597656]]]
5296	[[[2195.2401266666666 1094.1101017262372 919.8786607883209]]]
5297	[[[2195.4001133333336 1094.1289942688227 919.7965965872191]]]
5298	[[[2195.4001133333336 1094.0843612671977 919.7177838992185]]]
5299	[[[2195.5601 1093.9972275046305 919.646513969829]]]
5300	[[[2195.5601 1093.893482005766 919.5874423192968]]]
5301	[[[2195.6400933333334 1093.7972097127233 919.5449246965428]]]
5302	[[[2195.800086666667 1093.725095708719 919.5222895044736]]]
5303	[[[2196.120093333333 1093.6838436320825 919.5211895494659]]]
5304	[[[2196.0400999999997 1093.6711526515312 919.5411678112481]]]
5305	[[[2195.960106666667 1093.679182971191 919.5795373100686]]]
5306	[[[2195.72012 1093.6984868178358 919.6316208189673]]]
5307	[[[2195.72012 1093.7205916416415 919.691332149153]]]
5308	[[[2195.8001133333332 1093.7385943413117 919.7520185289501]]]
5309	[[[2195.5601266666667 1093.7464861655023 919.8074343532699]]]
5310	[[[2195.4801333333335 1093.7386250811926 919.8526892992745]]]
5311	[[[2195.6401199999996 1093.7104044518608 919.885013700436]]]
5312	[[[2195.5601266666667 1093.660023056518 919.9042114333452]]]
5313	[[[2195.5601266666667 1093.5901371591451 919.9127205123841]]]
5314	[[[2195.480133333333 1093.5078794325075 919.9152649837137]]]
5315	[[[2195.480133333333 1093.4225629882146 919.9181472276244]]]
5316	[[[2195.4801333333335 1093.3419054254898 919.9282864063917]]]
5317	[[[2195.3201400000003 1093.2688321174394 919.9521480333965]]]
5318	[[[2194.92014 1093.2009426905852 919.9947266150338]]]
5319	[[[2195.0801266666667 1093.1333434021772 920.0587366416199]]]
5320	[[[2195.16012 1093.0634941742735 920.1441380618843]]]
5321	[[[2195.3201066666666 1092.9952783436563 920.2480737234678]]]
5322	[[[2195.4001 1092.9396908144815 920.3652328453649]]]
5323	[[[2195.1601 1092.911374322305 920.4885837903427]]]
5324	[[[2195.1601 1092.9226437967973 920.6103520734038]]]
5325	[[[2195.080086666667 1092.9781285322024 920.7230695133663]]]
5326	[[[2194.8400866666666 1093.0727978194388 920.8205018455715]]]
5327	[[[2194.68008 1093.1941719465642 920.8982847253691]]]
5328	[[[2194.600086666667 1093.3272141467671 920.9541621986838]]]
5329	[[[2194.36008 1093.4591555956895 920.9878153314088]]]
5330	[[[2194.36008 1093.581970490941 921.0003685398469]]]
5331	[[[2194.1200733333335 1093.6919317618065 920.9937388708594]]]
5332	[[[2194.04008 1093.7874724195765 920.9700247394371]]]
5333	[[[2193.8800666666666 1093.867373797022 920.9311042718492]]]
5334	[[[2193.640066666667 1093.9307463949524 920.8785364919349]]]
5335	[[[2193.4800600000003 1093.9788436043507 920.8137550971351]]]
5336	[[[2193.3200733333333 1094.0173795181547 920.7384476464213]]]
5337	[[[2193.080066666667 1094.0575049403672 920.6549535711018]]]
5338	[[[2193.080066666667 1094.1141846607165 920.5665105826871]]]
5339	[[[2193.0000533333337 1094.2020584536385 920.4772300696441]]]
5340	[[[2192.9200533333337 1094.3302335888038 920.3917694564808]]]
5341	[[[2192.9200533333337 1094.4981417357924 920.3147641999118]]]
5342	[[[2192.8400533333333 1094.6942540477503 920.2501548587867]]]
5343	[[[2192.76004 1094.8982584358973 920.2005754521832]]]
5344	[[[2192.84004 1095.0858567735522 920.1669525480553]]]
5345	[[[2192.7600266666664 1095.2343464111239 920.1484089541323]]]
5346	[[[2192.8400266666667 1095.3270664491968 920.1424899303989]]]
5347	[[[2192.7600133333335 1095.3555808319538 920.1456548479897]]]
5348	[[[2192.8400133333334 1095.3196436731675 920.1539212304174]]]
5349	[[[2193.080013333333 1095.2258836146295 920.1635219821759]]]
5350	[[[2193.0000133333333 1095.086305102026 920.1714428847621]]]
5351	[[[2193.0000133333333 1094.9171554717368 920.175741460046]]]
5352	[[[2192.9200133333334 1094.7379047870907 920.1756004553441]]]
5353	[[[2192.9200133333334 1094.5696261309479 920.1711274688441]]]
5354	[[[2193.000026666667 1094.432296543091 920.1629645192494]]]
5355	[[[2193.000026666667 1094.3413307964126 920.1518075607415]]]
5356	[[[2193.000026666667 1094.3044688803795 920.1379496061436]]]
5357	[[[2193.3200266666668 1094.32035822891 920.1209505873038]]]
5358	[[[2193.40004 1094.379552628313 920.0995057388145]]]
5359	[[[2193.32004 1094.46750272555 920.0715397450512]]]
5360	[[[2193.32004 1094.5681439028422 920.034506138269]]]
5361	[[[2193.2400399999997 1094.6665335975183 919.9858304949166]]]
5362	[[[2193.4000466666666 1094.7497702578878 919.9234096474087]]]
5363	[[[2193.640046666667 1094.8066298838696 919.8460714923839]]]
5364	[[[2193.5600533333336 1094.8271801476894 919.7539109531027]]]
5365	[[[2193.5600533333336 1094.8035318619002 919.648443531791]]]
5366	[[[2193.40004 1094.731947240822 919.532552508937]]]
5367	[[[2193.4800400000004 1094.6153798419775 919.4102420457435]]]
5368	[[[2193.4800400000004 1094.4649100168037 919.2862394521417]]]
5369	[[[2193.400026666667 1094.2988208784893 919.1655105134196]]]
5370	[[[2193.400026666667 1094.1390339779598 919.0527593108045]]]
5371	[[[2193.3200266666668 1094.0057358236766 918.9519786211094]]]
5372	[[[2193.3200266666668 1093.9117507639085 918.8661016804848]]]
5373	[[[2193.4800133333333 1093.8583386341031 918.7967856841098]]]
5374	[[[2193.5600133333337 1093.8337282235054 918.7443371665868]]]
5375	[[[2193.5600133333337 1093.8150765563005 918.7077734990371]]]
5376	[[[2193.5600133333332 1093.7738146518948 918.6850048519818]]]
5377	[[[2193.48002 1093.6835098920255 918.6731160218243]]]
5378	[[[2193.2400199999997 1093.528465273339 918.6687244024574]]]
5379	[[[2193.160026666667 1093.3105252904643 918.6683856744397]]]
5380	[[[2193.4800266666666 1093.0514418028652 918.6690106766035]]]
5381	[[[2193.5600266666665 1092.7891091600131 918.6682466059032]]]
5382	[[[2193.4800266666666 1092.5679890677607 918.6647674511091]]]
5383	[[[2193.720026666667 1092.4264165136053 918.6584184319576]]]
5384	[[[2193.720026666667 1092.3850726244316 918.6501724894862]]]
5385	[[[2193.800026666667 1092.4407864279403 918.6418854487679]]]
5386	[[[2193.96004 1092.5678605624028 918.6358769991442]]]
5387	[[[2194.04004 1092.726159500695 918.634408382482]]]
5388	[[[2193.80004 1092.872641350249 918.6391624471238]]]
5389	[[[2193.9600466666666 1092.9720158883426 918.6508453742395]]]
5390	[[[2193.9600466666666 1093.0031074921462 918.669013958027]]]
5391	[[[2194.0400466666665 1092.9597026269548 918.6921873822176]]]
5392	[[[2193.9600333333337 1092.8470387599566 918.7182363389396]]]
5393	[[[2193.9600333333337 1092.676569381152 918.7449707765467]]]
5394	[[[2193.8800199999996 1092.4616830214143 918.770789583121]]]
5395	[[[2193.6400200000003 1092.2158529438786 918.7952280821082]]]
5396	[[[2193.96002 1091.9530087773571 918.819252059152]]]
5397	[[[2194.280026666667 1091.6886699652648 918.8451993903982]]]
5398	[[[2194.2000333333335 1091.440162285764 918.8763507402861]]]
5399	[[[2194.2800466666667 1091.2250314892137 918.9162000037749]]]
5400	[[[2194.2800466666667 1091.0579887842541 918.9675713058073]]]
5401	[[[2194.2000333333335 1090.947617738246 919.0317736744087]]]
5402	[[[2194.04004 1090.8941923729797 919.1079860159756]]]
5403	[[[2194.2000466666664 1090.8893918347374 919.1930230254602]]]
5404	[[[2194.120053333333 1090.9179202784132 919.2815564470893]]]
5405	[[[2194.2000666666668 1090.9605059641 919.3667724148958]]]
5406	[[[2194.440066666667 1090.9975858665148 919.4413546909233]]]
5407	[[[2194.5200800000002 1091.0129912703148 919.4986148124841]]]
5408	[[[2194.6800866666667 1090.9969204358802 919.5335579043905]]]
5409	[[[2195.000086666667 1090.94744374148 919.543683881403]]]
5410	[[[2195.0801 1090.8699841389707 919.5293755017019]]]
5411	[[[2194.840113333333 1090.7748231423773 919.4938060898426]]]
5412	[[[2194.840113333333 1090.6735111800945 919.442393202832]]]
5413	[[[2194.9201066666665 1090.5756027930172 919.381910015507]]]
5414	[[[2195.080093333333 1090.4869493861688 919.3194258139943]]]
5415	[[[2195.2401 1090.4098951136812 919.261269159033]]]
5416	[[[2195.4801 1090.3446857402166 919.2121895395785]]]
5417	[[[2195.400106666667 1090.2908941142152 919.1748425245382]]]
5418	[[[2195.5601 1090.2479770780324 919.1496533903245]]]
5419	[[[2195.6400933333334 1090.2148993634585 919.1350417162436]]]
5420	[[[2195.6400933333334 1090.1894583594242 919.1279296364623]]]
5421	[[[2195.8000933333333 1090.1680628962495 919.1244193117959]]]
5422	[[[2195.8000933333333 1090.1462843571435 919.120514047765]]]
5423	[[[2195.8000933333333 1090.1199148806381 919.112769543522]]]
5424	[[[2195.720093333334 1090.0859580786334 919.0987901851353]]]
5425	[[[2195.8800800000004 1090.0430859672617 919.0775217870951]]]
5426	[[[2196.0400666666665 1089.9914578140997 919.0493290403933]]]
5427	[[[2196.12006 1089.9321321670566 919.0158772549786]]]
5428	[[[2196.20006 1089.8664281579568 918.9798600840287]]]
5429	[[[2196.2800599999996 1089.7955048841197 918.9446262133584]]]
5430	[[[2196.3600533333333 1089.7202551396706 918.9137589202296]]]
5431	[[[2196.600066666667 1089.6414871482646 918.890655255096]]]
5432	[[[2196.7600533333334 1089.5603369011499 918.878140211989]]]
5433	[[[2196.680053333333 1089.4788434900972 918.8781401578173]]]
5434	[[[2196.7600466666668 1089.4005270283112 918.8914328406305]]]
5435	[[[2197.080033333333 1089.330628399908 918.9174901308623]]]
5436	[[[2197.0000333333332 1089.2755591381947 918.95443268418]]]
5437	[[[2197.4800266666666 1089.2412913692879 918.9991183467932]]]
5438	[[[2197.72002 1089.23096141859 919.0473824015913]]]
5439	[[[2197.9600333333337 1089.2426264722924 919.0944330769736]]]
5440	[[[2198.1200333333336 1089.268438130074 919.1353795379276]]]
5441	[[[2198.44004 1089.2961130415054 919.165836686209]]]
5442	[[[2198.680053333333 1089.3125380625188 919.182520960214]]]
5443	[[[2198.760053333333 1089.3081627156039 919.1837350281372]]]
5444	[[[2198.8400533333333 1089.2802022945546 919.169645367353]]]
5445	[[[2199.0000533333337 1089.2330425661867 919.1422875447062]]]
5446	[[[2198.8400400000005 1089.1754975682209 919.1052840071512]]]
5447	[[[2199.32004 1089.1161103427805 919.0633161915913]]]
5448	[[[2199.5600533333336 1089.0586994131484 919.0214417979381]]]
5449	[[[2199.7200533333335 1089.0002783347772 918.9843763318612]]]
5450	[[[2199.800066666667 1088.9323029969935 918.9558590582807]]]
5451	[[[2199.96008 1088.8445192042502 918.938199042596]]]
5452	[[[2199.8000733333333 1088.7293944696728 918.9320557662758]]]
5453	[[[2199.7200733333334 1088.584947553347 918.936463184742]]]
5454	[[[2199.7200733333334 1088.414836559862 918.9490674781163]]]
5455	[[[2199.800086666667 1088.2262016586685 918.9665241525877]]]
5456	[[[2199.9600800000003 1088.0269797440624 918.9849907552729]]]
5457	[[[2200.2000666666668 1087.8244719353495 919.0006535284477]]]
5458	[[[2200.440066666667 1087.6258547620382 919.0102338227875]]]
5459	[[[2200.8400666666666 1087.4398336209024 919.0114277365169]]]
5460	[[[2201.0000733333336 1087.2777344567621 919.0032378884547]]]
5461	[[[2201.480073333333 1087.1525898473835 918.9861605608904]]]
5462	[[[2201.4000733333332 1087.0760025138386 918.9621981076494]]]
5463	[[[2201.72006 1087.0539805408296 918.9346792265287]]]
5464	[[[2201.96006 1087.0837067824068 918.9078903184226]]]
5465	[[[2202.2800466666667 1087.1529468939896 918.8865484461697]]]
5466	[[[2202.4400333333333 1087.242704992115 918.8751759311332]]]
5467	[[[2202.60004 1087.3323468908513 918.8774618582169]]]
5468	[[[2202.92004 1087.405314816999 918.8957098488299]]]
5469	[[[2203.1600266666665 1087.453191839347 918.9304690899431]]]
5470	[[[2203.2400199999997 1087.476447742036 918.9804244624197]]]
5471	[[[2203.1600200000003 1087.4816047595148 919.0425831865203]]]
5472	[[[2203.08002 1087.4762827198292 919.1127450586799]]]
5473	[[[2203.320033333333 1087.4647645266057 919.1861896648043]]]
5474	[[[2203.08004 1087.4465785504397 919.2584673848718]]]
5475	[[[2203.2400333333335 1087.418979944491 919.3261520110353]]]
5476	[[[2203.00004 1087.3819153512525 919.3874095861989]]]
5477	[[[2203.0800400000003 1087.3424379308772 919.4422643530485]]]
5478	[[[2203.32004 1087.3156680464515 919.492496119503]]]
5479	[[[2203.3200399999996 1087.321265485658 919.54117504856]]]
5480	[[[2203.2400399999997 1087.376867605855 919.5919157491479]]]
5481	[[[2203.2400399999997 1087.4915614514955 919.6479959723274]]]
5482	[[[2203.4000333333333 1087.6623298361976 919.7115209286031]]]
5483	[[[2203.9600333333333 1087.8747977303692 919.7828122109495]]]
5484	[[[2204.040033333333 1088.107573210142 919.8601586967752]]]
5485	[[[2204.5200266666666 1088.3381160631764 919.9399930414856]]]
5486	[[[2204.5200266666666 1088.5478587531913 920.0174669642926]]]
5487	[[[2204.680026666667 1088.725042399884 920.0873117057927]]]
5488	[[[2204.36002 1088.8648743560775 920.1448070668163]]]
5489	[[[2204.4400133333334 1088.9676747545639 920.1866585748666]]]
5490	[[[2204.5200133333333 1089.036354750024 920.2116037626066]]]
5491	[[[2204.680006666667 1089.0746805717936 920.2206304529847]]]
5492	[[[2204.84002 1089.087239025788 920.216777304422]]]
5493	[[[2204.60002 1089.0809525989196 920.2045780971007]]]
5494	[[[2204.36002 1089.0668461216164 920.1892838512277]]]
5495	[[[2204.36002 1089.0602204089146 920.1760336267571]]]
5496	[[[2204.280026666667 1089.0779587393108 920.1691386092356]]]
5497	[[[2204.3600266666667 1089.1332898585008 920.1715996684312]]]
5498	[[[2203.720033333333 1089.2301323226927 920.1849110272702]]]
5499	[[[2203.8800399999996 1089.3599939348956 920.2091322924681]]]
5500	[[[2203.4000466666666 1089.5035627539721 920.2431569181645]]]
5501	[[[2203.320053333334 1089.636885565487 920.2850792077894]]]
5502	[[[2203.1600533333335 1089.7396346941687 920.3325661396835]]]
5503	[[[2203.4000466666666 1089.8018693479873 920.3831671596222]]]
5504	[[[2203.4000466666666 1089.8265758327213 920.4345316443605]]]
5505	[[[2203.1600533333335 1089.8275212684396 920.4845368958073]]]
5506	[[[2202.9200666666666 1089.8241159629217 920.5313506319853]]]
5507	[[[2202.5200666666665 1089.83577400205 920.5734588928291]]]
5508	[[[2202.3600666666666 1089.8774932143604 920.6096865329464]]]
5509	[[[2202.7600666666667 1089.9569786611971 920.639228908581]]]
5510	[[[2202.9200800000003 1090.0728498469455 920.6617047645258]]]
5511	[[[2202.8400866666666 1090.2138266552322 920.6772332587565]]]
5512	[[[2202.5201 1090.35969847453 920.6865310781494]]]
5513	[[[2202.5201 1090.485193272352 920.6910163583726]]]
5514	[[[2202.040106666667 1090.5668745010987 920.6928940809053]]]
5515	[[[2202.3601133333336 1090.5913011409784 920.6951856359692]]]
5516	[[[2202.2801200000004 1090.56115969692 920.701659070201]]]
5517	[[[2202.1201333333333 1090.496138185287 920.7166223567477]]]
5518	[[[2201.800146666667 1090.4272377467644 920.7445631256256]]]
5519	[[[2201.6401600000004 1090.3861158431187 920.789652607603]]]
5520	[[[2201.560166666667 1090.3934280420506 920.8551712822444]]]
5521	[[[2201.560166666667 1090.4507778465695 920.9429474261157]]]
5522	[[[2201.560166666667 1090.5395141323156 921.0529160645518]]]
5523	[[[2201.40018 1090.626912061298 921.1828974340368]]]
5524	[[[2201.160186666667 1090.677429261673 921.3286604089855]]]
5525	[[[2200.760186666667 1090.6648760803248 921.4842841125109]]]
5526	[[[2200.760186666667 1090.581130785956 921.6427722132607]]]
5527	[[[2201.0801733333337 1090.4384744009415 921.7968233478001]]]
5528	[[[2201.0001800000005 1090.2651100088979 921.9396300439099]]]
5529	[[[2201.0801733333337 1090.095961324758 922.0655748114408]]]
5530	[[[2200.6801733333336 1089.9623881896284 922.1707163014507]]]
5531	[[[2200.760166666667 1089.8844245688206 922.2530043853825]]]
5532	[[[2200.84016 1089.8676913401662 922.3122192610767]]]
5533	[[[2200.9201533333335 1089.9050716577094 922.3496825658546]]]
5534	[[[2200.8401400000002 1089.9815536868648 922.3678255707836]]]
5535	[[[2200.8401400000002 1090.079964321494 922.36971308475]]]
5536	[[[2200.8401400000002 1090.1856328574256 922.3586107763604]]]
5537	[[[2201.000126666667 1090.2888911954149 922.3376543342653]]]
5538	[[[2201.000126666667 1090.3852523556761 922.3096423328107]]]
5539	[[[2201.16012 1090.4738430249224 922.2769430901844]]]
5540	[[[2201.3201066666666 1090.5551112410894 922.2414881852587]]]
5541	[[[2201.4001 1090.6289248571102 922.2048241053857]]]
5542	[[[2201.2401000000004 1090.6938537264068 922.1682039806346]]]
5543	[[[2201.720093333334 1090.7477568950499 922.1327138922755]]]
5544	[[[2201.720093333333 1090.7890798185545 922.0994328827851]]]
5545	[[[2201.8000866666666 1090.8179153353735 922.0696171759682]]]
5546	[[[2201.8800800000004 1090.8361114454494 922.044879457047]]]
5547	[[[2201.9600733333336 1090.8463499211828 922.0273127681286]]]
5548	[[[2202.360073333333 1090.8507389912093 922.0194983681946]]]
5549	[[[2202.9200800000003 1090.8496970232181 922.0243480183077]]]
5550	[[[2203.080066666667 1090.8417059692802 922.0447660645171]]]
5551	[[[2203.3200533333334 1090.8241083338635 922.0831678467433]]]
5552	[[[2203.400053333333 1090.7947528828552 922.1409426442538]]]
5553	[[[2203.96004 1090.754033440662 922.2179831830717]]]
5554	[[[2203.96004 1090.7066565409461 922.3124055742725]]]
5555	[[[2204.04004 1090.6623244747655 922.4205492703882]]]
5556	[[[2204.2000333333335 1090.634593130237 922.537284084037]]]
5557	[[[2204.2800333333334 1090.6376458861548 922.6565780364741]]]
5558	[[[2204.2800333333334 1090.6815889191478 922.7722171222937]]]
5559	[[[2204.440026666666 1090.767776773858 922.8785339768957]]]
5560	[[[2204.8400266666667 1090.8861172538325 922.9710057592702]]]
5561	[[[2205.1600333333336 1091.0159256155355 923.0466195419309]]]
5562	[[[2205.2400333333335 1091.130720137446 923.1039632716843]]]
5563	[[[2204.9200266666667 1091.2057875284838 923.1430637270672]]]
5564	[[[2204.5200266666666 1091.2260334055443 923.165042442157]]]
5565	[[[2204.600026666667 1091.191180381379 923.1716850415633]]]
5566	[[[2204.6000266666665 1091.116112083405 923.1650166081645]]]
5567	[[[2204.5200266666666 1091.0259258323315 923.146951973141]]]
5568	[[[2204.200026666667 1090.9473613800212 923.11905690943]]]
5569	[[[2204.4400333333333 1090.8997569873518 923.0824263990371]]]
5570	[[[2204.2800399999996 1090.8888246273482 923.0376677394921]]]
5571	[[[2204.28004 1090.9053069408385 922.9849710247826]]]
5572	[[[2204.36004 1090.928673280948 922.924252955694]]]
5573	[[[2204.2000333333335 1090.9343595643522 922.8553640203558]]]
5574	[[[2204.2800333333334 1090.9022075454698 922.7783465820029]]]
5575	[[[2204.20004 1090.8236667651208 922.6937195246642]]]
5576	[[[2204.040033333333 1090.7056669958376 922.6027471783683]]]
5577	[[[2203.9600333333333 1090.5697349880936 922.5076345907055]]]
5578	[[[2203.8000466666667 1090.4460921649136 922.4115875847418]]]
5579	[[[2203.7200533333335 1090.3641792041733 922.3186911731045]]]
5580	[[[2203.6400533333335 1090.3427796942724 922.2335939906201]]]
5581	[[[2203.5600533333336 1090.3836439169604 922.1610321247862]]]
5582	[[[2203.5600533333336 1090.4714587290673 922.1052701543031]]]
5583	[[[2203.3200666666667 1090.5803678633545 922.0695661581653]]]
5584	[[[2203.2400733333334 1090.684289114972 922.0557704744509]]]
5585	[[[2203.400066666667 1090.7665973192527 922.0641422259695]]]
5586	[[[2203.400066666667 1090.8252305020317 922.0934191607685]]]
5587	[[[2203.2400666666667 1090.8715668655275 922.1411183995988]]]
5588	[[[2202.9200800000003 1090.924213813277 922.2039943958367]]]
5589	[[[2202.6000933333335 1091.0007689194163 922.2785497068772]]]
5590	[[[2202.36008 1091.1109448501181 922.3614913708651]]]
5591	[[[2202.0400933333335 1091.2533552182574 922.4500494854738]]]
5592	[[[2202.1200933333334 1091.4164711478454 922.5421160166907]]]
5593	[[[2202.1200933333334 1091.5826221277448 922.6362077046633]]]
5594	[[[2202.4400800000003 1091.7330326389972 922.7312943449796]]]
5595	[[[2202.5200800000002 1091.8519695227212 922.8265543402666]]]
5596	[[[2202.7600933333333 1091.9289428337606 922.9211214372457]]]
5597	[[[2202.8400933333337 1091.959077038821 923.0138742508535]]]
5598	[[[2202.8400933333332 1091.942661851808 923.1033011920076]]]
5599	[[[2202.8400933333332 1091.8850494807987 923.1874552586256]]]
5600	[[[2202.7600933333333 1091.7973965160547 923.2640002341165]]]
5601	[[[2202.7600933333333 1091.6976179102878 923.3303423614428]]]
5602	[[[2202.6801 1091.610021809337 923.3838364769208]]]
5603	[[[2202.440086666667 1091.562106548956 923.4220490462793]]]
5604	[[[2202.440086666667 1091.5781620706357 923.4430505595601]]]
5605	[[[2202.2801000000004 1091.6711667576963 923.4456977834453]]]
5606	[[[2202.6801 1091.8360016534828 923.4298571236158]]]
5607	[[[2202.440113333333 1092.047226729027 923.3965197034325]]]
5608	[[[2202.5201066666673 1092.2632478959276 923.3477709284185]]]
5609	[[[2202.2001200000004 1092.4362475083374 923.2866023603596]]]
5610	[[[2201.9601333333335 1092.5249471635295 923.2165867539724]]]
5611	[[[2201.8801200000003 1092.5061889408616 923.1414693980049]]]
5612	[[[2201.56012 1092.3818204070676 923.0647508116732]]]
5613	[[[2201.56012 1092.179026927529 922.9893402388292]]]
5614	[[[2201.080106666667 1091.9442575360117 922.9173442298733]]]
5615	[[[2200.840106666667 1091.7325275571454 922.8500237513389]]]
5616	[[[2200.5201066666664 1091.5948072760102 922.7879150929126]]]
5617	[[[2200.3601 1091.5664068111666 922.7310744261108]]]
5618	[[[2200.8401000000003 1091.6588860320173 922.6793818199175]]]
5619	[[[2200.6800866666667 1091.8572163235094 922.6328326867903]]]
5620	[[[2200.6800866666667 1092.1228298850353 922.5917533549067]]]
5621	[[[2200.2000733333334 1092.4019393708857 922.5568993060245]]]
5622	[[[2200.44006 1092.6372819457747 922.5294239572381]]]
5623	[[[2200.4400600000004 1092.780528133465 922.5107364549591]]]
5624	[[[2200.360046666667 1092.8023383573889 922.5022929391483]]]
5625	[[[2200.2800333333334 1092.6976544261927 922.5053820930976]]]
5626	[[[2199.8800333333334 1092.4851477405657 922.5209685713136]]]
5627	[[[2200.2000333333335 1092.2013306898518 922.5496448334364]]]
5628	[[[2200.44002 1091.8911021815313 922.5917135157943]]]
5629	[[[2200.5200333333332 1091.5971220379274 922.6473831802946]]]
5630	[[[2200.5200333333332 1091.3504381884798 922.7170188380372]]]
5631	[[[2200.5200333333332 1091.164432055033 922.8013569138807]]]
5632	[[[2200.9200333333333 1091.0334812643175 922.9015842786881]]]
5633	[[[2200.680046666667 1090.936685694345 923.0192005907867]]]
5634	[[[2200.8400600000004 1090.8455957553958 923.1556325794253]]]
5635	[[[2200.9200533333333 1090.7335222998117 923.3116385400903]]]
5636	[[[2200.8400533333333 1090.5833581678653 923.4866133903066]]]
5637	[[[2200.520053333333 1090.391374377534 923.677957689943]]]
5638	[[[2200.7600466666668 1090.1660477714886 923.8806895087208]]]
5639	[[[2200.8400600000004 1089.9229316780627 924.0874466211875]]]
5640	[[[2201.16006 1089.6780304792098 924.2889519738166]]]
5641	[[[2201.16006 1089.4425099638927 924.4749142768075]]]
5642	[[[2200.9200733333337 1089.2207886313709 924.6352329927425]]]
5643	[[[2200.6000733333335 1089.0124653479486 924.7612994022911]]]
5644	[[[2200.5200600000003 1088.8167821451013 924.847153178841]]]
5645	[[[2200.5200600000003 1088.6371441878293 924.8902756298147]]]
5646	[[[2200.44006 1088.4832112877848 924.8918713100484]]]
5647	[[[2200.2000666666668 1088.369321696431 924.8565920099146]]]
5648	[[[2200.2000666666668 1088.3099083494255 924.7917671024215]]]
5649	[[[2200.040053333333 1088.3140944723245 924.7062971694905]]]
5650	[[[2199.8800466666667 1088.3819888494818 924.6094242274249]]]
5651	[[[2199.9600466666666 1088.504263857251 924.5096015396156]]]
5652	[[[2200.120053333333 1088.6650488506448 924.4136495517296]]]
5653	[[[2199.720053333333 1088.8468665675175 924.3263123431956]]]
5654	[[[2199.8800400000005 1089.0357675620069 924.2502385104575]]]
5655	[[[2199.56004 1089.2249462634234 924.186321854342]]]
5656	[[[2199.4800400000004 1089.4156853464037 924.1342695524677]]]
5657	[[[2199.3200266666668 1089.6152848224353 924.0932323749183]]]
5658	[[[2199.4800333333333 1089.832595980255 924.0623386489743]]]
5659	[[[2199.4800333333333 1090.0726977673628 924.0410175051106]]]
5660	[[[2199.320033333333 1090.3327310871516 924.0290652074764]]]
5661	[[[2199.4000333333333 1090.6005777304701 924.0264829168591]]]
5662	[[[2199.240026666667 1090.8569371650447 924.0331753772883]]]
5663	[[[2199.080013333333 1091.0799102678086 924.0486318178577]]]
5664	[[[2199.000013333333 1091.250178794461 924.0717052386191]]]
5665	[[[2198.9200133333334 1091.354799452257 924.1005674499471]]]
5666	[[[2198.68002 1091.3885108075203 924.1328580435039]]]
5667	[[[2198.360013333333 1091.35276595321 924.165985088612]]]
5668	[[[2198.4400266666667 1091.2537348104458 924.197492593773]]]
5669	[[[2198.1200266666665 1091.100741591906 924.2253967920616]]]
5670	[[[2197.8800333333334 1090.9059530032594 924.248411595168]]]
5671	[[[2197.800033333333 1090.6850271400083 924.2660239068235]]]
5672	[[[2197.8000333333334 1090.4575301058258 924.2784259122677]]]
5673	[[[2197.4800266666666 1090.2457692071787 924.2863475542684]]]
5674	[[[2197.2400333333335 1090.0714115505564 924.2908474935239]]]
5675	[[[2197.16004 1089.950506889857 924.2931135035577]]]
5676	[[[2196.9200466666666 1089.8886629096735 924.2943008282018]]]
5677	[[[2196.8400466666667 1089.878508160099 924.2954117016207]]]
5678	[[[2196.6000599999998 1089.9009480927232 924.2972023972688]]]
5679	[[[2196.5200666666665 1089.9302971775662 924.300101793718]]]
5680	[[[2196.600066666667 1089.9417854363899 924.3041361784911]]]
5681	[[[2196.76006 1089.9189236626235 924.3088716605412]]]
5682	[[[2196.84006 1089.8582330863694 924.3133988495279]]]
5683	[[[2196.520053333333 1089.7698638720315 924.3163872090992]]]
5684	[[[2196.36006 1089.6741403470103 924.3162263875311]]]
5685	[[[2196.36006 1089.595400351738 924.3112518038516]]]
5686	[[[2196.2000733333334 1089.5551407294852 924.3000282465628]]]
5687	[[[2196.0400799999998 1089.5663298078587 924.2816453882855]]]
5688	[[[2195.9600866666665 1089.6300571380461 924.2559684104217]]]
5689	[[[2195.9600866666665 1089.7348822523638 924.2237879450685]]]
5690	[[[2196.0400799999998 1089.8586616960577 924.1868260424462]]]
5691	[[[2195.9600866666665 1089.9723821348996 924.1475766505213]]]
5692	[[[2195.7201 1090.0454652759024 924.1089868107352]]]
5693	[[[2195.7201 1090.0518926228863 924.0740143778025]]]
5694	[[[2196.040106666667 1089.976194462749 924.0451248524563]]]
5695	[[[2195.8801066666665 1089.8179863808584 924.0238086644246]]]
5696	[[[2195.8801066666665 1089.5936514801272 924.0102059801584]]]
5697	[[[2195.6401199999996 1089.3342492557733 924.0029154775578]]]
5698	[[[2195.6401199999996 1089.0797704263878 923.9990363898718]]]
5699	[[[2195.960126666667 1088.8710654868103 923.9944535582853]]]
5700	[[[2196.04012 1088.7415949507601 923.984331225559]]]
5701	[[[2196.3601066666665 1088.7111778130402 923.963742833313]]]
5702	[[[2196.3601066666665 1088.7831339937266 923.9283401952683]]]
5703	[[[2196.2801133333337 1088.944990746782 923.8749612958272]]]
5704	[[[2196.440106666667 1089.1718013250118 923.8020912553551]]]
5705	[[[2196.2801200000004 1089.430578994742 923.7101201166092]]]
5706	[[[2196.2801200000004 1089.6845664083035 923.6013754187587]]]
5707	[[[2196.2001066666667 1089.8968401879558 923.4799386100948]]]
5708	[[[2196.1200933333334 1090.0335754325042 923.3512768610996]]]
5709	[[[2195.800086666667 1090.067586253059 923.2217348568774]]]
5710	[[[2195.6401 1089.9822535760331 923.0979374939062]]]
5711	[[[2195.4001133333336 1089.774966142648 922.9861583405292]]]
5712	[[[2195.480106666667 1089.4585172233449 922.8917131605032]]]
5713	[[[2195.5601 1089.059238468623 922.8184423939343]]]
5714	[[[2195.000086666667 1088.612054137041 922.7683474859265]]]
5715	[[[2195.080086666667 1088.154273733722 922.7414379559095]]]
5716	[[[2194.6800866666667 1087.7206161461493 922.7358249876539]]]
5717	[[[2194.5200800000002 1087.341032921972 922.7480630074183]]]
5718	[[[2194.7600666666667 1087.0408907593853 922.7736984899581]]]
5719	[[[2194.6000733333335 1086.8413981810947 922.8079448914565]]]
5720	[[[2194.680066666667 1086.7581068314573 922.846375568312]]]
5721	[[[2194.6000533333336 1086.7970335836446 922.8855218450877]]]
5722	[[[2194.6000533333336 1086.9502631071657 922.9232841540212]]]
5723	[[[2194.76006 1087.194131329743 922.9591058522195]]]
5724	[[[2194.6000533333336 1087.492296131145 922.9939107290065]]]
5725	[[[2194.6000533333336 1087.8035922024058 923.0298519398201]]]
5726	[[[2194.6000533333336 1088.0920132175154 923.0699493360557]]]
5727	[[[2194.440046666667 1088.3349655260845 923.1176970587452]]]
5728	[[[2194.200046666667 1088.5266843216402 923.1767052085805]]]
5729	[[[2194.600046666667 1088.6758452990841 923.2504072500222]]]
5730	[[[2194.2800466666667 1088.798752442223 923.3418313984786]]]
5731	[[[2194.36006 1088.9109750639407 923.4534115700858]]]
5732	[[[2194.440073333333 1089.0205087421912 923.5868083866367]]]
5733	[[[2194.120073333333 1089.1246425174434 923.7427228057487]]]
5734	[[[2194.04008 1089.211248176816 923.9207072843898]]]
5735	[[[2193.960086666667 1089.2636991484214 924.1190017599424]]]
5736	[[[2194.2800866666666 1089.2674915839016 924.334434753112]]]
5737	[[[2194.520086666667 1089.2161716134515 924.5624284385414]]]
5738	[[[2194.440093333333 1089.1145135069248 924.797131232223]]]
5739	[[[2194.6001 1088.9779442724837 925.0316778965006]]]
5740	[[[2194.6001 1088.8285839469236 925.258553341151]]]
5741	[[[2194.5200866666664 1088.6894198944944 925.47001943311]]]
5742	[[[2194.8400866666666 1088.57862029819 925.6585582112725]]]
5743	[[[2194.9201000000003 1088.5057152806583 925.8172896908821]]]
5744	[[[2194.680113333334 1088.4705747344433 925.9403341331473]]]
5745	[[[2195.080113333334 1088.4651706792292 926.0231018257681]]]
5746	[[[2195.0000999999997 1088.4773224038952 926.0625033547784]]]
5747	[[[2194.9200866666665 1088.4951190313375 926.0570778479629]]]
5748	[[[2195.0000999999997 1088.5105564735047 926.0070366569231]]]
5749	[[[2195.3200866666666 1088.5211860300763 925.9142186940979]]]
5750	[[[2195.2400733333334 1088.5292819530212 925.7819550130738]]]
5751	[[[2195.000086666667 1088.5390334037747 925.6148466662056]]]
5752	[[[2195.000086666667 1088.55313262457 925.4184710777146]]]
5753	[[[2194.9200733333337 1088.5703668969388 925.1990449312933]]]
5754	[[[2194.760066666667 1088.585205226915 924.9630809950214]]]
5755	[[[2194.9200533333333 1088.589213043818 924.7170778406172]]]
5756	[[[2195.000066666667 1088.5731594428946 924.4672728864604]]]
5757	[[[2194.8400733333333 1088.5285652078492 924.219472010515]]]
5758	[[[2195.00006 1088.4482523254017 923.978947966198]]]
5759	[[[2195.00006 1088.3265620308837 923.7503817344373]]]
5760	[[[2194.760066666667 1088.1603995904306 923.5378120982605]]]
5761	[[[2194.760066666667 1087.9516602791236 923.344562762872]]]
5762	[[[2194.760066666667 1087.710258057526 923.1731327261178]]]
5763	[[[2195.0000533333337 1087.4558933905664 923.025059544617]]]
5764	[[[2194.6000533333336 1087.2167236904336 922.9007889625619]]]
5765	[[[2195.0000533333337 1087.0243444330588 922.7995998718666]]]
5766	[[[2194.92004 1086.9062396810348 922.7196346352407]]]
5767	[[[2194.60004 1086.8781308795715 922.6580694008935]]]
5768	[[[2194.8400400000005 1086.9388501472747 922.6114300128787]]]
5769	[[[2194.8400400000005 1087.0695595930526 922.5760235151494]]]
5770	[[[2194.680053333333 1087.237813585788 922.5484224021112]]]
5771	[[[2194.60004 1087.405576155122 922.5259177956063]]]
5772	[[[2194.4400333333333 1087.5391127071005 922.5068550651973]]]
5773	[[[2194.2000333333335 1087.6178698157473 922.490783098954]]]
5774	[[[2194.1200200000003 1087.639372436028 922.4783835208536]]]
5775	[[[2193.960013333334 1087.6181675457385 922.4711912816259]]]
5776	[[[2194.3600133333334 1087.578917327263 922.471163079218]]]
5777	[[[2194.680013333333 1087.546194568213 922.4801843322261]]]
5778	[[[2194.7600133333335 1087.5351471709198 922.4996202148574]]]
5779	[[[2194.8400266666667 1087.5469427972157 922.5300069449967]]]
5780	[[[2194.680026666667 1087.5706743806525 922.5709469731963]]]
5781	[[[2194.9200266666667 1087.5902631855781 922.6212225826113]]]
5782	[[[2195.08004 1087.592527783595 922.6790879900719]]]
5783	[[[2194.9200533333333 1087.5723041017834 922.7426539603197]]]
5784	[[[2194.9200533333333 1087.5324146377322 922.8102538615238]]]
5785	[[[2194.76004 1087.4792337435213 922.8806841852075]]]
5786	[[[2194.68004 1087.416878177018 922.953246761857]]]
5787	[[[2194.68004 1087.3434667801803 923.0275767746872]]]
5788	[[[2194.7600533333334 1087.2514142551938 923.1033055279653]]]
5789	[[[2194.7600533333334 1087.131395550009 923.1796613425892]]]
5790	[[[2194.680053333334 1086.9778054916744 923.2551388919495]]]
5791	[[[2194.2000533333335 1086.7930883586928 923.3273564700056]]]
5792	[[[2193.720053333333 1086.5891616641768 923.393172477547]]]
5793	[[[2193.4000666666666 1086.3855782727098 923.4490588156749]]]
5794	[[[2193.2400533333334 1086.2052602830752 923.4916507986782]]]
5795	[[[2192.9200533333337 1086.0692066708618 923.5183345758793]]]
5796	[[[2192.5200533333336 1085.9916149629353 923.5277133796282]]]
5797	[[[2192.36004 1085.9766477247506 923.5198215877743]]]
5798	[[[2192.200026666667 1086.0177559889264 923.4960243742195]]]
5799	[[[2192.1200266666665 1086.0999497945757 923.4586308801048]]]
5800	[[[2192.040026666667 1086.2045620423842 923.4103328606179]]]
5801	[[[2192.040026666667 1086.3150329743369 923.3536320930644]]]
5802	[[[2191.8800266666667 1086.4215388559135 923.2904217284304]]]
5803	[[[2191.56002 1086.5224686985237 923.2218381820006]]]
5804	[[[2191.48002 1086.6220136638985 923.1484164017011]]]
5805	[[[2191.6400333333336 1086.72500668088 923.0704891142991]]]
5806	[[[2191.5600333333336 1086.8316451940989 922.9886989823766]]]
5807	[[[2191.6400333333336 1086.9349049008267 922.9044630825628]]]
5808	[[[2191.4800200000004 1087.0220578373765 922.8202487352811]]]
5809	[[[2191.3200266666668 1087.079456261182 922.7395791280615]]]
5810	[[[2191.240026666667 1087.0979423485999 922.6667647806108]]]
5811	[[[2191.1600333333336 1087.075982745465 922.6064271200468]]]
5812	[[[2191.00004 1087.019050294182 922.5629228767956]]]
5813	[[[2190.8400466666667 1086.9359668578038 922.5397840677797]]]
5814	[[[2190.680053333333 1086.8345167202249 922.5392628908118]]]
5815	[[[2190.6000599999998 1086.7187402425304 922.56202884298]]]
5816	[[[2190.440066666667 1086.5890413017557 922.6070249043905]]]
5817	[[[2190.3600733333337 1086.4445384949477 922.6714646527095]]]
5818	[[[2190.4400666666666 1086.2860042384418 922.7509475935653]]]
5819	[[[2190.3600666666666 1086.1177274714817 922.8396808712413]]]
5820	[[[2190.04006 1085.9474350172686 922.9308103636766]]]
5821	[[[2190.04006 1085.7843995531348 923.0168705659247]]]
5822	[[[2189.8800666666666 1085.6365797806584 923.0903529168763]]]
5823	[[[2189.8800666666666 1085.5079459978565 923.1443665858706]]]
5824	[[[2189.8800666666666 1085.3970915247573 923.1733322601149]]]
5825	[[[2189.8800666666666 1085.2978463936654 923.1736206570041]]]
5826	[[[2189.8000733333333 1085.201901296861 923.144035269586]]]
5827	[[[2190.040066666667 1085.1025695347778 923.0860500221961]]]
5828	[[[2190.3600733333337 1084.9981454234503 923.0037462301698]]]
5829	[[[2190.5200666666665 1084.8932952387268 922.903441539025]]]
5830	[[[2190.6800599999997 1084.7976954198678 922.7930542468306]]]
5831	[[[2190.7600533333334 1084.7223849810514 922.6812875565796]]]
5832	[[[2190.8400466666667 1084.6753617973675 922.5767416718137]]]
5833	[[[2190.7600533333334 1084.658242641324 922.4870648445694]]]
5834	[[[2190.7600533333334 1084.6652048480094 922.4182405691591]]]
5835	[[[2190.7600533333334 1084.684341103838 922.374083398825]]]
5836	[[[2190.6800599999997 1084.7006277273597 922.3559869747786]]]
5837	[[[2190.9200533333333 1084.6993718343617 922.3629393819598]]]
5838	[[[2190.76006 1084.6692542255466 922.3917945432562]]]
5839	[[[2190.8400533333333 1084.6045515843416 922.4377635791293]]]
5840	[[[2190.76006 1084.506405025647 922.4950662419641]]]
5841	[[[2190.8400533333333 1084.382984327438 922.5576608012199]]]
5842	[[[2190.6000599999998 1084.2482922230815 922.619954914427]]]
5843	[[[2190.2800533333334 1084.1194787496668 922.6773958297887]]]
5844	[[[2190.200053333333 1084.0130053155547 922.7268511801118]]]
5845	[[[2190.2000533333335 1083.9405901478806 922.7667238910025]]]
5846	[[[2190.12006 1083.9061807292785 922.7967931304242]]]
5847	[[[2190.1200599999997 1083.9049707866739 922.817828660511]]]
5848	[[[2190.360053333333 1083.9247924131514 922.8310752541296]]]
5849	[[[2190.2800599999996 1083.9494310428188 922.8377335270321]]]
5850	[[[2190.2800599999996 1083.962895953441 922.8385641830523]]]
5851	[[[2190.520053333333 1083.953551691265 922.8337123154985]]]
5852	[[[2190.2000666666663 1083.9171452690225 922.8227937031097]]]
5853	[[[2190.120073333333 1083.8579762601319 922.8052195971676]]]
5854	[[[2189.9600866666665 1083.7877353990443 922.7806769742562]]]
5855	[[[2189.72008 1083.722011418479 922.7496424698429]]]
5856	[[[2189.72008 1083.6751962107953 922.7137990850309]]]
5857	[[[2189.72008 1083.655297743133 922.6762460412305]]]
5858	[[[2189.72008 1083.6605607321499 922.6414369353935]]]
5859	[[[2189.640086666667 1083.6794171983393 922.6148376556604]]]
5860	[[[2189.480093333333 1083.69414090339 922.602350088167]]]
5861	[[[2189.7200866666667 1083.6871210957709 922.6095894989782]]]
5862	[[[2189.6400933333334 1083.647582436363 922.6411262439497]]]
5863	[[[2189.3201066666666 1083.5763619384081 922.6998049592166]]]
5864	[[[2189.4801 1083.4870615135717 922.7862395770759]]]
5865	[[[2189.400106666667 1083.4031505982164 922.8985555508103]]]
5866	[[[2189.1601133333334 1083.351859503023 923.0324169421074]]]
5867	[[[2189.2401066666666 1083.356570989814 923.1813399235806]]]
5868	[[[2189.3201 1083.429736220267 923.3372590321111]]]
5869	[[[2189.2400866666667 1083.568168325208 923.4912809644288]]]
5870	[[[2189.4001 1083.752029410179 923.6345359988622]]]
5871	[[[2189.4001 1083.9480302881368 923.7590230574505]]]
5872	[[[2189.480093333333 1084.1163929299582 923.8583446658554]]]
5873	[[[2189.480093333333 1084.2201151527618 923.9282445553622]]]
5874	[[[2189.4001 1084.2342581218181 923.9668918643674]]]
5875	[[[2189.4001 1084.1526644489295 923.9748961232864]]]
5876	[[[2189.160106666667 1083.9899791595096 923.9550775031698]]]
5877	[[[2189.080113333333 1083.7781239271706 923.9120476609654]]]
5878	[[[2189.1601066666667 1083.5581290943537 923.851671265264]]]
5879	[[[2188.92012 1083.369800748831 923.780475818044]]]
5880	[[[2189.080106666667 1083.2424007471193 923.7050626943836]]]
5881	[[[2189.0001133333335 1083.1890061524398 923.6315544544456]]]
5882	[[[2188.92012 1083.2057306362258 923.5651015809017]]]
5883	[[[2188.92012 1083.2752471064543 923.5094709104002]]]
5884	[[[2189.0801266666667 1083.372834632866 923.4667466537812]]]
5885	[[[2189.0801266666667 1083.4729057592065 923.4371854567207]]]
5886	[[[2189.0001333333335 1083.5545157644976 923.4192691298525]]]
5887	[[[2188.92014 1083.6051806234266 923.4099842338827]]]
5888	[[[2189.0001333333335 1083.6228948909911 923.4053246327916]]]
5889	[[[2189.0001333333335 1083.6163446186604 923.4009673520371]]]
5890	[[[2189.0001333333335 1083.6031760068645 923.393025937135]]]
5891	[[[2189.2401266666666 1083.6062288180517 923.3787536237777]]]
5892	[[[2189.4001133333336 1083.648127444406 923.3570628195771]]]
5893	[[[2189.6401066666667 1083.745382902117 923.3287525464702]]]
5894	[[[2189.6401066666667 1083.903696213565 923.2963878259415]]]
5895	[[[2189.5601133333334 1084.1159883029109 923.263843140689]]]
5896	[[[2189.6401066666667 1084.363749104842 923.235590403781]]]
5897	[[[2189.7201 1084.6210619112117 923.2158645954854]]]
5898	[[[2189.6401066666667 1084.8598149993832 923.2078655572446]]]
5899	[[[2189.7201 1085.0545934038737 923.2131470229733]]]
5900	[[[2189.8000933333333 1085.1864023313756 923.2313058379914]]]
5901	[[[2189.8000933333333 1085.245119074384 923.2600240205714]]]
5902	[[[2189.7201 1085.2308503264928 923.2954468332342]]]
5903	[[[2189.8801000000003 1085.1541108674717 923.3328158570142]]]
5904	[[[2190.2000866666663 1085.034368764771 923.367230174653]]]
5905	[[[2190.120093333333 1084.8965675451336 923.3943899395107]]]
5906	[[[2189.8801000000003 1084.765916912517 923.4111876659103]]]
5907	[[[2189.8801000000003 1084.6621815229794 923.4160499762849]]]
5908	[[[2189.6401066666667 1084.5952562319437 923.4089873314814]]]
5909	[[[2189.7201 1084.5635558693787 923.3913692525156]]]
5910	[[[2189.9600933333336 1084.5557338459923 923.3654950515341]]]
5911	[[[2190.040086666667 1084.554989072774 923.3340647380102]]]
5912	[[[2189.9600933333336 1084.5443380910917 923.2996655041525]]]
5913	[[[2189.9600933333336 1084.511076553919 923.2643753142921]]]
5914	[[[2189.800106666667 1084.4491902042148 923.2295511043062]]]
5915	[[[2189.9601 1084.3593675554077 923.1958234229745]]]
5916	[[[2190.0400933333335 1084.2471156941829 923.163272588512]]]
5917	[[[2190.120086666667 1084.120006236584 923.13172393611]]]
5918	[[[2190.120086666667 1083.9851807573175 923.1010793203642]]]
5919	[[[2189.8001 1083.847968068447 923.0716022051556]]]
5920	[[[2189.880093333333 1083.7119319918156 923.0440927573954]]]
5921	[[[2189.880093333333 1083.5800422461043 923.0199210284627]]]
5922	[[[2189.8001 1083.4561461035848 923.0009213959755]]]
5923	[[[2189.8001 1083.3457366019986 922.9891806813071]]]
5924	[[[2189.8001 1083.2553184856333 922.986769143677]]]
5925	[[[2189.6400999999996 1083.190416497304 922.9954657515473]]]
5926	[[[2189.6401 1083.1531256999588 923.0165193143288]]]
5927	[[[2189.720093333333 1083.1405744359342 923.050471024798]]]
5928	[[[2189.88008 1083.1453835701 923.0970482437738]]]
5929	[[[2190.040066666667 1083.1582062271734 923.1551287055927]]]
5930	[[[2189.8800733333333 1083.1712448607113 923.2227702265278]]]
5931	[[[2189.8800733333333 1083.180989602016 923.2973017333624]]]
5932	[[[2189.8800733333333 1083.188757642215 923.3754734354734]]]
5933	[[[2189.720073333333 1083.1987954790077 923.4536637948141]]]
5934	[[[2189.720073333333 1083.2150504078256 923.528136855653]]]
5935	[[[2189.720073333333 1083.238418985654 923.5953359974354]]]
5936	[[[2189.6400799999997 1083.2659205286036 923.6521915172275]]]
5937	[[[2189.6400799999997 1083.292060323717 923.6964124114992]]]
5938	[[[2189.720073333333 1083.3113844652287 923.7267294411603]]]
5939	[[[2189.720073333333 1083.3206654613978 923.743057899865]]]
5940	[[[2189.6400799999997 1083.319607824655 923.7465541861992]]]
5941	[[[2189.5600866666664 1083.3100641003632 923.7395494573249]]]
5942	[[[2189.5600866666664 1083.2947090853725 923.7253554771978]]]
5943	[[[2189.480093333333 1083.2762601586944 923.7079516406253]]]
5944	[[[2189.2400933333333 1083.2576013911696 923.6915773702063]]]
5945	[[[2189.1601 1083.2421950099815 923.6802693840706]]]
5946	[[[2189.1601 1083.2337856348424 923.6773965051402]]]
5947	[[[2189.3200933333333 1083.2349985714238 923.6852526734324]]]
5948	[[[2189.2401 1083.245571191074 923.704768433881]]]
5949	[[[2189.480086666667 1083.261689320755 923.7353901645229]]]
5950	[[[2189.6400799999997 1083.2775174359165 923.7751545234472]]]
5951	[[[2189.800066666666 1083.2886443334928 923.8209556364244]]]
5952	[[[2189.800066666667 1083.2957439283948 923.8689697145134]]]
5953	[[[2189.800066666666 1083.306309409845 923.9151730774788]]]
5954	[[[2189.88006 1083.3332158886699 923.9558719312436]]]
5955	[[[2189.9600533333337 1083.3905255224754 923.9881605991886]]]
5956	[[[2190.040046666667 1083.4883139560263 924.0102403264187]]]
5957	[[[2190.12004 1083.6286010098747 924.0215597871274]]]
5958	[[[2190.1200400000002 1083.803713984312 924.0227736477894]]]
5959	[[[2190.5200400000003 1083.997242028473 924.0155477722651]]]
5960	[[[2190.7600266666664 1084.1868909241177 924.0022608214518]]]
5961	[[[2190.92002 1084.3483421029348 923.9856579288222]]]
5962	[[[2190.9200199999996 1084.4594541869058 923.9685040526687]]]
5963	[[[2191.160013333333 1084.5043697933245 923.9532685969689]]]
5964	[[[2191.080013333333 1084.477011886491 923.9418573371642]]]
5965	[[[2191.0000133333333 1084.383159413447 923.935399638821]]]
5966	[[[2191.080013333333 1084.2401610481218 923.934100947451]]]
5967	[[[2191.080013333333 1084.0737393884774 923.9371792656549]]]
5968	[[[2191.1600133333336 1083.9122873012818 923.9429120323538]]]
5969	[[[2191.08002 1083.7801701930946 923.9488177409075]]]
5970	[[[2191.1600200000003 1083.6922073450514 923.9519794062295]]]
5971	[[[2191.32002 1083.651253947765 923.9494857949326]]]
5972	[[[2191.32002 1083.6496549883614 923.9389294398111]]]
5973	[[[2191.640026666667 1083.673803847586 923.9188707005243]]]
5974	[[[2191.640026666667 1083.709844665095 923.889167158296]]]
5975	[[[2191.4800333333333 1083.7482554223943 923.8510848314072]]]
5976	[[[2191.4000333333333 1083.7857237521648 923.8071508015105]]]
5977	[[[2191.4800333333333 1083.8240034939163 923.7607656247711]]]
5978	[[[2191.4000333333333 1083.8667143557539 923.715652173909]]]
5979	[[[2191.4000333333333 1083.9157902025026 923.675258359334]]]
5980	[[[2191.4000333333333 1083.9692431169308 923.642242334408]]]
5981	[[[2191.6400399999998 1084.0211738313085 923.6181468555823]]]
5982	[[[2191.8000333333334 1084.0638754049678 923.6033207632631]]]
5983	[[[2192.04004 1084.09092613577 923.597084038995]]]
5984	[[[2192.2800333333334 1084.0997755608976 923.5980757314954]]]
5985	[[[2192.2000333333335 1084.092673432129 923.6046863154484]]]
5986	[[[2192.120033333333 1084.0756890022694 923.6154664255097]]]
5987	[[[2192.2000333333335 1084.0565218654222 923.6294225089674]]]
5988	[[[2192.2000333333335 1084.042275916205 923.6461489091151]]]
5989	[[[2192.2800466666667 1084.0381097140255 923.6657923609847]]]
5990	[[[2192.5200400000003 1084.0469197399264 923.6888852296506]]]
5991	[[[2192.60004 1084.0695181570684 923.7161078188736]]]
5992	[[[2192.7600466666668 1084.1046259886114 923.7480436399402]]]
5993	[[[2192.7600466666668 1084.148477541393 923.7849773116036]]]
5994	[[[2192.8400466666667 1084.194511294185 923.8267605565653]]]
5995	[[[2193.000046666667 1084.2339404620304 923.8727473859127]]]
5996	[[[2192.8400400000005 1084.2576594168686 923.9217833563985]]]
5997	[[[2192.92004 1084.2591360177983 923.9722298973256]]]
5998	[[[2192.8400466666667 1084.2371800128751 924.0220120550722]]]
5999	[[[2192.8400466666667 1084.1972493179244 924.0686911490247]]]
6000	[[[2193.000046666667 1084.1504230624012 924.1095753223757]]]
6001	[[[2193.080046666667 1084.1101248240282 924.1418843009302]]]
6002	[[[2193.1600466666664 1084.087693696724 924.1629767648975]]]
6003	[[[2193.1600466666664 1084.088532014801 924.170631097519]]]
6004	[[[2193.1600466666664 1084.110501025312 924.1633484690691]]]
6005	[[[2193.1600466666664 1084.1454215939636 924.1406289240095]]]
6006	[[[2193.2400466666663 1084.1832076342755 924.1031634819925]]]
6007	[[[2193.40004 1084.2168619969495 924.0528923375745]]]
6008	[[[2193.80004 1084.2459722399956 923.9929006778624]]]
6009	[[[2193.8800400000005 1084.276903117855 923.9271545934497]]]
6010	[[[2193.9600533333337 1084.319461206589 923.8601121348119]]]
6011	[[[2193.9600533333337 1084.3816350376837 923.7962701360563]]]
6012	[[[2194.040066666667 1084.4650640481084 923.7397191820195]]]
6013	[[[2194.2000533333335 1084.5635131393665 923.6937740487916]]]
6014	[[[2194.2000533333335 1084.665016841794 923.6607268304214]]]
6015	[[[2194.2000533333335 1084.756454432229 923.6417407308289]]]
6016	[[[2194.2000533333335 1084.828222035445 923.6368725881812]]]
6017	[[[2194.1200533333335 1084.8769198305608 923.645190005394]]]
6018	[[[2194.2000466666664 1084.9052534258574 923.6649402562293]]]
6019	[[[2194.3600333333334 1084.9197804762425 923.6937342198179]]]
6020	[[[2194.6000333333336 1084.9279178723534 923.7287258117059]]]
6021	[[[2194.680046666667 1084.935525072163 923.766788253295]]]
6022	[[[2194.3600466666667 1084.9457301612767 923.8047042516987]]]
6023	[[[2194.12006 1084.9589897364965 923.8393907051606]]]
6024	[[[2194.12006 1084.9739796394222 923.8681672709363]]]
6025	[[[2194.040046666667 1084.9887876492814 923.8890550479456]]]
6026	[[[2194.040046666667 1085.001881205685 923.9010646863006]]]
6027	[[[2193.9600333333337 1085.0124171615169 923.9044127869983]]]
6028	[[[2193.8000466666667 1085.019733726952 923.9006006814589]]]
6029	[[[2193.8800600000004 1085.0223371218926 923.8923052495529]]]
6030	[[[2193.8800600000004 1085.0171553170792 923.8830655577381]]]
6031	[[[2193.9600733333336 1084.9999138780956 923.8767937405713]]]
6032	[[[2194.040073333333 1084.966972867014 923.877181760386]]]
6033	[[[2193.8800666666666 1084.9180283691694 923.8871052737258]]]
6034	[[[2193.72008 1084.858276394841 923.908133148742]]]
6035	[[[2193.5600933333335 1084.7985401387898 923.9402336862977]]]
6036	[[[2193.4800800000003 1084.7526761976933 923.9817305388439]]]
6037	[[[2193.5600933333335 1084.7329468619903 924.0295122733177]]]
6038	[[[2193.5600933333335 1084.7452444806884 924.0794514917106]]]
6039	[[[2193.5600933333335 1084.7863955343744 924.1269534479611]]]
6040	[[[2193.6401066666667 1084.8450089537291 924.1675374381448]]]
6041	[[[2193.72012 1084.9057887345377 924.1973588352275]]]
6042	[[[2193.72012 1084.9556246708526 924.2136021439624]]]
6043	[[[2193.560106666667 1084.9888612006418 924.2147085984801]]]
6044	[[[2193.5601066666663 1085.0093636792462 924.2004366222353]]]
6045	[[[2193.6401200000005 1085.0282956179642 924.1717816058627]]]
6046	[[[2193.7201133333338 1085.0583617543803 924.1307973452464]]]
6047	[[[2193.800126666667 1085.1068725572359 924.0803634895346]]]
6048	[[[2193.800126666667 1085.1706189957629 924.0239339577934]]]
6049	[[[2193.800126666667 1085.2348743254815 923.9652860978221]]]
6050	[[[2193.800126666667 1085.277113753632 923.9082761912904]]]
6051	[[[2193.88014 1085.2740387730098 923.8565994288992]]]
6052	[[[2193.800126666667 1085.2091506039371 923.8135541912657]]]
6053	[[[2193.6401133333334 1085.0780445611051 923.7818197422121]]]
6054	[[[2193.8801133333336 1084.8897346405645 923.7632680780163]]]
6055	[[[2193.8001 1084.66399748396 923.7588379825535]]]
6056	[[[2193.8001000000004 1084.426100457046 923.7684969564361]]]
6057	[[[2193.8001000000004 1084.2008277055781 923.7913031041217]]]
6058	[[[2193.8001 1084.0074708276413 923.825557662465]]]
6059	[[[2193.9600866666665 1083.8568149926261 923.8690169372903]]]
6060	[[[2193.960086666667 1083.7505242404916 923.9191184198534]]]
6061	[[[2194.04008 1083.6828339573901 923.9731758641727]]]
6062	[[[2193.9600666666665 1083.6439938698952 924.0285130956598]]]
6063	[[[2194.2000666666663 1083.6244125833261 924.0825313960304]]]
6064	[[[2194.4400533333333 1083.6181049360355 924.1327313500365]]]
6065	[[[2194.5200466666665 1083.6241475491963 924.1767271715239]]]
6066	[[[2194.60004 1083.6455647754976 924.2122930142549]]]
6067	[[[2194.7600466666668 1083.6861770522846 924.2374657389414]]]
6068	[[[2194.8400466666662 1083.746908932317 924.2507024509335]]]
6069	[[[2194.68006 1083.823343101534 924.2510634742075]]]
6070	[[[2194.7600733333334 1083.905735866756 924.2383724921023]]]
6071	[[[2194.8400666666666 1083.9815588084618 924.2133023560878]]]
6072	[[[2194.8400666666666 1084.0394713718122 924.1773488852432]]]
6073	[[[2195.1600666666664 1084.073004088533 924.132681332982]]]
6074	[[[2195.2400666666667 1084.0823980641164 924.0818886431325]]]
6075	[[[2195.480053333333 1084.073888162391 924.0276659761847]]]
6076	[[[2195.2400533333334 1084.0568373713058 923.9724994540903]]]
6077	[[[2195.2400533333334 1084.040034807166 923.9184061044248]]]
6078	[[[2195.080066666667 1084.028772996764 923.8667724240796]]]
6079	[[[2194.920073333333 1084.0238954923482 923.8183136597123]]]
6080	[[[2195.000066666667 1084.0230468040716 923.7731525304954]]]
6081	[[[2194.920073333333 1084.023308018873 923.7309954499686]]]
6082	[[[2194.84008 1084.0237725345423 923.6913692210182]]]
6083	[[[2195.08008 1084.0267323621592 923.6538728426549]]]
6084	[[[2195.400066666667 1084.0369546423099 923.6183976971369]]]
6085	[[[2195.320053333334 1084.0595884936363 923.585274983186]]]
6086	[[[2195.3200533333334 1084.0979451656892 923.5553217440057]]]
6087	[[[2195.48006 1084.1523279474584 923.5297754726354]]]
6088	[[[2195.3200733333333 1084.2203192873287 923.5101298015439]]]
6089	[[[2195.16008 1084.2979877828739 923.4979059331182]]]
6090	[[[2195.24008 1084.3809984185784 923.4944104890824]]]
6091	[[[2195.6400799999997 1084.4649008687695 923.5005347585338]]]
6092	[[[2195.8000866666666 1084.544676026807 923.5166397714947]]]
6093	[[[2195.88008 1084.6143041018177 923.5425475010206]]]
6094	[[[2195.88008 1084.667138356554 923.5776270852726]]]
6095	[[[2196.04008 1084.6972008188602 923.6209361403652]]]
6096	[[[2196.120073333333 1084.7006877205656 923.67136129024]]]
6097	[[[2196.36006 1084.676673127072 923.7277057362181]]]
6098	[[[2196.2000733333334 1084.6265376455203 923.7886951539386]]]
6099	[[[2195.96008 1084.552669972399 923.8529090483956]]]
6100	[[[2196.120086666667 1084.4576979118854 923.9186800330068]]]
6101	[[[2196.120086666667 1084.3452640459045 923.9840244029623]]]
6102	[[[2196.120086666667 1084.2222114290519 924.0466642384894]]]
6103	[[[2196.2800733333333 1084.1007416543773 924.104172980889]]]
6104	[[[2196.2800733333333 1083.998605217291 924.1542315424659]]]
6105	[[[2196.0400799999998 1083.9361462830946 924.1949362798273]]]
6106	[[[2195.720093333333 1083.9306782251997 924.2250709534155]]]
6107	[[[2195.800086666667 1083.9902488583286 924.2442545533445]]]
6108	[[[2195.720093333333 1084.1094452570944 924.252908016088]]]
6109	[[[2195.8000866666666 1084.2691694697162 924.2520362991727]]]
6110	[[[2195.4801 1084.440697183465 924.2428802736557]]]
6111	[[[2195.6400933333334 1084.5926337073697 924.2265353077943]]]
6112	[[[2195.4800999999998 1084.6983658713757 924.203645122168]]]
6113	[[[2195.4800999999998 1084.7416340522125 924.1742560323105]]]
6114	[[[2195.5600933333335 1084.7187934946148 924.1378659940189]]]
6115	[[[2195.7200866666667 1084.6377175044545 924.0936423743032]]]
6116	[[[2195.8800800000004 1084.5144985761633 924.040732639914]]]
6117	[[[2195.88008 1084.3696192542366 923.9785693942046]]]
6118	[[[2195.8800800000004 1084.2249167860255 923.9070816099925]]]
6119	[[[2195.800086666667 1084.1017145405142 923.8267619309828]]]
6120	[[[2195.8000866666666 1084.0195281907852 923.7385908205889]]]
6121	[[[2195.800086666667 1083.9943750542718 923.6438640666669]]]
6122	[[[2195.720093333334 1084.0361619626121 923.5439959671457]]]
6123	[[[2195.720093333334 1084.145608991703 923.4403699272225]]]
6124	[[[2195.5601066666663 1084.312027923814 923.3342843912069]]]
6125	[[[2195.560106666667 1084.5134150761369 923.2270056415015]]]
6126	[[[2195.4001133333336 1084.719583465025 923.1199033265693]]]
6127	[[[2195.2401066666666 1084.897829825915 923.0146204523288]]]
6128	[[[2195.2401066666666 1085.01956564153 922.9132218599542]]]
6129	[[[2195.08012 1085.0659611883884 922.8182722477153]]]
6130	[[[2194.840133333333 1085.0310686901205 922.7328105380521]]]
6131	[[[2194.68014 1084.921813105211 922.6602051001178]]]
6132	[[[2194.68014 1084.7552097754276 922.6038898826308]]]
6133	[[[2194.68014 1084.5538319646098 922.5669948063147]]]
6134	[[[2194.7601333333337 1084.3407901113344 922.5518977192395]]]
6135	[[[2194.7601333333337 1084.1353811488998 922.559742822685]]]
6136	[[[2194.840126666667 1083.9502754726852 922.5899915570006]]]
6137	[[[2194.92012 1083.7907396480741 922.6400913546555]]]
6138	[[[2195.080106666667 1083.6559690234662 922.7053561330426]]]
6139	[[[2195.0000933333336 1083.5421137267942 922.7791399481974]]]
6140	[[[2195.0000933333336 1083.446065655382 922.8533460860431]]]
6141	[[[2194.9201000000003 1083.368685755427 922.9192506230614]]]
6142	[[[2195.0001133333335 1083.316119329617 922.9685445546526]]]
6143	[[[2194.9201000000003 1083.2983469172996 922.9944317991955]]]
6144	[[[2194.9201000000003 1083.3251150130245 922.9925831510303]]]
6145	[[[2194.9201000000003 1083.4005681373712 922.961754174852]]]
6146	[[[2194.840106666667 1083.5187474598063 922.9039316692515]]]
6147	[[[2194.7601133333333 1083.6621473823295 922.8239676478465]]]
6148	[[[2194.6001266666667 1083.804548969483 922.7287685319275]]]
6149	[[[2194.6001266666667 1083.917666753847 922.6262016545621]]]
6150	[[[2194.5201333333334 1083.9794538668095 922.5239358569032]]]
6151	[[[2194.5201333333334 1083.981016445841 922.4284338868288]]]
6152	[[[2194.2801333333337 1083.929483285496 922.3442631376337]]]
6153	[[[2194.120146666667 1083.8457349451837 922.2738045122097]]]
6154	[[[2194.2001600000003 1083.7579017205123 922.2173426963001]]]
6155	[[[2194.0401466666667 1083.693059365286 922.1734416808473]]]
6156	[[[2194.0401466666667 1083.6699441798753 922.1394665432462]]]
6157	[[[2193.9601333333335 1083.6947483833321 922.112113159391]]]
6158	[[[2194.12014 1083.7606715615373 922.08784488109]]]
6159	[[[2194.360126666667 1083.850607776909 922.0631922873769]]]
6160	[[[2194.3601266666665 1083.9416282309812 922.0349281838418]]]
6161	[[[2194.360126666667 1084.0098532530699 922.0001676971298]]]
6162	[[[2194.44012 1084.0346650162357 921.9564537694541]]]
6163	[[[2194.44012 1084.001698432393 921.9018731026234]]]
6164	[[[2194.3601266666665 1083.9044723187374 921.8352164862512]]]
6165	[[[2194.6001133333334 1083.744814231952 921.7561640563508]]]
6166	[[[2194.52012 1083.5323649094962 921.6654523904257]]]
6167	[[[2194.8401200000003 1083.2834118555654 921.5649729763298]]]
6168	[[[2194.9201133333336 1083.0191446964448 921.4577602555845]]]
6169	[[[2195.0801 1082.76328750481 921.3478466648484]]]
6170	[[[2195.3201066666666 1082.5391105283852 921.2399844684955]]]
6171	[[[2195.3201066666666 1082.3661024835776 921.1392537450473]]]
6172	[[[2195.4001200000002 1082.2569402489773 921.0505901925511]]]
6173	[[[2195.4001200000002 1082.2155533520097 920.978276347026]]]
6174	[[[2195.2401266666666 1082.2368659021713 920.9254477052976]]]
6175	[[[2195.2401266666666 1082.308276491677 920.8936723465125]]]
6176	[[[2195.2401266666666 1082.4123852705388 920.8826673176932]]]
6177	[[[2195.08012 1082.530179088804 920.8902127847086]]]
6178	[[[2195.08012 1082.6439332961554 920.9123103019944]]]
6179	[[[2195.08012 1082.73936171928 920.9436011609085]]]
6180	[[[2195.0001199999997 1082.8068511940705 920.9780161467417]]]
6181	[[[2195.00012 1082.8418410722425 921.0095767393759]]]
6182	[[[2194.7601333333337 1082.8445496245388 921.0332223215111]]]
6183	[[[2194.6001266666667 1082.8193300391329 921.0455123999046]]]
6184	[[[2194.44014 1082.7739288435052 921.0450584118626]]]
6185	[[[2194.44014 1082.7187718012 921.0325805813764]]]
6186	[[[2194.6801266666666 1082.6661579870154 921.010556338011]]]
6187	[[[2194.76012 1082.6290700309876 920.9825138023111]]]
6188	[[[2194.76012 1082.6193931366968 920.9521065907496]]]
6189	[[[2194.6801266666666 1082.6457010143788 920.9221636198362]]]
6190	[[[2194.76012 1082.7112013296953 920.8939234172308]]]
6191	[[[2194.76012 1082.8126192945701 920.8666299635744]]]
6192	[[[2194.840133333333 1082.9405552547105 920.8375915729649]]]
6193	[[[2194.840133333333 1083.0812850695422 920.8027023530982]]]
6194	[[[2194.76012 1083.2193953889946 920.7573214278558]]]
6195	[[[2194.6801266666666 1083.3403610099647 920.697323814857]]]
6196	[[[2194.9201133333336 1083.4322885096408 920.6200987165422]]]
6197	[[[2194.8401000000003 1083.4864791328002 920.5252851592548]]]
6198	[[[2194.9201133333336 1083.4970172372257 920.4150969574775]]]
6199	[[[2195.000106666667 1083.4600641834043 920.2941820336722]]]
6200	[[[2194.9201133333336 1083.3737211627733 920.1690607504548]]]
6201	[[[2194.6001133333334 1083.2390386520055 920.0472691864929]]]
6202	[[[2194.760106666667 1083.061987003616 919.9363779529534]]]
6203	[[[2194.6801133333333 1082.8552791181764 919.843058521201]]]
6204	[[[2194.680113333334 1082.638441453051 919.7723330825069]]]
6205	[[[2194.6001200000005 1082.4349743079126 919.7270862844385]]]
6206	[[[2194.5201066666673 1082.2668162516784 919.7078570907667]]]
6207	[[[2194.6001 1082.147954370789 919.7128828854562]]]
6208	[[[2194.6800933333334 1082.0799149691802 919.7383443346107]]]
6209	[[[2194.6800933333334 1082.05138074417 919.7787575173576]]]
6210	[[[2194.680093333334 1082.0424613807982 919.8274710417163]]]
6211	[[[2194.440106666667 1082.0320684528342 919.8772388836674]]]
6212	[[[2194.52012 1082.0054687145046 919.920845165404]]]
6213	[[[2194.52012 1081.959052720005 919.9517512669551]]]
6214	[[[2194.440126666667 1081.900602094822 919.9647213032275]]]
6215	[[[2194.52012 1081.8452407042978 919.9563665576412]]]
6216	[[[2194.6001333333334 1081.8089661041884 919.9255415926846]]]
6217	[[[2194.3601466666664 1081.8024779681382 919.8735306359544]]]
6218	[[[2194.280133333333 1081.8276540319255 919.8039838092863]]]
6219	[[[2194.20012 1081.8776922446216 919.7225950149315]]]
6220	[[[2194.20012 1081.9402964068204 919.6365494652786]]]
6221	[[[2194.52012 1082.0021248005753 919.5538007756045]]]
6222	[[[2194.6001133333334 1082.0525607053683 919.4822589426699]]]
6223	[[[2194.6801066666667 1082.0856431770642 919.4289786664684]]]
6224	[[[2194.6801066666667 1082.1001440827215 919.3994333254641]]]
6225	[[[2194.8401000000003 1082.0985985580419 919.3969470094736]]]
6226	[[[2194.760086666667 1082.086221919509 919.4223394837186]]]
6227	[[[2194.760086666667 1082.0702095964846 919.47381975806]]]
6228	[[[2194.920073333333 1082.0593545522768 919.5471439334393]]]
6229	[[[2195.0800600000002 1082.063603172818 919.6360312974416]]]
6230	[[[2194.9200533333337 1082.0931927697209 919.7328079723937]]]
6231	[[[2194.9200533333337 1082.1572289041435 919.8292199331594]]]
6232	[[[2194.84004 1082.2618073264412 919.9173298015525]]]
6233	[[[2195.08004 1082.4080148754483 919.9903902232719]]]
6234	[[[2195.00004 1082.5903643971258 920.0435780025629]]]
6235	[[[2195.40004 1082.7963597339121 920.0744835468431]]]
6236	[[[2195.1600533333335 1083.0077714136905 920.0832817150931]]]
6237	[[[2194.8400533333333 1083.2037019262718 920.0725593415322]]]
6238	[[[2194.6000533333336 1083.3647487837486 920.0468323536323]]]
6239	[[[2194.680066666667 1083.4769318960743 920.0118388396492]]]
6240	[[[2194.360066666667 1083.5339907668158 919.9737310432173]]]
6241	[[[2194.600066666667 1083.537335670929 919.9383003762133]]]
6242	[[[2194.600066666667 1083.494036516049 919.9103530382471]]]
6243	[[[2194.600066666667 1083.4141172253148 919.8933147548883]]]
6244	[[[2194.360066666667 1083.3085575476123 919.8890919767558]]]
6245	[[[2194.360066666667 1083.1887246182444 919.898166233838]]]
6246	[[[2194.280053333334 1083.066910304092 919.9198593104592]]]
6247	[[[2194.280053333334 1082.956885127721 919.9526863133989]]]
6248	[[[2194.2800533333334 1082.873331242644 919.9947130034898]]]
6249	[[[2194.440066666667 1082.82968282747 920.043849700593]]]
6250	[[[2194.040066666667 1082.8349009595458 920.0980405298897]]]
6251	[[[2194.2000533333335 1082.8905139240503 920.1553368804574]]]
6252	[[[2194.3600666666666 1082.9894285601695 920.2138717199192]]]
6253	[[[2194.520073333333 1083.1173968910641 920.2717725723604]]]
6254	[[[2194.5200733333336 1083.2568122672094 920.3270629710296]]]
6255	[[[2194.600086666667 1083.391283236205 920.3776038814494]]]
6256	[[[2194.5200933333335 1083.5089090254007 920.4211178966502]]]
6257	[[[2194.76008 1083.6028008170936 920.4553209851061]]]
6258	[[[2194.6000933333335 1083.6689447470171 920.4781616237639]]]
6259	[[[2194.7601 1083.7031139268038 920.48813921697]]]
6260	[[[2194.840113333333 1083.699174516713 920.4846480874747]]]
6261	[[[2194.9201266666664 1083.6503071013205 920.4682759183212]]]
6262	[[[2195.0001400000006 1083.5528259260689 920.4409815154016]]]
6263	[[[2195.08014 1083.4105487076974 920.4060891468565]]]
6264	[[[2195.1601333333333 1083.2371121921658 920.3680650736638]]]
6265	[[[2195.2401266666666 1083.0545644888455 920.3320818739057]]]
6266	[[[2195.1601333333333 1082.8884177199795 920.3034200359276]]]
6267	[[[2195.1601333333333 1082.761062209871 920.2867944244134]]]
6268	[[[2195.08014 1082.6861526405455 920.2857163115058]]]
6269	[[[2195.2401266666666 1082.6660260939154 920.3020031175447]]]
6270	[[[2195.4001133333336 1082.6927995118529 920.3355258311091]]]
6271	[[[2195.480106666667 1082.7522604208798 920.3842417778465]]]
6272	[[[2195.2401200000004 1082.8286945369784 920.4445065390624]]]
6273	[[[2195.480106666667 1082.9087295618965 920.5116052259904]]]
6274	[[[2195.5601 1082.9830299927683 920.5804023583783]]]
6275	[[[2195.6400933333334 1083.0458329363785 920.6459910427835]]]
6276	[[[2195.7200866666667 1083.0933220350778 920.7042304922619]]]
6277	[[[2195.7200866666667 1083.1222523997185 920.7520939596607]]]
6278	[[[2195.4801 1083.1299046948725 920.7877982652459]]]
6279	[[[2195.4800999999998 1083.1155510100164 920.8107384279542]]]
6280	[[[2195.4801 1083.0826182189949 920.8212928007588]]]
6281	[[[2195.4801 1083.0401565895324 920.8205848979991]]]
6282	[[[2195.640086666667 1083.0023860856354 920.8102830868852]]]
6283	[[[2195.72008 1082.9859464160538 920.7924910002708]]]
6284	[[[2195.80008 1083.0056000816019 920.7697387555066]]]
6285	[[[2195.7200866666667 1083.069962222997 920.7450403937452]]]
6286	[[[2195.8800866666666 1083.1789441079632 920.7219491661954]]]
6287	[[[2195.8800866666666 1083.3239489905638 920.7045290882171]]]
6288	[[[2195.720093333333 1083.4907606677764 920.6971729142796]]]
6289	[[[2195.5601066666663 1083.6640027338738 920.7042315331182]]]
6290	[[[2195.4001 1083.831452415052 920.729470273047]]]
6291	[[[2195.2400933333333 1083.9865900461098 920.7754222105924]]]
6292	[[[2195.2400933333333 1084.1285198710311 920.8427539892472]]]
6293	[[[2195.40008 1084.2595375332703 920.9297835206239]]]
6294	[[[2195.5600733333335 1084.3816966248125 921.0322826763157]]]
6295	[[[2195.5600733333335 1084.494247263122 921.1436593600894]]]
6296	[[[2195.4800800000003 1084.593456753281 921.2555475418509]]]
6297	[[[2195.4000866666665 1084.675134245319 921.3587536648103]]]
6298	[[[2195.24008 1084.7386815123193 921.4444309323068]]]
6299	[[[2194.9200800000003 1084.7904509604816 921.5052975989398]]]
6300	[[[2194.9200800000003 1084.8442291481467 921.5366954732875]]]
6301	[[[2194.6800866666667 1084.917867564676 921.537305983823]]]
6302	[[[2194.920073333333 1085.0269170087781 921.5093989598013]]]
6303	[[[2194.84008 1085.1777008105507 921.458570676813]]]
6304	[[[2194.8400800000004 1085.3628134199325 921.3930148716917]]]
6305	[[[2194.8400800000004 1085.561272939369 921.3224456754906]]]
6306	[[[2195.16008 1085.7437951661059 921.2568415482161]]]
6307	[[[2195.16008 1085.8816128549413 921.205197936022]]]
6308	[[[2195.24008 1085.9557643679723 921.1744639556387]]]
6309	[[[2194.9200800000003 1085.9634436717688 921.1688005233009]]]
6310	[[[2194.8400866666666 1085.919019696158 921.1892423854852]]]
6311	[[[2195.080073333333 1085.8493308635962 921.2337837436617]]]
6312	[[[2195.00008 1085.7850312095027 921.2978455832719]]]
6313	[[[2195.080093333333 1085.7511902090253 921.3750305958082]]]
6314	[[[2195.080093333333 1085.7604415206004 921.4580356655728]]]
6315	[[[2195.2400866666667 1085.810773241611 921.5395772794615]]]
6316	[[[2195.1600933333334 1085.8881730479234 921.6131939864027]]]
6317	[[[2195.0000999999997 1085.9726301957126 921.6738205026539]]]
6318	[[[2195.0000999999997 1086.0450916738346 921.7180746398643]]]
6319	[[[2195.0001 1086.0930580337072 921.7442522662413]]]
6320	[[[2195.160106666667 1086.1133503871608 921.7520769838821]]]
6321	[[[2194.92012 1086.111733224587 921.7422908311443]]]
6322	[[[2194.92012 1086.10009307828 921.716193364829]]]
6323	[[[2194.760126666667 1086.0924526526953 921.6752358828244]]]
6324	[[[2194.9201333333335 1086.101151174561 921.6207562215891]]]
6325	[[[2194.8401200000003 1086.1341491935677 921.5539020133]]]
6326	[[[2194.52012 1086.1938539154607 921.4757438413512]]]
6327	[[[2194.440106666667 1086.2773577309545 921.3875334769787]]]
6328	[[[2194.3600933333337 1086.3776902736656 921.2910258178712]]]
6329	[[[2194.3600933333337 1086.485614538997 921.188764533339]]]
6330	[[[2194.440093333333 1086.5915598229349 921.0842358799869]]]
6331	[[[2194.28008 1086.6873700616852 920.9818230353925]]]
6332	[[[2194.120073333333 1086.7675987908779 920.8865393404162]]]
6333	[[[2194.120073333333 1086.830117657467 920.8035727307187]]]
6334	[[[2194.04006 1086.8758866528674 920.7377221699438]]]
6335	[[[2193.8800533333333 1086.9079145654696 920.69283733649]]]
6336	[[[2193.80004 1086.9297062925305 920.6713765412466]]]
6337	[[[2193.80004 1086.9437504829787 920.6741731022736]]]
6338	[[[2193.5600333333336 1086.9506949587199 920.7004531263387]]]
6339	[[[2193.400026666667 1086.9496714745126 920.7480900647943]]]
6340	[[[2193.3200266666668 1086.9397736192282 920.8140286044254]]]
6341	[[[2193.3200266666668 1086.9221275076432 920.8947760415185]]]
6342	[[[2193.4800333333333 1086.901589929531 920.986851540776]]]
6343	[[[2193.560046666667 1086.887101433729 921.0871033157397]]]
6344	[[[2193.7200533333335 1086.890189707124 921.192844086792]]]
6345	[[[2193.2400533333334 1086.9219081296633 921.3018044333908]]]
6346	[[[2193.2400533333334 1086.989265105438 921.4119487868934]]]
6347	[[[2193.480053333333 1087.0925743297173 921.521229176261]]]
6348	[[[2193.480053333333 1087.224908826366 921.6273618326974]]]
6349	[[[2193.5600666666664 1087.3740261731728 921.7277014934213]]]
6350	[[[2193.5600666666664 1087.5260778087259 921.8192624242107]]]
6351	[[[2193.5600666666664 1087.669588752712 921.8989008922758]]]
6352	[[[2193.5600666666664 1087.7979955821665 921.9636382859611]]]
6353	[[[2193.640066666667 1087.9096091635909 922.011073205269]]]
6354	[[[2193.640066666667 1088.0050330643326 922.0398088735211]]]
6355	[[[2193.640066666667 1088.0833348510193 922.049812081027]]]
6356	[[[2193.640066666667 1088.1390436272068 922.042623610173]]]
6357	[[[2193.40006 1088.16189647644 922.021358709791]]]
6358	[[[2193.240046666667 1088.1401288557056 921.990468817704]]]
6359	[[[2193.00004 1088.0664161744635 921.9552785896575]]]
6360	[[[2193.00004 1087.9440748709055 921.9213581990766]]]
6361	[[[2193.1600533333335 1087.7905850214056 921.89383001125]]]
6362	[[[2192.8400533333333 1087.636301811207 921.8767308226685]]]
6363	[[[2192.76004 1087.5181492174468 921.8725481688007]]]
6364	[[[2192.680026666667 1087.47029395704 921.882019452221]]]
6365	[[[2192.8400333333334 1087.5151963192786 921.9042305552102]]]
6366	[[[2192.8400333333334 1087.6582820795009 921.9369874605155]]]
6367	[[[2192.9200266666667 1087.8878394985556 921.9773754695656]]]
6368	[[[2192.8400266666667 1088.1795009958857 922.0223810584071]]]
6369	[[[2192.92004 1088.5030070522928 922.0694419908108]]]
6370	[[[2192.92004 1088.8286273087745 922.1168149850713]]]
6371	[[[2193.080046666667 1089.13152627069 922.1637009633414]]]
6372	[[[2193.2400599999996 1089.3937200886232 922.2101320026363]]]
6373	[[[2193.32006 1089.6042324568864 922.2566839032415]]]
6374	[[[2193.32006 1089.7582898656867 922.3041172427842]]]
6375	[[[2193.32006 1089.8561615256829 922.3530573776244]]]
6376	[[[2193.32006 1089.9020057482414 922.403798873403]]]
6377	[[[2193.480073333333 1089.9030222830997 922.4562708629754]]]
6378	[[[2193.8000733333333 1089.8691419659333 922.5101426231985]]]
6379	[[[2193.8000733333333 1089.8131562414133 922.5650013284057]]]
6380	[[[2193.72008 1089.7506627998146 922.6205112127318]]]
6381	[[[2193.64008 1089.69891625054 922.6764720186542]]]
6382	[[[2193.4000733333332 1089.6740675008632 922.7327313856066]]]
6383	[[[2193.8000733333333 1089.687327858887 922.7889586907178]]]
6384	[[[2193.72006 1089.7416749029987 922.8443399044121]]]
6385	[[[2193.80006 1089.830976911385 922.8972879278095]]]
6386	[[[2193.5600533333336 1089.9424319101863 922.9452698805575]]]
6387	[[[2193.4800400000004 1090.0614261732433 922.9848298266644]]]
6388	[[[2193.4000400000004 1090.1764152569497 923.0118393339241]]]
6389	[[[2193.40004 1090.2812767846017 923.0219524117546]]]
6390	[[[2193.40004 1090.374026371557 923.0111913056262]]]
6391	[[[2193.3200266666668 1090.4530023287064 922.9765584072444]]]
6392	[[[2193.1600133333336 1090.5132024513214 922.9165641595041]]]
6393	[[[2192.7600133333335 1090.5453508359176 922.8315807121679]]]
6394	[[[2192.7600133333335 1090.5385458962337 922.7239689390905]]]
6395	[[[2192.6800000000003 1090.4851419688084 922.5979710508801]]]
6396	[[[2193.0 1090.3852742991492 922.4594009105158]]]
6397	[[[2193.2400066666664 1090.2488461162095 922.3151907369705]]]
6398	[[[2192.7600066666664 1090.0943735932888 922.1728625675464]]]
6399	[[[2193.0000066666666 1089.9456230828189 922.0399872510428]]]
6400	[[[2192.9200066666667 1089.8275122512368 921.9236783613678]]]
6401	[[[2192.840006666667 1089.7622450635818 921.8301503839383]]]
6402	[[[2192.680006666667 1089.7658669348527 921.7643561663294]]]
6403	[[[2192.9200133333334 1089.8451565134192 921.7297115910055]]]
6404	[[[2192.8400133333334 1089.995171105041 921.7279158116177]]]
6405	[[[2192.8400133333334 1090.1983166825596 921.7588799991441]]]
6406	[[[2192.680013333333 1090.425880104653 921.820781187089]]]
6407	[[[2192.680013333333 1090.642346560041 921.9102552719913]]]
6408	[[[2192.680013333333 1090.811877254816 922.0227313304096]]]
6409	[[[2192.5200133333333 1090.9055620752508 922.1528885152799]]]
6410	[[[2192.4400133333334 1090.9077755778208 922.2951911968297]]]
6411	[[[2192.280026666667 1090.8201186623064 922.4444349564859]]]
6412	[[[2192.280026666667 1090.6618790294622 922.5962234683569]]]
6413	[[[2192.4400266666667 1090.4666279490946 922.7473000799163]]]
6414	[[[2192.1200266666665 1090.2754649224405 922.895679512569]]]
6415	[[[2192.2000266666664 1090.1283639337069 923.0405607236403]]]
6416	[[[2192.3600266666667 1090.0557192708568 923.1820434199061]]]
6417	[[[2192.60004 1090.0721986997933 923.3207079546561]]]
6418	[[[2192.3600333333334 1090.1743277358974 923.4571426462626]]]
6419	[[[2192.600046666667 1090.342143890218 923.5915090910058]]]
6420	[[[2193.0000466666665 1090.5442212896971 923.7232249275402]]]
6421	[[[2193.080046666667 1090.7446863063026 923.8508190703211]]]
6422	[[[2193.2400600000005 1090.910580100016 923.9719831180247]]]
6423	[[[2193.2400600000005 1091.0179891039108 924.0838106562173]]]
6424	[[[2193.2400599999996 1091.0557117037906 924.1831878046602]]]
6425	[[[2193.4800666666665 1091.0258721965058 924.26727569356]]]
6426	[[[2193.2400533333334 1090.9417569056761 924.3340093895118]]]
6427	[[[2192.9200466666666 1090.82394465145 924.3825290693279]]]
6428	[[[2192.8400466666667 1090.696139263199 924.4134599946425]]]
6429	[[[2192.8400466666667 1090.5817802238205 924.4289709844537]]]
6430	[[[2192.92006 1090.501721416308 924.4325689107594]]]
6431	[[[2192.92006 1090.472564747055 924.4286287804548]]]
6432	[[[2192.680046666667 1090.5050956429714 924.4217102494991]]]
6433	[[[2192.600046666667 1090.6027433268416 924.4157622574922]]]
6434	[[[2192.3600333333334 1090.7606589239979 924.4133552720638]]]
6435	[[[2191.8800333333334 1090.966292192774 924.4150934079086]]]
6436	[[[2191.8000333333334 1091.2019493744426 924.4193391851691]]]
6437	[[[2191.8800266666667 1091.4489093874924 924.4223325555909]]]
6438	[[[2192.04004 1091.691793356986 924.41871241961]]]
6439	[[[2192.1200400000002 1091.9215618345222 924.4023692537558]]]
6440	[[[2191.8000333333334 1092.1359927692447 924.3674900925631]]]
6441	[[[2191.8000333333334 1092.3375875220818 924.3096175341966]]]
6442	[[[2191.8800333333334 1092.5300471101336 924.2265410998025]]]
6443	[[[2192.040046666667 1092.7151483977261 924.118871533839]]]
6444	[[[2191.9600466666666 1092.89162855015 923.9902076491011]]]
6445	[[[2191.720033333333 1093.0565995972138 923.8468771724264]]]
6446	[[[2191.560033333333 1093.2085910702056 923.6973027710497]]]
6447	[[[2191.8000466666663 1093.3503274718869 923.5510996011116]]]
6448	[[[2191.8800466666667 1093.4893749010496 923.4180435606468]]]
6449	[[[2192.12006 1093.6358757685111 923.3070573699174]]]
6450	[[[2192.28006 1093.798168076106 923.2253465058913]]]
6451	[[[2192.2000666666668 1093.9782973141203 923.1777838875531]]]
6452	[[[2192.120073333333 1094.169610603296 923.1665978668169]]]
6453	[[[2191.800066666667 1094.3576804917386 923.1913700744466]]]
6454	[[[2191.96008 1094.5242602244925 923.249305373604]]]
6455	[[[2192.2000933333334 1094.652649240605 923.3357019476935]]]
6456	[[[2192.3600933333337 1094.7324011768576 923.4445299502195]]]
6457	[[[2192.6001 1094.7618565960274 923.5690242749264]]]
6458	[[[2192.2800933333338 1094.748090385833 923.7022101920394]]]
6459	[[[2192.2001 1094.7048576698346 923.8373065183991]]]
6460	[[[2192.1201066666667 1094.649544328649 923.9679842349609]]]
6461	[[[2192.440113333333 1094.5999835519715 924.088492423342]]]
6462	[[[2192.2801000000004 1094.571639338735 924.1936913285332]]]
6463	[[[2192.5201066666664 1094.575425571541 924.2790485673239]]]
6464	[[[2192.3600933333337 1094.616385044549 924.3406554677164]]]
6465	[[[2192.2800933333333 1094.6933998202358 924.3753058538441]]]
6466	[[[2192.3600866666666 1094.799861740011 924.3806525235632]]]
6467	[[[2192.44008 1094.9248731991563 924.3554237827269]]]
6468	[[[2192.520073333333 1095.0543657985584 924.2996523528137]]]
6469	[[[2192.2000666666668 1095.171750178015 924.2148503523241]]]
6470	[[[2191.88006 1095.2582550700438 924.1040629441632]]]
6471	[[[2192.0400666666665 1095.2935842657814 923.9717512022253]]]
6472	[[[2191.80006 1095.257524145882 923.8234880611299]]]
6473	[[[2192.20006 1095.132620045285 923.6654917313218]]]
6474	[[[2192.3600533333333 1094.907368460601 923.5040583986765]]]
6475	[[[2192.440046666666 1094.579038990003 923.3449808931349]]]
6476	[[[2192.0400466666665 1094.1554606171103 923.1930462311467]]]
6477	[[[2191.9600466666666 1093.655625976897 923.0516913118969]]]
6478	[[[2191.72004 1093.1092717550566 922.9228661963607]]]
6479	[[[2191.6400399999998 1092.5553769133048 922.8071154097497]]]
6480	[[[2191.72004 1092.0390060381644 922.7038481105332]]]
6481	[[[2191.72004 1091.6057472781058 922.6117357199055]]]
6482	[[[2191.4000333333333 1091.2936929455307 922.5291565908959]]]
6483	[[[2191.2400466666663 1091.124418151394 922.4546045181211]]]
6484	[[[2191.08004 1091.095944516189 922.3869912467818]]]
6485	[[[2191.000046666667 1091.181145605464 922.3257996356161]]]
6486	[[[2190.6000466666665 1091.3337576124811 922.2710783918569]]]
6487	[[[2190.4400533333333 1091.5013182280024 922.223304417278]]]
6488	[[[2189.96006 1091.6411424272494 922.1831675036301]]]
6489	[[[2189.64006 1091.7334797824744 922.1513481601555]]]
6490	[[[2189.480073333333 1091.786518183432 922.128358968458]]]
6491	[[[2189.480073333333 1091.830990695014 922.1145027408711]]]
6492	[[[2189.40008 1091.9065186229411 922.1099703550618]]]
6493	[[[2189.48008 1092.0453690841116 922.115063991119]]]
6494	[[[2189.3200933333333 1092.2602044936718 922.1304957819071]]]
6495	[[[2189.0801 1092.5402186123254 922.1576855326825]]]
6496	[[[2189.000106666667 1092.8560372204045 922.1989700937526]]]
6497	[[[2188.7601066666666 1093.1700955425565 922.2576439243048]]]
6498	[[[2188.8401 1093.4476683066757 922.3377746108808]]]
6499	[[[2188.8401 1093.6646742763248 922.4437748192057]]]
6500	[[[2189.080086666667 1093.8107203243565 922.5797575070832]]]
6501	[[[2189.080086666667 1093.8879970286068 922.7487472785834]]]
6502	[[[2189.32008 1093.9075991681368 922.9518602471738]]]
6503	[[[2189.32008 1093.8847160608268 923.1875905340735]]]
6504	[[[2189.480086666667 1093.8337017385136 923.4513469451904]]]
6505	[[[2189.480086666667 1093.7639414496778 923.735363279704]]]
6506	[[[2189.480086666667 1093.677652357638 924.0290580246116]]]
6507	[[[2189.480086666667 1093.5707202831838 924.3198469480311]]]
6508	[[[2189.2400933333333 1093.4368678640967 924.5943252696737]]]
6509	[[[2189.2400933333333 1093.273963079119 924.8396515731438]]]
6510	[[[2189.080086666667 1093.0898580688083 925.0449047074547]]]
6511	[[[2188.9200800000003 1092.9047379149968 925.2021678411847]]]
6512	[[[2189.16008 1092.7480553361631 925.3071328170213]]]
6513	[[[2189.080086666667 1092.6504032320329 925.359111151613]]]
6514	[[[2189.1601 1092.6330947598099 925.3604670565184]]]
6515	[[[2188.8401 1092.69956801573 925.3156209218546]]]
6516	[[[2189.080093333333 1092.8322750096547 925.2298721246625]]]
6517	[[[2189.160106666667 1092.9966007373403 925.1083277820543]]]
6518	[[[2189.0800933333335 1093.150554496917 924.9551863146407]]]
6519	[[[2189.0000999999997 1093.25676622864 924.7735210776432]]]
6520	[[[2189.080093333333 1093.292645111791 924.5655697768733]]]
6521	[[[2189.0000999999997 1093.2555595454153 924.333400686267]]]
6522	[[[2188.920106666667 1093.161932767686 924.0797351312858]]]
6523	[[[2188.840113333333 1093.0412205358484 923.808680780482]]]
6524	[[[2188.9201066666665 1092.9270637822901 923.5261737284208]]]
6525	[[[2189.40012 1092.8482567802978 923.2400199787879]]]
6526	[[[2189.8801333333336 1092.8217895124146 922.9595365609642]]]
6527	[[[2189.8801333333336 1092.8495026878657 922.694885614282]]]
6528	[[[2189.9601266666664 1092.9190559822773 922.4562474943046]]]
6529	[[[2190.2801133333332 1093.0089579891246 922.2529836443196]]]
6530	[[[2190.5201133333335 1093.096327917751 922.0929054816919]]]
6531	[[[2190.2801200000004 1093.1650577971006 921.9817118938416]]]
6532	[[[2190.2001066666667 1093.2115627200367 921.9226078684952]]]
6533	[[[2190.5201066666664 1093.245788358365 921.9160874344875]]]
6534	[[[2190.5201066666664 1093.2866830900923 921.9598615427184]]]
6535	[[[2190.6001 1093.3534802810666 922.0489297305712]]]
6536	[[[2190.5200866666664 1093.455991409701 922.1758184999326]]]
6537	[[[2190.9200866666665 1093.5877948160899 922.3310218123092]]]
6538	[[[2191.080073333333 1093.7253091746652 922.5036669208142]]]
6539	[[[2191.080073333333 1093.8335841433466 922.6823888118548]]]
6540	[[[2190.84006 1093.8771163742297 922.8563377267184]]]
6541	[[[2190.44006 1093.8321209263897 923.0161853009828]]]
6542	[[[2190.6000599999998 1093.6961224543754 923.1549583681384]]]
6543	[[[2190.680053333333 1093.4915773829398 923.2685338907108]]]
6544	[[[2190.44006 1093.262112929794 923.3556809027131]]]
6545	[[[2190.2800733333333 1093.0622399135889 923.4176275513537]]]
6546	[[[2190.6000799999997 1092.943405147979 923.4572408545131]]]
6547	[[[2190.5200800000002 1092.9404449080855 923.4780030672445]]]
6548	[[[2190.6000799999997 1093.0625289190436 923.4830222735831]]]
6549	[[[2190.6800733333334 1093.2914680333788 923.474307582188]]]
6550	[[[2190.5200866666664 1093.5880614548066 923.4524701750285]]]
6551	[[[2191.0000999999997 1093.904576863493 923.41689817847]]]
6552	[[[2190.680093333334 1094.199309110382 923.3663275240774]]]
6553	[[[2190.6001 1094.4482677669387 923.2996287693709]]]
6554	[[[2190.8400933333332 1094.6498978195132 923.2165807908767]]]
6555	[[[2190.6801066666667 1094.8212098047707 923.1184199871687]]]
6556	[[[2190.7601 1094.9869282401505 923.0080313851003]]]
6557	[[[2190.6001 1095.165953551581 922.8897605221146]]]
6558	[[[2190.440113333333 1095.3604216865497 922.76893612876]]]
6559	[[[2190.36012 1095.551540170656 922.6512681361613]]]
6560	[[[2190.36012 1095.7037319639091 922.542300363957]]]
6561	[[[2189.96012 1095.7755824874955 922.4470495512574]]]
6562	[[[2189.800126666667 1095.7337920955927 922.369870831178]]]
6563	[[[2189.7201266666666 1095.565437155018 922.3144885128622]]]
6564	[[[2189.8801200000003 1095.284445785347 922.2840582493535]]]
6565	[[[2190.040106666667 1094.9300463831862 922.2811109067283]]]
6566	[[[2189.7201 1094.5575620558946 922.3072780512881]]]
6567	[[[2189.6401066666667 1094.2245611482042 922.3627981674808]]]
6568	[[[2189.8001000000004 1093.9770791568665 922.4459163062124]]]
6569	[[[2189.560106666667 1093.8405692070237 922.5523751784608]]]
6570	[[[2189.5601066666663 1093.8182435780027 922.6752178816851]]]
6571	[[[2189.5601066666663 1093.8963326533828 922.8050674913702]]]
6572	[[[2189.4801133333335 1094.0529876259382 922.9309296132964]]]
6573	[[[2189.560106666667 1094.2664487202053 923.0414170575177]]]
6574	[[[2189.8000933333333 1094.519143768521 923.1261687953064]]]
6575	[[[2189.96008 1094.7968903074554 923.1771708438582]]]
6576	[[[2190.040073333333 1095.0849889801755 923.1897069831631]]]
6577	[[[2190.040073333333 1095.3644615518224 923.1627661793586]]]
6578	[[[2189.8000866666666 1095.6114397475067 923.0988787548766]]]
6579	[[[2189.6400933333334 1095.8010079499945 923.0034970774736]]]
6580	[[[2189.480106666667 1095.9144736197961 922.8841327950172]]]
6581	[[[2189.4001133333336 1095.9471054555179 922.7494830050447]]]
6582	[[[2189.480106666667 1095.9126948670319 922.6087210155766]]]
6583	[[[2189.400106666667 1095.8422459866422 922.4710192675025]]]
6584	[[[2189.2401000000004 1095.776395699362 922.3452553304661]]]
6585	[[[2189.2401 1095.7538677443401 922.2397706741318]]]
6586	[[[2189.1601066666667 1095.800135693354 922.1620355384543]]]
6587	[[[2189.1601066666667 1095.9205710848953 922.1181262148758]]]
6588	[[[2189.0000999999997 1096.1005742635152 922.1120221006446]]]
6589	[[[2188.7601133333333 1096.3123412098591 922.1448402073212]]]
6590	[[[2188.68012 1096.5253282506799 922.2142025247773]]]
6591	[[[2188.9201133333336 1096.7162664539535 922.3139469130668]]]
6592	[[[2188.760106666667 1096.875149800079 922.4343374752431]]]
6593	[[[2188.8401 1097.0055506149695 922.5628223672243]]]
6594	[[[2188.6800933333334 1097.1199683948862 922.685259913847]]]
6595	[[[2188.6800933333334 1097.2327250076462 922.7874267248808]]]
6596	[[[2188.6000799999997 1097.3535475573642 922.8565644141046]]]
6597	[[[2188.440073333333 1097.4842956105767 922.8827262901227]]]
6598	[[[2188.5200733333336 1097.6196484895083 922.8597431550876]]]
6599	[[[2188.600086666667 1097.750692096043 922.7857140757316]]]
6600	[[[2188.9200733333337 1097.869078946493 922.6630149003119]]]
6601	[[[2189.0000666666665 1097.9693992622185 922.4978818729551]]]
6602	[[[2188.84006 1098.0486431308127 922.2996608764655]]]
6603	[[[2189.0000666666665 1098.1035081123662 922.0798198034787]]]
6604	[[[2188.9200533333333 1098.1277470087332 921.8508164638284]]]
6605	[[[2188.7600466666668 1098.1118646981465 921.6249118324545]]]
6606	[[[2188.680046666667 1098.0461182169759 921.4130255106462]]]
6607	[[[2188.8400533333333 1097.9257070817948 921.2237433578094]]]
6608	[[[2188.680046666667 1097.7554930904246 921.0625940839515]]]
6609	[[[2189.0000466666665 1097.5515150342287 920.9316980015234]]]
6610	[[[2188.9200333333333 1097.3380537397054 920.8298489842178]]]
6611	[[[2189.320033333333 1097.1412365571985 920.7530233003198]]]
6612	[[[2189.320033333333 1096.9819243635536 920.6952315034463]]]
6613	[[[2189.320033333333 1096.8709766775717 920.6495638464677]]]
6614	[[[2189.2400199999997 1096.8087977595599 920.609246059004]]]
6615	[[[2188.920033333334 1096.788973342995 920.5685315705356]]]
6616	[[[2189.0000266666666 1096.8038647509575 920.5233052918289]]]
6617	[[[2189.08004 1096.8491632177586 920.4713471188811]]]
6618	[[[2188.9200333333333 1096.9250154406466 920.4122779905014]]]
6619	[[[2189.000046666667 1097.0331169726467 920.3472668972221]]]
6620	[[[2189.1600533333335 1097.1712948659354 920.2786018174143]]]
6621	[[[2188.9200666666666 1097.3285562730423 920.2092212373487]]]
6622	[[[2188.9200666666666 1097.4836427962694 920.1422759630763]]]
6623	[[[2189.00008 1097.6087036982628 920.0807582241231]]]
6624	[[[2188.6000799999997 1097.6773735228671 920.0272094314779]]]
6625	[[[2188.6800933333334 1097.6743337584078 919.9835054017931]]]
6626	[[[2188.3601066666665 1097.6023653146547 919.9507165709214]]]
6627	[[[2188.44012 1097.4835193713843 919.9290437586618]]]
6628	[[[2188.12012 1097.3532017174728 919.9178301413448]]]
6629	[[[2188.44012 1097.2488466070997 919.9156438850823]]]
6630	[[[2188.5201133333335 1097.1972404586306 919.9204155702223]]]
6631	[[[2188.360126666667 1097.2053644762207 919.9296061279874]]]
6632	[[[2188.2001133333333 1097.2584182146002 919.9403804819667]]]
6633	[[[2188.2001133333333 1097.3259102764998 919.949771420434]]]
6634	[[[2187.9601 1097.3735190390896 919.9548336810814]]]
6635	[[[2187.6400933333334 1097.3761774359948 919.9528018500246]]]
6636	[[[2187.4000800000003 1097.3274331688945 919.9412693342097]]]
6637	[[[2187.080073333333 1097.2416855552974 919.9183955751536]]]
6638	[[[2186.84006 1097.1487167840232 919.8831279480856]]]
6639	[[[2186.76006 1097.0828733951814 919.8354025658359]]]
6640	[[[2186.76006 1097.0711776866183 919.7762755475761]]]
6641	[[[2186.8400533333333 1097.124855655079 919.7079408602849]]]
6642	[[[2186.60004 1097.2372386619525 919.6336128344401]]]
6643	[[[2186.44004 1097.3883903965207 919.5572831982735]]]
6644	[[[2185.96004 1097.5541989555977 919.4833916506662]]]
6645	[[[2185.6400333333336 1097.7160941546533 919.4164643235957]]]
6646	[[[2185.40002 1097.8675820158116 919.3607710204955]]]
6647	[[[2185.2400266666664 1098.0153274825168 919.3200335545358]]]
6648	[[[2185.080026666667 1098.1748417650897 919.297194347795]]]
6649	[[[2185.0000333333332 1098.3629271304562 919.2942387803432]]]
6650	[[[2185.2400466666663 1098.5900391207306 919.3120641930594]]]
6651	[[[2185.48006 1098.855330577282 919.3504020348031]]]
6652	[[[2185.4800600000003 1099.1457158871074 919.4078180792775]]]
6653	[[[2185.4000666666666 1099.4386671069526 919.4818255200647]]]
6654	[[[2185.720073333333 1099.7074071089626 919.5691362744582]]]
6655	[[[2185.400066666667 1099.9269640947941 919.6660446867472]]]
6656	[[[2185.0000666666665 1100.079866242949 919.7688935475821]]]
6657	[[[2185.0000666666665 1100.160538303768 919.8745317126298]]]
6658	[[[2184.8400800000004 1100.1774757766023 919.9806540180066]]]
6659	[[[2184.84008 1100.1522887650385 920.085929757667]]]
6660	[[[2184.6800933333334 1100.1151976399572 920.189875654718]]]
6661	[[[2184.6001 1100.0976596664889 920.2924996416649]]]
6662	[[[2184.5201066666664 1100.124057000409 920.3938103765075]]]
6663	[[[2184.36012 1100.205031585085 920.4933307584328]]]
6664	[[[2184.3601200000003 1100.3346410842105 920.5897560585778]]]
6665	[[[2184.2001066666667 1100.4921983380673 920.6808567925001]]]
6666	[[[2183.8001066666666 1100.6480991327028 920.7636560412088]]]
6667	[[[2183.64012 1100.7718048020722 920.8348336372196]]]
6668	[[[2183.8001133333332 1100.8397290799783 920.8912503229297]]]
6669	[[[2183.4001133333336 1100.8410071937406 920.930461411865]]]
6670	[[[2183.32012 1100.7797835292902 920.9511062354954]]]
6671	[[[2183.4001133333336 1100.6735738407751 920.9531071855469]]]
6672	[[[2183.2401266666666 1100.548296236938 920.9376710552054]]]
6673	[[[2183.2401266666666 1100.4314881944763 920.9071341593863]]]
6674	[[[2183.08014 1100.345710362074 920.8647159872094]]]
6675	[[[2183.08014 1100.3039488340391 920.814240021236]]]
6676	[[[2182.9201333333335 1100.3080234412562 920.7598531158245]]]
6677	[[[2182.9201333333335 1100.3499508172665 920.7057427294393]]]
6678	[[[2182.8401200000003 1100.415348060916 920.6558314761864]]]
6679	[[[2182.7601266666666 1100.487574716838 920.613431673661]]]
6680	[[[2182.7601266666666 1100.5514016018808 920.5808688241092]]]
6681	[[[2182.8401200000003 1100.5953959985284 920.5591215344743]]]
6682	[[[2183.000106666667 1100.6127458408937 920.5475590847386]]]
6683	[[[2182.76012 1100.6007838318526 920.5438698917296]]]
6684	[[[2182.840113333333 1100.5598835280846 920.5442546835717]]]
6685	[[[2182.7601 1100.492509714195 920.543908461431]]]
6686	[[[2182.5201 1100.4028992666463 920.5377473604385]]]
6687	[[[2182.5201 1100.2972379821238 920.5212694385209]]]
6688	[[[2182.5201 1100.183660809579 920.491392156906]]]
6689	[[[2182.440086666667 1100.0713642249766 920.447098345328]]]
6690	[[[2182.440086666667 1099.9687082648188 920.3897514663564]]]
6691	[[[2182.5201 1099.8810506105801 920.3230038004541]]]
6692	[[[2182.6000933333335 1099.80955797918 920.2523027879073]]]
6693	[[[2182.6801066666667 1099.7519226935894 920.184081872322]]]
6694	[[[2182.6801066666667 1099.704878772266 920.1247843612878]]]
6695	[[[2182.2801066666666 1099.6673042751545 920.079898970518]]]
6696	[[[2182.3601000000003 1099.6422540842598 920.053178760584]]]
6697	[[[2182.1201 1099.6367959661518 920.0461744517571]]]
6698	[[[2182.1201 1099.6596799577242 920.058148856844]]]
6699	[[[2181.8801000000003 1099.71792356209 920.0863657314432]]]
6700	[[[2181.9601133333335 1099.8137442909572 920.1266788035842]]]
6701	[[[2181.9601133333335 1099.9428446415914 920.1742978886473]]]
6702	[[[2181.8801 1100.094285582986 920.2245869336502]]]
6703	[[[2181.8000866666666 1100.2516279316817 920.2737557340516]]]
6704	[[[2181.8801000000003 1100.394930829532 920.3193390840446]]]
6705	[[[2181.800086666667 1100.5033927473426 920.3604055550195]]]
6706	[[[2181.7200733333334 1100.5585188007906 920.397491541884]]]
6707	[[[2181.4800666666665 1100.5474844215398 920.4323033090091]]]
6708	[[[2181.4000533333333 1100.4659898494012 920.4672618721794]]]
6709	[[[2181.56004 1100.3197369432758 920.5049786817164]]]
6710	[[[2181.6400399999998 1100.123964911879 920.5477454419146]]]
6711	[[[2181.480053333333 1099.9011474350384 920.597104425231]]]
6712	[[[2181.480053333333 1099.6775765188304 920.6535436518225]]]
6713	[[[2181.32004 1099.4797585031945 920.7163408188227]]]
6714	[[[2181.24004 1099.3312688351025 920.7835643654838]]]
6715	[[[2181.160026666667 1099.2502497044397 920.8522292084284]]]
6716	[[[2181.080026666667 1099.2474734233622 920.9185952402245]]]
6717	[[[2181.000026666667 1099.3249906005385 920.9785848093425]]]
6718	[[[2181.000026666667 1099.475654052062 921.0282792750369]]]
6719	[[[2181.0000266666666 1099.6839179866138 921.064436338761]]]
6720	[[[2181.0000266666666 1099.9280600703178 921.0849549398968]]]
6721	[[[2181.0000266666666 1100.183472585311 921.0892105526092]]]
6722	[[[2181.080026666667 1100.4262455200558 921.0781966476285]]]
6723	[[[2181.080026666667 1100.6362062673452 921.054439009307]]]
6724	[[[2180.760026666667 1100.7989184623457 921.0216931952747]]]
6725	[[[2181.080026666667 1100.9066323611507 920.9844807670573]]]
6726	[[[2181.0000133333333 1100.9584809239425 920.9475537868648]]]
6727	[[[2181.0000133333333 1100.9601404782366 920.9153885958298]]]
6728	[[[2181.080013333333 1100.9228316772726 920.8917947286583]]]
6729	[[[2181.240026666667 1100.8612754161668 920.8796872131097]]]
6730	[[[2181.080026666667 1100.7903857443148 920.8810221822927]]]
6731	[[[2181.24004 1100.7211355108539 920.8968520317188]]]
6732	[[[2181.4000533333333 1100.6568204872908 920.9274309222968]]]
6733	[[[2181.4000533333333 1100.5912930416569 920.9723014886596]]]
6734	[[[2181.24004 1100.5102298127788 921.0303176028187]]]
6735	[[[2181.48004 1100.3952637511172 921.0995964654663]]]
6736	[[[2181.560053333333 1100.2295157668975 921.1774323331379]]]
6737	[[[2181.560053333333 1100.00249716951 921.2602306614017]]]
6738	[[[2181.480053333333 1099.7128664275024 921.3435272161764]]]
6739	[[[2181.4800533333337 1099.3687279565145 921.4221409705673]]]
6740	[[[2181.32006 1098.9862138137987 921.4904784234137]]]
6741	[[[2181.32006 1098.5873353209697 921.5429705120029]]]
6742	[[[2181.4000733333332 1098.1975660297587 921.5745920116838]]]
6743	[[[2181.480086666667 1097.8429803103197 921.5813946463442]]]
6744	[[[2181.56008 1097.5467176523132 921.5609817061974]]]
6745	[[[2181.8000933333333 1097.3251862956397 921.5128618121608]]]
6746	[[[2181.64008 1097.1851911242154 921.438637728449]]]
6747	[[[2181.4800666666665 1097.1233069277084 921.3420073889771]]]
6748	[[[2181.400066666667 1097.128021927775 921.2285744946638]]]
6749	[[[2181.4000666666666 1097.1838781343724 921.1054832840433]]]
6750	[[[2181.080066666667 1097.2758583474122 920.9809064009314]]]
6751	[[[2180.9200533333337 1097.3922133916067 920.8634270170177]]]
6752	[[[2180.9200533333337 1097.5247732583973 920.7613669471476]]]
6753	[[[2180.9200533333333 1097.6670152441468 920.6821206847321]]]
6754	[[[2181.16006 1097.811149620574 920.6315591816102]]]
6755	[[[2180.8400533333333 1097.94586962489 920.6135644527018]]]
6756	[[[2181.0000600000003 1098.0561661992742 920.6297450065966]]]
6757	[[[2181.0000600000003 1098.1258747712784 920.6793626570898]]]
6758	[[[2180.7600466666668 1098.142586556376 920.7594755951272]]]
6759	[[[2180.60004 1098.1034500057822 920.8652747896207]]]
6760	[[[2180.60004 1098.0195601757523 920.9905659907549]]]
6761	[[[2180.68004 1097.9165346100563 921.1283327166897]]]
6762	[[[2180.60004 1097.8298414030999 921.2713098893513]]]
6763	[[[2180.60004 1097.7953965901904 921.4125039695979]]]
6764	[[[2180.68004 1097.8382074632816 921.5456114720441]]]
6765	[[[2180.68004 1097.9633047329244 921.6653093831441]]]
6766	[[[2180.68004 1098.1528962139155 921.7674131133539]]]
6767	[[[2180.5200400000003 1098.3713810204474 921.8489156447066]]]
6768	[[[2180.44004 1098.576491037762 921.9079328335432]]]
6769	[[[2180.2800333333334 1098.7320601610024 921.9435841951055]]]
6770	[[[2180.3600333333334 1098.81729775277 921.9558378360958]]]
6771	[[[2180.200026666667 1098.8293675653388 921.9453453736159]]]
6772	[[[2180.0400133333333 1098.779480416308 921.9132900194686]]]
6773	[[[2180.1200133333336 1098.6856656493567 921.8612691406289]]]
6774	[[[2180.28002 1098.566296634038 921.791230101244]]]
6775	[[[2180.1200066666665 1098.4370317025807 921.7054723097726]]]
6776	[[[2180.0400066666666 1098.3112247291615 921.6067166827597]]]
6777	[[[2180.28002 1098.201764740443 921.4982258339342]]]
6778	[[[2180.28002 1098.1218720061086 921.383937126897]]]
6779	[[[2180.3600333333334 1098.0835660892478 921.2685523823802]]]
6780	[[[2180.4400333333338 1098.094317350168 921.157520122986]]]
6781	[[[2180.5200333333332 1098.1536254829305 921.0568551518987]]]
6782	[[[2180.6800333333335 1098.2513550244976 920.9727682312624]]]
6783	[[[2180.7600333333335 1098.3688045728377 920.9111218507159]]]
6784	[[[2180.8400466666667 1098.4823318937108 920.8767768094959]]]
6785	[[[2180.9200466666666 1098.5684594066397 920.872935215149]]]
6786	[[[2181.1600466666664 1098.6089655357978 920.9006055445499]]]
6787	[[[2181.240046666667 1098.59450244707 920.9583063568169]]]
6788	[[[2181.240046666667 1098.5257069228448 921.0420866844246]]]
6789	[[[2181.0800400000003 1098.4115457655134 921.1458812044581]]]
6790	[[[2181.40004 1098.2656127304374 921.2621516027184]]]
6791	[[[2181.40004 1098.1019136539674 921.3827088736163]]]
6792	[[[2181.3200266666668 1097.9318905427197 921.4995786382318]]]
6793	[[[2181.640026666667 1097.763808661707 921.6057700856472]]]
6794	[[[2181.7200199999997 1097.6043896423419 921.695837443128]]]
6795	[[[2181.96002 1097.4613543503353 921.7661719223962]]]
6796	[[[2181.96002 1097.3450289558114 921.8150183726235]]]
6797	[[[2181.88002 1097.2676787648359 921.8422606322878]]]
6798	[[[2181.88002 1097.2405025001874 921.8490526034852]]]
6799	[[[2181.720006666667 1097.269554129022 921.8373840221567]]]
6800	[[[2181.720006666667 1097.3525397537035 921.809662521477]]]
6801	[[[2181.4800066666667 1097.4781112609862 921.7683731139779]]]
6802	[[[2181.4800066666667 1097.628138767063 921.715850586848]]]
6803	[[[2181.4800066666667 1097.782101898966 921.654176291167]]]
6804	[[[2181.4000066666667 1097.9218825942598 921.5851920712502]]]
6805	[[[2181.0800066666666 1098.0352622252994 921.510610762431]]]
6806	[[[2181.0800066666666 1098.117226878719 921.432192585275]]]
6807	[[[2181.320006666667 1098.169261788598 921.3519475357715]]]
6808	[[[2180.9200066666667 1098.197563951645 921.2723151708395]]]
6809	[[[2180.68 1098.2111683134754 921.1962676854806]]]
6810	[[[2180.6000066666666 1098.2204609080816 921.1272847776254]]]
6811	[[[2180.6800200000002 1098.2358980865938 921.0691642384774]]]
6812	[[[2180.76002 1098.2664737342993 921.025662036599]]]
6813	[[[2180.9200333333333 1098.317789942643 920.9999960465925]]]
6814	[[[2180.9200333333333 1098.3902499169992 920.9942891918303]]]
6815	[[[2180.9200333333333 1098.47836020512 921.0090582396484]]]
6816	[[[2180.8400333333334 1098.5719394194605 921.0428625500034]]]
6817	[[[2180.7600333333335 1098.6591626351617 921.0922069809725]]]
6818	[[[2180.6800333333335 1098.7303158497668 921.1517473736784]]]
6819	[[[2180.92004 1098.780587334948 921.2147861443567]]]
6820	[[[2180.92004 1098.8105965248526 921.2739850909051]]]
6821	[[[2180.92004 1098.824484431365 921.3221782936961]]]
6822	[[[2180.7600533333334 1098.8266110682673 921.3531509090117]]]
6823	[[[2181.08006 1098.818534331658 921.3622627472428]]]
6824	[[[2181.0800600000002 1098.7976943527535 921.3468334660242]]]
6825	[[[2181.0800600000002 1098.7583394787473 921.3062575129215]]]
6826	[[[2180.9200466666666 1098.6942323550377 921.2418678718009]]]
6827	[[[2180.8400466666667 1098.602005192268 921.1566062891358]]]
6828	[[[2180.92004 1098.4838395327597 921.0545769673134]]]
6829	[[[2180.92004 1098.3483601285704 920.9405598478993]]]
6830	[[[2180.76004 1098.2091645742782 920.8195432118988]]]
6831	[[[2180.76004 1098.0812093473812 920.6963114690449]]]
6832	[[[2180.76004 1097.9761961896763 920.5751014452185]]]
6833	[[[2181.080046666667 1097.8987792741452 920.4593260144079]]]
6834	[[[2180.84004 1097.8453544855943 920.3513605963799]]]
6835	[[[2180.84004 1097.806166047484 920.2523945071353]]]
6836	[[[2180.76004 1097.7698409070533 920.1623603982648]]]
6837	[[[2180.6000266666665 1097.7281386485668 920.0799642289488]]]
6838	[[[2180.28002 1097.678567455303 920.0028391767542]]]
6839	[[[2180.28002 1097.6237633269016 919.9278363042914]]]
6840	[[[2180.0400133333333 1097.568435722592 919.8514435926646]]]
6841	[[[2179.9600133333333 1097.5160411020718 919.7702981919088]]]
6842	[[[2179.960013333334 1097.4672977408352 919.6817320082191]]]
6843	[[[2179.960013333334 1097.4212889928838 919.5842755857499]]]
6844	[[[2180.0400133333333 1097.3781703659815 919.4780445424052]]]
6845	[[[2180.2000133333336 1097.341527281775 919.3649472068508]]]
6846	[[[2180.2800133333335 1097.3187636144855 919.2486778897622]]]
6847	[[[2180.2800133333335 1097.3191855907678 919.1344909398531]]]
6848	[[[2180.0400066666666 1097.35077623364 919.0287795657633]]]
6849	[[[2179.9600066666667 1097.417236416668 918.9385054577542]]]
6850	[[[2179.9600066666667 1097.5165080737627 918.8705387571777]]]
6851	[[[2180.1200066666665 1097.6411130329745 918.8309739759662]]]
6852	[[[2180.3600133333334 1097.7798601567258 918.8244884858176]]]
6853	[[[2180.3600133333334 1097.920157534434 918.8538080652955]]]
6854	[[[2180.3600133333334 1098.050255250457 918.9193387690015]]]
6855	[[[2180.3600133333334 1098.1609551502352 919.0190142252076]]]
6856	[[[2180.28002 1098.2464793639792 919.1483898434393]]]
6857	[[[2180.20002 1098.30435203506 919.3009889958765]]]
6858	[[[2180.0400133333333 1098.3344619704549 919.4688725872335]]]
6859	[[[2179.80002 1098.3378973457463 919.643367608281]]]
6860	[[[2179.8800333333334 1098.316383454162 919.8158599846065]]]
6861	[[[2179.720033333333 1098.2728949153404 919.9785405155586]]]
6862	[[[2179.7200333333335 1098.2132517170958 920.1249960403802]]]
6863	[[[2179.96004 1098.1476672300012 920.2505628640964]]]
6864	[[[2180.2800466666663 1098.0908910413539 920.3524021877142]]]
6865	[[[2180.3600466666667 1098.0601034013653 920.4293092320034]]]
6866	[[[2180.2800466666667 1098.0708485530822 920.4813175527969]]]
6867	[[[2180.0400400000003 1098.13239774745 920.509196492855]]]
6868	[[[2180.12004 1098.2443760153928 920.5139546539111]]]
6869	[[[2180.20004 1098.3960511345974 920.4964527411003]]]
6870	[[[2180.4400466666666 1098.5686516703806 920.4571980606732]]]
6871	[[[2180.60004 1098.7399883522357 920.3963483021394]]]
6872	[[[2180.68004 1098.88993602383 920.3139048399353]]]
6873	[[[2180.68004 1099.0051488832125 920.2100365009011]]]
6874	[[[2180.8400333333334 1099.0816661566575 920.0854516881258]]]
6875	[[[2180.6800200000002 1099.1246906927138 919.9417334322652]]]
6876	[[[2180.84002 1099.145662076601 919.7815667054753]]]
6877	[[[2180.84002 1099.1576155616197 919.6088143082088]]]
6878	[[[2180.680013333333 1099.170431261381 919.4284288015765]]]
6879	[[[2180.4400066666667 1099.1876388406815 919.2462156455878]]]
6880	[[[2180.4400066666667 1099.2058495837698 919.0684817561965]]]
6881	[[[2180.4400066666667 1099.2168631145125 918.9016125530933]]]
6882	[[[2180.5200066666666 1099.211497663513 918.7516210532013]]]
6883	[[[2180.5200066666666 1099.1836490867577 918.6237085085589]]]
6884	[[[2180.4400066666667 1099.1331568355047 918.5218714456809]]]
6885	[[[2180.1200000000003 1099.0666030131408 918.4485871067399]]]
6886	[[[2180.2 1098.9959008449025 918.4046081283622]]]
6887	[[[2180.2 1098.93518671912 918.3888954865296]]]
6888	[[[2180.12 1098.8969784129506 918.3987128843146]]]
6889	[[[2180.2800133333335 1098.8887446348274 918.4298930445835]]]
6890	[[[2180.5200200000004 1098.9109142661982 918.4772660581484]]]
6891	[[[2180.44002 1098.956935531659 918.5352141876883]]]
6892	[[[2180.6000333333336 1099.0153615765348 918.598291217677]]]
6893	[[[2180.5200333333337 1099.0732870995025 918.6618240496442]]]
6894	[[[2180.6000333333336 1099.1200335044293 918.722406108592]]]
6895	[[[2180.6000333333336 1099.1499416648367 918.7782005805904]]]
6896	[[[2180.7600466666668 1099.1634765904566 918.8289973932509]]]
6897	[[[2180.7600466666668 1099.1664150707436 918.8760078782066]]]
6898	[[[2181.080046666667 1099.1674596770915 918.9214281038176]]]
6899	[[[2181.2400599999996 1099.1750419458747 918.9678463384722]]]
6900	[[[2181.560066666667 1099.1942822230455 919.017601995201]]]
6901	[[[2181.560066666667 1099.225054951946 919.0722147164693]]]
6902	[[[2181.640066666667 1099.26185164662 919.131989185657]]]
6903	[[[2181.960066666667 1099.2956250568602 919.1958655949794]]]
6904	[[[2181.9600666666665 1099.3171024981068 919.2615349265453]]]
6905	[[[2181.80006 1099.320391866461 919.3257839646243]]]
6906	[[[2182.040066666667 1099.3053991020868 919.3849902094006]]]
6907	[[[2181.9600533333337 1099.2778922530554 919.435662288037]]]
6908	[[[2182.120066666667 1099.2469686525676 919.4749222629245]]]
6909	[[[2182.4400666666666 1099.2208406571597 919.5008504632146]]]
6910	[[[2182.52008 1099.2026891705727 919.512652585348]]]
6911	[[[2182.4400666666666 1099.188399712928 919.5106505599161]]]
6912	[[[2182.6000733333335 1099.1672385173056 919.4961312504885]]]
6913	[[[2182.440086666667 1099.1253163327103 919.4711030571647]]]
6914	[[[2182.6800733333334 1099.0505968829166 919.4380092597645]]]
6915	[[[2182.5200666666665 1098.9376853913302 919.3994340805393]]]
6916	[[[2182.6000799999997 1098.7908042547413 919.3578220602817]]]
6917	[[[2182.6800933333334 1098.6240465390847 919.3152218520789]]]
6918	[[[2182.4400933333336 1098.45887805692 919.2730660736382]]]
6919	[[[2182.520086666667 1098.3196477621452 919.2320076182463]]]
6920	[[[2182.6800933333334 1098.2283659225743 919.1918430792256]]]
6921	[[[2182.6001 1098.2001120871437 919.1515572064786]]]
6922	[[[2182.7601066666666 1098.240139974567 919.1095122664757]]]
6923	[[[2183.0000933333336 1098.3431920392802 919.0637816993567]]]
6924	[[[2182.6800933333334 1098.4949600239117 919.0125935595869]]]
6925	[[[2182.7600866666667 1098.6752259726113 918.9548155039205]]]
6926	[[[2182.7600866666667 1098.8620122028549 918.8903904950961]]]
6927	[[[2182.6800933333334 1099.0359292620797 918.8206294074281]]]
6928	[[[2182.7600866666667 1099.183753394971 918.7482864537069]]]
6929	[[[2182.440086666667 1099.300220433898 918.677382401163]]]
6930	[[[2182.6000933333335 1099.3873651544047 918.6127899514155]]]
6931	[[[2182.5200800000002 1099.4515764882647 918.5596435077965]]]
6932	[[[2182.52008 1099.4995790569726 918.5226703326048]]]
6933	[[[2182.600093333333 1099.5351720221972 918.5055538297728]]]
6934	[[[2182.5201 1099.5582573171469 918.5104299545305]]]
6935	[[[2182.6000933333335 1099.56651841624 918.5375881011724]]]
6936	[[[2182.6000933333335 1099.55870384301 918.5854065349146]]]
6937	[[[2182.5201 1099.5376396562806 918.6505100428675]]]
6938	[[[2182.2801133333332 1099.5112894602707 918.7281037756267]]]
6939	[[[2182.44012 1099.4912196645764 918.8124186956358]]]
6940	[[[2182.2001133333333 1099.4890875795693 918.8972023099068]]]
6941	[[[2182.2001133333333 1099.512611481436 918.9762003775248]]]
6942	[[[2182.3601000000003 1099.56259638333 919.0435947016213]]]
6943	[[[2182.2000933333334 1099.6320656126536 919.0943815961319]]]
6944	[[[2182.2000933333334 1099.707714475149 919.1246891199512]]]
6945	[[[2182.040086666667 1099.7731166355525 919.1320355693384]]]
6946	[[[2181.960086666667 1099.8126308183557 919.1155273213449]]]
6947	[[[2181.8800733333333 1099.8148778357718 919.0759841308817]]]
6948	[[[2181.8800733333333 1099.7749391288041 919.0159692734647]]]
6949	[[[2182.20006 1099.6949068935521 918.939695593107]]]
6950	[[[2181.96006 1099.5828918320979 918.8527806171033]]]
6951	[[[2181.8800466666667 1099.4509215935852 918.7618365356548]]]
6952	[[[2181.7200333333335 1099.312307231915 918.6739036091299]]]
6953	[[[2181.64002 1099.1790698176849 918.5957653539157]]]
6954	[[[2181.4800133333333 1099.059961921287 918.5332150781861]]]
6955	[[[2181.5600133333332 1098.959488927495 918.4903686794587]]]
6956	[[[2181.640026666667 1098.8780990079415 918.46913045906]]]
6957	[[[2181.4000266666667 1098.8133816940492 918.4689110848963]]]
6958	[[[2181.6400266666665 1098.7618030657175 918.4866674783028]]]
6959	[[[2181.6400266666665 1098.7203650800245 918.517286224596]]]
6960	[[[2181.6400266666665 1098.6876906000953 918.5542733836584]]]
6961	[[[2181.9600266666666 1098.6643395688752 918.5906564636651]]]
6962	[[[2181.9600266666666 1098.6524811036174 918.6199619153826]]]
6963	[[[2181.9600266666666 1098.655218400829 918.6371142412]]]
6964	[[[2181.560026666667 1098.6758410214527 918.6391153694348]]]
6965	[[[2181.64004 1098.717139381801 918.6254027438085]]]
6966	[[[2181.8000466666667 1098.7807857824052 918.5978424628028]]]
6967	[[[2181.8000466666667 1098.8667517981414 918.560376679161]]]
6968	[[[2181.8000466666667 1098.9727955113094 918.5183990140399]]]
6969	[[[2181.8000466666667 1099.094143035507 918.4779679215347]]]
6970	[[[2181.9600533333337 1099.2235151685716 918.4449812176377]]]
6971	[[[2181.88004 1099.3515643652051 918.4244266237234]]]
6972	[[[2181.80004 1099.467633640529 918.4197987901038]]]
6973	[[[2181.48004 1099.560647626333 918.432740399086]]]
6974	[[[2181.40004 1099.6200024524906 918.462930605691]]]
6975	[[[2181.32004 1099.6365131734228 918.5082131202122]]]
6976	[[[2181.0000400000004 1099.6036277159217 918.5649310029352]]]
6977	[[[2180.84004 1099.5190119733688 918.628416209911]]]
6978	[[[2180.7600266666664 1099.386205929781 918.6935689068791]]]
6979	[[[2180.9200333333333 1099.2155773454542 918.7554546748344]]]
6980	[[[2180.76002 1099.0236552900585 918.8098477069431]]]
6981	[[[2180.6000133333337 1098.8303832344452 918.8536558579684]]]
6982	[[[2180.6800133333336 1098.6547825990265 918.8851791569738]]]
6983	[[[2180.6000133333337 1098.5104687348437 918.9041758452541]]]
6984	[[[2180.5200133333333 1098.4028143932499 918.9117361924591]]]
6985	[[[2180.6000066666666 1098.3289968131348 918.9099902070117]]]
6986	[[[2180.6000066666666 1098.2808949028395 918.901696803198]]]
6987	[[[2180.680006666667 1098.2494575375954 918.8897759945276]]]
6988	[[[2180.680006666667 1098.2284637448581 918.8768508844278]]]
6989	[[[2180.84002 1098.2159410591523 918.8648627886247]]]
6990	[[[2180.84002 1098.2127460017452 918.8548118177837]]]
6991	[[[2181.0000333333332 1098.2193035448627 918.8466579863516]]]
6992	[[[2181.1600333333336 1098.2324664407622 918.83939573289]]]
6993	[[[2181.0000333333332 1098.2443795731926 918.8312893719717]]]
6994	[[[2180.92004 1098.244154353439 918.8202312224856]]]
6995	[[[2180.92004 1098.2216363904554 918.8041621159429]]]
6996	[[[2180.92004 1098.1713803984846 918.7814806803144]]]
6997	[[[2180.84004 1098.0947479167105 918.751367630361]]]
6998	[[[2180.92004 1097.9989438913572 918.713966214082]]]
6999	[[[2181.40004 1097.8933732521057 918.6703880024778]]]
7000	[[[2181.16004 1097.7851310905596 918.6225483527586]]]
7001	[[[2181.56004 1097.6759720551754 918.5728695354798]]]
7002	[[[2181.96004 1097.5624057265113 918.5239132139428]]]
7003	[[[2182.1200533333335 1097.4389575056848 918.4780121941184]]]
7004	[[[2182.1200533333335 1097.3029603704435 918.4369634566195]]]
7005	[[[2182.2800666666667 1097.1584098246037 918.4018246587701]]]
7006	[[[2182.2800666666667 1097.016866747972 918.3728318593209]]]
7007	[[[2182.5200666666665 1096.8948440257006 918.349434649581]]]
7008	[[[2182.76008 1096.8087338579392 918.3304310219656]]]
7009	[[[2182.8400733333337 1096.7692853141625 918.3141788500478]]]
7010	[[[2183.3200733333338 1096.77758482435 918.2988606301548]]]
7011	[[[2183.4800800000003 1096.8237105315347 918.2827781414726]]]
7012	[[[2183.96008 1096.8883173978677 918.2646498677364]]]
7013	[[[2184.120086666667 1096.9467793992608 918.2438756428037]]]
7014	[[[2183.9600866666665 1096.9751507363833 918.2207234644649]]]
7015	[[[2184.5200933333335 1096.9568287826166 918.1963892895625]]]
7016	[[[2184.6800999999996 1096.8882819050948 918.1728887754848]]]
7017	[[[2184.6001 1096.7818452670365 918.1527642727756]]]
7018	[[[2185.0000999999997 1096.6639457329975 918.1386291408803]]]
7019	[[[2185.080093333333 1096.5684978222273 918.1326164454691]]]
7020	[[[2185.2400800000005 1096.5272285354529 918.135837345042]]]
7021	[[[2185.3200733333333 1096.5603137103792 918.1479721755569]]]
7022	[[[2185.3200733333333 1096.6708804770526 918.1671046419314]]]
7023	[[[2185.720073333333 1096.845314140417 918.1898651385819]]]
7024	[[[2185.720073333333 1097.0586498183784 918.2118816440908]]]
7025	[[[2185.48008 1097.282092393177 918.2284629695113]]]
7026	[[[2185.560073333333 1097.4891784190306 918.2353801952557]]]
7027	[[[2185.640086666667 1097.658540357215 918.2295858218044]]]
7028	[[[2185.72008 1097.773699779724 918.2097253417388]]]
7029	[[[2185.72008 1097.8222017014668 918.1763489744916]]]
7030	[[[2185.32008 1097.796483564004 918.1318067527604]]]
7031	[[[2185.0000733333336 1097.6971085591629 918.0798855636085]]]
7032	[[[2184.920073333333 1097.5365853631329 918.0252999688627]]]
7033	[[[2184.68006 1097.3406367952455 917.9731650432724]]]
7034	[[[2185.0000666666665 1097.1445409358114 917.9285566558507]]]
7035	[[[2184.920073333333 1096.9847509680978 917.8962128056851]]]
7036	[[[2185.3200733333333 1096.8888612234348 917.8803678706616]]]
7037	[[[2185.4000733333332 1096.8683085085042 917.884661232156]]]
7038	[[[2185.16006 1096.9170768901229 917.9120392037868]]]
7039	[[[2185.16006 1097.0167274089674 917.9645811422234]]]
7040	[[[2185.320053333334 1097.145030499791 918.0432221815777]]]
7041	[[[2185.6400599999997 1097.2840482108732 918.147401934598]]]
7042	[[[2185.4000466666666 1097.4243259784128 918.2747218826661]]]
7043	[[[2185.400046666667 1097.5641854852213 918.4207264085861]]]
7044	[[[2185.4000466666666 1097.705499657119 918.578922143699]]]
7045	[[[2185.56004 1097.8485670736643 918.7411152848002]]]
7046	[[[2185.56004 1097.988469735592 918.8980839516893]]]
7047	[[[2185.6400399999998 1098.1141256497656 919.0405268933138]]]
7048	[[[2185.80004 1098.2099626157494 919.1601587961723]]]
7049	[[[2185.640026666667 1098.2593081136622 919.2507732401282]]]
7050	[[[2185.9600333333333 1098.2483186260743 919.3090795852022]]]
7051	[[[2185.720026666667 1098.1693761952006 919.335145196694]]]
7052	[[[2185.800026666667 1098.0231617969505 919.3323365892326]]]
7053	[[[2185.8800266666667 1097.8189932024827 919.3067416349239]]]
7054	[[[2186.04002 1097.573463114196 919.2661533086988]]]
7055	[[[2186.280026666667 1097.3078440996426 919.2187839005238]]]
7056	[[[2186.280026666667 1097.044977094446 919.1719382595857]]]
7057	[[[2186.680026666667 1096.8063075831253 919.1308911034771]]]
7058	[[[2186.7600266666664 1096.6094260720786 919.0981804614748]]]
7059	[[[2186.9200266666667 1096.4661339077502 919.0734509725124]]]
7060	[[[2186.9200266666667 1096.380949116362 919.0538715651024]]]
7061	[[[2187.2400333333335 1096.3501784653781 919.0350346723876]]]
7062	[[[2187.320033333334 1096.3620351884972 919.012144578185]]]
7063	[[[2187.4800400000004 1096.398429247636 918.9812438054058]]]
7064	[[[2187.56004 1096.4387144340265 918.9402226451704]]]
7065	[[[2187.56004 1096.4648518288373 918.8894088546276]]]
7066	[[[2187.56004 1096.4665090900305 918.8316293999231]]]
7067	[[[2187.4800400000004 1096.4441252207814 918.7717507081501]]]
7068	[[[2187.4800400000004 1096.4083716328112 918.7158110186064]]]
7069	[[[2187.48004 1096.3757397318006 918.6699342294843]]]
7070	[[[2187.320033333333 1096.361662584579 918.6392446565874]]]
7071	[[[2187.080026666667 1096.3738077777114 918.6269842196067]]]
7072	[[[2186.7600266666673 1096.4082774704332 918.633977103169]]]
7073	[[[2186.7600266666664 1096.4502951657923 918.6585088217724]]]
7074	[[[2186.680026666667 1096.4790864013285 918.6966059493806]]]
7075	[[[2186.9200333333333 1096.4749814495847 918.7426358705911]]]
7076	[[[2186.7600266666664 1096.4260424397526 918.7901031291516]]]
7077	[[[2186.680026666667 1096.3319519025506 918.8325037941923]]]
7078	[[[2186.4400200000005 1096.2041098262018 918.8641093612936]]]
7079	[[[2186.36002 1096.0622134841858 918.8805807699201]]]
7080	[[[2186.280006666667 1095.9285263891459 918.879353023015]]]
7081	[[[2186.4400200000005 1095.8214422890485 918.8597733144438]]]
7082	[[[2186.4400200000005 1095.749971961044 918.8230131326219]]]
7083	[[[2186.44002 1095.7106026603344 918.7718019275803]]]
7084	[[[2186.36002 1095.6875989174089 918.7100434996486]]]
7085	[[[2186.28002 1095.657082106358 918.6423761828811]]]
7086	[[[2186.2000199999998 1095.5941026134958 918.5737271163276]]]
7087	[[[2186.1200200000003 1095.480696075929 918.508894784983]]]
7088	[[[2186.2800333333334 1095.3121927095171 918.4521788493308]]]
7089	[[[2186.3600333333334 1095.0993824543905 918.4070672548588]]]
7090	[[[2186.28004 1094.8656014146127 918.3759899367969]]]
7091	[[[2186.20004 1094.639805699413 918.3601543764235]]]
7092	[[[2186.20004 1094.4482627071602 918.3594856041441]]]
7093	[[[2186.3600533333333 1094.3078437475097 918.3726952121198]]]
7094	[[[2186.120066666667 1094.222947602223 918.3974950321143]]]
7095	[[[2186.040066666667 1094.1864177181371 918.430949765639]]]
7096	[[[2185.9600533333337 1094.1833055793006 918.4699327284812]]]
7097	[[[2185.9600533333337 1094.1956055343892 918.5116183692772]]]
7098	[[[2185.9600533333337 1094.2062678800767 918.5539248046299]]]
7099	[[[2186.040053333333 1094.201596565041 918.5958180939657]]]
7100	[[[2186.040053333333 1094.1720910777642 918.6374110105022]]]
7101	[[[2186.1200533333335 1094.1124619050688 918.6798292609051]]]
7102	[[[2186.2800533333334 1094.0216512669228 918.7248676195796]]]
7103	[[[2186.0400400000003 1093.9032058101845 918.774503960195]]]
7104	[[[2185.96004 1093.7655909936436 918.8303682736273]]]
7105	[[[2185.800026666667 1093.6215507903944 918.8932690930219]]]
7106	[[[2185.800026666667 1093.4858342282066 918.9628613545915]]]
7107	[[[2185.800026666667 1093.371495188347 919.0375047684162]]]
7108	[[[2185.7200133333336 1093.2859658647806 919.1143216838904]]]
7109	[[[2186.0400000000004 1093.228508627798 919.1894296437741]]]
7110	[[[2186.1200000000003 1093.1901602716587 919.2583037637456]]]
7111	[[[2186.1200000000003 1093.1562166178267 919.3162189743175]]]
7112	[[[2186.1200000000003 1093.1103351297463 919.35872741826]]]
7113	[[[2186.2 1093.0389512768968 919.3821342157056]]]
7114	[[[2186.28 1092.9349070984656 919.3839384755144]]]
7115	[[[2186.2799999999997 1092.7996100109394 919.3632030577784]]]
7116	[[[2186.36 1092.6433453301718 919.3208089131426]]]
7117	[[[2186.6 1092.483538527942 919.2595449183162]]]
7118	[[[2186.6800000000003 1092.341026560185 919.1839901287944]]]
7119	[[[2186.76 1092.2349179295131 919.1001674370123]]]
7120	[[[2186.8399999999997 1092.1772775752463 919.0149848662131]]]
7121	[[[2187.0000133333333 1092.1692921327265 918.9355254599844]]]
7122	[[[2187.320013333333 1092.2003856896852 918.8682864846728]]]
7123	[[[2187.400026666667 1092.2508771379682 918.8184903536667]]]
7124	[[[2187.4800400000004 1092.2974905640924 918.7895843232137]]]
7125	[[[2187.5600533333336 1092.3198968392828 918.7830122727232]]]
7126	[[[2187.640066666667 1092.3060040026496 918.798287090206]]]
7127	[[[2187.7200666666668 1092.2541643996344 918.8333302989616]]]
7128	[[[2187.80008 1092.171658797114 918.8849928609098]]]
7129	[[[2187.880093333333 1092.0702574616591 918.9496410390834]]]
7130	[[[2187.9600933333336 1091.9607543343297 919.0236903322985]]]
7131	[[[2188.1201 1091.84868754992 919.1039967188876]]]
7132	[[[2188.2001 1091.7328830761198 919.1880582668305]]]
7133	[[[2188.2801000000004 1091.6072253089035 919.2740282358524]]]
7134	[[[2188.3601133333336 1091.464668224451 919.360580400302]]]
7135	[[[2188.680113333334 1091.301537775792 919.4466901526026]]]
7136	[[[2188.6801133333333 1091.1200841354964 919.5313989053188]]]
7137	[[[2188.5201266666672 1090.9281087684678 919.6136179467994]]]
7138	[[[2188.5201266666672 1090.73594971883 919.6920080631368]]]
7139	[[[2188.6001200000005 1090.552455960288 919.7649500503486]]]
7140	[[[2188.6801133333333 1090.382111620195 919.8306037239039]]]
7141	[[[2188.8401000000003 1090.2248656608165 919.8870410747373]]]
7142	[[[2189.000106666667 1090.0787660583485 919.932432039253]]]
7143	[[[2189.0801 1089.9439489694453 919.9652569227565]]]
7144	[[[2188.9200866666665 1089.8257162206253 919.9845161799282]]]
7145	[[[2189.0001 1089.734783054265 919.9899057868238]]]
7146	[[[2188.9201066666665 1089.6841128657638 919.9819262322436]]]
7147	[[[2188.68012 1089.6834042699654 919.9618975466273]]]
7148	[[[2188.7601333333337 1089.7334649524848 919.9318638058165]]]
7149	[[[2188.6001200000005 1089.822879578832 919.8943885810812]]]
7150	[[[2188.52012 1089.9285304559328 919.8522656430841]]]
7151	[[[2188.52012 1090.0200791673144 919.808191926942]]]
7152	[[[2188.52012 1090.0670860022383 919.764465618366]]]
7153	[[[2188.440106666667 1090.046565761708 919.7227747211123]]]
7154	[[[2188.3601133333336 1089.9487080797182 919.6841268070707]]]
7155	[[[2188.2801200000004 1089.7791652004983 919.6489398573902]]]
7156	[[[2188.04012 1089.5574347322236 919.6172738055835]]]
7157	[[[2187.8801133333336 1089.3120417100079 919.5891435745243]]]
7158	[[[2187.9601066666664 1089.0740766688161 919.5648291998465]]]
7159	[[[2188.12012 1088.8709222156801 919.5450961723476]]]
7160	[[[2188.12012 1088.7216554444144 919.5312619034804]]]
7161	[[[2188.12012 1088.6348431060314 919.5250865782909]]]
7162	[[[2188.040106666667 1088.6086166404932 919.5285162241215]]]
7163	[[[2188.040106666667 1088.6323829501273 919.5433474063257]]]
7164	[[[2188.2001200000004 1088.689443423584 919.5709036669338]]]
7165	[[[2188.040133333334 1088.7600185872961 919.6118073820421]]]
7166	[[[2187.8801200000003 1088.8244015572654 919.6658995092907]]]
7167	[[[2188.040106666667 1088.8659648246978 919.7323138043561]]]
7168	[[[2188.12012 1088.873560340322 919.8096658458107]]]
7169	[[[2188.2001133333333 1088.8427424540762 919.8962846400764]]]
7170	[[[2188.1201 1088.7754484821523 919.9904052013509]]]
7171	[[[2188.1201 1088.6782828836115 920.0902567787398]]]
7172	[[[2188.1201 1088.5600862120416 920.1940183460589]]]
7173	[[[2187.8001 1088.4296883803488 920.2996597567443]]]
7174	[[[2187.7200866666667 1088.294512179357 920.4047299705004]]]
7175	[[[2187.720086666667 1088.1601750869725 920.506180194771]]]
7176	[[[2187.7200866666667 1088.030766454295 920.6003111541764]]]
7177	[[[2187.880093333333 1087.909304952342 920.682908265861]]]
7178	[[[2187.9600866666665 1087.798026041279 920.7495821167022]]]
7179	[[[2187.9600866666665 1087.6984293401595 920.796276550113]]]
7180	[[[2188.04008 1087.6112085795378 920.8198582828562]]]
7181	[[[2188.2800866666666 1087.5361842667369 920.8186743475854]]]
7182	[[[2188.040086666667 1087.4722195722304 920.7929650196916]]]
7183	[[[2187.9600733333336 1087.4169877465545 920.7450497312169]]]
7184	[[[2187.8800800000004 1087.3665220345665 920.679252498756]]]
7185	[[[2187.72008 1087.3147340935384 920.6015865570926]]]
7186	[[[2187.8000933333333 1087.2533819681137 920.5192596610991]]]
7187	[[[2187.8801066666665 1087.1730530489608 920.4400813685743]]]
7188	[[[2188.0401199999997 1087.065415044214 920.3718496143068]]]
7189	[[[2187.96012 1086.926323903849 920.3217728639742]]]
7190	[[[2187.8801066666665 1086.7586835642696 920.2959583389857]]]
7191	[[[2187.8000933333333 1086.5736789468585 920.2989784055513]]]
7192	[[[2187.640086666667 1086.3894444336004 920.3335230800635]]]
7193	[[[2187.5600933333335 1086.2272770580992 920.4001555085189]]]
7194	[[[2187.4800800000003 1086.1066365750623 920.4972008848462]]]
7195	[[[2187.3200733333338 1086.0407413213195 920.6208062483055]]]
7196	[[[2187.2400800000005 1086.0342054555683 920.7652000901172]]]
7197	[[[2187.3200933333337 1086.0830704190703 920.923154651934]]]
7198	[[[2187.240093333334 1086.1764390242781 921.0866162238093]]]
7199	[[[2187.08008 1086.2984469734663 921.247431411189]]]
7200	[[[2187.16008 1086.4297699924466 921.3980729687819]]]
7201	[[[2186.920066666667 1086.5488632185843 921.532265963201]]]
7202	[[[2187.00006 1086.6338518239145 921.6454348697035]]]
7203	[[[2186.8400466666667 1086.6657979075874 921.7349283199555]]]
7204	[[[2186.8400466666667 1086.6329872933627 921.8000194868849]]]
7205	[[[2186.680046666667 1086.5346472333752 921.8417151395283]]]
7206	[[[2186.76006 1086.3820775170273 921.8624276281589]]]
7207	[[[2186.6000599999998 1086.1960383096964 921.8655697225994]]]
7208	[[[2186.360046666667 1086.001009237699 921.8551259175324]]]
7209	[[[2186.360046666667 1085.8185791742183 921.8352419279822]]]
7210	[[[2186.200046666667 1085.6627259665154 921.8098625879752]]]
7211	[[[2185.9600333333333 1085.5387695134493 921.7824403307991]]]
7212	[[[2185.80002 1085.445889595687 921.7557313989081]]]
7213	[[[2185.72002 1085.381363274165 921.7316919920969]]]
7214	[[[2185.64002 1085.3440154854334 921.7114785751228]]]
7215	[[[2185.64002 1085.3350567951977 921.6955443178717]]]
7216	[[[2185.72002 1085.3560476179034 921.6838088924524]]]
7217	[[[2185.4800133333333 1085.4053227748493 921.6758658016014]]]
7218	[[[2185.4800133333333 1085.4750458124834 921.6711848664023]]]
7219	[[[2185.5600133333332 1085.5507772192184 921.6692706173295]]]
7220	[[[2185.640013333333 1085.6142207381472 921.6697500269516]]]
7221	[[[2185.4 1085.6482677119802 921.6723817904458]]]
7222	[[[2185.4 1085.6423277649571 921.6769986134374]]]
7223	[[[2185.56 1085.5957315376947 921.6834082651279]]]
7224	[[[2185.320006666667 1085.5177759547485 921.6912852822471]]]
7225	[[[2185.56002 1085.4243508614363 921.700083136162]]]
7226	[[[2185.56002 1085.332406307494 921.7089890068777]]]
7227	[[[2185.4800200000004 1085.2542608256256 921.7169335939652]]]
7228	[[[2185.56002 1085.193704268282 921.7226592524285]]]
7229	[[[2185.64002 1085.1451379093096 921.7248418182413]]]
7230	[[[2185.56002 1085.0959291172392 921.722253814784]]]
7231	[[[2185.56002 1085.0310791961774 921.71394821723]]]
7232	[[[2185.56002 1084.9385173155808 921.6994330827271]]]
7233	[[[2185.48002 1084.8130969769375 921.6788009668439]]]
7234	[[[2185.5600333333336 1084.6578319777516 921.6527775025393]]]
7235	[[[2185.4800333333333 1084.481985666889 921.6226644717894]]]
7236	[[[2185.4800333333333 1084.2969367187616 921.5901745189495]]]
7237	[[[2185.5600333333336 1084.111702653031 921.5571829057752]]]
7238	[[[2185.5600333333336 1083.9301117145114 921.5254477746008]]]
7239	[[[2185.8800400000005 1083.7507708953099 921.4963643191404]]]
7240	[[[2185.640026666667 1083.5695800014548 921.4708128533872]]]
7241	[[[2185.720026666667 1083.383296007538 921.4491351172379]]]
7242	[[[2185.800026666667 1083.192192940586 921.4312340354201]]]
7243	[[[2185.6400333333336 1083.0004089727047 921.4167523015684]]]
7244	[[[2185.6400333333336 1082.8138232531453 921.405258959227]]]
7245	[[[2185.720033333333 1082.6366164001813 921.3963711497287]]]
7246	[[[2185.8800466666667 1082.4683929573564 921.3897627514831]]]
7247	[[[2185.8000466666663 1082.303541437459 921.3850553993457]]]
7248	[[[2185.8000466666667 1082.1334817070774 921.3816354158201]]]
7249	[[[2185.5600333333336 1081.9510732622723 921.3784751120243]]]
7250	[[[2185.4800400000004 1081.7553514232595 921.3740451660759]]]
7251	[[[2185.6400399999998 1081.5544273524074 921.3663817979963]]]
7252	[[[2185.4800466666666 1081.3650160245836 921.3533247245282]]]
7253	[[[2185.5600600000002 1081.2084166072777 921.3328850228435]]]
7254	[[[2185.080046666667 1081.1042908438342 921.3036555176864]]]
7255	[[[2184.92006 1081.0645796041301 921.2651565673787]]]
7256	[[[2184.6800733333334 1081.0898821454603 921.2180246334336]]]
7257	[[[2184.8400866666666 1081.1695806666005 921.163995452081]]]
7258	[[[2184.8400866666666 1081.2854172417274 921.1056932302748]]]
7259	[[[2184.6800933333334 1081.4168824307865 921.0462920260576]]]
7260	[[[2184.5201 1081.546276212386 920.9891471099717]]]
7261	[[[2184.2800866666666 1081.6618010457207 920.9374926578276]]]
7262	[[[2184.2000933333334 1081.7581677346868 920.8942692942534]]]
7263	[[[2184.360093333333 1081.835294008675 920.8620933309838]]]
7264	[[[2184.2001066666667 1081.89623195826 920.8433276517823]]]
7265	[[[2184.2001066666667 1081.9453426473362 920.8401799739426]]]
7266	[[[2183.960113333333 1081.9871959863729 920.8547485012865]]]
7267	[[[2183.960113333333 1082.0261111217033 920.8889581050383]]]
7268	[[[2183.8001 1082.0659496145404 920.9443724997726]]]
7269	[[[2183.960106666667 1082.109782965854 921.021913959365]]]
7270	[[[2184.1200933333334 1082.1592686793474 921.1215565486646]]]
7271	[[[2184.2000866666663 1082.2138459476264 921.2420716363094]]]
7272	[[[2183.960073333333 1082.2700950330645 921.3808938214879]]]
7273	[[[2184.2000666666668 1082.3216969457528 921.5341472947256]]]
7274	[[[2184.2000666666668 1082.3602930040608 921.6968375217674]]]
7275	[[[2184.2000666666663 1082.3771724769592 921.8631816412875]]]
7276	[[[2184.2000666666668 1082.3652755077198 922.0270303130904]]]
7277	[[[2184.28006 1082.320777269415 922.1823260779206]]]
7278	[[[2184.0400666666665 1082.2437234344698 922.3235462860836]]]
7279	[[[2184.200053333333 1082.1377291176084 922.4460877786214]]]
7280	[[[2184.3600466666667 1082.0092599405577 922.5465615142463]]]
7281	[[[2184.3600466666667 1081.8670967097696 922.6229759471016]]]
7282	[[[2184.44004 1081.7221666022708 922.6747980870941]]]
7283	[[[2184.44004 1081.5873276726209 922.7028918750945]]]
7284	[[[2184.5200333333332 1081.4764048336544 922.7093454304633]]]
7285	[[[2184.44004 1081.4020627959642 922.6972109833146]]]
7286	[[[2184.44004 1081.372811390175 922.6701913618808]]]
7287	[[[2184.3600466666667 1081.3901179862069 922.6323116289764]]]
7288	[[[2184.2800466666663 1081.4468252310824 922.5876117138201]]]
7289	[[[2184.6000533333336 1081.5277133626753 922.539885899943]]]
7290	[[[2184.8400466666667 1081.612307185621 922.4924807973222]]]
7291	[[[2184.8400466666662 1081.6792606644076 922.4481497952484]]]
7292	[[[2185.08006 1081.7111423709118 922.4089537759322]]]
7293	[[[2185.0800600000002 1081.698311489084 922.3761977525818]]]
7294	[[[2185.08006 1081.6408057813314 922.3504002836239]]]
7295	[[[2185.00006 1081.5476976033945 922.3313028102075]]]
7296	[[[2185.080053333333 1081.43411487907 922.3179334807757]]]
7297	[[[2185.3200666666667 1081.3168898247045 922.3087393460091]]]
7298	[[[2185.3200666666667 1081.2103031083432 922.3017900233767]]]
7299	[[[2185.400066666667 1081.1233492430458 922.2950374824082]]]
7300	[[[2185.4800600000003 1081.0592812226716 922.2865967595084]]]
7301	[[[2185.88006 1081.01717158613 922.2749989523246]]]
7302	[[[2186.040053333333 1080.9943891759556 922.2593669355189]]]
7303	[[[2186.040053333333 1080.9887078413278 922.2394778357361]]]
7304	[[[2185.8800400000005 1080.9992977407246 922.2157011845121]]]
7305	[[[2185.80004 1081.0266800312895 922.1888305537162]]]
7306	[[[2186.1200466666664 1081.0722448181298 922.1598507276739]]]
7307	[[[2186.040033333333 1081.1378139196433 922.1296951981495]]]
7308	[[[2186.1200266666665 1081.2251858849695 922.099047104014]]]
7309	[[[2186.2000266666664 1081.3352030653596 922.0682223364189]]]
7310	[[[2186.44004 1081.4660790823057 922.0371514172904]]]
7311	[[[2186.60004 1081.6114513361183 922.0054531856362]]]
7312	[[[2186.5200266666666 1081.7593140337124 921.9725737200065]]]
7313	[[[2186.7600333333335 1081.893016720375 921.9379517238972]]]
7314	[[[2186.8400333333334 1081.9946905804256 921.9011681570563]]]
7315	[[[2187.080046666667 1082.0502072179033 921.8620430439096]]]
7316	[[[2187.080046666667 1082.0538313068685 921.8206550198223]]]
7317	[[[2187.1600466666664 1082.0106750936059 921.7772773725709]]]
7318	[[[2187.4800466666666 1081.9359389465262 921.7322451415672]]]
7319	[[[2187.5600466666665 1081.8512438996097 921.6857870898649]]]
7320	[[[2187.72006 1081.7794532646685 921.637869156526]]]
7321	[[[2187.480053333333 1081.7397667716343 921.5880979340596]]]
7322	[[[2187.480053333333 1081.744490075972 921.5357216127519]]]
7323	[[[2187.6400533333335 1081.79803318684 921.4797430867508]]]
7324	[[[2187.720053333333 1081.8978160400193 921.4191307616214]]]
7325	[[[2187.720053333333 1082.0362188497213 921.3530849119492]]]
7326	[[[2187.88006 1082.2026561289551 921.2812993528183]]]
7327	[[[2187.9600733333336 1082.3851930782382 921.2041554421476]]]
7328	[[[2187.7200666666668 1082.5716203475433 921.1227993640217]]]
7329	[[[2187.7200666666668 1082.7502833665565 921.0390806768337]]]
7330	[[[2187.80006 1082.91104834787 920.9553628340914]]]
7331	[[[2187.8800533333333 1083.0465785966708 920.8742458551728]]]
7332	[[[2187.8800533333333 1083.1537502267986 920.7982597592536]]]
7333	[[[2187.80006 1083.2347624029182 920.7295904055967]]]
7334	[[[2187.9600666666665 1083.2974214417889 920.6698871710628]]]
7335	[[[2188.2000533333335 1083.3541980447187 920.6201788812654]]]
7336	[[[2188.44006 1083.419897658293 920.580897788394]]]
7337	[[[2188.6800599999997 1083.508099513733 920.5519887872616]]]
7338	[[[2188.6800599999997 1083.6269256546082 920.5330681476711]]]
7339	[[[2188.6000599999998 1083.7751850794975 920.5235947942215]]]
7340	[[[2188.6000599999998 1083.9403287458354 920.5230254374325]]]
7341	[[[2188.6000599999998 1084.0996074013062 920.5309374403905]]]
7342	[[[2188.5200466666665 1084.2250410678305 920.5471141406641]]]
7343	[[[2188.6800599999997 1084.2913395178493 920.5715921058339]]]
7344	[[[2188.9200599999995 1084.2843357649672 920.6046677158705]]]
7345	[[[2189.0000533333337 1084.206700700224 920.6468546336124]]]
7346	[[[2188.680053333333 1084.0783578846465 920.6987796489593]]]
7347	[[[2189.0000533333337 1083.9310279194417 920.7610073331412]]]
7348	[[[2188.8400466666667 1083.798792847636 920.8337962825113]]]
7349	[[[2188.8400466666662 1083.7082373232076 920.9168094503598]]]
7350	[[[2188.6000599999998 1083.6717611652218 921.0088221995575]]]
7351	[[[2188.6000599999998 1083.6861343050575 921.1074865714867]]]
7352	[[[2188.440073333333 1083.7361462156216 921.2092124914547]]]
7353	[[[2188.520086666667 1083.8013730827577 921.3092137212358]]]
7354	[[[2188.9200866666665 1083.8633370736472 921.4017406667871]]]
7355	[[[2189.080073333333 1083.910709881139 921.4804898746638]]]
7356	[[[2188.9200666666666 1083.9413026190207 921.5391489459854]]]
7357	[[[2188.9200666666666 1083.960859529115 921.5720122664684]]]
7358	[[[2188.7600533333334 1083.9797191395535 921.5745910375495]]]
7359	[[[2188.520053333333 1084.0089490447947 921.5441409156647]]]
7360	[[[2188.2800533333334 1084.0574475501708 921.4800401005392]]]
7361	[[[2188.440066666667 1084.1307781663538 921.3839671828873]]]
7362	[[[2188.040066666667 1084.2314913310581 921.2598492189868]]]
7363	[[[2188.12008 1084.359939764174 921.1135749742622]]]
7364	[[[2187.8800733333333 1084.5145670091242 920.952494973059]]]
7365	[[[2188.0400600000003 1084.6913555788317 920.7847570519953]]]
7366	[[[2187.8800533333338 1084.8830492036857 920.6185502364582]]]
7367	[[[2187.72004 1085.0792052939448 920.461346416076]]]
7368	[[[2187.72004 1085.2677138844838 920.3192339406779]]]
7369	[[[2187.32004 1085.4374058403346 920.1964270535572]]]
7370	[[[2186.92004 1085.580504765306 920.0950103459976]]]
7371	[[[2186.84004 1085.6936219428608 920.0149421244524]]]
7372	[[[2186.76004 1085.7768478578682 919.9543015520553]]]
7373	[[[2186.76004 1085.8316961129992 919.9097295056198]]]
7374	[[[2186.5200466666665 1085.8593797488857 919.8769889458193]]]
7375	[[[2186.2800533333334 1085.8606337484819 919.8515609514303]]]
7376	[[[2186.0400400000003 1085.8371981949326 919.8291974564895]]]
7377	[[[2185.8800466666667 1085.7938635065984 919.8063679879534]]]
7378	[[[2185.4800466666666 1085.7394524729764 919.7805603619871]]]
7379	[[[2185.2400599999996 1085.6856302612994 919.7504192899522]]]
7380	[[[2184.7600666666667 1085.6436869175293 919.7157283537503]]]
7381	[[[2184.680066666667 1085.6206685573222 919.6772578340966]]]
7382	[[[2184.44008 1085.6167178439873 919.6365129477294]]]
7383	[[[2184.2000666666668 1085.6249623105575 919.5954244219001]]]
7384	[[[2183.96008 1085.6340843815242 919.556026149559]]]
7385	[[[2183.72008 1085.6324852550938 919.5201625976365]]]
7386	[[[2183.480093333333 1085.6123187854453 919.4892611858021]]]
7387	[[[2183.1600933333334 1085.5718568163563 919.4641921388688]]]
7388	[[[2182.8400933333332 1085.5154729101657 919.4452218900269]]]
7389	[[[2182.6800866666667 1085.4515639862918 919.43204919483]]]
7390	[[[2182.52008 1085.3895147625108 919.4238999586483]]]
7391	[[[2182.20008 1085.337045544148 919.419651218776]]]
7392	[[[2182.0400733333336 1085.2989063589214 919.4179584732304]]]
7393	[[[2182.120066666667 1085.277084747109 919.4173720526588]]]
7394	[[[2182.040053333333 1085.2718792634823 919.4164427379405]]]
7395	[[[2182.1200466666664 1085.2827971305553 919.4138279250134]]]
7396	[[[2181.8800600000004 1085.3085075561414 919.4084118000256]]]
7397	[[[2181.8000466666667 1085.3458839378509 919.3994440963385]]]
7398	[[[2181.4800466666666 1085.389002868457 919.3866847442296]]]
7399	[[[2181.6400333333336 1085.4292604425552 919.3705230394994]]]
7400	[[[2181.720046666667 1085.4572418203377 919.3520285980117]]]
7401	[[[2181.80004 1085.4658852999348 919.3328943712355]]]
7402	[[[2182.0400400000003 1085.4534774726778 919.3152515467551]]]
7403	[[[2182.200046666667 1085.4247796850123 919.3013681095107]]]
7404	[[[2182.28006 1085.3893759499733 919.2932777402772]]]
7405	[[[2182.3600733333337 1085.3577837549697 919.2924119784938]]]
7406	[[[2182.6800733333334 1085.337170045794 919.2993166059778]]]
7407	[[[2182.84008 1085.3288721506435 919.313519038548]]]
7408	[[[2182.6000733333335 1085.3290516031939 919.3335803309566]]]
7409	[[[2182.6800866666667 1085.3321376618603 919.3573225394658]]]
7410	[[[2182.7600866666667 1085.3351751829864 919.382181936714]]]
7411	[[[2182.6800733333334 1085.3406674457708 919.4056120700351]]]
7412	[[[2182.7600866666667 1085.3563108898268 919.4254543730125]]]
7413	[[[2182.9201000000003 1085.3916928521965 919.4402081188322]]]
7414	[[[2182.7601133333333 1085.4536076001823 919.449160323672]]]
7415	[[[2183.0001 1085.5422731822175 919.4523707820614]]]
7416	[[[2182.9201066666665 1085.6501406250245 919.450538515889]]]
7417	[[[2182.7601200000004 1085.7636338856448 919.4447967352131]]]
7418	[[[2182.680126666667 1085.8668701442775 919.4364909097281]]]
7419	[[[2182.6801266666666 1085.945833065742 919.4269893546403]]]
7420	[[[2182.920113333333 1085.9917084016506 919.4175609517334]]]
7421	[[[2182.760126666667 1086.0027439116386 919.4093344057296]]]
7422	[[[2182.92012 1085.984545416399 919.4033319074075]]]
7423	[[[2183.1601266666667 1085.9489246225442 919.4005509284385]]]
7424	[[[2183.0801133333334 1085.911420147824 919.4020543815996]]]
7425	[[[2182.840126666667 1085.8877402255514 919.4090244016699]]]
7426	[[[2183.0001333333335 1085.8897710269496 919.4227405759378]]]
7427	[[[2183.0001333333335 1085.9222612127676 919.4444599632661]]]
7428	[[[2183.16012 1085.9814272322803 919.4752015367197]]]
7429	[[[2183.400106666667 1086.056245707524 919.5154667619454]]]
7430	[[[2183.2401133333337 1086.132211830671 919.5649537318703]]]
7431	[[[2183.4801 1086.1963127482861 919.6223370866525]]]
7432	[[[2183.560093333333 1086.2414384655133 919.6851842535754]]]
7433	[[[2183.640086666667 1086.2687108378905 919.7500586775441]]]
7434	[[[2183.9600733333336 1086.287101823358 919.8128258402841]]]
7435	[[[2183.8800733333333 1086.3107619894581 919.8691353581715]]]
7436	[[[2184.04006 1086.355190019958 919.9150119587563]]]
7437	[[[2184.1200599999997 1086.4334948523217 919.9474590412852]]]
7438	[[[2184.2000533333335 1086.553626142826 919.964967597262]]]
7439	[[[2184.36006 1086.716890072702 919.967833229643]]]
7440	[[[2184.680046666667 1086.9176423128565 919.9582132429347]]]
7441	[[[2184.76004 1087.1439050916633 919.9398989715747]]]
7442	[[[2184.76004 1087.3787320471547 919.9178278937943]]]
7443	[[[2184.6000533333336 1087.6022670510745 919.897406807128]]]
7444	[[[2184.44006 1087.7944511232208 919.8837529128892]]]
7445	[[[2184.44006 1087.9381727137427 919.880977207974]]]
7446	[[[2184.52006 1088.0223995857011 919.891630113904]]]
7447	[[[2184.440066666667 1088.0446130920536 919.9164026285971]]]
7448	[[[2184.440066666667 1088.0118241391508 919.9541316098672]]]
7449	[[[2184.2800666666667 1087.9396650511753 920.0021031535038]]]
7450	[[[2184.200073333333 1087.8495160769737 920.0565940165565]]]
7451	[[[2184.3600733333333 1087.764228312382 920.1135485938971]]]
7452	[[[2184.6800733333334 1087.7035366982525 920.1692668151283]]]
7453	[[[2184.8400733333333 1087.680466015913 920.2209808604939]]]
7454	[[[2184.9200666666666 1087.6997469789842 920.2672246893134]]]
7455	[[[2184.6800733333334 1087.758519802125 920.3079437299494]]]
7456	[[[2184.6800733333334 1087.8487105163942 920.3443428337924]]]
7457	[[[2184.92006 1087.9598626859563 920.3785178359532]]]
7458	[[[2184.92006 1088.0812271755392 920.4129505016107]]]
7459	[[[2184.92006 1088.2025538688042 920.4499626880738]]]
7460	[[[2184.8400666666666 1088.3139229884152 920.4912223220689]]]
7461	[[[2184.8400666666666 1088.4055680410038 920.5373747453905]]]
7462	[[[2185.0000533333337 1088.4686026865136 920.5878445252006]]]
7463	[[[2184.92006 1088.4968823546596 920.64082227199]]]
7464	[[[2185.00006 1088.4893077721845 920.6934245683033]]]
7465	[[[2185.1600533333335 1088.4512762351587 920.7419964618733]]]
7466	[[[2184.8400666666666 1088.3941232635466 920.7825157707081]]]
7467	[[[2184.2800733333333 1088.3322940182272 920.8110548114008]]]
7468	[[[2184.2000733333334 1088.279213445596 920.8242549435676]]]
7469	[[[2184.040086666667 1088.2436931902919 920.8197696434307]]]
7470	[[[2184.12008 1088.2286332696185 920.7966314002693]]]
7471	[[[2184.12008 1088.2326496679907 920.755497544741]]]
7472	[[[2183.8800933333337 1088.2536332122424 920.6987331052134]]]
7473	[[[2183.960086666667 1088.2920646504615 920.6302986491258]]]
7474	[[[2183.8800933333337 1088.351948978256 920.5554305014098]]]
7475	[[[2183.9600866666665 1088.4385567701513 920.480129702035]]]
7476	[[[2183.5600866666664 1088.5540322069482 920.4105107679339]]]
7477	[[[2183.4001000000003 1088.6932444893707 920.3520944324124]]]
7478	[[[2183.4001000000003 1088.8422574971855 920.3091508555249]]]
7479	[[[2183.0801 1088.980509717937 920.2842030144492]]]
7480	[[[2182.840113333333 1089.0859935877797 920.2777796375412]]]
7481	[[[2182.840113333333 1089.1413672235824 920.2884647177394]]]
7482	[[[2182.8401133333336 1089.1386349172926 920.3132343916267]]]
7483	[[[2182.6001266666667 1089.0808003390955 920.3480146814081]]]
7484	[[[2182.6001266666667 1088.9802445212506 920.3883495459063]]]
7485	[[[2182.360126666667 1088.8548531836452 920.4300493807535]]]
7486	[[[2182.20014 1088.7235864727518 920.4697007356168]]]
7487	[[[2182.360126666667 1088.603033520237 920.5049557269955]]]
7488	[[[2182.12012 1088.5056856014555 920.534574257245]]]
7489	[[[2182.2001133333333 1088.4396649563978 920.5582491987667]]]
7490	[[[2181.960106666667 1088.4090222024354 920.5762895659032]]]
7491	[[[2181.880106666667 1088.4138024956344 920.5892588415281]]]
7492	[[[2181.7200933333334 1088.4497641013788 920.5976613657698]]]
7493	[[[2181.64008 1088.5083864415358 920.6017428095837]]]
7494	[[[2181.56008 1088.5780342381443 920.6014308748789]]]
7495	[[[2181.56008 1088.6466171490474 920.5964017599962]]]
7496	[[[2181.3200666666667 1088.7051186346614 920.586227800807]]]
7497	[[[2180.9200666666666 1088.7506218996587 920.5705490543531]]]
7498	[[[2180.6800533333335 1088.7874640318735 920.5492176204904]]]
7499	[[[2180.44004 1088.8259291524728 920.5223837421541]]]
7500	[[[2180.200046666667 1088.8789716553836 920.4905188960151]]]
7501	[[[2179.9600333333333 1088.9582179123552 920.454393853829]]]
7502	[[[2179.48004 1089.0705822154523 920.4150416187066]]]
7503	[[[2179.3200466666667 1089.2163581609527 920.373732870817]]]
7504	[[[2179.16004 1089.3890078088289 920.3319767197671]]]
7505	[[[2179.1600399999998 1089.5764217381557 920.2915381015745]]]
7506	[[[2178.9200533333333 1089.7632493187004 920.2544433744448]]]
7507	[[[2178.680066666667 1089.9338534977967 920.222935530212]]]
7508	[[[2178.600066666667 1090.0753651123212 920.1993449989045]]]
7509	[[[2178.440073333333 1090.1801999237657 920.1858616814797]]]
7510	[[[2178.120066666667 1090.24741150068 920.1842239925641]]]
7511	[[[2178.040073333333 1090.2825156773863 920.1953728674113]]]
7512	[[[2177.96008 1090.2958830670534 920.2191429188292]]]
7513	[[[2177.8000933333333 1090.3002275998372 920.2540706627893]]]
7514	[[[2177.8800933333337 1090.3079011747375 920.2973864720865]]]
7515	[[[2177.8001 1090.3286029314463 920.345223863505]]]
7516	[[[2177.5601 1090.3678818965193 920.3930338394097]]]
7517	[[[2177.7200933333334 1090.4266264499038 920.4361444218489]]]
