frame_nr,time,measurement_available,x,y,state1,state2,state3,state4,state5
853.0,34.12,0.0,-6.051309867829204,-26.565983780451756,-6.051309867829204,-26.565983780451756,3.125738524132439,-2.509416285066617,-0.2996054979246573
854.0,34.160000000000004,0.0,-6.082645477642491,-26.5767735648535,-6.082645477642491,-26.5767735648535,3.1290124446680023,-2.509416285066617,-0.2996054979246573
855.0,34.2,0.0,-6.1138461760753575,-26.588072261739715,-6.1138461760753575,-26.588072261739715,3.132239904189091,-2.509416285066617,-0.2996054979246573
856.0,34.24,0.0,-6.1451982863392445,-26.599222598051234,-6.1451982863392445,-26.599222598051234,3.135429753426219,-2.509416285066617,-0.2996054979246573
857.0,34.28,0.0,-6.176319721452804,-26.610800718861423,-6.176319721452804,-26.610800718861423,3.1385800664978563,-2.509416285066617,-0.2996054979246573
858.0,34.32,0.0,-6.2069716742060965,-26.622284014704242,-6.2069716742060965,-26.622284014704242,3.1416902030291043,-2.509416285066617,-0.2996054979246573
859.0,34.36,0.0,-6.238284114964349,-26.63430401756503,-6.238284114964349,-26.63430401756503,3.1447616282498316,-2.509416285066617,-0.2996054979246573
860.0,34.4,0.0,-6.269295098596298,-26.64660804985232,-6.269295098596298,-26.64660804985232,3.1477944443235204,-2.509416285066617,-0.2996054979246573
861.0,34.44,0.0,-6.300668233278591,-26.658677719619853,-6.300668233278591,-26.658677719619853,3.15079000847596,-2.509416285066617,-0.2996054979246573
862.0,34.480000000000004,0.0,-6.3322087063676324,-26.670519659769134,-6.3322087063676324,-26.670519659769134,3.1537498350195077,-2.509416285066617,-0.2996054979246573
863.0,34.52,0.0,-6.363621454315309,-26.68214025524272,-6.363621454315309,-26.68214025524272,3.1566558160622016,-2.509416285066617,-0.2996054979246573
864.0,34.56,0.0,-6.3952968806452475,-26.693545654503843,-6.3952968806452475,-26.693545654503843,3.159509933113428,-2.509416285066617,-0.2996054979246573
865.0,34.6,0.0,-6.426589534930633,-26.70474178038402,-6.426589534930633,-26.70474178038402,3.1623166716954856,-2.509416285066617,-0.2996054979246573
866.0,34.64,0.0,-6.4574490633799355,-26.715734340339107,-6.4574490633799355,-26.715734340339107,3.1650769463775785,-2.509416285066617,-0.2996054979246573
867.0,34.68,0.0,-6.487806585756809,-26.72652883615086,-6.487806585756809,-26.72652883615086,3.167791638771462,-2.509416285066617,-0.2996054979246573
868.0,34.72,0.0,-6.517646475514022,-26.737130573108825,-6.517646475514022,-26.737130573108825,3.170461599002757,-2.509416285066617,-0.2996054979246573
869.0,34.76,0.0,-6.547113198659775,-26.747544668704705,-6.547113198659775,-26.747544668704705,3.173087647104142,-2.509416285066617,-0.2996054979246573
870.0,34.800000000000004,0.0,-6.576234645511865,-26.757776060869084,-6.576234645511865,-26.757776060869084,3.1756705743352196,-2.509416285066617,-0.2996054979246573
871.0,34.84,0.0,-6.605013959602013,-26.767829515778423,-6.605013959602013,-26.767829515778423,3.1782111444335195,-2.509416285066617,-0.2996054979246573
872.0,34.88,0.0,-6.633454229762238,-26.777709635258294,-6.633454229762238,-26.777709635258294,3.1807087306204336,-2.509416285066617,-0.2996054979246573
873.0,34.92,0.0,-6.661558495469379,-26.787420863806886,-6.661558495469379,-26.787420863806886,3.183172896013064,-2.509416285066617,-0.2996054979246573
874.0,34.96,0.0,-6.689329751874731,-26.79696749526143,-6.689329751874731,-26.79696749526143,3.1856040042971117,-2.509416285066617,-0.2996054979246573
875.0,35.0,0.0,-6.7166927539288,-26.80635367912851,-6.7166927539288,-26.80635367912851,3.1880024069335473,-2.509416285066617,-0.2996054979246573
876.0,35.04,0.0,-6.743677254884049,-26.8155834265978,-6.743677254884049,-26.8155834265978,3.190368443667977,-2.509416285066617,-0.2996054979246573
877.0,35.08,0.0,-6.770344874879087,-26.824660616257678,-6.770344874879087,-26.824660616257678,3.192705535341035,-2.509416285066617,-0.2996054979246573
878.0,35.12,0.0,-6.796698227576562,-26.833588999529695,-6.796698227576562,-26.833588999529695,3.1950169906295027,-2.509416285066617,-0.2996054979246573
879.0,35.160000000000004,0.0,-6.822739908798447,-26.841992237833104,-6.822739908798447,-26.841992237833104,3.19730375155365,-2.509416285066617,-0.2996054979246573
880.0,35.2,0.0,-6.848472499816995,-26.849879606658995,-6.848472499816995,-26.849879606658995,3.1995685172653947,-2.509416285066617,-0.2996054979246573
881.0,35.24,0.0,-6.873852903424427,-26.857260091021484,-6.873852903424427,-26.857260091021484,3.2018114779942346,-2.509416285066617,-0.2996054979246573
882.0,35.28,0.0,-6.898875748060986,-26.8644930490283,-6.898875748060986,-26.8644930490283,3.204032642691912,-2.509416285066617,-0.2996054979246573
883.0,35.32,0.0,-6.923603376927491,-26.87126421123817,-6.923603376927491,-26.87126421123817,3.206251153237435,-2.509416285066617,-0.2996054979246573
884.0,35.36,0.0,-6.948038120494648,-26.877702338936217,-6.948038120494648,-26.877702338936217,3.2084670718374966,-2.509416285066617,-0.2996054979246573
885.0,35.4,0.0,-6.972182312884417,-26.883890679505143,-6.972182312884417,-26.883890679505143,3.2106804587698967,-2.509416285066617,-0.2996054979246573
886.0,35.44,0.0,-6.995978024725024,-26.889608011463825,-6.995978024725024,-26.889608011463825,3.2128913724577357,-2.509416285066617,-0.2996054979246573
887.0,35.480000000000004,0.0,-7.019470252399332,-26.894861905701504,-7.019470252399332,-26.894861905701504,3.215099869540202,-2.509416285066617,-0.2996054979246573
888.0,35.52,0.0,-7.0426842932762455,-26.899659709964908,-7.0426842932762455,-26.899659709964908,3.2172826631654514,-2.509416285066617,-0.2996054979246573
889.0,35.56,0.0,-7.065622313383557,-26.904008557301534,-7.065622313383557,-26.904008557301534,3.21945579909904,-2.509416285066617,-0.2996054979246573
890.0,35.6,0.0,-7.08828649544398,-26.907915374124702,-7.08828649544398,-26.907915374124702,3.2216271363774394,-2.509416285066617,-0.2996054979246573
891.0,35.64,0.0,-7.110679040180015,-26.911386887920077,-7.110679040180015,-26.911386887920077,3.223796714970765,-2.509416285066617,-0.2996054979246573
892.0,35.68,0.0,-7.132802167508086,-26.91470750420209,-7.132802167508086,-26.91470750420209,3.225961610156563,-2.509416285066617,-0.2996054979246573
893.0,35.72,0.0,-7.154658117626806,-26.91783110848398,-7.154658117626806,-26.91783110848398,3.2280978429185465,-2.509416285066617,-0.2996054979246573
894.0,35.76,0.0,-7.176249152003889,-26.92078306014741,-7.176249152003889,-26.92078306014741,3.230232863988848,-2.509416285066617,-0.2996054979246573
895.0,35.800000000000004,0.0,-7.197577554266065,-26.923319980441402,-7.197577554266065,-26.923319980441402,3.2323666995190865,-2.502856021444977,-0.2985131740835968
896.0,35.84,0.0,-7.218645630996064,-26.925447796562427,-7.218645630996064,-26.925447796562427,3.2344993749136925,-2.489735494201696,-0.2963285264014759
897.0,35.88,0.0,-7.239455712440592,-26.92717227379438,-7.239455712440592,-26.92717227379438,3.236630914856402,-2.4700547033367757,-0.29305155487829443
898.0,35.92,0.0,-7.260010153132988,-26.92849902125996,-7.260010153132988,-26.92849902125996,3.2387613433356357,-2.4438136488502145,-0.2886822595140526
899.0,35.96,0.0,-7.280311332434078,-26.929433497430654,-7.280311332434078,-26.929433497430654,3.2408906836688094,-2.4110123307420137,-0.2832206403087502
900.0,36.0,0.0,-7.300361654994599,-26.930107284190395,-7.300361654994599,-26.930107284190395,3.243018958525633,-2.371650749012172,-0.27666669726238735
901.0,36.04,0.0,-7.320163551142371,-26.930646379375464,-7.320163551142371,-26.930646379375464,3.245146189950444,-2.3257289036606905,-0.2690204303749641
902.0,36.08,0.0,-7.339695979777571,-26.930806419506684,-7.339695979777571,-26.930806419506684,3.247272399383626,-2.273246794687569,-0.2602818396464803
903.0,36.12,0.0,-7.358984968081978,-26.930701088945234,-7.358984968081978,-26.930701088945234,3.249397607682152,-2.214204422092807,-0.250450925076936
904.0,36.160000000000004,0.0,-7.378035572074033,-26.93048917946471,-7.378035572074033,-26.93048917946471,3.2515218351392914,-2.148601785876405,-0.23952768666633129
905.0,36.2,0.0,-7.396845642107052,-26.92991043161325,-7.396845642107052,-26.92991043161325,3.253645101503529,-2.0764388860383622,-0.22751212441466612
906.0,36.24,0.0,-7.4154148108766895,-26.92896946179299,-7.4154148108766895,-26.92896946179299,3.2557674259967224,-1.99771572257868,-0.21440423832194047
907.0,36.28,0.0,-7.433749684611937,-26.927670770314318,-7.433749684611937,-26.927670770314318,3.2578888273315414,-1.912432295497357,-0.20020402838815426
908.0,36.32,0.0,-7.4518548086518335,-26.926079480180565,-7.4518548086518335,-26.926079480180565,3.2599926187730817,-1.8205886047943938,-0.18491149461330764
909.0,36.36,0.0,-7.469734706921149,-26.924448653265554,-7.469734706921149,-26.924448653265554,3.262085505445324,-1.7221846504697904,-0.16852663699740056
910.0,36.4,0.0,-7.487393882884018,-26.922470763629683,-7.487393882884018,-26.922470763629683,3.2641778692521606,-1.617220432523547,-0.151049455540433
911.0,36.44,0.0,-7.504844213569859,-26.920149920423846,-7.504844213569859,-26.920149920423846,3.266269720313566,-1.5056959509556633,-0.132479950242405
912.0,36.480000000000004,0.0,-7.522090875478216,-26.91749013361361,-7.522090875478216,-26.91749013361361,3.2683610684900293,-1.3876112057661394,-0.11281812110331647
913.0,36.52,0.0,-7.539142231056461,-26.91474625221146,-7.539142231056461,-26.91474625221146,3.2704519233908167,-1.2629661969549753,-0.09206396812316747
914.0,36.56,0.0,-7.556001046858307,-26.912037103485293,-7.556001046858307,-26.912037103485293,3.272542294381923,-1.1383211881438111,-0.0713098151430185
915.0,36.6,0.0,-7.572671713508111,-26.909362032101583,-7.572671713508111,-26.909362032101583,3.2746321905937186,-1.020236442954287,-0.051647986003929995
916.0,36.64,0.0,-7.589155964639464,-26.906720399110178,-7.589155964639464,-26.906720399110178,3.2767216209283156,-0.9087119613864032,-0.03307848070590196
917.0,36.68,0.0,-7.605452199762263,-26.90411158143543,-7.605452199762263,-26.90411158143543,3.2788105940666568,-0.8037477434401598,-0.0156012992489344
918.0,36.72,0.0,-7.6215708788142695,-26.901534971386305,-7.6215708788142695,-26.901534971386305,3.2808991184753378,-0.7053437891155565,0.0007835583669726891
919.0,36.76,0.0,-7.637512049180608,-26.8989899761844,-7.637512049180608,-26.8989899761844,3.2829620168176548,-0.6135000984125935,0.016076092141819306
920.0,36.800000000000004,0.0,-7.653621866673621,-26.896476017509354,-7.653621866673621,-26.896476017509354,3.284999757863114,-0.5282166713312705,0.030276302075605454
921.0,36.84,0.0,-7.670196859020229,-26.89399253106067,-7.670196859020229,-26.89399253106067,3.287012799017113,-0.44949350787158787,0.043384188168331124
922.0,36.88,0.0,-7.687236741689822,-26.89153896613546,-7.687236741689822,-26.89153896613546,3.289001586663234,-0.37733060803354546,0.05539975041999632
923.0,36.92,0.0,-7.704741229735443,-26.889114785221334,-7.704741229735443,-26.889114785221334,3.2909665564932324,-0.31172797181714335,0.06632298883060105
924.0,36.96,0.0,-7.722710037803331,-26.886719463603804,-7.722710037803331,-26.886719463603804,3.292908133825255,-0.2526855992223814,0.07615390340014531
925.0,37.0,0.0,-7.741142880142005,-26.884352488987666,-7.741142880142005,-26.884352488987666,3.2948267339107447,-0.2002034902492596,0.08489249412862909
926.0,37.04,0.0,-7.760023792734749,-26.882013361131715,-7.760023792734749,-26.882013361131715,3.2967227622305226,-0.15428164489777804,0.09253876101605239
927.0,37.08,0.0,-7.779281715470009,-26.879701591496303,-7.779281715470009,-26.879701591496303,3.2985966147804784,-0.11492006316793672,0.09909270406241524
928.0,37.12,0.0,-7.798914954619478,-26.87741670290316,-7.798914954619478,-26.87741670290316,3.3004486783472955,-0.08211874505973564,0.1045543232677176
929.0,37.160000000000004,0.0,-7.8189218515049905,-26.875158229207056,-7.8189218515049905,-26.875158229207056,3.3022793307746126,-0.05587769057317475,0.10892361863195948
930.0,37.2,0.0,-7.83930078156914,-26.872925714978717,-7.83930078156914,-26.872925714978717,3.304088941220005,-0.03619689970825409,0.1122005901551409
931.0,37.24,0.0,-7.860045384860477,-26.870718715198702,-7.860045384860477,-26.870718715198702,3.3058778704031653,-0.023076372464973655,0.11438523783726184
932.0,37.28,0.0,-7.881140353524386,-26.868536794961646,-7.881140353524386,-26.868536794961646,3.3076464708456075,-0.016516108843333432,0.11547756167832232
933.0,37.32,0.0,-7.902593115886259,-26.866379529190542,-7.902593115886259,-26.866379529190542,3.3093950871022595,-0.016516108843333432,0.11547756167832232
934.0,37.36,0.0,-7.924379669412055,-26.86424650236069,-7.924379669412055,-26.86424650236069,3.3111240559852413,-0.016516108843333432,0.11547756167832232
935.0,37.4,0.0,-7.9464980019999185,-26.86213730823284,-7.9464980019999185,-26.86213730823284,3.312833706780145,-0.016516108843333432,0.11547756167832232
936.0,37.44,0.0,-7.9689500923665255,-26.860051549595305,-7.9689500923665255,-26.860051549595305,3.314524361455106,-0.016516108843333432,0.11547756167832232
937.0,37.480000000000004,0.0,-7.991745075580646,-26.857988838014535,-7.991745075580646,-26.857988838014535,3.3161963348629393,-0.016516108843333432,0.11547756167832232
938.0,37.52,0.0,-8.014876442179228,-26.855948793594,-8.014876442179228,-26.855948793594,3.3178499349366213,-0.016516108843333432,0.11547756167832232
939.0,37.56,0.0,-8.038337815052573,-26.853931044740893,-8.038337815052573,-26.853931044740893,3.31948546287835,-0.016516108843333432,0.11547756167832232
940.0,37.6,0.0,-8.062122945862303,-26.851935227940544,-8.062122945862303,-26.851935227940544,3.321103213342451,-0.016516108843333432,0.11547756167832232
941.0,37.64,0.0,-8.086225711575645,-26.849960987538033,-8.086225711575645,-26.849960987538033,3.322703474612346,-0.016516108843333432,0.11547756167832232
942.0,37.68,0.0,-8.110640111111705,-26.84800797552695,-8.110640111111705,-26.84800797552695,3.324286528771812,-0.016516108843333432,0.11547756167832232
943.0,37.72,0.0,-8.13536026209549,-26.846075851344857,-8.13536026209549,-26.846075851344857,3.3258526518707496,-0.016516108843333432,0.11547756167832232
944.0,37.76,0.0,-8.16038039771573,-26.844164281675347,-8.16038039771573,-26.844164281675347,3.3274021140856553,-0.016516108843333432,0.11547756167832232
945.0,37.800000000000004,0.0,-8.185694863682587,-26.842272940256308,-8.185694863682587,-26.842272940256308,3.328935179875006,-0.016516108843333432,0.11547756167832232
946.0,37.84,0.0,-8.211298115281602,-26.840401507694303,-8.211298115281602,-26.840401507694303,3.3304521081297325,-0.016516108843333432,0.11547756167832232
947.0,37.88,0.0,-8.237184714520382,-26.838549671284788,-8.237184714520382,-26.838549671284788,3.331953152318964,-0.01653718082261596,0.1154774650216633
948.0,37.92,0.0,-8.263349327364578,-26.836717124837865,-8.263349327364578,-26.836717124837865,3.3334385606312247,-0.016588915608348298,0.11547672465119219
949.0,37.96,0.0,-8.289786721059977,-26.83490356850957,-8.289786721059977,-26.83490356850957,3.334908576111234,-0.0167134571590955,0.11547514725359095
950.0,38.0,0.0,-8.36848522294415,-26.83356010933158,-8.36848522294415,-26.83356010933158,3.3405280663447314,-0.01692998712919213,0.11547163871455346
951.0,38.04,0.0,-8.44751125840451,-26.832327210822623,-8.44751125840451,-26.832327210822623,3.3461164983796743,-0.01752243370544882,0.11545281610163358
952.0,38.08,0.0,-8.52686388842586,-26.831204872982685,-8.52686388842586,-26.831204872982685,3.3516738722160637,-0.018490796887865563,0.11541867941483136
953.0,38.12,0.0,-8.606540431749442,-26.830127916714254,-8.606540431749442,-26.830127916714254,3.3572001878538997,-0.019835076676442367,0.11536922865414677
954.0,38.160000000000004,0.0,-8.686539930962175,-26.829096342017316,-8.686539930962175,-26.829096342017316,3.362695445293182,-0.02155527307117923,0.11530446381957982
955.0,38.2,0.0,-8.765538107439474,-26.82813050331141,-8.765538107439474,-26.82813050331141,3.368005638788961,-0.023819296260373057,0.11521420697188903
956.0,38.24,0.0,-8.843533985435426,-26.82723040059653,-8.843533985435426,-26.82723040059653,3.3731307683412366,-0.026627146244023847,0.1151234578412998
957.0,38.28,0.0,-8.920532959304397,-26.826441964488687,-8.920532959304397,-26.826441964488687,3.3780702357403283,-0.029945038404950747,0.1150067244146883
958.0,38.32,0.0,-8.996534035033973,-26.825765194987895,-8.996534035033973,-26.825765194987895,3.382824040986235,-0.03379532990154397,0.11487027861245429
959.0,38.36,0.0,-9.071542781101408,-26.825200633241018,-9.071542781101408,-26.825200633241018,3.3873915858692767,-0.03815096043951902,0.11471615503484295
960.0,38.4,0.0,-9.145558185295394,-26.824748279248066,-9.145558185295394,-26.824748279248066,3.391772870389452,-0.04305664433565634,0.1145616873065663
961.0,38.44,0.0,-9.218585988629172,-26.824408666210356,-9.218585988629172,-26.824408666210356,3.3959672963370804,-0.04849857774325029,0.1143966960221995
962.0,38.480000000000004,0.0,-9.29062516076141,-26.8241817941279,-9.29062516076141,-26.8241817941279,3.3999748637121616,-0.0545224161346365,0.1142272682619635
963.0,38.52,0.0,-9.361681613589504,-26.824068188209306,-9.361681613589504,-26.824068188209306,3.403794974305015,-0.06111559486882129,0.1140554784713316
964.0,38.56,0.0,-9.431754298712228,-26.824067848454593,-9.431754298712228,-26.824067848454593,3.407427628115641,-0.06774878152921969,0.11375220669062207
965.0,38.6,0.0,-9.500849297194932,-26.824181292033277,-9.500849297194932,-26.824181292033277,3.410872226934357,-0.074525096922102,0.11336357752041874
966.0,38.64,0.0,-9.568965542647897,-26.824408518945372,-9.568965542647897,-26.824408518945372,3.414128770761163,-0.08136111285979328,0.11288968761738066
967.0,38.68,0.0,-9.636109283524487,-26.824750038275674,-9.636109283524487,-26.824750038275674,3.4171966613863796,-0.08818992579772764,0.11233118069531989
968.0,38.72,0.0,-9.702279435519126,-26.825205850024183,-9.702279435519126,-26.825205850024183,3.4200758988100044,-0.0949901045257134,0.11166814578821119
969.0,38.76,0.0,-9.767482412630134,-26.82577645514615,-9.767482412630134,-26.82577645514615,3.4227658848223586,-0.10172912866057336,0.1109059270607284
970.0,38.800000000000004,0.0,-9.831717112709978,-26.82646185364156,-9.831717112709978,-26.82646185364156,3.4252878901595643,-0.10810557491811593,0.11006467325325468
971.0,38.84,0.0,-9.894990113396412,-26.827181898237146,-9.894990113396412,-26.827181898237146,3.42764131661194,-0.1141181211751065,0.10916811428294171
972.0,38.88,0.0,-9.957300294775079,-26.827936588932896,-9.957300294775079,-26.827936588932896,3.429826164179487,-0.11976583479611266,0.10819572969160798
973.0,38.92,0.0,-10.018654396155888,-26.828771919683508,-10.018654396155888,-26.828771919683508,3.43222213210411,-0.12553608964507112,0.10718365682405047
974.0,38.96,0.0,-10.079051279934026,-26.82968789048898,-10.079051279934026,-26.82968789048898,3.4348292203858106,-0.13147665355038562,0.10614207361951067
975.0,39.0,0.0,-10.138497845063206,-26.831426811820194,-10.138497845063206,-26.831426811820194,3.437576709116148,-0.1374196163237593,0.1050566505699031
976.0,39.04,0.0,-10.19699293632577,-26.833988683677145,-10.19699293632577,-26.833988683677145,3.4404645982951236,-0.1433987625823729,0.10395287968835161
977.0,39.08,0.0,-10.254543610230556,-26.83746447553089,-10.254543610230556,-26.83746447553089,3.4434438799089806,-0.14884550950532022,0.10267798988378567
978.0,39.12,0.0,-10.311148694025905,-26.841854187381422,-10.311148694025905,-26.841854187381422,3.4465145539577193,-0.1537869173868857,0.10119638028744071
979.0,39.160000000000004,0.0,-10.366815399627535,-26.847168017025275,-10.366815399627535,-26.847168017025275,3.449705305548554,-0.15817827191028894,0.09948823490311688
980.0,39.2,0.0,-10.421542536829836,-26.853405964462464,-10.421542536829836,-26.853405964462464,3.453016134681483,-0.16203337692223552,0.09755151238724907
981.0,39.24,0.0,-10.475337470748405,-26.85987012838841,-10.475337470748405,-26.85987012838841,3.4564380809461555,-0.16530657695038986,0.09539891342888197
982.0,39.28,1.0,-10.528198993804946,-26.866108075825593,-10.528198993804946,-26.866108075825593,3.4599711443425694,-0.16801043663574564,0.09301576558097893
983.0,39.32,0.0,-10.580134622049954,-26.87145716923778,-10.580134622049954,-26.87145716923778,3.4636048210626456,-0.17067428839488774,0.09048193795459507
984.0,39.36,0.0,-10.63114313061493,-26.875713280129713,-10.63114313061493,-26.875713280129713,3.467339111106383,-0.17319501142154597,0.08797950183120459
985.0,39.4,0.0,-10.681232184163147,-26.879631948071893,-10.681232184163147,-26.879631948071893,3.4712033842906154,-0.1756349619241127,0.0854004350795135
986.0,39.44,1.0,-10.730400540619595,-26.883211098590742,-10.730400540619595,-26.883211098590742,3.4751976406153426,-0.1780080558656686,0.08264735841506875
987.0,39.480000000000004,1.0,-10.779210189607136,-26.885570006120854,-10.779210189607136,-26.885570006120854,3.4792139555845143,-0.1782908032844317,0.07974037611721367
988.0,39.52,1.0,-10.828275331905077,-26.886706606497533,-10.828275331905077,-26.886706606497533,3.4832507533814896,-0.1765211366280368,0.07669588947207688
989.0,39.56,1.0,-10.878148082106836,-26.887365383485797,-10.878148082106836,-26.887365383485797,3.4872001095102165,-0.17278714458755773,0.07350307593467163
990.0,39.6,1.0,-10.928827163980218,-26.887544283371955,-10.928827163980218,-26.887544283371955,3.4910620239706955,-0.16684867992147814,0.07013253389421532
991.0,39.64,0.0,-10.98024975783261,-26.88675306174481,-10.98024975783261,-26.88675306174481,3.4948658665797607,-0.1588435807109608,0.06659443682418394
992.0,39.68,0.0,-11.032414570483539,-26.88498967548309,-11.032414570483539,-26.88498967548309,3.4986116373374117,-0.1478189769150269,0.06287316783796197
993.0,39.72,0.0,-11.085122687470522,-26.882827020010588,-11.085122687470522,-26.882827020010588,3.502348462718808,-0.13222826072150556,0.058920959673798665
994.0,39.76,0.0,-11.138372798753254,-26.880263062939143,-11.138372798753254,-26.880263062939143,3.5060763427239525,-0.1121581466832079,0.05469470340958661
995.0,39.800000000000004,1.0,-11.192309475614298,-26.87734177125436,-11.192309475614298,-26.87734177125436,3.509765863181978,-0.08760863480013395,0.05019439904532579
996.0,39.84,1.0,-11.246542809249142,-26.874061123441134,-11.246542809249142,-26.874061123441134,3.513417024092887,-0.0591259507347998,0.04556654575168695
997.0,39.88,1.0,-11.30121735421539,-26.870338956199834,-11.30121735421539,-26.870338956199834,3.516990648933946,-0.027029147670038937,0.040984937047460444
998.0,39.92,1.0,-11.356331767023065,-26.866173259027597,-11.356331767023065,-26.866173259027597,3.5204867377051574,0.008899916455372876,0.036458122656202865
999.0,39.96,0.0,-11.411841754654516,-26.86156252793487,-11.411841754654516,-26.86156252793487,3.5239448436545717,0.04868445092383835,0.03198117432159664
1000.0,40.0,0.0,-11.467745957032283,-26.85650476356943,-11.467745957032283,-26.85650476356943,3.527364966782189,0.09229930530549023,0.02753404879281964
1001.0,40.04,0.0,-11.52397967670154,-26.850998651168258,-11.52397967670154,-26.850998651168258,3.530795492505093,0.13644133141942488,0.023099267464673768
1002.0,40.08,1.0,-11.580541537090447,-26.845042202667475,-11.580541537090447,-26.845042202667475,3.5342364208232837,0.18058335753335952,0.01872608118578558
1003.0,40.12,1.0,-11.637408573863445,-26.83874687927741,-11.637408573863445,-26.83874687927741,3.5375794901650837,0.2247253836472942,0.014218179209335748
1004.0,40.160000000000004,0.0,-11.694579394048565,-26.832110704359366,-11.694579394048565,-26.832110704359366,3.540824700530493,0.26886740976122886,0.00987226525068034
1005.0,40.2,0.0,-11.752097549756297,-26.82501861075183,-11.752097549756297,-26.82501861075183,3.5440048172632643,0.31296603912084553,0.005785621937613348
1006.0,40.24,0.0,-11.809961631709944,-26.81746863337737,-11.809961631709944,-26.81746863337737,3.5471198403633974,0.35501849451273576,0.001958249270134779
1007.0,40.28,0.0,-11.868106198839738,-26.80945933819862,-11.868106198839738,-26.80945933819862,3.550152648947463,0.39504936965569154,-0.0016305040882517573
1008.0,40.32,0.0,-11.926529825660797,-26.80098877183471,-11.926529825660797,-26.80098877183471,3.5531032430154617,0.43312925814340586,-0.004976581400496542
1009.0,40.36,0.0,-11.98531399183355,-26.792055520004844,-11.98531399183355,-26.792055520004844,3.556012605888091,0.46901669061112766,-0.008074310972968674
1010.0,40.4,0.0,-12.044457255762568,-26.78265764115919,-12.044457255762568,-26.78265764115919,3.5588807375653526,0.5028485725045874,-0.01091334582096257
1011.0,40.44,1.0,-12.10386667855851,-26.772793740860454,-12.10386667855851,-26.772793740860454,3.5617211829550066,0.5321350804946416,-0.013514206402659755
1012.0,40.480000000000004,0.0,-12.163540802614188,-26.762461889523454,-12.163540802614188,-26.762461889523454,3.5645339420570545,0.5555452847858201,-0.01582912545630948
1013.0,40.52,0.0,-12.223558980999728,-26.751706094211233,-12.223558980999728,-26.751706094211233,3.567288983019813,0.572238067065496,-0.01779428300471007
1014.0,40.56,0.0,-12.283919740196088,-26.740524437436108,-12.283919740196088,-26.740524437436108,3.569986305843285,0.5821322316981835,-0.019377240347894016
1015.0,40.6,0.0,-12.34455006026891,-26.728935362228185,-12.34455006026891,-26.728935362228185,3.5725701604370044,0.5852277786838825,-0.02057799748586132
1016.0,40.64,1.0,-12.405448451888278,-26.71693696332927,-12.405448451888278,-26.71693696332927,3.575040546800974,0.5818437612054267,-0.02153678166888294
1017.0,40.68,0.0,-12.466775450841476,-26.704462162547557,-12.466775450841476,-26.704462162547557,3.5774758968266265,0.5717620372015917,-0.022259660249027608
1018.0,40.72,1.0,-12.528529552089843,-26.691509066985443,-12.528529552089843,-26.691509066985443,3.579876210513961,0.5547886798518026,-0.02270401990478237
1019.0,40.76,0.0,-12.590621250167208,-26.678076354667585,-12.590621250167208,-26.678076354667585,3.5822457441083695,0.5309862255481781,-0.022855783846417198
1020.0,40.800000000000004,0.0,-12.653049024429365,-26.664162145187237,-12.653049024429365,-26.664162145187237,3.5845844976098515,0.5036584522453095,-0.022675468437114602
1021.0,40.84,2.0,-12.715770439517776,-26.64965072841848,-12.715770439517776,-26.64965072841848,3.586840292542439,0.4733452072676383,-0.022160945376039742
1022.0,40.88,2.0,-12.778783959286969,-26.634540236574832,-12.778783959286969,-26.634540236574832,3.589013128906134,0.44004649061516454,-0.021344099798431337
1023.0,40.92,2.0,-12.84204853913859,-26.61894777789195,-12.84204853913859,-26.61894777789195,3.5911996521867917,0.40475498813194905,-0.02044266602442337
1024.0,40.96,2.0,-12.90556262753126,-26.602871497332185,-12.90556262753126,-26.602871497332185,3.5933998623844117,0.3694634856487336,-0.019541232250415402
1025.0,41.0,2.0,-12.969412666050347,-26.58629702765633,-12.969412666050347,-26.58629702765633,3.595615254295378,0.33417198316551816,-0.018639798476407437
1026.0,41.04,2.0,-13.033597087865012,-26.56922252670319,-13.033597087865012,-26.56922252670319,3.5978458279196888,0.29888048068230266,-0.01773836470239947
1027.0,41.08,2.0,-13.097965730465013,-26.55159300369123,-13.097965730465013,-26.55159300369123,3.600093142552426,0.2635889781990873,-0.016836930928391506
1028.0,41.12,2.0,-13.162517011837542,-26.533406629462483,-13.162517011837542,-26.533406629462483,3.602357198193588,0.22829747571587178,-0.015935497154383537
1029.0,41.160000000000004,2.0,-13.227450434651129,-26.514782030888586,-13.227450434651129,-26.514782030888586,3.604638582991232,0.19300597323265634,-0.015034063380375573
1030.0,41.2,2.0,-13.292764401819554,-26.49571739194065,-13.292764401819554,-26.49571739194065,3.606937296945359,0.1597387979015422,-0.014132629606367608
1031.0,41.24,2.0,-13.358188638084485,-26.476042019487426,-13.358188638084485,-26.476042019487426,3.6092505920157776,0.1284959497225293,-0.01323119583235964
1032.0,41.28,2.0,-13.42372153139591,-26.45575411075401,-13.42372153139591,-26.45575411075401,3.6115784682024876,0.10003735137275889,-0.012361143335585844
1033.0,41.32,2.0,-13.489671597300168,-26.434853553440412,-13.489671597300168,-26.434853553440412,3.6139210847785033,0.07444419848771668,-0.011554910816013723
1034.0,41.36,2.0,-13.556037208894105,-26.413338558149757,-13.556037208894105,-26.413338558149757,3.616278441743823,0.051716491067402635,-0.010812498273643275
1035.0,41.4,2.0,-13.622695746155806,-26.391209057239294,-13.622695746155806,-26.391209057239294,3.6186561601232103,0.03185422911181681,-0.010133905708474505
1036.0,41.44,2.0,-13.689645567440643,-26.36846327481327,-13.689645567440643,-26.36846327481327,3.6210542399166648,0.014857412620959161,-0.009519133120507409
1037.0,41.480000000000004,2.0,-13.756820904912592,-26.345197802411505,-13.756820904912592,-26.345197802411505,3.6234660135134185,0.0008967591330020303,-0.008993644825947458
1038.0,41.52,2.0,-13.82422010229827,-26.3214108777615,-13.82422010229827,-26.3214108777615,3.6258914809134706,-0.010065117314306097,-0.008570262132968184
1039.0,41.56,2.0,-13.892010588645613,-26.297165237594424,-13.892010588645613,-26.297165237594424,3.628330028291249,-0.018028846494652907,-0.008258392071625594
1040.0,41.6,2.0,-13.960190693166203,-26.272459133382238,-13.960190693166203,-26.272459133382238,3.630781655646754,-0.023007104000197186,-0.008060162942754521
1041.0,41.64,2.0,-14.028488699229234,-26.24729964623012,-14.028488699229234,-26.24729964623012,3.6332460732886047,-0.024999889830938926,-0.007975574746354963
1042.0,41.68,2.0,-14.096902921645993,-26.221685041474764,-14.096902921645993,-26.221685041474764,3.635723281216802,-0.024999889830938926,-0.007975574746354963
1043.0,41.72,2.0,-14.165633249790764,-26.195445438628408,-14.165633249790764,-26.195445438628408,3.6382127598849583,-0.024999889830938926,-0.007975574746354963
1044.0,41.76,2.0,-14.234677984190279,-26.16857911701177,-14.234677984190279,-26.16857911701177,3.6407145092930726,-0.024999889830938926,-0.007975574746354963
1045.0,41.800000000000004,2.0,-14.303913750836188,-26.141086170156587,-14.303913750836188,-26.141086170156587,3.643231655830398,-0.024999889830938926,-0.007975574746354963
1046.0,41.84,2.0,-14.373338836087386,-26.112964891485895,-14.373338836087386,-26.112964891485895,3.645764199496936,-0.024999889830938926,-0.007975574746354963
1047.0,41.88,2.0,-14.442785927025493,-26.084007014683223,-14.442785927025493,-26.084007014683223,3.6483070931407737,-0.024999889830938926,-0.007975574746354963
1048.0,41.92,2.0,-14.512388521978963,-26.054254796209467,-14.512388521978963,-26.054254796209467,3.6508611632169115,-0.024999889830938926,-0.007975574746354963
1049.0,41.96,2.0,-14.581998629348488,-26.02403919629327,-14.581998629348488,-26.02403919629327,3.653422546046549,-0.024999889830938926,-0.007975574746354963
1050.0,42.0,2.0,-14.651812106214145,-25.99305933706523,-14.651812106214145,-25.99305933706523,3.6559928340902395,-0.024999889830938926,-0.007975574746354963
1051.0,42.04,2.0,-14.721956998648276,-25.96158309596426,-14.721956998648276,-25.96158309596426,3.6585729803362534,-0.024999889830938926,-0.007975574746354963
1052.0,42.08,2.0,-14.791835807690383,-25.929273248179044,-14.791835807690383,-25.929273248179044,3.6611628273283445,-0.024999889830938926,-0.007975574746354963
1053.0,42.12,2.0,-14.86195485824556,-25.896255952685223,-14.86195485824556,-25.896255952685223,3.663762921744904,-0.024999889830938926,-0.007975574746354963
1054.0,42.160000000000004,2.0,-14.931956036695182,-25.862807172219906,-14.931956036695182,-25.862807172219906,3.6663731253410274,-0.024999889830938926,-0.007975574746354963
1055.0,42.2,2.0,-15.001938933367926,-25.82892526510427,-15.001938933367926,-25.82892526510427,3.6689931854672513,-0.024999889830938926,-0.007975574746354963
1056.0,42.24,2.0,-15.072062748907719,-25.79460859701311,-15.072062748907719,-25.79460859701311,3.671633696720812,-0.024999889830938926,-0.007975574746354963
1057.0,42.28,2.0,-15.142109215097538,-25.759855541002935,-15.142109215097538,-25.759855541002935,3.6742943872545037,-0.024999889830938926,-0.007975574746354963
1058.0,42.32,2.0,-15.212436981709129,-25.724664477539896,-15.212436981709129,-25.724664477539896,3.676973529970105,-0.024999889830938926,-0.007975574746354963
1059.0,42.36,2.0,-15.283078894799782,-25.689033794527614,-15.283078894799782,-25.689033794527614,3.6796713400634466,-0.024999889830938926,-0.007975574746354963
1060.0,42.4,2.0,-15.354079492487953,-25.65296188733489,-15.354079492487953,-25.65296188733489,3.682388032730358,-0.024999889830938926,-0.007975574746354963
1061.0,42.44,2.0,-15.425453830151309,-25.616447158823235,-15.425453830151309,-25.616447158823235,3.685123823166668,-0.024999889830938926,-0.007975574746354963
1062.0,42.480000000000004,2.0,-15.497123547502833,-25.579488019374335,-15.497123547502833,-25.579488019374335,3.6878789265682075,-0.024999889830938926,-0.007975574746354963
1063.0,42.52,2.0,-15.569076141768495,-25.542082886917328,-15.569076141768495,-25.542082886917328,3.690653558130804,-0.024999889830938926,-0.007975574746354963
1064.0,42.56,2.0,-15.641313271109642,-25.50423018695599,-15.641313271109642,-25.50423018695599,3.6934479330502876,-0.024999889830938926,-0.007975574746354963
1065.0,42.6,2.0,-15.713836554923544,-25.465928352595757,-15.713836554923544,-25.465928352595757,3.6962630864443615,-0.024999889830938926,-0.007975574746354963
1066.0,42.64,2.0,-15.786647572052171,-25.427175824570632,-15.786647572052171,-25.427175824570632,3.6990938891266705,-0.024999889830938926,-0.007975574746354963
1067.0,42.68,2.0,-15.859747859017515,-25.387971051270007,-15.859747859017515,-25.387971051270007,3.701940638234364,-0.024999889830938926,-0.007975574746354963
1068.0,42.72,2.0,-15.933187125238865,-25.348312488765213,-15.933187125238865,-25.348312488765213,3.7048036309045944,-0.024999889830938926,-0.007975574746354963
1069.0,42.76,2.0,-16.006951349337726,-25.30819860083611,-16.006951349337726,-25.30819860083611,3.707683164274513,-0.024999889830938926,-0.007975574746354963
1070.0,42.800000000000004,2.0,-16.08100590823627,-25.26762785899741,-16.08100590823627,-25.26762785899741,3.710577596768933,-0.024999889830938926,-0.007975574746354963
1071.0,42.84,2.0,-16.155352194887744,-25.22659874252495,-16.155352194887744,-25.22659874252495,3.713485286815923,-0.024999889830938926,-0.007975574746354963
1072.0,42.88,2.0,-16.229991553180472,-25.185351894256847,-16.229991553180472,-25.185351894256847,3.716406032553618,-0.024999889830938926,-0.007975574746354963
1073.0,42.92,2.0,-16.30492527631811,-25.143888012561618,-16.30492527631811,-25.143888012561618,3.7193384836620993,-0.024999889830938926,-0.007975574746354963
1074.0,42.96,2.0,-16.380184182313528,-25.102207799541358,-16.380184182313528,-25.102207799541358,3.722282858830225,-0.024999889830938926,-0.007975574746354963
1075.0,43.0,2.0,-16.45577534703838,-25.06008303796157,-16.45577534703838,-25.06008303796157,3.725239491151411,-0.024999889830938926,-0.007975574746354963
1076.0,43.04,2.0,-16.531661393139103,-25.01772133851063,-16.531661393139103,-25.01772133851063,3.728196123472597,-0.024999889830938926,-0.007975574746354963
1077.0,43.08,2.0,-16.607843446261526,-24.97504300966195,-16.607843446261526,-24.97504300966195,3.731152755793784,-0.024999889830938926,-0.007975574746354963
1078.0,43.12,2.0,-16.68432257524163,-24.931996120411647,-16.68432257524163,-24.931996120411647,3.7341093881149705,-0.024999889830938926,-0.007975574746354963
1079.0,43.160000000000004,2.0,-16.761140386494038,-24.888732105041957,-16.761140386494038,-24.888732105041957,3.7370660204361563,-0.024999889830938926,-0.007975574746354963
1080.0,43.2,2.0,-16.838269819516345,-24.845251696424228,-16.838269819516345,-24.845251696424228,3.7400226527573426,-0.024999889830938926,-0.007975574746354963
1081.0,43.24,2.0,-16.91569634816944,-24.801555631151782,-16.91569634816944,-24.801555631151782,3.7429952494011185,-0.024999889830938926,-0.007975574746354963
1082.0,43.28,2.0,-16.993420856330527,-24.757644649527084,-16.993420856330527,-24.757644649527084,3.745973152458428,-0.024999889830938926,-0.007975574746354963
1083.0,43.32,2.0,-17.07144416549072,-24.713519495548965,-17.07144416549072,-24.713519495548965,3.748951055515738,-0.024999889830938926,-0.007975574746354963
1084.0,43.36,2.0,-17.14976703344341,-24.669180916899666,-17.14976703344341,-24.669180916899666,3.7519289585730475,-0.024999889830938926,-0.007975574746354963
1085.0,43.4,2.0,-17.228390153010178,-24.624433860454005,-17.228390153010178,-24.624433860454005,3.7549089499117523,-0.024999889830938926,-0.007975574746354963
1086.0,43.44,2.0,-17.307314150804846,-24.579312004634872,-17.307314150804846,-24.579312004634872,3.7579081237051857,-0.024999889830938926,-0.007975574746354963
1087.0,43.480000000000004,2.0,-17.386539586036267,-24.533798886100485,-17.386539586036267,-24.533798886100485,3.760907297498619,-0.024999889830938926,-0.007975574746354963
1088.0,43.52,2.0,-17.46606694935039,-24.48807107126471,-17.46606694935039,-24.48807107126471,3.7639064712920534,-0.024999889830938926,-0.007975574746354963
1089.0,43.56,2.0,-17.54589666171217,-24.442129335178013,-17.54589666171217,-24.442129335178013,3.7669056450854868,-0.024999889830938926,-0.007975574746354963
1090.0,43.6,2.0,-17.626029073327807,-24.395974456569355,-17.626029073327807,-24.395974456569355,3.7699048188789206,-0.024999889830938926,-0.007975574746354963
1091.0,43.64,2.0,-17.706464462607897,-24.34960721783268,-17.706464462607897,-24.34960721783268,3.772903992672353,-0.024999889830938926,-0.007975574746354963
1092.0,43.68,2.0,-17.787203035171885,-24.30302840501333,-17.787203035171885,-24.30302840501333,3.7759031664657874,-0.024999889830938926,-0.007975574746354963
1093.0,43.72,2.0,-17.868244922894323,-24.256144596888646,-17.868244922894323,-24.256144596888646,3.7789023402592212,-0.024999889830938926,-0.007975574746354963
1094.0,43.76,2.0,-17.949590182993436,-24.208863848745704,-17.949590182993436,-24.208863848745704,3.781901514052655,-0.024999889830938926,-0.007975574746354963
1095.0,43.800000000000004,2.0,-18.031256572412428,-24.16137178256653,-18.031256572412428,-24.16137178256653,3.784900687846088,-0.024999889830938926,-0.007975574746354963
1096.0,43.84,2.0,-18.11322642878629,-24.11358638322013,-18.11322642878629,-24.11358638322013,3.787899861639522,-0.024999889830938926,-0.007975574746354963
1097.0,43.88,2.0,-18.1954976264168,-24.065388697677484,-18.1954976264168,-24.065388697677484,3.7908990354329553,-0.024999889830938926,-0.007975574746354963
1098.0,43.92,2.0,-18.278073492351947,-24.016980006536482,-18.278073492351947,-24.016980006536482,3.793898209226389,-0.024999889830938926,-0.007975574746354963
1099.0,43.96,2.0,-18.36095600759824,-23.96836113074995,-18.36095600759824,-23.96836113074995,3.796897383019823,-0.024999889830938926,-0.007975574746354963
1100.0,44.0,2.0,-18.444141699479417,-23.91953289488373,-18.444141699479417,-23.91953289488373,3.7998965568132563,-0.024999889830938926,-0.007975574746354963
1101.0,44.04,2.0,-18.527628576203682,-23.870448294419475,-18.527628576203682,-23.870448294419475,3.8029088868407865,-0.024999889830938926,-0.007975574746354963
1102.0,44.08,2.0,-18.611414563503537,-23.82090999583539,-18.611414563503537,-23.82090999583539,3.805929331370344,-0.024999889830938926,-0.007975574746354963
1103.0,44.12,2.0,-18.695497504465077,-23.77116273774177,-18.695497504465077,-23.77116273774177,3.808949775899901,-0.024999889830938926,-0.007975574746354963
1104.0,44.160000000000004,2.0,-18.77986922188622,-23.72120736400597,-18.77986922188622,-23.72120736400597,3.8119702204294583,-0.024999889830938926,-0.007975574746354963
1105.0,44.2,2.0,-18.864526703239864,-23.671044722072153,-18.864526703239864,-23.671044722072153,3.8149906649590157,-0.024999889830938926,-0.007975574746354963
1106.0,44.24,2.0,-18.94946423193058,-23.62047153445126,-18.94946423193058,-23.62047153445126,3.818011109488573,-0.024999889830938926,-0.007975574746354963
1107.0,44.28,2.0,-19.034680494072447,-23.569390605010618,-19.034680494072447,-23.569390605010618,3.82103155401813,-0.024999889830938926,-0.007975574746354963
1108.0,44.32,2.0,-19.12017277544277,-23.51780071736259,-19.12017277544277,-23.51780071736259,3.8240519985476875,-0.024999889830938926,-0.007975574746354963
1109.0,44.36,2.0,-19.205940468510125,-23.465700663773664,-19.205940468510125,-23.465700663773664,3.8270724430772454,-0.024999889830938926,-0.007975574746354963
1110.0,44.4,2.0,-19.291985706166546,-23.41308924518515,-19.291985706166546,-23.41308924518515,3.8300928876068023,-0.024999889830938926,-0.007975574746354963
1111.0,44.44,2.0,-19.378300526288356,-23.359965271233662,-19.378300526288356,-23.359965271233662,3.8331133321363597,-0.024999889830938926,-0.007975574746354963
1112.0,44.480000000000004,2.0,-19.464885539097153,-23.30632756027149,-19.464885539097153,-23.30632756027149,3.8361550474020407,-0.024999889830938926,-0.007975574746354963
1113.0,44.52,2.0,-19.55144724648146,-23.252174939386787,-19.55144724648146,-23.252174939386787,3.8392180334038453,-0.024999889830938926,-0.007975574746354963
1114.0,44.56,2.0,-19.6377273994551,-23.197506244423636,-19.6377273994551,-23.197506244423636,3.842302290141774,-0.024999889830938926,-0.007975574746354963
1115.0,44.6,2.0,-19.72371688789833,-23.14232032000194,-19.72371688789833,-23.14232032000194,3.845407817615825,-0.024999889830938926,-0.007975574746354963
1116.0,44.64,2.0,-19.80940660320481,-23.086616019537146,-19.80940660320481,-23.086616019537146,3.8485346158260008,-0.024999889830938926,-0.007975574746354963
1117.0,44.68,2.0,-19.894787438320712,-23.030392205259897,-19.894787438320712,-23.030392205259897,3.8516826847723,-0.024999889830938926,-0.007975574746354963
1118.0,44.72,2.0,-19.97985028778402,-22.97364774823539,-19.97985028778402,-22.97364774823539,3.854852024454723,-0.024999889830938926,-0.007975574746354963
1119.0,44.76,2.0,-20.064599857292247,-22.916381528382743,-20.064599857292247,-22.916381528382743,3.8580426348732693,-0.024999889830938926,-0.007975574746354963
1120.0,44.800000000000004,2.0,-20.149089994517485,-22.85859243449405,-20.149089994517485,-22.85859243449405,3.8612545160279397,-0.024999889830938926,-0.007975574746354963
1121.0,44.84,2.0,-20.233314196574664,-22.800279364253427,-20.233314196574664,-22.800279364253427,3.8644876679187337,-0.024999889830938926,-0.007975574746354963
1122.0,44.88,2.0,-20.317265959741043,-22.74144122425578,-20.317265959741043,-22.74144122425578,3.8677420905456503,-0.024999889830938926,-0.007975574746354963
1123.0,44.92,2.0,-20.40093877942319,-22.68207693002551,-20.40093877942319,-22.68207693002551,3.8710177839086914,-0.024999889830938926,-0.007975574746354963
1124.0,44.96,2.0,-20.484330473999762,-22.622185406034983,-20.484330473999762,-22.622185406034983,3.874314748007856,-0.024999889830938926,-0.007975574746354963
1125.0,45.0,2.0,-20.56744714899651,-22.561765585722924,-20.56744714899651,-22.561765585722924,3.877632982843145,-0.024999889830938926,-0.007975574746354963
1126.0,45.04,2.0,-20.650274371511138,-22.500816411512616,-20.650274371511138,-22.500816411512616,3.880972488414557,-0.024999889830938926,-0.007975574746354963
1127.0,45.08,2.0,-20.73282653839643,-22.4393368348299,-20.73282653839643,-22.4393368348299,3.8843332647220925,-0.024999889830938926,-0.007975574746354963
1128.0,45.12,2.0,-20.815098144396693,-22.377325816121104,-20.815098144396693,-22.377325816121104,3.8877153117657515,-0.024999889830938926,-0.007975574746354963
1129.0,45.160000000000004,2.0,-20.89707999968945,-22.314782324870755,-20.89707999968945,-22.314782324870755,3.8911186295455344,-0.024999889830938926,-0.007975574746354963
1130.0,45.2,2.0,-20.978756157821195,-22.251705339619168,-20.978756157821195,-22.251705339619168,3.894543218061441,-0.024999889830938926,-0.007975574746354963
1131.0,45.24,2.0,-21.060125231699033,-22.18809384797981,-21.060125231699033,-22.18809384797981,3.8979890773134716,-0.024999889830938926,-0.007975574746354963
1132.0,45.28,2.0,-21.141185839497243,-22.12394684665663,-21.141185839497243,-22.12394684665663,3.901456207301625,-0.024999889830938926,-0.007975574746354963
1133.0,45.32,2.0,-21.221936604681304,-22.059263341461097,-21.221936604681304,-22.059263341461097,3.904944608025903,-0.024999889830938926,-0.007975574746354963
1134.0,45.36,2.0,-21.302376156031816,-21.994042347329174,-21.302376156031816,-21.994042347329174,3.908454279486304,-0.024999889830938926,-0.007975574746354963
1135.0,45.4,2.0,-21.382503127668347,-21.928282888338064,-21.382503127668347,-21.928282888338064,3.9119852216828286,-0.024999889830938926,-0.007975574746354963
1136.0,45.44,2.0,-21.46231615907317,-21.861983997722874,-21.46231615907317,-21.861983997722874,3.915537434615477,-0.024999889830938926,-0.007975574746354963
1137.0,45.480000000000004,2.0,-21.54181389511493,-21.795144717893034,-21.54181389511493,-21.795144717893034,3.919110918284249,-0.024999889830938926,-0.007975574746354963
1138.0,45.52,2.0,-21.620994986072166,-21.727764100448642,-21.620994986072166,-21.727764100448642,3.922705672689145,-0.024999889830938926,-0.007975574746354963
1139.0,45.56,2.0,-21.69985808765682,-21.659841206196578,-21.69985808765682,-21.659841206196578,3.9263216978301645,-0.024999889830938926,-0.007975574746354963
1140.0,45.6,2.0,-21.778401861037572,-21.591375105166478,-21.778401861037572,-21.591375105166478,3.929958993707307,-0.024999889830938926,-0.007975574746354963
1141.0,45.64,2.0,-21.856624972863095,-21.52236487662659,-21.856624972863095,-21.52236487662659,3.933617560320574,-0.024999889830938926,-0.007975574746354963
1142.0,45.68,2.0,-21.93452609528527,-21.452809609099386,-21.93452609528527,-21.452809609099386,3.9372973976699646,-0.024999889830938926,-0.007975574746354963
1143.0,45.72,2.0,-22.01210390598224,-21.382708400377126,-22.01210390598224,-21.382708400377126,3.9409985057554775,-0.024999889830938926,-0.007975574746354963
1144.0,45.76,2.0,-22.08935708818138,-21.31206035753712,-22.08935708818138,-21.31206035753712,3.944720884577116,-0.024999889830938926,-0.007975574746354963
1145.0,45.800000000000004,2.0,-22.1662843306822,-21.240864596956968,-22.1662843306822,-21.240864596956968,3.948464534134877,-0.024999889830938926,-0.007975574746354963
1146.0,45.84,2.0,-22.242884327879118,-21.169120244329537,-22.242884327879118,-21.169120244329537,3.9522294544287617,-0.024999889830938926,-0.007975574746354963
1147.0,45.88,2.0,-22.31915577978416,-21.096826434677833,-22.31915577978416,-21.096826434677833,3.9560156454587707,-0.024999889830938926,-0.007975574746354963
1148.0,45.92,2.0,-22.395097392049518,-21.023982312369675,-22.395097392049518,-21.023982312369675,3.959823107224903,-0.024999889830938926,-0.007975574746354963
1149.0,45.96,2.0,-22.470707875990083,-20.950587031132233,-22.470707875990083,-20.950587031132233,3.963651839727159,-0.024999889830938926,-0.007975574746354963
1150.0,46.0,2.0,-22.54598594860578,-20.876639754066385,-22.54598594860578,-20.876639754066385,3.9675018429655373,-0.024999889830938926,-0.007975574746354963
1151.0,46.04,2.0,-22.620930332603916,-20.802139653660927,-22.620930332603916,-20.802139653660927,3.971373116940041,-0.024999889830938926,-0.007975574746354963
1152.0,46.08,2.0,-22.69553975642131,-20.727085911806597,-22.69553975642131,-20.727085911806597,3.975265661650668,-0.024999889830938926,-0.007975574746354963
1153.0,46.12,2.0,-22.76981295424645,-20.651477719809964,-22.76981295424645,-20.651477719809964,3.979179477097418,-0.024999889830938926,-0.007975574746354963
1154.0,46.160000000000004,2.0,-22.843748666041403,-20.575314278407117,-22.843748666041403,-20.575314278407117,3.9831145632802922,-0.024999889830938926,-0.007975574746354963
1155.0,46.2,2.0,-22.917345637563766,-20.498594797777237,-22.917345637563766,-20.498594797777237,3.9870709201992898,-0.024999889830938926,-0.007975574746354963
1156.0,46.24,2.0,-22.990602620388405,-20.421318497555962,-22.990602620388405,-20.421318497555962,3.9910485478544113,-0.024999889830938926,-0.007975574746354963
1157.0,46.28,2.0,-23.063518371929174,-20.343484606848595,-23.063518371929174,-20.343484606848595,3.995047446245656,-0.024999889830938926,-0.007975574746354963
1158.0,46.32,2.0,-23.136091655460458,-20.26509236424317,-23.136091655460458,-20.26509236424317,3.9990676153730247,-0.024999889830938926,-0.007975574746354963
1159.0,46.36,2.0,-23.208321240138687,-20.186141017823346,-23.208321240138687,-20.186141017823346,4.003109055236517,-0.024999889830938926,-0.007975574746354963
1160.0,46.4,2.0,-23.28020590102368,-20.106629825181102,-23.28020590102368,-20.106629825181102,4.007171765836133,-0.024999889830938926,-0.007975574746354963
1161.0,46.44,2.0,-23.351744419099923,-20.026558053429312,-23.351744419099923,-20.026558053429312,4.011255747171872,-0.024999889830938926,-0.007975574746354963
1162.0,46.480000000000004,2.0,-23.422935581297732,-19.94592497921414,-23.422935581297732,-19.94592497921414,4.015360999243736,-0.024999889830938926,-0.007975574746354963
1163.0,46.52,2.0,-23.493778180514322,-19.864729888727236,-23.493778180514322,-19.864729888727236,4.019466251315599,-0.024999889830938926,-0.007975574746354963
1164.0,46.56,2.0,-23.564271015634766,-19.782972077717833,-23.564271015634766,-19.782972077717833,4.023571503387462,-0.024999889830938926,-0.007975574746354963
1165.0,46.6,2.0,-23.634412891552827,-19.7006508515046,-23.634412891552827,-19.7006508515046,4.027676755459326,-0.024999889830938926,-0.007975574746354963
1166.0,46.64,2.0,-23.7042026191917,-19.61776552498739,-23.7042026191917,-19.61776552498739,4.031782007531189,-0.024999889830938926,-0.007975574746354963
1167.0,46.68,2.0,-23.7736390155247,-19.534315422658793,-23.7736390155247,-19.534315422658793,4.035887259603052,-0.024999889830938926,-0.007975574746354963
1168.0,46.72,2.0,-23.84272090359573,-19.45029987861553,-23.84272090359573,-19.45029987861553,4.039992511674915,-0.024999889830938926,-0.007975574746354963
1169.0,46.76,2.0,-23.911447112539747,-19.365718236569666,-23.911447112539747,-19.365718236569666,4.0440977637467785,-0.024999889830938926,-0.007975574746354963
1170.0,46.800000000000004,2.0,-23.979816477603055,-19.280569849859678,-23.979816477603055,-19.280569849859678,4.0482030158186415,-0.024999889830938926,-0.007975574746354963
1171.0,46.84,2.0,-24.047827840163563,-19.19485408146133,-24.047827840163563,-19.19485408146133,4.0523082678905045,-0.024999889830938926,-0.007975574746354963
1172.0,46.88,2.0,-24.11548004775082,-19.108570303998416,-24.11548004775082,-19.108570303998416,4.056413519962368,-0.024999889830938926,-0.007975574746354963
1173.0,46.92,2.0,-24.182771795700468,-19.02171911780372,-24.182771795700468,-19.02171911780372,4.060518181375632,-0.024999889830938926,-0.007975574746354963
1174.0,46.96,2.0,-24.249701852029112,-18.934301144831597,-24.249701852029112,-18.934301144831597,4.064621661471696,-0.024999889830938926,-0.007975574746354963
1175.0,47.0,2.0,-24.31626905750483,-18.84631702838222,-24.31626905750483,-18.84631702838222,4.068723369591963,-0.024999889830938926,-0.007975574746354963
1176.0,47.04,2.0,-24.382472325716247,-18.75776743282538,-24.382472325716247,-18.75776743282538,4.072822715077831,-0.024999889830938926,-0.007975574746354963
1177.0,47.08,2.0,-24.448307063300422,-18.66887139387823,-24.448307063300422,-18.66887139387823,4.076927808704067,-0.024999889830938926,-0.007975574746354963
1178.0,47.12,2.0,-24.513709188158433,-18.578569886999805,-24.513709188158433,-18.578569886999805,4.0810718226657325,-0.024999889830938926,-0.007975574746354963
1179.0,47.160000000000004,2.0,-24.57874316587191,-18.48802331470805,-24.57874316587191,-18.48802331470805,4.08522095777334,-0.024999889830938926,-0.007975574746354963
1180.0,47.2,2.0,-24.643404251877033,-18.39725040631733,-24.643404251877033,-18.39725040631733,4.0893773782155876,-0.024999889830938926,-0.007975574746354963
1181.0,47.24,2.0,-24.707690072377627,-18.306255925541247,-24.707690072377627,-18.306255925541247,4.0935436153030125,-0.024999889830938926,-0.007975574746354963
1182.0,47.28,2.0,-24.771598045894645,-18.215044617989147,-24.771598045894645,-18.215044617989147,4.097722200346153,-0.024999889830938926,-0.007975574746354963
1183.0,47.32,2.0,-24.83512538250448,-18.12362121815186,-24.83512538250448,-18.12362121815186,4.101915664655546,-0.024999889830938926,-0.007975574746354963
1184.0,47.36,2.0,-24.898269083260992,-18.03199045640607,-24.898269083260992,-18.03199045640607,4.106126539541729,-0.024999889830938926,-0.007975574746354963
1185.0,47.4,2.0,-24.961025939801647,-17.940157066032572,-24.961025939801647,-17.940157066032572,4.110357356315238,-0.024999889830938926,-0.007975574746354963
1186.0,47.44,2.0,-25.02340341663955,-17.848095726972808,-25.02340341663955,-17.848095726972808,4.114587334974123,-0.024999889830938926,-0.007975574746354963
1187.0,47.480000000000004,2.0,-25.085407495938156,-17.75579831546918,-25.085407495938156,-17.75579831546918,4.118815441361704,-0.024999889830938926,-0.007975574746354963
1188.0,47.52,2.0,-25.14703188991427,-17.66327848325903,-25.14703188991427,-17.66327848325903,4.123040550426607,-0.024999889830938926,-0.007975574746354963
1189.0,47.56,2.0,-25.20827978289993,-17.570527437590204,-25.20827978289993,-17.570527437590204,4.1272617612649185,-0.024999889830938926,-0.007975574746354963
1190.0,47.6,2.0,-25.26914650404605,-17.477555782322767,-25.26914650404605,-17.477555782322767,4.131478075889237,-0.024999889830938926,-0.007975574746354963
1191.0,47.64,2.0,-25.329635517245315,-17.384357025950596,-25.329635517245315,-17.384357025950596,4.135689843750242,-0.024999889830938926,-0.007975574746354963
1192.0,47.68,2.0,-25.389746214665873,-17.29093364124908,-25.389746214665873,-17.29093364124908,4.139896753769096,-0.024999889830938926,-0.007975574746354963
1193.0,47.72,2.0,-25.449478191067403,-17.197286890367828,-25.449478191067403,-17.197286890367828,4.144099085525561,-0.024999889830938926,-0.007975574746354963
1194.0,47.76,2.0,-25.508831018990406,-17.103418030645447,-25.508831018990406,-17.103418030645447,4.148297118599394,-0.024999889830938926,-0.007975574746354963
1195.0,47.800000000000004,2.0,-25.567804248748303,-17.00932831461226,-25.567804248748303,-17.00932831461226,4.152491132570358,-0.024999889830938926,-0.007975574746354963
1196.0,47.84,2.0,-25.62639740841932,-16.915029499399132,-25.62639740841932,-16.915029499399132,4.156666142463131,-0.024999889830938926,-0.007975574746354963
1197.0,47.88,2.0,-25.68461358367816,-16.821060856430567,-25.68461358367816,-16.821060856430567,4.160826193547017,-0.024999889830938926,-0.007975574746354963
1198.0,47.92,2.0,-25.742515399638133,-16.726870820294227,-25.742515399638133,-16.726870820294227,4.164967776163701,-0.024999889830938926,-0.007975574746354963
1199.0,47.96,2.0,-25.800036984490966,-16.633016178080766,-25.800036984490966,-16.633016178080766,4.169092858793601,-0.024999889830938926,-0.007975574746354963
1200.0,48.0,2.0,-25.857181727387445,-16.538926136483113,-25.857181727387445,-16.538926136483113,4.173198050296961,-0.024999889830938926,-0.007975574746354963
1201.0,48.04,2.0,-25.91395069757741,-16.4445907615732,-25.91395069757741,-16.4445907615732,4.1772824596338936,-0.024999889830938926,-0.007975574746354963
1202.0,48.08,2.0,-25.97034522291177,-16.350009370615552,-25.97034522291177,-16.350009370615552,4.181348460684308,-0.024999889830938926,-0.007975574746354963
1203.0,48.120000000000005,2.0,-26.02636689065408,-16.25518130109005,-26.02636689065408,-16.25518130109005,4.1853937832563055,-0.024999889830938926,-0.007975574746354963
1204.0,48.160000000000004,2.0,-26.082017548106805,-16.160105903375953,-26.082017548106805,-16.160105903375953,4.189418176924113,-0.024999889830938926,-0.007975574746354963
1205.0,48.2,2.0,-26.13729930305194,-16.064782533421862,-26.13729930305194,-16.064782533421862,4.193422254005664,-0.024999889830938926,-0.007975574746354963
1206.0,48.24,2.0,-26.192203641504047,-15.969240608677087,-26.192203641504047,-15.969240608677087,4.197408930451694,-0.024999889830938926,-0.007975574746354963
1207.0,48.28,2.0,-26.246723582979104,-15.87349235813918,-26.246723582979104,-15.87349235813918,4.201382789061888,-0.024999889830938926,-0.007975574746354963
1208.0,48.32,2.0,-26.300864468133376,-15.777528242847405,-26.300864468133376,-15.777528242847405,4.205349809891187,-0.024999889830938926,-0.007975574746354963
1209.0,48.36,2.0,-26.354549882019846,-15.681361175554603,-26.354549882019846,-15.681361175554603,4.2093105827646635,-0.024999889830938926,-0.007975574746354963
1210.0,48.4,2.0,-26.40777410404235,-15.584984679312567,-26.40777410404235,-15.584984679312567,4.213265794590882,-0.024999889830938926,-0.007975574746354963
1211.0,48.44,2.0,-26.46053863923953,-15.48840937913746,-26.46053863923953,-15.48840937913746,4.217214784840321,-0.024999889830938926,-0.007975574746354963
1212.0,48.480000000000004,2.0,-26.512845000465806,-15.391636942048908,-26.512845000465806,-15.391636942048908,4.221157553512982,-0.024999889830938926,-0.007975574746354963
1213.0,48.52,2.0,-26.564694708365387,-15.294669033613475,-26.564694708365387,-15.294669033613475,4.225094100608864,-0.024999889830938926,-0.007975574746354963
1214.0,48.56,2.0,-26.616089291346206,-15.197507317914187,-26.616089291346206,-15.197507317914187,4.229024426127968,-0.024999889830938926,-0.007975574746354963
1215.0,48.6,2.0,-26.66703028555375,-15.100153457520078,-26.66703028555375,-15.100153457520078,4.232948530070293,-0.024999889830938926,-0.007975574746354963
1216.0,48.64,2.0,-26.717519234844683,-15.002609113455843,-26.717519234844683,-15.002609113455843,4.236866412435839,-0.024999889830938926,-0.007975574746354963
1217.0,48.68,2.0,-26.76755769076038,-14.904875945171533,-26.76755769076038,-14.904875945171533,4.240778073224608,-0.024999889830938926,-0.007975574746354963
1218.0,48.72,2.0,-26.817147212500323,-14.806955610512329,-26.817147212500323,-14.806955610512329,4.244683512436597,-0.024999889830938926,-0.007975574746354963
1219.0,48.76,2.0,-26.866289366895348,-14.708849765688388,-26.866289366895348,-14.708849765688388,4.248582730071808,-0.024999889830938926,-0.007975574746354963
1220.0,48.800000000000004,2.0,-26.914985728380785,-14.610560065244758,-26.914985728380785,-14.610560065244758,4.252475726130241,-0.024999889830938926,-0.007975574746354963
1221.0,48.84,2.0,-26.963237878969444,-14.51208816203135,-26.963237878969444,-14.51208816203135,4.256362500611895,-0.024999889830938926,-0.007975574746354963
1222.0,48.88,2.0,-27.011047408224464,-14.413435707173017,-27.011047408224464,-14.413435707173017,4.260243053516771,-0.024999889830938926,-0.007975574746354963
1223.0,48.92,2.0,-27.05841591323204,-14.31460435003966,-27.05841591323204,-14.31460435003966,4.264117384844867,-0.024999889830938926,-0.007975574746354963
1224.0,48.96,2.0,-27.10534499857407,-14.215595738216441,-27.10534499857407,-14.215595738216441,4.267985494596186,-0.024999889830938926,-0.007975574746354963
1225.0,49.0,2.0,-27.15183627630055,-14.116411517474054,-27.15183627630055,-14.116411517474054,4.2718473827707255,-0.024999889830938926,-0.007975574746354963
1226.0,49.04,2.0,-27.19789136590195,-14.01705333173907,-27.19789136590195,-14.01705333173907,4.275703049368486,-0.024999889830938926,-0.007975574746354963
1227.0,49.08,2.0,-27.24351189428144,-13.917522823064367,-27.24351189428144,-13.917522823064367,4.27955249438947,-0.024999889830938926,-0.007975574746354963
1228.0,49.120000000000005,2.0,-27.28869949572693,-13.817821631599612,-27.28869949572693,-13.817821631599612,4.283395717833673,-0.024999889830938926,-0.007975574746354963
1229.0,49.160000000000004,2.0,-27.333455811883045,-13.717951395561846,-27.333455811883045,-13.717951395561846,4.287232719701098,-0.024999889830938926,-0.007975574746354963
1230.0,49.2,2.0,-27.37778249172295,-13.617913751206128,-27.37778249172295,-13.617913751206128,4.291063499991746,-0.024999889830938926,-0.007975574746354963
1231.0,49.24,2.0,-27.42168119152002,-13.517710332796257,-27.42168119152002,-13.517710332796257,4.294888058705614,-0.024999889830938926,-0.007975574746354963
1232.0,49.28,2.0,-27.465153574819432,-13.417342772575568,-27.465153574819432,-13.417342772575568,4.298706395842704,-0.024999889830938926,-0.007975574746354963
1233.0,49.32,2.0,-27.508201312409618,-13.31681270073782,-27.508201312409618,-13.31681270073782,4.302518511403015,-0.024999889830938926,-0.007975574746354963
1234.0,49.36,2.0,-27.55082608229355,-13.216121745398143,-27.55082608229355,-13.216121745398143,4.3063244053865475,-0.024999889830938926,-0.007975574746354963
1235.0,49.4,2.0,-27.59302956965993,-13.115271532564085,-27.59302956965993,-13.115271532564085,4.3101240777933025,-0.024999889830938926,-0.007975574746354963
1236.0,49.44,2.0,-27.634813466854297,-13.014263686106704,-27.634813466854297,-13.014263686106704,4.313917528623278,-0.024999889830938926,-0.007975574746354963
1237.0,49.480000000000004,2.0,-27.676179473349926,-12.913099827731777,-27.676179473349926,-12.913099827731777,4.317704757876475,-0.024999889830938926,-0.007975574746354963
1238.0,49.52,2.0,-27.71712929571866,-12.81178157695107,-27.71712929571866,-12.81178157695107,4.321485765552894,-0.024999889830938926,-0.007975574746354963
1239.0,49.56,2.0,-27.757664647601615,-12.71031055105369,-27.757664647601615,-12.71031055105369,4.3252605516525335,-0.024999889830938926,-0.007975574746354963
1240.0,49.6,2.0,-27.797787249679722,-12.608688365077512,-27.797787249679722,-12.608688365077512,4.329029116175396,-0.024999889830938926,-0.007975574746354963
1241.0,49.64,2.0,-27.837498829644208,-12.506916631780703,-27.837498829644208,-12.506916631780703,4.332791459121478,-0.024999889830938926,-0.007975574746354963
1242.0,49.68,2.0,-27.8768011221669,-12.40499696161332,-27.8768011221669,-12.40499696161332,4.336547580490783,-0.024999889830938926,-0.007975574746354963
1243.0,49.72,2.0,-27.91569586887042,-12.302930962688983,-27.91569586887042,-12.302930962688983,4.340297480283309,-0.024999889830938926,-0.007975574746354963
1244.0,49.76,2.0,-27.954184818298323,-12.200720240756642,-27.954184818298323,-12.200720240756642,4.344041158499056,-0.024999889830938926,-0.007975574746354963
1245.0,49.800000000000004,2.0,-27.992269725884995,-12.098366399172418,-27.992269725884995,-12.098366399172418,4.347778615138025,-0.024999889830938926,-0.007975574746354963
1246.0,49.84,2.0,-28.029952353925534,-11.99587103887155,-28.029952353925534,-11.99587103887155,4.351509850200216,-0.024999889830938926,-0.007975574746354963
1247.0,49.88,2.0,-28.067234471545476,-11.893235758340385,-28.067234471545476,-11.893235758340385,4.355234863685626,-0.024999889830938926,-0.007975574746354963
1248.0,49.92,2.0,-28.104117854670367,-11.790462153588498,-28.104117854670367,-11.790462153588498,4.35895365559426,-0.024999889830938926,-0.007975574746354963
1249.0,49.96,2.0,-28.1406042859953,-11.687551818120863,-28.1406042859953,-11.687551818120863,4.362666225926115,-0.024999889830938926,-0.007975574746354963
1250.0,50.0,2.0,-28.176695554954247,-11.584506342910133,-28.176695554954247,-11.584506342910133,4.366372574681191,-0.024999889830938926,-0.007975574746354963
1251.0,50.04,2.0,-28.212393457689334,-11.481327316369006,-28.212393457689334,-11.481327316369006,4.370072701859488,-0.024999889830938926,-0.007975574746354963
1252.0,50.08,2.0,-28.247699797019962,-11.378016324322648,-28.247699797019962,-11.378016324322648,4.3737666074610075,-0.024999889830938926,-0.007975574746354963
1253.0,50.120000000000005,2.0,-28.282616382411838,-11.274574949981233,-28.282616382411838,-11.274574949981233,4.377454291485748,-0.024999889830938926,-0.007975574746354963
1254.0,50.160000000000004,2.0,-28.317145029945873,-11.171004773912573,-28.317145029945873,-11.171004773912573,4.381135753933711,-0.024999889830938926,-0.007975574746354963
1255.0,50.2,2.0,-28.351287562286974,-11.067307374014824,-28.351287562286974,-11.067307374014824,4.3848109948048934,-0.024999889830938926,-0.007975574746354963
1256.0,50.24,2.0,-28.38504580865273,-10.963484325489276,-28.38504580865273,-10.963484325489276,4.388480014099298,-0.024999889830938926,-0.007975574746354963
1257.0,50.28,2.0,-28.41842160478195,-10.859537200813236,-28.41842160478195,-10.859537200813236,4.392142811816924,-0.024999889830938926,-0.007975574746354963
1258.0,50.32,2.0,-28.45141679290314,-10.755467569713014,-28.45141679290314,-10.755467569713014,4.395799387957772,-0.024999889830938926,-0.007975574746354963
1259.0,50.36,2.0,-28.48403322170282,-10.651276999136996,-28.48403322170282,-10.651276999136996,4.399449742521841,-0.024999889830938926,-0.007825578549385084
1260.0,50.4,2.0,-28.516272746293748,-10.546967053228782,-28.516272746293748,-10.546967053228782,4.403093875509132,-0.024999889830938926,-0.007525586155445326
1261.0,50.44,2.0,-28.54813722818303,-10.442539293300449,-28.54813722818303,-10.442539293300449,4.406731786919644,-0.024999889830938926,-0.007075597564535688
1262.0,50.480000000000004,2.0,-28.579628535240147,-10.33799527780589,-28.579628535240147,-10.33799527780589,4.4103634767533775,-0.024999889830938926,-0.006475612776656171
1263.0,50.52,2.0,-28.610748541664798,-10.233336562314244,-28.610748541664798,-10.233336562314244,4.413988945010333,-0.024999889830938926,-0.005725631791806775
1264.0,50.56,2.0,-28.64149912795472,-10.128564699483421,-28.64149912795472,-10.128564699483421,4.417608191690509,-0.024999889830938926,-0.004134490323164821
1265.0,50.6,2.0,-28.671882180873354,-10.023681239033726,-28.671882180873354,-10.023681239033726,4.421221216793907,-0.024999889830938926,-0.0017679510908123238
1266.0,50.64,2.0,-28.70189959341739,-9.91868772772156,-28.70189959341739,-9.91868772772156,4.424828020320526,-0.024999889830938926,0.001446107706145138
1267.0,50.68,2.0,-28.73155326478422,-9.813585709313239,-28.73155326478422,-9.813585709313239,4.428428602270367,-0.024999889830938926,0.005415528950563962
1268.0,50.72,2.0,-28.76084510033932,-9.70837672455889,-28.76084510033932,-9.70837672455889,4.43202296264343,-0.025486170363565378,0.010140312642444149
1269.0,50.76,2.0,-28.78977701158344,-9.603062311166443,-28.78977701158344,-9.603062311166443,4.435611101439713,-0.02614810508422013,0.015620458781785695
1270.0,50.800000000000004,2.0,-28.818350916119755,-9.497644003775726,-28.818350916119755,-9.497644003775726,4.439193018659219,-0.026961120584388352,0.021855967368588608
1271.0,50.84,2.0,-28.846568737620927,-9.39212333393265,-28.846568737620927,-9.39212333393265,4.442768714301945,-0.027783463417569904,0.028846838402852876
1272.0,50.88,2.0,-28.874432405795964,-9.286501830063496,-28.874432405795964,-9.286501830063496,4.446338188367893,-0.028766214363278263,0.036507332065125034
1273.0,50.92,2.0,-28.901943856357093,-9.180781017449288,-28.901943856357093,-9.180781017449288,4.4499014408570625,-0.02975575811410843,0.044167825727397185
1274.0,50.96,2.0,-28.929105030986427,-9.074962418200279,-28.929105030986427,-9.074962418200279,4.453458471769453,-0.030898917172343585,0.05182831938966934
1275.0,51.0,2.0,-28.9559178773026,-8.969047551230515,-28.9559178773026,-8.969047551230515,4.457009281105066,-0.032042076230578746,0.0594888130519415
1276.0,51.04,2.0,-28.98238434882728,-8.86303793223252,-28.98238434882728,-8.86303793223252,4.4605538688639,-0.033185235288813904,0.06714930671421365
1277.0,51.08,2.0,-29.008506404951554,-8.756935073652063,-29.008506404951554,-8.756935073652063,4.464092235045955,-0.03432839434704906,0.0748098003764858
1278.0,51.120000000000005,2.0,-29.03428601090221,-8.650740484663018,-29.03428601090221,-8.650740484663018,4.467624379651232,-0.03547155340528422,0.08232029784178808
1279.0,51.160000000000004,2.0,-29.059725137708003,-8.544455671142352,-29.059725137708003,-8.544455671142352,4.47115030267973,-0.036614712463519376,0.08968079911012046
1280.0,51.2,2.0,-29.084825762165682,-8.43808213564518,-29.084825762165682,-8.43808213564518,4.4746700041314496,-0.03759746340922773,0.09689130418148299
1281.0,51.24,2.0,-29.109589866806033,-8.331621377379944,-29.109589866806033,-8.331621377379944,4.478183484006391,-0.038537239018894914,0.10395181305587563
1282.0,51.28,1.0,-29.13401943985978,-8.225074892183681,-29.13401943985978,-8.225074892183681,4.481690742304553,-0.03935958185207646,0.11074587468161352
1283.0,51.32,1.0,-29.15811647522335,-8.118444172497385,-29.15811647522335,-8.118444172497385,4.4851917790259375,-0.04017259735224469,0.11658232477187398
1284.0,51.36,1.0,-29.181882972424603,-8.011730707341497,-29.181882972424603,-8.011730707341497,4.488686594170543,-0.04083453207289944,0.12083576175991637
1285.0,51.4,0.0,-29.205320936588457,-7.90493598229147,-29.205320936588457,-7.90493598229147,4.49217518773837,-0.04133667961321105,0.12349982656492826
1286.0,51.44,0.0,-29.228432378402346,-7.798061479453447,-29.228432378402346,-7.798061479453447,4.495657559729418,-0.041310214001538954,0.12459455450315883
1287.0,51.480000000000004,0.0,-29.251219314081673,-7.691108677440045,-29.251219314081673,-7.691108677440045,4.499133710143688,-0.04014312385952321,0.1242121026917517
1288.0,51.52,0.0,-29.273683765335115,-7.584078286783646,-29.273683765335115,-7.584078286783646,4.502603822058815,-0.038146035531761976,0.12235247113070685
1289.0,51.56,0.0,-29.295827759329836,-7.4769710171447,-29.295827759329836,-7.4769710171447,4.506068078552435,-0.03534352242677007,0.11901565982002431
1290.0,51.6,0.0,-29.3176533286566,-7.369787577436509,-29.3176533286566,-7.369787577436509,4.509526662702182,-0.03187733799104765,0.11420166875970403
1291.0,51.64,1.0,-29.339162511294855,-7.262528675950028,-29.339162511294855,-7.262528675950028,4.512979757585693,-0.02787297145506973,0.10799623776919953
1292.0,51.68,1.0,-29.360357350577626,-7.155195020478685,-29.360357350577626,-7.155195020478685,4.516427546280604,-0.023861812113969993,0.10106898947651868
1293.0,51.72,1.0,-29.38123989515635,-7.047787318443198,-29.38123989515635,-7.047787318443198,4.51987021186455,-0.01969703746546527,0.09408690289728386
1294.0,51.76,1.0,-29.40181219896569,-6.940306277016405,-29.40181219896569,-6.940306277016405,4.523307937415165,-0.015532262816960548,0.087097312140712
1295.0,51.800000000000004,1.0,-29.422076321188136,-6.8327526032480925,-29.422076321188136,-6.8327526032480925,4.526740906010086,-0.011367488168455828,0.0801077213841401
1296.0,51.84,2.0,-29.4420343262186,-6.725127004189831,-29.4420343262186,-6.725127004189831,4.53016383715529,-0.007202713519951103,0.07311813062756822
1297.0,51.88,2.0,-29.46168828362892,-6.617666867813638,-29.46168828362892,-6.617666867813638,4.533570961136029,-0.0030379388714463803,0.06612853987099633
1298.0,51.92,2.0,-29.48104026813221,-6.510489422714305,-29.48104026813221,-6.510489422714305,4.536959581967149,0.0011268357770583424,0.059138949114424466
1299.0,51.96,2.0,-29.500092359547182,-6.4034779256832435,-29.500092359547182,-6.4034779256832435,4.540329826944938,0.005131202313036262,0.052149358357852574
1300.0,52.0,2.0,-29.51884664276238,-6.296410617435814,-29.51884664276238,-6.296410617435814,4.543685092414841,0.009092593512973007,0.04515976760128069
1301.0,52.04,2.0,-29.53730520770026,-6.1892883365354,-29.53730520770026,-6.1892883365354,4.547029228212517,0.012936551936424125,0.03828662789639368
1302.0,52.08,2.0,-29.55547014928128,-6.082111928651377,-29.55547014928128,-6.082111928651377,4.550363189290832,0.016771183026861917,0.03152993924319152
1303.0,52.120000000000005,2.0,-29.573343567387816,-5.974882247704507,-29.573343567387816,-5.974882247704507,4.553687930602652,0.020454733337786232,0.02558086592849691
1304.0,52.160000000000004,2.0,-29.59092756682805,-5.8676001570111405,-29.59092756682805,-5.8676001570111405,4.557004407100844,0.023978496468367406,0.020373645232227833
1305.0,52.2,2.0,-29.608224257299735,-5.760266530426145,-29.608224257299735,-5.760266530426145,4.560313573738274,0.02697364644696488,0.015980398955278707
1306.0,52.24,2.0,-29.625158662395098,-5.652882253484453,-29.625158662395098,-5.652882253484453,4.563616385467807,0.029314452427845156,0.01230896998050593
1307.0,52.28,2.0,-29.641731157009602,-5.5454482245411265,-29.641731157009602,-5.5454482245411265,4.56691379724231,0.031000914411008232,0.0093593583079095
1308.0,52.32,2.0,-29.657942120584597,-5.437966120472462,-29.657942120584597,-5.437966120472462,4.570206580937015,0.03203303239645412,0.007131563937489418
1309.0,52.36,2.0,-29.673791855735793,-5.3304376305805015,-29.673791855735793,-5.3304376305805015,4.5734955084271505,0.03241080638418281,0.005625586869245686
1310.0,52.4,2.0,-29.689280588423212,-5.222864457579419,-29.689280588423212,-5.222864457579419,4.5767813515879485,0.03241080638418281,0.0048414271031783015
1311.0,52.44,2.0,-29.704408468130982,-5.11524831858013,-29.704408468130982,-5.11524831858013,4.580064882294638,0.03241080638418281,0.0047790846392872675
1312.0,52.480000000000004,2.0,-29.719175568057,-5.007590946073035,-29.719175568057,-5.007590946073035,4.583346872422453,0.03241080638418281,0.004771580461950198
1313.0,52.52,2.0,-29.73358188531237,-4.899894088908822,-29.73358188531237,-4.899894088908822,4.586628093846621,0.03241080638418281,0.004771580461950198
1314.0,52.56,2.0,-29.747627341130663,-4.7921595132772135,-29.747627341130663,-4.7921595132772135,4.589909318442373,0.03241080638418281,0.004771580461950198
1315.0,52.6,2.0,-29.761311781086974,-4.684389003683582,-29.761311781086974,-4.684389003683582,4.593191318084942,0.03241080638418281,0.004771580461950198
1316.0,52.64,2.0,-29.774634975326713,-4.57658436392334,-29.774634975326713,-4.57658436392334,4.596474864649556,0.03241080638418281,0.004771580461950198
1317.0,52.68,2.0,-29.78759426788473,-4.468733329148669,-29.78759426788473,-4.468733329148669,4.599771947477851,0.03241080638418281,0.004771580461950198
1318.0,52.72,2.0,-29.80019362950864,-4.360053447818154,-29.80019362950864,-4.360053447818154,4.603100310032946,0.03241080638418281,0.004771580461950198
1319.0,52.76,2.0,-29.812425969997005,-4.251331814099945,-29.812425969997005,-4.251331814099945,4.606441550068587,0.03241080638418281,0.004771580461950198
1320.0,52.800000000000004,2.0,-29.824289738367128,-4.142570194348744,-29.824289738367128,-4.142570194348744,4.609795667584774,0.03241080638418281,0.004771580461950198
1321.0,52.84,2.0,-29.835783393339913,-4.033770373710931,-29.835783393339913,-4.033770373710931,4.613162662581507,0.03241080638418281,0.004771580461950198
1322.0,52.88,2.0,-29.846905403529416,-3.924934156061947,-29.846905403529416,-3.924934156061947,4.616542535058785,0.03241080638418281,0.004771580461950198
1323.0,52.92,2.0,-29.857654247631967,-3.8160633639419026,-29.857654247631967,-3.8160633639419026,4.619935285016608,0.03241080638418281,0.004771580461950198
1324.0,52.96,2.0,-29.868028414614795,-3.7071598384893765,-29.868028414614795,-3.7071598384893765,4.623340912454977,0.03241080638418281,0.004771580461950198
1325.0,53.0,2.0,-29.87802640390414,-3.5982254393734365,-29.87802640390414,-3.5982254393734365,4.6267594173738935,0.03241080638418281,0.004771580461950198
1326.0,53.04,2.0,-29.887646725572875,-3.48926204472387,-29.887646725572875,-3.48926204472387,4.630190799773354,0.03241080638418281,0.004771580461950198
1327.0,53.08,2.0,-29.89688790052756,-3.3802715510596393,-29.89688790052756,-3.3802715510596393,4.63363505965336,0.03241080638418281,0.004771580461950198
1328.0,53.120000000000005,2.0,-29.905748460694983,-3.2712558732155537,-29.905748460694983,-3.2712558732155537,4.637092197013913,0.03241080638418281,0.004771580461950198
1329.0,53.160000000000004,2.0,-29.91422694920808,-3.16221694426718,-29.91422694920808,-3.16221694426718,4.640562211855011,0.03241080638418281,0.004771580461950198
1330.0,53.2,2.0,-29.922321920591354,-3.0531567154539765,-29.922321920591354,-3.0531567154539765,4.644045104176655,0.03241080638418281,0.004771580461950198
1331.0,53.24,2.0,-29.93003194094562,-2.9440771561006778,-29.93003194094562,-2.9440771561006778,4.647540873978844,0.03241080638418281,0.004771580461950198
1332.0,53.28,2.0,-29.93735558813216,-2.834980253536908,-29.93735558813216,-2.834980253536908,4.651049521261579,0.03241080638418281,0.004771580461950198
1333.0,53.32,2.0,-29.94429145195625,-2.725868013015061,-29.94429145195625,-2.725868013015061,4.65457104602486,0.03241080638418281,0.004771580461950198
1334.0,53.36,2.0,-29.95083813435007,-2.6167424576264153,-29.95083813435007,-2.6167424576264153,4.658105448268687,0.03241080638418281,0.004771580461950198
1335.0,53.4,2.0,-29.95699424955486,-2.507605628215526,-29.95699424955486,-2.507605628215526,4.66165272799306,0.03241080638418281,0.004771580461950198
1336.0,53.44,2.0,-29.962758424302503,-2.39845958329287,-29.962758424302503,-2.39845958329287,4.6652128851979775,0.03241080638418281,0.004771580461950198
1337.0,53.480000000000004,2.0,-29.968129297996338,-2.289306398945771,-29.968129297996338,-2.289306398945771,4.668785919883441,0.03241080638418281,0.004771580461950198
1338.0,53.52,2.0,-29.97310552289129,-2.1801481687475945,-29.97310552289129,-2.1801481687475945,4.67237183204945,0.03241080638418281,0.004771580461950198
1339.0,53.56,2.0,-29.97768576427327,-2.070987003665232,-29.97768576427327,-2.070987003665232,4.675970621696005,0.03241080638418281,0.004771580461950198
1340.0,53.6,2.0,-29.981868700637822,-1.96182503196487,-29.981868700637822,-1.96182503196487,4.679582288823107,0.03241080638418281,0.004771580461950198
1341.0,53.64,2.0,-29.985653023868007,-1.8526643991160592,-29.985653023868007,-1.8526643991160592,4.683206833430753,0.03241080638418281,0.004771580461950198
1342.0,53.68,2.0,-29.989037439411554,-1.7435072676940828,-29.989037439411554,-1.7435072676940828,4.686844255518945,0.03241080638418281,0.004771580461950198
1343.0,53.72,2.0,-29.9920272792251,-1.63452943507295,-29.9920272792251,-1.63452943507295,4.690465668403738,0.03241080638418281,0.004771580461950198
1344.0,53.76,2.0,-29.994711242065748,-1.52594283137434,-29.994711242065748,-1.52594283137434,4.694076339097508,0.03241080638418281,0.004771580461950198
1345.0,53.800000000000004,2.0,-29.997006000697347,-1.41754236317552,-29.997006000697347,-1.41754236317552,4.697668821981002,0.03241080638418281,0.004771580461950198
1346.0,53.84,2.0,-29.998909189630716,-1.3091686076747608,-29.998909189630716,-1.3091686076747608,4.701252198823008,0.03241080638418281,0.004771580461950198
1347.0,53.88,2.0,-30.000421289036755,-1.2008213045250145,-30.000421289036755,-1.2008213045250145,4.7048250199634705,0.03241080638418281,0.004771580461950198
1348.0,53.92,2.0,-30.001542934088995,-1.0925001346940524,-30.001542934088995,-1.0925001346940524,4.708385835742333,0.03241080638418281,0.004771580461950198
1349.0,53.96,2.0,-30.002274914479113,-0.9842047191679384,-30.002274914479113,-0.9842047191679384,4.711933196499536,0.03241080638418281,0.004771580461950198
1350.0,54.0,2.0,-30.002620331845375,-0.8759351477049935,-30.002620331845375,-0.8759351477049935,4.7154659058835975,0.03241080638418281,0.004771580461950198
1351.0,54.04,2.0,-30.00257209020282,-0.7676918469144284,-30.00257209020282,-0.7676918469144284,4.718982817266265,0.03241080638418281,0.004771580461950198
1352.0,54.08,2.0,-30.002136875644396,-0.6594851405324523,-30.002136875644396,-0.6594851405324523,4.722482661169416,0.03241080638418281,0.004771580461950198
1353.0,54.120000000000005,2.0,-30.001322333610858,-0.5513165668839138,-30.001322333610858,-0.5513165668839138,4.725967432034525,0.03241080638418281,0.004771580461950198
1354.0,54.160000000000004,2.0,-30.000129648384277,-0.4431859280906393,-30.000129648384277,-0.4431859280906393,4.729435946517749,0.03241080638418281,0.004771580461950198
1355.0,54.2,2.0,-29.998560682775327,-0.33508944929615564,-29.998560682775327,-0.33508944929615564,4.732886029778075,0.03241080638418281,0.004771580461950198
1356.0,54.24,2.0,-29.996624013323494,-0.2270277588468704,-29.996624013323494,-0.2270277588468704,4.736322578121382,0.03241080638418281,0.004771580461950198
1357.0,54.28,2.0,-29.994319269227784,-0.11899806039790635,-29.994319269227784,-0.11899806039790635,4.739744683719626,0.03241080638418281,0.004771580461950198
1358.0,54.32,2.0,-29.991646157794673,-0.010997519305663632,-29.991646157794673,-0.010997519305663632,4.743151438744756,0.03241080638418281,0.004771580461950198
1359.0,54.36,2.0,-29.988602246806384,0.09699650795182795,-29.988602246806384,0.09699650795182795,4.746537020371141,0.03241080638418281,0.004771580461950198
1360.0,54.4,2.0,-29.98514322017873,0.2050273230783875,-29.98514322017873,0.2050273230783875,4.749904095653711,0.03241080638418281,0.004771580461950198
1361.0,54.44,2.0,-29.98127388287922,0.31308833791949414,-29.98127388287922,0.31308833791949414,4.753250140457957,0.03241080638418281,0.004771580461950198
1362.0,54.480000000000004,2.0,-29.976999217603364,0.4211730543762434,-29.976999217603364,0.4211730543762434,4.756575675818315,0.03241080638418281,0.004771580461950198
1363.0,54.52,2.0,-29.97231777137218,0.5292870890188797,-29.97231777137218,0.5292870890188797,4.759890005404469,0.03241080638418281,0.004771580461950198
1364.0,54.56,2.0,-29.9671449147711,0.6381186444551079,-29.9671449147711,0.6381186444551079,4.76322145093942,0.03241080638418281,0.004771580461950198
1365.0,54.6,2.0,-29.961568234263048,0.7469694101972484,-29.961568234263048,0.7469694101972484,4.766544109564843,0.03241080638418281,0.004771580461950198
1366.0,54.64,2.0,-29.955594702321946,0.855834420375193,-29.955594702321946,0.855834420375193,4.7698582558733795,0.03241080638418281,0.004771580461950198
1367.0,54.68,2.0,-29.949228568161583,0.9647063687090834,-29.949228568161583,0.9647063687090834,4.773164167341412,0.03241080638418281,0.004771580461950198
1368.0,54.72,2.0,-29.942474047828306,1.0735779828186924,-29.942474047828306,1.0735779828186924,4.776462121445325,0.03241080638418281,0.004771580461950198
1369.0,54.76,2.0,-29.93533532411096,1.1824420239546543,-29.93533532411096,1.1824420239546543,4.779752395661505,0.03241080638418281,0.004771580461950198
1370.0,54.800000000000004,2.0,-29.927817968367936,1.2913060388347186,-29.927817968367936,1.2913060388347186,4.783026312724397,0.03241080638418281,0.004771580461950198
1371.0,54.84,2.0,-29.919963655319595,1.3990278689236577,-29.919963655319595,1.3990278689236577,4.786266397635719,0.03241080638418281,0.004771580461950198
1372.0,54.88,2.0,-29.911695078290265,1.5067848841253713,-29.911695078290265,1.5067848841253713,4.789505997481742,0.03241080638418281,0.004771580461950198
1373.0,54.92,2.0,-29.90299724221901,1.6145891384538618,-29.90299724221901,1.6145891384538618,4.792739530019681,0.03241080638418281,0.004771580461950198
1374.0,54.96,2.0,-29.89386576505668,1.7224642868184146,-29.89386576505668,1.7224642868184146,4.7959637120427665,0.032214910301374605,0.004725088378182625
1375.0,55.0,2.0,-29.884297639541334,1.8303919673537667,-29.884297639541334,1.8303919673537667,4.799176339667116,0.0318231181357582,0.004632104210647478
1376.0,55.04,2.0,-29.87428762240135,1.9383805774146952,-29.87428762240135,1.9383805774146952,4.802367972514406,0.03123542988733359,0.004539120043112332
1377.0,55.08,2.0,-29.863829889125675,2.0464223057672313,-29.863829889125675,2.0464223057672313,4.805535018682772,0.03045184555610078,0.004446135875577186
1378.0,55.120000000000005,2.0,-29.852930620854938,2.154520309293238,-29.852930620854938,2.154520309293238,4.808673844142652,0.029472365142059764,0.004353151708042039
1379.0,55.160000000000004,2.0,-29.84157201775024,2.2626365422791315,-29.84157201775024,2.2626365422791315,4.811805477915348,0.028296988645210547,0.004260167540506892
1380.0,55.2,2.0,-29.829788860029137,2.370712127337006,-29.829788860029137,2.370712127337006,4.814931922711637,0.026925716065553128,0.004167183372971746
1381.0,55.24,2.0,-29.81755091197209,2.478797793652328,-29.81755091197209,2.478797793652328,4.818053255901998,0.0253585474030875,0.0040741992054366
1382.0,55.28,2.0,-29.804774021734875,2.5869473369261793,-29.804774021734875,2.5869473369261793,4.821174932088161,0.023595482657813673,0.003981215037901453
1383.0,55.32,2.0,-29.791464848153396,2.695165935160581,-29.791464848153396,2.695165935160581,4.824294349576982,0.021709679915050694,0.0038882308703663067
1384.0,55.36,2.0,-29.777776383506062,2.8033228565855746,-29.777776383506062,2.8033228565855746,4.827402352158395,0.019785663883325186,0.00379524670283116
1385.0,55.4,2.0,-29.763392412396886,2.9116680039669136,-29.763392412396886,2.9116680039669136,4.830513034695992,0.017826703055243153,0.003776638734999529
1386.0,55.44,2.0,-29.748636242993108,3.0199573857713036,-29.748636242993108,3.0199573857713036,4.833610191951995,0.01568020942571492,0.003907554366973675
1387.0,55.480000000000004,2.0,-29.73287985829035,3.1286811254032942,-29.73287985829035,3.1286811254032942,4.836723193469265,0.013273024909421414,0.0041879935987536015
1388.0,55.52,2.0,-29.71675540768743,3.237363352203539,-29.71675540768743,3.237363352203539,4.839820400273501,0.01060514950636265,0.004617956430339306
1389.0,55.56,2.0,-29.699003402793092,3.346977246514403,-29.699003402793092,3.346977246514403,4.84297947028573,0.007676583216538624,0.00519744286173079
1390.0,55.6,2.0,-29.68088262780524,3.457103524684596,-29.68088262780524,3.457103524684596,4.846132417462366,0.004487326039949334,0.005926452892928053
1391.0,55.64,2.0,-29.66236786355601,3.5671599667477185,-29.66236786355601,3.5671599667477185,4.849284201685375,0.001037377976594781,0.0068049865239310945
1392.0,55.68,2.0,-29.643531599799324,3.6776924308600947,-29.643531599799324,3.6776924308600947,4.852433991524671,-0.002673260973525034,0.007833043754739916
1393.0,55.72,2.0,-29.624383081101325,3.788134077814682,-29.624383081101325,3.788134077814682,4.855586017201605,-0.006448694727601909,0.009057116669122088
1394.0,55.76,2.0,-29.604927425557914,3.8984516517191636,-29.604927425557914,3.8984516517191636,4.858742520465127,-0.010093027202827641,0.010523697350845185
1395.0,55.800000000000004,2.0,-29.585167722933008,4.008659597072363,-29.585167722933008,4.008659597072363,4.861902390318676,-0.013606258399202226,0.012186293716141635
1396.0,55.84,2.0,-29.565102609848974,4.1187500398274235,-29.565102609848974,4.1187500398274235,4.8650693251850425,-0.016988388316725674,0.014044905765011436
1397.0,55.88,2.0,-29.544740275672346,4.228727927859201,-29.544740275672346,4.228727927859201,4.868244959378358,-0.020239416955397972,0.01609953349745459
1398.0,55.92,2.0,-29.524076849754366,4.33858724120094,-29.524076849754366,4.33858724120094,4.8714301065967485,-0.02335934431521913,0.018350176913471097
1399.0,55.96,2.0,-29.503228189189056,4.448343392720471,-29.503228189189056,4.448343392720471,4.874623835514646,-0.026348170396189145,0.020796836013060954
1400.0,56.0,2.0,-29.482204681849968,4.558012008435951,-29.482204681849968,4.558012008435951,4.877822350942498,-0.029205895198308015,0.023439510796224163
1401.0,56.04,2.0,-29.460910096585046,4.6675490378444175,-29.460910096585046,4.6675490378444175,4.881021898817521,-0.031932518721575744,0.026278201262960724
1402.0,56.08,1.0,-29.439593180771105,4.776907314597279,-29.439593180771105,4.776907314597279,4.884218513928084,-0.03460119905131138,0.02931290741327064
1403.0,56.120000000000005,1.0,-29.41813679826549,4.8860882400039465,-29.41813679826549,4.8860882400039465,4.887416287357431,-0.03729646089604154,0.032376333003665846
1404.0,56.160000000000004,2.0,-29.39660154433553,4.995229074394584,-29.39660154433553,4.995229074394584,4.890625864705721,-0.040252413627536975,0.03538541296761305
1405.0,56.2,2.0,-29.374980086250268,5.104086392103142,-29.374980086250268,5.104086392103142,4.893834640499464,-0.04331973773331398,0.038244969331754475
1406.0,56.24,2.0,-29.353358601268937,5.21290939154333,-29.353358601268937,5.21290939154333,4.8970597187079346,-0.04612637095232573,0.04095500209609013
1407.0,56.28,2.0,-29.331643524913314,5.3212130913620825,-29.331643524913314,5.3212130913620825,4.900272628519771,-0.04867231328457222,0.04351551126062
1408.0,56.32,2.0,-29.309836926420942,5.429050015241722,-29.309836926420942,5.429050015241722,4.903479831474835,-0.050957564730053445,0.04592649682534409
1409.0,56.36,2.0,-29.28796727067166,5.536747774716527,-29.28796727067166,5.536747774716527,4.90669806143649,-0.05298212528876941,0.04818795879026241
1410.0,56.4,2.0,-29.266038902849182,5.643983355649426,-29.266038902849182,5.643983355649426,4.90991420899247,-0.054745994960720114,0.050299897155374945
1411.0,56.44,2.0,-29.244043272531204,5.751197611587406,-29.244043272531204,5.751197611587406,4.913137764985516,-0.05624917374590555,0.0522623119206817
1412.0,56.480000000000004,2.0,-29.221971121758283,5.858389032945429,-29.221971121758283,5.858389032945429,4.916368729415625,-0.05749166164432573,0.05407520308618268
1413.0,56.52,2.0,-29.1997334824931,5.965556104692723,-29.1997334824931,5.965556104692723,4.9196071022828,-0.05866935473878885,0.0556920785681103
1414.0,56.56,2.0,-29.17718421588472,6.07269730637946,-29.17718421588472,6.07269730637946,4.922852883587039,-0.0597822530292949,0.05711293836646458
1415.0,56.6,2.0,-29.154320971882118,6.1798111121635575,-29.154320971882118,6.1798111121635575,4.926106073328343,-0.0608303565158439,0.05833778248124549
1416.0,56.64,2.0,-29.131141406328098,6.2868959908376505,-29.131141406328098,6.2868959908376505,4.929366671506712,-0.061813665198435834,0.05936661091245308
1417.0,56.68,2.0,-29.107643181003517,6.393950405856209,-29.107643181003517,6.393950405856209,4.932634678122146,-0.06273217907707071,0.06019942366008729
1418.0,56.72,2.0,-29.08382396367145,6.500972815362808,-29.08382396367145,6.500972815362808,4.935910093174645,-0.06358589815174853,0.06083622072414816
1419.0,56.76,2.0,-29.059681428121177,6.607961672217539,-29.059681428121177,6.607961672217539,4.939192916664209,-0.06437482242246928,0.06127700210463566
1420.0,56.800000000000004,2.0,-29.035213254212113,6.714915424024587,-29.035213254212113,6.714915424024587,4.942483148590837,-0.06509895188923298,0.06152176780154983
1421.0,56.84,2.0,-29.010417127917602,6.821832513159941,-29.010417127917602,6.821832513159941,4.945780788954529,-0.06575828655203962,0.061570517814890646
1422.0,56.88,2.0,-28.985290741368594,6.928711376799263,-28.985290741368594,6.928711376799263,4.9490858377552875,-0.0663528264108892,0.06159054838814616
1423.0,56.92,2.0,-28.959831792897173,7.0355504469459,-28.959831792897173,7.0355504469459,4.95239829499311,-0.066651730586617,0.06159054838814616
1424.0,56.96,2.0,-28.934037987080064,7.142348150459048,-28.934037987080064,7.142348150459048,4.955718160667998,-0.066651730586617,0.06159054838814616
1425.0,57.0,2.0,-28.907907034781907,7.24910290908206,-28.907907034781907,7.24910290908206,4.959045434779949,-0.066651730586617,0.06159054838814616
1426.0,57.04,2.0,-28.881436653198477,7.3558131394709045,-28.881436653198477,7.3558131394709045,4.9623801173289666,-0.066651730586617,0.06159054838814616
1427.0,57.08,2.0,-28.854624565899798,7.46247725322276,-28.854624565899798,7.46247725322276,4.965722208315048,-0.066651730586617,0.06159054838814616
1428.0,57.120000000000005,2.0,-28.82746850287308,7.569093656904765,-28.82746850287308,7.569093656904765,4.969071707738195,-0.066651730586617,0.06159054838814616
1429.0,57.160000000000004,2.0,-28.799966200565564,7.6756607520829165,-28.799966200565564,7.6756607520829165,4.972428615598405,-0.066651730586617,0.06159054838814616
1430.0,57.2,2.0,-28.77211540192728,7.7821769353510994,-28.77211540192728,7.7821769353510994,4.975792931895682,-0.06632398613209504,0.061354301545129046
1431.0,57.24,2.0,-28.743913856453624,7.888640598360264,-28.743913856453624,7.888640598360264,4.979164656630022,-0.06518208246509359,0.06099479403085493
1432.0,57.28,2.0,-28.715359320227826,7.9950501278477635,-28.715359320227826,7.9950501278477635,4.982543789801428,-0.06362912923806767,0.06045342882602581
1433.0,57.32,2.0,-28.686449555963343,8.101403905666803,-28.686449555963343,8.101403905666803,4.985930331409898,-0.06207617601104176,0.05981425348349506
1434.0,57.36,2.0,-28.65718233304605,8.207700308816063,-28.65718233304605,8.207700308816063,4.989324281455434,-0.06052322278401584,0.05907726800326269
1435.0,57.4,2.0,-28.627555427576347,8.313937709469446,-28.627555427576347,8.313937709469446,4.992725639938034,-0.05897026955698994,0.05824247238532869
1436.0,57.44,2.0,-28.59756662241118,8.42011447500596,-28.59756662241118,8.42011447500596,4.996134406857698,-0.05741731632996402,0.05730986662969307
1437.0,57.480000000000004,2.0,-28.567213707205816,8.526228968039767,-28.567213707205816,8.526228968039767,4.999550582214428,-0.055864363102938096,0.056293082599746025
1438.0,57.52,2.0,-28.53649447845563,8.63227954645034,-28.53649447845563,8.63227954645034,5.002974166008223,-0.05431140987591219,0.055179577635050374
1439.0,57.56,2.0,-28.50540673953766,8.73826456341278,-28.50540673953766,8.73826456341278,5.006405158239081,-0.05275845664888627,0.05396772304648058
1440.0,57.6,2.0,-28.47394830075206,8.844182367428282,-28.47394830075206,8.844182367428282,5.009843558907006,-0.05120550342186036,0.05261294931629229
1441.0,57.64,2.0,-28.442116979363476,8.950031302354692,-28.442116979363476,8.950031302354692,5.013289368011994,-0.049652550194834444,0.05111525644448551
1442.0,57.68,2.0,-28.409910599642203,9.055809707437268,-28.409910599642203,9.055809707437268,5.016742585554048,-0.048584132208726045,0.049466204786758436
1443.0,57.72,2.0,-28.377326992905257,9.161515917339521,-28.377326992905257,9.161515917339521,5.0202032115331665,-0.04894912553259284,0.04758738818722232
1444.0,57.76,2.0,-28.344363997557323,9.267148262174233,-28.344363997557323,9.267148262174233,5.023671245949349,-0.05074753016643484,0.04547880664587716
1445.0,57.800000000000004,2.0,-28.311019459131554,9.372705067534577,-28.311019459131554,9.372705067534577,5.027146688802597,-0.053979346110252034,0.04314046016272296
1446.0,57.84,2.0,-28.277291230330214,9.4781846545254,-28.277291230330214,9.4781846545254,5.03062954009291,-0.05721116205406923,0.040802113679568756
1447.0,57.88,2.0,-28.24317717106523,9.583585339794633,-28.24317717106523,9.583585339794633,5.034119799820287,-0.06044297799788644,0.038463767196414554
1448.0,57.92,1.0,-28.2086751484986,9.688905435564822,-28.2086751484986,9.688905435564822,5.037617467984729,-0.06367479394170364,0.03612542071326035
1449.0,57.96,1.0,-28.173783037082583,9.794143249664812,-28.173783037082583,9.794143249664812,5.041122544586237,-0.0672343543400428,0.03402332107312327
1450.0,58.0,1.0,-28.1384987185999,9.899297085561551,-28.1384987185999,9.899297085561551,5.044635029624809,-0.07160807395086144,0.03204448210424319
1451.0,58.04,0.0,-28.10282008220367,10.004365242392034,-28.10282008220367,10.004365242392034,5.048154923100445,-0.07639284312170458,0.0302475008259181
1452.0,58.08,0.0,-28.066745024457237,10.10934601499537,-28.066745024457237,10.10934601499537,5.051682225013146,-0.08117761229254768,0.028548329685294638
1453.0,58.120000000000005,0.0,-28.030271449373927,10.214237693944995,-28.030271449373927,10.214237693944995,5.055216935362912,-0.08596238146339079,0.02694696868237281
1454.0,58.160000000000004,0.0,-27.993397268456544,10.319038565580994,-27.993397268456544,10.319038565580994,5.058759054149744,-0.09074715063423391,0.025443417817152602
1455.0,58.2,1.0,-27.956120400736825,10.42374691204258,-27.956120400736825,10.42374691204258,5.062308581373639,-0.09532025883058687,0.02406028678473775
1456.0,58.24,1.0,-27.918438772814724,10.528361011300673,-27.918438772814724,10.528361011300673,5.0658655170346005,-0.0995621861991423,0.022797171622677498
1457.0,58.28,1.0,-27.88035031889752,10.632879137190637,-27.88035031889752,10.632879137190637,5.069429861132625,-0.10337861207297615,0.021652983128018815
1458.0,58.32,0.0,-27.841852980838816,10.737299559445121,-27.841852980838816,10.737299559445121,5.073001613667715,-0.10478558248863637,0.020808506084609327
1459.0,58.36,0.0,-27.802944708177396,10.84162054372704,-27.802944708177396,10.84162054372704,5.076580774639871,-0.10379992488147673,0.0202788515973033
1460.0,58.4,1.0,-27.76362345817591,10.945840351662685,-27.76362345817591,10.945840351662685,5.08016734404909,-0.10038554621756854,0.02012433387775702
1461.0,58.44,0.0,-27.723887195859437,11.049957240874942,-27.723887195859437,11.049957240874942,5.083761321895374,-0.09409979147778971,0.020332866124639366
1462.0,58.480000000000004,0.0,-27.683733894053884,11.153969465016676,-27.683733894053884,11.153969465016676,5.087362708178724,-0.08390980012224415,0.0210008585664529
1463.0,58.52,0.0,-27.643161533424266,11.25787527380417,-27.643161533424266,11.25787527380417,5.090971502899138,-0.06895435129733599,0.022198941406405527
1464.0,58.56,1.0,-27.602168102512792,11.361672913050782,-27.602168102512792,11.361672913050782,5.0945877060566165,-0.04926254907907321,0.023936542699895466
1465.0,58.6,0.0,-27.560751597776854,11.465360624700637,-27.560751597776854,11.465360624700637,5.0982113176511605,-0.026328628581468724,0.02597287261868551
1466.0,58.64,0.0,-27.51891002362681,11.568936646862495,-27.51891002362681,11.568936646862495,5.101842337682769,0.00023745868438849067,0.028356362413359978
1467.0,58.68,0.0,-27.476641392463684,11.672399213843732,-27.476641392463684,11.672399213843732,5.105480766151443,0.028075830458572145,0.03088679847425119
1468.0,58.72,0.0,-27.433943724716652,11.775746556184425,-27.433943724716652,11.775746556184425,5.109126603057181,0.0567213216178807,0.03363139110302835
1469.0,58.76,0.0,-27.390815048880405,11.878976900691589,-27.390815048880405,11.878976900691589,5.112779848399984,0.08536681277718926,0.03674644482077444
1470.0,58.800000000000004,0.0,-27.347253401552372,11.98208847047349,-27.347253401552372,11.98208847047349,5.116440502179851,0.1140123039364978,0.04019085643862438
1471.0,58.84,0.0,-27.303256827469763,12.08507948497414,-27.303256827469763,12.08507948497414,5.120108564396784,0.14265779509580637,0.04415846451402705
1472.0,58.88,0.0,-27.25882337954647,12.187948160007837,-27.25882337954647,12.187948160007837,5.1237840350507815,0.17130328625511493,0.04855342292589165
1473.0,58.92,0.0,-27.21395111890983,12.290692707793887,-27.21395111890983,12.290692707793887,5.127466914141843,0.19994877741442346,0.053561620106443004
1474.0,58.96,0.0,-27.168638114937192,12.393311336991419,-27.168638114937192,12.393311336991419,5.13115720166997,0.2283826075992419,0.058919457617130085
1475.0,59.0,0.0,-27.122882445292365,12.4958022527343,-27.122882445292365,12.4958022527343,5.134854897635162,0.25648525695626273,0.06449156296782914
1476.0,59.04,1.0,-27.076682195961904,12.5981636566662,-27.076682195961904,12.5981636566662,5.138560002037417,0.28416240481856203,0.07004146258587522
1477.0,59.08,1.0,-27.030035461291238,12.700393746975745,-27.030035461291238,12.700393746975745,5.142272514876739,0.3094300972226877,0.07539000037654624
1478.0,59.120000000000005,1.0,-26.982940344020587,12.802490718431805,-26.982940344020587,12.802490718431805,5.145992436153125,0.33121402003046674,0.0805666347527323
1479.0,59.160000000000004,1.0,-26.93539495532083,12.904452762418886,-26.93539495532083,12.904452762418886,5.149719765866575,0.34859996880858346,0.0855110515027771
1480.0,59.2,1.0,-26.887397414829113,13.00627806697263,-26.887397414829113,13.00627806697263,5.153454504017091,0.36165226552747387,0.09024377707231357
1481.0,59.24,1.0,-26.83894585068435,13.107964052252859,-26.83894585068435,13.107964052252859,5.157196467527036,0.3703288059380949,0.09474680738872791
1482.0,59.28,1.0,-26.79003839956253,13.209508137811612,-26.79003839956253,13.209508137811612,5.160945473318774,0.3738731809405139,0.09894951224881218
1483.0,59.32,1.0,-26.740673206711914,13.310907742777694,-26.740673206711914,13.310907742777694,5.1647013383146705,0.3724021498262008,0.1028424635971682
1484.0,59.36,1.0,-26.69084842598799,13.412160286041225,-26.69084842598799,13.412160286041225,5.168463879437089,0.3660056404752011,0.10643668632022411
1485.0,59.4,1.0,-26.640562219888366,13.513263186438229,-26.640562219888366,13.513263186438229,5.172232913608395,0.3543544282026417,0.10946298553329094
1486.0,59.44,1.0,-26.5898127595874,13.614213862935236,-26.5898127595874,13.614213862935236,5.176008257750953,0.3398096265517505,0.1120978117015472
1487.0,59.480000000000004,0.0,-26.538598224970727,13.715009734813858,-26.538598224970727,13.715009734813858,5.179789728787127,0.322870978818361,0.11428170762674562
1488.0,59.52,1.0,-26.48691680466963,13.81564822185543,-26.48691680466963,13.81564822185543,5.18357714363928,0.3046714410114225,0.11579115848613403
1489.0,59.56,1.0,-26.43476669609519,13.916126744525572,-26.43476669609519,13.916126744525572,5.187375782801439,0.2852706506798408,0.11651096294749455
1490.0,59.6,1.0,-26.3821461054723,14.01667940495269,-26.3821461054723,14.01667940495269,5.191191415988347,0.26518995531352924,0.11628838564224332
1491.0,59.64,1.0,-26.32905324787355,14.117420146690028,-26.32905324787355,14.117420146690028,5.1950267391851614,0.24501691425549868,0.11502543413402232
1492.0,59.68,1.0,-26.275486347252876,14.21822894234931,-26.275486347252876,14.21822894234931,5.198881625095592,0.22475560962460914,0.11263206611169747
1493.0,59.72,1.0,-26.221443636479076,14.318880749387837,-26.221443636479076,14.318880749387837,5.202752677374196,0.20447508992099206,0.10916338188649133
1494.0,59.76,1.0,-26.16692335736918,14.419373124092333,-26.16692335736918,14.419373124092333,5.206636046185313,0.18401454358557945,0.1049825147910354
1495.0,59.800000000000004,2.0,-26.111923760721602,14.519703630896654,-26.111923760721602,14.519703630896654,5.210530776576077,0.16337760765360984,0.10002214459431624
1496.0,59.84,2.0,-26.05644310634915,14.61986984358696,-26.05644310634915,14.61986984358696,5.214435913593622,0.14231672008009097,0.09484281165977436
1497.0,59.88,2.0,-26.000479663111886,14.719869346505646,-26.000479663111886,14.719869346505646,5.218350502285081,0.12171760275931502,0.08851460648881081
1498.0,59.92,2.0,-25.944031708949744,14.819699735754027,-25.944031708949744,14.819699735754027,5.2222735876975905,0.10308773841145279,0.08218640131784724
1499.0,59.96,2.0,-25.887174621873893,14.919358620393579,-25.887174621873893,14.919358620393579,5.226204214878281,0.08640468528786382,0.07585819614688369
1500.0,60.0,2.0,-25.82990844255384,15.018843623645763,-25.82990844255384,15.018843623645763,5.230141428874288,0.07162656316675266,0.06952999097592012
1501.0,60.04,2.0,-25.77223322107052,15.118153148652798,-25.77223322107052,15.118153148652798,5.234084457810379,0.058648560294456094,0.06320178580495658
1502.0,60.08,2.0,-25.714149098283176,15.217285612441882,-25.714149098283176,15.217285612441882,5.238032529811327,0.047383021455512306,0.05687358063399301
1503.0,60.120000000000005,2.0,-25.655656305654656,15.31623944697126,-25.655656305654656,15.31623944697126,5.241984873001897,0.03780084257391331,0.05054537546302945
1504.0,60.160000000000004,2.0,-25.59675516506644,15.415013100174463,-25.59675516506644,15.415013100174463,5.245940715506862,0.029841199845621356,0.044437933926170556
1505.0,60.2,2.0,-25.537446088623707,15.513605037002737,-25.537446088623707,15.513605037002737,5.249899285450989,0.02350286198733476,0.038575019167905476
1506.0,60.24,2.0,-25.477729578450248,15.612013740465445,-25.477729578450248,15.612013740465445,5.253859810959049,0.018751250826421494,0.03294887808481228
1507.0,60.28,2.0,-25.417606226473357,15.710237712668437,-25.417606226473357,15.710237712668437,5.25782152015581,0.0152605297390573,0.027626720978560174
1508.0,60.32,2.0,-25.357076714198676,15.808275475850238,-25.357076714198676,15.808275475850238,5.2617836411660415,0.012971061176336299,0.022764852370232114
1509.0,60.36,2.0,-25.296141812475025,15.906125573416023,-25.296141812475025,15.906125573416023,5.265745402114514,0.011361497648345183,0.01832216907096306
1510.0,60.4,2.0,-25.23480473216863,16.003772482063884,-25.23480473216863,16.003772482063884,5.269694813659592,0.009844279812073009,0.014492509638201872
1511.0,60.44,2.0,-25.173062071332982,16.100430493793972,-25.173062071332982,16.100430493793972,5.273614132338156,0.00841532554865982,0.01118002795085774
1512.0,60.480000000000004,2.0,-25.110921502863413,16.196883448371192,-25.110921502863413,16.196883448371192,5.27752176039646,0.007005586357974156,0.00857061244115551
1513.0,60.52,2.0,-25.04838517432201,16.293129859861622,-25.04838517432201,16.293129859861622,5.281417697834504,0.005775873799084074,0.006423274365647854
1514.0,60.56,2.0,-24.98545523744507,16.389168263297112,-24.98545523744507,16.389168263297112,5.285301944652289,0.00472255083675095,0.0050554393914034575
1515.0,60.6,2.0,-24.922133847945616,16.48499721467208,-24.922133847945616,16.48499721467208,5.289174500849815,0.004093179515967105,0.003906567154981784
1516.0,60.64,2.0,-24.85842316531617,16.5806152909385,-24.85842316531617,16.5806152909385,5.293035366427082,0.004093179515967105,0.003906567154981784
1517.0,60.68,2.0,-24.79432535263168,16.67602108999908,-24.79432535263168,16.67602108999908,5.296884541384089,0.004093179515967105,0.003906567154981784
1518.0,60.72,2.0,-24.729842576352745,16.771213230698592,-24.729842576352745,16.771213230698592,5.300722025720836,0.004093179515967105,0.003906567154981784
1519.0,60.76,2.0,-24.664977006129075,16.86619035281341,-24.664977006129075,16.86619035281341,5.304547819437323,0.004093179515967105,0.003906567154981784
1520.0,60.800000000000004,2.0,-24.599730814603262,16.96095111703923,-24.599730814603262,16.96095111703923,5.308361922533552,0.004093179515967105,0.003906567154981784
1521.0,60.84,2.0,-24.534106177214806,17.055494204976974,-24.534106177214806,17.055494204976974,5.312164335009522,0.004093179515967105,0.003906567154981784
1522.0,60.88,2.0,-24.468105272004497,17.14981831911689,-24.468105272004497,17.14981831911689,5.3159550568652305,0.004093179515967105,0.003906567154981784
1523.0,60.92,2.0,-24.401730279419056,17.243922182820842,-24.401730279419056,17.243922182820842,5.319734088100681,0.004093179515967105,0.003906567154981784
1524.0,60.96,2.0,-24.334983382116217,17.337804540302827,-24.334983382116217,17.337804540302827,5.323501428715871,0.004093179515967105,0.003906567154981784
1525.0,61.0,2.0,-24.267866764770098,17.43146415660766,-24.267866764770098,17.43146415660766,5.327257078710802,0.004093179515967105,0.003906567154981784
1526.0,61.04,2.0,-24.200382613876965,17.52489981758791,-24.200382613876965,17.52489981758791,5.331001038085474,0.004093179515967105,0.003906567154981784
1527.0,61.08,2.0,-24.1325331175614,17.618110329879,-24.1325331175614,17.618110329879,5.334733306839886,0.004093179515967105,0.003906567154981784
1528.0,61.120000000000005,2.0,-24.0643204653829,17.71109452087257,-24.0643204653829,17.71109452087257,5.338453884974038,0.004093179515967105,0.003906567154981784
1529.0,61.160000000000004,2.0,-23.99574684814283,17.80385123868804,-23.99574684814283,17.80385123868804,5.3421627724879315,0.004093179515967105,0.003906567154981784
1530.0,61.2,2.0,-23.92681445769191,17.89637935214241,-23.92681445769191,17.89637935214241,5.345859969381565,0.004093179515967105,0.003906567154981784
1531.0,61.24,2.0,-23.857525486738126,17.988677750718274,-23.857525486738126,17.988677750718274,5.349545475654939,0.004093179515967105,0.003906567154981784
1532.0,61.28,2.0,-23.78788212865505,18.0807453445301,-23.78788212865505,18.0807453445301,5.353219291308054,0.004093179515967105,0.003906567154981784
1533.0,61.32,2.0,-23.717886577290777,18.172581064288714,-23.717886577290777,18.172581064288714,5.356881416340909,0.004093179515967105,0.003906567154981784
1534.0,61.36,2.0,-23.64754102677727,18.264183861264083,-23.64754102677727,18.264183861264083,5.360531850753507,0.004093179515967105,0.003906567154981784
1535.0,61.4,2.0,-23.57684767134026,18.355552707246293,-23.57684767134026,18.355552707246293,5.364170594545842,0.004093179515967105,0.003906567154981784
1536.0,61.44,2.0,-23.505802092341742,18.44686021229715,-23.505802092341742,18.44686021229715,5.367826534401865,0.004093179515967105,0.003906567154981784
1537.0,61.480000000000004,2.0,-23.434316517974942,18.538315122757652,-23.434316517974942,18.538315122757652,5.371494403309194,0.004093179515967105,0.003906567154981784
1538.0,61.52,2.0,-23.36247521604431,18.629709165014383,-23.36247521604431,18.629709165014383,5.375181646887089,0.004093179515967105,0.003906567154981784
1539.0,61.56,2.0,-23.290281506211294,18.72087973972336,-23.290281506211294,18.72087973972336,5.378879183366756,0.004093179515967105,0.003906567154981784
1540.0,61.6,2.0,-23.21773587606699,18.811823413702097,-23.21773587606699,18.811823413702097,5.382588462408254,0.004093179515967105,0.003906567154981784
1541.0,61.64,2.0,-23.144838671775084,18.90253669884804,-23.144838671775084,18.90253669884804,5.386310933671638,0.004093179515967105,0.003906567154981784
1542.0,61.68,2.0,-23.07159009854164,18.993016050900316,-23.07159009854164,18.993016050900316,5.3900480468169665,0.004093179515967105,0.003906567154981784
1543.0,61.72,2.0,-22.997988063171604,19.08325839825189,-22.997988063171604,19.08325839825189,5.393800998195725,0.004093179515967105,0.003906567154981784
1544.0,61.76,2.0,-22.92404068362343,19.17326101008635,-22.92404068362343,19.17326101008635,5.397570934436161,0.004093179515967105,0.003906567154981784
1545.0,61.800000000000004,2.0,-22.849742309292388,19.263031056712094,-22.849742309292388,19.263031056712094,5.401359125016402,0.004093179515967105,0.003906567154981784
1546.0,61.84,2.0,-22.77508634372499,19.352566927081988,-22.77508634372499,19.352566927081988,5.40516357549497,0.004093179515967105,0.003906567154981784
1547.0,61.88,2.0,-22.70007266510943,19.44186527805967,-22.70007266510943,19.44186527805967,5.408985469215709,0.004093179515967105,0.003906567154981784
1548.0,61.92,2.0,-22.624700486572088,19.530919193702168,-22.624700486572088,19.530919193702168,5.412826981019633,0.004093179515967105,0.003906567154981784
1549.0,61.96,2.0,-22.54896232096081,19.619726165498907,-22.54896232096081,19.619726165498907,5.416683214600861,0.004093179515967105,0.003906567154981784
1550.0,62.0,2.0,-22.472859641897447,19.70828026453531,-22.472859641897447,19.70828026453531,5.420555077787441,0.004093179515967105,0.003906567154981784
1551.0,62.04,2.0,-22.39639385831295,19.79657552794306,-22.39639385831295,19.79657552794306,5.42444347840742,0.004093179515967105,0.003906567154981784
1552.0,62.08,2.0,-22.319568532061815,19.884586188378076,-22.319568532061815,19.884586188378076,5.4283542392864295,0.004093179515967105,0.003906567154981784
1553.0,62.120000000000005,2.0,-22.242429122246783,19.97226582477461,-22.242429122246783,19.97226582477461,5.43228469336954,0.004093179515967105,0.003906567154981784
1554.0,62.160000000000004,2.0,-22.16497198028296,20.059617910442917,-22.16497198028296,20.059617910442917,5.436237364791262,0.004093179515967105,0.003906567154981784
1555.0,62.2,2.0,-22.087193293203573,20.14664583321272,-22.087193293203573,20.14664583321272,5.440211732517157,0.004093179515967105,0.003906567154981784
1556.0,62.24,2.0,-22.009095697044195,20.233340870877022,-22.009095697044195,20.233340870877022,5.444198492877542,0.004093179515967105,0.003906567154981784
1557.0,62.28,2.0,-21.930765017585376,20.319011719881082,-21.930765017585376,20.319011719881082,5.4481693241494185,0.004093179515967105,0.003906567154981784
1558.0,62.32,2.0,-21.852114878020856,20.404353594512447,-21.852114878020856,20.404353594512447,5.452150129191107,0.004093179515967105,0.003906567154981784
1559.0,62.36,2.0,-21.773139687170662,20.489369587295567,-21.773139687170662,20.489369587295567,5.456141224068569,0.004093179515967105,0.003906567154981784
1560.0,62.4,2.0,-21.693836523878012,20.57406514797833,-21.693836523878012,20.57406514797833,5.46014292196402,0.004093179515967105,0.003906567154981784
1561.0,62.440000000000005,2.0,-21.614202446846452,20.6584457089937,-21.614202446846452,20.6584457089937,5.464155536059673,0.004093179515967105,0.003906567154981784
1562.0,62.480000000000004,2.0,-21.534234494660797,20.742516685499123,-21.534234494660797,20.742516685499123,5.468179379537747,0.004093179515967105,0.003906567154981784
1563.0,62.52,2.0,-21.453931843731777,20.826282945369694,-21.453931843731777,20.826282945369694,5.472215018889024,0.004093179515967105,0.003906567154981784
1564.0,62.56,2.0,-21.373317075287325,20.909727074664165,-21.373317075287325,20.909727074664165,5.47624675691673,0.004093179515967105,0.003906567154981784
1565.0,62.6,2.0,-21.292403223712892,20.992827529700442,-21.292403223712892,20.992827529700442,5.48027504572408,0.004093179515967105,0.003906567154981784
1566.0,62.64,2.0,-21.21121024136526,21.07558641009337,-21.21121024136526,21.07558641009337,5.484303303365158,0.004093179515967105,0.003906567154981784
1567.0,62.68,2.0,-21.12974511626055,21.15798024965525,-21.12974511626055,21.15798024965525,5.488332281736199,0.004093179515967105,0.003906567154981784
1568.0,62.72,2.0,-21.04801368874718,21.24002758164511,-21.04801368874718,21.24002758164511,5.492361653410547,0.004093179515967105,0.003906567154981784
1569.0,62.76,2.0,-20.966024263061897,21.321713747377615,-20.966024263061897,21.321713747377615,5.496398327455989,0.004093179515967105,0.003906567154981784
1570.0,62.800000000000004,2.0,-20.883785953134602,21.40283130711274,-20.883785953134602,21.40283130711274,5.500443364463849,0.004093179515967105,0.003906567154981784
1571.0,62.84,2.0,-20.801296096087942,21.483574852785402,-20.801296096087942,21.483574852785402,5.504475409556746,0.004093179515967105,0.003906567154981784
1572.0,62.88,2.0,-20.71856535657279,21.563780363900456,-20.71856535657279,21.563780363900456,5.508494213715329,0.004093179515967105,0.003906567154981784
1573.0,62.92,2.0,-20.63555332095369,21.64366362677458,-20.63555332095369,21.64366362677458,5.512498808385498,0.004093179515967105,0.003906567154981784
1574.0,62.96,2.0,-20.55229688089507,21.72302358695171,-20.55229688089507,21.72302358695171,5.51649024124815,0.004093179515967105,0.003906567154981784
1575.0,63.0,2.0,-20.468877391482334,21.801895451417742,-20.468877391482334,21.801895451417742,5.520463958605468,0.004093179515967105,0.003906567154981784
1576.0,63.04,2.0,-20.385293271708328,21.880217491941153,-20.385293271708328,21.880217491941153,5.524423560137999,0.004093179515967105,0.003906567154981784
1577.0,63.08,2.0,-20.301388491782802,21.95807029329655,-20.301388491782802,21.95807029329655,5.528377852605124,0.004093179515967105,0.003906567154981784
1578.0,63.120000000000005,2.0,-20.21748032070982,22.035272923190544,-20.21748032070982,22.035272923190544,5.5323130522220945,0.004093179515967105,0.003906567154981784
1579.0,63.160000000000004,2.0,-20.133246320728045,22.112096101865312,-20.133246320728045,22.112096101865312,5.536245084646925,0.004093179515967105,0.003906567154981784
1580.0,63.2,2.0,-20.04931542084983,22.18792854448385,-20.04931542084983,22.18792854448385,5.540144300756996,0.004093179515967105,0.003906567154981784
1581.0,63.24,2.0,-19.9650564252876,22.263250797611217,-19.9650564252876,22.263250797611217,5.544042059946846,0.004093179515967105,0.003906567154981784
1582.0,63.28,2.0,-19.881729817648008,22.33731169457687,-19.881729817648008,22.33731169457687,5.547875689270771,0.004093179515967105,0.003906567154981784
1583.0,63.32,2.0,-19.798074270713617,22.410874943419422,-19.798074270713617,22.410874943419422,5.5517091295030525,0.004093179515967105,0.003906567154981784
1584.0,63.36,2.0,-19.71405294054781,22.484004995141095,-19.71405294054781,22.484004995141095,5.555540930420038,0.004093179515967105,0.003906567154981784
1585.0,63.4,2.0,-19.629659790559277,22.556779114121348,-19.629659790559277,22.556779114121348,5.559369954971398,0.004093179515967105,0.003906567154981784
1586.0,63.440000000000005,2.0,-19.544882787722344,22.629130515361837,-19.544882787722344,22.629130515361837,5.563195364075536,0.004093179515967105,0.003906567154981784
1587.0,63.480000000000004,2.0,-19.459716364710555,22.701135423552962,-19.459716364710555,22.701135423552962,5.567015807023388,0.004093179515967105,0.003906567154981784
1588.0,63.52,2.0,-19.374156743247166,22.772674749358437,-19.374156743247166,22.772674749358437,5.570830020931611,0.004093179515967105,0.003906567154981784
1589.0,63.56,2.0,-19.288204358093495,22.843856189518394,-19.288204358093495,22.843856189518394,5.574636577569309,0.004093179515967105,0.003906567154981784
1590.0,63.6,2.0,-19.201849850526997,22.914635260386216,-19.201849850526997,22.914635260386216,5.578434093048123,0.004093179515967105,0.003906567154981784
1591.0,63.64,2.0,-19.115095680649762,22.985018164445137,-19.115095680649762,22.985018164445137,5.582221141351995,0.004093179515967105,0.003906567154981784
1592.0,63.68,2.0,-19.02783522186679,23.05502899984953,-19.02783522186679,23.05502899984953,5.585995737855759,0.004093179515967105,0.003906567154981784
1593.0,63.72,2.0,-18.940065802569325,23.12457778397865,-18.940065802569325,23.12457778397865,5.589757094949278,0.004093179515967105,0.003906567154981784
1594.0,63.76,2.0,-18.851879068289765,23.193884891780275,-18.851879068289765,23.193884891780275,5.5935029866404,0.004093179515967105,0.003906567154981784
1595.0,63.800000000000004,2.0,-18.763103460879027,23.262804569938268,-18.763103460879027,23.262804569938268,5.597236788315679,0.004093179515967105,0.003906567154981784
1596.0,63.84,2.0,-18.673862630588683,23.33139143098402,-18.673862630588683,23.33139143098402,5.600953721983309,0.004093179515967105,0.003906567154981784
1597.0,63.88,2.0,-18.584095289845106,23.399589529387857,-18.584095289845106,23.399589529387857,5.604643802572651,0.004093179515967105,0.003906567154981784
1598.0,63.92,2.0,-18.49380809046402,23.467621398533442,-18.49380809046402,23.467621398533442,5.608319635557196,0.004093179515967105,0.003906567154981784
1599.0,63.96,2.0,-18.402988556123884,23.535162737724427,-18.402988556123884,23.535162737724427,5.611964116967669,0.004093179515967105,0.003906567154981784
1600.0,64.0,2.0,-18.312188242709002,23.602697275482218,-18.312188242709002,23.602697275482218,5.615605717615431,0.004093179515967105,0.003906567154981784
1601.0,64.04,2.0,-18.22145771812283,23.670328846691373,-18.22145771812283,23.670328846691373,5.619237975960618,0.004093179515967105,0.003906567154981784
1602.0,64.08,2.0,-18.13078364253203,23.7375691240987,-18.13078364253203,23.7375691240987,5.622844158139869,0.004093179515967105,0.003906567154981784
1603.0,64.12,2.0,-18.04016813850141,23.80473425725244,-18.04016813850141,23.80473425725244,5.626437373565452,0.004093179515967105,0.003906567154981784
1604.0,64.16,2.0,-17.949600054170915,23.871480219208568,-17.949600054170915,23.871480219208568,5.630008131394623,0.004093179515967105,0.003906567154981784
1605.0,64.2,2.0,-17.859108245079486,23.937838365683557,-17.859108245079486,23.937838365683557,5.633556431627385,0.004093179515967105,0.003906567154981784
1606.0,64.24,2.0,-17.768748793118668,24.00368333996529,-17.768748793118668,24.00368333996529,5.637082274263738,0.004093179515967105,0.003906567154981784
1607.0,64.28,2.0,-17.67870069020298,24.068989825775166,-17.67870069020298,24.068989825775166,5.64058565930368,0.004093179515967105,0.003906567154981784
1608.0,64.32000000000001,2.0,-17.588920054698942,24.133944924454443,-17.588920054698942,24.133944924454443,5.644066586747212,0.004093179515967105,0.003906567154981784
1609.0,64.36,2.0,-17.49945553679787,24.19844812425923,-17.49945553679787,24.19844812425923,5.647525056594336,0.004093179515967105,0.003906567154981784
1610.0,64.4,2.0,-17.410249677631356,24.26245596692249,-17.410249677631356,24.26245596692249,5.650961068845048,0.004093179515967105,0.003906567154981784
1611.0,64.44,2.0,-17.321364796827325,24.32598273253696,-17.321364796827325,24.32598273253696,5.654374623499351,0.004093179515967105,0.003906567154981784
1612.0,64.48,2.0,-17.232729976701204,24.389158452918167,-17.232729976701204,24.389158452918167,5.6577657205572445,0.004093179515967105,0.003906567154981784
1613.0,64.52,2.0,-17.14442038463817,24.45182616416601,-17.14442038463817,24.45182616416601,5.661134360018726,0.004093179515967105,0.003906567154981784
1614.0,64.56,2.0,-17.056373232460604,24.51402851023698,-17.056373232460604,24.51402851023698,5.664480541883799,0.004093179515967105,0.003906567154981784
1615.0,64.6,2.0,-16.96863471692526,24.575787513225748,-16.96863471692526,24.575787513225748,5.667804266152462,0.004093179515967105,0.003906567154981784
1616.0,64.64,2.0,-16.881183205518138,24.637168486542766,-16.881183205518138,24.637168486542766,5.671105532824716,0.004093179515967105,0.003906567154981784
1617.0,64.68,2.0,-16.794017669407612,24.698048284868026,-16.794017669407612,24.698048284868026,5.674384341900559,0.004093179515967105,0.003906567154981784
1618.0,64.72,2.0,-16.707167446408082,24.758473115716022,-16.707167446408082,24.758473115716022,5.677640693379992,0.004093179515967105,0.003906567154981784
1619.0,64.76,2.0,-16.62062469993419,24.818476929083676,-16.62062469993419,24.818476929083676,5.680874587263017,0.004093179515967105,0.003906567154981784
1620.0,64.8,2.0,-16.534329656606204,24.87795648861316,-16.534329656606204,24.87795648861316,5.68408602354963,0.004093179515967105,0.003906567154981784
1621.0,64.84,2.0,-16.447116265242126,24.936913279081576,-16.447116265242126,24.936913279081576,5.687275002239834,0.004093179515967105,0.003906567154981784
1622.0,64.88,2.0,-16.360084892122753,24.995348795107834,-16.360084892122753,24.995348795107834,5.690441523333628,0.004093179515967105,0.003906567154981784
1623.0,64.92,2.0,-16.2725977289824,25.053264541124516,-16.2725977289824,25.053264541124516,5.693585586831013,0.004093179515967105,0.003906567154981784
1624.0,64.96000000000001,2.0,-16.184647751289152,25.110662031349577,-16.184647751289152,25.110662031349577,5.696707192731986,0.004093179515967105,0.003906567154981784
1625.0,65.0,2.0,-16.096204715617205,25.167542789757785,-16.096204715617205,25.167542789757785,5.699806341036551,0.004093179515967105,0.003906567154981784
1626.0,65.04,2.0,-16.00725792080919,25.223908350052067,-16.00725792080919,25.223908350052067,5.7028830317447055,0.004093179515967105,0.003906567154981784
1627.0,65.08,2.0,-15.917788042763696,25.2797602556346,-15.917788042763696,25.2797602556346,5.705937264856449,0.004093179515967105,0.003906567154981784
1628.0,65.12,2.0,-15.827796359730531,25.33510005957773,-15.827796359730531,25.33510005957773,5.708969040371785,0.004093179515967105,0.003906567154981784
1629.0,65.16,2.0,-15.737284150483253,25.389929324594775,-15.737284150483253,25.389929324594775,5.71197835829071,0.004093179515967105,0.003906567154981784
1630.0,65.2,2.0,-15.646252694285508,25.44424962301054,-15.646252694285508,25.44424962301054,5.714965218613225,0.004093179515967105,0.003906567154981784
1631.0,65.24,2.0,-15.55470327085742,25.498062536731716,-15.55470327085742,25.498062536731716,5.717929621339329,0.004093179515967105,0.003906567154981784
1632.0,65.28,2.0,-15.462637160342053,25.551369657217123,-15.462637160342053,25.551369657217123,5.720871566469025,0.004093179515967105,0.003906567154981784
1633.0,65.32000000000001,2.0,-15.370055643271954,25.604172585447685,-15.370055643271954,25.604172585447685,5.72379105400231,0.004093179515967105,0.003906567154981784
1634.0,65.36,2.0,-15.276960000535752,25.656472931896282,-15.276960000535752,25.656472931896282,5.726688083939186,0.004093179515967105,0.003906567154981784
1635.0,65.4,2.0,-15.183351513344824,25.70827231649745,-15.183351513344824,25.70827231649745,5.72956265627965,0.004093179515967105,0.003906567154981784
1636.0,65.44,2.0,-15.089231463200049,25.759572368616833,-15.089231463200049,25.759572368616833,5.732414771023706,0.004093179515967105,0.003906567154981784
1637.0,65.48,2.0,-14.99460113185861,25.810374727020484,-14.99460113185861,25.810374727020484,5.7352444281713515,0.004093179515967105,0.003906567154981784
1638.0,65.52,2.0,-14.899461801300891,25.860681039844035,-14.899461801300891,25.860681039844035,5.738051627722587,0.004093179515967105,0.003906567154981784
1639.0,65.56,2.0,-14.803814753697432,25.910492964561605,-14.803814753697432,25.910492964561605,5.740836369677413,0.004093179515967105,0.003906567154981784
1640.0,65.6,2.0,-14.707661271375963,25.9598121679546,-14.707661271375963,25.9598121679546,5.7435986540358295,0.004093179515967105,0.003906567154981784
1641.0,65.64,2.0,-14.611002636788509,26.008640326080297,-14.611002636788509,26.008640326080297,5.746338480797836,0.004093179515967105,0.003906567154981784
1642.0,65.68,2.0,-14.513840132478574,26.056979124240286,-14.513840132478574,26.056979124240286,5.749055849963432,0.004093179515967105,0.003906567154981784
1643.0,65.72,2.0,-14.416175041048396,26.1048302569487,-14.416175041048396,26.1048302569487,5.7517507615326195,0.004093179515967105,0.003906567154981784
1644.0,65.76,2.0,-14.318008645126284,26.152195427900295,-14.318008645126284,26.152195427900295,5.754423215505395,0.004093179515967105,0.003906567154981784
1645.0,65.8,2.0,-14.21934222733403,26.199076349938363,-14.21934222733403,26.199076349938363,5.757073211881761,0.004093179515967105,0.003906567154981784
1646.0,65.84,2.0,-14.120177070254384,26.245474745022427,-14.120177070254384,26.245474745022427,5.759700750661718,0.004093179515967105,0.003906567154981784
1647.0,65.88,2.0,-14.020514456398644,26.291392344195835,-14.020514456398644,26.291392344195835,5.762305831845265,0.004093179515967105,0.003906567154981784
1648.0,65.92,2.0,-13.920357779362769,26.336830887553127,-13.920357779362769,26.336830887553127,5.764888455432402,0.004093179515967105,0.003906567154981784
1649.0,65.96000000000001,2.0,-13.819755244560007,26.381792124207223,-13.819755244560007,26.381792124207223,5.76744862142313,0.004093179515967105,0.003906567154981784
1650.0,66.0,2.0,-13.718703403675184,26.426277812256505,-13.718703403675184,26.426277812256505,5.7699863298174465,0.004093179515967105,0.003906567154981784
1651.0,66.04,2.0,-13.617198797235972,26.47028971875167,-13.617198797235972,26.47028971875167,5.772501580615354,0.004093179515967105,0.003906567154981784
1652.0,66.08,2.0,-13.515237955756735,26.513829619662395,-13.515237955756735,26.513829619662395,5.774994373816851,0.004093179515967105,0.003906567154981784
1653.0,66.12,2.0,-13.412817400883268,26.556899299843955,-13.412817400883268,26.556899299843955,5.777464709421938,0.004093179515967105,0.003906567154981784
1654.0,66.16,2.0,-13.309933646538378,26.599500553003498,-13.309933646538378,26.599500553003498,5.7799125874306165,0.004093179515967105,0.003906567154981784
1655.0,66.2,2.0,-13.206583200068257,26.641635181666295,-13.206583200068257,26.641635181666295,5.782338007842883,0.004093179515967105,0.003906567154981784
1656.0,66.24,2.0,-13.102762563389488,26.68330499714176,-13.102762563389488,26.68330499714176,5.784740970658742,0.004093179515967105,0.003906567154981784
1657.0,66.28,2.0,-12.99850283458231,26.724511819489294,-12.99850283458231,26.724511819489294,5.78712147587819,0.004093179515967105,0.003906567154981784
1658.0,66.32000000000001,2.0,-12.893827577713372,26.76525747748402,-12.893827577713372,26.76525747748402,5.789479523501227,0.004093179515967105,0.003906567154981784
1659.0,66.36,2.0,-12.788748083429457,26.805543808582286,-12.788748083429457,26.805543808582286,5.791815113527856,0.004093179515967105,0.003906567154981784
1660.0,66.4,2.0,-12.683274454295113,26.84537265888703,-12.683274454295113,26.84537265888703,5.794128245958075,0.004093179515967105,0.003906567154981784
1661.0,66.44,2.0,-12.577433996974271,26.884745883113023,-12.577433996974271,26.884745883113023,5.796418920791883,0.004093179515967105,0.003906567154981784
1662.0,66.48,2.0,-12.471242617684277,26.923665344551885,-12.471242617684277,26.923665344551885,5.7986871380292815,0.004093179515967105,0.003906567154981784
1663.0,66.52,2.0,-12.36466322729648,26.962132915036946,-12.36466322729648,26.962132915036946,5.80093289767027,0.004093179515967105,0.003906567154981784
1664.0,66.56,2.0,-12.257715728614354,27.000150474908015,-12.257715728614354,27.000150474908015,5.803156199714848,0.004093179515967105,0.003906567154981784
1665.0,66.6,2.0,-12.150420038444095,27.0377199129759,-12.150420038444095,27.0377199129759,5.805357044163018,0.004093179515967105,0.003906567154981784
1666.0,66.64,2.0,-12.042796090389851,27.074843126486805,-12.042796090389851,27.074843126486805,5.807535431014776,0.004093179515967105,0.003906567154981784
1667.0,66.68,2.0,-11.934863837651033,27.111522021086593,-11.934863837651033,27.111522021086593,5.80936057452956,0.004093179515967105,0.003906567154981784
1668.0,66.72,2.0,-11.826641144632628,27.14775851078485,-11.826641144632628,27.14775851078485,5.810407605781695,0.004093179515967105,0.003906567154981784
1669.0,66.76,2.0,-11.718101088980223,27.183554517918797,-11.718101088980223,27.183554517918797,5.810678599388446,0.004093179515967105,0.003906567154981784
1670.0,66.8,2.0,-11.609268429893875,27.218911973117066,-11.609268429893875,27.218911973117066,5.809360858802786,0.004093179515967105,0.003906567154981784
1671.0,66.84,2.0,-11.500167968325165,27.253832815263312,-11.500167968325165,27.253832815263312,5.806455571584835,0.004093179515967105,0.003906567154981784
1672.0,66.88,2.0,-11.390824548601195,27.28831899145964,-11.390824548601195,27.28831899145964,5.801963925294713,0.004093179515967105,0.003906567154981784
1673.0,66.92,2.0,-11.281263060046811,27.322372456989914,-11.281263060046811,27.322372456989914,5.795887107492536,0.004093179515967105,0.003906567154981784
1674.0,66.96000000000001,2.0,-11.171480620981743,27.35599517528292,-11.171480620981743,27.35599517528292,5.788946941976419,0.004093179515967105,0.003906567154981784
1675.0,67.0,2.0,-11.061494588435627,27.389189117875297,-11.061494588435627,27.389189117875297,5.78114450813042,0.004093179515967105,0.003906567154981784
1676.0,67.04,2.0,-10.951334094455923,27.42195626437441,-10.951334094455923,27.42195626437441,5.772518477154394,0.004093179515967105,0.003906567154981784
1677.0,67.08,2.0,-10.840980091922273,27.454298602421034,-10.840980091922273,27.454298602421034,5.7630559428278145,0.004093179515967105,0.003906567154981784
1678.0,67.12,2.0,-10.730433052846426,27.486218127651846,-10.730433052846426,27.486218127651846,5.752706229970442,0.004093179515967105,0.003906567154981784
1679.0,67.16,2.0,-10.619699011736406,27.51771684366183,-10.619699011736406,27.51771684366183,5.741430696319513,0.004093179515967105,0.003906567154981784
1680.0,67.2,2.0,-10.508788681275933,27.548796761966518,-10.508788681275933,27.548796761966518,5.7292323626610715,0.004093179515967105,0.003906567154981784
1681.0,67.24,2.0,-10.397695765173255,27.579459901964004,-10.397695765173255,27.579459901964004,5.715986123156543,0.004093179515967105,0.003906567154981784
1682.0,67.28,2.0,-10.286443620246038,27.60970829089693,-10.286443620246038,27.60970829089693,5.701694651813572,0.004093179515967105,0.003906567154981784
1683.0,67.32000000000001,2.0,-10.175076949281005,27.639543963814255,-10.175076949281005,27.639543963814255,5.686217895929978,0.004093179515967105,0.003906567154981784
1684.0,67.36,2.0,-10.063616104040312,27.668968963532855,-10.063616104040312,27.668968963532855,5.669461837088043,0.004093179515967105,0.003906567154981784
1685.0,67.4,2.0,-9.952052617812116,27.697985340599033,-9.952052617812116,27.697985340599033,5.651355390405602,0.004093179515967105,0.003906567154981784
1686.0,67.44,2.0,-9.84040804927717,27.72659515324986,-9.84040804927717,27.72659515324986,5.632656861059612,0.004093179515967105,0.003906567154981784
1687.0,67.48,2.0,-9.72865723642736,27.75469575610922,-9.72865723642736,27.75469575610922,5.6132789862184405,0.004093179515967105,0.003766043188065763
1688.0,67.52,2.0,-9.616818210413584,27.782294233818178,-9.616818210413584,27.782294233818178,5.59321985659822,0.004306569086340586,0.003347476813236288
1689.0,67.56,2.0,-9.504890768750087,27.809252117236394,-9.504890768750087,27.809252117236394,5.572700867630572,0.005995008638420324,0.002742180512105168
1690.0,67.6,2.0,-9.392822725050028,27.835744156223704,-9.392822725050028,27.835744156223704,5.552093476557011,0.009074547359845557,0.001944642458368036
1691.0,67.64,2.0,-9.280624014785976,27.86169615408265,-9.280624014785976,27.86169615408265,5.531408167807931,0.013416589164853618,0.0011471044046309038
1692.0,67.68,2.0,-9.168255011911281,27.887130796368346,-9.168255011911281,27.887130796368346,5.510657706841602,0.019021134053444504,0.0003495663508937718
1693.0,67.72,2.0,-9.055696556947783,27.912130296851736,-9.055696556947783,27.912130296851736,5.489827988020813,0.03147386658480605,-0.0004479717028433602
1694.0,67.76,2.0,-8.94294262779674,27.936457875125754,-8.94294262779674,27.936457875125754,5.468541440025117,0.04765484007764741,-0.0012455097565804922
1695.0,67.8,2.0,-8.829967271318983,27.960366932932303,-8.829967271318983,27.960366932932303,5.446576692245569,0.06756405453196863,-0.0020430478103176243
1696.0,67.84,2.0,-8.716733072250562,27.983698785301314,-8.716733072250562,27.983698785301314,5.4238956817249235,0.09120150994776968,-0.002840585864054756
1697.0,67.88,2.0,-8.603216512126247,28.00655385924598,-8.603216512126247,28.00655385924598,5.400486115015972,0.11856720632505056,-0.003638123917791888
1698.0,67.92,2.0,-8.489382407447577,28.02899719225358,-8.489382407447577,28.02899719225358,5.376583608276773,0.14966114366381128,-0.00443566197152902
1699.0,67.96000000000001,2.0,-8.375202611974435,28.05078554315504,-8.375202611974435,28.05078554315504,5.352658643941164,0.18448332196405184,-0.005233200025266152
1700.0,68.0,2.0,-8.26064582191525,28.072154806186436,-8.26064582191525,28.072154806186436,5.328711222009144,0.22303374122577227,-0.006027399773416352
1701.0,68.04,2.0,-8.145680877060684,28.092908686530635,-8.145680877060684,28.092908686530635,5.304741342480715,0.26531240144897245,-0.0068182612159796195
1702.0,68.08,2.0,-8.030258709364903,28.113275839941533,-8.030258709364903,28.113275839941533,5.280749005355876,0.3113193026336526,-0.0076057843529559535
1703.0,68.12,2.0,-7.91436225106062,28.133206743969826,-7.91436225106062,28.133206743969826,5.256734210634627,0.36105444477981247,-0.008389969184345357
1704.0,68.16,2.0,-7.7979421504041095,28.15254789887217,-7.7979421504041095,28.15254789887217,5.232696958316968,0.4145178278874522,-0.009170815710147827
1705.0,68.2,1.0,-7.6809782230369334,28.1714214723433,-7.6809782230369334,28.1714214723433,5.2086372484028995,0.47170945195657177,-0.009948323930363365
1706.0,68.24,1.0,-7.563420611259465,28.189754926204337,-7.563420611259465,28.189754926204337,5.18455508089242,0.5326293169871711,-0.010581969878075947
1707.0,68.28,1.0,-7.44526653320205,28.207612351863958,-7.44526653320205,28.207612351863958,5.160450455785532,0.5984494139574733,-0.010793711145372127
1708.0,68.32000000000001,1.0,-7.326470372016037,28.225079760966146,-7.326470372016037,28.225079760966146,5.136323373082234,0.6649239317885792,-0.010537341772866271
1709.0,68.36,0.0,-7.207005105657258,28.24206667926185,-7.207005105657258,28.24206667926185,5.112173832782526,0.7322605414301131,-0.009898662415865829
1710.0,68.4,0.0,-7.086896060086796,28.258500880719485,-7.086896060086796,28.258500880719485,5.088001834886407,0.8006717897801987,-0.00905200976963019
1711.0,68.44,2.0,-6.966106806395079,28.274521344725493,-6.966106806395079,28.274521344725493,5.06380737939388,0.8696320641212045,-0.00818770560415441
1712.0,68.48,2.0,-6.844650847013005,28.2899420905957,-6.844650847013005,28.2899420905957,5.039590466304942,0.9317441508194397,-0.007323401438678631
1713.0,68.52,2.0,-6.722521590404317,28.305014141211647,-6.722521590404317,28.305014141211647,5.015351095619594,0.9901279965561952,-0.006459097273202852
1714.0,68.56,2.0,-6.5997275006048435,28.31974021907664,-6.5997275006048435,28.31974021907664,4.991089267337836,1.0447836013314709,-0.005594793107727072
1715.0,68.60000000000001,2.0,-6.476277160218889,28.33412258801109,-6.476277160218889,28.33412258801109,4.966804981459669,1.0957109651452663,-0.004730488942251292
1716.0,68.64,2.0,-6.35217926943086,28.348163518302027,-6.35217926943086,28.348163518302027,4.942498237985091,1.1429100879975822,-0.0038661847767755128
1717.0,68.68,2.0,-6.227442644999812,28.361865286660287,-6.227442644999812,28.361865286660287,4.9181690369141045,1.1863809698884182,-0.0030018806112997337
1718.0,68.72,2.0,-6.102076219237047,28.37523017617755,-6.102076219237047,28.37523017617755,4.893817378246706,1.2261236108177744,-0.0021375764458239537
1719.0,68.76,2.0,-5.976089038966924,28.388260476283286,-5.976089038966924,28.388260476283286,4.8694432619829,1.2621380107856508,-0.001276610585935107
1720.0,68.8,2.0,-5.849490264470979,28.40091606861003,-5.849490264470979,28.40091606861003,4.845046688122682,1.2944241697920473,-0.0004189830316331921
1721.0,68.84,2.0,-5.722289168415562,28.412525823924494,-5.722289168415562,28.412525823924494,4.820627656666056,1.322982087836964,0.0004353062170817903
1722.0,68.88,2.0,-5.594495134763066,28.423081076226048,-5.594495134763066,28.423081076226048,4.796186167613019,1.347811764920401,0.0012862571602098403
1723.0,68.92,2.0,-5.466117657666949,28.43257325829295,-5.466117657666949,28.43257325829295,4.771722220963572,1.3689132010423577,0.002133869797750958
1724.0,68.96000000000001,2.0,-5.337166340350687,28.44099390301938,-5.337166340350687,28.44099390301938,4.7472358167177156,1.386286396202835,0.002978144129705143
1725.0,69.0,2.0,-5.207650893970789,28.448334644739397,-5.207650893970789,28.448334644739397,4.72272695487545,1.3999313504018323,0.0038190801560723958
1726.0,69.04,2.0,-5.077581136464057,28.454587220537586,-5.077581136464057,28.454587220537586,4.6981956354367735,1.4084626830907534,0.004516153909936696
1727.0,69.08,2.0,-4.946966991379234,28.459743471546233,-4.946966991379234,28.459743471546233,4.673641858401687,1.4148645449371644,0.004931846950300609
1728.0,69.12,2.0,-4.8158184866932015,28.463795344228803,-4.8158184866932015,28.463795344228803,4.64906562377019,1.419013215803802,0.005157471758775945
1729.0,69.16,2.0,-4.684145753611888,28.466734891649626,-4.684145753611888,28.466734891649626,4.624466931542285,1.4208247448783053,0.005175123278016086
1730.0,69.2,2.0,-4.551959025356054,28.468554274729435,-4.551959025356054,28.468554274729435,4.599845781717969,1.4208247448783053,0.005175123278016086
1731.0,69.24,2.0,-4.419268635932125,28.469245763486857,-4.419268635932125,28.469245763486857,4.575202174297243,1.4208247448783053,0.005175123278016086
1732.0,69.28,2.0,-4.286085018888216,28.468801738265363,-4.286085018888216,28.468801738265363,4.550536109280108,1.4208247448783053,0.005175123278016086
1733.0,69.32000000000001,2.0,-4.152418706055554,28.467214690945735,-4.152418706055554,28.467214690945735,4.525847586666562,1.4208247448783053,0.005175123278016086
1734.0,69.36,2.0,-4.018280326275449,28.46447722614379,-4.018280326275449,28.46447722614379,4.501136606456607,1.4208247448783053,0.005049872619681186
1735.0,69.4,2.0,-3.8836806041119765,28.4605820623932,-3.8836806041119765,28.4605820623932,4.476403168650242,1.4208247448783053,0.004799371303011386
1736.0,69.44,2.0,-3.7486303585505816,28.45552203331319,-3.7486303585505816,28.45552203331319,4.451647273247467,1.420702593820775,0.004376578688787419
1737.0,69.48,2.0,-3.613140501682749,28.44929008876108,-3.613140501682749,28.44929008876108,4.426868920248282,1.4193765822724482,0.0037814947770092853
1738.0,69.52,2.0,-3.4772220373769405,28.441879295969343,-3.4772220373769405,28.441879295969343,4.402068109652687,1.4168467102333253,0.0030141195676769835
1739.0,69.56,2.0,-3.340886059935972,28.43328284066714,-3.340886059935972,28.43328284066714,4.377244841460681,1.4131129777034068,0.0022467443583446822
1740.0,69.60000000000001,2.0,-3.204143752741018,28.42349402818609,-3.204143752741018,28.42349402818609,4.352399115672267,1.4081753846826919,0.001479369149012381
1741.0,69.64,2.0,-3.067006386882427,28.41250628455022,-3.067006386882427,28.41250628455022,4.327530932287441,1.4020339311711807,0.0007119939396800796
1742.0,69.68,2.0,-2.9294853197775357,28.400313157549803,-2.9294853197775357,28.400313157549803,4.302640291306207,1.394688617168874,-5.5381269652221786e-05
1743.0,69.72,2.0,-2.7915919937756786,28.386908317799048,-2.7915919937756786,28.386908317799048,4.277727192728563,1.3861394426757707,-0.0008227564789845233
1744.0,69.76,2.0,-2.6533379347505694,28.372285559777396,-2.6533379347505694,28.372285559777396,4.252791636554509,1.3723319755506442,-0.0015901316883168246
1745.0,69.8,2.0,-2.514734750680264,28.356438802854385,-2.514734750680264,28.356438802854385,4.227833622784044,1.3533243771937382,-0.0023575068976491257
1746.0,69.84,2.0,-2.375794130214887,28.339362092297826,-2.375794130214887,28.339362092297826,4.2028531514171705,1.3291166476050522,-0.0031248821069814275
1747.0,69.88,2.0,-2.2365278412323257,28.321049600265194,-2.2365278412323257,28.321049600265194,4.177850222453887,1.299619205537894,-0.0038922573163137288
1748.0,69.92,2.0,-2.0969477293820873,28.301495626778127,-2.0969477293820873,28.301495626778127,4.152824835894193,1.2649184236552518,-0.00465429606633051
1749.0,69.96000000000001,2.0,-1.9570657166175214,28.280694600679816,-1.9570657166175214,28.280694600679816,4.127776991738089,1.2249910524031997,-0.005238309513345493
1750.0,70.0,2.0,-1.8168937997166026,28.258641080575213,-1.8168937997166026,28.258641080575213,4.102706689985576,1.1817991783460982,-0.0056017300862305245
1751.0,70.04,2.0,-1.6764440487914885,28.235329755753867,-1.6764440487914885,28.235329755753867,4.077613930636653,1.1353428014839468,-0.005744557784985607
1752.0,70.08,2.0,-1.5357286057870438,28.210755447095373,-1.5357286057870438,28.210755447095373,4.052498713691318,1.0856219218167462,-0.005666792609610738
1753.0,70.12,2.0,-1.39475968296855,28.184913107957097,-1.39475968296855,28.184913107957097,4.027361039149575,1.032636539344496,-0.00524318390177102
1754.0,70.16,2.0,-1.2535495613987968,28.15779782504426,-1.2535495613987968,28.15779782504426,4.002200907011423,0.9758457993505636,-0.00434848100313155
1755.0,70.2,2.0,-1.112110589404776,28.129404819262124,-1.112110589404776,28.129404819262124,3.977018317276859,0.9153718528924792,-0.002935643274473065
1756.0,70.24,2.0,-0.9704551810341784,28.099729446550228,-0.9704551810341784,28.099729446550228,3.951813269945886,0.8540411246109377,-0.0009576300765762931
1757.0,70.28,2.0,-0.8285958145019129,28.068767198698502,-0.8285958145019129,28.068767198698502,3.926585765018504,0.7927213687602447,0.001585558590558763
1758.0,70.32000000000001,2.0,-0.6865450306268586,28.03651370414517,-0.6865450306268586,28.03651370414517,3.9013358024947107,0.7326054734003478,0.004521631429377937
1759.0,70.36,2.0,-0.5443154312590658,28.002964728756325,-0.5443154312590658,28.002964728756325,3.8760633823745083,0.6736934385312467,0.007850588439881229
1760.0,70.4,2.0,-0.4019196776976222,27.968116176587053,-0.4019196776976222,27.968116176587053,3.850768504657896,0.6159852641529419,0.011572429622068637
1761.0,70.44,2.0,-0.25937048909940164,27.93196409062403,-0.25937048909940164,27.93196409062403,3.8254511693448734,0.559480950265433,0.015986242891688904
1762.0,70.48,1.0,-0.11668064087891489,27.89451107597453,-0.11668064087891489,27.89451107597453,3.8001113764354417,0.5041804968687204,0.021123905842478013
1763.0,70.52,0.0,0.026137036900517125,27.855968864577942,0.026137036900517125,27.855968864577942,3.774749125929599,0.45413833610403126,0.026942949687711836
1764.0,70.56,0.0,0.16906966114404628,27.816136333558983,0.16906966114404628,27.816136333558983,3.749386875423757,0.40929630657112154,0.033100910162085065
1765.0,70.60000000000001,1.0,0.31210429735081413,27.775182264550708,0.31210429735081413,27.775182264550708,3.724024624917915,0.36965440826999146,0.03959949136447801
1766.0,70.64,0.0,0.45522796124747766,27.73293380390287,0.45522796124747766,27.73293380390287,3.6986623744120726,0.33443446819302824,0.046450688602067344
1767.0,70.68,1.0,0.5984276204295204,27.68954725192473,0.5984276204295204,27.68954725192473,3.673300123906231,0.3033438660337305,0.05367911935745054
1768.0,70.72,0.0,0.741690196010121,27.644917281436296,0.741690196010121,27.644917281436296,3.6479378734003887,0.2774798532438428,0.06110819436021343
1769.0,70.76,0.0,0.8850025642763544,27.59910366041743,0.8850025642763544,27.59910366041743,3.622575622894547,0.2548803432590046,0.06870821792013662
1770.0,70.8,0.0,1.0283515583524938,27.552142804532604,1.0283515583524938,27.552142804532604,3.5972133723887043,0.2355453360792159,0.07648138413970701
1771.0,70.84,0.0,1.1717239698701885,27.503961123179423,1.1717239698701885,27.503961123179423,3.5718511218828626,0.22141658785660076,0.08434557662185056
1772.0,70.88,0.0,1.314505190411872,27.45452620442718,1.314505190411872,27.45452620442718,3.5464888713770204,0.21182281501233918,0.09226154945377245
1773.0,70.92,0.0,1.4566943361896865,27.403953669804515,1.4566943361896865,27.403953669804515,3.5211266208711782,0.20754844328140146,0.09983167875322947
1774.0,70.96000000000001,0.0,1.5982905345564324,27.35223344739787,1.5982905345564324,27.35223344739787,3.495764370365336,0.20776218240849145,0.10705596452022165
1775.0,71.0,0.0,1.7392929240220023,27.299148781387803,1.7392929240220023,27.299148781387803,3.4704021198594943,0.21021586434683015,0.1138873661155297
1776.0,71.04,0.0,1.8797006542695973,27.244888169328096,1.8797006542695973,27.244888169328096,3.4450398693536517,0.21542940788760728,0.12032588353915366
1777.0,71.08,0.0,2.0195128861717353,27.189411615597848,2.0195128861717353,27.189411615597848,3.419677618847809,0.22101293197410443,0.12637151679109349
1778.0,71.12,0.0,2.15872879180605,27.13264673638525,2.15872879180605,27.13264673638525,3.3943153683419673,0.2277911334784093,0.1320242658713492
1779.0,71.16,1.0,2.297347554470872,27.07465046550332,2.297347554470872,27.07465046550332,3.368953117836125,0.23456933498271418,0.13728413077992077
1780.0,71.2,0.0,2.4353683687006034,27.015364154877155,2.4353683687006034,27.015364154877155,3.343590867330283,0.24134753648701904,0.1418520236010595
1781.0,71.24,1.0,2.5727904402808774,26.954886173431486,2.5727904402808774,26.954886173431486,3.318228616824441,0.25261417121738433,0.1456960667410294
1782.0,71.28,1.0,2.709612986263504,26.893110595361737,2.709612986263504,26.893110595361737,3.292866366318599,0.2717249859047887,0.14874301676641344
1783.0,71.32000000000001,1.0,2.845835234981205,26.83007101920815,2.845835234981205,26.83007101920815,3.2675041158127565,0.2986626949865556,0.1511939938665837
1784.0,71.36,1.0,2.9814564260621337,26.765761484146378,2.9814564260621337,26.765761484146378,3.2421418653069147,0.33345498183878414,0.15304674787921607
1785.0,71.4,0.0,3.1164758104441836,26.700166916054826,3.1164758104441836,26.700166916054826,3.2167796148010726,0.3771759895780476,0.15428642631915207
1786.0,71.44,1.0,3.250892650389078,26.633369074025676,3.250892650389078,26.633369074025676,3.191417364295231,0.43022955524122664,0.154871079937302
1787.0,71.48,0.0,3.3847062194962523,26.56517742249869,3.3847062194962523,26.56517742249869,3.166055113789388,0.4916923313244093,0.1547713287571335
1788.0,71.52,1.0,3.517915802716517,26.495793276381875,3.517915802716517,26.495793276381875,3.1406928632835465,0.5618334339537207,0.1539762687724544
1789.0,71.56,1.0,3.6505206963655046,26.425149782293158,3.6505206963655046,26.425149782293158,3.1153306127777043,0.6409937445309344,0.1524699398205223
1790.0,71.60000000000001,1.0,3.782520208136911,26.35317204302232,3.782520208136911,26.35317204302232,3.0899683622718617,0.7272721120089036,0.15028969662479608
1791.0,71.64,1.0,3.913913657115507,26.27987856584268,3.913913657115507,26.27987856584268,3.06460611176602,0.8221039652481981,0.14755690149514464
1792.0,71.68,1.0,4.044774744238983,26.205342222181365,4.044774744238983,26.205342222181365,3.0392438612601778,0.9257849692251846,0.14458317356827113
1793.0,71.72,0.0,4.175561460913425,26.129562188326247,4.175561460913425,26.129562188326247,3.0138816107543356,1.0398886908655627,0.14144008350227616
1794.0,71.76,0.0,4.306326444279824,26.052380183615846,4.306326444279824,26.052380183615846,2.9885193602484934,1.1653577263454535,0.13826641863717215
1795.0,71.8,1.0,4.43708481938469,25.97395515624053,4.43708481938469,25.97395515624053,2.963197403022203,1.301640533919808,0.13509275377206809
1796.0,71.84,1.0,4.5678430539765325,25.89429235792281,4.5678430539765325,25.89429235792281,2.9379157390754633,1.4499341065853963,0.13191908890696408
1797.0,71.88,2.0,4.698581445773004,25.813293503931007,4.698581445773004,25.813293503931007,2.912674368408274,1.609671396191172,0.12874542404186004
1798.0,71.92,2.0,4.829319592353603,25.73092744479738,4.829319592353603,25.73092744479738,2.8874732910206378,1.781911757059164,0.12557175917675603
1799.0,71.96000000000001,2.0,4.960024607572538,25.647319903754923,4.960024607572538,25.647319903754923,2.8623125069125512,1.957063465574206,0.12239809431165197
1800.0,72.0,2.0,5.090729344493414,25.562496723861873,5.090729344493414,25.562496723861873,2.8371920160840167,2.1277267408631872,0.11922442944654796
1801.0,72.04,2.0,5.221387571431724,25.476271490781215,5.221387571431724,25.476271490781215,2.812111818535033,2.2905458361951303,0.11616647680158505
1802.0,72.08,2.0,5.352045594421574,25.388745563430522,5.352045594421574,25.388745563430522,2.7870719142656006,2.4455380371327102,0.11336558045269651
1803.0,72.12,2.0,5.482643616375426,25.299963407344077,5.482643616375426,25.299963407344077,2.7620723032757195,2.592675660299828,0.11082228646332618
1804.0,72.16,2.0,5.613241624684269,25.209911909693137,5.613241624684269,25.209911909693137,2.73711298556539,2.731752316834217,0.1085394520114558
1805.0,72.2,2.0,5.74376637545282,25.118462365805257,5.74376637545282,25.118462365805257,2.712193961134611,2.862570417342509,0.10652907240426213
1806.0,72.24,2.0,5.874290715925668,25.02577322646432,5.874290715925668,25.02577322646432,2.687315229983384,2.984979307430797,0.10482442804500541
1807.0,72.28,2.0,6.004749543898537,24.931803494179004,6.004749543898537,24.931803494179004,2.662476792111707,3.098709870972957,0.10342355105896897
1808.0,72.32000000000001,2.0,6.135186748259118,24.836532952721164,6.135186748259118,24.836532952721164,2.6376786475195826,3.203421226567214,0.10234020750640847
1809.0,72.36,2.0,6.265578394825528,24.739898253747473,6.265578394825528,24.739898253747473,2.6129207962070087,3.2990727691085913,0.10161915906093892
1810.0,72.4,2.0,6.3959211593428345,24.64202466662406,6.3959211593428345,24.64202466662406,2.5882032381739863,3.3849003533153397,0.10117828932548632
1811.0,72.44,2.0,6.526242090490091,24.542868266619383,6.526242090490091,24.542868266619383,2.563525973420515,3.4603647431927542,0.10097835238725579
1812.0,72.48,2.0,6.656531068877719,24.442397544993334,6.656531068877719,24.442397544993334,2.538889001946595,3.5247236620704316,0.10094777758814674
1813.0,72.52,2.0,6.786726044695997,24.340718337550904,6.786726044695997,24.340718337550904,2.514292323752226,3.577537966611601,0.10094777758814674
1814.0,72.56,2.0,6.915658696750142,24.237831916848354,6.915658696750142,24.237831916848354,2.4897359388374083,3.6179715255158165,0.10094777758814674
1815.0,72.60000000000001,2.0,7.0444271277682,24.133739703161613,7.0444271277682,24.133739703161613,2.465219847202142,3.6460243387830777,0.10094777758814674
1816.0,72.64,2.0,7.17239127243451,24.028443264169223,7.17239127243451,24.028443264169223,2.440744048846427,3.6614387576923435,0.10094777758814674
1817.0,72.68,2.0,7.29954185571254,23.921944314614922,7.29954185571254,23.921944314614922,2.4163085437702634,3.664350105339394,0.10094777758814674
1818.0,72.72,2.0,7.425846390259743,23.814244715950142,7.425846390259743,23.814244715950142,2.39191333197365,3.664350105339394,0.10094777758814674
1819.0,72.76,2.0,7.551291937632189,23.705346475956137,7.551291937632189,23.705346475956137,2.367558413456589,3.664350105339394,0.10094777758814674
1820.0,72.8,2.0,7.675856943114342,23.595251748346147,7.675856943114342,23.595251748346147,2.3432437882190786,3.664350105339394,0.10094777758814674
1821.0,72.84,2.0,7.799540461056424,23.483962832347423,7.799540461056424,23.483962832347423,2.3189694562611196,3.664350105339394,0.10094777758814674
1822.0,72.88,2.0,7.92234155308892,23.371482172263214,7.92234155308892,23.371482172263214,2.2947354175827117,3.664350105339394,0.10094777758814674
1823.0,72.92,2.0,8.044259288130757,23.25781235701485,8.044259288130757,23.25781235701485,2.2705416721838554,3.664350105339394,0.10094777758814674
1824.0,72.96000000000001,2.0,8.165292742397424,23.142956119663953,8.165292742397424,23.142956119663953,2.2463882200645497,3.664350105339394,0.10094777758814674
1825.0,73.0,2.0,8.285440999409026,23.026916336914763,8.285440999409026,23.026916336914763,2.2222750612247957,3.664350105339394,0.10094777758814674
1826.0,73.04,2.0,8.40470314999828,22.90969602859682,8.40470314999828,22.90969602859682,2.1982021956645927,3.664350105339394,0.10094777758814674
1827.0,73.08,2.0,8.523078292318438,22.791298357127886,8.523078292318438,22.791298357127886,2.1741696233839414,3.664350105339394,0.10094777758814674
1828.0,73.12,2.0,8.64056553185118,22.671726626957337,8.64056553185118,22.671726626957337,2.1501773443828407,3.664350105339394,0.10094777758814674
1829.0,73.16,2.0,8.757163981414402,22.55098428399001,8.757163981414402,22.55098428399001,2.1262253586612916,3.664350105339394,0.10094777758814674
1830.0,73.2,2.0,8.872872761169976,22.42907491499064,8.872872761169976,22.42907491499064,2.102313666219293,3.664350105339394,0.10094777758814674
1831.0,73.24,2.0,8.98769099863143,22.306002246968916,8.98769099863143,22.306002246968916,2.0784422670568463,3.664350105339394,0.10094777758814674
1832.0,73.28,2.0,9.101617828671577,22.18177014654532,9.101617828671577,22.18177014654532,2.054611161173951,3.664350105339394,0.10094777758814674
1833.0,73.32000000000001,2.0,9.214652393530073,22.056382619297768,9.214652393530073,22.056382619297768,2.030820348570607,3.664350105339394,0.10094777758814674
1834.0,73.36,2.0,9.326793842820924,21.929843809089192,9.326793842820924,21.929843809089192,2.007069829246814,3.664350105339394,0.10094777758814674
1835.0,73.4,2.0,9.43804133353992,21.80215799737613,9.43804133353992,21.80215799737613,1.9833596032025715,3.664350105339394,0.10094777758814674
1836.0,73.44,2.0,9.548394030072004,21.67332960249844,9.548394030072004,21.67332960249844,1.959689670437881,3.664350105339394,0.10094777758814674
1837.0,73.48,2.0,9.657851104198603,21.54336317895023,9.657851104198603,21.54336317895023,1.9360600309527416,3.664350105339394,0.10094777758814674
1838.0,73.52,2.0,9.766411735104862,21.412263416632094,9.766411735104862,21.412263416632094,1.9124706847471535,3.664350105339394,0.10094777758814674
1839.0,73.56,2.0,9.87407510938685,21.280035140084824,9.87407510938685,21.280035140084824,1.8889216318211164,3.664350105339394,0.10094777758814674
1840.0,73.60000000000001,2.0,9.980840421058668,21.146683307704595,9.980840421058668,21.146683307704595,1.8654128721746308,3.664350105339394,0.10094777758814674
1841.0,73.64,2.0,10.086708982748025,21.012213010939835,10.086708982748025,21.012213010939835,1.841944405807696,3.664350105339394,0.10094777758814674
1842.0,73.68,2.0,10.191726926468107,20.876629473469855,10.191726926468107,20.876629473469855,1.818516232720313,3.664350105339394,0.10094777758814674
1843.0,73.72,2.0,10.295888738111023,20.739938050365343,10.295888738111023,20.739938050365343,1.7951283529124809,3.664350105339394,0.10094777758814674
1844.0,73.76,2.0,10.399188900058052,20.602144227230852,10.399188900058052,20.602144227230852,1.7717807663842,3.664350105339394,0.10094777758814674
1845.0,73.8,2.0,10.501621892362337,20.463253619329436,10.501621892362337,20.463253619329436,1.7484734731354703,3.664350105339394,0.10094777758814674
1846.0,73.84,2.0,10.603182193932327,20.32327197068947,10.603182193932327,20.32327197068947,1.7252064731662915,3.664350105339394,0.10094777758814674
1847.0,73.88,2.0,10.703864283715907,20.182205153193895,10.703864283715907,20.182205153193895,1.7019797664766645,3.664350105339394,0.10094777758814674
1848.0,73.92,2.0,10.803662641885179,20.040059165651925,10.803662641885179,20.040059165651925,1.6787933530665886,3.664350105339394,0.10094777758814674
1849.0,73.96000000000001,2.0,10.902571751021734,19.89684013285338,10.902571751021734,19.89684013285338,1.655647232936064,3.664350105339394,0.10094777758814674
1850.0,74.0,2.0,11.000620697748028,19.752554304605805,11.000620697748028,19.752554304605805,1.6325414060850905,3.664350105339394,0.10094777758814674
1851.0,74.04,2.0,11.097831042588092,19.60720805475445,11.097831042588092,19.60720805475445,1.6094758725136682,3.664350105339394,0.10094777758814674
1852.0,74.08,2.0,11.194212080599081,19.460807880185317,11.194212080599081,19.460807880185317,1.586450632221797,3.664350105339394,0.10094777758814674
1853.0,74.12,2.0,11.289771926746557,19.313360399811348,11.289771926746557,19.313360399811348,1.5634656852094773,3.664350105339394,0.10094777758814674
1854.0,74.16,2.0,11.384535908123624,19.16487235354197,11.384535908123624,19.16487235354197,1.5405210314767086,3.664350105339394,0.10094777758814674
1855.0,74.2,2.0,11.478517959442327,19.015350601236072,11.478517959442327,19.015350601236072,1.517616671023491,3.664350105339394,0.10094777758814674
1856.0,74.24,2.0,11.57167902817144,18.864802121638608,11.57167902817144,18.864802121638608,1.4947526038498253,3.664350105339394,0.10094777758814674
1857.0,74.28,2.0,11.664037061851646,18.713234011300948,11.664037061851646,18.713234011300948,1.47192882995571,3.664350105339394,0.10094777758814674
1858.0,74.32000000000001,2.0,11.75561003020304,18.560653483485165,11.75561003020304,18.560653483485165,1.4491453493411464,3.664350105339394,0.10094777758814674
1859.0,74.36,2.0,11.846415927957105,18.40706786705236,11.846415927957105,18.40706786705236,1.4264021620061342,3.664350105339394,0.10094777758814674
1860.0,74.4,2.0,11.936472777690588,18.25248460533523,11.936472777690588,18.25248460533523,1.4040300536912393,3.664350105339394,0.10094777758814674
1861.0,74.44,2.0,12.025796521472301,18.096911254995025,12.025796521472301,18.096911254995025,1.3824538933221338,3.664350105339394,0.10094777758814674
1862.0,74.48,2.0,12.114358322934383,17.940355484863034,12.114358322934383,17.940355484863034,1.361671606281553,3.664350105339394,0.10094777758814674
1863.0,74.52,2.0,12.202181035622308,17.78282507476676,12.202181035622308,17.78282507476676,1.3424958891165242,3.664350105339394,0.10094777758814674
1864.0,74.56,2.0,12.289287563227893,17.624327914341034,12.289287563227893,17.624327914341034,1.3249255542669287,3.664350105339394,0.10094777758814674
1865.0,74.60000000000001,2.0,12.375700861249111,17.464872001824077,12.375700861249111,17.464872001824077,1.308959414172646,3.664350105339394,0.10094777758814674
1866.0,74.64,2.0,12.461443938647957,17.304465442838858,12.461443938647957,17.304465442838858,1.2945962812735574,3.664350105339394,0.10094777758814674
1867.0,74.68,2.0,12.54651204188307,17.14311644915977,12.54651204188307,17.14311644915977,1.2811143317715517,3.664350105339394,0.10094777758814674
1868.0,74.72,2.0,12.630452839528521,16.980833337464883,12.630452839528521,16.980833337464883,1.2685124862825696,3.664350105339394,0.10094777758814674
1869.0,74.76,2.0,12.713190816125756,16.81762452807395,12.713190816125756,16.81762452807395,1.2567520736067546,3.664350105339394,0.10094777758814674
1870.0,74.8,2.0,12.794695921209003,16.65349854367227,12.794695921209003,16.65349854367227,1.2458459999646367,3.664350105339394,0.10094777758814674
1871.0,74.84,2.0,12.874957739820724,16.488464008020678,12.874957739820724,16.488464008020678,1.235844940536451,3.664350105339394,0.10094777758814674
1872.0,74.88,2.0,12.95397153707268,16.322529644651798,12.95397153707268,16.322529644651798,1.226787537584963,3.664350105339394,0.10094777758814674
1873.0,74.92,2.0,13.031737375006477,16.15570427555273,13.031737375006477,16.15570427555273,1.2186707703241308,3.664350105339394,0.10094777758814674
1874.0,74.96000000000001,2.0,13.10823842660767,15.987996819834388,13.10823842660767,15.987996819834388,1.2116197445925259,3.664350105339394,0.10094777758814674
1875.0,75.0,2.0,13.18348763903984,15.819416292387658,13.18348763903984,15.819416292387658,1.2056317863825052,3.664350105339394,0.10094777758814674
1876.0,75.04,2.0,13.257519427637225,15.64997180252658,13.257519427637225,15.64997180252658,1.2008469483962487,3.664350105339394,0.10094777758814674
1877.0,75.08,2.0,13.330343980027733,15.479672552618705,13.330343980027733,15.479672552618705,1.1973592490514733,3.664350105339394,0.10094777758814674
1878.0,75.12,2.0,13.401942789783607,15.308527836702886,13.401942789783607,15.308527836702886,1.195239773230348,3.664350105339394,0.10094777758814674
1879.0,75.16,2.0,13.472327501371502,15.13654703909463,13.472327501371502,15.13654703909463,1.1937302157559104,3.664350105339394,0.10094777758814674
1880.0,75.2,2.0,13.541463165137653,14.963844344244377,13.541463165137653,14.963844344244377,1.192917839459796,3.664350105339394,0.10094777758814674
1881.0,75.24,2.0,13.609358152205473,14.790424301649335,13.609358152205473,14.790424301649335,1.192804553625871,3.664350105339394,0.10094777758814674
1882.0,75.28,2.0,13.6760027287125,14.616437108182263,13.6760027287125,14.616437108182263,1.1931689628225186,3.664350105339394,0.10094777758814674
1883.0,75.32000000000001,2.0,13.741335306561346,14.441719833828383,13.741335306561346,14.441719833828383,1.1936396098082185,3.664350105339394,0.10094777758814674
1884.0,75.36,2.0,13.805356550178216,14.266358585749737,13.805356550178216,14.266358585749737,1.194206010152577,3.664350105339394,0.10094777758814674
1885.0,75.4,2.0,13.868017694114792,14.090342677970886,13.868017694114792,14.090342677970886,1.1948553983973278,3.664350105339394,0.10094777758814674
1886.0,75.44,2.0,13.929290572098868,13.913601983900064,13.929290572098868,13.913601983900064,1.1956018801796795,3.664350105339394,0.10094777758814674
1887.0,75.48,2.0,13.989160288790368,13.736385457196494,13.989160288790368,13.736385457196494,1.1968230268200792,3.664350105339394,0.10094777758814674
1888.0,75.52,2.0,14.047592152288782,13.558451953906172,14.047592152288782,13.558451953906172,1.198740208927473,3.664350105339394,0.10094777758814674
1889.0,75.56,2.0,14.104540143958035,13.379972499775052,14.104540143958035,13.379972499775052,1.2013914894591038,3.664350105339394,0.10094777758814674
1890.0,75.60000000000001,2.0,14.159972278241103,13.20085908999573,14.159972278241103,13.20085908999573,1.204789161862184,3.664350105339394,0.10094777758814674
1891.0,75.64,2.0,14.21384504170092,13.021059189148463,14.21384504170092,13.021059189148463,1.2086976099786528,3.664350105339394,0.10094777758814674
1892.0,75.68,2.0,14.266122096166434,12.840828618753628,14.266122096166434,12.840828618753628,1.212646351374673,3.664350105339394,0.10094777758814674
1893.0,75.72,2.0,14.316764084758825,12.659944141622486,14.316764084758825,12.659944141622486,1.2166353860502443,3.664350105339394,0.10094777758814674
1894.0,75.76,2.0,14.365731933842616,12.478614784718458,14.365731933842616,12.478614784718458,1.2206647140053666,3.664350105339394,0.10094777758814674
1895.0,75.8,2.0,14.412968802405652,12.29662469792652,14.412968802405652,12.29662469792652,1.2247343352400404,3.664350105339394,0.10094777758814674
1896.0,75.84,2.0,14.458449990954055,12.114036281212117,14.458449990954055,12.114036281212117,1.2288442497542653,3.664350105339394,0.10094777758814674
1897.0,75.88,2.0,14.502118658018231,11.931015982087896,14.502118658018231,11.931015982087896,1.2329944575480416,3.664350105339394,0.10094777758814674
1898.0,75.92,2.0,14.543947272256599,11.747454649248892,14.543947272256599,11.747454649248892,1.237184958621369,3.664350105339394,0.10094777758814674
1899.0,75.96000000000001,2.0,14.583878772451962,11.563437904243248,14.583878772451962,11.563437904243248,1.2414157529742476,3.664350105339394,0.10094777758814674
1900.0,76.0,2.0,14.621903317386373,11.378914804361939,14.621903317386373,11.378914804361939,1.2456868406066774,3.664350105339394,0.10094777758814674
1901.0,76.04,2.0,14.65796837571651,11.193812550334018,14.65796837571651,11.193812550334018,1.2499982215186587,3.664350105339394,0.10094777758814674
1902.0,76.08,2.0,14.692040156422147,11.008234890790389,14.692040156422147,11.008234890790389,1.254349895710191,3.664350105339394,0.10094777758814674
1903.0,76.12,2.0,14.724137362652419,10.8222673864812,14.724137362652419,10.8222673864812,1.2587418631812746,3.664350105339394,0.10094777758814674
1904.0,76.16,2.0,14.754217089475873,10.635784451396038,14.754217089475873,10.635784451396038,1.2631741239319092,3.664350105339394,0.10094777758814674
1905.0,76.2,2.0,14.782286510697869,10.44898551656643,14.782286510697869,10.44898551656643,1.2676466779620952,3.664350105339394,0.10094777758814674
1906.0,76.24,2.0,14.808332854139547,10.261849309351284,14.808332854139547,10.261849309351284,1.2721595252718323,3.664350105339394,0.10094777758814674
1907.0,76.28,2.0,14.832358551743825,10.07471310213614,14.832358551743825,10.07471310213614,1.2767126658611208,3.664350105339394,0.10094777758814674
1908.0,76.32000000000001,2.0,14.854366303118697,9.887576894920995,14.854366303118697,9.887576894920995,1.2813060997299603,3.664350105339394,0.10094777758814674
1909.0,76.36,2.0,14.874359075075802,9.700440687705852,14.874359075075802,9.700440687705852,1.2859398268783515,3.664350105339394,0.10094777758814674
1910.0,76.4,2.0,14.89234010113191,9.513304480490708,14.89234010113191,9.513304480490708,1.2906138473062936,3.664350105339394,0.10094777758814674
1911.0,76.44,2.0,14.908312880973371,9.326168273275563,14.908312880973371,9.326168273275563,1.2953281610137868,3.664350105339394,0.10094777758814674
1912.0,76.48,2.0,14.92228117988364,9.13903206606042,14.92228117988364,9.13903206606042,1.3000827680008313,3.664350105339394,0.10094777758814674
1913.0,76.52,2.0,14.934249028133914,8.95193827293683,14.934249028133914,8.95193827293683,1.3048776682674272,3.664350105339394,0.10094777758814674
1914.0,76.56,2.0,14.944220720336986,8.765560325113496,14.944220720336986,8.765560325113496,1.3097128618135743,3.664350105339394,0.10094777758814674
1915.0,76.60000000000001,2.0,14.952200814764433,8.57990919677433,14.952200814764433,8.57990919677433,1.3145883486392724,3.664350105339394,0.10094777758814674
1916.0,76.64,2.0,14.95819413262719,8.394995769488741,14.95819413262719,8.394995769488741,1.319504128744522,3.664350105339394,0.10094777758814674
1917.0,76.68,2.0,14.962205757319643,8.210830830830902,14.962205757319643,8.210830830830902,1.3244602021293226,3.664350105339394,0.10094777758814674
1918.0,76.72,2.0,14.964241033627339,8.027425073012058,14.964241033627339,8.027425073012058,1.3294565687936744,3.664350105339394,0.10094777758814674
1919.0,76.76,2.0,14.964305566898403,7.844789091525974,14.964305566898403,7.844789091525974,1.334493228737578,3.664350105339394,0.10094777758814674
1920.0,76.8,2.0,14.962405222178846,7.66293338380778,14.962405222178846,7.66293338380778,1.339570181961032,3.664350105339394,0.10094777758814674
1921.0,76.84,2.0,14.958546123311777,7.481868347906361,14.958546123311777,7.481868347906361,1.3446874284640375,3.664350105339394,0.10094777758814674
1922.0,76.88,2.0,14.952734652000762,7.301604281170494,14.952734652000762,7.301604281170494,1.3498449682465943,3.664350105339394,0.10094777758814674
1923.0,76.92,2.0,14.944977446837372,7.122151378948896,14.944977446837372,7.122151378948896,1.3550428013087024,3.664350105339394,0.10094777758814674
1924.0,76.96000000000001,2.0,14.935281402293118,6.943519733304381,14.935281402293118,6.943519733304381,1.3602809276503616,3.664350105339394,0.10094777758814674
1925.0,77.0,2.0,14.923653667675872,6.765719331742292,14.923653667675872,6.765719331742292,1.3655593472715721,3.664350105339394,0.10094777758814674
1926.0,77.04,2.0,14.910101646050942,6.588760055953379,14.910101646050942,6.588760055953379,1.3708780601723338,3.664350105339394,0.10094777758814674
1927.0,77.08,2.0,14.894632993126951,6.412651680571323,14.894632993126951,6.412651680571323,1.3762370663526466,3.664350105339394,0.10094777758814674
1928.0,77.12,2.0,14.877255616106687,6.237403871945035,14.877255616106687,6.237403871945035,1.3816363658125108,3.664350105339394,0.10094777758814674
1929.0,77.16,2.0,14.85797767250305,6.063026186925938,14.85797767250305,6.063026186925938,1.3870759585519263,3.664350105339394,0.10094777758814674
1930.0,77.2,2.0,14.836807568920296,5.889528071670383,14.836807568920296,5.889528071670383,1.392555844570893,3.664350105339394,0.10094777758814674
1931.0,77.24,2.0,14.813753959800744,5.71691886045736,14.813753959800744,5.71691886045736,1.3980760238694108,3.664350105339394,0.10094777758814674
1932.0,77.28,2.0,14.788825746137118,5.545207774521681,14.788825746137118,5.545207774521681,1.4036364964474801,3.664350105339394,0.10094777758814674
1933.0,77.32000000000001,2.0,14.76203207415069,5.374403920902772,14.76203207415069,5.374403920902772,1.4092372623051004,3.664350105339394,0.10094777758814674
1934.0,77.36,2.0,14.733382333935433,5.204516291309271,14.733382333935433,5.204516291309271,1.414878321442272,3.664350105339394,0.10094777758814674
1935.0,77.4,2.0,14.702886158068369,5.035553760999546,14.702886158068369,5.035553760999546,1.4205596738589945,3.664350105339394,0.10094777758814674
1936.0,77.44,2.0,14.670553420186293,4.867525087678319,14.670553420186293,4.867525087678319,1.4262813195552684,3.664350105339394,0.10094777758814674
1937.0,77.48,2.0,14.636394233529089,4.700438910409534,14.636394233529089,4.700438910409534,1.4320432585310936,3.664350105339394,0.10094777758814674
1938.0,77.52,2.0,14.600418949449836,4.534303748545612,14.600418949449836,4.534303748545612,1.43784549078647,3.664350105339394,0.10094777758814674
1939.0,77.56,2.0,14.56263815589191,4.369128000673269,14.56263815589191,4.369128000673269,1.4436880163213976,3.664350105339394,0.10094777758814674
1940.0,77.60000000000001,2.0,14.523062675833291,4.204919943576009,14.523062675833291,4.204919943576009,1.4495708351358765,3.664350105339394,0.10094777758814674
1941.0,77.64,2.0,14.481703565698323,4.041687731213446,14.481703565698323,4.041687731213446,1.4554939472299067,3.664350105339394,0.10094777758814674
1942.0,77.68,2.0,14.43857211373712,3.879439393717615,14.43857211373712,3.879439393717615,1.461457352603488,3.664350105339394,0.10094777758814674
1943.0,77.72,2.0,14.393679838372817,3.718182836406376,14.393679838372817,3.718182836406376,1.4674610512566204,3.664350105339394,0.10094777758814674
1944.0,77.76,2.0,14.347038486516999,3.5579258388140786,14.347038486516999,3.5579258388140786,1.4735050431893042,3.664350105339394,0.10094777758814674
1945.0,77.8,2.0,14.298660031853432,3.3986760537395977,14.298660031853432,3.3986760537395977,1.4795893284015391,3.664350105339394,0.10094777758814674
1946.0,77.84,2.0,14.24855667309038,3.240441006311883,14.24855667309038,3.240441006311883,1.4857139068933252,3.664350105339394,0.10094777758814674
1947.0,77.88,2.0,14.196740832181806,3.0832280930731537,14.196740832181806,3.0832280930731537,1.4918787786646628,3.664350105339394,0.10094777758814674
1948.0,77.92,2.0,14.14322515251759,2.9270445810798496,14.14322515251759,2.9270445810798496,1.4980839437155515,3.664350105339394,0.10094777758814674
1949.0,77.96000000000001,2.0,14.088022497083141,2.7718976070214767,14.088022497083141,2.7718976070214767,1.5043294020459914,3.664350105339394,0.10094777758814674
1950.0,78.0,2.0,14.031145946588568,2.6177941763574673,14.031145946588568,2.6177941763574673,1.5106151536559824,3.664350105339394,0.10094777758814674
1951.0,78.04,2.0,13.97260879756773,2.4647411624721594,13.97260879756773,2.4647411624721594,1.516941198545525,3.664350105339394,0.10094777758814674
1952.0,78.08,2.0,13.912424560447409,2.312745305848032,13.912424560447409,2.312745305848032,1.5233075367146185,3.664350105339394,0.10094777758814674
1953.0,78.12,2.0,13.850606957586859,2.1618132132572914,13.850606957586859,2.1618132132572914,1.5297141681632633,3.664350105339394,0.10094777758814674
1954.0,78.16,2.0,13.787169921288035,2.0119513569719305,13.787169921288035,2.0119513569719305,1.5361610928914595,3.664350105339394,0.10094777758814674
1955.0,78.2,2.0,13.722127591776792,1.863166073992368,13.722127591776792,1.863166073992368,1.5426483108992066,3.664350105339394,0.10094777758814674
1956.0,78.24,2.0,13.655494315155277,1.715463565294769,13.655494315155277,1.715463565294769,1.5491758221865053,3.664350105339394,0.10094777758814674
1957.0,78.28,2.0,13.58728464132586,1.5688498950971534,13.58728464132586,1.5688498950971534,1.5557436267533549,3.664350105339394,0.10094777758814674
1958.0,78.32000000000001,2.0,13.51751332188688,1.423330990144392,13.51751332188688,1.423330990144392,1.5623517245997556,3.664350105339394,0.10094777758814674
1959.0,78.36,2.0,13.44619530800047,1.2789126390121908,13.44619530800047,1.2789126390121908,1.5690001157257079,3.664350105339394,0.10094777758814674
1960.0,78.4,2.0,13.373345748232817,1.1356004914301538,13.373345748232817,1.1356004914301538,1.5756888001312113,3.664350105339394,0.10094777758814674
1961.0,78.44,2.0,13.29897998636709,0.9934000576240205,13.29897998636709,0.9934000576240205,1.5824177778162658,3.664350105339394,0.10094777758814674
1962.0,78.48,2.0,13.223113559189416,0.8523167076771672,13.223113559189416,0.8523167076771672,1.5891870487808715,3.664350105339394,0.10094777758814674
1963.0,78.52,2.0,13.14576219424814,0.71235567091146,13.14576219424814,0.71235567091146,1.5959966130250285,3.664350105339394,0.10094777758814674
1964.0,78.56,2.0,13.066941807586751,0.5735220352875428,13.066941807586751,0.5735220352875428,1.6028464705487366,3.664350105339394,0.10094777758814674
1965.0,78.60000000000001,2.0,12.987269861684162,0.43582074682464284,12.987269861684162,0.43582074682464284,1.6097366213519964,3.664350105339394,0.10094777758814674
1966.0,78.64,2.0,12.906750240140132,0.2992566090399737,12.906750240140132,0.2992566090399737,1.616667065434807,3.664350105339394,0.10094777758814674
1967.0,78.68,2.0,12.825386960509498,0.16383428240781095,12.825386960509498,0.16383428240781095,1.623637802797169,3.664350105339394,0.10094777758814674
1968.0,78.72,2.0,12.743184173611736,0.029558283838314832,12.743184173611736,0.029558283838314832,1.630648833439082,3.664350105339394,0.10094777758814674
1969.0,78.76,2.0,12.660146162821752,-0.10356701382382923,12.660146162821752,-0.10356701382382923,1.6377001573605467,3.664350105339394,0.10094777758814674
1970.0,78.8,2.0,12.576277343341932,-0.235537382280884,12.576277343341932,-0.235537382280884,1.6447917745615623,3.664350105339394,0.10094777758814674
1971.0,78.84,2.0,12.491582261455584,-0.3663487382435826,12.491582261455584,-0.3663487382435826,1.651923685042129,3.664350105339394,0.10094777758814674
1972.0,78.88,2.0,12.406065593761875,-0.4959971438726366,12.406065593761875,-0.4959971438726366,1.6590958888022473,3.664350105339394,0.10094777758814674
1973.0,78.92,2.0,12.319732146392365,-0.6244788072001697,12.319732146392365,-0.6244788072001697,1.6663083858419163,3.664350105339394,0.10094777758814674
1974.0,78.96000000000001,2.0,12.232586854209258,-0.7517900825310214,12.232586854209258,-0.7517900825310214,1.6735611761611369,3.664350105339394,0.10094777758814674
1975.0,79.0,2.0,12.144634779985463,-0.8779274708238654,12.144634779985463,-0.8779274708238654,1.6808542597599085,3.664350105339394,0.10094777758814674
1976.0,79.04,2.0,12.055881113566624,-1.0028876200520902,12.055881113566624,-1.0028876200520902,1.6881876366382316,3.664350105339394,0.10094777758814674
1977.0,79.08,2.0,11.966331171015199,-1.1266673255443966,11.966331171015199,-1.1266673255443966,1.6955613067961057,3.664350105339394,0.10094777758814674
1978.0,79.12,2.0,11.875990393736695,-1.2492635303050632,11.875990393736695,-1.2492635303050632,1.7029752702335312,3.664350105339394,0.10094777758814674
1979.0,79.16,2.0,11.784864347588268,-1.3706733253138368,11.784864347588268,-1.3706733253138368,1.7104295269505077,3.664350105339394,0.10094777758814674
1980.0,79.2,2.0,11.692958721969681,-1.4908939498054126,11.692958721969681,-1.4908939498054126,1.7179240769470356,3.664350105339394,0.10094777758814674
1981.0,79.24,2.0,11.600279328896898,-1.6099227915284582,11.600279328896898,-1.6099227915284582,1.7254589202231148,3.664350105339394,0.10094777758814674
1982.0,79.28,2.0,11.506832102058306,-1.727757386984158,11.506832102058306,-1.727757386984158,1.733034056778745,3.664350105339394,0.10094777758814674
1983.0,79.32000000000001,2.0,11.412623095853807,-1.844395421644234,11.412623095853807,-1.844395421644234,1.7406494866139266,3.664350105339394,0.10094777758814674
1984.0,79.36,2.0,11.317658484416858,-1.9598347301484267,11.317658484416858,-1.9598347301484267,1.7483052097286595,3.664350105339394,0.10094777758814674
1985.0,79.4,2.0,11.22194456061959,-2.0740732964814006,11.22194456061959,-2.0740732964814006,1.7560012261229434,3.664350105339394,0.10094777758814674
1986.0,79.44,2.0,11.125487735061215,-2.1871092541290578,11.125487735061215,-2.1871092541290578,1.7637375357967784,3.664350105339394,0.10094777758814674
1987.0,79.48,2.0,11.028294535039754,-2.2989408862142335,11.028294535039754,-2.2989408862142335,1.7715141387501652,3.664350105339394,0.10094777758814674
1988.0,79.52,2.0,10.93037160350736,-2.4095666256117654,10.93037160350736,-2.4095666256117654,1.7792907417035515,3.664350105339394,0.10094777758814674
1989.0,79.56,2.0,10.831725698009276,-2.5189850550429114,10.831725698009276,-2.5189850550429114,1.787067344656938,3.664350105339394,0.10094777758814674
1990.0,79.60000000000001,2.0,10.732363689606615,-2.6271949071491107,10.732363689606615,-2.6271949071491107,1.7948439476103246,3.664350105339394,0.10094777758814674
1991.0,79.64,2.0,10.63229256178316,-2.734195064545085,10.63229256178316,-2.734195064545085,1.8026205505637107,3.664350105339394,0.10094777758814674
1992.0,79.68,2.0,10.531519409336262,-2.8399845598512585,10.531519409336262,-2.8399845598512585,1.8103971535170975,3.664350105339394,0.10094777758814674
1993.0,79.72,2.0,10.430051437252033,-2.9445625757055094,10.430051437252033,-2.9445625757055094,1.8181737564704838,3.664350105339394,0.10094777758814674
1994.0,79.76,2.0,10.327895959565,-3.047928444754248,10.327895959565,-3.047928444754248,1.8259503594238702,3.664350105339394,0.10094777758814674
1995.0,79.8,2.0,10.225060398202364,-3.1500816496228152,10.225060398202364,-3.1500816496228152,1.8337269623772567,3.664350105339394,0.10094777758814674
1996.0,79.84,2.0,10.121552281813031,-3.251021822865228,10.121552281813031,-3.251021822865228,1.841503565330643,3.664350105339394,0.10094777758814674
1997.0,79.88,2.0,10.01737924458158,-3.3507487468932546,10.01737924458158,-3.3507487468932546,1.8492801682840294,3.664350105339394,0.10094777758814674
1998.0,79.92,2.0,9.912549025027342,-3.4492623538848557,9.912549025027342,-3.4492623538848557,1.857056771237416,3.664350105339394,0.10094777758814674
1999.0,79.96000000000001,2.0,9.807069464788755,-3.5465627256719863,9.807069464788755,-3.5465627256719863,1.8648333741908025,3.664350105339394,0.10094777758814674
2000.0,80.0,2.0,9.700948507393159,-3.642650093607788,9.700948507393159,-3.642650093607788,1.8726099771441889,3.664350105339394,0.10094777758814674
2001.0,80.04,2.0,9.59419419701222,-3.7375248384131905,9.59419419701222,-3.7375248384131905,1.8803865800975754,3.664350105339394,0.10094777758814674
2002.0,80.08,2.0,9.486814677203146,-3.8311874900029372,9.486814677203146,-3.8311874900029372,1.8881631830509618,3.664350105339394,0.10094777758814674
2003.0,80.12,2.0,9.378818189635878,-3.9231354950635455,9.378818189635878,-3.9231354950635455,1.895939786004348,3.664350105339394,0.10094777758814674
2004.0,80.16,2.0,9.27021307280644,-4.013361757116537,9.27021307280644,-4.013361757116537,1.9037163889577347,3.664350105339394,0.10094777758814674
2005.0,80.2,2.0,9.161007760736615,-4.101859436089287,9.161007760736615,-4.101859436089287,1.9114929919111212,3.664350105339394,0.10094777758814674
2006.0,80.24,2.0,9.051210781660142,-4.188621949189346,9.051210781660142,-4.188621949189346,1.9192695948645078,3.664350105339394,0.10094777758814674
2007.0,80.28,2.0,8.940830756695625,-4.273642971742625,8.940830756695625,-4.273642971742625,1.9270461978178939,3.664350105339394,0.10094777758814674
2008.0,80.32000000000001,2.0,8.829876398506322,-4.356916437995321,8.829876398506322,-4.356916437995321,1.9348228007712804,3.664350105339394,0.10094777758814674
2009.0,80.36,2.0,8.718356509947025,-4.438436541879499,8.718356509947025,-4.438436541879499,1.9425994037246668,3.664350105339394,0.10094777758814674
2010.0,80.4,2.0,8.6062799826982,-4.518197737742189,8.6062799826982,-4.518197737742189,1.9503760066780536,3.664350105339394,0.10094777758814674
2011.0,80.44,2.0,8.493655795887598,-4.5961947410379205,8.493655795887598,-4.5961947410379205,1.9581526096314397,3.664350105339394,0.10094777758814674
2012.0,80.48,2.0,8.38049301469951,-4.672422528984604,8.38049301469951,-4.672422528984604,1.9659292125848264,3.664350105339394,0.10094777758814674
2013.0,80.52,2.0,8.266800788971917,-4.746876341182637,8.266800788971917,-4.746876341182637,1.9737058155382126,3.664350105339394,0.10094777758814674
2014.0,80.56,2.0,8.152588351781619,-4.81955168019719,8.152588351781619,-4.81955168019719,1.9814824184915991,3.664350105339394,0.10094777758814674
2015.0,80.60000000000001,2.0,8.038375914591324,-4.890444312103565,8.038375914591324,-4.890444312103565,1.9892590214449857,3.664350105339394,0.10094777758814674
2016.0,80.64,2.0,7.924163477401028,-4.959550266995555,7.924163477401028,-4.959550266995555,1.997035624398372,3.664350105339394,0.10094777758814674
2017.0,80.68,2.0,7.809951040210732,-5.026865839456753,7.809951040210732,-5.026865839456753,2.0048122273517586,3.664350105339394,0.10094777758814674
2018.0,80.72,2.0,7.695738603020436,-5.092387588994716,7.695738603020436,-5.092387588994716,2.0125888303051447,3.664350105339394,0.10094777758814674
2019.0,80.76,2.0,7.581526165830138,-5.156112340437948,7.581526165830138,-5.156112340437948,2.0203654332585312,3.664350105339394,0.10094777758814674
2020.0,80.8,2.0,7.467313728639843,-5.2180371842956506,7.467313728639843,-5.2180371842956506,2.028142036211918,3.664350105339394,0.10094777758814674
2021.0,80.84,2.0,7.353101291449547,-5.278159477080159,7.353101291449547,-5.278159477080159,2.035918639165304,3.664350105339394,0.10094777758814674
2022.0,80.88,2.0,7.238888854259252,-5.336476841592061,7.238888854259252,-5.336476841592061,2.0436952421186905,3.664350105339394,0.10094777758814674
2023.0,80.92,2.0,7.124676417068955,-5.39298716716794,7.124676417068955,-5.39298716716794,2.051471845072077,3.664350105339394,0.10094777758814674
2024.0,80.96000000000001,2.0,7.010463979878659,-5.447688609890699,7.010463979878659,-5.447688609890699,2.059248448025463,3.664350105339394,0.10094777758814674
2025.0,81.0,2.0,6.896251542688363,-5.500579592762463,6.896251542688363,-5.500579592762463,2.0670250509788497,3.664350105339394,0.10094777758814674
2026.0,81.04,2.0,6.782039105498066,-5.551658805840018,6.782039105498066,-5.551658805840018,2.0748016539322363,3.664350105339394,0.10094777758814674
2027.0,81.08,2.0,6.66782666830777,-5.600925206332763,6.66782666830777,-5.600925206332763,2.082578256885623,3.664350105339394,0.10094777758814674
2028.0,81.12,2.0,6.553614231117475,-5.648378018663189,6.553614231117475,-5.648378018663189,2.090354859839009,3.664350105339394,0.10094777758814674
2029.0,81.16,2.0,6.439401793927178,-5.6940167344898605,6.439401793927178,-5.6940167344898605,2.0981314627923955,3.664350105339394,0.10094777758814674
2030.0,81.2,2.0,6.3251893567368835,-5.73784111269288,6.3251893567368835,-5.73784111269288,2.105908065745782,3.664350105339394,0.10094777758814674
2031.0,81.24,2.0,6.210976919546586,-5.779851179321883,6.210976919546586,-5.779851179321883,2.113684668699168,3.664350105339394,0.10094777758814674
2032.0,81.28,2.0,6.09676448235629,-5.820047227506531,6.09676448235629,-5.820047227506531,2.1214612716525547,3.664350105339394,0.10094777758814674
2033.0,81.32000000000001,2.0,5.982552045165995,-5.858429817329532,5.982552045165995,-5.858429817329532,2.1292378746059413,3.664350105339394,0.10094777758814674
2034.0,81.36,2.0,5.868339607975698,-5.8949997756622174,5.868339607975698,-5.8949997756622174,2.1370144775593274,3.664350105339394,0.10094777758814674
2035.0,81.4,2.0,5.754127170785401,-5.9297581959626795,5.754127170785401,-5.9297581959626795,2.144791080512714,3.664350105339394,0.10094777758814674
2036.0,81.44,2.0,5.639914733595106,-5.962706438036511,5.639914733595106,-5.962706438036511,2.1525676834661005,3.664350105339394,0.10094777758814674
2037.0,81.48,2.0,5.52570229640481,-5.993846127760177,5.52570229640481,-5.993846127760177,2.1603442864194866,3.664350105339394,0.10094777758814674
2038.0,81.52,2.0,5.411489859214515,-6.023179156767074,5.411489859214515,-6.023179156767074,2.168120889372873,3.664350105339394,0.10094777758814674
2039.0,81.56,2.0,5.297277422024218,-6.050707682096291,5.297277422024218,-6.050707682096291,2.1758974923262593,3.664350105339394,0.10094777758814674
2040.0,81.60000000000001,2.0,5.183064984833922,-6.076434125804141,5.183064984833922,-6.076434125804141,2.183674095279646,3.664350105339394,0.10094777758814674
2041.0,81.64,2.0,5.068852547643626,-6.100361174538537,5.068852547643626,-6.100361174538537,2.1914506982330324,3.664350105339394,0.10094777758814674
2042.0,81.68,2.0,4.9546401104533295,-6.122491779076231,4.9546401104533295,-6.122491779076231,2.1992273011864185,3.664350105339394,0.10094777758814674
2043.0,81.72,2.0,4.840427673263033,-6.1428291538230155,4.840427673263033,-6.1428291538230155,2.207003904139805,3.664350105339394,0.10094777758814674
2044.0,81.76,2.0,4.726215236072737,-6.161376776276942,4.726215236072737,-6.161376776276942,2.2147805070931916,3.664350105339394,0.10094777758814674
2045.0,81.8,2.0,4.6120027988824415,-6.178138386454651,4.6120027988824415,-6.178138386454651,2.2225571100465777,3.664350105339394,0.10094777758814674
2046.0,81.84,2.0,4.497790361692145,-6.1931179862808605,4.497790361692145,-6.1931179862808605,2.2303337129999643,3.664350105339394,0.10094777758814674
2047.0,81.88,2.0,4.383577924501849,-6.2063198389411385,4.383577924501849,-6.2063198389411385,2.238110315953351,3.664350105339394,0.10094777758814674
2048.0,81.92,2.0,4.2693654873115525,-6.217748468198026,4.2693654873115525,-6.217748468198026,2.245886918906737,3.664350105339394,0.10094777758814674
2049.0,81.96000000000001,2.0,4.155153050121257,-6.227408657670615,4.155153050121257,-6.227408657670615,2.2536635218601235,3.664350105339394,0.10094777758814674
2050.0,82.0,2.0,4.04094061293096,-6.235305450077682,4.04094061293096,-6.235305450077682,2.26144012481351,3.664350105339394,0.10094777758814674
2051.0,82.04,2.0,3.926728175740665,-6.2414441464444925,3.926728175740665,-6.2414441464444925,2.269216727766896,3.664350105339394,0.10094777758814674
2052.0,82.08,2.0,3.8125157385503687,-6.245830305273366,3.8125157385503687,-6.245830305273366,2.2769933307202828,3.664350105339394,0.10094777758814674
2053.0,82.12,2.0,3.6983033013600726,-6.248469741678147,3.6983033013600726,-6.248469741678147,2.2847699336736693,3.664350105339394,0.10094777758814674
2054.0,82.16,2.0,3.5840908641697764,-6.249368526482681,3.5840908641697764,-6.249368526482681,2.2925465366270554,3.664350105339394,0.10094777758814674
2055.0,82.2,2.0,3.46987842697948,-6.24853298528344,3.46987842697948,-6.24853298528344,2.300323139580442,3.664350105339394,0.10094777758814674
2056.0,82.24,2.0,3.3556659897891845,-6.245969697476416,3.3556659897891845,-6.245969697476416,2.308099742533828,3.664350105339394,0.10094777758814674
2057.0,82.28,2.0,3.2414535525988883,-6.241685495248422,3.2414535525988883,-6.241685495248422,2.3158763454872147,3.664350105339394,0.10094777758814674
2058.0,82.32000000000001,2.0,3.127241115408592,-6.235687462532957,3.127241115408592,-6.235687462532957,2.323652948440601,3.664350105339394,0.10094777758814674
2059.0,82.36,2.0,3.0130286782182956,-6.227982933930756,3.0130286782182956,-6.227982933930756,2.3314295513939873,3.664350105339394,0.10094777758814674
2060.0,82.4,2.0,2.898816241028,-6.218579493595206,2.898816241028,-6.218579493595206,2.339206154347374,3.664350105339394,0.10094777758814674
2061.0,82.44,2.0,2.785071628969263,-6.207484974082758,2.785071628969263,-6.207484974082758,2.3469827573007604,3.664350105339394,0.10094777758814674
2062.0,82.48,2.0,2.671897634796353,-6.1947074551685155,2.671897634796353,-6.1947074551685155,2.3547593602541466,3.664350105339394,0.10094777758814674
2063.0,82.52,2.0,2.559303415710183,-6.180255262627164,2.559303415710183,-6.180255262627164,2.3625359632075327,3.664350105339394,0.10094777758814674
2064.0,82.56,2.0,2.4472980211776334,-6.164136966979396,2.4472980211776334,-6.164136966979396,2.3703125661609192,3.664350105339394,0.10094777758814674
2065.0,82.60000000000001,2.0,2.3358903917693374,-6.146361382204033,2.3358903917693374,-6.146361382204033,2.378089169114306,3.664350105339394,0.10094777758814674
2066.0,82.64,2.0,2.2250893580130464,-6.126937564416003,2.2250893580130464,-6.126937564416003,2.385865772067692,3.664350105339394,0.10094777758814674
2067.0,82.68,2.0,2.114903639262727,-6.105874810510382,2.114903639262727,-6.105874810510382,2.3936423750210785,3.664350105339394,0.10094777758814674
2068.0,82.72,2.0,2.005341842583544,-6.083182656772661,2.005341842583544,-6.083182656772661,2.401418977974465,3.664350105339394,0.10094777758814674
2069.0,82.76,2.0,1.896412461652885,-6.058870877455464,1.896412461652885,-6.058870877455464,2.409195580927851,3.664350105339394,0.10094777758814674
2070.0,82.8,2.0,1.7881238756775846,-6.032949483321891,1.7881238756775846,-6.032949483321891,2.4169721838812377,3.664350105339394,0.10094777758814674
2071.0,82.84,2.0,1.680484348327485,-6.005428720155724,1.680484348327485,-6.005428720155724,2.4247487868346242,3.664350105339394,0.10094777758814674
2072.0,82.88,2.0,1.5735020266854962,-5.97631906723865,1.5735020266854962,-5.97631906723865,2.4325253897880104,3.664350105339394,0.10094777758814674
2073.0,82.92,2.0,1.4671849402142874,-5.945631235794778,1.4671849402142874,-5.945631235794778,2.4403019927413965,3.664350105339394,0.10094777758814674
2074.0,82.96000000000001,2.0,1.361540999739758,-5.913376167402632,1.361540999739758,-5.913376167402632,2.448078595694783,3.664350105339394,0.10094777758814674
2075.0,83.0,2.0,1.2565779964514314,-5.879565032374839,1.2565779964514314,-5.879565032374839,2.455855198648169,3.664350105339394,0.10094777758814674
2076.0,83.04,2.0,1.1523036009199061,-5.844209228105766,1.1523036009199061,-5.844209228105766,2.4636318016015557,3.664350105339394,0.10094777758814674
2077.0,83.08,2.0,1.0487253621314965,-5.807320377387309,1.0487253621314965,-5.807320377387309,2.4714084045549423,3.664350105339394,0.10094777758814674
2078.0,83.12,2.0,0.9458507065402051,-5.768910326693093,0.9458507065402051,-5.768910326693093,2.4791850075083284,3.664350105339394,0.10094777758814674
2079.0,83.16,2.0,0.8436869371371516,-5.728991144431317,0.8436869371371516,-5.728991144431317,2.4869616104617145,3.664350105339394,0.10094777758814674
2080.0,83.2,2.0,0.7422412325375854,-5.6875751191664685,0.7422412325375854,-5.6875751191664685,2.494738213415101,3.664350105339394,0.10094777758814674
2081.0,83.24,2.0,0.641520646085613,-5.644674757810204,0.641520646085613,-5.644674757810204,2.5025148163684876,3.664350105339394,0.10094777758814674
2082.0,83.28,2.0,0.5415321049767601,-5.6003027837815935,0.5415321049767601,-5.6003027837815935,2.5102914193218737,3.664350105339394,0.10094777758814674
2083.0,83.32000000000001,2.0,0.44228240939848895,-5.554472135137033,0.44228240939848895,-5.554472135137033,2.5180680222752607,3.664350105339394,0.10094777758814674
2084.0,83.36,2.0,0.34377823168879335,-5.507195962670058,0.34377823168879335,-5.507195962670058,2.525844625228647,3.664350105339394,0.10094777758814674
2085.0,83.4,2.0,0.24602611551298165,-5.458487627981344,0.24602611551298165,-5.458487627981344,2.533621228182033,3.664350105339394,0.10094777758814674
2086.0,83.44,2.0,0.14903247505876593,-5.408360701519144,0.14903247505876593,-5.408360701519144,2.541397831135419,3.664350105339394,0.10094777758814674
2087.0,83.48,2.0,0.05280359424976578,-5.356828960590462,0.05280359424976578,-5.356828960590462,2.5491744340888056,3.664350105339394,0.10094777758814674
2088.0,83.52,2.0,-0.04265437402246473,-5.303906387343225,-0.04265437402246473,-5.303906387343225,2.556951037042192,3.664350105339394,0.10094777758814674
2089.0,83.56,2.0,-0.13733540864778065,-5.249607166719736,-0.13733540864778065,-5.249607166719736,2.5647276399955783,3.664350105339394,0.10094777758814674
2090.0,83.60000000000001,2.0,-0.23123362102805783,-5.1939456843817045,-0.23123362102805783,-5.1939456843817045,2.5725042429489644,3.664350105339394,0.10094777758814674
2091.0,83.64,2.0,-0.324343255788972,-5.136936524607144,-0.324343255788972,-5.136936524607144,2.580280845902351,3.664350105339394,0.10094777758814674
2092.0,83.68,2.0,-0.41665869147284745,-5.078594468159415,-0.41665869147284745,-5.078594468159415,2.5880574488557375,3.664350105339394,0.10094777758814674
2093.0,83.72,2.0,-0.5081744412124802,-5.018934490128743,-0.5081744412124802,-5.018934490128743,2.5958340518091236,3.664350105339394,0.10094777758814674
2094.0,83.76,2.0,-0.5988851533858428,-4.9579717577464795,-0.5988851533858428,-4.9579717577464795,2.60361065476251,3.664350105339394,0.10094777758814674
2095.0,83.8,2.0,-0.688785612251582,-4.895721628172446,-0.688785612251582,-4.895721628172446,2.611346964436345,3.664350105339394,0.10094777758814674
2096.0,83.84,2.0,-0.7778707385652203,-4.832199646255635,-0.7778707385652203,-4.832199646255635,2.6190429808306295,3.664350105339394,0.10094777758814674
2097.0,83.88,2.0,-0.8661355901759789,-4.7674215422686235,-0.8661355901759789,-4.7674215422686235,2.6266987039453618,3.664350105339394,0.10094777758814674
2098.0,83.92,2.0,-0.9535753626041394,-4.7014032296159725,-0.9535753626041394,-4.7014032296159725,2.6343141337805434,3.664350105339394,0.10094777758814674
2099.0,83.96000000000001,2.0,-1.040185389598865,-4.634377047131766,-1.040185389598865,-4.634377047131766,2.641889270336174,3.664350105339394,0.10094777758814674
2100.0,84.0,2.0,-1.1259611436764043,-4.566685703191653,-1.1259611436764043,-4.566685703191653,2.6494241136122527,3.664350105339394,0.10094777758814674
2101.0,84.04,2.0,-1.210898236638607,-4.498334299334153,-1.210898236638607,-4.498334299334153,2.65691866360878,3.664350105339394,0.10094777758814674
2102.0,84.08,2.0,-1.2949924200716776,-4.429328067115091,-1.2949924200716776,-4.429328067115091,2.664372920325757,3.664350105339394,0.10094777758814674
2103.0,84.12,2.0,-1.3782395858250995,-4.359672367365648,-1.3782395858250995,-4.359672367365648,2.6717868837631817,3.664350105339394,0.10094777758814674
2104.0,84.16,2.0,-1.4606357664706668,-4.289372689431825,-1.4606357664706668,-4.289372689431825,2.679160553921056,3.664350105339394,0.10094777758814674
2105.0,84.2,2.0,-1.542177135741558,-4.218434650395445,-1.542177135741558,-4.218434650395445,2.686493930799379,3.664350105339394,0.10094777758814674
2106.0,84.24,2.0,-1.6228600089513925,-4.146863994276799,-1.6228600089513925,-4.146863994276799,2.693787014398151,3.664350105339394,0.10094777758814674
2107.0,84.28,2.0,-1.7026808433932197,-4.074666591219038,-1.7026808433932197,-4.074666591219038,2.701039804717371,3.664350105339394,0.10094777758814674
2108.0,84.32000000000001,2.0,-1.7816362387183702,-4.001848436654433,-1.7816362387183702,-4.001848436654433,2.70825230175704,3.664350105339394,0.10094777758814674
2109.0,84.36,2.0,-1.85972293729514,-3.928415650452628,-1.85972293729514,-3.928415650452628,2.715424505517158,3.664350105339394,0.10094777758814674
2110.0,84.4,2.0,-1.9369378245472408,-3.854374476050985,-1.9369378245472408,-3.854374476050985,2.7225564159977247,3.664350105339394,0.10094777758814674
2111.0,84.44,2.0,-2.012999741825226,-3.7797312795671556,-2.012999741825226,-3.7797312795671556,2.7296480331987407,3.664350105339394,0.10094777758814674
2112.0,84.48,2.0,-2.087654928792219,-3.7044925488940064,-2.087654928792219,-3.7044925488940064,2.736699357120205,3.664350105339394,0.10094777758814674
2113.0,84.52,2.0,-2.160891279678502,-3.6286648927770107,-2.160891279678502,-3.6286648927770107,2.7437103877621176,3.664350105339394,0.10094777758814674
2114.0,84.56,2.0,-2.232696912853793,-3.552255039874252,-2.232696912853793,-3.552255039874252,2.7506811251244794,3.664350105339394,0.10094777758814674
2115.0,84.60000000000001,2.0,-2.303060172508885,-3.4752698377991575,-2.303060172508885,-3.4752698377991575,2.75761156920729,3.664350105339394,0.10094777758814674
2116.0,84.64,2.0,-2.3719696303054096,-3.3977162521461035,-2.3719696303054096,-3.3977162521461035,2.76450172001055,3.664350105339394,0.10094777758814674
2117.0,84.68,2.0,-2.4394140869934757,-3.319601365499026,-2.4394140869934757,-3.319601365499026,2.771351577534258,3.664350105339394,0.10094777758814674
2118.0,84.72,2.0,-2.505382573996971,-3.240932376423176,-2.505382573996971,-3.240932376423176,2.7781611417784147,3.664350105339394,0.10094777758814674
2119.0,84.76,2.0,-2.569864354966295,-3.161716598440156,-2.569864354966295,-3.161716598440156,2.7849304127430203,3.664350105339394,0.10094777758814674
2120.0,84.8,2.0,-2.6328489272983187,-3.081961458986391,-2.6328489272983187,-3.081961458986391,2.791659390428075,3.664350105339394,0.10094777758814674
2121.0,84.84,2.0,-2.6943260236233426,-3.001674498355169,-2.6943260236233426,-3.001674498355169,2.798348074833578,3.664350105339394,0.10094777758814674
2122.0,84.88,2.0,-2.7542856132588605,-2.920863368622407,-2.7542856132588605,-2.920863368622407,2.8049964659595306,3.664350105339394,0.10094777758814674
2123.0,84.92,2.0,-2.8127179036299155,-2.8395358325562845,-2.8127179036299155,-2.8395358325562845,2.8116045638059313,3.664350105339394,0.10094777758814674
2124.0,84.96000000000001,2.0,-2.869613341655851,-2.757699762510909,-2.869613341655851,-2.757699762510909,2.8181723683727804,3.664350105339394,0.10094777758814674
2125.0,85.0,2.0,-2.924962615103274,-2.6757819173169706,-2.924962615103274,-2.6757819173169706,2.824699879660079,3.664350105339394,0.10094777758814674
2126.0,85.04,2.0,-2.978756653905019,-2.5938640721230324,-2.978756653905019,-2.5938640721230324,2.831187097667826,3.664350105339394,0.10094777758814674
2127.0,85.08,2.0,-3.0309866314449563,-2.5119462269290946,-3.0309866314449563,-2.5119462269290946,2.8376340223960224,3.664350105339394,0.10094777758814674
2128.0,85.12,2.0,-3.0816439658084387,-2.4300283817351565,-3.0816439658084387,-2.4300283817351565,2.844040653844667,3.664350105339394,0.10094777758814674
2129.0,85.16,2.0,-3.130720320998228,-2.3481105365412183,-3.130720320998228,-2.3481105365412183,2.85040699201376,3.664350105339394,0.10094777758814674
2130.0,85.2,2.0,-3.1782076081157347,-2.2661926913472796,-3.1782076081157347,-2.2661926913472796,2.8567330369033024,3.664350105339394,0.10094777758814674
2131.0,85.24,2.0,-3.22409798650738,-2.184274846153342,-3.22409798650738,-2.184274846153342,2.863018788513293,3.664350105339394,0.10094777758814674
2132.0,85.28,2.0,-3.2683838648759567,-2.1023570009594037,-3.2683838648759567,-2.1023570009594037,2.8692642468437337,3.664350105339394,0.10094777758814674
2133.0,85.32000000000001,2.0,-3.311057902356803,-2.0204391557654655,-3.311057902356803,-2.0204391557654655,2.875469411894622,3.664350105339394,0.10094777758814674
2134.0,85.36,2.0,-3.3521130095586558,-1.9385213105715275,-3.3521130095586558,-1.9385213105715275,2.881634283665959,3.664350105339394,0.10094777758814674
2135.0,85.4,2.0,-3.3915423495690304,-1.8566034653775894,-3.3915423495690304,-1.8566034653775894,2.8877588621577455,3.664350105339394,0.10094777758814674
2136.0,85.44,2.0,-3.4293393389239912,-1.7746856201836512,-3.4293393389239912,-1.7746856201836512,2.89384314736998,3.664350105339394,0.10094777758814674
2137.0,85.48,2.0,-3.465497648542172,-1.6927677749897128,-3.465497648542172,-1.6927677749897128,2.8998871393026633,3.664350105339394,0.10094777758814674
2138.0,85.52,2.0,-3.5000112046229175,-1.610849929795775,-3.5000112046229175,-1.610849929795775,2.9058908379557966,3.664350105339394,0.10094777758814674
2139.0,85.56,2.0,-3.5328741895084264,-1.5289320846018368,-3.5328741895084264,-1.5289320846018368,2.911854243329378,3.664350105339394,0.10094777758814674
2140.0,85.60000000000001,2.0,-3.5640810425097675,-1.4470142394078986,-3.5640810425097675,-1.4470142394078986,2.9177773554234077,3.664350105339394,0.10094777758814674
2141.0,85.64,2.0,-3.593626460696653,-1.3650963942139607,-3.593626460696653,-1.3650963942139607,2.9236601742378863,3.664350105339394,0.10094777758814674
2142.0,85.68,2.0,-3.621505399650869,-1.2831785490200225,-3.621505399650869,-1.2831785490200225,2.9295026997728137,3.664350105339394,0.10094777758814674
2143.0,85.72,2.0,-3.6477130741832426,-1.201260703826084,-3.6477130741832426,-1.201260703826084,2.93530493202819,3.664350105339394,0.10094777758814674
2144.0,85.76,2.0,-3.6722449590140624,-1.1193428586321459,-3.6722449590140624,-1.1193428586321459,2.9410668710040153,3.664350105339394,0.10094777758814674
2145.0,85.8,2.0,-3.695096789416839,-1.0374250134382077,-3.695096789416839,-1.0374250134382077,2.9467885167002894,3.664350105339394,0.10094777758814674
2146.0,85.84,2.0,-3.716264561825331,-0.9555071682442697,-3.716264561825331,-0.9555071682442697,2.9524698691170115,3.664350105339394,0.10094777758814674
2147.0,85.88,2.0,-3.7357445344037434,-0.8735893230503315,-3.7357445344037434,-0.8735893230503315,2.9581109282541833,3.664350105339394,0.10094777758814674
2148.0,85.92,2.0,-3.753533227580021,-0.7916714778563935,-3.753533227580021,-0.7916714778563935,2.963711694111804,3.664350105339394,0.10094777758814674
2149.0,85.96000000000001,2.0,-3.769627424542162,-0.7097536326624553,-3.769627424542162,-0.7097536326624553,2.9692721666898727,3.664350105339394,0.10094777758814674
2150.0,86.0,2.0,-3.784024171697481,-0.6278357874685171,-3.784024171697481,-0.6278357874685171,2.97479234598839,3.664350105339394,0.10094777758814674
2151.0,86.04,2.0,-3.796720779094757,-0.545917942274579,-3.796720779094757,-0.545917942274579,2.9802722320073567,3.664350105339394,0.10094777758814674
2152.0,86.08,2.0,-3.807714820809217,-0.46400009708064077,-3.807714820809217,-0.46400009708064077,2.985711824746772,3.664350105339394,0.10094777758814674
2153.0,86.12,2.0,-3.8170041352902793,-0.3820822518867027,-3.8170041352902793,-0.3820822518867027,2.9911111242066357,3.664350105339394,0.10094777758814674
2154.0,86.16,2.0,-3.824586825672035,-0.30016440669276456,-3.824586825672035,-0.30016440669276456,2.9964701303869488,3.664350105339394,0.10094777758814674
2155.0,86.2,2.0,-3.830461260046402,-0.21824656149882643,-3.830461260046402,-0.21824656149882643,3.0017888432877107,3.664350105339394,0.10094777758814674
2156.0,86.24,2.0,-3.834626071698924,-0.13632871630488827,-3.834626071698924,-0.13632871630488827,3.0070672629089206,3.664350105339394,0.10094777758814674
2157.0,86.28,2.0,-3.8370801593071855,-0.05441087111095011,-3.8370801593071855,-0.05441087111095011,3.0123053892505793,3.664350105339394,0.10094777758814674
2158.0,86.32000000000001,2.0,-3.837822687101797,0.027506974082988037,-3.837822687101797,0.027506974082988037,3.017503222312688,3.664350105339394,0.10094777758814674
2159.0,86.36,2.0,-3.8368530849899516,0.10942481927692618,-3.8368530849899516,0.10942481927692618,3.0226607620952444,3.664350105339394,0.10094777758814674
2160.0,86.4,2.0,-3.834171048641518,0.19134266447086432,-3.834171048641518,0.19134266447086432,3.02777800859825,3.664350105339394,0.10094777758814674
2161.0,86.44,2.0,-3.829776539537665,0.2732605096648025,-3.829776539537665,0.2732605096648025,3.0328549618217044,3.664350105339394,0.10094777758814674
2162.0,86.48,2.0,-3.823669784982007,0.3551783548587406,-3.823669784982007,0.3551783548587406,3.037891621765607,3.664350105339394,0.10094777758814674
2163.0,86.52,2.0,-3.8158512780742777,0.4370962000526788,-3.8158512780742777,0.4370962000526788,3.042887988429959,3.664350105339394,0.10094777758814674
2164.0,86.56,2.0,-3.80632177764652,0.519014045246617,-3.80632177764652,0.519014045246617,3.0478440618147595,3.664350105339394,0.10094777758814674
2165.0,86.60000000000001,2.0,-3.7950823081618204,0.6009318904405551,-3.7950823081618204,0.6009318904405551,3.052759841920009,3.664350105339394,0.10094777758814674
2166.0,86.64,2.0,-3.782134159575576,0.6828497356344932,-3.782134159575576,0.6828497356344932,3.057635328745707,3.664350105339394,0.10094777758814674
2167.0,86.68,2.0,-3.7674788871593528,0.7647675808284313,-3.7674788871593528,0.7647675808284313,3.062470522291854,3.664350105339394,0.10094777758814674
2168.0,86.72,2.0,-3.751118311287311,0.8466854260223695,-3.751118311287311,0.8466854260223695,3.0672654225584495,3.664350105339394,0.10094777758814674
2169.0,86.76,2.0,-3.7330545171852676,0.9286032712163076,-3.7330545171852676,0.9286032712163076,3.072020029545494,3.664350105339394,0.10094777758814674
2170.0,86.8,2.0,-3.7132898546424116,1.010521116410246,-3.7132898546424116,1.010521116410246,3.0767343432529874,3.664350105339394,0.10094777758814674
2171.0,86.84,2.0,-3.6918269376857156,1.0924389616041839,-3.6918269376857156,1.0924389616041839,3.0814083636809295,3.664350105339394,0.10094777758814674
2172.0,86.88,2.0,-3.668668644217089,1.174356806798122,-3.668668644217089,1.174356806798122,3.08604209082932,3.664350105339394,0.10094777758814674
2173.0,86.92,2.0,-3.643818115613328,1.2562746519920602,-3.643818115613328,1.2562746519920602,3.0906355246981594,3.664350105339394,0.10094777758814674
2174.0,86.96000000000001,2.0,-3.6172787562889095,1.3381924971859982,-3.6172787562889095,1.3381924971859982,3.0951886652874476,3.664350105339394,0.10094777758814674
2175.0,87.0,2.0,-3.5890542332216997,1.4201103423799364,-3.5890542332216997,1.4201103423799364,3.099701512597185,3.664350105339394,0.10094777758814674
2176.0,87.04,2.0,-3.5591484754416323,1.5020281875738746,-3.5591484754416323,1.5020281875738746,3.104174066627371,3.664350105339394,0.10094777758814674
2177.0,87.08,2.0,-3.5275656734824414,1.5839460327678125,-3.5275656734824414,1.5839460327678125,3.108606327378006,3.664350105339394,0.10094777758814674
2178.0,87.12,2.0,-3.494310278796515,1.665863877961751,-3.494310278796515,1.665863877961751,3.1129982948490893,3.664350105339394,0.10094777758814674
2179.0,87.16,2.0,-3.4593870031329508,1.7477817231556894,-3.4593870031329508,1.7477817231556894,3.1173499690406214,3.664350105339394,0.10094777758814674
2180.0,87.2,2.0,-3.4228008178789104,1.829699568349627,-3.4228008178789104,1.829699568349627,3.1216613499526025,3.664350105339394,0.10094777758814674
2181.0,87.24,2.0,-3.3845569533643562,1.9116174135435653,-3.3845569533643562,1.9116174135435653,3.1259324375850324,3.664350105339394,0.10094777758814674
2182.0,87.28,2.0,-3.344660898130264,1.9935352587375035,-3.344660898130264,1.9935352587375035,3.1301632319379107,3.664350105339394,0.10094777758814674
2183.0,87.32000000000001,2.0,-3.3031183981604277,2.0754531039314417,-3.3031183981604277,2.0754531039314417,3.134353733011238,3.664350105339394,0.10094777758814674
2184.0,87.36,2.0,-3.259935456076949,2.15737094912538,-3.259935456076949,2.15737094912538,3.1385039408050135,3.664350105339394,0.10094777758814674
2185.0,87.4,2.0,-3.215118330299535,2.239288794319318,-3.215118330299535,2.239288794319318,3.1426138553192384,3.664350105339394,0.10094777758814674
2186.0,87.44,2.0,-3.16867353416871,2.3212066395132562,-3.16867353416871,2.3212066395132562,3.1466834765539127,3.664350105339394,0.10094777758814674
2187.0,87.48,2.0,-3.120607835033073,2.403124484707194,-3.120607835033073,2.403124484707194,3.150712804509035,3.664350105339394,0.10094777758814674
2188.0,87.52,2.0,-3.0709282533007323,2.485042329901132,-3.0709282533007323,2.485042329901132,3.154701839184606,3.664350105339394,0.10094777758814674
2189.0,87.56,2.0,-3.019642061455033,2.5669601750950704,-3.019642061455033,2.5669601750950704,3.158650580580626,3.664350105339394,0.10094777758814674
2190.0,87.60000000000001,2.0,-2.966756783034729,2.6488780202890085,-2.966756783034729,2.6488780202890085,3.162559028697095,3.664350105339394,0.10094777758814674
2191.0,87.64,2.0,-2.9122801915787377,2.7307958654829467,-2.9122801915787377,2.7307958654829467,3.166266211114743,3.664350105339394,0.10094777758814674
2192.0,87.68,2.0,-2.8562203095356273,2.812713710676885,-2.8562203095356273,2.812713710676885,3.1691595094252434,3.664350105339394,0.10094777758814674
2193.0,87.72,2.0,-2.7985854071379803,2.8946315558708227,-2.7985854071379803,2.8946315558708227,3.1712389236285965,3.664350105339394,0.10094777758814674
2194.0,87.76,2.0,-2.739384001241805,2.976549401064761,-2.739384001241805,2.976549401064761,3.1725044537248013,3.664350105339394,0.10094777758814674
2195.0,87.8,2.0,-2.6786248541311415,3.058467246258699,-2.6786248541311415,3.058467246258699,3.172956099713859,3.664350105339394,0.10094777758814674
2196.0,87.84,2.0,-2.616316972288036,3.139881859225112,-2.616316972288036,3.139881859225112,3.1725938615957694,3.664350105339394,0.10094777758814674
2197.0,87.88,2.0,-2.552469605128066,3.220785315787211,-2.552469605128066,3.220785315787211,3.1714177393705323,3.664350105339394,0.10094777758814674
2198.0,87.92,2.0,-2.487092243701568,3.3011697996253084,-2.487092243701568,3.3011697996253084,3.169427733038147,3.664350105339394,0.10094777758814674
2199.0,87.96000000000001,2.0,-2.4201946193607733,3.381027603407103,-2.4201946193607733,3.381027603407103,3.1666238425986144,3.664350105339394,0.10094777758814674
2200.0,88.0,2.0,-2.351786702393028,3.4603511299022354,-2.351786702393028,3.4603511299022354,3.1630060680519336,3.664350105339394,0.10094777758814674
2201.0,88.04,2.0,-2.281878700620281,3.5391328930809713,-2.281878700620281,3.5391328930809713,3.1585744093981054,3.664350105339394,0.10094777758814674
2202.0,88.08,2.0,-2.210481057965054,3.6173655191968477,-2.210481057965054,3.6173655191968477,3.1539414850454572,3.664350105339394,0.10094777758814674
2203.0,88.12,2.0,-2.1376044529830724,3.6950417478531326,-2.1376044529830724,3.6950417478531326,3.149268267413258,3.664350105339394,0.10094777758814674
2204.0,88.16,2.0,-2.06325979736278,3.7721544330529544,-2.06325979736278,3.7721544330529544,3.144554756501506,3.664350105339394,0.10094777758814674
2205.0,88.2,2.0,-1.987458234391937,3.8486965442329475,-1.987458234391937,3.8486965442329475,3.139800952310204,3.664350105339394,0.10094777758814674
2206.0,88.24,2.0,-1.9102111373915152,3.924661167280268,-1.9102111373915152,3.924661167280268,3.135006854839351,3.664350105339394,0.10094777758814674
2207.0,88.28,2.0,-1.8315301081171174,4.000041505532848,-1.8315301081171174,4.000041505532848,3.1301724640889463,3.664350105339394,0.10094777758814674
2208.0,88.32000000000001,2.0,-1.751937871701763,4.074830880762737,-1.751937871701763,4.074830880762737,3.12529778005899,3.664350105339394,0.10094777758814674
2209.0,88.36,2.0,-1.6714370865825507,4.149022734142391,-1.6714370865825507,4.149022734142391,3.120382802749483,3.664350105339394,0.10094777758814674
2210.0,88.4,2.0,-1.5900305557181615,4.222610627193793,-1.5900305557181615,4.222610627193793,3.115427532160425,3.664350105339394,0.10094777758814674
2211.0,88.44,2.0,-1.5077212263232413,4.295588242720248,-1.5077212263232413,4.295588242720248,3.1104319682918153,3.664350105339394,0.10094777758814674
2212.0,88.48,2.0,-1.424512189582398,4.367949385720729,-1.424512189582398,4.367949385720729,3.105396111143654,3.664350105339394,0.10094777758814674
2213.0,88.52,2.0,-1.3404066803438537,4.439687984286669,-1.3404066803438537,4.439687984286669,3.1003199607159426,3.664350105339394,0.10094777758814674
2214.0,88.56,2.0,-1.2554080767927882,4.510798090481028,-1.2554080767927882,4.510798090481028,3.095203517008679,3.664350105339394,0.10094777758814674
2215.0,88.60000000000001,2.0,-1.169519900104425,4.581273881199557,-1.169519900104425,4.581273881199557,3.090046780021865,3.664350105339394,0.10094777758814674
2216.0,88.64,2.0,-1.0827458140768997,4.65110965901411,-1.0827458140768997,4.65110965901411,3.084849749755499,3.664350105339394,0.10094777758814674
2217.0,88.68,2.0,-0.9950896247439633,4.720299852997896,-0.9950896247439633,4.720299852997896,3.0796124262095823,3.664350105339394,0.10094777758814674
2218.0,88.72,2.0,-0.9065552799675732,4.7888390195325625,-0.9065552799675732,4.7888390195325625,3.074334809384114,3.664350105339394,0.10094777758814674
2219.0,88.76,2.0,-0.8171468690104251,4.856721843096972,-0.8171468690104251,4.856721843096972,3.069016899279095,3.664350105339394,0.10094777758814674
2220.0,88.8,2.0,-0.7268686220884866,4.923943137037594,-0.7268686220884866,4.923943137037594,3.063658695894524,3.664350105339394,0.10094777758814674
2221.0,88.84,2.0,-0.6357249099035892,4.990497844320386,-0.6357249099035892,4.990497844320386,3.058260199230402,3.664350105339394,0.10094777758814674
2222.0,88.88,2.0,-0.5437202431561468,5.055815192099677,-0.5437202431561468,5.055815192099677,3.052821409286729,3.664350105339394,0.10094777758814674
2223.0,88.92,2.0,-0.45085927203806286,5.119878994296673,-0.45085927203806286,5.119878994296673,3.0473423260635046,3.664350105339394,0.10094777758814674
2224.0,88.96000000000001,2.0,-0.3571467857058986,5.182673244505525,-0.3571467857058986,5.182673244505525,3.0418229495607294,3.664350105339394,0.10094777758814674
2225.0,89.0,2.0,-0.2625877117343716,5.244182118326265,-0.2625877117343716,5.244182118326265,3.036263279778403,3.664350105339394,0.10094777758814674
2226.0,89.04,2.0,-0.167187115550261,5.304389975672273,-0.167187115550261,5.304389975672273,3.030663316716525,3.664350105339394,0.10094777758814674
2227.0,89.08,2.0,-0.07095019984679561,5.363281363051942,-0.07095019984679561,5.363281363051942,3.0250230603750956,3.664350105339394,0.10094777758814674
2228.0,89.12,2.0,0.026117696021394337,5.4208410158242355,0.026117696021394337,5.4208410158242355,3.0193425107541154,3.664350105339394,0.10094777758814674
2229.0,89.16,2.0,0.12401109666267943,5.477053860427807,0.12401109666267943,5.477053860427807,3.013621667853584,3.664350105339394,0.10094777758814674
2230.0,89.2,2.0,0.22272439129210164,5.53190501658338,0.22272439129210164,5.53190501658338,3.007860531673501,3.664350105339394,0.10094777758814674
2231.0,89.24,2.0,0.32225183439422556,5.585379799469074,0.32225183439422556,5.585379799469074,3.002059102213867,3.664350105339394,0.10094777758814674
2232.0,89.28,2.0,0.42258754640507834,5.637463721868374,0.42258754640507834,5.637463721868374,2.9962173794746816,3.664350105339394,0.10094777758814674
2233.0,89.32000000000001,2.0,0.5237255144130865,5.688142496290438,0.5237255144130865,5.688142496290438,2.9903353634559453,3.664350105339394,0.10094777758814674
2234.0,89.36,2.0,0.6256595928789108,5.737402037062458,0.6256595928789108,5.737402037062458,2.984413054157658,3.664350105339394,0.10094777758814674
2235.0,89.4,2.0,0.7283835043740852,5.785228462393754,0.7283835043740852,5.785228462393754,2.9784504515798185,3.664350105339394,0.10094777758814674
2236.0,89.44,2.0,0.8318908403383508,5.831608096411346,0.8318908403383508,5.831608096411346,2.972447555722429,3.664350105339394,0.10094777758814674
2237.0,89.48,2.0,0.9361750618555902,5.8765274711666935,0.9361750618555902,5.8765274711666935,2.9664043665854876,3.664350105339394,0.10094777758814674
2238.0,89.52,2.0,1.0412295004482466,5.919973328613336,1.0412295004482466,5.919973328613336,2.9603208841689947,3.664350105339394,0.10094777758814674
2239.0,89.56,2.0,1.1470473588901247,5.961932622555137,1.1470473588901247,5.961932622555137,2.9541971084729504,3.664350105339394,0.10094777758814674
2240.0,89.60000000000001,2.0,1.2536217120374586,6.002392520564881,1.2536217120374586,6.002392520564881,2.9480330394973557,3.664350105339394,0.10094777758814674
2241.0,89.64,2.0,1.360945507678134,6.041340405872949,1.360945507678134,6.041340405872949,2.9418286772422095,3.664350105339394,0.10094777758814674
2242.0,89.68,2.0,1.4690115673989452,6.078763879225789,1.4690115673989452,6.078763879225789,2.935584021707512,3.664350105339394,0.10094777758814674
2243.0,89.72,2.0,1.5778125874707716,6.114650760713948,1.5778125874707716,6.114650760713948,2.929299072893263,3.664350105339394,0.10094777758814674
2244.0,89.76,2.0,1.6873411397515465,6.148989091569391,1.6873411397515465,6.148989091569391,2.9229738307994633,3.664350105339394,0.10094777758814674
2245.0,89.8,2.0,1.7975896726068996,6.181767135931861,1.7975896726068996,6.181767135931861,2.9166082954261126,3.664350105339394,0.10094777758814674
2246.0,89.84,2.0,1.9085505118483408,6.212973382584023,1.9085505118483408,6.212973382584023,2.9102024667732103,3.664350105339394,0.10094777758814674
2247.0,89.88,2.0,2.020215861688862,6.242596546655172,2.020215861688862,6.242596546655172,2.903756344840756,3.664350105339394,0.10094777758814674
2248.0,89.92,2.0,2.1325778057158153,6.270625571293233,2.1325778057158153,6.270625571293233,2.8972699296287514,3.664350105339394,0.10094777758814674
2249.0,89.96000000000001,2.0,2.2456283078809505,6.297049629304851,2.2456283078809505,6.297049629304851,2.8907432211371957,3.664350105339394,0.10094777758814674
2250.0,90.0,2.0,2.359359213507451,6.321858124763312,2.359359213507451,6.321858124763312,2.884176219366088,3.664350105339394,0.10094777758814674
2251.0,90.04,2.0,2.4737622503138557,6.345040694584088,2.4737622503138557,6.345040694584088,2.877568924315429,3.664350105339394,0.10094777758814674
2252.0,90.08,2.0,2.5888290294547036,6.366587210067781,2.5888290294547036,6.366587210067781,2.8709213359852193,3.664350105339394,0.10094777758814674
2253.0,90.12,2.0,2.70455104657777,6.386487778410244,2.70455104657777,6.386487778410244,2.8642334543754586,3.664350105339394,0.10094777758814674
2254.0,90.16,2.0,2.8209196828977476,6.404732744179672,2.8209196828977476,6.404732744179672,2.8575052794861464,3.664350105339394,0.10094777758814674
2255.0,90.2,2.0,2.937926206286215,6.42131269076045,2.937926206286215,6.42131269076045,2.8507368113172826,3.664350105339394,0.10094777758814674
2256.0,90.24,2.0,3.0555617723777515,6.436218441763566,3.0555617723777515,6.436218441763566,2.8439280498688686,3.664350105339394,0.10094777758814674
2257.0,90.28,2.0,3.173817425692046,6.44944106240338,3.173817425692046,6.44944106240338,2.837078995140903,3.664350105339394,0.10094777758814674
2258.0,90.32000000000001,2.0,3.2926841007718366,6.460971860840549,3.2926841007718366,6.460971860840549,2.830189647133385,3.664350105339394,0.10094777758814674
2259.0,90.36,2.0,3.412152623336529,6.47080238949095,3.412152623336529,6.47080238949095,2.8232600058463175,3.664350105339394,0.10094777758814674
2260.0,90.4,2.0,3.5322137114513334,6.478924446300381,3.5322137114513334,6.478924446300381,2.8162900712796977,3.664350105339394,0.10094777758814674
2261.0,90.44,2.0,3.6528579767117635,6.485330075984872,3.6528579767117635,6.485330075984872,2.8092798434335275,3.664350105339394,0.10094777758814674
2262.0,90.48,2.0,3.774075925443319,6.490011571236461,3.774075925443319,6.490011571236461,2.802229322307805,3.664350105339394,0.10094777758814674
2263.0,90.52,2.0,3.8952938741748757,6.492961473894201,3.8952938741748757,6.492961473894201,2.795138507902532,3.664350105339394,0.10094777758814674
2264.0,90.56,2.0,4.016511822906431,6.494172576080314,4.016511822906431,6.494172576080314,2.7880074002177073,3.664350105339394,0.10094777758814674
2265.0,90.60000000000001,2.0,4.1377297716379875,6.493637921301252,4.1377297716379875,6.493637921301252,2.7808359992533322,3.664350105339394,0.10094777758814674
2266.0,90.64,2.0,4.258947720369544,6.491350805513576,4.258947720369544,6.491350805513576,2.7736243050094043,3.664350105339394,0.10094777758814674
2267.0,90.68,2.0,4.380165669101099,6.487304778154461,4.380165669101099,6.487304778154461,2.7663723174859265,3.664350105339394,0.10094777758814674
2268.0,90.72,2.0,4.501383617832656,6.481493643136705,4.501383617832656,6.481493643136705,2.7590800366828976,3.664350105339394,0.10094777758814674
2269.0,90.76,2.0,4.622601566564211,6.473911459808076,4.622601566564211,6.473911459808076,2.751747462600317,3.664350105339394,0.10094777758814674
2270.0,90.8,2.0,4.743819515295768,6.4645525438749045,4.743819515295768,6.4645525438749045,2.744374595238185,3.664350105339394,0.10094777758814674
2271.0,90.84,2.0,4.865037464027323,6.453411468289737,4.865037464027323,6.453411468289737,2.736961434596502,3.664350105339394,0.10094777758814674
2272.0,90.88,2.0,4.986255412758879,6.440483064102976,4.986255412758879,6.440483064102976,2.729507980675268,3.664350105339394,0.10094777758814674
2273.0,90.92,2.0,5.1074733614904355,6.425762421278355,5.1074733614904355,6.425762421278355,2.722014233474482,3.664350105339394,0.10094777758814674
2274.0,90.96000000000001,2.0,5.228691310221992,6.409244889472135,5.228691310221992,6.409244889472135,2.714480192994146,3.664350105339394,0.10094777758814674
2275.0,91.0,2.0,5.349909258953548,6.390926078775933,5.349909258953548,6.390926078775933,2.7069058592342583,3.664350105339394,0.10094777758814674
2276.0,91.04,2.0,5.471127207685104,6.370801860423055,5.471127207685104,6.370801860423055,2.699291232194819,3.664350105339394,0.10094777758814674
2277.0,91.08,2.0,5.592345156416659,6.348868367458249,5.592345156416659,6.348868367458249,2.691636311875828,3.664350105339394,0.10094777758814674
2278.0,91.12,2.0,5.713563105148216,6.325121995370771,5.713563105148216,6.325121995370771,2.683941098277287,3.664350105339394,0.10094777758814674
2279.0,91.16,2.0,5.834781053879772,6.29955940269068,5.834781053879772,6.29955940269068,2.6762055913991945,3.664350105339394,0.10094777758814674
2280.0,91.2,2.0,5.955999002611327,6.2721775115482865,5.955999002611327,6.2721775115482865,2.66842979124155,3.664350105339394,0.10094777758814674
2281.0,91.24,2.0,6.0772169513428835,6.242973508196659,6.0772169513428835,6.242973508196659,2.660613697804355,3.664350105339394,0.10094777758814674
2282.0,91.28,2.0,6.1984349000744405,6.211944843497117,6.1984349000744405,6.211944843497117,2.6527573110876084,3.664350105339394,0.10094777758814674
2283.0,91.32000000000001,2.0,6.319652848805996,6.1790892333676615,6.319652848805996,6.1790892333676615,2.6448606310913108,3.664350105339394,0.10094777758814674
2284.0,91.36,2.0,6.440870797537552,6.144404659194245,6.440870797537552,6.144404659194245,2.636923657815462,3.664350105339394,0.10094777758814674
2285.0,91.4,2.0,6.562088746269107,6.10788936820486,6.562088746269107,6.10788936820486,2.6289463912600617,3.664350105339394,0.10094777758814674
2286.0,91.44,2.0,6.683306695000663,6.069541873806351,6.683306695000663,6.069541873806351,2.6209288314251102,3.664350105339394,0.10094777758814674
2287.0,91.48,2.0,6.80452464373222,6.029360955883953,6.80452464373222,6.029360955883953,2.6128709783106077,3.664350105339394,0.10094777758814674
2288.0,91.52,2.0,6.925742592463775,5.987345661063453,6.925742592463775,5.987345661063453,2.604813125196105,3.664350105339394,0.10094777758814674
2289.0,91.56,2.0,7.0469605411953316,5.943495302935992,7.0469605411953316,5.943495302935992,2.5967552720816025,3.664350105339394,0.10094777758814674
2290.0,91.60000000000001,2.0,7.168178489926887,5.89780946224544,7.168178489926887,5.89780946224544,2.5886974189671,3.664350105339394,0.10094777758814674
2291.0,91.64,2.0,7.289396438658443,5.8502879870383335,7.289396438658443,5.8502879870383335,2.580639565852598,3.664350105339394,0.10094777758814674
2292.0,91.68,2.0,7.41061438739,5.800930992776336,7.41061438739,5.800930992776336,2.5725817127380948,3.664350105339394,0.10094777758814674
2293.0,91.72,2.0,7.531832336121555,5.749738862411236,7.531832336121555,5.749738862411236,2.5645238596235926,3.664350105339394,0.10094777758814674
2294.0,91.76,2.0,7.653050284853111,5.696712246422431,7.653050284853111,5.696712246422431,2.55646600650909,3.664350105339394,0.10094777758814674
2295.0,91.8,2.0,7.774268233584667,5.641852062816911,7.774268233584667,5.641852062816911,2.5484081533945875,3.664350105339394,0.10094777758814674
2296.0,91.84,2.0,7.895486182316224,5.585159497091769,7.895486182316224,5.585159497091769,2.5403503002800845,3.664350105339394,0.10094777758814674
2297.0,91.88,2.0,8.016704131047781,5.526636002159166,8.016704131047781,5.526636002159166,2.532292447165582,3.664350105339394,0.10094777758814674
2298.0,91.92,2.0,8.137922079779337,5.466283298233855,8.137922079779337,5.466283298233855,2.5242345940510793,3.664350105339394,0.10094777758814674
2299.0,91.96000000000001,2.0,8.259140028510892,5.404103372683191,8.259140028510892,5.404103372683191,2.5162170342161283,3.664350105339394,0.10094777758814674
2300.0,92.0,2.0,8.380357977242449,5.340098479839712,8.380357977242449,5.340098479839712,2.508239767660728,3.664350105339394,0.10094777758814674
2301.0,92.04,2.0,8.501575925974004,5.274271140776284,8.501575925974004,5.274271140776284,2.5003027943848792,3.664350105339394,0.10094777758814674
2302.0,92.08,2.0,8.622793874705561,5.206624143043834,8.622793874705561,5.206624143043834,2.4924061143885816,3.664350105339394,0.10094777758814674
2303.0,92.12,2.0,8.744011823437116,5.137160540371739,8.744011823437116,5.137160540371739,2.4845497276718347,3.664350105339394,0.10094777758814674
2304.0,92.16,2.0,8.86495158472192,5.065883652330871,8.86495158472192,5.065883652330871,2.4767336342346398,3.664350105339394,0.10094777758814674
2305.0,92.2,2.0,8.98536222575433,4.9927970639593795,8.98536222575433,4.9927970639593795,2.4689578340769955,3.664350105339394,0.10094777758814674
2306.0,92.24,2.0,9.105234324346895,4.917904625351241,9.105234324346895,4.917904625351241,2.461222327198903,3.664350105339394,0.10094777758814674
2307.0,92.28,2.0,9.22455853824552,4.841210451207631,9.22455853824552,4.841210451207631,2.4535271136003614,3.664350105339394,0.10094777758814674
2308.0,92.32000000000001,2.0,9.343325606574403,4.762718920351202,9.343325606574403,4.762718920351202,2.445872193281371,3.664350105339394,0.10094777758814674
2309.0,92.36,2.0,9.461526351269582,4.682434675203298,9.461526351269582,4.682434675203298,2.438257566241932,3.664350105339394,0.10094777758814674
2310.0,92.4,2.0,9.579151678500818,4.6003626212242255,9.579151678500818,4.6003626212242255,2.4306832324820444,3.664350105339394,0.10094777758814674
2311.0,92.44,2.0,9.696192580081666,4.516507926316595,9.696192580081666,4.516507926316595,2.4231491920017074,3.664350105339394,0.10094777758814674
2312.0,92.48,2.0,9.81264013486752,4.4308760201918815,9.81264013486752,4.4308760201918815,2.415655444800922,3.664350105339394,0.10094777758814674
2313.0,92.52,2.0,9.928485510141408,4.343472593700246,9.928485510141408,4.343472593700246,2.4082019908796877,3.664350105339394,0.10094777758814674
2314.0,92.56,2.0,10.043719962987407,4.254303598123721,10.043719962987407,4.254303598123721,2.400788830238005,3.664350105339394,0.10094777758814674
2315.0,92.60000000000001,2.0,10.158334841651394,4.163375244432871,10.158334841651394,4.163375244432871,2.3934159628758733,3.664350105339394,0.10094777758814674
2316.0,92.64,2.0,10.272321586889035,4.0706940025070075,10.272321586889035,4.0706940025070075,2.3860833887932924,3.664350105339394,0.10094777758814674
2317.0,92.68,2.0,10.385671733300752,3.9762666003180964,10.385671733300752,3.9762666003180964,2.378791107990263,3.664350105339394,0.10094777758814674
2318.0,92.72,2.0,10.498376910653505,3.8805188010912466,10.498376910653505,3.8805188010912466,2.3715391204667853,3.664350105339394,0.10094777758814674
2319.0,92.76,2.0,10.610428845189212,3.7835315333954194,10.610428845189212,3.7835315333954194,2.364327426222858,3.664350105339394,0.10094777758814674
2320.0,92.8,2.0,10.72181936091961,3.685304099905933,10.72181936091961,3.685304099905933,2.3571560252584827,3.664350105339394,0.10094777758814674
2321.0,92.84,2.0,10.832540380907377,3.5858359527614723,10.832540380907377,3.5858359527614723,2.3500249175736583,3.664350105339394,0.10094777758814674
2322.0,92.88,2.0,10.942583928533324,3.485126693751995,10.942583928533324,3.485126693751995,2.342934103168385,3.664350105339394,0.10094777758814674
2323.0,92.92,2.0,11.051942128749507,3.3831760744860873,11.051942128749507,3.3831760744860873,2.3358835820426633,3.664350105339394,0.10094777758814674
2324.0,92.96000000000001,2.0,11.160607209318052,3.279983996537729,11.160607209318052,3.279983996537729,2.3288733541964923,3.664350105339394,0.10094777758814674
2325.0,93.0,2.0,11.268571502035526,3.1755505115724554,11.268571502035526,3.1755505115724554,2.321903419629873,3.664350105339394,0.10094777758814674
2326.0,93.04,2.0,11.3758274439427,3.0698758214528894,11.3758274439427,3.0698758214528894,2.3149737783428046,3.664350105339394,0.10094777758814674
2327.0,93.08,2.0,11.482367578519499,2.962960278323639,11.482367578519499,2.962960278323639,2.3080844303352874,3.664350105339394,0.10094777758814674
2328.0,93.12,2.0,11.588184556865007,2.8548043846755276,11.588184556865007,2.8548043846755276,2.301235375607322,3.664350105339394,0.10094777758814674
2329.0,93.16,2.0,11.69327113886233,2.745408793389171,11.69327113886233,2.745408793389171,2.294426614158907,3.664350105339394,0.10094777758814674
2330.0,93.2,2.0,11.797620194328173,2.634774307757873,11.797620194328173,2.634774307757873,2.2876581459900436,3.664350105339394,0.10094777758814674
2331.0,93.24,2.0,11.901224704146955,2.522901881489842,11.901224704146955,2.522901881489842,2.280929971100732,3.664350105339394,0.10094777758814674
2332.0,93.28,2.0,12.004077761389308,2.4097926186897323,12.004077761389308,2.4097926186897323,2.2742420894909703,3.664350105339394,0.10094777758814674
2333.0,93.32000000000001,2.0,12.106172572414808,2.2954477738195025,12.106172572414808,2.2954477738195025,2.267594501160761,3.664350105339394,0.10094777758814674
2334.0,93.36,2.0,12.207502457958778,2.179868751638597,12.207502457958778,2.179868751638597,2.2609872061101024,3.664350105339394,0.10094777758814674
2335.0,93.4,2.0,12.30806085420298,2.0630571071234636,12.30806085420298,2.0630571071234636,2.254420204338995,3.664350105339394,0.10094777758814674
2336.0,93.44,2.0,12.407841313830112,1.9450145453664058,12.407841313830112,1.9450145453664058,2.247893495847439,3.664350105339394,0.10094777758814674
2337.0,93.48,2.0,12.506837507061888,1.8257429214537932,12.506837507061888,1.8257429214537932,2.241407080635434,3.664350105339394,0.10094777758814674
2338.0,93.52,2.0,12.605043222680603,1.7052442403236383,12.605043222680603,1.7052442403236383,2.2349609587029806,3.664350105339394,0.10094777758814674
2339.0,93.56,2.0,12.702452369034017,1.5835206566025608,12.702452369034017,1.5835206566025608,2.2285551300500783,3.664350105339394,0.10094777758814674
2340.0,93.60000000000001,2.0,12.799058975023426,1.4605744744221587,12.799058975023426,1.4605744744221587,2.222189594676727,3.664350105339394,0.10094777758814674
2341.0,93.64,2.0,12.894857191074763,1.3364081472148142,12.894857191074763,1.3364081472148142,2.215864352582927,3.664350105339394,0.10094777758814674
2342.0,93.68,2.0,12.989841290092615,1.211024277488954,12.989841290092615,1.211024277488954,2.2095794037686787,3.664350105339394,0.10094777758814674
2343.0,93.72,2.0,13.084005668397008,1.0844256165838038,13.084005668397008,1.0844256165838038,2.2033347482339813,3.664350105339394,0.10094777758814674
2344.0,93.76,2.0,13.177344846642827,0.9566150644036593,13.177344846642827,0.9566150644036593,2.1971303859788347,3.664350105339394,0.10094777758814674
2345.0,93.8,2.0,13.269853470721738,0.827595669131716,13.269853470721738,0.827595669131716,2.1909663170032396,3.664350105339394,0.10094777758814674
2346.0,93.84,2.0,13.361526312646493,0.6973706269234934,13.361526312646493,0.6973706269234934,2.184842541307196,3.664350105339394,0.10094777758814674
2347.0,93.88,2.0,13.452358271417497,0.5659432815798953,13.452358271417497,0.5659432815798953,2.1787590588907038,3.664350105339394,0.10094777758814674
2348.0,93.92,2.0,13.542344373871487,0.43331712419994994,13.542344373871487,0.43331712419994994,2.172715869753762,3.664350105339394,0.10094777758814674
2349.0,93.96000000000001,2.0,13.631479775512235,0.29949579281327776,13.631479775512235,0.29949579281327776,2.166712973896372,3.664350105339394,0.10094777758814674
2350.0,94.0,2.0,13.719759761323143,0.16448307199233386,13.719759761323143,0.16448307199233386,2.1607503713185334,3.664350105339394,0.10094777758814674
2351.0,94.04,2.0,13.807179746561607,0.02828289244448097,13.807179746561607,0.02828289244448097,2.154828062020245,3.664350105339394,0.10094777758814674
2352.0,94.08,2.0,13.893735277535049,-0.10910066941605404,13.893735277535049,-0.10910066941605404,2.148946046001509,3.664350105339394,0.10094777758814674
2353.0,94.12,2.0,13.97942203235851,-0.24766339191628167,13.97942203235851,-0.24766339191628167,2.1431043232623237,3.664350105339394,0.10094777758814674
2354.0,94.16,2.0,14.064235821693678,-0.3874009085925479,14.064235821693678,-0.3874009085925479,2.1373028938026897,3.664350105339394,0.10094777758814674
2355.0,94.2,2.0,14.148172589469265,-0.5283087086785659,14.148172589469265,-0.5283087086785659,2.131541757622607,3.664350105339394,0.10094777758814674
2356.0,94.24,2.0,14.231228413582617,-0.6703821376133148,14.231228413582617,-0.6703821376133148,2.1258209147220755,3.664350105339394,0.10094777758814674
2357.0,94.28,2.0,14.313399506582467,-0.8136163975687348,14.313399506582467,-0.8136163975687348,2.1201403651010953,3.664350105339394,0.10094777758814674
2358.0,94.32000000000001,2.0,14.394682216332734,-0.9580065479971506,14.394682216332734,-0.9580065479971506,2.114500108759666,3.664350105339394,0.10094777758814674
2359.0,94.36,2.0,14.474736582546035,-1.1035475061983429,14.474736582546035,-1.1035475061983429,2.1089001456977883,3.664350105339394,0.10094777758814674
2360.0,94.4,2.0,14.553268169467774,-1.2502340479061962,14.553268169467774,-1.2502340479061962,2.1033404759154615,3.664350105339394,0.10094777758814674
2361.0,94.44,2.0,14.630261445682613,-1.398060807894838,14.630261445682613,-1.398060807894838,2.097821099412686,3.664350105339394,0.10094777758814674
2362.0,94.48,2.0,14.705701073832932,-1.5470222806041896,14.705701073832932,-1.5470222806041896,2.0923420161894617,3.664350105339394,0.10094777758814674
2363.0,94.52,2.0,14.779571912823803,-1.6971128207848418,14.779571912823803,-1.6971128207848418,2.086903226245789,3.664350105339394,0.10094777758814674
2364.0,94.56,2.0,14.851859020000857,-1.848326644162167,14.851859020000857,-1.848326644162167,2.081504729581667,3.664350105339394,0.10094777758814674
2365.0,94.60000000000001,2.0,14.922547653300734,-2.0006578281195773,14.922547653300734,-2.0006578281195773,2.0761465261970966,3.664350105339394,0.10094777758814674
2366.0,94.64,2.0,14.991623273373822,-2.1541003124008324,14.991623273373822,-2.1541003124008324,2.0708286160920775,3.664350105339394,0.10094777758814674
2367.0,94.68,2.0,15.059071545678995,-2.3086478998313105,15.059071545678995,-2.3086478998313105,2.065550999266609,3.664350105339394,0.10094777758814674
2368.0,94.72,2.0,15.12487834255003,-2.4642942570581243,15.12487834255003,-2.4642942570581243,2.0603136757206926,3.664350105339394,0.10094777758814674
2369.0,94.76,2.0,15.189029745233457,-2.6210329153090046,15.189029745233457,-2.6210329153090046,2.0551166454543264,3.664350105339394,0.10094777758814674
2370.0,94.8,2.0,15.25151204589749,-2.778857271169826,15.25151204589749,-2.778857271169826,2.049959908467512,3.664350105339394,0.10094777758814674
2371.0,94.84,2.0,15.312311749611862,-2.9377605873806805,15.312311749611862,-2.9377605873806805,2.044843464760249,3.664350105339394,0.10094777758814674
2372.0,94.88,2.0,15.37141557629815,-3.0977359936503883,15.37141557629815,-3.0977359936503883,2.0397673143325368,3.664350105339394,0.10094777758814674
2373.0,94.92,2.0,15.428810462650457,-3.2587764874893264,15.428810462650457,-3.2587764874893264,2.0347314571843764,3.664350105339394,0.10094777758814674
2374.0,94.96000000000001,2.0,15.484483564026062,-3.420874935060469,15.484483564026062,-3.420874935060469,2.029735893315767,3.664350105339394,0.10094777758814674
2375.0,95.0,2.0,15.538422256305864,-3.5840240720485204,15.538422256305864,-3.5840240720485204,2.0247806227267087,3.664350105339394,0.10094777758814674
2376.0,95.04,2.0,15.590614137724305,-3.748216504547018,15.590614137724305,-3.748216504547018,2.0198656454172017,3.664350105339394,0.10094777758814674
2377.0,95.08,2.0,15.641047030668531,-3.9134447099632843,15.641047030668531,-3.9134447099632843,2.014990961387246,3.664350105339394,0.10094777758814674
2378.0,95.12,2.0,15.689708983446552,-4.079701037941107,15.689708983446552,-4.079701037941107,2.010156570636841,3.664350105339394,0.10094777758814674
2379.0,95.16,2.0,15.736588272024123,-4.246977711301017,15.736588272024123,-4.246977711301017,2.005362473165988,3.664350105339394,0.10094777758814674
2380.0,95.2,2.0,15.781673401730147,-4.415266826998033,15.781673401730147,-4.415266826998033,2.0006086689746856,3.664350105339394,0.10094777758814674
2381.0,95.24,2.0,15.824953108930316,-4.584560357096745,15.824953108930316,-4.584560357096745,1.9958951580629347,3.664350105339394,0.10094777758814674
2382.0,95.28,2.0,15.86641636266877,-4.754850149763601,15.86641636266877,-4.754850149763601,1.991221940430735,3.664350105339394,0.10094777758814674
2383.0,95.32000000000001,2.0,15.90605236627757,-4.926127930276258,15.90605236627757,-4.926127930276258,1.9865890160780866,3.664350105339394,0.10094777758814674
2384.0,95.36,2.0,15.94385055895372,-5.098385302049862,15.94385055895372,-5.098385302049862,1.9821573574242586,3.664350105339394,0.10094777758814674
2385.0,95.4,2.0,15.979800617303551,-5.271613747680111,15.979800617303551,-5.271613747680111,1.9785395828775783,3.664350105339394,0.10094777758814674
2386.0,95.44,2.0,16.01389245685421,-5.445804630002965,16.01389245685421,-5.445804630002965,1.9757356924380458,3.664350105339394,0.10094777758814674
2387.0,95.48,2.0,16.04611623353209,-5.620949193170837,16.04611623353209,-5.620949193170837,1.9737456861056606,3.664350105339394,0.10094777758814674
2388.0,95.52,2.0,16.076462345107963,-5.797038563745157,16.076462345107963,-5.797038563745157,1.972569563880423,3.664350105339394,0.10094777758814674
2389.0,95.56,2.0,16.104921432608606,-5.974063751805106,16.104921432608606,-5.974063751805106,1.9722073257623334,3.664350105339394,0.10094777758814674
2390.0,95.60000000000001,2.0,16.13148438169476,-6.152015652072408,16.13148438169476,-6.152015652072408,1.9726589717513912,3.664350105339394,0.10094777758814674
2391.0,95.64,2.0,16.156142324005195,-6.330885045052008,16.156142324005195,-6.330885045052008,1.9739245018475964,3.664350105339394,0.10094777758814674
2392.0,95.68,2.0,16.178886638466693,-6.510662598188479,16.178886638466693,-6.510662598188479,1.9760039160509493,3.664350105339394,0.10094777758814674
2393.0,95.72,2.0,16.19970895256978,-6.691338867038002,16.19970895256978,-6.691338867038002,1.9788972143614503,3.664350105339394,0.10094777758814674
2394.0,95.76,2.0,16.21860114361003,-6.872904296455757,16.21860114361003,-6.872904296455757,1.9826043967790985,3.664350105339394,0.10094777758814674
2395.0,95.8,2.0,16.235555339894763,-7.0553492217985525,16.235555339894763,-7.0553492217985525,1.9865128448955671,3.664350105339394,0.10094777758814674
2396.0,95.84,2.0,16.250563921914924,-7.238663870142545,16.250563921914924,-7.238663870142545,1.9904615862915873,3.664350105339394,0.10094777758814674
2397.0,95.88,2.0,16.26361952348209,-7.422838361515863,16.26361952348209,-7.422838361515863,1.9944506209671582,3.664350105339394,0.10094777758814674
2398.0,95.92,2.0,16.2747150328303,-7.607862710145975,16.2747150328303,-7.607862710145975,1.9984799489222809,3.664350105339394,0.10094777758814674
2399.0,95.96000000000001,2.0,16.28384359368267,-7.793726825721623,16.28384359368267,-7.793726825721623,2.0025495701569542,3.664350105339394,0.10094777758814674
2400.0,96.0,2.0,16.290998606282574,-7.98042051466916,16.290998606282574,-7.98042051466916,2.0066594846711796,3.664350105339394,0.10094777758814674
2401.0,96.04,2.0,16.29617372838932,-8.167933481443091,16.29617372838932,-8.167933481443091,2.0108096924649557,3.664350105339394,0.10094777758814674
2402.0,96.08,2.0,16.29936287623805,-8.35625532983067,16.29936287623805,-8.35625532983067,2.015000193538283,3.664350105339394,0.10094777758814674
2403.0,96.12,2.0,16.30056022546391,-8.545375564270346,16.30056022546391,-8.545375564270346,2.0192309878911616,3.664350105339394,0.10094777758814674
2404.0,96.16,2.0,16.29980443098908,-8.735254180786795,16.29980443098908,-8.735254180786795,2.023534565583221,3.664350105339394,0.10094777758814674
2405.0,96.2,2.0,16.297120929455897,-8.925856249756118,16.297120929455897,-8.925856249756118,2.027909500607075,3.664350105339394,0.10094777758814674
2406.0,96.24000000000001,2.0,16.292543547173565,-9.117138586198765,16.292543547173565,-9.117138586198765,2.032354060841073,3.664350105339394,0.10094777758814674
2407.0,96.28,2.0,16.286099707832236,-9.309066506527268,16.286099707832236,-9.309066506527268,2.0368661043410694,3.664350105339394,0.10094777758814674
2408.0,96.32000000000001,2.0,16.27782073897444,-9.501598783860066,16.27782073897444,-9.501598783860066,2.041443861679501,3.664350105339394,0.10094777758814674
2409.0,96.36,2.0,16.26773848936284,-9.69471521088198,16.26773848936284,-9.69471521088198,2.046085379645867,3.664350105339394,0.10094777758814674
2410.0,96.4,2.0,16.255889174623658,-9.888376461733541,16.255889174623658,-9.888376461733541,2.0507886236559183,3.664350105339394,0.10094777758814674
2411.0,96.44,2.0,16.242304976949725,-10.082554302647447,16.242304976949725,-10.082554302647447,2.055551580512075,3.664350105339394,0.10094777758814674
2412.0,96.48,2.0,16.227017446638435,-10.27720813654615,16.227017446638435,-10.27720813654615,2.060372331624492,3.664350105339394,0.10094777758814674
2413.0,96.52,2.0,16.21005528046655,-10.472313799946189,16.21005528046655,-10.472313799946189,2.0652488873339117,3.664350105339394,0.10094777758814674
2414.0,96.56,2.0,16.19144794017898,-10.667826111980878,16.19144794017898,-10.667826111980878,2.0701792229156295,3.664350105339394,0.10094777758814674
2415.0,96.60000000000001,2.0,16.17122740408968,-10.863153486381794,16.17122740408968,-10.863153486381794,2.0751615992593724,3.664350105339394,0.10094777758814674
2416.0,96.64,2.0,16.149432406537535,-11.05825776998342,16.149432406537535,-11.05825776998342,2.0801935358054453,3.664350105339394,0.10094777758814674
2417.0,96.68,2.0,16.126098529136414,-11.2530987862654,16.126098529136414,-11.2530987862654,2.085274526979186,3.664350105339394,0.10094777758814674
2418.0,96.72,2.0,16.10123885912827,-11.44764607421377,16.10123885912827,-11.44764607421377,2.0903960255451532,3.664350105339394,0.10094777758814674
2419.0,96.76,2.0,16.07490031299007,-11.641856301302184,16.07490031299007,-11.641856301302184,2.095560205173779,3.664350105339394,0.10094777758814674
2420.0,96.8,2.0,16.047130274991545,-11.835686551157892,16.047130274991545,-11.835686551157892,2.100769239535495,3.664350105339394,0.10094777758814674
2421.0,96.84,2.0,16.01795491583017,-12.029108275553568,16.01795491583017,-12.029108275553568,2.106025017011292,3.664350105339394,0.10094777758814674
2422.0,96.88,2.0,15.987241596160237,-12.222079810203159,15.987241596160237,-12.222079810203159,2.111333395432776,3.664350105339394,0.10094777758814674
2423.0,96.92,2.0,15.955201964190291,-12.414557452494197,15.955201964190291,-12.414557452494197,2.116685663032125,3.664350105339394,0.10094777758814674
2424.0,96.96000000000001,2.0,15.921487083585781,-12.60653299675546,15.921487083585781,-12.60653299675546,2.122061869124686,3.664350105339394,0.10094777758814674
2425.0,97.0,2.0,15.886453308111399,-12.797990982546146,15.886453308111399,-12.797990982546146,2.127447792906139,3.664350105339394,0.10094777758814674
2426.0,97.04,2.0,15.849423198094621,-12.988936276644749,15.849423198094621,-12.988936276644749,2.1328699715641055,3.664350105339394,0.10094777758814674
2427.0,97.08,2.0,15.811093466064646,-13.179348778108444,15.811093466064646,-13.179348778108444,2.138304657322145,3.664350105339394,0.10094777758814674
2428.0,97.12,2.0,15.77148165660207,-13.36922066783207,15.77148165660207,-13.36922066783207,2.143761127088361,3.664350105339394,0.10094777758814674
2429.0,97.16,2.0,15.730587630515712,-13.558526499398498,15.730587630515712,-13.558526499398498,2.149240670198401,3.664350105339394,0.10094777758814674
2430.0,97.2,2.0,15.688407565444118,-13.7472603621691,15.688407565444118,-13.7472603621691,2.154744657361659,3.664350105339394,0.10094777758814674
2431.0,97.24000000000001,2.0,15.644942350257065,-13.935405677095142,15.644942350257065,-13.935405677095142,2.160274437900861,3.664350105339394,0.10094777758814674
2432.0,97.28,2.0,15.600194177525601,-14.122958658499169,15.600194177525601,-14.122958658499169,2.1658312665310007,3.664350105339394,0.10094777758814674
2433.0,97.32000000000001,2.0,15.554168759059468,-14.309899523480071,15.554168759059468,-14.309899523480071,2.1714164690364797,3.664350105339394,0.10094777758814674
2434.0,97.36,2.0,15.506871701235793,-14.496229949129127,15.506871701235793,-14.496229949129127,2.177031406267149,3.664350105339394,0.10094777758814674
2435.0,97.4,2.0,15.45830674712181,-14.681932620551471,15.45830674712181,-14.681932620551471,2.182677153458429,3.664350105339394,0.10094777758814674
2436.0,97.44,2.0,15.408471530649626,-14.866991700320385,15.408471530649626,-14.866991700320385,2.1883555272951605,3.664350105339394,0.10094777758814674
2437.0,97.48,2.0,15.357367478904882,-15.051393479447077,15.357367478904882,-15.051393479447077,2.1940663694771514,3.664350105339394,0.10094777758814674
2438.0,97.52,2.0,15.305019147221355,-15.234982421001707,15.305019147221355,-15.234982421001707,2.19981756336499,3.664350105339394,0.10094777758814674
2439.0,97.56,2.0,15.2514178889317,-15.417748641985801,15.2514178889317,-15.417748641985801,2.2056062714133904,3.664350105339394,0.10094777758814674
2440.0,97.60000000000001,2.0,15.196555210078344,-15.599682343366053,15.196555210078344,-15.599682343366053,2.2114296560770668,3.664350105339394,0.10094777758814674
2441.0,97.64,2.0,15.140444443959089,-15.780773811525203,15.140444443959089,-15.780773811525203,2.2172851651001753,3.664350105339394,0.10094777758814674
2442.0,97.68,2.0,15.083258340691645,-15.961013419701414,15.083258340691645,-15.961013419701414,2.2231662767762557,3.664350105339394,0.10094777758814674
2443.0,97.72,2.0,15.024825962623789,-16.140391629415983,15.024825962623789,-16.140391629415983,2.229081038998276,3.664350105339394,0.10094777758814674
2444.0,97.76,2.0,14.965493330354459,-16.31889899188911,14.965493330354459,-16.31889899188911,2.2350162485164065,3.664350105339394,0.10094777758814674
2445.0,97.8,2.0,14.905006058088945,-16.49652614944363,14.905006058088945,-16.49652614944363,2.2409868882674986,3.664350105339394,0.10094777758814674
2446.0,97.84,2.0,14.843772729101406,-16.67326383689639,14.843772729101406,-16.67326383689639,2.24696748931073,3.664350105339394,0.10094777758814674
2447.0,97.88,2.0,14.781379923233679,-16.84910288293722,14.781379923233679,-16.84910288293722,2.25298327749183,3.664350105339394,0.10094777758814674
2448.0,97.92,2.0,14.717727036512661,-17.02403421149515,14.717727036512661,-17.02403421149515,2.2590260814554064,3.664350105339394,0.10094777758814674
2449.0,97.96000000000001,2.0,14.652822266525389,-17.19804884309178,14.652822266525389,-17.19804884309178,2.2650959012014593,3.664350105339394,0.10094777758814674
2450.0,98.0,2.0,14.586673940539676,-17.371137896181608,14.586673940539676,-17.371137896181608,2.2711927367299882,3.664350105339394,0.10094777758814674
2451.0,98.04,2.0,14.519290514390933,-17.543292588479105,14.519290514390933,-17.543292588479105,2.277316588040994,3.664350105339394,0.10094777758814674
2452.0,98.08,2.0,14.45068057135257,-17.714504238272305,14.45068057135257,-17.714504238272305,2.283467455134476,3.664350105339394,0.10094777758814674
2453.0,98.12,2.0,14.380852820990105,-17.884764265722854,14.380852820990105,-17.884764265722854,2.289645338010434,3.664350105339394,0.10094777758814674
2454.0,98.16,2.0,14.309816097999214,-18.054064194152183,14.309816097999214,-18.054064194152183,2.2958502366688687,3.664350105339394,0.10094777758814674
2455.0,98.2,2.0,14.237579361027793,-18.22239565131373,14.237579361027793,-18.22239565131373,2.3020821511097793,3.664350105339394,0.10094777758814674
2456.0,98.24000000000001,2.0,14.16471577722364,-18.389750370651008,14.16471577722364,-18.389750370651008,2.308341081333167,3.664350105339394,0.10094777758814674
2457.0,98.28,2.0,14.091224848986958,-18.55612019254131,14.091224848986958,-18.55612019254131,2.3146270273390304,3.664350105339394,0.10094777758814674
2458.0,98.32000000000001,2.0,14.017106097461047,-18.721497065524908,14.017106097461047,-18.721497065524908,2.3209399891273703,3.664350105339394,0.10094777758814674
2459.0,98.36,2.0,13.942359062551064,-18.885873047519567,13.942359062551064,-18.885873047519567,2.3272799666981867,3.664350105339394,0.10094777758814674
2460.0,98.4,2.0,13.86698330294209,-19.049240307020202,13.86698330294209,-19.049240307020202,2.3336469600514795,3.664350105339394,0.10094777758814674
2461.0,98.44,2.0,13.790978396116396,-19.211591124283498,13.790978396116396,-19.211591124283498,2.3400409691872484,3.664350105339394,0.10094777758814674
2462.0,98.48,2.0,13.714343938369996,-19.372917892497334,13.714343938369996,-19.372917892497334,2.346461994105494,3.664350105339394,0.10094777758814674
2463.0,98.52,2.0,13.63707954482844,-19.53321311893489,13.63707954482844,-19.53321311893489,2.3529100348062153,3.664350105339394,0.10094777758814674
2464.0,98.56,2.0,13.55918484946183,-19.692469426093144,13.55918484946183,-19.692469426093144,2.3593850912894134,3.664350105339394,0.10094777758814674
2465.0,98.60000000000001,2.0,13.480659505099121,-19.85067955281581,13.480659505099121,-19.85067955281581,2.3658871635550875,3.664350105339394,0.10094777758814674
2466.0,98.64,2.0,13.40150318344163,-20.007836355400304,13.40150318344163,-20.007836355400304,2.3724162516032385,3.664350105339394,0.10094777758814674
2467.0,98.68,2.0,13.321715575075828,-20.163932808688834,13.321715575075828,-20.163932808688834,2.378972355433866,3.664350105339394,0.10094777758814674
2468.0,98.72,2.0,13.241296389485344,-20.318962007143263,13.241296389485344,-20.318962007143263,2.385555475046969,3.664350105339394,0.10094777758814674
2469.0,98.76,2.0,13.160245355062239,-20.4729171659037,13.160245355062239,-20.4729171659037,2.392165610442549,3.664350105339394,0.10094777758814674
2470.0,98.8,2.0,13.078562219117508,-20.625791621830647,13.078562219117508,-20.625791621830647,2.3988027616206047,3.664350105339394,0.10094777758814674
2471.0,98.84,2.0,12.996246747890828,-20.77757883453054,12.996246747890828,-20.77757883453054,2.4054669285811374,3.664350105339394,0.10094777758814674
2472.0,98.88,2.0,12.913298726559558,-20.928272387364544,12.913298726559558,-20.928272387364544,2.412158111324146,3.664350105339394,0.10094777758814674
2473.0,98.92,2.0,12.82971795924698,-21.0778659884405,12.82971795924698,-21.0778659884405,2.4188763098496313,3.664350105339394,0.10094777758814674
2474.0,98.96000000000001,2.0,12.745504269029757,-21.22635347158779,12.745504269029757,-21.22635347158779,2.4256215241575925,3.664350105339394,0.10094777758814674
2475.0,99.0,2.0,12.66065749794468,-21.373728797315106,12.66065749794468,-21.373728797315106,2.4323937542480305,3.664350105339394,0.10094777758814674
2476.0,99.04,2.0,12.575177506994624,-21.519986053750888,12.575177506994624,-21.519986053750888,2.4391930001209445,3.664350105339394,0.10094777758814674
2477.0,99.08,2.0,12.489064176153734,-21.665119457566313,12.489064176153734,-21.665119457566313,2.4460192617763354,3.664350105339394,0.10094777758814674
2478.0,99.12,2.0,12.4023174043719,-21.809123354880818,12.4023174043719,-21.809123354880818,2.452872539214202,3.664350105339394,0.10094777758814674
2479.0,99.16,2.0,12.314937109578416,-21.951992222149812,12.314937109578416,-21.951992222149812,2.4597528324345452,3.664350105339394,0.10094777758814674
2480.0,99.2,2.0,12.226923228684937,-22.093720667034663,12.226923228684937,-22.093720667034663,2.466660141437365,3.664350105339394,0.10094777758814674
2481.0,99.24000000000001,2.0,12.138275717587614,-22.234303429254748,12.138275717587614,-22.234303429254748,2.4735944662226608,3.664350105339394,0.10094777758814674
2482.0,99.28,2.0,12.048994551168539,-22.37373538142142,12.048994551168539,-22.37373538142142,2.480555806790433,3.664350105339394,0.10094777758814674
2483.0,99.32000000000001,2.0,11.959079723296364,-22.512011529853776,11.959079723296364,-22.512011529853776,2.4875441631406816,3.664350105339394,0.10094777758814674
2484.0,99.36,2.0,11.868531246826207,-22.64912701537625,11.868531246826207,-22.64912701537625,2.4945595352734062,3.664350105339394,0.10094777758814674
2485.0,99.4,2.0,11.777349153598788,-22.785077114097668,11.777349153598788,-22.785077114097668,2.5016019231886077,3.664350105339394,0.10094777758814674
2486.0,99.44,2.0,11.685533494438785,-22.919857238171886,11.685533494438785,-22.919857238171886,2.508671326886285,3.664350105339394,0.10094777758814674
2487.0,99.48,2.0,11.593084339152462,-23.053462936539784,11.593084339152462,-23.053462936539784,2.515767746366439,3.664350105339394,0.10094777758814674
2488.0,99.52,2.0,11.50000177652451,-23.185889895652537,11.50000177652451,-23.185889895652537,2.522891181629069,3.664350105339394,0.10094777758814674
2489.0,99.56,2.0,11.406285914314152,-23.31713394017604,11.406285914314152,-23.31713394017604,2.5300416326741764,3.664350105339394,0.10094777758814674
2490.0,99.60000000000001,2.0,11.311936879250473,-23.447191033676468,11.311936879250473,-23.447191033676468,2.537219099501759,3.664350105339394,0.10094777758814674
2491.0,99.64,2.0,11.216954817026997,-23.576057279286744,11.216954817026997,-23.576057279286744,2.5444235821118184,3.6545673700689014,0.10058564676504056
2492.0,99.68,2.0,11.121339892295508,-23.70372892035393,11.121339892295508,-23.70372892035393,2.551614787224803,3.6357012699736266,0.09992554789431496
2493.0,99.72,2.0,11.025092288659108,-23.830202341067423,11.025092288659108,-23.830202341067423,2.5587927148407124,3.6074624567401394,0.09896610670241483
2494.0,99.76,2.0,10.92821220866453,-23.955474067067804,10.92821220866453,-23.955474067067804,2.5659573649595466,3.5698900981524475,0.09772206766969774
2495.0,99.8,2.0,10.830699873793662,-24.079540766036367,10.830699873793662,-24.079540766036367,2.573108737581307,3.522697345073556,0.0961930048169094
2496.0,99.84,2.0,10.732555524454355,-24.202399248265117,10.732555524454355,-24.202399248265117,2.5802468327059915,3.4657216171393164,0.09437425671577036
2497.0,99.88,2.0,10.633779419970454,-24.324046467207285,10.633779419970454,-24.324046467207285,2.5873716503336017,3.3989161827260745,0.09228152335290807
2498.0,99.92,2.0,10.534371838571058,-24.44447952000815,10.534371838571058,-24.44447952000815,2.594483190464137,3.3222270498180735,0.08989986846618866
2499.0,99.96000000000001,2.0,10.434333077379064,-24.56369564801621,10.434333077379064,-24.56369564801621,2.601581453097597,3.235502742506158,0.08721210093266739
2500.0,100.0,2.0,10.333663452398907,-24.681692237274564,10.333663452398907,-24.681692237274564,2.608666438233983,3.1387631892180194,0.08418852177898917
2501.0,100.04,2.0,10.232363298503588,-24.79846681899244,10.232363298503588,-24.79846681899244,2.6157381458732933,3.031922321746051,0.08079975065106364
2502.0,100.08,2.0,10.130432969420925,-24.91401706999679,10.130432969420925,-24.91401706999679,2.6227965760155287,2.9150461546846222,0.07698642765238296
2503.0,100.12,2.0,10.027872837719054,-25.028340813164004,10.027872837719054,-25.028340813164004,2.6298417286606894,2.7885280420416043,0.0725727470676215
2504.0,100.16,2.0,9.924683294791183,-25.141436017831435,9.924683294791183,-25.141436017831435,2.636867940679297,2.652403936764993,0.06755780626681746
2505.0,100.2,2.0,9.820864750839592,-25.25330080018894,9.820864750839592,-25.25330080018894,2.6438595225478316,2.5074450252905116,0.06125989787625483
2506.0,100.24000000000001,2.0,9.716417634858873,-25.363933423650277,9.716417634858873,-25.363933423650277,2.6508210270274586,2.353651307618159,0.0536790218959336
2507.0,100.28,2.0,9.611342394618433,-25.473332299204184,9.611342394618433,-25.473332299204184,2.6577455194203523,2.1910227837479366,0.04481517832585377
2508.0,100.32000000000001,2.0,9.505639496644239,-25.581495985745295,9.505639496644239,-25.581495985745295,2.6646422407648327,2.020121096779592,0.034662543053966904
2509.0,100.36,1.0,9.399309426199816,-25.688423190384764,9.399309426199816,-25.688423190384764,2.671499665297639,1.8407230625621722,0.023363452856920992
2510.0,100.4,0.0,9.292352687266494,-25.794112768740437,9.292352687266494,-25.794112768740437,2.678331393961952,1.6688337107365836,0.011046935450487797
2511.0,100.44,1.0,9.184769802522922,-25.898563725206724,9.184769802522922,-25.898563725206724,2.685135247718132,1.5060277237357762,-0.0017024408830153869
2512.0,100.48,0.0,9.076561313323808,-26.00177521320405,9.076561313323808,-26.00177521320405,2.6919001700849594,1.3525944498731821,-0.015261088508580992
2513.0,100.52,1.0,8.967727779677945,-26.10374653540771,8.967727779677945,-26.10374653540771,2.6986252193310505,1.2084947213647927,-0.028710747516791427
2514.0,100.56,1.0,8.85826978022547,-26.204477143956385,8.85826978022547,-26.204477143956385,2.70532168803851,1.074015387347603,-0.04187538270493064
2515.0,100.60000000000001,1.0,8.748289613549513,-26.303966640640052,8.748289613549513,-26.303966640640052,2.7119866383638302,0.9493190281857616,-0.05475033264471916
2516.0,100.64,1.0,8.638224661989094,-26.402214777067293,8.638224661989094,-26.402214777067293,2.7186134278492813,0.8344523755029217,-0.0673512973227844
2517.0,100.68,1.0,8.52764744758454,-26.499221454812073,8.52764744758454,-26.499221454812073,2.7252025377106297,0.7290944824023313,-0.07966334047699256
2518.0,100.72,1.0,8.416829563361663,-26.594986725539947,8.416829563361663,-26.594986725539947,2.731760669892574,0.6337464352532436,-0.09166927098439884
2519.0,100.76,1.0,8.305423070160137,-26.689510791113527,8.305423070160137,-26.689510791113527,2.7382895608607,0.5481648426246125,-0.10333938987164816
2520.0,100.8,1.0,8.193618001569707,-26.782794003677417,8.193618001569707,-26.782794003677417,2.744784806665872,0.47268456417981125,-0.11464431678465016
2521.0,100.84,0.0,8.081237329826624,-26.874836865722447,8.081237329826624,-26.874836865722447,2.7512416483898288,0.4072395853244702,-0.12552469182689704
2522.0,100.88,1.0,7.968274071462499,-26.96564003012924,7.968274071462499,-26.96564003012924,2.7576601361576785,0.35143655205071866,-0.1358047092830631
2523.0,100.92,0.0,7.85473716556768,-27.055204300191082,7.85473716556768,-27.055204300191082,2.7640489226699625,0.3052395114105602,-0.14503937860869354
2524.0,100.96000000000001,0.0,7.740635523724875,-27.143530629616198,7.740635523724875,-27.143530629616198,2.7704085332747495,0.2678772769682723,-0.15254608980011058
2525.0,101.0,0.0,7.6259412676758584,-27.230620122509233,7.6259412676758584,-27.230620122509233,2.776729328464641,0.23934984872385476,-0.15764313548359812
2526.0,101.04,1.0,7.510648519887452,-27.316474033332142,7.510648519887452,-27.316474033332142,2.783010884286215,0.2196572266773076,-0.16033051565915626
2527.0,101.08,1.0,7.394760585949366,-27.401093766844383,7.394760585949366,-27.401093766844383,2.7892650736504008,0.20771178679593846,-0.16060240621473645
2528.0,101.12,1.0,7.278273445073131,-27.484480878022396,7.278273445073131,-27.484480878022396,2.7954911742314166,0.20290095022277388,-0.15859531981493832
2529.0,101.16,1.0,7.161195611632177,-27.566637071958485,7.161195611632177,-27.566637071958485,2.8016778120855794,0.19922560673835377,-0.1542184901290754
2530.0,101.2,1.0,7.043526980095807,-27.647564203739012,7.043526980095807,-27.647564203739012,2.807826019704211,0.19394483315191327,-0.14788754510761734
2531.0,101.24000000000001,1.0,6.925249673170728,-27.727264278302002,6.925249673170728,-27.727264278302002,2.813943122379758,0.1875755936204623,-0.1395112983467145
2532.0,101.28,2.0,6.80636786692337,-27.805739450274068,6.80636786692337,-27.805739450274068,2.8200358961777443,0.17955940165086196,-0.1297091303730812
2533.0,101.32000000000001,2.0,6.686888492205375,-27.882992023786812,6.686888492205375,-27.882992023786812,2.826088442572306,0.17096548348468382,-0.11923081422027594
2534.0,101.36,2.0,6.5668073350367555,-27.958932844294,6.5668073350367555,-27.958932844294,2.8321020383222586,0.15993942980091544,-0.10766250961110312
2535.0,101.4,2.0,6.446055709325121,-28.03352429974441,6.446055709325121,-28.03352429974441,2.8380863586373595,0.14891337611714697,-0.09609420500193032
2536.0,101.44,2.0,6.323939157110092,-28.106778748309114,6.323939157110092,-28.106778748309114,2.844043919274357,0.13826226134588873,-0.08452590039275752
2537.0,101.48,2.0,6.201136807012015,-28.178681785958272,6.201136807012015,-28.178681785958272,2.849962242457063,0.1276364750270415,-0.07295759578358471
2538.0,101.52,2.0,6.077289594895174,-28.249244168516544,6.077289594895174,-28.249244168516544,2.8558470560379767,0.11725948016396137,-0.0613892911744119
2539.0,101.56,2.0,5.952742792252167,-28.318447317677457,5.952742792252167,-28.318447317677457,2.8617005590683187,0.10688248530088122,-0.04982098656523909
2540.0,101.60000000000001,2.0,5.827303717172001,-28.38630610470614,5.827303717172001,-28.38630610470614,2.8675239158972885,0.09650549043780107,-0.03825268195606629
2541.0,101.64,2.0,5.701146769230708,-28.45280009644414,5.701146769230708,-28.45280009644414,2.8733080817442667,0.08612849557472094,-0.02668437734689348
2542.0,101.68,2.0,5.57427632462769,-28.51793709618255,5.57427632462769,-28.51793709618255,2.8790710291427826,0.07575150071164079,-0.015560160652213755
2543.0,101.72,2.0,5.446680858705655,-28.581716324486887,5.446680858705655,-28.581716324486887,2.8848015506723654,0.06537450584856065,-0.004880934501988839
2544.0,101.76,2.0,5.318348896798329,-28.64413695396693,5.318348896798329,-28.64413695396693,2.890491852463165,0.05499751098548051,0.004671593730065215
2545.0,101.8,2.0,5.189305777343041,-28.705211403263554,5.189305777343041,-28.705211403263554,2.8961671277522623,0.04462051612240036,0.013097424043948407
2546.0,101.84,2.0,5.059554862091862,-28.764950611108535,5.059554862091862,-28.764950611108535,2.901827687598124,0.03476950219226418,0.020396556439660738
2547.0,101.88,2.0,4.929090354488714,-28.823339186355543,4.929090354488714,-28.823339186355543,2.907474460331413,0.02628023220299858,0.026563166805153762
2548.0,101.92,2.0,4.797913809943065,-28.880399990518484,4.797913809943065,-28.880399990518484,2.9131086760453018,0.018929522003650272,0.03173959191707548
2549.0,101.96000000000001,2.0,4.666014275060126,-28.93612452857976,4.666014275060126,-28.93612452857976,2.918729665724595,0.013184241906322358,0.03569272866809149
2550.0,102.0,2.0,4.533389443474706,-28.99051340017723,4.533389443474706,-28.99051340017723,2.9243385876764245,0.008527427754004896,0.03870917729289962
2551.0,102.04,2.0,4.400054808474974,-29.043565350207825,4.400054808474974,-29.043565350207825,2.9299382824836115,0.005517566039836806,0.04047531392843914
2552.0,102.08,2.0,4.266341095040492,-29.095272544574986,4.266341095040492,-29.095272544574986,2.9355297785768815,0.003085430522246524,0.04156530238480667
2553.0,102.12,2.0,4.132538310188613,-29.145636523073478,4.132538310188613,-29.145636523073478,2.941113829572962,0.003085430522246524,0.04156530238480667
2554.0,102.16,2.0,3.998662757038875,-29.194655518448712,3.998662757038875,-29.194655518448712,2.94669001334518,0.003085430522246524,0.04156530238480667
2555.0,102.2,2.0,3.864769309147261,-29.242397478350828,3.864769309147261,-29.242397478350828,2.9522658524389698,0.003085430522246524,0.04156530238480667
2556.0,102.24000000000001,2.0,3.73087079646456,-29.28886241891403,3.73087079646456,-29.28886241891403,2.957842870294831,0.003085430522246524,0.04156530238480667
2557.0,102.28,2.0,3.596980086670592,-29.33405031667179,3.596980086670592,-29.33405031667179,2.963422590353263,0.003085430522246524,0.04156530238480667
2558.0,102.32000000000001,2.0,3.4631100872718186,-29.377961109390846,3.4631100872718186,-29.377961109390846,2.9690065360547653,0.003085430522246524,0.04156530238480667
2559.0,102.36,2.0,3.32927374768332,-29.420594696949856,3.32927374768332,-29.420594696949856,2.9745962308398353,0.003085430522246524,0.04156530238480667
2560.0,102.4,2.0,3.195484061294335,-29.461950942262398,3.195484061294335,-29.461950942262398,2.980193198148974,0.003085430522246524,0.04156530238480667
2561.0,102.44,2.0,3.0617540675165302,-29.50202967224408,3.0617540675165302,-29.50202967224408,2.9857989614226796,0.003085430522246524,0.04156530238480667
2562.0,102.48,2.0,2.9281157314304993,-29.540839106383366,2.9281157314304993,-29.540839106383366,2.9913929593242155,0.003085430522246524,0.04156530238480667
2563.0,102.52,2.0,2.7948387672251926,-29.57844809264402,2.7948387672251926,-29.57844809264402,2.9969669633351175,0.003085430522246524,0.04156530238480667
2564.0,102.56,2.0,2.661954964270342,-29.61486800944476,2.661954964270342,-29.61486800944476,3.002523683037582,0.003085430522246524,0.04156530238480667
2565.0,102.60000000000001,2.0,2.529480744500666,-29.650103882100417,2.529480744500666,-29.650103882100417,3.008063063176821,0.003085430522246524,0.04156530238480667
2566.0,102.64,2.0,2.3974324430439755,-29.684160919140318,2.3974324430439755,-29.684160919140318,3.0135850484980504,0.003085430522246524,0.04156530238480667
2567.0,102.68,2.0,2.2658263067522157,-29.71704451141134,2.2658263067522157,-29.71704451141134,3.0190895837464806,0.003085430522246524,0.04156530238480667
2568.0,102.72,2.0,2.134678492741843,-29.748760231168937,2.134678492741843,-29.748760231168937,3.024576613667326,0.003085430522246524,0.04156530238480667
2569.0,102.76,2.0,2.0040050669436504,-29.779313831156216,2.0040050669436504,-29.779313831156216,3.0300460830058,0.003085430522246524,0.04156530238480667
2570.0,102.8,2.0,1.873822002662138,-29.808711243671063,1.873822002662138,-29.808711243671063,3.0354979365071153,0.003085430522246524,0.04156530238480667
2571.0,102.84,2.0,1.7441451791445333,-29.83695857962156,1.7441451791445333,-29.83695857962156,3.0409321189164857,0.003085430522246524,0.04156530238480667
2572.0,102.88,2.0,1.6149895678731454,-29.86407504288262,1.6149895678731454,-29.86407504288262,3.0463492929102105,0.003085430522246524,0.04156530238480667
2573.0,102.92,2.0,1.4863534303621948,-29.890055017867375,1.4863534303621948,-29.890055017867375,3.051748782719351,0.003085430522246524,0.04156530238480667
2574.0,102.96000000000001,2.0,1.3582410499316158,-29.91491710915168,1.3582410499316158,-29.91491710915168,3.057130954369515,0.003085430522246524,0.04156530238480667
2575.0,103.0,2.0,1.2306655781636968,-29.938635321526817,1.2306655781636968,-29.938635321526817,3.0624880711188367,0.003085430522246524,0.04156530238480667
2576.0,103.04,2.0,1.1036336579054655,-29.961214924593882,1.1036336579054655,-29.961214924593882,3.0678181249262786,0.003085430522246524,0.04156530238480667
2577.0,103.08,2.0,0.9771517738421196,-29.982661518805145,0.9771517738421196,-29.982661518805145,3.073119107750802,0.003085430522246524,0.04156530238480667
2578.0,103.12,2.0,0.8512262470816968,-30.00298103308427,0.8512262470816968,-30.00298103308427,3.0783890115513692,0.003085430522246524,0.04156530238480667
2579.0,103.16,2.0,0.7258632297744675,-30.022179722363624,0.7258632297744675,-30.022179722363624,3.0836258282869418,0.003085430522246524,0.04156530238480667
2580.0,103.2,2.0,0.6010686997683222,-30.040264165039183,0.6010686997683222,-30.040264165039183,3.0888275499164806,0.003085430522246524,0.04156530238480667
2581.0,103.24000000000001,2.0,0.4768484553014092,-30.057241260343655,0.4768484553014092,-30.057241260343655,3.093992168398948,0.003085430522246524,0.04156530238480667
2582.0,103.28,2.0,0.3531892321169761,-30.073109798078246,0.3531892321169761,-30.073109798078246,3.0991397604705417,0.003085430522246524,0.04156530238480667
2583.0,103.32000000000001,2.0,0.22983987680614673,-30.08780822097559,0.22983987680614673,-30.08780822097559,3.1042780700491863,0.003085430522246524,0.04156530238480667
2584.0,103.36,2.0,0.10678701753900602,-30.10133272094839,0.10678701753900602,-30.10133272094839,3.1094039029521467,0.003085430522246524,0.04156530238480667
2585.0,103.4,2.0,-0.015967496494364443,-30.113686120839823,-0.015967496494364443,-30.113686120839823,3.114516829833671,0.003085430522246524,0.04156530238480667
2586.0,103.44,2.0,-0.13842187886458332,-30.12487133626024,-0.13842187886458332,-30.12487133626024,3.119616421348007,0.003085430522246524,0.04156530238480667
2587.0,103.48,2.0,-0.26057440756401823,-30.13489137460287,-0.26057440756401823,-30.13489137460287,3.124702248149401,0.003085430522246524,0.04156530238480667
2588.0,103.52,2.0,-0.38242342665416135,-30.143749334035647,-0.38242342665416135,-30.143749334035647,3.129773880892102,0.003085430522246524,0.04156530238480667
2589.0,103.56,2.0,-0.5039673478990198,-30.151448402469335,-0.5039673478990198,-30.151448402469335,3.134830890230356,0.003085430522246524,0.04156530238480667
2590.0,103.60000000000001,2.0,-0.6252046523842084,-30.15799185650215,-0.6252046523842084,-30.15799185650215,3.1398728468184127,0.003085430522246524,0.04156530238480667
2591.0,103.64,2.0,-0.7461338921214404,-30.163383060341,-0.7461338921214404,-30.163383060341,3.1448993213105187,0.003085430522246524,0.04156530238480667
2592.0,103.68,2.0,-0.8667536916381053,-30.16762546469962,-0.8667536916381053,-30.16762546469962,3.1499098843609215,0.003085430522246524,0.04156530238480667
2593.0,103.72,2.0,-0.9870535318301663,-30.17072531876639,-0.9870535318301663,-30.17072531876639,3.1549045359696204,0.003085430522246524,0.04156530238480667
2594.0,103.76,2.0,-1.1070229775866394,-30.1726889848178,-1.1070229775866394,-30.1726889848178,3.159883276136618,0.003085430522246524,0.04156530238480667
2595.0,103.8,2.0,-1.22665167906173,-30.173522937136585,-1.22665167906173,-30.173522937136585,3.1648461048619114,0.003085430522246524,0.04156530238480667
2596.0,103.84,2.0,-1.3459293729333568,-30.173233760915267,-1.3459293729333568,-30.173233760915267,3.1697930221455013,0.003085430522246524,0.04156530238480667
2597.0,103.88,2.0,-1.464890102646809,-30.171857561542453,-1.464890102646809,-30.171857561542453,3.174691537927759,0.003085430522246524,0.04156530238480667
2598.0,103.92,2.0,-1.5835545212265705,-30.169425382058193,-1.5835545212265705,-30.169425382058193,3.1795430782160707,0.003085430522246524,0.04156530238480667
2599.0,103.96000000000001,2.0,-1.7019514996238534,-30.16597653308088,-1.7019514996238534,-30.16597653308088,3.184349375132086,0.003085430522246524,0.04156530238480667
2600.0,104.0,2.0,-1.8201033348535167,-30.161541836278627,-1.8201033348535167,-30.161541836278627,3.189112570619951,0.003085430522246524,0.04156530238480667
2601.0,104.04,2.0,-1.9380360569104087,-30.15615866927369,-1.9380360569104087,-30.15615866927369,3.1938344341072296,0.003085430522246524,0.04156530238480667
2602.0,104.08,2.0,-2.055773054423815,-30.14984492134114,-2.055773054423815,-30.14984492134114,3.198516938486515,0.0010727202462098423,0.04156530238480667
2603.0,104.12,2.0,-2.1733419142595642,-30.142637615938956,-2.1733419142595642,-30.142637615938956,3.203162138024146,-0.0021311151193078915,0.04156530238480667
2604.0,104.16,2.0,-2.290766021734435,-30.13456270028716,-2.290766021734435,-30.13456270028716,3.2077720655997983,-0.007085648158150171,0.04156530238480667
2605.0,104.2,2.0,-2.4080679626871806,-30.12565850098484,-2.4080679626871806,-30.12565850098484,3.212348659485408,-0.01353464465890208,0.04156530238480667
2606.0,104.24000000000001,2.0,-2.5252673024081904,-30.115946927319754,-2.5252673024081904,-30.115946927319754,3.2168939290223233,-0.021718854214652285,0.04156530238480667
2607.0,104.28,2.0,-2.6423842047046935,-30.105470922458533,-2.6423842047046935,-30.105470922458533,3.2214099186173435,-0.031469654589340194,0.04156530238480667
2608.0,104.32000000000001,2.0,-2.759441184099678,-30.09425400551306,-2.759441184099678,-30.09425400551306,3.225898387062833,-0.042749973785454184,0.04157813893860093
2609.0,104.36,2.0,-2.876467345907302,-30.082320735110965,-2.876467345907302,-30.082320735110965,3.2303618346005796,-0.05554376046915507,0.04170417134564781
2610.0,104.4,2.0,-2.993465737594218,-30.069712357934257,-2.993465737594218,-30.069712357934257,3.2347859076001733,-0.06985101464044285,0.04194339960594729
2611.0,104.44,2.0,-3.110420466116717,-30.056459052203046,-3.110420466116717,-30.056459052203046,3.239178701776261,-0.08567173629931753,0.042295823719499394
2612.0,104.48,2.0,-3.227364989519462,-30.04259557086402,-3.227364989519462,-30.04259557086402,3.243539677078965,-0.10246952423396335,0.04280221776045929
2613.0,104.52,2.0,-3.3443330307913737,-30.028156204639384,-3.3443330307913737,-30.028156204639384,3.2478682934584078,-0.12029802859481856,0.043498534360447996
2614.0,104.56,2.0,-3.4613368944982965,-30.01316083321802,-3.4613368944982965,-30.01316083321802,3.2521642961541515,-0.1390448543896827,0.04439129941629717
2615.0,104.60000000000001,2.0,-3.578229868359353,-29.997642412687476,-3.578229868359353,-29.997642412687476,3.2564234609551463,-0.1591262013057105,0.045519377096552044
2616.0,104.64,2.0,-3.695209318942239,-29.981635901073385,-3.695209318942239,-29.981635901073385,3.260656133249767,-0.17920754822173834,0.04690177908503029
2617.0,104.68,2.0,-3.811919204744357,-29.965145627821556,-3.811919204744357,-29.965145627821556,3.26487002000126,-0.19928889513776615,0.04853850538173193
2618.0,104.72,2.0,-3.9287024951929417,-29.94817928215158,-3.9287024951929417,-29.94817928215158,3.2690792733153975,-0.219370242053794,0.05042871179205354
2619.0,104.76,2.0,-4.04487035279195,-29.930723237061304,-4.04487035279195,-29.930723237061304,3.2732575076562704,-0.23945158896982177,0.052595077397024424
2620.0,104.8,1.0,-4.161107972181686,-29.91278892436002,-4.161107972181686,-29.91278892436002,3.2774286224520295,-0.25953293588584964,0.055020054904310806
2621.0,104.84,1.0,-4.277421261225305,-29.894375586423592,-4.277421261225305,-29.894375586423592,3.28158349244628,-0.2776015725258408,0.05778805962906698
2622.0,104.88,1.0,-4.393801318617909,-29.87549866830186,-4.393801318617909,-29.87549866830186,3.285720960272997,-0.2944790840763508,0.060576032770020403
2623.0,104.92,1.0,-4.510235442285553,-29.856154171709786,-4.510235442285553,-29.856154171709786,3.289839787192403,-0.3096058979535363,0.06336400591097384
2624.0,104.96000000000001,1.0,-4.6267155250684615,-29.836348860485934,-4.6267155250684615,-29.836348860485934,3.2939387558513906,-0.32323824836881226,0.06615197905192727
2625.0,105.0,1.0,-4.743234648487692,-29.816076800065417,-4.743234648487692,-29.816076800065417,3.2980167435045855,-0.3350759770440565,0.06893995219288071
2626.0,105.04,1.0,-4.859789299593889,-29.795348149313938,-4.859789299593889,-29.795348149313938,3.3020725563372038,-0.3428576979062824,0.07172792533383414
2627.0,105.08,0.0,-4.976375747621917,-29.77415170453507,-4.976375747621917,-29.77415170453507,3.306104965469013,-0.34678910518906225,0.07450306192099332
2628.0,105.12,0.0,-5.092988287453857,-29.75249535265633,-5.092988287453857,-29.75249535265633,3.3101130276342126,-0.34692332222374683,0.07716500265489988
2629.0,105.16,0.0,-5.209614995148294,-29.730385602966436,-5.209614995148294,-29.730385602966436,3.3140950581175788,-0.3432764003441753,0.07971374753555381
2630.0,105.2,1.0,-5.3262703721271665,-29.707812337660776,-5.3262703721271665,-29.707812337660776,3.3180662260760876,-0.3358483395503477,0.08214929656295515
2631.0,105.24000000000001,1.0,-5.4429882233309925,-29.684908788899993,-5.4429882233309925,-29.684908788899993,3.3220192513216555,-0.32517554105407975,0.08443087566294868
2632.0,105.28,1.0,-5.559753361057382,-29.66167100376859,-5.559753361057382,-29.66167100376859,3.3259554894307253,-0.311740755916749,0.08640580152948056
2633.0,105.32000000000001,1.0,-5.676550686488027,-29.63809516650267,-5.676550686488027,-29.63809516650267,3.32987629597974,-0.29560272898011763,0.08803159563409808
2634.0,105.36,0.0,-5.793386868385261,-29.614177596807654,-5.793386868385261,-29.614177596807654,3.3337827412557006,-0.27645765554923135,0.08926286791142439
2635.0,105.4,0.0,-5.910427936792008,-29.58991474811772,-5.910427936792008,-29.58991474811772,3.337679864996223,-0.25522385705809914,0.09004174250909654
2636.0,105.44,1.0,-6.0274961825606175,-29.565303205797377,-6.0274961825606175,-29.565303205797377,3.341558137339497,-0.2315956617999803,0.09034920774329688
2637.0,105.48,1.0,-6.144923420445531,-29.54033478385094,-6.144923420445531,-29.54033478385094,3.34544315690847,-0.2055730697748749,0.0901861078086288
2638.0,105.52,1.0,-6.26244708238399,-29.51500528972496,-6.26244708238399,-29.51500528972496,3.3493201611165477,-0.17740569856767618,0.0895306078186664
2639.0,105.56,2.0,-6.380465329591396,-29.489311619745394,-6.380465329591396,-29.489311619745394,3.353214618904554,-0.1466294529591512,0.08837477305575991
2640.0,105.60000000000001,2.0,-6.498554188988312,-29.46325068044109,-6.498554188988312,-29.46325068044109,3.3571013044267586,-0.11405955505037361,0.08663113377351374
2641.0,105.64,2.0,-6.616602373962173,-29.436819388630877,-6.616602373962173,-29.436819388630877,3.3609883890385537,-0.08148965714159599,0.08453272760013761
2642.0,105.68,2.0,-6.734607270903308,-29.41001467151043,-6.734607270903308,-29.41001467151043,3.3648758727399395,-0.048919759232818404,0.08204744772106
2643.0,105.72,2.0,-6.852566268503017,-29.382833466738756,-6.852566268503017,-29.382833466738756,3.3687637555309156,-0.016349861324040794,0.07917529413628092
2644.0,105.76,2.0,-6.970476757834063,-29.355272722524468,-6.970476757834063,-29.355272722524468,3.3726520374114832,0.0161606278997034,0.07591626684580036
2645.0,105.8,2.0,-7.088336132430921,-29.327329397711726,-7.088336132430921,-29.327329397711726,3.376540718381641,0.046181700129367,0.07227036584961832
2646.0,105.84,2.0,-7.206141788369705,-29.299000461865855,-7.206141788369705,-29.299000461865855,3.38042979844139,0.07388197760101062,0.06823759114773482
2647.0,105.88,2.0,-7.323891124347829,-29.27028289535873,-7.323891124347829,-29.27028289535873,3.3843192775907296,0.09929853231214585,0.06399386541903605
2648.0,105.92,2.0,-7.441581541763362,-29.241173689453763,-7.441581541763362,-29.241173689453763,3.3882091558296596,0.12244741559661189,0.05975013969033728
2649.0,105.96000000000001,2.0,-7.5592104447940995,-29.211669846390674,-7.5592104447940995,-29.211669846390674,3.392099433158181,0.14332862745440875,0.05550641396163851
2650.0,106.0,2.0,-7.676775240476333,-29.181768379469855,-7.676775240476333,-29.181768379469855,3.395990109576292,0.16054292173065543,0.051262688232939724
2651.0,106.04,2.0,-7.794273338783317,-29.15146631313654,-7.794273338783317,-29.15146631313654,3.3998811850839945,0.17461077961014584,0.04713569317867381
2652.0,106.08,2.0,-7.911702152703442,-29.120760683064574,-7.911702152703442,-29.120760683064574,3.403772659681288,0.18547855094244178,0.04316138143046176
2653.0,106.12,2.0,-8.029059098318097,-29.089648536239842,-8.029059098318097,-29.089648536239842,3.4076645333681723,0.1932586307197437,0.039346278885135255
2654.0,106.16,2.0,-8.14634159487922,-29.058126931043482,-8.14634159487922,-29.058126931043482,3.411556806144647,0.1975348192548968,0.035729249711239496
2655.0,106.2,2.0,-8.26354706488656,-29.026192937334713,-8.26354706488656,-29.026192937334713,3.4154494780107125,0.19804023640315535,0.03232930559259219
2656.0,106.24000000000001,2.0,-8.380672934164602,-28.99384363653331,-8.380672934164602,-28.99384363653331,3.4193425489663682,0.19615125678442738,0.029146446529193328
2657.0,106.28,2.0,-8.497716631939195,-28.96107612170181,-8.497716631939195,-28.96107612170181,3.423236019011615,0.19211749798360603,0.02635646035216375
2658.0,106.32000000000001,2.0,-8.614675590913848,-28.92788749762739,-8.614675590913848,-28.92788749762739,3.4271298881464527,0.18547486478145842,0.023984829071487017
2659.0,106.36,2.0,-8.731547247345725,-28.894274880903325,-8.731547247345725,-28.894274880903325,3.4310241563708814,0.1770385792790582,0.02203741004735868
2660.0,106.4,2.0,-8.848329041121303,-28.860235400010247,-8.848329041121303,-28.860235400010247,3.4349188236849004,0.16860229377665797,0.020515794952458807
2661.0,106.44,2.0,-8.965018415831722,-28.825766195396973,-8.965018415831722,-28.825766195396973,3.4388138900885106,0.16016600827425775,0.01947766487546471
2662.0,106.48,2.0,-9.081612818847782,-28.790864419561004,-9.081612818847782,-28.790864419561004,3.442709355581711,0.15172972277185756,0.019280883011640007
2663.0,106.52,2.0,-9.198109701394648,-28.755527237128742,-9.198109701394648,-28.755527237128742,3.4466052201645017,0.1432934372694573,0.019925449360984705
2664.0,106.56,2.0,-9.314506518626189,-28.719751824935287,-9.314506518626189,-28.719751824935287,3.4505014838368844,0.1348571517670571,0.021411363923498804
2665.0,106.60000000000001,2.0,-9.430800729699008,-28.683535372103925,-9.430800729699008,-28.683535372103925,3.4543981465988574,0.12762817290159997,0.0237386266991823
2666.0,106.64,2.0,-9.546989797846132,-28.64687508012533,-9.546989797846132,-28.64687508012533,3.458295208450421,0.12160650067308594,0.02673131500914899
2667.0,106.68,1.0,-9.66307119045035,-28.609768162936287,-9.66307119045035,-28.609768162936287,3.462192669391575,0.11679213508151502,0.030178477826583602
2668.0,106.72,1.0,-9.77904237911723,-28.57221184699815,-9.77904237911723,-28.57221184699815,3.4660905294223205,0.1131850761268872,0.03394909395707223
2669.0,106.76,0.0,-9.894900839747791,-28.534203371374975,-9.894900839747791,-28.534203371374975,3.469988788542656,0.11329350642202211,0.037719710087560865
2670.0,106.8,0.0,-10.010644052610813,-28.495739987811206,-10.010644052610813,-28.495739987811206,3.473887446752583,0.11724128886827725,0.04149032621804949
2671.0,106.84,0.0,-10.126269502414825,-28.45681896080905,-10.126269502414825,-28.45681896080905,3.4777865040520997,0.12504434349267443,0.045260942348538113
2672.0,106.88,0.0,-10.241774678379729,-28.417437567705527,-10.241774678379729,-28.417437567705527,3.4816859604412076,0.13670267029521366,0.04903155847902674
2673.0,106.92,0.0,-10.357157074308082,-28.377593098749085,-10.357157074308082,-28.377593098749085,3.4855858159199067,0.1522162692758949,0.052802174609515376
2674.0,106.96000000000001,0.0,-10.472414188656026,-28.337282857175914,-10.472414188656026,-28.337282857175914,3.4894860704881965,0.17154634887272335,0.056572790740004
2675.0,107.0,0.0,-10.587543524603845,-28.296504159285846,-10.587543524603845,-28.296504159285846,3.4933867241460765,0.19331653446579106,0.06034340687049262
2676.0,107.04,0.0,-10.702542590126196,-28.255254334517925,-10.702542590126196,-28.255254334517925,3.4972877768935478,0.21752682605509802,0.06393739097525701
2677.0,107.08,0.0,-10.817408898061958,-28.213530725525565,-10.817408898061958,-28.213530725525565,3.5011892287306092,0.24417722364064412,0.06735474305429714
2678.0,107.12,2.0,-10.932139966183728,-28.171330688251377,-10.932139966183728,-28.171330688251377,3.5050910796572614,0.27326772722242954,0.07048362895470096
2679.0,107.16,2.0,-11.046733317266964,-28.12865159200161,-11.046733317266964,-28.12865159200161,3.508993329673505,0.3047983368004541,0.07341247817685122
2680.0,107.2,2.0,-11.16118647915874,-28.085490819520153,-11.16118647915874,-28.085490819520153,3.5128959787793392,0.3363289463784787,0.07624471608679718
2681.0,107.24000000000001,2.0,-11.27549698484616,-28.041845767062277,-11.27549698484616,-28.041845767062277,3.5167990269747635,0.3678595559565033,0.07862247948927523
2682.0,107.28,2.0,-11.389662372524397,-27.997713844467903,-11.389662372524397,-27.997713844467903,3.5207024742597786,0.39939016553452794,0.08054576838428533
2683.0,107.32000000000001,2.0,-11.50368018566434,-27.953092475234474,-11.50368018566434,-27.953092475234474,3.524606320634385,0.4309207751125525,0.08201458277182752
2684.0,107.36,2.0,-11.617547973079908,-27.907979096589543,-11.617547973079908,-27.907979096589543,3.5285105660985816,0.461244078053634,0.08302892265190179
2685.0,107.4,2.0,-11.731263288994963,-27.862371159562866,-11.731263288994963,-27.862371159562866,3.5324152106523696,0.49036007435777246,0.08358878802450813
2686.0,107.44,2.0,-11.84482369310985,-27.816266129058153,-11.84482369310985,-27.816266129058153,3.536320254295748,0.5182687640249677,0.08369417888964654
2687.0,107.48,2.0,-11.958226750667558,-27.769661483924445,-11.958226750667558,-27.769661483924445,3.5402256970287165,0.54497014705522,0.08347611644173096
2688.0,107.52,2.0,-12.07147003251954,-27.722554717027048,-12.07147003251954,-27.722554717027048,3.544131538851277,0.5702073739794243,0.08325805399381536
2689.0,107.56,2.0,-12.184551115191084,-27.674943335318112,-12.184551115191084,-27.674943335318112,3.548037779763427,0.5938725019232456,0.08303999154589976
2690.0,107.60000000000001,2.0,-12.29746758094635,-27.626824859906787,-12.29746758094635,-27.626824859906787,3.551944419765169,0.6150975238708273,0.08282192909798415
2691.0,107.64,2.0,-12.410217017853029,-27.578196826129005,-12.410217017853029,-27.578196826129005,3.555851458856501,0.63388243982217,0.08260386665006855
2692.0,107.68,2.0,-12.522797019846571,-27.52905678361684,-12.522797019846571,-27.52905678361684,3.559758897037424,0.6502272497772734,0.08238580420215295
2693.0,107.72,2.0,-12.635205186794085,-27.47940229636745,-12.635205186794085,-27.47940229636745,3.5636667343079376,0.6641319537361376,0.08216774175423736
2694.0,107.76,2.0,-12.747439124557781,-27.429230942811653,-12.747439124557781,-27.429230942811653,3.567574970668042,0.6755965516987626,0.08194967930632176
2695.0,107.8,2.0,-12.859496445058097,-27.37854031588208,-12.859496445058097,-27.37854031588208,3.5714836061177366,0.6846210436651484,0.08173161685840617
2696.0,107.84,2.0,-12.971374766336366,-27.32732802308088,-12.971374766336366,-27.32732802308088,3.575392640657022,0.6912054296352949,0.08151355441049057
2697.0,107.88,2.0,-13.083071712617146,-27.275591686547077,-13.083071712617146,-27.275591686547077,3.579307737415377,0.6953497096092022,0.08165027774992543
2698.0,107.92,2.0,-13.194584914370106,-27.223328943123484,-13.194584914370106,-27.223328943123484,3.583244585916321,0.6970538835868701,0.08204494719657957
2699.0,107.96000000000001,2.0,-13.305912008371555,-27.170537444423168,-13.305912008371555,-27.170537444423168,3.5871986333986876,0.6981887952528449,0.0824396166432337
2700.0,108.0,2.0,-13.417050637765545,-27.117214856895558,-13.417050637765545,-27.117214856895558,3.5911768145603045,0.696811151181289,0.08283428608988783
2701.0,108.04,2.0,-13.527998452124589,-27.063358861892112,-13.527998452124589,-27.063358861892112,3.59516988836285,0.6929209513722023,0.08322895553654197
2702.0,108.08,2.0,-13.638753107509986,-27.008967155731508,-13.638753107509986,-27.008967155731508,3.5991893805695856,0.6865181958255849,0.08362362498319612
2703.0,108.12,2.0,-13.749312266531707,-26.954037449764524,-13.749312266531707,-26.954037449764524,3.6032216902373295,0.6776028845414368,0.08401829442985025
2704.0,108.16,2.0,-13.859673598407937,-26.898567470438397,-13.859673598407937,-26.898567470438397,3.6072689964057227,0.6663278960012236,0.08441296387650439
2705.0,108.2,2.0,-13.969834779024149,-26.84255495936078,-13.969834779024149,-26.84255495936078,3.6113423555559843,0.6526932302049451,0.08480763332315852
2706.0,108.24000000000001,2.0,-14.079793490991822,-26.785997673363305,-14.079793490991822,-26.785997673363305,3.6154427094194985,0.6373001478245522,0.08520230276981267
2707.0,108.28,2.0,-14.189547423706708,-26.728893384564657,-14.189547423706708,-26.728893384564657,3.6195587654141606,0.6192965618712112,0.08559697221646678
2708.0,108.32000000000001,2.0,-14.299195974741863,-26.67123988043329,-14.299195974741863,-26.67123988043329,3.6236934613834766,0.5978303853560876,0.08579691758792062
2709.0,108.36,2.0,-14.409173613742214,-26.61303496384963,-14.409173613742214,-26.61303496384963,3.6278534397851785,0.5737537052680158,0.08580213888417412
2710.0,108.4,2.0,-14.519049938452,-26.55427645316791,-14.519049938452,-26.55427645316791,3.632038219403498,0.5470665216069956,0.0856126361052273
2711.0,108.44,2.0,-14.629093606081295,-26.49496218227751,-14.629093606081295,-26.49496218227751,3.636241098293739,0.5177688343730271,0.08522840925108018
2712.0,108.48,2.0,-14.738953730217057,-26.435090000663916,-14.738953730217057,-26.435090000663916,3.6404603399903133,0.4858606435661103,0.08464945832173273
2713.0,108.52,2.0,-14.848817385842334,-26.374657773469195,-14.848817385842334,-26.374657773469195,3.6447003484423566,0.4513419491862451,0.08387578331718498
2714.0,108.56,2.0,-14.958504575316015,-26.313663381552022,-14.958504575316015,-26.313663381552022,3.6489658825681324,0.41421275123343165,0.0829073842374369
2715.0,108.60000000000001,1.0,-15.068005334105308,-26.25210472154733,-15.068005334105308,-26.25210472154733,3.6532568922425304,0.37673898490152663,0.08174426108248851
2716.0,108.64,0.0,-15.177325609133069,-26.189979705925417,-15.177325609133069,-26.189979705925417,3.6575647247650096,0.33926521856962155,0.08014065928894715
2717.0,108.68,0.0,-15.286471308795699,-26.127286263050685,-15.286471308795699,-26.127286263050685,3.661888854787503,0.30179145223771653,0.07789768181803514
2718.0,108.72,0.0,-15.395411540714397,-26.06402233723989,-15.395411540714397,-26.06402233723989,3.6662389218174067,0.26488694821750486,0.07527836225929381
2719.0,108.76,0.0,-15.504137402386059,-26.000185888819967,-15.504137402386059,-26.000185888819967,3.6706153498081435,0.2304949999348239,0.07228270061272318
2720.0,108.8,0.0,-15.612649163666267,-25.93577489418534,-15.612649163666267,-25.93577489418534,3.675006265848785,0.19861560738967357,0.06891069687832327
2721.0,108.84,0.0,-15.720939757353745,-25.87078734585489,-15.720939757353745,-25.87078734585489,3.679412392265112,0.16924877058205395,0.06516235105609405
2722.0,108.88,1.0,-15.829014640816204,-25.805221252528348,-15.829014640816204,-25.805221252528348,3.683845103000808,0.14239448951196507,0.06103766314603556
2723.0,108.92,0.0,-15.936870641010435,-25.73907463914233,-15.936870641010435,-25.73907463914233,3.6883033655645514,0.11789988569794137,0.05664854788434268
2724.0,108.96000000000001,2.0,-16.044486802710196,-25.67234554692581,-16.044486802710196,-25.67234554692581,3.692779854663895,0.09576495913998292,0.052259432622649836
2725.0,109.0,2.0,-16.151864213715246,-25.605032033455256,-16.151864213715246,-25.605032033455256,3.697267794233315,0.07598970983808968,0.04787031736095698
2726.0,109.04,2.0,-16.259006706363774,-25.537132172709196,-16.259006706363774,-25.537132172709196,3.7017830827986757,0.05797287712031075,0.043481202099264114
2727.0,109.08,2.0,-16.36590695800285,-25.46873566310098,-16.36590695800285,-25.46873566310098,3.706324443601161,0.04256654797548013,0.03928681091277157
2728.0,109.12,2.0,-16.472493163795182,-25.399880826134908,-16.472493163795182,-25.399880826134908,3.7108822014310143,0.02977072240359786,0.03528714380147935
2729.0,109.16,2.0,-16.578067737051374,-25.330556178486884,-16.578067737051374,-25.330556178486884,3.7154538405314863,0.019585400404663913,0.031482200765387436
2730.0,109.2,2.0,-16.68330666776674,-25.260777164214655,-16.68330666776674,-25.260777164214655,3.720051838678766,0.0120105819786783,0.027871981804495835
2731.0,109.24000000000001,2.0,-16.787847743372925,-25.19053423246849,-16.787847743372925,-25.19053423246849,3.724670468020354,0.007046267125641016,0.02445648691880456
2732.0,109.28,2.0,-16.892033077210954,-25.11984733122207,-16.892033077210954,-25.11984733122207,3.729307529505029,0.004692455845552064,0.021235716108313596
2733.0,109.32000000000001,2.0,-16.995659981852242,-25.048717847765012,-16.995659981852242,-25.048717847765012,3.733963525093477,0.0049491481384114425,0.018209669373022947
2734.0,109.36,2.0,-17.09890786547876,-24.977157667536893,-17.09890786547876,-24.977157667536893,3.738646848971966,0.00555040881036236,0.015378346712932615
2735.0,109.4,2.0,-17.201776792892712,-24.90516050493903,-17.201776792892712,-24.90516050493903,3.743337960628357,0.006151669482313277,0.012741748128042596
2736.0,109.44,2.0,-17.304249606921523,-24.832734608852746,-17.304249606921523,-24.832734608852746,3.7480468799172426,0.006752930154264194,0.010595610337261764
2737.0,109.48,2.0,-17.406314874246302,-24.75988299706492,-17.406314874246302,-24.75988299706492,3.75277995983983,0.007354190826215111,0.008825814634310225
2738.0,109.52,2.0,-17.507993703737295,-24.686594326085537,-17.507993703737295,-24.686594326085537,3.757510548406458,0.007955451498166028,0.007432361019187985
2739.0,109.56,2.0,-17.609286321909053,-24.612862858634774,-17.609286321909053,-24.612862858634774,3.7622369516163947,0.008556712170116946,0.006415249491895042
2740.0,109.60000000000001,2.0,-17.710184309670005,-24.538700461944128,-17.710184309670005,-24.538700461944128,3.766956914289278,0.009157972842067862,0.005774480052431395
2741.0,109.64,2.0,-17.810683764138847,-24.464089494486686,-17.810683764138847,-24.464089494486686,3.7716678300132487,0.00975923351401878,0.005510052700797047
2742.0,109.68,2.0,-17.910767822697856,-24.389053549414875,-17.910767822697856,-24.389053549414875,3.776369048166011,0.010360494185969696,0.005510052700797047
2743.0,109.72,2.0,-18.010433063639816,-24.313593290270273,-18.010433063639816,-24.313593290270273,3.7810581612436813,0.010961754857920614,0.005510052700797047
2744.0,109.76,2.0,-18.10973325192257,-24.237701129495143,-18.10973325192257,-24.237701129495143,3.7857418340397846,0.010961754857920614,0.005510052700797047
2745.0,109.8,2.0,-18.208656827014988,-24.16139442924836,-18.208656827014988,-24.16139442924836,3.7904189035134443,0.010961754857920614,0.005510052700797047
2746.0,109.84,2.0,-18.30719691602015,-24.084681351671186,-18.30719691602015,-24.084681351671186,3.795088481437783,0.010961754857920614,0.005510052700797047
2747.0,109.88,2.0,-18.40535172690333,-24.007573539667998,-18.40535172690333,-24.007573539667998,3.799750855329324,0.010961754857920614,0.005510052700797047
2748.0,109.92,2.0,-18.503158111928645,-23.930013094775003,-18.503158111928645,-23.930013094775003,3.8043983680324818,0.010961754857920614,0.005510052700797047
2749.0,109.96000000000001,2.0,-18.600610955233286,-23.852010223386394,-18.600610955233286,-23.852010223386394,3.8090293614966066,0.010961754857920614,0.005510052700797047
2750.0,110.0,2.0,-18.697705255777514,-23.77357534462741,-18.697705255777514,-23.77357534462741,3.8136421776710487,0.010961754857920614,0.005510052700797047
2751.0,110.04,2.0,-18.794436131057825,-23.694719089291304,-18.794436131057825,-23.694719089291304,3.8182351585051593,0.010961754857920614,0.005510052700797047
2752.0,110.08,2.0,-18.890850050962108,-23.615395297402813,-18.890850050962108,-23.615395297402813,3.8228037442532323,0.010961754857920614,0.005510052700797047
2753.0,110.12,2.0,-18.986955460839173,-23.53558307439526,-18.986955460839173,-23.53558307439526,3.8273419828747186,0.010961754857920614,0.005510052700797047
2754.0,110.16,2.0,-19.082742479179114,-23.455299754267973,-19.082742479179114,-23.455299754267973,3.8318483364381275,0.010961754857920614,0.005510052700797047
2755.0,110.2,2.0,-19.178230492085703,-23.37453391892304,-19.178230492085703,-23.37453391892304,3.836347173820927,0.010961754857920614,0.005510052700797047
2756.0,110.24000000000001,2.0,-19.27366522009902,-23.293212357441487,-19.27366522009902,-23.293212357441487,3.8408470459184683,0.010961754857920614,0.005510052700797047
2757.0,110.28,2.0,-19.36906615199787,-23.21131629666226,-19.36906615199787,-23.21131629666226,3.845345015700736,0.010961754857920614,0.005510052700797047
2758.0,110.32000000000001,2.0,-19.464437389416243,-23.128847652351652,-19.464437389416243,-23.128847652351652,3.849841891103144,0.010961754857920614,0.005510052700797047
2759.0,110.36,2.0,-19.55977623167095,-23.045802167377044,-19.55977623167095,-23.045802167377044,3.854342515225546,0.010961754857920614,0.005510052700797047
2760.0,110.4,2.0,-19.655086114932402,-22.962184308101122,-19.655086114932402,-22.962184308101122,3.8588485347142596,0.010961754857920614,0.005510052700797047
2761.0,110.44,2.0,-19.750370707983798,-22.877990261667104,-19.750370707983798,-22.877990261667104,3.863360814777221,0.010961754857920614,0.005510052700797047
2762.0,110.48,2.0,-19.84563109020782,-22.79321617611688,-19.84563109020782,-22.79321617611688,3.86788159656279,0.010961754857920614,0.005510052700797047
2763.0,110.52,2.0,-19.940863875134074,-22.707862514845864,-19.940863875134074,-22.707862514845864,3.8724120778924718,0.010961754857920614,0.005510052700797047
2764.0,110.56,2.0,-20.03602444770138,-22.621942051110565,-20.03602444770138,-22.621942051110565,3.876942047881823,0.010961754857920614,0.005510052700797047
2765.0,110.60000000000001,2.0,-20.131118973745135,-22.53542815684817,-20.131118973745135,-22.53542815684817,3.8814713814491384,0.010961754857920614,0.005510052700797047
2766.0,110.64,2.0,-20.226138117333594,-22.448325230567427,-20.226138117333594,-22.448325230567427,3.88600170600556,0.010961754857920614,0.005510052700797047
2767.0,110.68,2.0,-20.32107529786432,-22.36061556775579,-20.32107529786432,-22.36061556775579,3.8905323591910372,0.010961754857920614,0.005510052700797047
2768.0,110.72,2.0,-20.4159329191724,-22.272326207469657,-20.4159329191724,-22.272326207469657,3.895070781412993,0.010961754857920614,0.005510052700797047
2769.0,110.76,2.0,-20.510708767870902,-22.183448298632737,-20.510708767870902,-22.183448298632737,3.89961532394296,0.010961754857920614,0.005510052700797047
2770.0,110.8,2.0,-20.6054038646266,-22.093992506893404,-20.6054038646266,-22.093992506893404,3.9041663254158574,0.010961754857920614,0.005510052700797047
2771.0,110.84,2.0,-20.70001105520607,-22.00394972840442,-20.70001105520607,-22.00394972840442,3.908724680046912,0.010961754857920614,0.005510052700797047
2772.0,110.88,2.0,-20.794474914890657,-21.913378944466917,-20.794474914890657,-21.913378944466917,3.913295334526359,0.010961754857920614,0.005510052700797047
2773.0,110.92,2.0,-20.888790415022815,-21.822293058510944,-20.888790415022815,-21.822293058510944,3.9178801895576916,0.010961754857920614,0.005510052700797047
2774.0,110.96000000000001,2.0,-20.98294268535894,-21.730697324753276,-20.98294268535894,-21.730697324753276,3.922481480466711,0.010961754857920614,0.005510052700797047
2775.0,111.0,2.0,-21.076906325539266,-21.63860843654783,-21.076906325539266,-21.63860843654783,3.9270761097033486,0.010961754857920614,0.005510052700797047
2776.0,111.04,2.0,-21.170432429822828,-21.546086304144513,-21.170432429822828,-21.546086304144513,3.9316533671710605,0.010961754857920614,0.005510052700797047
2777.0,111.08,2.0,-21.26350258639746,-21.45315790806424,-21.26350258639746,-21.45315790806424,3.9362120840465065,0.010961754857920614,0.005510052700797047
2778.0,111.12,2.0,-21.35610678625668,-21.3598306494696,-21.35610678625668,-21.3598306494696,3.9407541136442163,0.010961754857920614,0.005510052700797047
2779.0,111.16,2.0,-21.4482406547461,-21.266114092896263,-21.4482406547461,-21.266114092896263,3.9452771983039563,0.010961754857920614,0.005510052700797047
2780.0,111.2,2.0,-21.53989309337322,-21.172017922469095,-21.53989309337322,-21.172017922469095,3.949782220726471,0.010961754857920614,0.005510052700797047
2781.0,111.24000000000001,2.0,-21.63105553187778,-21.07755147627927,-21.63105553187778,-21.07755147627927,3.954270894519867,0.010961754857920614,0.005510052700797047
2782.0,111.28,2.0,-21.721722364813235,-20.982714372939935,-21.721722364813235,-20.982714372939935,3.9587435006706393,0.010961754857920614,0.005510052700797047
2783.0,111.32000000000001,2.0,-21.81188758259672,-20.88751587114274,-21.81188758259672,-20.88751587114274,3.963201293051389,0.010961754857920614,0.005510052700797047
2784.0,111.36,2.0,-21.9015469405459,-20.791963146931582,-21.9015469405459,-20.791963146931582,3.9676461796675757,0.010961754857920614,0.005510052700797047
2785.0,111.4,2.0,-21.990688636635312,-20.696071613891377,-21.990688636635312,-20.696071613891377,3.972078904777327,0.010961754857920614,0.005510052700797047
2786.0,111.44,2.0,-22.079308879840298,-20.599847891347277,-22.079308879840298,-20.599847891347277,3.976499369245412,0.010961754857920614,0.005510052700797047
2787.0,111.48,2.0,-22.16740713967511,-20.503296578613057,-22.16740713967511,-20.503296578613057,3.9809085505193753,0.010961754857920614,0.005510052700797047
2788.0,111.52,2.0,-22.25498276474079,-20.406422228294463,-22.25498276474079,-20.406422228294463,3.985293521349358,0.010961754857920614,0.005510052700797047
2789.0,111.56,2.0,-22.342033208586177,-20.30923411532868,-22.342033208586177,-20.30923411532868,3.989661465931189,0.010961754857920614,0.005510052700797047
2790.0,111.60000000000001,2.0,-22.428576869748976,-20.2116970245086,-22.428576869748976,-20.2116970245086,3.994005181105456,0.010961754857920614,0.005510052700797047
2791.0,111.64,2.0,-22.51461496276379,-20.113833340287353,-22.51461496276379,-20.113833340287353,3.9983314253008997,0.010961754857920614,0.005510052700797047
2792.0,111.68,2.0,-22.600153408207074,-20.015634293514964,-22.600153408207074,-20.015634293514964,4.002634275738754,0.010961754857920614,0.005510052700797047
2793.0,111.72,2.0,-22.685192690279223,-19.917097195068774,-22.685192690279223,-19.917097195068774,4.006919267823005,0.010961754857920614,0.005510052700797047
2794.0,111.76,2.0,-22.769746535074617,-19.8182137385798,-22.769746535074617,-19.8182137385798,4.011181129598702,0.010961754857920614,0.005510052700797047
2795.0,111.8,2.0,-22.85382233073792,-19.718981502082244,-22.85382233073792,-19.718981502082244,4.0154286727693895,0.010961754857920614,0.005510052700797047
2796.0,111.84,2.0,-22.937417568834082,-19.619413014987906,-22.937417568834082,-19.619413014987906,4.019651876884799,0.010961754857920614,0.005510052700797047
2797.0,111.88,2.0,-23.02052668594853,-19.519501402153136,-23.02052668594853,-19.519501402153136,4.023854097029807,0.010961754857920614,0.005510052700797047
2798.0,111.92,2.0,-23.103155207307037,-19.41923988317573,-23.103155207307037,-19.41923988317573,4.028037936392742,0.010961754857920614,0.005510052700797047
2799.0,111.96000000000001,2.0,-23.185308467300676,-19.318622091316133,-23.185308467300676,-19.318622091316133,4.032205581943141,0.010961754857920614,0.005510052700797047
2800.0,112.0,2.0,-23.266991838499255,-19.217641663325054,-23.266991838499255,-19.217641663325054,4.036362586498268,0.010961754857920614,0.005510052700797047
2801.0,112.04,2.0,-23.348210731943457,-19.116292238345448,-23.348210731943457,-19.116292238345448,4.040508423091246,0.010961754857920614,0.005510052700797047
2802.0,112.08,2.0,-23.428970597420243,-19.01456745680963,-23.428970597420243,-19.01456745680963,4.044642564755193,0.010961754857920614,0.005510052700797047
2803.0,112.12,2.0,-23.509299664251223,-18.912446359671602,-23.509299664251223,-18.912446359671602,4.048779363410394,0.010961754857920614,0.005510052700797047
2804.0,112.16,2.0,-23.589222483212716,-18.809909406815727,-23.589222483212716,-18.809909406815727,4.052918763292858,0.010961754857920614,0.005510052700797047
2805.0,112.2,2.0,-23.668518153376496,-18.706945421629058,-23.668518153376496,-18.706945421629058,4.057058623497243,0.010961754857920614,0.005510052700797047
2806.0,112.24000000000001,2.0,-23.747195133330134,-18.603543341016895,-23.747195133330134,-18.603543341016895,4.061196803118208,0.010961754857920614,0.005510052700797047
2807.0,112.28,2.0,-23.82526194985064,-18.499692212938516,-23.82526194985064,-18.499692212938516,4.065331161250413,0.010961754857920614,0.005510052700797047
2808.0,112.32000000000001,2.0,-23.902727200481543,-18.395381193886568,-23.902727200481543,-18.395381193886568,4.069459556988513,0.010961754857920614,0.005510052700797047
2809.0,112.36,2.0,-23.97959955607874,-18.290599546310734,-23.97959955607874,-18.290599546310734,4.073579849427171,0.010961754857920614,0.005510052700797047
2810.0,112.4,2.0,-24.055880376294848,-18.185356474046483,-24.055880376294848,-18.185356474046483,4.07771568837371,0.010961754857920614,0.005510052700797047
2811.0,112.44,2.0,-24.131577165903344,-18.07962708504355,-24.131577165903344,-18.07962708504355,4.081887757117162,0.010961754857920614,0.005510052700797047
2812.0,112.48,2.0,-24.206695309816176,-17.973407388315813,-24.206695309816176,-17.973407388315813,4.086096676344167,0.010961754857920614,0.005510052700797047
2813.0,112.52,2.0,-24.281240180382902,-17.866693364471843,-24.281240180382902,-17.866693364471843,4.090343066741369,0.010961754857920614,0.005510052700797047
2814.0,112.56,2.0,-24.355217136892488,-17.759480966600652,-24.355217136892488,-17.759480966600652,4.094627548995409,0.010961754857920614,0.005510052700797047
2815.0,112.60000000000001,2.0,-24.4286285328984,-17.651767639504556,-24.4286285328984,-17.651767639504556,4.098950763475021,0.010961754857920614,0.005510052700797047
2816.0,112.64,2.0,-24.50147670919701,-17.54354862958912,-24.50147670919701,-17.54354862958912,4.103301413792816,0.010961754857920614,0.005510052700797047
2817.0,112.68,2.0,-24.573763993340318,-17.434822487877863,-24.573763993340318,-17.434822487877863,4.107678562043496,0.010961754857920614,0.005510052700797047
2818.0,112.72,2.0,-24.645492699152115,-17.325587805589922,-24.645492699152115,-17.325587805589922,4.112081270321763,0.010961754857920614,0.005510052700797047
2819.0,112.76,2.0,-24.71666512624773,-17.21584277297418,-24.71666512624773,-17.21584277297418,4.116509406657997,0.010961754857920614,0.005510052700797047
2820.0,112.8,2.0,-24.78728355955731,-17.10558558873498,-24.78728355955731,-17.10558558873498,4.12096283908258,0.010961754857920614,0.005345491627287146
2821.0,112.84,2.0,-24.857350268852805,-16.994814460382962,-24.857350268852805,-16.994814460382962,4.125441435625893,0.010961754857920614,0.005104642974134391
2822.0,112.88,2.0,-24.926867508278622,-16.88352760459045,-24.926867508278622,-16.88352760459045,4.129945064318319,0.010961754857920614,0.004817183548176377
2823.0,112.92,2.0,-24.995814775356386,-16.771737847211394,-24.995814775356386,-16.771737847211394,4.134458714303073,0.010961754857920614,0.004479885779980283
2824.0,112.96000000000001,2.0,-25.064175268845,-16.659456604125065,-25.064175268845,-16.659456604125065,4.138981782407652,0.010961754857920614,0.004104342675916216
2825.0,113.0,2.0,-25.131947855591005,-16.54668693591618,-25.131947855591005,-16.54668693591618,4.143515750600897,0.010961754857920614,0.0037285904157613866
2826.0,113.04,2.0,-25.199131344668135,-16.43343179711227,-25.199131344668135,-16.43343179711227,4.148062100851652,0.010873837510600406,0.003351418687286585
2827.0,113.08,2.0,-25.26572448419921,-16.319694037901304,-25.26572448419921,-16.319694037901304,4.15262231512876,0.009092469613553113,0.002969602578882088
2828.0,113.12,2.0,-25.331725958210768,-16.205476405906506,-25.331725958210768,-16.205476405906506,4.157197875401065,0.0058035924798047365,0.0025770855676299684
2829.0,113.16,2.0,-25.397134383521408,-16.09078154801767,-25.397134383521408,-16.09078154801767,4.16179026363741,0.0011915014128056338,0.0021559736019388757
2830.0,113.2,2.0,-25.46195569369418,-15.975616913713342,-25.46195569369418,-15.975616913713342,4.166387084464674,-0.005361092442235991,0.0017051321950658505
2831.0,113.24000000000001,2.0,-25.52618968215167,-15.859985990288864,-25.52618968215167,-15.859985990288864,4.1709881175326045,-0.013038795873911524,0.0009433949583900464
2832.0,113.28,2.0,-25.5898382666004,-15.743891207448304,-25.5898382666004,-15.743891207448304,4.175593362841197,-0.021841608882220965,-0.00012923810808853674
2833.0,113.32000000000001,2.0,-25.65290338117634,-15.627335016008924,-25.65290338117634,-15.627335016008924,4.180202820390454,-0.03176953146716431,-0.0015127670043698991
2834.0,113.36,2.0,-25.715386976390544,-15.510319887840707,-25.715386976390544,-15.510319887840707,4.184816490180374,-0.042822563628741574,-0.00320719173045404
2835.0,113.4,2.0,-25.77729101907428,-15.392848315804924,-25.77729101907428,-15.392848315804924,4.189434372210958,-0.055000705366952736,-0.00521251228634096
2836.0,113.44,2.0,-25.838617492323763,-15.274922813691713,-25.838617492323763,-15.274922813691713,4.1940564664822055,-0.06717884710516389,-0.007528728672030661
2837.0,113.48,2.0,-25.899368395444377,-15.156545916156725,-25.899368395444377,-15.156545916156725,4.198682772994117,-0.07935698884337505,-0.01015584088752314
2838.0,113.52,1.0,-25.959545743894456,-15.037720178656762,-25.959545743894456,-15.037720178656762,4.203313291746692,-0.09153513058158623,-0.013004505892426492
2839.0,113.56,1.0,-26.019151569228626,-14.918448177384496,-26.019151569228626,-14.918448177384496,4.207948022739931,-0.10371327231979739,-0.015688609823819945
2840.0,113.60000000000001,0.0,-26.078187919040644,-14.798732509202187,-26.078187919040644,-14.798732509202187,4.212586965973833,-0.11589141405800855,-0.018296426175570542
2841.0,113.64,1.0,-26.13665685690586,-14.678575791574467,-26.13665685690586,-14.678575791574467,4.217230121448399,-0.12806955579621973,-0.02085763175451588
2842.0,113.68,1.0,-26.194560462323132,-14.557980662500153,-26.194560462323132,-14.557980662500153,4.221877489163629,-0.1402476975344309,-0.023368998991223137
2843.0,113.72,0.0,-26.251900830656385,-14.43694978044312,-26.251900830656385,-14.43694978044312,4.226529069119522,-0.15242583927264203,-0.02584212089206242
2844.0,113.76,1.0,-26.308680073075653,-14.31548582426218,-26.308680073075653,-14.31548582426218,4.231184861316079,-0.16460398101085322,-0.028315033636810948
2845.0,113.8,1.0,-26.364900316497717,-14.193591493140053,-26.364900316497717,-14.193591493140053,4.2358448657532985,-0.17591634180522644,-0.030786526913239493
2846.0,113.84,1.0,-26.420563703526255,-14.071269506511356,-26.420563703526255,-14.071269506511356,4.240509082431183,-0.1837158670834614,-0.03325337580973835
2847.0,113.88,0.0,-26.475672392391598,-13.94852260398966,-26.475672392391598,-13.94852260398966,4.2451775113497305,-0.1875059210400405,-0.035709523803389584
2848.0,113.92,1.0,-26.53022855689003,-13.825353545293593,-26.53022855689003,-13.825353545293593,4.249850152508941,-0.18766323521721404,-0.037849616925559215
2849.0,113.96000000000001,0.0,-26.584234386322596,-13.701765110171976,-26.584234386322596,-13.701765110171976,4.254527005908816,-0.18372137141150321,-0.03958442134435471
2850.0,114.0,0.0,-26.637692085433557,-13.577760098328053,-26.637692085433557,-13.577760098328053,4.259208071549355,-0.17592469152411905,-0.04062301454706268
2851.0,114.04,0.0,-26.690603874348362,-13.45334132934276,-26.690603874348362,-13.45334132934276,4.263893349430557,-0.16513007268362156,-0.040657529926761096
2852.0,114.08,0.0,-26.742971988511158,-13.328511642597045,-26.742971988511158,-13.328511642597045,4.2685828395524235,-0.15160755936550643,-0.03968105077682378
2853.0,114.12,0.0,-26.79479867862194,-13.203273897193261,-26.79479867862194,-13.203273897193261,4.273276541914952,-0.1369599364707574,-0.03766874057879719
2854.0,114.16,0.0,-26.84608621057321,-13.077630971875635,-26.84608621057321,-13.077630971875635,4.2779744565181455,-0.1211872039993745,-0.034620599332681315
2855.0,114.2,0.0,-26.896836865386206,-12.951585764949773,-26.896836865386206,-12.951585764949773,4.282676583362002,-0.10541447152799154,-0.030536627038476167
2856.0,114.24000000000001,0.0,-26.947052939146776,-12.825141194201255,-26.947052939146776,-12.825141194201255,4.287382922446523,-0.08964173905660862,-0.025461480557615365
2857.0,114.28,1.0,-26.996736742940723,-12.698300196813308,-26.996736742940723,-12.698300196813308,4.292093473771706,-0.07386900658522569,-0.019495576426130007
2858.0,114.32000000000001,0.0,-27.0458906027888,-12.571065729283536,-27.0458906027888,-12.571065729283536,4.2968082373375545,-0.05809627411384275,-0.012901068616303472
2859.0,114.36,0.0,-27.094516859581265,-12.443440767339728,-27.094516859581265,-12.443440767339728,4.301527213144065,-0.04232354164245982,-0.006043033710220533
2860.0,114.4,1.0,-27.14261786901199,-12.31542830585475,-27.14261786901199,-12.31542830585475,4.306250401191241,-0.02655080917107689,0.0008150011958624032
2861.0,114.44,1.0,-27.190196001512195,-12.187031358760517,-27.190196001512195,-12.187031358760517,4.310977801479078,-0.010778076699693953,0.00767303610194534
2862.0,114.48,0.0,-27.237253642183745,-12.058252958961058,-27.237253642183745,-12.058252958961058,4.315709414007581,0.0036504838816360467,0.014531071008028277
2863.0,114.52,0.0,-27.283793190732002,-11.929096158244631,-27.283793190732002,-11.929096158244631,4.320445238776746,0.015952688945744975,0.021389105914111212
2864.0,114.56,1.0,-27.32981706139832,-11.799564027194977,-27.32981706139832,-11.799564027194977,4.325185275786576,0.025978636341698173,0.028247140820194153
2865.0,114.60000000000001,1.0,-27.375327682892102,-11.66965965510162,-27.375327682892102,-11.66965965510162,4.329929525037069,0.03268680469960219,0.03510517572627709
2866.0,114.64,0.0,-27.42032749832243,-11.539386149869294,-27.42032749832243,-11.539386149869294,4.3346779865282254,0.035660295931524366,0.041963210632360026
2867.0,114.68,1.0,-27.464818965129332,-11.40874663792645,-27.464818965129332,-11.40874663792645,4.339430660260046,0.035208478337964,0.04853378562140034
2868.0,114.72,0.0,-27.508804555014603,-11.277744264132865,-27.508804555014603,-11.277744264132865,4.34418754623253,0.031488697496008,0.054728801348248445
2869.0,114.76,1.0,-27.552286753872245,-11.146382191686342,-27.552286753872245,-11.146382191686342,4.348948644445677,0.023896477443321334,0.05997230674974476
2870.0,114.8,1.0,-27.59526806171849,-11.014663602028547,-27.59526806171849,-11.014663602028547,4.353713954899489,0.014431428014155269,0.06394781358161768
2871.0,114.84,0.0,-27.637750992621466,-10.88259169474991,-27.637750992621466,-10.88259169474991,4.358483477593964,0.003363593684005486,0.06662170491893982
2872.0,114.88,0.0,-27.679738074630396,-10.750169687493692,-27.679738074630396,-10.750169687493692,4.363257212529102,-0.0077042406461442945,0.06796222753663149
2873.0,114.92,0.0,-27.72123184970446,-10.617400815859092,-27.72123184970446,-10.617400815859092,4.368035159704904,-0.018772074976294073,0.06794454491623912
2874.0,114.96000000000001,1.0,-27.76223487364125,-10.484288333303558,-27.76223487364125,-10.484288333303558,4.37281731912137,-0.029839909306443858,0.06656865705776273
2875.0,115.0,1.0,-27.80274971600483,-10.350835511044133,-27.80274971600483,-10.350835511044133,4.3776036907785,-0.040907743636593635,0.06387922082263592
2876.0,115.04,1.0,-27.842778960053366,-10.21704563795799,-27.842778960053366,-10.21704563795799,4.382394274676293,-0.051975577966743416,0.05993196656793152
2877.0,115.08,0.0,-27.88232520266649,-10.082922020482055,-27.88232520266649,-10.082922020482055,4.38718907081475,-0.0630434122968932,0.054594929438113636
2878.0,115.12,1.0,-27.921391054272117,-9.948467982511778,-27.921391054272117,-9.948467982511778,4.39198807919387,-0.07411124662704296,0.048415104593014166
2879.0,115.16,0.0,-27.959979138772997,-9.813686865299024,-27.959979138772997,-9.813686865299024,4.396791299813653,-0.08517560110809295,0.041661557110908555
2880.0,115.2,0.0,-27.99809209347287,-9.678582027349112,-27.99809209347287,-9.678582027349112,4.401598732674102,-0.09564641405564807,0.03456299815988016
2881.0,115.24000000000001,1.0,-28.035732569002185,-9.543156844316988,-28.035732569002185,-9.543156844316988,4.406410377775212,-0.10366015219972724,0.02746443920885176
2882.0,115.28,0.0,-28.072903229243504,-9.407414708902534,-28.072903229243504,-9.407414708902534,4.411226235116987,-0.10843463191316234,0.02036588025782336
2883.0,115.32000000000001,0.0,-28.1096067512565,-9.271359030745034,-28.1096067512565,-9.271359030745034,4.416046304699425,-0.11050896317872255,0.01326732130679496
2884.0,115.36,0.0,-28.145845825202596,-9.134993236316785,-28.145845825202596,-9.134993236316785,4.420870586522528,-0.11069531225743905,0.006168762355766558
2885.0,115.4,0.0,-28.18162315426922,-8.998320768815859,-28.18162315426922,-8.998320768815859,4.425699080586293,-0.10925935817992279,-0.0009297965952618415
2886.0,115.44,0.0,-28.21694145459372,-8.861345088058028,-28.21694145459372,-8.861345088058028,4.430531786890723,-0.10643228275035509,-0.008028355546290243
2887.0,115.48,0.0,-28.251803455186867,-8.724069670367841,-28.251803455186867,-8.724069670367841,4.435368705435816,-0.10222058089450992,-0.015126914497318643
2888.0,115.52,0.0,-28.28621189785606,-8.586498008468865,-28.28621189785606,-8.586498008468865,4.440209836221572,-0.0965908079602499,-0.02165927850928
2889.0,115.56,0.0,-28.320169537128084,-8.448633611373111,-28.320169537128084,-8.448633611373111,4.445055179247993,-0.09068569665326619,-0.02761682594482473
2890.0,115.60000000000001,0.0,-28.3536791401716,-8.310480004269596,-28.3536791401716,-8.310480004269596,4.449904734515077,-0.08450524697355878,-0.03281904543260835
2891.0,115.64,0.0,-28.386743486719215,-8.172040728412128,-28.386743486719215,-8.172040728412128,4.454758502022825,-0.07804945892112772,-0.037259020266004673
2892.0,115.68,0.0,-28.41936536898921,-8.03331934100622,-28.41936536898921,-8.03331934100622,4.459616481771236,-0.07131833249597297,-0.04091191392656016
2893.0,115.72,0.0,-28.45154759160695,-7.894319415095215,-28.45154759160695,-7.894319415095215,4.46447867376031,-0.06437084967420159,-0.04377772641427482
2894.0,115.76,0.0,-28.483292971525874,-7.755044539445605,-28.483292971525874,-7.755044539445605,4.469345077990049,-0.05737739713740521,-0.04585645772914864
2895.0,115.8,1.0,-28.514604337948224,-7.615498318431508,-28.514604337948224,-7.615498318431508,4.474215694460451,-0.050383944600608827,-0.047192764732615244
2896.0,115.84,0.0,-28.54548453224534,-7.4756843719183745,-28.54548453224534,-7.4756843719183745,4.479090523171517,-0.04339049206381245,-0.047614081386266244
2897.0,115.88,0.0,-28.57593640787771,-7.335606335145865,-28.57593640787771,-7.335606335145865,4.483969564123246,-0.03639703952701606,-0.04711868673380116
2898.0,115.92,0.0,-28.60596283031455,-7.195267858609952,-28.60596283031455,-7.195267858609952,4.48885281731564,-0.029407066839319485,-0.045853436152113666
2899.0,115.96000000000001,0.0,-28.63556667695318,-7.054672607944204,-28.63556667695318,-7.054672607944204,4.493740282748695,-0.023010635685117783,-0.04407263666767508
2900.0,116.0,0.0,-28.664750837037985,-6.913824263800305,-28.664750837037985,-6.913824263800305,4.498631960422417,-0.01772710744433907,-0.04229183718323649
2901.0,116.04,1.0,-28.693279931180264,-6.772726521727773,-28.693279931180264,-6.772726521727773,4.503527850336801,-0.013556482116983348,-0.040511037698797894
2902.0,116.08,0.0,-28.721146895080057,-6.6313830920528964,-28.721146895080057,-6.6313830920528964,4.508427952491847,-0.010587611165864545,-0.0387302382143593
2903.0,116.12,0.0,-28.748349796248522,-6.489797699756906,-28.748349796248522,-6.489797699756906,4.513332266887558,-0.008052948954815448,-0.036949438729920715
2904.0,116.16,2.0,-28.774886723462025,-6.347974084353368,-28.774886723462025,-6.347974084353368,4.518240793523933,-0.005909223949133071,-0.03516863924548213
2905.0,116.2,2.0,-28.800755786868447,-6.20591599976479,-28.800755786868447,-6.20591599976479,4.523153532400972,-0.004153737968495388,-0.03338783976104353
2906.0,116.24000000000001,2.0,-28.825955118092782,-6.063627214198504,-28.825955118092782,-6.063627214198504,4.528070483518675,-0.0026735903605813864,-0.031607040276604936
2907.0,116.28,2.0,-28.850482870342034,-5.921111510021745,-28.850482870342034,-5.921111510021745,4.53299164687704,-0.0014687811253910653,-0.029826240792166354
2908.0,116.32000000000001,2.0,-28.874337218509257,-5.778372683636011,-28.874337218509257,-5.778372683636011,4.53791702247607,-0.0005393102629244244,-0.028045441307727757
2909.0,116.36,2.0,-28.897516359277027,-5.635414545350644,-28.897516359277027,-5.635414545350644,4.542846610315762,0.000114822226818536,-0.026418452976332468
2910.0,116.4,2.0,-28.92001851122,-5.492240919255683,-28.92001851122,-5.492240919255683,4.54778041039612,0.0004936163438378161,-0.024945275797980483
2911.0,116.44,2.0,-28.94184191490679,-5.3488556430939695,-28.94184191490679,-5.3488556430939695,4.552718422717139,0.0005970720881334157,-0.023625909772671802
2912.0,116.48,2.0,-28.962984833001123,-5.205262568132508,-28.962984833001123,-5.205262568132508,4.557660647278823,0.0004841714358123992,-0.02246035490040642
2913.0,116.52,2.0,-28.983445550362127,-5.0614655590331115,-28.983445550362127,-5.0614655590331115,4.562607084081171,0.00032530106846637033,-0.021448611181184345
2914.0,116.56,2.0,-29.00322237414395,-4.9174684937223,-29.00322237414395,-4.9174684937223,4.567557733124183,0.00016643070112034146,-0.02059067861500557
2915.0,116.60000000000001,2.0,-29.022304020000057,-4.773268093842478,-29.022304020000057,-4.773268093842478,4.572513019640839,7.560333774312579e-06,-0.019886557201870096
2916.0,116.64,2.0,-29.040697201242786,-4.628872839424075,-29.040697201242786,-4.628872839424075,4.577471977281081,-0.0001513100335717163,-0.019519886475825518
2917.0,116.68,2.0,-29.05839910992928,-4.484284016320812,-29.05839910992928,-4.484284016320812,4.582434064927832,-0.0003101804009177452,-0.019349349041997213
2918.0,116.72,2.0,-29.07534192889741,-4.339407375966117,-29.07534192889741,-4.339407375966117,4.587401463596693,-0.00046905076826377404,-0.019349349041997213
2919.0,116.76,2.0,-29.091527633121963,-4.194253047398533,-29.091527633121963,-4.194253047398533,4.592371969372061,-0.0006279211356098029,-0.019349349041997213
2920.0,116.8,2.0,-29.10695846896642,-4.048831036323525,-29.10695846896642,-4.048831036323525,4.597343378338327,-0.0007867915029558318,-0.019349349041997213
2921.0,116.84,2.0,-29.121636954453646,-3.903151225366575,-29.121636954453646,-3.903151225366575,4.602313486579888,-0.0009456618703018606,-0.019349349041997213
2922.0,116.88,2.0,-29.135565879517202,-3.757223374335558,-29.135565879517202,-3.757223374335558,4.6072800901811375,-0.0010599116127838876,-0.019349349041997213
2923.0,116.92,2.0,-29.14874830623313,-3.6110571204923443,-29.14874830623313,-3.6110571204923443,4.612240985226467,-0.0011728122651049055,-0.019349349041997213
2924.0,116.96000000000001,2.0,-29.16118756903222,-3.4646619788335227,-29.16118756903222,-3.4646619788335227,4.617193967800274,-0.0011728122651049055,-0.019349349041997213
2925.0,117.0,2.0,-29.172887274892744,-3.318047342380168,-29.172887274892744,-3.318047342380168,4.622136833986953,-0.0011728122651049055,-0.019349349041997213
2926.0,117.04,2.0,-29.18385814124956,-3.171207758005662,-29.18385814124956,-3.171207758005662,4.62706571356101,-0.0011728122651049055,-0.019349349041997213
2927.0,117.08,2.0,-29.194096134747202,-3.0241626216080864,-29.194096134747202,-3.0241626216080864,4.631979053201192,-0.0011728122651049055,-0.019349349041997213
2928.0,117.12,2.0,-29.20360680558982,-2.8769213064245296,-29.20360680558982,-2.8769213064245296,4.636876216970502,-0.0011728122651049055,-0.019349349041997213
2929.0,117.16,2.0,-29.212406862342508,-2.7295057483927283,-29.212406862342508,-2.7295057483927283,4.641747835346376,-0.0011728122651049055,-0.019349349041997213
2930.0,117.2,2.0,-29.22049220849908,-2.5819193167340484,-29.22049220849908,-2.5819193167340484,4.646595511114983,-0.0011728122651049055,-0.019349349041997213
2931.0,117.24000000000001,2.0,-29.227867339847027,-2.434168962566285,-29.227867339847027,-2.434168962566285,4.651422919500841,-0.0011728122651049055,-0.019349349041997213
2932.0,117.28,2.0,-29.23454146814324,-2.2862668975919505,-29.23454146814324,-2.2862668975919505,4.656233659918146,-0.0011728122651049055,-0.019349349041997213
2933.0,117.32000000000001,2.0,-29.240518084133793,-2.138222805530009,-29.240518084133793,-2.138222805530009,4.661025002324165,-0.0011728122651049055,-0.019349349041997213
2934.0,117.36,2.0,-29.245801859306592,-1.9900354772175184,-29.245801859306592,-1.9900354772175184,4.665799303376512,-0.0011728122651049055,-0.019349349041997213
2935.0,117.4,2.0,-29.250407698939053,-1.8417010741583675,-29.250407698939053,-1.8417010741583675,4.6705608601619115,-0.0011728122651049055,-0.019349349041997213
2936.0,117.44,2.0,-29.254339954552208,-1.6932300348534042,-29.254339954552208,-1.6932300348534042,4.675309541997265,-0.0011728122651049055,-0.019349349041997213
2937.0,117.48,2.0,-29.257570780247857,-1.5446464996938152,-29.257570780247857,-1.5446464996938152,4.680035806772351,-0.0011728122651049055,-0.019349349041997213
2938.0,117.52,2.0,-29.260173057093965,-1.396042113247936,-29.260173057093965,-1.396042113247936,4.684739283439161,-0.0011728122651049055,-0.019349349041997213
2939.0,117.56,2.0,-29.262149099893062,-1.2474019959926246,-29.262149099893062,-1.2474019959926246,4.68941993605885,-0.0011728122651049055,-0.019349349041997213
2940.0,117.60000000000001,2.0,-29.263509637136565,-1.0987322706394929,-29.263509637136565,-1.0987322706394929,4.694077567535274,-0.0011728122651049055,-0.019349349041997213
2941.0,117.64,2.0,-29.26425487089338,-0.9500182921381676,-29.26425487089338,-0.9500182921381676,4.698710619319875,-0.0011728122651049055,-0.019349349041997213
2942.0,117.68,2.0,-29.264384708637063,-0.8012455260045318,-29.264384708637063,-0.8012455260045318,4.70332233723864,-0.0011728122651049055,-0.019349349041997213
2943.0,117.72,2.0,-29.26389876316417,-0.6523995476268777,-29.26389876316417,-0.6523995476268777,4.70791157133809,-0.0011728122651049055,-0.019349349041997213
2944.0,117.76,2.0,-29.26279635252451,-0.5034660415602534,-29.26279635252451,-0.5034660415602534,4.71247630128578,-0.0011728122651049055,-0.019349349041997213
2945.0,117.8,2.0,-29.261025269805323,-0.3544878021207862,-29.261025269805323,-0.3544878021207862,4.7170198291023695,-0.0011728122651049055,-0.019349349041997213
2946.0,117.84,2.0,-29.25857116369597,-0.20548267529326708,-29.25857116369597,-0.20548267529326708,4.721559283494748,-0.0011728122651049055,-0.019349349041997213
2947.0,117.88,2.0,-29.255437844435658,-0.05643059358584034,-29.255437844435658,-0.05643059358584034,4.726097340571822,-0.0011728122651049055,-0.019349349041997213
2948.0,117.92,2.0,-29.251618570578376,0.09266787292669496,-29.251618570578376,0.09266787292669496,4.730632409264793,-0.0011728122651049055,-0.019349349041997213
2949.0,117.96000000000001,2.0,-29.24710823372858,0.2418291845764021,-29.24710823372858,0.2418291845764021,4.735166545105491,-0.0011728122651049055,-0.019349349041997213
2950.0,118.0,2.0,-29.24190522105916,0.39104260556915993,-29.24190522105916,0.39104260556915993,4.739698790592477,-0.0011728122651049055,-0.019349349041997213
2951.0,118.04,2.0,-29.236003677278582,0.5403138851823415,-29.236003677278582,0.5403138851823415,4.7442294799788565,-0.0011728122651049055,-0.019349349041997213
2952.0,118.08,2.0,-29.229398713289623,0.6896518537016213,-29.229398713289623,0.6896518537016213,4.748759573889258,-0.0011728122651049055,-0.019349349041997213
2953.0,118.12,2.0,-29.222084485925645,0.8390626789309888,-29.222084485925645,0.8390626789309888,4.7532865831522635,-0.0011728122651049055,-0.019349349041997213
2954.0,118.16,2.0,-29.214056549195032,0.988541968227646,-29.214056549195032,0.988541968227646,4.757810994934683,-0.0011728122651049055,-0.019349349041997213
2955.0,118.2,2.0,-29.205312852616483,1.138085237403216,-29.205312852616483,1.138085237403216,4.762331920462901,-0.0011728122651049055,-0.019349349041997213
2956.0,118.24000000000001,2.0,-29.195843571640538,1.2877043736426306,-29.195843571640538,1.2877043736426306,4.7668569062604025,-0.0011728122651049055,-0.019349349041997213
2957.0,118.28,2.0,-29.185682440227378,1.437419832048158,-29.185682440227378,1.437419832048158,4.771397123132976,-0.0011728122651049055,-0.019349349041997213
2958.0,118.32000000000001,2.0,-29.174819993125077,1.5872157789986618,-29.174819993125077,1.5872157789986618,4.7759535081531155,-0.0011728122651049055,-0.019349349041997213
2959.0,118.36,2.0,-29.16324640928899,1.7370802961347236,-29.16324640928899,1.7370802961347236,4.780526086117349,-0.0011728122651049055,-0.019349349041997213
2960.0,118.4,2.0,-29.150946529179638,1.8870243172726633,-29.150946529179638,1.8870243172726633,4.785107238571222,-0.0011728122651049055,-0.019349349041997213
2961.0,118.44,2.0,-29.137915413758627,2.037037886819478,-29.137915413758627,2.037037886819478,4.78969726184918,-0.0011728122651049055,-0.019349349041997213
2962.0,118.48,2.0,-29.124146338859237,2.187106270792873,-29.124146338859237,2.187106270792873,4.794299812720726,-0.0011728122651049055,-0.019349349041997213
2963.0,118.52,2.0,-29.10962929610082,2.337234430855294,-29.10962929610082,2.337234430855294,4.79891656059198,-0.0011728122651049055,-0.019349349041997213
2964.0,118.56,2.0,-29.094362398031496,2.4874077368670706,-29.094362398031496,2.4874077368670706,4.803548619288754,-0.0011728122651049055,-0.019349349041997213
2965.0,118.60000000000001,2.0,-29.078391969923462,2.6376798202387084,-29.078391969923462,2.6376798202387084,4.80819305016185,-0.0011728122651049055,-0.019349349041997213
2966.0,118.64,2.0,-29.061713879460008,2.7880584095549485,-29.061713879460008,2.7880584095549485,4.812849960548814,-0.0011728122651049055,-0.019349349041997213
2967.0,118.68,2.0,-29.044333770639675,2.938543757811794,-29.044333770639675,2.938543757811794,4.817519123164882,-0.0011728122651049055,-0.019349349041997213
2968.0,118.72,2.0,-29.02624887097211,3.089139301722099,-29.02624887097211,3.089139301722099,4.822203558823926,-0.0011728122651049055,-0.019349349041997213
2969.0,118.76,2.0,-29.0074421416229,3.2398312030779346,-29.0074421416229,3.2398312030779346,4.826906233704565,-0.0011728122651049055,-0.019349349041997213
2970.0,118.8,2.0,-28.987903950357765,3.3906302996318103,-28.987903950357765,3.3906302996318103,4.8316315108128745,-0.0011728122651049055,-0.019349349041997213
2971.0,118.84,2.0,-28.96763160361563,3.5415343384921556,-28.96763160361563,3.5415343384921556,4.836377966180076,-0.0011728122651049055,-0.019349349041997213
2972.0,118.88,2.0,-28.946616832676042,3.692543181982532,-28.946616832676042,3.692543181982532,4.841148286812157,-0.0011728122651049055,-0.019349349041997213
2973.0,118.92,2.0,-28.924858151668314,3.8436567641810426,-28.924858151668314,3.8436567641810426,4.845942019354124,-0.0011728122651049055,-0.019349349041997213
2974.0,118.96000000000001,2.0,-28.902351605319033,3.9948746256132357,-28.902351605319033,3.9948746256132357,4.850757879543623,-0.0011728122651049055,-0.019349349041997213
2975.0,119.0,2.0,-28.879090332187527,4.146186540115993,-28.879090332187527,4.146186540115993,4.855596015739912,-0.0011728122651049055,-0.019349349041997213
2976.0,119.04,2.0,-28.855067933431975,4.297591874694794,-28.855067933431975,4.297591874694794,4.860455603416142,-0.0011728122651049055,-0.019349349041997213
2977.0,119.08,2.0,-28.830276303587976,4.44908786709065,-28.830276303587976,4.44908786709065,4.865335163912605,-0.0011728122651049055,-0.019349349041997213
2978.0,119.12,2.0,-28.804714952627062,4.600679946254589,-28.804714952627062,4.600679946254589,4.870234382316927,-0.0011728122651049055,-0.019349349041997213
2979.0,119.16,2.0,-28.77838465514865,4.752367413917759,-28.77838465514865,4.752367413917759,4.875153357764339,-0.0011728122651049055,-0.019349349041997213
2980.0,119.2,2.0,-28.75128297459037,4.904147534871576,-28.75128297459037,4.904147534871576,4.880091112807295,-0.0011728122651049055,-0.019349349041997213
2981.0,119.24000000000001,2.0,-28.723407644765004,5.056017510622701,-28.723407644765004,5.056017510622701,4.885060574695657,-0.0011728122651049055,-0.019349349041997213
2982.0,119.28,2.0,-28.694758344081762,5.207979248784365,-28.694758344081762,5.207979248784365,4.890054559233591,-0.0011728122651049055,-0.019349349041997213
2983.0,119.32000000000001,2.0,-28.66531385558483,5.359990150952958,-28.66531385558483,5.359990150952958,4.895080269580514,-0.0011728122651049055,-0.019349349041997213
2984.0,119.36,2.0,-28.63507019602251,5.512065202865127,-28.63507019602251,5.512065202865127,4.900130947307682,-0.0011728122651049055,-0.019349349041997213
2985.0,119.4,2.0,-28.604018725876827,5.664188221487293,-28.604018725876827,5.664188221487293,4.905212515193862,-0.0011728122651049055,-0.019349349041997213
2986.0,119.44,2.0,-28.57215629185337,5.816349088999282,-28.57215629185337,5.816349088999282,4.910319437835072,-0.0011728122651049055,-0.019349349041997213
2987.0,119.48,2.0,-28.539466548680757,5.968532055874087,-28.539466548680757,5.968532055874087,4.915456987186255,-0.0011728122651049055,-0.019349349041997213
2988.0,119.52,2.0,-28.505942531201214,6.120728761222612,-28.505942531201214,6.120728761222612,4.92061633186178,-0.0011728122651049055,-0.019349349041997213
2989.0,119.56,2.0,-28.47158721959491,6.272945784324783,-28.47158721959491,6.272945784324783,4.925807472629821,-0.0011728122651049055,-0.019349349041997213
2990.0,119.60000000000001,2.0,-28.436406697840685,6.425170289050174,-28.436406697840685,6.425170289050174,4.93102703472341,-0.0011728122651049055,-0.019349349041997213
2991.0,119.64,2.0,-28.400396010154562,6.577389523508832,-28.400396010154562,6.577389523508832,4.936272395272126,-0.0011728122651049055,-0.019349349041997213
2992.0,119.68,2.0,-28.363550440520534,6.729591139326506,-28.363550440520534,6.729591139326506,4.94154134762434,-0.0011728122651049055,-0.019349349041997213
2993.0,119.72,2.0,-28.32586528373038,6.881762781826512,-28.32586528373038,6.881762781826512,4.946828319280693,-0.0011728122651049055,-0.019349349041997213
2994.0,119.76,2.0,-28.287335845142177,7.0338920892860495,-28.287335845142177,7.0338920892860495,4.952133817525975,-0.0011728122651049055,-0.019349349041997213
2995.0,119.8,2.0,-28.247957440452993,7.1859666921877725,-28.247957440452993,7.1859666921877725,4.95745834964497,-0.0011728122651049055,-0.019349349041997213
2996.0,119.84,2.0,-28.207725395485706,7.337974212466833,-28.207725395485706,7.337974212466833,4.962802422922468,-0.0011728122651049055,-0.019349349041997213
2997.0,119.88,2.0,-28.166635045990134,7.489902262753551,-28.166635045990134,7.489902262753551,4.968166544643253,-0.0011728122651049055,-0.019349349041997213
2998.0,119.92,2.0,-28.12491154353442,7.6417384456119635,-28.12491154353442,7.6417384456119635,4.973551222092114,-0.0011728122651049055,-0.019349349041997213
2999.0,119.96000000000001,2.0,-28.082550769729128,7.793470352774406,-28.082550769729128,7.793470352774406,4.978956962553838,-0.0011728122651049055,-0.019349349041997213
3000.0,120.0,2.0,-28.039548630316975,7.9450855643723495,-28.039548630316975,7.9450855643723495,4.984384273313211,-0.0011728122651049055,-0.019349349041997213
3001.0,120.04,2.0,-27.995901055327987,8.096571648163689,-27.995901055327987,8.096571648163689,4.989833661655021,-0.0011728122651049055,-0.019349349041997213
3002.0,120.08,2.0,-27.9516039992337,8.247916158756688,-27.9516039992337,8.247916158756688,4.995305634864054,-0.0011728122651049055,-0.01923130757634432
3003.0,120.12,2.0,-27.906653441100378,8.399131376325546,-27.906653441100378,8.399131376325546,5.000788786854394,-0.0011728122651049055,-0.01897585085273539
3004.0,120.16,2.0,-27.86104538474143,8.550191504527405,-27.86104538474143,8.550191504527405,5.006262503035556,-0.0011728122651049055,-0.01858297887117044
3005.0,120.2,2.0,-27.814775858868746,8.701090572000457,-27.814775858868746,8.701090572000457,5.011726011069186,-0.0011728122651049055,-0.017630428321269737
3006.0,120.24000000000001,2.0,-27.767840917243173,8.851822581551087,-27.767840917243173,8.851822581551087,5.017178538616933,0.00014984972197628263,-0.016118199203033284
3007.0,120.28,2.0,-27.720236638824034,9.002381510927178,-27.720236638824034,9.002381510927178,5.022619313340441,0.003284142731637263,-0.014046291516461081
3008.0,120.32000000000001,2.0,-27.671959127917674,9.15276131359186,-27.671959127917674,9.15276131359186,5.028047562901362,0.008230066763878038,-0.011414705261553132
3009.0,120.36,2.0,-27.623004514325036,9.302953744288116,-27.623004514325036,9.302953744288116,5.0334744517174625,0.014987621818698603,-0.008223440438309429
3010.0,120.4,2.0,-27.573368953488302,9.452953861926261,-27.573368953488302,9.452953861926261,5.038900785724425,0.023556807896098965,-0.004472497046729982
3011.0,120.44,2.0,-27.52304862663654,9.602756765029447,-27.52304862663654,9.602756765029447,5.044327370857927,0.03393762499607912,-0.0001618750868147819
3012.0,120.48,2.0,-27.472039740930374,9.752357150430624,-27.472039740930374,9.752357150430624,5.04975420711797,0.04613007311863907,0.004708425441436166
3013.0,120.52,2.0,-27.420338529605687,9.901749722556154,-27.420338529605687,9.901749722556154,5.0551812945045524,0.060134152263778815,0.010138404538022863
3014.0,120.56,2.0,-27.36794125211631,10.050929193629669,-27.36794125211631,10.050929193629669,5.060608633017677,0.07594986243149836,0.016128062202945312
3015.0,120.60000000000001,2.0,-27.31484419427574,10.199890283875567,-27.31484419427574,10.199890283875567,5.066036222657341,0.09357720362179768,0.022677398436203505
3016.0,120.64,2.0,-27.261043668397875,10.34862772172213,-27.261043668397875,10.34862772172213,5.071464063423546,0.11316070984081654,0.029986636018465657
3017.0,120.68,2.0,-27.20653601343665,10.497136244004263,-27.20653601343665,10.497136244004263,5.076892155316292,0.13396863108776733,0.037969154477093196
3018.0,120.72,2.0,-27.151317595124816,10.645410596165851,-27.151317595124816,10.645410596165851,5.082320498335578,0.15600096736264996,0.04662495381208611
3019.0,120.76,2.0,-27.095384806111568,10.793445532461705,-27.095384806111568,10.793445532461705,5.087749092481405,0.17803330363753261,0.055689036753437414
3020.0,120.8,2.0,-27.038734066099213,10.941235816159127,-27.038734066099213,10.941235816159127,5.093177937753773,0.20006563991241524,0.0647531196947887
3021.0,120.84,2.0,-26.98136182197883,11.088776219739032,-26.98136182197883,11.088776219739032,5.098607034152681,0.22209797618729787,0.07369916117048711
3022.0,120.88,2.0,-26.923264547964855,11.236061525096677,-26.923264547964855,11.236061525096677,5.104036381678129,0.24413031246218056,0.08250778738822949
3023.0,120.92,2.0,-26.864438745728634,11.383086523741955,-26.864438745728634,11.383086523741955,5.109465980330119,0.2661626487370632,0.09117899834801584
3024.0,120.96000000000001,2.0,-26.804880944530982,11.529846016999251,-26.804880944530982,11.529846016999251,5.114895830108648,0.28819498501194585,0.09929053073946643
3025.0,121.0,2.0,-26.74458770135366,11.67633481620685,-26.74458770135366,11.67633481620685,5.120325931013719,0.30890465929974725,0.10684238456258129
3026.0,121.04,2.0,-26.683555601029774,11.822547742915901,-26.683555601029774,11.822547742915901,5.125724404806059,0.32780270256496896,0.11383455981736038
3027.0,121.08,2.0,-26.6217812563732,11.96847962908893,-26.6217812563732,11.96847962908893,5.1310912514856675,0.3448891148076108,0.12026705650380372
3028.0,121.12,2.0,-26.559261308306866,12.114125317297864,-26.559261308306866,12.114125317297864,5.136426471052546,0.359277288415746,0.12613987462191134
3029.0,121.16,2.0,-26.495992425989993,12.259479660921608,-26.495992425989993,12.259479660921608,5.141730063506693,0.36999055689837373,0.1309379011039034
3030.0,121.2,2.0,-26.431971306944305,12.404537524343121,-26.431971306944305,12.404537524343121,5.14700202884811,0.3770289202554941,0.13466113594977994
3031.0,121.24000000000001,2.0,-26.36719467717913,12.549293783146014,-26.36719467717913,12.549293783146014,5.152242367076796,0.3803923784871071,0.13730957915954092
3032.0,121.28,2.0,-26.30165929131537,12.693743324310645,-26.30165929131537,12.693743324310645,5.157451078192751,0.3800809315932127,0.13888323073318637
3033.0,121.32000000000001,2.0,-26.23536193270852,12.83788104640971,-26.23536193270852,12.83788104640971,5.1626281621959755,0.37609457957381087,0.1393820906707163
3034.0,121.36,1.0,-26.16829941357047,12.981701859803332,-26.16829941357047,12.981701859803332,5.16777361908647,0.36843332242890175,0.1388061589721307
3035.0,121.4,0.0,-26.100468575090247,13.125200686833622,-26.100468575090247,13.125200686833622,5.172887448864232,0.35695262615234546,0.1369552128567613
3036.0,121.44,0.0,-26.031866287553726,13.268372462018704,-26.031866287553726,13.268372462018704,5.177969651529265,0.34223970673878995,0.13371565001657856
3037.0,121.48,1.0,-25.962489450462144,13.41121213224623,-25.962489450462144,13.41121213224623,5.183020227081567,0.32502631418902284,0.12917409092422102
3038.0,121.52,0.0,-25.892334992649545,13.553714656966342,-25.892334992649545,13.553714656966342,5.188039175521138,0.3065368635309761,0.12359553284969566
3039.0,121.56,0.0,-25.821399872399137,13.695875008384064,-25.821399872399137,13.695875008384064,5.193026496847978,0.2863192778433187,0.11750711465760616
3040.0,121.60000000000001,0.0,-25.749681077558513,13.837688171651177,-25.749681077558513,13.837688171651177,5.197982191062088,0.265059982539081,0.11097431536756129
3041.0,121.64,1.0,-25.677175625653717,13.979149145057505,-25.677175625653717,13.979149145057505,5.202906258163467,0.24275897761826284,0.10399713497956102
3042.0,121.68,0.0,-25.603880564002242,14.12025294022163,-25.603880564002242,14.12025294022163,5.207798698152115,0.21984767064848432,0.0965755734936054
3043.0,121.72,0.0,-25.529792969824886,14.260994582281038,-25.529792969824886,14.260994582281038,5.212659511028032,0.1967824727666457,0.08889364513943321
3044.0,121.76,2.0,-25.454909950356406,14.401369110081687,-25.454909950356406,14.401369110081687,5.217488696791219,0.17371727488480707,0.08109027652014
3045.0,121.8,2.0,-25.37922864295518,14.541371576366942,-25.37922864295518,14.541371576366942,5.2222862554416745,0.15065207700296845,0.0731654676357258
3046.0,121.84,2.0,-25.302746215211535,14.680997047965972,-25.302746215211535,14.680997047965972,5.2270521869794,0.12758687912112984,0.06499269470549372
3047.0,121.88,2.0,-25.225459865055125,14.820240605981484,-25.225459865055125,14.820240605981484,5.231786491404394,0.10540828885121815,0.05681992177526165
3048.0,121.92,2.0,-25.147366820861,14.959097345976875,-25.147366820861,14.959097345976875,5.236489168716658,0.08509297268423405,0.04916226191280937
3049.0,121.96000000000001,2.0,-25.06846434155461,15.097562378162753,-25.06846434155461,15.097562378162753,5.241160218916192,0.06664093062017755,0.04201971511813687
3050.0,122.0,2.0,-24.98874971671563,15.235630827582826,-24.98874971671563,15.235630827582826,5.245799642002994,0.05005216265904864,0.03539228139124416
3051.0,122.04,2.0,-24.908220266680623,15.373297834299157,-24.908220266680623,15.373297834299157,5.250407437977066,0.03532666880084732,0.029279960732131245
3052.0,122.08,2.0,-24.826873342644504,15.510558553576796,-24.826873342644504,15.510558553576796,5.254983606838406,0.022464449045573587,0.02368275314079811
3053.0,122.12,2.0,-24.74470632676091,15.647408156067717,-24.74470632676091,15.647408156067717,5.259528148587017,0.011465503393227452,0.018600658617244765
3054.0,122.16,2.0,-24.66171663224132,15.783841827994147,-24.66171663224132,15.783841827994147,5.264041063222896,0.0023298318438089083,0.014033677161471206
3055.0,122.2,2.0,-24.577901703453016,15.919854771331195,-24.577901703453016,15.919854771331195,5.2685223507460455,-0.0047980315965423,0.010182031554145647
3056.0,122.24000000000001,2.0,-24.493259016015934,16.05544220398885,-24.493259016015934,16.05544220398885,5.272972011156463,-0.010649836928613817,0.006959101322629506
3057.0,122.28,2.0,-24.407786076898198,16.19059935999325,-24.407786076898198,16.19059935999325,5.27739004445415,-0.01522558415240565,0.004364886466922785
3058.0,122.32000000000001,2.0,-24.321480424510575,16.325321489667306,-24.321480424510575,16.325321489667306,5.281776450639107,-0.018073196346586908,0.0022805317287802078
3059.0,122.36,2.0,-24.23433962879972,16.45960385981064,-24.23433962879972,16.45960385981064,5.286131229711334,-0.019879098924187794,0.0006405580885930105
3060.0,122.4,2.0,-24.146361291340178,16.59344175387876,-24.146361291340178,16.59344175387876,5.290454381670828,-0.020643291885208304,-0.0005550344536388065
3061.0,122.44,2.0,-24.057543045425206,16.72683047216165,-24.057543045425206,16.72683047216165,5.294745906517592,-0.020797182797268388,-0.001306245897915243
3062.0,122.48,2.0,-23.96788255615646,16.859765331961523,-23.96788255615646,16.859765331961523,5.299005804251626,-0.020797182797268388,-0.0017970904739751195
3063.0,122.52,2.0,-23.877377520532356,16.992241667769918,-23.877377520532356,16.992241667769918,5.303234074872929,-0.020797182797268388,-0.0021664947849139903
3064.0,122.56,2.0,-23.78602566753531,17.12425483144408,-23.78602566753531,17.12425483144408,5.307430718381501,-0.020797182797268388,-0.0024144588307318526
3065.0,122.60000000000001,2.0,-23.69382475821776,17.255800192382598,-23.69382475821776,17.255800192382598,5.3115957347773435,-0.020797182797268388,-0.0024144588307318526
3066.0,122.64,2.0,-23.600772585786935,17.386873137700277,-23.600772585786935,17.386873137700277,5.315729124060454,-0.020797182797268388,-0.0024144588307318526
3067.0,122.68,2.0,-23.506866975688393,17.517469072402307,-23.506866975688393,17.517469072402307,5.319830886230834,-0.020797182797268388,-0.0024144588307318526
3068.0,122.72,2.0,-23.41210578568843,17.64758341955767,-23.41210578568843,17.64758341955767,5.323901021288484,-0.020797182797268388,-0.0024144588307318526
3069.0,122.76,2.0,-23.316486905955166,17.777211620471753,-23.316486905955166,17.777211620471753,5.327939529233402,-0.020797182797268388,-0.0024144588307318526
3070.0,122.8,2.0,-23.22000825913842,17.90634913485826,-23.22000825913842,17.90634913485826,5.33194641006559,-0.020797182797268388,-0.0024144588307318526
3071.0,122.84,2.0,-23.12266780044841,18.034991441010302,-23.12266780044841,18.034991441010302,5.335921663785047,-0.020797182797268388,-0.0024144588307318526
3072.0,122.88,2.0,-23.024463517733157,18.163134035970742,-23.024463517733157,18.163134035970742,5.339865290391774,-0.020797182797268388,-0.0024144588307318526
3073.0,122.92,2.0,-22.925393431554664,18.29077243570172,-22.925393431554664,18.29077243570172,5.343777289885769,-0.020797182797268388,-0.0024144588307318526
3074.0,122.96000000000001,2.0,-22.825455595263897,18.41790217525344,-22.825455595263897,18.41790217525344,5.347657662267035,-0.020797182797268388,-0.0024144588307318526
3075.0,123.0,2.0,-22.724648095074468,18.54451880893212,-22.724648095074468,18.54451880893212,5.351506407535569,-0.020797182797268388,-0.0024144588307318526
3076.0,123.04,2.0,-22.622969050135097,18.67061791046716,-22.622969050135097,18.67061791046716,5.3553235256913725,-0.020797182797268388,-0.0024144588307318526
3077.0,123.08,2.0,-22.520416612600844,18.796195073177476,-22.520416612600844,18.796195073177476,5.359109016734447,-0.020797182797268388,-0.0024144588307318526
3078.0,123.12,2.0,-22.41698896770303,18.921245910137074,-22.41698896770303,18.921245910137074,5.362862880664788,-0.020797182797268388,-0.0024144588307318526
3079.0,123.16,2.0,-22.31268433381799,19.045766054339726,-22.31268433381799,19.045766054339726,5.366585117482399,-0.020797182797268388,-0.0024144588307318526
3080.0,123.2,2.0,-22.207500962534507,19.169751158862915,-22.207500962534507,19.169751158862915,5.370275727187281,-0.020797182797268388,-0.0024144588307318526
3081.0,123.24000000000001,2.0,-22.101437138719973,19.29319689703084,-22.101437138719973,19.29319689703084,5.37393470977943,-0.020797182797268388,-0.0024144588307318526
3082.0,123.28,2.0,-21.994491180585364,19.416098962576672,-21.994491180585364,19.416098962576672,5.37756206525885,-0.020797182797268388,-0.0024144588307318526
3083.0,123.32000000000001,2.0,-21.886661439748895,19.538453069803918,-21.886661439748895,19.538453069803918,5.3811577936255395,-0.020797182797268388,-0.0024144588307318526
3084.0,123.36,2.0,-21.777946301298385,19.660254953746954,-21.777946301298385,19.660254953746954,5.384721894879497,-0.020797182797268388,-0.0024144588307318526
3085.0,123.4,2.0,-21.66834418385244,19.781500370330676,-21.66834418385244,19.781500370330676,5.388254369020724,-0.020797182797268388,-0.0024144588307318526
3086.0,123.44,2.0,-21.557853539620286,19.90218509652934,-21.557853539620286,19.90218509652934,5.39175521604922,-0.020797182797268388,-0.0024144588307318526
3087.0,123.48,2.0,-21.446472854460332,20.02230493052446,-21.446472854460332,20.02230493052446,5.395224435964986,-0.020797182797268388,-0.0024144588307318526
3088.0,123.52,2.0,-21.334200647937532,20.141855691861906,-21.334200647937532,20.141855691861906,5.398662028768022,-0.020797182797268388,-0.0024144588307318526
3089.0,123.56,2.0,-21.22103547337939,20.26083322160806,-21.22103547337939,20.26083322160806,5.402067994458325,-0.020797182797268388,-0.0024144588307318526
3090.0,123.60000000000001,2.0,-21.106975917930704,20.379233382505145,-21.106975917930704,20.379233382505145,5.405442333035899,-0.020797182797268388,-0.0024144588307318526
3091.0,123.64,2.0,-20.992020602607052,20.49686587892488,-20.992020602607052,20.49686587892488,5.408785044500743,-0.020797182797268388,-0.0024144588307318526
3092.0,123.68,2.0,-20.87616818234698,20.613696826294916,-20.87616818234698,20.613696826294916,5.412096128852854,-0.020797182797268388,-0.0024144588307318526
3093.0,123.72,2.0,-20.759417346062893,20.72972767738564,-20.759417346062893,20.72972767738564,5.415375586092235,-0.020797182797268388,-0.0024144588307318526
3094.0,123.76,2.0,-20.642005097089452,20.844959915215004,-20.642005097089452,20.844959915215004,5.418623416218886,-0.020797182797268388,-0.0024144588307318526
3095.0,123.8,2.0,-20.523940169428403,20.959395052989738,-20.523940169428403,20.959395052989738,5.421839619232806,-0.020797182797268388,-0.0024144588307318526
3096.0,123.84,2.0,-20.4052262109912,21.07303463404529,-20.4052262109912,21.07303463404529,5.425024195133996,-0.020797182797268388,-0.0024144588307318526
3097.0,123.88000000000001,2.0,-20.285866894108317,21.18588023178462,-20.285866894108317,21.18588023178462,5.428177143922453,-0.020797182797268388,-0.0024144588307318526
3098.0,123.92,2.0,-20.1658659153847,21.297933449615712,-20.1658659153847,21.297933449615712,5.431298465598183,-0.020797182797268388,-0.0024144588307318526
3099.0,123.96000000000001,2.0,-20.04522699555432,21.409195920887964,-20.04522699555432,21.409195920887964,5.43438816016118,-0.020797182797268388,-0.0024144588307318526
3100.0,124.0,2.0,-19.92395387933385,21.519669308827307,-19.92395387933385,21.519669308827307,5.437446227611446,-0.020797182797268388,-0.0024144588307318526
3101.0,124.04,2.0,-19.802050335275467,21.629355306470142,-19.802050335275467,21.629355306470142,5.440472667948981,-0.020797182797268388,-0.0024144588307318526
3102.0,124.08,2.0,-19.679520155618757,21.73825563659613,-19.679520155618757,21.73825563659613,5.443467481173786,-0.020797182797268388,-0.0024144588307318526
3103.0,124.12,2.0,-19.556367156141793,21.846372051659703,-19.556367156141793,21.846372051659703,5.446430667285861,-0.020797182797268388,-0.0024144588307318526
3104.0,124.16,2.0,-19.43259517601131,21.953706333720465,-19.43259517601131,21.953706333720465,5.449362226285205,-0.020797182797268388,-0.0024144588307318526
3105.0,124.2,2.0,-19.308208077632074,22.060260294372338,-19.308208077632074,22.060260294372338,5.452262158171816,-0.020797182797268388,-0.0024144588307318526
3106.0,124.24000000000001,2.0,-19.18320974649533,22.166035774671585,-19.18320974649533,22.166035774671585,5.455130462945699,-0.020797182797268388,-0.0024144588307318526
3107.0,124.28,2.0,-19.05760409102651,22.271034645063587,-19.05760409102651,22.271034645063587,5.457967140606851,-0.020797182797268388,-0.0024144588307318526
3108.0,124.32000000000001,2.0,-18.931404656326464,22.375251635890496,-18.931404656326464,22.375251635890496,5.4607717659222885,-0.020797182797268388,-0.0024144588307318526
3109.0,124.36,2.0,-18.804607034956007,22.47869325211933,-18.804607034956007,22.47869325211933,5.463545305242076,-0.020797182797268388,-0.0024144588307318526
3110.0,124.4,2.0,-18.67721638579227,22.58135882083282,-18.67721638579227,22.58135882083282,5.466288299683287,-0.020797182797268388,-0.0024144588307318526
3111.0,124.44,2.0,-18.549302921933673,22.683152151040836,-18.549302921933673,22.683152151040836,5.468998568230319,-0.020797182797268388,-0.0024144588307318526
3112.0,124.48,2.0,-18.420867109282845,22.784081445760453,-18.420867109282845,22.784081445760453,5.47167831479878,-0.020797182797268388,-0.0024144588307318526
3113.0,124.52,2.0,-18.291909187232477,22.88415480113189,-18.291909187232477,22.88415480113189,5.474329743304272,-0.020797182797268388,-0.0024144588307318526
3114.0,124.56,2.0,-18.162429168330572,22.983380206725258,-18.162429168330572,22.983380206725258,5.476955057662406,-0.020797182797268388,-0.0024144588307318526
3115.0,124.60000000000001,2.0,-18.032426837963545,23.081765545856193,-18.032426837963545,23.081765545856193,5.479556461788783,-0.020797182797268388,-0.0024144588307318526
3116.0,124.64,2.0,-17.90190175405719,23.17931859591017,-17.90190175405719,23.17931859591017,5.48213615959901,-0.020797182797268388,-0.0024144588307318526
3117.0,124.68,2.0,-17.770853246795596,23.27604702867553,-17.770853246795596,23.27604702867553,5.484696355008696,-0.020797182797268388,-0.0024144588307318526
3118.0,124.72,2.0,-17.639280418358002,23.37195841068501,-17.639280418358002,23.37195841068501,5.487239251933442,-0.020797182797268388,-0.0024144588307318526
3119.0,124.76,2.0,-17.5071821426737,23.467060203565847,-17.5071821426737,23.467060203565847,5.489767054288858,-0.020797182797268388,-0.0024144588307318526
3120.0,124.8,2.0,-17.374557065194995,23.561359764398222,-17.374557065194995,23.561359764398222,5.492281965990548,-0.020797182797268388,-0.0024144588307318526
3121.0,124.84,2.0,-17.241403602688276,23.654864346082004,-17.241403602688276,23.654864346082004,5.494786190954118,-0.020797182797268388,-0.0024144588307318526
3122.0,124.88000000000001,2.0,-17.10771036956055,23.74759956942932,-17.10771036956055,23.74759956942932,5.497126939048742,-0.020797182797268388,-0.0024144588307318526
3123.0,124.92,2.0,-16.973479961241605,23.83956706335083,-16.973479961241605,23.83956706335083,5.498674790455093,-0.020797182797268388,-0.0024144588307318526
3124.0,124.96000000000001,2.0,-16.83871558943296,23.930770777700964,-16.83871558943296,23.930770777700964,5.499413824833588,-0.020797182797268388,-0.0024144588307318526
3125.0,125.0,2.0,-16.703430007264046,24.0212239039612,-16.703430007264046,24.0212239039612,5.499354842075036,-0.020797182797268388,-0.0024144588307318526
3126.0,125.04,2.0,-16.56763291770781,24.110928235472006,-16.56763291770781,24.110928235472006,5.498494123292482,-0.020797182797268388,-0.0024144588307318526
3127.0,125.08,2.0,-16.43133024527496,24.199883272291157,-16.43133024527496,24.199883272291157,5.496836284543033,-0.020797182797268388,-0.0024144588307318526
3128.0,125.12,2.0,-16.2945410693757,24.288095619496342,-16.2945410693757,24.288095619496342,5.4943771809578275,-0.020797182797268388,-0.0024144588307318526
3129.0,125.16,2.0,-16.15725727370428,24.37557218093979,-16.15725727370428,24.37557218093979,5.491117016143951,-0.020797182797268388,-0.0024144588307318526
3130.0,125.2,2.0,-16.01947099779234,24.462323313804205,-16.01947099779234,24.462323313804205,5.487057576224714,-0.020797182797268388,-0.0024144588307318526
3131.0,125.24000000000001,2.0,-15.881133641211866,24.548445108020015,-15.881133641211866,24.548445108020015,5.482198297756941,-0.020797182797268388,-0.0024144588307318526
3132.0,125.28,2.0,-15.742267174268193,24.633927161733997,-15.742267174268193,24.633927161733997,5.476538282188286,-0.020797182797268388,-0.0024144588307318526
3133.0,125.32000000000001,2.0,-15.602885156657765,24.71878010808167,-15.602885156657765,24.71878010808167,5.470076792123708,-0.020797182797268388,-0.0024144588307318526
3134.0,125.36,2.0,-15.463011676183426,24.802993845638934,-15.463011676183426,24.802993845638934,5.462814451620576,-0.020797182797268388,-0.0024144588307318526
3135.0,125.4,2.0,-15.32267111552302,24.88655841720067,-15.32267111552302,24.88655841720067,5.4547470803617175,-0.020797182797268388,-0.0024144588307318526
3136.0,125.44,2.0,-15.18177023360017,24.969464009539237,-15.18177023360017,24.969464009539237,5.445187446369891,-0.020797182797268388,-0.0024144588307318526
3137.0,125.48,2.0,-15.040343450575643,25.0517009531531,-15.040343450575643,25.0517009531531,5.434121934714555,-0.020797182797268388,-0.0024144588307318526
3138.0,125.52,2.0,-14.898390582165446,25.133259722005526,-14.898390582165446,25.133259722005526,5.421542789420285,-0.020797182797268388,-0.0024144588307318526
3139.0,125.56,2.0,-14.75593687255882,25.214130933253596,-14.75593687255882,25.214130933253596,5.4082502837401405,-0.020797182797268388,-0.0024144588307318526
3140.0,125.60000000000001,2.0,-14.613007944114772,25.2943053469675,-14.613007944114772,25.2943053469675,5.3942408453089525,-0.020797182797268388,-0.0024144588307318526
3141.0,125.64,2.0,-14.4696297964761,25.37377386584032,-14.4696297964761,25.37377386584032,5.379511346907537,-0.020797182797268388,-0.0024144588307318526
3142.0,125.68,2.0,-14.325838379139872,25.45250906317066,-14.325838379139872,25.45250906317066,5.364058499879922,-0.020797182797268388,-0.0024144588307318526
3143.0,125.72,2.0,-14.18159171318568,25.53050754275039,-14.18159171318568,25.53050754275039,5.347807084445372,-0.020797182797268388,-0.0024144588307318526
3144.0,125.76,2.0,-14.036895362639068,25.607763626092087,-14.036895362639068,25.607763626092087,5.330766749541727,-0.020797182797268388,-0.0024144588307318526
3145.0,125.8,2.0,-13.891764246793723,25.684262431817164,-13.891764246793723,25.684262431817164,5.312917973021777,-0.020797182797268388,-0.0024144588307318526
3146.0,125.84,2.0,-13.746193290355778,25.76000051549416,-13.746193290355778,25.76000051549416,5.29426933475705,-0.020797182797268388,-0.0024144588307318526
3147.0,125.88000000000001,2.0,-13.600178394660578,25.83497676484925,-13.600178394660578,25.83497676484925,5.274803561136549,-0.020797182797268388,-0.0024144588307318526
3148.0,125.92,2.0,-13.453716843885971,25.909190170949355,-13.453716843885971,25.909190170949355,5.254517368579184,-0.020797182797268388,-0.0024144588307318526
3149.0,125.96000000000001,2.0,-13.306836874983038,25.982627719710155,-13.306836874983038,25.982627719710155,5.233403797993384,-0.020797182797268388,-0.0024144588307318526
3150.0,126.0,2.0,-13.15962465156591,26.055280189837774,-13.15962465156591,26.055280189837774,5.211455655327279,-0.020797182797268388,-0.0024144588307318526
3151.0,126.04,2.0,-13.012047695486014,26.12714821358597,-13.012047695486014,26.12714821358597,5.188674092434361,-0.020797182797268388,-0.0024144588307318526
3152.0,126.08,2.0,-12.864072817862017,26.19823458919106,-12.864072817862017,26.19823458919106,5.165060759396487,-0.020797182797268388,-0.0024144588307318526
3153.0,126.12,2.0,-12.715674018540954,26.268521254964618,-12.715674018540954,26.268521254964618,5.140620460020659,-0.020797182797268388,-0.0024144588307318526
3154.0,126.16,2.0,-12.566832814895493,26.338011058513786,-12.566832814895493,26.338011058513786,5.115986714442698,-0.020797182797268388,-0.0024144588307318526
3155.0,126.2,2.0,-12.417563916456354,26.406706877623314,-12.417563916456354,26.406706877623314,5.091321090625467,-0.020797182797268388,-0.0024144588307318526
3156.0,126.24000000000001,2.0,-12.267982475372175,26.474611620146547,-12.267982475372175,26.474611620146547,5.066623588568963,-0.020797182797268388,-0.0024144588307318526
3157.0,126.28,2.0,-12.118076263562214,26.541728223895284,-12.118076263562214,26.541728223895284,5.04189420827319,-0.020797182797268388,-0.0024144588307318526
3158.0,126.32000000000001,2.0,-11.967867936916543,26.60805965652847,-11.967867936916543,26.60805965652847,5.017132949738143,-0.020797182797268388,-0.0024144588307318526
3159.0,126.36,2.0,-11.817355000876974,26.67360891543981,-11.817355000876974,26.67360891543981,4.992339812963826,-0.020797182797268388,-0.0024144588307318526
3160.0,126.4,2.0,-11.666534859220059,26.738379027644214,-11.666534859220059,26.738379027644214,4.967514797950238,-0.020797182797268388,-0.0024144588307318526
3161.0,126.44,2.0,-11.515404813403201,26.802373049663125,-11.515404813403201,26.802373049663125,4.942657904697378,-0.020797182797268388,-0.0024144588307318526
3162.0,126.48,2.0,-11.363962061917714,26.865594067408736,-11.363962061917714,26.865594067408736,4.9177691332052476,-0.020797182797268388,-0.0024144588307318526
3163.0,126.52,2.0,-11.212267793427364,26.92804519606711,-11.212267793427364,26.92804519606711,4.892848483473846,-0.020797182797268388,-0.0024144588307318526
3164.0,126.56,2.0,-11.06033507840391,26.98972957998015,-11.06033507840391,26.98972957998015,4.8678959555031724,-0.020797182797268388,-0.0024144588307318526
3165.0,126.60000000000001,2.0,-10.908158129895735,27.050650392526506,-10.908158129895735,27.050650392526506,4.842911549293227,-0.020797182797268388,-0.0024144588307318526
3166.0,126.64,2.0,-10.755754243213984,27.11081083600133,-10.755754243213984,27.11081083600133,4.817895264844012,-0.020797182797268388,-0.0024144588307318526
3167.0,126.68,2.0,-10.60314355126688,27.170214141495002,-10.60314355126688,27.170214141495002,4.792847102155524,-0.020797182797268388,-0.0024144588307318526
3168.0,126.72,2.0,-10.450322069334735,27.228863568770716,-10.450322069334735,27.228863568770716,4.767767061227765,-0.020797182797268388,-0.0024144588307318526
3169.0,126.76,2.0,-10.297299326207803,27.286762406140976,-10.297299326207803,27.286762406140976,4.742655142060735,-0.020797182797268388,-0.0024144588307318526
3170.0,126.8,2.0,-10.144017161115725,27.343913970343046,-10.144017161115725,27.343913970343046,4.717511344654434,-0.020797182797268388,-0.0024144588307318526
3171.0,126.84,2.0,-9.990511798527477,27.40032160641329,-9.990511798527477,27.40032160641329,4.692335669008862,-0.020797182797268388,-0.0024144588307318526
3172.0,126.88000000000001,2.0,-9.836819406326049,27.45598868756045,-9.836819406326049,27.45598868756045,4.667128115124018,-0.020797182797268388,-0.0024144588307318526
3173.0,126.92,2.0,-9.682977655482855,27.51091861503787,-9.682977655482855,27.51091861503787,4.641888682999903,-0.020797182797268388,-0.0024144588307318526
3174.0,126.96000000000001,2.0,-9.529006451357738,27.565114818014642,-9.529006451357738,27.565114818014642,4.616617372636515,-0.020797182797268388,-0.0024144588307318526
3175.0,127.0,2.0,-9.374892491091375,27.618580753445674,-9.374892491091375,27.618580753445674,4.591314184033858,-0.020797182797268388,-0.0024144588307318526
3176.0,127.04,2.0,-9.220639930548986,27.671319905940752,-9.220639930548986,27.671319905940752,4.565979117191929,-0.020797182797268388,-0.0024144588307318526
3177.0,127.08,2.0,-9.06625292093154,27.723335787632525,-9.06625292093154,27.723335787632525,4.540612172110728,-0.020797182797268388,-0.0024144588307318526
3178.0,127.12,2.0,-8.911735608993675,27.774631938043424,-8.911735608993675,27.774631938043424,4.515213348790256,-0.020797182797268388,-0.0024144588307318526
3179.0,127.16,2.0,-8.757092137261987,27.825211923951617,-8.757092137261987,27.825211923951617,4.489782647230514,-0.020797182797268388,-0.0024144588307318526
3180.0,127.2,2.0,-8.602326644253711,27.875079339255826,-8.602326644253711,27.875079339255826,4.464320067431499,-0.020797182797268388,-0.0024144588307318526
3181.0,127.24000000000001,2.0,-8.447443264695773,27.924237804839223,-8.447443264695773,27.924237804839223,4.438825609393214,-0.020797182797268388,-0.0024144588307318526
3182.0,127.28,2.0,-8.292446129744214,27.972690968432218,-8.292446129744214,27.972690968432218,4.4132992731156575,-0.020797182797268388,-0.0024144588307318526
3183.0,127.32000000000001,2.0,-8.137339367203996,28.020442504474282,-8.137339367203996,28.020442504474282,4.387741058598829,-0.020797182797268388,-0.0024144588307318526
3184.0,127.36,2.0,-7.9821271017491515,28.067496113974737,-7.9821271017491515,28.067496113974737,4.36215096584273,-0.020797182797268388,-0.0024144588307318526
3185.0,127.4,2.0,-7.8268134551433075,28.11385552437253,-7.8268134551433075,28.11385552437253,4.336528994847359,-0.020797182797268388,-0.0024144588307318526
3186.0,127.44,2.0,-7.6714025464605635,28.159524489395036,-7.6714025464605635,28.159524489395036,4.310875145612717,-0.020797182797268388,-0.0024144588307318526
3187.0,127.48,2.0,-7.51589849230672,28.204506788915825,-7.51589849230672,28.204506788915825,4.2851894181388035,-0.020797182797268388,-0.0024144588307318526
3188.0,127.52,2.0,-7.360305407040858,28.248665042047655,-7.360305407040858,28.248665042047655,4.25947181242562,-0.020797182797268388,-0.0024144588307318526
3189.0,127.56,2.0,-7.204628139849522,28.291999760861223,-7.204628139849522,28.291999760861223,4.233722328473163,-0.020797182797268388,-0.0024144588307318526
3190.0,127.60000000000001,2.0,-7.048871531828389,28.334511486228866,-7.048871531828389,28.334511486228866,4.207940966281436,-0.020797182797268388,-0.0024144588307318526
3191.0,127.64,2.0,-6.893040415809921,28.376200787751692,-6.893040415809921,28.376200787751692,4.182127725850437,-0.020797182797268388,-0.0024144588307318526
3192.0,127.68,2.0,-6.737139616191568,28.41706826368559,-6.737139616191568,28.41706826368559,4.1562826071801675,-0.020797182797268388,-0.0024144588307318526
3193.0,127.72,2.0,-6.581173948764542,28.457114540866257,-6.581173948764542,28.457114540866257,4.130405610270627,-0.020797182797268388,-0.0024144588307318526
3194.0,127.76,2.0,-6.425148220543167,28.49634027463317,-6.425148220543167,28.49634027463317,4.104496735121813,-0.020797182797268388,-0.0024144588307318526
3195.0,127.8,2.0,-6.269067229594785,28.534746148752546,-6.269067229594785,28.534746148752546,4.0785559817337305,-0.020797182797268388,-0.0024144588307318526
3196.0,127.84,2.0,-6.1129357648702705,28.572332875339285,-6.1129357648702705,28.572332875339285,4.052583350106375,-0.020797182797268388,-0.0024144588307318526
3197.0,127.88000000000001,2.0,-5.956758606035106,28.6091011947779,-5.956758606035106,28.6091011947779,4.0265788402397495,-0.020797182797268388,-0.0024144588307318526
3198.0,127.92,2.0,-5.800540523301083,28.645051875642373,-5.800540523301083,28.645051875642373,4.0005424521338515,-0.020797182797268388,-0.0024144588307318526
3199.0,127.96000000000001,2.0,-5.64428627725857,28.680185714615117,-5.64428627725857,28.680185714615117,3.9744741857886825,-0.020797182797268388,-0.0024144588307318526
3200.0,128.0,2.0,-5.488000618709423,28.714503536404827,-5.488000618709423,28.714503536404827,3.9483740412042425,-0.020797182797268388,-0.0024144588307318526
3201.0,128.04,2.0,-5.331688288500475,28.74800619366337,-5.331688288500475,28.74800619366337,3.922242018380531,-0.020797182797268388,-0.0024144588307318526
3202.0,128.08,2.0,-5.175354017357672,28.780694566901698,-5.175354017357672,28.780694566901698,3.896078117317548,-0.020797182797268388,-0.0024144588307318526
3203.0,128.12,2.0,-5.019002525720819,28.812569564404725,-5.019002525720819,28.812569564404725,3.8698823380152945,-0.020797182797268388,-0.0024144588307318526
3204.0,128.16,2.0,-4.86263852357896,28.84363212214528,-4.86263852357896,28.84363212214528,3.8436546804737692,-0.020797182797268388,-0.0024144588307318526
3205.0,128.2,2.0,-4.706266710306396,28.873883203697,-4.706266710306396,28.873883203697,3.817395144692972,-0.020797182797268388,-0.0024144588307318526
3206.0,128.24,2.0,-4.54989177449935,28.903323800146307,-4.54989177449935,28.903323800146307,3.791103730672904,-0.020797182797268388,-0.0024144588307318526
3207.0,128.28,2.0,-4.393518393813267,28.931954930003375,-4.393518393813267,28.931954930003375,3.7647804384135646,-0.020797182797268388,-0.0024144588307318526
3208.0,128.32,2.0,-4.23715123480079,28.959777639112136,-4.23715123480079,28.959777639112136,3.7384252679149546,-0.020797182797268388,-0.0024144588307318526
3209.0,128.36,2.0,-4.080794952750377,28.986793000559334,-4.080794952750377,28.986793000559334,3.712038219177072,-0.020797182797268388,-0.0024144588307318526
3210.0,128.4,2.0,-3.9244541915255926,29.013002114582598,-3.9244541915255926,29.013002114582598,3.685619292199919,-0.024450646179410625,-0.002497359051636482
3211.0,128.44,2.0,-3.7681335834050724,29.03840610847758,-3.7681335834050724,29.03840610847758,3.659168486983495,-0.03151706157716194,-0.0025950250867502176
3212.0,128.48,2.0,-3.6118377489231657,29.06300613650411,-3.6118377489231657,29.06300613650411,3.6326858035277994,-0.04195287918190369,-0.0027217572543552656
3213.0,128.52,2.0,-3.4555712967112533,29.086803379791444,-3.4555712967112533,29.086803379791444,3.606171241832832,-0.055886415174582475,-0.002855441418967982
3214.0,128.56,2.0,-3.2993388233397667,29.10979904624253,-3.2993388233397667,29.10979904624253,3.5796248018985932,-0.0733161146589829,-0.0030006666941814536
3215.0,128.6,2.0,-3.143144913160892,29.131994370437376,-3.143144913160892,29.131994370437376,3.5530464837250837,-0.09432594281964395,-0.003159645426119517
3216.0,128.64000000000001,2.0,-2.986994138151981,29.15339061353545,-2.986994138151981,29.15339061353545,3.526436287312303,-0.11895828900279648,-0.003341154611935762
3217.0,128.68,2.0,-2.8308910577596627,29.17398906317718,-2.8308910577596627,29.17398906317718,3.499794212660251,-0.14680136295097848,-0.003522663797752007
3218.0,128.72,2.0,-2.6748402187446683,29.19379103338451,-2.6748402187446683,29.19379103338451,3.473120259768927,-0.17785516466418996,-0.003704172983568252
3219.0,128.76,2.0,-2.518846155027377,29.212797864460555,-2.518846155027377,29.212797864460555,3.4464463068776037,-0.2121196941424309,-0.003885682169384497
3220.0,128.8,2.0,-2.362913387534079,29.231010922888313,-2.362913387534079,29.231010922888313,3.4197723539862808,-0.2495949513857013,-0.00404466090132256
3221.0,128.84,2.0,-2.207046424043967,29.248431601228525,-2.207046424043967,29.248431601228525,3.393098401094957,-0.28914896830611364,-0.004203639633260623
3222.0,128.88,2.0,-2.0512497590368617,29.265061318016564,-2.0512497590368617,29.265061318016564,3.366424448203633,-0.328702985226526,-0.004362618365198687
3223.0,128.92000000000002,2.0,-1.8955278735416805,29.28090151765848,-1.8955278735416805,29.28090151765848,3.3397504953123094,-0.36825700214693835,-0.0045215970971367505
3224.0,128.96,2.0,-1.7398852349856406,29.29595367032613,-1.7398852349856406,29.29595367032613,3.313076542420986,-0.40781101906735073,-0.004680575829074813
3225.0,129.0,2.0,-1.5843262970442211,29.310219271851402,-1.5843262970442211,29.310219271851402,3.2864025895296622,-0.44736503598776306,-0.004839554561012877
3226.0,129.04,2.0,-1.4288554994918732,29.32369984361959,-1.4288554994918732,29.32369984361959,3.259728636638339,-0.4869190529081754,-0.00472208301944654
3227.0,129.08,2.0,-1.273477268053492,29.336396932461867,-1.273477268053492,29.336396932461867,3.2330546837470155,-0.5264730698285878,-0.0042420514438656475
3228.0,129.12,1.0,-1.1181960142566567,29.348312110546917,-1.1181960142566567,29.348312110546917,3.206380730855692,-0.5660270867490002,-0.003399459834270202
3229.0,129.16,1.0,-0.9630161352846344,29.359446975271634,-0.9630161352846344,29.359446975271634,3.179706777964369,-0.6019276402872703,-0.002111407969755574
3230.0,129.2,1.0,-0.8079420138301646,29.369803149151032,-0.8079420138301646,29.369803149151032,3.153032825073045,-0.635221309842799,-0.0007537128496004289
3231.0,129.24,1.0,-0.6529780179500233,29.379382279707272,-0.6529780179500233,29.379382279707272,3.1263588721817213,-0.665145577191337,0.0006330484030460292
3232.0,129.28,1.0,-0.49812850092036953,29.388186039357794,-0.49812850092036953,29.388186039357794,3.099684919290398,-0.6915721261519383,0.0020267616527001563
3233.0,129.32,0.0,-0.3433978010928866,29.396216125302686,-0.3433978010928866,29.396216125302686,3.073010966399074,-0.7145025116208178,0.003432016012955037
3234.0,129.36,1.0,-0.18879024175171588,29.403474259411148,-0.18879024175171588,29.403474259411148,3.0463370135077503,-0.7338527684134367,0.004851023829934511
3235.0,129.4,0.0,-0.034310130971192405,29.40996218810711,-0.034310130971192405,29.40996218810711,3.0196630606164274,-0.7495805071835641,0.006292562100792167
3236.0,129.44,0.0,0.12003823852561442,29.41568168225409,0.12003823852561442,29.41568168225409,2.992989107725104,-0.7620975181886621,0.007734100371649822
3237.0,129.48,0.0,0.2742505895075495,29.420634537039184,0.2742505895075495,29.420634537039184,2.9663151548337803,-0.7714038014287306,0.009175638642507476
3238.0,129.52,0.0,0.42832266037520594,29.4248225718562,0.42832266037520594,29.4248225718562,2.9396412019424565,-0.7774993569037696,0.010617176913365133
3239.0,129.56,0.0,0.5822502052999384,29.42824763018806,0.5822502052999384,29.42824763018806,2.912967249051133,-0.7803841846137791,0.012036184730344606
3240.0,129.6,0.0,0.7360289943620525,29.43091157948831,0.7360289943620525,29.43091157948831,2.88629329615981,-0.7849379423782337,0.013074599360943025
3241.0,129.64000000000001,1.0,0.8896548136881632,29.432816311061906,0.8896548136881632,29.432816311061906,2.859619343268486,-0.7911240808854959,0.01344577308944039
3242.0,129.68,1.0,1.0431234655877208,29.433963739945128,1.0431234655877208,29.433963739945128,2.832945390377162,-0.79740768915928,0.013778275979981623
3243.0,129.72,0.0,1.1964307686886966,29.434355804784772,1.1964307686886966,29.434355804784772,2.8062714374858393,-0.8037887671995861,0.01392560676676923
3244.0,129.76,0.0,1.3495725580724247,29.433994467716484,1.3495725580724247,29.433994467716484,2.7795974845945155,-0.8101698452398923,0.01384282599736448
3245.0,129.8,0.0,1.502544685407597,29.43288171424238,1.502544685407597,29.43288171424238,2.752923531703192,-0.8165509232801985,0.013037210012354531
3246.0,129.84,0.0,1.655343019083405,29.431019553107863,1.655343019083405,29.431019553107863,2.7262495788118684,-0.8229320013205047,0.011422649051229217
3247.0,129.88,0.0,1.8079634443418235,29.42841001617765,1.8079634443418235,29.42841001617765,2.6995756259205446,-0.8293130793608108,0.008999143113988544
3248.0,129.92000000000002,1.0,1.9604018634090319,29.425055158311082,1.9604018634090319,29.425055158311082,2.6729016730292208,-0.835694157401117,0.005766692200632511
3249.0,129.96,1.0,2.1126541956259732,29.420957057236624,2.1126541956259732,29.420957057236624,2.646227720137898,-0.8412691674085555,0.002032978903744263
3250.0,130.0,0.0,2.2647163775780363,29.416117813425675,2.2647163775780363,29.416117813425675,2.6195537672465745,-0.8468441774159942,-0.001700734393143985
3251.0,130.04,0.0,2.4165843632238695,29.410539549965552,2.4165843632238695,29.410539549965552,2.5929040207429073,-0.8523217176569107,-0.005434447690032233
3252.0,130.08,1.0,2.5682541240233085,29.404224412431837,2.5682541240233085,29.404224412431837,2.566278480626897,-0.8577017881313053,-0.009168160986920481
3253.0,130.12,1.0,2.7197216490644265,29.397174568759873,2.7197216490644265,29.397174568759873,2.5396771468985437,-0.8625050166906987,-0.012901874283808729
3254.0,130.16,1.0,2.870982945189692,29.389392209115645,2.870982945189692,29.389392209115645,2.513100019557847,-0.8659658851115374,-0.016635587580696973
3255.0,130.2,0.0,3.0220340371212377,29.380879545765847,3.0220340371212377,29.380879545765847,2.486547098604807,-0.8652245222074617,-0.020369300877585223
3256.0,130.24,0.0,3.1728709675852294,29.371638812947303,3.1728709675852294,29.371638812947303,2.460018384039423,-0.8598814225053886,-0.024103014174473473
3257.0,130.28,0.0,3.3234897974353372,29.3616722667356,3.3234897974353372,29.3616722667356,2.433513875861696,-0.8478007666315511,-0.02783672747136172
3258.0,130.32,1.0,3.4738866057753044,29.350982184913125,3.4738866057753044,29.350982184913125,2.407033574071626,-0.8289825545859495,-0.03157044076824997
3259.0,130.36,1.0,3.6240574900805984,29.339570866836286,3.6240574900805984,29.339570866836286,2.3805774786692124,-0.7996790966369964,-0.034865287067728554
3260.0,130.4,0.0,3.7739985663191593,29.327440633302118,3.7739985663191593,29.327440633302118,2.354145589654456,-0.7615232866667164,-0.036967394849954566
3261.0,130.44,0.0,3.923705969071229,29.314593826414193,3.923705969071229,29.314593826414193,2.3277379070273554,-0.7130874112935203,-0.038180015625396795
3262.0,130.48,0.0,4.073175851648254,29.301032809447808,4.073175851648254,29.301032809447808,2.3013544307879124,-0.6643660071924405,-0.03910123070627107
3263.0,130.52,0.0,4.222404386210872,29.28675996671457,4.222404386210872,29.28675996671457,2.2749951609361254,-0.6154565441299993,-0.039686100640138666
3264.0,130.56,0.0,4.371387763885962,29.27177770342622,4.371387763885962,29.27177770342622,2.2486600974719955,-0.5663590221061966,-0.03971835204109113
3265.0,130.6,0.0,4.520122194882769,29.256088445557907,4.520122194882769,29.256088445557907,2.2223492403955216,-0.5170734411210323,-0.03919798490912846
3266.0,130.64000000000001,0.0,4.668603908608091,29.239694639710684,4.668603908608091,29.239694639710684,2.196062589706705,-0.46759980117450656,-0.038124999244250654
3267.0,130.68,0.0,4.8168291537805175,29.22259875297346,4.8168291537805175,29.22259875297346,2.1698001454055444,-0.4179381022666193,-0.03649939504645771
3268.0,130.72,0.0,4.964794198543743,29.20480327278427,4.964794198543743,29.20480327278427,2.143561907492041,-0.36808834439737054,-0.034321172315749646
3269.0,130.76,0.0,5.112495330578912,29.18631070679087,5.112495330578912,29.18631070679087,2.1173478759661943,-0.3180505275667603,-0.03203671599422725
3270.0,130.8,0.0,5.259928857216029,29.167123582710754,5.259928857216029,29.167123582710754,2.0911580508280045,-0.2679221215413105,-0.029646026081890528
3271.0,130.84,0.0,5.407091105544407,29.14724444819055,5.407091105544407,29.14724444819055,2.064992432077471,-0.2177031263210212,-0.02714910257873947
3272.0,130.88,0.0,5.553978422522159,29.126675870664737,5.553978422522159,29.126675870664737,2.038851019714594,-0.16787291405437157,-0.024545945484774092
3273.0,130.92000000000002,0.0,5.70058717508473,29.105420437213834,5.70058717508473,29.105420437213834,2.012733813739374,-0.11919700296491534,-0.021836554799994384
3274.0,130.96,2.0,5.846913750252457,29.08348075442189,5.846913750252457,29.08348075442189,1.9866408141518102,-0.07453526423901173,-0.019020930524400348
3275.0,131.0,2.0,5.992954555237176,29.060859448233465,5.992954555237176,29.060859448233465,1.9605720209519037,-0.03428720334974407,-0.016099072657991986
3276.0,131.04,2.0,6.138706017547838,29.03755916380997,6.138706017547838,29.03755916380997,1.9345274341396534,-0.0007766986322407528,-0.013177214791583625
3277.0,131.08,2.0,6.284164585095163,29.013582565385413,6.284164585095163,29.013582565385413,1.90850705371506,0.02599624991349821,-0.010255356925175261
3278.0,131.12,2.0,6.429326726295313,28.988932336121614,6.429326726295313,28.988932336121614,1.8825108796781231,0.04603164228747283,-0.007391772869795509
3279.0,131.16,2.0,6.574188930172576,28.963611177962775,6.574188930172576,28.963611177962775,1.8565389120288431,0.05884706338292806,-0.005053686429567274
3280.0,131.2,2.0,6.718747706461086,28.937621811489564,6.718747706461086,28.937621811489564,1.8305911507672197,0.06147988884198913,-0.0035664161581666896
3281.0,131.24,2.0,6.862999585705518,28.910966975772546,6.862999585705518,28.910966975772546,1.804667595893253,0.06392465533968869,-0.0021853794775804317
3282.0,131.28,2.0,7.006941119360835,28.883649428225183,7.006941119360835,28.883649428225183,1.7787682474069428,0.06618136287602674,-0.0009105763878085022
3283.0,131.32,2.0,7.150568879891007,28.85567194445614,7.150568879891007,28.85567194445614,1.7528931053082897,0.06825001145100329,0.0002579931111491002
3284.0,131.36,2.0,7.293879460866751,28.82722349832192,7.293879460866751,28.82722349832192,1.7270421695972924,0.07013060106461834,0.0013203290192923748
3285.0,131.4,2.0,7.4368694770622605,28.798336692505213,7.4368694770622605,28.798336692505213,1.7012154402739526,0.07182313171687188,0.002276431336621322
3286.0,131.44,2.0,7.579535564550938,28.769008832231503,7.579535564550938,28.769008832231503,1.6754129173382692,0.07332760340776392,0.0031263000631359425
3287.0,131.48,2.0,7.7218743808001244,28.73923723236617,7.7218743808001244,28.73923723236617,1.6496346007902427,0.07464401613729445,0.0038699351988362345
3288.0,131.52,2.0,7.863882604764808,28.709019217473845,7.863882604764808,28.709019217473845,1.623880490629872,0.07577236990546347,0.0045073367437222
3289.0,131.56,2.0,8.005556936980328,28.67835212187755,8.005556936980328,28.67835212187755,1.5981505868571588,0.076712664712271,0.0050385046977938375
3290.0,131.6,2.0,8.14689409965407,28.64723328971759,8.14689409965407,28.64723328971759,1.5724448894721021,0.07746490055771701,0.005463439061051147
3291.0,131.64000000000001,2.0,8.287890836756121,28.615660075010283,8.287890836756121,28.615660075010283,1.5467633984747022,0.07802907744180153,0.00578213983349413
3292.0,131.68,2.0,8.428543914108946,28.583629841706426,8.428543914108946,28.583629841706426,1.5211061138649586,0.07840519536452453,0.005994607015122785
3293.0,131.72,2.0,8.56885011947599,28.55113996374956,8.56885011947599,28.55113996374956,1.495473035642872,0.07859325432588604,0.006100840605937116
3294.0,131.76,2.0,8.708806262649295,28.51818782513405,8.708806262649295,28.51818782513405,1.4698641638084418,0.07859325432588604,0.006100840605937116
3295.0,131.8,2.0,8.848409175536071,28.484770819962833,8.848409175536071,28.484770819962833,1.4442794983616685,0.07859325432588604,0.006100840605937116
3296.0,131.84,2.0,8.98765571224424,28.45088635250509,8.98765571224424,28.45088635250509,1.4187190393025517,0.07859325432588604,0.006100840605937116
3297.0,131.88,2.0,9.126542749166944,28.41653183725355,9.126542749166944,28.41653183725355,1.393182786631092,0.07859325432588604,0.006100840605937116
3298.0,131.92000000000002,2.0,9.265067185066023,28.38170469898171,9.265067185066023,28.38170469898171,1.3676707403472883,0.07859325432588604,0.006100840605937116
3299.0,131.96,2.0,9.403225941154455,28.34640237280069,9.403225941154455,28.34640237280069,1.3421829004511416,0.07859325432588604,0.006100840605937116
3300.0,132.0,2.0,9.54101596117774,28.310622304215958,9.54101596117774,28.310622304215958,1.3167192669426515,0.07859325432588604,0.006100840605937116
3301.0,132.04,2.0,9.67843421149427,28.27436194918378,9.67843421149427,28.27436194918378,1.2912798398218182,0.07859325432588604,0.006100840605937116
3302.0,132.08,2.0,9.81547768115463,28.237618774167462,9.81547768115463,28.237618774167462,1.2658646190886413,0.07859325432588604,0.006100840605937116
3303.0,132.12,2.0,9.952143381979855,28.200390256193327,9.952143381979855,28.200390256193327,1.2404736047431215,0.07859325432588604,0.006100840605937116
3304.0,132.16,2.0,10.088428348638656,28.162673882906503,10.088428348638656,28.162673882906503,1.215106796785258,0.07859325432588604,0.006100840605937116
3305.0,132.2,2.0,10.224329638723566,28.12446715262642,10.224329638723566,28.12446715262642,1.1897641952150513,0.07859325432588604,0.006100840605937116
3306.0,132.24,2.0,10.359844332826055,28.08576757440214,10.359844332826055,28.08576757440214,1.1644458000325013,0.07859325432588604,0.006100840605937116
3307.0,132.28,2.0,10.494969534610588,28.04657266806738,10.494969534610588,28.04657266806738,1.139151611237608,0.07859325432588604,0.006100840605937116
3308.0,132.32,2.0,10.629702370887605,28.006879964295358,10.629702370887605,28.006879964295358,1.1138816288303712,0.07859325432588604,0.006100840605937116
3309.0,132.36,2.0,10.76403999168546,27.966687004653345,10.76403999168546,27.966687004653345,1.0886358528107913,0.07859325432588604,0.006100840605937116
3310.0,132.4,2.0,10.897979570321306,27.92599134165701,10.897979570321306,27.92599134165701,1.063414283178868,0.07859325432588604,0.006100840605937116
3311.0,132.44,2.0,11.031518303470884,27.884790538824532,11.031518303470884,27.884790538824532,1.0382169199346014,0.07859325432588604,0.006100840605937116
3312.0,132.48,2.0,11.164653411237285,27.843082170730423,11.164653411237285,27.843082170730423,1.0130437630779912,0.07859325432588604,0.006100840605937116
3313.0,132.52,2.0,11.297382137218614,27.80086382305914,11.297382137218614,27.80086382305914,0.9878948126090379,0.07859325432588604,0.006100840605937116
3314.0,132.56,2.0,11.429701748574608,27.75813309265846,11.429701748574608,27.75813309265846,0.9627700685277413,0.07859325432588604,0.006100840605937116
3315.0,132.6,2.0,11.561609536092165,27.71488758759258,11.561609536092165,27.71488758759258,0.9378328780533758,0.07859325432588604,0.006100840605937116
3316.0,132.64000000000001,2.0,11.69310162916884,27.671124927195,11.69310162916884,27.671124927195,0.9137124990877314,0.07859325432588604,0.006100840605937116
3317.0,132.68,2.0,11.824179083702674,27.62684274212109,11.824179083702674,27.62684274212109,0.8904226354984607,0.07859325432588604,0.006100840605937116
3318.0,132.72,2.0,11.954858296221442,27.582038674400536,11.954858296221442,27.582038674400536,0.8679502709228225,0.07859325432588604,0.006100840605937116
3319.0,132.76,2.0,12.085147393744085,27.536710377489364,12.085147393744085,27.536710377489364,0.846303181140205,0.07859325432588604,0.006100840605937116
3320.0,132.8,2.0,12.215049058824063,27.49085551632187,12.215049058824063,27.49085551632187,0.825475769754572,0.07859325432588604,0.006100840605937116
3321.0,132.84,2.0,12.344588900835967,27.44447176736219,12.344588900835967,27.44447176736219,0.8054692041855519,0.07859325432588604,0.006100840605937116
3322.0,132.88,2.0,12.473759562681552,27.397556818655666,12.473759562681552,27.397556818655666,0.7862846607059111,0.07859325432588604,0.006100840605937116
3323.0,132.92000000000002,2.0,12.602561121865556,27.35010836987993,12.602561121865556,27.35010836987993,0.7679203899262119,0.07859325432588604,0.006100840605937116
3324.0,132.96,2.0,12.73100951905791,27.302124132395747,12.73100951905791,27.302124132395747,0.7503774609477921,0.07859325432588604,0.006100840605937116
3325.0,133.0,2.0,12.859120706328554,27.253601829297594,12.859120706328554,27.253601829297594,0.7336569428719896,0.07859325432588604,0.006100840605937116
3326.0,133.04,2.0,12.986910645778208,27.204539195463987,12.986910645778208,27.204539195463987,0.717759904800142,0.07859325432588604,0.006100840605937116
3327.0,133.08,2.0,13.114395308168719,27.154933977607513,13.114395308168719,27.154933977607513,0.7026874158335875,0.07859325432588604,0.006100840605937116
3328.0,133.12,2.0,13.241590671553103,27.104783934324658,13.241590671553103,27.104783934324658,0.6884405450736639,0.07859325432588604,0.006100840605937116
3329.0,133.16,2.0,13.368394802606677,27.054086836145334,13.368394802606677,27.054086836145334,0.675707809061239,0.07859325432588604,0.006100840605937116
3330.0,133.2,2.0,13.494833141598562,27.002840465582118,13.494833141598562,27.002840465582118,0.664504977669452,0.07859325432588604,0.006100840605937116
3331.0,133.24,2.0,13.620896236709788,26.951042617179283,13.620896236709788,26.951042617179283,0.6548395411582724,0.07859325432588604,0.006100840605937116
3332.0,133.28,2.0,13.746599776971118,26.89869109756154,13.746599776971118,26.89869109756154,0.6458985261678041,0.07859325432588604,0.006100840605937116
3333.0,133.32,2.0,13.871959541999304,26.845783725482484,13.871959541999304,26.845783725482484,0.6376828434452995,0.07859325432588604,0.006100840605937116
3334.0,133.36,2.0,13.996991401170847,26.79231833187282,13.996991401170847,26.79231833187282,0.6301934037380102,0.07859325432588604,0.006100840605937116
3335.0,133.4,2.0,14.121711312789433,26.738292759888264,14.121711312789433,26.738292759888264,0.6234311177931885,0.07859325432588604,0.006100840605937116
3336.0,133.44,2.0,14.246072414549577,26.683704864957242,14.246072414549577,26.683704864957242,0.6174723903408329,0.07859325432588604,0.006100840605937116
3337.0,133.48,2.0,14.370071042596669,26.628552514828236,14.370071042596669,26.628552514828236,0.6123064855093672,0.07859325432588604,0.006100840605937116
3338.0,133.52,2.0,14.493707055214248,26.572833589616952,14.493707055214248,26.572833589616952,0.6079471769763082,0.07859325432588604,0.006100840605937116
3339.0,133.56,2.0,14.616965501861424,26.516545981853096,14.616965501861424,26.516545981853096,0.6043867826500118,0.07859325432588604,0.006100840605937116
3340.0,133.6,2.0,14.739834041380114,26.459687596527015,14.739834041380114,26.459687596527015,0.6016412790215201,0.07859325432588604,0.006100840605937116
3341.0,133.64000000000001,2.0,14.862301524518264,26.402256351135915,14.862301524518264,26.402256351135915,0.5997126525519645,0.07859325432588604,0.006100840605937116
3342.0,133.68,2.0,14.9843755178186,26.344250175729936,14.9843755178186,26.344250175729936,0.5985991732427087,0.07859325432588604,0.006100840605937116
3343.0,133.72,2.0,15.106123847338898,26.28566701295785,15.106123847338898,26.28566701295785,0.5983071304790692,0.07859325432588604,0.006100840605937116
3344.0,133.76,2.0,15.227504094269895,26.226504818112534,15.227504094269895,26.226504818112534,0.5988338977404616,0.07859325432588604,0.006100840605937116
3345.0,133.8,2.0,15.348473887505861,26.166761559176145,15.348473887505861,26.166761559176145,0.6001768485063015,0.07859325432588604,0.006100840605937116
3346.0,133.84,2.0,15.468989344319494,26.106435216865012,15.468989344319494,26.106435216865012,0.6023390937584805,0.07859325432588604,0.006100840605937116
3347.0,133.88,2.0,15.58902433941174,26.045523784674256,15.58902433941174,26.045523784674256,0.6046871133611774,0.07859325432588604,0.006100840605937116
3348.0,133.92000000000002,2.0,15.708585947869707,25.984025268922114,15.708585947869707,25.984025268922114,0.6070593393515311,0.07859325432588604,0.006100840605937116
3349.0,133.96,2.0,15.82778169587233,25.92193768879399,15.82778169587233,25.92193768879399,0.6094557717295414,0.07859325432588604,0.006100840605937116
3350.0,134.0,2.0,15.946591738088435,25.859259076386206,15.946591738088435,25.859259076386206,0.6118764104952084,0.07859325432588604,0.006100840605937116
3351.0,134.04,2.0,16.06503112212181,25.795987476749495,16.06503112212181,25.795987476749495,0.614321255648532,0.07859325432588604,0.006100840605937116
3352.0,134.08,2.0,16.18308975433653,25.732120947932188,16.18308975433653,25.732120947932188,0.6167903071895123,0.07859325432588604,0.006100840605937116
3353.0,134.12,2.0,16.300757448883868,25.667657561023088,16.300757448883868,25.667657561023088,0.6192835651181493,0.07859325432588604,0.006100840605937116
3354.0,134.16,2.0,16.41802392729179,25.60259540019411,16.41802392729179,25.60259540019411,0.6218010294344429,0.07859325432588604,0.006100840605937116
3355.0,134.2,2.0,16.534878818060925,25.536932562742606,16.534878818060925,25.536932562742606,0.6243427001383932,0.07859325432588604,0.006100840605937116
3356.0,134.24,2.0,16.651375750045478,25.470667159133363,16.651375750045478,25.470667159133363,0.6269085772300003,0.07859325432588604,0.006100840605937116
3357.0,134.28,2.0,16.76752024433062,25.403797313040375,16.76752024433062,25.403797313040375,0.6294986607092639,0.07859325432588604,0.006100840605937116
3358.0,134.32,2.0,16.883298975242433,25.336321161388266,16.883298975242433,25.336321161388266,0.6321129505761842,0.07859325432588604,0.006100840605937116
3359.0,134.36,2.0,16.998721710274832,25.268236854393464,16.998721710274832,25.268236854393464,0.6347514468307612,0.07859325432588604,0.006100840605937116
3360.0,134.4,2.0,17.113801065664102,25.19954255560505,17.113801065664102,25.19954255560505,0.6374141494729949,0.07859325432588604,0.006100840605937116
3361.0,134.44,2.0,17.228525551403568,25.130236441945303,17.228525551403568,25.130236441945303,0.6401010585028852,0.07859325432588604,0.006100840605937116
3362.0,134.48,2.0,17.342897202620563,25.060316703750004,17.342897202620563,25.060316703750004,0.6428121739204322,0.07859325432588604,0.006100840605937116
3363.0,134.52,2.0,17.456850376744388,24.989781544808356,17.456850376744388,24.989781544808356,0.6455474957256359,0.07859325432588604,0.006100840605937116
3364.0,134.56,2.0,17.570413828544215,24.918629182402725,17.570413828544215,24.918629182402725,0.6483070239184963,0.07859325432588604,0.006100840605937116
3365.0,134.6,2.0,17.6836162685411,24.846857847347923,17.6836162685411,24.846857847347923,0.6510907584990133,0.07859325432588604,0.006100840605937116
3366.0,134.64000000000001,2.0,17.796487922919173,24.774465784030365,17.796487922919173,24.774465784030365,0.6538986994671869,0.07859325432588604,0.006100840605937116
3367.0,134.68,2.0,17.909041265061763,24.701451250446773,17.909041265061763,24.701451250446773,0.6567308468230173,0.07859325432588604,0.006100840605937116
3368.0,134.72,2.0,18.021255573179367,24.627812518242692,18.021255573179367,24.627812518242692,0.6595872005665043,0.07859325432588604,0.006100840605937116
3369.0,134.76,2.0,18.133127597488254,24.553547872750638,18.133127597488254,24.553547872750638,0.662467760697648,0.07859325432588604,0.006100840605937116
3370.0,134.8,2.0,18.244654097055946,24.47865561302795,18.244654097055946,24.47865561302795,0.6653725272164484,0.07859325432588604,0.006100840605937116
3371.0,134.84,2.0,18.355831840252794,24.40313405189439,18.355831840252794,24.40313405189439,0.6683015001229053,0.07859325432588604,0.006100840605937116
3372.0,134.88,2.0,18.466657605203267,24.326981515969337,18.466657605203267,24.326981515969337,0.6712546794170192,0.07859325432588604,0.006100840605937116
3373.0,134.92000000000002,2.0,18.57712818023695,24.25019634570879,18.57712818023695,24.25019634570879,0.6742320650987895,0.07859325432588604,0.006100840605937116
3374.0,134.96,2.0,18.687240364339324,24.17277689544199,18.687240364339324,24.17277689544199,0.6772336571682166,0.07859325432588604,0.006100840605937116
3375.0,135.0,2.0,18.796990967602152,24.094721533407746,18.796990967602152,24.094721533407746,0.6802594556253003,0.07859325432588604,0.006100840605937116
3376.0,135.04,2.0,18.90637681167366,24.01602864179047,18.90637681167366,24.01602864179047,0.6833094604700407,0.07859325432588604,0.006100840605937116
3377.0,135.08,2.0,19.01539473020831,23.93669661675589,19.01539473020831,23.93669661675589,0.6863836717024376,0.07859325432588604,0.006100840605937116
3378.0,135.12,2.0,19.1240415693163,23.856723868486455,19.1240415693163,23.856723868486455,0.6894820893224914,0.07859325432588604,0.006100840605937116
3379.0,135.16,2.0,19.23231418801269,23.77610882121645,19.23231418801269,23.77610882121645,0.6926047133302017,0.07859325432588604,0.006100840605937116
3380.0,135.2,2.0,19.340209458666187,23.694849913266754,19.340209458666187,23.694849913266754,0.6957515437255689,0.07859325432588604,0.006100840605937116
3381.0,135.24,2.0,19.44772426744755,23.61308678384315,19.44772426744755,23.61308678384315,0.6989225805085925,0.07859325432588604,0.006100840605937116
3382.0,135.28,2.0,19.554856251629896,23.530821219207525,19.554856251629896,23.530821219207525,0.702117823679273,0.07859325432588604,0.006100840605937116
3383.0,135.32,2.0,19.661603056895746,23.448055016722847,19.661603056895746,23.448055016722847,0.70533727323761,0.07859325432588604,0.006100840605937116
3384.0,135.36,2.0,19.76796233738931,23.364789984813424,19.76796233738931,23.364789984813424,0.7085809291836038,0.07859325432588604,0.006100840605937116
3385.0,135.4,2.0,19.87393175576861,23.28102794292501,19.87393175576861,23.28102794292501,0.7118487915172541,0.07859325432588604,0.006100840605937116
3386.0,135.44,2.0,19.979508983257382,23.196770721484572,19.979508983257382,23.196770721484572,0.7151408602385613,0.07859325432588604,0.006100840605937116
3387.0,135.48,2.0,20.084691699696812,23.11202016185989,20.084691699696812,23.11202016185989,0.718457135347525,0.07859325432588604,0.006100840605937116
3388.0,135.52,2.0,20.189477593597072,23.026778116318845,20.189477593597072,23.026778116318845,0.7217976168441455,0.07859325432588604,0.006100840605937116
3389.0,135.56,2.0,20.293864362188657,22.941046447988533,20.293864362188657,22.941046447988533,0.7251623047284225,0.07859325432588604,0.006100840605937116
3390.0,135.6,2.0,20.397849711473533,22.854827030814057,20.397849711473533,22.854827030814057,0.7285511990003563,0.07859325432588604,0.006100840605937116
3391.0,135.64000000000001,2.0,20.501431356276104,22.768121749517164,20.501431356276104,22.768121749517164,0.7319642996599466,0.07859325432588604,0.006100840605937116
3392.0,135.68,2.0,20.60460702029396,22.680932499554558,20.60460702029396,22.680932499554558,0.7354016067071938,0.07859325432588604,0.006100840605937116
3393.0,135.72,2.0,20.707374436148445,22.593261187076042,20.707374436148445,22.593261187076042,0.7388631201420974,0.07859325432588604,0.006100840605937116
3394.0,135.76,2.0,20.809731345435008,22.50510972888237,20.809731345435008,22.50510972888237,0.7423488399646581,0.07859325432588604,0.006100840605937116
3395.0,135.8,2.0,20.911675498773388,22.416480052382905,20.911675498773388,22.416480052382905,0.7458587661748749,0.07859325432588604,0.006100840605937116
3396.0,135.84,2.0,21.013204655857553,22.32737409555301,21.013204655857553,22.32737409555301,0.7493928987727488,0.07859325432588604,0.006100840605937116
3397.0,135.88,2.0,21.114316585505485,22.2377938068912,21.114316585505485,22.2377938068912,0.7529512377582792,0.07859325432588604,0.006100840605937116
3398.0,135.92000000000002,2.0,21.215009065708717,22.147741145376077,21.215009065708717,22.147741145376077,0.7565337831314665,0.07859325432588604,0.006100840605937116
3399.0,135.96,2.0,21.315279883681708,22.05721808042304,21.315279883681708,22.05721808042304,0.7601405348923101,0.07859325432588604,0.006100840605937116
3400.0,136.0,2.0,21.41512683591098,21.966226591840723,21.41512683591098,21.966226591840723,0.7637714930408106,0.07859325432588604,0.006100840605937116
3401.0,136.04,2.0,21.514547728204064,21.874768669787237,21.514547728204064,21.874768669787237,0.7674266575769677,0.07859325432588604,0.006100840605937116
3402.0,136.08,2.0,21.613540375738243,21.78284631472617,21.613540375738243,21.78284631472617,0.7711060285007815,0.07859325432588604,0.006100840605937116
3403.0,136.12,2.0,21.712102603109077,21.69046153738235,21.712102603109077,21.69046153738235,0.7748096058122519,0.07859325432588604,0.006100840605937116
3404.0,136.16,2.0,21.810232244378728,21.59761635869739,21.810232244378728,21.59761635869739,0.778537389511379,0.07859325432588604,0.006100840605937116
3405.0,136.2,2.0,21.907927143124045,21.50431280978498,21.907927143124045,21.50431280978498,0.7822893795981628,0.07859325432588604,0.006100840605937116
3406.0,136.24,2.0,22.005185152484497,21.410552931886006,22.005185152484497,21.410552931886006,0.7860655760726033,0.07859325432588604,0.006100840605937116
3407.0,136.28,2.0,22.102004135209828,21.31633877632338,22.102004135209828,21.31633877632338,0.7898659789347003,0.07859325432588604,0.006100840605937116
3408.0,136.32,2.0,22.19838196370755,21.22167240445667,22.19838196370755,21.22167240445667,0.7936905881844543,0.07859325432588604,0.006100840605937116
3409.0,136.36,2.0,22.294316520090184,21.12655588763653,22.294316520090184,21.12655588763653,0.7975394038218646,0.07859325432588604,0.006100840605937116
3410.0,136.4,2.0,22.389805696222304,21.030991307158885,22.389805696222304,21.030991307158885,0.8014124258469318,0.07859325432588604,0.006100840605937116
3411.0,136.44,2.0,22.48484739376737,20.93498075421886,22.48484739376737,20.93498075421886,0.8053096542596556,0.07859325432588604,0.006100840605937116
3412.0,136.48,2.0,22.579439524234317,20.83852632986456,22.579439524234317,20.83852632986456,0.8092310890600362,0.07859325432588604,0.006100840605937116
3413.0,136.52,2.0,22.673580009023958,20.741630144950577,22.673580009023958,20.741630144950577,0.8131767302480731,0.07859325432588604,0.006100840605937116
3414.0,136.56,2.0,22.76726677947515,20.6442943200913,22.76726677947515,20.6442943200913,0.817146577823767,0.07859325432588604,0.006100840605937116
3415.0,136.6,2.0,22.860497776910716,20.546520985613995,22.860497776910716,20.546520985613995,0.8211406317871176,0.07859325432588604,0.006100840605937116
3416.0,136.64000000000001,2.0,22.9532709526832,20.44831228151167,22.9532709526832,20.44831228151167,0.8251588921381248,0.07859325432588604,0.006100840605937116
3417.0,136.68,2.0,23.045584268220363,20.349670357395734,23.045584268220363,20.349670357395734,0.8292013588767885,0.07859325432588604,0.006100840605937116
3418.0,136.72,2.0,23.137435695070426,20.250597372448446,23.137435695070426,20.250597372448446,0.8332680320031091,0.07859325432588604,0.006100840605937116
3419.0,136.76,2.0,23.228823214947173,20.15109549537511,23.228823214947173,20.15109549537511,0.8373589115170861,0.07859325432588604,0.006100840605937116
3420.0,136.8,2.0,23.319744819774723,20.051166904356116,23.319744819774723,20.051166904356116,0.8414739974187201,0.07859325432588604,0.006100840605937116
3421.0,136.84,2.0,23.41019851173219,19.950813786998737,23.41019851173219,19.950813786998737,0.8456132897080105,0.07859325432588604,0.006100840605937116
3422.0,136.88,2.0,23.500182303297994,19.850038340288698,23.500182303297994,19.850038340288698,0.8497767883849577,0.07859325432588604,0.006100840605937116
3423.0,136.92000000000002,2.0,23.589694217294028,19.748842770541568,23.589694217294028,19.748842770541568,0.8539644934495616,0.07859325432588604,0.006100840605937116
3424.0,136.96,2.0,23.678732286929577,19.64722929335395,23.678732286929577,19.64722929335395,0.8581764049018221,0.07859325432588604,0.006100840605937116
3425.0,137.0,2.0,23.76729455584499,19.545200133554424,23.76729455584499,19.545200133554424,0.8624125227417392,0.07859325432588604,0.006100840605937116
3426.0,137.04,2.0,23.855379078155103,19.44275752515431,23.855379078155103,19.44275752515431,0.8666728469693131,0.07859325432588604,0.006100840605937116
3427.0,137.08,2.0,23.94298391849251,19.339903711298223,23.94298391849251,19.339903711298223,0.8709573775845435,0.07859325432588604,0.006100840605937116
3428.0,137.12,2.0,24.030107152050483,19.23664094421443,24.030107152050483,19.23664094421443,0.8752661145874308,0.07859325432588604,0.006100840605937116
3429.0,137.16,2.0,24.116746864625764,19.132971485164994,24.116746864625764,19.132971485164994,0.8795990579779747,0.07859325432588604,0.006100840605937116
3430.0,137.20000000000002,2.0,24.202901152661052,19.028897604395713,24.202901152661052,19.028897604395713,0.8839562077561751,0.07859325432588604,0.006100840605937116
3431.0,137.24,2.0,24.288568123287263,18.92442158108587,24.288568123287263,18.92442158108587,0.8883375639220323,0.07859325432588604,0.006100840605937116
3432.0,137.28,2.0,24.373745894365605,18.819545703297788,24.373745894365605,18.819545703297788,0.8927431264755462,0.07859325432588604,0.006100840605937116
3433.0,137.32,2.0,24.458432594529338,18.714272267926155,24.458432594529338,18.714272267926155,0.8971728954167167,0.07859325432588604,0.006100840605937116
3434.0,137.36,2.0,24.542465570391354,18.608603580647202,24.542465570391354,18.608603580647202,0.901626870745544,0.07859325432588604,0.006100840605937116
3435.0,137.4,2.0,24.62584627856766,18.502541955867635,24.62584627856766,18.502541955867635,0.9061050524620278,0.07859325432588604,0.006100840605937116
3436.0,137.44,2.0,24.708576190009964,18.396089716673398,24.708576190009964,18.396089716673398,0.9106074405661685,0.07859325432588604,0.006100840605937116
3437.0,137.48,2.0,24.79065678997348,18.289249194778254,24.79065678997348,18.289249194778254,0.9151340350579655,0.07859325432588604,0.006100840605937116
3438.0,137.52,2.0,24.872089577984447,18.182022730472138,24.872089577984447,18.182022730472138,0.9196848359374196,0.07859325432588604,0.006100840605937116
3439.0,137.56,2.0,24.952876067807303,18.074412672569355,24.952876067807303,18.074412672569355,0.9242598432045299,0.07859325432588604,0.006100840605937116
3440.0,137.6,2.0,25.033017787411545,17.966421378356564,25.033017787411545,17.966421378356564,0.9288590568592974,0.07859325432588604,0.006100840605937116
3441.0,137.64000000000001,2.0,25.112516278938294,17.85805121354057,25.112516278938294,17.85805121354057,0.9334824769017211,0.07859325432588604,0.006100840605937116
3442.0,137.68,2.0,25.19137309866652,17.749304552195962,25.19137309866652,17.749304552195962,0.9381301033318017,0.07859325432588604,0.006100840605937116
3443.0,137.72,2.0,25.26958981697897,17.640183776712522,25.26958981697897,17.640183776712522,0.9428019361495389,0.07859325432588604,0.006100840605937116
3444.0,137.76,2.0,25.34716801832778,17.53069127774247,25.34716801832778,17.53069127774247,0.9474737689672763,0.07859325432588604,0.006100840605937116
3445.0,137.8,2.0,25.42410930119974,17.42082945414753,25.42410930119974,17.42082945414753,0.9521456017850134,0.07859325432588604,0.006100840605937116
3446.0,137.84,2.0,25.500415278081327,17.310600712945785,25.500415278081327,17.310600712945785,0.9568174346027506,0.07859325432588604,0.006100840605937116
3447.0,137.88,2.0,25.576087575423358,17.200007469258402,25.576087575423358,17.200007469258402,0.9614892674204878,0.07859325432588604,0.006100840605937116
3448.0,137.92000000000002,2.0,25.651127833605315,17.089052146256112,25.651127833605315,17.089052146256112,0.9661611002382252,0.07859325432588604,0.006100840605937116
3449.0,137.96,2.0,25.725537706899473,16.977737175105553,25.725537706899473,16.977737175105553,0.9708329330559624,0.07859325432588604,0.006100840605937116
3450.0,138.0,2.0,25.79931886343458,16.866064994915426,25.79931886343458,16.866064994915426,0.9755047658736995,0.07859325432588604,0.006100840605937116
3451.0,138.04,2.0,25.87247298515932,16.75403805268248,25.87247298515932,16.75403805268248,0.9801765986914367,0.07859325432588604,0.006100840605937116
3452.0,138.08,2.0,25.945001767805447,16.641658803237277,25.945001767805447,16.641658803237277,0.9848484315091741,0.07859325432588604,0.006100840605937116
3453.0,138.12,2.0,26.0169069208506,16.52892970918987,26.0169069208506,16.52892970918987,0.9895202643269113,0.07859325432588604,0.006100840605937116
3454.0,138.16,2.0,26.088190167480825,16.415853240875208,26.088190167480825,16.415853240875208,0.9941920971446484,0.07859325432588604,0.006100840605937116
3455.0,138.20000000000002,2.0,26.158853244552787,16.30243187629844,26.158853244552787,16.30243187629844,0.9988639299623857,0.07859325432588604,0.006100840605937116
3456.0,138.24,2.0,26.22889790255569,16.18866810108001,26.22889790255569,16.18866810108001,1.003535762780123,0.07859325432588604,0.006100840605937116
3457.0,138.28,2.0,26.29832590557284,16.07456440840062,26.29832590557284,16.07456440840062,1.0082075955978602,0.07859325432588604,0.006100840605937116
3458.0,138.32,2.0,26.36713903124303,15.960123298945955,26.36713903124303,15.960123298945955,1.0128794284155973,0.07859325432588604,0.006100840605937116
3459.0,138.36,2.0,26.435339070721476,15.845347280851335,26.435339070721476,15.845347280851335,1.0175512612333346,0.07859325432588604,0.006100840605937116
3460.0,138.4,2.0,26.502927828640534,15.73023886964612,26.502927828640534,15.73023886964612,1.022223094051072,0.07859325432588604,0.006100840605937116
3461.0,138.44,2.0,26.569907123070134,15.614800588197983,26.569907123070134,15.614800588197983,1.026894926868809,0.07859325432588604,0.006100840605937116
3462.0,138.48,2.0,26.636278785477852,15.499034966657026,26.636278785477852,15.499034966657026,1.0315667596865463,0.07859325432588604,0.006100840605937116
3463.0,138.52,2.0,26.70204466068873,15.382944542399727,26.70204466068873,15.382944542399727,1.0362385925042834,0.07859325432588604,0.006100840605937116
3464.0,138.56,2.0,26.7672066068448,15.266531859972712,26.7672066068448,15.266531859972712,1.0409104253220205,0.07859325432588604,0.006100840605937116
3465.0,138.6,2.0,26.83176649536427,15.149799471036383,26.83176649536427,15.149799471036383,1.045582258139758,0.07859325432588604,0.006100840605937116
3466.0,138.64000000000001,2.0,26.895726210900463,15.032749934308386,26.895726210900463,15.032749934308386,1.0502540909574951,0.07859325432588604,0.006100840605937116
3467.0,138.68,2.0,26.959087651300457,14.91538581550692,26.959087651300457,14.91538581550692,1.0549259237752324,0.07859325432588604,0.006100840605937116
3468.0,138.72,2.0,27.021852727563388,14.797709687293876,27.021852727563388,14.797709687293876,1.0595977565929697,0.07859325432588604,0.006100840605937116
3469.0,138.76,2.0,27.084023363798508,14.679724129217853,27.084023363798508,14.679724129217853,1.0642695894107068,0.07859325432588604,0.006100840605937116
3470.0,138.8,2.0,27.145601497182927,14.561431727656979,27.145601497182927,14.561431727656979,1.0689414222284441,0.07859325432588604,0.006100840605937116
3471.0,138.84,2.0,27.206589077919094,14.442835075761623,27.206589077919094,14.442835075761623,1.0736132550461812,0.07859325432588604,0.006100840605937116
3472.0,138.88,2.0,27.26698806919192,14.323936773396913,27.26698806919192,14.323936773396913,1.0782850878639183,0.07859325432588604,0.006100840605937116
3473.0,138.92000000000002,2.0,27.32680044712572,14.20473942708514,27.32680044712572,14.20473942708514,1.0829569206816556,0.07859325432588604,0.006100840605937116
3474.0,138.96,2.0,27.38602820074075,14.085245649948,27.38602820074075,14.085245649948,1.087628753499393,0.07859325432588604,0.006100840605937116
3475.0,139.0,2.0,27.444673331909545,13.965458061648677,27.444673331909545,13.965458061648677,1.0923005863171302,0.07859325432588604,0.006100840605937116
3476.0,139.04,2.0,27.502737855312937,13.84537928833379,27.502737855312937,13.84537928833379,1.0969724191348673,0.07859325432588604,0.006100840605937116
3477.0,139.08,2.0,27.560223798395796,13.72501196257522,27.560223798395796,13.72501196257522,1.1016442519526044,0.07859325432588604,0.006100840605937116
3478.0,139.12,2.0,27.61713320132247,13.604358723311744,27.61713320132247,13.604358723311744,1.106316084770342,0.07859325432588604,0.006100840605937116
3479.0,139.16,2.0,27.673468116931957,13.483422215790561,27.673468116931957,13.483422215790561,1.110987917588079,0.07859325432588604,0.006100840605937116
3480.0,139.20000000000002,2.0,27.729230610692813,13.362205091508672,27.729230610692813,13.362205091508672,1.1156597504058163,0.07859325432588604,0.006100840605937116
3481.0,139.24,2.0,27.784422760657737,13.240710008154126,27.784422760657737,13.240710008154126,1.1203315832235534,0.07859325432588604,0.006100840605937116
3482.0,139.28,2.0,27.839046657417914,13.118939629547093,27.839046657417914,13.118939629547093,1.1250034160412905,0.07859325432588604,0.006100840605937116
3483.0,139.32,2.0,27.893104404057052,12.996896625580865,27.893104404057052,12.996896625580865,1.129675248859028,0.07859325432588604,0.006100840605937116
3484.0,139.36,2.0,27.946598116105175,12.874583672162654,27.946598116105175,12.874583672162654,1.1343470816767651,0.07859325432588604,0.006100840605937116
3485.0,139.4,2.0,27.99952992149211,12.752003451154298,27.99952992149211,12.752003451154298,1.1390189144945024,0.07859325432588604,0.006100840605937116
3486.0,139.44,2.0,28.051901960500697,12.62915865031282,28.051901960500697,12.62915865031282,1.1436907473122397,0.07859325432588604,0.006100840605937116
3487.0,139.48,2.0,28.103716385719736,12.506051963230862,28.103716385719736,12.506051963230862,1.1483625801299766,0.07859325432588604,0.006100840605937116
3488.0,139.52,2.0,28.154975361996694,12.38268608927698,28.154975361996694,12.38268608927698,1.153034412947714,0.07859325432588604,0.006100840605937116
3489.0,139.56,2.0,28.20568106639005,12.259063733535815,28.20568106639005,12.259063733535815,1.1577062457654512,0.07859325432588604,0.006100840605937116
3490.0,139.6,2.0,28.255835688121465,12.135187606748136,28.255835688121465,12.135187606748136,1.1623780785831883,0.07859325432588604,0.006100840605937116
3491.0,139.64000000000001,2.0,28.30544142852763,12.011060425250761,28.30544142852763,12.011060425250761,1.1670499114009258,0.07859325432588604,0.006100840605937116
3492.0,139.68,2.0,28.354500501011852,11.886684910916351,28.354500501011852,11.886684910916351,1.171721744218663,0.07859325432588604,0.006100840605937116
3493.0,139.72,2.0,28.40301513099536,11.762063791093073,28.40301513099536,11.762063791093073,1.1763935770364,0.07859325432588604,0.006100840605937116
3494.0,139.76,2.0,28.450987555868405,11.637199798544145,28.450987555868405,11.637199798544145,1.1810654098541373,0.07859325432588604,0.006100840605937116
3495.0,139.8,2.0,28.498420024940998,11.51209567138728,28.498420024940998,11.51209567138728,1.1857372426718744,0.07859325432588604,0.006100840605937116
3496.0,139.84,2.0,28.545314799393463,11.386754153033975,28.545314799393463,11.386754153033975,1.1904090754896117,0.07859325432588604,0.006100840605937116
3497.0,139.88,2.0,28.591674152226688,11.261177992128703,28.591674152226688,11.261177992128703,1.195080908307349,0.07859325432588604,0.006100840605937116
3498.0,139.92000000000002,2.0,28.637500368212116,11.135369942487998,28.637500368212116,11.135369942487998,1.1997527411250861,0.07859325432588604,0.006100840605937116
3499.0,139.96,2.0,28.682795743841496,11.009332763039403,28.682795743841496,11.009332763039403,1.2044245739428234,0.07859325432588604,0.006100840605937116
3500.0,140.0,2.0,28.727562587276353,10.883069217760315,28.727562587276353,10.883069217760315,1.2090964067605605,0.07859325432588604,0.006100840605937116
3501.0,140.04,2.0,28.771803218297173,10.756582075616713,28.771803218297173,10.756582075616713,1.2137682395782978,0.07859325432588604,0.006100840605937116
3502.0,140.08,2.0,28.815519968252417,10.629874110501785,28.815519968252417,10.629874110501785,1.218440072396035,0.07859325432588604,0.006100840605937116
3503.0,140.12,2.0,28.858715180007188,10.50294810117444,28.858715180007188,10.50294810117444,1.2231119052137722,0.07859325432588604,0.006100840605937116
3504.0,140.16,2.0,28.901391207891663,10.375806831197696,28.901391207891663,10.375806831197696,1.2277837380315093,0.07859325432588604,0.006100840605937116
3505.0,140.20000000000002,2.0,28.943550417649313,10.248453088876996,28.943550417649313,10.248453088876996,1.2324555708492468,0.07859325432588604,0.006100840605937116
3506.0,140.24,2.0,28.98519518638483,10.120889667198375,28.98519518638483,10.120889667198375,1.237127403666984,0.07859325432588604,0.006100840605937116
3507.0,140.28,2.0,29.026327902511795,9.993119363766569,29.026327902511795,9.993119363766569,1.241799236484721,0.07859325432588604,0.006100840605937116
3508.0,140.32,2.0,29.066950965700133,9.865144980742974,29.066950965700133,9.865144980742974,1.2464710693024583,0.07859325432588604,0.006100840605937116
3509.0,140.36,2.0,29.107066786823278,9.736969324783548,29.107066786823278,9.736969324783548,1.2511429021201954,0.07859325432588604,0.006100840605937116
3510.0,140.4,2.0,29.14667778790512,9.608595206976574,29.14667778790512,9.608595206976574,1.2558147349379327,0.07859325432588604,0.006100840605937116
3511.0,140.44,2.0,29.18578640206667,9.480025442780356,29.18578640206667,9.480025442780356,1.26048656775567,0.07859325432588604,0.006100840605937116
3512.0,140.48,2.0,29.224395073472547,9.351262851960799,29.224395073472547,9.351262851960799,1.2651584005734071,0.07859325432588604,0.006100840605937116
3513.0,140.52,2.0,29.2625062572771,9.222310258528896,29.2625062572771,9.222310258528896,1.2698302333911444,0.07859325432588604,0.006100840605937116
3514.0,140.56,2.0,29.300122419570425,9.093170490678125,29.300122419570425,9.093170490678125,1.2745020662088815,0.07859325432588604,0.006100840605937116
3515.0,140.6,2.0,29.33724603732403,8.963846380721755,29.33724603732403,8.963846380721755,1.2791738990266188,0.07859325432588604,0.006100840605937116
3516.0,140.64000000000001,2.0,29.37387959833632,8.83434076503005,29.37387959833632,8.83434076503005,1.283845731844356,0.07859325432588604,0.006100840605937116
3517.0,140.68,2.0,29.410025601177818,8.704656483967385,29.410025601177818,8.704656483967385,1.2885175646620932,0.07859325432588604,0.006100840605937116
3518.0,140.72,2.0,29.445686555136138,8.574796381829294,29.445686555136138,8.574796381829294,1.2931893974798305,0.07859325432588604,0.006100840605937116
3519.0,140.76,2.0,29.480864980160742,8.444763306779395,29.480864980160742,8.444763306779395,1.2978612302975676,0.07859325432588604,0.006100840605937116
3520.0,140.8,2.0,29.515563406807455,8.314560110786257,29.515563406807455,8.314560110786257,1.3025330631153047,0.07859325432588604,0.006100840605937116
3521.0,140.84,2.0,29.54978437618274,8.18418964956017,29.54978437618274,8.18418964956017,1.307204895933042,0.07859325432588604,0.006100840605937116
3522.0,140.88,2.0,29.58353043988772,8.05365478248984,29.58353043988772,8.05365478248984,1.3118767287507793,0.07859325432588604,0.006100840605937116
3523.0,140.92000000000002,2.0,29.616804159962008,7.92295837257899,29.616804159962008,7.92295837257899,1.3165485615685164,0.07859325432588604,0.006100840605937116
3524.0,140.96,2.0,29.64960810882726,7.792103286382893,29.64960810882726,7.792103286382893,1.3212203943862535,0.07859325432588604,0.006100840605937116
3525.0,141.0,2.0,29.68194486923055,7.661092393944817,29.68194486923055,7.661092393944817,1.3258922272039908,0.07859325432588604,0.006100840605937116
3526.0,141.04,2.0,29.71381703418744,7.5299285687324,29.71381703418744,7.5299285687324,1.330564060021728,0.07859325432588604,0.006100840605937116
3527.0,141.08,2.0,29.74522720692492,7.398614687573941,29.74522720692492,7.398614687573941,1.3352358928394652,0.07859325432588604,0.006100840605937116
3528.0,141.12,2.0,29.776178000824014,7.267153630594626,29.776178000824014,7.267153630594626,1.3399077256572025,0.07859325432588604,0.006100840605937116
3529.0,141.16,2.0,29.806672039362265,7.135548281152669,29.806672039362265,7.135548281152669,1.3445795584749396,0.07859325432588604,0.006100840605937116
3530.0,141.20000000000002,2.0,29.8366636608397,7.003801525775398,29.8366636608397,7.003801525775398,1.349251391292677,0.07859325432588604,0.006100840605937116
3531.0,141.24,2.0,29.86603878571448,6.871916254095241,29.86603878571448,6.871916254095241,1.353923224110414,0.07859325432588604,0.006100840605937116
3532.0,141.28,2.0,29.89479677263992,6.739895358785687,29.89479677263992,6.739895358785687,1.358595056928151,0.07859325432588604,0.006100840605937116
3533.0,141.32,2.0,29.922936993878583,6.607741735497138,29.922936993878583,6.607741735497138,1.3632668897458882,0.07859325432588604,0.006100840605937116
3534.0,141.36,2.0,29.950458835316134,6.4754582827927125,29.950458835316134,6.4754582827927125,1.3679387225636255,0.07859325432588604,0.006100840605937116
3535.0,141.4,2.0,29.977361696474855,6.3430479020839945,29.977361696474855,6.3430479020839945,1.3726105553813628,0.07859325432588604,0.006100840605937116
3536.0,141.44,2.0,30.003644990526933,6.210513497566696,30.003644990526933,6.210513497566696,1.3772823881991,0.07859325432588604,0.006100840605937116
3537.0,141.48,2.0,30.02930814430739,6.077857976156279,30.02930814430739,6.077857976156279,1.3819542210168374,0.07859325432588604,0.006100840605937116
3538.0,141.52,2.0,30.054350598326685,5.9450842474235035,30.054350598326685,5.9450842474235035,1.3866260538345747,0.07859325432588604,0.006100840605937116
3539.0,141.56,2.0,30.078771806783095,5.812195223529926,30.078771806783095,5.812195223529926,1.3912978866523116,0.07859325432588604,0.006100840605937116
3540.0,141.6,2.0,30.10257123757469,5.679193819163332,30.10257123757469,5.679193819163332,1.3959697194700489,0.07859325432588604,0.006100840605937116
3541.0,141.64000000000001,2.0,30.125748372311104,5.546082951473119,30.125748372311104,5.546082951473119,1.4006415522877864,0.07859325432588604,0.006100840605937116
3542.0,141.68,2.0,30.148302706324902,5.4128655400056225,30.148302706324902,5.4128655400056225,1.4053133851055233,0.07859325432588604,0.006100840605937116
3543.0,141.72,2.0,30.170233748682737,5.27954450663939,30.170233748682737,5.27954450663939,1.4099852179232604,0.07859325432588604,0.006100840605937116
3544.0,141.76,2.0,30.19154102219609,5.146122775520402,30.19154102219609,5.146122775520402,1.4146570507409977,0.07859325432588604,0.006100840605937116
3545.0,141.8,2.0,30.21222406343186,5.01260327299724,30.21222406343186,5.01260327299724,1.419328883558735,0.07859325432588604,0.006100840605937116
3546.0,141.84,2.0,30.23228242272245,4.87898892755622,30.23228242272245,4.87898892755622,1.424000716376472,0.07859325432588604,0.006100840605937116
3547.0,141.88,2.0,30.25171566417571,4.745282669756454,30.25171566417571,4.745282669756454,1.4286725491942094,0.07859325432588604,0.006100840605937116
3548.0,141.92000000000002,2.0,30.270523365684515,4.611487432164891,30.270523365684515,4.611487432164891,1.4333443820119465,0.07859325432588604,0.006100840605937116
3549.0,141.96,2.0,30.288705118936015,4.477606149291295,30.288705118936015,4.477606149291295,1.4380162148296836,0.07859325432588604,0.006100840605937116
3550.0,142.0,2.0,30.306260529420594,4.34364175752319,30.306260529420594,4.34364175752319,1.442688047647421,0.07859325432588604,0.006100840605937116
3551.0,142.04,2.0,30.323189216440554,4.209597195060767,30.323189216440554,4.209597195060767,1.4473598804651582,0.07859325432588604,0.006100840605937116
3552.0,142.08,2.0,30.33949081311841,4.075475401851734,30.33949081311841,4.075475401851734,1.4520317132828955,0.07859325432588604,0.006100840605937116
3553.0,142.12,2.0,30.35516496640498,3.941279319526149,30.35516496640498,3.941279319526149,1.4567035461006324,0.07859325432588604,0.006100840605937116
3554.0,142.16,2.0,30.370211337087095,3.807011891331197,30.370211337087095,3.807011891331197,1.4613753789183697,0.07859325432588604,0.006100840605937116
3555.0,142.20000000000002,2.0,30.384629599795,3.672676062065946,30.384629599795,3.672676062065946,1.4660472117361067,0.07859325432588604,0.006100840605937116
3556.0,142.24,2.0,30.398419443009505,3.5382747780160617,30.398419443009505,3.5382747780160617,1.470719044553844,0.07859325432588604,0.006100840605937116
3557.0,142.28,2.0,30.41158056906876,3.40381098688849,30.41158056906876,3.40381098688849,1.4753908773715814,0.07859325432588604,0.006100840605937116
3558.0,142.32,2.0,30.42411269417476,3.2692876377461073,30.42411269417476,3.2692876377461073,1.4800627101893185,0.07859325432588604,0.006100840605937116
3559.0,142.36,2.0,30.436015548399542,3.134707680942345,30.436015548399542,3.134707680942345,1.4847345430070558,0.07859325432588604,0.006100840605937116
3560.0,142.4,2.0,30.447288875691044,3.0000740680557842,30.447288875691044,3.0000740680557842,1.4894063758247928,0.07859325432588604,0.006100840605937116
3561.0,142.44,2.0,30.457932433878682,2.865389751824721,30.457932433878682,2.865389751824721,1.4940782086425302,0.07859325432588604,0.006100840605937116
3562.0,142.48,2.0,30.467945994678622,2.7306576860817082,30.467945994678622,2.7306576860817082,1.498750041460267,0.07859325432588604,0.006100840605937116
3563.0,142.52,2.0,30.477329343698703,2.5958808256880763,30.477329343698703,2.5958808256880763,1.5034218742780043,0.07859325432588604,0.006100840605937116
3564.0,142.56,2.0,30.486082280443103,2.4610621264684247,30.486082280443103,2.4610621264684247,1.5080937070957419,0.07859325432588604,0.006100840605937116
3565.0,142.6,2.0,30.494204618316644,2.3262045451450994,30.494204618316644,2.3262045451450994,1.5127655399134787,0.07859325432588604,0.006100840605937116
3566.0,142.64000000000001,2.0,30.501696184628845,2.191311039272648,30.501696184628845,2.191311039272648,1.517437372731216,0.07859325432588604,0.006100840605937116
3567.0,142.68,2.0,30.508556820597597,2.0563845671722554,30.508556820597597,2.0563845671722554,1.5221092055489536,0.07859325432588604,0.006100840605937116
3568.0,142.72,2.0,30.514786381352575,1.9214280878661654,30.514786381352575,1.9214280878661654,1.5267810383666904,0.07859325432588604,0.006100840605937116
3569.0,142.76,2.0,30.520384735938368,1.786444561012086,30.520384735938368,1.786444561012086,1.5314528711844277,0.07859325432588604,0.006100840605937116
3570.0,142.8,2.0,30.525351767317186,1.6514369468375822,30.525351767317186,1.6514369468375822,1.5361247040021648,0.07859325432588604,0.006100840605937116
3571.0,142.84,2.0,30.529687372371395,1.5164082060744537,30.529687372371395,1.5164082060744537,1.540796536819902,0.07859325432588604,0.006100840605937116
3572.0,142.88,2.0,30.533391461905648,1.3813612998931069,30.533391461905648,1.3813612998931069,1.5454683696376392,0.07859325432588604,0.006100840605937116
3573.0,142.92000000000002,2.0,30.536463960648728,1.2462991898369127,30.536463960648728,1.2462991898369127,1.5501402024553765,0.07859325432588604,0.006100840605937116
3574.0,142.96,2.0,30.538904807255115,1.111224837756559,30.538904807255115,1.111224837756559,1.5548120352731134,0.07859325432588604,0.006100840605937116
3575.0,143.0,2.0,30.54071395430619,0.9761412057443984,30.54071395430619,0.9761412057443984,1.559483868090851,0.07859325432588604,0.006100840605937116
3576.0,143.04,2.0,30.541891368311173,0.8410512560687876,30.541891368311173,0.8410512560687876,1.5641557009085882,0.07859325432588604,0.006100840605937116
3577.0,143.08,2.0,30.54243702970771,0.7059579511084257,30.54243702970771,0.7059579511084257,1.5688275337263256,0.07859325432588604,0.006100840605937116
3578.0,143.12,2.0,30.542350932862192,0.5708642532866914,30.542350932862192,0.5708642532866914,1.5734993665440624,0.07859325432588604,0.006100840605937116
3579.0,143.16,2.0,30.54163308606974,0.4357731250059771,30.54163308606974,0.4357731250059771,1.5781711993617995,0.07859325432588604,0.006100840605937116
3580.0,143.20000000000002,2.0,30.54028351155387,0.3006875285820271,30.54028351155387,0.3006875285820271,1.5828430321795368,0.07859325432588604,0.006100840605937116
3581.0,143.24,2.0,30.53830224546588,0.16561042617827607,30.53830224546588,0.16561042617827607,1.5875148649972741,0.07859325432588604,0.006100840605937116
3582.0,143.28,2.0,30.53568933788387,0.03054477974019318,30.53568933788387,0.03054477974019318,1.5921866978150112,0.07859325432588604,0.006100840605937116
3583.0,143.32,2.0,30.532444852811548,-0.10450644907036934,30.532444852811548,-0.10450644907036934,1.5968585306327485,0.07859325432588604,0.006100840605937116
3584.0,143.36,2.0,30.528568868176603,-0.2395402989408201,30.528568868176603,-0.2395402989408201,1.6015303634504858,0.07859325432588604,0.006100840605937116
3585.0,143.4,2.0,30.52406147582888,-0.3745538089734642,30.52406147582888,-0.3745538089734642,1.606202196268223,0.07859325432588604,0.006100840605937116
3586.0,143.44,2.0,30.51892278153817,-0.5095440187511288,30.51892278153817,-0.5095440187511288,1.6108740290859598,0.07859325432588604,0.006100840605937116
3587.0,143.48,2.0,30.513152904991717,-0.6445079684027774,30.513152904991717,-0.6445079684027774,1.615545861903697,0.07859325432588604,0.006100840605937116
3588.0,143.52,2.0,30.506751979791435,-0.7794426986691114,30.506751979791435,-0.7794426986691114,1.6202176947214346,0.07859325432588604,0.006100840605937116
3589.0,143.56,2.0,30.499720153450767,-0.9143452509681569,30.499720153450767,-0.9143452509681569,1.624889527539172,0.07859325432588604,0.006100840605937116
3590.0,143.6,2.0,30.492057587391262,-1.049212667460836,30.492057587391262,-1.049212667460836,1.6295613603569088,0.07859325432588604,0.006100840605937116
3591.0,143.64000000000001,2.0,30.48376445693887,-1.1840419911165212,30.48376445693887,-1.1840419911165212,1.6342331931746459,0.07859325432588604,0.006100840605937116
3592.0,143.68,2.0,30.47484095131988,-1.31883026577857,30.47484095131988,-1.31883026577857,1.6389050259923832,0.07859325432588604,0.006100840605937116
3593.0,143.72,2.0,30.46528727365654,-1.4535745362298405,30.46528727365654,-1.4535745362298405,1.6435768588101205,0.07859325432588604,0.006100840605937116
3594.0,143.76,2.0,30.455103640962445,-1.588271848258184,30.455103640962445,-1.588271848258184,1.6482486916278576,0.07859325432588604,0.006100840605937116
3595.0,143.8,2.0,30.444290284137534,-1.7229192487219165,30.444290284137534,-1.7229192487219165,1.652920524445595,0.07859325432588604,0.006100840605937116
3596.0,143.84,2.0,30.432847447962793,-1.857513785615263,30.432847447962793,-1.857513785615263,1.6575923572633322,0.07859325432588604,0.006100840605937116
3597.0,143.88,2.0,30.420775391094715,-1.9920525081337779,30.420775391094715,-1.9920525081337779,1.662264190081069,0.07859325432588604,0.006100840605937116
3598.0,143.92000000000002,2.0,30.40807438605934,-2.1265324667397367,30.40807438605934,-2.1265324667397367,1.6669360228988066,0.07859325432588604,0.006100840605937116
3599.0,143.96,2.0,30.394744719246095,-2.2609507132274986,30.394744719246095,-2.2609507132274986,1.6716078557165437,0.07859325432588604,0.006100840605937116
3600.0,144.0,2.0,30.38078669090124,-2.3953043007888395,30.38078669090124,-2.3953043007888395,1.6762796885342808,0.07859325432588604,0.006100840605937116
3601.0,144.04,2.0,30.366200615121066,-2.529590284078253,30.366200615121066,-2.529590284078253,1.6809515213520179,0.07859325432588604,0.006100840605937116
3602.0,144.08,2.0,30.350986819844742,-2.663805719278217,30.350986819844742,-2.663805719278217,1.6856233541697552,0.07859325432588604,0.006100840605937116
3603.0,144.12,2.0,30.33514564684689,-2.797947664164426,30.33514564684689,-2.797947664164426,1.6902951869874923,0.07859325432588604,0.006100840605937116
3604.0,144.16,2.0,30.318677451729798,-2.932013178170987,30.318677451729798,-2.932013178170987,1.6949670198052293,0.07859325432588604,0.006100840605937116
3605.0,144.20000000000002,2.0,30.30158260391542,-3.0659993224555797,30.30158260391542,-3.0659993224555797,1.6996388526229664,0.07859325432588604,0.006100840605937116
3606.0,144.24,2.0,30.283861486636948,-3.199903159964572,30.283861486636948,-3.199903159964572,1.7043106854407037,0.07859325432588604,0.006100840605937116
3607.0,144.28,2.0,30.26551449693015,-3.333721755498102,30.26551449693015,-3.333721755498102,1.708982518258441,0.07859325432588604,0.006100840605937116
3608.0,144.32,2.0,30.246542045624444,-3.467452175775112,30.246542045624444,-3.467452175775112,1.7136543510761781,0.07859325432588604,0.006100840605937116
3609.0,144.36,2.0,30.22694455733351,-3.6010914894983403,30.22694455733351,-3.6010914894983403,1.7183261838939154,0.07859325432588604,0.006100840605937116
3610.0,144.4,2.0,30.206722470445776,-3.7346367674192726,30.206722470445776,-3.7346367674192726,1.7229980167116525,0.07859325432588604,0.006100840605937116
3611.0,144.44,2.0,30.18587623711448,-3.868085082403038,30.18587623711448,-3.868085082403038,1.7276698495293898,0.07859325432588604,0.006100840605937116
3612.0,144.48,2.0,30.164406323247444,-4.001433509493268,30.164406323247444,-4.001433509493268,1.7323416823471272,0.07859325432588604,0.006100840605937116
3613.0,144.52,2.0,30.142313208496617,-4.134679125976892,30.142313208496617,-4.134679125976892,1.7370135151648642,0.07859325432588604,0.006100840605937116
3614.0,144.56,2.0,30.119597386247154,-4.267819011448901,30.119597386247154,-4.267819011448901,1.7416853479826016,0.07859325432588604,0.006100840605937116
3615.0,144.6,2.0,30.096259363606396,-4.400850247877036,30.096259363606396,-4.400850247877036,1.7463571808003384,0.07859325432588604,0.006100840605937116
3616.0,144.64000000000001,2.0,30.07229966139235,-4.533769919666445,30.07229966139235,-4.533769919666445,1.751029013618076,0.07859325432588604,0.006100840605937116
3617.0,144.68,2.0,30.047718814122003,-4.666575113724266,30.047718814122003,-4.666575113724266,1.7557008464358128,0.07859325432588604,0.006100840605937116
3618.0,144.72,2.0,30.02251736999925,-4.799262919524172,30.02251736999925,-4.799262919524172,1.7603726792535501,0.07859325432588604,0.006100840605937116
3619.0,144.76,2.0,29.996695890902547,-4.9318304291708355,29.996695890902547,-4.9318304291708355,1.7650445120712874,0.07859325432588604,0.006100840605937116
3620.0,144.8,2.0,29.97025495237228,-5.064274737464357,29.97025495237228,-5.064274737464357,1.7697163448890243,0.07859325432588604,0.006100840605937116
3621.0,144.84,2.0,29.943207780342522,-5.19657938614034,29.943207780342522,-5.19657938614034,1.7743784026266276,0.07859325432588604,0.006100840605937116
3622.0,144.88,2.0,29.915558223192665,-5.328739686262506,29.915558223192665,-5.328739686262506,1.779030068671586,0.07859325432588604,0.006100840605937116
3623.0,144.92000000000002,2.0,29.88731028199719,-5.460750961841018,29.88731028199719,-5.460750961841018,1.7836705136167572,0.07859325432588604,0.006100840605937116
3624.0,144.96,2.0,29.858468058741895,-5.592608619135617,29.858468058741895,-5.592608619135617,1.7882989080549978,0.07859325432588604,0.006100840605937116
3625.0,145.0,2.0,29.829035147332934,-5.724306838852719,29.829035147332934,-5.724306838852719,1.7929145596352671,0.07859325432588604,0.006100840605937116
3626.0,145.04,2.0,29.79901988375,-5.855835909992825,29.79901988375,-5.855835909992825,1.7975161196639369,0.07859325432588604,0.006100840605937116
3627.0,145.08,2.0,29.76858446153839,-5.987192928338707,29.76858446153839,-5.987192928338707,1.80210244519911,0.07859325432588604,0.006100840605937116
3628.0,145.12,2.0,29.737743847496212,-6.118362140208987,29.737743847496212,-6.118362140208987,1.8066724355263928,0.07859325432588604,0.006100840605937116
3629.0,145.16,2.0,29.706501771897088,-6.249341331682852,29.706501771897088,-6.249341331682852,1.8112250790662632,0.07859325432588604,0.006100840605937116
3630.0,145.20000000000002,2.0,29.67487231468823,-6.380124185254311,29.67487231468823,-6.380124185254311,1.8157586013843396,0.07859325432588604,0.006100840605937116
3631.0,145.24,2.0,29.642859015243186,-6.510704215382913,29.642859015243186,-6.510704215382913,1.8202740983468604,0.07859325432588604,0.006100840605937116
3632.0,145.28,2.0,29.610465292415,-6.641074851492732,29.610465292415,-6.641074851492732,1.8247726658200631,0.07859325432588604,0.006100840605937116
3633.0,145.32,2.0,29.577694447710705,-6.771229434113575,29.577694447710705,-6.771229434113575,1.8292553996701864,0.07859325432588604,0.006100840605937116
3634.0,145.36,2.0,29.544549668542402,-6.901161211085425,29.544549668542402,-6.901161211085425,1.8337233957634678,0.07859325432588604,0.006100840605937116
3635.0,145.4,2.0,29.511034031553713,-7.030863333827437,29.511034031553713,-7.030863333827437,1.8381777499661456,0.07859325432588604,0.006100840605937116
3636.0,145.44,2.0,29.47715050602048,-7.1603288536729135,29.47715050602048,-7.1603288536729135,1.8426195581444578,0.07859325432588604,0.006100840605937116
3637.0,145.48,2.0,29.44290195732438,-7.289550718271581,29.44290195732438,-7.289550718271581,1.8470499161646425,0.07859325432588604,0.006100840605937116
3638.0,145.52,2.0,29.40825292941775,-7.418577368399943,29.40825292941775,-7.418577368399943,1.8514660037156592,0.07859325432588604,0.006100840605937116
3639.0,145.56,2.0,29.373216521531067,-7.547392927525895,29.373216521531067,-7.547392927525895,1.855863047855434,0.07859325432588604,0.006100840605937116
3640.0,145.6,2.0,29.337793757490427,-7.675994540119907,29.337793757490427,-7.675994540119907,1.860239656011265,0.07859325432588604,0.006100840605937116
3641.0,145.64000000000001,2.0,29.301973172047536,-7.804393042137896,29.301973172047536,-7.804393042137896,1.8646042106905845,0.07859325432588604,0.006100840605937116
3642.0,145.68,2.0,29.265752838355915,-7.932587639242964,29.265752838355915,-7.932587639242964,1.868955935933201,0.07859325432588604,0.006100840605937116
3643.0,145.72,2.0,29.229130837245645,-8.060577663798522,29.229130837245645,-8.060577663798522,1.8732942685735559,0.07859325432588604,0.006100840605937116
3644.0,145.76,2.0,29.19210530852852,-8.18836250617365,29.19210530852852,-8.18836250617365,1.8776186454460901,0.07859325432588604,0.006100840605937116
3645.0,145.8,2.0,29.15467505950699,-8.315942923151525,29.15467505950699,-8.315942923151525,1.8819283663291433,0.07859325432588604,0.006100840605937116
3646.0,145.84,2.0,29.116832085795785,-8.443326717584508,29.116832085795785,-8.443326717584508,1.8862255276709756,0.07859325432588604,0.006100840605937116
3647.0,145.88,2.0,29.07857522253103,-8.57051483711815,29.07857522253103,-8.57051483711815,1.8905120201681167,0.07859325432588604,0.006100840605937116
3648.0,145.92000000000002,2.0,29.03988633862332,-8.697521027868605,29.03988633862332,-8.697521027868605,1.8947896922895935,0.07859325432588604,0.006100840605937116
3649.0,145.96,2.0,29.00075844420889,-8.824345442661624,29.00075844420889,-8.824345442661624,1.8990603033695597,0.07859325432588604,0.006100840605937116
3650.0,146.0,2.0,28.961174106532404,-8.95099228187531,28.961174106532404,-8.95099228187531,1.9033263755970298,0.07859325432588604,0.006100840605937116
3651.0,146.04,2.0,28.921126342317105,-9.077465855420373,28.921126342317105,-9.077465855420373,1.907587560860398,0.07859325432588604,0.006100840605937116
3652.0,146.08,2.0,28.88060819987604,-9.203770497306733,28.88060819987604,-9.203770497306733,1.9118435110480585,0.07859325432588604,0.006100840605937116
3653.0,146.12,2.0,28.839612758142923,-9.329910567103054,28.839612758142923,-9.329910567103054,1.9160938780484065,0.07859325432588604,0.006100840605937116
3654.0,146.16,2.0,28.79813312566684,-9.455890451368926,28.79813312566684,-9.455890451368926,1.920338313749836,0.07859325432588604,0.006100840605937116
3655.0,146.20000000000002,2.0,28.756162439571447,-9.581714565058856,28.756162439571447,-9.581714565058856,1.9245764700407415,0.07859325432588604,0.006100840605937116
3656.0,146.24,2.0,28.713693864479243,-9.707387352897346,28.713693864479243,-9.707387352897346,1.9288079988095175,0.07859325432588604,0.006100840605937116
3657.0,146.28,2.0,28.67072059140166,-9.832913290724234,28.67072059140166,-9.832913290724234,1.9330325519445584,0.07859325432588604,0.006100840605937116
3658.0,146.32,2.0,28.62727405767615,-9.958241286470164,28.62727405767615,-9.958241286470164,1.937253697511537,0.07859325432588604,0.006100840605937116
3659.0,146.36,2.0,28.583337072698175,-10.08338448841656,28.583337072698175,-10.08338448841656,1.9414769562071599,0.07859325432588604,0.006100840605937116
3660.0,146.4,2.0,28.538904451080157,-10.208342944748308,28.538904451080157,-10.208342944748308,1.9457044683587614,0.07859325432588604,0.006100840605937116
3661.0,146.44,2.0,28.493970792089673,-10.333116486798952,28.493970792089673,-10.333116486798952,1.9499383742936762,0.07859325432588604,0.006100840605937116
3662.0,146.48,2.0,28.448530482656995,-10.457704726444785,28.448530482656995,-10.457704726444785,1.9541808143392383,0.07859325432588604,0.006100840605937116
3663.0,146.52,2.0,28.40257770042078,-10.582107053542769,28.40257770042078,-10.582107053542769,1.9584339288227819,0.07859325432588604,0.006100840605937116
3664.0,146.56,2.0,28.356106416811265,-10.706322633412821,28.356106416811265,-10.706322633412821,1.9626998580716415,0.07859325432588604,0.006100840605937116
3665.0,146.6,2.0,28.309110400170322,-10.83035040436496,28.309110400170322,-10.83035040436496,1.9669807424131507,0.07859325432588604,0.006100840605937116
3666.0,146.64000000000001,2.0,28.26158544744774,-10.954186062371965,28.26158544744774,-10.954186062371965,1.9712765818473106,0.07859325432588604,0.006100840605937116
3667.0,146.68,2.0,28.21352741303742,-11.07782526207525,28.21352741303742,-11.07782526207525,1.9755873763741203,0.07859325432588604,0.006100840605937116
3668.0,146.72,2.0,28.16493220959002,-11.201263617615343,28.16493220959002,-11.201263617615343,1.9799131259935803,0.07859325432588604,0.006100840605937116
3669.0,146.76,2.0,28.115794756725304,-11.324497623203902,28.115794756725304,-11.324497623203902,1.9842544423507527,0.07859325432588604,0.006100840605937116
3670.0,146.8,2.0,28.066109969582932,-11.447523668556325,28.066109969582932,-11.447523668556325,1.9886119370907007,0.07859325432588604,0.006100840605937116
3671.0,146.84,2.0,28.01587276000691,-11.570338039357157,28.01587276000691,-11.570338039357157,1.9929862218584868,0.07859325432588604,0.006100840605937116
3672.0,146.88,2.0,27.965078037719827,-11.69293691773843,27.965078037719827,-11.69293691773843,1.9973779082991736,0.07859325432588604,0.006100840605937116
3673.0,146.92000000000002,2.0,27.913720711486693,-11.815316382770844,27.913720711486693,-11.815316382770844,2.001787608057824,0.07859325432588604,0.006100840605937116
3674.0,146.96,2.0,27.861795690268217,-11.937472410967574,27.861795690268217,-11.937472410967574,2.0062159327795004,0.07859325432588604,0.006100840605937116
3675.0,147.0,2.0,27.809297884363346,-12.059400876800554,27.809297884363346,-12.059400876800554,2.0106634941092656,0.07859325432588604,0.006100840605937116
3676.0,147.04,2.0,27.756240071321084,-12.181088013085514,27.756240071321084,-12.181088013085514,2.01511239145091,0.07859325432588604,0.006100840605937116
3677.0,147.08,2.0,27.70261974579139,-12.30253108451115,27.70261974579139,-12.30253108451115,2.0195636254880225,0.07859325432588604,0.006100840605937116
3678.0,147.12,2.0,27.64843404436194,-12.423727464442077,27.64843404436194,-12.423727464442077,2.0240163794040216,0.07859325432588604,0.006100840605937116
3679.0,147.16,2.0,27.59368020115497,-12.544674627974873,27.59368020115497,-12.544674627974873,2.028469836382326,0.07859325432588604,0.006100840605937116
3680.0,147.20000000000002,2.0,27.538355545448628,-12.665370154198849,27.538355545448628,-12.665370154198849,2.032923179606354,0.07859325432588604,0.006100840605937116
3681.0,147.24,2.0,27.4824574992615,-12.78581172841642,27.4824574992615,-12.78581172841642,2.0373755922595245,0.07859325432588604,0.006100840605937116
3682.0,147.28,2.0,27.425983574901053,-12.905997144322598,27.425983574901053,-12.905997144322598,2.041826257525256,0.07859325432588604,0.006100840605937116
3683.0,147.32,2.0,27.368931372476485,-13.025924306143041,27.368931372476485,-13.025924306143041,2.0462743585869676,0.07859325432588604,0.006100840605937116
3684.0,147.36,2.0,27.311298577376682,-13.14559123073012,27.311298577376682,-13.14559123073012,2.050719078628077,0.07859325432588604,0.006100840605937116
3685.0,147.4,2.0,27.25308295771389,-13.264996049616505,27.25308295771389,-13.264996049616505,2.0551596008320026,0.07859325432588604,0.006100840605937116
3686.0,147.44,2.0,27.194282361733716,-13.384137011025741,27.194282361733716,-13.384137011025741,2.059595108382164,0.07859325432588604,0.006100840605937116
3687.0,147.48,2.0,27.134894715192136,-13.503012481839347,27.134894715192136,-13.503012481839347,2.064024784461979,0.07859325432588604,0.006100840605937116
3688.0,147.52,2.0,27.074918018700124,-13.621620949519913,27.074918018700124,-13.621620949519913,2.0684478122548655,0.07859325432588604,0.006100840605937116
3689.0,147.56,2.0,27.014351397124898,-13.739960104259419,27.014351397124898,-13.739960104259419,2.072862763299181,0.07859325432588604,0.006100840605937116
3690.0,147.6,2.0,26.95319410910961,-13.858027826233029,26.95319410910961,-13.858027826233029,2.0772682091332806,0.07859325432588604,0.006100840605937116
3691.0,147.64000000000001,2.0,26.891445543916667,-13.975822187785603,26.891445543916667,-13.975822187785603,2.08166272129552,0.07859325432588604,0.006100840605937116
3692.0,147.68,2.0,26.829105218239203,-14.093341455570062,26.829105218239203,-14.093341455570062,2.086044871324255,0.07859325432588604,0.006100840605937116
3693.0,147.72,2.0,26.766172772981292,-14.210584092637172,26.766172772981292,-14.210584092637172,2.090413230757842,0.07859325432588604,0.006100840605937116
3694.0,147.76,2.0,26.702647970007686,-14.327548760476251,26.702647970007686,-14.327548760476251,2.0947663711346367,0.07859325432588604,0.006100840605937116
3695.0,147.8,2.0,26.63853068886375,-14.44423432100646,26.63853068886375,-14.44423432100646,2.0991028639929943,0.07859325432588604,0.006100840605937116
3696.0,147.84,2.0,26.57380305868617,-14.560649378661655,26.57380305868617,-14.560649378661655,2.103439793112545,0.07859325432588604,0.006100840605937116
3697.0,147.88,2.0,26.508462606135154,-14.676791609292996,26.508462606135154,-14.676791609292996,2.1077753409931157,0.07859325432588604,0.006100840605937116
3698.0,147.92000000000002,2.0,26.44250732830197,-14.792658685758939,26.44250732830197,-14.792658685758939,2.112109507634708,0.07859325432588604,0.006100840605937116
3699.0,147.96,2.0,26.375935234818094,-14.908248287222808,26.375935234818094,-14.908248287222808,2.1164422930373212,0.07859325432588604,0.006100840605937116
3700.0,148.0,2.0,26.308744347902255,-15.023558099205742,26.308744347902255,-15.023558099205742,2.1207736972009563,0.07859325432588604,0.006100840605937116
3701.0,148.04,2.0,26.24093270240715,-15.138585813639546,26.24093270240715,-15.138585813639546,2.1251037201256118,0.07859325432588604,0.006100840605937116
3702.0,148.08,2.0,26.172498345865872,-15.25332912891943,26.172498345865872,-15.25332912891943,2.129432361811289,0.07859325432588604,0.006100840605937116
3703.0,148.12,2.0,26.103439338537992,-15.367785749956624,26.103439338537992,-15.367785749956624,2.1337596222579878,0.07859325432588604,0.006100840605937116
3704.0,148.16,2.0,26.03375375345533,-15.481953388230885,26.03375375345533,-15.481953388230885,2.1380855014657074,0.07859325432588604,0.006100840605937116
3705.0,148.20000000000002,2.0,25.963439676467416,-15.595829761842912,25.963439676467416,-15.595829761842912,2.1424099994344483,0.07859325432588604,0.006100840605937116
3706.0,148.24,2.0,25.892495206286657,-15.70941259556662,25.892495206286657,-15.70941259556662,2.14673311616421,0.07859325432588604,0.006100840605937116
3707.0,148.28,2.0,25.820918454533086,-15.82269962090128,25.820918454533086,-15.82269962090128,2.151054851654993,0.07859325432588604,0.006100840605937116
3708.0,148.32,2.0,25.74870754577893,-15.935688576123614,25.74870754577893,-15.935688576123614,2.1553752059067977,0.07770810877782744,0.00594425348165327
3709.0,148.36,2.0,25.675860617592747,-16.048377206339673,25.675860617592747,-16.048377206339673,2.159694178919623,0.07595960598728868,0.0056851178701660425
3710.0,148.4,2.0,25.602375820583255,-16.16076326353666,25.602375820583255,-16.16076326353666,2.1640117706934703,0.07334774595426975,0.00532343377147543
3711.0,148.44,2.0,25.528251318442887,-16.272844506634623,25.528251318442887,-16.272844506634623,2.1683279812283383,0.06987252867877067,0.004859201185581432
3712.0,148.48,2.0,25.45348528799098,-16.384618701537995,25.45348528799098,-16.384618701537995,2.1726428105242275,0.06473834266001657,0.004288588367845035
3713.0,148.52,2.0,25.378075919216595,-16.496083621187026,25.378075919216595,-16.496083621187026,2.176956258581138,0.05794355513419602,0.0036865070615258785
3714.0,148.56,2.0,25.30202141532112,-16.6072370456091,25.30202141532112,-16.6072370456091,2.1812683253990692,0.049354377594473864,0.003052313634605545
3715.0,148.6,2.0,25.225319992760422,-16.718076761969897,25.225319992760422,-16.718076761969897,2.1855790109780227,0.03895933564558442,0.0023521224285530887
3716.0,148.64000000000001,2.0,25.147969881286745,-16.828600564624445,25.147969881286745,-16.828600564624445,2.1898883153179964,0.02669153503411009,0.0015856116273593006
3717.0,148.68,2.0,25.069969323990236,-16.938806255168043,25.069969323990236,-16.938806255168043,2.194196238418992,0.012386935390872373,0.00021803984497216562
3718.0,148.72,2.0,24.99131657734017,-17.048691642487018,24.99131657734017,-17.048691642487018,2.198502780281008,-0.003954463284128728,-0.0017505929186083162
3719.0,148.76,2.0,24.912009911225805,-17.158254542809395,24.912009911225805,-17.158254542809395,2.2028079409040457,-0.022332660990893215,-0.004320286663382145
3720.0,148.8,2.0,24.832047608996934,-17.2674927797554,24.832047608996934,-17.2674927797554,2.207111720288105,-0.042747657729421094,-0.00749104138934932
3721.0,148.84,2.0,24.751427967504053,-17.37640418438784,24.751427967504053,-17.37640418438784,2.211414118433185,-0.06519945349971235,-0.011262857096509841
3722.0,148.88,2.0,24.67014929713825,-17.48498659526233,24.67014929713825,-17.48498659526233,2.2157151353392863,-0.089688048301767,-0.015635733784863708
3723.0,148.92000000000002,2.0,24.588258217086928,-17.59323785847739,24.588258217086928,-17.59323785847739,2.220014771006409,-0.11621344213558504,-0.020609671454410925
3724.0,148.96,2.0,24.505869787979314,-17.70115582772441,24.505869787979314,-17.70115582772441,2.2243130254345527,-0.14330232269283516,-0.026184670105151485
3725.0,149.0,2.0,24.422985655830068,-17.808738364337447,24.422985655830068,-17.808738364337447,2.228609898623718,-0.1703912032500853,-0.03175966875589205
3726.0,149.04,1.0,24.339607476605227,-17.91598333734292,24.339607476605227,-17.91598333734292,2.232905390573904,-0.19748008380733542,-0.03733466740663262
3727.0,149.08,0.0,24.25573691618781,-18.022888623509086,24.25573691618781,-18.022888623509086,2.2371995012851116,-0.22368381881652696,-0.04275307893308933
3728.0,149.12,0.0,24.171375650343222,-18.129452107395473,24.171375650343222,-18.129452107395473,2.24149223075734,-0.24902419658323832,-0.04806894197234266
3729.0,149.16,0.0,24.08652536468433,-18.235671681402057,24.08652536468433,-18.235671681402057,2.2457835789905896,-0.2735012171074695,-0.05328225652439261
3730.0,149.20000000000002,1.0,24.001187754636337,-18.34154524581837,24.001187754636337,-18.34154524581837,2.2500735459848604,-0.29711488038922057,-0.05839302258923918
3731.0,149.24,0.0,23.91536452540135,-18.44707070887242,23.91536452540135,-18.44707070887242,2.254362131740153,-0.31906957492771665,-0.06339740842224334
3732.0,149.28,1.0,23.829057391922753,-18.552245986779454,23.829057391922753,-18.552245986779454,2.2586493362564664,-0.3393636679591462,-0.06837032576666476
3733.0,149.32,0.0,23.74226807884926,-18.6570690037906,23.74226807884926,-18.6570690037906,2.262935159533801,-0.35786337097667414,-0.07331113099048499
3734.0,149.36,1.0,23.654998320498738,-18.761537692241298,23.654998320498738,-18.761537692241298,2.267219601572157,-0.3724947197005838,-0.07815621715811416
3735.0,149.4,0.0,23.567249860821814,-18.865649992599653,23.567249860821814,-18.865649992599653,2.2715026623715335,-0.38317934548219185,-0.08243861718235565
3736.0,149.44,0.0,23.479024453365138,-18.96940385351455,23.479024453365138,-18.96940385351455,2.2757843419319324,-0.3896863136989021,-0.08562326786114821
3737.0,149.48,0.0,23.390323861234506,-19.07279723186365,23.390323861234506,-19.07279723186365,2.2800646402533515,-0.3918515839815362,-0.08717542780843986
3738.0,149.52,0.0,23.301149857057627,-19.175828092801247,23.301149857057627,-19.175828092801247,2.2843435573357924,-0.38967515633009403,-0.08709509702423053
3739.0,149.56,0.0,23.21150422294671,-19.27849440980589,23.21150422294671,-19.27849440980589,2.288621093179254,-0.3831570307445757,-0.0853822755085203
3740.0,149.6,0.0,23.12138875046076,-19.380794164727934,23.12138875046076,-19.380794164727934,2.292897247783737,-0.37229720722498116,-0.08203696326130915
3741.0,149.64000000000001,0.0,23.030805240567624,-19.48272534783685,23.030805240567624,-19.48272534783685,2.2971720211492412,-0.3570956857713104,-0.07705916028259703
3742.0,149.68,0.0,22.939755503605834,-19.584285957868413,22.939755503605834,-19.584285957868413,2.301445413275767,-0.33755246638356345,-0.07044886657238399
3743.0,149.72,1.0,22.848241359246128,-19.68547400207169,22.848241359246128,-19.68547400207169,2.305717424163314,-0.3151408613700715,-0.06220608213067001
3744.0,149.76,0.0,22.756264636452794,-19.78628749625591,22.756264636452794,-19.78628749625591,2.3099880538118818,-0.2904243574542668,-0.05293186793864845
3745.0,149.8,0.0,22.66382717344471,-19.886724464837087,22.66382717344471,-19.886724464837087,2.3142573022214705,-0.2646352013758627,-0.04255420736430423
3746.0,149.84,0.0,22.570930817656166,-19.986782940884556,22.570930817656166,-19.986782940884556,2.3185251693920814,-0.237894370741768,-0.0316330162958627
3747.0,149.88,0.0,22.47757742569742,-20.086460966167262,22.47757742569742,-20.086460966167262,2.3227916553237127,-0.2102018655519826,-0.020168294733323853
3748.0,149.92000000000002,0.0,22.38376886331507,-20.18575659119994,22.38376886331507,-20.18575659119994,2.3270567600163656,-0.18155768580650647,-0.008160042676687705
3749.0,149.96,0.0,22.289507005352068,-20.284667875289045,22.289507005352068,-20.284667875289045,2.3313204834700394,-0.1519618315053396,0.004391739874045751
3750.0,150.0,0.0,22.194793735707602,-20.38319288657859,22.194793735707602,-20.38319288657859,2.3355828256847344,-0.12141430264848206,0.01748705291887652
3751.0,150.04,2.0,22.099630947296674,-20.481329702095735,22.099630947296674,-20.481329702095735,2.339843786660451,-0.09086677379162451,0.030737473027468275
3752.0,150.08,2.0,22.00402054200943,-20.57907640779623,22.00402054200943,-20.57907640779623,2.3441033663971886,-0.06031924493476697,0.04398789313606003
3753.0,150.12,2.0,21.907964430670305,-20.67643109860967,21.907964430670305,-20.67643109860967,2.3483615648949474,-0.03183420596236051,0.05720859196759287
3754.0,150.16,2.0,21.81146453299686,-20.77339187848458,21.81146453299686,-20.77339187848458,2.3526183821537274,-0.005423131269670754,0.06993292425087932
3755.0,150.20000000000002,2.0,21.71452277755842,-20.869956860433284,21.71452277755842,-20.869956860433284,2.3568738181735287,0.018847084889884676,0.08216056816991021
3756.0,150.24,2.0,21.617141101734468,-20.966124166576623,21.617141101734468,-20.966124166576623,2.3611278729543512,0.04081240214712728,0.09335678233863354
3757.0,150.28,2.0,21.519321451672763,-21.06189192818847,21.519321451672763,-21.06189192818847,2.3653805464961946,0.060472820502057045,0.10352156675704925
3758.0,150.32,2.0,21.421065782247304,-21.157258285740056,21.421065782247304,-21.157258285740056,2.3696318387990596,0.07782833995467402,0.1126549214251574
3759.0,150.36,2.0,21.322376057015937,-21.252221388944122,21.322376057015937,-21.252221388944122,2.373881749862946,0.09287896050497813,0.12075684634295795
3760.0,150.4,2.0,21.223254248177856,-21.346779396798855,21.223254248177856,-21.346779396798855,2.3781302796878525,0.10540297733035289,0.1278273415104509
3761.0,150.44,2.0,21.123702336530773,-21.440930477631653,21.123702336530773,-21.440930477631653,2.3823774282737817,0.11526791959774851,0.13371108127356401
3762.0,150.48,2.0,21.023722311427882,-21.534672809142716,21.023722311427882,-21.534672809142716,2.3866231956207313,0.12247378730716497,0.13840806563229724
3763.0,150.52,2.0,20.923316170734605,-21.62800457844836,20.923316170734605,-21.62800457844836,2.3908675817287017,0.12668032836518703,0.14201708989667516
3764.0,150.56,2.0,20.822485920785095,-21.720923982124255,20.822485920785095,-21.720923982124255,2.3951105865976943,0.12911978951152814,0.14446613743468273
3765.0,150.6,2.0,20.721233576338506,-21.813429226248388,20.721233576338506,-21.813429226248388,2.3993522102277076,0.13000882088784133,0.14585357474910796
3766.0,150.64000000000001,2.0,20.619561160535017,-21.90551852644381,20.619561160535017,-21.90551852644381,2.4035924526187418,0.12934742249412662,0.14617940183995085
3767.0,150.68,2.0,20.51747070485166,-21.997190107921256,20.51747070485166,-21.997190107921256,2.4078313137707976,0.12713559433038393,0.14544361870721137
3768.0,150.72,2.0,20.4149642490579,-22.088442205521527,20.4149642490579,-22.088442205521527,2.4120687936838743,0.12337333639661337,0.14364622535088956
3769.0,150.76,2.0,20.312043841170954,-22.17927306375764,20.312043841170954,-22.17927306375764,2.4163048923579726,0.11806064869281488,0.14078722177098543
3770.0,150.8,2.0,20.208711537410966,-22.269680936856844,20.208711537410966,-22.269680936856844,2.420539609793092,0.11214920577467916,0.13725503139783526
3771.0,150.84,2.0,20.104969402155863,-22.359664088802358,20.104969402155863,-22.359664088802358,2.4247729459892327,0.1056390076422062,0.13320476129520006
3772.0,150.88,2.0,20.00081950789604,-22.449220793374955,20.00081950789604,-22.449220793374955,2.4290049009463943,0.09853005429539605,0.12863641146307983
3773.0,150.92000000000002,2.0,19.89626393518882,-22.538349334194322,19.89626393518882,-22.538349334194322,2.4332354746645772,0.09082234573424865,0.12354998190147458
3774.0,150.96,2.0,19.791304772612662,-22.6270480047602,19.791304772612662,-22.6270480047602,2.4374646671437814,0.08251588195876404,0.11794547261038428
3775.0,151.0,2.0,19.685944116721156,-22.71531510849335,19.685944116721156,-22.71531510849335,2.441692478384007,0.07396483862460854,0.11197820924388123
3776.0,151.04,2.0,19.580184071996833,-22.803148958776248,19.580184071996833,-22.803148958776248,2.4459189083852535,0.06516921573178214,0.10564819180196541
3777.0,151.08,2.0,19.474026750804683,-22.890547878993644,19.474026750804683,-22.890547878993644,2.4501439571475214,0.056129013280284815,0.09895542028463683
3778.0,151.12,2.0,19.367474273345515,-22.977510202572827,19.367474273345515,-22.977510202572827,2.4543676246708106,0.0468442312701166,0.0918998946918955
3779.0,151.16,2.0,19.26052876760908,-23.064034273023765,19.26052876760908,-23.064034273023765,2.458589910955121,0.037536574523894015,0.08448161502374141
3780.0,151.20000000000002,2.0,19.153192369326966,-23.15011844397892,19.153192369326966,-23.15011844397892,2.4628108160004523,0.028338513874666852,0.07685590693424682
3781.0,151.24,1.0,19.04546722192527,-23.235761079232972,19.04546722192527,-23.235761079232972,2.4670303398068048,0.0192500493224351,0.06902277042341173
3782.0,151.28,0.0,18.937355476477084,-23.320960552782218,18.937355476477084,-23.320960552782218,2.4712484823741785,0.010802778030102851,0.060883410181211614
3783.0,151.32,2.0,18.828859291654744,-23.405715248863793,18.828859291654744,-23.405715248863793,2.4754652437025735,0.0030499344868522146,0.052339030897621874
3784.0,151.36,2.0,18.71998083368186,-23.490023561994693,18.71998083368186,-23.490023561994693,2.47968062379199,-0.0041041538420612,0.04385118195807987
3785.0,151.4,2.0,18.610740788874498,-23.57387887295582,18.610740788874498,-23.57387887295582,2.483897259822893,-0.010659486956637394,0.03588141274802289
3786.0,151.44,2.0,18.501143451172535,-23.65727869533761,18.501143451172535,-23.65727869533761,2.4881148835977767,-0.016616064856876365,0.02842972326745094
3787.0,151.48,2.0,18.391195423362046,-23.74005213246096,18.391195423362046,-23.74005213246096,2.492332753002579,-0.021973887542778115,0.021496113516364018
3788.0,151.52,2.0,18.280903335636662,-23.822200893854387,18.280903335636662,-23.822200893854387,2.496550125923242,-0.026732955014342644,0.015080583494762134
3789.0,151.56,2.0,18.17027043675195,-23.903726702709502,18.17027043675195,-23.903726702709502,2.500766252475911,-0.030893267271569946,0.00918313320264528
3790.0,151.6,2.0,18.059301677509584,-23.98463129584262,18.059301677509584,-23.98463129584262,2.5049804846378794,-0.03445482431446003,0.00380376264001346
3791.0,151.64000000000001,2.0,17.948009494387662,-24.06491642365624,17.948009494387662,-24.06491642365624,2.5091922833488676,-0.037417626143012896,-0.0010575281931333284
3792.0,151.68,2.0,17.836404847734343,-24.144583850099988,17.836404847734343,-24.144583850099988,2.5134007968601235,-0.03978167275722854,-0.005400739296795085
3793.0,151.72,2.0,17.724493020642356,-24.22363535263149,17.724493020642356,-24.22363535263149,2.5176050541756254,-0.04154696415710696,-0.009225870670971808
3794.0,151.76,2.0,17.61229155634012,-24.302072722176796,17.61229155634012,-24.302072722176796,2.521804249474785,-0.04306767599831448,-0.012688247969735772
3795.0,151.8,2.0,17.499783556905623,-24.37989776309057,17.499783556905623,-24.37989776309057,2.5259979911450503,-0.044343808280851105,-0.015787871193086972
3796.0,151.84,2.0,17.386978411245394,-24.45711229311596,17.386978411245394,-24.45711229311596,2.5301863582514192,-0.04537536100471682,-0.018524740341025418
3797.0,151.88,2.0,17.27387519498002,-24.533718143344185,17.27387519498002,-24.533718143344185,2.5343685206613307,-0.04616233416991164,-0.020898855413551097
3798.0,151.92000000000002,2.0,17.160481648629595,-24.609717158173822,17.160481648629595,-24.609717158173822,2.5385439099897544,-0.04670472777643555,-0.022910216410664014
3799.0,151.96,2.0,17.046805529058826,-24.68511119526982,17.046805529058826,-24.68511119526982,2.542711957851661,-0.04700254182428857,-0.02455882333236417
3800.0,152.0,2.0,16.932816399387,-24.759902125522146,16.932816399387,-24.759902125522146,2.5468763275971487,-0.04705577631347069,-0.025844676178651563
3801.0,152.04,2.0,16.818501324389285,-24.834091833004255,16.818501324389285,-24.834091833004255,2.5510374893629058,-0.04705577631347069,-0.026767774949526202
3802.0,152.08,2.0,16.703873640329544,-24.907682214931164,16.703873640329544,-24.907682214931164,2.55519483008259,-0.04705577631347069,-0.027229324334963514
3803.0,152.12,2.0,16.58893388529132,-24.980675181617304,16.58893388529132,-24.980675181617304,2.559348027345496,-0.04705577631347069,-0.027229324334963514
3804.0,152.16,2.0,16.473689040438725,-25.053072656434033,16.473689040438725,-25.053072656434033,2.5634962520319404,-0.04705577631347069,-0.027229324334963514
3805.0,152.20000000000002,2.0,16.358128002826128,-25.124876575766912,16.358128002826128,-25.124876575766912,2.567636127496725,-0.04705577631347069,-0.027229324334963514
3806.0,152.24,2.0,16.24224364983097,-25.196088888972643,16.24224364983097,-25.196088888972643,2.5717671354956577,-0.04705577631347069,-0.027229324334963514
3807.0,152.28,2.0,16.126049795331113,-25.266711558335754,16.126049795331113,-25.266711558335754,2.5758891152470014,-0.04705577631347069,-0.027229324334963514
3808.0,152.32,2.0,16.009548171615265,-25.33674655902498,16.009548171615265,-25.33674655902498,2.5800020531055563,-0.04705577631347069,-0.027229324334963514
3809.0,152.36,2.0,15.89276121461013,-25.40619587904938,15.89276121461013,-25.40619587904938,2.5840937931268124,-0.04705577631347069,-0.027229324334963514
3810.0,152.4,2.0,15.77569020346578,-25.475061519214147,15.77569020346578,-25.475061519214147,2.5881658209383382,-0.04705577631347069,-0.027229324334963514
3811.0,152.44,2.0,15.658328908024437,-25.543345493076146,15.658328908024437,-25.543345493076146,2.5922195132052748,-0.04705577631347069,-0.027229324334963514
3812.0,152.48,2.0,15.540672552045764,-25.61104982689918,15.540672552045764,-25.61104982689918,2.596256559281236,-0.04705577631347069,-0.027229324334963514
3813.0,152.52,2.0,15.422722015754232,-25.678176559608946,15.422722015754232,-25.678176559608946,2.6002787677671053,-0.04705577631347069,-0.027229324334963514
3814.0,152.56,2.0,15.304453263128003,-25.744741298572038,15.304453263128003,-25.744741298572038,2.604297557168466,-0.04705577631347069,-0.027229324334963514
3815.0,152.6,2.0,15.185886072547708,-25.810747897222004,15.185886072547708,-25.810747897222004,2.608314773315243,-0.04705577631347069,-0.027229324334963514
3816.0,152.64000000000001,2.0,15.067013779984098,-25.876200211459427,15.067013779984098,-25.876200211459427,2.6123320041544424,-0.04705577631347069,-0.027229324334963514
3817.0,152.68,2.0,14.947839932314917,-25.941102030366796,14.947839932314917,-25.941102030366796,2.6163517468306305,-0.04705577631347069,-0.027229324334963514
3818.0,152.72,2.0,14.82835757363788,-26.00545838402911,14.82835757363788,-26.00545838402911,2.6203763767139905,-0.04705577631347069,-0.027229324334963514
3819.0,152.76,2.0,14.708554986513349,-26.069278209703796,14.708554986513349,-26.069278209703796,2.624408925517295,-0.04705577631347069,-0.027229324334963514
3820.0,152.8,2.0,14.588465581455093,-26.132563653349536,14.588465581455093,-26.132563653349536,2.628447987466454,-0.04705577631347069,-0.027229324334963514
3821.0,152.84,2.0,14.468088395920276,-26.195329725889327,14.468088395920276,-26.195329725889327,2.6324953077732887,-0.04705577631347069,-0.027229324334963514
3822.0,152.88,2.0,14.34740743202479,-26.25757791400209,14.34740743202479,-26.25757791400209,2.636553625717775,-0.04705577631347069,-0.027229324334963514
3823.0,152.92000000000002,2.0,14.226409142150994,-26.319313823484414,14.226409142150994,-26.319313823484414,2.640626152779115,-0.04705577631347069,-0.027229324334963514
3824.0,152.96,2.0,14.105084080072242,-26.380543243715394,14.105084080072242,-26.380543243715394,2.644713736844865,-0.04705577631347069,-0.027229324334963514
3825.0,153.0,2.0,13.983422497639966,-26.441272064672983,13.983422497639966,-26.441272064672983,2.6488171361476347,-0.04705577631347069,-0.027229324334963514
3826.0,153.04,2.0,13.861427191736725,-26.501506280807682,13.861427191736725,-26.501506280807682,2.652937155896998,-0.04705577631347069,-0.027229324334963514
3827.0,153.08,2.0,13.739077845717672,-26.56125199485271,13.739077845717672,-26.56125199485271,2.6570747177566276,-0.04705577631347069,-0.027229324334963514
3828.0,153.12,2.0,13.616366327704695,-26.620515421569248,13.616366327704695,-26.620515421569248,2.661230596253658,-0.04705577631347069,-0.027229324334963514
3829.0,153.16,2.0,13.493267312896746,-26.67930289142534,13.493267312896746,-26.67930289142534,2.6654177159843293,-0.04705577631347069,-0.027229324334963514
3830.0,153.20000000000002,2.0,13.369775059118963,-26.737620854207197,13.369775059118963,-26.737620854207197,2.6696352581116543,-0.04705577631347069,-0.027229324334963514
3831.0,153.24,2.0,13.245922195350618,-26.79542028222202,13.245922195350618,-26.79542028222202,2.673886319975924,-0.04705577631347069,-0.027229324334963514
3832.0,153.28,2.0,13.121692845690006,-26.852716480746263,13.121692845690006,-26.852716480746263,2.678175951548467,-0.04705577631347069,-0.027229324334963514
3833.0,153.32,2.0,12.997083260705503,-26.90951174972694,12.997083260705503,-26.90951174972694,2.6825058224312346,-0.04705577631347069,-0.027229324334963514
3834.0,153.36,2.0,12.872102231770198,-26.965794713310938,12.872102231770198,-26.965794713310938,2.6868678271460475,-0.04705577631347069,-0.027229324334963514
3835.0,153.4,2.0,12.74674906424629,-27.021565641635068,12.74674906424629,-27.021565641635068,2.6912630186823483,-0.04705577631347069,-0.027229324334963514
3836.0,153.44,2.0,12.621023108866911,-27.07682469384443,12.621023108866911,-27.07682469384443,2.6956922372349483,-0.04705577631347069,-0.027229324334963514
3837.0,153.48,2.0,12.494923711083509,-27.13157198679814,12.494923711083509,-27.13157198679814,2.7001563229986574,-0.04705577631347069,-0.027229324334963514
3838.0,153.52,2.0,12.368451949118183,-27.18580628667171,12.368451949118183,-27.18580628667171,2.7046559761951365,-0.04705577631347069,-0.027229324334963514
3839.0,153.56,2.0,12.24161577236746,-27.239519329312344,12.24161577236746,-27.239519329312344,2.709189100376126,-0.04705577631347069,-0.027229324334963514
3840.0,153.6,2.0,12.114416350198118,-27.292709721525036,12.114416350198118,-27.292709721525036,2.713753804845094,-0.04705577631347069,-0.027229324334963514
3841.0,153.64000000000001,2.0,11.986871877694325,-27.345363287404833,11.986871877694325,-27.345363287404833,2.718348241133017,-0.04705577631347069,-0.027229324334963514
3842.0,153.68,2.0,11.858989468201832,-27.397479460107277,11.858989468201832,-27.397479460107277,2.7229706499057382,-0.04705577631347069,-0.027229324334963514
3843.0,153.72,2.0,11.73078673743589,-27.44905364101461,11.73078673743589,-27.44905364101461,2.727618508974245,-0.04705577631347069,-0.027229324334963514
3844.0,153.76,2.0,11.602270911096934,-27.500081137764226,11.602270911096934,-27.500081137764226,2.732292166450142,-0.04705577631347069,-0.027229324334963514
3845.0,153.8,2.0,11.473449242740498,-27.550557249690375,11.473449242740498,-27.550557249690375,2.7369919704450356,-0.04705577631347069,-0.027229324334963514
3846.0,153.84,2.0,11.344329014722726,-27.600477266372618,11.344329014722726,-27.600477266372618,2.741718269070531,-0.04705577631347069,-0.027229324334963514
3847.0,153.88,2.0,11.21491753917725,-27.649836466211248,11.21491753917725,-27.649836466211248,2.7464714104382337,-0.04705577631347069,-0.027229324334963514
3848.0,153.92000000000002,2.0,11.085222159022859,-27.698630115030575,11.085222159022859,-27.698630115030575,2.751251742659749,-0.04705577631347069,-0.027229324334963514
3849.0,153.96,2.0,10.955250249001292,-27.746853464710775,10.955250249001292,-27.746853464710775,2.756059613846683,-0.04705577631347069,-0.027229324334963514
3850.0,154.0,2.0,10.825009216744505,-27.794501751849108,10.825009216744505,-27.794501751849108,2.7608953721106406,-0.04705577631347069,-0.027229324334963514
3851.0,154.04,2.0,10.694468282790174,-27.841625796790677,10.694468282790174,-27.841625796790677,2.7657554493859497,-0.04705577631347069,-0.027229324334963514
3852.0,154.08,2.0,10.56364535479756,-27.888212195374305,10.56364535479756,-27.888212195374305,2.770634324975904,-0.04705577631347069,-0.027229324334963514
3853.0,154.12,2.0,10.432546394331649,-27.934260659385373,10.432546394331649,-27.934260659385373,2.7755298585531665,-0.04705577631347069,-0.027229324334963514
3854.0,154.16,2.0,10.301198481006173,-27.979771133315797,10.301198481006173,-27.979771133315797,2.780446028134738,-0.04705577631347069,-0.027229324334963514
3855.0,154.20000000000002,2.0,10.16961229371463,-28.02474379697476,10.16961229371463,-28.02474379697476,2.785379815491396,-0.04705577631347069,-0.027229324334963514
3856.0,154.24,2.0,10.037797960822532,-28.069179068055202,10.037797960822532,-28.069179068055202,2.7903277397734993,-0.04705577631347069,-0.027229324334963514
3857.0,154.28,2.0,9.905764432510283,-28.113077604655704,9.905764432510283,-28.113077604655704,2.7952855280755378,-0.04705577631347069,-0.027229324334963514
3858.0,154.32,2.0,9.773531655976647,-28.156440307757048,9.773531655976647,-28.156440307757048,2.80024914822475,-0.04705577631347069,-0.027229324334963514
3859.0,154.36,2.0,9.641102375559436,-28.199271336552993,9.641102375559436,-28.199271336552993,2.8052164654646394,-0.04705577631347069,-0.027229324334963514
3860.0,154.4,2.0,9.508489884144016,-28.241574907447454,9.508489884144016,-28.241574907447454,2.810185376116135,-0.04705577631347069,-0.027229324334963514
3861.0,154.44,2.0,9.375700249077026,-28.28335529322669,9.375700249077026,-28.28335529322669,2.815153793586397,-0.04705577631347069,-0.027229324334963514
3862.0,154.48,2.0,9.24274594198797,-28.32461590248969,9.24274594198797,-28.32461590248969,2.8201190133657903,-0.04705577631347069,-0.027229324334963514
3863.0,154.52,2.0,9.109622981764794,-28.365360264217497,9.109622981764794,-28.365360264217497,2.8250783535717514,-0.04705577631347069,-0.027229324334963514
3864.0,154.56,2.0,8.976338343149019,-28.4055920273095,8.976338343149019,-28.4055920273095,2.8300292212397657,-0.04705577631347069,-0.027229324334963514
3865.0,154.6,2.0,8.8429101347891,-28.445314960106355,8.8429101347891,-28.445314960106355,2.8349689257187225,-0.04705577631347069,-0.027229324334963514
3866.0,154.64000000000001,2.0,8.709344252980937,-28.484532949899744,8.709344252980937,-28.484532949899744,2.839894863161358,-0.04705577631347069,-0.027229324334963514
3867.0,154.68,2.0,8.57563663145055,-28.52325000242916,8.57563663145055,-28.52325000242916,2.84480896017361,-0.04705577631347069,-0.027229324334963514
3868.0,154.72,2.0,8.441806759488086,-28.56147024136588,8.441806759488086,-28.56147024136588,2.8497090339260236,-0.04705577631347069,-0.027229324334963514
3869.0,154.76,2.0,8.30785622512445,-28.59920744792775,8.30785622512445,-28.59920744792775,2.854611413830419,-0.04705577631347069,-0.027229324334963514
3870.0,154.8,2.0,8.173801862657132,-28.636464387349612,8.173801862657132,-28.636464387349612,2.859513528018817,-0.04705577631347069,-0.027229324334963514
3871.0,154.84,2.0,8.03966082519442,-28.673243732079495,8.03966082519442,-28.673243732079495,2.8644146221234075,-0.04705577631347069,-0.027229324334963514
3872.0,154.88,2.0,7.905397243251004,-28.70954806872139,7.905397243251004,-28.70954806872139,2.8693106210172616,-0.047606936586576165,-0.027229324334963514
3873.0,154.92000000000002,2.0,7.771000291015396,-28.745379895772963,7.771000291015396,-28.745379895772963,2.874200688952463,-0.04816644783229893,-0.027229324334963514
3874.0,154.96,2.0,7.636434212524938,-28.78074162140332,7.636434212524938,-28.78074162140332,2.8790760825906383,-0.04873431005063899,-0.02719294876601239
3875.0,155.0,2.0,7.5017056119169405,-28.81563556127125,7.5017056119169405,-28.81563556127125,2.8839367915624643,-0.049310523241596335,-0.027104331386973837
3876.0,155.04,2.0,7.366821765334119,-28.85006393638461,7.366821765334119,-28.85006393638461,2.888783268119037,-0.05050366104387345,-0.02696239064361739
3877.0,155.08,2.0,7.231781166207785,-28.884028871001334,7.231781166207785,-28.884028871001334,2.893617757230177,-0.05248094557091398,-0.02676385020363713
3878.0,155.12,2.0,7.096573602757536,-28.917532390572543,7.096573602757536,-28.917532390572543,2.8984426390898284,-0.05529535961438772,-0.02648806096079279
3879.0,155.16,2.0,6.9611826017658744,-28.95057641972832,6.9611826017658744,-28.95057641972832,2.903257818145668,-0.05906089929627069,-0.02613620736154071
3880.0,155.20000000000002,2.0,6.825610767431841,-28.983162780306635,6.825610767431841,-28.983162780306635,2.9080649555531615,-0.06381523053777695,-0.025709780250628006
3881.0,155.24,2.0,6.689867792999947,-29.0152931894259,6.689867792999947,-29.0152931894259,2.9128656953815444,-0.06970762815280852,-0.025213024534720886
3882.0,155.28,2.0,6.5539648646848745,-29.04697017733198,6.5539648646848745,-29.04697017733198,2.917664853731506,-0.0768158754062991,-0.024642515120757054
3883.0,155.32,2.0,6.417914318689009,-29.0781009189471,6.417914318689009,-29.0781009189471,2.922464353807453,-0.08532448641884306,-0.023997199468056625
3884.0,155.36,2.0,6.281732155242831,-29.108605186400762,6.281732155242831,-29.108605186400762,2.927266324934406,-0.09541320141897536,-0.02328957224779278
3885.0,155.4,2.0,6.145408436127304,-29.138467249003938,6.145408436127304,-29.138467249003938,2.9320722357646005,-0.10708202040669597,-0.022519633459965535
3886.0,155.44,2.0,6.008954337175536,-29.167699042630968,6.008954337175536,-29.167699042630968,2.9368838429035,-0.12033094338200491,-0.02168738310457488
3887.0,155.48,2.0,5.87238315016531,-29.19629369485,5.87238315016531,-29.19629369485,2.941697947165699,-0.13453701340255206,-0.02072150641141272
3888.0,155.52,2.0,5.735690033038852,-29.22424868845078,5.735690033038852,-29.22424868845078,2.9465160566605446,-0.14956060828476186,-0.019605378090615952
3889.0,155.56,2.0,5.5988799865470815,-29.251554010897877,5.5988799865470815,-29.251554010897877,2.951320519904997,-0.16531467156181653,-0.01832766602857352
3890.0,155.6,1.0,5.4619651439406995,-29.278197229965606,5.4619651439406995,-29.278197229965606,2.956113298670541,-0.1813786985403238,-0.016880264995605306
3891.0,155.64000000000001,0.0,5.32493560612136,-29.304180850079785,5.32493560612136,-29.304180850079785,2.9608936990386687,-0.19689156524572562,-0.015254661881704986
3892.0,155.68,0.0,5.187853017262177,-29.32950377360349,5.187853017262177,-29.32950377360349,2.965665624122667,-0.2123960809785101,-0.013629058767804667
3893.0,155.72,0.0,5.0507323816947345,-29.35417578555974,5.0507323816947345,-29.35417578555974,2.97042930594234,-0.22789224573867736,-0.012039831222855476
3894.0,155.76,1.0,4.913613936451475,-29.378210680575084,4.913613936451475,-29.378210680575084,2.9751780614930508,-0.2433800595262273,-0.010502845487993713
3895.0,155.8,1.0,4.7764944535238,-29.401608443493817,4.7764944535238,-29.401608443493817,2.9799125526134165,-0.25825094870245746,-0.009019183117449838
3896.0,155.84,1.0,4.639370727066197,-29.42436895576357,4.639370727066197,-29.42436895576357,2.9846334411420554,-0.2723376911539242,-0.007592120443529783
3897.0,155.88,1.0,4.502249652952545,-29.446496920789002,4.502249652952545,-29.446496920789002,2.989340388254732,-0.2855873040889577,-0.006242306572473804
3898.0,155.92000000000002,1.0,4.365135973253514,-29.4679884924421,4.365135973253514,-29.4679884924421,2.994032679170338,-0.2978857913855821,-0.004968557057825569
3899.0,155.96,1.0,4.228055800980128,-29.488858148216895,4.228055800980128,-29.488858148216895,2.9987123177650985,-0.3091954871225831,-0.0037693810548379537
3900.0,156.0,1.0,4.091005501354779,-29.509105301427653,4.091005501354779,-29.509105301427653,3.003379520130027,-0.3187559180614774,-0.0026405336568447544
3901.0,156.04,1.0,3.953981453859028,-29.52872930019303,3.953981453859028,-29.52872930019303,3.0080345023561366,-0.3263400261234294,-0.0016891212554037789
3902.0,156.08,0.0,3.816972018123044,-29.54774204349812,3.816972018123044,-29.54774204349812,3.0126749264197805,-0.33168551392291096,-0.0009471534608002915
3903.0,156.12,0.0,3.679980733613183,-29.56612458347953,3.679980733613183,-29.56612458347953,3.0173013245665254,-0.3344281271107928,-0.0004031881425409849
3904.0,156.16,0.0,3.542996396721869,-29.583880193158464,3.542996396721869,-29.583880193158464,3.0219139340032695,-0.33438812545853985,-4.47306294526704e-05
3905.0,156.20000000000002,1.0,3.406022484961642,-29.601009379122353,3.406022484961642,-29.601009379122353,3.026513750296299,-0.3309674989347724,0.00019856992793668884
3906.0,156.24,1.0,3.2690534505368904,-29.61751183537959,3.2690534505368904,-29.61751183537959,3.031101394254818,-0.32478920448184057,0.000255398759418995
3907.0,156.28,1.0,3.1320914685262893,-29.633385595601965,3.1320914685262893,-29.633385595601965,3.035677912025707,-0.31661582122567,3.7815804923050525e-05
3908.0,156.32,1.0,2.995133168430175,-29.648631270349707,2.995133168430175,-29.648631270349707,3.0402437518964796,-0.306674027816654,-0.0004821363390253036
3909.0,156.36,1.0,2.8581831142938925,-29.66324715927109,2.8581831142938925,-29.66324715927109,3.0448000095057624,-0.2954713854150026,-0.0013238950157172477
3910.0,156.4,1.0,2.7212233674779016,-29.677244846687618,2.7212233674779016,-29.677244846687618,3.0493470685174584,-0.283293606881593,-0.0025040785648392174
3911.0,156.44,1.0,2.5842575789918354,-29.69062091978652,2.5842575789918354,-29.69062091978652,3.053886150785292,-0.2703164992574688,-0.0038529980154654257
3912.0,156.48,1.0,2.4472707553499147,-29.703377254376647,2.4472707553499147,-29.703377254376647,3.058417201890315,-0.25651885765924015,-0.00537201211968244
3913.0,156.52,1.0,2.31026937552971,-29.715509360701358,2.31026937552971,-29.715509360701358,3.0629405991280474,-0.2422332558277584,-0.006948993343969615
3914.0,156.56,0.0,2.173238648766464,-29.727011736216966,2.173238648766464,-29.727011736216966,3.067465424064575,-0.2273096869854642,-0.008525974568256788
3915.0,156.6,0.0,2.0361814379343937,-29.73788406892541,2.0361814379343937,-29.73788406892541,3.071991676699898,-0.21221941236261777,-0.010102955792543961
3916.0,156.64000000000001,0.0,1.8991006073641117,-29.748126060302194,1.8991006073641117,-29.748126060302194,3.076519357034016,-0.19653112770839148,-0.011679937016831135
3917.0,156.68,0.0,1.761999022777388,-29.75773742530001,1.761999022777388,-29.75773742530001,3.08104846506693,-0.1802448330227854,-0.01325691824111831
3918.0,156.72,0.0,1.6248795512219285,-29.76671789235196,1.6248795512219285,-29.76671789235196,3.0855790007986394,-0.16336052830579942,-0.014833899465405484
3919.0,156.76,0.0,1.4877450610061627,-29.775067203374554,1.4877450610061627,-29.775067203374554,3.090110964229144,-0.146489411982015,-0.016410880689692656
3920.0,156.8,0.0,1.3505984216340479,-29.782785113770338,1.3505984216340479,-29.782785113770338,3.0946443553584455,-0.12978075886533413,-0.017884180615484326
3921.0,156.84,0.0,1.2134425037398884,-29.789871392430168,1.2134425037398884,-29.789871392430168,3.0991791741865415,-0.11331235222069047,-0.0192228421731751
3922.0,156.88,0.0,1.076280179023174,-29.796325821735245,1.076280179023174,-29.796325821735245,3.1037154207134328,-0.0972687061686784,-0.0204258128220851
3923.0,156.92000000000002,2.0,0.9391143201834377,-29.80214819755874,0.9391143201834377,-29.80214819755874,3.10825309493912,-0.08182956093783288,-0.021435236383915483
3924.0,156.96,2.0,0.8019478008551341,-29.80733832926716,0.8019478008551341,-29.80733832926716,3.1127921968636025,-0.06759292655953375,-0.022321463708138277
3925.0,157.0,2.0,0.6647834955425401,-29.81189603972138,0.6647834955425401,-29.81189603972138,3.117332726486881,-0.05515681306516082,-0.023154845644225527
3926.0,157.04,2.0,0.527624279554682,-29.815821165277303,0.527624279554682,-29.815821165277303,3.1218746838089553,-0.04389826351236394,-0.02386406742196913
3927.0,157.08,2.0,0.3904730289402866,-29.81911355578629,0.3904730289402866,-29.81911355578629,3.1264180688298246,-0.03367765571756765,-0.02443250375150599
3928.0,157.12,2.0,0.25333262042276056,-29.821773074595193,0.25333262042276056,-29.821773074595193,3.130962881549489,-0.02440793321395409,-0.024848822519225044
3929.0,157.16,2.0,0.11620593133519916,-29.823799598546096,0.11620593133519916,-29.823799598546096,3.1355091219679503,-0.016113346842098808,-0.025104918495446174
3930.0,157.20000000000002,2.0,-0.02090416044457407,-29.82519301797575,-0.02090416044457407,-29.82519301797575,3.140056790085206,-0.008618089560958064,-0.025192278570163068
3931.0,157.24,2.0,-0.15799477655893565,-29.825953236714668,-0.15799477655893565,-29.825953236714668,3.1446058859012576,-0.0019433662539217798,-0.025109543991289153
3932.0,157.28,2.0,-0.29506303823535635,-29.82608017208591,-0.29506303823535635,-29.82608017208591,3.1491564094161046,0.004243396819861394,-0.024968842292345077
3933.0,157.32,2.0,-0.43210606635125964,-29.825573754903548,-0.43210606635125964,-29.825573754903548,3.1537083606297474,0.009792192882832142,-0.024828140593401004
3934.0,157.36,2.0,-0.5691209814988429,-29.824433929470803,-0.5691209814988429,-29.824433929470803,3.1582617395421857,0.015174283165250622,-0.024687438894456928
3935.0,157.4,2.0,-0.7061049040498606,-29.822660653577895,-0.7061049040498606,-29.822660653577895,3.1628165461534192,0.01995836341628927,-0.024546737195512855
3936.0,157.44,2.0,-0.8430549542203656,-29.820253898499537,-0.8430549542203656,-29.820253898499537,3.1673727804634484,0.024144433635948086,-0.02440603549656878
3937.0,157.48,2.0,-0.9799682521354104,-29.817213648992137,-0.9799682521354104,-29.817213648992137,3.171930442472273,0.027732493824227072,-0.024265333797624706
3938.0,157.52,2.0,-1.1168419178937032,-29.81353990329067,-1.1168419178937032,-29.81353990329067,3.1764895321798936,0.03072254398112623,-0.02412463209868063
3939.0,157.56,2.0,-1.2536730716322206,-29.80923267310526,-1.2536730716322206,-29.80923267310526,3.1810500495863088,0.033114584106645556,-0.023983930399736553
3940.0,157.6,2.0,-1.390458833590771,-29.80429198361739,-1.390458833590771,-29.80429198361739,3.1856119946915205,0.03490861420078504,-0.02384322870079248
3941.0,157.64000000000001,2.0,-1.5271963241765139,-29.79871787347586,-1.5271963241765139,-29.79871787347586,3.1901753674955278,0.03506593227370003,-0.023702527001848408
3942.0,157.68,2.0,-1.6638826640284246,-29.79251039479241,-1.6638826640284246,-29.79251039479241,3.1947401679983303,0.03341216678549928,-0.023632176152376366
3943.0,157.72,2.0,-1.8005149740817104,-29.785669613136996,-1.8005149740817104,-29.785669613136996,3.1993063961999284,0.029733728215439226,-0.023632176152376366
3944.0,157.76,2.0,-1.9370903756321747,-29.77819560753279,-1.9370903756321747,-29.77819560753279,3.2038740521003217,0.024536816478098522,-0.023632176152376366
3945.0,157.8,2.0,-2.073605990400525,-29.77008847045086,-2.073605990400525,-29.77008847045086,3.2084431356995107,0.017704739962551928,-0.023632176152376366
3946.0,157.84,2.0,-2.2100589405966238,-29.76134830780452,-2.2100589405966238,-29.76134830780452,3.2130136469974953,0.009098545044613259,-0.023620217888954253
3947.0,157.88,2.0,-2.346446348983685,-29.751975238943384,-2.346446348983685,-29.751975238943384,3.217585585994276,-0.001409913200169046,-0.023526969585788145
3948.0,157.92000000000002,2.0,-2.482765338942409,-29.74196939664709,-2.482765338942409,-29.74196939664709,3.2221589526898518,-0.013976226437620134,-0.023354844176388972
3949.0,157.96,2.0,-2.619013034535058,-29.731330927118762,-2.619013034535058,-29.731330927118762,3.2267337470842223,-0.02861083253700031,-0.023182718766989806
3950.0,158.0,2.0,-2.7551865605694683,-29.720059989978054,-2.7551865605694683,-29.720059989978054,3.2313099691773894,-0.045609754093667146,-0.023010593357590634
3951.0,158.04,2.0,-2.891283042663,-29.70815675825403,-2.891283042663,-29.70815675825403,3.2358876189693517,-0.06518886443342178,-0.022838467948191464
3952.0,158.08,2.0,-3.0272996073064213,-29.695621418377613,-3.0272996073064213,-29.695621418377613,3.2404666964601097,-0.08736579902732541,-0.02266634253879229
3953.0,158.12,2.0,-3.163233381927724,-29.68245417017376,-3.163233381927724,-29.68245417017376,3.2450472016496628,-0.11216564811027027,-0.02249421712939312
3954.0,158.16,2.0,-3.299081494955875,-29.668655226853364,-3.299081494955875,-29.668655226853364,3.2496291345380124,-0.13696549719321513,-0.022322091719993952
3955.0,158.20000000000002,2.0,-3.434841075884494,-29.654224815004795,-3.434841075884494,-29.654224815004795,3.2542124951251568,-0.16176534627616002,-0.022149966310594783
3956.0,158.24,2.0,-3.57050925533546,-29.63916317458518,-3.57050925533546,-29.63916317458518,3.2587972834110968,-0.18656519535910485,-0.021977840901195613
3957.0,158.28,2.0,-3.7060831651224486,-29.623470558911322,-3.7060831651224486,-29.623470558911322,3.263383499395833,-0.2113650444420497,-0.021805715491796444
3958.0,158.32,2.0,-3.8415599383143912,-29.607147234650373,-3.8415599383143912,-29.607147234650373,3.2679711430793636,-0.2361648935249946,-0.021666211835432807
3959.0,158.36,1.0,-3.9769367092988603,-29.590193481810154,-3.9769367092988603,-29.590193481810154,3.27256021446169,-0.26096474260793945,-0.021644640055301256
3960.0,158.4,0.0,-4.1122106138453765,-29.572609593729176,-4.1122106138453765,-29.572609593729176,3.2771507135428126,-0.2847258897010397,-0.02163528123114405
3961.0,158.44,1.0,-4.247378789168637,-29.55439587706639,-4.247378789168637,-29.55439587706639,3.2817426403227303,-0.3072739632644039,-0.02173080954246173
3962.0,158.48,1.0,-4.382438373991665,-29.53555265179058,-4.382438373991665,-29.53555265179058,3.2863359948014437,-0.3283953737772887,-0.021885068131958983
3963.0,158.52,1.0,-4.517386508608874,-29.516080251169495,-4.517386508608874,-29.516080251169495,3.290930776978953,-0.3455206041044471,-0.022196919279108714
3964.0,158.56,1.0,-4.652220334949053,-29.49597902175867,-4.652220334949053,-29.49597902175867,3.295526986855257,-0.3580672055176481,-0.022645653887161256
3965.0,158.6,1.0,-4.786936996638266,-29.475249323389903,-4.786936996638266,-29.475249323389903,3.3001246244303566,-0.36546995690436385,-0.023226891637220404
3966.0,158.64000000000001,1.0,-4.921533639062658,-29.453891529159495,-4.921533639062658,-29.453891529159495,3.304723689704252,-0.36716422917341324,-0.024074083515267235
3967.0,158.68,0.0,-5.056007409431186,-29.431906025416147,-5.056007409431186,-29.431906025416147,3.3093241826769435,-0.36286628573451957,-0.025209918750269626
3968.0,158.72,1.0,-5.190355456838252,-29.409293211748547,-5.190355456838252,-29.409293211748547,3.31392610334843,-0.3524100970525974,-0.02655310730248357
3969.0,158.76,1.0,-5.3245749323262475,-29.386053500972697,-5.3245749323262475,-29.386053500972697,3.318529451718712,-0.33578387619717076,-0.028046450579529644
3970.0,158.8,1.0,-5.458662988948005,-29.362187319118906,-5.458662988948005,-29.362187319118906,3.32313422778779,-0.3126702797224757,-0.029703804839837828
3971.0,158.84,1.0,-5.592616781829158,-29.3376951054185,-5.592616781829158,-29.3376951054185,3.327740431555663,-0.28284429347472456,-0.03154193813817973
3972.0,158.88,0.0,-5.726433468230403,-29.312577312290227,-5.726433468230403,-29.312577312290227,3.332348063022332,-0.2465524984373711,-0.033593791985259414
3973.0,158.92000000000002,0.0,-5.860110207609671,-29.286834405326363,-5.860110207609671,-29.286834405326363,3.3369571221877963,-0.20645281862150258,-0.03588625132284669
3974.0,158.96,0.0,-5.993644161684194,-29.260466863278523,-5.993644161684194,-29.260466863278523,3.341567609052056,-0.16443681713845198,-0.03836067960027784
3975.0,159.0,0.0,-6.127032494492473,-29.233475178043186,-6.127032494492473,-29.233475178043186,3.3461795236151115,-0.12242081565540139,-0.04103838316066563
3976.0,159.04,0.0,-6.260272372456149,-29.20585985464691,-6.260272372456149,-29.20585985464691,3.3507928658769623,-0.0804048141723508,-0.043961831302556355
3977.0,159.08,1.0,-6.393360964441778,-29.17762141123125,-6.393360964441778,-29.17762141123125,3.355407635837608,-0.03838881268930022,-0.04700998764596366
3978.0,159.12,1.0,-6.526313954411834,-29.14876540309212,-6.526313954411834,-29.14876540309212,3.3600211963165845,0.003627188793750364,-0.04994021211313887
3979.0,159.16,0.0,-6.659130629066011,-29.11929327615706,-6.659130629066011,-29.11929327615706,3.364633815511398,0.04564319027680095,-0.052858223624339735
3980.0,159.20000000000002,0.0,-6.791812579173652,-29.08937491008667,-6.791812579173652,-29.08937491008667,3.369246235536108,0.08765919175985153,-0.05567134800006573
3981.0,159.24,0.0,-6.924361418245287,-29.05900760181931,-6.924361418245287,-29.05900760181931,3.373859198504775,0.12967519324290214,-0.05842574209761214
3982.0,159.28,1.0,-7.0567753737972385,-29.02818865813701,-7.0567753737972385,-29.02818865813701,3.3784734543012522,0.16921348770750694,-0.06102254363750607
3983.0,159.32,1.0,-7.18905437094613,-28.996915395724603,-7.18905437094613,-28.996915395724603,3.383089650948247,0.2058083180363602,-0.06348246171649718
3984.0,159.36,0.0,-7.321205816149691,-28.965185141228638,-7.321205816149691,-28.965185141228638,3.387708327506039,0.23806568996830058,-0.06582183491690383
3985.0,159.4,0.0,-7.453235635510885,-28.932995231316124,-7.453235635510885,-28.932995231316124,3.3923303357233796,0.26464112376624005,-0.06797654402906676
3986.0,159.44,0.0,-7.585144073763061,-28.90034301273301,-7.585144073763061,-28.90034301273301,3.3969566465962915,0.28510894396318354,-0.0699214868905072
3987.0,159.48,1.0,-7.716943631771788,-28.867225842362448,-7.716943631771788,-28.867225842362448,3.401588065945361,0.299313558893306,-0.0714764327036784
3988.0,159.52,1.0,-7.848612365359534,-28.833641087282846,-7.848612365359534,-28.833641087282846,3.406224985383143,0.30753920422148917,-0.07269858006095976
3989.0,159.56,1.0,-7.980154613395515,-28.799586124825694,-7.980154613395515,-28.799586124825694,3.4108673258446385,0.3099790833619119,-0.07362564174483564
3990.0,159.6,1.0,-8.111564397792172,-28.765058342633154,-8.111564397792172,-28.765058342633154,3.415515917462407,0.3066203701072427,-0.0742259173066349
3991.0,159.64000000000001,1.0,-8.242844401801644,-28.730055138715446,-8.242844401801644,-28.730055138715446,3.420171328621481,0.29774323031890215,-0.07444749379570148
3992.0,159.68,1.0,-8.373997321572022,-28.694573921507967,-8.373997321572022,-28.694573921507967,3.4248341277068883,0.28367198020834344,-0.07422081178033367
3993.0,159.72,1.0,-8.504987656168474,-28.658612109928235,-8.504987656168474,-28.658612109928235,3.429500651368531,0.266422675979959,-0.07357374747087923
3994.0,159.76,1.0,-8.6357974030858,-28.622167133432544,-8.6357974030858,-28.622167133432544,3.4341704294697215,0.24829699706814795,-0.07241435072405426
3995.0,159.8,1.0,-8.766434828192597,-28.585236432072442,-8.766434828192597,-28.585236432072442,3.4388440750768017,0.2294403580017868,-0.07067884589819967
3996.0,159.84,1.0,-8.896895396173608,-28.547817456550913,-8.896895396173608,-28.547817456550913,3.4435219106004764,0.2101064464257992,-0.06841317832172
3997.0,159.88,1.0,-9.027181011902071,-28.509907668278416,-9.027181011902071,-28.509907668278416,3.4482047651604297,0.19042895786193906,-0.06576061623732962
3998.0,159.92000000000002,2.0,-9.157275493360926,-28.471504539428576,-9.157275493360926,-28.471504539428576,3.4528960154018598,0.170704279855062,-0.0626664264260907
3999.0,159.96,2.0,-9.287166636187191,-28.43260555299374,-9.287166636187191,-28.43260555299374,3.4575961795689585,0.15092929550842707,-0.05914065573594966
4000.0,160.0,2.0,-9.41686316996094,-28.393208202840224,-9.41686316996094,-28.393208202840224,3.4623054184434623,0.13089003316250208,-0.055148652647321925
4001.0,160.04,2.0,-9.546361740227415,-28.353309993763368,-9.546361740227415,-28.353309993763368,3.4670237456705726,0.11085077081657708,-0.0511566495586942
4002.0,160.08,2.0,-9.675679693835901,-28.312908441542323,-9.675679693835901,-28.312908441542323,3.4717633171947977,0.0908115084706521,-0.04716464647006648
4003.0,160.12,2.0,-9.804813218636864,-28.272001072994595,-9.804813218636864,-28.272001072994595,3.4765226473885704,0.0717399728975469,-0.04317264338143875
4004.0,160.16,2.0,-9.933750991062583,-28.230585426030373,-9.933750991062583,-28.230585426030373,3.481300359586749,0.054544159667619906,-0.03918064029281103
4005.0,160.20000000000002,2.0,-10.062483139464273,-28.188659049706583,-10.062483139464273,-28.188659049706583,3.4860947644357188,0.03952159932341453,-0.03518863720418329
4006.0,160.24,2.0,-10.191005446771394,-28.146219504280722,-10.191005446771394,-28.146219504280722,3.4909040533345976,0.026672291864930763,-0.03137927784661326
4007.0,160.28,2.0,-10.31930141463722,-28.10326436126442,-10.31930141463722,-28.10326436126442,3.495726582857937,0.015996237292168605,-0.027752562220100935
4008.0,160.32,2.0,-10.447388966264441,-28.05979120347677,-10.447388966264441,-28.05979120347677,3.5005611237883207,0.007198762070986131,-0.024256921283731976
4009.0,160.36,2.0,-10.575259719968217,-28.015797625097427,-10.575259719968217,-28.015797625097427,3.5054069175858853,8.531372598860135e-05,-0.02090728743140592
4010.0,160.4,2.0,-10.702915590835142,-27.971281231719413,-10.702915590835142,-27.971281231719413,3.5102622965132095,-0.005352602385898739,-0.017722632103074763
4011.0,160.44,2.0,-10.830347468171547,-27.926239640401697,-10.830347468171547,-27.926239640401697,3.51512557755115,-0.009404292954082962,-0.014745629788670406
4012.0,160.48,2.0,-10.957546207025933,-27.88067047972154,-10.957546207025933,-27.88067047972154,3.5199950776805626,-0.01219425107162346,-0.012007040828508784
4013.0,160.52,2.0,-11.084540840464676,-27.83457138982656,-11.084540840464676,-27.83457138982656,3.5248733456174324,-0.014107834505737408,-0.00957750902276108
4014.0,160.56,2.0,-11.211342886358636,-27.78794002248655,-11.211342886358636,-27.78794002248655,3.529759736864335,-0.01529045778530123,-0.007478340714540038
4015.0,160.6,2.0,-11.33793757974022,-27.740774041145023,-11.33793757974022,-27.740774041145023,3.5346525237208146,-0.01599580855523862,-0.00575200520239199
4016.0,160.64000000000001,2.0,-11.464322944664074,-27.693071120970544,-11.464322944664074,-27.693071120970544,3.539550269142051,-0.01635758233730351,-0.004412564198154633
4017.0,160.68,2.0,-11.590490555139443,-27.64482894890778,-11.590490555139443,-27.64482894890778,3.54445102937425,-0.01667216667635143,-0.0035147509207658365
4018.0,160.72,2.0,-11.7164315519257,-27.596045223728257,-11.7164315519257,-27.596045223728257,3.5493529503185646,-0.016936444675641482,-0.0030485185222791367
4019.0,160.76,2.0,-11.842149492715492,-27.546717656080933,-11.842149492715492,-27.546717656080933,3.5542541308991815,-0.016936444675641482,-0.0030485185222791367
4020.0,160.8,2.0,-11.96762469688306,-27.496843968542436,-11.96762469688306,-27.496843968542436,3.559152553586191,-0.016936444675641482,-0.0030485185222791367
4021.0,160.84,2.0,-12.092849547160897,-27.44642189566708,-12.092849547160897,-27.44642189566708,3.5640463479862183,-0.016936444675641482,-0.0030485185222791367
4022.0,160.88,2.0,-12.217799115406986,-27.395449184036593,-12.217799115406986,-27.395449184036593,3.5689214936367892,-0.016936444675641482,-0.0030485185222791367
4023.0,160.92000000000002,2.0,-12.342467941684111,-27.343923592309636,-12.342467941684111,-27.343923592309636,3.5737777135086506,-0.016936444675641482,-0.0030485185222791367
4024.0,160.96,2.0,-12.4668506053093,-27.291842891270964,-12.4668506053093,-27.291842891270964,3.5786147305725504,-0.016936444675641482,-0.0030485185222791367
4025.0,161.0,2.0,-12.590941725583187,-27.239204863880406,-12.590941725583187,-27.239204863880406,3.5834322677992367,-0.016936444675641482,-0.0030485185222791367
4026.0,161.04,2.0,-12.714735962515743,-27.18600730532154,-12.714735962515743,-27.18600730532154,3.588230048159459,-0.016936444675641482,-0.0030485185222791367
4027.0,161.08,2.0,-12.838228017548289,-27.132248023050067,-12.838228017548289,-27.132248023050067,3.593007794623964,-0.016936444675641482,-0.0030485185222791367
4028.0,161.12,2.0,-12.961412634271769,-27.077924836842016,-12.961412634271769,-27.077924836842016,3.5977652301635006,-0.016936444675641482,-0.0030485185222791367
4029.0,161.16,2.0,-13.084284599141203,-27.023035578841544,-13.084284599141203,-27.023035578841544,3.602502077748817,-0.016936444675641482,-0.0030485185222791367
4030.0,161.20000000000002,2.0,-13.206838742186267,-26.967578093608584,-13.206838742186267,-26.967578093608584,3.607218060350661,-0.016936444675641482,-0.0030485185222791367
4031.0,161.24,2.0,-13.329072283630921,-26.911550238166136,-13.329072283630921,-26.911550238166136,3.611913177969033,-0.016936444675641482,-0.0030485185222791367
4032.0,161.28,2.0,-13.450982493177355,-26.85494988204733,-13.450982493177355,-26.85494988204733,3.616587430603933,-0.016936444675641482,-0.0030485185222791367
4033.0,161.32,2.0,-13.572566690069678,-26.797774907342195,-13.572566690069678,-26.797774907342195,3.6212408182553615,-0.016936444675641482,-0.0030485185222791367
4034.0,161.36,2.0,-13.693822243153088,-26.740023208744166,-13.693822243153088,-26.740023208744166,3.625873340923316,-0.016936444675641482,-0.0030485185222791367
4035.0,161.4,2.0,-13.814746570928461,-26.681692693596293,-13.814746570928461,-26.681692693596293,3.6304849986078,-0.016936444675641482,-0.0030485185222791367
4036.0,161.44,2.0,-13.935337141602433,-26.622781281937197,-13.935337141602433,-26.622781281937197,3.635075791308812,-0.016936444675641482,-0.0030485185222791367
4037.0,161.48,2.0,-14.05559147313289,-26.56328690654672,-14.05559147313289,-26.56328690654672,3.639645719026351,-0.016936444675641482,-0.0030485185222791367
4038.0,161.52,2.0,-14.175507133269946,-26.503207512991295,-14.175507133269946,-26.503207512991295,3.6441947817604183,-0.016936444675641482,-0.0030485185222791367
4039.0,161.56,2.0,-14.29508173959234,-26.442541059669104,-14.29508173959234,-26.442541059669104,3.6487229795110134,-0.016936444675641482,-0.0030485185222791367
4040.0,161.6,2.0,-14.414312959539313,-26.38128551785483,-14.414312959539313,-26.38128551785483,3.653230312278137,-0.016936444675641482,-0.0030485185222791367
4041.0,161.64000000000001,2.0,-14.533198510437911,-26.319438871744236,-14.533198510437911,-26.319438871744236,3.657716780061788,-0.016936444675641482,-0.0030485185222791367
4042.0,161.68,2.0,-14.651736159525777,-26.2569991184984,-14.651736159525777,-26.2569991184984,3.6621823828619666,-0.016936444675641482,-0.0030485185222791367
4043.0,161.72,2.0,-14.769923723969349,-26.19396426828769,-14.769923723969349,-26.19396426828769,3.6666271206786734,-0.016936444675641482,-0.0030485185222791367
4044.0,161.76,2.0,-14.887759070877577,-26.130332344335432,-14.887759070877577,-26.130332344335432,3.671050993511908,-0.016936444675641482,-0.0030485185222791367
4045.0,161.8,2.0,-15.00524011731104,-26.066101382961335,-15.00524011731104,-26.066101382961335,3.67545400136167,-0.016936444675641482,-0.0030485185222791367
4046.0,161.84,2.0,-15.122364830286571,-26.001269433624554,-15.122364830286571,-26.001269433624554,3.679836144227961,-0.016936444675641482,-0.0030485185222791367
4047.0,161.88,2.0,-15.239152070420156,-25.935834558966548,-15.239152070420156,-25.935834558966548,3.6841913037664473,-0.016936444675641482,-0.0030485185222791367
4048.0,161.92000000000002,2.0,-15.35560407622738,-25.869794834853554,-15.35560407622738,-25.869794834853554,3.6885203578790158,-0.016936444675641482,-0.0030485185222791367
4049.0,161.96,2.0,-15.471722317423493,-25.8031483504189,-15.471722317423493,-25.8031483504189,3.692824647087975,-0.016936444675641482,-0.0030485185222791367
4050.0,162.0,2.0,-15.587506870411772,-25.735893208104876,-15.587506870411772,-25.735893208104876,3.6971063039714998,-0.016936444675641482,-0.0030485185222791367
4051.0,162.04,2.0,-15.702968596669521,-25.66802752370442,-15.702968596669521,-25.66802752370442,3.7013672203750185,-0.016936444675641482,-0.0030485185222791367
4052.0,162.08,2.0,-15.818103174627739,-25.59954942640249,-15.818103174627739,-25.59954942640249,3.705609531055025,-0.016936444675641482,-0.0030485185222791367
4053.0,162.12,2.0,-15.932916879978707,-25.530457058817085,-15.932916879978707,-25.530457058817085,3.7098353396905925,-0.016936444675641482,-0.0030485185222791367
4054.0,162.16,2.0,-16.047408812465413,-25.460748577040057,-16.047408812465413,-25.460748577040057,3.71404673287456,-0.016936444675641482,-0.0030485185222791367
4055.0,162.20000000000002,2.0,-16.161583474478775,-25.390422150677537,-16.161583474478775,-25.390422150677537,3.7182458034715014,-0.016936444675641482,-0.0030485185222791367
4056.0,162.24,2.0,-16.275428902647437,-25.319475962890163,-16.275428902647437,-25.319475962890163,3.7224346217189153,-0.016936444675641482,-0.0030485185222791367
4057.0,162.28,2.0,-16.38894407768101,-25.247908210432914,-16.38894407768101,-25.247908210432914,3.726615168936254,-0.016936444675641482,-0.0030485185222791367
4058.0,162.32,2.0,-16.502139103661484,-25.175717103694705,-16.502139103661484,-25.175717103694705,3.7307895241295674,-0.016936444675641482,-0.0030485185222791367
4059.0,162.36,2.0,-16.61501186301159,-25.102900866737656,-16.61501186301159,-25.102900866737656,3.734959679501055,-0.016936444675641482,-0.0030485185222791367
4060.0,162.4,2.0,-16.727550267494955,-25.029457737336084,-16.727550267494955,-25.029457737336084,3.7391230967997173,-0.016936444675641482,-0.0030485185222791367
4061.0,162.44,2.0,-16.839765777557016,-24.95538596701515,-16.839765777557016,-24.95538596701515,3.743281347209945,-0.016936444675641482,-0.0030485185222791367
4062.0,162.48,2.0,-16.95166981147803,-24.880683821089274,-16.95166981147803,-24.880683821089274,3.747436001916129,-0.016936444675641482,-0.0030485185222791367
4063.0,162.52,2.0,-17.06327374281454,-24.805349578700163,-17.06327374281454,-24.805349578700163,3.7515886321026595,-0.016936444675641482,-0.0030485185222791367
4064.0,162.56,2.0,-17.174588897845254,-24.72938153285459,-17.174588897845254,-24.72938153285459,3.755740808953927,-0.016936444675641482,-0.0030485185222791367
4065.0,162.6,2.0,-17.285573669828597,-24.652777990461875,-17.285573669828597,-24.652777990461875,3.7598974244134418,-0.016936444675641482,-0.0030485185222791367
4066.0,162.64000000000001,2.0,-17.396211582956735,-24.575537272371005,-17.396211582956735,-24.575537272371005,3.7640601310457025,-0.016936444675641482,-0.0030485185222791367
4067.0,162.68,2.0,-17.506461316180562,-24.497657713407506,-17.506461316180562,-24.497657713407506,3.7682384890056646,-0.016936444675641482,-0.0030485185222791367
4068.0,162.72,2.0,-17.616323991074886,-24.419137662409977,-17.616323991074886,-24.419137662409977,3.7724333254792306,-0.016936444675641482,-0.0030485185222791367
4069.0,162.76,2.0,-17.72580148132248,-24.33997548226632,-17.72580148132248,-24.33997548226632,3.7766450050318876,-0.016936444675641482,-0.0030485185222791367
4070.0,162.8,2.0,-17.834886955541226,-24.260169549949662,-17.834886955541226,-24.260169549949662,3.780872099510396,-0.016936444675641482,-0.0030485185222791367
4071.0,162.84,2.0,-17.943556687446534,-24.179734860564082,-17.943556687446534,-24.179734860564082,3.785115552367964,-0.016936444675641482,-0.0030485185222791367
4072.0,162.88,2.0,-18.05178673024103,-24.098673995898512,-18.05178673024103,-24.098673995898512,3.7893757181928516,-0.016936444675641482,-0.0030485185222791367
4073.0,162.92000000000002,2.0,-18.159570038165054,-24.016994895365592,-18.159570038165054,-24.016994895365592,3.7936504509470237,-0.016936444675641482,-0.0030485185222791367
4074.0,162.96,2.0,-18.266906885035187,-23.934705587625086,-18.266906885035187,-23.934705587625086,3.797937621678678,-0.016936444675641482,-0.0030485185222791367
4075.0,163.0,2.0,-18.373800317965053,-23.851814189900278,-18.373800317965053,-23.851814189900278,3.802232541049621,-0.016936444675641482,-0.0030485185222791367
4076.0,163.04,2.0,-18.480266367138878,-23.768411143156385,-18.480266367138878,-23.768411143156385,3.8065338712898007,-0.016936444675641482,-0.0030485185222791367
4077.0,163.08,2.0,-18.586312362728627,-23.684589653199378,-18.586312362728627,-23.684589653199378,3.810840567185419,-0.016936444675641482,-0.0030485185222791367
4078.0,163.12,2.0,-18.69192413587585,-23.6003714526898,-18.69192413587585,-23.6003714526898,3.815150850361656,-0.016936444675641482,-0.0030485185222791367
4079.0,163.16,2.0,-18.797096777571603,-23.515744898195578,-18.797096777571603,-23.515744898195578,3.8194636659011922,-0.016936444675641482,-0.0030485185222791367
4080.0,163.20000000000002,2.0,-18.901833954763784,-23.430733530737367,-18.901833954763784,-23.430733530737367,3.8237980599989014,-0.016936444675641482,-0.0030485185222791367
4081.0,163.24,2.0,-19.00612735569391,-23.345337128838942,-19.00612735569391,-23.345337128838942,3.8281538398517583,-0.016936444675641482,-0.0030485185222791367
4082.0,163.28,2.0,-19.109960757822567,-23.25955325993739,-19.109960757822567,-23.25955325993739,3.8325314600078513,-0.016936444675641482,-0.0030485185222791367
4083.0,163.32,2.0,-19.213340465560414,-23.173392875802588,-19.213340465560414,-23.173392875802588,3.8369306630405466,-0.016936444675641482,-0.0030485185222791367
4084.0,163.36,2.0,-19.316251218434324,-23.08685203056159,-19.316251218434324,-23.08685203056159,3.8413520297130295,-0.016936444675641482,-0.0030485185222791367
4085.0,163.4,2.0,-19.418749308924184,-22.999930410070522,-19.418749308924184,-22.999930410070522,3.8457915437566923,-0.016936444675641482,-0.0030485185222791367
4086.0,163.44,2.0,-19.520844399503744,-22.912616847093318,-19.520844399503744,-22.912616847093318,3.850248859996409,-0.016936444675641482,-0.0030485185222791367
4087.0,163.48,2.0,-19.62257139533623,-22.824896194258756,-19.62257139533623,-22.824896194258756,3.8547305482814944,-0.016936444675641482,-0.0030485185222791367
4088.0,163.52,2.0,-19.723921746685026,-22.736767143346135,-19.723921746685026,-22.736767143346135,3.859235833618011,-0.016936444675641482,-0.0030485185222791367
4089.0,163.56,2.0,-19.82488693626976,-22.64822851879878,-19.82488693626976,-22.64822851879878,3.863763941012018,-0.016936444675641482,-0.0030485185222791367
4090.0,163.6,2.0,-19.925468558973936,-22.559274352268687,-19.925468558973936,-22.559274352268687,3.8683150961324295,-0.016936444675641482,-0.0030485185222791367
4091.0,163.64000000000001,2.0,-20.025674331320005,-22.46989064999375,-20.025674331320005,-22.46989064999375,3.8728873937744615,-0.016936444675641482,-0.0030485185222791367
4092.0,163.68,2.0,-20.125527383224195,-22.38005755102127,-20.125527383224195,-22.38005755102127,3.877479274687213,-0.016936444675641482,-0.0030485185222791367
4093.0,163.72,2.0,-20.225023354163508,-22.28976494400195,-20.225023354163508,-22.28976494400195,3.882091711323498,-0.016936444675641482,-0.0030485185222791367
4094.0,163.76,2.0,-20.32415774587386,-22.199002736512455,-20.32415774587386,-22.199002736512455,3.8867256761361313,-0.016936444675641482,-0.0030485185222791367
4095.0,163.8,2.0,-20.422917888059533,-22.107748239605865,-20.422917888059533,-22.107748239605865,3.8913846956925857,-0.016936444675641482,-0.0030485185222791367
4096.0,163.84,2.0,-20.52129459505873,-22.016022511468325,-20.52129459505873,-22.016022511468325,3.896068967619264,-0.016936444675641482,-0.0030485185222791367
4097.0,163.88,2.0,-20.619276437113903,-21.923808893791264,-20.619276437113903,-21.923808893791264,3.9007784859043655,-0.016936444675641482,-0.0030485185222791367
4098.0,163.92000000000002,2.0,-20.716862358131085,-21.831100334883438,-20.716862358131085,-21.831100334883438,3.905513880010514,-0.016936444675641482,-0.0030485185222791367
4099.0,163.96,2.0,-20.814054259866417,-21.7378961672104,-20.814054259866417,-21.7378961672104,3.91027514274668,-0.016936444675641482,-0.0030485185222791367
4100.0,164.0,2.0,-20.910855432855787,-21.64418086735288,-20.910855432855787,-21.64418086735288,3.9150466962628414,-0.016936444675641482,-0.0030485185222791367
4101.0,164.04,2.0,-21.0072575897769,-21.54995560012814,-21.0072575897769,-21.54995560012814,3.919828092271485,-0.016936444675641482,-0.0030485185222791367
4102.0,164.08,2.0,-21.103260386413364,-21.455223863356714,-21.103260386413364,-21.455223863356714,3.9246182351339822,-0.016936444675641482,-0.0030485185222791367
4103.0,164.12,2.0,-21.19884098452777,-21.359975892233248,-21.19884098452777,-21.359975892233248,3.929416741186431,-0.016936444675641482,-0.0030485185222791367
4104.0,164.16,2.0,-21.293998144298453,-21.264216941089746,-21.293998144298453,-21.264216941089746,3.9342223885751064,-0.016936444675641482,-0.0030485185222791367
4105.0,164.20000000000002,2.0,-21.388711990277397,-21.167946997594772,-21.388711990277397,-21.167946997594772,3.939035231718958,-0.016936444675641482,-0.0030485185222791367
4106.0,164.24,2.0,-21.482984128451225,-21.07117243689525,-21.482984128451225,-21.07117243689525,3.9438548933224653,-0.016936444675641482,-0.0030485185222791367
4107.0,164.28,2.0,-21.57679490413756,-20.97390066879219,-21.57679490413756,-20.97390066879219,3.9486722918195416,-0.016936444675641482,-0.0030485185222791367
4108.0,164.32,2.0,-21.670142325468046,-20.87613393436169,-21.670142325468046,-20.87613393436169,3.9534874272101876,-0.016936444675641482,-0.0030485185222791367
4109.0,164.36,2.0,-21.763024411307292,-20.777874482980177,-21.763024411307292,-20.777874482980177,3.958300299494403,-0.016936444675641482,-0.0030485185222791367
4110.0,164.4,2.0,-21.85543919128893,-20.679124572273565,-21.85543919128893,-20.679124572273565,3.963110908672188,-0.016936444675641482,-0.0030485185222791367
4111.0,164.44,2.0,-21.94738470585135,-20.57988646806614,-21.94738470585135,-20.57988646806614,3.967919254743541,-0.016936444675641482,-0.0030485185222791367
4112.0,164.48,2.0,-22.03885900627329,-20.480162444329387,-22.03885900627329,-20.480162444329387,3.972725337708465,-0.016936444675641482,-0.0030485185222791367
4113.0,164.52,2.0,-22.129860154709142,-20.3799547831306,-22.129860154709142,-20.3799547831306,3.977529157566957,-0.016936444675641482,-0.0030485185222791367
4114.0,164.56,2.0,-22.220386224223983,-20.279265774581347,-22.220386224223983,-20.279265774581347,3.9823307143190187,-0.016936444675641482,-0.0030485185222791367
4115.0,164.6,2.0,-22.310435298828427,-20.17809771678577,-22.310435298828427,-20.17809771678577,3.98713000796465,-0.016936444675641482,-0.0030485185222791367
4116.0,164.64000000000001,2.0,-22.400005473513204,-20.076452915788753,-22.400005473513204,-20.076452915788753,3.99192703850385,-0.016936444675641482,-0.0030485185222791367
4117.0,164.68,2.0,-22.489094854283493,-19.97433368552388,-22.489094854283493,-19.97433368552388,3.996721805936619,-0.016936444675641482,-0.0030485185222791367
4118.0,164.72,2.0,-22.577701558192988,-19.871742347761327,-22.577701558192988,-19.871742347761327,4.001514310262959,-0.016936444675641482,-0.0030485185222791367
4119.0,164.76,2.0,-22.665823713377776,-19.768681232055496,-22.665823713377776,-19.768681232055496,4.006304551482867,-0.016936444675641482,-0.0030485185222791367
4120.0,164.8,2.0,-22.75345945908993,-19.665152675692582,-22.75345945908993,-19.665152675692582,4.011092529596343,-0.016936444675641482,-0.0030485185222791367
4121.0,164.84,2.0,-22.84060694573084,-19.561159023637934,-22.84060694573084,-19.561159023637934,4.01587824460339,-0.016936444675641482,-0.0030485185222791367
4122.0,164.88,2.0,-22.92726433488434,-19.456702628483303,-22.92726433488434,-19.456702628483303,4.020661696504006,-0.016936444675641482,-0.0030485185222791367
4123.0,164.92000000000002,2.0,-23.013429799349556,-19.351785850393917,-23.013429799349556,-19.351785850393917,4.02544288529819,-0.016936444675641482,-0.0030485185222791367
4124.0,164.96,2.0,-23.099101523173495,-19.246411057055415,-23.099101523173495,-19.246411057055415,4.030221810985945,-0.016936444675641482,-0.0030485185222791367
4125.0,165.0,2.0,-23.18427770168345,-19.140580623620647,-23.18427770168345,-19.140580623620647,4.03499847356727,-0.016936444675641482,-0.0030485185222791367
4126.0,165.04,2.0,-23.26895654151904,-19.034296932656304,-23.26895654151904,-19.034296932656304,4.039772873042162,-0.016936444675641482,-0.0030485185222791367
4127.0,165.08,2.0,-23.353136260664133,-18.927562374089433,-23.353136260664133,-18.927562374089433,4.044545009410625,-0.016936444675641482,-0.0030485185222791367
4128.0,165.12,2.0,-23.436715970196364,-18.820379345153764,-23.436715970196364,-18.820379345153764,4.049314882672656,-0.016936444675641482,-0.0030485185222791367
4129.0,165.16,2.0,-23.519638236262864,-18.712750250335965,-23.519638236262864,-18.712750250335965,4.054082492828257,-0.016936444675641482,-0.0030485185222791367
4130.0,165.20000000000002,2.0,-23.601904556408865,-18.60467750132169,-23.601904556408865,-18.60467750132169,4.058847839877427,-0.016936444675641482,-0.0030485185222791367
4131.0,165.24,2.0,-23.683516442567537,-18.496163516941515,-23.683516442567537,-18.496163516941515,4.063610923820166,-0.016936444675641482,-0.0030485185222791367
4132.0,165.28,2.0,-23.76447542102682,-18.387210723116745,-23.76447542102682,-18.387210723116745,4.068371744656475,-0.016936444675641482,-0.0030485185222791367
4133.0,165.32,2.0,-23.844783032395938,-18.27782155280507,-23.844783032395938,-18.27782155280507,4.073130302386353,-0.016936444675641482,-0.0030485185222791367
4134.0,165.36,2.0,-23.924440831571587,-18.167998445946072,-23.924440831571587,-18.167998445946072,4.077886597009799,-0.016936444675641482,-0.0030485185222791367
4135.0,165.4,2.0,-24.003450387703815,-18.057743849406645,-24.003450387703815,-18.057743849406645,4.082640628526817,-0.016936444675641482,-0.0030485185222791367
4136.0,165.44,2.0,-24.081813284161584,-17.947060216926225,-24.081813284161584,-17.947060216926225,4.087392396937402,-0.016936444675641482,-0.0030485185222791367
4137.0,165.48,2.0,-24.159531118498048,-17.835950009061925,-24.159531118498048,-17.835950009061925,4.092141902241557,-0.016936444675641482,-0.0030485185222791367
4138.0,165.52,2.0,-24.236605502415465,-17.724415693133516,-24.236605502415465,-17.724415693133516,4.096889144439282,-0.016936444675641482,-0.0030485185222791367
4139.0,165.56,2.0,-24.313038061729863,-17.6124597431683,-24.313038061729863,-17.6124597431683,4.101634123530575,-0.016936444675641482,-0.0030485185222791367
4140.0,165.6,2.0,-24.388830436335322,-17.500084639845852,-24.388830436335322,-17.500084639845852,4.106376839515438,-0.016936444675641482,-0.0030485185222791367
4141.0,165.64000000000001,2.0,-24.46398428016802,-17.387292870442597,-24.46398428016802,-17.387292870442597,4.111117292393869,-0.016936444675641482,-0.0030485185222791367
4142.0,165.68,2.0,-24.538501261169905,-17.27408692877631,-24.538501261169905,-17.27408692877631,4.1158554821658715,-0.016936444675641482,-0.0030485185222791367
4143.0,165.72,2.0,-24.612383061252125,-17.16046931515048,-24.612383061252125,-17.16046931515048,4.120591408831443,-0.016936444675641482,-0.0030485185222791367
4144.0,165.76,2.0,-24.685631376258073,-17.04644253629852,-24.685631376258073,-17.04644253629852,4.1253250723905825,-0.016936444675641482,-0.0030485185222791367
4145.0,165.8,2.0,-24.75824791592622,-16.93200910532789,-24.75824791592622,-16.93200910532789,4.130056472843291,-0.016936444675641482,-0.0030485185222791367
4146.0,165.84,2.0,-24.83023440385254,-16.817171541664074,-24.83023440385254,-16.817171541664074,4.13478561018957,-0.016936444675641482,-0.0030485185222791367
4147.0,165.88,2.0,-24.9015925774527,-16.701932370994463,-24.9015925774527,-16.701932370994463,4.139512484429417,-0.016936444675641482,-0.0030485185222791367
4148.0,165.92000000000002,2.0,-24.972324187923935,-16.586294125212085,-24.972324187923935,-16.586294125212085,4.1442370955628345,-0.016936444675641482,-0.0030485185222791367
4149.0,165.96,2.0,-25.04243100020661,-16.47025934235925,-25.04243100020661,-16.47025934235925,4.1489594435898205,-0.016936444675641482,-0.0030485185222791367
4150.0,166.0,2.0,-25.111914792945463,-16.35383056657105,-25.111914792945463,-16.35383056657105,4.153679528510376,-0.016936444675641482,-0.0030485185222791367
4151.0,166.04,2.0,-25.180777358450587,-16.237010348018796,-25.180777358450587,-16.237010348018796,4.158397350324502,-0.016936444675641482,-0.0030485185222791367
4152.0,166.08,2.0,-25.249020502658087,-16.119801242853246,-25.249020502658087,-16.119801242853246,4.163112909032196,-0.016936444675641482,-0.0030485185222791367
4153.0,166.12,2.0,-25.316646045090412,-16.002205813147818,-25.316646045090412,-16.002205813147818,4.167826204633459,-0.016936444675641482,-0.0030485185222791367
4154.0,166.16,2.0,-25.383655818816454,-15.884226626841647,-25.383655818816454,-15.884226626841647,4.172537237128291,-0.016936444675641482,-0.0030485185222791367
4155.0,166.20000000000002,2.0,-25.450051670411277,-15.76586625768253,-25.450051670411277,-15.76586625768253,4.177246006516693,-0.016936444675641482,-0.0030485185222791367
4156.0,166.24,2.0,-25.515835459915625,-15.647127285169775,-25.515835459915625,-15.647127285169775,4.181952512798665,-0.016936444675641482,-0.0030485185222791367
4157.0,166.28,2.0,-25.581009060795033,-15.528012294496925,-25.581009060795033,-15.528012294496925,4.186656755974206,-0.016936444675641482,-0.0030485185222791367
4158.0,166.32,2.0,-25.645574359898767,-15.408523876494401,-25.645574359898767,-15.408523876494401,4.191358736043315,-0.01709227583000525,-0.0030485185222791367
4159.0,166.36,2.0,-25.709533257418347,-15.288664627572018,-25.709533257418347,-15.288664627572018,4.196058453005994,-0.017321795494702485,-0.0030485185222791367
4160.0,166.4,2.0,-25.77288766684586,-15.16843714966141,-25.77288766684586,-15.16843714966141,4.200755906862242,-0.01755131515939972,-0.0030485185222791367
4161.0,166.44,2.0,-25.835639514931962,-15.047844050158337,-25.835639514931962,-15.047844050158337,4.205451097612061,-0.017780834824096956,-0.003048357792421763
4162.0,166.48,2.0,-25.89779074164357,-14.926887941864926,-25.89779074164357,-14.926887941864926,4.210144025255448,-0.018010354488794192,-0.0030009278435590633
4163.0,166.52,2.0,-25.959343300121265,-14.805571442931754,-25.959343300121265,-14.805571442931754,4.214834689792403,-0.018239874153491428,-0.002912762715361055
4164.0,166.56,2.0,-26.020299156636426,-14.6838971767999,-26.020299156636426,-14.6838971767999,4.2195230912229285,-0.018469393818188667,-0.0026401355120762365
4165.0,166.6,2.0,-26.08066029054807,-14.561867772142834,-26.08066029054807,-14.561867772142834,4.224209229547024,-0.018698913482885902,-0.0021839369809067296
4166.0,166.64000000000001,2.0,-26.140428694259377,-14.439485862808269,-26.140428694259377,-14.439485862808269,4.228893104764688,-0.018928433147583138,-0.0013811950472804777
4167.0,166.68,2.0,-26.199606373173953,-14.316754087759877,-26.199606373173953,-14.316754087759877,4.233574716875921,-0.019157952812280374,-0.0005219861191600946
4168.0,166.72,2.0,-26.25819534565184,-14.193675091018921,-26.25819534565184,-14.193675091018921,4.2382540658807235,-0.019313783966644137,0.0003936898034544202
4169.0,166.76,2.0,-26.31619764296514,-14.070251521605806,-26.31619764296514,-14.070251521605806,4.2429311517790955,-0.019469146162565076,0.0013658327205630667
4170.0,166.8,2.0,-26.37361530925346,-13.946486033481541,-26.37361530925346,-13.946486033481541,4.247605974571036,-0.019550350889709713,0.002394442632165845
4171.0,166.84,2.0,-26.43045040147904,-13.82238128548908,-26.43045040147904,-13.82238128548908,4.252278534256547,-0.01955739814807805,0.003479519538262754
4172.0,166.88,2.0,-26.48670498938156,-13.697939941294612,-26.48670498938156,-13.697939941294612,4.2569488308356265,-0.01949028793767009,0.004621063438853796
4173.0,166.92000000000002,2.0,-26.542381155432718,-13.573164669328753,-26.542381155432718,-13.573164669328753,4.261616864308276,-0.019349020258485828,0.005819074333938969
4174.0,166.96,2.0,-26.597480994790516,-13.44805814272763,-26.597480994790516,-13.44805814272763,4.266282634674494,-0.01913359511052527,0.0070735522235182745
4175.0,167.0,2.0,-26.652006615253224,-13.322623039273921,-26.652006615253224,-13.322623039273921,4.270946141934282,-0.018844012493788406,0.00838449710759171
4176.0,167.04,1.0,-26.705960137213154,-13.19686204133777,-26.705960137213154,-13.19686204133777,4.275607386087638,-0.018480272408275246,0.009751908986159278
4177.0,167.08,0.0,-26.759343693610038,-13.070777835817651,-26.759343693610038,-13.070777835817651,4.280266367134565,-0.01788654369962202,0.011119320864726846
4178.0,167.12,0.0,-26.812159429884254,-12.944373114081136,-26.812159429884254,-12.944373114081136,4.284923085075059,-0.016692507982390057,0.012486732743294414
4179.0,167.16,0.0,-26.864409503929704,-12.817650571905586,-26.864409503929704,-12.817650571905586,4.289577539909124,-0.015309599523435238,0.01385414462186198
4180.0,167.20000000000002,0.0,-26.91609608604641,-12.690612909418777,-26.91609608604641,-12.690612909418777,4.294229731636759,-0.013737818322757559,0.015221395770572174
4181.0,167.24,1.0,-26.96722135889287,-12.563262831039415,-26.96722135889287,-12.563262831039415,4.298879660257961,-0.012123047221205331,0.01654137770027704
4182.0,167.28,0.0,-27.01778751743816,-12.435603045417626,-27.01778751743816,-12.435603045417626,4.303527325772733,-0.010410378180982104,0.017820624450646604
4183.0,167.32,1.0,-27.0677967689137,-12.307636265375324,-27.0677967689137,-12.307636265375324,4.308172728181075,-0.00869770914075888,0.01891540912592935
4184.0,167.36,2.0,-27.1172513327648,-12.17936520784654,-27.1172513327648,-12.17936520784654,4.312815867482986,-0.006985040100535652,0.019826622473327414
4185.0,167.4,2.0,-27.166153440601956,-12.05079259381766,-27.166153440601956,-12.05079259381766,4.317456743678466,-0.005272371060312427,0.02039129241826873
4186.0,167.44,2.0,-27.21450533615179,-11.921921148267597,-27.21450533615179,-11.921921148267597,4.322095356767516,-0.003559702020089201,0.020661423380030977
4187.0,167.48,2.0,-27.262309275207848,-11.792753600107908,-27.262309275207848,-11.792753600107908,4.326731706750135,-0.0019207214901994449,0.020875087347299096
4188.0,167.52,2.0,-27.30956752558099,-11.663292682122826,-27.30956752558099,-11.663292682122826,4.331365793626323,-0.00028220991875251825,0.02103228432007308
4189.0,167.56,2.0,-27.35628236704967,-11.533541130909228,-27.35628236704967,-11.533541130909228,4.335997617396081,0.0012821441839181089,0.021133014298352938
4190.0,167.6,2.0,-27.402456091309812,-11.403501686816545,-27.402456091309812,-11.403501686816545,4.340627178059407,0.0027723408178124366,0.02117727728213866
4191.0,167.64000000000001,2.0,-27.44809100192454,-11.273177093886616,-27.44809100192454,-11.273177093886616,4.3452544756163025,0.004188379982930464,0.021165073271430253
4192.0,167.68,2.0,-27.49318941427354,-11.142570099793456,-27.49318941427354,-11.142570099793456,4.349879510066768,0.005530261679272192,0.02109640226622771
4193.0,167.72,2.0,-27.537753655502257,-11.011683455782993,-27.537753655502257,-11.011683455782993,4.354502281410802,0.006797985906837622,0.02097126426653104
4194.0,167.76,2.0,-27.581786064470784,-10.88051991661271,-27.581786064470784,-10.88051991661271,4.359122789648406,0.00799155266562675,0.020789659272340236
4195.0,167.8,2.0,-27.625288991702476,-10.749082240491264,-27.625288991702476,-10.749082240491264,4.363741034779579,0.009110961955639582,0.0205515872836553
4196.0,167.84,2.0,-27.668264799332366,-10.61737318901803,-27.668264799332366,-10.61737318901803,4.368357016804321,0.010156213776876111,0.02031351529497037
4197.0,167.88,2.0,-27.71071586105528,-10.485395527122591,-27.71071586105528,-10.485395527122591,4.3729707357226335,0.010674847099867376,0.020075443306285433
4198.0,167.92000000000002,2.0,-27.75264456207371,-10.353152023004176,-27.75264456207371,-10.353152023004176,4.377582191534515,0.011004607681135781,0.019837371317600497
4199.0,167.96,2.0,-27.79405329904542,-10.220645448071048,-27.79405329904542,-10.220645448071048,4.382191384239964,0.011145495520681326,0.019599299328915562
4200.0,168.0,2.0,-27.834944480030845,-10.087878576879827,-27.834944480030845,-10.087878576879827,4.386798313838983,0.011243393459352324,0.019361227340230627
4201.0,168.04,2.0,-27.875320524440184,-9.954854187074789,-27.875320524440184,-9.954854187074789,4.391402980331572,0.011243393459352324,0.01912315535154569
4202.0,168.08,2.0,-27.915183862980285,-9.821575059327088,-27.915183862980285,-9.821575059327088,4.39600538371773,0.011243393459352324,0.018885083362860756
4203.0,168.12,2.0,-27.954536937601254,-9.688043977273948,-27.954536937601254,-9.688043977273948,4.4006055239974575,0.011243393459352324,0.01864701137417582
4204.0,168.16,2.0,-27.993382201442827,-9.554263727457801,-27.993382201442827,-9.554263727457801,4.405203401170754,0.011243393459352324,0.01840893938549089
4205.0,168.20000000000002,2.0,-28.031722118780493,-9.420237099265396,-28.031722118780493,-9.420237099265396,4.409799015237619,0.011243393459352324,0.01840893938549089
4206.0,168.24,2.0,-28.069559164971405,-9.285966884866832,-28.069559164971405,-9.285966884866832,4.414392366198054,0.011243393459352324,0.01840893938549089
4207.0,168.28,2.0,-28.10689582639997,-9.151455879154584,-28.10689582639997,-9.151455879154584,4.418983454052059,0.011243393459352324,0.01840893938549089
4208.0,168.32,2.0,-28.143734600423294,-9.016706879682467,-28.143734600423294,-9.016706879682467,4.423572278799633,0.011243393459352324,0.01840893938549089
4209.0,168.36,2.0,-28.180077995316303,-8.881722686604574,-28.180077995316303,-8.881722686604574,4.4281588404407755,0.011243393459352324,0.01840893938549089
4210.0,168.4,2.0,-28.215928530216665,-8.746506102614163,-28.215928530216665,-8.746506102614163,4.432743138975487,0.011243393459352324,0.01840893938549089
4211.0,168.44,2.0,-28.251288735069465,-8.611059932882508,-28.251288735069465,-8.611059932882508,4.437325174403768,0.011243393459352324,0.01840893938549089
4212.0,168.48,2.0,-28.286161150571658,-8.475386984997739,-28.286161150571658,-8.475386984997739,4.44190494672562,0.011243393459352324,0.01840893938549089
4213.0,168.52,2.0,-28.320548328116246,-8.33949006890361,-28.320548328116246,-8.33949006890361,4.446482455941039,0.011243393459352324,0.01840893938549089
4214.0,168.56,2.0,-28.354452829736267,-8.203371996838266,-28.354452829736267,-8.203371996838266,4.451057702050028,0.011243393459352324,0.01840893938549089
4215.0,168.6,2.0,-28.387877228048517,-8.067035583272963,-28.387877228048517,-8.067035583272963,4.455630685052587,0.011243393459352324,0.01840893938549089
4216.0,168.64000000000001,2.0,-28.420824106197028,-7.93048364485076,-28.420824106197028,-7.93048364485076,4.460201404948716,0.011243393459352324,0.01840893938549089
4217.0,168.68,2.0,-28.453296057796383,-7.793719000325187,-28.453296057796383,-7.793719000325187,4.464769861738412,0.011243393459352324,0.01840893938549089
4218.0,168.72,2.0,-28.485295686874714,-7.656744470498887,-28.485295686874714,-7.656744470498887,4.469336055421679,0.011243393459352324,0.01840893938549089
4219.0,168.76,2.0,-28.516825607816543,-7.519562878162217,-28.516825607816543,-7.519562878162217,4.473899985998514,0.011243393459352324,0.01840893938549089
4220.0,168.8,2.0,-28.547888445305322,-7.382177048031851,-28.547888445305322,-7.382177048031851,4.478461653468919,0.011243393459352324,0.01840893938549089
4221.0,168.84,2.0,-28.578486834265828,-7.244609929799772,-28.578486834265828,-7.244609929799772,4.483008685794006,0.011243393459352324,0.01840893938549089
4222.0,168.88,2.0,-28.60862341980627,-7.106875245351736,-28.60862341980627,-7.106875245351736,4.487540474308466,0.011243393459352324,0.01840893938549089
4223.0,168.92000000000002,2.0,-28.638300857160203,-6.968988724942168,-28.638300857160203,-6.968988724942168,4.492057213070226,0.011243393459352324,0.01840893938549089
4224.0,168.96,2.0,-28.667521811628205,-6.830935784701831,-28.667521811628205,-6.830935784701831,4.496560260262217,0.011243393459352324,0.01840893938549089
4225.0,169.0,2.0,-28.69614372014313,-6.692731595096625,-28.69614372014313,-6.692731595096625,4.501048901676355,0.011243393459352324,0.01840893938549089
4226.0,169.04,2.0,-28.724165146554395,-6.554370386366812,-28.724165146554395,-6.554370386366812,4.50552360421995,0.011243393459352324,0.01840893938549089
4227.0,169.08,2.0,-28.75158530380596,-6.415844984996664,-28.75158530380596,-6.415844984996664,4.5099841274435,0.011243393459352324,0.01840893938549089
4228.0,169.12,2.0,-28.778322340953455,-6.277054142199751,-28.778322340953455,-6.277054142199751,4.5144273900739025,0.011243393459352324,0.01840893938549089
4229.0,169.16,2.0,-28.804380959416417,-6.13801498679334,-28.804380959416417,-6.13801498679334,4.5188534580342345,0.011243393459352324,0.01840893938549089
4230.0,169.20000000000002,2.0,-28.82976588501318,-5.99874463638327,-28.82976588501318,-5.99874463638327,4.523262397247575,0.011243393459352324,0.01840893938549089
4231.0,169.24,2.0,-28.854481868057146,-5.859260197931102,-28.854481868057146,-5.859260197931102,4.527654273637005,0.011243393459352324,0.01840893938549089
4232.0,169.28,2.0,-28.8785336834614,-5.71957876831949,-28.8785336834614,-5.71957876831949,4.5320291531256,0.011243393459352324,0.01840893938549089
4233.0,169.32,2.0,-28.901926130851816,-5.5797174349156755,-28.901926130851816,-5.5797174349156755,4.536387101636441,0.011243393459352324,0.01840893938549089
4234.0,169.36,2.0,-28.924664034688522,-5.439693276133015,-28.924664034688522,-5.439693276133015,4.540728185092606,0.011243393459352324,0.01840893938549089
4235.0,169.4,2.0,-28.946752244395803,-5.299523361990456,-28.946752244395803,-5.299523361990456,4.545052469417175,0.011243393459352324,0.01840893938549089
4236.0,169.44,2.0,-28.968195634500315,-5.159224754669871,-28.968195634500315,-5.159224754669871,4.549360020533225,0.011243393459352324,0.01840893938549089
4237.0,169.48,2.0,-28.98899910477763,-5.018814509071143,-28.98899910477763,-5.018814509071143,4.553650904363836,0.011243393459352324,0.01840893938549089
4238.0,169.52,2.0,-29.00916758040711,-4.878309673364953,-29.00916758040711,-4.878309673364953,4.557925186832087,0.011243393459352324,0.01840893938549089
4239.0,169.56,2.0,-29.02870601213508,-4.73772728954313,-29.02870601213508,-4.73772728954313,4.562182933861056,0.011243393459352324,0.01840893938549089
4240.0,169.6,2.0,-29.047619376446207,-4.597084393966516,-29.047619376446207,-4.597084393966516,4.566424211373822,0.011243393459352324,0.01840893938549089
4241.0,169.64000000000001,2.0,-29.065907297803108,-4.456377894799798,-29.065907297803108,-4.456377894799798,4.570661457332353,0.011243393459352324,0.01840893938549089
4242.0,169.68,2.0,-29.08357077704835,-4.315613925274177,-29.08357077704835,-4.315613925274177,4.574895346325032,0.011243393459352324,0.01840893938549089
4243.0,169.72,2.0,-29.10061047737522,-4.174796607990834,-29.10061047737522,-4.174796607990834,4.579125750217017,0.011243393459352324,0.01840893938549089
4244.0,169.76,2.0,-29.117031546958916,-4.033960377888726,-29.117031546958916,-4.033960377888726,4.5833513767484515,0.011243393459352324,0.01840893938549089
4245.0,169.8,2.0,-29.13268637372058,-3.892787037298731,-29.13268637372058,-3.892787037298731,4.587593279078983,0.011243393459352324,0.01840893938549089
4246.0,169.84,2.0,-29.14756650603138,-3.751291308800077,-29.14756650603138,-3.751291308800077,4.5918500029014035,0.011243393459352324,0.01840893938549089
4247.0,169.88,2.0,-29.161674663167048,-3.609493082941655,-29.161674663167048,-3.609493082941655,4.596120546751473,0.011243393459352324,0.01840893938549089
4248.0,169.92000000000002,2.0,-29.175080091816923,-3.4674695377597033,-29.175080091816923,-3.4674695377597033,4.600406838927243,0.011243393459352324,0.01840893938549089
4249.0,169.96,2.0,-29.187765677590438,-3.3251794131514174,-29.187765677590438,-3.3251794131514174,4.604707660530584,0.011243393459352324,0.01840893938549089
4250.0,170.0,2.0,-29.19971447272197,-3.1825813989030105,-29.19971447272197,-3.1825813989030105,4.609021792663365,0.011243393459352324,0.01840893938549089
4251.0,170.04,2.0,-29.210939461157373,-3.039709018287852,-29.210939461157373,-3.039709018287852,4.613347346842506,0.011243393459352324,0.01840893938549089
4252.0,170.08,2.0,-29.22143547455468,-2.8965572164924716,-29.22143547455468,-2.8965572164924716,4.617682408722843,0.011243393459352324,0.01840893938549089
4253.0,170.12,2.0,-29.231190557544856,-2.753095163827235,-29.231190557544856,-2.753095163827235,4.6220266391755045,0.011243393459352324,0.01840893938549089
4254.0,170.16,2.0,-29.240204285818855,-2.6093249898854207,-29.240204285818855,-2.6093249898854207,4.626390171506905,0.011243393459352324,0.01840893938549089
4255.0,170.20000000000002,2.0,-29.248466684161624,-2.4652274726769408,-29.248466684161624,-2.4652274726769408,4.630773581543089,0.011243393459352324,0.01840893938549089
4256.0,170.24,2.0,-29.25596763547742,-2.3207834626545463,-29.25596763547742,-2.3207834626545463,4.635177445110098,0.011243393459352324,0.01840893938549089
4257.0,170.28,2.0,-29.26269688121443,-2.1759738833655797,-29.26269688121443,-2.1759738833655797,4.639602338033972,0.011243393459352324,0.01840893938549089
4258.0,170.32,2.0,-29.268644021791,-2.030779732101567,-29.268644021791,-2.030779732101567,4.6440488361407555,0.011243393459352324,0.01840893938549089
4259.0,170.36,2.0,-29.273798517023543,-1.8851820805456445,-29.273798517023543,-1.8851820805456445,4.648517515256489,0.011243393459352324,0.01840893938549089
4260.0,170.4,2.0,-29.278149686555967,-1.7391620754178678,-29.278149686555967,-1.7391620754178678,4.653008951207215,0.011243393459352324,0.01840893938549089
4261.0,170.44,2.0,-29.281686710290757,-1.5927009391183815,-29.281686710290757,-1.5927009391183815,4.657523719818975,0.011243393459352324,0.01840893938549089
4262.0,170.48,2.0,-29.284398628821673,-1.44577997036849,-29.284398628821673,-1.44577997036849,4.662062396917812,0.011243393459352324,0.01840893938549089
4263.0,170.52,2.0,-29.286274343867966,-1.298380544849629,-29.286274343867966,-1.298380544849629,4.666625558329767,0.011243393459352324,0.01840893938549089
4264.0,170.56,2.0,-29.287310883557268,-1.1504675118301575,-29.287310883557268,-1.1504675118301575,4.671211273050312,0.011243393459352324,0.01840893938549089
4265.0,170.6,2.0,-29.28765001625933,-1.0023411032411378,-29.28765001625933,-1.0023411032411378,4.675800401657649,0.011243393459352324,0.01840893938549089
4266.0,170.64000000000001,2.0,-29.287299249977686,-0.8539843055790781,-29.287299249977686,-0.8539843055790781,4.680395874999948,0.011243393459352324,0.01840893938549089
4267.0,170.68,2.0,-29.286254012889493,-0.7053763452233249,-29.286254012889493,-0.7053763452233249,4.6850008784392205,0.011243393459352324,0.01840893938549089
4268.0,170.72,2.0,-29.284524010173723,-0.556533242242859,-29.284524010173723,-0.556533242242859,4.6896185083987865,0.011243393459352324,0.01840893938549089
4269.0,170.76,2.0,-29.282106953774928,-0.40748403028267727,-29.282106953774928,-0.40748403028267727,4.694251402630109,0.011243393459352324,0.01840893938549089
4270.0,170.8,2.0,-29.279012757398107,-0.25824236264410116,-29.279012757398107,-0.25824236264410116,4.698901700207782,0.011243393459352324,0.01840893938549089
4271.0,170.84,2.0,-29.275216965455392,-0.1087539650964902,-29.275216965455392,-0.1087539650964902,4.703573603625156,0.011243393459352324,0.01840893938549089
4272.0,170.88,2.0,-29.27072512814936,0.04099122054145891,-29.27072512814936,0.04099122054145891,4.708270329826934,0.011243393459352324,0.01840893938549089
4273.0,170.92000000000002,2.0,-29.26554311943007,0.19099392680151583,-29.26554311943007,0.19099392680151583,4.71297837522021,0.011243393459352324,0.01840893938549089
4274.0,170.96,2.0,-29.25965912119459,0.3412685127713517,-29.25965912119459,0.3412685127713517,4.71768829547993,0.011243393459352324,0.01840893938549089
4275.0,171.0,2.0,-29.253070746566927,0.49180789565786764,-29.253070746566927,0.49180789565786764,4.722400203761417,0.011243393459352324,0.01840893938549089
4276.0,171.04,2.0,-29.245775631450197,0.6426049742560372,-29.245775631450197,0.6426049742560372,4.727114213219991,0.011243393459352324,0.01840893938549089
4277.0,171.08,2.0,-29.237771434680468,0.7936526290467119,-29.237771434680468,0.7936526290467119,4.7318304370109745,0.011243393459352324,0.01840893938549089
4278.0,171.12,2.0,-29.229055838180017,0.9449437222956656,-29.229055838180017,0.9449437222956656,4.736548988289688,0.011243393459352324,0.01840893938549089
4279.0,171.16,2.0,-29.219626547109993,1.0964710981538777,-29.219626547109993,1.0964710981538777,4.741269980211454,0.011243393459352324,0.01840893938549089
4280.0,171.20000000000002,2.0,-29.20948129002241,1.2482275827590428,-29.20948129002241,1.2482275827590428,4.745993525931595,0.011243393459352324,0.01840893938549089
4281.0,171.24,2.0,-29.198617819011584,1.4002059843383123,-29.198617819011584,1.4002059843383123,4.7507197386054285,0.011243393459352324,0.01840893938549089
4282.0,171.28,2.0,-29.187033909864876,1.5523990933122533,-29.187033909864876,1.5523990933122533,4.755448731388279,0.011243393459352324,0.01840893938549089
4283.0,171.32,2.0,-29.174727362212767,1.7047996824000273,-29.174727362212767,1.7047996824000273,4.760180617435469,0.011243393459352324,0.01840893938549089
4284.0,171.36,2.0,-29.161687734831332,1.85738390271568,-29.161687734831332,1.85738390271568,4.76491801673289,0.011243393459352324,0.01840893938549089
4285.0,171.4,2.0,-29.147910578929753,2.010140315357117,-29.147910578929753,2.010140315357117,4.769660484655217,0.011243393459352324,0.01840893938549089
4286.0,171.44,2.0,-29.13338922355183,2.163052120611056,-29.13338922355183,2.163052120611056,4.774406832658625,0.011243393459352324,0.01840893938549089
4287.0,171.48,2.0,-29.118117185221756,2.3161024264742984,-29.118117185221756,2.3161024264742984,4.779155872199283,0.011243393459352324,0.01840893938549089
4288.0,171.52,2.0,-29.102088168418902,2.469274249482863,-29.102088168418902,2.469274249482863,4.783906414733365,0.011243393459352324,0.01840893938549089
4289.0,171.56,2.0,-29.085307608893256,2.6225634608722235,-29.085307608893256,2.6225634608722235,4.788657730388905,0.011243393459352324,0.01840893938549089
4290.0,171.6,2.0,-29.06776847977699,2.7759503909029757,-29.06776847977699,2.7759503909029757,4.793409587970801,0.011243393459352324,0.01840893938549089
4291.0,171.64000000000001,2.0,-29.049468098309845,2.9294221648768866,-29.049468098309845,2.9294221648768866,4.798160362450147,0.011243393459352324,0.01840893938549089
4292.0,171.68,2.0,-29.030391835513576,3.0829714347553185,-29.030391835513576,3.0829714347553185,4.802909440208765,0.011243393459352324,0.01840893938549089
4293.0,171.72,2.0,-29.010531433732524,3.2365742915860936,-29.010531433732524,3.2365742915860936,4.8076713529498,0.011243393459352324,0.01840893938549089
4294.0,171.76,2.0,-28.98988470510537,3.390226047077998,-28.98988470510537,3.390226047077998,4.81244610067325,0.011243393459352324,0.01840893938549089
4295.0,171.8,2.0,-28.968449491009327,3.5439219907968598,-28.968449491009327,3.5439219907968598,4.817233683379117,0.011243393459352324,0.01840893938549089
4296.0,171.84,2.0,-28.946223662240648,3.6976573903534105,-28.946223662240648,3.6976573903534105,4.822034101067399,0.011243393459352324,0.01840893938549089
4297.0,171.88,2.0,-28.923205119193977,3.851427491592514,-28.923205119193977,3.851427491592514,4.8268473537380965,0.011243393459352324,0.01840893938549089
4298.0,171.92000000000002,2.0,-28.899391792040376,4.005227518783734,-28.899391792040376,4.005227518783734,4.831673441391211,0.011243393459352324,0.01840893938549089
4299.0,171.96,2.0,-28.87478164090419,4.159052674813248,-28.87478164090419,4.159052674813248,4.83651236402674,0.011243393459352324,0.01840893938549089
4300.0,172.0,2.0,-28.849372656038526,4.312898141377089,-28.849372656038526,4.312898141377089,4.841364121644686,0.011243393459352324,0.01840893938549089
4301.0,172.04,2.0,-28.823162857999616,4.466759079175718,-28.823162857999616,4.466759079175718,4.846228714245047,0.011243393459352324,0.01840893938549089
4302.0,172.08,2.0,-28.79615029781978,4.620630628109903,-28.79615029781978,4.620630628109903,4.851106141827825,0.011243393459352324,0.01840893938549089
4303.0,172.12,2.0,-28.768333057179095,4.774507907477904,-28.768333057179095,4.774507907477904,4.855996404393017,0.011243393459352324,0.01840893938549089
4304.0,172.16,2.0,-28.739709248575892,4.928386016173972,-28.739709248575892,4.928386016173972,4.860899501940627,0.011243393459352324,0.01840893938549089
4305.0,172.20000000000002,2.0,-28.710277015495787,5.082260032888112,-28.710277015495787,5.082260032888112,4.865815434470651,0.011243393459352324,0.01840893938549089
4306.0,172.24,2.0,-28.680034532579477,5.236125016307145,-28.680034532579477,5.236125016307145,4.870744201983092,0.011243393459352324,0.01840893938549089
4307.0,172.28,2.0,-28.64898000578922,5.389976005317041,-28.64898000578922,5.389976005317041,4.875685804477949,0.011243393459352324,0.01840893938549089
4308.0,172.32,2.0,-28.617111672573905,5.5438080192065,-28.617111672573905,5.5438080192065,4.880640241955221,0.008309670132323203,0.018254370432519713
4309.0,172.36,2.0,-28.584427802032874,5.697616057871803,-28.584427802032874,5.697616057871803,4.885607514414909,0.0029626059510230976,0.017741383074321913
4310.0,172.4,2.0,-28.55092669507828,5.851395102022906,-28.55092669507828,5.851395102022906,4.890587621857014,-0.00479779908454799,0.016869977310897493
4311.0,172.44,2.0,-28.516606684596184,6.005140113390748,-28.516606684596184,6.005140113390748,4.895580564281533,-0.015172648047671716,0.01563406548552302
4312.0,172.48,2.0,-28.481466135606194,6.1588460349358245,-28.481466135606194,6.1588460349358245,4.900586341688469,-0.02817194169794918,0.014033370882007845
4313.0,172.52,2.0,-28.445503445419778,6.312507791057937,-28.445503445419778,6.312507791057937,4.905604954077821,-0.04384793649134062,0.01206630769999105
4314.0,172.56,2.0,-28.40871704379716,6.466120287807183,-28.40871704379716,6.466120287807183,4.9106364014495885,-0.06359437160336077,0.010031782968416848
4315.0,172.6,2.0,-28.37110539310281,6.619678413096126,-28.37110539310281,6.619678413096126,4.915680683803772,-0.0858864569288641,0.0076550273906458
4316.0,172.64000000000001,2.0,-28.332666988459543,6.773177036913164,-28.332666988459543,6.773177036913164,4.920737801140372,-0.1107241924678506,0.004936040966677904
4317.0,172.68,2.0,-28.293400357901202,6.926611011537064,-28.293400357901202,6.926611011537064,4.925807753459387,-0.13810757822032027,0.0018748236965131628
4318.0,172.72,2.0,-28.25330406252387,7.079975171752693,-28.25330406252387,7.079975171752693,4.930890540760818,-0.16803661418627314,-0.001528624419848425
4319.0,172.76,2.0,-28.21237669663574,7.233264335067881,-28.21237669663574,7.233264335067881,4.935986163044665,-0.20051130036570913,-0.00527430338240686
4320.0,172.8,2.0,-28.17061688790542,7.386473301931451,-28.17061688790542,7.386473301931451,4.941094620310928,-0.23553163675862834,-0.009362213191162141
4321.0,172.84,2.0,-28.128122415790923,7.53959685595239,-28.128122415790923,7.53959685595239,4.946215912559607,-0.27309762336503074,-0.013792353846114266
4322.0,172.88,2.0,-28.08494764974076,7.692629764120148,-28.08494764974076,7.692629764120148,4.9513500397907,-0.31320926018491624,-0.018564725347263243
4323.0,172.92000000000002,2.0,-28.041088073040413,7.845566777026054,-28.041088073040413,7.845566777026054,4.956497002004211,-0.3533208970048018,-0.02367932769460906
4324.0,172.96,2.0,-27.996539199995862,7.998402629085859,-27.996539199995862,7.998402629085859,4.961656799200138,-0.39343253382468735,-0.02913616088815173
4325.0,173.0,2.0,-27.95129657613835,8.151132038763365,-27.95129657613835,8.151132038763365,4.966829431378479,-0.43354417064457296,-0.034935224927891244
4326.0,173.04,1.0,-27.90535577842777,8.303749708795149,-27.90535577842777,8.303749708795149,4.972014898539237,-0.4736558074644585,-0.04102949769825196
4327.0,173.08,0.0,-27.858712415454537,8.45625032641638,-27.858712415454537,8.45625032641638,4.977213200682412,-0.5108337209573148,-0.046969201515641504
4328.0,173.12,0.0,-27.811362127640127,8.608628563587699,-27.811362127640127,8.608628563587699,4.982424337808,-0.5455982935959004,-0.052550486927804424
4329.0,173.16,1.0,-27.763300587435996,8.760879077223152,-27.763300587435996,8.760879077223152,4.987648309916007,-0.5779495253802148,-0.057773353934740715
4330.0,173.20000000000002,0.0,-27.714523499521178,8.912996509419198,-27.714523499521178,8.912996509419198,4.992885117006428,-0.6076863132369766,-0.06263171487972696
4331.0,173.24,1.0,-27.665026600998317,9.064975487684732,-27.665026600998317,9.064975487684732,4.998099934355807,-0.6347986564065847,-0.06712529304657251
4332.0,173.28,1.0,-27.61480566158823,9.216810625172158,-27.61480566158823,9.216810625172158,5.003292761964143,-0.6565777114231013,-0.07125250263491643
4333.0,173.32,0.0,-27.563856483822992,9.368496520909465,-27.563856483822992,9.368496520909465,5.008463599831436,-0.6670812893786281,-0.07531225067370295
4334.0,173.36,0.0,-27.5121749032375,9.52002776003334,-27.5121749032375,9.52002776003334,5.013612447957687,-0.6681862781611357,-0.07902976786629262
4335.0,173.4,0.0,-27.45975678855952,9.671398914023246,-27.45975678855952,9.671398914023246,5.018739306342895,-0.6614174678757703,-0.08240505421268544
4336.0,173.44,0.0,-27.406598041898224,9.822604540936515,-27.406598041898224,9.822604540936515,5.02384417498706,-0.6467748585225315,-0.08512211940424082
4337.0,173.48,0.0,-27.35269459893118,9.973639185644407,-27.35269459893118,9.973639185644407,5.0289270538901825,-0.6242584501014193,-0.08718096344095876
4338.0,173.52,0.0,-27.2980424290898,10.124497380069139,-27.2980424290898,10.124497380069139,5.033987943052263,-0.595386393684062,-0.08858181523976531
4339.0,173.56,0.0,-27.242637535743263,10.275173643421875,-27.242637535743263,10.275173643421875,5.0390268424733,-0.5619025254476032,-0.08931886566071669
4340.0,173.6,0.0,-27.186475956380864,10.425662482441655,-27.186475956380864,10.425662482441655,5.044043752153294,-0.5255097622760643,-0.08916266155950985
4341.0,173.64000000000001,0.0,-27.12955376279278,10.575958391635263,-27.12955376279278,10.575958391635263,5.049038672092246,-0.4843804789032247,-0.08834555332941116
4342.0,173.68,0.0,-27.071867061249304,10.72605585351802,-27.071867061249304,10.72605585351802,5.054011602290155,-0.4406970808209707,-0.08686754097042065
4343.0,173.72,0.0,-27.013411992678446,10.875949338855488,-27.013411992678446,10.875949338855488,5.058962542747022,-0.3944595680293023,-0.0847286244825383
4344.0,173.76,0.0,-26.954184732841977,11.025633306906077,-26.954184732841977,11.025633306906077,5.063891493462845,-0.3456679405282194,-0.08192880386576411
4345.0,173.8,0.0,-26.894181492509873,11.175102205664551,-26.894181492509873,11.175102205664551,5.068798454437626,-0.2968763130271366,-0.07851510123567373
4346.0,173.84,0.0,-26.833398517633142,11.324350472106397,-26.833398517633142,11.324350472106397,5.073683425671364,-0.24808468552605364,-0.07478272532288836
4347.0,173.88,0.0,-26.771832089515026,11.47337253243308,-26.771832089515026,11.47337253243308,5.07854640716406,-0.19929305802497077,-0.07073167612740798
4348.0,173.92000000000002,0.0,-26.709478524980618,11.62216280231815,-26.709478524980618,11.62216280231815,5.083387398915713,-0.1505014305238879,-0.06636195364923263
4349.0,173.96,0.0,-26.646334176544773,11.770715687154185,-26.646334176544773,11.770715687154185,5.088206400926323,-0.10170980302280501,-0.06167355788836228
4350.0,174.0,1.0,-26.582395432578487,11.919025582300602,-26.582395432578487,11.919025582300602,5.09300341319589,-0.052918175521722115,-0.05666648884479695
4351.0,174.04,1.0,-26.517658717473537,12.067086873332252,-26.517658717473537,12.067086873332252,5.097778435724416,-0.006783135030616625,-0.05134074651853662
4352.0,174.08,0.0,-26.452120491805516,12.214893936288847,-26.452120491805516,12.214893936288847,5.102531468511898,0.032146868718127504,-0.045717625018213026
4353.0,174.12,0.0,-26.385777252495178,12.362441137925202,-26.385777252495178,12.362441137925202,5.1072625115583365,0.06422393350733595,-0.040094503517889415
4354.0,174.16,0.0,-26.318625532968166,12.509722835962238,-26.318625532968166,12.509722835962238,5.111971564863734,0.08899806637464641,-0.03447138201756581
4355.0,174.20000000000002,0.0,-26.250661903312963,12.656733379338782,-26.250661903312963,12.656733379338782,5.1166586284280875,0.10567001624259106,-0.02916425082588281
4356.0,174.24,1.0,-26.18188297043729,12.803467108464138,-26.18188297043729,12.803467108464138,5.1213237022513995,0.11423978311116985,-0.024173109942840408
4357.0,174.28,0.0,-26.112285378222712,12.949918355471398,-26.112285378222712,12.949918355471398,5.125966786333668,0.11801170279187419,-0.01949773045151254
4358.0,174.32,2.0,-26.041865807677578,13.096081444471514,-26.041865807677578,13.096081444471514,5.130587880674893,0.1197174608669602,-0.015143921491842995
4359.0,174.36,2.0,-25.970620977088288,13.241950691808077,-25.970620977088288,13.241950691808077,5.135186985275077,0.12105997422044905,-0.011341136208134822
4360.0,174.4,2.0,-25.898547642168783,13.38752040631285,-25.898547642168783,13.38752040631285,5.139764100134218,0.12021161758612064,-0.00785702420712164
4361.0,174.44,2.0,-25.825642596208368,13.532784889561986,-25.825642596208368,13.532784889561986,5.144319225252316,0.11680914624237775,-0.004691585488803449
4362.0,174.48,2.0,-25.751902670217806,13.677738436132953,-25.751902670217806,13.677738436132953,5.148852360629371,0.11085256018922043,-0.0018448200531802489
4363.0,174.52,2.0,-25.677324733073654,13.82237533386213,-25.677324733073654,13.82237533386213,5.153363506265383,0.10234185942664864,0.0006832720997479609
4364.0,174.56,2.0,-25.601905691660875,13.966689864103097,-25.601905691660875,13.966689864103097,5.157852662160353,0.09383115866407687,0.00289269096998118
4365.0,174.6,2.0,-25.525642491013706,14.110676301985583,-25.525642491013706,14.110676301985583,5.16231982831428,0.08532045790150508,0.0047834365575194085
4366.0,174.64000000000001,2.0,-25.448532114454768,14.25432891667504,-25.448532114454768,14.25432891667504,5.166765004727164,0.0768097571389333,0.006355508862362647
4367.0,174.68,2.0,-25.370571583732417,14.397641971632886,-25.370571583732417,14.397641971632886,5.171188191399007,0.06829905637636152,0.007608907884510892
4368.0,174.72,2.0,-25.29175795915635,14.540609724877347,-25.29175795915635,14.540609724877347,5.175589388329805,0.059788355613789736,0.008543633623964148
4369.0,174.76,2.0,-25.212088339731398,14.683226429244941,-25.212088339731398,14.683226429244941,5.179968595519561,0.051277654851217956,0.009159686080722415
4370.0,174.8,2.0,-25.131559863289592,14.825486332652542,-25.131559863289592,14.825486332652542,5.184325812968274,0.04276695408864617,0.009457065254785693
4371.0,174.84,2.0,-25.050169706620423,14.967383678360024,-25.050169706620423,14.967383678360024,5.188661040675947,0.03425625332607438,0.009457065254785693
4372.0,174.88,2.0,-24.967915085599262,15.108912705233518,-24.967915085599262,15.108912705233518,5.192974278642574,0.02574555256350261,0.009457065254785693
4373.0,174.92000000000002,2.0,-24.884793255314108,15.250067648009205,-24.884793255314108,15.250067648009205,5.19726552686816,0.019209634868438675,0.009457065254785693
4374.0,174.96,2.0,-24.8008015101904,15.39084273755766,-24.8008015101904,15.39084273755766,5.201534785352703,0.015447751318350432,0.009457065254785693
4375.0,175.0,2.0,-24.71593718411412,15.531232201148764,-24.71593718411412,15.531232201148764,5.205782054096203,0.014459901913237871,0.009457065254785693
4376.0,175.04,2.0,-24.630197650553022,15.671230262717117,-24.630197650553022,15.671230262717117,5.210007333098661,0.014459901913237871,0.009457065254785693
4377.0,175.08,2.0,-24.543580322676096,15.81083114312797,-24.543580322676096,15.81083114312797,5.214210622360075,0.014459901913237871,0.009457065254785693
4378.0,175.12,2.0,-24.456082653471118,15.950029060443685,-24.456082653471118,15.950029060443685,5.218391921880447,0.014459901913237871,0.009457065254785693
4379.0,175.16,2.0,-24.367702135860522,16.08881823019065,-24.367702135860522,16.08881823019065,5.222551231659777,0.014459901913237871,0.009457065254785693
4380.0,175.20000000000002,2.0,-24.278436302815283,16.227192865626705,-24.278436302815283,16.227192865626705,5.2266885516980635,0.014459901913237871,0.009457065254785693
4381.0,175.24,2.0,-24.188282727467044,16.365147178009014,-24.188282727467044,16.365147178009014,5.230803881995307,0.014459901913237871,0.009457065254785693
4382.0,175.28,2.0,-24.097239023218382,16.502675376862403,-24.097239023218382,16.502675376862403,5.234897222551508,0.014459901913237871,0.009457065254785693
4383.0,175.32,2.0,-24.005302843851233,16.639771670248123,-24.005302843851233,16.639771670248123,5.238968573366667,0.014459901913237871,0.009457065254785693
4384.0,175.36,2.0,-23.912471883633412,16.776430265033067,-23.912471883633412,16.776430265033067,5.2430179344407835,0.014459901913237871,0.009457065254785693
4385.0,175.4,2.0,-23.81874387742337,16.91264536715938,-23.81874387742337,16.91264536715938,5.247045305773856,0.014459901913237871,0.009457065254785693
4386.0,175.44,2.0,-23.724116600772994,17.048411181914492,-23.724116600772994,17.048411181914492,5.251050687365886,0.014459901913237871,0.009457065254785693
4387.0,175.48,2.0,-23.628587870028568,17.18372191420152,-23.628587870028568,17.18372191420152,5.255034079216874,0.014459901913237871,0.009457065254785693
4388.0,175.52,2.0,-23.532155542429887,17.318571768810067,-23.532155542429887,17.318571768810067,5.25899548132682,0.014459901913237871,0.009457065254785693
4389.0,175.56,2.0,-23.434817516207456,17.452954950687392,-23.434817516207456,17.452954950687392,5.262934893695722,0.014459901913237871,0.009457065254785693
4390.0,175.6,2.0,-23.336571730677836,17.586865665209906,-23.336571730677836,17.586865665209906,5.266852316323582,0.014459901913237871,0.009457065254785693
4391.0,175.64000000000001,2.0,-23.237416166337066,17.720298118455034,-23.237416166337066,17.720298118455034,5.270747749210399,0.014459901913237871,0.009457065254785693
4392.0,175.68,2.0,-23.137348844952246,17.85324651747339,-23.137348844952246,17.85324651747339,5.274621192356173,0.014459901913237871,0.009457065254785693
4393.0,175.72,2.0,-23.036367829651148,17.985705070561288,-23.036367829651148,17.985705070561288,5.278472645760905,0.014459901913237871,0.009457065254785693
4394.0,175.76,2.0,-22.934471225010032,18.11766798753352,-22.934471225010032,18.11766798753352,5.282302109424593,0.014459901913237871,0.009457065254785693
4395.0,175.8,2.0,-22.831657177139437,18.249129479996466,-22.831657177139437,18.249129479996466,5.28610958334724,0.014459901913237871,0.009457065254785693
4396.0,175.84,2.0,-22.727923873768177,18.380083761621442,-22.727923873768177,18.380083761621442,5.289895067528843,0.014459901913237871,0.009457065254785693
4397.0,175.88,2.0,-22.623269544325346,18.510525048418337,-22.623269544325346,18.510525048418337,5.293658561969405,0.014459901913237871,0.009457065254785693
4398.0,175.92000000000002,2.0,-22.517692460020452,18.64044755900949,-22.517692460020452,18.64044755900949,5.2974000666689225,0.014459901913237871,0.009457065254785693
4399.0,175.96,2.0,-22.4111909339216,18.769845514903817,-22.4111909339216,18.769845514903817,5.301119581627398,0.014459901913237871,0.009457065254785693
4400.0,176.0,2.0,-22.303763321031774,18.89857295524561,-22.303763321031774,18.89857295524561,5.304817106844831,0.014459901913237871,0.009457065254785693
4401.0,176.04,2.0,-22.195408018363196,19.026527787826016,-22.195408018363196,19.026527787826016,5.30849264232122,0.014459901913237871,0.009457065254785693
4402.0,176.08,2.0,-22.08612346500973,19.1537104879677,-22.08612346500973,19.1537104879677,5.312146188056568,0.014459901913237871,0.009457065254785693
4403.0,176.12,2.0,-21.9759081422174,19.280121545308575,-21.9759081422174,19.280121545308575,5.315777744050873,0.014459901913237871,0.009457065254785693
4404.0,176.16,2.0,-21.864760573452898,19.405761463791453,-21.864760573452898,19.405761463791453,5.319387310304134,0.014459901913237871,0.009457065254785693
4405.0,176.20000000000002,2.0,-21.752679324470243,19.530630761653413,-21.752679324470243,19.530630761653413,5.322974886816354,0.014459901913237871,0.009457065254785693
4406.0,176.24,2.0,-21.639663003375393,19.65472997141484,-21.639663003375393,19.65472997141484,5.326540473587531,0.014459901913237871,0.009457065254785693
4407.0,176.28,2.0,-21.52571026068904,19.77805963986819,-21.52571026068904,19.77805963986819,5.330084070617665,0.014459901913237871,0.009457065254785693
4408.0,176.32,2.0,-21.410819789407327,19.900620328066456,-21.410819789407327,19.900620328066456,5.333605677906757,0.014459901913237871,0.009457065254785693
4409.0,176.36,2.0,-21.294990325060716,20.022412611311346,-21.294990325060716,20.022412611311346,5.337105295454805,0.014459901913237871,0.009457065254785693
4410.0,176.4,2.0,-21.178220645770825,20.143437079141158,-21.178220645770825,20.143437079141158,5.3405829232618105,0.014459901913237871,0.009457065254785693
4411.0,176.44,2.0,-21.060509572305374,20.263694335318355,-21.060509572305374,20.263694335318355,5.344038561327774,0.014459901913237871,0.009457065254785693
4412.0,176.48,2.0,-20.941855968131126,20.383184997816866,-20.941855968131126,20.383184997816866,5.347472209652693,0.014459901913237871,0.009457065254785693
4413.0,176.52,2.0,-20.82225873946488,20.501909698809087,-20.82225873946488,20.501909698809087,5.350883868236571,0.014459901913237871,0.009457065254785693
4414.0,176.56,2.0,-20.701716835322514,20.61988920776301,-20.701716835322514,20.61988920776301,5.3542859091182935,0.014459901913237871,0.009457065254785693
4415.0,176.6,2.0,-20.580229247566066,20.737135078708555,-20.580229247566066,20.737135078708555,5.35767894096317,0.014459901913237871,0.009457065254785693
4416.0,176.64000000000001,2.0,-20.457795010948793,20.85366088646008,-20.457795010948793,20.85366088646008,5.361062769713272,0.014459901913237871,0.009457065254785693
4417.0,176.68,2.0,-20.334413203158338,20.96944990417135,-20.334413203158338,20.96944990417135,5.36443603718567,0.014459901913237871,0.009457065254785693
4418.0,176.72,2.0,-20.210228183234108,21.084515171841392,-20.210228183234108,21.084515171841392,5.367799457588449,0.014459901913237871,0.009457065254785693
4419.0,176.76,2.0,-20.08524323626336,21.198848801800498,-20.08524323626336,21.198848801800498,5.371152564014295,0.014459901913237871,0.009457065254785693
4420.0,176.8,2.0,-19.95946105118151,21.312441515226375,-19.95946105118151,21.312441515226375,5.374495596912713,0.014459901913237871,0.009457065254785693
4421.0,176.84,2.0,-19.832965433731026,21.425189970675643,-19.832965433731026,21.425189970675643,5.377831637556808,0.014459901913237871,0.009457065254785693
4422.0,176.88,2.0,-19.705753690183027,21.537109217004193,-19.705753690183027,21.537109217004193,5.381160620023498,0.014459901913237871,0.009457065254785693
4423.0,176.92000000000002,2.0,-19.577823155274015,21.648214304597687,-19.577823155274015,21.648214304597687,5.384482478389704,0.014459901913237871,0.009457065254785693
4424.0,176.96,2.0,-19.449171192079135,21.758520285984158,-19.449171192079135,21.758520285984158,5.387797146732351,0.014459901913237871,0.009457065254785693
4425.0,177.0,2.0,-19.319795191874732,21.868042216444405,-19.319795191874732,21.868042216444405,5.391104559128356,0.014459901913237871,0.009457065254785693
4426.0,177.04,2.0,-19.189692573990378,21.976795154620376,-19.189692573990378,21.976795154620376,5.394404649654643,0.014459901913237871,0.009457065254785693
4427.0,177.08,2.0,-19.058860785650207,22.084794163121167,-19.058860785650207,22.084794163121167,5.397005930027875,0.014459901913237871,0.009457065254785693
4428.0,177.12,2.0,-18.927297301803748,22.192054309126828,-18.927297301803748,22.192054309126828,5.398820697301542,0.014459901913237871,0.009457065254785693
4429.0,177.16,2.0,-18.794999624946165,22.298590664989582,-18.794999624946165,22.298590664989582,5.399848885552563,0.014459901913237871,0.009457065254785693
4430.0,177.20000000000002,2.0,-18.661965284927998,22.40441830883266,-18.661965284927998,22.40441830883266,5.400090428857861,0.014459901913237871,0.009457065254785693
4431.0,177.24,2.0,-18.528191838754374,22.509552325146423,-18.528191838754374,22.509552325146423,5.399545261294357,0.014459901913237871,0.009457065254785693
4432.0,177.28,2.0,-18.39367687037376,22.61400780538187,-18.39367687037376,22.61400780538187,5.398213316938972,0.014459901913237871,0.009457065254785693
4433.0,177.32,2.0,-18.258417990456277,22.7177998485413,-18.258417990456277,22.7177998485413,5.396094529868627,0.014459901913237871,0.009457065254785693
4434.0,177.36,2.0,-18.12241821410161,22.82092343865564,-18.12241821410161,22.82092343865564,5.393176462121357,0.014459901913237871,0.009457065254785693
4435.0,177.4,2.0,-17.985679232382346,22.92338279808942,-17.985679232382346,22.92338279808942,5.388644555001627,0.014459901913237871,0.009457065254785693
4436.0,177.44,2.0,-17.848203126316353,23.025180151886104,-17.848203126316353,23.025180151886104,5.382498936644282,0.014459901913237871,0.009457065254785693
4437.0,177.48,2.0,-17.70998754417651,23.1263480507776,-17.70998754417651,23.1263480507776,5.3747408993091765,0.014459901913237871,0.009457065254785693
4438.0,177.52,2.0,-17.571207902955216,23.226566426279724,-17.571207902955216,23.226566426279724,5.366133811193064,0.014459901913237871,0.009457065254785693
4439.0,177.56,2.0,-17.431892072277474,23.325848143589724,-17.431892072277474,23.325848143589724,5.356677725420675,0.014459901913237871,0.009457065254785693
4440.0,177.6,2.0,-17.292036388349107,23.424211249348318,-17.292036388349107,23.424211249348318,5.346379705116058,0.014459901913237871,0.009457065254785693
4441.0,177.64000000000001,2.0,-17.15157062362552,23.52173109119791,-17.15157062362552,23.52173109119791,5.335537565410712,0.014459901913237871,0.009457065254785693
4442.0,177.68,2.0,-17.010511939185545,23.6183645921963,-17.010511939185545,23.6183645921963,5.3245511640162855,0.014459901913237871,0.009457065254785693
4443.0,177.72,2.0,-16.868894085788714,23.7140686388847,-16.868894085788714,23.7140686388847,5.313410728811691,0.014459901913237871,0.009457065254785693
4444.0,177.76,2.0,-16.72671226369909,23.808874964925383,-16.72671226369909,23.808874964925383,5.302155700066327,0.014459901913237871,0.009457065254785693
4445.0,177.8,2.0,-16.58399255303775,23.90277673956701,-16.58399255303775,23.90277673956701,5.290489777678703,0.014459901913237871,0.009457065254785693
4446.0,177.84,2.0,-16.440767264881192,23.99574137089425,-16.440767264881192,23.99574137089425,5.278431494470875,0.014459901913237871,0.009457065254785693
4447.0,177.88,2.0,-16.297047139841986,24.08776924002556,-16.297047139841986,24.08776924002556,5.266327647988769,0.014459901913237871,0.009457065254785693
4448.0,177.92000000000002,2.0,-16.15283902981343,24.17883939028526,-16.15283902981343,24.17883939028526,5.254176760892066,0.014459901913237871,0.009457065254785693
4449.0,177.96,2.0,-16.008155699809166,24.2689309512678,-16.008155699809166,24.2689309512678,5.2419773558404446,0.014459901913237871,0.009457065254785693
4450.0,178.0,2.0,-15.8630200708746,24.358023139527322,-15.8630200708746,24.358023139527322,5.229727955493587,0.014459901913237871,0.009457065254785693
4451.0,178.04,2.0,-15.717455220219033,24.44609525926464,-15.717455220219033,24.44609525926464,5.217427082511172,0.014459901913237871,0.009457065254785693
4452.0,178.08,2.0,-15.571484379386634,24.53312670301191,-15.571484379386634,24.53312670301191,5.205073259552881,0.014459901913237871,0.009457065254785693
4453.0,178.12,2.0,-15.425130932425466,24.619096952314685,-15.425130932425466,24.619096952314685,5.192668112270755,0.014459901913237871,0.009457065254785693
4454.0,178.16,2.0,-15.278418414054807,24.703985578411725,-15.278418414054807,24.703985578411725,5.180209710144671,0.014459901913237871,0.009457065254785693
4455.0,178.20000000000002,2.0,-15.131370507830729,24.787772242912226,-15.131370507830729,24.787772242912226,5.1676963606085025,0.014459901913237871,0.009457065254785693
4456.0,178.24,2.0,-14.983924887034812,24.870436698470765,-14.983924887034812,24.870436698470765,5.155125985978039,0.014459901913237871,0.009457065254785693
4457.0,178.28,2.0,-14.836100160421088,24.951958789459763,-14.836100160421088,24.951958789459763,5.142497194790322,0.014459901913237871,0.009457065254785693
4458.0,178.32,2.0,-14.68767906561172,25.032641329599226,-14.68767906561172,25.032641329599226,5.129828504367539,0.014459901913237871,0.009457065254785693
4459.0,178.36,2.0,-14.538660077908968,25.1124752447983,-14.538660077908968,25.1124752447983,5.116880748969928,0.014459901913237871,0.009457065254785693
4460.0,178.4,2.0,-14.389074130438706,25.1914477900961,-14.389074130438706,25.1914477900961,5.103216846817529,0.014459901913237871,0.009457065254785693
4461.0,178.44,2.0,-14.238937929783296,25.26958310278488,-14.238937929783296,25.26958310278488,5.088835950204058,0.014459901913237871,0.009457065254785693
4462.0,178.48,2.0,-14.088267618125442,25.346905476282657,-14.088267618125442,25.346905476282657,5.073737191140877,0.014459901913237871,0.009457065254785693
4463.0,178.52,2.0,-13.937063042472253,25.423439362035133,-13.937063042472253,25.423439362035133,5.057916106009201,0.014459901913237871,0.009457065254785693
4464.0,178.56,2.0,-13.785362893155172,25.49913448645949,-13.785362893155172,25.49913448645949,5.041371232333382,0.014459901913237871,0.009457065254785693
4465.0,178.6,2.0,-13.633175271790831,25.57397926305633,-13.633175271790831,25.57397926305633,5.0241007175323436,0.014459901913237871,0.009457065254785693
4466.0,178.64000000000001,2.0,-13.480502338485678,25.647987989732833,-13.480502338485678,25.647987989732833,5.006104970462559,0.014459901913237871,0.009457065254785693
4467.0,178.68,2.0,-13.327368111548049,25.72114211517354,-13.327368111548049,25.72114211517354,4.987394487297697,0.014459901913237871,0.009457065254785693
4468.0,178.72,2.0,-13.173699971362723,25.79344455023247,-13.173699971362723,25.79344455023247,4.967873721373826,0.014459901913237871,0.009457065254785693
4469.0,178.76,2.0,-13.019510502999532,25.864898244428822,-13.019510502999532,25.864898244428822,4.947538025654038,0.014459901913237871,0.009457065254785693
4470.0,178.8,2.0,-12.864797862609782,25.935506185813114,-12.864797862609782,25.935506185813114,4.92638730403815,0.014459901913237871,0.009457065254785693
4471.0,178.84,2.0,-12.709564445943503,26.005271400831603,-12.709564445943503,26.005271400831603,4.904421829864749,0.014459901913237871,0.009457065254785693
4472.0,178.88,2.0,-12.553824990276908,26.07419695418888,-12.553824990276908,26.07419695418888,4.881639169467702,0.014459901913237871,0.009457065254785693
4473.0,178.92000000000002,2.0,-12.397569342795316,26.142285948708814,-12.397569342795316,26.142285948708814,4.858039298207666,0.014459901913237871,0.009457065254785693
4474.0,178.96,2.0,-12.240795509440048,26.209541525193586,-12.240795509440048,26.209541525193586,4.834404602224173,0.014459901913237871,0.009457065254785693
4475.0,179.0,2.0,-12.083507056433108,26.27596686228114,-12.083507056433108,26.27596686228114,4.810735081517221,0.014459901913237871,0.009457065254785693
4476.0,179.04,2.0,-11.925777984529057,26.341565176300776,-11.925777984529057,26.341565176300776,4.78703073608681,0.014459901913237871,0.009457065254785693
4477.0,179.08,2.0,-11.767628203426856,26.40633972112708,-11.767628203426856,26.40633972112708,4.76329156593294,0.014459901913237871,0.009457065254785693
4478.0,179.12,2.0,-11.609124872252705,26.47029378803208,-11.609124872252705,26.47029378803208,4.739517571055613,0.014459901913237871,0.009457065254785693
4479.0,179.16,2.0,-11.45026986728573,26.533430705535725,-11.45026986728573,26.533430705535725,4.715708751454826,0.014459901913237871,0.009457065254785693
4480.0,179.20000000000002,2.0,-11.29105919888039,26.595753839254627,-11.29105919888039,26.595753839254627,4.69186510713058,0.014459901913237871,0.009457065254785693
4481.0,179.24,2.0,-11.131510337696989,26.65726659174909,-11.131510337696989,26.65726659174909,4.667986638082877,0.014459901913237871,0.009457065254785693
4482.0,179.28,2.0,-10.971641909348856,26.71797240236847,-10.971641909348856,26.71797240236847,4.644073344311714,0.014459901913237871,0.009457065254785693
4483.0,179.32,2.0,-10.811448045773622,26.777874747094828,-10.811448045773622,26.777874747094828,4.620125225817093,0.014459901913237871,0.009457065254785693
4484.0,179.36,2.0,-10.65092274961881,26.836977138384892,-10.65092274961881,26.836977138384892,4.596142282599014,0.014459901913237871,0.009457065254785693
4485.0,179.4,2.0,-10.490059894109221,26.895283125010344,-10.490059894109221,26.895283125010344,4.572124514657475,0.014459901913237871,0.009457065254785693
4486.0,179.44,2.0,-10.328853222922978,26.95279629189646,-10.328853222922978,26.95279629189646,4.54807192199248,0.014459901913237871,0.009457065254785693
4487.0,179.48,2.0,-10.167296350076215,27.009520259959043,-10.167296350076215,27.009520259959043,4.523984504604025,0.014459901913237871,0.009457065254785693
4488.0,179.52,2.0,-10.005478238589415,27.065458685939785,-10.005478238589415,27.065458685939785,4.499862262492111,0.014459901913237871,0.009457065254785693
4489.0,179.56,2.0,-9.843396904002317,27.120615262239856,-9.843396904002317,27.120615262239856,4.475705195656738,0.014459901913237871,0.009457065254785693
4490.0,179.6,2.0,-9.681054803930456,27.174993716751978,-9.681054803930456,27.174993716751978,4.451513304097908,0.014459901913237871,0.009457065254785693
4491.0,179.64000000000001,2.0,-9.518450168277731,27.22859781269079,-9.518450168277731,27.22859781269079,4.427286587815618,0.014459901913237871,0.009457065254785693
4492.0,179.68,2.0,-9.355568897997683,27.281431348421638,-9.355568897997683,27.281431348421638,4.403025046809871,0.014459901913237871,0.009457065254785693
4493.0,179.72,2.0,-9.192421797398884,27.33349815728768,-9.192421797398884,27.33349815728768,4.3787286810806645,0.014459901913237871,0.009457065254785693
4494.0,179.76,2.0,-9.02901152598589,27.38480210743549,-9.02901152598589,27.38480210743549,4.354397490627999,0.014459901913237871,0.009457065254785693
4495.0,179.8,2.0,-8.865335197621949,27.435347101638957,-8.865335197621949,27.435347101638957,4.330031475451875,0.014459901913237871,0.009457065254785693
4496.0,179.84,2.0,-8.70140566423926,27.485137077121642,-8.70140566423926,27.485137077121642,4.305630635552294,0.014459901913237871,0.009457065254785693
4497.0,179.88,2.0,-8.537209094528901,27.53399128861376,-8.537209094528901,27.53399128861376,4.281194970929253,0.014459901913237871,0.009457065254785693
4498.0,179.92000000000002,2.0,-8.372744636084201,27.581904966344748,-8.372744636084201,27.581904966344748,4.256724481582753,0.014459901913237871,0.009457065254785693
4499.0,179.96,2.0,-8.208005948821057,27.628882656945898,-8.208005948821057,27.628882656945898,4.232219167512796,0.014459901913237871,0.009457065254785693
4500.0,180.0,2.0,-8.042992452688834,27.674918399354027,-8.042992452688834,27.674918399354027,4.2076790287193795,0.014459901913237871,0.009457065254785693
4501.0,180.04,2.0,-7.8776820016879565,27.720007668751048,-7.8776820016879565,27.720007668751048,4.183104065202505,0.014459901913237871,0.009457065254785693
4502.0,180.08,2.0,-7.7120511894781645,27.764143627247197,-7.7120511894781645,27.764143627247197,4.1584942769621716,0.014459901913237871,0.009457065254785693
4503.0,180.12,2.0,-7.54610099827001,27.807323545897717,-7.54610099827001,27.807323545897717,4.1338496639983795,0.014459901913237871,0.009457065254785693
4504.0,180.16,2.0,-7.379832434709382,27.849544659628197,-7.379832434709382,27.849544659628197,4.10917022631113,0.014459901913237871,0.009457065254785693
4505.0,180.20000000000002,2.0,-7.213246530287584,27.890804167419187,-7.213246530287584,27.890804167419187,4.084455963900419,0.014459901913237871,0.009457065254785693
4506.0,180.24,2.0,-7.046344341750105,27.93109923249411,-7.046344341750105,27.93109923249411,4.059706876766253,0.014459901913237871,0.009457065254785693
4507.0,180.28,2.0,-6.879126951504099,27.97042698251057,-6.879126951504099,27.97042698251057,4.034922964908626,0.014459901913237871,0.009457065254785693
4508.0,180.32,2.0,-6.711600801914896,28.008785569829904,-6.711600801914896,28.008785569829904,4.010104228327542,0.014459901913237871,0.009457065254785693
4509.0,180.36,2.0,-6.543772345922087,28.04617318982397,-6.543772345922087,28.04617318982397,3.9852506670229975,0.014459901913237871,0.009457065254785693
4510.0,180.4,2.0,-6.37564804675168,28.082588080933633,-6.37564804675168,28.082588080933633,3.9603622809949957,0.014459901913237871,0.009457065254785693
4511.0,180.44,2.0,-6.207234377627939,28.11802852472534,-6.207234377627939,28.11802852472534,3.9354390702435347,0.014459901913237871,0.009457065254785693
4512.0,180.48,2.0,-6.038537821484928,28.152492845945762,-6.038537821484928,28.152492845945762,3.910481034768616,0.014459901913237871,0.009457065254785693
4513.0,180.52,2.0,-5.8695648706777845,28.185979412574458,-5.8695648706777845,28.185979412574458,3.8854881745702383,0.014459901913237871,0.009457065254785693
4514.0,180.56,2.0,-5.700322026693714,28.21848663587466,-5.700322026693714,28.21848663587466,3.860460489648402,0.014459901913237871,0.009457065254785693
4515.0,180.6,2.0,-5.530815799862727,28.25001297044211,-5.530815799862727,28.25001297044211,3.835397980003108,0.014459901913237871,0.009457065254785693
4516.0,180.64000000000001,2.0,-5.361052709068156,28.280556914251903,-5.361052709068156,28.280556914251903,3.8103006456343547,0.014459901913237871,0.009457065254785693
4517.0,180.68,2.0,-5.191039281456908,28.31011700870348,-5.191039281456908,28.31011700870348,3.7851684865421427,0.014459901913237871,0.009457065254785693
4518.0,180.72,2.0,-5.020782052149535,28.33869183866361,-5.020782052149535,28.33869183866361,3.7600015027264724,0.014459901913237871,0.009457065254785693
4519.0,180.76,2.0,-4.850287563950074,28.366280032507465,-4.850287563950074,28.366280032507465,3.734799694187344,0.014459901913237871,0.009457065254785693
4520.0,180.8,2.0,-4.6795623670557225,28.39288026215776,-4.6795623670557225,28.39288026215776,3.7095630609247556,0.014459901913237871,0.009457065254785693
4521.0,180.84,2.0,-4.50861301876631,28.41849124312191,-4.50861301876631,28.41849124312191,3.68429160293871,0.014459901913237871,0.009457065254785693
4522.0,180.88,2.0,-4.337446083193627,28.4431117345273,-4.337446083193627,28.4431117345273,3.6589853202292053,0.014459901913237871,0.009457065254785693
4523.0,180.92000000000002,2.0,-4.166068130970593,28.466740539154554,-4.166068130970593,28.466740539154554,3.6336442127962423,0.014459901913237871,0.009457065254785693
4524.0,180.96,2.0,-3.9944857389602864,28.48937650346893,-3.9944857389602864,28.48937650346893,3.608303105363279,0.014459901913237871,0.009457065254785693
4525.0,181.0,2.0,-3.8227054899648554,28.511018517649685,-3.8227054899648554,28.511018517649685,3.582961997930316,0.01647071893211872,0.009408602129142223
4526.0,181.04,2.0,-3.650733972434305,28.53166551561758,-3.650733972434305,28.53166551561758,3.5576208904973528,0.018481535950999575,0.009336813556852263
4527.0,181.08,2.0,-3.478577780175202,28.551316475060382,-3.478577780175202,28.551316475060382,3.5322797830643893,0.020492352969880424,0.009252869550522574
4528.0,181.12,2.0,-3.3062435120592757,28.569970417456453,-3.3062435120592757,28.569970417456453,3.5069386756314262,0.022503169988761274,0.009161671021688873
4529.0,181.16,2.0,-3.1337377717319628,28.58762640809637,-3.1337377717319628,28.58762640809637,3.481597568198463,0.024513987007642127,0.00906321797035116
4530.0,181.20000000000002,2.0,-2.961067167320876,28.604283556102626,-2.961067167320876,28.604283556102626,3.4562564607655,0.026524804026522977,0.00890880613501567
4531.0,181.24,2.0,-2.78823831114424,28.61994101444738,-2.78823831114424,28.61994101444738,3.4309153533325367,0.02853562104540383,0.008725278603671371
4532.0,181.28,2.0,-2.615257819419282,28.634597979968255,-2.615257819419282,28.634597979968255,3.4055742458995737,0.03054643806428468,0.008499785849174865
4533.0,181.32,2.0,-2.44213231197061,28.648253693382177,-2.44213231197061,28.648253693382177,3.3802331384666107,0.03255725508316553,0.008221812967613035
4534.0,181.36,2.0,-2.2688684119385787,28.66090743929732,-2.2688684119385787,28.66090743929732,3.354892031033647,0.034568072102046384,0.00788422973933096
4535.0,181.4,2.0,-2.095472745487659,28.67255854622306,-2.095472745487659,28.67255854622306,3.3295509236006837,0.03613715705911211,0.007482419318081947
4536.0,181.44,2.0,-1.9219519415148294,28.683206386577993,-1.9219519415148294,28.683206386577993,3.3042098161677207,0.035307581328971126,0.006879601721203776
4537.0,181.48,2.0,-1.7483126313579955,28.69285037669608,-1.7483126313579955,28.69285037669608,3.278868708734757,0.03207934491162344,0.006075776948696448
4538.0,181.52,2.0,-1.5745614485044546,28.70148997683073,-1.5745614485044546,28.70148997683073,3.253527601301794,0.026452447807069058,0.005070945000559962
4539.0,181.56,2.0,-1.4007050282994151,28.709124691157044,-1.4007050282994151,28.709124691157044,3.228186493868831,0.01842689001530797,0.0038651058767943196
4540.0,181.6,2.0,-1.2267500076545896,28.715754067772085,-1.2267500076545896,28.715754067772085,3.202845386435868,0.00800267153634018,0.002659266753028676
4541.0,181.64000000000001,2.0,-1.0527030247568656,28.721377698693207,-1.0527030247568656,28.721377698693207,3.1775042790029047,-0.00482020762983431,0.0014534276292630334
4542.0,181.68,2.0,-0.8785707187770753,28.725995219854436,-0.8785707187770753,28.725995219854436,3.1521631715699416,-0.019865890322118728,0.00024758850549739007
4543.0,181.72,1.0,-0.704359729578873,28.72960631110097,-0.704359729578873,28.72960631110097,3.126822064136979,-0.034911573014403154,-0.0009582506182682528
4544.0,181.76,1.0,-0.530076697427733,28.73221069618168,-0.530076697427733,28.73221069618168,3.101480956704015,-0.05196807272556842,-0.002115626616390429
4545.0,181.8,1.0,-0.35572826270008256,28.733808142739708,-0.35572826270008256,28.733808142739708,3.0761398492710526,-0.0690245724367337,-0.003249677167866113
4546.0,181.84,0.0,-0.18132106559258104,28.734398462301133,-0.18132106559258104,28.734398462301133,3.0507987418380895,-0.08608107214789897,-0.0043715722853020665
4547.0,181.88,0.0,-0.00686174583156004,28.73398151026172,-0.00686174583156004,28.73398151026172,3.025457634405126,-0.10313757185906425,-0.005486212880234009
4548.0,181.92000000000002,1.0,0.16764305761736473,28.73255718587171,0.16764305761736473,28.73255718587171,3.000116526972163,-0.12019407157022953,-0.006593598952661939
4549.0,181.96,1.0,0.3421867068394956,28.73012543221871,0.3421867068394956,28.73012543221871,2.9747754195392,-0.13725057128139478,-0.007543358982865609
4550.0,182.0,1.0,0.516762565261057,28.726686236208668,0.516762565261057,28.726686236208668,2.9494343121062365,-0.15430707099256008,-0.008304441394765393
4551.0,182.04,0.0,0.6913639979389877,28.72223962854487,0.6913639979389877,28.72223962854487,2.9240932046732735,-0.17136357070372532,-0.008890839749206864
4552.0,182.08,1.0,0.8659843718505107,28.716785683705087,0.8659843718505107,28.716785683705087,2.8987520972403105,-0.18601662818239886,-0.009279189615133507
4553.0,182.12,1.0,1.0406170561824644,28.710324519916764,1.0406170561824644,28.710324519916764,2.8734109898073474,-0.1983000454442171,-0.009451845868977283
4554.0,182.16,0.0,1.2152554226203862,28.702856299130303,1.2152554226203862,28.702856299130303,2.848069882374384,-0.20691324139222866,-0.009397061444836576
4555.0,182.20000000000002,0.0,1.389892845637334,28.694381226990416,1.389892845637334,28.694381226990416,2.822728774941421,-0.2095661616289533,-0.009025021287182043
4556.0,182.24,0.0,1.5645227027824307,28.68489955280561,1.5645227027824307,28.68489955280561,2.797387667508458,-0.2061551514987103,-0.008192515092364053
4557.0,182.28,0.0,1.7391383749691238,28.674411569515716,1.7391383749691238,28.674411569515716,2.7720465600754944,-0.19703407160385916,-0.006844157363589258
4558.0,182.32,0.0,1.9137332467631452,28.662917613657516,1.9137332467631452,28.662917613657516,2.7467054526425314,-0.1822029219443999,-0.0049799481008576535
4559.0,182.36,0.0,2.0883007066701538,28.650418065328523,2.0883007066701538,28.650418065328523,2.7213643452095684,-0.163029004843102,-0.0028161688902849195
4560.0,182.4,0.0,2.2628341474230598,28.63691334814877,2.2628341474230598,28.63691334814877,2.696023237776605,-0.1414564270545974,-0.00032312924587309734
4561.0,182.44,1.0,2.437326966269005,28.622403929220763,2.437326966269005,28.622403929220763,2.670682130343642,-0.11766104573998289,0.002450636957078313
4562.0,182.48,1.0,2.611772565255995,28.60689031908755,2.611772565255995,28.60689031908755,2.645341022910679,-0.09386566442536835,0.005224403160029724
4563.0,182.52,0.0,2.78616435151917,28.590373071688838,2.78616435151917,28.590373071688838,2.6199999154777154,-0.07007028311075383,0.007998169362981134
4564.0,182.56,0.0,2.960495737566698,28.572852784315252,2.960495737566698,28.572852784315252,2.5946588080447524,-0.0462749017961393,0.010771935565932545
4565.0,182.6,0.0,3.1347601415652764,28.554330097560726,3.1347601415652764,28.554330097560726,2.5693177006117893,-0.02247952048152477,0.013545701768883955
4566.0,182.64000000000001,0.0,3.3089509876252423,28.534805695272986,3.3089509876252423,28.534805695272986,2.543976593178826,0.00131586083308976,0.016319467971835366
4567.0,182.68,0.0,3.4830617060852616,28.514280304502158,3.4830617060852616,28.514280304502158,2.518635485745863,0.02511124214770429,0.019093234174786776
4568.0,182.72,0.0,3.6570857337965985,28.4927546954475,3.6570857337965985,28.4927546954475,2.4932943783128994,0.04890662346231881,0.021765333119511704
4569.0,182.76,0.0,3.831016514406941,28.47022968140226,3.831016514406941,28.47022968140226,2.4679532708799363,0.07007533745242334,0.02427787014194156
4570.0,182.8,0.0,4.00484749864378,28.44670611869666,4.00484749864378,28.44670611869666,2.4426328047657218,0.08861738411801783,0.026657688330065304
4571.0,182.84,0.0,4.178572144597327,28.422184906639046,4.178572144597327,28.422184906639046,2.4173458026567283,0.10212932122661052,0.02869100162418567
4572.0,182.88,0.0,4.352183918002957,28.3966669874551,4.352183918002957,28.3966669874551,2.3920922645529563,0.11064495079383797,0.030367295120389538
4573.0,182.92000000000002,1.0,4.525676292523159,28.370153346225283,4.525676292523159,28.370153346225283,2.366872190454405,0.11330542378456385,0.03167943859902198
4574.0,182.96,1.0,4.699042750028995,28.342645010820384,4.699042750028995,28.342645010820384,2.3416855803610757,0.10977761442669944,0.032674396987215894
4575.0,183.0,0.0,4.872276780881039,28.314143051835156,4.872276780881039,28.314143051835156,2.316532434272967,0.10129199963110018,0.0333355296071498
4576.0,183.04,0.0,5.0453718842098025,28.284648582520248,5.0453718842098025,28.284648582520248,2.29141275219008,0.08824672886016771,0.03360102064104293
4577.0,183.08,1.0,5.218321568195614,28.25416275871214,5.218321568195614,28.25416275871214,2.2663265341124137,0.07156143232553218,0.03341548459210194
4578.0,183.12,0.0,5.391119350347956,28.222686778761346,5.391119350347956,28.222686778761346,2.2412737800399696,0.052932029036264726,0.03279419587081335
4579.0,183.16,0.0,5.56375875778424,28.19022188345874,5.56375875778424,28.19022188345874,2.2162544899727457,0.03430262574699727,0.03172273840166571
4580.0,183.20000000000002,1.0,5.736233327508013,28.15676935596004,5.736233327508013,28.15676935596004,2.191268663910744,0.015673222457729816,0.030219955573960577
4581.0,183.24,1.0,5.9085366066865745,28.1223305217085,5.9085366066865745,28.1223305217085,2.166316301853963,-0.0029561808315376366,0.028566573946237527
4582.0,183.28,1.0,6.080662152927997,28.08690674835576,6.080662152927997,28.08690674835576,2.141397403802403,-0.02158558412080509,0.02679107249907987
4583.0,183.32,1.0,6.2526035345575455,28.05049944568086,6.2526035345575455,28.05049944568086,2.1165119697560653,-0.040214987410072546,0.02489543155662076
4584.0,183.36,1.0,6.424354330893468,28.01311006550751,6.424354330893468,28.01311006550751,2.091659999714948,-0.05884439069933999,0.022882049393513806
4585.0,183.4,1.0,6.595908132522166,27.97474010161946,6.595908132522166,27.97474010161946,2.066841493679052,-0.07747379398860745,0.02086721147816845
4586.0,183.44,1.0,6.767258541572699,27.935391089674123,6.767258541572699,27.935391089674123,2.0420564516483775,-0.09610319727787492,0.018852373562823085
4587.0,183.48,0.0,6.9383991719906595,27.89506460711441,6.9383991719906595,27.89506460711441,2.017304873622924,-0.11398964150253049,0.016837535647477725
4588.0,183.52,0.0,7.109323649811365,27.853762273078747,7.109323649811365,27.853762273078747,1.9925867596026923,-0.12803154804479364,0.014822697732132364
4589.0,183.56,0.0,7.280025613432375,27.811485748309263,7.280025613432375,27.811485748309263,1.967902109587681,-0.13806576773973164,0.012807859816787006
4590.0,183.6,0.0,7.4504987138853105,27.768236735058316,7.4504987138853105,27.768236735058316,1.9432509235778916,-0.14409230058734454,0.01099395843399552
4591.0,183.64000000000001,0.0,7.620736615106984,27.724016976993102,7.620736615106984,27.724016976993102,1.9186332015733234,-0.14611114658763222,0.009380993583757907
4592.0,183.68,0.0,7.7907329942098045,27.67882825909859,7.7907329942098045,27.67882825909859,1.894048943573976,-0.1441223057405948,0.007968965266074171
4593.0,183.72,2.0,7.960481541751458,27.63281259310418,7.960481541751458,27.63281259310418,1.8694981495798504,-0.13812577804623227,0.006757873480944307
4594.0,183.76,2.0,8.129975962003853,27.58606816664613,8.129975962003853,27.58606816664613,1.8449808195909458,-0.12945569507108062,0.005621148602540152
4595.0,183.8,2.0,8.299209973221316,27.53859064455533,8.299209973221316,27.53859064455533,1.8204969536072624,-0.11953736519799722,0.004565220951849118
4596.0,183.84,2.0,8.468177307908036,27.49037572224431,8.468177307908036,27.49037572224431,1.7960465516288004,-0.10929041863861219,0.003645476025664556
4597.0,183.88,2.0,8.636871713084707,27.441419125886846,8.636871713084707,27.441419125886846,1.7716296136555596,-0.09904347207922715,0.0028619138239864674
4598.0,183.92000000000002,2.0,8.805286950554429,27.391716612596266,8.805286950554429,27.391716612596266,1.74724613968754,-0.08879652551984213,0.0021992599363283307
4599.0,183.96,2.0,8.97341679716778,27.341263970602466,8.97341679716778,27.341263970602466,1.7228961297247418,-0.0785495789604571,0.0016872048486881043
4600.0,184.0,2.0,9.141255045087101,27.290057019427618,9.141255045087101,27.290057019427618,1.6985795837671647,-0.06830263240107208,0.0013257485610657879
4601.0,184.04,2.0,9.308795502049959,27.238091610060586,9.308795502049959,27.238091610060586,1.674296501814809,-0.05805568584168705,0.001086412092878091
4602.0,184.08,2.0,9.476031991631773,27.185363625130027,9.476031991631773,27.185363625130027,1.6500468838676745,-0.04780873928230202,0.0009672151199918396
4603.0,184.12,2.0,9.64295835350762,27.131868979076163,9.64295835350762,27.131868979076163,1.6258307299257613,-0.03756179272291699,0.0009657593677534354
4604.0,184.16,2.0,9.809568443713164,27.07760361832123,9.809568443713164,27.07760361832123,1.6016480399890691,-0.027314846163531963,0.0009657593677534354
4605.0,184.20000000000002,2.0,9.975856134904745,27.022563521438606,9.975856134904745,27.022563521438606,1.5774988140575983,-0.01706789960414693,0.0009657593677534354
4606.0,184.24,2.0,10.14181531661859,26.966744699320568,10.14181531661859,26.966744699320568,1.553383052131349,-0.007563912109373788,0.0009657593677534354
4607.0,184.28,2.0,10.307439895529132,26.91014319534473,10.307439895529132,26.91014319534473,1.5293007542103207,0.0007222050275169559,0.0009657593677534354
4608.0,184.32,2.0,10.472723795706436,26.852755085539123,10.472723795706436,26.852755085539123,1.505251920294514,0.007627302641592574,0.0009657593677534354
4609.0,184.36,2.0,10.637660958872727,26.79457647874587,10.637660958872727,26.79457647874587,1.481236550383928,0.013151380732853069,0.0009657593677534354
4610.0,184.4,2.0,10.802245344658,26.735603516783573,10.802245344658,26.735603516783573,1.4572546444785632,0.01729443930129844,0.0009657593677534354
4611.0,184.44,2.0,10.966470930854692,26.675832374608223,10.966470930854692,26.675832374608223,1.4333062025784205,0.020056478346928686,0.0009657593677534354
4612.0,184.48,2.0,11.130331713671422,26.61525926047284,11.130331713671422,26.61525926047284,1.4093912246834983,0.021437497869743805,0.0009657593677534354
4613.0,184.52,2.0,11.293821707985797,26.55388041608561,11.293821707985797,26.55388041608561,1.3855097107937977,0.021437497869743805,0.0009657593677534354
4614.0,184.56,2.0,11.45693494759622,26.49169211676673,11.45693494759622,26.49169211676673,1.3616616609093182,0.021437497869743805,0.0009657593677534354
4615.0,184.6,2.0,11.619665485472769,26.42869067160375,11.619665485472769,26.42869067160375,1.33784707503006,0.021437497869743805,0.0009657593677534354
4616.0,184.64000000000001,2.0,11.782007394007081,26.364872423605608,11.782007394007081,26.364872423605608,1.314065953156023,0.021437497869743805,0.0009657593677534354
4617.0,184.68,2.0,11.943954765261223,26.300233749855163,11.943954765261223,26.300233749855163,1.2903182952872074,0.021437497869743805,0.0009657593677534354
4618.0,184.72,2.0,12.105501711215599,26.23477106166038,12.105501711215599,26.23477106166038,1.266604101423613,0.021437497869743805,0.0009657593677534354
4619.0,184.76,2.0,12.266642364015807,26.168480804703993,12.266642364015807,26.168480804703993,1.24292337156524,0.021437497869743805,0.0009657593677534354
4620.0,184.8,2.0,12.427370876218507,26.10135945919186,12.427370876218507,26.10135945919186,1.2199675280723457,0.021437497869743805,0.0009657593677534354
4621.0,184.84,2.0,12.587681421036239,26.033403539999743,12.587681421036239,26.033403539999743,1.197824207968362,0.021437497869743805,0.0009657593677534354
4622.0,184.88,2.0,12.747568192581182,25.964609596818768,12.747568192581182,25.964609596818768,1.1764934112532888,0.021437497869743805,0.0009657593677534354
4623.0,184.92000000000002,2.0,12.907025406107898,25.894974214299317,12.907025406107898,25.894974214299317,1.1559751379271257,0.021437497869743805,0.0009657593677534354
4624.0,184.96,2.0,13.066047298254986,25.824494012193558,13.066047298254986,25.824494012193558,1.1362693879898729,0.021437497869743805,0.0009657593677534354
4625.0,185.0,2.0,13.224628127285655,25.753165645496445,13.224628127285655,25.753165645496445,1.1173761614415305,0.021437497869743805,0.0009657593677534354
4626.0,185.04,2.0,13.382762173327231,25.68098580458526,13.382762173327231,25.68098580458526,1.0992954582820984,0.021437497869743805,0.0009657593677534354
4627.0,185.08,2.0,13.540443738609587,25.60795121535774,13.540443738609587,25.60795121535774,1.0820272785115765,0.021437497869743805,0.0009657593677534354
4628.0,185.12,2.0,13.697667147702406,25.53405863936861,13.697667147702406,25.53405863936861,1.0663855062371126,0.021437497869743805,0.0009657593677534354
4629.0,185.16,2.0,13.854426747751411,25.45930487396473,13.854426747751411,25.45930487396473,1.0523701414587066,0.021437497869743805,0.0009657593677534354
4630.0,185.20000000000002,2.0,14.010716908713407,25.383686752418686,14.010716908713407,25.383686752418686,1.0399811841763587,0.021437497869743805,0.0009657593677534354
4631.0,185.24,2.0,14.166556979879951,25.307201144060944,14.166556979879951,25.307201144060944,1.0284342130336683,0.021437497869743805,0.0009657593677534354
4632.0,185.28,2.0,14.321957894790781,25.229844954410392,14.321957894790781,25.229844954410392,1.0177306292131123,0.021437497869743805,0.0009657593677534354
4633.0,185.32,2.0,14.476910195933733,25.15161512530351,14.476910195933733,25.15161512530351,1.0078643710548851,0.021437497869743805,0.0009657593677534354
4634.0,185.36,2.0,14.631404361220898,25.072508635021915,14.631404361220898,25.072508635021915,0.9985356951294341,0.021437497869743805,0.0009657593677534354
4635.0,185.4,2.0,14.785431868168127,24.992522498418438,14.785431868168127,24.992522498418438,0.9893459626232407,0.021437497869743805,0.0009657593677534354
4636.0,185.44,2.0,14.939000922957486,24.911653767041656,14.939000922957486,24.911653767041656,0.9803061645555219,0.021437497869743805,0.0009657593677534354
4637.0,185.48,2.0,15.09211108564883,24.82989952925891,15.09211108564883,24.82989952925891,0.9713787491399611,0.021437497869743805,0.0009657593677534354
4638.0,185.52,2.0,15.244774616835238,24.74725691037777,15.244774616835238,24.74725691037777,0.9628619308232119,0.021437497869743805,0.0009657593677534354
4639.0,185.56,2.0,15.39700319430533,24.66372307276597,15.39700319430533,24.66372307276597,0.9547375159120907,0.021437497869743805,0.0009657593677534354
4640.0,185.6,2.0,15.548798430015147,24.579295215969786,15.548798430015147,24.579295215969786,0.9466485735542549,0.021437497869743805,0.0009657593677534354
4641.0,185.64000000000001,2.0,15.700148470171866,24.493970576830858,15.700148470171866,24.493970576830858,0.9385960052639819,0.021437497869743805,0.0009657593677534354
4642.0,185.68,2.0,15.851047206404747,24.407746429601513,15.851047206404747,24.407746429601513,0.9305807125555497,0.021437497869743805,0.0009657593677534354
4643.0,185.72,2.0,16.00149851940809,24.32062008605842,16.00149851940809,24.32062008605842,0.922603596943236,0.021437497869743805,0.0009657593677534354
4644.0,185.76,2.0,16.151506279807478,24.23258889561478,16.151506279807478,24.23258889561478,0.9146655599413183,0.021437497869743805,0.0009657593677534354
4645.0,185.8,2.0,16.301074347067274,24.14365024543089,16.301074347067274,24.14365024543089,0.9067675030640746,0.021437497869743805,0.0009657593677534354
4646.0,185.84,2.0,16.4502065683988,24.053801560523166,16.4502065683988,24.053801560523166,0.898907224833421,0.021437497869743805,0.0009657593677534354
4647.0,185.88,2.0,16.59890677766916,23.963040303871534,16.59890677766916,23.963040303871534,0.8910860799434398,0.021437497869743805,0.0009657593677534354
4648.0,185.92000000000002,2.0,16.747178794310845,23.871363976525323,16.747178794310845,23.871363976525323,0.8833051851342135,0.021437497869743805,0.0009657593677534354
4649.0,185.96,2.0,16.894940264956897,23.778770117707463,16.894940264956897,23.778770117707463,0.8755660422639128,0.021437497869743805,0.0009657593677534354
4650.0,186.0,2.0,17.0421896099367,23.68525630491719,17.0421896099367,23.68525630491719,0.8678694669694512,0.021437497869743805,0.0009657593677534354
4651.0,186.04,2.0,17.188840063958033,23.590820154031068,17.188840063958033,23.590820154031068,0.8602166391310865,0.021437497869743805,0.0009657593677534354
4652.0,186.08,2.0,17.334884069878765,23.495459319402514,17.334884069878765,23.495459319402514,0.8528450953395593,0.021437497869743805,0.0009657593677534354
4653.0,186.12,2.0,17.480334589204006,23.399171493959578,17.480334589204006,23.399171493959578,0.8461900337119675,0.021437497869743805,0.0009657593677534354
4654.0,186.16,2.0,17.625204775191534,23.30195440930126,17.625204775191534,23.30195440930126,0.8402505072304222,0.021437497869743805,0.0009657593677534354
4655.0,186.20000000000002,2.0,17.76950690824583,23.203805835792082,17.76950690824583,23.203805835792082,0.8350255891593902,0.021437497869743805,0.0009657593677534354
4656.0,186.24,2.0,17.913236666421078,23.104723582655176,17.913236666421078,23.104723582655176,0.8305179483934828,0.021437497869743805,0.0009657593677534354
4657.0,186.28,2.0,18.056398499767138,23.004705498063604,18.056398499767138,23.004705498063604,0.8267265830992264,0.021437497869743805,0.0009657593677534354
4658.0,186.32,2.0,18.19898428322359,22.90374946923018,18.19898428322359,22.90374946923018,0.8236508556864919,0.021437497869743805,0.0009657593677534354
4659.0,186.36,2.0,18.340986599498926,22.80185342249561,18.340986599498926,22.80185342249561,0.8212894423438928,0.021437497869743805,0.0009657593677534354
4660.0,186.4,2.0,18.482408221632227,22.69901532341496,18.482408221632227,22.69901532341496,0.8196414043781313,0.021437497869743805,0.0009657593677534354
4661.0,186.44,2.0,18.62316469977173,22.59523317684258,18.62316469977173,22.59523317684258,0.8188022884531427,0.021437497869743805,0.0009657593677534354
4662.0,186.48,2.0,18.762957033341536,22.490505027015303,18.762957033341536,22.490505027015303,0.8187767416058339,0.021437497869743805,0.0009657593677534354
4663.0,186.52,2.0,18.901777678862977,22.384828957634053,18.901777678862977,22.384828957634053,0.819564859936387,0.021437497869743805,0.0009657593677534354
4664.0,186.56,2.0,19.039623352683655,22.278203091943773,19.039623352683655,22.278203091943773,0.8211663701062174,0.021437497869743805,0.0009657593677534354
4665.0,186.6,2.0,19.176503133164363,22.170625592811746,19.176503133164363,22.170625592811746,0.8235837057814551,0.021437497869743805,0.0009657593677534354
4666.0,186.64000000000001,2.0,19.312401229320518,22.062094662804196,19.312401229320518,22.062094662804196,0.8268168916014442,0.021437497869743805,0.0009657593677534354
4667.0,186.68,2.0,19.44731002992666,21.952608544261306,19.44731002992666,21.952608544261306,0.8300835414266545,0.021437497869743805,0.0009657593677534354
4668.0,186.72,2.0,19.581227505297715,21.84216551937053,19.581227505297715,21.84216551937053,0.833383655257086,0.021437497869743805,0.0009657593677534354
4669.0,186.76,2.0,19.714222081796528,21.730763910238263,19.714222081796528,21.730763910238263,0.8367172330927387,0.021437497869743805,0.0009657593677534354
4670.0,186.8,2.0,19.846308116500385,21.61840207895981,19.846308116500385,21.61840207895981,0.8400842749336127,0.021437497869743805,0.0009657593677534354
4671.0,186.84,2.0,19.977547237937483,21.505078427687774,19.977547237937483,21.505078427687774,0.8434847807797079,0.021437497869743805,0.0009657593677534354
4672.0,186.88,2.0,20.107935814065296,21.390791398698635,20.107935814065296,21.390791398698635,0.8469187506310245,0.021437497869743805,0.0009657593677534354
4673.0,186.92000000000002,2.0,20.237464369444623,21.275539474457787,20.237464369444623,21.275539474457787,0.8503861844875625,0.021437497869743805,0.0009657593677534354
4674.0,186.96,2.0,20.366144911720696,21.15932117768284,20.366144911720696,21.15932117768284,0.8538870823493214,0.021437497869743805,0.0009657593677534354
4675.0,187.0,2.0,20.49399062651995,21.04213507140523,20.49399062651995,21.04213507140523,0.8574214442163018,0.021437497869743805,0.0009657593677534354
4676.0,187.04,2.0,20.620990229069786,20.923979759030168,20.620990229069786,20.923979759030168,0.8609892700885033,0.021437497869743805,0.0009657593677534354
4677.0,187.08,2.0,20.74713232883164,20.804853884394902,20.74713232883164,20.804853884394902,0.8645905599659262,0.021437497869743805,0.0009657593677534354
4678.0,187.12,2.0,20.872405429614723,20.684756131825296,20.872405429614723,20.684756131825296,0.8682253138485702,0.021437497869743805,0.0009657593677534354
4679.0,187.16,2.0,20.996797929697358,20.563685226190707,20.996797929697358,20.563685226190707,0.8718935317364357,0.021437497869743805,0.0009657593677534354
4680.0,187.20000000000002,2.0,21.12029812195585,20.441639932957184,21.12029812195585,20.441639932957184,0.8755952136295223,0.021437497869743805,0.0009657593677534354
4681.0,187.24,2.0,21.242989672773923,20.31861905823896,21.242989672773923,20.31861905823896,0.8793303595278302,0.021437497869743805,0.0009657593677534354
4682.0,187.28,2.0,21.36486532579954,20.194621448848245,21.36486532579954,20.194621448848245,0.8830989694313592,0.021437497869743805,0.0009657593677534354
4683.0,187.32,2.0,21.485922291742302,20.06964599234337,21.485922291742302,20.06964599234337,0.8869010433401096,0.021437497869743805,0.0009657593677534354
4684.0,187.36,2.0,21.606153578825687,19.943691617075146,21.606153578825687,19.943691617075146,0.8907365812540812,0.021437497869743805,0.0009657593677534354
4685.0,187.4,2.0,21.725539891786838,19.81675729223158,21.725539891786838,19.81675729223158,0.894605583173274,0.021437497869743805,0.0009657593677534354
4686.0,187.44,2.0,21.844086864419324,19.688842027880895,21.844086864419324,19.688842027880895,0.8985080490976883,0.021437497869743805,0.0009657593677534354
4687.0,187.48,2.0,21.961792011650267,19.559944875012803,21.961792011650267,19.559944875012803,0.9024439790273237,0.021437497869743805,0.0009657593677534354
4688.0,187.52,2.0,22.078647328938036,19.43006492557809,22.078647328938036,19.43006492557809,0.9064133729621803,0.021437497869743805,0.0009657593677534354
4689.0,187.56,2.0,22.194660576216318,19.299201312526506,22.194660576216318,19.299201312526506,0.9104162309022582,0.021437497869743805,0.0009657593677534354
4690.0,187.6,2.0,22.30981285681662,19.16753792660673,22.30981285681662,19.16753792660673,0.9144525528475572,0.021437497869743805,0.0009657593677534354
4691.0,187.64000000000001,2.0,22.424098279842994,19.03508275822744,22.424098279842994,19.03508275822744,0.9185223387980777,0.021437497869743805,0.0009657593677534354
4692.0,187.68,2.0,22.537505493822497,18.90183455640503,22.537505493822497,18.90183455640503,0.9226255887538195,0.021437497869743805,0.0009657593677534354
4693.0,187.72,2.0,22.65002893464501,18.76780265270706,22.65002893464501,18.76780265270706,0.9267623027147822,0.021437497869743805,0.0009657593677534354
4694.0,187.76,2.0,22.761641499808416,18.632995017156524,22.761641499808416,18.632995017156524,0.9309324806809666,0.021437497869743805,0.0009657593677534354
4695.0,187.8,2.0,22.87231485425326,18.497422007389133,22.87231485425326,18.497422007389133,0.9351361226523718,0.021437497869743805,0.0009657593677534354
4696.0,187.84,2.0,22.982045079479356,18.36108994647403,22.982045079479356,18.36108994647403,0.9393732286289986,0.021437497869743805,0.0009657593677534354
4697.0,187.88,2.0,23.090828309654125,18.224005267822463,23.090828309654125,18.224005267822463,0.9436437986108465,0.021437497869743805,0.0009657593677534354
4698.0,187.92000000000002,2.0,23.198660732245177,18.086174514834035,23.198660732245177,18.086174514834035,0.9479478325979156,0.021437497869743805,0.0009657593677534354
4699.0,187.96,2.0,23.305538588650354,17.947604340536408,23.305538588650354,17.947604340536408,0.9522853305902063,0.021437497869743805,0.0009657593677534354
4700.0,188.0,2.0,23.411458174825057,17.80830150721836,23.411458174825057,17.80830150721836,0.956656292587718,0.021437497869743805,0.0009657593677534354
4701.0,188.04,2.0,23.51642117579738,17.66827182598145,23.51642117579738,17.66827182598145,0.9610607185904508,0.021437497869743805,0.0009657593677534354
4702.0,188.08,2.0,23.620429316501422,17.527521138251178,23.620429316501422,17.527521138251178,0.9654986085984051,0.021437497869743805,0.0009657593677534354
4703.0,188.12,2.0,23.723484361705363,17.386055315533287,23.723484361705363,17.386055315533287,0.9699699626115805,0.021437497869743805,0.0009657593677534354
4704.0,188.16,2.0,23.825588115937833,17.243880259168776,23.825588115937833,17.243880259168776,0.9744747806299773,0.021437497869743805,0.0009657593677534354
4705.0,188.20000000000002,2.0,23.926742423412644,17.101001900087706,23.926742423412644,17.101001900087706,0.9790130626535953,0.021437497869743805,0.0009657593677534354
4706.0,188.24,2.0,24.026949167951884,16.95742619856174,24.026949167951884,16.95742619856174,0.9835848086824346,0.021437497869743805,0.0009657593677534354
4707.0,188.28,2.0,24.12621027290732,16.81315914395547,24.12621027290732,16.81315914395547,0.988190018716495,0.021437497869743805,0.0009657593677534354
4708.0,188.32,2.0,24.224527701080174,16.66820675447654,24.224527701080174,16.66820675447654,0.9928286927557769,0.021437497869743805,0.0009657593677534354
4709.0,188.36,2.0,24.321903454639262,16.522575076924543,24.321903454639262,16.522575076924543,0.9975008308002798,0.021437497869743805,0.0009657593677534354
4710.0,188.4,2.0,24.41833957503746,16.37627018643875,24.41833957503746,16.37627018643875,1.002206432850004,0.021437497869743805,0.0009657593677534354
4711.0,188.44,2.0,24.51383814292658,16.229298186244627,24.51383814292658,16.229298186244627,1.0069454989049496,0.021437497869743805,0.0009657593677534354
4712.0,188.48,2.0,24.608401278070538,16.081665207399233,24.608401278070538,16.081665207399233,1.0117180289651164,0.021437497869743805,0.0009657593677534354
4713.0,188.52,2.0,24.702031139256967,15.933377408535378,24.702031139256967,15.933377408535378,1.0165240230305046,0.021437497869743805,0.0009657593677534354
4714.0,188.56,2.0,24.794729924207147,15.784440975604706,24.794729924207147,15.784440975604706,1.0213634811011136,0.021437497869743805,0.0009657593677534354
4715.0,188.6,2.0,24.886499869484336,15.634862121619587,24.886499869484336,15.634862121619587,1.0262364031769444,0.021437497869743805,0.0009657593677534354
4716.0,188.64000000000001,2.0,24.977343250400487,15.484647086393904,24.977343250400487,15.484647086393904,1.031142789257996,0.021437497869743805,0.0009657593677534354
4717.0,188.68,2.0,25.06726238092132,15.333802136282726,25.06726238092132,15.333802136282726,1.0360826393442693,0.021437497869743805,0.0009657593677534354
4718.0,188.72,2.0,25.15625961356981,15.182333563920855,25.15625961356981,15.182333563920855,1.0410559534357637,0.021437497869743805,0.0009657593677534354
4719.0,188.76,2.0,25.244337339328023,15.030247687960278,25.244337339328023,15.030247687960278,1.046062731532479,0.021437497869743805,0.0009657593677534354
4720.0,188.8,2.0,25.331497987537432,14.877550852806557,25.331497987537432,14.877550852806557,1.051102973634416,0.021437497869743805,0.0009657593677534354
4721.0,188.84,2.0,25.417744025797536,14.724249428354115,25.417744025797536,14.724249428354115,1.056176679741574,0.021437497869743805,0.0009657593677534354
4722.0,188.88,2.0,25.50307795986293,14.570349809720488,25.50307795986293,14.570349809720488,1.0612838498539534,0.021437497869743805,0.0009657593677534354
4723.0,188.92000000000002,2.0,25.5875023335388,14.415858416979484,25.5875023335388,14.415858416979484,1.0664244839715538,0.021437497869743805,0.0009657593677534354
4724.0,188.96,2.0,25.67101972857479,14.26078169489335,25.67101972857479,14.26078169489335,1.0715985820943756,0.021437497869743805,0.0009657593677534354
4725.0,189.0,2.0,25.753632764557302,14.105126112643863,25.753632764557302,14.105126112643863,1.076806144222419,0.021437497869743805,0.0009657593677534354
4726.0,189.04,2.0,25.835344098800235,13.948898163562436,25.835344098800235,13.948898163562436,1.0820471703556833,0.021437497869743805,0.0009657593677534354
4727.0,189.08,2.0,25.916156426234124,13.792104364859204,25.916156426234124,13.792104364859204,1.087321660494169,0.021437497869743805,0.0009657593677534354
4728.0,189.12,2.0,25.99607247929373,13.634751257351107,25.99607247929373,13.634751257351107,1.0926296146378758,0.021437497869743805,0.0009657593677534354
4729.0,189.16,2.0,26.07509502780404,13.476845405188993,26.07509502780404,13.476845405188993,1.097971032786804,0.021437497869743805,0.0009657593677534354
4730.0,189.20000000000002,2.0,26.15322687886474,13.318393395583747,26.15322687886474,13.318393395583747,1.1033459149409532,0.021437497869743805,0.0009657593677534354
4731.0,189.24,2.0,26.2304708767331,13.159401838531474,26.2304708767331,13.159401838531474,1.1087542611003238,0.021437497869743805,0.0009657593677534354
4732.0,189.28,2.0,26.306829902705335,12.9998773665377,26.306829902705335,12.9998773665377,1.114196071264916,0.021437497869743805,0.0009657593677534354
4733.0,189.32,2.0,26.382306874996402,12.839826634340652,26.382306874996402,12.839826634340652,1.1196713454347291,0.021437497869743805,0.0009657593677534354
4734.0,189.36,2.0,26.456904748618268,12.679256318633614,26.456904748618268,12.679256318633614,1.1251800836097634,0.021437497869743805,0.0009657593677534354
4735.0,189.4,2.0,26.53062651525664,12.518173117786374,26.53062651525664,12.518173117786374,1.130722285790019,0.021437497869743805,0.0009657593677534354
4736.0,189.44,2.0,26.603475203146154,12.356583751565713,26.603475203146154,12.356583751565713,1.136297951975496,0.021437497869743805,0.0009657593677534354
4737.0,189.48,2.0,26.67545387694407,12.194494960855094,26.67545387694407,12.194494960855094,1.141907082166194,0.021437497869743805,0.0009657593677534354
4738.0,189.52,2.0,26.7465656376024,12.031913507373382,26.7465656376024,12.031913507373382,1.1475496763621136,0.021437497869743805,0.0009657593677534354
4739.0,189.56,2.0,26.816813622238573,11.86884617339274,26.816813622238573,11.86884617339274,1.1532257345632544,0.021437497869743805,0.0009657593677534354
4740.0,189.6,2.0,26.88620100400454,11.70529976145567,26.88620100400454,11.70529976145567,1.1589352567696163,0.021437497869743805,0.0009657593677534354
4741.0,189.64000000000001,2.0,26.954730991954417,11.541281094091177,26.954730991954417,11.541281094091177,1.1646782429811995,0.021437497869743805,0.0009657593677534354
4742.0,189.68,2.0,27.02240683091062,11.376797013530139,27.02240683091062,11.376797013530139,1.1704546931980038,0.021437497869743805,0.0009657593677534354
4743.0,189.72,2.0,27.08923180132848,11.21185438141981,27.08923180132848,11.21185438141981,1.1762646074200296,0.021437497869743805,0.0009657593677534354
4744.0,189.76,2.0,27.155209219159424,11.046460078537566,27.155209219159424,11.046460078537566,1.1821079856472765,0.021437497869743805,0.0009657593677534354
4745.0,189.8,2.0,27.220342435712613,10.8806210045038,27.220342435712613,10.8806210045038,1.187984827879745,0.021437497869743805,0.0009657593677534354
4746.0,189.84,2.0,27.284634837515153,10.71434407749407,27.284634837515153,10.71434407749407,1.1938951341174342,0.021437497869743805,0.0009657593677534354
4747.0,189.88,2.0,27.348089846170815,10.547636233950444,27.348089846170815,10.547636233950444,1.199838904360345,0.021437497869743805,0.0009657593677534354
4748.0,189.92000000000002,2.0,27.410710918217312,10.380504428292115,27.410710918217312,10.380504428292115,1.205816138608477,0.021437497869743805,0.0009657593677534354
4749.0,189.96,2.0,27.47250154498207,10.21295563262523,27.47250154498207,10.21295563262523,1.2118268368618301,0.021437497869743805,0.0009657593677534354
4750.0,190.0,2.0,27.533465252436603,10.044996836452007,27.533465252436603,10.044996836452007,1.2178709991204046,0.021437497869743805,0.0009657593677534354
4751.0,190.04,2.0,27.59360560104942,9.876635046379121,27.59360560104942,9.876635046379121,1.2239486253842007,0.021437497869743805,0.0009657593677534354
4752.0,190.08,2.0,27.652926185637476,9.707877285825363,27.652926185637476,9.707877285825363,1.2300597156532176,0.021437497869743805,0.0009657593677534354
4753.0,190.12,2.0,27.71143063521622,9.538730594728616,27.71143063521622,9.538730594728616,1.2362042699274558,0.021437497869743805,0.0009657593677534354
4754.0,190.16,2.0,27.76912261284821,9.369202029252126,27.76912261284821,9.369202029252126,1.2423822882069153,0.021437497869743805,0.0009657593677534354
4755.0,190.20000000000002,2.0,27.826005815490277,9.199298661490113,27.826005815490277,9.199298661490113,1.2485937704915961,0.021437497869743805,0.0009657593677534354
4756.0,190.24,2.0,27.8820839738393,9.0290275791727,27.8820839738393,9.0290275791727,1.254838716781498,0.021437497869743805,0.0009657593677534354
4757.0,190.28,2.0,27.9373608521766,8.8583958853702,27.9373608521766,8.8583958853702,1.2611171270766213,0.021437497869743805,0.0009657593677534354
4758.0,190.32,2.0,27.991541501356686,8.687410698196757,27.991541501356686,8.687410698196757,1.267429001376966,0.021437497869743805,0.0009657593677534354
4759.0,190.36,2.0,28.044616684830434,8.516079150513367,28.044616684830434,8.516079150513367,1.2737743396825318,0.021437497869743805,0.0009657593677534354
4760.0,190.4,2.0,28.09658418860161,8.34440838963028,28.09658418860161,8.34440838963028,1.2801531419933188,0.021437497869743805,0.0009657593677534354
4761.0,190.44,2.0,28.147441844885513,8.17240557700879,28.147441844885513,8.17240557700879,1.2865654083093272,0.021437497869743805,0.0009657593677534354
4762.0,190.48,2.0,28.197187532199443,8.000077887962455,28.197187532199443,8.000077887962455,1.2930111386305567,0.021437497869743805,0.0009657593677534354
4763.0,190.52,2.0,28.245819175451203,7.827432511357712,28.245819175451203,7.827432511357712,1.299469691638259,0.021437497869743805,0.0009657593677534354
4764.0,190.56,2.0,28.293334746025668,7.654476649313958,28.293334746025668,7.654476649313958,1.3059282446459615,0.021437497869743805,0.0009657593677534354
4765.0,190.6,2.0,28.339732261869443,7.48121751690305,28.339732261869443,7.48121751690305,1.3123867976536638,0.021437497869743805,0.0009657593677534354
4766.0,190.64000000000001,2.0,28.3850097875735,7.307662341848281,28.3850097875735,7.307662341848281,1.3188453506613662,0.021437497869743805,0.0009657593677534354
4767.0,190.68,2.0,28.429165434453978,7.133818364222819,28.429165434453978,7.133818364222819,1.3253039036690686,0.021437497869743805,0.0009657593677534354
4768.0,190.72,2.0,28.472197360630943,6.959692836147641,28.472197360630943,6.959692836147641,1.3317624566767707,0.021437497869743805,0.0009657593677534354
4769.0,190.76,2.0,28.514103771105265,6.785293021488956,28.514103771105265,6.785293021488956,1.338221009684473,0.021437497869743805,0.0009657593677534354
4770.0,190.8,2.0,28.554882917833453,6.610626195555132,28.554882917833453,6.610626195555132,1.3446795626921755,0.021437497869743805,0.0009657593677534354
4771.0,190.84,2.0,28.594533099800618,6.435699644793173,28.594533099800618,6.435699644793173,1.351138115699878,0.021437497869743805,0.0009657593677534354
4772.0,190.88,2.0,28.633052663091444,6.260520666484689,28.633052663091444,6.260520666484689,1.3575966687075802,0.021437497869743805,0.0009657593677534354
4773.0,190.92000000000002,2.0,28.670440000959157,6.08509656844146,28.670440000959157,6.08509656844146,1.3640552217152826,0.021437497869743805,0.0009657593677534354
4774.0,190.96,2.0,28.70669355389258,5.909434668700518,28.70669355389258,5.909434668700518,1.370513774722985,0.021437497869743805,0.0009657593677534354
4775.0,191.0,2.0,28.74181180968117,5.733542295218833,28.74181180968117,5.733542295218833,1.3769723277306873,0.021437497869743805,0.0009657593677534354
4776.0,191.04,2.0,28.775793303478142,5.557426785567574,28.775793303478142,5.557426785567574,1.3834308807383897,0.021437497869743805,0.0009657593677534354
4777.0,191.08,2.0,28.80863661786153,5.3810954866259655,28.80863661786153,5.3810954866259655,1.389889433746092,0.021437497869743805,0.0009657593677534354
4778.0,191.12,2.0,28.840340382893373,5.204555754274761,28.840340382893373,5.204555754274761,1.3963479867537945,0.021437497869743805,0.0009657593677534354
4779.0,191.16,2.0,28.87090327617681,5.027814953089341,28.87090327617681,5.027814953089341,1.4028065397614968,0.021437497869743805,0.0009657593677534354
4780.0,191.20000000000002,2.0,28.90032402291129,4.850880456032443,28.90032402291129,4.850880456032443,1.4092650927691992,0.021437497869743805,0.0009657593677534354
4781.0,191.24,2.0,28.928601395945723,4.673759644146551,28.928601395945723,4.673759644146551,1.4157236457769016,0.021437497869743805,0.0009657593677534354
4782.0,191.28,2.0,28.955734215829693,4.496459906245932,28.955734215829693,4.496459906245932,1.4221821987846037,0.021437497869743805,0.0009657593677534354
4783.0,191.32,2.0,28.98172135086266,4.3189886386083725,28.98172135086266,4.3189886386083725,1.428640751792306,0.021437497869743805,0.0009657593677534354
4784.0,191.36,2.0,29.00656171714114,4.141353244666575,29.00656171714114,4.141353244666575,1.435099304800009,0.021437497869743805,0.0009657593677534354
4785.0,191.4,2.0,29.03025427860396,3.9635611346992787,29.03025427860396,3.9635611346992787,1.4415578578077108,0.021437497869743805,0.0009657593677534354
4786.0,191.44,2.0,29.05279804707545,3.785619725522089,29.05279804707545,3.785619725522089,1.4480164108154137,0.021437497869743805,0.0009657593677534354
4787.0,191.48000000000002,2.0,29.074192082306666,3.607536440178023,29.074192082306666,3.607536440178023,1.4544749638231156,0.021437497869743805,0.0009657593677534354
4788.0,191.52,2.0,29.094435492014636,3.4293187076278095,29.094435492014636,3.4293187076278095,1.4609335168308184,0.021437497869743805,0.0009657593677534354
4789.0,191.56,2.0,29.11352743191955,3.250973962439935,29.11352743191955,3.250973962439935,1.4673920698385203,0.021437497869743805,0.0009657593677534354
4790.0,191.6,2.0,29.131467105779983,3.0725096444804603,29.131467105779983,3.0725096444804603,1.4738506228462227,0.021437497869743805,0.0009657593677534354
4791.0,191.64000000000001,2.0,29.14825376542613,2.8939331986026073,29.14825376542613,2.8939331986026073,1.4803091758539253,0.021437497869743805,0.0009657593677534354
4792.0,191.68,2.0,29.163886710790976,2.7152520743361492,29.163886710790976,2.7152520743361492,1.4867677288616277,0.021437497869743805,0.0009657593677534354
4793.0,191.72,2.0,29.17836528993954,2.536473725576596,29.17836528993954,2.536473725576596,1.49322628186933,0.021437497869743805,0.0009657593677534354
4794.0,191.76,2.0,29.191688899096008,2.3576056102742053,29.191688899096008,2.3576056102742053,1.4996848348770324,0.021437497869743805,0.0009657593677534354
4795.0,191.8,2.0,29.203856982668977,2.178655190122817,29.203856982668977,2.178655190122817,1.5061433878847348,0.021437497869743805,0.0009657593677534354
4796.0,191.84,2.0,29.21486903327459,1.999629930248538,29.21486903327459,1.999629930248538,1.5126019408924372,0.021437497869743805,0.0009657593677534354
4797.0,191.88,2.0,29.224724591757703,1.8205372988982813,29.224724591757703,1.8205372988982813,1.5190604939001395,0.021437497869743805,0.0009657593677534354
4798.0,191.92000000000002,2.0,29.23342324721102,1.641384767128172,29.23342324721102,1.641384767128172,1.525519046907842,0.021437497869743805,0.0009657593677534354
4799.0,191.96,2.0,29.24096463699227,1.462179808491843,29.24096463699227,1.462179808491843,1.5319775999155443,0.021437497869743805,0.0009657593677534354
4800.0,192.0,2.0,29.247348446739274,1.2829298987286184,29.247348446739274,1.2829298987286184,1.5384361529232466,0.021437497869743805,0.0009657593677534354
4801.0,192.04,2.0,29.252574410383083,1.1036425154516136,29.252574410383083,1.1036425154516136,1.544894705930949,0.021437497869743805,0.0009657593677534354
4802.0,192.08,2.0,29.256642310159055,0.9243251378357513,29.256642310159055,0.9243251378357513,1.5513532589386514,0.021437497869743805,0.0009657593677534354
4803.0,192.12,2.0,29.259551976615956,0.7449852463057146,29.259551976615956,0.7449852463057146,1.5578118119463535,0.021437497869743805,0.0009657593677534354
4804.0,192.16,2.0,29.261303288622972,0.5656303222238499,29.261303288622972,0.5656303222238499,1.564270364954056,0.021437497869743805,0.0009657593677534354
4805.0,192.20000000000002,2.0,29.261896173374804,0.38626784757802657,29.261896173374804,0.38626784757802657,1.5707289179617585,0.021437497869743805,0.0009657593677534354
4806.0,192.24,2.0,29.26133060639466,0.20690530466947482,29.26133060639466,0.20690530466947482,1.5771874709694607,0.021437497869743805,0.0009657593677534354
4807.0,192.28,2.0,29.259606611535283,0.027550175800607875,29.259606611535283,0.027550175800607875,1.583646023977163,0.021437497869743805,0.0009657593677534354
4808.0,192.32,2.0,29.256725668303552,-0.151788409237981,29.256725668303552,-0.151788409237981,1.5901043720427461,0.021437497869743805,0.0009657593677534354
4809.0,192.36,2.0,29.252689342494996,-0.33110135317796435,29.252689342494996,-0.33110135317796435,1.5965623102240902,0.021437497869743805,0.0009657593677534354
4810.0,192.4,2.0,29.247499285872337,-0.5103795919608319,29.247499285872337,-0.5103795919608319,1.6030196335790765,0.021437497869743805,0.0009657593677534354
4811.0,192.44,2.0,29.241157235839143,-0.6896140954228268,29.241157235839143,-0.6896140954228268,1.6094761371655848,0.021437497869743805,0.0009657593677534354
4812.0,192.48000000000002,2.0,29.233667218087916,-0.8687934086870907,29.233667218087916,-0.8687934086870907,1.6159313329144416,0.021437497869743805,0.0009657593677534354
4813.0,192.52,2.0,29.22503339426896,-1.047906158241274,29.22503339426896,-1.047906158241274,1.622384732756472,0.021437497869743805,0.0009657593677534354
4814.0,192.56,2.0,29.215260061210955,-1.2269410530955338,29.215260061210955,-1.2269410530955338,1.628835848622503,0.021437497869743805,0.0009657593677534354
4815.0,192.6,2.0,29.20435165013297,-1.4058868859343203,29.20435165013297,-1.4058868859343203,1.6352841924433594,0.021437497869743805,0.0009657593677534354
4816.0,192.64000000000001,2.0,29.192312725847657,-1.5847325342619032,29.192312725847657,-1.5847325342619032,1.6417292761498674,0.021437497869743805,0.0009657593677534354
4817.0,192.68,2.0,29.17914798595585,-1.7634669615415668,29.17914798595585,-1.7634669615415668,1.648170611672853,0.021437497869743805,0.0009657593677534354
4818.0,192.72,2.0,29.16486226003251,-1.942079218328415,29.16486226003251,-1.942079218328415,1.654607710943142,0.021437497869743805,0.0009657593677534354
4819.0,192.76,2.0,29.149460508804157,-2.1205584433957263,29.149460508804157,-2.1205584433957263,1.6610400858915597,0.021437497869743805,0.0009657593677534354
4820.0,192.8,2.0,29.13294782331777,-2.298893864854796,29.13294782331777,-2.298893864854796,1.6674672484489321,0.021437497869743805,0.0009657593677534354
4821.0,192.84,2.0,29.115329424101205,-2.4770748012682042,29.115329424101205,-2.4770748012682042,1.6738887105460858,0.021437497869743805,0.0009657593677534354
4822.0,192.88,2.0,29.096610660315232,-2.6550906627564568,29.096610660315232,-2.6550906627564568,1.6803039841138454,0.021437497869743805,0.0009657593677534354
4823.0,192.92000000000002,2.0,29.07679700889714,-2.832930952097924,29.07679700889714,-2.832930952097924,1.6867125810830377,0.021437497869743805,0.0009657593677534354
4824.0,192.96,2.0,29.055894073696134,-3.010585265822035,29.055894073696134,-3.010585265822035,1.6931140133844884,0.021437497869743805,0.0009657593677534354
4825.0,193.0,2.0,29.033907584600314,-3.188043295295657,29.033907584600314,-3.188043295295657,1.6995077929490232,0.021437497869743805,0.0009657593677534354
4826.0,193.04,2.0,29.01084339665555,-3.3652948278026065,29.01084339665555,-3.3652948278026065,1.7058934317074674,0.021437497869743805,0.0009657593677534354
4827.0,193.08,2.0,28.98670748917615,-3.542329747616225,28.98670748917615,-3.542329747616225,1.7122704415906476,0.021437497869743805,0.0009657593677534354
4828.0,193.12,2.0,28.96150455752175,-3.7191396848641487,28.96150455752175,-3.7191396848641487,1.7186385394715087,0.021437497869743805,0.0009657593677534354
4829.0,193.16,2.0,28.93523938155433,-3.8957163368885763,28.93523938155433,-3.8957163368885763,1.7249974422229957,0.021437497869743805,0.0009657593677534354
4830.0,193.20000000000002,2.0,28.90791682504097,-4.072051468922296,28.90791682504097,-4.072051468922296,1.731346866718054,0.021437497869743805,0.0009657593677534354
4831.0,193.24,2.0,28.879541835051747,-4.2481369147601376,28.879541835051747,-4.2481369147601376,1.737686529829629,0.021437497869743805,0.0009657593677534354
4832.0,193.28,2.0,28.85011723837306,-4.423967036715942,28.85011723837306,-4.423967036715942,1.7440164315577205,0.021437497869743805,0.0009657593677534354
4833.0,193.32,2.0,28.81964589289046,-4.599536220886726,28.81964589289046,-4.599536220886726,1.750336571902329,0.021437497869743805,0.0009657593677534354
4834.0,193.36,2.0,28.788130687409804,-4.774838877329062,28.788130687409804,-4.774838877329062,1.7566469508634537,0.021437497869743805,0.0009657593677534354
4835.0,193.4,2.0,28.75557454147733,-4.949869440234177,28.75557454147733,-4.949869440234177,1.762947568441095,0.021437497869743805,0.0009657593677534354
4836.0,193.44,2.0,28.721980405198746,-5.124622368101783,28.721980405198746,-5.124622368101783,1.7692384246352526,0.021437497869743805,0.0009657593677534354
4837.0,193.48000000000002,2.0,28.68735125905731,-5.299092143912623,28.68735125905731,-5.299092143912623,1.775519519445927,0.021437497869743805,0.0009657593677534354
4838.0,193.52,2.0,28.65169011373088,-5.473273275299721,28.65169011373088,-5.473273275299721,1.7817908528731181,0.021437497869743805,0.0009657593677534354
4839.0,193.56,2.0,28.615000009908023,-5.647160294718336,28.615000009908023,-5.647160294718336,1.7880524249168257,0.021437497869743805,0.0009657593677534354
4840.0,193.6,2.0,28.57728401810311,-5.8207477596146315,28.57728401810311,-5.8207477596146315,1.7943042355770498,0.021437497869743805,0.0009657593677534354
4841.0,193.64000000000001,2.0,28.538545238470444,-5.9940302525930145,28.538545238470444,-5.9940302525930145,1.80054628485379,0.021437497869743805,0.0009657593677534354
4842.0,193.68,2.0,28.49878680061742,-6.167002381582177,28.49878680061742,-6.167002381582177,1.8067785727470473,0.021437497869743805,0.0009657593677534354
4843.0,193.72,2.0,28.45801186341674,-6.339658779999811,28.45801186341674,-6.339658779999811,1.8130010992568213,0.021437497869743805,0.0009657593677534354
4844.0,193.76,2.0,28.416223614817678,-6.5119941069160125,28.416223614817678,-6.5119941069160125,1.8192138643831117,0.021437497869743805,0.0009657593677534354
4845.0,193.8,2.0,28.373425271656426,-6.68400304721533,28.373425271656426,-6.68400304721533,1.8254168681259184,0.021437497869743805,0.0009657593677534354
4846.0,193.84,2.0,28.329620079465464,-6.855680311757509,28.329620079465464,-6.855680311757509,1.8316101104852418,0.021437497869743805,0.0009657593677534354
4847.0,193.88,2.0,28.284811312282066,-7.027020637536874,28.284811312282066,-7.027020637536874,1.8377935914610821,0.021437497869743805,0.0009657593677534354
4848.0,193.92000000000002,2.0,28.23900227245588,-7.198018787840368,28.23900227245588,-7.198018787840368,1.8439673110534387,0.021437497869743805,0.0009657593677534354
4849.0,193.96,2.0,28.192196290455588,-7.368669552404253,28.192196290455588,-7.368669552404253,1.850131269262312,0.021437497869743805,0.0009657593677534354
4850.0,194.0,2.0,28.14439672467468,-7.538967747569435,28.14439672467468,-7.538967747569435,1.8562854660877015,0.021437497869743805,0.0009657593677534354
4851.0,194.04,2.0,28.095606961236392,-7.7089082164354465,28.095606961236392,-7.7089082164354465,1.8624299015296075,0.021437497869743805,0.0009657593677534354
4852.0,194.08,2.0,28.04583041379771,-7.8784858290130435,28.04583041379771,-7.8784858290130435,1.8685645755880305,0.021437497869743805,0.0009657593677534354
4853.0,194.12,2.0,27.99507052335254,-8.047695482375447,27.99507052335254,-8.047695482375447,1.8746894882629699,0.021437497869743805,0.0009657593677534354
4854.0,194.16,2.0,27.943330758034026,-8.216532100808198,27.943330758034026,-8.216532100808198,1.8808046395544258,0.021437497869743805,0.0009657593677534354
4855.0,194.20000000000002,2.0,27.89091437527191,-8.38499063595763,27.89091437527191,-8.38499063595763,1.8869100294623984,0.021437497869743805,0.0009657593677534354
4856.0,194.24,2.0,27.837818780684145,-8.553066066977962,27.837818780684145,-8.553066066977962,1.8930056579868875,0.021437497869743805,0.0009657593677534354
4857.0,194.28,2.0,27.78404139418045,-8.720753400676996,27.78404139418045,-8.720753400676996,1.899091525127893,0.021437497869743805,0.0009657593677534354
4858.0,194.32,2.0,27.729579650017023,-8.888047671660416,27.729579650017023,-8.888047671660416,1.9051676308854153,0.021437497869743805,0.0009657593677534354
4859.0,194.36,2.0,27.674430996850873,-9.054943942474685,27.674430996850873,-9.054943942474685,1.911233975259454,0.021437497869743805,0.0009657593677534354
4860.0,194.4,2.0,27.618592897793892,-9.221437303748544,27.618592897793892,-9.221437303748544,1.9172905582500095,0.021437497869743805,0.0009657593677534354
4861.0,194.44,2.0,27.562062830466612,-9.387522874333097,27.562062830466612,-9.387522874333097,1.9233373798570812,0.021437497869743805,0.0009657593677534354
4862.0,194.48000000000002,2.0,27.504838287051623,-9.553195801440475,27.504838287051623,-9.553195801440475,1.9293744400806698,0.021437497869743805,0.0009657593677534354
4863.0,194.52,2.0,27.44691677434672,-9.718451260781093,27.44691677434672,-9.718451260781093,1.9354017389207747,0.021437497869743805,0.0009657593677534354
4864.0,194.56,2.0,27.388295813817734,-9.88328445669947,27.388295813817734,-9.88328445669947,1.9414192763773963,0.021437497869743805,0.0009657593677534354
4865.0,194.6,2.0,27.328972941651013,-10.047690622308638,27.328972941651013,-10.047690622308638,1.9474270524505346,0.021437497869743805,0.0009657593677534354
4866.0,194.64000000000001,2.0,27.268945708805635,-10.2116650196231,27.268945708805635,-10.2116650196231,1.953425067140189,0.021437497869743805,0.0009657593677534354
4867.0,194.68,2.0,27.20821168106527,-10.375202939690366,27.20821168106527,-10.375202939690366,1.9594133204463602,0.021437497869743805,0.0009657593677534354
4868.0,194.72,2.0,27.146768439089755,-10.53829970272104,27.146768439089755,-10.53829970272104,1.9653918123690481,0.021437497869743805,0.0009657593677534354
4869.0,194.76,2.0,27.084613578466325,-10.700950658217478,27.084613578466325,-10.700950658217478,1.9713605429082524,0.021437497869743805,0.0009657593677534354
4870.0,194.8,2.0,27.021744709760558,-10.863151185100968,27.021744709760558,-10.863151185100968,1.9773195120639735,0.021437497869743805,0.0009657593677534354
4871.0,194.84,2.0,26.958159458566968,-11.024896691837492,26.958159458566968,-11.024896691837492,1.983268719836211,0.021437497869743805,0.0009657593677534354
4872.0,194.88,2.0,26.893855465559287,-11.18618261656201,26.893855465559287,-11.18618261656201,1.9892081662249652,0.021437497869743805,0.0009657593677534354
4873.0,194.92000000000002,2.0,26.828830386540435,-11.347004427201295,26.828830386540435,-11.347004427201295,1.9951378512302353,0.021437497869743805,0.0009657593677534354
4874.0,194.96,2.0,26.763081892492178,-11.507357621595293,26.763081892492178,-11.507357621595293,2.001057774852023,0.021437497869743805,0.0009657593677534354
4875.0,195.0,2.0,26.696607669624424,-11.667237727617026,26.696607669624424,-11.667237727617026,2.0069679370903266,0.021437497869743805,0.0009657593677534354
4876.0,195.04,2.0,26.62940541942421,-11.82664030329102,26.62940541942421,-11.82664030329102,2.012868337945147,0.021437497869743805,0.0009657593677534354
4877.0,195.08,2.0,26.56147285870441,-11.985560936910263,26.56147285870441,-11.985560936910263,2.018758977416484,0.021437497869743805,0.0009657593677534354
4878.0,195.12,2.0,26.492807719652035,-12.143995247151684,26.492807719652035,-12.143995247151684,2.0246398555043372,0.021437497869743805,0.0009657593677534354
4879.0,195.16,2.0,26.423407749876258,-12.301938883190141,26.423407749876258,-12.301938883190141,2.0305109722087074,0.021437497869743805,0.0009657593677534354
4880.0,195.20000000000002,2.0,26.353270712456116,-12.459387524810943,26.353270712456116,-12.459387524810943,2.0363723275295937,0.021437497869743805,0.0009657593677534354
4881.0,195.24,2.0,26.282394385987843,-12.616336882520859,26.282394385987843,-12.616336882520859,2.0422239214669973,0.021437497869743805,0.0009657593677534354
4882.0,195.28,2.0,26.21077656463189,-12.772782697657666,26.21077656463189,-12.772782697657666,2.0480657540209166,0.021437497869743805,0.0009657593677534354
4883.0,195.32,2.0,26.138415058159634,-12.928720742498186,26.138415058159634,-12.928720742498186,2.053897825191353,0.021437497869743805,0.0009657593677534354
4884.0,195.36,2.0,26.065307691999735,-13.084146820364822,26.065307691999735,-13.084146820364822,2.059720134978306,0.021437497869743805,0.0009657593677534354
4885.0,195.4,2.0,25.991452307284153,-13.2390567657306,25.991452307284153,-13.2390567657306,2.0655326833817753,0.021437497869743805,0.0009657593677534354
4886.0,195.44,2.0,25.916846760893822,-13.393446444322718,25.916846760893822,-13.393446444322718,2.071335470401761,0.021437497869743805,0.0009657593677534354
4887.0,195.48000000000002,2.0,25.84148892550404,-13.54731175322457,25.84148892550404,-13.54731175322457,2.0771284960382634,0.021437497869743805,0.0009657593677534354
4888.0,195.52,2.0,25.765376689629463,-13.700648620976278,25.765376689629463,-13.700648620976278,2.0829117602912826,0.021437497869743805,0.0009657593677534354
4889.0,195.56,2.0,25.688507957668772,-13.853453007673695,25.688507957668772,-13.853453007673695,2.0886852631608184,0.021437497869743805,0.0009657593677534354
4890.0,195.6,2.0,25.610880649949042,-14.005720905065914,25.610880649949042,-14.005720905065914,2.0944490046468704,0.021437497869743805,0.0009657593677534354
4891.0,195.64000000000001,2.0,25.53249270276973,-14.157448336651258,25.53249270276973,-14.157448336651258,2.1002029847494392,0.021437497869743805,0.0009657593677534354
4892.0,195.68,2.0,25.453342068446318,-14.308631357771727,25.453342068446318,-14.308631357771727,2.1059472034685247,0.021437497869743805,0.0009657593677534354
4893.0,195.72,2.0,25.373426715353666,-14.459266055705948,25.373426715353666,-14.459266055705948,2.1116816608041264,0.021437497869743805,0.0009657593677534354
4894.0,195.76,2.0,25.292744627968943,-14.609348549760607,25.292744627968943,-14.609348549760607,2.1174063567562444,0.02198771529707503,0.0010178038796512863
4895.0,195.8,2.0,25.211293806914306,-14.758874991360319,25.211293806914306,-14.758874991360319,2.1231212913248796,0.02300935781563676,0.0011218929034469943
4896.0,195.84,2.0,25.129072268999142,-14.907841564136014,25.129072268999142,-14.907841564136014,2.128826464510031,0.024031000334198496,0.0012431314527874902
4897.0,195.88,2.0,25.04607804726205,-15.056244484011751,25.04607804726205,-15.056244484011751,2.1345218763116995,0.025052642852760227,0.001364370002127986
4898.0,195.92000000000002,2.0,24.96230919101241,-15.204079999290038,24.96230919101241,-15.204079999290038,2.140207526729884,0.02607428537132196,0.001485608551468482
4899.0,195.96,2.0,24.87776376587164,-15.351344390735592,24.87776376587164,-15.351344390735592,2.145883415764585,0.027095927889883693,0.001606847100808978
4900.0,196.0,2.0,24.792439853814116,-15.498033971657554,24.792439853814116,-15.498033971657554,2.151549543415803,0.028117570408445425,0.0017280856501494738
4901.0,196.04,2.0,24.706335553207673,-15.644145087990212,24.706335553207673,-15.644145087990212,2.1572059096835376,0.029139212927007156,0.00184932419948997
4902.0,196.08,2.0,24.619448978853875,-15.789674118372123,24.619448978853875,-15.789674118372123,2.1628525145677884,0.03016085544556889,0.001970562748830466
4903.0,196.12,2.0,24.531778262027803,-15.93461747422373,24.531778262027803,-15.93461747422373,2.168489358068556,0.031182497964130623,0.0020918012981709618
4904.0,196.16,2.0,24.443321550517595,-16.078971599823433,24.443321550517595,-16.078971599823433,2.17411644018584,0.03220414048269236,0.002213039847511458
4905.0,196.20000000000002,2.0,24.354077008663594,-16.222732972382108,24.354077008663594,-16.222732972382108,2.1797337609196403,0.03293754223157169,0.0023342783968519536
4906.0,196.24,2.0,24.26404281739712,-16.36589810211607,24.26404281739712,-16.36589810211607,2.1853413202699574,0.03338270321076864,0.0024356620875997676
4907.0,196.28,2.0,24.17321717427891,-16.5084635323185,24.17321717427891,-16.5084635323185,2.190939118236791,0.03353962342028318,0.0025171909197548997
4908.0,196.32,2.0,24.081598293537255,-16.65042583942933,24.081598293537255,-16.65042583942933,2.1965271548201417,0.03340830286011534,0.0025788648933173495
4909.0,196.36,2.0,23.98918440610565,-16.791781633103554,23.98918440610565,-16.791781633103554,2.2021054300200085,0.032988741530265105,0.0026206840082871174
4910.0,196.4,2.0,23.895973759660244,-16.93252755627799,23.895973759660244,-16.93252755627799,2.207673943836392,0.032280939430732465,0.002642648264664203
4911.0,196.44,2.0,23.801964618656797,-17.07266028523651,23.801964618656797,-17.07266028523651,2.213232696269292,0.03128489656151744,0.0026447576624486066
4912.0,196.48000000000002,2.0,23.707155264367376,-17.212176529673695,23.707155264367376,-17.212176529673695,2.218781687318709,0.030000612922620018,0.0026270122016403288
4913.0,196.52,2.0,23.611543994916655,-17.351073032756958,23.611543994916655,-17.351073032756958,2.224320916984642,0.027877871086708986,0.0025373673703415144
4914.0,196.56,2.0,23.51512912531783,-17.48934657118704,23.51512912531783,-17.48934657118704,2.229850385267091,0.024445245962553826,0.0023237786566543102
4915.0,196.6,2.0,23.417908987508216,-17.626993955257053,23.417908987508216,-17.626993955257053,2.2353700921660575,0.020174162641385048,0.002021141046931781
4916.0,196.64000000000001,2.0,23.319881930384472,-17.764012028909896,23.319881930384472,-17.764012028909896,2.2408800376815403,0.015064621123202657,0.0016466040667187168
4917.0,196.68,2.0,23.22104631983744,-17.900397669794103,23.22104631983744,-17.900397669794103,2.24638022181354,0.009116621408006655,0.0012001677160151157
4918.0,196.72,2.0,23.121400538786663,-18.03614778931818,23.121400538786663,-18.03614778931818,2.251870644562056,0.0023301634957970372,0.000681831994820979
4919.0,196.76,2.0,23.020942987214493,-18.171259332703332,23.020942987214493,-18.171259332703332,2.257351305927088,-0.004456294416412581,0.0001634962736268423
4920.0,196.8,2.0,22.919672082199874,-18.305729279034672,22.919672082199874,-18.305729279034672,2.2628222059086376,-0.011242752328622199,-0.0003548394475672944
4921.0,196.84,2.0,22.81758625795174,-18.43955464131083,22.81758625795174,-18.43955464131083,2.268283344506703,-0.018029210240831817,-0.0008731751687614312
4922.0,196.88,2.0,22.71468396584205,-18.57273246649202,22.71468396584205,-18.57273246649202,2.2737347217212847,-0.024815668153041436,-0.0013915108899555677
4923.0,196.92000000000002,2.0,22.610963674438462,-18.705259835546528,22.610963674438462,-18.705259835546528,2.279176337552384,-0.031602126065251056,-0.0019098466111497044
4924.0,196.96,2.0,22.50642386953663,-18.83713386349567,22.50642386953663,-18.83713386349567,2.284608191999999,-0.038100343207778276,-0.002428182332343841
4925.0,197.0,2.0,22.40106305419216,-18.968351699457127,22.40106305419216,-18.968351699457127,2.2900302850641308,-0.044310319580623106,-0.0029266631949452955
4926.0,197.04,2.0,22.29487974875215,-19.0989105266868,22.29487974875215,-19.0989105266868,2.2954426167447792,-0.05023205518378554,-0.0034052891989540686
4927.0,197.08,2.0,22.18787249088642,-19.22880756261901,22.18787249088642,-19.22880756261901,2.300845187041944,-0.05586555001726558,-0.003864060344370159
4928.0,197.12,2.0,22.08003983561831,-19.358040058905196,22.08003983561831,-19.358040058905196,2.306237995955626,-0.06121080408106324,-0.004302976631193567
4929.0,197.16,2.0,21.97138035535516,-19.486605301451018,21.97138035535516,-19.486605301451018,2.311621043485824,-0.06626781737517848,-0.004722038059424294
4930.0,197.20000000000002,2.0,21.86189263991839,-19.61450061045193,21.86189263991839,-19.61450061045193,2.316994329632539,-0.07103658989961133,-0.005121244629062338
4931.0,197.24,2.0,21.751595782916255,-19.741716379390837,21.751595782916255,-19.741716379390837,2.3223628802551315,-0.0755171216543618,-0.005500596340107701
4932.0,197.28,2.0,21.640489134663145,-19.868248910938394,21.640489134663145,-19.868248910938394,2.327726138455599,-0.07970941263942988,-0.005860093192560382
4933.0,197.32,2.0,21.52858618487069,-19.99409067100862,21.52858618487069,-19.99409067100862,2.3330827383272736,-0.08306324542748433,-0.006147690674522525
4934.0,197.36,2.0,21.415903703869066,-20.119224258118955,21.415903703869066,-20.119224258118955,2.33843159192625,-0.08557862001852518,-0.006363388785994134
4935.0,197.4,2.0,21.30240807362292,-20.243654327979186,21.30240807362292,-20.243654327979186,2.3437733681286272,-0.08725553641255239,-0.006507187526975206
4936.0,197.44,2.0,21.18812005538111,-20.367373494776718,21.18812005538111,-20.367373494776718,2.3491064735234675,-0.08809399460956602,-0.0065790868974657385
4937.0,197.48000000000002,2.0,21.07310070619473,-20.4903790042776,21.07310070619473,-20.4903790042776,2.3544262177273727,-0.08809399460956602,-0.0065790868974657385
4938.0,197.52,2.0,20.957229317001786,-20.612674602512136,20.957229317001786,-20.612674602512136,2.359738521704752,-0.08809399460956602,-0.0065790868974657385
4939.0,197.56,2.0,20.84064663665842,-20.734240242400887,20.84064663665842,-20.734240242400887,2.3650354258362647,-0.08809399460956602,-0.0065790868974657385
4940.0,197.6,2.0,20.723090592406884,-20.855100449118645,20.723090592406884,-20.855100449118645,2.3703306245720412,-0.08809399460956602,-0.0065790868974657385
4941.0,197.64000000000001,2.0,20.60484665380718,-20.97511095694053,20.60484665380718,-20.97511095694053,2.3756098511716517,-0.08809399460956602,-0.0065790868974657385
4942.0,197.68,2.0,20.485940134708404,-21.09416121406155,20.485940134708404,-21.09416121406155,2.380873546390468,-0.08809399460956602,-0.0065790868974657385
4943.0,197.72,2.0,20.36636781057772,-21.212252857669924,20.36636781057772,-21.212252857669924,2.3861230079242555,-0.08809399460956602,-0.0065790868974657385
4944.0,197.76,2.0,20.24612640650369,-21.32938756494327,20.24612640650369,-21.32938756494327,2.3913595334687763,-0.08809399460956602,-0.0065790868974657385
4945.0,197.8,2.0,20.12521260044701,-21.445567052978646,20.12521260044701,-21.445567052978646,2.3965844207197944,-0.08809399460956602,-0.0065790868974657385
4946.0,197.84,2.0,20.00362302650028,-21.560793078720877,20.00362302650028,-21.560793078720877,2.4017989673730735,-0.08809399460956602,-0.0065790868974657385
4947.0,197.88,2.0,19.881354278156444,-21.675067438889272,19.881354278156444,-21.675067438889272,2.4070044711243765,-0.08809399460956602,-0.0065790868974657385
4948.0,197.92000000000002,2.0,19.758402911585602,-21.788391969902623,19.758402911585602,-21.788391969902623,2.4122022296694676,-0.08809399460956602,-0.0065790868974657385
4949.0,197.96,2.0,19.634765448919723,-21.900768547802596,19.634765448919723,-21.900768547802596,2.417393540704111,-0.08809399460956602,-0.0065790868974657385
4950.0,198.0,2.0,19.51043838154499,-22.012199088175436,19.51043838154499,-22.012199088175436,2.4225797019240685,-0.08809399460956602,-0.0065790868974657385
4951.0,198.04,2.0,19.385696433912567,-22.122685546072038,19.385696433912567,-22.122685546072038,2.427756985165744,-0.08809399460956602,-0.0065790868974657385
4952.0,198.08,2.0,19.2605483877734,-22.232229915926386,19.2605483877734,-22.232229915926386,2.4329272450229027,-0.08809399460956602,-0.0065790868974657385
4953.0,198.12,2.0,19.134981892712794,-22.34083423147231,19.134981892712794,-22.34083423147231,2.4380931450979775,-0.08809399460956602,-0.0065790868974657385
4954.0,198.16,2.0,19.00898130445683,-22.448500565658627,19.00898130445683,-22.448500565658627,2.443257071030636,-0.08809399460956602,-0.0065790868974657385
4955.0,198.20000000000002,2.0,18.882581356956543,-22.55523103056265,18.882581356956543,-22.55523103056265,2.448419651640544,-0.08809399460956602,-0.0065790868974657385
4956.0,198.24,2.0,18.755762397843778,-22.661027777302078,18.755762397843778,-22.661027777302078,2.453583778034402,-0.08809399460956602,-0.0065790868974657385
4957.0,198.28,2.0,18.628464475024057,-22.765892995945194,18.628464475024057,-22.765892995945194,2.458755438291371,-0.08809399460956602,-0.0065790868974657385
4958.0,198.32,2.0,18.500809401707638,-22.869828915419514,18.500809401707638,-22.869828915419514,2.4639300091428065,-0.08809399460956602,-0.0065790868974657385
4959.0,198.36,2.0,18.37265753549853,-22.97283780341878,18.37265753549853,-22.97283780341878,2.469116747903813,-0.08809399460956602,-0.0065790868974657385
4960.0,198.4,2.0,18.2442720610509,-23.07492196630833,18.2442720610509,-23.07492196630833,2.474303257820022,-0.08809399460956602,-0.0065790868974657385
4961.0,198.44,2.0,18.11536862926564,-23.176083749028855,18.11536862926564,-23.176083749028855,2.479505103327629,-0.08809399460956602,-0.0065790868974657385
4962.0,198.48000000000002,2.0,17.985923058450613,-23.276325534998577,17.985923058450613,-23.276325534998577,2.4847231413670237,-0.08809399460956602,-0.0065790868974657385
4963.0,198.52,2.0,17.85593972012635,-23.37564974601377,17.85593972012635,-23.37564974601377,2.489957371938207,-0.08809399460956602,-0.0065790868974657385
4964.0,198.56,2.0,17.725423054160103,-23.47405884214775,17.725423054160103,-23.47405884214775,2.4952077950411775,-0.08809399460956602,-0.0065790868974657385
4965.0,198.6,2.0,17.594377568654792,-23.57155532164816,17.594377568654792,-23.57155532164816,2.5004744106759365,-0.08809399460956602,-0.0065790868974657385
4966.0,198.64000000000001,2.0,17.462807839830973,-23.66814172083281,17.462807839830973,-23.66814172083281,2.505757218842483,-0.08809399460956602,-0.0065790868974657385
4967.0,198.68,2.0,17.330720865999478,-23.76382061398379,17.330720865999478,-23.76382061398379,2.5110563514113537,-0.08809399460956602,-0.0065790868974657385
4968.0,198.72,2.0,17.198123082838393,-23.858594613240065,17.198123082838393,-23.858594613240065,2.516373104869721,-0.08809399460956602,-0.0065790868974657385
4969.0,198.76,2.0,17.06502334857567,-23.952466368488498,17.06502334857567,-23.952466368488498,2.5217089075752925,-0.08809399460956602,-0.0065790868974657385
4970.0,198.8,2.0,16.93143059585564,-24.04543856725328,16.93143059585564,-24.04543856725328,2.5270651878857766,-0.08809399460956602,-0.0065790868974657385
4971.0,198.84,2.0,16.797353837695198,-24.137513934583794,16.797353837695198,-24.137513934583794,2.5324433741588814,-0.08809399460956602,-0.0065790868974657385
4972.0,198.88,2.0,16.66280217342848,-24.228695232940876,16.66280217342848,-24.228695232940876,2.537844894752315,-0.08809399460956602,-0.0065790868974657385
4973.0,198.92000000000002,2.0,16.527784794636705,-24.3189852620816,16.527784794636705,-24.3189852620816,2.543271178023786,-0.08809399460956602,-0.0065790868974657385
4974.0,198.96,2.0,16.392335553943912,-24.408386858942443,16.392335553943912,-24.408386858942443,2.5486978939710085,-0.08809399460956602,-0.0065790868974657385
4975.0,199.0,2.0,16.25649285152446,-24.496902897520904,16.25649285152446,-24.496902897520904,2.554112275398186,-0.08809399460956602,-0.0065790868974657385
4976.0,199.04,2.0,16.12026642429977,-24.584536288755558,16.12026642429977,-24.584536288755558,2.5595155864692076,-0.08809399460956602,-0.0065790868974657385
4977.0,199.08,2.0,15.983666003917458,-24.671289980404676,15.983666003917458,-24.671289980404676,2.564909091347964,-0.08809399460956602,-0.0065790868974657385
4978.0,199.12,2.0,15.84670132216796,-24.757166956923157,15.84670132216796,-24.757166956923157,2.570294054198345,-0.08809399460956602,-0.0065790868974657385
4979.0,199.16,2.0,15.709382116415371,-24.84217023933802,15.709382116415371,-24.84217023933802,2.5756717391842407,-0.08809399460956602,-0.0065790868974657385
4980.0,199.20000000000002,2.0,15.571718135038955,-24.92630288512238,15.571718135038955,-24.92630288512238,2.5810434104695417,-0.08809399460956602,-0.0065790868974657385
4981.0,199.24,2.0,15.433723103190257,-25.009567988067833,15.433723103190257,-25.009567988067833,2.5864071495841583,-0.08809399460956602,-0.0065790868974657385
4982.0,199.28,2.0,15.295404923429587,-25.091968678155414,15.295404923429587,-25.091968678155414,2.5917643813506195,-0.08809399460956602,-0.0065790868974657385
4983.0,199.32,2.0,15.15677585904905,-25.173508121424945,15.15677585904905,-25.173508121424945,2.597114855268622,-0.08809399460956602,-0.0065790868974657385
4984.0,199.36,2.0,15.017848188518084,-25.254189519842974,15.017848188518084,-25.254189519842974,2.602458320837861,-0.08809399460956602,-0.0065790868974657385
4985.0,199.4,2.0,14.878634204533016,-25.334016111169188,14.878634204533016,-25.334016111169188,2.607794527558033,-0.08809399460956602,-0.0065790868974657385
4986.0,199.44,2.0,14.739146213064792,-25.412991168821257,14.739146213064792,-25.412991168821257,2.6131232249288345,-0.08809399460956602,-0.0065790868974657385
4987.0,199.48000000000002,2.0,14.599394178306905,-25.491118001738304,14.599394178306905,-25.491118001738304,2.618444030579426,-0.08809399460956602,-0.0065790868974657385
4988.0,199.52,2.0,14.459388706309861,-25.568399954242825,14.459388706309861,-25.568399954242825,2.6237553975223307,-0.08809399460956602,-0.0065790868974657385
4989.0,199.56,2.0,14.319138058700672,-25.644840405901153,14.319138058700672,-25.644840405901153,2.6290556468995376,-0.08809399460956602,-0.0065790868974657385
4990.0,199.6,2.0,14.178650499709,-25.720442771382437,14.178650499709,-25.720442771382437,2.634343099853034,-0.08809399460956602,-0.0065790868974657385
4991.0,199.64000000000001,2.0,14.037913048836632,-25.795210500316166,14.037913048836632,-25.795210500316166,2.6396100915680107,-0.08809399460956602,-0.0065790868974657385
4992.0,199.68,2.0,13.89693811931395,-25.86914707714827,13.89693811931395,-25.86914707714827,2.644854578292036,-0.08809399460956602,-0.0065790868974657385
4993.0,199.72,2.0,13.755721198956758,-25.942256020995682,13.755721198956758,-25.942256020995682,2.6500743558185573,-0.08809399460956602,-0.0065790868974657385
4994.0,199.76,2.0,13.614242721882711,-26.01454088549954,13.614242721882711,-26.01454088549954,2.6552926021297463,-0.08809399460956602,-0.0065790868974657385
4995.0,199.8,2.0,13.472478622906586,-26.08600525867689,13.472478622906586,-26.08600525867689,2.6605209324012855,-0.08809399460956602,-0.0065790868974657385
4996.0,199.84,2.0,13.330433545012944,-26.156652762771028,13.330433545012944,-26.156652762771028,2.6657569304491706,-0.08809399460956602,-0.0065790868974657385
4997.0,199.88,2.0,13.188127568312112,-26.226487054100286,13.188127568312112,-26.226487054100286,2.6709950617765545,-0.08809399460956602,-0.0065790868974657385
4998.0,199.92000000000002,2.0,13.045557209495534,-26.295511822905542,13.045557209495534,-26.295511822905542,2.676233131632996,-0.08809399460956602,-0.0065790868974657385
4999.0,199.96,2.0,12.902714535970865,-26.363730793196233,12.902714535970865,-26.363730793196233,2.68146774199004,-0.08809399460956602,-0.0065790868974657385
5000.0,200.0,2.0,12.75960522370112,-26.431147722594957,12.75960522370112,-26.431147722594957,2.686696070170227,-0.08809399460956602,-0.0065790868974657385
5001.0,200.04,2.0,12.61622958213857,-26.497768049979854,12.61622958213857,-26.497768049979854,2.6919186810721927,-0.08809399460956602,-0.0065790868974657385
5002.0,200.08,2.0,12.47260664086102,-26.563597215628196,12.47260664086102,-26.563597215628196,2.697132316070648,-0.08809399460956602,-0.0065790868974657385
5003.0,200.12,2.0,12.328708227059503,-26.628640660681356,12.328708227059503,-26.628640660681356,2.7023346593886006,-0.08809399460956602,-0.0065790868974657385
5004.0,200.16,2.0,12.184536795484522,-26.692903826611047,12.184536795484522,-26.692903826611047,2.707524856990865,-0.08809399460956602,-0.0065790868974657385
5005.0,200.20000000000002,2.0,12.040092551969243,-26.756394613976866,12.040092551969243,-26.756394613976866,2.712702337969315,-0.08809399460956602,-0.0065790868974657385
5006.0,200.24,2.0,11.895375602834864,-26.819120876497013,11.895375602834864,-26.819120876497013,2.7178665314158206,-0.08809399460956602,-0.0065790868974657385
5007.0,200.28,2.0,11.750383343990174,-26.88109042003712,11.750383343990174,-26.88109042003712,2.7230214184704353,-0.08809399460956602,-0.0065790868974657385
5008.0,200.32,2.0,11.605118132892306,-26.94231100160382,11.605118132892306,-26.94231100160382,2.728167576939416,-0.08809399460956602,-0.0065790868974657385
5009.0,200.36,2.0,11.459592205267526,-27.00279032834326,11.459592205267526,-27.00279032834326,2.7333033772029802,-0.08809399460956602,-0.0065790868974657385
5010.0,200.4,2.0,11.313810882597165,-27.0625360565443,11.313810882597165,-27.0625360565443,2.7384284998663517,-0.08809399460956602,-0.0065790868974657385
5011.0,200.44,2.0,11.16780048003441,-27.121555790646806,11.16780048003441,-27.121555790646806,2.7435475703517884,-0.08809399460956602,-0.0065790868974657385
5012.0,200.48000000000002,2.0,11.021563826623174,-27.179857082254784,11.021563826623174,-27.179857082254784,2.7486602269234646,-0.08809399460956602,-0.0065790868974657385
5013.0,200.52,2.0,10.875115729666641,-27.23744742915466,10.875115729666641,-27.23744742915466,2.753765967629358,-0.08809399460956602,-0.0065790868974657385
5014.0,200.56,2.0,10.728458275212406,-27.29433427433859,10.728458275212406,-27.29433427433859,2.7588648983889708,-0.08809399460956602,-0.0065790868974657385
5015.0,200.6,2.0,10.581584612340754,-27.35052500503293,10.581584612340754,-27.35052500503293,2.7639567562348333,-0.08809399460956602,-0.0065790868974657385
5016.0,200.64000000000001,2.0,10.434495164936884,-27.406026951731896,10.434495164936884,-27.406026951731896,2.769041302615052,-0.08809399460956602,-0.0065790868974657385
5017.0,200.68,2.0,10.28716390144048,-27.460847387236505,10.28716390144048,-27.460847387236505,2.7741213649771277,-0.08809399460956602,-0.0065790868974657385
5018.0,200.72,2.0,10.139604739624051,-27.514993525698806,10.139604739624051,-27.514993525698806,2.779196205819226,-0.08809399460956602,-0.0065790868974657385
5019.0,200.76,2.0,9.991826751440458,-27.568472521671442,9.991826751440458,-27.568472521671442,2.7842664398250303,-0.08489338635048686,-0.0065790868974657385
5020.0,200.8,2.0,9.843805311042638,-27.621291469162696,9.843805311042638,-27.621291469162696,2.7893257385697847,-0.07823383715163264,-0.0065790868974657385
5021.0,200.84,2.0,9.695542701478091,-27.673455752897762,9.695542701478091,-27.673455752897762,2.794376264568379,-0.06900778025187691,-0.006530088015337138
5022.0,200.88,2.0,9.547028282223843,-27.72497072708303,9.547028282223843,-27.72497072708303,2.799420660567013,-0.05755167891537133,-0.006379670551923206
5023.0,200.92000000000002,2.0,9.398294230579706,-27.775841714853026,9.398294230579706,-27.775841714853026,2.804462301786422,-0.0443106068960075,-0.006128116302272907
5024.0,200.96,2.0,9.249342059464825,-27.826074007720514,9.249342059464825,-27.826074007720514,2.8095031017055305,-0.02915108533804923,-0.005665600281000013
5025.0,201.0,2.0,9.100175497016215,-27.87567040573938,9.100175497016215,-27.87567040573938,2.814544690676209,-0.01284509413528252,-0.0051000282619123385
5026.0,201.04,2.0,8.950798340288623,-27.92463372235888,8.950798340288623,-27.92463372235888,2.819588699050327,0.0051588275854989145,-0.004323255909063431
5027.0,201.08,2.0,8.801217069242433,-27.97296678436409,8.801217069242433,-27.97296678436409,2.824632205131575,0.023191339938726473,-0.003544421953266888
5028.0,201.12,2.0,8.651433177851475,-28.020672431816095,8.651433177851475,-28.020672431816095,2.829675690557437,0.045025515404606226,-0.002234570877828483
5029.0,201.16,2.0,8.501438260430659,-28.067753517991868,8.501438260430659,-28.067753517991868,2.8347218443914364,0.06697136408901516,-0.0009112984299241607
5030.0,201.20000000000002,2.0,8.351230807177188,-28.114212909323854,8.351230807177188,-28.114212909323854,2.8397720454720923,0.0889172127734241,0.0004253953904460787
5031.0,201.24,2.0,8.200779037715002,-28.16005348533934,8.200779037715002,-28.16005348533934,2.844833108721147,0.11086306145783303,0.0017755105832822353
5032.0,201.28,2.0,8.05007829525456,-28.205278138599468,8.05007829525456,-28.205278138599468,2.8499048277070966,0.13280891014224197,0.0031390471485843088
5033.0,201.32,2.0,7.899146732678328,-28.249889774638017,7.899146732678328,-28.249889774638017,2.8549871325841174,0.1547547588266509,0.004502583713886382
5034.0,201.36,2.0,7.748015882205775,-28.293891311899888,7.748015882205775,-28.293891311899888,2.8600780108848367,0.17670060751105984,0.005866120279188455
5035.0,201.4,2.0,7.596682183697246,-28.337285681679333,7.596682183697246,-28.337285681679333,2.865178717259011,0.19864645619546878,0.00722965684449053
5036.0,201.44,1.0,7.445134796851601,-28.380075828057887,7.445134796851601,-28.380075828057887,2.870290481940817,0.2205923048798777,0.008593193409792602
5037.0,201.48000000000002,0.0,7.293370953755271,-28.422264707842047,7.293370953755271,-28.422264707842047,2.8754139834177237,0.24253815356428665,0.009956729975094674
5038.0,201.52,0.0,7.141406201173595,-28.463620368924424,7.141406201173595,-28.463620368924424,2.880551023665937,0.2612833939896164,0.011320266540396747
5039.0,201.56,1.0,6.989236228944012,-28.504148365696686,6.989236228944012,-28.504148365696686,2.885701112172753,0.27448581740138384,0.012683803105698823
5040.0,201.6,0.0,6.836908084648546,-28.54385021355182,6.836908084648546,-28.54385021355182,2.890873408053918,0.2817744653910038,0.013998340788872294
5041.0,201.64000000000001,1.0,6.68432972206149,-28.582679144451244,6.68432972206149,-28.582679144451244,2.8960695122867466,0.2843782344615016,0.015211459890760436
5042.0,201.68,1.0,6.53141049910185,-28.62058553372485,6.53141049910185,-28.62058553372485,2.9012910258485562,0.2830786616309206,0.01630723846765745
5043.0,201.72,1.0,6.378061261004765,-28.657516941337086,6.378061261004765,-28.657516941337086,2.9065395497166606,0.27818734179741594,0.017104339859161415
5044.0,201.76,1.0,6.224194422286604,-28.693418155534992,6.224194422286604,-28.693418155534992,2.911816684868378,0.27034277599903767,0.017600844853693925
5045.0,201.8,1.0,6.069724047436152,-28.72823123884305,6.069724047436152,-28.72823123884305,2.9171240322810217,0.25976548325636545,0.017796514889116336
5046.0,201.84,2.0,5.914565930265328,-28.761895576367856,5.914565930265328,-28.761895576367856,2.9224631929319074,0.24765642516784456,0.017805765732761717
5047.0,201.88,2.0,5.758637671853941,-28.79434792637362,5.758637671853941,-28.79434792637362,2.9278357677983515,0.23166262138058843,0.017268516481351682
5048.0,201.92000000000002,2.0,5.6018587570240825,-28.82552247308796,5.6018587570240825,-28.82552247308796,2.9332433578576707,0.21555714437480308,0.016269367958968356
5049.0,201.96,2.0,5.44415062928102,-28.855350881695095,5.44415062928102,-28.855350881695095,2.9386875640871786,0.1994516673690178,0.015201101587916458
5050.0,202.0,2.0,5.287124293453881,-28.883762355472427,5.287124293453881,-28.883762355472427,2.9441699874641927,0.18334619036323246,0.014119413844398644
5051.0,202.04,2.0,5.130782315286474,-28.910707658110827,5.130782315286474,-28.910707658110827,2.9496878340225665,0.16724071335744717,0.013024304728414912
5052.0,202.08,2.0,4.975127246121788,-28.936103888409342,4.975127246121788,-28.936103888409342,2.955181977959203,0.15113523635166187,0.01192919561243118
5053.0,202.12,2.0,4.820161622847932,-28.959872335197243,4.820161622847932,-28.959872335197243,2.9606524192741017,0.13502975934587652,0.010834086496447449
5054.0,202.16,2.0,4.665887967844381,-28.981920277096744,4.665887967844381,-28.981920277096744,2.966099157967262,0.11892428234009123,0.009738977380463717
5055.0,202.20000000000002,2.0,4.5123087889285385,-29.00217079965472,4.5123087889285385,-29.00217079965472,2.9715221940386853,0.10281880533430592,0.008336837059523134
5056.0,202.24,2.0,4.359426579302605,-29.020544912457982,4.359426579302605,-29.020544912457982,2.9769215274883707,0.08679641091460366,0.006893790005669593
5057.0,202.28,2.0,4.207243817500757,-29.036956150842542,4.207243817500757,-29.036956150842542,2.982297158316318,0.07022138577086295,0.005450742951816052
5058.0,202.32,2.0,4.055762967336643,-29.051336477255237,4.055762967336643,-29.051336477255237,2.9876490865225285,0.05573023670090955,0.004007695897962511
5059.0,202.36,2.0,3.9049864778511902,-29.063587410203983,3.9049864778511902,-29.063587410203983,2.992977312107,0.044586355352202046,0.00256464884410897
5060.0,202.4,2.0,3.7549167832607235,-29.073608587809847,3.7549167832607235,-29.073608587809847,2.9982818350697333,0.03589730848586686,0.0011216017902554289
5061.0,202.44,2.0,3.6055563029054074,-29.08134796850677,3.6055563029054074,-29.08134796850677,3.00356265541073,0.029326632837752362,-0.0003052415248433512
5062.0,202.48000000000002,2.0,3.4569074411980014,-29.0867547957112,3.4569074411980014,-29.0867547957112,3.008819773129988,0.024429254653966902,-0.0016443694261716792
5063.0,202.52,2.0,3.308972587572933,-29.089779638646842,3.308972587572933,-29.089779638646842,3.014053188227509,0.02133865279024671,-0.0027859569283433315
5064.0,202.56,2.0,3.161754116435692,-29.090374432132148,3.161754116435692,-29.090374432132148,3.019262900703291,0.01928284735280578,-0.0038379098051661183
5065.0,202.6,2.0,3.015254387112541,-29.088492515298828,3.015254387112541,-29.088492515298828,3.0244489105573362,0.018730216628767324,-0.0047055050931595075
5066.0,202.64000000000001,2.0,2.8694757438005554,-29.084088669210992,2.8694757438005554,-29.084088669210992,3.0296112177896437,0.018260668490811923,-0.005118741004076881
5067.0,202.68,2.0,2.7244205155179784,-29.0771191533549,2.7244205155179784,-29.0771191533549,3.034749822400213,0.016952085716173654,-0.004644622614824421
5068.0,202.72,2.0,2.580091016054903,-29.067541740970633,2.580091016054903,-29.067541740970633,3.039864724389044,0.01470437140280811,-0.003942367724677218
5069.0,202.76,2.0,2.436489543924279,-29.05531575319753,2.436489543924279,-29.05531575319753,3.044955923756138,0.01203743218569624,-0.0029494642007585575
5070.0,202.8,2.0,2.293618382313245,-29.040402092006552,2.293618382313245,-29.040402092006552,3.0500234205014936,0.008951268064838048,-0.0016659120430684373
5071.0,202.84,2.0,2.151479799034787,-29.022763271893357,2.151479799034787,-29.022763271893357,3.0550672146251117,0.005445879040233532,-9.171125160685868e-05
5072.0,202.88,2.0,2.0100760464797265,-29.002363450307076,2.0100760464797265,-29.002363450307076,3.0600873061269915,0.0015212651118826932,0.0017731381736261786
5073.0,202.92000000000002,2.0,1.8694093615690341,-28.97916845679063,1.8694093615690341,-28.97916845679063,3.0650836950071336,-0.0028225737202144667,0.003928636232630675
5074.0,202.96,2.0,1.7294819657064786,-28.953145820809638,1.7294819657064786,-28.953145820809638,3.070056381265538,-0.008623644372890071,0.006626117654160822
5075.0,203.0,2.0,1.5902960647315998,-28.924264798247723,1.5902960647315998,-28.924264798247723,3.0750053649022058,-0.014507797611648734,0.010017882123534896
5076.0,203.04,2.0,1.4518538488730195,-28.892496396547454,1.4518538488730195,-28.892496396547454,3.0799306459171345,-0.019839320126368937,0.014063022907839942
5077.0,203.08,2.0,1.3141574927020843,-28.85781339847677,1.3141574927020843,-28.85781339847677,3.084832224310325,-0.025170842641089146,0.01846250813904296
5078.0,203.12,2.0,1.1772091550868373,-28.820190384502318,1.1772091550868373,-28.820190384502318,3.089710100081778,-0.03050236515580935,0.02286199337024598
5079.0,203.16,1.0,1.0410109791463331,-28.77960375375179,1.0410109791463331,-28.77960375375179,3.094564273231494,-0.03583388767052956,0.027261478601449
5080.0,203.20000000000002,0.0,0.9055650922052804,-28.736031743548814,0.9055650922052804,-28.736031743548814,3.0993947437594715,-0.041165410185249766,0.031660963832652024
5081.0,203.24,0.0,0.7708736057490274,-28.689454447504893,0.7708736057490274,-28.689454447504893,3.104201511665711,-0.04649693269996997,0.03606044906385504
5082.0,203.28,0.0,0.6369386153788831,-28.63985383215395,0.6369386153788831,-28.63985383215395,3.1089845769502134,-0.05182845521469018,0.040459934295058064
5083.0,203.32,0.0,0.5037622007677762,-28.587213752116558,0.5037622007677762,-28.587213752116558,3.113743939612977,-0.05715997772941039,0.04485941952626109
5084.0,203.36,0.0,0.37134642561625536,-28.531519963781605,0.37134642561625536,-28.531519963781605,3.118479599654004,-0.06094851278327962,0.049258904757464105
5085.0,203.4,0.0,0.23969333760882985,-28.4727601374947,0.23969333760882985,-28.4727601374947,3.1231915570732927,-0.06270629702168064,0.05321951358700466
5086.0,203.44,1.0,0.10880496837065122,-28.41092386824368,0.10880496837065122,-28.41092386824368,3.127879811870843,-0.061272096992152615,0.05674124601488276
5087.0,203.48000000000002,0.0,-0.021316666575461655,-28.346002684832648,-0.021316666575461655,-28.346002684832648,3.132544364046656,-0.056545815792651125,0.059644481550970296
5088.0,203.52,0.0,-0.1506695678516546,-28.277990057537405,-0.1506695678516546,-28.277990057537405,3.137185213600731,-0.048947263156112746,0.0620774479631583
5089.0,203.56,0.0,-0.2792517522673258,-28.20688140423617,-0.2792517522673258,-28.20688140423617,3.141802360533068,-0.03921569933518686,0.06392093964231076
5090.0,203.6,0.0,-0.40706125286106726,-28.13267409501068,-0.40706125286106726,-28.13267409501068,3.1463958048436673,-0.027363913774913345,0.06511071756058996
5091.0,203.64000000000001,0.0,-0.5340961189422617,-28.05536745521416,-0.5340961189422617,-28.05536745521416,3.1509655465325292,-0.013391906475292191,0.06564678171799594
5092.0,203.68,0.0,-0.6603544161323305,-27.97496276700357,-0.6603544161323305,-27.97496276700357,3.1555115855996525,0.00270032256367659,0.06552913211452865
5093.0,203.72,0.0,-0.7858342264056352,-27.89146326933505,-0.7858342264056352,-27.89146326933505,3.1600339220450393,0.020249783423223817,0.0648134652263908
5094.0,203.76,0.0,-0.9105336481300289,-27.80487415642254,-0.9105336481300289,-27.80487415642254,3.164532555868688,0.037799244282771045,0.06314461829298405
5095.0,203.8,0.0,-1.034450796107059,-27.715202574660722,-1.034450796107059,-27.715202574660722,3.1690074870705973,0.055348705142318266,0.060514776844711134
5096.0,203.84,1.0,-1.1575838016118187,-27.622457618014845,-1.1575838016118187,-27.622457618014845,3.1734587156507703,0.0728981660018655,0.057215122730410295
5097.0,203.88,1.0,-1.2799308124324476,-27.526650321880922,-1.2799308124324476,-27.526650321880922,3.177886241609205,0.09044762686141274,0.053589713803074035
5098.0,203.92000000000002,0.0,-1.4014899929092783,-27.42779365542137,-1.4014899929092783,-27.42779365542137,3.1822900649459016,0.10799708772095995,0.04977654454674332
5099.0,203.96,0.0,-1.5222595239736336,-27.32590251238195,-1.5222595239736336,-27.32590251238195,3.1866701856608604,0.12554654858050718,0.045819763298258376
5100.0,204.0,0.0,-1.6422376031862649,-27.220993700397432,-1.6422376031862649,-27.220993700397432,3.191026603754082,0.1430960094400544,0.04170090894732722
5101.0,204.04,0.0,-1.7614224447754396,-27.11308592879438,-1.7614224447754396,-27.11308592879438,3.1953593192255654,0.16064547029960163,0.03740633497915343
5102.0,204.08,1.0,-1.879812279674672,-27.00219979490072,-1.879812279674672,-27.00219979490072,3.199668332075311,0.17637579596241987,0.03292635409159701
5103.0,204.12,1.0,-1.9974053555600957,-26.888357768872947,-1.9974053555600957,-26.888357768872947,3.203953642303319,0.18817686001888154,0.028244340285399204
5104.0,204.16,0.0,-2.1141999368874824,-26.771584177052993,-2.1141999368874824,-26.771584177052993,3.208215249909589,0.19571680539345776,0.023431724620463876
5105.0,204.20000000000002,0.0,-2.2301943049289,-26.651905183867896,-2.2301943049289,-26.651905183867896,3.212453154894121,0.19832710656816901,0.018502391230365567
5106.0,204.24,0.0,-2.345386757809012,-26.53022415932452,-2.345386757809012,-26.53022415932452,3.2166673572569158,0.19583118330830263,0.013922421173852626
5107.0,204.28,1.0,-2.4597756105410196,-26.40817647437409,-2.4597756105410196,-26.40817647437409,3.220857856997972,0.18966502754273212,0.009114402921509224
5108.0,204.32,0.0,-2.57335919506224,-26.28576581463626,-2.57335919506224,-26.28576581463626,3.225024654117291,0.1805678995241069,0.004197542082471338
5109.0,204.36,0.0,-2.686135860269329,-26.162995873343736,-2.686135860269329,-26.162995873343736,3.2291677486148713,0.16877194231513526,-0.0007629253153667055
5110.0,204.4,0.0,-2.7981039720531324,-26.03987035126403,-2.7981039720531324,-26.03987035126403,3.233287140490714,0.15428994536085708,-0.005702760244167186
5111.0,204.44,0.0,-2.909261913333188,-25.916392956620975,-2.909261913333188,-25.916392956620975,3.23738282974482,0.13712190866127233,-0.010621962703930104
5112.0,204.48000000000002,1.0,-3.019608084091852,-25.792567405016126,-3.019608084091852,-25.792567405016126,3.2414548163771872,0.11967655367705246,-0.015520532694655458
5113.0,204.52,1.0,-3.129140901408066,-25.668397419349986,-3.129140901408066,-25.668397419349986,3.2455031003878174,0.10186582386897337,-0.02046173161310715
5114.0,204.56,1.0,-3.237858799490764,-25.543886729743097,-3.237858799490764,-25.543886729743097,3.2495276817767094,0.08371274425968343,-0.025501006386451745
5115.0,204.6,1.0,-3.3457602297119062,-25.41903907345694,-3.3457602297119062,-25.41903907345694,3.253528560543863,0.06479386529521276,-0.030622692525897194
5116.0,204.64000000000001,1.0,-3.45284366063915,-25.293858194814746,-3.45284366063915,-25.293858194814746,3.257505736689279,0.04565574277621758,-0.03580865341834329
5117.0,204.68,1.0,-3.5591075780681547,-25.16834784512207,-3.5591075780681547,-25.16834784512207,3.261459210212957,0.02594579216096472,-0.04118659695392554
5118.0,204.72,1.0,-3.664550485054519,-25.04251178258733,-3.664550485054519,-25.04251178258733,3.2653889811148975,0.006085515868096856,-0.04674805516485653
5119.0,204.76,1.0,-3.769170901945347,-24.916353772242058,-3.769170901945347,-24.916353772242058,3.2692950493951005,-0.01383025772810756,-0.05234459144559525
5120.0,204.8,1.0,-3.8729673664104496,-24.78987758586115,-3.8729673664104496,-24.78987758586115,3.2731774150535657,-0.0340546813924185,-0.0578258557178192
5121.0,204.84,1.0,-3.975938433473171,-24.663087001882865,-3.975938433473171,-24.663087001882865,3.2770360780902927,-0.05249133029755892,-0.06323899672444626
5122.0,204.88,1.0,-4.078082675540854,-24.535985805328743,-4.078082675540854,-24.535985805328743,3.280871038505282,-0.06998059589093104,-0.06847165514399718
5123.0,204.92000000000002,1.0,-4.17939868243492,-24.408577787723367,-4.17939868243492,-24.408577787723367,3.2846822962985334,-0.08679241769334646,-0.07358436345086593
5124.0,204.96,1.0,-4.279905547763619,-24.280873708050258,-4.279905547763619,-24.280873708050258,3.288464825610686,-0.10262003052513233,-0.07860099996644512
5125.0,205.0,0.0,-4.379602621841341,-24.15287845680355,-4.379602621841341,-24.15287845680355,3.292219183339741,-0.11653598677455683,-0.08352149209281479
5126.0,205.04,0.0,-4.478503394379719,-24.02460080188252,-4.478503394379719,-24.02460080188252,3.2959467353923686,-0.13298614984109688,-0.08803888461214411
5127.0,205.08,0.0,-4.576624635708928,-23.89605941918009,-4.576624635708928,-23.89605941918009,3.299648569712473,-0.17420578853808885,-0.09222702551311601
5128.0,205.12,0.0,-4.673932727793616,-23.76725096794072,-4.673932727793616,-23.76725096794072,3.303324017423957,-0.24041425648320117,-0.0963226092930165
5129.0,205.16,0.0,-4.770448431882639,-23.638184189420215,-4.770448431882639,-23.638184189420215,3.3069746719377555,-0.33162434312147365,-0.10038987497968331
5130.0,205.20000000000002,0.0,-4.86623280502709,-23.5088632337282,-4.86623280502709,-23.5088632337282,3.310605223637267,-0.4478360484529064,-0.10442882257311643
5131.0,205.24,0.0,-4.961165138164981,-23.37928579108423,-4.961165138164981,-23.37928579108423,3.3142097515580833,-0.5897570971025695,-0.10843945207331585
5132.0,205.28,0.0,-5.05538618015245,-23.249473385131846,-5.05538618015245,-23.249473385131846,3.3177962153195457,-0.7572994325312388,-0.11242176348028159
5133.0,205.32,0.0,-5.14863385823175,-23.11940300751303,-5.14863385823175,-23.11940300751303,3.321350920471523,-0.9504860797615625,-0.11631249539724975
5134.0,205.36,0.0,-5.241193641962878,-22.98922048095875,-5.241193641962878,-22.98922048095875,3.3248881337544445,-1.1688935892395713,-0.12011946229381765
5135.0,205.4,0.0,-5.333090845194938,-22.85903795440446,-5.333090845194938,-22.85903795440446,3.3284074144129385,-1.4130685167659207,-0.12385051418918
5136.0,205.44,1.0,-5.424322243395086,-22.728855427850178,-5.424322243395086,-22.728855427850178,3.331907464751241,-1.682658277798878,-0.1275159376772423
5137.0,205.48000000000002,1.0,-5.514884561651889,-22.598672901295892,-5.514884561651889,-22.598672901295892,3.3353869870735897,-1.9780843747570858,-0.13116834906263217
5138.0,205.52,1.0,-5.604774477926043,-22.46849037474161,-5.604774477926043,-22.46849037474161,3.338844683684219,-2.2997202644122874,-0.13499348280224802
5139.0,205.56,0.0,-5.693988626310144,-22.338307848187327,-5.693988626310144,-22.338307848187327,3.3422792568873656,-2.6479227620761323,-0.13919868922037734
5140.0,205.6,0.0,-5.782523600297145,-22.20812532163304,-5.782523600297145,-22.20812532163304,3.3456894089872673,-3.021024666279521,-0.14380836635644031
5141.0,205.64000000000001,0.0,-5.870375956057138,-22.077942795078762,-5.870375956057138,-22.077942795078762,3.3490793105114496,-3.4156314000564465,-0.14906961445991893
5142.0,205.68,1.0,-5.95754221572209,-21.947760268524476,-5.95754221572209,-21.947760268524476,3.3524994466034745,-3.8316289301651874,-0.1549933321163231
5143.0,205.72,1.0,-6.044018870678194,-21.817577741970194,-6.044018870678194,-21.817577741970194,3.3559221110109476,-4.268977695083212,-0.16156952513783474
5144.0,205.76,2.0,-6.129781898522416,-21.68739521541591,-6.129781898522416,-21.68739521541591,3.359355823738845,-4.72828742543008,-0.16882393826794978
5145.0,205.8,2.0,-6.214827013478956,-21.557212688861625,-6.214827013478956,-21.557212688861625,3.362815555067276,-5.207309098957332,-0.1766793004455308
5146.0,205.84,2.0,-6.298970625229097,-21.427030162307343,-6.298970625229097,-21.427030162307343,3.3662656682934173,-5.681043290864136,-0.1852806168668655
5147.0,205.88,2.0,-6.380202416718764,-21.29684763575306,-6.380202416718764,-21.29684763575306,3.3696990382961847,-6.128790821168074,-0.19356781872336973
5148.0,205.92000000000002,2.0,-6.458549444604463,-21.166665109198778,-6.458549444604463,-21.166665109198778,3.373154150424802,-6.550551689869148,-0.20154090601504335
5149.0,205.96,2.0,-6.533986322859366,-21.036482582644492,-6.533986322859366,-21.036482582644492,3.376580160917166,-6.946325896967356,-0.20919987874188647
5150.0,206.0,2.0,-6.606449307862978,-20.90630005609021,-6.606449307862978,-20.90630005609021,3.38004225940045,-7.316113442462698,-0.21654473690389905
5151.0,206.04,2.0,-6.676058360393964,-20.776117529535927,-6.676058360393964,-20.776117529535927,3.383473082840476,-7.659914326355175,-0.2235754805010811
5152.0,206.08,2.0,-6.744816546441761,-20.64593500298164,-6.744816546441761,-20.64593500298164,3.386933434987275,-7.977728548644786,-0.23029210953343257
5153.0,206.12,2.0,-6.812981070716094,-20.51575247642736,-6.812981070716094,-20.51575247642736,3.3903734849206852,-8.269556109331534,-0.23669462400095356
5154.0,206.16,2.0,-6.880261619195923,-20.385569949873076,-6.880261619195923,-20.385569949873076,3.3938343385213683,-8.535397008415414,-0.24278302390364392
5155.0,206.20000000000002,2.0,-6.94662806053854,-20.255387423318794,-6.94662806053854,-20.255387423318794,3.39726402588975,-8.77525124589643,-0.24855730924150385
5156.0,206.24,2.0,-7.012078832133507,-20.125204896764508,-7.012078832133507,-20.125204896764508,3.4006440567211227,-8.989118821774579,-0.2540174800145332
5157.0,206.28,2.0,-7.076612455484216,-19.995022370210226,-7.076612455484216,-19.995022370210226,3.403974431015486,-9.1767211076524,-0.25910777726108264
5158.0,206.32,2.0,-7.140227536343807,-19.864839843655943,-7.140227536343807,-19.864839843655943,3.407255148772839,-9.337448135453469,-0.2637575542203907
5159.0,206.36,2.0,-7.202922764843314,-19.734657317101657,-7.202922764843314,-19.734657317101657,3.410486209993184,-9.473244396277435,-0.2678855768079794
5160.0,206.4,2.0,-7.264699269709894,-19.604474790547375,-7.264699269709894,-19.604474790547375,3.4136674828059834,-9.586096936694128,-0.2713404780965872
5161.0,206.44,2.0,-7.325557633788664,-19.474292263993092,-7.325557633788664,-19.474292263993092,3.416797670724065,-9.676005756703546,-0.2741222580862141
5162.0,206.48000000000002,2.0,-7.38550087946949,-19.34410973743881,-7.38550087946949,-19.34410973743881,3.419875345389721,-9.742970856305691,-0.2762309167768601
5163.0,206.52,2.0,-7.444532120796953,-19.213927210884524,-7.444532120796953,-19.213927210884524,3.4228990784452438,-9.78713337225802,-0.27766080621459915
5164.0,206.56,2.0,-7.50265456966928,-19.08374468433024,-7.50265456966928,-19.08374468433024,3.4258674415329233,-9.80783255224044,-0.278485177525954
5165.0,206.6,2.0,-7.5598715420250375,-18.95356215777596,-7.5598715420250375,-18.95356215777596,3.428779006295054,-9.80783255224044,-0.278485177525954
5166.0,206.64000000000001,2.0,-7.616186464014234,-18.823379631221677,-7.616186464014234,-18.823379631221677,3.4316323443739254,-9.80783255224044,-0.278485177525954
5167.0,206.68,2.0,-7.671627441034584,-18.69319710466739,-7.671627441034584,-18.69319710466739,3.434451785771824,-9.80783255224044,-0.278485177525954
5168.0,206.72,2.0,-7.726227144478784,-18.563014578113105,-7.726227144478784,-18.563014578113105,3.4372500976845473,-9.80783255224044,-0.278485177525954
5169.0,206.76,2.0,-7.779989601170234,-18.432832051558822,-7.779989601170234,-18.432832051558822,3.4400260159482046,-9.80783255224044,-0.278485177525954
5170.0,206.8,2.0,-7.8329188515803825,-18.30264952500454,-7.8329188515803825,-18.30264952500454,3.4427782763989057,-9.80783255224044,-0.278485177525954
5171.0,206.84,2.0,-7.885018955482789,-18.172466998450258,-7.885018955482789,-18.172466998450258,3.445505614872761,-9.80783255224044,-0.278485177525954
5172.0,206.88,2.0,-7.936293997620577,-18.04228447189597,-7.936293997620577,-18.04228447189597,3.44820676720588,-9.80783255224044,-0.278485177525954
5173.0,206.92000000000002,2.0,-7.986748093383766,-17.91210194534169,-7.986748093383766,-17.91210194534169,3.4508804692343737,-9.80783255224044,-0.278485177525954
5174.0,206.96,2.0,-8.036389354801374,-17.781919418787407,-8.036389354801374,-17.781919418787407,3.4535286394283293,-9.80783255224044,-0.278485177525954
5175.0,207.0,2.0,-8.085220091412076,-17.651736892233124,-8.085220091412076,-17.651736892233124,3.4561498529652193,-9.80783255224044,-0.278485177525954
5176.0,207.04,2.0,-8.133246993820556,-17.52155436567884,-8.133246993820556,-17.52155436567884,3.4587443603453476,-9.80783255224044,-0.278485177525954
5177.0,207.08,2.0,-8.180476788375532,-17.391371839124556,-8.180476788375532,-17.391371839124556,3.4613124120690166,-9.80783255224044,-0.278485177525954
5178.0,207.12,2.0,-8.226916236450924,-17.261189312570274,-8.226916236450924,-17.261189312570274,3.463854258636532,-9.80783255224044,-0.278485177525954
5179.0,207.16,2.0,-8.272572133724342,-17.131006786015988,-8.272572133724342,-17.131006786015988,3.466370150548197,-9.80783255224044,-0.278485177525954
5180.0,207.20000000000002,2.0,-8.317448955354905,-17.000824259461705,-8.317448955354905,-17.000824259461705,3.4688604701748504,-9.80783255224044,-0.278485177525954
5181.0,207.24,2.0,-8.36155183984667,-16.870641732907423,-8.36155183984667,-16.870641732907423,3.4713267645039694,-9.80783255224044,-0.278485177525954
5182.0,207.28,2.0,-8.404883602996241,-16.74045920635314,-8.404883602996241,-16.74045920635314,3.4737707123935655,-9.80783255224044,-0.278485177525954
5183.0,207.32,2.0,-8.44744708514608,-16.610276679798858,-8.44744708514608,-16.610276679798858,3.47619399270165,-9.80783255224044,-0.278485177525954
5184.0,207.36,2.0,-8.489223904080282,-16.480094153244572,-8.489223904080282,-16.480094153244572,3.478604270243033,-9.80783255224044,-0.278485177525954
5185.0,207.4,2.0,-8.530221093706352,-16.34991162669029,-8.530221093706352,-16.34991162669029,3.4810035887701467,-9.80783255224044,-0.278485177525954
5186.0,207.44,2.0,-8.570428785136475,-16.219729100136007,-8.570428785136475,-16.219729100136007,3.483394152489543,-9.80783255224044,-0.278485177525954
5187.0,207.48000000000002,2.0,-8.609822078627403,-16.089546573581725,-8.609822078627403,-16.089546573581725,3.48575278341905,-9.80783255224044,-0.278485177525954
5188.0,207.52,2.0,-8.648371598198228,-15.95936404702744,-8.648371598198228,-15.95936404702744,3.4880678663829863,-9.80783255224044,-0.278485177525954
5189.0,207.56,2.0,-8.68607669932462,-15.829181520473155,-8.68607669932462,-15.829181520473155,3.4903418175653553,-9.80783255224044,-0.278485177525954
5190.0,207.6,2.0,-8.722952198115367,-15.69899899391887,-8.722952198115367,-15.69899899391887,3.492580171463003,-9.80783255224044,-0.278485177525954
5191.0,207.64000000000001,2.0,-8.758989370987345,-15.56881646736459,-8.758989370987345,-15.56881646736459,3.494785122826373,-9.80783255224044,-0.278485177525954
5192.0,207.68,2.0,-8.794175069019202,-15.438633940810305,-8.794175069019202,-15.438633940810305,3.4969600696839187,-9.80783255224044,-0.278485177525954
5193.0,207.72,2.0,-8.828509776008131,-15.308451414256021,-8.828509776008131,-15.308451414256021,3.499107834713101,-9.80783255224044,-0.278485177525954
5194.0,207.76,2.0,-8.861990040945985,-15.178268887701737,-8.861990040945985,-15.178268887701737,3.5012280579574018,-9.80783255224044,-0.278485177525954
5195.0,207.8,2.0,-8.894631195508637,-15.048086361147456,-8.894631195508637,-15.048086361147456,3.503324202984231,-9.80783255224044,-0.278485177525954
5196.0,207.84,2.0,-8.926401431441898,-14.917903834593172,-8.926401431441898,-14.917903834593172,3.5053987905126998,-9.80783255224044,-0.278485177525954
5197.0,207.88,2.0,-8.957299630401883,-14.78772130803889,-8.957299630401883,-14.78772130803889,3.5074528795201125,-9.80783255224044,-0.278485177525954
5198.0,207.92000000000002,2.0,-8.987324690347943,-14.657538781484604,-8.987324690347943,-14.657538781484604,3.509487528983771,-9.80783255224044,-0.278485177525954
5199.0,207.96,2.0,-9.01647552283931,-14.527356254930323,-9.01647552283931,-14.527356254930323,3.511503797880978,-9.80783255224044,-0.278485177525954
5200.0,208.0,2.0,-9.044748441578816,-14.397173728376039,-9.044748441578816,-14.397173728376039,3.5134981931408547,-9.80783255224044,-0.278485177525954
5201.0,208.04,2.0,-9.072144833809968,-14.266991201821753,-9.072144833809968,-14.266991201821753,3.5154706250263192,-9.80783255224044,-0.278485177525954
5202.0,208.08,2.0,-9.098676076466319,-14.135933288229584,-9.098676076466319,-14.135933288229584,3.5174232112263266,-9.80783255224044,-0.278485177525954
5203.0,208.12,2.0,-9.124346743078256,-14.00371662490496,-9.124346743078256,-14.00371662490496,3.519356759204827,-9.80783255224044,-0.278485177525954
5204.0,208.16,2.0,-9.149182511102936,-13.871499961580337,-9.149182511102936,-13.871499961580337,3.5212671316087394,-9.80783255224044,-0.278485177525954
5205.0,208.20000000000002,2.0,-9.173185681548672,-13.739283298255712,-9.173185681548672,-13.739283298255712,3.5231551782430617,-9.80783255224044,-0.278485177525954
5206.0,208.24,2.0,-9.196370642741352,-13.60706663493109,-9.196370642741352,-13.60706663493109,3.52502188912899,-9.80783255224044,-0.278485177525954
5207.0,208.28,2.0,-9.218739170199893,-13.474849971606467,-9.218739170199893,-13.474849971606467,3.5268676464161977,-9.80783255224044,-0.278485177525954
5208.0,208.32,2.0,-9.24028421030728,-13.342633308281844,-9.24028421030728,-13.342633308281844,3.5286932011413277,-9.80783255224044,-0.278485177525954
5209.0,208.36,2.0,-9.26100609145807,-13.21041664495722,-9.26100609145807,-13.21041664495722,3.5304992799254467,-9.80783255224044,-0.278485177525954
5210.0,208.4,2.0,-9.280878793175757,-13.078199981632599,-9.280878793175757,-13.078199981632599,3.5322835433902307,-9.80783255224044,-0.278485177525954
5211.0,208.44,2.0,-9.299916350251495,-12.945983318307976,-9.299916350251495,-12.945983318307976,3.5340472171066866,-9.80783255224044,-0.278485177525954
5212.0,208.48000000000002,2.0,-9.31812805694463,-12.813766654983349,-9.31812805694463,-12.813766654983349,3.535790174460305,-9.80783255224044,-0.278485177525954
5213.0,208.52,2.0,-9.335489614348079,-12.681549991658727,-9.335489614348079,-12.681549991658727,3.537519231945016,-9.80783255224044,-0.278485177525954
5214.0,208.56,2.0,-9.352002329095544,-12.549333328334104,-9.352002329095544,-12.549333328334104,3.539232510172986,-9.80783255224044,-0.278485177525954
5215.0,208.6,2.0,-9.367654649590092,-12.417116665009482,-9.367654649590092,-12.417116665009482,3.5409276495250683,-9.80783255224044,-0.278485177525954
5216.0,208.64000000000001,2.0,-9.382477907037616,-12.284900001684857,-9.382477907037616,-12.284900001684857,3.5426015579075827,-9.80783255224044,-0.278485177525954
5217.0,208.68,2.0,-9.39647283287948,-12.152683338360236,-9.39647283287948,-12.152683338360236,3.5442526049686602,-9.80783255224044,-0.278485177525954
5218.0,208.72,2.0,-9.409640235043359,-12.02046667503561,-9.409640235043359,-12.02046667503561,3.5458791603564297,-9.80783255224044,-0.278485177525954
5219.0,208.76,2.0,-9.42198100326573,-11.88825001171099,-9.42198100326573,-11.88825001171099,3.547479593719022,-9.80783255224044,-0.278485177525954
5220.0,208.8,2.0,-9.433498723141406,-11.756033348386364,-9.433498723141406,-11.756033348386364,3.549056826752747,-9.80783255224044,-0.278485177525954
5221.0,208.84,2.0,-9.444192007292731,-11.62381668506174,-9.444192007292731,-11.62381668506174,3.55061037782012,-9.80783255224044,-0.278485177525954
5222.0,208.88,2.0,-9.454049581758296,-11.491600021737119,-9.454049581758296,-11.491600021737119,3.5521375578576166,-9.80783255224044,-0.278485177525954
5223.0,208.92000000000002,2.0,-9.463067081594962,-11.359383358412495,-9.463067081594962,-11.359383358412495,3.5536369880267196,-9.80783255224044,-0.278485177525954
5224.0,208.96,2.0,-9.471209884482843,-11.227166695087872,-9.471209884482843,-11.227166695087872,3.5551018534056866,-9.80783255224044,-0.278485177525954
5225.0,209.0,2.0,-9.478470504945333,-11.094950031763247,-9.478470504945333,-11.094950031763247,3.5565323604260204,-9.80783255224044,-0.278485177525954
5226.0,209.04,2.0,-9.484864280494584,-10.962733368438625,-9.484864280494584,-10.962733368438625,3.5579285789335446,-9.80783255224044,-0.278485177525954
5227.0,209.08,2.0,-9.490419941356159,-10.830516705114002,-9.490419941356159,-10.830516705114002,3.5592925213956335,-9.80783255224044,-0.278485177525954
5228.0,209.12,2.0,-9.495131138832328,-10.698300041789379,-9.495131138832328,-10.698300041789379,3.5606229331625285,-9.80783255224044,-0.278485177525954
5229.0,209.16,2.0,-9.498984257558806,-10.566083378464755,-9.498984257558806,-10.566083378464755,3.5619185840000545,-9.80783255224044,-0.278485177525954
5230.0,209.20000000000002,2.0,-9.501973768112656,-10.433866715140132,-9.501973768112656,-10.433866715140132,3.563178795420743,-9.80783255224044,-0.278485177525954
5231.0,209.24,2.0,-9.504112469362145,-10.301884973391724,-9.504112469362145,-10.301884973391724,3.564401765448386,-9.80783255224044,-0.278485177525954
5232.0,209.28,2.0,-9.50539331691819,-10.170135580896199,-9.50539331691819,-10.170135580896199,3.565587984595689,-9.80783255224044,-0.278485177525954
5233.0,209.32,2.0,-9.505860637864808,-10.038620016865218,-9.505860637864808,-10.038620016865218,3.566728293746905,-9.80783255224044,-0.278485177525954
5234.0,209.36,2.0,-9.505419679264449,-9.907388056414975,-9.505419679264449,-9.907388056414975,3.5678210919247184,-9.80783255224044,-0.278485177525954
5235.0,209.4,2.0,-9.50397710616783,-9.776492343702426,-9.50397710616783,-9.776492343702426,3.568864778151814,-9.80783255224044,-0.278485177525954
5236.0,209.44,2.0,-9.501441084842414,-9.645988350595282,-9.501441084842414,-9.645988350595282,3.5698577514508765,-9.80783255224044,-0.278485177525954
5237.0,209.48000000000002,2.0,-9.497721364794291,-9.515934332959787,-9.497721364794291,-9.515934332959787,3.5707984108445894,-9.80783255224044,-0.278485177525954
5238.0,209.52,2.0,-9.49272935951585,-9.3863912846014,-9.49272935951585,-9.3863912846014,3.5716851553556377,-9.80783255224044,-0.278485177525954
5239.0,209.56,2.0,-9.486378225892683,-9.257422888895398,-9.486378225892683,-9.257422888895398,3.572516384006706,-9.80783255224044,-0.278485177525954
5240.0,209.6,2.0,-9.4785829422042,-9.129095468146346,-9.4785829422042,-9.129095468146346,3.5732904958204776,-9.80783255224044,-0.278485177525954
5241.0,209.64000000000001,2.0,-9.469260384653643,-9.001477930717147,-9.469260384653643,-9.001477930717147,3.5740058898196363,-9.80783255224044,-0.278485177525954
5242.0,209.68,2.0,-9.458329402364225,-8.874641715970268,-9.458329402364225,-8.874641715970268,3.574660965026869,-9.80783255224044,-0.278485177525954
5243.0,209.72,2.0,-9.447398420074805,-8.748660737065475,-9.447398420074805,-8.748660737065475,3.575254120464858,-9.80783255224044,-0.278485177525954
5244.0,209.76,2.0,-9.436467437785385,-8.623587358573468,-9.436467437785385,-8.623587358573468,3.575876243668348,-9.80783255224044,-0.278485177525954
5245.0,209.8,2.0,-9.425536455495966,-8.49950762171498,-9.425536455495966,-8.49950762171498,3.5765864604404394,-9.80783255224044,-0.278485177525954
5246.0,209.84,2.0,-9.414605473206548,-8.37650338937218,-9.414605473206548,-8.37650338937218,3.5773847707811295,-9.80783255224044,-0.278485177525954
5247.0,209.88,2.0,-9.403674490917128,-8.254670546259197,-9.403674490917128,-8.254670546259197,3.57827117469042,-9.80783255224044,-0.278485177525954
5248.0,209.92000000000002,2.0,-9.39485034093661,-8.134089181723416,-9.39485034093661,-8.134089181723416,3.57924567216831,-9.80783255224044,-0.278485177525954
5249.0,209.96,2.0,-9.388435519388702,-8.01484147256294,-9.388435519388702,-8.01484147256294,3.5803082632148007,-9.80783255224044,-0.278485177525954
5250.0,210.0,2.0,-9.384445526233616,-7.897017081249808,-9.384445526233616,-7.897017081249808,3.581458947829891,-9.80783255224044,-0.278485177525954
5251.0,210.04,2.0,-9.38289398050178,-7.780687254500649,-9.38289398050178,-7.780687254500649,3.582697726013581,-9.80783255224044,-0.278485177525954
5252.0,210.08,2.0,-9.383792607523807,-7.6659536942584445,-9.383792607523807,-7.6659536942584445,3.584024597765871,-9.80783255224044,-0.278485177525954
5253.0,210.12,2.0,-9.387151227658794,-7.552919994072215,-9.387151227658794,-7.552919994072215,3.5854395630867617,-9.80783255224044,-0.278485177525954
5254.0,210.16,2.0,-9.392977746529935,-7.441641438328848,-9.392977746529935,-7.441641438328848,3.5869426219762515,-9.80783255224044,-0.278485177525954
5255.0,210.20000000000002,2.0,-9.401278146775228,-7.332172037514766,-9.401278146775228,-7.332172037514766,3.5885337744343415,-9.80783255224044,-0.278485177525954
5256.0,210.24,2.0,-9.412056481319935,-7.224564487322209,-9.412056481319935,-7.224564487322209,3.590213020461032,-9.80783255224044,-0.278485177525954
5257.0,210.28,2.0,-9.425314868176118,-7.118870128792625,-9.425314868176118,-7.118870128792625,3.5919803600563225,-9.80783255224044,-0.278485177525954
5258.0,210.32,2.0,-9.441053486773502,-7.015138909528683,-9.441053486773502,-7.015138909528683,3.5938357932202116,-9.80783255224044,-0.278485177525954
5259.0,210.36,2.0,-9.459270575824585,-6.913419346005557,-9.459270575824585,-6.913419346005557,3.595779319952702,-9.80783255224044,-0.278485177525954
5260.0,210.4,2.0,-9.479962432725806,-6.813758487011265,-9.479962432725806,-6.813758487011265,3.5978109402537917,-9.80783255224044,-0.278485177525954
5261.0,210.44,2.0,-9.503123414495262,-6.716201878244942,-9.503123414495262,-6.716201878244942,3.5999306541234817,-9.80783255224044,-0.278485177525954
5262.0,210.48000000000002,2.0,-9.528745940246338,-6.620793528101025,-9.528745940246338,-6.620793528101025,3.6021384615617715,-9.80783255224044,-0.278485177525954
5263.0,210.52,2.0,-9.556820495195355,-6.527575874666376,-9.556820495195355,-6.527575874666376,3.6044343625686612,-9.80783255224044,-0.278485177525954
5264.0,210.56,2.0,-9.587335636200107,-6.436589753956428,-9.587335636200107,-6.436589753956428,3.6068183571441517,-9.80783255224044,-0.278485177525954
5265.0,210.6,2.0,-9.620277998824989,-6.347874369415415,-9.620277998824989,-6.347874369415415,3.609290445288241,-9.80783255224044,-0.278485177525954
5266.0,210.64000000000001,2.0,-9.655632305927199,-6.261467262704811,-9.655632305927199,-6.261467262704811,3.611850627000931,-9.80783255224044,-0.278485177525954
5267.0,210.68,2.0,-9.693381377757257,-6.177404285803029,-9.693381377757257,-6.177404285803029,3.614498902282221,-9.80783255224044,-0.278485177525954
5268.0,210.72,2.0,-9.733506143565927,-6.095719574438393,-9.733506143565927,-6.095719574438393,3.6172352711321105,-9.80783255224044,-0.278485177525954
5269.0,210.76,2.0,-9.775985654708432,-6.016445522876401,-9.775985654708432,-6.016445522876401,3.6200597335505997,-9.80783255224044,-0.278485177525954
5270.0,210.8,2.0,-9.820797099235607,-5.939612760081142,-9.820797099235607,-5.939612760081142,3.6229722895376897,-9.80783255224044,-0.278485177525954
5271.0,210.84,2.0,-9.867915817960576,-5.865250127269721,-9.867915817960576,-5.865250127269721,3.625972939093379,-9.80783255224044,-0.278485177525954
5272.0,210.88,2.0,-9.917315321988228,-5.793384656877345,-9.917315321988228,-5.793384656877345,3.629061682217669,-9.80783255224044,-0.278485177525954
5273.0,210.92000000000002,2.0,-9.968967311693717,-5.724041552949746,-9.968967311693717,-5.724041552949746,3.6322385189105586,-9.80783255224044,-0.278485177525954
5274.0,210.96,2.0,-10.022841697135036,-5.657244172978327,-10.022841697135036,-5.657244172978327,3.635503449172048,-9.80783255224044,-0.278485177525954
5275.0,211.0,2.0,-10.078906619883517,-5.593014011192417,-10.078906619883517,-5.593014011192417,3.638856473002138,-9.80783255224044,-0.278485177525954
5276.0,211.04,2.0,-10.137128476255109,-5.531370683321748,-10.137128476255109,-5.531370683321748,3.642297590400827,-9.80783255224044,-0.278485177525954
5277.0,211.08,2.0,-10.197471941924052,-5.472331912841229,-10.197471941924052,-5.472331912841229,3.645826801368116,-9.80783255224044,-0.278485177525954
5278.0,211.12,2.0,-10.259899997899536,-5.415913518708751,-10.259899997899536,-5.415913518708751,3.6494441059040055,-9.80783255224044,-0.278485177525954
5279.0,211.16,2.0,-10.324373957844866,-5.362129404605794,-10.324373957844866,-5.362129404605794,3.6531495040084945,-9.80783255224044,-0.278485177525954
5280.0,211.20000000000002,2.0,-10.390853496717547,-5.310991549689172,-10.390853496717547,-5.310991549689172,3.656942995681584,-9.80783255224044,-0.278485177525954
5281.0,211.24,2.0,-10.459296680707661,-5.262510000861276,-10.459296680707661,-5.262510000861276,3.660824580923274,-9.80783255224044,-0.278485177525954
5282.0,211.28,2.0,-10.529659998450954,-5.216692866564823,-10.529659998450954,-5.216692866564823,3.664794259733563,-9.80783255224044,-0.278485177525954
5283.0,211.32,2.0,-10.60189839349192,-5.173546312106975,-10.60189839349192,-5.173546312106975,3.6688520321124525,-9.80783255224044,-0.278485177525954
5284.0,211.36,2.0,-10.675965297971272,-5.133074556516482,-10.675965297971272,-5.133074556516482,3.6729978980599416,-9.80783255224044,-0.278485177525954
5285.0,211.4,2.0,-10.750032202450624,-5.095279870936274,-10.750032202450624,-5.095279870936274,3.677231857576031,-9.80783255224044,-0.278485177525954
5286.0,211.44,2.0,-10.824099106929976,-5.060162578552695,-10.824099106929976,-5.060162578552695,3.6815539106607194,-9.80783255224044,-0.278485177525954
5287.0,211.48000000000002,2.0,-10.898166011409332,-5.027721056061416,-10.898166011409332,-5.027721056061416,3.6859640573140084,-9.80783255224044,-0.278485177525954
5288.0,211.52,2.0,-10.972232915888684,-4.997951736668766,-10.972232915888684,-4.997951736668766,3.6904622975358974,-9.80783255224044,-0.278485177525954
5289.0,211.56,2.0,-11.046299820368036,-4.970849114626066,-11.046299820368036,-4.970849114626066,3.695048631326387,-9.80783255224044,-0.278485177525954
5290.0,211.6,2.0,-11.120366724847388,-4.946405751293325,-11.120366724847388,-4.946405751293325,3.6997230586854757,-9.80783255224044,-0.278485177525954
5291.0,211.64000000000001,2.0,-11.19443362932674,-4.924612282727411,-11.19443362932674,-4.924612282727411,3.704485579613165,-9.80783255224044,-0.278485177525954
5292.0,211.68,2.0,-11.268500533806094,-4.905457428788651,-11.268500533806094,-4.905457428788651,3.709336194109454,-9.80783255224044,-0.278485177525954
5293.0,211.72,2.0,-11.342567438285448,-4.888928003758589,-11.342567438285448,-4.888928003758589,3.7142749021743433,-9.80783255224044,-0.278485177525954
5294.0,211.76,2.0,-11.416634342764798,-4.875008928460423,-11.416634342764798,-4.875008928460423,3.7193017038078318,-9.80783255224044,-0.278485177525954
5295.0,211.8,2.0,-11.49070124724415,-4.863683243872482,-11.49070124724415,-4.863683243872482,3.72441659900992,-9.80783255224044,-0.278485177525954
5296.0,211.84,2.0,-11.564768151723504,-4.854932126223886,-11.564768151723504,-4.854932126223886,3.7296195877806095,-9.80783255224044,-0.278485177525954
5297.0,211.88,2.0,-11.638835056202856,-4.848734903560399,-11.638835056202856,-4.848734903560399,3.734910670119898,-9.80783255224044,-0.278485177525954
5298.0,211.92000000000002,2.0,-11.712901960682208,-4.84477976620966,-11.712901960682208,-4.84477976620966,3.7402898460277867,-9.80783255224044,-0.278485177525954
5299.0,211.96,2.0,-11.786968865161562,-4.8398000510355965,-11.786968865161562,-4.8398000510355965,3.7457571155042757,-9.80783255224044,-0.278485177525954
5300.0,212.0,2.0,-11.861035769640916,-4.832135803151348,-11.861035769640916,-4.832135803151348,3.751312478549364,-9.80783255224044,-0.278485177525954
5301.0,212.04,2.0,-11.935102674120268,-4.821760551126329,-11.935102674120268,-4.821760551126329,3.7569559351630533,-9.80783255224044,-0.278485177525954
5302.0,212.08,2.0,-12.00916957859962,-4.808649635284737,-12.00916957859962,-4.808649635284737,3.7626874853453414,-9.80783255224044,-0.278485177525954
5303.0,212.12,2.0,-12.083236483078972,-4.792780227603639,-12.083236483078972,-4.792780227603639,3.7685071290962306,-9.80783255224044,-0.278485177525954
5304.0,212.16,2.0,-12.157303387558326,-4.774131350172093,-12.157303387558326,-4.774131350172093,3.7744148664157184,-9.80783255224044,-0.278485177525954
5305.0,212.20000000000002,2.0,-12.23137029203768,-4.752683892196684,-12.23137029203768,-4.752683892196684,3.780410697303807,-9.80783255224044,-0.278485177525954
5306.0,212.24,2.0,-12.305437196517031,-4.728420625539972,-12.305437196517031,-4.728420625539972,3.786494621760496,-9.80783255224044,-0.278485177525954
5307.0,212.28,2.0,-12.379504100996384,-4.70132621877956,-12.379504100996384,-4.70132621877956,3.792666639785784,-9.80783255224044,-0.278485177525954
5308.0,212.32,2.0,-12.453571005475737,-4.671387249776614,-12.453571005475737,-4.671387249776614,3.7989267513796725,-9.80783255224044,-0.278485177525954
5309.0,212.36,2.0,-12.52763790995509,-4.6385922167438745,-12.52763790995509,-4.6385922167438745,3.805274956542161,-9.80783255224044,-0.278485177525954
5310.0,212.4,2.0,-12.601704814434441,-4.602931547804383,-12.601704814434441,-4.602931547804383,3.8117112552732495,-9.80783255224044,-0.278485177525954
5311.0,212.44,2.0,-12.675771718913797,-4.5643976090333345,-12.675771718913797,-4.5643976090333345,3.8182356475729375,-9.80783255224044,-0.278485177525954
5312.0,212.48000000000002,2.0,-12.749838623393149,-4.523089319180555,-12.749838623393149,-4.523089319180555,3.8248483543352254,-9.80783255224044,-0.278485177525954
5313.0,212.52,2.0,-12.823905527872501,-4.479106947936281,-12.823905527872501,-4.479106947936281,3.831549596454115,-9.80783255224044,-0.278485177525954
5314.0,212.56,2.0,-12.897972432351853,-4.432552038725709,-12.897972432351853,-4.432552038725709,3.8383395948236054,-9.80783255224044,-0.278485177525954
5315.0,212.6,2.0,-12.972039336831205,-4.383527330494056,-12.972039336831205,-4.383527330494056,3.845218570337696,-9.80783255224044,-0.278485177525954
5316.0,212.64000000000001,2.0,-13.046106241310559,-4.332136678542554,-13.046106241310559,-4.332136678542554,3.8521867438903894,-9.80783255224044,-0.278485177525954
5317.0,212.68,2.0,-13.120173145789913,-4.278834674642396,-13.120173145789913,-4.278834674642396,3.859202862572847,-9.80783255224044,-0.278485177525954
5318.0,212.72,2.0,-13.194240050269265,-4.225204167060401,-13.194240050269265,-4.225204167060401,3.8662460653145745,-9.80783255224044,-0.278485177525954
5319.0,212.76,2.0,-13.268306954748619,-4.169878912332171,-13.268306954748619,-4.169878912332171,3.87332969958246,-9.80783255224044,-0.278485177525954
5320.0,212.8,2.0,-13.34237385922797,-4.1138663063977505,-13.34237385922797,-4.1138663063977505,3.8804274428368624,-9.80783255224044,-0.278485177525954
5321.0,212.84,2.0,-13.416440763707323,-4.05603668293414,-13.416440763707323,-4.05603668293414,3.8875849938715477,-9.80783255224044,-0.278485177525954
5322.0,212.88,2.0,-13.490507668186675,-3.9971102189695698,-13.490507668186675,-3.9971102189695698,3.894773498151559,-9.80783255224044,-0.278485177525954
5323.0,212.92000000000002,2.0,-13.564574572666025,-3.9365804587284137,-13.564574572666025,-3.9365804587284137,3.902014456206299,-9.80783255224044,-0.278485177525954
5324.0,212.96,2.0,-13.63864147714538,-3.8745589950638006,-13.63864147714538,-3.8745589950638006,3.9093032540899446,-9.80783255224044,-0.278485177525954
5325.0,213.0,2.0,-13.712708381624733,-3.8111467001393438,-13.712708381624733,-3.8111467001393438,3.916638104609751,-9.80783255224044,-0.278485177525954
5326.0,213.04,2.0,-13.786775286104085,-3.7464687328549813,-13.786775286104085,-3.7464687328549813,3.9240078614427114,-9.80783255224044,-0.278485177525954
5327.0,213.08,2.0,-13.860842190583437,-3.6806247947107646,-13.860842190583437,-3.6806247947107646,3.93141105764616,-9.80783255224044,-0.278485177525954
5328.0,213.12,2.0,-13.934909095062789,-3.6137144767222105,-13.934909095062789,-3.6137144767222105,3.938846226277432,-9.80783255224044,-0.278485177525954
5329.0,213.16,2.0,-14.008975999542143,-3.545837166983257,-14.008975999542143,-3.545837166983257,3.946311900393862,-9.80783255224044,-0.278485177525954
5330.0,213.20000000000002,2.0,-14.083042904021497,-3.4770919584558495,-14.083042904021497,-3.4770919584558495,3.953806613052783,-9.80783255224044,-0.278485177525954
5331.0,213.24,2.0,-14.157109808500849,-3.4075775570622504,-14.157109808500849,-3.4075775570622504,3.961328897311532,-9.80783255224044,-0.278485177525954
5332.0,213.28,2.0,-14.231176712980202,-3.3372875819520487,-14.231176712980202,-3.3372875819520487,3.968877065333442,-9.80783255224044,-0.278485177525954
5333.0,213.32,2.0,-14.305243617459555,-3.2662156811515533,-14.305243617459555,-3.2662156811515533,3.9764494292818475,-9.80783255224044,-0.278485177525954
5334.0,213.36,2.0,-14.379310521938907,-3.194355521681298,-14.379310521938907,-3.194355521681298,3.984038833096792,-9.80783255224044,-0.278485177525954
5335.0,213.4,2.0,-14.453377426418259,-3.121700779751879,-14.453377426418259,-3.121700779751879,3.9915918061022855,-9.80783255224044,-0.278485177525954
5336.0,213.44,2.0,-14.527444330897614,-3.048245131050404,-14.527444330897614,-3.048245131050404,3.999133069018292,-9.80783255224044,-0.278485177525954
5337.0,213.48000000000002,2.0,-14.601511235376966,-2.9739610446457223,-14.601511235376966,-2.9739610446457223,4.006670531910336,-9.80783255224044,-0.278485177525954
5338.0,213.52,2.0,-14.675578139856318,-2.8963796541797566,-14.675578139856318,-2.8963796541797566,4.0142880162101795,-9.80783255224044,-0.278485177525954
5339.0,213.56,2.0,-14.749810206156653,-2.8179007680276005,-14.749810206156653,-2.8179007680276005,4.021917500033379,-9.80783255224044,-0.278485177525954
5340.0,213.6,2.0,-14.82619604223872,-2.737256253560556,-14.82619604223872,-2.737256253560556,4.029614506564372,-9.80783255224044,-0.278485177525954
5341.0,213.64000000000001,2.0,-14.90473727409428,-2.655672043030956,-14.90473727409428,-2.655672043030956,4.037291574823531,-9.80783255224044,-0.278485177525954
5342.0,213.68,2.0,-14.985433597848331,-2.5725247126760737,-14.985433597848331,-2.5725247126760737,4.045022863984245,-9.80783255224044,-0.278485177525954
5343.0,213.72,2.0,-15.068282781514174,-2.488417862470479,-15.068282781514174,-2.488417862470479,4.052713047793809,-9.80783255224044,-0.278485177525954
5344.0,213.76,2.0,-15.153280668282946,-2.403337338069689,-15.153280668282946,-2.403337338069689,4.060436078483897,-9.80783255224044,-0.278485177525954
5345.0,213.8,2.0,-15.238278555051716,-2.317279903361292,-15.238278555051716,-2.317279903361292,4.068121034165151,-9.80783255224044,-0.278485177525954
5346.0,213.84,2.0,-15.32327644182049,-2.230218136206299,-15.32327644182049,-2.230218136206299,4.0758386408181355,-9.80783255224044,-0.278485177525954
5347.0,213.88,2.0,-15.408274328589261,-2.1421500757546283,-15.408274328589261,-2.1421500757546283,4.0835310470516895,-9.80783255224044,-0.278485177525954
5348.0,213.92000000000002,2.0,-15.493272215358033,-2.0530737787988906,-15.493272215358033,-2.0530737787988906,4.091248184750693,-9.80783255224044,-0.278485177525954
5349.0,213.96,2.0,-15.578270102126805,-1.9629873156480817,-15.578270102126805,-1.9629873156480817,4.099007363145549,-9.80783255224044,-0.278485177525954
5350.0,214.0,2.0,-15.663267988895575,-1.871888766019732,-15.663267988895575,-1.871888766019732,4.106807401161952,-9.80783255224044,-0.278485177525954
5351.0,214.04,2.0,-15.748265875664346,-1.779776214951742,-15.748265875664346,-1.779776214951742,4.114647117725601,-9.80783255224044,-0.278485177525954
5352.0,214.08,2.0,-15.83326376243312,-1.6866477487351283,-15.83326376243312,-1.6866477487351283,4.122525331762188,-9.80783255224044,-0.278485177525954
5353.0,214.12,2.0,-15.91826164920189,-1.592501450868919,-15.91826164920189,-1.592501450868919,4.130440862197409,-9.80783255224044,-0.278485177525954
5354.0,214.16,2.0,-16.003259535970663,-1.497335398038402,-16.003259535970663,-1.497335398038402,4.13839252795696,-9.80783255224044,-0.278485177525954
5355.0,214.20000000000002,2.0,-16.088257422739435,-1.4011476561179466,-16.088257422739435,-1.4011476561179466,4.146379147966537,-9.80783255224044,-0.278485177525954
5356.0,214.24,2.0,-16.173255309508207,-1.3039362761995978,-16.173255309508207,-1.3039362761995978,4.154399541151835,-9.80783255224044,-0.278485177525954
5357.0,214.28,2.0,-16.25825319627698,-1.2056992906486428,-16.25825319627698,-1.2056992906486428,4.162452526438551,-9.80783255224044,-0.278485177525954
5358.0,214.32,2.0,-16.343251083045747,-1.106434709187333,-16.343251083045747,-1.106434709187333,4.170536922752377,-9.80783255224044,-0.278485177525954
5359.0,214.36,2.0,-16.42824896981452,-1.0061927988826087,-16.42824896981452,-1.0061927988826087,4.1786564774164825,-9.80783255224044,-0.278485177525954
5360.0,214.4,2.0,-16.513246856583294,-0.905004836500463,-16.513246856583294,-0.905004836500463,4.186811165309789,-9.80783255224044,-0.278485177525954
5361.0,214.44,2.0,-16.598244743352065,-0.8028742268146541,-16.598244743352065,-0.8028742268146541,4.195000986432295,-9.80783255224044,-0.278485177525954
5362.0,214.48000000000002,2.0,-16.683242630120834,-0.6998044179458677,-16.683242630120834,-0.6998044179458677,4.203225940784003,-9.80783255224044,-0.278485177525954
5363.0,214.52,2.0,-16.768240516889605,-0.5957989012031938,-16.768240516889605,-0.5957989012031938,4.211486028364913,-9.80783255224044,-0.278485177525954
5364.0,214.56,2.0,-16.853238403658377,-0.4908612109236144,-16.853238403658377,-0.4908612109236144,4.219781249175023,-9.80783255224044,-0.278485177525954
5365.0,214.6,2.0,-16.93823629042715,-0.38499492430951454,-16.93823629042715,-0.38499492430951454,4.228111603214334,-9.80783255224044,-0.278485177525954
5366.0,214.64000000000001,2.0,-17.023234177195924,-0.27820366126421936,-17.023234177195924,-0.27820366126421936,4.236477090482846,-9.80783255224044,-0.278485177525954
5367.0,214.68,2.0,-17.108232063964692,-0.1704910842255676,-17.108232063964692,-0.1704910842255676,4.244877710980558,-9.80783255224044,-0.278485177525954
5368.0,214.72,2.0,-17.193229950733464,-0.06186089799752895,-17.193229950733464,-0.06186089799752895,4.253313464707472,-9.80783255224044,-0.278485177525954
5369.0,214.76,2.0,-17.278227837502236,0.047683150420128405,-17.278227837502236,0.047683150420128405,4.261784351663586,-9.80783255224044,-0.278485177525954
5370.0,214.8,2.0,-17.363225724271008,0.1581372720041104,-17.363225724271008,0.1581372720041104,4.270290371848902,-9.80783255224044,-0.278485177525954
5371.0,214.84,2.0,-17.44822361103978,0.26949763588180325,-17.44822361103978,0.26949763588180325,4.278831525263418,-9.80783255224044,-0.278485177525954
5372.0,214.88,2.0,-17.53322149780855,0.3817603695074048,-17.53322149780855,0.3817603695074048,4.287407811907135,-9.80783255224044,-0.278485177525954
5373.0,214.92000000000002,2.0,-17.618219384577323,0.49492155883997235,-17.618219384577323,0.49492155883997235,4.296019231780053,-9.80783255224044,-0.278485177525954
5374.0,214.96,2.0,-17.703217271346094,0.6089772485233801,-17.703217271346094,0.6089772485233801,4.3046657848821726,-9.80783255224044,-0.278485177525954
5375.0,215.0,2.0,-17.788215158114866,0.7239234420681763,-17.788215158114866,0.7239234420681763,4.3133474712134925,-9.80783255224044,-0.278485177525954
5376.0,215.04,2.0,-17.873213044883638,0.8397561020353335,-17.873213044883638,0.8397561020353335,4.322064290774014,-9.80783255224044,-0.278485177525954
5377.0,215.08,2.0,-17.958210931652406,0.9564711502218807,-17.958210931652406,0.9564711502218807,4.330816243563736,-9.80783255224044,-0.278485177525954
5378.0,215.12,2.0,-18.04320881842118,1.0740644678484137,-18.04320881842118,1.0740644678484137,4.339603329582658,-9.80783255224044,-0.278485177525954
5379.0,215.16,2.0,-18.128206705189953,1.1925318957484692,-18.128206705189953,1.1925318957484692,4.348425548830782,-9.80783255224044,-0.278485177525954
5380.0,215.20000000000002,2.0,-18.213204591958725,1.3118692345597576,-18.213204591958725,1.3118692345597576,4.357282901308107,-9.80783255224044,-0.278485177525954
5381.0,215.24,2.0,-18.297955397649712,1.4320722449172454,-18.297955397649712,1.4320722449172454,4.366175387014633,-9.80783255224044,-0.278485177525954
5382.0,215.28,2.0,-18.382072124379096,1.553136647648078,-18.382072124379096,1.553136647648078,4.375103005950359,-9.80783255224044,-0.278485177525954
5383.0,215.32,2.0,-18.465548945721665,1.6750581239683315,-18.465548945721665,1.6750581239683315,4.384065758115287,-9.80783255224044,-0.278485177525954
5384.0,215.36,2.0,-18.54838006466963,1.7978323156815899,-18.54838006466963,1.7978323156815899,4.393063643509415,-9.80783255224044,-0.278485177525954
5385.0,215.4,2.0,-18.630559713899263,1.9214548253793335,-18.630559713899263,1.9214548253793335,4.402096662132744,-9.80783255224044,-0.278485177525954
5386.0,215.44,2.0,-18.71208215603612,2.04592121664313,-18.71208215603612,2.04592121664313,4.411164813985275,-9.80783255224044,-0.278485177525954
5387.0,215.48000000000002,2.0,-18.792941683918954,2.1712270142486227,-18.792941683918954,2.1712270142486227,4.420268099067005,-9.80783255224044,-0.278485177525954
5388.0,215.52,2.0,-18.873132620862194,2.297367704371302,-18.873132620862194,2.297367704371302,4.429406517377938,-9.80783255224044,-0.278485177525954
5389.0,215.56,2.0,-18.952649320917015,2.424338734794053,-18.952649320917015,2.424338734794053,4.438580068918071,-9.80783255224044,-0.278485177525954
5390.0,215.6,2.0,-19.031486169131046,2.552135515116469,-19.031486169131046,2.552135515116469,4.447788753687405,-9.80783255224044,-0.278485177525954
5391.0,215.64000000000001,2.0,-19.109637581806595,2.680753416965923,-19.109637581806595,2.680753416965923,4.457032571685939,-9.80783255224044,-0.278485177525954
5392.0,215.68,2.0,-19.18709800675747,2.8101877742103825,-19.18709800675747,2.8101877742103825,4.466311522913675,-9.80783255224044,-0.278485177525954
5393.0,215.72,2.0,-19.26386192356435,2.9404338831729664,-19.26386192356435,2.9404338831729664,4.475625607370612,-9.80783255224044,-0.278485177525954
5394.0,215.76,2.0,-19.339923843828657,3.0714870028482237,-19.339923843828657,3.0714870028482237,4.484974825056749,-9.80783255224044,-0.278485177525954
5395.0,215.8,2.0,-19.415278311425038,3.202466968082244,-19.415278311425038,3.202466968082244,4.494359175972088,-9.80783255224044,-0.278485177525954
5396.0,215.84,2.0,-19.48991990275225,3.333085601173577,-19.48991990275225,3.333085601173577,4.503778660116628,-9.80783255224044,-0.278485177525954
5397.0,215.88,2.0,-19.563843226982662,3.464496800178325,-19.563843226982662,3.464496800178325,4.513233277490368,-9.80783255224044,-0.278485177525954
5398.0,215.92000000000002,2.0,-19.637042926310166,3.5966956769737637,-19.637042926310166,3.5966956769737637,4.522723028093309,-9.780784868102904,-0.278485177525954
5399.0,215.96,2.0,-19.7095136761966,3.729677307215562,-19.7095136761966,3.729677307215562,4.5322479119254515,-9.726689499827831,-0.278485177525954
5400.0,216.0,2.0,-19.78125018561667,3.8634367305642137,-19.78125018561667,3.8634367305642137,4.5418079289867945,-9.64554644741522,-0.278485177525954
5401.0,216.04,2.0,-19.852247197301264,3.997968950913123,-19.852247197301264,3.997968950913123,4.551403079277338,-9.537355710865077,-0.278485177525954
5402.0,216.08,2.0,-19.92249948797928,4.133268936618343,-19.92249948797928,4.133268936618343,4.561033362797084,-9.402117290177396,-0.278485177525954
5403.0,216.12,2.0,-19.992001868617862,4.269331620729938,-19.992001868617862,4.269331620729938,4.57069877954603,-9.239831185352177,-0.278485177525954
5404.0,216.16,2.0,-20.060749184661034,4.406151901224978,-20.060749184661034,4.406151901224978,4.580399329524176,-9.049864849039594,-0.2784625300233503
5405.0,216.20000000000002,2.0,-20.128736316266814,4.543724641242147,-20.128736316266814,4.543724641242147,4.590135012731524,-8.833015636386875,-0.278359833606852
5406.0,216.24,2.0,-20.195958178542657,4.682044669317946,-20.195958178542657,4.682044669317946,4.599905829168073,-8.589239654254355,-0.2779942072714855
5407.0,216.28,2.0,-20.26240972177936,4.8211067796244995,-20.26240972177936,4.8211067796244995,4.609711778833822,-8.318639547606493,-0.2774345133640393
5408.0,216.32,2.0,-20.32808593168329,4.9609057322089285,-20.32808593168329,4.9609057322089285,4.619552861728773,-8.021389875009728,-0.27661381450052147
5409.0,216.36,2.0,-20.39298182960703,5.101436253234309,-20.39298182960703,5.101436253234309,4.629429077852925,-7.697663893329992,-0.2755887014397907
5410.0,216.4,2.0,-20.45709247277835,5.242693035222174,-20.45709247277835,5.242693035222174,4.639340427206276,-7.3481066682927025,-0.2743924508867945
5411.0,216.44,2.0,-20.520412954527536,5.3846707372965765,-20.520412954527536,5.3846707372965765,4.64928690978883,-6.9733918085400415,-0.27308697617580524
5412.0,216.48000000000002,2.0,-20.582938404513104,5.527363985429681,-20.582938404513104,5.527363985429681,4.659268525600584,-6.573909297168019,-0.27171339344177386
5413.0,216.52,2.0,-20.64466398894575,5.670767372688878,-20.64466398894575,5.670767372688878,4.669285274641539,-6.149999384946518,-0.26931120730963837
5414.0,216.56,2.0,-20.705584910810725,5.814875459485423,-20.705584910810725,5.814875459485423,4.679337156911695,-5.7016620718755355,-0.2658804177793988
5415.0,216.6,2.0,-20.765696410088424,5.959682773824563,-20.765696410088424,5.959682773824563,4.689424172411052,-5.228897357955074,-0.26142102485105506
5416.0,216.64000000000001,2.0,-20.824993763973342,6.1051838115571675,-20.824993763973342,6.1051838115571675,4.699511187910409,-4.731705243185133,-0.25593302852460725
5417.0,216.68,2.0,-20.883472287091298,6.251373036632829,-20.883472287091298,6.251373036632829,4.709598203409766,-4.258563417560125,-0.24941642880005538
5418.0,216.72,2.0,-20.941127331714906,6.398244881354439,-20.941127331714906,6.398244881354439,4.719685218909123,-3.810013800582002,-0.24181513022732146
5419.0,216.76,2.0,-20.997954287977368,6.545793746634206,-20.997954287977368,6.545793746634206,4.72977223440848,-3.3852590371035287,-0.23312913280640543
5420.0,216.8,2.0,-21.05394858408448,6.694014002251141,-21.05394858408448,6.694014002251141,4.739859249907837,-2.9865732581567945,-0.22335843653730733
5421.0,216.84,2.0,-21.109105686524927,6.842899987109947,-21.109105686524927,6.842899987109947,4.7499462654071944,-2.6132935796653376,-0.21250304142002716
5422.0,216.88,1.0,-21.16342110027876,6.992446009501353,-21.16342110027876,6.992446009501353,4.760033280906551,-2.26444130202336,-0.20056294745456493
5423.0,216.92000000000002,1.0,-21.216890369024185,7.142646347363841,-21.216890369024185,7.142646347363841,4.770120296405908,-1.9421911481067884,-0.18756080214352436
5424.0,216.96,1.0,-21.269509075342487,7.293495248546778,-21.269509075342487,7.293495248546778,4.780207311905265,-1.6468170143552268,-0.1739693225513457
5425.0,217.0,1.0,-21.321272840921218,7.444986931074921,-21.321272840921218,7.444986931074921,4.790294327404622,-1.377738296708298,-0.15969221839382577
5426.0,217.04,1.0,-21.372177326755583,7.5971155834143165,-21.372177326755583,7.5971155834143165,4.800381342903979,-1.1354345921345783,-0.1451370596091083
5427.0,217.08,1.0,-21.42221823334799,7.749875364739526,-21.42221823334799,7.749875364739526,4.810468358403336,-0.9197804535097641,-0.13030192123439663
5428.0,217.12,1.0,-21.47139130090581,7.903260405202235,-21.47139130090581,7.903260405202235,4.820555373902693,-0.7306026239679193,-0.11520352932640619
5429.0,217.16,0.0,-21.519692309537295,8.057264806201164,-21.519692309537295,8.057264806201164,4.830642389402049,-0.5672560377836277,-0.09975201642133062
5430.0,217.20000000000002,1.0,-21.567117079445662,8.211882640653336,-21.567117079445662,8.211882640653336,4.840729404901406,-0.4290670863147086,-0.0844097276742481
5431.0,217.24,0.0,-21.61366147112135,8.367107953266618,-21.61366147112135,8.367107953266618,4.850816420400764,-0.31488343149105064,-0.06913554695020778
5432.0,217.28,0.0,-21.659321385532422,8.522934760813595,-21.659321385532422,8.522934760813595,4.860903435900121,-0.2248190845776567,-0.05488996962427152
5433.0,217.32,0.0,-21.70409276431305,8.679357052406695,-21.70409276431305,8.679357052406695,4.870990451399478,-0.15777143983054712,-0.04167299569643937
5434.0,217.36,0.0,-21.74797158995023,8.836368789774625,-21.74797158995023,8.836368789774625,4.8810774668988355,-0.11374049724972184,-0.029484625166711312
5435.0,217.4,0.0,-21.790953885968516,8.993963907540024,-21.790953885968516,8.993963907540024,4.8911644823981915,-0.09272625683518086,-0.018324858035087363
5436.0,217.44,0.0,-21.83303571711294,9.152136313498405,-21.83303571711294,9.152136313498405,4.901251497897548,-0.07329871273004657,-0.008193694301567502
5437.0,217.48000000000002,0.0,-21.874213189530003,9.310879888898288,-21.874213189530003,9.310879888898288,4.911250419828305,-0.05491594543236912,0.0008527705837702862
5438.0,217.52,0.0,-21.91448245094678,9.470188488722606,-21.91448245094678,9.470188488722606,4.9211612481904625,-0.03978600877257814,0.008814536620926005
5439.0,217.56,0.0,-21.953839690848067,9.630055941971259,-21.953839690848067,9.630055941971259,4.93098398298402,-0.02563477171858393,0.015429637215504648
5440.0,217.6,0.0,-21.992281140651663,9.790476051944916,-21.992281140651663,9.790476051944916,4.9407186242089765,-0.013125118346849412,0.020660108250360548
5441.0,217.64000000000001,0.0,-22.027696241572812,9.951442596529969,-22.027696241572812,9.951442596529969,4.950365171865334,-0.0032357482631713576,0.024505949725493716
5442.0,217.68,0.0,-22.059778813289668,10.112949328484673,-22.059778813289668,10.112949328484673,4.959923625953091,0.005575514058546544,0.026967161640904135
5443.0,217.72,0.0,-22.088509714091067,10.274989975726417,-22.088509714091067,10.274989975726417,4.969393986472248,0.01437992020514186,0.028459059649741356
5444.0,217.76,1.0,-22.113871725810288,10.437558241620172,-22.113871725810288,10.437558241620172,4.978776253422805,0.022552972976565427,0.028702472462828293
5445.0,217.8,0.0,-22.135849566760655,10.600647805268041,-22.135849566760655,10.600647805268041,4.988070426804763,0.0306769143058582,0.02817383236509739
5446.0,217.84,2.0,-22.154429903170772,10.764252321799937,-22.154429903170772,10.764252321799937,4.997276506618119,0.03880085563515097,0.027097828289718507
5447.0,217.88,2.0,-22.169601359110544,10.92836542266537,-22.169601359110544,10.92836542266537,5.006394492862878,0.042659035067078015,0.025547777052265803
5448.0,217.92000000000002,2.0,-22.18135452490004,11.092980715926299,-22.18135452490004,11.092980715926299,5.015424385539035,0.04651721449900506,0.023473467325462617
5449.0,217.96,2.0,-22.189681963994694,11.258091786551082,-22.189681963994694,11.258091786551082,5.024366184646592,0.05037539393093211,0.021399157598659433
5450.0,218.0,2.0,-22.194578218341366,11.423692196709494,-22.194578218341366,11.423692196709494,5.033219890185549,0.053471218388759824,0.01932484787185625
5451.0,218.04,2.0,-22.19603981220111,11.58977548606877,-22.19603981220111,11.58977548606877,5.041985502155907,0.05625894990737178,0.01725053814505307
5452.0,218.08,2.0,-22.194065254435674,11.7563351720907,-22.194065254435674,11.7563351720907,5.050663020557664,0.057635982742788194,0.015176228418249884
5453.0,218.12,2.0,-22.188655039255927,11.923364750329732,-22.188655039255927,11.923364750329732,5.059252445390822,0.05760231689500909,0.013101918691446699
5454.0,218.16,2.0,-22.179811645431695,12.090857694732104,-22.179811645431695,12.090857694732104,5.06775377665538,0.05615795236403443,0.011027608964643516
5455.0,218.20000000000002,2.0,-22.16753953396367,12.258807457935955,-22.16753953396367,12.258807457935955,5.076167014351337,0.053302889149864245,0.008953299237840334
5456.0,218.24,2.0,-22.151845144219273,12.42720747157241,-22.151845144219273,12.42720747157241,5.084492158478694,0.049037127252498515,0.006878989511037149
5457.0,218.28,2.0,-22.132736888535533,12.596051146567651,-22.132736888535533,12.596051146567651,5.092729209037452,0.04477136535513279,0.004804679784233966
5458.0,218.32,2.0,-22.110225145293374,12.765331873445916,-22.110225145293374,12.765331873445916,5.10087816602761,0.04050560345776707,0.002992336651825785
5459.0,218.36,2.0,-22.084322250468773,12.935043022633472,-22.084322250468773,12.935043022633472,5.108939029449167,0.03623984156040133,0.0014799242309582745
5460.0,218.4,2.0,-22.055042487667478,13.105177944763469,-22.055042487667478,13.105177944763469,5.116911799302126,0.031974079663035615,0.0002674425216314332
5461.0,218.44,2.0,-22.022402076651296,13.27572997098173,-22.022402076651296,13.27572997098173,5.124796475586482,0.02770831776566989,-0.0006451084761547383
5462.0,218.48000000000002,2.0,-21.98641916036505,13.446692413253446,-21.98641916036505,13.446692413253446,5.132593058302241,0.023442555868304158,-0.0012577287624002402
5463.0,218.52,2.0,-21.9471137904744,13.618058564670735,-21.9471137904744,13.618058564670735,5.140301547449399,0.01917679397093843,-0.0015704183371050724
5464.0,218.56,2.0,-21.904507911426162,13.789821699761063,-21.904507911426162,13.789821699761063,5.147921943027956,0.014911032073572706,-0.001583177200269235
5465.0,218.6,2.0,-21.8586253430437,13.961975074796548,-21.8586253430437,13.961975074796548,5.155454245037914,0.010645270176206978,-0.0015895566318513132
5466.0,218.64000000000001,2.0,-21.809491761671147,14.134173684095394,-21.809491761671147,14.134173684095394,5.162898453479272,0.010645270176206978,-0.0015895566318513132
5467.0,218.68,2.0,-21.757134679881535,14.306372293394244,-21.757134679881535,14.306372293394244,5.17025456835203,0.010645270176206978,-0.0015895566318513132
5468.0,218.72,2.0,-21.701583424764777,14.478570902693091,-21.701583424764777,14.478570902693091,5.177522589656188,0.010645270176206978,-0.0015895566318513132
5469.0,218.76,2.0,-21.64286911481286,14.650769511991937,-21.64286911481286,14.650769511991937,5.184702517391746,0.010645270176206978,-0.0015895566318513132
5470.0,218.8,2.0,-21.58102463542046,14.822968121290785,-21.58102463542046,14.822968121290785,5.191794351558704,0.010645270176206978,-0.0015895566318513132
5471.0,218.84,2.0,-21.516084613020443,14.995166730589633,-21.516084613020443,14.995166730589633,5.1987980921570625,0.010645270176206978,-0.0015895566318513132
5472.0,218.88,2.0,-21.448085387874755,15.16736533988848,-21.448085387874755,15.16736533988848,5.2057137391868205,0.010645270176206978,-0.0015895566318513132
5473.0,218.92000000000002,2.0,-21.377064985542244,15.339563949187328,-21.377064985542244,15.339563949187328,5.212541292647979,0.010645270176206978,-0.0015895566318513132
5474.0,218.96,2.0,-21.303063087046013,15.511762558486174,-21.303063087046013,15.511762558486174,5.219280752540536,0.010645270176206978,-0.0015895566318513132
5475.0,219.0,2.0,-21.226120997763996,15.683961167785021,-21.226120997763996,15.683961167785021,5.225932118864495,0.010645270176206978,-0.0015895566318513132
5476.0,219.04,2.0,-21.146281615067277,15.856159777083867,-21.146281615067277,15.856159777083867,5.232495391619853,0.010645270176206978,-0.0015895566318513132
5477.0,219.08,2.0,-21.063589394731963,16.028358386382717,-21.063589394731963,16.028358386382717,5.238970570806611,0.010645270176206978,-0.0015895566318513132
5478.0,219.12,2.0,-20.979870781211616,16.200556995681563,-20.979870781211616,16.200556995681563,5.24535765642477,0.010645270176206978,-0.0015895566318513132
5479.0,219.16,2.0,-20.89512375671477,16.372755604980412,-20.89512375671477,16.372755604980412,5.251656648474328,0.010645270176206978,-0.0015895566318513132
5480.0,219.20000000000002,2.0,-20.80934635073608,16.544954214279258,-20.80934635073608,16.544954214279258,5.2578675469552865,0.010645270176206978,-0.0015895566318513132
5481.0,219.24,2.0,-20.72253664014699,16.717152823578108,-20.72253664014699,16.717152823578108,5.263990351867645,0.010645270176206978,-0.0015895566318513132
5482.0,219.28,2.0,-20.634692749284156,16.889351432876953,-20.634692749284156,16.889351432876953,5.270025063211404,0.010645270176206978,-0.0015895566318513132
5483.0,219.32,2.0,-20.545812850035723,17.0615500421758,-20.545812850035723,17.0615500421758,5.2759716809865616,0.010645270176206978,-0.0015895566318513132
5484.0,219.36,2.0,-20.455895161925397,17.23374865147465,-20.455895161925397,17.23374865147465,5.2818302051931205,0.010645270176206978,-0.0015895566318513132
5485.0,219.4,2.0,-20.364937952194346,17.405947260773495,-20.364937952194346,17.405947260773495,5.287600635831079,0.010645270176206978,-0.0015895566318513132
5486.0,219.44,2.0,-20.27293953588087,17.57814587007234,-20.27293953588087,17.57814587007234,5.293282972900437,0.010645270176206978,-0.0015895566318513132
5487.0,219.48000000000002,2.0,-20.179898275897916,17.750344479371186,-20.179898275897916,17.750344479371186,5.298877216401197,0.010645270176206978,-0.0015895566318513132
5488.0,219.52,2.0,-20.085812583108364,17.922543088670036,-20.085812583108364,17.922543088670036,5.304383366333354,0.010645270176206978,-0.0015895566318513132
5489.0,219.56,2.0,-19.99068091639811,18.094741697968885,-19.99068091639811,18.094741697968885,5.309801422696912,0.010645270176206978,-0.0015895566318513132
5490.0,219.6,2.0,-19.89450178274694,18.26694030726773,-19.89450178274694,18.26694030726773,5.315131385491871,0.010645270176206978,-0.0015895566318513132
5491.0,219.64000000000001,2.0,-19.79727373729721,18.438849609008955,-19.79727373729721,18.438849609008955,5.32037325471823,0.010645270176206978,-0.0015895566318513132
5492.0,219.68,2.0,-19.698995383420282,18.60810263990408,-19.698995383420282,18.60810263990408,5.325527030375989,0.010645270176206978,-0.0015895566318513132
5493.0,219.72,2.0,-19.599665372780766,18.77467113808902,-19.599665372780766,18.77467113808902,5.3305927124651475,0.010645270176206978,-0.0015895566318513132
5494.0,219.76,2.0,-19.499282405398525,18.938528632133185,-19.499282405398525,18.938528632133185,5.335570300985706,0.010645270176206978,-0.0015895566318513132
5495.0,219.8,2.0,-19.397845229708455,19.09965046236078,-19.397845229708455,19.09965046236078,5.340459795937665,0.010645270176206978,-0.0015895566318513132
5496.0,219.84,2.0,-19.29535264261807,19.25801380074887,-19.29535264261807,19.25801380074887,5.345261197321024,0.010645270176206978,-0.0015895566318513132
5497.0,219.88,2.0,-19.1918034895628,19.41359766938651,-19.1918034895628,19.41359766938651,5.349974505135783,0.010645270176206978,-0.0015895566318513132
5498.0,219.92000000000002,2.0,-19.087196664559105,19.566382957480286,-19.087196664559105,19.566382957480286,5.354599719381943,0.010645270176206978,-0.0015895566318513132
5499.0,219.96,2.0,-18.981531110255347,19.716352436892763,-18.981531110255347,19.716352436892763,5.359136840059501,0.010645270176206978,-0.0015895566318513132
5500.0,220.0,2.0,-18.87480581798039,19.86349077620154,-18.87480581798039,19.86349077620154,5.363585867168461,0.010645270176206978,-0.0015895566318513132
5501.0,220.04,2.0,-18.767019827790026,20.007784553267783,-18.767019827790026,20.007784553267783,5.367946800708819,0.010645270176206978,-0.0015895566318513132
5502.0,220.08,2.0,-18.658172228511077,20.14922226630423,-18.658172228511077,20.14922226630423,5.372219640680578,0.010645270176206978,-0.0015895566318513132
5503.0,220.12,2.0,-18.54826215778333,20.287794343433923,-18.54826215778333,20.287794343433923,5.3764043870837375,0.010645270176206978,-0.0015895566318513132
5504.0,220.16,2.0,-18.437288802099186,20.423493150732064,-18.437288802099186,20.423493150732064,5.380501039918297,0.010645270176206978,-0.0015895566318513132
5505.0,220.20000000000002,2.0,-18.325251396841068,20.556417606948468,-18.325251396841068,20.556417606948468,5.3845093782902556,0.010645270176206978,-0.0015895566318513132
5506.0,220.24,2.0,-18.21214922631658,20.686667981773383,-18.21214922631658,20.686667981773383,5.388429181305614,0.010645270176206978,-0.0015895566318513132
5507.0,220.28,2.0,-18.097981623791426,20.814345818632,-18.097981623791426,20.814345818632,5.392260228070372,0.010645270176206978,-0.0015895566318513132
5508.0,220.32,2.0,-17.982747971520066,20.939553856469534,-17.982747971520066,20.939553856469534,5.396002297690528,0.010645270176206978,-0.0015895566318513132
5509.0,220.36,2.0,-17.86644770077412,21.062395950587216,-17.86644770077412,21.062395950587216,5.399655169272083,0.010645270176206978,-0.0015895566318513132
5510.0,220.4,2.0,-17.74908029186852,21.183326692756246,-17.74908029186852,21.183326692756246,5.403260095723872,0.010645270176206978,-0.0015895566318513132
5511.0,220.44,2.0,-17.63064527418542,21.30392893124344,-17.63064527418542,21.30392893124344,5.406837938116392,0.010645270176206978,-0.0015895566318513132
5512.0,220.48000000000002,2.0,-17.511142226195798,21.422836422584396,-17.511142226195798,21.422836422584396,5.4097138516795065,0.010645270176206978,-0.0015895566318513132
5513.0,220.52,2.0,-17.390570775478892,21.541056562719167,-17.390570775478892,21.541056562719167,5.410983021271008,0.010645270176206978,-0.0015895566318513132
5514.0,220.56,2.0,-17.268930598739264,21.657459685324742,-17.268930598739264,21.657459685324742,5.410599748097133,0.010645270176206978,-0.0015895566318513132
5515.0,220.6,2.0,-17.14622142182171,21.772765967429354,-17.14622142182171,21.772765967429354,5.408592886692837,0.010645270176206978,-0.0015895566318513132
5516.0,220.64000000000001,2.0,-17.022443019723834,21.88646895325739,-17.022443019723834,21.88646895325739,5.404940936528718,0.010645270176206978,-0.0015895566318513132
5517.0,220.68,2.0,-16.897595216606394,21.99868023566196,-16.897595216606394,21.99868023566196,5.399648511550599,0.010645270176206978,-0.0015895566318513132
5518.0,220.72,2.0,-16.771677885801395,22.10950068680669,-16.771677885801395,22.10950068680669,5.392717398951227,0.010645270176206978,-0.0015895566318513132
5519.0,220.76,2.0,-16.6446909498179,22.219055465591516,-16.6446909498179,22.219055465591516,5.384158745053607,0.010645270176206978,-0.0015895566318513132
5520.0,220.8,2.0,-16.51663438034557,22.327444273516488,-16.51663438034557,22.327444273516488,5.3739740168004015,0.010645270176206978,-0.0015895566318513132
5521.0,220.84,2.0,-16.387508198255997,22.434766701597123,-16.387508198255997,22.434766701597123,5.36216468113428,0.010645270176206978,-0.0015895566318513132
5522.0,220.88,2.0,-16.257312473601694,22.541122137927353,-16.257312473601694,22.541122137927353,5.348732204997905,0.010645270176206978,-0.0015895566318513132
5523.0,220.92000000000002,2.0,-16.12604732561288,22.646609675469133,-16.12604732561288,22.646609675469133,5.333678055333945,0.010645270176206978,-0.0015895566318513132
5524.0,220.96,2.0,-15.993706436702679,22.751328020144722,-15.993706436702679,22.751328020144722,5.317004124187201,0.010645270176206978,-0.0015895566318513132
5525.0,221.0,2.0,-15.860291859954623,22.855270791103706,-15.860291859954623,22.855270791103706,5.298711321002642,0.010645270176206978,-0.0015895566318513132
5526.0,221.04,2.0,-15.725803185892579,22.958431636372396,-15.725803185892579,22.958431636372396,5.278911363652389,0.010645270176206978,-0.0015895566318513132
5527.0,221.08,2.0,-15.590233436769946,23.060804222971335,-15.590233436769946,23.060804222971335,5.259088898212306,0.010645270176206978,-0.0015895566318513132
5528.0,221.12,2.0,-15.453579087426567,23.162382227111095,-15.453579087426567,23.162382227111095,5.239245612519059,0.010645270176206978,-0.0015895566318513132
5529.0,221.16,2.0,-15.315836657416847,23.26315932447881,-15.315836657416847,23.26315932447881,5.219383194409314,0.010645270176206978,-0.0015895566318513132
5530.0,221.20000000000002,2.0,-15.177002710567228,23.363107984143316,-15.177002710567228,23.363107984143316,5.19948894197617,0.010645270176206978,-0.0015895566318513132
5531.0,221.24,2.0,-15.037073854531972,23.459759339746537,-15.037073854531972,23.459759339746537,5.179462208913987,0.010645270176206978,-0.0015895566318513132
5532.0,221.28,2.0,-14.896046740347362,23.55551319966357,-14.896046740347362,23.55551319966357,5.159403990207599,0.010645270176206978,-0.0015895566318513132
5533.0,221.32,2.0,-14.7539445309773,23.649101431265713,-14.7539445309773,23.649101431265713,5.139263502153988,0.010645270176206978,-0.0015895566318513132
5534.0,221.36,2.0,-14.610766727426547,23.741749966805298,-14.610766727426547,23.741749966805298,5.119089091563892,0.010645270176206978,-0.0015895566318513132
5535.0,221.4,2.0,-14.46653983207168,23.832835382519608,-14.46653983207168,23.832835382519608,5.09885455191932,0.010645270176206978,-0.0015895566318513132
5536.0,221.44,2.0,-14.321262412449624,23.922961278383198,-14.321262412449624,23.922961278383198,5.078584031766647,0.010645270176206978,-0.0015895566318513132
5537.0,221.48000000000002,2.0,-14.17493309569429,24.01211350005159,-14.17493309569429,24.01211350005159,5.05827556517702,0.010645270176206978,-0.0015895566318513132
5538.0,221.52,2.0,-14.027550574587073,24.100288811412383,-14.027550574587073,24.100288811412383,5.0379300129746625,0.010645270176206978,-0.0015895566318513132
5539.0,221.56,2.0,-13.87911361359088,24.187459790326578,-13.87911361359088,24.187459790326578,5.017538876853539,0.010645270176206978,-0.0015895566318513132
5540.0,221.6,2.0,-13.729621054865827,24.27362447594409,-13.729621054865827,24.27362447594409,4.997103337887955,0.010645270176206978,-0.0015895566318513132
5541.0,221.64000000000001,2.0,-13.579017226205327,24.358780925057545,-13.579017226205327,24.358780925057545,4.976624577152212,0.010645270176206978,-0.0015895566318513132
5542.0,221.68,2.0,-13.427246805211276,24.442927207975917,-13.427246805211276,24.442927207975917,4.956103775720618,0.010645270176206978,-0.0015895566318513132
5543.0,221.72,2.0,-13.274254852677462,24.526061404416758,-13.274254852677462,24.526061404416758,4.935542114667475,0.010645270176206978,-0.0015895566318513132
5544.0,221.76,2.0,-13.1199933317986,24.608181599417954,-13.1199933317986,24.608181599417954,4.914940775067088,0.010645270176206978,-0.0015895566318513132
5545.0,221.8,2.0,-12.964406333716363,24.68928587927053,-12.964406333716363,24.68928587927053,4.894300937993763,0.010645270176206978,-0.0015895566318513132
5546.0,221.84,2.0,-12.807440943588006,24.76937232747351,-12.807440943588006,24.76937232747351,4.873623784521803,0.010645270176206978,-0.0015895566318513132
5547.0,221.88,2.0,-12.649051378926112,24.848439020712178,-12.649051378926112,24.848439020712178,4.852910495725513,0.010645270176206978,-0.0015895566318513132
5548.0,221.92000000000002,2.0,-12.489189001146851,24.926484024860905,-12.489189001146851,24.926484024860905,4.832162252679197,0.010645270176206978,-0.0015895566318513132
5549.0,221.96,2.0,-12.32780575560891,25.00350539101175,-12.32780575560891,25.00350539101175,4.811380236457161,0.010645270176206978,-0.0015895566318513132
5550.0,222.0,2.0,-12.164854203970867,25.07950115152998,-12.164854203970867,25.07950115152998,4.790565628133708,0.010645270176206978,-0.0015895566318513132
5551.0,222.04,2.0,-12.000287556283997,25.154469316137853,-12.000287556283997,25.154469316137853,4.769719608783142,0.010645270176206978,-0.0015895566318513132
5552.0,222.08,2.0,-11.834059702806513,25.228460151902322,-11.834059702806513,25.228460151902322,4.748838431082299,0.010645270176206978,-0.0015895566318513132
5553.0,222.12,2.0,-11.666098776532452,25.301504935589364,-11.666098776532452,25.301504935589364,4.727922120152253,0.010645270176206978,-0.0015895566318513132
5554.0,222.16,2.0,-11.496357357845277,25.373607071972742,-11.496357357845277,25.373607071972742,4.7069706759930074,0.010645270176206978,-0.0015895566318513132
5555.0,222.20000000000002,2.0,-11.3247618416326,25.44477000917314,-11.3247618416326,25.44477000917314,4.685984098604561,0.010645270176206978,-0.0015895566318513132
5556.0,222.24,2.0,-11.151267403608744,25.51499723849965,-11.151267403608744,25.51499723849965,4.664962387986913,0.010645270176206978,-0.0015895566318513132
5557.0,222.28,2.0,-10.975830035641348,25.58429229428926,-10.975830035641348,25.58429229428926,4.643905544140065,0.010645270176206978,-0.0015895566318513132
5558.0,222.32,2.0,-10.798406569103175,25.652658753744348,-10.798406569103175,25.652658753744348,4.622813567064015,0.010645270176206978,-0.0015895566318513132
5559.0,222.36,2.0,-10.618954697866455,25.720100236768236,-10.618954697866455,25.720100236768236,4.601686456758765,0.010645270176206978,-0.0015895566318513132
5560.0,222.4,2.0,-10.437433000928817,25.78662040579878,-10.437433000928817,25.78662040579878,4.580524213224314,0.010645270176206978,-0.0015895566318513132
5561.0,222.44,2.0,-10.253855562719473,25.852222965639925,-10.253855562719473,25.852222965639925,4.559326836460661,0.010645270176206978,-0.0015895566318513132
5562.0,222.48000000000002,2.0,-10.068237136754504,25.91691166329145,-10.068237136754504,25.91691166329145,4.538094326467808,0.010645270176206978,-0.0015895566318513132
5563.0,222.52,2.0,-9.880593139659714,25.97984592786301,-9.880593139659714,25.97984592786301,4.516826683245754,0.010645270176206978,-0.0015895566318513132
5564.0,222.56,2.0,-9.690939644921007,26.040995396796443,-9.690939644921007,26.040995396796443,4.495523906794499,0.010645270176206978,-0.0015895566318513132
5565.0,222.6,2.0,-9.49929337636493,26.100330075600144,-9.49929337636493,26.100330075600144,4.474185997114043,0.010645270176206978,-0.0015895566318513132
5566.0,222.64000000000001,2.0,-9.305671701372104,26.1578203506625,-9.305671701372104,26.1578203506625,4.452812954204386,0.010645270176206978,-0.0015895566318513132
5567.0,222.68,2.0,-9.110092623826468,26.213437001921104,-9.110092623826468,26.213437001921104,4.431404778065529,0.010645270176206978,-0.0015895566318513132
5568.0,222.72,2.0,-8.912574776803305,26.267151215382547,-8.912574776803305,26.267151215382547,4.40996146869747,0.010645270176206978,-0.0015895566318513132
5569.0,222.76,2.0,-8.71313741499913,26.31893459548721,-8.71313741499913,26.31893459548721,4.388483026100211,0.010645270176206978,-0.0015895566318513132
5570.0,222.8,2.0,-8.511800406906673,26.368759177314004,-8.511800406906673,26.368759177314004,4.36696945027375,0.010645270176206978,-0.0015895566318513132
5571.0,222.84,2.0,-8.308584226738294,26.416597438619704,-8.308584226738294,26.416597438619704,4.3454207412180885,0.010645270176206978,-0.0015895566318513132
5572.0,222.88,2.0,-8.103509946101171,26.462422311707794,-8.103509946101171,26.462422311707794,4.323836898933226,0.010645270176206978,-0.0015895566318513132
5573.0,222.92000000000002,2.0,-7.896599225427902,26.50620719512182,-7.896599225427902,26.50620719512182,4.302217923419162,0.010645270176206978,-0.0015895566318513132
5574.0,222.96,2.0,-7.688121386243853,26.54792596515815,-7.688121386243853,26.54792596515815,4.280563814675899,0.010645270176206978,-0.0015895566318513132
5575.0,223.0,2.0,-7.4784862378476955,26.587552987193302,-7.4784862378476955,26.587552987193302,4.258874572703434,0.010645270176206978,-0.0015895566318513132
5576.0,223.04,2.0,-7.267722979765627,26.625063126821047,-7.267722979765627,26.625063126821047,4.237150197501768,0.010645270176206978,-0.0015895566318513132
5577.0,223.08,2.0,-7.055861334281893,26.660431760794395,-7.055861334281893,26.660431760794395,4.215390689070901,0.010645270176206978,-0.0015895566318513132
5578.0,223.12,2.0,-6.842931536436055,26.693634787767948,-6.842931536436055,26.693634787767948,4.193596047410832,0.010645270176206978,-0.0015895566318513132
5579.0,223.16,2.0,-6.62896432380026,26.72464863883595,-6.62896432380026,26.72464863883595,4.171766272521563,0.010645270176206978,-0.0015895566318513132
5580.0,223.20000000000002,2.0,-6.413990926040775,26.753450287861558,-6.413990926040775,26.753450287861558,4.149901364403094,0.010645270176206978,-0.0015895566318513132
5581.0,223.24,2.0,-6.198043054268089,26.780017261592853,-6.198043054268089,26.780017261592853,4.1280013230554236,0.010645270176206978,-0.0015895566318513132
5582.0,223.28,2.0,-5.981152890180032,26.804327649561447,-5.981152890180032,26.804327649561447,4.1060661484785514,0.010645270176206978,-0.0015895566318513132
5583.0,223.32,2.0,-5.763353075002366,26.82636011375921,-5.763353075002366,26.82636011375921,4.084095840672479,0.010645270176206978,-0.0015895566318513132
5584.0,223.36,2.0,-5.546181027252491,26.846093898089247,-5.546181027252491,26.846093898089247,4.0620903996372055,0.010645270176206978,-0.0015895566318513132
5585.0,223.4,2.0,-5.329699967227287,26.86350883758683,-5.329699967227287,26.86350883758683,4.040049825372732,0.010645270176206978,-0.0015895566318513132
5586.0,223.44,2.0,-5.113915415346085,26.87858536740652,-5.113915415346085,26.87858536740652,4.017974117879056,0.010645270176206978,-0.0015895566318513132
5587.0,223.48000000000002,2.0,-4.898832860007446,26.89130453157157,-4.898832860007446,26.89130453157157,3.99586327715618,0.010645270176206978,-0.0015895566318513132
5588.0,223.52,2.0,-4.68445775733674,26.90164799148188,-4.68445775733674,26.90164799148188,3.9737173032041024,0.010645270176206978,-0.0015895566318513132
5589.0,223.56,2.0,-4.470795530935198,26.909598034176806,-4.470795530935198,26.909598034176806,3.9515361960228246,0.010645270176206978,-0.0015895566318513132
5590.0,223.6,2.0,-4.257851571630458,26.915137580349377,-4.257851571630458,26.915137580349377,3.9293199556123457,0.010645270176206978,-0.0015895566318513132
5591.0,223.64000000000001,2.0,-4.04563123722863,26.918250192108427,-4.04563123722863,26.918250192108427,3.907068581972666,0.010645270176206978,-0.0015895566318513132
5592.0,223.68,2.0,-3.834139852267866,26.918920080485325,-3.834139852267866,26.918920080485325,3.8847820751037845,0.010645270176206978,-0.0015895566318513132
5593.0,223.72,2.0,-3.6233827077734713,26.917132112682083,-3.6233827077734713,26.917132112682083,3.8624604350057035,0.010645270176206978,-0.0015895566318513132
5594.0,223.76,2.0,-3.4133650610145496,26.912871819057752,-3.4133650610145496,26.912871819057752,3.840103661678421,0.010645270176206978,-0.0015895566318513132
5595.0,223.8,2.0,-3.204092135262202,26.906125399850062,-3.204092135262202,26.906125399850062,3.8177117551219366,0.010645270176206978,-0.0015895566318513132
5596.0,223.84,2.0,-2.9955691195492964,26.89687973162951,-2.9955691195492964,26.89687973162951,3.795284715336253,0.010645270176206978,-0.0015895566318513132
5597.0,223.88,2.0,-2.7878011684317956,26.885122373482993,-2.7878011684317956,26.885122373482993,3.7728225423213675,0.010645270176206978,-0.0015895566318513132
5598.0,223.92000000000002,2.0,-2.580793401751692,26.87084157292445,-2.580793401751692,26.87084157292445,3.7503252360772805,0.010645270176206978,-0.0015895566318513132
5599.0,223.96,2.0,-2.3745509044015205,26.854026271529893,-2.3745509044015205,26.854026271529893,3.727792796603994,0.010645270176206978,-0.0015895566318513132
5600.0,224.0,2.0,-2.169078726090491,26.834666110294428,-2.169078726090491,26.834666110294428,3.7052252239015053,0.010645270176206978,-0.0015895566318513132
5601.0,224.04,2.0,-1.9643818811122318,26.812751434708964,-1.9643818811122318,26.812751434708964,3.6826225179698158,0.010645270176206978,-0.0015895566318513132
5602.0,224.08,2.0,-1.7604653481141652,26.788273299554383,-1.7604653481141652,26.788273299554383,3.6599846788089256,0.010645270176206978,-0.0015895566318513132
5603.0,224.12,2.0,-1.5573340698685212,26.761223473411178,-1.5573340698685212,26.761223473411178,3.6373117064188354,0.010645270176206978,-0.0015895566318513132
5604.0,224.16,2.0,-1.3549929530450031,26.7315944428825,-1.3549929530450031,26.7315944428825,3.6146036007995432,0.010645270176206978,-0.0015895566318513132
5605.0,224.20000000000002,2.0,-1.1534468679851098,26.699379416528863,-1.1534468679851098,26.699379416528863,3.59186036195105,0.010645270176206978,-0.0015895566318513132
5606.0,224.24,2.0,-0.9527006484781332,26.664572328512808,-0.9527006484781332,26.664572328512808,3.5690819898733572,0.010645270176206978,-0.0015895566318513132
5607.0,224.28,2.0,-0.7527590915388339,26.627167841951877,-0.7527590915388339,26.627167841951877,3.546268484566462,0.010645270176206978,-0.0015895566318513132
5608.0,224.32,2.0,-0.5536269571868089,26.587161351978498,-0.5536269571868089,26.587161351978498,3.5234198460303663,0.010645270176206978,-0.0015895566318513132
5609.0,224.36,2.0,-0.3553089682275608,26.544548988505387,-0.3553089682275608,26.544548988505387,3.500571207494271,0.010645270176206978,-0.0015895566318513132
5610.0,224.4,2.0,-0.15780981003527952,26.499327618695347,-0.15780981003527952,26.499327618695347,3.477722568958175,0.010645270176206978,-0.0015895566318513132
5611.0,224.44,2.0,0.03886586966265649,26.45149484913424,0.03886586966265649,26.45149484913424,3.4548739304220795,0.009450663479228764,-0.0014977566680741624
5612.0,224.48000000000002,2.0,0.2347134609994454,26.40104902770634,0.2347134609994454,26.40104902770634,3.4320252918859846,0.007071306109917989,-0.001316239750386025
5613.0,224.52,2.0,0.4297283921808873,26.347989245171053,0.4297283921808873,26.347989245171053,3.409176653349889,0.003510833189167363,-0.0010457820535039687
5614.0,224.56,2.0,0.6239061296956576,26.29231533644047,0.6239061296956576,26.29231533644047,3.386328014813793,-0.001037319516429419,-0.0007207997721845669
5615.0,224.6,2.0,0.8172421785238203,26.23402788155701,0.8172421785238203,26.23402788155701,3.3634793762776978,-0.006573152006872356,-0.0003412929064278202
5616.0,224.64000000000001,2.0,1.0097320823435705,26.17312820637084,1.0097320823435705,26.17312820637084,3.3406307377416016,-0.013096664282161448,9.273854376627156e-05
5617.0,224.68,2.0,1.2013714237361979,26.109618382916622,1.2013714237361979,26.109618382916622,3.3177820992055063,-0.020607856342296695,0.0005812945783977083
5618.0,224.72,2.0,1.392155824389259,26.043501229489507,1.392155824389259,26.043501229489507,3.2949334606694114,-0.029106728187278098,0.00112437519746649
5619.0,224.76,2.0,1.5820809452979525,25.974780310420183,1.5820809452979525,25.974780310420183,3.272084822133315,-0.0376056000322595,0.001721980400972617
5620.0,224.8,2.0,1.7711424869646881,25.903459935549126,1.7711424869646881,25.903459935549126,3.2492361835972194,-0.0461044718772409,0.0026890278298854734
5621.0,224.84,2.0,1.9593361895968342,25.829545159400197,1.9593361895968342,25.829545159400197,3.226387545061124,-0.0546033437222223,0.004025331607358324
5622.0,224.88,2.0,2.146657833302642,25.753041780053895,2.146657833302642,25.753041780053895,3.203538906525029,-0.0631022155672037,0.00567086481262419
5623.0,224.92000000000002,2.0,2.3331032382853363,25.673956337720675,2.3331032382853363,25.673956337720675,3.180761927813913,-0.07160108741218511,0.00762562744568307
5624.0,224.96,2.0,2.5186682650353562,25.592296113015006,2.5186682650353562,25.592296113015006,3.158056608927778,-0.08009995925716651,0.009889619506534964
5625.0,225.0,2.0,2.703348814520752,25.508069124930675,2.703348814520752,25.508069124930675,3.1354229498666224,-0.0885988311021479,0.012462840995179872
5626.0,225.04,2.0,2.8871408283757094,25.42128412851836,2.8871408283757094,25.42128412851836,3.1128609506304477,-0.09709770294712931,0.015345291911617797
5627.0,225.08,2.0,3.070040289087213,25.331950612266244,3.070040289087213,25.331950612266244,3.090370611219253,-0.10559657479211071,0.018536972255848737
5628.0,225.12,2.0,3.2520432201798246,25.240078795184843,3.2520432201798246,25.240078795184843,3.0679519316330386,-0.10470968589458134,0.022181303616263193
5629.0,225.16,2.0,3.433145686398578,25.145679623597196,3.433145686398578,25.145679623597196,3.045604911871804,-0.08996571373304478,0.026278285992861167
5630.0,225.20000000000002,2.0,3.6133437938899737,25.048764767635767,3.6133437938899737,25.048764767635767,3.0233295519355496,-0.060170051610522815,0.0307361194218655
5631.0,225.24,2.0,3.7926336903810753,24.949346617447468,3.7926336903810753,24.949346617447468,3.0011258518242756,-0.014137948854682862,0.03546508694936521
5632.0,225.28,2.0,3.9710115653566858,24.84743827910838,3.9710115653566858,24.84743827910838,2.9789938115379813,0.04811710338893668,0.040468047759943546
5633.0,225.32,2.0,4.148473650234612,24.743053570249902,4.148473650234612,24.743053570249902,2.9569334310766684,0.12639803423284943,0.04578019422307413
5634.0,225.36,2.0,4.32501621853899,24.636207015398096,4.32501621853899,24.636207015398096,2.9349447104403343,0.22051140791046164,0.05143594253351354
5635.0,225.4,2.0,4.500635586071687,24.52691384102813,4.500635586071687,24.52691384102813,2.9130276496289804,0.33045722442177344,0.057435292691261776
5636.0,225.44,2.0,4.675328111081742,24.41518997033599,4.675328111081742,24.41518997033599,2.891182248642607,0.45623548376678463,0.06377824469631883
5637.0,225.48000000000002,2.0,4.849090194432875,24.301052017729518,4.849090194432875,24.301052017729518,2.869408507481214,0.5978461859454954,0.07046479854868473
5638.0,225.52,1.0,5.021918279769012,24.184517283041107,5.021918279769012,24.184517283041107,2.847706426144801,0.7543016511730595,0.07749495424835944
5639.0,225.56,1.0,5.193808853677864,24.065603745464504,5.193808853677864,24.065603745464504,2.8260760046333684,0.9256018794494769,0.0845537941543736
5640.0,225.6,0.0,5.364758445852521,23.944330057218206,5.364758445852521,23.944330057218206,2.8045172429469156,1.1116682805693234,0.09132658650260456
5641.0,225.64000000000001,0.0,5.534763629251057,23.820715536938064,5.534763629251057,23.820715536938064,2.7830301410854426,1.3125008869327726,0.09787354409066601
5642.0,225.68,0.0,5.703821020254165,23.694780162801948,5.703821020254165,23.694780162801948,2.7616146990489505,1.527468148423168,0.10425469383932497
5643.0,225.72,0.0,5.871927278820764,23.566544565389247,5.871927278820764,23.566544565389247,2.7402709168374377,1.7565700650405092,0.11047003574858139
5644.0,225.76,0.0,6.039079108641638,23.43603002027826,6.039079108641638,23.43603002027826,2.7189987944509064,1.9998066367847962,0.11651956981843532
5645.0,225.8,0.0,6.205273257291033,23.30325844038451,6.205273257291033,23.30325844038451,2.6977983318893544,2.2571778636560293,0.12240329604888674
5646.0,225.84,2.0,6.370506516376253,23.16825236804325,6.370506516376253,23.16825236804325,2.676669529152783,2.528683745654209,0.12812121443993565
5647.0,225.88,2.0,6.534775721685222,23.03103496683942,6.534775721685222,23.03103496683942,2.6556123862411907,2.8049385220368235,0.1335299034031915
5648.0,225.92000000000002,2.0,6.698077753332022,22.8916300131885,6.698077753332022,22.8916300131885,2.6346269031545795,3.0673362151554304,0.1384859413502639
5649.0,225.96,2.0,6.860409535900385,22.750061887671787,6.860409535900385,22.750061887671787,2.613713079892948,3.315876825010031,0.14298932828115274
5650.0,226.0,2.0,7.02176803858514,22.60635556612974,7.02176803858514,22.60635556612974,2.592870916456297,3.549365744903645,0.14713186415963522
5651.0,226.04,2.0,7.182150275331614,22.460536610517035,7.182150275331614,22.460536610517035,2.5721004128446263,3.7678128308609202,0.15091146597584518
5652.0,226.08,2.0,7.341553304972968,22.31263115952333,7.341553304972968,22.31263115952333,2.5514015690579357,3.971221718002748,0.15432735755506552
5653.0,226.12,2.0,7.499974231365473,22.162665918963484,7.499974231365473,22.162665918963484,2.5307743850962248,4.159785842095722,0.1573451227025397
5654.0,226.16,2.0,7.6574102035217155,22.01066815194141,7.6574102035217155,22.01066815194141,2.5102188609594944,4.333505203139843,0.15996476141826774
5655.0,226.20000000000002,2.0,7.8138584157417155,21.856665668791607,7.8138584157417155,21.856665668791607,2.4897349966477442,4.492379801135112,0.16218627370224956
5656.0,226.24,2.0,7.969316107741984,21.700686816802566,7.969316107741984,21.700686816802566,2.469322792160974,4.636409636081527,0.16400965955448524
5657.0,226.28,2.0,8.123780564782466,21.54276046972648,8.123780564782466,21.54276046972648,2.448982247499184,4.765594707979088,0.16543491897497473
5658.0,226.32,2.0,8.277249117791401,21.382916017079538,8.277249117791401,21.382916017079538,2.428713362662374,4.879935016827795,0.16646205196371805
5659.0,226.36,2.0,8.429719143488088,21.22152159724602,8.429719143488088,21.22152159724602,2.4085161376505444,4.9795091528330735,0.1674059761616846
5660.0,226.4,2.0,8.581188064503536,21.058646053312025,8.581188064503536,21.058646053312025,2.388390572463695,5.064317083594751,0.1682665056920276
5661.0,226.44,2.0,8.731653349499005,20.894313459231785,8.731653349499005,20.894313459231785,2.3683366671018256,5.13499035922948,0.1689836136339801
5662.0,226.48000000000002,2.0,8.881112513282426,20.728548342912163,8.881112513282426,20.728548342912163,2.3483544215649363,5.191528979737264,0.16955729998754215
5663.0,226.52,2.0,9.029563116922713,20.5613756748485,9.029563116922713,20.5613756748485,2.3284438358530273,5.233932945118102,0.16998756475271365
5664.0,226.56,2.0,9.177002767861927,20.394016831136387,9.177002767861927,20.394016831136387,2.3086049099660984,5.262202255371995,0.17027440792949464
5665.0,226.6,2.0,9.323429120025317,20.22665798742428,9.323429120025317,20.22665798742428,2.2888376439041496,5.27633691049894,0.17041782951788514
5666.0,226.64000000000001,2.0,9.468839873929229,20.059299143712167,9.468839873929229,20.059299143712167,2.2691420376671814,5.27633691049894,0.17041782951788514
5667.0,226.68,2.0,9.613232776786864,19.89194030000006,9.613232776786864,19.89194030000006,2.249518091255193,5.27633691049894,0.17041782951788514
5668.0,226.72,2.0,9.756605622611882,19.724581456287947,9.756605622611882,19.724581456287947,2.2299658046681845,5.27633691049894,0.17041782951788514
5669.0,226.76,2.0,9.898956252319875,19.55722261257584,9.898956252319875,19.55722261257584,2.2104851779061567,5.27633691049894,0.17041782951788514
5670.0,226.8,2.0,10.040282553827659,19.389863768863727,10.040282553827659,19.389863768863727,2.1910762109691087,5.27633691049894,0.17041782951788514
5671.0,226.84,2.0,10.180582462150415,19.222504925151615,10.180582462150415,19.222504925151615,2.1717389038570407,5.27633691049894,0.17041782951788514
5672.0,226.88,2.0,10.319853959496664,19.055146081439506,10.319853959496664,19.055146081439506,2.1524732565699534,5.27633691049894,0.17041782951788514
5673.0,226.92000000000002,2.0,10.458095075361076,18.887787237727395,10.458095075361076,18.887787237727395,2.1332792691078457,5.27633691049894,0.17041782951788514
5674.0,226.96,2.0,10.595303886615083,18.720428394015286,10.595303886615083,18.720428394015286,2.1141569414707186,5.27633691049894,0.17041782951788514
5675.0,227.0,2.0,10.731478517595349,18.55306955030317,10.731478517595349,18.55306955030317,2.0951062736585717,5.27633691049894,0.17041782951788514
5676.0,227.04,2.0,10.866617140190014,18.385710706591063,10.866617140190014,18.385710706591063,2.0761272656714045,5.27633691049894,0.17041782951788514
5677.0,227.08,2.0,11.000717973922788,18.21835186287895,11.000717973922788,18.21835186287895,2.057219917509218,5.27633691049894,0.17041782951788514
5678.0,227.12,2.0,11.133779286034834,18.050993019166842,11.133779286034834,18.050993019166842,2.038384229172011,5.27633691049894,0.17041782951788514
5679.0,227.16,2.0,11.265799391564457,17.88363417545473,11.265799391564457,17.88363417545473,2.0196202006597845,5.27633691049894,0.17041782951788514
5680.0,227.20000000000002,2.0,11.396776653424602,17.716275331742622,11.396776653424602,17.716275331742622,2.0009278319725383,5.27633691049894,0.17041782951788514
5681.0,227.24,2.0,11.525396806205462,17.54891648803051,11.525396806205462,17.54891648803051,1.982307123110272,5.27633691049894,0.17041782951788514
5682.0,227.28,2.0,11.651646777270313,17.3815576443184,11.651646777270313,17.3815576443184,1.9637580740729863,5.27633691049894,0.17041782951788514
5683.0,227.32,2.0,11.775514210711748,17.21419880060629,11.775514210711748,17.21419880060629,1.9452806848606805,5.27633691049894,0.17041782951788514
5684.0,227.36,2.0,11.896987470754818,17.04683995689418,11.896987470754818,17.04683995689418,1.9268749554733546,5.27633691049894,0.17041782951788514
5685.0,227.4,2.0,12.016055644866476,16.87948111318207,12.016055644866476,16.87948111318207,1.9085408859110091,5.27633691049894,0.17041782951788514
5686.0,227.44,2.0,12.132708546570052,16.71212226946996,12.132708546570052,16.71212226946996,1.8902784761736438,5.27633691049894,0.17041782951788514
5687.0,227.48000000000002,2.0,12.246936717963653,16.544763425757846,12.246936717963653,16.544763425757846,1.8720877262612585,5.27633691049894,0.17041782951788514
5688.0,227.52,2.0,12.358731431941491,16.377404582045738,12.358731431941491,16.377404582045738,1.8539686361738537,5.27633691049894,0.17041782951788514
5689.0,227.56,2.0,12.468084694117318,16.210045738333626,12.468084694117318,16.210045738333626,1.8359212059114287,5.27633691049894,0.17041782951788514
5690.0,227.6,2.0,12.574989244449194,16.042686894621514,12.574989244449194,16.042686894621514,1.8179454354739841,5.27633691049894,0.17041782951788514
5691.0,227.64000000000001,2.0,12.679438558564998,15.875328050909406,12.679438558564998,15.875328050909406,1.8000413248615195,5.27633691049894,0.17041782951788514
5692.0,227.68,2.0,12.781426848788215,15.707969207197296,12.781426848788215,15.707969207197296,1.782208874074035,5.27633691049894,0.17041782951788514
5693.0,227.72,2.0,12.880949064863612,15.540610363485186,12.880949064863612,15.540610363485186,1.764448083111531,5.27633691049894,0.17041782951788514
5694.0,227.76,2.0,12.978000894382618,15.373251519773072,12.978000894382618,15.373251519773072,1.7467589519740068,5.27633691049894,0.17041782951788514
5695.0,227.8,2.0,13.07257876290828,15.205892676060964,13.07257876290828,15.205892676060964,1.7291414806614627,5.27633691049894,0.17041782951788514
5696.0,227.84,2.0,13.164679833799863,15.038533832348852,13.164679833799863,15.038533832348852,1.7115956691738992,5.27633691049894,0.17041782951788514
5697.0,227.88,2.0,13.254302007737172,14.871174988636742,13.254302007737172,14.871174988636742,1.6941215175113153,5.27633691049894,0.17041782951788514
5698.0,227.92000000000002,2.0,13.341443921945006,14.703816144924632,13.341443921945006,14.703816144924632,1.6767190256737123,5.27633691049894,0.17041782951788514
5699.0,227.96,2.0,13.42610494911801,14.536457301212522,13.42610494911801,14.536457301212522,1.6593881936610888,5.27633691049894,0.17041782951788514
5700.0,228.0,2.0,13.508285196046604,14.369098457500412,13.508285196046604,14.369098457500412,1.6421290214734456,5.27633691049894,0.17041782951788514
5701.0,228.04,2.0,13.587985501944534,14.2017396137883,13.587985501944534,14.2017396137883,1.6249415091107828,5.27633691049894,0.17041782951788514
5702.0,228.08,2.0,13.66520743647892,14.034380770076192,13.66520743647892,14.034380770076192,1.6078256565731,5.27633691049894,0.17041782951788514
5703.0,228.12,2.0,13.739953297503705,13.86702192636408,13.739953297503705,13.86702192636408,1.5907814638603972,5.27633691049894,0.17041782951788514
5704.0,228.16,2.0,13.812226108497478,13.699663082651968,13.812226108497478,13.699663082651968,1.573808930972675,5.27633691049894,0.17041782951788514
5705.0,228.20000000000002,2.0,13.882029615706973,13.532304238939858,13.882029615706973,13.532304238939858,1.5575695552131814,5.27633691049894,0.17041782951788514
5706.0,228.24,2.0,13.949368284997396,13.364945395227748,13.949368284997396,13.364945395227748,1.5429944742637618,5.27633691049894,0.17041782951788514
5707.0,228.28,2.0,14.01424729841111,13.197586551515638,14.01424729841111,13.197586551515638,1.5300836881244173,5.27633691049894,0.17041782951788514
5708.0,228.32,2.0,14.076672550436141,13.030227707803526,14.076672550436141,13.030227707803526,1.5188371967951466,5.27633691049894,0.17041782951788514
5709.0,228.36,2.0,14.136650643986249,12.862868864091418,14.136650643986249,12.862868864091418,1.509255000275951,5.27633691049894,0.17041782951788514
5710.0,228.4,2.0,14.194188886094244,12.695510020379306,14.194188886094244,12.695510020379306,1.5013370985668295,5.27633691049894,0.17041782951788514
5711.0,228.44,2.0,14.249295283320578,12.528151176667196,14.249295283320578,12.528151176667196,1.4950834916677826,5.27633691049894,0.17041782951788514
5712.0,228.48000000000002,2.0,14.301978536879158,12.360792332955086,14.301978536879158,12.360792332955086,1.4904941795788103,5.27633691049894,0.17041782951788514
5713.0,228.52,2.0,14.352248037482543,12.193433489242976,14.352248037482543,12.193433489242976,1.4875691622999125,5.27633691049894,0.17041782951788514
5714.0,228.56,2.0,14.400113859908824,12.026074645530866,14.400113859908824,12.026074645530866,1.486308439831089,5.27633691049894,0.17041782951788514
5715.0,228.6,2.0,14.445586757292569,11.858715801818752,14.445586757292569,11.858715801818752,1.4867120121723398,5.27633691049894,0.17041782951788514
5716.0,228.64000000000001,2.0,14.488678155142262,11.691356958106642,14.488678155142262,11.691356958106642,1.4887798793236653,5.27633691049894,0.17041782951788514
5717.0,228.68,2.0,14.529393659097652,11.523998114394532,14.529393659097652,11.523998114394532,1.4925116161829273,5.27633691049894,0.17041782951788514
5718.0,228.72,2.0,14.567747855903608,11.356639270682422,14.567747855903608,11.356639270682422,1.4979080011418235,5.27633691049894,0.17041782951788514
5719.0,228.76,2.0,14.60375347340333,11.189280426970312,14.60375347340333,11.189280426970312,1.504859004164899,5.27633691049894,0.17041782951788514
5720.0,228.8,2.0,14.637417267790884,11.021921583258202,14.637417267790884,11.021921583258202,1.5118816670129547,5.27633691049894,0.17041782951788514
5721.0,228.84,2.0,14.66875003717444,10.854562739546092,14.66875003717444,10.854562739546092,1.5189759896859907,5.27633691049894,0.17041782951788514
5722.0,228.88,2.0,14.697763206156985,10.68720389583398,14.697763206156985,10.68720389583398,1.5261419721840068,5.27633691049894,0.17041782951788514
5723.0,228.92000000000002,2.0,14.724623812492617,10.51984505212187,14.724623812492617,10.51984505212187,1.5333796145070027,5.27633691049894,0.17041782951788514
5724.0,228.96,2.0,14.750389509642611,10.35248620840976,14.750389509642611,10.35248620840976,1.5406889166549789,5.27633691049894,0.17041782951788514
5725.0,229.0,2.0,14.77505694864325,10.18512736469765,14.77505694864325,10.18512736469765,1.5480698786279357,5.27633691049894,0.17041782951788514
5726.0,229.04,2.0,14.798649292458437,10.017768520985538,14.798649292458437,10.017768520985538,1.5555225004258721,5.27633691049894,0.17041782951788514
5727.0,229.08,2.0,14.821166042092939,9.850409677273428,14.821166042092939,9.850409677273428,1.5630467820487886,5.27633691049894,0.17041782951788514
5728.0,229.12,2.0,14.842633699923322,9.683050833561316,14.842633699923322,9.683050833561316,1.570642723496686,5.27633691049894,0.17041782951788514
5729.0,229.16,2.0,14.863050833486515,9.515691989849207,14.863050833486515,9.515691989849207,1.578310324769563,5.27633691049894,0.17041782951788514
5730.0,229.20000000000002,2.0,14.882416069916433,9.348333146137097,14.882416069916433,9.348333146137097,1.58604958586742,5.27633691049894,0.17041782951788514
5731.0,229.24,2.0,14.900728101994465,9.180974302424985,14.900728101994465,9.180974302424985,1.5938605067902576,5.27633691049894,0.17041782951788514
5732.0,229.28,2.0,14.917985694183523,9.013615458712875,14.917985694183523,9.013615458712875,1.6017430875380751,5.27633691049894,0.17041782951788514
5733.0,229.32,2.0,14.934187688643718,8.846256615000764,14.934187688643718,8.846256615000764,1.609697328110873,5.27633691049894,0.17041782951788514
5734.0,229.36,2.0,14.949278413168472,8.678897771288653,14.949278413168472,8.678897771288653,1.6177232285086507,5.27633691049894,0.17041782951788514
5735.0,229.4,2.0,14.96320254535967,8.511538927576543,14.96320254535967,8.511538927576543,1.625820788731409,5.27633691049894,0.17041782951788514
5736.0,229.44,2.0,14.975905146011105,8.344180083864433,14.975905146011105,8.344180083864433,1.633990008779147,5.27633691049894,0.17041782951788514
5737.0,229.48000000000002,2.0,14.987338178317495,8.176821240152323,14.987338178317495,8.176821240152323,1.6422308886518655,5.27633691049894,0.17041782951788514
5738.0,229.52,2.0,14.99744573342051,8.009462396440213,14.99744573342051,8.009462396440213,1.6505434283495637,5.27633691049894,0.17041782951788514
5739.0,229.56,2.0,15.006174896477399,7.842103552728101,15.006174896477399,7.842103552728101,1.6589276278722427,5.27633691049894,0.17041782951788514
5740.0,229.6,2.0,15.013479885000756,7.674744709015991,15.013479885000756,7.674744709015991,1.6673834872199014,5.27633691049894,0.17041782951788514
5741.0,229.64000000000001,2.0,15.019312060406747,7.507385865303881,15.019312060406747,7.507385865303881,1.6759110063925402,5.27633691049894,0.17041782951788514
5742.0,229.68,2.0,15.023623368054057,7.340027021591771,15.023623368054057,7.340027021591771,1.6845101853901598,5.27633691049894,0.17041782951788514
5743.0,229.72,2.0,15.026366369601263,7.172668177879661,15.026366369601263,7.172668177879661,1.693181024212759,5.27633691049894,0.17041782951788514
5744.0,229.76,2.0,15.027494275099645,7.005309334167549,15.027494275099645,7.005309334167549,1.7019235228603387,5.27633691049894,0.17041782951788514
5745.0,229.8,2.0,15.026960974807407,6.837950490455439,15.026960974807407,6.837950490455439,1.710737681332898,5.27633691049894,0.17041782951788514
5746.0,229.84,2.0,15.024694601718599,6.670591646743328,15.024694601718599,6.670591646743328,1.719623499630438,5.27633691049894,0.17041782951788514
5747.0,229.88,2.0,15.020647736216674,6.503232803031218,15.020647736216674,6.503232803031218,1.7285093179279778,5.27633691049894,0.17041782951788514
5748.0,229.92000000000002,2.0,15.014746773189248,6.335873959319108,15.014746773189248,6.335873959319108,1.7373951362255178,5.27633691049894,0.17041782951788514
5749.0,229.96,2.0,15.00694688835064,6.168515115606997,15.00694688835064,6.168515115606997,1.7462809545230573,5.27633691049894,0.17041782951788514
5750.0,230.0,2.0,14.997204073568497,6.001156271894886,14.997204073568497,6.001156271894886,1.7551667728205973,5.27633691049894,0.17041782951788514
5751.0,230.04,2.0,14.985475160215577,5.833797428182776,14.985475160215577,5.833797428182776,1.764052591118137,5.27633691049894,0.17041782951788514
5752.0,230.08,2.0,14.971717842164107,5.666438584470666,14.971717842164107,5.666438584470666,1.7729384094156768,5.27633691049894,0.17041782951788514
5753.0,230.12,2.0,14.955890698411714,5.499079740758555,14.955890698411714,5.499079740758555,1.7818242277132166,5.27633691049894,0.17041782951788514
5754.0,230.16,2.0,14.938007813387625,5.331720897046444,14.938007813387625,5.331720897046444,1.7907100460107566,5.27633691049894,0.17041782951788514
5755.0,230.20000000000002,2.0,14.918083940607906,5.164362053334334,14.918083940607906,5.164362053334334,1.799595864308296,5.27633691049894,0.17041782951788514
5756.0,230.24,2.0,14.896134496698366,4.997847569535873,14.896134496698366,4.997847569535873,1.8084816826058363,5.27633691049894,0.17041782951788514
5757.0,230.28,2.0,14.872175555144912,4.832211639081827,14.872175555144912,4.832211639081827,1.8173675009033758,5.27633691049894,0.17041782951788514
5758.0,230.32,2.0,14.846223839774083,4.667488129009595,14.846223839774083,4.667488129009595,1.8262533192009158,5.27633691049894,0.17041782951788514
5759.0,230.36,2.0,14.818296717966508,4.503710566971751,14.818296717966508,4.503710566971751,1.8351391374984554,5.27633691049894,0.17041782951788514
5760.0,230.4,2.0,14.78841219360612,4.340912128386812,14.78841219360612,4.340912128386812,1.8440249557959953,5.27633691049894,0.17041782951788514
5761.0,230.44,2.0,14.756588899768209,4.180184514200839,14.756588899768209,4.180184514200839,1.852910774093535,5.27633691049894,0.17041782951788514
5762.0,230.48000000000002,2.0,14.722846091149282,4.021565744402055,14.722846091149282,4.021565744402055,1.861796592391075,5.27633691049894,0.17041782951788514
5763.0,230.52,2.0,14.687203636242078,3.865092783748618,14.687203636242078,3.865092783748618,1.8706824106886146,5.27633691049894,0.17041782951788514
5764.0,230.56,2.0,14.649682009258948,3.7108015275188704,14.649682009258948,3.7108015275188704,1.8795682289861546,5.27633691049894,0.17041782951788514
5765.0,230.6,2.0,14.610302281807076,3.5587267877251088,14.610302281807076,3.5587267877251088,1.8884540472836944,5.27633691049894,0.17041782951788514
5766.0,230.64000000000001,2.0,14.56908611431906,3.4089022797966697,14.56908611431906,3.4089022797966697,1.8973398655812341,5.27633691049894,0.17041782951788514
5767.0,230.68,2.0,14.526055747242479,3.2613606097379377,14.526055747242479,3.2613606097379377,1.9062256838787743,5.27633691049894,0.17041782951788514
5768.0,230.72,2.0,14.481233991992182,3.1161332617666715,14.481233991992182,3.1161332617666715,1.9151115021763139,5.27633691049894,0.17041782951788514
5769.0,230.76,2.0,14.434644221669158,2.973250586437848,14.434644221669158,2.973250586437848,1.9239973204738539,5.27633691049894,0.17041782951788514
5770.0,230.8,2.0,14.386310361549873,2.832741789258,14.386310361549873,2.832741789258,1.9328831387713936,5.27633691049894,0.17041782951788514
5771.0,230.84,2.0,14.336256879350142,2.6946349197948374,14.336256879350142,2.6946349197948374,1.9417689570689334,5.27633691049894,0.17041782951788514
5772.0,230.88,2.0,14.284508775267685,2.5589568612867124,14.284508775267685,2.5589568612867124,1.9506547753664731,5.27633691049894,0.17041782951788514
5773.0,230.92000000000002,2.0,14.231091571807514,2.4257333207562723,14.231091571807514,2.4257333207562723,1.9595405936640131,5.27633691049894,0.17041782951788514
5774.0,230.96,2.0,14.176031303394545,2.294988819632454,14.176031303394545,2.294988819632454,1.9684264119615527,5.27633691049894,0.17041782951788514
5775.0,231.0,2.0,14.119354505777787,2.1667466848847274,14.119354505777787,2.1667466848847274,1.9773122302590929,5.27633691049894,0.17041782951788514
5776.0,231.04,2.0,14.061088205230632,2.04102904067329,14.061088205230632,2.04102904067329,1.9861980485566324,5.27633691049894,0.17041782951788514
5777.0,231.08,2.0,14.002764236572784,1.917856800518703,14.002764236572784,1.917856800518703,1.9950838668541722,5.27633691049894,0.17041782951788514
5778.0,231.12,2.0,13.944440267914935,1.7972496599942136,13.944440267914935,1.7972496599942136,2.003969685151712,5.27633691049894,0.17041782951788514
5779.0,231.16,2.0,13.886116299257088,1.6792260899438123,13.886116299257088,1.6792260899438123,2.0128555034492517,5.27633691049894,0.17041782951788514
5780.0,231.20000000000002,2.0,13.82779233059924,1.5631082141717232,13.82779233059924,1.5631082141717232,2.021741321746792,5.27633691049894,0.17041782951788514
5781.0,231.24,2.0,13.76946836194139,1.4485638100577283,13.76946836194139,1.4485638100577283,2.0306271400443316,5.27633691049894,0.17041782951788514
5782.0,231.28,2.0,13.711144393283542,1.335615405569355,13.711144393283542,1.335615405569355,2.039512958341871,5.27633691049894,0.17041782951788514
5783.0,231.32,2.0,13.652820424625691,1.2242849316899198,13.652820424625691,1.2242849316899198,2.048398776639411,5.27633691049894,0.17041782951788514
5784.0,231.36,2.0,13.594496455967844,1.114593714433313,13.594496455967844,1.114593714433313,2.057284594936951,5.27633691049894,0.17041782951788514
5785.0,231.4,2.0,13.536172487309996,1.0065624671124984,13.536172487309996,1.0065624671124984,2.0661704132344907,5.27633691049894,0.17041782951788514
5786.0,231.44,2.0,13.477848518652147,0.900211282864971,13.477848518652147,0.900211282864971,2.0750562315320304,5.27633691049894,0.17041782951788514
5787.0,231.48000000000002,2.0,13.419524549994298,0.7955596274382793,13.419524549994298,0.7955596274382793,2.08394204982957,5.27633691049894,0.17041782951788514
5788.0,231.52,2.0,13.361200581336453,0.6926263322386307,13.361200581336453,0.6926263322386307,2.09282786812711,5.27633691049894,0.17041782951788514
5789.0,231.56,2.0,13.302876612678604,0.5914295876454723,13.302876612678604,0.5914295876454723,2.10171368642465,5.27633691049894,0.17041782951788514
5790.0,231.6,2.0,13.244552644020754,0.4919869365948316,13.244552644020754,0.4919869365948316,2.1105995047221895,5.27633691049894,0.17041782951788514
5791.0,231.64000000000001,2.0,13.186228675362905,0.39431526843408815,13.186228675362905,0.39431526843408815,2.1194853230197297,5.27633691049894,0.17041782951788514
5792.0,231.68,2.0,13.127904706705058,0.2984308130507288,13.127904706705058,0.2984308130507288,2.1283711413172695,5.27633691049894,0.17041782951788514
5793.0,231.72,2.0,13.06958073804721,0.20434913527752363,13.06958073804721,0.20434913527752363,2.137256959614809,5.27633691049894,0.17041782951788514
5794.0,231.76,2.0,13.01125676938936,0.11208512957644447,13.01125676938936,0.11208512957644447,2.146142777912349,5.27633691049894,0.17041782951788514
5795.0,231.8,2.0,12.952932800731512,0.021653015003525334,12.952932800731512,0.021653015003525334,2.1550285962098887,5.27633691049894,0.17041782951788514
5796.0,231.84,2.0,12.894608832073665,-0.06693366954325253,12.894608832073665,-0.06693366954325253,2.1639144145074285,5.27633691049894,0.17041782951788514
5797.0,231.88,2.0,12.836284863415814,-0.15366206979108993,12.836284863415814,-0.15366206979108993,2.1728002328049687,5.27633691049894,0.17041782951788514
5798.0,231.92000000000002,2.0,12.777960894757966,-0.23852002027267324,12.777960894757966,-0.23852002027267324,2.181686051102508,5.27633691049894,0.17041782951788514
5799.0,231.96,2.0,12.719636926100117,-0.32149604821793354,12.719636926100117,-0.32149604821793354,2.1905718694000478,5.27633691049894,0.17041782951788514
5800.0,232.0,2.0,12.661312957442268,-0.402579377155667,12.661312957442268,-0.402579377155667,2.199457687697588,5.27633691049894,0.17041782951788514
5801.0,232.04,2.0,12.602988988784421,-0.4817599302235436,12.602988988784421,-0.4817599302235436,2.2083435059951277,5.27633691049894,0.17041782951788514
5802.0,232.08,2.0,12.544665020126574,-0.5590283331851571,12.544665020126574,-0.5590283331851571,2.217229324292668,5.27633691049894,0.17041782951788514
5803.0,232.12,2.0,12.486341051468727,-0.6343759171528924,12.486341051468727,-0.6343759171528924,2.2261151425902073,5.27633691049894,0.17041782951788514
5804.0,232.16,2.0,12.428017082810879,-0.7077947210155132,12.428017082810879,-0.7077947210155132,2.235000960887747,5.27633691049894,0.17041782951788514
5805.0,232.20000000000002,2.0,12.369693114153028,-0.7792774935694953,12.369693114153028,-0.7792774935694953,2.2438867791852872,5.27633691049894,0.17041782951788514
5806.0,232.24,2.0,12.31136914549518,-0.8488176953532626,12.31136914549518,-0.8488176953532626,2.252772597482827,5.27633691049894,0.17041782951788514
5807.0,232.28,2.0,12.25304517683733,-0.9164095001836021,12.25304517683733,-0.9164095001836021,2.2616584157803663,5.27633691049894,0.17041782951788514
5808.0,232.32,2.0,12.194721208179484,-0.9820477963936668,12.194721208179484,-0.9820477963936668,2.2705442340779065,5.27633691049894,0.17041782951788514
5809.0,232.36,2.0,12.136397239521635,-1.045728187772099,12.136397239521635,-1.045728187772099,2.2794300523754463,5.27633691049894,0.17041782951788514
5810.0,232.4,2.0,12.078073270863786,-1.1074469942029352,12.078073270863786,-1.1074469942029352,2.288315870672986,5.27633691049894,0.17041782951788514
5811.0,232.44,2.0,12.019749302205938,-1.1672012520060804,12.019749302205938,-1.1672012520060804,2.297201688970526,5.27633691049894,0.17041782951788514
5812.0,232.48000000000002,2.0,11.961425333548087,-1.2249887139782665,11.961425333548087,-1.2249887139782665,2.3060875072680656,5.27633691049894,0.17041782951788514
5813.0,232.52,2.0,11.903101364890238,-1.2808078491345387,11.903101364890238,-1.2808078491345387,2.3149733255656058,5.27633691049894,0.17041782951788514
5814.0,232.56,2.0,11.844777396232391,-1.3346578421504378,11.844777396232391,-1.3346578421504378,2.3238591438631455,5.27633691049894,0.17041782951788514
5815.0,232.6,2.0,11.786453427574543,-1.3865385925051803,11.786453427574543,-1.3865385925051803,2.332744962160685,5.27633691049894,0.17041782951788514
5816.0,232.64000000000001,2.0,11.728129458916698,-1.4364507133262516,11.728129458916698,-1.4364507133262516,2.341559120633245,5.27633691049894,0.17041782951788514
5817.0,232.68,2.0,11.669805490258849,-1.484395529935978,11.669805490258849,-1.484395529935978,2.350301619280824,5.27633691049894,0.17041782951788514
5818.0,232.72,2.0,11.611481521601,-1.5303750781007401,11.611481521601,-1.5303750781007401,2.3589724581034237,5.27633691049894,0.17041782951788514
5819.0,232.76,2.0,11.553157552943151,-1.574392101983643,11.553157552943151,-1.574392101983643,2.367571637101043,5.27633691049894,0.17041782951788514
5820.0,232.8,2.0,11.496011400392726,-1.6164500518015725,11.496011400392726,-1.6164500518015725,2.376099156273682,5.27633691049894,0.17041782951788514
5821.0,232.84,2.0,11.440056183823732,-1.6565530811876876,11.440056183823732,-1.6565530811876876,2.384555015621341,5.27633691049894,0.17041782951788514
5822.0,232.88,2.0,11.385304421225355,-1.6947060442605384,11.385304421225355,-1.6947060442605384,2.392939215144019,5.27633691049894,0.17041782951788514
5823.0,232.92000000000002,2.0,11.331768022037451,-1.7309144924011135,11.331768022037451,-1.7309144924011135,2.401251754841718,5.27633691049894,0.17041782951788514
5824.0,232.96,2.0,11.279458280750145,-1.765184670739245,11.279458280750145,-1.765184670739245,2.4094926347144363,5.27633691049894,0.17041782951788514
5825.0,233.0,2.0,11.228385870770328,-1.7975235143509265,11.228385870770328,-1.7975235143509265,2.417661854762174,5.27633691049894,0.17041782951788514
5826.0,233.04,2.0,11.178560838557761,-1.8279386441682275,11.178560838557761,-1.8279386441682275,2.425759414984933,5.27633691049894,0.17041782951788514
5827.0,233.08,2.0,11.129992598033319,-1.8564383626035905,11.129992598033319,-1.8564383626035905,2.4337853153827105,5.27633691049894,0.17041782951788514
5828.0,233.12,2.0,11.082689925261846,-1.8830316488904428,11.082689925261846,-1.8830316488904428,2.4417395559555084,5.27633691049894,0.17041782951788514
5829.0,233.16,2.0,11.036660953411928,-1.9077281541421645,11.036660953411928,-1.9077281541421645,2.4496221367033257,5.27633691049894,0.17041782951788514
5830.0,233.20000000000002,2.0,10.991913167994822,-1.930538196131561,10.991913167994822,-1.930538196131561,2.4574330576261634,5.27633691049894,0.17041782951788514
5831.0,233.24,2.0,10.94845340238461,-1.9514727537931362,10.94845340238461,-1.9514727537931362,2.4651723187240204,5.27633691049894,0.17041782951788514
5832.0,233.28,2.0,10.906287833621587,-1.9705434614505535,10.906287833621587,-1.9705434614505535,2.472839919996898,5.27633691049894,0.17041782951788514
5833.0,233.32,2.0,10.865421978500684,-1.9877626027718036,10.865421978500684,-1.9877626027718036,2.480435861444795,5.27633691049894,0.17041782951788514
5834.0,233.36,2.0,10.8258606899467,-2.003143104454705,10.8258606899467,-2.003143104454705,2.487960143067711,5.27633691049894,0.17041782951788514
5835.0,233.4,2.0,10.787608153677924,-2.0166985296454882,10.787608153677924,-2.0166985296454882,2.495412764865648,5.27633691049894,0.17041782951788514
5836.0,233.44,2.0,10.75066788515966,-2.028443071093319,10.75066788515966,-2.028443071093319,2.5027937268386045,5.27633691049894,0.17041782951788514
5837.0,233.48000000000002,2.0,10.715042726848974,-2.038391544043725,10.715042726848974,-2.038391544043725,2.5101030289865807,5.27633691049894,0.17041782951788514
5838.0,233.52,2.0,10.680734845731951,-2.0465593788740217,10.680734845731951,-2.0465593788740217,2.517340671309577,5.27633691049894,0.17041782951788514
5839.0,233.56,2.0,10.647745731154512,-2.0529626134739116,10.647745731154512,-2.0529626134739116,2.5245066538075926,5.27633691049894,0.17041782951788514
5840.0,233.6,2.0,10.616076192947844,-2.0576178853745706,10.616076192947844,-2.0576178853745706,2.531600976480629,5.27633691049894,0.17041782951788514
5841.0,233.64000000000001,2.0,10.585726359849252,-2.060542423629616,10.585726359849252,-2.060542423629616,2.5386236393286845,5.27633691049894,0.17041782951788514
5842.0,233.68,2.0,10.556695678219183,-2.0617540404514783,10.556695678219183,-2.0617540404514783,2.54557464235176,5.27633691049894,0.17041782951788514
5843.0,233.72,2.0,10.528982911055042,-2.061271122606782,10.528982911055042,-2.061271122606782,2.552080031608602,5.27633691049894,0.17041782951788514
5844.0,233.76,2.0,10.502586137302261,-2.0591126225744616,10.502586137302261,-2.0591126225744616,2.5577715367582967,5.27633691049894,0.17041782951788514
5845.0,233.8,2.0,10.477502751462982,-2.0552980494704274,10.477502751462982,-2.0552980494704274,2.562649157800844,5.27633691049894,0.17041782951788514
5846.0,233.84,2.0,10.453729463502587,-2.0498474597426948,10.453729463502587,-2.0498474597426948,2.567081165077158,5.27633691049894,0.17041782951788514
5847.0,233.88,2.0,10.431262299054167,-2.0427814476410058,10.431262299054167,-2.0427814476410058,2.5714415125284917,5.27633691049894,0.17041782951788514
5848.0,233.92000000000002,2.0,10.410096599920905,-2.0341211354650337,10.410096599920905,-2.0341211354650337,2.575730200154845,5.27633691049894,0.17041782951788514
5849.0,233.96,2.0,10.390227024876204,-2.023888163595396,10.390227024876204,-2.023888163595396,2.5799472279562186,5.27633691049894,0.17041782951788514
5850.0,234.0,2.0,10.371647550761304,-2.012104680311757,10.371647550761304,-2.012104680311757,2.5840925959326118,5.27633691049894,0.17041782951788514
5851.0,234.04,2.0,10.354351473879959,-1.998793331402418,10.354351473879959,-1.998793331402418,2.588166304084025,5.27633691049894,0.17041782951788514
5852.0,234.08,2.0,10.338331411689634,-1.9839772495698633,10.338331411689634,-1.9839772495698633,2.5921683524104577,5.27633691049894,0.17041782951788514
5853.0,234.12,2.0,10.323579304788568,-1.967680043636832,10.323579304788568,-1.967680043636832,2.59609874091191,5.27633691049894,0.17041782951788514
5854.0,234.16,2.0,10.310086419197924,-1.9499257875575562,10.310086419197924,-1.9499257875575562,2.5999574695883827,5.27633691049894,0.17041782951788514
5855.0,234.20000000000002,2.0,10.297843348938075,-1.9307390092388979,10.297843348938075,-1.9307390092388979,2.6037445384398756,5.27633691049894,0.17041782951788514
5856.0,234.24,2.0,10.286630412887114,-1.910144679176199,10.286630412887114,-1.910144679176199,2.6074599474663875,5.27633691049894,0.17041782951788514
5857.0,234.28,2.0,10.275417476836154,-1.8893641734650528,10.275417476836154,-1.8893641734650528,2.6111036966679197,5.27633691049894,0.17041782951788514
5858.0,234.32,2.0,10.264204540785192,-1.8685836677539065,10.264204540785192,-1.8685836677539065,2.614675786044472,5.27633691049894,0.17041782951788514
5859.0,234.36,2.0,10.25299160473423,-1.8478031620427602,10.25299160473423,-1.8478031620427602,2.6181762155960433,5.27633691049894,0.17041782951788514
5860.0,234.4,2.0,10.241778668683269,-1.827022656331614,10.241778668683269,-1.827022656331614,2.6216049853226346,5.27633691049894,0.17041782951788514
5861.0,234.44,2.0,10.230565732632307,-1.8062421506204678,10.230565732632307,-1.8062421506204678,2.6249620952242463,5.27633691049894,0.17041782951788514
5862.0,234.48000000000002,2.0,10.219352796581347,-1.7854616449093212,10.219352796581347,-1.7854616449093212,2.628247545300878,5.27633691049894,0.17041782951788514
5863.0,234.52,2.0,10.208139860530386,-1.7646811391981754,10.208139860530386,-1.7646811391981754,2.6314613355525287,5.27633691049894,0.17041782951788514
5864.0,234.56,2.0,10.196926924479426,-1.743900633487029,10.196926924479426,-1.743900633487029,2.6346034659791995,5.27633691049894,0.17041782951788514
5865.0,234.6,2.0,10.185713988428464,-1.7231201277758825,10.185713988428464,-1.7231201277758825,2.6376739365808906,5.27633691049894,0.17041782951788514
5866.0,234.64000000000001,2.0,10.174501052377503,-1.7023396220647367,10.174501052377503,-1.7023396220647367,2.6406727473576015,5.27633691049894,0.17041782951788514
5867.0,234.68,2.0,10.163288116326541,-1.6815591163535901,10.163288116326541,-1.6815591163535901,2.6435998983093314,5.27633691049894,0.17041782951788514
5868.0,234.72,2.0,10.152075180275581,-1.6607786106424443,10.152075180275581,-1.6607786106424443,2.646455389436082,5.27633691049894,0.17041782951788514
5869.0,234.76,2.0,10.140862244224618,-1.639998104931298,10.140862244224618,-1.639998104931298,2.649239220737852,5.27633691049894,0.17041782951788514
5870.0,234.8,2.0,10.12964930817366,-1.6192175992201514,10.12964930817366,-1.6192175992201514,2.6519513922146425,5.27633691049894,0.17041782951788514
5871.0,234.84,2.0,10.118436372122696,-1.5984370935090055,10.118436372122696,-1.5984370935090055,2.6545919038664523,5.27633691049894,0.17041782951788514
5872.0,234.88,2.0,10.107223436071736,-1.5776565877978592,10.107223436071736,-1.5776565877978592,2.657160755693282,5.27633691049894,0.17041782951788514
5873.0,234.92000000000002,2.0,10.096010500020775,-1.5568760820867127,10.096010500020775,-1.5568760820867127,2.659657947695131,5.27633691049894,0.17041782951788514
5874.0,234.96,2.0,10.086110240242501,-1.5360955763755668,10.086110240242501,-1.5360955763755668,2.662083479872001,5.27633691049894,0.17041782951788514
5875.0,235.0,2.0,10.07753418825953,-1.5153150706644203,10.07753418825953,-1.5153150706644203,2.66443735222389,5.27633691049894,0.17041782951788514
5876.0,235.04,2.0,10.070293206959066,-1.4945345649532742,10.070293206959066,-1.4945345649532742,2.666719564750799,5.27633691049894,0.17041782951788514
5877.0,235.08,2.0,10.064397487258406,-1.4751230146030376,10.064397487258406,-1.4751230146030376,2.668930117452728,5.27633691049894,0.17041782951788514
5878.0,235.12,2.0,10.059856545061958,-1.4571041719615505,10.059856545061958,-1.4571041719615505,2.6710690103296764,5.27633691049894,0.17041782951788514
5879.0,235.16,2.0,10.056679218511,-1.4405013337759742,10.056679218511,-1.4405013337759742,2.6731362433816455,5.27633691049894,0.17041782951788514
5880.0,235.20000000000002,2.0,10.054873665527294,-1.4253373301318177,10.054873665527294,-1.4253373301318177,2.6751318166086335,5.27633691049894,0.17041782951788514
5881.0,235.24,2.0,10.054447361651528,-1.4116345135841581,10.054447361651528,-1.4116345135841581,2.677055730010642,5.27633691049894,0.17041782951788514
5882.0,235.28,2.0,10.055407098177453,-1.3994147484857433,10.055407098177453,-1.3994147484857433,2.67890798358767,5.27633691049894,0.17041782951788514
5883.0,235.32,2.0,10.057758980582445,-1.3886994005165831,10.057758980582445,-1.3886994005165831,2.6806885773397178,5.27633691049894,0.17041782951788514
5884.0,235.36,2.0,10.061508427255085,-1.3795093264195515,10.061508427255085,-1.3795093264195515,2.6823975112667857,5.27633691049894,0.17041782951788514
5885.0,235.4,2.0,10.066660168520242,-1.3718648639464257,10.066660168520242,-1.3718648639464257,2.6840347853688735,5.27633691049894,0.17041782951788514
5886.0,235.44,2.0,10.073218245962032,-1.3657858220187138,10.073218245962032,-1.3657858220187138,2.685600399645981,5.27633691049894,0.17041782951788514
5887.0,235.48000000000002,2.0,10.081186012044798,-1.3612914711075152,10.081186012044798,-1.3612914711075152,2.687094354098108,5.27633691049894,0.17041782951788514
5888.0,235.52,2.0,10.09056613003232,-1.3584005338365783,10.09056613003232,-1.3584005338365783,2.688516648725255,5.27633691049894,0.17041782951788514
5889.0,235.56,2.0,10.101360574205133,-1.3571311758126154,10.101360574205133,-1.3571311758126154,2.689867283527422,5.27633691049894,0.17041782951788514
5890.0,235.6,2.0,10.113570630375817,-1.3575009966868425,10.113570630375817,-1.3575009966868425,2.6911462585046086,5.27633691049894,0.17041782951788514
5891.0,235.64000000000001,2.0,10.127196896702001,-1.3595270214516189,10.127196896702001,-1.3595270214516189,2.6923535736568156,5.27633691049894,0.17041782951788514
5892.0,235.68,2.0,10.142239284796645,-1.3632256919759445,10.142239284796645,-1.3632256919759445,2.693489228984042,5.27633691049894,0.17041782951788514
5893.0,235.72,2.0,10.158697021135035,-1.3686128587834951,10.158697021135035,-1.3686128587834951,2.6945532244862886,5.27633691049894,0.17041782951788514
5894.0,235.76,2.0,10.176568648757884,-1.3757037730767525,10.176568648757884,-1.3757037730767525,2.6955455601635547,5.27633691049894,0.17041782951788514
5895.0,235.8,2.0,10.195852029269686,-1.384513079010688,10.195852029269686,-1.384513079010688,2.696466236015841,5.27633691049894,0.17041782951788514
5896.0,235.84,2.0,10.216544345131446,-1.3950548062193622,10.216544345131446,-1.3950548062193622,2.6973152520431465,5.27633691049894,0.17041782951788514
5897.0,235.88,2.0,10.238642102246704,-1.4073423625986763,10.238642102246704,-1.4073423625986763,2.698092608245472,5.27633691049894,0.17041782951788514
5898.0,235.92000000000002,2.0,10.26214113283973,-1.421388527348421,10.26214113283973,-1.421388527348421,2.698798304622818,5.27633691049894,0.17041782951788514
5899.0,235.96,2.0,10.287036598624535,-1.4372054442766455,10.287036598624535,-1.4372054442766455,2.699432341175183,5.27633691049894,0.17041782951788514
5900.0,236.0,2.0,10.313322994263336,-1.4548046153692638,10.313322994263336,-1.4548046153692638,2.6999947179025683,5.27633691049894,0.17041782951788514
5901.0,236.04,2.0,10.340994151112884,-1.4741968946277018,10.340994151112884,-1.4741968946277018,2.7004854348049734,5.27633691049894,0.17041782951788514
5902.0,236.08,2.0,10.370043241257038,-1.4953924821772708,10.370043241257038,-1.4953924821772708,2.700904491882399,5.27633691049894,0.17041782951788514
5903.0,236.12,2.0,10.400462781823743,-1.5184009186488463,10.400462781823743,-1.5184009186488463,2.7012518891348423,5.27633691049894,0.17041782951788514
5904.0,236.16,2.0,10.432244639584548,-1.543231079836307,10.432244639584548,-1.543231079836307,2.7015276265623074,5.27633691049894,0.17041782951788514
5905.0,236.20000000000002,2.0,10.46538003583461,-1.5698911716320694,10.46538003583461,-1.5698911716320694,2.7017317041647924,5.27633691049894,0.17041782951788514
5906.0,236.24,2.0,10.499859551551037,-1.598388725242953,10.499859551551037,-1.598388725242953,2.7018641219422963,5.27633691049894,0.17041782951788514
5907.0,236.28,2.0,10.535673132827313,-1.6287305926884603,10.535673132827313,-1.6287305926884603,2.7019248798948206,5.27633691049894,0.17041782951788514
5908.0,236.32,2.0,10.572810096581403,-1.6609229425834715,10.572810096581403,-1.6609229425834715,2.701913978022364,5.27633691049894,0.17041782951788514
5909.0,236.36,2.0,10.611259136535038,-1.6949712562072077,10.611259136535038,-1.6949712562072077,2.701831416324928,5.27633691049894,0.17041782951788514
5910.0,236.4,2.0,10.651008329461582,-1.7308803238601966,10.651008329461582,-1.7308803238601966,2.701677194802512,5.27633691049894,0.17041782951788514
5911.0,236.44,2.0,10.69204514169971,-1.7686542415108728,10.69204514169971,-1.7686542415108728,2.701451313455115,5.27633691049894,0.17041782951788514
5912.0,236.48000000000002,2.0,10.73435643593008,-1.808296407733291,10.73435643593008,-1.808296407733291,2.7011537722827383,5.27633691049894,0.17041782951788514
5913.0,236.52,2.0,10.77792847821203,-1.8498095209373326,10.77792847821203,-1.8498095209373326,2.7007845712853813,5.27633691049894,0.17041782951788514
5914.0,236.56,2.0,10.82274694527723,-1.8931955768926494,10.82274694527723,-1.8931955768926494,2.700343710463045,5.27633691049894,0.17041782951788514
5915.0,236.6,2.0,10.868796932077103,-1.9384558665474578,10.868796932077103,-1.9384558665474578,2.6998311898157272,5.27633691049894,0.17041782951788514
5916.0,236.64000000000001,2.0,10.915907964683994,-1.9855909741431947,10.915907964683994,-1.9855909741431947,2.69924700934343,5.27633691049894,0.17041782951788514
5917.0,236.68,2.0,10.963018997290881,-2.034600775625883,10.963018997290881,-2.034600775625883,2.698591169046153,5.27633691049894,0.17041782951788514
5918.0,236.72,2.0,11.010130029897766,-2.08548443735497,11.010130029897766,-2.08548443735497,2.6978636689238944,5.27633691049894,0.17041782951788514
5919.0,236.76,2.0,11.057241062504655,-2.1382404151102468,11.057241062504655,-2.1382404151102468,2.697064508976657,5.27633691049894,0.17041782951788514
5920.0,236.8,2.0,11.104352095111542,-2.192866453397328,11.104352095111542,-2.192866453397328,2.696193689204439,5.27633691049894,0.17041782951788514
5921.0,236.84,2.0,11.151463127718428,-2.2493595850520784,11.151463127718428,-2.2493595850520784,2.6952512096072407,5.27633691049894,0.17041782951788514
5922.0,236.88,2.0,11.198574160325316,-2.3077161311441974,11.198574160325316,-2.3077161311441974,2.6942370701850624,5.27633691049894,0.17041782951788514
5923.0,236.92000000000002,2.0,11.245685192932203,-2.3679317011800847,11.245685192932203,-2.3679317011800847,2.6931512709379044,5.27633691049894,0.17041782951788514
5924.0,236.96,2.0,11.292796225539092,-2.430001193604964,11.292796225539092,-2.430001193604964,2.6919938118657663,5.27633691049894,0.17041782951788514
5925.0,237.0,2.0,11.33990725814598,-2.4939187966041128,11.33990725814598,-2.4939187966041128,2.6907646929686466,5.27633691049894,0.17041782951788514
5926.0,237.04,2.0,11.387018290752867,-2.5596779892029344,11.387018290752867,-2.5596779892029344,2.6894639142465477,5.27633691049894,0.17041782951788514
5927.0,237.08,2.0,11.434129323359752,-2.6272715426654605,11.434129323359752,-2.6272715426654605,2.6880914756994687,5.27633691049894,0.17041782951788514
5928.0,237.12,2.0,11.48124035596664,-2.6966915221907612,11.48124035596664,-2.6966915221907612,2.6866473773274095,5.27633691049894,0.17041782951788514
5929.0,237.16,2.0,11.528351388573528,-2.7679292889066143,11.528351388573528,-2.7679292889066143,2.68513161913037,5.27633691049894,0.17041782951788514
5930.0,237.20000000000002,2.0,11.575462421180413,-2.8409755021596337,11.575462421180413,-2.8409755021596337,2.683544201108351,5.27633691049894,0.17041782951788514
5931.0,237.24,2.0,11.622573453787302,-2.9158201221009676,11.622573453787302,-2.9158201221009676,2.681885123261351,5.27633691049894,0.17041782951788514
5932.0,237.28,2.0,11.66968448639419,-2.992452412566528,11.66968448639419,-2.992452412566528,2.680154385589371,5.27633691049894,0.17041782951788514
5933.0,237.32,2.0,11.716795519001078,-3.070860944250584,11.716795519001078,-3.070860944250584,2.6783519880924103,5.27633691049894,0.17041782951788514
5934.0,237.36,2.0,11.763906551607963,-3.1510335981714443,11.763906551607963,-3.1510335981714443,2.6764779307704702,5.27633691049894,0.17041782951788514
5935.0,237.4,2.0,11.811017584214852,-3.2329575694278208,11.811017584214852,-3.2329575694278208,2.67453221362355,5.27633691049894,0.17041782951788514
5936.0,237.44,2.0,11.858128616821737,-3.3166193712443364,11.858128616821737,-3.3166193712443364,2.6725148366516494,5.27633691049894,0.17041782951788514
5937.0,237.48000000000002,2.0,11.905239649428625,-3.402004839304519,11.905239649428625,-3.402004839304519,2.670425799854769,5.27633691049894,0.17041782951788514
5938.0,237.52,2.0,11.952350682035515,-3.48909913636952,11.952350682035515,-3.48909913636952,2.6682651032329083,5.27633691049894,0.17041782951788514
5939.0,237.56,2.0,11.999461714642402,-3.577886757180638,11.999461714642402,-3.577886757180638,2.666032746786067,5.27633691049894,0.17041782951788514
5940.0,237.6,2.0,12.046572747249288,-3.6683515336436434,12.046572747249288,-3.6683515336436434,2.663800390339226,5.27633691049894,0.17041782951788514
5941.0,237.64000000000001,2.0,12.093683779856176,-3.760476640292751,12.093683779856176,-3.760476640292751,2.661568033892385,5.27633691049894,0.17041782951788514
5942.0,237.68,2.0,12.140794812463064,-3.8542446000319988,12.140794812463064,-3.8542446000319988,2.659335677445544,5.27633691049894,0.17041782951788514
5943.0,237.72,2.0,12.187905845069949,-3.9496372901516392,12.187905845069949,-3.9496372901516392,2.657174980823683,5.27633691049894,0.17041782951788514
5944.0,237.76,2.0,12.235016877676838,-4.046635948617051,12.235016877676838,-4.046635948617051,2.6550859440268026,5.27633691049894,0.17041782951788514
5945.0,237.8,2.0,12.282127910283723,-4.145221180627576,12.282127910283723,-4.145221180627576,2.653068567054902,5.27633691049894,0.17041782951788514
5946.0,237.84,2.0,12.329238942890612,-4.24537296544254,12.329238942890612,-4.24537296544254,2.6511228499079817,5.27633691049894,0.17041782951788514
5947.0,237.88,2.0,12.376349975497499,-4.347070663471618,12.376349975497499,-4.347070663471618,2.6492487925860413,5.27633691049894,0.17041782951788514
5948.0,237.92000000000002,2.0,12.423461008104388,-4.450293023626613,12.423461008104388,-4.450293023626613,2.6474463950890814,5.27633691049894,0.17041782951788514
5949.0,237.96,2.0,12.470572040711273,-4.5550181909315555,12.470572040711273,-4.5550181909315555,2.6457156574171012,5.27633691049894,0.17041782951788514
5950.0,238.0,2.0,12.51768307331816,-4.66122371438798,12.51768307331816,-4.66122371438798,2.6440565795701017,5.27633691049894,0.17041782951788514
5951.0,238.04,2.0,12.564794105925047,-4.76888655509207,12.564794105925047,-4.76888655509207,2.642469161548082,5.27633691049894,0.17041782951788514
5952.0,238.08,2.0,12.611905138531935,-4.877983094600308,12.611905138531935,-4.877983094600308,2.640953403351043,5.27633691049894,0.17041782951788514
5953.0,238.12,2.0,12.657466287636359,-4.988489143540118,12.657466287636359,-4.988489143540118,2.6395093049789833,5.27633691049894,0.17041782951788514
5954.0,238.16,2.0,12.701450081100226,-5.101438840925095,12.701450081100226,-5.101438840925095,2.6381368664319043,5.27633691049894,0.17041782951788514
5955.0,238.20000000000002,2.0,12.743829510684224,-5.2168124693079605,12.743829510684224,-5.2168124693079605,2.6368360877098054,5.27633691049894,0.17041782951788514
5956.0,238.24,2.0,12.784578043304457,-5.334589102222307,12.784578043304457,-5.334589102222307,2.6356069688126866,5.27633691049894,0.17041782951788514
5957.0,238.28,2.0,12.823669632096813,-5.454746611713334,12.823669632096813,-5.454746611713334,2.634449509740548,5.27633691049894,0.17041782951788514
5958.0,238.32,2.0,12.861078727284333,-5.577261676389476,12.861078727284333,-5.577261676389476,2.6333637104933896,5.27633691049894,0.17041782951788514
5959.0,238.36,2.0,12.896780286842992,-5.702109789991548,12.896780286842992,-5.702109789991548,2.6323495710712113,5.27633691049894,0.17041782951788514
5960.0,238.4,2.0,12.930749786961295,-5.8292652704758545,12.930749786961295,-5.8292652704758545,2.6314070914740126,5.27633691049894,0.17041782951788514
5961.0,238.44,2.0,12.962963232289338,-5.958701269607401,12.962963232289338,-5.958701269607401,2.630536271701795,5.27633691049894,0.17041782951788514
5962.0,238.48000000000002,2.0,12.993397165972857,-6.09028120321609,12.993397165972857,-6.09028120321609,2.629737111754557,5.27633691049894,0.17041782951788514
5963.0,238.52,2.0,13.02202867946812,-6.222946224712363,13.02202867946812,-6.222946224712363,2.6290096116322994,5.27633691049894,0.17041782951788514
5964.0,238.56,2.0,13.048835422133365,-6.356695884910017,13.048835422133365,-6.356695884910017,2.628353771335022,5.27633691049894,0.17041782951788514
5965.0,238.6,2.0,13.073795610592814,-6.491529061723214,13.073795610592814,-6.491529061723214,2.6277695908627248,5.27633691049894,0.17041782951788514
5966.0,238.64000000000001,2.0,13.096888037869201,-6.627443960813388,13.096888037869201,-6.627443960813388,2.6272570702154074,5.27633691049894,0.17041782951788514
5967.0,238.68,2.0,13.118092082280956,-6.7644381165330625,13.118092082280956,-6.7644381165330625,2.6268162093930707,5.27633691049894,0.17041782951788514
5968.0,238.72,2.0,13.137387716100285,-6.90250839316619,13.137387716100285,-6.90250839316619,2.6264470083957137,5.27633691049894,0.17041782951788514
5969.0,238.76,2.0,13.154755513968409,-7.041650986464454,13.154755513968409,-7.041650986464454,2.6261494672233368,5.27633691049894,0.17041782951788514
5970.0,238.8,2.0,13.170176661064422,-7.181861425478877,13.170176661064422,-7.181861425478877,2.6259235858759404,5.27633691049894,0.17041782951788514
5971.0,238.84,2.0,13.183632961024282,-7.3231345746859455,13.183632961024282,-7.3231345746859455,2.6257693643535243,5.27633691049894,0.17041782951788514
5972.0,238.88,2.0,13.195106843606553,-7.465464636407335,13.195106843606553,-7.465464636407335,2.625686802656088,5.27633691049894,0.17041782951788514
5973.0,238.92000000000002,2.0,13.204581372101636,-7.608150037465076,13.204581372101636,-7.608150037465076,2.625675900783632,5.27633691049894,0.17041782951788514
5974.0,238.96,2.0,13.212040250481355,-7.750835438522816,13.212040250481355,-7.750835438522816,2.6257366587361557,5.27633691049894,0.17041782951788514
5975.0,239.0,2.0,13.217467830285829,-7.893520839580557,13.217467830285829,-7.893520839580557,2.62586907651366,5.27633691049894,0.17041782951788514
5976.0,239.04,2.0,13.22084911724472,-8.036206240638297,13.22084911724472,-8.036206240638297,2.6260731541161446,5.27633691049894,0.17041782951788514
5977.0,239.08,2.0,13.222169777629986,-8.178891641696039,13.222169777629986,-8.178891641696039,2.6263488915436093,5.27633691049894,0.17041782951788514
5978.0,239.12,2.0,13.221416144337539,-8.321577042753777,13.221416144337539,-8.321577042753777,2.626696288796054,5.27633691049894,0.17041782951788514
5979.0,239.16,2.0,13.218575222695073,-8.464262443811519,13.218575222695073,-8.464262443811519,2.627115345873479,5.27633691049894,0.17041782951788514
5980.0,239.20000000000002,2.0,13.21363469599372,-8.606947844869259,13.21363469599372,-8.606947844869259,2.6276060627758837,5.27633691049894,0.17041782951788514
5981.0,239.24,2.0,13.206582930741096,-8.749633245926999,13.206582930741096,-8.749633245926999,2.628168439503269,5.27633691049894,0.17041782951788514
5982.0,239.28,2.0,13.19740898163351,-8.892318646984739,13.19740898163351,-8.892318646984739,2.6288024760556343,5.27633691049894,0.17041782951788514
5983.0,239.32,2.0,13.186102596245261,-9.035004048042481,13.186102596245261,-9.035004048042481,2.62950817243298,5.27633691049894,0.17041782951788514
5984.0,239.36,2.0,13.172654219432937,-9.17768944910022,13.172654219432937,-9.17768944910022,2.6302855286353055,5.27633691049894,0.17041782951788514
5985.0,239.4,2.0,13.15705499745295,-9.320374850157961,13.15705499745295,-9.320374850157961,2.6311345446626113,5.27633691049894,0.17041782951788514
5986.0,239.44,2.0,13.139296781790435,-9.463060251215703,13.139296781790435,-9.463060251215703,2.6320552205148973,5.27633691049894,0.17041782951788514
5987.0,239.48000000000002,2.0,13.119372132697967,-9.605745652273441,13.119372132697967,-9.605745652273441,2.633047556192164,5.27633691049894,0.17041782951788514
5988.0,239.52,2.0,13.097274322442516,-9.748431053331183,13.097274322442516,-9.748431053331183,2.63411155169441,5.27633691049894,0.17041782951788514
5989.0,239.56,2.0,13.072997338259318,-9.891116454388923,13.072997338259318,-9.891116454388923,2.635247207021637,5.27633691049894,0.17041782951788514
5990.0,239.6,2.0,13.046535885011341,-10.033801855446663,13.046535885011341,-10.033801855446663,2.636454522173843,5.27633691049894,0.17041782951788514
5991.0,239.64000000000001,2.0,13.017885387553237,-10.176487256504403,13.017885387553237,-10.176487256504403,2.63773349715103,5.27633691049894,0.17041782951788514
5992.0,239.68,2.0,12.987041992798773,-10.319172657562143,12.987041992798773,-10.319172657562143,2.6390841319531972,5.27633691049894,0.17041782951788514
5993.0,239.72,2.0,12.954002571490825,-10.461858058619883,12.954002571490825,-10.461858058619883,2.6405064265803437,5.27633691049894,0.17041782951788514
5994.0,239.76,2.0,12.918846869352459,-10.604543459677624,12.918846869352459,-10.604543459677624,2.6420027111301208,5.27633691049894,0.17041782951788514
5995.0,239.8,2.0,12.881627012703184,-10.747228860735365,12.881627012703184,-10.747228860735365,2.643570337097708,5.27633691049894,0.17041782951788514
5996.0,239.84,2.0,12.84240330448395,-10.889914261793106,12.84240330448395,-10.889914261793106,2.645206065156981,5.27633691049894,0.17041782951788514
5997.0,239.88,2.0,12.801236450052805,-11.032599662850846,12.801236450052805,-11.032599662850846,2.6469066559818137,5.27633691049894,0.17041782951788514
5998.0,239.92000000000002,2.0,12.758187521540131,-11.175285063908587,12.758187521540131,-11.175285063908587,2.6486688702460808,5.27633691049894,0.17041782951788514
5999.0,239.96,2.0,12.713335336335696,-11.317970464966326,12.713335336335696,-11.317970464966326,2.650489779022735,5.27633691049894,0.17041782951788514
6000.0,240.0,2.0,12.666742485927276,-11.46065586602407,12.666742485927276,-11.46065586602407,2.6523662992670407,5.27633691049894,0.17041782951788514
6001.0,240.04,2.0,12.618484130345344,-11.603341267081808,12.618484130345344,-11.603341267081808,2.6542949358020684,5.27633691049894,0.17041782951788514
6002.0,240.08,2.0,12.5686285092692,-11.746026668139548,12.5686285092692,-11.746026668139548,2.6562725034903267,5.27633691049894,0.17041782951788514
6003.0,240.12,2.0,12.51724478636872,-11.888712069197291,12.51724478636872,-11.888712069197291,2.6582959871978216,5.27633691049894,0.17041782951788514
6004.0,240.16,2.0,12.464409253783925,-12.03139747025503,12.464409253783925,-12.03139747025503,2.6603620492164937,5.27633691049894,0.17041782951788514
6005.0,240.20000000000002,2.0,12.410178664200004,-12.17408287131277,12.410178664200004,-12.17408287131277,2.6624679676605862,5.27633691049894,0.17041782951788514
6006.0,240.24,2.0,12.35461944659442,-12.31676827237051,12.35461944659442,-12.31676827237051,2.6646107862458566,5.27633691049894,0.17041782951788514
6007.0,240.28,2.0,12.297788318585756,-12.459453673428252,12.297788318585756,-12.459453673428252,2.666787483627377,5.27633691049894,0.17041782951788514
6008.0,240.32,2.0,12.23973800158888,-12.60213907448599,12.23973800158888,-12.60213907448599,2.6689949169027436,5.27633691049894,0.17041782951788514
6009.0,240.36,2.0,12.180553154898366,-12.744824475543732,12.180553154898366,-12.744824475543732,2.6712300151251664,5.27633691049894,0.17041782951788514
6010.0,240.4,2.0,12.120287798602057,-12.88750987660147,12.120287798602057,-12.88750987660147,2.6734894086755068,5.27633691049894,0.17041782951788514
6011.0,240.44,2.0,12.059019354445727,-13.030195277659212,12.059019354445727,-13.030195277659212,2.675770035140169,5.27633691049894,0.17041782951788514
6012.0,240.48000000000002,2.0,11.996809183079073,-13.172880678716952,11.996809183079073,-13.172880678716952,2.678068226757697,5.27633691049894,0.17041782951788514
6013.0,240.52,2.0,11.93255812477998,-13.315566079774692,11.93255812477998,-13.315566079774692,2.680380964384076,5.27633691049894,0.17041782951788514
6014.0,240.56,2.0,11.866086069934715,-13.458251480832434,11.866086069934715,-13.458251480832434,2.6826982190594686,5.27633691049894,0.17041782951788514
6015.0,240.6,2.0,11.797410169089414,-13.600936881890174,11.797410169089414,-13.600936881890174,2.685021020470548,5.27633691049894,0.17041782951788514
6016.0,240.64000000000001,2.0,11.72654045959925,-13.743622282947914,11.72654045959925,-13.743622282947914,2.6873509891252936,5.27633691049894,0.17041782951788514
6017.0,240.68,2.0,11.653487612289853,-13.886307684005654,11.653487612289853,-13.886307684005654,2.689689745531687,5.27633691049894,0.17041782951788514
6018.0,240.72,2.0,11.57826293911582,-14.028993085063396,11.57826293911582,-14.028993085063396,2.692038910197709,5.27633691049894,0.17041782951788514
6019.0,240.76,2.0,11.500860986255589,-14.171678486121134,11.500860986255589,-14.171678486121134,2.6943997932322614,5.27633691049894,0.17041782951788514
6020.0,240.8,2.0,11.421293476434917,-14.314363887178876,11.421293476434917,-14.314363887178876,2.696773858861935,5.27633691049894,0.17041782951788514
6021.0,240.84,2.0,11.339560485236477,-14.457049288236616,11.339560485236477,-14.457049288236616,2.6991629834455133,5.27633691049894,0.17041782951788514
6022.0,240.88,2.0,11.255597116987612,-14.599734689294356,11.255597116987612,-14.599734689294356,2.7015763352472684,5.27633691049894,0.17041782951788514
6023.0,240.92000000000002,2.0,11.169358498711402,-14.742420090352098,11.169358498711402,-14.742420090352098,2.704009604128156,5.27633691049894,0.17041782951788514
6024.0,240.96,2.0,11.080842195295993,-14.885105491409838,11.080842195295993,-14.885105491409838,2.706464631353659,5.27633691049894,0.17041782951788514
6025.0,241.0,2.0,10.990062705674424,-15.027790892467578,10.990062705674424,-15.027790892467578,2.7089426917434247,5.27633691049894,0.17041782951788514
6026.0,241.04,2.0,10.89698297040062,-15.170476293525317,10.89698297040062,-15.170476293525317,2.7114407698780747,5.27633691049894,0.17041782951788514
6027.0,241.08,2.0,10.80161977240261,-15.31316169458306,10.80161977240261,-15.31316169458306,2.7139602978004898,5.27633691049894,0.17041782951788514
6028.0,241.12,2.0,10.704193563069683,-15.455847095640799,10.704193563069683,-15.455847095640799,2.71648568342527,5.27633691049894,0.17041782951788514
6029.0,241.16,2.0,10.605257242284086,-15.598532496698539,10.605257242284086,-15.598532496698539,2.719027846286658,5.27633691049894,0.17041782951788514
6030.0,241.20000000000002,2.0,10.504252422788678,-15.74121789775628,10.504252422788678,-15.74121789775628,2.7215773053555963,5.27633691049894,0.17041782951788514
6031.0,241.24,2.0,10.400979352825862,-15.88390329881402,10.400979352825862,-15.88390329881402,2.724167212408956,5.27633691049894,0.17041782951788514
6032.0,241.28,2.0,10.295416121488868,-16.02658869987176,10.295416121488868,-16.02658869987176,2.726800323006917,5.27633691049894,0.17041782951788514
6033.0,241.32,2.0,10.187524319945593,-16.1692741009295,10.187524319945593,-16.1692741009295,2.729478744092218,5.27633691049894,0.17041782951788514
6034.0,241.36,2.0,10.077429807187947,-16.311959501987243,10.077429807187947,-16.311959501987243,2.732209262325771,5.27633691049894,0.17041782951788514
6035.0,241.4,2.0,9.96509087449359,-16.454644903044983,9.96509087449359,-16.454644903044983,2.7349925843244467,5.27633691049894,0.17041782951788514
6036.0,241.44,2.0,9.850466803345265,-16.597330304102723,9.850466803345265,-16.597330304102723,2.738203370646367,5.27633691049894,0.17041782951788514
6037.0,241.48000000000002,2.0,9.733517872766507,-16.740015705160463,9.733517872766507,-16.740015705160463,2.7422105982493146,5.27633691049894,0.17041782951788514
6038.0,241.52,2.0,9.614205366310376,-16.882701106218203,9.614205366310376,-16.882701106218203,2.7470149737501606,5.27633691049894,0.17041782951788514
6039.0,241.56,2.0,9.492491578699939,-17.025386507275943,9.492491578699939,-17.025386507275943,2.752248933424858,5.27633691049894,0.17041782951788514
6040.0,241.6,2.0,9.368339822119427,-17.168071908333683,9.368339822119427,-17.168071908333683,2.7575392299490242,5.27633691049894,0.17041782951788514
6041.0,241.64000000000001,2.0,9.241714432155096,-17.310757309391423,9.241714432155096,-17.310757309391423,2.762886569939529,5.27633691049894,0.17041782951788514
6042.0,241.68,2.0,9.112653556749825,-17.453442710449163,9.112653556749825,-17.453442710449163,2.768284058068316,5.27633691049894,0.17041782951788514
6043.0,241.72,2.0,8.981176293123783,-17.596128111506903,8.981176293123783,-17.596128111506903,2.7737381074071474,5.27633691049894,0.17041782951788514
6044.0,241.76,2.0,8.847254042616042,-17.738813512564647,8.847254042616042,-17.738813512564647,2.7792493021973232,5.27633691049894,0.17041782951788514
6045.0,241.8,2.0,8.710862656209644,-17.881498913622387,8.710862656209644,-17.881498913622387,2.784818177303679,5.27633691049894,0.17041782951788514
6046.0,241.84,2.0,8.572021684290227,-18.024184314680127,8.572021684290227,-18.024184314680127,2.790449792228558,5.27633691049894,0.17041782951788514
6047.0,241.88,2.0,8.430708335940663,-18.166869715737867,8.430708335940663,-18.166869715737867,2.796144824072732,5.27633691049894,0.17041782951788514
6048.0,241.92000000000002,2.0,8.286899753125404,-18.309555116795607,8.286899753125404,-18.309555116795607,2.8019043183861227,5.27633691049894,0.17041782951788514
6049.0,241.96,2.0,8.139628655141465,-18.452240517853348,8.139628655141465,-18.452240517853348,2.8077698460898253,5.27633691049894,0.17041782951788514
6050.0,242.0,2.0,7.99106823988589,-18.594925918911088,7.99106823988589,-18.594925918911088,2.8137030139209336,5.27633691049894,0.17041782951788514
6051.0,242.04,2.0,7.841189169276774,-18.737611319968828,7.841189169276774,-18.737611319968828,2.819689597551508,5.27633691049894,0.17041782951788514
6052.0,242.08,2.0,7.68999915229019,-18.880296721026568,7.68999915229019,-18.880296721026568,2.8257295969815464,5.27633691049894,0.17041782951788514
6053.0,242.12,2.0,7.537506055802425,-19.022982122084308,7.537506055802425,-19.022982122084308,2.83182301221105,5.27633691049894,0.17041782951788514
6054.0,242.16,2.0,7.383717903320313,-19.165667523142048,7.383717903320313,-19.165667523142048,2.8379698432400184,5.27633691049894,0.17041782951788514
6055.0,242.20000000000002,2.0,7.228642873685935,-19.30835292419979,7.228642873685935,-19.30835292419979,2.844170090068452,5.27633691049894,0.17041782951788514
6056.0,242.24,2.0,7.072289299755983,-19.45103832525753,7.072289299755983,-19.45103832525753,2.8504237526963507,5.27633691049894,0.17041782951788514
6057.0,242.28,2.0,6.914665667055949,-19.593723726315268,6.914665667055949,-19.593723726315268,2.856730831123714,5.27633691049894,0.17041782951788514
6058.0,242.32,2.0,6.755780612409448,-19.736409127373012,6.755780612409448,-19.736409127373012,2.8630913253505423,5.27633691049894,0.17041782951788514
6059.0,242.36,2.0,6.595642922542891,-19.878319721056613,6.595642922542891,-19.878319721056613,2.869505235376836,5.27633691049894,0.17041782951788514
6060.0,242.4,2.0,6.4342615326657695,-20.019442648752353,6.4342615326657695,-20.019442648752353,2.8759725612025946,5.27633691049894,0.17041782951788514
6061.0,242.44,2.0,6.271645525026832,-20.15976516353604,6.271645525026832,-20.15976516353604,2.882493302827818,5.27633691049894,0.17041782951788514
6062.0,242.48000000000002,2.0,6.1078041274463715,-20.299274631991135,6.1078041274463715,-20.299274631991135,2.889067460252506,5.27633691049894,0.17041782951788514
6063.0,242.52,2.0,5.942746711824928,-20.43795853600706,5.942746711824928,-20.43795853600706,2.89569503347666,5.27633691049894,0.17041782951788514
6064.0,242.56,2.0,5.776482792628682,-20.57580447455732,5.776482792628682,-20.57580447455732,2.902376022500278,5.27633691049894,0.17041782951788514
6065.0,242.6,2.0,5.6090220253517655,-20.71280016545719,5.6090220253517655,-20.71280016545719,2.9091104273233612,5.27633691049894,0.17041782951788514
6066.0,242.64000000000001,2.0,5.4403742049558454,-20.848933447100638,5.4403742049558454,-20.848933447100638,2.9158982479459103,5.27633691049894,0.17041782951788514
6067.0,242.68,2.0,5.270549264287199,-20.98419228017618,5.270549264287199,-20.98419228017618,2.922739484367923,5.27633691049894,0.17041782951788514
6068.0,242.72,2.0,5.0995572724715945,-21.11856474936134,5.0995572724715945,-21.11856474936134,2.9296341365894016,5.27633691049894,0.17041782951788514
6069.0,242.76,2.0,4.927408433287289,-21.25203906499549,4.927408433287289,-21.25203906499549,2.9365822046103447,5.27633691049894,0.17041782951788514
6070.0,242.8,2.0,4.754113083516403,-21.383234609369786,4.754113083516403,-21.383234609369786,2.9435836884307527,5.27633691049894,0.17041782951788514
6071.0,242.84,2.0,4.579681691275001,-21.512116096729784,4.579681691275001,-21.512116096729784,2.950638588050626,5.27633691049894,0.17041782951788514
6072.0,242.88,2.0,4.404124854322171,-21.638648827469126,4.404124854322171,-21.638648827469126,2.9577469034699635,5.27633691049894,0.17041782951788514
6073.0,242.92000000000002,2.0,4.22745329834841,-21.76279870077382,4.22745329834841,-21.76279870077382,2.9649086346887668,5.27633691049894,0.17041782951788514
6074.0,242.96,2.0,4.049677875243633,-21.88453222705125,4.049677875243633,-21.88453222705125,2.972123781707036,5.27633691049894,0.17041782951788514
6075.0,243.0,2.0,3.8708095613451157,-22.00381654013889,3.8708095613451157,-22.00381654013889,2.9793923445247685,5.27633691049894,0.17041782951788514
6076.0,243.04,2.0,3.6908594556657026,-22.120619409288008,3.6908594556657026,-22.120619409288008,2.9867143231419666,5.27633691049894,0.17041782951788514
6077.0,243.08,2.0,3.5098387781025786,-22.234909250917443,3.5098387781025786,-22.234909250917443,2.994089717558629,5.27633691049894,0.17041782951788514
6078.0,243.12,2.0,3.3277588676269603,-22.346655140132775,3.3277588676269603,-22.346655140132775,3.0015185277747576,5.27633691049894,0.17041782951788514
6079.0,243.16,2.0,3.144631180455015,-22.455826822006376,3.144631180455015,-22.455826822006376,3.00900075379035,5.27633691049894,0.17041782951788514
6080.0,243.20000000000002,2.0,2.960467288200354,-22.562394722613785,2.960467288200354,-22.562394722613785,3.0165363956054083,5.27633691049894,0.17041782951788514
6081.0,243.24,2.0,2.775278876008427,-22.666329959821976,2.775278876008427,-22.666329959821976,3.0241254532199315,5.262549562326016,0.16974524868907964
6082.0,243.28,2.0,2.589077740673162,-22.767604353825295,2.589077740673162,-22.767604353825295,3.0317679266339197,5.236971322143501,0.16855012454773563
6083.0,243.32,2.0,2.4018757887362003,-22.866190437424788,2.4018757887362003,-22.866190437424788,3.0394638158473724,5.199602189951395,0.16683245709385308
6084.0,243.36,2.0,2.213685034569061,-22.962061466046872,2.213685034569061,-22.962061466046872,3.04721312086029,5.1504421657496975,0.16459224632743197
6085.0,243.4,2.0,2.02451759843859,-23.05519142749735,2.02451759843859,-23.05519142749735,3.0550158416726734,5.089491249538409,0.16182949224847232
6086.0,243.44,2.0,1.8343857045560494,-23.14555505144684,1.8343857045560494,-23.14555505144684,3.062871978284521,5.015496760628673,0.15854232217461617
6087.0,243.48000000000002,2.0,1.6433016791101982,-23.23312781864389,1.6433016791101982,-23.23312781864389,3.0707815306958337,4.927994261181604,0.15474872469318915
6088.0,243.52,2.0,1.4512779482847196,-23.317885969852075,1.4512779482847196,-23.317885969852075,3.0787444989066115,4.8268346399607545,0.1504450630251825
6089.0,243.56,2.0,1.2583270362603676,-23.399806514507553,1.2583270362603676,-23.399806514507553,3.0867608829168547,4.71181424690915,0.14562876226285248
6090.0,243.6,2.0,1.0644615632021805,-23.4788672390936,1.0644615632021805,-23.4788672390936,3.0948306827265624,4.582651612784171,0.14029359480069478
6091.0,243.64000000000001,2.0,0.8696942432321445,-23.55504671522877,0.8696942432321445,-23.55504671522877,3.1029538983357345,4.439103813804173,0.1344369334712959
6092.0,243.68,2.0,0.67403788238766,-23.628324307465547,0.67403788238766,-23.628324307465547,3.111130529744372,4.280745014329597,0.12805140153664352
6093.0,243.72,2.0,0.4775053765661976,-23.69868018079633,0.4775053765661976,-23.69868018079633,3.119360576952475,4.107166725375604,0.12112469643658177
6094.0,243.76,2.0,0.2801097094565061,-23.7660953078637,0.2801097094565061,-23.7660953078637,3.1276440399600425,3.9181466568750434,0.11365987425727433
6095.0,243.8,2.0,0.08186395045675501,-23.830551475872294,0.08186395045675501,-23.830551475872294,3.1359809187670753,3.7135464482895904,0.10565214866377969
6096.0,243.84,2.0,-0.11721874742001104,-23.892031293199338,-0.11721874742001104,-23.892031293199338,3.144371213373573,3.4932873924038366,0.09709924020988986
6097.0,243.88,2.0,-0.3171251496527256,-23.95051819570137,-0.3171251496527256,-23.95051819570137,3.1528149237795353,3.2574560191758075,0.08799403514788168
6098.0,243.92000000000002,2.0,-0.5178419423310774,-24.00599645271453,-0.5178419423310774,-24.00599645271453,3.1613120499849634,3.006059468383407,0.07833496560908274
6099.0,243.96,1.0,-0.7193557342858264,-24.058451172746153,-0.7193557342858264,-24.058451172746153,3.1698625919898555,2.7393635378114793,0.0681074139870719
6100.0,244.0,0.0,-0.9216530592302716,-24.107868308855334,-0.9216530592302716,-24.107868308855334,3.178466549794213,2.486454955412475,0.057977957649306584
6101.0,244.04,0.0,-1.12472037791248,-24.154234663720402,-1.12472037791248,-24.154234663720402,3.187123923398035,2.245337265023063,0.04813331205177809
6102.0,244.08,0.0,-1.3285440802778867,-24.197537894391214,-1.3285440802778867,-24.197537894391214,3.195834712801323,2.0160104666432415,0.03842343967821948
6103.0,244.12,0.0,-1.5331104876418746,-24.237766516724516,-1.5331104876418746,-24.237766516724516,3.2045989180040753,1.798474560273011,0.028848340528630733
6104.0,244.16,1.0,-1.7384058548719352,-24.274909909500522,-1.7384058548719352,-24.274909909500522,3.213416539006293,1.5927295459123718,0.019408014603011864
6105.0,244.20000000000002,1.0,-1.9444163725790173,-24.308958318219126,-1.9444163725790173,-24.308958318219126,3.2222875758079756,1.4000281042501803,0.01010433458372085
6106.0,244.24,1.0,-2.1511281693176643,-24.33990285857433,-2.1511281693176643,-24.33990285857433,3.231212028409123,1.2208346731253212,0.0009211845657900402
6107.0,244.28,1.0,-2.3585273137945415,-24.367735519605397,-2.3585273137945415,-24.367735519605397,3.240189896809735,1.0552983637742432,-0.008155787259097514
6108.0,244.32,1.0,-2.5659264582714196,-24.392449166523658,-2.5659264582714196,-24.392449166523658,3.249221181009813,0.9036228262539195,-0.017120369204189297
6109.0,244.36,1.0,-2.773325602748297,-24.4140375432137,-2.773325602748297,-24.4140375432137,3.2583058810093544,0.7663668692410796,-0.025832125052328413
6110.0,244.4,1.0,-2.9807247472251746,-24.432495274408172,-2.9807247472251746,-24.432495274408172,3.2674439968083617,0.6476818077319768,-0.034181643280365076
6111.0,244.44,0.0,-3.188123891702052,-24.447817867535218,-3.188123891702052,-24.447817867535218,3.2766355284068345,0.5482364011478144,-0.04215891998287349
6112.0,244.48000000000002,1.0,-3.3955230361789295,-24.46000171423788,-3.3955230361789295,-24.46000171423788,3.2858804758047717,0.46961651673265775,-0.04974782569198788
6113.0,244.52,1.0,-3.6029221806558067,-24.46904409156496,-3.6029221806558067,-24.46904409156496,3.295178839002174,0.41251940225287376,-0.056919082345988414
6114.0,244.56,1.0,-3.810321325132685,-24.47494316283285,-3.810321325132685,-24.47494316283285,3.3045306179990406,0.3773057083139391,-0.06354743558580177
6115.0,244.6,1.0,-4.017720469609562,-24.477697978158012,-4.017720469609562,-24.477697978158012,3.3139358127953726,0.36013965825936506,-0.06963060596521993
6116.0,244.64000000000001,1.0,-4.225119614086439,-24.477308474660017,-4.225119614086439,-24.477308474660017,3.32339442339117,0.3585459255470671,-0.07516147973651972
6117.0,244.68,1.0,-4.432518758563317,-24.47377547633501,-4.432518758563317,-24.47377547633501,3.332906449786432,0.37251737039913935,-0.08013848903102878
6118.0,244.72,1.0,-4.639917903040195,-24.46710069359981,-4.639917903040195,-24.46710069359981,3.342471891981159,0.4017881950307395,-0.08454701624232591
6119.0,244.76,0.0,-4.847317047517072,-24.457286722506716,-4.847317047517072,-24.457286722506716,3.3520907499753516,0.43105901966233956,-0.08838105790906309
6120.0,244.8,0.0,-5.05471619199395,-24.44433704362958,-5.05471619199395,-24.44433704362958,3.361763023769009,0.4603298442939397,-0.09197736700349857
6121.0,244.84,0.0,-5.262115336470827,-24.428256020621493,-5.262115336470827,-24.428256020621493,3.3714887133621305,0.48960066892553983,-0.09518590600936536
6122.0,244.88,0.0,-5.469514480947704,-24.40904889844471,-5.469514480947704,-24.40904889844471,3.3812678187547176,0.5188714935571399,-0.09800667492666351
6123.0,244.92000000000002,0.0,-5.676913625424582,-24.38672180127374,-5.676913625424582,-24.38672180127374,3.391100339946769,0.54814231818874,-0.10039860743894917
6124.0,244.96,0.0,-5.8843127699014595,-24.36128173007227,-5.8843127699014595,-24.36128173007227,3.4009862769382866,0.5774131428203401,-0.10217124022997572
6125.0,245.0,0.0,-6.091711914378338,-24.3327365598451,-6.091711914378338,-24.3327365598451,3.410925629729268,0.602282813950259,-0.10332644598210113
6126.0,245.04,0.0,-6.299111058855216,-24.30109503656617,-6.299111058855216,-24.30109503656617,3.4209183983197153,0.6227513315784967,-0.10384623610799976
6127.0,245.08,1.0,-6.506510203332092,-24.26636677378404,-6.506510203332092,-24.26636677378404,3.430964582709627,0.6388186957050531,-0.10373424738668031
6128.0,245.12,0.0,-6.71390934780897,-24.22856224890614,-6.71390934780897,-24.22856224890614,3.4410641828990043,0.6502075668958198,-0.10326299944471834
6129.0,245.16,0.0,-6.921308492285847,-24.187692799163372,-6.921308492285847,-24.187692799163372,3.451217198887846,0.6518750915137159,-0.10263249525561767
6130.0,245.20000000000002,1.0,-7.128707636762725,-24.143770617256827,-7.128707636762725,-24.143770617256827,3.4614236306761526,0.6435095326713964,-0.10184536198679173
6131.0,245.24,0.0,-7.336106781239602,-24.09680874668822,-7.336106781239602,-24.09680874668822,3.4716834782639245,0.6239335121096324,-0.10090542654595046
6132.0,245.28,0.0,-7.54350592571648,-24.046821076776222,-7.54350592571648,-24.046821076776222,3.4819967416511606,0.5919205295095422,-0.09984502308097735
6133.0,245.32,1.0,-7.750905070193356,-23.993822337360495,-7.750905070193356,-23.993822337360495,3.4923634208378624,0.547181826089596,-0.09878461961600424
6134.0,245.36,1.0,-7.9583042146702345,-23.93782809319579,-7.9583042146702345,-23.93782809319579,3.5027835158240297,0.4936318857216913,-0.09772421615103112
6135.0,245.4,2.0,-8.16570335914711,-23.87885473803836,-8.16570335914711,-23.87885473803836,3.513257026609661,0.4334072389440347,-0.096663812686058
6136.0,245.44,2.0,-8.37310250362399,-23.816919488427065,-8.37310250362399,-23.816919488427065,3.5237122933697775,0.3680391291243305,-0.09560340922108489
6137.0,245.48000000000002,2.0,-8.580501648100869,-23.752040377161798,-8.580501648100869,-23.752040377161798,3.5341493161043793,0.29424544597444546,-0.09454300575611178
6138.0,245.52,2.0,-8.787900792577744,-23.68423624648187,-8.787900792577744,-23.68423624648187,3.5445146790140005,0.2204517628245605,-0.09348260229113868
6139.0,245.56,2.0,-8.995299937054623,-23.613526740947123,-8.995299937054623,-23.613526740947123,3.554808382098641,0.14665807967467553,-0.09242219882616555
6140.0,245.6,2.0,-9.2026990815315,-23.53993230002473,-9.2026990815315,-23.53993230002473,3.565030425358302,0.07286439652479053,-0.09136179536119245
6141.0,245.64000000000001,2.0,-9.410098226008378,-23.463474150384716,-9.410098226008378,-23.463474150384716,3.575180808792983,-0.0009292866250944586,-0.09030139189621933
6142.0,245.68,2.0,-9.617497370485255,-23.38417429790726,-9.617497370485255,-23.38417429790726,3.585259532402683,-0.07472296977497946,-0.08928205474769003
6143.0,245.72,2.0,-9.824896514962132,-23.302055519405215,-9.824896514962132,-23.302055519405215,3.5952665961874035,-0.14851665292486446,-0.08849424723185118
6144.0,245.76,2.0,-10.03229565943901,-23.217141354064974,-10.03229565943901,-23.217141354064974,3.605202000147144,-0.2179091825730682,-0.08793796934870278
6145.0,245.8,2.0,-10.239694803915887,-23.129456094609456,-10.239694803915887,-23.129456094609456,3.6150657442819036,-0.28290055871959074,-0.08761322109824485
6146.0,245.84,2.0,-10.4455440648903,-23.039024778186576,-10.4455440648903,-23.039024778186576,3.6248578285916837,-0.34349078136443206,-0.08752000248047737
6147.0,245.88,2.0,-10.649815970224159,-22.94587317698706,-10.649815970224159,-22.94587317698706,3.6345782530764836,-0.3996798505075922,-0.08752000248047737
6148.0,245.92000000000002,2.0,-10.852483511678145,-22.85002778859536,-10.852483511678145,-22.85002778859536,3.644227017736303,-0.45033330372659985,-0.08752000248047737
6149.0,245.96,2.0,-11.05352015616837,-22.751515826077576,-11.05352015616837,-22.751515826077576,3.6538041225711426,-0.49538232791575404,-0.08752000248047737
6150.0,246.0,2.0,-11.252899856830714,-22.650365207810516,-11.252899856830714,-22.650365207810516,3.6633095675810012,-0.5348269230750544,-0.08752000248047737
6151.0,246.04,2.0,-11.450597063888228,-22.546604547055892,-11.450597063888228,-22.546604547055892,3.6727433527658806,-0.5679155465848316,-0.08752000248047737
6152.0,246.08,2.0,-11.646586735316877,-22.440263141283996,-11.646586735316877,-22.440263141283996,3.6821054781257794,-0.5945817297307103,-0.08752000248047737
6153.0,246.12,2.0,-11.84084434730517,-22.33137096125117,-11.84084434730517,-22.33137096125117,3.691395943660699,-0.6148254725126906,-0.08752000248047737
6154.0,246.16,2.0,-12.0333459045032,-22.219958639835433,-12.0333459045032,-22.219958639835433,3.700614749370638,-0.628394508884919,-0.08752000248047737
6155.0,246.20000000000002,2.0,-12.22406795005671,-22.106166040478055,-12.22406795005671,-22.106166040478055,3.7097618952555953,-0.6368200822150998,-0.08752000248047737
6156.0,246.24,2.0,-12.412987575421964,-21.991054782634908,-12.412987575421964,-21.991054782634908,3.718837381315574,-0.6368200822150998,-0.08752000248047737
6157.0,246.28,2.0,-12.6000824299572,-21.87462758119012,-12.6000824299572,-21.87462758119012,3.727841207550572,-0.6368200822150998,-0.08752000248047737
6158.0,246.32,2.0,-12.78533073028664,-21.756887316265217,-12.78533073028664,-21.756887316265217,3.7367733739605904,-0.6368200822150998,-0.08752000248047737
6159.0,246.36,2.0,-12.968711269433017,-21.637837032348013,-12.968711269433017,-21.637837032348013,3.7456338805456277,-0.6368200822150998,-0.08752000248047737
6160.0,246.4,2.0,-13.150203425714764,-21.517479937394135,-13.150203425714764,-21.517479937394135,3.754422727305685,-0.6368200822150998,-0.08752000248047737
6161.0,246.44,2.0,-13.32978717140408,-21.395819401901417,-13.32978717140408,-21.395819401901417,3.763139914240763,-0.6368200822150998,-0.08752000248047737
6162.0,246.48000000000002,2.0,-13.507443081142192,-21.27285895795726,-13.507443081142192,-21.27285895795726,3.77178544135086,-0.6368200822150998,-0.08752000248047737
6163.0,246.52,2.0,-13.6831523401082,-21.148602298259256,-13.6831523401082,-21.148602298259256,3.7803593086359775,-0.6368200822150998,-0.08752000248047737
6164.0,246.56,2.0,-13.856896751938049,-21.02305327510918,-13.856896751938049,-21.02305327510918,3.7888615160961145,-0.6368200822150998,-0.08752000248047737
6165.0,246.6,2.0,-14.02865874639031,-20.896215899380643,-14.02865874639031,-20.896215899380643,3.797292063731271,-0.6368200822150998,-0.08752000248047737
6166.0,246.64000000000001,2.0,-14.198421386755383,-20.768094339460568,-14.198421386755383,-20.768094339460568,3.805650951541448,-0.6368200822150998,-0.08752000248047737
6167.0,246.68,2.0,-14.36616837700509,-20.63869292016469,-14.36616837700509,-20.63869292016469,3.8139381795266445,-0.6368200822150998,-0.08752000248047737
6168.0,246.72,2.0,-14.531884068679558,-20.508016121627367,-14.531884068679558,-20.508016121627367,3.822153747686861,-0.6368200822150998,-0.08752000248047737
6169.0,246.76000000000002,2.0,-14.695553467508434,-20.376068578165842,-14.695553467508434,-20.376068578165842,3.830297656022097,-0.6368200822150998,-0.08752000248047737
6170.0,246.8,2.0,-14.857162239763692,-20.24285507711927,-14.857162239763692,-20.24285507711927,3.838369904532353,-0.6368200822150998,-0.08752000248047737
6171.0,246.84,2.0,-15.016696718341235,-20.108380557662638,-15.016696718341235,-20.108380557662638,3.846370493217629,-0.6368200822150998,-0.08752000248047737
6172.0,246.88,2.0,-15.17414390856876,-19.972650109595985,-15.17414390856876,-19.972650109595985,3.8542994220779243,-0.6368200822150998,-0.08752000248047737
6173.0,246.92000000000002,2.0,-15.3294914937374,-19.83566897210894,-15.3294914937374,-19.83566897210894,3.86215669111324,-0.6368200822150998,-0.08752000248047737
6174.0,246.96,2.0,-15.482727840354766,-19.697442532521034,-15.482727840354766,-19.697442532521034,3.869942300323576,-0.6368200822150998,-0.08752000248047737
6175.0,247.0,2.0,-15.63384200311717,-19.557976324997934,-15.63384200311717,-19.557976324997934,3.877656249708931,-0.6368200822150998,-0.08752000248047737
6176.0,247.04,2.0,-15.78282372959891,-19.417276029243833,-15.78282372959891,-19.417276029243833,3.8852985392693054,-0.6368200822150998,-0.08752000248047737
6177.0,247.08,2.0,-15.929663464656574,-19.27534746917036,-15.929663464656574,-19.27534746917036,3.8928691690047006,-0.6368200822150998,-0.08752000248047737
6178.0,247.12,2.0,-16.07435235454658,-19.132196611542156,-16.07435235454658,-19.132196611542156,3.9003681389151157,-0.6368200822150998,-0.08752000248047737
6179.0,247.16,2.0,-16.216882250754054,-18.98782956459949,-16.216882250754054,-18.98782956459949,3.90779544900055,-0.6368200822150998,-0.08752000248047737
6180.0,247.20000000000002,2.0,-16.35724571353158,-18.8422525766581,-16.35724571353158,-18.8422525766581,3.9151510992610046,-0.6368200822150998,-0.08752000248047737
6181.0,247.24,2.0,-16.495436015146115,-18.69547203468661,-16.495436015146115,-18.69547203468661,3.9224350896964784,-0.6368200822150998,-0.08752000248047737
6182.0,247.28,2.0,-16.631447142832908,-18.547494462861746,-16.631447142832908,-18.547494462861746,3.9296474203069733,-0.6368200822150998,-0.08752000248047737
6183.0,247.32,2.0,-16.76527380145492,-18.398326521101698,-16.76527380145492,-18.398326521101698,3.936788091092487,-0.6368200822150998,-0.08752000248047737
6184.0,247.36,2.0,-16.896911415866807,-18.247975003577842,-16.896911415866807,-18.247975003577842,3.943857102053021,-0.6368200822150998,-0.08752000248047737
6185.0,247.4,2.0,-17.026356132982336,-18.0964468372052,-17.026356132982336,-18.0964468372052,3.9508544531885748,-0.6368200822150998,-0.08752000248047737
6186.0,247.44,2.0,-17.153604823544377,-17.943749080111868,-17.153604823544377,-17.943749080111868,3.9577801444991483,-0.6368200822150998,-0.08752000248047737
6187.0,247.48000000000002,2.0,-17.278737233276,-17.789888920087744,-17.278737233276,-17.789888920087744,3.964631845887092,-0.6368200822150998,-0.08752000248047737
6188.0,247.52,2.0,-17.401805488496716,-17.634873673012855,-17.401805488496716,-17.634873673012855,3.971412205857225,-0.6368200822150998,-0.08752000248047737
6189.0,247.56,2.0,-17.522869892147472,-17.478710781265615,-17.522869892147472,-17.478710781265615,3.978124463735673,-0.6368200822150998,-0.08752000248047737
6190.0,247.6,2.0,-17.641991149586318,-17.32140781211127,-17.641991149586318,-17.32140781211127,3.9847718588485606,-0.6368200822150998,-0.08752000248047737
6191.0,247.64000000000001,2.0,-17.759230332943634,-17.162972456070918,-17.759230332943634,-17.162972456070918,3.991357630522015,-0.6368200822150998,-0.08752000248047737
6192.0,247.68,2.0,-17.874666259609185,-17.003412525271354,-17.874666259609185,-17.003412525271354,3.99788470768308,-0.6368200822150998,-0.08752000248047737
6193.0,247.72,2.0,-17.988361521070757,-16.842735951776124,-17.988361521070757,-16.842735951776124,4.004356173376495,-0.6368200822150998,-0.08752000248047737
6194.0,247.76000000000002,2.0,-18.100391277358817,-16.680950785898084,-18.100391277358817,-16.680950785898084,4.010775522779189,-0.6368200822150998,-0.08752000248047737
6195.0,247.8,2.0,-18.21082376815266,-16.518065194493776,-18.21082376815266,-16.518065194493776,4.017145941028652,-0.6368200822150998,-0.08752000248047737
6196.0,247.84,2.0,-18.31972815712217,-16.35408745923999,-18.31972815712217,-16.35408745923999,4.023470443258876,-0.6368200822150998,-0.08752000248047737
6197.0,247.88,2.0,-18.427180736407372,-16.18902597489286,-18.427180736407372,-16.18902597489286,4.029752367177925,-0.6368200822150998,-0.08752000248047737
6198.0,247.92000000000002,2.0,-18.533238258693437,-16.022889247529744,-18.533238258693437,-16.022889247529744,4.0359944346715535,-0.6368200822150998,-0.08752000248047737
6199.0,247.96,2.0,-18.63796715295784,-15.855685892774362,-18.63796715295784,-15.855685892774362,4.042199602024003,-0.6368200822150998,-0.08752000248047737
6200.0,248.0,2.0,-18.74142413681917,-15.687424634005417,-18.74142413681917,-15.687424634005417,4.048370890580204,-0.6368200822150998,-0.08752000248047737
6201.0,248.04,2.0,-18.84366193169228,-15.51811430054915,-18.84366193169228,-15.51811430054915,4.054511443242558,-0.6368200822150998,-0.08752000248047737
6202.0,248.08,2.0,-18.94476519687176,-15.34776382585608,-18.94476519687176,-15.34776382585608,4.060624330957856,-0.6368200822150998,-0.08752000248047737
6203.0,248.12,2.0,-19.04478795244544,-15.176382245662358,-19.04478795244544,-15.176382245662358,4.066712923345236,-0.6368200822150998,-0.08752000248047737
6204.0,248.16,2.0,-19.143654235797058,-15.00397869613608,-19.143654235797058,-15.00397869613608,4.072780282818295,-0.6368200822150998,-0.08752000248047737
6205.0,248.20000000000002,2.0,-19.240968108109193,-14.830562412008888,-19.240968108109193,-14.830562412008888,4.078830077138487,-0.6368200822150998,-0.08752000248047737
6206.0,248.24,2.0,-19.3367989855591,-14.656142724693233,-19.3367989855591,-14.656142724693233,4.084865325449829,-0.6368200822150998,-0.08752000248047737
6207.0,248.28,2.0,-19.430970773291836,-14.480729060385702,-19.430970773291836,-14.480729060385702,4.090896056712157,-0.6368200822150998,-0.08752000248047737
6208.0,248.32,2.0,-19.523504170898864,-14.304330938156706,-19.523504170898864,-14.304330938156706,4.096921241238798,-0.6368200822150998,-0.08752000248047737
6209.0,248.36,2.0,-19.614412293454528,-14.12695796802697,-19.614412293454528,-14.12695796802697,4.102939258521773,-0.6368200822150998,-0.08752000248047737
6210.0,248.4,2.0,-19.703708412802012,-13.948619849031145,-19.703708412802012,-13.948619849031145,4.1089484880531,-0.6368200822150998,-0.08752000248047737
6211.0,248.44,2.0,-19.79140596007618,-13.769326367268945,-19.79140596007618,-13.769326367268945,4.114947309324799,-0.6368200822150998,-0.08752000248047737
6212.0,248.48000000000002,2.0,-19.87750111390524,-13.58908739394418,-19.87750111390524,-13.58908739394418,4.120934412227967,-0.6368200822150998,-0.08752000248047737
6213.0,248.52,2.0,-19.962006738085726,-13.407912883392036,-19.962006738085726,-13.407912883392036,4.126908332536014,-0.6368200822150998,-0.08752000248047737
6214.0,248.56,2.0,-20.044923553490737,-13.22581287109504,-20.044923553490737,-13.22581287109504,4.132867193890156,-0.6368200822150998,-0.08752000248047737
6215.0,248.6,2.0,-20.126186809805517,-13.04279747168803,-20.126186809805517,-13.04279747168803,4.138801828026121,-0.6368200822150998,-0.08752000248047737
6216.0,248.64000000000001,2.0,-20.20575127557779,-12.858876876952559,-20.20575127557779,-12.858876876952559,4.1447165450829555,-0.6368200822150998,-0.08752000248047737
6217.0,248.68,2.0,-20.283613649739593,-12.674061353801097,-20.283613649739593,-12.674061353801097,4.150609503795173,-0.6368200822150998,-0.08752000248047737
6218.0,248.72,2.0,-20.35978705439477,-12.488361242251413,-20.35978705439477,-12.488361242251413,4.156479429343128,-0.6368200822150998,-0.08752000248047737
6219.0,248.76000000000002,2.0,-20.43423253925953,-12.301786953391563,-20.43423253925953,-12.301786953391563,4.162329337146198,-0.6368200822150998,-0.08752000248047737
6220.0,248.8,2.0,-20.506964479538667,-12.11434896733582,-20.506964479538667,-12.11434896733582,4.168157795161503,-0.6368200822150998,-0.08752000248047737
6221.0,248.84,2.0,-20.57820039939577,-11.926057831172002,-20.57820039939577,-11.926057831172002,4.1739803954744445,-0.6368200822150998,-0.08752000248047737
6222.0,248.88,2.0,-20.64848974962928,-11.736924156900516,-20.64848974962928,-11.736924156900516,4.179786218550777,-0.6368200822150998,-0.08752000248047737
6223.0,248.92000000000002,2.0,-20.7172701699472,-11.546958619365602,-20.7172701699472,-11.546958619365602,4.185584745419559,-0.6368200822150998,-0.08752000248047737
6224.0,248.96,2.0,-20.78433740977671,-11.356171954179084,-20.78433740977671,-11.356171954179084,4.191342824303919,-0.6368200822150998,-0.08752000248047737
6225.0,249.0,2.0,-20.84966453205112,-11.164574955637104,-20.84966453205112,-11.164574955637104,4.19705769964368,-0.6368200822150998,-0.08752000248047737
6226.0,249.04,2.0,-20.913207573134876,-10.972178474630176,-20.913207573134876,-10.972178474630176,4.202727264496099,-0.6368200822150998,-0.08752000248047737
6227.0,249.08,2.0,-20.975086307540654,-10.778993416547008,-20.975086307540654,-10.778993416547008,4.208344732200267,-0.6368200822150998,-0.08752000248047737
6228.0,249.12,2.0,-21.035252411625933,-10.585030739172465,-21.035252411625933,-10.585030739172465,4.213909396139312,-0.6368200822150998,-0.08752000248047737
6229.0,249.16,2.0,-21.093658021014857,-10.390301450580061,-21.093658021014857,-10.390301450580061,4.219420549696365,-0.6368200822150998,-0.08752000248047737
6230.0,249.20000000000002,2.0,-21.150255737704526,-10.194816607019446,-21.150255737704526,-10.194816607019446,4.224877486254558,-0.6368200822150998,-0.08752000248047737
6231.0,249.24,2.0,-21.20499863709273,-9.998587310799211,-21.20499863709273,-9.998587310799211,4.230279499197021,-0.6368200822150998,-0.08752000248047737
6232.0,249.28,2.0,-21.257840274925957,-9.801624708165471,-21.257840274925957,-9.801624708165471,4.235625881906885,-0.6368200822150998,-0.08752000248047737
6233.0,249.32,2.0,-21.30873469416672,-9.603939987176616,-21.30873469416672,-9.603939987176616,4.240915927767281,-0.6368200822150998,-0.08752000248047737
6234.0,249.36,2.0,-21.357636431779117,-9.405544375574621,-21.357636431779117,-9.405544375574621,4.245633073959407,-0.6368200822150998,-0.08752000248047737
6235.0,249.4,2.0,-21.40457330879648,-9.206449138653333,-21.40457330879648,-9.206449138653333,4.249539603705569,-0.6368200822150998,-0.08752000248047737
6236.0,249.44,2.0,-21.449553568623145,-9.006665577124156,-21.449553568623145,-9.006665577124156,4.252629103934003,-0.6368200822150998,-0.08752000248047737
6237.0,249.48000000000002,2.0,-21.49253723352476,-8.806205024979507,-21.49253723352476,-8.806205024979507,4.25490099040341,-0.6368200822150998,-0.08752000248047737
6238.0,249.52,2.0,-21.533488252069144,-8.605078847354472,-21.533488252069144,-8.605078847354472,4.256354728248955,-0.6368200822150998,-0.08752000248047737
6239.0,249.56,2.0,-21.572413751067028,-8.40329843838707,-21.572413751067028,-8.40329843838707,4.256985257968294,-0.6368200822150998,-0.08752000248047737
6240.0,249.6,2.0,-21.609277997314425,-8.200875219077522,-21.609277997314425,-8.200875219077522,4.256791902460655,-0.6368200822150998,-0.08752000248047737
6241.0,249.64000000000001,2.0,-21.644044674489386,-7.997820635146931,-21.644044674489386,-7.997820635146931,4.256018228281869,-0.6368200822150998,-0.08752000248047737
6242.0,249.68,2.0,-21.675522924568103,-7.794146154895792,-21.675522924568103,-7.794146154895792,4.255138520712771,-0.6368200822150998,-0.08752000248047737
6243.0,249.72,2.0,-21.70485207122479,-7.589863267062724,-21.70485207122479,-7.589863267062724,4.254191173016267,-0.6368200822150998,-0.08752000248047737
6244.0,249.76000000000002,2.0,-21.731999192596266,-7.384983478683844,-21.731999192596266,-7.384983478683844,4.253190409520298,-0.6368200822150998,-0.08752000248047737
6245.0,249.8,2.0,-21.75696857012824,-7.179518312953175,-21.75696857012824,-7.179518312953175,4.252136230224864,-0.6368200822150998,-0.08752000248047737
6246.0,249.84,2.0,-21.779764799406387,-6.973479307084503,-21.779764799406387,-6.973479307084503,4.251028635129965,-0.6368200822150998,-0.08752000248047737
6247.0,249.88,2.0,-21.800392788846096,-6.766878010175085,-21.800392788846096,-6.766878010175085,4.249867624235601,-0.6368200822150998,-0.08752000248047737
6248.0,249.92000000000002,2.0,-21.818857758327347,-6.559725981071621,-21.818857758327347,-6.559725981071621,4.248653197541772,-0.6368200822150998,-0.08752000248047737
6249.0,249.96,2.0,-21.835165237774866,-6.352034786238865,-21.835165237774866,-6.352034786238865,4.247385355048478,-0.6368200822150998,-0.08752000248047737
6250.0,250.0,2.0,-21.849321065683874,-6.143815997631323,-21.849321065683874,-6.143815997631323,4.2460640967557195,-0.6368200822150998,-0.08752000248047737
6251.0,250.04,2.0,-21.861331387591854,-5.935081190568402,-21.861331387591854,-5.935081190568402,4.2446894226634955,-0.6368200822150998,-0.08752000248047737
6252.0,250.08,2.0,-21.87120265449643,-5.726616748987563,-21.87120265449643,-5.726616748987563,4.243261332771806,-0.6368200822150998,-0.08752000248047737
6253.0,250.12,2.0,-21.878941621219887,-5.5184471071930625,-21.878941621219887,-5.5184471071930625,4.241779827080652,-0.6368200822150998,-0.08752000248047737
6254.0,250.16,2.0,-21.88455534472055,-5.310691910942195,-21.88455534472055,-5.310691910942195,4.240244905590034,-0.6368200822150998,-0.08752000248047737
6255.0,250.20000000000002,2.0,-21.888051182351354,-5.103749761019913,-21.888051182351354,-5.103749761019913,4.23865656829995,-0.6368200822150998,-0.08752000248047737
6256.0,250.24,2.0,-21.88943679006603,-4.897633175536805,-21.88943679006603,-4.897633175536805,4.237014815210401,-0.6368200822150998,-0.08752000248047737
6257.0,250.28,2.0,-21.888720120573193,-4.692354555519364,-21.888720120573193,-4.692354555519364,4.235319646321387,-0.6368200822150998,-0.08752000248047737
6258.0,250.32,2.0,-21.8859094214388,-4.487926183152311,-21.8859094214388,-4.487926183152311,4.233571061632909,-0.6368200822150998,-0.08752000248047737
6259.0,250.36,2.0,-21.88101323313716,-4.284360220041677,-21.88101323313716,-4.284360220041677,4.2317690611449645,-0.6368200822150998,-0.08752000248047737
6260.0,250.4,2.0,-21.87404038705117,-4.081668705498953,-21.87404038705117,-4.081668705498953,4.2299136448575565,-0.6368200822150998,-0.08752000248047737
6261.0,250.44,2.0,-21.86500000342191,-3.879863554846609,-21.86500000342191,-3.879863554846609,4.228004812770682,-0.6368200822150998,-0.08752000248047737
6262.0,250.48000000000002,2.0,-21.853901489248187,-3.6789565577452774,-21.853901489248187,-3.6789565577452774,4.226042564884344,-0.6368200822150998,-0.08752000248047737
6263.0,250.52,2.0,-21.840754536136316,-3.4789593765428877,-21.840754536136316,-3.4789593765428877,4.22402690119854,-0.6368200822150998,-0.08752000248047737
6264.0,250.56,2.0,-21.82556911810067,-3.2798835446460504,-21.82556911810067,-3.2798835446460504,4.221957821713271,-0.6368200822150998,-0.08752000248047737
6265.0,250.6,2.0,-21.808355489315396,-3.0817404649139557,-21.808355489315396,-3.0817404649139557,4.219835326428538,-0.6368200822150998,-0.08752000248047737
6266.0,250.64000000000001,2.0,-21.78912418181765,-2.884541408075084,-21.78912418181765,-2.884541408075084,4.2176594153443405,-0.6368200822150998,-0.08752000248047737
6267.0,250.68,2.0,-21.767886003163046,-2.6882975111669896,-21.767886003163046,-2.6882975111669896,4.215430088460677,-0.6368200822150998,-0.08752000248047737
6268.0,250.72,2.0,-21.744652034033432,-2.4930197759994366,-21.744652034033432,-2.4930197759994366,4.213147345777548,-0.6368200822150998,-0.08752000248047737
6269.0,250.76000000000002,2.0,-21.719433625797834,-2.2987190676411444,-21.719433625797834,-2.2987190676411444,4.210811187294954,-0.6368200822150998,-0.08752000248047737
6270.0,250.8,2.0,-21.69224239802676,-2.105406112930413,-21.69224239802676,-2.105406112930413,4.208421613012896,-0.6368200822150998,-0.08752000248047737
6271.0,250.84,2.0,-21.66309023596051,-1.91309149900988,-21.66309023596051,-1.91309149900988,4.205978622931372,-0.6368200822150998,-0.08752000248047737
6272.0,250.88,2.0,-21.63198928793193,-1.7217856718856592,-21.63198928793193,-1.7217856718856592,4.203482217050384,-0.6368200822150998,-0.08752000248047737
6273.0,250.92000000000002,2.0,-21.598951962744156,-1.5314989350111203,-21.598951962744156,-1.5314989350111203,4.200932395369931,-0.6368200822150998,-0.08752000248047737
6274.0,250.96,2.0,-21.563990927003793,-1.3422414478955365,-21.563990927003793,-1.3422414478955365,4.198329157890013,-0.6368200822150998,-0.08752000248047737
6275.0,251.0,2.0,-21.527119102410122,-1.1540232247378537,-21.527119102410122,-1.1540232247378537,4.195672504610629,-0.6368200822150998,-0.08752000248047737
6276.0,251.04,2.0,-21.488349663000864,-0.9668541330858066,-21.488349663000864,-0.9668541330858066,4.192962435531781,-0.6368200822150998,-0.08752000248047737
6277.0,251.08,2.0,-21.447696032354962,-0.7807438925206146,-21.447696032354962,-0.7807438925206146,4.190198950653468,-0.6368200822150998,-0.08752000248047737
6278.0,251.12,2.0,-21.405171880753,-0.5957020733674793,-21.405171880753,-0.5957020733674793,4.18738204997569,-0.6368200822150998,-0.08752000248047737
6279.0,251.16,2.0,-21.36079112229582,-0.4117380954321084,-21.36079112229582,-0.4117380954321084,4.1845117334984465,-0.6368200822150998,-0.08752000248047737
6280.0,251.20000000000002,2.0,-21.314567911981857,-0.22886122676347448,-21.314567911981857,-0.22886122676347448,4.181588001221738,-0.6368200822150998,-0.08752000248047737
6281.0,251.24,2.0,-21.266516642743742,-0.047080582443023995,-21.266516642743742,-0.047080582443023995,4.178610853145565,-0.6368200822150998,-0.08752000248047737
6282.0,251.28,2.0,-21.21665194244484,0.13359487659946115,-21.21665194244484,0.13359487659946115,4.175580289269927,-0.6368200822150998,-0.08752000248047737
6283.0,251.32,2.0,-21.164988670836244,0.31315634474314863,-21.164988670836244,0.31315634474314863,4.172496309594823,-0.6368200822150998,-0.08752000248047737
6284.0,251.36,2.0,-21.11154191647479,0.49159517280639203,-21.11154191647479,0.49159517280639203,4.169358914120256,-0.6368200822150998,-0.08752000248047737
6285.0,251.4,2.0,-21.056326993602763,0.6689028691497287,-21.056326993602763,0.6689028691497287,4.166168102846223,-0.6368200822150998,-0.08752000248047737
6286.0,251.44,2.0,-20.999359438989877,0.8450711007514533,-20.999359438989877,0.8450711007514533,4.162923875772725,-0.6368200822150998,-0.08752000248047737
6287.0,251.48000000000002,2.0,-20.940655008738084,1.0200916942555895,-20.940655008738084,1.0200916942555895,4.159626232899762,-0.6368200822150998,-0.08752000248047737
6288.0,251.52,2.0,-20.880229675049925,1.1939566369920809,-20.880229675049925,1.1939566369920809,4.156275174227334,-0.6368200822150998,-0.08752000248047737
6289.0,251.56,2.0,-20.81809962296101,1.3666580779690352,-20.81809962296101,1.3666580779690352,4.15287069975544,-0.6368200822150998,-0.08752000248047737
6290.0,251.6,2.0,-20.754281247037206,1.5381883288368572,-20.754281247037206,1.5381883288368572,4.149412809484083,-0.6368200822150998,-0.08752000248047737
6291.0,251.64000000000001,2.0,-20.688791148037247,1.7085398648241084,-20.688791148037247,1.7085398648241084,4.14590150341326,-0.6368200822150998,-0.08752000248047737
6292.0,251.68,2.0,-20.62164612954144,1.8777053256449405,-20.62164612954144,1.8777053256449405,4.142336781542972,-0.6368200822150998,-0.08752000248047737
6293.0,251.72,2.0,-20.552863194546966,2.0456775163779595,-20.552863194546966,2.0456775163779595,4.138718643873219,-0.6368200822150998,-0.08752000248047737
6294.0,251.76000000000002,2.0,-20.482459542030625,2.212449408316366,-20.482459542030625,2.212449408316366,4.135047090404002,-0.6368200822150998,-0.08752000248047737
6295.0,251.8,2.0,-20.410452563479552,2.378014139789246,-20.410452563479552,2.378014139789246,4.131322121135318,-0.6368200822150998,-0.08752000248047737
6296.0,251.84,2.0,-20.33685983939064,2.5423650169538687,-20.33685983939064,2.5423650169538687,4.12754373606717,-0.6368200822150998,-0.08752000248047737
6297.0,251.88,2.0,-20.261699135739313,2.705495514558877,-20.261699135739313,2.705495514558877,4.123711935199557,-0.6368200822150998,-0.08752000248047737
6298.0,251.92000000000002,2.0,-20.18498840041838,2.867399276678229,-20.18498840041838,2.867399276678229,4.1198267185324795,-0.6368200822150998,-0.08752000248047737
6299.0,251.96,2.0,-20.106745759647588,3.0280701174158025,-20.106745759647588,3.0280701174158025,4.115888086065937,-0.6368200822150998,-0.08752000248047737
6300.0,252.0,2.0,-20.026989514354614,3.1875020215805194,-20.026989514354614,3.1875020215805194,4.111896037799929,-0.6368200822150998,-0.08752000248047737
6301.0,252.04,2.0,-19.94641149534173,3.3456891453319137,-19.94641149534173,3.3456891453319137,4.1078505737344555,-0.6368200822150998,-0.08752000248047737
6302.0,252.08,2.0,-19.865016297652712,3.5026258167960225,-19.865016297652712,3.5026258167960225,4.103751693869518,-0.6368200822150998,-0.08752000248047737
6303.0,252.12,2.0,-19.782808626841838,3.6583065366515157,-19.782808626841838,3.6583065366515157,4.0995993982051155,-0.6368200822150998,-0.08752000248047737
6304.0,252.16,2.0,-19.699793297485698,3.8127259786859766,-19.699793297485698,3.8127259786859766,4.095393686741248,-0.6368200822150998,-0.08752000248047737
6305.0,252.20000000000002,2.0,-19.61597523167629,3.965878990322243,-19.61597523167629,3.965878990322243,4.091134559477916,-0.6368200822150998,-0.08752000248047737
6306.0,252.24,2.0,-19.531359457495846,4.117760593114736,-19.531359457495846,4.117760593114736,4.086822016415118,-0.6368200822150998,-0.08752000248047737
6307.0,252.28,2.0,-19.44595110747353,4.268365983215703,-19.44595110747353,4.268365983215703,4.0824560575528555,-0.6368200822150998,-0.08752000248047737
6308.0,252.32,2.0,-19.35975541702452,4.4176905318113135,-19.35975541702452,4.4176905318113135,4.0780366828911285,-0.6368200822150998,-0.08752000248047737
6309.0,252.36,2.0,-19.272777722871645,4.565729785527534,-19.272777722871645,4.565729785527534,4.073563892429935,-0.6368200822150998,-0.08752000248047737
6310.0,252.4,2.0,-19.18502346144999,4.71247946680574,-19.18502346144999,4.71247946680574,4.0690376861692785,-0.6368200822150998,-0.08752000248047737
6311.0,252.44,2.0,-19.096498167294776,4.8579354742480145,-19.096498167294776,4.8579354742480145,4.064458064109155,-0.6368200822150998,-0.08752000248047737
6312.0,252.48000000000002,2.0,-19.00720747141284,5.002093882932071,-19.00720747141284,5.002093882932071,4.059825026249569,-0.6368200822150998,-0.08752000248047737
6313.0,252.52,2.0,-18.917157099638047,5.144950944695793,-18.917157099638047,5.144950944695793,4.055138572590516,-0.6368200822150998,-0.08752000248047737
6314.0,252.56,2.0,-18.826352870971043,5.2865030883913295,-18.826352870971043,5.2865030883913295,4.050398703131998,-0.6368200822150998,-0.08752000248047737
6315.0,252.6,2.0,-18.734800695903573,5.426746920108732,-18.734800695903573,5.426746920108732,4.045605417874016,-0.6368200822150998,-0.08752000248047737
6316.0,252.64000000000001,2.0,-18.642506574727797,5.565679223369114,-18.642506574727797,5.565679223369114,4.040758716816569,-0.6368200822150998,-0.08752000248047737
6317.0,252.68,2.0,-18.549476595830956,5.703296959287308,-18.549476595830956,5.703296959287308,4.035858599959656,-0.6368200822150998,-0.08752000248047737
6318.0,252.72,2.0,-18.45571693397566,5.839597266704025,-18.45571693397566,5.839597266704025,4.030905067303279,-0.6368200822150998,-0.08752000248047737
6319.0,252.76000000000002,2.0,-18.36123384856626,5.97457746228748,-18.36123384856626,5.97457746228748,4.0258981188474365,-0.6368200822150998,-0.08752000248047737
6320.0,252.8,2.0,-18.26603368190156,6.108235040604541,-18.26603368190156,6.108235040604541,4.020837754592129,-0.6368200822150998,-0.08752000248047737
6321.0,252.84,2.0,-18.17012285741431,6.240567674161342,-18.17012285741431,6.240567674161342,4.015723974537357,-0.6368200822150998,-0.08752000248047737
6322.0,252.88,2.0,-18.073507877897754,6.371573213413423,-18.073507877897754,6.371573213413423,4.01055677868312,-0.6368200822150998,-0.08752000248047737
6323.0,252.92000000000002,2.0,-17.97619532371972,6.501249686745386,-17.97619532371972,6.501249686745386,4.005336167029418,-0.6368200822150998,-0.08752000248047737
6324.0,252.96,2.0,-17.878191851024457,6.629595300420116,-17.878191851024457,6.629595300420116,4.000062139576251,-0.6368200822150998,-0.08752000248047737
6325.0,253.0,2.0,-17.77950418992276,6.756608438497566,-17.77950418992276,6.756608438497566,3.994734696323619,-0.6368200822150998,-0.08752000248047737
6326.0,253.04,2.0,-17.680139142670615,6.88228766272317,-17.680139142670615,6.88228766272317,3.989353837271522,-0.6368200822150998,-0.08752000248047737
6327.0,253.08,2.0,-17.580103581836777,7.006631712385903,-17.580103581836777,7.006631712385903,3.9839195624199597,-0.6368200822150998,-0.08752000248047737
6328.0,253.12,2.0,-17.479404448459732,7.12963950414605,-17.479404448459732,7.12963950414605,3.9784318717689326,-0.6368200822150998,-0.08752000248047737
6329.0,253.16,2.0,-17.378048750194285,7.2513101318327235,-17.378048750194285,7.2513101318327235,3.97289076531844,-0.6368200822150998,-0.08752000248047737
6330.0,253.20000000000002,2.0,-17.27604355944828,7.3716428662112,-17.27604355944828,7.3716428662112,3.9672962430684833,-0.6368200822150998,-0.08752000248047737
6331.0,253.24,2.0,-17.173396011509706,7.490637154720128,-17.173396011509706,7.490637154720128,3.9617017208185263,-0.6368200822150998,-0.08752000248047737
6332.0,253.28,2.0,-17.070113302664726,7.608292621178668,-17.070113302664726,7.608292621178668,3.95610719856857,-0.6368200822150998,-0.08752000248047737
6333.0,253.32,2.0,-16.966202688306836,7.724609065463684,-16.966202688306836,7.724609065463684,3.9505126763186125,-0.6368200822150998,-0.08752000248047737
6334.0,253.36,2.0,-16.86167148103767,7.839586463156991,-16.86167148103767,7.839586463156991,3.9449181540686555,-0.6368200822150998,-0.08752000248047737
6335.0,253.4,2.0,-16.756527048759832,7.953224965162816,-16.756527048759832,7.953224965162816,3.939323631818698,-0.6368200822150998,-0.08752000248047737
6336.0,253.44,2.0,-16.650776812761997,8.06552489729552,-16.650776812761997,8.06552489729552,3.9337291095687412,-0.6368200822150998,-0.08752000248047737
6337.0,253.48000000000002,2.0,-16.544428245796883,8.176486759837697,-16.544428245796883,8.176486759837697,3.928134587318784,-0.6368200822150998,-0.08752000248047737
6338.0,253.52,2.0,-16.437488870152333,8.286111227068744,-16.437488870152333,8.286111227068744,3.9225934808682923,-0.6368200822150998,-0.08752000248047737
6339.0,253.56,2.0,-16.329966255715945,8.394399146764004,-16.329966255715945,8.394399146764004,3.917105790217265,-0.6368200822150998,-0.08752000248047737
6340.0,253.6,2.0,-16.22186801803363,8.50135153966461,-16.22186801803363,8.50135153966461,3.9116715153657027,-0.6368200822150998,-0.08752000248047737
6341.0,253.64000000000001,2.0,-16.113201816362533,8.606969598918141,-16.113201816362533,8.606969598918141,3.9062906563136055,-0.6368200822150998,-0.08752000248047737
6342.0,253.68,2.0,-16.003975351718644,8.711254689490207,-16.003975351718644,8.711254689490207,3.9009632130609737,-0.6368200822150998,-0.08752000248047737
6343.0,253.72,2.0,-15.89419636491958,8.814208347547098,-15.89419636491958,8.814208347547098,3.895689185607807,-0.6368200822150998,-0.08752000248047737
6344.0,253.76000000000002,2.0,-15.783872634622805,8.915832279809633,-15.783872634622805,8.915832279809633,3.8904685739541045,-0.6368200822150998,-0.08752000248047737
6345.0,253.8,2.0,-15.67301197535985,9.016128362878343,-15.67301197535985,9.016128362878343,3.885301378099867,-0.6368200822150998,-0.08752000248047737
6346.0,253.84,2.0,-15.561622235566803,9.115098642530144,-15.561622235566803,9.115098642530144,3.8801875980450946,-0.6368200822150998,-0.08752000248047737
6347.0,253.88,2.0,-15.44971129561148,9.212745332986634,-15.44971129561148,9.212745332986634,3.8751272337897875,-0.6368200822150998,-0.08752000248047737
6348.0,253.92000000000002,2.0,-15.337287065817778,9.30907081615418,-15.337287065817778,9.30907081615418,3.8701202853339454,-0.6368200822150998,-0.08752000248047737
6349.0,253.96,2.0,-15.224357484487447,9.404077640835958,-15.224357484487447,9.404077640835958,3.865166752677568,-0.6368200822150998,-0.08752000248047737
6350.0,254.0,2.0,-15.110930515919849,9.497768521916095,-15.110930515919849,9.497768521916095,3.8602666358206554,-0.6368200822150998,-0.08752000248047737
6351.0,254.04,2.0,-14.997014148429953,9.58980339660988,-14.997014148429953,9.58980339660988,3.8554199347632085,-0.6368200822150998,-0.08752000248047737
6352.0,254.08,2.0,-14.882616392365081,9.680182075430533,-14.882616392365081,9.680182075430533,3.8506266495052253,-0.6368200822150998,-0.08752000248047737
6353.0,254.12,2.0,-14.767745278120726,9.768904665182275,-14.767745278120726,9.768904665182275,3.845886780046709,-0.6368200822150998,-0.08752000248047737
6354.0,254.16,2.0,-14.652408854155908,9.855971568136017,-14.652408854155908,9.855971568136017,3.841200326387656,-0.6368200822150998,-0.08752000248047737
6355.0,254.20000000000002,2.0,-14.53661518500838,9.941383481149641,-14.53661518500838,9.941383481149641,3.8365672885280686,-0.6368200822150998,-0.08752000248047737
6356.0,254.24,2.0,-14.420372349310199,10.025141394733078,-14.420372349310199,10.025141394733078,3.8319876664679464,-0.6368200822150998,-0.08752000248047737
6357.0,254.28,2.0,-14.303688437803944,10.107246592058399,-14.303688437803944,10.107246592058399,3.8274614602072887,-0.6368200822150998,-0.08752000248047737
6358.0,254.32,2.0,-14.186571551360064,10.187700647915149,-14.186571551360064,10.187700647915149,3.822988669746096,-0.6368200822150998,-0.08752000248047737
6359.0,254.36,2.0,-14.069029798995718,10.266505427611168,-14.069029798995718,10.266505427611168,3.8185692950843686,-0.6368200822150998,-0.08752000248047737
6360.0,254.4,2.0,-13.951071295895497,10.34366308581912,-13.951071295895497,10.34366308581912,3.814203336222106,-0.6368200822150998,-0.08752000248047737
6361.0,254.44,2.0,-13.832704161434474,10.419176065369012,-13.832704161434474,10.419176065369012,3.8098907931593082,-0.6368200822150998,-0.08752000248047737
6362.0,254.48000000000002,2.0,-13.713936517203905,10.493047095986956,-13.713936517203905,10.493047095986956,3.8055782500965103,-0.6368200822150998,-0.08752000248047737
6363.0,254.52,2.0,-13.594776485040038,10.56527919298047,-13.594776485040038,10.56527919298047,3.8012657070337132,-0.6368200822150998,-0.08752000248047737
6364.0,254.56,2.0,-13.47523218505641,10.63587565587057,-13.47523218505641,10.63587565587057,3.7969531639709158,-0.6368200822150998,-0.08752000248047737
6365.0,254.6,2.0,-13.355311733680008,10.704840066971002,-13.355311733680008,10.704840066971002,3.792640620908118,-0.6368200822150998,-0.08752000248047737
6366.0,254.64000000000001,2.0,-13.235023241691701,10.77217628991485,-13.235023241691701,10.77217628991485,3.7883280778453203,-0.6368200822150998,-0.08752000248047737
6367.0,254.68,2.0,-13.11437481227136,10.837888468128934,-13.11437481227136,10.837888468128934,3.7840155347825224,-0.6368200822150998,-0.08752000248047737
6368.0,254.72,2.0,-12.99337453904799,10.90198102325622,-12.99337453904799,10.90198102325622,3.779702991719725,-0.6368200822150998,-0.08752000248047737
6369.0,254.76000000000002,2.0,-12.87203050415535,10.964458653526666,-12.87203050415535,10.964458653526666,3.775390448656928,-0.6368200822150998,-0.08752000248047737
6370.0,254.8,2.0,-12.750350776293391,11.025326332076808,-12.750350776293391,11.025326332076808,3.77107790559413,-0.6368200822150998,-0.08752000248047737
6371.0,254.84,2.0,-12.628343408795907,11.084589305218433,-12.628343408795907,11.084589305218433,3.766765362531332,-0.6368200822150998,-0.08752000248047737
6372.0,254.88,2.0,-12.506016437704824,11.142253090656746,-12.506016437704824,11.142253090656746,3.762452819468535,-0.6368200822150998,-0.08752000248047737
6373.0,254.92000000000002,2.0,-12.38337787985145,11.198323475658377,-12.38337787985145,11.198323475658377,3.758140276405737,-0.6368200822150998,-0.08752000248047737
6374.0,254.96,2.0,-12.260435730945149,11.252806515169617,-12.260435730945149,11.252806515169617,3.7538277333429395,-0.6368200822150998,-0.08752000248047737
6375.0,255.0,2.0,-12.13719796366973,11.305708529885283,-12.13719796366973,11.305708529885283,3.749515190280142,-0.6368200822150998,-0.08752000248047737
6376.0,255.04,2.0,-12.013672525788005,11.357036104268621,-12.013672525788005,11.357036104268621,3.7452026472173445,-0.6368200822150998,-0.08752000248047737
6377.0,255.08,2.0,-11.889867338254872,11.406796084522652,-11.889867338254872,11.406796084522652,3.7408901041545466,-0.6368200822150998,-0.08752000248047737
6378.0,255.12,2.0,-11.766062150721739,11.45499557651337,-11.766062150721739,11.45499557651337,3.736577561091749,-0.6368200822150998,-0.08752000248047737
6379.0,255.16,2.0,-11.64225696318861,11.501641943645279,-11.64225696318861,11.501641943645279,3.732265018028951,-0.6368200822150998,-0.08752000248047737
6380.0,255.20000000000002,2.0,-11.518451775655477,11.546742804689629,-11.518451775655477,11.546742804689629,3.7279524749661537,-0.6368200822150998,-0.08752000248047737
6381.0,255.24,2.0,-11.394646588122345,11.590306031565865,-11.394646588122345,11.590306031565865,3.7236399319033566,-0.6368200822150998,-0.08752000248047737
6382.0,255.28,2.0,-11.270841400589212,11.632339747076726,-11.270841400589212,11.632339747076726,3.7193273888405587,-0.6368200822150998,-0.08752000248047737
6383.0,255.32,2.0,-11.147036213056081,11.672852322597457,-11.147036213056081,11.672852322597457,3.7150148457777608,-0.6368200822150998,-0.08752000248047737
6384.0,255.36,2.0,-11.023231025522948,11.711852375719603,-11.023231025522948,11.711852375719603,3.710702302714963,-0.6368200822150998,-0.08752000248047737
6385.0,255.4,2.0,-10.899425837989819,11.749348767849902,-10.899425837989819,11.749348767849902,3.706389759652166,-0.6368200822150998,-0.08752000248047737
6386.0,255.44,2.0,-10.775620650456686,11.785350601764735,-10.775620650456686,11.785350601764735,3.7020772165893683,-0.6368200822150998,-0.08752000248047737
6387.0,255.48000000000002,2.0,-10.651815462923555,11.819867219120644,-10.651815462923555,11.819867219120644,3.697764673526571,-0.6368200822150998,-0.08752000248047737
6388.0,255.52,2.0,-10.528010275390422,11.852908197921437,-10.528010275390422,11.852908197921437,3.693452130463773,-0.6368200822150998,-0.08752000248047737
6389.0,255.56,2.0,-10.40420508785729,11.884483349942402,-10.40420508785729,11.884483349942402,3.6891395874009754,-0.6368200822150998,-0.08752000248047737
6390.0,255.6,2.0,-10.28039990032416,11.914602718112134,-10.28039990032416,11.914602718112134,3.6848270443381783,-0.6368200822150998,-0.08752000248047737
6391.0,255.64000000000001,2.0,-10.156594712791026,11.943276573852515,-10.156594712791026,11.943276573852515,3.6805145012753804,-0.6368200822150998,-0.08752000248047737
6392.0,255.68,2.0,-10.032789525257895,11.970515414377417,-10.032789525257895,11.970515414377417,3.6762019582125824,-0.6368200822150998,-0.08752000248047737
6393.0,255.72,2.0,-9.908984337724762,11.99632995995064,-9.908984337724762,11.99632995995064,3.6718894151497845,-0.6368200822150998,-0.08752000248047737
6394.0,255.76000000000002,2.0,-9.785179150191631,12.020731151103648,-9.785179150191631,12.020731151103648,3.6675768720869875,-0.6368200822150998,-0.08752000248047737
6395.0,255.8,2.0,-9.6613739626585,12.043730145813718,-9.6613739626585,12.043730145813718,3.6632643290241895,-0.6368200822150998,-0.08752000248047737
6396.0,255.84,2.0,-9.537568775125367,12.06533831664299,-9.537568775125367,12.06533831664299,3.6589517859613925,-0.6368200822150998,-0.08752000248047737
6397.0,255.88,2.0,-9.41391697195428,12.085567247839048,-9.41391697195428,12.085567247839048,3.6546392428985945,-0.6368200822150998,-0.08752000248047737
6398.0,255.92000000000002,2.0,-9.29087585261235,12.104428732397658,-9.29087585261235,12.104428732397658,3.650326699835797,-0.6368200822150998,-0.08752000248047737
6399.0,255.96,2.0,-9.168454657307631,12.121934769088142,-9.168454657307631,12.121934769088142,3.6460141567729996,-0.6368200822150998,-0.08752000248047737
6400.0,256.0,2.0,-9.046662491155343,12.13809755944211,-9.046662491155343,12.13809755944211,3.6417016137102016,-0.6368200822150998,-0.08752000248047737
6401.0,256.04,2.0,-8.925508323099343,12.152929504706094,-8.925508323099343,12.152929504706094,3.637389070647404,-0.6368200822150998,-0.08752000248047737
6402.0,256.08,2.0,-8.805000984860316,12.166443202758687,-8.805000984860316,12.166443202758687,3.633076527584607,-0.6368200822150998,-0.08752000248047737
6403.0,256.12,2.0,-8.68514916991084,12.178651444992884,-8.68514916991084,12.178651444992884,3.628763984521809,-0.6368200822150998,-0.08752000248047737
6404.0,256.16,2.0,-8.565961432477529,12.189567213164127,-8.565961432477529,12.189567213164127,3.624451441459011,-0.6368200822150998,-0.08752000248047737
6405.0,256.2,2.0,-8.447446186570378,12.199203676204837,-8.447446186570378,12.199203676204837,3.6201388983962133,-0.6368200822150998,-0.08752000248047737
6406.0,256.24,2.0,-8.329611705039481,12.207574187005946,-8.329611705039481,12.207574187005946,3.6158263553334162,-0.6368200822150998,-0.08752000248047737
6407.0,256.28000000000003,2.0,-8.212466118659268,12.214692279166151,-8.212466118659268,12.214692279166151,3.6115138122706187,-0.6368200822150998,-0.08752000248047737
6408.0,256.32,2.0,-8.096017415240413,12.220571663709519,-8.096017415240413,12.220571663709519,3.6072012692078212,-0.6368200822150998,-0.08752000248047737
6409.0,256.36,2.0,-7.980273438769527,12.225226225772085,-7.980273438769527,12.225226225772085,3.6028887261450233,-0.6368200822150998,-0.08752000248047737
6410.0,256.4,2.0,-7.86524188857681,12.228670021258154,-7.86524188857681,12.228670021258154,3.5985761830822254,-0.6368200822150998,-0.08752000248047737
6411.0,256.44,2.0,-7.750930318531746,12.23091727346691,-7.750930318531746,12.23091727346691,3.5942636400194283,-0.6368200822150998,-0.08752000248047737
6412.0,256.48,2.0,-7.63734613626699,12.231982369690078,-7.63734613626699,12.231982369690078,3.589951096956631,-0.6368200822150998,-0.08752000248047737
6413.0,256.52,2.0,-7.524496602430563,12.231879857781273,-7.524496602430563,12.231879857781273,3.585638553893833,-0.6368200822150998,-0.08752000248047737
6414.0,256.56,2.0,-7.412388829966468,12.230624442697724,-7.412388829966468,12.230624442697724,3.581326010831035,-0.6368200822150998,-0.08752000248047737
6415.0,256.6,2.0,-7.301029783423795,12.228230983015106,-7.301029783423795,12.228230983015106,3.577013467768238,-0.6368200822150998,-0.08752000248047737
6416.0,256.64,2.0,-7.190426278294498,12.224714487416104,-7.190426278294498,12.224714487416104,3.57270092470544,-0.6368200822150998,-0.08752000248047737
6417.0,256.68,2.0,-7.080584980379849,12.220090111153494,-7.080584980379849,12.220090111153494,3.568388381642643,-0.6368200822150998,-0.08752000248047737
6418.0,256.72,2.0,-6.971512405185711,12.214609420067307,-6.971512405185711,12.214609420067307,3.564075838579845,-0.6368200822150998,-0.08752000248047737
6419.0,256.76,2.0,-6.8632149173467205,12.20832924651617,-6.8632149173467205,12.20832924651617,3.559763295517047,-0.6368200822150998,-0.08752000248047737
6420.0,256.8,2.0,-6.7556987300794145,12.201260495888798,-6.7556987300794145,12.201260495888798,3.55545075245425,-0.6368200822150998,-0.08752000248047737
6421.0,256.84000000000003,2.0,-6.648969904664415,12.193414125970046,-6.648969904664415,12.193414125970046,3.551138209391452,-0.6368200822150998,-0.08752000248047737
6422.0,256.88,2.0,-6.5430343499577335,12.184801144833433,-6.5430343499577335,12.184801144833433,3.5468256663286546,-0.6368200822150998,-0.08752000248047737
6423.0,256.92,2.0,-6.437897821931228,12.17543260872861,-6.437897821931228,12.17543260872861,3.542513123265857,-0.6368200822150998,-0.08752000248047737
6424.0,256.96,2.0,-6.333565923242322,12.165319619964167,-6.333565923242322,12.165319619964167,3.5382005802030596,-0.6368200822150998,-0.08752000248047737
6425.0,257.0,2.0,-6.230044102832971,12.154473324786224,-6.230044102832971,12.154473324786224,3.5338880371402617,-0.6368200822150998,-0.08752000248047737
6426.0,257.04,2.0,-6.127337655557983,12.142904911253163,-6.127337655557983,12.142904911253163,3.5295754940774637,-0.6368200822150998,-0.08752000248047737
6427.0,257.08,2.0,-6.025451721842698,12.13062560710696,-6.025451721842698,12.13062560710696,3.5257788072165965,-0.6368200822150998,-0.08752000248047737
6428.0,257.12,2.0,-5.92439128737007,12.117646677641465,-5.92439128737007,12.117646677641465,3.5227425886634127,-0.6368200822150998,-0.08752000248047737
6429.0,257.16,2.0,-5.824161182797171,12.103979423568083,-5.824161182797171,12.103979423568083,3.520466838417911,-0.6368200822150998,-0.08752000248047737
6430.0,257.2,2.0,-5.724766083501173,12.089635178879222,-5.724766083501173,12.089635178879222,3.518951556480092,-0.6368200822150998,-0.08752000248047737
6431.0,257.24,2.0,-5.626210509354773,12.074625308709981,-5.626210509354773,12.074625308709981,3.518196742849955,-0.6368200822150998,-0.08752000248047737
6432.0,257.28000000000003,2.0,-5.528498824531119,12.05896120719837,-5.528498824531119,12.05896120719837,3.518202397527501,-0.6368200822150998,-0.08752000248047737
6433.0,257.32,2.0,-5.43163523733822,12.042654295344617,-5.43163523733822,12.042654295344617,3.5189685205127303,-0.6368200822150998,-0.08752000248047737
6434.0,257.36,2.0,-5.335623800082853,12.025716018869817,-5.335623800082853,12.025716018869817,3.52025049969989,-0.6368200822150998,-0.08752000248047737
6435.0,257.4,2.0,-5.240468408963944,12.00815784607447,-5.240468408963944,12.00815784607447,3.521532478887049,-0.6368200822150998,-0.08752000248047737
6436.0,257.44,2.0,-5.146172803995429,11.989991265697196,-5.146172803995429,11.989991265697196,3.5228144580742082,-0.6368200822150998,-0.08752000248047737
6437.0,257.48,2.0,-5.052740568958583,11.97122778477411,-5.052740568958583,11.97122778477411,3.524096437261368,-0.6368200822150998,-0.08752000248047737
6438.0,257.52,2.0,-4.960175131383768,11.951878926499232,-4.960175131383768,11.951878926499232,3.5253784164485276,-0.6368200822150998,-0.08752000248047737
6439.0,257.56,2.0,-4.868479762561609,11.931956228086355,-4.868479762561609,11.931956228086355,3.5266603956356866,-0.6368200822150998,-0.08752000248047737
6440.0,257.6,2.0,-4.777657577583531,11.91147123863273,-4.777657577583531,11.91147123863273,3.527942374822846,-0.6368200822150998,-0.08752000248047737
6441.0,257.64,2.0,-4.687711535411645,11.89043551698506,-4.687711535411645,11.89043551698506,3.529224354010006,-0.6368200822150998,-0.08752000248047737
6442.0,257.68,2.0,-4.598644438977923,11.868860629608093,-4.598644438977923,11.868860629608093,3.530506333197165,-0.6368200822150998,-0.08752000248047737
6443.0,257.72,2.0,-4.510458935312623,11.846758148456345,-4.510458935312623,11.846758148456345,3.5317883123843243,-0.6368200822150998,-0.08752000248047737
6444.0,257.76,2.0,-4.423157515701888,11.824139648849219,-4.423157515701888,11.824139648849219,3.533070291571484,-0.6368200822150998,-0.08752000248047737
6445.0,257.8,2.0,-4.3367425158745,11.801016707350033,-4.3367425158745,11.801016707350033,3.5343522707586437,-0.6368200822150998,-0.08752000248047737
6446.0,257.84000000000003,2.0,-4.251212405462393,11.777400899649324,-4.251212405462393,11.777400899649324,3.535634249945803,-0.6368200822150998,-0.08752000248047737
6447.0,257.88,2.0,-4.166493802405681,11.753399124580193,-4.166493802405681,11.753399124580193,3.5369162291329626,-0.6368200822150998,-0.08752000248047737
6448.0,257.92,2.0,-4.082544921534336,11.729397349511064,-4.082544921534336,11.729397349511064,3.538198208320122,-0.6368200822150998,-0.08752000248047737
6449.0,257.96,2.0,-3.9994870044451627,11.705395574441932,-3.9994870044451627,11.705395574441932,3.539480187507281,-0.6368200822150998,-0.08752000248047737
6450.0,258.0,2.0,-3.917261854303033,11.681393799372803,-3.917261854303033,11.681393799372803,3.540762166694441,-0.6368200822150998,-0.08752000248047737
6451.0,258.04,2.0,-3.835869940782446,11.65739202430367,-3.835869940782446,11.65739202430367,3.5420441458816003,-0.6368200822150998,-0.08752000248047737
6452.0,258.08,2.0,-3.75529728126451,11.633390249234541,-3.75529728126451,11.633390249234541,3.5433261250687593,-0.6368200822150998,-0.08752000248047737
6453.0,258.12,2.0,-3.675575581919449,11.609388474165412,-3.675575581919449,11.609388474165412,3.5446081042559188,-0.6368200822150998,-0.08752000248047737
6454.0,258.16,2.0,-3.5966820776261814,11.58538669909628,-3.5966820776261814,11.58538669909628,3.5458900834430787,-0.6368200822150998,-0.08752000248047737
6455.0,258.2,2.0,-3.518633702936006,11.56138492402715,-3.518633702936006,11.56138492402715,3.547172062630238,-0.6368200822150998,-0.08752000248047737
6456.0,258.24,2.0,-3.441447363915905,11.537383148958018,-3.441447363915905,11.537383148958018,3.548454041817397,-0.6368200822150998,-0.08752000248047737
6457.0,258.28000000000003,2.0,-3.3650743319758516,11.513381373888889,-3.3650743319758516,11.513381373888889,3.5497360210045565,-0.6368200822150998,-0.08752000248047737
6458.0,258.32,2.0,-3.2895330613336218,11.489379598819756,-3.2895330613336218,11.489379598819756,3.5505021439897853,-0.6368200822150998,-0.08752000248047737
6459.0,258.36,2.0,-3.2148363064674363,11.465377823750627,-3.2148363064674363,11.465377823750627,3.550507798667332,-0.6368200822150998,-0.08752000248047737
6460.0,258.4,2.0,-3.141036630077874,11.441376048681494,-3.141036630077874,11.441376048681494,3.5497529850371947,-0.6368200822150998,-0.08752000248047737
6461.0,258.44,2.0,-3.0680160123111997,11.417374273612365,-3.0680160123111997,11.417374273612365,3.548237703099376,-0.6368200822150998,-0.08752000248047737
6462.0,258.48,2.0,-2.995837881062494,11.393372498543233,-2.995837881062494,11.393372498543233,3.545961952853874,-0.6368200822150998,-0.08752000248047737
6463.0,258.52,2.0,-2.924513895448404,11.369370723474104,-2.924513895448404,11.369370723474104,3.5429257343006904,-0.6368200822150998,-0.08752000248047737
6464.0,258.56,2.0,-2.8540699122165036,11.345368948404973,-2.8540699122165036,11.345368948404973,3.539129047439823,-0.6368200822150998,-0.08752000248047737
6465.0,258.6,2.0,-2.7843969040004817,11.321367173335842,-2.7843969040004817,11.321367173335842,3.534816504377025,-0.6368200822150998,-0.08752000248047737
6466.0,258.64,2.0,-2.7155832907344526,11.297365398266711,-2.7155832907344526,11.297365398266711,3.5305039613142277,-0.6368200822150998,-0.08752000248047737
6467.0,258.68,2.0,-2.6476216224253557,11.273363623197579,-2.6476216224253557,11.273363623197579,3.52619141825143,-0.6368200822150998,-0.08752000248047737
6468.0,258.72,2.0,-2.580516058756663,11.249361848128451,-2.580516058756663,11.249361848128451,3.5218788751886327,-0.6368200822150998,-0.08752000248047737
6469.0,258.76,2.0,-2.5141774826654175,11.22536007305932,-2.5141774826654175,11.22536007305932,3.517566332125835,-0.6368200822150998,-0.08752000248047737
6470.0,258.8,2.0,-2.4487204215572045,11.20135829799019,-2.4487204215572045,11.20135829799019,3.5132537890630378,-0.6368200822150998,-0.08752000248047737
6471.0,258.84000000000003,2.0,-2.384095400960277,11.177356522921059,-2.384095400960277,11.177356522921059,3.50894124600024,-0.6368200822150998,-0.08752000248047737
6472.0,258.88,2.0,-2.3203086873485477,11.153354747851928,-2.3203086873485477,11.153354747851928,3.5046287029374423,-0.6368200822150998,-0.08752000248047737
6473.0,258.92,2.0,-2.2573027245018955,11.129352972782797,-2.2573027245018955,11.129352972782797,3.500316159874645,-0.6368200822150998,-0.08752000248047737
6474.0,258.96,2.0,-2.1951655888599406,11.105351197713668,-2.1951655888599406,11.105351197713668,3.496003616811847,-0.6368200822150998,-0.08752000248047737
6475.0,259.0,2.0,-2.1338424744938935,11.081349422644536,-2.1338424744938935,11.081349422644536,3.4916910737490494,-0.6368200822150998,-0.08752000248047737
6476.0,259.04,2.0,-2.0733470445344415,11.057347647575407,-2.0733470445344415,11.057347647575407,3.487378530686252,-0.6368200822150998,-0.08752000248047737
6477.0,259.08,2.0,-2.013663760791643,11.033345872506274,-2.013663760791643,11.033345872506274,3.4830659876234544,-0.6368200822150998,-0.08752000248047737
6478.0,259.12,2.0,-1.9548012038148361,11.009344097437145,-1.9548012038148361,11.009344097437145,3.4787534445606565,-0.6368200822150998,-0.08752000248047737
6479.0,259.16,2.0,-1.8967364286932231,10.985342322368012,-1.8967364286932231,10.985342322368012,3.4744409014978594,-0.6368200822150998,-0.08752000248047737
6480.0,259.2,2.0,-1.8394969687066385,10.961340547298882,-1.8394969687066385,10.961340547298882,3.4701283584350615,-0.6368200822150998,-0.08752000248047737
6481.0,259.24,2.0,-1.7831038512044899,10.93733877222975,-1.7831038512044899,10.93733877222975,3.4658158153722645,-0.6368200822150998,-0.08752000248047737
6482.0,259.28000000000003,2.0,-1.7274767867767666,10.913336997160622,-1.7274767867767666,10.913336997160622,3.4615032723094665,-0.6368200822150998,-0.08752000248047737
6483.0,259.32,2.0,-1.6726182300999726,10.889335222091493,-1.6726182300999726,10.889335222091493,3.4571907292466686,-0.6368200822150998,-0.08752000248047737
6484.0,259.36,2.0,-1.6186210060536874,10.86533344702236,-1.6186210060536874,10.86533344702236,3.452878186183871,-0.6368200822150998,-0.08752000248047737
6485.0,259.4,2.0,-1.5654817022268581,10.841331671953231,-1.5654817022268581,10.841331671953231,3.4485656431210736,-0.6368200822150998,-0.08752000248047737
6486.0,259.44,2.0,-1.5131967819089975,10.817329896884099,-1.5131967819089975,10.817329896884099,3.444253100058276,-0.6368200822150998,-0.08752000248047737
6487.0,259.48,2.0,-1.4617625853752405,10.79332812181497,-1.4617625853752405,10.79332812181497,3.439940556995478,-0.6368200822150998,-0.08752000248047737
6488.0,259.52,2.0,-1.4111753311930177,10.769326346745837,-1.4111753311930177,10.769326346745837,3.4356280139326816,-0.6368200822150998,-0.08752000248047737
6489.0,259.56,2.0,-1.3614311175500564,10.745324571676708,-1.3614311175500564,10.745324571676708,3.4313154708698836,-0.6368200822150998,-0.08752000248047737
6490.0,259.6,2.0,-1.312525923603433,10.721322796607577,-1.312525923603433,10.721322796607577,3.4270029278070866,-0.6368200822150998,-0.08752000248047737
6491.0,259.64,2.0,-1.2644556108493943,10.697321021538446,-1.2644556108493943,10.697321021538446,3.4226903847442887,-0.6368200822150998,-0.08752000248047737
6492.0,259.68,2.0,-1.217215924513651,10.673319246469315,-1.217215924513651,10.673319246469315,3.4183778416814907,-0.6368200822150998,-0.08752000248047737
6493.0,259.72,2.0,-1.1708024949618572,10.649317471400185,-1.1708024949618572,10.649317471400185,3.4140652986186937,-0.6368200822150998,-0.08752000248047737
6494.0,259.76,2.0,-1.1252108391299758,10.625315696331054,-1.1252108391299758,10.625315696331054,3.4097527555558957,-0.6368200822150998,-0.08752000248047737
6495.0,259.8,2.0,-1.0804363619742299,10.601313921261923,-1.0804363619742299,10.601313921261923,3.4054402124930987,-0.6368200822150998,-0.08752000248047737
6496.0,259.84000000000003,2.0,-1.036474357940336,10.577312146192794,-1.036474357940336,10.577312146192794,3.4011276694303008,-0.6368200822150998,-0.08752000248047737
6497.0,259.88,2.0,-0.9933200124517123,10.553310371123663,-0.9933200124517123,10.553310371123663,3.3968151263675033,-0.6368200822150998,-0.08752000248047737
6498.0,259.92,2.0,-0.9509684034163495,10.52930859605453,-0.9509684034163495,10.52930859605453,3.3925025833047053,-0.6368200822150998,-0.08752000248047737
6499.0,259.96,2.0,-0.9094145027520308,10.505306820985401,-0.9094145027520308,10.505306820985401,3.3881900402419083,-0.6368200822150998,-0.08752000248047737
6500.0,260.0,2.0,-0.8686531779295809,10.48130504591627,-0.8686531779295809,10.48130504591627,3.3838774971791103,-0.6368200822150998,-0.08752000248047737
6501.0,260.04,2.0,-0.8286791935338256,10.45730327084714,-0.8286791935338256,10.45730327084714,3.3795649541163124,-0.6368200822150998,-0.08752000248047737
6502.0,260.08,2.0,-0.7894872128419345,10.433301495778009,-0.7894872128419345,10.433301495778009,3.3752524110535154,-0.6368200822150998,-0.08752000248047737
6503.0,260.12,2.0,-0.7510717994188213,10.409299720708878,-0.7510717994188213,10.409299720708878,3.3709398679907174,-0.6368200822150998,-0.08752000248047737
6504.0,260.16,2.0,-0.7134274187292682,10.385297945639747,-0.7134274187292682,10.385297945639747,3.3666273249279204,-0.6368200822150998,-0.08752000248047737
6505.0,260.2,2.0,-0.6765484397664423,10.361296170570617,-0.6765484397664423,10.361296170570617,3.3623147818651224,-0.6368200822150998,-0.08752000248047737
6506.0,260.24,2.0,-0.6404291366964662,10.337294395501486,-0.6404291366964662,10.337294395501486,3.358002238802325,-0.6368200822150998,-0.08752000248047737
6507.0,260.28000000000003,2.0,-0.6050636905187022,10.313292620432357,-0.6050636905187022,10.313292620432357,3.3536896957395275,-0.6368200822150998,-0.08752000248047737
6508.0,260.32,2.0,-0.5704461907414077,10.289290845363226,-0.5704461907414077,10.289290845363226,3.34937715267673,-0.6368200822150998,-0.08752000248047737
6509.0,260.36,2.0,-0.5365706370724161,10.265289070294095,-0.5365706370724161,10.265289070294095,3.345064609613932,-0.6368200822150998,-0.08752000248047737
6510.0,260.4,2.0,-0.503430941124494,10.241287295224964,-0.503430941124494,10.241287295224964,3.340752066551135,-0.6368200822150998,-0.08752000248047737
6511.0,260.44,2.0,-0.4710209281350237,10.217285520155832,-0.4710209281350237,10.217285520155832,3.336439523488337,-0.6368200822150998,-0.08752000248047737
6512.0,260.48,2.0,-0.4393343386996581,10.193283745086703,-0.4393343386996581,10.193283745086703,3.332126980425539,-0.6368200822150998,-0.08752000248047737
6513.0,260.52,2.0,-0.4083648305195898,10.169281970017572,-0.4083648305195898,10.169281970017572,3.327814437362742,-0.6368200822150998,-0.08752000248047737
6514.0,260.56,2.0,-0.3781059801620772,10.145280194948441,-0.3781059801620772,10.145280194948441,3.323501894299944,-0.6368200822150998,-0.08752000248047737
6515.0,260.6,2.0,-0.34855128483386477,10.121560090825644,-0.34855128483386477,10.121560090825644,3.3191893512371466,-0.6368200822150998,-0.08752000248047737
6516.0,260.64,2.0,-0.31969416416713575,10.098125834434875,-0.31969416416713575,10.098125834434875,3.314876808174349,-0.6368200822150998,-0.08752000248047737
6517.0,260.68,2.0,-0.29152796201762937,10.074981512872533,-0.29152796201762937,10.074981512872533,3.3105642651115517,-0.6368200822150998,-0.08752000248047737
6518.0,260.72,2.0,-0.26404594827455585,10.052131122144019,-0.26404594827455585,10.052131122144019,3.3062517220487537,-0.6368200822150998,-0.08752000248047737
6519.0,260.76,2.0,-0.23724132068193846,10.029578565781046,-0.23724132068193846,10.029578565781046,3.3019391789859567,-0.6368200822150998,-0.08752000248047737
6520.0,260.8,2.0,-0.21110720667101004,10.007327653478281,-0.21110720667101004,10.007327653478281,3.2976266359231587,-0.6368200822150998,-0.08752000248047737
6521.0,260.84000000000003,2.0,-0.18563666520329078,9.985382099749598,-0.18563666520329078,9.985382099749598,3.293314092860361,-0.6368200822150998,-0.08752000248047737
6522.0,260.88,2.0,-0.1608226886239696,9.963745522604235,-0.1608226886239696,9.963745522604235,3.2890015497975638,-0.6368200822150998,-0.08752000248047737
6523.0,260.92,2.0,-0.13665820452521235,9.942421442243111,-0.13665820452521235,9.942421442243111,3.284689006734766,-0.6368200822150998,-0.08752000248047737
6524.0,260.96,2.0,-0.11313607761901656,9.921413279775631,-0.11313607761901656,9.921413279775631,3.280376463671969,-0.6368200822150998,-0.08752000248047737
6525.0,261.0,2.0,-0.09024911161923102,9.900724355957188,-0.09024911161923102,9.900724355957188,3.276063920609171,-0.6368200822150998,-0.08752000248047737
6526.0,261.04,2.0,-0.06799005113235757,9.880357889947673,-0.06799005113235757,9.880357889947673,3.2717513775463734,-0.6368200822150998,-0.08752000248047737
6527.0,261.08,2.0,-0.046351583556750266,9.860316998091266,-0.046351583556750266,9.860316998091266,3.2674388344835754,-0.6368200822150998,-0.08752000248047737
6528.0,261.12,2.0,-0.025326340989825728,9.84060469271772,-0.025326340989825728,9.84060469271772,3.2631262914207784,-0.6368200822150998,-0.08752000248047737
6529.0,261.16,2.0,-0.0049069021428973575,9.821223880965452,-0.0049069021428973575,9.821223880965452,3.2588137483579804,-0.6368200822150998,-0.08752000248047737
6530.0,261.2,2.0,0.014914205736755556,9.802177363626646,0.014914205736755556,9.802177363626646,3.2545012052951834,-0.6368200822150998,-0.08752000248047737
6531.0,261.24,2.0,0.03414450493697375,9.783467834014655,0.03414450493697375,9.783467834014655,3.2501352464329205,-0.6368200822150998,-0.08752000248047737
6532.0,261.28000000000003,2.0,0.05279156534535026,9.765097876853918,0.05279156534535026,9.765097876853918,3.245715871771193,-0.6368200822150998,-0.08752000248047737
6533.0,261.32,2.0,0.0708630025078013,9.747069967192642,0.0708630025078013,9.747069967192642,3.241243081310001,-0.6368200822150998,-0.08752000248047737
6534.0,261.36,2.0,0.08836647568146902,9.729386469338472,0.08836647568146902,9.729386469338472,3.236716875049343,-0.6368200822150998,-0.08752000248047737
6535.0,261.4,2.0,0.10530968588235073,9.71204963581742,0.10530968588235073,9.71204963581742,3.232137252989221,-0.6368200822150998,-0.08752000248047737
6536.0,261.44,2.0,0.1217003739280491,9.695061606356218,0.1217003739280491,9.695061606356218,3.227504215129633,-0.6368200822150998,-0.08752000248047737
6537.0,261.48,2.0,0.13754631847604007,9.678424406888363,0.13754631847604007,9.678424406888363,3.222817761470581,-0.6368200822150998,-0.08752000248047737
6538.0,261.52,2.0,0.15285533405785437,9.662139948584052,0.15285533405785437,9.662139948584052,3.2180778920120634,-0.6368200822150998,-0.08752000248047737
6539.0,261.56,2.0,0.1676352691095703,9.646210026904223,0.1676352691095703,9.646210026904223,3.213284606754081,-0.6368200822150998,-0.08752000248047737
6540.0,261.6,2.0,0.18189400399901573,9.630636320678912,0.18189400399901573,9.630636320678912,3.2084379056966337,-0.6368200822150998,-0.08752000248047737
6541.0,261.64,2.0,0.195639449050077,9.615420391210113,0.195639449050077,9.615420391210113,3.2035377888397214,-0.6368200822150998,-0.08752000248047737
6542.0,261.68,2.0,0.20887954256451427,9.600563681399372,0.20887954256451427,9.600563681399372,3.198584256183344,-0.6368200822150998,-0.08752000248047737
6543.0,261.72,2.0,0.22162224884168166,9.586067514900257,0.22162224884168166,9.586067514900257,3.1935773077275016,-0.6368200822150998,-0.08752000248047737
6544.0,261.76,2.0,0.2338755561965519,9.572276038202197,0.2338755561965519,9.572276038202197,3.1885169434721945,-0.6368200822150998,-0.08752000248047737
6545.0,261.8,2.0,0.24564747497644454,9.559193567995449,0.24564747497644454,9.559193567995449,3.183403163417423,-0.6368200822150998,-0.08752000248047737
6546.0,261.84000000000003,2.0,0.25694603557685786,9.546824166507879,0.25694603557685786,9.546824166507879,3.1782359675631855,-0.6368200822150998,-0.08752000248047737
6547.0,261.88,2.0,0.26777928645680343,9.535171640657596,0.26777928645680343,9.535171640657596,3.173015355909483,-0.6368200822150998,-0.08752000248047737
6548.0,261.92,2.0,0.27815529215404333,9.5242395412598,0.27815529215404333,9.5242395412598,3.1677413284563154,-0.6368200822150998,-0.08752000248047737
6549.0,261.96,2.0,0.28808213130062876,9.51403116228799,0.28808213130062876,9.51403116228799,3.1624138852036836,-0.6368200822150998,-0.08752000248047737
6550.0,262.0,2.0,0.29756789463914013,9.504549540189739,0.29756789463914013,9.504549540189739,3.1570330261515864,-0.6368200822150998,-0.08752000248047737
6551.0,262.04,2.0,0.3066206830400268,9.495797453257069,0.3066206830400268,9.495797453257069,3.151598751300025,-0.6368200822150998,-0.08752000248047737
6552.0,262.08,2.0,0.3152486055204449,9.487777421051636,0.3152486055204449,9.487777421051636,3.1461110606489977,-0.6368200822150998,-0.08752000248047737
6553.0,262.12,2.0,0.3237382975179762,9.480491703884793,0.3237382975179762,9.480491703884793,3.1405699541985057,-0.6368200822150998,-0.08752000248047737
6554.0,262.16,2.0,0.33210571894598107,9.47394230235264,0.33210571894598107,9.47394230235264,3.1349754319485488,-0.6368200822150998,-0.08752000248047737
6555.0,262.2,2.0,0.3403668567897892,9.468130956926151,0.3403668567897892,9.468130956926151,3.1293809096985923,-0.6368200822150998,-0.08752000248047737
6556.0,262.24,2.0,0.3485377212427047,9.463059147596464,0.3485377212427047,9.463059147596464,3.1237863874486345,-0.6368200822150998,-0.08752000248047737
6557.0,262.28000000000003,2.0,0.3566343418374494,9.458728093575402,0.3566343418374494,9.458728093575402,3.1181918651986775,-0.6368200822150998,-0.08752000248047737
6558.0,262.32,2.0,0.3646727635738187,9.455138753051257,0.3646727635738187,9.455138753051257,3.1125973429487206,-0.6368200822150998,-0.08752000248047737
6559.0,262.36,2.0,0.37266904304332743,9.45229182299994,0.37266904304332743,9.45229182299994,3.1070028206987637,-0.6368200822150998,-0.08752000248047737
6560.0,262.4,2.0,0.38063924455162185,9.450187739051474,0.38063924455162185,9.450187739051474,3.101408298448807,-0.6368200822150998,-0.08752000248047737
6561.0,262.44,2.0,0.3885994362394361,9.448826675411878,0.3885994362394361,9.448826675411878,3.0958137761988493,-0.6368200822150998,-0.08752000248047737
6562.0,262.48,2.0,0.39656568620286936,9.44820854484049,0.39656568620286936,9.44820854484049,3.090272669748358,-0.6368200822150998,-0.08752000248047737
6563.0,262.52,2.0,0.40455405861376204,9.448332998682657,0.40455405861376204,9.448332998682657,3.0847849790973307,-0.6368200822150998,-0.08752000248047737
6564.0,262.56,2.0,0.41258060984094946,9.44919942695788,0.41258060984094946,9.44919942695788,3.0793507042457686,-0.6368200822150998,-0.08752000248047737
6565.0,262.6,2.0,0.42066138457316893,9.450806958503305,0.42066138457316893,9.450806958503305,3.0739698451936714,-0.6368200822150998,-0.08752000248047737
6566.0,262.64,2.0,0.4288124119443991,9.453154461172588,0.4288124119443991,9.453154461172588,3.068642401941039,-0.6368200822150998,-0.08752000248047737
6567.0,262.68,2.0,0.4370497016624065,9.456240542090095,0.4370497016624065,9.456240542090095,3.063368374487872,-0.6368200822150998,-0.08752000248047737
6568.0,262.72,2.0,0.44538924014127773,9.46006354796034,0.44538924014127773,9.46006354796034,3.0581477628341704,-0.6368200822150998,-0.08752000248047737
6569.0,262.76,2.0,0.45384698663871004,9.46462156543266,0.45384698663871004,9.46462156543266,3.0529805669799326,-0.6368200822150998,-0.08752000248047737
6570.0,262.8,2.0,0.46243886939883616,9.469912421521009,0.46243886939883616,9.469912421521009,3.0478667869251606,-0.6368200822150998,-0.08752000248047737
6571.0,262.84000000000003,2.0,0.47145263918381514,9.475933684078814,0.47145263918381514,9.475933684078814,3.0428064226698535,-0.6368200822150998,-0.08752000248047737
6572.0,262.88,2.0,0.48089628895087744,9.48268266232878,0.48089628895087744,9.48268266232878,3.0377994742140113,-0.6368200822150998,-0.08752000248047737
6573.0,262.92,2.0,0.49077780152690104,9.490156407447573,0.49077780152690104,9.490156407447573,3.032845941557634,-0.6368200822150998,-0.08752000248047737
6574.0,262.96,2.0,0.5011051476301812,9.498351713205215,0.5011051476301812,9.498351713205215,3.027945824700722,-0.6368200822150998,-0.08752000248047737
6575.0,263.0,2.0,0.5118862838911992,9.507265116659129,0.5118862838911992,9.507265116659129,3.0230991236432745,-0.6368200822150998,-0.08752000248047737
6576.0,263.04,2.0,0.5231291508727896,9.516892898902624,0.5231291508727896,9.516892898902624,3.018305838385292,-0.6368200822150998,-0.08752000248047737
6577.0,263.08,2.0,0.5348416710901055,9.52698790691112,0.5348416710901055,9.52698790691112,3.013565968926775,-0.6368200822150998,-0.08752000248047737
6578.0,263.12,2.0,0.5470317470307798,9.537462001152253,0.5470317470307798,9.537462001152253,3.008879515267722,-0.6368200822150998,-0.08752000248047737
6579.0,263.16,2.0,0.5597072591756825,9.54831401091319,0.5597072591756825,9.54831401091319,3.0042464774081346,-0.6368200822150998,-0.08752000248047737
6580.0,263.2,2.0,0.5728760640206737,9.559542644850243,0.5728760640206737,9.559542644850243,2.9996668553480124,-0.6368200822150998,-0.08752000248047737
6581.0,263.24,2.0,0.5865459920997503,9.571146491816137,0.5865459920997503,9.571146491816137,2.995140649087355,-0.6368200822150998,-0.08752000248047737
6582.0,263.28000000000003,2.0,0.6007248460099875,9.583124021712385,0.6007248460099875,9.583124021712385,2.9906678586261624,-0.6368200822150998,-0.08752000248047737
6583.0,263.32,2.0,0.6154203984386724,9.595473586366518,0.6154203984386724,9.595473586366518,2.9862484839644345,-0.6368200822150998,-0.08752000248047737
6584.0,263.36,2.0,0.6306403901930295,9.608193420434018,0.6306403901930295,9.608193420434018,2.9818825251021726,-0.6368200822150998,-0.08752000248047737
6585.0,263.4,2.0,0.646392528232936,9.62128164232473,0.646392528232936,9.62128164232473,2.9775699820393746,-0.6368200822150998,-0.08752000248047737
6586.0,263.44,2.0,0.6626844837070245,9.634736255153566,0.6626844837070245,9.634736255153566,2.9733108547760425,-0.6368200822150998,-0.08752000248047737
6587.0,263.48,2.0,0.6795238899925715,9.648555147715287,0.6795238899925715,9.648555147715287,2.969105143312175,-0.6368200822150998,-0.08752000248047737
6588.0,263.52,2.0,0.6969183407395689,9.66273609548314,0.6969183407395689,9.66273609548314,2.964952847647772,-0.6368200822150998,-0.08752000248047737
6589.0,263.56,2.0,0.7148753879193711,9.677276761631148,0.7148753879193711,9.677276761631148,2.9608539677828345,-0.6368200822150998,-0.08752000248047737
6590.0,263.6,2.0,0.733402539878319,9.692174698079807,0.733402539878319,9.692174698079807,2.956808503717362,-0.6368200822150998,-0.08752000248047737
6591.0,263.64,2.0,0.7525072593967312,9.707427346565003,0.7525072593967312,9.707427346565003,2.952816455451354,-0.6368200822150998,-0.08752000248047737
6592.0,263.68,2.0,0.7721969617536569,9.723032039729866,0.7721969617536569,9.723032039729866,2.9488778229848114,-0.6368200822150998,-0.08752000248047737
6593.0,263.72,2.0,0.792479012797785,9.738986002239361,0.792479012797785,9.738986002239361,2.9449391905182685,-0.6368200822150998,-0.08752000248047737
6594.0,263.76,2.0,0.8133607270248993,9.75528635191738,0.8133607270248993,9.75528635191738,2.941000558051726,-0.6368200822150998,-0.08752000248047737
6595.0,263.8,2.0,0.8348493656622712,9.771930100906046,0.8348493656622712,9.771930100906046,2.9370619255851826,-0.6368200822150998,-0.08752000248047737
6596.0,263.84000000000003,2.0,0.8569521347603805,9.788914156847024,0.8569521347603805,9.788914156847024,2.93312329311864,-0.6368200822150998,-0.08752000248047737
6597.0,263.88,2.0,0.8796761832923494,9.806235324084579,0.8796761832923494,9.806235324084579,2.9291846606520977,-0.6368200822150998,-0.08752000248047737
6598.0,263.92,2.0,0.9030286012614811,9.823890304890101,0.9030286012614811,9.823890304890101,2.925246028185555,-0.6368200822150998,-0.08752000248047737
6599.0,263.96,2.0,0.9270164178172825,9.841875700707845,0.9270164178172825,9.841875700707845,2.9213073957190128,-0.6368200822150998,-0.08752000248047737
6600.0,264.0,2.0,0.9516465993803627,9.860188013421642,0.9516465993803627,9.860188013421642,2.917368763252469,-0.6368200822150998,-0.08752000248047737
6601.0,264.04,2.0,0.9769260477765809,9.878823646642264,0.9769260477765809,9.878823646642264,2.913430130785927,-0.6368200822150998,-0.08752000248047737
6602.0,264.08,2.0,1.002861598380832,9.897778907015224,1.002861598380832,9.897778907015224,2.909491498319384,-0.6368200822150998,-0.08752000248047737
6603.0,264.12,2.0,1.0294600182708447,9.917050005548692,1.0294600182708447,9.917050005548692,2.9055528658528416,-0.6368200822150998,-0.08752000248047737
6604.0,264.16,2.0,1.0567280043913696,9.93663305896125,1.0567280043913696,9.93663305896125,2.901614233386298,-0.6368200822150998,-0.08752000248047737
6605.0,264.2,2.0,1.084672181729136,9.956524091049227,1.084672181729136,9.956524091049227,2.8976756009197557,-0.6368200822150998,-0.08752000248047737
6606.0,264.24,2.0,1.1132991014989457,9.97671903407329,1.1132991014989457,9.97671903407329,2.8937369684532133,-0.6368200822150998,-0.08752000248047737
6607.0,264.28000000000003,2.0,1.1426152393412798,9.997213730164015,1.1426152393412798,9.997213730164015,2.8897983359866704,-0.6368200822150998,-0.08752000248047737
6608.0,264.32,2.0,1.1726269935317843,10.018003932746147,1.1726269935317843,10.018003932746147,2.8858597035201274,-0.6368200822150998,-0.08752000248047737
6609.0,264.36,2.0,1.2033406832030062,10.039085307981233,1.2033406832030062,10.039085307981233,2.8819210710535845,-0.6368200822150998,-0.08752000248047737
6610.0,264.4,2.0,1.2347625465787397,10.060453436228324,1.2347625465787397,10.060453436228324,2.8779824385870425,-0.6368200822150998,-0.08752000248047737
6611.0,264.44,2.0,1.2668987392213487,10.081867545943528,1.2668987392213487,10.081867545943528,2.8740438061204996,-0.6368200822150998,-0.08752000248047737
6612.0,264.48,2.0,1.2997553322924258,10.103281655658732,1.2997553322924258,10.103281655658732,2.870105173653957,-0.6368200822150998,-0.08752000248047737
6613.0,264.52,2.0,1.3333383108271455,10.124695765373938,1.3333383108271455,10.124695765373938,2.8661665411874138,-0.6368200822150998,-0.08752000248047737
6614.0,264.56,2.0,1.3676535720226644,10.146109875089142,1.3676535720226644,10.146109875089142,2.8622279087208713,-0.6368200822150998,-0.08752000248047737
6615.0,264.6,2.0,1.4027069235409249,10.167523984804346,1.4027069235409249,10.167523984804346,2.858289276254329,-0.6368200822150998,-0.08752000248047737
6616.0,264.64,2.0,1.4385040818262118,10.188938094519552,1.4385040818262118,10.188938094519552,2.854350643787786,-0.6368200822150998,-0.08752000248047737
6617.0,264.68,2.0,1.4750506704378084,10.210352204234757,1.4750506704378084,10.210352204234757,2.850412011321243,-0.6368200822150998,-0.08752000248047737
6618.0,264.72,2.0,1.5123522183980953,10.231766313949963,1.5123522183980953,10.231766313949963,2.8464733788547,-0.6368200822150998,-0.08752000248047737
6619.0,264.76,2.0,1.5504141585564377,10.253180423665167,1.5504141585564377,10.253180423665167,2.842534746388158,-0.6368200822150998,-0.08752000248047737
6620.0,264.8,2.0,1.589241825969198,10.274594533380371,1.589241825969198,10.274594533380371,2.838596113921615,-0.6368200822150998,-0.08752000248047737
6621.0,264.84000000000003,2.0,1.6288404562962093,10.296008643095577,1.6288404562962093,10.296008643095577,2.8346574814550722,-0.6368200822150998,-0.08752000248047737
6622.0,264.88,2.0,1.6692151842140412,10.317422752810781,1.6692151842140412,10.317422752810781,2.8307188489885293,-0.6368200822150998,-0.08752000248047737
6623.0,264.92,2.0,1.7103710418463958,10.338836862525985,1.7103710418463958,10.338836862525985,2.826780216521987,-0.6368200822150998,-0.08752000248047737
6624.0,264.96,2.0,1.7523129572119482,10.360250972241191,1.7523129572119482,10.360250972241191,2.8228415840554444,-0.6368200822150998,-0.08752000248047737
6625.0,265.0,2.0,1.7950457526899644,10.381665081956397,1.7950457526899644,10.381665081956397,2.8189029515889015,-0.6368200822150998,-0.08752000248047737
6626.0,265.04,2.0,1.8385741435040148,10.403079191671601,1.8385741435040148,10.403079191671601,2.8149643191223586,-0.6368200822150998,-0.08752000248047737
6627.0,265.08,2.0,1.8829027362240978,10.424493301386807,1.8829027362240978,10.424493301386807,2.8110256866558156,-0.6368200822150998,-0.08752000248047737
6628.0,265.12,2.0,1.9280360272874886,10.445907411102013,1.9280360272874886,10.445907411102013,2.8070870541892736,-0.6368200822150998,-0.08752000248047737
6629.0,265.16,2.0,1.9739784015386226,10.467321520817217,1.9739784015386226,10.467321520817217,2.8031484217227307,-0.6368200822150998,-0.08752000248047737
6630.0,265.2,2.0,2.0207341307883206,10.488735630532421,2.0207341307883206,10.488735630532421,2.799209789256188,-0.6368200822150998,-0.08752000248047737
6631.0,265.24,2.0,2.06830737239266,10.510149740247627,2.06830737239266,10.510149740247627,2.795271156789645,-0.6368200822150998,-0.08752000248047737
6632.0,265.28000000000003,2.0,2.116702167851783,10.531563849962831,2.116702167851783,10.531563849962831,2.7913325243231024,-0.6368200822150998,-0.08752000248047737
6633.0,265.32,2.0,2.16592244142895,10.552977959678037,2.16592244142895,10.552977959678037,2.78739389185656,-0.6368200822150998,-0.08752000248047737
6634.0,265.36,2.0,2.215971998790122,10.574392069393241,2.215971998790122,10.574392069393241,2.7834552593900166,-0.6368200822150998,-0.08752000248047737
6635.0,265.4,2.0,2.2668545256643573,10.595806179108447,2.2668545256643573,10.595806179108447,2.779516626923474,-0.6368200822150998,-0.08752000248047737
6636.0,265.44,2.0,2.3185735865253156,10.61722028882365,2.3185735865253156,10.61722028882365,2.775577994456931,-0.6368200822150998,-0.08752000248047737
6637.0,265.48,2.0,2.3711326232941383,10.638634398538857,2.3711326232941383,10.638634398538857,2.771639361990389,-0.6368200822150998,-0.08752000248047737
6638.0,265.52,2.0,2.4245349540639936,10.660048508254063,2.4245349540639936,10.660048508254063,2.7677007295238463,-0.6368200822150998,-0.08752000248047737
6639.0,265.56,2.0,2.4787800610912734,10.681462617969265,2.4787800610912734,10.681462617969265,2.7637620970573034,-0.6368200822150998,-0.08752000248047737
6640.0,265.6,2.0,2.533795603724488,10.70287672768447,2.533795603724488,10.70287672768447,2.7598234645907604,-0.6368200822150998,-0.08752000248047737
6641.0,265.64,2.0,2.5895408655033845,10.724290837399677,2.5895408655033845,10.724290837399677,2.755884832124218,-0.6368200822150998,-0.08752000248047737
6642.0,265.68,2.0,2.646138182547225,10.74570494711488,2.646138182547225,10.74570494711488,2.7519461996576755,-0.6368200822150998,-0.08752000248047737
6643.0,265.72,2.0,2.7035304768615838,10.767119056830087,2.7035304768615838,10.767119056830087,2.748007567191132,-0.6368200822150998,-0.08752000248047737
6644.0,265.76,2.0,2.761719359780035,10.788533166545292,2.761719359780035,10.788533166545292,2.7440689347245897,-0.6368200822150998,-0.08752000248047737
6645.0,265.8,2.0,2.82069201165619,10.809947276260498,2.82069201165619,10.809947276260498,2.7401303022580468,-0.6368200822150998,-0.08752000248047737
6646.0,265.84000000000003,2.0,2.8804813214365304,10.831361385975699,2.8804813214365304,10.831361385975699,2.7361916697915047,-0.6368200822150998,-0.08752000248047737
6647.0,265.88,2.0,2.941065725065933,10.852775495690903,2.941065725065933,10.852775495690903,2.732253037324961,-0.6368200822150998,-0.08752000248047737
6648.0,265.92,2.0,3.0024633749332694,10.874189605406109,3.0024633749332694,10.874189605406109,2.728314404858419,-0.6368200822150998,-0.08752000248047737
6649.0,265.96,2.0,3.064692410192935,10.895603715121315,3.064692410192935,10.895603715121315,2.724375772391876,-0.6368200822150998,-0.08752000248047737
6650.0,266.0,2.0,3.127705349067061,10.91701782483652,3.127705349067061,10.91701782483652,2.7204371399253335,-0.6368200822150998,-0.08752000248047737
6651.0,266.04,2.0,3.19152190478223,10.938431934551724,3.19152190478223,10.938431934551724,2.7170143636607214,-0.6368200822150998,-0.08752000248047737
6652.0,266.08,2.0,3.2561561014914053,10.95984604426693,3.2561561014914053,10.95984604426693,2.7143520557037917,-0.6368200822150998,-0.08752000248047737
6653.0,266.12,2.0,3.321661780702847,10.981260153982136,3.321661780702847,10.981260153982136,2.7124502160545454,-0.6368200822150998,-0.08752000248047737
6654.0,266.16,2.0,3.387922208968509,11.002674263697338,3.387922208968509,11.002674263697338,2.7113088447129807,-0.6368200822150998,-0.08752000248047737
6655.0,266.2,2.0,3.455002106650676,11.024088373412544,3.455002106650676,11.024088373412544,2.7109279416790995,-0.6368200822150998,-0.08752000248047737
6656.0,266.24,2.0,3.5229144298569874,11.04550248312775,3.5229144298569874,11.04550248312775,2.7113075069529,-0.6368200822150998,-0.08752000248047737
6657.0,266.28000000000003,2.0,3.5916863353112056,11.066916592842956,3.5916863353112056,11.066916592842956,2.712447540534384,-0.6368200822150998,-0.08752000248047737
6658.0,266.32,2.0,3.6612100970693002,11.08833070255816,3.6612100970693002,11.08833070255816,2.714103430317798,-0.6368200822150998,-0.08752000248047737
6659.0,266.36,2.0,3.7315754363944844,11.109744812273366,3.7315754363944844,11.109744812273366,2.7157593201012125,-0.6368200822150998,-0.08752000248047737
6660.0,266.4,2.0,3.8027762029905414,11.131158921988572,3.8027762029905414,11.131158921988572,2.7174152098846265,-0.6368200822150998,-0.08752000248047737
6661.0,266.44,2.0,3.8748178530669977,11.152573031703772,3.8748178530669977,11.152573031703772,2.719071099668041,-0.6368200822150998,-0.08752000248047737
6662.0,266.48,2.0,3.947612561378519,11.173987141418978,3.947612561378519,11.173987141418978,2.7207269894514554,-0.6368200822150998,-0.08752000248047737
6663.0,266.52,2.0,4.021276140903505,11.195401251134184,4.021276140903505,11.195401251134184,2.7223828792348694,-0.6368200822150998,-0.08752000248047737
6664.0,266.56,2.0,4.095760394963428,11.216815360849388,4.095760394963428,11.216815360849388,2.724038769018284,-0.6368200822150998,-0.08752000248047737
6665.0,266.6,2.0,4.171072858512998,11.238229470564594,4.171072858512998,11.238229470564594,2.7256946588016975,-0.6368200822150998,-0.08752000248047737
6666.0,266.64,2.0,4.247157232969958,11.2596435802798,4.247157232969958,11.2596435802798,2.7273505485851124,-0.6368200822150998,-0.08752000248047737
6667.0,266.68,2.0,4.324102840040993,11.281057689995006,4.324102840040993,11.281057689995006,2.729006438368527,-0.6368200822150998,-0.08752000248047737
6668.0,266.72,2.0,4.401856105168742,11.302471799710208,4.401856105168742,11.302471799710208,2.730662328151941,-0.6368200822150998,-0.08752000248047737
6669.0,266.76,2.0,4.480431907438189,11.323885909425414,4.480431907438189,11.323885909425414,2.732318217935355,-0.6368200822150998,-0.08752000248047737
6670.0,266.8,2.0,4.55981590767879,11.34530001914062,4.55981590767879,11.34530001914062,2.7339741077187694,-0.6368200822150998,-0.08752000248047737
6671.0,266.84000000000003,2.0,4.640017867010666,11.366714128855824,4.640017867010666,11.366714128855824,2.7356299975021843,-0.6368200822150998,-0.08752000248047737
6672.0,266.88,2.0,4.721016001135881,11.38812823857103,4.721016001135881,11.38812823857103,2.737285887285598,-0.6368200822150998,-0.08752000248047737
6673.0,266.92,2.0,4.802838982484662,11.409542348286235,4.802838982484662,11.409542348286235,2.7389417770690123,-0.6368200822150998,-0.08752000248047737
6674.0,266.96,2.0,4.885508954594889,11.430480028565547,4.885508954594889,11.430480028565547,2.740597666852426,-0.6368200822150998,-0.08752000248047737
6675.0,267.0,2.0,4.96894671978911,11.45092984918575,4.96894671978911,11.45092984918575,2.742253556635841,-0.6368200822150998,-0.08752000248047737
6676.0,267.04,2.0,5.053155798532261,11.470880375645258,5.053155798532261,11.470880375645258,2.7439094464192553,-0.6368200822150998,-0.08752000248047737
6677.0,267.08,2.0,5.138230054066156,11.490320171266308,5.138230054066156,11.490320171266308,2.7455653362026693,-0.6368200822150998,-0.08752000248047737
6678.0,267.12,2.0,5.224167083440186,11.509237799302095,5.224167083440186,11.509237799302095,2.7472212259860833,-0.6368200822150998,-0.08752000248047737
6679.0,267.16,2.0,5.3109643290337365,11.527621825048465,5.3109643290337365,11.527621825048465,2.748877115769498,-0.6368200822150998,-0.08752000248047737
6680.0,267.2,2.0,5.3986190783796255,11.545460817959684,5.3986190783796255,11.545460817959684,2.7505330055529127,-0.6368200822150998,-0.08752000248047737
6681.0,267.24,2.0,5.48712846401665,11.562743353768,5.48712846401665,11.562743353768,2.7521888953363263,-0.6368200822150998,-0.08752000248047737
6682.0,267.28000000000003,2.0,5.576489463371294,11.579458016606498,5.576489463371294,11.579458016606498,2.7538447851197407,-0.6368200822150998,-0.08752000248047737
6683.0,267.32,2.0,5.666698898668652,11.595593401134872,5.666698898668652,11.595593401134872,2.7555006749031548,-0.6368200822150998,-0.08752000248047737
6684.0,267.36,2.0,5.757753436872617,11.611138114667774,5.757753436872617,11.611138114667774,2.7571565646865692,-0.6368200822150998,-0.08752000248047737
6685.0,267.4,2.0,5.8496495896553835,11.626080779305227,5.8496495896553835,11.626080779305227,2.7588124544699837,-0.6368200822150998,-0.08752000248047737
6686.0,267.44,2.0,5.942383713396282,11.640410034064779,5.942383713396282,11.640410034064779,2.7604683442533977,-0.6368200822150998,-0.08752000248047737
6687.0,267.48,2.0,6.035952009209997,11.654114537014985,6.035952009209997,11.654114537014985,2.762124234036812,-0.6368200822150998,-0.08752000248047737
6688.0,267.52,2.0,6.130350523004184,11.667182967409762,6.130350523004184,11.667182967409762,2.763780123820226,-0.6368200822150998,-0.08752000248047737
6689.0,267.56,2.0,6.225575145566501,11.679604027823268,6.225575145566501,11.679604027823268,2.7649201574017104,-0.6368200822150998,-0.08752000248047737
6690.0,267.6,2.0,6.321621612681081,11.691366446284881,6.321621612681081,11.691366446284881,2.7652997226755107,-0.6368200822150998,-0.08752000248047737
6691.0,267.64,2.0,6.418485505274453,11.702458978413826,6.418485505274453,11.702458978413826,2.7649188196416294,-0.6368200822150998,-0.08752000248047737
6692.0,267.68,2.0,6.516162249590888,11.712870409553142,6.516162249590888,11.712870409553142,2.7637774483000648,-0.6368200822150998,-0.08752000248047737
6693.0,267.72,2.0,6.614647117397219,11.722589556902479,6.614647117397219,11.722589556902479,2.7618756086508185,-0.6368200822150998,-0.08752000248047737
6694.0,267.76,2.0,6.713935226217066,11.73160527164938,6.713935226217066,11.73160527164938,2.759213300693889,-0.6368200822150998,-0.08752000248047737
6695.0,267.8,2.0,6.81402153959451,11.73990644109864,6.81402153959451,11.73990644109864,2.7557905244292766,-0.6368200822150998,-0.08752000248047737
6696.0,267.84000000000003,2.0,6.9149008673871535,11.747481990799296,6.9149008673871535,11.747481990799296,2.751851891962734,-0.6368200822150998,-0.08752000248047737
6697.0,267.88,2.0,7.016567866088563,11.754320886668875,7.016567866088563,11.754320886668875,2.7479132594961913,-0.6368200822150998,-0.08752000248047737
6698.0,267.92,2.0,7.11901703918006,11.760412137114503,7.11901703918006,11.760412137114503,2.7439746270296483,-0.6368200822150998,-0.08752000248047737
6699.0,267.96,2.0,7.2222427375118174,11.76574479515043,7.2222427375118174,11.76574479515043,2.7400359945631054,-0.6368200822150998,-0.08752000248047737
6700.0,268.0,2.0,7.3262391597132375,11.770307960511614,7.3262391597132375,11.770307960511614,2.7360973620965634,-0.6368200822150998,-0.08752000248047737
6701.0,268.04,2.0,7.431000352632539,11.774090781762903,7.431000352632539,11.774090781762903,2.7321587296300205,-0.6368200822150998,-0.08752000248047737
6702.0,268.08,2.0,7.536520211805521,11.777082458403482,7.536520211805521,11.777082458403482,2.7282200971634776,-0.6368200822150998,-0.08752000248047737
6703.0,268.12,2.0,7.64279248195343,11.779272242966108,7.64279248195343,11.779272242966108,2.7242814646969347,-0.6368200822150998,-0.08752000248047737
6704.0,268.16,2.0,7.749810757509889,11.780649443110804,7.749810757509889,11.780649443110804,2.720342832230392,-0.6368200822150998,-0.08752000248047737
6705.0,268.2,2.0,7.857568483176774,11.781203423712519,7.857568483176774,11.781203423712519,2.7164041997638493,-0.6368200822150998,-0.08752000248047737
6706.0,268.24,2.0,7.966058954509031,11.780923608942478,7.966058954509031,11.780923608942478,2.7124655672973064,-0.6368200822150998,-0.08752000248047737
6707.0,268.28000000000003,2.0,8.075275318528286,11.779799484342687,8.075275318528286,11.779799484342687,2.708526934830764,-0.6368200822150998,-0.08752000248047737
6708.0,268.32,2.0,8.185210574365192,11.777538927946967,8.185210574365192,11.777538927946967,2.704588302364221,-0.6368200822150998,-0.08752000248047737
6709.0,268.36,2.0,8.295857573930434,11.774127377447712,8.295857573930434,11.774127377447712,2.700649669897678,-0.6368200822150998,-0.08752000248047737
6710.0,268.4,2.0,8.407209022614262,11.76955042777634,8.407209022614262,11.76955042777634,2.696711037431135,-0.6368200822150998,-0.08752000248047737
6711.0,268.44,2.0,8.519257480014486,11.763793834548448,8.519257480014486,11.763793834548448,2.692772404964593,-0.6368200822150998,-0.08752000248047737
6712.0,268.48,2.0,8.631995360692788,11.756843517481187,8.631995360692788,11.756843517481187,2.6888337724980493,-0.6368200822150998,-0.08752000248047737
6713.0,268.52,2.0,8.745414934959268,11.748685563782155,8.745414934959268,11.748685563782155,2.6848951400315073,-0.6368200822150998,-0.08752000248047737
6714.0,268.56,2.0,8.859508329685088,11.739306231509133,8.859508329685088,11.739306231509133,2.680956507564965,-0.6368200822150998,-0.08752000248047737
6715.0,268.6,2.0,8.974267529143095,11.728691952899993,8.974267529143095,11.728691952899993,2.677017875098422,-0.6368200822150998,-0.08752000248047737
6716.0,268.64,2.0,9.089684375876292,11.716829337672124,9.089684375876292,11.716829337672124,2.673079242631879,-0.6368200822150998,-0.08752000248047737
6717.0,268.68,2.0,9.205750571594024,11.703705176290692,9.205750571594024,11.703705176290692,2.669140610165336,-0.6368200822150998,-0.08752000248047737
6718.0,268.72,2.0,9.322457678095738,11.689306443205075,9.322457678095738,11.689306443205075,2.6652019776987936,-0.6368200822150998,-0.08752000248047737
6719.0,268.76,2.0,9.439797118222172,11.673620300052855,9.439797118222172,11.673620300052855,2.6612633452322507,-0.6368200822150998,-0.08752000248047737
6720.0,268.8,2.0,9.557760176833813,11.656634098830697,9.557760176833813,11.656634098830697,2.657324712765708,-0.6368200822150998,-0.08752000248047737
6721.0,268.84000000000003,2.0,9.676338001816484,11.638335385031452,9.676338001816484,11.638335385031452,2.653386080299165,-0.6368200822150998,-0.08752000248047737
6722.0,268.88,2.0,9.795521605113889,11.618711900746932,9.795521605113889,11.618711900746932,2.6494474478326224,-0.6368200822150998,-0.08752000248047737
6723.0,268.92,2.0,9.915296950955701,11.597751587735633,9.915296950955701,11.597751587735633,2.6455088153660795,-0.6368200822150998,-0.08752000248047737
6724.0,268.96,2.0,10.035072296797516,11.575442590454866,10.035072296797516,11.575442590454866,2.641570182899537,-0.6368200822150998,-0.08752000248047737
6725.0,269.0,2.0,10.15484764263933,11.551773259056638,10.15484764263933,11.551773259056638,2.637631550432994,-0.6368200822150998,-0.08752000248047737
6726.0,269.04,2.0,10.274622988481143,11.526732152346693,10.274622988481143,11.526732152346693,2.6336929179664517,-0.6368200822150998,-0.08752000248047737
6727.0,269.08,2.0,10.394398334322958,11.500308040706125,10.394398334322958,11.500308040706125,2.6297542854999088,-0.6368200822150998,-0.08752000248047737
6728.0,269.12,2.0,10.514173680164772,11.472489908974945,10.514173680164772,11.472489908974945,2.6258156530333663,-0.6368200822150998,-0.08752000248047737
6729.0,269.16,2.0,10.633949026006585,11.443266959297036,10.633949026006585,11.443266959297036,2.6218770205668234,-0.6368200822150998,-0.08752000248047737
6730.0,269.2,2.0,10.7537243718484,11.412628613925934,10.7537243718484,11.412628613925934,2.6179383881002805,-0.6368200822150998,-0.08752000248047737
6731.0,269.24,2.0,10.87349971769021,11.380564517990816,10.87349971769021,11.380564517990816,2.6139997556337375,-0.6368200822150998,-0.08752000248047737
6732.0,269.28000000000003,2.0,10.993275063532025,11.34706454222219,10.993275063532025,11.34706454222219,2.6100611231671946,-0.6368200822150998,-0.08752000248047737
6733.0,269.32,2.0,11.113050409373841,11.312118785636699,11.113050409373841,11.312118785636699,2.606122490700652,-0.6368200822150998,-0.08752000248047737
6734.0,269.36,2.0,11.232825755215655,11.275717578180483,11.232825755215655,11.275717578180483,2.6021838582341092,-0.6368200822150998,-0.08752000248047737
6735.0,269.4,2.0,11.35260110105747,11.23785148333061,11.35260110105747,11.23785148333061,2.598245225767567,-0.6368200822150998,-0.08752000248047737
6736.0,269.44,2.0,11.472376446899284,11.198511300653976,11.472376446899284,11.198511300653976,2.594306593301024,-0.6368200822150998,-0.08752000248047737
6737.0,269.48,2.0,11.592151792741095,11.157688068323214,11.592151792741095,11.157688068323214,2.590367960834481,-0.6368200822150998,-0.08752000248047737
6738.0,269.52,2.0,11.71192713858291,11.11537306558903,11.71192713858291,11.11537306558903,2.5864293283679385,-0.6368200822150998,-0.08752000248047737
6739.0,269.56,2.0,11.831702484424724,11.071557815208562,11.831702484424724,11.071557815208562,2.5824906959013956,-0.6368200822150998,-0.08752000248047737
6740.0,269.6,2.0,11.951477830266537,11.02623408582912,11.951477830266537,11.02623408582912,2.578552063434853,-0.6368200822150998,-0.08752000248047737
6741.0,269.64,2.0,12.071253176108351,10.979393894326979,12.071253176108351,10.979393894326979,2.57461343096831,-0.6368200822150998,-0.08752000248047737
6742.0,269.68,2.0,12.191028521950166,10.931029508100574,12.191028521950166,10.931029508100574,2.5706747985017673,-0.6368200822150998,-0.08752000248047737
6743.0,269.72,2.0,12.310803867791977,10.881133447317785,12.310803867791977,10.881133447317785,2.5667361660352244,-0.6368200822150998,-0.08752000248047737
6744.0,269.76,2.0,12.430579213633793,10.829698487116735,12.430579213633793,10.829698487116735,2.5627975335686815,-0.6368200822150998,-0.08752000248047737
6745.0,269.8,2.0,12.550354559475608,10.776717659759674,12.550354559475608,10.776717659759674,2.5588589011021394,-0.6368200822150998,-0.08752000248047737
6746.0,269.84000000000003,2.0,12.669851385064437,10.722184256739558,12.669851385064437,10.722184256739558,2.5549202686355965,-0.6368200822150998,-0.08752000248047737
6747.0,269.88,2.0,12.789061849861989,10.666091830838777,12.789061849861989,10.666091830838777,2.5509816361690536,-0.6368200822150998,-0.08752000248047737
6748.0,269.92,2.0,12.907978088474191,10.608434198139715,12.907978088474191,10.608434198139715,2.5470430037025107,-0.6368200822150998,-0.08752000248047737
6749.0,269.96,2.0,13.026592212543987,10.549205439986647,13.026592212543987,10.549205439986647,2.543104371235968,-0.6368200822150998,-0.08752000248047737
6750.0,270.0,2.0,13.144896312652193,10.488399904898598,13.144896312652193,10.488399904898598,2.5391657387694253,-0.6368200822150998,-0.08752000248047737
6751.0,270.04,2.0,13.262882460226,10.426012210432745,13.262882460226,10.426012210432745,2.5352271063028824,-0.6368200822150998,-0.08752000248047737
6752.0,270.08,2.0,13.380542709454769,10.362037244997982,13.380542709454769,10.362037244997982,2.53128847383634,-0.6368200822150998,-0.08752000248047737
6753.0,270.12,2.0,13.497869099212712,10.296470169618262,13.497869099212712,10.296470169618262,2.527349841369797,-0.6368200822150998,-0.08752000248047737
6754.0,270.16,2.0,13.61485365498811,10.229306419645345,13.61485365498811,10.229306419645345,2.5234112089032545,-0.6368200822150998,-0.08752000248047737
6755.0,270.2,2.0,13.731488390818615,10.160541706420577,13.731488390818615,10.160541706420577,2.5194191606372462,-0.6368200822150998,-0.08752000248047737
6756.0,270.24,2.0,13.847765311232344,10.090172018885367,13.847765311232344,10.090172018885367,2.5153736965717735,-0.6368200822150998,-0.08752000248047737
6757.0,270.28000000000003,2.0,13.963676413194252,10.018193625140006,13.963676413194252,10.018193625140006,2.511274816706836,-0.6368200822150998,-0.08752000248047737
6758.0,270.32,2.0,14.07921368805753,9.944603073950475,14.07921368805753,9.944603073950475,2.5071225210424335,-0.6368200822150998,-0.08752000248047737
6759.0,270.36,2.0,14.194369123519506,9.869397196202973,14.194369123519506,9.869397196202973,2.502916809578566,-0.6368200822150998,-0.08752000248047737
6760.0,270.4,2.0,14.30913470558178,9.792573106305783,14.30913470558178,9.792573106305783,2.498657682315233,-0.6368200822150998,-0.08752000248047737
6761.0,270.44,2.0,14.423502420514067,9.714128203538227,14.423502420514067,9.714128203538227,2.494345139252436,-0.6368200822150998,-0.08752000248047737
6762.0,270.48,2.0,14.537464256821488,9.634060173346365,14.537464256821488,9.634060173346365,2.489979180390173,-0.6368200822150998,-0.08752000248047737
6763.0,270.52,2.0,14.65101220721481,9.55236698858522,14.65101220721481,9.55236698858522,2.485559805728445,-0.6368200822150998,-0.08752000248047737
6764.0,270.56,2.0,14.764138270583281,9.469046910707185,14.764138270583281,9.469046910707185,2.481087015267253,-0.6368200822150998,-0.08752000248047737
6765.0,270.6,2.0,14.876834453969668,9.384098490896385,14.876834453969668,9.384098490896385,2.476560809006595,-0.6368200822150998,-0.08752000248047737
6766.0,270.64,2.0,14.989092774547093,9.297520571148754,14.989092774547093,9.297520571148754,2.471981186946473,-0.6368200822150998,-0.08752000248047737
6767.0,270.68,2.0,15.10090526159726,9.209312285297537,15.10090526159726,9.209312285297537,2.4673481490868854,-0.6368200822150998,-0.08752000248047737
6768.0,270.72,2.0,15.212263958489688,9.11947305998404,15.212263958489688,9.11947305998404,2.4626616954278333,-0.6368200822150998,-0.08752000248047737
6769.0,270.76,2.0,15.323160924661547,9.028002615573348,15.323160924661547,9.028002615573348,2.4579218259693154,-0.6368200822150998,-0.08752000248047737
6770.0,270.8,2.0,15.43358823759768,8.935144145971487,15.43358823759768,8.935144145971487,2.453128540711333,-0.6368200822150998,-0.08752000248047737
6771.0,270.84000000000003,2.0,15.543537994810453,8.840981872677432,15.543537994810453,8.840981872677432,2.448281839653886,-0.6368200822150998,-0.08752000248047737
6772.0,270.88,2.0,15.653002315818998,8.745513091116297,15.653002315818998,8.745513091116297,2.4433817227969734,-0.6368200822150998,-0.08752000248047737
6773.0,270.92,2.0,15.761973344127457,8.648735261748296,15.761973344127457,8.648735261748296,2.438428190140596,-0.6368200822150998,-0.08752000248047737
6774.0,270.96,2.0,15.870443249201827,8.5506460108977,15.870443249201827,8.5506460108977,2.433421241684754,-0.6368200822150998,-0.08752000248047737
6775.0,271.0,2.0,15.978404228445038,8.451243131554047,15.978404228445038,8.451243131554047,2.428360877429447,-0.6368200822150998,-0.08752000248047737
6776.0,271.04,2.0,16.0858485091698,8.350524584145424,16.0858485091698,8.350524584145424,2.4232470973746745,-0.6368200822150998,-0.08752000248047737
6777.0,271.08,2.0,16.19276835056889,8.248488497283686,16.19276835056889,8.248488497283686,2.4180799015204375,-0.6368200822150998,-0.08752000248047737
6778.0,271.12,2.0,16.299156045682437,8.14513316848142,16.299156045682437,8.14513316848142,2.412859289866735,-0.6368200822150998,-0.08752000248047737
6779.0,271.16,2.0,16.405003923361797,8.04045706484052,16.405003923361797,8.04045706484052,2.407585262413568,-0.6368200822150998,-0.08752000248047737
6780.0,271.2,2.0,16.510304350229696,7.93445882371222,16.510304350229696,7.93445882371222,2.402257819160936,-0.6368200822150998,-0.08752000248047737
6781.0,271.24,2.0,16.615049732636145,7.8271372533284485,16.615049732636145,7.8271372533284485,2.396876960108839,-0.6368200822150998,-0.08752000248047737
6782.0,271.28000000000003,2.0,16.71923251860979,7.718491333404345,16.71923251860979,7.718491333404345,2.3914426852572768,-0.6368200822150998,-0.08752000248047737
6783.0,271.32,2.0,16.82284519980429,7.608520215711849,16.82284519980429,7.608520215711849,2.3859549946062497,-0.6368200822150998,-0.08752000248047737
6784.0,271.36,2.0,16.92588031343933,7.4972232246241735,16.92588031343933,7.4972232246241735,2.3804138881557577,-0.6368200822150998,-0.08752000248047737
6785.0,271.4,2.0,17.028330444235852,7.384599857631107,17.028330444235852,7.384599857631107,2.3748193659058003,-0.6368200822150998,-0.08752000248047737
6786.0,271.44,2.0,17.13018822634517,7.270649785824975,17.13018822634517,7.270649785824975,2.3692248436558434,-0.6368200822150998,-0.08752000248047737
6787.0,271.48,2.0,17.231446345271504,7.155372854357179,17.231446345271504,7.155372854357179,2.3636303214058865,-0.6368200822150998,-0.08752000248047737
6788.0,271.52,2.0,17.33209753978758,7.038769082865206,17.33209753978758,7.038769082865206,2.358035799155929,-0.6368200822150998,-0.08752000248047737
6789.0,271.56,2.0,17.43213460384292,6.920838665869992,17.43213460384292,6.920838665869992,2.3524412769059726,-0.6368200822150998,-0.08752000248047737
6790.0,271.6,2.0,17.5315503884644,6.801581973143565,17.5315503884644,6.801581973143565,2.346846754656015,-0.6368200822150998,-0.08752000248047737
6791.0,271.64,2.0,17.630337803648718,6.680999550046857,17.630337803648718,6.680999550046857,2.3412522324060583,-0.6368200822150998,-0.08752000248047737
6792.0,271.68,2.0,17.72848982024636,6.559092117837637,17.72848982024636,6.559092117837637,2.3356577101561014,-0.6368200822150998,-0.08752000248047737
6793.0,271.72,2.0,17.82599947183673,6.435860573948438,17.82599947183673,6.435860573948438,2.3301166037056094,-0.6368200822150998,-0.08752000248047737
6794.0,271.76,2.0,17.92285985659396,6.311305992234454,17.92285985659396,6.311305992234454,2.324628913054582,-0.6368200822150998,-0.08752000248047737
6795.0,271.8,2.0,18.019064139143158,6.1854296231912995,18.019064139143158,6.1854296231912995,2.3191946382030197,-0.6368200822150998,-0.08752000248047737
6796.0,271.84000000000003,2.0,18.114605552406594,6.0582328941426065,18.114605552406594,6.0582328941426065,2.313813779150923,-0.6368200822150998,-0.08752000248047737
6797.0,271.88,2.0,18.209477399439518,5.929717409397378,18.209477399439518,5.929717409397378,2.3084863358982908,-0.6368200822150998,-0.08752000248047737
6798.0,271.92,2.0,18.303673055255196,5.799884950377051,18.303673055255196,5.799884950377051,2.3032123084451235,-0.6368200822150998,-0.08752000248047737
6799.0,271.96,2.0,18.397185968638837,5.668737475712247,18.397185968638837,5.668737475712247,2.297991696791421,-0.6368200822150998,-0.08752000248047737
6800.0,272.0,2.0,18.49000966394995,5.536277121309128,18.49000966394995,5.536277121309128,2.292824500937184,-0.6368200822150998,-0.08752000248047737
6801.0,272.04,2.0,18.582137742912895,5.402506200385387,18.582137742912895,5.402506200385387,2.287710720882412,-0.6368200822150998,-0.08752000248047737
6802.0,272.08,2.0,18.67356388639512,5.267427203475768,18.67356388639512,5.267427203475768,2.282650356627105,-0.6368200822150998,-0.08752000248047737
6803.0,272.12,2.0,18.764281856172836,5.131042798407179,18.764281856172836,5.131042798407179,2.2776434081712624,-0.6368200822150998,-0.08752000248047737
6804.0,272.16,2.0,18.854285496683673,4.9933558302433,18.854285496683673,4.9933558302433,2.272689875514885,-0.6368200822150998,-0.08752000248047737
6805.0,272.2,2.0,18.943568736766043,4.85436932119874,18.943568736766043,4.85436932119874,2.2677897586579725,-0.6368200822150998,-0.08752000248047737
6806.0,272.24,2.0,19.032125591384773,4.714086470522702,19.032125591384773,4.714086470522702,2.2629430576005256,-0.6368200822150998,-0.08752000248047737
6807.0,272.28000000000003,2.0,19.119950163342704,4.572510654352169,19.119950163342704,4.572510654352169,2.258149772342543,-0.6368200822150998,-0.08752000248047737
6808.0,272.32,2.0,19.20703664497789,4.429645425534614,19.20703664497789,4.429645425534614,2.2534099028840258,-0.6368200822150998,-0.08752000248047737
6809.0,272.36,2.0,19.293379319846053,4.28549451342025,19.293379319846053,4.28549451342025,2.2487234492249732,-0.6368200822150998,-0.08752000248047737
6810.0,272.4,2.0,19.3789725643879,4.140061823623838,19.3789725643879,4.140061823623838,2.2440904113653857,-0.6368200822150998,-0.08752000248047737
6811.0,272.44,2.0,19.463810849581062,3.9933514377560653,19.463810849581062,3.9933514377560653,2.2395107893052635,-0.6368200822150998,-0.08752000248047737
6812.0,272.48,2.0,19.54788874257617,3.845367613124543,19.54788874257617,3.845367613124543,2.234984583044606,-0.6368200822150998,-0.08752000248047737
6813.0,272.52,2.0,19.631200908316856,3.696114782404441,19.631200908316856,3.696114782404441,2.230511792583413,-0.6368200822150998,-0.08752000248047737
6814.0,272.56,2.0,19.713742111143294,3.5455975532788053,19.713742111143294,3.5455975532788053,2.2260924179216857,-0.6368200822150998,-0.08752000248047737
6815.0,272.6,2.0,19.795507216378912,3.3938207080486107,19.795507216378912,3.3938207080486107,2.2217264590594232,-0.6368200822150998,-0.08752000248047737
6816.0,272.64,2.0,19.8764911919,3.2407892032125867,19.8764911919,3.2407892032125867,2.2174139159966257,-0.6368200822150998,-0.08752000248047737
6817.0,272.68,2.0,19.956689109687897,3.0865081690168923,19.956689109687897,3.0865081690168923,2.2131547887332927,-0.6368200822150998,-0.08752000248047737
6818.0,272.72,2.0,20.03609614736333,2.930982908974683,20.03609614736333,2.930982908974683,2.208949077269425,-0.6368200822150998,-0.08752000248047737
6819.0,272.76,2.0,20.11470758970273,2.7742188993556507,20.11470758970273,2.7742188993556507,2.204796781605023,-0.6368200822150998,-0.08752000248047737
6820.0,272.8,2.0,20.191841329576963,2.6162217886456167,20.191841329576963,2.6162217886456167,2.200697901740085,-0.6368200822150998,-0.08752000248047737
6821.0,272.84000000000003,2.0,20.267478949999305,2.456997396976232,20.267478949999305,2.456997396976232,2.1966524376746124,-0.6368200822150998,-0.08752000248047737
6822.0,272.88,2.0,20.341602202332208,2.296551715524904,20.341602202332208,2.296551715524904,2.192660389408604,-0.6368200822150998,-0.08752000248047737
6823.0,272.92,2.0,20.414193009944835,2.1348909058850096,20.414193009944835,2.1348909058850096,2.1887217569420616,-0.6368200822150998,-0.08752000248047737
6824.0,272.96,2.0,20.485233471843166,1.9720212994065147,20.485233471843166,1.9720212994065147,2.1848365402749836,-0.6368200822150998,-0.08752000248047737
6825.0,273.0,2.0,20.554705866272048,1.8079493965070867,20.554705866272048,1.8079493965070867,2.181004739407371,-0.6368200822150998,-0.08752000248047737
6826.0,273.04,2.0,20.62259265428843,1.6426818659538143,20.62259265428843,1.6426818659538143,2.1772263543392234,-0.6368200822150998,-0.08752000248047737
6827.0,273.08,2.0,20.688876483305126,1.476225544115645,20.688876483305126,1.476225544115645,2.1735013850705402,-0.6368200822150998,-0.08752000248047737
6828.0,273.12,2.0,20.75354019060446,1.3085874341866603,20.75354019060446,1.3085874341866603,2.1698298316013225,-0.6368200822150998,-0.08752000248047737
6829.0,273.16,2.0,20.816566806821005,1.1397747053803102,20.816566806821005,1.1397747053803102,2.1662116939315696,-0.6368200822150998,-0.08752000248047737
6830.0,273.2,2.0,20.877939559392825,0.9697946920947393,20.877939559392825,0.9697946920947393,2.1626469720612818,-0.6368200822150998,-0.08752000248047737
6831.0,273.24,2.0,20.937641875980585,0.7986548930493336,20.937641875980585,0.7986548930493336,2.1591356659904584,-0.6368200822150998,-0.08752000248047737
6832.0,273.28000000000003,2.0,20.995657387853733,0.6263629703926349,20.995657387853733,0.6263629703926349,2.1556777757191004,-0.6368200822150998,-0.08752000248047737
6833.0,273.32,2.0,21.051969933243257,0.4529267487817619,21.051969933243257,0.4529267487817619,2.1522733012472073,-0.6368200822150998,-0.08752000248047737
6834.0,273.36,2.0,21.106563560660227,0.27835421443349134,21.106563560660227,0.27835421443349134,2.1489222425747796,-0.6368200822150998,-0.08752000248047737
6835.0,273.40000000000003,2.0,21.159422532179594,0.1026535141471547,21.159422532179594,0.1026535141471547,2.1456245997018164,-0.6368200822150998,-0.08752000248047737
6836.0,273.44,2.0,21.21053132668851,-0.07416704570048797,21.21053132668851,-0.07416704570048797,2.1423803726283186,-0.6368200822150998,-0.08752000248047737
6837.0,273.48,2.0,21.259874643098623,-0.25209900018823295,21.259874643098623,-0.25209900018823295,2.1391895613542853,-0.6368200822150998,-0.08752000248047737
6838.0,273.52,2.0,21.30743740352164,-0.4311337269111025,21.30743740352164,-0.4311337269111025,2.1360521658797174,-0.6368200822150998,-0.08752000248047737
6839.0,273.56,2.0,21.35320475640765,-0.6112624470685242,21.35320475640765,-0.6112624470685242,2.132968186204614,-0.6368200822150998,-0.08752000248047737
6840.0,273.6,2.0,21.39716207964545,-0.7924762265798375,21.39716207964545,-0.7924762265798375,2.129937622328976,-0.6368200822150998,-0.08752000248047737
6841.0,273.64,2.0,21.439294983624414,-0.9747659772269416,21.439294983624414,-0.9747659772269416,2.1269604742528028,-0.6368200822150998,-0.08752000248047737
6842.0,273.68,2.0,21.47958931425721,-1.158122457823891,21.47958931425721,-1.158122457823891,2.124036741976094,-0.6368200822150998,-0.08752000248047737
6843.0,273.72,2.0,21.518031155962824,-1.342536275413244,21.518031155962824,-1.342536275413244,2.121166425498851,-0.6368200822150998,-0.08752000248047737
6844.0,273.76,2.0,21.554606834609288,-1.5279978864889596,21.554606834609288,-1.5279978864889596,2.118349524821073,-0.6368200822150998,-0.08752000248047737
6845.0,273.8,2.0,21.589302920415577,-1.71449759824564,21.589302920415577,-1.71449759824564,2.1155860399427597,-0.6368200822150998,-0.08752000248047737
6846.0,273.84000000000003,2.0,21.62210623081199,-1.902025569853902,21.62210623081199,-1.902025569853902,2.1128759708639113,-0.6368200822150998,-0.08752000248047737
6847.0,273.88,2.0,21.653003833258673,-2.0905718137616613,21.653003833258673,-2.0905718137616613,2.1102193175845283,-0.6368200822150998,-0.08752000248047737
6848.0,273.92,2.0,21.681983048021475,-2.2801261970211173,21.681983048021475,-2.2801261970211173,2.1076160801046098,-0.6368200822150998,-0.08752000248047737
6849.0,273.96,2.0,21.70903145090478,-2.4706784426411947,21.70903145090478,-2.4706784426411947,2.1050662584241557,-0.6368200822150998,-0.08752000248047737
6850.0,274.0,2.0,21.734136875940735,-2.662218130965229,21.734136875940735,-2.662218130965229,2.1025698525431675,-0.6368200822150998,-0.08752000248047737
6851.0,274.04,2.0,21.757287418034284,-2.8547347010736472,21.757287418034284,-2.8547347010736472,2.1001268624616443,-0.6368200822150998,-0.08752000248047737
6852.0,274.08,2.0,21.77847143556354,-3.0482174522114085,21.77847143556354,-3.0482174522114085,2.097737288179586,-0.6368200822150998,-0.08752000248047737
6853.0,274.12,2.0,21.79767755293504,-3.2426555452399652,21.79767755293504,-3.2426555452399652,2.095401129696992,-0.6368200822150998,-0.08752000248047737
6854.0,274.16,2.0,21.814894663093206,-3.4380380041134804,21.814894663093206,-3.4380380041134804,2.0931183870138637,-0.6368200822150998,-0.08752000248047737
6855.0,274.2,2.0,21.830111929983758,-3.6343537173790574,21.830111929983758,-3.6343537173790574,2.0908890601302,-0.6368200822150998,-0.08752000248047737
6856.0,274.24,2.0,21.84331879097037,-3.8315914397007327,21.84331879097037,-3.8315914397007327,2.0887131490460016,-0.6368200822150998,-0.08752000248047737
6857.0,274.28000000000003,2.0,21.854504959204196,-4.0297397934069386,21.854504959204196,-4.0297397934069386,2.0865906537612684,-0.6368200822150998,-0.08752000248047737
6858.0,274.32,2.0,21.863660425945845,-4.228787270061208,21.863660425945845,-4.228787270061208,2.0845215742759997,-0.6368200822150998,-0.08752000248047737
6859.0,274.36,2.0,21.870775462839255,-4.42872223205581,21.870775462839255,-4.42872223205581,2.082505910590196,-0.6368200822150998,-0.08752000248047737
6860.0,274.40000000000003,2.0,21.875840624137005,-4.629532914228078,21.875840624137005,-4.629532914228078,2.080543662703857,-0.6368200822150998,-0.08752000248047737
6861.0,274.44,2.0,21.87884674887676,-4.831207425499115,21.87884674887676,-4.831207425499115,2.0786348306169837,-0.6368200822150998,-0.08752000248047737
6862.0,274.48,2.0,21.87978496300826,-5.033733750534616,21.87978496300826,-5.033733750534616,2.076779414329575,-0.6368200822150998,-0.08752000248047737
6863.0,274.52,2.0,21.878646681470475,-5.237099751427512,21.878646681470475,-5.237099751427512,2.0749774138416313,-0.6368200822150998,-0.08752000248047737
6864.0,274.56,2.0,21.875423610218608,-5.441293169402139,21.875423610218608,-5.441293169402139,2.0732288291531527,-0.6368200822150998,-0.08752000248047737
6865.0,274.6,2.0,21.87010774820041,-5.646301626539635,21.87010774820041,-5.646301626539635,2.0715336602641385,-0.6368200822150998,-0.08752000248047737
6866.0,274.64,2.0,21.862691389281466,-5.852112627524273,21.862691389281466,-5.852112627524273,2.06989190717459,-0.6368200822150998,-0.08752000248047737
6867.0,274.68,2.0,21.853167124119082,-6.0582371319745265,21.853167124119082,-6.0582371319745265,2.0683035698845065,-0.6368200822150998,-0.08752000248047737
6868.0,274.72,2.0,21.841527841984377,-6.264650984878917,21.841527841984377,-6.264650984878917,2.066768648393887,-0.6368200822150998,-0.08752000248047737
6869.0,274.76,2.0,21.827766732532226,-6.4713299149122285,21.827766732532226,-6.4713299149122285,2.0652871427027333,-0.6368200822150998,-0.08752000248047737
6870.0,274.8,2.0,21.81187728751866,-6.678249538364688,21.81187728751866,-6.678249538364688,2.0638590528110448,-0.6368200822150998,-0.08752000248047737
6871.0,274.84000000000003,2.0,21.793853302465454,-6.885385363095439,21.793853302465454,-6.885385363095439,2.0624843787188207,-0.6368200822150998,-0.08752000248047737
6872.0,274.88,2.0,21.77368887827146,-7.092712792509595,21.77368887827146,-7.092712792509595,2.0611631204260616,-0.6368200822150998,-0.08752000248047737
6873.0,274.92,2.0,21.751378422770472,-7.300207129558148,21.751378422770472,-7.300207129558148,2.059895277932768,-0.6368200822150998,-0.08752000248047737
6874.0,274.96,2.0,21.726916652235193,-7.507145009503798,21.726916652235193,-7.507145009503798,2.058680851238939,-0.6368200822150998,-0.08752000248047737
6875.0,275.0,2.0,21.700298592827107,-7.713515016479625,21.700298592827107,-7.713515016479625,2.057519840344575,-0.6368200822150998,-0.08752000248047737
6876.0,275.04,2.0,21.67151958199186,-7.9193057451453335,21.67151958199186,-7.9193057451453335,2.056412245249676,-0.6368200822150998,-0.08752000248047737
6877.0,275.08,2.0,21.640575269799925,-8.124505802815568,21.640575269799925,-8.124505802815568,2.0553580659542416,-0.6368200822150998,-0.08752000248047737
6878.0,275.12,2.0,21.607461620232275,-8.329103811590349,21.607461620232275,-8.329103811590349,2.0543573024582726,-0.6368200822150998,-0.08752000248047737
6879.0,275.16,2.0,21.572174912410745,-8.533088410487235,21.572174912410745,-8.533088410487235,2.0534099547617686,-0.6368200822150998,-0.08752000248047737
6880.0,275.2,2.0,21.534711741772895,-8.736448257574772,21.534711741772895,-8.736448257574772,2.0525160228647295,-0.6368200822150998,-0.08752000248047737
6881.0,275.24,2.0,21.49506902119106,-8.939172032106883,21.49506902119106,-8.939172032106883,2.0516755067671553,-0.6368200822150998,-0.08752000248047737
6882.0,275.28000000000003,2.0,21.45321797489119,-9.141248436657724,21.45321797489119,-9.141248436657724,2.051414380058086,-0.6368200822150998,-0.08752000248047737
6883.0,275.32,2.0,21.40919625661657,-9.34266619925667,21.40919625661657,-9.34266619925667,2.051966795237274,-0.6368200822150998,-0.08752000248047737
6884.0,275.36,2.0,21.36301593038085,-9.543414075522946,21.36301593038085,-9.543414075522946,2.0533324100858303,-0.6368200822150998,-0.08752000248047737
6885.0,275.40000000000003,2.0,21.314689474226135,-9.743480850799594,21.314689474226135,-9.743480850799594,2.0555108823848656,-0.6368200822150998,-0.08752000248047737
6886.0,275.44,2.0,21.26422977675577,-9.942855342286261,21.26422977675577,-9.942855342286261,2.0585018699154887,-0.6368200822150998,-0.08752000248047737
6887.0,275.48,2.0,21.211650133586883,-10.141526401170497,21.211650133586883,-10.141526401170497,2.0623050304588113,-0.6368200822150998,-0.08752000248047737
6888.0,275.52,2.0,21.156964243723525,-10.33948291475709,21.156964243723525,-10.33948291475709,2.066920021795943,-0.6368200822150998,-0.08752000248047737
6889.0,275.56,2.0,21.100186205851315,-10.536713808595076,21.100186205851315,-10.536713808595076,2.0721018896022425,-0.6368200822150998,-0.08752000248047737
6890.0,275.6,2.0,21.041330514554442,-10.733208048601986,21.041330514554442,-10.733208048601986,2.077334435456889,-0.6368200822150998,-0.08752000248047737
6891.0,275.64,2.0,20.980445623598563,-10.928954643184944,20.980445623598563,-10.928954643184944,2.0825971776926346,-0.6368200822150998,-0.08752000248047737
6892.0,275.68,2.0,20.916511389352355,-11.123942645358207,20.916511389352355,-11.123942645358207,2.087925988704699,-0.6368200822150998,-0.08752000248047737
6893.0,275.72,2.0,20.8495519145986,-11.318161154856721,20.8495519145986,-11.318161154856721,2.093320857301014,-0.6368200822150998,-0.08752000248047737
6894.0,275.76,2.0,20.779591710966795,-11.511599320245343,20.779591710966795,-11.511599320245343,2.098781772289515,-0.6368200822150998,-0.08752000248047737
6895.0,275.8,2.0,20.70735741860358,-11.704246341023254,20.70735741860358,-11.704246341023254,2.1042797703343874,-0.6368200822150998,-0.08752000248047737
6896.0,275.84000000000003,2.0,20.632210494417063,-11.896091469723215,20.632210494417063,-11.896091469723215,2.109846402352733,-0.6368200822150998,-0.08752000248047737
6897.0,275.88,2.0,20.55421450447904,-12.087124014005243,20.55421450447904,-12.087124014005243,2.1154842671179055,-0.6368200822150998,-0.08752000248047737
6898.0,275.92,2.0,20.473433383886558,-12.27733333874429,20.473433383886558,-12.27733333874429,2.121195963403258,-0.6368200822150998,-0.08752000248047737
6899.0,275.96,2.0,20.38993141974985,-12.46670886811158,20.38993141974985,-12.46670886811158,2.1269840899821455,-0.6368200822150998,-0.08752000248047737
6900.0,276.0,2.0,20.303773234138177,-12.655240087649121,20.303773234138177,-12.655240087649121,2.1328512456279207,-0.6368200822150998,-0.08752000248047737
6901.0,276.04,2.0,20.215023766994015,-12.842916546337069,20.215023766994015,-12.842916546337069,2.138800029113938,-0.6368200822150998,-0.08752000248047737
6902.0,276.08,2.0,20.12377426617072,-13.029727858653507,20.12377426617072,-13.029727858653507,2.144822921826443,-0.6368200822150998,-0.08752000248047737
6903.0,276.12,2.0,20.03005015315869,-13.215663706626255,20.03005015315869,-13.215663706626255,2.150932982144788,-0.6368200822150998,-0.08752000248047737
6904.0,276.16,2.0,19.93390302616621,-13.400713841876312,19.93390302616621,-13.400713841876312,2.1571331510612155,-0.6368200822150998,-0.08752000248047737
6905.0,276.2,2.0,19.835384640149414,-13.58486808765254,19.835384640149414,-13.58486808765254,2.16342636956797,-0.6368200822150998,-0.08752000248047737
6906.0,276.24,2.0,19.734546894032167,-13.768116340857206,19.734546894032167,-13.768116340857206,2.1698155786572944,-0.6368200822150998,-0.08752000248047737
6907.0,276.28000000000003,2.0,19.631441817980903,-13.950448574061964,19.631441817980903,-13.950448574061964,2.176303719321434,-0.6368200822150998,-0.08752000248047737
6908.0,276.32,2.0,19.526121560743928,-14.131854837513922,19.526121560743928,-14.131854837513922,2.1828937325526305,-0.6368200822150998,-0.08752000248047737
6909.0,276.36,2.0,19.41863837706428,-14.312325261131395,19.41863837706428,-14.312325261131395,2.189588559343129,-0.6368200822150998,-0.08752000248047737
6910.0,276.40000000000003,2.0,19.309044615175495,-14.491850056488943,19.309044615175495,-14.491850056488943,2.1963911406851713,-0.6368200822150998,-0.08752000248047737
6911.0,276.44,2.0,19.19735913724651,-14.670419518791345,19.19735913724651,-14.670419518791345,2.2033245570193607,-0.6368200822150998,-0.08752000248047737
6912.0,276.48,2.0,19.08466985971301,-14.848024028836077,19.08466985971301,-14.848024028836077,2.2103555347238317,-0.6368200822150998,-0.08752000248047737
6913.0,276.52,2.0,18.97102089325403,-15.024654054963973,18.97102089325403,-15.024654054963973,2.217430283072628,-0.6368200822150998,-0.08752000248047737
6914.0,276.56,2.0,18.856458971496586,-15.200300154997645,18.856458971496586,-15.200300154997645,2.224527949858523,-0.6368200822150998,-0.08752000248047737
6915.0,276.6,2.0,18.740329074554015,-15.374952978167318,18.740329074554015,-15.374952978167318,2.231651484385617,-0.6368200822150998,-0.08752000248047737
6916.0,276.64,2.0,18.623317116701966,-15.548603267023676,18.623317116701966,-15.548603267023676,2.23878263342579,-0.6368200822150998,-0.08752000248047737
6917.0,276.68,2.0,18.506017815235317,-15.721241859337384,18.506017815235317,-15.721241859337384,2.2459299111998976,-0.6368200822150998,-0.08752000248047737
6918.0,276.72,2.0,18.388433997956703,-15.892859689984881,18.388433997956703,-15.892859689984881,2.253093745223244,-0.6368200822150998,-0.08752000248047737
6919.0,276.76,2.0,18.270568345143943,-16.06344779282012,18.270568345143943,-16.06344779282012,2.260257579246589,-0.6368200822150998,-0.08752000248047737
6920.0,276.8,2.0,18.152423389142083,-16.232997302531846,18.152423389142083,-16.232997302531846,2.2674214132699353,-0.6368200822150998,-0.08752000248047737
6921.0,276.84000000000003,2.0,18.034001514122686,-16.401499456486075,18.034001514122686,-16.401499456486075,2.274585247293281,-0.6368200822150998,-0.08752000248047737
6922.0,276.88,2.0,17.915304956008484,-16.56894559655343,17.915304956008484,-16.56894559655343,2.281749081316627,-0.6368200822150998,-0.08752000248047737
6923.0,276.92,2.0,17.79633580256132,-16.735327170920932,17.79633580256132,-16.735327170920932,2.2889129153399725,-0.6368200822150998,-0.08752000248047737
6924.0,276.96,2.0,17.67709599363119,-16.900635735887967,17.67709599363119,-16.900635735887967,2.2960767493633183,-0.6368200822150998,-0.08752000248047737
6925.0,277.0,2.0,17.55756959473436,-17.06486295764598,17.55756959473436,-17.06486295764598,2.303240583386664,-0.6368200822150998,-0.08752000248047737
6926.0,277.04,2.0,17.437714684148112,-17.228000614041637,17.437714684148112,-17.228000614041637,2.31040441741001,-0.6368200822150998,-0.08752000248047737
6927.0,277.08,2.0,17.317504542232356,-17.390040596323086,17.317504542232356,-17.390040596323086,2.317568251433356,-0.6368200822150998,-0.08752000248047737
6928.0,277.12,2.0,17.196912608809036,-17.550974910868934,17.196912608809036,-17.550974910868934,2.3247320854567017,-0.6368200822150998,-0.08752000248047737
6929.0,277.16,2.0,17.075912497159074,-17.71079568089965,17.075912497159074,-17.71079568089965,2.3318959194800475,-0.6368200822150998,-0.08752000248047737
6930.0,277.2,2.0,16.954478007894245,-17.86949514817105,16.954478007894245,-17.86949514817105,2.3390597535033937,-0.6368200822150998,-0.08752000248047737
6931.0,277.24,2.0,16.832583142694304,-18.02706567464952,16.832583142694304,-18.02706567464952,2.3462235875267394,-0.6368200822150998,-0.08752000248047737
6932.0,277.28000000000003,2.0,16.710202117899886,-18.183499744168643,16.710202117899886,-18.183499744168643,2.353387421550085,-0.6368200822150998,-0.08752000248047737
6933.0,277.32,2.0,16.587284764262048,-18.338789964066923,16.587284764262048,-18.338789964066923,2.360551255573431,-0.6368200822150998,-0.08752000248047737
6934.0,277.36,2.0,16.463801167518096,-18.492929066806298,16.463801167518096,-18.492929066806298,2.3677150895967767,-0.6368200822150998,-0.08752000248047737
6935.0,277.40000000000003,2.0,16.33971566877298,-18.645909911571064,16.33971566877298,-18.645909911571064,2.3748789236201224,-0.6368200822150998,-0.08752000248047737
6936.0,277.44,2.0,16.215022817024295,-18.79772548584696,16.215022817024295,-18.79772548584696,2.382042757643468,-0.6368200822150998,-0.08752000248047737
6937.0,277.48,2.0,16.08968442757398,-18.948368906980065,16.08968442757398,-18.948368906980065,2.3892065916668144,-0.6368200822150998,-0.08752000248047737
6938.0,277.52,2.0,15.963662559266393,-19.09783342371521,15.963662559266393,-19.09783342371521,2.3963704256901597,-0.6368200822150998,-0.08752000248047737
6939.0,277.56,2.0,15.836915403009685,-19.24611241771362,15.836915403009685,-19.24611241771362,2.403534259713506,-0.6368200822150998,-0.08752000248047737
6940.0,277.6,2.0,15.709382447590803,-19.393199405049437,15.709382447590803,-19.393199405049437,2.4106980937368516,-0.6368200822150998,-0.08752000248047737
6941.0,277.64,2.0,15.58102968755066,-19.539088037684895,15.58102968755066,-19.539088037684895,2.4178619277601974,-0.6368200822150998,-0.08752000248047737
6942.0,277.68,2.0,15.451823398741533,-19.683772104923772,15.451823398741533,-19.683772104923772,2.425025761783543,-0.6368200822150998,-0.08752000248047737
6943.0,277.72,2.0,15.321730147214502,-19.827245534842927,15.321730147214502,-19.827245534842927,2.4321895958068893,-0.6368200822150998,-0.08752000248047737
6944.0,277.76,2.0,15.190716797874213,-19.96950239570155,15.190716797874213,-19.96950239570155,2.439353429830235,-0.6368200822150998,-0.08752000248047737
6945.0,277.8,2.0,15.058768249723833,-20.110536897327904,15.058768249723833,-20.110536897327904,2.4465172638535804,-0.6368200822150998,-0.08752000248047737
6946.0,277.84000000000003,2.0,14.925895557503736,-20.250343392483245,14.925895557503736,-20.250343392483245,2.4536810978769266,-0.6368200822150998,-0.08752000248047737
6947.0,277.88,2.0,14.792094751004685,-20.38891637820266,14.792094751004685,-20.38891637820266,2.4608449319002723,-0.6368200822150998,-0.08752000248047737
6948.0,277.92,2.0,14.657361886215847,-20.526250497112592,14.657361886215847,-20.526250497112592,2.468008765923618,-0.6368200822150998,-0.08752000248047737
6949.0,277.96,2.0,14.521693039739056,-20.662340538724706,14.521693039739056,-20.662340538724706,2.4751725999469643,-0.6368200822150998,-0.08752000248047737
6950.0,278.0,2.0,14.385070649835656,-20.79718144070593,14.385070649835656,-20.79718144070593,2.48233643397031,-0.6368200822150998,-0.08752000248047737
6951.0,278.04,2.0,14.247493250408557,-20.930768290124345,14.247493250408557,-20.930768290124345,2.4895002679936558,-0.6368200822150998,-0.08752000248047737
6952.0,278.08,2.0,14.108976997032208,-21.06309632467069,14.108976997032208,-21.06309632467069,2.4966641020170015,-0.6368200822150998,-0.08752000248047737
6953.0,278.12,2.0,13.96954082725122,-21.194160933855276,13.96954082725122,-21.194160933855276,2.5038279360403473,-0.6368200822150998,-0.08752000248047737
6954.0,278.16,2.0,13.829175095058675,-21.32395766018003,13.829175095058675,-21.32395766018003,2.510991770063693,-0.6368200822150998,-0.08752000248047737
6955.0,278.2,2.0,13.687895278640768,-21.45248220028542,13.687895278640768,-21.45248220028542,2.5181556040870388,-0.6368200822150998,-0.08752000248047737
6956.0,278.24,2.0,13.545695404162965,-21.579730406072052,13.545695404162965,-21.579730406072052,2.525319438110385,-0.6368200822150998,-0.08752000248047737
6957.0,278.28000000000003,2.0,13.402575920585251,-21.705698285796714,13.402575920585251,-21.705698285796714,2.5324832721337303,-0.6368200822150998,-0.08752000248047737
6958.0,278.32,2.0,13.25854657077717,-21.830382005142667,13.25854657077717,-21.830382005142667,2.5396471061570765,-0.6368200822150998,-0.08752000248047737
6959.0,278.36,2.0,13.113605230351276,-21.95377788826384,13.113605230351276,-21.95377788826384,2.546810940180422,-0.6368200822150998,-0.08752000248047737
6960.0,278.40000000000003,2.0,12.967792164059935,-22.075882418802927,12.967792164059935,-22.075882418802927,2.5539747742037684,-0.6368200822150998,-0.08752000248047737
6961.0,278.44,2.0,12.821106982784977,-22.196692240882985,12.821106982784977,-22.196692240882985,2.5611386082271137,-0.6368200822150998,-0.08752000248047737
6962.0,278.48,2.0,12.673567887893636,-22.3162041600724,12.673567887893636,-22.3162041600724,2.56830244225046,-0.6368200822150998,-0.08752000248047737
6963.0,278.52,2.0,12.52516911810563,-22.434415144323076,12.52516911810563,-22.434415144323076,2.5754662762738056,-0.6368200822150998,-0.08752000248047737
6964.0,278.56,2.0,12.375944450820151,-22.55132232488156,12.375944450820151,-22.55132232488156,2.5826301102971514,-0.6368200822150998,-0.08752000248047737
6965.0,278.6,2.0,12.225933191406657,-22.66692299717296,12.225933191406657,-22.66692299717296,2.589793944320497,-0.6368200822150998,-0.08752000248047737
6966.0,278.64,2.0,12.075174836449547,-22.781214621657497,12.075174836449547,-22.781214621657497,2.596957778343843,-0.6368200822150998,-0.08752000248047737
6967.0,278.68,2.0,11.923709068695945,-22.894194824659436,11.923709068695945,-22.894194824659436,2.6041216123671886,-0.6368200822150998,-0.08752000248047737
6968.0,278.72,2.0,11.771575751940526,-23.00586139916832,11.771575751940526,-23.00586139916832,2.6112854463905344,-0.6368200822150998,-0.08752000248047737
6969.0,278.76,2.0,11.618814925848833,-23.11621230561224,11.618814925848833,-23.11621230561224,2.6184492804138806,-0.6315209504527192,-0.08726197500565515
6970.0,278.8,2.0,11.465428808126076,-23.223890673967908,11.465428808126076,-23.223890673967908,2.6256131144372263,-0.6223887218679801,-0.08691704194436117
6971.0,278.84000000000003,2.0,11.3114478776923,-23.32775905434582,11.3114478776923,-23.32775905434582,2.632776948460572,-0.609423396460883,-0.08648520329659544
6972.0,278.88,2.0,11.156903920714077,-23.427804755719084,11.156903920714077,-23.427804755719084,2.6399407824839183,-0.5926249742314273,-0.08596645906235793
6973.0,278.92,2.0,11.001834162817987,-23.52401066239553,11.001834162817987,-23.52401066239553,2.6471046165072636,-0.5719934551796136,-0.08536080924164872
6974.0,278.96,2.0,10.846281952281027,-23.61637312437698,10.846281952281027,-23.61637312437698,2.6542684505306093,-0.5475288393054415,-0.08466825383446772
6975.0,279.0,2.0,10.690264821039305,-23.704892859041863,10.690264821039305,-23.704892859041863,2.661432284553955,-0.5204727137526914,-0.08388879284081498
6976.0,279.04,2.0,10.533827368238947,-23.78955855993709,10.533827368238947,-23.78955855993709,2.668596118577301,-0.4934165881999413,-0.08302242626069048
6977.0,279.08,2.0,10.377017568742541,-23.870362434953133,10.377017568742541,-23.870362434953133,2.675759952600647,-0.4663604626471913,-0.08206915409409422
6978.0,279.12,2.0,10.219863112975816,-23.94729712242301,10.219863112975816,-23.94729712242301,2.6829237866239932,-0.43930433709444117,-0.08078415433917863
6979.0,279.16,2.0,10.062417259184754,-24.020358643713763,10.062417259184754,-24.020358643713763,2.6900876206473385,-0.412248211541691,-0.07932818560710703
6980.0,279.2,2.0,9.904705684177664,-24.08953900339716,9.904705684177664,-24.08953900339716,2.6972514546706847,-0.38519208598894095,-0.07770124789787947
6981.0,279.24,2.0,9.746765008133703,-24.154819396535093,9.746765008133703,-24.154819396535093,2.70441528869403,-0.35813596043619084,-0.07590334121149594
6982.0,279.28000000000003,2.0,9.588613393902843,-24.216194382817136,9.588613393902843,-24.216194382817136,2.7115791227173762,-0.3310798348834407,-0.07382660383484552
6983.0,279.32,2.0,9.43029309423504,-24.27366342813155,9.43029309423504,-24.27366342813155,2.718742956740722,-0.3040237093306906,-0.0709161036309116
6984.0,279.36,2.0,9.271806944510953,-24.329498549689387,9.271806944510953,-24.329498549689387,2.7259067907640677,-0.27696758377794056,-0.06717184059969418
6985.0,279.40000000000003,2.0,9.113152367472143,-24.383702173610782,9.113152367472143,-24.383702173610782,2.7330706247874135,-0.2579250096565106,-0.06259381474119327
6986.0,279.44,2.0,8.954326703962343,-24.436276944261422,8.954326703962343,-24.436276944261422,2.7401810430112947,-0.24689598696640075,-0.05718202605540887
6987.0,279.48,2.0,8.795327211932337,-24.487225722807064,8.795327211932337,-24.487225722807064,2.74723804543571,-0.24388051570761107,-0.05093647454234096
6988.0,279.52,2.0,8.636151065476303,-24.536551585720108,8.636151065476303,-24.536551585720108,2.754241632060661,-0.2541777276425222,-0.04411518767681178
6989.0,279.56,2.0,8.476795353899966,-24.584257823238577,8.476795353899966,-24.584257823238577,2.761191802886147,-0.28162071959349244,-0.036805071045293083
6990.0,279.6,2.0,8.31730836474693,-24.630366709117304,8.31730836474693,-24.630366709117304,2.768088557912168,-0.32474345662049936,-0.028835002759434392
6991.0,279.64,2.0,8.157700961188665,-24.674879253652527,8.157700961188665,-24.674879253652527,2.774931897138724,-0.383545938723543,-0.020204982819235707
6992.0,279.68,2.0,7.997971004681585,-24.71781221621775,7.997971004681585,-24.71781221621775,2.781721820565815,-0.4580281659026233,-0.010915011224697034
6993.0,279.72,2.0,7.838122168354226,-24.759172272205276,7.838122168354226,-24.759172272205276,2.7884583281934407,-0.5481901381577403,-0.0009650879758183688
6994.0,279.76,2.0,7.678158009996206,-24.79896638438929,7.678158009996206,-24.79896638438929,2.7951414200216016,-0.6527902683451137,0.009644786927400287
6995.0,279.8,2.0,7.518088844711688,-24.837199899028757,7.518088844711688,-24.837199899028757,2.8017710960502984,-0.7692370467861656,0.020914613484958936
6996.0,279.84000000000003,1.0,7.357919006837828,-24.873889825942218,7.357919006837828,-24.873889825942218,2.8083473562795294,-0.8975304734808957,0.03284439169685757
6997.0,279.88,1.0,7.19764309184376,-24.909034876001606,7.19764309184376,-24.909034876001606,2.8148702007092954,-1.0376705484293043,0.0451892995612486
6998.0,279.92,0.0,7.037266737199615,-24.94264495515143,7.037266737199615,-24.94264495515143,2.821339629339597,-1.1869212060568433,0.05786527368744779
6999.0,279.96,0.0,6.876786045999996,-24.97472136678301,6.876786045999996,-24.97472136678301,2.827755642170432,-1.3457870482400787,0.07103307268661851
7000.0,280.0,1.0,6.716201317031205,-25.005273011231964,6.716201317031205,-25.005273011231964,2.8341182392018043,-1.5136069057939974,0.0849157014512429
7001.0,280.04,2.0,6.55551635789889,-25.034308061658685,6.55551635789889,-25.034308061658685,2.84042742043371,-1.6868071848417467,0.09940529826821003
7002.0,280.08,2.0,6.394734868390381,-25.061834920517462,6.394734868390381,-25.061834920517462,2.8466831858661514,-1.860007463889496,0.11383929235225337
7003.0,280.12,2.0,6.233860439835903,-25.087862217339836,6.233860439835903,-25.087862217339836,2.852885535499128,-2.033207742937245,0.12768785208837277
7004.0,280.16,2.0,6.072896554505327,-25.11239880647866,6.072896554505327,-25.11239880647866,2.8590344693326384,-2.198394470553674,0.1409509774765682
7005.0,280.2,2.0,5.911846585040555,-25.135453764813466,5.911846585040555,-25.135453764813466,2.8651299873666853,-2.355567646738783,0.15362866851683976
7006.0,280.24,2.0,5.750713793923699,-25.157036389417872,5.750713793923699,-25.157036389417872,2.8711720896012665,-2.504727271492572,0.16547259672982775
7007.0,280.28000000000003,2.0,5.589501332981183,-25.177156195189646,5.589501332981183,-25.177156195189646,2.8771607760363827,-2.6458733448150404,0.17648276211553227
7008.0,280.32,2.0,5.428212242923841,-25.195822912444157,5.428212242923841,-25.195822912444157,2.883096046672034,-2.7737067349438087,0.18691719214877553
7009.0,280.36,2.0,5.266849452923112,-25.213046484471942,5.266849452923112,-25.213046484471942,2.8889779015082206,-2.889693476818898,0.19660476494120702
7010.0,280.40000000000003,2.0,5.105416142259517,-25.22884236037696,5.105416142259517,-25.22884236037696,2.894806340544942,-2.9938335704403087,0.20554548049282678
7011.0,280.44,2.0,4.943908533677367,-25.24322985707435,4.943908533677367,-25.24322985707435,2.9005648075329606,-3.0846102033760823,0.2137393388036348
7012.0,280.48,2.0,4.782316886582427,-25.256209885701555,4.782316886582427,-25.256209885701555,2.9062461154744996,-3.154056813654078,0.22118633987363104
7013.0,280.52,2.0,4.621319493325213,-25.267792600963105,4.621319493325213,-25.267792600963105,2.911848139875376,-3.2026525422282504,0.22788648370281553
7014.0,280.56,2.0,4.4609309613240535,-25.2779883337534,4.4609309613240535,-25.2779883337534,2.9173738300396868,-3.2303973890986,0.23383977029118838
7015.0,280.6,2.0,4.301165736289301,-25.2868075885736,4.301165736289301,-25.2868075885736,2.922806290505232,-3.237291354265126,0.23845891910099007
7016.0,280.64,2.0,4.142038100013566,-25.29426104091863,4.142038100013566,-25.29426104091863,2.9274283341481686,-3.22333443772783,0.2417350236112645
7017.0,280.68,2.0,3.983562168205757,-25.30048248344971,3.983562168205757,-25.30048248344971,2.9312399609684965,-3.1912627050612588,0.24391290582385924
7018.0,280.72,2.0,3.82575188836931,-25.30550162955985,3.82575188836931,-25.30550162955985,2.9348186423877283,-3.1405715543888455,0.24483180712761088
7019.0,280.76,2.0,3.6686210377250035,-25.30932514801615,3.6686210377250035,-25.30932514801615,2.9383439080074942,-3.071922154895605,0.24426872263003732
7020.0,280.8,2.0,3.512183221178687,-25.311959875187554,3.512183221178687,-25.311959875187554,2.9418157578277957,-2.9877495148682085,0.2416985138531008
7021.0,280.84000000000003,2.0,3.3564518693342964,-25.313412814268144,3.3564518693342964,-25.313412814268144,2.945234191848632,-2.8936987209429623,0.23728230987608037
7022.0,280.88,2.0,3.201440236552458,-25.313691134471362,3.201440236552458,-25.313691134471362,2.9485992100700034,-2.7908175399335327,0.23156525697900288
7023.0,280.92,2.0,3.0471613990550304,-25.31280217019536,3.0471613990550304,-25.31280217019536,2.9519108124919096,-2.679952746966176,0.22452225463985176
7024.0,280.96,2.0,2.893628253075863,-25.310753420159532,2.893628253075863,-25.310753420159532,2.9551689991143513,-2.561104342040892,0.216153302858627
7025.0,281.0,2.0,2.740853513058084,-25.3075525465124,2.740853513058084,-25.3075525465124,2.9583737699373276,-2.4342723251576803,0.2067067301146883
7026.0,281.04,2.0,2.5888497098981804,-25.303207373911103,2.5888497098981804,-25.303207373911103,2.9615251249608394,-2.299688628044291,0.19614801674086108
7027.0,281.08,2.0,2.437629189237141,-25.297725888572405,2.437629189237141,-25.297725888572405,2.964623064184886,-2.1568070470433853,0.1845851862712201
7028.0,281.12,2.0,2.287204109798914,-25.29111623729564,2.287204109798914,-25.29111623729564,2.967667587609467,-2.005627582154963,0.17201823870576521
7029.0,281.16,2.0,2.137586441776419,-25.283386726457568,2.137586441776419,-25.283386726457568,2.970658695234584,-1.8461502333790245,0.15844717404449657
7030.0,281.2,1.0,1.9887879652653275,-25.274519359208202,1.9887879652653275,-25.274519359208202,2.973596387060236,-1.6798918131475293,0.1438719922874141
7031.0,281.24,0.0,1.8408202687458324,-25.264520192226318,1.8408202687458324,-25.264520192226318,2.9764806630864222,-1.5148188834326173,0.1282926934345178
7032.0,281.28000000000003,0.0,1.6936947476126003,-25.25339554331263,1.6936947476126003,-25.25339554331263,2.979311523313144,-1.3584188652524736,0.11241745132835633
7033.0,281.32,0.0,1.5474226027530866,-25.24115199066251,1.5474226027530866,-25.24115199066251,2.9820889677404008,-1.2102126176531434,0.09654220922219485
7034.0,281.36,0.0,1.4020148391743843,-25.22783034021061,1.4020148391743843,-25.22783034021061,2.9848129963681918,-1.070200140634627,0.08125424765379267
7035.0,281.40000000000003,0.0,1.2574822646787638,-25.213407991674163,1.2574822646787638,-25.213407991674163,2.9874836091965187,-0.9383814341969245,0.06656247314410604
7036.0,281.44,0.0,1.113835488588044,-25.197890066710627,1.113835488588044,-25.197890066710627,2.9901008062253807,-0.8147564983400357,0.05246688569313499
7037.0,281.48,0.0,0.9710849205169216,-25.181284070257373,0.9710849205169216,-25.181284070257373,2.9926645874547773,-0.6983011477976802,0.03896748530087948
7038.0,281.52,1.0,0.8292407691953778,-25.163610806017044,0.8292407691953778,-25.163610806017044,2.9951749528847094,-0.5887622393552379,0.026064271967339528
7039.0,281.56,1.0,0.6883130413402571,-25.144896238769924,0.6883130413402571,-25.144896238769924,2.9976319025151765,-0.4876677872662995,0.014282384170553039
7040.0,281.6,0.0,0.5483115405761101,-25.125119363224204,0.5483115405761101,-25.125119363224204,3.000035436346178,-0.39645148907521066,0.003568331479490611
7041.0,281.64,0.0,0.409245866405374,-25.104288593283556,0.409245866405374,-25.104288593283556,3.0023855543777143,-0.31406557796830514,-0.006093200770874236
7042.0,281.68,0.0,0.271125413227947,-25.082425646246445,0.271125413227947,-25.082425646246445,3.004682256609787,-0.23966327881932692,-0.014359021619585043
7043.0,281.72,0.0,0.13395936941020656,-25.05956220398497,0.13395936941020656,-25.05956220398497,3.006925543042393,-0.17324459162827593,-0.02122768350230317
7044.0,281.76,1.0,-0.0022432835964950634,-25.03567300740235,-0.0022432835964950634,-25.03567300740235,3.0091154136755356,-0.11480951639515223,-0.026686699899310554
7045.0,281.8,0.0,-0.1374737720878415,-25.010767358970977,-0.1374737720878415,-25.010767358970977,3.0112518685092122,-0.06412612139220687,-0.03070518686210556
7046.0,281.84000000000003,0.0,-0.2717235308890608,-24.984885911995185,-0.2717235308890608,-24.984885911995185,3.013334907543425,-0.021740610276777733,-0.033715525680517465
7047.0,281.88,0.0,-0.4049842040879396,-24.958028993752993,-0.4049842040879396,-24.958028993752993,3.0153645307781716,0.012347016951135195,-0.035721747403115546
7048.0,281.92,0.0,-0.537247645718364,-24.930186074808194,-0.537247645718364,-24.930186074808194,3.017340738213454,0.0381367602915319,-0.03672385202989983
7049.0,281.96,0.0,-0.6685059203944216,-24.901376833096343,-0.6685059203944216,-24.901376833096343,3.0192635298492707,0.05416364202262955,-0.03672183956087029
7050.0,282.0,0.0,-0.7987513038951095,-24.871647450142042,-0.7987513038951095,-24.871647450142042,3.0211329056856226,0.06146382693463512,-0.035715709996026926
7051.0,282.04,0.0,-0.9279762836997137,-24.84096415031054,-0.9279762836997137,-24.84096415031054,3.02294886572251,0.06843268993126442,-0.03441363717791838
7052.0,282.08,0.0,-1.0561735594739277,-24.809347958950973,-1.0561735594739277,-24.809347958950973,3.024711409959932,0.07459109005856283,-0.03311156435980983
7053.0,282.12,0.0,-1.183336043506801,-24.77684579609507,-1.183336043506801,-24.77684579609507,3.026420538397889,0.07993902731653035,-0.031809491541701276
7054.0,282.16,0.0,-1.3094568610986164,-24.74347607579236,-1.3094568610986164,-24.74347607579236,3.028076251036381,0.084476501705167,-0.030507418723592732
7055.0,282.2,1.0,-1.4345293508998074,-24.709201855621412,-1.4345293508998074,-24.709201855621412,3.0296785478754082,0.08820351322447274,-0.02920534590548418
7056.0,282.24,1.0,-1.5585470652010422,-24.67403089464068,-1.5585470652010422,-24.67403089464068,3.03122742891497,0.0900958766081672,-0.028164346781874048
7057.0,282.28000000000003,1.0,-1.681503770174614,-24.638023040543175,-1.681503770174614,-24.638023040543175,3.032722894155068,0.08990044864163026,-0.027515981762537157
7058.0,282.32,1.0,-1.8033934460672847,-24.60115201408674,-1.8033934460672847,-24.60115201408674,3.0341649435957003,0.08800665798827156,-0.027279755397068547
7059.0,282.36,0.0,-1.9242102873447486,-24.563420396236513,-1.9242102873447486,-24.563420396236513,3.0355535772368674,0.08611286733491286,-0.0274763335591314
7060.0,282.40000000000003,1.0,-2.043948702787893,-24.52489024647521,-2.043948702787893,-24.52489024647521,3.0368887950785695,0.08468160922674346,-0.028116064513277774
7061.0,282.44,1.0,-2.1626033155410385,-24.48553310741678,-2.1626033155410385,-24.48553310741678,3.038170597120807,0.08392184742910047,-0.029544910719665873
7062.0,282.48,1.0,-2.2801689631123687,-24.445352989567137,-2.2801689631123687,-24.445352989567137,3.039398983363579,0.08438500182628834,-0.031786638371756305
7063.0,282.52,1.0,-2.3966406973267538,-24.404419486566177,-2.3966406973267538,-24.404419486566177,3.0405739538068866,0.08654667248296921,-0.034865913757981905
7064.0,282.56,1.0,-2.512013784231196,-24.36269084575883,-2.512013784231196,-24.36269084575883,3.0416955084507293,0.09060446395942619,-0.03879780952117584
7065.0,282.6,1.0,-2.626283703953139,-24.320187828401508,-2.626283703953139,-24.320187828401508,3.0427636472951063,0.09680735281031487,-0.0432653080433919
7066.0,282.64,1.0,-2.739446150511878,-24.27696329255255,-2.739446150511878,-24.27696329255255,3.0437783703400187,0.10519484166697698,-0.0482778562914167
7067.0,282.68,1.0,-2.851497031583349,-24.23368009547783,-2.851497031583349,-24.23368009547783,3.0447396775854667,0.11588442619958761,-0.05382653015170006
7068.0,282.72,1.0,-2.962432468218546,-24.19036358913532,-2.962432468218546,-24.19036358913532,3.045647569031449,0.13089708239363126,-0.05990385893966812
7069.0,282.76,0.0,-3.072248794515881,-24.147021920873232,-3.072248794515881,-24.147021920873232,3.0465020446779665,0.14952614009925558,-0.06649072304928928
7070.0,282.8,0.0,-3.180942557247744,-24.103622074621043,-3.180942557247744,-24.103622074621043,3.047303104525019,0.17194359342251445,-0.07358053774107012
7071.0,282.84000000000003,0.0,-3.288510515441609,-24.060208386779053,-3.288510515441609,-24.060208386779053,3.0480507485726065,0.19598511800973908,-0.08069456436051625
7072.0,282.88,0.0,-3.3949496399159687,-24.016750758351957,-3.3949496399159687,-24.016750758351957,3.048744976820729,0.22165071386092955,-0.08783280290762772
7073.0,282.92,0.0,-3.5002571127714557,-23.973244231113497,-3.5002571127714557,-23.973244231113497,3.0493857892693867,0.24894038097608584,-0.0949952533824045
7074.0,282.96,0.0,-3.6044303268374662,-23.929729318369226,-3.6044303268374662,-23.929729318369226,3.0499731859185792,0.2778541193552078,-0.10218191578484659
7075.0,283.0,1.0,-3.7074408779304084,-23.886157720598224,-3.7074408779304084,-23.886157720598224,3.050497049381198,0.3075119360340508,-0.10913171642045556
7076.0,283.04,1.0,-3.809326681369339,-23.842562669237143,-3.809326681369339,-23.842562669237143,3.0509678392632416,0.3371697527128938,-0.11571309487945665
7077.0,283.08,1.0,-3.9100999510939265,-23.79893508651859,-3.9100999510939265,-23.79893508651859,3.051385897783599,0.3668275693917367,-0.12197372198720169
7078.0,283.12,0.0,-4.009773201801119,-23.75529722788004,-4.009773201801119,-23.75529722788004,3.0517515671611615,0.3964853860705797,-0.12788943776932157
7079.0,283.16,0.0,-4.1083592438707175,-23.711617938934573,-4.1083592438707175,-23.711617938934573,3.052065189614818,0.4256806702042334,-0.13345290044205707
7080.0,283.2,1.0,-4.205871178225504,-23.667935171458442,-4.205871178225504,-23.667935171458442,3.052327107363457,0.45420445802736065,-0.13863623798419
7081.0,283.24,1.0,-4.302322391127374,-23.624198118813847,-4.302322391127374,-23.624198118813847,3.05253766262597,0.481505329655657,-0.14341713176659834
7082.0,283.28000000000003,1.0,-4.397726548910917,-23.580438848190404,-4.397726548910917,-23.580438848190404,3.0526971976212467,0.5071076850244605,-0.14775353006183947
7083.0,283.32,1.0,-4.4920975926559015,-23.536648508620456,-4.4920975926559015,-23.536648508620456,3.0528060545681757,0.5308139195734877,-0.1516159923040313
7084.0,283.36,1.0,-4.585483299942796,-23.492813479708214,-4.585483299942796,-23.492813479708214,3.0528847151340055,0.5523750567480834,-0.15499095651357747
7085.0,283.40000000000003,1.0,-4.676862726764655,-23.448970949331624,-4.676862726764655,-23.448970949331624,3.052897306923517,0.5712942705132333,-0.15785396881864083
7086.0,283.44,0.0,-4.766259049846794,-23.40507742133133,-4.766259049846794,-23.40507742133133,3.052843841128777,0.5874468276731993,-0.1602108424118777
7087.0,283.48,0.0,-4.853695727606853,-23.361170823128308,-4.853695727606853,-23.361170823128308,3.0527243289418524,0.6002854000407342,-0.16206356004962116
7088.0,283.52,0.0,-4.939898218372139,-23.317227586907418,-4.939898218372139,-23.317227586907418,3.0525677336985546,0.6094804929754833,-0.163431241337903
7089.0,283.56,0.0,-5.0242266671908045,-23.27325357215858,-5.0242266671908045,-23.27325357215858,3.0523425044817842,0.614431299439817,-0.16432047101621652
7090.0,283.6,0.0,-5.106743196821536,-23.22926201246384,-5.106743196821536,-23.22926201246384,3.052046042518188,0.6173021437874039,-0.16520998773905612
7091.0,283.64,0.0,-5.18751016620367,-23.185224695811947,-5.18751016620367,-23.185224695811947,3.051675749034411,0.6180930260182441,-0.16609979150642185
7092.0,283.68,0.0,-5.266590152075435,-23.141186291825083,-5.266590152075435,-23.141186291825083,3.0512290252570984,0.6168039461323376,-0.1669898823183136
7093.0,283.72,0.0,-5.3440459305722525,-23.09710261622234,-5.3440459305722525,-23.09710261622234,3.050703272412899,0.6134349041296844,-0.16788026017473145
7094.0,283.76,0.0,-5.41994045881629,-23.053006072371996,-5.41994045881629,-23.053006072371996,3.050095891728457,0.6088658929745293,-0.1687709250756754
7095.0,283.8,1.0,-5.494362863652755,-23.008878790352124,-5.494362863652755,-23.008878790352124,3.0494144018175273,0.6038409909665933,-0.1696618770211454
7096.0,283.84000000000003,1.0,-5.567336306098656,-22.964727052247778,-5.567336306098656,-22.964727052247778,3.048645744300759,0.5983601981058764,-0.17048594063619457
7097.0,283.88,1.0,-5.638909983170636,-22.920557920528793,-5.638909983170636,-22.920557920528793,3.047786978185907,0.5928526030225563,-0.17122344130049164
7098.0,283.92,0.0,-5.708967465591677,-22.876371883178518,-5.708967465591677,-22.876371883178518,3.0468067209387253,0.5873229362476652,-0.17187069296402202
7099.0,283.96,0.0,-5.777552922595727,-22.83216894019693,-5.777552922595727,-22.83216894019693,3.045702031566972,0.5817932694727741,-0.17242704494485328
7100.0,284.0,0.0,-5.844713032922041,-22.787962901598707,-5.844713032922041,-22.787962901598707,3.0444699690784027,0.576263602697883,-0.17289249724298542
7101.0,284.04,0.0,-5.910491929591767,-22.743753767383843,-5.910491929591767,-22.743753767383843,3.043107592480773,0.570733935922992,-0.1732969218171463
7102.0,284.08,0.0,-5.9749362311494965,-22.699525600232946,-5.9749362311494965,-22.699525600232946,3.0416119607818404,0.5652042691481008,-0.1736510508717121
7103.0,284.12,0.0,-6.038089987538097,-22.655278400146013,-6.038089987538097,-22.655278400146013,3.03998013298936,0.5596746023732099,-0.17396110624847066
7104.0,284.16,0.0,-6.099966142546151,-22.61102969818144,-6.099966142546151,-22.61102969818144,3.038189028662732,0.5546022590019909,-0.17423806380390333
7105.0,284.2,0.0,-6.161644035450075,-22.566779494339233,-6.161644035450075,-22.566779494339233,3.03627192142382,0.5499944765600074,-0.17448503445890395
7106.0,284.24,0.0,-6.223161579175612,-22.522512771913433,-6.223161579175612,-22.522512771913433,3.034282601998581,0.545842584970805,-0.17470750614171324
7107.0,284.28000000000003,0.0,-6.284556655235602,-22.47822953090404,-6.284556655235602,-22.47822953090404,3.03224192259424,0.5421465842343833,-0.17490547885233107
7108.0,284.32,0.0,-6.345167769643671,-22.433941126487777,-6.345167769643671,-22.433941126487777,3.0301469339066993,0.5389064743507428,-0.1750789525907575
7109.0,284.36,0.0,-6.405666800905142,-22.389647558664638,-6.405666800905142,-22.389647558664638,3.028015889164077,0.5361222553198831,-0.17522792735699258
7110.0,284.40000000000003,0.0,-6.4660592333020395,-22.345342189862546,-6.4660592333020395,-22.345342189862546,3.025840274145518,0.5337939271418043,-0.1753524031510362
7111.0,284.44,0.0,-6.526347894636996,-22.3010250200815,-6.526347894636996,-22.3010250200815,3.0236196613357187,0.5319214898165064,-0.1754523799728885
7112.0,284.48,0.0,-6.586537969299564,-22.256699893280064,-6.586537969299564,-22.256699893280064,3.021370606983917,0.5305049433439895,-0.17552785782254937
7113.0,284.52,0.0,-6.646631989634792,-22.212366809458242,-6.646631989634792,-22.212366809458242,3.0190931110901134,0.5295442877242535,-0.17557883670001886
7114.0,284.56,0.0,-6.706634837512285,-22.16802581736996,-6.706634837512285,-22.16802581736996,3.016787173654308,0.5290395229572985,-0.17560531660529693
7115.0,284.6,0.0,-6.766548748854774,-22.123676917015217,-6.766548748854774,-22.123676917015217,3.014509677760505,0.5289906490431243,-0.1756072975383836
7116.0,284.64,0.0,-6.826378301715832,-22.079318065598137,-6.826378301715832,-22.079318065598137,3.0122606234087037,0.5289685773515533,-0.17560794822031608
7117.0,284.68,0.0,-6.886125435945464,-22.03494926311871,-6.886125435945464,-22.03494926311871,3.0100400105989045,0.5289685773515533,-0.17560794822031608
7118.0,284.72,0.0,-6.945776698954316,-21.99057568794579,-6.945776698954316,-21.99057568794579,3.0078478393311068,0.5289685773515533,-0.17560794822031608
7119.0,284.76,0.0,-7.0052901690196725,-21.946197340079365,-7.0052901690196725,-21.946197340079365,3.0056841096053115,0.5289685773515533,-0.17560794822031608
7120.0,284.8,0.0,-7.064641599009335,-21.901807778064466,-7.064641599009335,-21.901807778064466,3.003548821421519,0.5289685773515533,-0.17560794822031608
7121.0,284.84000000000003,0.0,-7.12380442874525,-21.857407001901095,-7.12380442874525,-21.857407001901095,3.0014419747797274,0.5289685773515533,-0.17560794822031608
7122.0,284.88,0.0,-7.182754733642815,-21.813003899487494,-7.182754733642815,-21.813003899487494,2.999363569679939,0.5289685773515533,-0.17560794822031608
7123.0,284.92,0.0,-7.241466314313805,-21.768598470823672,-7.241466314313805,-21.768598470823672,2.997313606122152,0.5289685773515533,-0.17560794822031608
7124.0,284.96,0.0,-7.299915623214673,-21.72418122701704,-7.299915623214673,-21.72418122701704,2.995292084106367,0.5289685773515533,-0.17560794822031608
7125.0,285.0,0.0,-7.3580768766860425,-21.6797521680676,-7.3580768766860425,-21.6797521680676,2.9932990036325844,0.5289685773515533,-0.17560794822031608
7126.0,285.04,0.0,-7.415902343916368,-21.635322608425525,-7.415902343916368,-21.635322608425525,2.991334364700804,0.5289685773515533,-0.17560794822031608
7127.0,285.08,0.0,-7.4733621106429515,-21.59089254809081,-7.4733621106429515,-21.59089254809081,2.989398167311025,0.5289685773515533,-0.17560794822031608
7128.0,285.12,0.0,-7.530422943090517,-21.54645143705608,-7.530422943090517,-21.54645143705608,2.987490411463249,0.5289685773515533,-0.17560794822031608
7129.0,285.16,0.0,-7.587079390256659,-21.50199927532132,-7.587079390256659,-21.50199927532132,2.9856110971574736,0.5289685773515533,-0.17560794822031608
7130.0,285.2,0.0,-7.643295678270663,-21.45754634115236,-7.643295678270663,-21.45754634115236,2.983760224393702,0.5289685773515533,-0.17560794822031608
7131.0,285.24,0.0,-7.699033865976878,-21.413092634549184,-7.699033865976878,-21.413092634549184,2.9819377931719315,0.5289685773515533,-0.17560794822031608
7132.0,285.28000000000003,0.0,-7.754254539847386,-21.368629954740108,-7.754254539847386,-21.368629954740108,2.980143803492163,0.5289685773515533,-0.17560794822031608
7133.0,285.32,0.0,-7.808897188669128,-21.324158301725134,-7.808897188669128,-21.324158301725134,2.9783782553543974,0.5289685773515533,-0.17560794822031608
7134.0,285.36,0.0,-7.86293018631669,-21.27968508693723,-7.86293018631669,-21.27968508693723,2.9766411487586333,0.5289685773515533,-0.17560794822031608
7135.0,285.40000000000003,0.0,-7.916319808642341,-21.235210310376402,-7.916319808642341,-21.235210310376402,2.9749324837048707,0.5289685773515533,-0.17560794822031608
7136.0,285.44,0.0,-7.969034983838203,-21.190728694271613,-7.969034983838203,-21.190728694271613,2.973252260193111,0.5289685773515533,-0.17560794822031608
7137.0,285.48,0.0,-8.02104257680891,-21.146240238622855,-8.02104257680891,-21.146240238622855,2.9716004782233534,0.5289685773515533,-0.17560794822031608
7138.0,285.52,0.0,-8.072329830548426,-21.10174984684362,-8.072329830548426,-21.10174984684362,2.9699771377955972,0.5289685773515533,-0.17560794822031608
7139.0,285.56,0.0,-8.122907799797122,-21.0572575189339,-8.122907799797122,-21.0572575189339,2.9683822389098435,0.5289685773515533,-0.17560794822031608
7140.0,285.6,0.0,-8.172774839233796,-21.012760108749838,-8.172774839233796,-21.012760108749838,2.9668157815660923,0.5289685773515533,-0.17560794822031608
7141.0,285.64,0.0,-8.221927004847613,-20.96825761629143,-8.221927004847613,-20.96825761629143,2.965277765764342,0.5289685773515533,-0.17560794822031608
7142.0,285.68,0.0,-8.270362678078577,-20.923753159378204,-8.270362678078577,-20.923753159378204,2.963768191504595,0.5289685773515533,-0.17560794822031608
7143.0,285.72,0.0,-8.318064297188029,-20.879246738010156,-8.318064297188029,-20.879246738010156,2.9622870587868495,0.5289685773515533,-0.17560794822031608
7144.0,285.76,0.0,-8.365032679925768,-20.834736683505472,-8.365032679925768,-20.834736683505472,2.9608343676111057,0.5289685773515533,-0.17560794822031608
7145.0,285.8,0.0,-8.411283981866253,-20.790222995864152,-8.411283981866253,-20.790222995864152,2.9594101179773644,0.5289685773515533,-0.17560794822031608
7146.0,285.84000000000003,0.0,-8.456839402474332,-20.745707592411403,-8.456839402474332,-20.745707592411403,2.9580143098856255,0.5289685773515533,-0.17560794822031608
7147.0,285.88,0.0,-8.501689295743079,-20.701193904770083,-8.501689295743079,-20.701193904770083,2.956646943335888,0.5289685773515533,-0.17560794822031608
7148.0,285.92,0.0,-8.545851378923219,-20.65668581472022,-8.545851378923219,-20.65668581472022,2.9553080183281533,0.5289685773515533,-0.17560794822031608
7149.0,285.96,0.0,-8.589319678180225,-20.612183322261814,-8.589319678180225,-20.612183322261814,2.9539975348624203,0.5289685773515533,-0.17560794822031608
7150.0,286.0,0.0,-8.632096857760457,-20.567687848208234,-8.632096857760457,-20.567687848208234,2.952715492938689,0.5289685773515533,-0.17560794822031608
7151.0,286.04,0.0,-8.674192660533464,-20.523199392559476,-8.674192660533464,-20.523199392559476,2.9514618925569605,0.5289685773515533,-0.17560794822031608
7152.0,286.08,0.0,-8.715607152704543,-20.47871933822761,-8.715607152704543,-20.47871933822761,2.9502367337172335,0.5289685773515533,-0.17560794822031608
7153.0,286.12,0.0,-8.75638059902606,-20.43424768521263,-8.75638059902606,-20.43424768521263,2.9490400164195085,0.5289685773515533,-0.17560794822031608
7154.0,286.16,0.0,-8.7988064461747,-20.38978577783776,-8.7988064461747,-20.38978577783776,2.947988085229413,0.5289685773515533,-0.17560794822031608
7155.0,286.2,0.0,-8.842902895517701,-20.345333616103,-8.842902895517701,-20.345333616103,2.9470809401469467,0.5289685773515533,-0.17560794822031608
7156.0,286.24,0.0,-8.888668787866843,-20.30089250506827,-8.888668787866843,-20.30089250506827,2.946317671468326,0.5289685773515533,-0.17560794822031608
7157.0,286.28000000000003,0.0,-8.936137900621322,-20.256462444733554,-8.936137900621322,-20.256462444733554,2.9456982791935515,0.5289685773515533,-0.17560794822031608
7158.0,286.32,0.0,-8.985353955466069,-20.211979769779543,-8.985353955466069,-20.211979769779543,2.94522185361884,0.5289685773515533,-0.17560794822031608
7159.0,286.36,0.0,-9.03635644898548,-20.167419848535342,-9.03635644898548,-20.167419848535342,2.9448883947441913,0.5289685773515533,-0.17560794822031608
7160.0,286.40000000000003,0.0,-9.08918929516462,-20.12238147132982,-9.08918929516462,-20.12238147132982,2.9446969928658224,0.5289685773515533,-0.17560794822031608
7161.0,286.44,0.0,-9.143892357798167,-20.076864638162984,-9.143892357798167,-20.076864638162984,2.9446476479837336,0.5289685773515533,-0.17560794822031608
7162.0,286.48,0.0,-9.200509723459934,-20.030851946125384,-9.200509723459934,-20.030851946125384,2.944739450394141,0.5289685773515533,-0.17560794822031608
7163.0,286.52,0.0,-9.259043609855135,-19.985698393852154,-9.259043609855135,-19.985698393852154,2.944972400097045,0.5289685773515533,-0.17560794822031608
7164.0,286.56,0.0,-9.319528359278815,-19.942522350384845,-9.319528359278815,-19.942522350384845,2.9453455873886627,0.5289685773515533,-0.17560794822031608
7165.0,286.6,0.0,-9.381995757897542,-19.90133497385223,-9.381995757897542,-19.90133497385223,2.9458590122689943,0.5289685773515533,-0.17560794822031608
7166.0,286.64,0.0,-9.44648671202425,-19.86213466626964,-9.44648671202425,-19.86213466626964,2.946511765034256,0.5289685773515533,-0.17560794822031608
7167.0,286.68,0.0,-9.51304456993594,-19.82492388586716,-9.51304456993594,-19.82492388586716,2.947303845684448,0.5289685773515533,-0.17560794822031608
7168.0,286.72,0.0,-9.581690362458971,-19.78968357405234,-9.581690362458971,-19.78968357405234,2.9482343445157877,0.5289685773515533,-0.17560794822031608
7169.0,286.76,0.0,-9.652468688739477,-19.756424189050193,-9.652468688739477,-19.756424189050193,2.949303261528274,0.5289685773515533,-0.17560794822031608
7170.0,286.8,0.0,-9.725430841674362,-19.725135559261627,-9.725430841674362,-19.725135559261627,2.950509687018125,0.5289685773515533,-0.17560794822031608
7171.0,286.84000000000003,0.0,-9.800604511689361,-19.69582454384344,-9.800604511689361,-19.69582454384344,2.9518536209853403,0.5289685773515533,-0.17560794822031608
7172.0,286.88,0.0,-9.878046095196272,-19.668477540016085,-9.878046095196272,-19.668477540016085,2.953334153726136,0.5289685773515533,-0.17560794822031608
7173.0,286.92,0.0,-9.957781269003398,-19.643102388359203,-9.957781269003398,-19.643102388359203,2.954951285240513,0.5289685773515533,-0.17560794822031608
7174.0,286.96,0.0,-10.039849612621557,-19.619700699230567,-10.039849612621557,-19.619700699230567,2.9567041058246883,0.5289685773515533,-0.17560794822031608
7175.0,287.0,0.0,-10.124269288900718,-19.59827810746152,-10.124269288900718,-19.59827810746152,2.9585926154786613,0.5289685773515533,-0.17560794822031608
7176.0,287.04,0.0,-10.211085332169219,-19.578818343694483,-10.211085332169219,-19.578818343694483,2.9606159044986486,0.5289685773515533,-0.17560794822031608
7177.0,287.08,0.0,-10.300300577807722,-19.559049936079326,-10.300300577807722,-19.559049936079326,2.9627739728846514,0.5289685773515533,-0.17560794822031608
7178.0,287.12,0.0,-10.391915053509964,-19.538954050156942,-10.391915053509964,-19.538954050156942,2.965065910932886,0.5289685773515533,-0.17560794822031608
7179.0,287.16,0.0,-10.485926100119675,-19.518528938994184,-10.485926100119675,-19.518528938994184,2.9674917186433514,0.5289685773515533,-0.17560794822031608
7180.0,287.2,0.0,-10.582333405086434,-19.497755731974348,-10.582333405086434,-19.497755731974348,2.9700504863122665,0.5289685773515533,-0.17560794822031608
7181.0,287.24,0.0,-10.681134142504423,-19.47663260312067,-10.681134142504423,-19.47663260312067,2.9727422139396293,0.5289685773515533,-0.17560794822031608
7182.0,287.28000000000003,0.0,-10.782327656942968,-19.455140655126332,-10.782327656942968,-19.455140655126332,2.9755659918216573,0.5289685773515533,-0.17560794822031608
7183.0,287.32,0.0,-10.885962235945671,-19.433259218545487,-10.885962235945671,-19.433259218545487,2.978521819958351,0.5289685773515533,-0.17560794822031608
7184.0,287.36,0.0,-10.992050824975543,-19.410972081623896,-10.992050824975543,-19.410972081623896,2.981608788645928,0.5289685773515533,-0.17560794822031608
7185.0,287.40000000000003,0.0,-11.100591285488996,-19.388264443618663,-11.100591285488996,-19.388264443618663,2.9848268978843864,0.5289685773515533,-0.17560794822031608
7186.0,287.44,0.0,-11.211589201241635,-19.365114836251944,-11.211589201241635,-19.365114836251944,2.988175237969944,0.5289685773515533,-0.17560794822031608
7187.0,287.48,0.0,-11.325048130023083,-19.34151860996723,-11.325048130023083,-19.34151860996723,2.9916538089026012,0.5289685773515533,-0.17560794822031608
7188.0,287.52,0.0,-11.440980127251768,-19.317456036885698,-11.440980127251768,-19.317456036885698,2.9952617009785736,0.5289685773515533,-0.17560794822031608
7189.0,287.56,0.0,-11.559389527264846,-19.29291277501571,-11.559389527264846,-19.29291277501571,2.998998914197863,0.5289685773515533,-0.17560794822031608
7190.0,287.6,0.0,-11.680272496928119,-19.267876145554798,-11.680272496928119,-19.267876145554798,3.0028645388566853,0.5289685773515533,-0.17560794822031608
7191.0,287.64,0.0,-11.80363467371172,-19.242339264773047,-11.80363467371172,-19.242339264773047,3.00685857495504,0.5289685773515533,-0.17560794822031608
7192.0,287.68,0.0,-11.92947356462763,-19.21628727719089,-11.92947356462763,-19.21628727719089,3.010980112789145,0.5289685773515533,-0.17560794822031608
7193.0,287.72,0.0,-12.057789468462149,-19.189714658609685,-12.057789468462149,-19.189714658609685,3.015229152358999,0.5289685773515533,-0.17560794822031608
7194.0,287.76,0.0,-12.082660104220032,-19.1835903254885,-12.082660104220032,-19.1835903254885,3.0142627189413855,0.5289685773515533,-0.17560794822031608
7195.0,287.8,0.0,-12.10769362431776,-19.17762670142536,-12.10769362431776,-19.17762670142536,3.0132861658021217,0.5289685773515533,-0.17560794822031608
7196.0,287.84000000000003,0.0,-12.132896248648771,-19.17182152542677,-12.132896248648771,-19.17182152542677,3.012299333156128,0.5289685773515533,-0.17560794822031608
7197.0,287.88,0.0,-12.158274217375945,-19.16617243878879,-12.158274217375945,-19.16617243878879,3.011302057836633,0.5289685773515533,-0.17560794822031608
7198.0,287.92,0.0,-12.18383379088798,-19.160676984547063,-12.18383379088798,-19.160676984547063,3.0102941732052275,0.5289685773515533,-0.17560794822031608
7199.0,287.96,0.0,-12.209581249791313,-19.155332606917035,-12.209581249791313,-19.155332606917035,3.0092755090590475,0.5289685773515533,-0.17560794822031608
7200.0,288.0,0.0,-12.235522894939024,-19.150136650723404,-12.235522894939024,-19.150136650723404,3.008245891534952,0.5289685773515533,-0.17560794822031608
7201.0,288.04,0.0,-12.261665047498266,-19.145086360817693,-12.261665047498266,-19.145086360817693,3.0072051430105966,0.5289685773515533,-0.17560794822031608
7202.0,288.08,0.0,-12.288014049057754,-19.140178881482747,-12.288014049057754,-19.140178881482747,3.0061530820022795,0.5289685773515533,-0.17560794822031608
7203.0,288.12,0.0,-12.3145766435964,-19.135405671145666,-12.3145766435964,-19.135405671145666,3.0050895230594463,0.5289685773515533,-0.17560794822031608
7204.0,288.16,0.0,-12.341352346326232,-19.13075408266583,-12.341352346326232,-19.13075408266583,3.004031833557367,0.5289685773515533,-0.17560794822031608
7205.0,288.2,0.0,-12.36833430304773,-19.1262309996681,-12.36833430304773,-19.1262309996681,3.0029877742634072,0.5289685773515533,-0.17560794822031608
7206.0,288.24,0.0,-12.39552680030374,-19.12183373224266,-12.39552680030374,-19.12183373224266,3.001959850277576,0.5289685773515533,-0.17560794822031608
7207.0,288.28000000000003,0.0,-12.422934107297028,-19.117559525470543,-12.422934107297028,-19.117559525470543,3.000945152048107,0.5289685773515533,-0.17560794822031608
7208.0,288.32,0.0,-12.450560475371647,-19.113405559747704,-12.450560475371647,-19.113405559747704,2.9999622217181106,0.5289685773515533,-0.17560794822031608
7209.0,288.36,0.0,-12.478410137516033,-19.10936895112016,-12.478410137516033,-19.10936895112016,2.999793615324875,0.5289685773515533,-0.17560794822031608
7210.0,288.40000000000003,0.0,-12.506487307888744,-19.105311927077775,-12.506487307888744,-19.105311927077775,3.00045321339005,0.5289685773515533,-0.17560794822031608
7211.0,288.44,0.0,-12.53479618136767,-19.101208537046336,-12.53479618136767,-19.101208537046336,3.0013183452223404,0.5289685773515533,-0.17560794822031608
7212.0,288.48,0.0,-12.563340933123666,-19.097057981612238,-12.563340933123666,-19.097057981612238,3.0021934210986814,0.5289685773515533,-0.17560794822031608
7213.0,288.52,0.0,-12.592125718219542,-19.09285944287832,-12.592125718219542,-19.09285944287832,3.0030786134591407,0.5391526780729722,-0.17488582718444087
7214.0,288.56,0.0,-12.62115467123538,-19.088612083926574,-12.62115467123538,-19.088612083926574,3.003974098754024,0.55952087951581,-0.17344158511269048
7215.0,288.6,0.0,-12.650431905921174,-19.084315048261935,-12.650431905921174,-19.084315048261935,3.004880057561129,0.5900731816800665,-0.17127522200506481
7216.0,288.64,0.0,-12.67996151487785,-19.07996745923654,-12.67996151487785,-19.07996745923654,3.0057966747071405,0.630809584565742,-0.168386737861564
7217.0,288.68,0.0,-12.709747569267735,-19.075568419453443,-12.709747569267735,-19.075568419453443,3.006724139393342,0.6817300881728364,-0.16477613268218794
7218.0,288.72,0.0,-12.739794118555588,-19.07111701014912,-12.739794118555588,-19.07111701014912,3.007662645325807,0.7428346925013496,-0.16044340646693667
7219.0,288.76,0.0,-12.770105190281342,-19.06661229055373,-12.770105190281342,-19.06661229055373,3.008612390850278,0.8141233975512817,-0.15538855921581018
7220.0,288.8,0.0,-12.800684789865768,-19.06205329722827,-12.800684789865768,-19.06205329722827,3.0095735790919114,0.8955962033226326,-0.1496115909288085
7221.0,288.84000000000003,0.0,-12.831536900450272,-19.05743904337766,-12.831536900450272,-19.05743904337766,3.01054641810011,0.9872531098154026,-0.14311250160593159
7222.0,288.88,0.0,-12.862665482772147,-19.052768518138624,-12.862665482772147,-19.052768518138624,3.011531120998652,1.0890941170295911,-0.13589129124717947
7223.0,288.92,0.0,-12.894074475076605,-19.048072017877267,-12.894074475076605,-19.048072017877267,3.0125279061413486,1.2011192249651987,-0.12794795985255217
7224.0,288.96,0.0,-12.925767793066955,-19.043352118273166,-12.925767793066955,-19.043352118273166,3.013536997273461,1.3233284336222253,-0.11928250742204964
7225.0,289.0,0.0,-12.957749329894398,-19.038611333456398,-12.957749329894398,-19.038611333456398,3.01455862369914,1.4557217430006704,-0.1098949339556719
7226.0,289.04,0.0,-12.990022956188957,-19.03385211361586,-12.990022956188957,-19.03385211361586,3.0155930204551398,1.5982991531005346,-0.09978523945341894
7227.0,289.08,0.0,-13.022592520133063,-19.02903561079957,-13.022592520133063,-19.02903561079957,3.0166404284910895,1.7510606639218178,-0.08895342391529078
7228.0,289.12,0.0,-13.055461847579446,-19.024199632314694,-13.055461847579446,-19.024199632314694,3.017701094856608,1.9140062754645195,-0.0773994873412874
7229.0,289.16,0.0,-13.08863474221508,-19.01934905672106,-13.08863474221508,-19.01934905672106,3.0187752728955726,2.0871359877286406,-0.06512342973140882
7230.0,289.2,0.0,-13.122114985772857,-19.014486125380383,-13.122114985772857,-19.014486125380383,3.0198632224478574,2.27044980071418,-0.052125251085655015
7231.0,289.24,0.0,-13.155906338292956,-19.009596764290016,-13.155906338292956,-19.009596764290016,3.0209652100588813,2.4639477144211384,-0.038404951404026014
7232.0,289.28000000000003,0.0,-13.19001253843575,-19.004660251295583,-13.19001253843575,-19.004660251295583,3.0220815091973208,2.657445628128097,-0.024684651722397002
7233.0,289.32,0.0,-13.224437303848323,-18.999714757398127,-13.224437303848323,-18.999714757398127,3.0232124004813614,2.8407594411136365,-0.011686473076643205
7234.0,289.36,0.0,-13.259184331586704,-18.994762288076654,-13.259184331586704,-18.994762288076654,3.024358171913876,3.0138891533777574,0.0005895845332353847
7235.0,289.40000000000003,0.0,-13.294257298596039,-18.989788082366935,-13.294257298596039,-18.989788082366935,3.0255191191269533,3.1768347649204594,0.012143521107238759
7236.0,289.44,0.0,-13.329659862250974,-18.984764348157345,-13.329659862250974,-18.984764348157345,3.0266955456362057,3.3295962757417423,0.022975336645366926
7237.0,289.48,0.0,-13.36539566095877,-18.979736485969056,-13.36539566095877,-18.979736485969056,3.0278877631053134,3.4721736858416063,0.03308503114761988
7238.0,289.52,0.0,-13.401468314827598,-18.974706235563012,-13.401468314827598,-18.974706235563012,3.029096091621301,3.604566995220052,0.04247260461399762
7239.0,289.56,0.0,-13.437881426402766,-18.969634404431353,-13.437881426402766,-18.969634404431353,3.0303208599810434,3.7267762038770784,0.051138057044500154
7240.0,289.6,0.0,-13.474638581473638,-18.964534214971447,-13.474638581473638,-18.964534214971447,3.0315624059895496,3.8388013118126856,0.05908138843912748
7241.0,289.64,0.0,-13.511743349954203,-18.959433885228886,-13.511743349954203,-18.959433885228886,3.0328210767705865,3.9406423190268747,0.06630259879787959
7242.0,289.68,0.0,-13.549199286840421,-18.954322110255287,-13.549199286840421,-18.954322110255287,3.0340972290902495,4.032299225519644,0.07280168812075649
7243.0,289.72,0.0,-13.587009933247563,-18.94915167690848,-13.587009933247563,-18.94915167690848,3.0353912296941035,4.113772031290995,0.07857865640775816
7244.0,289.76,0.0,-13.625178817531008,-18.943982893995674,-13.625178817531008,-18.943982893995674,3.0367034556585746,4.185060736340927,0.08363350365888464
7245.0,289.8,0.0,-13.663709456494084,-18.938802946745334,-13.663709456494084,-18.938802946745334,3.0380342947572943,4.246165340669441,0.08796622987413591
7246.0,289.84000000000003,0.0,-13.702605356686783,-18.93356313242358,-13.702605356686783,-18.93356313242358,3.039384145843138,4.297085844276535,0.09157683505351197
7247.0,289.88,0.0,-13.74187001579934,-18.928253101861028,-13.74187001579934,-18.928253101861028,3.0407534192467636,4.337822247162211,0.09446531919701281
7248.0,289.92,0.0,-13.781506924154916,-18.922939798522396,-13.781506924154916,-18.922939798522396,3.042142537192471,4.368374549326467,0.09663168230463845
7249.0,289.96,0.0,-13.821519566305861,-18.91762931948402,-13.821519566305861,-18.91762931948402,3.0435519342322768,4.388742750769305,0.09807592437638887
7250.0,290.0,0.0,-13.861911422738238,-18.912254192774224,-13.861911422738238,-18.912254192774224,3.0449820576991375,4.398926851490724,0.09879804541226408
7251.0,290.04,0.0,-13.902685971689644,-18.906868247200872,-13.902685971689644,-18.906868247200872,3.0464333681803226,4.398926851490724,0.09879804541226408
7252.0,290.08,0.0,-13.94384669108554,-18.90148552017495,-13.94384669108554,-18.90148552017495,3.0479063400119735,4.398926851490724,0.09879804541226408
7253.0,290.12,0.0,-13.985397060599709,-18.896034328147493,-13.985397060599709,-18.896034328147493,3.0494014617959793,4.398926851490724,0.09879804541226408
7254.0,290.16,0.0,-14.027340563844712,-18.890573328426363,-14.027340563844712,-18.890573328426363,3.0509192369403495,4.398926851490724,0.09879804541226408
7255.0,290.2,0.0,-14.069680690698593,-18.885115300066797,-14.069680690698593,-18.885115300066797,3.0524601842243277,4.398926851490724,0.09879804541226408
7256.0,290.24,0.0,-14.112420939774474,-18.87957621321313,-14.112420939774474,-18.87957621321313,3.0540248383895983,4.398926851490724,0.09879804541226408
7257.0,290.28000000000003,0.0,-14.155564821040008,-18.874036182423495,-14.155564821040008,-18.874036182423495,3.055613750758982,4.398926851490724,0.09879804541226408
7258.0,290.32,0.0,-14.199115858594212,-18.86848372715581,-14.199115858594212,-18.86848372715581,3.0572274898841365,4.398926851490724,0.09879804541226408
7259.0,290.36,0.0,-14.243077593609499,-18.862858387224566,-14.243077593609499,-18.862858387224566,3.058866642223861,4.398926851490724,0.09879804541226408
7260.0,290.40000000000003,0.0,-14.287453587447366,-18.8572336102831,-14.287453587447366,-18.8572336102831,3.060531812854692,4.398926851490724,0.09879804541226408
7261.0,290.44,0.0,-14.33224742495663,-18.851570266420023,-14.33224742495663,-18.851570266420023,3.062223626215616,4.398926851490724,0.09879804541226408
7262.0,290.48,0.0,-14.377462717963695,-18.845854741611397,-14.377462717963695,-18.845854741611397,3.0639427268888135,4.398926851490724,0.09879804541226408
7263.0,290.52,0.0,-14.42310310896495,-18.840137568855404,-14.42310310896495,-18.840137568855404,3.0656897804184857,4.398926851490724,0.09879804541226408
7264.0,290.56,0.0,-14.469172275032037,-18.83434856889711,-14.469172275032037,-18.83434856889711,3.0674654741699556,4.398926851490724,0.09879804541226408
7265.0,290.6,0.0,-14.515673931941434,-18.82853397003806,-14.515673931941434,-18.82853397003806,3.069270518231367,4.398926851490724,0.09879804541226408
7266.0,290.64,0.0,-14.562611838540535,-18.822701106786294,-14.562611838540535,-18.822701106786294,3.0711056463604693,4.398926851490724,0.09879804541226408
7267.0,290.68,0.0,-14.609989801363248,-18.816783812241415,-14.609989801363248,-18.816783812241415,3.0729716169791352,4.398926851490724,0.09879804541226408
7268.0,290.72,0.0,-14.657811679508976,-18.810858938214064,-14.657811679508976,-18.810858938214064,3.0748692142184573,4.398926851490724,0.09879804541226408
7269.0,290.76,0.0,-14.706081389799797,-18.80487147268954,-14.706081389799797,-18.80487147268954,3.076799249017426,4.398926851490724,0.09879804541226408
7270.0,290.8,0.0,-14.754802912231684,-18.798834900449013,-14.754802912231684,-18.798834900449013,3.078762560278445,4.398926851490724,0.09879804541226408
7271.0,290.84000000000003,0.0,-14.803980295736672,-18.792710590017858,-14.803980295736672,-18.792710590017858,3.080760016083135,4.398926851490724,0.09879804541226408
7272.0,290.88,0.0,-14.853617664274074,-18.78654897632681,-14.853617664274074,-18.78654897632681,3.0827925149721174,4.398926851490724,0.09879804541226408
7273.0,290.92,0.0,-14.903719223270123,-18.780284248733437,-14.903719223270123,-18.780284248733437,3.084860987292763,4.398926851490724,0.09879804541226408
7274.0,290.96,0.0,-14.95428926642678,-18.77400119598226,-14.95428926642678,-18.77400119598226,3.0869663966191347,4.398926851490724,0.09879804541226408
7275.0,291.0,0.0,-15.005332182921963,-18.767643566333927,-15.005332182921963,-18.767643566333927,3.0891097412486843,4.398926851490724,0.09879804541226408
7276.0,291.04,0.0,-15.056852465025,-18.76122485529813,-15.056852465025,-18.76122485529813,3.0912920557805887,4.398926851490724,0.09879804541226408
7277.0,291.08,0.0,-15.108854716152946,-18.75476749858335,-15.108854716152946,-18.75476749858335,3.093514412780969,4.398926851490724,0.09879804541226408
7278.0,291.12,0.0,-15.161343659395198,-18.748203966583294,-15.161343659395198,-18.748203966583294,3.0957779245406156,4.398926851490724,0.09879804541226408
7279.0,291.16,0.0,-15.214324146535949,-18.741609738110093,-15.214324146535949,-18.741609738110093,3.0980837449312832,4.398926851490724,0.09879804541226408
7280.0,291.2,0.0,-15.267801167606224,-18.73491488786502,-15.267801167606224,-18.73491488786502,3.1004330713670583,4.398926851490724,0.09879804541226408
7281.0,291.24,0.0,-15.321779860999644,-18.728159860829066,-15.321779860999644,-18.728159860829066,3.1028271468778,4.398926851490724,0.09879804541226408
7282.0,291.28000000000003,0.0,-15.376265524188726,-18.72133204727216,-15.376265524188726,-18.72133204727216,3.10526726230221,4.398926851490724,0.09879804541226408
7283.0,291.32,0.0,-15.43126362508129,-18.714404530292416,-15.43126362508129,-18.714404530292416,3.107754758608648,4.398926851490724,0.09879804541226408
7284.0,291.36,0.0,-15.486779814059787,-18.70742775898688,-15.486779814059787,-18.70742775898688,3.1102910293524664,4.398926851490724,0.09879804541226408
7285.0,291.40000000000003,0.0,-15.542819936749579,-18.70031491157283,-15.542819936749579,-18.70031491157283,3.1128775232793306,4.398926851490724,0.09879804541226408
7286.0,291.44,0.0,-15.599390047566025,-18.69314718142913,-15.599390047566025,-18.69314718142913,3.1155157470847326,4.398926851490724,0.09879804541226408
7287.0,291.48,0.0,-15.656496424094156,-18.685859735239973,-15.656496424094156,-18.685859735239973,3.1182072683407482,4.398926851490724,0.09879804541226408
7288.0,291.52,0.0,-15.714145582359157,-18.67848410103389,-15.714145582359157,-18.67848410103389,3.120953718601989,4.398926851490724,0.09879804541226408
7289.0,291.56,0.0,-15.77234429305066,-18.671005051940078,-15.77234429305066,-18.671005051940078,3.123756796703668,4.398926851490724,0.09879804541226408
