frame_nr,time,measurement_available,x,y,state1,state2,state3,state4,state5
652.0,26.080000000000002,0.0,18.19025949196879,-20.035490095522245,18.19025949196879,-20.035490095522245,2.478147881225509,-2.806919163288131,-0.37231086021045806
653.0,26.12,0.0,18.167137793514556,-20.081689008185126,18.167137793514556,-20.081689008185126,2.479024215668607,-2.804231692875179,-0.3671777428134398
654.0,26.16,0.0,18.143508876202155,-20.127760369267385,18.143508876202155,-20.127760369267385,2.479921948469422,-2.801425030904705,-0.3618169673724316
655.0,26.2,0.0,18.119385562321405,-20.17372020766075,18.119385562321405,-20.17372020766075,2.4808404311928722,-2.79898179845849,-0.3554189005740533
656.0,26.240000000000002,0.0,18.094780175532254,-20.219534680708428,18.094780175532254,-20.219534680708428,2.4817790413412775,-2.7968241177813353,-0.3482058191377416
657.0,26.28,0.0,18.06970456558632,-20.26522264526265,18.06970456558632,-20.26522264526265,2.4827371810703327,-2.7948629449580027,-0.3403361928937366
658.0,26.32,0.0,18.04506815838033,-20.310769239708513,18.04506815838033,-20.310769239708513,2.483714275980607,-2.7918324819736475,-0.33181518611308614
659.0,26.36,0.0,18.020122222057413,-20.356183266308438,18.020122222057413,-20.356183266308438,2.484709773979443,-2.787921427091981,-0.32275774830225695
660.0,26.400000000000002,0.0,17.995555588175872,-20.401459220866943,17.995555588175872,-20.401459220866943,2.485723144208517,-2.7832765456292217,-0.31325328463294544
661.0,26.44,0.0,17.97053119688709,-20.44660191495646,17.97053119688709,-20.44660191495646,2.4867538760326804,-2.7780137049402778,-0.3033723781354385
662.0,26.48,0.0,17.94505969149554,-20.49159794668511,17.94505969149554,-20.49159794668511,2.4878014780860327,-2.769023250780291,-0.28637737173293987
663.0,26.52,0.0,17.919151330926134,-20.536466421102084,17.919151330926134,-20.536466421102084,2.4888654773714953,-2.7593014800429096,-0.26871963568198387
664.0,26.560000000000002,0.0,17.89281600755311,-20.581207124794222,17.89281600755311,-20.581207124794222,2.489945418410398,-2.7499037683301077,-0.25076983528505253
665.0,26.6,0.0,17.86606326404732,-20.62582002325123,17.86606326404732,-20.62582002325123,2.4910408624388842,-2.7408301156418844,-0.23343899352249817
666.0,26.64,0.0,17.838902309304387,-20.670305255098118,17.838902309304387,-20.670305255098118,2.4921198953811845,-2.732040014600169,-0.21664974056502362
667.0,26.68,0.0,17.811824695535407,-20.714663126602215,17.811824695535407,-20.714663126602215,2.493210693850344,-2.72353346520496,-0.20040207641262886
668.0,26.72,0.0,17.78475225804235,-20.758894106437285,17.78475225804235,-20.758894106437285,2.494316386167754,-2.715277108439022,-0.18463228473530457
669.0,26.76,0.0,17.75728390876665,-20.802998820688337,17.75728390876665,-20.802998820688337,2.49542116385483,-2.707270944302355,-0.16934036553305074
670.0,26.8,0.0,17.72942800596227,-20.84697804808213,17.72942800596227,-20.84697804808213,2.4965218373415663,-2.6994871736139285,-0.15447322186419282
671.0,26.84,0.0,17.701790613846622,-20.890832715429195,17.701790613846622,-20.890832715429195,2.4976368444019457,-2.691925796373743,-0.1400308537287308
672.0,26.88,0.0,17.674036899618283,-20.934545296659586,17.674036899618283,-20.934545296659586,2.498765814340098,-2.684762386356725,-0.12634861023197738
673.0,26.92,0.0,17.645906469585174,-20.978114185283882,17.645906469585174,-20.978114185283882,2.4999083891335174,-2.677957146840558,-0.11335047891006159
674.0,26.96,0.0,17.617406948085733,-21.021537850251658,17.617406948085733,-21.021537850251658,2.5010642228960513,-2.671198683120474,-0.10162636540539981
675.0,27.0,0.0,17.588545715613897,-21.064816946009504,17.588545715613897,-21.064816946009504,2.502232981367975,-2.664486995196474,-0.09117626971799203
676.0,27.04,0.0,17.55952853982923,-21.107952096567512,17.55952853982923,-21.107952096567512,2.503414341431554,-2.657847293774946,-0.08200377060890117
677.0,27.080000000000002,0.0,17.5307940074576,-21.150943896800978,17.5307940074576,-21.150943896800978,2.5046079906506313,-2.65231448647042,-0.0742081841879334
678.0,27.12,0.0,17.501706793757723,-21.193792913688192,17.501706793757723,-21.193792913688192,2.5058136268328584,-2.647888573282893,-0.06778951045508873
679.0,27.16,0.0,17.47227367521963,-21.236499687487992,17.47227367521963,-21.236499687487992,2.50703095761328,-2.644569554212368,-0.06274774941036716
680.0,27.2,0.0,17.442501221780017,-21.279064732860483,17.442501221780017,-21.279064732860483,2.5082597000580704,-2.6423574292588428,-0.059082901053768705
681.0,27.240000000000002,0.0,17.412395805110894,-21.32148853993402,17.412395805110894,-21.32148853993402,2.5094995802872826,-2.641252198422318,-0.05679496538529334
682.0,27.28,0.0,17.382363956494412,-21.36377157532155,17.382363956494412,-21.36377157532155,2.510750333115575,-2.641252198422318,-0.05588394240494107
683.0,27.32,0.0,17.35240785275685,-21.405914283089054,17.35240785275685,-21.405914283089054,2.512011701709898,-2.641252198422318,-0.05588394240494107
684.0,27.36,0.0,17.322126032680547,-21.447917085678682,17.322126032680547,-21.447917085678682,2.513283437263235,-2.641252198422318,-0.05588394240494107
685.0,27.400000000000002,0.0,17.291539242038606,-21.489780384789107,17.291539242038606,-21.489780384789107,2.514536235628919,-2.643467735048172,-0.057688999084475646
686.0,27.44,0.0,17.26140827823919,-21.531504562215293,17.26140827823919,-21.531504562215293,2.515798599666231,-2.6456832716740255,-0.06123194570117303
687.0,27.48,0.0,17.230958424870227,-21.573089980649996,17.230958424870227,-21.573089980649996,2.5170710780536787,-2.6478988082998796,-0.06651278225503325
688.0,27.52,0.0,17.200195308108114,-21.61453698444888,17.200195308108114,-21.61453698444888,2.5183475773397337,-2.6501143449257336,-0.07353150874605627
689.0,27.560000000000002,0.0,17.169124396320143,-21.655845900361246,17.169124396320143,-21.655845900361246,2.519610700640671,-2.6523298815515868,-0.08228812517424212
690.0,27.6,0.0,17.137751005976472,-21.69701703822815,17.137751005976472,-21.69701703822815,2.5208837005187763,-2.654545418177441,-0.09166108437865972
691.0,27.64,0.0,17.1060803072992,-21.738050691649597,17.1060803072992,-21.738050691649597,2.5221663574945574,-2.656760954803295,-0.10103404358307733
692.0,27.68,0.0,17.074117329662023,-21.778947138622424,17.074117329662023,-21.778947138622424,2.523458458543801,-2.6589764914291485,-0.11040700278749493
693.0,27.72,0.0,17.042243672770464,-21.819706642150294,17.042243672770464,-21.819706642150294,2.5247597968619786,-2.6611920280550025,-0.11977996199191254
694.0,27.76,0.0,17.010457976671866,-21.860329450827336,17.010457976671866,-21.860329450827336,2.5260701716388962,-2.663407564680856,-0.12915292119633012
695.0,27.8,0.0,16.97905595516737,-21.900815799396653,16.97905595516737,-21.900815799396653,2.52738938784307,-2.664758314385114,-0.13852588040074773
696.0,27.84,0.0,16.94743637694313,-21.941165909285008,16.94743637694313,-21.941165909285008,2.528717256015344,-2.659868575928835,-0.1478988396051653
697.0,27.88,0.0,16.91552980023566,-21.98137998911483,16.91552980023566,-21.98137998911483,2.530053592071291,-2.6487383493120205,-0.15727179880958292
698.0,27.92,0.0,16.88334086728436,-22.021458235194736,16.88334086728436,-22.021458235194736,2.531398217111961,-2.6313676345346697,-0.1666447580140005
699.0,27.96,0.0,16.850874101250202,-22.061400831989502,16.850874101250202,-22.061400831989502,2.5327509572425684,-2.607756431596783,-0.17601771721841813
700.0,28.0,0.0,16.818133910371063,-22.101207952570586,16.818133910371063,-22.101207952570586,2.53411164339874,-2.57790474049836,-0.18508192917513955
701.0,28.04,0.0,16.785124591944985,-22.140879759048104,16.785124591944985,-22.140879759048104,2.5354801111799468,-2.541812561239401,-0.1938373938841648
702.0,28.080000000000002,0.0,16.751850336149573,-22.180416402985117,16.751850336149573,-22.180416402985117,2.5368562006897837,-2.499479893819906,-0.2022841113454939
703.0,28.12,0.0,16.718933167692132,-22.219818025795124,16.718933167692132,-22.219818025795124,2.538237628805454,-2.4509067382398744,-0.2104220815591268
704.0,28.16,0.0,16.685847063105324,-22.259084759123514,16.685847063105324,-22.259084759123514,2.539602502175408,-2.3938775578734535,-0.216446247845529
705.0,28.2,0.0,16.652981606194455,-22.298216725213752,16.652981606194455,-22.298216725213752,2.5409748920634994,-2.3283515041102163,-0.2186182000151636
706.0,28.240000000000002,0.0,16.62007575297372,-22.337214037259017,16.62007575297372,-22.337214037259017,2.542354648139366,-2.2544040001690107,-0.21700510481040255
707.0,28.28,0.0,16.586908540085147,-22.37607679973991,16.586908540085147,-22.37607679973991,2.5437416240549062,-2.171953348828984,-0.21160592172649792
708.0,28.32,0.0,16.553483879960236,-22.414805108748975,16.553483879960236,-22.414805108748975,2.545115518865455,-2.0809995500901373,-0.20242065076344973
709.0,28.36,0.0,16.51980559296641,-22.453399052302547,16.51980559296641,-22.453399052302547,2.546491480959984,-1.9815330490551937,-0.19057077754421617
710.0,28.400000000000002,0.0,16.48587741041427,-22.491858710640503,16.48587741041427,-22.491858710640503,2.5478745715204445,-1.8747869933351324,-0.17778860866798282
711.0,28.44,0.0,16.451702977448253,-22.53018415651455,16.451702977448253,-22.53018415651455,2.549239815751092,-1.7607613829299529,-0.16407414413474972
712.0,28.48,0.0,16.417873079505576,-22.568375455465482,16.417873079505576,-22.568375455465482,2.550587556850578,-1.6394562178396552,-0.14942738394451682
713.0,28.52,0.0,16.383890652275458,-22.606432666089876,16.383890652275458,-22.606432666089876,2.5519181292736364,-1.5117012670418888,-0.13384832809728417
714.0,28.560000000000002,0.0,16.349665028944482,-22.644355840296814,16.349665028944482,-22.644355840296814,2.553231859007796,-1.384690049474876,-0.11804444404060024
715.0,28.6,0.0,16.315221350853754,-22.68214502355494,16.315221350853754,-22.68214502355494,2.554529063839639,-1.2638329315148298,-0.10201573177446512
716.0,28.64,0.0,16.281186669680633,-22.71980025513036,16.281186669680633,-22.71980025513036,2.5558100536110837,-1.149204070691473,-0.08578942023494637
717.0,28.68,0.0,16.247574779577988,-22.757321568315703,16.247574779577988,-22.757321568315703,2.5570751304661137,-1.0406204868080864,-0.06955963642695319
718.0,28.72,0.0,16.21437785108155,-22.794708990650854,16.21437785108155,-22.794708990650854,2.558324589088365,-0.9380699488408236,-0.05332501254865985
719.0,28.76,0.0,16.18158824686114,-22.831962544135543,16.18158824686114,-22.831962544135543,2.5595587169299754,-0.8417577417672271,-0.03738021932076965
720.0,28.8,0.0,16.14919851586293,-22.8690822454343,16.14919851586293,-22.8690822454343,2.5607777944320538,-0.7514807378766241,-0.02169086764832443
721.0,28.84,0.0,16.1172013876647,-22.906068106073977,16.1172013876647,-22.906068106073977,2.561982095237137,-0.6672593865122507,-0.006274673229938205
722.0,28.88,0.0,16.085589767035124,-22.942920132634256,16.085589767035124,-22.942920132634256,2.5631718863939668,-0.5887400479187175,0.00886581547869025
723.0,28.92,0.0,16.054356728688536,-22.97963832693131,16.054356728688536,-22.97963832693131,2.564347428554906,-0.5160411465041147,0.023800447925246982
724.0,28.96,0.0,16.023495512227026,-23.01622268619504,16.023495512227026,-23.01622268619504,2.5655089761663104,-0.45130334641123787,0.036635736617218896
725.0,29.0,0.0,15.9929995172621,-23.052673203240044,15.9929995172621,-23.052673203240044,2.566656777652136,-0.39461224584466637,0.04753714756808927
726.0,29.04,0.0,15.96286229870853,-23.088989866630648,15.96286229870853,-23.088989866630648,2.5677910755910696,-0.34580281771590393,0.05651599580385175
727.0,29.080000000000002,0.0,15.933077562243302,-23.125172660840178,15.933077562243302,-23.125172660840178,2.5689121068874425,-0.30508467329310773,0.06357030535082416
728.0,29.12,0.0,15.903639159923019,-23.161221566404766,15.903639159923019,-23.161221566404766,2.570020102936183,-0.27202207338267476,0.06870989304531913
729.0,29.16,0.0,15.874541085953263,-23.19713656007189,15.874541085953263,-23.19713656007189,2.571115289782048,-0.24565044367983765,0.07300377664207841
730.0,29.2,0.0,15.845777472603846,-23.23291761494383,15.845777472603846,-23.23291761494383,2.572197888273363,-0.22611281603776145,0.0763653645818379
731.0,29.240000000000002,0.0,15.817342586264136,-23.268564700616274,15.817342586264136,-23.268564700616274,2.5732681142104914,-0.21340919045644616,0.07879465686459762
732.0,29.28,0.0,15.789230823632835,-23.304077783312287,15.789230823632835,-23.304077783312287,2.5743261784892435,-0.20670979795824235,0.08029165349035755
733.0,29.32,0.0,15.761436708036912,-23.33945682601176,15.761436708036912,-23.33945682601176,2.575372287239422,-0.1996859065265238,0.08156382190666625
734.0,29.36,0.0,15.733954885874656,-23.374701788576587,15.733954885874656,-23.374701788576587,2.5764066419586995,-0.19182027619788644,0.08261116211352372
735.0,29.400000000000002,0.0,15.706780123177897,-23.409812627871677,15.706780123177897,-23.409812627871677,2.577429439642007,-0.18303874944260695,0.0834609030469976
736.0,29.44,1.0,15.67931425680599,-23.44478929788201,15.67931425680599,-23.44478929788201,2.578440872906612,-0.17352430645740452,0.08430717171199702
737.0,29.48,1.0,15.651561134880055,-23.47963174982586,15.651561134880055,-23.47963174982586,2.579441130113044,-0.16328917826612577,0.08514860030669628
738.0,29.52,1.0,15.623524529659322,-23.514339932264356,15.623524529659322,-23.514339932264356,2.5804303954820433,-0.1520421949131889,0.08597111230410252
739.0,29.560000000000002,1.0,15.59520813962811,-23.54891379120747,15.59520813962811,-23.54891379120747,2.581408849207665,-0.1399640499958405,0.0867190995638523
740.0,29.6,1.0,15.566615591514605,-23.583353270216666,15.566615591514605,-23.583353270216666,2.582376667566704,-0.1273404853252762,0.08729068089412918
741.0,29.64,1.0,15.537750442244064,-23.617658310504186,15.537750442244064,-23.617658310504186,2.5833340230245643,-0.11525539604440778,0.08765776838841148
742.0,29.68,1.0,15.508616180828865,-23.651828851029276,15.508616180828865,-23.651828851029276,2.584281084337716,-0.10359035774514491,0.08768313037976909
743.0,29.72,1.0,15.479216230197782,-23.685864828591313,15.479216230197782,-23.685864828591313,2.5852386033263555,-0.09246109152097244,0.08745826818677523
744.0,29.76,1.0,15.44955394896678,-23.71976617792005,15.44955394896678,-23.71976617792005,2.586206413112682,-0.0817065759484628,0.08683564265924966
745.0,29.8,1.0,15.41963263315344,-23.75353283176301,15.41963263315344,-23.75353283176301,2.5871843503507006,-0.07157353533696498,0.08580696972858991
746.0,29.84,1.0,15.389455517837137,-23.78716472097022,15.389455517837137,-23.78716472097022,2.588172255133279,-0.06185235841832154,0.08436186983773668
747.0,29.88,0.0,15.359025778766924,-23.82066177457628,15.359025778766924,-23.82066177457628,2.589169970902126,-0.052988339283411075,0.08249140008133879
748.0,29.92,0.0,15.28742679760695,-23.88228904719405,15.28742679760695,-23.88228904719405,2.591723812393817,-0.044712904626022905,0.08023262815332291
749.0,29.96,0.0,15.215477911606666,-23.944128185815593,15.215477911606666,-23.944128185815593,2.5942965892912855,-0.03688302259299197,0.07769454341857682
750.0,30.0,0.0,15.143179379663092,-24.006177304623648,15.143179379663092,-24.006177304623648,2.5968895100021494,-0.029499940578934084,0.07487714587710051
751.0,30.04,0.0,15.070530393536227,-24.06843420320159,15.070530393536227,-24.06843420320159,2.599502574526409,-0.02269143859046484,0.07178043552889399
752.0,30.080000000000002,0.0,14.997531341175419,-24.130897159132207,14.997531341175419,-24.130897159132207,2.6021333543232568,-0.016457516627584236,0.06840441237395727
753.0,30.12,0.0,14.924181431315416,-24.193563965830027,14.924181431315416,-24.193563965830027,2.604781849392694,-0.011280749516423732,0.06474907641229033
754.0,30.16,0.0,14.852712088161548,-24.25622707766294,14.852712088161548,-24.25622707766294,2.607284392522544,-0.007161137256983329,0.06081442764389318
755.0,30.2,0.0,14.783122537470408,-24.318884282007648,14.783122537470408,-24.318884282007648,2.6096409837128083,-0.004098679849263031,0.056600466068765835
756.0,30.240000000000002,1.0,14.715407898439972,-24.381646800731705,14.715407898439972,-24.381646800731705,2.6118500734021253,-0.002093377293262835,0.05210719168690827
757.0,30.28,0.0,14.649567413894763,-24.44451241530533,14.649567413894763,-24.44451241530533,2.613911661590495,-0.001231114567022049,0.047334604498320505
758.0,30.32,0.0,14.585596159053118,-24.507443430427987,14.585596159053118,-24.507443430427987,2.615915180873008,-0.0019487066972608217,0.04255396779474322
759.0,30.36,2.0,14.523493393852553,-24.570437621795104,14.523493393852553,-24.570437621795104,2.6178606312496617,-0.003939962529547598,0.03788487846660691
760.0,30.400000000000002,2.0,14.463254149053137,-24.63340095269046,14.463254149053137,-24.63340095269046,2.6198248925799095,-0.006474626676359916,0.033357972876132014
761.0,30.44,2.0,14.404877701749452,-24.696331193166753,14.404877701749452,-24.696331193166753,2.6218079648637507,-0.009009290823172233,0.02906990180295738
762.0,30.48,2.0,14.346080072781273,-24.759343117135273,14.346080072781273,-24.759343117135273,2.6238105934605187,-0.011543954969984553,0.02501707448911434
763.0,30.52,2.0,14.286860556443264,-24.822434489138388,14.286860556443264,-24.822434489138388,2.6258327783702144,-0.01407861911679687,0.021248730813671634
764.0,30.560000000000002,2.0,14.227277584509883,-24.88558890415835,14.227277584509883,-24.88558890415835,2.627873976071868,-0.01661328326360919,0.017760799314490254
765.0,30.6,2.0,14.16733046851789,-24.948804121359895,14.16733046851789,-24.948804121359895,2.62993418656548,-0.019147947410421508,0.014565635522311673
766.0,30.64,2.0,14.107021023079554,-25.01197581306859,14.107021023079554,-25.01197581306859,2.6320133554693723,-0.021682611557233826,0.011662303968201582
767.0,30.68,2.0,14.046348577014726,-25.075101733204598,14.046348577014726,-25.075101733204598,2.6341114827835446,-0.024217275704046144,0.009060683026445424
768.0,30.72,2.0,13.98532129891748,-25.138180012537916,13.98532129891748,-25.138180012537916,2.636227388357736,-0.026751939850858466,0.006738374891419474
769.0,30.76,2.0,13.923938534930716,-25.20120839987745,13.923938534930716,-25.20120839987745,2.6383610721919464,-0.029285356603054938,0.004695379563123732
770.0,30.8,2.0,13.862198926010135,-25.264185022035782,13.862198926010135,-25.264185022035782,2.6405108643829998,-0.031689745954020014,0.0029316970415581996
771.0,30.84,2.0,13.800101835660628,-25.327107622844245,13.800101835660628,-25.327107622844245,2.6426767649308944,-0.033965107903753684,0.0014473273267228768
772.0,30.88,2.0,13.737656175955102,-25.390159355450148,13.737656175955102,-25.390159355450148,2.6448604167337337,-0.036111442452255935,0.0002422704186177631
773.0,30.92,2.0,13.674861327798329,-25.4533379588412,13.674861327798329,-25.4533379588412,2.6470618197915172,-0.038128749599526786,-0.0006834736827571416
774.0,30.96,2.0,13.611715365747303,-25.516488681375726,13.611715365747303,-25.516488681375726,2.649280642924725,-0.040017029345566224,-0.001329904977401837
775.0,31.0,2.0,13.548217688143547,-25.579609257332034,13.548217688143547,-25.579609257332034,2.651516886133358,-0.04177628169037426,-0.0016970234653163232
776.0,31.04,2.0,13.484373934311163,-25.64266525945908,13.484373934311163,-25.64266525945908,2.653766796275721,-0.043406506633950896,-0.0017848291465005998
777.0,31.080000000000002,2.0,13.420183520064251,-25.705654417460295,13.420183520064251,-25.705654417460295,2.656030373351815,-0.04449332326300198,-0.001843366267290118
778.0,31.12,2.0,13.355641326970467,-25.768574842560685,13.355641326970467,-25.768574842560685,2.658310609670158,-0.04503673157752752,-0.001872634827684877
779.0,31.16,2.0,13.29074678835128,-25.831424260023606,13.29074678835128,-25.831424260023606,2.6606075052307507,-0.04503673157752752,-0.001872634827684877
780.0,31.2,2.0,13.2252681227925,-25.894200777780636,13.2252681227925,-25.894200777780636,2.6629151271292297,-0.04503673157752752,-0.001872634827684877
781.0,31.240000000000002,2.0,13.159204781156733,-25.956902116790115,13.159204781156733,-25.956902116790115,2.665233475365595,-0.04503673157752752,-0.001872634827684877
782.0,31.28,2.0,13.092790588084966,-26.019583603262767,13.092790588084966,-26.019583603262767,2.6675631056407187,-0.04503673157752752,-0.001872634827684877
783.0,31.32,2.0,13.026025012013635,-26.082242953987222,13.026025012013635,-26.082242953987222,2.6699040179546008,-0.04503673157752752,-0.001872634827684877
784.0,31.36,2.0,12.958840933137433,-26.144979475713935,12.958840933137433,-26.144979475713935,2.672264685983089,-0.04503673157752752,-0.001872634827684877
785.0,31.400000000000002,2.0,12.891237837498286,-26.207790881197397,12.891237837498286,-26.207790881197397,2.6746451097261836,-0.04503673157752752,-0.001872634827684877
786.0,31.44,2.0,12.823118291710442,-26.270541077921006,12.823118291710442,-26.270541077921006,2.6770377710332682,-0.04503673157752752,-0.001872634827684877
787.0,31.48,2.0,12.754481799451943,-26.333227774740923,12.754481799451943,-26.333227774740923,2.679442669904342,-0.04503673157752752,-0.001872634827684877
788.0,31.52,2.0,12.685495055663695,-26.39601508021914,12.685495055663695,-26.39601508021914,2.681859962215919,-0.04503673157752752,-0.001872634827684877
789.0,31.560000000000002,2.0,12.616157581689437,-26.458900699449522,12.616157581689437,-26.458900699449522,2.684289647967998,-0.04503673157752752,-0.001872634827684877
790.0,31.6,2.0,12.546475112449192,-26.52169169901478,12.546475112449192,-26.52169169901478,2.6867324835411877,-0.04503673157752752,-0.001872634827684877
791.0,31.64,2.0,12.47644718698091,-26.58438578038272,12.47644718698091,-26.58438578038272,2.6891884689354875,-0.04503673157752752,-0.001872634827684877
792.0,31.68,2.0,12.406073892545871,-26.64698103239375,12.406073892545871,-26.64698103239375,2.6916644091890163,-0.04503673157752752,-0.001872634827684877
793.0,31.720000000000002,2.0,12.335354785903716,-26.709475153026105,12.335354785903716,-26.709475153026105,2.694160304301776,-0.04503673157752752,-0.001872634827684877
794.0,31.76,2.0,12.26428992624015,-26.771822640736435,12.26428992624015,-26.771822640736435,2.6966697042567818,-0.04503673157752752,-0.001872634827684877
795.0,31.8,2.0,12.1928788880629,-26.833955647963638,12.1928788880629,-26.833955647963638,2.6991926090540344,-0.04503673157752752,-0.001872634827684877
796.0,31.84,2.0,12.121121703319822,-26.8958745659787,12.121121703319822,-26.8958745659787,2.701729574394405,-0.04503673157752752,-0.001872634827684877
797.0,31.88,2.0,12.04901796429211,-26.95757939478163,12.04901796429211,-26.95757939478163,2.7042806002778943,-0.04503673157752752,-0.001872634827684877
798.0,31.92,2.0,11.976418893759922,-27.019070526708656,11.976418893759922,-27.019070526708656,2.7068462424053745,-0.04503673157752752,-0.001872634827684877
799.0,31.96,2.0,11.903324101802221,-27.08034796175978,11.903324101802221,-27.08034796175978,2.709426500776845,-0.04503673157752752,-0.001872634827684877
800.0,32.0,2.0,11.829777184235985,-27.141491138941888,11.829777184235985,-27.141491138941888,2.712021639312737,-0.04503673157752752,-0.001872634827684877
801.0,32.04,2.0,11.755777768961202,-27.202500058254987,11.755777768961202,-27.202500058254987,2.7146316580130505,-0.04503673157752752,-0.001872634827684877
802.0,32.08,2.0,11.681430659770944,-27.2634299319607,11.681430659770944,-27.2634299319607,2.7172569133961044,-0.04503673157752752,-0.001872634827684877
803.0,32.12,2.0,11.60673550240841,-27.324280760059015,11.60673550240841,-27.324280760059015,2.719897405461897,-0.04503673157752752,-0.001872634827684877
804.0,32.160000000000004,2.0,11.531692270064335,-27.384918679141695,11.531692270064335,-27.384918679141695,2.722547917066529,-0.04503673157752752,-0.001872634827684877
805.0,32.2,2.0,11.456300626346254,-27.445343689208727,11.456300626346254,-27.445343689208727,2.72520844821,-0.04503673157752752,-0.001872634827684877
806.0,32.24,2.0,11.380560520654061,-27.50573056523552,11.380560520654061,-27.50573056523552,2.7278790571229536,-0.04503673157752752,-0.001872634827684877
807.0,32.28,2.0,11.304471634479707,-27.566079307222086,11.304471634479707,-27.566079307222086,2.7305597438053906,-0.04503673157752752,-0.001872634827684877
808.0,32.32,2.0,11.227862729673456,-27.62625366975325,11.227862729673456,-27.62625366975325,2.7332505082573104,-0.04503673157752752,-0.001872634827684877
809.0,32.36,2.0,11.150733505630662,-27.686253652828995,11.150733505630662,-27.686253652828995,2.7359513504787123,-0.04503673157752752,-0.001872634827684877
810.0,32.4,2.0,11.073171218808863,-27.746036844021898,11.073171218808863,-27.746036844021898,2.738662270469598,-0.04503673157752752,-0.001872634827684877
811.0,32.44,2.0,10.995175586524772,-27.80560324333195,10.995175586524772,-27.80560324333195,2.7413832682299653,-0.04503673157752752,-0.001872634827684877
812.0,32.480000000000004,2.0,10.916818413209757,-27.864955042355163,10.916818413209757,-27.864955042355163,2.7441143437598163,-0.04503673157752752,-0.001872634827684877
813.0,32.52,2.0,10.838099434118764,-27.924092241091536,10.838099434118764,-27.924092241091536,2.7468554970591503,-0.04503673157752752,-0.001872634827684877
814.0,32.56,2.0,10.759018261781751,-27.98301269417314,10.759018261781751,-27.98301269417314,2.7496067281279664,-0.04503673157752752,-0.001872634827684877
815.0,32.6,2.0,10.679574649407716,-28.04171640159998,10.679574649407716,-28.04171640159998,2.7523680369662666,-0.04503673157752752,-0.001872634827684877
816.0,32.64,2.0,10.599744110749107,-28.10035263245463,10.599744110749107,-28.10035263245463,2.7551394235740485,-0.04503673157752752,-0.001872634827684877
817.0,32.68,2.0,10.51952641698371,-28.158921386737077,10.51952641698371,-28.158921386737077,2.7579208879513137,-0.04503673157752752,-0.001872634827684877
818.0,32.72,2.0,10.438726591560794,-28.217339075124364,10.438726591560794,-28.217339075124364,2.7607124300980614,-0.04503673157752752,-0.001872634827684877
819.0,32.76,2.0,10.357344423640603,-28.27560569761649,10.357344423640603,-28.27560569761649,2.7635140500142925,-0.04503673157752752,-0.001872634827684877
820.0,32.8,2.0,10.275599278379932,-28.333652339636764,10.275599278379932,-28.333652339636764,2.766325747700006,-0.04503673157752752,-0.001872634827684877
821.0,32.84,2.0,10.193490962934103,-28.391479001185175,10.193490962934103,-28.391479001185175,2.7691475231552025,-0.04503673157752752,-0.001872634827684877
822.0,32.88,2.0,10.11101999420804,-28.449097863918237,10.11101999420804,-28.449097863918237,2.7719793763798815,-0.04503673157752752,-0.001872634827684877
823.0,32.92,2.0,10.028186197363665,-28.506508927835938,10.028186197363665,-28.506508927835938,2.7748213073740438,-0.04503673157752752,-0.001872634827684877
824.0,32.96,2.0,9.944990103695469,-28.56371101684554,9.944990103695469,-28.56371101684554,2.777673316137689,-0.04503673157752752,-0.001872634827684877
825.0,33.0,2.0,9.861431556382454,-28.620704130947036,9.861431556382454,-28.620704130947036,2.7805354026708167,-0.04503673157752752,-0.001872634827684877
826.0,33.04,2.0,9.777511101108235,-28.677554336244135,9.777511101108235,-28.677554336244135,2.783407566973428,-0.04503673157752752,-0.001872634827684877
827.0,33.08,2.0,9.693228599078294,-28.73426163273685,9.693228599078294,-28.73426163273685,2.7862898090455217,-0.04503673157752752,-0.001872634827684877
828.0,33.12,2.0,9.60858461036392,-28.790901781231113,9.60858461036392,-28.790901781231113,2.7891821288870973,-0.04503673157752752,-0.001872634827684877
829.0,33.160000000000004,2.0,9.5235790142054,-28.847474781726945,9.5235790142054,-28.847474781726945,2.792084526498157,-0.04503673157752752,-0.001872634827684877
830.0,33.2,2.0,9.43821238505924,-28.90383673925742,9.43821238505924,-28.90383673925742,2.794997001878699,-0.04503673157752752,-0.001872634827684877
831.0,33.24,2.0,9.352484620207775,-28.95998765382256,9.352484620207775,-28.95998765382256,2.797919555028724,-0.04503673157752752,-0.001872634827684877
832.0,33.28,2.0,9.266204744377557,-29.01458499960266,9.266204744377557,-29.01458499960266,2.8008608434816784,-0.04503673157752752,-0.001872634827684877
833.0,33.32,2.0,9.179372672899158,-29.067628776597722,9.179372672899158,-29.067628776597722,2.803820867237563,-0.04503673157752752,-0.001872634827684877
834.0,33.36,2.0,9.09212363548605,-29.118830401350717,9.09212363548605,-29.118830401350717,2.806792388998966,-0.04503673157752752,-0.001872634827684877
835.0,33.4,2.0,9.004457565522156,-29.168189873861653,9.004457565522156,-29.168189873861653,2.809775408765888,-0.04503673157752752,-0.001872634827684877
836.0,33.44,2.0,8.916318331902048,-29.215697028976813,8.916318331902048,-29.215697028976813,2.812768506302293,-0.04503673157752752,-0.001872634827684877
837.0,33.480000000000004,2.0,8.827705886067037,-29.261351866696195,8.827705886067037,-29.261351866696195,2.815771681608181,-0.04503673157752752,-0.001872634827684877
838.0,33.52,2.0,8.738597709025516,-29.305144332909553,8.738597709025516,-29.305144332909553,2.8187904776889954,-0.04503673157752752,-0.001872634827684877
839.0,33.56,2.0,8.648993770279152,-29.347074427616885,8.648993770279152,-29.347074427616885,2.821824894544738,-0.04503673157752752,-0.001872634827684877
840.0,33.6,2.0,8.559030214129628,-29.38713220995757,8.559030214129628,-29.38713220995757,2.8248739239340015,-0.04503673157752752,-0.001872634827684877
841.0,33.64,2.0,8.468707028140853,-29.42531767993163,8.468707028140853,-29.42531767993163,2.8279375658567862,-0.04503673157752752,-0.001872634827684877
842.0,33.68,2.0,8.37802488038938,-29.4632890258631,8.37802488038938,-29.4632890258631,2.831011285549054,-0.04503673157752752,-0.001872634827684877
843.0,33.72,2.0,8.286983776502174,-29.501046247751994,8.286983776502174,-29.501046247751994,2.834095083010804,-0.04503673157752752,-0.001872634827684877
844.0,33.76,2.0,8.195834915073958,-29.538373992180684,8.195834915073958,-29.538373992180684,2.8371788804725546,-0.04503673157752752,-0.001872634827684877
845.0,33.8,2.0,8.104579647921726,-29.575283423675202,8.104579647921726,-29.575283423675202,2.840262677934305,-0.04503673157752752,-0.001872634827684877
846.0,33.84,2.0,8.013219328446214,-29.611768237494523,8.013219328446214,-29.611768237494523,2.8433464753960553,-0.04503673157752752,-0.001872634827684877
847.0,33.88,2.0,7.92175531161179,-29.647847903972387,7.92175531161179,-29.647847903972387,2.8464302728578064,-0.04503673157752752,-0.001872634827684877
848.0,33.92,2.0,7.83018895392634,-29.68351473490964,7.83018895392634,-29.68351473490964,2.849514070319557,-0.04503673157752752,-0.001872634827684877
849.0,33.96,2.0,7.73804203890699,-29.718778653919898,7.73804203890699,-29.718778653919898,2.8525978677813066,-0.04503673157752752,-0.001872634827684877
850.0,34.0,2.0,7.64571150331399,-29.75363713470629,7.64571150331399,-29.75363713470629,2.8556816652430577,-0.04503673157752752,-0.001872634827684877
851.0,34.04,2.0,7.552827216140382,-29.78809525653512,7.552827216140382,-29.78809525653512,2.858765462704808,-0.04503673157752752,-0.001872634827684877
852.0,34.08,2.0,7.459843470439361,-29.822152542971946,7.459843470439361,-29.822152542971946,2.861849260166559,-0.04503673157752752,-0.001872634827684877
853.0,34.12,2.0,7.3667616452794045,-29.8558185248123,7.3667616452794045,-29.8558185248123,2.864933057628309,-0.04503673157752752,-0.001872634827684877
854.0,34.160000000000004,2.0,7.273583121189105,-29.889084802824858,7.273583121189105,-29.889084802824858,2.868016855090059,-0.04503673157752752,-0.001872634827684877
855.0,34.2,2.0,7.180309280136641,-29.921953501201024,7.180309280136641,-29.921953501201024,2.87110065255181,-0.04503673157752752,-0.001872634827684877
856.0,34.24,2.0,7.086941505509275,-29.95442664650517,7.086941505509275,-29.95442664650517,2.8741844500135603,-0.04503673157752752,-0.001872634827684877
857.0,34.28,2.0,6.993481182092783,-29.986506166312978,6.993481182092783,-29.986506166312978,2.87728638380707,-0.04503673157752752,-0.001872634827684877
858.0,34.32,2.0,6.899649196131346,-30.018193887871337,6.899649196131346,-30.018193887871337,2.8803903368077854,-0.04503673157752752,-0.001872634827684877
859.0,34.36,2.0,6.805490223433204,-30.04949153678008,6.805490223433204,-30.04949153678008,2.8834942898085023,-0.04503673157752752,-0.001872634827684877
860.0,34.4,2.0,6.711241634675025,-30.08040073569576,6.711241634675025,-30.08040073569576,2.886607361534535,-0.04503673157752752,-0.001872634827684877
861.0,34.44,2.0,6.616904827724543,-30.110923003057643,6.616904827724543,-30.110923003057643,2.889731470074217,-0.04503673157752752,-0.001872634827684877
862.0,34.480000000000004,2.0,6.52212115909663,-30.141059751836206,6.52212115909663,-30.141059751836206,2.8928555786138985,-0.04503673157752752,-0.001872634827684877
863.0,34.52,2.0,6.427090736705282,-30.170823582577285,6.427090736705282,-30.170823582577285,2.895979687153581,-0.04503673157752752,-0.001872634827684877
864.0,34.56,2.0,6.33197509084567,-30.200217711079897,6.33197509084567,-30.200217711079897,2.899103795693262,-0.04503673157752752,-0.001872634827684877
865.0,34.6,2.0,6.23677563226327,-30.229245340180515,6.23677563226327,-30.229245340180515,2.9022279042329435,-0.04503673157752752,-0.001872634827684877
866.0,34.64,2.0,6.141493772951786,-30.257908343134783,6.141493772951786,-30.257908343134783,2.905352012772626,-0.04503673157752752,-0.001872634827684877
867.0,34.68,2.0,6.046006138181429,-30.28620859861504,6.046006138181429,-30.28620859861504,2.908476121312308,-0.04503673157752752,-0.001872634827684877
868.0,34.72,2.0,5.950037560234876,-30.314147990682493,5.950037560234876,-30.314147990682493,2.9116002298519894,-0.04503673157752752,-0.001872634827684877
869.0,34.76,2.0,5.853989649240233,-30.34172840875925,5.853989649240233,-30.34172840875925,2.9147243383916717,-0.04503673157752752,-0.001872634827684877
870.0,34.800000000000004,2.0,5.757863829792731,-30.368951747600278,5.757863829792731,-30.368951747600278,2.917848446931353,-0.04503673157752752,-0.001872634827684877
871.0,34.84,2.0,5.661661527648147,-30.395819907265317,5.661661527648147,-30.395819907265317,2.9209725554710344,-0.04503673157752752,-0.001872634827684877
872.0,34.88,2.0,5.5653841697016135,-30.4223347930907,5.5653841697016135,-30.4223347930907,2.9240966640107167,-0.04503673157752752,-0.001872634827684877
873.0,34.92,2.0,5.46876907874334,-30.448498315661052,5.46876907874334,-30.448498315661052,2.927220772550398,-0.04503673157752752,-0.001872634827684877
874.0,34.96,2.0,5.371813936744226,-30.47431239078098,5.371813936744226,-30.47431239078098,2.9303448810900803,-0.04503673157752752,-0.001872634827684877
875.0,35.0,2.0,5.274786889938327,-30.499778939446628,5.274786889938327,-30.499778939446628,2.9334689896297625,-0.04503673157752752,-0.001872634827684877
876.0,35.04,2.0,5.177679345576297,-30.524899887817185,5.177679345576297,-30.524899887817185,2.936612727143491,-0.04503673157752752,-0.001872634827684877
877.0,35.08,2.0,5.079978585330815,-30.54967716718633,5.079978585330815,-30.54967716718633,2.939756991222138,-0.04503673157752752,-0.001872634827684877
878.0,35.12,2.0,4.982209120352006,-30.574112713953554,4.982209120352006,-30.574112713953554,2.9429012553007863,-0.04503673157752752,-0.001872634827684877
879.0,35.160000000000004,2.0,4.884372400807991,-30.59820846959542,4.884372400807991,-30.59820846959542,2.9460495716964563,-0.04503673157752752,-0.001872634827684877
880.0,35.2,2.0,4.786469877869206,-30.62196638063682,4.786469877869206,-30.62196638063682,2.94921399131407,-0.04503673157752752,-0.001872634827684877
881.0,35.24,2.0,4.688503003686843,-30.645388398622032,4.688503003686843,-30.645388398622032,2.9523784109316833,-0.04503673157752752,-0.001872634827684877
882.0,35.28,2.0,4.59047323137128,-30.668476480085776,4.59047323137128,-30.668476480085776,2.955542830549296,-0.04503673157752752,-0.001872634827684877
883.0,35.32,2.0,4.492382014970496,-30.69123258652424,4.492382014970496,-30.69123258652424,2.9587072501669094,-0.04503673157752752,-0.001872634827684877
884.0,35.36,2.0,4.393960606703155,-30.713658684365917,4.393960606703155,-30.713658684365917,2.961871669784523,-0.04503673157752752,-0.001872634827684877
885.0,35.4,2.0,4.295208969450239,-30.73575674494245,4.295208969450239,-30.73575674494245,2.9650360894021364,-0.04503673157752752,-0.001872634827684877
886.0,35.44,2.0,4.19591090844584,-30.7575287444594,4.19591090844584,-30.7575287444594,2.9682005090197494,-0.04503673157752752,-0.001872634827684877
887.0,35.480000000000004,2.0,4.0965014915481275,-30.77897666396691,4.0965014915481275,-30.77897666396691,2.9713649286373625,-0.04503673157752752,-0.001872634827684877
888.0,35.52,2.0,3.9970358091169618,-30.800102489330314,3.9970358091169618,-30.800102489330314,2.974529348254975,-0.04503673157752752,-0.001872634827684877
889.0,35.56,2.0,3.897515336520858,-30.820908211200674,3.897515336520858,-30.820908211200674,2.977693767872589,-0.04503673157752752,-0.001872634827684877
890.0,35.6,2.0,3.7979415499455205,-30.841283474480516,3.7979415499455205,-30.841283474480516,2.9808581874902025,-0.04503673157752752,-0.001872634827684877
891.0,35.64,2.0,3.6983159263719174,-30.861227975759803,3.6983159263719174,-30.861227975759803,2.9840226071078155,-0.04503673157752752,-0.001872634827684877
892.0,35.68,2.0,3.5986399435543355,-30.8807414180226,3.5986399435543355,-30.8807414180226,2.9871870267254286,-0.04503673157752752,-0.001872634827684877
893.0,35.72,2.0,3.4989150799984303,-30.899823510651434,3.4989150799984303,-30.899823510651434,2.990351446343042,-0.04503673157752752,-0.001872634827684877
894.0,35.76,2.0,3.3986672291588307,-30.91847396943168,3.3986672291588307,-30.91847396943168,2.993517503415447,-0.04503673157752752,-0.001872634827684877
895.0,35.800000000000004,2.0,3.2982988537129083,-30.936692516555787,3.2982988537129083,-30.936692516555787,2.9967020785720258,-0.04503673157752752,-0.001872634827684877
896.0,35.84,2.0,3.1975091718324324,-30.954478880627423,3.1975091718324324,-30.954478880627423,2.999886653728604,-0.04503673157752752,-0.001872634827684877
897.0,35.88,2.0,3.0965002159366652,-30.971832796665495,3.0965002159366652,-30.971832796665495,3.0030712288851835,-0.04503673157752752,-0.001872634827684877
898.0,35.92,2.0,2.995447807385075,-30.988754006108138,2.995447807385075,-30.988754006108138,3.006255804041763,-0.04503673157752752,-0.001872634827684877
899.0,35.96,2.0,2.894353445120703,-31.005242256816576,2.894353445120703,-31.005242256816576,3.0094564215233155,-0.04503673157752752,-0.001872634827684877
900.0,36.0,2.0,2.793218628713125,-31.02129730307885,2.793218628713125,-31.02129730307885,3.01266115221886,-0.04503673157752752,-0.001872634827684877
901.0,36.04,2.0,2.692044858336175,-31.036918905613526,2.692044858336175,-31.036918905613526,3.015865882914405,-0.04503673157752752,-0.001872634827684877
902.0,36.08,2.0,2.5908336347456564,-31.052106831573237,2.5908336347456564,-31.052106831573237,3.019090769148915,-0.04503673157752752,-0.001872634827684877
903.0,36.12,2.0,2.4891068420109073,-31.066860854548157,2.4891068420109073,-31.066860854548157,3.022335810922391,-0.04503673157752752,-0.001872634827684877
904.0,36.160000000000004,2.0,2.3872682016163576,-31.081180754569402,2.3872682016163576,-31.081180754569402,3.025601008234833,-0.04503673157752752,-0.001872634827684877
905.0,36.2,2.0,2.2853956713223376,-31.09506631811231,2.2853956713223376,-31.09506631811231,3.0288863610862404,-0.04503673157752752,-0.001872634827684877
906.0,36.24,2.0,2.183472710696174,-31.108517338099617,2.183472710696174,-31.108517338099617,3.032191869476613,-0.04503673157752752,-0.001872634827684877
907.0,36.28,2.0,2.0809780434605463,-31.121533613904553,2.0809780434605463,-31.121533613904553,3.035517533405952,-0.04503673157752752,-0.001872634827684877
908.0,36.32,2.0,1.9778942044687187,-31.134114951353848,1.9778942044687187,-31.134114951353848,3.038863352874256,-0.04503673157752752,-0.001872634827684877
909.0,36.36,2.0,1.8742217888823671,-31.146261162730625,1.8742217888823671,-31.146261162730625,3.0422293278815267,-0.04503673157752752,-0.001872634827684877
910.0,36.4,2.0,1.7699614005954152,-31.157972066777216,1.7699614005954152,-31.157972066777216,3.045615458427762,-0.04503673157752752,-0.001872634827684877
911.0,36.44,2.0,1.665113652225076,-31.169247488697845,1.665113652225076,-31.169247488697845,3.0490217445129635,-0.04503673157752752,-0.001872634827684877
912.0,36.480000000000004,2.0,1.5596791651027728,-31.180087260161272,1.5596791651027728,-31.180087260161272,3.0524481861371306,-0.04503673157752752,-0.001872634827684877
913.0,36.52,2.0,1.4536585692649249,-31.19049121930328,1.4536585692649249,-31.19049121930328,3.0558947833002637,-0.04503673157752752,-0.001872634827684877
914.0,36.56,2.0,1.3470525034436063,-31.200459210729125,1.3470525034436063,-31.200459210729125,3.059361536002362,-0.04503673157752752,-0.001872634827684877
915.0,36.6,2.0,1.2398616150570754,-31.20999108551585,1.2398616150570754,-31.20999108551585,3.0628484442434267,-0.04503673157752752,-0.001872634827684877
916.0,36.64,2.0,1.132086560200175,-31.219086701214486,1.132086560200175,-31.219086701214486,3.066355508023457,-0.04503673157752752,-0.001872634827684877
917.0,36.68,2.0,1.0237280036346037,-31.227745921852236,1.0237280036346037,-31.227745921852236,3.069882727342452,-0.04503673157752752,-0.001872634827684877
918.0,36.72,2.0,0.9147866187790569,-31.235968617934457,0.9147866187790569,-31.235968617934457,3.073430102200413,-0.04503673157752752,-0.001872634827684877
919.0,36.76,2.0,0.8052630876992426,-31.243754666446637,0.8052630876992426,-31.243754666446637,3.0769976325973403,-0.04503673157752752,-0.001872634827684877
920.0,36.800000000000004,2.0,0.6951581010977654,-31.251103950856223,0.6951581010977654,-31.251103950856223,3.0805853185332333,-0.04503673157752752,-0.001872634827684877
921.0,36.84,2.0,0.5844723583038843,-31.258016361114375,0.5844723583038843,-31.258016361114375,3.084193160008091,-0.04503673157752752,-0.001872634827684877
922.0,36.88,2.0,0.4732065672631406,-31.26449179365759,0.4732065672631406,-31.26449179365759,3.087821157021916,-0.04503673157752752,-0.001872634827684877
923.0,36.92,2.0,0.3613614445268596,-31.270530151409307,0.3613614445268596,-31.270530151409307,3.0914693095747054,-0.04503673157752752,-0.001872634827684877
924.0,36.96,2.0,0.24893771524152244,-31.276131343781305,0.24893771524152244,-31.276131343781305,3.0951376176664605,-0.04503673157752752,-0.001872634827684877
925.0,37.0,2.0,0.13593611313801252,-31.281295286675107,0.13593611313801252,-31.281295286675107,3.0988260812971813,-0.04503673157752752,-0.001872634827684877
926.0,37.04,2.0,0.022357380520732186,-31.286021902483228,0.022357380520732186,-31.286021902483228,3.102534700466869,-0.04503673157752752,-0.001872634827684877
927.0,37.08,2.0,-0.09123884071241138,-31.29031112009034,-0.09123884071241138,-31.29031112009034,3.106263475175521,-0.04503673157752752,-0.001872634827684877
928.0,37.12,2.0,-0.20485086548290946,-31.294162874874367,-0.20485086548290946,-31.294162874874367,3.110012405423139,-0.04503673157752752,-0.001872634827684877
929.0,37.160000000000004,2.0,-0.3184770084738246,-31.297577108707408,-0.3184770084738246,-31.297577108707408,3.113781491209724,-0.04503673157752752,-0.001872634827684877
930.0,37.2,2.0,-0.43211558415482837,-31.30055376995668,-0.43211558415482837,-31.30055376995668,3.117570732535273,-0.04503673157752752,-0.001872634827684877
931.0,37.24,2.0,-0.5457649068072423,-31.303092813485243,-0.5457649068072423,-31.303092813485243,3.121380129399788,-0.04503673157752752,-0.001872634827684877
932.0,37.28,2.0,-0.6594232905490817,-31.30519420065273,-0.6594232905490817,-31.30519420065273,3.125209681803269,-0.04503673157752752,-0.001872634827684877
933.0,37.32,2.0,-0.7730890493601018,-31.30685789931589,-0.7730890493601018,-31.30685789931589,3.1290593897457164,-0.04503673157752752,-0.001872634827684877
934.0,37.36,2.0,-0.8867604971068465,-31.308083883829138,-0.8867604971068465,-31.308083883829138,3.132909097688162,-0.04503673157752752,-0.001872634827684877
935.0,37.4,2.0,-1.0004359475676976,-31.308872135044894,-1.0004359475676976,-31.308872135044894,3.1367588056306093,-0.04503673157752752,-0.001872634827684877
936.0,37.44,2.0,-1.114113714457928,-31.30922264031391,-1.114113714457928,-31.30922264031391,3.140608513573056,-0.04503673157752752,-0.001872634827684877
937.0,37.480000000000004,2.0,-1.227792111454752,-31.30913539348547,-1.227792111454752,-31.30913539348547,3.1444582215155026,-0.04503673157752752,-0.001872634827684877
938.0,37.52,2.0,-1.3414694522223811,-31.308610394907483,-1.3414694522223811,-31.308610394907483,3.1483079294579492,-0.04503673157752752,-0.001872634827684877
939.0,37.56,2.0,-1.4551440504370738,-31.307647651426525,-1.4551440504370738,-31.307647651426525,3.152157637400396,-0.04503673157752752,-0.001872634827684877
940.0,37.6,2.0,-1.5688142198121926,-31.3062471763877,-1.5688142198121926,-31.3062471763877,3.156007345342842,-0.04503673157752752,-0.001872634827684877
941.0,37.64,2.0,-1.6824782741232542,-31.304408989634503,-1.6824782741232542,-31.304408989634503,3.159857053285289,-0.04503673157752752,-0.001872634827684877
942.0,37.68,2.0,-1.7961345272329823,-31.30213311750851,-1.7961345272329823,-31.30213311750851,3.1637067612277354,-0.04503673157752752,-0.001872634827684877
943.0,37.72,2.0,-1.909781293116358,-31.299419592849013,-1.909781293116358,-31.299419592849013,3.167556469170182,-0.04503673157752752,-0.001872634827684877
944.0,37.76,2.0,-2.023416885885669,-31.29626845499254,-2.023416885885669,-31.29626845499254,3.1714061771126296,-0.04503673157752752,-0.001872634827684877
945.0,37.800000000000004,2.0,-2.1370396198155563,-31.292679749772287,-2.1370396198155563,-31.292679749772287,3.1752558850550754,-0.04503673157752752,-0.001872634827684877
946.0,37.84,2.0,-2.2506478093680595,-31.288653529517443,-2.2506478093680595,-31.288653529517443,3.1791055929975225,-0.04503673157752752,-0.001872634827684877
947.0,37.88,2.0,-2.364239769217658,-31.28418985305246,-2.364239769217658,-31.28418985305246,3.182955300939969,-0.04503673157752752,-0.001872634827684877
948.0,37.92,2.0,-2.4778138142763098,-31.27928878569613,-2.4778138142763098,-31.27928878569613,3.186805008882416,-0.04503673157752752,-0.001872634827684877
949.0,37.96,2.0,-2.5913682597184873,-31.273950399260688,-2.5913682597184873,-31.273950399260688,3.1906547168248625,-0.04503673157752752,-0.001872634827684877
950.0,38.0,2.0,-2.704901421006209,-31.268174772050724,-2.704901421006209,-31.268174772050724,3.1945044247673087,-0.04503673157752752,-0.001872634827684877
951.0,38.04,2.0,-2.818411613914066,-31.26196198886204,-2.818411613914066,-31.26196198886204,3.1983541327097558,-0.04503673157752752,-0.001872634827684877
952.0,38.08,2.0,-2.9318971545542447,-31.255312140980408,-2.9318971545542447,-31.255312140980408,3.202203840652202,-0.04503673157752752,-0.001872634827684877
953.0,38.12,2.0,-3.045356359401546,-31.248225326180236,-3.045356359401546,-31.248225326180236,3.206053548594649,-0.04503673157752752,-0.001872634827684877
954.0,38.160000000000004,2.0,-3.158787545318395,-31.240701648723103,-3.158787545318395,-31.240701648723103,3.2099032565370953,-0.04503673157752752,-0.001872634827684877
955.0,38.2,2.0,-3.2721890295798493,-31.232741219356228,-3.2721890295798493,-31.232741219356228,3.213752964479542,-0.04503673157752752,-0.001872634827684877
956.0,38.24,2.0,-3.3855591298986,-31.224344155310874,-3.3855591298986,-31.224344155310874,3.2176026724219886,-0.04503673157752752,-0.001872634827684877
957.0,38.28,2.0,-3.498896164449966,-31.215510580300567,-3.498896164449966,-31.215510580300567,3.2214523803644357,-0.04503673157752752,-0.001872634827684877
958.0,38.32,2.0,-3.6121984518968784,-31.206240624519303,-3.6121984518968784,-31.206240624519303,3.2253020883068824,-0.04503673157752752,-0.001872634827684877
959.0,38.36,2.0,-3.725464311414862,-31.196534424639616,-3.725464311414862,-31.196534424639616,3.229151796249329,-0.04503673157752752,-0.001872634827684877
960.0,38.4,2.0,-3.838692062717011,-31.186392123810567,-3.838692062717011,-31.186392123810567,3.2330015041917757,-0.04503673157752752,-0.001872634827684877
961.0,38.44,2.0,-3.9518800260789506,-31.17581387165562,-3.9518800260789506,-31.17581387165562,3.2368512121342223,-0.04503673157752752,-0.001872634827684877
962.0,38.480000000000004,2.0,-4.06502652236379,-31.164799824270435,-4.06502652236379,-31.164799824270435,3.2407009200766685,-0.04503673157752752,-0.001872634827684877
963.0,38.52,2.0,-4.178129873047078,-31.153350144220568,-4.178129873047078,-31.153350144220568,3.2445506280191156,-0.04503673157752752,-0.001872634827684877
964.0,38.56,2.0,-4.291188400241734,-31.141465000539043,-4.291188400241734,-31.141465000539043,3.248400335961562,-0.04503673157752752,-0.001872634827684877
965.0,38.6,2.0,-4.404200426722981,-31.1291445687239,-4.404200426722981,-31.1291445687239,3.2522500439040085,-0.04503673157752752,-0.001872634827684877
966.0,38.64,2.0,-4.517164275953264,-31.116389030735547,-4.517164275953264,-31.116389030735547,3.256099751846456,-0.04503673157752752,-0.001872634827684877
967.0,38.68,2.0,-4.630078272107156,-31.103198574994106,-4.630078272107156,-31.103198574994106,3.2599494597889023,-0.04503673157752752,-0.001872634827684877
968.0,38.72,2.0,-4.742940740096265,-31.08957339637661,-4.742940740096265,-31.08957339637661,3.263799167731349,-0.04503673157752752,-0.001872634827684877
969.0,38.76,2.0,-4.8557500055941105,-31.07551369621412,-4.8557500055941105,-31.07551369621412,3.2676488756737956,-0.04503673157752752,-0.001872634827684877
970.0,38.800000000000004,2.0,-4.96850439506101,-31.06101968228875,-4.96850439506101,-31.06101968228875,3.271498583616242,-0.04503673157752752,-0.001872634827684877
971.0,38.84,2.0,-5.081202235768935,-31.04609156883059,-5.081202235768935,-31.04609156883059,3.275348291558689,-0.04503673157752752,-0.001872634827684877
972.0,38.88,2.0,-5.19384185582637,-31.030729576514524,-5.19384185582637,-31.030729576514524,3.2791979995011356,-0.04503673157752752,-0.001872634827684877
973.0,38.92,2.0,-5.306421584203149,-31.014933932456987,-5.306421584203149,-31.014933932456987,3.2830477074435818,-0.04503673157752752,-0.001872634827684877
974.0,38.96,2.0,-5.418939750755288,-30.99870487021257,-5.418939750755288,-30.99870487021257,3.286897415386029,-0.04503673157752752,-0.001872634827684877
975.0,39.0,2.0,-5.531394686249793,-30.9820426297706,-5.531394686249793,-30.9820426297706,3.290747123328475,-0.04503673157752752,-0.001872634827684877
976.0,39.04,2.0,-5.643784722389461,-30.964947457551553,-5.643784722389461,-30.964947457551553,3.2945968312709217,-0.04503673157752752,-0.001872634827684877
977.0,39.08,2.0,-5.756108191837676,-30.94741960640342,-5.756108191837676,-30.94741960640342,3.2984465392133693,-0.04503673157752752,-0.001872634827684877
978.0,39.12,2.0,-5.868363428243171,-30.929459335597954,-5.868363428243171,-30.929459335597954,3.3022962471558155,-0.04503673157752752,-0.001872634827684877
979.0,39.160000000000004,2.0,-5.980548766264792,-30.911066910826836,-5.980548766264792,-30.911066910826836,3.306145955098262,-0.04503673157752752,-0.001872634827684877
980.0,39.2,2.0,-6.092662541596242,-30.892242604197737,-6.092662541596242,-30.892242604197737,3.309995663040708,-0.04503673157752752,-0.001872634827684877
981.0,39.24,2.0,-6.204703090990801,-30.872986694230278,-6.204703090990801,-30.872986694230278,3.3138453709831555,-0.04503673157752752,-0.001872634827684877
982.0,39.28,2.0,-6.31666875228605,-30.85329946585191,-6.31666875228605,-30.85329946585191,3.317695078925602,-0.04503673157752752,-0.001872634827684877
983.0,39.32,2.0,-6.428557864428555,-30.833181210393704,-6.428557864428555,-30.833181210393704,3.3215447868680488,-0.04503673157752752,-0.001872634827684877
984.0,39.36,2.0,-6.540368767498561,-30.81263222558601,-6.540368767498561,-30.81263222558601,3.325394494810495,-0.04503673157752752,-0.001872634827684877
985.0,39.4,2.0,-6.652099802734636,-30.791696403585814,-6.652099802734636,-30.791696403585814,3.3292442027529416,-0.04503673157752752,-0.001872634827684877
986.0,39.44,2.0,-6.763749312558332,-30.770439597095155,-6.763749312558332,-30.770439597095155,3.333093910695389,-0.04503673157752752,-0.001872634827684877
987.0,39.480000000000004,2.0,-6.875315640598809,-30.748859816015596,-6.875315640598809,-30.748859816015596,3.336943618637835,-0.04503673157752752,-0.001872634827684877
988.0,39.52,2.0,-6.986797131717443,-30.726955075038926,-6.986797131717443,-30.726955075038926,3.3407933265802816,-0.04503673157752752,-0.001872634827684877
989.0,39.56,2.0,-7.098192132032416,-30.704723393676574,-7.098192132032416,-30.704723393676574,3.3446430345227287,-0.04503673157752752,-0.001872634827684877
990.0,39.6,2.0,-7.209498988943296,-30.682162796289052,-7.209498988943296,-30.682162796289052,3.3484927424651754,-0.04503673157752752,-0.001872634827684877
991.0,39.64,2.0,-7.3207160511555855,-30.65927131211528,-7.3207160511555855,-30.65927131211528,3.352342450407622,-0.04503673157752752,-0.001872634827684877
992.0,39.68,2.0,-7.431841668705256,-30.636046975301824,-7.431841668705256,-30.636046975301824,3.3561921583500687,-0.04503673157752752,-0.001872634827684877
993.0,39.72,2.0,-7.542874192983271,-30.612487824932117,-7.542874192983271,-30.612487824932117,3.360041866292515,-0.04503673157752752,-0.001872634827684877
994.0,39.76,2.0,-7.6538119767600685,-30.588591905055562,-7.6538119767600685,-30.588591905055562,3.363891574234962,-0.04503673157752752,-0.001872634827684877
995.0,39.800000000000004,2.0,-7.764653374210046,-30.56435726471655,-7.764653374210046,-30.56435726471655,3.367741282177408,-0.04503673157752752,-0.001872634827684877
996.0,39.84,2.0,-7.875396740936007,-30.539781957983447,-7.875396740936007,-30.539781957983447,3.3715909901198553,-0.04503673157752752,-0.001872634827684877
997.0,39.88,2.0,-7.986040433993602,-30.514864043977507,-7.986040433993602,-30.514864043977507,3.3754406980623015,-0.04503673157752752,-0.001872634827684877
998.0,39.92,2.0,-8.09658281191573,-30.489601586901628,-8.09658281191573,-30.489601586901628,3.379290406004748,-0.04503673157752752,-0.001872634827684877
999.0,39.96,2.0,-8.20702223473693,-30.463992656069156,-8.20702223473693,-30.463992656069156,3.3831401139471953,-0.04503673157752752,-0.001872634827684877
1000.0,40.0,2.0,-8.317357064017758,-30.438035325932514,-8.317357064017758,-30.438035325932514,3.386989821889642,-0.04503673157752752,-0.001872634827684877
1001.0,40.04,2.0,-8.427585662869108,-30.411727676111795,-8.427585662869108,-30.411727676111795,3.3908395298320886,-0.04503673157752752,-0.001872634827684877
1002.0,40.08,2.0,-8.537706395976558,-30.385067791423285,-8.537706395976558,-30.385067791423285,3.3946892377745352,-0.04503673157752752,-0.001872634827684877
1003.0,40.12,2.0,-8.647717629624658,-30.358053761907886,-8.647717629624658,-30.358053761907886,3.398538945716982,-0.04503673157752752,-0.001872634827684877
1004.0,40.160000000000004,2.0,-8.757617731721195,-30.330683682859476,-8.757617731721195,-30.330683682859476,3.402388653659428,-0.04503673157752752,-0.001872634827684877
1005.0,40.2,2.0,-8.867405071821455,-30.302955654853214,-8.867405071821455,-30.302955654853214,3.406238361601875,-0.04503673157752752,-0.001872634827684877
1006.0,40.24,2.0,-8.977078021152444,-30.27486778377368,-8.977078021152444,-30.27486778377368,3.4100880695443214,-0.04503673157752752,-0.001872634827684877
1007.0,40.28,2.0,-9.086634952637086,-30.24641818084305,-9.086634952637086,-30.24641818084305,3.413937777486769,-0.04503673157752752,-0.001872634827684877
1008.0,40.32,2.0,-9.196074240918403,-30.217604962649144,-9.196074240918403,-30.217604962649144,3.4177874854292147,-0.04503673157752752,-0.001872634827684877
1009.0,40.36,2.0,-9.305394262383665,-30.188426251173333,-9.305394262383665,-30.188426251173333,3.4216371933716614,-0.04503673157752752,-0.001872634827684877
1010.0,40.4,2.0,-9.414593395188502,-30.158880173818467,-9.414593395188502,-30.158880173818467,3.4254869013141085,-0.04503673157752752,-0.001872634827684877
1011.0,40.44,2.0,-9.523670019281022,-30.12896486343668,-9.523670019281022,-30.12896486343668,3.429336609256555,-0.04503673157752752,-0.001872634827684877
1012.0,40.480000000000004,2.0,-9.632622516425867,-30.098678458357078,-9.632622516425867,-30.098678458357078,3.433186317199002,-0.04503673157752752,-0.001872634827684877
1013.0,40.52,2.0,-9.741449270228257,-30.068019102413405,-9.741449270228257,-30.068019102413405,3.4370360251414485,-0.04503673157752752,-0.001872634827684877
1014.0,40.56,2.0,-9.850148666158015,-30.036984944971604,-9.850148666158015,-30.036984944971604,3.440885733083895,-0.04503673157752752,-0.001872634827684877
1015.0,40.6,2.0,-9.95871909157355,-30.00557414095725,-9.95871909157355,-30.00557414095725,3.4447354410263413,-0.04503673157752752,-0.001872634827684877
1016.0,40.64,2.0,-10.067158935745825,-29.97378485088302,-10.067158935745825,-29.97378485088302,3.4485851489687884,-0.04503673157752752,-0.001872634827684877
1017.0,40.68,2.0,-10.175466589882275,-29.941615240875933,-10.175466589882275,-29.941615240875933,3.4524348569112346,-0.04503673157752752,-0.001872634827684877
1018.0,40.72,2.0,-10.283640447150725,-29.909063482704596,-10.283640447150725,-29.909063482704596,3.4562845648536813,-0.04503673157752752,-0.001872634827684877
1019.0,40.76,2.0,-10.391678902703264,-29.876127753806376,-10.391678902703264,-29.876127753806376,3.460134272796129,-0.04503673157752752,-0.001872634827684877
1020.0,40.800000000000004,2.0,-10.499580353700077,-29.842806237314406,-10.499580353700077,-29.842806237314406,3.4639839807385746,-0.04503673157752752,-0.001872634827684877
1021.0,40.84,2.0,-10.607343199333275,-29.809097122084623,-10.607343199333275,-29.809097122084623,3.4678336886810217,-0.04503673157752752,-0.001872634827684877
1022.0,40.88,2.0,-10.714965840850677,-29.77499860272261,-10.714965840850677,-29.77499860272261,3.4716833966234684,-0.04503673157752752,-0.001872634827684877
1023.0,40.92,2.0,-10.822446681579551,-29.740508879610402,-10.822446681579551,-29.740508879610402,3.475533104565915,-0.04503673157752752,-0.001872634827684877
1024.0,40.96,2.0,-10.929784126950366,-29.705626158933228,-10.929784126950366,-29.705626158933228,3.4793828125083612,-0.04503673157752752,-0.001872634827684877
1025.0,41.0,2.0,-11.036976584520449,-29.670348652706135,-11.036976584520449,-29.670348652706135,3.4832325204508083,-0.04503673157752752,-0.001872634827684877
1026.0,41.04,2.0,-11.144022463997679,-29.63467457880051,-11.144022463997679,-29.63467457880051,3.487082228393255,-0.04503673157752752,-0.001872634827684877
1027.0,41.08,2.0,-11.250920177264094,-29.598602160970568,-11.250920177264094,-29.598602160970568,3.490931936335701,-0.04503673157752752,-0.001872634827684877
1028.0,41.12,2.0,-11.357668138399498,-29.56212962887971,-11.357668138399498,-29.56212962887971,3.494781644278148,-0.04503673157752752,-0.001872634827684877
1029.0,41.160000000000004,2.0,-11.464264763705021,-29.525255218126805,-11.464264763705021,-29.525255218126805,3.4986313522205954,-0.04503673157752752,-0.001872634827684877
1030.0,41.2,2.0,-11.570708471726649,-29.487977170272387,-11.570708471726649,-29.487977170272387,3.502481060163041,-0.04503673157752752,-0.001872634827684877
1031.0,41.24,2.0,-11.67699768327873,-29.45029373286477,-11.67699768327873,-29.45029373286477,3.5063307681054883,-0.04503673157752752,-0.001872634827684877
1032.0,41.28,2.0,-11.783130821467426,-29.41220315946602,-11.783130821467426,-29.41220315946602,3.510180476047935,-0.04503673157752752,-0.001872634827684877
1033.0,41.32,2.0,-11.889106311714148,-29.373703709677972,-11.889106311714148,-29.373703709677972,3.5140301839903816,-0.04503673157752752,-0.001872634827684877
1034.0,41.36,2.0,-11.99492258177896,-29.33479364916797,-11.99492258177896,-29.33479364916797,3.5178798919328282,-0.04503673157752752,-0.001872634827684877
1035.0,41.4,2.0,-12.100578061783926,-29.29547124969468,-12.100578061783926,-29.29547124969468,3.5217295998752745,-0.04503673157752752,-0.001872634827684877
1036.0,41.44,2.0,-12.206071184236443,-29.255734789133733,-12.206071184236443,-29.255734789133733,3.5255793078177216,-0.04503673157752752,-0.001872634827684877
1037.0,41.480000000000004,2.0,-12.311400384052531,-29.215582551503253,-12.311400384052531,-29.215582551503253,3.529429015760168,-0.04503673157752752,-0.001872634827684877
1038.0,41.52,2.0,-12.416564098580086,-29.175012826989406,-12.416564098580086,-29.175012826989406,3.5332787237026144,-0.04503673157752752,-0.001872634827684877
1039.0,41.56,2.0,-12.5215607676221,-29.13402391197172,-12.5215607676221,-29.13402391197172,3.537128431645061,-0.04503673157752752,-0.001872634827684877
1040.0,41.6,2.0,-12.62638883345984,-29.09261410904839,-12.62638883345984,-29.09261410904839,3.5409781395875086,-0.04503673157752752,-0.001872634827684877
1041.0,41.64,2.0,-12.731046740876,-29.05078172706152,-12.731046740876,-29.05078172706152,3.5448278475299544,-0.04503673157752752,-0.001872634827684877
1042.0,41.68,2.0,-12.835532937177792,-29.008525081122162,-12.835532937177792,-29.008525081122162,3.5486775554724015,-0.04503673157752752,-0.001872634827684877
1043.0,41.72,2.0,-12.939845872220044,-28.965842492635378,-12.939845872220044,-28.965842492635378,3.552527263414848,-0.04503673157752752,-0.001872634827684877
1044.0,41.76,2.0,-13.043983998428205,-28.92273228932514,-13.043983998428205,-28.92273228932514,3.556376971357295,-0.04503673157752752,-0.001872634827684877
1045.0,41.800000000000004,2.0,-13.147945770821355,-28.879192805259173,-13.147945770821355,-28.879192805259173,3.5602266792997415,-0.04503673157752752,-0.001872634827684877
1046.0,41.84,2.0,-13.25172964703516,-28.835222380873656,-13.25172964703516,-28.835222380873656,3.5640763872421877,-0.04503673157752752,-0.001872634827684877
1047.0,41.88,2.0,-13.355334087344781,-28.7908193629979,-13.355334087344781,-28.7908193629979,3.5679260951846348,-0.04503673157752752,-0.001872634827684877
1048.0,41.92,2.0,-13.458757554687756,-28.745982104878845,-13.458757554687756,-28.745982104878845,3.571775803127081,-0.04503673157752752,-0.001872634827684877
1049.0,41.96,2.0,-13.56199851468684,-28.700708966205543,-13.56199851468684,-28.700708966205543,3.575625511069528,-0.04503673157752752,-0.001872634827684877
1050.0,42.0,2.0,-13.665055435672805,-28.6549983131335,-13.665055435672805,-28.6549983131335,3.5794752190119743,-0.04503673157752752,-0.001872634827684877
1051.0,42.04,2.0,-13.767926788707191,-28.608848518308907,-13.767926788707191,-28.608848518308907,3.583324926954421,-0.04503673157752752,-0.001872634827684877
1052.0,42.08,2.0,-13.870611047605026,-28.562257960892847,-13.870611047605026,-28.562257960892847,3.5871746348968676,-0.04503673157752752,-0.001872634827684877
1053.0,42.12,2.0,-13.973106688957508,-28.515225026585302,-13.973106688957508,-28.515225026585302,3.5910243428393147,-0.04503673157752752,-0.001872634827684877
1054.0,42.160000000000004,2.0,-14.075412192154634,-28.46774810764916,-14.075412192154634,-28.46774810764916,3.5948740507817614,-0.04503673157752752,-0.001872634827684877
1055.0,42.2,2.0,-14.17752603940779,-28.41982560293405,-14.17752603940779,-28.41982560293405,3.598723758724208,-0.04503673157752752,-0.001872634827684877
1056.0,42.24,2.0,-14.279446715772318,-28.371455917900146,-14.279446715772318,-28.371455917900146,3.6025734666666547,-0.04503673157752752,-0.001872634827684877
1057.0,42.28,2.0,-14.381172709170007,-28.322637464641804,-14.381172709170007,-28.322637464641804,3.6064231746091013,-0.04503673157752752,-0.001872634827684877
1058.0,42.32,2.0,-14.482702510411576,-28.27336866191116,-14.482702510411576,-28.27336866191116,3.6102728825515475,-0.04503673157752752,-0.001872634827684877
1059.0,42.36,2.0,-14.58403461321908,-28.22364793514158,-14.58403461321908,-28.22364793514158,3.6141225904939946,-0.04503673157752752,-0.001872634827684877
1060.0,42.4,2.0,-14.685167514248313,-28.173473716471058,-14.685167514248313,-28.173473716471058,3.617972298436441,-0.04503673157752752,-0.001872634827684877
1061.0,42.44,2.0,-14.786099713111119,-28.12284444476547,-14.786099713111119,-28.12284444476547,3.6218220063788875,-0.04503673157752752,-0.001872634827684877
1062.0,42.480000000000004,2.0,-14.886829712397715,-28.071758565641765,-14.886829712397715,-28.071758565641765,3.625671714321335,-0.04503673157752752,-0.001872634827684877
1063.0,42.52,2.0,-14.987356017698913,-28.020214531491032,-14.987356017698913,-28.020214531491032,3.6295214222637813,-0.04503673157752752,-0.001872634827684877
1064.0,42.56,2.0,-15.087677137628333,-27.96821080150148,-15.087677137628333,-27.96821080150148,3.633371130206228,-0.04503673157752752,-0.001872634827684877
1065.0,42.6,2.0,-15.187791583844577,-27.915745841681282,-15.187791583844577,-27.915745841681282,3.6372208381486746,-0.04503673157752752,-0.001872634827684877
1066.0,42.64,2.0,-15.287697871073314,-27.86281812488139,-15.287697871073314,-27.86281812488139,3.641070546091121,-0.04503673157752752,-0.001872634827684877
1067.0,42.68,2.0,-15.387394517129382,-27.80942613081819,-15.387394517129382,-27.80942613081819,3.644920254033568,-0.04503673157752752,-0.001872634827684877
1068.0,42.72,2.0,-15.48688004293878,-27.75556834609603,-15.48688004293878,-27.75556834609603,3.6487699619760146,-0.04503673157752752,-0.001872634827684877
1069.0,42.76,2.0,-15.586152972560662,-27.70124326422976,-15.586152972560662,-27.70124326422976,3.6526196699184608,-0.04503673157752752,-0.001872634827684877
1070.0,42.800000000000004,2.0,-15.685211833209268,-27.64644938566703,-15.685211833209268,-27.64644938566703,3.656469377860908,-0.04503673157752752,-0.001872634827684877
1071.0,42.84,2.0,-15.784055155275793,-27.591185217810562,-15.784055155275793,-27.591185217810562,3.660319085803354,-0.04503673157752752,-0.001872634827684877
1072.0,42.88,2.0,-15.882681472350233,-27.535449275040346,-15.882681472350233,-27.535449275040346,3.6641687937458007,-0.04503673157752752,-0.001872634827684877
1073.0,42.92,2.0,-15.981089321243177,-27.47924007873565,-15.981089321243177,-27.47924007873565,3.6680185016882483,-0.04503673157752752,-0.001872634827684877
1074.0,42.96,2.0,-16.07927724200753,-27.422556157296974,-16.07927724200753,-27.422556157296974,3.671868209630695,-0.04503673157752752,-0.001872634827684877
1075.0,43.0,2.0,-16.177243777960236,-27.365396046167916,-16.177243777960236,-27.365396046167916,3.675717917573141,-0.04503673157752752,-0.001872634827684877
1076.0,43.04,2.0,-16.27498747570388,-27.3077582878569,-16.27498747570388,-27.3077582878569,3.679567625515588,-0.04503673157752752,-0.001872634827684877
1077.0,43.08,2.0,-16.372506885148315,-27.24964143195879,-16.372506885148315,-27.24964143195879,3.6834173334580345,-0.04503673157752752,-0.001872634827684877
1078.0,43.12,2.0,-16.4698005595322,-27.191044035176464,-16.4698005595322,-27.191044035176464,3.687267041400481,-0.04503673157752752,-0.001872634827684877
1079.0,43.160000000000004,2.0,-16.56686705544448,-27.131964661342188,-16.56686705544448,-27.131964661342188,3.6911167493429278,-0.04503673157752752,-0.001872634827684877
1080.0,43.2,2.0,-16.663704932845864,-27.072401881438974,-16.663704932845864,-27.072401881438974,3.6949664572853744,-0.04503673157752752,-0.001872634827684877
1081.0,43.24,2.0,-16.760312755090187,-27.01246662412651,-16.760312755090187,-27.01246662412651,3.6988161652278206,-0.04503673157752752,-0.001872634827684877
1082.0,43.28,2.0,-16.856689088945778,-26.952159778296664,-16.856689088945778,-26.952159778296664,3.702665873170268,-0.04503673157752752,-0.001872634827684877
1083.0,43.32,2.0,-16.952832504616755,-26.89148223835819,-16.952832504616755,-26.89148223835819,3.706515581112714,-0.04503673157752752,-0.001872634827684877
1084.0,43.36,2.0,-17.048741575764236,-26.830434904223445,-17.048741575764236,-26.830434904223445,3.7103652890551606,-0.04503673157752752,-0.001872634827684877
1085.0,43.4,2.0,-17.14441487952759,-26.769018681295027,-17.14441487952759,-26.769018681295027,3.7142149969976077,-0.04503673157752752,-0.001872634827684877
1086.0,43.44,2.0,-17.239850996545528,-26.707234480452318,-17.239850996545528,-26.707234480452318,3.7180647049400544,-0.04503673157752752,-0.001872634827684877
1087.0,43.480000000000004,2.0,-17.33504851097721,-26.645083218037964,-17.33504851097721,-26.645083218037964,3.721914412882501,-0.04503673157752752,-0.001872634827684877
1088.0,43.52,2.0,-17.43000601052328,-26.58256581584426,-17.43000601052328,-26.58256581584426,3.7257641208249477,-0.04503673157752752,-0.001872634827684877
1089.0,43.56,2.0,-17.52472208644685,-26.51968320109947,-17.52472208644685,-26.51968320109947,3.729613828767394,-0.04503673157752752,-0.001872634827684877
1090.0,43.6,2.0,-17.619195333594437,-26.456436306454016,-17.619195333594437,-26.456436306454016,3.733463536709841,-0.04503673157752752,-0.001872634827684877
1091.0,43.64,2.0,-17.713424350416823,-26.39282606996667,-17.713424350416823,-26.39282606996667,3.737313244652287,-0.04503673157752752,-0.001872634827684877
1092.0,43.68,2.0,-17.80740773898991,-26.32885343509059,-17.80740773898991,-26.32885343509059,3.7411629525947343,-0.04503673157752752,-0.001872634827684877
1093.0,43.72,2.0,-17.901144105035442,-26.264519350659317,-17.901144105035442,-26.264519350659317,3.7450126605371805,-0.04503673157752752,-0.001872634827684877
1094.0,43.76,2.0,-17.994632057941775,-26.19982477087269,-17.994632057941775,-26.19982477087269,3.748862368479627,-0.04503673157752752,-0.001872634827684877
1095.0,43.800000000000004,2.0,-18.0878702107845,-26.134770655282647,-18.0878702107845,-26.134770655282647,3.7527120764220743,-0.04503673157752752,-0.001872634827684877
1096.0,43.84,2.0,-18.180857180347072,-26.069357968778995,-18.180857180347072,-26.069357968778995,3.756561784364521,-0.04503673157752752,-0.001872634827684877
1097.0,43.88,2.0,-18.273591587141333,-26.00358768157506,-18.273591587141333,-26.00358768157506,3.7604114923069676,-0.04503673157752752,-0.001872634827684877
1098.0,43.92,2.0,-18.366072055428045,-25.937460769193287,-18.366072055428045,-25.937460769193287,3.7642612002494142,-0.04503673157752752,-0.001872634827684877
1099.0,43.96,2.0,-18.45829721323731,-25.87097821245075,-18.45829721323731,-25.87097821245075,3.768110908191861,-0.04503673157752752,-0.001872634827684877
1100.0,44.0,2.0,-18.55026569238894,-25.804140997444577,-18.55026569238894,-25.804140997444577,3.771960616134307,-0.04503673157752752,-0.001872634827684877
1101.0,44.04,2.0,-18.641976128512827,-25.73695011553728,-18.641976128512827,-25.73695011553728,3.775810324076754,-0.04503673157752752,-0.001872634827684877
1102.0,44.08,2.0,-18.733427161069166,-25.669406563342072,-18.733427161069166,-25.669406563342072,3.7796600320192004,-0.04503673157752752,-0.001872634827684877
1103.0,44.12,2.0,-18.8246174333687,-25.601511342708037,-18.8246174333687,-25.601511342708037,3.783509739961648,-0.04503673157752752,-0.001872634827684877
1104.0,44.160000000000004,2.0,-18.91554559259288,-25.533265460705252,-18.91554559259288,-25.533265460705252,3.7873594479040937,-0.04503673157752752,-0.001872634827684877
1105.0,44.2,2.0,-19.006210289813932,-25.464669929609816,-19.006210289813932,-25.464669929609816,3.7912091558465404,-0.04503673157752752,-0.001872634827684877
1106.0,44.24,2.0,-19.096610180014938,-25.395725766888823,-19.096610180014938,-25.395725766888823,3.7950588637889875,-0.04503673157752752,-0.001872634827684877
1107.0,44.28,2.0,-19.18674392210979,-25.32643399518526,-19.18674392210979,-25.32643399518526,3.798908571731434,-0.04503673157752752,-0.001872634827684877
1108.0,44.32,2.0,-19.276610178963132,-25.25679564230278,-19.276610178963132,-25.25679564230278,3.802758279673881,-0.04503673157752752,-0.001872634827684877
1109.0,44.36,2.0,-19.36620761741023,-25.186811741190482,-19.36620761741023,-25.186811741190482,3.8066079876163275,-0.04503673157752752,-0.001872634827684877
1110.0,44.4,2.0,-19.45553490827675,-25.116483329927505,-19.45553490827675,-25.116483329927505,3.810457695558774,-0.04503673157752752,-0.001872634827684877
1111.0,44.44,2.0,-19.544590726398546,-25.04581145170768,-19.544590726398546,-25.04581145170768,3.8143074035012208,-0.04503673157752752,-0.001872634827684877
1112.0,44.480000000000004,2.0,-19.633373750641315,-24.97479715482396,-19.633373750641315,-24.97479715482396,3.8181571114436674,-0.04503673157752752,-0.001872634827684877
1113.0,44.52,2.0,-19.721882663920255,-24.9034414926529,-19.721882663920255,-24.9034414926529,3.822006819386114,-0.04503673157752752,-0.001872634827684877
1114.0,44.56,2.0,-19.810116153219607,-24.831745523638975,-19.810116153219607,-24.831745523638975,3.8258565273285603,-0.04503673157752752,-0.001872634827684877
1115.0,44.6,2.0,-19.898072909612168,-24.759710311278884,-19.898072909612168,-24.759710311278884,3.829706235271008,-0.04503673157752752,-0.001872634827684877
1116.0,44.64,2.0,-19.98575162827876,-24.687336924105733,-19.98575162827876,-24.687336924105733,3.8335559432134545,-0.04503673157752752,-0.001872634827684877
1117.0,44.68,2.0,-20.07315100852759,-24.614626435673156,-20.07315100852759,-24.614626435673156,3.837405651155901,-0.04503673157752752,-0.001872634827684877
1118.0,44.72,2.0,-20.160269753813584,-24.541579924539388,-20.160269753813584,-24.541579924539388,3.8412553590983474,-0.04503673157752752,-0.001872634827684877
1119.0,44.76,2.0,-20.24710657175765,-24.46819847425121,-20.24710657175765,-24.46819847425121,3.8451050670407945,-0.04503673157752752,-0.001872634827684877
1120.0,44.800000000000004,2.0,-20.333660174165885,-24.394483173327895,-20.333660174165885,-24.394483173327895,3.8489547749832407,-0.04503673157752752,-0.001872634827684877
1121.0,44.84,2.0,-20.419929277048706,-24.320435115244994,-20.419929277048706,-24.320435115244994,3.8528044829256873,-0.04503673157752752,-0.001872634827684877
1122.0,44.88,2.0,-20.50591260063992,-24.246055398418115,-20.50591260063992,-24.246055398418115,3.856654190868134,-0.04503673157752752,-0.001872634827684877
1123.0,44.92,2.0,-20.591608869415754,-24.171345126186605,-20.591608869415754,-24.171345126186605,3.8605038988105806,-0.04503673157752752,-0.001872634827684877
1124.0,44.96,2.0,-20.6770168121138,-24.096305406797143,-20.6770168121138,-24.096305406797143,3.864353606753027,-0.04503673157752752,-0.001872634827684877
1125.0,45.0,2.0,-20.762135161751893,-24.02093735338729,-20.762135161751893,-24.02093735338729,3.8682033146954744,-0.04503673157752752,-0.001872634827684877
1126.0,45.04,2.0,-20.846962655646937,-23.945242083968946,-20.846962655646937,-23.945242083968946,3.872053022637921,-0.04503673157752752,-0.001872634827684877
1127.0,45.08,2.0,-20.931498035433684,-23.86922072141175,-20.931498035433684,-23.86922072141175,3.8759027305803673,-0.04503673157752752,-0.001872634827684877
1128.0,45.12,2.0,-21.015740047083394,-23.79287439342637,-21.015740047083394,-23.79287439342637,3.879752438522814,-0.04503673157752752,-0.001872634827684877
1129.0,45.160000000000004,2.0,-21.099687440922498,-23.71620423254779,-21.099687440922498,-23.71620423254779,3.8836021464652606,-0.04503673157752752,-0.001872634827684877
1130.0,45.2,2.0,-21.183338971651153,-23.63921137611845,-21.183338971651153,-23.63921137611845,3.8874518544077072,-0.04503673157752752,-0.001872634827684877
1131.0,45.24,2.0,-21.266693398361728,-23.561896966271366,-21.266693398361728,-23.561896966271366,3.8913015623501543,-0.04503673157752752,-0.001872634827684877
1132.0,45.28,2.0,-21.349749484557265,-23.48426214991315,-21.349749484557265,-23.48426214991315,3.8951512702926006,-0.04503673157752752,-0.001872634827684877
1133.0,45.32,2.0,-21.432505998169834,-23.406308078706992,-21.432505998169834,-23.406308078706992,3.899000978235047,-0.04503673157752752,-0.001872634827684877
1134.0,45.36,2.0,-21.51496171157884,-23.328035909055533,-21.51496171157884,-23.328035909055533,3.902850686177494,-0.04503673157752752,-0.001872634827684877
1135.0,45.4,2.0,-21.59711540162927,-23.249446802083675,-21.59711540162927,-23.249446802083675,3.90670039411994,-0.04503673157752752,-0.001872634827684877
1136.0,45.44,2.0,-21.678965849649842,-23.170541923621357,-21.678965849649842,-23.170541923621357,3.9105501020623876,-0.04503673157752752,-0.001872634827684877
1137.0,45.480000000000004,2.0,-21.76051184147113,-23.091322444186222,-21.76051184147113,-23.091322444186222,3.9143998100048343,-0.04503673157752752,-0.001872634827684877
1138.0,45.52,2.0,-21.841752167443605,-23.0117895389662,-21.841752167443605,-23.0117895389662,3.918249517947281,-0.04503673157752752,-0.001872634827684877
1139.0,45.56,2.0,-21.922685622455592,-22.931944387802105,-21.922685622455592,-22.931944387802105,3.922099225889727,-0.04503673157752752,-0.001872634827684877
1140.0,45.6,2.0,-22.003311005951176,-22.851788175170064,-22.003311005951176,-22.851788175170064,3.9259489338321742,-0.04503673157752752,-0.001872634827684877
1141.0,45.64,2.0,-22.083627121948048,-22.77132209016392,-22.083627121948048,-22.77132209016392,3.929798641774621,-0.04503673157752752,-0.001872634827684877
1142.0,45.68,2.0,-22.163632779055266,-22.690547326477578,-22.163632779055266,-22.690547326477578,3.933648349717067,-0.04503673157752752,-0.001872634827684877
1143.0,45.72,2.0,-22.243326790490947,-22.60946508238729,-22.243326790490947,-22.60946508238729,3.9374980576595138,-0.04503673157752752,-0.001872634827684877
1144.0,45.76,2.0,-22.322707974099913,-22.528076560733794,-22.322707974099913,-22.528076560733794,3.9413477656019604,-0.04503673157752752,-0.001872634827684877
1145.0,45.800000000000004,2.0,-22.401775152371247,-22.44638296890449,-22.401775152371247,-22.44638296890449,3.945197473544407,-0.04503673157752752,-0.001872634827684877
1146.0,45.84,2.0,-22.480527152455778,-22.364385518815514,-22.480527152455778,-22.364385518815514,3.949047181486854,-0.04503673157752752,-0.001872634827684877
1147.0,45.88,2.0,-22.55896280618352,-22.282085426893673,-22.55896280618352,-22.282085426893673,3.9528968894293,-0.04503673157752752,-0.001872634827684877
1148.0,45.92,2.0,-22.637080950081014,-22.199483914058423,-22.637080950081014,-22.199483914058423,3.9567465973717466,-0.04503673157752752,-0.001872634827684877
1149.0,45.96,2.0,-22.71488042538861,-22.11658220570371,-22.71488042538861,-22.11658220570371,3.9605963053141937,-0.04503673157752752,-0.001872634827684877
1150.0,46.0,2.0,-22.792360078077706,-22.033381531679783,-22.792360078077706,-22.033381531679783,3.9644460132566404,-0.04503673157752752,-0.001872634827684877
1151.0,46.04,2.0,-22.869518758867848,-21.949883126274887,-22.869518758867848,-21.949883126274887,3.968295721199087,-0.04503673157752752,-0.001872634827684877
1152.0,46.08,2.0,-22.94635532324386,-21.86608822819694,-22.94635532324386,-21.86608822819694,3.9721454291415337,-0.04503673157752752,-0.001872634827684877
1153.0,46.12,2.0,-23.022868631472797,-21.781998080555145,-23.022868631472797,-21.781998080555145,3.9759951370839803,-0.04503673157752752,-0.001872634827684877
1154.0,46.160000000000004,2.0,-23.09905754862089,-21.697613930841513,-23.09905754862089,-21.697613930841513,3.979844845026427,-0.04503673157752752,-0.001872634827684877
1155.0,46.2,2.0,-23.174920944570424,-21.6129370309123,-23.174920944570424,-21.6129370309123,3.9836945529688736,-0.04503673157752752,-0.001872634827684877
1156.0,46.24,2.0,-23.250457694036516,-21.527968636969447,-23.250457694036516,-21.527968636969447,3.9875442609113203,-0.04503673157752752,-0.001872634827684877
1157.0,46.28,2.0,-23.325666676583822,-21.442710009541905,-23.325666676583822,-21.442710009541905,3.9913939688537665,-0.04503673157752752,-0.001872634827684877
1158.0,46.32,2.0,-23.40054677664319,-21.35716241346688,-23.40054677664319,-21.35716241346688,3.995243676796214,-0.04503673157752752,-0.001872634827684877
1159.0,46.36,2.0,-23.475096883528227,-21.271327117871074,-23.475096883528227,-21.271327117871074,3.9990933847386607,-0.04503673157752752,-0.001872634827684877
1160.0,46.4,2.0,-23.54931589145181,-21.185205396151822,-23.54931589145181,-21.185205396151822,4.002943092681107,-0.04503673157752752,-0.001872634827684877
1161.0,46.44,2.0,-23.623202699542514,-21.09879852595814,-23.623202699542514,-21.09879852595814,4.006792800623554,-0.04503673157752752,-0.001872634827684877
1162.0,46.480000000000004,2.0,-23.696756211860937,-21.012107789171807,-23.696756211860937,-21.012107789171807,4.010642508566,-0.04503673157752752,-0.001872634827684877
1163.0,46.52,2.0,-23.769975337416017,-20.925134471888242,-23.769975337416017,-20.925134471888242,4.014492216508447,-0.04503673157752752,-0.001872634827684877
1164.0,46.56,2.0,-23.842858990181206,-20.837879864397454,-23.842858990181206,-20.837879864397454,4.018341924450894,-0.04503673157752752,-0.001872634827684877
1165.0,46.6,2.0,-23.915406089110643,-20.750345261164846,-23.915406089110643,-20.750345261164846,4.022191632393341,-0.04503673157752752,-0.001872634827684877
1166.0,46.64,2.0,-23.98761555815516,-20.662531960811982,-23.98761555815516,-20.662531960811982,4.026041340335787,-0.04503673157752752,-0.001872634827684877
1167.0,46.68,2.0,-24.059486326278325,-20.5744412660973,-24.059486326278325,-20.5744412660973,4.029891048278234,-0.04503673157752752,-0.001872634827684877
1168.0,46.72,2.0,-24.131017327472296,-20.486074483896754,-24.131017327472296,-20.486074483896754,4.03374075622068,-0.04503673157752752,-0.001872634827684877
1169.0,46.76,2.0,-24.202207500773707,-20.397432925184386,-24.202207500773707,-20.397432925184386,4.037590464163127,-0.04503673157752752,-0.001872634827684877
1170.0,46.800000000000004,2.0,-24.27305579027938,-20.308517905012863,-24.27305579027938,-20.308517905012863,4.041440172105574,-0.04503673157752752,-0.001872634827684877
1171.0,46.84,2.0,-24.34356114516205,-20.21933074249393,-24.34356114516205,-20.21933074249393,4.045289880048021,-0.04503673157752752,-0.001872634827684877
1172.0,46.88,2.0,-24.413722519685955,-20.129872760778813,-24.413722519685955,-20.129872760778813,4.049139587990466,-0.04503673157752752,-0.001872634827684877
1173.0,46.92,2.0,-24.483538873222376,-20.04014528703855,-24.483538873222376,-20.04014528703855,4.052989295932913,-0.04503673157752752,-0.001872634827684877
1174.0,46.96,2.0,-24.55300917026508,-19.95014965244429,-24.55300917026508,-19.95014965244429,4.056839003875361,-0.04503673157752752,-0.001872634827684877
1175.0,47.0,2.0,-24.62213238044573,-19.85988719214749,-24.62213238044573,-19.85988719214749,4.060688711817807,-0.04503673157752752,-0.001872634827684877
1176.0,47.04,2.0,-24.690907478549164,-19.76935924526011,-24.690907478549164,-19.76935924526011,4.064538419760254,-0.04503673157752752,-0.001872634827684877
1177.0,47.08,2.0,-24.759333444528632,-19.678567154834678,-24.759333444528632,-19.678567154834678,4.0683881277027005,-0.04503673157752752,-0.001872634827684877
1178.0,47.12,2.0,-24.827409263520963,-19.587512267844364,-24.827409263520963,-19.587512267844364,4.072237835645147,-0.04503673157752752,-0.001872634827684877
1179.0,47.160000000000004,2.0,-24.895133925861618,-19.49619593516296,-24.895133925861618,-19.49619593516296,4.076087543587594,-0.04503673157752752,-0.001872634827684877
1180.0,47.2,2.0,-24.962506427099683,-19.404619511544794,-24.962506427099683,-19.404619511544794,4.0799372515300405,-0.04503673157752752,-0.001872634827684877
1181.0,47.24,2.0,-25.029525768012828,-19.312784355604624,-25.029525768012828,-19.312784355604624,4.083786959472487,-0.04503673157752752,-0.001872634827684877
1182.0,47.28,2.0,-25.096190954622095,-19.220691829797424,-25.096190954622095,-19.220691829797424,4.087636667414933,-0.04503673157752752,-0.001872634827684877
1183.0,47.32,2.0,-25.162500998206728,-19.128343300398164,-25.162500998206728,-19.128343300398164,4.0914863753573805,-0.04503673157752752,-0.001872634827684877
1184.0,47.36,2.0,-25.22845491531877,-19.035740137481504,-25.22845491531877,-19.035740137481504,4.095336083299827,-0.04503673157752752,-0.001872634827684877
1185.0,47.4,2.0,-25.294051727797765,-18.942883714901424,-25.294051727797765,-18.942883714901424,4.099185791242274,-0.04503673157752752,-0.001872634827684877
1186.0,47.44,2.0,-25.359290462785232,-18.84977541027083,-25.359290462785232,-18.84977541027083,4.10303549918472,-0.04503673157752752,-0.001872634827684877
1187.0,47.480000000000004,2.0,-25.42417015273911,-18.756416604941062,-25.42417015273911,-18.756416604941062,4.106885207127167,-0.04503673157752752,-0.001872634827684877
1188.0,47.52,2.0,-25.488689835448163,-18.6628086839814,-25.488689835448163,-18.6628086839814,4.110734915069614,-0.04503673157752752,-0.001872634827684877
1189.0,47.56,2.0,-25.552848554046264,-18.568953036158454,-25.552848554046264,-18.568953036158454,4.11458462301206,-0.04503673157752752,-0.001872634827684877
1190.0,47.6,2.0,-25.61664535702657,-18.47485105391554,-25.61664535702657,-18.47485105391554,4.118434330954507,-0.04503673157752752,-0.001872634827684877
1191.0,47.64,2.0,-25.68007929825571,-18.380504133352005,-25.68007929825571,-18.380504133352005,4.122284038896953,-0.04503673157752752,-0.001872634827684877
1192.0,47.68,2.0,-25.74314943698779,-18.285913674202455,-25.74314943698779,-18.285913674202455,4.1261337468393995,-0.04503673157752752,-0.001872634827684877
1193.0,47.72,2.0,-25.805854837878407,-18.191081079815987,-25.805854837878407,-18.191081079815987,4.129983454781846,-0.04503673157752752,-0.001872634827684877
1194.0,47.76,2.0,-25.8681945709985,-18.096007757135318,-25.8681945709985,-18.096007757135318,4.133833162724293,-0.04503673157752752,-0.001872634827684877
1195.0,47.800000000000004,2.0,-25.9301677118482,-18.000695116675875,-25.9301677118482,-18.000695116675875,4.13768287066674,-0.04503673157752752,-0.001872634827684877
1196.0,47.84,2.0,-25.99177334137053,-17.90514457250486,-25.99177334137053,-17.90514457250486,4.141532578609187,-0.04503673157752752,-0.001872634827684877
1197.0,47.88,2.0,-26.05301054596508,-17.80935754222022,-26.05301054596508,-17.80935754222022,4.145382286551634,-0.04503673157752752,-0.001872634827684877
1198.0,47.92,2.0,-26.113878417501557,-17.71333544692959,-26.113878417501557,-17.71333544692959,4.14923199449408,-0.04503673157752752,-0.001872634827684877
1199.0,47.96,2.0,-26.17437605333329,-17.61707971122918,-26.17437605333329,-17.61707971122918,4.153081702436527,-0.04503673157752752,-0.001872634827684877
1200.0,48.0,2.0,-26.234502556310606,-17.520591763182598,-26.234502556310606,-17.520591763182598,4.156931410378974,-0.04503673157752752,-0.001872634827684877
1201.0,48.04,2.0,-26.2942570347942,-17.423873034299643,-26.2942570347942,-17.423873034299643,4.16078111832142,-0.04503673157752752,-0.001872634827684877
1202.0,48.08,2.0,-26.353574833596237,-17.326924959515022,-26.353574833596237,-17.326924959515022,4.164630826263867,-0.04503673157752752,-0.001872634827684877
1203.0,48.120000000000005,2.0,-26.41240991623752,-17.229748977167052,-26.41240991623752,-17.229748977167052,4.168480534206313,-0.04503673157752752,-0.001872634827684877
1204.0,48.160000000000004,2.0,-26.470763715270074,-17.132346528976257,-26.470763715270074,-17.132346528976257,4.17233024214876,-0.04503673157752752,-0.001872634827684877
1205.0,48.2,2.0,-26.52863767038601,-17.03471906002396,-26.52863767038601,-17.03471906002396,4.176179950091207,-0.04503673157752752,-0.001872634827684877
1206.0,48.24,2.0,-26.586033228396147,-16.93686801873083,-26.586033228396147,-16.93686801873083,4.180029658033654,-0.04503673157752752,-0.001872634827684877
1207.0,48.28,2.0,-26.64295184320851,-16.838794856835328,-26.64295184320851,-16.838794856835328,4.1838793659761,-0.04503673157752752,-0.001872634827684877
1208.0,48.32,2.0,-26.69939497580682,-16.740501029372155,-26.69939497580682,-16.740501029372155,4.187729073918547,-0.04503673157752752,-0.001872634827684877
1209.0,48.36,2.0,-26.755364094228714,-16.641987994650638,-26.755364094228714,-16.641987994650638,4.1915787818609935,-0.04503673157752752,-0.001872634827684877
1210.0,48.4,2.0,-26.810860673544024,-16.543257214233027,-26.810860673544024,-16.543257214233027,4.19542848980344,-0.04503673157752752,-0.001872634827684877
1211.0,48.44,2.0,-26.86588619583284,-16.444310152912838,-26.86588619583284,-16.444310152912838,4.199278197745887,-0.04503673157752752,-0.001872634827684877
1212.0,48.480000000000004,2.0,-26.920442150163513,-16.34514827869302,-26.920442150163513,-16.34514827869302,4.2031279056883335,-0.04503673157752752,-0.001872634827684877
1213.0,48.52,2.0,-26.97453003257058,-16.245773062764204,-26.97453003257058,-16.245773062764204,4.20697761363078,-0.04503673157752752,-0.001872634827684877
1214.0,48.56,2.0,-27.028151346032516,-16.146185979482798,-27.028151346032516,-16.146185979482798,4.210827321573227,-0.04503673157752752,-0.001872634827684877
1215.0,48.6,2.0,-27.081307600449428,-16.046388506349096,-27.081307600449428,-16.046388506349096,4.2146770295156735,-0.04503673157752752,-0.001872634827684877
1216.0,48.64,2.0,-27.134000312620667,-15.946382123985334,-27.134000312620667,-15.946382123985334,4.218526737458119,-0.04503673157752752,-0.001872634827684877
1217.0,48.68,2.0,-27.18623100622228,-15.846168316113676,-27.18623100622228,-15.846168316113676,4.222376445400567,-0.04503673157752752,-0.001872634827684877
1218.0,48.72,2.0,-27.238001211784407,-15.745748569534179,-27.238001211784407,-15.745748569534179,4.226226153343013,-0.04503673157752752,-0.001872634827684877
1219.0,48.76,2.0,-27.289312466668562,-15.645124374102684,-27.289312466668562,-15.645124374102684,4.23007586128546,-0.04503673157752752,-0.001872634827684877
1220.0,48.800000000000004,2.0,-27.340166315044787,-15.5442972227087,-27.340166315044787,-15.5442972227087,4.233925569227907,-0.04503673157752752,-0.001872634827684877
1221.0,48.84,2.0,-27.390564307868747,-15.443268611253204,-27.390564307868747,-15.443268611253204,4.237775277170353,-0.04503673157752752,-0.001872634827684877
1222.0,48.88,2.0,-27.440508002858728,-15.342040038626433,-27.440508002858728,-15.342040038626433,4.2416249851128,-0.04503673157752752,-0.001872634827684877
1223.0,48.92,2.0,-27.48999896447245,-15.240613006685583,-27.48999896447245,-15.240613006685583,4.245474693055247,-0.04503673157752752,-0.001872634827684877
1224.0,48.96,2.0,-27.539038763883877,-15.138989020232522,-27.539038763883877,-15.138989020232522,4.249324400997693,-0.04503673157752752,-0.001872634827684877
1225.0,49.0,2.0,-27.58762897895993,-15.03716958699142,-27.58762897895993,-15.03716958699142,4.25317410894014,-0.04503673157752752,-0.001872634827684877
1226.0,49.04,2.0,-27.635771194236987,-14.935156217586343,-27.635771194236987,-14.935156217586343,4.257023816882587,-0.04503673157752752,-0.001872634827684877
1227.0,49.08,2.0,-27.683467000897398,-14.832950425518812,-27.683467000897398,-14.832950425518812,4.260873524825033,-0.04503673157752752,-0.001872634827684877
1228.0,49.120000000000005,2.0,-27.730717996745877,-14.730553727145308,-27.730717996745877,-14.730553727145308,4.26472323276748,-0.04503673157752752,-0.001872634827684877
1229.0,49.160000000000004,2.0,-27.77752578618575,-14.627967641654747,-27.77752578618575,-14.627967641654747,4.268572940709927,-0.04503673157752752,-0.001872634827684877
1230.0,49.2,2.0,-27.823891980195143,-14.52519369104591,-27.823891980195143,-14.52519369104591,4.272422648652373,-0.04503673157752752,-0.001872634827684877
1231.0,49.24,2.0,-27.86981819630309,-14.422233400104812,-27.86981819630309,-14.422233400104812,4.27627235659482,-0.04503673157752752,-0.001872634827684877
1232.0,49.28,2.0,-27.915306058565488,-14.319088296382066,-27.915306058565488,-14.319088296382066,4.280122064537267,-0.04503673157752752,-0.001872634827684877
1233.0,49.32,2.0,-27.960357197540993,-14.215759910170172,-27.960357197540993,-14.215759910170172,4.283971772479713,-0.04503673157752752,-0.001872634827684877
1234.0,49.36,2.0,-28.004973250266836,-14.112249774480784,-28.004973250266836,-14.112249774480784,4.28782148042216,-0.04503673157752752,-0.001872634827684877
1235.0,49.4,2.0,-28.049155860234478,-14.008559425021927,-28.049155860234478,-14.008559425021927,4.291671188364607,-0.04503673157752752,-0.001872634827684877
1236.0,49.44,2.0,-28.09290667736524,-13.904690400175186,-28.09290667736524,-13.904690400175186,4.295520896307053,-0.04503673157752752,-0.001872634827684877
1237.0,49.480000000000004,2.0,-28.136227357985813,-13.800644240972844,-28.136227357985813,-13.800644240972844,4.2993706042495,-0.04503673157752752,-0.001872634827684877
1238.0,49.52,2.0,-28.179119564803642,-13.696422491074975,-28.179119564803642,-13.696422491074975,4.303220312191947,-0.04503673157752752,-0.001872634827684877
1239.0,49.56,2.0,-28.221584966882244,-13.592026696746526,-28.221584966882244,-13.592026696746526,4.307070020134393,-0.04503673157752752,-0.001872634827684877
1240.0,49.6,2.0,-28.263625239616456,-13.487458406834326,-28.263625239616456,-13.487458406834326,4.31091972807684,-0.04503673157752752,-0.001872634827684877
1241.0,49.64,2.0,-28.30524206470754,-13.382719172744075,-28.30524206470754,-13.382719172744075,4.3147694360192865,-0.04503673157752752,-0.001872634827684877
1242.0,49.68,2.0,-28.34643713013819,-13.2778105484173,-28.34643713013819,-13.2778105484173,4.318619143961733,-0.04503673157752752,-0.001872634827684877
1243.0,49.72,2.0,-28.387212130147542,-13.172734090308259,-28.387212130147542,-13.172734090308259,4.32246885190418,-0.04503673157752752,-0.001872634827684877
1244.0,49.76,2.0,-28.427568765205937,-13.067491357360808,-28.427568765205937,-13.067491357360808,4.3263185598466265,-0.04503673157752752,-0.001872634827684877
1245.0,49.800000000000004,2.0,-28.46750874198975,-12.962083910985255,-28.46750874198975,-12.962083910985255,4.330168267789073,-0.04503673157752752,-0.001872634827684877
1246.0,49.84,2.0,-28.507033773355996,-12.856513315035137,-28.507033773355996,-12.856513315035137,4.334017975731519,-0.04503673157752752,-0.001872634827684877
1247.0,49.88,2.0,-28.54614557831691,-12.750781135784006,-28.54614557831691,-12.750781135784006,4.3378676836739665,-0.04503673157752752,-0.001872634827684877
1248.0,49.92,2.0,-28.584845882014456,-12.644888941902138,-28.584845882014456,-12.644888941902138,4.341717391616413,-0.04503673157752752,-0.001872634827684877
1249.0,49.96,2.0,-28.623136415694688,-12.538838304433234,-28.623136415694688,-12.538838304433234,4.34556709955886,-0.04503673157752752,-0.001872634827684877
1250.0,50.0,2.0,-28.661018916682032,-12.43263079677107,-28.661018916682032,-12.43263079677107,4.349416807501306,-0.04503673157752752,-0.001872634827684877
1251.0,50.04,2.0,-28.69849512835355,-12.326267994636131,-28.69849512835355,-12.326267994636131,4.353266515443753,-0.04503673157752752,-0.001872634827684877
1252.0,50.08,2.0,-28.735566800112974,-12.219751476052183,-28.735566800112974,-12.219751476052183,4.3571162233862,-0.04503673157752752,-0.001872634827684877
1253.0,50.120000000000005,2.0,-28.772235687364798,-12.113082821322832,-28.772235687364798,-12.113082821322832,4.360965931328646,-0.04503673157752752,-0.001872634827684877
1254.0,50.160000000000004,2.0,-28.808503551488208,-12.006263613008043,-28.808503551488208,-12.006263613008043,4.364815639271094,-0.04503673157752752,-0.001872634827684877
1255.0,50.2,2.0,-28.844372159810884,-11.899295435900632,-28.844372159810884,-11.899295435900632,4.36866534721354,-0.04503673157752752,-0.001872634827684877
1256.0,50.24,2.0,-28.879843285582808,-11.792179877002702,-28.879843285582808,-11.792179877002702,4.372515055155986,-0.04503673157752752,-0.001872634827684877
1257.0,50.28,2.0,-28.914918707949937,-11.68491852550208,-28.914918707949937,-11.68491852550208,4.376364763098433,-0.04503673157752752,-0.001872634827684877
1258.0,50.32,2.0,-28.94960021192774,-11.577512972748691,-28.94960021192774,-11.577512972748691,4.380214471040879,-0.04503673157752752,-0.001872634827684877
1259.0,50.36,2.0,-28.983889588374755,-11.469964812230915,-28.983889588374755,-11.469964812230915,4.384064178983326,-0.04503673157752752,-0.001872634827684877
1260.0,50.4,2.0,-29.017788633965957,-11.36227563955192,-29.017788633965957,-11.36227563955192,4.387913886925773,-0.04503673157752752,-0.001872634827684877
1261.0,50.44,2.0,-29.051299151166106,-11.254447052405936,-29.051299151166106,-11.254447052405936,4.39176359486822,-0.04503673157752752,-0.001872634827684877
1262.0,50.480000000000004,2.0,-29.084422948202963,-11.146480650554539,-29.084422948202963,-11.146480650554539,4.395613302810666,-0.04503673157752752,-0.001872634827684877
1263.0,50.52,2.0,-29.11716183904048,-11.038378035802856,-29.11716183904048,-11.038378035802856,4.399463010753113,-0.04503673157752752,-0.001872634827684877
1264.0,50.56,2.0,-29.149517643351828,-10.930140811975777,-29.149517643351828,-10.930140811975777,4.40331271869556,-0.04503673157752752,-0.001872634827684877
1265.0,50.6,2.0,-29.18149218649239,-10.821770584894129,-29.18149218649239,-10.821770584894129,4.407162426638006,-0.04503673157752752,-0.001872634827684877
1266.0,50.64,2.0,-29.213087299472686,-10.713268962350808,-29.213087299472686,-10.713268962350808,4.411012134580454,-0.04503673157752752,-0.001872634827684877
1267.0,50.68,2.0,-29.244304818931163,-10.604637554086892,-29.244304818931163,-10.604637554086892,4.414861842522899,-0.04503673157752752,-0.001872634827684877
1268.0,50.72,2.0,-29.2751465871069,-10.495877971767719,-29.2751465871069,-10.495877971767719,4.418711550465346,-0.04503673157752752,-0.001872634827684877
1269.0,50.76,2.0,-29.30561445181233,-10.386991828958946,-29.30561445181233,-10.386991828958946,4.422561258407793,-0.04503673157752752,-0.001872634827684877
1270.0,50.800000000000004,2.0,-29.33571026640572,-10.277980741102574,-29.33571026640572,-10.277980741102574,4.42641096635024,-0.04503673157752752,-0.001872634827684877
1271.0,50.84,2.0,-29.36543588976372,-10.168846325492938,-29.36543588976372,-10.168846325492938,4.430260674292686,-0.04503673157752752,-0.001872634827684877
1272.0,50.88,2.0,-29.394793186253725,-10.059590201252682,-29.394793186253725,-10.059590201252682,4.434110382235133,-0.04503673157752752,-0.001872634827684877
1273.0,50.92,2.0,-29.423784025706215,-9.9502139893087,-29.423784025706215,-9.9502139893087,4.4379600901775795,-0.04503673157752752,-0.001872634827684877
1274.0,50.96,2.0,-29.45241028338696,-9.840719312368059,-29.45241028338696,-9.840719312368059,4.441809798120026,-0.04503673157752752,-0.001872634827684877
1275.0,51.0,2.0,-29.48067383996923,-9.731107794893868,-29.48067383996923,-9.731107794893868,4.445659506062473,-0.04503673157752752,-0.001872634827684877
1276.0,51.04,2.0,-29.508576581505817,-9.621381063081163,-29.508576581505817,-9.621381063081163,4.4495092140049195,-0.04503673157752752,-0.001872634827684877
1277.0,51.08,2.0,-29.536120399401078,-9.51154074483273,-29.536120399401078,-9.51154074483273,4.453358921947366,-0.04503673157752752,-0.001872634827684877
1278.0,51.120000000000005,2.0,-29.563307190382815,-9.401588469734932,-29.563307190382815,-9.401588469734932,4.457208629889813,-0.04503673157752752,-0.001872634827684877
1279.0,51.160000000000004,2.0,-29.59013885647412,-9.291525869033471,-29.59013885647412,-9.291525869033471,4.4610583378322595,-0.04503673157752752,-0.001872634827684877
1280.0,51.2,2.0,-29.61661730496517,-9.181354575609179,-29.61661730496517,-9.181354575609179,4.464908045774706,-0.04503673157752752,-0.001872634827684877
1281.0,51.24,2.0,-29.642744448384867,-9.071076223953737,-29.642744448384867,-9.071076223953737,4.468757753717153,-0.04503673157752752,-0.001872634827684877
1282.0,51.28,2.0,-29.668522204472442,-8.960692450145393,-29.668522204472442,-8.960692450145393,4.472607461659599,-0.04503673157752752,-0.001872634827684877
1283.0,51.32,2.0,-29.693952496149027,-8.850204891824662,-29.693952496149027,-8.850204891824662,4.476457169602046,-0.04503673157752752,-0.001872634827684877
1284.0,51.36,2.0,-29.71903725148904,-8.739615188169976,-29.71903725148904,-8.739615188169976,4.480306877544493,-0.04503673157752752,-0.001872634827684877
1285.0,51.4,2.0,-29.74377840369161,-8.628924979873345,-29.74377840369161,-8.628924979873345,4.484156585486939,-0.04503673157752752,-0.001872634827684877
1286.0,51.44,2.0,-29.768177891051845,-8.518135909115975,-29.768177891051845,-8.518135909115975,4.488006293429386,-0.04503673157752752,-0.001872634827684877
1287.0,51.480000000000004,2.0,-29.792237656932052,-8.40724961954386,-29.792237656932052,-8.40724961954386,4.491856001371833,-0.04503673157752752,-0.001872634827684877
1288.0,51.52,2.0,-29.81595964973291,-8.296267756243369,-29.81595964973291,-8.296267756243369,4.495705709314279,-0.04503673157752752,-0.001872634827684877
1289.0,51.56,2.0,-29.839345822864505,-8.1851919657168,-29.839345822864505,-8.1851919657168,4.499555417256726,-0.04503673157752752,-0.001872634827684877
1290.0,51.6,2.0,-29.862398134717353,-8.074023895857916,-29.862398134717353,-8.074023895857916,4.503405125199173,-0.04503673157752752,-0.001872634827684877
1291.0,51.64,2.0,-29.885118548633297,-7.962765195927464,-29.885118548633297,-7.962765195927464,4.507254833141619,-0.04503673157752752,-0.001872634827684877
1292.0,51.68,2.0,-29.9075090328764,-7.851417516528657,-29.9075090328764,-7.851417516528657,4.511104541084066,-0.04503673157752752,-0.001872634827684877
1293.0,51.72,2.0,-29.92957156060366,-7.739982509582671,-29.92957156060366,-7.739982509582671,4.514954249026513,-0.04503673157752752,-0.001872634827684877
1294.0,51.76,2.0,-29.95130810983575,-7.6284618283040775,-29.95130810983575,-7.6284618283040775,4.518803956968959,-0.04503673157752752,-0.001872634827684877
1295.0,51.800000000000004,2.0,-29.972720663427665,-7.516857127176299,-29.972720663427665,-7.516857127176299,4.522653664911406,-0.04503673157752752,-0.001872634827684877
1296.0,51.84,2.0,-29.99381120903923,-7.40517006192701,-29.99381120903923,-7.40517006192701,4.526503372853853,-0.04503673157752752,-0.001872634827684877
1297.0,51.88,2.0,-30.014581739105626,-7.293402289503551,-30.014581739105626,-7.293402289503551,4.530353080796299,-0.04503673157752752,-0.001872634827684877
1298.0,51.92,2.0,-30.034921701621748,-7.181555468048299,-30.034921701621748,-7.181555468048299,4.534202788738746,-0.04503673157752752,-0.001872634827684877
1299.0,51.96,2.0,-30.054830795672203,-7.069631256874037,-30.054830795672203,-7.069631256874037,4.538052496681193,-0.04503673157752752,-0.001872634827684877
1300.0,52.0,2.0,-30.074308726738614,-6.957631316439294,-30.074308726738614,-6.957631316439294,4.541902204623639,-0.04503673157752752,-0.001872634827684877
1301.0,52.04,2.0,-30.093355206703986,-6.84555730832368,-30.093355206703986,-6.84555730832368,4.545751912566086,-0.04503673157752752,-0.001872634827684877
1302.0,52.08,2.0,-30.111969953856978,-6.733410895203197,-30.111969953856978,-6.733410895203197,4.549601620508533,-0.04503673157752752,-0.001872634827684877
1303.0,52.120000000000005,2.0,-30.130152692896036,-6.621193740825531,-30.130152692896036,-6.621193740825531,4.553451328450979,-0.04503673157752752,-0.001872634827684877
1304.0,52.160000000000004,2.0,-30.147903154933523,-6.508907509985334,-30.147903154933523,-6.508907509985334,4.557301036393426,-0.04503673157752752,-0.001872634827684877
1305.0,52.2,2.0,-30.165221077499687,-6.3965538684994945,-30.165221077499687,-6.3965538684994945,4.5611507443358725,-0.04503673157752752,-0.001872634827684877
1306.0,52.24,2.0,-30.182106204546518,-6.284134483182377,-30.182106204546518,-6.284134483182377,4.565000452278319,-0.04503673157752752,-0.001872634827684877
1307.0,52.28,2.0,-30.198558286451576,-6.171651021821065,-30.198558286451576,-6.171651021821065,4.568850160220766,-0.04503673157752752,-0.001872634827684877
1308.0,52.32,2.0,-30.214577080021666,-6.059105153150578,-30.214577080021666,-6.059105153150578,4.5726998681632125,-0.04503673157752752,-0.001872634827684877
1309.0,52.36,2.0,-30.23016234849644,-5.946498546829077,-30.23016234849644,-5.946498546829077,4.57654957610566,-0.04503673157752752,-0.001872634827684877
1310.0,52.4,2.0,-30.245313861551924,-5.8338328734130585,-30.245313861551924,-5.8338328734130585,4.580399284048105,-0.04503673157752752,-0.001872634827684877
1311.0,52.44,2.0,-30.2600313953039,-5.721109804332533,-30.2600313953039,-5.721109804332533,4.5842489919905525,-0.04503673157752752,-0.001872634827684877
1312.0,52.480000000000004,2.0,-30.27431473231122,-5.608331011866193,-30.27431473231122,-5.608331011866193,4.588098699932999,-0.04503673157752752,-0.001872634827684877
1313.0,52.52,2.0,-30.288163661579038,-5.495498169116564,-30.288163661579038,-5.495498169116564,4.591948407875446,-0.04503673157752752,-0.001872634827684877
1314.0,52.56,2.0,-30.301577978561927,-5.38261294998515,-30.301577978561927,-5.38261294998515,4.595798115817892,-0.04503673157752752,-0.001872634827684877
1315.0,52.6,2.0,-30.314557485166905,-5.269677029147557,-30.314557485166905,-5.269677029147557,4.599647823760339,-0.04503673157752752,-0.001872634827684877
1316.0,52.64,2.0,-30.327101989756365,-5.156692082028617,-30.327101989756365,-5.156692082028617,4.603497531702786,-0.04503673157752752,-0.001872634827684877
1317.0,52.68,2.0,-30.339211307150894,-5.043659784777498,-30.339211307150894,-5.043659784777498,4.607347239645232,-0.04503673157752752,-0.001872634827684877
1318.0,52.72,2.0,-30.350885258632033,-4.930581814242787,-30.350885258632033,-4.930581814242787,4.61119694758768,-0.04503673157752752,-0.001872634827684877
1319.0,52.76,2.0,-30.362123671944907,-4.817459847947593,-30.362123671944907,-4.817459847947593,4.615046655530126,-0.04503673157752752,-0.001872634827684877
1320.0,52.800000000000004,2.0,-30.372926381300775,-4.704295564064611,-30.372926381300775,-4.704295564064611,4.618896363472572,-0.04503673157752752,-0.001872634827684877
1321.0,52.84,2.0,-30.383293227379472,-4.591090641391194,-30.383293227379472,-4.591090641391194,4.622746071415019,-0.04503673157752752,-0.001872634827684877
1322.0,52.88,2.0,-30.39322405733176,-4.477846759324409,-30.39322405733176,-4.477846759324409,4.626595779357465,-0.04503673157752752,-0.001872634827684877
1323.0,52.92,2.0,-30.402718724781618,-4.364565597836085,-30.402718724781618,-4.364565597836085,4.630445487299912,-0.04503673157752752,-0.001872634827684877
1324.0,52.96,2.0,-30.41177708982835,-4.251248837447856,-30.41177708982835,-4.251248837447856,4.634295195242359,-0.04503673157752752,-0.001872634827684877
1325.0,53.0,2.0,-30.420399019048695,-4.137898159206187,-30.420399019048695,-4.137898159206187,4.638144903184806,-0.04503673157752752,-0.001872634827684877
1326.0,53.04,2.0,-30.428584385498752,-4.024515244657405,-30.428584385498752,-4.024515244657405,4.641994611127252,-0.04503673157752752,-0.001872634827684877
1327.0,53.08,2.0,-30.436333068715907,-3.9111017758227073,-30.436333068715907,-3.9111017758227073,4.645844319069699,-0.04503673157752752,-0.001872634827684877
1328.0,53.120000000000005,2.0,-30.44364495472055,-3.797659435173182,-30.44364495472055,-3.797659435173182,4.649694027012146,-0.04503673157752752,-0.001872634827684877
1329.0,53.160000000000004,2.0,-30.450519936017802,-3.684189905604802,-30.450519936017802,-3.684189905604802,4.653543734954592,-0.04503673157752752,-0.001872634827684877
1330.0,53.2,2.0,-30.456957911599066,-3.5706948704134267,-30.456957911599066,-3.5706948704134267,4.65739344289704,-0.04503673157752752,-0.001872634827684877
1331.0,53.24,2.0,-30.462958786943528,-3.457176013269789,-30.462958786943528,-3.457176013269789,4.661243150839485,-0.04503673157752752,-0.001872634827684877
1332.0,53.28,2.0,-30.46852247401954,-3.3436350181944854,-30.46852247401954,-3.3436350181944854,4.665092858781932,-0.04503673157752752,-0.001872634827684877
1333.0,53.32,2.0,-30.47364889128593,-3.230073569532954,-30.47364889128593,-3.230073569532954,4.668942566724379,-0.04503673157752752,-0.001872634827684877
1334.0,53.36,2.0,-30.47833796369316,-3.1164933519304476,-30.47833796369316,-3.1164933519304476,4.672792274666826,-0.04503673157752752,-0.001872634827684877
1335.0,53.4,2.0,-30.48258962268448,-3.0028960503070095,-30.48258962268448,-3.0028960503070095,4.676641982609272,-0.04503673157752752,-0.001872634827684877
1336.0,53.44,2.0,-30.486403806196886,-2.8892833498324375,-30.486403806196886,-2.8892833498324375,4.680491690551719,-0.04503673157752752,-0.001872634827684877
1337.0,53.480000000000004,2.0,-30.489780458662043,-2.7756569359012473,-30.489780458662043,-2.7756569359012473,4.6843413984941655,-0.04503673157752752,-0.001872634827684877
1338.0,53.52,2.0,-30.492719531007104,-2.662018494107635,-30.492719531007104,-2.662018494107635,4.6881768541040145,-0.04503673157752752,-0.001872634827684877
1339.0,53.56,2.0,-30.495220980655425,-2.548369710220431,-30.495220980655425,-2.548369710220431,4.692006406507495,-0.04503673157752752,-0.001872634827684877
1340.0,53.6,2.0,-30.49729005621938,-2.434726298852805,-30.49729005621938,-2.434726298852805,4.695820003272385,-0.04503673157752752,-0.001872634827684877
1341.0,53.64,2.0,-30.498929203689887,-2.321094130294478,-30.498929203689887,-2.321094130294478,4.6996294001369,-0.04503673157752752,-0.001872634827684877
1342.0,53.68,2.0,-30.500145351226735,-2.207479198372997,-30.500145351226735,-2.207479198372997,4.7034206347860685,-0.04503673157752752,-0.001872634827684877
1343.0,53.72,2.0,-30.500943137039936,-2.0938911336142843,-30.500943137039936,-2.0938911336142843,4.707192914079333,-0.04503673157752752,-0.001872634827684877
1344.0,53.76,2.0,-30.501333159238563,-1.9803485488274215,-30.501333159238563,-1.9803485488274215,4.710951457143435,-0.04503673157752752,-0.001872634827684877
1345.0,53.800000000000004,2.0,-30.50131758082795,-1.8668565040550607,-30.50131758082795,-1.8668565040550607,4.714700178189763,-0.04503673157752752,-0.001872634827684877
1346.0,53.84,2.0,-30.500897939709944,-1.753413721999304,-30.500897939709944,-1.753413721999304,4.718432356189196,-0.04503673157752752,-0.001872634827684877
1347.0,53.88,2.0,-30.500087349677123,-1.640051088304138,-30.500087349677123,-1.640051088304138,4.722151281862344,-0.04503673157752752,-0.001872634827684877
1348.0,53.92,2.0,-30.49888489459849,-1.5267661168191389,-30.49888489459849,-1.5267661168191389,4.725855677574364,-0.04503673157752752,-0.001872634827684877
1349.0,53.96,2.0,-30.497289663613905,-1.4135563139072789,-30.497289663613905,-1.4135563139072789,4.729544508160723,-0.04503673157752752,-0.001872634827684877
1350.0,54.0,2.0,-30.4952945378353,-1.30040407351697,-30.4952945378353,-1.30040407351697,4.7332237732935125,-0.04503673157752752,-0.001872634827684877
1351.0,54.04,2.0,-30.49290045863411,-1.187328459649207,-30.49290045863411,-1.187328459649207,4.736892393347402,-0.04503673157752752,-0.001872634827684877
1352.0,54.08,2.0,-30.490105505719466,-1.0743245636508936,-30.490105505719466,-1.0743245636508936,4.740542171759901,-0.04503673157752752,-0.001872634827684877
1353.0,54.120000000000005,2.0,-30.486891480543107,-0.9613722549571166,-30.486891480543107,-0.9613722549571166,4.744177577175202,-0.04503673157752752,-0.001872634827684877
1354.0,54.160000000000004,2.0,-30.483268870585263,-0.8484893174524686,-30.483268870585263,-0.8484893174524686,4.747797290864616,-0.04503673157752752,-0.001872634827684877
1355.0,54.2,2.0,-30.479232569578034,-0.7356650721666864,-30.479232569578034,-0.7356650721666864,4.751406802839542,-0.04503673157752752,-0.001872634827684877
1356.0,54.24,2.0,-30.474798341033743,-0.6228975746102204,-30.474798341033743,-0.6228975746102204,4.755006400538348,-0.04503673157752752,-0.001872634827684877
1357.0,54.28,2.0,-30.469968559119685,-0.5101917959777929,-30.469968559119685,-0.5101917959777929,4.758590664297362,-0.04503673157752752,-0.001872634827684877
1358.0,54.32,2.0,-30.464745554488562,-0.39755272616559306,-30.464745554488562,-0.39755272616559306,4.762160479619453,-0.04503673157752752,-0.001872634827684877
1359.0,54.36,2.0,-30.45913161456465,-0.2849853744169375,-30.45913161456465,-0.2849853744169375,4.765711766008539,-0.04503673157752752,-0.001872634827684877
1360.0,54.4,2.0,-30.45312369914395,-0.17248074127036786,-30.45312369914395,-0.17248074127036786,4.7692539850569196,-0.04503673157752752,-0.001872634827684877
1361.0,54.44,2.0,-30.44672153450389,-0.06003969234236481,-30.44672153450389,-0.06003969234236481,4.7727848002611095,-0.04503673157752752,-0.001872634827684877
1362.0,54.480000000000004,2.0,-30.439920328918255,0.05233700892192256,-30.439920328918255,0.05233700892192256,4.776298801741501,-0.04503673157752752,-0.001872634827684877
1363.0,54.52,2.0,-30.432717545087264,0.16465221380020548,-30.432717545087264,0.16465221380020548,4.779804977642122,-0.04503673157752752,-0.001872634827684877
1364.0,54.56,2.0,-30.425104650606244,0.27691773327185104,-30.425104650606244,0.27691773327185104,4.783298291481522,-0.04503673157752752,-0.001872634827684877
1365.0,54.6,2.0,-30.41708151329198,0.3891318023653952,-30.41708151329198,0.3891318023653952,4.786773351232353,-0.04503673157752752,-0.001872634827684877
1366.0,54.64,2.0,-30.408648591511994,0.5012862949846639,-30.408648591511994,0.5012862949846639,4.790230806713969,-0.04503673157752752,-0.001872634827684877
1367.0,54.68,2.0,-30.399794733525923,0.613405223594647,-30.399794733525923,0.613405223594647,4.793679793055932,-0.04503673157752752,-0.001872634827684877
1368.0,54.72,2.0,-30.390522783641423,0.725479203891887,-30.390522783641423,0.725479203891887,4.797116945993833,-0.04503673157752752,-0.001872634827684877
1369.0,54.76,2.0,-30.380835547367102,0.8374988185222749,-30.380835547367102,0.8374988185222749,4.800535886294239,-0.04503673157752752,-0.001872634827684877
1370.0,54.800000000000004,2.0,-30.37072393774821,0.9495049619031497,-30.37072393774821,0.9495049619031497,4.803947773497298,-0.04503673157752752,-0.001872634827684877
1371.0,54.84,2.0,-30.360184852042547,1.061519605363309,-30.360184852042547,1.061519605363309,4.8073439289844675,-0.04503673157752752,-0.001872634827684877
1372.0,54.88,2.0,-30.34921941300089,1.173539346379872,-30.34921941300089,1.173539346379872,4.810729355219644,-0.04503673157752752,-0.001872634827684877
1373.0,54.92,2.0,-30.337844948513148,1.2855455247143166,-30.337844948513148,1.2855455247143166,4.814103579108637,-0.04503673157752752,-0.001872634827684877
1374.0,54.96,2.0,-30.326061639826943,1.3975388499734696,-30.326061639826943,1.3975388499734696,4.817463292044357,-0.04503673157752752,-0.001872634827684877
1375.0,55.0,2.0,-30.313857852929672,1.5095066699396704,-30.313857852929672,1.5095066699396704,4.820818194888013,-0.04503673157752752,-0.001872634827684877
1376.0,55.04,2.0,-30.301219472493923,1.6214444031760487,-30.301219472493923,1.6214444031760487,4.824158781737686,-0.04503673157752752,-0.001872634827684877
1377.0,55.08,2.0,-30.28814573042634,1.7333543598616654,-30.28814573042634,1.7333543598616654,4.82750000934122,-0.04503673157752752,-0.001872634827684877
1378.0,55.120000000000005,2.0,-30.27463118736045,1.845225336048638,-30.27463118736045,1.845225336048638,4.830826941041947,-0.04503673157752752,-0.001872634827684877
1379.0,55.160000000000004,2.0,-30.26062375395826,1.9571257813061504,-30.26062375395826,1.9571257813061504,4.834147690805663,-0.04503673157752752,-0.001872634827684877
1380.0,55.2,2.0,-30.246127489759367,2.0690515781009546,-30.246127489759367,2.0690515781009546,4.8374551145938245,-0.04503673157752752,-0.001872634827684877
1381.0,55.24,2.0,-30.231146310810715,2.1809985763789226,-30.231146310810715,2.1809985763789226,4.840769611129416,-0.04503673157752752,-0.001872634827684877
1382.0,55.28,2.0,-30.21568399060445,2.2929625893742376,-30.21568399060445,2.2929625893742376,4.844069174351275,-0.04503673157752752,-0.001872634827684877
1383.0,55.32,2.0,-30.199744161117632,2.4049393894369784,-30.199744161117632,2.4049393894369784,4.847357616892079,-0.04503673157752752,-0.001872634827684877
1384.0,55.36,2.0,-30.183330313953252,2.5169247038815965,-30.183330313953252,2.5169247038815965,4.8506399224792025,-0.04503673157752752,-0.001872634827684877
1385.0,55.4,2.0,-30.1664458015823,2.62891421085881,-30.1664458015823,2.62891421085881,4.853930721769964,-0.04503673157752752,-0.001872634827684877
1386.0,55.44,2.0,-30.14910219102262,2.7408851378256602,-30.14910219102262,2.7408851378256602,4.857202684683384,-0.04503673157752752,-0.001872634827684877
1387.0,55.480000000000004,2.0,-30.131303827153157,2.8528672668257773,-30.131303827153157,2.8528672668257773,4.860459930413564,-0.04503673157752752,-0.001872634827684877
1388.0,55.52,2.0,-30.11305750390854,2.9648558260798628,-30.11305750390854,2.9648558260798628,4.86371942572621,-0.04503673157752752,-0.001872634827684877
1389.0,55.56,2.0,-30.094370091465816,3.076846137585061,-30.094370091465816,3.076846137585061,4.86698689613598,-0.04503673157752752,-0.001872634827684877
1390.0,55.6,2.0,-30.075291289110982,3.1887605389831637,-30.075291289110982,3.1887605389831637,4.870234936356178,-0.04503673157752752,-0.001872634827684877
1391.0,55.64,2.0,-30.0558170768045,3.3006096762007053,-30.0558170768045,3.3006096762007053,4.873464453361931,-0.04503673157752752,-0.001872634827684877
1392.0,55.68,2.0,-30.035958085238484,3.4123806992619357,-30.035958085238484,3.4123806992619357,4.876705343337519,-0.04503673157752752,-0.001872634827684877
1393.0,55.72,2.0,-30.015789577597094,3.5240561600481533,-30.015789577597094,3.5240561600481533,4.879927969071023,-0.04503673157752752,-0.001872634827684877
1394.0,55.76,2.0,-29.995356891671456,3.635643100103973,-29.995356891671456,3.635643100103973,4.883151806485922,-0.04503673157752752,-0.001872634827684877
1395.0,55.800000000000004,2.0,-29.974685359352705,3.747141288889193,-29.974685359352705,3.747141288889193,4.886364218583469,-0.04503673157752752,-0.001872634827684877
1396.0,55.84,2.0,-29.95374680298015,3.8585471897739403,-29.95374680298015,3.8585471897739403,4.889557300507078,-0.04503673157752752,-0.001872634827684877
1397.0,55.88,2.0,-29.93254310663788,3.969861725696768,-29.93254310663788,3.969861725696768,4.892745224006695,-0.04503673157752752,-0.001872634827684877
1398.0,55.92,2.0,-29.91108070257746,4.081099302572329,-29.91108070257746,4.081099302572329,4.8959296184562575,-0.04503673157752752,-0.001872634827684877
1399.0,55.96,2.0,-29.889412550631473,4.192194639814718,-29.889412550631473,4.192194639814718,4.89910496906081,-0.04503673157752752,-0.001872634827684877
1400.0,56.0,2.0,-29.867535340103533,4.303154989133907,-29.867535340103533,4.303154989133907,4.902269578532268,-0.04503673157752752,-0.001872634827684877
1401.0,56.04,2.0,-29.845445782901272,4.413987598141008,-29.845445782901272,4.413987598141008,4.905432110161835,-0.04503673157752752,-0.001872634827684877
1402.0,56.08,2.0,-29.8231406133848,4.52469971273607,-29.8231406133848,4.52469971273607,4.908577917813609,-0.04503673157752752,-0.001872634827684877
1403.0,56.120000000000005,2.0,-29.800616588136812,4.635298579487954,-29.800616588136812,4.635298579487954,4.911715676918775,-0.04503673157752752,-0.001872634827684877
1404.0,56.160000000000004,2.0,-29.77787048565462,4.745791448004072,-29.77787048565462,4.745791448004072,4.914836026177081,-0.04503673157752752,-0.001872634827684877
1405.0,56.2,2.0,-29.754899105964437,4.856185573287762,-29.754899105964437,4.856185573287762,4.91795547635733,-0.04503673157752752,-0.001872634827684877
1406.0,56.24,2.0,-29.73169091782179,4.966506615508838,-29.73169091782179,4.966506615508838,4.921054825542456,-0.04503673157752752,-0.001872634827684877
1407.0,56.28,2.0,-29.708241496299426,5.076727632975561,-29.708241496299426,5.076727632975561,4.924155202918233,-0.04503673157752752,-0.001872634827684877
1408.0,56.32,2.0,-29.684543852517752,5.186856188808294,-29.684543852517752,5.186856188808294,4.927251481108208,-0.04503673157752752,-0.001872634827684877
1409.0,56.36,2.0,-29.660590807405594,5.296899701616477,-29.660590807405594,5.296899701616477,4.930327625400171,-0.04503673157752752,-0.001872634827684877
1410.0,56.4,2.0,-29.636350307120175,5.406873071582517,-29.636350307120175,5.406873071582517,4.933397264815386,-0.04503673157752752,-0.001872634827684877
1411.0,56.44,2.0,-29.611829827869823,5.516758402867142,-29.611829827869823,5.516758402867142,4.936458331063438,-0.04503673157752752,-0.001872634827684877
1412.0,56.480000000000004,2.0,-29.587028206674052,5.626550424325949,-29.587028206674052,5.626550424325949,4.939500972467866,-0.04503673157752752,-0.001872634827684877
1413.0,56.52,2.0,-29.56193340037118,5.736260328443988,-29.56193340037118,5.736260328443988,4.942536953070889,-0.04503673157752752,-0.001872634827684877
1414.0,56.56,2.0,-29.53653311561528,5.845893343929699,-29.53653311561528,5.845893343929699,4.945621750505646,-0.04503673157752752,-0.001872634827684877
1415.0,56.6,2.0,-29.510814987817792,5.955446851350471,-29.510814987817792,5.955446851350471,4.948770780179332,-0.04503673157752752,-0.001872634827684877
1416.0,56.64,2.0,-29.484801749584598,6.064922181393024,-29.484801749584598,6.064922181393024,4.951967131365871,-0.04503673157752752,-0.001872634827684877
1417.0,56.68,2.0,-29.458486090390046,6.174316209102341,-29.458486090390046,6.174316209102341,4.955209531587613,-0.04503673157752752,-0.001872634827684877
1418.0,56.72,2.0,-29.43186084323026,6.283625838766038,-29.43186084323026,6.283625838766038,4.958496708366909,-0.04503673157752752,-0.001872634827684877
1419.0,56.76,2.0,-29.404918984026143,6.392848005928116,-29.404918984026143,6.392848005928116,4.96182738922611,-0.04503673157752752,-0.001872634827684877
1420.0,56.800000000000004,2.0,-29.377653631001284,6.501979679393778,-29.377653631001284,6.501979679393778,4.965200301687566,-0.04503673157752752,-0.001872634827684877
1421.0,56.84,2.0,-29.350068001529998,6.611004658471619,-29.350068001529998,6.611004658471619,4.968603759077082,-0.04503673157752752,-0.001872634827684877
1422.0,56.88,2.0,-29.322156564140656,6.71992075639022,-29.322156564140656,6.71992075639022,4.972037310590567,-0.04503673157752752,-0.001872634827684877
1423.0,56.92,2.0,-29.29391819812003,6.828713690459973,-29.29391819812003,6.828713690459973,4.9754970757275165,-0.04503673157752752,-0.001872634827684877
1424.0,56.96,2.0,-29.265349485103407,6.937384275769158,-29.265349485103407,6.937384275769158,4.978980848323939,-0.04503673157752752,-0.001872634827684877
1425.0,57.0,2.0,-29.23644404829963,7.045927269479219,-29.23644404829963,7.045927269479219,4.982488725190259,-0.04503673157752752,-0.001872634827684877
1426.0,57.04,2.0,-29.20719734245584,7.154340296327106,-29.20719734245584,7.154340296327106,4.986019023118948,-0.04623258065255106,-0.0016915103542212747
1427.0,57.08,2.0,-29.17760499835307,7.262621067177974,-29.17760499835307,7.262621067177974,4.989570058902475,-0.04789890515355515,-0.0012846044749638484
1428.0,57.120000000000005,2.0,-29.14766282155221,7.370767381446307,-29.14766282155221,7.370767381446307,4.993140149333311,-0.050104448632460594,-0.0006634066992532437
1429.0,57.160000000000004,2.0,-29.117366791111316,7.478777129501437,-29.117366791111316,7.478777129501437,4.996727611203927,-0.052985679302142236,0.0001751901912571959
1430.0,57.2,2.0,-29.086713058274277,7.586648295057051,-29.086713058274277,7.586648295057051,5.0003307613067935,-0.057454868817546745,0.001286582648557365
1431.0,57.24,2.0,-29.05569794513124,7.694378957544405,-29.05569794513124,7.694378957544405,5.00394791643438,-0.06351201717867412,0.0026707706726472637
1432.0,57.28,2.0,-29.02431042445435,7.801979483730633,-29.02431042445435,7.801979483730633,5.007557506978571,-0.07106918160936582,0.00432973451609098
1433.0,57.32,2.0,-28.99254958496229,7.909448425722293,-28.99254958496229,7.909448425722293,5.011159122209489,-0.08208400269584633,0.00625209294511068
1434.0,57.36,2.0,-28.960414564471407,8.016784369456568,-28.960414564471407,8.016784369456568,5.014752351397249,-0.09655648043811567,0.008437845959706364
1435.0,57.4,2.0,-28.927904549557123,8.123985935270232,-28.927904549557123,8.123985935270232,5.018336783811973,-0.11448661483617387,0.010886993559878036
1436.0,57.44,2.0,-28.89501877521007,8.23105177846518,-28.89501877521007,8.23105177846518,5.021912008723782,-0.135781304833449,0.013582059616249104
1437.0,57.480000000000004,2.0,-28.861756524486918,8.337980589870448,-28.861756524486918,8.337980589870448,5.025477615402795,-0.16100070935254232,0.01651838236941846
1438.0,57.52,2.0,-28.82811712815598,8.444771096400688,-28.82811712815598,8.444771096400688,5.029033193119131,-0.1901448283934538,0.019695961819386088
1439.0,57.56,2.0,-28.79409996433754,8.551422061611069,-28.79409996433754,8.551422061611069,5.032578331142911,-0.22307627394978372,0.023118616289838606
1440.0,57.6,2.0,-28.75970445813907,8.657932286248514,-28.75970445813907,8.657932286248514,5.036112618744255,-0.25969084858201386,0.026781823442561893
1441.0,57.64,2.0,-28.72492012379013,8.764313813552702,-28.72492012379013,8.764313813552702,5.0396460593898285,-0.29995573843305384,0.030676184612972016
1442.0,57.68,2.0,-28.689745411591993,8.870564748369397,-28.689745411591993,8.870564748369397,5.043177420676191,-0.34109679077171284,0.03457054578338214
1443.0,57.72,2.0,-28.654174547236416,8.976695369504958,-28.654174547236416,8.976695369504958,5.04670889989632,-0.3831140055979909,0.03846490695379226
1444.0,57.76,1.0,-28.61820423910904,9.082700938532653,-28.61820423910904,9.082700938532653,5.050241020006677,-0.4251312204242689,0.04235926812420238
1445.0,57.800000000000004,0.0,-28.581834337928264,9.188582857985486,-28.581834337928264,9.188582857985486,5.053772000989307,-0.4659525861755234,0.046072504821148906
1446.0,57.84,1.0,-28.54506304561514,9.294339748327305,-28.54506304561514,9.294339748327305,5.057301842844211,-0.5063034765007973,0.049559960112301606
1447.0,57.88,1.0,-28.507888569603246,9.399970231858639,-28.507888569603246,9.399970231858639,5.06083054557139,-0.5461151478481698,0.05283312350700112
1448.0,57.92,0.0,-28.470309122869114,9.505472932738718,-28.470309122869114,9.505472932738718,5.064358109170842,-0.5852511320047662,0.0558888877869008
1449.0,57.96,0.0,-28.43232292396269,9.610846477007538,-28.43232292396269,9.610846477007538,5.067884533642567,-0.6227991573156397,0.05867185650001076
1450.0,58.0,1.0,-28.393928197037585,9.716089492607887,-28.393928197037585,9.716089492607887,5.071409818986566,-0.6587592237807902,0.06118202964633098
1451.0,58.04,0.0,-28.355123171881235,9.821200609407395,-28.355123171881235,9.821200609407395,5.074933965202839,-0.6932192741763766,0.06326696843175102
1452.0,58.08,0.0,-28.31590608394504,9.926178459220573,-28.31590608394504,9.926178459220573,5.078456972291385,-0.7242216679161741,0.06493607383748458
1453.0,58.120000000000005,0.0,-28.276275174374323,10.031021675830853,-28.276275174374323,10.031021675830853,5.081978840252205,-0.7495132087898921,0.06620072709730952
1454.0,58.160000000000004,1.0,-28.236228690038185,10.135728895012624,-28.236228690038185,10.135728895012624,5.085499569085299,-0.7687655988396515,0.06706092821122586
1455.0,58.2,0.0,-28.195764883559338,10.240298754553274,-28.195764883559338,10.240298754553274,5.089019158790667,-0.7820719391220241,0.06758268787097658
1456.0,58.24,0.0,-28.154882013343737,10.344729894275213,-28.154882013343737,10.344729894275213,5.092537609368309,-0.7866588925150143,0.06781465627156258
1457.0,58.28,1.0,-28.113578343610147,10.44902095605791,-28.113578343610147,10.44902095605791,5.096054920818224,-0.781853806151688,0.06767355566721867
1458.0,58.32,0.0,-28.071852144419648,10.553170583859913,-28.071852144419648,10.553170583859913,5.099571093140413,-0.767794068038445,0.06728101419773723
1459.0,58.36,1.0,-28.029701691704965,10.657177423740878,-28.029701691704965,10.657177423740878,5.103086126334875,-0.7447212636212032,0.06659547300023831
1460.0,58.4,0.0,-27.987125267299707,10.761040123883578,-27.987125267299707,10.761040123883578,5.106600020401612,-0.7136223818605485,0.06562112001424554
1461.0,58.44,0.0,-27.944121158967555,10.86475733461592,-27.944121158967555,10.86475733461592,5.110112775340622,-0.6769493590313482,0.06464561190866042
1462.0,58.480000000000004,0.0,-27.90068766043128,10.968327708432955,-27.90068766043128,10.968327708432955,5.113624391151906,-0.637476347864793,0.06360747258898933
1463.0,58.52,0.0,-27.856823071401664,11.071749900018867,-27.856823071401664,11.071749900018867,5.117134867835463,-0.5960795108485021,0.06253208619244265
1464.0,58.56,0.0,-27.812525697606336,11.175022566268979,-27.812525697606336,11.175022566268979,5.120644205391295,-0.5524717655220602,0.06144762838989616
1465.0,58.6,0.0,-27.76779385081851,11.278144366311732,-27.76779385081851,11.278144366311732,5.124152403819399,-0.5044812576991217,0.060148008840638145
1466.0,58.64,0.0,-27.722625848885535,11.381113961530676,-27.722625848885535,11.381113961530676,5.1276594631197785,-0.45210798737968644,0.058226305196410456
1467.0,58.68,0.0,-27.677020015757446,11.483930015586441,-27.677020015757446,11.483930015586441,5.131165383292431,-0.3953519545637545,0.05568251745721309
1468.0,58.72,0.0,-27.63097468151531,11.586591194438684,-27.63097468151531,11.586591194438684,5.134670164337356,-0.3342131592513259,0.052516645623046025
1469.0,58.76,0.0,-27.58448818239952,11.689096166368069,-27.58448818239952,11.689096166368069,5.1381738062545566,-0.26869160144240056,0.04872868969390929
1470.0,58.800000000000004,0.0,-27.53755886083796,11.791443601998209,-27.53755886083796,11.791443601998209,5.14167630904403,-0.19878728113697855,0.04446910821134925
1471.0,58.84,0.0,-27.490185065474037,11.893632174317585,-27.490185065474037,11.893632174317585,5.145177672705778,-0.12450019833505986,0.03973988142793001
1472.0,58.88,0.0,-27.44236515119462,11.995660558701504,-27.44236515119462,11.995660558701504,5.148677897239798,-0.04862155262767852,0.03406256207205125
1473.0,58.92,0.0,-27.394097479157892,12.097527432933992,-27.394097479157892,12.097527432933992,5.152176982646092,0.02850078463898162,0.027491581701478005
1474.0,58.96,1.0,-27.34538041682101,12.199231477229715,-27.34538041682101,12.199231477229715,5.155674928924662,0.10686681346492055,0.019978405753843846
1475.0,59.0,0.0,-27.29621233796774,12.300771374255866,-27.29621233796774,12.300771374255866,5.159171736075503,0.18426335565074395,0.011479045793548992
1476.0,59.04,0.0,-27.246591622735934,12.402145809154058,-27.246591622735934,12.402145809154058,5.162667404098619,0.2576044673302526,0.0020219150041988153
1477.0,59.08,0.0,-27.19651665764486,12.503353469562185,-27.19651665764486,12.503353469562185,5.166161932994009,0.32587158308622216,-0.008615575117510947
1478.0,59.120000000000005,1.0,-27.145985835622486,12.604393045636298,-27.145985835622486,12.604393045636298,5.169655322761672,0.38880876161409317,-0.020387343370486193
1479.0,59.160000000000004,0.0,-27.094997556032595,12.70526323007243,-27.094997556032595,12.70526323007243,5.173147573401609,0.4473701780173612,-0.03331978289408384
1480.0,59.2,0.0,-27.0435502247018,12.805962718128445,-27.0435502247018,12.805962718128445,5.17663868491382,0.5012336158397026,-0.04748213320408161
1481.0,59.24,0.0,-26.991642253946438,12.90649020764585,-26.991642253946438,12.90649020764585,5.1801286572983045,0.5531732278123079,-0.06158185229999341
1482.0,59.28,1.0,-26.93927206259937,13.006844399071605,-26.93927206259937,13.006844399071605,5.183617490555062,0.6031890139351777,-0.07564432431902963
1483.0,59.32,0.0,-26.88643807603658,13.107023995479908,-26.88643807603658,13.107023995479908,5.1871051846840945,0.6509938917478965,-0.08969772493206603
1484.0,59.36,0.0,-26.833138726203792,13.207027702593969,-26.833138726203792,13.207027702593969,5.1905917396853996,0.6944160070641185,-0.10353596379839092
1485.0,59.4,0.0,-26.77937245164285,13.306854228807772,-26.77937245164285,13.306854228807772,5.194077155558979,0.7334553598838439,-0.11675211856974613
1486.0,59.44,0.0,-26.725137697517987,13.406502285207814,-26.725137697517987,13.406502285207814,5.197561432304832,0.7681119502070728,-0.12934618924613164
1487.0,59.480000000000004,0.0,-26.670432915642067,13.505970585594843,-26.670432915642067,13.505970585594843,5.201044569922959,0.7955598570800135,-0.14131817582754747
1488.0,59.52,0.0,-26.615256564502598,13.605257846505545,-26.615256564502598,13.605257846505545,5.2045265684133595,0.8157990805026667,-0.15266807831399362
1489.0,59.56,0.0,-26.559719658473732,13.704362787234247,-26.559719658473732,13.704362787234247,5.208007427776034,0.8288296204750317,-0.16339589670547008
1490.0,59.6,1.0,-26.503822972282407,13.803284129854603,-26.503822972282407,13.803284129854603,5.211487148010982,0.834651476997109,-0.1733662002124073
1491.0,59.64,0.0,-26.447567285697033,13.90202059924123,-26.447567285697033,13.90202059924123,5.214965729118203,0.8338026534496418,-0.1818903009531399
1492.0,59.68,0.0,-26.39095338351887,14.00057092309134,-26.39095338351887,14.00057092309134,5.218443171097699,0.8268407266016783,-0.1885555644476104
1493.0,59.72,0.0,-26.333982055573365,14.098933831946384,-26.333982055573365,14.098933831946384,5.221919473949469,0.813785269841523,-0.19341642225358388
1494.0,59.76,1.0,-26.276654096701364,14.197108059213624,-26.276654096701364,14.197108059213624,5.225394637673511,0.7946362831691761,-0.1964728743710603
1495.0,59.800000000000004,0.0,-26.218970306750226,14.295092341187717,-26.218970306750226,14.295092341187717,5.228868662269827,0.7718070575839022,-0.19767005623787984
1496.0,59.84,0.0,-26.1609314905648,14.392885417072268,-26.1609314905648,14.392885417072268,5.232341547738417,0.7464231702462248,-0.1968477303748818
1497.0,59.88,1.0,-26.102538457978415,14.490486029001364,-26.102538457978415,14.490486029001364,5.235813294079282,0.7189191400589708,-0.1939770924005721
1498.0,59.92,1.0,-26.043792023803636,14.587892922061103,-26.043792023803636,14.587892922061103,5.23928390129242,0.6889873382229926,-0.18870674472550605
1499.0,59.96,2.0,-25.984693007823026,14.68510484431106,-25.984693007823026,14.68510484431106,5.242753369377831,0.6567543471573289,-0.1809923466207034
1500.0,60.0,2.0,-25.925242234779738,14.782120546805766,-25.925242234779738,14.782120546805766,5.246221698335515,0.622310393572057,-0.17207308892658982
1501.0,60.04,2.0,-25.865440534368073,14.87893878361616,-25.865440534368073,14.87893878361616,5.249688888165475,0.5852980511643157,-0.16240430550758408
1502.0,60.08,2.0,-25.80528874122388,14.975558311850993,-25.80528874122388,14.975558311850993,5.2531549388677075,0.5479780799574266,-0.15241572836355086
1503.0,60.120000000000005,2.0,-25.744787694914912,15.071977891678246,-25.744787694914912,15.071977891678246,5.256619850442214,0.5103504799513905,-0.14210735749449013
1504.0,60.160000000000004,2.0,-25.683938239931024,15.16819628634649,-25.683938239931024,15.16819628634649,5.260083622888994,0.47241525114620697,-0.13147919290040191
1505.0,60.2,2.0,-25.622741225674357,15.26421226220623,-25.622741225674357,15.26421226220623,5.2635462562080475,0.434172393541876,-0.12053123458128619
1506.0,60.24,2.0,-25.56119750644932,15.360024588731246,-25.56119750644932,15.360024588731246,5.267007750399375,0.39844782809218904,-0.10926348253714292
1507.0,60.28,2.0,-25.499307941452575,15.455632038539868,-25.499307941452575,15.455632038539868,5.270468105462976,0.3652534240774722,-0.0974694372289245
1508.0,60.32,2.0,-25.43707339476284,15.551033387416261,-25.43707339476284,15.551033387416261,5.273927321398851,0.3345891814977256,-0.08514909865663085
1509.0,60.36,2.0,-25.374494735330654,15.646227414331667,-25.374494735330654,15.646227414331667,5.277385398207,0.3064553833065333,-0.07243170065171883
1510.0,60.4,2.0,-25.311572836968022,15.741212901465618,-25.311572836968022,15.741212901465618,5.280842335887422,0.2808524918531657,-0.05953702382516847
1511.0,60.44,2.0,-25.24830857833797,15.835988634227125,-25.24830857833797,15.835988634227125,5.284298134440118,0.25709734282324187,-0.047249894848916174
1512.0,60.480000000000004,2.0,-25.18470284294395,15.93055340127584,-25.18470284294395,15.93055340127584,5.287752793865089,0.23517036282845735,-0.035515882165196945
1513.0,60.52,2.0,-25.120756519119265,16.024905994543193,-25.120756519119265,16.024905994543193,5.291206314162332,0.21507155186881208,-0.024334985774010765
1514.0,60.56,2.0,-25.056470500016257,16.119045209253485,-25.056470500016257,16.119045209253485,5.294658695331848,0.19680090994430613,-0.013707205675357638
1515.0,60.6,2.0,-24.991845683595503,16.212969843944975,-24.991845683595503,16.212969843944975,5.298109937373639,0.18025142531164065,-0.003912208129509888
1516.0,60.64,2.0,-24.926882972614866,16.30667870049091,-24.926882972614866,16.30667870049091,5.301560040287704,0.16538190837894814,0.005021202482038432
1517.0,60.68,2.0,-24.86158327461845,16.40017058412054,-24.86158327461845,16.40017058412054,5.3050090040740425,0.15249998794537598,0.012773232434259815
1518.0,60.72,2.0,-24.79594750192548,16.493444303440118,-24.79594750192548,16.493444303440118,5.308456828732655,0.14178671039103263,0.019312277862737075
1519.0,60.76,2.0,-24.729976571619055,16.586498670453825,-24.729976571619055,16.586498670453825,5.31190351426354,0.13315184900584112,0.024646463701903366
1520.0,60.800000000000004,2.0,-24.663671405534824,16.679332500584707,-24.663671405534824,16.679332500584707,5.3153490606666995,0.1269528300926627,0.02923112381617755
1521.0,60.84,2.0,-24.597032930249565,16.771944612695556,-24.597032930249565,16.771944612695556,5.318793467942133,0.12092889362817512,0.03349599020542423
1522.0,60.88,2.0,-24.53006207706966,16.864333829109768,-24.53006207706966,16.864333829109768,5.322236736089841,0.1150800396123784,0.0374410628696434
1523.0,60.92,2.0,-24.462759782019457,16.95649897563215,-24.462759782019457,16.95649897563215,5.325678865109821,0.10940626804527251,0.041066341808835075
1524.0,60.96,2.0,-24.39512698582958,17.04843888156973,-24.39512698582958,17.04843888156973,5.329119855002076,0.10390757892685745,0.044298979157175344
1525.0,61.0,1.0,-24.3271646339251,17.140152379752486,-24.3271646339251,17.140152379752486,5.332559705766603,0.09858397225713324,0.04710859987639748
1526.0,61.04,0.0,-24.258873676413618,17.231638306554085,-24.258873676413618,17.231638306554085,5.335998417403405,0.09342357875577346,0.04928870442745377
1527.0,61.08,1.0,-24.19025506807327,17.32289550191255,-24.19025506807327,17.32289550191255,5.339435989912481,0.08841452914245176,0.05063279327129651
1528.0,61.120000000000005,1.0,-24.12130976834062,17.413922809350918,-24.12130976834062,17.413922809350918,5.34287242329383,0.08355654046358398,0.051134669449812965
1529.0,61.160000000000004,2.0,-24.052038741298443,17.504719075997844,-24.052038741298443,17.504719075997844,5.3463219698800515,0.0788488674163158,0.050786294772027486
1530.0,61.2,2.0,-23.982442955663448,17.595283152608182,-23.982442955663448,17.595283152608182,5.349776280544914,0.07443620858501426,0.04990358863919117
1531.0,61.24,2.0,-23.912518100081645,17.68562792227827,-23.912518100081645,17.68562792227827,5.353245407720641,0.07046372490331655,0.04880431168541798
1532.0,61.28,2.0,-23.842262676926897,17.7757564273237,-23.842262676926897,17.7757564273237,5.356717595669016,0.06693141637122269,0.04748846391070794
1533.0,61.32,2.0,-23.771670717498395,17.86567183718607,-23.771670717498395,17.86567183718607,5.360206806705013,0.06383928298873265,0.04595604531506102
1534.0,61.36,2.0,-23.70073855412695,17.95538096163906,-23.70073855412695,17.95538096163906,5.363713833969187,0.06118732475584647,0.04442362671941411
1535.0,61.4,2.0,-23.629456570313643,18.04489959641861,-23.629456570313643,18.04489959641861,5.367233458334797,0.05897554167256412,0.0428912081237672
1536.0,61.44,2.0,-23.55782359571986,18.134229988218756,-23.55782359571986,18.134229988218756,5.370761765590453,0.05720393373888561,0.041358789528120284
1537.0,61.480000000000004,2.0,-23.48583909615409,18.22336805016286,-23.48583909615409,18.22336805016286,5.374305476765281,0.05556487215566359,0.039826370932473376
1538.0,61.52,2.0,-23.41349097256461,18.312341862131362,-23.41349097256461,18.312341862131362,5.377861301138665,0.054058356922898086,0.03829395233682646
1539.0,61.56,2.0,-23.340781166840458,18.40114613607076,-23.340781166840458,18.40114613607076,5.381430516345453,0.05268438804058908,0.03676153374117955
1540.0,61.6,2.0,-23.267711626603496,18.48977558034667,-23.267711626603496,18.48977558034667,5.385014157550174,0.05144296550873656,0.03522911514553264
1541.0,61.64,2.0,-23.1942905184935,18.578209794861042,-23.1942905184935,18.578209794861042,5.388606225080739,0.050334089327340556,0.033696696549885725
1542.0,61.68,2.0,-23.12051795986681,18.66646505356447,-23.12051795986681,18.66646505356447,5.392207798562478,0.04935775949640104,0.03216427795423881
1543.0,61.72,2.0,-23.04639694070409,18.7545336617946,-23.04639694070409,18.7545336617946,5.39582707455788,0.048513976015918024,0.030704707224415786
1544.0,61.76,2.0,-22.97194674019109,18.8423927070635,-22.97194674019109,18.8423927070635,5.399459584422755,0.04780273888589152,0.0293483593986834
1545.0,61.800000000000004,2.0,-22.897157962418348,18.930057195463966,-22.897157962418348,18.930057195463966,5.40310664688579,0.047224048106321505,0.028095234477041653
1546.0,61.84,2.0,-22.822036816143097,19.017513674410143,-22.822036816143097,19.017513674410143,5.406762771935588,0.04678977295753437,0.027151831998538246
1547.0,61.88,2.0,-22.746568651246104,19.104757430017994,-22.746568651246104,19.104757430017994,5.4104276721337765,0.04649991343953014,0.026518151963173187
1548.0,61.92,2.0,-22.67075221784185,19.191790668353764,-22.67075221784185,19.191790668353764,5.414106767144033,0.04635475250589294,0.026200391329059207
1549.0,61.96,2.0,-22.59458632043286,19.278615618495966,-22.59458632043286,19.278615618495966,5.417799171463487,0.04635475250589294,0.026200391329059207
1550.0,62.0,2.0,-22.518069817608136,19.365234533225824,-22.518069817608136,19.365234533225824,5.421508965588219,0.04635475250589294,0.026200391329059207
1551.0,62.04,2.0,-22.441206906427368,19.451635661020084,-22.441206906427368,19.451635661020084,5.425226687925931,0.04635475250589294,0.026200391329059207
1552.0,62.08,2.0,-22.36399902829544,19.537817119878408,-22.36399902829544,19.537817119878408,5.428954674980105,0.04635475250589294,0.026200391329059207
1553.0,62.120000000000005,2.0,-22.286452153431473,19.62377693011871,-22.286452153431473,19.62377693011871,5.432698336630353,0.04635475250589294,0.026200391329059207
1554.0,62.160000000000004,2.0,-22.208570008422594,19.70950950187018,-22.208570008422594,19.70950950187018,5.436448684732645,0.04635475250589294,0.026200391329059207
1555.0,62.2,2.0,-22.130362325738872,19.795000290139026,-22.130362325738872,19.795000290139026,5.4402107557684305,0.04635475250589294,0.026200391329059207
1556.0,62.24,2.0,-22.051830448390408,19.88024833050537,-22.051830448390408,19.88024833050537,5.44398994176506,0.04635475250589294,0.026200391329059207
1557.0,62.28,2.0,-21.972975139581276,19.96525902434156,-21.972975139581276,19.96525902434156,5.447785592903178,0.04635475250589294,0.026200391329059207
1558.0,62.32,2.0,-21.89380878335122,20.050005639170607,-21.89380878335122,20.050005639170607,5.451588574053222,0.04635475250589294,0.026200391329059207
1559.0,62.36,2.0,-21.81432977840261,20.134494844040102,-21.81432977840261,20.134494844040102,5.455402249479602,0.04635475250589294,0.026200391329059207
1560.0,62.4,2.0,-21.73453657293017,20.218733345848616,-21.73453657293017,20.218733345848616,5.459232998415753,0.04635475250589294,0.026200391329059207
1561.0,62.440000000000005,2.0,-21.654439518267782,20.302677544567796,-21.654439518267782,20.302677544567796,5.463069661321519,0.04635475250589294,0.026200391329059207
1562.0,62.480000000000004,2.0,-21.574042992194894,20.386302768146418,-21.574042992194894,20.386302768146418,5.466920916815455,0.04635475250589294,0.026200391329059207
1563.0,62.52,2.0,-21.493347157638166,20.469609723317607,-21.493347157638166,20.469609723317607,5.470781762433654,0.04635475250589294,0.026200391329059207
1564.0,62.56,2.0,-21.41233598300724,20.552614379506732,-21.41233598300724,20.552614379506732,5.47465267127031,0.04635475250589294,0.026200391329059207
1565.0,62.6,2.0,-21.331010593957917,20.63531334131439,-21.331010593957917,20.63531334131439,5.478536951932514,0.04635475250589294,0.026200391329059207
1566.0,62.64,2.0,-21.249383941991614,20.71771658023003,-21.249383941991614,20.71771658023003,5.482424903559056,0.04635475250589294,0.026200391329059207
1567.0,62.68,2.0,-21.167471470491307,20.79982600207053,-21.167471470491307,20.79982600207053,5.486326032051854,0.04635475250589294,0.026200391329059207
1568.0,62.72,2.0,-21.085275286153824,20.881636626188737,-21.085275286153824,20.881636626188737,5.490225380663064,0.04635475250589294,0.026200391329059207
1569.0,62.76,2.0,-21.002802177478024,20.963156991260004,-21.002802177478024,20.963156991260004,5.494137886049356,0.04635475250589294,0.026200391329059207
1570.0,62.800000000000004,2.0,-20.92010559344397,21.044315987681784,-20.92010559344397,21.044315987681784,5.498055434244932,0.04635475250589294,0.026200391329059207
1571.0,62.84,2.0,-20.837182844644413,21.125115078236647,-20.837182844644413,21.125115078236647,5.501985169288337,0.04635475250589294,0.026200391329059207
1572.0,62.88,2.0,-20.754031395635497,21.20555576355418,-20.754031395635497,21.20555576355418,5.505906692456584,0.04635475250589294,0.026200391329059207
1573.0,62.92,2.0,-20.670648863979082,21.285639586345173,-20.670648863979082,21.285639586345173,5.50984200981084,0.04635475250589294,0.026200391329059207
1574.0,62.96,2.0,-20.58703301918313,21.365368135617373,-20.58703301918313,21.365368135617373,5.513768292307183,0.04635475250589294,0.026200391329059207
1575.0,63.0,2.0,-20.503181781540498,21.444743050870226,-20.503181781540498,21.444743050870226,5.517680556218242,0.04635475250589294,0.026200391329059207
1576.0,63.04,2.0,-20.419093220866568,21.523766026266166,-20.419093220866568,21.523766026266166,5.521564170886697,0.04635475250589294,0.026200391329059207
1577.0,63.08,2.0,-20.334757202799906,21.602457212203667,-20.334757202799906,21.602457212203667,5.525446466393526,0.04635475250589294,0.026200391329059207
1578.0,63.120000000000005,2.0,-20.250170825467244,21.680784210079977,-20.250170825467244,21.680784210079977,5.529323323544633,0.04635475250589294,0.026200391329059207
1579.0,63.160000000000004,2.0,-20.165328748268088,21.75874918074363,-20.165328748268088,21.75874918074363,5.5331777755743055,0.04635475250589294,0.026200391329059207
1580.0,63.2,2.0,-20.080225564666883,21.836354196937894,-20.080225564666883,21.836354196937894,5.5370040969678875,0.04635475250589294,0.026200391329059207
1581.0,63.24,2.0,-19.994813049305225,21.91367432147543,-19.994813049305225,21.91367432147543,5.540829693012078,0.04635475250589294,0.026200391329059207
1582.0,63.28,2.0,-19.909096706414935,21.990696314640875,-19.909096706414935,21.990696314640875,5.544653656731747,0.04635475250589294,0.026200391329059207
1583.0,63.32,2.0,-19.82306739973921,22.067430438420526,-19.82306739973921,22.067430438420526,5.5484460919426155,0.04635475250589294,0.026200391329059207
1584.0,63.36,2.0,-19.73671513982255,22.14389155878559,-19.73671513982255,22.14389155878559,5.552236635856603,0.04635475250589294,0.026200391329059207
1585.0,63.4,2.0,-19.650041259629877,22.220070057928403,-19.650041259629877,22.220070057928403,5.556005812550229,0.04635475250589294,0.026200391329059207
1586.0,63.440000000000005,2.0,-19.563019644721777,22.29596359605295,-19.563019644721777,22.29596359605295,5.559766259022242,0.04635475250589294,0.026200391329059207
1587.0,63.480000000000004,2.0,-19.475677698788136,22.371573145422065,-19.475677698788136,22.371573145422065,5.563525880129226,0.04635475250589294,0.026200391329059207
1588.0,63.52,2.0,-19.38801277236326,22.446895224741592,-19.38801277236326,22.446895224741592,5.567270504121238,0.04635475250589294,0.026200391329059207
1589.0,63.56,2.0,-19.30001767641483,22.52191287579485,-19.30001767641483,22.52191287579485,5.570998501624336,0.04635475250589294,0.026200391329059207
1590.0,63.6,2.0,-19.21163870294168,22.59668883296139,-19.21163870294168,22.59668883296139,5.574715387433481,0.04635475250589294,0.026200391329059207
1591.0,63.64,2.0,-19.122878423095163,22.67121330446255,-19.122878423095163,22.67121330446255,5.5784228588367535,0.04635475250589294,0.026200391329059207
1592.0,63.68,2.0,-19.03373939405719,22.745476508798113,-19.03373939405719,22.745476508798113,5.582112252542951,0.04635475250589294,0.026200391329059207
1593.0,63.72,2.0,-18.94422415920277,22.819468672400326,-18.94422415920277,22.819468672400326,5.585798214687977,0.04635475250589294,0.026200391329059207
1594.0,63.76,2.0,-18.854335248340654,22.893180027295767,-18.854335248340654,22.893180027295767,5.589472069840646,0.04635475250589294,0.026200391329059207
1595.0,63.800000000000004,2.0,-18.764075178031945,22.96660080877727,-18.764075178031945,22.96660080877727,5.593143179301208,0.04635475250589294,0.026200391329059207
1596.0,63.84,2.0,-18.673446451986287,23.03972125308809,-18.673446451986287,23.03972125308809,5.596795032300862,0.04635475250589294,0.026200391329059207
1597.0,63.88,2.0,-18.582459913871748,23.112513197692873,-18.582459913871748,23.112513197692873,5.60044683075667,0.04635475250589294,0.026200391329059207
1598.0,63.92,2.0,-18.49111930973702,23.18500108834704,-18.49111930973702,23.18500108834704,5.604077445482866,0.04635475250589294,0.026200391329059207
1599.0,63.96,2.0,-18.39943095829103,23.257174872464415,-18.39943095829103,23.257174872464415,5.607692003855895,0.04635475250589294,0.026200391329059207
1600.0,64.0,2.0,-18.307401377151958,23.32902464848149,-18.307401377151958,23.32902464848149,5.611306540587974,0.04635475250589294,0.026200391329059207
1601.0,64.04,2.0,-18.215061967436895,23.400533039814622,-18.215061967436895,23.400533039814622,5.614907426657831,0.04635475250589294,0.026200391329059207
1602.0,64.08,2.0,-18.12240460894868,23.471715472495728,-18.12240460894868,23.471715472495728,5.618496730355887,0.04635475250589294,0.026200391329059207
1603.0,64.12,2.0,-18.02942915816299,23.542574961458907,-18.02942915816299,23.542574961458907,5.622084303358603,0.04635475250589294,0.026200391329059207
1604.0,64.16,2.0,-17.936146341318945,23.613098014299467,-17.936146341318945,23.613098014299467,5.625658381623756,0.04635475250589294,0.026200391329059207
1605.0,64.2,2.0,-17.842567124843793,23.68327705856406,-17.842567124843793,23.68327705856406,5.629163487518212,0.04635475250589294,0.026200391329059207
1606.0,64.24,2.0,-17.748702536833736,23.753112326001876,-17.748702536833736,23.753112326001876,5.63258420563477,0.04635475250589294,0.026200391329059207
1607.0,64.28,2.0,-17.654528499040115,23.822600054193632,-17.654528499040115,23.822600054193632,5.635937446699513,0.04635475250589294,0.026200391329059207
1608.0,64.32000000000001,2.0,-17.560050967619556,23.891740892204563,-17.560050967619556,23.891740892204563,5.639224483190085,0.04635475250589294,0.026200391329059207
1609.0,64.36,2.0,-17.465275746905554,23.960439265864668,-17.465275746905554,23.960439265864668,5.6424465875841365,0.04635475250589294,0.026200391329059207
1610.0,64.4,2.0,-17.37020849043117,24.028714568380902,-17.37020849043117,24.028714568380902,5.645605032359319,0.04635475250589294,0.026200391329059207
1611.0,64.44,2.0,-17.274887530909243,24.096541944830474,-17.274887530909243,24.096541944830474,5.64870108999328,0.04635475250589294,0.026200391329059207
1612.0,64.48,2.0,-17.179854018902144,24.16397391199967,-17.179854018902144,24.16397391199967,5.651746447160216,0.04635475250589294,0.026200391329059207
1613.0,64.52,2.0,-17.08458107345024,24.2309660716935,-17.08458107345024,24.2309660716935,5.654741554664217,0.04635475250589294,0.026200391329059207
1614.0,64.56,2.0,-16.989604723573496,24.297586451620614,-16.989604723573496,24.297586451620614,5.657690293005786,0.04635475250589294,0.026200391329059207
1615.0,64.6,2.0,-16.894389771239087,24.363771528700887,-16.894389771239087,24.363771528700887,5.660594868348919,0.04635475250589294,0.026200391329059207
1616.0,64.64,2.0,-16.798911039095447,24.429593132832856,-16.798911039095447,24.429593132832856,5.663455183883186,0.04635475250589294,0.026200391329059207
1617.0,64.68,2.0,-16.703171842723705,24.494981406153293,-16.703171842723705,24.494981406153293,5.6662729228161215,0.04635475250589294,0.026200391329059207
1618.0,64.72,2.0,-16.60717531337265,24.56005391679421,-16.60717531337265,24.56005391679421,5.6690497683552525,0.04635475250589294,0.026200391329059207
1619.0,64.76,2.0,-16.510924399500134,24.624811489530753,-16.510924399500134,24.624811489530753,5.671787403708106,0.04635475250589294,0.026200391329059207
1620.0,64.8,2.0,-16.41442186834377,24.689254830770047,-16.41442186834377,24.689254830770047,5.674487512082218,0.04635475250589294,0.026200391329059207
1621.0,64.84,2.0,-16.31767030752073,24.753384526080342,-16.31767030752073,24.753384526080342,5.677151776685111,0.04635475250589294,0.026200391329059207
1622.0,64.88,2.0,-16.22067212665652,24.817201037738325,-16.22067212665652,24.817201037738325,5.679781880724319,0.04635475250589294,0.026200391329059207
1623.0,64.92,2.0,-16.12343774910107,24.88069230607068,-16.12343774910107,24.88069230607068,5.682399393807956,0.04635475250589294,0.026200391329059207
1624.0,64.96000000000001,2.0,-16.02596749486537,24.94385810872193,-16.02596749486537,24.94385810872193,5.685004726665904,0.04635475250589294,0.026200391329059207
1625.0,65.0,2.0,-15.92826164734859,25.006698212245627,-15.92826164734859,25.006698212245627,5.687598290028039,0.04635475250589294,0.026200391329059207
1626.0,65.04,2.0,-15.83032045355439,25.06921237161697,-15.83032045355439,25.06921237161697,5.690180494624247,0.04635475250589294,0.026200391329059207
1627.0,65.08,2.0,-15.732144124312065,25.131400329747912,-15.732144124312065,25.131400329747912,5.692751751184404,0.04635475250589294,0.026200391329059207
1628.0,65.12,2.0,-15.63373283450246,25.193261817004814,-15.63373283450246,25.193261817004814,5.695312470438393,0.04635475250589294,0.026200391329059207
1629.0,65.16,2.0,-15.53508672328873,25.254796550728845,-15.53508672328873,25.254796550728845,5.697863063116089,0.04635475250589294,0.026200391329059207
1630.0,65.2,2.0,-15.436205894351795,25.31600423475892,-15.436205894351795,25.31600423475892,5.700403939947379,0.04635475250589294,0.026200391329059207
1631.0,65.24,2.0,-15.337090416130533,25.376884558957475,-15.337090416130533,25.376884558957475,5.7029355116621385,0.04635475250589294,0.026200391329059207
1632.0,65.28,2.0,-15.237734443163811,25.43742598758206,-15.237734443163811,25.43742598758206,5.705447774793705,0.04635475250589294,0.026200391329059207
1633.0,65.32000000000001,2.0,-15.136913672430707,25.49794758150247,-15.136913672430707,25.49794758150247,5.7079419617455125,0.04635475250589294,0.026200391329059207
1634.0,65.36,2.0,-15.035858482137714,25.557980719619938,-15.035858482137714,25.557980719619938,5.71041587522459,0.04635475250589294,0.026200391329059207
1635.0,65.4,2.0,-14.934571511874044,25.617530166281753,-14.934571511874044,25.617530166281753,5.712868992274475,0.04635475250589294,0.026200391329059207
1636.0,65.44,2.0,-14.833052273576904,25.676594553905968,-14.833052273576904,25.676594553905968,5.7153030929131186,0.04635475250589294,0.026200391329059207
1637.0,65.48,2.0,-14.731301942678977,25.735175306009747,-14.731301942678977,25.735175306009747,5.717718177140524,0.04635475250589294,0.026200391329059207
1638.0,65.52,2.0,-14.629321703815508,25.79327385330286,-14.629321703815508,25.79327385330286,5.720114244956689,0.04635475250589294,0.026200391329059207
1639.0,65.56,2.0,-14.52711275081038,25.850891633664833,-14.52711275081038,25.850891633664833,5.722491296361616,0.04635475250589294,0.026200391329059207
1640.0,65.6,2.0,-14.424676286661818,25.908030092121983,-14.424676286661818,25.908030092121983,5.724849331355301,0.04635475250589294,0.026200391329059207
1641.0,65.64,2.0,-14.322013523527865,25.96469068082427,-14.322013523527865,25.96469068082427,5.72718834993775,0.04635475250589294,0.026200391329059207
1642.0,65.68,2.0,-14.219125682711464,26.020874859022058,-14.219125682711464,26.020874859022058,5.729508352108957,0.04635475250589294,0.026200391329059207
1643.0,65.72,2.0,-14.116013994645295,26.076584093042733,-14.116013994645295,26.076584093042733,5.731809337868926,0.04635475250589294,0.026200391329059207
1644.0,65.76,2.0,-14.012679698876259,26.13181985626716,-14.012679698876259,26.13181985626716,5.734091307217655,0.04635475250589294,0.026200391329059207
1645.0,65.8,2.0,-13.909124044049673,26.186583629106053,-13.909124044049673,26.186583629106053,5.736354260155145,0.04635475250589294,0.026200391329059207
1646.0,65.84,2.0,-13.805348287893151,26.240876898976193,-13.805348287893151,26.240876898976193,5.738598196681394,0.04635475250589294,0.026200391329059207
1647.0,65.88,2.0,-13.70135369720017,26.294701160276503,-13.70135369720017,26.294701160276503,5.740823116796405,0.04635475250589294,0.026200391329059207
1648.0,65.92,2.0,-13.597141547813337,26.348057914363995,-13.597141547813337,26.348057914363995,5.7430290205001775,0.04635475250589294,0.026200391329059207
1649.0,65.96000000000001,2.0,-13.49271312460733,26.400948669529622,-13.49271312460733,26.400948669529622,5.745215907792709,0.04635475250589294,0.026200391329059207
1650.0,66.0,2.0,-13.388069721471554,26.45337494097394,-13.388069721471554,26.45337494097394,5.747383778674003,0.04635475250589294,0.026200391329059207
1651.0,66.04,2.0,-13.283212641292462,26.505338250782707,-13.283212641292462,26.505338250782707,5.749532633144055,0.04635475250589294,0.026200391329059207
1652.0,66.08,2.0,-13.178143195935583,26.55684012790228,-13.178143195935583,26.55684012790228,5.751662471202869,0.04635475250589294,0.026200391329059207
1653.0,66.12,2.0,-13.072862706227237,26.60788210811496,-13.072862706227237,26.60788210811496,5.753773292850443,0.04635475250589294,0.026200391329059207
1654.0,66.16,2.0,-12.967372501935948,26.65846573401416,-12.967372501935948,26.65846573401416,5.75586509808678,0.04635475250589294,0.026200391329059207
1655.0,66.2,2.0,-12.861673921753537,26.70859255497944,-12.861673921753537,26.70859255497944,5.757937886911874,0.04635475250589294,0.026200391329059207
1656.0,66.24,2.0,-12.755768313275915,26.758264127151467,-12.755768313275915,26.758264127151467,5.759991659325731,0.04635475250589294,0.026200391329059207
1657.0,66.28,2.0,-12.649657032983571,26.807482013406773,-12.649657032983571,26.807482013406773,5.762026415328347,0.04635475250589294,0.026200391329059207
1658.0,66.32000000000001,2.0,-12.543341446221751,26.85624778333247,-12.543341446221751,26.85624778333247,5.764042154919725,0.04635475250589294,0.026200391329059207
1659.0,66.36,2.0,-12.436822927180318,26.904563013200768,-12.436822927180318,26.904563013200768,5.766038878099862,0.04635475250589294,0.026200391329059207
1660.0,66.4,2.0,-12.330102858873328,26.952429285943424,-12.330102858873328,26.952429285943424,5.768016584868762,0.04635475250589294,0.026200391329059207
1661.0,66.44,2.0,-12.223182633118288,26.999848191126,-12.223182633118288,26.999848191126,5.769975275226421,0.04635475250589294,0.026200391329059207
1662.0,66.48,2.0,-12.116063650515095,27.046821324922085,-12.116063650515095,27.046821324922085,5.7719149491728405,0.04635475250589294,0.026200391329059207
1663.0,66.52,2.0,-12.0087473204247,27.093350290087322,-12.0087473204247,27.093350290087322,5.773835606708021,0.04635475250589294,0.026200391329059207
1664.0,66.56,2.0,-11.90123506094744,27.139436695933327,-11.90123506094744,27.139436695933327,5.775737247831961,0.04635475250589294,0.026200391329059207
1665.0,66.6,2.0,-11.793528298901071,27.185082158301537,-11.793528298901071,27.185082158301537,5.777619872544662,0.04635475250589294,0.026200391329059207
1666.0,66.64,2.0,-11.685628469798514,27.23028829953682,-11.685628469798514,27.23028829953682,5.7794834808461255,0.04635475250589294,0.026200391329059207
1667.0,66.68,2.0,-11.577537017825279,27.275056748461125,-11.577537017825279,27.275056748461125,5.781328072736348,0.04635475250589294,0.026200391329059207
1668.0,66.72,2.0,-11.469255395816576,27.319389140346857,-11.469255395816576,27.319389140346857,5.783153648215331,0.04635475250589294,0.026200391329059207
1669.0,66.76,2.0,-11.360785065234165,27.36328711689023,-11.360785065234165,27.36328711689023,5.784423264596984,0.04635475250589294,0.026200391329059207
1670.0,66.8,2.0,-11.252127496142844,27.40675232618446,-11.252127496142844,27.40675232618446,5.784876057064598,0.04635475250589294,0.026200391329059207
1671.0,66.84,2.0,-11.14328416718669,27.44978642269285,-11.14328416718669,27.44978642269285,5.78451202561817,0.04635475250589294,0.026200391329059207
1672.0,66.88,2.0,-11.034256565564963,27.492391067221757,-11.034256565564963,27.492391067221757,5.7833311702577035,0.04635475250589294,0.026200391329059207
1673.0,66.92,2.0,-10.925046187007727,27.534567926893427,-10.925046187007727,27.534567926893427,5.780511084529377,0.04635475250589294,0.026200391329059207
1674.0,66.96000000000001,2.0,-10.815654535751154,27.576318675118724,-10.815654535751154,27.576318675118724,5.77605176843319,0.04635475250589294,0.026200391329059207
1675.0,67.0,2.0,-10.70608312451254,27.617644991569758,-10.70608312451254,27.617644991569758,5.769953221969144,0.04635475250589294,0.026200391329059207
1676.0,67.04,2.0,-10.596333474465025,27.658548562152365,-10.596333474465025,27.658548562152365,5.762215445137238,0.04635475250589294,0.026200391329059207
1677.0,67.08,2.0,-10.486407115211996,27.69903107897847,-10.486407115211996,27.69903107897847,5.7528384379374735,0.04635475250589294,0.026200391329059207
1678.0,67.12,2.0,-10.376305584761207,27.739094240338396,-10.376305584761207,27.739094240338396,5.741822200369847,0.04635475250589294,0.026200391329059207
1679.0,67.16,2.0,-10.266030429498592,27.778739750672937,-10.266030429498592,27.778739750672937,5.729166732434365,0.04635475250589294,0.026200391329059207
1680.0,67.2,2.0,-10.155583204161783,27.817969320545476,-10.155583204161783,27.817969320545476,5.71487203413102,0.04635475250589294,0.026200391329059207
1681.0,67.24,2.0,-10.044965471813333,27.856784666613834,-10.044965471813333,27.856784666613834,5.698938105459817,0.04635475250589294,0.026200391329059207
1682.0,67.28,2.0,-9.934178803813642,27.895187511602128,-9.934178803813642,27.895187511602128,5.681364946420755,0.04635475250589294,0.026200391329059207
1683.0,67.32000000000001,2.0,-9.823224779793573,27.933179584272416,-9.823224779793573,27.933179584272416,5.662152557013833,0.04635475250589294,0.026200391329059207
1684.0,67.36,2.0,-9.712104987626796,27.970762619396318,-9.712104987626796,27.970762619396318,5.641300937239051,0.04635475250589294,0.026200391329059207
1685.0,67.4,2.0,-9.600821023401824,28.007938357726463,-9.600821023401824,28.007938357726463,5.61881008709641,0.04635475250589294,0.026200391329059207
1686.0,67.44,2.0,-9.489374491393743,28.044708545967843,-9.489374491393743,28.044708545967843,5.594680006585908,0.04635475250589294,0.026200391329059207
1687.0,67.48,2.0,-9.377767004035675,28.081074936749093,-9.377767004035675,28.081074936749093,5.569733102161368,0.04635475250589294,0.026200391329059207
1688.0,67.52,2.0,-9.266000181889925,28.117039288593574,-9.266000181889925,28.117039288593574,5.544474232107419,0.046178682657564515,0.026094711892673258
1689.0,67.56,2.0,-9.154075653618849,28.152603365890457,-9.154075653618849,28.152603365890457,5.5191963456422295,0.04582654296090768,0.025883353019901356
1690.0,67.6,2.0,-9.041995055955411,28.1877689388656,-9.041995055955411,28.1877689388656,5.493899442765801,0.04529833341592241,0.02556631471074351
1691.0,67.64,2.0,-8.929760033673482,28.22253778355238,-8.929760033673482,28.22253778355238,5.468583523478134,0.04459405402260873,0.025143596965199706
1692.0,67.68,2.0,-8.817372239557809,28.256911681762386,-8.817372239557809,28.256911681762386,5.443248587779227,0.043713704780966624,0.024615199783269953
1693.0,67.72,2.0,-8.70483333437373,28.29089242105603,-8.70483333437373,28.29089242105603,5.4178946356690805,0.042657285690996104,0.023984003418035048
1694.0,67.76,2.0,-8.59214498683657,28.324481794713016,-8.59214498683657,28.324481794713016,5.392521667147695,0.041424796752697154,0.02334992679971935
1695.0,67.8,2.0,-8.479308873580758,28.35768160170274,-8.479308873580758,28.35768160170274,5.36712968221507,0.04001623796606979,0.0226101707450177
1696.0,67.84,2.0,-8.366326679128678,28.390493646654562,-8.366326679128678,28.390493646654562,5.341718680871206,0.03843160933111401,0.021837764526603527
1697.0,67.88,2.0,-8.253200095859201,28.422919739827964,-8.253200095859201,28.422919739827964,5.316288663116102,0.036670910847829793,0.020992329035515924
1698.0,67.92,2.0,-8.139930823975936,28.45496169708265,-8.139930823975936,28.45496169708265,5.290839628949758,0.034783980253079765,0.0201445754352902
1699.0,67.96000000000001,2.0,-8.026520571475215,28.48662133984848,-8.026520571475215,28.48662133984848,5.265371578372176,0.03281963609742758,0.01923095936369676
1700.0,68.0,2.0,-7.912970952897522,28.51790049509537,-7.912970952897522,28.51790049509537,5.239884511383354,0.03069370735149377,0.018279844436223207
1701.0,68.04,2.0,-7.799283563686738,28.54880099530299,-7.799283563686738,28.54880099530299,5.214378427983292,0.028406194015278337,0.0172250185114505
1702.0,68.08,2.0,-7.68545997975931,28.57932467843051,-7.68545997975931,28.57932467843051,5.188853328171991,0.02595709608878128,0.016168224147591
1703.0,68.12,2.0,-7.571501757073821,28.609473387886062,-7.571501757073821,28.609473387886062,5.163309211949451,0.023346413572002594,0.014972188369639034
1704.0,68.16,2.0,-7.457410431201008,28.639248972496283,-7.457410431201008,28.639248972496283,5.137746079315671,0.020574146464942284,0.013634942738507794
1705.0,68.2,2.0,-7.343187516894233,28.668653286475593,-7.343187516894233,28.668653286475593,5.112163930270651,0.01764029476760035,0.012156487254197289
1706.0,68.24,2.0,-7.228834507660425,28.697688189395507,-7.228834507660425,28.697688189395507,5.086562764814393,0.014544858479976788,0.010536821916707519
1707.0,68.28,2.0,-7.114352875331504,28.726355546153783,-7.114352875331504,28.726355546153783,5.060942582946895,0.011594274772821184,0.008881626162424433
1708.0,68.32000000000001,2.0,-6.999744069636335,28.754657226943458,-6.999744069636335,28.754657226943458,5.0353033846681585,0.008819760913993998,0.0072965794277339785
1709.0,68.36,2.0,-6.885009517773167,28.78259510722184,-6.885009517773167,28.78259510722184,5.009645169978181,0.006206831645448439,0.005781681712636161
1710.0,68.4,2.0,-6.770166568060341,28.810171067679345,-6.770166568060341,28.810171067679345,4.983967938876964,0.003763590262509095,0.004336933017130976
1711.0,68.44,2.0,-6.6552329706161615,28.83738699420829,-6.6552329706161615,28.83738699420829,4.9582716913645095,0.0014883154325735807,0.0029623333412184256
1712.0,68.48,2.0,-6.540210592461354,28.86424477787155,-6.540210592461354,28.86424477787155,4.932556427440813,-0.0006253748070803081,0.0016550024318177162
1713.0,68.52,2.0,-6.4251013323578885,28.89074631487116,-6.4251013323578885,28.89074631487116,4.9068221471058795,-0.0025774804564525715,0.00031502135870448345
1714.0,68.56,2.0,-6.309907123465747,28.91689350651675,-6.309907123465747,28.91689350651675,4.881068850359706,-0.0043680015155432095,-0.0009548106948161151
1715.0,68.60000000000001,2.0,-6.1946299359893855,28.94268825919399,-6.1946299359893855,28.94268825919399,4.8552965372022925,-0.005996937984352223,-0.002227523001417507
1716.0,68.64,1.0,-6.079271779813254,28.96813248433286,-6.079271779813254,28.96813248433286,4.829505207633639,-0.00746428986287961,-0.0034627364521387875
1717.0,68.68,1.0,-5.9638347071257485,28.993228098375837,-5.9638347071257485,28.993228098375837,4.803694861653748,-0.008805409629941167,-0.004731162210515261
1718.0,68.72,2.0,-5.848320815031012,29.017977022746056,-5.848320815031012,29.017977022746056,4.777865499262616,-0.01006911583610058,-0.006283976114337062
1719.0,68.76,2.0,-5.732732248147935,29.04238118381527,-5.732732248147935,29.04238118381527,4.752017120460245,-0.011174878895799278,-0.008157058250448835
1720.0,68.8,2.0,-5.617071302412055,29.066442512871827,-5.617071302412055,29.066442512871827,4.726149725246635,-0.012119057365216351,-0.009926429389261453
1721.0,68.84,2.0,-5.501340353255325,29.090162946088483,-5.501340353255325,29.090162946088483,4.700263313621785,-0.0129016512443518,-0.011693832088987274
1722.0,68.88,2.0,-5.385541858561118,29.113544424490172,-5.385541858561118,29.113544424490172,4.674357885585696,-0.013522660533205623,-0.013321993374620627
1723.0,68.92,2.0,-5.269678361603329,29.136588893921644,-5.269678361603329,29.136588893921644,4.648433441138367,-0.01398208523177782,-0.01480894480707471
1724.0,68.96000000000001,2.0,-5.153752493968971,29.15929830501506,-5.153752493968971,29.15929830501506,4.622489980279799,-0.014279925340068392,-0.01615468638634953
1725.0,69.0,2.0,-5.037714492713649,29.18167461315747,-5.037714492713649,29.18167461315747,4.596527503009992,-0.014416180858077337,-0.017359218112445087
1726.0,69.04,2.0,-4.921515060039082,29.203719778458197,-4.921515060039082,29.203719778458197,4.570546009328945,-0.014521219108225817,-0.018422539985361374
1727.0,69.08,2.0,-4.805105379950875,29.225435765716174,-4.805105379950875,29.225435765716174,4.5445454992366585,-0.014626257358374297,-0.019450331441484343
1728.0,69.12,2.0,-4.688437134796236,29.246824544387152,-4.688437134796236,29.246824544387152,4.5185259727331335,-0.01471681035047598,-0.020442592480813995
1729.0,69.16,2.0,-4.5714625216774785,29.267629585528606,-4.5714625216774785,29.267629585528606,4.492487429818368,-0.014800981379855463,-0.021399323103350337
1730.0,69.2,2.0,-4.454118324659507,29.287818785826293,-4.454118324659507,29.287818785826293,4.466429870492364,-0.014877049113910351,-0.02232052330909336
1731.0,69.24,2.0,-4.336341449816174,29.30735972733276,-4.336341449816174,29.30735972733276,4.440353294755121,-0.014938631589918445,-0.023206193098043067
1732.0,69.28,2.0,-4.21808522571813,29.32622065863814,-4.21808522571813,29.32622065863814,4.414257702606637,-0.014985728807879743,-0.024056332470199455
1733.0,69.32000000000001,2.0,-4.099303504044309,29.34436905204566,-4.099303504044309,29.34436905204566,4.388143094046915,-0.015018340767794245,-0.024870941425562534
1734.0,69.36,2.0,-3.9799506722314866,29.361771612070527,-3.9799506722314866,29.361771612070527,4.362009469075952,-0.015036467469661953,-0.025650019964132287
1735.0,69.4,2.0,-3.859981665986229,29.378394284143333,-3.859981665986229,29.378394284143333,4.335856827693751,-0.015040108913482864,-0.02639356808590873
1736.0,69.44,2.0,-3.7393519816559437,29.394202263516004,-3.7393519816559437,29.394202263516004,4.309685169900311,-0.015043750357303777,-0.02710158579089186
1737.0,69.48,2.0,-3.618017688455761,29.40916000436777,-3.618017688455761,29.40916000436777,4.28349449569563,-0.015047391801124688,-0.02745935287906194
1738.0,69.52,2.0,-3.495935440548032,29.423231229108985,-3.495935440548032,29.423231229108985,4.25728480507971,-0.015047391801124688,-0.02745935287906194
1739.0,69.56,2.0,-3.3730624889712475,29.436378937880374,-3.3730624889712475,29.436378937880374,4.231056098052551,-0.015047391801124688,-0.02745935287906194
1740.0,69.60000000000001,2.0,-3.2493566934152356,29.448565418245227,-3.2493566934152356,29.448565418245227,4.204808374614153,-0.015047391801124688,-0.02745935287906194
1741.0,69.64,2.0,-3.1247765338395186,29.459752255072143,-3.1247765338395186,29.459752255072143,4.178541634764515,-0.015047391801124688,-0.02745935287906194
1742.0,69.68,2.0,-2.999281121931778,29.469900340605683,-2.999281121931778,29.469900340605683,4.152255878503637,-0.015047391801124688,-0.02745935287906194
1743.0,69.72,2.0,-2.872830212403383,29.478969884722474,-2.872830212403383,29.478969884722474,4.125951105831521,-0.015047391801124688,-0.02745935287906194
1744.0,69.76,2.0,-2.7453842141189972,29.486920425370016,-2.7453842141189972,29.486920425370016,4.0996273167481645,-0.015047391801124688,-0.02745935287906194
1745.0,69.8,2.0,-2.6169566868073364,29.493733185038256,-2.6169566868073364,29.493733185038256,4.0732845112535685,-0.015047391801124688,-0.02745935287906194
1746.0,69.84,2.0,-2.487561495060372,29.499389587934818,-2.487561495060372,29.499389587934818,4.046922689347734,-0.015047391801124688,-0.02745935287906194
1747.0,69.88,2.0,-2.357212805159366,29.503871264819914,-2.357212805159366,29.503871264819914,4.020541851030659,-0.015047391801124688,-0.02745935287906194
1748.0,69.92,2.0,-2.2259250818245806,29.507160057790642,-2.2259250818245806,29.507160057790642,3.994141996302345,-0.015047391801124688,-0.02745935287906194
1749.0,69.96000000000001,2.0,-2.093713084889493,29.509238025013385,-2.093713084889493,29.509238025013385,3.967723125162792,-0.015047391801124688,-0.02745935287906194
1750.0,70.0,2.0,-1.9605918659003203,29.510087445403204,-1.9605918659003203,29.510087445403204,3.941285237612,-0.015047391801124688,-0.02745935287906194
1751.0,70.04,2.0,-1.8265767646417288,29.50969082324903,-1.8265767646417288,29.50969082324903,3.914828333649968,-0.015047391801124688,-0.02745935287906194
1752.0,70.08,2.0,-1.6916834055895726,29.508030892783513,-1.6916834055895726,29.508030892783513,3.8883524132766962,-0.015047391801124688,-0.02745935287906194
1753.0,70.12,2.0,-1.5559276942915623,29.50509062269622,-1.5559276942915623,29.50509062269622,3.8618574764921854,-0.015047391801124688,-0.02745935287906194
1754.0,70.16,2.0,-1.419325813676758,29.50085322058935,-1.419325813676758,29.50085322058935,3.835343523296435,-0.015047391801124688,-0.02745935287906194
1755.0,70.2,2.0,-1.281894220294812,29.49530213737452,-1.281894220294812,29.49530213737452,3.8088105536894457,-0.015047391801124688,-0.02745935287906194
1756.0,70.24,2.0,-1.1436496404858996,29.48842107160977,-1.1436496404858996,29.48842107160977,3.7822585676712164,-0.015047391801124688,-0.02745935287906194
1757.0,70.28,2.0,-1.004609066482293,29.48019397377554,-1.004609066482293,29.48019397377554,3.755687565241748,-0.015047391801124688,-0.02745935287906194
1758.0,70.32000000000001,2.0,-0.8647897524425537,29.470605050488565,-0.8647897524425537,29.470605050488565,3.7290975464010403,-0.015047391801124688,-0.02745935287906194
1759.0,70.36,2.0,-0.7242092104193314,29.45963876865275,-0.7242092104193314,29.45963876865275,3.7024885111490926,-0.015047391801124688,-0.02745935287906194
1760.0,70.4,2.0,-0.582885206261779,29.447279859545798,-0.582885206261779,29.447279859545798,3.6758604594859063,-0.015047391801124688,-0.02745935287906194
1761.0,70.44,2.0,-0.4408357554536046,29.433513322840724,-0.4408357554536046,29.433513322840724,3.6492133914114797,-0.015047391801124688,-0.02745935287906194
1762.0,70.48,2.0,-0.2980791188878033,29.4183244305611,-0.2980791188878033,29.4183244305611,3.6225473069258145,-0.015047391801124688,-0.02745935287906194
1763.0,70.52,2.0,-0.15463379857912124,29.401698730969134,-0.15463379857912124,29.401698730969134,3.5958622060289094,-0.015047391801124688,-0.02745935287906194
1764.0,70.56,2.0,-0.010518533315324851,29.383622052385643,-0.010518533315324851,29.383622052385643,3.5691580887207657,-0.015047391801124688,-0.02745935287906194
1765.0,70.60000000000001,2.0,0.13424770575163852,29.364080506940795,0.13424770575163852,29.364080506940795,3.542453971412621,-0.015047391801124688,-0.02745935287906194
1766.0,70.64,2.0,0.2796457195734871,29.343060494254818,0.2796457195734871,29.343060494254818,3.515749854104477,-0.015047391801124688,-0.02745935287906194
1767.0,70.68,2.0,0.4256560857313412,29.320548705047717,0.4256560857313412,29.320548705047717,3.4890457367963323,-0.015047391801124688,-0.02745935287906194
1768.0,70.72,2.0,0.5722591630182201,29.29653212467705,0.5722591630182201,29.29653212467705,3.462341619488188,-0.015047391801124688,-0.02745935287906194
1769.0,70.76,2.0,0.7194350960771523,29.270998036602936,0.7194350960771523,29.270998036602936,3.435637502180043,-0.015047391801124688,-0.02745935287906194
1770.0,70.8,2.0,0.8671638200937405,29.243934025779346,0.8671638200937405,29.243934025779346,3.4089333848718986,-0.015047391801124688,-0.02745935287906194
1771.0,70.84,2.0,1.0154250655420098,29.21532798197091,1.0154250655420098,29.21532798197091,3.3822292675637544,-0.015047391801124688,-0.02745935287906194
1772.0,70.88,2.0,1.1641983629823507,29.18516810299429,1.1641983629823507,29.18516810299429,3.3555251502556107,-0.015047391801124688,-0.02745935287906194
1773.0,70.92,2.0,1.313463047910358,29.15344289788347,1.313463047910358,29.15344289788347,3.328821032947466,-0.015047391801124688,-0.02745935287906194
1774.0,70.96000000000001,2.0,1.4623129740817178,29.120141189977975,1.4623129740817178,29.120141189977975,3.302116915639322,-0.015047391801124688,-0.02745935287906194
1775.0,71.0,2.0,1.6105778928066468,29.085252119933394,1.6105778928066468,29.085252119933394,3.2754127983311774,-0.015047391801124688,-0.02745935287906194
1776.0,71.04,2.0,1.7582570129713073,29.048765148653324,1.7582570129713073,29.048765148653324,3.2487086810230332,-0.015047391801124688,-0.02745935287906194
1777.0,71.08,2.0,1.9053495520274257,29.01067006014217,1.9053495520274257,29.01067006014217,3.2220045637148886,-0.015047391801124688,-0.02745935287906194
1778.0,71.12,2.0,2.0518547360041963,28.97095696427782,2.0518547360041963,28.97095696427782,3.1953004464067445,-0.015047391801124688,-0.02745935287906194
1779.0,71.16,2.0,2.197771799520031,28.929616299503785,2.197771799520031,28.929616299503785,3.1685963290986003,-0.015047391801124688,-0.02745935287906194
1780.0,71.2,2.0,2.343099985794144,28.886638835439907,2.343099985794144,28.886638835439907,3.141892211790456,-0.015047391801124688,-0.02745935287906194
1781.0,71.24,2.0,2.4878385466579824,28.842015675411087,2.4878385466579824,28.842015675411087,3.1151880944823116,-0.015047391801124688,-0.02745935287906194
1782.0,71.28,2.0,2.6319867425664945,28.795738258893348,2.6319867425664945,28.795738258893348,3.0884839771741674,-0.015047391801124688,-0.02745935287906194
1783.0,71.32000000000001,2.0,2.775543842609235,28.74779836387667,2.775543842609235,28.74779836387667,3.061779859866023,-0.015047391801124688,-0.02745935287906194
1784.0,71.36,2.0,2.9185091245213126,28.698188109143913,2.9185091245213126,28.698188109143913,3.035128163789232,-0.015047391801124688,-0.02745935287906194
1785.0,71.4,2.0,3.060881874694179,28.646899956465344,3.060881874694179,28.646899956465344,3.0085288889437924,-0.015066519150193265,-0.027172738394542033
1786.0,71.44,2.0,3.2026613881862533,28.593926712708157,3.2026613881862533,28.593926712708157,2.9819820353297075,-0.015104773848330418,-0.026599509425502224
1787.0,71.48,2.0,3.3438469687333856,28.539261531860465,3.3438469687333856,28.539261531860465,2.955487602946975,-0.015162155895536152,-0.025739665971942507
1788.0,71.52,2.0,3.4844379287591614,28.482897916969286,3.4844379287591614,28.482897916969286,2.9290455917955955,-0.015238665291810463,-0.024593208033862883
1789.0,71.56,2.0,3.624433589385045,28.424829721991966,3.624433589385045,28.424829721991966,2.902656001875569,-0.015334302037153353,-0.023160135611263354
1790.0,71.60000000000001,2.0,3.7638332804403554,28.36505115356063,3.7638332804403554,28.36505115356063,2.8763188331868954,-0.015449066131564817,-0.02144044870414392
1791.0,71.64,2.0,3.902636340472092,28.30355677265922,3.902636340472092,28.30355677265922,2.8500340857295754,-0.015563830225976282,-0.019434147312504584
1792.0,71.68,2.0,4.040842116754585,28.240341496212615,4.040842116754585,28.240341496212615,2.8238017595036076,-0.015678594320387748,-0.017141231436345338
1793.0,71.72,2.0,4.178449965298992,28.175400598587544,4.178449965298992,28.175400598587544,2.797621854508993,-0.015793358414799216,-0.014561701075666183
1794.0,71.76,2.0,4.315458579600497,28.108729506042497,4.315458579600497,28.108729506042497,2.771494370745731,-0.01590812250921068,-0.011695556230467129
1795.0,71.8,2.0,4.451866642736552,28.04032405539831,4.451866642736552,28.04032405539831,2.745419308213823,-0.016022886603622145,-0.008542796900748165
1796.0,71.84,2.0,4.587672827788473,27.970180495428615,4.587672827788473,27.970180495428615,2.719396666913267,-0.01613765069803361,-0.004753962970308994
1797.0,71.88,2.0,4.722875798263893,27.898295488158038,4.722875798263893,27.898295488158038,2.693426446844064,-0.016252414792445075,-0.0005626049422372431
1798.0,71.92,2.0,4.857474208520054,27.82466611006769,4.857474208520054,27.82466611006769,2.6675086480062142,-0.016367178886856543,0.004031277183467088
1799.0,71.96000000000001,2.0,4.991466704187919,27.749289853207753,4.991466704187919,27.749289853207753,2.641643270399718,-0.01648194298126801,0.009027683406803997
1800.0,72.0,2.0,5.124851922597099,27.67226077594688,5.124851922597099,27.67226077594688,2.6158303140245738,-0.01657130997791187,0.014426613727773489
1801.0,72.04,2.0,5.25762849320157,27.593558311169474,5.25762849320157,27.593558311169474,2.590069778880783,-0.0166206279908614,0.02022806814637556
1802.0,72.08,2.0,5.389827866937756,27.513206480509776,5.389827866937756,27.513206480509776,2.564361664968345,-0.01662989702011659,0.026432046662610207
1803.0,72.12,2.0,5.521994411742343,27.431165477911968,5.521994411742343,27.431165477911968,2.5387059722872602,-0.016599117065677446,0.03303854927647743
1804.0,72.16,2.0,5.653595715184069,27.34747877345368,5.653595715184069,27.34747877345368,2.5131027008375284,-0.01650916077847539,0.039760961503457336
1805.0,72.2,2.0,5.785166685569668,27.2620898827576,5.785166685569668,27.2620898827576,2.487551850619149,-0.016340900809441842,0.046312668859030015
1806.0,72.24,2.0,5.916168706501605,27.175059150354546,5.916168706501605,27.175059150354546,2.462053421632123,-0.0160943371585768,0.05269367134319545
1807.0,72.28,2.0,6.046570223837164,27.086318001895908,6.046570223837164,27.086318001895908,2.4366074138764504,-0.01576946982588027,0.05890396895595366
1808.0,72.32000000000001,2.0,6.1763700079046,26.995937059575173,6.1763700079046,26.995937059575173,2.4112138273521304,-0.015366298811352251,0.06494356169730463
1809.0,72.36,2.0,6.305566820733744,26.903799809909877,6.305566820733744,26.903799809909877,2.3858726620591635,-0.014884824114992742,0.07081244956724837
1810.0,72.4,2.0,6.434159416343349,26.80990677067254,6.434159416343349,26.80990677067254,2.360583917997549,-0.014344173085870318,0.0765106325657849
1811.0,72.44,2.0,6.562146541029057,26.71425886340445,6.562146541029057,26.71425886340445,2.335347595167288,0.0005918733036865117,0.08209132347550681
1812.0,72.48,2.0,6.689526933651948,26.616857413313436,6.689526933651948,26.616857413313436,2.31016369356838,0.029923315053677745,0.08755452229641415
1813.0,72.52,2.0,6.816299325927673,26.517704149078156,6.816299325927673,26.517704149078156,2.2850322132008243,0.07365015216410338,0.0929002290285069
1814.0,72.56,1.0,6.942463113978301,26.416801409521316,6.942463113978301,26.416801409521316,2.2599531540646223,0.13177238463496344,0.0981172283469954
1815.0,72.60000000000001,0.0,7.068017706533514,26.314151885880015,7.068017706533514,26.314151885880015,2.234926516159773,0.2042900124662579,0.10270936838955336
1816.0,72.64,0.0,7.192962524808822,26.209758621173545,7.192962524808822,26.209758621173545,2.209952299486277,0.291223070400585,0.10694098179228169
1817.0,72.68,0.0,7.317297002383311,26.103625009480897,7.317297002383311,26.103625009480897,2.185030504044134,0.39249234736258365,0.11082328387997012
1818.0,72.72,0.0,7.4410205850769,25.995754795128047,7.4410205850769,25.995754795128047,2.160161129833343,0.5080978433522537,0.11435627465261859
1819.0,72.76,0.0,7.564132730827119,25.886152071785347,7.564132730827119,25.886152071785347,2.135344176853906,0.6380141612718276,0.11750744070035155
1820.0,72.8,0.0,7.68663290956542,25.77482128147504,7.68663290956542,25.77482128147504,2.1105796451058216,0.7822266492353789,0.1202885960603275
1821.0,72.84,0.0,7.808520603093015,25.66176721348939,7.808520603093015,25.66176721348939,2.08586753458909,0.9407353072429073,0.12272044010526353
1822.0,72.88,0.0,7.929795304956258,25.546995003219394,7.929795304956258,25.546995003219394,2.0612078453037115,1.1135401352944125,0.1248029728351596
1823.0,72.92,0.0,8.05044068392357,25.430508137298066,8.05044068392357,25.430508137298066,2.0366005772496862,1.3006411333898953,0.12653619425001575
1824.0,72.96000000000001,0.0,8.169230887275294,25.311993810996235,8.169230887275294,25.311993810996235,2.0120457304270136,1.5020191741802864,0.12820671883435186
1825.0,73.0,0.0,8.287390518909698,25.19191509308579,8.287390518909698,25.19191509308579,1.987543304835694,1.7176742576655861,0.129814546588168
1826.0,73.04,0.0,8.404918926801622,25.07027704816683,8.404918926801622,25.07027704816683,1.9630933004757276,1.9476063838457947,0.13135967751146402
1827.0,73.08,0.0,8.521815473606678,24.94708509430957,8.521815473606678,24.94708509430957,1.938695717347114,2.1918155527209118,0.1328421116042401
1828.0,73.12,0.0,8.638079536678601,24.822345001426203,8.638079536678601,24.822345001426203,1.9143505554498537,2.4503017642909373,0.1342618488664961
1829.0,73.16,2.0,8.753710508086206,24.696062889555122,8.753710508086206,24.696062889555122,1.8900578147839455,2.723065018555871,0.13561888929823204
1830.0,73.2,2.0,8.868707794629918,24.568245227057965,8.868707794629918,24.568245227057965,1.865817495349391,2.9957690964880426,0.13686002011685536
1831.0,73.24,2.0,8.98307081785791,24.438898828729883,8.98307081785791,24.438898828729883,1.8416295971461891,3.2540777790597795,0.1379320285397733
1832.0,73.28,2.0,9.096799014081817,24.308030853823613,9.096799014081817,24.308030853823613,1.8174941201743406,3.4979910662710822,0.13883491456698596
1833.0,73.32000000000001,2.0,9.20989183439204,24.175648803987777,9.20989183439204,24.175648803987777,1.7934110644338448,3.72750895812195,0.13957989352328298
1834.0,73.36,2.0,9.322348744672652,24.041760521119897,9.322348744672652,24.041760521119897,1.769380429924702,3.942631454612383,0.1403136571547903
1835.0,73.4,2.0,9.434169225615864,23.906374185134855,9.434169225615864,23.906374185134855,1.7454022166469125,4.143338520999784,0.1410054233284947
1836.0,73.44,2.0,9.545352772736113,23.769498311649055,9.545352772736113,23.769498311649055,1.7214764246004757,4.329709368359514,0.1416439767196064
1837.0,73.48,2.0,9.655898896383714,23.631141749581197,9.655898896383714,23.631141749581197,1.6976030537853912,4.501743996691571,0.1422293173281255
1838.0,73.52,2.0,9.765807121758098,23.491313678670025,9.765807121758098,23.491313678670025,1.6737821042016607,4.659442405995958,0.14279395856392751
1839.0,73.56,2.0,9.875076988920648,23.350023606909847,9.875076988920648,23.350023606909847,1.6500135758492827,4.802804596272672,0.14332608638985395
1840.0,73.60000000000001,2.0,9.983708052807115,23.207281367904326,9.983708052807115,23.207281367904326,1.6262974687282576,4.9318305675217164,0.14380500143318772
1841.0,73.64,2.0,10.091699883239624,23.063097118139325,10.091699883239624,23.063097118139325,1.6026337828385857,5.046520319743088,0.1442307036939289
1842.0,73.68,2.0,10.199052064938247,22.917481334175474,10.199052064938247,22.917481334175474,1.5790225181802666,5.146873852936788,0.1446031931720774
1843.0,73.72,2.0,10.30576419753219,22.7704448097611,10.30576419753219,22.7704448097611,1.5554636747533008,5.232891167102818,0.14492246986763324
1844.0,73.76,2.0,10.411835895570539,22.621998652866306,10.411835895570539,22.621998652866306,1.5319572525576877,5.304572262241175,0.14518853378059648
1845.0,73.8,2.0,10.517266788532604,22.47215428263901,10.517266788532604,22.47215428263901,1.5085032515934274,5.361917138351862,0.14540138491096705
1846.0,73.84,2.0,10.622056520837841,22.32092342628352,10.622056520837841,22.32092342628352,1.4851016718605201,5.404925795434875,0.14556102325874498
1847.0,73.88,2.0,10.726204751855361,22.16831811586266,10.726204751855361,22.16831811586266,1.4617525133589662,5.433598233490218,0.14566744882393026
1848.0,73.92,2.0,10.829711155913017,22.01435068502411,10.829711155913017,22.01435068502411,1.438455776088765,5.44793445251789,0.14572066160652292
1849.0,73.96000000000001,2.0,10.932575422306076,21.859033765651795,10.932575422306076,21.859033765651795,1.4152114600499168,5.44793445251789,0.14572066160652292
1850.0,74.0,2.0,11.034797255305477,21.702380284443247,11.034797255305477,21.702380284443247,1.3920195652424217,5.44793445251789,0.14572066160652292
1851.0,74.04,2.0,11.136376374165675,21.54440345941372,11.136376374165675,21.54440345941372,1.3688800916662796,5.44793445251789,0.14572066160652292
1852.0,74.08,2.0,11.237312513132041,21.385116796328006,11.237312513132041,21.385116796328006,1.34579303932149,5.44793445251789,0.14572066160652292
1853.0,74.12,2.0,11.337605421447897,21.224534085060768,11.337605421447897,21.224534085060768,1.322758408208054,5.44793445251789,0.14572066160652292
1854.0,74.16,2.0,11.43725486336106,21.06266939588639,11.43725486336106,21.06266939588639,1.2997761983259704,5.44793445251789,0.14572066160652292
1855.0,74.2,2.0,11.536260618130038,20.899537075699268,11.536260618130038,20.899537075699268,1.27684640967524,5.44793445251789,0.14572066160652292
1856.0,74.24,2.0,11.634622480029758,20.73515174416544,11.634622480029758,20.73515174416544,1.2539690422558625,5.44793445251789,0.14572066160652292
1857.0,74.28,2.0,11.732340258356913,20.56952828980655,11.732340258356913,20.56952828980655,1.2311440960678381,5.44793445251789,0.14572066160652292
1858.0,74.32000000000001,2.0,11.829413777434835,20.402681866017208,11.829413777434835,20.402681866017208,1.2083715711111667,5.44793445251789,0.14572066160652292
1859.0,74.36,2.0,11.925842876618034,20.2346278870166,11.925842876618034,20.2346278870166,1.1856514673858483,5.44793445251789,0.14572066160652292
1860.0,74.4,2.0,12.021627410296215,20.065382023735523,12.021627410296215,20.065382023735523,1.1635207275779733,5.44793445251789,0.14572066160652292
1861.0,74.44,2.0,12.116767247897977,19.894960199639765,12.116767247897977,19.894960199639765,1.142240216504252,5.44793445251789,0.14572066160652292
1862.0,74.48,2.0,12.211262273893997,19.72337858649095,12.211262273893997,19.72337858649095,1.1218099341646848,5.44793445251789,0.14572066160652292
1863.0,74.52,2.0,12.305112387799882,19.550653600045884,12.305112387799882,19.550653600045884,1.1022298805592712,5.44793445251789,0.14572066160652292
1864.0,74.56,2.0,12.398317504178543,19.37680189569552,12.398317504178543,19.37680189569552,1.0843224621418308,5.44793445251789,0.14572066160652292
1865.0,74.60000000000001,2.0,12.490877552642152,19.201840364044592,12.490877552642152,19.201840364044592,1.0680876789123634,5.44793445251789,0.14572066160652292
1866.0,74.64,2.0,12.58279247785373,19.02578612643304,12.58279247785373,19.02578612643304,1.053525530870869,5.44793445251789,0.14572066160652292
1867.0,74.68,2.0,12.674062239528238,18.848656530400426,12.674062239528238,18.848656530400426,1.040636018017348,5.44793445251789,0.14572066160652292
1868.0,74.72,2.0,12.76468681243332,18.670469145094366,12.76468681243332,18.670469145094366,1.0294191403517998,5.44793445251789,0.14572066160652292
1869.0,74.76,2.0,12.854666186389583,18.49124175662425,12.854666186389583,18.49124175662425,1.019874897874225,5.44793445251789,0.14572066160652292
1870.0,74.8,2.0,12.943034944939047,18.310992363361322,12.943034944939047,18.310992363361322,1.012003290584623,5.44793445251789,0.14572066160652292
1871.0,74.84,2.0,13.029779512618397,18.12973917118637,13.029779512618397,18.12973917118637,1.0058043184829941,5.44793445251789,0.14572066160652292
1872.0,74.88,2.0,13.11488663074268,17.948284776462412,13.11488663074268,17.948284776462412,1.0012779815693384,5.44793445251789,0.14572066160652292
1873.0,74.92,2.0,13.198343360533581,17.76683038173845,13.198343360533581,17.76683038173845,0.9984242798436557,5.44793445251789,0.14572066160652292
1874.0,74.96000000000001,2.0,13.280137086169765,17.58537598701449,13.280137086169765,17.58537598701449,0.9972432133059463,5.44793445251789,0.14572066160652292
1875.0,75.0,2.0,13.360255517758596,17.40392159229053,13.360255517758596,17.40392159229053,0.9977347819562099,5.44793445251789,0.14572066160652292
1876.0,75.04,2.0,13.438686694228434,17.222467197566573,13.438686694228434,17.222467197566573,0.9998989857944464,5.44793445251789,0.14572066160652292
1877.0,75.08,2.0,13.515418986140803,17.041012802842612,13.515418986140803,17.041012802842612,1.0037358248206563,5.44793445251789,0.14572066160652292
1878.0,75.12,2.0,13.590441098421744,16.85955840811865,13.590441098421744,16.85955840811865,1.00842289258102,5.44793445251789,0.14572066160652292
1879.0,75.16,2.0,13.663742073011646,16.67810401339469,13.663742073011646,16.67810401339469,1.0134553307909049,5.44793445251789,0.14572066160652292
1880.0,75.2,2.0,13.735311291432895,16.496649618670734,13.735311291432895,16.496649618670734,1.0185401902321434,5.44793445251789,0.14572066160652292
1881.0,75.24,2.0,13.805138477274747,16.31519522394677,13.805138477274747,16.31519522394677,1.0236774709047345,5.44793445251789,0.14572066160652292
1882.0,75.28,2.0,13.873213698594723,16.133740829222813,13.873213698594723,16.133740829222813,1.0288671728086787,5.44793445251789,0.14572066160652292
1883.0,75.32000000000001,2.0,13.939527370235977,15.952286434498852,13.939527370235977,15.952286434498852,1.034109295943976,5.44793445251789,0.14572066160652292
1884.0,75.36,2.0,14.00407025606008,15.770832039774891,14.00407025606008,15.770832039774891,1.039403840310626,5.44793445251789,0.14572066160652292
1885.0,75.4,2.0,14.066833471094588,15.589377645050929,14.066833471094588,15.589377645050929,1.0447508059086292,5.44793445251789,0.14572066160652292
1886.0,75.44,2.0,14.12780848359494,15.407923250326972,14.12780848359494,15.407923250326972,1.0501501927379853,5.44793445251789,0.14572066160652292
1887.0,75.48,2.0,14.186987117020095,15.226468855603013,14.186987117020095,15.226468855603013,1.0556020007986944,5.44793445251789,0.14572066160652292
1888.0,75.52,2.0,14.2443615519215,15.04501446087905,14.2443615519215,15.04501446087905,1.061106230090756,5.44793445251789,0.14572066160652292
1889.0,75.56,2.0,14.299924327744808,14.863560066155094,14.299924327744808,14.863560066155094,1.0666628806141714,5.44793445251789,0.14572066160652292
1890.0,75.60000000000001,2.0,14.35366834454402,14.682105671431131,14.35366834454402,14.682105671431131,1.0722719523689392,5.44793445251789,0.14572066160652292
1891.0,75.64,2.0,14.405586763391252,14.50065127670717,14.405586763391252,14.50065127670717,1.0779334453550602,5.44793445251789,0.14572066160652292
1892.0,75.68,2.0,14.455673082306163,14.319196881983212,14.455673082306163,14.319196881983212,1.083647359572534,5.44793445251789,0.14572066160652292
1893.0,75.72,2.0,14.503921137306712,14.137742487259253,14.503921137306712,14.137742487259253,1.089413695021361,5.44793445251789,0.14572066160652292
1894.0,75.76,2.0,14.550325103371389,13.95628809253529,14.550325103371389,13.95628809253529,1.0952324517015408,5.44793445251789,0.14572066160652292
1895.0,75.8,2.0,14.594879495312615,13.774833697811333,14.594879495312615,13.774833697811333,1.1011036296130736,5.44793445251789,0.14572066160652292
1896.0,75.84,2.0,14.637579168561002,13.593379303087373,14.637579168561002,13.593379303087373,1.1070272287559593,5.44793445251789,0.14572066160652292
1897.0,75.88,2.0,14.67841931986018,13.41192490836341,14.67841931986018,13.41192490836341,1.1130032491301982,5.44793445251789,0.14572066160652292
1898.0,75.92,2.0,14.717395487871984,13.230470513639453,14.717395487871984,13.230470513639453,1.11903169073579,5.44793445251789,0.14572066160652292
1899.0,75.96000000000001,2.0,14.754503553691695,13.04901611891549,14.754503553691695,13.04901611891549,1.1251125535727347,5.44793445251789,0.14572066160652292
1900.0,76.0,2.0,14.78973974127321,12.867561724191532,14.78973974127321,12.867561724191532,1.1312458376410324,5.44793445251789,0.14572066160652292
1901.0,76.04,2.0,14.823116561841536,12.686107329467571,14.823116561841536,12.686107329467571,1.137431542940683,5.44793445251789,0.14572066160652292
1902.0,76.08,2.0,14.854647295243508,12.504652934743612,14.854647295243508,12.504652934743612,1.1436696694716866,5.44793445251789,0.14572066160652292
1903.0,76.12,2.0,14.884329705629863,12.32319854001965,14.884329705629863,12.32319854001965,1.1499602172340433,5.44793445251789,0.14572066160652292
1904.0,76.16,2.0,14.912161956782356,12.141744145295693,14.912161956782356,12.141744145295693,1.1563031862277526,5.44793445251789,0.14572066160652292
1905.0,76.2,2.0,14.938142615167417,11.96028975057173,14.938142615167417,11.96028975057173,1.1626985764528153,5.44793445251789,0.14572066160652292
1906.0,76.24,2.0,14.962270652887927,11.778835355847773,14.962270652887927,11.778835355847773,1.1691463879092308,5.44793445251789,0.14572066160652292
1907.0,76.28,2.0,14.984545450532515,11.597380961123815,14.984545450532515,11.597380961123815,1.1756466205969993,5.44793445251789,0.14572066160652292
1908.0,76.32000000000001,2.0,15.004966799921581,11.415926566399852,15.004966799921581,11.415926566399852,1.1821992745161207,5.44793445251789,0.14572066160652292
1909.0,76.36,2.0,15.023534906749576,11.234472171675895,15.023534906749576,11.234472171675895,1.1888043496665952,5.44793445251789,0.14572066160652292
1910.0,76.4,2.0,15.040250393122793,11.053017776951933,15.040250393122793,11.053017776951933,1.1954618460484225,5.44793445251789,0.14572066160652292
1911.0,76.44,2.0,15.055114401208392,10.871563382227972,15.055114401208392,10.871563382227972,1.202171763661603,5.44793445251789,0.14572066160652292
1912.0,76.48,2.0,15.068128521169768,10.690108987504011,15.068128521169768,10.690108987504011,1.2089341025061364,5.44793445251789,0.14572066160652292
1913.0,76.52,2.0,15.079294793785593,10.508654592780054,15.079294793785593,10.508654592780054,1.2157488625820225,5.44793445251789,0.14572066160652292
1914.0,76.56,2.0,15.088615712961548,10.327200198056094,15.088615712961548,10.327200198056094,1.222616043889262,5.44793445251789,0.14572066160652292
1915.0,76.60000000000001,2.0,15.096094228134245,10.145745803332133,15.096094228134245,10.145745803332133,1.229535646427854,5.44793445251789,0.14572066160652292
1916.0,76.64,2.0,15.101681260816841,9.964291408608172,15.101681260816841,9.964291408608172,1.2365076701977993,5.44793445251789,0.14572066160652292
1917.0,76.68,2.0,15.105328563575732,9.782837013884214,15.105328563575732,9.782837013884214,1.2435321151990975,5.44793445251789,0.14572066160652292
1918.0,76.72,2.0,15.106988735896621,9.601382619160253,15.106988735896621,9.601382619160253,1.2506089814317487,5.44793445251789,0.14572066160652292
1919.0,76.76,2.0,15.106615239839966,9.419928224436292,15.106615239839966,9.419928224436292,1.2577382688957528,5.44793445251789,0.14572066160652292
1920.0,76.8,2.0,15.104162415481808,9.23873233273458,15.104162415481808,9.23873233273458,1.26491997759111,5.44793445251789,0.14572066160652292
1921.0,76.84,2.0,15.099569552058439,9.057829026040112,15.099569552058439,9.057829026040112,1.2721541075178202,5.44793445251789,0.14572066160652292
1922.0,76.88,2.0,15.092776421860128,8.877252705529083,15.092776421860128,8.877252705529083,1.279440658675883,5.44793445251789,0.14572066160652292
1923.0,76.92,2.0,15.08373957947673,8.697037110364993,15.08373957947673,8.697037110364993,1.2867796310652992,5.44793445251789,0.14572066160652292
1924.0,76.96000000000001,2.0,15.072416461077733,8.517216760489939,15.072416461077733,8.517216760489939,1.294171024686068,5.44793445251789,0.14572066160652292
1925.0,77.0,2.0,15.058765395641466,8.337826948092491,15.058765395641466,8.337826948092491,1.3016148395381901,5.44793445251789,0.14572066160652292
1926.0,77.04,2.0,15.042745615958177,8.15890372887087,15.042745615958177,8.15890372887087,1.309111075621665,5.44793445251789,0.14572066160652292
1927.0,77.08,2.0,15.024317269404053,7.980483913093622,15.024317269404053,7.980483913093622,1.316659732936493,5.44793445251789,0.14572066160652292
1928.0,77.12,2.0,15.003441428483384,7.80260505646011,15.003441428483384,7.80260505646011,1.324260811482674,5.44793445251789,0.14572066160652292
1929.0,77.16,2.0,14.980080101135982,7.625305450763091,14.980080101135982,7.625305450763091,1.3319143112602077,5.44793445251789,0.14572066160652292
1930.0,77.2,2.0,14.954196240807217,7.44862411435582,14.954196240807217,7.44862411435582,1.3396202322690947,5.44793445251789,0.14572066160652292
1931.0,77.24,2.0,14.925753756277944,7.272600782426081,14.925753756277944,7.272600782426081,1.3473785745093343,5.44793445251789,0.14572066160652292
1932.0,77.28,2.0,14.894717521251719,7.097275897079658,14.894717521251719,7.097275897079658,1.3551893379809272,5.44793445251789,0.14572066160652292
1933.0,77.32000000000001,2.0,14.861053383696772,6.9226905972357216,14.861053383696772,6.9226905972357216,1.3630525226838732,5.44793445251789,0.14572066160652292
1934.0,77.36,2.0,14.824728174940194,6.748886708336796,14.824728174940194,6.748886708336796,1.3709681286181716,5.44793445251789,0.14572066160652292
1935.0,77.4,2.0,14.785709718512,6.57590673187588,14.785709718512,6.57590673187588,1.3789361557838231,5.44793445251789,0.14572066160652292
1936.0,77.44,2.0,14.744019324486606,6.403771488890744,14.744019324486606,6.403771488890744,1.3869566041808281,5.44793445251789,0.14572066160652292
1937.0,77.48,2.0,14.699678941029747,6.232501602754495,14.699678941029747,6.232501602754495,1.3950294738091855,5.44793445251789,0.14572066160652292
1938.0,77.52,2.0,14.652711148689711,6.062117494306397,14.652711148689711,6.062117494306397,1.403154764668896,5.44793445251789,0.14572066160652292
1939.0,77.56,2.0,14.603139154530506,5.892639377033241,14.603139154530506,5.892639377033241,1.4113324767599598,5.44793445251789,0.14572066160652292
1940.0,77.60000000000001,2.0,14.550986786108345,5.724087252302501,14.550986786108345,5.724087252302501,1.4195626100823764,5.44793445251789,0.14572066160652292
1941.0,77.64,2.0,14.496278485293027,5.556480904648462,14.496278485293027,5.556480904648462,1.4278451646361456,5.44793445251789,0.14572066160652292
1942.0,77.68,2.0,14.439039301935727,5.38983989711246,14.439039301935727,5.38983989711246,1.4361801404212682,5.44793445251789,0.14572066160652292
1943.0,77.72,2.0,14.379294887384809,5.224183566638459,14.379294887384809,5.224183566638459,1.4445675374377438,5.44793445251789,0.14572066160652292
1944.0,77.76,2.0,14.317071487851285,5.059531019525057,14.317071487851285,5.059531019525057,1.4530073556855725,5.44793445251789,0.14572066160652292
1945.0,77.8,2.0,14.252395937625604,4.8959011269350965,14.252395937625604,4.8959011269350965,1.4614995951647536,5.44793445251789,0.14572066160652292
1946.0,77.84,2.0,14.185295652147431,4.733312520463982,14.185295652147431,4.733312520463982,1.4700442558752882,5.44793445251789,0.14572066160652292
1947.0,77.88,2.0,14.115798620930224,4.571783587767816,14.115798620930224,4.571783587767816,1.4786413378171754,5.44793445251789,0.14572066160652292
1948.0,77.92,2.0,14.043933400342345,4.41133246825245,14.043933400342345,4.41133246825245,1.4872908409904155,5.44793445251789,0.14572066160652292
1949.0,77.96000000000001,2.0,13.969729106246504,4.251977048824514,13.969729106246504,4.251977048824514,1.4959927653950091,5.44793445251789,0.14572066160652292
1950.0,78.0,2.0,13.893215406499458,4.093734959705505,13.893215406499458,4.093734959705505,1.5047471110309552,5.44793445251789,0.14572066160652292
1951.0,78.04,2.0,13.814422513313753,3.9366235703099544,13.814422513313753,3.9366235703099544,1.5135538778982547,5.44793445251789,0.14572066160652292
1952.0,78.08,2.0,13.733381175483533,3.7806599851887333,13.733381175483533,3.7806599851887333,1.5224130659969066,5.44793445251789,0.14572066160652292
1953.0,78.12,2.0,13.650122670476271,3.6258610400384823,13.650122670476271,3.6258610400384823,1.5313246753269116,5.44793445251789,0.14572066160652292
1954.0,78.16,2.0,13.564678796392482,3.4722432977781703,13.564678796392482,3.4722432977781703,1.54028870588827,5.44793445251789,0.14572066160652292
1955.0,78.2,2.0,13.477989233922333,3.319823044693775,13.477989233922333,3.319823044693775,1.5493051576809809,5.44793445251789,0.14572066160652292
1956.0,78.24,2.0,13.390072069713941,3.168616286652024,13.390072069713941,3.168616286652024,1.558374030705045,5.44793445251789,0.14572066160652292
1957.0,78.28,2.0,13.300945626735881,3.018638745384158,13.300945626735881,3.018638745384158,1.5674953249604624,5.44793445251789,0.14572066160652292
1958.0,78.32000000000001,2.0,13.210628459765116,2.869905854840641,13.210628459765116,2.869905854840641,1.5766690404472323,5.44793445251789,0.14572066160652292
1959.0,78.36,2.0,13.119139350817981,2.7224327576177165,13.119139350817981,2.7224327576177165,1.585895177165355,5.44793445251789,0.14572066160652292
1960.0,78.4,2.0,13.0264973045254,2.576234301456722,13.0264973045254,2.576234301456722,1.5951737351148312,5.44793445251789,0.14572066160652292
1961.0,78.44,2.0,12.932721543453486,2.431325035817007,12.932721543453486,2.431325035817007,1.6045047142956603,5.44793445251789,0.14572066160652292
1962.0,78.48,2.0,12.837831503370735,2.2877192085233378,12.837831503370735,2.2877192085233378,1.6138881147078423,5.44793445251789,0.14572066160652292
1963.0,78.52,2.0,12.741846828462913,2.1454307624886035,12.741846828462913,2.1454307624886035,1.623323936351377,5.44793445251789,0.14572066160652292
1964.0,78.56,2.0,12.64478736649693,2.0044733325126516,12.64478736649693,2.0044733325126516,1.6328121792262649,5.44793445251789,0.14572066160652292
1965.0,78.60000000000001,2.0,12.547558455508499,1.8648602421580502,12.547558455508499,1.8648602421580502,1.6423528433325059,5.44793445251789,0.14572066160652292
1966.0,78.64,2.0,12.450329544520066,1.726604500703551,12.450329544520066,1.726604500703551,1.6519459286700995,5.44793445251789,0.14572066160652292
1967.0,78.68,2.0,12.353100633531636,1.589718800176016,12.353100633531636,1.589718800176016,1.6615914352390464,5.44793445251789,0.14572066160652292
1968.0,78.72,2.0,12.255871722543205,1.4551184312757306,12.255871722543205,1.4551184312757306,1.6712893630393462,5.44793445251789,0.14572066160652292
1969.0,78.76,2.0,12.15864281155477,1.3228279368578548,12.15864281155477,1.3228279368578548,1.681039712070999,5.44793445251789,0.14572066160652292
1970.0,78.8,2.0,12.06141390056634,1.1928712369308323,12.06141390056634,1.1928712369308323,1.6908424823340045,5.44793445251789,0.14572066160652292
1971.0,78.84,2.0,11.964184989577907,1.0652716228162542,11.964184989577907,1.0652716228162542,1.700697673828363,5.44793445251789,0.14572066160652292
1972.0,78.88,2.0,11.866956078589476,0.9400517514672413,11.866956078589476,0.9400517514672413,1.7106052865540748,5.44793445251789,0.14572066160652292
1973.0,78.92,2.0,11.769727167601042,0.8172336399467645,11.769727167601042,0.8172336399467645,1.720565320511139,5.44793445251789,0.14572066160652292
1974.0,78.96000000000001,2.0,11.672498256612611,0.6968386600672879,11.672498256612611,0.6968386600672879,1.7305777756995568,5.44793445251789,0.14572066160652292
1975.0,79.0,2.0,11.575269345624179,0.578887533193077,11.575269345624179,0.578887533193077,1.7405902308879744,5.44793445251789,0.14572066160652292
1976.0,79.04,2.0,11.478040434635748,0.46340032520647073,11.478040434635748,0.46340032520647073,1.750602686076392,5.44793445251789,0.14572066160652292
1977.0,79.08,2.0,11.380811523647314,0.35039644163938305,11.380811523647314,0.35039644163938305,1.7606151412648092,5.44793445251789,0.14572066160652292
1978.0,79.12,2.0,11.283582612658883,0.2398946229712464,11.283582612658883,0.2398946229712464,1.770627596453227,5.44793445251789,0.14572066160652292
1979.0,79.16,2.0,11.186353701670452,0.13191294009457916,11.186353701670452,0.13191294009457916,1.7806400516416443,5.44793445251789,0.14572066160652292
1980.0,79.2,2.0,11.089124790682016,0.026468789949308947,11.089124790682016,0.026468789949308947,1.790652506830062,5.44793445251789,0.14572066160652292
1981.0,79.24,2.0,10.991895879693585,-0.07642110867305393,10.991895879693585,-0.07642110867305393,1.8006649620184798,5.44793445251789,0.14572066160652292
1982.0,79.28,2.0,10.894666968705152,-0.17674071915434397,10.894666968705152,-0.17674071915434397,1.8106774172068971,5.44793445251789,0.14572066160652292
1983.0,79.32000000000001,2.0,10.797438057716722,-0.2744746909027614,10.797438057716722,-0.2744746909027614,1.8206898723953147,5.44793445251789,0.14572066160652292
1984.0,79.36,2.0,10.700209146728291,-0.3696083630330227,10.700209146728291,-0.3696083630330227,1.8307023275837324,5.44793445251789,0.14572066160652292
1985.0,79.4,2.0,10.602980235739858,-0.4621277678727202,10.602980235739858,-0.4621277678727202,1.84071478277215,5.44793445251789,0.14572066160652292
1986.0,79.44,2.0,10.505751324751426,-0.5520196342940143,10.505751324751426,-0.5520196342940143,1.8507272379605673,5.44793445251789,0.14572066160652292
1987.0,79.48,2.0,10.408522413762993,-0.6392713908698247,10.408522413762993,-0.6392713908698247,1.8607396931489848,5.44793445251789,0.14572066160652292
1988.0,79.52,2.0,10.31129350277456,-0.7238711688537316,10.31129350277456,-0.7238711688537316,1.8707521483374026,5.44793445251789,0.14572066160652292
1989.0,79.56,2.0,10.214064591786128,-0.8058078049828439,10.214064591786128,-0.8058078049828439,1.88076460352582,5.44793445251789,0.14572066160652292
1990.0,79.60000000000001,2.0,10.116835680797697,-0.8850708441029296,10.116835680797697,-0.8850708441029296,1.8907770587142374,5.44793445251789,0.14572066160652292
1991.0,79.64,2.0,10.019606769809265,-0.9616505416151606,10.019606769809265,-0.9616505416151606,1.900789513902655,5.44793445251789,0.14572066160652292
1992.0,79.68,2.0,9.922377858820832,-1.0355378657438514,9.922377858820832,-1.0355378657438514,1.9108019690910727,5.44793445251789,0.14572066160652292
1993.0,79.72,2.0,9.8251489478324,-1.1067244996246328,9.8251489478324,-1.1067244996246328,1.92081442427949,5.44793445251789,0.14572066160652292
1994.0,79.76,2.0,9.727920036843969,-1.175202843212539,9.727920036843969,-1.175202843212539,1.9308268794679075,5.44793445251789,0.14572066160652292
1995.0,79.8,2.0,9.630691125855536,-1.2409660150095272,9.630691125855536,-1.2409660150095272,1.9408393346563253,5.44793445251789,0.14572066160652292
1996.0,79.84,2.0,9.533462214867106,-1.3040078536110062,9.533462214867106,-1.3040078536110062,1.9508517898447428,5.44793445251789,0.14572066160652292
1997.0,79.88,2.0,9.436233303878673,-1.364322919070985,9.436233303878673,-1.364322919070985,1.9608642450331601,5.44793445251789,0.14572066160652292
1998.0,79.92,2.0,9.33900439289024,-1.4219064940855024,9.33900439289024,-1.4219064940855024,1.9708767002215777,5.44793445251789,0.14572066160652292
1999.0,79.96000000000001,2.0,9.241775481901808,-1.4767545849940438,9.241775481901808,-1.4767545849940438,1.9808891554099954,5.44793445251789,0.14572066160652292
2000.0,80.0,2.0,9.144546570913377,-1.5288639225986993,9.144546570913377,-1.5288639225986993,1.990901610598413,5.44793445251789,0.14572066160652292
2001.0,80.04,2.0,9.047317659924945,-1.5782319628008588,9.047317659924945,-1.5782319628008588,2.0009140657868305,5.44793445251789,0.14572066160652292
2002.0,80.08,2.0,8.950088748936512,-1.6248568870552853,8.950088748936512,-1.6248568870552853,2.010926520975248,5.44793445251789,0.14572066160652292
2003.0,80.12,2.0,8.85285983794808,-1.6687376026414613,8.85285983794808,-1.6687376026414613,2.020938976163665,5.44793445251789,0.14572066160652292
2004.0,80.16,2.0,8.755630926959647,-1.70987374275214,8.755630926959647,-1.70987374275214,2.030951431352083,5.44793445251789,0.14572066160652292
2005.0,80.2,2.0,8.658402015971216,-1.7482656663990783,8.658402015971216,-1.7482656663990783,2.0409638865405006,5.44793445251789,0.14572066160652292
2006.0,80.24,2.0,8.561173104982783,-1.7839144581359905,8.561173104982783,-1.7839144581359905,2.050976341728918,5.44793445251789,0.14572066160652292
2007.0,80.28,2.0,8.463944193994353,-1.81682192759878,8.463944193994353,-1.81682192759878,2.060936375685982,5.44793445251789,0.14572066160652292
2008.0,80.32000000000001,2.0,8.36671528300592,-1.846990608863183,8.36671528300592,-1.846990608863183,2.0708439884116943,5.44793445251789,0.14572066160652292
2009.0,80.36,2.0,8.269486372017488,-1.8744237596199715,8.269486372017488,-1.8744237596199715,2.080699179906053,5.44793445251789,0.14572066160652292
2010.0,80.4,2.0,8.172257461029055,-1.8991253601679485,8.172257461029055,-1.8991253601679485,2.0905019501690583,5.44793445251789,0.14572066160652292
2011.0,80.44,2.0,8.075028550040624,-1.9211001122249656,8.075028550040624,-1.9211001122249656,2.100252299200711,5.44793445251789,0.14572066160652292
2012.0,80.48,2.0,7.977799639052192,-1.9403534375572866,7.977799639052192,-1.9403534375572866,2.1099502270010104,5.44793445251789,0.14572066160652292
2013.0,80.52,2.0,7.880570728063759,-1.9568914764276313,7.880570728063759,-1.9568914764276313,2.1195957335699576,5.44793445251789,0.14572066160652292
2014.0,80.56,2.0,7.7833418170753275,-1.9707210858622963,7.7833418170753275,-1.9707210858622963,2.129188818907551,5.44793445251789,0.14572066160652292
2015.0,80.60000000000001,2.0,7.686112906086895,-1.9818498377377949,7.686112906086895,-1.9818498377377949,2.1387294830137917,5.44793445251789,0.14572066160652292
2016.0,80.64,2.0,7.588883995098464,-1.9902860166874892,7.588883995098464,-1.9902860166874892,2.1482177258886797,5.44793445251789,0.14572066160652292
2017.0,80.68,2.0,7.4916550841100324,-1.9960386178287564,7.4916550841100324,-1.9960386178287564,2.1576535475322145,5.44793445251789,0.14572066160652292
2018.0,80.72,2.0,7.394426173121599,-1.9991173443112527,7.394426173121599,-1.9991173443112527,2.1670369479443963,5.44793445251789,0.14572066160652292
2019.0,80.76,2.0,7.297197262133166,-1.999532604686896,7.297197262133166,-1.999532604686896,2.176367927125225,5.44793445251789,0.14572066160652292
2020.0,80.8,2.0,7.199968351144735,-1.9972955101022376,7.199968351144735,-1.9972955101022376,2.185646485074701,5.44793445251789,0.14572066160652292
2021.0,80.84,2.0,7.102739440156302,-1.9924178713139162,7.102739440156302,-1.9924178713139162,2.194872621792824,5.44793445251789,0.14572066160652292
2022.0,80.88,2.0,7.0055105291678705,-1.9849121955279656,7.0055105291678705,-1.9849121955279656,2.204046337279594,5.44793445251789,0.14572066160652292
2023.0,80.92,2.0,6.908281618179438,-1.9747916830637537,6.908281618179438,-1.9747916830637537,2.2131676315350113,5.44793445251789,0.14572066160652292
2024.0,80.96000000000001,2.0,6.811052707191006,-1.9620702238434082,6.811052707191006,-1.9620702238434082,2.222236504559075,5.44793445251789,0.14572066160652292
2025.0,81.0,2.0,6.713823796202574,-1.9467623937076053,6.713823796202574,-1.9467623937076053,2.231252956351786,5.44793445251789,0.14572066160652292
2026.0,81.04,2.0,6.616594885214143,-1.9288834505586518,6.616594885214143,-1.9288834505586518,2.2402169869131443,5.44793445251789,0.14572066160652292
2027.0,81.08,2.0,6.519365974225711,-1.9084493303318315,6.519365974225711,-1.9084493303318315,2.2491285962431493,5.44793445251789,0.14572066160652292
2028.0,81.12,2.0,6.422137063237279,-1.8854766427960326,6.422137063237279,-1.8854766427960326,2.2579877843418013,5.44793445251789,0.14572066160652292
2029.0,81.16,2.0,6.324908152248847,-1.8599826671847075,6.324908152248847,-1.8599826671847075,2.2667945512091006,5.44793445251789,0.14572066160652292
2030.0,81.2,2.0,6.2276792412604145,-1.8319853476582735,6.2276792412604145,-1.8319853476582735,2.275548896845047,5.44793445251789,0.14572066160652292
2031.0,81.24,2.0,6.130450330271983,-1.8015032885990885,6.130450330271983,-1.8015032885990885,2.28425082124964,5.44793445251789,0.14572066160652292
2032.0,81.28,2.0,6.03322141928355,-1.7685557497401916,6.03322141928355,-1.7685557497401916,2.2929003244228805,5.44793445251789,0.14572066160652292
2033.0,81.32000000000001,2.0,5.935992508295117,-1.7331626411290297,5.935992508295117,-1.7331626411290297,2.3014974063647675,5.44793445251789,0.14572066160652292
2034.0,81.36,2.0,5.838763597306685,-1.6953445179274427,5.838763597306685,-1.6953445179274427,2.310042067075302,5.44793445251789,0.14572066160652292
2035.0,81.4,2.0,5.741534686318253,-1.6551225750492127,5.741534686318253,-1.6551225750492127,2.3185343065544832,5.44793445251789,0.14572066160652292
2036.0,81.44,2.0,5.644305775329821,-1.6125186416365243,5.644305775329821,-1.6125186416365243,2.3269741248023115,5.44793445251789,0.14572066160652292
2037.0,81.48,2.0,5.54707686434139,-1.5675551753767316,5.54707686434139,-1.5675551753767316,2.335361521818787,5.44793445251789,0.14572066160652292
2038.0,81.52,2.0,5.449847953352958,-1.5202552566608565,5.449847953352958,-1.5202552566608565,2.343696497603909,5.44793445251789,0.14572066160652292
2039.0,81.56,2.0,5.352619042364525,-1.47064258258529,5.352619042364525,-1.47064258258529,2.3519790521576787,5.44793445251789,0.14572066160652292
2040.0,81.60000000000001,2.0,5.255390131376093,-1.4187414607982043,5.255390131376093,-1.4187414607982043,2.3602091854800955,5.44793445251789,0.14572066160652292
2041.0,81.64,2.0,5.158161220387662,-1.364576803192225,5.158161220387662,-1.364576803192225,2.368386897571159,5.44793445251789,0.14572066160652292
2042.0,81.68,2.0,5.060932309399229,-1.308174119444949,5.060932309399229,-1.308174119444949,2.3765121884308695,5.44793445251789,0.14572066160652292
2043.0,81.72,2.0,4.963703398410797,-1.250461597641481,4.963703398410797,-1.250461597641481,2.384585058059227,5.44793445251789,0.14572066160652292
2044.0,81.76,2.0,4.866474487422365,-1.191453027656485,4.866474487422365,-1.191453027656485,2.3926055064562317,5.44793445251789,0.14572066160652292
2045.0,81.8,2.0,4.769245576433933,-1.1311624797643538,4.769245576433933,-1.1311624797643538,2.400573533621883,5.44793445251789,0.14572066160652292
2046.0,81.84,2.0,4.672016665445501,-1.069604300859479,4.672016665445501,-1.069604300859479,2.4084891395561816,5.44793445251789,0.14572066160652292
2047.0,81.88,2.0,4.574787754457069,-1.0067931106078922,4.574787754457069,-1.0067931106078922,2.4163523242591274,5.44793445251789,0.14572066160652292
2048.0,81.92,2.0,4.477558843468636,-0.9427437975312505,4.477558843468636,-0.9427437975312505,2.42416308773072,5.44793445251789,0.14572066160652292
2049.0,81.96000000000001,2.0,4.380329932480205,-0.877471515024153,4.380329932480205,-0.877471515024153,2.43192142997096,5.44793445251789,0.14572066160652292
2050.0,82.0,2.0,4.283967446187104,-0.8109916773057925,4.283967446187104,-0.8109916773057925,2.4396273509798467,5.44793445251789,0.14572066160652292
2051.0,82.04,2.0,4.188577307623731,-0.743319955306961,4.188577307623731,-0.743319955306961,2.44728085075738,5.44793445251789,0.14572066160652292
2052.0,82.08,2.0,4.094175631333503,-0.6744722724934463,4.094175631333503,-0.6744722724934463,2.454881929303561,5.44793445251789,0.14572066160652292
2053.0,82.12,2.0,4.0007782907607785,-0.6044648006268734,4.0007782907607785,-0.6044648006268734,2.462430586618389,5.44793445251789,0.14572066160652292
2054.0,82.16,2.0,3.9084009139568754,-0.533313955464055,3.9084009139568754,-0.533313955464055,2.469926822701864,5.44793445251789,0.14572066160652292
2055.0,82.2,2.0,3.817058879347536,-0.46103639239594063,3.817058879347536,-0.46103639239594063,2.477370637553986,5.44793445251789,0.14572066160652292
2056.0,82.24,2.0,3.7267673115629347,-0.38764900202725544,3.7267673115629347,-0.38764900202725544,2.484762031174755,5.44793445251789,0.14572066160652292
2057.0,82.28,2.0,3.6375410773312624,-0.3131689056979487,3.6375410773312624,-0.3131689056979487,2.492101003564171,5.44793445251789,0.14572066160652292
2058.0,82.32000000000001,2.0,3.549394781436931,-0.23761345094757702,3.549394781436931,-0.23761345094757702,2.499387554722234,5.44793445251789,0.14572066160652292
2059.0,82.36,2.0,3.462342762744416,-0.16100020692376366,3.462342762744416,-0.16100020692376366,2.5066216846489437,5.44793445251789,0.14572066160652292
2060.0,82.4,2.0,3.376399090288739,-0.08334695973589355,3.376399090288739,-0.08334695973589355,2.513803393344301,5.44793445251789,0.14572066160652292
2061.0,82.44,2.0,3.292542980764997,-0.004671707755210956,3.292542980764997,-0.004671707755210956,2.520932680808305,5.44793445251789,0.14572066160652292
2062.0,82.48,2.0,3.21080154748128,0.07500734313749484,3.21080154748128,0.07500734313749484,2.5280095470409565,5.44793445251789,0.14572066160652292
2063.0,82.52,2.0,3.1312013208702574,0.15488759657920947,3.1312013208702574,0.15488759657920947,2.535033992042254,5.44793445251789,0.14572066160652292
2064.0,82.56,2.0,3.05376824172627,0.2347678500209241,3.05376824172627,0.2347678500209241,2.5420060158121993,5.44793445251789,0.14572066160652292
2065.0,82.60000000000001,2.0,2.9785276545913018,0.3146481034626387,2.9785276545913018,0.3146481034626387,2.548925618350791,5.44793445251789,0.14572066160652292
2066.0,82.64,2.0,2.905504301291502,0.3945283569043533,2.905504301291502,0.3945283569043533,2.5557927996580307,5.44793445251789,0.14572066160652292
2067.0,82.68,2.0,2.8347223146258576,0.47440861034606796,2.8347223146258576,0.47440861034606796,2.5626075597339173,5.44793445251789,0.14572066160652292
2068.0,82.72,2.0,2.7662052122086327,0.5542888637877825,2.7662052122086327,0.5542888637877825,2.5693698985784503,5.44793445251789,0.14572066160652292
2069.0,82.76,2.0,2.6999758904670936,0.6341691172294972,2.6999758904670936,0.6341691172294972,2.5760798161916307,5.44793445251789,0.14572066160652292
2070.0,82.8,2.0,2.63605661879605,0.7140493706712119,2.63605661879605,0.7140493706712119,2.5827373125734576,5.44793445251789,0.14572066160652292
2071.0,82.84,2.0,2.5744690338706606,0.7939296241129266,2.5744690338706606,0.7939296241129266,2.5893423877239323,5.44793445251789,0.14572066160652292
2072.0,82.88,2.0,2.515234134118952,0.873809877554641,2.515234134118952,0.873809877554641,2.595895041643054,5.44793445251789,0.14572066160652292
2073.0,82.92,2.0,2.458372274355421,0.9536901309963557,2.458372274355421,0.9536901309963557,2.602395274330822,5.44793445251789,0.14572066160652292
2074.0,82.96000000000001,2.0,2.4039031605770855,1.0335703844380701,2.4039031605770855,1.0335703844380701,2.6088430857872376,5.44793445251789,0.14572066160652292
2075.0,83.0,2.0,2.3518458449232797,1.1134506378797848,2.3518458449232797,1.1134506378797848,2.6152384760123,5.44793445251789,0.14572066160652292
2076.0,83.04,2.0,2.3022187208004605,1.1933308913214995,2.3022187208004605,1.1933308913214995,2.6215814450060098,5.44793445251789,0.14572066160652292
2077.0,83.08,2.0,2.255039518173262,1.2732111447632142,2.255039518173262,1.2732111447632142,2.627871992768366,5.44793445251789,0.14572066160652292
2078.0,83.12,2.0,2.2103252990229656,1.3530913982049286,2.2103252990229656,1.3530913982049286,2.6341101192993697,5.44793445251789,0.14572066160652292
2079.0,83.16,2.0,2.1680924529745367,1.432971651646643,2.1680924529745367,1.432971651646643,2.6402958245990202,5.44793445251789,0.14572066160652292
2080.0,83.2,2.0,2.128356693093328,1.512851905088358,2.128356693093328,1.512851905088358,2.6464291086673177,5.44793445251789,0.14572066160652292
2081.0,83.24,2.0,2.0911330518524966,1.5927321585300729,2.0911330518524966,1.5927321585300729,2.652509971504262,5.44793445251789,0.14572066160652292
2082.0,83.28,2.0,2.0564358772721585,1.6726124119717873,2.0564358772721585,1.6726124119717873,2.658538413109854,5.44793445251789,0.14572066160652292
2083.0,83.32000000000001,2.0,2.0242788292312426,1.7524926654135018,2.0242788292312426,1.7524926654135018,2.6645144334840927,5.44793445251789,0.14572066160652292
2084.0,83.36,2.0,1.9946748759529818,1.8323729188552167,1.9946748759529818,1.8323729188552167,2.6704380326269788,5.44793445251789,0.14572066160652292
2085.0,83.4,2.0,1.9676362906649105,1.9122531722969311,1.9676362906649105,1.9122531722969311,2.676309210538511,5.44793445251789,0.14572066160652292
2086.0,83.44,2.0,1.9431746484342214,1.9921334257386458,1.9431746484342214,1.9921334257386458,2.6821279672186913,5.44793445251789,0.14572066160652292
2087.0,83.48,2.0,1.9213008231792688,2.0720136791803605,1.9213008231792688,2.0720136791803605,2.687894302667518,5.44793445251789,0.14572066160652292
2088.0,83.52,2.0,1.9020249848579713,2.151893932622075,1.9020249848579713,2.151893932622075,2.693608216884992,5.44793445251789,0.14572066160652292
2089.0,83.56,2.0,1.885356596833828,2.23177418606379,1.885356596833828,2.23177418606379,2.6992697098711127,5.44793445251789,0.14572066160652292
2090.0,83.60000000000001,2.0,1.8713044134201962,2.3116544395055043,1.8713044134201962,2.3116544395055043,2.704878781625881,5.44793445251789,0.14572066160652292
2091.0,83.64,2.0,1.8598764776034646,2.3915346929472188,1.8598764776034646,2.3915346929472188,2.7104354321492954,5.44793445251789,0.14572066160652292
2092.0,83.68,2.0,1.8510801189456831,2.4714149463889337,1.8510801189456831,2.4714149463889337,2.7159396614413573,5.44793445251789,0.14572066160652292
2093.0,83.72,2.0,1.84492195166718,2.551295199830648,1.84492195166718,2.551295199830648,2.721391469502066,5.44793445251789,0.14572066160652292
2094.0,83.76,2.0,1.8414078729096526,2.6311754532723626,1.8414078729096526,2.6311754532723626,2.7267908563314225,5.44793445251789,0.14572066160652292
2095.0,83.8,2.0,1.840543061180164,2.7110557067140775,1.840543061180164,2.7110557067140775,2.7321378219294252,5.44793445251789,0.14572066160652292
2096.0,83.84,2.0,1.8423319749764406,2.7909359601557924,1.8423319749764406,2.7909359601557924,2.7374323662960753,5.44793445251789,0.14572066160652292
2097.0,83.88,2.0,1.8467783515938136,2.8708162135975064,1.8467783515938136,2.8708162135975064,2.742674489431373,5.44793445251789,0.14572066160652292
2098.0,83.92,2.0,1.8538852061141091,2.9506964670392213,1.8538852061141091,2.9506964670392213,2.7478641913353163,5.44793445251789,0.14572066160652292
2099.0,83.96000000000001,2.0,1.8636548305767404,3.030576720480936,1.8636548305767404,3.030576720480936,2.7530014720079077,5.44793445251789,0.14572066160652292
2100.0,84.0,2.0,1.8760887933322081,3.11045697392265,1.8760887933322081,3.11045697392265,2.7580863314491455,5.44793445251789,0.14572066160652292
2101.0,84.04,2.0,1.891187938578179,3.190337227364365,1.891187938578179,3.190337227364365,2.763118769659031,5.44793445251789,0.14572066160652292
2102.0,84.08,2.0,1.9089523860782518,3.27021748080608,1.9089523860782518,3.27021748080608,2.7673743796707133,5.44793445251789,0.14572066160652292
2103.0,84.12,2.0,1.9293815310634925,3.350097734247794,1.9293815310634925,3.350097734247794,2.770807583228576,5.44793445251789,0.14572066160652292
2104.0,84.16,2.0,1.9524740443167548,3.429977987689509,1.9524740443167548,3.429977987689509,2.77341838033262,5.44793445251789,0.14572066160652292
2105.0,84.2,2.0,1.9782278724397737,3.5098582411312234,1.9782278724397737,3.5098582411312234,2.7752067709828436,5.44793445251789,0.14572066160652292
2106.0,84.24,2.0,2.0066402383029596,3.5897384945729383,2.0066402383029596,3.5897384945729383,2.776172755179249,5.44793445251789,0.14572066160652292
2107.0,84.28,2.0,2.037707641677788,3.6696187480146527,2.037707641677788,3.6696187480146527,2.776316332921834,5.44793445251789,0.14572066160652292
2108.0,84.32000000000001,2.0,2.0714258600516224,3.749499001456367,2.0714258600516224,3.749499001456367,2.7756375042106005,5.44793445251789,0.14572066160652292
2109.0,84.36,2.0,2.1077899496247663,3.829379254898082,2.1077899496247663,3.829379254898082,2.7741818473011635,5.44793445251789,0.14572066160652292
2110.0,84.4,2.0,2.146794246489503,3.909259508339797,2.146794246489503,3.909259508339797,2.7726737691603742,5.44793445251789,0.14572066160652292
2111.0,84.44,2.0,2.1884323679908158,3.989139761781511,2.1884323679908158,3.989139761781511,2.7711132697882315,5.44793445251789,0.14572066160652292
2112.0,84.48,2.0,2.232697214268461,4.069020015223225,2.232697214268461,4.069020015223225,2.769500349184736,5.44793445251789,0.14572066160652292
2113.0,84.52,2.0,2.2795809699799996,4.14890026866494,2.2795809699799996,4.14890026866494,2.767835007349887,5.44793445251789,0.14572066160652292
2114.0,84.56,2.0,2.3290751062043564,4.228780522106655,2.3290751062043564,4.228780522106655,2.7661172442836857,5.44793445251789,0.14572066160652292
2115.0,84.60000000000001,2.0,2.381170382525437,4.30866077554837,2.381170382525437,4.30866077554837,2.7643470599861315,5.44793445251789,0.14572066160652292
2116.0,84.64,2.0,2.4358568492952735,4.388541028990084,2.4358568492952735,4.388541028990084,2.762524454457224,5.44793445251789,0.14572066160652292
2117.0,84.68,2.0,2.4931238500761315,4.468421282431799,2.4931238500761315,4.468421282431799,2.7606494276969635,5.44793445251789,0.14572066160652292
2118.0,84.72,2.0,2.5529600242609747,4.548301535873514,2.5529600242609747,4.548301535873514,2.7587219797053497,5.44793445251789,0.14572066160652292
2119.0,84.76,2.0,2.6153533098716224,4.628181789315228,2.6153533098716224,4.628181789315228,2.7567421104823833,5.44793445251789,0.14572066160652292
2120.0,84.8,2.0,2.680290946533903,4.708062042756943,2.680290946533903,4.708062042756943,2.754709820028064,5.44793445251789,0.14572066160652292
2121.0,84.84,2.0,2.747759478629051,4.787942296198658,2.747759478629051,4.787942296198658,2.7526251083423916,5.44793445251789,0.14572066160652292
2122.0,84.88,2.0,2.817744758620571,4.867822549640373,2.817744758620571,4.867822549640373,2.7504879754253664,5.44793445251789,0.14572066160652292
2123.0,84.92,2.0,2.8902319505557235,4.9477028030820875,2.8902319505557235,4.9477028030820875,2.7482984212769876,5.44793445251789,0.14572066160652292
2124.0,84.96000000000001,2.0,2.9652055337407512,5.0275830565238016,2.9652055337407512,5.0275830565238016,2.7460564458972563,5.44793445251789,0.14572066160652292
2125.0,85.0,2.0,3.042649306588942,5.1074633099655165,3.042649306588942,5.1074633099655165,2.7437620492861727,5.44793445251789,0.14572066160652292
2126.0,85.04,2.0,3.122546390640544,5.187343563407231,3.122546390640544,5.187343563407231,2.7414152314437352,5.44793445251789,0.14572066160652292
2127.0,85.08,2.0,3.2048792347535393,5.267223816848945,3.2048792347535393,5.267223816848945,2.739015992369945,5.44793445251789,0.14572066160652292
2128.0,85.12,2.0,3.2896296194642143,5.34710407029066,3.2896296194642143,5.34710407029066,2.7365643320648014,5.44793445251789,0.14572066160652292
2129.0,85.16,2.0,3.3767786615164437,5.426984323732375,3.3767786615164437,5.426984323732375,2.734060250528306,5.44793445251789,0.14572066160652292
2130.0,85.2,2.0,3.4663068185585435,5.506864577174089,3.4663068185585435,5.506864577174089,2.7315037477604567,5.44793445251789,0.14572066160652292
2131.0,85.24,2.0,3.5581938940065205,5.586744830615803,3.5581938940065205,5.586744830615803,2.7288948237612547,5.44793445251789,0.14572066160652292
2132.0,85.28,2.0,3.6524190420724976,5.666625084057519,3.6524190420724976,5.666625084057519,2.7262334785307,5.44793445251789,0.14572066160652292
2133.0,85.32000000000001,2.0,3.74896077295705,5.746505337499233,3.74896077295705,5.746505337499233,2.723519712068792,5.44793445251789,0.14572066160652292
2134.0,85.36,2.0,3.8477969582041576,5.826385590940947,3.8477969582041576,5.826385590940947,2.7207535243755308,5.44793445251789,0.14572066160652292
2135.0,85.4,2.0,3.9489048362174186,5.906265844382663,3.9489048362174186,5.906265844382663,2.7179349154509165,5.44793445251789,0.14572066160652292
2136.0,85.44,2.0,4.052261017936159,5.986146097824377,4.052261017936159,5.986146097824377,2.7150638852949496,5.44793445251789,0.14572066160652292
2137.0,85.48,2.0,4.157841492669993,6.066026351266091,4.157841492669993,6.066026351266091,2.7121404339076296,5.44793445251789,0.14572066160652292
2138.0,85.52,2.0,4.265621634090388,6.14574138603649,4.265621634090388,6.14574138603649,2.7091645612889566,5.44793445251789,0.14572066160652292
2139.0,85.56,2.0,4.375576206377717,6.224416966789201,4.375576206377717,6.224416966789201,2.706136267438931,5.44793445251789,0.14572066160652292
2140.0,85.60000000000001,2.0,4.487679370522274,6.302033634127043,4.487679370522274,6.302033634127043,2.7030555523575517,5.44793445251789,0.14572066160652292
2141.0,85.64,2.0,4.601904690777651,6.378572122603176,4.601904690777651,6.378572122603176,2.69992241604482,5.44793445251789,0.14572066160652292
2142.0,85.68,2.0,4.7182251412648775,6.454013365640917,4.7182251412648775,6.454013365640917,2.696736858500736,5.44793445251789,0.14572066160652292
2143.0,85.72,2.0,4.836613112725648,6.52833850040488,4.836613112725648,6.52833850040488,2.693498879725298,5.44793445251789,0.14572066160652292
2144.0,85.76,2.0,4.957040419422959,6.601528872622253,4.957040419422959,6.601528872622253,2.6902084797185073,5.44793445251789,0.14572066160652292
2145.0,85.8,2.0,5.079478306187412,6.673566041352996,5.079478306187412,6.673566041352996,2.6868656584803636,5.44793445251789,0.14572066160652292
2146.0,85.84,2.0,5.202990085480499,6.744431783707733,5.202990085480499,6.744431783707733,2.683470416010867,5.44793445251789,0.14572066160652292
2147.0,85.88,2.0,5.327560613060333,6.814108099512204,5.327560613060333,6.814108099512204,2.680022752310017,5.44793445251789,0.14572066160652292
2148.0,85.92,2.0,5.45317445666753,6.882577215917056,5.45317445666753,6.882577215917056,2.6765226673778146,5.44793445251789,0.14572066160652292
2149.0,85.96000000000001,2.0,5.579815899600307,6.949821591951832,5.579815899600307,6.949821591951832,2.672970161214259,5.44793445251789,0.14572066160652292
2150.0,86.0,2.0,5.707468944361378,7.015823923022032,5.707468944361378,7.015823923022032,2.6693652338193505,5.44793445251789,0.14572066160652292
2151.0,86.04,2.0,5.836117316375706,7.080567145348093,5.836117316375706,7.080567145348093,2.665707885193089,5.44793445251789,0.14572066160652292
2152.0,86.08,2.0,5.965744467778187,7.144034440345163,5.965744467778187,7.144034440345163,2.6619981153354746,5.44793445251789,0.14572066160652292
2153.0,86.12,2.0,6.096333581270333,7.206209238942612,6.096333581270333,7.206209238942612,2.6582359242465072,5.44793445251789,0.14572066160652292
2154.0,86.16,2.0,6.227867574044982,7.267075225842144,6.227867574044982,7.267075225842144,2.654421311926187,5.44793445251789,0.14572066160652292
2155.0,86.2,2.0,6.3603291017780546,7.326616343713472,6.3603291017780546,7.326616343713472,2.6505542783745133,5.44793445251789,0.14572066160652292
2156.0,86.24,2.0,6.492790629511125,7.384816797326494,6.492790629511125,7.384816797326494,2.6466348235914867,5.44793445251789,0.14572066160652292
2157.0,86.28,2.0,6.625252157244195,7.441661057618924,6.625252157244195,7.441661057618924,2.6426629475771075,5.44793445251789,0.14572066160652292
2158.0,86.32000000000001,2.0,6.757713684977268,7.497133865698354,6.757713684977268,7.497133865698354,2.6386386503313752,5.44793445251789,0.14572066160652292
2159.0,86.36,2.0,6.890175212710339,7.5503173179635805,6.890175212710339,7.5503173179635805,2.63456193185429,5.44793445251789,0.14572066160652292
2160.0,86.4,2.0,7.022636740443411,7.6011842136821475,7.022636740443411,7.6011842136821475,2.630432792145852,5.44793445251789,0.14572066160652292
2161.0,86.44,2.0,7.155098268176482,7.649707931063018,7.155098268176482,7.649707931063018,2.6262512312060604,5.44793445251789,0.14572066160652292
2162.0,86.48,2.0,7.287559795909553,7.6958624341796105,7.287559795909553,7.6958624341796105,2.6220172490349163,5.44793445251789,0.14572066160652292
2163.0,86.52,2.0,7.420021323642624,7.739622279745864,7.420021323642624,7.739622279745864,2.6177308456324195,5.44793445251789,0.14572066160652292
2164.0,86.56,2.0,7.552482851375695,7.780962623743597,7.552482851375695,7.780962623743597,2.613392020998569,5.44793445251789,0.14572066160652292
2165.0,86.60000000000001,2.0,7.684944379108766,7.819859227899541,7.684944379108766,7.819859227899541,2.609000775133366,5.44793445251789,0.14572066160652292
2166.0,86.64,2.0,7.817405906841837,7.8562884660103665,7.817405906841837,7.8562884660103665,2.60455710803681,5.44793445251789,0.14572066160652292
2167.0,86.68,2.0,7.94986743457491,7.8902273301141586,7.94986743457491,7.8902273301141586,2.600061019708901,5.44793445251789,0.14572066160652292
2168.0,86.72,2.0,8.08232896230798,7.9216534365067455,8.08232896230798,7.9216534365067455,2.5955125101496392,5.44793445251789,0.14572066160652292
2169.0,86.76,2.0,8.21479049004105,7.950545031601409,8.21479049004105,7.950545031601409,2.590911579359024,5.44793445251789,0.14572066160652292
2170.0,86.8,2.0,8.347252017774123,7.976880997630461,8.347252017774123,7.976880997630461,2.5862582273370562,5.44793445251789,0.14572066160652292
2171.0,86.84,2.0,8.479713545507193,8.000640858187282,8.479713545507193,8.000640858187282,2.581552454083735,5.44793445251789,0.14572066160652292
2172.0,86.88,2.0,8.612175073240264,8.021804783607413,8.612175073240264,8.021804783607413,2.5767942595990614,5.44793445251789,0.14572066160652292
2173.0,86.92,2.0,8.744636600973335,8.040353596187341,8.744636600973335,8.040353596187341,2.5719836438830344,5.44793445251789,0.14572066160652292
2174.0,86.96000000000001,2.0,8.877098128706407,8.056268775239685,8.877098128706407,8.056268775239685,2.5671206069356547,5.44793445251789,0.14572066160652292
2175.0,87.0,2.0,9.00955965643948,8.069532461983483,9.00955965643948,8.069532461983483,2.562205148756922,5.44793445251789,0.14572066160652292
2176.0,87.04,2.0,9.14202118417255,8.080127464268363,9.14202118417255,8.080127464268363,2.557237269346836,5.44793445251789,0.14572066160652292
2177.0,87.08,2.0,9.274482711905621,8.088037261131426,9.274482711905621,8.088037261131426,2.5522169687053977,5.44793445251789,0.14572066160652292
2178.0,87.12,2.0,9.406944239638692,8.093246007185641,9.406944239638692,8.093246007185641,2.5471442468326058,5.44793445251789,0.14572066160652292
2179.0,87.16,2.0,9.539405767371765,8.095738536838711,9.539405767371765,8.095738536838711,2.5420191037284607,5.44793445251789,0.14572066160652292
2180.0,87.2,2.0,9.671867295104835,8.095500368341298,9.671867295104835,8.095500368341298,2.536841539392963,5.44793445251789,0.14572066160652292
2181.0,87.24,2.0,9.804328822837906,8.092517707663607,9.804328822837906,8.092517707663607,2.531611553826113,5.44793445251789,0.14572066160652292
2182.0,87.28,2.0,9.936790350570977,8.08677745219936,9.936790350570977,8.08677745219936,2.526329147027909,5.44793445251789,0.14572066160652292
2183.0,87.32000000000001,2.0,10.069251878304048,8.078267194296199,10.069251878304048,8.078267194296199,2.5209943189983526,5.44793445251789,0.14572066160652292
2184.0,87.36,2.0,10.20171340603712,8.066975224611658,10.20171340603712,8.066975224611658,2.5156070697374435,5.44793445251789,0.14572066160652292
2185.0,87.4,2.0,10.334174933770191,8.052890535293844,10.334174933770191,8.052890535293844,2.5101673992451805,5.44793445251789,0.14572066160652292
2186.0,87.44,2.0,10.466636461503263,8.036002822986015,10.466636461503263,8.036002822986015,2.504675307521565,5.44793445251789,0.14572066160652292
2187.0,87.48,2.0,10.599097989236334,8.016302491654315,10.599097989236334,8.016302491654315,2.4991307945665966,5.44793445251789,0.14572066160652292
2188.0,87.52,2.0,10.731559516969405,7.993780655237948,10.731559516969405,7.993780655237948,2.4935338603802752,5.44793445251789,0.14572066160652292
2189.0,87.56,2.0,10.864021044702476,7.968429140121098,10.864021044702476,7.968429140121098,2.487884504962601,5.44793445251789,0.14572066160652292
2190.0,87.60000000000001,2.0,10.996482572435546,7.9402404874260215,10.996482572435546,7.9402404874260215,2.482182728313574,5.44793445251789,0.14572066160652292
2191.0,87.64,2.0,11.128944100168617,7.909207955126669,11.128944100168617,7.909207955126669,2.476428530433193,5.44793445251789,0.14572066160652292
2192.0,87.68,2.0,11.26140562790169,7.875325519982352,11.26140562790169,7.875325519982352,2.47062191132146,5.44793445251789,0.14572066160652292
2193.0,87.72,2.0,11.39386715563476,7.8385878792909525,11.39386715563476,7.8385878792909525,2.4647628709783738,5.44793445251789,0.14572066160652292
2194.0,87.76,2.0,11.526328683367831,7.798990452461203,11.526328683367831,7.798990452461203,2.4588514094039344,5.44793445251789,0.14572066160652292
2195.0,87.8,2.0,11.658790211100902,7.75652938240368,11.658790211100902,7.75652938240368,2.452887526598142,5.44793445251789,0.14572066160652292
2196.0,87.84,2.0,11.791251738833973,7.711201536740141,11.791251738833973,7.711201536740141,2.446871222560997,5.44793445251789,0.14572066160652292
2197.0,87.88,2.0,11.923713266567049,7.663004508830872,11.923713266567049,7.663004508830872,2.440802497292499,5.44793445251789,0.14572066160652292
2198.0,87.92,2.0,12.05617479430012,7.611936618619833,12.05617479430012,7.611936618619833,2.434733772024001,5.44793445251789,0.14572066160652292
2199.0,87.96000000000001,2.0,12.18863632203319,7.557996913297343,12.18863632203319,7.557996913297343,2.4286650467555027,5.44793445251789,0.14572066160652292
2200.0,88.0,2.0,12.32109784976626,7.5011851677801555,12.32109784976626,7.5011851677801555,2.4225963214870045,5.44793445251789,0.14572066160652292
2201.0,88.04,2.0,12.453559377499332,7.441501885008787,12.453559377499332,7.441501885008787,2.4165275962185064,5.44793445251789,0.14572066160652292
2202.0,88.08,2.0,12.586020905232404,7.378948296062039,12.586020905232404,7.378948296062039,2.4104588709500083,5.44793445251789,0.14572066160652292
2203.0,88.12,2.0,12.718482432965475,7.313526360088651,12.718482432965475,7.313526360088651,2.40439014568151,5.44793445251789,0.14572066160652292
2204.0,88.16,2.0,12.850943960698546,7.245238764056137,12.850943960698546,7.245238764056137,2.398321420413012,5.44793445251789,0.14572066160652292
2205.0,88.2,2.0,12.983405488431616,7.174088922316814,12.983405488431616,7.174088922316814,2.3923051163758666,5.44793445251789,0.14572066160652292
2206.0,88.24,2.0,13.115867016164689,7.100080975991183,13.115867016164689,7.100080975991183,2.3863412335700747,5.44793445251789,0.14572066160652292
2207.0,88.28,2.0,13.24832854389776,7.023219792168766,13.24832854389776,7.023219792168766,2.3804297719956353,5.44793445251789,0.14572066160652292
2208.0,88.32000000000001,2.0,13.38079007163083,6.943510962926621,13.38079007163083,6.943510962926621,2.3745707316525495,5.44793445251789,0.14572066160652292
2209.0,88.36,2.0,13.513251599363901,6.860960804165772,13.513251599363901,6.860960804165772,2.368764112540816,5.44793445251789,0.14572066160652292
2210.0,88.4,2.0,13.645713127096972,6.775576354265833,13.645713127096972,6.775576354265833,2.3630099146604358,5.44793445251789,0.14572066160652292
2211.0,88.44,2.0,13.778174654830044,6.687365372558181,13.778174654830044,6.687365372558181,2.3573081380114083,5.44793445251789,0.14572066160652292
2212.0,88.48,2.0,13.910636182563115,6.596335365537545,13.910636182563115,6.596335365537545,2.351658337552642,5.44793445251789,0.14572066160652292
2213.0,88.52,2.0,14.043097710296186,6.502494526046389,14.043097710296186,6.502494526046389,2.346060068243044,5.44793445251789,0.14572066160652292
2214.0,88.56,2.0,14.175559238029257,6.405851730987133,14.175559238029257,6.405851730987133,2.340512885041523,5.44793445251789,0.14572066160652292
2215.0,88.60000000000001,2.0,14.308020765762327,6.306416538855382,14.308020765762327,6.306416538855382,2.335016342906987,5.44793445251789,0.14572066160652292
2216.0,88.64,2.0,14.4404822934954,6.204199187094707,14.4404822934954,6.204199187094707,2.3295699967983423,5.44793445251789,0.14572066160652292
2217.0,88.68,2.0,14.57294382122847,6.099210589273609,14.57294382122847,6.099210589273609,2.3241734016744986,5.44793445251789,0.14572066160652292
2218.0,88.72,2.0,14.705405348961541,5.991462332085307,14.705405348961541,5.991462332085307,2.318826112494363,5.44793445251789,0.14572066160652292
2219.0,88.76,2.0,14.837866876694612,5.88096667217105,14.837866876694612,5.88096667217105,2.3135276842168437,5.44793445251789,0.14572066160652292
2220.0,88.8,2.0,14.970328404427683,5.76773653276769,14.970328404427683,5.76773653276769,2.3082776718008486,5.44793445251789,0.14572066160652292
2221.0,88.84,2.0,15.102789932160755,5.651785500180324,15.102789932160755,5.651785500180324,2.3030756302052855,5.44793445251789,0.14572066160652292
2222.0,88.88,2.0,15.235251459893826,5.533194449027997,15.235251459893826,5.533194449027997,2.297936322800174,5.44793445251789,0.14572066160652292
2223.0,88.92,2.0,15.367712987626897,5.412030032384368,15.367712987626897,5.412030032384368,2.2928591317320492,5.44793445251789,0.14572066160652292
2224.0,88.96000000000001,2.0,15.500174515359967,5.288359187128363,15.500174515359967,5.288359187128363,2.287843439147446,5.44793445251789,0.14572066160652292
2225.0,89.0,2.0,15.632636043093042,5.162249116259574,15.632636043093042,5.162249116259574,2.2828886271928988,5.44793445251789,0.14572066160652292
2226.0,89.04,2.0,15.765097570826113,5.0337672711443044,15.765097570826113,5.0337672711443044,2.277994078014942,5.44793445251789,0.14572066160652292
2227.0,89.08,2.0,15.897559098559183,4.902981333696788,15.897559098559183,4.902981333696788,2.2731591737601113,5.44793445251789,0.14572066160652292
2228.0,89.12,2.0,16.030020626292256,4.769959198500098,16.030020626292256,4.769959198500098,2.26838329657494,5.44793445251789,0.14572066160652292
2229.0,89.16,2.0,16.162482154025327,4.634768954871315,16.162482154025327,4.634768954871315,2.2636658286059643,5.44793445251789,0.14572066160652292
2230.0,89.2,2.0,16.2949436817584,4.497478868875502,16.2949436817584,4.497478868875502,2.259006151999718,5.44793445251789,0.14572066160652292
2231.0,89.24,2.0,16.42740520949147,4.358157365293091,16.42740520949147,4.358157365293091,2.2544036489027355,5.44793445251789,0.14572066160652292
2232.0,89.28,2.0,16.559866737224542,4.2168739816256995,16.559866737224542,4.2168739816256995,2.2498581465026444,5.44793445251789,0.14572066160652292
2233.0,89.32000000000001,2.0,16.692328264957613,4.0736984089111,16.692328264957613,4.0736984089111,2.24536947198707,5.44793445251789,0.14572066160652292
2234.0,89.36,2.0,16.82478979269068,3.92960256102987,16.82478979269068,3.92960256102987,2.2409374525436414,5.44793445251789,0.14572066160652292
2235.0,89.4,2.0,16.957251320423754,3.784643486891533,16.957251320423754,3.784643486891533,2.236561915359984,5.44793445251789,0.14572066160652292
2236.0,89.44,2.0,17.089712848156825,3.6388780379717125,17.089712848156825,3.6388780379717125,2.232242687623724,5.44793445251789,0.14572066160652292
2237.0,89.48,2.0,17.222174375889896,3.4923628535851603,17.222174375889896,3.4923628535851603,2.2279795965224896,5.44793445251789,0.14572066160652292
2238.0,89.52,2.0,17.354635903622967,3.3451543462187776,17.354635903622967,3.3451543462187776,2.2237724692439067,5.44793445251789,0.14572066160652292
2239.0,89.56,2.0,17.48709743135604,3.197308686928413,17.48709743135604,3.197308686928413,2.2196080827530857,5.44793445251789,0.14572066160652292
2240.0,89.60000000000001,2.0,17.61955895908911,3.04888179080321,17.61955895908911,3.04888179080321,2.215447595980695,5.44793445251789,0.14572066160652292
2241.0,89.64,2.0,17.75115406212685,2.899929302501249,17.75115406212685,2.899929302501249,2.2112907047128774,5.44793445251789,0.14572066160652292
2242.0,89.68,2.0,17.88177681743486,2.7504399529130312,17.88177681743486,2.7504399529130312,2.2071365466841817,5.44793445251789,0.14572066160652292
2243.0,89.72,2.0,18.01141111046973,2.600427915393594,18.01141111046973,2.600427915393594,2.202985210415877,5.44793445251789,0.14572066160652292
2244.0,89.76,2.0,18.14004106778709,2.4498848919187104,18.14004106778709,2.4498848919187104,2.198834503429362,5.44793445251789,0.14572066160652292
2245.0,89.8,2.0,18.267651061335634,2.2988279823937505,18.267651061335634,2.2988279823937505,2.1946862691010587,5.44793445251789,0.14572066160652292
2246.0,89.84,2.0,18.394225712689614,2.147257231077865,18.394225712689614,2.147257231077865,2.1905417529705593,5.44793445251789,0.14572066160652292
2247.0,89.88,2.0,18.519749897218855,1.9951571509490431,18.519749897218855,1.9951571509490431,2.186402523025529,5.44793445251789,0.14572066160652292
2248.0,89.92,2.0,18.644208748195165,1.8425326690052768,18.644208748195165,1.8425326690052768,2.1822691773727545,5.44793445251789,0.14572066160652292
2249.0,89.96000000000001,2.0,18.767587660834135,1.6893886440812527,18.767587660834135,1.6893886440812527,2.178142400178269,5.44793445251789,0.14572066160652292
2250.0,90.0,2.0,18.88987229627129,1.5357107555589837,18.88987229627129,1.5357107555589837,2.1740233955626906,5.44793445251789,0.14572066160652292
2251.0,90.04,2.0,19.01080423521573,1.3815037644509955,19.01080423521573,1.3815037644509955,2.169905098372717,5.44793445251789,0.14572066160652292
2252.0,90.08,2.0,19.13023710983477,1.2267734595165625,19.13023710983477,1.2267734595165625,2.165794019701284,5.44793445251789,0.14572066160652292
2253.0,90.12,2.0,19.248164012190493,1.071524040862569,19.248164012190493,1.071524040862569,2.16169275355337,5.44793445251789,0.14572066160652292
2254.0,90.16,2.0,19.36457234647246,0.9157602231404764,19.36457234647246,0.9157602231404764,2.1575970354829708,5.44793445251789,0.14572066160652292
2255.0,90.2,2.0,19.47945133778844,0.7594795045963358,19.47945133778844,0.7594795045963358,2.1535074107974457,5.44793445251789,0.14572066160652292
2256.0,90.24,2.0,19.59279094578256,0.6026844153191235,19.59279094578256,0.6026844153191235,2.1494307528292445,5.44793445251789,0.14572066160652292
2257.0,90.28,2.0,19.70457454118489,0.44537556643739845,19.70457454118489,0.44537556643739845,2.1453600458106337,5.44793445251789,0.14572066160652292
2258.0,90.32000000000001,2.0,19.81479818540946,0.28756324221553076,19.81479818540946,0.28756324221553076,2.1412958048783484,5.44793445251789,0.14572066160652292
2259.0,90.36,2.0,19.923440934628005,0.1292384454075061,19.923440934628005,0.1292384454075061,2.1372434313005724,5.44793445251789,0.14572066160652292
2260.0,90.4,2.0,20.030497404161935,-0.029580318007310945,20.030497404161935,-0.029580318007310945,2.1332031586157054,5.44793445251789,0.14572066160652292
2261.0,90.44,2.0,20.13595551354452,-0.18890057927819803,20.13595551354452,-0.18890057927819803,2.1291662370464675,5.44793445251789,0.14572066160652292
2262.0,90.48,2.0,20.23980570852473,-0.34871230365341,20.23980570852473,-0.34871230365341,2.1251433110364077,5.44793445251789,0.14572066160652292
2263.0,90.52,2.0,20.342027482046802,-0.5090285986955481,20.342027482046802,-0.5090285986955481,2.121121455349762,5.44793445251789,0.14572066160652292
2264.0,90.56,2.0,20.442628509317842,-0.6698335319001265,20.442628509317842,-0.6698335319001265,2.117110956764797,5.44793445251789,0.14572066160652292
2265.0,90.60000000000001,2.0,20.54157303822134,-0.8311369473517314,20.54157303822134,-0.8311369473517314,2.113110748241977,5.44793445251789,0.14572066160652292
2266.0,90.64,2.0,20.638864495945803,-0.9929304602727415,20.638864495945803,-0.9929304602727415,2.1091383656021794,5.44793445251789,0.14572066160652292
2267.0,90.68,2.0,20.734490850831435,-1.1551945341483982,20.734490850831435,-1.1551945341483982,2.105211468777446,5.44793445251789,0.14572066160652292
2268.0,90.72,2.0,20.828440528534674,-1.3179347013084228,20.828440528534674,-1.3179347013084228,2.101330076358812,5.44793445251789,0.14572066160652292
2269.0,90.76,2.0,20.920687452914343,-1.481153204231623,20.920687452914343,-1.481153204231623,2.0974937444157424,5.44793445251789,0.14572066160652292
2270.0,90.8,2.0,21.011209216016123,-1.6448331310507025,21.011209216016123,-1.6448331310507025,2.0937009613532886,5.44793445251789,0.14572066160652292
2271.0,90.84,2.0,21.09999120809306,-1.808975553803197,21.09999120809306,-1.808975553803197,2.0899486521327293,5.44793445251789,0.14572066160652292
2272.0,90.88,2.0,21.187016969034655,-1.9735854119085887,21.187016969034655,-1.9735854119085887,2.0862345649834286,5.44793445251789,0.14572066160652292
2273.0,90.92,2.0,21.272258905117475,-2.1386657345380122,21.272258905117475,-2.1386657345380122,2.082557948976107,5.44793445251789,0.14572066160652292
2274.0,90.96000000000001,2.0,21.35571192956695,-2.3042103354264114,21.35571192956695,-2.3042103354264114,2.0789165708328667,5.44793445251789,0.14572066160652292
2275.0,91.0,2.0,21.437375738120966,-2.4702201583444903,21.437375738120966,-2.4702201583444903,2.0753086570640167,5.44793445251789,0.14572066160652292
2276.0,91.04,2.0,21.51722371800952,-2.63669136587546,21.51722371800952,-2.63669136587546,2.0717325057787868,5.44793445251789,0.14572066160652292
2277.0,91.08,2.0,21.59524091830919,-2.8036159801944174,21.59524091830919,-2.8036159801944174,2.0681857834393576,5.44793445251789,0.14572066160652292
2278.0,91.12,2.0,21.671412739999575,-2.9710047683760914,21.671412739999575,-2.9710047683760914,2.064666483049751,5.44793445251789,0.14572066160652292
2279.0,91.16,2.0,21.745737883446722,-3.138847083443438,21.745737883446722,-3.138847083443438,2.0611748439508086,5.44793445251789,0.14572066160652292
2280.0,91.2,2.0,21.81819624380734,-3.30716025079127,21.81819624380734,-3.30716025079127,2.057709905285504,5.44793445251789,0.14572066160652292
2281.0,91.24,2.0,21.888783346414904,-3.475930054135441,21.888783346414904,-3.475930054135441,2.054271434506938,5.44793445251789,0.14572066160652292
2282.0,91.28,2.0,21.95749645374052,-3.645158798767051,21.95749645374052,-3.645158798767051,2.050858873562221,5.44793445251789,0.14572066160652292
2283.0,91.32000000000001,2.0,22.02431011496053,-3.8148405416425546,22.02431011496053,-3.8148405416425546,2.0474715450969687,5.44793445251789,0.14572066160652292
2284.0,91.36,2.0,22.08924464212204,-3.984972835270551,22.08924464212204,-3.984972835270551,2.044108808886481,5.44793445251789,0.14572066160652292
2285.0,91.4,2.0,22.152282630745592,-4.155555568503248,22.152282630745592,-4.155555568503248,2.0407696930256387,5.44793445251789,0.14572066160652292
2286.0,91.44,2.0,22.213430260551778,-4.326598295377002,22.213430260551778,-4.326598295377002,2.0374535919383407,5.44793445251789,0.14572066160652292
2287.0,91.48,2.0,22.272677239217554,-4.498092895616086,22.272677239217554,-4.498092895616086,2.0341593014077057,5.44793445251789,0.14572066160652292
2288.0,91.52,2.0,22.330012278415285,-4.670048384771357,22.330012278415285,-4.670048384771357,2.03088561537273,5.44793445251789,0.14572066160652292
2289.0,91.56,2.0,22.385446232501415,-4.84245845422196,22.385446232501415,-4.84245845422196,2.02763162730216,5.44793445251789,0.14572066160652292
2290.0,91.60000000000001,2.0,22.438976397446357,-5.015325517462053,22.438976397446357,-5.015325517462053,2.024395545666927,5.44793445251789,0.14572066160652292
2291.0,91.64,2.0,22.490608568044692,-5.1886449113225845,22.490608568044692,-5.1886449113225845,2.021176600062272,5.44793445251789,0.14572066160652292
2292.0,91.68,2.0,22.540349535119365,-5.362414593647802,22.540349535119365,-5.362414593647802,2.0179730615541973,5.44793445251789,0.14572066160652292
2293.0,91.72,2.0,22.588212345268275,-5.536628539028366,22.588212345268275,-5.536628539028366,2.015507988832338,5.44793445251789,0.14572066160652292
2294.0,91.76,2.0,22.634194045124854,-5.711282235350897,22.634194045124854,-5.711282235350897,2.013825992394323,5.44793445251789,0.14572066160652292
2295.0,91.8,2.0,22.678278266095713,-5.886358529911058,22.678278266095713,-5.886358529911058,2.0129265803941747,5.44793445251789,0.14572066160652292
2296.0,91.84,2.0,22.720482500365446,-6.0618625857262876,22.720482500365446,-6.0618625857262876,2.0128096941072955,5.44793445251789,0.14572066160652292
2297.0,91.88,2.0,22.76082233973779,-6.237794791076928,22.76082233973779,-6.237794791076928,2.013474656721049,5.447645504023716,0.14583250745993345
2298.0,91.92,2.0,22.799292289657892,-6.414156546835271,22.799292289657892,-6.414156546835271,2.014921420680067,5.447067607035368,0.14605619916675458
2299.0,91.96000000000001,2.0,22.8358976874162,-6.590935925772747,22.8358976874162,-6.590935925772747,2.0171499086760383,5.446200761552847,0.14639173672698624
2300.0,92.0,2.0,22.87064766404178,-6.768135027949055,22.87064766404178,-6.768135027949055,2.0201142806580146,5.445044967576152,0.14683912014062842
2301.0,92.04,2.0,22.903540566831083,-6.9457514036446835,22.903540566831083,-6.9457514036446835,2.0230908618850107,5.443600225105283,0.14739834940768118
2302.0,92.08,2.0,22.934583080499255,-7.123795001835026,22.934583080499255,-7.123795001835026,2.0260798840728413,5.44186653414024,0.14806942452814448
2303.0,92.12,2.0,22.963784840877942,-7.302257298607044,22.963784840877942,-7.302257298607044,2.0290821687061684,5.439843894681023,0.14885234550201834
2304.0,92.16,2.0,22.99114384035512,-7.481149256355373,22.99114384035512,-7.481149256355373,2.0320986664204073,5.437532306727633,0.14974711232930274
2305.0,92.2,2.0,23.01665820718215,-7.660464394883708,23.01665820718215,-7.660464394883708,2.03513039344671,5.434931770280069,0.1507537250099977
2306.0,92.24,2.0,23.040334552637884,-7.840199754771213,23.040334552637884,-7.840199754771213,2.0381782366802907,5.432042285338331,0.15187218354410323
2307.0,92.28,2.0,23.0621665235819,-8.020357088960923,23.0621665235819,-8.020357088960923,2.041243173060095,5.428863851902418,0.1531024879316193
2308.0,92.32000000000001,2.0,23.08215620693931,-8.200918213466846,23.08215620693931,-8.200918213466846,2.044325890514395,5.4112974290581635,0.15440120769454227
2309.0,92.36,2.0,23.100312657768505,-8.381887435795049,23.100312657768505,-8.381887435795049,2.047427210912785,5.379343016805565,0.15576834283287222
2310.0,92.4,2.0,23.11663418011655,-8.563258890054907,23.11663418011655,-8.563258890054907,2.0505478492245057,5.3330006151446225,0.1572038933466091
2311.0,92.44,2.0,23.131133486239506,-8.74502862031601,23.131133486239506,-8.74502862031601,2.0536885250413186,5.272270224075338,0.15870785923575295
2312.0,92.48,2.0,23.143796950891655,-8.927193594297053,23.143796950891655,-8.927193594297053,2.0568498820819974,5.197151843597708,0.1602802405003037
2313.0,92.52,2.0,23.154541899629695,-9.109815216446242,23.154541899629695,-9.109815216446242,2.060025547970692,5.107645473711736,0.16186570039846057
2314.0,92.56,2.0,23.16337670263687,-9.292898990743831,23.16337670263687,-9.292898990743831,2.0632168674527342,5.003751114417422,0.16345116029661746
2315.0,92.60000000000001,2.0,23.170317998726986,-9.476448783286507,23.170317998726986,-9.476448783286507,2.0664247695278255,4.885468765714762,0.1650366201947743
2316.0,92.64,2.0,23.175375599068577,-9.660456027651588,23.175375599068577,-9.660456027651588,2.0696497645346104,4.753087376097935,0.16651023423952063
2317.0,92.68,2.0,23.178557603393553,-9.84491922594805,23.178557603393553,-9.84491922594805,2.0728926426659458,4.60689589406111,0.1678720024308564
2318.0,92.72,2.0,23.179881617900598,-10.02982687041989,23.179881617900598,-10.02982687041989,2.076153560763651,4.446894319604291,0.16912192476878163
2319.0,92.76,2.0,23.179359586700457,-10.21518299055659,23.179359586700457,-10.21518299055659,2.079432683009227,4.273082652727475,0.17026000125329627
2320.0,92.8,2.0,23.176982100607432,-10.400972186383166,23.176982100607432,-10.400972186383166,2.0827398283315177,4.085460893430664,0.1712862318844004
2321.0,92.84,2.0,23.172763976167722,-10.587193758169574,23.172763976167722,-10.587193758169574,2.0860752513902416,3.8840290417138568,0.17220061666209396
2322.0,92.88,2.0,23.16670885789099,-10.773835676718317,23.16670885789099,-10.773835676718317,2.089439474809565,3.6687870975770545,0.173003155586377
2323.0,92.92,2.0,23.158830024119364,-10.960900382722913,23.158830024119364,-10.960900382722913,2.092832611737359,3.4397350610202557,0.17365041817924584
2324.0,92.96000000000001,2.0,23.14912798622821,-11.148373877441045,23.14912798622821,-11.148373877441045,2.0962548803285763,3.1968729320434623,0.1741424044407005
2325.0,93.0,2.0,23.13762449651268,-11.33625686569243,23.13762449651268,-11.33625686569243,2.0997064353039,2.940200710646672,0.17447911437074107
2326.0,93.04,1.0,23.12431771842045,-11.524538017745801,23.12431771842045,-11.524538017745801,2.1031877221519264,2.6697183968298868,0.1746605479693674
2327.0,93.08,0.0,23.10922408532493,-11.71321456666497,23.10922408532493,-11.71321456666497,2.106699262801582,2.399525031507275,0.17473013571458323
2328.0,93.12,0.0,23.092362599149233,-11.902281874360158,23.092362599149233,-11.902281874360158,2.110241998549205,2.1437196555930065,0.1747313080843921
2329.0,93.16,0.0,23.073739042219945,-12.091566123162114,23.073739042219945,-12.091566123162114,2.1138168997416287,1.9011864497241138,0.1743525174160319
2330.0,93.2,0.0,23.053380969410263,-12.280185891760523,23.053380969410263,-12.280185891760523,2.117425121351931,1.672257230071141,0.17350138659903597
2331.0,93.24,0.0,23.031288085163606,-12.4681207881936,23.031288085163606,-12.4681207881936,2.121067852366194,1.4569356775184736,0.17219109062642268
2332.0,93.28,0.0,23.0074909366531,-12.655344221211756,23.0074909366531,-12.655344221211756,2.1247464352641394,1.255230709508928,0.17047257680540473
2333.0,93.32000000000001,0.0,22.982090353553705,-12.841769659680224,22.982090353553705,-12.841769659680224,2.1284690803361066,1.0672622009498,0.16830360051234872
2334.0,93.36,0.0,22.95509704374731,-13.027374888523996,22.95509704374731,-13.027374888523996,2.1322363318252644,0.89303015184109,0.16568416174725467
2335.0,93.4,0.0,22.92652200034543,-13.212137830446068,22.92652200034543,-13.212137830446068,2.136048733974782,0.7325345621827978,0.16261426051012257
2336.0,93.44,0.0,22.896376644305793,-13.396045407584293,22.896376644305793,-13.396045407584293,2.139907520509361,0.5857783093083564,0.15920275513665674
2337.0,93.48,0.0,22.86467294427839,-13.579069036261375,22.86467294427839,-13.579069036261375,2.143811586113871,0.45279131861155103,0.15539062312453208
2338.0,93.52,0.0,22.831416316269816,-13.760912775689983,22.831416316269816,-13.760912775689983,2.147759104221965,0.3337617611675176,0.15122655064182927
2339.0,93.56,0.0,22.796612674998823,-13.941549315718966,22.796612674998823,-13.941549315718966,2.1517500516757315,0.22862981602999374,0.14668634593932559
2340.0,93.60000000000001,0.0,22.760302410498735,-14.12096111537788,22.760302410498735,-14.12096111537788,2.1557733650890487,0.13746938053890412,0.1417932113847826
2341.0,93.64,0.0,22.722501199946393,-14.299130870072215,22.722501199946393,-14.299130870072215,2.159827228795433,0.06010850007590135,0.1365226508048126
2342.0,93.68,0.0,22.683225106239238,-14.47604151602241,22.683225106239238,-14.47604151602241,2.1639098271284047,-0.003223518827152098,0.1309180946774193
2343.0,93.72,0.0,22.642483965738368,-14.651676234643613,22.642483965738368,-14.651676234643613,2.168007912734321,-0.052456496816035994,0.1249988121308578
2344.0,93.76,0.0,22.60030137048545,-14.826018456865196,22.60030137048545,-14.826018456865196,2.172109836848793,-0.08759043389075036,0.11875884917021828
2345.0,93.8,0.0,22.55671202728758,-14.99905186738886,22.55671202728758,-14.99905186738886,2.1762155994718233,-0.10862533005129518,0.11220788501674911
2346.0,93.84,0.0,22.511750950578147,-15.170760408884325,22.511750950578147,-15.170760408884325,2.18032195414409,-0.11556118529767045,0.10536961582474107
2347.0,93.88,1.0,22.46636339057138,-15.341128286121483,22.46636339057138,-15.341128286121483,2.184431555275677,-0.12249704054404571,0.09853134663273305
2348.0,93.92,1.0,22.420567106702187,-15.510139970038047,22.420567106702187,-15.510139970038047,2.1885415472144145,-0.12831707642745344,0.09200462510348718
2349.0,93.96000000000001,1.0,22.374379901612865,-15.67778020174161,22.374379901612865,-15.67778020174161,2.1926549868545586,-0.13335310911843754,0.08588182834747009
2350.0,94.0,1.0,22.327819620177053,-15.844033996445157,22.327819620177053,-15.844033996445157,2.196769248258088,-0.13760881950138393,0.0801497813716634
2351.0,94.04,0.0,22.28090414851938,-16.00888664733499,22.28090414851938,-16.00888664733499,2.200886526406789,-0.1410931250191084,0.07481287361065526
2352.0,94.08,0.0,22.233651413030973,-16.172323729370163,22.233651413030973,-16.172323729370163,2.205007643064047,-0.14354597685194612,0.0699264283216852
2353.0,94.12,0.0,22.186079379380768,-16.334331103012378,22.186079379380768,-16.334331103012378,2.209129923509413,-0.14506128105595256,0.06549044550475318
2354.0,94.16,1.0,22.138206051522758,-16.494894917885514,22.138206051522758,-16.494894917885514,2.213253498123099,-0.14566563497227472,0.06150492515985922
2355.0,94.2,0.0,22.09004947069919,-16.65400161636377,22.09004947069919,-16.65400161636377,2.2173784532889145,-0.1456569005924153,0.05786100895129899
2356.0,94.24,1.0,22.04162756916829,-16.811637937087585,22.04162756916829,-16.811637937087585,2.221507246963286,-0.1453015274427161,0.05469295011042191
2357.0,94.28,0.0,21.992958046625024,-16.9677909184064,21.992958046625024,-16.9677909184064,2.225637658761062,-0.14478250832529618,0.052042602662006304
2358.0,94.32000000000001,1.0,21.944065466726986,-17.12244790174746,21.944065466726986,-17.12244790174746,2.229770290943991,-0.14402151406534217,0.04987390462322777
2359.0,94.36,0.0,21.894974201853433,-17.27559653490975,21.894974201853433,-17.27559653490975,2.2339057448767177,-0.14313064889692015,0.048196915991023354
2360.0,94.4,0.0,21.845696722893518,-17.427224775282248,21.845696722893518,-17.427224775282248,2.238042215568204,-0.14189810579040957,0.04702637552179423
2361.0,94.44,1.0,21.79624960183549,-17.577320892985718,21.79624960183549,-17.577320892985718,2.2421806967422944,-0.14039860310305594,0.046398835416884256
2362.0,94.48,1.0,21.74664935681792,-17.72587347393722,21.74664935681792,-17.72587347393722,2.2463210059423377,-0.13856723110906632,0.04631452271682475
2363.0,94.52,1.0,21.696919059674066,-17.87287142283657,21.696919059674066,-17.87287142283657,2.2504651536509375,-0.136504337366624,0.04676032106445603
2364.0,94.56,1.0,21.64706834892855,-18.018303966074022,21.64706834892855,-18.018303966074022,2.254610568246516,-0.1341102466422611,0.047748154483227216
2365.0,94.60000000000001,1.0,21.597096065853417,-18.162160654558402,21.597096065853417,-18.162160654558402,2.2587561981423754,-0.13124139275338964,0.04924133055069559
2366.0,94.64,1.0,21.54700105667633,-18.304431366465,21.54700105667633,-18.304431366465,2.262904184359532,-0.12775614435753313,0.05090625735402756
2367.0,94.68,1.0,21.496782172599794,-18.445106309902574,21.496782172599794,-18.445106309902574,2.267056009085246,-0.1235749380693503,0.05273099572877961
2368.0,94.72,1.0,21.446438269820217,-18.584176025498678,21.446438269820217,-18.584176025498678,2.2712090245559198,-0.1186219922651765,0.054555734103531664
2369.0,94.76,1.0,21.395968209546858,-18.721631388902807,21.395968209546858,-18.721631388902807,2.2753631270590025,-0.11284375201989799,0.05638047247828372
2370.0,94.8,1.0,21.345370858020626,-18.857463613206622,21.345370858020626,-18.857463613206622,2.279518790293274,-0.10621274954171296,0.05820521085303576
2371.0,94.84,1.0,21.294645086532768,-18.99166425128069,21.294645086532768,-18.99166425128069,2.2836782920361016,-0.09911956909167922,0.06002994922778783
2372.0,94.88,1.0,21.243789771443442,-19.124225198027116,21.243789771443442,-19.124225198027116,2.2878388545842614,-0.09147025320580582,0.06185468760253987
2373.0,94.92,0.0,21.192803794200096,-19.255138692547582,21.192803794200096,-19.255138692547582,2.2919997263386587,-0.083270063048402,0.06367942597729193
2374.0,94.96000000000001,1.0,21.141686041355804,-19.384397320226142,21.141686041355804,-19.384397320226142,2.2961630665900437,-0.07447951851392859,0.06550416435204398
2375.0,95.0,0.0,21.09043540458742,-19.51199401472629,21.09043540458742,-19.51199401472629,2.300328783378249,-0.06495213992488434,0.06725367199777167
2376.0,95.04,1.0,21.03905078071358,-19.637922059901854,21.03905078071358,-19.637922059901854,2.304494721028052,-0.05465947799047414,0.06883740872161609
2377.0,95.08,1.0,20.987531071712638,-19.76217509162113,20.987531071712638,-19.76217509162113,2.308661899787994,-0.04369277197042922,0.07030085517426596
2378.0,95.12,1.0,20.9358751847404,-19.884747099503883,20.9358751847404,-19.884747099503883,2.3128310674603365,-0.03204077258982474,0.07141817228917173
2379.0,95.16,1.0,20.884082032147806,-20.005632428570717,20.884082032147806,-20.005632428570717,2.317000367649637,-0.019798476358953286,0.07215949379857482
2380.0,95.2,0.0,20.832150531498378,-20.12482578080445,20.832150531498378,-20.12482578080445,2.321171282850208,-0.00720939962416003,0.07244838479777134
2381.0,95.24,1.0,20.780079605585627,-20.24232221662304,20.780079605585627,-20.24232221662304,2.3253422422230976,0.005047807803997298,0.0722230806555372
2382.0,95.28,0.0,20.727868182450287,-20.358117156263763,20.727868182450287,-20.358117156263763,2.3295132594915966,0.01707349348370188,0.07145513735937757
2383.0,95.32000000000001,1.0,20.6755151953974,-20.472206381078212,20.6755151953974,-20.472206381078212,2.333688115268653,0.028767982181485866,0.07010172746648102
2384.0,95.36,1.0,20.623019583013317,-20.58458603473787,20.623019583013317,-20.58458603473787,2.337866809554266,0.03998770771476135,0.06813982318340712
2385.0,95.4,1.0,20.570380289182513,-20.695252624349877,20.570380289182513,-20.695252624349877,2.342049342348436,0.05059103874105173,0.06555687403556998
2386.0,95.44,1.0,20.51759626310429,-20.80420302148276,20.51759626310429,-20.80420302148276,2.346235713651163,0.06049841187501581,0.06235890641844464
2387.0,95.48,1.0,20.464666459309356,-20.911434463101855,20.464666459309356,-20.911434463101855,2.3504259234624474,0.06963404549298895,0.058699369815264774
2388.0,95.52,1.0,20.411589837676246,-21.016944552414166,20.411589837676246,-21.016944552414166,2.354619971782288,0.07794438466985734,0.05458196535797078
2389.0,95.56,1.0,20.35836536344764,-21.120731259622474,20.35836536344764,-21.120731259622474,2.3588178586106863,0.08540196161381923,0.05001031455216911
2390.0,95.60000000000001,1.0,20.304992007246497,-21.22279292258846,20.304992007246497,-21.22279292258846,2.3630195839476418,0.09163491668533297,0.04499021733472482
2391.0,95.64,1.0,20.25146874509212,-21.32312824740475,20.25146874509212,-21.32312824740475,2.3672251477931536,0.09637603246077049,0.03953442735925046
2392.0,95.68,1.0,20.197794558416003,-21.42173630887562,20.197794558416003,-21.42173630887562,2.371434550147223,0.09954990065680978,0.033659562522101685
2393.0,95.72,1.0,20.14396843407762,-21.518616550906387,20.14396843407762,-21.518616550906387,2.375647791009849,0.10102178543417961,0.027387671334723435
2394.0,95.76,1.0,20.08998936438004,-21.61376878680122,20.08998936438004,-21.61376878680122,2.379864870381032,0.10083581199104191,0.020746536895417122
2395.0,95.8,1.0,20.03585634708538,-21.707193199469444,20.03585634708538,-21.707193199469444,2.3840857882607724,0.09918720857843771,0.013771933905876735
2396.0,95.84,1.0,19.981568385430197,-21.79889034154017,19.981568385430197,-21.79889034154017,2.388258123417717,0.0968240145453247,0.006505597986251766
2397.0,95.88,1.0,19.92712448814065,-21.88886113538531,19.92712448814065,-21.88886113538531,2.392381875851865,0.09377318751091931,-0.0008260798264147583
2398.0,95.92,1.0,19.8725236694476,-21.977106873050854,19.8725236694476,-21.977106873050854,2.396457045563217,0.0900898715742412,-0.008168232009937881
2399.0,95.96000000000001,1.0,19.817764949101523,-22.063629216096576,19.817764949101523,-22.063629216096576,2.4004836325517735,0.08586299490701838,-0.015223528022146566
2400.0,96.0,0.0,19.76284735238732,-22.148430195344055,19.76284735238732,-22.148430195344055,2.4044616368175338,0.08163611823979555,-0.021949699400603307
2401.0,96.04,1.0,19.70776991013896,-22.231512210533204,19.70776991013896,-22.231512210533204,2.4083910583604986,0.07740924157257272,-0.028299231780743714
2402.0,96.08,1.0,19.652531658754004,-22.31287802988723,19.652531658754004,-22.31287802988723,2.412271897180667,0.07318236490534989,-0.03425090096445381
2403.0,96.12,1.0,19.597131640207984,-22.39252981750585,19.597131640207984,-22.39252981750585,2.4161045983191314,0.06895548823812707,-0.03976868289014132
2404.0,96.16,1.0,19.54156890206863,-22.470470073820653,19.54156890206863,-22.470470073820653,2.419889606816984,0.06472861157090423,-0.04483717068692918
2405.0,96.2,1.0,19.48584249750999,-22.546701634667432,19.48584249750999,-22.546701634667432,2.423627367715318,0.061209675984623596,-0.04945045158584891
2406.0,96.24000000000001,1.0,19.429951485326367,-22.62122767026828,19.429951485326367,-22.62122767026828,2.4273183260552234,0.0585793336073866,-0.05360216349871412
2407.0,96.28,1.0,19.37389492994616,-22.69405168412363,19.37389492994616,-22.69405168412363,2.4309629268777937,0.05686985407754241,-0.0572960075574652
2408.0,96.32000000000001,1.0,19.317671901445532,-22.765177511814535,19.317671901445532,-22.765177511814535,2.4345616152241205,0.056128657198293075,-0.0603582419370907
2409.0,96.36,1.0,19.26128147556195,-22.834609319715348,19.26128147556195,-22.834609319715348,2.4381148361352962,0.05683999875020841,-0.06277941747460054
2410.0,96.4,1.0,19.204722733707598,-22.90235160361712,19.204722733707598,-22.90235160361712,2.441623034652413,0.059386259763629025,-0.06456162961612029
2411.0,96.44,1.0,19.14799476298261,-22.96840918726202,19.14799476298261,-22.96840918726202,2.4450866558165623,0.06401800513411349,-0.06571242626457581
2412.0,96.48,1.0,19.091096656188213,-23.032787220789004,19.091096656188213,-23.032787220789004,2.448506144668837,0.07094739274145816,-0.06624560701416293
2413.0,96.52,1.0,19.034027511839692,-23.095557808038432,19.034027511839692,-23.095557808038432,2.4518667378392167,0.08032752339439982,-0.06618269432377936
2414.0,96.56,1.0,18.97678643417923,-23.156778498836797,18.97678643417923,-23.156778498836797,2.4551690531811663,0.09196861393448261,-0.06555669617137494
2415.0,96.60000000000001,1.0,18.91937253318859,-23.216506796576198,18.91937253318859,-23.216506796576198,2.4584137085481523,0.10518334526342725,-0.06439899833711299
2416.0,96.64,1.0,18.861784924601675,-23.274800142842707,18.861784924601675,-23.274800142842707,2.4616013217936383,0.12003119984709602,-0.06273927420177379
2417.0,96.68,0.0,18.804022729916955,-23.331715902058974,18.804022729916955,-23.331715902058974,2.4647325107710913,0.13487905443076476,-0.06060007405449207
2418.0,96.72,0.0,18.746085076409695,-23.38731134614494,18.746085076409695,-23.38731134614494,2.4678078933339758,0.14972690901443353,-0.05822422773977036
2419.0,96.76,0.0,18.68797109714412,-23.441643639200645,18.68797109714412,-23.441643639200645,2.470828087335757,0.1645747635981023,-0.0557116045233151
2420.0,96.8,0.0,18.62967993098538,-23.494769822214977,18.62967993098538,-23.494769822214977,2.4737937106299004,0.17942261818177105,-0.053062204405126275
2421.0,96.84,0.0,18.571210722611372,-23.54674679780427,18.571210722611372,-23.54674679780427,2.476705381069871,0.1944282654063598,-0.050396212195538304
2422.0,96.88,0.0,18.512562622524474,-23.597631314984724,18.512562622524474,-23.597631314984724,2.479563716509135,0.2094813282600836,-0.04771954231205483
2423.0,96.92,0.0,18.45373478706308,-23.647480926062855,18.45373478706308,-23.647480926062855,2.482368889760065,0.2257138949363389,-0.04503379996053716
2424.0,96.96000000000001,1.0,18.394726378413,-23.69635303041411,18.394726378413,-23.69635303041411,2.485121073635034,0.24147537556875023,-0.042303278666409795
2425.0,97.0,0.0,18.335536564618746,-23.744304859598728,18.335536564618746,-23.744304859598728,2.487820440946415,0.25710185584666445,-0.03957093156394161
2426.0,97.04,0.0,18.27616451959464,-23.791393462526237,18.27616451959464,-23.791393462526237,2.490467164506582,0.2726781908484224,-0.03678475454401923
2427.0,97.08,0.0,18.216609423135807,-23.837675690672267,18.216609423135807,-23.837675690672267,2.493061417127908,0.2875023182534816,-0.03416341587928872
2428.0,97.12,0.0,18.156870460928996,-23.883208183351567,18.156870460928996,-23.883208183351567,2.495603371622766,0.3014602377336428,-0.03166833475215102
2429.0,97.16,0.0,18.09694682456329,-23.928047353051028,18.09694682456329,-23.928047353051028,2.4980932008035293,0.314436734274258,-0.02919088342100094
2430.0,97.2,0.0,18.036837711540624,-23.972249370826518,18.036837711540624,-23.972249370826518,2.500544127705088,0.32628850976854684,-0.026649071350555522
2431.0,97.24000000000001,0.0,17.97654232528622,-24.015870151767157,17.97654232528622,-24.015870151767157,2.502994993396773,0.33957157463197873,-0.024051147458063932
2432.0,97.28,0.0,17.91605987515883,-24.05896534053105,17.91605987515883,-24.05896534053105,2.5054461020924417,0.3580469226499048,-0.02140337238292983
2433.0,97.32000000000001,0.0,17.855389576460833,-24.101523668008678,17.855389576460833,-24.101523668008678,2.5078983160575463,0.3816754811659278,-0.018708512848897376
2434.0,97.36,0.0,17.794530650448227,-24.143413809160766,17.794530650448227,-24.143413809160766,2.510351546770816,0.41046926096054975,-0.015962145614594407
2435.0,97.4,0.0,17.73348232434044,-24.184625248081087,17.73348232434044,-24.184625248081087,2.512807986710854,0.44436877956790816,-0.013168411634432746
2436.0,97.44,0.0,17.67224383133001,-24.225172867786984,17.67224383133001,-24.225172867786984,2.5152657925012365,0.48500716024272733,-0.010320004456717536
2437.0,97.48,0.0,17.610814410592127,-24.265054496684154,17.610814410592127,-24.265054496684154,2.5177237186023724,0.5323844029850071,-0.0074315420757571846
2438.0,97.52,0.0,17.54919330729399,-24.304252432972387,17.54919330729399,-24.304252432972387,2.5201801970265962,0.5865005077947475,-0.004403155225845272
2439.0,97.56,0.0,17.487379772604083,-24.342769389987268,17.487379772604083,-24.342769389987268,2.522634629667121,0.6473554746719486,-0.001234843906981795
2440.0,97.60000000000001,1.0,17.425373063701237,-24.380608014057547,17.425373063701237,-24.380608014057547,2.5250863323579145,0.7147915109756906,0.0021935766911676522
2441.0,97.64,1.0,17.363172443783622,-24.417751773256366,17.363172443783622,-24.417751773256366,2.527534100978357,0.788918993717758,0.005888020986106728
2442.0,97.68,0.0,17.301021532333372,-24.454203218525045,17.301021532333372,-24.454203218525045,2.529985000681753,0.8696371510891648,0.010042526811225305
2443.0,97.72,1.0,17.23905217708255,-24.48996592982995,17.23905217708255,-24.48996592982995,2.532432520375164,0.9579318433947991,0.014610510908762565
2444.0,97.76,0.0,17.17725704935834,-24.5250418998039,17.17725704935834,-24.5250418998039,2.5348740660536135,1.0534060631376205,0.01959921993841188
2445.0,97.8,0.0,17.1156347955625,-24.559433636983805,17.1156347955625,-24.559433636983805,2.5373139021631053,1.1561791571609614,0.024958254996921187
2446.0,97.84,0.0,17.05418253202206,-24.59313643490119,17.05418253202206,-24.59313643490119,2.53975148339628,1.267617919387925,0.030515111557809366
2447.0,97.88,2.0,16.992896934941125,-24.62615062037115,16.992896934941125,-24.62615062037115,2.5421799364206885,1.387734614539778,0.036215959703622215
2448.0,97.92,2.0,16.931781567348754,-24.658474602729566,16.931781567348754,-24.658474602729566,2.5446062770040623,1.5165292426165211,0.04194151348526755
2449.0,97.96000000000001,2.0,16.870827602925107,-24.690116465969872,16.870827602925107,-24.690116465969872,2.5470299900096682,1.6521217252962488,0.047481426424940444
2450.0,98.0,2.0,16.810043525277653,-24.721065014137455,16.810043525277653,-24.721065014137455,2.549445674169322,1.78484352124571,0.05274463799392822
2451.0,98.04,2.0,16.749422566824116,-24.75133655610589,16.749422566824116,-24.75133655610589,2.5518530959446237,1.9108264551277105,0.05773114819223089
2452.0,98.08,2.0,16.688964966929355,-24.780921365163493,16.688964966929355,-24.780921365163493,2.5542610051128536,2.03007052694225,0.06244095701984841
2453.0,98.12,2.0,16.628668753023913,-24.80982728228349,16.628668753023913,-24.80982728228349,2.5566587572304615,2.1425757366893294,0.06687406447678082
2454.0,98.16,2.0,16.568543222669405,-24.83803900784911,16.568543222669405,-24.83803900784911,2.5590592775332133,2.2483420843689483,0.07103047056302811
2455.0,98.2,2.0,16.508569811457615,-24.865570284075552,16.508569811457615,-24.865570284075552,2.5614522792428405,2.347369569981106,0.07491017527859027
2456.0,98.24000000000001,2.0,16.448773705484705,-24.892409078394248,16.448773705484705,-24.892409078394248,2.5638388293988803,2.4396581935258026,0.07851317862346731
2457.0,98.28,2.0,16.38914123753067,-24.91856158894463,16.38914123753067,-24.91856158894463,2.5662013921804547,2.5252079550030397,0.08183948059765923
2458.0,98.32000000000001,2.0,16.329674527940245,-24.944045167489467,16.329674527940245,-24.944045167489467,2.5685223076555217,2.6040188544128156,0.08488908120116602
2459.0,98.36,2.0,16.270375571104957,-24.968852098873686,16.270375571104957,-24.968852098873686,2.5708015572330467,2.6760908917551305,0.08766198043398768
2460.0,98.4,2.0,16.21126119714169,-24.992977959760136,16.21126119714169,-24.992977959760136,2.573039584843564,2.7414240670299854,0.09015817829612423
2461.0,98.44,2.0,16.152344904390606,-25.016437483165188,16.152344904390606,-25.016437483165188,2.5752379020820224,2.7989870638529686,0.09218524216004707
2462.0,98.48,2.0,16.09363273179397,-25.03922742024813,16.09363273179397,-25.03922742024813,2.5773995839871433,2.848736670704626,0.09375404880894155
2463.0,98.52,2.0,16.03513290978269,-25.061340656874435,16.03513290978269,-25.061340656874435,2.5795268823295627,2.890553157264551,0.09490030471738313
2464.0,98.56,2.0,15.976865145757198,-25.08277199128629,15.976865145757198,-25.08277199128629,2.5816205480385603,2.924200051972719,0.09562240467951053
2465.0,98.60000000000001,2.0,15.918826985672263,-25.103525439330824,15.918826985672263,-25.103525439330824,2.5836828143920334,2.9489652034233687,0.09613415816383303
2466.0,98.64,2.0,15.861011540534758,-25.123597889028353,15.861011540534758,-25.123597889028353,2.5857154548796735,2.9648486116165,0.09643556517035061
2467.0,98.68,2.0,15.803438579399396,-25.142991011835935,15.803438579399396,-25.142991011835935,2.5877201713922497,2.971850276552113,0.09652662569906331
2468.0,98.72,2.0,15.74611656090341,-25.161710621908174,15.74611656090341,-25.161710621908174,2.589699297467583,2.971850276552113,0.09652662569906331
2469.0,98.76,2.0,15.689053945012324,-25.179743790829693,15.689053945012324,-25.179743790829693,2.5916548401016506,2.971850276552113,0.09652662569906331
2470.0,98.8,2.0,15.632246247251526,-25.197099006606678,15.632246247251526,-25.197099006606678,2.5935865599536103,2.971850276552113,0.09652662569906331
2471.0,98.84,2.0,15.575708144929278,-25.213756787283426,15.575708144929278,-25.213756787283426,2.5954954178804903,2.971850276552113,0.09652662569906331
2472.0,98.88,2.0,15.519439043289672,-25.22972919503325,15.519439043289672,-25.22972919503325,2.5973816464291883,2.971850276552113,0.09652662569906331
2473.0,98.92,2.0,15.46343697000238,-25.245011772944373,15.46343697000238,-25.245011772944373,2.5992458036525936,2.971850276552113,0.09652662569906331
2474.0,98.96000000000001,2.0,15.40772302695667,-25.259608314969846,15.40772302695667,-25.259608314969846,2.601088566905092,2.971850276552113,0.09652662569906331
2475.0,99.0,2.0,15.352272915368316,-25.273519122080828,15.352272915368316,-25.273519122080828,2.6029105764113827,2.971850276552113,0.09652662569906331
2476.0,99.04,2.0,15.29710041635973,-25.286742161515072,15.29710041635973,-25.286742161515072,2.604712804076585,2.971850276552113,0.09652662569906331
2477.0,99.08,2.0,15.242196091326393,-25.299265737976366,15.242196091326393,-25.299265737976366,2.6064958554768,2.971850276552113,0.09652662569906331
2478.0,99.12,2.0,15.187567339183289,-25.31109583317069,15.187567339183289,-25.31109583317069,2.6082609348289085,2.971850276552113,0.09652662569906331
2479.0,99.16,2.0,15.13322292123833,-25.322221295707454,15.13322292123833,-25.322221295707454,2.6100092481939154,2.971850276552113,0.09652662569906331
2480.0,99.2,2.0,15.079149823325421,-25.332646301137625,15.079149823325421,-25.332646301137625,2.6117417021030733,2.971850276552113,0.09652662569906331
2481.0,99.24000000000001,2.0,15.025348957605528,-25.342366305706857,15.025348957605528,-25.342366305706857,2.6134600880854513,2.971850276552113,0.09652662569906331
2482.0,99.28,2.0,14.971813105996361,-25.351383845173487,14.971813105996361,-25.351383845173487,2.6151651765458084,2.971850276552113,0.09652662569906331
2483.0,99.32000000000001,2.0,14.91853442351684,-25.359698837171777,14.91853442351684,-25.359698837171777,2.616858696418142,2.971850276552113,0.09652662569906331
2484.0,99.36,2.0,14.865499178997856,-25.36731518551852,14.865499178997856,-25.36731518551852,2.618541995979667,2.971850276552113,0.09652662569906331
2485.0,99.4,2.0,14.81271001118756,-25.37423528370318,14.81271001118756,-25.37423528370318,2.620216042988372,2.971850276552113,0.09652662569906331
2486.0,99.44,2.0,14.760183344288025,-25.380474168814416,14.760183344288025,-25.380474168814416,2.6218813292902325,2.971850276552113,0.09652662569906331
2487.0,99.48,2.0,14.707902112133107,-25.386024565266965,14.707902112133107,-25.386024565266965,2.623537913609848,2.971850276552113,0.09652662569906331
2488.0,99.52,2.0,14.655851519438267,-25.390883975300078,14.655851519438267,-25.390883975300078,2.625186472759854,2.971850276552113,0.09652662569906331
2489.0,99.56,2.0,14.6040382277776,-25.395048891687974,14.6040382277776,-25.395048891687974,2.626827054295619,2.971850276552113,0.09652662569906331
2490.0,99.60000000000001,2.0,14.55245843728744,-25.398529138472117,14.55245843728744,-25.398529138472117,2.6284597355254538,2.971850276552113,0.09652662569906331
2491.0,99.64,2.0,14.501104924588933,-25.40132051561155,14.501104924588933,-25.40132051561155,2.6300847782446906,2.971850276552113,0.09652662569906331
2492.0,99.68,2.0,14.449981619983463,-25.403423376089712,14.449981619983463,-25.403423376089712,2.631701450227465,2.971850276552113,0.09652662569906331
2493.0,99.72,2.0,14.39908448593389,-25.404825677479693,14.39908448593389,-25.404825677479693,2.6333095197579617,2.971850276552113,0.09652662569906331
2494.0,99.76,2.0,14.348406902907874,-25.405533853566872,14.348406902907874,-25.405533853566872,2.634908165351519,2.971850276552113,0.09652662569906331
2495.0,99.8,2.0,14.297954263387696,-25.405534855192027,14.297954263387696,-25.405534855192027,2.6364964363727212,2.971850276552113,0.09652662569906331
2496.0,99.84,2.0,14.247732191921646,-25.404833079189178,14.247732191921646,-25.404833079189178,2.6380733165904164,2.971850276552113,0.09652662569906331
2497.0,99.88,2.0,14.19773819722722,-25.403429405058336,14.19773819722722,-25.403429405058336,2.639637919109391,2.971850276552113,0.09652662569906331
2498.0,99.92,2.0,14.147983118814267,-25.40132000341618,14.147983118814267,-25.40132000341618,2.641189266990699,2.971850276552113,0.09652662569906331
2499.0,99.96000000000001,2.0,14.0984697215858,-25.39852098532803,14.0984697215858,-25.39852098532803,2.6427266723060687,2.971850276552113,0.09652662569906331
2500.0,100.0,2.0,14.049194166765433,-25.39502597392577,14.049194166765433,-25.39502597392577,2.644249313185905,2.971850276552113,0.09652662569906331
2501.0,100.04,2.0,14.00016372994687,-25.390838769335545,14.00016372994687,-25.390838769335545,2.6457564746609674,2.971850276552113,0.09652662569906331
2502.0,100.08,2.0,13.951371640688448,-25.385961265359754,13.951371640688448,-25.385961265359754,2.6472474371394945,2.971850276552113,0.09652662569906331
2503.0,100.12,2.0,13.90283782694913,-25.380394435827014,13.90283782694913,-25.380394435827014,2.6487215569027134,2.971850276552113,0.09652662569906331
2504.0,100.16,2.0,13.85465162542014,-25.37407482155058,13.85465162542014,-25.37407482155058,2.6501852063264733,2.971850276552113,0.09652662569906331
2505.0,100.2,2.0,13.806811686247594,-25.366994867564497,13.806811686247594,-25.366994867564497,2.6516370406654417,2.971850276552113,0.09652662569906331
2506.0,100.24000000000001,2.0,13.759308747486552,-25.359148660577933,13.759308747486552,-25.359148660577933,2.653076130919919,2.971850276552113,0.09652662569906331
2507.0,100.28,2.0,13.712140729746674,-25.350542723649635,13.712140729746674,-25.350542723649635,2.6545019667512597,2.971850276552113,0.09652662569906331
2508.0,100.32000000000001,2.0,13.665307618265425,-25.341176515175444,13.665307618265425,-25.341176515175444,2.655913757966607,2.971850276552113,0.09652662569906331
2509.0,100.36,2.0,13.618800243199075,-25.331059507323484,13.618800243199075,-25.331059507323484,2.6573113477241406,2.971850276552113,0.09652662569906331
2510.0,100.4,2.0,13.572615446284832,-25.32018563896211,13.572615446284832,-25.32018563896211,2.658694571842361,2.971850276552113,0.09652662569906331
2511.0,100.44,2.0,13.526771770070116,-25.308568282408324,13.526771770070116,-25.308568282408324,2.660053611392424,2.971850276552113,0.09652662569906331
2512.0,100.48,2.0,13.481263876819012,-25.296206113756675,13.481263876819012,-25.296206113756675,2.6613882117146104,2.971850276552113,0.09652662569906331
2513.0,100.52,2.0,13.436097944129878,-25.283109142629947,13.436097944129878,-25.283109142629947,2.6626978501847542,2.971850276552113,0.09652662569906331
2514.0,100.56,2.0,13.391270856830536,-25.269272912858902,13.391270856830536,-25.269272912858902,2.663982413654985,2.971850276552113,0.09652662569906331
2515.0,100.60000000000001,2.0,13.34679260545722,-25.254709411847315,13.34679260545722,-25.254709411847315,2.665241683970349,2.971850276552113,0.09652662569906331
2516.0,100.64,2.0,13.302652275963808,-25.23941592761219,13.302652275963808,-25.23941592761219,2.666475506410164,2.971850276552113,0.09652662569906331
2517.0,100.68,2.0,13.258862877001697,-25.2234017869348,13.258862877001697,-25.2234017869348,2.6676834354858325,2.971850276552113,0.09652662569906331
2518.0,100.72,2.0,13.215419478576392,-25.206667758052625,13.215419478576392,-25.206667758052625,2.6688649492684298,2.971850276552113,0.09652662569906331
2519.0,100.76,2.0,13.172314910771371,-25.1892164846459,13.172314910771371,-25.1892164846459,2.6700191064616163,2.971850276552113,0.09652662569906331
2520.0,100.8,2.0,13.129555549160822,-25.171054575630063,13.129555549160822,-25.171054575630063,2.6711449367185587,2.971850276552113,0.09652662569906331
2521.0,100.84,2.0,13.087126319852205,-25.152187231251318,13.087126319852205,-25.152187231251318,2.67224128506618,2.971850276552113,0.09652662569906331
2522.0,100.88,2.0,13.04504031956846,-25.13261340275906,13.04504031956846,-25.13261340275906,2.6733069625183976,2.971850276552113,0.09652662569906331
2523.0,100.92,2.0,13.003280119514995,-25.112338439080958,13.003280119514995,-25.112338439080958,2.67434062659549,2.971850276552113,0.09652662569906331
2524.0,100.96000000000001,2.0,12.961758322555518,-25.09142783237774,12.961758322555518,-25.09142783237774,2.6753340670071175,2.971850276552113,0.09652662569906331
2525.0,101.0,2.0,12.92047796437718,-25.069882967006883,12.92047796437718,-25.069882967006883,2.676286739510111,2.971850276552113,0.09652662569906331
2526.0,101.04,2.0,12.87944210326101,-25.047705302663093,12.87944210326101,-25.047705302663093,2.6771980998613016,2.971850276552113,0.09652662569906331
2527.0,101.08,2.0,12.838653674182401,-25.024887517529,12.838653674182401,-25.024887517529,2.678066914335989,2.971850276552113,0.09652662569906331
2528.0,101.12,2.0,12.798115365606657,-25.001438018280346,12.798115365606657,-25.001438018280346,2.678894288249301,2.971850276552113,0.09652662569906331
2529.0,101.16,2.0,12.75783671639174,-24.977632796082556,12.75783671639174,-24.977632796082556,2.6796820481675865,2.971850276552113,0.09652662569906331
2530.0,101.2,2.0,12.717827060926158,-24.95347944349144,12.717827060926158,-24.95347944349144,2.6804302172487566,2.971850276552113,0.09652662569906331
2531.0,101.24000000000001,2.0,12.678061548947088,-24.928976020499743,12.678061548947088,-24.928976020499743,2.6811498588789338,2.971850276552113,0.09652662569906331
2532.0,101.28,2.0,12.638540330060184,-24.90412059187596,12.638540330060184,-24.90412059187596,2.6818427887245995,2.971850276552113,0.09652662569906331
2533.0,101.32000000000001,2.0,12.599263451440109,-24.878911227201232,12.599263451440109,-24.878911227201232,2.6825108224522354,2.971850276552113,0.09652662569906331
2534.0,101.36,2.0,12.56023746629509,-24.85334600090621,12.56023746629509,-24.85334600090621,2.683167207415484,2.971850276552113,0.09652662569906331
2535.0,101.4,2.0,12.521455447788464,-24.82742299230782,12.521455447788464,-24.82742299230782,2.683823592378733,2.971850276552113,0.09652662569906331
2536.0,101.44,2.0,12.482899626024112,-24.80114028564594,12.482899626024112,-24.80114028564594,2.6844799773419816,2.971850276552113,0.09652662569906331
2537.0,101.48,2.0,12.444552191188652,-24.774495970120036,12.444552191188652,-24.774495970120036,2.6851396087645507,2.971850276552113,0.09652662569906331
2538.0,101.52,2.0,12.406395294509075,-24.74748813992568,12.406395294509075,-24.74748813992568,2.6857998322363565,2.971850276552113,0.09652662569906331
2539.0,101.56,2.0,12.36841104921466,-24.720114894291005,12.36841104921466,-24.720114894291005,2.686463503409569,2.971850276552113,0.09652662569906331
2540.0,101.60000000000001,2.0,12.330581531503151,-24.692374337513094,12.330581531503151,-24.692374337513094,2.6871275653899316,2.971850276552113,0.09652662569906331
2541.0,101.64,2.0,12.29288878151106,-24.664264578994263,12.29288878151106,-24.664264578994263,2.687794644115465,2.971850276552113,0.09652662569906331
2542.0,101.68,2.0,12.25531480428817,-24.635783733278267,12.25531480428817,-24.635783733278267,2.6884625446043855,2.971850276552113,0.09652662569906331
2543.0,101.72,2.0,12.217841570776015,-24.60692992008644,12.217841570776015,-24.60692992008644,2.689130445093305,2.971850276552113,0.09652662569906331
2544.0,101.76,2.0,12.180451018790443,-24.57770126435374,12.180451018790443,-24.57770126435374,2.689801020302674,2.971850276552113,0.09652662569906331
2545.0,101.8,2.0,12.143125054008074,-24.54809589626469,12.143125054008074,-24.54809589626469,2.6904741398522796,2.971850276552113,0.09652662569906331
2546.0,101.84,2.0,12.10584555095667,-24.518111951289296,12.10584555095667,-24.518111951289296,2.691149717358313,2.971850276552113,0.09652662569906331
2547.0,101.88,2.0,12.068594499280845,-24.487747570218787,12.068594499280845,-24.487747570218787,2.6918252948643473,2.971850276552113,0.09652662569906331
2548.0,101.92,2.0,12.03135412731463,-24.45700089920136,12.03135412731463,-24.45700089920136,2.6925030927555342,2.971850276552113,0.09652662569906331
2549.0,101.96000000000001,2.0,11.994099805548682,-24.425870089777803,11.994099805548682,-24.425870089777803,2.6931825087701253,2.971850276552113,0.09652662569906331
2550.0,102.0,2.0,11.956807101864323,-24.394353298916965,11.956807101864323,-24.394353298916965,2.693862941543475,2.971850276552113,0.09652662569906331
2551.0,102.04,2.0,11.919463491738126,-24.362448689051277,11.919463491738126,-24.362448689051277,2.6945461960666224,2.971850276552113,0.09652662569906331
2552.0,102.08,2.0,11.882052355645477,-24.33015442811205,11.882052355645477,-24.33015442811205,2.695231278615723,2.971850276552113,0.09652662569906331
2553.0,102.12,2.0,11.844557134001947,-24.29746868956476,11.844557134001947,-24.29746868956476,2.6959183716474278,2.971850276552113,0.09652662569906331
2554.0,102.16,2.0,11.806954719611378,-24.264389652444226,11.806954719611378,-24.264389652444226,2.696605464679132,2.971850276552113,0.09652662569906331
2555.0,102.2,2.0,11.769235444661495,-24.230915501389678,11.769235444661495,-24.230915501389678,2.697295129332416,2.971850276552113,0.09652662569906331
2556.0,102.24000000000001,2.0,11.731400444660073,-24.197044426679746,11.731400444660073,-24.197044426679746,2.6979884171939754,2.971850276552113,0.09652662569906331
2557.0,102.28,2.0,11.693450856218734,-24.162774624267374,11.693450856218734,-24.162774624267374,2.698683187242795,2.971850276552113,0.09652662569906331
2558.0,102.32000000000001,2.0,11.655387817025652,-24.12810429581461,11.655387817025652,-24.12810429581461,2.6993779572916137,2.971850276552113,0.09652662569906331
2559.0,102.36,2.0,11.617212465818254,-24.093031648727308,11.617212465818254,-24.093031648727308,2.700075375104029,2.971850276552113,0.09652662569906331
2560.0,102.4,2.0,11.57892594235589,-24.05755489618977,11.57892594235589,-24.05755489618977,2.700775544392594,2.971850276552113,0.09652662569906331
2561.0,102.44,2.0,11.540529387392514,-24.021672257199242,11.540529387392514,-24.021672257199242,2.7014779914585265,2.971850276552113,0.09652662569906331
2562.0,102.48,2.0,11.502023942649359,-23.98538195660035,11.502023942649359,-23.98538195660035,2.702180438524459,2.971850276552113,0.09652662569906331
2563.0,102.52,2.0,11.463410750787581,-23.948682225119413,11.463410750787581,-23.948682225119413,2.7028856632936176,2.971850276552113,0.09652662569906331
2564.0,102.56,2.0,11.424690955380937,-23.911571299398695,11.424690955380937,-23.911571299398695,2.703594417365095,2.971850276552113,0.09652662569906331
2565.0,102.60000000000001,2.0,11.385865700888413,-23.87404742203051,11.385865700888413,-23.87404742203051,2.704304541448143,2.971850276552113,0.09652662569906331
2566.0,102.64,2.0,11.346936132626869,-23.836108841591273,11.346936132626869,-23.836108841591273,2.7050161275029256,2.971850276552113,0.09652662569906331
2567.0,102.68,2.0,11.307903396743692,-23.79775381267542,11.307903396743692,-23.79775381267542,2.7057313312046687,2.971850276552113,0.09652662569906331
2568.0,102.72,2.0,11.268768640189405,-23.758980595929252,11.268768640189405,-23.758980595929252,2.70644913230483,2.971850276552113,0.09652662569906331
2569.0,102.76,2.0,11.229533010690327,-23.719787458084664,11.229533010690327,-23.719787458084664,2.7071687830011477,2.971850276552113,0.09652662569906331
2570.0,102.8,2.0,11.190197656721173,-23.680172671992768,11.190197656721173,-23.680172671992768,2.707892139689063,2.971850276552113,0.09652662569906331
2571.0,102.84,2.0,11.150763727477699,-23.640134516657415,11.150763727477699,-23.640134516657415,2.7086177198742676,2.971850276552113,0.09652662569906331
2572.0,102.88,2.0,11.111232372849315,-23.59967127726864,11.111232372849315,-23.59967127726864,2.7093470943957088,2.971850276552113,0.09652662569906331
2573.0,102.92,2.0,11.071604743391713,-23.558781245235974,11.071604743391713,-23.558781245235974,2.710080249530098,2.971850276552113,0.09652662569906331
2574.0,102.96000000000001,2.0,11.031881990299485,-23.517462718221644,11.031881990299485,-23.517462718221644,2.7108134046644863,2.971850276552113,0.09652662569906331
2575.0,103.0,2.0,10.992065265378747,-23.475714000173703,10.992065265378747,-23.475714000173703,2.7115465597988755,2.971850276552113,0.09652662569906331
2576.0,103.04,2.0,10.952155721019757,-23.43353340135905,10.952155721019757,-23.43353340135905,2.712279714933264,2.971850276552113,0.09652662569906331
2577.0,103.08,2.0,10.912154510169556,-23.39091923839628,10.912154510169556,-23.39091923839628,2.713012870067653,2.971850276552113,0.09652662569906331
2578.0,103.12,2.0,10.872062786304571,-23.34786983428852,10.872062786304571,-23.34786983428852,2.7137460252020422,2.971850276552113,0.09652662569906331
2579.0,103.16,2.0,10.83188170340326,-23.30438351845611,10.83188170340326,-23.30438351845611,2.714479180336431,2.971850276552113,0.09652662569906331
2580.0,103.2,2.0,10.79161241591874,-23.26045862676915,10.79161241591874,-23.26045862676915,2.71521233547082,2.971850276552113,0.09652662569906331
2581.0,103.24000000000001,2.0,10.751256078751418,-23.21609350158001,10.751256078751418,-23.21609350158001,2.7159454906052085,2.971850276552113,0.09652662569906331
2582.0,103.28,2.0,10.71081384722164,-23.171286491755634,10.71081384722164,-23.171286491755634,2.7166786457395977,2.971850276552113,0.09652662569906331
2583.0,103.32000000000001,2.0,10.67028687704233,-23.12603595270985,10.67028687704233,-23.12603595270985,2.717411800873987,2.971850276552113,0.09652662569906331
2584.0,103.36,2.0,10.629676324291637,-23.08034024643545,10.629676324291637,-23.08034024643545,2.718144956008376,2.971850276552113,0.09652662569906331
2585.0,103.4,2.0,10.588983345385607,-23.034197741536254,10.588983345385607,-23.034197741536254,2.7188781111427645,2.971850276552113,0.09652662569906331
2586.0,103.44,2.0,10.548209097050831,-22.987606813258996,10.548209097050831,-22.987606813258996,2.7196112662771537,2.971850276552113,0.09652662569906331
2587.0,103.48,2.0,10.50735473629712,-22.940565843525142,10.50735473629712,-22.940565843525142,2.7203444214115424,2.971850276552113,0.09652662569906331
2588.0,103.52,2.0,10.466421420390194,-22.893073220962567,10.466421420390194,-22.893073220962567,2.7210775765459316,2.971850276552113,0.09652662569906331
2589.0,103.56,2.0,10.425410306824357,-22.845127340937132,10.425410306824357,-22.845127340937132,2.721810731680321,2.971850276552113,0.09652662569906331
2590.0,103.60000000000001,2.0,10.384322553295203,-22.796726605584126,10.384322553295203,-22.796726605584126,2.722543886814709,2.971850276552113,0.09652662569906331
2591.0,103.64,2.0,10.343159317672319,-22.747869423839624,10.343159317672319,-22.747869423839624,2.7232770419490984,2.971850276552113,0.09652662569906331
2592.0,103.68,2.0,10.301921757972002,-22.698554211471713,10.301921757972002,-22.698554211471713,2.7240101970834876,2.971850276552113,0.09652662569906331
2593.0,103.72,2.0,10.260611032329992,-22.648779391111578,10.260611032329992,-22.648779391111578,2.7247433522178763,2.971850276552113,0.09652662569906331
2594.0,103.76,2.0,10.219228298974208,-22.598543392284522,10.219228298974208,-22.598543392284522,2.7254765073522655,2.971850276552113,0.09652662569906331
2595.0,103.8,2.0,10.177774716197503,-22.547844651440826,10.177774716197503,-22.547844651440826,2.7262096624866543,2.971850276552113,0.09652662569906331
2596.0,103.84,2.0,10.13625144233042,-22.49668161198649,10.13625144233042,-22.49668161198649,2.726942817621043,2.971850276552113,0.09652662569906331
2597.0,103.88,2.0,10.094659635713997,-22.445052724313886,10.094659635713997,-22.445052724313886,2.7276759727554323,2.971850276552113,0.09652662569906331
2598.0,103.92,2.0,10.053000454672521,-22.392956445832272,10.053000454672521,-22.392956445832272,2.7284091278898215,2.971850276552113,0.09652662569906331
2599.0,103.96000000000001,2.0,10.01127505748637,-22.34039124099818,10.01127505748637,-22.34039124099818,2.72914228302421,2.971850276552113,0.09652662569906331
2600.0,104.0,2.0,9.969484602364819,-22.28735558134569,9.969484602364819,-22.28735558134569,2.729875438158599,2.971850276552113,0.09652662569906331
2601.0,104.04,2.0,9.92763024741888,-22.23384794551657,9.92763024741888,-22.23384794551657,2.730608593292988,2.971850276552113,0.09652662569906331
2602.0,104.08,2.0,9.885713150634164,-22.179866819290332,9.885713150634164,-22.179866819290332,2.731341748427377,2.971850276552113,0.09652662569906331
2603.0,104.12,2.0,9.843734469843739,-22.125410695614132,9.843734469843739,-22.125410695614132,2.7320749035617657,2.971850276552113,0.09652662569906331
2604.0,104.16,2.0,9.801695362701036,-22.07047807463252,9.801695362701036,-22.07047807463252,2.7328080586961545,2.971850276552113,0.09652662569906331
2605.0,104.2,2.0,9.75959698665275,-22.01506746371713,9.75959698665275,-22.01506746371713,2.7335412138305437,2.971850276552113,0.09652662569906331
2606.0,104.24000000000001,2.0,9.717440498911769,-21.95917737749621,9.717440498911769,-21.95917737749621,2.734274368964932,2.971850276552113,0.09652662569906331
2607.0,104.28,2.0,9.675227056430113,-21.902806337884027,9.675227056430113,-21.902806337884027,2.7350075240993212,2.971850276552113,0.09652662569906331
2608.0,104.32000000000001,2.0,9.632957815871912,-21.845952874110132,9.632957815871912,-21.845952874110132,2.7357406792337104,2.971850276552113,0.09652662569906331
2609.0,104.36,2.0,9.590633933586384,-21.788615522748536,9.590633933586384,-21.788615522748536,2.7364738343680997,2.971850276552113,0.09652662569906331
2610.0,104.4,2.0,9.54825656558085,-21.73079282774674,9.54825656558085,-21.73079282774674,2.7372069895024884,2.971850276552113,0.09652662569906331
2611.0,104.44,2.0,9.50582686749376,-21.672483340454615,9.50582686749376,-21.672483340454615,2.7379401446368776,2.971850276552113,0.09652662569906331
2612.0,104.48,2.0,9.463345994567746,-21.613685619653186,9.463345994567746,-21.613685619653186,2.738673299771267,2.971850276552113,0.09652662569906331
2613.0,104.52,2.0,9.4208151016227,-21.554398231583278,9.4208151016227,-21.554398231583278,2.739406454905655,2.971850276552113,0.09652662569906331
2614.0,104.56,2.0,9.378235343028875,-21.49461974997402,9.378235343028875,-21.49461974997402,2.7401396100400444,2.971850276552113,0.09652662569906331
2615.0,104.60000000000001,2.0,9.33560787268,-21.434348756071238,9.33560787268,-21.434348756071238,2.7408727651744336,2.971850276552113,0.09652662569906331
2616.0,104.64,2.0,9.292933843966443,-21.37358383866569,9.292933843966443,-21.37358383866569,2.741605920308822,2.971850276552113,0.09652662569906331
2617.0,104.68,2.0,9.250214409748367,-21.312323594121207,9.250214409748367,-21.312323594121207,2.742339075443211,2.971850276552113,0.09652662569906331
2618.0,104.72,2.0,9.207450722328941,-21.25056662640266,9.207450722328941,-21.25056662640266,2.7430722305776003,2.971850276552113,0.09652662569906331
2619.0,104.76,2.0,9.164643933427572,-21.18831154710384,9.164643933427572,-21.18831154710384,2.743805385711989,2.971850276552113,0.09652662569906331
2620.0,104.8,2.0,9.121795194153144,-21.125556975475163,9.121795194153144,-21.125556975475163,2.744538540846378,2.971850276552113,0.09652662569906331
2621.0,104.84,2.0,9.078905654977305,-21.06230153845127,9.078905654977305,-21.06230153845127,2.7452716959807666,2.971850276552113,0.09652662569906331
2622.0,104.88,2.0,9.035976465707783,-20.99854387067847,9.035976465707783,-20.99854387067847,2.746004851115156,2.971850276552113,0.09652662569906331
2623.0,104.92,2.0,8.99300877546172,-20.934282614542067,8.99300877546172,-20.934282614542067,2.7467380062495446,2.971850276552113,0.09652662569906331
2624.0,104.96000000000001,2.0,8.950003732639034,-20.86951642019356,8.950003732639034,-20.86951642019356,2.747471161383934,2.971850276552113,0.09652662569906331
2625.0,105.0,2.0,8.906962484895828,-20.804389443971974,8.906962484895828,-20.804389443971974,2.7482043165183225,2.971850276552113,0.09652662569906331
2626.0,105.04,2.0,8.863886179117811,-20.73890256952419,8.863886179117811,-20.73890256952419,2.7489374716527117,2.971850276552113,0.09652662569906331
2627.0,105.08,2.0,8.820775961393766,-20.673056687349998,8.820775961393766,-20.673056687349998,2.7496706267871005,2.971850276552113,0.09652662569906331
2628.0,105.12,2.0,8.777632976989032,-20.606852694788174,8.777632976989032,-20.606852694788174,2.7504037819214893,2.971850276552113,0.09652662569906331
2629.0,105.16,2.0,8.734458370319038,-20.540291496002336,8.734458370319038,-20.540291496002336,2.751136937055879,2.971850276552113,0.09652662569906331
2630.0,105.2,2.0,8.69125328492285,-20.473374001966683,8.69125328492285,-20.473374001966683,2.7518700921902672,2.971850276552113,0.09652662569906331
2631.0,105.24000000000001,2.0,8.648018863436779,-20.406101130451596,8.648018863436779,-20.406101130451596,2.7526032473246564,2.971850276552113,0.09652662569906331
2632.0,105.28,2.0,8.604756247567984,-20.33847380600912,8.604756247567984,-20.33847380600912,2.7533364024590448,2.971850276552113,0.09652662569906331
2633.0,105.32000000000001,2.0,8.561466578068151,-20.270492959958286,8.561466578068151,-20.270492959958286,2.754069557593434,2.971850276552113,0.09652662569906331
2634.0,105.36,2.0,8.518150994707181,-20.202159530370313,8.518150994707181,-20.202159530370313,2.754802712727823,2.971850276552113,0.09652662569906331
2635.0,105.4,2.0,8.47481063624692,-20.133474462053663,8.47481063624692,-20.133474462053663,2.7555358678622115,2.971850276552113,0.09652662569906331
2636.0,105.44,2.0,8.43144664041493,-20.064438706538965,8.43144664041493,-20.064438706538965,2.7562690229966007,2.971850276552113,0.09652662569906331
2637.0,105.48,2.0,8.388060143878285,-19.99505322206382,8.388060143878285,-19.99505322206382,2.75700217813099,2.971850276552113,0.09652662569906331
2638.0,105.52,2.0,8.344652282217433,-19.92531897355744,8.344652282217433,-19.92531897355744,2.7577353332653782,2.971850276552113,0.09652662569906331
2639.0,105.56,2.0,8.301224189900058,-19.855236932625182,8.301224189900058,-19.855236932625182,2.758468488399768,2.971850276552113,0.09652662569906331
2640.0,105.60000000000001,2.0,8.257777000255004,-19.78480807753292,8.257777000255004,-19.78480807753292,2.7592016435341566,2.971850276552113,0.09652662569906331
2641.0,105.64,2.0,8.21431184544624,-19.714033393191308,8.21431184544624,-19.714033393191308,2.7599347986685454,2.971850276552113,0.09652662569906331
2642.0,105.68,2.0,8.17082985644685,-19.642913871139903,8.17082985644685,-19.642913871139903,2.760667953802934,2.971850276552113,0.09652662569906331
2643.0,105.72,2.0,8.127332163013088,-19.571450509531147,8.127332163013088,-19.571450509531147,2.761401108937324,2.971850276552113,0.09652662569906331
2644.0,105.76,2.0,8.083819893658431,-19.49964431311421,8.083819893658431,-19.49964431311421,2.762134264071712,2.971850276552113,0.09652662569906331
2645.0,105.8,2.0,8.040294175627732,-19.427496293218738,8.040294175627732,-19.427496293218738,2.7628674192061013,2.971850276552113,0.09652662569906331
2646.0,105.84,2.0,7.996756134871361,-19.355007467738396,7.996756134871361,-19.355007467738396,2.7636005743404906,2.971850276552113,0.09652662569906331
2647.0,105.88,2.0,7.953206896019425,-19.28217886111437,7.953206896019425,-19.28217886111437,2.7643337294748793,2.971850276552113,0.09652662569906331
2648.0,105.92,2.0,7.909647582356011,-19.209011504318667,7.909647582356011,-19.209011504318667,2.765066884609268,2.971850276552113,0.09652662569906331
2649.0,105.96000000000001,2.0,7.866079315793485,-19.1355064348373,7.866079315793485,-19.1355064348373,2.7658000397436564,2.971850276552113,0.09652662569906331
2650.0,106.0,2.0,7.822503216846829,-19.061664696653374,7.822503216846829,-19.061664696653374,2.7665331948780456,2.971850276552113,0.09652662569906331
2651.0,106.04,2.0,7.77892040460802,-18.987487340229993,7.77892040460802,-18.987487340229993,2.767266350012435,2.971850276552113,0.09652662569906331
2652.0,106.08,2.0,7.735331996720473,-18.912975422493062,7.735331996720473,-18.912975422493062,2.7679995051468236,2.971850276552113,0.09652662569906331
2653.0,106.12,2.0,7.691739109353497,-18.838130006813977,7.691739109353497,-18.838130006813977,2.7687326602812123,2.971850276552113,0.09652662569906331
2654.0,106.16,2.0,7.648142857176832,-18.762952162992132,7.648142857176832,-18.762952162992132,2.769465815415601,2.971850276552113,0.09652662569906331
2655.0,106.2,2.0,7.604544353335213,-18.687442967237356,7.604544353335213,-18.687442967237356,2.7701989705499903,2.971850276552113,0.09652662569906331
2656.0,106.24000000000001,2.0,7.560944709422988,-18.611603502152175,7.560944709422988,-18.611603502152175,2.7709321256843795,2.971850276552113,0.09652662569906331
2657.0,106.28,2.0,7.51734503545878,-18.535434856713973,7.51734503545878,-18.535434856713973,2.7716652808187687,2.971850276552113,0.09652662569906331
2658.0,106.32000000000001,2.0,7.4737464398602045,-18.458938126257003,7.4737464398602045,-18.458938126257003,2.772398435953157,2.971850276552113,0.09652662569906331
2659.0,106.36,2.0,7.43015002941864,-18.382114412454296,7.43015002941864,-18.382114412454296,2.7731315910875463,2.971850276552113,0.09652662569906331
2660.0,106.4,2.0,7.386556909274025,-18.304964823299414,7.386556909274025,-18.304964823299414,2.7738647462219346,2.971850276552113,0.09652662569906331
2661.0,106.44,2.0,7.342968182889739,-18.227490473088093,7.342968182889739,-18.227490473088093,2.774597901356324,2.971850276552113,0.09652662569906331
2662.0,106.48,2.0,7.29938495202751,-18.149692482399757,7.29938495202751,-18.149692482399757,2.7753310564907125,2.971850276552113,0.09652662569906331
2663.0,106.52,2.0,7.255808316722382,-18.071571978078886,7.255808316722382,-18.071571978078886,2.7760642116251018,2.971850276552113,0.09652662569906331
2664.0,106.56,2.0,7.212239375257734,-17.99313009321629,7.212239375257734,-17.99313009321629,2.7767973667594905,2.971850276552113,0.09652662569906331
2665.0,106.60000000000001,2.0,7.168679224140357,-17.91436796713024,7.168679224140357,-17.91436796713024,2.7775305218938793,2.971850276552113,0.09652662569906331
2666.0,106.64,2.0,7.125128958075576,-17.835286745347453,7.125128958075576,-17.835286745347453,2.7782636770282685,2.971850276552113,0.09652662569906331
2667.0,106.68,2.0,7.081589669942427,-17.755887579583995,7.081589669942427,-17.755887579583995,2.778996832162657,2.971850276552113,0.09652662569906331
2668.0,106.72,2.0,7.0380624507688925,-17.67617162772601,7.0380624507688925,-17.67617162772601,2.779729987297047,2.971850276552113,0.09652662569906331
2669.0,106.76,2.0,6.994548389707193,-17.596140053810377,6.994548389707193,-17.596140053810377,2.780463142431435,2.971850276552113,0.09652662569906331
2670.0,106.8,2.0,6.951048574009127,-17.515794028005185,6.951048574009127,-17.515794028005185,2.7811962975658244,2.971850276552113,0.09652662569906331
2671.0,106.84,2.0,6.907564089001472,-17.43513472659013,6.907564089001472,-17.43513472659013,2.7819294527002127,2.971850276552113,0.09652662569906331
2672.0,106.88,2.0,6.864096018061442,-17.35416333193678,6.864096018061442,-17.35416333193678,2.782662607834602,2.971850276552113,0.09652662569906331
2673.0,106.92,2.0,6.820645442592199,-17.272881032488662,6.820645442592199,-17.272881032488662,2.7833957629689907,2.971850276552113,0.09652662569906331
2674.0,106.96000000000001,2.0,6.777213441998432,-17.191289022741334,6.777213441998432,-17.191289022741334,2.7841289181033795,2.971850276552113,0.09652662569906331
2675.0,107.0,2.0,6.7338010936619686,-17.10938850322223,6.7338010936619686,-17.10938850322223,2.7848620732377687,2.971850276552113,0.09652662569906331
2676.0,107.04,2.0,6.690409472917486,-17.027180680470433,6.690409472917486,-17.027180680470433,2.7855952283721575,2.971850276552113,0.09652662569906331
2677.0,107.08,2.0,6.647039653028235,-16.94466676701632,6.647039653028235,-16.94466676701632,2.786328383506546,2.971850276552113,0.09652662569906331
2678.0,107.12,2.0,6.60369270516187,-16.861847981361088,6.60369270516187,-16.861847981361088,2.787061538640935,2.971850276552113,0.09652662569906331
2679.0,107.16,2.0,6.560369698366294,-16.77872554795613,6.560369698366294,-16.77872554795613,2.7877946937753237,2.971850276552113,0.09652662569906331
2680.0,107.2,2.0,6.517071699545605,-16.695300697182358,6.517071699545605,-16.695300697182358,2.788527848909713,2.971850276552113,0.09652662569906331
2681.0,107.24000000000001,2.0,6.473799773436069,-16.611574665329304,6.473799773436069,-16.611574665329304,2.7892610040441017,2.971850276552113,0.09652662569906331
2682.0,107.28,2.0,6.430554982582183,-16.527548694574204,6.430554982582183,-16.527548694574204,2.789994159178491,2.971850276552113,0.09652662569906331
2683.0,107.32000000000001,2.0,6.387338387312782,-16.4432240329609,6.387338387312782,-16.4432240329609,2.79072731431288,2.971850276552113,0.09652662569906331
2684.0,107.36,2.0,6.344151045717219,-16.358601934378626,6.344151045717219,-16.358601934378626,2.791460469447269,2.971850276552113,0.09652662569906331
2685.0,107.4,2.0,6.300994013621601,-16.273683658540712,6.300994013621601,-16.273683658540712,2.7921936245816577,2.971850276552113,0.09652662569906331
2686.0,107.44,2.0,6.257868344565091,-16.188470470963132,6.257868344565091,-16.188470470963132,2.792926779716047,2.971850276552113,0.09652662569906331
2687.0,107.48,2.0,6.214775089776284,-16.10296364294295,6.214775089776284,-16.10296364294295,2.793659934850435,2.971850276552113,0.09652662569906331
2688.0,107.52,2.0,6.1717152981496275,-16.017164451536633,6.1717152981496275,-16.017164451536633,2.7943930899848244,2.971850276552113,0.09652662569906331
2689.0,107.56,2.0,6.128690016221928,-15.931074179538289,6.128690016221928,-15.931074179538289,2.795126245119213,2.971850276552113,0.09652662569906331
2690.0,107.60000000000001,2.0,6.085700288148916,-15.844694115457736,6.085700288148916,-15.844694115457736,2.795859400253602,2.971850276552113,0.09652662569906331
2691.0,107.64,2.0,6.042747155681866,-15.758025553498472,6.042747155681866,-15.758025553498472,2.796592555387991,2.971850276552113,0.09652662569906331
2692.0,107.68,2.0,5.9998316581443065,-15.671069793535562,5.9998316581443065,-15.671069793535562,2.7973257105223794,2.971850276552113,0.09652662569906331
2693.0,107.72,2.0,5.956954832408775,-15.583828141093347,5.956954832408775,-15.583828141093347,2.798058865656769,2.971850276552113,0.09652662569906331
2694.0,107.76,2.0,5.914117712873658,-15.496301907323106,5.914117712873658,-15.496301907323106,2.7987920207911583,2.971850276552113,0.09652662569906331
2695.0,107.8,2.0,5.871321331440085,-15.408492408980539,5.871321331440085,-15.408492408980539,2.7995251759255466,2.971850276552113,0.09652662569906331
2696.0,107.84,2.0,5.828566717488904,-15.320400968403192,5.828566717488904,-15.320400968403192,2.800258331059936,2.971850276552113,0.09652662569906331
2697.0,107.88,2.0,5.785854897857717,-15.232028913487722,5.785854897857717,-15.232028913487722,2.800991486194324,2.971850276552113,0.09652662569906331
2698.0,107.92,2.0,5.743186896817994,-15.143377577667078,5.743186896817994,-15.143377577667078,2.8017246413287133,2.971850276552113,0.09652662569906331
2699.0,107.96000000000001,2.0,5.700563736052248,-15.054448299887568,5.700563736052248,-15.054448299887568,2.8024577964631017,2.971850276552113,0.09652662569906331
2700.0,108.0,2.0,5.65798643463129,-14.965242424585785,5.65798643463129,-14.965242424585785,2.803190951597491,2.971850276552113,0.09652662569906331
2701.0,108.04,2.0,5.615456008991546,-14.87576130166546,5.615456008991546,-14.87576130166546,2.80392410673188,2.971850276552113,0.09652662569906331
2702.0,108.08,2.0,5.572973472912456,-14.786006286474171,5.572973472912456,-14.786006286474171,2.8046572618662693,2.971850276552113,0.09652662569906331
2703.0,108.12,2.0,5.53053983749394,-14.695978739779962,5.53053983749394,-14.695978739779962,2.8053904170006576,2.971850276552113,0.09652662569906331
2704.0,108.16,2.0,5.4881561111339305,-14.605680027747837,5.4881561111339305,-14.605680027747837,2.806123572135047,2.971850276552113,0.09652662569906331
2705.0,108.2,2.0,5.4458232995059985,-14.515111521916157,5.4458232995059985,-14.515111521916157,2.806856727269435,2.971850276552113,0.09652662569906331
2706.0,108.24000000000001,2.0,5.403542405537025,-14.42427459917291,5.403542405537025,-14.42427459917291,2.8075898824038243,2.971850276552113,0.09652662569906331
2707.0,108.28,2.0,5.361314429384973,-14.333170641731886,5.361314429384973,-14.333170641731886,2.808323037538213,2.971850276552113,0.09652662569906331
2708.0,108.32000000000001,2.0,5.3191403684167184,-14.24180103710874,5.3191403684167184,-14.24180103710874,2.809056192672602,2.971850276552113,0.09652662569906331
2709.0,108.36,2.0,5.277021217185962,-14.150167178096943,5.277021217185962,-14.150167178096943,2.809789347806991,2.971850276552113,0.09652662569906331
2710.0,108.4,2.0,5.2349579674112166,-14.05827046274362,5.2349579674112166,-14.05827046274362,2.81052250294138,2.971850276552113,0.09652662569906331
2711.0,108.44,2.0,5.192951607953867,-13.966112294325292,5.192951607953867,-13.966112294325292,2.8112556580757686,2.971850276552113,0.09652662569906331
2712.0,108.48,2.0,5.151003124796315,-13.873694081323503,5.151003124796315,-13.873694081323503,2.8119888132101583,2.971850276552113,0.09652662569906331
2713.0,108.52,2.0,5.109113501020194,-13.781017237400352,5.109113501020194,-13.781017237400352,2.8127219683445466,2.971850276552113,0.09652662569906331
2714.0,108.56,2.0,5.067283716784661,-13.688083181373885,5.067283716784661,-13.688083181373885,2.8134551234789353,2.971850276552113,0.09652662569906331
2715.0,108.60000000000001,2.0,5.025514749304773,-13.594893337193437,5.025514749304773,-13.594893337193437,2.814188278613324,2.971850276552113,0.09652662569906331
2716.0,108.64,2.0,4.983807572829936,-13.501449133914806,4.983807572829936,-13.501449133914806,2.814921433747713,2.971850276552113,0.09652662569906331
2717.0,108.68,2.0,4.942163158622435,-13.407752005675377,4.942163158622435,-13.407752005675377,2.8156545888821025,2.971850276552113,0.09652662569906331
2718.0,108.72,2.0,4.900582474936048,-13.313803391669099,4.900582474936048,-13.313803391669099,2.8163877440164913,2.971850276552113,0.09652662569906331
2719.0,108.76,2.0,4.859066486994729,-13.219604736121386,4.859066486994729,-13.219604736121386,2.81712089915088,2.971850276552113,0.09652662569906331
2720.0,108.8,2.0,4.817616156971386,-13.12515748826391,4.817616156971386,-13.12515748826391,2.8178540542852684,2.971850276552113,0.09652662569906331
2721.0,108.84,2.0,4.776232443966724,-13.030463102309275,4.776232443966724,-13.030463102309275,2.818587209419658,2.971850276552113,0.09652662569906331
2722.0,108.88,2.0,4.734916303988186,-12.935523037425591,4.734916303988186,-12.935523037425591,2.8193203645540468,2.971850276552113,0.09652662569906331
2723.0,108.92,2.0,4.693668689928955,-12.840338757710992,4.693668689928955,-12.840338757710992,2.8200535196884355,2.971850276552113,0.09652662569906331
2724.0,108.96000000000001,2.0,4.65249055154707,-12.744911732167964,4.65249055154707,-12.744911732167964,2.8207866748228243,2.971850276552113,0.09652662569906331
2725.0,109.0,2.0,4.611382835444582,-12.649243434677661,4.611382835444582,-12.649243434677661,2.8215198299572135,2.971850276552113,0.09652662569906331
2726.0,109.04,2.0,4.570346485046835,-12.55333534397407,4.570346485046835,-12.55333534397407,2.822252985091602,2.971850276552113,0.09652662569906331
2727.0,109.08,2.0,4.529382440581805,-12.457188943618082,4.529382440581805,-12.457188943618082,2.8229861402259915,2.971850276552113,0.09652662569906331
2728.0,109.12,2.0,4.488491639059526,-12.36080572197147,4.488491639059526,-12.36080572197147,2.82371929536038,2.971850276552113,0.09652662569906331
2729.0,109.16,2.0,4.44767501425161,-12.264187172170786,4.44767501425161,-12.264187172170786,2.8244524504947686,2.971850276552113,0.09652662569906331
2730.0,109.2,2.0,4.406933496670846,-12.167334792101112,4.406933496670846,-12.167334792101112,2.8251856056291573,2.971850276552113,0.09652662569906331
2731.0,109.24000000000001,2.0,4.366268013550881,-12.070250084369764,4.366268013550881,-12.070250084369764,2.8259187607635465,2.971850276552113,0.09652662569906331
2732.0,109.28,2.0,4.325679488825996,-11.972934556279862,4.325679488825996,-11.972934556279862,2.8266519158979353,2.971850276552113,0.09652662569906331
2733.0,109.32000000000001,2.0,4.285168843110956,-11.875389719803827,4.285168843110956,-11.875389719803827,2.827385071032324,2.971850276552113,0.09652662569906331
2734.0,109.36,2.0,4.244736993680961,-11.777617091556765,4.244736993680961,-11.777617091556765,2.8281182261667133,2.971850276552113,0.09652662569906331
2735.0,109.4,2.0,4.204384854451668,-11.679618192769768,4.204384854451668,-11.679618192769768,2.8288513813011016,2.971850276552113,0.09652662569906331
2736.0,109.44,2.0,4.164113335959317,-11.581394549263104,4.164113335959317,-11.581394549263104,2.829584536435491,2.971850276552113,0.09652662569906331
2737.0,109.48,2.0,4.123923345340932,-11.48294769141932,4.123923345340932,-11.48294769141932,2.83031769156988,2.971850276552113,0.09652662569906331
2738.0,109.52,2.0,4.083815786314616,-11.384279154156273,4.083815786314616,-11.384279154156273,2.8310508467042683,2.971850276552113,0.09652662569906331
2739.0,109.56,2.0,4.043791559159936,-11.285390476900005,4.043791559159936,-11.285390476900005,2.831784001838657,2.971850276552113,0.09652662569906331
2740.0,109.60000000000001,2.0,4.003851560698391,-11.18628320355761,4.003851560698391,-11.18628320355761,2.8325171569730467,2.971850276552113,0.09652662569906331
2741.0,109.64,2.0,3.963996684273979,-11.086958882489927,3.963996684273979,-11.086958882489927,2.833250312107435,2.971850276552113,0.09652662569906331
2742.0,109.68,2.0,3.9242278197338476,-10.987419066484193,3.9242278197338476,-10.987419066484193,2.8339834672418243,2.971850276552113,0.09652662569906331
2743.0,109.72,2.0,3.88454585340903,-10.887665312726591,3.88454585340903,-10.887665312726591,2.8347166223762126,2.971850276552113,0.09652662569906331
2744.0,109.76,2.0,3.844951668095289,-10.78769918277469,3.844951668095289,-10.78769918277469,2.835449777510602,2.971850276552113,0.09652662569906331
2745.0,109.8,2.0,3.805446143034031,-10.68752224252981,3.805446143034031,-10.68752224252981,2.836182932644991,2.971850276552113,0.09652662569906331
2746.0,109.84,2.0,3.766030153893332,-10.587136062209312,3.766030153893332,-10.587136062209312,2.8369160877793793,2.971850276552113,0.09652662569906331
2747.0,109.88,2.0,3.7267045727490347,-10.48654221631875,3.7267045727490347,-10.48654221631875,2.8376492429137685,2.971850276552113,0.09652662569906331
2748.0,109.92,2.0,3.6874702680659586,-10.38574228362399,3.6874702680659586,-10.38574228362399,2.838382398048157,2.971850276552113,0.09652662569906331
2749.0,109.96000000000001,2.0,3.648328104679189,-10.2847378471232,3.648328104679189,-10.2847378471232,2.839115553182546,2.971850276552113,0.09652662569906331
2750.0,110.0,2.0,3.609278943775465,-10.183530494018765,3.609278943775465,-10.183530494018765,2.8398487083169353,2.971850276552113,0.09652662569906331
2751.0,110.04,2.0,3.570323642874658,-10.082121815689126,3.570323642874658,-10.082121815689126,2.840581863451324,2.971850276552113,0.09652662569906331
2752.0,110.08,2.0,3.5314630558113493,-9.980513407660515,3.5314630558113493,-9.980513407660515,2.8413150185857132,2.971850276552113,0.09652662569906331
2753.0,110.12,2.0,3.4926980327164987,-9.878706869578604,3.4926980327164987,-9.878706869578604,2.842048173720102,2.971850276552113,0.09652662569906331
2754.0,110.16,2.0,3.4540294199992037,-9.776703805180084,3.4540294199992037,-9.776703805180084,2.8427813288544908,2.971850276552113,0.09652662569906331
2755.0,110.2,2.0,3.4154580603285645,-9.67450582226414,3.4154580603285645,-9.67450582226414,2.8435144839888795,2.971850276552113,0.09652662569906331
2756.0,110.24000000000001,2.0,3.3769847926156378,-9.572114532663852,3.3769847926156378,-9.572114532663852,2.8442476391232683,2.971850276552113,0.09652662569906331
2757.0,110.28,2.0,3.3386104519954816,-9.469531552217514,3.3386104519954816,-9.469531552217514,2.8449807942576575,2.971850276552113,0.09652662569906331
2758.0,110.32000000000001,2.0,3.30033586980931,-9.366758500739854,3.30033586980931,-9.366758500739854,2.845713949392046,2.971850276552113,0.09652662569906331
2759.0,110.36,2.0,3.2621618735867335,-9.263797001993188,3.2621618735867335,-9.263797001993188,2.846447104526435,2.971850276552113,0.09652662569906331
2760.0,110.4,2.0,3.224089287028098,-9.160648683658485,3.224089287028098,-9.160648683658485,2.8471802596608238,2.971850276552113,0.09652662569906331
2761.0,110.44,2.0,3.186118929986928,-9.057315177306341,3.186118929986928,-9.057315177306341,2.8479134147952125,2.971850276552113,0.09652662569906331
2762.0,110.48,2.0,3.148251618452459,-8.953798118367889,3.148251618452459,-8.953798118367889,2.8486465699296013,2.971850276552113,0.09652662569906331
2763.0,110.52,2.0,3.1104881645322737,-8.85009914610561,3.1104881645322737,-8.85009914610561,2.84937972506399,2.971850276552113,0.09652662569906331
2764.0,110.56,2.0,3.072829376435035,-8.74621990358408,3.072829376435035,-8.74621990358408,2.8501128801983793,2.971850276552113,0.09652662569906331
2765.0,110.60000000000001,2.0,3.03527605845332,-8.642162037640624,3.03527605845332,-8.642162037640624,2.8508460353327685,2.971850276552113,0.09652662569906331
2766.0,110.64,2.0,2.997829010946549,-8.537927198855895,2.997829010946549,-8.537927198855895,2.851579190467157,2.971850276552113,0.09652662569906331
2767.0,110.68,2.0,2.9604890303240166,-8.433517041524379,2.9604890303240166,-8.433517041524379,2.852312345601546,2.971850276552113,0.09652662569906331
2768.0,110.72,2.0,2.9232569090280265,-8.328933223624812,2.9232569090280265,-8.328933223624812,2.853045500735935,2.971850276552113,0.09652662569906331
2769.0,110.76,2.0,2.88613343551712,-8.224177406790533,2.88613343551712,-8.224177406790533,2.8537786558703235,2.971850276552113,0.09652662569906331
2770.0,110.8,2.0,2.849119394249412,-8.119251256279748,2.849119394249412,-8.119251256279748,2.8545118110047127,2.971850276552113,0.09652662569906331
2771.0,110.84,2.0,2.8122155656660186,-8.014156440945719,2.8122155656660186,-8.014156440945719,2.855244966139102,2.971850276552113,0.09652662569906331
2772.0,110.88,2.0,2.775422726174602,-7.908894633206884,2.775422726174602,-7.908894633206884,2.8559781212734903,2.971850276552113,0.09652662569906331
2773.0,110.92,2.0,2.738741648132997,-7.803467509016897,2.738741648132997,-7.803467509016897,2.8567112764078795,2.971850276552113,0.09652662569906331
2774.0,110.96000000000001,2.0,2.702173099832959,-7.69787674783459,2.702173099832959,-7.69787674783459,2.8574444315422682,2.971850276552113,0.09652662569906331
2775.0,111.0,2.0,2.665717845484,-7.592124032593872,2.665717845484,-7.592124032593872,2.858177586676657,2.971850276552113,0.09652662569906331
2776.0,111.04,2.0,2.6293766451973366,-7.48621104967354,2.6293766451973366,-7.48621104967354,2.858910741811046,2.971850276552113,0.09652662569906331
2777.0,111.08,2.0,2.593150254969936,-7.3801394888670275,2.593150254969936,-7.3801394888670275,2.859643896945435,2.971850276552113,0.09652662569906331
2778.0,111.12,2.0,2.5570394266686685,-7.273911043352078,2.5570394266686685,-7.273911043352078,2.8603770520798237,2.971850276552113,0.09652662569906331
2779.0,111.16,2.0,2.521044908014564,-7.167527409660344,2.521044908014564,-7.167527409660344,2.8611102072142125,2.971850276552113,0.09652662569906331
2780.0,111.2,2.0,2.4851674425671666,-7.060990287646918,2.4851674425671666,-7.060990287646918,2.8618433623486013,2.971850276552113,0.09652662569906331
2781.0,111.24000000000001,2.0,2.4494077697090058,-6.954301380459792,2.4494077697090058,-6.954301380459792,2.86257651748299,2.971850276552113,0.09652662569906331
2782.0,111.28,2.0,2.413766624630158,-6.84746239450924,2.413766624630158,-6.84746239450924,2.8633096726173792,2.971850276552113,0.09652662569906331
2783.0,111.32000000000001,2.0,2.3782447383129277,-6.740475039437156,2.3782447383129277,-6.740475039437156,2.8640428277517684,2.971850276552113,0.09652662569906331
2784.0,111.36,2.0,2.34284283751662,-6.633341028086281,2.34284283751662,-6.633341028086281,2.8647759828861568,2.971850276552113,0.09652662569906331
2785.0,111.4,2.0,2.3075616447624334,-6.5260620764694,2.3075616447624334,-6.5260620764694,2.8655091380205455,2.971850276552113,0.09652662569906331
2786.0,111.44,2.0,2.272401878318443,-6.418639903738457,2.272401878318443,-6.418639903738457,2.8662422931549343,2.971850276552113,0.09652662569906331
2787.0,111.48,2.0,2.2373642521847072,-6.311076232153602,2.2373642521847072,-6.311076232153602,2.8669754482893235,2.971850276552113,0.09652662569906331
2788.0,111.52,2.0,2.202449476078465,-6.203372787052164,2.202449476078465,-6.203372787052164,2.8677086034237127,2.971850276552113,0.09652662569906331
2789.0,111.56,2.0,2.167658255419454,-6.095531296817577,2.167658255419454,-6.095531296817577,2.868441758558101,2.971850276552113,0.09652662569906331
2790.0,111.60000000000001,2.0,2.1329912913153235,-5.987553492848228,2.1329912913153235,-5.987553492848228,2.8691749136924902,2.971850276552113,0.09652662569906331
2791.0,111.64,2.0,2.0984492805471664,-5.879441109526239,2.0984492805471664,-5.879441109526239,2.8699080688268785,2.971850276552113,0.09652662569906331
2792.0,111.68,2.0,2.064032915555153,-5.771195884186192,2.064032915555153,-5.771195884186192,2.8706412239612678,2.971850276552113,0.09652662569906331
2793.0,111.72,2.0,2.0297428844242718,-5.6628195570837905,2.0297428844242718,-5.6628195570837905,2.871374379095657,2.971850276552113,0.09652662569906331
2794.0,111.76,2.0,1.9955798708701835,-5.554313871364447,1.9955798708701835,-5.554313871364447,2.872107534230046,2.971850276552113,0.09652662569906331
2795.0,111.8,2.0,1.961544554225182,-5.445680573031823,1.961544554225182,-5.445680573031823,2.8728406893644345,2.971850276552113,0.09652662569906331
2796.0,111.84,2.0,1.9276376094242622,-5.336921410916297,1.9276376094242622,-5.336921410916297,2.8735738444988237,2.971850276552113,0.09652662569906331
2797.0,111.88,2.0,1.8938597069913008,-5.228038136643381,1.8938597069913008,-5.228038136643381,2.8743069996332125,2.971850276552113,0.09652662569906331
2798.0,111.92,2.0,1.8602115130253452,-5.119032504602062,1.8602115130253452,-5.119032504602062,2.875040154767601,2.971850276552113,0.09652662569906331
2799.0,111.96000000000001,2.0,1.8266936891870118,-5.009906271913102,1.8266936891870118,-5.009906271913102,2.8757733099019904,2.971850276552113,0.09652662569906331
2800.0,112.0,2.0,1.7933068926849973,-4.9006611983972626,1.7933068926849973,-4.9006611983972626,2.876506465036379,2.971850276552113,0.09652662569906331
2801.0,112.04,2.0,1.7600517762626955,-4.791299046543483,1.7600517762626955,-4.791299046543483,2.877239620170768,2.971850276552113,0.09652662569906331
2802.0,112.08,2.0,1.726928988184932,-4.681821581476994,1.726928988184932,-4.681821581476994,2.8779727753051563,2.971850276552113,0.09652662569906331
2803.0,112.12,2.0,1.693939172224803,-4.5722305709273705,1.693939172224803,-4.5722305709273705,2.8787059304395455,2.971850276552113,0.09652662569906331
2804.0,112.16,2.0,1.6610829676506307,-4.462527785196544,1.6610829676506307,-4.462527785196544,2.8794390855739342,2.971850276552113,0.09652662569906331
2805.0,112.2,2.0,1.6283610092130274,-4.352714997126737,1.6283610092130274,-4.352714997126737,2.880172240708323,2.971850276552113,0.09652662569906331
2806.0,112.24000000000001,2.0,1.595773927132074,-4.242793982068363,1.595773927132074,-4.242793982068363,2.880905395842712,2.971850276552113,0.09652662569906331
2807.0,112.28,2.0,1.5633223470846078,-4.132766517847849,1.5633223470846078,-4.132766517847849,2.881638550977101,2.971850276552113,0.09652662569906331
2808.0,112.32000000000001,2.0,1.5310068901916243,-4.022634384735429,1.5310068901916243,-4.022634384735429,2.8823717061114897,2.971850276552113,0.09652662569906331
2809.0,112.36,2.0,1.498828173005794,-3.912399365412868,1.498828173005794,-3.912399365412868,2.8831048612458785,2.971850276552113,0.09652662569906331
2810.0,112.4,2.0,1.4667868074990877,-3.802063244941129,1.4667868074990877,-3.802063244941129,2.8838380163802677,2.971850276552113,0.09652662569906331
2811.0,112.44,2.0,1.434883401050518,-3.6916278107280074,1.434883401050518,-3.6916278107280074,2.8845711715146565,2.971850276552113,0.09652662569906331
2812.0,112.48,2.0,1.403118556433994,-3.5810948524956934,1.403118556433994,-3.5810948524956934,2.8853043266490452,2.971850276552113,0.09652662569906331
2813.0,112.52,2.0,1.3714928718062902,-3.4704661622482944,1.3714928718062902,-3.4704661622482944,2.886037481783434,2.971850276552113,0.09652662569906331
2814.0,112.56,2.0,1.340006940695126,-3.359743534239306,1.340006940695126,-3.359743534239306,2.8867706369178237,2.971850276552113,0.09652662569906331
2815.0,112.60000000000001,2.0,1.3086613519873653,-3.2489287649390293,1.3086613519873653,-3.2489287649390293,2.887503792052212,2.971850276552113,0.09652662569906331
2816.0,112.64,2.0,1.2774566899173256,-3.1380236530019423,1.2774566899173256,-3.1380236530019423,2.888236947186601,2.971850276552113,0.09652662569906331
2817.0,112.68,2.0,1.246393534055204,-3.027029999234024,1.246393534055204,-3.027029999234024,2.8889701023209895,2.971850276552113,0.09652662569906331
2818.0,112.72,2.0,1.2154724592956179,-2.915949606560025,1.2154724592956179,-2.915949606560025,2.8897032574553787,2.971850276552113,0.09652662569906331
2819.0,112.76,2.0,1.1846940358462612,-2.8047842799907,1.1846940358462612,-2.8047842799907,2.890436412589768,2.971850276552113,0.09652662569906331
2820.0,112.8,2.0,1.1540588292166745,-2.6935358265899834,1.1540588292166745,-2.6935358265899834,2.8911695677241562,2.971850276552113,0.09652662569906331
2821.0,112.84,2.0,1.1235674002071332,-2.5822060554421267,1.1235674002071332,-2.5822060554421267,2.8919027228585454,2.971850276552113,0.09652662569906331
2822.0,112.88,2.0,1.0932203048976505,-2.4707967776187894,1.0932203048976505,-2.4707967776187894,2.8926358779929338,2.971850276552113,0.09652662569906331
2823.0,112.92,2.0,1.0630180946370948,-2.3593098061460807,1.0630180946370948,-2.3593098061460807,2.8933690331273234,2.971850276552113,0.09652662569906331
2824.0,112.96000000000001,2.0,1.0329613160324265,-2.2477469559715626,1.0329613160324265,-2.2477469559715626,2.894102188261712,2.971850276552113,0.09652662569906331
2825.0,113.0,2.0,1.0030505109380496,-2.136110043931208,1.0030505109380496,-2.136110043931208,2.894835343396101,2.971850276552113,0.09652662569906331
2826.0,113.04,2.0,0.9732862164452798,-2.0244008887163156,0.9732862164452798,-2.0244008887163156,2.8955684985304897,2.971850276552113,0.09652662569906331
2827.0,113.08,2.0,0.943668964871931,-1.912621310840381,0.943668964871931,-1.912621310840381,2.896301653664879,2.971850276552113,0.09652662569906331
2828.0,113.12,2.0,0.9141992837520168,-1.8007731326059315,0.9141992837520168,-1.8007731326059315,2.8970348087992672,2.971850276552113,0.09652662569906331
2829.0,113.16,2.0,0.8848776958255725,-1.6888581780713146,0.8848776958255725,-1.6888581780713146,2.8977679639336564,2.971850276552113,0.09652662569906331
2830.0,113.2,2.0,0.8557047190285915,-1.5768782730174498,0.8557047190285915,-1.5768782730174498,2.8985011190680448,2.971850276552113,0.09652662569906331
2831.0,113.24000000000001,2.0,0.8266808664830819,-1.4648352449145414,0.8266808664830819,-1.4648352449145414,2.899234274202434,2.971850276552113,0.09652662569906331
2832.0,113.28,2.0,0.7978066464872396,-1.3527309228887483,0.7978066464872396,-1.3527309228887483,2.8999674293368227,2.971850276552113,0.09652662569906331
2833.0,113.32000000000001,2.0,0.769082562505741,-1.240567137688821,0.769082562505741,-1.240567137688821,2.900700584471212,2.971850276552113,0.09652662569906331
2834.0,113.36,2.0,0.7405091131601523,-1.1283457216526982,0.7405091131601523,-1.1283457216526982,2.9014337396056007,2.971850276552113,0.09652662569906331
2835.0,113.4,2.0,0.712086792219459,-1.0160685086740666,0.712086792219459,-1.0160685086740666,2.9021668947399895,2.971850276552113,0.09652662569906331
2836.0,113.44,2.0,0.6838160885907139,-0.9037373341688854,0.6838160885907139,-0.9037373341688854,2.9029000498743787,2.971850276552113,0.09652662569906331
2837.0,113.48,2.0,0.655697486309803,-0.7913540350418748,0.655697486309803,-0.7913540350418748,2.903633205008767,2.971850276552113,0.09652662569906331
2838.0,113.52,2.0,0.6277314645323325,-0.6789204496529705,0.6277314645323325,-0.6789204496529705,2.9043663601431557,2.971850276552113,0.09652662569906331
2839.0,113.56,2.0,0.5999184975246332,-0.5664384177837422,0.5999184975246332,-0.5664384177837422,2.9050995152775454,2.971850276552113,0.09652662569906331
2840.0,113.60000000000001,2.0,0.5722590546548852,-0.4539097806037804,0.5722590546548852,-0.4539097806037804,2.9058326704119337,2.971850276552113,0.09652662569906331
2841.0,113.64,2.0,0.5447536003843627,-0.34133638063704974,0.5447536003843627,-0.34133638063704974,2.906565825546323,2.971850276552113,0.09652662569906331
2842.0,113.68,2.0,0.5174025942587982,-0.2287200617282097,0.5174025942587982,-0.2287200617282097,2.907298980680712,2.971850276552113,0.09652662569906331
2843.0,113.72,2.0,0.49020649089986673,-0.1160626690089039,0.49020649089986673,-0.1160626690089039,2.9080321358151004,2.971850276552113,0.09652662569906331
2844.0,113.76,2.0,0.4631657399967907,-0.0033660488640192133,0.4631657399967907,-0.0033660488640192133,2.9087652909494897,2.971850276552113,0.09652662569906331
2845.0,113.8,2.0,0.43628078629806477,0.10936795110208632,0.43628078629806477,0.10936795110208632,2.909498446083879,2.971850276552113,0.09652662569906331
2846.0,113.84,2.0,0.409552069603301,0.22213748209938464,0.409552069603301,0.22213748209938464,2.910231601218267,2.971850276552113,0.09652662569906331
2847.0,113.88,2.0,0.3829800247551953,0.3349406941860077,0.3829800247551953,0.3349406941860077,2.9109647563526564,2.971850276552113,0.09652662569906331
2848.0,113.92,2.0,0.3565650816316148,0.447775736302106,0.3565650816316148,0.447775736302106,2.9116979114870447,2.971850276552113,0.09652662569906331
2849.0,113.96000000000001,2.0,0.33030766513780546,0.5606407563037346,0.33030766513780546,0.5606407563037346,2.912431066621434,2.971850276552113,0.09652662569906331
2850.0,114.0,2.0,0.3042081951987212,0.6735339009967656,0.3042081951987212,0.6735339009967656,2.913164221755823,2.971850276552113,0.09652662569906331
2851.0,114.04,2.0,0.278267086751475,0.7864533161708275,0.278267086751475,0.7864533161708275,2.9138973768902114,2.971850276552113,0.09652662569906331
2852.0,114.08,2.0,0.2524847497379105,0.8993971466332704,0.2524847497379105,0.8993971466332704,2.9146305320246007,2.971850276552113,0.09652662569906331
2853.0,114.12,2.0,0.22686158909729565,1.012363536243155,0.22686158909729565,1.012363536243155,2.915363687158989,2.971850276552113,0.09652662569906331
2854.0,114.16,2.0,0.2013980047591382,1.1253506279452663,0.2013980047591382,1.1253506279452663,2.916096842293378,2.971850276552113,0.09652662569906331
2855.0,114.2,2.0,0.1760943916361227,1.238356563804152,0.1760943916361227,1.238356563804152,2.916829997427767,2.971850276552113,0.09652662569906331
2856.0,114.24000000000001,2.0,0.15095113961717016,1.3513794850381822,0.15095113961717016,1.3513794850381822,2.9175631525621557,2.971850276552113,0.09652662569906331
2857.0,114.28,2.0,0.12596863356061896,1.4644175320536323,0.12596863356061896,1.4644175320536323,2.918296307696545,2.971850276552113,0.09652662569906331
2858.0,114.32000000000001,2.0,0.101147253287529,1.577468844478786,0.101147253287529,1.577468844478786,2.9190294628309337,2.971850276552113,0.09652662569906331
2859.0,114.36,2.0,0.07653016765021584,1.6905315611980631,0.07653016765021584,1.6905315611980631,2.9197626179653224,2.971850276552113,0.09652662569906331
2860.0,114.4,2.0,0.052116796635237876,1.8036038203861624,0.052116796635237876,1.8036038203861624,2.920495773099711,2.971850276552113,0.09652662569906331
2861.0,114.44,2.0,0.027906555879243743,1.916683759542227,0.027906555879243743,1.916683759542227,2.9212289282341,2.971850276552113,0.09652662569906331
2862.0,114.48,2.0,0.003898856690377888,2.02976951552403,0.003898856690377888,2.02976951552403,2.9219620833684896,2.971850276552113,0.09652662569906331
2863.0,114.52,2.0,-0.019906893930222002,2.1428592245821743,-0.019906893930222002,2.1428592245821743,2.922695238502878,2.971850276552113,0.09652662569906331
2864.0,114.56,2.0,-0.043511293266836414,2.255951022394312,-0.043511293266836414,2.255951022394312,2.923428393637267,2.971850276552113,0.09652662569906331
2865.0,114.60000000000001,2.0,-0.06691494286748477,2.3690430440993846,-0.06691494286748477,2.3690430440993846,2.9241615487716555,2.971850276552113,0.09652662569906331
2866.0,114.64,2.0,-0.09011844852215593,2.4821334243318702,-0.09011844852215593,2.4821334243318702,2.9248947039060447,2.971850276552113,0.09652662569906331
2867.0,114.68,2.0,-0.11312242024094926,2.595220297256057,-0.11312242024094926,2.595220297256057,2.9256278590404334,2.971850276552113,0.09652662569906331
2868.0,114.72,2.0,-0.13592747223212667,2.7083017966003218,-0.13592747223212667,2.7083017966003218,2.926361014174822,2.971850276552113,0.09652662569906331
2869.0,114.76,2.0,-0.15853422288007596,2.821376055691432,-0.15853422288007596,2.821376055691432,2.9270941693092114,2.971850276552113,0.09652662569906331
2870.0,114.8,2.0,-0.18094329472318654,2.9344412074888506,-0.18094329472318654,2.9344412074888506,2.9278273244436006,2.971850276552113,0.09652662569906331
2871.0,114.84,2.0,-0.20315531443163753,3.0474953846190656,-0.20315531443163753,3.0474953846190656,2.928560479577989,2.971850276552113,0.09652662569906331
2872.0,114.88,2.0,-0.22517091278509932,3.160536719409923,-0.22517091278509932,3.160536719409923,2.929293634712378,2.971850276552113,0.09652662569906331
2873.0,114.92,2.0,-0.2469907246503484,3.273563343924975,-0.2469907246503484,3.273563343924975,2.9300267898467673,2.971850276552113,0.09652662569906331
2874.0,114.96000000000001,2.0,-0.26861538895879716,3.386573389997835,-0.26861538895879716,3.386573389997835,2.9307599449811557,2.971850276552113,0.09652662569906331
2875.0,115.0,2.0,-0.290045548683938,3.4995649892665512,-0.290045548683938,3.4995649892665512,2.931493100115544,2.971850276552113,0.09652662569906331
2876.0,115.04,2.0,-0.3112818508187031,3.6125362732079798,-0.3112818508187031,3.6125362732079798,2.9322262552499336,2.971850276552113,0.09652662569906331
2877.0,115.08,2.0,-0.3323249463527403,3.725485373172174,-0.3323249463527403,3.725485373172174,2.9329594103843224,2.971850276552113,0.09652662569906331
2878.0,115.12,2.0,-0.35317549024960526,3.8384104204167775,-0.35317549024960526,3.8384104204167775,2.933692565518711,2.971850276552113,0.09652662569906331
2879.0,115.16,2.0,-0.3738341414238711,3.9513095461414283,-0.3738341414238711,3.9513095461414283,2.9344257206531,2.971850276552113,0.09652662569906331
2880.0,115.2,2.0,-0.39430156271815564,4.064180881522165,-0.39430156271815564,4.064180881522165,2.935158875787489,2.971850276552113,0.09652662569906331
2881.0,115.24000000000001,2.0,-0.41457842088006636,4.1770225577458415,-0.41457842088006636,4.1770225577458415,2.935892030921878,2.971850276552113,0.09652662569906331
2882.0,115.28,2.0,-0.43466538653906567,4.2898327060445505,-0.43466538653906567,4.2898327060445505,2.9366251860562667,2.971850276552113,0.09652662569906331
2883.0,115.32000000000001,2.0,-0.4545631341832535,4.402609457730047,-0.4545631341832535,4.402609457730047,2.9373583411906554,2.971850276552113,0.09652662569906331
2884.0,115.36,2.0,-0.4742723421360724,4.515350944228176,-0.4742723421360724,4.515350944228176,2.938091496325044,2.971850276552113,0.09652662569906331
2885.0,115.4,2.0,-0.4937936925329307,4.628055297113307,-0.4937936925329307,4.628055297113307,2.9388246514594334,2.971850276552113,0.09652662569906331
2886.0,115.44,2.0,-0.5131278712977491,4.740720648142768,-0.5131278712977491,4.740720648142768,2.939557806593822,2.971850276552113,0.09652662569906331
2887.0,115.48,2.0,-0.5322755681194273,4.853345129291282,-0.5322755681194273,4.853345129291282,2.940290961728211,2.971850276552113,0.09652662569906331
2888.0,115.52,2.0,-0.5512374764282341,4.965926872785405,-0.5512374764282341,4.965926872785405,2.9410241168625997,2.971850276552113,0.09652662569906331
2889.0,115.56,2.0,-0.5700142933721196,5.078464011137972,-0.5700142933721196,5.078464011137972,2.941757271996989,2.971850276552113,0.09652662569906331
2890.0,115.60000000000001,2.0,-0.588606719792952,5.190954677182525,-0.588606719792952,5.190954677182525,2.942490427131378,2.971850276552113,0.09652662569906331
2891.0,115.64,2.0,-0.6070154602026773,5.303397004107759,-0.6070154602026773,5.303397004107759,2.9432235822657664,2.971850276552113,0.09652662569906331
2892.0,115.68,2.0,-0.6252412227594042,5.415789125491959,-0.6252412227594042,5.415789125491959,2.9439567374001556,2.971850276552113,0.09652662569906331
2893.0,115.72,2.0,-0.643284719243415,5.528129175337432,-0.643284719243415,5.528129175337432,2.944689892534544,2.971850276552113,0.09652662569906331
2894.0,115.76,2.0,-0.6611466650331014,5.640415288104938,-0.6611466650331014,5.640415288104938,2.945423047668933,2.971850276552113,0.09652662569906331
2895.0,115.8,2.0,-0.6788277790808266,5.752645598748125,-0.6788277790808266,5.752645598748125,2.9461562028033224,2.971850276552113,0.09652662569906331
2896.0,115.84,2.0,-0.6963287838887162,5.864818242747949,-0.6963287838887162,5.864818242747949,2.9468893579377116,2.971850276552113,0.09652662569906331
2897.0,115.88,2.0,-0.7136504054843748,5.976931356147096,-0.7136504054843748,5.976931356147096,2.9476225130721,2.971850276552113,0.09652662569906331
2898.0,115.92,2.0,-0.7307933733965316,6.0889830755843946,-0.7307933733965316,6.0889830755843946,2.948355668206489,2.971850276552113,0.09652662569906331
2899.0,115.96000000000001,2.0,-0.7477584206306158,6.200971538329227,-0.7477584206306158,6.200971538329227,2.949088823340878,2.971850276552113,0.09652662569906331
2900.0,116.0,2.0,-0.7645462836442601,6.312894882315927,-0.7645462836442601,6.312894882315927,2.9498219784752666,2.971850276552113,0.09652662569906331
2901.0,116.04,2.0,-0.781157702322735,6.424751246178179,-0.781157702322735,6.424751246178179,2.950555133609656,2.971850276552113,0.09652662569906331
2902.0,116.08,2.0,-0.7975934199543139,6.536538769283401,-0.7975934199543139,6.536538769283401,2.9512882887440446,2.971850276552113,0.09652662569906331
2903.0,116.12,2.0,-0.813854183205569,6.648255591767122,-0.813854183205569,6.648255591767122,2.9520214438784333,2.971850276552113,0.09652662569906331
2904.0,116.16,2.0,-0.8299407420965997,6.759899854567352,-0.8299407420965997,6.759899854567352,2.9527545990128217,2.971850276552113,0.09652662569906331
2905.0,116.2,2.0,-0.8458538499761936,6.871469699458934,-0.8458538499761936,6.871469699458934,2.9534877541472113,2.971850276552113,0.09652662569906331
2906.0,116.24000000000001,2.0,-0.8615942634969193,6.982963269087898,-0.8615942634969193,6.982963269087898,2.9542209092815996,2.971850276552113,0.09652662569906331
2907.0,116.28,2.0,-0.8771627425901556,7.094378707005787,-0.8771627425901556,7.094378707005787,2.954954064415989,2.971850276552113,0.09652662569906331
2908.0,116.32000000000001,2.0,-0.8925600504410519,7.205714157703995,-0.8925600504410519,7.205714157703995,2.9556872195503776,2.971850276552113,0.09652662569906331
2909.0,116.36,2.0,-0.907786953463426,7.316967766648055,-0.907786953463426,7.316967766648055,2.9564203746847664,2.971850276552113,0.09652662569906331
2910.0,116.4,2.0,-0.9228442212745969,7.428137680311958,-0.9228442212745969,7.428137680311958,2.957153529819155,2.971850276552113,0.09652662569906331
2911.0,116.44,2.0,-0.9377326266701526,7.539222046212417,-0.9377326266701526,7.539222046212417,2.957886684953545,2.971850276552113,0.09652662569906331
2912.0,116.48,2.0,-0.9524529455986572,7.650219012943148,-0.9524529455986572,7.650219012943148,2.958619840087933,2.971850276552113,0.09652662569906331
2913.0,116.52,2.0,-0.9670059571362929,7.761126730209112,-0.9670059571362929,7.761126730209112,2.9593529952223223,2.971850276552113,0.09652662569906331
2914.0,116.56,2.0,-0.9813924434614417,7.871943348860753,-0.9813924434614417,7.871943348860753,2.9600861503567106,2.971850276552113,0.09652662569906331
2915.0,116.60000000000001,2.0,-0.9956131898292053,7.982667020928221,-0.9956131898292053,7.982667020928221,2.9608193054911003,2.971850276552113,0.09652662569906331
2916.0,116.64,2.0,-1.0096689845458642,8.093295899655567,-1.0096689845458642,8.093295899655567,2.961552460625489,2.971850276552113,0.09652662569906331
2917.0,116.68,2.0,-1.0235606189432778,8.203828139534927,-1.0235606189432778,8.203828139534927,2.962285615759878,2.971850276552113,0.09652662569906331
2918.0,116.72,2.0,-1.0372888873532227,8.314261896340689,-1.0372888873532227,8.314261896340689,2.9630187708942666,2.971850276552113,0.09652662569906331
2919.0,116.76,2.0,-1.0508545870816755,8.424595327163628,-1.0508545870816755,8.424595327163628,2.963751926028655,2.971850276552113,0.09652662569906331
2920.0,116.8,2.0,-1.0642585183830355,8.53482659044504,-1.0642585183830355,8.53482659044504,2.9644850811630445,2.971850276552113,0.09652662569906331
2921.0,116.84,2.0,-1.0775014844342883,8.644953846010836,-1.0775014844342883,8.644953846010836,2.9652182362974333,2.971850276552113,0.09652662569906331
2922.0,116.88,2.0,-1.0905842913091173,8.754975255105633,-1.0905842913091173,8.754975255105633,2.965951391431822,2.971850276552113,0.09652662569906331
2923.0,116.92,2.0,-1.1035077479519537,8.864888980426798,-1.1035077479519537,8.864888980426798,2.9666845465662113,2.971850276552113,0.09652662569906331
2924.0,116.96000000000001,2.0,-1.1162726661519746,8.9746931861585,-1.1162726661519746,8.9746931861585,2.9674177017006,2.971850276552113,0.09652662569906331
2925.0,117.0,2.0,-1.128879860517044,9.084386038005707,-1.128879860517044,9.084386038005707,2.968150856834989,2.971850276552113,0.09652662569906331
2926.0,117.04,2.0,-1.1413301484476006,9.19396570322818,-1.1413301484476006,9.19396570322818,2.968884011969378,2.971850276552113,0.09652662569906331
2927.0,117.08,2.0,-1.1536243501104917,9.303430350674438,-1.1536243501104917,9.303430350674438,2.9696171671037663,2.971850276552113,0.09652662569906331
2928.0,117.12,2.0,-1.1657632884127533,9.41277815081569,-1.1657632884127533,9.41277815081569,2.9703503222381555,2.971850276552113,0.09652662569906331
2929.0,117.16,2.0,-1.1777477889753396,9.522007275779746,-1.1777477889753396,9.522007275779746,2.971083477372544,2.971850276552113,0.09652662569906331
2930.0,117.2,2.0,-1.1895786801067978,9.631115899384904,-1.1895786801067978,9.631115899384904,2.971816632506934,2.971850276552113,0.09652662569906331
2931.0,117.24000000000001,2.0,-1.2012567927768951,9.7401021971738,-1.2012567927768951,9.7401021971738,2.9725497876413223,2.971850276552113,0.09652662569906331
2932.0,117.28,2.0,-1.2127829605901923,9.848964346447238,-1.2127829605901923,9.848964346447238,2.9732829427757115,2.971850276552113,0.09652662569906331
2933.0,117.32000000000001,2.0,-1.2241580197595698,9.957700526297993,-1.2241580197595698,9.957700526297993,2.9740160979101002,2.971850276552113,0.09652662569906331
2934.0,117.36,2.0,-1.2353828090797032,10.066308917644568,-1.2353828090797032,10.066308917644568,2.974749253044489,2.971850276552113,0.09652662569906331
2935.0,117.4,2.0,-1.24645816990049,10.174787703264938,-1.24645816990049,10.174787703264938,2.975482408178878,2.971850276552113,0.09652662569906331
2936.0,117.44,2.0,-1.2573849461004305,10.283135067830264,-1.2573849461004305,10.283135067830264,2.976215563313267,2.971850276552113,0.09652662569906331
2937.0,117.48,2.0,-1.2681639840599577,10.391349197938558,-1.2681639840599577,10.391349197938558,2.976948718447656,2.971850276552113,0.09652662569906331
2938.0,117.52,2.0,-1.2787961326347255,10.499428282148324,-1.2787961326347255,10.499428282148324,2.977681873582044,2.971850276552113,0.09652662569906331
2939.0,117.56,2.0,-1.289282243128846,10.607370511012185,-1.289282243128846,10.607370511012185,2.9784150287164337,2.971850276552113,0.09652662569906331
2940.0,117.60000000000001,2.0,-1.2996231692680849,10.715174077110436,-1.2996231692680849,10.715174077110436,2.979148183850822,2.971850276552113,0.09652662569906331
2941.0,117.64,2.0,-1.3098197671730116,10.822837175084604,-1.3098197671730116,10.822837175084604,2.9798813389852112,2.971850276552113,0.09652662569906331
2942.0,117.68,2.0,-1.319872895332104,10.930358001670944,-1.319872895332104,10.930358001670944,2.9806144941196,2.971850276552113,0.09652662569906331
2943.0,117.72,2.0,-1.3297834145748104,11.037734755733917,-1.3297834145748104,11.037734755733917,2.9813476492539888,2.971850276552113,0.09652662569906331
2944.0,117.76,2.0,-1.3395521880445709,11.144965638299613,-1.3395521880445709,11.144965638299613,2.982080804388378,2.971850276552113,0.09652662569906331
2945.0,117.8,2.0,-1.349180081171793,11.252048852589171,-1.349180081171793,11.252048852589171,2.982813959522767,2.971850276552113,0.09652662569906331
2946.0,117.84,2.0,-1.3586679616467903,11.358982604052109,-1.3586679616467903,11.358982604052109,2.983547114657156,2.971850276552113,0.09652662569906331
2947.0,117.88,2.0,-1.368016699392674,11.465765100399675,-1.368016699392674,11.465765100399675,2.9842802697915447,2.971850276552113,0.09652662569906331
2948.0,117.92,2.0,-1.377227166538213,11.572394551638107,-1.377227166538213,11.572394551638107,2.985013424925933,2.971850276552113,0.09652662569906331
2949.0,117.96000000000001,2.0,-1.3863002373906468,11.678869170101889,-1.3863002373906468,11.678869170101889,2.9857465800603227,2.971850276552113,0.09652662569906331
2950.0,118.0,2.0,-1.395236788408464,11.785187170486944,-1.395236788408464,11.785187170486944,2.9864797351947114,2.971850276552113,0.09652662569906331
2951.0,118.04,2.0,-1.4040376981741411,11.89134676988381,-1.4040376981741411,11.89134676988381,2.9872128903291,2.971850276552113,0.09652662569906331
2952.0,118.08,2.0,-1.4127038473668447,11.997346187810743,-1.4127038473668447,11.997346187810743,2.9879460454634894,2.971850276552113,0.09652662569906331
2953.0,118.12,2.0,-1.4212361187350961,12.103183646246809,-1.4212361187350961,12.103183646246809,2.988679200597878,2.971850276552113,0.09652662569906331
2954.0,118.16,2.0,-1.4296030140426916,12.208857369664903,-1.4296030140426916,12.208857369664903,2.989412355732267,2.971850276552113,0.09652662569906331
2955.0,118.2,2.0,-1.4377964473366363,12.314365585064762,-1.4377964473366363,12.314365585064762,2.9901455108666557,2.971850276552113,0.09652662569906331
2956.0,118.24000000000001,2.0,-1.445816544859059,12.419706522005889,-1.445816544859059,12.419706522005889,2.9908786660010445,2.971850276552113,0.09652662569906331
2957.0,118.28,2.0,-1.4536634379370883,12.524878412640467,-1.4536634379370883,12.524878412640467,2.9916118211354337,2.971850276552113,0.09652662569906331
2958.0,118.32000000000001,2.0,-1.461337262977141,12.629879491746223,-1.461337262977141,12.629879491746223,2.992344976269823,2.971850276552113,0.09652662569906331
2959.0,118.36,2.0,-1.468838161459086,12.734707996759221,-1.468838161459086,12.734707996759221,2.993078131404211,2.971850276552113,0.09652662569906331
2960.0,118.4,2.0,-1.4761662799302913,12.839362167806634,-1.4761662799302913,12.839362167806634,2.9938112865386004,2.971850276552113,0.09652662569906331
2961.0,118.44,2.0,-1.4833217699995467,12.943840247739466,-1.4833217699995467,12.943840247739466,2.9945444416729887,2.971850276552113,0.09652662569906331
2962.0,118.48,2.0,-1.490304788330869,13.048140482165204,-1.490304788330869,13.048140482165204,2.995277596807378,2.971850276552113,0.09652662569906331
2963.0,118.52,2.0,-1.4971154966371814,13.152261119480455,-1.4971154966371814,13.152261119480455,2.9960107519417676,2.971850276552113,0.09652662569906331
2964.0,118.56,2.0,-1.5037540616738794,13.2562004109035,-1.5037540616738794,13.2562004109035,2.9967439070761563,2.971850276552113,0.09652662569906331
2965.0,118.60000000000001,2.0,-1.5102206552322734,13.359956610506831,-1.5102206552322734,13.359956610506831,2.9974770622105447,2.971850276552113,0.09652662569906331
2966.0,118.64,2.0,-1.5165154541329071,13.4635279752496,-1.5165154541329071,13.4635279752496,2.998210217344934,2.971850276552113,0.09652662569906331
2967.0,118.68,2.0,-1.522638640218764,13.566912765010047,-1.522638640218764,13.566912765010047,2.9989433724793226,2.971850276552113,0.09652662569906331
2968.0,118.72,2.0,-1.5285904003483493,13.670109242617869,-1.5285904003483493,13.670109242617869,2.9996765276137114,2.971850276552113,0.09652662569906331
2969.0,118.76,2.0,-1.5343709263886518,13.773115673886528,-1.5343709263886518,13.773115673886528,3.000409682748101,2.971850276552113,0.09652662569906331
2970.0,118.8,2.0,-1.5399804152079895,13.875930327645506,-1.5399804152079895,13.875930327645506,3.0011428378824894,2.971850276552113,0.09652662569906331
2971.0,118.84,2.0,-1.5454190686687335,13.978551475772516,-1.5454190686687335,13.978551475772516,3.0018759930168786,2.971850276552113,0.09652662569906331
2972.0,118.88,2.0,-1.5506870936199153,14.080977393225663,-1.5506870936199153,14.080977393225663,3.002609148151268,2.971850276552113,0.09652662569906331
2973.0,118.92,2.0,-1.5557847018897126,14.183206358075509,-1.5557847018897126,14.183206358075509,3.003342303285656,2.971850276552113,0.09652662569906331
2974.0,118.96000000000001,2.0,-1.5607121102778174,14.285236651537152,-1.5607121102778174,14.285236651537152,3.0040754584200444,2.971850276552113,0.09652662569906331
2975.0,119.0,2.0,-1.5654695405476893,14.387066558002182,-1.5654695405476893,14.387066558002182,3.0048086135544345,2.971850276552113,0.09652662569906331
2976.0,119.04,2.0,-1.5700572194186837,14.488694365070618,-1.5700572194186837,14.488694365070618,3.005541768688823,2.971850276552113,0.09652662569906331
2977.0,119.08,2.0,-1.5744753785580692,14.590118363582775,-1.5744753785580692,14.590118363582775,3.006274923823212,2.971850276552113,0.09652662569906331
2978.0,119.12,2.0,-1.5787242545729203,14.691336847651074,-1.5787242545729203,14.691336847651074,3.007008078957601,2.971850276552113,0.09652662569906331
2979.0,119.16,2.0,-1.5828040890019004,14.79234811469179,-1.5828040890019004,14.79234811469179,3.0077412340919896,2.971850276552113,0.09652662569906331
2980.0,119.2,2.0,-1.5867151283069196,14.893150465456754,-1.5867151283069196,14.893150465456754,3.0084743892263783,2.971850276552113,0.09652662569906331
2981.0,119.24000000000001,2.0,-1.5904576238646795,14.993742204064977,-1.5904576238646795,14.993742204064977,3.0092075443607675,2.971850276552113,0.09652662569906331
2982.0,119.28,2.0,-1.5940318319581022,15.094121638034215,-1.5940318319581022,15.094121638034215,3.0099406994951567,2.971850276552113,0.09652662569906331
2983.0,119.32000000000001,2.0,-1.5974380137676392,15.194287078312493,-1.5974380137676392,15.194287078312493,3.010673854629545,2.971850276552113,0.09652662569906331
2984.0,119.36,2.0,-1.6006764353624645,15.294236839309537,-1.6006764353624645,15.294236839309537,3.011407009763934,2.971850276552113,0.09652662569906331
2985.0,119.4,2.0,-1.6037473676915546,15.393969238928168,-1.6037473676915546,15.393969238928168,3.0121401648983226,2.971850276552113,0.09652662569906331
2986.0,119.44,2.0,-1.6066510865746468,15.493482598595621,-1.6066510865746468,15.493482598595621,3.012873320032712,2.971850276552113,0.09652662569906331
2987.0,119.48,2.0,-1.6093878726930886,15.592775243294799,-1.6093878726930886,15.592775243294799,3.013606475167101,2.971850276552113,0.09652662569906331
2988.0,119.52,2.0,-1.6119580115805634,15.691845501595468,-1.6119580115805634,15.691845501595468,3.0143396303014893,2.971850276552113,0.09652662569906331
2989.0,119.56,2.0,-1.6143617936137091,15.790691705685381,-1.6143617936137091,15.790691705685381,3.015072785435879,2.971850276552113,0.09652662569906331
2990.0,119.60000000000001,2.0,-1.6165995140026144,15.889312191401341,-1.6165995140026144,15.889312191401341,3.0158059405702677,2.971850276552113,0.09652662569906331
2991.0,119.64,2.0,-1.6186714727812046,15.987705298260202,-1.6186714727812046,15.987705298260202,3.016539095704656,2.971850276552113,0.09652662569906331
2992.0,119.68,2.0,-1.620577974797511,16.085869369489785,-1.620577974797511,16.085869369489785,3.0172722508390453,2.971850276552113,0.09652662569906331
2993.0,119.72,2.0,-1.6223193297038259,16.18380275205975,-1.6223193297038259,16.18380275205975,3.0180054059734345,2.971850276552113,0.09652662569906331
2994.0,119.76,2.0,-1.6238958519467437,16.28150379671238,-1.6238958519467437,16.28150379671238,3.0187385611078232,2.971850276552113,0.09652662569906331
2995.0,119.8,2.0,-1.6253078607570886,16.37897085799329,-1.6253078607570886,16.37897085799329,3.0194717162422124,2.971850276552113,0.09652662569906331
2996.0,119.84,2.0,-1.6265556801397256,16.47620229428213,-1.6265556801397256,16.47620229428213,3.0202048713766008,2.971850276552113,0.09652662569906331
2997.0,119.88,2.0,-1.627639638863262,16.57319646782309,-1.627639638863262,16.57319646782309,3.02093802651099,2.971850276552113,0.09652662569906331
2998.0,119.92,2.0,-1.6285600704496352,16.669951744755508,-1.6285600704496352,16.669951744755508,3.0216711816453787,2.971850276552113,0.09652662569906331
2999.0,119.96000000000001,2.0,-1.6293173131635819,16.76646649514421,-1.6293173131635819,16.76646649514421,3.0224043367797684,2.971850276552113,0.09652662569906331
3000.0,120.0,2.0,-1.629911710002003,16.862739093009967,-1.629911710002003,16.862739093009967,3.023137491914157,2.971850276552113,0.09652662569906331
3001.0,120.04,2.0,-1.63034360868321,16.958767916359726,-1.63034360868321,16.958767916359726,3.023870647048545,2.971850276552113,0.09652662569906331
3002.0,120.08,2.0,-1.6306133616360605,17.054551347216886,-1.6306133616360605,17.054551347216886,3.0246038021829347,2.971850276552113,0.09652662569906331
3003.0,120.12,2.0,-1.6307213259889828,17.150087771651407,-1.6307213259889828,17.150087771651407,3.0253369573173234,2.971850276552113,0.09652662569906331
3004.0,120.16,2.0,-1.63066786355889,17.245375579809906,-1.63066786355889,17.245375579809906,3.0260701124517126,2.971850276552113,0.09652662569906331
3005.0,120.2,2.0,-1.630453340839978,17.340413165945655,-1.630453340839978,17.340413165945655,3.026803267586101,2.971850276552113,0.09652662569906331
3006.0,120.24000000000001,2.0,-1.6300781289924167,17.435198928448514,-1.6300781289924167,17.435198928448514,3.02753642272049,2.971850276552113,0.09652662569906331
3007.0,120.28,2.0,-1.6295426038309295,17.529731269874745,-1.6295426038309295,17.529731269874745,3.028269577854879,2.971850276552113,0.09652662569906331
3008.0,120.32000000000001,2.0,-1.6288471458132605,17.624008596976836,-1.6288471458132605,17.624008596976836,3.029002732989268,2.971850276552113,0.09652662569906331
3009.0,120.36,2.0,-1.6279921400285338,17.71802932073316,-1.6279921400285338,17.71802932073316,3.029735888123657,2.971850276552113,0.09652662569906331
3010.0,120.4,2.0,-1.6269779761854992,17.8117918563776,-1.6269779761854992,17.8117918563776,3.0304690432580457,2.971850276552113,0.09652662569906331
3011.0,120.44,2.0,-1.6258050486006739,17.90529462342909,-1.6258050486006739,17.90529462342909,3.031202198392435,2.971850276552113,0.09652662569906331
3012.0,120.48,2.0,-1.6244737561863678,17.99853604572108,-1.6244737561863678,17.99853604572108,3.031935353526823,2.971850276552113,0.09652662569906331
3013.0,120.52,2.0,-1.6229845024386051,18.091514551430908,-1.6229845024386051,18.091514551430908,3.032668508661213,2.971850276552113,0.09652662569906331
3014.0,120.56,2.0,-1.6213376954249346,18.184228573109106,-1.6213376954249346,18.184228573109106,3.0334016637956016,2.971850276552113,0.09652662569906331
3015.0,120.60000000000001,2.0,-1.6195337477721303,18.276676547708597,-1.6195337477721303,18.276676547708597,3.034134818929991,2.971850276552113,0.09652662569906331
3016.0,120.64,2.0,-1.6175730766537884,18.36885691661387,-1.6175730766537884,18.36885691661387,3.034867974064379,2.971850276552113,0.09652662569906331
3017.0,120.68,2.0,-1.6154561037778097,18.460768125670015,-1.6154561037778097,18.460768125670015,3.035601129198769,2.971850276552113,0.09652662569906331
3018.0,120.72,2.0,-1.613183255373779,18.552408625211687,-1.613183255373779,18.552408625211687,3.036334284333157,2.971850276552113,0.09652662569906331
3019.0,120.76,2.0,-1.610754962180237,18.64377687009202,-1.610754962180237,18.64377687009202,3.0370674394675463,2.971850276552113,0.09652662569906331
3020.0,120.8,2.0,-1.6081716594318418,18.734871319711402,-1.6081716594318418,18.734871319711402,3.0378005946019355,2.971850276552113,0.09652662569906331
3021.0,120.84,2.0,-1.6054337868464268,18.825690438046234,-1.6054337868464268,18.825690438046234,3.0385337497363247,2.971850276552113,0.09652662569906331
3022.0,120.88,2.0,-1.6025417886119502,18.916232693677536,-1.6025417886119502,18.916232693677536,3.039266904870713,2.971850276552113,0.09652662569906331
3023.0,120.92,2.0,-1.5994961133733412,19.00649655981951,-1.5994961133733412,19.00649655981951,3.0400000600051014,2.971850276552113,0.09652662569906331
3024.0,120.96000000000001,2.0,-1.5962972142192353,19.09648051434802,-1.5962972142192353,19.09648051434802,3.0407332151394906,2.971850276552113,0.09652662569906331
3025.0,121.0,2.0,-1.5929455486686097,19.186183039828943,-1.5929455486686097,19.186183039828943,3.04146637027388,2.971850276552113,0.09652662569906331
3026.0,121.04,2.0,-1.5894415786573082,19.275602623546487,-1.5894415786573082,19.275602623546487,3.042199525408269,2.971850276552113,0.09652662569906331
3027.0,121.08,2.0,-1.5857857705244671,19.364737757531383,-1.5857857705244671,19.364737757531383,3.0429326805426573,2.971850276552113,0.09652662569906331
3028.0,121.12,2.0,-1.5819785949988308,19.453586938588995,-1.5819785949988308,19.453586938588995,3.0436658356770465,2.971850276552113,0.09652662569906331
3029.0,121.16,2.0,-1.5780205271849659,19.542148668327375,-1.5780205271849659,19.542148668327375,3.0443989908114353,2.971850276552113,0.09652662569906331
3030.0,121.2,2.0,-1.5739120465493721,19.630421453185168,-1.5739120465493721,19.630421453185168,3.045132145945824,2.971850276552113,0.09652662569906331
3031.0,121.24000000000001,2.0,-1.5696536369064877,19.718403804459477,-1.5696536369064877,19.718403804459477,3.0458653010802137,2.971850276552113,0.09652662569906331
3032.0,121.28,2.0,-1.5652457864045932,19.806094238333632,-1.5652457864045932,19.806094238333632,3.046598456214602,2.971850276552113,0.09652662569906331
3033.0,121.32000000000001,2.0,-1.5606889875116117,19.89349127590483,-1.5606889875116117,19.89349127590483,3.047331611348991,2.971850276552113,0.09652662569906331
3034.0,121.36,2.0,-1.5559837370008052,19.98059344321174,-1.5559837370008052,19.98059344321174,3.0480647664833795,2.971850276552113,0.09652662569906331
3035.0,121.4,2.0,-1.5511305359363712,20.067399271261955,-1.5511305359363712,20.067399271261955,3.0487979216177687,2.971850276552113,0.09652662569906331
3036.0,121.44,2.0,-1.5461298896589362,20.15390729605942,-1.5461298896589362,20.15390729605942,3.049531076752158,2.971850276552113,0.09652662569906331
3037.0,121.48,2.0,-1.5409823077709461,20.2401160586317,-1.5409823077709461,20.2401160586317,3.050264231886547,2.971850276552113,0.09652662569906331
3038.0,121.52,2.0,-1.5356883041219598,20.326024105057193,-1.5356883041219598,20.326024105057193,3.0509935485123787,2.971850276552113,0.09652662569906331
3039.0,121.56,2.0,-1.5302483967938358,20.41162998649225,-1.5302483967938358,20.41162998649225,3.051719026629654,2.971850276552113,0.09652662569906331
3040.0,121.60000000000001,2.0,-1.5246631080858237,20.496932259198175,-1.5246631080858237,20.496932259198175,3.0524406662383714,2.971850276552113,0.09652662569906331
3041.0,121.64,2.0,-1.5189329644995524,20.581929484568157,-1.5189329644995524,20.581929484568157,3.0531584673385326,2.971850276552113,0.09652662569906331
3042.0,121.68,2.0,-1.5130584967239202,20.66662022915408,-1.5130584967239202,20.66662022915408,3.0538724299301365,2.971850276552113,0.09652662569906331
3043.0,121.72,2.0,-1.5070402396198845,20.75100306469328,-1.5070402396198845,20.75100306469328,3.054582554013183,2.971850276552113,0.09652662569906331
3044.0,121.76,2.0,-1.5008787322051527,20.835076568135122,-1.5008787322051527,20.835076568135122,3.055288839587673,2.971850276552113,0.09652662569906331
3045.0,121.8,2.0,-1.4945745176387748,20.918839321667605,-1.4945745176387748,20.918839321667605,3.055991286653606,2.971850276552113,0.09652662569906331
3046.0,121.84,2.0,-1.488128143205635,21.00228991274373,-1.488128143205635,21.00228991274373,3.0566898952109818,2.971850276552113,0.09652662569906331
3047.0,121.88,2.0,-1.4815401603008522,21.08542693410789,-1.4815401603008522,21.08542693410789,3.057384665259801,2.971850276552113,0.09652662569906331
3048.0,121.92,2.0,-1.4748111244140738,21.168248983822064,-1.4748111244140738,21.168248983822064,3.058075596800062,2.971850276552113,0.09652662569906331
3049.0,121.96000000000001,2.0,-1.4679415951136783,21.25075466529199,-1.4679415951136783,21.25075466529199,3.0587626898317675,2.971850276552113,0.09652662569906331
3050.0,122.0,2.0,-1.4609749301059884,21.332942587293186,-1.4609749301059884,21.332942587293186,3.059445944354915,2.971850276552113,0.09652662569906331
3051.0,122.04,2.0,-1.453910747328717,21.41481136399689,-1.453910747328717,21.41481136399689,3.0601253603695056,2.971850276552113,0.09652662569906331
3052.0,122.08,2.0,-1.4467486694570537,21.496359614995892,-1.4467486694570537,21.496359614995892,3.06080093787554,2.971850276552113,0.09652662569906331
3053.0,122.12,2.0,-1.4394883239150937,21.5775859653303,-1.4394883239150937,21.5775859653303,3.061472676873016,2.971850276552113,0.09652662569906331
3054.0,122.16,2.0,-1.4321293428871367,21.658489045513125,-1.4321293428871367,21.658489045513125,3.0621405773619363,2.971850276552113,0.09652662569906331
3055.0,122.2,2.0,-1.424671363328864,21.739067491555833,-1.424671363328864,21.739067491555833,3.0628046393422985,2.971850276552113,0.09652662569906331
3056.0,122.24000000000001,2.0,-1.417114026978382,21.8193199449938,-1.417114026978382,21.8193199449938,3.063464862814105,2.971850276552113,0.09652662569906331
3057.0,122.28,2.0,-1.409456980367146,21.899245052911603,-1.409456980367146,21.899245052911603,3.0641212477773534,2.971850276552113,0.09652662569906331
3058.0,122.32000000000001,2.0,-1.401699874830748,21.978841467968227,-1.401699874830748,21.978841467968227,3.064773794232045,2.971850276552113,0.09652662569906331
3059.0,122.36,2.0,-1.3938423665195854,22.05810784842222,-1.3938423665195854,22.05810784842222,3.06542250217818,2.971850276552113,0.09652662569906331
3060.0,122.4,2.0,-1.385884116409395,22.13704285815669,-1.385884116409395,22.13704285815669,3.0660673716157576,2.971850276552113,0.09652662569906331
3061.0,122.44,2.0,-1.3778247903116614,22.215645166704196,-1.3778247903116614,22.215645166704196,3.066708402544778,2.971850276552113,0.09652662569906331
3062.0,122.48,2.0,-1.3696640588838966,22.293913449271543,-1.3696640588838966,22.293913449271543,3.067345594965242,2.971850276552113,0.09652662569906331
3063.0,122.52,2.0,-1.361401597639791,22.371846386764513,-1.361401597639791,22.371846386764513,3.0679789488771485,2.971850276552113,0.09652662569906331
3064.0,122.56,2.0,-1.3530370869592345,22.449442665812402,-1.3530370869592345,22.449442665812402,3.068608464280498,2.971850276552113,0.09652662569906331
3065.0,122.60000000000001,2.0,-1.34457021209821,22.526700978792515,-1.34457021209821,22.526700978792515,3.069234141175291,2.971850276552113,0.09652662569906331
3066.0,122.64,2.0,-1.336000663198554,22.603620023854553,-1.336000663198554,22.603620023854553,3.0698559795615266,2.971850276552113,0.09652662569906331
3067.0,122.68,2.0,-1.327328135297591,22.68019850494486,-1.327328135297591,22.68019850494486,3.0704739794392046,2.971850276552113,0.09652662569906331
3068.0,122.72,2.0,-1.3185523283376368,22.756435131830546,-1.3185523283376368,22.756435131830546,3.071088140808327,2.971850276552113,0.09652662569906331
3069.0,122.76,2.0,-1.3096729471753699,22.832328620123597,-1.3096729471753699,22.832328620123597,3.0716984636688913,2.971850276552113,0.09652662569906331
3070.0,122.8,2.0,-1.3006897015910743,22.907877691304737,-1.3006897015910743,22.907877691304737,3.0723049480208986,2.971850276552113,0.09652662569906331
3071.0,122.84,2.0,-1.2916023062977515,22.98306707575333,-1.2916023062977515,22.98306707575333,3.0729075938643495,2.971850276552113,0.09652662569906331
3072.0,122.88,2.0,-1.2824104809501002,23.05772449814095,-1.2824104809501002,23.05772449814095,3.073506401199243,2.971850276552113,0.09652662569906331
3073.0,122.92,2.0,-1.2731139501533664,23.13184392080156,-1.2731139501533664,23.13184392080156,3.07410137002558,2.971850276552113,0.09652662569906331
3074.0,122.96000000000001,2.0,-1.2637124434720601,23.205423203458935,-1.2637124434720601,23.205423203458935,3.0746925003433594,2.971850276552113,0.09652662569906331
3075.0,123.0,2.0,-1.2542056954385448,23.27847270908587,-1.2542056954385448,23.27847270908587,3.0752797921525814,2.971850276552113,0.09652662569906331
3076.0,123.04,2.0,-1.2445934455614882,23.35100254839594,-1.2445934455614882,23.35100254839594,3.075863245453247,2.971850276552113,0.09652662569906331
3077.0,123.08,2.0,-1.2348754383341882,23.423026202418608,-1.2348754383341882,23.423026202418608,3.076442860245356,2.971850276552113,0.09652662569906331
3078.0,123.12,2.0,-1.2250514232427616,23.494544655666488,-1.2250514232427616,23.494544655666488,3.077018636528907,2.971850276552113,0.09652662569906331
3079.0,123.16,2.0,-1.2151211547742031,23.565546501145704,-1.2151211547742031,23.565546501145704,3.077590574303902,2.971850276552113,0.09652662569906331
3080.0,123.2,2.0,-1.2050843924243104,23.636023632387623,-1.2050843924243104,23.636023632387623,3.0781586735703392,2.971850276552113,0.09652662569906331
3081.0,123.24000000000001,2.0,-1.194940900705477,23.706016737265884,-1.194940900705477,23.706016737265884,3.07872293432822,2.971850276552113,0.09652662569906331
3082.0,123.28,2.0,-1.184690449154352,23.77548427806034,-1.184690449154352,23.77548427806034,3.0792833565775433,2.971850276552113,0.09652662569906331
3083.0,123.32000000000001,2.0,-1.1743328123393677,23.84445379059327,-1.1743328123393677,23.84445379059327,3.0798399403183097,2.971850276552113,0.09652662569906331
3084.0,123.36,2.0,-1.1638677698681303,23.912913005703754,-1.1638677698681303,23.912913005703754,3.0803926855505197,2.971850276552113,0.09652662569906331
3085.0,123.4,2.0,-1.1532951063946828,23.980895874407235,-1.1532951063946828,23.980895874407235,3.0809415922741716,2.971850276552113,0.09652662569906331
3086.0,123.44,2.0,-1.1426146116266285,24.048401110543878,-1.1426146116266285,24.048401110543878,3.081486660489267,2.971850276552113,0.09652662569906331
3087.0,123.48,2.0,-1.1318260803321254,24.115401144052104,-1.1318260803321254,24.115401144052104,3.0820278901958056,2.971850276552113,0.09652662569906331
3088.0,123.52,2.0,-1.1209293123467419,24.181902785505745,-1.1209293123467419,24.181902785505745,3.0825652813937867,2.971850276552113,0.09652662569906331
3089.0,123.56,2.0,-1.1099241125801822,24.248043610370086,-1.1099241125801822,24.248043610370086,3.0830988340832115,2.971850276552113,0.09652662569906331
3090.0,123.60000000000001,2.0,-1.0988102910228763,24.313851481933906,-1.0988102910228763,24.313851481933906,3.0836285482640786,2.971850276552113,0.09652662569906331
3091.0,123.64,2.0,-1.0875876627524326,24.37930088911797,-1.0875876627524326,24.37930088911797,3.084154423936389,2.971850276552113,0.09652662569906331
3092.0,123.68,2.0,-1.076256047939961,24.44425233764157,-1.076256047939961,24.44425233764157,3.0846764611001425,2.971850276552113,0.09652662569906331
3093.0,123.72,2.0,-1.0648152718562558,24.508869896884104,-1.0648152718562558,24.508869896884104,3.085194659755339,2.971850276552113,0.09652662569906331
3094.0,123.76,2.0,-1.0532651648778475,24.57315247937583,-1.0532651648778475,24.57315247937583,3.085709019901978,2.971850276552113,0.09652662569906331
3095.0,123.8,2.0,-1.0416055624929177,24.63709900340788,-1.0416055624929177,24.63709900340788,3.086219541540061,2.971850276552113,0.09652662569906331
3096.0,123.84,2.0,-1.0298363053070778,24.700654549649883,-1.0298363053070778,24.700654549649883,3.0867262246695857,2.971850276552113,0.09652662569906331
3097.0,123.88000000000001,2.0,-1.0179572390490155,24.763748034266598,-1.0179572390490155,24.763748034266598,3.087229069290554,2.971850276552113,0.09652662569906331
3098.0,123.92,2.0,-1.005968214576001,24.826504631991032,-1.005968214576001,24.826504631991032,3.087728075402966,2.971850276552113,0.09652662569906331
3099.0,123.96000000000001,2.0,-0.9938690878792619,24.88892328721168,-0.9938690878792619,24.88892328721168,3.0882232430068197,2.971850276552113,0.09652662569906331
3100.0,124.0,2.0,-0.9816597200892196,24.950870349218444,-0.9816597200892196,24.950870349218444,3.088714572102117,2.971850276552113,0.09652662569906331
3101.0,124.04,2.0,-0.9693399774805903,25.012439429681653,-0.9693399774805903,25.012439429681653,3.0892020626888574,2.971850276552113,0.09652662569906331
3102.0,124.08,2.0,-0.95690973147735,25.07362619679191,-0.95690973147735,25.07362619679191,3.08968571476704,2.971850276552113,0.09652662569906331
3103.0,124.12,2.0,-0.9443688586575631,25.13434872395084,-0.9443688586575631,25.13434872395084,3.0901655283366667,2.971850276552113,0.09652662569906331
3104.0,124.16,2.0,-0.9317172407580753,25.194564751244926,-0.9317172407580753,25.194564751244926,3.0906415033977357,2.971850276552113,0.09652662569906331
3105.0,124.2,2.0,-0.918954764679068,25.25427565669032,-0.918954764679068,25.25427565669032,3.0911136399502483,2.971850276552113,0.09652662569906331
3106.0,124.24000000000001,2.0,-0.9060813224884788,25.31348282684052,-0.9060813224884788,25.31348282684052,3.0915819379942033,2.971850276552113,0.09652662569906331
3107.0,124.28,2.0,-0.8930968114262835,25.372187656763273,-0.8930968114262835,25.372187656763273,3.0920463975296015,2.971850276552113,0.09652662569906331
3108.0,124.32000000000001,2.0,-0.8800011339086409,25.430391550017355,-0.8800011339086409,25.430391550017355,3.0925070185564434,2.971850276552113,0.09652662569906331
3109.0,124.36,2.0,-0.8667941975319026,25.488095918629146,-0.8667941975319026,25.488095918629146,3.092963801074727,2.971850276552113,0.09652662569906331
3110.0,124.4,2.0,-0.853475915076483,25.54530218306912,-0.853475915076483,25.54530218306912,3.0934167450844545,2.971850276552113,0.09652662569906331
3111.0,124.44,2.0,-0.8400462045105956,25.602011772228085,-0.8400462045105956,25.602011772228085,3.0938658505856247,2.971850276552113,0.09652662569906331
3112.0,124.48,2.0,-0.8265049889938483,25.65822612339336,-0.8265049889938483,25.65822612339336,3.0943111175782376,2.971850276552113,0.09652662569906331
3113.0,124.52,2.0,-0.8128521968807035,25.713946682224726,-0.8128521968807035,25.713946682224726,3.0947525460622938,2.971850276552113,0.09652662569906331
3114.0,124.56,2.0,-0.7990877617238017,25.76917490273025,-0.7990877617238017,25.76917490273025,3.095190136037793,2.971850276552113,0.09652662569906331
3115.0,124.60000000000001,2.0,-0.7852116222771445,25.82391224724194,-0.7852116222771445,25.82391224724194,3.0956238875047353,2.971850276552113,0.09652662569906331
3116.0,124.64,2.0,-0.7712237224991426,25.87816018639127,-0.7712237224991426,25.87816018639127,3.0960538004631206,2.971850276552113,0.09652662569906331
3117.0,124.68,2.0,-0.7571240115555252,25.93192019908452,-0.7571240115555252,25.93192019908452,3.0964798749129487,2.971850276552113,0.09652662569906331
3118.0,124.72,2.0,-0.742912443822112,25.985193772477967,-0.742912443822112,25.985193772477967,3.0969021108542196,2.971850276552113,0.09652662569906331
3119.0,124.76,2.0,-0.728588978887446,26.03798240195296,-0.728588978887446,26.03798240195296,3.0973205082869337,2.971850276552113,0.09652662569906331
3120.0,124.8,2.0,-0.71415358155529,26.090287591090767,-0.71415358155529,26.090287591090767,3.097735067211091,2.971850276552113,0.09652662569906331
3121.0,124.84,2.0,-0.6996062218469847,26.14211085164735,-0.6996062218469847,26.14211085164735,3.0981457876266907,2.971850276552113,0.09652662569906331
3122.0,124.88000000000001,2.0,-0.6849468750036682,26.193453703527915,-0.6849468750036682,26.193453703527915,3.098552669533734,2.971850276552113,0.09652662569906331
3123.0,124.92,2.0,-0.6701755214883579,26.244317674761373,-0.6701755214883579,26.244317674761373,3.09895571293222,2.971850276552113,0.09652662569906331
3124.0,124.96000000000001,2.0,-0.6552921469878934,26.294704301474624,-0.6552921469878934,26.294704301474624,3.0993549178221493,2.971850276552113,0.09652662569906331
3125.0,125.0,2.0,-0.6402967424147427,26.344615127866643,-0.6402967424147427,26.344615127866643,3.0997502842035214,2.971850276552113,0.09652662569906331
3126.0,125.04,2.0,-0.6251893039086687,26.3940517061825,-0.6251893039086687,26.3940517061825,3.1001418120763358,2.971850276552113,0.09652662569906331
3127.0,125.08,2.0,-0.6099698328382577,26.44301559668719,-0.6099698328382577,26.44301559668719,3.1005295014405942,2.971850276552113,0.09652662569906331
3128.0,125.12,2.0,-0.5946383358023102,26.491508367639266,-0.5946383358023102,26.491508367639266,3.100913352296295,2.971850276552113,0.09652662569906331
3129.0,125.16,2.0,-0.5791948246310921,26.539531595264425,-0.5791948246310921,26.539531595264425,3.101293364643439,2.971850276552113,0.09652662569906331
3130.0,125.2,2.0,-0.5636393163874484,26.58708686372886,-0.5636393163874484,26.58708686372886,3.1016695384820263,2.971850276552113,0.09652662569906331
3131.0,125.24000000000001,2.0,-0.5479718333677781,26.63417576511247,-0.5479718333677781,26.63417576511247,3.1020418738120563,2.971850276552113,0.09652662569906331
3132.0,125.28,2.0,-0.5321924031028709,26.680799899381988,-0.5321924031028709,26.680799899381988,3.102410370633529,2.971850276552113,0.09652662569906331
3133.0,125.32000000000001,2.0,-0.5163010583586037,26.726960874363893,-0.5163010583586037,26.726960874363893,3.102321119314099,2.971850276552113,0.09652662569906331
3134.0,125.36,2.0,-0.5002978371365012,26.77266030571721,-0.5002978371365012,26.77266030571721,3.1014094615408485,2.971850276552113,0.09652662569906331
3135.0,125.4,2.0,-0.4841539257578,26.817899816906127,-0.4841539257578,26.817899816906127,3.099675423540232,2.971850276552113,0.09652662569906331
3136.0,125.44,2.0,-0.4678405071023891,26.86268103917254,-0.4678405071023891,26.86268103917254,3.0971190315387007,2.971850276552113,0.09652662569906331
3137.0,125.48,2.0,-0.4513287608718147,26.90700561150836,-0.4513287608718147,26.90700561150836,3.0937403117627063,2.971850276552113,0.09652662569906331
3138.0,125.52,2.0,-0.43458986385222254,26.95087518062774,-0.43458986385222254,26.95087518062774,3.0895392904387022,2.971850276552113,0.09652662569906331
3139.0,125.56,2.0,-0.4175949901772357,26.994291400939154,-0.4175949901772357,26.994291400939154,3.084515993793141,2.971850276552113,0.09652662569906331
3140.0,125.60000000000001,2.0,-0.4003153115907668,27.037255934517287,-0.4003153115907668,27.037255934517287,3.0786704480524723,2.971850276552113,0.09652662569906331
3141.0,125.64,2.0,-0.3827402956046329,27.079770451074815,-0.3827402956046329,27.079770451074815,3.0720115689405563,2.971850276552113,0.09652662569906331
3142.0,125.68,2.0,-0.3647823960063897,27.121836627934083,-0.3647823960063897,27.121836627934083,3.064544585137016,2.971850276552113,0.09652662569906331
3143.0,125.72,2.0,-0.3464057529511881,27.163456149998527,-0.3464057529511881,27.163456149998527,3.0562711453940086,2.971850276552113,0.09652662569906331
3144.0,125.76,2.0,-0.32757455303189176,27.20463070972408,-0.32757455303189176,27.20463070972408,3.047192898463693,2.971850276552113,0.09652662569906331
3145.0,125.8,2.0,-0.3082944749095658,27.245362007090357,-0.3082944749095658,27.245362007090357,3.0373040666735855,2.971850276552113,0.09652662569906331
3146.0,125.84,2.0,-0.28850981666479447,27.285651749571727,-0.28850981666479447,27.285651749571727,3.026604860394367,2.971850276552113,0.09652662569906331
3147.0,125.88000000000001,2.0,-0.2681247232588972,27.32550165210823,-0.2681247232588972,27.32550165210823,3.0151017140241962,2.971850276552113,0.09652662569906331
3148.0,125.92,2.0,-0.2471093674920837,27.36491343707641,-0.2471093674920837,27.36491343707641,3.0027924571600084,2.971850276552113,0.09652662569906331
3149.0,125.96000000000001,2.0,-0.22532793614067143,27.403888834259906,-0.22532793614067143,27.403888834259906,2.98968806306879,2.971850276552113,0.09652662569906331
3150.0,126.0,2.0,-0.20275409259786076,27.44242958081999,-0.20275409259786076,27.44242958081999,2.9762549044517423,2.971850276552113,0.09652662569906331
3151.0,126.04,2.0,-0.17869607696988618,27.480537421265968,-0.17869607696988618,27.480537421265968,2.962817907326137,2.971850276552113,0.09652662569906331
3152.0,126.08,2.0,-0.15312552063766746,27.518214107425365,-0.15312552063766746,27.518214107425365,2.949377071691975,2.971850276552113,0.09652662569906331
3153.0,126.12,2.0,-0.12601409361901397,27.555461398414057,-0.12601409361901397,27.555461398414057,2.9359323975492564,2.971850276552113,0.09652662569906331
3154.0,126.16,2.0,-0.09733452531109404,27.59228106060625,-0.09733452531109404,27.59228106060625,2.92248388489798,2.971850276552113,0.09652662569906331
3155.0,126.2,2.0,-0.06622996708875391,27.628674867604264,-0.06622996708875391,27.628674867604264,2.909031533738147,2.971850276552113,0.09652662569906331
3156.0,126.24000000000001,2.0,-0.03270780143943834,27.66464460020826,-0.03270780143943834,27.66464460020826,2.8955753440697576,2.971850276552113,0.09652662569906331
3157.0,126.28,2.0,0.0015205671138811816,27.7001920463858,0.0015205671138811816,27.7001920463858,2.8821153158928103,2.971850276552113,0.09652662569906331
3158.0,126.32000000000001,2.0,0.036439145170333864,27.735319001241244,0.036439145170333864,27.735319001241244,2.8686514492073067,2.971850276552113,0.09652662569906331
3159.0,126.36,2.0,0.07205102665530269,27.77002726698507,0.07205102665530269,27.77002726698507,2.8551837440132455,2.971850276552113,0.09652662569906331
3160.0,126.4,2.0,0.10835928483934877,27.80431865290304,0.10835928483934877,27.80431865290304,2.841712200310627,2.971850276552113,0.09652662569906331
3161.0,126.44,2.0,0.14538526984001296,27.838194975325177,0.14538526984001296,27.838194975325177,2.8282368180994526,2.971850276552113,0.09652662569906331
3162.0,126.48,2.0,0.18307329847435502,27.87165805759472,0.18307329847435502,27.87165805759472,2.81475759737972,2.971850276552113,0.09652662569906331
3163.0,126.52,2.0,0.22141935369605115,27.904709730036867,0.22141935369605115,27.904709730036867,2.8012745381514312,2.971850276552113,0.09652662569906331
3164.0,126.56,2.0,0.2604194440113018,27.937351829927394,0.2604194440113018,27.937351829927394,2.7877876404145856,2.971850276552113,0.09652662569906331
3165.0,126.60000000000001,2.0,0.30007866542896866,27.96958620146117,0.30007866542896866,27.96958620146117,2.7742969041691823,2.971850276552113,0.09652662569906331
3166.0,126.64,2.0,0.3401467912570383,28.001414695720552,0.3401467912570383,28.001414695720552,2.760802329415222,2.971850276552113,0.09652662569906331
3167.0,126.68,2.0,0.38037556271608575,28.03283917064361,0.38037556271608575,28.03283917064361,2.7473039161527053,2.971850276552113,0.09652662569906331
3168.0,126.72,2.0,0.4210707853129903,28.063861490992227,0.4210707853129903,28.063861490992227,2.7338016643816307,2.971850276552113,0.09652662569906331
3169.0,126.76,2.0,0.4618021707425382,28.09448352832016,0.4618021707425382,28.09448352832016,2.720295574102,2.971850276552113,0.09652662569906331
3170.0,126.8,2.0,0.5026122104707078,28.124707160940826,0.5026122104707078,28.124707160940826,2.7067856453138117,2.971850276552113,0.09652662569906331
3171.0,126.84,2.0,0.5438453063137448,28.154534273895077,0.5438453063137448,28.154534273895077,2.693271878017067,2.971850276552113,0.09652662569906331
3172.0,126.88000000000001,2.0,0.5850638274918825,28.18396675891884,0.5850638274918825,28.18396675891884,2.6797542722117647,2.971850276552113,0.09652662569906331
3173.0,126.92,2.0,0.6266762975434421,28.21300651441054,0.6266762975434421,28.21300651441054,2.6662328278979057,2.971850276552113,0.09652662569906331
3174.0,126.96000000000001,2.0,0.6682427622955943,28.24165544539852,0.6682427622955943,28.24165544539852,2.652707545075489,2.971850276552113,0.09652662569906331
3175.0,127.0,2.0,0.709860186297334,28.26991546350827,0.709860186297334,28.26991546350827,2.6391784237445157,2.971850276552113,0.09652662569906331
3176.0,127.04,2.0,0.7515475942873397,28.297788486929512,0.7515475942873397,28.297788486929512,2.625645463904986,2.971850276552113,0.09652662569906331
3177.0,127.08,2.0,0.7932145520032525,28.325276440383245,0.7932145520032525,28.325276440383245,2.612108665556899,2.971850276552113,0.09652662569906331
3178.0,127.12,2.0,0.8349103875046878,28.352381255088574,0.8349103875046878,28.352381255088574,2.5985680287002544,2.971850276552113,0.09652662569906331
3179.0,127.16,2.0,0.8766806388949988,28.379104868729495,0.8766806388949988,28.379104868729495,2.585023553335053,2.971850276552113,0.09652662569906331
3180.0,127.2,2.0,0.9189117280300361,28.405405596052056,0.9189117280300361,28.405405596052056,2.571475239461295,2.971850276552113,0.09652662569906331
3181.0,127.24000000000001,2.0,0.9618344988262357,28.43132831559311,0.9618344988262357,28.43132831559311,2.55792308707898,2.971850276552113,0.09652662569906331
3182.0,127.28,2.0,1.0054476297726713,28.456669169451928,1.0054476297726713,28.456669169451928,2.5443670961881075,2.971850276552113,0.09652662569906331
3183.0,127.32000000000001,2.0,1.0497497846078718,28.48158433667462,1.0497497846078718,28.48158433667462,2.5308072667886785,2.971850276552113,0.09652662569906331
3184.0,127.36,2.0,1.0947396123553417,28.50597020066452,1.0947396123553417,28.50597020066452,2.5172435988806923,2.971850276552113,0.09652662569906331
3185.0,127.4,2.0,1.1404157473594312,28.52977277149582,1.1404157473594312,28.52977277149582,2.5036760924641492,2.971850276552113,0.09652662569906331
3186.0,127.44,2.0,1.1867768093215583,28.553132426334443,1.1867768093215583,28.553132426334443,2.490104747539049,2.971850276552113,0.09652662569906331
3187.0,127.48,2.0,1.23382140333678,28.57598455494624,1.23382140333678,28.57598455494624,2.476529564105391,2.971850276552113,0.09652662569906331
3188.0,127.52,2.0,1.281548119930716,28.598252039921825,1.281548119930716,28.598252039921825,2.462950542163177,2.971850276552113,0.09652662569906331
3189.0,127.56,2.0,1.3299555350968166,28.619933232307325,1.3299555350968166,28.619933232307325,2.4493676817124057,2.971850276552113,0.09652662569906331
3190.0,127.60000000000001,2.0,1.3790422103339817,28.64113787147313,1.3790422103339817,28.64113787147313,2.4357809827530774,2.971850276552113,0.09652662569906331
3191.0,127.64,2.0,1.4288066926845255,28.661873677049403,1.4288066926845255,28.661873677049403,2.422190445285192,2.971850276552113,0.09652662569906331
3192.0,127.68,2.0,1.4792475147724864,28.68202194561852,1.4792475147724864,28.68202194561852,2.4085960693087496,2.971850276552113,0.09652662569906331
3193.0,127.72,2.0,1.530363194842282,28.701637869874904,1.530363194842282,28.701637869874904,2.3949978548237505,2.971850276552113,0.09652662569906331
3194.0,127.76,2.0,1.5821522367977092,28.720850038639963,1.5821522367977092,28.720850038639963,2.381395801830194,2.971850276552113,0.09652662569906331
3195.0,127.8,2.0,1.6346131302412854,28.73970843270784,1.6346131302412854,28.73970843270784,2.3677899103280806,2.971850276552113,0.09652662569906331
3196.0,127.84,2.0,1.6877443505139333,28.758171764522988,1.6877443505139333,28.758171764522988,2.3541801803174103,2.971850276552113,0.09652662569906331
3197.0,127.88000000000001,2.0,1.7415443587350057,28.776235156311643,1.7415443587350057,28.776235156311643,2.340566611798183,2.971850276552113,0.09652662569906331
3198.0,127.92,2.0,1.796011601842651,28.793933410460397,1.796011601842651,28.793933410460397,2.326949204770399,2.971850276552113,0.09652662569906331
3199.0,127.96000000000001,2.0,1.8511445126345203,28.811255123939404,1.8511445126345203,28.811255123939404,2.313327959234057,2.971850276552113,0.09652662569906331
3200.0,128.0,2.0,1.9069415098088045,28.82817695254409,1.9069415098088045,28.82817695254409,2.299702875189159,2.971850276552113,0.09652662569906331
3201.0,128.04,2.0,1.9634009980056195,28.844749536314257,1.9634009980056195,28.844749536314257,2.2860739526357032,2.971850276552113,0.09652662569906331
3202.0,128.08,2.0,2.0205213678487204,28.86098065835498,2.0205213678487204,28.86098065835498,2.272441191573691,2.971850276552113,0.09652662569906331
3203.0,128.12,2.0,2.078300995987552,28.87686396450037,2.078300995987552,28.87686396450037,2.2588045920031212,2.971850276552113,0.09652662569906331
3204.0,128.16,2.0,2.136738245139634,28.89238245396836,2.136738245139634,28.89238245396836,2.245164153923995,2.971850276552113,0.09652662569906331
3205.0,128.2,2.0,2.1958314641332817,28.9075380656132,2.1958314641332817,28.9075380656132,2.2315198773363116,2.971850276552113,0.09652662569906331
3206.0,128.24,2.0,2.2555789879506536,28.922345249446995,2.2555789879506536,28.922345249446995,2.217871762240071,2.971850276552113,0.09652662569906331
3207.0,128.28,2.0,2.315979137771133,28.936815099788873,2.315979137771133,28.936815099788873,2.2042198086352736,2.971850276552113,0.09652662569906331
3208.0,128.32,2.0,2.3770302210150422,28.95095897782178,2.3770302210150422,28.95095897782178,2.190564016521919,2.971850276552113,0.09652662569906331
3209.0,128.36,2.0,2.43873053138768,28.964761759071585,2.43873053138768,28.964761759071585,2.1769043859000075,2.971850276552113,0.09652662569906331
3210.0,128.4,2.0,2.5010783489236905,28.97814591347189,2.5010783489236905,28.97814591347189,2.163240916769539,2.971850276552113,0.09652662569906331
3211.0,128.44,2.0,2.564071940031758,28.990967486691584,2.564071940031758,28.990967486691584,2.1495736091305138,2.971850276552113,0.09652662569906331
3212.0,128.48,2.0,2.627709557539628,29.00322500132514,2.627709557539628,29.00322500132514,2.135902462982931,2.971850276552113,0.09652662569906331
3213.0,128.52,2.0,2.6919894407394516,29.014916991362746,2.6919894407394516,29.014916991362746,2.122227478326791,2.971850276552113,0.09652662569906331
3214.0,128.56,2.0,2.756909815433454,29.02604200224186,2.756909815433454,29.02604200224186,2.1085486551620947,2.971850276552113,0.09652662569906331
3215.0,128.6,2.0,2.8224688939799236,29.03659859089839,2.8224688939799236,29.03659859089839,2.0948659934888414,2.971850276552113,0.09652662569906331
3216.0,128.64000000000001,2.0,2.8886648753395296,29.04658532581774,2.8886648753395296,29.04658532581774,2.081179493307031,2.971850276552113,0.09652662569906331
3217.0,128.68,2.0,2.955495945121946,29.05600078708555,2.955495945121946,29.05600078708555,2.0674891546166627,2.971850276552113,0.09652662569906331
3218.0,128.72,2.0,3.0229602756328093,29.064843566438167,3.0229602756328093,29.064843566438167,2.053794977417738,2.971850276552113,0.09652662569906331
3219.0,128.76,2.0,3.0910560259209854,29.073112267312883,3.0910560259209854,29.073112267312883,2.040096961710257,2.971850276552113,0.09652662569906331
3220.0,128.8,2.0,3.1597813418261516,29.080805504897942,3.1597813418261516,29.080805504897942,2.0263951074942184,2.964561022547572,0.09652662569906331
3221.0,128.84,2.0,3.229134356026704,29.087921906182213,3.229134356026704,29.087921906182213,2.0126894147696226,2.94998251453849,0.09652662569906331
3222.0,128.88,2.0,3.2991131880879654,29.094460110004697,3.2991131880879654,29.094460110004697,1.9989798835364698,2.928114752524867,0.09652662569906331
3223.0,128.92000000000002,2.0,3.369715944510722,29.10041876710368,3.369715944510722,29.10041876710368,1.9852665137947603,2.8989577365067034,0.09652662569906331
3224.0,128.96,2.0,3.4409407187800563,29.1057965401657,3.4409407187800563,29.1057965401657,1.971549305544494,2.8625114664839986,0.09652662569906331
3225.0,129.0,2.0,3.5127855914145028,29.1105921038742,3.5127855914145028,29.1105921038742,1.95782825878567,2.818775942456753,0.09652662569906331
3226.0,129.04,2.0,3.585248630015506,29.11480414495794,3.585248630015506,29.11480414495794,1.944103373518289,2.7677511644249666,0.09652662569906331
3227.0,129.08,2.0,3.6583278893171927,29.11843136223913,3.6583278893171927,29.11843136223913,1.9303746497423515,2.710881720196651,0.09686206746422851
3228.0,129.12,2.0,3.7320214112364445,29.12147246668129,3.7320214112364445,29.12147246668129,1.9166420874578571,2.6477910230296433,0.09755949325446127
3229.0,129.16,2.0,3.806327224923283,29.123926181436875,3.806327224923283,29.123926181436875,1.902909525173362,2.578479072923944,0.09861890306976152
3230.0,129.2,2.0,3.8812433468115546,29.125791241894557,3.8812433468115546,29.125791241894557,1.8891769628888675,2.5029458698795524,0.1000402969101293
3231.0,129.24,2.0,3.9567677806699226,29.12706639572633,3.9567677806699226,29.12706639572633,1.875444400604373,2.4209945521521496,0.101714906432902
3232.0,129.28,2.0,4.032898517653157,29.127750402934247,4.032898517653157,29.127750402934247,1.8617118383198783,2.332591276400266,0.1033895159556747
3233.0,129.32,2.0,4.109633536353732,29.127842035896954,4.109633536353732,29.127842035896954,1.8479792760353837,2.237650110878006,0.1050641254784474
3234.0,129.36,2.0,4.186970802853713,29.12734007941589,4.186970802853713,29.12734007941589,1.8342467137508887,2.135819715544795,0.1067387350012201
3235.0,129.4,2.0,4.264908270776956,29.126243330761266,4.264908270776956,29.126243330761266,1.820514151466394,2.027136952319439,0.1084133445239928
3236.0,129.44,2.0,4.343443881341589,29.124550599717704,4.343443881341589,29.124550599717704,1.8067815891818995,1.9112788594394707,0.11008795404676552
3237.0,129.48,2.0,4.422575563412802,29.12226070862965,4.422575563412802,29.12226070862965,1.7930490268974049,1.7888681295767952,0.11176256356953819
3238.0,129.52,2.0,4.5023012335559205,29.119372492446463,4.5023012335559205,29.119372492446463,1.7793164646129098,1.6599047627314119,0.1134371730923109
3239.0,129.56,2.0,4.582618796089784,29.11588479876724,4.582618796089784,29.11588479876724,1.7655839023284152,1.5336708634352163,0.11511178261508359
3240.0,129.6,2.0,4.663526143140408,29.111796487885364,4.663526143140408,29.111796487885364,1.7518513400439208,1.414457756187764,0.11678639213785631
3241.0,129.64000000000001,2.0,4.745021154694932,29.107106432832737,4.745021154694932,29.107106432832737,1.738118777759426,1.3023004005434118,0.11831195013977458
3242.0,129.68,2.0,4.827101698655879,29.101813519423764,4.827101698655879,29.101813519423764,1.724386215474931,1.1971792228881102,0.11941627832095737
3243.0,129.72,2.0,4.909765630895671,29.095916646299006,4.909765630895671,29.095916646299006,1.7106536531904364,1.0990984108956006,0.12026533167968838
3244.0,129.76,2.0,4.993010795311459,29.089414724968577,4.993010795311459,29.089414724968577,1.696921090905942,1.0078048885503925,0.1208759233277457
3245.0,129.8,1.0,5.076835023880223,29.08230667985524,5.076835023880223,29.08230667985524,1.6831885286214472,0.9236607528200371,0.12124805326512925
3246.0,129.84,0.0,5.161236136714162,29.07459144833718,5.161236136714162,29.07459144833718,1.6694818917752179,0.8450141932202616,0.1210462797266739
3247.0,129.88,0.0,5.246211942116363,29.066267980790553,5.246211942116363,29.066267980790553,1.6558011803672539,0.7711292918495648,0.11985588971483056
3248.0,129.92000000000002,0.0,5.331760236636752,29.05733524063165,5.331760236636752,29.05733524063165,1.6421463943975558,0.7018956779944718,0.11769647882061826
3249.0,129.96,1.0,5.417878805128329,29.04779220435886,5.417878805128329,29.04779220435886,1.6285175338661224,0.6373133516549823,0.114568047044037
3250.0,130.0,1.0,5.504565420803678,29.037637861594224,5.504565420803678,29.037637861594224,1.614914598772955,0.5775791745754163,0.11057936272774936
3251.0,130.04,0.0,5.5918178452917475,29.026871215124807,5.5918178452917475,29.026871215124807,1.6013375891180528,0.5229238518415629,0.10609240989682293
3252.0,130.08,1.0,5.679633828694926,29.015491280943685,5.679633828694926,29.015491280943685,1.5877865049014164,0.47346715854078675,0.10112075937556965
3253.0,130.12,0.0,5.768011109646368,29.003497088290683,5.768011109646368,29.003497088290683,1.574261346123045,0.42964636645955684,0.09568437378994583
3254.0,130.16,1.0,5.85694741536761,28.99088767969274,5.85694741536761,28.99088767969274,1.560762112782939,0.39177595371964324,0.08983761967126168
3255.0,130.2,0.0,5.9464404617264535,28.977662111004065,5.9464404617264535,28.977662111004065,1.5472888048810989,0.3601420201647073,0.08362149886175259
3256.0,130.24,0.0,6.036487953295111,28.963819451445925,6.036487953295111,28.963819451445925,1.5338414224175239,0.33444483488531035,0.07710338186081912
3257.0,130.28,0.0,6.1270875834086285,28.949358783646133,6.1270875834086285,28.949358783646133,1.5204199653922141,0.3140617052095489,0.07052771569336806
3258.0,130.32,1.0,6.218237034223579,28.934279203678226,6.218237034223579,28.934279203678226,1.50702443380517,0.2969997806100679,0.06395204952591699
3259.0,130.36,0.0,6.309933976777009,28.918579821100376,6.309933976777009,28.918579821100376,1.4936548276563915,0.2789677365873127,0.057376383358465934
3260.0,130.4,1.0,6.402176071045657,28.902259758993928,6.402176071045657,28.902259758993928,1.480311146945878,0.2603201405428104,0.05094976871186929
3261.0,130.44,2.0,6.49496096600544,28.885318154001666,6.49496096600544,28.885318154001666,1.46699339167363,0.2405329360678823,0.04494438388600814
3262.0,130.48,2.0,6.588286299691183,28.867768153359748,6.588286299691183,28.867768153359748,1.4537015618396478,0.220006077160533,0.039194273882598746
3263.0,130.52,2.0,6.682149699256633,28.849779929565404,6.682149699256633,28.849779929565404,1.440435657443931,0.19921075629738558,0.03368262558986308
3264.0,130.56,2.0,6.776548781034717,28.831357437067737,6.776548781034717,28.831357437067737,1.4271956784864792,0.17855530282392684,0.028409439007801154
3265.0,130.6,2.0,6.8714811505980515,28.81250075260077,6.8714811505980515,28.81250075260077,1.4139816249672932,0.15824693941641718,0.02337471413641296
3266.0,130.64000000000001,2.0,6.966944402819725,28.793197469384264,6.966944402819725,28.793197469384264,1.4007934968863722,0.13939817071852065,0.01896662171334518
3267.0,130.68,2.0,7.062936121934318,28.773435452691647,7.062936121934318,28.773435452691647,1.3876312942437172,0.12211936744371234,0.015165566147578845
3268.0,130.72,2.0,7.159453881599183,28.753199217334036,7.159453881599183,28.753199217334036,1.3744950170393273,0.1064105295919922,0.011971547439113954
3269.0,130.76,2.0,7.256495244955977,28.73248579455179,7.256495244955977,28.73248579455179,1.361384665273203,0.09227165716336028,0.00938456558795051
3270.0,130.8,2.0,7.35405776469244,28.711304627062436,7.35405776469244,28.711304627062436,1.3483002389453438,0.07950588841349675,0.007295852251425898
3271.0,130.84,2.0,7.452138983104421,28.689661877086866,7.452138983104421,28.689661877086866,1.3352417380557504,0.06807938000093222,0.005691836605228117
3272.0,130.88,2.0,7.550736432158153,28.66751493258972,7.550736432158153,28.66751493258972,1.3222091626044223,0.05790620017977149,0.004552556023400864
3273.0,130.92000000000002,2.0,7.64984763355277,28.644903427272485,7.64984763355277,28.644903427272485,1.3092025125913596,0.04863500890944077,0.0038236439746339593
3274.0,130.96,2.0,7.749470098783069,28.621797941493806,7.749470098783069,28.621797941493806,1.2962217880165625,0.04030266810874379,0.003464098616691977
3275.0,131.0,2.0,7.849601329202523,28.598208880851303,7.849601329202523,28.598208880851303,1.2832669888800303,0.03258621601521552,0.0034065494501743787
3276.0,131.04,2.0,7.950238816086504,28.574100451077612,7.950238816086504,28.574100451077612,1.270338115181764,0.026108345300759523,0.0034065494501743787
3277.0,131.08,2.0,8.05138004069579,28.54947211544733,8.05138004069579,28.54947211544733,1.2574351669217632,0.020869055965375808,0.0034065494501743787
3278.0,131.12,2.0,8.153022474340265,28.52434964155821,8.153022474340265,28.52434964155821,1.2445581441000275,0.016868348009064366,0.0034065494501743787
3279.0,131.16,2.0,8.255163578442886,28.498724436848377,8.255163578442886,28.498724436848377,1.2317070467165574,0.013716694475941055,0.0034065494501743787
3280.0,131.2,2.0,8.357800804603867,28.47245716439415,8.357800804603867,28.47245716439415,1.2188818747713528,0.011957725388733641,0.0034065494501743787
3281.0,131.24,2.0,8.460931594665103,28.44551822003146,8.460931594665103,28.44551822003146,1.2060826282644135,0.011187299075696489,0.0034065494501743787
3282.0,131.28,2.0,8.564553380774823,28.417931394600306,8.564553380774823,28.417931394600306,1.1933093071957397,0.011187299075696489,0.0034065494501743787
3283.0,131.32,2.0,8.668663585452466,28.389834482830747,8.668663585452466,28.389834482830747,1.1805619115653312,0.011187299075696489,0.0034065494501743787
3284.0,131.36,2.0,8.773259621653791,28.36106173653342,8.773259621653791,28.36106173653342,1.1678404413731884,0.011187299075696489,0.0034065494501743787
3285.0,131.4,2.0,8.878338892836226,28.331612585160336,8.878338892836226,28.331612585160336,1.1551448966193107,0.011187299075696489,0.0034065494501743787
3286.0,131.44,2.0,8.9838987930244,28.301486473246083,8.9838987930244,28.301486473246083,1.1424752773036986,0.011187299075696489,0.0034065494501743787
3287.0,131.48,2.0,9.089936706875958,28.27073670384084,9.089936706875958,28.27073670384084,1.1298315834263521,0.011187299075696489,0.0034065494501743787
3288.0,131.52,2.0,9.196450009747537,28.239432765443993,9.196450009747537,28.239432765443993,1.1172138149872706,0.011187299075696489,0.0034065494501743787
3289.0,131.56,2.0,9.303436067761,28.207447908980793,9.303436067761,28.207447908980793,1.104621971986455,0.011187299075696489,0.0034065494501743787
3290.0,131.6,2.0,9.41089223786988,28.174781636764376,9.41089223786988,28.174781636764376,1.0920560544239044,0.011187299075696489,0.0034065494501743787
3291.0,131.64000000000001,2.0,9.51881586792603,28.141566067298704,9.51881586792603,28.141566067298704,1.0795160622996196,0.011187299075696489,0.0034065494501743787
3292.0,131.68,2.0,9.627204296746498,28.107706077847933,9.627204296746498,28.107706077847933,1.0670019956135999,0.011187299075696489,0.0034065494501743787
3293.0,131.72,2.0,9.73605485418061,28.073204510344393,9.73605485418061,28.073204510344393,1.0545138543658459,0.011187299075696489,0.0034065494501743787
3294.0,131.76,2.0,9.845364861177265,28.03814182274533,9.845364861177265,28.03814182274533,1.0420516385563572,0.011187299075696489,0.0034065494501743787
3295.0,131.8,2.0,9.955131629852442,28.002558827606002,9.955131629852442,28.002558827606002,1.029615348185134,0.011187299075696489,0.0034065494501743787
3296.0,131.84,2.0,10.065352463556916,27.966452720881325,10.065352463556916,27.966452720881325,1.0172049832521761,0.011187299075696489,0.0034065494501743787
3297.0,131.88,2.0,10.176024656944165,27.929820711364254,10.176024656944165,27.929820711364254,1.0048205437574838,0.011187299075696489,0.0034065494501743787
3298.0,131.92000000000002,2.0,10.287145496038512,27.892660020754345,10.287145496038512,27.892660020754345,0.9924620297010567,0.011187299075696489,0.0034065494501743787
3299.0,131.96,2.0,10.398712258303435,27.854967883726115,10.398712258303435,27.854967883726115,0.9801294410828951,0.011187299075696489,0.0034065494501743787
3300.0,132.0,2.0,10.510722212710109,27.816741547996944,10.510722212710109,27.816741547996944,0.9678227779029991,0.011187299075696489,0.0034065494501743787
3301.0,132.04,2.0,10.623172619806121,27.777978274394766,10.623172619806121,27.777978274394766,0.9555420401613683,0.011187299075696489,0.0034065494501743787
3302.0,132.08,2.0,10.736060731784404,27.738675336925397,10.736060731784404,27.738675336925397,0.943287227858003,0.011187299075696489,0.0034065494501743787
3303.0,132.12,2.0,10.849383792552361,27.69883002283952,10.849383792552361,27.69883002283952,0.9310583409929033,0.011187299075696489,0.0034065494501743787
3304.0,132.16,2.0,10.963139037801163,27.658439632699373,10.963139037801163,27.658439632699373,0.9188553795660688,0.011187299075696489,0.0034065494501743787
3305.0,132.2,2.0,11.077323695075282,27.617501480445096,11.077323695075282,27.617501480445096,0.9066783435774999,0.011187299075696489,0.0034065494501743787
3306.0,132.24,2.0,11.191934983842176,27.57601289346076,11.191934983842176,27.57601289346076,0.8945272330271963,0.011187299075696489,0.0034065494501743787
3307.0,132.28,2.0,11.30697011556218,27.533971212640036,11.30697011556218,27.533971212640036,0.8824020479151583,0.011187299075696489,0.0034065494501743787
3308.0,132.32,2.0,11.422426293758578,27.49137379245157,11.422426293758578,27.49137379245157,0.8703027882413854,0.011187299075696489,0.0034065494501743787
3309.0,132.36,2.0,11.538300714087878,27.448218001004005,11.538300714087878,27.448218001004005,0.8582294540058784,0.011187299075696489,0.0034065494501743787
3310.0,132.4,2.0,11.654590564410247,27.404501220110653,11.654590564410247,27.404501220110653,0.8461820452086364,0.011187299075696489,0.0034065494501743787
3311.0,132.44,2.0,11.77129302486014,27.360220845353865,11.77129302486014,27.360220845353865,0.83416056184966,0.011187299075696489,0.0034065494501743787
3312.0,132.48,2.0,11.888405267917115,27.315374286149016,11.888405267917115,27.315374286149016,0.8221650039289491,0.011187299075696489,0.0034065494501743787
3313.0,132.52,2.0,12.005924458476812,27.269958965808197,12.005924458476812,27.269958965808197,0.8101953714465036,0.011187299075696489,0.0034065494501743787
3314.0,132.56,2.0,12.12384775392213,27.223972321603554,12.12384775392213,27.223972321603554,0.7982516644023234,0.011187299075696489,0.0034065494501743787
3315.0,132.6,2.0,12.242172304194552,27.17741180483021,12.242172304194552,27.17741180483021,0.7863338827964088,0.011187299075696489,0.0034065494501743787
3316.0,132.64000000000001,2.0,12.360895251865676,27.130274880868992,12.360895251865676,27.130274880868992,0.7744420266287596,0.011187299075696489,0.0034065494501743787
3317.0,132.68,2.0,12.480013732208878,27.08255902924865,12.480013732208878,27.08255902924865,0.7625760958993756,0.011187299075696489,0.0034065494501743787
3318.0,132.72,2.0,12.599524873271193,27.034261743707834,12.599524873271193,27.034261743707834,0.7507360906082573,0.011187299075696489,0.0034065494501743787
3319.0,132.76,2.0,12.719425795945314,26.985380532256684,12.719425795945314,26.985380532256684,0.7389220107554043,0.011187299075696489,0.0034065494501743787
3320.0,132.8,2.0,12.8397136140418,26.935912917238085,12.8397136140418,26.935912917238085,0.7271338563408168,0.011187299075696489,0.0034065494501743787
3321.0,132.84,2.0,12.96038543436142,26.88585643538852,12.96038543436142,26.88585643538852,0.7153716273644948,0.011187299075696489,0.0034065494501743787
3322.0,132.88,2.0,13.081438356767677,26.83520863789864,13.081438356767677,26.83520863789864,0.7036353238264381,0.011187299075696489,0.0034065494501743787
3323.0,132.92000000000002,2.0,13.202869474259483,26.783967090473432,13.202869474259483,26.783967090473432,0.6919249457266468,0.011187299075696489,0.0034065494501743787
3324.0,132.96,2.0,13.324675873043988,26.732129373392038,13.324675873043988,26.732129373392038,0.6806944026974673,0.011187299075696489,0.0034065494501743787
3325.0,133.0,2.0,13.44685463260959,26.679693081567223,13.44685463260959,26.679693081567223,0.6703083530518156,0.011187299075696489,0.0034065494501743787
3326.0,133.04,2.0,13.569373968882724,26.62665582460448,13.569373968882724,26.62665582460448,0.6607667705632393,0.011187299075696489,0.0034065494501743787
3327.0,133.08,2.0,13.69220208253982,26.57301522686075,13.69220208253982,26.57301522686075,0.6520696290052862,0.011187299075696489,0.0034065494501743787
3328.0,133.12,2.0,13.815307159343629,26.518768927502848,13.815307159343629,26.518768927502848,0.6442169021515038,0.011187299075696489,0.0034065494501743787
3329.0,133.16,2.0,13.938657370479753,26.463914580565422,13.938657370479753,26.463914580565422,0.6372085637754403,0.011187299075696489,0.0034065494501743787
3330.0,133.2,2.0,14.06222087289343,26.40844985500863,14.06222087289343,26.40844985500863,0.6310445876506431,0.011187299075696489,0.0034065494501743787
3331.0,133.24,2.0,14.185965809626502,26.35237243477541,14.185965809626502,26.35237243477541,0.6257249475506599,0.011187299075696489,0.0034065494501743787
3332.0,133.28,2.0,14.309878608049509,26.295680018848408,14.309878608049509,26.295680018848408,0.6212407277516335,0.011187299075696489,0.0034065494501743787
3333.0,133.32,2.0,14.43386867044423,26.238370321306498,14.43386867044423,26.238370321306498,0.6175866995739402,0.011187299075696489,0.0034065494501743787
3334.0,133.36,2.0,14.557897074170596,26.180441071380947,14.557897074170596,26.180441071380947,0.6147612142654216,0.011187299075696489,0.0034065494501743787
3335.0,133.4,2.0,14.681924931812079,26.12189001351126,14.681924931812079,26.12189001351126,0.6127626230739202,0.011187299075696489,0.0034065494501743787
3336.0,133.44,2.0,14.80592245385504,26.062714907400522,14.80592245385504,26.062714907400522,0.6115967036719189,0.011187299075696489,0.0034065494501743787
3337.0,133.48,2.0,14.929821869411253,26.002913528070504,14.929821869411253,26.002913528070504,0.6112632456887366,0.011187299075696489,0.0034065494501743787
3338.0,133.52,2.0,15.05352345369458,25.94248366591633,15.05352345369458,25.94248366591633,0.6117558147262157,0.011187299075696489,0.0034065494501743787
3339.0,133.56,2.0,15.176993501972879,25.881423126760723,15.176993501972879,25.881423126760723,0.6130765811874199,0.011187299075696489,0.0034065494501743787
3340.0,133.6,2.0,15.300092315803663,25.81972973190796,15.300092315803663,25.81972973190796,0.6152145718053632,0.011187299075696489,0.0034065494501743787
3341.0,133.64000000000001,2.0,15.422789665773516,25.75740131819738,15.422789665773516,25.75740131819738,0.6177034138788443,0.011187299075696489,0.0034065494501743787
3342.0,133.68,2.0,15.544389891693042,25.694435738056534,15.544389891693042,25.694435738056534,0.6202181813905908,0.011187299075696489,0.0034065494501743787
3343.0,133.72,2.0,15.664860717257508,25.630830859553946,15.664860717257508,25.630830859553946,0.6227588743406028,0.011187299075696489,0.0034065494501743787
3344.0,133.76,2.0,15.784169897508185,25.56658456645151,15.784169897508185,25.56658456645151,0.6253254927288804,0.011187299075696489,0.0034065494501743787
3345.0,133.8,2.0,15.90228623967416,25.50169475825643,15.90228623967416,25.50169475825643,0.6279180365554232,0.011187299075696489,0.0034065494501743787
3346.0,133.84,2.0,16.018348965870118,25.436159350272895,16.018348965870118,25.436159350272895,0.6305365058202316,0.011187299075696489,0.0034065494501743787
3347.0,133.88,2.0,16.13236152233092,25.36997627365324,16.13236152233092,25.36997627365324,0.6331809005233053,0.011187299075696489,0.0034065494501743787
3348.0,133.92000000000002,2.0,16.246031370434352,25.303143475448774,16.246031370434352,25.303143475448774,0.6358512206646445,0.011187299075696489,0.0034065494501743787
3349.0,133.96,2.0,16.35937055364345,25.235658918660246,16.35937055364345,25.235658918660246,0.6385474662442491,0.011187299075696489,0.0034065494501743787
3350.0,134.0,2.0,16.4723720214025,25.167520582287857,16.4723720214025,25.167520582287857,0.641269637262119,0.011187299075696489,0.0034065494501743787
3351.0,134.04,2.0,16.58502873721836,25.098726461380902,16.58502873721836,25.098726461380902,0.6440177337182545,0.011187299075696489,0.0034065494501743787
3352.0,134.08,2.0,16.69731538125911,25.029274567087064,16.69731538125911,25.029274567087064,0.6467917556126555,0.011187299075696489,0.0034065494501743787
3353.0,134.12,2.0,16.809283660602098,24.959162926701204,16.809283660602098,24.959162926701204,0.6495917029453218,0.011187299075696489,0.0034065494501743787
3354.0,134.16,2.0,16.920933609897556,24.888389583713867,16.920933609897556,24.888389583713867,0.6524175757162535,0.011187299075696489,0.0034065494501743787
3355.0,134.2,2.0,17.03226523205358,24.816952597859324,17.03226523205358,24.816952597859324,0.6552693739254506,0.011187299075696489,0.0034065494501743787
3356.0,134.24,2.0,17.143269436386976,24.74485004516324,17.143269436386976,24.74485004516324,0.6581470975729133,0.011187299075696489,0.0034065494501743787
3357.0,134.28,2.0,17.25419244892798,24.6720800179899,17.25419244892798,24.6720800179899,0.6610507466586413,0.011187299075696489,0.0034065494501743787
3358.0,134.32,2.0,17.365278521908074,24.5986406250891,17.365278521908074,24.5986406250891,0.6639803211826347,0.011187299075696489,0.0034065494501743787
3359.0,134.36,2.0,17.476217837487685,24.524529991642595,17.476217837487685,24.524529991642595,0.6669358211448937,0.011187299075696489,0.0034065494501743787
3360.0,134.4,2.0,17.587436665956144,24.449746259310125,17.587436665956144,24.449746259310125,0.669917246545418,0.011187299075696489,0.0034065494501743787
3361.0,134.44,2.0,17.69888849225008,24.374287586275052,17.69888849225008,24.374287586275052,0.6729245973842076,0.011187299075696489,0.0034065494501743787
3362.0,134.48,2.0,17.81022488547616,24.29815214728965,17.81022488547616,24.29815214728965,0.6759578736612629,0.011187299075696489,0.0034065494501743787
3363.0,134.52,2.0,17.921879441959298,24.22133813371984,17.921879441959298,24.22133813371984,0.6790170753765834,0.011187299075696489,0.0034065494501743787
3364.0,134.56,2.0,18.033439598430622,24.143843753589696,18.033439598430622,24.143843753589696,0.6821022025301695,0.011187299075696489,0.0034065494501743787
3365.0,134.6,2.0,18.14534126415887,24.0656672316254,18.14534126415887,24.0656672316254,0.6852132551220209,0.011187299075696489,0.0034065494501743787
3366.0,134.64000000000001,2.0,18.257483424619725,23.986806809298848,18.257483424619725,23.986806809298848,0.6883502331521378,0.011187299075696489,0.0034065494501743787
3367.0,134.68,2.0,18.36984300013036,23.907260744870847,18.36984300013036,23.907260744870847,0.69151313662052,0.011187299075696489,0.0034065494501743787
3368.0,134.72,2.0,18.48250636514266,23.82702731343386,18.48250636514266,23.82702731343386,0.6947019655271679,0.011187299075696489,0.0034065494501743787
3369.0,134.76,2.0,18.595420127022862,23.746104806954392,18.595420127022862,23.746104806954392,0.697916719872081,0.011187299075696489,0.0034065494501743787
3370.0,134.8,2.0,18.70853467843251,23.6644915343149,18.70853467843251,23.6644915343149,0.7011573996552596,0.011187299075696489,0.0034065494501743787
3371.0,134.84,2.0,18.821459523722538,23.5822294507248,18.821459523722538,23.5822294507248,0.7044240048767038,0.011187299075696489,0.0034065494501743787
3372.0,134.88,2.0,18.933959740728127,23.49927397099929,18.933959740728127,23.49927397099929,0.707716535536413,0.011187299075696489,0.0034065494501743787
3373.0,134.92000000000002,2.0,19.04603256835969,23.41582926979487,19.04603256835969,23.41582926979487,0.7110349916343881,0.011187299075696489,0.0034065494501743787
3374.0,134.96,2.0,19.157675256029172,23.331739508231422,19.157675256029172,23.331739508231422,0.7143793731706283,0.011187299075696489,0.0034065494501743787
3375.0,135.0,2.0,19.268885063717793,23.24710866648785,19.268885063717793,23.24710866648785,0.7177496801451342,0.011187299075696489,0.0034065494501743787
3376.0,135.04,2.0,19.37965926204348,23.161991121493898,19.37965926204348,23.161991121493898,0.7211459125579053,0.011187299075696489,0.0034065494501743787
3377.0,135.08,2.0,19.489995132328048,23.07624690651421,19.489995132328048,23.07624690651421,0.7245680704089419,0.011187299075696489,0.0034065494501743787
3378.0,135.12,2.0,19.599889966664147,22.9899410656445,19.599889966664147,22.9899410656445,0.7280161536982439,0.011187299075696489,0.0034065494501743787
3379.0,135.16,2.0,19.709341067981903,22.903151173590597,19.709341067981903,22.903151173590597,0.7314901624258114,0.011187299075696489,0.0034065494501743787
3380.0,135.2,2.0,19.818345750115313,22.815879360040963,19.818345750115313,22.815879360040963,0.7349900965916443,0.011187299075696489,0.0034065494501743787
3381.0,135.24,2.0,19.92690133786839,22.72801638980072,19.92690133786839,22.72801638980072,0.7385159561957427,0.011187299075696489,0.0034065494501743787
3382.0,135.28,2.0,20.03500516708098,22.639555070858375,20.03500516708098,22.639555070858375,0.7420677412381063,0.011187299075696489,0.0034065494501743787
3383.0,135.32,2.0,20.142654584694366,22.550614657695046,20.142654584694366,22.550614657695046,0.7456454517187356,0.011187299075696489,0.0034065494501743787
3384.0,135.36,2.0,20.24984694881658,22.46114053212578,20.24984694881658,22.46114053212578,0.7492490876376301,0.011187299075696489,0.0034065494501743787
3385.0,135.4,2.0,20.356579628787415,22.37100470328521,20.356579628787415,22.37100470328521,0.7528786489947903,0.011187299075696489,0.0034065494501743787
3386.0,135.44,2.0,20.4628500052432,22.280157811781866,20.4628500052432,22.280157811781866,0.7565341357902157,0.011187299075696489,0.0034065494501743787
3387.0,135.48,2.0,20.56865547018128,22.188641790020117,20.56865547018128,22.188641790020117,0.7602155480239065,0.011187299075696489,0.0034065494501743787
3388.0,135.52,2.0,20.67399342702418,22.09646218406766,20.67399342702418,22.09646218406766,0.7639228856958628,0.011187299075696489,0.0034065494501743787
3389.0,135.56,2.0,20.77886129068355,22.003584883275416,20.77886129068355,22.003584883275416,0.7676561488060845,0.011187299075696489,0.0034065494501743787
3390.0,135.6,2.0,20.883256487623807,21.910022005852163,20.883256487623807,21.910022005852163,0.7714153373545717,0.011187299075696489,0.0034065494501743787
3391.0,135.64000000000001,2.0,20.987176455925447,21.8157976346202,20.987176455925447,21.8157976346202,0.7752004513413243,0.011187299075696489,0.0034065494501743787
3392.0,135.68,2.0,21.090618645348126,21.72086189159306,21.090618645348126,21.72086189159306,0.7790114907663425,0.011187299075696489,0.0034065494501743787
3393.0,135.72,2.0,21.193580517393446,21.625207779150852,21.193580517393446,21.625207779150852,0.7828484556296258,0.011187299075696489,0.0034065494501743787
3394.0,135.76,2.0,21.29605954536741,21.52884246037223,21.29605954536741,21.52884246037223,0.7867113459311748,0.011187299075696489,0.0034065494501743787
3395.0,135.8,2.0,21.397871745203602,21.431783768374757,21.397871745203602,21.431783768374757,0.790600161670989,0.011187299075696489,0.0034065494501743787
3396.0,135.84,2.0,21.499090251683278,21.334030620057096,21.499090251683278,21.334030620057096,0.7945149028490689,0.011187299075696489,0.0034065494501743787
3397.0,135.88,2.0,21.599612436300408,21.23556944457152,21.599612436300408,21.23556944457152,0.798455569465414,0.011187299075696489,0.0034065494501743787
3398.0,135.92000000000002,2.0,21.69950818153316,21.1363900501683,21.69950818153316,21.1363900501683,0.8024221615200247,0.011187299075696489,0.0034065494501743787
3399.0,135.96,2.0,21.798811879052998,21.036482001631907,21.798811879052998,21.036482001631907,0.8064146790129006,0.011187299075696489,0.0034065494501743787
3400.0,136.0,2.0,21.897390451311523,20.935861372794374,21.897390451311523,20.935861372794374,0.8104331219440422,0.011187299075696489,0.0034065494501743787
3401.0,136.04,2.0,21.995386867166182,20.834606666462413,21.995386867166182,20.834606666462413,0.814477490313449,0.011187299075696489,0.0034065494501743787
3402.0,136.08,2.0,22.092743859800567,20.732862833081228,22.092743859800567,20.732862833081228,0.8185477841211214,0.011187299075696489,0.0034065494501743787
3403.0,136.12,2.0,22.189432169153083,20.630632369535036,22.189432169153083,20.630632369535036,0.8226440033670591,0.011187299075696489,0.0034065494501743787
3404.0,136.16,2.0,22.285543819473293,20.527917784667217,22.285543819473293,20.527917784667217,0.8267661480512624,0.011187299075696489,0.0034065494501743787
3405.0,136.2,2.0,22.380961549310115,20.424721599218554,22.380961549310115,20.424721599218554,0.8309142181737309,0.011187299075696489,0.0034065494501743787
3406.0,136.24,2.0,22.4757743943379,20.321046345765176,22.4757743943379,20.321046345765176,0.8350882137344648,0.011187299075696489,0.0034065494501743787
3407.0,136.28,2.0,22.56998244458371,20.216894568656233,22.56998244458371,20.216894568656233,0.8392881347334645,0.011187299075696489,0.0034065494501743787
3408.0,136.32,2.0,22.663502535919925,20.112268823951258,22.663502535919925,20.112268823951258,0.8435139811707293,0.011187299075696489,0.0034065494501743787
3409.0,136.36,2.0,22.75645502139772,20.007171679357224,22.75645502139772,20.007171679357224,0.8477657530462597,0.011187299075696489,0.0034065494501743787
3410.0,136.4,2.0,22.848736057964935,19.90160571416538,22.848736057964935,19.90160571416538,0.8520434503600554,0.011187299075696489,0.0034065494501743787
3411.0,136.44,2.0,22.94034474662176,19.79557351918773,22.94034474662176,19.79557351918773,0.8563289910083597,0.011187299075696489,0.0034065494501743787
3412.0,136.48,2.0,23.03129796479489,19.689077696693268,23.03129796479489,19.689077696693268,0.8606192843099139,0.011187299075696489,0.0034065494501743787
3413.0,136.52,2.0,23.12161107629856,19.582120860343903,23.12161107629856,19.582120860343903,0.8649209577689481,0.011187299075696489,0.0034065494501743787
3414.0,136.56,2.0,23.21126041610564,19.474705635130146,23.21126041610564,19.474705635130146,0.8692245805210091,0.011187299075696489,0.0034065494501743787
3415.0,136.6,2.0,23.300227807809534,19.36683465730647,23.300227807809534,19.36683465730647,0.873537615659831,0.011187299075696489,0.0034065494501743787
3416.0,136.64000000000001,2.0,23.388639791987536,19.25851057432642,23.388639791987536,19.25851057432642,0.8778619940007476,0.011187299075696489,0.0034065494501743787
3417.0,136.68,2.0,23.476384370463084,19.149736044777438,23.476384370463084,19.149736044777438,0.8821915421910743,0.011187299075696489,0.0034065494501743787
3418.0,136.72,2.0,23.563532308466588,19.040513738315436,23.563532308466588,19.040513738315436,0.8865272452563935,0.011187299075696489,0.0034065494501743787
3419.0,136.76,2.0,23.650053870744117,18.93100301664782,23.650053870744117,18.93100301664782,0.8908742545684227,0.011187299075696489,0.0034065494501743787
3420.0,136.8,2.0,23.735903483443018,18.821646161236714,23.735903483443018,18.821646161236714,0.8952297281970147,0.011187299075696489,0.0034065494501743787
3421.0,136.84,2.0,23.8211310199054,18.712238291547514,23.8211310199054,18.712238291547514,0.8995880252780614,0.011187299075696489,0.0034065494501743787
3422.0,136.88,2.0,23.905689918736723,18.60304225199889,23.905689918736723,18.60304225199889,0.903950625316478,0.011187299075696489,0.0034065494501743787
3423.0,136.92000000000002,2.0,23.989654823685772,18.494074028786155,23.989654823685772,18.494074028786155,0.9083167921410541,0.011187299075696489,0.0034065494501743787
3424.0,136.96,2.0,24.073101712199467,18.385336671658266,24.073101712199467,18.385336671658266,0.9126863585134256,0.011187299075696489,0.0034065494501743787
3425.0,137.0,2.0,24.15588757283933,18.27685090619578,24.15588757283933,18.27685090619578,0.9170671756994296,0.011187299075696489,0.0034065494501743787
3426.0,137.04,2.0,24.238190549726,18.168343661028132,24.238190549726,18.168343661028132,0.9214485747662872,0.011187299075696489,0.0034065494501743787
3427.0,137.08,2.0,24.319943907590307,18.059698819833148,24.319943907590307,18.059698819833148,0.9258406242882311,0.011187299075696489,0.0034065494501743787
3428.0,137.12,2.0,24.40107034953648,17.950980231785255,24.40107034953648,17.950980231785255,0.9302433113013683,0.011187299075696489,0.0034065494501743787
3429.0,137.16,2.0,24.481711563459164,17.84221167821412,24.481711563459164,17.84221167821412,0.9346465746815598,0.011187299075696489,0.0034065494501743787
3430.0,137.20000000000002,2.0,24.561682400479103,17.73340052223896,24.561682400479103,17.73340052223896,0.9390538991866826,0.011187299075696489,0.0034065494501743787
3431.0,137.24,2.0,24.6409941005798,17.624554115100004,24.6409941005798,17.624554115100004,0.943468357947429,0.011187299075696489,0.0034065494501743787
3432.0,137.28,2.0,24.71973842098413,17.515679795954203,24.71973842098413,17.515679795954203,0.9478871064336059,0.011187299075696489,0.0034065494501743787
3433.0,137.32,2.0,24.797838044520763,17.40678489167121,24.797838044520763,17.40678489167121,0.9523078511957682,0.011187299075696489,0.0034065494501743787
3434.0,137.36,2.0,24.875293743945477,17.297876716629684,24.875293743945477,17.297876716629684,0.9567311216924875,0.011187299075696489,0.0034065494501743787
3435.0,137.4,2.0,24.952215905861014,17.188962572513805,24.952215905861014,17.188962572513805,0.9611608836319451,0.011187299075696489,0.0034065494501743787
3436.0,137.44,2.0,25.028474406848456,17.080049748110152,25.028474406848456,17.080049748110152,0.9655941335753334,0.011187299075696489,0.0034065494501743787
3437.0,137.48,2.0,25.104188963920162,16.971145519104862,25.104188963920162,16.971145519104862,0.970012214995889,0.011187299075696489,0.0034065494501743787
3438.0,137.52,2.0,25.17929120529721,16.862257147881067,25.17929120529721,16.862257147881067,0.9744169930121767,0.011187299075696489,0.0034065494501743787
3439.0,137.56,2.0,25.253725678733915,16.75339188331664,25.253725678733915,16.75339188331664,0.9787983920790343,0.011187299075696489,0.0034065494501743787
3440.0,137.6,2.0,25.32748981927427,16.644537779201805,25.32748981927427,16.644537779201805,0.9831588781896287,0.011187299075696489,0.0034065494501743787
3441.0,137.64000000000001,2.0,25.400585509856086,16.534077051764843,25.400585509856086,16.534077051764843,0.9874941837144912,0.011187299075696489,0.0034065494501743787
3442.0,137.68,2.0,25.47301464982615,16.423627167062794,25.47301464982615,16.423627167062794,0.9918208755824222,0.011187299075696489,0.0034065494501743787
3443.0,137.72,2.0,25.54477915489357,16.31238083691466,25.54477915489357,16.31238083691466,0.9961232681782347,0.011187299075696489,0.0034065494501743787
3444.0,137.76,2.0,25.61588095708269,16.200331996000447,25.61588095708269,16.200331996000447,1.0004009654920303,0.011187299075696489,0.0034065494501743787
3445.0,137.8,2.0,25.68632200468567,16.087885198767626,25.68632200468567,16.087885198767626,1.0046639083945714,0.011187299075696489,0.0034065494501743787
3446.0,137.84,2.0,25.756104262214595,15.975183610054712,25.756104262214595,15.975183610054712,1.0089156802701018,0.011187299075696489,0.0034065494501743787
3447.0,137.88,2.0,25.825229710353245,15.86227694183932,25.825229710353245,15.86227694183932,1.013147437279081,0.011187299075696489,0.0034065494501743787
3448.0,137.92000000000002,2.0,25.8937003459084,15.749111239912642,25.8937003459084,15.749111239912642,1.0173666377344235,0.011187299075696489,0.0034065494501743787
3449.0,137.96,2.0,25.96151818176081,15.635672612732149,25.96151818176081,15.635672612732149,1.0215720997512872,0.011187299075696489,0.0034065494501743787
3450.0,138.0,2.0,26.02868524681575,15.521963581520254,26.02868524681575,15.521963581520254,1.025777192214301,0.011187299075696489,0.0034065494501743787
3451.0,138.04,2.0,26.095203585953165,15.407986673665862,26.095203585953165,15.407986673665862,1.0299819151234646,0.011187299075696489,0.0034065494501743787
3452.0,138.08,2.0,26.16107525997742,15.293744422661854,26.16107525997742,15.293744422661854,1.0341862684787784,0.011187299075696489,0.0034065494501743787
3453.0,138.12,2.0,26.226302345566683,15.179239368042417,26.226302345566683,15.179239368042417,1.038390252280242,0.011187299075696489,0.0034065494501743787
3454.0,138.16,2.0,26.290886935221902,15.064474055320213,26.290886935221902,15.064474055320213,1.0425938665278556,0.011187299075696489,0.0034065494501743787
3455.0,138.20000000000002,2.0,26.354831137215413,14.949451035923461,26.354831137215413,14.949451035923461,1.0467971112216194,0.011187299075696489,0.0034065494501743787
3456.0,138.24,2.0,26.418137075539104,14.834172867132825,26.418137075539104,14.834172867132825,1.050999986361533,0.011187299075696489,0.0034065494501743787
3457.0,138.28,2.0,26.480806889852243,14.718642112018237,26.480806889852243,14.718642112018237,1.0552024919475964,0.011187299075696489,0.0034065494501743787
3458.0,138.32,2.0,26.54284273542892,14.60286133937552,26.54284273542892,14.60286133937552,1.05940462797981,0.011187299075696489,0.0034065494501743787
3459.0,138.36,2.0,26.604246783105083,14.486833123662956,26.604246783105083,14.486833123662956,1.0636063944581735,0.011187299075696489,0.0034065494501743787
3460.0,138.4,2.0,26.66502121922519,14.370560044937655,26.66502121922519,14.370560044937655,1.0678077913826869,0.011187299075696489,0.0034065494501743787
3461.0,138.44,2.0,26.7251682455885,14.25404468879185,26.7251682455885,14.25404468879185,1.0720088187533503,0.011187299075696489,0.0034065494501743787
3462.0,138.48,2.0,26.78469007939495,14.137289646289052,26.78469007939495,14.137289646289052,1.0762094765701637,0.011187299075696489,0.0034065494501743787
3463.0,138.52,2.0,26.843588953190714,14.020297513900072,26.843588953190714,14.020297513900072,1.0804097648331272,0.011187299075696489,0.0034065494501743787
3464.0,138.56,2.0,26.9018671148133,13.903070893438935,26.9018671148133,13.903070893438935,1.0846096835422405,0.011187299075696489,0.0034065494501743787
3465.0,138.6,2.0,26.959526827336344,13.785612391998676,26.959526827336344,13.785612391998676,1.0888092326975038,0.011187299075696489,0.0034065494501743787
3466.0,138.64000000000001,2.0,27.016570369013984,13.667924621887007,27.016570369013984,13.667924621887007,1.0930084122989172,0.011187299075696489,0.0034065494501743787
3467.0,138.68,2.0,27.07300003322488,13.550010200561875,27.07300003322488,13.550010200561875,1.0972072223464804,0.011187299075696489,0.0034065494501743787
3468.0,138.72,2.0,27.12881812841587,13.431871750566916,27.12881812841587,13.431871750566916,1.1014056628401938,0.011187299075696489,0.0034065494501743787
3469.0,138.76,2.0,27.184026978045218,13.313511899466768,27.184026978045218,13.313511899466768,1.105603733780057,0.011187299075696489,0.0034065494501743787
3470.0,138.8,2.0,27.23862892052554,13.194933279782301,27.23862892052554,13.194933279782301,1.1098014351660703,0.011187299075696489,0.0034065494501743787
3471.0,138.84,2.0,27.292626309166327,13.076138528925725,27.292626309166327,13.076138528925725,1.1139987669982332,0.011187299075696489,0.0034065494501743787
3472.0,138.88,2.0,27.34602151211611,12.957130289135602,27.34602151211611,12.957130289135602,1.1181957292765465,0.011187299075696489,0.0034065494501743787
3473.0,138.92000000000002,2.0,27.398816912304277,12.837911207411713,27.398816912304277,12.837911207411713,1.1223923220010095,0.011187299075696489,0.0034065494501743787
3474.0,138.96,2.0,27.451014907382493,12.718483935449877,27.451014907382493,12.718483935449877,1.1265885451716227,0.011187299075696489,0.0034065494501743787
3475.0,139.0,2.0,27.502617909665787,12.598851129576632,27.502617909665787,12.598851129576632,1.1307843987883859,0.011187299075696489,0.0034065494501743787
3476.0,139.04,2.0,27.55362834607328,12.479015450683807,27.55362834607328,12.479015450683807,1.134979882851299,0.011187299075696489,0.0034065494501743787
3477.0,139.08,2.0,27.604048658068496,12.358979564163018,27.604048658068496,12.358979564163018,1.1391749973603618,0.011187299075696489,0.0034065494501743787
3478.0,139.12,2.0,27.653881301599426,12.238746139840066,27.653881301599426,12.238746139840066,1.1433697423155749,0.011187299075696489,0.0034065494501743787
3479.0,139.16,2.0,27.70312874703811,12.118317851909207,27.70312874703811,12.118317851909207,1.1475641177169378,0.011187299075696489,0.0034065494501743787
3480.0,139.20000000000002,2.0,27.75179347911996,11.997697378867363,27.75179347911996,11.997697378867363,1.1517581235644507,0.011187299075696489,0.0034065494501743787
3481.0,139.24,2.0,27.799877996882675,11.876887403448219,27.799877996882675,11.876887403448219,1.1559517598581135,0.011187299075696489,0.0034065494501743787
3482.0,139.28,2.0,27.847384813604805,11.755890612556225,27.847384813604805,11.755890612556225,1.1601450265979265,0.011187299075696489,0.0034065494501743787
3483.0,139.32,2.0,27.89431645674404,11.634709697200542,27.89431645674404,11.634709697200542,1.1643379237838896,0.011187299075696489,0.0034065494501743787
3484.0,139.36,2.0,27.940675467875018,11.513347352428847,27.940675467875018,11.513347352428847,1.1685304514160022,0.011187299075696489,0.0034065494501743787
3485.0,139.4,2.0,27.9864644026269,11.391806277261088,27.9864644026269,11.391806277261088,1.1727226094942649,0.011187299075696489,0.0034065494501743787
3486.0,139.44,2.0,28.03168583062056,11.270089174623145,28.03168583062056,11.270089174623145,1.1769143980186778,0.011187299075696489,0.0034065494501743787
3487.0,139.48,2.0,28.076342335405407,11.14819875128041,28.076342335405407,11.14819875128041,1.1811058169892406,0.011187299075696489,0.0034065494501743787
3488.0,139.52,2.0,28.1204365143959,11.026137717771265,28.1204365143959,11.026137717771265,1.1852968664059533,0.011187299075696489,0.0034065494501743787
3489.0,139.56,2.0,28.163970978807686,10.903908788340514,28.163970978807686,10.903908788340514,1.189487546268816,0.011187299075696489,0.0034065494501743787
3490.0,139.6,2.0,28.206948353593447,10.78151468087272,28.206948353593447,10.78151468087272,1.1936778565778288,0.011187299075696489,0.0034065494501743787
3491.0,139.64000000000001,2.0,28.249371277378362,10.658958116825426,28.249371277378362,10.658958116825426,1.1978677973329912,0.011187299075696489,0.0034065494501743787
3492.0,139.68,2.0,28.29124240239526,10.536241821162392,28.29124240239526,10.536241821162392,1.202057368534304,0.011187299075696489,0.0034065494501743787
3493.0,139.72,2.0,28.332564394419414,10.413368522286659,28.332564394419414,10.413368522286659,1.2062465701817664,0.011187299075696489,0.0034065494501743787
3494.0,139.76,2.0,28.373339932703043,10.290340951973608,28.373339932703043,10.290340951973608,1.210435402275379,0.011187299075696489,0.0034065494501743787
3495.0,139.8,2.0,28.413571709909423,10.167161845303923,28.413571709909423,10.167161845303923,1.2146238648151415,0.011187299075696489,0.0034065494501743787
3496.0,139.84,2.0,28.453262432046724,10.043833940596478,28.453262432046724,10.043833940596478,1.2188119578010541,0.011187299075696489,0.0034065494501743787
3497.0,139.88,2.0,28.492414818401503,9.920359979341177,28.492414818401503,9.920359979341177,1.2229996812331165,0.011187299075696489,0.0034065494501743787
3498.0,139.92000000000002,2.0,28.531031601471827,9.796742706131718,28.531031601471827,9.796742706131718,1.227187035111329,0.011187299075696489,0.0034065494501743787
3499.0,139.96,2.0,28.569115526900138,9.672984868598288,28.569115526900138,9.672984868598288,1.2313740194356915,0.011187299075696489,0.0034065494501743787
3500.0,140.0,2.0,28.606669353405753,9.5490892173402,28.606669353405753,9.5490892173402,1.2355606342062038,0.011187299075696489,0.0034065494501743787
3501.0,140.04,2.0,28.643695852717048,9.425058505858479,28.643695852717048,9.425058505858479,1.2397468794228663,0.011187299075696489,0.0034065494501743787
3502.0,140.08,2.0,28.680197809503326,9.300895490488372,28.680197809503326,9.300895490488372,1.2439327550856785,0.011187299075696489,0.0034065494501743787
3503.0,140.12,2.0,28.716178021306373,9.176602930331812,28.716178021306373,9.176602930331812,1.2481182611946406,0.011187299075696489,0.0034065494501743787
3504.0,140.16,2.0,28.751639298471687,9.052183587189829,28.751639298471687,9.052183587189829,1.252303397749753,0.011187299075696489,0.0034065494501743787
3505.0,140.20000000000002,2.0,28.78658446407939,8.927640225494896,28.78658446407939,8.927640225494896,1.2564881647510155,0.011187299075696489,0.0034065494501743787
3506.0,140.24,2.0,28.82101635387483,8.802975612243223,28.82101635387483,8.802975612243223,1.2606725621984276,0.011187299075696489,0.0032659984813759317
3507.0,140.28,2.0,28.85493781619888,8.67819251692702,28.85493781619888,8.67819251692702,1.2648565900919897,0.011187299075696489,0.003011980460257692
3508.0,140.32,2.0,28.888285546813524,8.553293711466685,28.888285546813524,8.553293711466685,1.269040248431702,0.011456612257631732,0.00271508437006073
3509.0,140.36,2.0,28.92105028045475,8.42828197014296,28.92105028045475,8.42828197014296,1.2732235372175642,0.011781222756201132,0.0024128138511182217
3510.0,140.4,2.0,28.95324553261797,8.303160069529044,28.95324553261797,8.303160069529044,1.2774064564495764,0.012391332969351186,0.0021051689034301668
3511.0,140.44,2.0,28.984861752932723,8.177930788422643,28.984861752932723,8.177930788422643,1.2815890061277384,0.013017769915669063,0.0017921495269965654
3512.0,140.48,2.0,29.015916133905623,8.052596907778005,29.015916133905623,8.052596907778005,1.2857711862520504,0.013825888661341101,0.001473992665860367
3513.0,140.52,2.0,29.04640172544624,7.9271612106378875,29.04640172544624,7.9271612106378875,1.2899529968225125,0.014809449372041589,0.001155598860681219
3514.0,140.56,2.0,29.076387607190053,7.8016264820655055,29.076387607190053,7.8016264820655055,1.2941344378391244,0.015910945616890926,0.0008318306267565247
3515.0,140.6,2.0,29.105778440112996,7.675995509076437,29.105778440112996,7.675995509076437,1.2983155093018866,0.017039149526609544,0.0005026879640862839
3516.0,140.64000000000001,2.0,29.134657639260404,7.550271080570487,29.134657639260404,7.550271080570487,1.3024962112107985,0.018283331028647393,0.00016817087267049653
3517.0,140.68,2.0,29.163036380722712,7.424455987263516,29.163036380722712,7.424455987263516,1.3066765435658605,0.01962401550373049,-0.00016634621874529084
3518.0,140.72,2.0,29.190779080498757,7.298553021619262,29.190779080498757,7.298553021619262,1.3108565063670723,0.021321823743196196,-0.0005008633101610783
3519.0,140.76,2.0,29.217936127329942,7.172564977781084,29.217936127329942,7.172564977781084,1.3150360996144341,0.023376755747044512,-0.0008300059728313191
3520.0,140.8,2.0,29.244620889039794,7.0464946515037274,29.244620889039794,7.0464946515037274,1.319215323307946,0.025788811515275435,-0.0011537742067560133
3521.0,140.84,2.0,29.270836382816697,6.92034484008503,29.270836382816697,6.92034484008503,1.323394177447608,0.028557991047888965,-0.0014721680119351612
3522.0,140.88,2.0,29.296585637362718,6.7941183422976055,29.296585637362718,6.7941183422976055,1.3275726620334198,0.031684294344885115,-0.0017851873883687624
3523.0,140.92000000000002,2.0,29.321871692819148,6.6678179583205255,29.321871692819148,6.6678179583205255,1.3317507770653814,0.03516772140626387,-0.002092832336056817
3524.0,140.96,1.0,29.346697600691744,6.541446489670943,29.346697600691744,6.541446489670943,1.3359285225434931,0.03900827223202523,-0.002400477283744872
3525.0,141.0,1.0,29.371066423775744,6.415006739135731,29.371066423775744,6.415006739135731,1.340105898467755,0.043205946822169196,-0.00256757126263448
3526.0,141.04,1.0,29.394981236080536,6.288501510703077,29.394981236080536,6.288501510703077,1.3442829048381668,0.047666873959788955,-0.0025343915078613133
3527.0,141.08,1.0,29.4184451227541,6.161933609494075,29.4184451227541,6.161933609494075,1.3484595416547283,0.05192223418067876,-0.002350241060435178
3528.0,141.12,0.0,29.441461180007188,6.035305841694292,29.441461180007188,6.035305841694292,1.35263580891744,0.05618493530244915,-0.0021554591164035996
3529.0,141.16,1.0,29.464032515037154,5.90862101448533,29.464032515037154,5.90862101448533,1.3568117066263017,0.060313936999318266,-0.0019553027436264754
3530.0,141.20000000000002,1.0,29.4861622459516,5.781881935976366,29.4861622459516,5.781881935976366,1.360987234781313,0.06489971331972141,-0.001749771942103804
3531.0,141.24,1.0,29.507853501691727,5.655091415135691,29.507853501691727,5.655091415135691,1.3651623933824748,0.06955143018724148,-0.0015391036558785357
3532.0,141.28,2.0,29.52910942195537,5.528252261722232,29.52910942195537,5.528252261722232,1.3693371824297862,0.0746553002042132,-0.0013281984256103179
3533.0,141.32,2.0,29.54993315711984,5.401367286217073,29.54993315711984,5.401367286217073,1.3735116019232476,0.08069627924701604,-0.0011119187665965537
3534.0,141.36,2.0,29.57032786816448,5.274439299754966,29.57032786816448,5.274439299754966,1.3776856518628593,0.0867105506249496,-0.000890264678837243
3535.0,141.4,2.0,29.59029672659293,5.14747111405584,29.59029672659293,5.14747111405584,1.3818593322486208,0.09260884441056395,-0.0006632361623323857
3536.0,141.44,2.0,29.609842914355166,5.02046554135631,29.609842914355166,5.02046554135631,1.386032643080532,0.09841063522313305,-0.0004362076458275285
3537.0,141.48,2.0,29.628969623769276,4.893425394341182,29.628969623769276,4.893425394341182,1.3902055843585936,0.10385530227131952,-0.0002091791293226713
3538.0,141.52,2.0,29.64768005744296,4.7663534860749595,29.64768005744296,4.7663534860749595,1.3943781560828048,0.1089428455551234,1.2474958436639406e-05
3539.0,141.56,2.0,29.665977428194815,4.639252629933356,29.665977428194815,4.639252629933356,1.3985503582531664,0.11367326507454466,0.00022875461745040364
3540.0,141.6,2.0,29.683814251277923,4.5121256395348075,29.683814251277923,4.5121256395348075,1.4027221908696776,0.11804656082958331,0.00043965984771862133
3541.0,141.64000000000001,2.0,29.701080088401067,4.384975328671996,29.701080088401067,4.384975328671996,1.4068936539323387,0.12206273282023937,0.0006451906492412926
3542.0,141.68,2.0,29.717774877371628,4.257804511243378,29.717774877371628,4.257804511243378,1.4110647474411502,0.1257217810465128,0.0008453470220184172
3543.0,141.72,2.0,29.733898569871723,4.130616001184722,29.733898569871723,4.130616001184722,1.4152354713961113,0.1290237055084036,0.0010455033947955419
3544.0,141.76,2.0,29.749451131457025,4.003412612400659,29.749451131457025,4.003412612400659,1.4194058257972229,0.13196850620591186,0.0012456597675726665
3545.0,141.8,2.0,29.76443254155523,3.8761971586962445,29.76443254155523,3.8761971586962445,1.4235758106444838,0.13465005435594427,0.0013590094590068096
3546.0,141.84,2.0,29.77884279346419,3.748972453708536,29.77884279346419,3.748972453708536,1.427745425937895,0.1372678562407714,0.001364266526866706
3547.0,141.88,2.0,29.79268189434973,3.6217413108381873,29.79268189434973,3.6217413108381873,1.431914671677456,0.13982301990808377,0.001364266526866706
3548.0,141.92000000000002,2.0,29.805949865243058,3.4945065431810582,29.805949865243058,3.4945065431810582,1.4360835478631668,0.14222638328571682,0.001364266526866706
3549.0,141.96,2.0,29.81864674103795,3.3672709634598457,29.81864674103795,3.3672709634598457,1.4402520544950281,0.14415664530664796,0.001364266526866706
3550.0,142.0,2.0,29.830772570487483,3.2400373839557384,29.830772570487483,3.2400373839557384,1.4444201915730392,0.145839284981108,0.001364266526866706
3551.0,142.04,2.0,29.842327416200515,3.1128086164400868,29.842327416200515,3.1128086164400868,1.4485879590972002,0.14689432954108805,0.001364266526866706
3552.0,142.08,2.0,29.853311354637775,2.985587472106107,29.853311354637775,2.985587472106107,1.4527553570675114,0.14689432954108805,0.001364266526866706
3553.0,142.12,2.0,29.863724476107635,2.858376761500603,29.863724476107635,2.858376761500603,1.4569223854839721,0.14689432954108805,0.001364266526866706
3554.0,142.16,2.0,29.87356688476158,2.7311792944557243,29.87356688476158,2.7311792944557243,1.4610890443465834,0.14689432954108805,0.001364266526866706
3555.0,142.20000000000002,2.0,29.882838698589264,2.603997880020744,29.882838698589264,2.603997880020744,1.4652553336553442,0.14689432954108805,0.001364266526866706
3556.0,142.24,2.0,29.891540049413294,2.476835326393877,29.891540049413294,2.476835326393877,1.4694212534102549,0.14689432954108805,0.001364266526866706
3557.0,142.28,2.0,29.899671082883668,2.349694440854125,29.899671082883668,2.349694440854125,1.4735868036113158,0.14689432954108805,0.001364266526866706
3558.0,142.32,2.0,29.907231958471844,2.222578029693159,29.907231958471844,2.222578029693159,1.4777519842585267,0.14689432954108805,0.001364266526866706
3559.0,142.36,2.0,29.914222849464515,2.0954888981472366,29.914222849464515,2.0954888981472366,1.4819167953518875,0.14689432954108805,0.001364266526866706
3560.0,142.4,2.0,29.920643942957014,1.9684298503291573,29.920643942957014,1.9684298503291573,1.4860812368913983,0.14689432954108805,0.001364266526866706
3561.0,142.44,2.0,29.926495439846413,1.8414036891602588,29.926495439846413,1.8414036891602588,1.4902453088770593,0.14689432954108805,0.001364266526866706
3562.0,142.48,2.0,29.931777554824276,1.7144132163024506,29.931777554824276,1.7144132163024506,1.49440901130887,0.14689432954108805,0.001364266526866706
3563.0,142.52,2.0,29.936490516369048,1.5874612320902965,29.936490516369048,1.5874612320902965,1.4985723441868302,0.14689432954108805,0.001364266526866706
3564.0,142.56,2.0,29.940634566738158,1.4605505354631354,29.940634566738158,1.4605505354631354,1.5027353075109413,0.14689432954108805,0.001364266526866706
3565.0,142.6,2.0,29.94420996195977,1.333683923897251,29.94420996195977,1.333683923897251,1.5068979012812018,0.14689432954108805,0.001364266526866706
3566.0,142.64000000000001,2.0,29.947216971824183,1.2068641933380895,29.947216971824183,1.2068641933380895,1.5110601254976124,0.14689432954108805,0.001364266526866706
3567.0,142.68,2.0,29.949655879874893,1.0800941381325264,29.949655879874893,1.0800941381325264,1.515221980160173,0.14689432954108805,0.001364266526866706
3568.0,142.72,2.0,29.95152698339939,0.953376550961183,29.95152698339939,0.953376550961183,1.5193834652688836,0.14689432954108805,0.001364266526866706
3569.0,142.76,2.0,29.952830593419517,0.8267142227707981,29.952830593419517,0.8267142227707981,1.523544580823744,0.14689432954108805,0.001364266526866706
3570.0,142.8,2.0,29.953567034681562,0.700109942706651,29.953567034681562,0.700109942706651,1.5277053268247547,0.14689432954108805,0.001364266526866706
3571.0,142.84,2.0,29.95373664564603,0.5735664980450428,29.95373664564603,0.5735664980450428,1.5318657032719152,0.14689432954108805,0.001364266526866706
3572.0,142.88,2.0,29.953339778477016,0.4470866741258344,29.953339778477016,0.4470866741258344,1.5360257101652253,0.14689432954108805,0.001364266526866706
3573.0,142.92000000000002,2.0,29.952376799031327,0.3206732542850432,29.952376799031327,0.3206732542850432,1.5401853475046858,0.14689432954108805,0.001364266526866706
3574.0,142.96,2.0,29.950848086847213,0.1943290197875019,29.950848086847213,0.1943290197875019,1.5443446152902964,0.14689432954108805,0.001364266526866706
3575.0,143.0,2.0,29.948754035132758,0.06805674975957848,29.948754035132758,0.06805674975957848,1.5485035135220566,0.14689432954108805,0.001364266526866706
3576.0,143.04,2.0,29.946095050754046,-0.05814077887803882,29.946095050754046,-0.05814077887803882,1.552662042199967,0.14689432954108805,0.001364266526866706
3577.0,143.08,2.0,29.942871554222826,-0.18426079147749116,29.942871554222826,-0.18426079147749116,1.5568202013240275,0.14689432954108805,0.001364266526866706
3578.0,143.12,2.0,29.93908397968399,-0.3103005157308314,29.93908397968399,-0.3103005157308314,1.5609779908942376,0.14689432954108805,0.001364266526866706
3579.0,143.16,2.0,29.934732774902677,-0.4362571817370371,29.934732774902677,-0.4362571817370371,1.565135410910598,0.14689432954108805,0.001364266526866706
3580.0,143.20000000000002,2.0,29.929818401251016,-0.5621280220689535,29.929818401251016,-0.5621280220689535,1.5692924613731083,0.14689432954108805,0.001364266526866706
3581.0,143.24,2.0,29.924341333694564,-0.6879102718401636,29.924341333694564,-0.6879102718401636,1.5734491422817682,0.14689432954108805,0.001364266526866706
3582.0,143.28,2.0,29.918302060778437,-0.8136011687717845,29.918302060778437,-0.8136011687717845,1.5776054536365784,0.14689432954108805,0.001364266526866706
3583.0,143.32,2.0,29.91170108461307,-0.9391979532591894,29.91170108461307,-0.9391979532591894,1.5817613954375387,0.14689432954108805,0.001364266526866706
3584.0,143.36,2.0,29.90453892085969,-1.0646978684386499,29.90453892085969,-1.0646978684386499,1.5859169676846487,0.14689432954108805,0.001364266526866706
3585.0,143.4,2.0,29.896816098715416,-1.1900981602539027,29.896816098715416,-1.1900981602539027,1.590072170377909,0.14689432954108805,0.001364266526866706
3586.0,143.44,2.0,29.888714630137134,-1.3153960775226343,29.888714630137134,-1.3153960775226343,1.5942270035173192,0.14689432954108805,0.001364266526866706
3587.0,143.48,2.0,29.880159433667693,-1.4405888720028834,29.880159433667693,-1.4405888720028834,1.598381467102879,0.14689432954108805,0.001364266526866706
3588.0,143.52,2.0,29.871251216616724,-1.5656737984593614,29.871251216616724,-1.5656737984593614,1.602535561134589,0.14689432954108805,0.001364266526866706
3589.0,143.56,2.0,29.861918200834193,-1.6906481147296848,29.861918200834193,-1.6906481147296848,1.6066892856124488,0.14689432954108805,0.001364266526866706
3590.0,143.6,2.0,29.85212412454585,-1.8155090817905255,29.85212412454585,-1.8155090817905255,1.6108426405364593,0.14689432954108805,0.001364266526866706
3591.0,143.64000000000001,2.0,29.84200022081028,-1.9402539638236687,29.84200022081028,-1.9402539638236687,1.6149956259066192,0.14689432954108805,0.001364266526866706
3592.0,143.68,2.0,29.831401701936446,-2.0648800282819817,29.831401701936446,-2.0648800282819817,1.619148241722929,0.14689432954108805,0.001364266526866706
3593.0,143.72,2.0,29.820384041606008,-2.189384545955293,29.820384041606008,-2.189384545955293,1.6233004879853892,0.14689432954108805,0.001364266526866706
3594.0,143.76,2.0,29.80897473248668,-2.313764791036176,29.80897473248668,-2.313764791036176,1.6274523646939987,0.14689432954108805,0.001364266526866706
3595.0,143.8,2.0,29.797078969325245,-2.4380195646661345,29.797078969325245,-2.4380195646661345,1.6316038813714349,0.14689432954108805,0.001364266526866706
3596.0,143.84,2.0,29.784811249940937,-2.562147665722041,29.784811249940937,-2.562147665722041,1.6357550475403742,0.14689432954108805,0.001364266526866706
3597.0,143.88,2.0,29.77208231642324,-2.6861469164582665,29.77208231642324,-2.6861469164582665,1.6399053876167964,0.14689432954108805,0.001364266526866706
3598.0,143.92000000000002,2.0,29.75888615344734,-2.810027174252213,29.75888615344734,-2.810027174252213,1.6440562467063902,0.14689432954108805,0.001364266526866706
3599.0,143.96,2.0,29.74530450280321,-2.9337853114938106,29.74530450280321,-2.9337853114938106,1.6482072776605596,0.14689432954108805,0.001364266526866706
3600.0,144.0,2.0,29.731215651978317,-3.0574182305708506,29.731215651978317,-3.0574182305708506,1.6523581333307087,0.14689432954108805,0.001364266526866706
3601.0,144.04,2.0,29.716722147295574,-3.1809228641876186,29.716722147295574,-3.1809228641876186,1.656508466568242,0.14689432954108805,0.001364266526866706
3602.0,144.08,2.0,29.70182365361166,-3.304296175682426,29.70182365361166,-3.304296175682426,1.660676012328321,0.14689432954108805,0.001364266526866706
3603.0,144.12,2.0,29.68650212179465,-3.427535159344029,29.68650212179465,-3.427535159344029,1.6648635141436088,0.14689432954108805,0.001364266526866706
3604.0,144.16,2.0,29.670750584688186,-3.5506212326588407,29.670750584688186,-3.5506212326588407,1.6690711964852898,0.14689432954108805,0.001364266526866706
3605.0,144.20000000000002,2.0,29.65458755647038,-3.673550790039277,29.65458755647038,-3.673550790039277,1.6733089803568182,0.14689432954108805,0.001364266526866706
3606.0,144.24,2.0,29.63802979081714,-3.796319599512719,29.63802979081714,-3.796319599512719,1.6775703037923013,0.14689432954108805,0.001364266526866706
3607.0,144.28,2.0,29.620949259001627,-3.9189233612203696,29.620949259001627,-3.9189233612203696,1.681854137104247,0.14689432954108805,0.001364266526866706
3608.0,144.32,2.0,29.60345640738029,-4.041357705200273,29.60345640738029,-4.041357705200273,1.6861675547731814,0.14689432954108805,0.001364266526866706
3609.0,144.36,2.0,29.585483905221317,-4.163608079572201,29.585483905221317,-4.163608079572201,1.6905031120039438,0.14689432954108805,0.001364266526866706
3610.0,144.4,2.0,29.567072487652137,-4.285841466190346,29.567072487652137,-4.285841466190346,1.6948550208785578,0.14689432954108805,0.001364266526866706
3611.0,144.44,2.0,29.548251175723106,-4.408498791922841,29.548251175723106,-4.408498791922841,1.6992270753647962,0.14689432954108805,0.001364266526866706
3612.0,144.48,2.0,29.528969414343244,-4.531368302773361,29.528969414343244,-4.531368302773361,1.7036253254350249,0.14689432954108805,0.001364266526866706
3613.0,144.52,2.0,29.509262999381438,-4.654700958410937,29.509262999381438,-4.654700958410937,1.7080461162564573,0.14689432954108805,0.001364266526866706
3614.0,144.56,2.0,29.48905735770046,-4.7785143700388115,29.48905735770046,-4.7785143700388115,1.7124908322221182,0.14689432954108805,0.001364266526866706
3615.0,144.6,2.0,29.46827762433144,-4.902802548251797,29.46827762433144,-4.902802548251797,1.7169596872536415,0.14689432954108805,0.001364266526866706
3616.0,144.64000000000001,2.0,29.447062879278164,-5.027574760984259,29.447062879278164,-5.027574760984259,1.7214427925347682,0.14689432954108805,0.001364266526866706
3617.0,144.68,2.0,29.425225803660844,-5.15254771977876,29.425225803660844,-5.15254771977876,1.7259499288728413,0.14689432954108805,0.001364266526866706
3618.0,144.72,2.0,29.402862696149686,-5.277597141100081,29.402862696149686,-5.277597141100081,1.7304690109124305,0.14689432954108805,0.001364266526866706
3619.0,144.76,2.0,29.38004614755724,-5.402780623828362,29.38004614755724,-5.402780623828362,1.7349993833612676,0.14689432954108805,0.001364266526866706
3620.0,144.8,2.0,29.356634189342923,-5.528116195911347,29.356634189342923,-5.528116195911347,1.7395509759884031,0.14689432954108805,0.001364266526866706
3621.0,144.84,2.0,29.332813965089358,-5.653607955734921,29.332813965089358,-5.653607955734921,1.7441190021364963,0.14689432954108805,0.001364266526866706
3622.0,144.88,2.0,29.30858370353063,-5.779264045802664,29.30858370353063,-5.779264045802664,1.7486995385847384,0.14689432954108805,0.001364266526866706
3623.0,144.92000000000002,2.0,29.283842754675508,-5.905069779629534,29.283842754675508,-5.905069779629534,1.7532947377678791,0.14689432954108805,0.001364266526866706
3624.0,144.96,2.0,29.258657933067873,-6.031043752430214,29.258657933067873,-6.031043752430214,1.757898759416211,0.14689432954108805,0.001364266526866706
3625.0,145.0,2.0,29.233028038745328,-6.157191215249224,29.233028038745328,-6.157191215249224,1.762509615043042,0.14689432954108805,0.001364266526866706
3626.0,145.04,2.0,29.20684362606146,-6.283515561918598,29.20684362606146,-6.283515561918598,1.7671213741990328,0.14689432954108805,0.001364266526866706
3627.0,145.08,2.0,29.18023014948313,-6.410023688433116,29.18023014948313,-6.410023688433116,1.77173449926736,0.14689432954108805,0.001364266526866706
3628.0,145.12,2.0,29.15306854481457,-6.536719978522856,29.15306854481457,-6.536719978522856,1.7763399495486516,0.14689432954108805,0.001364266526866706
3629.0,145.16,2.0,29.125410617346002,-6.663625901313537,29.125410617346002,-6.663625901313537,1.7809414685599514,0.14689432954108805,0.001364266526866706
3630.0,145.20000000000002,2.0,29.097310694587502,-6.790726827284114,29.097310694587502,-6.790726827284114,1.7855488439717542,0.14689432954108805,0.001364266526866706
3631.0,145.24,2.0,29.068786525393126,-6.917997830051822,29.068786525393126,-6.917997830051822,1.790157366463081,0.14689432954108805,0.001364266526866706
3632.0,145.28,2.0,29.039841966456205,-7.043813917816799,29.039841966456205,-7.043813917816799,1.794769944288877,0.14689432954108805,0.001364266526866706
3633.0,145.32,2.0,29.010485692913505,-7.16979494487465,29.010485692913505,-7.16979494487465,1.7993712903283128,0.14689432954108805,0.001364266526866706
3634.0,145.36,2.0,28.980715667083697,-7.295122574701141,28.980715667083697,-7.295122574701141,1.8039755464548606,0.14689432954108805,0.001364266526866706
3635.0,145.4,2.0,28.950522559599698,-7.419795153591379,28.950522559599698,-7.419795153591379,1.8085823303452238,0.14689432954108805,0.001364266526866706
3636.0,145.44,2.0,28.91991559925788,-7.544235289295194,28.91991559925788,-7.544235289295194,1.8131902932461457,0.14689432954108805,0.001364266526866706
3637.0,145.48,2.0,28.888900933920883,-7.668584741305523,28.888900933920883,-7.668584741305523,1.8177970212001515,0.14689432954108805,0.001364266526866706
3638.0,145.52,2.0,28.857451756068794,-7.792877744935602,28.857451756068794,-7.792877744935602,1.822411835439605,0.14689432954108805,0.001364266526866706
3639.0,145.56,2.0,28.825571104587503,-7.9170559513432,28.825571104587503,-7.9170559513432,1.8270280987736631,0.14689432954108805,0.001364266526866706
3640.0,145.6,2.0,28.79325761009658,-8.041100561690097,28.79325761009658,-8.041100561690097,1.8316472773081656,0.14689432954108805,0.001364266526866706
3641.0,145.64000000000001,2.0,28.760503937828574,-8.16502802301811,28.760503937828574,-8.16502802301811,1.8362581664923028,0.14689432954108805,0.001364266526866706
3642.0,145.68,2.0,28.727294791989582,-8.288830804149367,28.727294791989582,-8.288830804149367,1.840860492763945,0.14689432954108805,0.001364266526866706
3643.0,145.72,2.0,28.693635530634552,-8.41251927755775,28.693635530634552,-8.41251927755775,1.8454551414137115,0.14689432954108805,0.001364266526866706
3644.0,145.76,2.0,28.6595190366876,-8.536076875834336,28.6595190366876,-8.536076875834336,1.8500429004186936,0.14689432954108805,0.001364266526866706
3645.0,145.8,2.0,28.62495203920932,-8.659508156910638,28.62495203920932,-8.659508156910638,1.8546235656545087,0.14689432954108805,0.001364266526866706
3646.0,145.84,2.0,28.589937649855408,-8.78280598823115,28.589937649855408,-8.78280598823115,1.8591975232916194,0.14689432954108805,0.001364266526866706
3647.0,145.88,2.0,28.554480103121335,-8.905965667212953,28.554480103121335,-8.905965667212953,1.86376548693557,0.14689432954108805,0.001364266526866706
3648.0,145.92000000000002,2.0,28.518582075877426,-9.028979441873622,28.518582075877426,-9.028979441873622,1.8683276683970498,0.14689432954108805,0.001364266526866706
3649.0,145.96,2.0,28.482253430600565,-9.15185166703716,28.482253430600565,-9.15185166703716,1.872884536703744,0.14689432954108805,0.001364266526866706
3650.0,146.0,2.0,28.44548819374457,-9.274577438939241,28.44548819374457,-9.274577438939241,1.8774362733387568,0.14689432954108805,0.001364266526866706
3651.0,146.04,2.0,28.408279468336676,-9.397174608878741,28.408279468336676,-9.397174608878741,1.881984407951905,0.14689432954108805,0.001364266526866706
3652.0,146.08,2.0,28.370612419049102,-9.519644760399075,28.370612419049102,-9.519644760399075,1.8865295624989586,0.14689432954108805,0.001364266526866706
3653.0,146.12,2.0,28.332476787178557,-9.64198589994751,28.332476787178557,-9.64198589994751,1.8910730422273663,0.14689432954108805,0.001364266526866706
3654.0,146.16,2.0,28.2938606411181,-9.764207855911739,28.2938606411181,-9.764207855911739,1.895617214736262,0.14689432954108805,0.001364266526866706
3655.0,146.20000000000002,2.0,28.25476597786349,-9.886300106889976,28.25476597786349,-9.886300106889976,1.9001629429658136,0.14689432954108805,0.001364266526866706
3656.0,146.24,2.0,28.215180937947267,-10.008237768621282,28.215180937947267,-10.008237768621282,1.9047047351141417,0.14689432954108805,0.001364266526866706
3657.0,146.28,2.0,28.175100898406747,-10.130019169164232,28.175100898406747,-10.130019169164232,1.9092427298559456,0.14689432954108805,0.001364266526866706
3658.0,146.32,2.0,28.134520176825234,-10.25163805181249,28.134520176825234,-10.25163805181249,1.913778036007828,0.14689432954108805,0.001364266526866706
3659.0,146.36,2.0,28.093427949522166,-10.373119748226816,28.093427949522166,-10.373119748226816,1.9183117260663782,0.14689432954108805,0.001364266526866706
3660.0,146.4,2.0,28.051821796387408,-10.494432357171965,28.051821796387408,-10.494432357171965,1.9228439038279912,0.14689432954108805,0.001364266526866706
3661.0,146.44,2.0,28.009698504382005,-10.615573767749963,28.009698504382005,-10.615573767749963,1.927373973175667,0.14689432954108805,0.001364266526866706
3662.0,146.48,2.0,27.96706093165254,-10.736523989858501,27.96706093165254,-10.736523989858501,1.9319034557142991,0.14689432954108805,0.001364266526866706
3663.0,146.52,2.0,27.923911500357327,-10.857296687983817,27.923911500357327,-10.857296687983817,1.9364318993342664,0.14689432954108805,0.001364266526866706
3664.0,146.56,2.0,27.88025890172534,-10.977897981945596,27.88025890172534,-10.977897981945596,1.940959806437661,0.14689432954108805,0.001364266526866706
3665.0,146.6,2.0,27.836096968111395,-11.098319724640518,27.836096968111395,-11.098319724640518,1.945488062358329,0.14689432954108805,0.001364266526866706
3666.0,146.64000000000001,2.0,27.79142006866143,-11.218566248905558,27.79142006866143,-11.218566248905558,1.9500169134825382,0.14689432954108805,0.001364266526866706
3667.0,146.68,2.0,27.746224057295592,-11.338650118133899,27.746224057295592,-11.338650118133899,1.9545468568999436,0.14689432954108805,0.001364266526866706
3668.0,146.72,2.0,27.700502816816236,-11.458563960664286,27.700502816816236,-11.458563960664286,1.959077975494849,0.14689432954108805,0.001364266526866706
3669.0,146.76,2.0,27.654248891339726,-11.578297868135206,27.654248891339726,-11.578297868135206,1.9636100338658689,0.14689432954108805,0.001364266526866706
3670.0,146.8,2.0,27.60744994754879,-11.697843788741439,27.60744994754879,-11.697843788741439,1.9681434598419985,0.14689432954108805,0.001364266526866706
3671.0,146.84,2.0,27.56010912182086,-11.817186662696665,27.56010912182086,-11.817186662696665,1.9726774885927791,0.14689432954108805,0.001364266526866706
3672.0,146.88,2.0,27.512237541545964,-11.936316901803256,27.512237541545964,-11.936316901803256,1.9772122754022574,0.14689432954108805,0.001364266526866706
3673.0,146.92000000000002,2.0,27.463832752183073,-12.054886501315474,27.463832752183073,-12.054886501315474,1.9817476779369456,0.14689432954108805,0.001364266526866706
3674.0,146.96,2.0,27.414902045901652,-12.173105333379741,27.414902045901652,-12.173105333379741,1.9862821007519478,0.14689432954108805,0.001364266526866706
3675.0,147.0,2.0,27.36544081074047,-12.290690970629921,27.36544081074047,-12.290690970629921,1.9908157867602803,0.14689432954108805,0.001364266526866706
3676.0,147.04,2.0,27.315463910422267,-12.407980335945913,27.315463910422267,-12.407980335945913,1.9953480890320558,0.14689432954108805,0.001364266526866706
3677.0,147.08,2.0,27.264954264186063,-12.524575869283897,27.264954264186063,-12.524575869283897,1.9998789338119394,0.14689432954108805,0.001364266526866706
3678.0,147.12,2.0,27.213929234835643,-12.6408627884495,27.213929234835643,-12.6408627884495,2.0044077318092413,0.14689432954108805,0.001364266526866706
3679.0,147.16,2.0,27.162383694047033,-12.756524528340867,27.162383694047033,-12.756524528340867,2.008933518475517,0.14689432954108805,0.001364266526866706
3680.0,147.20000000000002,2.0,27.110325773254846,-12.871808493775326,27.110325773254846,-12.871808493775326,2.0134562296923506,0.14643083570075488,0.001364266526866706
3681.0,147.24,2.0,27.05775224387827,-12.986526677191014,27.05775224387827,-12.986526677191014,2.0179764100245214,0.14550384802008853,0.001364266526866706
3682.0,147.28,2.0,27.004660963452032,-13.100814634266673,27.004660963452032,-13.100814634266673,2.022493910106543,0.14436592454742225,0.001364266526866706
3683.0,147.32,2.0,26.951048244744825,-13.214596507024853,26.951048244744825,-13.214596507024853,2.027010354517942,0.14313653289209588,0.001364266526866706
3684.0,147.36,2.0,26.89690210258359,-13.327884609254586,26.89690210258359,-13.327884609254586,2.031525405378154,0.14188122845927872,0.0014436747465349767
3685.0,147.4,2.0,26.84222151645422,-13.440724278277557,26.84222151645422,-13.440724278277557,2.0360414217906606,0.14056709106516152,0.0016103268895637135
3686.0,147.44,2.0,26.787000574604978,-13.553029529996566,26.787000574604978,-13.553029529996566,2.0405581736768763,0.13919440567219352,0.001864222955952916
3687.0,147.48,2.0,26.731236885811732,-13.664647618192324,26.731236885811732,-13.664647618192324,2.045080359641544,0.13780392415119402,0.0022053629457025846
3688.0,147.52,2.0,26.674914553901406,-13.775828774700742,26.674914553901406,-13.775828774700742,2.0496074440823073,0.13640504101828596,0.0026337468588127195
3689.0,147.56,2.0,26.618028959052904,-13.886460625897575,26.618028959052904,-13.886460625897575,2.0541490396202406,0.13500615788537787,0.00314937469528332
3690.0,147.6,2.0,26.56057085079679,-13.996426902332662,26.56057085079679,-13.996426902332662,2.0587035756536025,0.1336072747524698,0.004063426221447399
3691.0,147.64000000000001,2.0,26.502515761212738,-14.105977143072154,26.502515761212738,-14.105977143072154,2.063289941988459,0.13220839161956174,0.00537336962543397
3692.0,147.68,2.0,26.44385043181158,-14.214971709485543,26.44385043181158,-14.214971709485543,2.0679053409743413,0.13080950848665365,0.007079204907243036
3693.0,147.72,2.0,26.384523921569993,-14.323576595050586,26.384523921569993,-14.323576595050586,2.0725875614359754,0.12943682309368562,0.009180932066874597
3694.0,147.76,2.0,26.324524381198476,-14.43165018186852,26.324524381198476,-14.43165018186852,2.0773321523764645,0.12806586727326036,0.011678551104328652
3695.0,147.8,2.0,26.26339519941908,-14.539077206234047,26.26339519941908,-14.539077206234047,2.0821847340552595,0.12675172987914313,0.014483358408020312
3696.0,147.84,2.0,26.201118420515463,-14.64605358684749,26.201118420515463,-14.64605358684749,2.0871445917163376,0.12547063733546548,0.01754504776836281
3697.0,147.88,2.0,26.13770677557737,-14.752556263604614,26.13770677557737,-14.752556263604614,2.09221156532499,0.12421533290264829,0.02085332981186916
3698.0,147.92000000000002,2.0,26.07312339080303,-14.858592397914123,26.07312339080303,-14.858592397914123,2.097388697642884,0.12293424035897065,0.024408204538539365
3699.0,147.96,2.0,26.00802628151046,-14.964271619595547,26.00802628151046,-14.964271619595547,2.1025608026489224,0.12210434440903559,0.027963313345722485
3700.0,148.0,2.0,25.94123474176118,-15.069367501729682,25.94123474176118,-15.069367501729682,2.107801917492853,0.1217171946955847,0.0315184221529056
3701.0,148.04,2.0,25.8739352195537,-15.173993204687704,25.8739352195537,-15.173993204687704,2.113061412728153,0.12148416234782572,0.035073530960088715
3702.0,148.08,2.0,25.806152155718785,-15.278133145991532,25.806152155718785,-15.278133145991532,2.1183224819189665,0.12134259818272677,0.038628639767271836
3703.0,148.12,2.0,25.737866778442218,-15.381732348772767,25.737866778442218,-15.381732348772767,2.12358524495116,0.12122694679511867,0.04210434035478668
3704.0,148.16,2.0,25.669091126144117,-15.484913408184289,25.669091126144117,-15.484913408184289,2.1288498217106024,0.12117012836881057,0.045492797018941065
3705.0,148.20000000000002,2.0,25.59975484986442,-15.587790374896263,25.59975484986442,-15.587790374896263,2.134108144752222,0.1211718579413533,0.04879400975973497
3706.0,148.24,2.0,25.529955017092178,-15.690095454301142,25.529955017092178,-15.690095454301142,2.139349099240364,0.1211913836419275,0.05200797857716842
3707.0,148.28,2.0,25.459609610687217,-15.791904212859558,25.459609610687217,-15.791904212859558,2.1445683987441306,0.12121931095441026,0.05513470347124141
3708.0,148.32,1.0,25.388720750344326,-15.89309161122829,25.388720750344326,-15.89309161122829,2.14978139751252,0.12070875617910036,0.058174184441953915
3709.0,148.36,0.0,25.31741201996648,-15.993937739400845,25.31741201996648,-15.993937739400845,2.154973293730814,0.11950373382099141,0.06069971597885235
3710.0,148.4,0.0,25.24564286559653,-16.094426516666466,25.24564286559653,-16.094426516666466,2.1601468272073374,0.11771710121475222,0.06241985934422662
3711.0,148.44,0.0,25.17332601979515,-16.19449929199929,25.17332601979515,-16.19449929199929,2.1653153409260666,0.1153711330184594,0.06332907405119585
3712.0,148.48,0.0,25.100464531835694,-16.294106665128407,25.100464531835694,-16.294106665128407,2.170462267365184,0.11231511020588363,0.06343264689178114
3713.0,148.52,1.0,25.027112998361726,-16.393107315731143,25.027112998361726,-16.393107315731143,2.1755884168922006,0.1084180347024207,0.06275333416456148
3714.0,148.56,1.0,24.953273011457235,-16.49142429037797,24.953273011457235,-16.49142429037797,2.180708112112817,0.10362481765430533,0.06137983948112173
3715.0,148.6,0.0,24.879398624603386,-16.58963094579012,24.879398624603386,-16.58963094579012,2.185813374766783,0.09772942170753592,0.059442052006209285
3716.0,148.64000000000001,0.0,24.80548618931844,-16.68927577019924,24.80548618931844,-16.68927577019924,2.190906203818784,0.09069507737917756,0.05699796468410975
3717.0,148.68,1.0,24.7315319659723,-16.790371219733483,24.7315319659723,-16.790371219733483,2.195995558993324,0.08258199993093633,0.05407004438707463
3718.0,148.72,0.0,24.657548461187474,-16.892931523503783,24.657548461187474,-16.892931523503783,2.2010619297188434,0.07320974899677674,0.0508866976918348
3719.0,148.76,0.0,24.58350377283265,-16.99512799683106,24.58350377283265,-16.99512799683106,2.2061036405572487,0.06280243457049524,0.04754403732172603
3720.0,148.8,1.0,24.5089024272832,-17.100631113006312,24.5089024272832,-17.100631113006312,2.2111438594276063,0.05138581017300046,0.044049251996714146
3721.0,148.84,1.0,24.434214858307968,-17.20578008095391,24.434214858307968,-17.20578008095391,2.216163995106254,0.03873305505383945,0.04040196249997232
3722.0,148.88,1.0,24.358863330019002,-17.310581583275663,24.358863330019002,-17.310581583275663,2.221178598008324,0.024973716006860065,0.03653585521211966
3723.0,148.92000000000002,0.0,24.282842978695196,-17.415034884548174,24.282842978695196,-17.415034884548174,2.2261811582712756,0.010119693251825438,0.032467085851683966
3724.0,148.96,0.0,24.20614893801195,-17.51913922857686,24.20614893801195,-17.51913922857686,2.231164266765575,-0.0047343295032091885,0.028213907359201117
3725.0,149.0,1.0,24.128776339281547,-17.62289383832666,24.128776339281547,-17.62289383832666,2.236128178661897,-0.01958835225824382,0.02377685617172994
3726.0,149.04,1.0,24.05072031169409,-17.72629791585379,24.05072031169409,-17.72629791585379,2.241083209428772,-0.034442375013278445,0.019155932289270417
3727.0,149.08,1.0,23.971975982558714,-17.82935064223857,23.971975982558714,-17.82935064223857,2.246021386681852,-0.04875791568052037,0.014392899981742058
3728.0,149.12,0.0,23.89253847754536,-17.932051177519263,23.89253847754536,-17.932051177519263,2.250955426580653,-0.0623789887649633,0.009607410016195915
3729.0,149.16,1.0,23.812423448839137,-18.03438701442065,23.812423448839137,-18.03438701442065,2.2558678691904923,-0.07541845160127593,0.005093677996539144
3730.0,149.20000000000002,1.0,23.73162717190522,-18.136360024097844,23.73162717190522,-18.136360024097844,2.2607670999163614,-0.08789857884753494,0.000846718431868237
3731.0,149.24,0.0,23.65019240098146,-18.23797391397825,23.65019240098146,-18.23797391397825,2.2656491925662414,-0.09969484921745103,-0.0031290807312781706
3732.0,149.28,0.0,23.568227320662142,-18.339227161891603,23.568227320662142,-18.339227161891603,2.2705103446484234,-0.11065179646902278,-0.0068463456451731235
3733.0,149.32,1.0,23.48573024926861,-18.440118546176492,23.48573024926861,-18.440118546176492,2.2753563523357787,-0.12026088199943721,-0.01032086945671978
3734.0,149.36,1.0,23.402705311266644,-18.540644804527698,23.402705311266644,-18.540644804527698,2.2801879666672336,-0.12800253343669343,-0.013620782669563581
3735.0,149.4,1.0,23.31915428719343,-18.64080338126281,23.31915428719343,-18.64080338126281,2.2849978282217585,-0.13376004175554032,-0.016660988718384114
3736.0,149.44,0.0,23.235078970002025,-18.740591729366095,23.235078970002025,-18.740591729366095,2.2897858413747025,-0.13742533365786422,-0.019463954475432938
3737.0,149.48,0.0,23.150481165019233,-18.840007310549023,23.150481165019233,-18.840007310549023,2.2945582350856544,-0.1390356394233483,-0.022011727914789975
3738.0,149.52,0.0,23.065362689903196,-18.939047595310587,23.065362689903196,-18.939047595310587,2.2993168061125226,-0.13860795498950096,-0.02440018767927806
3739.0,149.56,1.0,22.979725374600726,-19.037710062997412,22.979725374600726,-19.037710062997412,2.304075198380565,-0.13625284668080065,-0.026636522488863022
3740.0,149.6,0.0,22.893571061304268,-19.13599220186367,22.893571061304268,-19.13599220186367,2.308833411889781,-0.13186930323068063,-0.02872035312671805
3741.0,149.64000000000001,0.0,22.806901604408633,-19.233891509130764,22.806901604408633,-19.233891509130764,2.313591446640171,-0.12531652057576861,-0.030585365973462245
3742.0,149.68,0.0,22.71971887046745,-19.33140549104685,22.71971887046745,-19.33140549104685,2.3183493026317348,-0.11680868295667104,-0.0322477167476234
3743.0,149.72,0.0,22.63202473814924,-19.428531662946074,22.63202473814924,-19.428531662946074,2.323106979864473,-0.1074007190632819,-0.033725658389737415
3744.0,149.76,0.0,22.543821098193312,-19.52526754930765,22.543821098193312,-19.52526754930765,2.3278644783383844,-0.09715752437500762,-0.034815172134531724
3745.0,149.8,1.0,22.455109853365265,-19.62161068381473,22.455109853365265,-19.62161068381473,2.33262179805347,-0.0860949086380629,-0.035491222647855133
3746.0,149.84,0.0,22.365892918412296,-19.717558609413018,22.365892918412296,-19.717558609413018,2.3373789390097297,-0.07456288868791279,-0.035792557899004734
3747.0,149.88,1.0,22.276172220018147,-19.81310887836919,22.276172220018147,-19.81310887836919,2.3421359012071634,-0.06303086873776267,-0.03573080086676743
3748.0,149.92000000000002,1.0,22.18594969675781,-19.908259052329093,22.18594969675781,-19.908259052329093,2.3468926846457707,-0.051484502159709046,-0.03530082092888517
3749.0,149.96,1.0,22.095227299051935,-20.003006702375735,22.095227299051935,-20.003006702375735,2.3516492893255516,-0.03993399816350732,-0.034487198648335146
3750.0,150.0,1.0,22.004006989120942,-20.097349409087023,22.004006989120942,-20.097349409087023,2.356405715246507,-0.028365929446896584,-0.033300534778537616
3751.0,150.04,1.0,21.91229074093888,-20.191284762593323,21.91229074093888,-20.191284762593323,2.361161962408636,-0.016787980300751862,-0.03174485540253552
3752.0,150.08,1.0,21.820080540186947,-20.284810362634737,21.820080540186947,-20.284810362634737,2.365918030811939,-0.005701694637441283,-0.029821635819628642
3753.0,150.12,1.0,21.727378384206826,-20.37792381861822,21.727378384206826,-20.37792381861822,2.3706739204564165,0.00461908531565156,-0.027551711284193047
3754.0,150.16,1.0,21.63418628195362,-20.470622749674433,21.63418628195362,-20.470622749674433,2.3754296313420675,0.01407204444027018,-0.02507590745237953
3755.0,150.20000000000002,1.0,21.54050625394865,-20.562904784714355,21.54050625394865,-20.562904784714355,2.380185163468892,0.022599878284232745,-0.02241581195746337
3756.0,150.24,0.0,21.4463403322318,-20.65476756248569,21.4463403322318,-20.65476756248569,2.3849405168368905,0.030344196723864417,-0.01957423445416795
3757.0,150.28,1.0,21.351690560313774,-20.746208731629057,21.351690560313774,-20.746208731629057,2.3896956914460636,0.0371063360601356,-0.016577436361435615
3758.0,150.32,1.0,21.256558993127946,-20.8372259507339,21.256558993127946,-20.8372259507339,2.3944506872964104,0.043007179919075156,-0.013444000416514466
3759.0,150.36,0.0,21.16094769698196,-20.927816888394208,21.16094769698196,-20.927816888394208,2.399205504387931,0.048188863844131215,-0.010204064424089502
3760.0,150.4,1.0,21.06485874950914,-21.017979223263975,21.06485874950914,-21.017979223263975,2.403960142720625,0.05257530984423074,-0.0069641284316645366
3761.0,150.44,0.0,20.96829423961949,-21.107710644112448,20.96829423961949,-21.107710644112448,2.408714602294493,0.056216779612519384,-0.0037241924392395734
3762.0,150.48,1.0,20.871256267450544,-21.19700884987909,20.871256267450544,-21.19700884987909,2.4134688831095357,0.05904966431427222,-0.0004842564468146089
3763.0,150.52,1.0,20.773746944317907,-21.28587154972837,20.773746944317907,-21.28587154972837,2.418222985165752,0.061047318221139936,0.002551124343279001
3764.0,150.56,1.0,20.675768392665468,-21.374296463104262,20.675768392665468,-21.374296463104262,2.422976908463142,0.062225551079337194,0.005356914596890041
3765.0,150.6,1.0,20.577322746015465,-21.46228131978451,20.577322746015465,-21.46228131978451,2.427730653001706,0.06293437972432908,0.007930098013396116
3766.0,150.64000000000001,1.0,20.47841214891818,-21.54982385993468,20.47841214891818,-21.54982385993468,2.4324842187814437,0.06364320836932094,0.010278172548653666
3767.0,150.68,1.0,20.37903875690141,-21.636921834161928,20.37903875690141,-21.636921834161928,2.4372376058023555,0.06433769038640931,0.01239576252607855
3768.0,150.72,1.0,20.279204736419697,-21.723573003568543,20.279204736419697,-21.723573003568543,2.4419908140644413,0.06502803498534958,0.014277974486432378
3769.0,150.76,0.0,20.178912264803238,-21.809775139805247,20.178912264803238,-21.809775139805247,2.446743843567701,0.06570081486388082,0.015808877590159136
3770.0,150.8,1.0,20.0781635302066,-21.895526025124255,20.0781635302066,-21.895526025124255,2.451496694312135,0.06636371431287809,0.016955172242417008
3771.0,150.84,1.0,19.976960731557117,-21.98082345243203,19.976960731557117,-21.98082345243203,2.4562493662977425,0.0670097386418966,0.017703852883444223
3772.0,150.88,1.0,19.87530607850308,-22.06562737092435,19.87530607850308,-22.06562737092435,2.4610018595245235,0.06752960771669053,0.018043016286209846
3773.0,150.92000000000002,1.0,19.77320179136162,-22.149800340024292,19.77320179136162,-22.149800340024292,2.465754173992479,0.06764903977029131,0.017961506324727435
3774.0,150.96,1.0,19.67065010106637,-22.23334381012761,19.67065010106637,-22.23334381012761,2.4705063097016082,0.06717447624739759,0.017458159681778246
3775.0,151.0,1.0,19.567653249114866,-22.31625924665283,19.567653249114866,-22.31625924665283,2.4752582666519114,0.06613917241223112,0.016524904367207802
3776.0,151.04,1.0,19.46421348751569,-22.398548130006372,19.46421348751569,-22.398548130006372,2.4800100448433886,0.06446517353934737,0.015177306824125924
3777.0,151.08,0.0,19.36033307873533,-22.480211955547286,19.36033307873533,-22.480211955547286,2.4847616442760394,0.06208189199532818,0.01342278045450794
3778.0,151.12,0.0,19.25601429564487,-22.56125223355169,19.25601429564487,-22.56125223355169,2.4895130649498647,0.05883348877465125,0.01129076750451409
3779.0,151.16,1.0,19.15125942146635,-22.64167048917678,19.15125942146635,-22.64167048917678,2.494264306864863,0.05441140691645688,0.008879242284559604
3780.0,151.20000000000002,1.0,19.046070749718893,-22.721468262424562,19.046070749718893,-22.721468262424562,2.499015370021036,0.04893172597931345,0.006208739774649778
3781.0,151.24,1.0,18.940450584164626,-22.800647108105146,18.940450584164626,-22.800647108105146,2.5037662544183825,0.04269595099565254,0.003370157594198117
3782.0,151.28,1.0,18.834401238754314,-22.879208595799764,18.834401238754314,-22.879208595799764,2.508516960056903,0.035827809205140886,0.00037242054879328435
3783.0,151.32,1.0,18.72792503757277,-22.957154309823373,18.72792503757277,-22.957154309823373,2.5132674869365976,0.02835133744625328,-0.002697098088511951
3784.0,151.36,1.0,18.62102431478399,-23.03448584918695,18.62102431478399,-23.03448584918695,2.5180178350574662,0.020258760995048933,-0.005766616725817186
3785.0,151.4,1.0,18.513701414576108,-23.111204827559423,18.513701414576108,-23.111204827559423,2.522768004419509,0.011987049985085993,-0.008836135363122421
3786.0,151.44,1.0,18.405959730498058,-23.187311349748725,18.405959730498058,-23.187311349748725,2.5275179855000482,0.003017245740777024,-0.011905654000427658
3787.0,151.48,1.0,18.297802674463192,-23.26280554094222,18.297802674463192,-23.26280554094222,2.5322677687764092,-0.006182563195324724,-0.014975172637732894
3788.0,151.52,1.0,18.189231152709734,-23.337688521090907,18.189231152709734,-23.337688521090907,2.5370178298326107,-0.01538237213142647,-0.01792783442062164
3789.0,151.56,1.0,18.080251810241496,-23.41194939318986,18.080251810241496,-23.41194939318986,2.541766823562965,-0.02458218106752822,-0.02073644381751505
3790.0,151.6,1.0,17.970866824788747,-23.485590263414174,17.970866824788747,-23.485590263414174,2.546515097116067,-0.03378199000362997,-0.023370726822448406
3791.0,151.64000000000001,1.0,17.861078346873807,-23.558613226158684,17.861078346873807,-23.558613226158684,2.5512629976405137,-0.04288843802023313,-0.025809397405529882
3792.0,151.68,1.0,17.75088849993599,-23.631020363743914,17.75088849993599,-23.631020363743914,2.5560108722848995,-0.05159761103484977,-0.028033273920741262
3793.0,151.72,1.0,17.640299380457698,-23.702813746122693,17.640299380457698,-23.702813746122693,2.5607590681978207,-0.0597753583780955,-0.029900744568184198
3794.0,151.76,1.0,17.529313058091653,-23.773995430587412,17.529313058091653,-23.773995430587412,2.565507932527873,-0.06739236540906851,-0.031381603683970215
3795.0,151.8,1.0,17.417922069714024,-23.844583069546037,17.417922069714024,-23.844583069546037,2.570250613299641,-0.07437067740232423,-0.03239457748206434
3796.0,151.84,1.0,17.30613253527177,-23.914579356816574,17.30613253527177,-23.914579356816574,2.5749866203741236,-0.0806397067244445,-0.03291818053470484
3797.0,151.88,1.0,17.193946882133993,-23.983987630960417,17.193946882133993,-23.983987630960417,2.5797150526234804,-0.08529204753298797,-0.032933446888915065
3798.0,151.92000000000002,1.0,17.081367638604757,-24.052811316805403,17.081367638604757,-24.052811316805403,2.5844350089198693,-0.08811497990044535,-0.032429160790928516
3799.0,151.96,0.0,16.968397432149626,-24.121053927684187,16.968397432149626,-24.121053927684187,2.5891455881354486,-0.08900387787323252,-0.03141530750252639
3800.0,152.0,0.0,16.85503393938029,-24.188729177270346,16.85503393938029,-24.188729177270346,2.5938532500397966,-0.08789747458783807,-0.030034615672260553
3801.0,152.04,0.0,16.741267306971512,-24.255825944994996,16.741267306971512,-24.255825944994996,2.598558631179173,-0.08505393349741851,-0.028368868508672495
3802.0,152.08,1.0,16.62711526968401,-24.322342092556518,16.62711526968401,-24.322342092556518,2.6032607795159506,-0.08049729144044859,-0.026505439284815004
3803.0,152.12,1.0,16.512579726606607,-24.38828100813341,16.512579726606607,-24.38828100813341,2.607959285941873,-0.07421977369298753,-0.02451610959258846
3804.0,152.16,1.0,16.397672695956945,-24.453651098890123,16.397672695956945,-24.453651098890123,2.612656325784811,-0.06664161080371904,-0.02243801871687696
3805.0,152.20000000000002,1.0,16.282395395137108,-24.518447270017127,16.282395395137108,-24.518447270017127,2.6173512508229506,-0.057696396057394544,-0.020321664706543417
3806.0,152.24,0.0,16.166748034973185,-24.582675098735816,16.166748034973185,-24.582675098735816,2.6220440143730213,-0.047319201155553124,-0.018146397327025766
3807.0,152.28,0.0,16.050735905462368,-24.646342588713605,16.050735905462368,-24.646342588713605,2.6267366539854455,-0.036211915049036876,-0.015953952680614485
3808.0,152.32,0.0,15.934369575151791,-24.7094565110975,15.934369575151791,-24.7094565110975,2.631430057785659,-0.024179397732952267,-0.013731378822763903
3809.0,152.36,0.0,15.817620909620075,-24.77202159528428,15.817620909620075,-24.77202159528428,2.6361262425548597,-0.011221649207299293,-0.011478675753474027
3810.0,152.4,0.0,15.700496079087134,-24.834040661960103,15.700496079087134,-24.834040661960103,2.6408258765492083,0.002661330527922044,-0.00921815358939894
3811.0,152.44,0.0,15.582996863457193,-24.895516043191225,15.582996863457193,-24.895516043191225,2.6455290911237936,0.017469541472711743,-0.00695763142532385
3812.0,152.48,0.0,15.46512280237035,-24.956447590771884,15.46512280237035,-24.956447590771884,2.650237188178079,0.033202983627069804,-0.004815970110653066
3813.0,152.52,1.0,15.346865996500497,-25.016831108960087,15.346865996500497,-25.016831108960087,2.6549510178021816,0.04986165699099623,-0.002812493664397213
3814.0,152.56,1.0,15.22823694301747,-25.076685227463365,15.22823694301747,-25.076685227463365,2.6596712720915443,0.067445561564491,-0.001017780896758725
3815.0,152.6,1.0,15.109247783921253,-25.135995290629925,15.109247783921253,-25.135995290629925,2.664406084765319,0.08538875862141043,0.0005578520997734307
3816.0,152.64000000000001,1.0,14.989900620722333,-25.19475998319804,14.989900620722333,-25.19475998319804,2.669156914851628,0.10285774613233571,0.0018961349307473564
3817.0,152.68,1.0,14.87019622165899,-25.252979843218014,14.87019622165899,-25.252979843218014,2.673925727091628,0.1197253341889835,0.0029943775794851395
3818.0,152.72,2.0,14.750140999727188,-25.310651902556675,14.750140999727188,-25.310651902556675,2.6787150625409493,0.1359184442535841,0.0038420303277627013
3819.0,152.76,2.0,14.629736080961239,-25.367775701204575,14.629736080961239,-25.367775701204575,2.683526692987464,0.1510837812090148,0.004490924204718375
3820.0,152.8,2.0,14.508999845464635,-25.424333689495505,14.508999845464635,-25.424333689495505,2.6883550097955617,0.1651443471662711,0.005013917613305006
3821.0,152.84,2.0,14.38793526630769,-25.48034441202886,14.38793526630769,-25.48034441202886,2.693200300839911,0.17810014212535305,0.005411010553522594
3822.0,152.88,2.0,14.266529042602107,-25.53581752438411,14.266529042602107,-25.53581752438411,2.6980648094483217,0.18995116608626053,0.00568220302537114
3823.0,152.92000000000002,2.0,14.144777352355945,-25.590756919283688,14.144777352355945,-25.590756919283688,2.7029498949953203,0.20068067946411922,0.005864634313734732
3824.0,152.96,2.0,14.022671573307761,-25.645156902552582,14.022671573307761,-25.645156902552582,2.7078542776729346,0.21074123421926794,0.006008802467476276
3825.0,153.0,2.0,13.900213814187468,-25.69902522604814,13.900213814187468,-25.69902522604814,2.712779501222879,0.21959981351069247,0.006094057252033714
3826.0,153.04,2.0,13.77741349358288,-25.75235419120096,13.77741349358288,-25.75235419120096,2.7177263439783492,0.2277283015974422,0.0061621347696975215
3827.0,153.08,2.0,13.654261490088935,-25.805122467366818,13.654261490088935,-25.805122467366818,2.722686213821839,0.23493155847462358,0.00620008307592203
3828.0,153.12,2.0,13.530751781402886,-25.857328192242377,13.530751781402886,-25.857328192242377,2.7276579413265787,0.2412095841422366,0.006207902170707241
3829.0,153.16,2.0,13.406911318770709,-25.908983584616436,13.406911318770709,-25.908983584616436,2.732641049099746,0.2465623786002812,0.006207902170707241
3830.0,153.20000000000002,2.0,13.282737225195861,-25.960089791100238,13.282737225195861,-25.960089791100238,2.73763471601927,0.2509899418487575,0.006207902170707241
3831.0,153.24,2.0,13.15823105010811,-26.01064848090057,13.15823105010811,-26.01064848090057,2.742638657864152,0.25449227388766543,0.006207902170707241
3832.0,153.28,2.0,13.033400326480512,-26.06064250012197,13.033400326480512,-26.06064250012197,2.7476507103005727,0.257069374717005,0.006207902170707241
3833.0,153.32,2.0,12.908260566464651,-26.110078689347397,12.908260566464651,-26.110078689347397,2.7526711468906626,0.2587212443367762,0.006207902170707241
3834.0,153.36,2.0,12.782806646510744,-26.15894600178337,12.782806646510744,-26.15894600178337,2.7576990823438017,0.26001382147312274,0.006207902170707241
3835.0,153.4,2.0,12.657045936342287,-26.20726034681072,12.657045936342287,-26.20726034681072,2.7627337286828997,0.2609558968326744,0.006207902170707241
3836.0,153.44,2.0,12.530971977683242,-26.255016524777123,12.530971977683242,-26.255016524777123,2.767775290032338,0.2615762244909178,0.006207902170707241
3837.0,153.48,2.0,12.404581947793528,-26.30222104284001,12.404581947793528,-26.30222104284001,2.7728233802216558,0.2618791998011678,0.006207902170707241
3838.0,153.52,2.0,12.277871919217999,-26.34887799452193,12.277871919217999,-26.34887799452193,2.777877285645307,0.2618791998011678,0.006207902170707241
3839.0,153.56,2.0,12.150839540244565,-26.394994539097315,12.150839540244565,-26.394994539097315,2.7829367944926027,0.2618791998011678,0.006207902170707241
3840.0,153.6,2.0,12.023475291665285,-26.440565745400747,12.023475291665285,-26.440565745400747,2.7880014377358573,0.2618791998011678,0.006207902170707241
3841.0,153.64000000000001,2.0,11.895785508398351,-26.48559595723561,11.895785508398351,-26.48559595723561,2.7930710338919686,0.2618791998011678,0.006207902170707241
3842.0,153.68,2.0,11.7677774668835,-26.53006677973598,11.7677774668835,-26.53006677973598,2.7981440533111184,0.2618791998011678,0.006207902170707241
3843.0,153.72,2.0,11.639466400001934,-26.573976102198362,11.639466400001934,-26.573976102198362,2.803219874037535,0.2618791998011678,0.006207902170707241
3844.0,153.76,2.0,11.510862982087888,-26.61732540743507,11.510862982087888,-26.61732540743507,2.8082971908237724,0.2618791998011678,0.006207902170707241
3845.0,153.8,2.0,11.381979578447332,-26.66010437274995,11.381979578447332,-26.66010437274995,2.8133736360706965,0.2618791998011678,0.006207902170707241
3846.0,153.84,2.0,11.25281464384187,-26.70232304168011,11.25281464384187,-26.70232304168011,2.8184483468381374,0.2618791998011678,0.006207902170707241
3847.0,153.88,2.0,11.123380507544328,-26.744005837077175,11.123380507544328,-26.744005837077175,2.8235268149279764,0.2618791998011678,0.006207902170707241
3848.0,153.92000000000002,2.0,10.993682280360142,-26.78515398593968,10.993682280360142,-26.78515398593968,2.828608901665514,0.2618791998011678,0.006207902170707241
3849.0,153.96,2.0,10.863726150575008,-26.825773316508215,10.863726150575008,-26.825773316508215,2.833693498234146,0.2618791998011678,0.006207902170707241
3850.0,154.0,2.0,10.733523465753155,-26.865838085143764,10.733523465753155,-26.865838085143764,2.8387795321372846,0.2618791998011678,0.006207902170707241
3851.0,154.04,2.0,10.60307718789111,-26.9053797976007,10.60307718789111,-26.9053797976007,2.843866899578534,0.2618791998011678,0.006207902170707241
3852.0,154.08,2.0,10.472391089904503,-26.94440018580306,10.472391089904503,-26.94440018580306,2.8489561966748944,0.2618791998011678,0.006207902170707241
3853.0,154.12,2.0,10.34146289150089,-26.98291887739531,10.34146289150089,-26.98291887739531,2.854045901821473,0.2618791998011678,0.006207902170707241
3854.0,154.16,2.0,10.210290766340245,-27.020921861958165,10.210290766340245,-27.020921861958165,2.85913646712789,0.2618791998011678,0.006207902170707241
3855.0,154.20000000000002,2.0,10.078866636962363,-27.058402690272093,10.078866636962363,-27.058402690272093,2.864227390192054,0.2618791998011678,0.006207902170707241
3856.0,154.24,2.0,9.94719730271752,-27.095369196581665,9.94719730271752,-27.095369196581665,2.869317785680118,0.2618791998011678,0.006207902170707241
3857.0,154.28,2.0,9.8152890440866,-27.131816751739876,9.8152890440866,-27.131816751739876,2.8744074072058154,0.2618791998011678,0.006207902170707241
3858.0,154.32,2.0,9.683146674683057,-27.16773251259937,9.683146674683057,-27.16773251259937,2.8794957576794893,0.2618791998011678,0.006207902170707241
3859.0,154.36,2.0,9.550776997129446,-27.203123587629864,9.550776997129446,-27.203123587629864,2.884582754216838,0.2618791998011678,0.006207902170707241
3860.0,154.4,2.0,9.418188170609799,-27.237999638570336,9.418188170609799,-27.237999638570336,2.889668632219246,0.2618791998011678,0.006207902170707241
3861.0,154.44,2.0,9.28539324960095,-27.27236848717848,9.28539324960095,-27.27236848717848,2.8947529638577185,0.2618791998011678,0.006207902170707241
3862.0,154.48,2.0,9.152389836727485,-27.306244979773666,9.152389836727485,-27.306244979773666,2.8998365139627134,0.2618791998011678,0.006207902170707241
3863.0,154.52,2.0,9.019167561426725,-27.339638507672348,9.019167561426725,-27.339638507672348,2.904919127250185,0.2618791998011678,0.006207902170707241
3864.0,154.56,2.0,8.885729652874794,-27.372896895329653,8.885729652874794,-27.372896895329653,2.910000946053621,0.2618791998011678,0.006207902170707241
3865.0,154.6,2.0,8.75206961132707,-27.40581010690352,8.75206961132707,-27.40581010690352,2.9150835658179157,0.2618791998011678,0.006207902170707241
3866.0,154.64000000000001,2.0,8.618192858940938,-27.438660422663407,8.618192858940938,-27.438660422663407,2.9201667436300545,0.2618791998011678,0.006207902170707241
3867.0,154.68,2.0,8.484085359942307,-27.47111078923534,8.484085359942307,-27.47111078923534,2.925251126419924,0.2618791998011678,0.006207902170707241
3868.0,154.72,2.0,8.349765040773965,-27.50338095301202,8.349765040773965,-27.50338095301202,2.9303367879428603,0.2618791998011678,0.006207902170707241
3869.0,154.76,2.0,8.215215402027448,-27.535081971579107,8.215215402027448,-27.535081971579107,2.935424317489551,0.2618791998011678,0.006207902170707241
3870.0,154.8,2.0,8.080442453115392,-27.56652670624749,8.080442453115392,-27.56652670624749,2.9405146796084423,0.2618791998011678,0.006207902170707241
3871.0,154.84,2.0,7.9454389613646486,-27.597464069315176,7.9454389613646486,-27.597464069315176,2.9456079384179494,0.2618791998011678,0.006207902170707241
3872.0,154.88,2.0,7.81020907176934,-27.628078406453724,7.81020907176934,-27.628078406453724,2.9507035493532943,0.2618791998011678,0.006207902170707241
3873.0,154.92000000000002,2.0,7.674755860838446,-27.658230521175955,7.674755860838446,-27.658230521175955,2.9558016617799607,0.2618791998011678,0.006207902170707241
3874.0,154.96,2.0,7.539083967455585,-27.68799265181985,7.539083967455585,-27.68799265181985,2.960900651118425,0.2618791998011678,0.006207902170707241
3875.0,155.0,2.0,7.403206346032496,-27.717348886212406,7.403206346032496,-27.717348886212406,2.96600085524925,0.2618791998011678,0.006207902170707241
3876.0,155.04,2.0,7.267125003885617,-27.746250309989463,7.267125003885617,-27.746250309989463,2.971099915068953,0.2618791998011678,0.006207902170707241
3877.0,155.08,2.0,7.130846857109624,-27.77477935163284,7.130846857109624,-27.77477935163284,2.976198060656122,0.2618791998011678,0.006207902170707241
3878.0,155.12,2.0,6.99437531878866,-27.803085223258524,6.99437531878866,-27.803085223258524,2.9812905934060123,0.2618791998011678,0.006207902170707241
3879.0,155.16,2.0,6.857727324448961,-27.83091418052389,6.857727324448961,-27.83091418052389,2.9863780489209817,0.2618791998011678,0.006207902170707241
3880.0,155.20000000000002,2.0,6.720908550733553,-27.85837510622706,6.720908550733553,-27.85837510622706,2.991450814579955,0.2618791998011678,0.006207902170707241
3881.0,155.24,2.0,6.583929322377837,-27.885580800756156,6.583929322377837,-27.885580800756156,2.996510460984673,0.2618791998011678,0.006207902170707241
3882.0,155.28,2.0,6.44681519898693,-27.91227827783,6.44681519898693,-27.91227827783,3.0015380983290703,0.2618791998011678,0.006207902170707241
3883.0,155.32,2.0,6.309580548128007,-27.938603750793582,6.309580548128007,-27.938603750793582,3.006536524263616,0.2618791998011678,0.006207902170707241
3884.0,155.36,2.0,6.172277437269576,-27.964387822894995,6.172277437269576,-27.964387822894995,3.011467949963584,0.2618791998011678,0.006207902170707241
3885.0,155.4,2.0,6.03491885948709,-27.98976873085167,6.03491885948709,-27.98976873085167,3.016336826425871,0.2618791998011678,0.006207902170707241
3886.0,155.44,2.0,5.89796258715832,-28.01485837936122,5.89796258715832,-28.01485837936122,3.0210975333910257,0.2618791998011678,0.006207902170707241
3887.0,155.48,2.0,5.761427754386046,-28.039457512969673,5.761427754386046,-28.039457512969673,3.0257507856150707,0.2618791998011678,0.006207902170707241
3888.0,155.52,2.0,5.625302825725893,-28.06358587736142,5.625302825725893,-28.06358587736142,3.0302967431327157,0.2618791998011678,0.006207902170707241
3889.0,155.56,2.0,5.489625887855795,-28.087233019121037,5.489625887855795,-28.087233019121037,3.0347323631822936,0.2618791998011678,0.006207902170707241
3890.0,155.6,2.0,5.353806320640616,-28.110286038914115,5.353806320640616,-28.110286038914115,3.0391728317849007,0.2618791998011678,0.006207902170707241
3891.0,155.64000000000001,2.0,5.219038215856236,-28.132968116715052,5.219038215856236,-28.132968116715052,3.0435441117907898,0.2618791998011678,0.006207902170707241
3892.0,155.68,2.0,5.084125760110692,-28.155162867855623,5.084125760110692,-28.155162867855623,3.0478968326464817,0.2618791998011678,0.006207902170707241
3893.0,155.72,2.0,4.949058242473502,-28.176882673241725,4.949058242473502,-28.176882673241725,3.052247800787836,0.2618791998011678,0.006207902170707241
3894.0,155.76,2.0,4.8138414511085585,-28.198179330971055,4.8138414511085585,-28.198179330971055,3.056596896328983,0.2618791998011678,0.006207902170707241
3895.0,155.8,2.0,4.678474535766812,-28.218927089997575,4.678474535766812,-28.218927089997575,3.060943999384056,0.2618791998011678,0.006207902170707241
3896.0,155.84,2.0,4.542963032974985,-28.239008766710977,4.542963032974985,-28.239008766710977,3.065297177398125,0.2618791998011678,0.006207902170707241
3897.0,155.88,2.0,4.407309510488232,-28.25868904580669,4.407309510488232,-28.25868904580669,3.069667545206846,0.2618791998011678,0.006207902170707241
3898.0,155.92000000000002,2.0,4.271516895535255,-28.277889274014345,4.271516895535255,-28.277889274014345,3.0740593892411163,0.2618791998011678,0.006207902170707241
3899.0,155.96,2.0,4.1355762462735015,-28.296731427043746,4.1355762462735015,-28.296731427043746,3.0784573552519374,0.2618791998011678,0.006207902170707241
3900.0,156.0,2.0,3.999503945446993,-28.314932374517497,3.999503945446993,-28.314932374517497,3.082876245054028,0.2618791998011678,0.006207902170707241
3901.0,156.04,2.0,3.8632945695141188,-28.332505180084862,3.8632945695141188,-28.332505180084862,3.0873133188390622,0.2618791998011678,0.006207902170707241
3902.0,156.08,2.0,3.72692645782315,-28.349505501104723,3.72692645782315,-28.349505501104723,3.0917552336230663,0.2618791998011678,0.006207902170707241
3903.0,156.12,2.0,3.590398012026864,-28.365979767647193,3.590398012026864,-28.365979767647193,3.0962185569278553,0.2618791998011678,0.006207902170707241
3904.0,156.16,2.0,3.453656103167824,-28.382066353371453,3.453656103167824,-28.382066353371453,3.100702478385919,0.2618791998011678,0.006207902170707241
3905.0,156.20000000000002,2.0,3.316700623573526,-28.397839288651294,3.316700623573526,-28.397839288651294,3.1051926753915566,0.2618791998011678,0.006207902170707241
3906.0,156.24,2.0,3.179079020864599,-28.412722317387544,3.179079020864599,-28.412722317387544,3.1096971262050186,0.2618791998011678,0.006207902170707241
3907.0,156.28,2.0,3.0407964612794447,-28.425164075717742,3.0407964612794447,-28.425164075717742,3.1142138318616195,0.2618791998011678,0.006207902170707241
3908.0,156.32,2.0,2.9018582188238606,-28.43514925569892,2.9018582188238606,-28.43514925569892,3.118733832636856,0.2618791998011678,0.006207902170707241
3909.0,156.36,2.0,2.7622533378338403,-28.442660800289584,2.7622533378338403,-28.442660800289584,3.1232766391022864,0.2618791998011678,0.006207902170707241
3910.0,156.4,2.0,2.6220152879453313,-28.449524590190194,2.6220152879453313,-28.449524590190194,3.1278439266960048,0.2618791998011678,0.006207902170707241
3911.0,156.44,2.0,2.4816411267967364,-28.45206737215021,2.4816411267967364,-28.45206737215021,3.132412527498944,0.2618791998011678,0.006207902170707241
3912.0,156.48,2.0,2.340662021104681,-28.453947181371344,2.340662021104681,-28.453947181371344,3.1370010327347684,0.2618791998011678,0.006207902170707241
3913.0,156.52,2.0,2.199657323676422,-28.455154603529454,2.199657323676422,-28.455154603529454,3.1415948919883436,0.2618791998011678,0.006207902170707241
3914.0,156.56,2.0,2.058633531548033,-28.45568766654263,2.058633531548033,-28.45568766654263,3.1462006151222117,0.2618791998011678,0.006207902170707241
3915.0,156.6,2.0,1.917597160716115,-28.455544443381964,1.917597160716115,-28.455544443381964,3.1508256112659048,0.2618791998011678,0.006207902170707241
3916.0,156.64000000000001,2.0,1.7765547458583646,-28.454723052205097,1.7765547458583646,-28.454723052205097,3.1554696252487506,0.2618791998011678,0.006207902170707241
3917.0,156.68,2.0,1.6355128400533196,-28.453221656488147,1.6355128400533196,-28.453221656488147,3.160122341602217,0.2618791998011678,0.006207902170707241
3918.0,156.72,2.0,1.4944780144992742,-28.451038465155943,1.4944780144992742,-28.451038465155943,3.1647917327106514,0.2618791998011678,0.006207902170707241
3919.0,156.76,2.0,1.3534568582323818,-28.44817173271069,1.3534568582323818,-28.44817173271069,3.1694650824145394,0.2618791998011678,0.006207902170707241
3920.0,156.8,2.0,1.2124354499316994,-28.44463140556534,1.2124354499316994,-28.44463140556534,3.1741598506485635,0.2618791998011678,0.006207902170707241
3921.0,156.84,2.0,1.0714192611133186,-28.440413076361043,1.0714192611133186,-28.440413076361043,3.1788676520077312,0.2618791998011678,0.006207902170707241
3922.0,156.88,2.0,0.9304180082938383,-28.435510526186004,0.9304180082938383,-28.435510526186004,3.1835924126840625,0.2618791998011678,0.006207902170707241
3923.0,156.92000000000002,2.0,0.7894389572644384,-28.429922790505564,0.7894389572644384,-28.429922790505564,3.188337935169265,0.2618791998011678,0.006207902170707241
3924.0,156.96,2.0,0.6484888899557083,-28.42364862911521,0.6484888899557083,-28.42364862911521,3.1930984232904676,0.2618791998011678,0.006207902170707241
3925.0,157.0,2.0,0.5075687941219607,-28.41668886735224,0.5075687941219607,-28.41668886735224,3.1978731260087456,0.2618791998011678,0.006207902170707241
3926.0,157.04,2.0,0.36668201329253436,-28.40904364888751,0.36668201329253436,-28.40904364888751,3.202669402745127,0.2618791998011678,0.006207902170707241
3927.0,157.08,2.0,0.22583189030541245,-28.400713133739355,0.22583189030541245,-28.400713133739355,3.2074873491242633,0.2618791998011678,0.006207902170707241
3928.0,157.12,2.0,0.08502176722709383,-28.391697498270233,0.08502176722709383,-28.391697498270233,3.212320736186566,0.2618791998011678,0.006207902170707241
3929.0,157.16,2.0,-0.05574501472751875,-28.381996935183,-0.05574501472751875,-28.381996935183,3.2171677671741254,0.2618791998011678,0.006207902170707241
3930.0,157.20000000000002,2.0,-0.19646511527521224,-28.37161165351678,-0.19646511527521224,-28.37161165351678,3.222014798161686,0.2618791998011678,0.006207902170707241
3931.0,157.24,2.0,-0.3371351951445372,-28.360541878642444,-0.3371351951445372,-28.360541878642444,3.226861829149245,0.2618791998011678,0.006207902170707241
3932.0,157.28,2.0,-0.47775191615585927,-28.348787852257686,-0.47775191615585927,-28.348787852257686,3.231708860136805,0.2618791998011678,0.006207902170707241
3933.0,157.32,2.0,-0.6183119413013868,-28.33634983238174,-0.6183119413013868,-28.33634983238174,3.2365558911243655,0.2618791998011678,0.006207902170707241
3934.0,157.36,2.0,-0.7588119348251728,-28.32322809334964,-0.7588119348251728,-28.32322809334964,3.241402922111925,0.2618791998011678,0.006207902170707241
3935.0,157.4,2.0,-0.8992485623030889,-28.30942292580616,-0.8992485623030889,-28.30942292580616,3.246249953099485,0.2618791998011678,0.006207902170707241
3936.0,157.44,2.0,-1.039618490722769,-28.294934636699303,-1.039618490722769,-28.294934636699303,3.2510969840870447,0.2618791998011678,0.006207902170707241
3937.0,157.48,2.0,-1.1799183885635223,-28.27976354927344,-1.1799183885635223,-28.27976354927344,3.2559440150746046,0.2618791998011678,0.006207902170707241
3938.0,157.52,2.0,-1.320144925876211,-28.26391000306201,-1.320144925876211,-28.26391000306201,3.260791046062165,0.2618791998011678,0.006207902170707241
3939.0,157.56,2.0,-1.4602947743630958,-28.24737435387988,-1.4602947743630958,-28.24737435387988,3.2656380770497244,0.2618791998011678,0.006207902170707241
3940.0,157.6,2.0,-1.600364607457639,-28.230156973815273,-1.600364607457639,-28.230156973815273,3.2704851080372843,0.2618791998011678,0.006207902170707241
3941.0,157.64000000000001,2.0,-1.7403511004042704,-28.212258251221325,-1.7403511004042704,-28.212258251221325,3.275332139024844,0.2618791998011678,0.006207902170707241
3942.0,157.68,2.0,-1.8802509303381167,-28.19367859070724,-1.8802509303381167,-28.19367859070724,3.280179170012404,0.2618791998011678,0.006207902170707241
3943.0,157.72,2.0,-2.0200607763646765,-28.17441841312905,-2.0200607763646765,-28.17441841312905,3.2850262009999636,0.2618791998011678,0.006207902170707241
3944.0,157.76,2.0,-2.1597773196394616,-28.154478155579998,-2.1597773196394616,-28.154478155579998,3.289873231987524,0.2618791998011678,0.006207902170707241
3945.0,157.8,2.0,-2.2993972434475833,-28.133858271380518,-2.2993972434475833,-28.133858271380518,3.294720262975084,0.2618791998011678,0.006207902170707241
3946.0,157.84,2.0,-2.4389172332832945,-28.112559230067816,-2.4389172332832945,-28.112559230067816,3.2995672939626433,0.2618791998011678,0.006207902170707241
3947.0,157.88,2.0,-2.5783339769294766,-28.09058151738511,-2.5783339769294766,-28.09058151738511,3.3044143249502036,0.2618791998011678,0.006207902170707241
3948.0,157.92000000000002,2.0,-2.7176441645370764,-28.06792563527039,-2.7176441645370764,-28.06792563527039,3.309261355937763,0.2618791998011678,0.006207902170707241
3949.0,157.96,2.0,-2.8568444887044877,-28.044592101844867,-2.8568444887044877,-28.044592101844867,3.3141083869253234,0.2618791998011678,0.006207902170707241
3950.0,158.0,2.0,-2.9959316445568764,-28.020581451401,-2.9959316445568764,-28.020581451401,3.3189554179128833,0.2618791998011678,0.006207902170707241
3951.0,158.04,2.0,-3.134902329825442,-27.995894234390125,-3.134902329825442,-27.995894234390125,3.323802448900443,0.2618791998011678,0.006207902170707241
3952.0,158.08,2.0,-3.2737532449266293,-27.97053101740974,-3.2737532449266293,-27.97053101740974,3.328649479888003,0.2618791998011678,0.006207902170707241
3953.0,158.12,2.0,-3.4124810930412637,-27.944492383190315,-3.4124810930412637,-27.944492383190315,3.3334965108755634,0.2618791998011678,0.006207902170707241
3954.0,158.16,2.0,-3.5510825801936354,-27.91777893058181,-3.5510825801936354,-27.91777893058181,3.338343541863123,0.2618791998011678,0.006207902170707241
3955.0,158.20000000000002,2.0,-3.6895544153305067,-27.89039127453974,-3.6895544153305067,-27.89039127453974,3.343190572850683,0.2618791998011678,0.006207902170707241
3956.0,158.24,2.0,-3.8278933104000568,-27.862330046110863,-3.8278933104000568,-27.862330046110863,3.3480376038382427,0.2618791998011678,0.006207902170707241
3957.0,158.28,2.0,-3.966095980430756,-27.83359589241851,-3.966095980430756,-27.83359589241851,3.3528846348258026,0.2618791998011678,0.006207902170707241
3958.0,158.32,2.0,-4.104159143610164,-27.804189476647498,-4.104159143610164,-27.804189476647498,3.357731665813363,0.2618791998011678,0.006207902170707241
3959.0,158.36,2.0,-4.242079521363659,-27.774111478028654,-4.242079521363659,-27.774111478028654,3.3625786968009224,0.2618791998011678,0.006207902170707241
3960.0,158.4,2.0,-4.37985383843309,-27.74336259182297,-4.37985383843309,-27.74336259182297,3.3674257277884823,0.2618791998011678,0.006207902170707241
3961.0,158.44,2.0,-4.517478822955344,-27.711943529305355,-4.517478822955344,-27.711943529305355,3.372272758776042,0.2618791998011678,0.006207902170707241
3962.0,158.48,2.0,-4.654951206540847,-27.679855017748018,-4.654951206540847,-27.679855017748018,3.377119789763602,0.2618791998011678,0.006207902170707241
3963.0,158.52,2.0,-4.792267724351971,-27.647135654820996,-4.792267724351971,-27.647135654820996,3.3819668207511615,0.2618791998011678,0.006207902170707241
3964.0,158.56,2.0,-4.9294251151813615,-27.613921454688985,-4.9294251151813615,-27.613921454688985,3.386813851738722,0.2618791998011678,0.006207902170707241
3965.0,158.6,2.0,-5.066420121530185,-27.580209567300283,-5.066420121530185,-27.580209567300283,3.3916608827262817,0.2618791998011678,0.006207902170707241
3966.0,158.64000000000001,2.0,-5.2032494896862795,-27.545997154370315,-5.2032494896862795,-27.545997154370315,3.3965079137138416,0.2618791998011678,0.006207902170707241
3967.0,158.68,2.0,-5.339909969802225,-27.511281389449447,-5.339909969802225,-27.511281389449447,3.4013549447014015,0.2618791998011678,0.006207902170707241
3968.0,158.72,2.0,-5.476398315973311,-27.476059457990612,-5.476398315973311,-27.476059457990612,3.406201975688961,0.2618791998011678,0.006207902170707241
3969.0,158.76,2.0,-5.61271128631543,-27.4403285574166,-5.61271128631543,-27.4403285574166,3.4110490066765213,0.2618791998011678,0.006207902170707241
3970.0,158.8,2.0,-5.7488456430428565,-27.404085897187038,-5.7488456430428565,-27.404085897187038,3.4158960376640817,0.2618791998011678,0.006207902170707241
3971.0,158.84,2.0,-5.884798152545937,-27.367328698865133,-5.884798152545937,-27.367328698865133,3.4207430686516407,0.2618791998011678,0.006207902170707241
3972.0,158.88,2.0,-6.020565585468685,-27.330054196184122,-6.020565585468685,-27.330054196184122,3.425590099639201,0.2618791998011678,0.006207902170707241
3973.0,158.92000000000002,2.0,-6.156144716786274,-27.292259635113375,-6.156144716786274,-27.292259635113375,3.4304371306267605,0.2618791998011678,0.006207902170707241
3974.0,158.96,2.0,-6.291532325882418,-27.253942273924277,-6.291532325882418,-27.253942273924277,3.435284161614321,0.2618791998011678,0.006207902170707241
3975.0,159.0,2.0,-6.426725196626666,-27.21509938325577,-6.426725196626666,-27.21509938325577,3.4401311926018807,0.2618791998011678,0.006207902170707241
3976.0,159.04,2.0,-6.561720117451573,-27.175728246179595,-6.561720117451573,-27.175728246179595,3.44497822358944,0.2618791998011678,0.006207902170707241
3977.0,159.08,2.0,-6.696513881429774,-27.135826158265296,-6.696513881429774,-27.135826158265296,3.4498252545770005,0.2618791998011678,0.006207902170707241
3978.0,159.12,2.0,-6.83110328635094,-27.095390427644855,-6.83110328635094,-27.095390427644855,3.45467228556456,0.2618791998011678,0.006207902170707241
3979.0,159.16,2.0,-6.965485134798634,-27.054418375077063,-6.965485134798634,-27.054418375077063,3.4595193165521203,0.2618791998011678,0.006207902170707241
3980.0,159.20000000000002,2.0,-7.099656234227037,-27.012907334011572,-7.099656234227037,-27.012907334011572,3.46436634753968,0.2618791998011678,0.006207902170707241
3981.0,159.24,2.0,-7.233613397037574,-26.970854650652672,-7.233613397037574,-26.970854650652672,3.4692133785272397,0.2618791998011678,0.006207902170707241
3982.0,159.28,2.0,-7.367353440655413,-26.928257684022736,-7.367353440655413,-26.928257684022736,3.4740604095148,0.2618791998011678,0.006207902170707241
3983.0,159.32,2.0,-7.50087318760585,-26.88511380602537,-7.50087318760585,-26.88511380602537,3.4789074405023594,0.2618791998011678,0.006207902170707241
3984.0,159.36,2.0,-7.634169465590566,-26.841420401508216,-7.634169465590566,-26.841420401508216,3.48375447148992,0.2618791998011678,0.006207902170707241
3985.0,159.4,2.0,-7.767239107563772,-26.797174868325556,-7.767239107563772,-26.797174868325556,3.4886015024774797,0.2618791998011678,0.006207902170707241
3986.0,159.44,2.0,-7.900078951808219,-26.75237461740046,-7.900078951808219,-26.75237461740046,3.493448533465039,0.2618791998011678,0.006207902170707241
3987.0,159.48,2.0,-8.032685842011087,-26.70701707278674,-8.032685842011087,-26.70701707278674,3.4982955644525995,0.2618791998011678,0.006207902170707241
3988.0,159.52,2.0,-8.165056627339743,-26.661099671730508,-8.165056627339743,-26.661099671730508,3.503142595440159,0.2618791998011678,0.006207902170707241
3989.0,159.56,2.0,-8.297188162517374,-26.614619864731463,-8.297188162517374,-26.614619864731463,3.5079896264277193,0.2618791998011678,0.006207902170707241
3990.0,159.6,2.0,-8.429077307898472,-26.567575115603862,-8.429077307898472,-26.567575115603862,3.512836657415279,0.2618791998011678,0.006207902170707241
3991.0,159.64000000000001,2.0,-8.560720929544214,-26.519962901537152,-8.560720929544214,-26.519962901537152,3.5176836884028386,0.2618791998011678,0.006207902170707241
3992.0,159.68,2.0,-8.692115899297674,-26.471780713156292,-8.692115899297674,-26.471780713156292,3.522530719390399,0.2618791998011678,0.006207902170707241
3993.0,159.72,2.0,-8.823259094858924,-26.423026054581744,-8.823259094858924,-26.423026054581744,3.5273777503779584,0.2618791998011678,0.006207902170707241
3994.0,159.76,2.0,-8.954147399859972,-26.373696443489166,-8.954147399859972,-26.373696443489166,3.5322247813655188,0.2618791998011678,0.006207902170707241
3995.0,159.8,2.0,-9.084777703939581,-26.323789411168754,-9.084777703939581,-26.323789411168754,3.5370718123530787,0.2618791998011678,0.006207902170707241
3996.0,159.84,2.0,-9.21514690281793,-26.273302502584276,-9.21514690281793,-26.273302502584276,3.541918843340638,0.2618791998011678,0.006207902170707241
3997.0,159.88,2.0,-9.345251898371135,-26.222233276431755,-9.345251898371135,-26.222233276431755,3.5467658743281985,0.2618791998011678,0.006207902170707241
3998.0,159.92000000000002,2.0,-9.475089598705628,-26.17057930519786,-9.475089598705628,-26.17057930519786,3.551612905315758,0.2618791998011678,0.006207902170707241
3999.0,159.96,2.0,-9.604656918232374,-26.118338175217943,-9.604656918232374,-26.118338175217943,3.5564599363033182,0.2618791998011678,0.006207902170707241
4000.0,160.0,2.0,-9.733950777740954,-26.065507486733743,-9.733950777740954,-26.065507486733743,3.5613069672908786,0.2618791998011678,0.006207902170707241
4001.0,160.04,2.0,-9.862968104473484,-26.012084853950753,-9.862968104473484,-26.012084853950753,3.5661539982784376,0.2618791998011678,0.006207902170707241
4002.0,160.08,2.0,-9.991705832198395,-25.95806790509529,-9.991705832198395,-25.95806790509529,3.571001029265998,0.2618791998011678,0.006207902170707241
4003.0,160.12,2.0,-10.120160901284024,-25.903454282471184,-10.120160901284024,-25.903454282471184,3.5758480602535574,0.2618791998011678,0.006207902170707241
4004.0,160.16,2.0,-10.248330258772098,-25.848241642516143,-10.248330258772098,-25.848241642516143,3.5806950912411173,0.2618791998011678,0.006207902170707241
4005.0,160.20000000000002,2.0,-10.376210858451016,-25.792427655857818,-10.376210858451016,-25.792427655857818,3.5855421222286776,0.2618791998011678,0.006207902170707241
4006.0,160.24,2.0,-10.503799660928982,-25.736010007369437,-10.503799660928982,-25.736010007369437,3.590389153216238,0.2618791998011678,0.006207902170707241
4007.0,160.28,2.0,-10.631093633706994,-25.678986396225213,-10.631093633706994,-25.678986396225213,3.5952361842037974,0.2618791998011678,0.006207902170707241
4008.0,160.32,2.0,-10.75808975125164,-25.621354535955334,-10.75808975125164,-25.621354535955334,3.600083215191357,0.2618791998011678,0.006207902170707241
4009.0,160.36,2.0,-10.884784995067749,-25.563112154500626,-10.884784995067749,-25.563112154500626,3.604930246178917,0.2618791998011678,0.006207902170707241
4010.0,160.4,2.0,-11.011176353770855,-25.50425699426686,-11.011176353770855,-25.50425699426686,3.6097772771664762,0.2618791998011678,0.006207902170707241
4011.0,160.44,2.0,-11.137260823159513,-25.44478681217876,-11.137260823159513,-25.44478681217876,3.6146243081540366,0.2618791998011678,0.006207902170707241
4012.0,160.48,2.0,-11.263035406287436,-25.384699379733597,-11.263035406287436,-25.384699379733597,3.6194713391415965,0.2618791998011678,0.006207902170707241
4013.0,160.52,2.0,-11.388497113535436,-25.32399248305449,-11.388497113535436,-25.32399248305449,3.6243183701291564,0.2618791998011678,0.006207902170707241
4014.0,160.56,2.0,-11.51364296268323,-25.262663922943336,-11.51364296268323,-25.262663922943336,3.6291654011167163,0.2618791998011678,0.006207902170707241
4015.0,160.6,2.0,-11.63846997898104,-25.200711514933346,-11.63846997898104,-25.200711514933346,3.6340124321042757,0.2618791998011678,0.006207902170707241
4016.0,160.64000000000001,2.0,-11.762975195221022,-25.138133089341327,-11.762975195221022,-25.138133089341327,3.6388594630918356,0.2618791998011678,0.006207902170707241
4017.0,160.68,2.0,-11.887155651808511,-25.074926491319516,-11.887155651808511,-25.074926491319516,3.643706494079396,0.2618791998011678,0.006207902170707241
4018.0,160.72,2.0,-12.011008396833098,-25.011089580907118,-12.011008396833098,-25.011089580907118,3.6485535250669554,0.2618791998011678,0.006207902170707241
4019.0,160.76,2.0,-12.134530486139521,-24.94662023308142,-12.134530486139521,-24.94662023308142,3.6534005560545157,0.2618791998011678,0.006207902170707241
4020.0,160.8,2.0,-12.257718983398338,-24.881516337808637,-12.257718983398338,-24.881516337808637,3.658247587042075,0.2618791998011678,0.006207902170707241
4021.0,160.84,2.0,-12.380570960176456,-24.815775800094354,-12.380570960176456,-24.815775800094354,3.663094618029635,0.2618791998011678,0.006207902170707241
4022.0,160.88,2.0,-12.503083496007463,-24.749396540033583,-12.503083496007463,-24.749396540033583,3.6679416490171954,0.2618791998011678,0.006207902170707241
4023.0,160.92000000000002,2.0,-12.625253678461736,-24.682376492860474,-12.625253678461736,-24.682376492860474,3.672788680004755,0.2618791998011678,0.006207902170707241
4024.0,160.96,2.0,-12.7470786032164,-24.614713608997718,-12.7470786032164,-24.614713608997718,3.677635710992315,0.2618791998011678,0.006207902170707241
4025.0,161.0,2.0,-12.868555374125062,-24.546405854105515,-12.868555374125062,-24.546405854105515,3.6824827419798747,0.2618791998011678,0.006207902170707241
4026.0,161.04,2.0,-12.989681103287372,-24.477451209130187,-12.989681103287372,-24.477451209130187,3.6873297729674346,0.2618791998011678,0.006207902170707241
4027.0,161.08,2.0,-13.110452911118367,-24.40784767035248,-13.110452911118367,-24.40784767035248,3.692176803954994,0.2618791998011678,0.006207902170707241
4028.0,161.12,2.0,-13.230867926417632,-24.337593249435415,-13.230867926417632,-24.337593249435415,3.6970238349425544,0.2618791998011678,0.006207902170707241
4029.0,161.16,2.0,-13.350923286438244,-24.266685973471855,-13.350923286438244,-24.266685973471855,3.7018708659301134,0.2618791998011678,0.006207902170707241
4030.0,161.20000000000002,2.0,-13.470616136955533,-24.19512388503165,-13.470616136955533,-24.19512388503165,3.7067178969176737,0.2618791998011678,0.006207902170707241
4031.0,161.24,2.0,-13.589943632335626,-24.122905042208412,-13.589943632335626,-24.122905042208412,3.7115649279052336,0.2618791998011678,0.006207902170707241
4032.0,161.28,2.0,-13.708902935603783,-24.050027518665946,-13.708902935603783,-24.050027518665946,3.716411958892793,0.2618791998011678,0.006207902170707241
4033.0,161.32,2.0,-13.827491218512534,-23.976489403684287,-13.827491218512534,-23.976489403684287,3.7212589898803525,0.2618791998011678,0.006207902170707241
4034.0,161.36,2.0,-13.94570566160961,-23.902288802205376,-13.94570566160961,-23.902288802205376,3.726106020867913,0.2618791998011678,0.006207902170707241
4035.0,161.4,2.0,-14.063543454305648,-23.827423834878335,-14.063543454305648,-23.827423834878335,3.7309530518554728,0.2618791998011678,0.006207902170707241
4036.0,161.44,2.0,-14.181001794941702,-23.751892638104394,-14.181001794941702,-23.751892638104394,3.735800082843032,0.2618791998011678,0.006207902170707241
4037.0,161.48,2.0,-14.298077890856511,-23.675693364081457,-14.298077890856511,-23.675693364081457,3.7406471138305926,0.2618791998011678,0.006207902170707241
4038.0,161.52,2.0,-14.414768958453616,-23.59882418084821,-14.414768958453616,-23.59882418084821,3.745494144818152,0.2618791998011678,0.006207902170707241
4039.0,161.56,2.0,-14.53107222326815,-23.521283272327963,-14.53107222326815,-23.521283272327963,3.750341175805712,0.2618791998011678,0.006207902170707241
4040.0,161.6,2.0,-14.646984920033539,-23.443068838371996,-14.646984920033539,-23.443068838371996,3.7551882067932714,0.2618791998011678,0.006207902170707241
4041.0,161.64000000000001,2.0,-14.762504292747877,-23.364179094802616,-14.762504292747877,-23.364179094802616,3.7600352377808317,0.2618791998011678,0.006207902170707241
4042.0,161.68,2.0,-14.877627594740133,-23.284612273455785,-14.877627594740133,-23.284612273455785,3.7648822687683907,0.2618791998011678,0.006207902170707241
4043.0,161.72,2.0,-14.992352088736125,-23.20436662222337,-14.992352088736125,-23.20436662222337,3.769729299755951,0.2618791998011678,0.006207902170707241
4044.0,161.76,2.0,-15.106675046924261,-23.123440405095025,-15.106675046924261,-23.123440405095025,3.774576330743511,0.2618791998011678,0.006207902170707241
4045.0,161.8,2.0,-15.22059375102106,-23.041831902199643,-15.22059375102106,-23.041831902199643,3.7794233617310704,0.2618791998011678,0.006207902170707241
4046.0,161.84,2.0,-15.334105492336436,-22.959539409846492,-15.334105492336436,-22.959539409846492,3.7842703927186303,0.2618791998011678,0.006207902170707241
4047.0,161.88,2.0,-15.447207571838762,-22.876561240565902,-15.447207571838762,-22.876561240565902,3.78911742370619,0.2618791998011678,0.006207902170707241
4048.0,161.92000000000002,2.0,-15.559897300219705,-22.792895723149588,-15.559897300219705,-22.792895723149588,3.79396445469375,0.2618791998011678,0.006207902170707241
4049.0,161.96,2.0,-15.672171997958811,-22.708541202690586,-15.672171997958811,-22.708541202690586,3.7988114856813096,0.2618791998011678,0.006207902170707241
4050.0,162.0,2.0,-15.78402899538787,-22.623496040622783,-15.78402899538787,-22.623496040622783,3.8036585166688694,0.2618791998011678,0.006207902170707241
4051.0,162.04,2.0,-15.895465632755041,-22.537758614760087,-15.895465632755041,-22.537758614760087,3.80850554765643,0.2618791998011678,0.006207902170707241
4052.0,162.08,2.0,-16.00647926028874,-22.451327319335153,-16.00647926028874,-22.451327319335153,3.813352578643989,0.2618791998011678,0.006207902170707241
4053.0,162.12,2.0,-16.11706723826128,-22.364200565037795,-16.11706723826128,-22.364200565037795,3.818199609631549,0.2618791998011678,0.006207902170707241
4054.0,162.16,2.0,-16.22722693705229,-22.27637677905288,-16.22722693705229,-22.27637677905288,3.8230466406191086,0.2618791998011678,0.006207902170707241
4055.0,162.20000000000002,2.0,-16.33695573721186,-22.187854405097976,-16.33695573721186,-22.187854405097976,3.827893671606668,0.2618791998011678,0.006207902170707241
4056.0,162.24,2.0,-16.446251029523484,-22.098631903460483,-16.446251029523484,-22.098631903460483,3.832740702594228,0.2618791998011678,0.006207902170707241
4057.0,162.28,2.0,-16.555110215066716,-22.008707751034443,-16.555110215066716,-22.008707751034443,3.8375877335817874,0.2618791998011678,0.006207902170707241
4058.0,162.32,2.0,-16.66353070527961,-21.91808044135688,-16.66353070527961,-21.91808044135688,3.8424347645693477,0.2618791998011678,0.006207902170707241
4059.0,162.36,2.0,-16.771509922020872,-21.826926184406652,-16.771509922020872,-21.826926184406652,3.8472817955569067,0.2618791998011678,0.006207902170707241
4060.0,162.4,2.0,-16.879045297631844,-21.735247134443394,-16.879045297631844,-21.735247134443394,3.852128826544467,0.2618791998011678,0.006207902170707241
4061.0,162.44,2.0,-16.98613427499811,-21.643045458269764,-16.98613427499811,-21.643045458269764,3.856975857532027,0.2618791998011678,0.006207902170707241
4062.0,162.48,2.0,-17.092774307610988,-21.55032333517973,-17.092774307610988,-21.55032333517973,3.8618228885195864,0.2618791998011678,0.006207902170707241
4063.0,162.52,2.0,-17.198962859628637,-21.457082956906472,-17.198962859628637,-21.457082956906472,3.8666699195071463,0.2618791998011678,0.006207902170707241
4064.0,162.56,2.0,-17.304697405937024,-21.363326527570106,-17.304697405937024,-21.363326527570106,3.8715169504947062,0.2618791998011678,0.006207902170707241
4065.0,162.6,2.0,-17.409975432210555,-21.269056263624996,-17.409975432210555,-21.269056263624996,3.876363981482266,0.2618791998011678,0.006207902170707241
4066.0,162.64000000000001,2.0,-17.514794434972462,-21.174274393806826,-17.514794434972462,-21.174274393806826,3.8812110124698256,0.2618791998011678,0.006207902170707241
4067.0,162.68,2.0,-17.619151921654968,-21.078983159079353,-17.619151921654968,-21.078983159079353,3.8860580434573855,0.2618791998011678,0.006207902170707241
4068.0,162.72,2.0,-17.72304541065913,-20.983184812580898,-17.72304541065913,-20.983184812580898,3.8909050744449445,0.2618791998011678,0.006207902170707241
4069.0,162.76,2.0,-17.82647243141447,-20.886881619570488,-17.82647243141447,-20.886881619570488,3.895752105432505,0.2618791998011678,0.006207902170707241
4070.0,162.8,2.0,-17.929430524438335,-20.79007585737377,-17.929430524438335,-20.79007585737377,3.9005991364200643,0.2618791998011678,0.006207902170707241
4071.0,162.84,2.0,-18.03191724139493,-20.69276981532857,-18.03191724139493,-20.69276981532857,3.905446167407624,0.2618791998011678,0.006207902170707241
4072.0,162.88,2.0,-18.13393014515419,-20.59496579473022,-18.13393014515419,-20.59496579473022,3.910293198395184,0.2618791998011678,0.006207902170707241
4073.0,162.92000000000002,2.0,-18.235466809850266,-20.49666610877655,-18.235466809850266,-20.49666610877655,3.9151402293827435,0.2618791998011678,0.006207902170707241
4074.0,162.96,2.0,-18.336524820939854,-20.397873082512618,-18.336524820939854,-20.397873082512618,3.919987260370303,0.2618791998011678,0.006207902170707241
4075.0,163.0,2.0,-18.437101775260142,-20.298589052775153,-18.437101775260142,-20.298589052775153,3.9248342913578624,0.2618791998011678,0.006207902170707241
4076.0,163.04,2.0,-18.537195281086586,-20.198816368136697,-18.537195281086586,-20.198816368136697,3.9296813223454223,0.2618791998011678,0.006207902170707241
4077.0,163.08,2.0,-18.636802958190327,-20.098557388849486,-18.636802958190327,-20.098557388849486,3.934528353332982,0.2618791998011678,0.006207902170707241
4078.0,163.12,2.0,-18.73592243789539,-19.997814486789036,-18.73592243789539,-19.997814486789036,3.939375384320542,0.2618791998011678,0.006207902170707241
4079.0,163.16,2.0,-18.834551363135564,-19.896590045397446,-18.834551363135564,-19.896590045397446,3.944222415308102,0.2618791998011678,0.006207902170707241
4080.0,163.20000000000002,2.0,-18.93268738851105,-19.79488645962643,-18.93268738851105,-19.79488645962643,3.9490694462956615,0.2618791998011678,0.006207902170707241
4081.0,163.24,2.0,-19.030328180344767,-19.69270613588006,-19.030328180344767,-19.69270613588006,3.9539164772832214,0.2618791998011678,0.006207902170707241
4082.0,163.28,2.0,-19.127471416738445,-19.59005149195725,-19.127471416738445,-19.59005149195725,3.958763508270781,0.2618791998011678,0.006207902170707241
4083.0,163.32,2.0,-19.224114787628377,-19.48692495699396,-19.224114787628377,-19.48692495699396,3.963610539258341,0.2618791998011678,0.006207902170707241
4084.0,163.36,2.0,-19.32025599484091,-19.383328971405092,-19.32025599484091,-19.383328971405092,3.9684575702459,0.2618791998011678,0.006207902170707241
4085.0,163.4,2.0,-19.415892752147673,-19.27926598682619,-19.415892752147673,-19.27926598682619,3.9733046012334596,0.2618791998011678,0.006207902170707241
4086.0,163.44,2.0,-19.511022785320474,-19.17473846605477,-19.511022785320474,-19.17473846605477,3.9781516322210195,0.2618791998011678,0.006207902170707241
4087.0,163.48,2.0,-19.60564383218593,-19.069748882991465,-19.60564383218593,-19.069748882991465,3.98299866320858,0.2618791998011678,0.006207902170707241
4088.0,163.52,2.0,-19.69975364267982,-18.96429972258088,-19.69975364267982,-18.96429972258088,3.987845694196139,0.2618791998011678,0.006207902170707241
4089.0,163.56,2.0,-19.793349978901134,-18.858393480752127,-19.793349978901134,-18.858393480752127,3.9926927251836983,0.2618791998011678,0.006207902170707241
4090.0,163.6,2.0,-19.886430615165818,-18.75203266435918,-19.886430615165818,-18.75203266435918,3.9975397561712587,0.2618791998011678,0.006207902170707241
4091.0,163.64000000000001,2.0,-19.978993338060242,-18.64521979112091,-19.978993338060242,-18.64521979112091,4.002386787158818,0.2618791998011678,0.006207902170707241
4092.0,163.68,2.0,-20.071035946494376,-18.53795738956085,-20.071035946494376,-18.53795738956085,4.0072338181463785,0.2618791998011678,0.006207902170707241
4093.0,163.72,2.0,-20.16255625175466,-18.43024799894677,-20.16255625175466,-18.43024799894677,4.0120808491339375,0.2618791998011678,0.006207902170707241
4094.0,163.76,2.0,-20.253552077556563,-18.32209416922989,-20.253552077556563,-18.32209416922989,4.0169278801214965,0.2618791998011678,0.006207902170707241
4095.0,163.8,2.0,-20.343950492774873,-18.213498460983928,-20.343950492774873,-18.213498460983928,4.021774911109056,0.2618791998011678,0.006207902170707241
4096.0,163.84,2.0,-20.433646883827397,-18.104463445343836,-20.433646883827397,-18.104463445343836,4.026621942096616,0.2618791998011678,0.006207902170707241
4097.0,163.88,2.0,-20.522642751815933,-17.9949917039443,-20.522642751815933,-17.9949917039443,4.031468973084176,0.2618791998011678,0.006207902170707241
4098.0,163.92000000000002,2.0,-20.61093961449715,-17.885085828857978,-20.61093961449715,-17.885085828857978,4.036316004071736,0.2618791998011678,0.006207902170707241
4099.0,163.96,2.0,-20.698539006246744,-17.774748422533506,-20.698539006246744,-17.774748422533506,4.041163035059295,0.2618791998011678,0.006207902170707241
4100.0,164.0,2.0,-20.785442478023207,-17.663982097733232,-20.785442478023207,-17.663982097733232,4.046010066046855,0.2618791998011678,0.006207902170707241
4101.0,164.04,2.0,-20.871651597331187,-17.552789477470697,-20.871651597331187,-17.552789477470697,4.050857097034414,0.2618791998011678,0.006207902170707241
4102.0,164.08,2.0,-20.95716794818446,-17.44117319494791,-20.95716794818446,-17.44117319494791,4.055704128021975,0.2618791998011678,0.006207902170707241
4103.0,164.12,2.0,-21.041993131068484,-17.32913589349232,-21.041993131068484,-17.32913589349232,4.060551159009534,0.2618791998011678,0.006207902170707241
4104.0,164.16,2.0,-21.126128762902574,-17.216680226493583,-21.126128762902574,-17.216680226493583,4.065398189997094,0.2618791998011678,0.006207902170707241
4105.0,164.20000000000002,2.0,-21.209576477001697,-17.103808857340066,-21.209576477001697,-17.103808857340066,4.070245220984653,0.2618791998011678,0.006207902170707241
4106.0,164.24,2.0,-21.292337923037838,-16.990524459355136,-21.292337923037838,-16.990524459355136,4.075092251972213,0.2618791998011678,0.006207902170707241
4107.0,164.28,2.0,-21.374414767001007,-16.876829715733162,-21.374414767001007,-16.876829715733162,4.0799392829597725,0.2618791998011678,0.006207902170707241
4108.0,164.32,2.0,-21.455808691159813,-16.76272731947534,-21.455808691159813,-16.76272731947534,4.084786313947332,0.2618791998011678,0.006207902170707241
4109.0,164.36,2.0,-21.53652139402171,-16.648219973325226,-21.53652139402171,-16.648219973325226,4.089633344934892,0.2618791998011678,0.006207902170707241
4110.0,164.4,2.0,-21.616554590292782,-16.533310389704063,-21.616554590292782,-16.533310389704063,4.094480375922451,0.2618791998011678,0.006207902170707241
4111.0,164.44,2.0,-21.69591001083719,-16.41800129064588,-21.69591001083719,-16.41800129064588,4.099327406910011,0.2618791998011678,0.006207902170707241
4112.0,164.48,2.0,-21.7745894026362,-16.30229540773232,-21.7745894026362,-16.30229540773232,4.104174437897571,0.2618791998011678,0.006207902170707241
4113.0,164.52,2.0,-21.852594528746867,-16.1861954820273,-21.852594528746867,-16.1861954820273,4.10902146888513,0.2618791998011678,0.006207902170707241
4114.0,164.56,2.0,-21.92992716826026,-16.069704264011378,-21.92992716826026,-16.069704264011378,4.11386849987269,0.2618791998011678,0.006207902170707241
4115.0,164.6,2.0,-22.006589116259374,-15.952824513515933,-22.006589116259374,-15.952824513515933,4.11871553086025,0.2618791998011678,0.006207902170707241
4116.0,164.64000000000001,2.0,-22.082582183776626,-15.835558999657113,-22.082582183776626,-15.835558999657113,4.123562561847809,0.2618791998011678,0.006207902170707241
4117.0,164.68,2.0,-22.157908197750963,-15.717910500769552,-22.157908197750963,-15.717910500769552,4.128409592835369,0.2618791998011678,0.006207902170707241
4118.0,164.72,2.0,-22.23256900098459,-15.599881804339846,-22.23256900098459,-15.599881804339846,4.133256623822929,0.2618791998011678,0.006207902170707241
4119.0,164.76,2.0,-22.306566452099354,-15.481475706939866,-22.306566452099354,-15.481475706939866,4.138103654810488,0.2618791998011678,0.006207902170707241
4120.0,164.8,2.0,-22.37990242549267,-15.362695014159787,-22.37990242549267,-15.362695014159787,4.142950685798048,0.2618791998011678,0.006207902170707241
4121.0,164.84,2.0,-22.45257881129314,-15.243542540540926,-22.45257881129314,-15.243542540540926,4.147797716785607,0.2618791998011678,0.006207902170707241
4122.0,164.88,2.0,-22.524597515315765,-15.124021109508387,-22.524597515315765,-15.124021109508387,4.152644747773167,0.2618791998011678,0.006207902170707241
4123.0,164.92000000000002,2.0,-22.59596045901681,-15.004133553303447,-22.59596045901681,-15.004133553303447,4.157491778760726,0.2618791998011678,0.006207902170707241
4124.0,164.96,2.0,-22.66666957944819,-14.883882712915762,-22.66666957944819,-14.883882712915762,4.162338809748286,0.2618791998011678,0.006207902170707241
4125.0,165.0,2.0,-22.736726829211666,-14.76327143801535,-22.736726829211666,-14.76327143801535,4.167185840735845,0.2618791998011678,0.006207902170707241
4126.0,165.04,2.0,-22.806134176412456,-14.642302586884357,-22.806134176412456,-14.642302586884357,4.172032871723405,0.2618791998011678,0.006207902170707241
4127.0,165.08,2.0,-22.87489360461266,-14.520979026348645,-22.87489360461266,-14.520979026348645,4.176879902710965,0.2618791998011678,0.006207902170707241
4128.0,165.12,2.0,-22.943007112784166,-14.399303631709138,-22.943007112784166,-14.399303631709138,4.181726933698525,0.2618791998011678,0.006207902170707241
4129.0,165.16,2.0,-23.01047671526129,-14.277279286672966,-23.01047671526129,-14.277279286672966,4.186573964686084,0.2618791998011678,0.006207902170707241
4130.0,165.20000000000002,2.0,-23.077304441693,-14.15490888328445,-23.077304441693,-14.15490888328445,4.191420995673644,0.2618791998011678,0.006207902170707241
4131.0,165.24,2.0,-23.143492336994772,-14.032195321855838,-23.143492336994772,-14.032195321855838,4.196268026661203,0.2618791998011678,0.006207902170707241
4132.0,165.28,2.0,-23.209042461300083,-13.909141510897847,-23.209042461300083,-13.909141510897847,4.201115057648763,0.2618791998011678,0.006207902170707241
4133.0,165.32,2.0,-23.273956889911563,-13.785750367050033,-23.273956889911563,-13.785750367050033,4.205962088636323,0.2618791998011678,0.006207902170707241
4134.0,165.36,2.0,-23.33823771325175,-13.66202481501095,-23.33823771325175,-13.66202481501095,4.210809119623882,0.2618791998011678,0.006207902170707241
4135.0,165.4,2.0,-23.401887036813477,-13.537967787468109,-23.401887036813477,-13.537967787468109,4.215656150611442,0.2618791998011678,0.006207902170707241
4136.0,165.44,2.0,-23.464906981109927,-13.413582225027747,-23.464906981109927,-13.413582225027747,4.2205031815990015,0.2618791998011678,0.006207902170707241
4137.0,165.48,2.0,-23.527299681624324,-13.288871076144417,-23.527299681624324,-13.288871076144417,4.2253502125865605,0.2618791998011678,0.006207902170707241
4138.0,165.52,2.0,-23.58906728875925,-13.163837297050373,-23.58906728875925,-13.163837297050373,4.23019724357412,0.2618791998011678,0.006207902170707241
4139.0,165.56,2.0,-23.65021196778558,-13.038483851684772,-23.65021196778558,-13.038483851684772,4.235044274561679,0.2618791998011678,0.006207902170707241
4140.0,165.6,2.0,-23.710735898791132,-12.912813711622698,-23.710735898791132,-12.912813711622698,4.239891305549239,0.2618791998011678,0.006207902170707241
4141.0,165.64000000000001,2.0,-23.770641276628872,-12.786829856003996,-23.770641276628872,-12.786829856003996,4.244738336536799,0.2618791998011678,0.006207902170707241
4142.0,165.68,2.0,-23.82993031086484,-12.660535271461912,-23.82993031086484,-12.660535271461912,4.249585367524358,0.2618791998011678,0.006207902170707241
4143.0,165.72,2.0,-23.88860522572567,-12.533932952051577,-23.88860522572567,-12.533932952051577,4.254432398511918,0.2618791998011678,0.006207902170707241
4144.0,165.76,2.0,-23.94666826004579,-12.407025899178288,-23.94666826004579,-12.407025899178288,4.259279429499477,0.2618791998011678,0.006207902170707241
4145.0,165.8,2.0,-24.004121667214264,-12.27981712152563,-24.004121667214264,-12.27981712152563,4.264126460487037,0.2618791998011678,0.006207902170707241
4146.0,165.84,2.0,-24.060967715121265,-12.152309634983407,-24.060967715121265,-12.152309634983407,4.268973491474597,0.2618791998011678,0.006207902170707241
4147.0,165.88,2.0,-24.11720868610422,-12.024506462575411,-24.11720868610422,-12.024506462575411,4.273820522462156,0.2618791998011678,0.006207902170707241
4148.0,165.92000000000002,2.0,-24.172846876893612,-11.896410634387015,-24.172846876893612,-11.896410634387015,4.278667553449716,0.2618791998011678,0.006207902170707241
4149.0,165.96,2.0,-24.227884598558408,-11.768025187492595,-24.227884598558408,-11.768025187492595,4.283514584437275,0.2618791998011678,0.006207902170707241
4150.0,166.0,2.0,-24.282324176451183,-11.63935316588278,-24.282324176451183,-11.63935316588278,4.288361615424835,0.2618791998011678,0.006207902170707241
4151.0,166.04,2.0,-24.33616795015285,-11.510397620391538,-24.33616795015285,-11.510397620391538,4.293208646412395,0.2618791998011678,0.006207902170707241
4152.0,166.08,2.0,-24.3894182734171,-11.38116160862311,-24.3894182734171,-11.38116160862311,4.298055677399954,0.2618791998011678,0.006207902170707241
4153.0,166.12,2.0,-24.44207751411448,-11.251648194878747,-24.44207751411448,-11.251648194878747,4.3029027083875135,0.2618791998011678,0.006207902170707241
4154.0,166.16,2.0,-24.49414805417611,-11.121860450083332,-24.49414805417611,-11.121860450083332,4.3077497393750726,0.2618791998011678,0.006207902170707241
4155.0,166.20000000000002,2.0,-24.545632289537092,-10.991801451711796,-24.545632289537092,-10.991801451711796,4.3125967703626324,0.2618791998011678,0.006207902170707241
4156.0,166.24,2.0,-24.59653263007958,-10.86147428371541,-24.59653263007958,-10.86147428371541,4.317443801350192,0.2618791998011678,0.006207902170707241
4157.0,166.28,2.0,-24.6468514995755,-10.730882036447902,-24.6468514995755,-10.730882036447902,4.322290832337751,0.2618791998011678,0.006207902170707241
4158.0,166.32,2.0,-24.69659133562895,-10.600027806591426,-24.69659133562895,-10.600027806591426,4.327137863325311,0.2618791998011678,0.006207902170707241
4159.0,166.36,2.0,-24.745754589618222,-10.468914697082381,-24.745754589618222,-10.468914697082381,4.33198489431287,0.2618791998011678,0.006207902170707241
4160.0,166.4,2.0,-24.79434372663761,-10.337545817037078,-24.79434372663761,-10.337545817037078,4.33683192530043,0.2618791998011678,0.006207902170707241
4161.0,166.44,2.0,-24.842361225438744,-10.205924281677252,-24.842361225438744,-10.205924281677252,4.341678956287989,0.2618791998011678,0.006207902170707241
4162.0,166.48,2.0,-24.88980957837169,-10.074053212255428,-24.88980957837169,-10.074053212255428,4.346525987275549,0.2618791998011678,0.006207902170707241
4163.0,166.52,2.0,-24.936691291325676,-9.941935735980154,-24.936691291325676,-9.941935735980154,4.351373018263109,0.2618791998011678,0.006207902170707241
4164.0,166.56,2.0,-24.983008883669555,-9.809574985941074,-24.983008883669555,-9.809574985941074,4.356220049250668,0.2618791998011678,0.006207902170707241
4165.0,166.6,2.0,-25.028764888191848,-9.67697410103387,-25.028764888191848,-9.67697410103387,4.361067080238228,0.2618791998011678,0.006207902170707241
4166.0,166.64000000000001,2.0,-25.073961851040554,-9.544136225885058,-25.073961851040554,-9.544136225885058,4.365914111225787,0.2618791998011678,0.006207902170707241
4167.0,166.68,2.0,-25.118602331662586,-9.411064510776653,-25.118602331662586,-9.411064510776653,4.370761142213347,0.2618791998011678,0.006207902170707241
4168.0,166.72,2.0,-25.162688902742925,-9.27776211157068,-25.162688902742925,-9.27776211157068,4.375608173200906,0.2618791998011678,0.006207902170707241
4169.0,166.76,2.0,-25.2062241501434,-9.144232189633584,-25.2062241501434,-9.144232189633584,4.380455204188466,0.2618791998011678,0.006207902170707241
4170.0,166.8,2.0,-25.249210672841215,-9.010477911760471,-25.249210672841215,-9.010477911760471,4.385302235176025,0.2618791998011678,0.006207902170707241
4171.0,166.84,2.0,-25.291651082867137,-8.876502450099235,-25.291651082867137,-8.876502450099235,4.390149266163585,0.2618791998011678,0.006207902170707241
4172.0,166.88,2.0,-25.333548005243337,-8.742308982074567,-25.333548005243337,-8.742308982074567,4.3949962971511445,0.2618791998011678,0.006207902170707241
4173.0,166.92000000000002,2.0,-25.374904077920974,-8.607900690311805,-25.374904077920974,-8.607900690311805,4.3998433281387035,0.2618791998011678,0.006207902170707241
4174.0,166.96,2.0,-25.41572195171742,-8.473280762560705,-25.41572195171742,-8.473280762560705,4.404690359126263,0.2618791998011678,0.006207902170707241
4175.0,167.0,2.0,-25.45600429025322,-8.338452391619033,-25.45600429025322,-8.338452391619033,4.409537390113822,0.2618791998011678,0.006207902170707241
4176.0,167.04,2.0,-25.49575376988871,-8.203418775256086,-25.49575376988871,-8.203418775256086,4.414384421101381,0.2618791998011678,0.006207902170707241
4177.0,167.08,2.0,-25.53497307966034,-8.068183116136066,-25.53497307966034,-8.068183116136066,4.419231452088941,0.2618791998011678,0.006207902170707241
4178.0,167.12,2.0,-25.5736649212167,-7.932748621741333,-25.5736649212167,-7.932748621741333,4.4240784830765,0.2618791998011678,0.006207902170707241
4179.0,167.16,2.0,-25.611832008754224,-7.7971185042955655,-25.611832008754224,-7.7971185042955655,4.428925514064061,0.2618791998011678,0.006207902170707241
4180.0,167.20000000000002,2.0,-25.64947706895262,-7.66129598068678,-25.64947706895262,-7.66129598068678,4.43377254505162,0.2618791998011678,0.006207902170707241
4181.0,167.24,2.0,-25.686602840909977,-7.525284272390259,-25.686602840909977,-7.525284272390259,4.438619576039179,0.2618791998011678,0.006207902170707241
4182.0,167.28,2.0,-25.723212076077566,-7.389086605391348,-25.723212076077566,-7.389086605391348,4.443466607026739,0.2618791998011678,0.006207902170707241
4183.0,167.32,2.0,-25.7593075381944,-7.25270621010817,-25.7593075381944,-7.25270621010817,4.448313638014298,0.2618791998011678,0.006207902170707241
4184.0,167.36,2.0,-25.79489200322141,-7.11614632131421,-25.79489200322141,-7.11614632131421,4.453160669001858,0.2618791998011678,0.006207902170707241
4185.0,167.4,2.0,-25.829968259275425,-6.979410178060807,-25.829968259275425,-6.979410178060807,4.458007699989417,0.2618791998011678,0.006207902170707241
4186.0,167.44,2.0,-25.86453910656276,-6.842501023599534,-25.86453910656276,-6.842501023599534,4.462854730976977,0.2618791998011678,0.006207902170707241
4187.0,167.48,2.0,-25.898607357312592,-6.705422105304492,-25.898607357312592,-6.705422105304492,4.467701761964536,0.2618791998011678,0.006207902170707241
4188.0,167.52,2.0,-25.93217583571003,-6.568176674594485,-25.93217583571003,-6.568176674594485,4.472548792952095,0.2618791998011678,0.006207902170707241
4189.0,167.56,2.0,-25.96524737782885,-6.430767986855119,-25.96524737782885,-6.430767986855119,4.477395823939655,0.2618791998011678,0.006207902170707241
4190.0,167.6,2.0,-25.997824831564024,-6.293199301360782,-25.997824831564024,-6.293199301360782,4.482242854927215,0.2618791998011678,0.006207902170707241
4191.0,167.64000000000001,2.0,-26.029732769963168,-6.155473881196555,-26.029732769963168,-6.155473881196555,4.487089885914774,0.2618791998011678,0.006207902170707241
4192.0,167.68,2.0,-26.060970437128958,-6.0175949931800075,-26.060970437128958,-6.0175949931800075,4.4919369169023335,0.2618791998011678,0.006207902170707241
4193.0,167.72,2.0,-26.091537093144762,-5.879565907782927,-26.091537093144762,-5.879565907782927,4.4967839478898926,0.2618791998011678,0.006207902170707241
4194.0,167.76,2.0,-26.121432014092377,-5.741389899052941,-26.121432014092377,-5.741389899052941,4.5016309788774524,0.2618791998011678,0.006207902170707241
4195.0,167.8,2.0,-26.150654492069325,-5.60307024453506,-26.150654492069325,-5.60307024453506,4.5064780098650115,0.2618791998011678,0.006207902170707241
4196.0,167.84,2.0,-26.179203835205804,-5.464610225193141,-26.179203835205804,-5.464610225193141,4.511325040852571,0.2618791998011678,0.006207902170707241
4197.0,167.88,2.0,-26.207079367681263,-5.326013125331263,-26.207079367681263,-5.326013125331263,4.51617207184013,0.2618791998011678,0.006207902170707241
4198.0,167.92000000000002,2.0,-26.234280429740497,-5.187282232515023,-26.234280429740497,-5.187282232515023,4.52101910282769,0.2618791998011678,0.006207902170707241
4199.0,167.96,2.0,-26.260806377709493,-5.048420837492755,-26.260806377709493,-5.048420837492755,4.52586613381525,0.2618791998011678,0.006207902170707241
4200.0,168.0,2.0,-26.286656584010778,-4.909432234116676,-26.286656584010778,-4.909432234116676,4.530713164802809,0.2618791998011678,0.006207902170707241
4201.0,168.04,2.0,-26.31183043717843,-4.770319719263947,-26.31183043717843,-4.770319719263947,4.535560195790368,0.2618791998011678,0.006207902170707241
4202.0,168.08,2.0,-26.3363273418727,-4.631086592757672,-26.3363273418727,-4.631086592757672,4.540407226777928,0.2618791998011678,0.006207902170707241
4203.0,168.12,2.0,-26.360146718894235,-4.491736157287822,-26.360146718894235,-4.491736157287822,4.545254257765487,0.2618791998011678,0.006207902170707241
4204.0,168.16,2.0,-26.383288005197898,-4.352271718332088,-26.383288005197898,-4.352271718332088,4.550101288753047,0.2618791998011678,0.006207902170707241
4205.0,168.20000000000002,2.0,-26.405750653906228,-4.2126965840766735,-26.405750653906228,-4.2126965840766735,4.554948319740606,0.2618791998011678,0.006207902170707241
4206.0,168.24,2.0,-26.427534134322507,-4.073014065337012,-26.427534134322507,-4.073014065337012,4.559795350728166,0.2618791998011678,0.006207902170707241
4207.0,168.28,2.0,-26.44863793194341,-3.933227475478434,-26.44863793194341,-3.933227475478434,4.564642381715725,0.2618791998011678,0.006207902170707241
4208.0,168.32,2.0,-26.46906154847129,-3.793340130336761,-26.46906154847129,-3.793340130336761,4.569489412703284,0.2618791998011678,0.006207902170707241
4209.0,168.36,2.0,-26.488804501826078,-3.6533553481388474,-26.488804501826078,-3.6533553481388474,4.574336443690844,0.2618791998011678,0.006207902170707241
4210.0,168.4,2.0,-26.50786632615675,-3.5132764494230617,-26.50786632615675,-3.5132764494230617,4.579183474678403,0.2618791998011678,0.006207902170707241
4211.0,168.44,2.0,-26.526246571852464,-3.3731067569597166,-26.526246571852464,-3.3731067569597166,4.584030505665964,0.2618791998011678,0.006207902170707241
4212.0,168.48,2.0,-26.543944805553274,-3.23284959567144,-26.543944805553274,-3.23284959567144,4.588877536653523,0.2618791998011678,0.006207902170707241
4213.0,168.52,2.0,-26.560960610160414,-3.0925082925534984,-26.560960610160414,-3.0925082925534984,4.593724567641082,0.2618791998011678,0.006207902170707241
4214.0,168.56,2.0,-26.5772935848463,-2.952086176594068,-26.5772935848463,-2.952086176594068,4.5985715986286415,0.2618791998011678,0.006207902170707241
4215.0,168.6,2.0,-26.592943345064,-2.811586578694462,-26.592943345064,-2.811586578694462,4.6034186296162005,0.2618791998011678,0.006207902170707241
4216.0,168.64000000000001,2.0,-26.607909522556433,-2.6710128315893056,-26.607909522556433,-2.6710128315893056,4.6082656606037595,0.2618791998011678,0.006207902170707241
4217.0,168.68,2.0,-26.622191765365084,-2.530368269766677,-26.622191765365084,-2.530368269766677,4.613112691591319,0.2618791998011678,0.006207902170707241
4218.0,168.72,2.0,-26.63578973783842,-2.3896562293881956,-26.63578973783842,-2.3896562293881956,4.617959722578879,0.2618791998011678,0.006207902170707241
4219.0,168.76,2.0,-26.648703120639798,-2.2488800482090783,-26.648703120639798,-2.2488800482090783,4.622806753566438,0.2618791998011678,0.006207902170707241
4220.0,168.8,2.0,-26.6609316107551,-2.1080430654981526,-26.6609316107551,-2.1080430654981526,4.627653784553998,0.2618791998011678,0.006207902170707241
4221.0,168.84,2.0,-26.672474921499884,-1.9671486219578391,-26.672474921499884,-1.9671486219578391,4.632500815541557,0.2618791998011678,0.006207902170707241
4222.0,168.88,2.0,-26.683332782526183,-1.826200059644094,-26.683332782526183,-1.826200059644094,4.637347846529117,0.2618791998011678,0.006207902170707241
4223.0,168.92000000000002,2.0,-26.693504939828916,-1.6852007218863223,-26.693504939828916,-1.6852007218863223,4.642194877516676,0.2618791998011678,0.006207902170707241
4224.0,168.96,2.0,-26.702991155751864,-1.544153953207261,-26.702991155751864,-1.544153953207261,4.647041908504236,0.2618791998011678,0.006207902170707241
4225.0,169.0,2.0,-26.711791208993315,-1.4030630992428341,-26.711791208993315,-1.4030630992428341,4.651888939491796,0.2618791998011678,0.006207902170707241
4226.0,169.04,2.0,-26.71990489461126,-1.2619315066619787,-26.71990489461126,-1.2619315066619787,4.656735970479355,0.2618791998011678,0.006207902170707241
4227.0,169.08,2.0,-26.72733202402823,-1.1207625230864497,-26.72733202402823,-1.1207625230864497,4.661583001466914,0.2618791998011678,0.006207902170707241
4228.0,169.12,2.0,-26.734072425035702,-0.9795594970106009,-26.734072425035702,-0.9795594970106009,4.666430032454473,0.2618791998011678,0.006207902170707241
4229.0,169.16,2.0,-26.740125941798155,-0.8383257777211441,-26.740125941798155,-0.8383257777211441,4.671277063442033,0.2618791998011678,0.006207902170707241
4230.0,169.20000000000002,2.0,-26.745492434856704,-0.6970647152168922,-26.745492434856704,-0.6970647152168922,4.676124094429593,0.2618791998011678,0.006207902170707241
4231.0,169.24,2.0,-26.750171781132355,-0.5557796601284827,-26.750171781132355,-0.5557796601284827,4.680971125417152,0.2618791998011678,0.006207902170707241
4232.0,169.28,2.0,-26.75416387392884,-0.4144739636380896,-26.75416387392884,-0.4144739636380896,4.685818156404712,0.2618791998011678,0.006207902170707241
4233.0,169.32,2.0,-26.757468622935075,-0.27315097739911953,-26.757468622935075,-0.27315097739911953,4.690665187392271,0.2618791998011678,0.006207902170707241
4234.0,169.36,2.0,-26.760085954227254,-0.13181405345589897,-26.760085954227254,-0.13181405345589897,4.695512218379831,0.2618791998011678,0.006207902170707241
4235.0,169.4,2.0,-26.762015810270473,0.009533455836648436,-26.762015810270473,0.009533455836648436,4.70035924936739,0.2618791998011678,0.006207902170707241
4236.0,169.44,2.0,-26.763258149920023,0.15088819789333094,-26.763258149920023,0.15088819789333094,4.7052062803549495,0.2618791998011678,0.006207902170707241
4237.0,169.48,2.0,-26.76381294842229,0.2922468199790232,-26.76381294842229,0.2922468199790232,4.710053311342509,0.2618791998011678,0.006207902170707241
4238.0,169.52,2.0,-26.763680197415198,0.4336059692890038,-26.763680197415198,0.4336059692890038,4.714900342330068,0.2618791998011678,0.006207902170707241
4239.0,169.56,2.0,-26.762859904928334,0.5749622930292939,-26.762859904928334,0.5749622930292939,4.719747373317627,0.2618791998011678,0.006207902170707241
4240.0,169.6,2.0,-26.76135209538261,0.7163124384969946,-26.76135209538261,0.7163124384969946,4.724594404305187,0.2618791998011678,0.006207902170707241
4241.0,169.64000000000001,2.0,-26.759156809589598,0.8576530531606226,-26.759156809589598,0.8576530531606226,4.729441435292746,0.2618791998011678,0.006207902170707241
4242.0,169.68,2.0,-26.756274104750418,0.9989807847404407,-26.756274104750418,0.9989807847404407,4.734288466280305,0.2618791998011678,0.006207902170707241
4243.0,169.72,2.0,-26.75270405445423,1.1402922812887804,-26.75270405445423,1.1402922812887804,4.739135497267866,0.2618791998011678,0.006207902170707241
4244.0,169.76,2.0,-26.748446748676386,1.281584191270359,-26.748446748676386,1.281584191270359,4.743982528255425,0.2618791998011678,0.006207902170707241
4245.0,169.8,2.0,-26.743502293776128,1.422853163642582,-26.743502293776128,1.422853163642582,4.748829559242985,0.2618791998011678,0.006207902170707241
4246.0,169.84,2.0,-26.737870812493917,1.5640958479358373,-26.737870812493917,1.5640958479358373,4.753676590230544,0.2618791998011678,0.006207902170707241
4247.0,169.88,2.0,-26.731552443948374,1.7053088943337729,-26.731552443948374,1.7053088943337729,4.758523621218103,0.2618791998011678,0.006207902170707241
4248.0,169.92000000000002,2.0,-26.724547343632818,1.8464889537535558,-26.724547343632818,1.8464889537535558,4.763370652205663,0.2618791998011678,0.006207902170707241
4249.0,169.96,2.0,-26.716855683411392,1.9876326779261193,-26.716855683411392,1.9876326779261193,4.768217683193222,0.2618791998011678,0.006207902170707241
4250.0,170.0,2.0,-26.70847765151483,2.1287367194763824,-26.70847765151483,2.1287367194763824,4.773064714180782,0.2618791998011678,0.006207902170707241
4251.0,170.04,2.0,-26.69941345253582,2.2697977320034526,-26.69941345253582,2.2697977320034526,4.777911745168341,0.2618791998011678,0.006207902170707241
4252.0,170.08,2.0,-26.68966330742393,2.4108123701608015,-26.68966330742393,2.4108123701608015,4.782758776155901,0.2618791998011678,0.006207902170707241
4253.0,170.12,2.0,-26.679227453480223,2.5517772897364175,-26.679227453480223,2.5517772897364175,4.78760580714346,0.2618791998011678,0.006207902170707241
4254.0,170.16,2.0,-26.668106144351395,2.692689147732925,-26.668106144351395,2.692689147732925,4.792452838131019,0.2618791998011678,0.006207902170707241
4255.0,170.20000000000002,2.0,-26.656299650023556,2.833544602447681,-26.656299650023556,2.833544602447681,4.797299869118579,0.2618791998011678,0.006207902170707241
4256.0,170.24,2.0,-26.64380825681566,2.974340313552833,-26.64380825681566,2.974340313552833,4.8021469001061385,0.2618791998011678,0.006207902170707241
4257.0,170.28,2.0,-26.630632267372437,3.115072942175346,-26.630632267372437,3.115072942175346,4.8069939310936975,0.2618791998011678,0.006207902170707241
4258.0,170.32,2.0,-26.61677200065704,3.2557391509769964,-26.61677200065704,3.2557391509769964,4.8118409620812574,0.2618791998011678,0.006207902170707241
4259.0,170.36,2.0,-26.602227791943232,3.396335604234327,-26.602227791943232,3.396335604234327,4.8166879930688165,0.2618791998011678,0.006207902170707241
4260.0,170.4,2.0,-26.58699999280721,3.536858967918553,-26.58699999280721,3.536858967918553,4.821535024056376,0.2618791998011678,0.006207902170707241
4261.0,170.44,2.0,-26.571088971119025,3.677305909775445,-26.571088971119025,3.677305909775445,4.826382055043935,0.2618791998011678,0.006207902170707241
4262.0,170.48,2.0,-26.554495111033592,3.8176730994051487,-26.554495111033592,3.8176730994051487,4.831229086031495,0.2618791998011678,0.006207902170707241
4263.0,170.52,2.0,-26.537218812981376,3.9579572083419756,-26.537218812981376,3.9579572083419756,4.836076117019054,0.2618791998011678,0.006207902170707241
4264.0,170.56,2.0,-26.51926049365859,4.098154910134136,-26.51926049365859,4.098154910134136,4.840923148006614,0.2618791998011678,0.006207902170707241
4265.0,170.6,2.0,-26.50062058601708,4.238262880423427,-26.50062058601708,4.238262880423427,4.845770178994174,0.2618791998011678,0.006207902170707241
4266.0,170.64000000000001,2.0,-26.481299539253772,4.378277797024868,-26.481299539253772,4.378277797024868,4.850617209981733,0.2618791998011678,0.006207902170707241
4267.0,170.68,2.0,-26.46129781879975,4.518196340006283,-26.46129781879975,4.518196340006283,4.855464240969292,0.2618791998011678,0.006207902170707241
4268.0,170.72,2.0,-26.44061590630895,4.65801519176783,-26.44061590630895,4.65801519176783,4.860311271956852,0.2618791998011678,0.006207902170707241
4269.0,170.76,2.0,-26.41925429964642,4.797731037121468,-26.41925429964642,4.797731037121468,4.865158302944411,0.2618791998011678,0.006207902170707241
4270.0,170.8,2.0,-26.397213512876256,4.937340563370375,-26.397213512876256,4.937340563370375,4.870005333931971,0.2618791998011678,0.006207902170707241
4271.0,170.84,2.0,-26.37449407624909,5.076840460388295,-26.37449407624909,5.076840460388295,4.87485236491953,0.2618791998011678,0.006207902170707241
4272.0,170.88,2.0,-26.35109653618922,5.216227420698826,-26.35109653618922,5.216227420698826,4.87969939590709,0.2618791998011678,0.006207902170707241
4273.0,170.92000000000002,2.0,-26.32702145528135,5.355498139554643,-26.32702145528135,5.355498139554643,4.884546426894649,0.2618791998011678,0.006207902170707241
4274.0,170.96,2.0,-26.3022694122569,5.494649315016662,-26.3022694122569,5.494649315016662,4.889393457882208,0.2618791998011678,0.006207902170707241
4275.0,171.0,2.0,-26.276841001980014,5.633677648033119,-26.276841001980014,5.633677648033119,4.894240488869769,0.2618791998011678,0.006207902170707241
4276.0,171.04,2.0,-26.250736835433063,5.772579842518594,-26.250736835433063,5.772579842518594,4.899087519857328,0.2618791998011678,0.006207902170707241
4277.0,171.08,2.0,-26.22395753970187,5.911352605432957,-26.22395753970187,5.911352605432957,4.9039345508448875,0.2618791998011678,0.006207902170707241
4278.0,171.12,2.0,-26.1965037579605,6.049992646860239,-26.1965037579605,6.049992646860239,4.9087815818324465,0.2618791998011678,0.006207902170707241
4279.0,171.16,2.0,-26.168376149455632,6.188496680087425,-26.168376149455632,6.188496680087425,4.9136286128200055,0.2618791998011678,0.006207902170707241
4280.0,171.20000000000002,2.0,-26.139575389490584,6.3268614216831764,-26.139575389490584,6.3268614216831764,4.918475643807565,0.2618791998011678,0.006207902170707241
4281.0,171.24,2.0,-26.11010216940897,6.465083591576464,-26.11010216940897,6.465083591576464,4.923322674795124,0.2618791998011678,0.006207902170707241
4282.0,171.28,2.0,-26.07995719657791,6.603159913135128,-26.07995719657791,6.603159913135128,4.928169705782684,0.2618791998011678,0.006207902170707241
4283.0,171.32,2.0,-26.04914119437092,6.741087113244349,-26.04914119437092,6.741087113244349,4.933016736770243,0.2618791998011678,0.006207902170707241
4284.0,171.36,2.0,-26.017654902150337,6.878861922385031,-26.017654902150337,6.878861922385031,4.937863767757803,0.2618791998011678,0.006207902170707241
4285.0,171.4,2.0,-25.985499075249464,7.016481074712106,-25.985499075249464,7.016481074712106,4.942710798745362,0.2618791998011678,0.006207902170707241
4286.0,171.44,2.0,-25.952745252276255,7.153941308132739,-25.952745252276255,7.153941308132739,4.947557829732922,0.2618791998011678,0.006207902170707241
4287.0,171.48,2.0,-25.919496682762883,7.291239364384451,-25.919496682762883,7.291239364384451,4.952404860720481,0.2618791998011678,0.006207902170707241
4288.0,171.52,2.0,-25.885750530057418,7.428371989113139,-25.885750530057418,7.428371989113139,4.95725189170804,0.2618791998011678,0.006207902170707241
4289.0,171.56,2.0,-25.851503969384822,7.565335931951009,-25.851503969384822,7.565335931951009,4.9620989226956,0.2618791998011678,0.006207902170707241
4290.0,171.6,2.0,-25.8167541879141,7.702127946594408,-25.8167541879141,7.702127946594408,4.96694595368316,0.2618791998011678,0.006207902170707241
4291.0,171.64000000000001,2.0,-25.78149838482502,7.838744790881561,-25.78149838482502,7.838744790881561,4.971792984670719,0.2618791998011678,0.006207902170707241
4292.0,171.68,2.0,-25.745733771374645,7.975183226870201,-25.745733771374645,7.975183226870201,4.976640015658279,0.2618791998011678,0.006207902170707241
4293.0,171.72,2.0,-25.709457570963547,8.111440020915097,-25.709457570963547,8.111440020915097,4.981487046645838,0.2618791998011678,0.006207902170707241
4294.0,171.76,2.0,-25.67266701920171,8.247511943745492,-25.67266701920171,8.247511943745492,4.986334077633398,0.2618791998011678,0.006207902170707241
4295.0,171.8,2.0,-25.635359363974178,8.383395770542409,-25.635359363974178,8.383395770542409,4.991181108620957,0.2618791998011678,0.006207902170707241
4296.0,171.84,2.0,-25.597531865506355,8.519088281015874,-25.597531865506355,8.519088281015874,4.996028139608517,0.2618791998011678,0.006207902170707241
4297.0,171.88,2.0,-25.559181796429055,8.654586259482008,-25.559181796429055,8.654586259482008,5.000875170596077,0.2618791998011678,0.006207902170707241
4298.0,171.92000000000002,2.0,-25.520306441843225,8.789886494940026,-25.520306441843225,8.789886494940026,5.005722201583636,0.2618791998011678,0.006207902170707241
4299.0,171.96,2.0,-25.48090309938438,8.92498578114911,-25.48090309938438,8.92498578114911,5.010569232571195,0.2618791998011678,0.006207902170707241
4300.0,172.0,2.0,-25.44096907928672,9.059880916705163,-25.44096907928672,9.059880916705163,5.015416263558754,0.2618791998011678,0.006207902170707241
4301.0,172.04,2.0,-25.400501704446963,9.19456870511746,-25.400501704446963,9.19456870511746,5.0202632945463135,0.2618791998011678,0.006207902170707241
4302.0,172.08,2.0,-25.359498310487886,9.32904595488517,-25.359498310487886,9.32904595488517,5.0251103255338725,0.2618791998011678,0.006207902170707241
4303.0,172.12,2.0,-25.31795624582149,9.463309479573754,-25.31795624582149,9.463309479573754,5.029957356521433,0.2618791998011678,0.006207902170707241
4304.0,172.16,2.0,-25.27587287171195,9.597356097891247,-25.27587287171195,9.597356097891247,5.034804387508992,0.2618791998011678,0.006207902170707241
4305.0,172.20000000000002,2.0,-25.233245562338197,9.73118263376441,-25.233245562338197,9.73118263376441,5.039651418496551,0.2618791998011678,0.006207902170707241
4306.0,172.24,2.0,-25.190071704856187,9.864785916414766,-25.190071704856187,9.864785916414766,5.044498449484111,0.2618791998011678,0.006207902170707241
4307.0,172.28,2.0,-25.146348699460884,9.99816278043448,-25.146348699460884,9.99816278043448,5.04934548047167,0.2618791998011678,0.006207902170707241
4308.0,172.32,2.0,-25.10207395944792,10.13131006586215,-25.10207395944792,10.13131006586215,5.054192511459229,0.2618791998011678,0.006207902170707241
4309.0,172.36,2.0,-25.05724491127494,10.26422461825843,-25.05724491127494,10.26422461825843,5.059039542446789,0.2618791998011678,0.006207902170707241
4310.0,172.4,2.0,-25.0118589946226,10.39690328878153,-25.0118589946226,10.39690328878153,5.063886573434349,0.2618791998011678,0.006207902170707241
4311.0,172.44,2.0,-24.965913662455307,10.52934293426259,-24.965913662455307,10.52934293426259,5.068733604421909,0.2618791998011678,0.006207902170707241
4312.0,172.48,2.0,-24.9194063810816,10.661540417280907,-24.9194063810816,10.661540417280907,5.073580635409468,0.2618791998011678,0.006207902170707241
4313.0,172.52,2.0,-24.87233463021418,10.793492606239017,-24.87233463021418,10.793492606239017,5.078427666397027,0.2618791998011678,0.006207902170707241
4314.0,172.56,2.0,-24.82469590302969,10.925196375437647,-24.82469590302969,10.925196375437647,5.083274697384587,0.2618791998011678,0.006207902170707241
4315.0,172.6,2.0,-24.77648770622811,11.056648605150523,-24.77648770622811,11.056648605150523,5.088121728372146,0.2618791998011678,0.006207902170707241
4316.0,172.64000000000001,2.0,-24.727707560091865,11.187846181699019,-24.727707560091865,11.187846181699019,5.092968759359706,0.2618791998011678,0.006207902170707241
4317.0,172.68,2.0,-24.678352998544575,11.318785997526687,-24.678352998544575,11.318785997526687,5.097815790347265,0.2618791998011678,0.006207902170707241
4318.0,172.72,2.0,-24.62842156920949,11.449464951273601,-24.62842156920949,11.449464951273601,5.102662821334825,0.2618791998011678,0.006207902170707241
4319.0,172.76,2.0,-24.577910833467595,11.579879947850579,-24.577910833467595,11.579879947850579,5.107509852322384,0.2618791998011678,0.006207902170707241
4320.0,172.8,2.0,-24.526818366515414,11.710027898513244,-24.526818366515414,11.710027898513244,5.1123568833099435,0.2618791998011678,0.006207902170707241
4321.0,172.84,2.0,-24.4751417574224,11.839905720935937,-24.4751417574224,11.839905720935937,5.1172039142975025,0.2618791998011678,0.006207902170707241
4322.0,172.88,2.0,-24.422878609188075,11.969510339285456,-24.422878609188075,11.969510339285456,5.122050945285062,0.2618791998011678,0.006207902170707241
4323.0,172.92000000000002,2.0,-24.3700265387988,12.098838684294666,-24.3700265387988,12.098838684294666,5.1268979762726214,0.2618791998011678,0.006207902170707241
4324.0,172.96,2.0,-24.316583177284194,12.227887693335916,-24.316583177284194,12.227887693335916,5.131745007260181,0.2618791998011678,0.006207902170707241
4325.0,173.0,2.0,-24.262546169773252,12.356654310494323,-24.262546169773252,12.356654310494323,5.13659203824774,0.2618791998011678,0.006207902170707241
4326.0,173.04,2.0,-24.207913175550072,12.485135486640885,-24.207913175550072,12.485135486640885,5.141439069235299,0.2618791998011678,0.006207902170707241
4327.0,173.08,2.0,-24.152681868109312,12.613328179505416,-24.152681868109312,12.613328179505416,5.146286100222859,0.2618791998011678,0.006207902170707241
4328.0,173.12,2.0,-24.09684993521122,12.741229353749342,-24.09684993521122,12.741229353749342,5.151133131210419,0.2618791998011678,0.006207902170707241
4329.0,173.16,2.0,-24.040415078936395,12.86883598103829,-24.040415078936395,12.86883598103829,5.155980162197978,0.2618791998011678,0.006207902170707241
4330.0,173.20000000000002,2.0,-23.983375015740158,12.99614504011455,-23.983375015740158,12.99614504011455,5.160827193185538,0.2618791998011678,0.006207902170707241
4331.0,173.24,2.0,-23.925727476506594,13.123153516869344,-23.925727476506594,13.123153516869344,5.165674224173097,0.2618791998011678,0.006207902170707241
4332.0,173.28,2.0,-23.867470206602242,13.2498584044149,-23.867470206602242,13.2498584044149,5.170521255160657,0.2618791998011678,0.006207902170707241
4333.0,173.32,2.0,-23.80860096592944,13.376256703156399,-23.80860096592944,13.376256703156399,5.175368286148216,0.2618791998011678,0.006207902170707241
4334.0,173.36,2.0,-23.749117528979315,13.502345420863705,-23.749117528979315,13.502345420863705,5.180215317135776,0.2618791998011678,0.006207902170707241
4335.0,173.4,2.0,-23.68901768488444,13.628121572742943,-23.68901768488444,13.628121572742943,5.185062348123335,0.2618791998011678,0.006207902170707241
4336.0,173.44,2.0,-23.628299237471104,13.753582181507868,-23.628299237471104,13.753582181507868,5.189909379110895,0.2618791998011678,0.006207902170707241
4337.0,173.48,2.0,-23.566960005311234,13.878724277451079,-23.566960005311234,13.878724277451079,5.194756410098454,0.2618791998011678,0.006207902170707241
4338.0,173.52,2.0,-23.504997821774015,14.003544898515042,-23.504997821774015,14.003544898515042,5.199603441086014,0.2618791998011678,0.006207902170707241
4339.0,173.56,2.0,-23.44241053507709,14.12804109036291,-23.44241053507709,14.12804109036291,5.204450472073573,0.2618791998011678,0.006207902170707241
4340.0,173.6,2.0,-23.37919600833743,14.252209906449185,-23.37919600833743,14.252209906449185,5.209297503061132,0.2618791998011678,0.006207902170707241
4341.0,173.64000000000001,2.0,-23.315352119621824,14.376048408090167,-23.315352119621824,14.376048408090167,5.214144534048692,0.2618791998011678,0.006207902170707241
4342.0,173.68,2.0,-23.250876761997073,14.499553664534226,-23.250876761997073,14.499553664534226,5.218991565036251,0.2618791998011678,0.006207902170707241
4343.0,173.72,2.0,-23.18576784357973,14.622722753031871,-23.18576784357973,14.622722753031871,5.223838596023811,0.2618791998011678,0.006207902170707241
4344.0,173.76,2.0,-23.12002328758554,14.745552758905642,-23.12002328758554,14.745552758905642,5.22868562701137,0.2618791998011678,0.006207902170707241
4345.0,173.8,2.0,-23.053641032378508,14.868040775619779,-23.053641032378508,14.868040775619779,5.233532657998929,0.2618791998011678,0.006207902170707241
4346.0,173.84,2.0,-22.98661903151959,14.990183904849724,-22.98661903151959,14.990183904849724,5.238379688986489,0.2618791998011678,0.006207902170707241
4347.0,173.88,2.0,-22.91895525381502,15.111979256551402,-22.91895525381502,15.111979256551402,5.243226719974048,0.2618791998011678,0.006207902170707241
4348.0,173.92000000000002,2.0,-22.85064768336429,15.233423949030316,-22.85064768336429,15.233423949030316,5.248048373836019,0.2618791998011678,0.006207902170707241
4349.0,173.96,2.0,-22.781694319607716,15.354515109010432,-22.781694319607716,15.354515109010432,5.252844650572399,0.2618791998011678,0.006207902170707241
4350.0,174.0,2.0,-22.71209317737369,15.475249871702843,-22.71209317737369,15.475249871702843,5.257615550183191,0.2618791998011678,0.006207902170707241
4351.0,174.04,2.0,-22.641842286925527,15.595625380874273,-22.641842286925527,15.595625380874273,5.2623610726683925,0.2618791998011678,0.006207902170707241
4352.0,174.08,2.0,-22.57093969400795,15.715638788915323,-22.57093969400795,15.715638788915323,5.267081218028006,0.2618791998011678,0.006207902170707241
4353.0,174.12,2.0,-22.499383459893192,15.835287256908547,-22.499383459893192,15.835287256908547,5.271775986262029,0.2618791998011678,0.006207902170707241
4354.0,174.16,2.0,-22.427171661426755,15.954567954696284,-22.427171661426755,15.954567954696284,5.276445377370464,0.2618791998011678,0.006207902170707241
4355.0,174.20000000000002,2.0,-22.35430239107275,16.07347806094831,-22.35430239107275,16.07347806094831,5.281089391353309,0.2618791998011678,0.006207902170707241
4356.0,174.24,2.0,-22.280773756958908,16.19201476322926,-22.280773756958908,16.19201476322926,5.285708028210564,0.2618791998011678,0.006207902170707241
4357.0,174.28,2.0,-22.206583882921166,16.310175258065808,-22.206583882921166,16.310175258065808,5.290301287942231,0.2618791998011678,0.006207902170707241
4358.0,174.32,2.0,-22.131730908547922,16.427956751013703,-22.131730908547922,16.427956751013703,5.294869170548307,0.2618791998011678,0.006207902170707241
4359.0,174.36,2.0,-22.05621298922387,16.54535645672449,-22.05621298922387,16.54535645672449,5.299411676028796,0.2618791998011678,0.006207902170707241
4360.0,174.4,2.0,-21.980028296173487,16.662371599012115,-21.980028296173487,16.662371599012115,5.303928804383693,0.2618791998011678,0.006207902170707241
4361.0,174.44,2.0,-21.903175016504118,16.77899941091919,-21.903175016504118,16.77899941091919,5.308420555613003,0.2618791998011678,0.006207902170707241
4362.0,174.48,2.0,-21.825651353248688,16.895237134783166,-21.825651353248688,16.895237134783166,5.312886929716722,0.2618791998011678,0.006207902170707241
4363.0,174.52,2.0,-21.747455525408032,17.011082022302155,-21.747455525408032,17.011082022302155,5.317327926694853,0.2618791998011678,0.006207902170707241
4364.0,174.56,2.0,-21.668585767992816,17.126531334600617,-21.668585767992816,17.126531334600617,5.321743546547395,0.2618791998011678,0.006207902170707241
4365.0,174.6,2.0,-21.589040332065153,17.241582342294766,-21.589040332065153,17.241582342294766,5.326133789274346,0.2618791998011678,0.006207902170707241
4366.0,174.64000000000001,2.0,-21.508817484779687,17.356232325557787,-21.508817484779687,17.356232325557787,5.330498654875708,0.2618791998011678,0.006207902170707241
4367.0,174.68,2.0,-21.427915509424466,17.470478574184774,-21.427915509424466,17.470478574184774,5.334838143351481,0.2618791998011678,0.006207902170707241
4368.0,174.72,2.0,-21.34633270546127,17.58431838765747,-21.34633270546127,17.58431838765747,5.339152254701665,0.2618791998011678,0.006207902170707241
4369.0,174.76,2.0,-21.264067388565653,17.697749075208772,-21.264067388565653,17.697749075208772,5.343440988926259,0.2618791998011678,0.006207902170707241
4370.0,174.8,2.0,-21.18111789066655,17.810767955886977,-21.18111789066655,17.810767955886977,5.347704346025265,0.2618791998011678,0.006207902170707241
4371.0,174.84,2.0,-21.09748255998552,17.9233723586198,-21.09748255998552,17.9233723586198,5.35194232599868,0.2618791998011678,0.006207902170707241
4372.0,174.88,2.0,-21.013159761075535,18.035559622278175,-21.013159761075535,18.035559622278175,5.356154928846507,0.2618791998011678,0.006207902170707241
4373.0,174.92000000000002,2.0,-20.928147874859487,18.147327095739776,-20.928147874859487,18.147327095739776,5.360342154568744,0.2618791998011678,0.006207902170707241
4374.0,174.96,2.0,-20.84244529866817,18.258672137952335,-20.84244529866817,18.258672137952335,5.3645040031653926,0.2618791998011678,0.006207902170707241
4375.0,175.0,2.0,-20.756050446277985,18.36959211799667,-20.756050446277985,18.36959211799667,5.368640474636451,0.2618791998011678,0.006207902170707241
4376.0,175.04,2.0,-20.668961747948163,18.480084415149523,-20.668961747948163,18.480084415149523,5.37275156898192,0.2618791998011678,0.006207902170707241
4377.0,175.08,2.0,-20.58117765045764,18.590146418946105,-20.58117765045764,18.590146418946105,5.3768372862018,0.2618791998011678,0.006207902170707241
4378.0,175.12,2.0,-20.492696617141526,18.699775529242416,-20.492696617141526,18.699775529242416,5.3808976262960915,0.2618791998011678,0.006207902170707241
4379.0,175.16,2.0,-20.40351712792716,18.808969156277303,-20.40351712792716,18.808969156277303,5.384932589264792,0.2618791998011678,0.006207902170707241
4380.0,175.20000000000002,2.0,-20.31363767936977,18.91772472073428,-20.31363767936977,18.91772472073428,5.388942175107904,0.2618791998011678,0.006207902170707241
4381.0,175.24,2.0,-20.22305678468777,19.026039653803092,-20.22305678468777,19.026039653803092,5.3929263838254275,0.2618791998011678,0.006207902170707241
4382.0,175.28,2.0,-20.131951260398306,19.133731695880797,-20.131951260398306,19.133731695880797,5.3968852154173605,0.2618791998011678,0.006207902170707241
4383.0,175.32,2.0,-20.040323280381276,19.2407208074732,-20.040323280381276,19.2407208074732,5.400818669883703,0.2618791998011678,0.006207902170707241
4384.0,175.36,2.0,-19.948175030919373,19.347009000360494,-19.948175030919373,19.347009000360494,5.4047267472244584,0.2618791998011678,0.006207902170707241
4385.0,175.4,2.0,-19.855508710645374,19.452597851606985,-19.855508710645374,19.452597851606985,5.408609447439624,0.2618791998011678,0.006207902170707241
4386.0,175.44,2.0,-19.762326530489172,19.557489130783726,-19.762326530489172,19.557489130783726,5.4124667705292,0.2618791998011678,0.006207902170707241
4387.0,175.48,2.0,-19.6686307136245,19.661642976869814,-19.6686307136245,19.661642976869814,5.416298716493188,0.2618791998011678,0.006207902170707241
4388.0,175.52,2.0,-19.574423495415328,19.765097903498752,-19.574423495415328,19.765097903498752,5.4201052853315845,0.2618791998011678,0.006207902170707241
4389.0,175.56,2.0,-19.479707123362044,19.86786036062308,-19.479707123362044,19.86786036062308,5.423886477044393,0.2618791998011678,0.006207902170707241
4390.0,175.6,2.0,-19.38448385704726,19.969932711583226,-19.38448385704726,19.969932711583226,5.427642291631613,0.2618791998011678,0.006207902170707241
4391.0,175.64000000000001,2.0,-19.28875596808139,20.07131576267487,-19.28875596808139,20.07131576267487,5.431372729093241,0.2618791998011678,0.006207902170707241
4392.0,175.68,2.0,-19.192525740047888,20.171985330357735,-19.192525740047888,20.171985330357735,5.435077789429281,0.2618791998011678,0.006207902170707241
4393.0,175.72,2.0,-19.095795468448273,20.271966059330335,-19.095795468448273,20.271966059330335,5.4387574726397325,0.2618791998011678,0.006207902170707241
4394.0,175.76,2.0,-18.99856746064678,20.371255718407706,-18.99856746064678,20.371255718407706,5.442411778724594,0.2618791998011678,0.006207902170707241
4395.0,175.8,2.0,-18.900844035814778,20.47010814904842,-18.900844035814778,20.47010814904842,5.446040707683866,0.2618791998011678,0.006207902170707241
4396.0,175.84,2.0,-18.802627524874918,20.568411004319127,-18.802627524874918,20.568411004319127,5.449644259517549,0.2618791998011678,0.006207902170707241
4397.0,175.88,2.0,-18.703920270444957,20.666092640601857,-18.703920270444957,20.666092640601857,5.453222434225642,0.2618791998011678,0.006207902170707241
4398.0,175.92000000000002,2.0,-18.604724626781323,20.76333353559303,-18.604724626781323,20.76333353559303,5.456775231808146,0.2618791998011678,0.006207902170707241
4399.0,175.96,2.0,-18.50504295972241,20.85997649298261,-18.50504295972241,20.85997649298261,5.460302652265062,0.2618791998011678,0.006207902170707241
4400.0,176.0,2.0,-18.40487764663158,20.956046602137437,-18.40487764663158,20.956046602137437,5.463804695596387,0.2618791998011678,0.006207902170707241
4401.0,176.04,2.0,-18.3042310763399,21.051672585942573,-18.3042310763399,21.051672585942573,5.467281361802123,0.2618791998011678,0.006207902170707241
4402.0,176.08,2.0,-18.20310564908859,21.146671348744583,-18.20310564908859,21.146671348744583,5.470732650882271,0.2618791998011678,0.006207902170707241
4403.0,176.12,2.0,-18.101503776471212,21.241126839355136,-18.101503776471212,21.241126839355136,5.474158562836829,0.2618791998011678,0.006207902170707241
4404.0,176.16,2.0,-17.999427881375595,21.33513494925096,-17.999427881375595,21.33513494925096,5.4775590976657975,0.2618791998011678,0.006207902170707241
4405.0,176.20000000000002,2.0,-17.896880397925447,21.428502879717932,-17.896880397925447,21.428502879717932,5.480934255369176,0.2618791998011678,0.006207902170707241
4406.0,176.24,2.0,-17.793863771421755,21.521341072279565,-17.793863771421755,21.521341072279565,5.484284035946966,0.2618791998011678,0.006207902170707241
4407.0,176.28,2.0,-17.69038045828388,21.613728757320022,-17.69038045828388,21.613728757320022,5.487608439399167,0.2618791998011678,0.006207902170707241
4408.0,176.32,2.0,-17.58643292599039,21.705470207373217,-17.58643292599039,21.705470207373217,5.490907465725778,0.2618791998011678,0.006207902170707241
4409.0,176.36,2.0,-17.48202365301965,21.796688833192817,-17.48202365301965,21.796688833192817,5.4941811149268,0.2618791998011678,0.006207902170707241
4410.0,176.4,2.0,-17.377155128790097,21.887453953077966,-17.377155128790097,21.887453953077966,5.4974293870022315,0.2618791998011678,0.006207902170707241
4411.0,176.44,2.0,-17.27182985360035,21.977603288623026,-17.27182985360035,21.977603288623026,5.500652281952076,0.2618791998011678,0.006207902170707241
4412.0,176.48,2.0,-17.166050338568937,22.067080806370935,-17.166050338568937,22.067080806370935,5.503849799776329,0.2618791998011678,0.006207902170707241
4413.0,176.52,2.0,-17.059819105573848,22.155967133215483,-17.059819105573848,22.155967133215483,5.507021940474995,0.2618791998011678,0.006207902170707241
4414.0,176.56,2.0,-16.95313868719182,22.244269953747285,-16.95313868719182,22.244269953747285,5.510168704048069,0.2618791998011678,0.006207902170707241
4415.0,176.6,2.0,-16.84601162663734,22.33199329907396,-16.84601162663734,22.33199329907396,5.513290090495555,0.2618791998011678,0.006207902170707241
4416.0,176.64000000000001,2.0,-16.738440477701392,22.419261050724543,-16.738440477701392,22.419261050724543,5.516386099817451,0.2618791998011678,0.006207902170707241
4417.0,176.68,2.0,-16.63042780469,22.50607115129692,-16.63042780469,22.50607115129692,5.519456732013759,0.2618791998011678,0.006207902170707241
4418.0,176.72,2.0,-16.521976182362458,22.592421554357347,-16.521976182362458,22.592421554357347,5.5225019870844765,0.2618791998011678,0.006207902170707241
4419.0,176.76,2.0,-16.41308819586934,22.678310224489223,-16.41308819586934,22.678310224489223,5.525521865029605,0.2618791998011678,0.006207902170707241
4420.0,176.8,2.0,-16.303766440690264,22.76373513734153,-16.303766440690264,22.76373513734153,5.5285163658491445,0.2618791998011678,0.006207902170707241
4421.0,176.84,2.0,-16.194013522571407,22.848652056234208,-16.194013522571407,22.848652056234208,5.531485489543095,0.2618791998011678,0.006207902170707241
4422.0,176.88,2.0,-16.083832057462757,22.932871457107005,-16.083832057462757,22.932871457107005,5.534429236111456,0.2618791998011678,0.006207902170707241
4423.0,176.92000000000002,2.0,-15.97322467145515,23.016394906964408,-15.97322467145515,23.016394906964408,5.537347605554226,0.2618791998011678,0.006207902170707241
4424.0,176.96,2.0,-15.862194000717036,23.09922398929578,-15.862194000717036,23.09922398929578,5.540240597871409,0.2618791998011678,0.006207902170707241
4425.0,177.0,2.0,-15.750742691431027,23.181360304037316,-15.750742691431027,23.181360304037316,5.543108213063002,0.2618791998011678,0.006207902170707241
4426.0,177.04,2.0,-15.63887339973019,23.262805467533596,-15.63887339973019,23.262805467533596,5.545950451129005,0.2618791998011678,0.006207902170707241
4427.0,177.08,2.0,-15.526588791634117,23.34356111249871,-15.526588791634117,23.34356111249871,5.548767312069419,0.2618791998011678,0.006207902170707241
4428.0,177.12,2.0,-15.413891542984736,23.42362888797704,-15.413891542984736,23.42362888797704,5.551558795884245,0.2618791998011678,0.006207902170707241
4429.0,177.16,2.0,-15.300784339381908,23.503010459303646,-15.300784339381908,23.503010459303646,5.554324902573479,0.2618791998011678,0.006207902170707241
4430.0,177.20000000000002,2.0,-15.187269876118792,23.58170750806421,-15.187269876118792,23.58170750806421,5.557065632137126,0.2618791998011678,0.006207902170707241
4431.0,177.24,2.0,-15.073350858116958,23.659721732054678,-15.073350858116958,23.659721732054678,5.559780984575183,0.2618791998011678,0.006207902170707241
4432.0,177.28,2.0,-14.959029999861286,23.73705484524042,-14.959029999861286,23.73705484524042,5.5624709598876505,0.2618791998011678,0.006207902170707241
4433.0,177.32,2.0,-14.844330582367885,23.81370857771508,-14.844330582367885,23.81370857771508,5.5651355580745285,0.2618791998011678,0.006207902170707241
4434.0,177.36,2.0,-14.728143882046089,23.88968467565899,-14.728143882046089,23.88968467565899,5.567774779135817,0.2618791998011678,0.006207902170707241
4435.0,177.4,2.0,-14.611590437392985,23.96498490129722,-14.611590437392985,23.96498490129722,5.5703886230715165,0.2618791998011678,0.006207902170707241
4436.0,177.44,2.0,-14.494100426673462,24.03961103285726,-14.494100426673462,24.03961103285726,5.572977089881627,0.2618791998011678,0.006207902170707241
4437.0,177.48,2.0,-14.375665676851273,24.11356486452627,-14.375665676851273,24.11356486452627,5.575540179566148,0.2618791998011678,0.006207902170707241
4438.0,177.52,2.0,-14.256546919028178,24.18684820640802,-14.256546919028178,24.18684820640802,5.57807789212508,0.2618791998011678,0.006207902170707241
4439.0,177.56,2.0,-14.136833516229482,24.259462884479362,-14.136833516229482,24.259462884479362,5.580590227558423,0.2618791998011678,0.006207902170707241
4440.0,177.6,2.0,-14.016361757226777,24.331410740546417,-14.016361757226777,24.331410740546417,5.583077185866176,0.2618791998011678,0.006207902170707241
4441.0,177.64000000000001,2.0,-13.895185420936942,24.402693632200286,-13.895185420936942,24.402693632200286,5.585538767048338,0.2618791998011678,0.006207902170707241
4442.0,177.68,2.0,-13.773357828099945,24.473313432772482,-13.773357828099945,24.473313432772482,5.587974971104914,0.2618791998011678,0.006207902170707241
4443.0,177.72,2.0,-13.650931558688683,24.543272031289895,-13.650931558688683,24.543272031289895,5.590334498948907,0.2618791998011678,0.006207902170707241
4444.0,177.76,2.0,-13.528043595560142,24.612571332429464,-13.528043595560142,24.612571332429464,5.592330865130076,0.2618791998011678,0.006207902170707241
4445.0,177.8,2.0,-13.40472310103341,24.681213256472386,-13.40472310103341,24.681213256472386,5.594124140763802,0.2618791998011678,0.006207902170707241
4446.0,177.84,2.0,-13.28097624894389,24.74919973925805,-13.28097624894389,24.74919973925805,5.595708683014775,0.2618791998011678,0.006207902170707241
4447.0,177.88,2.0,-13.156818117891119,24.816532732137507,-13.156818117891119,24.816532732137507,5.597229253868637,0.2618791998011678,0.006207902170707241
4448.0,177.92000000000002,2.0,-13.032238349329221,24.883214201926627,-13.032238349329221,24.883214201926627,5.598618606541584,0.2618791998011678,0.006207902170707241
4449.0,177.96,2.0,-12.90722655325323,24.949246130858885,-12.90722655325323,24.949246130858885,5.599973080631758,0.2618791998011678,0.006207902170707241
4450.0,178.0,2.0,-12.781772309733904,25.014630516537743,-12.781772309733904,25.014630516537743,5.6010591112406125,0.2618791998011678,0.006207902170707241
4451.0,178.04,2.0,-12.655865170454542,25.0793693718887,-12.655865170454542,25.0793693718887,5.602112165264156,0.2618791998011678,0.006207902170707241
4452.0,178.08,2.0,-12.529494660249666,25.14346472511093,-12.529494660249666,25.14346472511093,5.60313279307774,0.2618791998011678,0.006207902170707241
4453.0,178.12,2.0,-12.402812942829314,25.20691861962865,-12.402812942829314,25.20691861962865,5.604121550446293,0.2618791998011678,0.006207902170707241
4454.0,178.16,2.0,-12.27637128730807,25.269733114041973,-12.27637128730807,25.269733114041973,5.605078993134741,0.2618791998011678,0.006207902170707241
4455.0,178.20000000000002,2.0,-12.149591015159487,25.33191028207756,-12.149591015159487,25.33191028207756,5.606005676908015,0.2618791998011678,0.006207902170707241
4456.0,178.24,2.0,-12.02285091184416,25.393452212538797,-12.02285091184416,25.393452212538797,5.606902157531045,0.2618791998011678,0.006207902170707241
4457.0,178.28,2.0,-11.896151325444444,25.454361009255667,-11.896151325444444,25.454361009255667,5.607768990768754,0.2618791998011678,0.006207902170707241
4458.0,178.32,2.0,-11.769223691489577,25.51463879103423,-11.769223691489577,25.51463879103423,5.60853291691304,0.2618791998011678,0.006207902170707241
4459.0,178.36,2.0,-11.641970806652388,25.574287691605775,-11.641970806652388,25.574287691605775,5.608580066676148,0.2618791998011678,0.006207902170707241
4460.0,178.4,2.0,-11.51454853640973,25.633309859575593,-11.51454853640973,25.633309859575593,5.608238101120191,0.2618791998011678,0.006207902170707241
4461.0,178.44,2.0,-11.386895252127314,25.691707458371404,-11.386895252127314,25.691707458371404,5.607494541055775,0.2618791998011678,0.006207902170707241
4462.0,178.48,2.0,-11.25894978086646,25.74948266619144,-11.25894978086646,25.74948266619144,5.6063369072935005,0.2618791998011678,0.006207902170707241
4463.0,178.52,2.0,-11.130651689459317,25.806637675952143,-11.130651689459317,25.806637675952143,5.604752720643973,0.2618791998011678,0.006207902170707241
4464.0,178.56,2.0,-11.00185614234323,25.863174695235553,-11.00185614234323,25.863174695235553,5.602697630341373,0.2618791998011678,0.006207902170707241
4465.0,178.6,2.0,-10.872526126468578,25.919095946236318,-10.872526126468578,25.919095946236318,5.60023407156393,0.2618791998011678,0.006207902170707241
4466.0,178.64000000000001,2.0,-10.742647620730692,25.974403665708362,-10.742647620730692,25.974403665708362,5.597362902486297,0.2618791998011678,0.006207902170707241
4467.0,178.68,2.0,-10.612197704208294,26.029100104911176,-10.612197704208294,26.029100104911176,5.593680442253412,0.2618791998011678,0.006207902170707241
4468.0,178.72,2.0,-10.48117889955935,26.08318752955585,-10.48117889955935,26.08318752955585,5.589186690865276,0.2618791998011678,0.006207902170707241
4469.0,178.76,2.0,-10.349593768821011,26.13666821975066,-10.349593768821011,26.13666821975066,5.583881648321887,0.2618791998011678,0.006207902170707241
4470.0,178.8,2.0,-10.217444913360898,26.18954446994636,-10.217444913360898,26.18954446994636,5.5777653146232495,0.2618791998011678,0.006207902170707241
4471.0,178.84,2.0,-10.084734973826148,26.241818588881127,-10.084734973826148,26.241818588881127,5.570837689769357,0.2618791998011678,0.006207902170707241
4472.0,178.88,2.0,-9.951466630090238,26.29349289952516,-9.951466630090238,26.29349289952516,5.563098773760217,0.2618791998011678,0.006207902170707241
4473.0,178.92000000000002,2.0,-9.817642601197596,26.344569739024937,-9.817642601197596,26.344569739024937,5.554548566595824,0.2618791998011678,0.006207902170707241
4474.0,178.96,2.0,-9.683265645305982,26.39505145864715,-9.683265645305982,26.39505145864715,5.544364661822359,0.2618791998011678,0.006207902170707241
4475.0,179.0,2.0,-9.548338559626638,26.444940423722272,-9.548338559626638,26.444940423722272,5.532547059439826,0.2618791998011678,0.006207902170707241
4476.0,179.04,2.0,-9.412864180362254,26.49423901358783,-9.412864180362254,26.49423901358783,5.51909575944822,0.2618791998011678,0.006207902170707241
4477.0,179.08,2.0,-9.276845382642671,26.542949621531292,-9.276845382642671,26.542949621531292,5.504010761847544,0.2618791998011678,0.006207902170707241
4478.0,179.12,2.0,-9.140285080458392,26.591074654732672,-9.140285080458392,26.591074654732672,5.488114473091617,0.2618791998011678,0.006207902170707241
4479.0,179.16,2.0,-9.003186226591884,26.63861653420677,-9.003186226591884,26.63861653420677,5.471406893180438,0.2618791998011678,0.006207902170707241
4480.0,179.20000000000002,2.0,-8.865551812546638,26.685577694745067,-8.865551812546638,26.685577694745067,5.453888022114009,0.2618791998011678,0.006207902170707241
4481.0,179.24,2.0,-8.727384868474045,26.731960584857394,-8.727384868474045,26.731960584857394,5.435557859892328,0.2618791998011678,0.006207902170707241
4482.0,179.28,2.0,-8.58868846309805,26.77776766671309,-8.58868846309805,26.77776766671309,5.416416406515396,0.2618791998011678,0.006207902170707241
4483.0,179.32,2.0,-8.449465703637586,26.82300141608203,-8.449465703637586,26.82300141608203,5.396463661983212,0.2618791998011678,0.006207902170707241
4484.0,179.36,2.0,-8.309719735726826,26.86766432227518,-8.309719735726826,26.86766432227518,5.375699626295777,0.2618791998011678,0.006207902170707241
4485.0,179.4,2.0,-8.169453743333206,26.911758888084922,-8.169453743333206,26.911758888084922,5.354124299453091,0.2618791998011678,0.006207902170707241
4486.0,179.44,2.0,-8.028670948673263,26.955287629724992,-8.028670948673263,26.955287629724992,5.331737681455154,0.2618791998011678,0.006207902170707241
4487.0,179.48,2.0,-7.887374612126264,26.998253076770165,-7.887374612126264,26.998253076770165,5.308539772301965,0.2618791998011678,0.006207902170707241
4488.0,179.52,2.0,-7.745568032145645,27.040657772095546,-7.745568032145645,27.040657772095546,5.284530571993524,0.2618791998011678,0.006207902170707241
4489.0,179.56,2.0,-7.603254545168238,27.0825042718156,-7.603254545168238,27.0825042718156,5.2598872350095,0.2618791998011678,0.006207902170707241
4490.0,179.6,2.0,-7.460437525521338,27.123795145222864,-7.460437525521338,27.123795145222864,5.235218520899886,0.2618791998011678,0.006207902170707241
4491.0,179.64000000000001,2.0,-7.317120385327546,27.164532974726306,-7.317120385327546,27.164532974726306,5.210524429664683,0.2618791998011678,0.006207902170707241
4492.0,179.68,2.0,-7.173306574407449,27.20472035578937,-7.173306574407449,27.20472035578937,5.18580496130389,0.2618791998011678,0.006207902170707241
4493.0,179.72,2.0,-7.028999580180106,27.244359896867813,-7.028999580180106,27.244359896867813,5.161060115817508,0.2618791998011678,0.006207902170707241
4494.0,179.76,2.0,-6.884202927561365,27.283454219347064,-6.884202927561365,27.283454219347064,5.136289893205536,0.2618791998011678,0.006207902170707241
4495.0,179.8,2.0,-6.738920178859986,27.322005957479433,-6.738920178859986,27.322005957479433,5.111494293467976,0.2618791998011678,0.006207902170707241
4496.0,179.84,2.0,-6.593154933671609,27.36001775832088,-6.593154933671609,27.36001775832088,5.086673316604826,0.2618791998011678,0.006207902170707241
4497.0,179.88,2.0,-6.446910828770545,27.397492281667603,-6.446910828770545,27.397492281667603,5.061826962616086,0.2618791998011678,0.006207902170707241
4498.0,179.92000000000002,2.0,-6.300191537999399,27.43429713160643,-6.300191537999399,27.43429713160643,5.036955231501757,0.2618791998011678,0.006207902170707241
4499.0,179.96,2.0,-6.153000772156533,27.470268774818212,-6.153000772156533,27.470268774818212,5.01205812326184,0.2618791998011678,0.006207902170707241
4500.0,180.0,2.0,-6.005342278881373,27.50540298660137,-6.005342278881373,27.50540298660137,4.9871356378963325,0.2618791998011678,0.006207902170707241
4501.0,180.04,2.0,-5.8572198425375595,27.53969556956881,-5.8572198425375595,27.53969556956881,4.962187775405236,0.2618791998011678,0.006207902170707241
4502.0,180.08,2.0,-5.7086372840939505,27.57314235392258,-5.7086372840939505,27.57314235392258,4.93721453578855,0.2618791998011678,0.006207902170707241
4503.0,180.12,2.0,-5.559598461003479,27.605910565313767,-5.559598461003479,27.605910565313767,4.912215919046275,0.2618791998011678,0.006207902170707241
4504.0,180.16,2.0,-5.410107267079858,27.63798910152809,-5.410107267079858,27.63798910152809,4.887191925178411,0.2618791998011678,0.006207902170707241
4505.0,180.20000000000002,2.0,-5.260167632372172,27.66947782503115,-5.260167632372172,27.66947782503115,4.862142554184957,0.2618791998011678,0.006207902170707241
4506.0,180.24,2.0,-5.1097835230373185,27.700413316383646,-5.1097835230373185,27.700413316383646,4.837067806065914,0.2618791998011678,0.006207902170707241
4507.0,180.28,2.0,-4.9589589412103185,27.73061778800398,-4.9589589412103185,27.73061778800398,4.811967680821281,0.2618791998011678,0.006207902170707241
4508.0,180.32,2.0,-4.807697924872525,27.759983151650733,-4.807697924872525,27.759983151650733,4.78684217845106,0.2618791998011678,0.006207902170707241
4509.0,180.36,2.0,-4.656004547717691,27.788833444668562,-4.656004547717691,27.788833444668562,4.761691298955248,0.2618791998011678,0.006207902170707241
4510.0,180.4,2.0,-4.503882919015944,27.816832747659937,-4.503882919015944,27.816832747659937,4.736515042333848,0.2618791998011678,0.006207902170707241
4511.0,180.44,2.0,-4.3513371834756365,27.84416284924176,-4.3513371834756365,27.84416284924176,4.711313408586858,0.2618791998011678,0.006207902170707241
4512.0,180.48,2.0,-4.19837152110311,27.870811286319736,-4.19837152110311,27.870811286319736,4.686086397714279,0.2618791998011678,0.006207902170707241
4513.0,180.52,2.0,-4.044990147060348,27.89661470799599,-4.044990147060348,27.89661470799599,4.660834009716111,0.2618791998011678,0.006207902170707241
4514.0,180.56,2.0,-3.891197311520552,27.92191690393159,-3.891197311520552,27.92191690393159,4.635556244592353,0.2618791998011678,0.006207902170707241
4515.0,180.6,2.0,-3.736997299521615,27.94636200100171,-3.736997299521615,27.94636200100171,4.610253102343006,0.2618791998011678,0.006207902170707241
4516.0,180.64000000000001,2.0,-3.5823944308175375,27.970168093974138,-3.5823944308175375,27.970168093974138,4.58492458296807,0.2618791998011678,0.006207902170707241
4517.0,180.68,2.0,-3.4273930597277458,27.993270716242343,-3.4273930597277458,27.993270716242343,4.559570686467545,0.2618791998011678,0.006207902170707241
4518.0,180.72,2.0,-3.271997574984358,28.015586357429918,-3.271997574984358,28.015586357429918,4.534191412841429,0.2618791998011678,0.006207902170707241
4519.0,180.76,2.0,-3.1162123995773863,28.037351412805958,-3.1162123995773863,28.037351412805958,4.508786762089724,0.25985928362973604,0.006060167942286755
4520.0,180.8,2.0,-2.960041990597877,28.058253708156958,-2.960041990597877,28.058253708156958,4.483356734212432,0.25585996255316745,0.005795775739424983
4521.0,180.84,2.0,-2.8034908390790076,28.078628639475642,-2.8034908390790076,28.078628639475642,4.457901329209549,0.24900805793099431,0.005283887303693987
4522.0,180.88,2.0,-2.6465634698351375,28.098489942252662,-2.6465634698351375,28.098489942252662,4.432420547081077,0.2396630562641287,0.00447592933188622
4523.0,180.92000000000002,2.0,-2.489264441298825,28.117864172238715,-2.489264441298825,28.117864172238715,4.406914387827015,0.22775115544608035,0.0031046611115425654
4524.0,180.96,2.0,-2.3315983453558125,28.136729085327396,-2.3315983453558125,28.136729085327396,4.3813828514473645,0.21303395993369403,0.0011471870399600592
4525.0,181.0,2.0,-2.173569807177987,28.155087455583633,-2.173569807177987,28.155087455583633,4.355825937942124,0.19499935770691326,-0.0018425267551366112
4526.0,181.04,2.0,-2.015183485054332,28.172943642405464,-2.015183485054332,28.172943642405464,4.330243647311295,0.17333428363244066,-0.008363777870542412
4527.0,181.08,2.0,-1.856444070219859,28.190301841607024,-1.856444070219859,28.190301841607024,4.304635979554876,0.14803873771027623,-0.018416566306257348
4528.0,181.12,2.0,-1.6973562866825458,28.207166085136667,-1.6973562866825458,28.207166085136667,4.279002934672868,0.11911271994041996,-0.03200089206228141
4529.0,181.16,2.0,-1.537924891048277,28.22355089773623,-1.537924891048277,28.22355089773623,4.2533445126652705,0.08655623032287187,-0.049116755138614604
4530.0,181.20000000000002,2.0,-1.3781546723437974,28.23948226372014,-1.3781546723437974,28.23948226372014,4.227660713532083,0.05073551157709502,-0.06976899126212335
4531.0,181.24,2.0,-1.218050451837682,28.254930298390693,-1.218050451837682,28.254930298390693,4.201951537273308,0.012461879882609713,-0.09463734532817093
4532.0,181.28,2.0,-1.0576170828593388,28.269899178290686,-1.0576170828593388,28.269899178290686,4.176216983888943,-0.025811751811875595,-0.12293423086274531
4533.0,181.32,2.0,-0.8968594506160421,28.284127781103525,-0.8968594506160421,28.284127781103525,4.150457053378988,-0.06408538350636091,-0.15123111639731968
4534.0,181.36,2.0,-0.735782472008011,28.297515792842923,-0.735782472008011,28.297515792842923,4.124671745743443,-0.10235901520084623,-0.17952800193189403
4535.0,181.4,2.0,-0.574391095441536,28.310059662823186,-0.574391095441536,28.310059662823186,4.09886106098231,-0.14063264689533153,-0.20782488746646838
4536.0,181.44,2.0,-0.4126903006401676,28.321755870569984,-0.4126903006401676,28.321755870569984,4.073024999095588,-0.17890627858981684,-0.23612177300104273
4537.0,181.48,1.0,-0.25068509845396725,28.33260092607186,-0.25068509845396725,28.33260092607186,4.047163560083276,-0.21717991028430217,-0.26441865853561713
4538.0,181.52,1.0,-0.08838053066683643,28.342591370030455,-0.08838053066683643,28.342591370030455,4.021276743945374,-0.25343362580735573,-0.292567809841771
4539.0,181.56,1.0,0.07421833019807354,28.351723774109537,0.07421833019807354,28.351723774109537,3.9953899278074734,-0.2877079364252724,-0.3206003031734836
4540.0,181.6,1.0,0.23710638107485946,28.35999474118267,0.23710638107485946,28.35999474118267,3.9695031116695727,-0.31912966349758465,-0.34838530027232695
4541.0,181.64000000000001,0.0,0.40027848855326453,28.367400905579707,0.40027848855326453,28.367400905579707,3.9436162955316707,-0.3456264598459139,-0.37587422783509356
4542.0,181.68,1.0,0.5637294890789687,28.373938933331875,0.5637294890789687,28.373938933331875,3.91772947939377,-0.367484009864682,-0.40249561900056413
4543.0,181.72,1.0,0.7274541891557615,28.37960552241565,0.7274541891557615,28.37960552241565,3.891842663255868,-0.3843901159042434,-0.42795933745357667
4544.0,181.76,0.0,0.8914473655495897,28.384397402995248,0.8914473655495897,28.384397402995248,3.8659558471179674,-0.39559427040138645,-0.4517964537191528
4545.0,181.8,0.0,1.0557037654944694,28.388311337663783,1.0557037654944694,28.388311337663783,3.8400690309800654,-0.40027129620275725,-0.47106163632822234
4546.0,181.84,0.0,1.2202181069002551,28.391344121683083,1.2202181069002551,28.391344121683083,3.8141822148421642,-0.3981081281750584,-0.48325558768399024
4547.0,181.88,0.0,1.384985078562257,28.393492583222148,1.384985078562257,28.393492583222148,3.7882953987042636,-0.38910476631829,-0.48837830778645647
4548.0,181.92000000000002,1.0,1.5499993403726928,28.394753583594184,1.5499993403726928,28.394753583594184,3.7624085825663616,-0.37326121063245193,-0.4864297966356212
4549.0,181.96,1.0,1.7152555235339737,28.395124017492307,1.7152555235339737,28.395124017492307,3.736521766428461,-0.3509437038370073,-0.47740521850461787
4550.0,182.0,2.0,1.8807482307738044,28.394600813223786,1.8807482307738044,28.394600813223786,3.7106349502905593,-0.3233298048309396,-0.46061999277121674
4551.0,182.04,2.0,2.046472036562096,28.393180932942872,2.046472036562096,28.393180932942872,3.6847481341526587,-0.29347117046273513,-0.4361819610140667
4552.0,182.08,2.0,2.2124214873296797,28.39086137288222,2.2124214873296797,28.39086137288222,3.658861318014757,-0.26361253609453067,-0.40772194322582545
4553.0,182.12,2.0,2.3785911016888064,28.38763916358284,2.3785911016888064,28.38763916358284,3.632974501876856,-0.23375390172632626,-0.37926192543758425
4554.0,182.16,2.0,2.5449753706554357,28.383511370122587,2.5449753706554357,28.383511370122587,3.6070876857389544,-0.2038952673581218,-0.35080190764934305
4555.0,182.20000000000002,2.0,2.711568757873286,28.378475092343155,2.711568757873286,28.378475092343155,3.5812008696010533,-0.17403663298991737,-0.3223418898611018
4556.0,182.24,2.0,2.878365699839651,28.372527465075642,2.878365699839651,28.372527465075642,3.555314053463152,-0.14417799862171296,-0.29388187207286054
4557.0,182.28,2.0,3.045360606132969,28.365665658364545,3.045360606132969,28.365665658364545,3.52942723732525,-0.11431936425350848,-0.26542185428461934
4558.0,182.32,2.0,3.212547859642125,28.35788687769028,3.212547859642125,28.35788687769028,3.5035404211873495,-0.08446072988530406,-0.23696183649637811
4559.0,182.36,2.0,3.379921816797491,28.349188364190155,3.379921816797491,28.349188364190155,3.4776536050494484,-0.05460209551709964,-0.2085018187081369
4560.0,182.4,2.0,3.5474768078036836,28.339567394877832,3.5474768078036836,28.339567394877832,3.451766788911547,-0.02717529482818561,-0.18004180091989566
4561.0,182.44,2.0,3.7152071368740285,28.329021282861152,3.7152071368740285,28.329021282861152,3.4258799727736458,-0.0018208413176500802,-0.15188600928041454
4562.0,182.48,2.0,3.883107082466727,28.31754737755853,3.883107082466727,28.31754737755853,3.399993156635744,0.021387462908016786,-0.12430168450215266
4563.0,182.52,2.0,4.051170897522709,28.305143064913622,4.051170897522709,28.305143064913622,3.374106340497843,0.04221122230565974,-0.09731172218781298
4564.0,182.56,2.0,4.219392809705165,28.291805767608512,4.219392809705165,28.291805767608512,3.3482195243599424,0.06013832485522227,-0.07136215620967079
4565.0,182.6,2.0,4.387767021640743,28.277532945275237,4.387767021640743,28.277532945275237,3.3223327082220404,0.074855705423407,-0.04895228416452108
4566.0,182.64000000000001,2.0,4.5562877111624,28.262322094705674,4.5562877111624,28.262322094705674,3.2964458920841393,0.08636336401021395,-0.03008210605236385
4567.0,182.68,2.0,4.724949031553907,28.246170750059896,4.724949031553907,28.246170750059896,3.270559075946238,0.09466130061564311,-0.014751621873199096
4568.0,182.72,2.0,4.893745111795968,28.229076483072728,4.893745111795968,28.229076483072728,3.2446722598083366,0.09974951523969448,-0.0029608316270268134
4569.0,182.76,2.0,5.062670056813986,28.21103690325884,5.062670056813986,28.21103690325884,3.2187854436704355,0.1019942506018312,0.005285428959286585
4570.0,182.8,2.0,5.23171794772742,28.192049658115966,5.23171794772742,28.192049658115966,3.1928986275325344,0.1019942506018312,0.00930741499037778
4571.0,182.84,2.0,5.4008828421007475,28.17211243332662,5.4008828421007475,28.17211243332662,3.1670118113946337,0.1019942506018312,0.00930741499037778
4572.0,182.88,2.0,5.570158774196023,28.15122295295801,5.570158774196023,28.15122295295801,3.1411249952567317,0.1019942506018312,0.00930741499037778
4573.0,182.92000000000002,2.0,5.739539755227003,28.12955868102049,5.739539755227003,28.12955868102049,3.115238179118831,0.1019942506018312,0.00930741499037778
4574.0,182.96,2.0,5.909019773614835,28.10719491082374,5.909019773614835,28.10719491082374,3.089351362980929,0.1019942506018312,0.00930741499037778
4575.0,183.0,2.0,6.078592795245308,28.08412493406669,6.078592795245308,28.08412493406669,3.0634645468430284,0.1019942506018312,0.00930741499037778
4576.0,183.04,2.0,6.248252763727641,28.0603425270814,6.248252763727641,28.0603425270814,3.0375777307051273,0.1019942506018312,0.00930741499037778
4577.0,183.08,2.0,6.417993600654788,28.035841323862023,6.417993600654788,28.035841323862023,3.0116909145672253,0.1019942506018312,0.00930741499037778
4578.0,183.12,2.0,6.587809205865292,28.010656639413032,6.587809205865292,28.010656639413032,2.9858040984293246,0.1019942506018312,0.00930741499037778
4579.0,183.16,2.0,6.757693457706598,27.984745464750418,6.757693457706598,27.984745464750418,2.9599172822914226,0.1019942506018312,0.00930741499037778
4580.0,183.20000000000002,2.0,6.9276402132999015,27.95809690548249,6.9276402132999015,27.95809690548249,2.934030466153522,0.1019942506018312,0.00930741499037778
4581.0,183.24,2.0,7.097643308806455,27.93070420498446,7.097643308806455,27.93070420498446,2.9081436500156204,0.1019942506018312,0.00930741499037778
4582.0,183.28,2.0,7.267696559695347,27.9025622150724,7.267696559695347,27.9025622150724,2.8822568338777197,0.1019942506018312,0.00930741499037778
4583.0,183.32,2.0,7.4377937610127365,27.8736908290337,7.4377937610127365,27.8736908290337,2.856370017739818,0.1019942506018312,0.00930741499037778
4584.0,183.36,2.0,7.607928687652531,27.844061163789426,7.607928687652531,27.844061163789426,2.830483201601917,0.1019942506018312,0.00930741499037778
4585.0,183.4,2.0,7.778095094628497,27.813671264251653,7.778095094628497,27.813671264251653,2.8046328778881726,0.1019942506018312,0.00930741499037778
4586.0,183.44,2.0,7.948286717347785,27.78226315502935,7.948286717347785,27.78226315502935,2.7788190465985863,0.1019942506018312,0.00930741499037778
4587.0,183.48,2.0,8.118497271885866,27.749945101694582,8.118497271885866,27.749945101694582,2.753041707733157,0.1019942506018312,0.00930741499037778
4588.0,183.52,2.0,8.288720455262846,27.71678471930381,8.288720455262846,27.71678471930381,2.7273008612918845,0.1019942506018312,0.00930741499037778
4589.0,183.56,2.0,8.458949945721178,27.68259755462536,8.458949945721178,27.68259755462536,2.70159650727477,0.1019942506018312,0.00930741499037778
4590.0,183.6,2.0,8.629179403004724,27.647536881684534,8.629179403004724,27.647536881684534,2.6759286456818128,0.1019942506018312,0.00930741499037778
4591.0,183.64000000000001,2.0,8.799402468639183,27.611573742302337,8.799402468639183,27.611573742302337,2.6502972765130126,0.1019942506018312,0.00930741499037778
4592.0,183.68,2.0,8.969612766213848,27.574575598474073,8.969612766213848,27.574575598474073,2.62470239976837,0.1019942506018312,0.00930741499037778
4593.0,183.72,2.0,9.1398039016647,27.536721784643692,9.1398039016647,27.536721784643692,2.599144015447884,0.1019942506018312,0.00930741499037778
4594.0,183.76,2.0,9.309969463558806,27.49792464491568,9.309969463558806,27.49792464491568,2.573622123551556,0.1019942506018312,0.00930741499037778
4595.0,183.8,2.0,9.480103023380021,27.45808463506833,9.480103023380021,27.45808463506833,2.5481367240793853,0.1019942506018312,0.00930741499037778
4596.0,183.84,2.0,9.650198135815979,27.417390955620622,9.650198135815979,27.417390955620622,2.522687817031372,0.1019942506018312,0.00930741499037778
4597.0,183.88,2.0,9.820248339046344,27.37572962161245,9.820248339046344,27.37572962161245,2.4972754024075154,0.1019942506018312,0.00930741499037778
4598.0,183.92000000000002,2.0,9.990247155032353,27.333017914188108,9.990247155032353,27.333017914188108,2.4718994802078162,0.1019942506018312,0.00930741499037778
4599.0,183.96,2.0,10.160188089807555,27.289448127511328,10.160188089807555,27.289448127511328,2.446560050432275,0.1019942506018312,0.00930741499037778
4600.0,184.0,2.0,10.33006463376982,27.244893472897203,10.33006463376982,27.244893472897203,2.42125711308089,0.1019942506018312,0.00930741499037778
4601.0,184.04,2.0,10.499870261974566,27.199281309686043,10.499870261974566,27.199281309686043,2.3959906681536633,0.1019942506018312,0.00930741499037778
4602.0,184.08,2.0,10.669598434429151,27.152770649690925,10.669598434429151,27.152770649690925,2.3707607156505937,0.1019942506018312,0.00930741499037778
4603.0,184.12,2.0,10.839242596388505,27.105414315739292,10.839242596388505,27.105414315739292,2.345567255571681,0.1019942506018312,0.00930741499037778
4604.0,184.16,2.0,11.008796178651904,27.057128526463313,11.008796178651904,27.057128526463313,2.3204102879169257,0.1019942506018312,0.00930741499037778
4605.0,184.20000000000002,2.0,11.178252597860926,27.0079024991442,11.178252597860926,27.0079024991442,2.2952898126863284,0.1019942506018312,0.00930741499037778
4606.0,184.24,2.0,11.347605256798525,26.957729161079975,11.347605256798525,26.957729161079975,2.2702058298798877,0.1019942506018312,0.00930741499037778
4607.0,184.28,2.0,11.516847544689284,26.906481645866624,11.516847544689284,26.906481645866624,2.2451583394976047,0.1019942506018312,0.00930741499037778
4608.0,184.32,2.0,11.68597283750073,26.854159082933872,11.68597283750073,26.854159082933872,2.220147341539479,0.1019942506018312,0.00930741499037778
4609.0,184.36,2.0,11.854974498245827,26.800760647826483,11.854974498245827,26.800760647826483,2.19517283600551,0.1019942506018312,0.00930741499037778
4610.0,184.4,2.0,12.023845877286464,26.746285562333927,12.023845877286464,26.746285562333927,2.170234822895699,0.1019942506018312,0.00930741499037778
4611.0,184.44,2.0,12.192580312638116,26.69073309461795,12.192580312638116,26.69073309461795,2.145333302210045,0.1019942506018312,0.00930741499037778
4612.0,184.48,2.0,12.361171130275487,26.634144782780833,12.361171130275487,26.634144782780833,2.120468273948548,0.1019942506018312,0.00930741499037778
4613.0,184.52,2.0,12.529611644439258,26.576707510087715,12.529611644439258,26.576707510087715,2.095639738111209,0.1019942506018312,0.00930741499037778
4614.0,184.56,2.0,12.697895157943822,26.518417126690462,12.697895157943822,26.518417126690462,2.0708476946980263,0.1019942506018312,0.00930741499037778
4615.0,184.6,2.0,12.866014962486073,26.45926952437381,12.866014962486073,26.45926952437381,2.046092143709002,0.1019942506018312,0.00930741499037778
4616.0,184.64000000000001,2.0,13.033964338955148,26.399260636757322,13.033964338955148,26.399260636757322,2.0213730851441345,0.1019942506018312,0.00930741499037778
4617.0,184.68,2.0,13.20173655774322,26.338386439495242,13.20173655774322,26.338386439495242,1.9966905190034243,0.1019942506018312,0.00930741499037778
4618.0,184.72,2.0,13.369324879057206,26.27664295047429,13.369324879057206,26.27664295047429,1.9720444452868713,0.1019942506018312,0.00930741499037778
4619.0,184.76,2.0,13.536722553231467,26.214026230009406,13.536722553231467,26.214026230009406,1.9474348639944759,0.1019942506018312,0.00930741499037778
4620.0,184.8,2.0,13.70392282104142,26.150532381037305,13.70392282104142,26.150532381037305,1.9228617751262376,0.1019942506018312,0.00930741499037778
4621.0,184.84,2.0,13.870918914018118,26.086157549308044,13.870918914018118,26.086157549308044,1.8983251786821569,0.1019942506018312,0.00930741499037778
4622.0,184.88,2.0,14.037704054763694,26.0208979235744,14.037704054763694,26.0208979235744,1.8738250746622331,0.1019942506018312,0.00930741499037778
4623.0,184.92000000000002,2.0,14.204271457267744,25.95474973577913,14.204271457267744,25.95474973577913,1.849361463066467,0.1019942506018312,0.00930741499037778
4624.0,184.96,2.0,14.370634884257786,25.887709261240172,14.370634884257786,25.887709261240172,1.824934343894858,0.1019942506018312,0.00930741499037778
4625.0,185.0,2.0,14.535676076444972,25.819772818833563,14.535676076444972,25.819772818833563,1.8005437171474061,0.1019942506018312,0.00930741499037778
4626.0,185.04,2.0,14.700506019603331,25.750936771174374,14.700506019603331,25.750936771174374,1.7761895828241117,0.1019942506018312,0.00930741499037778
4627.0,185.08,2.0,14.864545322635612,25.68119752479535,14.864545322635612,25.68119752479535,1.7518719409249746,0.1019942506018312,0.00930741499037778
4628.0,185.12,2.0,15.02777622689122,25.610551530323463,15.02777622689122,25.610551530323463,1.727590791449995,0.1019942506018312,0.00930741499037778
4629.0,185.16,2.0,15.19044986199319,25.53899528265424,15.19044986199319,25.53899528265424,1.7033461343991725,0.1019942506018312,0.00930741499037778
4630.0,185.20000000000002,2.0,15.35264597401263,25.466525321123942,15.35264597401263,25.466525321123942,1.6791379697725073,0.1019942506018312,0.00930741499037778
4631.0,185.24,2.0,15.514191219681289,25.393138229679522,15.514191219681289,25.393138229679522,1.6549662975699992,0.1019942506018312,0.00930741499037778
4632.0,185.28,2.0,15.675129731181427,25.318830637046407,15.675129731181427,25.318830637046407,1.6308311177916488,0.1019942506018312,0.00930741499037778
4633.0,185.32,2.0,15.835505168215388,25.243599216894026,15.835505168215388,25.243599216894026,1.6067324304374557,0.1019942506018312,0.00930741499037778
4634.0,185.36,2.0,15.995360435808147,25.167440687999164,15.995360435808147,25.167440687999164,1.5827215345944112,0.1019942506018312,0.00930741499037778
4635.0,185.4,2.0,16.154822828352142,25.090351814407082,16.154822828352142,25.090351814407082,1.5590849157127598,0.1019942506018312,0.00930741499037778
4636.0,185.44,2.0,16.313911806579824,25.012329405590346,16.313911806579824,25.012329405590346,1.535662502677118,0.1019942506018312,0.00930741499037778
4637.0,185.48,2.0,16.472623830013287,24.933370316605505,16.472623830013287,24.933370316605505,1.5124599383227997,0.1019942506018312,0.00930741499037778
4638.0,185.52,2.0,16.630964250608397,24.853471448247443,16.630964250608397,24.853471448247443,1.4893324606641578,0.1019942506018312,0.00930741499037778
4639.0,185.56,2.0,16.788912971242382,24.77262974720151,16.788912971242382,24.77262974720151,1.466347316484999,0.1019942506018312,0.00930741499037778
4640.0,185.6,2.0,16.946449851798135,24.69084220619337,16.946449851798135,24.69084220619337,1.4434081661871827,0.1019942506018312,0.00930741499037778
4641.0,185.64000000000001,2.0,17.103554711097814,24.60810586413659,17.103554711097814,24.60810586413659,1.420748574669253,0.1019942506018312,0.00930741499037778
4642.0,185.68,2.0,17.26020732883924,24.52441780627791,17.26020732883924,24.52441780627791,1.3981330750352026,0.1019942506018312,0.00930741499037778
4643.0,185.72,2.0,17.41638744753493,24.4397751643403,17.41638744753493,24.4397751643403,1.3755611169096797,0.1019942506018312,0.00930741499037778
4644.0,185.76,2.0,17.572237438637544,24.354175116663644,17.572237438637544,24.354175116663644,1.3530321445277569,0.1019942506018312,0.00930741499037778
4645.0,185.8,2.0,17.72829876947073,24.26761488834316,17.72829876947073,24.26761488834316,1.3305456021245048,0.1019942506018312,0.00930741499037778
4646.0,185.84,2.0,17.883982950586176,24.180091751365524,17.883982950586176,24.180091751365524,1.3081009339349954,0.1019942506018312,0.00930741499037778
4647.0,185.88,2.0,18.03965894779493,24.09160302474261,18.03965894779493,24.09160302474261,1.2856975841943004,0.1019942506018312,0.00930741499037778
4648.0,185.92000000000002,2.0,18.195317281206137,24.00214607464301,18.195317281206137,24.00214607464301,1.263334997137491,0.1019942506018312,0.00930741499037778
4649.0,185.96,2.0,18.350679550456757,23.91171831452116,18.350679550456757,23.91171831452116,1.2410864324726743,0.1019942506018312,0.00930741499037778
4650.0,186.0,2.0,18.505638708813624,23.82031720524409,18.505638708813624,23.82031720524409,1.2195657594876035,0.1019942506018312,0.00930741499037778
4651.0,186.04,2.0,18.660340771239763,23.727940255215984,18.660340771239763,23.727940255215984,1.1984453171201643,0.1019942506018312,0.00930741499037778
4652.0,186.08,2.0,18.814714251885793,23.634585020500186,18.814714251885793,23.634585020500186,1.177737584559754,0.1019942506018312,0.00930741499037778
4653.0,186.12,2.0,18.968609501314436,23.540249104939026,18.968609501314436,23.540249104939026,1.1574550409957687,0.1019942506018312,0.00930741499037778
4654.0,186.16,2.0,19.12170131259005,23.444930160271195,19.12170131259005,23.444930160271195,1.1376101656176054,0.1019942506018312,0.00930741499037778
4655.0,186.20000000000002,2.0,19.273841843584552,23.348625886246793,19.273841843584552,23.348625886246793,1.1182473091910825,0.1019942506018312,0.00930741499037778
4656.0,186.24,2.0,19.4249910855202,23.25133403073996,19.4249910855202,23.25133403073996,1.0993040365379698,0.1019942506018312,0.00930741499037778
4657.0,186.28,2.0,19.57513203247268,23.153052389859198,19.57513203247268,23.153052389859198,1.0807794894836165,0.1019942506018312,0.00930741499037778
4658.0,186.32,2.0,19.724238789680516,23.053778808055256,19.724238789680516,23.053778808055256,1.0630773488830825,0.1019942506018312,0.00930741499037778
4659.0,186.36,2.0,19.87231091701156,22.953511178226627,19.87231091701156,22.953511178226627,1.0461976147363679,0.1019942506018312,0.00930741499037778
4660.0,186.4,2.0,20.019348024833377,22.85224744182271,20.019348024833377,22.85224744182271,1.0301402870434724,0.1019942506018312,0.00930741499037778
4661.0,186.44,2.0,20.165349774034645,22.749985588944494,20.165349774034645,22.749985588944494,1.0149053658043965,0.1019942506018312,0.00930741499037778
4662.0,186.48,2.0,20.31031587604406,22.6467236584429,20.31031587604406,22.6467236584429,1.0004928510191398,0.1019942506018312,0.00930741499037778
4663.0,186.52,2.0,20.45424609284679,22.542459738014692,20.45424609284679,22.542459738014692,0.9869027426877022,0.1019942506018312,0.00930741499037778
4664.0,186.56,2.0,20.5971402369984,22.43719196429598,20.5971402369984,22.43719196429598,0.9741350408100843,0.1019942506018312,0.00930741499037778
4665.0,186.6,2.0,20.738998171636247,22.33091852295328,20.738998171636247,22.33091852295328,0.9630121518401048,0.1019942506018312,0.00930741499037778
4666.0,186.64000000000001,2.0,20.879819810488463,22.223637648772204,20.879819810488463,22.223637648772204,0.9535340757777638,0.1019942506018312,0.00930741499037778
4667.0,186.68,2.0,21.019605117880367,22.115347625743677,21.019605117880367,22.115347625743677,0.9457008126230618,0.1019942506018312,0.00930741499037778
4668.0,186.72,2.0,21.158354108738394,22.006046787147753,21.158354108738394,22.006046787147753,0.9395123623759983,0.1019942506018312,0.00930741499037778
4669.0,186.76,2.0,21.29606684859157,21.89573351563497,21.29606684859157,21.89573351563497,0.934146318582754,0.1019942506018312,0.00930741499037778
4670.0,186.8,2.0,21.432743453570414,21.78440624330529,21.432743453570414,21.78440624330529,0.9296026812433291,0.1019942506018312,0.00930741499037778
4671.0,186.84,2.0,21.568384090403402,21.672063451784602,21.568384090403402,21.672063451784602,0.9258814503577234,0.1019942506018312,0.00930741499037778
4672.0,186.88,2.0,21.702988976410914,21.55870367229873,21.702988976410914,21.55870367229873,0.9229826259259372,0.1019942506018312,0.00930741499037778
4673.0,186.92000000000002,2.0,21.836558379496655,21.444325485745065,21.836558379496655,21.444325485745065,0.9209062079479702,0.1019942506018312,0.00930741499037778
4674.0,186.96,2.0,21.969092618136642,21.328927522761663,21.969092618136642,21.328927522761663,0.9196521964238226,0.1019942506018312,0.00930741499037778
4675.0,187.0,2.0,22.100592061365607,21.212508463793966,22.100592061365607,21.212508463793966,0.9192205913534942,0.1019942506018312,0.00930741499037778
4676.0,187.04,2.0,22.231057128760973,21.09506703915901,22.231057128760973,21.09506703915901,0.9196113927369852,0.1019942506018312,0.00930741499037778
4677.0,187.08,2.0,22.36048829042432,20.976602029107156,22.36048829042432,20.976602029107156,0.9208246005742956,0.1019942506018312,0.00930741499037778
4678.0,187.12,2.0,22.488886066960326,20.857112263881433,22.488886066960326,20.857112263881433,0.9228602148654252,0.1019942506018312,0.00930741499037778
4679.0,187.16,2.0,22.616251029453228,20.736596623774332,22.616251029453228,20.736596623774332,0.925718235610374,0.1019942506018312,0.00930741499037778
4680.0,187.20000000000002,2.0,22.742583799440816,20.61505403918215,22.742583799440816,20.61505403918215,0.9292215083294755,0.1019942506018312,0.00930741499037778
4681.0,187.24,2.0,22.867885048885892,20.49248349065689,22.867885048885892,20.49248349065689,0.9327612734727342,0.1019942506018312,0.00930741499037778
4682.0,187.28,2.0,22.992155500145255,20.368884008955646,22.992155500145255,20.368884008955646,0.9363375310401502,0.1019942506018312,0.00930741499037778
4683.0,187.32,2.0,23.11539592593623,20.24425467508752,23.11539592593623,20.24425467508752,0.9399502810317236,0.1019942506018312,0.00930741499037778
4684.0,187.36,2.0,23.237607149300633,20.11859462035807,23.237607149300633,20.11859462035807,0.9435995234474541,0.1019942506018312,0.00930741499037778
4685.0,187.4,2.0,23.358790043566323,19.99190302641126,23.358790043566323,19.99190302641126,0.9472852582873421,0.1019942506018312,0.00930741499037778
4686.0,187.44,2.0,23.47894553230623,19.864179125268926,23.47894553230623,19.864179125268926,0.9510074855513875,0.1019942506018312,0.00930741499037778
4687.0,187.48,2.0,23.598074589294924,19.73542219936775,23.598074589294924,19.73542219936775,0.95476620523959,0.1019942506018312,0.00930741499037778
4688.0,187.52,2.0,23.716178238462675,19.605631581593766,23.716178238462675,19.605631581593766,0.9585614173519498,0.1019942506018312,0.00930741499037778
4689.0,187.56,2.0,23.833257553847048,19.474941723700134,23.833257553847048,19.474941723700134,0.962393121888467,0.1019942506018312,0.00930741499037778
4690.0,187.6,2.0,23.94931365954204,19.34351827796919,23.94931365954204,19.34351827796919,0.9662613188491416,0.1019942506018312,0.00930741499037778
4691.0,187.64000000000001,2.0,24.064347729644716,19.211367651151527,24.064347729644716,19.211367651151527,0.9701660082339733,0.1019942506018312,0.00930741499037778
4692.0,187.68,2.0,24.17836098819939,19.07849628572894,24.17836098819939,19.07849628572894,0.9741071900429623,0.1019942506018312,0.00930741499037778
4693.0,187.72,2.0,24.291354709139316,18.944910659596765,24.291354709139316,18.944910659596765,0.9780848642761087,0.1019942506018312,0.00930741499037778
4694.0,187.76,2.0,24.403330216225957,18.810445918158262,24.403330216225957,18.810445918158262,0.9820990309334124,0.1019942506018312,0.00930741499037778
4695.0,187.8,2.0,24.51428888298574,18.675115597590477,24.51428888298574,18.675115597590477,0.9861496900148735,0.1019942506018312,0.00930741499037778
4696.0,187.84,2.0,24.62423213264439,18.538822332247634,24.62423213264439,18.538822332247634,0.9902368415204919,0.1019942506018312,0.00930741499037778
4697.0,187.88,2.0,24.73316143805878,18.40153210119181,24.73316143805878,18.40153210119181,0.9943604854502672,0.1019942506018312,0.00930741499037778
4698.0,187.92000000000002,2.0,24.84107832164636,18.263425314373386,24.84107832164636,18.263425314373386,0.9985206218042003,0.1019942506018312,0.00930741499037778
4699.0,187.96,2.0,24.947984355312098,18.124612745088882,24.947984355312098,18.124612745088882,1.0027172505822906,0.1019942506018312,0.00930741499037778
4700.0,188.0,2.0,25.053881160372995,17.984773103672552,25.053881160372995,17.984773103672552,1.006950371784538,0.1019942506018312,0.00930741499037778
4701.0,188.04,2.0,25.158770407480183,17.844245119759346,25.158770407480183,17.844245119759346,1.011219985410943,0.1019942506018312,0.00930741499037778
4702.0,188.08,2.0,25.262653816538517,17.702849877460256,25.262653816538517,17.702849877460256,1.0155260914615052,0.1019942506018312,0.00930741499037778
4703.0,188.12,2.0,25.3655331566238,17.560602775017074,25.3655331566238,17.560602775017074,1.0198686899362246,0.1019942506018312,0.00930741499037778
4704.0,188.16,2.0,25.46741024589754,17.417670160821114,25.46741024589754,17.417670160821114,1.0242477808351014,0.1019942506018312,0.00930741499037778
4705.0,188.20000000000002,2.0,25.568286951519287,17.273711304974317,25.568286951519287,17.273711304974317,1.0286633641581355,0.1019942506018312,0.00930741499037778
4706.0,188.24,2.0,25.66816518955657,17.129085202554855,25.66816518955657,17.129085202554855,1.0331154399053268,0.1019942506018312,0.00930741499037778
4707.0,188.28,2.0,25.767046924892373,16.983576942856708,25.767046924892373,16.983576942856708,1.0376040080766755,0.1019942506018312,0.00930741499037778
4708.0,188.32,2.0,25.864934171130226,16.83725423857179,25.864934171130226,16.83725423857179,1.0421290686721816,0.1019942506018312,0.00930741499037778
4709.0,188.36,2.0,25.961828990496905,16.690203908098034,25.961828990496905,16.690203908098034,1.0466906216918448,0.1019942506018312,0.00930741499037778
4710.0,188.4,2.0,26.05773349374266,16.54219292603376,26.05773349374266,16.54219292603376,1.0512886671356654,0.1019942506018312,0.00930741499037778
4711.0,188.44,2.0,26.152649840039153,16.39353689821265,26.152649840039153,16.39353689821265,1.0559232050036433,0.1019942506018312,0.00930741499037778
4712.0,188.48,2.0,26.246580236874866,16.243903921919195,26.246580236874866,16.243903921919195,1.0605942352957785,0.1019942506018312,0.00930741499037778
4713.0,188.52,2.0,26.339526939948254,16.093283816498392,26.339526939948254,16.093283816498392,1.065301758012071,0.1019942506018312,0.00930741499037778
4714.0,188.56,2.0,26.431492253058412,15.941653642492328,26.431492253058412,15.941653642492328,1.0700457731525208,0.1019942506018312,0.00930741499037778
4715.0,188.6,2.0,26.522478527993425,15.789039321653203,26.522478527993425,15.789039321653203,1.0748262807171278,0.1019942506018312,0.00930741499037778
4716.0,188.64000000000001,2.0,26.612488164416302,15.635441818808125,26.612488164416302,15.635441818808125,1.0796432807058924,0.1019942506018312,0.00930741499037778
4717.0,188.68,2.0,26.701523609748595,15.48086057458775,26.701523609748595,15.48086057458775,1.0844967731188142,0.1019942506018312,0.00930741499037778
4718.0,188.72,2.0,26.789587359051605,15.325295254230964,26.789587359051605,15.325295254230964,1.0893867579558931,0.1019942506018312,0.00930741499037778
4719.0,188.76,2.0,26.87668195490524,15.16874574775173,26.87668195490524,15.16874574775173,1.0943132352171296,0.1019942506018312,0.00930741499037778
4720.0,188.8,2.0,26.96280998728458,15.011201513162037,26.96280998728458,15.011201513162037,1.0992762049025233,0.1019942506018312,0.00930741499037778
4721.0,188.84,2.0,27.047974093434,14.852640609572257,27.047974093434,14.852640609572257,1.1042756670120741,0.1019942506018312,0.00930741499037778
4722.0,188.88,2.0,27.132176957739045,14.693097025652675,27.132176957739045,14.693097025652675,1.1093116215457826,0.1019942506018312,0.00930741499037778
4723.0,188.92000000000002,2.0,27.215421311595925,14.532570749254825,27.215421311595925,14.532570749254825,1.1143840685036481,0.1019942506018312,0.00930741499037778
4724.0,188.96,2.0,27.297709933278703,14.371327127382777,27.297709933278703,14.371327127382777,1.1194930078856709,0.1019942506018312,0.00930741499037778
4725.0,189.0,2.0,27.37904564780415,14.209470758871976,27.37904564780415,14.209470758871976,1.1246384396918512,0.1019942506018312,0.00930741499037778
4726.0,189.04,2.0,27.459431326794306,14.04700953928492,27.459431326794306,14.04700953928492,1.1298203639221887,0.1019942506018312,0.00930741499037778
4727.0,189.08,2.0,27.538869888336727,13.883951393863523,27.538869888336727,13.883951393863523,1.1350387805766833,0.1019942506018312,0.00930741499037778
4728.0,189.12,2.0,27.617364296842435,13.720304277138164,27.617364296842435,13.720304277138164,1.1402936896553357,0.1019942506018312,0.00930741499037778
4729.0,189.16,2.0,27.694917562901555,13.5560761725352,27.694917562901555,13.5560761725352,1.145585091158145,0.1019942506018312,0.00930741499037778
4730.0,189.20000000000002,2.0,27.77153274313674,13.391275091983132,27.77153274313674,13.391275091983132,1.1509129850851116,0.1019942506018312,0.00930741499037778
4731.0,189.24,2.0,27.847212940054202,13.2259090755173,27.847212940054202,13.2259090755173,1.1562773714362358,0.1019942506018312,0.00930741499037778
4732.0,189.28,2.0,27.921961301892598,13.059986190883192,27.921961301892598,13.059986190883192,1.1616782502115173,0.1019942506018312,0.00930741499037778
4733.0,189.32,2.0,27.995781022469554,12.893514533138413,27.995781022469554,12.893514533138413,1.1671156214109557,0.1019942506018312,0.00930741499037778
4734.0,189.36,2.0,28.068675341026005,12.726502224253256,28.068675341026005,12.726502224253256,1.1725894850345517,0.1019942506018312,0.00930741499037778
4735.0,189.4,2.0,28.140647542068244,12.558957412709951,28.140647542068244,12.558957412709951,1.1780998410823051,0.1019942506018312,0.00930741499037778
4736.0,189.44,2.0,28.211700955207753,12.390888273100638,28.211700955207753,12.390888273100638,1.1836466895542155,0.1019942506018312,0.00930741499037778
4737.0,189.48,2.0,28.281838954998786,12.222303005723973,28.281838954998786,12.222303005723973,1.1892300304502834,0.1019942506018312,0.00930741499037778
4738.0,189.52,2.0,28.351064960773762,12.053209836180523,28.351064960773762,12.053209836180523,1.1948498637705087,0.1019942506018312,0.00930741499037778
4739.0,189.56,2.0,28.419382436476404,11.883617014966877,28.419382436476404,11.883617014966877,1.200506189514891,0.1019942506018312,0.00930741499037778
4740.0,189.6,2.0,28.486794890492703,11.713532817068531,28.486794890492703,11.713532817068531,1.2061990076834308,0.1019942506018312,0.00930741499037778
4741.0,189.64000000000001,2.0,28.553305875479644,11.542965541551556,28.553305875479644,11.542965541551556,1.211928318276128,0.1019942506018312,0.00930741499037778
4742.0,189.68,2.0,28.618918988191794,11.37192351115307,28.618918988191794,11.37192351115307,1.2176941212929824,0.1019942506018312,0.00930741499037778
4743.0,189.72,2.0,28.683637869305667,11.20041507187056,28.683637869305667,11.20041507187056,1.2234964167339941,0.1019942506018312,0.00930741499037778
4744.0,189.76,2.0,28.74746620324193,11.028448592550005,28.74746620324193,11.028448592550005,1.2293352045991632,0.1019942506018312,0.00930741499037778
4745.0,189.8,2.0,28.810407717985466,10.856032464472909,28.810407717985466,10.856032464472909,1.2352104848884895,0.1019942506018312,0.00930741499037778
4746.0,189.84,2.0,28.872466184903235,10.683175100942227,28.872466184903235,10.683175100942227,1.2411222576019731,0.1019942506018312,0.00930741499037778
4747.0,189.88,2.0,28.933645418560026,10.509884936867143,28.933645418560026,10.509884936867143,1.2470705227396142,0.1019942506018312,0.00930741499037778
4748.0,189.92000000000002,2.0,28.99394927653207,10.336170428346856,28.99394927653207,10.336170428346856,1.2530552803014121,0.1019942506018312,0.00930741499037778
4749.0,189.96,2.0,29.053039909587568,10.162040052253253,29.053039909587568,10.162040052253253,1.2590765302873679,0.1019942506018312,0.00930741499037778
4750.0,190.0,2.0,29.110914442209115,9.987502305812589,29.110914442209115,9.987502305812589,1.2651342726974808,0.1019942506018312,0.00930741499037778
4751.0,190.04,2.0,29.167570058559644,9.812565706186154,29.167570058559644,9.812565706186154,1.2712285075317507,0.1019942506018312,0.00930741499037778
4752.0,190.08,2.0,29.22300400262094,9.63723879004994,29.22300400262094,9.63723879004994,1.2773592347901783,0.1019942506018312,0.00930741499037778
4753.0,190.12,2.0,29.277213578329278,9.461530113173355,29.277213578329278,9.461530113173355,1.2835264544727631,0.1019942506018312,0.00930741499037778
4754.0,190.16,2.0,29.330196149708016,9.285448249996993,29.330196149708016,9.285448249996993,1.2897301665795051,0.1019942506018312,0.00930741499037778
4755.0,190.20000000000002,2.0,29.381949140997218,9.10900179320947,29.381949140997218,9.10900179320947,1.2959703711104045,0.1019942506018312,0.00930741499037778
4756.0,190.24,2.0,29.432470036780348,8.932199353323377,29.432470036780348,8.932199353323377,1.3022470680654612,0.1019942506018312,0.00930741499037778
4757.0,190.28,2.0,29.481756382107875,8.75504955825032,29.481756382107875,8.75504955825032,1.308560257444675,0.1019942506018312,0.00930741499037778
4758.0,190.32,2.0,29.529805782617945,8.577561052875142,29.529805782617945,8.577561052875142,1.3149099392480468,0.1019942506018312,0.00930741499037778
4759.0,190.36,2.0,29.576615904654034,8.399742498629255,29.576615904654034,8.399742498629255,1.3212961134755752,0.1019942506018312,0.00930741499037778
4760.0,190.4,2.0,29.622184475379566,8.221602573063219,29.622184475379566,8.221602573063219,1.327718780127261,0.1019942506018312,0.00930741499037778
4761.0,190.44,2.0,29.66650928288955,8.043149969418453,29.66650928288955,8.043149969418453,1.3341779392031043,0.1019942506018312,0.00930741499037778
4762.0,190.48,2.0,29.709588176319144,7.8643933961982375,29.709588176319144,7.8643933961982375,1.3406735907031049,0.1019942506018312,0.00930741499037778
4763.0,190.52,2.0,29.751419065949243,7.685341576737912,29.751419065949243,7.685341576737912,1.3472057346272628,0.1019942506018312,0.00930741499037778
4764.0,190.56,2.0,29.791999923309007,7.5060032487743715,29.791999923309007,7.5060032487743715,1.353774370975578,0.1019942506018312,0.00930741499037778
4765.0,190.6,2.0,29.831328781275307,7.326387164014845,29.831328781275307,7.326387164014845,1.3603794997480505,0.1019942506018312,0.00930741499037778
4766.0,190.64000000000001,2.0,29.86940373416925,7.146502087704976,29.86940373416925,7.146502087704976,1.3670211209446803,0.1019942506018312,0.00930741499037778
4767.0,190.68,2.0,29.906222937849495,6.966356798196246,29.906222937849495,6.966356798196246,1.373699234565467,0.1019942506018312,0.00930741499037778
4768.0,190.72,2.0,29.941784609802657,6.785960086512756,29.941784609802657,6.785960086512756,1.3804138406104114,0.1019942506018312,0.00930741499037778
4769.0,190.76,2.0,29.976087029230538,6.605320755917364,29.976087029230538,6.605320755917364,1.3871649390795133,0.1019942506018312,0.00930741499037778
4770.0,190.8,2.0,30.009128537134394,6.42444762147724,30.009128537134394,6.42444762147724,1.3939525299727724,0.1019942506018312,0.00930741499037778
4771.0,190.84,2.0,30.040907536396073,6.243349509628835,30.040907536396073,6.243349509628835,1.4007766132901887,0.1019942506018312,0.00930741499037778
4772.0,190.88,2.0,30.071422491856087,6.062035257742285,30.071422491856087,6.062035257742285,1.4076371890317623,0.1019942506018312,0.00930741499037778
4773.0,190.92000000000002,2.0,30.10067193038864,5.88051371368528,30.10067193038864,5.88051371368528,1.414534257197493,0.1019942506018312,0.00930741499037778
4774.0,190.96,2.0,30.128654440973545,5.698793735386426,30.128654440973545,5.698793735386426,1.4214678177873812,0.1019942506018312,0.00930741499037778
4775.0,191.0,2.0,30.155368674765104,5.516884190398094,30.155368674765104,5.516884190398094,1.4284378708014267,0.1019942506018312,0.00930741499037778
4776.0,191.04,2.0,30.18081334515782,5.334793955458822,30.18081334515782,5.334793955458822,1.4354079238154722,0.1019942506018312,0.00930741499037778
4777.0,191.08,2.0,30.204987227849134,5.152531916055244,30.204987227849134,5.152531916055244,1.4423779768295177,0.1019942506018312,0.00930741499037778
4778.0,191.12,2.0,30.22788916089896,4.970106965983602,30.22788916089896,4.970106965983602,1.4493480298435633,0.1019942506018312,0.00930741499037778
4779.0,191.16,2.0,30.249518044786207,4.78824688362266,30.249518044786207,4.78824688362266,1.4563180828576088,0.1019942506018312,0.00930741499037778
4780.0,191.20000000000002,2.0,30.269872842462153,4.606917560407989,30.269872842462153,4.606917560407989,1.4632881358716543,0.1019942506018312,0.00930741499037778
4781.0,191.24,2.0,30.28895257940076,4.426120266140795,30.28895257940076,4.426120266140795,1.4702581888856998,0.1019942506018312,0.00930741499037778
4782.0,191.28,2.0,30.306756343645834,4.2458708734315165,30.306756343645834,4.2458708734315165,1.4772282418997456,0.1019942506018312,0.00930741499037778
4783.0,191.32,2.0,30.32328328585514,4.066272008482024,30.32328328585514,4.066272008482024,1.484198294913791,0.1019942506018312,0.00930741499037778
4784.0,191.36,2.0,30.338532619341372,3.886978078846725,30.338532619341372,3.886978078846725,1.4911683479278366,0.1019942506018312,0.00930741499037778
4785.0,191.4,2.0,30.352503620110017,3.7080167157494737,30.352503620110017,3.7080167157494737,1.4981384009418819,0.1019942506018312,0.00930741499037778
4786.0,191.44,2.0,30.36519562689413,3.5296602694867767,30.36519562689413,3.5296602694867767,1.5051084539559276,0.1019942506018312,0.00930741499037778
4787.0,191.48000000000002,2.0,30.376608041185957,3.351461262455655,30.376608041185957,3.351461262455655,1.5120785069699731,0.1019942506018312,0.00930741499037778
4788.0,191.52,2.0,30.386740327265507,3.1739379069640528,30.386740327265507,3.1739379069640528,1.5190485599840187,0.1019942506018312,0.00930741499037778
4789.0,191.56,2.0,30.395593901608926,2.997194390425262,30.395593901608926,2.997194390425262,1.526018320344925,0.1019942506018312,0.00930741499037778
4790.0,191.6,2.0,30.40317030089476,2.8207281415260717,30.40317030089476,2.8207281415260717,1.5329874953995528,0.1019942506018312,0.00930741499037778
4791.0,191.64000000000001,2.0,30.409471181621438,2.6446897495887836,30.409471181621438,2.6446897495887836,1.539955792494763,0.1019942506018312,0.00930741499037778
4792.0,191.68,2.0,30.414498319717246,2.469201590865237,30.414498319717246,2.469201590865237,1.5469229189774172,0.1019942506018312,0.00930741499037778
4793.0,191.72,2.0,30.418253610142852,2.2938889067835135,30.418253610142852,2.2938889067835135,1.5538885821943746,0.1019942506018312,0.00930741499037778
4794.0,191.76,2.0,30.42073906648626,2.119352542628848,30.42073906648626,2.119352542628848,1.5608524894924976,0.1019942506018312,0.00930741499037778
4795.0,191.8,2.0,30.421975586828918,1.9449666035112363,30.421975586828918,1.9449666035112363,1.5677828592475564,0.1019942506018312,0.00930741499037778
4796.0,191.84,2.0,30.420329264661447,1.771388063079727,30.420329264661447,1.771388063079727,1.5749364270948567,0.1019942506018312,0.00930741499037778
4797.0,191.88,2.0,30.415805760582412,1.5984564744959555,30.415805760582412,1.5984564744959555,1.5820785810964797,0.1019942506018312,0.00930741499037778
4798.0,191.92000000000002,2.0,30.408416589166432,1.4258604277869378,30.408416589166432,1.4258604277869378,1.5891877694493357,0.1019942506018312,0.00930741499037778
4799.0,191.96,2.0,30.39817368415888,1.2537166874178653,30.39817368415888,1.2537166874178653,1.596263736350725,0.1019942506018312,0.00930741499037778
4800.0,192.0,2.0,30.38508939842735,1.082125631912112,30.38508939842735,1.082125631912112,1.6033073930900197,0.1019942506018312,0.00930741499037778
4801.0,192.04,2.0,30.36917650387838,0.9107912037995529,30.36917650387838,0.9107912037995529,1.6103310947071812,0.1019942506018312,0.00930741499037778
4802.0,192.08,2.0,30.351795418366518,0.7402123554278883,30.351795418366518,0.7402123554278883,1.6173554428653136,0.1019942506018312,0.00930741499037778
4803.0,192.12,2.0,30.33295052461486,0.5700613524515111,30.33295052461486,0.5700613524515111,1.62436876781608,0.1019942506018312,0.00930741499037778
4804.0,192.16,2.0,30.313059323978425,0.4005046535192034,30.313059323978425,0.4005046535192034,1.6313697517227603,0.1019942506018312,0.00930741499037778
4805.0,192.20000000000002,2.0,30.29231481573939,0.23170278944527833,30.29231481573939,0.23170278944527833,1.638357465802556,0.1019942506018312,0.00930741499037778
4806.0,192.24,2.0,30.270836406643546,0.06290745804743123,30.270836406643546,0.06290745804743123,1.6453329751780004,0.1019942506018312,0.00930741499037778
4807.0,192.28,2.0,30.248657636053522,-0.10587053416921202,30.248657636053522,-0.10587053416921202,1.652296317044268,0.1019942506018312,0.00930741499037778
4808.0,192.32,2.0,30.22563917927123,-0.2740878604232713,30.22563917927123,-0.2740878604232713,1.6592457481412897,0.1019942506018312,0.00930741499037778
4809.0,192.36,2.0,30.201784955927444,-0.44196845756201564,30.201784955927444,-0.44196845756201564,1.666181050717128,0.1019942506018312,0.00930741499037778
4810.0,192.4,2.0,30.177346280479018,-0.6098062908861627,30.177346280479018,-0.6098062908861627,1.6730861281176381,0.1019942506018312,0.00930741499037778
4811.0,192.44,2.0,30.152176675181096,-0.7770559097332068,30.152176675181096,-0.7770559097332068,1.6799618471204236,0.1019942506018312,0.00930741499037778
4812.0,192.48000000000002,2.0,30.12603443581134,-0.9439593625810373,30.12603443581134,-0.9439593625810373,1.6868091913916818,0.1019942506018312,0.00930741499037778
4813.0,192.52,2.0,30.099289145364132,-1.1101001220688373,30.099289145364132,-1.1101001220688373,1.6936420290741958,0.1019942506018312,0.00930741499037778
4814.0,192.56,2.0,30.071574275595577,-1.276047215413163,30.071574275595577,-1.276047215413163,1.70045993765205,0.1019942506018312,0.00930741499037778
4815.0,192.6,2.0,30.043250100577655,-1.4419122877249748,30.043250100577655,-1.4419122877249748,1.707262469677003,0.1019942506018312,0.00930741499037778
4816.0,192.64000000000001,2.0,30.01438314149921,-1.6076662074409287,30.01438314149921,-1.6076662074409287,1.714049775736111,0.1019942506018312,0.00930741499037778
4817.0,192.68,2.0,29.9845144161736,-1.7733236369679872,29.9845144161736,-1.7733236369679872,1.7208206819653513,0.1019942506018312,0.00930741499037778
4818.0,192.72,2.0,29.954028126676686,-1.9418626456198624,29.954028126676686,-1.9418626456198624,1.7275739058881152,0.1019942506018312,0.00930741499037778
4819.0,192.76,2.0,29.922645707014016,-2.1133251347148834,29.922645707014016,-2.1133251347148834,1.7343096924830608,0.1019942506018312,0.00930741499037778
4820.0,192.8,2.0,29.89074209755661,-2.2877448964414,29.89074209755661,-2.2877448964414,1.7410277436923347,0.1019942506018312,0.00930741499037778
4821.0,192.84,2.0,29.858172235657367,-2.4651488269209656,29.858172235657367,-2.4651488269209656,1.747727922617593,0.1019942506018312,0.00930741499037778
4822.0,192.88,2.0,29.824781545146987,-2.642831856893157,29.824781545146987,-2.642831856893157,1.7544106664291628,0.1019942506018312,0.00930741499037778
4823.0,192.92000000000002,2.0,29.7906899711057,-2.820783358165601,29.7906899711057,-2.820783358165601,1.7610762002339009,0.1019942506018312,0.00930741499037778
4824.0,192.96,2.0,29.75580542029199,-2.998990722439386,29.75580542029199,-2.998990722439386,1.7677100851020477,0.1019942506018312,0.00930741499037778
4825.0,193.0,2.0,29.720383172221155,-3.177081462549568,29.720383172221155,-3.177081462549568,1.7743225551462116,0.1019942506018312,0.00930741499037778
4826.0,193.04,2.0,29.684338240971112,-3.35499840252645,29.684338240971112,-3.35499840252645,1.7809064859507184,0.1019942506018312,0.00930741499037778
4827.0,193.08,2.0,29.64750731055308,-3.5327019342249115,29.64750731055308,-3.5327019342249115,1.7874669085246622,0.1019942506018312,0.00930741499037778
4828.0,193.12,2.0,29.61002787722097,-3.7101749621613704,29.61002787722097,-3.7101749621613704,1.7940124717715853,0.1019942506018312,0.00930741499037778
4829.0,193.16,2.0,29.571735812959886,-3.8874222767132705,29.571735812959886,-3.8874222767132705,1.8005439573765818,0.1019942506018312,0.00930741499037778
4830.0,193.20000000000002,2.0,29.532948316561665,-4.064387145562551,29.532948316561665,-4.064387145562551,1.8070616775893031,0.1019942506018312,0.00930741499037778
4831.0,193.24,2.0,29.493637516479385,-4.241061180264675,29.493637516479385,-4.241061180264675,1.8135662888652748,0.1019942506018312,0.00930741499037778
4832.0,193.28,2.0,29.45347995796495,-4.417425870731357,29.45347995796495,-4.417425870731357,1.820058353336952,0.1019942506018312,0.00930741499037778
4833.0,193.32,2.0,29.412818939203202,-4.593486015699291,29.412818939203202,-4.593486015699291,1.8265384214181308,0.1019942506018312,0.00930741499037778
4834.0,193.36,2.0,29.371247377751658,-4.769221578446794,29.371247377751658,-4.769221578446794,1.8330069964962692,0.1019942506018312,0.00930741499037778
4835.0,193.4,2.0,29.32925997978702,-4.944638499982441,29.32925997978702,-4.944638499982441,1.839464527771205,0.1019942506018312,0.00930741499037778
4836.0,193.44,2.0,29.28629053547691,-5.119704346993188,29.28629053547691,-5.119704346993188,1.8458932852725631,0.1019942506018312,0.00930741499037778
4837.0,193.48000000000002,2.0,29.24232040434483,-5.29442428807552,29.24232040434483,-5.29442428807552,1.8523036753977549,0.1019942506018312,0.00930741499037778
4838.0,193.52,2.0,29.19736346989034,-5.468785008026169,29.19736346989034,-5.468785008026169,1.8587037807600542,0.1019942506018312,0.00930741499037778
4839.0,193.56,2.0,29.15143269763511,-5.642772712551834,29.15143269763511,-5.642772712551834,1.8650763709401312,0.1019942506018312,0.00930741499037778
4840.0,193.6,2.0,29.104546889558573,-5.816374105973857,29.104546889558573,-5.816374105973857,1.8714299859570611,0.1019942506018312,0.00930741499037778
4841.0,193.64000000000001,2.0,29.056704524520203,-5.989584226358522,29.056704524520203,-5.989584226358522,1.8777739333580254,0.1019942506018312,0.00930741499037778
4842.0,193.68,2.0,29.007921185432103,-6.162404502801226,29.007921185432103,-6.162404502801226,1.884108086158968,0.1019942506018312,0.00930741499037778
4843.0,193.72,2.0,28.958209502323772,-6.334814683144815,28.958209502323772,-6.334814683144815,1.8904319666505494,0.1019942506018312,0.00930741499037778
4844.0,193.76,2.0,28.907651721693288,-6.506828486004891,28.907651721693288,-6.506828486004891,1.8967458960798835,0.1019942506018312,0.00930741499037778
4845.0,193.8,2.0,28.85651146893314,-6.678447175579774,28.85651146893314,-6.678447175579774,1.903049399321552,0.1019942506018312,0.00930741499037778
4846.0,193.84,2.0,28.80476245270281,-6.849675625866662,28.80476245270281,-6.849675625866662,1.9093413754678887,0.1019942506018312,0.00930741499037778
4847.0,193.88,2.0,28.75241007791617,-7.0205138863346805,28.75241007791617,-7.0205138863346805,1.9156015211645387,0.1019942506018312,0.00930741499037778
4848.0,193.92000000000002,2.0,28.699445131219676,-7.1909642036219585,28.699445131219676,-7.1909642036219585,1.9218438264219828,0.1019942506018312,0.00930741499037778
4849.0,193.96,2.0,28.645862062774963,-7.361015917096643,28.645862062774963,-7.361015917096643,1.928072874295026,0.1019942506018312,0.00930741499037778
4850.0,194.0,2.0,28.591667889088924,-7.530656331225243,28.591667889088924,-7.530656331225243,1.9342905035091984,0.1019942506018312,0.00930741499037778
4851.0,194.04,2.0,28.536859352575508,-7.699873847463035,28.536859352575508,-7.699873847463035,1.940488574188104,0.1019942506018312,0.00930741499037778
4852.0,194.08,2.0,28.48144511562432,-7.868655712078282,28.48144511562432,-7.868655712078282,1.9466586383452464,0.1019942506018312,0.00930741499037778
4853.0,194.12,2.0,28.42542050688413,-8.037002606751729,28.42542050688413,-8.037002606751729,1.9528162719196702,0.1019942506018312,0.00930741499037778
4854.0,194.16,2.0,28.368784101583007,-8.204903455546496,28.368784101583007,-8.204903455546496,1.9589617569543483,0.1019942506018312,0.00930741499037778
4855.0,194.20000000000002,2.0,28.311531762728677,-8.372355860613165,28.311531762728677,-8.372355860613165,1.9650951011532898,0.1019942506018312,0.00930741499037778
4856.0,194.24,2.0,28.253671681581277,-8.539369682652865,28.253671681581277,-8.539369682652865,1.971206287897277,0.1019942506018312,0.00930741499037778
4857.0,194.28,2.0,28.195216166678257,-8.705938632702214,28.195216166678257,-8.705938632702214,1.9772954214967853,0.1019942506018312,0.00930741499037778
4858.0,194.32,2.0,28.136163685234592,-8.87205813103191,28.136163685234592,-8.87205813103191,1.9833626031700171,0.1019942506018312,0.00930741499037778
4859.0,194.36,2.0,28.076516159767255,-9.037720264113416,28.076516159767255,-9.037720264113416,1.9894079490887293,0.1019942506018312,0.00930741499037778
4860.0,194.4,2.0,28.016270455236544,-9.202916093931151,28.016270455236544,-9.202916093931151,1.9954252182245418,0.1019942506018312,0.00930741499037778
4861.0,194.44,2.0,27.955416997430916,-9.367639942735881,27.955416997430916,-9.367639942735881,2.001412365094147,0.1019942506018312,0.00930741499037778
4862.0,194.48000000000002,2.0,27.893947687749982,-9.531880455782305,27.893947687749982,-9.531880455782305,2.0073779001983256,0.1019942506018312,0.00930741499037778
4863.0,194.52,2.0,27.83185710169614,-9.695643639712404,27.83185710169614,-9.695643639712404,2.0133271219609776,0.1019942506018312,0.00930741499037778
4864.0,194.56,2.0,27.76914553350131,-9.858907593900007,27.76914553350131,-9.858907593900007,2.0192599096219146,0.1019942506018312,0.00930741499037778
4865.0,194.6,2.0,27.70580999838779,-10.021660619419004,27.70580999838779,-10.021660619419004,2.025176137990455,0.1019942506018312,0.00930741499037778
4866.0,194.64000000000001,2.0,27.641857407600455,-10.183895025898927,27.641857407600455,-10.183895025898927,2.0310771713261015,0.1019942506018312,0.00930741499037778
4867.0,194.68,2.0,27.57725745797292,-10.345605065365307,27.57725745797292,-10.345605065365307,2.036955081506308,0.1019942506018312,0.00930741499037778
4868.0,194.72,2.0,27.51200090467751,-10.506781071564815,27.51200090467751,-10.506781071564815,2.0428046402058686,0.1019942506018312,0.00930741499037778
4869.0,194.76,2.0,27.446093250712348,-10.667416422675963,27.446093250712348,-10.667416422675963,2.048639362125985,0.1019942506018312,0.00930741499037778
4870.0,194.8,2.0,27.379525430341147,-10.827517034866693,27.379525430341147,-10.827517034866693,2.0544416338036644,0.1019942506018312,0.00930741499037778
4871.0,194.84,2.0,27.31229506538502,-10.987088233616213,27.31229506538502,-10.987088233616213,2.0602256476041205,0.1019942506018312,0.00930741499037778
4872.0,194.88,2.0,27.244414853111326,-11.146122528341474,27.244414853111326,-11.146122528341474,2.065987981664851,0.1019942506018312,0.00930741499037778
4873.0,194.92000000000002,2.0,27.17589082952083,-11.304608324511427,27.17589082952083,-11.304608324511427,2.0717235493201276,0.1019942506018312,0.00930741499037778
4874.0,194.96,2.0,27.106718438672804,-11.462548925312277,27.106718438672804,-11.462548925312277,2.0774296059234816,0.10279594819067223,0.00938096334509305
4875.0,195.0,2.0,27.036893656228674,-11.619934908159193,27.036893656228674,-11.619934908159193,2.0831008002893197,0.10439934336835434,0.009528060054523592
4876.0,195.04,2.0,26.966409155096127,-11.776761538677693,26.966409155096127,-11.776761538677693,2.0887373045748308,0.10680443613487749,0.009748705118669406
4877.0,195.08,2.0,26.895258034986718,-11.933024284918126,26.895258034986718,-11.933024284918126,2.0943386136354465,0.11001122649024171,0.01004289853753049
4878.0,195.12,2.0,26.82339740916306,-12.088733205738153,26.82339740916306,-12.088733205738153,2.099905718890695,0.11321801684560592,0.010410640311106846
4879.0,195.16,2.0,26.750819278125043,-12.24388399399146,26.750819278125043,-12.24388399399146,2.1054364790419093,0.1167324025405534,0.010851930439398472
4880.0,195.20000000000002,2.0,26.67751693501912,-12.3984816867774,26.67751693501912,-12.3984816867774,2.110931084466277,0.12035057139536116,0.011366768922405368
4881.0,195.24,2.0,26.603487126498564,-12.552529362443922,26.603487126498564,-12.552529362443922,2.116389645497472,0.12417657413976944,0.012377205235160855
4882.0,195.28,2.0,26.528717982265892,-12.706027840600514,26.528717982265892,-12.706027840600514,2.1218121873135622,0.12816524715323666,0.01357700914714824
4883.0,195.32,2.0,26.453210814075927,-12.858973010380396,26.453210814075927,-12.858973010380396,2.1272061035555376,0.1321737350974419,0.014928064759663595
4884.0,195.36,2.0,26.376957066831206,-13.011371511412339,26.376957066831206,-13.011371511412339,2.132564299580354,0.13631135489131097,0.016430372072706922
4885.0,195.4,2.0,26.299948134288233,-13.163226486952261,26.299948134288233,-13.163226486952261,2.137886638806069,0.1406705320634376,0.018083931086278218
4886.0,195.44,2.0,26.222179991088897,-13.314535620238171,26.222179991088897,-13.314535620238171,2.143183544692637,0.14502970923556424,0.019888741800377484
4887.0,195.48000000000002,2.0,26.143666697987605,-13.465297416284258,26.143666697987605,-13.465297416284258,2.1484558119306287,0.1493888864076909,0.021844804215004718
4888.0,195.52,2.0,26.064410188710575,-13.615514233560436,26.064410188710575,-13.615514233560436,2.153714318522575,0.15374806357981755,0.02386939317157005
4889.0,195.56,2.0,25.984393372391608,-13.765180721797186,25.984393372391608,-13.765180721797186,2.158960490150611,0.15788568337368658,0.025974550546714003
4890.0,195.6,2.0,25.903612885905133,-13.91429432141777,25.903612885905133,-13.91429432141777,2.1641944926787553,0.16192429433139974,0.028160276340436573
4891.0,195.64000000000001,2.0,25.82207348688684,-14.062843314136142,25.82207348688684,-14.062843314136142,2.1694164529262694,0.16591296734486694,0.030427757710181972
4892.0,195.68,2.0,25.73975082710098,-14.210838528633834,25.73975082710098,-14.210838528633834,2.1746365230331124,0.16973897008927522,0.03269523907992737
4893.0,195.72,2.0,25.65663882007411,-14.358277135532067,25.65663882007411,-14.358277135532067,2.179854716984169,0.17255544135524192,0.03488917209495751
4894.0,195.76,2.0,25.572731394526006,-14.505156320387254,25.572731394526006,-14.505156320387254,2.185071048764324,0.1744664318725073,0.037009556755272364
4895.0,195.8,2.0,25.4880224945788,-14.6514732837659,25.4880224945788,-14.6514732837659,2.190285532358463,0.17526410775147086,0.039056393060871955
4896.0,195.84,2.0,25.402506079965693,-14.797225241318191,25.402506079965693,-14.797225241318191,2.1954981817514705,0.17524812691747027,0.04102968101175627
4897.0,195.88,2.0,25.31617612623928,-14.942409423850334,25.31617612623928,-14.942409423850334,2.200709010928232,0.17404490125223915,0.04292942060792532
4898.0,195.92000000000002,2.0,25.229062099437858,-15.087015629641554,25.229062099437858,-15.087015629641554,2.2059128884043377,0.17128043314686933,0.044755611849379096
4899.0,195.96,1.0,25.141166739762497,-15.231041315397094,25.141166739762497,-15.231041315397094,2.2111100798212426,0.1669302368208508,0.04650825473611759
4900.0,196.0,1.0,25.052478460364732,-15.374483432687075,25.052478460364732,-15.374483432687075,2.216301229947011,0.16083678674443486,0.047765299793107514
4901.0,196.04,0.0,24.9630046734919,-15.517336396243044,24.9630046734919,-15.517336396243044,2.2214854432630498,0.1537148106117405,0.04855800701212685
4902.0,196.08,0.0,24.872742870660726,-15.659596261664927,24.872742870660726,-15.659596261664927,2.2266627197693603,0.14657206285991348,0.04904757218572354
4903.0,196.12,0.0,24.781690568503084,-15.80125912098338,24.781690568503084,-15.80125912098338,2.2318330594659415,0.1387602626251596,0.04926824052691365
4904.0,196.16,0.0,24.689845308845225,-15.942321102773855,24.689845308845225,-15.942321102773855,2.236996462352794,0.13017067760598097,0.049209504206299604
4905.0,196.20000000000002,0.0,24.59720465878618,-16.082778372268603,24.59720465878618,-16.082778372268603,2.2421529284299173,0.12110514034504956,0.04885924098420884
4906.0,196.24,1.0,24.503766210775392,-16.222627131466623,24.503766210775392,-16.222627131466623,2.2473024576973115,0.11169343010899378,0.04819526596352377
4907.0,196.28,0.0,24.409527582689527,-16.361863619241582,24.409527582689527,-16.361863619241582,2.2524450501549778,0.1019355468978136,0.04730030430283427
4908.0,196.32,0.0,24.31448641790847,-16.50048411144767,24.31448641790847,-16.50048411144767,2.2575807058029143,0.0913260308309848,0.04624503928408972
4909.0,196.36,1.0,24.2186403853905,-16.638484921023363,24.2186403853905,-16.638484921023363,2.262709424641122,0.08008150758451008,0.045016195748548475
4910.0,196.4,1.0,24.121987179746693,-16.775862398093178,24.121987179746693,-16.775862398093178,2.267831206669601,0.06827074218336256,0.04361032645885769
4911.0,196.44,1.0,24.024524521314408,-16.912612930067333,24.024524521314408,-16.912612930067333,2.2729460518883506,0.05620700349551742,0.042108937705511565
4912.0,196.48000000000002,0.0,23.926250156230093,-17.048732941739328,23.926250156230093,-17.048732941739328,2.2780539602973717,0.04435109869727278,0.04051777865533137
4913.0,196.52,0.0,23.827161856501153,-17.184218895381495,23.827161856501153,-17.184218895381495,2.283154931896664,0.03259897705888842,0.03883380087167718
4914.0,196.56,1.0,23.72725742007704,-17.319067290838454,23.72725742007704,-17.319067290838454,2.288248966686227,0.02115847246996483,0.037032216594040386
4915.0,196.6,1.0,23.62653467091951,-17.45327466561849,23.62653467091951,-17.45327466561849,2.2933360646660614,0.009729927005164323,0.035117707391301815
4916.0,196.64000000000001,1.0,23.524991459072055,-17.58683759498288,23.524991459072055,-17.58683759498288,2.2984162258361667,-0.0005113736284056439,0.033136178212567445
4917.0,196.68,1.0,23.42262566072849,-17.719752692033122,23.42262566072849,-17.719752692033122,2.303489450196543,-0.009499027161420178,0.031105036901113162
4918.0,196.72,1.0,23.319435178300715,-17.852016607796088,23.319435178300715,-17.852016607796088,2.3085557377471906,-0.01700473563364629,0.029041678023111382
4919.0,196.76,1.0,23.21541794048566,-17.983626031307125,23.21541794048566,-17.983626031307125,2.3136150884881093,-0.022975024245075474,0.026978319145109602
4920.0,196.8,1.0,23.11057190233135,-18.11457768969102,23.11057190233135,-18.11457768969102,2.3186675024192986,-0.028079457069285187,0.025185598474065606
4921.0,196.84,0.0,23.00489504530215,-18.244868348240963,23.00489504530215,-18.244868348240963,2.323712979540759,-0.03248072306474303,0.023540309961813367
4922.0,196.88,1.0,22.898385377343192,-18.374494810495325,22.898385377343192,-18.374494810495325,2.328751519852491,-0.035643240405191394,0.022005323348277456
4923.0,196.92000000000002,1.0,22.791040932943908,-18.50345391831246,22.791040932943908,-18.50345391831246,2.3337831233544937,-0.03756443320379844,0.020579439936698737
4924.0,196.96,0.0,22.68285977320078,-18.631742551943333,22.68285977320078,-18.631742551943333,2.3388077900467676,-0.03831413435449659,0.01928700460270027
4925.0,197.0,0.0,22.57383998587916,-18.75935763010212,22.57383998587916,-18.75935763010212,2.3438255199293128,-0.03807850961241774,0.018153094907421313
4926.0,197.04,0.0,22.46397968547432,-18.886296110034678,22.46397968547432,-18.886296110034678,2.3488363130021286,-0.036965085354360015,0.01717275462522864
4927.0,197.08,1.0,22.353277013271608,-19.012554987584966,22.353277013271608,-19.012554987584966,2.353840169265216,-0.03424521981482104,0.016267116029360654
4928.0,197.12,1.0,22.241730137405746,-19.138131297259353,22.241730137405746,-19.138131297259353,2.358837088718574,-0.030257209341967004,0.015451877303385217
4929.0,197.16,1.0,22.129337252919278,-19.26302211228884,22.129337252919278,-19.26302211228884,2.3638270713622034,-0.025374264614970526,0.0147279248491512
4930.0,197.20000000000002,1.0,22.016096581820197,-19.387224544689207,22.016096581820197,-19.387224544689207,2.368810117196104,-0.019833331375939796,0.014098768755704386
4931.0,197.24,1.0,21.90200637313863,-19.51073574531905,21.90200637313863,-19.51073574531905,2.373786226220275,-0.014089101744673533,0.013541089075008613
4932.0,197.28,1.0,21.78706490298275,-19.63355290393574,21.78706490298275,-19.63355290393574,2.3787553984347176,-0.008131869613795433,0.013010309822909757
4933.0,197.32,1.0,21.671270474593772,-19.755673249249313,21.671270474593772,-19.755673249249313,2.383717633839431,-0.0019212416088119676,0.012508893101419337
4934.0,197.36,1.0,21.554621418400092,-19.877094048974215,21.554621418400092,-19.877094048974215,2.3886729324344156,0.004604781281415123,0.012009419580337705
4935.0,197.4,1.0,21.437116092070575,-19.997812609879023,21.437116092070575,-19.997812609879023,2.3936212942196713,0.011516011545808655,0.011442152121390967
4936.0,197.44,1.0,21.318752880566947,-20.117826277834034,21.318752880566947,-20.117826277834034,2.3985627191951986,0.018793268720982897,0.010769456045759818
4937.0,197.48000000000002,1.0,21.199530196195347,-20.237132437856786,21.199530196195347,-20.237132437856786,2.403497207360996,0.026452917777679254,0.009951184207485869
4938.0,197.52,1.0,21.07944647865699,-20.35572851415547,21.07944647865699,-20.35572851415547,2.4084247587170653,0.03424072984692904,0.008935041225977446
4939.0,197.56,1.0,20.958500195097947,-20.473611970170293,20.958500195097947,-20.473611970170293,2.413345373263405,0.04202854191617883,0.007705810967472735
4940.0,197.6,1.0,20.83703158978903,-20.590780308612707,20.83703158978903,-20.590780308612707,2.418259051000016,0.049114143845071345,0.0062480758152245255
4941.0,197.64000000000001,1.0,20.715046003460742,-20.707231071502594,20.715046003460742,-20.707231071502594,2.4231657919268983,0.05550091775221744,0.004550015801323241
4942.0,197.68,1.0,20.592548787191756,-20.822961840203345,20.592548787191756,-20.822961840203345,2.4280655960440516,0.06120259452368942,0.002614671123328905
4943.0,197.72,1.0,20.469545302121833,-20.937970235454852,20.469545302121833,-20.937970235454852,2.432958463351476,0.06620873188900521,0.0004261738071455411
4944.0,197.76,1.0,20.346040919164658,-21.052253917404443,20.346040919164658,-21.052253917404443,2.437844393849171,0.07057571633666841,-0.002012225393216289
4945.0,197.8,1.0,20.22204101872072,-21.16558919661225,20.22204101872072,-21.16558919661225,2.4427233875371375,0.07441107424347713,-0.004682901822751544
4946.0,197.84,1.0,20.09755099039024,-21.277960530993415,20.09755099039024,-21.277960530993415,2.4475954444153754,0.07771318110271086,-0.007578296305884911
4947.0,197.88,1.0,19.9725762326861,-21.389370628597213,19.9725762326861,-21.389370628597213,2.452460564483884,0.08048115904443132,-0.010678851174209303
4948.0,197.92000000000002,0.0,19.84712215274688,-21.499822244314014,19.84712215274688,-21.499822244314014,2.4573187477426637,0.08239742286751059,-0.013858914086368725
4949.0,197.96,1.0,19.72119416604991,-21.60931817973846,19.72119416604991,-21.60931817973846,2.462169994191714,0.08331344669182371,-0.017038253895660004
4950.0,198.0,1.0,19.594797696124445,-21.717861283030256,19.594797696124445,-21.717861283030256,2.467014303831036,0.08306382211971422,-0.020199299820868266
4951.0,198.04,1.0,19.467938174264948,-21.825454448772728,19.467938174264948,-21.825454448772728,2.471851676660629,0.08144041099583166,-0.023294427441199427
4952.0,198.08,1.0,19.34062103924446,-21.93210061782908,19.34062103924446,-21.93210061782908,2.4766821126804928,0.07835053700466711,-0.02630131109815644
4953.0,198.12,1.0,19.212851737028124,-22.03780277719633,19.212851737028124,-22.03780277719633,2.4815056118906282,0.0735431284392199,-0.029197213030420454
4954.0,198.16,1.0,19.08463572048685,-22.142563959857025,19.08463572048685,-22.142563959857025,2.486322174291034,0.0669977380147755,-0.03195830104882357
4955.0,198.20000000000002,1.0,18.95597844911115,-22.246387244628682,18.95597844911115,-22.246387244628682,2.4911317998817113,0.05821115744366613,-0.03456434831782235
4956.0,198.24,1.0,18.826885388725124,-22.34927575601092,18.826885388725124,-22.34927575601092,2.4959344886626598,0.04716065070675261,-0.03699260225763085
4957.0,198.28,1.0,18.697362011200664,-22.451232664030407,18.697362011200664,-22.451232664030407,2.500730240633879,0.03401259036670151,-0.039222985054204865
4958.0,198.32,1.0,18.567413794171856,-22.552261184083548,18.567413794171856,-22.552261184083548,2.5055190557953697,0.019354069744691865,-0.041090189818444034
4959.0,198.36,1.0,18.43704622074959,-22.65236457677691,18.43704622074959,-22.65236457677691,2.510300934147131,0.003240275719157145,-0.04256359098691551
4960.0,198.4,1.0,18.30626477923643,-22.751546147765445,18.30626477923643,-22.751546147765445,2.5150758756891634,-0.014268424592570926,-0.043616938432583435
4961.0,198.44,1.0,18.175074962841702,-22.84980924758847,18.175074962841702,-22.84980924758847,2.519843880421467,-0.03287318984238219,-0.04423020146388297
4962.0,198.48000000000002,1.0,18.04348226939688,-22.947157271503503,18.04348226939688,-22.947157271503503,2.5246049483440416,-0.051477955092193446,-0.04439266673651135
4963.0,198.52,1.0,17.911492201071223,-23.04359365931779,17.911492201071223,-23.04359365931779,2.5293590794568876,-0.0700827203420047,-0.04410622244818461
4964.0,198.56,1.0,17.779110264087738,-23.139121895217738,17.779110264087738,-23.139121895217738,2.5341062737600044,-0.08868748559181598,-0.04332182548162688
4965.0,198.6,1.0,17.646341968439394,-23.233745507596108,17.646341968439394,-23.233745507596108,2.5388465312533923,-0.10729225084162723,-0.042056900620810106
4966.0,198.64000000000001,1.0,17.513192827605735,-23.327468068877057,17.513192827605735,-23.327468068877057,2.543579851937052,-0.1258970160914385,-0.04033450281495771
4967.0,198.68,1.0,17.379668358269768,-23.42029319533897,17.379668358269768,-23.42029319533897,2.548306235810981,-0.14392882137783233,-0.038354275954797325
4968.0,198.72,1.0,17.24577408003524,-23.512224546935222,17.24577408003524,-23.512224546935222,2.553025682875183,-0.16120273162173762,-0.0362149811505735
4969.0,198.76,0.0,17.111515515144244,-23.60326582711266,17.111515515144244,-23.60326582711266,2.557738193129655,-0.1775142898614559,-0.03393474577360789
4970.0,198.8,0.0,16.976898188195268,-23.694139659339903,16.976898188195268,-23.694139659339903,2.562443766574398,-0.19266506404901287,-0.03152749316716399
4971.0,198.84,1.0,16.841927625861555,-23.78480681583513,16.841927625861555,-23.78480681583513,2.5671424032094126,-0.20582038614193343,-0.029038947411823602
4972.0,198.88,1.0,16.706609356609952,-23.875263483126737,16.706609356609952,-23.875263483126737,2.5718341030346985,-0.21679118344435516,-0.02646910850758674
4973.0,198.92000000000002,0.0,16.570948910420128,-23.96552048674698,16.570948910420128,-23.96552048674698,2.5765188660502547,-0.22549667639834967,-0.023843397133809563
4974.0,198.96,0.0,16.434951818504256,-24.055675442262416,16.434951818504256,-24.055675442262416,2.581196692256082,-0.23152661481524967,-0.0212002978549674
4975.0,199.0,1.0,16.29862361302714,-24.145377783281443,16.29862361302714,-24.145377783281443,2.585867581652181,-0.23439474873429925,-0.018557198576125228
4976.0,199.04,0.0,16.161969826826795,-24.234650204015868,16.161969826826795,-24.234650204015868,2.5905315342385506,-0.23401322184919626,-0.01591409929728306
4977.0,199.08,0.0,16.024995993135555,-24.323760154926944,16.024995993135555,-24.323760154926944,2.5951885500151914,-0.23077199579483465,-0.013416758741998564
4978.0,199.12,0.0,15.887707645301587,-24.412255295994193,15.887707645301587,-24.412255295994193,2.5998386289821034,-0.2251799057076705,-0.011080258702635334
4979.0,199.16,0.0,15.75011031651102,-24.50064901476499,15.75011031651102,-24.50064901476499,2.6044817711392865,-0.21729731870503552,-0.008916144291260303
4980.0,199.20000000000002,0.0,15.612207650127502,-24.589040711786243,15.612207650127502,-24.589040711786243,2.6091182691398798,-0.20742307613503994,-0.006935779870841626
4981.0,199.24,0.0,15.474003231431443,-24.676923067007994,15.474003231431443,-24.676923067007994,2.6137484156370223,-0.1966532429357669,-0.0051462334475365565
4982.0,199.28,1.0,15.335500587745369,-24.764441959378953,15.335500587745369,-24.764441959378953,2.618372503283854,-0.18498781910721637,-0.003551760241661316
4983.0,199.32,1.0,15.19670318856423,-24.851715093372153,15.19670318856423,-24.851715093372153,2.6229908247335127,-0.1733107520481935,-0.0022140717998636226
4984.0,199.36,1.0,15.057614445690726,-24.938363077461428,15.057614445690726,-24.938363077461428,2.6276036726391387,-0.16163368498917063,-0.0011679450643271331
4985.0,199.4,2.0,14.918237713375529,-25.024982163030128,14.918237713375529,-25.024982163030128,2.632211339653871,-0.14995661793014775,-0.00043453822729757344
4986.0,199.44,2.0,14.778557522183936,-25.110941900564647,14.778557522183936,-25.110941900564647,2.636845607401938,-0.1382795508711249,5.7469080458008496e-05
4987.0,199.48000000000002,2.0,14.640213267810358,-25.196894748592634,14.640213267810358,-25.196894748592634,2.641249740248035,-0.126602483812102,0.0003904084441501401
4988.0,199.52,2.0,14.503204839107301,-25.282675784878606,14.503204839107301,-25.282675784878606,2.64565835013008,-0.11492541675307914,0.0005824072351004926
4989.0,199.56,2.0,14.36752633094251,-25.367969163996737,14.36752633094251,-25.367969163996737,2.6500929888511635,-0.10324834969405627,0.0006473887965725509
4990.0,199.6,2.0,14.233171478727064,-25.452887255121762,14.233171478727064,-25.452887255121762,2.6545539122139847,-0.09235366773649323,0.0006310772091481288
4991.0,199.64000000000001,2.0,14.100133658184298,-25.537526081865085,14.100133658184298,-25.537526081865085,2.6590402089291714,-0.08224137088039002,0.0005334724728272264
4992.0,199.68,2.0,13.96840588515097,-25.621585272437212,13.96840588515097,-25.621585272437212,2.663539523956762,-0.07304160388788324,0.0003799952669660057
4993.0,199.72,2.0,13.836633588383734,-25.705559505671147,13.836633588383734,-25.705559505671147,2.6680312556336534,-0.0646422281965867,0.0002091301560397973
4994.0,199.76,2.0,13.704818290351675,-25.78911681472141,13.704818290351675,-25.78911681472141,2.6725270737081814,-0.057523122718858566,3.826504511358885e-05
4995.0,199.8,2.0,13.572548453183648,-25.872419466959734,13.572548453183648,-25.872419466959734,2.677028296017067,-0.05168428745469883,-0.0001326000658126196
4996.0,199.84,2.0,13.439637099081398,-25.9556238433523,13.439637099081398,-25.9556238433523,2.6815358513431082,-0.047194691077839204,-0.00030346517673882805
4997.0,199.88,2.0,13.305970900489056,-26.037977533501554,13.305970900489056,-26.037977533501554,2.686048674563771,-0.04360068533025702,-0.0004743302876650365
4998.0,199.92000000000002,2.0,13.171522454643545,-26.119487277532162,13.171522454643545,-26.119487277532162,2.690566728483883,-0.0409022702119523,-0.0006451953985912449
4999.0,199.96,2.0,13.036437279953416,-26.20069237787977,13.036437279953416,-26.20069237787977,2.695091756363511,-0.03909944572292503,-0.0008160605095174533
5000.0,200.0,2.0,12.900717707308283,-26.28136491558383,12.900717707308283,-26.28136491558383,2.699623975954594,-0.0381922118631752,-0.0009869256204436618
5001.0,200.04,2.0,12.764118729278207,-26.361206985658544,12.764118729278207,-26.361206985658544,2.704179483911276,-0.038180568632702805,-0.0011577907313698704
5002.0,200.08,2.0,12.62679318683594,-26.44076014170314,12.62679318683594,-26.44076014170314,2.708757413455953,-0.038180568632702805,-0.0013286558422960788
5003.0,200.12,2.0,12.488989203324754,-26.5197784809898,12.488989203324754,-26.5197784809898,2.7133567809224295,-0.038180568632702805,-0.0014587358344702404
5004.0,200.16,2.0,12.350343670454135,-26.5986747196321,12.350343670454135,-26.5986747196321,2.717963718167921,-0.038180568632702805,-0.001525798259656555
5005.0,200.20000000000002,2.0,12.21122964644235,-26.676876062356257,12.21122964644235,-26.676876062356257,2.722578647708343,-0.038180568632702805,-0.001525798259656555
5006.0,200.24,2.0,12.071293442147686,-26.754267139369233,12.071293442147686,-26.754267139369233,2.7272020169919378,-0.038180568632702805,-0.001525798259656555
5007.0,200.28,2.0,11.930475175950646,-26.830873401110416,11.930475175950646,-26.830873401110416,2.7318336754316483,-0.038180568632702805,-0.001525798259656555
5008.0,200.32,2.0,11.789240523927269,-26.90667654778792,11.789240523927269,-26.90667654778792,2.7364747968914975,-0.038180568632702805,-0.001525798259656555
5009.0,200.36,2.0,11.647212031889907,-26.978694916620768,11.647212031889907,-26.978694916620768,2.7411266638480947,-0.038180568632702805,-0.001525798259656555
5010.0,200.4,2.0,11.504675067396708,-27.046883056917604,11.504675067396708,-27.046883056917604,2.7457890313227806,-0.038180568632702805,-0.001525798259656555
5011.0,200.44,2.0,11.361261544990267,-27.111203671385613,11.361261544990267,-27.111203671385613,2.75046219737341,-0.038180568632702805,-0.001525798259656555
5012.0,200.48000000000002,2.0,11.2171234352536,-27.1716264032395,11.2171234352536,-27.1716264032395,2.755146298898325,-0.038180568632702805,-0.001525798259656555
5013.0,200.52,2.0,11.072422274984426,-27.23085290568664,11.072422274984426,-27.23085290568664,2.7598408987272003,-0.038180568632702805,-0.001525798259656555
5014.0,200.56,2.0,10.927045132091562,-27.288890435644824,10.927045132091562,-27.288890435644824,2.764545771753178,-0.038180568632702805,-0.001525798259656555
5015.0,200.6,2.0,10.781091164832262,-27.345748275082407,10.781091164832262,-27.345748275082407,2.769275356906019,-0.038180568632702805,-0.001525798259656555
5016.0,200.64000000000001,2.0,10.63431221039759,-27.401795629941113,10.63431221039759,-27.401795629941113,2.7740194200731136,-0.038180568632702805,-0.001525798259656555
5017.0,200.68,2.0,10.486800422768571,-27.457086440235894,10.486800422768571,-27.457086440235894,2.7787850856701355,-0.038180568632702805,-0.001525798259656555
5018.0,200.72,2.0,10.338726337005365,-27.511657123584445,10.338726337005365,-27.511657123584445,2.783567322687993,-0.038180568632702805,-0.001525798259656555
5019.0,200.76,2.0,10.189959726595754,-27.565521630526895,10.189959726595754,-27.565521630526895,2.7883574822231405,-0.038180568632702805,-0.001525798259656555
5020.0,200.8,2.0,10.040672039622473,-27.618672071480674,10.040672039622473,-27.618672071480674,2.7931547825904874,-0.038180568632702805,-0.001525798259656555
5021.0,200.84,2.0,9.890553447341583,-27.671162125449214,9.890553447341583,-27.671162125449214,2.797958911540379,-0.038180568632702805,-0.001525798259656555
5022.0,200.88,2.0,9.73963924097982,-27.7229971736027,9.73963924097982,-27.7229971736027,2.802769212617292,-0.038180568632702805,-0.001525798259656555
5023.0,200.92000000000002,2.0,9.588260344246994,-27.77419276494298,9.588260344246994,-27.77419276494298,2.8075851236887712,-0.038180568632702805,-0.001525798259656555
5024.0,200.96,2.0,9.43608097684989,-27.824741185980116,9.43608097684989,-27.824741185980116,2.812406094341019,-0.038180568632702805,-0.001525798259656555
5025.0,201.0,2.0,9.28351578769858,-27.87465960515875,9.28351578769858,-27.87465960515875,2.8172316211865787,-0.038180568632702805,-0.001525798259656555
5026.0,201.04,2.0,9.130077685304165,-27.923939259810197,9.130077685304165,-27.923939259810197,2.822061255025612,-0.038180568632702805,-0.001525798259656555
5027.0,201.08,2.0,8.976340542049298,-27.972609808342714,8.976340542049298,-27.972609808342714,2.826912725828493,-0.038180568632702805,-0.001525798259656555
5028.0,201.12,2.0,8.822330708463696,-28.020663354146492,8.822330708463696,-28.020663354146492,2.8317756271978123,-0.038180568632702805,-0.001525798259656555
5029.0,201.16,2.0,8.66804205824253,-28.06811053143668,8.66804205824253,-28.06811053143668,2.8366418765202956,-0.038180568632702805,-0.001525798259656555
5030.0,201.20000000000002,2.0,8.513469429837153,-28.114962500675166,8.513469429837153,-28.114962500675166,2.841528704215272,-0.038180568632702805,-0.001525798259656555
5031.0,201.24,2.0,8.358601871654336,-28.161229970995027,8.358601871654336,-28.161229970995027,2.8464275702636663,-0.038180568632702805,-0.001525798259656555
5032.0,201.28,2.0,8.203448801267207,-28.206915365197055,8.203448801267207,-28.206915365197055,2.851329167118298,-0.038180568632702805,-0.001525798259656555
5033.0,201.32,2.0,8.04800257787397,-28.25201476258999,8.04800257787397,-28.25201476258999,2.8562336217632214,-0.038180568632702805,-0.001525798259656555
5034.0,201.36,2.0,7.892258558862744,-28.296545971394348,7.892258558862744,-28.296545971394348,2.861141411907778,-0.038180568632702805,-0.001525798259656555
5035.0,201.4,2.0,7.7362211430776044,-28.34049287683686,7.7362211430776044,-28.34049287683686,2.8660522163048525,-0.038180568632702805,-0.001525798259656555
5036.0,201.44,2.0,7.579889686412313,-28.3838518664579,7.579889686412313,-28.3838518664579,2.8709665100798634,-0.038180568632702805,-0.001525798259656555
5037.0,201.48000000000002,2.0,7.4232917329988215,-28.426615766010354,7.4232917329988215,-28.426615766010354,2.8758853941404774,-0.038180568632702805,-0.001525798259656555
5038.0,201.52,2.0,7.266423158616517,-28.468782273899247,7.266423158616517,-28.468782273899247,2.8808291718410497,-0.038180568632702805,-0.001525798259656555
5039.0,201.56,2.0,7.109294485173199,-28.510346939594957,7.109294485173199,-28.510346939594957,2.885783853171098,-0.038180568632702805,-0.001525798259656555
5040.0,201.6,2.0,6.951912598880814,-28.551318268180076,6.951912598880814,-28.551318268180076,2.8907448550758192,-0.038180568632702805,-0.001525798259656555
5041.0,201.64000000000001,2.0,6.79427184738277,-28.59146270187314,6.79427184738277,-28.59146270187314,2.895710338829682,-0.038180568632702805,-0.001525798259656555
5042.0,201.68,2.0,6.636376880148666,-28.630784872929002,6.636376880148666,-28.630784872929002,2.900688444309082,-0.038180568632702805,-0.001525798259656555
5043.0,201.72,2.0,6.478220454361333,-28.669290625376405,6.478220454361333,-28.669290625376405,2.905687619500517,-0.038180568632702805,-0.001525798259656555
5044.0,201.76,2.0,6.319808688588088,-28.706972424673097,6.319808688588088,-28.706972424673097,2.9106922884649418,-0.038180568632702805,-0.001525798259656555
5045.0,201.8,2.0,6.161144482414485,-28.743834550987792,6.161144482414485,-28.743834550987792,2.9157021691593834,-0.038180568632702805,-0.001525798259656555
5046.0,201.84,2.0,6.002233475196939,-28.779872663744317,6.002233475196939,-28.779872663744317,2.9207172538798325,-0.038180568632702805,-0.001525798259656555
5047.0,201.88,2.0,5.843069005542093,-28.81507022140503,5.843069005542093,-28.81507022140503,2.925747559245507,-0.038180568632702805,-0.001525798259656555
5048.0,201.92000000000002,2.0,5.6836403222331775,-28.849426889929745,5.6836403222331775,-28.849426889929745,2.930792980945931,-0.038180568632702805,-0.001525798259656555
5049.0,201.96,2.0,5.5239505427801365,-28.882940684118235,5.5239505427801365,-28.882940684118235,2.9358534177629023,-0.038180568632702805,-0.001525798259656555
5050.0,202.0,2.0,5.363999356744665,-28.91561301088199,5.363999356744665,-28.91561301088199,2.9409287535246658,-0.038180568632702805,-0.001525798259656555
5051.0,202.04,2.0,5.203791538547487,-28.94744636016772,5.203791538547487,-28.94744636016772,2.9460252292595985,-0.038180568632702805,-0.001525798259656555
5052.0,202.08,2.0,5.043338329031288,-28.978440020436892,5.043338329031288,-28.978440020436892,2.9511448904510105,-0.038180568632702805,-0.001525798259656555
5053.0,202.12,2.0,4.882649520624571,-29.00859901615843,4.882649520624571,-29.00859901615843,2.9562792265981197,-0.038180568632702805,-0.001525798259656555
5054.0,202.16,2.0,4.721732258796074,-29.037911069652793,4.721732258796074,-29.037911069652793,2.9614229392770266,-0.038180568632702805,-0.001525798259656555
5055.0,202.20000000000002,2.0,4.560587997373155,-29.066391869972122,4.560587997373155,-29.066391869972122,2.9665761492479197,-0.038180568632702805,-0.001525798259656555
5056.0,202.24,2.0,4.399221496225217,-29.094046964154014,4.399221496225217,-29.094046964154014,2.9717389817014808,-0.038180568632702805,-0.001525798259656555
5057.0,202.28,2.0,4.23762764617494,-29.1208779505851,4.23762764617494,-29.1208779505851,2.9769100723782067,-0.038180568632702805,-0.001525798259656555
5058.0,202.32,2.0,4.0758385793746905,-29.146884545377077,4.0758385793746905,-29.146884545377077,2.9820973494006435,-0.038180568632702805,-0.001525798259656555
5059.0,202.36,2.0,3.913865396498211,-29.172070443255183,3.913865396498211,-29.172070443255183,2.9873060410939978,-0.038180568632702805,-0.001525798259656555
5060.0,202.4,2.0,3.7517044771944223,-29.1964363550583,3.7517044771944223,-29.1964363550583,2.992522632757067,-0.038180568632702805,-0.001525798259656555
5061.0,202.44,2.0,3.5893667965876044,-29.219970514389377,3.5893667965876044,-29.219970514389377,2.9977647378528443,-0.038180568632702805,-0.001525798259656555
5062.0,202.48000000000002,2.0,3.4268566689247035,-29.242661806498777,3.4268566689247035,-29.242661806498777,3.0030181640161153,-0.038180568632702805,-0.001525798259656555
5063.0,202.52,2.0,3.2641633596247925,-29.264511993860143,3.2641633596247925,-29.264511993860143,3.0082863331093836,-0.038180568632702805,-0.001525798259656555
5064.0,202.56,2.0,3.1012828219293658,-29.285527004255734,3.1012828219293658,-29.285527004255734,3.0135743317983774,-0.038180568632702805,-0.001525798259656555
5065.0,202.6,2.0,2.9382216275137916,-29.305697929307815,2.9382216275137916,-29.305697929307815,3.018884904729563,-0.038180568632702805,-0.001525798259656555
5066.0,202.64000000000001,2.0,2.774985842879435,-29.32502864816088,2.774985842879435,-29.32502864816088,3.0242234030885378,-0.038180568632702805,-0.001525798259656555
5067.0,202.68,2.0,2.61158486364443,-29.343518413691207,2.61158486364443,-29.343518413691207,3.0295896547181096,-0.038180568632702805,-0.001525798259656555
5068.0,202.72,2.0,2.4480276849201794,-29.36116633848058,2.4480276849201794,-29.36116633848058,3.034984164762848,-0.038180568632702805,-0.001525798259656555
5069.0,202.76,2.0,2.2843593144973284,-29.37795700661908,2.2843593144973284,-29.37795700661908,3.040405941803224,-0.038180568632702805,-0.001525798259656555
5070.0,202.8,2.0,2.1205898990919776,-29.393889430698813,2.1205898990919776,-29.393889430698813,3.0458571271379067,-0.038180568632702805,-0.001525798259656555
5071.0,202.84,2.0,1.956728318867932,-29.40895334174381,1.956728318867932,-29.40895334174381,3.0513375303897066,-0.038180568632702805,-0.001525798259656555
5072.0,202.88,2.0,1.7927800265071665,-29.42314049238376,1.7927800265071665,-29.42314049238376,3.0568470412249495,-0.038180568632702805,-0.001525798259656555
5073.0,202.92000000000002,2.0,1.628759117597277,-29.436444957014842,1.628759117597277,-29.436444957014842,3.0623856344655693,-0.038180568632702805,-0.001525798259656555
5074.0,202.96,2.0,1.4646665315575056,-29.448865803708447,1.4646665315575056,-29.448865803708447,3.0679459164705736,-0.038180568632702805,-0.001525798259656555
5075.0,203.0,2.0,1.3005131004715529,-29.460391413407287,1.3005131004715529,-29.460391413407287,3.073534981883009,-0.038180568632702805,-0.001525798259656555
5076.0,203.04,2.0,1.136309733308741,-29.47101372695894,1.136309733308741,-29.47101372695894,3.079152967284817,-0.038180568632702805,-0.001525798259656555
5077.0,203.08,2.0,0.9720627838191932,-29.480730208923045,0.9720627838191932,-29.480730208923045,3.0847894492160433,-0.038180568632702805,-0.001525798259656555
5078.0,203.12,2.0,0.8077605452324623,-29.48953756593644,0.8077605452324623,-29.48953756593644,3.0904436329861156,-0.038180568632702805,-0.001525798259656555
5079.0,203.16,2.0,0.6434034633232045,-29.497428715189994,0.6434034633232045,-29.497428715189994,3.096104640592506,-0.038180568632702805,-0.001525798259656555
5080.0,203.20000000000002,2.0,0.47901103389955557,-29.504404346777136,0.47901103389955557,-29.504404346777136,3.1017710463530768,-0.038180568632702805,-0.001525798259656555
5081.0,203.24,2.0,0.31458905039340823,-29.510462424412115,0.31458905039340823,-29.510462424412115,3.10744268440381,-0.038180568632702805,-0.001525798259656555
5082.0,203.28,2.0,0.15013521076230082,-29.51561013497964,0.15013521076230082,-29.51561013497964,3.113119427925445,-0.038180568632702805,-0.001525798259656555
5083.0,203.32,2.0,-0.01432365595616604,-29.51983218300254,-0.01432365595616604,-29.51983218300254,3.1187911247780224,-0.038180568632702805,-0.001525798259656555
5084.0,203.36,2.0,-0.17877895735714636,-29.523126995811364,-0.17877895735714636,-29.523126995811364,3.1244577609766577,-0.038180568632702805,-0.001525798259656555
5085.0,203.4,2.0,-0.343222091179358,-29.525493050687505,-0.343222091179358,-29.525493050687505,3.1301193225364647,-0.038180568632702805,-0.001525798259656555
5086.0,203.44,2.0,-0.507644445594916,-29.526928874924085,-0.507644445594916,-29.526928874924085,3.135775795472559,-0.038180568632702805,-0.001525798259656555
5087.0,203.48000000000002,2.0,-0.6720373994995374,-29.527433045885136,-0.6720373994995374,-29.527433045885136,3.141427165800056,-0.038180568632702805,-0.001525798259656555
5088.0,203.52,2.0,-0.8363923228031083,-29.527004191063053,-0.8363923228031083,-29.527004191063053,3.1470734195340704,-0.038180568632702805,-0.001525798259656555
5089.0,203.56,2.0,-1.0007360511790993,-29.52564843588846,-1.0007360511790993,-29.52564843588846,3.1527196881590114,-0.038180568632702805,-0.001525798259656555
5090.0,203.6,2.0,-1.1650686698254646,-29.5233643129011,-1.1650686698254646,-29.5233643129011,3.158365706033424,-0.038180568632702805,-0.001525798259656555
5091.0,203.64000000000001,2.0,-1.3293759123370075,-29.520150925431864,-1.3293759123370075,-29.520150925431864,3.1640108283892445,-0.038180568632702805,-0.001525798259656555
5092.0,203.68,2.0,-1.4936624869361068,-29.516009979424165,-1.4936624869361068,-29.516009979424165,3.169655950745066,-0.038180568632702805,-0.001525798259656555
5093.0,203.72,2.0,-1.6579231567325479,-29.510941605841936,-1.6579231567325479,-29.510941605841936,3.1753010731008864,-0.038180568632702805,-0.001525798259656555
5094.0,203.76,2.0,-1.8221526856562422,-29.50494596521922,-1.8221526856562422,-29.50494596521922,3.1809461954567073,-0.038180568632702805,-0.001525798259656555
5095.0,203.8,2.0,-1.9863458386242128,-29.49802324765512,-1.9863458386242128,-29.49802324765512,3.186591317812528,-0.038180568632702805,-0.001525798259656555
5096.0,203.84,2.0,-2.1504973817075492,-29.490173672807714,-2.1504973817075492,-29.490173672807714,3.192236440168348,-0.038180568632702805,-0.001525798259656555
5097.0,203.88,2.0,-2.3146020822983266,-29.48139748988713,-2.3146020822983266,-29.48139748988713,3.197881562524169,-0.038180568632702805,-0.001525798259656555
5098.0,203.92000000000002,2.0,-2.47865470927648,-29.4716949776476,-2.47865470927648,-29.4716949776476,3.2035266848799897,-0.038180568632702805,-0.001525798259656555
5099.0,203.96,2.0,-2.6426500331766363,-29.46106644437863,-2.6426500331766363,-29.46106644437863,3.2091718072358106,-0.038180568632702805,-0.001525798259656555
5100.0,204.0,2.0,-2.806582826354886,-29.449512227895156,-2.806582826354886,-29.449512227895156,3.2148169295916316,-0.038180568632702805,-0.001525798259656555
5101.0,204.04,2.0,-2.9704478631555054,-29.437032695526867,-2.9704478631555054,-29.437032695526867,3.220462051947452,-0.038180568632702805,-0.001525798259656555
5102.0,204.08,2.0,-3.1342399200776105,-29.423628244106446,-3.1342399200776105,-29.423628244106446,3.2261071743032725,-0.038180568632702805,-0.001525798259656555
5103.0,204.12,2.0,-3.2979537759417434,-29.409299299957013,-3.2979537759417434,-29.409299299957013,3.231752296659093,-0.038180568632702805,-0.001525798259656555
5104.0,204.16,2.0,-3.4615842120563847,-29.39404631887851,-3.4615842120563847,-29.39404631887851,3.237397419014914,-0.038180568632702805,-0.001525798259656555
5105.0,204.20000000000002,2.0,-3.625126012384388,-29.377869786133225,-3.625126012384388,-29.377869786133225,3.2430425413707344,-0.038180568632702805,-0.001525798259656555
5106.0,204.24,2.0,-3.788573963709326,-29.360770216430343,-3.788573963709326,-29.360770216430343,3.248687663726555,-0.038180568632702805,-0.001525798259656555
5107.0,204.28,2.0,-3.9519228558017554,-29.342748153909536,-3.9519228558017554,-29.342748153909536,3.2543327860823763,-0.038180568632702805,-0.001525798259656555
5108.0,204.32,2.0,-4.115167481585374,-29.323804172123673,-4.115167481585374,-29.323804172123673,3.2599779084381972,-0.038180568632702805,-0.001525798259656555
5109.0,204.36,2.0,-4.278302637303089,-29.30393887402055,-4.278302637303089,-29.30393887402055,3.2656230307940177,-0.038180568632702805,-0.001525798259656555
5110.0,204.4,2.0,-4.441323122682974,-29.283152891923667,-4.441323122682974,-29.283152891923667,3.271268153149838,-0.038180568632702805,-0.001525798259656555
5111.0,204.44,2.0,-4.604223741104116,-29.261446887512115,-4.604223741104116,-29.261446887512115,3.276913275505659,-0.038180568632702805,-0.001525798259656555
5112.0,204.48000000000002,2.0,-4.766999299762343,-29.2388215517995,-4.766999299762343,-29.2388215517995,3.2825583978614796,-0.038180568632702805,-0.001525798259656555
5113.0,204.52,2.0,-4.929644609835839,-29.21527760511193,-4.929644609835839,-29.21527760511193,3.2882035202173006,-0.038180568632702805,-0.001525798259656555
5114.0,204.56,2.0,-5.092154486650621,-29.190815797065074,-5.092154486650621,-29.190815797065074,3.293848642573121,-0.038180568632702805,-0.001525798259656555
5115.0,204.6,2.0,-5.254523749845892,-29.165436906540275,-5.254523749845892,-29.165436906540275,3.2994937649289415,-0.038180568632702805,-0.001525798259656555
5116.0,204.64000000000001,2.0,-5.41674722353925,-29.139141741659746,-5.41674722353925,-29.139141741659746,3.3051388872847625,-0.038180568632702805,-0.001525798259656555
5117.0,204.68,2.0,-5.578819736491761,-29.111931139760834,-5.578819736491761,-29.111931139760834,3.3107840096405834,-0.038180568632702805,-0.001525798259656555
5118.0,204.72,2.0,-5.740736122272884,-29.083805967369322,-5.740736122272884,-29.083805967369322,3.316429131996404,-0.038180568632702805,-0.001525798259656555
5119.0,204.76,2.0,-5.902491219425229,-29.054767120171846,-5.902491219425229,-29.054767120171846,3.3220742543522244,-0.038180568632702805,-0.001525798259656555
5120.0,204.8,2.0,-6.064079871629181,-29.02481552298732,-6.064079871629181,-29.02481552298732,3.327719376708045,-0.038180568632702805,-0.001525798259656555
5121.0,204.84,2.0,-6.225496927867334,-28.99395212973753,-6.225496927867334,-28.99395212973753,3.3333644990638662,-0.038180568632702805,-0.001525798259656555
5122.0,204.88,2.0,-6.386737242588778,-28.962177923416675,-6.386737242588778,-28.962177923416675,3.3390096214196863,-0.038180568632702805,-0.001525798259656555
5123.0,204.92000000000002,2.0,-6.547795675873194,-28.929493916060085,-6.547795675873194,-28.929493916060085,3.3446547437755076,-0.038180568632702805,-0.001525798259656555
5124.0,204.96,2.0,-6.708667093594788,-28.89590114871195,-6.708667093594788,-28.89590114871195,3.350299866131328,-0.038180568632702805,-0.001525798259656555
5125.0,205.0,2.0,-6.86934636758602,-28.86140069139215,-6.86934636758602,-28.86140069139215,3.355944988487149,-0.038180568632702805,-0.001525798259656555
5126.0,205.04,2.0,-7.029828375801156,-28.825993643062176,-7.029828375801156,-28.825993643062176,3.3615901108429695,-0.038180568632702805,-0.001525798259656555
5127.0,205.08,2.0,-7.190108002479628,-28.78968113159007,-7.190108002479628,-28.78968113159007,3.36723523319879,-0.038180568632702805,-0.001525798259656555
5128.0,205.12,2.0,-7.35018013830918,-28.75246431371453,-7.35018013830918,-28.75246431371453,3.372880355554611,-0.038180568632702805,-0.001525798259656555
5129.0,205.16,2.0,-7.51003968058882,-28.714344375007986,-7.51003968058882,-28.714344375007986,3.3785254779104323,-0.038180568632702805,-0.001525798259656555
5130.0,205.20000000000002,2.0,-7.669681533391555,-28.675322529838866,-7.669681533391555,-28.675322529838866,3.384170600266253,-0.038180568632702805,-0.001525798259656555
5131.0,205.24,2.0,-7.829100607726917,-28.63540002133286,-7.829100607726917,-28.63540002133286,3.3898157226220733,-0.038180568632702805,-0.001525798259656555
5132.0,205.28,2.0,-7.988291821703261,-28.594578121333328,-7.988291821703261,-28.594578121333328,3.3954608449778942,-0.038180568632702805,-0.001525798259656555
5133.0,205.32,2.0,-8.147250100689835,-28.55285813036073,-8.147250100689835,-28.55285813036073,3.4011059673337147,-0.038180568632702805,-0.001525798259656555
5134.0,205.36,2.0,-8.305970377478625,-28.51024137757119,-8.305970377478625,-28.51024137757119,3.406751089689535,-0.038180568632702805,-0.001525798259656555
5135.0,205.4,2.0,-8.464447592445966,-28.466729220714143,-8.464447592445966,-28.466729220714143,3.412396212045356,-0.038180568632702805,-0.001525798259656555
5136.0,205.44,2.0,-8.6226766937139,-28.4225444351125,-8.6226766937139,-28.4225444351125,3.4180413344011766,-0.038180568632702805,-0.001525798259656555
5137.0,205.48000000000002,2.0,-8.780652637311299,-28.377701716702997,-8.780652637311299,-28.377701716702997,3.423686456756998,-0.038180568632702805,-0.001525798259656555
5138.0,205.52,2.0,-8.938370387334716,-28.332197579236713,-8.938370387334716,-28.332197579236713,3.429331579112818,-0.038180568632702805,-0.001525798259656555
5139.0,205.56,2.0,-9.095824916109015,-28.286028557548626,-9.095824916109015,-28.286028557548626,3.4349767014686385,-0.038180568632702805,-0.001525798259656555
5140.0,205.6,2.0,-9.253011204347693,-28.23919120766813,-9.253011204347693,-28.23919120766813,3.4406218238244595,-0.038180568632702805,-0.001525798259656555
5141.0,205.64000000000001,2.0,-9.40992424131298,-28.191682106928837,-9.40992424131298,-28.191682106928837,3.44626694618028,-0.038180568632702805,-0.001525798259656555
5142.0,205.68,2.0,-9.566559024975625,-28.1434978540777,-9.566559024975625,-28.1434978540777,3.4519120685361013,-0.038180568632702805,-0.001525798259656555
5143.0,205.72,2.0,-9.722910562174441,-28.094635069383454,-9.722910562174441,-28.094635069383454,3.4575571908919214,-0.038180568632702805,-0.001525798259656555
5144.0,205.76,2.0,-9.878973868775532,-28.045090394744413,-9.878973868775532,-28.045090394744413,3.4632023132477427,-0.038180568632702805,-0.001525798259656555
5145.0,205.8,2.0,-10.034743969831267,-27.99486049379551,-10.034743969831267,-27.99486049379551,3.468847435603563,-0.038180568632702805,-0.001525798259656555
5146.0,205.84,2.0,-10.190215899738934,-27.943942052014666,-10.190215899738934,-27.943942052014666,3.4744925579593833,-0.038180568632702805,-0.001525798259656555
5147.0,205.88,2.0,-10.34538470239911,-27.892331776828524,-10.34538470239911,-27.892331776828524,3.4801376803152047,-0.038180568632702805,-0.001525798259656555
5148.0,205.92000000000002,2.0,-10.500245431373726,-27.840026397717377,-10.500245431373726,-27.840026397717377,3.485782802671025,-0.038180568632702805,-0.001525798259656555
5149.0,205.96,2.0,-10.654793150043817,-27.787022666319476,-10.654793150043817,-27.787022666319476,3.491427925026846,-0.038180568632702805,-0.001525798259656555
5150.0,206.0,2.0,-10.809022931766963,-27.733317356534588,-10.809022931766963,-27.733317356534588,3.4970730473826666,-0.038180568632702805,-0.001525798259656555
5151.0,206.04,2.0,-10.962929860034425,-27.67890726462688,-10.962929860034425,-27.67890726462688,3.5027181697384875,-0.038180568632702805,-0.001525798259656555
5152.0,206.08,2.0,-11.116509028627927,-27.62378920932704,-11.116509028627927,-27.62378920932704,3.508363292094308,-0.038180568632702805,-0.001525798259656555
5153.0,206.12,2.0,-11.269755541776151,-27.567960031933737,-11.269755541776151,-27.567960031933737,3.5140084144501285,-0.038180568632702805,-0.001525798259656555
5154.0,206.16,2.0,-11.42266451431086,-27.511416596414307,-11.42266451431086,-27.511416596414307,3.5196535368059494,-0.038180568632702805,-0.001525798259656555
5155.0,206.20000000000002,2.0,-11.575231071822698,-27.45415578950476,-11.575231071822698,-27.45415578950476,3.52529865916177,-0.038180568632702805,-0.001525798259656555
5156.0,206.24,2.0,-11.727450350816659,-27.396174520809048,-11.727450350816659,-27.396174520809048,3.5309437815175904,-0.038180568632702805,-0.001525798259656555
5157.0,206.28,2.0,-11.879317498867197,-27.337469722897577,-11.879317498867197,-27.337469722897577,3.5365889038734113,-0.038180568632702805,-0.001525798259656555
5158.0,206.32,2.0,-12.030827674772972,-27.278038351405037,-12.030827674772972,-27.278038351405037,3.5422340262292327,-0.038180568632702805,-0.001525798259656555
5159.0,206.36,2.0,-12.181976048711258,-27.21787738512745,-12.181976048711258,-27.21787738512745,3.547879148585053,-0.038180568632702805,-0.001525798259656555
5160.0,206.4,2.0,-12.332757802391974,-27.156983826118505,-12.332757802391974,-27.156983826118505,3.553524270940873,-0.038180568632702805,-0.001525798259656555
5161.0,206.44,2.0,-12.48316812921137,-27.095354699785137,-12.48316812921137,-27.095354699785137,3.5591693932966937,-0.038180568632702805,-0.001525798259656555
5162.0,206.48000000000002,2.0,-12.63320223440529,-27.032987054982378,-12.63320223440529,-27.032987054982378,3.564814515652515,-0.038180568632702805,-0.001525798259656555
5163.0,206.52,2.0,-12.782855335202125,-26.969877964107443,-12.782855335202125,-26.969877964107443,3.570459638008336,-0.038180568632702805,-0.001525798259656555
5164.0,206.56,2.0,-12.932122660975317,-26.906024523193082,-12.932122660975317,-26.906024523193082,3.5761047603641565,-0.038180568632702805,-0.001525798259656555
5165.0,206.6,2.0,-13.080999453395544,-26.841423852000144,-13.080999453395544,-26.841423852000144,3.581749882719977,-0.038180568632702805,-0.001525798259656555
5166.0,206.64000000000001,2.0,-13.22948096658244,-26.776073094109442,-13.22948096658244,-26.776073094109442,3.587395005075798,-0.038180568632702805,-0.001525798259656555
5167.0,206.68,2.0,-13.377562467255979,-26.709969417012825,-13.377562467255979,-26.709969417012825,3.5930401274316184,-0.038180568632702805,-0.001525798259656555
5168.0,206.72,2.0,-13.525239234887424,-26.64311001220343,-13.525239234887424,-26.64311001220343,3.5986852497874393,-0.038180568632702805,-0.001525798259656555
5169.0,206.76,2.0,-13.672506561849872,-26.57549209526531,-13.672506561849872,-26.57549209526531,3.60433037214326,-0.038180568632702805,-0.001525798259656555
5170.0,206.8,2.0,-13.81935975356841,-26.50711290596216,-13.81935975356841,-26.50711290596216,3.6099754944990803,-0.038180568632702805,-0.001525798259656555
5171.0,206.84,2.0,-13.965794128669815,-26.437969708325323,-13.965794128669815,-26.437969708325323,3.615620616854901,-0.038180568632702805,-0.001525798259656555
5172.0,206.88,2.0,-14.111805019131882,-26.368059790741025,-14.111805019131882,-26.368059790741025,3.6212657392107217,-0.038180568632702805,-0.001525798259656555
5173.0,206.92000000000002,2.0,-14.257387770432278,-26.297380466036856,-14.257387770432278,-26.297380466036856,3.626910861566542,-0.038180568632702805,-0.001525798259656555
5174.0,206.96,2.0,-14.402537741697001,-26.225929071567403,-14.402537741697001,-26.225929071567403,3.632555983922363,-0.038180568632702805,-0.001525798259656555
5175.0,207.0,2.0,-14.547250305848388,-26.153702969299168,-14.547250305848388,-26.153702969299168,3.6382011062781836,-0.038180568632702805,-0.001525798259656555
5176.0,207.04,2.0,-14.691520849752681,-26.080699545894664,-14.691520849752681,-26.080699545894664,3.6438462286340045,-0.038180568632702805,-0.001525798259656555
5177.0,207.08,2.0,-14.835344774367154,-26.006916212795748,-14.835344774367154,-26.006916212795748,3.649491350989825,-0.038180568632702805,-0.001525798259656555
5178.0,207.12,2.0,-14.978717494886798,-25.932350406306153,-14.978717494886798,-25.932350406306153,3.6551364733456464,-0.038180568632702805,-0.001525798259656555
5179.0,207.16,2.0,-15.121634440890531,-25.856999587673183,-15.121634440890531,-25.856999587673183,3.6607815957014664,-0.038180568632702805,-0.001525798259656555
5180.0,207.20000000000002,2.0,-15.264091056486967,-25.780861243168708,-15.264091056486967,-25.780861243168708,3.666426718057287,-0.038180568632702805,-0.001525798259656555
5181.0,207.24,2.0,-15.406082800459716,-25.703932884169287,-15.406082800459716,-25.703932884169287,3.672071840413108,-0.038180568632702805,-0.001525798259656555
5182.0,207.28,2.0,-15.54760514641222,-25.6262120472355,-15.54760514641222,-25.6262120472355,3.6777169627689283,-0.038180568632702805,-0.001525798259656555
5183.0,207.32,2.0,-15.688653582912103,-25.547696294190498,-15.688653582912103,-25.547696294190498,3.683362085124749,-0.038180568632702805,-0.001525798259656555
5184.0,207.36,2.0,-15.829223613635062,-25.468383212197725,-15.829223613635062,-25.468383212197725,3.6890072074805698,-0.038180568632702805,-0.001525798259656555
5185.0,207.4,2.0,-15.969310757508262,-25.388270413837866,-15.969310757508262,-25.388270413837866,3.6946523298363902,-0.038180568632702805,-0.001525798259656555
5186.0,207.44,2.0,-16.10891054885325,-25.307355537184943,-16.10891054885325,-25.307355537184943,3.700297452192211,-0.038180568632702805,-0.001525798259656555
5187.0,207.48000000000002,2.0,-16.248018537528385,-25.225636245881613,-16.248018537528385,-25.225636245881613,3.705942574548032,-0.038180568632702805,-0.001525798259656555
5188.0,207.52,2.0,-16.38663028907075,-25.143110229213676,-16.38663028907075,-25.143110229213676,3.711587696903852,-0.038180568632702805,-0.001525798259656555
5189.0,207.56,2.0,-16.524741384837604,-25.05977520218373,-16.524741384837604,-25.05977520218373,3.717232819259673,-0.038180568632702805,-0.001525798259656555
5190.0,207.6,2.0,-16.662347422147267,-24.975628905584,-16.662347422147267,-24.975628905584,3.7228779416154936,-0.038180568632702805,-0.001525798259656555
5191.0,207.64000000000001,2.0,-16.799444014419578,-24.8906691060684,-16.799444014419578,-24.8906691060684,3.7285230639713145,-0.038180568632702805,-0.001525798259656555
5192.0,207.68,2.0,-16.936026791315758,-24.804893596223714,-16.936026791315758,-24.804893596223714,3.734168186327135,-0.038180568632702805,-0.001525798259656555
5193.0,207.72,2.0,-17.072091398877806,-24.718300194639976,-17.072091398877806,-24.718300194639976,3.7398133086829555,-0.038180568632702805,-0.001525798259656555
5194.0,207.76,2.0,-17.207633499667377,-24.63088674598,-17.207633499667377,-24.63088674598,3.7454584310387764,-0.038180568632702805,-0.001525798259656555
5195.0,207.8,2.0,-17.34264877290407,-24.542651121048113,-17.34264877290407,-24.542651121048113,3.751103553394597,-0.038180568632702805,-0.001525798259656555
5196.0,207.84,2.0,-17.47713291460328,-24.453591216858026,-17.47713291460328,-24.453591216858026,3.756748675750418,-0.038180568632702805,-0.001525798259656555
5197.0,207.88,2.0,-17.611081637713426,-24.363704956699863,-17.611081637713426,-24.363704956699863,3.7623937981062383,-0.038180568632702805,-0.001525798259656555
5198.0,207.92000000000002,2.0,-17.744490672252685,-24.272990290206398,-17.744490672252685,-24.272990290206398,3.768038920462059,-0.038180568632702805,-0.001525798259656555
5199.0,207.96,2.0,-17.87735576544519,-24.181445193418387,-17.87735576544519,-24.181445193418387,3.7736840428178797,-0.038180568632702805,-0.001525798259656555
5200.0,208.0,2.0,-18.009672681856646,-24.089067668849122,-18.009672681856646,-24.089067668849122,3.7793291651736998,-0.038180568632702805,-0.001525798259656555
5201.0,208.04,2.0,-18.141437203529406,-23.995855745548077,-18.141437203529406,-23.995855745548077,3.7849742875295207,-0.038180568632702805,-0.001525798259656555
5202.0,208.08,2.0,-18.272645130117013,-23.901807479163764,-18.272645130117013,-23.901807479163764,3.7906194098853416,-0.038180568632702805,-0.001525798259656555
5203.0,208.12,2.0,-18.403292279018128,-23.806920952005704,-18.403292279018128,-23.806920952005704,3.7962645322411617,-0.038180568632702805,-0.001525798259656555
5204.0,208.16,2.0,-18.53337448550996,-23.711194273105587,-18.53337448550996,-23.711194273105587,3.801909654596983,-0.038180568632702805,-0.001525798259656555
5205.0,208.20000000000002,2.0,-18.66288760288105,-23.6146255782775,-18.66288760288105,-23.6146255782775,3.8075547769528035,-0.038180568632702805,-0.001525798259656555
5206.0,208.24,2.0,-18.791827502563564,-23.517213030177412,-18.791827502563564,-23.517213030177412,3.8131998993086236,-0.038180568632702805,-0.001525798259656555
5207.0,208.28,2.0,-18.920190074264923,-23.418954818361716,-18.920190074264923,-23.418954818361716,3.8188450216644445,-0.038180568632702805,-0.001525798259656555
5208.0,208.32,2.0,-19.04797122609893,-23.319849159344937,-19.04797122609893,-23.319849159344937,3.8244901440202654,-0.038180568632702805,-0.001525798259656555
5209.0,208.36,2.0,-19.175166884716223,-23.219894296656598,-19.175166884716223,-23.219894296656598,3.8301352663760855,-0.038180568632702805,-0.001525798259656555
5210.0,208.4,2.0,-19.301772995434224,-23.11908850089722,-19.301772995434224,-23.11908850089722,3.835780388731907,-0.038180568632702805,-0.001525798259656555
5211.0,208.44,2.0,-19.427785522366435,-23.017430069793434,-19.427785522366435,-23.017430069793434,3.841425511087727,-0.038180568632702805,-0.001525798259656555
5212.0,208.48000000000002,2.0,-19.55320044855116,-22.914917328252233,-19.55320044855116,-22.914917328252233,3.8470706334435483,-0.038180568632702805,-0.001525798259656555
5213.0,208.52,2.0,-19.678013776079602,-22.81154862841441,-19.678013776079602,-22.81154862841441,3.8527157557993683,-0.038180568632702805,-0.001525798259656555
5214.0,208.56,2.0,-19.802221526223384,-22.707322349707045,-19.802221526223384,-22.707322349707045,3.858360878155189,-0.038180568632702805,-0.001525798259656555
5215.0,208.6,2.0,-19.92581973956142,-22.60223689889519,-19.92581973956142,-22.60223689889519,3.8640060005110097,-0.038180568632702805,-0.001525798259656555
5216.0,208.64000000000001,2.0,-20.048804476106213,-22.496290710132637,-20.048804476106213,-22.496290710132637,3.86965112286683,-0.038180568632702805,-0.001525798259656555
5217.0,208.68,2.0,-20.17117181542948,-22.389482245011827,-20.17117181542948,-22.389482245011827,3.8752962452226507,-0.038180568632702805,-0.001525798259656555
5218.0,208.72,2.0,-20.292917856787223,-22.28180999261293,-20.292917856787223,-22.28180999261293,3.8809413675784716,-0.038180568632702805,-0.001525798259656555
5219.0,208.76,2.0,-20.414038719244093,-22.173272469551932,-20.414038719244093,-22.173272469551932,3.886586489934292,-0.038180568632702805,-0.001525798259656555
5220.0,208.8,2.0,-20.53453054179719,-22.063868220027985,-20.53453054179719,-22.063868220027985,3.892231612290113,-0.038180568632702805,-0.001525798259656555
5221.0,208.84,2.0,-20.65438948349917,-21.95359581586977,-20.65438948349917,-21.95359581586977,3.8978767346459335,-0.038180568632702805,-0.001525798259656555
5222.0,208.88,2.0,-20.773611723580782,-21.842453856581052,-20.773611723580782,-21.842453856581052,3.903521857001754,-0.038180568632702805,-0.001525798259656555
5223.0,208.92000000000002,2.0,-20.892082909195405,-21.730440969385267,-20.892082909195405,-21.730440969385267,3.909166979357575,-0.038180568632702805,-0.001525798259656555
5224.0,208.96,2.0,-21.00967399123162,-21.61755580926933,-21.00967399123162,-21.61755580926933,3.914812101713395,-0.038180568632702805,-0.001525798259656555
5225.0,209.0,2.0,-21.126386138539413,-21.50379705902647,-21.126386138539413,-21.50379705902647,3.9204572240692155,-0.038180568632702805,-0.001525798259656555
5226.0,209.04,2.0,-21.242220547987706,-21.389163429298247,-21.242220547987706,-21.389163429298247,3.9261023464250364,-0.038180568632702805,-0.001525798259656555
5227.0,209.08,2.0,-21.357178444426186,-21.27365365861559,-21.357178444426186,-21.27365365861559,3.931747468780857,-0.038180568632702805,-0.001525798259656555
5228.0,209.12,2.0,-21.471261080646286,-21.157266513439065,-21.471261080646286,-21.157266513439065,3.9373925911366783,-0.038180568632702805,-0.001525798259656555
5229.0,209.16,2.0,-21.584469737341255,-21.040000788198135,-21.584469737341255,-21.040000788198135,3.9430377134924983,-0.038180568632702805,-0.001525798259656555
5230.0,209.20000000000002,2.0,-21.696805723065363,-20.921855305329636,-21.696805723065363,-20.921855305329636,3.948682835848319,-0.038180568632702805,-0.001525798259656555
5231.0,209.24,2.0,-21.808270374192187,-20.80282891531525,-21.808270374192187,-20.80282891531525,3.9543279582041397,-0.038180568632702805,-0.001525798259656555
5232.0,209.28,2.0,-21.918865054872022,-20.683164642931636,-21.918865054872022,-20.683164642931636,3.9599730805599602,-0.038180568632702805,-0.001525798259656555
5233.0,209.32,2.0,-22.028591156988412,-20.562866302598515,-22.028591156988412,-20.562866302598515,3.9656182029157807,-0.038180568632702805,-0.001525798259656555
5234.0,209.36,2.0,-22.13745010011381,-20.441937728952386,-22.13745010011381,-20.441937728952386,3.9712633252716016,-0.038180568632702805,-0.001525798259656555
5235.0,209.4,2.0,-22.245443331464287,-20.320382776724262,-22.245443331464287,-20.320382776724262,3.976908447627422,-0.038180568632702805,-0.001525798259656555
5236.0,209.44,2.0,-22.352572325853483,-20.198205320616704,-22.352572325853483,-20.198205320616704,3.982553569983243,-0.038180568632702805,-0.001525798259656555
5237.0,209.48000000000002,2.0,-22.45883858564552,-20.07540925518029,-22.45883858564552,-20.07540925518029,3.988198692339063,-0.038180568632702805,-0.001525798259656555
5238.0,209.52,2.0,-22.564243640707197,-19.951998494689374,-22.564243640707197,-19.951998494689374,3.9938438146948836,-0.038180568632702805,-0.001525798259656555
5239.0,209.56,2.0,-22.66878904835918,-19.827976973017293,-22.66878904835918,-19.827976973017293,3.999488937050705,-0.038180568632702805,-0.001525798259656555
5240.0,209.6,2.0,-22.77247639332639,-19.703348643510886,-22.77247639332639,-19.703348643510886,4.005134059406525,-0.038180568632702805,-0.001525798259656555
5241.0,209.64000000000001,2.0,-22.875307287687498,-19.57811747886443,-22.875307287687498,-19.57811747886443,4.010779181762346,-0.038180568632702805,-0.001525798259656555
5242.0,209.68,2.0,-22.977283370823525,-19.452287470992935,-22.977283370823525,-19.452287470992935,4.016424304118166,-0.038180568632702805,-0.001525798259656555
5243.0,209.72,2.0,-23.07840630936561,-19.325862630904847,-23.07840630936561,-19.325862630904847,4.022069426473987,-0.038180568632702805,-0.001525798259656555
5244.0,209.76,2.0,-23.178677797141884,-19.198846988574132,-23.178677797141884,-19.198846988574132,4.027714548829808,-0.038180568632702805,-0.001525798259656555
5245.0,209.8,2.0,-23.278099555123458,-19.071244592811738,-23.278099555123458,-19.071244592811738,4.033359671185628,-0.038180568632702805,-0.001525798259656555
5246.0,209.84,2.0,-23.376673331369627,-18.943059511136497,-23.376673331369627,-18.943059511136497,4.039004793541449,-0.038180568632702805,-0.001525798259656555
5247.0,209.88,2.0,-23.474400900972082,-18.814295829645392,-23.474400900972082,-18.814295829645392,4.044649915897269,-0.038180568632702805,-0.001525798259656555
5248.0,209.92000000000002,2.0,-23.571284065998395,-18.68495765288325,-23.571284065998395,-18.68495765288325,4.05029503825309,-0.038180568632702805,-0.001525798259656555
5249.0,209.96,2.0,-23.667324655434527,-18.555049103711823,-23.667324655434527,-18.555049103711823,4.05594016060891,-0.038180568632702805,-0.001525798259656555
5250.0,210.0,2.0,-23.762524525126555,-18.424574323178348,-23.762524525126555,-18.424574323178348,4.061585282964731,-0.038180568632702805,-0.001525798259656555
5251.0,210.04,2.0,-23.856885557721526,-18.293537470383434,-23.856885557721526,-18.293537470383434,4.067230405320552,-0.038180568632702805,-0.001525798259656555
5252.0,210.08,2.0,-23.950409662607417,-18.161942722348456,-23.950409662607417,-18.161942722348456,4.072875527676372,-0.038180568632702805,-0.001525798259656555
5253.0,210.12,2.0,-24.043098775852304,-18.029794273882324,-24.043098775852304,-18.029794273882324,4.078520650032193,-0.038180568632702805,-0.001525798259656555
5254.0,210.16,2.0,-24.134954860142617,-17.89709633744771,-24.134954860142617,-17.89709633744771,4.084165772388013,-0.038180568632702805,-0.001525798259656555
5255.0,210.20000000000002,2.0,-24.225979904720614,-17.76385314302671,-24.225979904720614,-17.76385314302671,4.089810894743834,-0.038180568632702805,-0.001525798259656555
5256.0,210.24,2.0,-24.316175925320934,-17.630068937985936,-24.316175925320934,-17.630068937985936,4.095456017099655,-0.038180568632702805,-0.001525798259656555
5257.0,210.28,2.0,-24.405544964106358,-17.495747986941065,-24.405544964106358,-17.495747986941065,4.101101139455475,-0.038180568632702805,-0.001525798259656555
5258.0,210.32,2.0,-24.49408908960273,-17.360894571620825,-24.49408908960273,-17.360894571620825,4.1067462618112955,-0.038180568632702805,-0.001525798259656555
5259.0,210.36,2.0,-24.581810396632985,-17.225512990730458,-24.581810396632985,-17.225512990730458,4.1123913841671165,-0.038180568632702805,-0.001525798259656555
5260.0,210.4,2.0,-24.668711006250394,-17.08960755981461,-24.668711006250394,-17.08960755981461,4.1180365065229365,-0.038180568632702805,-0.001525798259656555
5261.0,210.44,2.0,-24.754793065670942,-16.95318261111971,-24.754793065670942,-16.95318261111971,4.123681628878757,-0.038180568632702805,-0.001525798259656555
5262.0,210.48000000000002,2.0,-24.840058748204896,-16.816242493455814,-24.840058748204896,-16.816242493455814,4.1293267512345775,-0.038180568632702805,-0.001525798259656555
5263.0,210.52,2.0,-24.924510253187492,-16.678791572057893,-24.924510253187492,-16.678791572057893,4.134971873590398,-0.038180568632702805,-0.001525798259656555
5264.0,210.56,2.0,-25.008149805908843,-16.54083422844664,-25.008149805908843,-16.54083422844664,4.1406169959462185,-0.038180568632702805,-0.001525798259656555
5265.0,210.6,2.0,-25.090979657543024,-16.402374860288717,-25.090979657543024,-16.402374860288717,4.146262118302039,-0.038180568632702805,-0.001525798259656555
5266.0,210.64000000000001,2.0,-25.173002085076266,-16.26341788125651,-25.173002085076266,-16.26341788125651,4.151907240657859,-0.038180568632702805,-0.001525798259656555
5267.0,210.68,2.0,-25.2542193912344,-16.123967720887375,-25.2542193912344,-16.123967720887375,4.157552363013681,-0.038180568632702805,-0.001525798259656555
5268.0,210.72,2.0,-25.334633904409436,-15.984028824442376,-25.334633904409436,-15.984028824442376,4.163197485369501,-0.038180568632702805,-0.001525798259656555
5269.0,210.76,2.0,-25.41424797858533,-15.843605652764493,-25.41424797858533,-15.843605652764493,4.168842607725322,-0.038180568632702805,-0.001525798259656555
5270.0,210.8,2.0,-25.49306399326296,-15.702702682136383,-25.49306399326296,-15.702702682136383,4.174487730081142,-0.038180568632702805,-0.001525798259656555
5271.0,210.84,2.0,-25.57108435338426,-15.561324404137606,-25.57108435338426,-15.561324404137606,4.180132852436963,-0.038180568632702805,-0.001525798259656555
5272.0,210.88,2.0,-25.648311489255555,-15.41947532550139,-25.648311489255555,-15.41947532550139,4.185777974792783,-0.038180568632702805,-0.001525798259656555
5273.0,210.92000000000002,2.0,-25.724747856470064,-15.277159967970896,-25.724747856470064,-15.277159967970896,4.191423097148604,-0.038180568632702805,-0.001525798259656555
5274.0,210.96,2.0,-25.800395935829656,-15.134382868155008,-25.800395935829656,-15.134382868155008,4.197068219504424,-0.038180568632702805,-0.001525798259656555
5275.0,211.0,2.0,-25.875258233265733,-14.99114857738366,-25.875258233265733,-14.99114857738366,4.202713341860245,-0.038180568632702805,-0.001525798259656555
5276.0,211.04,2.0,-25.94933727975933,-14.847461661562678,-25.94933727975933,-14.847461661562678,4.208358464216066,-0.038180568632702805,-0.001525798259656555
5277.0,211.08,2.0,-26.02263563126048,-14.703326701028166,-26.02263563126048,-14.703326701028166,4.214003586571886,-0.038180568632702805,-0.001525798259656555
5278.0,211.12,2.0,-26.095155868606668,-14.558748290400432,-26.095155868606668,-14.558748290400432,4.219648708927706,-0.038180568632702805,-0.001525798259656555
5279.0,211.16,2.0,-26.166900597440605,-14.413731038437446,-26.166900597440605,-14.413731038437446,4.225293831283528,-0.038180568632702805,-0.001525798259656555
5280.0,211.20000000000002,2.0,-26.237872448127117,-14.268279567887866,-26.237872448127117,-14.268279567887866,4.230938953639348,-0.038180568632702805,-0.001525798259656555
5281.0,211.24,2.0,-26.3080740756693,-14.122398515343614,-26.3080740756693,-14.122398515343614,4.236584075995168,-0.038180568632702805,-0.001525798259656555
5282.0,211.28,2.0,-26.377508159623915,-13.976092531091991,-26.377508159623915,-13.976092531091991,4.242229198350989,-0.038180568632702805,-0.001525798259656555
5283.0,211.32,2.0,-26.446177404015895,-13.829366278967376,-26.446177404015895,-13.829366278967376,4.24787432070681,-0.038180568632702805,-0.001525798259656555
5284.0,211.36,2.0,-26.514084537252202,-13.682224436202487,-26.514084537252202,-13.682224436202487,4.25351944306263,-0.038180568632702805,-0.001525798259656555
5285.0,211.4,2.0,-26.58123231203478,-13.53467169327922,-26.58123231203478,-13.53467169327922,4.259164565418451,-0.038180568632702805,-0.001525798259656555
5286.0,211.44,2.0,-26.64762350527287,-13.386712753779046,-26.64762350527287,-13.386712753779046,4.264809687774271,-0.038180568632702805,-0.001525798259656555
5287.0,211.48000000000002,2.0,-26.713260917994404,-13.238352334233008,-26.713260917994404,-13.238352334233008,4.270454810130092,-0.038180568632702805,-0.001525798259656555
5288.0,211.52,2.0,-26.778147375256758,-13.089595163971309,-26.778147375256758,-13.089595163971309,4.276099932485912,-0.038180568632702805,-0.001525798259656555
5289.0,211.56,2.0,-26.84228572605666,-12.940445984972476,-26.84228572605666,-12.940445984972476,4.281745054841733,-0.038180568632702805,-0.001525798259656555
5290.0,211.6,2.0,-26.90567884323936,-12.790909551712124,-26.90567884323936,-12.790909551712124,4.287390177197553,-0.038180568632702805,-0.001525798259656555
5291.0,211.64000000000001,2.0,-26.96832962340706,-12.640990631011334,-26.96832962340706,-12.640990631011334,4.293035299553374,-0.038180568632702805,-0.001525798259656555
5292.0,211.68,2.0,-27.03024098682655,-12.49069400188463,-27.03024098682655,-12.49069400188463,4.298680421909195,-0.038180568632702805,-0.001525798259656555
5293.0,211.72,2.0,-27.091415877336072,-12.340024455387544,-27.091415877336072,-12.340024455387544,4.304325544265015,-0.038180568632702805,-0.001525798259656555
5294.0,211.76,2.0,-27.151857262251543,-12.188986794463855,-27.151857262251543,-12.188986794463855,4.309970666620836,-0.038180568632702805,-0.001525798259656555
5295.0,211.8,2.0,-27.21156813227188,-12.037585833792377,-27.21156813227188,-12.037585833792377,4.315615788976657,-0.038180568632702805,-0.001525798259656555
5296.0,211.84,2.0,-27.270551501383682,-11.885826399633434,-27.270551501383682,-11.885826399633434,4.321260911332477,-0.038180568632702805,-0.001525798259656555
5297.0,211.88,2.0,-27.32881040676513,-11.733713329674917,-27.32881040676513,-11.733713329674917,4.326906033688298,-0.038180568632702805,-0.001525798259656555
5298.0,211.92000000000002,2.0,-27.386347908689164,-11.581251472878026,-27.386347908689164,-11.581251472878026,4.332551156044118,-0.038180568632702805,-0.001525798259656555
5299.0,211.96,2.0,-27.4431670904259,-11.428445689322597,-27.4431670904259,-11.428445689322597,4.338196278399938,-0.038180568632702805,-0.001525798259656555
5300.0,212.0,2.0,-27.499271058144323,-11.27530085005213,-27.499271058144323,-11.27530085005213,4.343841400755759,-0.038180568632702805,-0.001525798259656555
5301.0,212.04,2.0,-27.554662940813305,-11.121821836918421,-27.554662940813305,-11.121821836918421,4.34948652311158,-0.038180568632702805,-0.001525798259656555
5302.0,212.08,2.0,-27.609345890101768,-10.968013542425872,-27.609345890101768,-10.968013542425872,4.3551316454674,-0.038180568632702805,-0.001525798259656555
5303.0,212.12,2.0,-27.663323080278257,-10.81388086957547,-27.663323080278257,-10.81388086957547,4.3607767678232205,-0.038180568632702805,-0.001525798259656555
5304.0,212.16,2.0,-27.716597708109717,-10.65942873170841,-27.716597708109717,-10.65942873170841,4.366421890179041,-0.038180568632702805,-0.001525798259656555
5305.0,212.20000000000002,2.0,-27.76917299275957,-10.50466205234939,-27.76917299275957,-10.50466205234939,4.3720670125348615,-0.038180568632702805,-0.001525798259656555
5306.0,212.24,2.0,-27.82105217568509,-10.34958576504961,-27.82105217568509,-10.34958576504961,4.377712134890682,-0.038180568632702805,-0.001525798259656555
5307.0,212.28,2.0,-27.872238520534026,-10.194204813229407,-27.872238520534026,-10.194204813229407,4.3833572572465025,-0.038180568632702805,-0.001525798259656555
5308.0,212.32,2.0,-27.922735313040597,-10.03852415002061,-27.922735313040597,-10.03852415002061,4.3890023796023225,-0.038180568632702805,-0.001525798259656555
5309.0,212.36,2.0,-27.97254586092068,-9.882548738108577,-27.97254586092068,-9.882548738108577,4.3946475019581435,-0.038180568632702805,-0.001525798259656555
5310.0,212.4,2.0,-28.02167349376639,-9.726283549573917,-28.02167349376639,-9.726283549573917,4.400292624313964,-0.038180568632702805,-0.001525798259656555
5311.0,212.44,2.0,-28.07012156293989,-9.569733565733918,-28.07012156293989,-9.569733565733918,4.405937746669784,-0.038180568632702805,-0.001525798259656555
5312.0,212.48000000000002,2.0,-28.117893441466567,-9.412903776983688,-28.117893441466567,-9.412903776983688,4.4115828690256045,-0.038180568632702805,-0.001525798259656555
5313.0,212.52,2.0,-28.164992523927474,-9.255799182636999,-28.164992523927474,-9.255799182636999,4.417227991381425,-0.038180568632702805,-0.001525798259656555
5314.0,212.56,2.0,-28.21142222635109,-9.09842479076684,-28.21142222635109,-9.09842479076684,4.4228731137372455,-0.038180568632702805,-0.001525798259656555
5315.0,212.6,2.0,-28.25718598610444,-8.94078561804571,-28.25718598610444,-8.94078561804571,4.428518236093066,-0.038180568632702805,-0.001525798259656555
5316.0,212.64000000000001,2.0,-28.30228726178345,-8.782886689585618,-28.30228726178345,-8.782886689585618,4.434163358448886,-0.038180568632702805,-0.001525798259656555
5317.0,212.68,2.0,-28.34672953310271,-8.624733038777823,-28.34672953310271,-8.624733038777823,4.439808480804707,-0.038180568632702805,-0.001525798259656555
5318.0,212.72,2.0,-28.390516300784533,-8.466329707132305,-28.390516300784533,-8.466329707132305,4.445453603160527,-0.038180568632702805,-0.001525798259656555
5319.0,212.76,2.0,-28.4334080818963,-8.307681744116987,-28.4334080818963,-8.307681744116987,4.451098725516348,-0.038180568632702805,-0.001525798259656555
5320.0,212.8,2.0,-28.475403509718024,-8.14879420699669,-28.475403509718024,-8.14879420699669,4.456743847872169,-0.038180568632702805,-0.001525798259656555
5321.0,212.84,2.0,-28.516501246109694,-7.989672160671853,-28.516501246109694,-7.989672160671853,4.462388970227989,-0.038180568632702805,-0.001525798259656555
5322.0,212.88,2.0,-28.55669998155394,-7.830320677516991,-28.55669998155394,-7.830320677516991,4.468034092583809,-0.038180568632702805,-0.001525798259656555
5323.0,212.92000000000002,2.0,-28.59599843519774,-7.670744837218939,-28.59599843519774,-7.670744837218939,4.47367921493963,-0.038180568632702805,-0.001525798259656555
5324.0,212.96,2.0,-28.63439535489331,-7.510949726614842,-28.63439535489331,-7.510949726614842,4.479324337295451,-0.038180568632702805,-0.001525798259656555
5325.0,213.0,2.0,-28.67188951723797,-7.350940439529925,-28.67188951723797,-7.350940439529925,4.484969459651271,-0.038180568632702805,-0.001525798259656555
5326.0,213.04,2.0,-28.708479727613174,-7.1907220766150415,-28.708479727613174,-7.1907220766150415,4.490614582007092,-0.038180568632702805,-0.001525798259656555
5327.0,213.08,2.0,-28.74416482022257,-7.030299745184008,-28.74416482022257,-7.030299745184008,4.496259704362912,-0.038180568632702805,-0.001525798259656555
5328.0,213.12,2.0,-28.77894365812916,-6.869678559050713,-28.77894365812916,-6.869678559050713,4.501904826718732,-0.038180568632702805,-0.001525798259656555
5329.0,213.16,2.0,-28.812815133291576,-6.708863638366029,-28.812815133291576,-6.708863638366029,4.507549949074553,-0.038180568632702805,-0.001525798259656555
5330.0,213.20000000000002,2.0,-28.84577816659935,-6.547860109454525,-28.84577816659935,-6.547860109454525,4.513195071430374,-0.038180568632702805,-0.001525798259656555
5331.0,213.24,2.0,-28.877831707907315,-6.386673104650971,-28.877831707907315,-6.386673104650971,4.518840193786194,-0.038180568632702805,-0.001525798259656555
5332.0,213.28,2.0,-28.908974736069133,-6.2253077621366595,-28.908974736069133,-6.2253077621366595,4.524485316142015,-0.038180568632702805,-0.001525798259656555
5333.0,213.32,2.0,-28.93920625896976,-6.063769225775545,-28.93920625896976,-6.063769225775545,4.530130438497835,-0.038180568632702805,-0.001525798259656555
5334.0,213.36,2.0,-28.968525313557134,-5.90206264495018,-28.968525313557134,-5.90206264495018,4.535775560853656,-0.038180568632702805,-0.001525798259656555
5335.0,213.4,2.0,-28.996930965872828,-5.740193174397512,-28.996930965872828,-5.740193174397512,4.541420683209476,-0.038180568632702805,-0.001525798259656555
5336.0,213.44,2.0,-29.024422311081818,-5.578165974044469,-29.024422311081818,-5.578165974044469,4.547065805565297,-0.038180568632702805,-0.001525798259656555
5337.0,213.48000000000002,2.0,-29.05099847350135,-5.415986208843412,-29.05099847350135,-5.415986208843412,4.552710927921118,-0.038180568632702805,-0.001525798259656555
5338.0,213.52,2.0,-29.076658606628815,-5.253659048607407,-29.076658606628815,-5.253659048607407,4.558356050276938,-0.038180568632702805,-0.001525798259656555
5339.0,213.56,2.0,-29.101401893168724,-5.091189667845354,-29.101401893168724,-5.091189667845354,4.564001172632758,-0.038180568632702805,-0.001525798259656555
5340.0,213.6,2.0,-29.125227545058788,-4.928583245596962,-29.125227545058788,-4.928583245596962,4.569646294988579,-0.038180568632702805,-0.001525798259656555
5341.0,213.64000000000001,2.0,-29.148134803494973,-4.765844965267577,-29.148134803494973,-4.765844965267577,4.5752914173444,-0.038180568632702805,-0.001525798259656555
5342.0,213.68,2.0,-29.17012293895573,-4.602980014462876,-29.17012293895573,-4.602980014462876,4.58093653970022,-0.038180568632702805,-0.001525798259656555
5343.0,213.72,2.0,-29.191191251225202,-4.439993584823419,-29.191191251225202,-4.439993584823419,4.586581662056041,-0.038180568632702805,-0.001525798259656555
5344.0,213.76,2.0,-29.21133906941556,-4.276890871859088,-29.21133906941556,-4.276890871859088,4.592226784411861,-0.038180568632702805,-0.001525798259656555
5345.0,213.8,2.0,-29.23056575198836,-4.113677074783381,-29.23056575198836,-4.113677074783381,4.597871906767681,-0.038180568632702805,-0.001525798259656555
5346.0,213.84,2.0,-29.248870686774982,-3.950357396347609,-29.248870686774982,-3.950357396347609,4.603517029123502,-0.038180568632702805,-0.001525798259656555
5347.0,213.88,2.0,-29.266253290996126,-3.786937042674965,-29.266253290996126,-3.786937042674965,4.609162151479323,-0.038180568632702805,-0.001525798259656555
5348.0,213.92000000000002,2.0,-29.2827130112804,-3.6234212230944944,-29.2827130112804,-3.6234212230944944,4.614807273835143,-0.038180568632702805,-0.001525798259656555
5349.0,213.96,2.0,-29.298249323681905,-3.459815149974959,-29.298249323681905,-3.459815149974959,4.620452396190963,-0.038180568632702805,-0.001525798259656555
5350.0,214.0,2.0,-29.31286173369695,-3.2961240385586072,-29.31286173369695,-3.2961240385586072,4.626097518546783,-0.038180568632702805,-0.001525798259656555
5351.0,214.04,2.0,-29.326550027845617,-3.1323534998302898,-29.326550027845617,-3.1323534998302898,4.6317425046882095,-0.038180568632702805,-0.001525798259656555
5352.0,214.08,2.0,-29.339314044488717,-2.9685091342501737,-29.339314044488717,-2.9685091342501737,4.637387218400848,-0.038180568632702805,-0.001525798259656555
5353.0,214.12,2.0,-29.35115367371233,-2.804596531366042,-29.35115367371233,-2.804596531366042,4.643031523470302,-0.038180568632702805,-0.001525798259656555
5354.0,214.16,2.0,-29.362068857209653,-2.640621269426514,-29.362068857209653,-2.640621269426514,4.64867528368218,-0.038180568632702805,-0.001525798259656555
5355.0,214.20000000000002,2.0,-29.37205958816023,-2.4765889149952134,-29.37205958816023,-2.4765889149952134,4.654318362822086,-0.038180568632702805,-0.001525798259656555
5356.0,214.24,2.0,-29.381125911106572,-2.3125050225658765,-29.381125911106572,-2.3125050225658765,4.659960624675627,-0.038180568632702805,-0.001525798259656555
5357.0,214.28,2.0,-29.389267921828132,-2.148375134178446,-29.389267921828132,-2.148375134178446,4.665601933028406,-0.038180568632702805,-0.001525798259656555
5358.0,214.32,2.0,-29.3964857672127,-1.9842047790361474,-29.3964857672127,-1.9842047790361474,4.671242151666032,-0.038180568632702805,-0.001525798259656555
5359.0,214.36,2.0,-29.40277964512516,-1.8199994731235714,-29.40277964512516,-1.8199994731235714,4.67688114437411,-0.038180568632702805,-0.001525798259656555
5360.0,214.4,2.0,-29.408161402606336,-1.6557838838948842,-29.408161402606336,-1.6557838838948842,4.682513254169299,-0.038180568632702805,-0.001525798259656555
5361.0,214.44,2.0,-29.412634765103643,-1.4915693641506504,-29.412634765103643,-1.4915693641506504,4.688140351416848,-0.038180568632702805,-0.001525798259656555
5362.0,214.48000000000002,2.0,-29.416203602754273,-1.3273712271346954,-29.416203602754273,-1.3273712271346954,4.693760501858211,-0.038180568632702805,-0.001525798259656555
5363.0,214.52,2.0,-29.418881271185427,-1.163211917854652,-29.418881271185427,-1.163211917854652,4.699354122382081,-0.038180568632702805,-0.001525798259656555
5364.0,214.56,2.0,-29.420665092568697,-0.9990808847710715,-29.420665092568697,-0.9990808847710715,4.704923011301601,-0.038180568632702805,-0.001525798259656555
5365.0,214.6,2.0,-29.421551985903754,-0.8349677772008738,-29.421551985903754,-0.8349677772008738,4.7104689669299145,-0.038180568632702805,-0.001525798259656555
5366.0,214.64000000000001,2.0,-29.42153847058295,-0.6708624519327634,-29.42153847058295,-0.6708624519327634,4.715993787580168,-0.038180568632702805,-0.001525798259656555
5367.0,214.68,2.0,-29.420620670049367,-0.5067549797900173,-29.420620670049367,-0.5067549797900173,4.721499271565506,-0.038180568632702805,-0.001525798259656555
5368.0,214.72,2.0,-29.418791883815945,-0.3426254992969218,-29.418791883815945,-0.3426254992969218,4.72698089882138,-0.038180568632702805,-0.001525798259656555
5369.0,214.76,2.0,-29.41604898392491,-0.17846476313808596,-29.41604898392491,-0.17846476313808596,4.73243939321639,-0.038180568632702805,-0.001525798259656555
5370.0,214.8,2.0,-29.412390634897136,-0.014267853005976668,-29.412390634897136,-0.014267853005976668,4.737874060499353,-0.038180568632702805,-0.001525798259656555
5371.0,214.84,2.0,-29.407808794542493,0.14998236948366422,-29.407808794542493,0.14998236948366422,4.743287290199936,-0.038180568632702805,-0.001525798259656555
5372.0,214.88,2.0,-29.402297152161424,0.31429866808873663,-29.402297152161424,0.31429866808873663,4.74868005372803,-0.038180568632702805,-0.001525798259656555
5373.0,214.92000000000002,2.0,-29.395849119430693,0.47869364873180636,-29.395849119430693,0.47869364873180636,4.754053322493524,-0.038180568632702805,-0.001525798259656555
5374.0,214.96,2.0,-29.388457832446132,0.6431797560132798,-29.388457832446132,0.6431797560132798,4.759408067906307,-0.038180568632702805,-0.001525798259656555
5375.0,215.0,2.0,-29.380116153803783,0.8077692697474456,-29.380116153803783,0.8077692697474456,4.764745261376266,-0.038180568632702805,-0.001525798259656555
5376.0,215.04,2.0,-29.370816674719137,0.9724743015217859,-29.370816674719137,0.9724743015217859,4.770065874313292,-0.038180568632702805,-0.001525798259656555
5377.0,215.08,2.0,-29.360551717184446,1.137306791279962,-29.360551717184446,1.137306791279962,4.775370878127273,-0.038180568632702805,-0.001525798259656555
5378.0,215.12,2.0,-29.349313336163505,1.302278503928869,-29.349313336163505,1.302278503928869,4.780661244228095,-0.038180568632702805,-0.001525798259656555
5379.0,215.16,2.0,-29.337093321824007,1.4674010259701629,-29.337093321824007,1.4674010259701629,4.785937944025651,-0.038180568632702805,-0.001525798259656555
5380.0,215.20000000000002,2.0,-29.32387160347427,1.632704927225751,-29.32387160347427,1.632704927225751,4.791207469698773,-0.038180568632702805,-0.001525798259656555
5381.0,215.24,2.0,-29.309636022502538,1.798207291776107,-29.309636022502538,1.798207291776107,4.796468786077708,-0.038180568632702805,-0.001525798259656555
5382.0,215.28,2.0,-29.294374068297675,1.9639289901432175,-29.294374068297675,1.9639289901432175,4.801724662616494,-0.038180568632702805,-0.001525798259656555
5383.0,215.32,2.0,-29.278063539686674,2.1298978477221637,-29.278063539686674,2.1298978477221637,4.806950983540853,-0.038180568632702805,-0.001525798259656555
5384.0,215.36,2.0,-29.260698066151463,2.2961085136065895,-29.260698066151463,2.2961085136065895,4.812147748850784,-0.038180568632702805,-0.001525798259656555
5385.0,215.4,2.0,-29.242271479849645,2.462555655154191,-29.242271479849645,2.462555655154191,4.817314958546285,-0.038180568632702805,-0.001525798259656555
5386.0,215.44,2.0,-29.22277781438724,2.6292339617902196,-29.22277781438724,2.6292339617902196,4.822452612627358,-0.038180568632702805,-0.001525798259656555
5387.0,215.48000000000002,2.0,-29.202211303530717,2.796138148784758,-29.202211303530717,2.796138148784758,4.827560711094003,-0.038180568632702805,-0.001525798259656555
5388.0,215.52,2.0,-29.18056881159025,2.9632528081604,-29.18056881159025,2.9632528081604,4.83263925394622,-0.038180568632702805,-0.001525798259656555
5389.0,215.56,2.0,-29.15784343939487,3.1305729524199184,-29.15784343939487,3.1305729524199184,4.837688241184008,-0.038180568632702805,-0.001525798259656555
5390.0,215.6,2.0,-29.134026306809332,3.2980977266896097,-29.134026306809332,3.2980977266896097,4.842707672807367,-0.038180568632702805,-0.001525798259656555
5391.0,215.64000000000001,2.0,-29.10911480285585,3.465814249993764,-29.10911480285585,3.465814249993764,4.847697548816299,-0.038180568632702805,-0.001525798259656555
5392.0,215.68,2.0,-29.08310437923936,3.6337138012086236,-29.08310437923936,3.6337138012086236,4.852657869210803,-0.038180568632702805,-0.001525798259656555
5393.0,215.72,2.0,-29.055990562151056,3.8017875994303933,-29.055990562151056,3.8017875994303933,4.8575886339908765,-0.038180568632702805,-0.001525798259656555
5394.0,215.76,2.0,-29.027768952947284,3.970026804650911,-29.027768952947284,3.970026804650911,4.862489843156523,-0.038180568632702805,-0.001525798259656555
5395.0,215.8,2.0,-28.998435228821965,4.138422518440616,-28.998435228821965,4.138422518440616,4.8673614967077405,-0.038180568632702805,-0.001525798259656555
5396.0,215.84,2.0,-28.967985143472582,4.306965784638749,-28.967985143472582,4.306965784638749,4.87220359464453,-0.038180568632702805,-0.001525798259656555
5397.0,215.88,2.0,-28.936414527759514,4.475647590050715,-28.936414527759514,4.475647590050715,4.877016136966892,-0.038180568632702805,-0.001525798259656555
5398.0,215.92000000000002,2.0,-28.903719290358765,4.644458865152558,-28.903719290358765,4.644458865152558,4.881799123674824,-0.038180568632702805,-0.001525798259656555
5399.0,215.96,2.0,-28.869895418407953,4.813390484802454,-28.869895418407953,4.813390484802454,4.886597088849412,-0.038180568632702805,-0.001525798259656555
5400.0,216.0,2.0,-28.83493897814547,4.982433268959201,-28.83493897814547,4.982433268959201,4.891409069373007,-0.038180568632702805,-0.001525798259656555
5401.0,216.04,2.0,-28.7988461155428,5.151577983407582,-28.7988461155428,5.151577983407582,4.896234102127957,-0.038180568632702805,-0.001525798259656555
5402.0,216.08,2.0,-28.76161305692987,5.320815340490586,-28.76161305692987,5.320815340490586,4.901071223996613,-0.038180568632702805,-0.001525798259656555
5403.0,216.12,2.0,-28.723236109613374,5.490135999848384,-28.723236109613374,5.490135999848384,4.905919471861325,-0.038180568632702805,-0.001525798259656555
5404.0,216.16,2.0,-28.683711662488022,5.659530569164007,-28.683711662488022,5.659530569164007,4.910784200982132,-0.038180568632702805,-0.001525798259656555
5405.0,216.20000000000002,2.0,-28.643036186640586,5.828989604915639,-28.643036186640586,5.828989604915639,4.915625746676588,-0.038180568632702805,-0.001525798259656555
5406.0,216.24,2.0,-28.601206235946787,5.9985036131354885,-28.601206235946787,5.9985036131354885,4.920450794495674,-0.038180568632702805,-0.001525798259656555
5407.0,216.28,2.0,-28.558218447660792,6.168063050175116,-28.558218447660792,6.168063050175116,4.925273004970618,-0.038180568632702805,-0.001525798259656555
5408.0,216.32,2.0,-28.514069542997404,6.337658323477188,-28.514069542997404,6.337658323477188,4.930113337475232,-0.038180568632702805,-0.001525798259656555
5409.0,216.36,2.0,-28.468756327706767,6.507279792353581,-28.468756327706767,6.507279792353581,4.934924114365419,-0.038180568632702805,-0.001525798259656555
5410.0,216.4,2.0,-28.422275692641623,6.676917768769716,-28.422275692641623,6.676917768769716,4.939705335641178,-0.038180568632702805,-0.001525798259656555
5411.0,216.44,2.0,-28.374624614316932,6.846562518135114,-28.374624614316932,6.846562518135114,4.944457001302508,-0.038180568632702805,-0.001525798259656555
5412.0,216.48000000000002,2.0,-28.325800155461895,7.016204260100061,-28.325800155461895,7.016204260100061,4.94917911134941,-0.038180568632702805,-0.001525798259656555
5413.0,216.52,2.0,-28.275799465564273,7.185833169358291,-28.275799465564273,7.185833169358291,4.953871665781882,-0.038180568632702805,-0.001525798259656555
5414.0,216.56,2.0,-28.224730333784198,7.355439376455655,-28.224730333784198,7.355439376455655,4.958534664599927,-0.038180568632702805,-0.001525798259656555
5415.0,216.6,2.0,-28.172715353791553,7.525012968604667,-28.172715353791553,7.525012968604667,4.963168107803544,-0.038180568632702805,-0.001525798259656555
5416.0,216.64000000000001,2.0,-28.119747010181122,7.694543990504851,-28.119747010181122,7.694543990504851,4.967771995392732,-0.038180568632702805,-0.001525798259656555
5417.0,216.68,2.0,-28.06581786904786,7.864022445168827,-28.06581786904786,7.864022445168827,4.972346327367492,-0.038180568632702805,-0.001525798259656555
5418.0,216.72,2.0,-28.010920578649134,8.033438294754028,-28.010920578649134,8.033438294754028,4.976891103727823,-0.038180568632702805,-0.001525798259656555
5419.0,216.76,2.0,-27.955047870059122,8.202781461400015,-27.955047870059122,8.202781461400015,4.981406324473725,-0.038180568632702805,-0.001525798259656555
5420.0,216.8,2.0,-27.898192557815268,8.372041828071252,-27.898192557815268,8.372041828071252,4.9858919896052,-0.038180568632702805,-0.001525798259656555
5421.0,216.84,2.0,-27.840347540556845,8.541209239405305,-27.840347540556845,8.541209239405305,4.990348099122246,-0.038180568632702805,-0.001525798259656555
5422.0,216.88,2.0,-27.781505801655378,8.710273502566364,-27.781505801655378,8.710273502566364,4.994774653024864,-0.038180568632702805,-0.001525798259656555
5423.0,216.92000000000002,2.0,-27.72166040983705,8.879224388104012,-27.72166040983705,8.879224388104012,4.999171651313054,-0.038180568632702805,-0.001525798259656555
5424.0,216.96,2.0,-27.66080451979694,9.048051630817138,-27.66080451979694,9.048051630817138,5.003539093986815,-0.038180568632702805,-0.001525798259656555
5425.0,217.0,2.0,-27.598931372804994,9.216744930622959,-27.598931372804994,9.216744930622959,5.007876981046147,-0.038180568632702805,-0.001525798259656555
5426.0,217.04,2.0,-27.536034297303782,9.385293953430995,-27.536034297303782,9.385293953430995,5.012185312491051,-0.038180568632702805,-0.001525798259656555
5427.0,217.08,2.0,-27.472106709497893,9.553688332021993,-27.472106709497893,9.553688332021993,5.016464088321528,-0.038180568632702805,-0.001525798259656555
5428.0,217.12,2.0,-27.407142113934928,9.721917666931647,-27.407142113934928,9.721917666931647,5.020713308537575,-0.038180568632702805,-0.001525798259656555
5429.0,217.16,2.0,-27.341134104078066,9.889971527339068,-27.341134104078066,9.889971527339068,5.024932973139194,-0.038180568632702805,-0.001525798259656555
5430.0,217.20000000000002,2.0,-27.2740763628701,10.057839451959897,-27.2740763628701,10.057839451959897,5.029123082126385,-0.038180568632702805,-0.001525798259656555
5431.0,217.24,2.0,-27.205962663288954,10.225510949943994,-27.205962663288954,10.225510949943994,5.0332836354991475,-0.038180568632702805,-0.001525798259656555
5432.0,217.28,2.0,-27.13678686889452,10.392975501777597,-27.13678686889452,10.392975501777597,5.037414633257481,-0.038180568632702805,-0.001525798259656555
5433.0,217.32,2.0,-27.066542934366925,10.56022256018987,-27.066542934366925,10.56022256018987,5.041516075401387,-0.038180568632702805,-0.001525798259656555
5434.0,217.36,2.0,-26.995224906035965,10.727241551063756,-26.995224906035965,10.727241551063756,5.045587961930864,-0.038180568632702805,-0.001525798259656555
5435.0,217.4,2.0,-26.922826922401864,10.894021874351044,-26.922826922401864,10.894021874351044,5.0496302928459125,-0.038180568632702805,-0.001525798259656555
5436.0,217.44,2.0,-26.849343214647178,11.060552904991546,-26.849343214647178,11.060552904991546,5.053643068146534,-0.038063440741221186,-0.0014915654316171385
5437.0,217.48000000000002,2.0,-26.774768107139778,11.226823993836332,-26.774768107139778,11.226823993836332,5.057626287832725,-0.03782918495825788,-0.0014230997755383054
5438.0,217.52,2.0,-26.699096017927037,11.39282446857488,-26.699096017927037,11.39282446857488,5.0615799519044895,-0.03747780128381292,-0.0013204012914200555
5439.0,217.56,2.0,-26.62232145922089,11.558543634666107,-26.62232145922089,11.558543634666107,5.065504060361825,-0.03700928971788632,-0.0011834699792623894
5440.0,217.6,2.0,-26.544439037874042,11.723970776273122,-26.544439037874042,11.723970776273122,5.069398613204731,-0.03654077815195971,-0.0010123058390653066
5441.0,217.64000000000001,2.0,-26.46544345584699,11.889095157201698,-26.46544345584699,11.889095157201698,5.0732636104332105,-0.03607226658603311,-0.0008069088708288072
5442.0,217.68,2.0,-26.385329510666,12.053906021842282,-26.385329510666,12.053906021842282,5.07709905204726,-0.0356037550201065,-0.0005672790745528913
5443.0,217.72,2.0,-26.30409209587194,12.218392596115503,-26.30409209587194,12.218392596115503,5.080904938046882,-0.0351352434541799,-0.0002934164502375589
5444.0,217.76,2.0,-26.221726201459887,12.382544088421087,-26.221726201459887,12.382544088421087,5.0846812684320755,-0.03466673188825329,1.467900211719023e-05
5445.0,217.8,2.0,-26.13822691430954,12.54634969059004,-26.13822691430954,12.54634969059004,5.088428043202841,-0.03419822032232668,0.00035700728251135584
5446.0,217.84,2.0,-26.053589418606315,12.709798578840067,-26.053589418606315,12.709798578840067,5.092145262359177,-0.03372970875640008,0.0010234719825415555
5447.0,217.88,2.0,-25.967808996253158,12.872879914734076,-25.967808996253158,12.872879914734076,5.095832925901085,-0.03326119719047347,0.0020083149025550196
5448.0,217.92000000000002,2.0,-25.880881027273002,13.035060401332352,-25.880881027273002,13.035060401332352,5.099491033828565,-0.03279268562454687,0.003315630779183057
5449.0,217.96,2.0,-25.792800990201798,13.196339657221465,-25.792800990201798,13.196339657221465,5.1031195861416165,-0.03254719263604446,0.004622946655811095
5450.0,218.0,2.0,-25.70356446247217,13.356717329716952,-25.70356446247217,13.356717329716952,5.10671858284024,-0.0350588850019747,0.005930262532439132
5451.0,218.04,2.0,-25.613167120787526,13.516193094874527,-25.613167120787526,13.516193094874527,5.1102880239244355,-0.04032776272233757,0.00723757840906717
5452.0,218.08,2.0,-25.521604741486772,13.674766657500376,-25.521604741486772,13.674766657500376,5.113827909394201,-0.04835382579713308,0.008544894285695206
5453.0,218.12,2.0,-25.42887320089938,13.832437751160565,-25.42887320089938,13.832437751160565,5.1173382392495395,-0.059137074226361226,0.009852210162323244
5454.0,218.16,2.0,-25.334968475690953,13.989206138189493,-25.334968475690953,13.989206138189493,5.12081901349045,-0.07293633353357074,0.011159526038951281
5455.0,218.20000000000002,2.0,-25.239886643199192,14.14507160969746,-25.239886643199192,14.14507160969746,5.12427023211693,-0.08986873161024327,0.012432609087539901
5456.0,218.24,2.0,-25.143623881760153,14.300033985577288,-25.143623881760153,14.300033985577288,5.127691895128983,-0.11008019558854532,0.013671459308089107
5457.0,218.28,2.0,-25.046176471024953,14.454093114510043,-25.046176471024953,14.454093114510043,5.131084002526608,-0.13250127464006986,0.014876076700598893
5458.0,218.32,2.0,-24.947540792266672,14.607248873969848,-24.947540792266672,14.607248873969848,5.134446554309804,-0.1571319687648168,0.015983280743930323
5459.0,218.36,2.0,-24.847713328677614,14.75950117022774,-24.847713328677614,14.75950117022774,5.137779550478571,-0.1838551500713046,0.016916024627410382
5460.0,218.4,2.0,-24.746690665656768,14.910849938354653,-24.746690665656768,14.910849938354653,5.141082991032911,-0.21267081855953324,0.017674308351039055
5461.0,218.44,2.0,-24.644469491087513,15.06129514222345,-24.644469491087513,15.06129514222345,5.1443568759728215,-0.24357897422950264,0.018258131914816355
5462.0,218.48000000000002,2.0,-24.541046595605525,15.210836774510053,-24.541046595605525,15.210836774510053,5.1476012052983044,-0.27657961708121287,0.018667495318742282
5463.0,218.52,2.0,-24.43641887285681,15.359474856693648,-24.43641887285681,15.359474856693648,5.150815979009359,-0.3116727471146639,0.01890239856281683
5464.0,218.56,1.0,-24.330583319745976,15.507209439055982,-24.330583319745976,15.507209439055982,5.154001197105984,-0.3488583643298558,0.01896284164704
5465.0,218.6,0.0,-24.22353703667454,15.65404060067972,-24.22353703667454,15.65404060067972,5.1571568595881825,-0.3881364687267885,0.018558920979815176
5466.0,218.64000000000001,1.0,-24.115277227769397,15.7999684494459,-24.115277227769397,15.7999684494459,5.160282966455951,-0.4291816169263053,0.01740649116919851
5467.0,218.68,0.0,-24.00580120110136,15.945515566839855,-24.00580120110136,15.945515566839855,5.163379517709291,-0.47022676512582223,0.015507215678211459
5468.0,218.72,0.0,-23.895106368893725,16.090671634882334,-23.895106368893725,16.090671634882334,5.1664465133482045,-0.5110488947479149,0.013179472726837296
5469.0,218.76,0.0,-23.78319024772098,16.235426323888838,-23.78319024772098,16.235426323888838,5.169483953372689,-0.549113839015575,0.010609683102878081
5470.0,218.8,0.0,-23.67005045869742,16.379727983083143,-23.67005045869742,16.379727983083143,5.172491837782744,-0.5844215979288024,0.0077978468063338215
5471.0,218.84,0.0,-23.55568472765587,16.52316861098628,-23.55568472765587,16.52316861098628,5.175470166578371,-0.6169721714875971,0.0047439638372045135
5472.0,218.88,1.0,-23.440090885316373,16.66618744974794,-23.440090885316373,16.66618744974794,5.17841893975957,-0.6467655596919593,0.001448034195490157
5473.0,218.92000000000002,0.0,-23.32326686744484,16.80877416904856,-23.32326686744484,16.80877416904856,5.181338157326341,-0.67354293701834,-0.0019791717565887544
5474.0,218.96,1.0,-23.2052107150017,16.950566240933245,-23.2052107150017,16.950566240933245,5.184227819278682,-0.6973043034667396,-0.005406377708667666
5475.0,219.0,2.0,-23.08592057428049,17.091809455687475,-23.08592057428049,17.091809455687475,5.187087925616597,-0.7179037319049911,-0.008833583660746578
5476.0,219.04,2.0,-22.965394697036423,17.23260026315748,-22.965394697036423,17.23260026315748,5.189918476340081,-0.7353412223330946,-0.01226078961282549
5477.0,219.08,2.0,-22.843631440604817,17.37292834095225,-22.843631440604817,17.37292834095225,5.192719471449138,-0.7506862255794576,-0.015624815043765462
5478.0,219.12,2.0,-22.72062926800953,17.512783361669303,-22.72062926800953,17.512783361669303,5.195490910943767,-0.7639387416440795,-0.01884861314289347
5479.0,219.16,2.0,-22.596386748061306,17.651834240416132,-22.596386748061306,17.651834240416132,5.198232794823967,-0.7750987705269609,-0.021932183910209523
5480.0,219.20000000000002,2.0,-22.471822090720554,17.78998633685729,-22.471822090720554,17.78998633685729,5.200945123089738,-0.7841663122281012,-0.024875527345713615
5481.0,219.24,2.0,-22.34697065434256,17.927240189919495,-22.34697065434256,17.927240189919495,5.203627895741082,-0.7911413667475008,-0.027678643449405748
5482.0,219.28,2.0,-22.221837482651654,18.063596367162326,-22.221837482651654,18.063596367162326,5.206281112777996,-0.7960239340851596,-0.030341532221285918
5483.0,219.32,2.0,-22.09642756134382,18.19905546476006,-22.09642756134382,18.19905546476006,5.208904774200484,-0.7988140142410776,-0.032864193661354124
5484.0,219.36,2.0,-21.970745819378116,18.333618107482636,-21.970745819378116,18.333618107482636,5.211498880008542,-0.7995116072152546,-0.03524662776961038
5485.0,219.4,2.0,-21.84479713028359,18.467284948675715,-21.84479713028359,18.467284948675715,5.214063430202171,-0.7984421563868477,-0.03719893095445805
5486.0,219.44,2.0,-21.71858631348129,18.600056670239816,-21.71858631348129,18.600056670239816,5.2165240288669885,-0.7973727055584405,-0.03872686141554991
5487.0,219.48000000000002,2.0,-21.592118135620627,18.731933982608524,-21.592118135620627,18.731933982608524,5.2189420141783165,-0.7963032547300335,-0.03982632441625466
5488.0,219.52,2.0,-21.465424549319057,18.86291762472583,-21.465424549319057,18.86291762472583,5.220887471706922,-0.7952338039016265,-0.04068374074437436
5489.0,219.56,2.0,-21.33851131658478,18.993008364022533,-21.33851131658478,18.993008364022533,5.222470198859892,-0.7941643530732193,-0.041299110399909016
5490.0,219.6,2.0,-21.211384087853602,19.122206996391718,-21.211384087853602,19.122206996391718,5.22398950072158,-0.7930949022448123,-0.041672433382858615
5491.0,219.64000000000001,2.0,-21.0840484113928,19.25051434616338,-21.0840484113928,19.25051434616338,5.225098822449241,-0.7920254514164052,-0.04180370969322317
5492.0,219.68,2.0,-20.956509742745865,19.377931266078082,-20.956509742745865,19.377931266078082,5.225824816968187,-0.7909560005879982,-0.04180370969322317
5493.0,219.72,2.0,-20.828773454214392,19.50445863725975,-20.828773454214392,19.50445863725975,5.226513174733942,-0.7898865497595912,-0.04180370969322317
5494.0,219.76,2.0,-20.7008448443732,19.630097369187524,-20.7008448443732,19.630097369187524,5.227171515040799,-0.788817098931184,-0.04180370969322317
5495.0,219.8,2.0,-20.57272914761488,19.754848399666766,-20.57272914761488,19.754848399666766,5.2277921120164015,-0.788817098931184,-0.04180370969322317
5496.0,219.84,2.0,-20.444431543719954,19.87871269479908,-20.444431543719954,19.87871269479908,5.228375320927156,-0.788817098931184,-0.04180370969322317
5497.0,219.88,2.0,-20.31595716744873,20.001691248951502,-20.31595716744873,20.001691248951502,5.228921497039466,-0.788817098931184,-0.04180370969322317
5498.0,219.92000000000002,2.0,-20.187311118151033,20.12378508472476,-20.187311118151033,20.12378508472476,5.2294309956197385,-0.788817098931184,-0.04180370969322317
5499.0,219.96,2.0,-20.058498469389942,20.244995252920628,-20.058498469389942,20.244995252920628,5.229904171934378,-0.788817098931184,-0.04180370969322317
5500.0,220.0,2.0,-19.928604743301022,20.365322832508394,-19.928604743301022,20.365322832508394,5.230341381249791,-0.788817098931184,-0.04180370969322317
5501.0,220.04,2.0,-19.79759841306545,20.484768930590416,-19.79759841306545,20.484768930590416,5.230738309299112,-0.788817098931184,-0.04180370969322317
5502.0,220.08,2.0,-19.665478375646323,20.603334682366793,-19.665478375646323,20.603334682366793,5.2310968550062205,-0.788817098931184,-0.04180370969322317
5503.0,220.12,2.0,-19.53224370488504,20.72102125109914,-19.53224370488504,20.72102125109914,5.231418917294992,-0.788817098931184,-0.04180370969322317
5504.0,220.16,2.0,-19.397893659893324,20.837829828073453,-19.397893659893324,20.837829828073453,5.231706395089301,-0.788817098931184,-0.04180370969322317
5505.0,220.20000000000002,2.0,-19.262427693410437,20.953761632562102,-19.262427693410437,20.953761632562102,5.231961187313025,-0.788817098931184,-0.04180370969322317
5506.0,220.24,2.0,-19.125845460122157,21.06881791178491,-19.125845460122157,21.06881791178491,5.231058843070254,-0.788817098931184,-0.04180370969322317
5507.0,220.28,2.0,-18.988146824938163,21.18299994086936,-18.988146824938163,21.18299994086936,5.2285601551165195,-0.788817098931184,-0.04180370969322317
5508.0,220.32,2.0,-18.849304633835445,21.2963090228099,-18.849304633835445,21.2963090228099,5.224471336642559,-0.788817098931184,-0.04180370969322317
5509.0,220.36,2.0,-18.709318099983683,21.408746488426356,-18.709318099983683,21.408746488426356,5.2187923876483735,-0.788817098931184,-0.04180370969322317
5510.0,220.4,2.0,-18.568429738769055,21.520313696321463,-18.568429738769055,21.520313696321463,5.211523308133962,-0.788817098931184,-0.04180370969322317
5511.0,220.44,2.0,-18.42657857234355,21.631012032837543,-18.42657857234355,21.631012032837543,5.202636938038171,-0.788817098931184,-0.04180370969322317
5512.0,220.48000000000002,2.0,-18.28376434189454,21.740842912012216,-18.28376434189454,21.740842912012216,5.192130893021278,-0.788817098931184,-0.04180370969322317
5513.0,220.52,2.0,-18.140008410512777,21.849807775533304,-18.140008410512777,21.849807775533304,5.180002337615085,-0.788817098931184,-0.04180370969322317
5514.0,220.56,2.0,-17.995322265962354,21.957908092692843,-17.995322265962354,21.957908092692843,5.1662473432256535,-0.788817098931184,-0.04180370969322317
5515.0,220.6,2.0,-17.84972353415852,22.065145360340175,-17.84972353415852,22.065145360340175,5.1508625335983,-0.788817098931184,-0.04180370969322317
5516.0,220.64000000000001,2.0,-17.703226207765205,22.171521102834177,-17.703226207765205,22.171521102834177,5.133843900438127,-0.788817098931184,-0.04180370969322317
5517.0,220.68,2.0,-17.55583972349282,22.277036871994667,-17.55583972349282,22.277036871994667,5.115188137452134,-0.788817098931184,-0.04180370969322317
5518.0,220.72,2.0,-17.40758129453062,22.381694247052824,-17.40758129453062,22.381694247052824,5.094891626679088,-0.788817098931184,-0.04180370969322317
5519.0,220.76,2.0,-17.258455915757565,22.48549483460087,-17.258455915757565,22.48549483460087,5.0737736698678555,-0.788817098931184,-0.04180370969322317
5520.0,220.8,2.0,-17.108472742240213,22.588440268540737,-17.108472742240213,22.588440268540737,5.051831383200501,-0.788817098931184,-0.04180370969322317
5521.0,220.84,2.0,-16.95764493584458,22.690532210031986,-16.95764493584458,22.690532210031986,5.029061048764778,-0.788817098931184,-0.04180370969322317
5522.0,220.88,2.0,-16.805951690975913,22.791772347438776,-16.805951690975913,22.791772347438776,5.005863713082395,-0.788817098931184,-0.04180370969322317
5523.0,220.92000000000002,2.0,-16.65339670545009,22.89216239627601,-16.65339670545009,22.89216239627601,4.982636821785582,-0.788817098931184,-0.04180370969322317
5524.0,220.96,2.0,-16.499981717024216,22.991704099154596,-16.499981717024216,22.991704099154596,4.959380374874342,-0.788817098931184,-0.04180370969322317
5525.0,221.0,2.0,-16.345712010725315,23.090399225725836,-16.345712010725315,23.090399225725836,4.936094372348673,-0.788817098931184,-0.04180370969322317
5526.0,221.04,2.0,-16.190587911694383,23.188249572624965,-16.190587911694383,23.188249572624965,4.9127788142085755,-0.788817098931184,-0.04180370969322317
5527.0,221.08,2.0,-16.034615244992484,23.28525696341385,-16.034615244992484,23.28525696341385,4.88943370045405,-0.788817098931184,-0.04180370969322317
5528.0,221.12,2.0,-15.877805153139425,23.381423248522797,-15.877805153139425,23.381423248522797,4.866059031085096,-0.788817098931184,-0.04180370969322317
5529.0,221.16,2.0,-15.720168704738343,23.47675030519148,-15.720168704738343,23.47675030519148,4.842654806101713,-0.788817098931184,-0.04180370969322317
5530.0,221.20000000000002,2.0,-15.561661599133659,23.571240037409122,-15.561661599133659,23.571240037409122,4.819221025503903,-0.788817098931184,-0.04180370969322317
5531.0,221.24,2.0,-15.402310969930385,23.664894375853667,-15.402310969930385,23.664894375853667,4.795757689291664,-0.788817098931184,-0.04180370969322317
5532.0,221.28,2.0,-15.242129583175526,23.757715277830236,-15.242129583175526,23.757715277830236,4.772264797464995,-0.788817098931184,-0.04180370969322317
5533.0,221.32,2.0,-15.081108759672182,23.84970472720867,-15.081108759672182,23.84970472720867,4.7487423500239005,-0.788817098931184,-0.04180370969322317
5534.0,221.36,2.0,-14.919219821813114,23.94086473436021,-14.919219821813114,23.94086473436021,4.725190346968375,-0.788817098931184,-0.04180370969322317
5535.0,221.4,2.0,-14.756412607539977,24.03119733609342,-14.756412607539977,24.03119733609342,4.701608788298423,-0.788817098931184,-0.04180370969322317
5536.0,221.44,2.0,-14.592628092202482,24.120704595589114,-14.592628092202482,24.120704595589114,4.677997674014042,-0.788817098931184,-0.04180370969322317
5537.0,221.48000000000002,2.0,-14.427877768249527,24.20938860233464,-14.427877768249527,24.20938860233464,4.654357004115233,-0.788817098931184,-0.04180370969322317
5538.0,221.52,2.0,-14.26203727309463,24.297251472057123,-14.26203727309463,24.297251472057123,4.630686778601995,-0.788817098931184,-0.04180370969322317
5539.0,221.56,2.0,-14.095111923639484,24.38429534665602,-14.095111923639484,24.38429534665602,4.606986997474329,-0.788817098931184,-0.04180370969322317
5540.0,221.6,2.0,-13.927019808917603,24.470522394134786,-13.927019808917603,24.470522394134786,4.583257660732234,-0.788817098931184,-0.04180370969322317
5541.0,221.64000000000001,2.0,-13.756852061316867,24.55593480853169,-13.756852061316867,24.55593480853169,4.559498768375711,-0.788817098931184,-0.04180370969322317
5542.0,221.68,2.0,-13.584656562174438,24.640535202885268,-13.584656562174438,24.640535202885268,4.535710456619154,-0.788817098931184,-0.04180370969322317
5543.0,221.72,2.0,-13.410456792031896,24.724326203062624,-13.410456792031896,24.724326203062624,4.511892861676958,-0.788817098931184,-0.04180370969322317
5544.0,221.76,2.0,-13.234270744452429,24.80731044746657,-13.234270744452429,24.80731044746657,4.488046119763514,-0.788817098931184,-0.04180370969322317
5545.0,221.8,2.0,-13.057244887845654,24.889490586742948,-13.057244887845654,24.889490586742948,4.464170367093221,-0.788817098931184,-0.04180370969322317
5546.0,221.84,2.0,-12.879415849427529,24.97086928348812,-12.879415849427529,24.97086928348812,4.440265739880471,-0.788817098931184,-0.04180370969322317
5547.0,221.88,2.0,-12.700784752680132,25.051449211956687,-12.700784752680132,25.051449211956687,4.416332374339658,-0.788817098931184,-0.04180370969322317
5548.0,221.92000000000002,2.0,-12.521347320433527,25.131233057769396,-12.521347320433527,25.131233057769396,4.392370406685177,-0.788817098931184,-0.04180370969322317
5549.0,221.96,2.0,-12.34109925336836,25.21022351762131,-12.34109925336836,25.21022351762131,4.368379973131422,-0.788817098931184,-0.04180370969322317
5550.0,222.0,2.0,-12.160091512519012,25.28842329899019,-12.160091512519012,25.28842329899019,4.344361209892786,-0.788817098931184,-0.04180370969322317
5551.0,222.04,2.0,-11.978349484461074,25.365854284914224,-11.978349484461074,25.365854284914224,4.320319773952611,-0.788817098931184,-0.04180370969322317
5552.0,222.08,2.0,-11.795868532484494,25.442525067957675,-11.795868532484494,25.442525067957675,4.296253794945646,-0.788817098931184,-0.04180370969322317
5553.0,222.12,2.0,-11.612653825099239,25.518448225395723,-11.612653825099239,25.518448225395723,4.27216520713044,-0.788817098931184,-0.04180370969322317
5554.0,222.16,2.0,-11.42871982429435,25.593295172621723,-11.42871982429435,25.593295172621723,4.248073593618299,-0.788817098931184,-0.04180370969322317
5555.0,222.20000000000002,2.0,-11.244114193519396,25.66704379213862,-11.244114193519396,25.66704379213862,4.22397715609608,-0.788817098931184,-0.04180370969322317
5556.0,222.24,2.0,-11.058897682234921,25.739672213301784,-11.058897682234921,25.739672213301784,4.199874096250638,-0.788817098931184,-0.04180370969322317
5557.0,222.28,2.0,-10.873065653523412,25.811158819551913,-10.873065653523412,25.811158819551913,4.175762615768828,-0.788817098931184,-0.04180370969322317
5558.0,222.32,2.0,-10.686742108273418,25.881552617106912,-10.686742108273418,25.881552617106912,4.151640916337506,-0.788817098931184,-0.04180370969322317
5559.0,222.36,2.0,-10.499936561545567,25.951074135103408,-10.499936561545567,25.951074135103408,4.1275135180212175,-0.788817098931184,-0.04180370969322317
5560.0,222.4,2.0,-10.312834491505253,26.01938943212668,-10.312834491505253,26.01938943212668,4.103379696951365,-0.788817098931184,-0.04180370969322317
5561.0,222.44,2.0,-10.126198106549396,26.086482284989,-10.126198106549396,26.086482284989,4.079240147379133,-0.788817098931184,-0.04180370969322317
5562.0,222.48000000000002,2.0,-9.940029098100242,26.15250043029341,-9.940029098100242,26.15250043029341,4.055092479774851,-0.788817098931184,-0.04180370969322317
5563.0,222.52,2.0,-9.75431993753435,26.21748635426291,-9.75431993753435,26.21748635426291,4.03093572272863,-0.788817098931184,-0.04180370969322317
5564.0,222.56,2.0,-9.569063423158802,26.281182400841598,-9.569063423158802,26.281182400841598,4.006768904830581,-0.788817098931184,-0.04180370969322317
5565.0,222.6,2.0,-9.383276358251814,26.343564995055427,-9.383276358251814,26.343564995055427,3.9825910546708148,-0.788817098931184,-0.04180370969322317
5566.0,222.64000000000001,2.0,-9.19684611198339,26.40461077774765,-9.19684611198339,26.40461077774765,3.9584012008394436,-0.7869456012147692,-0.04180370969322317
5567.0,222.68,2.0,-9.0097866914524,26.464296609617552,-9.0097866914524,26.464296609617552,3.9341983719265774,-0.7838561327929872,-0.04180370969322317
5568.0,222.72,2.0,-8.822112478739067,26.52269885608716,-8.822112478739067,26.52269885608716,3.9099815965223286,-0.7795486936658382,-0.04180370969322317
5569.0,222.76,2.0,-8.633838229866369,26.580058184161597,-8.633838229866369,26.580058184161597,3.8857499032168086,-0.774023283833322,-0.04180370969322317
5570.0,222.8,2.0,-8.444979073717292,26.63599806118871,-8.444979073717292,26.63599806118871,3.8615023206001267,-0.7672799032954389,-0.04180370969322317
5571.0,222.84,2.0,-8.255570224934752,26.69084166570176,-8.255570224934752,26.69084166570176,3.837232356493451,-0.7593185520521886,-0.04180370969322317
5572.0,222.88,2.0,-8.065631095864463,26.74431094545051,-8.065631095864463,26.74431094545051,3.812941046066535,-0.7501392301035711,-0.04180370969322317
5573.0,222.92000000000002,2.0,-7.8751716286739555,26.796268383362353,-7.8751716286739555,26.796268383362353,3.788625619865337,-0.7397419374495867,-0.04180370969322317
5574.0,222.96,2.0,-7.684222843217317,26.846675445155487,-7.684222843217317,26.846675445155487,3.76431019366414,-0.7283629757661716,-0.04180370969322317
5575.0,223.0,2.0,-7.492798387268817,26.895526828157273,-7.492798387268817,26.895526828157273,3.739994767462942,-0.7160023450533257,-0.041777216106002366
5576.0,223.04,2.0,-7.3009117870973395,26.942817267317725,-7.3009117870973395,26.942817267317725,3.7156793412617444,-0.7026600453110493,-0.041479726602051264
5577.0,223.08,2.0,-7.10857644838175,26.9886646333376,-7.10857644838175,26.9886646333376,3.6913639150605477,-0.6883360765393419,-0.04088357565924531
5578.0,223.12,2.0,-6.915805657182615,27.03333873838548,-6.915805657182615,27.03333873838548,3.6670484888593493,-0.673030438738204,-0.03998876327758448
5579.0,223.16,2.0,-6.722610149238017,27.07691589768202,-6.722610149238017,27.07691589768202,3.6427330626581527,-0.6567431319076353,-0.038795289457068796
5580.0,223.20000000000002,2.0,-6.52900450366311,27.11945201142431,-6.52900450366311,27.11945201142431,3.6184176364569547,-0.639474156047636,-0.03730315419769824
5581.0,223.24,2.0,-6.33500536010342,27.160777827981345,-6.33500536010342,27.160777827981345,3.5941022102557576,-0.6212235111582058,-0.03551235749947283
5582.0,223.28,2.0,-6.1406231682788075,27.20090601083789,-6.1406231682788075,27.20090601083789,3.5697867840545605,-0.6019911972393451,-0.03342289936239255
5583.0,223.32,2.0,-5.945870394119527,27.239911518212743,-5.945870394119527,27.239911518212743,3.545471357853362,-0.5821215149747947,-0.03103477978645742
5584.0,223.36,2.0,-5.750759507619509,27.277836436464625,-5.750759507619509,27.277836436464625,3.5211559316521654,-0.5622518327102443,-0.02834799877166741
5585.0,223.4,2.0,-5.555302981809931,27.314741452673687,-5.555302981809931,27.314741452673687,3.4968405054509675,-0.5442536481621087,-0.02536255631802255
5586.0,223.44,2.0,-5.359513291734807,27.35048890304473,-5.359513291734807,27.35048890304473,3.4725250792497704,-0.5274734343193404,-0.022104946012743626
5587.0,223.48000000000002,2.0,-5.163402913428699,27.385074965660323,-5.163402913428699,27.385074965660323,3.448209653048573,-0.511911191181939,-0.01845939021149065
5588.0,223.52,2.0,-4.966984322896663,27.4186234641168,-4.966984322896663,27.4186234641168,3.423894226847375,-0.4975669187499047,-0.014425888914263628
5589.0,223.56,2.0,-4.770269995096491,27.451141394873318,-4.770269995096491,27.451141394873318,3.3995788006461782,-0.48444061702323754,-0.010004442121062562
5590.0,223.6,2.0,-4.573272402923368,27.482681316554295,-4.573272402923368,27.482681316554295,3.375218840363896,-0.4725322860019374,-0.005195049831887447
5591.0,223.64000000000001,2.0,-4.376004016197016,27.51313366119322,-4.376004016197016,27.51313366119322,3.3508153091181803,-0.4618419256860043,-0.0002771463381761125
5592.0,223.68,1.0,-4.178477300651434,27.542506892803022,-4.178477300651434,27.542506892803022,3.326369170026681,-0.45236953607543834,0.004640757155535222
5593.0,223.72,0.0,-3.98070471692731,27.570872993270818,-3.98070471692731,27.570872993270818,3.301881386207046,-0.4441151171702395,0.009558660649246558
5594.0,223.76,0.0,-3.782698719567205,27.598234970252225,-3.782698719567205,27.598234970252225,3.2773529207769285,-0.43684236729447135,0.014450070555737096
5595.0,223.8,0.0,-3.5844717560135937,27.624660995085236,-3.5844717560135937,27.624660995085236,3.2527784184762862,-0.43055128644813384,0.01907048454549733
5596.0,223.84,0.0,-3.386036265609858,27.65009223997656,-3.386036265609858,27.65009223997656,3.228197543987567,-0.4252418746312271,0.0233922370964027
5597.0,223.88,0.0,-3.187404678604317,27.674542316360654,-3.187404678604317,27.674542316360654,3.2036036117597884,-0.4220413862344745,0.027415328208453212
5598.0,223.92000000000002,0.0,-2.988589415157383,27.69754005800797,-2.988589415157383,27.69754005800797,3.178982961261725,-0.4206162239530286,0.031139757881648866
5599.0,223.96,0.0,-2.7896028843519356,27.719085266191986,-2.7896028843519356,27.719085266191986,3.154314633119562,-0.4210756750114336,0.03456552611598964
5600.0,224.0,0.0,-2.5904574832069946,27.73917785113267,-2.5904574832069946,27.73917785113267,3.129646304977398,-0.42367091855321526,0.037692632911475565
5601.0,224.04,0.0,-2.3911655956947886,27.757817831754505,-2.3911655956947886,27.757817831754505,3.1049779768352344,-0.42845390772766206,0.04035157780018901
5602.0,224.08,0.0,-2.1917395917612974,27.775005335435427,-2.1917395917612974,27.775005335435427,3.080309648693071,-0.4352383116336697,0.04253960014932734
5603.0,224.12,0.0,-1.992191826350359,27.790740597746716,-1.992191826350359,27.790740597746716,3.055641320550907,-0.4435090032811755,0.04426948120902128
5604.0,224.16,0.0,-1.792534638431428,27.80502396218386,-1.792534638431428,27.80502396218386,3.0309729924087443,-0.4536762829360679,0.04553651037073427
5605.0,224.20000000000002,0.0,-1.5927803500310653,27.817855879888455,-1.5927803500310653,27.817855879888455,3.0063046642665805,-0.46587841153118725,0.046358680941546354
5606.0,224.24,0.0,-1.3929412652682494,27.82923690936119,-1.3929412652682494,27.82923690936119,2.9816363361244163,-0.4802553691982605,0.04659302272860873
5607.0,224.28,0.0,-1.1930296693935902,27.839167716165946,-1.1930296693935902,27.839167716165946,2.9569680079822533,-0.49680715593728736,0.046239535731921376
5608.0,224.32,0.0,-0.9930578278325317,27.84764907262508,-0.9930578278325317,27.84764907262508,2.9322996798400895,-0.5155057357394007,0.04530324807405252
5609.0,224.36,0.0,-0.7930379852326221,27.854681857505966,-0.7930379852326221,27.854681857505966,2.9076313516979257,-0.5361831183821719,0.0437742011146208
5610.0,224.4,0.0,-0.5929823645149389,27.860267055698714,-0.5929823645149389,27.860267055698714,2.882963023555763,-0.5587475925165459,0.04192689530092071
5611.0,224.44,0.0,-0.39290316592974706,27.864405757885343,-0.39290316592974706,27.864405757885343,2.8582946954135986,-0.5828270395664684,0.03985225939140186
5612.0,224.48000000000002,0.0,-0.19281256611647365,27.867099160200198,-0.19281256611647365,27.867099160200198,2.8336263672714352,-0.6066701849404547,0.03754497245889836
5613.0,224.52,0.0,0.007277282831921359,27.868348563881923,0.007277282831921359,27.868348563881923,2.8089580391292714,-0.6305133303144408,0.03491890585127453
5614.0,224.56,0.0,0.20735425430009774,27.86815537491681,0.20735425430009774,27.86815537491681,2.784289710987108,-0.654356475688427,0.03197405956853039
5615.0,224.6,1.0,0.40740624807693165,27.866521103673755,0.40740624807693165,27.866521103673755,2.7596213828449447,-0.6781996210624132,0.028710433610665925
5616.0,224.64000000000001,1.0,0.6074211912774772,27.863447364530742,0.6074211912774772,27.863447364530742,2.734953054702781,-0.7009155120456758,0.025335602350609453
5617.0,224.68,1.0,0.8073870392602158,27.85893587549304,0.8073870392602158,27.85893587549304,2.7102847265606176,-0.7228377459430625,0.02177861988279917
5618.0,224.72,1.0,1.0072917765395129,27.852988457803043,1.0072917765395129,27.852988457803043,2.68565698874925,-0.7438570355300291,0.018206582994398385
5619.0,224.76,1.0,1.20712341769321,27.845607035541896,1.20712341769321,27.845607035541896,2.661069841268678,-0.7637222016630495,0.01447220227188546
5620.0,224.8,1.0,1.406870008265269,27.83679363522292,1.406870008265269,27.83679363522292,2.6365232841189026,-0.7823812911928357,0.010739331716212538
5621.0,224.84,1.0,1.6065196256634016,27.82655038537694,1.6065196256634016,27.82655038537694,2.6120173172999226,-0.7980445259872821,0.0070160368381837306
5622.0,224.88,1.0,1.8060603800515997,27.814879516129523,1.8060603800515997,27.814879516129523,2.587551940811739,-0.8097105352975489,0.0032875391711356156
5623.0,224.92000000000002,1.0,2.005480415237499,27.801783358770166,2.005480415237499,27.801783358770166,2.5631271546543517,-0.8166279223034735,-0.0004517449651098815
5624.0,224.96,0.0,2.204767909554501,27.787264345313634,2.204767909554501,27.787264345313634,2.53874295882776,-0.8184153389448309,-0.004184270764503647
5625.0,225.0,0.0,2.403911076738577,27.77132500805334,2.403911076738577,27.77132500805334,2.514399353331964,-0.814701250916429,-0.007872241923073934
5626.0,225.04,1.0,2.602898166799687,27.75396797910688,2.602898166799687,27.75396797910688,2.4900963381669645,-0.8053051621121923,-0.011467143891762725
5627.0,225.08,1.0,2.801717466887737,27.73519598995389,2.801717466887737,27.73519598995389,2.4658339133327605,-0.7892949823217196,-0.01495619428025247
5628.0,225.12,1.0,3.000357302153007,27.71501187096613,3.000357302153007,27.71501187096613,2.441612078829353,-0.7668667377763072,-0.01833446257073001
5629.0,225.16,1.0,3.19880603660098,27.693418550929934,3.19880603660098,27.693418550929934,2.417430834656741,-0.7382801300474388,-0.021587056278670688
5630.0,225.20000000000002,1.0,3.3970520739414987,27.670419056561137,3.3970520739414987,27.670419056561137,2.393290180814925,-0.7042378016022103,-0.024612319890792603
5631.0,225.24,0.0,3.595083858432186,27.64601651201247,3.595083858432186,27.64601651201247,2.3691901173039054,-0.667831436024577,-0.027404932479929856
5632.0,225.28,0.0,3.792889875716055,27.62021413837347,3.792889875716055,27.62021413837347,2.345130644123682,-0.6289594704869563,-0.02987876539394679
5633.0,225.32,0.0,3.9904586536532523,27.593015253163088,3.9904586536532523,27.593015253163088,2.321111761274254,-0.587497584836924,-0.0320338186328434
5634.0,225.36,1.0,4.187778763146851,27.564423269814952,4.187778763146851,27.564423269814952,2.2971334687556224,-0.5434457790744803,-0.0338700921966197
5635.0,225.4,0.0,4.384838818962652,27.53444169715535,4.384838818962652,27.53444169715535,2.2731957665677864,-0.4968040531996252,-0.03559516045820399
5636.0,225.44,0.0,4.581627480542894,27.503074138874158,4.581627480542894,27.503074138874158,2.249298654710747,-0.4489227050825858,-0.03713807751203446
5637.0,225.48000000000002,0.0,4.778133452813847,27.4703242929885,4.778133452813847,27.4703242929885,2.2254421331845027,-0.3998690718887591,-0.03866594014527444
5638.0,225.52,1.0,4.974345486987199,27.436195951299517,4.974345486987199,27.436195951299517,2.201626201989055,-0.3508154386949324,-0.04003145894440228
5639.0,225.56,1.0,5.170252381355176,27.40121544365149,5.170252381355176,27.40121544365149,2.177850861124403,-0.30176180550110565,-0.041222630165905945
5640.0,225.6,0.0,5.365842982079353,27.365376264310168,5.365842982079353,27.365376264310168,2.1541161105905466,-0.25433998065674734,-0.042149083567057405
5641.0,225.64000000000001,1.0,5.561106183973057,27.328671959163483,5.561106183973057,27.328671959163483,2.130421950387487,-0.2094290935550708,-0.04277188617078665
5642.0,225.68,0.0,5.756030931277351,27.29109612610956,5.756030931277351,27.29109612610956,2.106768380515223,-0.16737024075034962,-0.04307598583904372
5643.0,225.72,1.0,5.950606218430495,27.252642415441724,5.950606218430495,27.252642415441724,2.083155400973755,-0.1284065093699687,-0.043072914059153054
5644.0,225.76,1.0,6.144821090830848,27.213304530230214,6.144821090830848,27.213304530230214,2.0595830117630833,-0.09276945358739339,-0.04277760850394937
5645.0,225.8,0.0,6.338664645593148,27.17307622670087,6.338664645593148,27.17307622670087,2.036051212883207,-0.06063956950869913,-0.042240687197812855
5646.0,225.84,0.0,6.532126032298124,27.131951314610493,6.532126032298124,27.131951314610493,2.0125600043341274,-0.032976983353154216,-0.04150128265417846
5647.0,225.88,0.0,6.7251944537353445,27.089923657619092,6.7251944537353445,27.089923657619092,1.9891093861158433,-0.010330472063420948,-0.04057217726336372
5648.0,225.92000000000002,1.0,6.9178591666393086,27.046987173658813,6.9178591666393086,27.046987173658813,1.9656993582283553,0.0067270583752588,-0.039463329665749995
5649.0,225.96,1.0,7.110109482418672,27.003135835299652,7.110109482418672,27.003135835299652,1.9423299206716633,0.018526131853927243,-0.03825881292853256
5650.0,226.0,0.0,7.30193476787857,26.95836367011184,7.30193476787857,26.95836367011184,1.9190010734457672,0.02707367537900026,-0.03696295247855391
5651.0,226.04,0.0,7.493324445936004,26.91266476102499,7.493324445936004,26.91266476102499,1.8957128165506671,0.0331424772799091,-0.03560118786453443
5652.0,226.08,0.0,7.684267996328209,26.866033246683795,7.684267996328209,26.866033246683795,1.8724651499863627,0.03660821740422984,-0.03409202581372706
5653.0,226.12,0.0,7.874754956313967,26.818463321800536,7.874754956313967,26.818463321800536,1.8492580737528548,0.037470895751962496,-0.03243546632613182
5654.0,226.16,0.0,8.06477492136782,26.769949237504054,8.06477492136782,26.769949237504054,1.826091587850143,0.035730512323107054,-0.0306315094017487
5655.0,226.20000000000002,1.0,8.254317545867114,26.720485301685475,8.254317545867114,26.720485301685475,1.8029656922782265,0.03273736498789089,-0.028680155040577707
5656.0,226.24,1.0,8.443372543771853,26.670065879340385,8.443372543771853,26.670065879340385,1.7798803870371065,0.02844623710074814,-0.026581403242618835
5657.0,226.28,1.0,8.631929689297282,26.6186853929077,8.631929689297282,26.6186853929077,1.7568356721267824,0.02396384917176616,-0.024429438473527753
5658.0,226.32,0.0,8.819978817579177,26.565815877795593,8.819978817579177,26.565815877795593,1.733831547547254,0.019087275745072785,-0.022233143394149623
5659.0,226.36,2.0,9.00750982533179,26.511462355777905,9.00750982533179,26.511462355777905,1.710868013298522,0.013791342041760711,-0.020094771819300288
5660.0,226.4,2.0,9.194512671498398,26.45562994755784,9.194512671498398,26.45562994755784,1.6879450693805857,0.008076048061829927,-0.01805125950951707
5661.0,226.44,2.0,9.38097737789441,26.39836518247312,9.38097737789441,26.39836518247312,1.6650627157934452,0.002360754081899144,-0.016151473206882566
5662.0,226.48000000000002,2.0,9.566894029842999,26.340071028421214,9.566894029842999,26.340071028421214,1.6422209525371012,-0.0033545398980316388,-0.014392925949980689
5663.0,226.52,2.0,9.752252776803203,26.280303297837644,9.752252776803203,26.280303297837644,1.6194197796115533,-0.009069833877962421,-0.01277128382143963
5664.0,226.56,2.0,9.937043832990467,26.21906746409911,9.937043832990467,26.21906746409911,1.5966591970168007,-0.014785127857893205,-0.011284443345937228
5665.0,226.6,2.0,10.121257477989566,26.15672128699036,10.121257477989566,26.15672128699036,1.5739392047528447,-0.020500421837823985,-0.009911082522924297
5666.0,226.64000000000001,2.0,10.304884057359898,26.093014297124615,10.304884057359898,26.093014297124615,1.5512598028196845,-0.025638902866225083,-0.008633390839515085
5667.0,226.68,2.0,10.487913983233069,26.027845454914903,10.487913983233069,26.027845454914903,1.5286209912173199,-0.029459674735426093,-0.007451368295709588
5668.0,226.72,2.0,10.670337734902766,25.961220582659102,10.670337734902766,25.961220582659102,1.5060227699457516,-0.03196273744542702,-0.0063650148915078055
5669.0,226.76,2.0,10.852145859406866,25.89314559759672,10.852145859406866,25.89314559759672,1.4834651390049796,-0.033578307334237334,-0.005370005200067221
5670.0,226.8,2.0,11.033328972101726,25.82394726466534,11.033328972101726,25.82394726466534,1.4609480983950027,-0.035180735558871044,-0.004440899672667491
5671.0,226.84,2.0,11.214797292503295,25.75371599472685,11.214797292503295,25.75371599472685,1.4384716481158226,-0.03677002211932813,-0.0036591915820556363
5672.0,226.88,2.0,11.39657815201269,25.682447110130994,11.39657815201269,25.682447110130994,1.4160357881674381,-0.0383461670156086,-0.003024880928231658
5673.0,226.92000000000002,2.0,11.578668531373086,25.610135995608726,11.578668531373086,25.610135995608726,1.3936405185498497,-0.039909170247712455,-0.002537967711195555
5674.0,226.96,2.0,11.761065317757106,25.536778098549675,11.761065317757106,25.536778098549675,1.3712858392630571,-0.041459031815639695,-0.002198451930947329
5675.0,227.0,2.0,11.943765306545215,25.462368929275907,11.943765306545215,25.462368929275907,1.348971750307061,-0.04288319790842773,-0.0020063335874869782
5676.0,227.04,2.0,12.126765203121732,25.386904061311824,12.126765203121732,25.386904061311824,1.3266982516818606,-0.044116103959376526,-0.0018674282151588428
5677.0,227.08,2.0,12.310061624687913,25.310379131650304,12.310061624687913,25.310379131650304,1.3045397393018412,-0.044954824512613935,-0.001779210429664308
5678.0,227.12,2.0,12.493651102091626,25.232789841015013,12.493651102091626,25.232789841015013,1.2824348749916774,-0.04537418478923261,-0.0017351015369170414
5679.0,227.16,2.0,12.67755731906211,25.154131954118856,12.67755731906211,25.154131954118856,1.2608135731806045,-0.04537418478923261,-0.0017351015369170414
5680.0,227.20000000000002,2.0,12.861777736129998,25.074401299918662,12.861777736129998,25.074401299918662,1.2395660364615344,-0.04537418478923261,-0.0017351015369170414
5681.0,227.24,2.0,13.046309670163275,24.993593771865935,13.046309670163275,24.993593771865935,1.2183929597501137,-0.04537418478923261,-0.0017351015369170414
5682.0,227.28,2.0,13.231150304272244,24.911705328153687,13.231150304272244,24.911705328153687,1.197640897889087,-0.04537418478923261,-0.0017351015369170414
5683.0,227.32,2.0,13.41629669775729,24.828731991959522,13.41629669775729,24.828731991959522,1.177283197953145,-0.04537418478923261,-0.0017351015369170414
5684.0,227.36,2.0,13.601745796095596,24.74466985168465,13.601745796095596,24.74466985168465,1.1569741694867604,-0.04537418478923261,-0.0017351015369170414
5685.0,227.4,2.0,13.787494440962998,24.659515061189104,13.787494440962998,24.659515061189104,1.1367061931956413,-0.04537418478923261,-0.0017351015369170414
5686.0,227.44,2.0,13.973539380287026,24.573263840022946,13.973539380287026,24.573263840022946,1.116486994952144,-0.04537418478923261,-0.0017351015369170414
5687.0,227.48000000000002,2.0,14.159877278327343,24.48591247365352,14.159877278327343,24.48591247365352,1.096316219489863,-0.04537418478923261,-0.0017351015369170414
5688.0,227.52,2.0,14.346504725779651,24.39745731368882,14.346504725779651,24.39745731368882,1.076193511542393,-0.04537418478923261,-0.0017351015369170414
5689.0,227.56,2.0,14.533418249899158,24.307894778096784,14.533418249899158,24.307894778096784,1.0561185158433288,-0.04537418478923261,-0.0017351015369170414
5690.0,227.6,2.0,14.720614324639756,24.21722135142066,14.720614324639756,24.21722135142066,1.036090877126265,-0.04537418478923261,-0.0017351015369170414
5691.0,227.64000000000001,2.0,14.907169845530355,24.125433584990326,14.907169845530355,24.125433584990326,1.0161102401247963,-0.04537418478923261,-0.0017351015369170414
5692.0,227.68,2.0,15.092661696827745,24.032528097129635,15.092661696827745,24.032528097129635,0.9961809191057854,-0.04537418478923261,-0.0017351015369170414
5693.0,227.72,2.0,15.277039840941582,23.938501573359716,15.277039840941582,23.938501573359716,0.976301015145356,-0.04537418478923261,-0.0017351015369170414
5694.0,227.76,2.0,15.460303351713263,23.84335076659821,15.460303351713263,23.84335076659821,0.9564686293196316,-0.04537418478923261,-0.0017351015369170414
5695.0,227.8,2.0,15.642451488254512,23.747072497354466,15.642451488254512,23.747072497354466,0.9366818627047364,-0.04537418478923261,-0.0017351015369170414
5696.0,227.84,2.0,15.823483703304591,23.64966365392072,15.823483703304591,23.64966365392072,0.9169388163767941,-0.04537418478923261,-0.0017351015369170414
5697.0,227.88,2.0,16.003399651549273,23.551121192559084,16.003399651549273,23.551121192559084,0.8983639412317139,-0.04537418478923261,-0.0017351015369170414
5698.0,227.92000000000002,2.0,16.182199197898246,23.451442137684595,16.182199197898246,23.451442137684595,0.8813964445139656,-0.04537418478923261,-0.0017351015369170414
5699.0,227.96,2.0,16.359855188328492,23.350623582044054,16.359855188328492,23.350623582044054,0.8660301130328102,-0.04537418478923261,-0.0017351015369170414
5700.0,228.0,2.0,16.536366836009694,23.248662686890764,16.536366836009694,23.248662686890764,0.852264946788248,-0.04537418478923261,-0.0017351015369170414
5701.0,228.04,2.0,16.711733651777035,23.145556682155238,16.711733651777035,23.145556682155238,0.8401009457802789,-0.04537418478923261,-0.0017351015369170414
5702.0,228.08,2.0,16.8858897486603,23.04130286661164,16.8858897486603,23.04130286661164,0.8295652700700564,-0.04537418478923261,-0.0017351015369170414
5703.0,228.12,2.0,17.05882996663379,22.935898608040226,17.05882996663379,22.935898608040226,0.8206603039973042,-0.04537418478923261,-0.0017351015369170414
5704.0,228.16,2.0,17.23057077564054,22.829341343385526,17.23057077564054,22.829341343385526,0.8133888830302196,-0.04537418478923261,-0.0017351015369170414
5705.0,228.20000000000002,2.0,17.40111877851831,22.72162857891042,17.40111877851831,22.72162857891042,0.8077549357627413,-0.04537418478923261,-0.0017351015369170414
5706.0,228.24,2.0,17.570486724633138,22.612757890346035,17.570486724633138,22.612757890346035,0.8037618384495523,-0.04537418478923261,-0.0017351015369170414
5707.0,228.28,2.0,17.73868373863232,22.502726923037486,17.73868373863232,22.502726923037486,0.8014135993855502,-0.04537418478923261,-0.0017351015369170414
5708.0,228.32,2.0,17.905714397897462,22.391533392085346,17.905714397897462,22.391533392085346,0.8007135248637364,-0.04537418478923261,-0.0017351015369170414
5709.0,228.36,2.0,18.071591065131702,22.279175082483068,18.071591065131702,22.279175082483068,0.8016652328453431,-0.04537418478923261,-0.0017351015369170414
5710.0,228.4,2.0,18.236313893725285,22.16564984925003,18.236313893725285,22.16564984925003,0.8034494215815046,-0.04537418478923261,-0.0017351015369170414
5711.0,228.44,2.0,18.39988720640775,22.05095561756054,18.39988720640775,22.05095561756054,0.8060689748901547,-0.04537418478923261,-0.0017351015369170414
5712.0,228.48000000000002,2.0,18.562319342013907,21.935090382868474,18.562319342013907,21.935090382868474,0.8095276106835401,-0.04537418478923261,-0.0017351015369170414
5713.0,228.52,2.0,18.723584681377332,21.818052211027787,18.723584681377332,21.818052211027787,0.8134242824399548,-0.04537418478923261,-0.0017351015369170414
5714.0,228.56,2.0,18.883682118355267,21.699839238408753,18.883682118355267,21.699839238408753,0.8173615445271654,-0.04537418478923261,-0.0017351015369170414
5715.0,228.6,2.0,19.042608596512373,21.58044967200995,19.042608596512373,21.58044967200995,0.821339396945172,-0.04537418478923261,-0.0017351015369170414
5716.0,228.64000000000001,2.0,19.20036461660224,21.45988178956604,19.20036461660224,21.45988178956604,0.8253578396939746,-0.04537418478923261,-0.0017351015369170414
5717.0,228.68,2.0,19.35694572956398,21.338133939651257,19.35694572956398,21.338133939651257,0.8294168727735731,-0.04537418478923261,-0.0017351015369170414
5718.0,228.72,2.0,19.512352996480573,21.215204541778633,19.512352996480573,21.215204541778633,0.8335164961839676,-0.04537418478923261,-0.0017351015369170414
5719.0,228.76,2.0,19.666592806269374,21.091092086494996,19.666592806269374,21.091092086494996,0.8376567099251583,-0.04537418478923261,-0.0017351015369170414
5720.0,228.8,2.0,19.81967148445828,20.965795135471666,19.81967148445828,20.965795135471666,0.8418375139971448,-0.04537418478923261,-0.0017351015369170414
5721.0,228.84,2.0,19.97153999799487,20.839312321590867,19.97153999799487,20.839312321590867,0.8460589083999271,-0.04537418478923261,-0.0017351015369170414
5722.0,228.88,2.0,20.122220758916637,20.7116423490279,20.122220758916637,20.7116423490279,0.8503208931335058,-0.04537418478923261,-0.0017351015369170414
5723.0,228.92000000000002,2.0,20.271721822682874,20.582783993328956,20.271721822682874,20.582783993328956,0.8546234681978802,-0.04537418478923261,-0.0017351015369170414
5724.0,228.96,2.0,20.42002981063898,20.452736101484714,20.42002981063898,20.452736101484714,0.8589666335930506,-0.04537418478923261,-0.0017351015369170414
5725.0,229.0,2.0,20.56711135699983,20.321497591999588,20.56711135699983,20.321497591999588,0.863350389319017,-0.04537418478923261,-0.0017351015369170414
5726.0,229.04,2.0,20.7129116229585,20.189067454956707,20.7129116229585,20.189067454956707,0.8677747353757795,-0.04537418478923261,-0.0017351015369170414
5727.0,229.08,2.0,20.8573669186945,20.055444752078568,20.8573669186945,20.055444752078568,0.8722396717633378,-0.04537418478923261,-0.0017351015369170414
5728.0,229.12,2.0,21.000484083213657,19.920628616783393,21.000484083213657,19.920628616783393,0.8767451984816923,-0.04537418478923261,-0.0017351015369170414
5729.0,229.16,2.0,21.142134112361887,19.784618254237156,21.142134112361887,19.784618254237156,0.8812913155308427,-0.04537418478923261,-0.0017351015369170414
5730.0,229.20000000000002,2.0,21.282317693496736,19.647412941401328,21.282317693496736,19.647412941401328,0.8858780229107891,-0.04537418478923261,-0.0017351015369170414
5731.0,229.24,2.0,21.420948298278613,19.509012027076285,21.420948298278613,19.509012027076285,0.8905053206215315,-0.04537418478923261,-0.0017351015369170414
5732.0,229.28,2.0,21.557112454040556,19.369414931940387,21.557112454040556,19.369414931940387,0.8951732086630697,-0.04537418478923261,-0.0017351015369170414
5733.0,229.32,2.0,21.69085370109574,19.22862114858474,21.69085370109574,19.22862114858474,0.8998816870354042,-0.04537418478923261,-0.0017351015369170414
5734.0,229.36,2.0,21.822191213941256,19.08663024154366,21.822191213941256,19.08663024154366,0.9046307557385345,-0.04537418478923261,-0.0017351015369170414
5735.0,229.4,2.0,21.951138715091904,18.943441847320752,21.951138715091904,18.943441847320752,0.9094204147724607,-0.04537418478923261,-0.0017351015369170414
5736.0,229.44,2.0,22.07883843691957,18.799055674410745,22.07883843691957,18.799055674410745,0.9142506641371831,-0.04537418478923261,-0.0017351015369170414
5737.0,229.48000000000002,2.0,22.205322805625613,18.653471503316904,22.205322805625613,18.653471503316904,0.9191215038327013,-0.04537418478923261,-0.0017351015369170414
5738.0,229.52,2.0,22.33058877871093,18.50668918656418,22.33058877871093,18.50668918656418,0.9240329338590156,-0.04537418478923261,-0.0017351015369170414
5739.0,229.56,2.0,22.454627948066097,18.358708648708,22.454627948066097,18.358708648708,0.9289849542161259,-0.04537418478923261,-0.0017351015369170414
5740.0,229.6,2.0,22.577431918480116,18.209529886338732,22.577431918480116,18.209529886338732,0.9339775649040322,-0.04537418478923261,-0.0017351015369170414
5741.0,229.64000000000001,2.0,22.69904759014759,18.05915296808183,22.69904759014759,18.05915296808183,0.9390107659227341,-0.04537418478923261,-0.0017351015369170414
5742.0,229.68,2.0,22.81950792219087,17.907578034593595,22.81950792219087,17.907578034593595,0.9440845572722326,-0.04537418478923261,-0.0017351015369170414
5743.0,229.72,2.0,22.938807713200102,17.754805298552693,22.938807713200102,17.754805298552693,0.9491989389525267,-0.04537418478923261,-0.0017351015369170414
5744.0,229.76,2.0,23.05695169615892,17.600835044647265,23.05695169615892,17.600835044647265,0.9543539109636169,-0.04537418478923261,-0.0017351015369170414
5745.0,229.8,2.0,23.17396336764095,17.44601594755823,23.17396336764095,17.44601594755823,0.9595494733055031,-0.04537418478923261,-0.0017351015369170414
5746.0,229.84,2.0,23.289883376983504,17.290357314721962,23.289883376983504,17.290357314721962,0.9647856259781852,-0.04537418478923261,-0.0017351015369170414
5747.0,229.88,2.0,23.404765041259914,17.133868504050707,23.404765041259914,17.133868504050707,0.9700623689816634,-0.04537418478923261,-0.0017351015369170414
5748.0,229.92000000000002,2.0,23.518595876593857,16.9765589233698,23.518595876593857,16.9765589233698,0.9753797023159374,-0.04537418478923261,-0.0017351015369170414
5749.0,229.96,2.0,23.6314916261408,16.818367668338198,23.6314916261408,16.818367668338198,0.9807376259810076,-0.04537418478923261,-0.0017351015369170414
5750.0,230.0,2.0,23.74345070861278,16.65905247601788,23.74345070861278,16.65905247601788,0.9861361399768735,-0.04537418478923261,-0.0017351015369170414
5751.0,230.04,2.0,23.854651063810678,16.49893626484263,23.854651063810678,16.49893626484263,0.9915752443035357,-0.04537418478923261,-0.0017351015369170414
5752.0,230.08,2.0,23.965849139841033,16.33802866072151,23.965849139841033,16.33802866072151,0.9970549389609937,-0.04537418478923261,-0.0017351015369170414
5753.0,230.12,2.0,24.07703414686121,16.176163206419623,24.07703414686121,16.176163206419623,1.0025752239492478,-0.04537418478923261,-0.0017351015369170414
5754.0,230.16,2.0,24.188187792351528,16.013283166456127,24.188187792351528,16.013283166456127,1.008136099268298,-0.04537418478923261,-0.0017351015369170414
5755.0,230.20000000000002,2.0,24.299291819119233,15.849632202230943,24.299291819119233,15.849632202230943,1.0137375649181437,-0.04537418478923261,-0.0017351015369170414
5756.0,230.24,2.0,24.40935168552427,15.685220152164725,24.40935168552427,15.685220152164725,1.019379620898786,-0.04537418478923261,-0.0017351015369170414
5757.0,230.28,2.0,24.518243128623926,15.52005690043606,24.518243128623926,15.52005690043606,1.0250622672102236,-0.04537418478923261,-0.0017351015369170414
5758.0,230.32,2.0,24.625968238472577,15.35415237638707,24.625968238472577,15.35415237638707,1.0307855038524578,-0.04537418478923261,-0.0017351015369170414
5759.0,230.36,2.0,24.732529197475056,15.187417273072244,24.732529197475056,15.187417273072244,1.0365493308254878,-0.04537418478923261,-0.0017351015369170414
5760.0,230.4,2.0,24.837928281687194,15.019598253784409,24.837928281687194,15.019598253784409,1.0423537481293137,-0.04537418478923261,-0.0017351015369170414
5761.0,230.44,2.0,24.942167862109905,14.851059456651974,24.942167862109905,14.851059456651974,1.0481987557639358,-0.04537418478923261,-0.0017351015369170414
5762.0,230.48000000000002,2.0,25.045258521670906,14.681446422053893,25.045258521670906,14.681446422053893,1.0540843537293536,-0.04537418478923261,-0.0017351015369170414
5763.0,230.52,2.0,25.147202940252292,14.511019503628468,25.147202940252292,14.511019503628468,1.0600105420255674,-0.04537418478923261,-0.0017351015369170414
5764.0,230.56,2.0,25.247993962876098,14.339894830102283,25.247993962876098,14.339894830102283,1.0659773206525773,-0.04537418478923261,-0.0017351015369170414
5765.0,230.6,2.0,25.347635809152795,14.168082689213419,25.347635809152795,14.168082689213419,1.0719846896103833,-0.04537418478923261,-0.0017351015369170414
5766.0,230.64000000000001,2.0,25.44613114487838,13.995593410030505,25.44613114487838,13.995593410030505,1.0780326488989853,-0.04537418478923261,-0.0017351015369170414
5767.0,230.68,2.0,25.543482704776512,13.82243736233157,25.543482704776512,13.82243736233157,1.084121198518383,-0.04537418478923261,-0.0017351015369170414
5768.0,230.72,2.0,25.639693292334194,13.648501854625128,25.639693292334194,13.648501854625128,1.0902503384685769,-0.04537418478923261,-0.0017351015369170414
5769.0,230.76,2.0,25.73476577963317,13.473522324603527,25.73476577963317,13.473522324603527,1.0964200687495667,-0.04537418478923261,-0.0017351015369170414
5770.0,230.8,2.0,25.828703107177336,13.297437926593622,25.828703107177336,13.297437926593622,1.1026303893613525,-0.04537418478923261,-0.0017351015369170414
5771.0,230.84,2.0,25.9215082837159,13.12019790584226,25.9215082837159,13.12019790584226,1.1088813003039342,-0.04537418478923261,-0.0017351015369170414
5772.0,230.88,2.0,26.01318438606259,12.941972623109983,26.01318438606259,12.941972623109983,1.115172801577312,-0.04537418478923261,-0.0017351015369170414
5773.0,230.92000000000002,2.0,26.10373455891062,12.762762646380118,26.10373455891062,12.762762646380118,1.1215048931814857,-0.04537418478923261,-0.0017351015369170414
5774.0,230.96,2.0,26.19316201464366,12.582502185208991,26.19316201464366,12.582502185208991,1.1278775751164556,-0.04537418478923261,-0.0017351015369170414
5775.0,231.0,2.0,26.281470033142753,12.401158476869385,26.281470033142753,12.401158476869385,1.1342908473822213,-0.04537418478923261,-0.0017351015369170414
5776.0,231.04,2.0,26.36866196158908,12.218680313005693,26.36866196158908,12.218680313005693,1.1407447099787829,-0.04537418478923261,-0.0017351015369170414
5777.0,231.08,2.0,26.454741214262754,12.035214990455085,26.454741214262754,12.035214990455085,1.1472391629061407,-0.04537418478923261,-0.0017351015369170414
5778.0,231.12,2.0,26.53971127233757,11.850776117706502,26.53971127233757,11.850776117706502,1.1537742061642944,-0.04537418478923261,-0.0017351015369170414
5779.0,231.16,2.0,26.623575683671728,11.665249810464607,26.623575683671728,11.665249810464607,1.160349839753244,-0.04537418478923261,-0.0017351015369170414
5780.0,231.20000000000002,2.0,26.7063380625945,11.478639163488529,26.7063380625945,11.478639163488529,1.1669660636729897,-0.04537418478923261,-0.0017351015369170414
5781.0,231.24,2.0,26.788002089688973,11.290901860465334,26.788002089688973,11.290901860465334,1.1736228779235314,-0.04537418478923261,-0.0017351015369170414
5782.0,231.28,2.0,26.86857151157076,11.102157861930014,26.86857151157076,11.102157861930014,1.180320282504869,-0.04537418478923261,-0.0017351015369170414
5783.0,231.32,2.0,26.948050140662737,10.912409245847138,26.948050140662737,10.912409245847138,1.1870582774170026,-0.04537418478923261,-0.0017351015369170414
5784.0,231.36,2.0,27.026441854965864,10.721594720856324,27.026441854965864,10.721594720856324,1.1938368626599323,-0.04537418478923261,-0.0017351015369170414
5785.0,231.4,2.0,27.103750597826025,10.529722117506376,27.103750597826025,10.529722117506376,1.2006560382336577,-0.04537418478923261,-0.0017351015369170414
5786.0,231.44,2.0,27.179980377696943,10.33673424945828,27.179980377696943,10.33673424945828,1.2075158041381795,-0.04537418478923261,-0.0017351015369170414
5787.0,231.48000000000002,2.0,27.25513526789919,10.142701075404133,27.25513526789919,10.142701075404133,1.2144161603734969,-0.04537418478923261,-0.0017351015369170414
5788.0,231.52,2.0,27.328779868210503,9.9476202598019,27.328779868210503,9.9476202598019,1.2213571069396105,-0.04537418478923261,-0.0017351015369170414
5789.0,231.56,2.0,27.400909752239087,9.751974388849593,27.400909752239087,9.751974388849593,1.22833864383652,-0.04537418478923261,-0.0017351015369170414
5790.0,231.6,2.0,27.47152058466948,9.555775224389318,27.47152058466948,9.555775224389318,1.2353607710642256,-0.04537418478923261,-0.0017351015369170414
5791.0,231.64000000000001,2.0,27.54060812152322,9.35903456152368,27.54060812152322,9.35903456152368,1.2424234886227272,-0.04537418478923261,-0.0017351015369170414
5792.0,231.68,2.0,27.608168210413996,9.161764227906469,27.608168210413996,9.161764227906469,1.2495267965120247,-0.04537418478923261,-0.0017351015369170414
5793.0,231.72,2.0,27.67419679079732,8.96397608303137,27.67419679079732,8.96397608303137,1.256670694732118,-0.04537418478923261,-0.0017351015369170414
5794.0,231.76,2.0,27.738689894214613,8.765682017518772,27.738689894214613,8.765682017518772,1.2638551832830074,-0.04537418478923261,-0.0017351015369170414
5795.0,231.8,2.0,27.801643644531847,8.566893952400697,27.801643644531847,8.566893952400697,1.271080262164693,-0.04537418478923261,-0.0017351015369170414
5796.0,231.84,2.0,27.863054258172546,8.3676238384039,27.863054258172546,8.3676238384039,1.2783459313771746,-0.04537418478923261,-0.0017351015369170414
5797.0,231.88,2.0,27.922918044345263,8.167883655231186,27.922918044345263,8.167883655231186,1.2856521909204517,-0.04537418478923261,-0.0017351015369170414
5798.0,231.92000000000002,2.0,27.981231405265472,7.967685410840991,27.981231405265472,7.967685410840991,1.2929990407945253,-0.04537418478923261,-0.0017351015369170414
5799.0,231.96,2.0,28.03799083637186,7.767041140725245,28.03799083637186,7.767041140725245,1.3003864809993946,-0.04537418478923261,-0.0017351015369170414
5800.0,232.0,2.0,28.093192926537018,7.56596290718561,28.093192926537018,7.56596290718561,1.3078145115350601,-0.04537418478923261,-0.0017351015369170414
5801.0,232.04,2.0,28.146834358272503,7.364462798608069,28.146834358272503,7.364462798608069,1.3152831324015213,-0.04537418478923261,-0.0017351015369170414
5802.0,232.08,2.0,28.198911907928284,7.162552928735978,28.198911907928284,7.162552928735978,1.3227923435987787,-0.04537418478923261,-0.0017351015369170414
5803.0,232.12,2.0,28.249422445886516,6.9602454359415775,28.249422445886516,6.9602454359415775,1.330342145126832,-0.04537418478923261,-0.0017351015369170414
5804.0,232.16,2.0,28.298362936749683,6.757552482496026,28.298362936749683,6.757552482496026,1.3379325369856814,-0.04537418478923261,-0.0017351015369170414
5805.0,232.20000000000002,2.0,28.345730439523084,6.554486253837999,28.345730439523084,6.554486253837999,1.3455635191753266,-0.04537418478923261,-0.0017351015369170414
5806.0,232.24,2.0,28.391522107791587,6.351058957840894,28.391522107791587,6.351058957840894,1.353235091695768,-0.04537418478923261,-0.0017351015369170414
5807.0,232.28,2.0,28.43573518989079,6.14728282407868,28.43573518989079,6.14728282407868,1.3609472545470052,-0.04537418478923261,-0.0017351015369170414
5808.0,232.32,2.0,28.478367029072334,5.943170103090455,28.478367029072334,5.943170103090455,1.3687000077290383,-0.04537418478923261,-0.0017351015369170414
5809.0,232.36,2.0,28.519415063663697,5.73873306564374,28.519415063663697,5.73873306564374,1.3764527609110717,-0.04537418478923261,-0.0017351015369170414
5810.0,232.4,2.0,28.558876827222107,5.533984001996543,28.558876827222107,5.533984001996543,1.3842055140931049,-0.04537418478923261,-0.0017351015369170414
5811.0,232.44,2.0,28.596749948682792,5.328935221158267,28.596749948682792,5.328935221158267,1.3919582672751383,-0.04537418478923261,-0.0017351015369170414
5812.0,232.48000000000002,2.0,28.633032152501535,5.123599050149488,28.633032152501535,5.123599050149488,1.3997110204571717,-0.04537418478923261,-0.0017351015369170414
5813.0,232.52,2.0,28.667721258791374,4.917987833260644,28.667721258791374,4.917987833260644,1.4074637736392046,-0.04537418478923261,-0.0017351015369170414
5814.0,232.56,2.0,28.70081518345369,4.712113931309695,28.70081518345369,4.712113931309695,1.415216526821238,-0.04537418478923261,-0.0017351015369170414
5815.0,232.6,2.0,28.732311938303386,4.505989720898773,28.732311938303386,4.505989720898773,1.4229692800032712,-0.04537418478923261,-0.0017351015369170414
5816.0,232.64000000000001,2.0,28.76220963118843,4.2996275936699115,28.76220963118843,4.2996275936699115,1.4307220331853046,-0.04537418478923261,-0.0017351015369170414
5817.0,232.68,2.0,28.79050646610352,4.093039955559837,28.79050646610352,4.093039955559837,1.4384747863673377,-0.04537418478923261,-0.0017351015369170414
5818.0,232.72,2.0,28.817200743298017,3.886239226053931,28.817200743298017,3.886239226053931,1.446227539549371,-0.04537418478923261,-0.0017351015369170414
5819.0,232.76,2.0,28.84229085937811,3.679237837439359,28.84229085937811,3.679237837439359,1.453980292731404,-0.04537418478923261,-0.0017351015369170414
5820.0,232.8,2.0,28.865775307403098,3.4720482340574357,28.865775307403098,3.4720482340574357,1.4617330459134374,-0.04537418478923261,-0.0017351015369170414
5821.0,232.84,2.0,28.887652676975982,3.264682871555271,28.887652676975982,3.264682871555271,1.4694857990954708,-0.04537418478923261,-0.0017351015369170414
5822.0,232.88,2.0,28.90792165432817,3.0571542161367304,28.90792165432817,3.0571542161367304,1.477238552277504,-0.04537418478923261,-0.0017351015369170414
5823.0,232.92000000000002,2.0,28.926581022398388,2.8494747438127592,28.926581022398388,2.8494747438127592,1.4849913054595372,-0.04537418478923261,-0.0017351015369170414
5824.0,232.96,2.0,28.9436296609058,2.641656939651126,28.9436296609058,2.641656939651126,1.4927440586415703,-0.04537418478923261,-0.0017351015369170414
5825.0,233.0,2.0,28.959066546417294,2.433713297025615,28.959066546417294,2.433713297025615,1.5004968118236037,-0.04537418478923261,-0.0017351015369170414
5826.0,233.04,2.0,28.972881018635025,2.225696257122965,28.972881018635025,2.225696257122965,1.5082413398416485,-0.04537418478923261,-0.0017351015369170414
5827.0,233.08,2.0,28.985088340139736,2.0175850039334637,28.985088340139736,2.0175850039334637,1.5159858708966578,-0.04537418478923261,-0.0017351015369170414
5828.0,233.12,2.0,28.995694187963842,1.8093986181595378,28.995694187963842,1.8093986181595378,1.5237304080255967,-0.04537418478923261,-0.0017351015369170414
5829.0,233.16,2.0,29.004704387022414,1.6011561358086512,29.004704387022414,1.6011561358086512,1.5314749542654287,-0.04537418478923261,-0.0017351015369170414
5830.0,233.20000000000002,2.0,29.012124909761457,1.3928765470471454,29.012124909761457,1.3928765470471454,1.5392195126531185,-0.04537418478923261,-0.0017351015369170414
5831.0,233.24,2.0,29.017961875797198,1.1845787950568507,29.017961875797198,1.1845787950568507,1.5469640862256315,-0.04537418478923261,-0.0017351015369170414
5832.0,233.28,2.0,29.022221551546608,0.9762817748945307,29.022221551546608,0.9762817748945307,1.554708678019931,-0.04537418478923261,-0.0017351015369170414
5833.0,233.32,2.0,29.024910349849023,0.7680043323542344,29.024910349849023,0.7680043323542344,1.562453291072983,-0.04537418478923261,-0.0017351015369170414
5834.0,233.36,2.0,29.026034829578972,0.5597652628326205,29.026034829578972,0.5597652628326205,1.5701979284217502,-0.04537418478923261,-0.0017351015369170414
5835.0,233.4,2.0,29.025601695250224,0.3515833101973255,29.025601695250224,0.3515833101973255,1.5779425931031987,-0.04537418478923261,-0.0017351015369170414
5836.0,233.44,2.0,29.02361779661102,0.14347716565844093,29.02361779661102,0.14347716565844093,1.585687288154292,-0.04537418478923261,-0.0017351015369170414
5837.0,233.48000000000002,2.0,29.020111757277828,-0.06451406598584697,29.020111757277828,-0.06451406598584697,1.5934166138328039,-0.04537418478923261,-0.0017351015369170414
5838.0,233.52,2.0,29.01509470386329,-0.2723431222592974,29.01509470386329,-0.2723431222592974,1.6011294767753066,-0.04537418478923261,-0.0017351015369170414
5839.0,233.56,2.0,29.008589812221977,-0.47999583891006464,29.008589812221977,-0.47999583891006464,1.6088252854341651,-0.04537418478923261,-0.0017351015369170414
5840.0,233.6,2.0,29.000613970130257,-0.6874519340205635,29.000613970130257,-0.6874519340205635,1.6165035221072022,-0.04537418478923261,-0.0017351015369170414
5841.0,233.64000000000001,2.0,28.99118305622153,-0.8946802049948072,28.99118305622153,-0.8946802049948072,1.6241626744354083,-0.04537418478923261,-0.0017351015369170414
5842.0,233.68,2.0,28.98031454993572,-1.1016656602360293,28.98031454993572,-1.1016656602360293,1.631802194278808,-0.04537418478923261,-0.0017351015369170414
5843.0,233.72,2.0,28.968025358111355,-1.3083871961032836,28.968025358111355,-1.3083871961032836,1.6394206411770524,-0.04537418478923261,-0.0017351015369170414
5844.0,233.76,2.0,28.954321979491464,-1.5148350904646344,28.954321979491464,-1.5148350904646344,1.647017077516927,-0.04537418478923261,-0.0017351015369170414
5845.0,233.8,2.0,28.9392238711903,-1.7209786468683521,28.9392238711903,-1.7209786468683521,1.6545903492614082,-0.04537418478923261,-0.0017351015369170414
5846.0,233.84,2.0,28.92276459531731,-1.9268350117568427,28.92276459531731,-1.9268350117568427,1.6621471113580102,-0.04537418478923261,-0.0017351015369170414
5847.0,233.88,2.0,28.904940278839423,-2.132341514871434,28.904940278839423,-2.132341514871434,1.6696789216928554,-0.04537418478923261,-0.0017351015369170414
5848.0,233.92000000000002,2.0,28.88574532958371,-2.3375035404711304,28.88574532958371,-2.3375035404711304,1.6771853720521632,-0.04537418478923261,-0.0017351015369170414
5849.0,233.96,2.0,28.865193425322225,-2.5423060362726333,28.865193425322225,-2.5423060362726333,1.684665597581893,-0.04537418478923261,-0.0017351015369170414
5850.0,234.0,2.0,28.84329843861222,-2.7467341489490953,28.84329843861222,-2.7467341489490953,1.692118733428005,-0.04537418478923261,-0.0017351015369170414
5851.0,234.04,2.0,28.820074435049744,-2.95077322580815,28.820074435049744,-2.95077322580815,1.699543914736458,-0.04537418478923261,-0.0017351015369170414
5852.0,234.08,2.0,28.7955155872707,-3.154408839252228,28.7955155872707,-3.154408839252228,1.7069440358366181,-0.04537418478923261,-0.0017351015369170414
5853.0,234.12,2.0,28.769635414032553,-3.3576393705500256,28.769635414032553,-3.3576393705500256,1.7143179148300565,-0.04537418478923261,-0.0017351015369170414
5854.0,234.16,2.0,28.74246143279708,-3.560440919797748,28.74246143279708,-3.560440919797748,1.7216643274259016,-0.04537418478923261,-0.0017351015369170414
5855.0,234.20000000000002,2.0,28.713996459020834,-3.7627956126368782,28.713996459020834,-3.7627956126368782,1.7289816206446378,-0.04537418478923261,-0.0017351015369170414
5856.0,234.24,2.0,28.68424380254949,-3.964707035128066,28.68424380254949,-3.964707035128066,1.7362692219262974,-0.04537418478923261,-0.0017351015369170414
5857.0,234.28,2.0,28.653199287280444,-4.166179796961774,28.653199287280444,-4.166179796961774,1.7435416002717792,-0.04537418478923261,-0.0017351015369170414
5858.0,234.32,2.0,28.62087657137179,-4.367226942225,28.62087657137179,-4.367226942225,1.750798918303184,-0.04537418478923261,-0.0017351015369170414
5859.0,234.36,2.0,28.58727372448624,-4.567833490337631,28.58727372448624,-4.567833490337631,1.7580378444888247,-0.04537418478923261,-0.0017351015369170414
5860.0,234.4,2.0,28.552372260495577,-4.76799448692115,28.552372260495577,-4.76799448692115,1.765257721523498,-0.04537418478923261,-0.0017351015369170414
5861.0,234.44,2.0,28.516137118543888,-4.967754066700161,28.516137118543888,-4.967754066700161,1.7724617497195938,-0.04537418478923261,-0.0017351015369170414
5862.0,234.48000000000002,2.0,28.478584183782505,-5.1670886989677465,28.478584183782505,-5.1670886989677465,1.779648282180792,-0.04537418478923261,-0.0017351015369170414
5863.0,234.52,2.0,28.439730285921154,-5.365981316476427,28.439730285921154,-5.365981316476427,1.7868165643311484,-0.04537418478923261,-0.0017351015369170414
5864.0,234.56,2.0,28.399603032465063,-5.564403824368237,28.399603032465063,-5.564403824368237,1.7939653387475825,-0.04537418478923261,-0.0017351015369170414
5865.0,234.6,2.0,28.358224728130264,-5.762348201143848,28.358224728130264,-5.762348201143848,1.8010904475701197,-0.04537418478923261,-0.0017351015369170414
5866.0,234.64000000000001,2.0,28.315592267891727,-5.95978774360554,28.315592267891727,-5.95978774360554,1.808191415443319,-0.04537418478923261,-0.0017351015369170414
5867.0,234.68,2.0,28.27174339238626,-6.156738431376313,28.27174339238626,-6.156738431376313,1.8152664629219433,-0.04537418478923261,-0.0017351015369170414
5868.0,234.72,2.0,28.226694328790188,-6.3531385559959475,28.226694328790188,-6.3531385559959475,1.822309844483093,-0.04537418478923261,-0.0017351015369170414
5869.0,234.76,2.0,28.180471109461134,-6.548999232359739,28.180471109461134,-6.548999232359739,1.8293129882756847,-0.04537418478923261,-0.0017351015369170414
5870.0,234.8,2.0,28.133070160250075,-6.744300905640075,28.133070160250075,-6.744300905640075,1.8362775593002905,-0.04537418478923261,-0.0017351015369170414
5871.0,234.84,2.0,28.08449803355348,-6.9390415503675875,28.08449803355348,-6.9390415503675875,1.8432021689921674,-0.04537418478923261,-0.0017351015369170414
5872.0,234.88,2.0,28.034781156033752,-7.13321894650431,28.034781156033752,-7.13321894650431,1.850087052040568,-0.04537418478923261,-0.0017351015369170414
5873.0,234.92000000000002,2.0,27.98392659338819,-7.326818091411357,27.98392659338819,-7.326818091411357,1.8569338644655695,-0.04537418478923261,-0.0017351015369170414
5874.0,234.96,2.0,27.93192740173748,-7.519846285746599,27.93192740173748,-7.519846285746599,1.8637416013321335,-0.04537418478923261,-0.0017351015369170414
5875.0,235.0,2.0,27.87880133242443,-7.712304822728342,27.87880133242443,-7.712304822728342,1.8705118214133798,-0.04537418478923261,-0.0017351015369170414
5876.0,235.04,2.0,27.82456563982375,-7.9036707094894085,27.82456563982375,-7.9036707094894085,1.877242878724839,-0.04537418478923261,-0.0017351015369170414
5877.0,235.08,2.0,27.769223436948536,-8.093940165579854,27.769223436948536,-8.093940165579854,1.8839369262517809,-0.04537418478923261,-0.0017351015369170414
5878.0,235.12,2.0,27.712777650116283,-8.283109476467041,27.712777650116283,-8.283109476467041,1.8905948222665545,-0.04537418478923261,-0.0017351015369170414
5879.0,235.16,2.0,27.655234899559606,-8.471174993758952,27.655234899559606,-8.471174993758952,1.8972251431394922,-0.04537418478923261,-0.0017351015369170414
5880.0,235.20000000000002,2.0,27.59662480823646,-8.658133135423528,27.59662480823646,-8.658133135423528,1.9038301366227093,-0.04537418478923261,-0.0017351015369170414
5881.0,235.24,2.0,27.536994746117276,-8.84398038600401,27.536994746117276,-8.84398038600401,1.9104091875075588,-0.04537418478923261,-0.0017351015369170414
5882.0,235.28,2.0,27.47633970387406,-9.028713296830283,27.47633970387406,-9.028713296830283,1.916965563575069,-0.04537418478923261,-0.0017351015369170414
5883.0,235.32,2.0,27.415037408034323,-9.212328486226209,27.415037408034323,-9.212328486226209,1.9235025326062678,-0.04537418478923261,-0.0017351015369170414
5884.0,235.36,2.0,27.35312271160923,-9.3948226397129,27.35312271160923,-9.3948226397129,1.9300233623821816,-0.04537418478923261,-0.0017351015369170414
5885.0,235.4,2.0,27.290574033168628,-9.576192510208003,27.290574033168628,-9.576192510208003,1.9365344375445437,-0.04537418478923261,-0.0017351015369170414
5886.0,235.44,2.0,27.227386217706545,-9.756434918220872,27.227386217706545,-9.756434918220872,1.9430372203579456,-0.04537418478923261,-0.0017351015369170414
5887.0,235.48000000000002,2.0,27.163529368151984,-9.935546752043727,27.163529368151984,-9.935546752043727,1.9495320789272985,-0.04537418478923261,-0.0017351015369170414
5888.0,235.52,2.0,27.0990068815547,-10.113524967938705,27.0990068815547,-10.113524967938705,1.9560196758886352,-0.04537418478923261,-0.0017351015369170414
5889.0,235.56,2.0,27.033793404686048,-10.290366590320831,27.033793404686048,-10.290366590320831,1.9624999188970167,-0.04537418478923261,-0.0017351015369170414
5890.0,235.6,2.0,26.96789331796656,-10.466068711936897,26.96789331796656,-10.466068711936897,1.9689891687560788,-0.04537418478923261,-0.0017351015369170414
5891.0,235.64000000000001,2.0,26.901216244858364,-10.640628494040222,26.901216244858364,-10.640628494040222,1.9755019295957637,-0.04537418478923261,-0.0017351015369170414
5892.0,235.68,2.0,26.83377603809829,-10.814043166561301,26.83377603809829,-10.814043166561301,1.9820352747210683,-0.04537418478923261,-0.0017351015369170414
5893.0,235.72,2.0,26.76558333964473,-10.986310028274316,26.76558333964473,-10.986310028274316,1.9885839056284926,-0.04537418478923261,-0.0017351015369170414
5894.0,235.76,2.0,26.696615707859255,-11.157426446959512,26.696615707859255,-11.157426446959512,1.9951489968707745,-0.04537418478923261,-0.0017351015369170414
5895.0,235.8,2.0,26.62685064127271,-11.32738985956142,26.62685064127271,-11.32738985956142,2.0017317230006504,-0.04537418478923261,-0.0017351015369170414
5896.0,235.84,2.0,26.556265587183887,-11.496197772342924,26.556265587183887,-11.496197772342924,2.0083332585708566,-0.04537418478923261,-0.0017351015369170414
5897.0,235.88,2.0,26.48483795030465,-11.663847761035154,26.48483795030465,-11.663847761035154,2.014954778134131,-0.04537418478923261,-0.0017351015369170414
5898.0,235.92000000000002,2.0,26.41254510144505,-11.830337470983208,26.41254510144505,-11.830337470983208,2.0215974562432084,-0.04537418478923261,-0.0017351015369170414
5899.0,235.96,2.0,26.33936438623163,-11.995664617287686,26.33936438623163,-11.995664617287686,2.0282624674508267,-0.04537418478923261,-0.0017351015369170414
5900.0,236.0,2.0,26.265273133852247,-12.159826984942011,26.265273133852247,-12.159826984942011,2.034950986309723,-0.04537418478923261,-0.0017351015369170414
5901.0,236.04,2.0,26.190249789952574,-12.322822428965587,26.190249789952574,-12.322822428965587,2.0416334278601314,-0.04537418478923261,-0.0017351015369170414
5902.0,236.08,2.0,26.11424025805922,-12.484648874532706,26.11424025805922,-12.484648874532706,2.0483419778280822,-0.04537418478923261,-0.0017351015369170414
5903.0,236.12,2.0,26.037191349677354,-12.64530431709725,26.037191349677354,-12.64530431709725,2.055078062427103,-0.04537418478923261,-0.0017351015369170414
5904.0,236.16,2.0,25.95904969485363,-12.804786822513172,25.95904969485363,-12.804786822513172,2.061843107870722,-0.04537418478923261,-0.0017351015369170414
5905.0,236.20000000000002,2.0,25.879761777031746,-12.96309452715075,25.879761777031746,-12.96309452715075,2.0686385403724667,-0.04537418478923261,-0.0017351015369170414
5906.0,236.24,2.0,25.799278741045512,-13.12022563800856,25.799278741045512,-13.12022563800856,2.075467442197923,-0.04537418478923261,-0.0017351015369170414
5907.0,236.28,2.0,25.717547327034833,-13.276178432821261,25.717547327034833,-13.276178432821261,2.0823339375586003,-0.04537418478923261,-0.0017351015369170414
5908.0,236.32,2.0,25.634514026379684,-13.430951260163084,25.634514026379684,-13.430951260163084,2.0892421506660095,-0.04537418478923261,-0.0017351015369170414
5909.0,236.36,2.0,25.55012512562038,-13.584542539547071,25.55012512562038,-13.584542539547071,2.0961962057316628,-0.04537418478923261,-0.0017351015369170414
5910.0,236.4,2.0,25.464326750481227,-13.736950761520045,25.464326750481227,-13.736950761520045,2.1032002269670693,-0.04537418478923261,-0.0017351015369170414
5911.0,236.44,2.0,25.37714966632515,-13.888174487753323,25.37714966632515,-13.888174487753323,2.110241136455815,-0.04537418478923261,-0.0017351015369170414
5912.0,236.48000000000002,2.0,25.28852067136827,-14.038212351129143,25.28852067136827,-14.038212351129143,2.1173232871064314,-0.043521586826458285,-0.001695000235679614
5913.0,236.52,2.0,25.19837007403558,-14.187063055822783,25.19837007403558,-14.187063055822783,2.1244534036359464,-0.03936280370720536,-0.001654898934442187
5914.0,236.56,2.0,25.106661602912194,-14.334725377380446,25.106661602912194,-14.334725377380446,2.1316317377051495,-0.032897835431473864,-0.0016140343960690045
5915.0,236.6,2.0,25.013359419910614,-14.481198162792811,25.013359419910614,-14.481198162792811,2.1388585409748333,-0.024126681999263804,-0.001572406620560066
5916.0,236.64000000000001,2.0,24.918428148376204,-14.626480330564299,24.918428148376204,-14.626480330564299,2.1461340651057887,-0.013049343410575176,-0.0015300156079153715
5917.0,236.68,2.0,24.82183290088731,-14.77057087077803,24.82183290088731,-14.77057087077803,2.1534585617588067,0.00033418033459201756,-0.0014868613581349212
5918.0,236.72,2.0,24.723539306727055,-14.913468845156503,24.723539306727055,-14.913468845156503,2.1608322825946784,0.016023889236237775,-0.001442943871218715
5919.0,236.76,2.0,24.623513539004307,-15.055173387117934,24.623513539004307,-15.055173387117934,2.168255479274196,0.03401978329436211,-0.001398263147166753
5920.0,236.8,2.0,24.521722341401453,-15.195683701828306,24.521722341401453,-15.195683701828306,2.1757284034581503,0.054321862508965,-0.001352819185979035
5921.0,236.84,2.0,24.41813193039486,-15.33499906624909,24.41813193039486,-15.33499906624909,2.1832820663198333,0.07693012688004645,-0.0013066119876555611
5922.0,236.88,2.0,24.31274168854464,-15.47311882918066,24.31274168854464,-15.47311882918066,2.1908857083467446,0.10159407677528472,-0.0012604047893320872
5923.0,236.92000000000002,2.0,24.205550748677346,-15.610042411301368,24.205550748677346,-15.610042411301368,2.198539329538884,0.12625802667052297,-0.0010472479064553477
5924.0,236.96,2.0,24.09655911714295,-15.745769305202332,24.09655911714295,-15.745769305202332,2.206242929896251,0.15092197656576123,-0.0006771298813538017
5925.0,237.0,2.0,23.985767672290823,-15.88029907541786,23.985767672290823,-15.88029907541786,2.213996509418846,0.17558592646099946,-9.991611259132356e-05
5926.0,237.04,2.0,23.873178162298178,-16.01363135845157,23.873178162298178,-16.01363135845157,2.2218000681066687,0.20024987635623773,0.0007277829933450078
5927.0,237.08,2.0,23.758793202352386,-16.14576586279817,23.758793202352386,-16.14576586279817,2.229653605959719,0.224913826251476,0.0017657403739127075
5928.0,237.12,2.0,23.642616271189652,-16.27670236896094,23.642616271189652,-16.27670236896094,2.237557122977998,0.24957777614671425,0.0030513811329901746
5929.0,237.16,2.0,23.524651706992714,-16.406440729464826,23.524651706992714,-16.406440729464826,2.2455106191615046,0.2742417260419525,0.004548344901291037
5930.0,237.20000000000002,2.0,23.40490470265074,-16.534980868865254,23.40490470265074,-16.534980868865254,2.253514094510239,0.29890567593719075,0.00623249431792843
5931.0,237.24,2.0,23.283381300385205,-16.662322783752597,23.283381300385205,-16.662322783752597,2.2615675490242015,0.3217170278696546,0.008085570853893184
5932.0,237.28,2.0,23.160088385745958,-16.788466542752303,23.160088385745958,-16.788466542752303,2.269670982703391,0.34083769454374396,0.010069263734666873
5933.0,237.32,2.0,23.035033680982057,-16.91341228652068,23.035033680982057,-16.91341228652068,2.2778243955478095,0.35559874014374104,0.012254389751105151
5934.0,237.36,2.0,22.90822573779271,-17.03716022773639,22.90822573779271,-17.03716022773639,2.2860277875574555,0.3667082790626289,0.01462731412699268
5935.0,237.4,2.0,22.779673929463826,-17.15971065108757,22.779673929463826,-17.15971065108757,2.2942811587323293,0.3741663113004076,0.017188036862329458
5936.0,237.44,2.0,22.6493884423964,-17.28106391325465,22.6493884423964,-17.28106391325465,2.302584509072431,0.37797283685707705,0.01993655795711548
5937.0,237.48000000000002,2.0,22.517380267033207,-17.4012204428888,22.517380267033207,-17.4012204428888,2.310937838577761,0.37812785573263735,0.022872877411350755
5938.0,237.52,2.0,22.383661188190963,-17.52018074058613,22.383661188190963,-17.52018074058613,2.319341147248318,0.3759766894517191,0.026020986521073437
5939.0,237.56,2.0,22.248243774805356,-17.63794537885747,22.248243774805356,-17.63794537885747,2.32770386558808,0.3715193380143222,0.02939223823360882
5940.0,237.6,2.0,22.111141369097027,-17.754515002093882,22.111141369097027,-17.754515002093882,2.3360259935970453,0.3647558014204468,0.03298260686232959
5941.0,237.64000000000001,1.0,21.972368075166738,-17.869890326527837,21.972368075166738,-17.869890326527837,2.344307531275215,0.35593657930241457,0.036798468284750654
5942.0,237.68,1.0,21.831938747028737,-17.984072140190072,21.831938747028737,-17.984072140190072,2.3525484786225888,0.3471173571843823,0.04071395199681088
5943.0,237.72,1.0,21.689868976091457,-18.097061302862116,21.689868976091457,-18.097061302862116,2.3607488356391664,0.3382981350663501,0.04456446448492792
5944.0,237.76,0.0,21.54617507809534,-18.208858746024525,21.54617507809534,-18.208858746024525,2.368908602324948,0.3294789129483179,0.048316728824215886
5945.0,237.8,1.0,21.400874079517802,-18.319465472800786,21.400874079517802,-18.319465472800786,2.377027778679934,0.32065969083028567,0.051866450310539915
5946.0,237.84,0.0,21.25398370345596,-18.428882557896923,21.25398370345596,-18.428882557896923,2.3851063647041233,0.31184046871225346,0.05521933725502197
5947.0,237.88,1.0,21.105522354998,-18.537111147536784,21.105522354998,-18.537111147536784,2.393144360397517,0.30530961245725685,0.05860248144413831
5948.0,237.92000000000002,1.0,20.955509106094475,-18.64415245939305,20.955509106094475,-18.64415245939305,2.4011417657601144,0.30261196303533433,0.06198732025924727
5949.0,237.96,1.0,20.803963679941273,-18.750007782513936,20.803963679941273,-18.750007782513936,2.4090985807919165,0.3038701144605223,0.06518497342601967
5950.0,238.0,1.0,20.650906434886313,-18.854678477245585,20.650906434886313,-18.854678477245585,2.417014805492922,0.30915273187937287,0.0681735981722273
5951.0,238.04,1.0,20.496358347872434,-18.958165975150198,20.496358347872434,-18.958165975150198,2.4248904398631317,0.3195145367040301,0.07103160657362599
5952.0,238.08,0.0,20.340340997429216,-19.06047177891987,20.340340997429216,-19.06047177891987,2.432725483902545,0.3358585010326218,0.07368741860222434
5953.0,238.12,0.0,20.18287654622694,-19.16159746228615,20.18287654622694,-19.16159746228615,2.4405199376111635,0.35354778688584415,0.07615466903423768
5954.0,238.16,0.0,20.023987723206133,-19.26154466992533,20.023987723206133,-19.26154466992533,2.448273800988985,0.3725823942636971,0.07843335786966603
5955.0,238.20000000000002,0.0,19.863697805296518,-19.360315117359466,19.863697805296518,-19.360315117359466,2.4559870740360106,0.39296232316618074,0.08052348510850936
5956.0,238.24,1.0,19.702030598739444,-19.45791059085314,19.702030598739444,-19.45791059085314,2.4636597567522407,0.414687573593295,0.08242505075076768
5957.0,238.28,1.0,19.53901042002833,-19.55433294730595,19.53901042002833,-19.55433294730595,2.4712918491376743,0.43641282402040926,0.08411406350040285
5958.0,238.32,1.0,19.37466207648169,-19.64958411414081,19.37466207648169,-19.64958411414081,2.4788833511923123,0.4581380744475235,0.0847839690008835
5959.0,238.36,1.0,19.209010846463862,-19.74366608918793,19.209010846463862,-19.74366608918793,2.486434262916154,0.4798633248746378,0.08442743999151167
5960.0,238.4,0.0,19.04208245926866,-19.836580940564613,19.04208245926866,-19.836580940564613,2.4939445843092,0.5015885753017519,0.08304288951853551
5961.0,238.44,0.0,18.87390307468147,-19.928330806550818,18.87390307468147,-19.928330806550818,2.50141431537145,0.5233138257288662,0.08058362576108374
5962.0,238.48000000000002,0.0,18.704499262235586,-20.0189178954605,18.704499262235586,-20.0189178954605,2.508843456102904,0.5445880453554045,0.07718315159457505
5963.0,238.52,1.0,18.53389798017881,-20.108344485508724,18.53389798017881,-20.108344485508724,2.5162320065035617,0.5641175043850651,0.07282460934245914
5964.0,238.56,1.0,18.362126554166455,-20.1966129246746,18.362126554166455,-20.1966129246746,2.5235799665734238,0.581902202817848,0.06756890411535803
5965.0,238.6,0.0,18.189212655697343,-20.283725630560003,18.189212655697343,-20.283725630560003,2.5308873363124893,0.5978707883060377,0.061461325173878034
5966.0,238.64000000000001,0.0,18.0151842803093,-20.36968509024413,18.0151842803093,-20.36968509024413,2.5381541157207597,0.6090770059468693,0.05422848478557207
5967.0,238.68,0.0,17.84006972555104,-20.45449386013384,17.84006972555104,-20.45449386013384,2.545380304798233,0.6120440624522426,0.045711016110556064
5968.0,238.72,0.0,17.663897568747405,-20.53815456580988,17.663897568747405,-20.53815456580988,2.5525659035449118,0.6066493638081213,0.03612193678404599
5969.0,238.76,1.0,17.486696644575144,-20.620669901868883,17.486696644575144,-20.620669901868883,2.5597109119607935,0.5928242448679533,0.02582520611692112
5970.0,238.8,1.0,17.308496022466453,-20.70204263176128,17.308496022466453,-20.70204263176128,2.566815330045879,0.5708984843214904,0.01552847544979625
5971.0,238.84,1.0,17.129324983857803,-20.781269992995345,17.129324983857803,-20.781269992995345,2.573879157800169,0.5408801595234104,0.005231744782671379
5972.0,238.88,1.0,16.94961573421579,-20.858339778426046,16.94961573421579,-20.858339778426046,2.5809023952236636,0.5062523722157098,-0.005064985884453493
5973.0,238.92000000000002,1.0,16.76990435853931,-20.933245407006474,16.76990435853931,-20.933245407006474,2.5878850423163615,0.4670400919665996,-0.015361716551578364
5974.0,238.96,0.0,16.590175912328796,-21.005981198156444,16.590175912328796,-21.005981198156444,2.594827099078264,0.423389737767965,-0.025658447218703233
5975.0,239.0,0.0,16.410440621161957,-21.07654237447107,16.410440621161957,-21.07654237447107,2.6017285655093696,0.3765904568804463,-0.03595517788582811
5976.0,239.04,0.0,16.230672141153278,-21.144925063780093,16.230672141153278,-21.144925063780093,2.6085894416096798,0.329043993139663,-0.046251908552952976
5977.0,239.08,0.0,16.050890697089166,-21.211126300556526,16.050890697089166,-21.211126300556526,2.6154097273791934,0.28097954307733725,-0.05575343781087179
5978.0,239.12,0.0,15.871061849550326,-21.27514402667357,15.871061849550326,-21.27514402667357,2.622189422817912,0.23268546177878435,-0.06444841271225928
5979.0,239.16,0.0,15.691651124664691,-21.336977091509198,15.691651124664691,-21.336977091509198,2.6289285279258343,0.18276330461307996,-0.07112805405640828
5980.0,239.20000000000002,0.0,15.512629802112793,-21.396625251398422,15.512629802112793,-21.396625251398422,2.63562704270296,0.12971827116918985,-0.07578674920293968
5981.0,239.24,0.0,15.334032118586775,-21.454089168433672,15.334032118586775,-21.454089168433672,2.6422849671492905,0.07400139224769005,-0.07838341897136132
5982.0,239.28,0.0,15.155833453494008,-21.509370408614256,15.155833453494008,-21.509370408614256,2.6489023012648243,0.02002927392306799,-0.0789180633616732
5983.0,239.32,0.0,14.978059643672902,-21.562471439346353,14.978059643672902,-21.562471439346353,2.655479045049563,-0.03219808380467631,-0.07739068237387534
5984.0,239.36,0.0,14.800713771853749,-21.61339562629545,14.800713771853749,-21.61339562629545,2.6620151985035045,-0.08260932858782742,-0.07381204651715356
5985.0,239.4,0.0,14.623844125959819,-21.662147229593813,14.623844125959819,-21.662147229593813,2.668510761626651,-0.13054657138665612,-0.06817328494941544
5986.0,239.44,0.0,14.447403782407035,-21.708731399405675,14.447403782407035,-21.708731399405675,2.6749657344190014,-0.1740778598831006,-0.060250107842848837
5987.0,239.48000000000002,0.0,14.271404956102904,-21.753154170853907,14.271404956102904,-21.753154170853907,2.6813801168805553,-0.21320319407716096,-0.05079704551151418
5988.0,239.52,0.0,14.09582520687304,-21.795422458311787,14.09582520687304,-21.795422458311787,2.687753909011314,-0.24792257396883716,-0.03936028062179161
5989.0,239.56,0.0,13.920713235151185,-21.83554404906447,13.920713235151185,-21.83554404906447,2.694087110811276,-0.27823599955812917,-0.026647464514295935
5990.0,239.6,0.0,13.746003041575909,-21.873527596345006,13.746003041575909,-21.873527596345006,2.700379722280442,-0.30438558448212494,-0.012658597189027159
5991.0,239.64000000000001,0.0,13.5717943122234,-21.909382611750264,13.5717943122234,-21.909382611750264,2.706631743418813,-0.3257413714265816,0.0026063213540147233
5992.0,239.68,0.0,13.397962075029278,-21.943119457042542,13.397962075029278,-21.943119457042542,2.712843174226387,-0.3375199286134733,0.018469241621789204
5993.0,239.72,0.0,13.224673335586585,-21.974749335343358,13.224673335586585,-21.974749335343358,2.7190140147031654,-0.3398676750346857,0.03493016361429629
5994.0,239.76,0.0,13.051747623552638,-22.004284281726026,13.051747623552638,-22.004284281726026,2.7251442648491477,-0.33407375795085875,0.051989087331535976
5995.0,239.8,1.0,12.879375272594775,-22.031737153214355,12.879375272594775,-22.031737153214355,2.7312339246643345,-0.3225399211976121,0.06964601277350825
5996.0,239.84,1.0,12.707560294224162,-22.057121618195143,12.707560294224162,-22.057121618195143,2.7372829941487247,-0.3054953613066679,0.08758998285030406
5997.0,239.88,0.0,12.53616324839975,-22.0804521452526,12.53616324839975,-22.0804521452526,2.743291473302319,-0.28420568215733816,0.10559719925753852
5998.0,239.92000000000002,0.0,12.365298644882722,-22.10174399143335,12.365298644882722,-22.10174399143335,2.749259362125117,-0.25727200441419334,0.12245485710787726
5999.0,239.96,0.0,12.194874053089867,-22.121013189950915,12.194874053089867,-22.121013189950915,2.7551866606171194,-0.21932946853474922,0.13812919840214638
6000.0,240.0,0.0,12.02494149902037,-22.13827653733931,12.02494149902037,-22.13827653733931,2.761073368778326,-0.1703780745190058,0.1526244928082549
6001.0,240.04,0.0,11.855507608526958,-22.153551580065447,11.855507608526958,-22.153551580065447,2.7669194866087365,-0.11354069864514879,0.1659702286574677
6002.0,240.08,0.0,11.686513105664487,-22.167318748413496,11.686513105664487,-22.167318748413496,2.772725014108351,-0.048817340913178145,0.17816113138750042
6003.0,240.12,0.0,11.518116901299805,-22.18007183074659,11.518116901299805,-22.18007183074659,2.7784899512771695,0.02379199867690615,0.18914450379248296
6004.0,240.16,0.0,11.350338349353574,-22.191815806204197,11.350338349353574,-22.191815806204197,2.784214298115192,0.10428732012510408,0.19897831764056978
6005.0,240.20000000000002,1.0,11.182942158725186,-22.202555714582843,11.182942158725186,-22.202555714582843,2.789898054622419,0.19266862343141564,0.2076625729317608
6006.0,240.24,2.0,11.016206587105442,-22.212296656033,11.016206587105442,-22.212296656033,2.795541220798849,0.2889359085958409,0.21595179998011657
6007.0,240.28,2.0,10.84985818280102,-22.221043790752308,10.84985818280102,-22.221043790752308,2.801143796644484,0.39322000479905933,0.2237827524551983
6008.0,240.32,2.0,10.684102084416791,-22.22880233867521,10.684102084416791,-22.22880233867521,2.806705782159322,0.4975041010022778,0.2303376537125069
6009.0,240.36,2.0,10.518846527273089,-22.235577579158967,10.518846527273089,-22.235577579158967,2.8122271773433654,0.6017881972054964,0.2356165037520424
6010.0,240.4,2.0,10.354257957280913,-22.241374850666137,10.354257957280913,-22.241374850666137,2.8177079821966116,0.7058879579387963,0.23961930257380484
6011.0,240.44,2.0,10.190185347145672,-22.246199550443464,10.190185347145672,-22.246199550443464,2.823148196719062,0.8049949818559412,0.24302409967083466
6012.0,240.48000000000002,2.0,10.026699688654388,-22.25005713419726,10.026699688654388,-22.25005713419726,2.8285478209107167,0.8991092689569309,0.24583089504313188
6013.0,240.52,2.0,9.863629542310663,-22.25295311576525,9.863629542310663,-22.25295311576525,2.8339068547715756,0.9882308192417654,0.24803968869069648
6014.0,240.56,2.0,9.701267252577988,-22.254893066784952,9.701267252577988,-22.254893066784952,2.8392252983016375,1.072359632710445,0.2496504806135285
6015.0,240.6,2.0,9.53945598468613,-22.255882616358523,9.53945598468613,-22.255882616358523,2.8445031515009043,1.1514957093629692,0.25097422790153695
6016.0,240.64000000000001,2.0,9.378237922995655,-22.255927450714243,9.378237922995655,-22.255927450714243,2.8497404143693754,1.226616297993335,0.25223472885910675
6017.0,240.68,2.0,9.217664330310116,-22.255073253122692,9.217664330310116,-22.255073253122692,2.8549453120710386,1.2977209638970375,0.25343198348623797
6018.0,240.72,2.0,9.057615134609236,-22.25329249929376,9.057615134609236,-22.25329249929376,2.8601096164049404,1.3609396479426263,0.25459974978210426
6019.0,240.76,2.0,8.898059775702183,-22.250597611688494,8.898059775702183,-22.250597611688494,2.865233324334118,1.4162723501301013,0.2557337580787967
6020.0,240.8,2.0,8.739185648934006,-22.24700101851243,8.739185648934006,-22.24700101851243,2.8703164328216064,1.4637190704594627,0.25680452004505055
6021.0,240.84,2.0,8.581038883529867,-22.24251515296669,8.581038883529867,-22.24251515296669,2.8753589388304404,1.5032798089307107,0.25781731024314997
6022.0,240.88,2.0,8.423296037130186,-22.237152452498876,8.423296037130186,-22.237152452498876,2.880360839323656,1.5349545655438448,0.2588248258789651
6023.0,240.92000000000002,2.0,8.266230989631055,-22.230925358053668,8.266230989631055,-22.230925358053668,2.8853221312642874,1.5587433402988653,0.2597690951843415
6024.0,240.96,2.0,8.109635364497992,-22.223846313323257,8.109635364497992,-22.223846313323257,2.890242811615372,1.5746461331957722,0.2606501181592793
6025.0,241.0,2.0,7.9537403013549195,-22.215927763997602,7.9537403013549195,-22.215927763997602,2.8951583965399044,1.5826629442345657,0.2614678948037784
6026.0,241.04,2.0,7.798395018139046,-22.2071821570146,7.798395018139046,-22.2071821570146,2.900088414097024,1.5826629442345657,0.2614678948037784
6027.0,241.08,2.0,7.643691554928633,-22.197621939810173,7.643691554928633,-22.197621939810173,2.9050133301536616,1.5826629442345657,0.2614678948037784
6028.0,241.12,2.0,7.4893568888939,-22.187280026939305,7.4893568888939,-22.187280026939305,2.9099680755481496,1.5826629442345657,0.2614678948037784
6029.0,241.16,2.0,7.335678542384669,-22.17619754453825,7.335678542384669,-22.17619754453825,2.9149342125478106,1.5826629442345657,0.2614678948037784
6030.0,241.20000000000002,2.0,7.182686165872737,-22.16438257479101,7.182686165872737,-22.16438257479101,2.9199318637963834,1.5826629442345657,0.2614678948037784
6031.0,241.24,2.0,7.0301168558368845,-22.151849372185143,7.0301168558368845,-22.151849372185143,2.924942015899941,1.5826629442345657,0.2614678948037784
6032.0,241.28,2.0,6.877929967765698,-22.138623166886898,6.877929967765698,-22.138623166886898,2.9299857123135986,1.5826629442345657,0.2614678948037784
6033.0,241.32,2.0,6.726362833951295,-22.12471303342262,6.726362833951295,-22.12471303342262,2.9350262104812463,1.5826629442345657,0.2614678948037784
6034.0,241.36,2.0,6.575421932568491,-22.110134214077974,6.575421932568491,-22.110134214077974,2.9400649508632335,1.5826629442345657,0.2614678948037784
6035.0,241.4,2.0,6.424826345712805,-22.09489062569716,6.424826345712805,-22.09489062569716,2.9451401617688586,1.5826629442345657,0.2614678948037784
6036.0,241.44,2.0,6.27470506866418,-22.07900721586077,6.27470506866418,-22.07900721586077,2.95023346613904,1.5826629442345657,0.2614678948037784
6037.0,241.48000000000002,2.0,6.125049776254309,-22.062461146017494,6.125049776254309,-22.062461146017494,2.95535774012237,1.5826629442345657,0.2614678948037784
6038.0,241.52,2.0,5.976017024372879,-22.045309451421613,5.976017024372879,-22.045309451421613,2.9605018947366193,1.5826629442345657,0.2614678948037784
6039.0,241.56,2.0,5.827272493276573,-22.02754117025303,5.827272493276573,-22.02754117025303,2.9656858692916748,1.5826629442345657,0.2614678948037784
6040.0,241.6,2.0,5.679094219673461,-22.009165835012602,5.679094219673461,-22.009165835012602,2.970890997545472,1.5826629442345657,0.2614678948037784
6041.0,241.64000000000001,2.0,5.531386038696357,-21.990192837355295,5.531386038696357,-21.990192837355295,2.9761376754481557,1.5826629442345657,0.2614678948037784
6042.0,241.68,2.0,5.384202555940308,-21.97063142674047,5.384202555940308,-21.97063142674047,2.9814072367576605,1.5826629442345657,0.2614678948037784
6043.0,241.72,2.0,5.237303949158189,-21.95049068629654,5.237303949158189,-21.95049068629654,2.9866612679446636,1.5826629442345657,0.2614678948037784
6044.0,241.76,2.0,5.091036788985533,-21.92976694937074,5.091036788985533,-21.92976694937074,2.9919009509075924,1.5826629442345657,0.2614678948037784
6045.0,241.8,2.0,4.945269934895115,-21.908478889885735,4.945269934895115,-21.908478889885735,2.997127509937317,1.5826629442345657,0.2614678948037784
6046.0,241.84,2.0,4.7999047957430925,-21.886639215936015,4.7999047957430925,-21.886639215936015,3.0023425980133562,1.5826629442345657,0.2614678948037784
6047.0,241.88,2.0,4.654836276442581,-21.86423923522466,4.654836276442581,-21.86423923522466,3.0075467876956754,1.5826629442345657,0.2614678948037784
6048.0,241.92000000000002,2.0,4.510394836289064,-21.841269292159676,4.510394836289064,-21.841269292159676,3.012725609983376,1.5826629442345657,0.2614678948037784
6049.0,241.96,2.0,4.3665877979345895,-21.817711357390696,4.3665877979345895,-21.817711357390696,3.017878902254358,1.5826629442345657,0.2614678948037784
6050.0,242.0,2.0,4.223074746596208,-21.7935754871723,4.223074746596208,-21.7935754871723,3.023009996040309,1.5826629442345657,0.2614678948037784
6051.0,242.04,2.0,4.080045505038992,-21.768861772791425,4.080045505038992,-21.768861772791425,3.0281195486464303,1.5826629442345657,0.2614678948037784
6052.0,242.08,2.0,3.9375908325053595,-21.743521277958198,3.9375908325053595,-21.743521277958198,3.033204359760333,1.5826629442345657,0.2614678948037784
6053.0,242.12,2.0,3.7958317377585806,-21.71746814333041,3.7958317377585806,-21.71746814333041,3.0382660762783376,1.5826629442345657,0.2614678948037784
6054.0,242.16,2.0,3.6544297052322223,-21.6904619113003,3.6544297052322223,-21.6904619113003,3.0433054527763876,1.5826629442345657,0.2614678948037784
6055.0,242.20000000000002,2.0,3.5136915065174965,-21.662813903590077,3.5136915065174965,-21.662813903590077,3.0483237466775646,1.5826629442345657,0.2614678948037784
6056.0,242.24,2.0,3.3733012633085373,-21.63427250916877,3.3733012633085373,-21.63427250916877,3.0533251158418424,1.5826629442345657,0.2614678948037784
6057.0,242.28,2.0,3.233548779620439,-21.604969022345383,3.233548779620439,-21.604969022345383,3.058310035624662,1.5826629442345657,0.2614678948037784
6058.0,242.32,2.0,3.094315197567025,-21.574771804576503,3.094315197567025,-21.574771804576503,3.06328028547126,1.5826629442345657,0.2614678948037784
6059.0,242.36,2.0,2.9555641497069733,-21.543843806250823,2.9555641497069733,-21.543843806250823,3.068241610904537,1.5826629442345657,0.2614678948037784
6060.0,242.4,2.0,2.8171332118198067,-21.512370343379956,2.8171332118198067,-21.512370343379956,3.0732025837755774,1.5826629442345657,0.2614678948037784
6061.0,242.44,2.0,2.6793184139058375,-21.479852701729914,2.6793184139058375,-21.479852701729914,3.078161539083806,1.5826629442345657,0.2614678948037784
6062.0,242.48000000000002,2.0,2.5419885891558938,-21.446677540206167,2.5419885891558938,-21.446677540206167,3.0831198653939684,1.5826629442345657,0.2614678948037784
6063.0,242.52,2.0,2.405116037105387,-21.412852352394946,2.405116037105387,-21.412852352394946,3.088077328016811,1.5826629442345657,0.2614678948037784
6064.0,242.56,2.0,2.2687642941825414,-21.37824538968899,2.2687642941825414,-21.37824538968899,3.093032270932256,1.5826629442345657,0.2614678948037784
6065.0,242.6,2.0,2.132843361454765,-21.342633158074268,2.132843361454765,-21.342633158074268,3.097985699075343,1.5826629442345657,0.2614678948037784
6066.0,242.64000000000001,2.0,1.9973494668771117,-21.306426474173474,1.9973494668771117,-21.306426474173474,3.1029360536729516,1.5826629442345657,0.2614678948037784
6067.0,242.68,2.0,1.8623783480252005,-21.27021649110915,1.8623783480252005,-21.27021649110915,3.107884980709552,1.5826629442345657,0.2614678948037784
6068.0,242.72,2.0,1.7280006610166758,-21.233438651251458,1.7280006610166758,-21.233438651251458,3.112830327199873,1.5826629442345657,0.2614678948037784
6069.0,242.76,2.0,1.5940004497969222,-21.196416411391695,1.5940004497969222,-21.196416411391695,3.117771234871566,1.5826629442345657,0.2614678948037784
6070.0,242.8,2.0,1.460628392873541,-21.15932525304093,1.460628392873541,-21.15932525304093,3.1226991273543,1.5826629442345657,0.2614678948037784
6071.0,242.84,2.0,1.3275943265317296,-21.121972551030463,1.3275943265317296,-21.121972551030463,3.1276117568959583,1.5826629442345657,0.2614678948037784
6072.0,242.88,2.0,1.1950576428770867,-21.084076025425507,1.1950576428770867,-21.084076025425507,3.1325097387051875,1.5826629442345657,0.2614678948037784
6073.0,242.92000000000002,2.0,1.0629198308441543,-21.046145572281123,1.0629198308441543,-21.046145572281123,3.13738980500096,1.5826629442345657,0.2614678948037784
6074.0,242.96,2.0,0.9313480916105321,-21.008141270100538,0.9313480916105321,-21.008141270100538,3.1422486880022493,1.5826629442345657,0.2614678948037784
6075.0,243.0,2.0,0.8002871593757936,-20.969630993419948,0.8002871593757936,-20.969630993419948,3.147083119928026,1.5826629442345657,0.2614678948037784
6076.0,243.04,2.0,0.6697483455820326,-20.930877340088994,0.6697483455820326,-20.930877340088994,3.151886716136559,1.5826629442345657,0.2614678948037784
6077.0,243.08,2.0,0.5396688957875,-20.891928113211254,0.5396688957875,-20.891928113211254,3.1566580143632565,1.5826629442345657,0.2614678948037784
6078.0,243.12,2.0,0.41020660223235494,-20.852836755888635,0.41020660223235494,-20.852836755888635,3.1613966465032073,1.5826629442345657,0.2614678948037784
6079.0,243.16,2.0,0.28119764105584943,-20.81324369809843,0.28119764105584943,-20.81324369809843,3.166101949920377,1.5826629442345657,0.2614678948037784
6080.0,243.20000000000002,2.0,0.1528750994476876,-20.773570816396663,0.1528750994476876,-20.773570816396663,3.1707740169597067,1.5826629442345657,0.2614678948037784
6081.0,243.24,2.0,0.025059142376186578,-20.733645094628994,0.025059142376186578,-20.733645094628994,3.17539648681756,1.5826629442345657,0.2614678948037784
6082.0,243.28,2.0,-0.10200119036148474,-20.693391055608195,-0.10200119036148474,-20.693391055608195,3.179954855363995,1.5826629442345657,0.2614678948037784
6083.0,243.32,2.0,-0.22832951484305888,-20.652976864443,-0.22832951484305888,-20.652976864443,3.184452049294013,1.5826629442345657,0.2614678948037784
6084.0,243.36,2.0,-0.3540594201800188,-20.612142842747335,-0.3540594201800188,-20.612142842747335,3.188893367111116,1.5826629442345657,0.2614678948037784
6085.0,243.4,2.0,-0.47907067963736333,-20.57120928943186,-0.47907067963736333,-20.57120928943186,3.1932776342625653,1.5826629442345657,0.2614678948037784
6086.0,243.44,2.0,-0.6033965355645959,-20.529992765946027,-0.6033965355645959,-20.529992765946027,3.197603676195625,1.5826629442345657,0.2614678948037784
6087.0,243.48000000000002,2.0,-0.7269744050725586,-20.488580739951573,-0.7269744050725586,-20.488580739951573,3.2018703183575576,1.5826629442345657,0.2614678948037784
6088.0,243.52,2.0,-0.8497884525984073,-20.446608274670066,-0.8497884525984073,-20.446608274670066,3.206076386195628,1.5826629442345657,0.2614678948037784
6089.0,243.56,2.0,-0.9718166477676224,-20.404621021996736,-0.9718166477676224,-20.404621021996736,3.210220705157097,1.5826629442345657,0.2614678948037784
6090.0,243.6,2.0,-1.093010157142227,-20.362621478963714,-1.093010157142227,-20.362621478963714,3.21430210068923,1.5826629442345657,0.2614678948037784
6091.0,243.64000000000001,2.0,-1.2133725925864478,-20.320062571354853,-1.2133725925864478,-20.320062571354853,3.2183193982392897,1.5826629442345657,0.2614678948037784
6092.0,243.68,2.0,-1.3328371401449692,-20.277299814627007,-1.3328371401449692,-20.277299814627007,3.2223021827670406,1.5826629442345657,0.2614678948037784
6093.0,243.72,2.0,-1.4513889177154764,-20.23425763573254,-1.4513889177154764,-20.23425763573254,3.226218268546453,1.5826629442345657,0.2614678948037784
6094.0,243.76,2.0,-1.5689220565445505,-20.191131433306296,-1.5689220565445505,-20.191131433306296,3.2300662293639997,1.5826629442345657,0.2614678948037784
6095.0,243.8,2.0,-1.6853636022703915,-20.147625742799928,-1.6853636022703915,-20.147625742799928,3.2338446390061524,1.5826629442345657,0.2614678948037784
6096.0,243.84,2.0,-1.8007200667026118,-20.10393738767696,-1.8007200667026118,-20.10393738767696,3.2375520712593824,1.5826629442345657,0.2614678948037784
6097.0,243.88,2.0,-1.9148930990748632,-20.059794994635176,-1.9148930990748632,-20.059794994635176,3.2411854438581065,1.5826629442345657,0.2614678948037784
6098.0,243.92000000000002,2.0,-2.0278650829941745,-20.0155671049557,-2.0278650829941745,-20.0155671049557,3.2447406325908124,1.5826629442345657,0.2614678948037784
6099.0,243.96,2.0,-2.1395411285751122,-19.97132251426825,-2.1395411285751122,-19.97132251426825,3.2482135132459904,1.5826629442345657,0.2614678948037784
6100.0,244.0,2.0,-2.249861574051894,-19.92652837255614,-2.249861574051894,-19.92652837255614,3.2515999616121287,1.5826629442345657,0.2614678948037784
6101.0,244.04,2.0,-2.3587725451488266,-19.881599453278422,-2.3587725451488266,-19.881599453278422,3.2548958534777177,1.5826629442345657,0.2614678948037784
6102.0,244.08,2.0,-2.4663048072288336,-19.83632666880132,-2.4663048072288336,-19.83632666880132,3.258114266759172,1.5826629442345657,0.2614678948037784
6103.0,244.12,2.0,-2.573151034531932,-19.790990419800888,-2.573151034531932,-19.790990419800888,3.261250848547958,1.5826629442345657,0.2614678948037784
6104.0,244.16,2.0,-2.679392241081025,-19.745382055420183,-2.679392241081025,-19.745382055420183,3.2642988741270513,1.5826629442345657,0.2614678948037784
6105.0,244.20000000000002,2.0,-2.785016388597934,-19.69951189325255,-2.785016388597934,-19.69951189325255,3.26725809183566,1.5826629442345657,0.2614678948037784
6106.0,244.24,2.0,-2.8900115238569892,-19.65324606282159,-2.8900115238569892,-19.65324606282159,3.270128250012991,1.5826629442345657,0.2614678948037784
6107.0,244.28,2.0,-2.994365785541021,-19.606850922587274,-2.994365785541021,-19.606850922587274,3.272909096998256,1.5826629442345657,0.2614678948037784
6108.0,244.32,2.0,-3.0980674110591417,-19.560417914542455,-3.0980674110591417,-19.560417914542455,3.2756003811306615,1.5826629442345657,0.2614678948037784
6109.0,244.36,2.0,-3.2011047433197883,-19.51351697101063,-3.2011047433197883,-19.51351697101063,3.2782018507494177,1.5826629442345657,0.2614678948037784
6110.0,244.4,2.0,-3.303466237452478,-19.466606518797864,-3.303466237452478,-19.466606518797864,3.2807132541937314,1.5826629442345657,0.2614678948037784
6111.0,244.44,2.0,-3.4051404674717993,-19.419191141112456,-3.4051404674717993,-19.419191141112456,3.2831343398028134,1.5826629442345657,0.2614678948037784
6112.0,244.48000000000002,2.0,-3.506115008745206,-19.371677790383124,-3.506115008745206,-19.371677790383124,3.2854340964033697,1.5826629442345657,0.2614678948037784
6113.0,244.52,2.0,-3.6064101118764516,-19.324055093461745,-3.6064101118764516,-19.324055093461745,3.2876432835079012,1.5826629442345657,0.2614678948037784
6114.0,244.56,2.0,-3.7060452678434914,-19.276145886086777,-3.7060452678434914,-19.276145886086777,3.2897619011164103,1.5826629442345657,0.2614678948037784
6115.0,244.6,2.0,-3.805040312586932,-19.228043165809005,-3.805040312586932,-19.228043165809005,3.291789949228895,1.5826629442345657,0.2614678948037784
6116.0,244.64000000000001,2.0,-3.903415407208401,-19.179651922103105,-3.903415407208401,-19.179651922103105,3.293727427845356,1.5826629442345657,0.2614678948037784
6117.0,244.68,2.0,-4.0011910179262795,-19.13098318021442,-4.0011910179262795,-19.13098318021442,3.295574336965793,1.5826629442345657,0.2614678948037784
6118.0,244.72,2.0,-4.098387895804426,-19.082141717341198,-4.098387895804426,-19.082141717341198,3.2973306765902057,1.5826629442345657,0.2614678948037784
6119.0,244.76,2.0,-4.195027056269729,-19.03330025446797,-4.195027056269729,-19.03330025446797,3.2989964467185957,1.5826629442345657,0.2614678948037784
6120.0,244.8,2.0,-4.291129758434485,-18.98445879159474,-4.291129758434485,-18.98445879159474,3.30057164735096,1.5826629442345657,0.2614678948037784
6121.0,244.84,2.0,-4.386717484239731,-18.935617328721516,-4.386717484239731,-18.935617328721516,3.302056278487302,1.5826629442345657,0.2614678948037784
6122.0,244.88,2.0,-4.481811917435817,-18.88677586584829,-4.481811917435817,-18.88677586584829,3.3034503401276196,1.5826629442345657,0.2614678948037784
6123.0,244.92000000000002,2.0,-4.576434922416615,-18.837934402975062,-4.576434922416615,-18.837934402975062,3.304753832271913,1.5826629442345657,0.2614678948037784
6124.0,244.96,2.0,-4.670608522923896,-18.789092940101835,-4.670608522923896,-18.789092940101835,3.3059667549201825,1.5826629442345657,0.2614678948037784
6125.0,245.0,2.0,-4.764354880638463,-18.74025147722861,-4.764354880638463,-18.74025147722861,3.3070891080724287,1.5826629442345657,0.2614678948037784
6126.0,245.04,2.0,-4.857696273674768,-18.69141001435538,-4.857696273674768,-18.69141001435538,3.3081208917286506,1.5826629442345657,0.2614678948037784
6127.0,245.08,2.0,-4.950655074995775,-18.642568551482153,-4.950655074995775,-18.642568551482153,3.3090621058888487,1.5826629442345657,0.2614678948037784
6128.0,245.12,2.0,-5.043253730764906,-18.593727088608926,-5.043253730764906,-18.593727088608926,3.309912750553023,1.5826629442345657,0.2614678948037784
6129.0,245.16,2.0,-5.135514738651965,-18.544885625735702,-5.135514738651965,-18.544885625735702,3.3107633952171973,1.5826629442345657,0.2614678948037784
6130.0,245.20000000000002,2.0,-5.2274606261099335,-18.496044162862475,-5.2274606261099335,-18.496044162862475,3.311704609377396,1.5826629442345657,0.2614678948037784
6131.0,245.24,2.0,-5.319113928639625,-18.447202699989248,-5.319113928639625,-18.447202699989248,3.3127363930336178,1.5826629442345657,0.2614678948037784
6132.0,245.28,2.0,-5.410497168059097,-18.39836123711602,-5.410497168059097,-18.39836123711602,3.3138587461858635,1.5826629442345657,0.2614678948037784
6133.0,245.32,2.0,-5.501632830794801,-18.34951977424279,-5.501632830794801,-18.34951977424279,3.3150716688341326,1.5826629442345657,0.2614678948037784
6134.0,245.36,2.0,-5.592543346211396,-18.300678311369566,-5.592543346211396,-18.300678311369566,3.316375160978427,1.5826629442345657,0.2614678948037784
6135.0,245.4,2.0,-5.683251064997099,-18.25183684849634,-5.683251064997099,-18.25183684849634,3.3177692226187445,1.5826629442345657,0.2614678948037784
6136.0,245.44,2.0,-5.7737782376214675,-18.202995385623115,-5.7737782376214675,-18.202995385623115,3.3192538537550855,1.5826629442345657,0.2614678948037784
6137.0,245.48000000000002,2.0,-5.864146992882384,-18.154153922749884,-5.864146992882384,-18.154153922749884,3.320829054387451,1.5826629442345657,0.2614678948037784
6138.0,245.52,2.0,-5.95437931655897,-18.10531245987666,-5.95437931655897,-18.10531245987666,3.3224948245158408,1.5826629442345657,0.2614678948037784
6139.0,245.56,2.0,-6.044497030187105,-18.056470997003434,-6.044497030187105,-18.056470997003434,3.3242511641402532,1.5826629442345657,0.2614678948037784
6140.0,245.6,2.0,-6.134521769974074,-18.007629534130203,-6.134521769974074,-18.007629534130203,3.32609807326069,1.5826629442345657,0.2614678948037784
6141.0,245.64000000000001,2.0,-6.224474965868802,-17.95878807125698,-6.224474965868802,-17.95878807125698,3.3280355518771505,1.5826629442345657,0.2614678948037784
6142.0,245.68,2.0,-6.314377820803995,-17.909946608383752,-6.314377820803995,-17.909946608383752,3.3300635999896357,1.5826629442345657,0.2614678948037784
6143.0,245.72,2.0,-6.40425129012639,-17.861105145510525,-6.40425129012639,-17.861105145510525,3.3321822175981444,1.5826629442345657,0.2614678948037784
6144.0,245.76,2.0,-6.494116061231138,-17.812263682637298,-6.494116061231138,-17.812263682637298,3.3343914047026764,1.5826629442345657,0.2614678948037784
6145.0,245.8,2.0,-6.58399253341623,-17.76342221976407,-6.58399253341623,-17.76342221976407,3.3366911613032326,1.5826629442345657,0.2614678948037784
6146.0,245.84,2.0,-6.673900797972662,-17.714580756890843,-6.673900797972662,-17.714580756890843,3.3390814873998136,1.5826629442345657,0.2614678948037784
6147.0,245.88,2.0,-6.763860618525909,-17.665739294017616,-6.763860618525909,-17.665739294017616,3.341562382992417,1.5826629442345657,0.2614678948037784
6148.0,245.92000000000002,2.0,-6.853891411643995,-17.61689783114439,-6.853891411643995,-17.61689783114439,3.3441338480810447,1.5826629442345657,0.2614678948037784
6149.0,245.96,2.0,-6.944012227727353,-17.568056368271165,-6.944012227727353,-17.568056368271165,3.3467958826656967,1.5826629442345657,0.2614678948037784
6150.0,246.0,2.0,-7.0342417321953485,-17.519214905397938,-7.0342417321953485,-17.519214905397938,3.3495484867463725,1.5826629442345657,0.2614678948037784
6151.0,246.04,2.0,-7.124598186984174,-17.47037344252471,-7.124598186984174,-17.47037344252471,3.352391660323072,1.5826629442345657,0.2614678948037784
6152.0,246.08,2.0,-7.215099432370558,-17.421531979651483,-7.215099432370558,-17.421531979651483,3.3553254033957955,1.5826629442345657,0.2614678948037784
6153.0,246.12,2.0,-7.3057628691354966,-17.372690516778256,-7.3057628691354966,-17.372690516778256,3.358349715964543,1.5826629442345657,0.2614678948037784
6154.0,246.16,2.0,-7.396605441081898,-17.32384905390503,-7.396605441081898,-17.32384905390503,3.3614645980293134,1.5826629442345657,0.2614678948037784
6155.0,246.20000000000002,2.0,-7.487643617919867,-17.2750075910318,-7.487643617919867,-17.2750075910318,3.364670049590109,1.5826629442345657,0.2614678948037784
6156.0,246.24,2.0,-7.57889337853294,-17.226166128158578,-7.57889337853294,-17.226166128158578,3.367966070646928,1.5826629442345657,0.2614678948037784
6157.0,246.28,2.0,-7.6703701946384,-17.177324665285347,-7.6703701946384,-17.177324665285347,3.371352661199771,1.5826629442345657,0.2614678948037784
6158.0,246.32,2.0,-7.761065520142098,-17.12848320241212,-7.761065520142098,-17.12848320241212,3.3748298212486367,1.5826629442345657,0.2614678948037784
6159.0,246.36,2.0,-7.850703243600425,-17.079641739538893,-7.850703243600425,-17.079641739538893,3.378397550793528,1.5826629442345657,0.2614678948037784
6160.0,246.4,2.0,-7.939312199690121,-17.030800276665666,-7.939312199690121,-17.030800276665666,3.3820558498344426,1.5826629442345657,0.2614678948037784
6161.0,246.44,2.0,-8.02692145784339,-16.981958813792442,-8.02692145784339,-16.981958813792442,3.385804718371381,1.5826629442345657,0.2614678948037784
6162.0,246.48000000000002,2.0,-8.113560299496704,-16.934122945548907,-8.113560299496704,-16.934122945548907,3.3896441564043425,1.5826629442345657,0.2614678948037784
6163.0,246.52,2.0,-8.199660930116647,-16.887307779735206,-8.199660930116647,-16.887307779735206,3.3935741639333292,1.5826629442345657,0.2614678948037784
6164.0,246.56,2.0,-8.28575943470213,-16.84152286639601,-8.28575943470213,-16.84152286639601,3.3975947409583394,1.5826629442345657,0.2614678948037784
6165.0,246.6,2.0,-8.371840868753575,-16.79552948961527,-8.371840868753575,-16.79552948961527,3.401705887479373,1.5826629442345657,0.2614678948037784
6166.0,246.64000000000001,2.0,-8.457915457848694,-16.749307294448965,-8.457915457848694,-16.749307294448965,3.4058170340004064,1.5826629442345657,0.2614678948037784
6167.0,246.68,2.0,-8.543956858101975,-16.70283553926546,-8.543956858101975,-16.70283553926546,3.4099281805214408,1.5826629442345657,0.2614678948037784
6168.0,246.72,2.0,-8.629985294299821,-16.656093114361997,-8.629985294299821,-16.656093114361997,3.4140393270424743,1.5826629442345657,0.2614678948037784
6169.0,246.76000000000002,2.0,-8.715966327022944,-16.609058560890926,-8.715966327022944,-16.609058560890926,3.4181504735635087,1.5826629442345657,0.2614678948037784
6170.0,246.8,2.0,-8.801925944234485,-16.56171009008106,-8.801925944234485,-16.56171009008106,3.422261620084542,1.5826629442345657,0.2614678948037784
6171.0,246.84,2.0,-8.887826796907492,-16.51402560273918,-8.887826796907492,-16.51402560273918,3.426372766605575,1.5826629442345657,0.2614678948037784
6172.0,246.88,2.0,-8.97369451998243,-16.465982709016515,-8.97369451998243,-16.465982709016515,3.43048391312661,1.5826629442345657,0.2614678948037784
6173.0,246.92000000000002,2.0,-9.059495918587992,-16.417558748424845,-9.059495918587992,-16.417558748424845,3.4345950596476436,1.5826629442345657,0.2614678948037784
6174.0,246.96,2.0,-9.145248283272403,-16.368730810086767,-9.145248283272403,-16.368730810086767,3.4387062061686775,1.5826629442345657,0.2614678948037784
6175.0,247.0,2.0,-9.230946178978096,-16.319475753204213,-9.230946178978096,-16.319475753204213,3.442817352689711,1.5826629442345657,0.2614678948037784
6176.0,247.04,2.0,-9.316629404854927,-16.26977022772954,-9.316629404854927,-16.26977022772954,3.446928499210745,1.5826629442345657,0.2614678948037784
6177.0,247.08,2.0,-9.402242578070192,-16.219590695222916,-9.402242578070192,-16.219590695222916,3.4510396457317793,1.5826629442345657,0.2614678948037784
6178.0,247.12,2.0,-9.487789484316197,-16.168913449879952,-9.487789484316197,-16.168913449879952,3.455150792252813,1.5826629442345657,0.2614678948037784
6179.0,247.16,2.0,-9.5732392847435,-16.117714639713196,-9.5732392847435,-16.117714639713196,3.459261938773847,1.5826629442345657,0.2614678948037784
6180.0,247.20000000000002,2.0,-9.65863231215594,-16.06597028787101,-9.65863231215594,-16.06597028787101,3.4633730852948807,1.5826629442345657,0.2614678948037784
6181.0,247.24,2.0,-9.743894231110367,-16.013656314077295,-9.743894231110367,-16.013656314077295,3.4674842318159143,1.5826629442345657,0.2614678948037784
6182.0,247.28,2.0,-9.82911642365065,-15.960748556175396,-9.82911642365065,-15.960748556175396,3.471595378336948,1.5826629442345657,0.2614678948037784
6183.0,247.32,2.0,-9.91416564622871,-15.907222791759478,-9.91416564622871,-15.907222791759478,3.4757065248579817,1.5826629442345657,0.2614678948037784
6184.0,247.36,2.0,-9.999200665999833,-15.853054759876494,-9.999200665999833,-15.853054759876494,3.4798176713790157,1.5826629442345657,0.2614678948037784
6185.0,247.4,2.0,-10.084032807724807,-15.798220182781979,-10.084032807724807,-15.798220182781979,3.48392881790005,1.5826629442345657,0.2614678948037784
6186.0,247.44,2.0,-10.168844234208969,-15.742694787732693,-10.168844234208969,-15.742694787732693,3.4880399644210835,1.5826629442345657,0.2614678948037784
6187.0,247.48000000000002,2.0,-10.25363082062725,-15.686454328799202,-10.25363082062725,-15.686454328799202,3.4921511109421175,1.5826629442345657,0.2614678948037784
6188.0,247.52,2.0,-10.33824502561729,-15.62947460868146,-10.33824502561729,-15.62947460868146,3.4962622574631514,1.5826629442345657,0.2614678948037784
6189.0,247.56,2.0,-10.422793293120943,-15.571731500510397,-10.422793293120943,-15.571731500510397,3.500373403984185,1.5826629442345657,0.2614678948037784
6190.0,247.6,2.0,-10.50717516272258,-15.513200969618648,-10.50717516272258,-15.513200969618648,3.504484550505219,1.5826629442345657,0.2614678948037784
6191.0,247.64000000000001,2.0,-10.591434667058627,-15.45385909526339,-10.591434667058627,-15.45385909526339,3.5085956970262524,1.5826629442345657,0.2614678948037784
6192.0,247.68,2.0,-10.675570475569279,-15.393682092284513,-10.675570475569279,-15.393682092284513,3.5127068435472864,1.5826629442345657,0.2614678948037784
6193.0,247.72,2.0,-10.759515393325415,-15.332184184878434,-10.759515393325415,-15.332184184878434,3.5168179900683207,1.5826629442345657,0.2614678948037784
6194.0,247.76000000000002,2.0,-10.843420450114563,-15.268867139376193,-10.843420450114563,-15.268867139376193,3.5209291365893542,1.5826629442345657,0.2614678948037784
6195.0,247.8,2.0,-10.927297157156518,-15.203722437961753,-10.927297157156518,-15.203722437961753,3.525040283110388,1.5826629442345657,0.2614678948037784
6196.0,247.84,2.0,-11.010902419499766,-15.13674241457776,-11.010902419499766,-15.13674241457776,3.5291514296314217,1.5826629442345657,0.2614678948037784
6197.0,247.88,2.0,-11.09450673030332,-15.067920260381342,-11.09450673030332,-15.067920260381342,3.533262576152456,1.5826629442345657,0.2614678948037784
6198.0,247.92000000000002,2.0,-11.17782891312797,-14.997250028565542,-11.17782891312797,-14.997250028565542,3.5373737226734896,1.5826629442345657,0.2614678948037784
6199.0,247.96,2.0,-11.26106642208303,-14.92472663854266,-11.26106642208303,-14.92472663854266,3.541484869194523,1.5826629442345657,0.2614678948037784
6200.0,248.0,2.0,-11.344119848705562,-14.85034587948636,-11.344119848705562,-14.85034587948636,3.545596015715557,1.5826629442345657,0.2614678948037784
6201.0,248.04,2.0,-11.427148036295135,-14.774104413229754,-11.427148036295135,-14.774104413229754,3.5497071622365914,1.5826629442345657,0.2614678948037784
6202.0,248.08,2.0,-11.509992396574596,-14.695999776517302,-11.509992396574596,-14.695999776517302,3.553818308757625,1.5826629442345657,0.2614678948037784
6203.0,248.12,2.0,-11.592716402431861,-14.616030382608816,-11.592716402431861,-14.616030382608816,3.557929455278659,1.5826629442345657,0.2614678948037784
6204.0,248.16,2.0,-11.67514113800685,-14.534195522234262,-11.67514113800685,-14.534195522234262,3.5620406017996924,1.5826629442345657,0.2614678948037784
6205.0,248.20000000000002,2.0,-11.757551514384312,-14.450495363898757,-11.757551514384312,-14.450495363898757,3.566151748320727,1.5826629442345657,0.2614678948037784
6206.0,248.24,2.0,-11.839783306847048,-14.364930953537444,-11.839783306847048,-14.364930953537444,3.5702628948417603,1.5826629442345657,0.2614678948037784
6207.0,248.28,2.0,-11.92187135368472,-14.277504213520567,-11.92187135368472,-14.277504213520567,3.574374041362794,1.5826629442345657,0.2614678948037784
6208.0,248.32,2.0,-12.003849882173759,-14.188217941009478,-12.003849882173759,-14.188217941009478,3.5784851878838277,1.5826629442345657,0.2614678948037784
6209.0,248.36,2.0,-12.085607655437174,-14.09707580566494,-12.085607655437174,-14.09707580566494,3.582596334404862,1.5826629442345657,0.2614678948037784
6210.0,248.4,2.0,-12.167113311057395,-14.004082346709371,-12.167113311057395,-14.004082346709371,3.586707480925896,1.5826629442345657,0.2614678948037784
6211.0,248.44,2.0,-12.248553538603295,-13.909242969345403,-12.248553538603295,-13.909242969345403,3.5908186274469296,1.5826629442345657,0.2614678948037784
6212.0,248.48000000000002,2.0,-12.329973858015329,-13.812563940533497,-12.329973858015329,-13.812563940533497,3.594929773967963,1.5826629442345657,0.2614678948037784
6213.0,248.52,2.0,-12.411050314175764,-13.71405238413179,-12.411050314175764,-13.71405238413179,3.599040920488997,1.5826629442345657,0.2614678948037784
6214.0,248.56,2.0,-12.492056370778377,-13.613716275402055,-12.492056370778377,-13.613716275402055,3.603152067010031,1.5826629442345657,0.2614678948037784
6215.0,248.6,2.0,-12.572783331665654,-13.511564434885882,-12.572783331665654,-13.511564434885882,3.6072632135310654,1.5826629442345657,0.2614678948037784
6216.0,248.64000000000001,2.0,-12.653462113435431,-13.407606521655898,-12.653462113435431,-13.407606521655898,3.6113388408521394,1.5826629442345657,0.2614678948037784
6217.0,248.68,2.0,-12.733941807607545,-13.301853025947114,-12.733941807607545,-13.301853025947114,3.615359417877149,1.5826629442345657,0.2614678948037784
6218.0,248.72,2.0,-12.814314424457649,-13.194315261174212,-12.814314424457649,-13.194315261174212,3.6193444757022,1.5826629442345657,0.2614678948037784
6219.0,248.76000000000002,2.0,-12.894328637015455,-13.085005355340758,-12.894328637015455,-13.085005355340758,3.623274483231186,1.5826629442345657,0.2614678948037784
6220.0,248.8,2.0,-12.97427611869694,-12.973936241847102,-12.97427611869694,-12.973936241847102,3.627168971560213,1.5826629442345657,0.2614678948037784
6221.0,248.84,2.0,-13.054202672911863,-12.861121649703945,-13.054202672911863,-12.861121649703945,3.631008409593175,1.5826629442345657,0.2614678948037784
6222.0,248.88,2.0,-13.133855214050927,-12.746576093159112,-13.133855214050927,-12.746576093159112,3.6348123284261775,1.5826629442345657,0.2614678948037784
6223.0,248.92000000000002,2.0,-13.21320185984896,-12.630314860745594,-13.21320185984896,-12.630314860745594,3.6385611969631166,1.5826629442345657,0.2614678948037784
6224.0,248.96,2.0,-13.292490259556025,-12.512354003759148,-13.292490259556025,-12.512354003759148,3.642292305900075,1.5826629442345657,0.2614678948037784
6225.0,249.0,2.0,-13.371736590039305,-12.392710324174478,-13.371736590039305,-12.392710324174478,3.6460056552370537,1.5826629442345657,0.2614678948037784
6226.0,249.04,2.0,-13.450659178760473,-12.271401362009138,-13.450659178760473,-12.271401362009138,3.649663954277968,1.5826629442345657,0.2614678948037784
6227.0,249.08,2.0,-13.529399179942246,-12.14844538214502,-13.529399179942246,-12.14844538214502,3.653286734118923,1.5826629442345657,0.2614678948037784
6228.0,249.12,2.0,-13.607974487998511,-12.023861360617445,-13.607974487998511,-12.023861360617445,3.6568544636638145,1.5826629442345657,0.2614678948037784
6229.0,249.16,2.0,-13.68653039934436,-11.897668970382488,-13.68653039934436,-11.897668970382488,3.660386674008745,1.5826629442345657,0.2614678948037784
6230.0,249.20000000000002,2.0,-13.764719572151906,-11.76988856657346,-13.764719572151906,-11.76988856657346,3.663863834057612,1.5826629442345657,0.2614678948037784
6231.0,249.24,2.0,-13.84282624796624,-11.640541171257825,-13.84282624796624,-11.640541171257825,3.6673054749065193,1.5826629442345657,0.2614678948037784
6232.0,249.28,2.0,-13.920760618968373,-11.509648457706401,-13.920760618968373,-11.509648457706401,3.6706920654593613,1.5826629442345657,0.2614678948037784
6233.0,249.32,2.0,-13.998583798718197,-11.377232734186816,-13.998583798718197,-11.377232734186816,3.6740431368122457,1.5826629442345657,0.2614678948037784
6234.0,249.36,2.0,-14.076042538305606,-11.24331692729377,-14.076042538305606,-11.24331692729377,3.6773942081651287,1.5826629442345657,0.2614678948037784
6235.0,249.4,2.0,-14.153489286613931,-11.107924564828858,-14.153489286613931,-11.107924564828858,3.680745279518012,1.5826629442345657,0.2614678948037784
6236.0,249.44,2.0,-14.230812739316736,-10.971079758243194,-14.230812739316736,-10.971079758243194,3.684096350870896,1.5826629442345657,0.2614678948037784
6237.0,249.48000000000002,2.0,-14.307909399176257,-10.832807184656229,-14.307909399176257,-10.832807184656229,3.687447422223779,1.5826629442345657,0.2614678948037784
6238.0,249.52,2.0,-14.384669719575637,-10.693132068464712,-14.384669719575637,-10.693132068464712,3.6907984935766627,1.5826629442345657,0.2614678948037784
6239.0,249.56,2.0,-14.461412182973609,-10.55208016255583,-14.461412182973609,-10.55208016255583,3.6941495649295466,1.5826629442345657,0.2614678948037784
6240.0,249.6,2.0,-14.538149930556715,-10.409677729139036,-14.538149930556715,-10.409677729139036,3.6975006362824296,1.5826629442345657,0.2614678948037784
6241.0,249.64000000000001,2.0,-14.614532739163089,-10.265951520211265,-14.614532739163089,-10.265951520211265,3.700851707635313,1.5826629442345657,0.2614678948037784
6242.0,249.68,2.0,-14.690724029443578,-10.120928757670574,-14.690724029443578,-10.120928757670574,3.704202778988196,1.5826629442345657,0.2614678948037784
6243.0,249.72,2.0,-14.766771546330345,-9.974637113093493,-14.766771546330345,-9.974637113093493,3.7075538503410805,1.5826629442345657,0.2614678948037784
6244.0,249.76000000000002,2.0,-14.842804193293496,-9.827209337490503,-14.842804193293496,-9.827209337490503,3.7109049216939636,1.5826629442345657,0.2614678948037784
6245.0,249.8,2.0,-14.918492257522171,-9.678926787064867,-14.918492257522171,-9.678926787064867,3.7142559930468466,1.5826629442345657,0.2614678948037784
6246.0,249.84,2.0,-14.994162055131653,-9.529530515830988,-14.994162055131653,-9.529530515830988,3.717607064399731,1.5826629442345657,0.2614678948037784
6247.0,249.88,2.0,-15.06951191400874,-9.380458979887626,-15.06951191400874,-9.380458979887626,3.720958135752614,1.5826629442345657,0.2614678948037784
6248.0,249.92000000000002,2.0,-15.144820399564912,-9.231603098445538,-15.144820399564912,-9.231603098445538,3.724309207105497,1.5826629442345657,0.2614678948037784
6249.0,249.96,2.0,-15.219998226406062,-9.083074103949556,-15.219998226406062,-9.083074103949556,3.7276602784583805,1.5826629442345657,0.2614678948037784
6250.0,250.0,2.0,-15.295017052047424,-8.934766391464068,-15.295017052047424,-8.934766391464068,3.731011349811264,1.5826629442345657,0.2614678948037784
6251.0,250.04,2.0,-15.36973224882457,-8.786479230805833,-15.36973224882457,-8.786479230805833,3.734362421164148,1.5826629442345657,0.2614678948037784
6252.0,250.08,2.0,-15.444428003700597,-8.638726655749371,-15.444428003700597,-8.638726655749371,3.73774901171699,1.5826629442345657,0.2614678948037784
6253.0,250.12,2.0,-15.518971400785217,-8.491119861815404,-15.518971400785217,-8.491119861815404,3.741190652565898,1.5826629442345657,0.2614678948037784
6254.0,250.16,2.0,-15.592062572079284,-8.343649468907158,-15.592062572079284,-8.343649468907158,3.744667812614764,1.5826629442345657,0.2614678948037784
6255.0,250.20000000000002,2.0,-15.663753615542353,-8.196458186463811,-15.663753615542353,-8.196458186463811,3.7482000229596952,1.5826629442345657,0.2614678948037784
6256.0,250.24,2.0,-15.733929895133517,-8.049758231019108,-15.733929895133517,-8.049758231019108,3.7517677525045863,1.5826629442345657,0.2614678948037784
6257.0,250.28,2.0,-15.802588511855726,-7.90313358113328,-15.802588511855726,-7.90313358113328,3.7553905323455408,1.5826629442345657,0.2614678948037784
6258.0,250.32,2.0,-15.869826397653762,-7.756512230410982,-15.869826397653762,-7.756512230410982,3.759048831386455,1.5826629442345657,0.2614678948037784
6259.0,250.36,2.0,-15.935702082653354,-7.610458736482049,-15.935702082653354,-7.610458736482049,3.762762180723434,1.5826629442345657,0.2614678948037784
6260.0,250.4,2.0,-15.999988121178717,-7.46464964255519,-15.999988121178717,-7.46464964255519,3.7664932896603927,1.5826629442345657,0.2614678948037784
6261.0,250.44,2.0,-16.062928220516827,-7.318909467119333,-16.062928220516827,-7.318909467119333,3.7702421581973304,1.5826629442345657,0.2614678948037784
6262.0,250.48000000000002,2.0,-16.124249073715053,-7.173430835343177,-16.124249073715053,-7.173430835343177,3.774046077030333,1.5826629442345657,0.2614678948037784
6263.0,250.52,2.0,-16.184145502035808,-7.028496027161509,-16.184145502035808,-7.028496027161509,3.777885515063296,1.5826629442345657,0.2614678948037784
6264.0,250.56,2.0,-16.242502869132274,-6.883595146519268,-16.242502869132274,-6.883595146519268,3.7817800033923223,1.5826629442345657,0.2614678948037784
6265.0,250.6,2.0,-16.299472874609624,-6.738768114913235,-16.299472874609624,-6.738768114913235,3.785710010921308,1.5826629442345657,0.2614678948037784
6266.0,250.64000000000001,2.0,-16.35498537978823,-6.594447057807202,-16.35498537978823,-6.594447057807202,3.7896950687463584,1.5826629442345657,0.2614678948037784
6267.0,250.68,2.0,-16.40903016820518,-6.4503693773515325,-16.40903016820518,-6.4503693773515325,3.7937156457713685,1.5826629442345657,0.2614678948037784
6268.0,250.72,2.0,-16.46154022518194,-6.306487270442648,-16.46154022518194,-6.306487270442648,3.797791273092443,1.5826629442345657,0.2614678948037784
6269.0,250.76000000000002,2.0,-16.512645177644107,-6.162747293978648,-16.512645177644107,-6.162747293978648,3.8019024196134765,1.5826629442345657,0.2614678948037784
6270.0,250.8,2.0,-16.562187162632558,-6.019509017982231,-16.562187162632558,-6.019509017982231,3.8060135661345105,1.5826629442345657,0.2614678948037784
6271.0,250.84,2.0,-16.610377304532538,-5.876350565897371,-16.610377304532538,-5.876350565897371,3.810124712655544,1.5826629442345657,0.2614678948037784
6272.0,250.88,2.0,-16.65704435957953,-5.7334449538784185,-16.65704435957953,-5.7334449538784185,3.8142358591765775,1.5826629442345657,0.2614678948037784
6273.0,250.92000000000002,2.0,-16.70235201553011,-5.590867659112596,-16.70235201553011,-5.590867659112596,3.818347005697611,1.5826629442345657,0.2614678948037784
6274.0,250.96,2.0,-16.746296339803003,-5.448450516491164,-16.746296339803003,-5.448450516491164,3.822458152218645,1.5826629442345657,0.2614678948037784
6275.0,251.0,2.0,-16.788761014268122,-5.306453204400211,-16.788761014268122,-5.306453204400211,3.8265692987396784,1.5826629442345657,0.2614678948037784
6276.0,251.04,2.0,-16.82985124270511,-5.1645554239290625,-16.82985124270511,-5.1645554239290625,3.830680445260712,1.5826629442345657,0.2614678948037784
6277.0,251.08,2.0,-16.869519480437656,-5.022940613628273,-16.869519480437656,-5.022940613628273,3.834791591781746,1.5826629442345657,0.2614678948037784
6278.0,251.12,2.0,-16.90781472746412,-4.881521305836106,-16.90781472746412,-4.881521305836106,3.8389027383027794,1.5826629442345657,0.2614678948037784
6279.0,251.16,2.0,-16.944739954164067,-4.740662437330989,-16.944739954164067,-4.740662437330989,3.843013884823813,1.5826629442345657,0.2614678948037784
6280.0,251.20000000000002,2.0,-16.98030504117316,-4.599818356217698,-16.98030504117316,-4.599818356217698,3.847125031344847,1.5826629442345657,0.2614678948037784
6281.0,251.24,2.0,-17.014547384839307,-4.458636644191066,-17.014547384839307,-4.458636644191066,3.8512361778658804,1.5826629442345657,0.2614678948037784
6282.0,251.28,2.0,-17.047452645531035,-4.318013854893736,-17.047452645531035,-4.318013854893736,3.855347324386914,1.5826629442345657,0.2614678948037784
6283.0,251.32,2.0,-17.079078739037623,-4.177228683447062,-17.079078739037623,-4.177228683447062,3.8594584709079474,1.5826629442345657,0.2614678948037784
6284.0,251.36,2.0,-17.109399807164106,-4.036655352048992,-17.109399807164106,-4.036655352048992,3.8635696174289813,1.5826629442345657,0.2614678948037784
6285.0,251.4,2.0,-17.13848257265026,-3.8958531369797407,-17.13848257265026,-3.8958531369797407,3.867680763950015,1.5826629442345657,0.2614678948037784
6286.0,251.44,2.0,-17.16636133449159,-3.7553733794078177,-17.16636133449159,-3.7553733794078177,3.8717919104710483,1.5826629442345657,0.2614678948037784
6287.0,251.48000000000002,2.0,-17.192991436310546,-3.614986599590849,-17.192991436310546,-3.614986599590849,3.8759030569920823,1.5826629442345657,0.2614678948037784
6288.0,251.52,2.0,-17.21843838789846,-3.4748064820113838,-17.21843838789846,-3.4748064820113838,3.8800142035131158,1.5826629442345657,0.2614678948037784
6289.0,251.56,2.0,-17.242683186501793,-3.334474357966503,-17.242683186501793,-3.334474357966503,3.884125350034149,1.5826629442345657,0.2614678948037784
6290.0,251.6,2.0,-17.26578446447163,-3.1939894087538376,-17.26578446447163,-3.1939894087538376,3.8882364965551823,1.5826629442345657,0.2614678948037784
6291.0,251.64000000000001,2.0,-17.287766014964458,-3.0537135420275616,-17.287766014964458,-3.0537135420275616,3.8923476430762163,1.5826629442345657,0.2614678948037784
6292.0,251.68,2.0,-17.308646259543707,-2.9135325048956573,-17.308646259543707,-2.9135325048956573,3.89645878959725,1.5826629442345657,0.2614678948037784
6293.0,251.72,2.0,-17.32844417900326,-2.7736564645647395,-17.32844417900326,-2.7736564645647395,3.9005699361182833,1.5826629442345657,0.2614678948037784
6294.0,251.76000000000002,2.0,-17.346413419443646,-2.633413041075227,-17.346413419443646,-2.633413041075227,3.9046810826393172,1.5826629442345657,0.2614678948037784
6295.0,251.8,2.0,-17.362423320418646,-2.4934164474158034,-17.362423320418646,-2.4934164474158034,3.9087922291603507,1.5826629442345657,0.2614678948037784
6296.0,251.84,2.0,-17.37647019827812,-2.3532652312724207,-17.37647019827812,-2.3532652312724207,3.9129033756813842,1.5826629442345657,0.2614678948037784
6297.0,251.88,2.0,-17.3885512029147,-2.2133663829368997,-17.3885512029147,-2.2133663829368997,3.917014522202418,1.5826629442345657,0.2614678948037784
6298.0,251.92000000000002,2.0,-17.39866431958665,-2.0735569865580215,-17.39866431958665,-2.0735569865580215,3.9211256687234517,1.5826629442345657,0.2614678948037784
6299.0,251.96,2.0,-17.406808370128843,-1.9335167681860028,-17.406808370128843,-1.9335167681860028,3.925236815244485,1.5826629442345657,0.2614678948037784
6300.0,252.0,2.0,-17.412983013551084,-1.793668747453856,-17.412983013551084,-1.793668747453856,3.9293479617655187,1.5826629442345657,0.2614678948037784
6301.0,252.04,2.0,-17.418101321538796,-1.6536447093640532,-17.418101321538796,-1.6536447093640532,3.9334591082865527,1.5826629442345657,0.2614678948037784
6302.0,252.08,2.0,-17.42214146375976,-1.5137911983993217,-17.42214146375976,-1.5137911983993217,3.937570254807586,1.5826629442345657,0.2614678948037784
6303.0,252.12,2.0,-17.425082081322902,-1.3739469633914145,-17.425082081322902,-1.3739469633914145,3.9416814013286197,1.5826629442345657,0.2614678948037784
6304.0,252.16,2.0,-17.42690230618458,-1.2341652269224717,-17.42690230618458,-1.2341652269224717,3.9457925478496536,1.5826629442345657,0.2614678948037784
6305.0,252.20000000000002,2.0,-17.42758178019339,-1.0941921246829294,-17.42758178019339,-1.0941921246829294,3.949903694370687,1.5826629442345657,0.2614678948037784
6306.0,252.24,2.0,-17.427100673758687,-0.954304552845732,-17.427100673758687,-0.954304552845732,3.9540148408917206,1.5826629442345657,0.2614678948037784
6307.0,252.28,2.0,-17.42543970412824,-0.8143930617357613,-17.42543970412824,-0.8143930617357613,3.958125987412754,1.5826629442345657,0.2614678948037784
6308.0,252.32,2.0,-17.42258015326086,-0.6746944396098467,-17.42258015326086,-0.6746944396098467,3.962237133933788,1.5826629442345657,0.2614678948037784
6309.0,252.36,2.0,-17.418503885280064,-0.5348890922499824,-17.418503885280064,-0.5348890922499824,3.9663482804548216,1.5826629442345657,0.2614678948037784
6310.0,252.4,2.0,-17.413193363495168,-0.3948717217883911,-17.413193363495168,-0.3948717217883911,3.970459426975855,1.5826629442345657,0.2614678948037784
6311.0,252.44,2.0,-17.406631666976615,-0.2544073647329509,-17.406631666976615,-0.2544073647329509,3.974570573496889,1.5826629442345657,0.2614678948037784
6312.0,252.48000000000002,2.0,-17.398802506672535,-0.11392198257093432,-17.398802506672535,-0.11392198257093432,3.9786817200179225,1.5826629442345657,0.2614678948037784
6313.0,252.52,2.0,-17.389690241054065,0.026592501186306763,-17.389690241054065,0.026592501186306763,3.982792866538956,1.5826629442345657,0.2614678948037784
6314.0,252.56,2.0,-17.37927989127716,0.16760896419327073,-17.37927989127716,0.16760896419327073,3.98690401305999,1.5826629442345657,0.2614678948037784
6315.0,252.6,2.0,-17.367424643147917,0.30879758111026073,-17.367424643147917,0.30879758111026073,3.9910151595810235,1.5826629442345657,0.2614678948037784
6316.0,252.64000000000001,2.0,-17.354233332952195,0.4502340297379727,-17.354233332952195,0.4502340297379727,3.995126306102057,1.5826629442345657,0.2614678948037784
6317.0,252.68,2.0,-17.339540126864375,0.591756553468629,-17.339540126864375,0.591756553468629,3.9992374526230905,1.5826629442345657,0.2614678948037784
6318.0,252.72,2.0,-17.323459907528143,0.7336712669216849,-17.323459907528143,0.7336712669216849,4.003348599144124,1.5826629442345657,0.2614678948037784
6319.0,252.76000000000002,2.0,-17.30586176837717,0.8757031425341439,-17.30586176837717,0.8757031425341439,4.007459745665158,1.5826629442345657,0.2614678948037784
6320.0,252.8,2.0,-17.28681943637957,1.01808047955399,-17.28681943637957,1.01808047955399,4.011480322690168,1.5826629442345657,0.2614678948037784
6321.0,252.84,2.0,-17.26625596022016,1.1606242026823648,-17.26625596022016,1.1606242026823648,4.0154103302191535,1.5826629442345657,0.2614678948037784
6322.0,252.88,2.0,-17.2441839257008,1.3032875150913417,-17.2441839257008,1.3032875150913417,4.0192497682521156,1.5826629442345657,0.2614678948037784
6323.0,252.92000000000002,2.0,-17.22062038667856,1.4463447812693633,-17.22062038667856,1.4463447812693633,4.022998636789054,1.5826629442345657,0.2614678948037784
6324.0,252.96,2.0,-17.195629478895263,1.589631616845845,-17.195629478895263,1.589631616845845,4.026656935829968,1.5826629442345657,0.2614678948037784
6325.0,253.0,2.0,-17.169050665141153,1.7330656503473543,-17.169050665141153,1.7330656503473543,4.030224665374859,1.5826629442345657,0.2614678948037784
6326.0,253.04,2.0,-17.14098121698225,1.876637351067392,-17.14098121698225,1.876637351067392,4.033701825423725,1.5826629442345657,0.2614678948037784
6327.0,253.08,2.0,-17.111243864654657,2.0207235704780366,-17.111243864654657,2.0207235704780366,4.037088415976568,1.5826629442345657,0.2614678948037784
6328.0,253.12,2.0,-17.08005952718962,2.1648883512231714,-17.08005952718962,2.1648883512231714,4.040384437033386,1.5826629442345657,0.2614678948037784
6329.0,253.16,2.0,-17.04716853700544,2.3091148270323663,-17.04716853700544,2.3091148270323663,4.043589888594181,1.5826629442345657,0.2614678948037784
6330.0,253.20000000000002,2.0,-17.012788975710034,2.453714839277245,-17.012788975710034,2.453714839277245,4.046704770658953,1.5826629442345657,0.2614678948037784
6331.0,253.24,2.0,-16.976922391615766,2.598725871454318,-16.976922391615766,2.598725871454318,4.0497290832276995,1.5826629442345657,0.2614678948037784
6332.0,253.28,2.0,-16.939428516720366,2.743766089526532,-16.939428516720366,2.743766089526532,4.0526628263004225,1.5826629442345657,0.2614678948037784
6333.0,253.32,2.0,-16.900360504610948,2.8888783567265253,-16.900360504610948,2.8888783567265253,4.055505999877123,1.5826629442345657,0.2614678948037784
6334.0,253.36,2.0,-16.859686873576756,3.0345005276070567,-16.859686873576756,3.0345005276070567,4.058258603957797,1.5826629442345657,0.2614678948037784
6335.0,253.4,2.0,-16.817342787817584,3.180326000417417,-16.817342787817584,3.180326000417417,4.060920638542449,1.5826629442345657,0.2614678948037784
6336.0,253.44,2.0,-16.773482793967425,3.3262008194255053,-16.773482793967425,3.3262008194255053,4.063492103631077,1.5826629442345657,0.2614678948037784
6337.0,253.48000000000002,2.0,-16.72812230774979,3.472329728590096,-16.72812230774979,3.472329728590096,4.06597299922368,1.5826629442345657,0.2614678948037784
6338.0,253.52,2.0,-16.681076944149414,3.6189377375251213,-16.681076944149414,3.6189377375251213,4.068363325320261,1.5826629442345657,0.2614678948037784
6339.0,253.56,2.0,-16.632583747486095,3.765569405375865,-16.632583747486095,3.765569405375865,4.0706630819208165,1.5826629442345657,0.2614678948037784
6340.0,253.6,2.0,-16.582361630232114,3.91229922301883,-16.582361630232114,3.91229922301883,4.072872269025349,1.5826629442345657,0.2614678948037784
6341.0,253.64000000000001,2.0,-16.530581517402254,4.059428856323987,-16.530581517402254,4.059428856323987,4.074990886633858,1.5826629442345657,0.2614678948037784
6342.0,253.68,2.0,-16.477292355544733,4.206787426564269,-16.477292355544733,4.206787426564269,4.0770189347463415,1.5826629442345657,0.2614678948037784
6343.0,253.72,2.0,-16.42251393769107,4.354392160222522,-16.42251393769107,4.354392160222522,4.0789564133628025,1.5826629442345657,0.2614678948037784
6344.0,253.76000000000002,2.0,-16.3660601628163,4.502014153330907,-16.3660601628163,4.502014153330907,4.080803322483239,1.5826629442345657,0.2614678948037784
6345.0,253.8,2.0,-16.308164262084077,4.6500912631746845,-16.308164262084077,4.6500912631746845,4.082559662107652,1.5826629442345657,0.2614678948037784
6346.0,253.84,2.0,-16.248539711330185,4.798199199876019,-16.248539711330185,4.798199199876019,4.084225432236041,1.5826629442345657,0.2614678948037784
6347.0,253.88,2.0,-16.18755390681215,4.946698267628346,-16.18755390681215,4.946698267628346,4.085710063372382,1.5826629442345657,0.2614678948037784
6348.0,253.92000000000002,2.0,-16.125144869379707,5.095284923658271,-16.125144869379707,5.095284923658271,4.087013555516675,1.5826629442345657,0.2614678948037784
6349.0,253.96,2.0,-16.062149289089515,5.244048527961133,-16.062149289089515,5.244048527961133,4.088135908668921,1.5826629442345657,0.2614678948037784
6350.0,254.0,2.0,-15.998887913214432,5.393105874149056,-15.998887913214432,5.393105874149056,4.089094882429099,1.5826629442345657,0.2614678948037784
6351.0,254.04,2.0,-15.935514525699405,5.542518176166077,-15.935514525699405,5.542518176166077,4.089945527093273,1.5826629442345657,0.2614678948037784
6352.0,254.08,2.0,-15.872089164343294,5.691936229773907,-15.872089164343294,5.691936229773907,4.090687842661444,1.5826629442345657,0.2614678948037784
6353.0,254.12,2.0,-15.808331714190727,5.841455435831378,-15.808331714190727,5.841455435831378,4.091266778837546,1.5826629442345657,0.2614678948037784
6354.0,254.16,2.0,-15.744492225645631,5.991426874778174,-15.744492225645631,5.991426874778174,4.091664576021601,1.5826629442345657,0.2614678948037784
6355.0,254.20000000000002,2.0,-15.680345260327904,6.141467355935379,-15.680345260327904,6.141467355935379,4.091881234213607,1.5826629442345657,0.2614678948037784
6356.0,254.24,2.0,-15.616151330607375,6.290563822606029,-15.616151330607375,6.290563822606029,4.0919167534135665,1.5826629442345657,0.2614678948037784
6357.0,254.28,2.0,-15.551703155776123,6.4384539710226845,-15.551703155776123,6.4384539710226845,4.091952272613526,1.5826629442345657,0.2614678948037784
6358.0,254.32,2.0,-15.487162028206006,6.585258342040208,-15.487162028206006,6.585258342040208,4.091987791813485,1.5826629442345657,0.2614678948037784
6359.0,254.36,2.0,-15.422224552652056,6.730944868633197,-15.422224552652056,6.730944868633197,4.0920233110134445,1.5826629442345657,0.2614678948037784
6360.0,254.4,2.0,-15.357285423093867,6.875619415040561,-15.357285423093867,6.875619415040561,4.092058830213403,1.5826629442345657,0.2614678948037784
6361.0,254.44,2.0,-15.292197900827643,7.018983055463233,-15.292197900827643,7.018983055463233,4.092094349413362,1.5826629442345657,0.2614678948037784
6362.0,254.48000000000002,2.0,-15.226857738162812,7.1609678179740275,-15.226857738162812,7.1609678179740275,4.092129868613322,1.5826629442345657,0.2614678948037784
6363.0,254.52,2.0,-15.161201972209911,7.301517645600631,-15.161201972209911,7.301517645600631,4.092165387813281,1.5826629442345657,0.2614678948037784
6364.0,254.56,2.0,-15.095458554556087,7.440607868299849,-15.095458554556087,7.440607868299849,4.09220090701324,1.5826629442345657,0.2614678948037784
6365.0,254.6,2.0,-15.029700959354482,7.5782144006727465,-15.029700959354482,7.5782144006727465,4.092236426213199,1.5826629442345657,0.2614678948037784
6366.0,254.64000000000001,2.0,-14.963552874037779,7.714313759504772,-14.963552874037779,7.714313759504772,4.092271945413158,1.5826629442345657,0.2614678948037784
6367.0,254.68,2.0,-14.897204283526733,7.848883080867248,-14.897204283526733,7.848883080867248,4.092307464613117,1.5826629442345657,0.2614678948037784
6368.0,254.72,2.0,-14.830745848794455,7.9819001367671065,-14.830745848794455,7.9819001367671065,4.092342983813076,1.5826629442345657,0.2614678948037784
6369.0,254.76000000000002,2.0,-14.764192491674917,8.113343351332068,-14.764192491674917,8.113343351332068,4.092378503013036,1.5826629442345657,0.2614678948037784
6370.0,254.8,2.0,-14.697234065825846,8.243191816518861,-14.697234065825846,8.243191816518861,4.092414022212995,1.5826629442345657,0.2614678948037784
6371.0,254.84,2.0,-14.630218304360586,8.371425307332402,-14.630218304360586,8.371425307332402,4.092449541412954,1.5826629442345657,0.2614678948037784
6372.0,254.88,2.0,-14.563028245721904,8.498024296544271,-14.563028245721904,8.498024296544271,4.092485060612913,1.5826629442345657,0.2614678948037784
6373.0,254.92000000000002,2.0,-14.495665759464123,8.622969968899163,-14.495665759464123,8.622969968899163,4.092520579812872,1.5826629442345657,0.2614678948037784
6374.0,254.96,2.0,-14.428008645640036,8.746244234798436,-14.428008645640036,8.746244234798436,4.092556099012832,1.5826629442345657,0.2614678948037784
6375.0,255.0,2.0,-14.360243909932672,8.867829743450216,-14.360243909932672,8.867829743450216,4.092591618212791,1.5826629442345657,0.2614678948037784
6376.0,255.04,2.0,-14.292291448585678,8.987709895476003,-14.292291448585678,8.987709895476003,4.09262713741275,1.5826629442345657,0.2614678948037784
6377.0,255.08,2.0,-14.224127073775623,9.10586885496407,-14.224127073775623,9.10586885496407,4.092662656612709,1.5826629442345657,0.2614678948037784
6378.0,255.12,2.0,-14.155854568297086,9.22229156096043,-14.155854568297086,9.22229156096043,4.092698175812667,1.5826629442345657,0.2614678948037784
6379.0,255.16,2.0,-14.087293960229642,9.336963738388517,-14.087293960229642,9.336963738388517,4.092733695012627,1.5826629442345657,0.2614678948037784
6380.0,255.20000000000002,2.0,-14.018548346322294,9.449871908389243,-14.018548346322294,9.449871908389243,4.092769214212587,1.5826629442345657,0.2614678948037784
6381.0,255.24,2.0,-13.949686529027193,9.56100339807345,-13.949686529027193,9.56100339807345,4.092804733412545,1.5826629442345657,0.2614678948037784
6382.0,255.28,2.0,-13.88073388452106,9.670346349679313,-13.88073388452106,9.670346349679313,4.092840252612505,1.5826629442345657,0.2614678948037784
6383.0,255.32,2.0,-13.81139418621119,9.777889729127644,-13.81139418621119,9.777889729127644,4.092875771812463,1.5826629442345657,0.2614678948037784
6384.0,255.36,2.0,-13.741969233020274,9.883623333968542,-13.741969233020274,9.883623333968542,4.092911291012423,1.5826629442345657,0.2614678948037784
6385.0,255.4,2.0,-13.67239976903031,9.987537800713277,-13.67239976903031,9.987537800713277,4.092946810212382,1.5826629442345657,0.2614678948037784
6386.0,255.44,2.0,-13.60267877958273,10.08962461154581,-13.60267877958273,10.08962461154581,4.092982329412341,1.5826629442345657,0.2614678948037784
6387.0,255.48000000000002,2.0,-13.532716939391685,10.18987610040879,-13.532716939391685,10.18987610040879,4.0930178486123,1.5826629442345657,0.2614678948037784
6388.0,255.52,2.0,-13.462621195094805,10.288285458459347,-13.462621195094805,10.288285458459347,4.093053367812259,1.5826629442345657,0.2614678948037784
6389.0,255.56,2.0,-13.392197259195422,10.384846738890522,-13.392197259195422,10.384846738890522,4.093088887012219,1.5826629442345657,0.2614678948037784
6390.0,255.6,2.0,-13.32173406293287,10.479554861114616,-13.32173406293287,10.479554861114616,4.093124406212178,1.5826629442345657,0.2614678948037784
6391.0,255.64000000000001,2.0,-13.251261634465042,10.572405614305291,-13.251261634465042,10.572405614305291,4.093159925412137,1.5826629442345657,0.2614678948037784
6392.0,255.68,2.0,-13.180439048075556,10.663395660295658,-13.180439048075556,10.663395660295658,4.093195444612096,1.5826629442345657,0.2614678948037784
6393.0,255.72,2.0,-13.109482356713318,10.752522535830183,-13.109482356713318,10.752522535830183,4.093230963812055,1.5826629442345657,0.2614678948037784
6394.0,255.76000000000002,2.0,-13.038309192743613,10.83978465416867,-13.038309192743613,10.83978465416867,4.093266483012015,1.5826629442345657,0.2614678948037784
6395.0,255.8,2.0,-12.96700026213704,10.925181306041088,-12.96700026213704,10.925181306041088,4.093302002211974,1.5826629442345657,0.2614678948037784
6396.0,255.84,2.0,-12.89558563674978,11.008712659952561,-12.89558563674978,11.008712659952561,4.093337521411932,1.5826629442345657,0.2614678948037784
6397.0,255.88,2.0,-12.824071449606931,11.090379761838223,-12.824071449606931,11.090379761838223,4.093373040611892,1.5826629442345657,0.2614678948037784
6398.0,255.92000000000002,2.0,-12.75222652611708,11.170184534068317,-12.75222652611708,11.170184534068317,4.093408559811851,1.5826629442345657,0.2614678948037784
6399.0,255.96,2.0,-12.68038027590378,11.248129773804205,-12.68038027590378,11.248129773804205,4.09344407901181,1.5826629442345657,0.2614678948037784
6400.0,256.0,2.0,-12.608215625284638,11.32421915070664,-12.608215625284638,11.32421915070664,4.09347959821177,1.5826629442345657,0.2614678948037784
6401.0,256.04,2.0,-12.535991299485529,11.399423851210274,-12.535991299485529,11.399423851210274,4.093515117411728,1.5826629442345657,0.2614678948037784
6402.0,256.08,2.0,-12.463739690849943,11.473765931021665,-12.463739690849943,11.473765931021665,4.093550636611687,1.5826629442345657,0.2614678948037784
6403.0,256.12,2.0,-12.391267034104827,11.54726770280878,-12.391267034104827,11.54726770280878,4.093586155811647,1.5826629442345657,0.2614678948037784
6404.0,256.16,2.0,-12.318636267581175,11.61995171528705,-12.318636267581175,11.61995171528705,4.093621675011606,1.5826629442345657,0.2614678948037784
6405.0,256.2,2.0,-12.245868026322919,11.691840732142829,-12.245868026322919,11.691840732142829,4.093657194211565,1.5826629442345657,0.2614678948037784
6406.0,256.24,2.0,-12.172884213570036,11.762957710810635,-12.172884213570036,11.762957710810635,4.093692713411524,1.5826629442345657,0.2614678948037784
6407.0,256.28000000000003,2.0,-12.099833498283429,11.833325781120708,-12.099833498283429,11.833325781120708,4.093728232611483,1.5826629442345657,0.2614678948037784
6408.0,256.32,2.0,-12.026663522334244,11.90296822383355,-12.026663522334244,11.90296822383355,4.0937637518114425,1.5826629442345657,0.2614678948037784
6409.0,256.36,2.0,-11.95335266321601,11.97190844907807,-11.95335266321601,11.97190844907807,4.0937992710114015,1.5826629442345657,0.2614678948037784
6410.0,256.4,2.0,-11.880033260967956,12.040169974710189,-11.880033260967956,12.040169974710189,4.093834790211361,1.5826629442345657,0.2614678948037784
6411.0,256.44,2.0,-11.806459622574877,12.107776404608718,-11.806459622574877,12.107776404608718,4.0938703094113205,1.5826629442345657,0.2614678948037784
6412.0,256.48,2.0,-11.732847582344753,12.174751406925392,-11.732847582344753,12.174751406925392,4.0939058286112795,1.5826629442345657,0.2614678948037784
6413.0,256.52,2.0,-11.659034809007279,12.241118692306008,-11.659034809007279,12.241118692306008,4.0939413478112385,1.5826629442345657,0.2614678948037784
6414.0,256.56,2.0,-11.585147295614618,12.306901992099581,-11.585147295614618,12.306901992099581,4.093976867011198,1.5826629442345657,0.2614678948037784
6415.0,256.6,2.0,-11.511111125029917,12.37212503657249,-11.511111125029917,12.37212503657249,4.0940123862111575,1.5826629442345657,0.2614678948037784
6416.0,256.64,2.0,-11.436973666565692,12.436811533144567,-11.436973666565692,12.436811533144567,4.0940479054111165,1.5826629442345657,0.2614678948037784
6417.0,256.68,2.0,-11.362827954166118,12.500985144664039,-11.362827954166118,12.500985144664039,4.0940834246110756,1.5826629442345657,0.2614678948037784
6418.0,256.72,2.0,-11.288584746128693,12.564669467738243,-11.288584746128693,12.564669467738243,4.094118943811035,1.5826629442345657,0.2614678948037784
6419.0,256.76,2.0,-11.214222668428135,12.62788801113697,-11.214222668428135,12.62788801113697,4.094154463010993,1.5826629442345657,0.2614678948037784
6420.0,256.8,2.0,-11.139789389930304,12.690664174285189,-11.139789389930304,12.690664174285189,4.094189982210953,1.5826629442345657,0.2614678948037784
6421.0,256.84000000000003,2.0,-11.065227794349841,12.753021225861985,-11.065227794349841,12.753021225861985,4.094225501410913,1.5826629442345657,0.2614678948037784
6422.0,256.88,2.0,-10.990622004193435,12.814982282522214,-10.990622004193435,12.814982282522214,4.094261020610871,1.5826629442345657,0.2614678948037784
6423.0,256.92,2.0,-10.915885745579173,12.876570287757568,-10.915885745579173,12.876570287757568,4.094296539810831,1.5826629442345657,0.2614678948037784
6424.0,256.96,2.0,-10.841125578510496,12.93780799091338,-10.841125578510496,12.93780799091338,4.094332059010789,1.5826629442345657,0.2614678948037784
6425.0,257.0,2.0,-10.766239243375336,12.998717926377552,-10.766239243375336,12.998717926377552,4.094367578210749,1.5826629442345657,0.2614678948037784
6426.0,257.04,2.0,-10.691343393755618,13.059322392957789,-10.691343393755618,13.059322392957789,4.094403097410708,1.5826629442345657,0.2614678948037784
6427.0,257.08,2.0,-10.61633127868196,13.11964343346314,-10.61633127868196,13.11964343346314,4.094438616610667,1.5826629442345657,0.2614678948037784
6428.0,257.12,2.0,-10.541318983706104,13.179702814505774,-10.541318983706104,13.179702814505774,4.094474135810626,1.5826629442345657,0.2614678948037784
6429.0,257.16,2.0,-10.46630668873025,13.239522006538687,-10.46630668873025,13.239522006538687,4.094509655010585,1.5826629442345657,0.2614678948037784
6430.0,257.2,2.0,-10.391294393754395,13.299122164144851,-10.391294393754395,13.299122164144851,4.094545174210545,1.5826629442345657,0.2614678948037784
6431.0,257.24,2.0,-10.31628209877854,13.357371794243102,-10.31628209877854,13.357371794243102,4.094580693410504,1.5826629442345657,0.2614678948037784
6432.0,257.28000000000003,2.0,-10.241269803802686,13.414297648830376,-10.241269803802686,13.414297648830376,4.094616212610463,1.5826629442345657,0.2614678948037784
6433.0,257.32,2.0,-10.166257508826831,13.46992694980473,-10.166257508826831,13.46992694980473,4.094651731810422,1.5826629442345657,0.2614678948037784
6434.0,257.36,2.0,-10.091245213850977,13.52428736874269,-10.091245213850977,13.52428736874269,4.094687251010381,1.5826629442345657,0.2614678948037784
6435.0,257.4,2.0,-10.01623291887512,13.577407006355854,-10.01623291887512,13.577407006355854,4.094722770210341,1.5826629442345657,0.2614678948037784
6436.0,257.44,2.0,-9.941220623899266,13.629314371642513,-9.941220623899266,13.629314371642513,4.0947582894103,1.5826629442345657,0.2614678948037784
6437.0,257.48,2.0,-9.866208328923411,13.680038360750371,-9.866208328923411,13.680038360750371,4.094793808610258,1.5826629442345657,0.2614678948037784
6438.0,257.52,2.0,-9.791056985456063,13.730762349858232,-9.791056985456063,13.730762349858232,4.094829327810218,1.5826629442345657,0.2614678948037784
6439.0,257.56,2.0,-9.71487033089068,13.781486338966088,-9.71487033089068,13.781486338966088,4.094864847010177,1.5826629442345657,0.2614678948037784
6440.0,257.6,2.0,-9.637618922549233,13.832210328073948,-9.637618922549233,13.832210328073948,4.094900366210136,1.5826629442345657,0.2614678948037784
6441.0,257.64,2.0,-9.559273577714375,13.882934317181808,-9.559273577714375,13.882934317181808,4.094935885410096,1.5826629442345657,0.2614678948037784
6442.0,257.68,2.0,-9.479805396063814,13.933658306289669,-9.479805396063814,13.933658306289669,4.094971404610054,1.5826629442345657,0.2614678948037784
6443.0,257.72,2.0,-9.399185781913364,13.984382295397527,-9.399185781913364,13.984382295397527,4.094619605236334,1.5826629442345657,0.2614678948037784
6444.0,257.76,2.0,-9.317386466251488,14.035106284505385,-9.317386466251488,14.035106284505385,4.093480918608754,1.5826629442345657,0.2614678948037784
6445.0,257.8,2.0,-9.235669789177555,14.085830273613245,-9.235669789177555,14.085830273613245,4.091574875823418,1.5826629442345657,0.2614678948037784
6446.0,257.84000000000003,2.0,-9.15401833921937,14.136554262721104,-9.15401833921937,14.136554262721104,4.088881945784224,1.5826629442345657,0.2614678948037784
6447.0,257.88,2.0,-9.07241425423818,14.187278251828964,-9.07241425423818,14.187278251828964,4.085421659587273,1.5826629442345657,0.2614678948037784
6448.0,257.92,2.0,-8.990839238969043,14.238002240936824,-8.990839238969043,14.238002240936824,4.081174486136463,1.5826629442345657,0.2614678948037784
6449.0,257.96,2.0,-8.909274582913456,14.288726230044679,-8.909274582913456,14.288726230044679,4.076159956527898,1.5826629442345657,0.2614678948037784
6450.0,258.0,2.0,-8.827701178570246,14.339450219152539,-8.827701178570246,14.339450219152539,4.071068533654456,1.5826629442345657,0.2614678948037784
6451.0,258.04,2.0,-8.746099539990558,14.390174208260397,-8.746099539990558,14.390174208260397,4.06586878168501,1.5826629442345657,0.2614678948037784
6452.0,258.08,2.0,-8.664449821642402,14.440898197368258,-8.664449821642402,14.440898197368258,4.060560700619561,1.5826629442345657,0.2614678948037784
6453.0,258.12,2.0,-8.582731837570085,14.491622186476118,-8.582731837570085,14.491622186476118,4.055106999762023,1.5826629442345657,0.2614678948037784
6454.0,258.16,2.0,-8.500925080833586,14.542346175583974,-8.500925080833586,14.542346175583974,4.049527210208502,1.5826629442345657,0.2614678948037784
6455.0,258.2,2.0,-8.419008743212686,14.593070164691834,-8.419008743212686,14.593070164691834,4.043801800862892,1.5826629442345657,0.2614678948037784
6456.0,258.24,2.0,-8.336961735160521,14.643794153799695,-8.336961735160521,14.643794153799695,4.037950302821298,1.5826629442345657,0.2614678948037784
6457.0,258.28000000000003,2.0,-8.25476270599099,14.694518142907553,-8.25476270599099,14.694518142907553,4.031953184987618,1.5826629442345657,0.2614678948037784
6458.0,258.32,2.0,-8.172390064284263,14.745242132015413,-8.172390064284263,14.745242132015413,4.025844540437162,1.5826629442345657,0.2614678948037784
6459.0,258.36,2.0,-8.089821998494529,14.79596612112327,-8.089821998494529,14.79596612112327,4.019666283611433,1.5826629442345657,0.2614678948037784
6460.0,258.4,2.0,-8.007036497743867,14.84669011023113,-8.007036497743867,14.84669011023113,4.01344522659614,1.5826629442345657,0.2614678948037784
6461.0,258.44,2.0,-7.924011372786065,14.89741409933899,-7.924011372786065,14.89741409933899,4.007140881074428,1.5826629442345657,0.2614678948037784
6462.0,258.48,2.0,-7.840724277124054,14.94813808844685,-7.840724277124054,14.94813808844685,4.000745966056692,1.5826629442345657,0.2614678948037784
6463.0,258.52,2.0,-7.757152728264467,14.998862077554708,-7.757152728264467,14.998862077554708,3.9942604815429323,1.5826629442345657,0.2614678948037784
6464.0,258.56,2.0,-7.673274129092794,15.049586066662567,-7.673274129092794,15.049586066662567,3.9876844275331482,1.5826629442345657,0.2614678948037784
6465.0,258.6,2.0,-7.589065789352453,15.100310055770427,-7.589065789352453,15.100310055770427,3.9810178040273407,1.5826629442345657,0.2614678948037784
6466.0,258.64,2.0,-7.504504947211056,15.151034044878285,-7.504504947211056,15.151034044878285,3.974260611025509,1.5826629442345657,0.2614678948037784
6467.0,258.68,2.0,-7.419568790897032,15.201758033986145,-7.419568790897032,15.201758033986145,3.967412848527654,1.5826629442345657,0.2614678948037784
6468.0,258.72,2.0,-7.334234480389797,15.252482023094002,-7.334234480389797,15.252482023094002,3.9604817975233786,1.5826629442345657,0.2614678948037784
6469.0,258.76,2.0,-7.24847916914651,15.303206012201862,-7.24847916914651,15.303206012201862,3.953543465529499,1.5826629442345657,0.2614678948037784
6470.0,258.8,2.0,-7.162280025848527,15.353930001309722,-7.162280025848527,15.353930001309722,3.946590571556411,1.5826629442345657,0.2614678948037784
6471.0,258.84000000000003,2.0,-7.075614256150584,15.404653990417582,-7.075614256150584,15.404653990417582,3.9395616700665084,1.5826629442345657,0.2614678948037784
6472.0,258.88,2.0,-6.988459124415769,15.455028058252411,-6.988459124415769,15.455028058252411,3.9324421990805813,1.5826629442345657,0.2614678948037784
6473.0,258.92,2.0,-6.9007919754193185,15.5054016842407,-6.9007919754193185,15.5054016842407,3.9252321585986305,1.5826629442345657,0.2614678948037784
6474.0,258.96,2.0,-6.81259025600436,15.555409078960663,-6.81259025600436,15.555409078960663,3.917931548620656,1.5826629442345657,0.2614678948037784
6475.0,259.0,2.0,-6.723831536672693,15.605348891562608,-6.723831536672693,15.605348891562608,3.9105403691466565,1.5826629442345657,0.2614678948037784
6476.0,259.04,2.0,-6.63449353309377,15.654975796961597,-6.63449353309377,15.654975796961597,3.903058620176634,1.5826629442345657,0.2614678948037784
6477.0,259.08,2.0,-6.544554127515145,15.704545671777787,-6.544554127515145,15.704545671777787,3.895486301710588,1.5826629442345657,0.2614678948037784
6478.0,259.12,2.0,-6.453991390057647,15.75402585973233,-6.453991390057647,15.75402585973233,3.8878234137485173,1.5826629442345657,0.2614678948037784
6479.0,259.16,2.0,-6.362783599878723,15.803258672005564,-6.362783599878723,15.803258672005564,3.8801386828176336,1.5826629442345657,0.2614678948037784
6480.0,259.2,2.0,-6.2709092661874015,15.852253981175688,-6.2709092661874015,15.852253981175688,3.8717221149289553,1.5826629442345657,0.2614678948037784
6481.0,259.24,2.0,-6.178347149094514,15.901079764170053,-6.178347149094514,15.901079764170053,3.8625737100824806,1.5826629442345657,0.2614678948037784
6482.0,259.28000000000003,2.0,-6.085076280281908,15.949565078626152,-6.085076280281908,15.949565078626152,3.852693468278211,1.5826629442345657,0.2614678948037784
6483.0,259.32,2.0,-5.991075983474502,15.998010445111012,-5.991075983474502,15.998010445111012,3.8420813895161454,1.5826629442345657,0.2614678948037784
6484.0,259.36,2.0,-5.896325894699248,16.04641694319747,-5.896325894699248,16.04641694319747,3.830737473796285,1.5826629442345657,0.2614678948037784
6485.0,259.4,2.0,-5.800805982315152,16.09439259360201,-5.800805982315152,16.09439259360201,3.8186617211186284,1.5826629442345657,0.2614678948037784
6486.0,259.44,2.0,-5.704496566798736,16.14234295845636,-5.704496566798736,16.14234295845636,3.806234169067252,1.5826629442345657,0.2614678948037784
6487.0,259.48,2.0,-5.607378340269503,16.18987690303983,-5.607378340269503,16.18987690303983,3.793806617015876,1.5826629442345657,0.2614678948037784
6488.0,259.52,2.0,-5.509432385740137,16.23726754716783,-5.509432385740137,16.23726754716783,3.7813790649644994,1.5826629442345657,0.2614678948037784
6489.0,259.56,2.0,-5.410640196076422,16.284618333449117,-5.410640196076422,16.284618333449117,3.7689515129131226,1.5826629442345657,0.2614678948037784
6490.0,259.6,2.0,-5.310983692652047,16.33170042992676,-5.310983692652047,16.33170042992676,3.7565239608617467,1.5826629442345657,0.2614678948037784
6491.0,259.64,2.0,-5.210445243683747,16.37850678855727,-5.210445243683747,16.37850678855727,3.74409640881037,1.5826629442345657,0.2614678948037784
6492.0,259.68,2.0,-5.1080951067167994,16.425127621149187,-5.1080951067167994,16.425127621149187,3.7316688567589935,1.5826629442345657,0.2614678948037784
6493.0,259.72,2.0,-5.0039397603432905,16.471414055393527,-5.0039397603432905,16.471414055393527,3.7192413047076167,1.5826629442345657,0.2614678948037784
6494.0,259.76,2.0,-4.897986546793772,16.517611792550767,-4.897986546793772,16.517611792550767,3.706813752656241,1.5826629442345657,0.2614678948037784
6495.0,259.8,2.0,-4.790243667594285,16.56376268205493,-4.790243667594285,16.56376268205493,3.694386200604864,1.5826629442345657,0.2614678948037784
6496.0,259.84000000000003,2.0,-4.680720178585944,16.609435695334902,-4.680720178585944,16.609435695334902,3.681958648553487,1.5826629442345657,0.2614678948037784
6497.0,259.88,2.0,-4.569425984310892,16.655000726114412,-4.569425984310892,16.655000726114412,3.6695310965021113,1.5826629442345657,0.2614678948037784
6498.0,259.92,2.0,-4.456371831768851,16.700253314193024,-4.456371831768851,16.700253314193024,3.6571035444507345,1.5826629442345657,0.2614678948037784
6499.0,259.96,2.0,-4.3415693035490355,16.74544127307291,-4.3415693035490355,16.74544127307291,3.644675992399358,1.5826629442345657,0.2614678948037784
6500.0,260.0,2.0,-4.225030810342652,16.7903497857343,-4.225030810342652,16.7903497857343,3.6322484403479818,1.5826629442345657,0.2614678948037784
6501.0,260.04,2.0,-4.106769582841672,16.835046275293966,-4.106769582841672,16.835046275293966,3.6198208882966054,1.5826629442345657,0.2614678948037784
6502.0,260.08,2.0,-3.9867996630300717,16.87929577825978,-3.9867996630300717,16.87929577825978,3.6073933362452286,1.5826629442345657,0.2614678948037784
6503.0,260.12,2.0,-3.8651358948741663,16.923524256119016,-3.8651358948741663,16.923524256119016,3.5949657841938527,1.5826629442345657,0.2614678948037784
6504.0,260.16,2.0,-3.741793914419135,16.96772363238303,-3.741793914419135,16.96772363238303,3.582538232142476,1.5826629442345657,0.2614678948037784
6505.0,260.2,2.0,-3.6167901392993156,17.011421029397322,-3.6167901392993156,17.011421029397322,3.570110680091099,1.5826629442345657,0.2614678948037784
6506.0,260.24,2.0,-3.490274270371452,17.05494627250159,-3.490274270371452,17.05494627250159,3.5576831280397228,1.5826629442345657,0.2614678948037784
6507.0,260.28000000000003,2.0,-3.362141808407123,17.09822368389513,-3.362141808407123,17.09822368389513,3.5452555759883464,1.5826629442345657,0.2614678948037784
6508.0,260.32,2.0,-3.2325643761272995,17.14141502018573,-3.2325643761272995,17.14141502018573,3.53282802393697,1.5826629442345657,0.2614678948037784
6509.0,260.36,2.0,-3.101434331984876,17.18421416675393,-3.101434331984876,17.18421416675393,3.5204004718855932,1.5826629442345657,0.2614678948037784
6510.0,260.4,2.0,-2.9688912751267815,17.226896151162723,-2.9688912751267815,17.226896151162723,3.5079729198342173,1.5826629442345657,0.2614678948037784
6511.0,260.44,2.0,-2.834871620852043,17.269232674164133,-2.834871620852043,17.269232674164133,3.4955453677828405,1.5826629442345657,0.2614678948037784
6512.0,260.48,2.0,-2.699463909553022,17.311402811057015,-2.699463909553022,17.311402811057015,3.483117815731464,1.5826629442345657,0.2614678948037784
6513.0,260.52,2.0,-2.562668587361512,17.35345335866929,-2.562668587361512,17.35345335866929,3.470690263680088,1.5826629442345657,0.2614678948037784
6514.0,260.56,2.0,-2.424483070182708,17.395109952512524,-2.424483070182708,17.395109952512524,3.4582627116287115,1.5826629442345657,0.2614678948037784
6515.0,260.6,2.0,-2.284859123767231,17.4365369769573,-2.284859123767231,17.4365369769573,3.4458351595773347,1.5826629442345657,0.2614678948037784
6516.0,260.64,2.0,-2.143974611382807,17.477816803477044,-2.143974611382807,17.477816803477044,3.4334076075259587,1.5826629442345657,0.2614678948037784
6517.0,260.68,2.0,-2.0017510038614175,17.51895896277826,-2.0017510038614175,17.51895896277826,3.420980055474582,1.5826629442345657,0.2614678948037784
6518.0,260.72,2.0,-1.8583857204247511,17.55958660338887,-1.8583857204247511,17.55958660338887,3.408552503423205,1.5826629442345657,0.2614678948037784
6519.0,260.76,2.0,-1.7136793882309416,17.60013568266499,-1.7136793882309416,17.60013568266499,3.396124951371829,1.5826629442345657,0.2614678948037784
6520.0,260.8,2.0,-1.5686706019492216,17.64062306687705,-1.5686706019492216,17.64062306687705,3.3836973993204524,1.5826629442345657,0.2614678948037784
6521.0,260.84000000000003,2.0,-1.4237130963816105,17.680736914653426,-1.4237130963816105,17.680736914653426,3.371269847269076,1.5826629442345657,0.2614678948037784
6522.0,260.88,2.0,-1.2788034102043513,17.72043974249761,-1.2788034102043513,17.72043974249761,3.3588422952176993,1.5826629442345657,0.2614678948037784
6523.0,260.92,2.0,-1.134080739818714,17.760113384446647,-1.134080739818714,17.760113384446647,3.3464147431663234,1.5826629442345657,0.2614678948037784
6524.0,260.96,2.0,-0.9894917056477058,17.79971497726791,-0.9894917056477058,17.79971497726791,3.3339871911149466,1.5826629442345657,0.2614678948037784
6525.0,261.0,2.0,-0.8450684125849299,17.838806666408637,-0.8450684125849299,17.838806666408637,3.3215596390635698,1.5826629442345657,0.2614678948037784
6526.0,261.04,2.0,-0.7008771717057217,17.87749353000894,-0.7008771717057217,17.87749353000894,3.309132087012194,1.5826629442345657,0.2614678948037784
6527.0,261.08,2.0,-0.556765766018632,17.91472733195494,-0.556765766018632,17.91472733195494,3.296704534960817,1.5826629442345657,0.2614678948037784
6528.0,261.12,2.0,-0.4127219654388599,17.950285886752656,-0.4127219654388599,17.950285886752656,3.2842769829094407,1.5826629442345657,0.2614678948037784
6529.0,261.16,2.0,-0.2689341975975648,17.983927528325214,-0.2689341975975648,17.983927528325214,3.2718494308580643,1.5826629442345657,0.2614678948037784
6530.0,261.2,2.0,-0.12517031810033039,18.01609183578226,-0.12517031810033039,18.01609183578226,3.259421878806688,1.5826629442345657,0.2614678948037784
6531.0,261.24,2.0,0.01828282860703925,18.04668926026804,0.01828282860703925,18.04668926026804,3.246994326755311,1.5826629442345657,0.2614678948037784
6532.0,261.28000000000003,2.0,0.1615895545943601,18.075403890142667,0.1615895545943601,18.075403890142667,3.2345667747039344,1.5826629442345657,0.2614678948037784
6533.0,261.32,2.0,0.30479133905221917,18.10239317840534,0.30479133905221917,18.10239317840534,3.2221392226525585,1.5826629442345657,0.2614678948037784
6534.0,261.36,2.0,0.447899655503485,18.127627300103384,0.447899655503485,18.127627300103384,3.209711670601182,1.5826629442345657,0.2614678948037784
6535.0,261.4,2.0,0.5907192341708872,18.15132339458678,0.5907192341708872,18.15132339458678,3.1972841185498053,1.5826629442345657,0.2614678948037784
6536.0,261.44,2.0,0.7334732917731996,18.17303267977119,0.7334732917731996,18.17303267977119,3.1848565664984294,1.5826629442345657,0.2614678948037784
6537.0,261.48,2.0,0.875864448200984,18.193169365889556,0.875864448200984,18.193169365889556,3.1724290144470526,1.5826629442345657,0.2614678948037784
6538.0,261.52,2.0,1.0182484070964901,18.211363918957613,1.0182484070964901,18.211363918957613,3.1600920318917005,1.5826629442345657,0.2614678948037784
6539.0,261.56,2.0,1.1605506654889006,18.227911505872935,1.1605506654889006,18.227911505872935,3.147845618832372,1.5826629442345657,0.2614678948037784
6540.0,261.6,2.0,1.302571069792022,18.242715248098435,1.302571069792022,18.242715248098435,3.135689775269067,1.5826629442345657,0.2614678948037784
6541.0,261.64,2.0,1.4443256785102565,18.255651693588895,1.4443256785102565,18.255651693588895,3.123606741601806,1.5826629442345657,0.2614678948037784
6542.0,261.68,2.0,1.5859682755885431,18.266653832204074,1.5859682755885431,18.266653832204074,3.111541467534525,1.5826629442345657,0.2614678948037784
6543.0,261.72,2.0,1.7275588988257449,18.2760659357032,1.7275588988257449,18.2760659357032,3.0994939530672236,1.5826629442345657,0.2614678948037784
6544.0,261.76,2.0,1.8688174332664944,18.283788535296928,1.8688174332664944,18.283788535296928,3.087519248495967,1.5826629442345657,0.2614678948037784
6545.0,261.8,2.0,2.009993929314709,18.289467347345532,2.009993929314709,18.289467347345532,3.075635113420733,1.5826629442345657,0.2614678948037784
6546.0,261.84000000000003,2.0,2.1508629485902953,18.29348322359093,2.1508629485902953,18.29348322359093,3.063841547841524,1.5826629442345657,0.2614678948037784
6547.0,261.88,2.0,2.2916850034630816,18.295600311281742,2.2916850034630816,18.295600311281742,3.052138551758339,1.5826629442345657,0.2614678948037784
6548.0,261.92,2.0,2.4322528132251438,18.29605206228539,2.4322528132251438,18.29605206228539,3.0404355556751534,1.5826629442345657,0.2614678948037784
6549.0,261.96,2.0,2.5727276702483404,18.294690393571123,2.5727276702483404,18.294690393571123,3.0287325595919676,1.5826629442345657,0.2614678948037784
6550.0,262.0,2.0,2.7128061792877025,18.291521156873426,2.7128061792877025,18.291521156873426,3.0170295635087823,1.5826629442345657,0.2614678948037784
6551.0,262.04,2.0,2.8528830343228253,18.286413615728407,2.8528830343228253,18.286413615728407,3.005326567425597,1.5826629442345657,0.2614678948037784
6552.0,262.08,2.0,2.99281149664992,18.279643181964936,2.99281149664992,18.279643181964936,2.993623571342412,1.5826629442345657,0.2614678948037784
6553.0,262.12,2.0,3.1324873185784012,18.271255685980027,3.1324873185784012,18.271255685980027,2.9819205752592266,1.5826629442345657,0.2614678948037784
6554.0,262.16,2.0,3.2718475372188127,18.26128642882665,3.2718475372188127,18.26128642882665,2.9702175791760403,1.5826629442345657,0.2614678948037784
6555.0,262.2,2.0,3.411120104158303,18.249740722385976,3.411120104158303,18.249740722385976,2.9585145830928554,1.5826629442345657,0.2614678948037784
6556.0,262.24,2.0,3.550378493550016,18.23662470276517,3.550378493550016,18.23662470276517,2.94681158700967,1.5826629442345657,0.2614678948037784
6557.0,262.28000000000003,2.0,3.6892463928266253,18.221945322828304,3.6892463928266253,18.221945322828304,2.9351085909264842,1.5826629442345657,0.2614678948037784
6558.0,262.32,2.0,3.827913786908892,18.205710344116405,3.827913786908892,18.205710344116405,2.923405594843299,1.5826629442345657,0.2614678948037784
6559.0,262.36,2.0,3.9664713367699265,18.18792832816297,3.9664713367699265,18.18792832816297,2.911702598760114,1.5826629442345657,0.2614678948037784
6560.0,262.4,2.0,4.104933964243703,18.16860862721181,4.104933964243703,18.16860862721181,2.8999996026769277,1.5826629442345657,0.2614678948037784
6561.0,262.44,2.0,4.242991522987946,18.147761374344487,4.242991522987946,18.147761374344487,2.8882966065937423,1.5826629442345657,0.2614678948037784
6562.0,262.48,2.0,4.380991746116002,18.125397473025004,4.380991746116002,18.125397473025004,2.8765936105105574,1.5826629442345657,0.2614678948037784
6563.0,262.52,2.0,4.518817672070632,18.10152858607009,4.518817672070632,18.10152858607009,2.864890614427372,1.5826629442345657,0.2614678948037784
6564.0,262.56,2.0,4.656471170406164,18.076167124053484,4.656471170406164,18.076167124053484,2.853187618344186,1.5826629442345657,0.2614678948037784
6565.0,262.6,2.0,4.793830041175391,18.049326233153494,4.793830041175391,18.049326233153494,2.841484622261001,1.5826629442345657,0.2614678948037784
6566.0,262.64,2.0,4.931081290061344,18.02101978245313,4.931081290061344,18.02101978245313,2.8297816261778155,1.5826629442345657,0.2614678948037784
6567.0,262.68,2.0,5.068144813307659,17.991262350702836,5.068144813307659,17.991262350702836,2.8180786300946297,1.5826629442345657,0.2614678948037784
6568.0,262.72,2.0,5.20499642309092,17.960069212556096,5.20499642309092,17.960069212556096,2.8063756340114447,1.5826629442345657,0.2614678948037784
6569.0,262.76,2.0,5.341739902205695,17.927456324288617,5.341739902205695,17.927456324288617,2.7946726379282594,1.5826629442345657,0.2614678948037784
6570.0,262.8,2.0,5.478195278731566,17.893440309012256,5.478195278731566,17.893440309012256,2.7829696418450736,1.5826629442345657,0.2614678948037784
6571.0,262.84000000000003,2.0,5.614465649417535,17.858038441395152,5.614465649417535,17.858038441395152,2.7712666457618886,1.5826629442345657,0.2614678948037784
6572.0,262.88,2.0,5.750619816715746,17.821268631900004,5.750619816715746,17.821268631900004,2.759563649678703,1.5826629442345657,0.2614678948037784
6573.0,262.92,2.0,5.886683156802926,17.783149410552685,5.886683156802926,17.783149410552685,2.7478606535955175,1.5826629442345657,0.2614678948037784
6574.0,262.96,2.0,6.022359443086369,17.743699910253856,6.022359443086369,17.743699910253856,2.736157657512332,1.5826629442345657,0.2614678948037784
6575.0,263.0,2.0,6.157950474488769,17.702939849646576,6.157950474488769,17.702939849646576,2.7244546614291463,1.5826629442345657,0.2614678948037784
6576.0,263.04,2.0,6.2933969950921185,17.66088951555314,6.2933969950921185,17.66088951555314,2.712751665345961,1.5826629442345657,0.2614678948037784
6577.0,263.08,2.0,6.428691990237851,17.617569744994853,6.428691990237851,17.617569744994853,2.7010486692627755,1.5826629442345657,0.2614678948037784
6578.0,263.12,2.0,6.56374613464012,17.573001906808692,6.56374613464012,17.573001906808692,2.6893456731795906,1.5826629442345657,0.2614678948037784
6579.0,263.16,2.0,6.698666374936551,17.527207882875093,6.698666374936551,17.527207882875093,2.677642677096405,1.5826629442345657,0.2614678948037784
6580.0,263.2,2.0,6.833258423630485,17.480210048971482,6.833258423630485,17.480210048971482,2.6659396810132194,1.5826629442345657,0.2614678948037784
6581.0,263.24,2.0,6.967811211961247,17.432031255266352,6.967811211961247,17.432031255266352,2.6542366849300336,1.5826629442345657,0.2614678948037784
6582.0,263.28000000000003,2.0,7.102354768086732,17.382694806469104,7.102354768086732,17.382694806469104,2.642624258342872,1.5826629442345657,0.2614678948037784
6583.0,263.32,2.0,7.236548166290557,17.33222444165095,7.236548166290557,17.33222444165095,2.631102401251735,1.5826629442345657,0.2614678948037784
6584.0,263.36,2.0,7.3706074595216355,17.280644313752603,7.3706074595216355,17.280644313752603,2.6196711136566204,1.5826629442345657,0.2614678948037784
6585.0,263.4,2.0,7.504450280145246,17.22797896879459,7.504450280145246,17.22797896879459,2.608330395557531,1.5826629442345657,0.2614678948037784
6586.0,263.44,2.0,7.638157334131987,17.1742533248064,7.638157334131987,17.1742533248064,2.5970802469544645,1.5826629442345657,0.2614678948037784
6587.0,263.48,2.0,7.7717586933380405,17.119492650490653,7.7717586933380405,17.119492650490653,2.5859206678474225,1.5826629442345657,0.2614678948037784
6588.0,263.52,2.0,7.905260490788504,17.06372254363899,7.905260490788504,17.06372254363899,2.5748516582364043,1.5826629442345657,0.2614678948037784
6589.0,263.56,2.0,8.038431551891968,17.006968909316267,8.038431551891968,17.006968909316267,2.56387321812141,1.5826629442345657,0.2614678948037784
6590.0,263.6,2.0,8.171601286271983,16.94925793783009,8.171601286271983,16.94925793783009,2.5529853475024393,1.5826629442345657,0.2614678948037784
6591.0,263.64,2.0,8.304452620246153,16.890616082502653,8.304452620246153,16.890616082502653,2.5421880463794926,1.5826629442345657,0.2614678948037784
6592.0,263.68,2.0,8.437244279040357,16.830103390049917,8.437244279040357,16.830103390049917,2.5314813147525697,1.5826629442345657,0.2614678948037784
6593.0,263.72,2.0,8.570008654998084,16.767730121930516,8.570008654998084,16.767730121930516,2.520865152621671,1.5826629442345657,0.2614678948037784
6594.0,263.76,2.0,8.702551982846284,16.703507339716598,8.702551982846284,16.703507339716598,2.510339559986796,1.5826629442345657,0.2614678948037784
6595.0,263.8,2.0,8.835485971501821,16.637709051683057,8.835485971501821,16.637709051683057,2.4999045368479447,1.5826629442345657,0.2614678948037784
6596.0,263.84000000000003,2.0,8.968439310378809,16.570881003878952,8.968439310378809,16.570881003878952,2.489560083205118,1.5826629442345657,0.2614678948037784
6597.0,263.88,2.0,9.101227477754078,16.50298839839916,9.101227477754078,16.50298839839916,2.4793061990583145,1.5826629442345657,0.2614678948037784
6598.0,263.92,2.0,9.234531675520376,16.43403857774282,9.234531675520376,16.43403857774282,2.469142884407535,1.5826629442345657,0.2614678948037784
6599.0,263.96,2.0,9.367795800289938,16.363977750133287,9.367795800289938,16.363977750133287,2.459070139252779,1.5826629442345657,0.2614678948037784
6600.0,264.0,2.0,9.501560428728588,16.292833094836332,9.501560428728588,16.292833094836332,2.4490879635940472,1.5826629442345657,0.2614678948037784
6601.0,264.04,2.0,9.635393807298538,16.220536175411247,9.635393807298538,16.220536175411247,2.4391963574313396,1.5826629442345657,0.2614678948037784
6602.0,264.08,2.0,9.768977207475055,16.14712875146401,9.768977207475055,16.14712875146401,2.4293953207646553,1.5826629442345657,0.2614678948037784
6603.0,264.12,2.0,9.903242013876207,16.07253412938128,9.903242013876207,16.07253412938128,2.419684853593995,1.5826629442345657,0.2614678948037784
6604.0,264.16,2.0,10.03739967789174,15.996801348497028,10.03739967789174,15.996801348497028,2.410064955919359,1.5826629442345657,0.2614678948037784
6605.0,264.2,2.0,10.171863582416183,15.91989194375573,10.171863582416183,15.91989194375573,2.4005356277407466,1.5826629442345657,0.2614678948037784
6606.0,264.24,2.0,10.306432928518827,15.841805154767789,10.306432928518827,15.841805154767789,2.391096869058158,1.5826629442345657,0.2614678948037784
6607.0,264.28000000000003,2.0,10.441089872600447,15.762543649314347,10.441089872600447,15.762543649314347,2.3817486798715937,1.5826629442345657,0.2614678948037784
6608.0,264.32,2.0,10.576282162658945,15.682042642939383,10.576282162658945,15.682042642939383,2.3724910601810527,1.5826629442345657,0.2614678948037784
6609.0,264.36,2.0,10.711638222134201,15.600335818059566,10.711638222134201,15.600335818059566,2.3633240099865365,1.5826629442345657,0.2614678948037784
6610.0,264.4,2.0,10.846904359791797,15.517382238833685,10.846904359791797,15.517382238833685,2.354247529288043,1.5826629442345657,0.2614678948037784
6611.0,264.44,2.0,10.982544590270454,15.43318771700606,10.982544590270454,15.43318771700606,2.345261618085574,1.5826629442345657,0.2614678948037784
6612.0,264.48,2.0,11.118454140314979,15.347750291366896,11.118454140314979,15.347750291366896,2.336366276379129,1.5826629442345657,0.2614678948037784
6613.0,264.52,2.0,11.254659585618676,15.261031738229658,11.254659585618676,15.261031738229658,2.3275615041687074,1.5826629442345657,0.2614678948037784
6614.0,264.56,2.0,11.390741879288521,15.173086393754199,11.390741879288521,15.173086393754199,2.31884730145431,1.5826629442345657,0.2614678948037784
6615.0,264.6,2.0,11.527304164592906,15.083813634185228,11.527304164592906,15.083813634185228,2.3102236682359365,1.5826629442345657,0.2614678948037784
6616.0,264.64,2.0,11.663968205396491,14.993343598298226,11.663968205396491,14.993343598298226,2.3016906045135865,1.5826629442345657,0.2614678948037784
6617.0,264.68,2.0,11.801081163935887,14.901686435067434,11.801081163935887,14.901686435067434,2.293248110287261,1.5826629442345657,0.2614678948037784
6618.0,264.72,2.0,11.93825043325817,14.808682312933131,11.93825043325817,14.808682312933131,2.284805616060935,1.5826629442345657,0.2614678948037784
6619.0,264.76,2.0,12.075528258168989,14.714496301759668,12.075528258168989,14.714496301759668,2.2763631218346094,1.5826629442345657,0.2614678948037784
6620.0,264.8,2.0,12.213545616051418,14.61895613313237,12.213545616051418,14.61895613313237,2.2679206276082833,1.5826629442345657,0.2614678948037784
6621.0,264.84000000000003,2.0,12.351580501912752,14.522189424829378,12.351580501912752,14.522189424829378,2.2594781333819576,1.5826629442345657,0.2614678948037784
6622.0,264.88,2.0,12.489615387774087,14.425271032052061,12.489615387774087,14.425271032052061,2.251035639155632,1.5826629442345657,0.2614678948037784
6623.0,264.92,2.0,12.627650273635421,14.328217518775622,12.627650273635421,14.328217518775622,2.242593144929306,1.5826629442345657,0.2614678948037784
6624.0,264.96,2.0,12.76568515949676,14.231137215159645,12.76568515949676,14.231137215159645,2.2341506507029805,1.5826629442345657,0.2614678948037784
6625.0,265.0,2.0,12.903720045358094,14.133986200308033,12.903720045358094,14.133986200308033,2.2257081564766543,1.5826629442345657,0.2614678948037784
6626.0,265.04,2.0,13.041754931219431,14.03661933403051,13.041754931219431,14.03661933403051,2.217265662250328,1.5826629442345657,0.2614678948037784
6627.0,265.08,2.0,13.179789817080765,13.93922428352449,13.179789817080765,13.93922428352449,2.2088231680240025,1.5826629442345657,0.2614678948037784
6628.0,265.12,2.0,13.3178247029421,13.841574532172547,13.3178247029421,13.841574532172547,2.2003806737976768,1.5826629442345657,0.2614678948037784
6629.0,265.16,2.0,13.455720540311944,13.743867454686411,13.455720540311944,13.743867454686411,2.191938179571351,1.5826629442345657,0.2614678948037784
6630.0,265.2,2.0,13.59258106658375,13.646046904236831,13.59258106658375,13.646046904236831,2.183495685345025,1.5826629442345657,0.2614678948037784
6631.0,265.24,2.0,13.728376839079493,13.54813254338702,13.728376839079493,13.54813254338702,2.175053191118699,1.5826629442345657,0.2614678948037784
6632.0,265.28000000000003,2.0,13.863078675081823,13.450058107687997,13.863078675081823,13.450058107687997,2.1666106968923735,1.5826629442345657,0.2614678948037784
6633.0,265.32,2.0,13.996657674268455,13.351869992769872,13.996657674268455,13.351869992769872,2.158168202666048,1.5826629442345657,0.2614678948037784
6634.0,265.36,2.0,14.129085240955192,13.253400784688383,14.129085240955192,13.253400784688383,2.1500775078134424,1.5826629442345657,0.2614678948037784
6635.0,265.4,2.0,14.260333106130508,13.154930542140047,14.260333106130508,13.154930542140047,2.142718649918632,1.5826629442345657,0.2614678948037784
6636.0,265.44,2.0,14.390373349264618,13.056397484104552,14.390373349264618,13.056397484104552,2.1360916289816174,1.5826629442345657,0.2614678948037784
6637.0,265.48,2.0,14.519178419876333,12.957637517679464,14.519178419876333,12.957637517679464,2.1301964450023982,1.5826629442345657,0.2614678948037784
6638.0,265.52,2.0,14.64672115884101,12.85874587774361,14.64672115884101,12.85874587774361,2.125033097980974,1.5826629442345657,0.2614678948037784
6639.0,265.56,2.0,14.772974819423208,12.759689374192373,14.772974819423208,12.759689374192373,2.120601587917346,1.5826629442345657,0.2614678948037784
6640.0,265.6,2.0,14.897913088017834,12.660471604766327,14.897913088017834,12.660471604766327,2.116901914811513,1.5826629442345657,0.2614678948037784
6641.0,265.64,2.0,15.021510104583808,12.561129650279593,15.021510104583808,12.561129650279593,2.113224084674494,1.5826629442345657,0.2614678948037784
6642.0,265.68,2.0,15.143740482754437,12.46177058440227,15.143740482754437,12.46177058440227,2.109636824033498,1.5826629442345657,0.2614678948037784
6643.0,265.72,2.0,15.26457932960912,12.362103723467401,15.26457932960912,12.362103723467401,2.1061401328885263,1.5826629442345657,0.2614678948037784
6644.0,265.76,2.0,15.384002265090974,12.262283370784,15.384002265090974,12.262283370784,2.1027340112395785,1.5826629442345657,0.2614678948037784
6645.0,265.8,2.0,15.501985441055567,12.162408719871209,15.501985441055567,12.162408719871209,2.099418459086654,1.5826629442345657,0.2614678948037784
6646.0,265.84000000000003,2.0,15.61850555993596,12.062429627398112,15.61850555993596,12.062429627398112,2.0961934764297543,1.5826629442345657,0.2614678948037784
6647.0,265.88,2.0,15.733539893009736,11.962134666299574,15.733539893009736,11.962134666299574,2.093059063268878,1.5826629442345657,0.2614678948037784
6648.0,265.92,2.0,15.84706629825386,11.86180765328024,15.84706629825386,11.86180765328024,2.0900152196040254,1.5826629442345657,0.2614678948037784
6649.0,265.96,2.0,15.95906323777369,11.761303961250904,15.95906323777369,11.761303961250904,2.087047383455988,1.5826629442345657,0.2614678948037784
6650.0,266.0,2.0,16.06950979479256,11.660690296333847,16.06950979479256,11.660690296333847,2.084094109287159,1.5826629442345657,0.2614678948037784
6651.0,266.04,2.0,16.178385690189003,11.559828204964736,16.178385690189003,11.559828204964736,2.081148116107935,1.5826629442345657,0.2614678948037784
6652.0,266.08,2.0,16.28567129856867,11.458893804786944,16.28567129856867,11.458893804786944,2.0782854114351306,1.5826629442345657,0.2614678948037784
6653.0,266.12,2.0,16.391347663858685,11.357788899250707,16.391347663858685,11.357788899250707,2.0755132762583495,1.5826629442345657,0.2614678948037784
6654.0,266.16,2.0,16.495396514412306,11.25653253733222,16.495396514412306,11.25653253733222,2.0728317105775926,1.5826629442345657,0.2614678948037784
6655.0,266.2,2.0,16.597800277612315,11.155106816489479,16.597800277612315,11.155106816489479,2.0702407143928596,1.5826629442345657,0.2614678948037784
6656.0,266.24,2.0,16.698542093961745,11.053528071877706,16.698542093961745,11.053528071877706,2.0677402877041504,1.5826629442345657,0.2614678948037784
6657.0,266.28000000000003,2.0,16.797605830651214,10.951849744489799,16.797605830651214,10.951849744489799,2.065330430511465,1.5826629442345657,0.2614678948037784
6658.0,266.32,2.0,16.89497609459223,10.849949001677947,16.89497609459223,10.849949001677947,2.063011142814804,1.5826629442345657,0.2614678948037784
6659.0,266.36,2.0,16.990638244906542,10.747930990020308,16.990638244906542,10.747930990020308,2.060775143624562,1.5826629442345657,0.2614678948037784
6660.0,266.4,2.0,17.084578404861738,10.645709438219216,17.084578404861738,10.645709438219216,2.0585464254239243,1.5826629442345657,0.2614678948037784
6661.0,266.44,2.0,17.17678347324402,10.543485421537683,17.17678347324402,10.543485421537683,2.0563322692024952,1.5826629442345657,0.2614678948037784
6662.0,266.48,2.0,17.267241135159217,10.440945053301638,17.267241135159217,10.440945053301638,2.0541941204978817,1.5826629442345657,0.2614678948037784
6663.0,266.52,2.0,17.355939872253803,10.33830600227344,17.355939872253803,10.33830600227344,2.052146541289292,1.5826629442345657,0.2614678948037784
6664.0,266.56,2.0,17.442868972347917,10.235563946685295,17.442868972347917,10.235563946685295,2.0501895315767262,1.5826629442345657,0.2614678948037784
6665.0,266.6,2.0,17.52801853847297,10.132707555892893,17.52801853847297,10.132707555892893,2.048323091360184,1.5826629442345657,0.2614678948037784
6666.0,266.64,2.0,17.611379497306878,10.029538735084554,17.611379497306878,10.029538735084554,2.046547220639666,1.5826629442345657,0.2614678948037784
6667.0,266.68,2.0,17.69294360700028,9.926306185818781,17.69294360700028,9.926306185818781,2.0448619194151716,1.5826629442345657,0.2614678948037784
6668.0,266.72,2.0,17.77270346438778,9.8230172827456,17.77270346438778,9.8230172827456,2.0432671876867015,1.5826629442345657,0.2614678948037784
6669.0,266.76,2.0,17.85065251157857,9.719540419819785,17.85065251157857,9.719540419819785,2.0417630254542547,1.5826629442345657,0.2614678948037784
6670.0,266.8,2.0,17.926785041921278,9.615844794064945,17.926785041921278,9.615844794064945,2.0402807061906216,1.5826629442345657,0.2614678948037784
6671.0,266.84000000000003,2.0,18.001096205338506,9.512065068335659,18.001096205338506,9.512065068335659,2.0395302238847837,1.5826629442345657,0.2614678948037784
6672.0,266.88,2.0,18.07358201302677,9.408097459594716,18.07358201302677,9.408097459594716,2.0395115785367413,1.5826629442345657,0.2614678948037784
6673.0,266.92,2.0,18.144239341518308,9.304020837213361,18.144239341518308,9.304020837213361,2.040224770146494,1.5826629442345657,0.2614678948037784
6674.0,266.96,2.0,18.21306593610147,9.199889401357511,18.21306593610147,9.199889401357511,2.0416697987140426,1.5826629442345657,0.2614678948037784
6675.0,267.0,2.0,18.280060413597084,9.095522630102641,18.280060413597084,9.095522630102641,2.043846664239387,1.5826629442345657,0.2614678948037784
6676.0,267.04,2.0,18.345222264488584,8.990982477113176,18.345222264488584,8.990982477113176,2.0467553667225262,1.5826629442345657,0.2614678948037784
6677.0,267.08,2.0,18.408551854404184,8.886333080552184,18.408551854404184,8.886333080552184,2.0500158685793854,1.5826629442345657,0.2614678948037784
6678.0,267.12,2.0,18.470050424949946,8.781657894799647,18.470050424949946,8.781657894799647,2.0532763704362456,1.5826629442345657,0.2614678948037784
6679.0,267.16,2.0,18.52972009389303,8.67673592176059,18.52972009389303,8.67673592176059,2.056536872293105,1.5826629442345657,0.2614678948037784
6680.0,267.2,2.0,18.58756385469493,8.57181219278789,18.58756385469493,8.57181219278789,2.059797374149965,1.5826629442345657,0.2614678948037784
6681.0,267.24,2.0,18.643585575395,8.46662318654455,18.643585575395,8.46662318654455,2.0630578760068246,1.5826629442345657,0.2614678948037784
6682.0,267.28000000000003,2.0,18.697789996845074,8.361346072368638,18.697789996845074,8.361346072368638,2.0663183778636838,1.5826629442345657,0.2614678948037784
6683.0,267.32,2.0,18.750182730296498,8.255934443805865,18.750182730296498,8.255934443805865,2.069578879720544,1.5826629442345657,0.2614678948037784
6684.0,267.36,2.0,18.800770254341362,8.150489969986248,18.800770254341362,8.150489969986248,2.072839381577403,1.5826629442345657,0.2614678948037784
6685.0,267.4,2.0,18.849559911210218,8.044884153319076,18.849559911210218,8.044884153319076,2.0760998834342628,1.5826629442345657,0.2614678948037784
6686.0,267.44,2.0,18.896559902429104,7.9391947678703705,18.896559902429104,7.9391947678703705,2.0793603852911224,1.5826629442345657,0.2614678948037784
6687.0,267.48,2.0,18.941779283839132,7.833286425203687,18.941779283839132,7.833286425203687,2.0826208871479817,1.5826629442345657,0.2614678948037784
6688.0,267.52,2.0,18.985227959982456,7.7273634214248315,18.985227959982456,7.7273634214248315,2.0858813890048418,1.5826629442345657,0.2614678948037784
6689.0,267.56,2.0,19.026916677858786,7.621218820471662,19.026916677858786,7.621218820471662,2.089141890861701,1.5826629442345657,0.2614678948037784
6690.0,267.6,2.0,19.066857020057345,7.515041912132427,19.066857020057345,7.515041912132427,2.0924023927185607,1.5826629442345657,0.2614678948037784
6691.0,267.64,2.0,19.10506139726933,7.408856936143524,19.10506139726933,7.408856936143524,2.0956628945754203,1.5826629442345657,0.2614678948037784
6692.0,267.68,2.0,19.141543040186725,7.3025034769475505,19.141543040186725,7.3025034769475505,2.09892339643228,1.5826629442345657,0.2614678948037784
6693.0,267.72,2.0,19.176315990793498,7.196067455081485,19.176315990793498,7.196067455081485,2.1021838982891397,1.5826629442345657,0.2614678948037784
6694.0,267.76,2.0,19.209395093055967,7.089518583690068,19.209395093055967,7.089518583690068,2.1054444001459993,1.5826629442345657,0.2614678948037784
6695.0,267.8,2.0,19.240795983019307,6.98285677700129,19.240795983019307,6.98285677700129,2.1087049020028585,1.5826629442345657,0.2614678948037784
6696.0,267.84000000000003,2.0,19.27053507831786,6.876126635347481,19.27053507831786,6.876126635347481,2.1119654038597186,1.5826629442345657,0.2614678948037784
6697.0,267.88,2.0,19.298629567107174,6.769263957617256,19.298629567107174,6.769263957617256,2.115225905716578,1.5826629442345657,0.2614678948037784
6698.0,267.92,2.0,19.325097396426266,6.662367371727991,19.325097396426266,6.662367371727991,2.118486407573438,1.5826629442345657,0.2614678948037784
6699.0,267.96,2.0,19.349957259999034,6.555396398768687,19.349957259999034,6.555396398768687,2.121746909430297,1.5826629442345657,0.2614678948037784
6700.0,268.0,2.0,19.37410047642809,6.448357395914455,19.37410047642809,6.448357395914455,2.125007411287157,1.5826629442345657,0.2614678948037784
6701.0,268.04,2.0,19.397552510140734,6.341309863566233,19.397552510140734,6.341309863566233,2.1282679131440165,1.5826629442345657,0.2614678948037784
6702.0,268.08,2.0,19.420338746150026,6.234127541397839,19.420338746150026,6.234127541397839,2.131528415000876,1.5826629442345657,0.2614678948037784
6703.0,268.12,2.0,19.44248446846444,6.12693637119041,19.44248446846444,6.12693637119041,2.134788916857736,1.5826629442345657,0.2614678948037784
6704.0,268.16,2.0,19.46401483860405,6.01963606128262,19.46401483860405,6.01963606128262,2.1380494187145955,1.5826629442345657,0.2614678948037784
6705.0,268.2,2.0,19.48495487423993,5.912316473386962,19.48495487423993,5.912316473386962,2.141309920571455,1.5826629442345657,0.2614678948037784
6706.0,268.24,2.0,19.505329427973216,5.80491560931968,19.505329427973216,5.80491560931968,2.144570422428315,1.5826629442345657,0.2614678948037784
6707.0,268.28000000000003,2.0,19.524270805246903,5.697490925674681,19.524270805246903,5.697490925674681,2.147830924285174,1.5826629442345657,0.2614678948037784
6708.0,268.32,2.0,19.5418037834068,5.590007558072221,19.5418037834068,5.590007558072221,2.1510914261420337,1.5826629442345657,0.2614678948037784
6709.0,268.36,2.0,19.557953735902807,5.482500653624619,19.557953735902807,5.482500653624619,2.1543519279988934,1.5826629442345657,0.2614678948037784
6710.0,268.4,2.0,19.57274661462508,5.374953435200384,19.57274661462508,5.374953435200384,2.157612429855753,1.5826629442345657,0.2614678948037784
6711.0,268.44,2.0,19.586964927352085,5.267386719007796,19.586964927352085,5.267386719007796,2.1608854965970243,1.5826629442345657,0.2614678948037784
6712.0,268.48,2.0,19.601183240079088,5.159794889119869,19.601183240079088,5.159794889119869,2.164180574468516,1.5826629442345657,0.2614678948037784
6713.0,268.52,2.0,19.615401552806095,5.052190285837493,19.615401552806095,5.052190285837493,2.1674991807391715,1.5826629442345657,0.2614678948037784
6714.0,268.56,2.0,19.6296198655331,4.944573654567135,19.6296198655331,4.944573654567135,2.1708177870098275,1.5826629442345657,0.2614678948037784
6715.0,268.6,2.0,19.643838178260104,4.83695258633248,19.643838178260104,4.83695258633248,2.174136393280483,1.5826629442345657,0.2614678948037784
6716.0,268.64,2.0,19.65805649098711,4.729158839307308,19.65805649098711,4.729158839307308,2.1774549995511387,1.5826629442345657,0.2614678948037784
6717.0,268.68,2.0,19.672274803714117,4.6207152310210695,19.672274803714117,4.6207152310210695,2.1807736058217944,1.5826629442345657,0.2614678948037784
6718.0,268.72,2.0,19.68649311644112,4.512795464345225,19.68649311644112,4.512795464345225,2.18409221209245,1.5826629442345657,0.2614678948037784
6719.0,268.76,2.0,19.700711429168127,4.40538863679407,19.700711429168127,4.40538863679407,2.187410818363106,1.5826629442345657,0.2614678948037784
6720.0,268.8,2.0,19.714929741895133,4.298483228798897,19.714929741895133,4.298483228798897,2.1907294246337616,1.5826629442345657,0.2614678948037784
6721.0,268.84000000000003,2.0,19.729148054622136,4.192067116993475,19.729148054622136,4.192067116993475,2.1940480309044172,1.5826629442345657,0.2614678948037784
6722.0,268.88,2.0,19.743366367349143,4.086127587974904,19.743366367349143,4.086127587974904,2.1973666371750733,1.5826629442345657,0.2614678948037784
6723.0,268.92,2.0,19.75758468007615,3.9806513525290153,19.75758468007615,3.9806513525290153,2.200685243445729,1.5826629442345657,0.2614678948037784
6724.0,268.96,2.0,19.771802992803156,3.875624560309148,19.771802992803156,3.875624560309148,2.2040038497163845,1.5826629442345657,0.2614678948037784
6725.0,269.0,2.0,19.78602130553016,3.7710328149568024,19.78602130553016,3.7710328149568024,2.2073224559870406,1.5826629442345657,0.2614678948037784
6726.0,269.04,2.0,19.800239618257166,3.6668611896522947,19.800239618257166,3.6668611896522947,2.210641062257696,1.5826629442345657,0.2614678948037784
6727.0,269.08,2.0,19.814457930984172,3.563094243083231,19.814457930984172,3.563094243083231,2.213959668528352,1.5826629442345657,0.2614678948037784
6728.0,269.12,2.0,19.828676243711175,3.459716035818294,19.828676243711175,3.459716035818294,2.2172782747990074,1.5826629442345657,0.2614678948037784
6729.0,269.16,2.0,19.842894556438182,3.356710147073511,19.842894556438182,3.356710147073511,2.220596881069663,1.5826629442345657,0.2614678948037784
6730.0,269.2,2.0,19.85711286916519,3.254059691857875,19.85711286916519,3.254059691857875,2.223915487340319,1.5826629442345657,0.2614678948037784
6731.0,269.24,2.0,19.87133118189219,3.1517473384849035,19.87133118189219,3.1517473384849035,2.2272340936109747,1.5826629442345657,0.2614678948037784
6732.0,269.28000000000003,2.0,19.885549494619198,3.0497553264364394,19.885549494619198,3.0497553264364394,2.2305526998816307,1.5826629442345657,0.2614678948037784
6733.0,269.32,2.0,19.899767807346205,2.948065484564699,19.899767807346205,2.948065484564699,2.2338713061522864,1.5826629442345657,0.2614678948037784
6734.0,269.36,2.0,19.913986120073208,2.8466592496183583,19.913986120073208,2.8466592496183583,2.237189912422942,1.5826629442345657,0.2614678948037784
6735.0,269.4,2.0,19.928204432800214,2.7455176850781706,19.928204432800214,2.7455176850781706,2.2405085186935976,1.5826629442345657,0.2614678948037784
6736.0,269.44,2.0,19.94242274552722,2.644621500287413,19.94242274552722,2.644621500287413,2.243827124964253,1.5826629442345657,0.2614678948037784
6737.0,269.48,2.0,19.956641058254224,2.543951069862183,19.956641058254224,2.543951069862183,2.2471457312349092,1.5826629442345657,0.2614678948037784
6738.0,269.52,2.0,19.97085937098123,2.4434864533664107,19.97085937098123,2.4434864533664107,2.250464337505565,1.5826629442345657,0.2614678948037784
6739.0,269.56,2.0,19.985077683708237,2.3432074152361886,19.985077683708237,2.3432074152361886,2.2537829437762205,1.5826629442345657,0.2614678948037784
6740.0,269.6,2.0,19.99929599643524,2.2430934449378688,19.99929599643524,2.2430934449378688,2.257101550046876,1.5826629442345657,0.2614678948037784
6741.0,269.64,2.0,20.013514309162247,2.143123777344183,20.013514309162247,2.143123777344183,2.2604201563175317,1.5826629442345657,0.2614678948037784
6742.0,269.68,2.0,20.027732621889253,2.0432774133124636,20.027732621889253,2.0432774133124636,2.2637387625881873,1.5826629442345657,0.2614678948037784
6743.0,269.72,2.0,20.04195093461626,1.9435331404489102,20.04195093461626,1.9435331404489102,2.2670573688588433,1.5826629442345657,0.2614678948037784
6744.0,269.76,2.0,20.056169247343263,1.843869554042683,20.056169247343263,1.843869554042683,2.270375975129499,1.5826629442345657,0.2614678948037784
6745.0,269.8,2.0,20.07038756007027,1.7442650781534765,20.07038756007027,1.7442650781534765,2.2736945814001546,1.5826629442345657,0.2614678948037784
6746.0,269.84000000000003,2.0,20.084605872797276,1.6446979868361213,20.084605872797276,1.6446979868361213,2.2770131876708106,1.5826629442345657,0.2614678948037784
6747.0,269.88,2.0,20.098824185524283,1.5451464254856369,20.098824185524283,1.5451464254856369,2.2803317939414662,1.5826629442345657,0.2614678948037784
6748.0,269.92,2.0,20.11304249825129,1.4455884322860828,20.11304249825129,1.4455884322860828,2.283650400212122,1.5826629442345657,0.2614678948037784
6749.0,269.96,2.0,20.127260810978292,1.3460019597464639,20.127260810978292,1.3460019597464639,2.2869690064827775,1.5826629442345657,0.2614678948037784
6750.0,270.0,2.0,20.1414791237053,1.2463648963068812,20.1414791237053,1.2463648963068812,2.2902868279737802,1.5826629442345657,0.2614678948037784
6751.0,270.04,2.0,20.155697436432305,1.1466550879980673,20.155697436432305,1.1466550879980673,2.2935819058452718,1.5826629442345657,0.2614678948037784
6752.0,270.08,2.0,20.16991574915931,1.0468503601374046,20.16991574915931,1.0468503601374046,2.296854972586543,1.5826629442345657,0.2614678948037784
6753.0,270.12,2.0,20.184134061886315,0.9469285390444923,20.184134061886315,0.9469285390444923,2.3001053860381337,1.5826629442345657,0.2614678948037784
6754.0,270.16,2.0,20.19835237461332,0.8468674737593137,20.19835237461332,0.8468674737593137,2.3033336247558176,1.5826629442345657,0.2614678948037784
6755.0,270.2,2.0,20.212570687340325,0.74664505774606,20.212570687340325,0.74664505774606,2.306539361461543,1.5826629442345657,0.2614678948037784
6756.0,270.24,2.0,20.22678900006733,0.646239250565667,20.22678900006733,0.646239250565667,2.3097127227695267,1.5826629442345657,0.2614678948037784
6757.0,270.28000000000003,2.0,20.241007312794338,0.5456280995001533,20.241007312794338,0.5456280995001533,2.3128502166329405,1.5826629442345657,0.2614678948037784
6758.0,270.32,2.0,20.25522562552134,0.44478976111188107,20.25522562552134,0.44478976111188107,2.3159483510049563,1.5826629442345657,0.2614678948037784
6759.0,270.36,2.0,20.269443938248347,0.34370252272091417,20.269443938248347,0.34370252272091417,2.3190036338387454,1.5826629442345657,0.2614678948037784
6760.0,270.4,2.0,20.283662250975354,0.24234482378370772,20.283662250975354,0.24234482378370772,2.32201257308748,1.5826629442345657,0.2614678948037784
6761.0,270.44,2.0,20.297880563702357,0.14069527715644056,20.297880563702357,0.14069527715644056,2.324972928194279,1.5826629442345657,0.2614678948037784
6762.0,270.48,2.0,20.312098876429364,0.03873269022639289,20.312098876429364,0.03873269022639289,2.3278816306774184,1.5826629442345657,0.2614678948037784
6763.0,270.52,2.0,20.32631718915637,-0.0635639141051309,20.32631718915637,-0.0635639141051309,2.330789001101069,1.5826629442345657,0.2614678948037784
6764.0,270.56,2.0,20.340535501883373,-0.16621527660471658,20.340535501883373,-0.16621527660471658,2.3336392881720283,1.5826629442345657,0.2614678948037784
6765.0,270.6,2.0,20.35475381461038,-0.2692418810698489,20.35475381461038,-0.2692418810698489,2.3364288581553003,1.5826629442345657,0.2614678948037784
6766.0,270.64,2.0,20.368972127337386,-0.3726639338891322,20.368972127337386,-0.3726639338891322,2.33915318228937,1.5826629442345657,0.2614678948037784
6767.0,270.68,2.0,20.38319044006439,-0.47650134381568743,20.38319044006439,-0.47650134381568743,2.3418080348016566,1.5826629442345657,0.2614678948037784
6768.0,270.72,2.0,20.397408752791396,-0.5807737019695275,20.397408752791396,-0.5807737019695275,2.344389690751643,1.5826629442345657,0.2614678948037784
6769.0,270.76,2.0,20.411627065518402,-0.6855002620845361,20.411627065518402,-0.6855002620845361,2.346965472297891,1.5826629442345657,0.2614678948037784
6770.0,270.8,2.0,20.425845378245405,-0.7906999210154839,20.425845378245405,-0.7906999210154839,2.349470185732555,1.5826629442345657,0.2614678948037784
6771.0,270.84000000000003,2.0,20.440063690972412,-0.8963911995203219,20.440063690972412,-0.8963911995203219,2.3518927713548554,1.5826629442345657,0.2614678948037784
6772.0,270.88,2.0,20.45428200369942,-1.0025922233327722,20.45428200369942,-1.0025922233327722,2.354229694355205,1.5826629442345657,0.2614678948037784
6773.0,270.92,2.0,20.46850031642642,-1.1093207045400182,20.46850031642642,-1.1093207045400182,2.3563862739229933,1.5826629442345657,0.2614678948037784
6774.0,270.96,2.0,20.48271862915343,-1.2165939232800587,20.48271862915343,-1.2165939232800587,2.3583820004562894,1.5826629442345657,0.2614678948037784
6775.0,271.0,2.0,20.496936941880435,-1.3244287097730467,20.496936941880435,-1.3244287097730467,2.3602634995618224,1.5826629442345657,0.2614678948037784
6776.0,271.04,2.0,20.511155254607438,-1.4328414267006686,20.511155254607438,-1.4328414267006686,2.3619563201674527,1.5826629442345657,0.2614678948037784
6777.0,271.08,2.0,20.525373567334444,-1.5418479519473662,20.525373567334444,-1.5418479519473662,2.363456294739511,1.5826629442345657,0.2614678948037784
6778.0,271.12,2.0,20.53959188006145,-1.651463661716905,20.53959188006145,-1.651463661716905,2.3647597868838046,1.5826629442345657,0.2614678948037784
6779.0,271.16,2.0,20.553810192788454,-1.7617034140375232,20.553810192788454,-1.7617034140375232,2.365959731261047,1.5826629442345657,0.2614678948037784
6780.0,271.2,2.0,20.56802850551546,-1.8725815326685822,20.56802850551546,-1.8725815326685822,2.366991514917269,1.5826629442345657,0.2614678948037784
6781.0,271.24,2.0,20.582246818242467,-1.9841117914213346,20.582246818242467,-1.9841117914213346,2.3678421595814427,1.5826629442345657,0.2614678948037784
6782.0,271.28000000000003,2.0,20.59646513096947,-2.0963073989061103,20.59646513096947,-2.0963073989061103,2.36851166525357,1.5826629442345657,0.2614678948037784
6783.0,271.32,2.0,20.610683443696477,-2.2091809837178817,20.610683443696477,-2.2091809837178817,2.369090601429672,1.5826629442345657,0.2614678948037784
6784.0,271.36,2.0,20.624901756423483,-2.3215888092761254,20.624901756423483,-2.3215888092761254,2.3695789681097508,1.5826629442345657,0.2614678948037784
6785.0,271.4,2.0,20.63912006915049,-2.43333611574844,20.63912006915049,-2.43333611574844,2.369976765293806,1.5826629442345657,0.2614678948037784
6786.0,271.44,2.0,20.65278961129162,-2.5447179356286522,20.65278961129162,-2.5447179356286522,2.370283992981837,1.5826629442345657,0.2614678948037784
6787.0,271.48,2.0,20.666302328476696,-2.656300663439687,20.666302328476696,-2.656300663439687,2.370500651173844,1.5826629442345657,0.2614678948037784
6788.0,271.52,2.0,20.679764645668865,-2.768076226558364,20.679764645668865,-2.768076226558364,2.3706267398698273,1.5826629442345657,0.2614678948037784
6789.0,271.56,2.0,20.692644029936275,-2.8800700078019266,20.692644029936275,-2.8800700078019266,2.3706622590697863,1.5826629442345657,0.2614678948037784
6790.0,271.6,2.0,20.70544422653785,-2.9921167063895084,20.70544422653785,-2.9921167063895084,2.370607208773722,1.5826629442345657,0.2614678948037784
6791.0,271.64,2.0,20.717603036301288,-3.1043011002520577,20.717603036301288,-3.1043011002520577,2.370461588981634,1.5826629442345657,0.2614678948037784
6792.0,271.68,2.0,20.7296845528036,-3.216619067281328,20.7296845528036,-3.216619067281328,2.3702253996935214,1.5826629442345657,0.2614678948037784
6793.0,271.72,2.0,20.741761811554323,-3.3289778221453914,20.741761811554323,-3.3289778221453914,2.369898640909385,1.5826629442345657,0.2614678948037784
6794.0,271.76,2.0,20.753119262243366,-3.4415091157979236,20.753119262243366,-3.4415091157979236,2.369481312629225,1.5826629442345657,0.2614678948037784
6795.0,271.8,2.0,20.764383122210678,-3.5542772630348898,20.764383122210678,-3.5542772630348898,2.3689734148530417,1.5826629442345657,0.2614678948037784
6796.0,271.84000000000003,2.0,20.775266001613897,-3.6672582855617315,20.775266001613897,-3.6672582855617315,2.3683749475808336,1.5826629442345657,0.2614678948037784
6797.0,271.88,2.0,20.785894782246867,-3.7804651061799843,20.785894782246867,-3.7804651061799843,2.3676859108126025,1.5826629442345657,0.2614678948037784
6798.0,271.92,2.0,20.79633467702134,-3.8937242816419504,20.79633467702134,-3.8937242816419504,2.3669063045483467,1.5826629442345657,0.2614678948037784
6799.0,271.96,2.0,20.80623097188359,-4.007085330076387,20.80623097188359,-4.007085330076387,2.366036128788067,1.5826629442345657,0.2614678948037784
6800.0,272.0,2.0,20.81586600169123,-4.1204956404943385,20.81586600169123,-4.1204956404943385,2.3650753835317637,1.5826629442345657,0.2614678948037784
6801.0,272.04,2.0,20.82547208365339,-4.233999791260278,20.82547208365339,-4.233999791260278,2.3640240687794365,1.5826629442345657,0.2614678948037784
6802.0,272.08,2.0,20.83415479092862,-4.347710529263036,20.83415479092862,-4.347710529263036,2.362882184531086,1.5826629442345657,0.2614678948037784
6803.0,272.12,2.0,20.841791151058082,-4.461634606172538,20.841791151058082,-4.461634606172538,2.3616497307867106,1.5826629442345657,0.2614678948037784
6804.0,272.16,2.0,20.84839467435181,-4.575741629544322,20.84839467435181,-4.575741629544322,2.360326707546312,1.5826629442345657,0.2614678948037784
6805.0,272.2,2.0,20.85430977622135,-4.689892356615722,20.85430977622135,-4.689892356615722,2.3589131148098894,1.5826629442345657,0.2614678948037784
6806.0,272.24,2.0,20.859054326559132,-4.80407956486537,20.859054326559132,-4.80407956486537,2.3574089525774427,1.5826629442345657,0.2614678948037784
6807.0,272.28000000000003,2.0,20.86288712467453,-4.91833859403793,20.86288712467453,-4.91833859403793,2.3558142208489725,1.5826629442345657,0.2614678948037784
6808.0,272.32,2.0,20.86557993238966,-5.032778520982797,20.86557993238966,-5.032778520982797,2.354128919624478,1.5826629442345657,0.2614678948037784
6809.0,272.36,2.0,20.867432506217707,-5.147342314057805,20.867432506217707,-5.147342314057805,2.3524436183999837,1.5826629442345657,0.2614678948037784
6810.0,272.4,2.0,20.868515073878246,-5.262192709405237,20.868515073878246,-5.262192709405237,2.3507583171754893,1.5826629442345657,0.2614678948037784
6811.0,272.44,2.0,20.86817440162357,-5.377133365362849,20.86817440162357,-5.377133365362849,2.3491635854470188,1.5826629442345657,0.2614678948037784
6812.0,272.48,2.0,20.866492345606456,-5.492029960016768,20.866492345606456,-5.492029960016768,2.3475791008810236,1.5826629442345657,0.2614678948037784
6813.0,272.52,2.0,20.863511202366773,-5.607073423374539,20.863511202366773,-5.607073423374539,2.346074938648577,1.5826629442345657,0.2614678948037784
6814.0,272.56,2.0,20.859257223792007,-5.721994349324334,20.859257223792007,-5.721994349324334,2.3446483676411267,1.5826629442345657,0.2614678948037784
6815.0,272.6,2.0,20.85376480904577,-5.837203910704323,20.85376480904577,-5.837203910704323,2.343234774904704,1.5826629442345657,0.2614678948037784
6816.0,272.64,2.0,20.8470628440113,-5.95266241277063,20.8470628440113,-5.95266241277063,2.3419270951000217,1.5826629442345657,0.2614678948037784
6817.0,272.68,2.0,20.83917357522829,-6.068228874039429,20.83917357522829,-6.068228874039429,2.3406516109081976,1.5826629442345657,0.2614678948037784
6818.0,272.72,2.0,20.83014573341721,-6.18379031033407,20.83014573341721,-6.18379031033407,2.339446207641064,1.5826629442345657,0.2614678948037784
6819.0,272.76,2.0,20.82003699198587,-6.299401784354695,20.82003699198587,-6.299401784354695,2.3383389133778087,1.5826629442345657,0.2614678948037784
6820.0,272.8,2.0,20.808866111210957,-6.415059460830206,20.808866111210957,-6.415059460830206,2.337325560584761,1.5826629442345657,0.2614678948037784
6821.0,272.84000000000003,2.0,20.796651957720712,-6.5308320452431685,20.796651957720712,-6.5308320452431685,2.336356758739348,1.5826629442345657,0.2614678948037784
6822.0,272.88,2.0,20.783413495386995,-6.646846660889752,20.783413495386995,-6.646846660889752,2.3354331798828376,1.5826629442345657,0.2614678948037784
6823.0,272.92,2.0,20.769169776154758,-6.763000157970993,20.769169776154758,-6.763000157970993,2.3345952636482785,1.5826629442345657,0.2614678948037784
6824.0,272.96,2.0,20.753990578150518,-6.879080709863674,20.753990578150518,-6.879080709863674,2.3338394752260827,1.5826629442345657,0.2614678948037784
6825.0,273.0,2.0,20.737904638073758,-6.995223620225888,20.737904638073758,-6.995223620225888,2.3331547549154714,1.5826629442345657,0.2614678948037784
6826.0,273.04,2.0,20.720926971010524,-7.111486594018162,20.720926971010524,-7.111486594018162,2.3324759090085982,1.5826629442345657,0.2614678948037784
6827.0,273.08,2.0,20.70310425245315,-7.227912776164046,20.70310425245315,-7.227912776164046,2.3318114714818354,1.5826629442345657,0.2614678948037784
6828.0,273.12,2.0,20.6844403990568,-7.344462746746974,20.6844403990568,-7.344462746746974,2.331205822137263,1.5826629442345657,0.2614678948037784
6829.0,273.16,2.0,20.664958903994233,-7.461021567935304,20.664958903994233,-7.461021567935304,2.330669644414473,1.5826629442345657,0.2614678948037784
6830.0,273.2,2.0,20.644690172932574,-7.577629174541649,20.644690172932574,-7.577629174541649,2.3301987125408856,1.5826629442345657,0.2614678948037784
6831.0,273.24,2.0,20.62366727366776,-7.694433062283615,20.62366727366776,-7.694433062283615,2.329788497754985,1.5826629442345657,0.2614678948037784
6832.0,273.28000000000003,2.0,20.60254740940954,-7.811165486711133,20.60254740940954,-7.811165486711133,2.329426106519113,1.5826629442345657,0.2614678948037784
6833.0,273.32,2.0,20.581327884024027,-7.928188892771577,20.581327884024027,-7.928188892771577,2.3290729750859036,1.5826629442345657,0.2614678948037784
6834.0,273.36,2.0,20.56000833638482,-8.045127086510979,20.56000833638482,-8.045127086510979,2.328772828335843,1.5826629442345657,0.2614678948037784
6835.0,273.40000000000003,2.0,20.538589442318937,-8.162053178612128,20.538589442318937,-8.162053178612128,2.328521265727718,1.5826629442345657,0.2614678948037784
6836.0,273.44,2.0,20.51707244203586,-8.279291990205705,20.51707244203586,-8.279291990205705,2.3283160467046473,1.5826629442345657,0.2614678948037784
6837.0,273.48,2.0,20.495459085246388,-8.396721295985044,20.495459085246388,-8.396721295985044,2.3281536792198034,1.5826629442345657,0.2614678948037784
6838.0,273.52,2.0,20.47374750021942,-8.51390974333121,20.47374750021942,-8.51390974333121,2.3280306712263577,1.5826629442345657,0.2614678948037784
6839.0,273.56,2.0,20.451935624047987,-8.631307160425342,20.451935624047987,-8.631307160425342,2.327943530677482,1.5826629442345657,0.2614678948037784
6840.0,273.6,2.0,20.430021202707117,-8.748659630945882,20.430021202707117,-8.748659630945882,2.3278808677047405,1.5826629442345657,0.2614678948037784
6841.0,273.64,2.0,20.40800179122208,-8.866277567477322,20.40800179122208,-8.866277567477322,2.3278261025536064,1.5826629442345657,0.2614678948037784
6842.0,273.68,2.0,20.385874753947014,-8.984025074621277,20.385874753947014,-8.984025074621277,2.3277938394144306,1.5826629442345657,0.2614678948037784
6843.0,273.72,2.0,20.363637264954146,-9.101804259666505,20.363637264954146,-9.101804259666505,2.3277837510091617,1.5826629442345657,0.2614678948037784
6844.0,273.76,2.0,20.341286308533448,-9.219491403232064,20.341286308533448,-9.219491403232064,2.3277963158935733,1.5826629442345657,0.2614678948037784
6845.0,273.8,2.0,20.318818679802796,-9.338042492597364,20.318818679802796,-9.338042492597364,2.327830891908205,1.5826629442345657,0.2614678948037784
6846.0,273.84000000000003,2.0,20.296291018250276,-9.456525306497428,20.296291018250276,-9.456525306497428,2.327876839732592,1.5826629442345657,0.2614678948037784
6847.0,273.88,2.0,20.27370332387589,-9.574956180087481,20.27370332387589,-9.574956180087481,2.3279341593667353,1.5826629442345657,0.2614678948037784
6848.0,273.92,2.0,20.251053806202197,-9.693675996027263,20.251053806202197,-9.693675996027263,2.327991871390705,1.5826629442345657,0.2614678948037784
6849.0,273.96,2.0,20.228342465229204,-9.812561921668957,20.228342465229204,-9.812561921668957,2.328049975804501,1.5826629442345657,0.2614678948037784
6850.0,274.0,2.0,20.20557908339242,-9.931475103231625,20.20557908339242,-9.931475103231625,2.3281202588762318,1.5826629442345657,0.2614678948037784
6851.0,274.04,2.0,20.182763660691844,-10.050329269417611,20.182763660691844,-10.050329269417611,2.328202720605897,1.5826629442345657,0.2614678948037784
6852.0,274.08,2.0,20.159895066126833,-10.169291179963253,20.159895066126833,-10.169291179963253,2.3282986683014055,1.5826629442345657,0.2614678948037784
6853.0,274.12,2.0,20.136973299697374,-10.288046948194479,20.136973299697374,-10.288046948194479,2.3284081019627574,1.5826629442345657,0.2614678948037784
6854.0,274.16,2.0,20.113992308776936,-10.40691407776946,20.113992308776936,-10.40691407776946,2.328531563238042,1.5826629442345657,0.2614678948037784
6855.0,274.2,2.0,20.090952093365505,-10.525888246920397,20.090952093365505,-10.525888246920397,2.3286690521272586,1.5826629442345657,0.2614678948037784
6856.0,274.24,2.0,20.067855898468988,-10.645176359428415,20.067855898468988,-10.645176359428415,2.328855170203182,1.5826629442345657,0.2614678948037784
6857.0,274.28000000000003,2.0,20.044703724087388,-10.764580320481828,20.044703724087388,-10.764580320481828,2.329089917465811,1.5826629442345657,0.2614678948037784
6858.0,274.32,2.0,20.02149391288072,-10.883931290027583,20.02149391288072,-10.883931290027583,2.3294722108322445,1.5826629442345657,0.2614678948037784
6859.0,274.36,2.0,19.998226464848997,-11.0032366427157,19.998226464848997,-11.0032366427157,2.330002050302484,1.5826629442345657,0.2614678948037784
6860.0,274.40000000000003,2.0,19.97489964441165,-11.122775634637428,19.97489964441165,-11.122775634637428,2.3305612720408577,1.5826629442345657,0.2614678948037784
6861.0,274.44,2.0,19.951513451568683,-11.242517462816384,19.951513451568683,-11.242517462816384,2.331149876047367,1.5826629442345657,0.2614678948037784
6862.0,274.48,2.0,19.92806607310434,-11.362225599026624,19.92806607310434,-11.362225599026624,2.3318439524640286,1.5826629442345657,0.2614678948037784
6863.0,274.52,2.0,19.90455750901862,-11.481796260230947,19.90455750901862,-11.481796260230947,2.332643501290843,1.5826629442345657,0.2614678948037784
6864.0,274.56,2.0,19.88098586911795,-11.60140837232826,19.88098586911795,-11.60140837232826,2.3334545825292947,1.5826629442345657,0.2614678948037784
6865.0,274.6,2.0,19.857351153402323,-11.721116135484472,19.857351153402323,-11.721116135484472,2.334277196179384,1.5826629442345657,0.2614678948037784
6866.0,274.64,2.0,19.833651395409326,-11.84079697992059,19.833651395409326,-11.84079697992059,2.33520970410649,1.5826629442345657,0.2614678948037784
6867.0,274.68,2.0,19.809886595138963,-11.96051285930104,19.809886595138963,-11.96051285930104,2.336252106310612,1.5826629442345657,0.2614678948037784
6868.0,274.72,2.0,19.786054710620157,-12.08050117333614,19.786054710620157,-12.08050117333614,2.3373298423137627,1.5826629442345657,0.2614678948037784
6869.0,274.76,2.0,19.762155741852908,-12.200845376405871,19.762155741852908,-12.200845376405871,2.3384429121159416,1.5826629442345657,0.2614678948037784
6870.0,274.8,2.0,19.738187572168446,-12.320964876148194,19.738187572168446,-12.320964876148194,2.339700050980286,1.5738158606168262,0.26055401152668395
6871.0,274.84000000000003,2.0,19.714150201566767,-12.441104703915977,19.714150201566767,-12.441104703915977,2.341101258906795,1.5598242935457682,0.25885972870995677
6872.0,274.88,2.0,19.690041439542643,-12.561311694494346,19.690041439542643,-12.561311694494346,2.3425517890719445,1.5406882430213917,0.25638504635359693
6873.0,274.92,2.0,19.665861286096074,-12.68176301722137,19.665861286096074,-12.68176301722137,2.3440516414757346,1.5164077090436967,0.25312996445760444
6874.0,274.96,2.0,19.64160747779642,-12.802213994467776,19.64160747779642,-12.802213994467776,2.3455725513113306,1.486982691612683,0.24909448302197928
6875.0,275.0,2.0,19.61728001464368,-12.922766295363585,19.61728001464368,-12.922766295363585,2.3471145185787328,1.4518146971314272,0.24427144152140104
6876.0,275.04,2.0,19.59287656124211,-13.043286306106054,19.59287656124211,-13.043286306106054,2.348729016223973,1.410657660096866,0.2386918970130758
6877.0,275.08,2.0,19.56839711759172,-13.16385180076121,19.56839711759172,-13.16385180076121,2.3504160442470514,1.3635252851108464,0.2323530546389213
6878.0,275.12,2.0,19.543839277340687,-13.284262961469386,19.543839277340687,-13.284262961469386,2.3522398399897906,1.3103279461332926,0.22525155481622178
6879.0,275.16,2.0,19.519203040489014,-13.404724084336383,19.519203040489014,-13.404724084336383,2.3542004034521904,1.251093507312655,0.21736603912336816
6880.0,275.2,2.0,19.49448593078596,-13.525265268630877,19.49448593078596,-13.525265268630877,2.356165950229334,1.1858219686489324,0.20869650756036046
6881.0,275.24,2.0,19.469687948231513,-13.646075804141116,19.469687948231513,-13.646075804141116,2.358136480321223,1.1142525842581739,0.19923984235105505
6882.0,275.28000000000003,2.0,19.44480654778065,-13.76709440012805,19.44480654778065,-13.76709440012805,2.360247602433636,1.0367047862580359,0.18896098271890988
6883.0,275.32,2.0,19.419841729433365,-13.888160641034272,19.419841729433365,-13.888160641034272,2.362499316566574,0.9531785746485186,0.17785992866392494
6884.0,275.36,2.0,19.394790880501837,-14.009236104396452,19.394790880501837,-14.009236104396452,2.3647674611109957,0.8633266289578118,0.1659321520344261
6885.0,275.40000000000003,2.0,19.36965400098607,-14.130290503359337,19.36965400098607,-14.130290503359337,2.3670520360669007,0.7710237375561849,0.15302067081236434
6886.0,275.44,2.0,19.344428411753128,-14.251528526635427,19.344428411753128,-14.251528526635427,2.369406480167417,0.6787208461545582,0.1391254849977396
6887.0,275.48,2.0,19.31911411280302,-14.372994774557053,19.31911411280302,-14.372994774557053,2.3718307934125447,0.5864179547529315,0.12424659459055197
6888.0,275.52,1.0,19.29370835980086,-14.494455670236352,19.29370835980086,-14.494455670236352,2.374308240108222,0.49411506335130473,0.10838399959080137
6889.0,275.56,0.0,19.26821115274666,-14.616009841590703,19.26821115274666,-14.616009841590703,2.376838820254449,0.41065925556741734,0.09253117160555059
6890.0,275.6,0.0,19.242619683391485,-14.737547080952146,19.242619683391485,-14.737547080952146,2.3793872523311284,0.33234793123684864,0.07741161123140854
6891.0,275.64,0.0,19.2160620607913,-14.859073745495788,19.2160620607913,-14.859073745495788,2.381953536338259,0.2591810903595984,0.06303999399545485
6892.0,275.68,0.0,19.188530097988963,-14.980707614770719,19.188530097988963,-14.980707614770719,2.3845376722758416,0.19115873293566688,0.04944548195614273
6893.0,275.72,1.0,19.16001926509165,-15.102322428450744,19.16001926509165,-15.102322428450744,2.387139660143876,0.12828085896505392,0.03656620484831741
6894.0,275.76,1.0,19.13052289364722,-15.224236309443473,19.13052289364722,-15.224236309443473,2.389759499942362,0.07114596204468274,0.024409323197299222
6895.0,275.8,1.0,19.100038047349432,-15.346348966087584,19.100038047349432,-15.346348966087584,2.3923971916713,0.023583344530762895,0.01297860336644881
6896.0,275.84000000000003,1.0,19.068559604179082,-15.468570980783008,19.068559604179082,-15.468570980783008,2.39505273533069,-0.014122917790322593,0.00221465114866732
6897.0,275.88,0.0,19.03608624543966,-15.590840355345998,19.03608624543966,-15.590840355345998,2.3977261309205318,-0.04211333610269077,-0.007886315039292241
6898.0,275.92,0.0,19.003506779544143,-15.713262126624388,19.003506779544143,-15.713262126624388,2.4004173784408254,-0.060240526942598085,-0.017749626143255638
6899.0,275.96,1.0,18.970821206492534,-15.835801430238433,18.970821206492534,-15.835801430238433,2.4031264778915706,-0.06855918242938533,-0.027352976962848954
6900.0,276.0,0.0,18.9373195208239,-15.958620191710704,18.9373195208239,-15.958620191710704,2.405853429272768,-0.0668085566791006,-0.036693249721928584
6901.0,276.04,0.0,18.903001722538235,-16.081701633909713,18.903001722538235,-16.081701633909713,2.4085982325844166,-0.05514232336788296,-0.045733490027123624
6902.0,276.08,1.0,18.86784949116055,-16.204826830307223,18.86784949116055,-16.204826830307223,2.4113483229421058,-0.03391573880197848,-0.054440283499270395
6903.0,276.12,0.0,18.83186282669084,-16.32799016497624,18.83186282669084,-16.32799016497624,2.4140942541000268,-0.002849491205957791,-0.06281646787055666
6904.0,276.16,0.0,18.79502349088748,-16.4512130176177,18.79502349088748,-16.4512130176177,2.416834508789235,0.03452895152171955,-0.07070053297125921
6905.0,276.2,0.0,18.757331483750466,-16.574496133638082,18.757331483750466,-16.574496133638082,2.419592615408895,0.0737086168617368,-0.077935496783329
6906.0,276.24,0.0,18.718768653703957,-16.697702521327265,18.718768653703957,-16.697702521327265,2.422368573959007,0.11468950481409397,-0.08452135930676606
6907.0,276.28000000000003,0.0,18.67933500074795,-16.820663938859038,18.67933500074795,-16.820663938859038,2.4251623844395707,0.15747161537879106,-0.09045812054157035
6908.0,276.32,1.0,18.639012464345374,-16.942303799922716,18.639012464345374,-16.942303799922716,2.427974046850586,0.20205494855582803,-0.09582536881771016
6909.0,276.36,1.0,18.597801044496233,-17.063678541470438,18.597801044496233,-17.063678541470438,2.4308035611920538,0.24702518646009616,-0.10148008846925623
6910.0,276.40000000000003,1.0,18.555682776013434,-17.18536683131878,18.555682776013434,-17.18536683131878,2.4336347218122705,0.2921693444961351,-0.10758636466872488
6911.0,276.44,0.0,18.512657658896984,-17.3073404934361,18.512657658896984,-17.3073404934361,2.436467528711238,0.3375002610395891,-0.11418012295353897
6912.0,276.48,0.0,18.468707827556937,-17.429568583839412,18.468707827556937,-17.429568583839412,2.4393165412619067,0.38287427338322805,-0.1212108742426322
6913.0,276.52,1.0,18.4238332819933,-17.552023331146565,18.4238332819933,-17.552023331146565,2.4421817594642774,0.4284498760405004,-0.12864920467229407
6914.0,276.56,1.0,18.378016260394133,-17.6746740141791,18.378016260394133,-17.6746740141791,2.445029125736197,0.47065171168404407,-0.13657479286502267
6915.0,276.6,1.0,18.331256762759445,-17.797493356862475,18.331256762759445,-17.797493356862475,2.447858640077664,0.5090041665488573,-0.14495311265088331
6916.0,276.64,1.0,18.283537135167638,-17.92045095363639,18.283537135167638,-17.92045095363639,2.4506703024886796,0.5438612261264313,-0.15374806960559187
6917.0,276.68,1.0,18.23485737761871,-18.043520113063288,18.23485737761871,-18.043520113063288,2.453464112969243,0.57498055502535,-0.1620265351990121
6918.0,276.72,0.0,18.185199948123067,-18.16667083663749,18.185199948123067,-18.16667083663749,2.456240071519355,0.602422364164348,-0.16978094520664838
6919.0,276.76,1.0,18.134564846680714,-18.28987710528278,18.134564846680714,-18.28987710528278,2.4589981781390153,0.6260927377933103,-0.1770112996285006
6920.0,276.8,1.0,18.08293464720288,-18.413109417331754,18.08293464720288,-18.413109417331754,2.4617384328282235,0.6460082301715552,-0.18371949208139765
6921.0,276.84000000000003,1.0,18.030309349689574,-18.536342511917596,18.030309349689574,-18.536342511917596,2.46446083558698,0.6626190850477623,-0.18993893694450326
6922.0,276.88,0.0,17.97667164784682,-18.659547472071623,17.97667164784682,-18.659547472071623,2.4671653864152847,0.676029135306902,-0.19566226833395542
6923.0,276.92,0.0,17.922021541674617,-18.782699878842596,17.922021541674617,-18.782699878842596,2.4698520853131374,0.6859590691735449,-0.2008940144014284
6924.0,276.96,0.0,17.866341848490787,-18.905771485633576,17.866341848490787,-18.905771485633576,2.4725209322805384,0.694468913456088,-0.20579115716497118
6925.0,277.0,0.0,17.809632568295346,-19.028738796714183,17.809632568295346,-19.028738796714183,2.4751719273174877,0.7015586681545313,-0.21035369662458372
6926.0,277.04,0.0,17.751876645756,-19.15157431908743,17.751876645756,-19.15157431908743,2.477805070423985,0.7072283332688748,-0.21458163278026612
6927.0,277.08,0.0,17.693074080872762,-19.274255558896563,17.693074080872762,-19.274255558896563,2.4804203616000304,0.7114779087991184,-0.21842740464251098
6928.0,277.12,0.0,17.633207949320497,-19.396755857278322,17.633207949320497,-19.396755857278322,2.4830178008456243,0.7157217126303712,-0.22189101221131832
6929.0,277.16,0.0,17.572278251099192,-19.519053798006283,17.572278251099192,-19.519053798006283,2.485597388160766,0.7201727293580932,-0.2248230458412514
6930.0,277.2,0.0,17.510268196465326,-19.641123633949096,17.510268196465326,-19.641123633949096,2.488159123545456,0.7248181206066403,-0.22721674205334064
6931.0,277.24,0.0,17.4471777854189,-19.76294509913672,17.4471777854189,-19.76294509913672,2.490703006999695,0.7298015490832427,-0.22906071966349748
6932.0,277.28000000000003,1.0,17.382990366287874,-19.884493432600305,17.382990366287874,-19.884493432600305,2.4932290385234817,0.7348618051833424,-0.23038439253543244
6933.0,277.32,0.0,17.317705939072244,-20.00574958789656,17.317705939072244,-20.00574958789656,2.4957372181168163,0.7397125914440251,-0.231142905467214
6934.0,277.36,1.0,17.251307993574947,-20.126689861260125,17.251307993574947,-20.126689861260125,2.498227545779699,0.7445317412420628,-0.23126374036166455
6935.0,277.40000000000003,2.0,17.183796529795977,-20.247296491474426,17.183796529795977,-20.247296491474426,2.50070002151213,0.7491954063101559,-0.2307758504771052
6936.0,277.44,2.0,17.11515518232859,-20.36754689941753,17.11515518232859,-20.36754689941753,2.5030494946494004,0.7537706744275278,-0.23016349622658364
6937.0,277.48,2.0,17.045383951172788,-20.487424671025426,17.045383951172788,-20.487424671025426,2.5052759651915095,0.7582520267947848,-0.2295511419760622
6938.0,277.52,2.0,16.97446661893767,-20.60690841545822,16.97446661893767,-20.60690841545822,2.5076090079172957,0.7627333791620419,-0.22893878772554063
6939.0,277.56,2.0,16.902403185623236,-20.72598312376405,16.902403185623236,-20.72598312376405,2.510081483649727,0.7670324188284628,-0.2283264334750191
6940.0,277.6,2.0,16.829884483460447,-20.84358580600727,16.829884483460447,-20.84358580600727,2.51257181131261,0.7710541583516137,-0.22771407922449755
6941.0,277.64,2.0,16.805774956459047,-20.910168496726637,16.805774956459047,-20.910168496726637,2.513018134647953,0.7747627735429058,-0.227101724973976
6942.0,277.68,2.0,16.781410302187787,-20.97582829473093,16.781410302187787,-20.97582829473093,2.5134921652742874,0.7780902557059577,-0.22648937072345446
6943.0,277.72,2.0,16.75678644946684,-21.040538239254463,16.75678644946684,-21.040538239254463,2.513993601151285,0.7810366048407695,-0.22587701647293298
6944.0,277.76,2.0,16.731899240032295,-21.10427158071557,16.731899240032295,-21.10427158071557,2.5145235378308657,0.7836018209473412,-0.22526466222241145
6945.0,277.8,2.0,16.70674442619523,-21.167001797369313,16.70674442619523,-21.167001797369313,2.515081943583217,0.7857859040256728,-0.2246523079718899
6946.0,277.84000000000003,2.0,16.68131766842479,-21.228702611901237,16.68131766842479,-21.228702611901237,2.5156696179614535,0.7875888540757643,-0.2240875147108757
6947.0,277.88,2.0,16.655614532852496,-21.289348007951713,16.655614532852496,-21.289348007951713,2.5162972871751528,0.7890106710976156,-0.22357028243936886
6948.0,277.92,2.0,16.629630488694712,-21.3489122465605,16.629630488694712,-21.3489122465605,2.516969251581968,0.7900513550912267,-0.22310061115736934
6949.0,277.96,2.0,16.603360905590144,-21.407369882521124,16.603360905590144,-21.407369882521124,2.5176899060529077,0.7907109060565977,-0.22267850086487717
6950.0,278.0,2.0,16.57680105084906,-21.464695780634706,16.57680105084906,-21.464695780634706,2.518463742583202,0.7909893239937287,-0.2223039515618924
6951.0,278.04,2.0,16.54994608661085,-21.520865131852922,16.54994608661085,-21.520865131852922,2.5192953529901967,0.7909893239937287,-0.2219769632484149
6952.0,278.08,2.0,16.522791066906294,-21.575853469299844,16.522791066906294,-21.575853469299844,2.5201880963129657,0.7909893239937287,-0.22169753592444474
6953.0,278.12,2.0,16.495330934620785,-21.629636684162392,16.495330934620785,-21.629636684162392,2.521146295465873,0.7909893239937287,-0.2215105247919134
6954.0,278.16,2.0,16.467560518354652,-21.68219104143927,16.467560518354652,-21.68219104143927,2.5221167591479787,0.7909893239937287,-0.22141592985082084
6955.0,278.2,2.0,16.439474529176405,-21.733493195538244,16.439474529176405,-21.733493195538244,2.523160199237631,0.7909893239937287,-0.22141592985082084
6956.0,278.24,2.0,16.411067557264687,-21.783520205711735,16.411067557264687,-21.783520205711735,2.5242818327211554,0.7909893239937287,-0.22141592985082084
6957.0,278.28000000000003,2.0,16.382334068434446,-21.8322495513208,16.382334068434446,-21.8322495513208,2.5254879789872358,0.7909893239937287,-0.22141592985082084
6958.0,278.32,2.0,16.353268400542586,-21.879659146917568,16.353268400542586,-21.879659146917568,2.526784769023794,0.7909893239937287,-0.22141592985082084
6959.0,278.36,2.0,16.32386475976826,-21.925727357136413,16.32386475976826,-21.925727357136413,2.528177920243331,0.8006992548709342,-0.22038493189496153
6960.0,278.40000000000003,2.0,16.294117216762654,-21.970433011384088,16.294117216762654,-21.970433011384088,2.5295939270976824,0.8201191166253453,-0.21832293598324287
6961.0,278.44,2.0,16.264019702662868,-22.013755418319352,16.264019702662868,-22.013755418319352,2.5311064399698058,0.849248909256962,-0.2152299421156649
6962.0,278.48,2.0,16.233566004964263,-22.055674380112514,16.233566004964263,-22.055674380112514,2.532729671409418,0.8880886327657841,-0.21110595029222767
6963.0,278.52,2.0,16.202749763245443,-22.096170206475573,16.202749763245443,-22.096170206475573,2.5344696172756493,0.936638287151812,-0.20595096051293107
6964.0,278.56,2.0,16.171564464739568,-22.13522372845376,16.171564464739568,-22.13522372845376,2.5363330763970358,0.9948978724150452,-0.19976497277777513
6965.0,278.6,2.0,16.14000343974567,-22.17281631196929,16.14000343974567,-22.17281631196929,2.5382998552418576,1.0628673885554842,-0.1925479870867599
6966.0,278.64,2.0,16.10805985687306,-22.20892987110846,16.10805985687306,-22.20892987110846,2.5403178596785096,1.1405468355731287,-0.18430000343988537
6967.0,278.68,2.0,16.075726718111756,-22.243546881143164,16.075726718111756,-22.243546881143164,2.5424747350213446,1.2279362134679785,-0.17502102183715149
6968.0,278.72,2.0,16.04299685372148,-22.276650391278245,16.04299685372148,-22.276650391278245,2.5447779206056365,1.325035522240034,-0.1647110422785583
6969.0,278.76,2.0,16.009862916931326,-22.308224037116073,16.009862916931326,-22.308224037116073,2.5472344132339466,1.4318447618892953,-0.1533700647641058
6970.0,278.8,2.0,15.976317378441916,-22.338252052830043,15.976317378441916,-22.338252052830043,2.5497368178810325,1.5483639324157616,-0.14099808929379395
6971.0,278.84000000000003,2.0,15.942352520721386,-22.366719283038776,15.942352520721386,-22.366719283038776,2.5523631271110463,1.674593033819434,-0.12759511586762284
6972.0,278.88,2.0,15.907960432086131,-22.39361119437301,15.907960432086131,-22.39361119437301,2.5551312689964103,1.810532066100312,-0.11316114448559236
6973.0,278.92,2.0,15.873133000556765,-22.418913886727307,15.873133000556765,-22.418913886727307,2.5580439365622247,1.9561810292583952,-0.0976961751477026
6974.0,278.96,2.0,15.83786190747925,-22.442614104188976,15.83786190747925,-22.442614104188976,2.560993708173464,2.1115399232936842,-0.08120020785395349
6975.0,279.0,2.0,15.802138620900738,-22.466114323982687,15.802138620900738,-22.466114323982687,2.563981297369463,2.2766087482061783,-0.06367324260434506
6976.0,279.04,2.0,15.765954388688959,-22.489684072723925,15.765954388688959,-22.489684072723925,2.567007436103474,2.4513875039958783,-0.045115279398877335
6977.0,279.08,2.0,15.72930023138352,-22.513317760209898,15.72930023138352,-22.513317760209898,2.5700728753405246,2.635876190662784,-0.025526318237550274
6978.0,279.12,2.0,15.692166934766899,-22.537009324655127,15.692166934766899,-22.537009324655127,2.573178385678713,2.8203648773296894,-0.0059373570762232195
6979.0,279.16,2.0,15.654545042142164,-22.56074409006337,15.654545042142164,-22.56074409006337,2.5763247579950357,2.9951436331193895,0.012620606129244519
6980.0,279.2,2.0,15.616424846303858,-22.584517134691854,15.616424846303858,-22.584517134691854,2.579512804116873,3.160212458031884,0.03014757137885294
6981.0,279.24,2.0,15.577796381187706,-22.60848749885945,15.577796381187706,-22.60848749885945,2.582743357520334,3.3155713520671726,0.046643538672602035
6982.0,279.28000000000003,2.0,15.538649413184089,-22.632600827438573,15.538649413184089,-22.632600827438573,2.5860172740567275,3.461220315225256,0.062108508010491816
6983.0,279.32,2.0,15.498973432099344,-22.656791717169302,15.498973432099344,-22.656791717169302,2.5893354327084777,3.597159347506134,0.07654247939252228
6984.0,279.36,2.0,15.458757641748138,-22.681250432187568,15.458757641748138,-22.681250432187568,2.5926987363758984,3.723388448909806,0.08994545281869341
6985.0,279.40000000000003,2.0,15.417990950159243,-22.705722787147486,15.417990950159243,-22.705722787147486,2.5961081126962973,3.8399076194362727,0.10231742828900525
6986.0,279.44,2.0,15.376661959376023,-22.730201056660054,15.376661959376023,-22.730201056660054,2.599564514896977,3.9467168590855333,0.11365840580345775
6987.0,279.48,2.0,15.33475895483192,-22.75467734732371,15.33475895483192,-22.75467734732371,2.6030689226837778,4.04381616785759,0.12396838536205093
6988.0,279.52,2.0,15.292269894280208,-22.77914359800094,15.292269894280208,-22.77914359800094,2.6066223431668973,4.131205545752439,0.13324736696478479
6989.0,279.56,2.0,15.24918239625594,-22.80384576662534,15.24918239625594,-22.80384576662534,2.6102258118258357,4.208884992770084,0.14149535061165938
6990.0,279.6,2.0,15.205483728046927,-22.828642331358644,15.205483728046927,-22.828642331358644,2.613880393515397,4.276854508910523,0.14871233630267458
6991.0,279.64,2.0,15.161160793149214,-22.853660317832013,15.161160793149214,-22.853660317832013,2.617587183514809,4.335114094173756,0.1548983240378305
6992.0,279.68,2.0,15.116200118181034,-22.878793228234063,15.116200118181034,-22.878793228234063,2.6213473086221266,4.383663748559784,0.1600533138171271
6993.0,279.72,2.0,15.071249531141595,-22.90390071412091,15.071249531141595,-22.90390071412091,2.6251619282962166,4.422503472068605,0.16417730564056435
6994.0,279.76,2.0,15.026547137758355,-22.928974133548536,15.026547137758355,-22.928974133548536,2.629032235848761,4.451633264700223,0.16727029950814234
6995.0,279.8,2.0,14.982160258274765,-22.954004678425612,14.982160258274765,-22.954004678425612,2.6329594596888426,4.471053126454634,0.16933229541986097
6996.0,279.84000000000003,2.0,14.938079432270193,-22.97926707143907,14.938079432270193,-22.97926707143907,2.636944864622851,4.480763057331839,0.1703632933757203
6997.0,279.88,2.0,14.894290910545957,-23.004634000309604,14.894290910545957,-23.004634000309604,2.640989753212591,4.480763057331839,0.1703632933757203
6998.0,279.92,2.0,14.85082595446069,-23.030243399706062,14.85082595446069,-23.030243399706062,2.645095467194658,4.480763057331839,0.1703632933757203
6999.0,279.96,2.0,14.80768863246777,-23.05595585636777,14.80768863246777,-23.05595585636777,2.649263388964332,4.480763057331839,0.1703632933757203
7000.0,280.0,2.0,14.764866180453573,-23.081620830423805,14.764866180453573,-23.081620830423805,2.6534949431274364,4.480763057331839,0.1703632933757203
7001.0,280.04,2.0,14.72235648071042,-23.107236378691137,14.72235648071042,-23.107236378691137,2.657791598123819,4.480763057331839,0.1703632933757203
7002.0,280.08,2.0,14.680200026135815,-23.132831436903597,14.680200026135815,-23.132831436903597,2.6620207689051028,4.480763057331839,0.1703632933757203
7003.0,280.12,2.0,14.639360318010473,-23.15878952642761,14.639360318010473,-23.15878952642761,2.666300729792088,4.480763057331839,0.1703632933757203
7004.0,280.16,2.0,14.599831210225753,-23.184707399589556,14.599831210225753,-23.184707399589556,2.670527291907941,4.480763057331839,0.1703632933757203
7005.0,280.2,2.0,14.561604113023831,-23.211017593195262,14.561604113023831,-23.211017593195262,2.674703323867106,4.480763057331839,0.1703632933757203
7006.0,280.24,2.0,14.524657712736674,-23.237266779322514,14.524657712736674,-23.237266779322514,2.678926341539488,4.480763057331839,0.1703632933757203
7007.0,280.28000000000003,2.0,14.488978500388864,-23.263446972346223,14.488978500388864,-23.263446972346223,2.6830543323197924,4.480763057331839,0.1703632933757203
7008.0,280.32,2.0,14.45456283756362,-23.289550031679067,14.45456283756362,-23.289550031679067,2.6871994500879395,4.480763057331839,0.1703632933757203
7009.0,280.36,2.0,14.421365503613057,-23.31604475249623,14.421365503613057,-23.31604475249623,2.691302803748877,4.480763057331839,0.1703632933757203
7010.0,280.40000000000003,2.0,14.389325666849011,-23.342496368969588,14.389325666849011,-23.342496368969588,2.6953191151584184,4.480763057331839,0.1703632933757203
7011.0,280.44,2.0,14.358442404594078,-23.369224062713215,14.358442404594078,-23.369224062713215,2.699252841584705,4.480763057331839,0.1703632933757203
7012.0,280.48,2.0,14.328714592457795,-23.39603440045194,14.328714592457795,-23.39603440045194,2.703181174917332,4.480763057331839,0.1703632933757203
7013.0,280.52,2.0,14.30014091053193,-23.422755542626355,14.30014091053193,-23.422755542626355,2.707102890248134,4.480763057331839,0.1703632933757203
7014.0,280.56,2.0,14.272719850005782,-23.44944541671641,14.272719850005782,-23.44944541671641,2.7109518010479023,4.480763057331839,0.1703632933757203
7015.0,280.6,2.0,14.24636632675894,-23.476528390361178,14.24636632675894,-23.476528390361178,2.7147318446876536,4.480763057331839,0.1703632933757203
7016.0,280.64,2.0,14.221060461680436,-23.503511943879047,14.221060461680436,-23.503511943879047,2.718459593353205,4.480395456430709,0.17078082923626
7017.0,280.68,2.0,14.196804667867358,-23.53076600098223,14.196804667867358,-23.53076600098223,2.7222428989153964,4.479660254628447,0.17161590095733942
7018.0,280.72,2.0,14.173547929344142,-23.558120390480276,14.173547929344142,-23.558120390480276,2.726068811650361,4.4789057054103365,0.17247294825002624
7019.0,280.76,2.0,14.151310327224481,-23.58536518788108,14.151310327224481,-23.58536518788108,2.7298627894091796,4.478131808776377,0.17335197111432035
7020.0,280.8,2.0,14.130078980546338,-23.612859079773898,14.130078980546338,-23.612859079773898,2.733605585868512,4.4773364150136965,0.17425541128040042
7021.0,280.84000000000003,2.0,14.109828537345193,-23.640481888197684,14.109828537345193,-23.640481888197684,2.737303142652582,4.476519524122295,0.17518326874826648
7022.0,280.88,2.0,14.090528050478003,-23.667985009812796,14.090528050478003,-23.667985009812796,2.74096215035243,4.475678607028205,0.17613841614165796
7023.0,280.92,2.0,14.071041631573827,-23.69590420911031,14.071041631573827,-23.69590420911031,2.744604340620281,4.474813663731426,0.17712085346057493
7024.0,280.96,2.0,14.051368880309884,-23.723795302156457,14.051368880309884,-23.723795302156457,2.748298080030441,4.473921690956623,0.17813399194570806
7025.0,281.0,2.0,14.03150517383771,-23.75181157334807,14.03150517383771,-23.75181157334807,2.751966040236252,4.473002688703797,0.17917783159705736
7026.0,281.04,2.0,14.011443826932688,-23.780104292457022,14.011443826932688,-23.780104292457022,2.7556154894830334,4.472053053042542,0.1802564659034516
7027.0,281.08,2.0,13.991176860736061,-23.808267060155877,13.991176860736061,-23.808267060155877,2.7592500086697007,4.471569163915358,0.18080608659943667
7028.0,281.12,2.0,13.970695041727097,-23.836429758028512,13.970695041727097,-23.836429758028512,2.762875638483281,4.471028346655565,0.18142036855377294
7029.0,281.16,2.0,13.949995555613654,-23.865004205401355,13.949995555613654,-23.865004205401355,2.7664986565004903,4.470419927238298,0.18211143575240124
7030.0,281.2,2.0,13.929075838177107,-23.89368868996245,13.929075838177107,-23.89368868996245,2.7701255889149428,4.4697303852320625,0.18289464524417995
7031.0,281.24,2.0,13.907933587665445,-23.922695255261218,13.907933587665445,-23.922695255261218,2.7737783078072678,4.468942337224935,0.1837897418062128
7032.0,281.28000000000003,2.0,13.886566777724633,-23.951563480165643,13.886566777724633,-23.951563480165643,2.7774895817890632,4.468033051062866,0.1848225455316353
7033.0,281.32,2.0,13.864973670906398,-23.98028414395249,13.864973670906398,-23.98028414395249,2.7812327400941204,4.466972217207118,0.1860274832112949
7034.0,281.36,1.0,13.843152832793981,-24.009392229038024,13.843152832793981,-24.009392229038024,2.7850094132696293,4.465718504468507,0.1874515004690744
7035.0,281.40000000000003,0.0,13.821103146790835,-24.03895062213735,13.821103146790835,-24.03895062213735,2.788819696528701,4.4649124908943225,0.18836700304338433
