0	0.0	65.00837840000001	-39.437174895999995	7.3390566144000005	11.4433075512	0.0	1.0
0	0.0	76.44743388800002	31.622509855999997	6.3606039168	7.2190045368	0.0	1.0
0	0.0	-61.823673184	-34.229190688	5.8726467072	7.2239514984	0.0	1.0
0	0.0	66.04263747200002	-36.13497747999999	5.555504908800001	7.813786176000001	0.0	1.0
0	3.0	-61.883018848	-27.792308824	5.61102528	16.1562738456	0.0	1.0
0	0.0	-61.84834096000002	-29.801257863999997	5.9166554496	15.7999920624	0.0	1.0
0	0.0	90.55954678400002	-28.131356680000007	4.2528318336	8.7894235296	0.0	1.0
0	0.0	73.86303747200002	-10.143118383999996	5.4967312512	12.0405827808	0.0	1.0
0	0.0	62.67423478400002	72.43172552	9.787923264	12.7355303376	0.0	1.0
0	0.0	9.16124854399999	-89.403498016	7.5467664384	5.462370648	0.0	1.0
0	0.0	94.947193376	-4.896724840000002	5.4665579136	9.699664464	0.0	1.0
0	0.0	32.51984489599998	83.94688467200001	10.9236062208	7.9605259272	0.0	1.0
0	0.0	25.596064928000033	-85.96137800320001	5.770829568000001	8.7923997504	0.0	1.0
0	0.0	-111.01586608	65.05391547200001	7.071893875200001	6.739471015200001	0.0	1.0
0	0.0	73.23704796800001	-10.924376344	4.2130416384	10.3305227256	0.0	1.0
0	13.0	15.438661279999979	3.4493624479999982	21.6302790144	4.748479848000001	0.0	1.0
0	0.0	102.377199008	-43.542951928	7.075182912	5.7204371448	0.0	1.0
0	0.0	63.84935043200003	-41.46462476800001	6.6771379583999995	7.9604454888	0.0	1.0
0	0.0	-80.858258656	-40.82654716	9.4407153792	15.639034824000001	0.0	1.0
0	0.0	84.110532128	6.683790511999999	6.000740390400001	12.036098340000002	0.0	1.0
0	0.0	78.817685408	50.61622815199999	7.720263129600001	10.0472387904	0.0	1.0
0	0.0	-96.40682262400001	59.90927650400001	9.6688386816	10.1090154816	0.0	1.0
0	3.0	-61.93700195200001	-25.598954751999997	5.0469912192	11.880067953600001	0.0	1.0
0	0.0	87.0663752	40.388083400000006	8.96977536	16.088745808800002	0.0	1.0
0	0.0	-61.83189577600001	-32.641738864	5.859061555199999	10.1966128992	0.0	1.0
0	0.0	5.784623264000006	95.774345912	11.1951305088	5.9566042872	0.0	1.0
1	0.0	-12.123467103999998	56.15159664800001	4.8411046656	13.233604910400002	0.0	1.0
1	0.0	89.42733161600003	35.80611104000001	4.2913707648	8.8827722928	0.0	1.0
1	0.0	77.04982812799999	30.501600752000005	5.643701145600001	7.017928646400001	0.0	1.0
1	0.0	63.482551327999985	-42.078168664	6.887314560000001	8.6688262584	0.0	1.0
1	3.0	48.62254006400002	69.3006608	10.178710886400001	8.5359621312	0.0	1.0
1	0.0	65.32476944000001	-37.525154128	5.6342630400000004	8.08255098	0.0	1.0
1	0.0	-110.989410784	64.95899816000001	7.0795444608	6.956855791200001	0.0	1.0
1	0.0	6.7634692159999945	-89.79760595680001	9.5413527552	5.7620640168	0.0	1.0
1	0.0	95.06230966400001	-5.454766240000004	4.4170334208	10.2063459456	0.0	1.0
1	13.0	15.412205984000007	3.4147739359999845	21.670426713599998	4.742547516	0.0	1.0
1	0.0	-96.428630368	59.92214664800001	9.6011631744	10.042995664800001	0.0	1.0
1	0.0	-80.86576624	-40.90698556	9.474535257600001	15.675312542400002	0.0	1.0
1	0.0	79.52161078399999	49.809431000000004	7.2376327296	9.437294512800001	0.0	1.0
1	0.0	102.27245033599999	-42.54028727200001	7.2611564928000005	7.4770107048000005	0.0	1.0
1	0.0	73.87269008	-11.422088944	5.4870071424	11.2223834856	0.0	1.0
1	3.0	-62.571214048	-27.40580231200001	5.109447168	17.451774496800002	0.0	1.0
1	0.0	84.20813072	5.476007936000015	5.9238770304	11.9468519352	0.0	1.0
1	0.0	-62.347774048	-32.526510856	5.527726848	8.4216189456	0.0	1.0
1	0.0	6.65514550400001	95.79003139999998	10.9740500352	6.295772800800001	0.0	1.0
2	0.0	73.509108512	-11.169914560000006	5.7163817088	13.3251438096	0.0	1.0
2	3.0	78.48699420800003	-33.51992509600001	4.9881103104	9.1919171736	0.0	1.0
2	0.0	77.711568032	-34.194803272	5.7716875776	9.856016604	0.0	1.0
2	0.0	31.55780163199999	-87.291085084	6.6131804928	6.7891618368	0.0	1.0
2	13.0	15.416138527999985	3.47047752799999	21.684262118400003	4.6952296272	0.0	1.0
2	0.0	49.03045212800003	69.44404224799999	11.0577059712	9.918296035200001	0.0	1.0
2	0.0	73.530201248	-13.342555744000004	5.412789312	9.2231071632	0.0	1.0
2	0.0	63.99699958400003	71.402918384	9.837973824	14.123675916000002	0.0	1.0
2	3.0	77.911770272	-32.22868768000001	6.279414758400001	12.895683192	0.0	1.0
2	0.0	64.95010524800001	-37.971386152	5.8807262976	9.1862060472	0.0	1.0
2	3.0	-63.07028963199999	-26.299372120000008	5.3075758848	17.4312828144	0.0	1.0
2	0.0	62.91125993599998	-43.633445128000005	7.0377164928	8.2744367832	0.0	1.0
2	0.0	77.448802592	27.93863223200001	5.9767161216	9.832488372	0.0	1.0
2	0.0	84.09265692800001	4.3480604719999905	5.974106342399999	11.7032241312	0.0	1.0
2	0.0	-80.853968608	-40.94901462400001	9.4924819584	15.785895232799998	0.0	1.0
2	3.0	89.791985696	-29.951074383999995	4.390184870400001	9.0161793792	0.0	1.0
2	3.0	5.132893471999997	-85.94096675920001	12.568625126400002	9.1937873664	0.0	1.0
2	0.0	-62.90726780800001	-31.640682976000008	5.6131345536	8.291147860799999	0.0	1.0
2	0.0	5.491827487999998	-89.758331908	7.4175644928	5.8176469512	0.0	1.0
2	0.0	102.29425808	-42.456832432	7.2284448768	7.589061396000001	0.0	1.0
2	0.0	-110.815306336	64.94592691999998	7.3746640128	6.931095393600001	0.0	1.0
2	0.0	-96.282053728	59.905857872000006	9.9166604544	10.1173609656	0.0	1.0
2	0.0	34.366353056000015	83.202226184	11.229415142399999	8.2458208224	0.0	1.0
2	0.0	7.28220752	95.58833211199999	11.2815392256	6.374521994400001	0.0	1.0
3	0.0	64.40634166399998	-38.828859496	5.4568338048000005	9.1628789112	0.0	1.0
3	0.0	80.869758368	47.75020796	6.9140558592	8.7192611352	0.0	1.0
3	0.0	50.571294368	68.81179642400001	9.1731236352	9.6394965408	0.0	1.0
3	0.0	64.55148828799999	71.704160192	10.0548357504	16.3290354192	0.0	1.0
3	0.0	94.455267872	-6.686077048000006	4.3864668288	9.7951046256	0.0	1.0
3	0.0	61.939921568	-44.88587101600001	6.933003571200001	8.2481334264	0.0	1.0
3	0.0	78.46661648	-34.416008872	5.165396544	9.003570660000001	0.0	1.0
3	0.0	86.83399759999999	-33.375337071999994	4.0563118848	9.295119640800001	0.0	1.0
3	0.0	80.10219728000001	49.717127936	8.4941877888	12.149375716800002	0.0	1.0
3	0.0	72.57352054399998	-14.139298096000001	4.201172505600001	9.6319554408	0.0	1.0
3	3.0	3.9195248959999964	-86.4677578408	12.5478898944	9.6257013552	0.0	1.0
3	0.0	22.591958816	-86.8365679048	6.3810888960000005	9.979630315200001	0.0	1.0
3	0.0	5.721345056000009	-89.7523593568	8.116949567999999	5.8282849296	0.0	1.0
3	0.0	51.462551839999996	67.88574934399999	7.688516774400001	7.767755301599999	0.0	1.0
3	3.0	23.673408416	-79.599665824	7.7219791488	13.7744526024	0.0	1.0
3	0.0	84.239591072	3.097645544000001	5.5112101632	11.7732457584	0.0	1.0
3	0.0	-80.87255881600001	-40.969727512	9.4908016896	15.7309155864	0.0	1.0
3	0.0	77.54890371199998	27.50084624	5.917334707199999	10.085748674400001	0.0	1.0
3	0.0	102.400794272	-43.370210464	7.266626304	6.2673378263999995	0.0	1.0
3	13.0	15.416496032000014	3.45680300000001	21.680115072000003	4.7075367024	0.0	1.0
3	3.0	89.40194883199999	-30.343211584000006	4.6768315776	8.2597366656	0.0	1.0
3	0.0	34.852558495999986	82.87182545600001	10.647362880000001	7.950531456000001	0.0	1.0
3	0.0	-110.98619324800002	64.94693240000001	7.0677110783999995	6.907144860000001	0.0	1.0
3	0.0	-96.12904201599999	59.86785072800001	10.1901867648	10.147364488800001	0.0	1.0
3	0.0	-63.557567584000005	-30.436319031999997	5.9026412928	8.1030828816	0.0	1.0
3	0.0	7.871374112000007	95.409758864	10.9365478656	6.304259052000001	0.0	1.0
4	3.0	50.389682336000014	68.82828629599999	10.5641001984	10.7866687824	0.0	1.0
4	0.0	102.410804384	-42.62836732	7.3994747904	7.529295664799999	0.0	1.0
4	0.0	84.18989801600001	2.181854360000002	5.3806854528	11.2613558904	0.0	1.0
4	0.0	-80.889004	-40.917442552	9.5259800832	15.853946119200002	0.0	1.0
4	0.0	90.31000899199998	33.355152992	5.5197902592	9.4809524544	0.0	1.0
4	0.0	62.010349856000005	-43.667430352	8.1120517632	12.4324384464	0.0	1.0
4	0.0	77.55998633599998	-35.95479546400001	5.6218219008000005	8.07551262	0.0	1.0
4	0.0	102.51448054400002	-43.77159808	7.434116928000001	5.8642006752	0.0	1.0
4	0.0	94.9225256	-7.449437464000002	4.619416435200001	9.2503355616	0.0	1.0
4	0.0	-110.970463072	64.934464448	7.0806527232	7.054226474400001	0.0	1.0
4	13.0	15.431868704000024	3.464243552000001	21.668388940800007	4.6829828808	0.0	1.0
4	0.0	-64.13779657600001	-29.478096591999993	5.692893696	7.404555816	0.0	1.0
4	0.0	73.06294351999999	-13.504639120000002	5.49304896	14.029723864800001	0.0	1.0
4	0.0	7.129195807999992	95.45721752	7.540081113599999	6.256800395999999	0.0	1.0
4	0.0	77.98613110400002	26.418949760000007	6.0177218304	9.8748794088	0.0	1.0
4	0.0	-96.3599896	59.878911008	9.815629824	10.0922641848	0.0	1.0
4	0.0	80.08575209600001	50.655039679999994	9.08685792	16.171979443199998	0.0	1.0
5	3.0	49.21957174400003	74.09539272800001	6.603635136	10.6767094896	0.0	1.0
5	0.0	102.437617184	-42.58010428	7.340915635200001	7.6289186232	0.0	1.0
5	0.0	2.0647941439999964	-90.4257293128	6.913483852800001	5.4200399400000006	0.0	1.0
5	0.0	-64.797391456	-28.07706075999999	5.4727427328	7.3394409311999995	0.0	1.0
5	0.0	72.87918646400001	-15.715488544	5.3292763776	10.9726222536	0.0	1.0
5	0.0	61.54952720000001	-44.42415460000001	8.651060544	14.163472814400002	0.0	1.0
5	13.0	15.277069472	3.4980276799999923	21.7658802816	4.465738872	0.0	1.0
5	0.0	95.15847824000001	-8.724788296	4.1984912256	8.2798462656	0.0	1.0
5	0.0	77.64042473599999	-36.69804628	4.6476592512	7.2229862376	0.0	1.0
5	0.0	102.583121312	-43.931670495999995	7.3456346880000005	5.5082607552	0.0	1.0
5	0.0	-80.862548704	-40.972341760000006	9.384658752	15.620795416799998	0.0	1.0
5	0.0	-111.00978851200001	64.909126352	7.0451883264	7.062290424	0.0	1.0
5	0.0	84.17309532800002	1.4577076639999955	5.063865408	11.2969901016	0.0	1.0
5	0.0	-96.321021664	59.889569096	9.80186592	10.1793186432	0.0	1.0
5	0.0	78.11483254400002	26.416335512000003	6.0857905919999995	10.536726564	0.0	1.0
5	0.0	-64.79989398400001	-22.81337295999999	5.3063603712	17.720659958400002	0.0	1.0
5	0.0	9.454759327999993	95.40091063999999	11.161632384	6.8240318832	0.0	1.0
5	0.0	80.36496272000002	49.857895135999996	9.066944947200001	15.321102048	0.0	1.0
6	0.0	59.360887712000014	-48.952032136	6.190610764800001	7.2780463224	0.0	1.0
6	3.0	0.6891187520000017	-86.4535001344	12.9017473536	9.0616270752	0.0	1.0
6	0.0	-80.82608329600001	-40.99023930400001	9.443182156799999	15.803350365600002	0.0	1.0
6	0.0	102.550588448	-43.328985784000004	7.656269913600001	7.008658120800001	0.0	1.0
6	0.0	39.43325724799998	80.550172136	7.846640793600001	6.206405738400001	0.0	1.0
6	0.0	-65.169195616	-22.120798336000004	5.5086718848	17.489922408	0.0	1.0
6	0.0	90.89488553599999	32.30040447199999	5.8726109568	9.964407348	0.0	1.0
6	0.0	88.56181443200003	-33.52475139999999	4.787264563200001	9.131668812	0.0	1.0
6	0.0	94.60327452799999	-9.551493952000003	3.8389852032000005	8.1970148232	0.0	1.0
6	0.0	1.6679647039999896	-90.417122404	7.2472495872	5.5770355872	0.0	1.0
6	13.0	15.413278496000009	3.4614282079999965	21.6489407232	4.7002369176	0.0	1.0
6	0.0	72.57602307200001	-14.882146719999996	5.8597765632000005	13.6058738256	0.0	1.0
6	0.0	61.95743926400002	-42.906281992000004	6.334577625600001	10.126993464	0.0	1.0
6	0.0	-96.22235056000001	59.859806887999994	9.9265990656	10.1668305816	0.0	1.0
6	0.0	-110.945795296	64.94914445600001	7.0698918528	7.1292352824	0.0	1.0
6	0.0	-65.162045536	-26.981288656	5.5716283392	7.8593947488	0.0	1.0
6	0.0	84.24388112	0.31286813600000724	4.7893380864	12.0024348696	0.0	1.0
6	0.0	78.48234665599999	25.994033912	6.402217382400001	7.810307215199999	0.0	1.0
6	0.0	10.16047222399999	95.33836978400001	11.0582064768	7.094867976	0.0	1.0
6	0.0	80.77323228800002	49.327403888000006	9.016072128	15.836430657600003	0.0	1.0
7	0.0	26.205251744	-88.7063585128	5.7854872319999995	5.6503551888	0.0	1.0
7	0.0	88.24542339199999	-33.652447360000004	4.3409565696	7.944096384	0.0	1.0
7	0.0	17.043854240000005	-87.5152669048	4.6310710656000005	10.5243390504	0.0	1.0
7	0.0	0.1392776000000088	-90.55030828480001	11.0110874496	5.2100353872	0.0	1.0
7	0.0	61.507699231999986	-44.580808383999994	6.017757580800001	8.222151823199999	0.0	1.0
7	0.0	102.50518544000003	-43.078219072	7.9244694144	7.631532871200001	0.0	1.0
7	0.0	66.776593184	68.475362816	9.576102144	15.213937989600002	0.0	1.0
7	0.0	-80.825010784	-41.028045352	9.4285959936	15.777791064	0.0	1.0
7	0.0	39.81685903999998	80.10233134399999	8.0785536384	6.1752760775999995	0.0	1.0
7	0.0	58.934027936	-49.603180984	6.335936140800001	7.337691396	0.0	1.0
7	13.0	15.331767584000003	3.508484672000009	21.634533312000002	4.4335031832	0.0	1.0
7	0.0	76.930064288	-37.89456748	4.671397516800001	8.4803389776	0.0	1.0
7	0.0	60.03621276800002	-47.572111384	8.7852675456	11.1835719576	0.0	1.0
7	0.0	84.18382044799999	-1.2303425679999902	4.7302069248	10.6993528992	0.0	1.0
7	0.0	-65.62179567999999	-23.925031648	5.4409606272	11.686794588000001	0.0	1.0
7	0.0	-110.93185264	64.95879706400001	7.0513731455999995	6.9751756368	0.0	1.0
7	0.0	10.833294752000006	94.992484664	9.758250432	6.2639996328	0.0	1.0
7	0.0	-96.08256649600001	59.88373731200001	10.1491095552	10.1013738336	0.0	1.0
7	0.0	72.30324752000001	-17.963741824000003	5.3934483456	10.88331552	0.0	1.0
7	0.0	90.84340496000003	31.274010488000005	5.8329280128	9.2140377336	0.0	1.0
7	0.0	78.69041398399999	24.90248482399999	6.3345418752	9.4757842872	0.0	1.0
7	0.0	81.19079696	48.968849720000016	9.0185389056	17.1242695512	0.0	1.0
8	0.0	79.055068064	23.300755184000003	6.150320064000001	10.6051394232	0.0	1.0
8	0.0	15.923794207999988	-87.70526240560001	4.6435837056	9.744709968	0.0	1.0
8	0.0	-1.1788396480000056	-90.5487196264	10.9639684224	5.27323986	0.0	1.0
8	0.0	102.59849398400002	-43.342258120000004	7.9015176576	7.0191151128	0.0	1.0
8	13.0	15.335342623999995	3.4936035680000064	21.680508326400002	4.400684316	0.0	1.0
8	0.0	-66.178786912	-19.586385448	5.1779449344	17.6220223704	0.0	1.0
8	0.0	79.05649808000003	24.71968855999999	5.979039897600001	7.5219154416	0.0	1.0
8	0.0	-110.949012832	65.051100128	7.097848665600001	6.6019414608	0.0	1.0
8	0.0	-80.83001584	-41.077112776	9.4092907776	15.828789009600001	0.0	1.0
8	0.0	84.01972611200001	-1.9283467839999968	5.1215665536	11.906733283200001	0.0	1.0
8	0.0	-96.11402684800001	59.854377296	10.0436101248	10.157057316	0.0	1.0
8	0.0	90.89953308800001	30.926918791999995	6.040566336	9.2683738728	0.0	1.0
8	0.0	11.806420639999999	95.09785896800001	11.0501983872	7.629340924800001	0.0	1.0
8	0.0	72.069797408	-19.005821296000004	5.4317012736	10.294908624000001	0.0	1.0
8	0.0	59.517831967999996	-47.64068512	8.5172110464	12.718095314400001	0.0	1.0
8	0.0	-66.182004448	-24.66385835200001	5.0133500928000005	7.562677600800001	0.0	1.0
9	0.0	-3.926615392000003	-90.6771194224	9.278480064	5.029873480800001	0.0	1.0
9	3.0	62.93449769599999	-65.70674756800001	4.9789939584	11.4077336688	0.0	1.0
9	0.0	76.069194656	-39.65938597600001	4.949285376000001	7.9367161608	0.0	1.0
9	0.0	-96.254168416	59.86061127199999	9.8299657344	10.126128751200001	0.0	1.0
9	0.0	58.21401487999999	-50.262373672	7.2969068928	9.8183714328	0.0	1.0
9	0.0	102.57203868799999	-42.94449023199999	8.0778386304	7.8469469063999995	0.0	1.0
9	0.0	79.448679968	22.340521783999996	5.9697090432	10.7045009568	0.0	1.0
9	0.0	84.43586076800001	-2.440337199999999	4.1521229568	10.5941796912	0.0	1.0
9	0.0	-110.900034784	64.903495664	7.195483008	6.992992742399999	0.0	1.0
9	13.0	15.370020511999995	3.49662000799999	21.6003201792	4.4183405448	0.0	1.0
9	0.0	-80.821435744	-41.06786236000001	9.4446121728	15.882964271999999	0.0	1.0
9	0.0	59.243626400000004	-46.874710456	6.9904187136	9.9783030816	0.0	1.0
9	0.0	72.502734752	-20.078869551999993	3.8072388480000003	9.518114995200001	0.0	1.0
9	0.0	82.29298179200002	47.03631716	8.715161011200001	15.771235334399998	0.0	1.0
9	0.0	-66.57275632	-23.399366704	4.9187545344000005	8.0668252728	0.0	1.0
9	0.0	-66.56918128000001	-19.93669468000001	5.0423794176	14.926149504	0.0	1.0
9	0.0	91.04575222399998	30.605165192000005	5.3888722944000005	10.1000868192	0.0	1.0
9	0.0	12.541091360000001	94.521316736	10.685437056	6.783189285600001	0.0	1.0
9	3.0	-2.8987913920000064	-87.2621473696	12.953978688000005	8.8733408904	0.0	1.0
10	0.0	70.53717776000002	-21.425207272	4.247862528	8.9969948208	0.0	1.0
10	0.0	111.447075488	-84.8302331128	4.51706304	7.3615011624	0.0	1.0
10	0.0	-66.98746096	-14.745200343999997	3.9532077311999996	13.0252292352	0.0	1.0
10	0.0	102.57597123200001	-42.665368984	7.8965126016000005	7.813464422399999	0.0	1.0
10	0.0	91.53446019199998	-14.429881816000005	4.151801203200001	10.406718	0.0	1.0
10	0.0	75.65162998400001	-40.541191936	4.948856371200001	7.889478710400001	0.0	1.0
10	0.0	72.84522358399998	-41.616251152000004	3.5128664793600004	7.839627012	0.0	1.0
10	0.0	83.029082528	42.84085131199999	7.0721083776	8.26655382	0.0	1.0
10	3.0	-4.047094239999994	-87.42272252560001	12.9940548864	9.806848632	0.0	1.0
10	0.0	-96.11617187200001	59.865437576000005	10.1660194944	10.1934355824	0.0	1.0
10	0.0	94.16247209599999	-11.995011447999994	4.1255246592	9.9359723736	0.0	1.0
10	13.0	15.38503568000002	3.506473711999985	21.572041612800003	4.3982912736	0.0	1.0
10	0.0	57.772139935999995	-49.254480519999994	8.650166784	12.471732604800001	0.0	1.0
10	0.0	-110.91361993600002	64.94753568799999	7.1930162304000005	6.906541572000001	0.0	1.0
10	0.0	71.941095968	-21.33853489600001	4.3373457792	8.902479700799999	0.0	1.0
10	0.0	79.90628508799999	21.687361976	6.0316644864	9.9568863576	0.0	1.0
10	0.0	-80.824295776	-41.051573584	9.4270587264	15.8051200104	0.0	1.0
10	0.0	83.36406377599998	-3.821263432000009	5.5013430528	11.555378352	0.0	1.0
10	0.0	13.371573151999996	94.256473304	10.670886643200001	6.493450168800001	0.0	1.0
10	0.0	-66.875919712	-22.382022040000003	4.5659338368	7.8462028512	0.0	1.0
10	0.0	91.393246112	29.630653976000016	5.2140528384	8.3856227616	0.0	1.0
10	0.0	-66.914530144	-17.131807672000004	4.716335769600001	18.1329871968	0.0	1.0
11	0.0	84.148785056	-4.68657951999999	4.286866214400001	11.4249072672	0.0	1.0
11	0.0	75.42318492800001	-41.319634552000004	4.520816832	8.1622252152	0.0	1.0
11	0.0	-5.137838944	-90.6682309792	8.787448320000001	5.2117648128	0.0	1.0
11	0.0	93.86252624	-12.816689704	3.8755221119999996	9.902208355199999	0.0	1.0
11	0.0	102.60921910399999	-42.65410760799999	7.9921091712	7.839848217600001	0.0	1.0
11	0.0	-67.38607791999999	-16.260860896	4.6794056064000005	18.529085988000002	0.0	1.0
11	0.0	71.75912643199999	-22.535257191999996	4.2030672768	8.776633824000001	0.0	1.0
11	0.0	91.618116128	28.742010751999995	5.4815373312	9.1054861128	0.0	1.0
11	0.0	-96.081493984	59.860410175999995	10.3929272832	10.2434481576	0.0	1.0
11	0.0	-80.85146608	-41.04976372	9.3999956736	15.7985642808	0.0	1.0
11	0.0	79.99566108800003	21.144804967999992	5.886088857600001	7.5023085816	0.0	1.0
11	13.0	15.463686560000006	3.472689584000015	21.618409881599998	4.656317551200001	0.0	1.0
11	0.0	-110.914334944	64.984336256	7.118369395199999	6.737439945600001	0.0	1.0
11	0.0	-67.39036796799999	-19.371614919999995	4.5892073472	12.263537916000002	0.0	1.0
11	0.0	56.79293647999998	-51.152022376000005	9.431134272	12.837767544000002	0.0	1.0
11	0.0	83.78734851200001	41.74749236	7.0571647104	8.6668152984	0.0	1.0
11	0.0	14.109818911999989	94.43001915199999	10.833622464000001	7.252466911199999	0.0	1.0
12	0.0	-5.134621407999995	-90.6813022192	10.598277580800001	5.479162164	0.0	1.0
12	3.0	73.738268576	-42.639829792	6.7759163136	9.192761776800001	0.0	1.0
12	0.0	91.98491523199999	27.5782682	5.56901856	10.718818992000001	0.0	1.0
12	0.0	84.01686608	41.50356291199999	6.8316154368	8.3707416576	0.0	1.0
12	0.0	93.65481641600003	-13.872644800000003	4.055167872	10.3289139576	0.0	1.0
12	13.0	15.453318944000017	3.51612632	21.595136371200002	4.7328949080000005	0.0	1.0
12	3.0	-6.426283359999995	-87.54689930560001	12.788347084800002	9.709719264	0.0	1.0
12	0.0	-80.841813472	-41.043328648	9.3896995584	15.7503816792	0.0	1.0
12	0.0	-96.11259683200002	59.821598648	10.239450816000002	10.2419399376	0.0	1.0
12	0.0	-67.883365984	-19.653953703999996	4.6951715328	9.0118558152	0.0	1.0
12	0.0	86.35994729599999	-37.263930423999994	4.97913696	10.8126704952	0.0	1.0
12	0.0	83.26968272	-5.9575062400000025	5.2522342656	11.8539455832	0.0	1.0
12	0.0	14.765838752000006	94.330878824	10.8827077632	7.6291398288000005	0.0	1.0
12	0.0	-110.82531644800001	64.94954664800001	7.393504473599999	6.8823296136000005	0.0	1.0
12	0.0	-67.8579832	-15.000793359999998	4.8258749952	18.2891985696	0.0	1.0
12	0.0	102.59563395199999	-42.583321816	8.0510258304	7.9511146344000005	0.0	1.0
12	0.0	56.164086944	-51.02171216800001	9.1884605568	15.030176464799998	0.0	1.0
12	0.0	80.00030864000003	19.959344048	6.376012339200001	10.923112418399999	0.0	1.0
13	0.0	70.34448310399999	-22.058056383999997	5.5909693056	13.177840989599998	0.0	1.0
13	0.0	92.78179164800001	26.70148964000002	6.4023603840000005	10.6858191384	0.0	1.0
13	0.0	82.41846569600001	-6.696534040000001	4.3227953664	11.956202899200001	0.0	1.0
13	0.0	90.826244768	-13.690049632000004	4.527251904	16.4417497272	0.0	1.0
13	0.0	-80.839310944	-41.006326984000005	9.39967392	15.855715764	0.0	1.0
13	0.0	85.94881769600002	-38.63862268	5.200253184	8.721131328	0.0	1.0
13	13.0	15.423646111999997	3.484554247999992	21.6770405376	4.6185115032	0.0	1.0
13	0.0	80.31240963200003	19.667754847999994	5.830818739200001	7.8453180287999995	0.0	1.0
13	0.0	71.12848937599999	-24.469800712	4.1265256703999995	8.203811868	0.0	1.0
13	0.0	93.778870304	-14.566023808000002	3.6703148160000003	9.528069247200001	0.0	1.0
13	0.0	-96.31530160000001	59.852567432	9.858816307200001	10.1741303664	0.0	1.0
13	0.0	-110.964385504	64.98654831200001	7.126663488	6.8597666423999994	0.0	1.0
13	0.0	15.541979936000006	93.88263583999999	10.7225102208	7.016943276000001	0.0	1.0
13	0.0	83.98147318399998	-6.561397528000005	4.0763678592	11.0614262472	0.0	1.0
13	0.0	-68.112168544	-18.135678903999995	4.7452220928	9.7168782816	0.0	1.0
13	0.0	54.980748704	-53.205212536	9.8822685696	13.0984683984	0.0	1.0
13	0.0	83.97861315200001	41.55122266399999	7.6307083776	9.974160504	0.0	1.0
13	0.0	102.645684512	-42.626758552	8.1687161472	8.205380416799999	0.0	1.0
13	3.0	-7.545270879999991	-87.5801806936	13.017006643200002	9.621639216	0.0	1.0
14	0.0	53.85961616000002	-55.418274016	9.5123591808	11.7750355128	0.0	1.0
14	3.0	69.24837584	-22.457433039999998	6.1004125056	13.6242942192	0.0	1.0
14	0.0	90.4984136	-15.893860696	4.9321966848	13.3837230744	0.0	1.0
14	0.0	59.481009056	60.23706298400001	6.9056902656000005	8.0346499128	0.0	1.0
14	0.0	92.14936707199999	26.498181584000008	5.5079926272	10.0888656624	0.0	1.0
14	0.0	93.35308304000002	-15.336221488	3.8887855104	10.2724663104	0.0	1.0
14	3.0	73.346801696	-43.408820895999995	6.273122688000001	9.748530792	0.0	1.0
14	0.0	80.72461174400004	19.543678616000005	5.8747202304	8.159912611200001	0.0	1.0
14	0.0	83.045885216	-7.734390495999996	5.627935219200001	11.908683914400001	0.0	1.0
14	13.0	15.435086239999988	3.450971216000001	21.706463116800002	4.677794604000001	0.0	1.0
14	0.0	84.94423145600003	39.78740964800001	7.0599532416	7.840511834400001	0.0	1.0
14	0.0	-68.485045216	-17.715388264000005	4.8403181567999995	8.1488724408	0.0	1.0
14	0.0	-80.863263712	-40.962085863999995	9.3569879424	15.873512760000002	0.0	1.0
14	0.0	-110.93149513600002	64.93828527199999	7.1494007424	6.9372891504	0.0	1.0
14	0.0	16.200144799999983	93.58340499200001	11.339597875199999	6.9335286552	0.0	1.0
14	0.0	-96.257743456	59.85940469599999	9.9140149248	10.2104684136	0.0	1.0
14	0.0	102.65283459200003	-42.61610046399999	8.1615303168	8.3166669432	0.0	1.0
14	3.0	-8.755064416	-87.93726686080001	12.8499807744	9.943593912	0.0	1.0
15	0.0	73.414012448	-44.693221048000005	4.995546393600001	7.2887446296	0.0	1.0
15	0.0	46.78961705600002	75.830851208	7.1515457664	6.390006386400001	0.0	1.0
15	0.0	80.93339408000001	18.241582016000017	5.784307468800001	6.337098028800001	0.0	1.0
15	0.0	53.93254697600001	-56.27876380000001	7.863014476799999	10.6767698184	0.0	1.0
15	0.0	68.67887196800001	-26.409170536000005	4.9173960192	9.3843258264	0.0	1.0
15	3.0	-9.722827744000005	-87.52393414240001	12.647812262400002	9.2260431648	0.0	1.0
15	0.0	70.72665488	65.11042344800002	9.06093888	16.1341733952	0.0	1.0
15	0.0	89.59929104000001	-12.473821023999996	4.982890752	17.6752927008	0.0	1.0
15	0.0	84.72043395200004	40.89162778399999	8.452967577599999	11.098126267200001	0.0	1.0
15	0.0	60.172064287999994	59.22474572	6.7823156352	7.2465949080000005	0.0	1.0
15	0.0	83.22141968000001	-8.093346856000005	5.1152387328	12.5284416768	0.0	1.0
15	0.0	93.34950799999999	-16.163530432000005	3.9330445056000003	9.6192461736	0.0	1.0
15	0.0	-80.856113632	-41.042122072	9.370716095999999	15.7832005464	0.0	1.0
15	13.0	15.440806303999983	3.4356879199999972	21.6937359744	4.544870148	0.0	1.0
15	0.0	17.12822518400003	93.368031176	10.9246787328	6.656559134400001	0.0	1.0
15	0.0	102.66069967999998	-42.718659424	8.1447633792	8.447439672	0.0	1.0
15	0.0	-96.333891808	59.85759483200001	9.8169883392	10.147203612	0.0	1.0
15	0.0	-111.02015612800001	64.955579528	6.9365428607999995	6.9384555072	0.0	1.0
15	0.0	-68.600519008	-16.088119432	4.5131662464	8.007039432	0.0	1.0
16	0.0	85.662099488	38.58103474400001	6.1382721791999995	7.995737836799999	0.0	1.0
16	0.0	81.32200092800002	16.750455176	5.7811614335999995	6.740013974400001	0.0	1.0
16	0.0	71.2468232	64.14013524799999	8.8309923072	17.294034794399998	0.0	1.0
16	0.0	93.28444227199999	-16.749926368	3.8555018880000005	9.2975931216	0.0	1.0
16	0.0	60.837379232	58.427400080000005	6.9912052224	7.8762465936	0.0	1.0
16	0.0	-68.82431651199998	-9.262720096	5.035980096	19.9066740264	0.0	1.0
16	3.0	68.74107766400002	-24.877020112000004	6.175774348800001	14.2748799984	0.0	1.0
16	3.0	-10.87005808000001	-87.5346726688	12.891629990399998	9.734152428	0.0	1.0
16	0.0	90.08549648000002	-17.449941543999998	4.760702016	13.398222096	0.0	1.0
16	0.0	72.82198582400001	-44.864755936	5.150667379200001	7.638671779199999	0.0	1.0
16	0.0	17.919739039999996	93.19126779200002	10.6752839424	7.2991614024	0.0	1.0
16	13.0	15.290297120000007	3.4652490319999814	21.747468825600002	4.4219200536	0.0	1.0
16	0.0	93.18648617600002	25.900725367999996	5.100688320000001	10.3349669472	0.0	1.0
16	0.0	82.66371344	-8.09012932	5.417043609599999	15.717019852800002	0.0	1.0
16	0.0	-80.856471136	-41.06283496000001	9.3764719104	15.703305105599998	0.0	1.0
16	0.0	-96.313871584	59.87187264799999	9.879515788800001	10.225329408	0.0	1.0
16	0.0	47.34553577600002	75.326703536	7.2618	6.6053399831999995	0.0	1.0
16	0.0	102.78046352000003	-42.800103304	8.2117596288	8.4128712696	0.0	1.0
16	0.0	-110.999063392	64.942106096	6.953560051200001	6.9080296824	0.0	1.0
16	0.0	-68.809301344	-15.253168840000003	5.060826624	7.872104016000001	0.0	1.0
16	0.0	52.18971497599999	-57.31541368	9.9769356288	11.181520778400001	0.0	1.0
17	0.0	69.26660854400002	-47.01165683200001	4.0828386816	7.9775989776000005	0.0	1.0
17	0.0	72.65967900800003	-46.19178844	4.555887974400001	7.7496968808	0.0	1.0
17	0.0	-68.91869756800001	-8.605136175999997	5.0094890496	18.6004951776	0.0	1.0
17	0.0	85.49157008000002	38.03485800799999	7.2210802944	7.0211260728000005	0.0	1.0
17	0.0	61.303564448	58.042100143999996	6.861788774400002	7.715792095199999	0.0	1.0
17	0.0	102.83516163200002	-42.817598656	8.2123316352	8.273692728	0.0	1.0
17	0.0	-80.877921376	-40.955449695999995	9.3569879424	15.830015695200002	0.0	1.0
17	0.0	84.47447119999998	-42.633796912	6.261611059200001	8.9807060448	0.0	1.0
17	13.0	15.44509635199999	3.445742719999992	21.659594342400002	4.6969590528000005	0.0	1.0
17	0.0	69.759249056	-27.814228287999992	3.8560738944	10.1123938944	0.0	1.0
17	0.0	93.23903926400001	25.064166007999997	4.940919782400001	8.6040130176	0.0	1.0
17	0.0	84.95102403200002	41.09654460800001	8.4303375744	13.434399266400002	0.0	1.0
17	0.0	52.834294688000014	-56.786129008	6.0864340992	7.3147262328	0.0	1.0
17	0.0	82.850330528	-10.763499544000004	5.0091315456	11.2743265824	0.0	1.0
17	0.0	18.763805984000008	93.04607648	11.2109321856	7.1944909344	0.0	1.0
17	0.0	-110.948297824	64.942307192	7.0901265792	6.895823155200001	0.0	1.0
17	0.0	-96.20948041599999	59.84331701600001	10.044682636800001	10.212579921600001	0.0	1.0
17	0.0	-68.79464367999998	-14.070523263999995	5.4693821952	8.3715661512	0.0	1.0
18	0.0	93.35987561600002	24.819432176000003	4.9979416704	9.6337854144	0.0	1.0
18	1.0	-13.139850976000005	-87.196368868	12.9510471552	9.4000917528	0.0	1.0
18	0.0	102.89200476800004	-42.85962772	8.4705925248	8.3322317736	0.0	1.0
18	0.0	-69.45781360000001	-8.121299199999997	4.2791798784	18.5445904896	0.0	1.0
18	0.0	84.00578345599999	-42.82021290400001	4.8549400704000005	8.1346549536	0.0	1.0
18	0.0	74.04321948800002	57.30608878399999	6.656545728	9.0431262432	0.0	1.0
18	0.0	85.37395126400001	41.18804328800001	8.4686620032	13.8702547368	0.0	1.0
18	0.0	62.15835651200003	57.42151788800001	6.679676236800001	7.199819978399999	0.0	1.0
18	0.0	-110.962955488	64.89303867199999	7.1489359872	7.027440487200001	0.0	1.0
18	0.0	-80.86040367999999	-40.98621738400001	9.3973143936	15.8206044024	0.0	1.0
18	0.0	48.73515382400004	74.54242913600001	7.554953279999999	7.4245246488	0.0	1.0
18	0.0	69.043883552	-27.255784696	3.8468502912000004	13.055574621599998	0.0	1.0
18	0.0	50.283503648000014	-59.612332192	10.2778467456	10.8718329384	0.0	1.0
18	0.0	19.54209219200001	93.050299496	11.0253161088	7.1532461448	0.0	1.0
18	0.0	-96.202330336	59.82461508800002	10.1283028224	10.2318851376	0.0	1.0
18	0.0	82.808860064	-10.956149511999998	4.2210139776	10.6389235512	0.0	1.0
18	13.0	15.42078608000002	3.4123607839999806	21.6775767936	4.6320251544	0.0	1.0
18	0.0	-69.51322672	-13.147492623999996	4.2118618752	8.3997195912	0.0	1.0
19	3.0	71.48063081599999	-47.76556573600001	5.1847732608	7.9313670072	0.0	1.0
19	0.0	89.56532816000002	-21.956905096000003	4.4370178944	8.8082461152	0.0	1.0
19	0.0	111.374144672	-84.9131852128	4.4512108032	7.1267215824	0.0	1.0
19	3.0	82.17393296000003	-44.526311368	8.1373630464	10.1441268432	0.0	1.0
19	0.0	82.75308944	-11.794518735999999	3.9639328512	10.421056144800001	0.0	1.0
19	0.0	68.48510480000002	-29.642794215999995	4.3040621568	10.548711885600001	0.0	1.0
19	0.0	86.10111440000001	40.64186655200002	8.736504	14.4346909896	0.0	1.0
19	0.0	12.364841888000047	-92.0388007672	5.634155788800001	5.5122223464	0.0	1.0
19	0.0	102.85518185599999	-42.811967968000005	8.4536110848	8.203550443200001	0.0	1.0
19	0.0	81.90473244800002	13.046467951999999	5.3628817536	9.7311560976	0.0	1.0
19	0.0	87.11964329600002	36.94733083999999	6.5048567808	6.8430153456	0.0	1.0
19	0.0	48.60430735999999	74.60899191200001	9.5645190144	8.5209000408	0.0	1.0
19	0.0	74.801842976	56.346257576000006	6.2061621888000005	8.943463065600001	0.0	1.0
19	13.0	15.432583711999998	3.433073672000014	21.6787565568	4.691670228	0.0	1.0
19	0.0	-80.886143968	-41.030860696000005	9.326993356800001	15.793114579200001	0.0	1.0
19	0.0	-95.987827936	59.810739464	10.6308819456	10.175155956000001	0.0	1.0
19	0.0	-110.81566384	64.915159232	7.439908492800001	6.9721390872	0.0	1.0
19	0.0	20.471245088000018	92.72854589599999	11.1906617088	7.047771292800001	0.0	1.0
19	0.0	-70.110973408	-6.59095864	3.7405643520000003	17.7553289088	0.0	1.0
19	0.0	49.11267804800001	-60.433206064000004	10.3580348928	10.866825648	0.0	1.0
20	0.0	93.82069827200002	21.164110184000002	5.5668377856	10.040803718400001	0.0	1.0
20	0.0	88.82886992	-20.822321464	4.5779817216000005	12.178192773600001	0.0	1.0
20	0.0	63.181890463999984	55.975436552	6.763689676799999	6.0924446352	0.0	1.0
20	0.0	80.65346844800003	-13.600561911999998	4.2170456832	11.8620296424	0.0	1.0
20	3.0	54.08341366400002	-74.72228344	9.904648320000002	8.256760444800001	0.0	1.0
20	13.0	15.40398339199998	3.4101487279999985	21.712862438400002	4.676085288	0.0	1.0
20	0.0	67.752936608	-31.220794527999995	5.1068373888	9.720317023200002	0.0	1.0
20	0.0	61.87664336000003	59.73713832800001	9.3210945408	13.7036265912	0.0	1.0
20	3.0	70.37272592000002	-48.669894448	6.077854003200001	8.988790104000001	0.0	1.0
20	0.0	86.02460854400003	40.304226368	9.344260799999999	15.072446844	0.0	1.0
20	0.0	102.846959264	-42.813978928000004	8.5132070016	8.2311408144	0.0	1.0
20	0.0	-70.12134102399999	-7.5441536799999955	4.4063440512000005	14.4584806464	0.0	1.0
20	3.0	82.226128544	-45.49137107200001	7.688874278400001	10.871450856000001	0.0	1.0
20	0.0	-80.88364144	-40.949617912	9.3524118912	15.815597111999999	0.0	1.0
20	0.0	81.85468188800002	-13.384383711999998	5.2942052352	11.7282806928	0.0	1.0
20	0.0	49.28892751999999	74.561131064	10.1294110848	9.8984076408	0.0	1.0
20	0.0	82.07025679999998	12.276672463999983	5.5669092864000005	11.2622004936	0.0	1.0
20	0.0	-110.873221984	64.97669460800002	7.2677703168	7.015435055999999	0.0	1.0
20	0.0	-95.88343676800001	59.794048495999995	10.8620797824	10.1736276264	0.0	1.0
20	0.0	48.396240031999994	-60.963094024	10.9521707904	11.4154356456	0.0	1.0
20	0.0	21.05969667200001	92.686919024	11.2367797248	7.0233381288	0.0	1.0
21	0.0	80.151890336	-15.057703528000005	3.48404450688	10.9845271368	0.0	1.0
21	0.0	0.7295167039999965	-90.2281323832	5.0735537664	8.8648747488	0.0	1.0
21	0.0	91.6692392	-20.519269791999996	4.6125523584	10.394008732800001	0.0	1.0
21	0.0	81.42245955199999	-15.097721632000006	5.2418308992	11.35388016	0.0	1.0
21	0.0	83.39445161600003	-45.590310304	4.5243561216	9.4934204064	0.0	1.0
21	0.0	50.223442976	74.31217421599999	9.2771215488	10.6420405392	0.0	1.0
21	0.0	94.17534224	20.68610499200001	4.8237299712	9.5837125104	0.0	1.0
21	0.0	70.47354204800001	-49.721224336000006	4.8628051584000005	7.549425374400001	0.0	1.0
21	0.0	50.935590944000005	72.877957544	7.959790809600001	7.691379040799999	0.0	1.0
21	0.0	82.14426012800001	11.384811704	5.655534528	10.310272358399999	0.0	1.0
21	0.0	111.36413456	-84.9927991192	4.3546847232	7.2011271024	0.0	1.0
21	0.0	67.456565792	-31.03236757600001	4.9184327808	11.1834311904	0.0	1.0
21	3.0	53.44491152000001	-75.13231818400001	10.278311500800001	8.1494355096	0.0	1.0
21	0.0	82.33838479999999	-14.277853240000002	4.0368994176	10.319080363200001	0.0	1.0
21	13.0	15.422931103999982	3.4322692879999916	21.6821528448	4.7069133048000005	0.0	1.0
21	0.0	102.84660176000001	-42.781602471999996	8.421185472	8.1230114952	0.0	1.0
21	0.0	-80.88864649599999	-40.947405856	9.3453690624	15.7573396008	0.0	1.0
21	0.0	-95.81586851200001	59.79445068799999	10.9058740224	10.2347407008	0.0	1.0
21	0.0	-110.85963683199998	64.894446344	7.1607693696000005	6.8786495568	0.0	1.0
21	0.0	22.051770272000002	92.49808988	11.164778419200001	6.855322420800001	0.0	1.0
21	0.0	-70.425219424	-6.190978695999998	4.36244256	14.263598512800002	0.0	1.0
21	0.0	47.66585936	-60.093957112000005	11.0503413888	14.684934852000001	0.0	1.0
22	0.0	79.87124969599999	-15.699199768000005	3.8075606016	11.524107923999999	0.0	1.0
22	13.0	15.424361120000013	3.4650479360000026	21.673143744	4.712785308	0.0	1.0
22	0.0	51.42680144000004	72.980114312	8.742295564800001	8.9789967288	0.0	1.0
22	0.0	43.808748704	-65.227334704	6.595341043200001	8.2279634976	0.0	1.0
22	0.0	94.20537257600002	20.106546320000003	4.9033818624	8.968318531200001	0.0	1.0
22	0.0	-80.899014112	-41.09340155200001	9.3100119168	15.6518245296	0.0	1.0
22	3.0	52.74456118400003	-75.853649536	9.5388859776	6.98959422	0.0	1.0
22	0.0	50.67818806400002	75.425240576	10.1858609664	14.119895311200002	0.0	1.0
22	0.0	82.28046915199998	10.421159672000009	5.6050192128	11.3524925976	0.0	1.0
22	0.0	70.184321312	-50.10129577600001	4.5178137984	7.316656754399999	0.0	1.0
22	0.0	81.99911350400001	-15.429530032000002	4.3106759808	11.524610664	0.0	1.0
22	0.0	-70.60254140800001	-5.345571111999997	4.5504896640000005	13.9232435328	0.0	1.0
22	0.0	-110.79564361599999	64.86669509599999	7.3383773568	6.898618389599999	0.0	1.0
22	0.0	-95.76045539200001	59.809532888	10.990459468800001	10.209583591200001	0.0	1.0
22	0.0	22.79466358399999	92.31549471199999	11.1551615616	7.158454531200001	0.0	1.0
23	0.0	69.367782176	-49.89999868	5.5733801088	8.6365503504	0.0	1.0
23	0.0	51.47649449600002	74.903597552	10.0809692928	13.903636672800001	0.0	1.0
23	0.0	-19.50377968	-77.637371056	6.0802135296	12.078227951999999	0.0	1.0
23	0.0	87.77566313599999	34.04290131199999	6.793076505600001	6.300237132000001	0.0	1.0
23	0.0	7.943589920000004	-92.4706343176	5.325594086400001	5.2227245448	0.0	1.0
23	0.0	111.325881632	-84.8942419696	4.3860735744	7.3571775984	0.0	1.0
23	0.0	66.79446838400001	-33.356434048	4.164206592	11.2918018248	0.0	1.0
23	0.0	82.52750441599999	10.358216623999992	5.975679360000001	10.042754349600001	0.0	1.0
23	3.0	52.60656464	-75.784673608	9.4840091136	7.5668000688	0.0	1.0
23	0.0	94.36303184000002	20.40718483999998	4.865593689600001	9.583551633599999	0.0	1.0
23	0.0	44.908788512000015	-64.41470576799999	10.999468569600001	9.7112475936	0.0	1.0
23	0.0	-70.70800508800001	-4.94800432	4.4705160192	11.5893836856	0.0	1.0
23	0.0	-80.89937161600001	-41.098630048	9.3251700864	15.7605772464	0.0	1.0
23	0.0	91.33568796800002	-21.90844096000001	4.5239628672	9.4930986528	0.0	1.0
23	0.0	52.110706592000014	71.72688404	8.843075942399999	7.563743409600001	0.0	1.0
23	0.0	81.851821856	-16.437222088000002	4.2966975744	11.0487773088	0.0	1.0
23	0.0	-110.888237152	64.87514112800001	7.122301939200001	6.9426785232	0.0	1.0
23	0.0	-95.76224291199999	59.80269562400001	10.965720192	10.234177632	0.0	1.0
23	0.0	23.52325673600001	92.00037728	10.9886361984	7.0411351248	0.0	1.0
24	1.0	-19.92027183999998	-86.0827595488	12.705370406399998	10.460209536	0.0	1.0
24	0.0	51.88941161600001	-76.162935184	10.2274029312	7.3913035896	0.0	1.0
24	0.0	52.371684512	73.727990336	9.4621656192	13.2831147456	0.0	1.0
24	0.0	-10.718118880000006	-97.14659894799999	5.6865658751999995	5.8717819944	0.0	1.0
24	3.0	63.975549343999994	-33.30414908800001	7.934336524800001	14.612761497600001	0.0	1.0
24	0.0	90.362204576	-23.53188896800001	6.2151712896	11.3805454896	0.0	1.0
24	0.0	94.35194921600001	19.290900943999997	4.9346634624	10.7069945472	0.0	1.0
24	0.0	52.976581280000005	70.84387150399999	8.2312435968	7.516445630399999	0.0	1.0
24	0.0	-80.890434016	-41.08575990399999	9.305721868800001	15.816662920799999	0.0	1.0
24	0.0	-71.010810976	-4.816487535999999	4.4468135040000005	9.39269142	0.0	1.0
24	0.0	24.34837596800002	91.96800082399999	11.092884364800002	7.0712794152	0.0	1.0
24	0.0	82.77132214400002	7.969799432000004	5.397273638400001	10.1877646752	0.0	1.0
24	0.0	44.113342111999984	-64.643553016	11.584666867200001	11.092254264	0.0	1.0
24	0.0	-110.839616608	64.79812136	7.230768652799999	7.0607218752000005	0.0	1.0
24	0.0	-95.57955836800001	59.788618904	11.364337152000001	10.2193367472	0.0	1.0
24	0.0	80.85438569600004	-17.700104968	5.9462925312	11.1206892384	0.0	1.0
25	0.0	65.98364931200001	51.81516250400001	6.530346816000001	7.0992317592	0.0	1.0
25	0.0	90.943863584	-23.246533744000004	4.802029478400001	10.6213075416	0.0	1.0
25	0.0	-10.737781600000002	-97.1304308296	5.6254684416	5.904138340799999	0.0	1.0
25	0.0	80.75821712	-48.421540888	5.5591872	8.275361824800001	0.0	1.0
25	0.0	68.49761744000001	-52.16775827199999	4.955434444800001	7.267006152	0.0	1.0
25	0.0	53.880351392	70.04270504000002	7.660917465600001	7.08511482	0.0	1.0
25	0.0	111.359844512	-84.9010993432	4.3694496384	7.3512251568	0.0	1.0
25	0.0	-80.883998944	-41.035485904	9.3831214848	15.673341801600001	0.0	1.0
25	0.0	94.62007721600003	18.772676552000007	4.5681503616	10.4323175208	0.0	1.0
25	0.0	81.52470569600001	-17.970780184000006	3.8161049472	10.1660865264	0.0	1.0
25	0.0	-71.240686048	-3.6879367840000055	4.4749133184	9.2692989144	0.0	1.0
25	0.0	25.088051744	91.84151143999999	11.2572289536	6.8836166279999995	0.0	1.0
25	0.0	88.89000310400002	32.10594464000002	7.3109568	7.0370126568	0.0	1.0
25	0.0	-110.873579488	64.899071552	7.272060364800001	6.993958003200001	0.0	1.0
25	0.0	83.01335235200001	7.3341349759999925	5.641770624	10.725857352	0.0	1.0
25	0.0	-95.626033888	59.808728503999994	11.252116646400001	10.2134044152	0.0	1.0
25	0.0	42.96039171199998	-66.14654452	11.4327634176	10.298427804	0.0	1.0
26	3.0	78.64429596800001	-49.407916768	8.9387440128	10.2331319328	0.0	1.0
26	0.0	79.658534816	-19.493076904	5.5266900864	11.3441672232	0.0	1.0
26	3.0	-22.183987167999994	-85.0532686864	11.681979456	9.322971436800001	0.0	1.0
26	0.0	-22.823919328000006	-76.614797896	5.9184072192	12.166488986400001	0.0	1.0
26	0.0	87.77459062399998	-24.55164678400001	4.6046872704	14.2842912912	0.0	1.0
26	0.0	50.46904822400001	-76.953242464	10.2060956928	7.1810175024000005	0.0	1.0
26	0.0	41.31766083199998	-67.06112912799999	13.128154636800001	10.4881015512	0.0	1.0
26	0.0	94.569311648	17.939938015999996	4.569866380800001	8.271802425599999	0.0	1.0
26	0.0	89.40981391999998	31.54689776	7.7436081408	7.1622351360000005	0.0	1.0
26	0.0	-80.89079152000001	-41.03106179199999	9.371109350400001	15.7911840576	0.0	1.0
26	0.0	54.85168976000002	69.49230528800001	7.515520588800001	7.1365350672	0.0	1.0
26	0.0	80.98701968	-19.209531544000008	4.0609594368	11.3481288144	0.0	1.0
26	0.0	90.83267984000001	-23.836750503999994	3.9460576512000007	9.9649704168	0.0	1.0
26	0.0	83.25323753600003	6.390793639999991	5.4593720832	10.840884264	0.0	1.0
26	0.0	-110.90432483200001	64.85784687200001	7.19834304	7.050546417600001	0.0	1.0
26	0.0	-95.64498160000001	59.780172871999994	11.295875136000001	10.212660360000001	0.0	1.0
26	0.0	-71.309326816	-2.8071363039999992	4.3846793088	8.5678157376	0.0	1.0
26	0.0	26.002546976000012	91.60381596800003	11.3357010816	7.223066676	0.0	1.0
27	0.0	67.66785065600001	-53.67416840800001	11.373989760000002	9.803228904	0.0	1.0
27	3.0	78.14808041599998	-48.641539912	7.8572944128	12.412550052	0.0	1.0
27	3.0	-2.873051104000007	-83.9788529776	6.9303222912	15.6504168576	0.0	1.0
27	0.0	79.498730528	-50.662353616000004	6.615075264	9.1429100784	0.0	1.0
27	0.0	78.99715241599998	-20.379910264000006	4.731922944	11.632337791200001	0.0	1.0
27	0.0	111.30836393599999	-84.8703316552	4.4021970048	7.659907516800001	0.0	1.0
27	3.0	49.98248528000002	-77.34055336	10.681647513600002	7.6978945512	0.0	1.0
27	3.0	67.26458614399999	-52.54782971200001	10.758761126400001	11.1473143488	0.0	1.0
27	0.0	83.20854953599999	5.969095328000008	5.4803933184	10.162507017600001	0.0	1.0
27	0.0	78.081584672	-21.115117239999996	3.53284380288	10.548088488	0.0	1.0
27	0.0	-71.435168224	-1.5579279519999905	4.3883973504	7.7411301912	0.0	1.0
27	0.0	55.50770959999999	68.91495867200001	7.4658275328000006	7.4041134047999995	0.0	1.0
27	0.0	87.70058729600004	-23.766568	5.2880919168	16.604939131200002	0.0	1.0
27	0.0	90.79978947199999	-24.675320823999996	4.1230221312	10.3809576024	0.0	1.0
27	0.0	26.799780896000016	91.48516932800001	11.0375427456	7.0690874688	0.0	1.0
27	0.0	-80.890434016	-41.131006504000005	9.339970752000001	15.816502044	0.0	1.0
27	3.0	-23.248276575999984	-85.0505941096	12.3533004672	9.8628337584	0.0	1.0
27	0.0	63.712426400000005	-39.188016952	5.690391168	8.3797909776	0.0	1.0
27	0.0	80.73140432000004	-20.163329872000006	3.9037291776	10.9618636176	0.0	1.0
27	0.0	39.82508163200001	-68.070429952	11.0331811968	9.770611132800001	0.0	1.0
27	0.0	-110.92935011200001	64.881174008	7.124804467200001	6.961501108799999	0.0	1.0
27	0.0	-95.721487456	59.775748759999985	11.0752594176	10.1193115968	0.0	1.0
28	0.0	79.67927004800002	-21.287657608	4.9812462336	11.40666786	0.0	1.0
28	3.0	76.72878953600004	-42.428678991999995	8.1198811008	13.3260487416	0.0	1.0
28	3.0	49.498782368	-77.88833886399999	10.475939712	7.4164606992	0.0	1.0
28	0.0	-7.351861216000009	-89.0775012904	5.0201426688	10.0372041	0.0	1.0
28	0.0	89.84418128	30.03505803199999	7.4833452288	6.6603598488	0.0	1.0
28	0.0	95.18886608	16.177934864000004	4.2130773888	7.4826011736	0.0	1.0
28	0.0	111.35626947200001	-84.81488948799999	4.349214912	7.5645880128	0.0	1.0
28	0.0	62.96059548800002	-40.27956603999999	6.4110834816	9.890202924	0.0	1.0
28	0.0	27.496198687999986	91.45239068	11.207821900799999	7.001760528	0.0	1.0
28	0.0	39.37176655999998	-68.23834511199999	13.488232665600002	10.898860240800001	0.0	1.0
28	0.0	-80.888288992	-41.025230007999994	9.361957248000001	15.901163460000001	0.0	1.0
28	0.0	56.08293353600002	68.381450984	7.6959528576	7.769062425599999	0.0	1.0
28	0.0	68.22555689600001	49.53754920800001	6.4999232256	8.113580092800001	0.0	1.0
28	0.0	90.55275420800002	-25.499010039999995	3.8432752512000006	9.8281849176	0.0	1.0
28	0.0	-110.88358960000001	64.76735367200001	7.2072091392	7.1309445984	0.0	1.0
28	0.0	-95.66929187199999	59.797266031999996	11.2527601536	10.1367667296	0.0	1.0
28	0.0	87.42673923199999	-25.652044095999997	4.4844944256	15.029553067200002	0.0	1.0
28	0.0	-71.624645344	0.06692772799999061	4.7456510976	9.3856731696	0.0	1.0
29	0.0	90.104086688	29.359777664	6.972400512	6.561098863200001	0.0	1.0
29	0.0	-10.804992351999998	-97.2386405872	5.3566969344	5.6877188256	0.0	1.0
29	0.0	-71.60140758399999	3.1473162559999968	4.7368207488	12.900408947999999	0.0	1.0
29	0.0	62.61202908800001	-41.239598344	5.728393843200001	8.5278378528	0.0	1.0
29	13.0	15.413993503999981	3.428448464000007	21.763413504	4.620381696	0.0	1.0
29	3.0	48.75660406399999	-78.44054848	9.4052509824	6.8810425992	0.0	1.0
29	0.0	80.36746524800002	48.46993054399999	3.5427323635200003	8.5402655856	0.0	1.0
29	0.0	28.255537183999987	90.97177124000002	11.0979609216	6.430848984000001	0.0	1.0
29	3.0	-25.447641184	-84.54833674	12.286482969600002	10.4758749144	0.0	1.0
29	0.0	95.489526944	15.533422183999999	4.136678784	7.5133085328	0.0	1.0
29	0.0	28.005999391999993	94.38839228	11.2463250816	13.202032838400001	0.0	1.0
29	0.0	-80.904734176	-41.049361528	9.3400780032	15.764156755199998	0.0	1.0
29	0.0	77.51386832	-23.415454384	3.2828198054400004	9.299583972	0.0	1.0
29	0.0	87.241909664	-27.042421840000003	4.8589083647999995	12.953055880800001	0.0	1.0
29	0.0	111.30550390400002	-84.78790240480001	4.5000816	7.5511950192	0.0	1.0
29	0.0	80.22053110400003	-21.910653016000005	3.6685987968	10.0098952632	0.0	1.0
29	0.0	90.630332576	-26.287708551999998	3.4862717568000003	9.504339919200001	0.0	1.0
29	0.0	-95.79191574400001	59.787010136	11.015592	10.1088143856	0.0	1.0
29	0.0	56.75253852799999	67.79404956799999	8.132036236800001	8.5897955304	0.0	1.0
29	0.0	-110.87107696	64.83693288799999	7.2393487488	6.9996088008	0.0	1.0
29	0.0	68.71283484799999	48.59078924000002	6.679711987200001	7.2869347656	0.0	1.0
29	0.0	-71.638588	1.2415294639999848	4.6498042752	8.9563131	0.0	1.0
30	0.0	29.227233055999992	90.960308768	11.063318784	6.7904890704000005	0.0	1.0
30	3.0	48.074128928000036	-78.642851056	9.4800408192	7.0357658616	0.0	1.0
30	0.0	80.32706729600001	47.82903759200001	4.1035739136	9.1383451992	0.0	1.0
30	0.0	111.326239136	-84.804432496	4.4440607232	7.3612598471999995	0.0	1.0
30	0.0	67.01540585600003	-56.106625624	13.3444088064	7.3370679984	0.0	1.0
30	3.0	-26.421482079999986	-84.8261106448	11.9745607296	10.1565143568	0.0	1.0
30	0.0	90.42155023999999	28.380239047999982	6.203516659200001	6.613946892	0.0	1.0
30	0.0	79.19806966400004	-23.272475128000004	4.6610299008	11.0537644896	0.0	1.0
30	0.0	-0.3022398399999995	-92.6443812616	5.3650982784	5.3033439312	0.0	1.0
30	0.0	-80.900801632	-41.169013648	9.3191997696	15.7948641144	0.0	1.0
30	0.0	-95.70075222399998	59.798673704	11.227234368	10.159269372	0.0	1.0
30	0.0	57.634858399999985	66.47124007999999	7.746468172799999	7.459756668	0.0	1.0
30	0.0	83.32295081600002	3.2645552239999955	5.4553680384	11.918457179999999	0.0	1.0
30	0.0	-110.78563350399999	64.86910824799999	7.2505743744	6.9109455743999995	0.0	1.0
30	0.0	-71.63286793600001	2.359422128000014	4.557675494400001	8.894375532	0.0	1.0
31	0.0	111.272613536	-84.71711661280001	4.6626029184	7.794782604	0.0	1.0
31	0.0	89.671149344	-27.63666052	4.1056116864000005	9.528230124	0.0	1.0
31	0.0	64.62906665600002	-56.239348984	5.093681241600001	7.959801981600001	0.0	1.0
31	0.0	30.292952479999993	90.31036649600001	11.2585874688	6.699191486399999	0.0	1.0
31	0.0	95.203523744	13.573540568000006	4.7742156672	10.185532509600002	0.0	1.0
31	0.0	-80.895796576	-41.138447056000004	9.330103641600001	15.880510900800001	0.0	1.0
31	0.0	90.44407299199999	27.555343256000004	6.697050931200001	7.543915343999999	0.0	1.0
31	0.0	-95.931342304	59.816370152000005	10.6768927104	10.1226497904	0.0	1.0
31	0.0	83.24644496000003	2.496770696000003	5.8538062464000005	11.528109734400001	0.0	1.0
31	0.0	-110.861424352	64.879163048	7.230697152	7.131427228800001	0.0	1.0
31	0.0	79.489792928	-24.146639439999998	3.8262580608000003	10.7962208424	0.0	1.0
31	0.0	-71.697933664	3.665138456000008	4.4961848064000005	8.9651412144	0.0	1.0
32	0.0	77.82489679999999	-25.577236384000006	6.3246747648	11.847168648	0.0	1.0
32	0.0	80.941259168	46.387380367999995	4.2655232256	8.882510868	0.0	1.0
32	0.0	86.44932329599999	-27.285144711999994	4.802351232	16.8328613376	0.0	1.0
32	0.0	-30.181709151999993	-86.0603373448	8.222985254400001	6.2713396368000005	0.0	1.0
32	13.0	15.26276931199999	3.45740628799999	21.757371686400003	4.4193661344	0.0	1.0
32	0.0	-80.898656608	-41.139050344	9.3727538688	15.772602787199999	0.0	1.0
32	0.0	83.343686048	1.3802857039999974	5.5110671616	11.993465987999999	0.0	1.0
32	0.0	-2.229186399999996	-92.5623340936	5.1251058432	5.3434826928	0.0	1.0
32	0.0	35.388456992000016	-71.864910376	9.201294950400001	8.4243739608	0.0	1.0
32	0.0	59.79918761600002	-44.722983256	7.1864739072	9.5220564768	0.0	1.0
32	0.0	33.66707523199999	-71.93770712800001	12.4572983808	8.7702590808	0.0	1.0
32	0.0	89.51563510400004	-28.248997839999994	3.6812544384	9.846766188	0.0	1.0
32	0.0	82.92183132800001	2.680572440000004	4.635575616000001	9.1165665024	0.0	1.0
32	0.0	30.932169632000008	90.24440700800001	11.1538030464	7.1126850816000005	0.0	1.0
32	0.0	95.45520656	13.234894904000008	4.7688173568	10.5150283056	0.0	1.0
32	0.0	-95.859484	59.819386591999994	10.854536448000001	10.08798084	0.0	1.0
32	0.0	-71.79767727999999	4.760709464000001	4.239067929600001	8.8222625064	0.0	1.0
32	0.0	69.437495456	47.47028232800001	7.807386854400001	10.953839887200001	0.0	1.0
32	0.0	-110.950442848	64.97448255200001	7.1261629824	6.984204847200001	0.0	1.0
32	0.0	59.19822339199999	65.101575224	7.428504115200001	7.673179852799999	0.0	1.0
33	0.0	82.45278608000002	2.000264672000005	4.0631402112	8.525907331199999	0.0	1.0
33	0.0	31.79661430400001	89.995249064	11.509662528	6.5801024352	0.0	1.0
33	0.0	59.843160608000005	-44.899746640000004	5.903356300800001	9.2259627264	0.0	1.0
33	0.0	82.811362592	0.5260298959999921	4.9959038976	11.7889312464	0.0	1.0
33	13.0	15.440806303999983	3.451775600000002	21.6803653248	4.5355996224	0.0	1.0
33	0.0	-95.996765536	59.795657264	10.6233028608	10.100147148000001	0.0	1.0
33	0.0	91.297077536	25.80661243999999	6.0124665216	6.8959639224	0.0	1.0
33	0.0	-71.99823702400002	6.513663296	3.7632301056000004	8.4816662112	0.0	1.0
33	0.0	59.85352822399999	64.51296723200001	6.991705728000001	7.6748087304	0.0	1.0
33	0.0	-110.883232096	64.86126550399999	7.204670860799999	6.9167572488	0.0	1.0
33	0.0	89.182083872	-29.033272239999995	4.1573067647999995	10.163331511200001	0.0	1.0
33	0.0	95.90530409600001	13.264456015999992	4.9609757568	9.5247310536	0.0	1.0
33	0.0	69.56941443199999	47.47148890400001	7.746432422399999	11.847068100000001	0.0	1.0
33	0.0	78.83413059200001	-25.426213288000003	3.5415061248	10.299835476	0.0	1.0
34	0.0	32.50053967999999	-73.2512662	13.5061078656	8.7436339704	0.0	1.0
34	0.0	111.420262688	-84.7698238744	4.36869888	7.5156010272	0.0	1.0
34	0.0	-80.88721647999999	-41.182487079999994	9.35945472	15.776745364800002	0.0	1.0
34	13.0	15.388253215999983	3.4789235600000037	21.7833622272	4.4573330592	0.0	1.0
34	1.0	-30.931752544000005	-81.9726187336	12.2192364672	11.2240324728	0.0	1.0
34	0.0	62.41897692799999	-58.495042816	6.3320393472	7.4105886960000005	0.0	1.0
34	0.0	59.49066166400001	-45.12316429599999	5.4398881152	8.5501595088	0.0	1.0
34	0.0	96.08727363199998	10.990261351999997	4.5089476992	7.8860399688000005	0.0	1.0
34	0.0	83.55068086399999	-0.23511846399998973	5.667689664	11.777710089600001	0.0	1.0
34	0.0	92.40283740800001	17.11142249600001	5.858668300800001	11.786437656	0.0	1.0
34	0.0	-4.665933663999999	-92.37642084160001	5.030438784	5.50852218	0.0	1.0
34	0.0	88.94577372800002	-29.983651935999994	3.9845965824	9.7712345304	0.0	1.0
34	0.0	-110.88001455999999	64.878961952	7.2468563328	6.9402653712	0.0	1.0
34	0.0	60.252502688	64.120830032	7.543513152	7.813926943200001	0.0	1.0
34	0.0	69.88437545600001	47.15637147200001	8.5094532096	12.5255458944	0.0	1.0
34	0.0	-96.11045180800002	59.81958768799999	10.4774412288	10.094958871200001	0.0	1.0
34	0.0	91.39145859199998	25.052904632	6.0176503295999995	6.7038166944	0.0	1.0
34	0.0	32.35396304	89.86916187199999	11.0808722304	7.0964365248000005	0.0	1.0
34	0.0	78.42943606400001	-26.89159984	3.5825833343999998	10.473682968	0.0	1.0
34	0.0	-71.95319152	7.8783007519999835	3.7126075392	9.2645731584	0.0	1.0
35	0.0	59.039849120000014	-46.035134656	5.28301536	8.3046816216	0.0	1.0
35	0.0	33.158347040000024	93.29623990400002	11.6907740544	14.260742949599999	0.0	1.0
35	0.0	85.55020073600004	-30.746207968	5.0807753472	13.443689901599999	0.0	1.0
35	0.0	95.95606966400004	12.182961728	4.5217820928000005	11.244182292	0.0	1.0
35	0.0	60.51598313600002	66.251241056	8.6766935808	14.743634774400002	0.0	1.0
35	0.0	-14.896625632000008	-87.5606140528	5.2994962944	10.337601304800002	0.0	1.0
35	13.0	15.424361120000013	3.476108215999999	21.7055336064	4.4631045143999994	0.0	1.0
35	0.0	85.53983312	-32.428376008	4.705467648	10.4767597368	0.0	1.0
35	0.0	83.44378716800001	-0.187860903999998	6.0628745855999995	9.639235116	0.0	1.0
35	0.0	33.298488608000014	89.360590088	11.366553676799999	6.317631936	0.0	1.0
35	0.0	92.20227766400002	16.974878312	5.353443648	11.3494359384	0.0	1.0
35	0.0	60.960003104000016	63.19518514400001	7.6278483456	8.5326641568	0.0	1.0
35	0.0	30.555717919999992	-73.81534047999999	11.9050262016	8.9779510296	0.0	1.0
35	0.0	95.91102416000001	10.247412728000004	4.7141549952	7.798905071999999	0.0	1.0
35	0.0	78.50057935999999	50.566959632	6.3611044223999995	16.9548863904	0.0	1.0
35	0.0	91.93915471999999	24.637239199999986	7.1189414016	6.417073908000001	0.0	1.0
35	0.0	-72.04685756800001	8.99498684000001	3.7376328192	9.767353377600001	0.0	1.0
35	0.0	-96.16085987200002	59.80350000800001	10.3587856512	10.161521647199999	0.0	1.0
35	0.0	-32.184804063999984	-84.64313339440001	10.0554435072	6.1076072736	0.0	1.0
35	0.0	-110.98547824	64.918376768	6.9681819648	6.805148968799999	0.0	1.0
35	0.0	70.24402448000002	46.82054115200002	8.7466571136	13.145444423999999	0.0	1.0
35	0.0	88.808849696	-30.465477952	3.38351080704	9.256609756800001	0.0	1.0
35	0.0	77.637922208	-27.639676959999996	4.5360465024000005	12.2235399216	0.0	1.0
36	0.0	57.84650076800002	-47.568089463999996	6.583257408000001	8.6341975272	0.0	1.0
36	13.0	15.416496032000014	3.4767115040000003	21.6578425728	4.4555634144	0.0	1.0
36	3.0	44.017531040000016	-80.7618197176	9.444254668800001	6.8311104624	0.0	1.0
36	0.0	92.188335008	16.544331776000003	5.732469388799999	11.0172052368	0.0	1.0
36	0.0	-80.897226592	-41.15131720000001	9.3384334848	15.832368518400003	0.0	1.0
36	0.0	82.63153807999998	43.82099321599999	4.001077516800001	7.8123583944	0.0	1.0
36	0.0	88.39629008000004	-31.453261504	3.9205676160000005	10.90091142	0.0	1.0
36	0.0	-72.045427552	10.164360079999996	3.6016025472	9.2305276056	0.0	1.0
36	0.0	92.00422044800003	23.807316007999997	6.951701030400001	6.740235180000001	0.0	1.0
36	0.0	61.448711072000016	62.414932664	7.888325760000001	8.761953816	0.0	1.0
36	0.0	33.96702108800002	89.137976816	11.207035392000002	6.7704196896	0.0	1.0
36	0.0	70.23937692799998	46.780321951999994	9.003130483200001	15.2280147096	0.0	1.0
36	0.0	-96.086856544	59.818180016000014	10.4611390464	10.1385765936	0.0	1.0
36	0.0	-110.908972384	64.80696958400002	7.000464576	7.0027458984	0.0	1.0
36	0.0	28.53188777599998	-74.52742141600001	13.461205363200001	8.8211363688	0.0	1.0
36	0.0	77.50278569599999	-28.12250845599999	4.0323233664	12.6212474808	0.0	1.0
37	0.0	-80.89794160000001	-41.158757752	9.3579889536	15.7379137272	0.0	1.0
37	0.0	61.34431990399999	62.164367047999995	8.039156697600001	9.3720187512	0.0	1.0
37	0.0	83.01370985599999	43.18432328	4.1678531328	7.8257111688	0.0	1.0
37	0.0	27.58557468799999	-75.161477104	14.046296409600002	8.829582400800001	0.0	1.0
37	0.0	61.26280899199998	64.867097288	8.5332987264	14.652759492	0.0	1.0
37	13.0	15.38503568000002	3.5058704240000047	21.7352064384	4.4204118336	0.0	1.0
37	0.0	96.27961078399998	9.359171696000006	4.2035677823999995	6.8772217752	0.0	1.0
37	0.0	91.94952233599999	22.785145040000018	5.9605569408	6.5540806128	0.0	1.0
37	0.0	-96.273116128	59.81958768799999	10.119508224	10.140587553600001	0.0	1.0
37	0.0	34.24730422399999	92.82205553600001	11.8030660608	14.651291491199999	0.0	1.0
37	0.0	-110.92434505599999	64.896859496	7.042757299200001	6.937228821600001	0.0	1.0
37	0.0	88.233983264	-31.962436575999998	3.8797764096	9.404978385600002	0.0	1.0
37	0.0	77.14742671999998	-29.200383016	3.8675855232	11.5674843312	0.0	1.0
37	0.0	-72.06616278400001	12.385063208000009	3.7552577664000006	10.975417488	0.0	1.0
37	0.0	70.73630748800002	46.75357618399999	9.881088806400001	18.417336940800002	0.0	1.0
38	0.0	57.01637647999999	-49.4616094	5.2033992192	8.085667968000001	0.0	1.0
38	0.0	79.91629519999998	47.84854390399998	6.211560499199999	15.2730602136	0.0	1.0
38	0.0	83.34833360000003	-5.056193967999995	5.0950040064	10.6137664416	0.0	1.0
38	0.0	60.475585184000025	-61.000900072	5.4463589376	7.051592116800001	0.0	1.0
38	3.0	42.874233248000024	-81.41835793839999	9.3159107328	6.602363762399999	0.0	1.0
38	0.0	96.39544208	7.5308068639999926	4.4044850304	9.715048308	0.0	1.0
38	0.0	72.99394524799999	40.185780824	5.774762112	7.2398380824	0.0	1.0
38	13.0	15.341420192000019	3.526382216000017	21.7847207424	4.3768946592	0.0	1.0
38	0.0	83.29220547199999	42.53277224000001	4.422646233600001	7.7543220887999995	0.0	1.0
38	0.0	25.724051360000015	-76.136591608	12.673445299199999	7.943030575199999	0.0	1.0
38	0.0	35.71378563200002	88.61975242400001	11.0006125824	7.185280737599999	0.0	1.0
38	0.0	-80.89794160000001	-41.085961000000005	9.3474425856	15.7602353832	0.0	1.0
38	0.0	63.75568438400002	60.28854356000001	5.9151539328	7.279192569600001	0.0	1.0
38	0.0	76.94543696000001	-30.316465816000004	3.7323060096000003	10.5076480824	0.0	1.0
38	0.0	92.20942774400001	22.354196312	6.433105727999999	7.100599212	0.0	1.0
38	0.0	-110.78885104	65.001831608	7.246999334400001	6.6638187	0.0	1.0
38	0.0	-71.99609200000002	13.049484392000004	3.7860031104000003	9.5136305544	0.0	1.0
38	0.0	87.88327183999998	-32.625852280000004	3.8164982016	9.6782075208	0.0	1.0
38	0.0	-96.24701833600001	59.840300576000004	10.1154326784	10.078529328	0.0	1.0
39	0.0	56.04861315200001	-50.657728408	4.4871757056	6.806154448800001	0.0	1.0
39	0.0	111.359844512	-84.7517252344	4.4741268095999995	7.4095429968	0.0	1.0
39	0.0	59.952556832000006	-61.283842144000005	5.4193316352	7.8035302799999995	0.0	1.0
39	13.0	15.34356521599998	3.53583372799999	21.777534912	4.39696404	0.0	1.0
39	0.0	103.344604832	-45.539835208	6.264757094400001	3.2065561583999997	0.0	1.0
39	0.0	-35.959331295999995	-82.2104348632	10.8112069632	6.6992518152	0.0	1.0
39	0.0	64.14822377600002	59.599990856	6.3478767744	7.850667182400001	0.0	1.0
39	0.0	83.63076176000001	-5.9607237759999965	5.5594732032000005	10.7021079144	0.0	1.0
39	0.0	96.552028832	7.454591479999997	4.34188608	10.594340568000002	0.0	1.0
39	0.0	92.30774134400001	21.657197575999994	6.420271334400001	7.169977331999999	0.0	1.0
39	0.0	-80.890434016	-41.075101816	9.3448328064	15.6445448544	0.0	1.0
39	0.0	-71.741191648	14.08874851999999	3.565744896	9.1502098632	0.0	1.0
39	0.0	73.41258243200001	40.12947394399999	6.0555457536	7.9718074128000005	0.0	1.0
39	0.0	25.531714208000015	-76.128748864	12.149451686400003	9.0607422528	0.0	1.0
39	0.0	87.60584873599998	-33.27237592	3.7975504896000003	9.602092684799999	0.0	1.0
39	0.0	36.510304544000014	88.339223504	10.7207942016	7.6016701152	0.0	1.0
39	0.0	-110.808871264	64.993988864	7.2730256256	6.7483393488	0.0	1.0
39	0.0	76.33768015999999	-31.678891215999997	3.9985749887999997	10.2009766824	0.0	1.0
39	0.0	42.34727235200003	-81.50993705680001	10.048650931200001	6.8957024976	0.0	1.0
39	0.0	-95.95243504000001	59.839094	10.6916576256	10.1904995808	0.0	1.0
40	0.0	41.745593119999995	-81.83977471600001	10.0269504384	6.702429132000001	0.0	1.0
40	0.0	55.11981775999998	-51.065953288	5.919908736000001	7.4267970336	0.0	1.0
40	0.0	103.31636201600001	-45.603381543999994	6.361247424	3.2580367344	0.0	1.0
40	0.0	73.85767491200001	39.01399443200001	5.992124544	6.6871257264000015	0.0	1.0
40	0.0	23.612990240000002	-76.78512620800001	13.916093452799998	8.9235947808	0.0	1.0
40	0.0	92.60053712000001	20.793892447999994	6.579146112	6.7674032496	0.0	1.0
40	0.0	37.17990953600002	88.075385552	10.9139893632	7.3529545824	0.0	1.0
40	0.0	96.461222816	7.256914111999994	4.5546367104000005	10.4264857368	0.0	1.0
40	0.0	-80.906164192	-41.13382184800001	9.352483392	15.620614430399998	0.0	1.0
40	0.0	83.455227296	-6.7180513120000045	5.6595028224	11.0902634136	0.0	1.0
40	0.0	85.69141481599998	-34.79869456	6.6380627711999995	11.5068941064	0.0	1.0
40	0.0	-110.96402800000001	64.997005304	7.0391107584000014	6.705244476	0.0	1.0
40	0.0	75.41424732800002	-32.54762593599999	4.7263458816	11.046404376	0.0	1.0
40	0.0	-71.660753248	15.368724560000008	3.49165934208	9.250235013600001	0.0	1.0
40	0.0	-95.698249696	59.78761342400001	11.1304937856	10.1753168328	0.0	1.0
41	0.0	-37.71360342399999	-81.4916976496	10.4168085504	6.5347753968	0.0	1.0
41	0.0	83.49169270400002	-33.18851888799999	5.3520851328	16.7831302968	0.0	1.0
41	0.0	96.11480144000004	6.15329926400001	5.5536101376	11.028707928000001	0.0	1.0
41	0.0	-12.594657376000004	-91.7697745384	5.4855056256	5.9608675224	0.0	1.0
41	0.0	53.25150185600001	-52.175802112	8.4935442816	8.2771314696	0.0	1.0
41	0.0	38.00073872000002	87.79405224800001	10.5566641152	7.628858294400001	0.0	1.0
41	0.0	74.376055712	37.674091784000005	6.1942215551999995	7.6503755664	0.0	1.0
41	0.0	93.215086496	20.388885103999996	6.842662310400001	9.8576052624	0.0	1.0
41	0.0	-80.910096736	-41.081737984	9.3566661888	15.727758379199997	0.0	1.0
41	0.0	75.089276192	-32.497553032	4.6199884416	12.6316039248	0.0	1.0
41	0.0	83.39623913599999	-7.402179903999999	5.743230259200001	12.1680575352	0.0	1.0
41	0.0	22.74211049599999	-77.841885688	12.889806720000001	7.8490584144	0.0	1.0
41	0.0	41.083495711999994	-82.1371353712	10.017512332799999	6.6766687344	0.0	1.0
41	0.0	84.83054518400002	38.93234945599998	3.8730910848	9.1766740968	0.0	1.0
41	0.0	65.39770025600001	58.174823504	6.8301139200000005	7.6860097776	0.0	1.0
41	0.0	86.87689808000002	-34.921966408	4.0376144256	10.5153701688	0.0	1.0
41	0.0	-71.580672352	16.92641417600001	3.6124706688	10.340979717600002	0.0	1.0
41	0.0	-110.87822704	64.87192359200002	7.235094451200001	6.9897953159999995	0.0	1.0
41	0.0	-95.82409110400002	59.82381070400002	10.9419104256	10.1770864776	0.0	1.0
42	0.0	83.066262944	-7.451850616000005	5.2565958144	10.927858284000001	0.0	1.0
42	0.0	-71.44732336	17.462737208000007	3.50366075136	8.5348359936	0.0	1.0
42	0.0	71.79523433600002	-35.768781664	4.2057128064	8.863105103999999	0.0	1.0
42	0.0	52.42781263999999	-52.90216086400001	8.7247778688	8.270776836	0.0	1.0
42	0.0	96.403307168	5.805805375999998	4.2945168	8.3666594088	0.0	1.0
42	0.0	21.51479926400001	-78.345430072	13.324531583999999	7.8862008455999995	0.0	1.0
42	0.0	40.37456527999999	-82.373584048	9.809731008	6.2609027544	0.0	1.0
42	0.0	65.533194272	57.610347032	6.313234636800001	7.958575296	0.0	1.0
42	0.0	74.595920672	37.239523328	5.804148940800001	8.4657595176	0.0	1.0
42	0.0	93.413143712	18.950646512	5.786631244800001	7.4047166928	0.0	1.0
42	0.0	-80.897226592	-40.994663415999995	9.3740408832	15.80162094	0.0	1.0
42	0.0	86.38819011200002	-35.510172208	4.2696345216000005	10.4355551664	0.0	1.0
42	0.0	38.623153183999996	87.172866704	10.857038976	6.9671519064	0.0	1.0
42	0.0	-110.92899260799999	64.92259978399998	7.153476287999999	6.9716966760000005	0.0	1.0
42	0.0	85.31710812800002	38.34716009600001	4.3397053056	8.858399457600001	0.0	1.0
42	0.0	-95.869851616	59.78942328800001	10.92085344	10.130894726400001	0.0	1.0
43	0.0	55.568842784000005	-64.427575912	8.2433629824	7.302620253600001	0.0	1.0
43	0.0	74.97809244800001	35.932198232	6.299256230399999	9.2624214312	0.0	1.0
43	0.0	85.54483817599998	37.684749872	4.4332641024	8.7750451656	0.0	1.0
43	0.0	96.13589417600001	3.377370080000009	5.2064380032	9.3279183984	0.0	1.0
43	0.0	-70.607903968	21.319758487999998	4.5483088896	13.455795880799998	0.0	1.0
43	0.0	39.72498051199999	87.01420196	10.9092703104	7.1862459984	0.0	1.0
43	0.0	-80.9158168	-41.09239607199999	9.309153907199999	15.772200595200001	0.0	1.0
43	0.0	93.52575747200001	20.116198928	6.8621462784	11.20909104	0.0	1.0
43	0.0	-110.85177174399999	64.93587211999998	7.197914035200001	6.8317941888	0.0	1.0
43	0.0	-95.77082300800001	59.79022767200001	11.153195289600001	10.1925708696	0.0	1.0
44	0.0	83.862424352	-9.962131983999999	4.8634129152	6.8354139168	0.0	1.0
44	0.0	70.82854352	-36.576785392	4.4016607488	10.795074595200001	0.0	1.0
44	0.0	55.809085472000014	-65.35362299200001	5.2258862208000005	6.5394207144	0.0	1.0
44	0.0	-16.08925897600001	-87.6101439976	6.215385792000001	11.622021566399999	0.0	1.0
44	0.0	103.197313184	-45.908444175999996	6.0934411776	3.3617419416	0.0	1.0
44	0.0	93.76886019199999	17.330818232000006	5.6730879744	7.051752993600001	0.0	1.0
44	0.0	-40.684819168	-79.30847881599999	10.0357807872	7.5392700264000005	0.0	1.0
44	0.0	85.817256224	36.7985198	4.2413559552	8.965563516	0.0	1.0
44	0.0	18.739495711999997	-79.22783932	12.0156736896	8.048063016	0.0	1.0
44	0.0	66.69007721600002	55.696918591999996	5.2919887104	7.2534522816	0.0	1.0
44	0.0	-70.59932387200001	21.008260784	4.2898334976	9.4362890328	0.0	1.0
44	0.0	-80.905449184	-41.05278016	9.357238195199999	15.8184928944	0.0	1.0
44	0.0	96.11766147200002	2.958487112000009	5.1897425664	8.8783079616	0.0	1.0
44	0.0	73.918450592	-36.33024169600001	4.2187617024	10.656217807200001	0.0	1.0
44	0.0	-110.98583574399998	64.97005844	6.968146214400001	6.883174216800001	0.0	1.0
44	0.0	-95.84125129600001	59.78962438400001	11.0507703936	10.191102868800002	0.0	1.0
45	0.0	83.40553423999998	-10.538875312	4.9983349248	9.4606819776	0.0	1.0
45	0.0	39.992036	-83.35619943280001	7.535290560000001	6.369937005599999	0.0	1.0
45	0.0	85.177681568	-37.89456748	4.7451148416	10.6634572632	0.0	1.0
45	0.0	40.775684768000005	86.56857322399999	11.1929497344	8.0746881264	0.0	1.0
45	0.0	96.45979280000002	2.308745935999996	4.0766538624	8.5837425408	0.0	1.0
45	0.0	-16.95477615999999	-90.4274386288	5.327167104	5.609693577600001	0.0	1.0
45	0.0	103.22698601600001	-45.972995992	5.8983154944	3.2243531544	0.0	1.0
45	0.0	73.16876470400001	-37.397257072	4.3630503168	10.697160952800001	0.0	1.0
45	0.0	17.673776287999996	-79.719720136	10.4034379008	7.553024992799999	0.0	1.0
45	0.0	55.172013344	-65.615852176	6.3168454272	6.83072838	0.0	1.0
45	0.0	-80.901874144	-41.011756576	9.333178176	15.732142272	0.0	1.0
45	0.0	93.80711312000003	16.223181463999993	5.843009625600001	6.990197508	0.0	1.0
45	0.0	50.24811075200004	-55.21496596	7.6052540928	7.027018185599999	0.0	1.0
45	0.0	86.34886467200003	36.08201475200001	4.188695616	8.7591988008	0.0	1.0
45	0.0	-110.898247264	64.90631100799999	7.098706675200001	6.8777647343999995	0.0	1.0
45	0.0	-70.486710112	21.585607400000004	4.3474988928	9.2619589104	0.0	1.0
45	0.0	-95.810863456	59.78761342400001	11.0188810368	10.135540043999999	0.0	1.0
46	0.0	83.21355459200001	-11.969673351999996	5.4176513664	10.8873776592	0.0	1.0
46	0.0	69.70955600000002	-37.68080243200001	4.784225779200001	11.7967337712	0.0	1.0
46	0.0	94.03091062400001	16.24691079200001	5.557578432	6.867287632800001	0.0	1.0
46	0.0	16.796461472000015	-79.93469176	12.049565068799998	8.169424452	0.0	1.0
46	0.0	67.69573596800001	53.919431048	4.9913993472	8.1698065344	0.0	1.0
46	0.0	103.24164368000001	-46.015628344	5.7178832256	3.0288878424	0.0	1.0
46	0.0	96.76402870400001	1.9574312239999991	3.5668710336000005	8.9343534168	0.0	1.0
46	0.0	-70.59110128	22.553281352000003	3.5874811392	8.5387573656	0.0	1.0
46	0.0	-80.88721647999999	-41.013767536	9.3955268736	15.8873481648	0.0	1.0
46	0.0	86.61770768000001	35.394065336	4.029928089599999	8.428838292	0.0	1.0
46	0.0	84.06906166400002	-38.73615424	6.1096361088	10.4375259072	0.0	1.0
46	0.0	49.12340316799998	-55.983353775999994	7.6464385536	8.099744688	0.0	1.0
46	0.0	-110.840331616	64.867901672	7.228373376	6.950903349600001	0.0	1.0
46	0.0	72.94854224000001	-36.945193264000004	3.9966802176000003	12.831835212	0.0	1.0
46	0.0	53.456351648	-65.885521912	8.100504384	7.530019610400001	0.0	1.0
46	0.0	41.88358966400002	87.34983118400001	10.9568540928	10.1525125464	0.0	1.0
46	0.0	-95.75759536	59.79083096000001	11.1238084608	10.1441268432	0.0	1.0
47	0.0	-70.32869334400002	28.313877368000004	3.9683301504	18.1909028448	0.0	1.0
47	0.0	96.51520592	1.2763190719999986	4.181188032	10.362456770400001	0.0	1.0
47	0.0	103.14762012800001	-45.98445846400001	5.7004727808	2.9078280504	0.0	1.0
47	0.0	-70.39983664000002	23.658303872000012	3.7935821952000004	8.3949938352	0.0	1.0
47	0.0	69.229070624	-38.249099728000004	4.8071417856	13.225380084000001	0.0	1.0
47	0.0	76.25152169599998	31.514119111999992	5.4484324608	8.476095852	0.0	1.0
47	0.0	69.03208592000001	-40.16031611199999	4.1349985152	9.1881365688	0.0	1.0
47	0.0	-80.88256892800001	-41.087167576	9.3923808384	15.7802243256	0.0	1.0
47	0.0	87.06351516799998	34.69545783199999	3.54395860224	8.6057424432	0.0	1.0
47	0.0	82.07204432	-14.005167063999997	3.55227772032	10.103103259200001	0.0	1.0
47	0.0	-110.764183264	64.82929124	7.3729479935999995	6.9826362984	0.0	1.0
47	0.0	48.35298204799998	-56.601723975999995	7.6886240256	8.3307838824	0.0	1.0
47	0.0	84.561344672	-39.067359352000004	4.5854535552	9.959219071200001	0.0	1.0
47	3.0	53.195016224000035	-66.36573915999999	9.918769728000001	7.9131678192	0.0	1.0
47	0.0	42.326894624000005	89.604921728	11.6718978432	15.432328245600003	0.0	1.0
47	0.0	72.53634012799999	-37.840874848	4.1324602368	12.705828458400001	0.0	1.0
47	0.0	-95.794418272	59.80470658400001	11.0969599104	10.1373096888	0.0	1.0
47	0.0	-12.182097760000001	56.22901860800001	4.6334663424	13.2272100576	0.0	1.0
48	3.0	47.498904992000014	-54.846356992	8.710406208	12.841668806400001	0.0	1.0
48	0.0	-44.43610864	-76.849275832	10.0122212736	8.5712544792	0.0	1.0
48	0.0	43.445167136	86.700693296	10.7889702144	10.4562077256	0.0	1.0
48	0.0	48.14705974400003	-57.189527584	7.3075247616	8.5929728472	0.0	1.0
48	0.0	94.36589187200003	13.451877488	6.462421056	8.334846021599999	0.0	1.0
48	0.0	84.04296387199999	-39.571708120000004	4.630213056	10.6144903872	0.0	1.0
48	3.0	82.03343388800002	-37.04192044	8.066291251200001	15.231694766400002	0.0	1.0
48	0.0	82.01555868800003	-14.945290864000002	4.332090470400001	8.8588418688	0.0	1.0
48	0.0	96.49304067200003	0.7681494800000025	4.2309525888	11.1967035264	0.0	1.0
48	0.0	71.48313334399998	-39.041619064	5.079273830400001	11.79729684	0.0	1.0
48	0.0	52.389202208000015	-66.507310744	8.326625664	8.5418944632	0.0	1.0
48	0.0	14.141994272	-78.872100496	14.051730470400003	11.4562179144	0.0	1.0
48	0.0	87.45712707199999	33.73984963999999	3.9929979264	8.7504712344	0.0	1.0
48	0.0	-80.889719008	-41.005924792	9.3697150848	15.907739299200001	0.0	1.0
48	0.0	68.88086172800003	52.120426232000014	4.0938855552	6.9080296824	0.0	1.0
48	0.0	-69.909341152	25.061953951999996	3.9476306688	9.184235306400002	0.0	1.0
48	0.0	-110.731292896	64.863879752	7.415705472	7.113207931200001	0.0	1.0
48	0.0	-95.72184496	59.79203753600001	11.3369165952	10.176583737600001	0.0	1.0
48	0.0	-12.17459017600001	56.228214224000006	4.6653914495999995	13.214319804000002	0.0	1.0
49	0.0	111.449220512	-84.7481859448	4.2367084032	7.5659152463999995	0.0	1.0
49	0.0	83.38551401600002	-40.659637479999994	5.6863871232	10.311398495999999	0.0	1.0
49	13.0	15.344995232000011	3.4930002800000053	21.8117837952	4.3939274904	0.0	1.0
49	0.0	81.99518095999998	-40.972743952	8.2850479488	10.7125045776	0.0	1.0
49	0.0	69.50470620799999	51.71622327199999	5.3825087232	6.2540453808	0.0	1.0
49	0.0	94.66762524800001	13.106394559999991	5.901854783999999	8.844423285600001	0.0	1.0
49	0.0	43.93208758399999	86.272962104	10.6591962624	11.047409856	0.0	1.0
49	0.0	82.95936924800003	-14.431289487999997	6.002778163200001	8.3010618936	0.0	1.0
49	0.0	96.59206928	0.8431582880000179	3.9573905280000004	11.4445141272	0.0	1.0
49	0.0	-12.17173014399999	56.19121256000001	4.6692524928	13.251683440800003	0.0	1.0
49	0.0	76.925416736	29.53654104800001	5.4325592832	8.384898816	0.0	1.0
49	0.0	-69.851783008	25.946173063999986	3.8260793088000002	7.390298109600001	0.0	1.0
49	0.0	51.64237635200001	-66.536067472	8.0753718528	9.802122876	0.0	1.0
49	0.0	-110.91862499199999	64.85020522400002	7.059559987199999	7.0537639536	0.0	1.0
49	0.0	71.30902889600002	-40.611776631999994	4.4603271552	10.6762268592	0.0	1.0
49	0.0	-80.886501472	-41.021409184	9.3836219904	15.782376052800002	0.0	1.0
49	0.0	87.89685699200002	33.08367339200001	4.2488992896	8.665246749600001	0.0	1.0
49	0.0	-95.80979094400001	59.76287861600001	11.151979776	10.1746733256	0.0	1.0
50	0.0	111.40059996800002	-84.7804819624	4.280109388800001	7.438138848	0.0	1.0
50	3.0	45.47900739200002	-56.09697301600001	9.6914329344	12.562225804799999	0.0	1.0
50	0.0	69.900105632	49.75292302399999	7.399617792000001	8.415063216	0.0	1.0
50	0.0	95.76981008000001	0.01946907199999855	5.304644352	13.0188947112	0.0	1.0
50	0.0	77.08593603199998	28.55539366399999	5.786845747200001	8.8253191656	0.0	1.0
50	0.0	69.53509404800002	-41.882502256	7.0357502208	10.7132285232	0.0	1.0
50	0.0	51.63951631999999	-67.252773616	7.2507531264	9.411453676799999	0.0	1.0
50	13.0	15.352502815999982	3.472287391999993	21.823652928	4.3867282536	0.0	1.0
50	0.0	-69.374515168	27.745982263999995	3.7723822080000002	9.202173069599999	0.0	1.0
50	0.0	88.07954153600001	32.171904128000016	3.8874269952000002	8.99351586	0.0	1.0
50	0.0	45.216599456000004	84.093081464	10.202985408	7.985783584799999	0.0	1.0
50	3.0	81.53543081599999	-38.424053248	7.6485120768	14.3921994048	0.0	1.0
50	0.0	10.420020128000008	-81.9466974592	14.7303445632	6.7265807616	0.0	1.0
50	0.0	70.58508329600002	-41.779541103999996	5.014529856	10.66512636	0.0	1.0
50	0.0	94.70301814400001	12.200255984000007	5.7202070016	7.031623283999999	0.0	1.0
50	0.0	-95.81872854400001	59.799679184	11.1811521024	10.18350144	0.0	1.0
50	0.0	-110.923987552	64.89625620799998	6.967037951999999	6.927334898399999	0.0	1.0
50	0.0	-80.896869088	-40.979380119999995	9.3851235072	15.7288442976	0.0	1.0
50	0.0	82.68194614400002	-15.92583496	5.7980713728	11.4405726456	0.0	1.0
51	0.0	66.65861686399998	-43.39253212	4.318934323200001	9.838923444	0.0	1.0
51	0.0	35.79672656000002	-85.4326161808	7.4844892416	6.224866351200001	0.0	1.0
51	0.0	-46.844970592	-74.50369208800001	9.1452025728	8.9048124144	0.0	1.0
51	0.0	81.10285097600003	-18.030706791999997	4.0085851008	9.2692989144	0.0	1.0
51	13.0	15.297447199999992	3.5110989199999922	21.8418498816	4.3816204152000005	0.0	1.0
51	0.0	70.180031264	49.102980752	6.760329139200001	8.814580639199999	0.0	1.0
51	0.0	9.69357199999999	-73.18892644	5.067440448	8.430185635199999	0.0	1.0
51	0.0	69.56369436800004	52.29819509599998	8.3136840192	15.057404863200002	0.0	1.0
51	0.0	77.10095120000001	27.750808568000004	5.287662912	8.4449058624	0.0	1.0
51	0.0	9.564870559999994	-82.0953074032	12.144839884800001	6.6628534392	0.0	1.0
51	0.0	94.87926761600004	11.421411175999996	5.5162152192	6.86441196	0.0	1.0
51	0.0	-95.734000096	59.744377783999994	11.408667648	10.193314924800001	0.0	1.0
51	0.0	82.71555151999998	-15.430736608000004	5.7302886144	8.969826751200001	0.0	1.0
51	0.0	82.78883984000001	-41.849120320000004	5.082705868800001	8.7708623688	0.0	1.0
51	0.0	51.95268982400003	-68.68437604	5.4227636736000004	7.431804324000001	0.0	1.0
51	0.0	-69.24509871999999	28.491847328000016	3.7480361856000006	8.1879655032	0.0	1.0
51	0.0	45.83043382400001	83.705770568	10.354567104000001	8.071752124800001	0.0	1.0
51	0.0	-80.917961824	-40.953237640000005	9.3501953664	15.980013201599998	0.0	1.0
51	0.0	-110.915049952	64.901283608	6.9953522688	7.001056692000001	0.0	1.0
51	0.0	70.45959939199999	-42.46668613599999	4.4203939584	10.434469248000001	0.0	1.0
51	0.0	88.55788188800001	31.507885136000002	3.9090917376	8.5196934648	0.0	1.0
52	3.0	7.752325280000005	-82.3586627248	14.8957259136	7.078860734400001	0.0	1.0
52	0.0	-24.416957152000005	-88.1632585456	4.8639134208	6.668061825600001	0.0	1.0
52	0.0	94.92324060800001	10.433426528000007	5.4213336576	7.1854013951999995	0.0	1.0
52	3.0	33.49618832000002	-85.72342110640001	10.7284447872	6.7346246016	0.0	1.0
52	0.0	70.34841564800001	49.325392928	7.2343794432	10.902721284	0.0	1.0
52	0.0	71.43236777599999	47.87790392000001	4.8812881152	8.210850228	0.0	1.0
52	0.0	81.82608156799999	-17.556120232	5.3412170112	11.8200407976	0.0	1.0
52	0.0	-95.61566627199998	59.71099584800001	11.6781541632	10.234821139200001	0.0	1.0
52	0.0	77.52816848	26.600740543999986	5.613492057600001	9.5971457232	0.0	1.0
52	0.0	82.32229712000002	-16.27976392	5.4752452607999995	9.258258743999999	0.0	1.0
52	0.0	88.72590876800001	30.410102072000004	4.0084063488	8.4691178208	0.0	1.0
52	0.0	45.01746972800001	-59.91136194399999	5.2993532928	8.765794749600001	0.0	1.0
52	0.0	46.55723945600001	83.337563792	10.2488531712	8.3281294152	0.0	1.0
52	0.0	-110.954375392	64.91375156	7.0556274432	7.0899210144	0.0	1.0
52	0.0	82.00483356800001	-42.385443352	5.858954304	9.7149879792	0.0	1.0
52	0.0	-80.913671776	-41.004919312000006	9.3520186368	16.1320417776	0.0	1.0
52	0.0	68.441131808	-43.90009842400001	6.7928620032000016	10.500127092000001	0.0	1.0
53	0.0	33.14225936	-85.5514840264	9.813627801600001	5.841235512	0.0	1.0
53	0.0	81.62230428800001	-42.976464496000006	5.8356450432	9.7879858272	0.0	1.0
53	0.0	-95.65570672	59.69108734400002	11.546521190400002	10.2646838952	0.0	1.0
53	0.0	-110.85320176000002	64.925415128	7.217791257599999	6.9016951584	0.0	1.0
53	0.0	47.22398441600001	83.22374345600001	10.2332659968	8.302147812000001	0.0	1.0
53	0.0	6.241870879999991	-82.5400312072	12.915904512	6.6664932768	0.0	1.0
53	0.0	67.898440736	-44.263478896	7.0004288256	10.2938830344	0.0	1.0
53	0.0	-80.93083196799999	-40.927296256000005	9.3257420928	16.266293467199997	0.0	1.0
53	0.0	43.964620448000026	-61.05921791200001	5.4921194496000005	7.6572932688	0.0	1.0
53	0.0	81.75708329600003	-18.178512352000002	6.091760908800001	11.5865884512	0.0	1.0
53	0.0	89.37513603199999	29.685352088	3.6381394559999998	8.5393807632	0.0	1.0
53	0.0	-48.926716384	-72.582420904	9.8065849728	8.857574964	0.0	1.0
54	0.0	-10.848965344000005	-97.2620682712	5.1500596224	5.6408835672	0.0	1.0
54	0.0	5.790700832000009	-81.2059804528	13.125759359999998	9.7821540432	0.0	1.0
54	0.0	71.11061417600003	49.127514464	8.292519782400001	15.1778613672	0.0	1.0
54	0.0	5.164353823999991	-82.8292072552	11.6490175872	6.438832495199999	0.0	1.0
54	0.0	48.78484688000002	-70.601022016	7.4942491008	8.28063054	0.0	1.0
54	0.0	-95.62817891199998	59.72426818400001	11.584237862399998	10.2791426976	0.0	1.0
54	0.0	-26.478682720000002	-87.25754227120001	5.1413722752	5.7471829128000005	0.0	1.0
54	0.0	77.85671465600001	24.622760288000006	5.846405913600001	9.5774182056	0.0	1.0
54	0.0	81.55509353600002	-43.084654144	5.513748441600001	10.253281752	0.0	1.0
54	0.0	89.56997571200002	29.231478416000005	4.2846139392	7.843488055200001	0.0	1.0
54	0.0	81.77424348800001	-19.528067607999994	6.24648864	10.327285080000001	0.0	1.0
54	0.0	-111.08557936000001	65.02334888	7.0049691264	6.936002136000001	0.0	1.0
54	0.0	-80.93726704	-40.94237845600001	9.3279228672	16.203571624800002	0.0	1.0
54	0.0	-49.453677279999994	-72.298875544	9.2376888576	8.6313821832	0.0	1.0
54	0.0	67.29425897600001	-45.419981992000004	7.1284152576	10.5956678016	0.0	1.0
55	0.0	80.914446368	-43.954193247999996	6.033595008000001	10.412650332	0.0	1.0
55	0.0	-10.921181152	-97.2981650032	5.1150242304	5.5686699936	0.0	1.0
55	0.0	41.77097590400001	-62.730727864	7.0350709632	7.478237390400001	0.0	1.0
55	0.0	41.71055772800001	-61.11150287200001	7.6013930496	10.244151993600001	0.0	1.0
55	3.0	47.797778336	-70.035137872	8.3296286976	9.2460522168	0.0	1.0
55	0.0	3.3714712639999993	-82.98616268319999	10.9759805568	6.4572126696000005	0.0	1.0
55	0.0	81.96765315200001	-19.929455223999994	5.165539545600001	8.008044912	0.0	1.0
55	0.0	-111.02301616	65.053714376	7.076612928	6.9198340176	0.0	1.0
55	0.0	96.63675728000001	-5.730066664000005	3.7618358400000007	10.475693928	0.0	1.0
55	0.0	71.3987624	48.54775469599999	8.004085555200001	15.163342236	0.0	1.0
55	0.0	-67.520856928	34.190505776	4.3871818368	9.571345106399999	0.0	1.0
55	0.0	-80.915459296	-40.942579552	9.3644240256	16.211454588	0.0	1.0
55	0.0	66.84273142400001	-46.184951176	6.8816659968	10.855765368	0.0	1.0
56	3.0	78.75905475200003	-42.688495024000005	9.1348349568	15.1796109024	0.0	1.0
56	3.0	29.79316188799999	-83.97853122400001	11.1891959424	11.4502855824	0.0	1.0
56	3.0	-51.449622112	-67.66783576	9.646423180800001	14.7586566456	0.0	1.0
56	0.0	48.668658080000014	85.404227384	11.725273190400001	16.417537768800003	0.0	1.0
56	0.0	0.9025486400000081	-83.1580997632	13.08375264	6.125484708	0.0	1.0
56	0.0	49.32003036799999	81.64353108800002	10.699594214400001	8.860712061600001	0.0	1.0
56	0.0	-28.588313824000004	-86.7240748024	4.8856139136	6.116194072799999	0.0	1.0
56	0.0	78.06120694400002	22.429808407999992	5.65660704	9.0581280048	0.0	1.0
56	0.0	96.52807606400002	-5.723631592000005	3.5964544895999997	9.6226849152	0.0	1.0
56	0.0	66.40192899200001	-47.133319912	6.4201640832	10.340235662400001	0.0	1.0
56	0.0	81.18364688000001	-21.289668567999993	6.248454912000001	11.468625537600001	0.0	1.0
56	0.0	-111.095589472	64.93024143200002	7.1991295488	7.0623507528	0.0	1.0
56	0.0	-80.947277152	-40.9451938	9.329424384000001	16.2202625928	0.0	1.0
56	0.0	71.93823593599998	47.243244944	8.4281568	15.586870521600002	0.0	1.0
56	0.0	-67.266671584	34.99770511999999	4.302918144	9.7893331704	0.0	1.0
57	0.0	96.06081833600001	7.205433535999996	4.3590105216	10.9058986008	0.0	1.0
57	0.0	-10.93154876799999	-97.2604595032	5.1039773568	5.644060884	0.0	1.0
57	0.0	-95.637116512	59.73754052000001	11.6180577408	10.240451827200001	0.0	1.0
57	0.0	46.398865183999995	-72.22165468	7.0620625152	7.355327515200001	0.0	1.0
57	0.0	-51.564380895999996	-69.01055375199999	8.7910948608	10.7761112424	0.0	1.0
57	0.0	-29.450255968000015	-86.447990104	4.9481056128	6.057896342399999	0.0	1.0
57	0.0	0.8675132480000008	-83.284548928	15.342820416	6.2941841424	0.0	1.0
57	0.0	72.48414454400002	45.831148832000004	8.1916321536	15.489017208	0.0	1.0
57	0.0	65.43988572800002	-48.056551648	7.1029252224	10.1868396336	0.0	1.0
57	0.0	81.39779177599999	-21.500417176000006	5.42601696	9.4258320408	0.0	1.0
57	0.0	-66.88628732800001	35.55916515199999	4.1688898944	8.7358314456	0.0	1.0
57	0.0	-111.163872736	64.94552472800001	7.1512955136	7.1157819600000005	0.0	1.0
57	0.0	50.117979296000016	81.32861475200001	10.367794752	9.0230367528	0.0	1.0
57	0.0	-80.955857248	-41.003913832	9.328709375999999	16.1879062464	0.0	1.0
57	0.0	96.503050784	-5.969572	3.7889703936	10.7178537312	0.0	1.0
58	3.0	-53.09056547200001	-69.044136784	9.4240556928	9.9220364208	0.0	1.0
58	0.0	95.08340240000001	6.317795792	5.3272028544	9.1932645168	0.0	1.0
58	0.0	45.296680352000024	-73.03669676800001	8.1601003008	7.084270216799999	0.0	1.0
58	3.0	77.81881923200001	-43.200485439999994	9.2178116352	13.6754731512	0.0	1.0
58	0.0	90.97782646400002	25.94798292800001	3.8220395136	8.7001369056	0.0	1.0
58	0.0	74.00889910400001	42.06602842399999	5.220988416	9.203198659200002	0.0	1.0
58	0.0	80.79504003200003	-23.652144376000003	5.957982912	8.026445196	0.0	1.0
58	0.0	-111.18675299200001	64.84940084000002	7.071071616000001	7.2469971	0.0	1.0
58	0.0	-95.69503216	59.707979408	11.518278374400001	10.3313673288	0.0	1.0
58	0.0	-66.404014432	36.56585172800001	4.0288555776	8.1273752784	0.0	1.0
58	0.0	64.59975132799998	-48.962086936	7.537471334400001	10.0366611408	0.0	1.0
58	0.0	96.38292944000001	-6.375584824000001	4.0337533824000005	11.4525579672	0.0	1.0
58	0.0	50.99815414400001	80.49265867999999	9.990914035200001	8.505053676000001	0.0	1.0
58	0.0	-1.2013623999999996	-83.17686202	12.018354969599999	6.156755136	0.0	1.0
58	0.0	-80.94977968	-41.007131368	9.3518041344	16.2076940928	0.0	1.0
59	3.0	-53.61144880000002	-68.568544744	9.320093529600001	9.3097795392	0.0	1.0
59	0.0	37.162391840000005	-66.031115416	7.0836915072	6.8669457696	0.0	1.0
59	0.0	74.25450435200001	40.94049411199999	5.4244439424	9.2091511008	0.0	1.0
59	3.0	59.45383875200001	-71.202500152	9.311370432	8.477704619999999	0.0	1.0
59	0.0	78.71543926400003	20.117003312	5.1578532096	8.2952904384	0.0	1.0
59	0.0	-2.0897598400000037	-83.3051411584	15.382253107199999	6.392540196	0.0	1.0
59	0.0	95.45770908800003	5.066576480000009	5.3369627136	7.5096284760000005	0.0	1.0
59	0.0	44.32140943999998	-73.580862544	7.419280512	6.843377318400001	0.0	1.0
59	0.0	-95.73578761600001	59.72648024000001	11.4538204032	10.2972815568	0.0	1.0
59	0.0	64.26655759999998	-49.821973432	7.2796752	9.8470276128	0.0	1.0
59	0.0	80.10112476800002	-46.104914967999996	4.233955622400001	9.0186729696	0.0	1.0
59	0.0	-80.9515672	-41.07409633600001	9.3711808512	16.1112484512	0.0	1.0
59	0.0	-111.1964056	64.85583591199999	7.067675328	6.964356672	0.0	1.0
59	0.0	81.43604470399998	-22.673209048000007	4.411456358400001	8.7256358784	0.0	1.0
59	0.0	90.42226524800002	25.166926063999995	5.0568583296	8.224524756	0.0	1.0
59	0.0	-65.794827616	37.934511104	4.2177964416	8.6240421792	0.0	1.0
59	0.0	51.664899104	79.871473136	10.0352802816	8.3278277712	0.0	1.0
60	0.0	80.73497935999998	-24.610165719999998	4.9270128768	7.9868695032	0.0	1.0
60	0.0	91.38502352000002	24.50954323999999	6.039779827199999	8.164779134400002	0.0	1.0
60	1.0	77.13276905600003	-41.407111312000005	7.4604292224	9.5624365536	0.0	1.0
60	3.0	-54.375077344000005	-66.833488456	8.9340964608	10.293299856	0.0	1.0
60	0.0	-95.62353135999999	59.729094487999994	11.6702533248	10.3210108848	0.0	1.0
60	0.0	-32.814011104	-85.1425955296	5.4225491712	5.9276866824	0.0	1.0
60	0.0	75.02135043200003	39.260739223999984	5.1150242304	8.760445596	0.0	1.0
60	0.0	44.06293404800003	-73.941427672	7.9820633088	6.9352781904	0.0	1.0
60	0.0	52.41065244800001	79.738146488	9.9052560768	8.705204524800001	0.0	1.0
60	0.0	36.97505974400003	-66.168866176	6.2058404352	7.642452384000001	0.0	1.0
60	0.0	79.45904758400002	-46.911511024000006	4.4747703168	9.0666946944	0.0	1.0
60	0.0	64.26548508799998	-50.780598064	5.968743782400002	10.0577360016	0.0	1.0
60	0.0	-111.11954224000002	64.866292904	7.093701619200001	7.0922135088000005	0.0	1.0
60	0.0	-80.961577312	-40.984608616	9.3478715904	16.215979248	0.0	1.0
60	0.0	-65.556729952	38.847084751999994	4.1511934464	8.3730140424	0.0	1.0
61	3.0	-55.19090147200001	-65.65385932000001	9.3699295872	10.137450456	0.0	1.0
61	3.0	-55.38359612799999	-62.600417656000005	9.136372224	16.548390936	0.0	1.0
61	0.0	53.22361654400001	79.075334072	10.039856332800001	8.705345292	0.0	1.0
61	0.0	96.44620764799998	-11.662599759999997	3.950776704	11.0307389976	0.0	1.0
61	0.0	-95.62567638399999	59.69913118400001	11.6861622528	10.31220288	0.0	1.0
61	0.0	91.98563024	23.283259832	7.0639215360000005	8.6161391064	0.0	1.0
61	0.0	-55.48047971199998	-68.320794472	7.7958394752	7.1552772144	0.0	1.0
61	0.0	42.960034207999996	-74.356892008	7.4779469184	6.9400039464	0.0	1.0
61	0.0	79.02289270400003	-48.456732687999995	4.628425536	7.4939630976	0.0	1.0
61	0.0	-33.53009161600001	-84.4333701568	4.8455734656	6.734684930400001	0.0	1.0
61	0.0	75.557963936	39.0608498	4.9434938112	9.2025149328	0.0	1.0
61	0.0	80.60806544	-24.774260055999996	4.786549555200001	9.3210208056	0.0	1.0
61	0.0	-80.97730748800001	-40.86435320800001	9.3779376768	16.407885160800003	0.0	1.0
61	0.0	-111.106314592	64.97810227999999	7.1532617856	6.8560061472000005	0.0	1.0
61	0.0	-65.193505888	39.937427264	4.0820521728	8.6532815376	0.0	1.0
61	0.0	64.09888822399998	-51.235678312000005	5.406532992	10.185854263200001	0.0	1.0
62	0.0	35.053475743999996	-67.44260824	5.5705915776	6.264623030400001	0.0	1.0
62	0.0	42.43736336000001	-74.752045648	6.782422886400001	7.133578956	0.0	1.0
62	0.0	-55.76898543999999	-67.615148608	7.6002847872	5.914937196	0.0	1.0
62	0.0	96.00433270400003	-12.537769552000004	4.5952134144	10.6722049392	0.0	1.0
62	0.0	75.91046287999998	38.23494852800002	4.968948096	10.076719464	0.0	1.0
62	0.0	-95.62031382399998	59.7083816	11.6861980032	10.281636288000001	0.0	1.0
62	0.0	-4.79141756799999	-83.1564708856	13.0463577216	6.2571020399999995	0.0	1.0
62	0.0	91.94415977600002	22.571581088000013	6.4018241279999994	8.853010084800001	0.0	1.0
62	0.0	78.39797571200002	-48.91261732	4.9235093376	8.0254598256	0.0	1.0
62	0.0	80.45433872000002	-25.920507256000008	4.6211682048	8.8090504992	0.0	1.0
62	0.0	-80.986245088	-40.880239792000005	9.356558937600001	16.417879632000002	0.0	1.0
62	0.0	-111.03195376000001	64.932051296	7.302340953600001	7.033372819199999	0.0	1.0
62	0.0	63.254106272	-51.92563868800001	6.104488051200001	10.106421343200001	0.0	1.0
63	0.0	79.547708576	-25.77028854400001	4.99879968	10.5474248712	0.0	1.0
63	0.0	91.811525792	22.054764368	5.390695564800001	8.4230869464	0.0	1.0
63	0.0	-63.930801759999994	42.990265640000004	4.6680727296	10.0177782264	0.0	1.0
63	0.0	41.73486800000002	-75.72615467199999	7.6356419328000005	6.6942646344000005	0.0	1.0
63	0.0	94.87819510399999	2.4720358880000055	5.5563986688	8.7120417888	0.0	1.0
63	0.0	76.13890793600002	36.95054837599999	5.0476347264	9.1684090512	0.0	1.0
63	0.0	-95.766890464	59.72949668	11.3819620992	10.2038925744	0.0	1.0
63	0.0	78.15165545600003	-48.562308087999995	4.7503344	9.273139848	0.0	1.0
63	0.0	-80.954069728	-41.155942408	9.287596416	15.973859664000003	0.0	1.0
63	0.0	96.14304425599998	-12.335064784000005	3.7247984256	10.1551670136	0.0	1.0
63	0.0	-6.76305212800001	-83.0479393744	15.131893056000001	6.4161287568	0.0	1.0
63	0.0	61.604582816	-52.50620284	8.131678732800001	10.5825362328	0.0	1.0
63	0.0	-110.97689814399999	64.94110061600001	7.267806067200001	6.9202362096	0.0	1.0
64	0.0	-57.733469920000005	-64.4030422	8.805144768	8.980102756800001	0.0	1.0
64	3.0	75.20296246400001	-46.663358560000006	8.910751449600001	13.767856653599999	0.0	1.0
64	0.0	95.14703811200002	1.539553736000001	5.2389351168000005	9.4857385392	0.0	1.0
64	0.0	40.773539744000004	-76.255037152	7.665422016	6.621628759199999	0.0	1.0
64	0.0	79.727175584	-27.910553271999998	4.7204828160000005	8.1686803968	0.0	1.0
64	0.0	-63.104967519999995	45.36400282400001	5.2286032512	12.2288287464	0.0	1.0
64	0.0	79.26349289600002	14.013538615999996	5.4131110656	10.358756604000002	0.0	1.0
64	0.0	96.08191107200001	-12.536965168000004	3.8299403520000004	10.7621953992	0.0	1.0
64	0.0	-95.68645206400002	59.71340900000001	11.4731256192	10.2282654096	0.0	1.0
64	0.0	-63.41027593599999	43.928579576	4.8076780416	9.6920630352	0.0	1.0
64	0.0	76.48675932800002	35.92616535199999	5.090141952000001	9.5438351736	0.0	1.0
64	0.0	77.64256976000003	-50.019248608000005	4.1964892032	7.336283723999999	0.0	1.0
64	0.0	-80.934764512	-41.043328648	9.3054358656	16.1016963912	0.0	1.0
64	0.0	-111.00549846400001	64.890826616	7.20102432	7.0618077936	0.0	1.0
64	0.0	55.322522528000015	77.37305643200001	9.7402322304	8.9868394728	0.0	1.0
64	0.0	61.02506883200001	-53.612633032000005	7.9119925248	9.429471878400001	0.0	1.0
64	0.0	-8.97671689599999	-83.2816933648	13.950628339200003	5.6840387688	0.0	1.0
65	0.0	95.02941929600003	1.132535431999999	5.5340904192	10.8575953416	0.0	1.0
65	0.0	77.1456392	-50.634602368	4.7341752192	7.670022645599999	0.0	1.0
65	0.0	79.529118368	12.807364807999994	5.337784972800001	9.162476719199999	0.0	1.0
65	0.0	76.27761948800001	-31.261818112000007	4.1664588672	7.8402705192	0.0	1.0
65	0.0	32.133383072	-68.87139532	6.160687680000001	6.587301672000001	0.0	1.0
65	0.0	78.98142224000003	-28.339289944000004	4.90495488	8.8354141848	0.0	1.0
65	3.0	75.027785504	-46.869884152000004	9.2869886592	12.626435757600001	0.0	1.0
65	3.0	55.354340384	-74.638627504	8.8568755968	7.364799136799999	0.0	1.0
65	3.0	31.033700768000017	-65.796838576	10.9619664	10.778705380800002	0.0	1.0
65	0.0	96.06939843199999	-13.026432832000001	4.0098363648	11.335580424	0.0	1.0
65	0.0	-80.935837024	-41.183492560000005	9.337646976	15.980536051200001	0.0	1.0
65	0.0	-95.732927584	59.730301063999995	11.4251843328	10.2277224504	0.0	1.0
65	0.0	-62.708853088000005	44.059291976	4.5887068416000005	8.0182203696	0.0	1.0
65	0.0	60.21639478400001	-54.43772992	8.1599930496	9.7080903864	0.0	1.0
65	0.0	-111.05411900800001	64.82386164800002	7.1641656576	7.2545784192000005	0.0	1.0
65	0.0	76.99906256000001	34.57580571200001	5.1193500288000005	9.2087690184	0.0	1.0
65	0.0	55.33932521600001	80.837136128	11.307637017600001	16.9618242024	0.0	1.0
66	0.0	-11.237929695999991	-82.099590748	16.1936441856	7.778835691199999	0.0	1.0
66	0.0	76.40453340799999	-51.46814528800001	5.490725184	7.1836116408	0.0	1.0
66	3.0	-59.22283158400001	-59.913372904	8.5064859264	14.1993483408	0.0	1.0
66	0.0	94.90214787200001	0.3396139040000081	5.8635303552	10.8207344448	0.0	1.0
66	0.0	96.07547600000001	-14.431289487999997	3.82708032	10.4316941232	0.0	1.0
66	0.0	94.29045852800002	-0.854293047999996	4.566577344000001	8.9209000944	0.0	1.0
66	0.0	-95.75366281600002	59.72245832	11.371844736	10.1924703216	0.0	1.0
66	0.0	78.97462966399999	-29.113509544000006	4.3419575808	8.982777333600001	0.0	1.0
66	0.0	-80.938339552	-41.0960158	9.3320699136	16.1368680816	0.0	1.0
66	0.0	55.97067728000003	80.17613357600001	11.0650705536	16.588348711200002	0.0	1.0
66	0.0	30.91179190400002	-69.30656706399999	6.014647296	6.6324477239999995	0.0	1.0
66	0.0	-111.00549846400001	64.84638439999999	7.3382701056	7.305777460800001	0.0	1.0
66	0.0	-61.989912544	45.80922936800001	5.2639961472	9.349656876000001	0.0	1.0
66	3.0	74.42217372800002	-46.932626104	9.1169597568	12.613686271199999	0.0	1.0
66	0.0	59.700874016000014	-55.390723864	7.510908787200001	9.4250879856	0.0	1.0
66	0.0	77.24395280000002	33.944364272	4.972630387200001	10.2849342624	0.0	1.0
67	0.0	77.12812150399999	-32.030407024000006	7.0594169856	9.1606668552	0.0	1.0
67	3.0	-42.97570480000002	-78.613088848	12.2656762368	8.7968037528	0.0	1.0
67	0.0	-60.41653743999999	-62.303398864	7.7238381696000005	8.7405974208	0.0	1.0
67	0.0	-95.60851619200001	59.69832680000001	11.698067136	10.246102624799999	0.0	1.0
67	0.0	75.78497897599999	-50.976063376000006	5.948080051200001	9.3536989056	0.0	1.0
67	0.0	30.13422070399999	-69.06444748	5.744410022399999	7.7271942384	0.0	1.0
67	3.0	74.01032912	-46.574474128	8.3737089408	11.5016656104	0.0	1.0
67	0.0	78.210286112	-30.340999528	5.5106381568	9.9719082288	0.0	1.0
67	0.0	95.52706486400002	-15.193242232000001	4.0003982592	8.9841045672	0.0	1.0
67	0.0	-111.02265865599999	64.95336747200001	7.289470809599999	7.220673633600001	0.0	1.0
67	0.0	94.995098912	-1.0640361759999963	6.084610828800001	9.4681627488	0.0	1.0
67	0.0	-80.96193481600001	-41.011153288	9.3169474944	16.2253101024	0.0	1.0
67	0.0	-61.359275487999994	46.90902339200001	5.2521627648	9.252628055999999	0.0	1.0
67	0.0	77.793436448	32.32956339200002	4.8555120768	9.0043951536	0.0	1.0
67	0.0	-12.037666144000008	-83.0911549048	14.158302412800001	5.7578208912	0.0	1.0
67	0.0	56.452592671999994	79.90143644000001	11.2051406208	16.8714717696	0.0	1.0
67	0.0	59.204658464	-56.12211001600001	7.2980866560000015	9.9664786368	0.0	1.0
68	0.0	-10.863980512000008	-97.2386405872	5.159497728	5.6877188256	0.0	1.0
68	3.0	-61.281339616000004	-52.83801124	6.917201894400001	15.0488783928	0.0	1.0
68	0.0	94.333359008	-16.53334597600001	5.7176687232	10.5318198216	0.0	1.0
68	0.0	-60.749016160000004	48.94150066400002	5.5727008512000005	10.8323577936	0.0	1.0
68	3.0	37.927450400000005	-77.95449944799999	8.6203152	7.027279610400001	0.0	1.0
68	0.0	-95.64498160000001	59.72587695200001	11.6489460864	10.3635627984	0.0	1.0
68	0.0	75.71026063999999	-51.534506967999995	5.2570605696	9.1160637624	0.0	1.0
68	0.0	-111.028021216	64.830497816	7.226871859200001	6.966568728	0.0	1.0
68	3.0	73.831219616	-47.150010879999996	8.014524672	12.143242288800002	0.0	1.0
68	0.0	-13.193119071999998	-82.9192781536	14.8742399232	5.9358913992	0.0	1.0
68	1.0	21.570927392	-85.28772651279999	11.998728	10.7851002336	0.0	1.0
68	0.0	-60.998553951999995	47.570428136	5.072445504	8.0290996632	0.0	1.0
68	0.0	-60.533083744	-60.581614912	8.306962944	9.7579621944	0.0	1.0
68	0.0	95.06195216000002	-2.491013391999996	6.149640806400001	7.8581077344	0.0	1.0
68	0.0	78.12198262400001	31.113133687999998	4.6056525312	9.384547032	0.0	1.0
68	0.0	77.77484624000002	-31.07841856	5.5777416576	8.9731850544	0.0	1.0
68	0.0	-80.984100064	-41.083145656	9.3498736128	16.09723206	0.0	1.0
68	0.0	56.977408543999985	78.886102736	11.3408491392	16.8256822104	0.0	1.0
68	0.0	58.596186656	-56.917444696000004	7.543155648000001	9.9140126904	0.0	1.0
69	0.0	57.20907113600002	-57.834643552	8.8508337792	10.487357496	0.0	1.0
69	0.0	-61.14977814400001	-59.798345992	8.5170680448	10.2159985536	0.0	1.0
69	3.0	-47.287918047999995	-73.653257104	7.647332313600001	14.4245356416	0.0	1.0
69	0.0	-10.894725856000008	-97.2042933904	5.1084819072	5.7563931096	0.0	1.0
69	0.0	94.23254288	-17.899793296000006	5.6830265856	9.7731047232	0.0	1.0
69	3.0	51.63415375999998	-76.367852008	10.712893363200001	7.1901271512000005	0.0	1.0
69	0.0	-111.09773449599999	64.838541656	6.9638561664	6.9577406135999995	0.0	1.0
69	3.0	-61.16729584	-54.401934831999995	8.7904156032	19.8410564016	0.0	1.0
69	0.0	-14.46654831999999	-81.9866150152	15.095499148799998	7.1455843871999996	0.0	1.0
69	0.0	75.064608416	-52.13216428	5.7129496704000005	8.441306244	0.0	1.0
69	0.0	57.834703136	78.377933144	11.1016789632	17.0616482568	0.0	1.0
69	0.0	95.043361952	-3.1853978799999974	5.9479728	7.405199323200001	0.0	1.0
69	0.0	93.91293430399999	16.467714199999985	5.1775516800000005	8.2564588008	0.0	1.0
69	0.0	77.18961219200004	-32.341100344	5.7290373504	7.786879531199999	0.0	1.0
69	0.0	-60.395444704000006	48.61089884000001	5.106765888	8.1838430352	0.0	1.0
69	3.0	37.20207478399999	-78.44517368800001	8.4304448256	7.0943853456	0.0	1.0
69	0.0	-80.9962552	-41.089781824	9.33711072	16.171456593600002	0.0	1.0
69	1.0	20.89631734400001	-85.67346886	11.8825392	9.8560367136	0.0	1.0
69	0.0	78.19562844800001	30.402259327999992	5.084600640000001	8.959691512800001	0.0	1.0
70	3.0	73.022545568	-48.285599992	8.5369095168	11.3106043008	0.0	1.0
70	0.0	94.84172969600002	-3.7673697040000067	6.119395968	8.211192091200001	0.0	1.0
70	3.0	51.40284867200002	-76.862548168	9.6092427648	6.77140506	0.0	1.0
70	3.0	-48.98177199999999	-71.96907810399999	5.624109926399999	11.4742763352	0.0	1.0
70	0.0	-42.154875616	-79.443816424	5.187740544	7.0750801296	0.0	1.0
70	0.0	-10.851110368000008	-97.2175657264	5.2301405184	5.729868547200001	0.0	1.0
70	0.0	-12.211770592	56.198854208	4.5298259328	13.446163382400002	0.0	1.0
70	0.0	94.14602691200002	15.638595392	5.4180446208	8.8259425632	0.0	1.0
70	0.0	-95.728637536	59.73834490400001	11.504943475200001	10.3534677792	0.0	1.0
70	0.0	-59.44019401599999	53.54559358400001	5.7237462912	16.0567514352	0.0	1.0
70	0.0	-111.04196387200001	64.93084472	7.002931353599999	6.7001969664	0.0	1.0
70	0.0	77.078785952	-32.92950724000001	5.3193735168	8.930653250399999	0.0	1.0
70	0.0	94.194289952	-18.166848784000003	5.7731175936	9.3459768192	0.0	1.0
70	0.0	58.90578512000001	77.71270757600001	10.552409817600001	17.1771577992	0.0	1.0
70	3.0	36.187835935999985	-79.030363048	8.88576192	7.2237302928	0.0	1.0
70	0.0	78.43801616000002	29.224641152000014	5.2688224512	9.3260683152	0.0	1.0
70	0.0	-80.984815072	-41.08797196	9.3090109056	16.043760633599998	0.0	1.0
70	0.0	56.55054876800001	-58.138901799999985	8.612628864	10.886935248	0.0	1.0
70	3.0	-61.659936352000024	-53.841681376000004	8.5656885888	20.26645488	0.0	1.0
71	3.0	50.309601439999994	-77.38781092	10.996215283200002	7.6874576688	0.0	1.0
71	0.0	37.06086070400004	-79.410032296	6.127368307199999	6.9144245352	0.0	1.0
71	0.0	93.76886019199999	14.89896430400001	4.647945254400001	8.8370832816	0.0	1.0
71	0.0	-58.601489631999996	51.54589495999999	6.1096361088	10.1547648216	0.0	1.0
71	0.0	-110.97403811200002	64.93687760000002	7.1446816896000005	6.899040691200001	0.0	1.0
71	0.0	95.157405728	-18.280266928000007	3.6716733312000005	9.589242650400001	0.0	1.0
71	0.0	-42.953897055999995	-79.25096536	5.1609634944	7.167041330400001	0.0	1.0
71	0.0	-95.740435168	59.71521886399999	11.483671987200001	10.288473552	0.0	1.0
71	3.0	-49.11083094399999	-72.385346824	7.701565670399999	12.8755333728	0.0	1.0
71	0.0	76.46495158399999	-34.113560488000005	5.479499558400001	8.9040080304	0.0	1.0
71	0.0	59.44382864000001	76.224194984	10.680396249600001	15.3212428152	0.0	1.0
71	0.0	78.967479584	28.365156848	4.756948224	9.468102420000001	0.0	1.0
71	0.0	-81.027715552	-40.997076568	9.278480064	16.161904533599998	0.0	1.0
71	0.0	56.35606659200001	-59.507963368	7.611760665599999	10.5358618512	0.0	1.0
71	0.0	-12.224640736	56.23123066400001	4.4175696768	13.3011530568	0.0	1.0
71	3.0	-62.583011680000006	-53.108083168	8.2982398464	20.158466328	0.0	1.0
72	3.0	18.830301727999988	-85.062840856	11.7474384384	8.9361833904	0.0	1.0
72	3.0	-49.80045616000001	-73.784773888	7.404265344000001	9.2516627952	0.0	1.0
72	0.0	102.99603843199999	-46.293744112	5.5320526464	3.4851947759999997	0.0	1.0
72	0.0	93.32805776000004	14.069644400000003	4.5797334912	9.1655132688	0.0	1.0
72	3.0	49.58029328000001	-77.93720519200001	10.806094656	7.4171042064	0.0	1.0
72	0.0	-43.94668566400001	-77.871647896	5.6148863231999995	6.0825306024	0.0	1.0
72	0.0	-57.99444784000001	52.77640138399999	6.2971827072	10.899242323200001	0.0	1.0
72	0.0	79.535910944	26.274562831999987	4.4569308672000005	9.2830739904	0.0	1.0
72	0.0	94.50960848000001	-5.515095039999996	5.4335960448	9.4298137416	0.0	1.0
72	0.0	-111.10488457600002	64.86448304	7.018375526400001	6.871289443199999	0.0	1.0
72	0.0	-95.68859708800001	59.734322984	11.5144173312	10.270817323200001	0.0	1.0
72	3.0	-63.38525065600001	-52.211798296000005	8.0721543168	19.9672843608	0.0	1.0
72	0.0	76.10387254399998	-34.69915204	5.279476070399999	9.1477363824	0.0	1.0
72	0.0	55.564552735999996	-60.098783416	8.0145961728	10.1754777096	0.0	1.0
72	0.0	60.05158543999998	76.741413896	11.7743227392	17.5646697912	0.0	1.0
72	0.0	-81.023425504	-41.02905083200001	9.3010385664	16.1303726808	0.0	1.0
73	0.0	94.33836406400002	-19.562656119999996	4.9321966848	10.8866738232	0.0	1.0
73	0.0	93.61692099199998	12.91052705599999	4.497507571200001	9.0940035312	0.0	1.0
73	0.0	36.00014633600002	-79.93449066400001	5.657322048	6.5965319784	0.0	1.0
73	0.0	55.325382559999994	-60.93252743199999	7.3205021568	9.7114687992	0.0	1.0
73	0.0	-57.62264367999998	52.60627416799999	5.6731594752	7.918054452	0.0	1.0
73	0.0	60.532070816	76.034159264	10.966935705600001	17.0942459184	0.0	1.0
73	0.0	-111.040176352	64.89766388000001	7.0731093888	6.8705252784	0.0	1.0
73	0.0	-95.75259030400001	59.73935038400001	11.4509246208	10.2741555168	0.0	1.0
73	0.0	94.78345654400002	-6.252111880000002	5.500270540800001	9.523685354400001	0.0	1.0
73	0.0	75.500763296	-35.599861024000006	5.3277391104	8.1145051344	0.0	1.0
73	0.0	-80.993752672	-41.006326984000005	9.3155174784	16.204376008799997	0.0	1.0
74	0.0	62.41897692799999	71.044766408	7.813571673600001	8.441627997600001	0.0	1.0
74	3.0	47.72019996800002	-78.62354584	10.7476785024	7.315952918400001	0.0	1.0
74	0.0	60.721905440000015	75.7206506	10.9928547456	17.1335199672	0.0	1.0
74	0.0	34.98554998399999	-80.445877792	6.238623552000001	6.413373741600001	0.0	1.0
74	0.0	79.85265948799999	24.552979975999996	4.8877589376	9.0854368416	0.0	1.0
74	0.0	-64.600406752	-56.29746572799999	7.618946496	8.4612750768	0.0	1.0
74	0.0	-111.050901472	64.82124739999999	6.964785676800001	6.768348400800001	0.0	1.0
74	0.0	-95.73793264	59.756041352	11.4241118208	10.228546944000001	0.0	1.0
74	0.0	93.90542671999998	12.092870720000002	4.6330015872	8.3601438984	0.0	1.0
74	0.0	75.01956291200001	-36.397809951999996	5.3491893504000005	8.1923695056	0.0	1.0
74	0.0	94.68156790399998	-6.177706359999998	5.9902297728	10.6984881864	0.0	1.0
74	0.0	-56.60482979200001	55.52337274400001	6.5488297728	11.1639248784	0.0	1.0
74	0.0	-80.969799904	-40.886875960000005	9.3464415744	16.226094376800003	0.0	1.0
74	0.0	54.48775068799999	-61.735704856000005	7.4398012416	10.0574745768	0.0	1.0
75	0.0	62.10866345600001	72.64468618400001	9.4344948096	12.490977492000003	0.0	1.0
75	0.0	61.54487964800001	74.948240864	10.318280448	16.9444293984	0.0	1.0
75	3.0	46.975876639999996	-79.04021675199999	10.095019200000001	7.057986969600001	0.0	1.0
75	0.0	75.205464992	-37.415556808	4.0372926719999995	8.081243856	0.0	1.0
75	0.0	21.81760515200002	-73.661099848	7.250216870399999	5.8776741072	0.0	1.0
75	0.0	93.832495904	-22.355477368000003	4.294981555200001	8.4928069296	0.0	1.0
75	0.0	-65.263576672	-55.484635696000005	7.4700818304	8.850375727200001	0.0	1.0
75	0.0	80.37068278400001	23.391047288000003	4.430010816	7.9472334816000005	0.0	1.0
75	0.0	-24.123088864000017	-81.09966099760001	12.1312189824	5.9522002848	0.0	1.0
75	0.0	94.06844854399999	11.186329951999998	4.8975545471999995	8.209945296	0.0	1.0
75	0.0	94.883557664	-7.265434624	5.3381424768	8.8401600504	0.0	1.0
75	0.0	-111.004783456	64.71909063200002	7.194946752	6.904631159999999	0.0	1.0
75	0.0	-95.79298825600002	59.760666560000004	11.2997361792	10.221106392000001	0.0	1.0
75	0.0	-80.955857248	-40.778887407999996	9.3653177856	16.379289309599997	0.0	1.0
75	0.0	54.33295145600001	-62.362319991999996	6.1900745087999995	9.903515479200001	0.0	1.0
75	0.0	-55.72858748799999	56.303424128	7.172853004799999	11.8339767504	0.0	1.0
76	0.0	79.67855504	1.1198663839999996	5.6192121215999995	9.666986364	0.0	1.0
76	1.0	15.790445215999998	-86.3280564496	11.6925973248	10.3689521712	0.0	1.0
76	0.0	93.952974752	10.285017680000001	4.8741737856	8.5608175968	0.0	1.0
76	0.0	95.07839734399998	-7.837351648000004	4.8958027776	8.756524224000001	0.0	1.0
76	0.0	-111.038031328	64.669017728	7.1182978944	7.1200451951999995	0.0	1.0
76	0.0	101.232113696	-39.24191068	9.1171742592	17.5172513544	0.0	1.0
76	0.0	80.50546179199999	22.183264711999996	4.5645395712	8.77834314	0.0	1.0
76	0.0	-24.267162976	-80.7444651328	13.869689433600001	6.1536582576	0.0	1.0
76	0.0	-65.688291424	-54.807947655999996	7.687122508799999	7.966056067200001	0.0	1.0
76	0.0	-95.78548067199999	59.76509067200001	11.3304815232	10.271561378400001	0.0	1.0
76	0.0	74.00174902400002	-38.21229915999999	5.6163520896	8.3851200216	0.0	1.0
76	0.0	52.46749558400001	-62.83750984	8.7723259008	9.2646133776	0.0	1.0
76	0.0	-54.80479715199999	57.05552316800001	6.8279331456	9.979891740000001	0.0	1.0
76	0.0	-80.965152352	-40.71413449600001	9.360026726400001	16.447621730399998	0.0	1.0
77	0.0	94.63151734400002	-9.292281207999997	5.798822131200001	7.363230588000001	0.0	1.0
77	0.0	-51.62658659199999	-72.525711832	12.270860044800001	10.5721797888	0.0	1.0
77	0.0	-110.99405833600002	64.870314824	7.0934871167999995	6.556875847200001	0.0	1.0
77	0.0	63.044251424000024	72.130684808	10.0915514112	15.120528897600002	0.0	1.0
77	0.0	63.53331689600002	70.17643387999999	9.1508153856	11.0193167448	0.0	1.0
77	0.0	93.79388547200001	9.32297441599999	4.8351700992	8.9989655616	0.0	1.0
77	0.0	73.28781353599999	-38.962387240000005	6.051577459200001	8.549495892000001	0.0	1.0
77	0.0	80.72782928	20.930838824000006	4.4416654464	8.3757891672	0.0	1.0
77	0.0	-95.98175036800002	59.7988748	10.8741276672	10.224866887200001	0.0	1.0
77	0.0	-80.93369200000001	-40.841428264	9.4515835008	16.3830296952	0.0	1.0
77	0.0	51.59733084800002	-63.944543319999994	8.2670654976	8.742769257600001	0.0	1.0
77	0.0	-54.06190384000001	57.36661867999998	7.202668838400001	9.7048527408	0.0	1.0
78	0.0	79.60026166400002	-0.13738580800000105	5.821916889600001	10.203510492	0.0	1.0
78	3.0	14.26783568	-85.739026156	11.641188249599999	8.1508029624	0.0	1.0
78	0.0	-110.96867555200001	64.83230768000001	7.2287666304	6.756725051999999	0.0	1.0
78	3.0	30.61649360000002	-81.55822020640001	10.1002745088	7.7513659776	0.0	1.0
78	0.0	80.89406864000001	19.85356755200002	4.286651712	8.5856127336	0.0	1.0
78	0.0	-95.85626646399999	59.77655314399998	11.195237760000001	10.3352887008	0.0	1.0
78	0.0	72.618923552	-40.352563888	6.1898600064	7.5109758192000005	0.0	1.0
78	0.0	-53.334025696	59.04657466399999	7.410879168	10.9024598592	0.0	1.0
78	0.0	-80.979810016	-40.834389904000005	9.466169664	16.5665096856	0.0	1.0
78	0.0	51.108980384000006	-64.654010008	7.837166937600001	9.2768199048	0.0	1.0
79	0.0	64.18647670400001	71.97845513600001	11.108936294400001	17.196523344000003	0.0	1.0
79	0.0	93.69092432000002	8.252540407999996	5.231356032	9.1044605232	0.0	1.0
79	0.0	-67.71676912	-52.320189039999995	8.1644618496	7.8032085264000015	0.0	1.0
79	0.0	-111.023373664	64.82245397599999	7.079115455999999	6.6075319295999995	0.0	1.0
79	0.0	-95.73471510400002	59.756242448000016	11.432405913599998	10.1892728952	0.0	1.0
79	0.0	81.05244291199999	18.836222888000005	5.0019099648	8.6269379616	0.0	1.0
79	0.0	72.08338255999999	-41.355228544	6.3864157056	7.9700578776	0.0	1.0
79	0.0	-80.982312544	-40.81850332	9.460485350399999	16.591827671999997	0.0	1.0
79	0.0	-52.752009183999995	59.82743043200001	7.148757235200001	10.188850593600002	0.0	1.0
79	0.0	49.97748022400004	-64.99426444	9.1117401984	9.2195678736	0.0	1.0
80	3.0	43.232452256000016	-80.6695367632	10.8158545152	7.279775748	0.0	1.0
80	0.0	78.44123369600003	-2.825033848000007	4.1900541312	10.040421636000001	0.0	1.0
80	0.0	81.273380384	17.624820583999995	4.2806098944	8.9659455984	0.0	1.0
80	3.0	30.413431328000005	-80.3964886144	6.3736528128	10.9845271368	0.0	1.0
80	3.0	68.12366825600003	-58.816193128	9.8729734656	7.9797305952	0.0	1.0
80	0.0	-95.71076233599999	59.77615095200001	11.4657252864	10.219095432	0.0	1.0
80	0.0	-111.132412384	64.788468752	6.955526323199999	6.6592136016	0.0	1.0
80	0.0	-51.257999968000014	61.430969936	7.6722503424	9.88688484	0.0	1.0
80	0.0	94.03663068800002	-11.330188072	5.5356634368	10.6226146656	0.0	1.0
80	0.0	64.49393014400002	71.288293664	10.979126592	17.413707024	0.0	1.0
80	0.0	71.70836086400001	-41.803873720000006	6.234762508799999	7.523222565600001	0.0	1.0
80	0.0	-80.95835977600001	-41.135430616	9.446328192000001	16.2936224136	0.0	1.0
80	0.0	49.103025439999996	-65.6297278	8.8922684928	8.73963216	0.0	1.0
81	0.0	-111.0265912	64.73477612	7.1851868928	6.699111048	0.0	1.0
81	0.0	77.963250848	-3.685925824000002	3.57396391296	10.7309249712	0.0	1.0
81	0.0	-50.722101472000006	63.67741335200001	7.4436265344	13.2980561784	0.0	1.0
81	0.0	-95.669649376	59.75101395199999	11.5386918528	10.2460624056	0.0	1.0
81	0.0	81.68307996799999	16.712448032	5.0418431616	8.2076125824	0.0	1.0
81	0.0	93.950829728	-12.157295920000003	5.553467136	10.9919676888	0.0	1.0
81	0.0	-50.395700319999996	61.662431431999984	7.6952378496	9.1915350912	0.0	1.0
81	0.0	71.32332905600002	-42.23824108000001	5.9574824064000005	8.071530919199999	0.0	1.0
81	0.0	-80.95549974400001	-41.150915008000005	9.4531922688	16.249200307200002	0.0	1.0
81	0.0	65.139582368	70.80666874399999	11.109079296	17.663669352000003	0.0	1.0
81	0.0	48.671160608	-66.50650636	8.1442271232	9.3382346232	0.0	1.0
82	0.0	-32.673154528	-77.892360784	12.2354313984	6.759037656	0.0	1.0
82	3.0	28.857216415999986	-83.431449556	6.829970918399999	6.4173152232	0.0	1.0
82	0.0	93.18005110400001	5.21076231200001	5.6053052160000005	9.028627221599999	0.0	1.0
82	0.0	68.57662582399998	-60.118088632	7.8772788864	7.576110813600001	0.0	1.0
82	0.0	-95.637116512	59.71340900000001	11.6818364544	10.346570186400001	0.0	1.0
82	0.0	-49.868739424000005	62.612408936	7.7499002112	9.8582889888	0.0	1.0
82	0.0	-111.10345456	64.80636629600001	7.007757657599999	6.613946892	0.0	1.0
82	0.0	93.54470518400001	-13.787983384000004	6.111459379199999	8.075713716000001	0.0	1.0
82	0.0	78.78300752	-4.5641120560000035	5.0474559744	10.7469523224	0.0	1.0
82	0.0	70.64800400000001	-42.61489388799999	5.6349065472	8.4473793432	0.0	1.0
82	0.0	81.81464144	15.230370511999995	5.1949978752	9.2760959592	0.0	1.0
82	0.0	-80.973374944	-41.1261802	9.430919769600001	16.3340829288	0.0	1.0
82	0.0	48.003343136000005	-67.31893420000002	8.8770388224	9.610458278400001	0.0	1.0
82	0.0	65.95719401599999	70.09338123200001	10.281457536000001	17.2562890752	0.0	1.0
83	0.0	-111.09737699200001	64.865287424	6.9610676352	6.570852019200001	0.0	1.0
83	0.0	93.11891792	4.3951169360000035	5.7232457856000005	8.4021528528	0.0	1.0
83	0.0	81.806061344	14.238363944	4.938739008	8.928059112	0.0	1.0
83	0.0	-49.185549280000004	63.11816537599999	7.764450624000001	10.0676098152	0.0	1.0
83	0.0	94.163187104	-14.551142704	5.500020288	8.5632307488	0.0	1.0
83	0.0	70.14213584	-43.498509712	5.8780450176	7.8621899831999995	0.0	1.0
83	0.0	-81.033078112	-41.071482087999996	9.3263856	16.2549717624	0.0	1.0
83	0.0	47.58613596800001	-67.70302756	7.666959283200001	9.3197539008	0.0	1.0
83	0.0	66.44125443200001	69.311922176	10.295435942400001	17.366952204	0.0	1.0
84	0.0	-95.82301859200001	59.737942712000006	11.3320902912	10.307376576	0.0	1.0
84	0.0	-57.290522464000006	-67.06957516	11.641045248	11.965835397600001	0.0	1.0
84	0.0	-71.494513888	-38.294145232	5.45551104	14.1872021424	0.0	1.0
84	0.0	-110.994773344	64.82225288000002	7.2285521280000005	6.7435733736	0.0	1.0
84	0.0	-48.233516128	63.579680696	7.5800858112	9.5947929	0.0	1.0
84	0.0	-81.012700384	-40.808046328	9.5267308416	16.766218123199998	0.0	1.0
84	0.0	69.509711264	-45.015175744	6.0391005696	6.5810475864	0.0	1.0
84	0.0	81.915457568	13.083469615999995	4.482635404800001	8.540748215999999	0.0	1.0
84	0.0	67.00289321599999	68.51357105599999	10.185646464	17.077876704	0.0	1.0
84	0.0	46.156119968	-68.763004576	8.6898854784	9.333971388	0.0	1.0
85	3.0	-36.25212707200001	-76.35719392	12.0360514176	7.011754999200001	0.0	1.0
85	3.0	9.676411808000005	-74.283693064	11.7203753856	10.3285117656	0.0	1.0
85	0.0	101.61893302400001	-39.92181625600001	9.0996923136	17.6769617976	0.0	1.0
85	0.0	93.09782518399999	2.5420172959999916	5.8873401216	8.184003912	0.0	1.0
85	0.0	-111.023731168	64.824464936	7.1249117184	6.7133687544	0.0	1.0
85	0.0	-95.722202464	59.751215048000006	11.523962688	10.323866448	0.0	1.0
85	0.0	93.25476944000002	-15.062529832000001	6.5441822208	10.226676751200001	0.0	1.0
85	0.0	-58.14924707200001	-67.320744064	10.842381312	11.8839893256	0.0	1.0
85	0.0	-81.011627872	-40.922872143999996	9.5246573184	16.808709708000002	0.0	1.0
85	0.0	91.06148240000003	-30.639828184	6.153001344000001	9.7527739176	0.0	1.0
85	0.0	82.105649696	12.061097551999994	4.6405806720000005	8.9210609712	0.0	1.0
85	0.0	-47.289705567999995	64.710242408	8.5496009088	10.763140550400001	0.0	1.0
85	0.0	68.95736758400001	-45.31802632	5.7144511872	7.6858489008	0.0	1.0
85	0.0	45.39928399999999	-69.397462456	8.7802624896	9.6409846512	0.0	1.0
85	0.0	67.66070057599998	68.023902296	10.3443424896	17.819016012000002	0.0	1.0
86	0.0	-95.78512316800001	59.747997512000005	11.4534986496	10.3868698248	0.0	1.0
86	3.0	26.386148768000012	-82.543711264	6.159793919999999	10.0587414816	0.0	1.0
86	0.0	93.39991606399998	-16.782705015999998	6.464673331199999	7.829511883200001	0.0	1.0
86	0.0	-58.849597408	-66.618516832	11.0568122112	12.8197292328	0.0	1.0
86	0.0	66.84022889600001	-61.445523328	5.9053940736	8.5048726896	0.0	1.0
86	0.0	-111.02301616	64.76996792	7.137746111999999	6.850274911200001	0.0	1.0
86	0.0	82.32944719999999	10.53236576	4.4811338880000005	8.4372239952	0.0	1.0
86	0.0	78.57780022400003	-8.524496680000004	5.698971264	11.671269976800001	0.0	1.0
86	0.0	91.48405212799999	-30.510121264	5.0706222336	9.822835763999999	0.0	1.0
86	0.0	-46.087777120000005	65.568721232	8.478922368	10.661788166400001	0.0	1.0
86	0.0	-81.067040992	-41.082140176	9.3005738112	16.2062663112	0.0	1.0
86	0.0	68.54409295999999	-45.841278112	5.482359590400001	7.074054540000001	0.0	1.0
86	0.0	44.351797280000014	-70.09204804000001	9.0271905024	8.7553578672	0.0	1.0
86	0.0	68.20053161599999	67.36993810399998	10.4163437952	17.7893945712	0.0	1.0
87	3.0	78.37295043199998	-8.257441191999995	5.8873401216	13.125153837600001	0.0	1.0
87	0.0	-37.894500448	-74.361517216	14.751830553600001	8.8567504704	0.0	1.0
87	0.0	-95.728280032	59.71180023200001	11.545949184	10.406235369600001	0.0	1.0
87	0.0	-72.26600752	-43.101948400000005	7.1035687296	12.119352083999999	0.0	1.0
87	0.0	-111.11203465599999	64.760114216	6.903831244800001	6.8007851856	0.0	1.0
87	0.0	-59.513482335999996	-65.67396892	11.0766894336	11.68820226	0.0	1.0
87	0.0	67.97423158400001	-46.223159416	5.4614813568	7.621799824799999	0.0	1.0
87	0.0	93.00415913600003	-17.150710696	6.177132864	8.1874828728	0.0	1.0
87	0.0	90.336464288	-32.34009486400001	6.4105472256	9.280600509600001	0.0	1.0
87	0.0	66.08589545599999	-61.532195704	7.297943654400001	8.9208799848	0.0	1.0
87	0.0	-45.40101193600001	66.039084776	8.4055625472	9.7751559024	0.0	1.0
87	0.0	82.44635100800001	9.674088032000007	4.3340567424	8.4136354344	0.0	1.0
87	0.0	-81.052025824	-41.09199388	9.3420085248	16.2353447928	0.0	1.0
87	0.0	43.55635088000003	-70.51716498399999	9.5024205696	8.937309528	0.0	1.0
87	0.0	68.40681142400001	67.04215162399998	11.1168371328	18.0458724096	0.0	1.0
88	3.0	-60.35611926399999	-64.850078608	10.943912447999999	11.8188744408	0.0	1.0
88	3.0	35.861792288000004	-82.67309643040001	11.6739713664	9.8227955448	0.0	1.0
88	0.0	-72.921312352	-41.119745128	7.5448716672	14.281435728	0.0	1.0
88	0.0	92.70850332799999	-17.730269368	6.018651340800001	8.862501816	0.0	1.0
88	0.0	-111.06984918399999	64.842563576	6.8404457856	6.472717171199999	0.0	1.0
88	0.0	66.21102185600004	-62.194404832000004	5.444321164800001	8.8600283352	0.0	1.0
88	0.0	67.30963164800002	-47.519424232000006	5.4272682240000005	7.568851248	0.0	1.0
88	0.0	82.52178435200004	8.508736712000008	4.59482016	9.0392048712	0.0	1.0
88	0.0	-44.59734294399999	66.970159256	8.3897966208	9.8529197256	0.0	1.0
88	0.0	90.99105411200003	-32.557077447999994	4.2938375424	9.2591435664	0.0	1.0
88	0.0	68.83939126399999	66.710142128	11.321686924800002	18.4711301208	0.0	1.0
88	0.0	-38.998472799999995	-73.258103464	14.225620416000002	9.896195584800001	0.0	1.0
88	0.0	-81.09278128000001	-40.927899544000006	9.3553076736	16.611132887999997	0.0	1.0
88	0.0	42.719434016	-71.07540748	9.399316416000001	9.2057123592	0.0	1.0
89	0.0	76.86928860800002	-13.283634616000004	3.7720962048	7.5346448183999994	0.0	1.0
89	0.0	101.706164	-40.187061879999995	9.2823053568	17.8920942984	0.0	1.0
89	0.0	-73.28453641600001	-42.465278464	7.304843481600001	9.6436190088	0.0	1.0
89	3.0	-61.049677024000005	-64.494741976	10.8193580544	11.808879969600001	0.0	1.0
89	0.0	-110.98512073600001	64.66841444	7.0330331904	6.8259825144	0.0	1.0
89	0.0	-43.74862844800001	67.361894264	8.582562777600002	9.5030126856	0.0	1.0
89	0.0	66.50381763200001	-47.99461408000001	5.4340608	7.2190849751999995	0.0	1.0
89	0.0	78.75011715200002	-11.636457279999997	4.6508052864	8.1407883816	0.0	1.0
89	0.0	90.807297056	-33.570802384000004	4.2549768576	7.8426032328	0.0	1.0
89	0.0	41.91969756800001	-71.835148168	9.357595699200001	8.8507175904	0.0	1.0
89	0.0	-81.08920624000001	-40.95182996799999	9.27544128	16.4854679976	0.0	1.0
89	0.0	-40.621898464000004	-73.547078416	11.8827537024	8.3098296792	0.0	1.0
89	0.0	69.86614275200002	65.441427464	10.2730204416	17.4169647792	0.0	1.0
90	0.0	41.19682447999998	-72.43280548	8.4855719424	8.972340451200001	0.0	1.0
90	0.0	-74.84110883199999	-41.21586901599999	5.5191825024000005	8.9917864344	0.0	1.0
90	0.0	91.87659151999999	-18.947905648000006	6.028732953600001	10.7579522736	0.0	1.0
90	0.0	82.812435104	6.345547040000003	4.6040795135999995	8.98597476	0.0	1.0
90	3.0	76.23972406400001	-7.069366024000001	8.639262912	17.2042856496	0.0	1.0
90	0.0	77.63327465600001	-13.290069688000004	5.6005861632	10.516094114400001	0.0	1.0
90	0.0	-110.95330288	64.734977216	7.2581177088	6.756725051999999	0.0	1.0
90	0.0	-73.840097632	-39.743041911999995	7.420138521600001	13.262522515199999	0.0	1.0
90	0.0	-42.898483936	68.139130304	8.6128791168	9.302881946400001	0.0	1.0
90	3.0	34.65092624000004	-83.3838099136	11.9999435136	9.6590832912	0.0	1.0
90	0.0	-41.09988131200001	-73.337536384	12.8486222592	7.566538644	0.0	1.0
90	0.0	-81.08277116800001	-40.982396560000005	9.2929232256	16.6298147064	0.0	1.0
90	0.0	101.774447264	-40.255836712	9.2256052224	17.7345758016	0.0	1.0
90	0.0	70.21542416000001	65.18905198399999	10.1369544192	17.641247147999998	0.0	1.0
91	3.0	77.79200643200001	-12.343711911999998	5.612062041600001	11.239195111199999	0.0	1.0
91	0.0	-111.050543968	64.68510540799998	7.122552192	6.8014890216	0.0	1.0
91	0.0	-74.45857955200002	-40.690204072	7.270272844799999	9.0635777064	0.0	1.0
91	0.0	40.41853827199998	-73.491978112	9.171693619200001	8.7503103576	0.0	1.0
91	3.0	33.95951350400001	-83.749784524	11.7554107776	9.2867540472	0.0	1.0
91	0.0	65.114914592	-49.883106616000006	6.1941500544	6.7957980048	0.0	1.0
91	1.0	4.855112863999992	-86.7541788736	12.1071232128	8.27962506	0.0	1.0
91	0.0	-74.317007968	-38.668384888000006	7.5051529728	13.6810435104	0.0	1.0
91	0.0	63.75461187200002	-64.018747744	7.429004620799999	7.573597113600001	0.0	1.0
91	0.0	-42.12556028799998	-72.74168893599999	13.321135296	7.5900065472	0.0	1.0
91	0.0	-41.91356041600001	69.168339632	9.083997888	10.1166169104	0.0	1.0
91	0.0	82.79813494399998	4.969447112	4.353004454400001	8.5170389976	0.0	1.0
91	0.0	-81.054528352	-41.041518784	9.3497663616	16.461034833600003	0.0	1.0
91	0.0	70.86143388800002	64.75508681599999	10.3748375808	17.4765093048	0.0	1.0
92	0.0	-95.86341654400002	59.78419479200002	11.26226976	10.307818987200001	0.0	1.0
92	0.0	76.819238048	-16.459945936000008	4.7475458688	8.896185396	0.0	1.0
92	0.0	92.05963356800001	-20.718354832000003	5.4636978816	10.6852761792	0.0	1.0
92	1.0	4.171207711999994	-87.1318371616	12.146055398400001	9.1807764552	0.0	1.0
92	0.0	92.682405536	-3.5296742320000036	5.9821859328	8.9450718336	0.0	1.0
92	3.0	77.43485993599998	-12.716141703999996	5.7438022656	11.50972956	0.0	1.0
92	0.0	62.79185360000001	-64.676733856	8.4137136384	8.5056167448	0.0	1.0
92	0.0	-43.364311648	-71.605094344	13.4647446528	8.2262742912	0.0	1.0
92	0.0	-111.08665187199999	64.80093670400001	7.0146932352	6.699935541600001	0.0	1.0
92	0.0	82.64977078400001	4.000566584	4.391579136000001	8.4331015272	0.0	1.0
92	0.0	39.21410729599998	-73.623897088	9.3009670656	8.9043901128	0.0	1.0
92	0.0	-74.79177328	-38.437727776	7.169385215999999	11.8904445072	0.0	1.0
92	0.0	64.741680416	-50.59579084000001	5.763893990400001	7.7931336168	0.0	1.0
92	0.0	-81.06954352	-41.000294104000005	9.3466560768	16.307679024	0.0	1.0
92	0.0	-63.269419360000015	-61.430038935999995	10.777565836800001	12.09039426	0.0	1.0
92	0.0	71.383032224	63.90686388800002	10.7400279168	18.7452842976	0.0	1.0
93	0.0	71.67582800000001	63.211675015999994	10.7464987392	19.651302216	0.0	1.0
93	3.0	77.10309622400001	-14.351454376000005	6.2393743104	12.9786956208	0.0	1.0
93	0.0	88.26615862400001	-36.936747231999995	6.5053572864	10.8048277512	0.0	1.0
93	0.0	-44.35316771200001	-70.42486192	13.3306806528	9.4768903152	0.0	1.0
93	0.0	-96.07041136000001	59.760063272000004	10.761227904	10.3425281568	0.0	1.0
93	0.0	72.99644777600001	58.948439816000004	6.7652626944	8.1214429464	0.0	1.0
93	0.0	77.08808105599998	-15.866310544	6.1119241344	11.5014242952	0.0	1.0
93	0.0	92.61304976000001	-4.197715144000004	5.9310986112	8.9111871576	0.0	1.0
93	0.0	-111.13169737600002	64.70360624	6.910409318399999	6.8572328328	0.0	1.0
93	0.0	82.86427318399998	2.82898128799999	4.5868120704	9.3143846376	0.0	1.0
93	0.0	91.70034204800001	-20.732230455999993	5.7317901312	11.0589929856	0.0	1.0
93	0.0	-63.668751328000006	-60.463370464	10.5638141952	12.2264155944	0.0	1.0
93	0.0	-75.300143968	-37.945042576	7.2554006784	11.217195208800002	0.0	1.0
93	0.0	63.85650051200001	-51.076812472	6.2654006016	8.453774196000001	0.0	1.0
93	0.0	-39.973028703999994	69.71652732800001	8.587603584	9.360918252	0.0	1.0
93	0.0	-81.073833568	-40.963493536	9.360884736000001	16.3086040656	0.0	1.0
94	0.0	92.68991312000001	-5.004110103999995	6.149712307200001	8.9657847216	0.0	1.0
94	0.0	-95.694674656	59.785602464	11.5664699136	10.3541112864	0.0	1.0
94	0.0	-111.13956246400001	64.72512351200001	6.8788774656	6.7835311488	0.0	1.0
94	0.0	-64.14780668799999	-60.0694234	10.6869385728	11.633785682400001	0.0	1.0
94	3.0	31.601059616000004	-85.1234109712	11.6736496128	12.4505370864	0.0	1.0
94	0.0	61.76831964799998	-65.466236752	8.6855239296	9.1292355504	0.0	1.0
94	0.0	73.618504736	58.215042704	6.929857535999999	8.8175166408	0.0	1.0
94	3.0	77.02408784000004	-16.495137736	6.035775782400001	11.3964722928	0.0	1.0
94	0.0	82.91253622400002	1.8866454319999906	4.4173909248	9.766026144	0.0	1.0
94	0.0	76.47639171199998	57.64694650399999	12.476317593600001	9.5326140168	0.0	1.0
94	0.0	91.61311107200001	-22.3287316	5.997308352	10.075070476799999	0.0	1.0
94	0.0	-75.79671702400002	-36.88184802400001	7.110933312	11.250919008	0.0	1.0
94	0.0	63.218355872	-51.922823344	6.015719808000001	8.2844312544	0.0	1.0
94	0.0	-38.938412128	70.881074264	8.8055380224	9.192017721600001	0.0	1.0
94	0.0	-45.218327392	-70.0236754	13.1469950976	9.1566650448	0.0	1.0
94	0.0	-81.034150624	-40.974553816000004	9.428524492800001	16.3100720664	0.0	1.0
95	0.0	36.363727904000015	-76.28580484	10.3617886848	10.6460021304	0.0	1.0
95	0.0	92.755336352	-6.020047095999997	5.8496234496	8.5099403088	0.0	1.0
95	0.0	-95.68323452800001	59.781982735999996	11.5175633664	10.261687564799999	0.0	1.0
95	0.0	82.93863401600001	0.7605078319999902	4.2838631808	10.1139825528	0.0	1.0
95	3.0	30.475279520000033	-85.13298314080001	11.0759386752	10.653362244	0.0	1.0
95	0.0	-76.33082800000001	-36.236128768	6.6791042304	9.603520466400001	0.0	1.0
95	0.0	76.05739702400001	56.931849128	9.9348216576	9.864563184	0.0	1.0
95	0.0	76.760964896	-17.749775679999996	5.909219366400001	11.2726574856	0.0	1.0
95	0.0	74.27559708799998	57.178191727999994	6.8114164608	9.873833709600001	0.0	1.0
95	0.0	-64.82849430399999	-59.18600867200001	10.4489124096	12.634439378400002	0.0	1.0
95	0.0	-111.074496736	64.87232578400001	6.9962817792	6.62008032	0.0	1.0
95	0.0	62.62847427200002	-52.507409416	6.1852482048	8.3262391128	0.0	1.0
95	0.0	-38.074682464	71.320871216	8.896379788800001	8.8687961208	0.0	1.0
95	0.0	91.283492384	-23.45969550400001	5.7266063232	11.598513444	0.0	1.0
95	0.0	-81.020565472	-41.050165912000004	9.417263116800001	16.2242040744	0.0	1.0
95	0.0	-46.649773408	-69.152728624	13.905976089600001	9.882460728	0.0	1.0
95	0.0	61.26173647999998	-66.06811708	8.771003136000001	8.7200454096	0.0	1.0
96	0.0	92.77821660800002	-6.7689286000000015	5.4773187839999995	8.4833151984	0.0	1.0
96	3.0	29.651947808	-85.0458281344	11.2624127616	10.491620731200001	0.0	1.0
96	0.0	-111.04446640000002	64.89464743999999	6.996853785599999	6.6258115559999995	0.0	1.0
96	0.0	82.88536591999998	-0.871788400000003	4.2086085888	8.6092012944	0.0	1.0
96	0.0	-65.761937248	-58.00014555999999	10.197765849600001	12.545414179200002	0.0	1.0
96	0.0	-81.057745888	-40.840020592	9.2884186752	16.5568168584	0.0	1.0
96	0.0	-47.49384035199999	-68.497960048	13.000311206400001	9.440491939200001	0.0	1.0
96	0.0	61.97745948799998	-53.15272648	6.1789561344	8.0142989976	0.0	1.0
96	0.0	91.089010208	-24.388155735999998	5.6327972736000005	10.0952404056	0.0	1.0
96	0.0	-76.51279753600001	-34.716245199999996	6.8863135488000005	11.1431114424	0.0	1.0
96	0.0	-37.067593695999996	72.19121470399999	9.2129495808	9.3214431072	0.0	1.0
96	0.0	60.656482208000035	-66.661752472	9.1848497664	8.619678396000001	0.0	1.0
96	0.0	74.53192745600002	56.03697192799999	7.479948940799999	9.5943303792	0.0	1.0
96	0.0	35.98477366400001	-77.064850744	10.3049812992	11.4281046936	0.0	1.0
97	3.0	16.629507104000027	-85.6465421056	9.905327577600001	8.7219960408	0.0	1.0
97	3.0	76.23150147200002	-18.161218095999995	6.009213235199999	14.544610063199995	0.0	1.0
97	0.0	87.31770051200002	-39.50755849600001	6.963677414399999	9.1127858976	0.0	1.0
97	0.0	82.91217872000003	-1.7365012000000042	4.4898569856	8.653060332	0.0	1.0
97	0.0	101.95391427199999	-40.795980568000004	9.15567744	17.8122390768	0.0	1.0
97	0.0	35.02487542399998	-77.026240312	10.5092590848	10.4382699624	0.0	1.0
97	0.0	-95.60136611200001	59.75201943200001	11.7017851776	10.3452429528	0.0	1.0
97	3.0	29.065998752	-85.3933622416	11.6677865472	10.043337528	0.0	1.0
97	0.0	-111.062699104	64.925415128	6.884347276800001	6.4614759048	0.0	1.0
97	0.0	60.10306601600003	-67.206119344	8.984254272	8.6812539912	0.0	1.0
97	0.0	-77.03689840000001	-34.035937432000004	7.103068224	10.981048176	0.0	1.0
97	0.0	89.39622876799999	-23.547976647999995	4.1382160512	11.6871565608	0.0	1.0
97	0.0	-66.259582816	-57.424005519999994	10.3660787328	12.2519145672	0.0	1.0
97	0.0	-81.06096342400001	-40.868978416000004	9.2717589888	16.6503063888	0.0	1.0
97	0.0	75.04208566400001	55.54006371199999	7.8870029952	9.7451523792	0.0	1.0
97	0.0	90.84733750400001	-24.117279424000003	6.0946209408	11.3552677224	0.0	1.0
97	0.0	-36.12628566400001	72.88801234399999	9.532844160000002	9.4741353	0.0	1.0
98	0.0	75.68952540800001	54.80606331199999	7.5751880063999995	9.4504461912	0.0	1.0
98	0.0	-95.781905632	59.76830820799999	11.3091385344	10.3860654408	0.0	1.0
98	0.0	-111.03910384000001	64.79671368800001	7.0924861056	6.5497771584	0.0	1.0
98	1.0	27.846910112000003	-85.37019598239999	11.0323589376	10.019588090400001	0.0	1.0
98	0.0	59.88999363200001	-54.876320296	7.692735321600001	8.84369934	0.0	1.0
98	3.0	75.95443587200002	-19.59362490399999	5.731682880000001	11.1791679552	0.0	1.0
98	0.0	75.93548816	-20.796178984	5.5999784064	10.352824272000001	0.0	1.0
98	0.0	86.75391670400002	-38.684070375999994	7.2210802944	11.8031688432	0.0	1.0
98	0.0	59.61900560000002	-67.72514812	9.067373952	8.742346956	0.0	1.0
98	0.0	-77.484135904	-32.794974016	7.2013460736	11.5586562168	0.0	1.0
98	0.0	82.89537603199999	-2.5479235600000036	4.3898988672	9.117974174399999	0.0	1.0
98	3.0	15.933089312000016	-85.9411075264	10.020122112000001	8.3657745864	0.0	1.0
98	0.0	101.99967478399999	-40.868978416000004	8.7978874368	17.7615427752	0.0	1.0
98	0.0	90.69718582400002	-25.483123456	6.085397337600001	11.9450219616	0.0	1.0
98	0.0	-34.986920416	73.31333038400001	9.5497898496	9.4765685616	0.0	1.0
98	0.0	-81.111728992	-40.805633176	9.3253488384	16.929809719199998	0.0	1.0
99	0.0	75.74958608000003	-21.644200815999994	5.6695129344	11.698317388800001	0.0	1.0
99	0.0	59.186068255999984	-68.470409896	8.657888870399999	7.71002064	0.0	1.0
99	0.0	-111.00800099199999	64.67303964800001	7.1331700608	6.817254948	0.0	1.0
99	13.0	15.251686687999987	3.4960167200000103	21.8908279296	4.3243482744	0.0	1.0
99	0.0	82.874998304	-4.440840207999995	4.446563251200001	9.363854253600001	0.0	1.0
99	1.0	-1.4662728640000047	-88.533657268	11.9193263616	10.4448055824	0.0	1.0
99	0.0	-50.343147232	-66.07917736	11.8520798592	9.831885084	0.0	1.0
99	0.0	-95.672866912	59.761068752	11.5627876224	10.284250536	0.0	1.0
99	0.0	90.53595151999998	-26.386245592	5.947293542400001	12.229934774400002	0.0	1.0
99	0.0	102.025057568	-40.857314847999994	8.6590328832	17.7329067048	0.0	1.0
99	0.0	-81.0588184	-40.75737013599999	9.489192921599999	17.1390702168	0.0	1.0
100	0.0	-7.045122784	-76.12412365600001	10.673818176000001	10.199569010400001	0.0	1.0
100	3.0	-58.94040342399999	-94.6077016192	7.8306246144	10.9062203544	0.0	1.0
100	0.0	-33.00849328	74.14325357599999	9.8441228928	7.6932894528	0.0	1.0
100	3.0	74.35496297599998	-19.13231068	7.789869158399999	14.5436850216	0.0	1.0
100	3.0	85.90305718400002	-41.86420251999999	7.841814489600001	9.8788812192	0.0	1.0
100	0.0	32.333585312000004	-77.462417536	10.393713792	8.4167323128	0.0	1.0
100	0.0	-51.29339286400001	-65.533603912	11.007762662400001	9.390157610400001	0.0	1.0
100	3.0	75.09285123200003	-20.18102632	6.408366451200001	12.9021383736	0.0	1.0
100	0.0	-111.04089136	64.70762816	7.154727552	6.730944544800001	0.0	1.0
100	0.0	-95.61387875200002	59.743372304	11.7165858432	10.3798515744	0.0	1.0
100	0.0	-67.72105916800001	-55.28534956000001	10.326324288	12.608940405599999	0.0	1.0
100	3.0	26.292482720000002	-85.53728664879999	11.197382784	9.120970504799999	0.0	1.0
100	0.0	59.00481372799999	-68.163939592	8.617097664000001	8.980102756800001	0.0	1.0
100	3.0	14.421204895999992	-86.00845457679999	10.031526489600001	8.8684140384	0.0	1.0
100	3.0	-1.8491596480000099	-88.3804020064	11.7294559872	10.5792382584	0.0	1.0
100	0.0	101.99359721600001	-40.839417304	8.6908507392	17.7950051496	0.0	1.0
100	0.0	90.406892576	-26.917139032	5.9888712576000005	13.083144883200001	0.0	1.0
100	0.0	-81.043445728	-40.674518584000005	9.484187865600001	17.2900732032	0.0	1.0
101	3.0	25.540294303999985	-85.832736892	10.9411239168	8.9114485824	0.0	1.0
101	3.0	85.204136864	-42.142921576	7.805134579199999	9.8501244912	0.0	1.0
101	3.0	74.98631504000001	-21.693670432	5.8652821248	14.890454964	0.0	1.0
101	0.0	-51.86146672000001	-64.39580274400001	11.044299571200002	9.7747134912	0.0	1.0
101	0.0	82.228273568	-5.667324711999998	4.580698752	10.0363192776	0.0	1.0
101	0.0	-79.269868384	-29.615445160000004	7.4274673536	11.5538500224	0.0	1.0
101	0.0	-68.339541088	-54.557583136	9.8483771904	11.9481791688	0.0	1.0
101	3.0	58.622641952000016	-56.75154049600001	6.3972838272	8.3112574608	0.0	1.0
101	0.0	-95.656064224	59.755438063999996	11.6884502784	10.4034803544	0.0	1.0
101	0.0	-111.06555913600002	64.74945612799998	7.1215511808	6.6097842047999995	0.0	1.0
101	0.0	31.344371743999986	-77.874061048	10.090729152	7.490303150400001	0.0	1.0
101	0.0	-32.02642979200001	74.807071472	9.7874942592	8.221930617600002	0.0	1.0
101	0.0	77.83204688000002	52.722306560000014	6.983983641600001	9.3896146512	0.0	1.0
101	0.0	90.160929824	-28.23733427200001	5.8994595072000005	12.0108809016	0.0	1.0
101	0.0	58.46641270400001	-68.65199958400001	8.816120140799999	9.3926310912	0.0	1.0
101	0.0	102.02613008	-40.897332952	8.698608576	17.7363253368	0.0	1.0
101	0.0	-81.004835296	-40.723384912	9.5316643968	17.368762068000002	0.0	1.0
102	3.0	-3.602359264000001	-88.5483573856	12.152812224000002	10.2502250928	0.0	1.0
102	3.0	-9.099340768000005	-75.963447952	11.2960181376	10.1440061856	0.0	1.0
102	3.0	-58.818137056000005	-94.6538330416	7.989499392000001	10.7496671184	0.0	1.0
102	3.0	84.95924662400002	-43.607302648	7.884965222400001	9.695039256000001	0.0	1.0
102	3.0	57.89083126399999	-57.09702342399999	6.0846465792	8.4041437032	0.0	1.0
102	0.0	-111.12275977600001	64.87855976	6.99724704	6.414761304	0.0	1.0
102	0.0	82.177150496	-6.473116384	4.583094028800001	11.2163103864	0.0	1.0
102	3.0	-53.21998192	-63.347891488	11.256799948800001	10.828215216	0.0	1.0
102	3.0	25.25858115199998	-86.1894409768	11.4237543168	9.0901223784	0.0	1.0
102	0.0	-95.62067132800001	59.757046832000015	11.715763584	10.332352699200001	0.0	1.0
102	3.0	-79.450765408	-29.025228400000003	6.684717043200001	10.8406630584	0.0	1.0
102	0.0	89.995405472	-30.190177528	5.5819602048000005	9.7924300488	0.0	1.0
102	0.0	-31.110147040000005	75.43891510399999	9.8325755136	8.248555728	0.0	1.0
102	3.0	74.80792054399998	-23.355728872	6.552690816000001	15.307829712	0.0	1.0
102	0.0	57.78715510400002	-69.287462944	9.0473179776	9.5078993184	0.0	1.0
102	0.0	-81.032720608	-40.774061104	9.555760166399999	17.4156777648	0.0	1.0
103	3.0	-54.155927392	-62.257750072	10.8521411712	10.973909268	0.0	1.0
103	0.0	90.77404918399999	-11.706036496000005	7.1897271936000005	10.6230168576	0.0	1.0
103	0.0	78.553847456	51.21107012	7.4025850752	9.7872015528	0.0	1.0
103	0.0	74.361040544	-27.691760824000006	5.769578304	9.1312465104	0.0	1.0
103	0.0	-80.231554144	-28.19188657600001	7.529570496	11.4662727144	0.0	1.0
103	0.0	103.08469942400002	-47.482221472	6.998677056	4.9270732056	0.0	1.0
103	3.0	12.286191007999998	-86.2960419664	10.1114286336	8.703133236000001	0.0	1.0
103	3.0	74.226976544	-22.85721188800001	6.500459481599999	12.5120322432	0.0	1.0
103	0.0	-95.586350944	59.708582696	11.8048893312	10.361169756	0.0	1.0
103	0.0	81.98195331199999	-7.545561351999998	5.1132724608	11.3730446088	0.0	1.0
103	0.0	-111.066989152	64.67645827999999	7.0822614912	6.7700174976	0.0	1.0
103	0.0	90.19167516800002	-29.917893543999995	5.380506700800001	10.7041188744	0.0	1.0
103	0.0	90.62103747200003	-8.992648167999999	7.6469390592	15.3938384712	0.0	1.0
103	0.0	-29.956124128	75.981673208	9.629012736	7.840029204	0.0	1.0
103	0.0	57.11612009599998	-70.03252362399999	9.1699776	8.9503606584	0.0	1.0
103	1.0	-4.261596640000001	-87.943943248	12.070407552	9.6790119048	0.0	1.0
103	0.0	-81.049523296	-40.64817500800001	9.4895146752	17.584437528000002	0.0	1.0
104	3.0	80.48436905600003	-5.867415232000004	7.897442111999999	16.2337360248	0.0	1.0
104	3.0	-59.22998166399999	-94.6667635144	7.908381734400001	10.7947528416	0.0	1.0
104	0.0	-111.05876656000001	64.7357816	7.143430425600001	6.6647839608	0.0	1.0
104	3.0	11.690946848000008	-86.1735745024	9.8657876352	9.2116446912	0.0	1.0
104	0.0	-28.926155104	76.569476816	10.3310433408	8.1927113688	0.0	1.0
104	0.0	89.58141584	-30.544307584000002	6.085075584	12.2252693472	0.0	1.0
104	0.0	90.863425184	-11.55300244	7.0184470272000015	11.659445532	0.0	1.0
104	3.0	-10.743859168000004	-75.632846128	11.7607375872	10.7206087464	0.0	1.0
104	0.0	-95.703612256	59.68404898400001	11.596929254399999	10.3548955608	0.0	1.0
104	0.0	-80.50611721599999	-26.761892919999994	7.4760163968	11.3526936936	0.0	1.0
104	0.0	56.79722652800003	-70.179122608	9.1469900928	9.1990158624	0.0	1.0
104	0.0	90.60566480000001	-9.617654536000003	7.5842686079999995	15.367112812800002	0.0	1.0
104	0.0	102.00968489600004	-40.947808048000006	8.898632064000001	18.008026142400002	0.0	1.0
104	1.0	-4.948719328000005	-87.8384080672	12.130575475199999	9.1977087384	0.0	1.0
104	0.0	-80.984457568	-40.617206224	9.6364845696	17.4707981784	0.0	1.0
104	0.0	-54.91490838399999	-61.273184056	10.2797772672	11.021327704800001	0.0	1.0
104	3.0	73.92774569600003	-25.422995752	6.6586192512	15.128552628000001	0.0	1.0
105	1.0	-5.793143776000001	-88.2645103816	12.164431104	10.7002980504	0.0	1.0
105	0.0	78.93029916800002	50.018369744	7.7638786176000005	10.965664332000001	0.0	1.0
105	0.0	-27.99878972800001	76.88901836000001	10.0750347264	7.8719230296000005	0.0	1.0
105	0.0	-95.533797856	59.651873624	11.926547942400001	10.467066909600002	0.0	1.0
105	0.0	81.614796704	-9.911656888000003	4.9607970048	12.3612102432	0.0	1.0
105	0.0	56.47618793599999	-70.133674912	8.679839615999999	9.9944510904	0.0	1.0
105	0.0	-111.038031328	64.666805672	7.126913740800001	6.766538536800001	0.0	1.0
105	0.0	102.08476073599998	-40.920660088000005	8.822698214399999	18.084764376	0.0	1.0
105	3.0	23.051708959999996	-86.92927316080001	11.783868096	9.512242992000001	0.0	1.0
105	3.0	-59.717259615999986	-94.50397630239999	7.169885721600001	10.8522059688	0.0	1.0
105	0.0	89.37549353600001	-32.02960264	6.2720859264	10.2370533048	0.0	1.0
105	3.0	73.50160092800003	-26.633392576	6.3085870848	15.242513731199999	0.0	1.0
105	0.0	90.70505091200002	-10.981688703999998	6.7790623488	14.180988276	0.0	1.0
105	0.0	-81.04559075200001	-40.701264351999995	9.5214755328	17.5299204024	0.0	1.0
105	3.0	-12.056971359999997	-75.49871509600001	11.0485896192	10.7893634688	0.0	1.0
105	0.0	-80.742069856	-25.693670968000003	7.174926528	11.2675697568	0.0	1.0
105	3.0	11.42389136	-85.9641330184	9.0668019456	9.7373297448	0.0	1.0
105	0.0	-55.67925193599999	-60.138399328	10.3911397632	11.4820989696	0.0	1.0
106	3.0	-12.901395807999993	-75.565680064	11.819189491200001	10.7421059088	0.0	1.0
106	0.0	90.01363817600003	-11.088269584	7.913529792	15.880350024	0.0	1.0
106	0.0	-26.785421152000012	77.421118376	10.1290893312	7.8522357311999995	0.0	1.0
106	3.0	22.159021472000006	-84.72731218	11.631321139200002	15.0934814856	0.0	1.0
106	0.0	89.09163536	-32.073642664	6.3340413696	11.854508652000002	0.0	1.0
106	3.0	10.158327200000008	-83.6587483648	10.4207410944	14.0801989608	0.0	1.0
106	0.0	90.47946588800001	-13.167200031999995	7.0107249408	11.3961505392	0.0	1.0
106	3.0	-80.88221142399999	-24.815685832	7.0920571008	11.1154406328	0.0	1.0
106	3.0	-59.647903840000005	-94.55931792160001	8.238786931200002	10.9954868688	0.0	1.0
106	3.0	-6.392677983999997	-88.2923621776	11.9814605568	11.1821240664	0.0	1.0
106	0.0	-56.50365616000001	-59.202096352	10.0785382656	11.3163154272	0.0	1.0
106	0.0	81.502897952	-11.850423424000004	4.9060988928	9.843086131200002	0.0	1.0
106	0.0	-81.08741872	-40.77325672	9.405572736	17.4030891552	0.0	1.0
106	3.0	73.17627228799998	-27.340647207999996	6.476006208	15.1953567192	0.0	1.0
107	0.0	-57.891129184	-57.284645991999994	9.0464242176	11.1646086048	0.0	1.0
107	0.0	-25.84768815999999	78.038684192	10.1645179776	7.829954294400001	0.0	1.0
107	0.0	-110.959380448	64.69898103199999	7.0967761536000005	6.7559005584	0.0	1.0
107	0.0	90.27461609600002	-14.175294279999996	6.8402312832	10.318316198400002	0.0	1.0
107	3.0	52.53470633600001	-60.96751813600001	9.7681175424	8.700760303200001	0.0	1.0
107	0.0	54.72048579199999	-72.582622	10.172418816	11.1555190656	0.0	1.0
107	0.0	88.36554473600002	-31.599257199999993	7.0597029888	15.467439607200001	0.0	1.0
107	3.0	72.59389827200002	-29.334514047999992	6.1769898624	13.626445946399999	0.0	1.0
107	0.0	81.59549148800001	-12.329031903999995	4.2975913344	10.632488479200001	0.0	1.0
107	3.0	-59.898514144	-94.5751039576	8.174471961600002	10.9945618272	0.0	1.0
107	3.0	89.268242336	-9.208223079999998	8.4570788736	19.851875366399998	0.0	1.0
107	0.0	-81.202535008	-24.090332560000004	7.088768063999999	11.062693152	0.0	1.0
107	0.0	-81.032363104	-41.036893576000004	9.3927740928	17.0002737576	0.0	1.0
108	3.0	-14.949178720000008	-71.839974472	11.8932285696	17.825048892	0.0	1.0
108	3.0	-16.021333216	-73.377554488	9.999422630400002	14.7357317016	0.0	1.0
108	0.0	54.020492959999984	-73.049566912	9.9205929984	10.7979100488	0.0	1.0
108	0.0	82.57505244800001	-47.673262672	7.36190112	8.229371169600002	0.0	1.0
108	3.0	-7.957115488	-88.5707795896	12.204829056000001	10.783672452	0.0	1.0
108	3.0	89.20174659199998	-10.196408823999997	8.1491964288	20.345686704000002	0.0	1.0
108	0.0	90.13590454400001	-15.881996032000004	6.654436454400001	8.8900318584	0.0	1.0
108	3.0	51.487577120000026	-61.458393472	10.297545216	8.883616896	0.0	1.0
108	0.0	-110.95008534399999	64.74623859200003	7.126842240000001	6.5603749176	0.0	1.0
108	3.0	53.06953232	-61.39846686400001	7.233163929600001	8.556534252	0.0	1.0
108	3.0	8.724378655999997	-86.1212292136	10.2976167168	9.827139218400001	0.0	1.0
108	0.0	81.03957276800001	-14.032918311999998	5.110734182400001	9.3079696752	0.0	1.0
108	3.0	-59.611080928	-94.4896582672	8.6720460288	11.1444185664	0.0	1.0
108	0.0	102.02470006400002	-40.88928911200001	8.7753646848	18.0030992904	0.0	1.0
108	0.0	-24.822724191999992	78.118519304	10.593379776	7.5232426752	0.0	1.0
108	0.0	-80.912956768	-41.045540704000004	9.613818816	17.048013948	0.0	1.0
108	0.0	-58.71839343999999	-56.248197208	9.1390892544	11.2053506544	0.0	1.0
108	0.0	-81.681232864	-22.799095144	6.9423344255999995	11.8705762224	0.0	1.0
108	3.0	72.308967584	-29.73610276000001	6.5965565568	15.724058212800003	0.0	1.0
109	1.0	7.87745168000001	-86.310038248	10.1575824	8.9433021888	0.0	1.0
109	0.0	53.64475625600003	-73.164191632	9.736013683200001	10.002675916800001	0.0	1.0
109	1.0	-17.33766294400002	-75.37443776799999	9.0308012928	11.2432371408	0.0	1.0
109	0.0	-110.98083068800001	64.71989501600002	7.1536192896	6.7053852432	0.0	1.0
109	0.0	88.92825603200001	-11.042821888	8.5796669952	20.512395288	0.0	1.0
109	0.0	-23.705881696	78.75136841599999	10.441941081600001	8.0772621552	0.0	1.0
109	3.0	70.557555488	-30.316465816000004	8.5033756416	16.5012138144	0.0	1.0
109	0.0	81.53721833600001	-15.237483351999998	3.8826364416	9.5645681712	0.0	1.0
109	0.0	87.80891100800001	-32.902560376000004	7.1835066240000005	18.1628298432	0.0	1.0
109	0.0	-82.155283168	-21.756211288000006	7.1135430911999995	11.7163758096	0.0	1.0
109	0.0	-81.04451824	-40.924279816	9.3497663616	17.2359582696	0.0	1.0
109	1.0	-8.715738976000006	-88.2807187192	11.938095321600002	11.3913041256	0.0	1.0
109	0.0	101.93139151999999	-40.876418968	8.8061457792	17.8959553416	0.0	1.0
109	0.0	-59.20817391999999	-55.739424328	9.3407215104	11.159420328	0.0	1.0
110	1.0	71.36229699199998	-31.657575040000005	6.4253836416	15.3797014224	0.0	1.0
110	3.0	-59.741927392	-54.495243376	9.305650368	11.9368976832	0.0	1.0
110	0.0	-72.974937952	-46.195408168	9.0913624704	13.592440612799997	0.0	1.0
110	3.0	88.044863648	-34.31606416	6.9093725568	16.0367222736	0.0	1.0
110	3.0	88.785611936	-11.533093936	8.247474278399999	20.862503424	0.0	1.0
110	3.0	7.34119567999999	-86.0895767032	10.0658468736	9.8355249216	0.0	1.0
110	3.0	-59.30219747200001	-94.5224771344	8.7552014592	11.120045731200001	0.0	1.0
110	0.0	-80.752079968	-41.23638080799999	9.92788608	16.3766147328	0.0	1.0
110	0.0	79.69714524799998	49.860509384	10.112429644799999	18.8399602944	0.0	1.0
110	0.0	80.721036704	-16.664460568	5.050995264000001	8.6514113448	0.0	1.0
110	0.0	-22.574024032000004	78.86840628799999	10.5779356032	7.342236165599999	0.0	1.0
110	1.0	-9.375333855999992	-88.4263122232	12.088604505600001	11.2214785536	0.0	1.0
110	0.0	102.02434255999998	-40.860130192	8.7614220288	17.9345858832	0.0	1.0
110	0.0	-82.39087830400001	-20.701462768000006	7.3291180032000005	11.5767749664	0.0	1.0
111	0.0	88.941841184	-14.717248000000005	6.570566016000001	15.1948539792	0.0	1.0
111	3.0	-59.82343830400001	-94.50544430320001	6.7744147968	10.7221571856	0.0	1.0
111	3.0	6.992629279999997	-86.36503800400001	9.2980355328	9.1985131224	0.0	1.0
111	0.0	-95.429406688	59.59737660799999	12.043129996800001	10.4429957184	0.0	1.0
111	0.0	-111.03052374399999	64.77700628000001	6.9887026944	6.6438498672	0.0	1.0
111	0.0	89.98575286399998	-14.130449871999998	5.5276195968	12.4589831184	0.0	1.0
111	0.0	-73.414667872	-45.89859047200001	8.9312006784	12.948470892000001	0.0	1.0
111	3.0	8.365802144000002	-86.4113705224	6.6917956224	9.0652468032	0.0	1.0
111	0.0	-21.25626428800002	79.36430902400001	9.722857536000001	6.8819274216	0.0	1.0
111	0.0	50.54805660799999	-63.162682072	7.4330801664	7.4965773456	0.0	1.0
111	0.0	-81.14104432	-41.088173056	9.192321600000001	16.79553792	0.0	1.0
111	0.0	87.74205776000004	-35.201087656	6.462778559999999	14.741442828	0.0	1.0
111	3.0	-10.055306463999992	-88.50817840479999	12.189992640000002	10.4916609504	0.0	1.0
111	0.0	81.08283075199998	-16.311738184	4.00940736	10.932925903200001	0.0	1.0
111	0.0	-60.422972512	-53.603985904	9.1885320576	12.210850763999998	0.0	1.0
111	0.0	-83.026162912	-19.370810535999993	6.423989376	11.5626580272	0.0	1.0
111	0.0	52.965498656	-73.948667128	9.236473344	9.3689419824	0.0	1.0
111	0.0	80.147242784	49.274917831999986	10.0886913792	19.1772988344	0.0	1.0
111	0.0	101.97286198399999	-40.84565128	8.7987811968	17.824164069600002	0.0	1.0
112	0.0	80.067876896	-15.881392744000003	5.4398881152	14.218774214400002	0.0	1.0
112	0.0	-111.00692848	64.72994981599999	7.060346495999999	6.784033888800001	0.0	1.0
112	3.0	6.572919584000011	-86.3558076976	9.0728080128	9.6848436888	0.0	1.0
112	3.0	-10.853612895999998	-87.79418705680001	12.097399104	11.942407713600002	0.0	1.0
112	0.0	-80.746359904	-41.158958848	10.027808448	16.962709024800002	0.0	1.0
112	0.0	49.87308905600001	-64.039862824	7.260906240000001	7.7818320216	0.0	1.0
112	3.0	69.43570793600001	-31.392128319999998	8.486537203200001	19.6024962168	0.0	1.0
112	0.0	52.49216336000001	-74.289524848	8.6278942848	9.0075523608	0.0	1.0
112	0.0	-61.08435491200001	-52.77144846400001	9.35856096	11.3780518992	0.0	1.0
112	0.0	-20.254895583999993	79.513924448	10.4886668544	6.834388327200001	0.0	1.0
112	0.0	80.27737424000003	-18.345019840000006	4.9720941312	9.123544533599999	0.0	1.0
112	0.0	-82.900679008	-18.530631448	6.999606566399999	11.9215540584	0.0	1.0
112	0.0	101.913158816	-40.862945536	8.790201100800001	17.8286887296	0.0	1.0
113	0.0	51.15331088000002	-74.73475139199999	10.3793778816	8.5141834344	0.0	1.0
113	0.0	79.75970844800003	-17.861182863999996	5.1882410496	13.0812143616	0.0	1.0
113	0.0	80.63916828800001	-51.543556288000005	6.236728780800001	7.446645208800001	0.0	1.0
113	13.0	15.120840224000009	3.324481832000008	21.9542491392	4.3128455832	0.0	1.0
113	0.0	90.31572905600002	-18.65732192799999	4.3919008896000005	6.2677400184000005	0.0	1.0
113	0.0	49.598168480000005	-64.432402216	6.7224694656	8.123232700800001	0.0	1.0
113	0.0	-80.591560672	-41.468445592	10.354245350400001	16.5015154584	0.0	1.0
113	0.0	101.77837980799998	-40.830770175999994	8.8911602304	18.071592587999998	0.0	1.0
113	0.0	87.49502249599999	-36.611373904	5.428876992	13.620272299200002	0.0	1.0
113	0.0	-82.6586488	-17.462409495999996	5.6395898496	11.857323996	0.0	1.0
113	0.0	82.88751094400003	42.869205848	6.5713882752	9.92006568	0.0	1.0
113	0.0	-19.23064662400001	79.66112672	10.906446028800001	6.609201026400001	0.0	1.0
113	0.0	-61.881946336	-51.659387584	9.192822105600001	11.9863471896	0.0	1.0
113	0.0	-83.78836144	-17.275591312000003	6.160401676799999	11.536173684000001	0.0	1.0
114	0.0	79.93452790400002	-20.424352479999992	4.7088996864	9.6852458808	0.0	1.0
114	0.0	86.9412488	-38.156193376	6.2700124032	11.4556950648	0.0	1.0
114	13.0	15.124057759999992	3.3222697760000046	21.9664042752	4.307878512	0.0	1.0
114	0.0	83.02765251200002	42.506026472	6.7597213824	9.217436256	0.0	1.0
114	3.0	69.47789340800003	-35.408417632	6.287565849600001	15.219065937600002	0.0	1.0
114	0.0	101.741199392	-40.73705944	8.8785403392	18.2477325744	0.0	1.0
114	0.0	-75.347692	-43.518418216	9.5321649024	13.595899464	0.0	1.0
114	0.0	-81.084558688	-41.625300472	9.364102272	16.2025862544	0.0	1.0
114	0.0	50.494073504	-75.267454696	10.4290351872	8.570007684	0.0	1.0
114	0.0	-62.625912160000006	-50.279869024	8.917401024	12.4595864064	0.0	1.0
114	0.0	-18.508488544	79.442736464	10.9871346816	5.4924546096	0.0	1.0
114	0.0	-83.758331104	-16.727001424000004	6.656152473600001	11.7214635384	0.0	1.0
115	0.0	79.937387936	-22.104107368000008	3.9719766912000005	8.0834358024	0.0	1.0
115	0.0	68.59807606400001	-39.253775344000005	6.1649062272	10.0246356	0.0	1.0
115	0.0	-110.95509040000002	64.553588624	7.17153024	7.014691000799999	0.0	1.0
115	13.0	15.095814944000004	3.321264296000003	22.0452696576	4.340234858400001	0.0	1.0
115	0.0	-63.19291350399999	-49.524753544	9.0592228608	12.1137415056	0.0	1.0
115	0.0	-17.161055967999992	79.893593696	10.2961509504	5.5620740448	0.0	1.0
115	0.0	-75.66408304	-42.713430928	9.1178177664	13.225762166400003	0.0	1.0
115	0.0	-83.93565308800001	-15.776018440000001	6.853172927999999	11.044614621600001	0.0	1.0
115	0.0	83.484542624	41.18844548000001	6.9061192704000005	10.245901528800001	0.0	1.0
115	3.0	3.6814272319999923	-86.19340256800001	10.3064113152	9.7107046344	0.0	1.0
115	0.0	-80.915101792	-41.261115616000005	9.6806005632	16.591847781600002	0.0	1.0
115	0.0	-84.676401376	-14.842932999999995	5.2651401600000005	10.3425281568	0.0	1.0
115	1.0	-13.057625056000006	-87.8447425912	12.0811684224	10.918949731200001	0.0	1.0
116	3.0	16.731038239999993	-82.9760877736	12.5344834944	7.8259323744	0.0	1.0
116	0.0	49.1620136	-76.011912088	10.2885003648	9.3933751464	0.0	1.0
116	3.0	86.69921859200002	-38.558586471999995	5.7596039424	12.2268781152	0.0	1.0
116	3.0	47.030574752	-66.37277752	6.9391883904	8.368509492000001	0.0	1.0
116	0.0	101.82628534400003	-40.604134984	8.6852736768	18.2721054096	0.0	1.0
116	0.0	-16.331289183999992	80.21434181600002	10.9383353856	6.0940735128000005	0.0	1.0
116	0.0	-80.718474592	-41.682813927999995	9.9996371328	15.571084485600002	0.0	1.0
116	3.0	3.097623199999994	-86.1359494408	9.9193417344	9.76974642	0.0	1.0
116	0.0	79.221307424	-22.952129200000005	4.7231998464	9.1177127496	0.0	1.0
116	3.0	68.01069699200002	-35.673663256	7.739854348800001	18.4931501328	0.0	1.0
116	0.0	-63.802815327999994	-48.252419151999995	9.0488194944	12.1324434336	0.0	1.0
116	3.0	-13.768343007999983	-87.6605587648	11.786620876799999	11.1463893072	0.0	1.0
116	0.0	-84.426863584	-14.426865376	6.5943757824	11.7041692824	0.0	1.0
117	0.0	48.40482012800001	-76.776680176	10.169701785600001	8.175195907200001	0.0	1.0
117	3.0	4.110074528000001	-86.4010542976	6.847595865600001	9.0091209096	0.0	1.0
117	0.0	-95.46908963199999	59.549314664	11.979959039999999	10.4031384912	0.0	1.0
117	13.0	15.081514783999994	3.281447288000002	22.0981087488	4.31753112	0.0	1.0
117	3.0	45.441469472	-67.72856675199999	8.6739050496	8.324771112	0.0	1.0
117	0.0	-80.722407136	-41.359049367999994	9.8729734656	16.353026172000003	0.0	1.0
117	0.0	101.76050460799998	-40.50982096	8.730569433600001	18.179983332	0.0	1.0
117	0.0	-64.54749616	-47.234270104	8.619063936	12.392681767200001	0.0	1.0
117	0.0	-15.023182048	80.50371896000001	10.9635394176	6.40038294	0.0	1.0
117	0.0	84.131982368	39.56439418400001	6.662337292800001	10.1299495752	0.0	1.0
117	0.0	78.57315267199999	-23.577738856	5.466271910400001	10.9981212264	0.0	1.0
117	3.0	85.918072352	-39.947154352	6.9698264832	13.469309531999999	0.0	1.0
117	3.0	67.590987296	-37.496799591999995	7.466471040000001	16.9223088384	0.0	1.0
117	0.0	-85.208367328	-12.894916048	5.5246165631999995	10.8063761904	0.0	1.0
117	3.0	-14.471553375999992	-87.4507351984	11.92097088	11.607160572	0.0	1.0
118	3.0	84.45695350400001	39.62291312	6.700268467200001	8.2494807696	0.0	1.0
118	0.0	-95.4841048	59.536846712	12.0070935936	10.3767949152	0.0	1.0
118	3.0	67.026130976	-39.902712136	7.7594813184	14.3230827096	0.0	1.0
118	0.0	-65.14023779200002	-45.831625503999994	8.424975014400001	12.927315592800001	0.0	1.0
118	3.0	87.25406480000001	-19.808797624000004	7.167919449599999	15.513048180000002	0.0	1.0
118	0.0	-80.79247792	-41.895171303999994	9.887130624	15.189082524000002	0.0	1.0
118	0.0	-13.955675104000004	80.39713808	10.9979313024	5.918174841600001	0.0	1.0
118	3.0	-25.68609635200001	-70.39912163199999	11.883182707200001	17.6857295832	0.0	1.0
118	0.0	48.74766646400003	-77.119951048	8.7957781632	8.094717288	0.0	1.0
118	0.0	78.20313603199997	-23.377849431999994	5.618890367999999	12.642081026400001	0.0	1.0
118	0.0	101.59212022400001	-40.459748056	8.8644546816	18.1028026872	0.0	1.0
118	0.0	-85.03569289600001	-12.134773167999999	6.304189785600001	11.5186984416	0.0	1.0
118	3.0	-15.284874976000001	-87.41047577920001	11.7368205696	11.654920872	0.0	1.0
119	0.0	-12.826319967999998	80.41443233599999	10.841487552	5.5716462144	0.0	1.0
119	3.0	0.72915920000001	-85.0952776408	10.03781856	11.726189294400001	0.0	1.0
119	0.0	-25.821590368000006	-77.228140696	9.5006688	4.6608422112	0.0	1.0
119	0.0	87.31519798399998	-23.318727208000006	7.3672994304	12.2630753952	0.0	1.0
119	0.0	-26.114028640000004	-74.691716848	10.7821776384	9.75416148	0.0	1.0
119	3.0	-27.82540028799999	-69.486547984	9.659043072000001	16.2894999456	0.0	1.0
119	0.0	47.87642921600003	-77.689253824	8.47105728	8.2132432704	0.0	1.0
119	3.0	66.560660768	-40.427170504	7.380026572800001	14.938637565599999	0.0	1.0
119	0.0	84.50021148799999	38.00207936	7.073395392	9.9781623144	0.0	1.0
119	0.0	77.76161859200002	-24.472616055999996	5.577777408	12.6262547712	0.0	1.0
119	0.0	101.547789728	-40.450296544	9.0286920192	18.1498993704	0.0	1.0
119	0.0	-80.925111904	-41.21466243999999	9.5768529024	16.535259367200002	0.0	1.0
119	3.0	-16.175417440000007	-87.3982089232	11.3813900928	11.5961807304	0.0	1.0
119	0.0	-65.65468604799999	-44.960678728000005	8.0379769344	12.3403163688	0.0	1.0
119	0.0	-85.127571424	-11.250755151999998	6.714961881600001	11.9608683264	0.0	1.0
120	1.0	-16.840374880000006	-87.3266991856	11.5385846016	11.9208301128	0.0	1.0
120	0.0	77.264330528	-24.404846704000004	6.160544678400001	14.860833523200002	0.0	1.0
120	0.0	-78.451899232	-34.22758192	10.3757670912	20.70886608	0.0	1.0
120	0.0	43.24746742399999	-69.24402620800001	8.857125849600001	8.4025550448	0.0	1.0
120	3.0	12.179297312000001	-89.6668131184	12.114380544000001	10.4764580928	0.0	1.0
120	3.0	84.18596547199999	-38.75445397600001	9.5170067328	13.283476718400001	0.0	1.0
120	3.0	0.14964521599999736	-86.2216163368	10.1557591296	9.5841147024	0.0	1.0
120	0.0	77.22822262400001	-26.568237471999996	5.799429888	10.729577628	0.0	1.0
120	0.0	85.042545056	37.269687728	6.374796825600001	9.811775484	0.0	1.0
120	0.0	87.126793376	-23.671650688000003	7.338127104	12.6453387816	0.0	1.0
120	0.0	-66.163771744	-43.626205672	8.2860132096	12.4276925808	0.0	1.0
120	0.0	-85.466127712	-10.108932064000005	6.7075615488	12.2634775872	0.0	1.0
120	0.0	101.456983712	-40.36000444	9.0666231936	18.1835628408	0.0	1.0
120	0.0	-81.024498016	-41.171225703999994	9.418085376	16.5599740656	0.0	1.0
120	3.0	65.87246556800002	-41.69729284	7.746539673600001	14.89166154	0.0	1.0
121	0.0	-10.334874591999991	80.763534992	10.920245683200001	5.728521204000001	0.0	1.0
121	0.0	-80.36526064	-33.069872248	8.129104704	16.7642473824	0.0	1.0
121	0.0	85.08330051200001	36.34625489599999	6.519621696	10.2879305928	0.0	1.0
121	3.0	-0.5156697280000059	-86.1848358784	10.2912173952	9.5631806088	0.0	1.0
121	0.0	86.924446112	-24.602121880000006	7.1957332608	12.416069232	0.0	1.0
121	0.0	46.65019049600001	-78.428080528	8.5249331328	8.225027496	0.0	1.0
121	0.0	101.46556380800001	-40.225471216	9.051286272	18.361934992800002	0.0	1.0
121	3.0	-28.707720159999994	-70.239250312	12.240936959999999	18.033585444	0.0	1.0
121	0.0	-85.819699168	-9.067858072000003	6.392493273600001	12.1654633968	0.0	1.0
121	0.0	77.09451612800004	-26.075753368000004	5.868499660800001	13.162014734400003	0.0	1.0
121	0.0	-81.0945688	-41.285448232	9.4491167232	16.366740919199998	0.0	1.0
121	0.0	-66.82658416	-42.37458416799999	8.4181824384	13.5050241816	0.0	1.0
121	3.0	65.29581161600001	-42.555168376	7.8952613376	14.361069744000002	0.0	1.0
121	3.0	-17.478877024000006	-87.41232586240001	11.943422131200002	11.43783774	0.0	1.0
122	3.0	-67.480101472	-41.014370824	8.023962777600001	13.4760663576	0.0	1.0
122	1.0	-18.11737916800001	-87.3079369288	11.8562984064	12.1198146048	0.0	1.0
122	0.0	85.780075808	-21.396651639999998	9.0303365376	19.7069856984	0.0	1.0
122	0.0	76.48890435200002	-27.017083744000004	5.713914931200001	13.684019731200001	0.0	1.0
122	0.0	-10.915103583999999	-97.38946258719999	5.5412047488	5.3860949352	0.0	1.0
122	0.0	-9.43861206400001	80.866295048	11.0387940096	5.7260678328	0.0	1.0
122	0.0	-29.655463263999994	-74.25473524	11.3823553536	10.214852306400001	0.0	1.0
122	0.0	45.50796521599998	-78.668993536	9.9396122112	8.4844815552	0.0	1.0
122	3.0	-1.0383405759999902	-86.21140066	9.903361305599999	9.5559009336	0.0	1.0
122	0.0	-81.170717152	-41.47467956800001	9.603737203200001	16.135581067199997	0.0	1.0
122	3.0	83.96216796799999	-42.890596504	9.03859488	17.0981672904	0.0	1.0
122	0.0	85.62420406399998	35.450573312	6.375011328	10.1030228208	0.0	1.0
122	0.0	76.51321462400003	-29.27358196	5.5798509312	9.1917562968	0.0	1.0
122	1.0	64.62763664000003	-43.370411559999994	7.823796288000001	14.772009419999998	0.0	1.0
122	0.0	-85.92051529599999	-8.232505287999997	6.4385040384	12.074266360800001	0.0	1.0
123	1.0	-18.799854303999997	-87.0693566344	11.728276224000002	11.7857539296	0.0	1.0
123	0.0	41.35305372799999	-70.425264112	7.446951321599999	8.9853312528	0.0	1.0
123	0.0	76.08134979200004	-57.79402216	9.0397746432	11.2274712144	0.0	1.0
123	0.0	85.754693024	34.73748689599999	6.460168780800001	9.8016804648	0.0	1.0
123	0.0	-68.293423072	-39.599057175999995	7.6971326208	13.074377097600003	0.0	1.0
123	0.0	-10.89186582400001	-97.3518777448	5.5927568255999995	5.4612445104	0.0	1.0
123	0.0	86.62092521600002	-27.186004384	6.7182866688	9.8192964744	0.0	1.0
123	0.0	-30.21638703999999	-74.10934283200001	10.8247563648	9.61892442	0.0	1.0
123	0.0	44.64101801599999	-79.162885312	10.2212538624	8.648334576	0.0	1.0
123	3.0	-1.6611125439999952	-86.1938851984	10.262688576	9.6559059744	0.0	1.0
123	0.0	76.029869216	-27.672254511999995	6.040959590399999	14.3274464928	0.0	1.0
123	0.0	-81.01591792	-41.676378856	9.554830656	15.586508548800001	0.0	1.0
123	0.0	-86.088184672	-7.186806088	6.2320454784	12.275583566400002	0.0	1.0
123	1.0	64.08887811200002	-44.552051656	7.855935897600001	14.846978008799999	0.0	1.0
124	0.0	-31.284608992000003	-74.411389024	10.169558784000001	8.2190750544	0.0	1.0
124	0.0	40.84754307199999	-71.232664552	7.5343610496	7.870334371199999	0.0	1.0
124	3.0	-2.5434324159999964	-86.1580901104	9.770226816	9.625761684	0.0	1.0
124	0.0	75.82144438400002	-58.801714216	8.567476108800001	9.2793134952	0.0	1.0
124	0.0	-31.544514400000008	-75.878987632	8.732142451200001	5.476507696800001	0.0	1.0
124	0.0	86.24054096000002	34.835219551999984	6.5266645248	8.02674684	0.0	1.0
124	0.0	-10.904020959999995	-97.354331116	5.5544323968	5.456317658400001	0.0	1.0
124	3.0	84.91312860800002	-20.427570015999997	7.932298752	16.2055423656	0.0	1.0
124	1.0	63.66201833600001	-45.382779232	7.6794719232	14.6593554408	0.0	1.0
124	0.0	-80.21796899200001	-34.763703856	8.7158045184	12.6148928472	0.0	1.0
124	0.0	44.201288096	-79.37564488	10.5110108544	8.754010524	0.0	1.0
124	3.0	-19.57563798400001	-86.87423318559999	11.9578295424	12.5909825328	0.0	1.0
124	0.0	-68.86542947199999	-38.651895016	7.794659712	12.4028773344	0.0	1.0
124	0.0	86.44646326400002	-28.485084543999996	6.8665078271999995	8.2822795272	0.0	1.0
124	0.0	75.875069984	-30.114967624000005	5.784343219200001	11.976312499199999	0.0	1.0
124	0.0	-86.69415395200001	-6.278053264000002	6.1596866688	12.314797286400001	0.0	1.0
124	0.0	-81.00876784	-41.645812264	9.5263018368	15.544921896	0.0	1.0
125	0.0	-33.0460312	-76.184653552	7.5987117695999995	4.545875628	0.0	1.0
125	0.0	86.17011267200002	-29.230949607999996	6.797438054399999	8.4738234672	0.0	1.0
125	0.0	82.81708265600004	-47.377450456	7.3445979264	9.1302008112	0.0	1.0
125	0.0	-10.872560608	-97.37172592	5.4764965248	5.4215280504	0.0	1.0
125	0.0	74.74428483200002	-31.725143295999995	5.5055973504	10.3640253192	0.0	1.0
125	3.0	62.72893289599998	-46.037145616	8.336457024	14.0210767368	0.0	1.0
125	0.0	-95.40795644800001	59.41478143999999	12.078808896	10.2815960688	0.0	1.0
125	0.0	-81.246150496	-33.729266032000005	6.2230006272	12.229049951999999	0.0	1.0
125	0.0	76.21505628800001	-31.752894544000007	3.9753729792000003	9.8373951144	0.0	1.0
125	0.0	-81.031648096	-41.500218759999996	9.3870182784	15.8413977288	0.0	1.0
125	0.0	-69.127837408	-37.926340648	7.8630502272000005	12.617165232000001	0.0	1.0
125	0.0	-86.59476784	-5.048552320000003	6.337223155200001	12.133388584799999	0.0	1.0
126	0.0	82.67014851200001	-47.53390314399999	6.6264081408000015	9.6754927248	0.0	1.0
126	0.0	42.99149455999999	-80.737768636	10.4070844416	8.732312265600001	0.0	1.0
126	0.0	-95.445136864	59.491600112000015	12.0640082304	10.278257875200001	0.0	1.0
126	0.0	-10.878280671999995	-97.38127798	5.5096371456	5.40244404	0.0	1.0
126	0.0	86.91729603200001	32.013440480000014	6.176918361599999	10.0983976128	0.0	1.0
126	3.0	61.960299295999995	-46.822023304	8.5025891328	13.721504025600002	0.0	1.0
126	0.0	74.61236585600003	-31.273481680000007	6.043354867200001	13.5907312968	0.0	1.0
126	0.0	-81.936133216	-31.746459471999998	5.6325827712	11.373024499200001	0.0	1.0
126	0.0	-86.77709487999999	-4.072030143999991	6.2434856064	12.0101368464	0.0	1.0
126	0.0	-69.764909536	-36.32863292800001	7.8294806016	12.9043705392	0.0	1.0
126	0.0	-33.300574048000016	-76.04549512	9.5100354048	4.332613320000001	0.0	1.0
126	0.0	75.280183328	-32.130150640000004	4.8269832576	11.9684898648	0.0	1.0
126	0.0	-81.041658208	-41.640382672	9.4770377856	15.604345764000001	0.0	1.0
127	0.0	-34.440654304	-75.222007	9.716279462400001	5.566357389599999	0.0	1.0
127	0.0	-70.11061590400001	-35.434560112	7.472083852800001	12.883999514400001	0.0	1.0
127	0.0	74.14689564799998	-32.868575152000005	5.9539073664	12.082551516	0.0	1.0
127	3.0	-4.762459744000007	-83.0408406856	10.066597632	14.8539359304	0.0	1.0
127	0.0	87.23118454400003	31.153956176	6.093655680000001	10.0102773456	0.0	1.0
127	0.0	42.27612905600002	-80.9868662512	10.3144551552	8.440119777600001	0.0	1.0
127	0.0	-81.059175904	-41.26352876800001	9.3936678528	16.2891178632	0.0	1.0
127	0.0	-86.90186377600001	-3.1053616719999946	6.3174889344	12.197156126400001	0.0	1.0
128	0.0	81.52685072000003	-49.755611752	6.4122989952	9.8296328088	0.0	1.0
128	0.0	-70.58287868800001	-34.32430909600001	7.620841267199999	12.555127116	0.0	1.0
128	0.0	-82.59108054400001	-30.510121264	4.9833197568	11.9280494592	0.0	1.0
128	0.0	41.76954588800002	-81.33375685120001	10.401757632	8.7244695216	0.0	1.0
128	1.0	-22.18076963200001	-85.7749821208	11.7607375872	11.0239017336	0.0	1.0
128	0.0	87.304830368	30.33629983999999	6.4570942464000005	10.2675796776	0.0	1.0
128	0.0	-81.077766112	-41.289671248	9.4948057344	16.12840194	0.0	1.0
128	0.0	-87.24757014400001	-2.1819288400000048	5.964131980800001	12.237174230399999	0.0	1.0
129	3.0	-6.156010336000002	-85.7058050968	9.7315448832	9.0509890968	0.0	1.0
129	0.0	72.909574304	-36.912615712	6.5875117056	8.409090664799999	0.0	1.0
129	0.0	87.725255072	29.555041879999997	6.0581912832	9.936857196	0.0	1.0
129	0.0	-82.618965856	-30.267398392	6.697050931200001	11.9828481192	0.0	1.0
129	3.0	84.22350339200001	-27.331195696000005	8.1917394048	15.3891931536	0.0	1.0
129	0.0	-81.07133104	-40.948612432000004	9.624114931200001	16.911570312	0.0	1.0
129	3.0	-71.056213984	-33.113510080000005	7.7945882112	12.981732170399999	0.0	1.0
129	0.0	-87.53142832	-0.9232689760000017	5.6934657024	12.1788765	0.0	1.0
130	0.0	80.908011296	-50.657728408	5.974213593600001	10.0169336232	0.0	1.0
130	0.0	85.30674051200002	-33.22230301599999	5.9484733056	7.6975124688	0.0	1.0
130	0.0	88.020553376	28.602249031999982	6.0975167232	9.558293976	0.0	1.0
130	0.0	-82.041596896	-29.565372256000007	8.1984247296	12.478107348	0.0	1.0
130	1.0	-23.903223904	-85.6102643872	11.8164724608	11.498267088	0.0	1.0
130	0.0	-71.61892528000001	-31.60307802400001	7.735707302400001	13.1324536224	0.0	1.0
130	0.0	-81.07490608	-40.56150263200001	9.438641856	17.6942761632	0.0	1.0
130	0.0	-87.327293536	0.1632527119999982	5.7861664896	12.3554186784	0.0	1.0
131	3.0	-82.31401494400001	-28.692816711999992	8.851119782400001	12.5246811816	0.0	1.0
131	1.0	-24.539223519999993	-86.364635812	11.792805696	14.891540882400003	0.0	1.0
131	3.0	33.01212790400002	-73.58408008	11.326656230400001	9.8389033344	0.0	1.0
131	3.0	-72.01396720000002	-30.669188200000004	7.659201446400001	12.606688130400002	0.0	1.0
131	0.0	83.903894816	-31.553206216000003	7.3338013056000015	13.6974328344	0.0	1.0
131	0.0	-38.539795168	-73.703933296	10.349097292800002	5.697813844800001	0.0	1.0
131	3.0	79.64351964799998	-48.809857263999994	9.1749469056	15.2151646752	0.0	1.0
131	3.0	71.26755843200002	-34.774160848	7.8053490816	15.821127251999998	0.0	1.0
131	3.0	83.430917024	-26.289116224	8.213904652800002	17.2604115432	0.0	1.0
131	0.0	88.35195958400003	27.987498560000006	6.1572198912000005	10.13473566	0.0	1.0
131	0.0	-87.585411424	0.9992087840000162	5.5504998528	12.5620448184	0.0	1.0
131	0.0	-81.039870688	-40.425159543999996	9.38448	17.9160247224	0.0	1.0
131	3.0	59.213596064	-51.4021858	8.1105502464	13.715511364799998	0.0	1.0
132	0.0	40.04852163200002	-83.64294221920001	8.721917836800001	8.6002123032	0.0	1.0
132	3.0	83.42555446400003	-28.695632055999997	8.119952601600001	20.451865392000002	0.0	1.0
132	0.0	-72.403289056	-29.249651536000005	7.814679936	13.395406752000001	0.0	1.0
132	0.0	-82.881373792	-27.798140607999997	9.1355142144	12.9573794448	0.0	1.0
132	0.0	31.312196384000018	-64.79538049599999	5.8395418368000005	11.7784742544	0.0	1.0
132	0.0	-39.45035785600001	-72.441251512	10.708317312	7.4915700551999995	0.0	1.0
132	0.0	88.40308265600004	27.011981863999992	6.200585126400001	10.170329652000001	0.0	1.0
132	3.0	58.358088992	-52.124522632	7.820829004799999	13.7832807168	0.0	1.0
132	0.0	-87.71375536	2.1720006560000074	5.3339954304	12.679907184000001	0.0	1.0
132	0.0	-81.02092297600001	-40.577791408	9.3831214848	17.6797369224	0.0	1.0
133	0.0	83.089858208	-30.393485584	8.502088627200001	18.9374717448	0.0	1.0
133	3.0	69.701333408	-35.749074256	8.589462604800001	17.8491603024	0.0	1.0
133	0.0	88.74342646400002	26.35459904000001	6.633593971200001	10.2537643824	0.0	1.0
133	3.0	-25.981752159999996	-85.9956045424	11.6306418816	14.1463595448	0.0	1.0
133	3.0	-8.562727264	-82.422550924	10.0080384768	15.1615927008	0.0	1.0
133	3.0	83.050532768	-29.353819264000002	8.612986368	20.587203	0.0	1.0
133	0.0	-72.89986211200001	-28.025982376000005	7.519024128	13.358043115200001	0.0	1.0
133	0.0	-81.009840352	-40.48910807199999	9.352662144	17.84827548	0.0	1.0
133	0.0	-87.782396128	3.3735492559999813	5.515750464	12.4254403056	0.0	1.0
133	3.0	57.75283472000001	-53.144481543999994	7.9989017472	13.785653649600002	0.0	1.0
134	0.0	-83.564563936	-25.761842511999998	8.385506572799999	12.734705843999999	0.0	1.0
134	0.0	89.060532512	25.310508607999996	6.043354867200001	9.8554937544	0.0	1.0
134	0.0	71.273636	-42.060070024000005	4.706146905600001	7.652889266399999	0.0	1.0
134	0.0	-73.59091734399999	-26.921965336	6.9614608896000005	12.850838783999999	0.0	1.0
134	0.0	83.68974992000003	-36.489308632000004	6.9795148415999995	8.1743915232	0.0	1.0
134	0.0	-81.009125344	-40.839015112	9.544534540799999	17.1444998088	0.0	1.0
134	0.0	-87.915387616	4.485006848	5.588538278400001	12.0706466328	0.0	1.0
135	3.0	55.92277174399999	-54.759282424000006	8.7330362112	13.512545172	0.0	1.0
135	1.0	77.945375648	-52.122712768	9.285451392	14.4869357304	0.0	1.0
135	0.0	69.84719504000002	-41.690656672	6.4085452032	10.0355752224	0.0	1.0
135	0.0	89.38371612799999	24.63321728	5.857202534400001	10.0396976904	0.0	1.0
135	3.0	82.85176054399999	-33.027843184	7.5670726656000005	15.1953165	0.0	1.0
135	0.0	-80.982670048	-41.16841036	9.392237836800001	16.568601084	0.0	1.0
135	1.0	-27.25089136	-85.19988778000001	11.405879116800001	11.2830139296	0.0	1.0
135	0.0	-87.999043552	5.508786583999983	5.4988047744	12.0215792088	0.0	1.0
135	0.0	-74.07462025600002	-25.928752192	7.3519267584	12.719643753600002	0.0	1.0
136	3.0	55.120532768000004	-55.65838264	8.8113653376	13.3157928456	0.0	1.0
136	0.0	77.129194016	-55.62721276	8.04384	8.8189444224	0.0	1.0
136	0.0	-74.550100576	-24.526911976	7.114901606399999	13.0050391968	0.0	1.0
136	0.0	-88.088777056	6.636532952000008	5.2061162496	11.9866086144	0.0	1.0
136	0.0	-80.96765488	-41.227331488000004	9.378581184	16.416371412	0.0	1.0
137	0.0	82.44170345600001	-35.664010648	7.2847160064	13.4706568752	0.0	1.0
137	3.0	82.26867152000001	-34.47231575199999	7.245533568000001	15.250316256	0.0	1.0
137	0.0	89.50526748800002	22.730044735999993	6.3146646528	9.9949337208	0.0	1.0
137	0.0	-88.155630304	7.728283136000016	5.112271449600001	12.1706516736	0.0	1.0
137	0.0	-80.95335472000001	-41.14045801600001	9.4073245056	16.633514872800003	0.0	1.0
137	0.0	-74.92083222400001	-23.356131064	7.1847936384	13.2194879712	0.0	1.0
137	1.0	54.22677276800001	-56.315363272	9.2345785728	13.14464004	0.0	1.0
138	0.0	35.26619062399999	-86.35383695680001	9.721284518400001	9.617597186400001	0.0	1.0
138	0.0	82.68909622400001	-34.77898715199999	5.274435264	12.961562241600001	0.0	1.0
138	0.0	-80.95514224	-41.222304088	9.353377152	16.4519452944	0.0	1.0
138	0.0	89.86205648	21.953210888000005	6.443401843199999	9.9272246976	0.0	1.0
138	0.0	-75.20075785600001	-22.318877895999996	7.1897986944	12.8544182928	0.0	1.0
138	0.0	-88.135252576	9.066174823999999	5.395378867200001	11.8748595672	0.0	1.0
139	0.0	8.056561184000003	80.276882672	11.0555966976	6.3633410567999995	0.0	1.0
139	0.0	65.97328169600002	-69.756016624	7.7031744384000005	8.4173557104	0.0	1.0
139	0.0	-85.341001312	-21.07650680800001	7.878279897600001	12.8577162672	0.0	1.0
139	3.0	82.631180576	-35.258198920000005	5.408249011200001	12.803862758400001	0.0	1.0
139	1.0	26.007194528000007	-76.99084741600001	10.954101312	8.6957127936	0.0	1.0
139	0.0	-75.80458211199999	-20.850675999999993	7.0461893375999995	12.840783983999998	0.0	1.0
139	0.0	76.301572256	-56.530737088	8.3216563584	10.291972622400001	0.0	1.0
139	0.0	-80.9158168	-41.231353408	9.395991628800001	16.4785301856	0.0	1.0
139	0.0	90.24959081600002	21.111624128	5.4960519936	9.924690888	0.0	1.0
139	0.0	-88.07590691200001	10.226900935999991	5.4561902976	11.5892429184	0.0	1.0
140	0.0	81.50575798400001	-37.469048344	7.1102540544	15.301434859199999	0.0	1.0
140	0.0	9.250624543999994	80.528453768	11.4344436864	6.812428644	0.0	1.0
140	0.0	65.25791619200001	-69.832433104	7.609830143999999	7.841195560800001	0.0	1.0
140	0.0	-76.21749923200001	-19.314302559999998	7.212500198400001	13.5198650664	0.0	1.0
140	0.0	-80.920464352	-41.32948825600001	9.3525548928	16.2269993088	0.0	1.0
140	0.0	-87.96651068800001	11.184318991999994	5.4085707648	11.691560563200001	0.0	1.0
140	0.0	90.389017376	20.192615407999995	5.51718048	10.205420904	0.0	1.0
141	3.0	-31.435475680000007	-83.06346398560001	11.459611968	13.6104588144	0.0	1.0
141	1.0	65.09346435200001	-45.631534984	7.8576161664	14.770159336799999	0.0	1.0
141	0.0	-85.99416112	-19.51821390400001	8.5815975168	13.549003876799999	0.0	1.0
141	3.0	50.597034656	-57.06565244800001	9.2708652288	18.7853225112	0.0	1.0
141	0.0	-80.91259926400001	-41.364680056000005	9.353126899200001	16.138456740000002	0.0	1.0
141	0.0	-76.64793404800001	-18.220340320000005	6.7903237247999995	13.374150904800002	0.0	1.0
141	3.0	81.06567056	-37.628718568000004	7.1994155520000005	15.259265028000002	0.0	1.0
141	0.0	-87.852824416	12.098702503999991	5.2495172352	12.2306386104	0.0	1.0
141	0.0	90.39831247999999	19.359876871999983	5.9471505408	10.145594844	0.0	1.0
142	0.0	11.173996063999999	83.14772916800001	11.3458184448	12.9715366032	0.0	1.0
142	3.0	-32.151556192000015	-82.6895259736	11.021669568	13.0399896816	0.0	1.0
142	3.0	64.49893519999999	-46.242062440000005	7.753546752	13.7855933208	0.0	1.0
142	3.0	80.744631968	-38.286503584	7.030065907199999	14.3887405536	0.0	1.0
142	0.0	-80.915101792	-41.41213871200001	9.357452697600001	16.068957962400003	0.0	1.0
142	0.0	-87.856399456	13.232280656000004	5.0913217152	11.8788010488	0.0	1.0
142	0.0	-76.95538748799999	-17.135427400000008	6.7522495488	13.247963164800002	0.0	1.0
142	0.0	90.47446083199998	18.59269563199999	5.938677696000001	10.414661292	0.0	1.0
143	0.0	12.347681695999999	82.931349872	11.2317746688	12.533006555999998	0.0	1.0
143	3.0	26.021494688000015	-82.2035171608	17.695375488	17.5649714352	0.0	1.0
143	0.0	-80.93083196799999	-41.419177072000004	9.3297461376	16.0617185064	0.0	1.0
143	3.0	79.29674076799999	-36.755157544	8.6152028928	20.933490312	0.0	1.0
143	0.0	90.76832911999999	17.733010231999998	5.7051203328	9.9958185432	0.0	1.0
143	3.0	-33.056041312000005	-82.266299332	11.34002688	13.443267600000002	0.0	1.0
143	0.0	-77.07693884800001	-16.044682696000002	6.8458798464	13.2356158704	0.0	1.0
143	0.0	-87.664062304	14.11509209599999	5.3465795711999995	12.1176628776	0.0	1.0
144	3.0	-51.686647264	-63.140561512000005	10.643215833600001	17.0261749224	0.0	1.0
144	0.0	-80.938697056	-41.401078432	9.3282088704	15.996402525599999	0.0	1.0
144	3.0	-33.88008803200001	-82.95609883120001	11.8766761344	14.895663350400001	0.0	1.0
144	3.0	-5.303363296	-90.6141763744	11.6454425472	10.1872619352	0.0	1.0
144	0.0	-86.83072048	-16.685173456	8.5493149056	13.656992428799999	0.0	1.0
144	3.0	62.465809951999994	-46.472518455999996	9.0535027968	18.2770523712	0.0	1.0
144	3.0	79.01610012799998	-37.361864176	8.706366412800001	20.942338536	0.0	1.0
144	0.0	-87.60328662399999	15.290498216000008	5.3488318464	11.9368976832	0.0	1.0
144	0.0	-77.489855968	-14.784011871999995	6.664375065600001	12.82188096	0.0	1.0
144	0.0	90.84590748800002	16.919375816000016	5.799787392000001	10.09049454	0.0	1.0
144	3.0	49.249244576	-61.92191975200001	8.899847577600001	13.8102678	0.0	1.0
145	0.0	62.23664988799999	-49.40228608	7.9448471424	13.803249549599999	0.0	1.0
145	0.0	30.669761695999995	-87.6760029376	9.5641972608	7.884169775999999	0.0	1.0
145	0.0	14.244597920000011	82.613216	11.0410820352	12.987684612	0.0	1.0
145	3.0	-34.61297123199999	-82.1740565968	12.011812646400001	16.3180957968	0.0	1.0
145	3.0	21.078286880000025	-78.223565896	11.421716543999999	11.1234643632	0.0	1.0
145	3.0	-52.58398230399999	-61.336931488000005	10.518303936	18.330885770400002	0.0	1.0
145	0.0	91.083290144	16.224589136000017	6.0163275648	9.697351860000001	0.0	1.0
145	0.0	-87.40737443200001	16.014846008000013	5.6862441216	11.8407737952	0.0	1.0
145	3.0	78.664316192	-37.78698111999999	9.0191466624	20.217588552	0.0	1.0
145	0.0	-77.96426377600001	-13.367290552000002	5.9958783360000005	13.287840501600002	0.0	1.0
145	3.0	48.268611104	-62.568845583999995	9.32817312	13.776785316000002	0.0	1.0
146	0.0	15.21808131199999	79.49019512	11.1561625728	7.461908395199999	0.0	1.0
146	3.0	-35.149584736	-80.30675957919999	11.341564147200001	19.603019066399998	0.0	1.0
146	3.0	-53.64076412800001	-62.43833427999999	10.5448307328	15.4261948176	0.0	1.0
146	0.0	-80.95692976000001	-41.53038315999999	9.272187993600001	15.878640708000002	0.0	1.0
146	3.0	20.426914592	-78.799907032	11.8468960512	11.2466155536	0.0	1.0
146	0.0	91.4100488	15.018616423999992	5.5528593792	10.2336547824	0.0	1.0
146	0.0	61.50340918400002	-50.302995063999994	8.221483737600002	13.266242791200003	0.0	1.0
146	3.0	78.11805007999999	-38.398715152	8.564187072000001	19.342318212000002	0.0	1.0
146	0.0	-78.130503136	-12.227277328	6.312448128000001	12.7933856568	0.0	1.0
146	0.0	-87.232197472	17.154457039999993	5.870751936	12.209865393600001	0.0	1.0
146	3.0	47.70804483200001	-63.491474032000006	8.8463649792	13.4695508472	0.0	1.0
147	3.0	-5.591869024	-90.7110644272	8.2481177856	8.9231925888	0.0	1.0
147	3.0	27.97132150399999	-85.7447171728	12.4499337984	11.8863421488	0.0	1.0
147	0.0	-80.93512201600001	-41.493783688	9.3164112384	15.8957539776	0.0	1.0
147	0.0	61.19345321600002	-53.17484704	7.0472618496	9.379419084	0.0	1.0
147	0.0	16.187274656000003	78.892336712	10.9324365696	6.760545876	0.0	1.0
147	3.0	77.83705193600004	-38.89502008	8.509524710400001	19.6142603328	0.0	1.0
147	0.0	-78.436884064	-10.952730880000003	6.2424845952	13.0142493936	0.0	1.0
147	0.0	-87.23434249600001	18.191710208	5.690998924800001	12.226033511999999	0.0	1.0
148	1.0	17.869688479999986	-80.2475770264	10.495352179200001	9.2148823368	0.0	1.0
148	3.0	45.179061535999985	-63.8801926	9.9854799744	12.1084929	0.0	1.0
148	3.0	70.80852329599999	-60.89592796	9.277050048	13.062592872	0.0	1.0
148	3.0	-6.63327817599999	-90.65170088800001	9.0501065088	9.6944761872	0.0	1.0
148	3.0	-35.891048032	-82.182140656	11.1566630784	14.0154661584	0.0	1.0
148	0.0	-78.772937824	-9.732681448	5.3485815936	12.8304476496	0.0	1.0
148	3.0	-55.408978912	-61.764863776000006	10.1773166208	14.190922418400001	0.0	1.0
148	3.0	60.160624160000005	-51.93307924	7.985423846400002	13.5870311304	0.0	1.0
148	0.0	17.10605993599998	79.12399930400001	10.7856454272	7.496738222399999	0.0	1.0
148	0.0	91.49191721599999	13.19708885600001	6.238802304000001	10.1192713776	0.0	1.0
148	0.0	-87.111003616	19.099457552000008	5.3203387776	11.9372395464	0.0	1.0
148	3.0	77.50421571200002	-40.03000590400001	9.007277529600001	20.34789876	0.0	1.0
149	0.0	45.15260624000001	-68.579001736	6.933253824	7.854668992800001	0.0	1.0
149	3.0	-7.813756384000008	-90.7172179648	10.3399451904	10.0316538504	0.0	1.0
149	0.0	77.36228662400002	-44.617005664	8.364485337600001	12.31109712	0.0	1.0
149	0.0	59.695511456000006	-54.91332196	7.3639388928	10.0324582344	0.0	1.0
149	3.0	59.75843215999999	-53.13462784	7.827907583999999	13.254639552	0.0	1.0
149	0.0	18.47494275200002	78.85432956800001	11.1484404864	7.5438349056	0.0	1.0
149	3.0	-36.519897568000005	-82.4264521864	10.3334028672	11.6268277608	0.0	1.0
149	0.0	-78.94775728	-8.330439039999996	5.646239424	13.137360364800001	0.0	1.0
149	3.0	77.041605536	-40.38514144	8.8244142336	19.4898623472	0.0	1.0
149	0.0	-86.92009648	20.343236312000005	5.4937282176	12.165946027200002	0.0	1.0
149	0.0	91.74824758400003	12.402156367999995	5.9300618496	10.1275565328	0.0	1.0
150	1.0	17.004886304	-80.70641776960001	12.3923756544	10.2719635704	0.0	1.0
150	3.0	25.92032105599999	-86.8958510056	11.79852576	12.5266318128	0.0	1.0
150	0.0	-79.18799996800001	-7.498102695999996	5.7154521984	12.6172858896	0.0	1.0
150	3.0	-37.61528982400001	-81.20157645040001	11.019345792000001	14.679042739199998	0.0	1.0
150	3.0	59.048071712	-54.035336824	7.7868661248	13.734796471200001	0.0	1.0
150	1.0	-9.009249760000008	-90.36612445840001	11.056204454400001	9.8687459808	0.0	1.0
150	0.0	19.50491177600002	78.311169272	10.7379543936	6.8426734824	0.0	1.0
150	0.0	91.79293558399998	11.504262728000004	5.9333866368	9.9585956736	0.0	1.0
150	0.0	-86.83894307199999	21.462134456000015	5.453366016	11.486040451200001	0.0	1.0
150	3.0	76.66908636800001	-41.41213871200001	9.0160006272	20.280531600000003	0.0	1.0
151	3.0	25.22032822399999	-87.02503507600001	12.164431104	13.117894272	0.0	1.0
151	3.0	-38.56517795199999	-80.7298454536	11.455643673600001	15.570963828	0.0	1.0
151	3.0	76.24186908800002	-42.139301848	8.6676487296	20.523857760000002	0.0	1.0
151	3.0	76.58042537599998	-45.108082096000004	8.3374222848	15.022172844000002	0.0	1.0
151	0.0	91.72500982400001	10.948232287999994	6.37965888	9.456559509600002	0.0	1.0
151	0.0	20.581713824000026	78.376525472	11.525392704	7.6705253855999995	0.0	1.0
151	0.0	-86.761364704	21.269283392000002	5.534340672000001	9.9667400616	0.0	1.0
152	0.0	56.62776963200001	-55.987576792	9.0930784896	14.649220202400002	0.0	1.0
152	3.0	69.47825091200002	-63.74264293600001	10.5478695168	13.481978580000002	0.0	1.0
152	0.0	-79.33135907200001	-4.433801848000004	5.2069027584	13.380585976799999	0.0	1.0
152	3.0	-39.087133792	-78.126034336	11.493074342400002	18.9164572128	0.0	1.0
152	3.0	76.27511695999998	-45.607001272000005	8.223378508800002	15.368942786400002	0.0	1.0
152	3.0	42.05697910400002	-67.30103665600001	9.3346439424	13.827220192799999	0.0	1.0
152	3.0	24.48923254400002	-87.5536360216	12.572521919999998	13.106371471200001	0.0	1.0
152	0.0	91.77470287999999	10.01635342399999	6.5369963904	10.2549307392	0.0	1.0
152	0.0	21.57521744000001	78.101426144	11.221836057600001	7.4392649856	0.0	1.0
152	0.0	-86.47679152	23.371943167999994	5.3318504064	12.1196135088	0.0	1.0
153	1.0	55.983547424000015	-56.51565488800001	9.2559215616	14.3515377936	0.0	1.0
153	3.0	-59.95893232	-59.03076256	9.2912787072	13.4281451808	0.0	1.0
153	0.0	-80.931189472	-41.506653832	9.3321414144	15.8823408744	0.0	1.0
153	0.0	-79.42466761600001	-2.2179250239999995	5.446752192	14.224485340800001	0.0	1.0
153	1.0	12.453860384	-81.5104397968	8.8987393152	9.2139975144	0.0	1.0
153	0.0	92.07643625600001	8.909118847999999	6.0388503168	10.1681578152	0.0	1.0
153	3.0	55.60423568000002	-77.996327416	10.7755995648	10.592329608	0.0	1.0
153	3.0	68.29133763199998	-63.805384888000006	10.568139993600001	13.877071891200002	0.0	1.0
153	0.0	22.557280928	77.842615592	11.3479992192	7.6223830031999995	0.0	1.0
153	3.0	-39.462870496	-77.565177592	11.212469452799999	20.353931640000003	0.0	1.0
153	3.0	40.365627679999996	-65.98968964	10.7604771456	18.028859688	0.0	1.0
153	3.0	23.287661599999996	-87.9107422984	12.324378393600002	13.2900123384	0.0	1.0
153	0.0	-86.366680288	24.329361223999996	5.402636198400001	12.3612102432	0.0	1.0
153	3.0	75.40030467199999	-43.804577824	9.276871296	20.512998576	0.0	1.0
154	1.0	22.605543967999996	-87.9999887032	12.8296745472	13.5889013232	0.0	1.0
154	3.0	-40.057399648	-76.918452856	10.9938557568	19.7715777336	0.0	1.0
154	3.0	39.45148995200001	-67.736610592	10.4485549056	14.973004871999999	0.0	1.0
154	0.0	92.123626784	8.013638359999991	5.959341427200001	9.7807262616	0.0	1.0
154	1.0	12.41417744	-81.562262236	10.383632179200001	9.4820987016	0.0	1.0
154	1.0	-23.003028832	-79.002812896	9.54446304	15.469088594400002	0.0	1.0
154	0.0	-79.456485472	-1.0698679600000058	5.5442077824	15.013626264	0.0	1.0
154	1.0	55.21169628800002	-57.491171584	8.9419615488	13.169736820799999	0.0	1.0
154	3.0	74.92732688000004	-44.329438384	9.0818886144	20.312304768	0.0	1.0
154	0.0	-86.01132131199999	25.40019742399999	5.831533747200001	12.261929148	0.0	1.0
155	0.0	54.176364704000015	-58.23080267200001	9.6367705728	14.655212863200003	0.0	1.0
155	1.0	-23.36053283199999	-81.4109173864	10.1585119104	10.0209354336	0.0	1.0
155	0.0	-95.5734808	59.41096061599999	11.5982520192	10.0596665232	0.0	1.0
155	1.0	-13.061557600000006	-89.526267124	12.238362931200001	10.2863017152	0.0	1.0
155	3.0	-40.703766879999996	-79.205316568	10.7306970624	15.168067992	0.0	1.0
155	3.0	74.57983299200002	-44.9419768	8.6346868608	19.9878162624	0.0	1.0
155	1.0	21.824397728000015	-88.03779475120001	12.8602053888	11.5853617656	0.0	1.0
155	1.0	11.724909727999993	-81.80470357360001	11.2071068928	9.287739417600001	0.0	1.0
155	0.0	-79.508681056	-0.424148703999999	5.4971245055999995	13.415335365599999	0.0	1.0
155	0.0	-85.705297888	26.632312615999993	5.5709133312	12.0021734448	0.0	1.0
156	1.0	-42.15845065600001	-77.119951048	12.290415513600001	19.435526208000002	0.0	1.0
156	0.0	-79.46756809600002	3.6279356959999904	5.2636028928	8.4486060288	0.0	1.0
156	1.0	-24.253935327999997	-80.2508548912	9.7324028928	12.0170746584	0.0	1.0
156	0.0	66.09090051200002	-66.999995944	9.3453690624	13.546208642400002	0.0	1.0
156	0.0	-80.925469408	-41.434259272000006	9.3636017664	15.994994853600002	0.0	1.0
156	0.0	74.37426819200002	-49.531791903999995	8.106081446400001	11.4858192456	0.0	1.0
156	3.0	37.41943721600001	-70.27987170399999	10.2584342784	13.351406947200001	0.0	1.0
156	0.0	-95.54595299200001	59.365311823999996	11.596536	10.0633867992	0.0	1.0
156	3.0	-62.092158688	-54.764309824	9.080029593599999	18.8058745224	0.0	1.0
156	3.0	52.737411104	-56.020757632	9.6163570944	17.9812602648	0.0	1.0
156	1.0	-13.895614431999991	-89.3752641376	12.160891814400001	10.801771092000001	0.0	1.0
156	1.0	21.123332384000012	-88.63002247120001	12.634691865600002	12.875995893600003	0.0	1.0
156	1.0	11.377415840000003	-81.9923462512	11.794771968	9.324680752799999	0.0	1.0
156	3.0	74.25986691199998	-45.46784284	8.498227584	19.8050803272	0.0	1.0
156	0.0	-79.558016608	-0.5230879359999896	5.2235981952	10.890172893599999	0.0	1.0
156	0.0	-85.463625184	27.588524095999993	5.8655681280000005	12.1717174824	0.0	1.0
157	1.0	-25.365057759999992	-78.53405812	9.0769193088	15.397438089600001	0.0	1.0
157	1.0	8.94317110399999	-82.279873312	9.1702636032	9.3335490864	0.0	1.0
157	3.0	36.233953952000014	-72.87220024	9.9785086464	9.2723153544	0.0	1.0
157	3.0	-42.271779424000016	-79.033982776	11.0304641664	17.373910125600002	0.0	1.0
157	0.0	92.80395689600002	5.583795391999999	5.295599500800001	10.0066978368	0.0	1.0
157	3.0	-62.935510623999996	-54.807545464	9.331926912	18.024033384	0.0	1.0
157	3.0	52.083536288000026	-57.976215136	10.0384620672	16.5249029232	0.0	1.0
157	1.0	20.45015235200001	-88.9325714032	12.53587776	12.8385920376	0.0	1.0
157	0.0	-95.578128352	59.405933216	11.5237124352	10.078931520000001	0.0	1.0
157	0.0	-79.581969376	-0.4060500639999909	5.040520396800001	8.4683335464	0.0	1.0
157	3.0	73.64531753600001	-46.07273960799999	8.824485734400001	19.7022599424	0.0	1.0
157	0.0	-85.235537632	28.627587128000002	5.7381894527999995	12.2732508528	0.0	1.0
158	3.0	93.019174304	5.078441144000007	5.2528420224	9.488815308000001	0.0	1.0
158	1.0	66.78660329600001	-64.829969008	8.671223769600001	12.510141940799999	0.0	1.0
158	1.0	35.16680451200003	-72.92227314400002	10.2674791296	9.764517924	0.0	1.0
158	3.0	-63.66910883199999	-55.71649938400001	8.4475335168	14.3162856648	0.0	1.0
158	1.0	8.905990688000001	-82.520082484	11.2391750016	9.625057848	0.0	1.0
158	1.0	19.741221920000008	-88.9310832928	12.470418777599999	12.6094833648	0.0	1.0
158	0.0	-79.628444896	2.2443952159999974	5.3614159872	11.252125584	0.0	1.0
158	3.0	73.034700704	-46.82926276	9.0050967552	19.906794684	0.0	1.0
158	0.0	-84.93058672000001	29.84441902399998	5.9008895232	12.223781236799999	0.0	1.0
159	3.0	-14.180187615999992	-89.14691962959999	9.1511728896	10.1018765736	0.0	1.0
159	3.0	-26.366783968000004	-80.010404404	9.5832164736	11.390057330400001	0.0	1.0
159	3.0	-43.863029728	-73.960732888	11.3600828544	18.041729832	0.0	1.0
159	0.0	92.94517097600001	3.8227977200000094	5.2792258175999995	9.9185976792	0.0	1.0
159	1.0	8.686840735999999	-82.4695671688	11.9053837056	10.0569919464	0.0	1.0
159	3.0	18.908595104000028	-89.1562303744	12.8751848064	12.8721951792	0.0	1.0
159	3.0	-64.32191113599998	-54.802115872	8.068793779200002	14.0700033936	0.0	1.0
159	0.0	-79.57124425599999	3.9730164319999983	5.2761155328	11.635816752	0.0	1.0
159	0.0	-84.67246883199999	30.87161739200001	5.9221967616	11.938265136	0.0	1.0
159	3.0	72.39798608000002	-47.95077515199999	9.7379442048	20.598665472	0.0	1.0
160	1.0	7.723009951999993	-81.841685128	12.320088345600002	11.2388733576	0.0	1.0
160	3.0	92.89118787200002	3.9770383520000046	4.8680604672	8.1568358424	0.0	1.0
160	0.0	-95.59886358399999	59.377377584000016	11.4832429824	10.1576002752	0.0	1.0
160	0.0	-79.521908704	5.848236632000003	5.344148544	12.4984381536	0.0	1.0
160	0.0	92.873670176	2.906001056000009	5.245656192	9.8644827456	0.0	1.0
160	3.0	-27.4600312	-80.3234505472	8.935991232000001	10.001107368000001	0.0	1.0
160	0.0	-90.77684963200001	1.5624786799999955	4.2516878208	8.537671447200001	0.0	1.0
160	3.0	71.68762563200004	-48.35859784000001	9.4954492416	20.714094576	0.0	1.0
160	3.0	-64.90821769600002	-53.834844112	7.9916801664	15.0049389168	0.0	1.0
160	3.0	18.057735583999982	-89.3739167944	12.910255948799998	12.658651336800002	0.0	1.0
160	3.0	-79.24698812800001	10.34454209599999	5.4089997696	9.5900872536	0.0	1.0
160	3.0	-44.23626390400001	-73.723238512	10.7005952256	18.1977602184	0.0	1.0
160	0.0	-79.546218976	3.530404135999981	5.2593128448	8.374220618399999	0.0	1.0
160	0.0	-84.363227872	31.726275392000016	5.7328268928	12.0869152992	0.0	1.0
161	0.0	-80.96479484800001	-41.324863048000005	9.3381474816	16.1150491656	0.0	1.0
161	3.0	50.30316636800003	-81.1465565848	8.985469785600001	7.928571772799999	0.0	1.0
161	0.0	-10.994469472	51.164214752000014	3.8736630912000005	4.379167044	0.0	1.0
161	3.0	72.60855593600002	-51.194654727999996	7.152689779199999	14.605099739999998	0.0	1.0
161	3.0	71.498506016	-49.462011592	8.9963021568	19.114778088	0.0	1.0
161	0.0	31.02798070399998	73.990621712	10.1758508544	5.2796548224	0.0	1.0
161	0.0	-90.80151740800001	2.3204095039999935	4.4200364544	8.7355901304	0.0	1.0
161	3.0	-44.58518780800001	-73.59051515200001	9.8693984256	17.2664243136	0.0	1.0
161	0.0	92.766418976	2.2912505840000095	5.473815244800001	9.515802391200001	0.0	1.0
161	1.0	6.650140448000008	-82.1689286488	12.050458828799998	10.490112511200001	0.0	1.0
161	0.0	-95.56811823999999	59.393867456	11.632751155200001	10.0871563464	0.0	1.0
161	0.0	49.15486352000002	-65.503439512	7.9105625088	7.3860147648000005	0.0	1.0
161	3.0	-79.22625289599999	11.163606104000003	5.4043164672	10.0095131808	0.0	1.0
161	3.0	-65.777667424	-50.844948784	7.6666017792000005	18.5695867224	0.0	1.0
161	0.0	-79.540498912	5.913592832000003	5.1720818688	10.0849040712	0.0	1.0
161	3.0	17.51432950400002	-89.6118133624	12.767790604799998	12.210508900799999	0.0	1.0
161	0.0	-83.88381500800001	32.955575239999995	5.7651810048	11.741532919199999	0.0	1.0
162	3.0	-66.648904672	-50.49825927999999	7.8619419648	18.3551580576	0.0	1.0
162	3.0	-66.488385376	-55.160468943999994	7.9545355008000005	9.0622504728	0.0	1.0
162	3.0	-78.945254752	13.291201783999993	4.9181467776000005	8.912373624	0.0	1.0
162	0.0	-95.63818902399998	59.34560441600001	11.483350233600001	10.0854872496	0.0	1.0
162	0.0	72.58031312000001	-52.267099695999995	6.0033859199999995	12.905717882399998	0.0	1.0
162	0.0	92.74604124800001	1.3328270480000053	5.5592587008	10.058017536	0.0	1.0
162	3.0	-45.049228000000014	-74.58533706400002	9.7247165568	14.48544762	0.0	1.0
162	3.0	49.055477408000016	-82.1827841632	9.3404712576	8.1291851424	0.0	1.0
162	0.0	31.676492959999987	74.728644032	10.893254131199999	8.159530528800001	0.0	1.0
162	3.0	70.54683036799999	-48.712928991999995	8.2284550656	18.429945659999998	0.0	1.0
162	0.0	-90.821537632	3.002728231999996	4.6498400256	9.3947627088	0.0	1.0
162	0.0	-79.50546352	8.245099856000005	5.28301536	12.0789116784	0.0	1.0
162	3.0	16.723530656000026	-89.74113820000001	12.843760204799999	12.472154906399998	0.0	1.0
162	0.0	-83.67038512	33.78147651200002	5.8243479168	12.1174014528	0.0	1.0
163	3.0	4.932691231999997	-82.38989293360001	12.3093632256	11.1540108456	0.0	1.0
163	0.0	-90.723581536	4.275665912000001	4.5018333696	8.305968636	0.0	1.0
163	3.0	48.51886390400001	-82.6504329112	8.7338584704	8.5439456424	0.0	1.0
163	3.0	69.15792732800003	-47.019700672	6.110565619200001	14.0270895072	0.0	1.0
163	3.0	15.946316960000024	-89.8795324672	12.700508352000002	11.8207044144	0.0	1.0
163	0.0	92.849359904	0.45323314400000136	5.742551001600001	9.5654127744	0.0	1.0
163	3.0	47.34553577600002	-64.71594757599999	8.7392567808	13.954835714399998	0.0	1.0
163	0.0	-79.441470304	10.097998400000016	5.3433620352	13.0027869216	0.0	1.0
163	1.0	-18.682235487999982	-88.5815382256	12.4062468096	11.534042066400001	0.0	1.0
163	0.0	-95.51842518400001	59.37235018400001	11.6442985344	10.165443019200001	0.0	1.0
163	0.0	32.60350083199999	74.566158464	10.8193938048	8.5726822608	0.0	1.0
163	0.0	-79.55873161600002	8.292558511999998	5.0411281536	9.780042535200002	0.0	1.0
163	3.0	-67.110442336	-53.402688808	7.9122427776	11.7100815048	0.0	1.0
163	0.0	-83.23601776000001	34.95386619200001	6.169768281600001	11.8495616904	0.0	1.0
164	0.0	47.860341536	-83.08262843440001	7.8899345279999995	7.6148217936	0.0	1.0
164	1.0	-19.317162591999995	-89.96041327840001	12.2798333952	12.082209652800001	0.0	1.0
164	0.0	-95.498762464	59.342789072	11.6906310528	10.1208399264	0.0	1.0
164	0.0	-79.39463728000001	9.58339373600001	5.0977925376	9.8277827256	0.0	1.0
164	0.0	93.22867164800003	-0.5518446639999938	5.174691648	10.093108788	0.0	1.0
164	3.0	70.20541404800001	-52.973147751999996	8.3457163776	13.425209179200001	0.0	1.0
164	1.0	15.18590595199998	-90.2505948064	12.583032537600003	11.916969069600002	0.0	1.0
164	3.0	-67.774327264	-50.986520368	7.7056769663999996	14.318236296	0.0	1.0
164	0.0	33.659210143999985	73.977952664	10.9636109184	8.371224287999999	0.0	1.0
164	0.0	-82.841333344	35.791431032000006	5.8971714816	11.7642768768	0.0	1.0
165	0.0	-79.31491388799999	10.563133447999984	5.195248128	8.7334182936	0.0	1.0
165	0.0	-80.942272096	-41.521937128000005	9.3871255296	15.956384421600001	0.0	1.0
165	1.0	3.1355186239999986	-83.0342447368	12.200431756800002	9.9495061344	0.0	1.0
165	3.0	-46.789557472000006	-71.685532744	9.136193472	18.4860715536	0.0	1.0
165	0.0	-95.4930424	59.300760008	11.776289011200001	10.1150081424	0.0	1.0
165	0.0	35.07492598399999	71.99836364	9.9459757824	6.050154146400001	0.0	1.0
165	0.0	-82.638271072	37.426743704	6.2454518784	12.743694835200001	0.0	1.0
166	1.0	13.588220576000007	-90.4143673888	12.918585792000002	11.894124564	0.0	1.0
166	0.0	44.369314976000034	-66.499065808	8.5766639616	12.022624908	0.0	1.0
166	0.0	46.96264899199999	-83.14120769920001	7.8754913663999995	7.078981391999999	0.0	1.0
166	0.0	-79.20551766400001	14.12655456800001	5.0428084224	12.990479846400001	0.0	1.0
166	3.0	69.312011552	-54.396907432	8.1134102784	14.0998058208	0.0	1.0
166	0.0	44.402205344000016	-69.26011388799999	8.1488746752	6.618753086400001	0.0	1.0
166	0.0	-79.30490377599999	11.634170744000002	4.8128976	8.2220311656	0.0	1.0
166	0.0	35.73201833600001	72.83170546400001	10.8245776128	8.893370052	0.0	1.0
166	0.0	-90.770772064	7.055415920000008	4.325977152	8.2036912104	0.0	1.0
166	1.0	2.3193369919999918	-82.4826384088	12.3877996032	11.0428650864	0.0	1.0
166	3.0	27.211983007999994	-74.94167917600001	11.263521024000001	11.9459671128	0.0	1.0
166	0.0	-95.501622496	59.325494815999996	11.7020354304	10.1050538904	0.0	1.0
166	3.0	-47.128828768000005	-71.25699716800001	8.9087494272	18.0377883504	0.0	1.0
166	0.0	93.09711017600002	-2.220137080000003	5.399490163199999	9.869892228	0.0	1.0
166	0.0	-82.205333728	37.755736760000005	6.1234000128	11.090042208	0.0	1.0
167	3.0	26.38221622399999	-75.412243816	11.37130848	11.399086540799999	0.0	1.0
167	0.0	36.55785257599999	74.262503504	10.4710776576	12.912997557599999	0.0	1.0
167	0.0	43.27142019200002	-69.76627252	8.215084416	6.384476246400001	0.0	1.0
167	3.0	-47.694400095999995	-70.711021528	8.903529868800002	18.2370543768	0.0	1.0
167	0.0	-80.972659936	-41.502430816	9.3338574336	15.988941864000001	0.0	1.0
167	3.0	12.913968032000003	-90.4486341472	12.697326566400001	10.9276169688	0.0	1.0
167	0.0	-78.94382473600001	15.509491760000001	5.29284672	13.292043408000001	0.0	1.0
167	0.0	-95.45907951999999	59.30860275199999	11.7812940672	10.1563333704	0.0	1.0
167	0.0	-81.861772384	38.19030521600001	6.0586560384000006	10.192952952	0.0	1.0
168	3.0	25.55244943999999	-76.08571432000001	11.410562419200001	11.3706113472	0.0	1.0
168	0.0	38.23597635200001	70.15974291200001	9.336395712	5.8668350328	0.0	1.0
168	3.0	0.4192032319999957	-82.4727645952	12.234930892800001	11.1917364552	0.0	1.0
168	3.0	-70.172464096	-45.563363439999996	7.4085196416	19.2717134064	0.0	1.0
168	0.0	59.039849120000014	-74.429286568	7.9807047936	7.7021175672	0.0	1.0
168	0.0	-95.55203055999999	59.30679288800001	11.704394956800002	10.212660360000001	0.0	1.0
168	3.0	68.03893980800001	-52.485489952	8.9999486976	18.860130223200002	0.0	1.0
168	0.0	42.63756560000001	-69.871445728	8.8352823552	7.434820763999999	0.0	1.0
168	1.0	12.084916255999996	-89.92481928640001	13.0023132288	10.143603993600001	0.0	1.0
168	0.0	-80.995540192	-41.493984784	9.2967485184	16.031916079200002	0.0	1.0
168	3.0	-48.98641955200001	-72.625254352	10.1749928448	13.4182110384	0.0	1.0
168	0.0	-81.374136928	39.966385088	6.3999293567999995	11.3602750128	0.0	1.0
169	0.0	93.22831414400001	-4.722575704000006	5.4027076992000005	10.1706111864	0.0	1.0
169	3.0	-32.59629116800001	-79.66321216	9.0827823744	6.449349816000002	0.0	1.0
169	0.0	41.22113475199999	-70.96782112000001	7.7298442368	6.504872421599999	0.0	1.0
169	0.0	-95.541662944	59.29814576000002	11.8259105664	10.2387827304	0.0	1.0
169	0.0	-81.035938144	-41.479103679999994	9.25220352	15.983994902400001	0.0	1.0
169	0.0	-78.50373731200001	18.166372112	5.5110671616	13.284783842400005	0.0	1.0
169	0.0	58.60476675200002	-74.915134504	7.5103367808	7.612810833599999	0.0	1.0
169	0.0	-80.91116924800001	40.89745956799999	6.3187401984	11.371274964	0.0	1.0
170	0.0	-95.520927712	59.27200327999999	11.7846903552	10.1654028	0.0	1.0
170	3.0	10.537996448000008	-91.0075603696	12.9644535552	11.5202468808	0.0	1.0
170	0.0	39.89443740800001	69.75473556800002	9.969964300800001	6.9824955312000005	0.0	1.0
170	3.0	-71.317549408	-44.030609728	7.482665971199999	19.65260934	0.0	1.0
170	1.0	-1.2006473920000056	-82.69702685440001	12.403494028800003	10.888523906400001	0.0	1.0
170	3.0	-49.781508448000004	-71.770596352	8.9202253056	14.221308024	0.0	1.0
170	0.0	40.167570464	-70.756469224	8.615667648	7.935328598400001	0.0	1.0
170	0.0	-81.007695328	-41.53440508	9.252024768	15.859134396	0.0	1.0
170	0.0	-78.286017376	19.476914744000002	5.4354550656	13.4073317448	0.0	1.0
170	1.0	23.41421801599999	-76.961889592	11.806033344	11.6803997352	0.0	1.0
170	0.0	-80.42389129600001	41.891477096	6.3520238208	11.6850450528	0.0	1.0
170	0.0	58.278723104	-75.404602168	6.780921369599999	7.58584386	0.0	1.0
171	1.0	9.901281824000002	-90.91602147040001	13.2899966976	11.8706566608	0.0	1.0
171	1.0	-2.161618143999993	-82.77786744640001	12.5259391488	10.83706344	0.0	1.0
171	3.0	42.455953567999984	-85.71014877040001	9.8211353856	7.433131557599999	0.0	1.0
171	0.0	-77.75548144	22.175824159999983	5.516787225600001	13.93645554	0.0	1.0
171	0.0	39.08469084800001	-71.702625904	7.7200128768	6.734906136	0.0	1.0
171	3.0	-33.797147104	-76.289022376	9.3825852288	11.4755030208	0.0	1.0
171	0.0	-71.77372451200002	-42.84354003999999	7.0958466432	18.87235686	0.0	1.0
171	3.0	-23.230758879999993	-87.1308316816	10.266513868799999	10.6542068472	0.0	1.0
171	0.0	-95.61387875200002	59.343794552000006	11.701177420799999	10.088282484	0.0	1.0
171	0.0	-80.99446768	-41.54305220799999	9.3317124096	15.7582646424	0.0	1.0
171	3.0	66.70902492800002	-54.71122048	10.9430544384	20.007242136000002	0.0	1.0
171	3.0	-50.065009119999985	-70.96802221600001	9.038523379199999	14.6991724488	0.0	1.0
171	0.0	-79.967358688	42.570176096000004	6.166514995200001	10.7398938528	0.0	1.0
171	1.0	22.329550879999985	-77.363277208	11.464402521600002	11.428768310399999	0.0	1.0
172	1.0	9.132290720000007	-91.1910202504	12.806937292799999	11.6202117024	0.0	1.0
172	0.0	93.10962281600001	-7.2716686	5.643450892800001	10.1654631288	0.0	1.0
172	0.0	-95.505197536	59.319260839999984	11.9101742592	10.1183262264	0.0	1.0
172	3.0	-50.614850272	-72.56653432	8.5056994176	9.9786449448	0.0	1.0
172	0.0	-80.94656214400001	-41.536013848	9.4558377984	16.0133549184	0.0	1.0
172	3.0	-51.78460336	-70.281279376	11.023278335999999	14.684814194400001	0.0	1.0
172	3.0	-2.904153951999994	-82.707001216	12.6019444992	11.129054832	0.0	1.0
172	3.0	66.90851216000002	-55.33642794400001	12.628578547200002	19.6294430808	0.0	1.0
172	3.0	42.170307872	-85.9820707816	9.9822981888	7.399990936800001	0.0	1.0
172	3.0	-34.428499167999995	-75.77904292	9.2599256064	12.2637591216	0.0	1.0
172	3.0	-24.497395552000008	-87.109696492	11.188445184	10.2688868016	0.0	1.0
172	0.0	-79.704950752	43.108912280000006	6.081929548800002	9.7468616952	0.0	1.0
172	1.0	21.336047264000005	-77.630332696	11.9005216512	11.133277848	0.0	1.0
173	3.0	-3.9048076480000034	-82.793874688	12.552751948800001	10.7201663352	0.0	1.0
173	3.0	36.659026208000014	-67.8116194	10.37029728	16.8218412768	0.0	1.0
173	0.0	-95.470519648	59.30940713599999	12.0044838144	10.284592399200001	0.0	1.0
173	0.0	-90.40504547200001	10.706514896000005	5.7288585984000004	13.878238248	0.0	1.0
173	0.0	-10.81106992	-97.356342076	5.2959212544000005	5.452315848	0.0	1.0
173	3.0	-52.10742947199999	-69.933584392	10.4941009152	14.271179832000001	0.0	1.0
173	0.0	-80.75029244800001	-41.446123936	9.878836531200001	16.085467944	0.0	1.0
173	3.0	-35.04590857600001	-75.235681528	8.695927296	13.037375433600001	0.0	1.0
173	0.0	-72.84301897600001	-41.049160432	6.8430555648	19.3670932392	0.0	1.0
173	0.0	-79.25235068799999	44.12303940799999	6.349592793599999	9.6686554608	0.0	1.0
173	3.0	66.350448416	-55.81825396	13.3725086208	19.843469553600002	0.0	1.0
173	0.0	-77.37831472	23.630150432000008	5.8605273216	13.4027266464	0.0	1.0
173	3.0	-25.122312543999996	-87.25329914560001	10.9813431168	9.5941493928	0.0	1.0
173	1.0	8.286793760000009	-91.1898136744	13.162832524800002	11.42376102	0.0	1.0
173	0.0	100.67762499199999	-40.519071376	9.2188483968	18.3911944608	0.0	1.0
173	1.0	20.30786576000002	-77.85234268	11.610121152000001	11.4031084608	0.0	1.0
174	0.0	-76.89282428800001	24.839340679999996	6.2485621632	13.833494388	0.0	1.0
174	3.0	55.23636406400002	-78.44497259200001	10.3551748608	9.828144698400001	0.0	1.0
174	0.0	-95.426546656	59.32911454400001	12.068083776000002	10.269630856800001	0.0	1.0
174	0.0	-10.81750499200001	-97.3352873248	5.362202496	5.4944253504	0.0	1.0
174	0.0	-80.979452512	-41.41998145600001	9.434244556800001	16.249542170399998	0.0	1.0
174	3.0	-4.884368608000006	-82.4979015952	12.4505415552	11.385613108800001	0.0	1.0
174	3.0	-26.175161823999996	-86.724999844	11.4209657856	9.9561020832	0.0	1.0
174	3.0	63.80966748800001	-56.39861701600001	9.748419072	19.7215651584	0.0	1.0
174	0.0	-79.270583392	49.25460713599999	7.0847640192000005	17.7492960288	0.0	1.0
174	3.0	-35.750191455999996	-75.57694144000001	8.2882297344	12.0468971952	0.0	1.0
174	0.0	-73.360327264	-40.465982032	6.714282624	18.8168342544	0.0	1.0
174	3.0	-52.661203167999986	-69.171631648	10.494708672	15.068284156800006	0.0	1.0
174	3.0	7.61575875200001	-91.3701967864	13.091939481599999	11.3476260744	0.0	1.0
174	3.0	19.32401475200001	-78.2082826	11.9881458816	11.2396375224	0.0	1.0
174	0.0	100.657247264	-40.57175852800001	9.161540505600001	18.144791532000003	0.0	1.0
175	0.0	-79.02390563199998	49.83034498399999	7.575688512	17.345434932	0.0	1.0
175	0.0	54.66042512000002	-78.769943728	9.5827874688	9.341271172799999	0.0	1.0
175	3.0	-36.529550176	-74.894823808	8.4428502144	11.9601443808	0.0	1.0
175	3.0	-53.14347606400002	-68.45814304	9.8068352256	15.323595638399999	0.0	1.0
175	0.0	-81.003762784	-41.432449408	9.367319808	16.120921168799995	0.0	1.0
175	0.0	-95.5198552	59.34841975999999	11.8579786752	10.1407886496	0.0	1.0
175	0.0	-76.48848726399999	25.955825672	6.1766681088	11.8300955976	0.0	1.0
175	0.0	-10.74814921599999	-97.345181248	5.3022133248	5.474657613600001	0.0	1.0
175	1.0	6.822814879999991	-91.3833082456	12.760461772800001	11.046806568000001	0.0	1.0
175	1.0	-26.992058464	-85.7927388976	11.607868876800001	11.3015952	0.0	1.0
175	0.0	39.16405673600001	-87.49738947040001	8.8677794688	7.6116444768000004	0.0	1.0
175	3.0	63.13863248000001	-56.9172436	10.326038284800001	19.7312780952	0.0	1.0
175	1.0	-5.608671712	-82.5611663968	12.607378559999999	11.1891020976	0.0	1.0
175	0.0	100.59897411200001	-40.587846207999995	9.1292936448	18.1072469088	0.0	1.0
175	1.0	18.203597216000006	-78.56623348000001	11.9816750592	10.8595258632	0.0	1.0
176	1.0	-27.62805808000001	-86.3309321224	11.377922304	9.7331268384	0.0	1.0
176	0.0	-10.815002463999999	-97.3292745544	5.4419973888	5.5064508912	0.0	1.0
176	0.0	46.60550249600001	64.945122536	6.9767978112	6.0863313168	0.0	1.0
176	3.0	62.878369568	-60.685380448	9.5736711168	13.112122816800001	0.0	1.0
176	0.0	-77.78336675199999	48.075179096000014	7.4731563647999995	11.454910790400001	0.0	1.0
176	0.0	54.601794463999994	-78.95032684	10.5621339264	8.648535672000001	0.0	1.0
176	0.0	-95.46730211200001	59.35887675200001	11.9761337472	10.1740700376	0.0	1.0
176	3.0	-53.52886537599999	-68.54602199200001	9.0327675648	13.6717327656	0.0	1.0
176	0.0	-76.833478624	25.890268376	5.0124563328	9.4078942776	0.0	1.0
176	0.0	-75.54789423999999	31.113334784	5.4586928256	9.416963707199999	0.0	1.0
176	0.0	-81.052383328	-41.40127952800001	9.3031835904	16.2595969704	0.0	1.0
176	1.0	17.20365852800001	-78.43230354399999	11.942135116800001	10.02765204	0.0	1.0
176	3.0	-37.15839971200001	-74.733947008	8.1994257408	11.8783787472	0.0	1.0
176	1.0	-6.620050528000005	-82.2573304504	12.2366826624	10.852246188	0.0	1.0
176	1.0	5.92261980800001	-91.680910216	13.241125900800002	11.602032624	0.0	1.0
176	0.0	100.60755420800002	-40.60111854400001	9.0482832384	18.058802882400002	0.0	1.0
177	3.0	-7.239962463999991	-82.2653139616	12.6133846272	11.2584399984	0.0	1.0
177	1.0	5.334883231999991	-91.6025632144	13.086648422400001	11.7917667	0.0	1.0
177	3.0	37.647882272000004	-88.42999228000001	9.3127646976	7.8082962552	0.0	1.0
177	0.0	46.85754281599999	64.50552668000002	7.6137984384	6.2822993687999995	0.0	1.0
177	0.0	-77.349356896	48.411210512000004	6.2912838912	10.235766290399999	0.0	1.0
177	0.0	92.70028073600001	-11.450041288000003	5.819843366400001	10.3640655384	0.0	1.0
177	0.0	53.542152608000016	-79.16871709600001	7.972196198400001	8.1429602184	0.0	1.0
177	0.0	-76.58465584	26.371692199999995	4.6043297664	8.838631720799999	0.0	1.0
177	0.0	-95.68108950400001	59.379187447999996	11.5662196608	10.1607373728	0.0	1.0
177	0.0	-80.62266352	-41.512485616	10.219609344	15.8713208136	0.0	1.0
177	3.0	62.86335440000001	-61.26755336800001	8.3948374272	12.5525530872	0.0	1.0
177	3.0	-27.50507670400001	-85.86414808720001	9.8314672512	10.1538196704	0.0	1.0
177	3.0	-53.85490902400001	-69.70896016	8.7298186752	10.4560267392	0.0	1.0
177	0.0	100.632579488	-40.573568392000006	9.090611712	18.1159744752	0.0	1.0
177	0.0	-78.069369952	47.69510765600001	5.107659648	8.966448338400001	0.0	1.0
177	3.0	-37.513758687999996	-74.003968528	8.350042176	12.8047073616	0.0	1.0
177	1.0	15.99028995200001	-79.12025296	11.9072784768	10.7610893712	0.0	1.0
178	3.0	62.79685865599999	-60.869584384	7.5552750336	10.9710335952	0.0	1.0
178	3.0	62.24916252800003	-62.22517252	8.4580441344	13.8077541	0.0	1.0
178	3.0	-54.196325343999995	-69.62671189599999	8.5011233664	9.9162649656	0.0	1.0
178	3.0	36.84028073600001	-88.7214004936	9.6834963456	7.3287627336000005	0.0	1.0
178	3.0	-38.17049353600001	-73.541447728	8.0859539712	12.6653478336	0.0	1.0
178	0.0	52.51504361599999	-79.467947944	8.7721113984	7.8906249576	0.0	1.0
178	0.0	-76.55462550399999	49.43881107199999	6.548508019200002	10.6154154288	0.0	1.0
178	0.0	-80.707391968	-41.4680434	10.1463925248	16.1762024592	0.0	1.0
178	1.0	-8.25849136	-82.3527505024	12.6308308224	11.045036923200001	0.0	1.0
178	1.0	4.387497631999998	-91.5990440344	13.0251577344	10.5779914632	0.0	1.0
179	3.0	35.81746179199999	-89.27373076720001	9.807049728	6.9881061095999994	0.0	1.0
179	3.0	-54.56383945599999	-68.52068389600001	8.415822912000001	11.0935211688	0.0	1.0
179	0.0	-75.78027183999998	30.236958416	4.650769536	11.3635729872	0.0	1.0
179	0.0	-75.971893984	50.649408992000005	6.6680573568	11.2113835344	0.0	1.0
179	3.0	61.699321376000015	-62.50932116800001	8.6983583232	13.732845840000001	0.0	1.0
179	0.0	51.53834268800001	-79.943137792	8.8505835264	7.8261937991999995	0.0	1.0
179	0.0	-80.886143968	-41.37553924	9.6990477696	16.2618693552	0.0	1.0
179	1.0	-9.043927648000007	-82.12846813360001	12.269430028800002	11.293953552000001	0.0	1.0
179	1.0	3.662122016000046	-91.0397357296	13.2669376896	9.2962055592	0.0	1.0
179	1.0	13.813448095999991	-79.53692387199999	11.7464374272	10.538033688	0.0	1.0
180	0.0	-95.511275104	59.34922414399999	11.9033101824	10.2341977416	0.0	1.0
180	3.0	-30.248919904000008	-80.8305543304	11.6151619584	17.9279497152	0.0	1.0
180	1.0	3.020402335999996	-91.18339871200001	12.9642748032	9.8612048808	0.0	1.0
180	0.0	-75.291921376	52.447609424000014	6.773235033600001	12.1306536792	0.0	1.0
180	0.0	-73.760016736	35.62934765600002	6.6483946368	9.7815909744	0.0	1.0
180	1.0	12.863559968000008	-79.672864768	12.185809843200001	10.629110066400001	0.0	1.0
180	0.0	-75.626187616	30.199554560000003	4.4283305472	8.3588166648	0.0	1.0
180	0.0	-81.006265312	-41.284241656	9.556653926400001	16.297624224000003	0.0	1.0
181	0.0	-95.547740512	59.36128990399999	11.821942272000001	10.133348097599999	0.0	1.0
181	0.0	-75.691610848	51.59637005600001	5.3655630336	8.6421006	0.0	1.0
181	1.0	12.038083231999991	-79.83193170400001	11.384929382400001	10.4116649616	0.0	1.0
181	1.0	2.206365727999992	-91.47134807440001	12.636157632	11.058751670400001	0.0	1.0
181	1.0	-10.658415712	-81.9096354664	12.1843440768	11.056941806400001	0.0	1.0
181	0.0	-80.594420704	-41.32425976	10.309342848	16.3335399696	0.0	1.0
182	0.0	-75.42455536000001	52.18256489599999	4.6998905856	8.297643261600001	0.0	1.0
182	0.0	-72.99531567999999	35.799877064	7.347386457600001	14.184225921600001	0.0	1.0
182	1.0	-11.602226272000003	-81.56887829440001	12.178123507199999	10.938918564000002	0.0	1.0
182	1.0	1.5235330879999962	-90.919359664	13.030699046399999	9.4446546264	0.0	1.0
182	0.0	-81.057388384	-41.344168264000004	9.3294958848	16.082994463200002	0.0	1.0
183	1.0	0.9000461119999971	-91.5107226712	13.2073060224	10.5520701888	0.0	1.0
183	0.0	51.82577590400001	60.325344128000005	8.411318361600001	6.7436739216	0.0	1.0
183	0.0	51.15009334400001	64.16607663199999	9.6356623104	13.985804498399999	0.0	1.0
183	1.0	-12.696546016000001	-81.5808032872	11.7044307072	10.8148222224	0.0	1.0
183	1.0	26.611376287999995	-74.552960608	10.871446387199999	11.214641289600001	0.0	1.0
183	3.0	59.28259433600001	-64.433608792	8.8437552	12.909237062399999	0.0	1.0
183	3.0	-57.124283104000014	-65.921920288	8.332345728	14.236691868	0.0	1.0
183	1.0	9.713949728000001	-80.1404531872	11.691739315200001	10.3226397624	0.0	1.0
183	0.0	92.16724227200004	-16.72559375199999	6.1348401408	9.2846626488	0.0	1.0
183	0.0	-81.122811616	-41.267349592	9.3148024704	16.3595215728	0.0	1.0
183	0.0	-72.44082697600001	36.836526944	7.3886424192	14.306995029600001	0.0	1.0
183	0.0	-73.478303584	55.26154575200001	7.256794944	12.579741266400001	0.0	1.0
184	0.0	-71.887410784	38.459170568000005	7.530607257600001	14.3299400832	0.0	1.0
184	3.0	-57.62979376000001	-65.050370224	8.1621023232	12.3486819624	0.0	1.0
184	0.0	-81.121024096	-41.450145856000006	9.2939242368	15.913369987200001	0.0	1.0
184	0.0	91.94737731200001	-17.266944184	6.064340351999999	9.9103326336	0.0	1.0
184	1.0	-13.515587680000005	-81.171733804	11.8756751232	11.0390040432	0.0	1.0
184	0.0	-72.78796335999999	56.090061272000014	7.4370484608	12.0578368176	0.0	1.0
184	1.0	0.18575312000000635	-91.306771108	12.9760009344	10.1851504272	0.0	1.0
184	1.0	8.631785120000009	-80.3202531208	12.064258483200001	9.9252338472	0.0	1.0
185	3.0	-33.660223071999994	-81.0867506344	11.520923904	18.607815072	0.0	1.0
185	0.0	53.454921632000016	59.13364923199998	8.059212672000001	6.8504961168	0.0	1.0
185	3.0	-79.24269808	-31.518416608	7.8197207424	18.7271052192	0.0	1.0
185	1.0	-14.456895711999996	-81.0565460152	11.371916236800002	11.1514971456	0.0	1.0
185	0.0	-71.50631152	38.96734016	7.6373222016	13.802545713600002	0.0	1.0
185	0.0	-95.71683990400001	59.38059512	11.493074342400002	10.1580426864	0.0	1.0
185	3.0	-58.04807344000001	-63.711070864	8.3615538048	14.3649307872	0.0	1.0
185	0.0	-81.04451824	-41.318025784	9.502992576	16.0977951288	0.0	1.0
185	0.0	-72.268867552	57.126912248	7.221402048	11.6272902816	0.0	1.0
185	1.0	-0.40269846400000664	-91.3875513712	13.100698329600002	10.399900845600001	0.0	1.0
185	1.0	7.547475487999992	-80.4119730064	12.187525862400001	9.897241284000001	0.0	1.0
186	0.0	-70.878892	40.081412	7.2299106432	13.3641564336	0.0	1.0
186	0.0	-72.28817276800001	57.718335584	5.9353529088000005	11.0239620624	0.0	1.0
186	0.0	-95.62817891199998	59.31966303200001	11.6500900992	10.247047776	0.0	1.0
186	3.0	-58.637597536	-65.068468864	8.4392751744	11.0053204632	0.0	1.0
186	0.0	91.861933856	-18.895017399999997	6.2848488192000005	10.5591286584	0.0	1.0
186	1.0	-14.904848224000014	-80.8021394656	12.1056931968	11.242895277599999	0.0	1.0
186	0.0	-81.11458902400001	-41.05479112	9.4477939584	16.5825571464	0.0	1.0
186	1.0	-1.1824146879999973	-91.5362015344	13.0668069504	10.3372795512	0.0	1.0
186	1.0	6.480326048000002	-80.4696674488	11.909530752	10.2899415528	0.0	1.0
187	0.0	-88.090207072	25.573542175999997	6.002635161600001	8.430487279200001	0.0	1.0
187	1.0	-1.8613147839999942	-91.1732634736	12.875292057600001	10.461315564	0.0	1.0
187	3.0	-34.95188502399999	-83.0750672248	11.0532371712	14.512655908800001	0.0	1.0
187	3.0	-59.136315616000005	-63.548585296	8.3021008896	13.077876167999998	0.0	1.0
187	0.0	-95.581345888	59.36048552000001	11.8033878144	10.1985434208	0.0	1.0
187	1.0	-80.28124720000001	-28.961279872000006	8.232494860800001	19.9336007808	0.0	1.0
187	0.0	-70.99150575999998	58.777709312	7.366584422400001	11.621016086400001	0.0	1.0
187	1.0	-15.722817375999997	-80.6999022592	11.8118249088	11.2189849632	0.0	1.0
187	0.0	-70.624349152	40.648301623999984	7.0997076864	11.575890144	0.0	1.0
187	0.0	-81.1035064	-40.547425912	9.4244489472	17.606055348	0.0	1.0
187	1.0	5.463942175999995	-80.527120576	11.781687321600002	10.2071503296	0.0	1.0
188	3.0	21.501571616000003	-74.37760489600001	11.0503413888	16.464212150399998	0.0	1.0
188	0.0	-71.06515158399999	39.963569744	4.7478676224	8.1183259584	0.0	1.0
188	0.0	-69.11639728	44.75970934400001	7.5154133376	9.174904452	0.0	1.0
188	1.0	26.633541536000003	-90.1148348968	10.1370974208	9.391967474400001	0.0	1.0
188	1.0	-2.183425887999993	-88.8842078152	12.386441088	11.0282252976	0.0	1.0
188	0.0	-69.459243616	42.542022656	8.189272627200001	13.1952357936	0.0	1.0
188	3.0	-44.06609200000002	-69.561958984	9.359490470399999	13.2530710032	0.0	1.0
188	0.0	-95.87271164799999	59.38703019199999	11.1797578368	10.0623612096	0.0	1.0
188	0.0	56.19947984000001	56.62698759199999	7.1560860672	6.822805197600001	0.0	1.0
188	0.0	-70.995438304	58.668514183999996	6.127475558400001	9.6224838192	0.0	1.0
188	0.0	-81.092066272	-40.6234402	9.4628806272	17.492536656	0.0	1.0
188	1.0	-16.628375007999985	-80.5095648952	11.5985737728	11.5586361072	0.0	1.0
188	1.0	4.304914207999992	-80.7362805256	12.172010188799998	9.660913264800001	0.0	1.0
189	1.0	-3.2466427840000045	-91.3636209472	12.8984940672	10.9955471976	0.0	1.0
189	0.0	-95.5824184	59.33454413599999	11.761702848	10.1411305128	0.0	1.0
189	3.0	55.07870480000002	-70.464477832	8.596648435199999	8.0652366144	0.0	1.0
189	3.0	-44.848310751999996	-67.97048524	9.0841051392	15.1167281832	0.0	1.0
189	0.0	-68.76890339200001	43.65046380799999	8.2353906432	13.1190606288	0.0	1.0
189	0.0	-81.05560086400001	-40.69824791200001	9.457589568	17.4055224168	0.0	1.0
189	1.0	20.342901152000007	-77.422600528	10.8096339456	10.810820412	0.0	1.0
189	3.0	-59.957502303999995	-61.21567060000001	8.2199822208	13.878640440000002	0.0	1.0
189	1.0	3.4393970240000105	-80.6730961624	11.5961427456	9.827179437600002	0.0	1.0
189	3.0	-17.509622367999985	-80.06860158639999	12.058895923200001	11.6913795768	0.0	1.0
189	0.0	56.67782019200002	56.121030056	7.9372680576	7.2995434848	0.0	1.0
189	3.0	-35.97613398399999	-82.2905112904	10.8773809536	12.589011792	0.0	1.0
190	0.0	91.405401248	-22.683867136000003	6.2209628544	9.746720928	0.0	1.0
190	0.0	-69.98155695999999	60.069348919999996	5.6912134272	9.2156666112	0.0	1.0
190	3.0	19.036224031999982	-74.14131709600001	10.589733235199999	17.2139784768	0.0	1.0
190	0.0	-81.0409432	-40.880038696	9.4604496	17.0393467104	0.0	1.0
190	0.0	57.456821407999996	55.109114983999994	8.0123438976	7.425630676800001	0.0	1.0
190	3.0	-18.28397603200001	-76.418327104	12.1571737728	19.1275074648	0.0	1.0
190	3.0	-45.30126832	-67.60650148	8.994586137599999	14.517019692000002	0.0	1.0
190	0.0	-95.543807968	59.38481813600001	11.797095744	10.2293714376	0.0	1.0
190	1.0	-3.844031967999997	-91.26152450800001	12.895884288000001	11.232116532	0.0	1.0
190	3.0	-36.55672048000001	-79.29359771200001	10.5344273664	18.9242798472	0.0	1.0
190	3.0	-60.53344124799999	-62.245885408	8.0560308864	10.7464495824	0.0	1.0
190	1.0	2.464841120000008	-80.6775604936	11.657847936	9.9676047744	0.0	1.0
190	0.0	-68.05747043199999	44.808374576	8.703971136	13.0288489632	0.0	1.0
191	0.0	-81.03558064	-30.314454856	5.944040256	10.456630027200001	0.0	1.0
191	3.0	18.083118367999994	-77.446732048	10.7403496704	11.6071806816	0.0	1.0
191	0.0	-95.597433568	59.37074141600001	11.7380003328	10.2926362392	0.0	1.0
191	0.0	53.42989635199999	-73.70473768000001	8.0181354624	10.0257014088	0.0	1.0
191	3.0	-45.94549052799999	-67.32758132800001	8.8548020736	14.708603851200001	0.0	1.0
191	0.0	57.57622774400001	57.77363698400001	8.8703534976	13.743463708799998	0.0	1.0
191	1.0	2.438743328000001	-80.5563398248	9.744272025599999	9.3882069792	0.0	1.0
191	0.0	-81.038083168	-40.855303888	9.4851888768	17.0600595984	0.0	1.0
191	3.0	-61.19196361600002	-61.7334928	7.9812052992	9.959882688	0.0	1.0
191	1.0	-4.551174880000004	-90.7390972096	12.9344589696	10.30013712	0.0	1.0
191	1.0	-19.064049760000007	-79.787288392	11.8862214912	11.6365608072	0.0	1.0
191	0.0	91.32460534400002	-23.13211012	6.146030015999999	10.173969489600001	0.0	1.0
191	0.0	-67.394658016	45.870563648	8.712014976	12.7010624832	0.0	1.0
192	3.0	24.16497641600002	-90.16470670480001	11.267167564800001	10.9351580688	0.0	1.0
192	0.0	-95.61602377600002	59.378584159999996	11.655702912	10.1587264128	0.0	1.0
192	0.0	42.20677328000002	-85.3862836624	10.154364864	7.8773928408	0.0	1.0
192	3.0	-38.02963695999998	-81.8832717808	10.642679577600001	10.7516579688	0.0	1.0
192	0.0	-46.365557728000006	-69.21828592	8.260666176	9.9320107824	0.0	1.0
192	0.0	58.387046816	57.28738685599998	8.9822522496	14.0103784296	0.0	1.0
192	1.0	-5.139983968000004	-90.47493750400001	12.978396211200002	9.434217744	0.0	1.0
192	1.0	1.2693477440000085	-80.7524285344	9.9081161088	9.3956475312	0.0	1.0
192	0.0	-81.02378300800001	-40.91643707200001	9.4639888896	16.902500882400002	0.0	1.0
192	0.0	-66.60814921599999	46.82154663199999	8.7613147776	12.349586894399998	0.0	1.0
192	0.0	53.302982432000015	-73.478303584	9.000699456000001	10.939743057600001	0.0	1.0
192	1.0	-19.77298019199999	-79.3293928	11.850149337600001	11.8994938272	0.0	1.0
192	0.0	91.24738448000002	-23.837152695999997	6.0479666688	10.043377747200001	0.0	1.0
193	3.0	-5.812091488000004	-90.27368062720001	12.716810534400002	9.7001068752	0.0	1.0
193	3.0	-47.10845104	-67.652552464	8.9673800832	12.0845021472	0.0	1.0
193	3.0	15.999585055999997	-78.382833928	10.888463577600001	10.714093236	0.0	1.0
193	3.0	-62.32560880000001	-54.414402783999996	6.683859033600001	13.389393981600001	0.0	1.0
193	0.0	59.64403088	53.86332526399999	8.0382629376	8.2257715512	0.0	1.0
193	0.0	-95.560610656	59.337359479999996	11.7393230976	10.1187686376	0.0	1.0
193	0.0	59.232186272000014	55.481544775999986	8.925659366400001	11.4529400496	0.0	1.0
193	0.0	-81.01699043200001	-40.629070888	9.4760725248	17.4849553368	0.0	1.0
193	1.0	-0.001221472000006679	-80.4546455776	10.7580818688	9.1361532528	0.0	1.0
193	0.0	90.95244368	-24.977367016	6.2415193344	9.564527952	0.0	1.0
193	1.0	-20.669242719999993	-79.251769744	11.8752818688	11.929155487200001	0.0	1.0
193	0.0	52.51861865600003	-73.547279512	9.5619449856	10.484743248000001	0.0	1.0
193	0.0	-65.88706364799998	47.98589247200002	8.7078679296	12.447540756	0.0	1.0
194	1.0	14.77191632000001	-79.12588364800001	10.4626405632	10.9232934048	0.0	1.0
194	3.0	-39.08141372799999	-77.24101084	10.637174016	19.7520714216	0.0	1.0
194	3.0	-47.34154364800002	-68.5808116	7.8262273152	9.3348361008	0.0	1.0
194	0.0	51.54227523199999	-73.549089376	8.3856853248	7.907617569599999	0.0	1.0
194	0.0	-66.050442976	66.649008944	8.0695087872	14.576745204	0.0	1.0
194	3.0	-62.87509244800002	-53.384389072000005	6.481440268799999	12.5425787256	0.0	1.0
194	0.0	-62.719578208	-58.217932528000006	8.0607141888	13.4611450344	0.0	1.0
194	0.0	-81.00876784	-41.1412624	9.417227366399999	16.5352794768	0.0	1.0
194	1.0	-82.53173488	-26.353466944	5.7331843968000005	9.2537139744	0.0	1.0
194	1.0	-6.505649247999996	-90.9092646448	12.7724381568	10.9865984256	0.0	1.0
194	1.0	22.575156128000003	-89.9744497792	11.7192671232	9.7355601	0.0	1.0
194	0.0	90.74401884800002	-25.772500600000004	6.226003660799999	9.9992572848	0.0	1.0
194	0.0	-65.035131616	49.247769872	9.1622555136	12.53129724	0.0	1.0
194	1.0	-1.0601483199999902	-80.20802144320001	10.238378304000001	9.1446596136	0.0	1.0
194	1.0	-21.460399071999994	-78.77577551200001	11.7621676032	11.8303168032	0.0	1.0
195	0.0	-65.233546336	66.40447620799999	8.5789877376	12.671943782399998	0.0	1.0
195	0.0	51.31633270400003	-73.712178232	8.5476346368	7.7972560848	0.0	1.0
195	3.0	13.75088489600001	-78.723289456	10.9282895232	10.334866399200001	0.0	1.0
195	0.0	-95.565615712	59.275824104	11.770962201600002	10.0961855568	0.0	1.0
195	3.0	-39.827167071999995	-76.685382592	10.5984563328	19.245027967200002	0.0	1.0
195	0.0	61.73006671999999	50.879060624	6.6087474432	7.219446948	0.0	1.0
195	0.0	-63.11605014400002	-59.3002312	7.7381025791999996	10.0001823264	0.0	1.0
195	3.0	-7.302525663999993	-90.74744269360001	12.664293196800001	10.7614714536	0.0	1.0
195	3.0	22.284862880000027	-90.81647895040001	13.1424190464	10.4720943096	0.0	1.0
195	0.0	-80.990535136	-41.115723208	9.3774371712	16.5767052528	0.0	1.0
195	0.0	-82.886378848	-25.873852984000006	5.6765915136	8.6014389888	0.0	1.0
195	0.0	90.59887222400002	-26.259555111999997	6.1860347136	10.3787254368	0.0	1.0
195	0.0	-64.27150307200002	50.337509096000005	9.3334999296	12.570470740800001	0.0	1.0
196	1.0	-7.831274080000001	-90.5891801416	12.6907127424	10.888161933600001	0.0	1.0
196	0.0	-95.53236784	59.305988504000005	11.839066713600001	10.1590883856	0.0	1.0
196	0.0	50.48871094399999	-73.91387752	8.769501619200001	8.359822144799999	0.0	1.0
196	1.0	-4.540092256	-80.72988567280001	13.1522861568	9.9752263128	0.0	1.0
196	0.0	-84.731099488	33.49209936799999	6.2399463168	8.23689216	0.0	1.0
196	0.0	-80.97730748800001	-41.09460812800001	9.396277632	16.611575299200002	0.0	1.0
196	3.0	-40.328387679999985	-76.653609424	10.56156192	20.998645416000002	0.0	1.0
196	0.0	-83.22064508800001	-24.798793767999996	5.7416214912	9.560747347200001	0.0	1.0
196	1.0	-23.080249695999996	-77.984261656	11.5085185152	12.379228444799999	0.0	1.0
196	0.0	-63.42100105600001	51.564395792	9.614569574399999	13.188197433600001	0.0	1.0
196	0.0	-64.52819094399999	67.953116504	8.1657846144	13.4156772288	0.0	1.0
196	1.0	12.615809696000008	-78.833490064	11.0037228672	10.8076833144	0.0	1.0
196	0.0	90.42548278400001	-26.976663448000004	6.239302809600001	10.6171448544	0.0	1.0
196	1.0	21.081504415999987	-91.251469708	15.118915660799999	11.1336599304	0.0	1.0
197	3.0	-23.968289631999994	-77.934993136	11.7097932672	11.8390443696	0.0	1.0
197	1.0	-8.487293920000019	-90.3207370912	13.2252169728	10.9433627856	0.0	1.0
197	1.0	-5.555761119999991	-80.5867857592	13.456808064	9.7268727528	0.0	1.0
197	0.0	-83.644287328	-24.685174528	5.7939243264	9.1109358144	0.0	1.0
197	0.0	-95.44835440000001	59.259334232000015	11.927048448	10.313912196	0.0	1.0
197	0.0	-80.99089264	-41.32787948800001	9.4007821824	16.1727838272	0.0	1.0
197	0.0	63.165802784	49.45871957600001	7.017088512000001	7.833533803200001	0.0	1.0
197	0.0	90.32716918400001	-27.40198148799999	6.0935841792000005	10.8341274384	0.0	1.0
197	3.0	-40.78527779199998	-75.794728408	10.7386694016	19.2348726192	0.0	1.0
197	1.0	20.611029152000015	-91.3386649336	15.2598079872	11.4149530152	0.0	1.0
197	0.0	-62.54297123199999	52.993786160000006	9.3864105216	13.361944377599999	0.0	1.0
198	0.0	-63.126060256	68.40618579200002	7.2457838208	8.958424608	0.0	1.0
198	0.0	-95.501264992	59.319864128000006	11.7594863232	10.1735069688	0.0	1.0
198	0.0	-80.965509856	-41.265539728	9.3928098432	16.380515995200003	0.0	1.0
198	3.0	-41.309021152000014	-75.25056263200001	10.4481259008	18.862261840800002	0.0	1.0
198	1.0	10.301328799999991	-77.886327904	10.7247982464	13.4846531568	0.0	1.0
198	3.0	18.980810912000006	-91.4974905544	12.1114132608	10.9832401224	0.0	1.0
198	0.0	63.911556128	48.44077162400001	6.8286481536000005	7.6158071640000005	0.0	1.0
198	0.0	-61.633123552	53.687366264000005	9.9202712448	13.026596688	0.0	1.0
198	3.0	-64.389121888	-53.805685192000006	8.2033225344	17.7839649792	0.0	1.0
198	0.0	90.133044512	-29.014771408000005	6.112746393599999	9.353779344000001	0.0	1.0
198	1.0	-9.107205855999982	-89.9003660128	13.2707629824	11.199337884	0.0	1.0
199	3.0	-25.170933087999998	-73.480716736	11.633001408	19.7330678496	0.0	1.0
199	3.0	-65.041209184	-53.29550464000001	7.962150336	17.3947637808	0.0	1.0
199	3.0	-41.84634966399999	-75.58900720000001	10.305803558400001	20.604095064000003	0.0	1.0
199	0.0	-80.966939872	-41.31340057600001	9.3929528448	16.3197246744	0.0	1.0
199	0.0	-61.882303840000006	70.56696231200002	8.236498905600001	9.7773478488	0.0	1.0
199	0.0	-84.2227288	-22.150359448	5.3317074048	9.0209051352	0.0	1.0
199	1.0	18.01555011200001	-91.4986368016	11.4514251264	11.1398536872	0.0	1.0
199	0.0	90.00505808000001	-29.732281936000003	6.2786282496000005	9.954050904	0.0	1.0
199	1.0	-9.896217184000003	-89.8194449824	13.309087411199998	11.4843311352	0.0	1.0
199	0.0	64.41742428799999	47.63256680000001	6.830650175999999	7.930964815199999	0.0	1.0
199	0.0	-60.90560291200002	54.62165827999999	10.1564741376	12.305908843200001	0.0	1.0
200	0.0	-80.93297699200001	-41.37553924	9.4355673216	16.137692575200003	0.0	1.0
200	0.0	-95.60494115200002	59.382203887999985	11.511664550399999	10.1485509552	0.0	1.0
200	3.0	17.553654944000012	-91.8367797256	11.648123827200001	10.527315271199999	0.0	1.0
200	0.0	89.60894364800002	-30.401328328000005	6.3259260288000005	10.1520902448	0.0	1.0
200	0.0	-60.89201776000001	70.46098472000001	8.8510125312	11.6225243064	0.0	1.0
200	0.0	-60.00719536	55.95371818400001	10.2073827072	12.7134097776	0.0	1.0
200	0.0	65.175332768	46.71275369600001	6.6920816256	7.9977286872	0.0	1.0
201	3.0	17.08603971200002	-92.0246033896	11.4141732096	10.6293916008	0.0	1.0
201	0.0	-60.430837600000004	70.071059576	8.861987904	9.5417437752	0.0	1.0
201	0.0	-95.48589231999999	59.34761537599999	11.8191537408	10.2053002464	0.0	1.0
201	0.0	-80.94012707200001	-41.386197328	9.416905612799999	16.0642925352	0.0	1.0
201	0.0	-84.84621577600001	-20.003458551999998	5.2483732224	9.3430408176	0.0	1.0
201	1.0	-10.99589948800001	-89.8960223392	12.849623270399999	10.816109236800001	0.0	1.0
201	3.0	-65.949269344	-52.484886664	8.285226700800001	15.8734725408	0.0	1.0
201	0.0	-82.95895216000001	37.854877087999995	5.9205164928	7.9689920687999996	0.0	1.0
201	0.0	65.43059062399999	46.35560719999998	7.406410368	9.627933520800001	0.0	1.0
201	0.0	-59.22747913600001	56.669016656	10.6170107904	12.2117758056	0.0	1.0
202	0.0	-59.527782496	71.554343672	8.9849335296	10.4890265928	0.0	1.0
202	0.0	89.32580047999998	-32.20596383199999	6.0344172672	9.8048778912	0.0	1.0
202	9.0	-82.806297952	38.92309904000001	6.4519461888	7.9709628096000005	0.0	1.0
202	1.0	45.10505820800004	-76.800208408	9.209052787200001	5.66386884	0.0	1.0
202	0.0	-80.95263971199999	-41.335521136	9.3875545344	16.053554008800003	0.0	1.0
202	1.0	-11.623676511999994	-89.5997476024	12.628721548800002	10.900710324	0.0	1.0
202	0.0	65.866388	46.380945296	8.033293632000001	10.6726473504	0.0	1.0
202	0.0	-58.301186271999995	57.576160712000004	10.1576896512	11.4956126208	0.0	1.0
203	0.0	-80.985887584	-41.291481112000014	9.390164313600001	16.062945192	0.0	1.0
203	0.0	4.978094239999994	-79.160271064	11.2693483392	10.435514947200002	0.0	1.0
203	0.0	-95.547025504	59.34761537599999	11.680513689600001	10.1330464536	0.0	1.0
203	0.0	-58.59147951999999	72.69717224	9.5894012928	11.3475255264	0.0	1.0
203	3.0	15.682836512000007	-92.16189162879999	13.112174208000003	10.56608658	0.0	1.0
203	0.0	89.34903824	-32.793164151999996	6.245058624	10.4595861384	0.0	1.0
203	0.0	-57.65767907199999	58.4515316	10.5353568768	11.673723348000001	0.0	1.0
203	1.0	-12.333321951999991	-89.73510532	12.833070835200001	10.7152595928	0.0	1.0
203	0.0	66.144883616	47.24927782400001	8.401165248	13.7639755008	0.0	1.0
204	0.0	-95.57470227199998	59.36088771199999	11.8245878016	10.0976133384	0.0	1.0
204	0.0	-86.356104128	-16.853893	4.8638061696	9.4348612512	0.0	1.0
204	3.0	85.80280710399998	-25.67396356	5.643200640000001	15.789072549600002	0.0	1.0
204	0.0	-66.681586496	-55.417871824	6.790144972799999	6.826807008	0.0	1.0
204	0.0	-81.072552512	-41.32727619999999	9.3961346304	16.066645358400002	0.0	1.0
204	0.0	-66.984392384	-51.889240312	7.962329088	13.973014792799999	0.0	1.0
204	1.0	-13.109969600000003	-88.7485484536	12.6596456448	9.0469470672	0.0	1.0
204	0.0	88.765800256	-33.980434936	6.2447368704	9.3984427656	0.0	1.0
204	0.0	-56.678624576000004	59.650063759999995	10.56960576	11.624394499200001	0.0	1.0
204	0.0	66.71709856000001	45.932099023999996	8.258664153600002	13.1945721768	0.0	1.0
204	0.0	-57.75542662400001	73.99182828800001	9.920378496000001	11.5212523608	0.0	1.0
205	3.0	-30.21704246400001	-72.004672096	11.532256780800001	18.5079507984	0.0	1.0
205	0.0	88.802474208	-34.84836527200001	6.013324531199999	9.6131127456	0.0	1.0
205	0.0	-81.128472096	-41.40288829600001	9.4427174016	15.9838943544	0.0	1.0
205	1.0	12.885069791999998	-91.47315793839999	11.4775586688	9.953166081600001	0.0	1.0
205	1.0	30.286934495999986	-86.297268652	10.1383129344	14.313309444000001	0.0	1.0
205	1.0	43.53353020799998	-74.76913880800001	10.4662513536	11.924288964	0.0	1.0
205	0.0	-86.12137296	-16.144426312000004	5.7700788096	9.7637336496	0.0	1.0
205	1.0	-12.975697055999996	-77.699308624	11.394009984	12.784436884800002	0.0	1.0
205	0.0	-67.841478432	-49.332505768000004	7.8636937344	17.381913746400002	0.0	1.0
205	0.0	-55.97592067200001	60.26561861599999	10.8135664896	11.1790875168	0.0	1.0
205	1.0	-13.88447222399999	-88.80304546960001	12.707122176	9.2130724728	0.0	1.0
205	1.0	2.678688095999999	-79.867927888	11.170498483200001	9.5368370328	0.0	1.0
205	0.0	67.169907168	44.98051275199998	8.512527744	14.469802351199998	0.0	1.0
205	1.0	-45.62331983999999	-71.537123896	10.0751419776	18.7933060224	0.0	1.0
205	0.0	-56.730254112000004	74.65423851199999	10.502609510400001	11.7641763288	0.0	1.0
206	0.0	-95.59451395200001	59.32086960800001	11.898269376	10.1500591752	0.0	1.0
206	0.0	-81.12346704	-41.430237352	9.469816204799999	15.7990469112	0.0	1.0
206	0.0	-54.70320643199999	61.633071416	10.7940110208	11.5924403448	0.0	1.0
206	1.0	-46.41733622400002	-71.415863008	9.6314080128	18.3905710632	0.0	1.0
206	1.0	-14.186563104000006	-78.10934336800001	11.4120281856	14.4783288216	0.0	1.0
206	1.0	42.81351715200002	-78.134480368	9.760037952000001	6.198985296	0.0	1.0
206	1.0	-31.037156639999992	-71.63063353599999	11.324403955200001	18.7893444312	0.0	1.0
206	0.0	-86.73842486400001	-15.043827904000002	5.044917696000001	9.613796472	0.0	1.0
206	1.0	1.533602783999996	-79.43094628	11.0192742912	10.151788600800002	0.0	1.0
206	0.0	-55.811826335999996	75.22213361600001	10.3179586944	10.6308596016	0.0	1.0
206	1.0	-14.670981024	-88.5048402112	12.5695188864	9.6041237544	0.0	1.0
206	0.0	67.77659145600002	43.98951166400001	8.4013082496	14.4443033784	0.0	1.0
207	0.0	-81.083784096	-41.494386976	9.501491059200001	16.006919846400002	0.0	1.0
207	1.0	42.05632368000002	-78.308026216	9.8396540928	6.239807784	0.0	1.0
207	0.0	-86.770600224	-14.490612807999998	5.4727784832	8.6067881424	0.0	1.0
207	0.0	-54.978484512	74.9866502	9.4352098176	8.914284036	0.0	1.0
207	0.0	68.334297696	43.328911304	8.1275674368	15.005140012799998	0.0	1.0
207	1.0	-15.21581711999999	-88.5828051304	12.697576819200002	9.962999676	0.0	1.0
207	0.0	-53.74366569600001	62.43021596000002	11.0288553984	11.0769508584	0.0	1.0
208	0.0	-95.645637024	59.28225917599999	11.8451442816	10.1962911456	0.0	1.0
208	0.0	-81.0483912	-41.510876847999995	9.5802849408	16.0343694504	0.0	1.0
208	0.0	-86.95793232	-13.339539303999999	5.5717355904	9.5000967936	0.0	1.0
208	0.0	-53.80479888	77.050498448	10.179568896	11.661456492000001	0.0	1.0
208	0.0	68.85303600000005	42.212627407999996	7.8683412864	14.6089004544	0.0	1.0
208	0.0	-52.84061059200001	63.22575173599999	10.9025849856	10.8816263136	0.0	1.0
209	3.0	86.886967776	-35.775216736000004	8.4689480064	13.9078797984	0.0	1.0
209	0.0	70.053891936	38.51648292800001	6.6992317056	9.6149226096	0.0	1.0
209	1.0	9.691844063999993	-92.3455727152	12.751166668800002	11.84606262	0.0	1.0
209	0.0	-87.162067104	-12.343309719999997	5.4761747712	10.1436442128	0.0	1.0
209	1.0	-16.489961375999997	-88.8660488464	12.640054425600002	11.541502728	0.0	1.0
209	0.0	-53.11731868799999	77.59808285600002	10.699915968	11.239195111199999	0.0	1.0
209	0.0	-51.651909792000005	64.26964107200001	11.4578601984	10.2496218048	0.0	1.0
210	3.0	-33.96439939199999	-73.16720807200001	10.91906592	12.432619432800001	0.0	1.0
210	1.0	38.66861577599999	-79.395955576	11.334986073600001	6.1034848056	0.0	1.0
210	0.0	-81.336539424	39.78740964800001	5.8800112896000005	6.438691728	0.0	1.0
210	1.0	8.87780745600001	-93.17869333360001	11.8464670464	10.279906862399999	0.0	1.0
210	1.0	-17.149913759999993	-88.56508857280001	12.7820907648	11.0068689024	0.0	1.0
210	0.0	-52.33009488000001	78.22751333599999	11.2675608192	10.8369226728	0.0	1.0
210	0.0	70.04888687999998	40.24550633600001	7.5205256448	15.035284303200001	0.0	1.0
210	0.0	-87.22606032	-12.010495839999999	5.5337329152	11.1135302208	0.0	1.0
210	0.0	-50.77888502399999	64.907517584	11.668358553600001	10.1626075656	0.0	1.0
211	0.0	-81.09057667200001	-41.493381496	9.4681001856	15.977378844	0.0	1.0
211	0.0	-70.38511939200002	-50.327126584000005	6.188215488	6.8333828472	0.0	1.0
211	0.0	-50.894358816	78.63453163999999	11.3074225152	10.0913592528	0.0	1.0
211	1.0	7.74380476800001	-93.4547981416	11.6506263552	10.5792985872	0.0	1.0
211	0.0	-87.374781984	-11.591210679999998	5.7217442688	9.9669411576	0.0	1.0
211	0.0	-49.877974943999995	65.518648328	11.2932296064	10.4529499704	0.0	1.0
212	0.0	-48.96347971200001	66.51065489599999	11.2829692416	10.1408288688	0.0	1.0
212	0.0	-49.828639392	79.76127252799999	10.8036278784	9.912826224000002	0.0	1.0
212	0.0	-78.98201808	47.49622371199999	6.694762905600001	8.4405420792	0.0	1.0
212	0.0	101.136719712	-39.116828968	8.6381188992	18.257586278399998	0.0	1.0
212	1.0	-19.86587164800001	-72.98280304000001	10.988385945600001	15.3565150536	0.0	1.0
212	0.0	-87.64076496	-10.03372216	5.6239669248	10.8732406104	0.0	1.0
212	1.0	-35.35616246399999	-71.932679728	10.8873553152	13.2054112512	0.0	1.0
212	1.0	25.257568223999996	-89.2733084656	11.650733606400001	10.5253244208	0.0	1.0
212	1.0	-18.417980447999994	-88.8008334136	12.778122470400001	12.460813092	0.0	1.0
212	1.0	-4.806015648000009	-78.817804576	11.2682758272	9.520186284	0.0	1.0
212	1.0	6.977673695999992	-93.7591971568	11.5235336832	10.5968743776	0.0	1.0
213	3.0	86.085086304	-39.21234956799999	7.131740044800001	13.5017060976	0.0	1.0
213	1.0	24.281582303999986	-89.1380714056	10.8383415168	11.2901528376	0.0	1.0
213	0.0	-61.54833552000001	-44.672105968	4.764420057600001	7.7358815856	0.0	1.0
213	1.0	6.063893471999997	-93.62852497600001	11.4157462272	11.0460826224	0.0	1.0
213	0.0	-81.107736864	-41.608207312000005	9.4834013568	15.7963120056	0.0	1.0
213	0.0	-79.288399008	45.78871757600002	7.844710272	13.303224345600002	0.0	1.0
213	0.0	101.14672982399999	-39.085860184	8.639262912	18.435274704000005	0.0	1.0
213	0.0	72.65795107199997	34.344545311999994	5.4676304255999995	7.301795760000001	0.0	1.0
213	0.0	-47.87702505599999	67.16019497599999	11.6465150592	10.270133596800001	0.0	1.0
213	1.0	-5.873522592000007	-79.200892456	11.253689664000001	8.818964531999999	0.0	1.0
213	0.0	-49.109698847999994	80.18578618400001	10.7558295936	9.8911480752	0.0	1.0
213	0.0	-87.716198304	-8.957657463999995	5.7272498304	11.3669312904	0.0	1.0
213	1.0	-19.160516255999998	-88.1416407256	12.798285695999999	11.312253287999999	0.0	1.0
214	0.0	-61.61217977600002	-43.93850776000001	5.6345132928	8.424534837600001	0.0	1.0
214	0.0	-81.061112384	-41.563161808000004	9.3636017664	15.787644768	0.0	1.0
214	0.0	-72.229333568	-40.855303888	5.965418995200001	13.404355524	0.0	1.0
214	1.0	-19.682323136000004	-87.846612784	12.782734272	11.2871967264	0.0	1.0
214	0.0	101.25734752000001	-39.034580704	8.5697998848	18.4727589984	0.0	1.0
214	3.0	-36.799257152	-68.08209352	10.7480717568	18.636612019199998	0.0	1.0
214	0.0	-87.858335936	-8.172377583999996	5.6659736448	11.405260188000002	0.0	1.0
214	0.0	-47.99914246400001	81.05572747999999	11.0090496768	10.8855677952	0.0	1.0
214	0.0	-46.752526016	68.21675336	12.27221856	9.9848990304	0.0	1.0
215	1.0	22.786798495999992	-88.6836949936	11.0294989056	9.2595256488	0.0	1.0
215	0.0	-80.951209696	-41.45919517600001	9.39609888	16.016391468	0.0	1.0
215	1.0	-22.74634096000002	-72.028803616	10.4607815424	12.584929543200001	0.0	1.0
215	0.0	-61.124752864	-43.520630272	7.383279859199999	8.91559116	0.0	1.0
215	0.0	-72.135876064	-47.287359448	5.9780746368	7.09567236	0.0	1.0
215	0.0	101.35402256	-39.027944536	8.460868416	18.456329455200002	0.0	1.0
215	3.0	85.47190735999999	-40.586036344	7.1335275648000005	13.353357578399999	0.0	1.0
215	0.0	73.933108256	32.29718693600001	5.3089344	8.895642436800001	0.0	1.0
215	0.0	-87.83208918400001	-7.681703343999996	5.794782336000001	11.0777351328	0.0	1.0
215	0.0	-47.14384393600001	81.497535392	11.7466161792	10.6902432504	0.0	1.0
215	0.0	-45.56653628800001	68.70863417599999	12.352871462400001	9.6603904152	0.0	1.0
216	0.0	-62.28592585600001	-35.35633376799999	6.1439922432	15.269963335200002	0.0	1.0
216	1.0	22.422144415999995	-88.27211181039999	11.3564363136	9.1236651912	0.0	1.0
216	1.0	3.841946527999991	-93.68087026479999	12.1946759424	11.1495867336	0.0	1.0
216	0.0	-72.506965216	-45.74676299200001	6.5135083776	9.0953910936	0.0	1.0
216	0.0	23.778872095999986	-92.3910606304	11.0426193024	5.947313652	0.0	1.0
216	0.0	-80.97480496	-41.435465848	9.335823705600001	16.114405658400003	0.0	1.0
216	0.0	-61.902681568	-43.150010344	6.670702886400001	9.6192059544	0.0	1.0
216	1.0	-23.34480265599999	-71.614143664	10.6284866688	12.4184220552	0.0	1.0
216	0.0	-87.850679392	-6.218327752	5.6583230592	11.5549359408	0.0	1.0
216	0.0	101.40049808000002	-39.054489208	8.5959691776	18.4915011456	0.0	1.0
216	0.0	74.25021430400001	31.111323824000017	5.708266367999999	8.934836047200001	0.0	1.0
216	0.0	-46.422400864	82.08594228800001	12.6314028288	10.5076480824	0.0	1.0
216	0.0	-44.448263776000005	69.40422523999999	12.319480588800001	9.7227502848	0.0	1.0
217	0.0	-62.067490912000004	-42.286504120000004	7.4626099967999995	9.8421811992	0.0	1.0
217	1.0	-21.371738079999986	-87.13523568400001	12.3623453184	10.902218544	0.0	1.0
217	0.0	-72.511970272	-46.077767008	6.0347390208	6.973124457600001	0.0	1.0
217	3.0	-38.62166358399999	-66.96259208800001	10.2831020544	18.3600849096	0.0	1.0
217	1.0	2.950331552000003	-93.8241511648	11.950786713599998	10.9830993552	0.0	1.0
217	0.0	-80.969084896	-41.422193512	9.3779376768	16.1162155224	0.0	1.0
217	0.0	-72.901292128	-38.67964626400001	5.9196942336000005	14.2241032584	0.0	1.0
217	0.0	-62.83934204799999	-34.365734872	5.578957171200001	14.167012104	0.0	1.0
217	0.0	74.499037088	29.643524119999995	5.50913664	8.5006496736	0.0	1.0
217	0.0	-44.85796335999999	82.302321584	11.6100854016	10.5364852488	0.0	1.0
217	0.0	-88.18637564800001	-5.081532064000005	5.2792973184	11.617818660000001	0.0	1.0
217	0.0	101.40729065600001	-39.078620728	8.6409789312	18.5021793432	0.0	1.0
217	0.0	-43.322126176000005	70.026416264	12.531516211200001	9.4959944352	0.0	1.0
218	0.0	-80.93905456	-41.39564884	9.4292037504	16.0417094544	0.0	1.0
218	0.0	-63.6483736	-41.043328648	5.8192356096	9.496859148	0.0	1.0
218	0.0	-44.546934879999995	83.494418672	12.88533792	10.766901045600001	0.0	1.0
218	1.0	-10.827872607999998	-75.974910424	10.74567648	13.5139327344	0.0	1.0
218	0.0	-42.078369759999994	70.914255104	12.681060134400001	8.84520756	0.0	1.0
218	0.0	-72.52055036800002	-45.723033664	5.671729459199999	6.9682579344	0.0	1.0
218	0.0	-88.536372064	-4.167550743999998	5.2309270272	11.0463842664	0.0	1.0
218	1.0	20.60530908800002	-90.0619667584	11.639007475200001	11.1031335576	0.0	1.0
218	0.0	101.39263299200002	-39.076006480000004	8.573482176	18.4318158528	0.0	1.0
218	0.0	-73.688158432	-37.161773656	5.4150773376000005	12.8030382648	0.0	1.0
219	0.0	-77.170247392	49.146417488000004	6.1881797376000005	9.2040030432	0.0	1.0
219	3.0	-22.842509536	-86.5601212336	12.333923750399999	11.1090658896	0.0	1.0
219	0.0	-73.46185840000001	-45.271975336000004	6.2031591552	6.6278426256	0.0	1.0
219	0.0	-88.53744457600001	-3.0556909599999993	5.0816333568	10.7513764344	0.0	1.0
219	0.0	-73.848320224	-36.766217823999995	5.160534489600001	12.6913897656	0.0	1.0
219	0.0	-42.83949577600001	83.76308292800002	11.5044429696	10.3799521224	0.0	1.0
219	0.0	101.38870044800001	-39.10054019199999	8.6135583744	18.3553792632	0.0	1.0
219	0.0	-41.17531465599999	71.46445376	12.830925811199998	8.8699825872	0.0	1.0
220	0.0	-80.841813472	-41.39564884	9.4946984832	15.830799969600001	0.0	1.0
220	0.0	-73.76430678400001	55.47189216800001	5.022573696	7.2394358904	0.0	1.0
220	0.0	-77.012945632	48.926418463999994	5.962094208000001	7.5310049808	0.0	1.0
220	0.0	-88.701896416	-2.9137171840000025	4.955362944	9.986708894400001	0.0	1.0
220	0.0	-41.97576611199998	84.425292056	11.542552896	9.699061176	0.0	1.0
220	0.0	-64.90285513600001	-39.124470615999996	5.075627289600001	8.358494911200001	0.0	1.0
220	0.0	84.618545312	-43.125476632	5.800609651200001	10.5835417128	0.0	1.0
220	0.0	-73.46900848	-44.438432416	6.007818969600001	7.5019466088	0.0	1.0
220	0.0	-74.30950038400002	-36.460149711999996	5.494478976000001	12.8588222952	0.0	1.0
220	0.0	101.39871056	-39.05147276800001	8.5642585728	18.4015509048	0.0	1.0
220	0.0	-39.86863753600001	72.34585752800001	12.816697152	8.669690971200001	0.0	1.0
221	3.0	-53.89351945600001	-68.50117758399999	8.9872215552	8.8616169936	0.0	1.0
221	0.0	-95.44728188800002	59.35927894400001	11.7721419648	10.236188592	0.0	1.0
221	3.0	-24.07911587200001	-87.00772071040001	12.458549644800005	10.252477368	0.0	1.0
221	3.0	-13.82411363200001	-75.6392812	10.9293620352	12.2257117584	0.0	1.0
221	0.0	-73.796482144	-43.45306201599999	5.51718048	7.5901070952000005	0.0	1.0
221	3.0	18.54394102399999	-90.44057019760001	11.786656627200001	11.174944939200001	0.0	1.0
221	0.0	74.76680758400002	29.17497044	7.5254234496	15.079867286399999	0.0	1.0
221	0.0	-29.796677344000003	-62.47815128799999	7.273919385600001	13.2134349816	0.0	1.0
221	0.0	-41.022302944	84.661579856	12.0665822592	10.035394236	0.0	1.0
221	0.0	-88.93999407999999	-0.9817879119999904	5.0726600064000005	11.7737484984	0.0	1.0
221	0.0	-38.73963990399999	72.841358072	13.049074752	8.7982918632	0.0	1.0
222	2.0	-37.342156767999995	73.699836896	14.055377011200001	8.9286624	0.0	1.0
222	0.0	101.400140576	-39.066353872	8.5412710656	18.530594208	0.0	1.0
222	0.0	-65.499529312	-37.81272140800001	5.0105615616	8.398935316800001	0.0	1.0
222	0.0	-80.91617430400001	-41.531589735999994	9.530019878400001	15.787805644800002	0.0	1.0
222	3.0	-24.10700118399999	-86.4027032848	11.108757542400001	8.561461104000001	0.0	1.0
222	0.0	-39.86971004799999	85.193076584	12.374679206400002	10.6182106632	0.0	1.0
222	0.0	-88.95250672	-0.2069650240000077	4.853474304	11.3109059448	0.0	1.0
222	0.0	76.57184528	25.226048288000005	5.1322916736	7.197809018400001	0.0	1.0
223	3.0	-25.261024095999993	-86.6516400232	11.7549817728	10.5199149384	0.0	1.0
223	0.0	83.66651216000001	-47.141564847999994	5.41439808	8.6217295752	0.0	1.0
223	0.0	-38.76931273600001	85.31996816	11.935664294399999	10.1119514832	0.0	1.0
223	0.0	101.35759759999999	-39.078017439999996	8.6296460544	18.5221682856	0.0	1.0
223	0.0	-74.58013091200002	-42.0311122	5.9508685824	7.3143039312	0.0	1.0
223	3.0	26.044017440000008	-76.041272104	9.333356928	17.665981956	0.0	1.0
223	0.0	-80.999472736	-41.577439624	9.386839526400001	16.1026214328	0.0	1.0
223	0.0	76.77204752000002	23.568413959999994	4.8607316352000005	7.7327042688	0.0	1.0
223	0.0	-66.096918496	-37.12919610399999	5.1989661696	8.9204576832	0.0	1.0
223	0.0	-75.27368867199998	-34.16946517600001	4.6665712128	12.1739697576	0.0	1.0
223	1.0	16.978431007999987	-90.8160566488	11.954862259199999	11.4893987544	0.0	1.0
223	0.0	-36.41693641600001	73.887861656	13.5911223168	8.0064160344	0.0	1.0
223	0.0	-89.106590944	0.6957549199999913	4.8589798656	10.5636533184	0.0	1.0
224	3.0	-25.696463968	-86.262780688	11.5380483456	9.1109760336	0.0	1.0
224	0.0	-65.24427145599999	-37.802666608	7.267841817600001	8.218089684	0.0	1.0
224	0.0	-73.770384352	55.48637107999999	8.8080763008	12.9085131168	0.0	1.0
224	0.0	-80.85432611200001	-41.51771411200001	9.6850336128	15.8940647712	0.0	1.0
224	0.0	-75.110309344	-41.487750808	5.043308928	6.643005264000001	0.0	1.0
224	0.0	-89.07370057600001	1.419298328000018	4.843714444800001	10.074547627200001	0.0	1.0
224	0.0	77.19997980799998	22.687211288000007	5.017818892799999	7.1820028728	0.0	1.0
224	0.0	83.30185808000002	-47.394945807999996	5.3442557952	8.9166569688	0.0	1.0
224	0.0	-34.87752419199999	74.502209936	14.259225791999999	7.9771967855999995	0.0	1.0
225	0.0	-74.844326368	53.57173606400001	5.2674996864	7.472023524000001	0.0	1.0
225	0.0	-76.028022112	-33.08012814400001	5.235288576	13.123203206399998	0.0	1.0
225	0.0	-80.850393568	-41.500822048	9.7125971712	15.8417999208	0.0	1.0
225	0.0	-89.09479331200001	2.6534244800000026	4.764098304	10.9094378904	0.0	1.0
225	0.0	-36.483789664	86.58063898399999	11.2921570944	10.460390522400001	0.0	1.0
225	0.0	77.51672835200002	20.983123784000004	4.499223590400001	8.2539048816	0.0	1.0
225	0.0	82.85855312000002	-47.476188592	4.9530749184000005	9.9243088056	0.0	1.0
225	0.0	-33.772479327999996	74.80264736	14.054733504000001	7.5242481552	0.0	1.0
226	1.0	-35.53854908800001	86.98484194400001	11.9921856768	9.7161342264	0.0	1.0
226	0.0	-80.85682864	-41.424003376	9.4723187328	16.0637294664	0.0	1.0
226	0.0	82.11673232	-49.462815975999995	4.6812646272	6.3168074424	0.0	1.0
226	0.0	-75.882875488	-39.157249264	6.167909260799999	8.7465297528	0.0	1.0
226	0.0	-74.03207728	54.753979447999996	5.4081775104	8.5056167448	0.0	1.0
226	0.0	78.029389088	20.365155775999998	4.574978688	7.1465898672	0.0	1.0
226	0.0	-89.207049568	3.5139142639999967	4.5859183104	9.9522008208	0.0	1.0
226	0.0	-32.62095894399998	75.329921072	13.691402188800001	7.2684741528	0.0	1.0
227	3.0	-5.518223199999994	-91.441304332	11.5178136192	13.279354250399999	0.0	1.0
227	3.0	26.037582368	-81.0909535408	8.0997178752	10.37001798	0.0	1.0
227	0.0	-73.72462384	55.1485298	5.5594017024	7.5425277816000005	0.0	1.0
227	0.0	-76.334760544	-37.1947534	6.005495193600001	11.3600940264	0.0	1.0
227	0.0	-34.66838435199999	87.37235393600001	11.812146662400002	9.641024870399999	0.0	1.0
227	0.0	81.66377475200001	-49.894367992	5.1905648256	6.1790566824	0.0	1.0
227	0.0	-66.46300259200001	-34.96801739200001	7.691734310399999	9.9020474784	0.0	1.0
227	0.0	-89.111596	5.015699191999991	4.6537725696	11.2490890344	0.0	1.0
227	0.0	-31.27710140799999	75.784599128	14.4204958464	7.1207892504	0.0	1.0
228	1.0	12.732356	-89.63405458	11.413458201600001	9.765020664	0.0	1.0
228	0.0	78.52739215999998	17.50557065599999	4.4601841536	8.1256056336	0.0	1.0
228	0.0	-33.27662127999999	88.224196592	12.520612339200001	9.1746229176	0.0	1.0
228	0.0	81.43497219199999	-50.749025992	4.9978701696000005	6.1503401736	0.0	1.0
228	0.0	102.11943862399998	-43.9968256	7.52009664	8.8955619984	0.0	1.0
228	3.0	-6.201055839999991	-91.29253351119999	11.237244480000001	13.301092727999999	0.0	1.0
228	0.0	-67.008553696	-34.649079136000005	7.088946816	9.075884781600001	0.0	1.0
228	0.0	-76.608608608	-37.553106471999996	5.5294071168	9.334071936	0.0	1.0
228	0.0	-89.028655072	5.972715055999993	4.85401056	11.3150284128	0.0	1.0
228	0.0	-30.189216736000002	76.266425144	13.9367929344	7.3919068776	0.0	1.0
229	0.0	-76.894254304	-36.903365296	6.154467110400001	9.00759258	0.0	1.0
229	3.0	-29.473493728000005	-85.2272569456	12.1314334848	9.57568878	0.0	1.0
229	0.0	80.96235190400002	-51.595640152	5.1711523584	8.5634318448	0.0	1.0
229	0.0	78.476626592	17.206943095999996	5.0617561344	9.975125764800001	0.0	1.0
229	3.0	-7.097318367999993	-91.2317220808	11.969984678400001	13.985281648800001	0.0	1.0
229	0.0	-67.176580576	-33.561149776	7.569181939200002	8.892706435200001	0.0	1.0
229	0.0	-80.866481248	-41.742338344	9.434030054399999	15.427562270400001	0.0	1.0
229	0.0	-28.36666134399999	77.274921584	15.184982399999999	8.758836828	0.0	1.0
229	0.0	-89.00291478400001	7.453183807999994	4.6873064448	11.851793856	0.0	1.0
230	0.0	78.74797212800001	16.114388528000006	4.574621184	9.495089503200001	0.0	1.0
230	0.0	-77.285006176	-36.72117232	5.9802911616	8.0245750032	0.0	1.0
230	0.0	80.71924918399999	-52.199933632000004	5.101117324800001	7.4223327024	0.0	1.0
230	0.0	-80.898299104	-41.699102704000005	9.3917373312	15.424002871199999	0.0	1.0
230	0.0	-31.059738976000006	88.99399208	11.6255653248	9.289730268	0.0	1.0
230	0.0	-27.441083487999997	77.40583508	14.8843572864	7.847751290400001	0.0	1.0
230	0.0	-89.05439536	7.808922631999998	4.6928120064000005	10.0039026024	0.0	1.0
231	0.0	80.285954336	-52.499566672	4.9750971648	7.4750399640000005	0.0	1.0
231	3.0	-30.38977648000001	-84.5137683376	11.903345932799999	10.382385384	0.0	1.0
231	0.0	-80.85289609600001	-41.459597368	9.547680576	15.889057480799998	0.0	1.0
231	0.0	-29.968994272	89.10761131999999	11.922508147199999	9.2285568648	0.0	1.0
231	0.0	-88.862415712	8.81198947999999	4.7200538112	10.6304775192	0.0	1.0
231	0.0	-26.538385888000008	77.88283479200001	14.451848947200002	7.8211462896	0.0	1.0
232	3.0	-47.875297120000006	-64.566131056	8.627107775999999	8.213705791199999	0.0	1.0
232	3.0	-38.268449631999985	-64.928707144	8.2356051456	7.1309043792	0.0	1.0
232	0.0	79.535910944	12.747639296000003	4.51527552	8.707336142399999	0.0	1.0
232	3.0	-31.060453984000002	-84.9352655536	11.7849048576	9.202032302400001	0.0	1.0
232	0.0	-29.170330335999985	89.66726148800001	12.308290713599998	9.2125295136	0.0	1.0
232	0.0	-80.85432611200001	-41.47186422400001	9.5524711296	15.940377180000002	0.0	1.0
232	0.0	-25.213833568000002	78.32584928	14.1286295808	7.8326489808	0.0	1.0
232	0.0	-88.705113952	10.112276215999996	4.839352896	11.015435592000001	0.0	1.0
233	0.0	9.355730719999995	-94.1620728832	7.2183990144	6.195727540799999	0.0	1.0
233	1.0	18.19537462400002	-81.6700899112	11.7484752	10.1817116856	0.0	1.0
233	0.0	-66.90309001600001	-49.480110232	6.473217676800001	6.605138887199999	0.0	1.0
233	0.0	-48.437650911999995	-63.945347704	8.2289913216	8.1710131104	0.0	1.0
233	1.0	-31.523779168000008	-84.5728905616	11.5478082048	8.9206587792	0.0	1.0
233	0.0	79.612774304	11.694097351999993	4.663425177600001	8.9231724792	0.0	1.0
233	0.0	-28.058135392000008	90.182067248	12.581137766400001	9.2846425392	0.0	1.0
233	0.0	-80.884713952	-41.296910704000005	9.5055666048	16.1583250248	0.0	1.0
233	0.0	-24.43554736	78.24078567199999	13.818888115200002	6.7152389472000005	0.0	1.0
233	0.0	-88.62574806399999	11.388833624000007	4.9257973632	11.6564089824	0.0	1.0
234	0.0	-67.35497507200002	-47.57492672800001	5.7775863936	8.683425828	0.0	1.0
234	0.0	-48.75046691200001	-64.037248576	7.4327941632000005	6.311156644800001	0.0	1.0
234	0.0	-95.593501024	59.37275237600001	11.6583484416	10.0702039536	0.0	1.0
234	0.0	78.31717980799998	-53.68361992	5.5530738816000005	11.88628182	0.0	1.0
234	0.0	-67.669221088	64.26179832800003	9.6362700672	13.708674100800001	0.0	1.0
234	0.0	78.33290998400003	-55.65194756800001	5.451113740799999	8.973506808	0.0	1.0
234	0.0	-69.46996873600001	-29.162778064	7.2812482176	9.8533621368	0.0	1.0
234	0.0	-80.949422176	-41.156143504000006	9.5141824512	16.250668308	0.0	1.0
234	0.0	-26.591653984	90.85614104000001	13.0609796352	8.845609752	0.0	1.0
234	0.0	79.47048771200001	12.027715616000004	5.0605406207999994	11.11608414	0.0	1.0
234	1.0	17.179348256	-81.72334013199999	11.8279840896	9.9628186896	0.0	1.0
234	0.0	-88.53601456000001	12.262394648	4.8695977344	11.1184369632	0.0	1.0
234	0.0	-22.665902559999996	79.02164144000001	14.945633472	7.39731636	0.0	1.0
235	0.0	102.00074729599999	-43.79170768	7.5003981696	9.3222474912	0.0	1.0
235	0.0	77.96146332799998	-54.321094239999994	5.6068782336	11.2261640904	0.0	1.0
235	0.0	-66.34431126400001	66.672939368	11.199706560000001	17.455092580800002	0.0	1.0
235	1.0	-33.356702176000006	-82.63201251759999	12.336926783999997	12.680188718399998	0.0	1.0
235	1.0	16.26771305600001	-81.9589442056	12.0580379136	9.8479928736	0.0	1.0
235	0.0	-25.744011999999998	90.92049175999998	12.469954022399998	9.288423144000001	0.0	1.0
235	0.0	79.790811296	10.43423091200001	4.7867640576	9.013726007999999	0.0	1.0
235	0.0	-80.938339552	-41.16438844	9.496021248	16.4087096544	0.0	1.0
235	0.0	-69.78492976000001	-28.087517752	7.1596253568	10.269248774400001	0.0	1.0
235	0.0	-88.44234851200001	13.176375968000018	4.705181644800001	11.058691341600001	0.0	1.0
235	0.0	-21.612338272000002	79.044566384	14.922574464	6.849490636800001	0.0	1.0
236	0.0	77.56356137600002	-56.64375304	6.1321231104	8.3572883352	0.0	1.0
236	0.0	-67.816512736	-46.583724544000006	6.4524466944	9.201348576000001	0.0	1.0
236	0.0	-71.063721568	-27.047248144	5.354122905600001	10.038511224	0.0	1.0
236	0.0	-88.167427936	15.444135560000003	5.0102040576	9.302640631200001	0.0	1.0
236	0.0	-24.578906463999992	91.31323224799998	12.276937612800001	8.9179842024	0.0	1.0
236	0.0	78.41585091200001	12.487421072000005	7.317320371200001	15.542569072800003	0.0	1.0
236	0.0	-80.968012384	-41.123364856	9.4307410176	16.6136666976	0.0	1.0
236	0.0	-20.677822816000006	79.38864164	13.814741068800002	6.772852951200001	0.0	1.0
237	3.0	-68.36456636800001	-45.929760351999995	6.0153980544	8.263818914400002	0.0	1.0
237	3.0	75.73099587200001	-57.985867744000004	9.0001274496	9.587794759200001	0.0	1.0
237	0.0	-70.427721952	-26.367342568	7.133742067200001	10.488121660800001	0.0	1.0
237	3.0	-34.32124796800001	-82.2923613736	11.8109311488	11.749737636	0.0	1.0
237	0.0	-23.585402848000008	91.612060904	12.573522931200001	8.612740583999999	0.0	1.0
237	0.0	-88.088777056	15.546292327999998	5.0928589824	10.794250101600001	0.0	1.0
237	0.0	-80.96193481600001	-41.089580728	9.376614912	16.665006506399997	0.0	1.0
237	0.0	80.14331024000003	7.964772031999996	4.4474570112	8.7715863144	0.0	1.0
237	0.0	-18.4777432	79.75765280000002	15.415357977600001	6.797708416800001	0.0	1.0
238	0.0	101.980369568	-43.772804656	7.475623142400001	9.166780173600001	0.0	1.0
238	1.0	-14.24739836800001	-90.234426688	10.7671624704	12.286744394400001	0.0	1.0
238	1.0	4.826512543999995	-91.2229945144	11.41063392	7.7240370312	0.0	1.0
238	0.0	-80.155405792	-27.281524984000008	6.934505088000001	15.1031944224	0.0	1.0
238	1.0	-43.42651734399999	-59.89648083999999	8.682985651200001	8.7556997304	0.0	1.0
238	0.0	-22.866104799999995	91.666960112	13.0800703488	9.2483447112	0.0	1.0
238	0.0	-68.84826928000001	-44.666073088000005	5.9561596416	8.9205984504	0.0	1.0
238	0.0	-80.940484576	-40.991043688	9.384265497600001	16.85838042	0.0	1.0
238	3.0	-34.785645664	-82.3100176024	11.6006830464	12.226395484800001	0.0	1.0
238	0.0	-70.797738592	-25.763250184000007	7.324398950400001	10.0464746256	0.0	1.0
238	1.0	13.395168415999992	-81.7912502512	11.971915200000002	9.9237055176	0.0	1.0
238	0.0	-17.571470559999995	79.998766904	15.869995814400001	6.5039473800000005	0.0	1.0
239	0.0	4.5948499520000015	-94.1443965448	8.9217625728	6.235323343200001	0.0	1.0
239	1.0	-14.558426848000005	-90.5583521248	11.4808119552	11.2652571528	0.0	1.0
239	0.0	76.017356576	-57.717404584	5.2655334144	8.026264209599999	0.0	1.0
239	0.0	-80.512552288	-29.263326064000005	6.178205376000001	9.6588620856	0.0	1.0
239	1.0	-35.2536184	-82.4575617376	11.4133509504	10.1294669448	0.0	1.0
239	0.0	-21.360297951999996	91.90787312000002	12.8442607104	8.4736625904	0.0	1.0
239	1.0	12.862129951999998	-81.998841652	11.672219596800002	9.2700027504	0.0	1.0
239	0.0	-87.681937504	17.522864912	5.1922450944	10.749285036	0.0	1.0
239	0.0	-16.459633120000003	80.108163128	14.9137798656	6.548007513600002	0.0	1.0
239	0.0	-69.245813728	-44.409474592	5.5589726976	8.6071903344	0.0	1.0
239	0.0	-80.90509168	-40.98279875200001	9.4601278464	16.9270748136	0.0	1.0
239	0.0	-71.063721568	-24.789342256	7.0538756736	10.4187636504	0.0	1.0
240	0.0	74.74464233600001	-59.76576844	7.0763269248	8.134433748000001	0.0	1.0
240	0.0	3.689292319999991	-94.8238194904	6.638205772800001	7.117591824000001	0.0	1.0
240	0.0	-69.54361456	-39.56366428	5.8109772672	17.7114095424	0.0	1.0
240	0.0	-32.18265903999998	-67.486044976	9.4294182528	11.669017701600001	0.0	1.0
240	0.0	-80.665564	-28.737258928000003	6.2859213312	9.3435636672	0.0	1.0
240	3.0	-35.79130441600001	-82.7171967832	11.2145072256	10.5102020016	0.0	1.0
240	0.0	-20.143354336	92.60205651199999	12.4464302592	8.6273401536	0.0	1.0
240	0.0	80.37568784	4.496670415999998	4.799526950400001	9.9750855456	0.0	1.0
240	0.0	-69.57757744	-43.75008080799999	5.664543628800001	8.924338836	0.0	1.0
240	0.0	-87.50783305600001	18.388985384	5.4061397376	10.873019404799999	0.0	1.0
240	3.0	-15.26449724800001	-89.4046241536	11.476593408000001	14.083014304800002	0.0	1.0
240	0.0	-80.93297699200001	-40.805633176	9.4951989888	17.104139841600002	0.0	1.0
240	0.0	-15.596975967999997	80.252751152	14.067424896000002	6.2114934672	0.0	1.0
240	0.0	-71.34650723200001	-24.33908831199999	6.9676814592000005	9.488433225600001	0.0	1.0
241	0.0	-71.712591328	-23.957810296	6.9739735296	8.86732812	0.0	1.0
241	3.0	-16.325569119999997	-90.1628164024	10.936404864	11.9109764088	0.0	1.0
241	3.0	-36.430164063999996	-82.7529114328	10.9929619968	10.6060242456	0.0	1.0
241	0.0	-80.93547952	-40.79537727999999	9.4796475648	17.2045470744	0.0	1.0
241	0.0	-19.096225119999996	92.942713136	12.5374507776	8.097934824	0.0	1.0
241	0.0	-80.94799216	-28.293238960000004	6.111173376000001	9.3766640688	0.0	1.0
241	0.0	80.61378550399999	2.964922183999998	4.3211150976	8.903786824800001	0.0	1.0
241	0.0	-69.560417248	-43.078017976	6.3253540224	9.5643670752	0.0	1.0
241	0.0	-87.37591408	19.49561667199999	5.6582158080000005	11.0552324904	0.0	1.0
241	0.0	-14.219513056000007	80.276882672	14.4179933184	5.9255349552	0.0	1.0
242	3.0	-16.533636448000017	-91.22311517199999	10.985382912	9.656609810399999	0.0	1.0
242	0.0	-70.195344352	-38.33919073600001	5.9527991039999995	16.8089711328	0.0	1.0
242	0.0	-81.161422048	-22.810356519999996	6.123507264000001	16.602184116000004	0.0	1.0
242	3.0	-37.31462896	-83.0042814328	11.2648437888	10.487256947999999	0.0	1.0
242	0.0	-80.901159136	-40.886875960000005	9.552399628800002	16.98909282	0.0	1.0
242	0.0	-17.991895264000018	93.11887323200003	12.3908026368	8.866121544	0.0	1.0
242	0.0	-72.26815254399999	-23.032165408000008	6.9567060864	9.377910864	0.0	1.0
242	0.0	80.54585974399998	2.2743585200000034	4.38121152	9.4889761848	0.0	1.0
242	0.0	-12.403035231999999	80.481799496	15.6196715136	6.0629036328	0.0	1.0
242	0.0	-87.160696672	20.003585168000008	5.6290434816	10.0976937768	0.0	1.0
243	0.0	73.94454838400003	-60.442456480000004	4.9118904576	7.864824340800001	0.0	1.0
243	0.0	-35.12491696	-68.251215256	8.601724992	6.450375405600001	0.0	1.0
243	0.0	-53.987185503999996	-58.604439039999995	7.202275584000001	7.314283821599999	0.0	1.0
243	0.0	-70.463114848	-41.62248512800001	5.4756742656	8.579459196	0.0	1.0
243	3.0	-37.840874848	-82.4897773168	11.2775351808	11.418834168	0.0	1.0
243	0.0	-81.406312288	-25.326670768000003	6.25363872	11.7456352776	0.0	1.0
243	0.0	80.61092547200002	0.6086803520000198	4.211575872	8.4212368632	0.0	1.0
243	0.0	-80.95549974400001	-41.139452536	9.4498317312	16.528381883999998	0.0	1.0
243	0.0	-72.478007392	-21.741531279999993	6.8788774656	9.8388430056	0.0	1.0
243	0.0	-11.774543199999998	80.60969655199999	13.696514495999999	5.9779204632	0.0	1.0
243	0.0	-16.846809951999994	93.46596492799999	12.5620113024	8.062803352800001	0.0	1.0
243	0.0	-86.858963296	21.879609751999993	5.5636202496000005	10.637375112	0.0	1.0
244	3.0	-18.297203679999996	-88.623748276	10.8433465728	14.3502909984	0.0	1.0
244	3.0	8.03654096	-82.0126971664	11.804639078400001	8.9291048112	0.0	1.0
244	0.0	-70.57644361599999	-41.235375328	6.2058404352	8.365171298400002	0.0	1.0
244	3.0	-38.338520416	-82.4030647216	11.1536600448	11.451270952800002	0.0	1.0
244	0.0	-80.974447456	-41.263126576000005	9.356058432000001	16.3634630544	0.0	1.0
244	0.0	-10.273026400000004	80.98836032000001	14.152153344000002	5.9243484888	0.0	1.0
244	0.0	-72.6753496	-21.33893708800001	6.9038669952000005	9.3021781104	0.0	1.0
244	0.0	-86.793540064	22.718582263999995	5.4784985472	10.889368509599999	0.0	1.0
244	0.0	80.521191968	-0.22124284000000963	4.5333652224	9.9112978944	0.0	1.0
244	0.0	-81.592214368	-25.05177253599999	5.959841932800001	10.2326090832	0.0	1.0
244	0.0	-15.955194976000005	93.442838888	13.170983616000001	7.3724005656000005	0.0	1.0
245	0.0	-81.849617248	-21.354421480000003	6.0485386752000005	16.4222434152	0.0	1.0
245	0.0	-36.285374944	-67.171329736	7.767775411199999	6.3341821368	0.0	1.0
245	0.0	-14.880180447999996	93.448670672	12.981577996800002	6.9503805000000005	0.0	1.0
245	0.0	80.52691203200003	-1.1883135040000068	4.2195839616	10.672607131200001	0.0	1.0
245	0.0	-74.338815712	-18.481362928000003	4.5937833984	8.680912128000001	0.0	1.0
245	0.0	-9.132946144000003	81.160699592	14.7698845056	6.4530499824	0.0	1.0
245	0.0	-71.15703011199999	-39.909750496	5.9030702976	9.1157218992	0.0	1.0
245	0.0	-80.975519968	-41.315009344	9.3013245696	16.2311016672	0.0	1.0
245	0.0	-86.598700384	23.393058248000006	5.4688459392	10.2820786992	0.0	1.0
246	3.0	-39.447855328	-81.7566617392	11.1953092608	12.656841472800002	0.0	1.0
246	0.0	-82.04195440000001	-23.764557039999996	6.1285123200000005	11.2579171488	0.0	1.0
246	3.0	-37.640315103999995	-60.476441703999996	8.7863400576	17.836953775200005	0.0	1.0
246	0.0	-71.764429408	-39.459295456	6.0362047872	8.7753669192	0.0	1.0
246	0.0	-13.398326368	94.24279877600001	12.528262924800002	7.767011246400001	0.0	1.0
246	0.0	-86.377405408	24.726525824000003	5.4300925056	9.1188388872	0.0	1.0
246	3.0	-20.15443696000001	-88.5729916456	11.7125817984	14.9633321544	0.0	1.0
246	0.0	-80.973732448	-41.356234023999995	9.3243478272	16.1850506832	0.0	1.0
246	0.0	-7.562431071999997	81.34852325600001	15.6775514112	6.274295748	0.0	1.0
246	0.0	-73.30705916800001	-19.556824336	7.036465228800001	8.9484502464	0.0	1.0
247	3.0	-20.751826144	-91.4056299016	11.271493363200001	10.0442223504	0.0	1.0
247	3.0	-20.665310175999995	-88.20938996800001	11.226519360000001	14.689881813600001	0.0	1.0
247	3.0	-38.476516960000005	-61.840475872	9.0235439616	13.6490290272	0.0	1.0
247	0.0	80.39392054399998	-3.680295136000014	4.448565273600001	8.9572984704	0.0	1.0
247	0.0	-38.73642236800001	-65.351813128	9.3119781888	6.5929926888	0.0	1.0
247	0.0	-71.90135344000001	-38.59739799999999	5.6069854848	9.4082964696	0.0	1.0
247	3.0	-39.997696479999995	-82.0741319944	10.605677913600001	11.5636836168	0.0	1.0
247	0.0	-12.298644063999992	94.36788048800001	12.4235857536	7.8558554592	0.0	1.0
247	0.0	-80.95478473600001	-41.43928667200001	9.353019648	16.154946612	0.0	1.0
247	0.0	-85.98522352	26.149883311999996	5.975500608	10.678438915200001	0.0	1.0
247	0.0	-7.1362863039999995	81.439217552	13.97751264	6.180946984800001	0.0	1.0
247	0.0	-82.507424608	-23.079020775999997	6.4614557952	11.1299195448	0.0	1.0
247	0.0	-73.80112969599999	-18.013814728	7.013084467200001	10.8674088264	0.0	1.0
248	3.0	-21.127920352000007	-90.3588850024	11.181724108800001	11.2778859816	0.0	1.0
248	3.0	65.72481641600002	-63.23869636	6.6085686912	10.1764228608	0.0	1.0
248	0.0	-57.856451296	74.341936424	10.6858303104	12.6028673064	0.0	1.0
248	0.0	70.58508329600002	-63.949570720000004	5.682204326400001	8.052587676	0.0	1.0
248	0.0	-82.721212	-22.092644896	6.2391955584000005	11.47906242	0.0	1.0
248	3.0	-21.164028255999995	-88.217031616	11.663746752	15.47132076	0.0	1.0
248	0.0	-39.253373151999995	-64.586843944	8.4652299648	6.9687606744	0.0	1.0
248	3.0	-40.853203552	-77.398670104	11.3365948416	13.525857727200002	0.0	1.0
248	0.0	-80.97301744	-41.40329048800001	9.3708590976	16.2624123144	0.0	1.0
248	0.0	-11.19431420799999	94.84990760000002	12.5974041984	7.545323016	0.0	1.0
248	0.0	-72.24241225600001	-38.41399844800001	5.991945792	9.0702742032	0.0	1.0
248	0.0	-5.775268576	81.519857048	13.860930585599998	6.265608400800001	0.0	1.0
248	0.0	80.415728288	-4.307312463999991	4.2964115712	8.8438602168	0.0	1.0
248	0.0	-85.737473248	26.749149391999993	5.7859519872	10.9105439184	0.0	1.0
248	0.0	-73.94377379200002	-17.543451184000002	6.954739814400001	9.919422172800001	0.0	1.0
249	0.0	69.74602140799999	-64.589458192	5.6820613248	8.897693616	0.0	1.0
249	1.0	3.145528736000001	-80.8970567776	11.8247308032	9.414912528	0.0	1.0
249	0.0	-39.915828064	-64.130154928	8.734501977599999	6.988086	0.0	1.0
249	0.0	-72.82121123200001	-37.583471968	5.362953254400001	8.2533418128	0.0	1.0
249	0.0	-80.985887584	-41.401681720000006	9.3357879552	16.2757449792	0.0	1.0
249	0.0	-83.035100512	-21.404092192	5.653747008	10.9508033376	0.0	1.0
249	0.0	80.33099983999999	-5.468038576000005	4.1729296896	8.703816962400001	0.0	1.0
249	0.0	-74.334883168	-16.544808447999994	6.8410535424	10.7176928544	0.0	1.0
249	0.0	-10.197950560000011	95.07714608000002	12.807652300800001	7.1669407824	0.0	1.0
249	0.0	-4.484321631999995	81.59064284000002	14.4352250112	6.046815952799999	0.0	1.0
249	0.0	-85.456475104	27.819181208000007	5.872324953600001	10.687146372	0.0	1.0
250	0.0	111.62940252799999	-85.1387344864	4.5323642112	7.4263345128	0.0	1.0
250	0.0	68.76824796800001	-65.152526992	6.3992500992	8.9331669504	0.0	1.0
250	3.0	-22.673767648000016	-86.7371460424	10.7911867392	12.5153704368	0.0	1.0
250	0.0	-82.94822704	-20.539379391999997	6.1339463808	11.4984882936	0.0	1.0
250	0.0	-80.952282208	-41.379360064	9.4086830208	16.263176479200002	0.0	1.0
250	0.0	-74.63339900800001	-15.730771840000003	6.5958772992	9.7719383664	0.0	1.0
250	0.0	-73.052158816	-36.192088744	5.3384642304000005	9.5510344104	0.0	1.0
250	0.0	-9.522983007999992	95.15577461600002	13.454484288	6.960113546400001	0.0	1.0
250	0.0	-85.194782176	28.42548564799999	5.6833125888	10.2781573272	0.0	1.0
250	0.0	80.231256224	-6.958562128000001	4.1867650944	9.4258923696	0.0	1.0
250	0.0	-3.137961567999991	81.57797379200001	14.253684480000002	5.8217895288	0.0	1.0
251	0.0	111.69697078400002	-85.1684966944	4.4255062656	7.373466374400001	0.0	1.0
251	0.0	-5.613676768	-93.8833940464	8.290696512	6.4492894872	0.0	1.0
251	0.0	-41.487058144	-62.84052628	7.810747392000001	6.583983588000001	0.0	1.0
251	0.0	-83.37651683200001	-19.823276536000005	5.874362726400001	11.1956980464	0.0	1.0
251	0.0	68.30921283199999	-64.96711648	6.3950673024	10.3486414752	0.0	1.0
251	0.0	-80.929401952	-41.33149921599999	9.4059659904	16.381280160000003	0.0	1.0
251	0.0	-74.965877728	-14.429278528000005	6.4440811008	10.8449464032	0.0	1.0
251	0.0	80.304902048	-7.802562040000001	3.8311558656	8.941271119200001	0.0	1.0
251	0.0	-73.75429667200001	-35.54134208800001	4.9687335936	9.5314275504	0.0	1.0
251	0.0	-1.8802624959999967	81.751720736	14.050014451200004	5.979649888799999	0.0	1.0
251	0.0	-84.802242784	30.666499472000016	5.645810419199999	10.325475216	0.0	1.0
251	0.0	-7.861304416000007	95.32147771999999	12.789920102400002	7.383963585599999	0.0	1.0
252	3.0	-43.22595760000001	-77.934993136	10.9874921856	9.870575954400001	0.0	1.0
252	0.0	80.05035919999999	-8.874202623999997	3.9389075712	9.403631042399999	0.0	1.0
252	0.0	-6.751254495999991	95.44796710400001	12.620248704	6.9334683264	0.0	1.0
252	0.0	78.590670368	-6.0459884799999974	6.8020141056	15.7148077968	0.0	1.0
252	0.0	101.12665001600001	-39.354122248	8.5856015616	18.095241477600002	0.0	1.0
252	0.0	-0.6071907519999915	81.90033068000001	14.343668236800001	6.191283319200001	0.0	1.0
252	0.0	-6.570714976000009	-93.5287612504	8.7702523776	6.936163012800001	0.0	1.0
252	0.0	-80.931546976	-41.36850088	9.3730756224	16.2755639928	0.0	1.0
252	0.0	-75.227213152	-13.712170191999999	6.321385728000001	10.691671032	0.0	1.0
252	0.0	-83.318958688	-18.919752207999995	6.0442128768000005	11.3467010328	0.0	1.0
252	0.0	-73.376414944	-35.113208704	6.2042674176	9.059274252000002	0.0	1.0
252	0.0	-84.44438128	31.12620492800002	5.601372672	11.1607073424	0.0	1.0
253	0.0	-10.932978784	51.34158142400002	3.9059814528	4.681816524	0.0	1.0
253	0.0	111.685173152	-85.10645857840001	4.4419514496	7.4441113992	0.0	1.0
253	3.0	-43.77365372799999	-77.476494256	10.757474112	9.113007103200001	0.0	1.0
253	0.0	-43.021465312	-61.357041088	7.9429523712	7.532875173600001	0.0	1.0
253	0.0	-6.639713248000001	-94.0395853096	7.6558051584	5.38987554	0.0	1.0
253	0.0	66.83558134400002	-67.26966567999999	6.645570355199999	7.433091338400001	0.0	1.0
253	0.0	80.036416544	-9.765661192	3.7541137536	9.3846073608	0.0	1.0
253	0.0	-80.94441712	-41.410328848	9.3690715776	16.2626536296	0.0	1.0
253	0.0	-5.7441657279999925	95.52398139200001	12.828423283200001	6.444402854400001	0.0	1.0
253	0.0	1.2664877119999898	81.798576104	15.947180928000002	6.0755324616	0.0	1.0
253	0.0	-73.763234272	-34.47593548	6.203695411200001	8.9704702584	0.0	1.0
253	0.0	-75.590079712	-12.976359928000004	6.269690649600001	9.4284462888	0.0	1.0
253	0.0	-83.71185558399999	-18.383831368000006	5.9615222016	10.8767195712	0.0	1.0
253	0.0	-84.311747296	32.42991029600001	5.6089160064	9.429994728	0.0	1.0
254	3.0	-44.37712048000001	-76.88406544	10.284710822400001	9.7861960728	0.0	1.0
254	0.0	-75.70054844799999	-6.743590504000003	5.7723310848	13.351386837600002	0.0	1.0
254	0.0	-75.808157152	-12.186655935999998	6.6715966464	9.281686428	0.0	1.0
254	0.0	111.73629622400001	-85.0022305216	4.4507817983999995	7.3702689480000005	0.0	1.0
254	0.0	-76.22786684799999	-10.715035408	4.922329574400001	9.3466203264	0.0	1.0
254	0.0	79.79796137600002	-10.563207927999997	3.7163970816	10.5529550112	0.0	1.0
254	0.0	66.22138947199998	-67.719718528	6.0507194496	7.325364211199999	0.0	1.0
254	0.0	-73.994896864	-34.15619284	5.963845977599999	7.9034347728	0.0	1.0
254	0.0	-55.880526687999996	-36.835193752	5.644594905600001	13.939290993600002	0.0	1.0
254	0.0	-83.845204576	-17.853139024000004	5.852554982399999	11.2035407904	0.0	1.0
254	0.0	-80.951924704	-41.39967076000001	9.3696793344	16.3087247232	0.0	1.0
254	0.0	-4.480746592000003	95.65791132800003	12.876793574399999	6.1417533744	0.0	1.0
254	0.0	-43.78330633600001	-60.288014752	7.9211088768	6.9658246728	0.0	1.0
254	0.0	2.3465072960000004	81.85246983200001	15.535872576000001	6.533045971200001	0.0	1.0
254	0.0	-83.8205368	32.971864016	5.8061152128	10.443981088800001	0.0	1.0
255	3.0	-44.85975088000001	-76.824138832	10.2221833728	9.2442624624	0.0	1.0
255	0.0	-27.218358496000004	-90.8776523536	7.747218931200001	7.0583489424	0.0	1.0
255	0.0	111.76418153600001	-84.95955795040001	4.331268211199999	7.403510116800001	0.0	1.0
255	0.0	65.23289091199999	-69.29068048	6.840338534400001	8.6754423168	0.0	1.0
255	0.0	-44.694941536	-59.50836556	7.8836424576	7.1775586512	0.0	1.0
255	0.0	-83.991781216	-16.704478672	6.010893504	10.8778255992	0.0	1.0
255	0.0	-3.410379616000008	95.63116556000003	12.973998912	5.6944153224	0.0	1.0
255	0.0	2.9925170239999934	81.720148664	14.1059995776	6.4393754544	0.0	1.0
255	0.0	79.60240668800002	-11.741429391999997	3.8141744256	10.5674138136	0.0	1.0
255	0.0	-76.110248032	-11.207519512000003	5.8913799168	9.32733522	0.0	1.0
255	0.0	-83.452665184	33.757143895999995	5.655248524800001	9.8826417144	0.0	1.0
255	0.0	-80.957287264	-41.443509688000006	9.3811909632	16.3506331296	0.0	1.0
255	0.0	-74.373136096	-33.208829584	6.0586560384000006	8.5228707816	0.0	1.0
256	0.0	78.55921001600001	-11.798339560000006	5.0283652608	13.208307033600002	0.0	1.0
256	0.0	110.89830684799998	-84.68602717120001	6.289317619200001	7.7638741488	0.0	1.0
256	0.0	-56.97949398400001	-35.980937944	5.689747660800001	15.5698376904	0.0	1.0
256	0.0	-77.399049952	-9.571000264000002	5.012921088	9.3466806552	0.0	1.0
256	0.0	-56.519028832	-43.05066892	6.404326656	8.9617628016	0.0	1.0
256	0.0	-45.39993942400001	-59.06897080000001	7.407840384	6.682922819999999	0.0	1.0
256	0.0	-80.934049504	-41.459597368	9.371109350400001	16.2732714984	0.0	1.0
256	0.0	-74.86255907200001	-32.672908744000004	6.0158628096	8.463929543999999	0.0	1.0
256	0.0	-2.2188187840000078	95.68445600000003	12.7166675328	6.248434802399999	0.0	1.0
256	0.0	-83.04117808000002	34.96935058400001	5.954050368	11.1204680328	0.0	1.0
256	0.0	4.27309635200001	81.940952072	14.695881177600002	6.8582584224	0.0	1.0
256	0.0	-84.350000224	-15.979326496000002	5.738046451200001	10.6643420856	0.0	1.0
257	0.0	64.173249056	-69.491173192	7.979060275200001	9.0161793792	0.0	1.0
257	0.0	-56.98914659199998	-36.321192376000006	6.7716620160000005	18.3390301584	0.0	1.0
257	3.0	-45.78568624000001	-75.538129912	10.248102412800002	10.3613507424	0.0	1.0
257	0.0	-48.808025056000005	82.210219616	9.1698703488	8.964055296	0.0	1.0
257	0.0	79.3085384	-13.467235264000005	3.7459269120000003	11.3615620272	0.0	1.0
257	0.0	-80.909739232	-41.424204472	9.4298472576	16.2489992112	0.0	1.0
257	0.0	-74.80249839999999	-33.044534152000004	6.630090432	7.577679362399999	0.0	1.0
257	0.0	-84.562715104	-15.471760191999996	5.983222694400001	10.9049936688	0.0	1.0
257	0.0	5.911179679999999	81.522672392	14.8741684224	6.024655173599999	0.0	1.0
257	0.0	-76.38338108800001	-9.60840412	6.6931541376	10.1753972712	0.0	1.0
257	0.0	-1.2317502399999924	95.82079908799999	12.7093029504	6.120115444800001	0.0	1.0
257	0.0	-82.866358624	36.06351392	5.577813158400001	10.0171749384	0.0	1.0
258	0.0	78.29894710399999	-15.867919312000001	4.5210670848	10.1292256296	0.0	1.0
258	3.0	-46.683736288000006	-75.56085376	9.6281547264	9.8198796528	0.0	1.0
258	0.0	-75.35305455999999	-31.534906479999997	6.5068230528	8.5059183888	0.0	1.0
258	0.0	-60.776901472000006	-48.127136344	7.5136973184	8.343593697600001	0.0	1.0
258	0.0	-80.984815072	-41.41334528800001	9.3261353472	16.1255061576	0.0	1.0
258	0.0	7.355853344000027	81.5624894	15.038870515200001	6.386949727200001	0.0	1.0
258	0.0	-84.7142968	-14.196007167999998	6.2088434688	10.60429482	0.0	1.0
258	0.0	0.05025910399999189	95.73714315200003	12.8333568384	6.0554630808	0.0	1.0
258	0.0	-76.51530006399999	-8.977767063999996	6.703378752	9.7582236192	0.0	1.0
258	0.0	-82.46952918400001	36.490641823999994	5.6078434944	9.835786346399999	0.0	1.0
259	0.0	77.791291424	-15.509164048000004	5.1702943488	12.977127072000002	0.0	1.0
259	1.0	-11.029504864000007	-89.1672906544	10.702704499200001	8.0381690928	0.0	1.0
259	3.0	-47.23822499199999	-74.5282258	9.8261404416	11.3638545216	0.0	1.0
259	0.0	-58.68943561600001	-32.454518488	5.816411328	14.394371241599998	0.0	1.0
259	0.0	-75.769904224	-31.45145164	6.422988364800001	7.263064670400001	0.0	1.0
259	0.0	-80.93297699200001	-41.47186422400001	9.405715737600001	16.099283239200002	0.0	1.0
259	0.0	8.277498656	81.84020297599999	14.5258880256	7.014007274399999	0.0	1.0
259	0.0	1.033395104000008	95.79405332000003	13.016434636800001	5.661958428	0.0	1.0
259	0.0	-82.393738336	37.844219	4.8805731072	8.9790570576	0.0	1.0
259	0.0	-84.965622112	-13.817745592	6.004386931199999	10.852909804800001	0.0	1.0
259	0.0	-76.85600137600001	-8.077259176	6.539606169600001	9.798603696	0.0	1.0
260	0.0	78.193840928	-16.595685736000004	3.9332590080000003	11.8384008624	0.0	1.0
260	0.0	-75.96367139200001	-25.346579272000003	5.919622732800001	16.730543692799998	0.0	1.0
260	0.0	-81.973671136	39.692894528000004	5.4003124224	10.293802596	0.0	1.0
260	3.0	-48.084436960000005	-73.959325216	10.4182743168	9.8696106936	0.0	1.0
260	0.0	-48.72615663999999	-76.155695728	5.5625119872	7.9474345776	0.0	1.0
260	0.0	-75.948656224	-30.80392252	6.264149337600001	8.2880308728	0.0	1.0
260	0.0	9.815123360000003	81.110827784	15.046735603200002	6.628264927200001	0.0	1.0
260	0.0	2.13879747200001	95.805917984	12.852769305599999	6.3076977936	0.0	1.0
260	0.0	-76.88674672	-7.130700304000005	6.4467266304	10.296557611199999	0.0	1.0
260	0.0	-81.011270368	-41.440292152	9.2816976	16.125063746400002	0.0	1.0
260	0.0	-84.985284832	-13.487948151999996	5.870036928	10.9625272344	0.0	1.0
261	3.0	-48.631060575999996	-74.16826395999999	10.0572310272	10.014379704	0.0	1.0
261	0.0	-62.224077664	-45.244425184	7.0135849728	9.8872065936	0.0	1.0
261	0.0	77.37444175999998	-17.468040184000007	4.8788928384000005	12.4579575288	0.0	1.0
261	0.0	-76.31009276799999	-29.090986792000002	6.236407027199999	8.8851050064	0.0	1.0
261	0.0	3.215242016000008	95.53303071199998	12.7512381696	6.31541988	0.0	1.0
261	0.0	-81.05345584	-41.266143016	9.187995801600001	16.358174229600003	0.0	1.0
261	0.0	11.555095328000007	80.93486878400002	16.026189312	6.352160119200001	0.0	1.0
261	0.0	-77.76263152	-6.468088984000002	5.7495938304	8.8269279336	0.0	1.0
261	0.0	-81.69946556800001	39.586112552	4.8934075008	9.2911982688	0.0	1.0
261	0.0	-85.169399392	-12.27292612	5.7940315776	10.7925407856	0.0	1.0
262	0.0	-48.927788896	-74.780400184	8.7313916928	8.28616068	0.0	1.0
262	0.0	-60.156274528000004	-36.672507088	6.840195532799999	10.8644527152	0.0	1.0
262	0.0	-76.68475695999999	-28.397004496	6.056189260799999	8.743513312800001	0.0	1.0
262	0.0	-46.69910896	82.74131415200002	13.416267110400002	11.784547353599999	0.0	1.0
262	0.0	-95.414034016	59.22776216000001	11.799205017600002	10.308080411999999	0.0	1.0
262	0.0	75.57941417599999	-16.195705792000002	7.2104624256	17.6627845296	0.0	1.0
262	0.0	12.331594015999993	80.79168843200002	14.924540735999999	6.8293408175999994	0.0	1.0
262	0.0	-81.03736816	-41.406105831999994	9.2535977856	16.230357612000002	0.0	1.0
262	0.0	-81.21862268800001	40.292160608	5.0408421504000005	9.337490568000002	0.0	1.0
262	0.0	-77.39869244799999	-5.636557024000002	6.4037188992	9.3076479216	0.0	1.0
262	0.0	4.512266527999995	95.854784312	13.201371456000002	7.0213070592	0.0	1.0
262	0.0	-85.32169609600001	-11.618157543999999	5.3954146176	10.8811839024	0.0	1.0
263	0.0	-50.32884707200001	-53.119947832	7.250145369599999	7.6421105208	0.0	1.0
263	0.0	5.47359478399999	95.70175025600001	12.994948646400001	6.915128371200001	0.0	1.0
263	0.0	77.172452	-20.260258144	3.7903289088000003	11.4051797496	0.0	1.0
263	0.0	-81.036295648	-41.493582591999996	9.17087136	16.156857024	0.0	1.0
263	0.0	13.491694496	80.729750864	15.0863470464	6.869419250399999	0.0	1.0
263	0.0	-77.64537020799999	-4.964896383999996	6.1006985088	9.157509648000001	0.0	1.0
263	0.0	-85.481500384	-11.344868080000003	5.6367298176	10.738224756000001	0.0	1.0
264	0.0	-80.772457696	43.01017414399999	4.0699685376	8.1982415088	0.0	1.0
264	3.0	-32.715697504	-80.1137074192	10.1822144256	17.198936496	0.0	1.0
264	0.0	-33.69096841599999	-87.1176598936	8.021352998400001	6.828114132	0.0	1.0
264	0.0	-51.14896124800001	-52.07987932	7.617480729600001	7.7009914296	0.0	1.0
264	0.0	-45.409592032	83.52357759200001	13.883167334400001	11.246997636	0.0	1.0
264	0.0	76.88823632000002	-21.962535784000004	3.721259136	9.9691532136	0.0	1.0
264	0.0	-80.989820128	-41.479505872	9.2982500352	16.1997508008	0.0	1.0
264	0.0	-85.574808928	-10.369954672000002	5.497696512	10.663276276800001	0.0	1.0
264	0.0	15.518384672000009	80.439167144	14.657771251200002	6.760887739200001	0.0	1.0
264	0.0	6.575422112000001	96.006812888	13.140381273600001	7.5468915648	0.0	1.0
264	0.0	-77.948176096	-3.976911736000007	6.513150873599999	9.393093612000001	0.0	1.0
265	0.0	-79.942690912	43.71662439199999	5.1323989248	8.8104380616	0.0	1.0
265	0.0	-51.027052383999994	-72.66205492	8.688598464	8.8285769208	0.0	1.0
265	0.0	-77.96247625600002	3.1408811840000075	6.472895923199999	20.7933264	0.0	1.0
265	0.0	-51.725257696	-51.554817664	7.2249413376	7.221940538399999	0.0	1.0
265	0.0	101.84809308800001	-44.64777335200001	7.5697539456	7.5057473232000005	0.0	1.0
265	0.0	76.216843808	-22.470303184	4.0350403967999995	11.1551168736	0.0	1.0
265	0.0	7.624696352000011	95.18815107199998	12.273577075200002	6.967091577600001	0.0	1.0
265	0.0	-77.69113072000002	-26.422040680000006	5.904321561600001	8.39977992	0.0	1.0
265	0.0	-77.94674608	-3.1455808719999965	6.305476800000001	9.9210108312	0.0	1.0
265	0.0	-80.987675104	-41.485739847999994	9.3041488512	16.137310492799998	0.0	1.0
265	0.0	-85.69421526400001	-9.493176112000004	5.6792727936	10.723826282400001	0.0	1.0
265	0.0	16.878687391999993	80.706624824	16.3385405568	7.551094471199999	0.0	1.0
266	0.0	-78.54199024	-1.4398845999999903	5.4777120384	7.99306326	0.0	1.0
266	0.0	-79.68564553600002	44.961207535999996	5.0138505984	7.968328452000001	0.0	1.0
266	0.0	-77.926725856	-25.948660696	5.748163814400001	8.301705400800001	0.0	1.0
266	0.0	-35.09846166400001	-86.6189418136	10.272984691200001	6.9524517888	0.0	1.0
266	3.0	-33.59265481600001	-79.553413744	9.8426571264	17.23945734	0.0	1.0
266	0.0	101.78981993600001	-43.61333552800001	7.6569849216	9.608266332000001	0.0	1.0
266	0.0	-78.241329376	3.9838756159999944	6.421737100800001	20.380878504	0.0	1.0
266	0.0	8.739393824	94.626087752	12.7757271936	6.475069994400001	0.0	1.0
266	0.0	18.587556511999992	80.11198395199999	14.0544117504	7.017627002400001	0.0	1.0
266	0.0	-80.939769568	-41.538628096	9.3737906304	16.068073140000003	0.0	1.0
266	0.0	75.9748136	-24.562707063999994	3.9706539264	9.3873020472	0.0	1.0
266	0.0	-85.847941984	-8.868169744	5.8486224384	10.9935563472	0.0	1.0
267	0.0	-35.785226847999986	-86.5487593096	9.497165260800001	7.819416864000001	0.0	1.0
267	0.0	101.86811331200002	-45.024828352	7.5642126336	6.821960594399999	0.0	1.0
267	0.0	-79.05894102399999	45.709887943999995	5.0464549632	8.384456404800002	0.0	1.0
267	0.0	101.82521283199999	-43.60006319200001	7.6350699264	9.663567732	0.0	1.0
267	0.0	-52.86962800000001	-49.423602255999995	7.235094451200001	8.3390891472	0.0	1.0
267	3.0	-34.82318358399999	-79.249155496	10.8156400128	17.5544943336	0.0	1.0
267	0.0	9.418293919999996	94.60758692000002	12.060683443200002	6.2658296064	0.0	1.0
267	0.0	75.56833155199999	-24.973345095999992	3.9503119488000005	10.5400647576	0.0	1.0
267	0.0	-80.969799904	-41.521333840000004	9.34694208	16.077062131199998	0.0	1.0
267	0.0	-78.256344544	-25.16217424	5.841114854400001	8.8894888992	0.0	1.0
267	0.0	19.43698601600001	79.621510808	14.869771123200001	6.5945009088	0.0	1.0
267	0.0	-86.020616416	-8.256033520000004	5.622465408000001	11.0510899128	0.0	1.0
267	0.0	-78.411858784	-0.26769601600000004	6.4135502592	11.0505469536	0.0	1.0
268	0.0	101.84737808	-44.119091968	7.694594342399999	8.6689268064	0.0	1.0
268	0.0	-53.600366175999994	-47.105568664	7.0289933952000005	10.228647492	0.0	1.0
268	3.0	-35.84314249599999	-78.529634008	9.3439390464	15.202978257600002	0.0	1.0
268	0.0	-36.06014742399999	-86.6744644192	8.992548364800001	8.034891228	0.0	1.0
268	0.0	21.548404640000008	79.420817	14.0852285952	6.656559134400001	0.0	1.0
268	0.0	10.569456800000003	95.55957538400003	12.7653595776	8.4046866624	0.0	1.0
268	0.0	-78.301032544	-24.516253888000005	5.7486285696	8.776070755200001	0.0	1.0
268	0.0	-85.986296032	-7.660387168000003	5.673052224	11.5536891456	0.0	1.0
268	0.0	-80.96836988800001	-41.459396272	9.3297461376	16.123072896	0.0	1.0
268	0.0	-78.51160240000002	0.09025486400000717	6.505464537599999	10.3721898168	0.0	1.0
269	0.0	72.99787779200001	-24.413694927999998	6.828791155200001	15.6669469488	0.0	1.0
269	0.0	-54.49233865600001	-46.725296128000004	6.3482342784	7.8908260536000006	0.0	1.0
269	3.0	-52.798842208	-65.203806472	9.883913088	19.0801694664	0.0	1.0
269	0.0	-78.38254345600001	48.05909141599999	4.5865260672	7.7286823488000005	0.0	1.0
269	3.0	-64.276150624	-25.723232080000006	7.4253223296	18.714194856000002	0.0	1.0
269	0.0	54.23213532800002	-75.71308343199999	9.7226072832	8.1124941744	0.0	1.0
269	0.0	-78.55092784	-23.795726920000003	6.047823667199999	8.7413615856	0.0	1.0
269	0.0	-81.027715552	-41.442102016000014	9.2349360768	16.209141984	0.0	1.0
269	0.0	11.929044511999992	94.210623416	12.8439747072	6.243125868	0.0	1.0
269	0.0	22.156876448000002	79.19659496	15.1851254016	6.707939162400001	0.0	1.0
269	0.0	-85.996306144	-6.981285975999996	5.929489843200001	11.3306736816	0.0	1.0
269	0.0	-78.697146976	0.9601961599999955	6.318525695999999	10.4397580728	0.0	1.0
270	0.0	101.83915548800002	-45.07912427200001	7.6710348288	6.810759547200001	0.0	1.0
270	0.0	101.80483510399999	-43.652750344	7.720763635199999	9.6890264856	0.0	1.0
270	0.0	-40.024866784000004	86.17140862400001	14.914995379200002	10.7829887256	0.0	1.0
270	3.0	53.12244291199999	-76.222057408	9.643134144	7.3018158696	0.0	1.0
270	0.0	-36.791243104	-86.1342200152	9.109380672	7.5877944912	0.0	1.0
270	3.0	-53.160636256000004	-64.49413868799999	9.5485385856	19.8306999576	0.0	1.0
270	0.0	-78.716094688	-23.23104935200001	5.689318656	8.4262039344	0.0	1.0
270	0.0	-53.476669791999996	-70.088428312	8.8134031104	9.408175812	0.0	1.0
270	0.0	73.065088544	-26.667578896	5.8159465728	13.276337810400003	0.0	1.0
270	0.0	-55.37573103999999	-46.075756047999995	6.0748509696	7.149103567199999	0.0	1.0
270	3.0	-36.60426851200001	-79.51339564	10.5656017152	19.243318651200003	0.0	1.0
270	0.0	-65.960351968	-38.084402104	7.0408267776	12.094737933600001	0.0	1.0
270	0.0	-78.0915352	48.41422695200001	4.1576642688000005	7.823740428000001	0.0	1.0
270	0.0	13.134905504	94.01133728000002	12.759925516800001	6.1806252312	0.0	1.0
270	0.0	24.408079136	78.86357998400001	13.046750975999998	6.864432069600001	0.0	1.0
270	0.0	73.346801696	-28.569745959999995	5.3019273216	9.385351416	0.0	1.0
270	0.0	-78.81297827200001	2.1390209120000176	6.0555457536	11.1662777016	0.0	1.0
270	0.0	-81.058103392	-41.472668608000006	9.2024032128	16.0817074488	0.0	1.0
270	0.0	-85.97485590400001	-6.247084480000005	5.9014615296	11.242674072	0.0	1.0
271	3.0	-65.523839584	-27.925836568	7.575331008000001	11.9769358968	0.0	1.0
271	0.0	101.45734121599999	-43.648326232	8.258378150399999	9.5638643352	0.0	1.0
271	3.0	71.659382816	-26.200835079999997	7.632066892800001	14.942780143200002	0.0	1.0
271	0.0	-66.253147744	-39.962437648	7.3258289664	7.071902812799999	0.0	1.0
271	0.0	-18.850619872000003	-88.4264932096	11.1326030592	9.4297333032	0.0	1.0
271	0.0	-55.909484512	-45.418172127999995	5.9884065024	6.924077143200001	0.0	1.0
271	0.0	-78.82799343999999	-22.858820655999992	5.9925892992000005	7.437957861600001	0.0	1.0
271	3.0	-53.86384662400001	-68.91422876800002	9.1014083328	9.9224587224	0.0	1.0
271	0.0	101.358670112	-40.168762144000006	8.7533424384	16.8754132512	0.0	1.0
271	3.0	52.577249312000006	-76.384744072	9.5255868288	7.032849969599999	0.0	1.0
271	0.0	-77.28643619200001	49.763983304000014	5.2322855424000005	9.1158425568	0.0	1.0
271	3.0	-16.92796335999999	-72.120302296	11.8759611264	17.759350828800002	0.0	1.0
271	0.0	-81.011270368	-41.488756288000005	9.3039700992	16.1784949536	0.0	1.0
271	0.0	-85.976643424	-5.387600176000001	5.939464204799999	11.4886345896	0.0	1.0
271	0.0	25.17921526399998	78.37913972000001	13.3604964864	6.4131324264	0.0	1.0
271	0.0	72.59103823999999	-29.529376072	6.119932224	10.6544079432	0.0	1.0
271	0.0	14.021157920000002	93.88806543199999	12.8187349248	6.5423366064	0.0	1.0
271	0.0	-78.977787616	3.2287601360000013	6.180171648	11.04871698	0.0	1.0
272	0.0	72.03333199999999	-30.370560639999997	6.6061019136	10.3507932024	0.0	1.0
272	3.0	-54.45515824	-68.85430216	9.1624342656	9.430356700799999	0.0	1.0
272	0.0	-56.310246496000005	-44.374483888	6.548722521600001	8.5577810472	0.0	1.0
272	3.0	-17.943274719999994	-72.009297304	12.017711462400001	18.344037448799998	0.0	1.0
272	0.0	15.089022368000007	93.71713383200002	12.67441056	6.7256356104	0.0	1.0
272	0.0	-66.667852384	-38.98671985600001	7.4321864064000005	7.519100097600001	0.0	1.0
272	0.0	-81.059890912	-41.472668608000006	9.2421576576	16.1109870264	0.0	1.0
272	0.0	26.56811830399998	78.414934808	12.538487539200002	7.253210966400001	0.0	1.0
272	3.0	-39.143619424	-78.665977096	11.8890457728	19.4093435088	0.0	1.0
272	0.0	-86.10427235200001	-4.811862328000002	5.8011816576	11.3636132064	0.0	1.0
272	0.0	-79.18120739200002	3.9416454559999896	5.9277380736000005	10.823388912	0.0	1.0
273	3.0	-55.100810464000006	-68.13840040000001	8.60601504	10.2186731304	0.0	1.0
273	0.0	72.07480246400002	-29.415957927999997	5.1477358464	13.454307770400002	0.0	1.0
273	3.0	70.53682025600003	-28.557479104000006	7.8566509056000005	15.417708566400002	0.0	1.0
273	0.0	-66.607434208	-21.594127911999998	6.834046464	19.6316752464	0.0	1.0
273	0.0	-66.993896032	-18.968216344	5.9034993024	14.992088882400001	0.0	1.0
273	0.0	-79.590906976	-20.711517568	5.7868814976000005	9.060581376	0.0	1.0
273	0.0	-79.463278048	-16.745703352000003	5.916512448000001	16.820373276	0.0	1.0
273	0.0	-95.58170339200001	59.32187508799999	11.5436611584	10.1132384976	0.0	1.0
273	0.0	-81.085988704	-41.3976598	9.209946547200001	16.176805747200003	0.0	1.0
273	0.0	72.237466784	-32.207773696000004	4.444239475200001	7.9826867064	0.0	1.0
273	0.0	26.734357663999997	77.87539423999999	13.0922254848	6.9736070880000005	0.0	1.0
273	0.0	15.900198943999992	93.8042084	13.023334464000001	6.8097741768	0.0	1.0
273	0.0	-86.216528608	-3.9378991120000073	5.5725936	10.8509993928	0.0	1.0
273	0.0	-79.34208419199999	4.678059007999995	5.7873820032	10.528622395200001	0.0	1.0
274	3.0	50.604899743999994	-77.975413432	9.292780224	7.3967331816	0.0	1.0
274	0.0	-79.35030678400001	8.147769391999995	5.984616960000001	15.637204850400002	0.0	1.0
274	0.0	-79.728546016	-19.89828534400001	5.5824607104	9.14685156	0.0	1.0
274	0.0	-36.21995171200002	87.70376014400001	12.7026176256	10.0892276352	0.0	1.0
274	0.0	-95.59457353600001	59.32247837599999	11.50358496	10.078931520000001	0.0	1.0
274	0.0	-81.01234288	-41.381773216	9.3503026176	16.237194876	0.0	1.0
274	0.0	-67.263811552	-25.356835168000007	6.863004287999999	8.5871812824	0.0	1.0
274	0.0	28.526167711999985	77.41166686400001	14.022701145600001	7.062149656799999	0.0	1.0
274	0.0	17.135375264000015	93.48848767999999	12.7978566912	6.906541572000001	0.0	1.0
274	0.0	-40.64477872000001	-83.9787926488	7.92407616	8.4294616896	0.0	1.0
274	0.0	-86.300184544	-3.0546854799999976	5.3050733568	10.5128363592	0.0	1.0
274	0.0	-55.588445920000005	-68.818909264	8.555428224	9.4336948944	0.0	1.0
274	0.0	71.588954528	-32.2327096	4.903989619200001	9.836470072800001	0.0	1.0
274	0.0	-75.51178633599999	53.52226644799999	5.248337472	10.997236404	0.0	1.0
274	0.0	-79.24091056	5.832953335999999	6.011143756800001	10.7601040008	0.0	1.0
275	0.0	71.01694812800002	-31.427119024	5.0332630656	13.026214605600002	0.0	1.0
275	0.0	-95.567403232	59.316847688	11.5511687424	10.0733410512	0.0	1.0
275	0.0	101.85810320000002	-43.63123307199999	7.771779456000001	9.633262564799999	0.0	1.0
275	0.0	-81.009482848	-41.365082248	9.3456193152	16.2660119328	0.0	1.0
275	3.0	49.43979420799999	-78.80252128000001	9.8567785344	8.100508852799999	0.0	1.0
275	0.0	-80.17435350400001	-19.37503355200001	5.7564579072	8.773516836	0.0	1.0
275	0.0	71.22036790399999	-33.297311824	4.5672566016	9.4218302304	0.0	1.0
275	0.0	-55.930219744	-68.687593576	8.7311056896	8.5307135256	0.0	1.0
275	0.0	-75.32731427200001	53.084681551999985	4.3168250496	9.1233434376	0.0	1.0
275	0.0	30.568945568	76.925818928	13.338617241600002	7.2702639072	0.0	1.0
275	0.0	18.188939552000008	93.53112003200002	12.799465459200002	7.001619760800001	0.0	1.0
275	0.0	-79.36246192	8.26239411199999	5.892952934400001	14.348078942399999	0.0	1.0
275	0.0	-86.186140768	-2.645857311999993	5.637695078400001	10.65607704	0.0	1.0
276	0.0	70.49463478400003	-34.492425352000005	4.5648970752	8.770983026400001	0.0	1.0
276	3.0	67.479088544	-29.940617392	6.091010150400001	15.0323885208	0.0	1.0
276	0.0	-58.461348064000006	-40.983804232	6.1925412864	7.6008456215999995	0.0	1.0
276	0.0	-75.07241392	54.76081671200001	3.7027761792000002	7.941683232	0.0	1.0
276	3.0	48.64792284799999	-78.89401996000001	9.663726374400001	7.427923171200002	0.0	1.0
276	0.0	101.905293728	-43.77260356	7.6952020992	9.382737168	0.0	1.0
276	3.0	50.033250848	-78.759486736	7.260441484799999	7.2013885272	0.0	1.0
276	0.0	-56.118624352	-68.153683696	8.3337399936	6.813072151199999	0.0	1.0
276	0.0	-95.63246896	59.33092440799999	11.402375577600003	10.0443631176	0.0	1.0
276	0.0	-34.847136352	88.550173208	13.8687599232	9.877232232	0.0	1.0
276	0.0	31.371899552000002	76.495071296	13.5270933504	7.579629993599999	0.0	1.0
276	0.0	19.342247455999996	93.31453964	13.075601548800002	7.462672559999999	0.0	1.0
276	0.0	-86.210093536	-2.1758959599999947	5.5410259968	10.488765168	0.0	1.0
276	0.0	-79.51976368000001	8.125447736000002	5.808009984	11.9495868408	0.0	1.0
277	0.0	68.43719926400001	-33.421388056000005	7.6712135808	13.343443545600001	0.0	1.0
277	0.0	101.85309814399999	-43.6599898	7.795017216000001	9.6276519864	0.0	1.0
277	0.0	-73.16870512	56.75146601600001	6.426205900799999	11.5560017496	0.0	1.0
277	0.0	-69.01450864	-33.47548288	7.0278851328	11.7210412368	0.0	1.0
277	0.0	-81.008410336	-41.27479014400001	9.3145164672	16.4229472512	0.0	1.0
277	0.0	69.00634563200002	-35.747063296	6.748174003200001	9.0222323688	0.0	1.0
277	0.0	-80.493604576	-18.695731263999992	5.383795737600001	7.900559100000001	0.0	1.0
277	0.0	-33.547966815999985	88.93748410399999	14.036036044800001	9.9778003416	0.0	1.0
277	0.0	-73.703531104	55.541471384	4.996154150400001	9.2286574128	0.0	1.0
277	0.0	48.42913040000002	-79.017694	8.963840793600001	7.3526529384	0.0	1.0
277	0.0	-57.069227488	-67.165497952	8.1804780288	7.468986974399999	0.0	1.0
277	0.0	-95.50662755200001	59.272807664	11.6103356544	10.1249623944	0.0	1.0
277	0.0	32.2073864	75.781783784	13.0770673152	7.074356184000001	0.0	1.0
277	0.0	-86.335934944	-1.6244907279999923	5.453366016	11.573356334400001	0.0	1.0
277	0.0	20.243515040000002	93.00485180000001	12.670621017599998	7.239295123200001	0.0	1.0
277	0.0	-79.69422563200001	9.206137639999993	5.5468175616	12.018019809600002	0.0	1.0
278	3.0	-57.86753392000001	-65.266347328	7.863336230400001	11.1828681216	0.0	1.0
278	3.0	-58.063446112	-58.981292943999996	6.895715904	16.963251984000003	0.0	1.0
278	0.0	-80.52077488	-12.937146208000005	5.732505139200001	17.165112148800002	0.0	1.0
278	0.0	47.829238688	-79.403999416	8.659461888	7.0223326488	0.0	1.0
278	3.0	67.50876137600002	-32.389966672	8.134074009599999	16.02534024	0.0	1.0
278	0.0	-72.90164963199999	56.36636717600002	5.595080601599999	9.4109710464	0.0	1.0
278	0.0	-69.46496368000001	-19.660790967999997	6.695692416	12.9280194288	0.0	1.0
278	0.0	-59.898514144	-33.632941048	6.302009011200001	18.1563143328	0.0	1.0
278	1.0	-79.047500896	-32.570148687999996	6.989167449599999	11.3328254088	0.0	1.0
278	0.0	-33.39745763199999	89.14984147999999	14.542976716799998	10.108050220800001	0.0	1.0
278	0.0	-72.32106313599999	57.76016355200001	6.830078169600001	12.059264599199999	0.0	1.0
278	0.0	-95.612448736	59.344598936000004	11.5850601216	10.1002879152	0.0	1.0
278	0.0	-81.073476064	-41.21647230400001	9.353448652800001	16.4191666464	0.0	1.0
278	0.0	32.60636086400001	75.389043296	13.5739263744	7.5355095312	0.0	1.0
278	0.0	68.84368131199999	-36.994461783999995	5.3249148288	7.9563431304	0.0	1.0
278	0.0	-86.33772246400001	-1.1046575679999986	5.4634118784000005	11.6176778928	0.0	1.0
278	0.0	21.41469814399999	92.91274983200003	13.178276697600001	7.5298587336	0.0	1.0
278	0.0	-79.64131504	9.677104471999991	5.4141120768	11.487669328800001	0.0	1.0
279	0.0	65.8127624	-33.51067468	6.5281660416	16.0742668968	0.0	1.0
279	0.0	46.653765536	-79.612535968	10.1979446016	7.3105032168	0.0	1.0
279	0.0	-69.730231648	-32.386145848	7.4998619136	11.5661168784	0.0	1.0
279	0.0	-86.64982345600001	0.501697279999995	4.9487491200000004	10.1802034656	0.0	1.0
279	0.0	-58.035203296000006	-65.09099161600001	8.6559940992	10.1228307768	0.0	1.0
279	0.0	-60.53344124799999	-32.718155344	6.225503155200001	17.1306845136	0.0	1.0
279	0.0	-81.08563120000001	-41.24362026400001	9.354449664	16.502219294400007	0.0	1.0
279	0.0	35.25689552	74.69204455999999	12.151131955199999	7.629883884000001	0.0	1.0
279	0.0	68.44613686400001	-37.733087392	4.960439500800001	7.9667397935999995	0.0	1.0
279	0.0	-32.24665225599999	89.543386352	13.45734432	9.7916457744	0.0	1.0
279	0.0	-71.569947232	58.59109222399999	7.17063648	10.7901477432	0.0	1.0
279	0.0	-95.49518742400001	59.357670176000006	11.733031027200001	10.1152092384	0.0	1.0
279	0.0	-69.972261856	-19.196460304000006	6.6695231232	9.837596210400001	0.0	1.0
279	0.0	-79.65347017600001	10.989054775999996	5.582961216	12.079957377600001	0.0	1.0
279	0.0	22.62949673600002	92.28754236799999	12.709660454400002	7.0250474448	0.0	1.0
280	0.0	-58.543573984000005	-66.11034724000001	9.1168167552	9.4639196232	0.0	1.0
280	0.0	-70.508517856	-18.540686248000004	6.5393201664000005	9.475442424	0.0	1.0
280	0.0	45.64560425600002	-79.83092622400001	9.7548898944	7.3115891352	0.0	1.0
280	0.0	-31.36826492799999	89.827937192	13.5135439488	10.168399130400001	0.0	1.0
280	0.0	-81.08205616	-41.214863536	9.4487949696	16.5166378776	0.0	1.0
280	0.0	-86.361317728	1.168129423999993	5.6098455168	10.735349083200001	0.0	1.0
280	0.0	-60.71290825599999	-36.41329434400001	6.2462383872	9.190509501600001	0.0	1.0
280	0.0	-70.162811488	-32.660842984000006	6.9677887104	9.5444384616	0.0	1.0
280	0.0	67.516983968	-38.503486168	5.9277023232	8.5974371784	0.0	1.0
280	0.0	-71.574594784	57.903142807999984	6.0150405504	9.1010217816	0.0	1.0
280	0.0	-95.645696608	59.33474523199999	11.5029772032	10.1272146696	0.0	1.0
280	0.0	36.358365344000006	74.191516616	12.5903256192	7.7068634328	0.0	1.0
280	0.0	23.460693536000008	92.19021190400001	12.382079539200001	7.3594097640000005	0.0	1.0
280	0.0	-79.73784112000001	11.676400904000007	5.4668796672	11.929155487200001	0.0	1.0
281	0.0	-70.48170505600001	-32.494737688	6.92306496	8.3489428512	0.0	1.0
281	0.0	-30.20673443200002	90.380549	13.726187328	10.3818223152	0.0	1.0
281	0.0	66.90565212799999	-40.028799328	5.2866619008	7.613293463999999	0.0	1.0
281	0.0	-70.909994848	-17.863797112	6.2418768384	9.0114737328	0.0	1.0
281	0.0	-81.065610976	-41.280420832000004	9.413259072	16.2951306336	0.0	1.0
281	0.0	44.78652214399999	-80.229900688	9.581285952	6.861274862400001	0.0	1.0
281	0.0	-61.209838816	-35.244323296000005	6.1836751872	8.941532544000001	0.0	1.0
281	0.0	-86.222606176	1.419298328000018	5.9695302912	11.4284264472	0.0	1.0
281	0.0	-95.572050784	59.34419674399999	11.5950344832	10.1654028	0.0	1.0
281	0.0	37.14523164800002	73.654992488	12.1678988928	7.8364295855999995	0.0	1.0
281	0.0	24.564665888	91.82602704800001	12.728071910399999	7.419376591200001	0.0	1.0
281	0.0	-79.73498108800001	12.599431543999996	5.4536877696	11.7179443584	0.0	1.0
282	0.0	-81.057745888	-40.90919761599999	9.423519436800001	17.0847742968	0.0	1.0
282	3.0	-59.688301792	-63.135534112	8.1784760064	10.2265762032	0.0	1.0
282	0.0	-71.46877359999999	-16.868170816	6.454949222400001	9.251019288	0.0	1.0
282	0.0	-95.549528032	59.289900824	11.562179865600001	10.1132787168	0.0	1.0
282	0.0	66.244627232	-40.668284608	5.5403824896	8.0705254392	0.0	1.0
282	0.0	-70.813826272	-32.030004832	7.182434112	8.202363976800001	0.0	1.0
282	0.0	-81.47352304	-14.588144367999996	5.9034278016	8.8896698856	0.0	1.0
282	0.0	-70.39697660799999	59.96015379200001	5.7166319616	9.7390189512	0.0	1.0
282	0.0	-61.5659128	-35.022715504000004	6.459561024000001	9.6110414568	0.0	1.0
282	0.0	25.77588944	91.34058130400003	12.762964300800002	7.6661213832	0.0	1.0
282	0.0	-86.25335152000001	2.0455112719999935	5.740048473600001	11.2929279624	0.0	1.0
282	0.0	-79.76179388799999	13.193871320000005	5.2893789312	11.0429053056	0.0	1.0
283	3.0	-45.22869500799999	-73.308176368	9.8264979456	18.2034914544	0.0	1.0
283	0.0	-81.06382345600001	-40.99486451200001	9.419479641599999	16.978836924000003	0.0	1.0
283	0.0	-27.557272288000004	90.98524467200001	15.721202649599999	10.1230519824	0.0	1.0
283	0.0	43.050482720000005	-80.9387841976	9.853525248	6.8179788936	0.0	1.0
283	0.0	39.97380329600001	72.432127712	12.773260416	8.1546640056	0.0	1.0
283	0.0	-62.231585247999995	-33.992701792	6.4606692864	9.0806306472	0.0	1.0
283	0.0	64.56114089600001	-41.448335992	7.2989446656000005	8.838531172800002	0.0	1.0
283	0.0	-86.223678688	2.8060563439999955	5.873719219200001	10.656780876	0.0	1.0
283	0.0	-79.7807416	13.702443104000002	5.2245277056	10.2948885144	0.0	1.0
283	0.0	26.789413279999987	91.13164256000003	12.477497356799999	7.5344035032	0.0	1.0
284	3.0	-45.74922083199999	-72.607766448	9.5654127744	18.1379341584	0.0	1.0
284	0.0	39.654909728000014	76.30442484	15.301099699199998	17.3344953096	0.0	1.0
284	0.0	-81.687667936	-12.437832288000005	5.7769786368	10.084562208000001	0.0	1.0
284	0.0	-81.056315872	-40.89432396000001	9.492088704	16.9418151504	0.0	1.0
284	0.0	27.92770601599999	90.72220365600002	12.5728079232	7.4679211656	0.0	1.0
284	0.0	42.34798736000001	-81.43477482	10.2855330816	6.918607331999999	0.0	1.0
284	0.0	-95.54345046400002	59.327096135999994	11.5717609728	10.184808564	0.0	1.0
284	0.0	27.88552054399998	93.97674131999999	12.4870069632	14.021519148	0.0	1.0
284	0.0	-86.324494816	3.4360826639999957	5.6069854848	11.453302022399999	0.0	1.0
284	0.0	-27.562634848000013	91.186936512	15.0558877056	9.778293	0.0	1.0
284	0.0	-79.767871456	15.455992775999999	5.2891644288	11.744106947999999	0.0	1.0
284	0.0	64.69127235200004	-42.309436512	5.789705779199999	8.070646096800001	0.0	1.0
285	0.0	-81.0051928	-11.852047088	3.3724103078399996	9.137198952	0.0	1.0
285	0.0	41.592938912000015	71.31964974399999	12.735972748800002	8.3878348176	0.0	1.0
285	0.0	-28.983713248	-86.1241801112	6.933253824	6.9459362784000005	0.0	1.0
285	0.0	-85.244475232	5.043033352000009	3.6203715072000002	10.2183312672	0.0	1.0
285	0.0	64.088163104	-43.37786700799999	5.0499585024	7.4523764448000005	0.0	1.0
285	0.0	-95.622458848	59.46323068	11.497721894400001	10.0970703792	0.0	1.0
285	0.0	-79.83794224	16.148157759999993	5.0162816256	10.510785180000001	0.0	1.0
285	0.0	-26.938790368000003	91.38943273600002	14.790619737600002	9.614299212	0.0	1.0
286	0.0	-67.619885536	63.80388039199999	5.875184985600001	7.9890212304000014	0.0	1.0
286	0.0	-86.309479648	5.283134527999993	5.551679616	11.219085511200001	0.0	1.0
286	0.0	44.21201321600002	70.59750656000001	11.0249943552	8.075834373600001	0.0	1.0
286	0.0	-81.856767328	-11.327596168000003	4.69939008	8.665126092	0.0	1.0
286	0.0	30.214659104000035	90.06239278400001	12.567767116799999	7.859193652799999	0.0	1.0
286	0.0	-81.062035936	-40.636332688	9.5043510912	17.0371346544	0.0	1.0
286	0.0	-73.16513008	-12.032035456	5.8431526272	8.775065275200001	0.0	1.0
286	0.0	-47.775911008	-77.86422968800001	6.8591432448	7.4636780400000005	0.0	1.0
286	0.0	-83.150574304	-10.893228807999998	4.0501270656	7.8062249664	0.0	1.0
286	0.0	-25.784409951999994	91.69850983999999	13.52437632	9.1534676184	0.0	1.0
286	0.0	63.24409616	-44.103831016	5.536485696	7.5862862712000005	0.0	1.0
286	0.0	-85.27021552	5.50333464800001	3.7972644864	10.746871884	0.0	1.0
286	0.0	-95.60351113600001	59.552710952	11.5615721088	10.072556776799999	0.0	1.0
286	0.0	-79.77394902400002	17.162478536000002	5.1976791552	11.334776040000001	0.0	1.0
287	0.0	-86.41601584	6.016926383999992	5.50645536	10.422946447200001	0.0	1.0
287	0.0	-67.056816736	64.38403490400002	5.7520248576	8.138194243200001	0.0	1.0
287	3.0	-47.48490275199999	-70.616938392	7.8635864832	17.0056430208	0.0	1.0
287	0.0	-25.034366560000002	92.12160837600001	13.386951782400002	8.9281395504	0.0	1.0
287	0.0	40.552959776000016	-82.32464696400001	9.030729792	6.4029368592	0.0	1.0
287	0.0	-30.225682144	-85.628252052	7.2478215936	5.6139367032	0.0	1.0
287	0.0	-95.585278432	59.686432344	11.471445350400002	10.108050220800001	0.0	1.0
287	0.0	-48.165590368000004	-77.290510248	7.3964717568000005	7.4608023672	0.0	1.0
287	0.0	-73.739281504	-11.450473272000002	5.827493952	7.567503904800001	0.0	1.0
287	0.0	-82.32652758399999	-10.595211983999995	5.5940080896	9.0124993224	0.0	1.0
287	0.0	44.33356457600003	70.22728137600001	11.9861796096	8.4388729824	0.0	1.0
287	0.0	62.948797856	-44.690435496	5.328096614400001	7.7135197104	0.0	1.0
287	0.0	-79.744276192	17.910347112	5.2016116992	11.0510496936	0.0	1.0
288	0.0	-81.061678432	-40.59773715199999	9.4920172032	16.7451231528	0.0	1.0
288	0.0	-11.480317408000003	56.543495512	4.482385152	13.8350227176	0.0	1.0
288	0.0	44.150880032	74.443452664	14.9973643008	17.8461438624	0.0	1.0
288	0.0	-49.02038243200001	-76.851525128	8.523181363199999	7.8262943472	0.0	1.0
288	0.0	45.42180675199998	69.755703808	12.0881755008	8.3095481448	0.0	1.0
288	0.0	39.844386848	-82.3556030864	8.5635793152	6.7730339376	0.0	1.0
288	0.0	60.92854275200002	-45.65992676	6.908657548800001	7.6467960576	0.0	1.0
288	0.0	-81.88930019200001	-24.826582256	6.195901824	11.7598125456	0.0	1.0
288	0.0	-30.302545504000012	-84.8265098576	5.9129016576	5.932633644	0.0	1.0
288	0.0	-95.55775062400001	59.768270968	11.5303620096	10.120457844	0.0	1.0
288	0.0	-85.861169632	6.685764231999991	5.3417890176	11.0190151008	0.0	1.0
288	0.0	-79.71281584	19.209218728000003	5.216698368	11.276940830400001	0.0	1.0
289	0.0	-64.214659936	-57.739569832	6.268117632	10.0464142968	0.0	1.0
289	0.0	-81.035938144	-40.54465525599999	9.4521555072	16.6267379376	0.0	1.0
289	0.0	-65.23104380800001	-27.459740728000003	6.0276961920000005	7.442482521599999	0.0	1.0
289	0.0	-49.55878345599999	-77.024676232	7.628742105600001	7.535348654400001	0.0	1.0
289	0.0	-82.07019721600001	-24.114508768000004	6.2747314560000005	11.2812442848	0.0	1.0
289	0.0	-64.65617737600002	68.654896856	7.932119999999999	11.589584781600001	0.0	1.0
289	0.0	45.21588444799999	73.7906876	15.0881345664	18.208941155999998	0.0	1.0
289	0.0	-23.368040416000003	92.69914119200001	13.740987993600001	8.4866735016	0.0	1.0
289	0.0	45.236262176000025	69.34324846400001	10.9627171584	8.294305068	0.0	1.0
289	0.0	-31.086909279999993	-84.2978761408	6.9364356096	6.340456332000001	0.0	1.0
289	0.0	-95.563470688	59.888518928	11.5419451392	10.114605950400001	0.0	1.0
289	0.0	59.71088412800001	-45.990938224000004	7.7175818496	7.8774933888000005	0.0	1.0
289	0.0	-83.21456752	-8.877464847999995	5.583139968	9.336364430400002	0.0	1.0
289	0.0	-79.662050272	20.846534912000003	5.1299678976	12.2640808752	0.0	1.0
289	0.0	-86.120717536	7.5542904079999955	5.8527694848000005	10.7952958008	0.0	1.0
290	0.0	-81.028073056	-40.58185801600001	9.4108280448	16.5517693488	0.0	1.0
290	0.0	47.71054736	68.421223304	12.3363190272	8.8209956016	0.0	1.0
290	3.0	-49.520173023999995	-70.50795925599999	9.326671603200001	17.653755319200002	0.0	1.0
290	0.0	34.172943392000015	88.78541084000001	12.552322944000002	8.027410456799998	0.0	1.0
290	0.0	-49.413279327999994	-76.25910376	8.9483608704	8.311880858399999	0.0	1.0
290	0.0	-73.50869142399999	-24.689040040000002	6.6688438656	9.975708943199999	0.0	1.0
290	0.0	34.042811935999985	92.24104450399999	12.6366223872	14.6967592968	0.0	1.0
290	0.0	-64.492798048	-57.339790984	5.973784588800001	10.0485861336	0.0	1.0
290	0.0	-95.541662944	59.871023576	11.5467356928	10.0675494864	0.0	1.0
290	0.0	-83.01722531200001	-8.242805871999996	5.7439810176	9.6350523192	0.0	1.0
290	0.0	-86.209021024	7.761017095999991	5.660360832	11.381430312	0.0	1.0
290	2.0	-22.636229727999996	92.96800654400002	14.5637119488	8.705767593600001	0.0	1.0
290	0.0	-31.478733664	-84.058209928	8.6087678208	6.430245695999999	0.0	1.0
290	0.0	59.33014236800003	-44.463010816	7.267841817600001	12.462622956	0.0	1.0
290	0.0	-79.67134537599999	21.445599895999997	5.190278822400001	11.65703238	0.0	1.0
291	0.0	-81.021995488	-40.66330189600001	9.4106850432	16.431151968	0.0	1.0
291	0.0	-75.17287254400001	-6.61553704	5.2178423808000005	7.591836520800001	0.0	1.0
291	0.0	-62.999861343999996	70.05412282399999	7.965296371200001	11.1668809896	0.0	1.0
291	0.0	35.13462915200002	91.797024536	13.1656925568	14.884824276000002	0.0	1.0
291	0.0	-95.527362784	59.849305208000004	11.563216627200001	10.1290647528	0.0	1.0
291	3.0	36.65795369600001	-83.46189995920001	10.0902643968	7.4609833536	0.0	1.0
291	3.0	-83.10946134400001	-8.133610744	6.194900812799999	8.885225664	0.0	1.0
291	0.0	58.18398454399998	-47.370858976	8.079447398400001	8.7488222472	0.0	1.0
291	0.0	-82.84347836799999	-22.63906741600001	6.3675394944	10.6587717264	0.0	1.0
291	3.0	-34.026307167999995	-62.327776168	8.9637335424	17.7286836888	0.0	1.0
291	0.0	47.42275664000002	72.34681832	14.799593088000002	18.4722160392	0.0	1.0
291	3.0	-63.550059999999995	-52.46180531200001	8.4624414336	19.854489614400002	0.0	1.0
291	3.0	-32.13761353599999	-79.293843496	10.0913726592	12.822423919200002	0.0	1.0
291	3.0	-49.88661462400001	-70.089277384	9.3291741312	19.2624831	0.0	1.0
291	0.0	-32.60844630399999	-83.9942010712	7.0900908288	6.2487163368	0.0	1.0
291	0.0	-86.313412192	8.653481143999995	5.4363488256	11.404214488800001	0.0	1.0
291	0.0	58.024895263999994	-45.071728408	8.6155603968	13.071521534399999	0.0	1.0
291	0.0	-79.599487072	22.295029399999994	5.035515340800001	11.56251726	0.0	1.0
292	0.0	-62.121474016000015	70.85106627200001	7.8845004672000005	10.0229463936	0.0	1.0
292	3.0	-83.612826976	-7.001239168	5.6874953856	9.048073204800001	0.0	1.0
292	3.0	-32.68316464	-79.122107512	9.740661235200001	13.2298243056	0.0	1.0
292	3.0	-63.966909664000006	-53.003155744	8.181264537599999	17.7898973112	0.0	1.0
292	0.0	-82.963599712	-22.178356479999994	5.8292099712	10.121684529600001	0.0	1.0
292	0.0	-81.008410336	-40.704727672	9.4112928	16.3435947696	0.0	1.0
292	0.0	57.705644192000015	-47.04689332000001	7.289470809599999	10.6982669808	0.0	1.0
292	3.0	-34.229726944	-61.989130503999995	9.5083908864	17.884573308	0.0	1.0
292	0.0	-95.52557526400001	59.86297973600001	11.5795903104	10.2121777296	0.0	1.0
292	0.0	-65.13201520000001	-56.539831096	5.7523823616	10.2020626008	0.0	1.0
292	0.0	37.43230735999999	-83.8436002768	7.2219740544	7.2534522816	0.0	1.0
292	0.0	-21.03032176	93.394933352	14.8160740224	8.613363981600001	0.0	1.0
292	0.0	57.82719555200003	-48.697891479999996	7.149829747200001	7.534906243200001	0.0	1.0
292	0.0	36.37552553599999	88.166437352	12.020070988799999	9.03071862	0.0	1.0
292	0.0	50.000717984000005	66.87177862399999	11.42404032	9.2218804776	0.0	1.0
292	0.0	-75.36842723199999	-6.215355999999999	5.1665405568	7.7925102191999995	0.0	1.0
292	0.0	-86.278019296	9.517188463999995	5.553645888	11.0527590096	0.0	1.0
292	0.0	-79.45005040000001	22.971315248000007	4.904597376	11.0579271768	0.0	1.0
293	0.0	-65.57031510399999	-55.919449936	5.4889734144	9.619226064	0.0	1.0
293	0.0	-83.414054752	-6.954987087999999	6.2755179648	9.0943051752	0.0	1.0
293	0.0	-32.940567519999995	-82.3783343824	9.692755699200001	7.0783177751999995	0.0	1.0
293	0.0	-75.590079712	-5.002546023999996	5.194890624000001	7.904641348799999	0.0	1.0
293	0.0	-95.76117039999998	59.82919560799999	11.120841177600001	10.089448840800001	0.0	1.0
293	0.0	-61.324240096000004	71.469838664	8.0805556608	10.63194552	0.0	1.0
293	0.0	36.83849321600003	-84.282130324	7.310813798399999	7.5198642624000005	0.0	1.0
293	0.0	-11.527507935999994	56.324293424	4.3937956607999995	14.3114593608	0.0	1.0
293	0.0	-81.01877795200001	-40.77470908	9.376114406400001	16.238723205600003	0.0	1.0
293	0.0	57.28736451200002	-47.149452280000006	6.855568204800001	12.003319692	0.0	1.0
293	0.0	-83.292503392	-21.435507856	6.445010611200001	11.1973872528	0.0	1.0
293	0.0	-20.101526368	93.638058416	14.1167246976	8.4738435768	0.0	1.0
293	0.0	-79.283453536	25.621961623999997	5.0301527808	14.485367181600001	0.0	1.0
293	0.0	50.931300896	65.910338648	11.5932827136	8.711076528	0.0	1.0
293	0.0	-86.182565728	10.412266760000001	5.545065792	11.0378175768	0.0	1.0
293	0.0	57.29880464000001	-49.062277431999995	6.553334323200001	8.2293309504	0.0	1.0
293	0.0	37.53634102399999	87.87082623200001	12.434632627200001	9.376824945600001	0.0	1.0
294	3.0	36.12920528	-84.3310569808	6.9742595328000005	7.366930754399999	0.0	1.0
294	0.0	-11.522860384000001	56.315445200000006	4.4313693312	14.372109914400001	0.0	1.0
294	0.0	-60.50162339200001	71.79661966399999	8.9346684672	11.3692438944	0.0	1.0
294	0.0	-81.022710496	-40.777926616	9.408790272000001	16.327285884	0.0	1.0
294	0.0	-84.03325168	-20.442093616000005	4.981996992	10.179600177600001	0.0	1.0
294	0.0	-95.62353135999999	59.86157206399998	11.4046993536	10.1024999712	0.0	1.0
294	0.0	-85.977358432	10.841606719999998	5.1501668736	11.4622105752	0.0	1.0
294	0.0	56.61239696	-50.169512008	5.7837354624	7.3171393848	0.0	1.0
294	0.0	-79.245200608	24.920538776000004	4.770533376	11.253774571200001	0.0	1.0
294	0.0	-75.861425248	-3.8375968960000075	5.0811686016	7.398482716799999	0.0	1.0
295	0.0	-18.238930528	94.088118712	13.891354176000002	8.059565707199999	0.0	1.0
295	3.0	35.09172867199999	-84.513886016	6.630161932799999	6.905536092	0.0	1.0
295	0.0	-59.93176201599999	72.69592842399999	8.779225728	12.0084677496	0.0	1.0
295	0.0	-81.013415392	-40.86016743199999	9.444183168	16.3363150944	0.0	1.0
295	3.0	-52.90537839999999	-66.159451904	6.971077747200001	16.2467871552	0.0	1.0
295	3.0	55.426913696	-47.047086968	6.736054617600001	9.767333268	0.0	1.0
295	0.0	-11.563973344000011	55.892145568000004	4.2925862784	14.936928249600001	0.0	1.0
295	0.0	-95.70003721600001	59.79843536800001	11.3028107136	10.1371085928	0.0	1.0
295	0.0	-75.84462256	-2.484213367999997	4.477773350400001	6.925344048	0.0	1.0
295	0.0	55.26389187200004	-51.14743440800001	6.7957220352	6.9887295072	0.0	1.0
295	0.0	53.11922537599998	64.41620281600001	11.4996881664	9.5735169432	0.0	1.0
295	0.0	-86.087827168	11.509453984	5.4322732799999995	10.541894731200001	0.0	1.0
295	0.0	-79.059656032	25.81683109600002	5.2212744192	11.6556649272	0.0	1.0
296	0.0	-81.01699043200001	-40.96955620800001	9.474213504	16.3255564584	0.0	1.0
296	0.0	-85.03033033599999	-18.887606640000005	4.1465458944	9.9301606992	0.0	1.0
296	0.0	53.661916448000014	-52.066033488	8.6310760704	7.3968739488	0.0	1.0
296	0.0	-95.62281635200002	59.686231248	11.4468490752	10.1207997072	0.0	1.0
296	0.0	-59.2778872	72.66657585600001	8.7579184896	11.3796405576	0.0	1.0
296	0.0	40.229418655999986	86.207576112	12.300103872000001	10.119492583200001	0.0	1.0
296	0.0	-17.42453641600001	94.055347512	14.164379980800001	7.668755740800001	0.0	1.0
296	0.0	-76.32653795200001	-2.003586480000001	5.1851307648	7.648967894399999	0.0	1.0
296	0.0	-86.134660192	11.939605775999999	5.617817856	10.5706514592	0.0	1.0
296	0.0	-78.88161903999999	26.685573264000006	5.0459544576	11.537078616	0.0	1.0
296	0.0	54.11701904000002	63.583873919999995	11.0675373312	9.9002175048	0.0	1.0
297	0.0	-75.67373564799999	-20.378524935999998	6.2961101952	9.6460120512	0.0	1.0
297	0.0	-84.504084448	-4.741098880000001	5.8189496064	8.297200850400001	0.0	1.0
297	0.0	-81.039513184	-41.050791544	9.3865177728	16.2370339992	0.0	1.0
297	0.0	-65.955346912	-54.983727904000006	7.0914135936	7.996984631999999	0.0	1.0
297	0.0	-95.84160879999999	59.542052864	10.9828446336	10.0258220664	0.0	1.0
297	0.0	53.58970064000004	-52.012333408	7.2857885184	8.8927868736	0.0	1.0
297	0.0	-16.538284000000008	94.19813312000001	14.398080345600002	7.4620290528	0.0	1.0
297	0.0	54.18851984000002	63.045547375999995	12.866497459200001	10.6195982256	0.0	1.0
297	0.0	-76.337263072	-1.0194152079999947	5.105335872	8.0640903672	0.0	1.0
297	0.0	-86.043139168	13.046847799999993	5.6114900352	10.7834512464	0.0	1.0
297	0.0	-58.218960351999996	73.60389176000001	9.2165603712	10.935600480000002	0.0	1.0
297	0.0	-78.773652832	27.239600191999994	4.8160078848	10.946640650400001	0.0	1.0
298	0.0	-57.50287984000001	74.20457296000001	9.6972602496	11.103033009599999	0.0	1.0
298	0.0	-81.023425504	-41.15414744	9.4300260096	16.2879515064	0.0	1.0
298	0.0	-67.21411849600001	-54.149172056	5.1522761472	8.1573184728	0.0	1.0
298	0.0	-95.59886358399999	59.484949048	11.433514176000001	10.0279939032	0.0	1.0
298	0.0	-11.057032672000002	50.491533736	3.38136578304	5.743422417600001	0.0	1.0
298	0.0	-84.997082464	-3.6348623360000087	5.1806619648000005	8.8864925688	0.0	1.0
298	0.0	-76.29329007999999	0.0009533440000062456	5.2577040768000005	8.9410700232	0.0	1.0
298	0.0	-85.93624547200001	13.354532128000006	5.3002470528000005	10.808809452	0.0	1.0
298	0.0	52.034558240000024	-54.072353383999996	8.7644250624	6.4648543176	0.0	1.0
298	0.0	-78.50409481599999	28.325123847999993	5.0465622144	11.6087492304	0.0	1.0
299	0.0	56.11439388800001	60.82425585600001	8.326303910400002	9.0752010552	0.0	1.0
299	0.0	-10.960864096000002	50.090756855999985	3.28634479488	6.1941791016	0.0	1.0
299	0.0	-84.319969888	-4.005072623999991	5.2475867136000005	8.134373419200001	0.0	1.0
299	0.0	-56.78322428800001	75.0696954	9.1877097984	11.103817284	0.0	1.0
299	0.0	-76.054477408	-20.11809072000001	6.3154511616	7.9645478471999995	0.0	1.0
299	0.0	-85.192637152	-3.1785680640000096	4.6634966784000005	8.861395788	0.0	1.0
299	0.0	43.353288608000014	86.546043024	12.540525312000002	15.2218410624	0.0	1.0
299	0.0	-15.184773856000001	95.27823463200002	15.0847740288	8.9638340904	0.0	1.0
299	0.0	-76.40197129600001	0.8125842480000085	5.161106496	8.7971053968	0.0	1.0
299	0.0	-95.51628016000001	59.38621836000001	11.599717785600001	10.1796202872	0.0	1.0
299	0.0	51.962342432	-52.810669632	7.5415826304	10.254910629600001	0.0	1.0
299	0.0	51.706369568	-54.234429312	7.9284734592	7.4889759168	0.0	1.0
299	0.0	-85.868319712	14.300696255999993	5.3788979328	10.2305981232	0.0	1.0
299	0.0	-78.273147232	29.281946064	5.02918752	11.6937324	0.0	1.0
300	0.0	-80.97659248000001	-41.356636216	9.443825664	16.2235806768	0.0	1.0
300	0.0	-76.229296864	-18.917540152	6.19465056	9.4160587752	0.0	1.0
300	0.0	56.26597558400003	61.24093421600001	7.068354585600001	6.8402000016	0.0	1.0
300	0.0	-85.03605040000001	-16.578190383999996	6.1592219136000015	11.0317444776	0.0	1.0
300	0.0	-10.954071520000005	50.001879871999996	3.1949703475200004	6.2424823607999995	0.0	1.0
300	0.0	-56.756768992	74.06402175199999	7.188332928	8.2188337392	0.0	1.0
300	0.0	44.02039107199999	86.156326424	12.362488319999999	14.907407356799999	0.0	1.0
300	0.0	-76.47204208	2.811284840000004	5.2811205887999995	8.477945935200001	0.0	1.0
300	0.0	-55.621693792000016	75.483759512	9.3984584064	11.02860738	0.0	1.0
300	0.0	-95.68216201600002	59.306591792000006	11.300165183999999	10.0265661216	0.0	1.0
300	0.0	58.04813302400001	59.550923432000005	11.015699251200001	10.1664887184	0.0	1.0
300	0.0	-85.148306656	14.963717216000008	4.2634497024	10.386769276799999	0.0	1.0
300	0.0	-85.148306656	-2.5764791920000074	5.4424978944	8.9331066216	0.0	1.0
300	0.0	-78.22023664000001	29.78388912800001	4.9322324352	11.074457268	0.0	1.0
300	0.0	49.98248528000002	-55.396756744	7.3862471424	6.315862291200001	0.0	1.0
301	0.0	-112.01687727999999	64.11178071200001	7.2618715008	5.492032308000001	0.0	1.0
301	0.0	-12.908903392000004	95.71321272800003	14.6538029568	9.699262272	0.0	1.0
301	0.0	-76.540325344	-17.017987335999997	5.9655262464	10.970430307200001	0.0	1.0
301	0.0	-56.26484348800001	-71.745660448	5.7810899328000005	5.3675739936	0.0	1.0
301	0.0	-56.175109984	74.600746976	6.439505049600001	7.584737832000001	0.0	1.0
301	0.0	-85.26378044799999	-15.924829479999998	6.265257599999999	11.497985553600001	0.0	1.0
301	0.0	-95.394013792	59.246464087999996	11.872529088	10.1786349168	0.0	1.0
301	0.0	-85.269143008	15.300955208000003	4.7446500864	11.189182536	0.0	1.0
301	0.0	-76.65472662399999	2.7059105359999815	5.347723584000001	9.2727175464	0.0	1.0
301	0.0	-77.890975456	30.836224495999996	4.9354142208	11.328019214400001	0.0	1.0
301	0.0	58.97120835200003	59.03651986400002	10.827044390400001	10.1648196216	0.0	1.0
301	0.0	48.86743030399998	-54.505700368	7.9019466624	9.553125808799999	0.0	1.0
302	0.0	-85.255557856	-1.2359732559999992	5.437993344000001	9.039365748	0.0	1.0
302	0.0	-56.85544009600001	-71.149410808	5.4979110144	6.230517148800001	0.0	1.0
302	0.0	-55.24023702400002	76.24671773600001	6.7482097536	9.571888065600001	0.0	1.0
302	0.0	-71.17419030399999	-14.531837488	4.9817109888	7.3770659928	0.0	1.0
302	0.0	-11.00483708800001	50.05295825599999	3.3933993676800003	6.515128317599999	0.0	1.0
302	0.0	-112.068000352	64.104742352	7.2602269824	5.4550708632	0.0	1.0
302	0.0	-11.729140192000003	95.20785848000001	14.003252928000002	8.7654327768	0.0	1.0
302	0.0	-77.605687264	31.352639024000005	4.923866841600001	10.7351882064	0.0	1.0
302	0.0	-76.184608864	3.523365775999991	4.0382579328	8.467167189600001	0.0	1.0
302	0.0	-77.424432736	34.69505563999999	4.9644077952000005	17.443770876000002	0.0	1.0
302	0.0	45.959135264000004	82.60034585599999	12.154742745599998	11.16987732	0.0	1.0
302	0.0	-85.364239072	16.06431562400001	4.8578358528	10.6186932936	0.0	1.0
302	0.0	-95.55381808	59.29492822400001	11.6378992128	10.1327448096	0.0	1.0
302	0.0	-76.975765216	-16.530128440000002	6.104023296	11.0117957544	0.0	1.0
302	0.0	58.47499280000002	62.74714325599999	13.318632768000002	19.74963816	0.0	1.0
302	0.0	48.608597408	-56.401633456000006	7.264588531199999	7.3968940584	0.0	1.0
303	0.0	-80.974089952	-41.448738184	9.469673203200001	16.110846259200002	0.0	1.0
303	0.0	-112.050125152	64.03998944	7.3153898496	5.6403808272	0.0	1.0
303	0.0	-85.301675872	-1.0055172400000076	5.1306829056	8.4454890408	0.0	1.0
303	0.0	-57.249052000000006	-70.69030864	6.1610809344	7.346780935200001	0.0	1.0
303	0.0	59.317272224000014	62.037475472	13.0123233408	19.6878212496	0.0	1.0
303	0.0	-11.045235040000005	49.895902279999994	3.42251449344	6.2245848168	0.0	1.0
303	0.0	28.614113696	-87.420289264	6.8005483392	6.547826527199999	0.0	1.0
303	0.0	-77.02974832	-16.920656872	6.1319801088	9.0577459224	0.0	1.0
303	0.0	-71.37189001600001	-13.536613384	5.428519488	8.2164004776	0.0	1.0
303	0.0	-54.67573820800001	75.931600304	6.7762380672	7.5456045504	0.0	1.0
303	0.0	46.96264899199999	82.250438816	11.976920256	11.222725348800001	0.0	1.0
303	0.0	-85.635584608	16.969649815999993	5.1582107136	10.281254205600002	0.0	1.0
303	0.0	-95.60565616000001	59.311015903999994	11.559963340800001	10.1694850488	0.0	1.0
303	0.0	-77.385107296	37.20714687200001	5.4614813568	20.668043592	0.0	1.0
303	0.0	-76.815960928	4.7080223120000015	5.217341875200001	9.578001384	0.0	1.0
303	0.0	48.35441206400001	-56.49031679200001	6.3765128448	7.8311608704	0.0	1.0
304	0.0	-39.761028832	-78.34623445599999	8.6292528	7.7634920664000004	0.0	1.0
304	0.0	-112.02688739199999	63.98690009600002	7.2779234304000004	5.8995935712000005	0.0	1.0
304	0.0	-76.94358985599999	35.51452183999998	5.4797498112000005	15.533700739200002	0.0	1.0
304	0.0	-85.491510496	0.06753101599999159	5.455153536	9.0288283176	0.0	1.0
304	0.0	-80.929759456	-41.479908064	9.626867712000001	16.1613414648	0.0	1.0
304	0.0	-57.639446368	-70.26740375199999	6.9374723712	7.0577456544	0.0	1.0
304	0.0	-11.090995552000008	49.736232056000006	3.3837181593600003	5.8074111648	0.0	1.0
304	0.0	59.917163935999994	57.949394888000015	6.4252763904	7.5195626184	0.0	1.0
304	0.0	-76.94644988799999	-15.958412512	5.401635187200001	9.5835918528	0.0	1.0
304	0.0	-69.82103766399999	-49.869230992000006	4.9299086592000005	8.68684446	0.0	1.0
304	0.0	-53.91461219199999	75.929991536	6.557874623999999	6.887316794399999	0.0	1.0
304	0.0	-10.02992368	95.87871473599999	14.2911508992	8.13282498	0.0	1.0
304	0.0	-86.082107104	-13.577636968000004	5.715773952	11.177720064	0.0	1.0
304	0.0	-71.597832544	-12.995665144000004	5.2493027328	8.6174462304	0.0	1.0
304	0.0	27.975611552	-86.970839704	6.6005248512	7.740225259200001	0.0	1.0
304	0.0	-76.809168352	6.772876039999995	5.0019099648	8.6915299968	0.0	1.0
304	0.0	47.577555872	-57.727057192	6.605279654399999	6.9697661544	0.0	1.0
304	0.0	-95.499119968	59.28648219200002	11.744935910399999	10.268263404	0.0	1.0
304	0.0	-85.571233888	17.590030976	5.5153572096	11.1864476304	0.0	1.0
305	0.0	61.525574431999985	59.88514498399999	13.276733299199998	20.110002192	0.0	1.0
305	0.0	45.50224515200003	-59.232461848	7.6007137920000005	5.34563442	0.0	1.0
305	3.0	-43.604911840000014	-54.730726792	9.2017597056	17.985121308	0.0	1.0
305	0.0	48.537096608	83.01400032800001	11.70199968	15.583029588	0.0	1.0
305	0.0	61.43298089600002	57.01470068000001	7.9931101824	6.801086829600001	0.0	1.0
305	0.0	-112.012229728	64.146771416	7.185258393599999	5.980735807199999	0.0	1.0
305	0.0	-70.09131068800001	-49.163182936	5.1622862592	8.5131176256	0.0	1.0
305	0.0	-11.07026032000001	49.70928519200001	3.43069776	5.8509082296	0.0	1.0
305	0.0	-85.998451168	-13.177455928000002	5.872253452800001	11.3772676248	0.0	1.0
305	0.0	-6.866728288000001	95.990323016	9.573277862400001	6.7201859087999996	0.0	1.0
305	0.0	-9.287387871999998	95.92014051200002	14.473692441599999	8.4062753208	0.0	1.0
305	0.0	-80.99482518399999	-41.475483952000005	9.4867976448	16.1125354656	0.0	1.0
305	0.0	27.22127811200002	-86.4390614416	6.7085983104	8.9690424768	0.0	1.0
305	0.0	-77.47305328000002	-15.067557231999999	6.3848784384	9.537018019200001	0.0	1.0
305	0.0	62.54303081599999	55.30377591199999	11.302631961600001	10.784557274400001	0.0	1.0
305	0.0	-85.57588144	0.8160103280000164	5.2323927936	8.8633464192	0.0	1.0
305	0.0	-76.869944032	7.586711551999999	4.813719859200001	8.6435686008	0.0	1.0
305	0.0	-71.99573449600001	-11.862690280000002	5.243975923200001	9.409422607200002	0.0	1.0
305	0.0	-76.78021052800001	39.42040944800001	5.72363904	19.8201424176	0.0	1.0
305	0.0	-85.349223904	17.827927544000005	5.324843328	11.2384912752	0.0	1.0
305	0.0	-95.515922656	59.223539144	11.681621952	10.2770915184	0.0	1.0
306	0.0	-84.933089248	1.2425349440000075	3.7526837376	9.2131529112	0.0	1.0
306	0.0	-112.10410825599999	64.32373589599999	7.087159296	6.0391541952	0.0	1.0
306	0.0	-44.628445792	-59.65918756	4.7712126336	6.1510239	0.0	1.0
306	0.0	-81.047378272	-41.524551376	9.4517622528	16.0431573456	0.0	1.0
306	0.0	-70.320470752	-48.820314256	5.375751897600001	8.9711338752	0.0	1.0
306	0.0	-51.573676000000006	78.809082968	6.9239229696	8.4572129376	0.0	1.0
306	0.0	-11.016277216	49.65539146399998	3.55602793728	6.047881761599999	0.0	1.0
306	0.0	27.152637343999995	-86.4893354416	5.3908743168	8.896708245600001	0.0	1.0
306	0.0	49.882026656000015	78.802848992	11.1554833152	8.855021044799999	0.0	1.0
306	0.0	-76.984345312	8.134094863999994	5.0715159936	9.3870004032	0.0	1.0
306	0.0	-95.58670844800001	59.27984602399999	11.5778027904	10.182174206400001	0.0	1.0
306	0.0	-8.321769567999997	95.89118268800001	14.3168554368	8.7341422392	0.0	1.0
306	0.0	-76.50028489600001	35.291506376	5.192388096	10.915832743200001	0.0	1.0
306	0.0	-85.227672544	18.532769024	5.6010509184	11.331558504	0.0	1.0
307	0.0	64.358793632	53.394771584	11.107828032	10.4250579552	0.0	1.0
307	0.0	-69.89861603199999	-48.842635912000006	7.1642729088	8.7798111408	0.0	1.0
307	0.0	-7.293588063999993	95.62814912000002	14.156300390399998	7.708049899200001	0.0	1.0
307	0.0	26.382931232000008	-86.9369952472	5.598262387200001	8.4703847256	0.0	1.0
307	0.0	-11.096358111999995	49.51784179999999	3.54504898944	5.5064307816	0.0	1.0
307	0.0	-76.286497504	36.02329472	5.4150058368	10.796039856	0.0	1.0
307	0.0	-50.307396831999995	79.462242776	8.3617683072	9.536676156	0.0	1.0
307	0.0	-81.02485552	-41.511480136	9.462952128000001	16.045490059200002	0.0	1.0
307	0.0	-112.09338313600001	64.24430297599999	7.0981346688	6.2622500976	0.0	1.0
307	0.0	-76.20963414399999	41.131535312000004	5.64141312	19.7557313688	0.0	1.0
307	0.0	50.713938464000016	78.888515888	11.3920794624	10.7767145304	0.0	1.0
307	0.0	44.230960928000016	-60.19108648	7.169420966399999	6.2182100736	0.0	1.0
307	0.0	-95.634613984	59.29472712800001	11.4785954304	10.1155511016	0.0	1.0
307	0.0	-76.991137888	8.883378559999999	5.0449891968	9.427159274400001	0.0	1.0
307	0.0	-85.14151408000001	19.262144215999996	5.4522577536000005	11.3443079904	0.0	1.0
308	0.0	-73.022843488	-8.975152816000001	4.7150845056	9.5784437952	0.0	1.0
308	3.0	-48.85950563200001	80.826075848	10.024626662400001	11.106532080000001	0.0	1.0
308	0.0	-6.495639135999994	95.721859856	14.498932224	7.7492142504	0.0	1.0
308	0.0	25.884213152000004	-86.7895114408	4.7385010176	9.7001269848	0.0	1.0
308	0.0	-112.08659056000002	64.326350144	7.1049987456000006	6.198784200000001	0.0	1.0
308	0.0	-71.25963376	-48.118087024	6.4820122752	7.865769492000001	0.0	1.0
308	0.0	-81.025928032	-41.502833008	9.389306304	16.0278338304	0.0	1.0
308	0.0	43.68540982400001	-60.558488872000005	6.555372096	6.608135217599999	0.0	1.0
308	0.0	65.697646112	52.53025988000002	10.337299660800001	10.6170040872	0.0	1.0
308	0.0	-75.800649568	37.373051072	5.2922389632	12.009151476000001	0.0	1.0
308	0.0	-76.828831072	10.949237767999994	4.9055983872	10.3662574848	0.0	1.0
308	0.0	-85.282013152	20.068338080000007	5.6784505344000005	11.3011527888	0.0	1.0
308	0.0	-95.590640992	59.32730468	11.6559174144	10.175155956000001	0.0	1.0
309	0.0	-46.35233008	-49.39022031999999	4.7904820992	12.0638294784	0.0	1.0
309	0.0	42.126692384	-61.900000288	6.242019840000001	6.0642710856	0.0	1.0
309	0.0	53.88678646400001	76.112385608	8.3183673216	7.8579468576	0.0	1.0
309	0.0	-46.701253984000004	-56.927901688	4.1525519616	6.9940384416	0.0	1.0
309	0.0	-11.053100128000004	49.550620448000004	3.3780588710400004	5.4384804432000005	0.0	1.0
309	0.0	66.67363203200001	51.377175416000014	10.5107248512	10.8412261272	0.0	1.0
309	0.0	-112.10625327999999	64.411212656	7.1000651904	6.2819977248	0.0	1.0
309	0.0	-81.060248416	-41.48111464	9.5486100864	16.220524017600003	0.0	1.0
309	0.0	64.9636904	53.16753310400001	6.9077637888000005	6.804123379200001	0.0	1.0
309	0.0	-5.65979478399999	95.328918272	14.8379532672	6.8427740304	0.0	1.0
309	0.0	-75.595799776	39.19256768	5.724997555200001	13.421026382400001	0.0	1.0
309	0.0	-47.835256672	81.5272976	9.9866597376	10.0220012424	0.0	1.0
309	0.0	-76.882456672	11.621099504000002	4.9008078336	9.4639397328	0.0	1.0
309	0.0	-85.107908704	21.427344848000004	5.5605099648000005	10.1123938944	0.0	1.0
309	0.0	-95.62925142399999	59.407541984000005	11.5106635392	10.1763022032	0.0	1.0
310	0.0	-71.01116848000001	-41.220494224	6.622010841599999	19.767113402400003	0.0	1.0
310	0.0	-74.9991256	43.036718816	5.3978813952	19.01061036	0.0	1.0
310	0.0	-73.61451260800001	-7.051870672000004	4.0684670208	8.541854244	0.0	1.0
310	0.0	41.11531356800002	-62.360510127999994	6.4896271104	5.8276012032	0.0	1.0
310	0.0	-81.065253472	-41.500620952	9.3717171072	16.030910599200002	0.0	1.0
310	0.0	-10.980526816	49.545593048	3.3480213849600005	5.567966157600001	0.0	1.0
310	0.0	-75.20969545599999	39.28004444000002	5.4082847616	11.914837452	0.0	1.0
310	0.0	-4.530082143999998	95.483963288	14.049907200000002	6.3661362912	0.0	1.0
310	0.0	-76.87244656	12.483399151999999	4.9533609216	9.3403461312	0.0	1.0
310	0.0	-85.047848032	21.990815840000003	5.8046136960000005	10.6820385336	0.0	1.0
310	0.0	-95.55417558399999	59.340577016	11.658741696	10.1530555056	0.0	1.0
310	0.0	67.679290784	50.107455271999996	10.2000538752	10.4751107496	0.0	1.0
311	0.0	66.829503776	51.44997216800001	6.288960115200001	6.8644722888	0.0	1.0
311	0.0	23.229745951999988	-88.4713778368	5.4159353472000005	8.2786396896	0.0	1.0
311	0.0	54.980033695999985	74.907418376	9.9396122112	8.214389517599999	0.0	1.0
311	0.0	40.367772704	-63.26966514400001	6.663588556800001	6.272888076	0.0	1.0
311	0.0	-10.945491423999991	49.192267376	3.2512951027200008	4.8514812192	0.0	1.0
311	0.0	68.40681142400001	49.61818870400001	10.0665261312	10.738968811200001	0.0	1.0
311	0.0	-81.092423776	-41.449542568	9.4585905792	16.199529595199998	0.0	1.0
311	0.0	-76.931077216	13.430360215999984	4.9649798016	9.7201561464	0.0	1.0
311	0.0	-74.98840048000001	39.965982896	5.7355439232	10.477081490400002	0.0	1.0
311	0.0	-3.77431868799999	95.68867901599998	14.2864318464	7.0371735336	0.0	1.0
311	0.0	-71.326844512	-40.73866820800001	6.8652923136	19.7971169256	0.0	1.0
311	0.0	-74.107510624	-5.330690008000005	4.3320189696	9.7358818536	0.0	1.0
311	0.0	-84.969554656	22.530557504000008	5.8060794624000005	11.4122583288	0.0	1.0
311	0.0	-95.60136611200001	59.322880567999995	11.5932469632	10.1426990616	0.0	1.0
312	0.0	69.766041632	48.359931032000006	9.4938047232	10.351014408000001	0.0	1.0
312	0.0	22.83077148800002	-87.76647602800001	5.0780583168	9.4439507904	0.0	1.0
312	3.0	-61.11331273600001	-64.80925612	8.5962551808	11.075402419200001	0.0	1.0
312	0.0	56.48655555200002	74.08775108	8.462334182400001	8.3437143552	0.0	1.0
312	0.0	39.21303478400002	-63.953994832	6.6205450752	6.140345702399999	0.0	1.0
312	0.0	-2.674278879999996	95.910890096	14.261013312	7.3377517248	0.0	1.0
312	0.0	-74.290910176	-4.612978383999998	4.4240762496	9.4831444008	0.0	1.0
312	0.0	-81.131749216	-41.528171104	9.2966412672	15.9343241904	0.0	1.0
312	0.0	-84.953466976	21.85668480800002	5.4845761152	9.1697563944	0.0	1.0
312	0.0	-76.81024086400001	15.238414352000008	4.7238433535999995	10.3538699712	0.0	1.0
312	3.0	-44.25306659200001	-68.436625768	9.3862317696	17.8510103856	0.0	1.0
312	0.0	-10.887575776000004	49.060750592	3.3994697856000005	4.6261732608	0.0	1.0
312	0.0	-71.538129376	-40.016532472	6.776381068800001	19.586307988799998	0.0	1.0
312	0.0	-74.782478176	40.00399004	4.9330904448	9.867479076	0.0	1.0
312	0.0	-95.55417558399999	59.321070704000014	11.7081844992	10.2273805872	0.0	1.0
313	3.0	-44.813632864	-67.985366344	9.363387264	18.491360378400003	0.0	1.0
313	0.0	-112.09016560000002	64.594411112	7.0738601472000004	7.289830548	0.0	1.0
313	0.0	68.79577577599999	49.061554976	6.154610112000001	7.020965196000001	0.0	1.0
313	0.0	20.774765984	-88.4209630696	7.246999334400001	9.274024670400001	0.0	1.0
313	0.0	56.56341891199999	73.35415287200001	9.7711920768	8.4011674824	0.0	1.0
313	3.0	-61.69139670399999	-64.507209928	8.4864657024	9.21824064	0.0	1.0
313	0.0	-44.706024159999984	-75.481018648	9.352483392	7.286653231200001	0.0	1.0
313	0.0	20.70791273599999	-89.8535307544	7.3643678976	7.2646935479999994	0.0	1.0
313	0.0	37.60462428800003	-64.262677192	7.9830285696	6.098718830399999	0.0	1.0
313	0.0	-81.113874016	-41.565776056	9.3370034688	15.8096245608	0.0	1.0
313	0.0	-95.617453792	59.340979208	11.6536293888	10.1388782376	0.0	1.0
313	0.0	-74.01420207999999	46.24138467200001	5.9640247296	20.428337159999998	0.0	1.0
313	0.0	-10.921896159999996	49.09554020000001	3.35139622272	4.619356106400001	0.0	1.0
313	0.0	-74.46894716800001	-3.587589879999991	4.688343206400001	8.9946621072	0.0	1.0
313	0.0	-84.65495113600001	23.36973111200001	5.5124971776	11.3010120216	0.0	1.0
313	0.0	-76.81453091200001	16.291554103999996	4.7774689536	9.3043499472	0.0	1.0
314	0.0	72.89634665599999	44.72813727200002	6.9983910528000015	7.6981358664	0.0	1.0
314	0.0	71.300091296	46.038076616	10.0484006784	10.3492447632	0.0	1.0
314	0.0	-83.88846256	24.310056008000007	4.1466173952	11.6443432224	0.0	1.0
314	0.0	-85.129716448	6.583644704000006	3.5943094656000003	9.392771858400002	0.0	1.0
314	0.0	56.669955104000024	73.947587168	11.086735296	11.3141033712	0.0	1.0
314	0.0	-83.88131248	23.078544104000006	3.6500800896	9.325927548000001	0.0	1.0
314	0.0	-95.74508272	59.337158384	11.3699142144	10.0767596832	0.0	1.0
314	0.0	-81.125671648	-41.614441288	9.264608908800001	15.685709205600002	0.0	1.0
314	0.0	-79.134374368	-9.187309095999996	5.790134784	8.247389371199999	0.0	1.0
314	0.0	36.78951516799998	-65.22532374400001	6.1614384384	5.7604351392	0.0	1.0
314	0.0	-74.36634352	41.67208136000001	4.5602495232	9.8929981584	0.0	1.0
314	0.0	-74.4628696	-2.603426056000009	4.403198016	9.6608127168	0.0	1.0
314	0.0	-10.907596000000009	49.16029311200001	3.40246924416	4.665588076800001	0.0	1.0
314	0.0	-76.730874976	16.941697472000012	4.7309576832	9.1686905856	0.0	1.0
315	0.0	-46.018063839999996	-73.9299652	7.8876465024	7.2433974816	0.0	1.0
315	0.0	71.71729846400001	45.26063947999999	10.614007756800001	11.0189949912	0.0	1.0
315	0.0	-84.390398176	25.325389711999996	5.751881856	11.5684093728	0.0	1.0
315	0.0	-10.927258720000005	49.139178032	3.3692249472	4.677291864	0.0	1.0
315	0.0	-0.034826848000004566	95.63639405600003	14.1984858624	6.355437984	0.0	1.0
315	0.0	-95.53558537600001	59.35746908000001	11.7293129856	10.1264303952	0.0	1.0
315	0.0	-76.623623776	19.785597103999994	4.819725926399999	7.752854088	0.0	1.0
315	0.0	-81.116734048	-41.45999956	9.2774790528	15.975971172000001	0.0	1.0
315	0.0	36.251114144	-65.680806184	5.914867929600001	6.273491364	0.0	1.0
315	0.0	-74.64734166400001	-1.5758254959999984	4.1070774528000005	8.9866182672	0.0	1.0
316	0.0	-86.60406294399999	7.722049160000005	4.6436552064	8.479816128000001	0.0	1.0
316	0.0	-74.124313312	-42.937250776000006	4.7633117952	6.763300891200001	0.0	1.0
316	0.0	-85.35422896	8.074771543999983	3.9425898624	9.430799112	0.0	1.0
316	0.0	-73.373197408	43.50728345599999	4.84060416	10.3296580128	0.0	1.0
316	0.0	72.20135888000002	44.62879584799999	10.9684372224	11.7488125944	0.0	1.0
316	0.0	-46.176080607999985	-73.714993576	8.334669504	7.0512703632	0.0	1.0
316	0.0	18.53643344000002	-88.813884544	7.3404866304	9.915440472	0.0	1.0
316	0.0	-95.61495126400001	59.354452640000005	11.564539392	10.078247793600001	0.0	1.0
316	0.0	-10.948708959999998	49.168940240000005	3.32868756864	4.6581274152	0.0	1.0
316	0.0	-81.131749216	-41.494789168000004	9.225676723200001	15.9927827976	0.0	1.0
316	0.0	-75.12639702400001	0.07074855199999679	4.9617265152000005	10.0566701928	0.0	1.0
316	0.0	-84.134782816	26.567760800000016	5.458371072	10.14127128	0.0	1.0
316	0.0	35.22078761600002	-66.186562624	5.8708949376	6.062943851999999	0.0	1.0
316	0.0	-76.625411296	21.50999530400001	4.822371456	10.165885430400001	0.0	1.0
317	0.0	-86.397425632	8.231626423999982	5.3245930752	8.494978766400001	0.0	1.0
317	0.0	-47.01192496000001	-73.019804704	7.9218953856	7.586447148	0.0	1.0
317	0.0	-73.31742678399999	44.10473967199999	4.435194624	8.9905195296	0.0	1.0
317	0.0	-85.028185312	8.153601176000006	3.38576308224	8.7489429048	0.0	1.0
317	0.0	-72.667484512	53.12892267199999	5.4117168	13.432891046399998	0.0	1.0
317	0.0	-84.347140192	26.876845352000007	5.5208270208000005	10.0321163712	0.0	1.0
317	0.0	-10.976594272	49.11363884	3.22960891008	4.5863160336	0.0	1.0
317	0.0	-81.06382345600001	-41.619468688	9.357273945600001	15.8728491432	0.0	1.0
317	0.0	34.488619424	-66.758077456	5.248337472	5.8525169976	0.0	1.0
317	0.0	-95.671436896	59.350229624000015	11.4340146816	10.0680321168	0.0	1.0
317	0.0	-75.18181014400001	1.1252959760000083	4.7244868608	10.4895092232	0.0	1.0
317	0.0	-76.431644128	21.188442799999997	4.8033164928000005	8.446534739999999	0.0	1.0
318	0.0	-73.814357344	-40.519473568	6.7490677632	11.2342682592	0.0	1.0
318	0.0	-39.139686880000006	85.638906416	9.2912787072	8.862602364	0.0	1.0
318	0.0	-11.036654943999991	49.087898552	3.20008622976	4.5824348808	0.0	1.0
318	0.0	-47.717995359999996	-73.033680328	7.565499648	7.190086932	0.0	1.0
318	0.0	-95.733285088	59.354452640000005	11.3363088384	10.095099638399999	0.0	1.0
318	0.0	-72.968860384	44.169291488000006	4.1666376192	8.5433423544	0.0	1.0
318	0.0	-81.064895968	-41.528774392	9.3056861184	15.9889619736	0.0	1.0
318	0.0	-84.309244768	27.810534079999993	5.4285552384	10.4692186368	0.0	1.0
318	0.0	-75.18324016000003	2.1683809280000017	4.6109435904	9.6930685152	0.0	1.0
318	0.0	33.56018153600001	-67.113414088	6.388524979200001	6.4677702096	0.0	1.0
318	0.0	-75.98798166399999	22.11991947200002	4.842212928	9.000614548800002	0.0	1.0
319	0.0	-72.587046112	46.081312256000004	4.1944871808	8.8595658144	0.0	1.0
319	0.0	-71.864530528	55.383812119999995	4.7151202560000005	11.7908014392	0.0	1.0
319	0.0	-85.157244256	10.08191071999999	3.3642163161600003	9.3974976144	0.0	1.0
319	0.0	-10.98803439999999	49.00565028799999	3.204040224	4.4825706072	0.0	1.0
319	0.0	-75.85999523199999	24.073969304000006	4.6034360064	6.617566620000001	0.0	1.0
319	0.0	74.99561014399998	41.287384712000005	9.7769478912	10.8827524512	0.0	1.0
319	0.0	-81.031648096	-41.54747632	9.33711072	15.838622604000001	0.0	1.0
319	0.0	-95.86448905600001	59.36812716799998	11.0493403776	10.0384307856	0.0	1.0
319	0.0	-39.20654012799999	85.389748472	7.371553727999999	7.4687456592	0.0	1.0
319	0.0	-73.815072352	-40.18967612800001	7.126413235200001	10.4373047016	0.0	1.0
319	0.0	-75.159644896	3.4358890159999977	4.5633955584	9.1152995976	0.0	1.0
319	0.0	-84.217008736	28.194024152	5.480357568	10.8990412272	0.0	1.0
319	0.0	32.35074550399999	-67.475185792	6.560126899200001	6.275301228	0.0	1.0
320	0.0	61.512346784000016	71.935822784	10.7797108608	16.8712706736	0.0	1.0
320	0.0	-38.90123171199999	86.074279256	7.332764544000001	8.0958836448	0.0	1.0
320	0.0	-10.997687008000005	48.868100624	3.19810923264	4.299975439200001	0.0	1.0
320	0.0	-48.33147222399999	-72.099589408	7.385818137600001	7.033634244	0.0	1.0
320	0.0	-79.88799279999999	-4.924073896000004	5.6505652224	8.190841176000001	0.0	1.0
320	0.0	-83.930290528	29.787307759999994	5.4635191296	9.8029473696	0.0	1.0
320	0.0	-85.7510584	10.819731943999997	4.7697468672	9.601931808	0.0	1.0
320	0.0	-95.74830025600001	59.33353865600001	11.2696343424	10.0500340248	0.0	1.0
320	0.0	-81.041300704	-41.504039584000004	9.314409216	16.091903016	0.0	1.0
320	0.0	-65.348662624	-59.509773232	6.7020559872000005	9.2382094728	0.0	1.0
320	0.0	75.72885084800001	40.24631071999999	9.9565936512	11.8597572576	0.0	1.0
320	0.0	-75.72986377599999	25.091917256000002	4.9949386368	8.1954060552	0.0	1.0
320	0.0	-75.41740528	3.846929240000006	4.872672268800001	9.457263345600001	0.0	1.0
320	0.0	-74.079982816	-39.86209074400001	7.061776512	11.096175636	0.0	1.0
320	0.0	31.268938400000003	-67.665623704	7.5180588672	7.562114532	0.0	1.0
321	0.0	-55.675319392	-46.420836783999995	4.6905597312	8.5791977712	0.0	1.0
321	0.0	-62.598741856	-90.7964095696	5.7202070016	6.245116718399999	0.0	1.0
321	0.0	75.19509737600002	43.30940499200001	12.6752685696	20.719323071999998	0.0	1.0
321	0.0	-54.831967456	-47.13090676	4.8353846016	8.398372248	0.0	1.0
321	0.0	-71.40442288	47.89660584800002	4.7369995008000005	9.2015295624	0.0	1.0
321	0.0	-85.21265737600001	11.645633215999998	3.6315256320000002	9.1844766216	0.0	1.0
321	0.0	-83.800159072	30.011328704000018	5.607164236799999	10.8772022016	0.0	1.0
321	0.0	-95.562398176	59.334946327999994	11.6479093248	10.1321013024	0.0	1.0
321	0.0	14.537036192000011	-90.2484631888	7.2549001728	9.1771567272	0.0	1.0
321	0.0	-81.03736816	-41.524149183999995	9.2745832704	16.108654312800002	0.0	1.0
321	0.0	-48.61282787200001	-71.52385156	8.1465151488	7.160485600800001	0.0	1.0
321	0.0	-79.67527792000001	-4.022761623999997	5.274256512000001	8.7157419552	0.0	1.0
321	0.0	-74.43033673599999	-39.300429615999995	7.0238095872	11.3204378952	0.0	1.0
321	0.0	-75.57184700799999	25.263653239999982	5.0181763967999995	8.1272546208	0.0	1.0
321	0.0	-75.55790435200002	4.768753303999993	4.8088220544	10.102097779200001	0.0	1.0
321	0.0	30.810975776000024	-68.462969344	7.013656473600001	6.7615915752	0.0	1.0
322	0.0	-75.58721968	26.64216632000001	4.236958656	7.3615011624	0.0	1.0
322	0.0	-95.60851619200001	59.28969972799998	11.575336012800001	10.1771266968	0.0	1.0
322	0.0	-56.546914144	-45.903014584	4.2498288	8.8907356944	0.0	1.0
322	0.0	-10.978381791999995	48.772982215999996	3.1823576064	4.1412503664	0.0	1.0
322	0.0	-85.06786825600001	11.997350119999997	3.33315636864	8.968700613600001	0.0	1.0
322	0.0	-81.136039264	-41.354021968	9.21109056	16.2418804128	0.0	1.0
322	0.0	-71.35937737600001	48.53126482399999	4.1004636288	9.380424564	0.0	1.0
322	0.0	-48.615687903999984	-69.99894059200001	7.1371026048	8.9153498448	0.0	1.0
322	0.0	-74.77318307200001	-38.782205223999995	7.496465625599999	11.1738389112	0.0	1.0
322	0.0	-83.98320112	31.233791288000003	5.3974881408	9.91302732	0.0	1.0
322	0.0	-49.67068220800001	-70.977473728	6.724828992	7.2132531912	0.0	1.0
322	0.0	29.69055824000002	-68.889292864	6.445618368000001	6.873722704799999	0.0	1.0
322	0.0	-75.628690144	6.464394776000004	4.7071479168	10.0106795376	0.0	1.0
323	0.0	-75.49891619200001	16.502101615999997	3.8659052544	11.1022688448	0.0	1.0
323	0.0	-75.043098592	-34.402937632	6.735196607999999	18.1798425648	0.0	1.0
323	0.0	-50.79217225599999	-71.45929974399999	6.260824550400001	5.6936109384	0.0	1.0
323	0.0	-80.06102473600001	-2.4606478959999896	5.674231987200001	8.6958736704	0.0	1.0
323	0.0	-56.810394591999994	-45.049160968	4.5049079039999995	9.248485478400001	0.0	1.0
323	0.0	-10.978739296000002	48.759910976000015	3.2027460595200004	4.1131572552	0.0	1.0
323	0.0	-85.065365728	12.648901159999992	3.24430589952	9.082299744	0.0	1.0
323	0.0	-81.069901024	-41.531589735999994	9.2347573248	15.972592759200003	0.0	1.0
323	0.0	-86.477149024	12.89725471999999	5.106408384000001	8.667438696	0.0	1.0
323	0.0	-75.128542048	28.16164769600001	5.2794045696000005	7.8920527392	0.0	1.0
323	0.0	65.253626144	65.436400064	9.041991168000001	8.890011748800001	0.0	1.0
323	0.0	28.156866079999997	-69.781555816	6.674885683200001	6.237676166400001	0.0	1.0
323	0.0	-71.06300656	49.25521042399999	4.134069004800001	9.4006950408	0.0	1.0
323	0.0	-83.7669112	31.373553008	5.1379044864	10.420493076	0.0	1.0
323	0.0	-75.74559395200001	7.709983400000008	4.6117300992	10.2647241144	0.0	1.0
323	0.0	76.39202076800001	41.032797175999995	12.175477977600002	20.835757656	0.0	1.0
324	0.0	-50.872610656	-70.640637928	7.091270592	6.5168376336	0.0	1.0
324	0.0	-95.856981472	59.26637259200001	10.9624311552	10.1099606328	0.0	1.0
324	0.0	-112.108398304	65.713309256	6.879234969600001	6.8484449376	0.0	1.0
324	0.0	-86.242268896	13.423925143999996	5.386870272	8.700941289600001	0.0	1.0
324	0.0	66.17741648	64.92521403199999	8.1111937536	8.8657997904	0.0	1.0
324	0.0	-10.957289056000011	48.70018546400001	3.2564789107200003	4.100990947200001	0.0	1.0
324	0.0	-34.356640863999985	87.82220568800001	8.4079220736	8.1596109672	0.0	1.0
324	0.0	-83.63820976	30.894542336000004	4.9107106944	9.0131428296	0.0	1.0
324	0.0	-74.906889568	29.00182678399999	5.0471342208	7.941803889600001	0.0	1.0
324	0.0	-81.07133104	-41.561150848000004	9.234614323199999	15.942066386399999	0.0	1.0
324	0.0	27.607382432000012	-70.306617472	7.5224919168	6.0042841488	0.0	1.0
324	0.0	-75.10387427200001	-38.453011071999995	7.2976934016	9.361119348	0.0	1.0
324	0.0	-70.55320585599999	49.860509384	3.844776768	9.05133096	0.0	1.0
324	0.0	-75.776339296	8.583745520000003	4.5057659136	9.410930827200001	0.0	1.0
325	0.0	-82.645063648	32.475357992	4.9089589248	11.4536841048	0.0	1.0
325	0.0	-62.635564768	-90.6854649064	5.7918508032	6.1096182336	0.0	1.0
325	0.0	-85.237682656	14.202568856000006	3.6829704576	9.890223033600002	0.0	1.0
325	0.0	-33.25552854400001	87.97624522400001	8.0983236096	7.3767643488	0.0	1.0
325	0.0	-80.99804272	-41.656671448	9.2948537472	15.862372041599999	0.0	1.0
325	0.0	-50.97521430400001	-70.293747328	8.0325071232	6.1847678088	0.0	1.0
325	0.0	-10.982314335999995	48.678869287999994	3.18556084224	4.127314413600001	0.0	1.0
325	0.0	65.799177248	67.48214967199999	10.7953337856	16.273794348	0.0	1.0
325	0.0	-74.719557472	29.542775024	5.0989008	7.595174714400001	0.0	1.0
325	0.0	-69.962251744	50.998511648	4.0061540736	9.4598172648	0.0	1.0
325	0.0	-83.780853856	32.22398799200002	4.5968936832	11.166740222400001	0.0	1.0
325	0.0	25.769811872000016	-71.09149516	8.415822912000001	5.6271688200000005	0.0	1.0
325	0.0	-75.81101718400001	9.248769991999998	4.4367676415999995	9.952964985600001	0.0	1.0
326	0.0	-83.069063392	32.91052973599999	5.298102028800001	11.187573768	0.0	1.0
326	0.0	-58.38698723200001	-43.887831567999996	4.4523905664	7.913831436	0.0	1.0
326	0.0	-52.20252553599999	-69.805687336	6.9698622336	6.076135749600001	0.0	1.0
326	0.0	-95.45836451200002	59.15395992799999	11.7372495744	10.369897322400002	0.0	1.0
326	0.0	-80.990535136	-41.472467511999994	9.28437888	16.1440270992	0.0	1.0
326	0.0	11.158980895999996	-92.15581852960001	6.367575244799999	7.188820027199999	0.0	1.0
326	0.0	-10.980884319999985	48.65091694400001	3.2004258585600005	4.1539797432	0.0	1.0
326	0.0	-74.200819168	38.47465496	4.558712256000001	12.3441975216	0.0	1.0
326	0.0	-31.919178592000005	88.05185732	9.1864942848	7.387060464000001	0.0	1.0
326	0.0	-80.33880534400001	1.7629713920000023	5.5782421632000005	12.790992614399999	0.0	1.0
326	0.0	-68.39030665599999	53.720748199999996	6.709277568	13.1813802792	0.0	1.0
326	13.0	15.181615904000015	3.0347024960000053	21.9314046336	4.483736964	0.0	1.0
326	0.0	66.48451241600002	67.054016288	10.4301792	16.7134103136	0.0	1.0
326	0.0	-80.479304416	-0.1363803279999994	5.6876026367999994	9.069007298399999	0.0	1.0
326	0.0	-85.78502128000001	14.837026736000016	5.0907854592	9.530019878400001	0.0	1.0
326	0.0	-68.74101808	52.0868432	5.9446837632	9.7731851616	0.0	1.0
326	0.0	-75.89395811199999	10.74794067200001	4.438769664	10.2539051496	0.0	1.0
326	0.0	-74.32809059200001	30.217251008000012	5.257203571200001	8.562084501600001	0.0	1.0
326	0.0	25.027633568000002	-71.788896088	8.1515202048	5.869288404	0.0	1.0
327	0.0	-58.662265312	-41.953086952	4.747295616	11.5650912888	0.0	1.0
327	0.0	-10.987676896000004	48.64066104799999	3.1510581312000006	4.1652210096	0.0	1.0
327	0.0	-112.051912672	65.96347268	7.093951872	6.2864419464	0.0	1.0
327	0.0	-81.043803232	-41.494185879999996	9.255957312000001	16.127858980800003	0.0	1.0
327	0.0	-57.575810656	-39.54797879200001	6.8003338368	17.01121338	0.0	1.0
327	0.0	-74.12288329600001	31.12620492800002	5.131791168	9.0481938624	0.0	1.0
327	0.0	-82.79986287999999	34.03867829600001	5.2717897344	10.5426186768	0.0	1.0
327	0.0	-87.61043670400001	2.1016170559999994	5.735722675200001	11.1012834744	0.0	1.0
327	13.0	15.159093152	3.034501400000005	21.954320640000002	4.532241319200001	0.0	1.0
327	0.0	-51.97658300799999	-68.86596572799999	8.8776823296	7.254397432799999	0.0	1.0
327	0.0	-85.889769952	15.307591376000014	5.1291456384	8.8968490128	0.0	1.0
327	0.0	23.57116227200002	-72.352568176	6.3474477696	5.2078032216	0.0	1.0
327	0.0	-80.39993852799999	-0.15769650399999155	5.587608768000001	7.6537740888	0.0	1.0
327	0.0	-75.904325728	11.791226720000003	4.228593062400001	9.9584549064	0.0	1.0
327	0.0	-69.24867376	52.363551296000004	3.9129170304	9.007331155200001	0.0	1.0
328	0.0	-83.623194592	34.019574176	3.3482752128000004	7.5709426464	0.0	1.0
328	0.0	-81.02843056	-41.52233932	9.276871296	16.1077694904	0.0	1.0
328	0.0	-52.67943587199999	-68.618818744	9.3287808768	6.6414568248000005	0.0	1.0
328	0.0	-76.49885488	-34.81900525599999	6.8061254016	10.460450851200001	0.0	1.0
328	0.0	-69.02916630400001	52.75850384	3.5887681536	8.2195375752	0.0	1.0
328	0.0	-85.65131478400001	15.951701863999997	4.9377379968	8.5080500064	0.0	1.0
328	0.0	-10.986961888000009	48.694755872000016	3.15610251264	4.2434071344	0.0	1.0
328	0.0	-80.17435350400001	0.6273822800000077	4.8308800512	8.0286773616	0.0	1.0
328	0.0	22.147223839999988	-72.80684403999999	7.546980940799999	5.5954157616	0.0	1.0
328	0.0	-80.414596192	2.272950848000001	5.4546887808	11.326028363999999	0.0	1.0
328	0.0	-73.75751420799999	31.766092399999994	5.505740352	9.004757126400001	0.0	1.0
328	0.0	-75.88859555200001	12.867693607999986	4.298270592000001	9.8602195104	0.0	1.0
329	0.0	-79.772876512	2.1034269199999813	3.7853238528000004	9.328179823200001	0.0	1.0
329	0.0	-76.69941462400001	-34.51354043199999	7.153762291200001	10.4179391568	0.0	1.0
329	0.0	70.52824016000002	60.37119401600002	6.754895078400001	8.5535580312	0.0	1.0
329	0.0	-85.010310112	16.316892200000016	3.5979917568000004	8.4847630896	0.0	1.0
329	0.0	-10.990536928000001	48.686309839999986	3.15392173824	4.266955476000001	0.0	1.0
329	0.0	-53.27718255999999	-68.097779008	8.299276608	6.834770409600001	0.0	1.0
329	0.0	-82.621825888	36.071155567999995	5.3692810752	10.032880536	0.0	1.0
329	3.0	-52.81886243200001	-61.267352272000004	9.5863625088	17.9366973912	0.0	1.0
329	0.0	-80.382778336	3.7051565600000096	5.1641452800000005	12.3698573712	0.0	1.0
329	0.0	-73.39214512000001	37.605115856	5.2691799552	18.943544844	0.0	1.0
329	0.0	-73.505116384	33.349522304	5.201003942400001	10.3990160232	0.0	1.0
329	0.0	-81.006622816	-41.455776544	9.3379329792	16.2355458888	0.0	1.0
329	0.0	21.329254688000006	-72.990444688	9.4997392896	5.5376006616	0.0	1.0
329	0.0	-75.905040736	13.691785016000006	4.2180466944	9.507034605600001	0.0	1.0
330	0.0	-10.977666784000002	48.75588905600001	3.1852891392000005	4.423207068	0.0	1.0
330	0.0	-77.129134432	-33.831623896	7.3654404096	10.448143776	0.0	1.0
330	0.0	-64.693357792	58.07146016	4.519208064	7.3829782152000005	0.0	1.0
330	0.0	20.48232771200002	-73.589710768	8.2549818624	5.2800369048	0.0	1.0
330	0.0	-80.95514224	-41.528774392	9.3978148992	16.069681908	0.0	1.0
330	0.0	-72.89342704	42.13279229599999	4.8175809024000005	12.491440012800002	0.0	1.0
330	0.0	70.07063503999998	60.31569152000001	8.7188790528	8.237857420800001	0.0	1.0
330	0.0	-80.546515168	3.6703669519999957	5.123461324800001	10.9006902144	0.0	1.0
330	0.0	82.28833423999998	28.274663648000004	9.3032193408	12.679786526399997	0.0	1.0
330	0.0	-53.74015023999999	-67.369007104	8.1401515776	7.3565743104	0.0	1.0
330	3.0	-53.27110499200001	-61.283842144000005	9.8499144576	19.1484013392	0.0	1.0
330	0.0	-82.719066976	35.09624216	4.605509529600001	9.1443780792	0.0	1.0
330	0.0	-73.03106608	34.00127443999999	5.2215604224000005	9.1626979248	0.0	1.0
330	0.0	-75.93721609600001	15.392654984000004	4.0847334528	8.58981564	0.0	1.0
331	0.0	-10.98016931199999	48.698375600000006	3.1903013452800004	4.3502896584	0.0	1.0
331	0.0	70.32803792000001	63.317853703999994	10.437686784	15.8503465008	0.0	1.0
331	0.0	-67.51334934399999	55.269991784000005	3.7524334848	8.1074667744	0.0	1.0
331	0.0	-81.00054524800001	-41.413144192	9.408969024000001	16.233776244	0.0	1.0
331	0.0	-80.39243094400001	5.216191903999997	4.7896955904	12.305024020800001	0.0	1.0
331	0.0	-82.17280086400001	35.94848700800001	5.2169128704	8.78487876	0.0	1.0
331	0.0	-78.722172256	-32.889891328000004	4.8948732672	8.708703595200001	0.0	1.0
331	3.0	-53.58642351999999	-60.712126216	9.8080149888	18.7199462016	0.0	1.0
331	0.0	19.342604959999985	-74.350658032	8.2529083392	5.179569343200001	0.0	1.0
331	0.0	-72.890209504	35.185930976	5.3031785856	9.3468616416	0.0	1.0
331	0.0	-54.82767740799999	-67.19747221600001	6.4618490496000005	7.479705391199999	0.0	1.0
331	0.0	-75.86071024	16.612302223999986	4.1672453759999994	7.4107495727999995	0.0	1.0
332	0.0	83.660077088	25.83074396000001	8.7719683968	12.8795754024	0.0	1.0
332	0.0	72.40585116800003	57.662028703999994	7.419173260799999	8.5216843152	0.0	1.0
332	3.0	-85.403207008	18.936971984	5.2539502848	8.687749392	0.0	1.0
332	3.0	-54.52916156799999	-61.49056883200001	8.7138739968	15.8814761616	0.0	1.0
332	0.0	-80.945489632	-41.327075104	9.4925177088	16.3721101824	0.0	1.0
332	0.0	-80.49038704	4.9392827119999945	5.033441817600001	10.4268276	0.0	1.0
332	0.0	-55.45902947199999	-67.441200568	6.946123968	6.969062318400001	0.0	1.0
332	0.0	-82.459519072	36.690330152	4.3986577152	8.3678257656	0.0	1.0
332	0.0	-72.50625020800001	35.941850839999994	4.9669103232	9.409181292	0.0	1.0
332	0.0	-10.949781471999998	48.704810671999994	3.2349285696000005	4.48745724	0.0	1.0
332	0.0	-78.87446896000002	-31.712072056000007	4.8782850816000005	10.4199702264	0.0	1.0
332	0.0	-66.21846985600001	56.462289968	5.0807753472	8.5417738056	0.0	1.0
332	0.0	-75.89360060800001	17.435388152000005	4.063747968	6.9973967448000005	0.0	1.0
333	13.0	15.20521116800001	2.9763846559999956	21.9799536768	4.5545428656	0.0	1.0
333	0.0	-65.303974624	58.987653536	5.9900510208	12.145313577600001	0.0	1.0
333	0.0	-87.958288096	7.433074208000004	5.2037924736	9.9831293856	0.0	1.0
333	3.0	-55.65100911999998	-62.12442342399999	7.374127756800001	12.4267675392	0.0	1.0
333	0.0	-79.30740630400001	-31.098528159999997	4.7076484224	8.6666745312	0.0	1.0
333	0.0	-85.201217248	19.461229256	5.5057761024000005	9.0714606696	0.0	1.0
333	0.0	-72.19236169599999	36.733364696	4.7170507776	9.3525325488	0.0	1.0
333	0.0	-55.749680223999995	-66.879338344	7.2811409664	6.5099199312	0.0	1.0
333	0.0	-82.450938976	36.92621576	4.0808009088	8.078227415999999	0.0	1.0
333	0.0	-65.54886486400002	57.331024688000014	5.412074304	8.8030578384	0.0	1.0
333	0.0	-10.92654371200001	48.73075205599999	3.2275997376	4.4551612224	0.0	1.0
333	0.0	-80.50683222400001	5.096338688000015	5.011669824	9.2150633232	0.0	1.0
333	0.0	73.44368528000003	56.45102859200001	6.7172141568	8.6547495384	0.0	1.0
333	0.0	-75.61045743999999	18.834010832	3.9332947584	7.895612138400001	0.0	1.0
334	0.0	73.634234912	56.995998752	7.3031632128	6.9725412792000006	0.0	1.0
334	3.0	-78.232034272	-30.827651848000006	6.7656201984	11.549828102400001	0.0	1.0
334	0.0	-55.547690464	-66.3084268	7.847391552000001	5.7797202456	0.0	1.0
334	0.0	-95.70790230400002	59.20624488799999	11.2567641984	10.296798926400001	0.0	1.0
334	13.0	15.213433759999996	2.952253135999999	21.9596832	4.5707512032	0.0	1.0
334	0.0	-87.718402912	7.749599312000008	4.9398472704000005	10.95369912	0.0	1.0
334	0.0	-71.57745481600001	46.79017565600001	4.6486245120000005	11.575166198400002	0.0	1.0
334	0.0	73.923098144	55.566206191999996	7.418172249600001	9.7152896232	0.0	1.0
334	0.0	-81.02521302400001	-41.502631912000005	9.3882695424	16.1535791592	0.0	1.0
334	0.0	-10.954071520000005	48.71607204800001	3.22521161088	4.413091939200001	0.0	1.0
334	0.0	84.38795523200001	23.30437491200001	9.112240704	13.56191424	0.0	1.0
334	0.0	-84.894478816	20.516178872000012	5.070300480000001	9.318909297600001	0.0	1.0
334	0.0	-81.465657952	38.338512967999996	5.858882803200001	8.964698803200001	0.0	1.0
334	0.0	-71.71402134399999	38.75518387999999	4.8696334848000005	8.676025495200001	0.0	1.0
334	0.0	-75.422410336	19.826620688	3.63939072	8.628184756800001	0.0	1.0
334	0.0	-80.140390624	5.863117736000006	4.3912573824	9.3168380088	0.0	1.0
335	0.0	-80.988032608	-41.372321703999994	9.4141885824	16.2238018824	0.0	1.0
335	0.0	-63.12355772800001	-36.63309227199999	4.182332044800001	8.5878448992	0.0	1.0
335	0.0	-87.808136416	9.099958951999989	4.6435837056	9.5328151128	0.0	1.0
335	0.0	15.030391712000004	-75.320141848	8.4571503744	5.667086375999999	0.0	1.0
335	0.0	-56.214792928	-65.392836712	7.3121365632	6.444865375199999	0.0	1.0
335	13.0	15.419713568000018	3.097042256	21.883105843200003	4.8967077096	0.0	1.0
335	0.0	-64.66010992000001	64.143956072	5.2160548608	19.5732367488	0.0	1.0
335	0.0	-10.948708959999998	48.70621834399999	3.2127668966400003	4.398572808	0.0	1.0
335	0.0	-84.91378403200001	21.13535345600002	5.611633036800001	9.220231490400002	0.0	1.0
335	0.0	-75.454228192	21.00001584800001	3.7231539072000004	8.086532680800001	0.0	1.0
335	0.0	74.18264604799998	54.51266424800001	7.648762329600001	9.378634809600001	0.0	1.0
335	0.0	-81.213975136	39.624320792	5.875041984	8.6784788664	0.0	1.0
335	0.0	-80.6298136	6.910023512000005	5.327345856	9.6929478576	0.0	1.0
335	0.0	-71.03118870400002	47.38240337599999	5.09979456	12.238843327200001	0.0	1.0
335	0.0	-71.490938848	38.906408072000005	4.7155850112	8.997135588	0.0	1.0
336	3.0	-79.134731872	-30.004968111999997	6.8654710656	10.6645029624	0.0	1.0
336	0.0	14.051545759999994	-72.830372272	9.2085165312	10.9879658784	0.0	1.0
336	0.0	-88.0033336	9.411054463999985	5.0669399424	10.5995087352	0.0	1.0
336	0.0	-57.31769276799999	-64.95987702400001	6.6372047616	6.2822792592	0.0	1.0
336	0.0	-10.952999008000004	48.698978888000006	3.16558351872	4.329697428	0.0	1.0
336	13.0	15.19234102399999	2.9488345040000143	22.0124507904	4.5030622896	0.0	1.0
336	0.0	-64.12921648000003	65.02515874399998	5.0909642112	19.905889752	0.0	1.0
336	0.0	75.23406531200003	53.77102219999999	7.072537382400001	9.5877746496	0.0	1.0
336	0.0	-75.355914592	21.728787752000002	3.860685696	7.864985217600001	0.0	1.0
336	0.0	-84.883753696	21.450470887999998	5.809833254400001	8.8917813936	0.0	1.0
336	0.0	-80.991965152	-41.4680434	9.4156900992	16.263337356	0.0	1.0
336	0.0	-70.561785952	47.870463367999996	5.0673689472	13.0415984496	0.0	1.0
336	0.0	-81.12674416	39.363901472	5.8850163456	7.975628236800001	0.0	1.0
336	0.0	-80.22082902400001	8.27566644799999	4.8904402176	11.197226376	0.0	1.0
336	0.0	-71.104834528	39.59053666400001	4.7995627008	9.1294165368	0.0	1.0
337	0.0	-62.94015817600001	62.78756355199999	6.202408396799999	13.9454646408	0.0	1.0
337	0.0	13.04016694400001	-73.162985056	8.2260597888	10.2444737472	0.0	1.0
337	0.0	13.01943171199999	-75.54476608	6.7215399552	5.9386061952	0.0	1.0
337	0.0	-80.28124720000001	-28.961883159999996	6.4681768704	10.1850297696	0.0	1.0
337	0.0	-88.127029984	10.140027464	5.1265716096	10.585914645599999	0.0	1.0
337	0.0	-84.71250928	21.675698408000002	5.9722473216	8.507768472	0.0	1.0
337	0.0	-70.81025123200001	39.97925523200001	4.761774528	8.614047708000001	0.0	1.0
337	0.0	-75.189317728	22.824358759999996	3.7806763007999997	8.5356604872	0.0	1.0
337	0.0	-10.982671840000002	48.63684022400001	3.2697387340799997	4.381278552	0.0	1.0
337	0.0	86.10290191999998	20.059489855999992	8.415965913600001	14.298810422399999	0.0	1.0
337	13.0	15.242034080000014	2.958084920000008	22.027966464	4.434669540000001	0.0	1.0
337	0.0	-81.016275424	-41.491973824	9.4216961664	16.22392254	0.0	1.0
337	1.0	-61.947369568	65.872376192	6.3383314176	7.9031130192	0.0	1.0
337	0.0	-80.06030972800002	9.206539831999994	4.731922944	11.352613255200001	0.0	1.0
337	0.0	-80.794980448	39.87870723200001	5.6570360448	7.869429439199999	0.0	1.0
338	0.0	-75.16286243200001	23.30015189599998	3.6378534528000004	9.4241227248	0.0	1.0
338	0.0	24.095978144000007	95.62312172000001	8.8541585664	10.5377722632	0.0	1.0
338	0.0	-80.407446112	-28.72418768799999	6.4930591488	10.486734098400001	0.0	1.0
338	0.0	-87.64404208	10.626679784000004	4.2041755392	10.7582740272	0.0	1.0
338	0.0	-10.948708959999998	48.631410632	3.22081431168	4.2439098744	0.0	1.0
338	0.0	-57.85180374400001	-63.711674152	6.4786159871999995	6.742588003200001	0.0	1.0
338	0.0	-80.48073443199999	41.46133275200001	6.131908608000001	10.160395509599999	0.0	1.0
338	0.0	-69.98799203200001	41.626432568	5.0393406336	8.8770209472	0.0	1.0
338	0.0	-81.003762784	-41.310384135999996	9.3469778304	16.620524071200002	0.0	1.0
338	0.0	-84.06220950400001	22.84647932000001	4.7901603456	9.157187894400002	0.0	1.0
338	0.0	-63.11855267200001	61.28235999200001	4.7599512576	9.137178842400001	0.0	1.0
338	0.0	76.768829984	51.72748464800001	6.32156448	9.0701535456	0.0	1.0
338	0.0	-80.77210019200001	40.355706944	5.513498188800001	7.8713800704	0.0	1.0
338	0.0	-79.934825824	10.002075608000009	4.745579596800001	11.303706708	0.0	1.0
339	0.0	-58.55680163199999	-63.405002752	7.1287370112	6.2166415248	0.0	1.0
339	0.0	76.70054672	52.086239911999996	5.3312426496	6.462622152	0.0	1.0
339	0.0	-64.87604233599998	-31.830517600000007	4.5379412735999995	10.9899366192	0.0	1.0
339	0.0	-81.24829552	-27.790700055999995	5.7487715712	10.477724997600001	0.0	1.0
339	0.0	-87.39736432000001	10.51285944800001	4.368877632	11.296587909600001	0.0	1.0
339	0.0	-62.64879241600001	61.84844523199999	4.4210374655999995	8.9712545328	0.0	1.0
339	0.0	-74.788913248	25.310508607999996	4.1323529856	6.6617273016	0.0	1.0
339	0.0	-10.946563935999993	48.68067915200002	3.1020300326399997	4.1827565808000005	0.0	1.0
339	0.0	-80.51469731200001	40.943912744000016	5.2314632832	8.503646004	0.0	1.0
339	0.0	10.794684320000007	-76.703280136	7.4441985408	4.920215832	0.0	1.0
339	0.0	-84.325332448	23.812142312000006	5.861206579200001	9.162014198400001	0.0	1.0
339	0.0	-80.98195504	-41.436672424	9.4139383296	16.4822906808	0.0	1.0
339	0.0	-69.710211424	42.46641056	4.7189812992	9.568268337600001	0.0	1.0
339	0.0	-80.06495728000002	10.355803472000009	4.985858035200001	10.711478988	0.0	1.0
340	0.0	-65.447691232	-31.652547639999995	4.2402476928	9.897020078399999	0.0	1.0
340	0.0	77.48777052800001	50.351988008000006	7.948922688000001	11.4631356168	0.0	1.0
340	0.0	-68.73708553600001	51.57424949599999	5.4193316352	10.8797360112	0.0	1.0
340	0.0	87.787818272	15.419601847999983	6.8704046208000005	14.3710642152	0.0	1.0
340	0.0	-59.034426976000006	-62.91794824000001	6.801156096000001	6.739269919200001	0.0	1.0
340	0.0	-84.014303968	24.541316408	5.34200352	8.359902583200002	0.0	1.0
340	0.0	-81.014487904	-41.490163960000004	9.4283099904	16.419689496	0.0	1.0
340	0.0	-10.947278944000008	48.669015584	3.09810821376	4.1049525384	0.0	1.0
340	0.0	9.494442271999993	-77.398670104	7.468222809599999	4.207491388799999	0.0	1.0
340	0.0	-74.699894752	25.733815688	3.7592618112	8.799156576000001	0.0	1.0
340	0.0	-62.405332191999996	62.368680584	4.1446511232	8.813635488000001	0.0	1.0
340	0.0	-80.337017824	41.91822286400001	5.2863758976	8.106380856	0.0	1.0
340	0.0	-79.893712864	10.675747207999997	4.9897190784	9.453341973599999	0.0	1.0
340	0.0	-69.337692256	43.63839804799999	4.6947782784	9.4415778576	0.0	1.0
341	0.0	88.15640489600001	14.19814474400002	6.628481664000001	13.854609468	0.0	1.0
341	0.0	87.16468880000001	17.004037232000005	5.879332032	9.233946237600001	0.0	1.0
341	0.0	-59.100207712000014	-62.37197260000001	7.180646592	6.9986837592	0.0	1.0
341	0.0	-80.758157536	-41.69367311199999	9.887345126400001	16.6867852032	0.0	1.0
341	0.0	-74.471449696	26.345951911999997	3.6685987968	7.9166065608	0.0	1.0
341	0.0	-61.35427043199999	63.597779336	4.9848927744000004	9.242533036800001	0.0	1.0
341	13.0	15.277426975999987	2.890717759999984	21.930010368	4.3577905392	0.0	1.0
341	0.0	-73.933048672	33.611952583999994	4.2020305152	12.414460464	0.0	1.0
341	0.0	-81.710905696	-25.013564296000002	4.9999794432	10.307577672	0.0	1.0
341	0.0	-65.919954016	-31.864502824	4.3062429312	8.2140275448	0.0	1.0
341	0.0	88.53035408	11.434080224000017	5.7572801664	8.32989906	0.0	1.0
341	0.0	78.318967328	49.27974413599999	7.306130496	10.841789196	0.0	1.0
341	0.0	-83.95817584000001	24.87694563199999	5.743873766400001	8.2736525088	0.0	1.0
341	0.0	-10.980526816	48.68429888	3.1346236723199996	4.0825705536	0.0	1.0
341	0.0	-79.93089328	11.22132065599999	5.3442915456	9.1210710528	0.0	1.0
341	0.0	-68.60337904000001	44.530057712000016	5.2874484096000005	8.6589524448	0.0	1.0
341	0.0	-79.820782048	43.036919912000016	5.7268923264	8.061998968800001	0.0	1.0
342	0.0	-84.03146416	25.042648736000004	5.4898671744000005	7.8281444304	0.0	1.0
342	0.0	7.460244511999992	-77.70453712	6.676029696	4.190036256	0.0	1.0
342	0.0	-73.651693024	34.87624313600001	4.615877145600001	12.288514039199999	0.0	1.0
342	0.0	-60.998553951999995	63.99474284000001	4.3791022464000005	8.4940336152	0.0	1.0
342	0.0	-62.95302832000001	-32.711318080000005	3.4245629913599998	7.805139048	0.0	1.0
342	0.0	-63.308387296	-31.673059431999995	3.9333305088000006	9.5181552144	0.0	1.0
342	0.0	-79.89943292800001	-41.656872543999995	11.5521697536	16.399217923200002	0.0	1.0
342	0.0	-66.322146016	-31.821066088000002	4.410240844800001	6.9389381376	0.0	1.0
342	0.0	-59.426608864	-61.875265479999996	6.84083904	7.554854966400001	0.0	1.0
342	0.0	-74.164711264	27.580882448000004	4.0592434176	8.856086853599999	0.0	1.0
342	0.0	-79.81220195200001	12.17652665599999	5.1037628544	9.303465124799999	0.0	1.0
342	0.0	-10.951568991999995	48.653933384	3.0870970905600004	4.079232360000001	0.0	1.0
342	0.0	-79.71102832000001	44.00459386399999	5.6128843008	8.7665186952	0.0	1.0
342	0.0	87.48072233599999	15.717827216	5.4800358144	9.264392172	0.0	1.0
342	0.0	88.84352758400004	8.928424064000009	5.5521086208	8.364950092800001	0.0	1.0
343	0.0	89.314360352	8.134698151999995	5.549713344000001	8.6505265224	0.0	1.0
343	0.0	-67.14798025599998	47.84090225599999	5.684492352	10.0106393184	0.0	1.0
343	0.0	6.507138848000003	-77.85837556	8.7373262592	4.2707360808	0.0	1.0
343	0.0	-87.61722928	13.466155304	5.0379106176	11.218643100000001	0.0	1.0
343	0.0	-66.52806832000002	-31.954996023999996	4.142970854400001	5.7202360488	0.0	1.0
343	0.0	-59.94105712	-61.17484811200001	7.2316266624	7.551556992000001	0.0	1.0
343	0.0	-63.66803631999999	-31.764759207999997	3.854608128	8.028999115200001	0.0	1.0
343	0.0	-82.124895328	-24.962284816000004	5.025290726400001	8.8159883112	0.0	1.0
343	0.0	88.05344374400002	14.509441352000016	5.2664629248	10.0912788144	0.0	1.0
343	0.0	-80.84074096	-41.55310700800001	9.7181384832	16.2942458112	0.0	1.0
343	0.0	-10.963724127999999	48.66237941600001	3.1272269145600005	4.1738882472	0.0	1.0
343	0.0	-79.56659670399999	43.796057311999995	5.5548614016	8.4025148256	0.0	1.0
343	0.0	-83.773346272	26.247817064000007	5.9028557952	8.8360979112	0.0	1.0
343	0.0	-79.483298272	13.123286623999997	5.325200832	9.997387092	0.0	1.0
344	0.0	-64.12850147200001	-31.973496855999993	3.8615079552000005	6.903444693600001	0.0	1.0
344	0.0	-72.88091440000001	38.29708719199999	4.259123904	10.1527940808	0.0	1.0
344	0.0	-59.78482787200001	65.48667406400001	4.5067311744	8.514826941599999	0.0	1.0
344	0.0	-80.951209696	-41.56879249600001	9.4546580352	16.194622852800002	0.0	1.0
344	0.0	-60.536658784	-60.845050672	6.1638694655999995	6.6472684992	0.0	1.0
344	3.0	-12.831325024	95.58451128799999	11.1716067456	10.5653425248	0.0	1.0
344	0.0	78.73974953600003	49.701442447999995	8.4518235648	13.1342634864	0.0	1.0
344	0.0	-79.24806064	44.451429176	5.6264694528	7.7360826816	0.0	1.0
344	0.0	5.236927135999996	-77.877680776	10.5269197824	4.5470620944	0.0	1.0
344	0.0	-10.958361567999992	48.66036845600001	3.1145784230399998	4.1609979936	0.0	1.0
344	0.0	-79.48222575999999	13.862113327999985	5.532088396800001	10.0103376744	0.0	1.0
344	0.0	-73.412165344	30.06401585600002	4.3047414144000005	9.119261188800001	0.0	1.0
344	0.0	-67.047521632	47.90464968800001	5.4256237056	9.496275969600001	0.0	1.0
344	0.0	-83.374729312	27.002329256	6.467962368	8.9250627816	0.0	1.0
345	0.0	-67.02249635200002	-25.609612839999993	5.530408128	16.2363100536	0.0	1.0
345	0.0	103.32637212800002	-46.281075064	4.5269659008000005	3.9375200088	0.0	1.0
345	0.0	-66.93741040000002	56.38728116000001	4.288081728	10.954000764	0.0	1.0
345	0.0	-58.779526624000006	67.19779992800001	5.2626733824	10.2877294968	0.0	1.0
345	0.0	88.73663388800003	11.184721183999995	5.012742336	8.7277272768	0.0	1.0
345	0.0	-82.603950688	-23.138143	4.8029947392	8.9087337864	0.0	1.0
345	0.0	89.73192502400002	4.979904104000018	4.9513588992	8.2641607776	0.0	1.0
345	0.0	-82.90175152	27.557957504000008	5.938427443199999	8.7514163856	0.0	1.0
345	0.0	-60.593144415999994	-59.887632616	5.769792806400001	8.4781470312	0.0	1.0
345	0.0	-80.847533536	-41.599157992	9.6602585856	16.1809483248	0.0	1.0
345	0.0	79.23989763200002	49.76559207199999	9.5527571328	15.6734624592	0.0	1.0
345	0.0	-79.046428384	45.187842728	5.3387502336	8.04685644	0.0	1.0
345	0.0	-10.958719072	48.66016736	3.0443074368	4.0395963384	0.0	1.0
345	0.0	-72.94991267200002	31.037320496000003	4.693169510400001	9.39671334	0.0	1.0
345	0.0	-66.45764003200001	48.528449480000006	5.4704547072	9.169575408	0.0	1.0
345	0.0	-79.14938953600002	14.379332239999995	5.187776294400001	8.787995748	0.0	1.0
346	0.0	-82.992557536	-21.881695192	4.7843330304	9.7601541408	0.0	1.0
346	0.0	-72.298897888	39.34298748799999	4.7024646144	11.858148489600001	0.0	1.0
346	0.0	-87.71804540800001	13.844416879999999	5.19006432	8.9806859352	0.0	1.0
346	0.0	2.795889824000007	-78.288721	10.5116543616	3.7051736904	0.0	1.0
346	0.0	-66.727913056	-24.536966776000007	6.8250731136	17.916426914400002	0.0	1.0
346	0.0	-61.232361567999995	-60.071032168	5.0745547776	7.0106690808	0.0	1.0
346	0.0	-66.09048342400001	56.79691371199999	4.6750798080000004	11.5747237872	0.0	1.0
346	0.0	-58.13029936000001	67.232790632	5.6951817216	9.0929377224	0.0	1.0
346	0.0	-10.969444191999996	48.635432552000005	3.0918375936	4.0302051552	0.0	1.0
346	0.0	-72.80011849600002	31.928577968000006	4.524570624	8.6654880648	0.0	1.0
346	0.0	-78.697146976	46.49838535999998	5.277259545600001	7.105003214399999	0.0	1.0
346	0.0	-78.96205744	15.862817432000002	5.99802336	10.240914348	0.0	1.0
346	0.0	89.93641731200003	3.1577732479999923	5.197929408	7.392168302399999	0.0	1.0
346	0.0	-83.129481568	28.25254308800001	6.204696422399999	8.755981264799999	0.0	1.0
346	0.0	-65.97643964800001	48.908319824	5.0049487488	8.748580932	0.0	1.0
347	0.0	-80.140390624	-41.529980968	11.0519144064	15.970461141600001	0.0	1.0
347	0.0	-65.463421408	56.82989345600001	4.6390791552	11.5694349624	0.0	1.0
347	0.0	-61.498344544	-59.611929999999994	5.324378572800001	6.6682830312000005	0.0	1.0
347	0.0	-57.81927087999999	67.74840077600001	5.1750849024	8.6143895712	0.0	1.0
347	0.0	-67.25630396800001	-23.652546568000005	6.650718412800001	17.7114899808	0.0	1.0
347	0.0	-65.45841635200001	49.693599704	5.6373375744	7.9333176384	0.0	1.0
347	0.0	-72.362891104	32.989158272000005	4.5645753216000005	9.1685900376	0.0	1.0
347	0.0	-78.319622752	46.774691264000005	5.079416832000001	7.4164606992	0.0	1.0
347	0.0	-78.83121097600002	16.505721343999983	5.8663546368	10.422443707200001	0.0	1.0
347	0.0	-10.931906271999997	48.69395148800002	3.0902002252800003	4.087075104	0.0	1.0
347	0.0	-82.98397744	28.876543976	6.0838600704	8.97340626	0.0	1.0
347	0.0	-83.17059452800001	-21.912261784000005	5.4474314496	9.9274660128	0.0	1.0
348	0.0	-61.864071136	-59.192041552	5.9750358528000005	7.0889758632	0.0	1.0
348	0.0	-57.501449824	68.68229060000002	4.9173245184	8.9798011128	0.0	1.0
348	0.0	82.57826998400002	40.635632576000006	6.2690471424	9.7174212408	0.0	1.0
348	0.0	-80.55044771200001	-41.580254968	10.2350892672	16.0503163632	0.0	1.0
348	0.0	-82.350122848	-22.120396144000004	6.897324672000001	10.934152588800002	0.0	1.0
348	0.0	-83.256037984	-21.532592536000006	5.3052163584	10.024836696000001	0.0	1.0
348	0.0	-10.970516703999996	48.639655567999995	3.07257170304	4.0458906432	0.0	1.0
348	0.0	-77.91457072	47.50889276000001	4.8961245312	7.6390940808000005	0.0	1.0
348	0.0	-71.94067888	34.414325624	4.5607500288	8.816511160800001	0.0	1.0
348	0.0	-82.71763696	29.686960856	6.2838120576	9.2395769256	0.0	1.0
348	0.0	-78.844438624	16.742411336000007	5.4106085376	9.406969236	0.0	1.0
349	0.0	-80.44033648	-22.508310327999997	3.86372448	9.3170592144	0.0	1.0
349	0.0	-69.83319280000002	-23.663807944000002	3.913060032	10.479816396	0.0	1.0
349	0.0	-63.71165180799999	52.03978673599999	7.316855616	9.6728382576	0.0	1.0
349	0.0	-87.008757472	17.011879976000017	5.861349580800001	10.3670417592	0.0	1.0
349	0.0	-71.17347529599999	42.932551088	4.4834934144	10.334303330400001	0.0	1.0
349	0.0	-80.150400736	-41.48392998400001	11.0206685568	16.2384617808	0.0	1.0
349	0.0	-64.519968352	59.56701111199999	4.701821107200001	10.713087756	0.0	1.0
349	0.0	90.21813046400003	-1.2836330079999916	4.970127859200001	7.7749545384	0.0	1.0
349	0.0	-10.934051296000002	48.70159313600001	3.0716171673600003	4.1290237296	0.0	1.0
349	0.0	-77.668250464	48.133496936	4.812182592	7.824906784800001	0.0	1.0
349	0.0	-62.498998240000006	-58.009798168	5.898744499199999	8.0558454312	0.0	1.0
349	0.0	-83.92349795199999	-20.615393679999993	4.367733619200001	8.9658048312	0.0	1.0
349	0.0	-82.58178543999999	30.521308160000014	6.325246771200001	9.1316285928	0.0	1.0
349	0.0	-78.32927536000001	17.75352202400001	5.9221967616	8.6311810872	0.0	1.0
349	0.0	-71.47842620799999	34.985840456	4.4462414976	8.369937273600002	0.0	1.0
350	0.0	-82.736584672	-20.54822761599999	7.012583961600001	11.2117857264	0.0	1.0
350	0.0	-10.94334640000001	48.67907038399999	3.0616642560000007	4.1468810544	0.0	1.0
350	0.0	-64.04627555200001	59.965985575999994	4.7324234496	11.4293514888	0.0	1.0
350	0.0	-77.118409312	48.881775152	5.078880576	7.7907003552	0.0	1.0
350	0.0	89.868849056	3.8996163920000066	4.9144287360000005	7.9081203096	0.0	1.0
350	0.0	-70.65366447999999	43.323682807999994	4.642582694400001	11.4855578208	0.0	1.0
350	0.0	-80.43139888	-41.340950727999996	10.5714647808	16.305185433600002	0.0	1.0
350	0.0	-82.37657814399999	31.482949232000003	6.076745740800001	8.410639104	0.0	1.0
350	0.0	90.12839696	-1.9009977279999948	5.5009855488	9.3568561128	0.0	1.0
350	0.0	-78.31354518399999	18.14606141600001	5.6009794176000005	8.3404364904	0.0	1.0
350	0.0	-62.42678243200001	-57.821371216	6.642960576	7.4460620304	0.0	1.0
350	0.0	83.61824912000002	38.48933496800001	6.4830132864	10.1511853128	0.0	1.0
350	0.0	-71.346149728	35.5265876	4.2594099072	8.457695568	0.0	1.0
351	0.0	-61.784705248000016	-91.2358646584	6.328750310399999	4.7840738400000005	0.0	1.0
351	13.0	15.560927648000007	3.1366581680000007	21.8332340352	4.8426128855999995	0.0	1.0
351	0.0	-82.687606624	-20.009893624	6.972829516800001	11.6264054592	0.0	1.0
351	0.0	-58.02233315200001	-95.3831076856	4.3781369856	9.1671421464	0.0	1.0
351	0.0	-63.217223776	60.664995272000006	4.969663104	11.599539033600001	0.0	1.0
351	0.0	-76.697627104	49.83114936799999	4.6990683264	7.628375664000001	0.0	1.0
351	0.0	-78.20057392	18.611598656	5.0777723136	8.253502689600001	0.0	1.0
351	0.0	-80.579048032	-41.265539728	10.3903532544	16.291551124799998	0.0	1.0
351	0.0	-84.235956448	-19.549383783999996	4.383356544	10.2731299272	0.0	1.0
351	0.0	90.10623171200004	-2.7990924640000077	5.4981255168	10.4483850912	0.0	1.0
351	0.0	-70.36801878400001	44.223185216000005	4.723485849599999	11.7965326752	0.0	1.0
351	0.0	-70.671897184	36.927422336	4.404806784000001	8.2114132968	0.0	1.0
351	0.0	-10.917248608000003	48.70078875200001	3.0816773299199998	4.238178638400001	0.0	1.0
351	0.0	-62.367794272	-57.175450864	7.491031564799999	7.795184795999999	0.0	1.0
351	0.0	83.850269216	38.43986535199999	6.731514316800001	8.3465699184	0.0	1.0
351	0.0	89.927122208	3.00534248	4.8714567552000005	9.0716617656	0.0	1.0
351	0.0	-82.04552944	31.707774560000008	5.9690297856	8.8966278072	0.0	1.0
352	13.0	15.368947999999994	2.9858361679999894	21.848320704	4.4533111392	0.0	1.0
352	0.0	-76.257897184	51.435694351999985	5.5133551872	8.7060290184	0.0	1.0
352	0.0	-62.980198623999996	-56.295253672	7.199201049600001	8.2135851336	0.0	1.0
352	0.0	101.626798112	-39.74444958400001	8.330915712	17.6460533424	0.0	1.0
352	0.0	-10.923683679999991	48.72934438400001	3.2111652787200002	4.4927259552	0.0	1.0
352	0.0	-77.27070601599999	22.34856562400001	6.647929881600001	13.380163675200002	0.0	1.0
352	0.0	-61.72786211200001	54.51507740000001	6.9167728896	8.881545607200001	0.0	1.0
352	0.0	-77.51452374399999	20.5751	6.1845331968	10.1163152664	0.0	1.0
352	0.0	-70.26934768000002	38.37290038400001	4.7597367552000005	7.908542611200001	0.0	1.0
352	0.0	90.12982697600003	1.155661471999994	4.8843268992	8.0119059552	0.0	1.0
352	0.0	-83.853069664	-19.035382408	5.6660451456	10.899664624800002	0.0	1.0
352	0.0	-80.618015968	-41.198373663999995	10.051081958400001	16.2377579448	0.0	1.0
352	0.0	-70.85851427200001	-22.079774752000002	4.0797283968	9.0498026304	0.0	1.0
352	0.0	-86.892211168	19.589930695999996	5.9591984256	11.0999160216	0.0	1.0
352	0.0	84.50879158400001	37.846028864000004	6.469857139200001	7.9487618112	0.0	1.0
352	0.0	90.46516572799999	-5.118533728	4.9211498112	8.249159016	0.0	1.0
352	0.0	-81.921833056	32.09186792000001	5.8337860224	8.7111368568	0.0	1.0
353	0.0	-70.78272342400001	-23.048051992	3.7569380352	5.7301903008	0.0	1.0
353	0.0	-86.68521635200001	19.383204008	5.955587635200001	9.582727140000001	0.0	1.0
353	0.0	-52.24578351999998	73.968300056	8.510025216	11.678428994399999	0.0	1.0
353	0.0	-61.233434079999995	55.95673462400001	6.4978497024	9.1709428608	0.0	1.0
353	0.0	102.12587369600004	-43.98134120800001	7.191836467200001	8.836600651200001	0.0	1.0
353	0.0	-111.90891107200002	65.89329017600001	7.274241139199999	6.2438900327999995	0.0	1.0
353	13.0	15.441878815999985	2.9787978079999995	21.6707484672	4.436077212	0.0	1.0
353	0.0	-69.346629856	46.850102264	4.4319055872	10.47358242	0.0	1.0
353	0.0	-84.548414944	-17.777728023999998	4.522068096	9.0658299816	0.0	1.0
353	0.0	-10.919036127999998	48.698174504	3.2339061081600002	4.4298231264000005	0.0	1.0
353	0.0	84.86844060800001	36.868903399999994	6.5971643135999996	7.925675990400001	0.0	1.0
353	0.0	-82.039451872	-18.938253040000003	4.6830163968	11.6517837744	0.0	1.0
353	0.0	90.27068355200004	0.3611311760000006	4.993079616	9.4203823392	0.0	1.0
353	0.0	-77.00293552000001	21.78730668799999	6.2488839168	11.1486818016	0.0	1.0
353	0.0	-80.871843808	-41.429231872	9.5797486848	15.900499843200002	0.0	1.0
353	0.0	-81.682305376	32.826672703999996	5.7598899456	8.8534927152	0.0	1.0
353	0.0	90.37936476799999	-5.568787671999998	5.4244081920000005	10.288654538400001	0.0	1.0
353	0.0	-69.84534793600001	38.994287024000016	4.4794893695999995	7.877272183199999	0.0	1.0
353	0.0	-3.877994848000002	94.183877648	11.681693452800001	5.8623707016	0.0	1.0
354	0.0	-75.31801916799999	52.949947232	5.631438758400001	7.919743658400001	0.0	1.0
354	0.0	85.30781302399998	35.867646416	6.230579712	6.5811481344	0.0	1.0
354	0.0	-86.542572256	20.677256768000017	6.0240139008	11.0555341344	0.0	1.0
354	0.0	102.16376912	-44.025582328000006	7.2701298432	8.832840156	0.0	1.0
354	0.0	-75.07849148800001	55.36189265599998	6.520801459199999	12.5201967408	0.0	1.0
354	0.0	-3.179074528000001	94.15693078400001	10.5834769152	5.8592939328	0.0	1.0
354	0.0	-76.89925936	22.181253752000014	6.216851558400001	10.0403009784	0.0	1.0
354	0.0	-10.90974102399999	48.811592647999994	3.1797657024000006	4.555950537600001	0.0	1.0
354	0.0	-84.812967904	-17.266541991999997	4.6609584	9.4886946504	0.0	1.0
354	0.0	-82.325097568	-18.180121120000003	4.4861031936	11.9707622496	0.0	1.0
354	0.0	-80.864693728	-41.433655984	9.5669500416	16.0477423344	0.0	1.0
354	0.0	-69.403115488	39.95653138400001	4.416818918400001	8.0344488168	0.0	1.0
354	0.0	90.39259241599999	-7.640880856000004	5.197393152	9.005983812	0.0	1.0
354	0.0	90.290703776	-1.0447309600000074	4.8029589888	9.4439105712	0.0	1.0
354	0.0	-81.496403296	33.470783192	5.8656038784	8.7009010704	0.0	1.0
355	13.0	15.472624160000006	2.967938624000003	21.611474304	4.3989347807999994	0.0	1.0
355	0.0	-71.933886304	-19.782655143999992	4.1986342272	9.171485820000001	0.0	1.0
355	0.0	85.89769462400001	33.167932615999995	6.270870412799999	10.86069222	0.0	1.0
355	0.0	-69.018798688	40.819434320000006	4.2694200192	8.3446997256	0.0	1.0
355	0.0	-10.917248608000003	48.84638225600001	3.1968114931200002	4.5408683376	0.0	1.0
355	0.0	-52.364474848	73.21398896	5.9188362240000005	8.2424223	0.0	1.0
355	0.0	-2.087972320000008	94.29126291200001	11.8280913408	5.804072971200001	0.0	1.0
355	0.0	102.15554652800002	-44.05353467200001	7.376630284800001	8.9852508144	0.0	1.0
355	0.0	86.00101327999998	35.12620546400001	6.21967584	6.7656537144	0.0	1.0
355	0.0	-84.859800928	-17.094604912000005	5.5151069568	10.6727881176	0.0	1.0
355	0.0	-86.43389104	21.166724432000006	6.088936627200001	11.1839741496	0.0	1.0
355	0.0	90.372214688	-2.3862423759999962	5.0552853120000005	8.8038220032	0.0	1.0
355	0.0	-74.83074121599998	55.21911449599998	6.6504324096000005	11.843247276	0.0	1.0
355	0.0	-76.80595081599999	22.40185606399999	5.9204807424000006	9.3661668576	0.0	1.0
355	0.0	90.45193807999999	-6.999384616000004	5.2764372864	13.260411007200002	0.0	1.0
355	0.0	-82.238939104	-17.752188832	4.3523251968	11.6299045296	0.0	1.0
355	0.0	90.50627868800001	-9.275992432000002	5.2725404928	8.6101866648	0.0	1.0
355	0.0	-80.698454368	-41.538427	9.8709714432	16.1392812336	0.0	1.0
355	0.0	-81.093853792	34.059994472	5.9752503552	8.0866935576	0.0	1.0
356	0.0	-67.73821936000002	42.803246359999996	5.8690001664	10.594923746400001	0.0	1.0
356	0.0	-51.742060384	73.993437056	5.480286067200001	7.9335187344	0.0	1.0
356	0.0	-65.131657696	-54.509722288000006	5.2700379648	6.354814586400001	0.0	1.0
356	0.0	-8.193783135999995	-71.243523736	10.6597325184	16.2468675936	0.0	1.0
356	0.0	-10.955144032000007	48.65272680799999	3.2103144192000004	4.2267362760000005	0.0	1.0
356	0.0	86.48364368	32.137315616	5.8800827903999995	10.8008460504	0.0	1.0
356	13.0	15.559497632000019	3.138669128000004	21.7484340864	4.9329653184	0.0	1.0
356	0.0	102.14875395200002	-44.0219626	7.413882201600001	9.0238411368	0.0	1.0
356	0.0	-80.818575712	-41.516507536000006	9.5498971008	16.167595550399998	0.0	1.0
356	0.0	90.38722985599998	-4.050512871999999	4.992900864	8.871792451200001	0.0	1.0
356	0.0	-85.187632096	-15.967662928000005	4.875103296	10.1529147384	0.0	1.0
356	0.0	-86.00166870400001	22.44187416799999	6.1774546176000005	11.4696913464	0.0	1.0
356	0.0	-0.7401822399999949	94.40970845599999	11.0813012352	5.7677751432	0.0	1.0
356	0.0	-76.6078936	23.012383520000004	5.417865868800001	9.2093723064	0.0	1.0
356	0.0	-74.64877168	54.89836637599999	5.581888704000001	7.8350621328	0.0	1.0
356	0.0	-80.940484576	34.986242647999994	6.0661636224	8.858962526400001	0.0	1.0
356	0.0	90.38544233600001	-10.200229648000004	5.3115084288	9.0593345808	0.0	1.0
357	0.0	-67.49368662400002	43.263957296	5.441925888	8.4685748616	0.0	1.0
357	13.0	15.456178975999993	2.957883824000008	21.675253017600003	4.4062345656	0.0	1.0
357	0.0	-75.69447088	25.113635624000015	6.289925375999999	9.5133088008	0.0	1.0
357	0.0	86.703866144	31.258526096	6.2482761600000005	11.501625391200001	0.0	1.0
357	0.0	-84.23309641600001	-16.34411464	6.745814476800001	10.8962258832	0.0	1.0
357	0.0	-11.017349728000001	48.396329408	3.4148782079999997	4.7806954272	0.0	1.0
357	0.0	102.164841632	-44.006679303999995	7.453672396799999	9.051733152	0.0	1.0
357	0.0	-76.16423113600001	23.729290759999998	5.562940992	8.890353612	0.0	1.0
357	0.0	90.41690268800001	-11.629217823999996	5.1911725824	8.6173255728	0.0	1.0
357	0.0	-74.275537504	55.54267796000002	5.7888477696	9.517270392	0.0	1.0
357	0.0	-85.830781792	22.785949424	6.1161069312	11.0025855576	0.0	1.0
357	0.0	-50.943038944	74.62688945599999	5.84697792	8.7278479344	0.0	1.0
357	0.0	-80.80141551999999	-41.652046240000004	9.509463398400001	15.974744486400002	0.0	1.0
357	0.0	90.45408310400003	-5.4612013120000045	4.8410331648	8.8895291184	0.0	1.0
357	0.0	-80.69952688000001	35.77594664	5.842616371200001	9.7176223368	0.0	1.0
357	0.0	-0.2207289279999947	94.37451665600003	11.9262261888	5.5782622728	0.0	1.0
358	0.0	-85.74784086400001	23.227355143999993	5.5610104704	10.9132184952	0.0	1.0
358	0.0	-84.21629372800001	-15.005820760000004	5.9808989184	11.612127643200001	0.0	1.0
358	0.0	0.785287328000002	94.31861196800001	11.8799294208	5.340707568	0.0	1.0
358	0.0	-65.60892553599999	-52.09677138399999	5.8302467328	9.7003481904	0.0	1.0
358	13.0	15.54269494400002	3.181100384000009	21.748720089600003	4.8721739976	0.0	1.0
358	0.0	90.40510505599998	-13.480306504000005	4.935271219200001	8.271279576000001	0.0	1.0
358	0.0	102.14553641600001	-43.94534502399999	7.476874406400001	9.1733560128	0.0	1.0
358	0.0	-10.94942396799999	48.292362776000004	3.4745098752	4.9255850952	0.0	1.0
358	0.0	-50.484003808	75.012591584	5.5365571968000005	8.1460369872	0.0	1.0
358	0.0	87.30554537600001	30.396427544000005	6.070167667200001	11.443126564800002	0.0	1.0
358	0.0	-75.85320265600002	24.542120792000002	5.9875127424	9.05133096	0.0	1.0
358	0.0	-67.099002208	44.123642696	5.2139813376	8.6229763704	0.0	1.0
358	0.0	-73.28131887999999	57.55725768799999	7.024095590400001	12.3282103896	0.0	1.0
358	0.0	-80.84610352	-41.567787016000004	9.5041723392	16.0446856752	0.0	1.0
358	0.0	90.50699369600002	-6.322696576	4.9009865856	9.195014052000001	0.0	1.0
358	0.0	-80.322717664	36.433731656000006	6.1699470336	8.8837576632	0.0	1.0
359	0.0	-84.883396192	-14.520173920000003	6.5176911744	11.719794441600001	0.0	1.0
359	13.0	15.469764127999987	2.9514487519999975	21.6449366784	4.41355446	0.0	1.0
359	0.0	-66.35289136	52.245306848	5.3039650944000005	10.539823442400001	0.0	1.0
359	0.0	87.57653340799999	29.01811556	5.9953778304	9.5705206128	0.0	1.0
359	0.0	102.13373878399999	-43.91035432	7.3941479808	9.196522272000001	0.0	1.0
359	0.0	-10.840385247999992	48.38104611200002	3.5393217753600004	5.0743760255999995	0.0	1.0
359	0.0	1.8241939520000023	94.41554024	12.197643225599998	5.5395311832	0.0	1.0
359	0.0	-49.95025033600001	75.92375756	5.477426035200001	8.2569414312	0.0	1.0
359	0.0	90.22063299200002	-14.836095735999995	5.088318681600001	8.076960511200001	0.0	1.0
359	0.0	-80.88364144	-41.534606176000004	9.435424320000001	15.995578032000001	0.0	1.0
359	0.0	90.33789430399999	-8.039252032000002	4.9188617856	8.936002404	0.0	1.0
359	0.0	-66.062955616	45.26566688	6.0314857343999995	8.091560080799999	0.0	1.0
359	0.0	-75.27690620800001	26.404269751999983	6.3655017216	10.7567859168	0.0	1.0
359	0.0	-80.19759126400001	36.766746632000014	6.2561412480000005	8.582576184	0.0	1.0
359	0.0	-72.770445664	58.567765088	6.952737792	11.453824872	0.0	1.0
360	0.0	-49.07007548799999	84.065330216	5.6816680704	12.200755744799999	0.0	1.0
360	0.0	-95.47552470400001	59.19176597599999	11.736856320000001	10.2632158944	0.0	1.0
360	0.0	-66.01004502400001	53.10157361600001	4.401946752	10.902218544	0.0	1.0
360	0.0	-72.710384992	57.82572084800001	6.113854656	6.3747633096000005	0.0	1.0
360	0.0	-111.88996336	65.77444244000002	7.2961918848	6.306129244799999	0.0	1.0
360	0.0	3.185569184000009	94.29548592800002	12.3867270912	5.3453528856000005	0.0	1.0
360	0.0	-70.46954992000002	-18.760685272	2.6247121420800004	7.913268367200001	0.0	1.0
360	0.0	88.0941992	27.038727631999993	4.519208064	10.4450670072	0.0	1.0
360	0.0	-73.84689020799999	-15.867718216000002	3.8079538560000006	7.744890686400001	0.0	1.0
360	0.0	-74.817871072	33.354750800000005	6.140381452799999	11.139270508800001	0.0	1.0
360	0.0	-10.871845599999986	48.500497136	3.5223439104	4.66995186	0.0	1.0
360	0.0	90.13769206399999	-13.541640783999998	5.0913217152	12.827491538399999	0.0	1.0
360	0.0	-57.151453408	69.195286496	4.387074585600001	10.1727025848	0.0	1.0
360	0.0	-83.194189792	-14.123612607999997	3.3006306547200004	10.917340963200001	0.0	1.0
360	0.0	-66.46836515199999	-51.681307048	5.3300628863999995	6.741361317600001	0.0	1.0
360	0.0	-72.498027616	59.092826744	6.371186035200001	9.014711378400001	0.0	1.0
360	0.0	-65.712244192	45.629650639999994	5.500949798400001	7.924871606400001	0.0	1.0
360	0.0	-49.46797744	76.360336976	5.365420031999999	8.3077785	0.0	1.0
360	0.0	-80.899014112	-41.583673600000004	9.3652462848	15.7330874232	0.0	1.0
360	0.0	90.042238496	-15.348488343999998	5.332529664	9.1833303744	0.0	1.0
360	0.0	90.266036	-9.330690544000005	4.6272100224	9.240461748	0.0	1.0
360	0.0	-75.44171555199999	25.863120415999997	5.7254980608	8.3891620512	0.0	1.0
360	0.0	-79.74105865599999	37.793743904	6.0584772864000005	9.0560164968	0.0	1.0
361	0.0	-64.60505430399999	48.32252717600001	6.047072908800001	9.8108906616	0.0	1.0
361	0.0	-84.021096544	-13.895770839999999	4.4143878912000005	10.5236151048	0.0	1.0
361	0.0	45.524410399999994	86.743325648	8.3221926144	6.836499835199999	0.0	1.0
361	0.0	-47.90389744000001	77.80742379200001	6.4707151488	10.03066848	0.0	1.0
361	0.0	-85.149736672	26.53759640000001	5.855486515200001	9.5234440392	0.0	1.0
361	0.0	-65.32864240000002	54.24460327999999	4.644155712	10.0833757416	0.0	1.0
361	13.0	15.486209312	2.9512476559999974	21.653802777600003	4.3924997088	0.0	1.0
361	0.0	-65.09340476800001	46.669920248000004	5.5909335552	8.279061991199999	0.0	1.0
361	0.0	3.8766244159999905	94.340732528	12.1427306112	5.4762864912	0.0	1.0
361	0.0	-66.29783574400001	-51.7842682	6.0402445824	6.915550672799999	0.0	1.0
361	0.0	89.78519312	-17.77189624	5.4840756096000005	7.954774581600001	0.0	1.0
361	0.0	-72.418661728	57.704862152000004	5.990122521600001	6.582173723999999	0.0	1.0
361	0.0	-10.865410527999996	48.568266488000006	3.4384055462400003	4.2718622184	0.0	1.0
361	0.0	-48.597812704000006	76.96724470400001	5.5684465536	8.2063456776	0.0	1.0
361	0.0	90.233503136	-11.443204024000002	4.852580544	7.504178774400001	0.0	1.0
361	0.0	88.57504208	26.423574967999993	5.649278208	11.467599948	0.0	1.0
361	0.0	-56.36172707200001	69.82029286400001	4.3673403647999995	10.051562354400001	0.0	1.0
361	0.0	-80.882926432	-41.827401951999995	9.3056861184	15.371919007199999	0.0	1.0
361	0.0	-79.58125436800002	37.907765336	5.8285307136	8.092686218399999	0.0	1.0
361	0.0	-75.09743920000001	26.469022664000004	5.583497472	8.5372089264	0.0	1.0
362	0.0	5.127530912000009	94.16396914400002	11.535224064	5.3465192424	0.0	1.0
362	0.0	-65.17384316799999	55.204434488000004	3.9432691200000005	9.7373900736	0.0	1.0
362	0.0	-80.440693984	-30.870686392	7.585627123199999	19.2688779528	0.0	1.0
362	0.0	-86.164333024	-13.890140152	5.319302016	8.7339612528	0.0	1.0
362	0.0	-55.655656672	70.11389302399999	4.4522833152	10.187121168	0.0	1.0
362	0.0	-85.219449952	-12.624240831999996	6.7252937472	12.061416326400002	0.0	1.0
362	13.0	15.434728736	2.943404912000006	21.7379949696	4.3981505064	0.0	1.0
362	0.0	-47.819168992000016	77.619801224	5.334674688	8.171837604	0.0	1.0
362	0.0	89.10665052800003	26.626279735999983	5.4248729472	8.2556745264	0.0	1.0
362	0.0	-64.852089568	48.01163275999999	4.7841542784	7.931950185600001	0.0	1.0
362	0.0	-74.15184112000001	-14.448985936000005	4.094672064	7.619969851200001	0.0	1.0
362	0.0	-67.015346272	-51.185203216000005	5.6173531008	7.0840892304	0.0	1.0
362	0.0	90.15592476800002	-12.665867704	4.8993420672	8.7244695216	0.0	1.0
362	0.0	-64.298673376	49.17316325600001	6.0728489472	10.320568473600002	0.0	1.0
362	0.0	-10.841815264000001	48.378230767999995	3.39714958464	4.3677850104	0.0	1.0
362	0.0	-71.31862191999998	60.433935968000014	7.716902592000001	10.4255405856	0.0	1.0
362	0.0	89.74729769599999	-18.56602434399999	4.8342763392000005	8.598060576	0.0	1.0
362	0.0	-74.825378656	27.260335423999994	5.489295168	8.232226732800001	0.0	1.0
362	0.0	-79.555156576	38.61099804799999	5.6484201984	8.281233828000001	0.0	1.0
362	0.0	-80.89615408	-41.675574471999994	9.3332854272	15.6500548848	0.0	1.0
362	0.0	-84.867308512	26.323026968	6.0989467392	10.9130978376	0.0	1.0
363	0.0	89.46272451200001	-19.351706416000003	5.671371955200001	10.7064314784	0.0	1.0
363	0.0	102.14339139200001	-43.93790447199999	7.287683289600001	9.1079595936	0.0	1.0
363	0.0	89.164208672	24.926013055999988	4.915644249600001	6.878146816799999	0.0	1.0
363	0.0	-73.62059017600001	34.98966128000002	6.415516531200001	11.4643623024	0.0	1.0
363	0.0	-70.97970812800001	60.752874223999996	6.6752789376	9.8514316152	0.0	1.0
363	0.0	-74.59800611200001	-13.234164999999999	3.9010121472	8.3945916432	0.0	1.0
363	0.0	-80.36883568	-30.374984752000003	7.3597203456	19.3746544488	0.0	1.0
363	0.0	-10.914388576000004	48.381850496	3.3996378124800004	4.2844106088	0.0	1.0
363	13.0	15.466189087999995	2.9454158720000088	21.7033170816	4.3821231552	0.0	1.0
363	0.0	-67.03608150400001	-50.720872552	6.1276543104	7.234086736799999	0.0	1.0
363	0.0	-85.438599904	-12.726397600000002	6.8312221823999995	11.1023693928	0.0	1.0
363	0.0	-46.124600032000004	78.19755003200001	7.371088972800001	8.1346147344	0.0	1.0
363	0.0	90.025435808	-13.673760856	4.996154150400001	9.7652619792	0.0	1.0
363	0.0	89.753732768	-16.912814127999997	5.5887885312000005	14.7949745832	0.0	1.0
363	0.0	5.958370207999991	94.175029424	11.848361817599999	5.4963960912	0.0	1.0
363	0.0	-74.583705952	27.83466560000001	5.0602903679999995	7.929758239200001	0.0	1.0
363	0.0	-64.419509728	48.603458288	4.6895944704	8.5880258856	0.0	1.0
363	0.0	-79.14688700800001	39.482548112	5.978932646399999	8.1931939992	0.0	1.0
363	0.0	-84.479774176	26.794395992000002	5.949367065600001	11.5372193832	0.0	1.0
363	0.0	-80.91224176	-41.928754336000004	9.3713238528	15.2838791784	0.0	1.0
364	0.0	-84.015733984	-14.126427952000002	3.1110319833600006	6.716505852000001	0.0	1.0
364	0.0	-100.00903292800001	12.829284272000008	8.1599930496	4.8840386616	0.0	1.0
364	0.0	-85.465412704	-11.469949792000003	6.130264089600001	11.8110920256	0.0	1.0
364	0.0	-74.741365216	-12.35839192	3.9972164736	8.1329456376	0.0	1.0
364	0.0	-63.254046688	49.208153960000004	5.8972787328	7.5142939032000005	0.0	1.0
364	0.0	-63.61619824000001	56.71788298399999	4.688343206400001	11.8538852544	0.0	1.0
364	0.0	-79.277375968	39.710993167999995	5.1820562304	8.2853965152	0.0	1.0
364	0.0	-67.68638128	-49.89999868	6.1148556672	7.731980323200001	0.0	1.0
364	0.0	89.67686940799999	22.057378616000005	5.1460555776	9.9824456592	0.0	1.0
364	0.0	-84.43544368	27.334338751999987	6.0620523264	11.2473193896	0.0	1.0
364	0.0	88.92360848000001	-20.981790592000003	6.698194944000001	9.1644675696	0.0	1.0
364	0.0	-10.88400073599999	48.339017047999995	3.36135270912	4.385340691200001	0.0	1.0
364	13.0	15.452961439999989	2.9568783440000064	21.6786493056	4.3801926336	0.0	1.0
364	0.0	6.838902559999996	94.276582904	12.3087197184	5.7137205384000005	0.0	1.0
364	0.0	-70.67761724799999	61.62884840000002	6.5738193024000005	10.4371639344	0.0	1.0
364	0.0	-44.12436515199999	79.790431448	9.275798784	9.803771863200001	0.0	1.0
364	0.0	-74.09821552000001	28.905501800000007	5.738046451200001	8.8066373472	0.0	1.0
364	0.0	-80.922251872	-42.054238240000004	9.3006095616	15.1035966144	0.0	1.0
364	0.0	89.84275126400001	-14.439936616	4.8570135936000005	9.3447099144	0.0	1.0
365	0.0	49.37544348800001	84.290155544	8.520821836800001	6.7484398968	0.0	1.0
365	0.0	102.16555664000002	-43.962237088	7.178322816	8.925826946399999	0.0	1.0
365	0.0	-74.952292576	-11.559236416	3.9390863231999997	8.0868142152	0.0	1.0
365	0.0	-73.144394848	30.834213535999993	6.742060684799999	10.521302500800001	0.0	1.0
365	0.0	-10.892580831999984	48.32735348	3.2527608691200003	4.3783425504	0.0	1.0
365	0.0	-78.275292256	47.14128927199998	5.8442251392	10.9913644008	0.0	1.0
365	13.0	15.411848480000021	2.9122350319999977	21.8295159936	4.291650064800001	0.0	1.0
365	0.0	-68.014927456	-48.660241840000005	5.9479012992	8.9640351864	0.0	1.0
365	0.0	-18.338316640000006	-75.88964572	8.24761728	3.9214122192	0.0	1.0
365	0.0	90.23993820800001	20.681077592	5.29284672	9.0886945968	0.0	1.0
365	0.0	-62.573001568	50.04913743200001	6.0573332736	7.6565693232	0.0	1.0
365	0.0	7.854571424000008	94.18025792	12.6147431424	5.8195372536	0.0	1.0
365	0.0	89.02156457600003	-22.953335776000007	5.39562912	8.619235984800001	0.0	1.0
365	0.0	-43.46620028799999	79.67962755200001	9.4310627712	8.8075623888	0.0	1.0
365	0.0	-78.78509296000001	40.356511327999996	5.4243366912	7.487025285600001	0.0	1.0
365	0.0	-73.57304214399998	29.566504351999995	6.0115370112	8.1742909752	0.0	1.0
365	0.0	89.82094352	-16.147844944	4.7597725056	9.3843057168	0.0	1.0
365	0.0	-80.90401916799999	-42.28449316000001	9.4496172288	14.4620400456	0.0	1.0
365	0.0	-83.90884028800001	28.23384116	6.269690649600001	10.590419196	0.0	1.0
366	0.0	-78.449396704	41.38672613599999	5.5637275008	8.5484501928	0.0	1.0
366	0.0	-69.79565488	61.59808071200001	6.610105958399999	7.79196726	0.0	1.0
366	0.0	-42.47591420799999	81.292618568	9.957022656	11.073049596	0.0	1.0
366	0.0	-43.09546863999999	79.926171248	8.6927812608	8.5768851672	0.0	1.0
366	0.0	-86.92724656	-9.323853280000005	4.5702596352	8.8552824696	0.0	1.0
366	13.0	15.481561760000007	2.9090174959999926	21.6959524992	4.3025896872	0.0	1.0
366	0.0	-61.70319433599999	51.051802087999995	6.8334029568	8.4785291136	0.0	1.0
366	0.0	88.908593312	-22.649278624	5.4722064768	11.151296049599999	0.0	1.0
366	0.0	-68.22692732800002	-48.165947872000004	6.3429074688	9.046705752	0.0	1.0
366	0.0	-21.528324831999985	-81.6874646056	5.2387206144	9.9506121624	0.0	1.0
366	0.0	-73.05752137600001	30.983024576000002	6.3975698304	9.486402156	0.0	1.0
366	0.0	90.37614723200002	20.299799576	5.1926383488	9.7776494928	0.0	1.0
366	0.0	-80.914386784	-42.01080150400001	9.4337083008	15.011997386400001	0.0	1.0
366	0.0	-83.589231712	28.72491759200001	6.417375552000001	11.05726356	0.0	1.0
366	0.0	8.920648351999997	94.00610878400002	12.37321344	6.1111867824	0.0	1.0
367	0.0	-77.493431008	43.496826463999994	5.228710502400001	8.2096235424	0.0	1.0
367	0.0	-82.590008032	-33.04493634399999	4.7363202432	7.6635071352000015	0.0	1.0
367	0.0	-68.205834592	-47.497504768	6.686933568	9.3009514248	0.0	1.0
367	0.0	-22.15502934400001	-82.0093388632	5.3076473856	9.5632409376	0.0	1.0
367	0.0	-68.94980041600002	-46.322903032000006	5.4557255424	7.2413060832	0.0	1.0
367	0.0	-74.687382112	-10.334360679999998	4.795737408	8.791514928	0.0	1.0
367	0.0	50.651732768	83.631365048	6.8958231551999996	6.7852404648	0.0	1.0
367	0.0	-61.092935008	52.14355227200001	6.9395816448	8.5096587744	0.0	1.0
367	13.0	15.477271711999999	2.9253062719999976	21.7450735488	4.3346443896	0.0	1.0
367	0.0	-69.64228566400001	61.78168136000001	5.8324275072	7.3401849864000015	0.0	1.0
367	0.0	-10.912243552000001	48.395525024	3.27332092416	4.5026198784	0.0	1.0
367	0.0	-77.854867552	42.282005528	5.7359371776	8.191886875200002	0.0	1.0
367	0.0	-41.702990559999996	81.50899786400001	10.1255500416	10.4028368472	0.0	1.0
367	0.0	90.54417411200001	20.10594303199998	5.1097331712	9.7788158496	0.0	1.0
367	0.0	9.822988448000002	93.71773712000002	12.260957184	5.8376761128000005	0.0	1.0
367	0.0	-72.542358112	31.430664271999984	6.2210343552000005	9.3303918792	0.0	1.0
367	0.0	88.48566608	-26.248695928	5.1465918336000005	6.9953857848	0.0	1.0
367	0.0	89.283972512	-18.82061188	4.899056064	9.951637752	0.0	1.0
367	0.0	-80.912956768	-42.088022368000004	9.4935544704	15.042543868800001	0.0	1.0
367	0.0	-83.16987952000001	29.401002344000002	6.754680576	11.098830103200001	0.0	1.0
368	0.0	-69.013436128	62.125354423999994	6.104774054400001	6.774522048000001	0.0	1.0
368	0.0	-69.2879992	-46.942278712000004	5.692822195200001	4.7748435336	0.0	1.0
368	13.0	15.414351008000011	2.8452700639999953	21.7985561472	4.1779101672	0.0	1.0
368	0.0	-77.26570095999999	43.734723032	5.6034104448	8.4919221072	0.0	1.0
368	0.0	10.549436575999998	93.68737162400001	12.1608203136	5.9414014296	0.0	1.0
368	0.0	90.696470816	19.086989600000006	5.3350679424	8.4224836584	0.0	1.0
368	0.0	-10.908668512000009	48.32534251999999	3.2563752345599997	4.4459510256	0.0	1.0
368	0.0	88.024843424	-26.973043719999996	5.4195461376	8.803379591999999	0.0	1.0
368	0.0	-72.24562979200002	32.004592256	5.45461728	8.6353839936	0.0	1.0
368	0.0	-78.007164256	42.229519472	5.1081959040000005	7.1584947504	0.0	1.0
368	0.0	-40.77062012800001	82.184077136	9.9966340992	10.3529851488	0.0	1.0
368	0.0	-80.89615408	-41.987072176000005	9.4891571712	15.460883877599999	0.0	1.0
368	0.0	-83.105886304	29.92867824800001	6.3864157056	10.6898008392	0.0	1.0
369	0.0	-84.901271392	-9.796227783999996	3.8360894208000005	8.7437948472	0.0	1.0
369	0.0	46.20724304000001	84.887410664	6.432497971200001	5.568127034400001	0.0	1.0
369	0.0	-50.097541984	66.74593721599999	6.19107552	7.3395615888	0.0	1.0
369	13.0	15.437946272000007	2.882070631999991	21.777284659200003	4.2102665136	0.0	1.0
369	0.0	-69.712356448	-46.57769166399999	5.3689593216	5.1992566416	0.0	1.0
369	0.0	11.873988896000002	93.520864136	12.511638988800001	6.292434607199999	0.0	1.0
369	0.0	91.19018383999997	18.64317072800001	5.660217830400001	9.455634468	0.0	1.0
369	0.0	88.82815491200003	-21.33893708800001	4.8153286272	9.3285216864	0.0	1.0
369	0.0	87.79461084799999	-28.424554647999994	5.3765384064	8.684672623199999	0.0	1.0
369	0.0	-71.70758627200001	32.830292432	5.8916301696	8.9902782144	0.0	1.0
369	0.0	-10.927258720000005	48.36033322399999	3.2712402508800005	4.5961094088	0.0	1.0
369	0.0	-40.11460028799999	82.74131415200002	9.849771456	10.349707284	0.0	1.0
369	0.0	-77.574226912	43.21690083200001	5.711448153600001	7.8842904336	0.0	1.0
369	0.0	-80.883283936	-41.54647084	9.579498432000001	16.2272004048	0.0	1.0
369	0.0	-83.037960544	30.22971896000001	6.1339106304	9.6622002792	0.0	1.0
370	0.0	50.348211872000014	83.46244440800001	14.525065766400001	10.310574002400001	0.0	1.0
370	13.0	15.388610720000012	2.8641730880000047	21.8426721408	4.175114932800001	0.0	1.0
370	0.0	-75.48890608	-8.958864039999996	5.2112285568	9.842603500800001	0.0	1.0
370	0.0	87.49752502400003	-30.135077223999996	5.50288032	8.0773627032	0.0	1.0
370	0.0	-10.950853984	48.38366036	3.29479976448	4.4199694224	0.0	1.0
370	0.0	-49.071505504	67.678017176	6.2531739648	7.269238317600001	0.0	1.0
370	0.0	-69.94366153600001	-46.348241128000005	5.3933410944	5.4702536112	0.0	1.0
370	0.0	-77.34613936000002	43.747794272	5.5801369344000005	7.444131508799999	0.0	1.0
370	0.0	91.331755424	14.626881415999993	4.7238076032	10.08948906	0.0	1.0
370	0.0	-86.430316	-8.144023048000003	6.415802534399999	11.188740124799999	0.0	1.0
370	0.0	-82.614675808	31.129221368000003	6.1535018496	10.1822144256	0.0	1.0
370	0.0	-39.202250080000006	82.751771144	10.0466846592	9.4021630416	0.0	1.0
370	0.0	12.876072608	93.314740736	12.142444608000002	6.3206885952	0.0	1.0
370	0.0	-80.88864649599999	-41.393235688	9.538027968	16.5567766392	0.0	1.0
370	0.0	88.195015328	-22.77456143199999	5.1104481792000005	10.547585748000001	0.0	1.0
371	0.0	51.34564803200002	82.920490688	12.503916902400002	10.3931239104	0.0	1.0
371	0.0	-58.516403679999996	55.83507154400001	7.3408441344	9.072606916800002	0.0	1.0
371	0.0	-76.35442326399999	-7.262015992000006	4.3398483072	8.286804187200001	0.0	1.0
371	13.0	15.284219551999984	2.885288167999996	22.0771947648	4.1866779528	0.0	1.0
371	0.0	101.48415401600003	-39.517211104	8.8734637824	18.291129091200002	0.0	1.0
371	0.0	91.210919072	16.346453312	4.9701636096	8.2417989024	0.0	1.0
371	0.0	86.87368054400001	-31.459294384	4.936772736000001	7.095048962399999	0.0	1.0
371	0.0	-69.989779552	-46.057858504	5.1356522112	5.4531604512000005	0.0	1.0
371	0.0	-10.94835145600001	48.421466408	3.354191904	4.4766382752	0.0	1.0
371	0.0	-76.828831072	44.65232408	5.355052416	7.634589530400001	0.0	1.0
371	0.0	-86.574390112	-6.753645303999998	6.4673546112	12.6758450448	0.0	1.0
371	0.0	-83.465535328	-29.859977896000007	5.5791359232	9.036650952	0.0	1.0
371	0.0	-75.943651168	51.10388595200002	5.6351925504	11.6672480568	0.0	1.0
371	0.0	-82.655431264	31.31644174400001	5.618711616000001	9.456277975199999	0.0	1.0
371	0.0	-38.24985942400001	82.999722512	10.5885892224	8.6920528464	0.0	1.0
371	0.0	-80.876848864	-41.53742152000001	9.5817864576	16.4208156336	0.0	1.0
371	0.0	13.661151391999999	93.234503432	12.005556326400002	6.5187882648	0.0	1.0
371	0.0	-71.154885088	34.015954447999995	5.5494273408	8.4816662112	0.0	1.0
371	0.0	88.03985859199999	-24.096968728000004	5.2788683136	10.2544481088	0.0	1.0
372	0.0	87.14717110400004	-31.672858336000008	5.3746793856	8.42240322	0.0	1.0
372	0.0	-65.96928956800001	69.02576256799999	7.952783731199999	14.072637751200002	0.0	1.0
372	13.0	15.340705184000004	2.8971528319999944	21.9655462656	4.159932184800001	0.0	1.0
372	0.0	-75.69447088	51.778160839999984	5.9040355584	10.6091010144	0.0	1.0
372	0.0	-76.409836384	45.072413624000006	5.4886159104	6.6733305408	0.0	1.0
372	0.0	-37.414015071999984	85.04446664000001	10.427569420800001	12.2008361832	0.0	1.0
372	0.0	101.469496352	-39.45808888	8.917007769600001	18.4079859768	0.0	1.0
372	3.0	-45.697025248	70.66590154400001	9.7085216256	10.347133255200001	0.0	1.0
372	0.0	92.06821366400001	12.08522907199999	5.2174491264	10.459103508	0.0	1.0
372	0.0	-57.998737887999994	56.51477602400001	6.482655782399999	8.7414822432	0.0	1.0
372	0.0	-70.308315616	-44.519071912	5.69682624	7.5238459632	0.0	1.0
372	0.0	-10.955144032000007	48.4218686	3.3354408191999996	4.3601835816	0.0	1.0
372	0.0	-83.745818464	-29.660892856000004	5.1784811904	8.8533921672	0.0	1.0
372	0.0	14.63820982399999	93.01148796800003	11.4528551424	6.4757135016	0.0	1.0
372	0.0	-86.4571288	-6.003155032000002	6.6501464064	12.646464919200001	0.0	1.0
372	0.0	-82.346547808	31.809126944000003	5.6899264128	9.0595155672	0.0	1.0
372	0.0	-80.90866672	-41.36166361600001	9.546822566400001	16.3888011504	0.0	1.0
372	0.0	-70.62828169600002	34.84064914399999	5.870179929600001	8.2992520296	0.0	1.0
372	0.0	87.93403740800001	-25.362063663999994	4.9104604416	9.9180748296	0.0	1.0
373	1.0	-44.978442208000004	70.898167424	9.8512729728	9.9413416368	0.0	1.0
373	0.0	-83.95638832	-29.223307960000003	5.7817691903999995	9.6990008472	0.0	1.0
373	0.0	-75.30121648000002	50.852113759999995	6.230651212800001	11.35890756	0.0	1.0
373	1.0	-56.5161688	64.15541854400001	7.0576294656	10.576241928	0.0	1.0
373	0.0	91.80330320000002	12.911733631999994	5.5230077952	10.161441208800001	0.0	1.0
373	1.0	-68.264822752	41.103180776	7.058773478400001	7.4943853992000005	0.0	1.0
373	0.0	-86.402073184	-5.301128895999999	6.3323611008	12.1031839656	0.0	1.0
373	13.0	15.311389856000014	2.9140448960000005	22.013630553600002	4.2319446624	0.0	1.0
373	0.0	101.39585052799998	-39.445822024	8.9896883328	18.326139904799998	0.0	1.0
373	0.0	-70.109900896	-45.060824536	6.5377471488	6.469539854400002	0.0	1.0
373	0.0	-57.13250569600002	57.481645592	6.541465190399999	9.1049431536	0.0	1.0
373	0.0	-10.964439135999994	48.396932696	3.36673671936	4.355397496799999	0.0	1.0
373	0.0	15.655308704000033	93.02998880000001	12.195390950399998	6.9520093776	0.0	1.0
373	0.0	-80.90294665600001	-41.2468378	9.5760663936	16.8295432536	0.0	1.0
373	0.0	-81.57648419200001	32.501500472	6.3972838272	9.5083417296	0.0	1.0
373	0.0	86.254483616	-33.211644928	5.7226380288	9.485818977600001	0.0	1.0
373	0.0	-36.57066313599999	84.53810691199999	10.511261107200001	9.999800244	0.0	1.0
373	0.0	87.381693728	-26.885365864000004	5.4232999296	10.4531912856	0.0	1.0
373	0.0	-70.248612448	35.446551391999996	5.861814336	8.4069389376	0.0	1.0
374	1.0	-55.34713072000002	62.065628912	6.448657152	7.9524217584	0.0	1.0
374	0.0	-84.187335904	-28.769635384	5.8349300352	8.1012327984	0.0	1.0
374	0.0	-70.419856864	-43.991999295999996	6.2662943616	8.6480932608	0.0	1.0
374	0.0	-87.896797408	-4.831368640000002	4.5005106048000005	7.9633613808	0.0	1.0
374	0.0	50.57594191999999	83.83205885599999	7.1293805184	9.4033897272	0.0	1.0
374	0.0	-85.355658976	-4.8947138799999985	3.7351302912	11.5511151168	0.0	1.0
374	1.0	-68.087500768	42.24922687999999	8.0335796352	9.7509841632	0.0	1.0
374	0.0	-57.461051872000006	57.114042104	4.932840192	7.7599125576	0.0	1.0
374	0.0	-10.990894432000008	48.37943734400002	3.37764774144	4.3054452504	0.0	1.0
374	1.0	-44.09111728	71.935621688	9.647960448000001	9.78030396	0.0	1.0
374	13.0	15.30316726400003	2.8850870720000175	22.0205303808	4.2198185736000005	0.0	1.0
374	0.0	91.91269942400002	11.663530760000008	5.3724986112	7.728441033600001	0.0	1.0
374	0.0	101.48880156800003	-39.614742664	8.8331373312	17.8911893664	0.0	1.0
374	0.0	-70.411991776	-45.324260296	5.7811256832	5.81066892	0.0	1.0
374	0.0	-35.78629936000001	84.15863875999999	10.4681103744	8.606345731200001	0.0	1.0
374	0.0	-81.01949296	33.39637767200001	6.807162163199999	9.1907508168	0.0	1.0
374	0.0	-80.904376672	-41.358647176000005	9.554473152	16.65778716	0.0	1.0
374	0.0	-69.745246816	36.118614223999984	6.0392793216	8.379469224	0.0	1.0
374	0.0	86.00387331200001	-35.07922348	5.718276479999999	8.2870455024	0.0	1.0
374	0.0	16.59733174400002	92.67445107199998	12.3342097536	7.3354994496	0.0	1.0
374	0.0	87.10748816000002	-28.553256088	5.5801369344000005	9.102670768800001	0.0	1.0
375	0.0	-75.86714531200002	1.5339230479999917	4.929479654400001	14.265006184799997	0.0	1.0
375	0.0	-87.448129888	-4.626652911999999	5.4886516608	8.9907206256	0.0	1.0
375	0.0	-28.952610400000015	-71.06334172000001	8.237178163200001	5.4179686512	0.0	1.0
375	0.0	-70.55427836800001	-44.53174096	6.8625395328000005	5.7437240616	0.0	1.0
375	0.0	-70.829198944	-43.435767760000005	6.6067096704	7.144840332	0.0	1.0
375	13.0	15.290654623999995	2.884483783999995	22.0457344128	4.2116339664	0.0	1.0
375	0.0	-63.23760150400001	69.056128064	8.9702758656	11.384547300000001	0.0	1.0
375	0.0	-28.215437152	-91.3400122768	9.1319749248	7.178523912	0.0	1.0
375	0.0	92.13041935999999	11.098853191999984	5.39920416	8.7579922248	0.0	1.0
375	0.0	-75.55075427199999	47.149534208	5.5138556928	6.9897349872	0.0	1.0
375	0.0	-10.96622665599999	48.399144751999984	3.38978500224	4.294103436	0.0	1.0
375	0.0	-35.51745635199998	84.18478123999999	9.782131699199999	7.7487919488	0.0	1.0
375	0.0	-80.91045423999999	-41.182487079999994	9.5877567744	16.885246845599998	0.0	1.0
375	0.0	85.44938460800005	-36.534555232	5.836610304	8.1823549248	0.0	1.0
375	0.0	-81.07848111999999	33.999062384000005	6.347841024000001	9.0420604344	0.0	1.0
375	0.0	86.736399008	-29.770892368000002	5.13375744	9.4607423064	0.0	1.0
375	1.0	-67.582347616	43.424632999999986	8.248439539200001	10.8690980328	0.0	1.0
375	0.0	-69.154650208	36.56967255199999	6.155718374400001	8.2276618536	0.0	1.0
375	0.0	17.539354784000004	92.553793472	11.787621888	7.021085853600001	0.0	1.0
376	0.0	92.73567363199999	6.887701855999991	5.3660277888	9.310020854400001	0.0	1.0
376	0.0	18.800986399999996	94.42599723200001	11.738250585600001	11.6136358632	0.0	1.0
376	0.0	-71.400132832	-42.722279152000006	6.551225049600001	6.798492691200001	0.0	1.0
376	0.0	-87.175354336	-4.776268335999998	6.322636992	9.565030692	0.0	1.0
376	13.0	15.298162208000006	2.8921254320000074	22.006802227199998	4.2464637936	0.0	1.0
376	0.0	92.33991670400002	8.094478951999994	5.8003951488	11.4386019048	0.0	1.0
376	0.0	-29.539631968	-70.428079456	8.627822784000001	5.196803270400001	0.0	1.0
376	0.0	58.086385952	78.129378488	8.2837966848	8.0932895064	0.0	1.0
376	0.0	-75.064548832	47.98589247200002	5.684528102400001	6.7302004896	0.0	1.0
376	0.0	-10.961579103999997	48.40437324799999	3.40038857088	4.30999002	0.0	1.0
376	0.0	-80.93297699200001	-41.397458704	9.5061743616	16.341463152000003	0.0	1.0
376	3.0	-42.41978608	72.82144956799999	10.0339217664	9.7871613336	0.0	1.0
376	0.0	18.679792544000012	92.64127023200001	11.818438732800002	8.070404781599999	0.0	1.0
376	0.0	-80.67271408	34.46017551199999	6.204839424	8.3901072024	0.0	1.0
376	0.0	-34.1274808	85.81888733600002	10.768735488	9.9615718944	0.0	1.0
376	0.0	86.196567968	-31.463919591999996	5.3106146688	8.8971707664	0.0	1.0
377	0.0	-62.029952992000005	70.284623528	9.3164112384	9.5954565168	0.0	1.0
377	0.0	-33.212270560000015	85.76760785600001	10.9440554496	9.1225993824	0.0	1.0
377	0.0	19.772324768000015	94.251043712	11.9471044224	11.3949640728	0.0	1.0
377	0.0	-10.958361567999992	48.43393436000002	3.32159826432	4.2948877104	0.0	1.0
377	0.0	92.464328096	7.34519525600001	5.328740121599999	10.7010823248	0.0	1.0
377	0.0	-34.447804384	84.96201728	8.4961540608	7.5419446032	0.0	1.0
377	13.0	15.317467423999995	2.9355621680000143	21.9463840512	4.2405716808000005	0.0	1.0
377	0.0	-74.58978351999998	48.667406815999996	5.8731114624	6.9191502912	0.0	1.0
377	0.0	-80.185436128	35.125803272000006	6.416481791999999	8.7422665176	0.0	1.0
377	0.0	84.47911875199998	-39.03578728	6.0407093376	8.1048927456	0.0	1.0
377	0.0	-80.936194528	-41.378957872	9.472390233599999	16.464051273600003	0.0	1.0
377	3.0	-41.548191327999994	73.269089264	10.2831735552	10.275321873600001	0.0	1.0
377	0.0	85.88124944000003	-32.085708423999996	5.284874380800001	10.0444837752	0.0	1.0
378	0.0	21.589875104000004	91.55153100799998	10.0121855232	7.2050283648	0.0	1.0
378	0.0	-31.136959840000003	-69.144483688	9.2377603584	6.0793733952	0.0	1.0
378	0.0	-85.37174665600001	-26.690503839999995	6.146208768	10.3851806184	0.0	1.0
378	0.0	-32.404669024	86.0921768	10.6746404352	9.234006566400002	0.0	1.0
378	0.0	-62.567996512	70.262704064	7.5209188992	9.5419448712	0.0	1.0
378	0.0	-10.97015920000001	48.447407792	3.35541814272	4.4045654688	0.0	1.0
378	0.0	-53.55353315200001	61.49511955999999	6.743061696000001	8.3232830016	0.0	1.0
378	13.0	15.279571999999991	2.9128383199999988	22.0457701632	4.222774684800001	0.0	1.0
378	0.0	-74.32737558400001	49.67308791199999	5.9229832704000005	6.864713604	0.0	1.0
378	0.0	-80.980525024	-41.28866576800001	9.4394998656	16.6081767768	0.0	1.0
378	0.0	-80.38742588800001	35.922746720000006	5.9278095744	8.633855664	0.0	1.0
378	0.0	85.50444022400004	-33.200182456	5.1855240192	10.5421360464	0.0	1.0
379	3.0	21.458671136000017	91.635991328	11.9269769472	7.4242230048	0.0	1.0
379	0.0	-10.951926496000002	48.397737080000006	3.3204363763200004	4.270474656000001	0.0	1.0
379	3.0	-31.129452255999993	86.95588412000001	10.937298624	9.6233686416	0.0	1.0
379	0.0	-76.038032224	1.884433376000008	5.2695732096	7.537218847199999	0.0	1.0
379	1.0	-64.274363104	44.295780871999995	6.382769164800001	8.076819744	0.0	1.0
379	1.0	-65.515616992	44.58153828799999	8.6749775616	9.3071451816	0.0	1.0
379	0.0	-62.36529174400001	70.03365572	6.668486361600001	8.505757512	0.0	1.0
379	0.0	-31.948851424000004	-68.590464208	9.0660869376	6.078589120799999	0.0	1.0
379	0.0	93.08817257600002	3.4439328560000106	4.7916618624	10.885849329600001	0.0	1.0
379	0.0	-72.291747808	-41.27479014400001	6.703807756800001	8.441808984	0.0	1.0
379	3.0	-39.94728841600002	74.170602632	10.1141099136	9.1076579496	0.0	1.0
379	0.0	-52.934693728000006	62.506431344	6.2709419136	7.624836374400001	0.0	1.0
379	0.0	-73.70782115200001	50.33630251999998	6.0998047488	7.697492359199999	0.0	1.0
379	13.0	15.310317344000012	2.9126372239999982	21.9704798208	4.2072500736	0.0	1.0
379	0.0	84.15128758399999	-38.05745524	7.073037888000001	15.238371153600001	0.0	1.0
379	0.0	-79.799331808	36.39592560800001	6.084896832000001	8.385683090399999	0.0	1.0
379	0.0	-80.99446768	-41.562357424000005	9.3940611072	16.200494856	0.0	1.0
380	0.0	-75.56934448000001	2.3883799519999975	4.0058680704	7.5380232312	0.0	1.0
380	0.0	-61.914836704	69.86956138400001	6.378729369600001	7.481193501600001	0.0	1.0
380	13.0	15.314964896000005	2.8758366560000024	21.985423488000002	4.2256704672	0.0	1.0
380	0.0	56.81867676799998	79.930796456	11.053558924799999	13.6855681704	0.0	1.0
380	0.0	93.19184873599998	3.518539472000004	5.3203030272000005	11.3448107304	0.0	1.0
380	0.0	-30.473074912000012	86.96593892	10.7985513216	8.7251733576	0.0	1.0
380	0.0	-33.160074976000004	-68.17701083200001	8.422222233600001	5.608728316800001	0.0	1.0
380	0.0	-80.987675104	-41.505045063999994	9.405393984	16.3348470936	0.0	1.0
380	0.0	83.44700470400002	-38.717854504	7.347243456	15.475141583999996	0.0	1.0
380	0.0	-72.130513504	-40.697845720000004	7.4721196032	9.060480828	0.0	1.0
380	0.0	-73.378202464	50.985440407999995	6.0727774464	7.394903208000001	0.0	1.0
380	0.0	-79.40714992	36.916764247999986	6.048824678400001	8.5477262472	0.0	1.0
380	1.0	-65.00688880000001	43.61909283200001	8.9360984832	10.0723154616	0.0	1.0
380	0.0	22.671324704000003	91.368734744	11.5332935424	7.336384272	0.0	1.0
381	3.0	23.761711904000002	91.07975979199999	11.6473373184	7.272234648	0.0	1.0
381	3.0	-39.11895164800001	74.28502625600001	8.3631625728	7.0377969312	0.0	1.0
381	0.0	-87.496392928	0.858240488	5.7705078144	10.8415679904	0.0	1.0
381	0.0	-33.93371363200001	-67.918401376	7.868734540800001	5.241144938400001	0.0	1.0
381	0.0	-72.45977468800001	52.549162904000006	6.943335436800001	8.8156062288	0.0	1.0
381	0.0	-66.220972384	40.500898256	5.7914217984	7.7846071464	0.0	1.0
381	0.0	-87.831016672	-25.451149192000003	9.188496307200001	11.510835588	0.0	1.0
381	0.0	83.14133878400004	-39.723937791999994	7.136959603199999	15.543051703200002	0.0	1.0
381	0.0	58.866817184000006	78.47868224	14.228408947200002	15.794461922399998	0.0	1.0
381	0.0	-61.23915414400001	70.60758370399999	6.424275379200001	8.0819074728	0.0	1.0
381	0.0	-10.94942396799999	48.41080832	3.3893774476800003	4.3970042592	0.0	1.0
381	1.0	-64.296885856	45.04003716800001	8.8214112	8.3510342496	0.0	1.0
381	0.0	-72.674992096	-40.792763031999996	7.358147328	7.525012320000001	0.0	1.0
381	13.0	15.308887327999981	2.929931480000005	22.019600870399998	4.2699920256	0.0	1.0
381	0.0	-79.409294944	37.31573871200001	5.5186462464	8.2681223688	0.0	1.0
381	0.0	93.04634460800003	1.746682615999997	5.3231630592	12.682823076	0.0	1.0
381	0.0	-80.974447456	-41.606196352	9.3776159232	16.132826052	0.0	1.0
382	1.0	-63.750977248000005	46.97538507200001	8.9637692928	8.97189804	0.0	1.0
382	3.0	-37.03398832	75.51050528	10.471327910400001	8.7393104064	0.0	1.0
382	0.0	-65.67184624000001	41.153655871999995	6.071633433600001	7.958474748	0.0	1.0
382	0.0	-10.937268832000006	48.471740407999995	3.3777156672000004	4.5360420336	0.0	1.0
382	0.0	-78.718239712	38.56414268	5.7900990336	7.9651712448000005	0.0	1.0
382	0.0	83.25109251199999	-38.835093472	5.6036606976000005	9.525133245600001	0.0	1.0
382	0.0	-72.390776416	52.492654928	6.4075441920000005	7.5476758392	0.0	1.0
382	0.0	24.861036704	90.57460664	11.5878486528	7.4396671776	0.0	1.0
382	13.0	15.32569001599998	2.901375848000001	22.0058369664	4.287547706400001	0.0	1.0
382	0.0	-60.612807135999994	70.730252264	6.3613904256	7.9356704616	0.0	1.0
382	0.0	-73.644900448	-40.048908928	6.751105536000001	8.1058982256	0.0	1.0
382	0.0	81.69773763200003	-45.50283354399999	6.309016089600001	7.6337449272	0.0	1.0
382	0.0	63.107172128000016	73.33243450399999	5.970245299200001	7.143834852000001	0.0	1.0
382	0.0	-34.625126368	-67.379866288	7.8301956096000005	5.2444429128	0.0	1.0
382	0.0	-87.404156896	0.5801247199999948	6.1318728576	11.8293917616	0.0	1.0
382	0.0	93.08030748800002	0.42568299199999915	5.6012654208	12.0149028216	0.0	1.0
382	0.0	-80.933334496	-41.851734568	9.4581615744	15.665941468799994	0.0	1.0
383	0.0	93.175761056	0.8361199280000066	5.6214643967999995	10.3986138312	0.0	1.0
383	0.0	-10.945848927999998	48.486822608	3.3826241971199997	4.4465945328	0.0	1.0
383	0.0	81.04243279999999	-46.10169743200001	6.1765966080000005	7.624957031999999	0.0	1.0
383	3.0	25.839525152000004	90.358227344	11.6518418688	7.4545683912	0.0	1.0
383	3.0	-36.434454112000004	75.505678976	9.961491456000001	7.734795667200001	0.0	1.0
383	13.0	15.32068496	2.8911199520000057	21.978023155200002	4.229953812	0.0	1.0
383	0.0	-78.483717088	38.89192915999998	5.5147494528	8.4843206784	0.0	1.0
383	0.0	-74.159348704	-38.776976728	5.4394591104000005	8.710191705600002	0.0	1.0
383	3.0	-27.194048223999992	88.679075744	10.545509990400001	7.1901271512000005	0.0	1.0
383	0.0	82.72556163199998	-40.17499612	5.8234899072	9.3018563568	0.0	1.0
383	3.0	60.34509622400001	77.302471736	12.1459481472	15.6220824312	0.0	1.0
383	0.0	-87.54215344	0.6746398399999994	6.202694400000001	10.707738602400001	0.0	1.0
383	0.0	-80.939412064	-41.614843480000005	9.4362108288	16.256520201599997	0.0	1.0
383	0.0	-35.60575983999998	-66.199633864	7.835772672	5.2270682184	0.0	1.0
384	0.0	59.10670236799998	75.65810974400001	7.7036034432	7.556986584000001	0.0	1.0
384	0.0	93.148948256	-2.5181613519999977	5.6744107392	11.8032090624	0.0	1.0
384	0.0	-10.935838815999997	48.448614368	3.3269143488	4.4300443320000005	0.0	1.0
384	0.0	-76.41376892800001	3.315834703999994	5.2619941248	9.398523204	0.0	1.0
384	13.0	15.337845152000028	2.863971992000004	21.956143910399998	4.2038515512000005	0.0	1.0
384	0.0	-64.65331734399999	42.544838000000006	6.133481625599999	8.0681927256	0.0	1.0
384	3.0	-26.558763615999997	88.89444956000001	11.0263886208	8.884722924	0.0	1.0
384	3.0	-25.38972553599999	90.470841104	8.5898558592	7.5626373816	0.0	1.0
384	0.0	-34.203986656000005	-86.4963738016	7.544049407999999	10.3193820072	0.0	1.0
384	0.0	-76.521735136	6.544632079999986	4.431011827200001	9.7541212608	0.0	1.0
384	3.0	-55.949882464	74.86398163999999	7.7368513152	8.003721348000001	0.0	1.0
384	0.0	93.29123484799999	-1.3938336160000004	5.2481944704	8.742387175200001	0.0	1.0
384	0.0	-74.353115872	-38.530634127999996	5.822989401600001	7.8854366808	0.0	1.0
384	3.0	-35.37338224	75.997760888	10.3815944064	7.3303916112	0.0	1.0
384	0.0	-87.655124704	1.0641627919999943	6.0939416832	10.525364640000001	0.0	1.0
384	0.0	-48.66430844800001	66.320015888	7.741606118399999	9.200845836000001	0.0	1.0
384	3.0	26.767248032000023	90.292670048	11.7965952384	7.986728736000001	0.0	1.0
384	0.0	82.22255350400002	-41.638975	5.915296934400001	9.517511707199999	0.0	1.0
384	0.0	-36.67541180800001	-64.957866064	7.754261760000001	6.48886518	0.0	1.0
384	0.0	-77.898125536	39.46103083999999	5.9032132992	8.4564286632	0.0	1.0
384	0.0	-71.18634544	54.49878862400001	7.1526182784	8.6843910888	0.0	1.0
384	0.0	-80.93655203200001	-41.466233536	9.480827328	16.2872275608	0.0	1.0
385	3.0	-56.610192352	74.696468672	10.1877557376	8.377237058399999	0.0	1.0
385	13.0	15.314964896000005	2.8696026799999923	22.010270016	4.2289081128	0.0	1.0
385	3.0	27.949513760000013	93.19408313600002	11.2217645568	14.4246562992	0.0	1.0
385	0.0	81.87827715200001	-42.668586520000005	5.5387379712	9.5278480416	0.0	1.0
385	0.0	-77.92350832000001	40.169492047999995	5.2260292224	8.3564035128	0.0	1.0
385	0.0	-49.14550883200002	66.305939168	5.5405254912	7.9206083712	0.0	1.0
385	0.0	-37.398642400000014	-64.68578317600002	8.36469984	5.6614154688000005	0.0	1.0
385	0.0	-70.79344854399999	54.96352148	7.0275991295999996	8.1399035592	0.0	1.0
385	3.0	-34.56113315200001	76.845380528	10.1394569472	7.99155504	0.0	1.0
385	0.0	-80.95549974400001	-41.519121784	9.422196672	16.196432716799997	0.0	1.0
386	0.0	-76.329397984	3.979652600000009	5.1713311104	7.8864220512	0.0	1.0
386	0.0	-57.963702496	73.12450124	6.197153088	7.250898362400001	0.0	1.0
386	3.0	-33.320236767999994	77.776253912	10.7779948416	8.662250419200001	0.0	1.0
386	3.0	-39.089993824	-55.753501048000004	6.2669021184	13.172692931999999	0.0	1.0
386	0.0	79.223452448	-49.81131534399999	7.3839948672	8.647530192	0.0	1.0
386	0.0	-25.193098336000006	87.95191260800001	11.031965683200001	7.225037416800001	0.0	1.0
386	0.0	79.58810652800001	-47.172533632000004	8.161995072000002	13.901183301600001	0.0	1.0
386	0.0	-74.02885974399999	-37.13080487199999	7.3264367232	9.733287715200001	0.0	1.0
386	0.0	-76.891751776	40.982322079999996	6.3464110080000005	8.6647440096	0.0	1.0
386	0.0	62.486187679999986	75.038532968	13.977012134400002	16.683989968800002	0.0	1.0
386	13.0	15.342492704000021	2.90700653600001	21.9381972096	4.2043945104	0.0	1.0
386	0.0	-63.46568905600001	43.665747104	6.0885791232	7.713680587200001	0.0	1.0
386	0.0	-75.212197984	-37.435867504	5.041020902400001	7.2158674392	0.0	1.0
386	0.0	-10.938341344000008	48.45565272799999	3.38780800512	4.4788905504	0.0	1.0
386	0.0	-76.42699657600001	10.636332391999998	5.2878059136	14.372934407999999	0.0	1.0
386	0.0	-38.21732656	-64.313152288	7.9986872448	5.6789912592	0.0	1.0
386	0.0	93.34486044799999	-4.617000304000005	5.544708288	12.607150651200001	0.0	1.0
386	0.0	-81.00197526400001	-41.492778208	9.3320341632	16.439215917600002	0.0	1.0
386	0.0	-70.209287008	56.561430296	7.1598398592	10.3183765272	0.0	1.0
387	0.0	-88.13561007999999	3.931188463999994	5.0499942528	8.719985080799999	0.0	1.0
387	0.0	-74.80214089600001	-36.358395136000006	6.7296910464	9.5103929088	0.0	1.0
387	0.0	-37.065806176	-85.247044792	8.8245929856	10.8723960072	0.0	1.0
387	0.0	63.510079136	73.53614475200001	12.401992512000001	15.09376302	0.0	1.0
387	0.0	30.514604959999982	88.705821512	10.002282662399999	6.7781216664	0.0	1.0
387	0.0	-39.028860639999984	-85.3620113752	4.9755976704	8.3132483112	0.0	1.0
387	0.0	93.42923139200002	-6.2933365600000055	5.3793269376	11.9387879856	0.0	1.0
387	0.0	-10.939771359999996	48.42971134399999	3.39333144192	4.521945204	0.0	1.0
387	13.0	15.376813087999992	2.896951735999994	21.8346640512	4.1951843136	0.0	1.0
387	0.0	66.244269728	69.62000124800001	7.5311435136	7.8643819295999995	0.0	1.0
387	0.0	-95.33073558400001	59.054618504000004	12.0823481856	10.6524774216	0.0	1.0
387	0.0	-23.815277920000007	88.908325184	11.595391987200001	8.0285365944	0.0	1.0
387	0.0	-57.29874505600001	73.27130132	6.4720021632	7.564829328	0.0	1.0
387	0.0	-32.76110051199999	78.035868848	9.5537938944	8.0774029224	0.0	1.0
387	0.0	-81.01699043200001	-41.499615471999995	9.2527040256	16.2950703048	0.0	1.0
387	0.0	-46.08098454400001	68.863679192	8.5129209984	10.217285568	0.0	1.0
387	0.0	80.489731616	-45.64018211199999	5.9188362240000005	9.7687208304	0.0	1.0
387	0.0	-76.506719968	11.35142976800001	5.2430464128	14.4102779352	0.0	1.0
387	0.0	-33.49863126399999	84.52302471200001	6.8077341696	13.5599636088	0.0	1.0
387	0.0	-62.916205408	44.40859572800001	6.0281966976	7.9402152312	0.0	1.0
387	0.0	-69.732019168	57.21579668000002	7.488958041599999	10.2672378144	0.0	1.0
387	0.0	-76.44093923199999	41.669668208000004	6.132516364800001	8.434770624	0.0	1.0
387	0.0	-39.22656035199999	-63.38770849600001	7.855471142399999	5.6796749856	0.0	1.0
388	13.0	15.393615775999992	2.8953429679999916	21.8120697984	4.22502696	0.0	1.0
388	0.0	65.513174048	69.87981728	8.5047341568	10.0888254432	0.0	1.0
388	0.0	-10.959434079999992	48.43393436000002	3.3800358681600002	4.486532198400001	0.0	1.0
388	0.0	-75.00448816	42.68097999200001	7.637536704000001	9.5394311712	0.0	1.0
388	0.0	63.79500982400001	72.506734328	11.7542310144	15.4974431304	0.0	1.0
388	0.0	31.294678688000005	88.493665232	10.7330565888	7.417124316	0.0	1.0
388	0.0	-37.59169455999999	-85.2996515056	8.8399299072	11.0190151008	0.0	1.0
388	0.0	-76.50779248	12.083821400000009	5.243546918400001	15.2531517096	0.0	1.0
388	0.0	-39.905817952	-62.957363056000005	8.1283181952	5.6846219472	0.0	1.0
388	0.0	-56.63664764799999	74.081114912	6.6759224448	8.2287075528	0.0	1.0
388	0.0	-81.05953340800001	-41.61082156	9.2805893376	15.905567462399999	0.0	1.0
388	3.0	-45.23048252799999	69.635083448	8.8192304256	9.9612702504	0.0	1.0
388	0.0	-62.047470688	44.98554015199999	6.670559884799999	7.831281528	0.0	1.0
388	0.0	-69.343769824	57.296033984	7.2238330752	8.3431311768	0.0	1.0
388	0.0	78.488781728	-49.307167672	9.0553618176	13.5842157864	0.0	1.0
388	0.0	-75.69840342399999	-36.274135912000006	5.3867630208	7.6215182904	0.0	1.0
388	0.0	93.24011177600002	-7.130901400000005	5.3096851584	12.359561256000001	0.0	1.0
388	0.0	-22.971568480000006	89.201322056	11.632250649600001	8.1609985296	0.0	1.0
389	13.0	15.39504579199998	2.8866958400000198	21.8570080512	4.17374748	0.0	1.0
389	0.0	79.01288259200003	-47.8176496	5.800323648	8.389423476	0.0	1.0
389	0.0	-10.960864096000002	48.43815737600001	3.3485647910400003	4.5044297424	0.0	1.0
389	0.0	-30.843449056000004	78.94582824800001	10.2514629504	7.4516323896	0.0	1.0
389	0.0	-60.746156128	46.03304921599999	8.21276064	8.880600456	0.0	1.0
389	0.0	-74.62732144	43.75040852000001	8.0351526528	9.294878325600001	0.0	1.0
389	0.0	-40.796002912	-61.84811752	8.3195470848	6.387432357600001	0.0	1.0
389	0.0	-68.78284604800001	57.969504488000005	7.3800980736	8.6929376688	0.0	1.0
389	0.0	93.39526851199999	-7.071376984000004	5.3086841472	10.8810431352	0.0	1.0
389	3.0	-44.437181152	70.30191778400001	8.8801848576	9.8297132472	0.0	1.0
389	0.0	-37.892712928	-84.8114306368	8.5247543808	11.542930509600001	0.0	1.0
389	0.0	-56.139359584	74.41473317600001	6.796866048	8.2715410008	0.0	1.0
389	0.0	64.32054070400001	72.633424808	12.014565427199999	16.534716408	0.0	1.0
389	3.0	31.652897696000032	88.408400528	11.839281216	8.1235544544	0.0	1.0
389	0.0	-81.077766112	-41.586086752	9.3053643648	16.0290202968	0.0	1.0
389	0.0	-76.17674377600001	-36.52912564	5.4286624896	6.3381236184	0.0	1.0
389	0.0	77.994353696	-50.139906208000006	8.249583551999999	13.150491933599998	0.0	1.0
389	0.0	-21.93695190400001	89.451887672	11.634681676800001	8.6377971456	0.0	1.0
390	0.0	-10.964081632000008	48.408596264	3.33738206592	4.3670610648	0.0	1.0
390	0.0	-30.53349308800001	78.908826584	8.7044716416	6.858640504799999	0.0	1.0
390	0.0	-55.53517782400001	74.55731024	6.233976000000001	7.173778046400001	0.0	1.0
390	0.0	93.587605664	-8.333455480000001	5.3772534144	11.8895395752	0.0	1.0
390	0.0	-87.578976352	7.883127055999991	4.4408789376	9.718145186400001	0.0	1.0
390	0.0	64.75848310399999	71.87227644800001	12.891951744000002	16.900007292	0.0	1.0
390	0.0	-74.266599904	47.860609664	7.9355877887999995	16.4403822744	0.0	1.0
390	0.0	-38.589130720000014	-84.01106855680001	7.924397913599999	11.2692388536	0.0	1.0
390	0.0	-61.03895190400001	46.314583616	6.5985585792	8.342387121600002	0.0	1.0
390	0.0	-20.880527583999996	89.793951968	11.4820632192	8.5382144064	0.0	1.0
390	0.0	-41.75590115200001	-60.538580368000005	7.912350028800001	7.098206169599999	0.0	1.0
390	0.0	65.32798697600002	69.680933336	11.401446067199998	12.365976218400002	0.0	1.0
390	0.0	-81.018062944	-41.535611656	9.369536332800001	15.943614825600001	0.0	1.0
390	0.0	33.022138016000014	88.059700064	10.454525222400001	7.5513558960000005	0.0	1.0
390	0.0	-76.620048736	-35.87878117599999	4.9781716992	6.475130323199999	0.0	1.0
390	0.0	77.125618976	-51.01708696	8.788878336	13.491611078399998	0.0	1.0
391	0.0	-39.70382819199998	-83.6715179608	8.379	10.4516830656	0.0	1.0
391	0.0	-68.087858272	58.71939147199999	7.112184575999999	8.022684700800001	0.0	1.0
391	3.0	-28.970485599999993	79.205242088	9.832504012800001	6.859686204000001	0.0	1.0
391	0.0	-74.99340553600001	44.20046136799999	5.6473834368	8.3641658184	0.0	1.0
391	3.0	-53.229992032	77.102381216	9.8593883136	11.674849485600001	0.0	1.0
391	0.0	66.20065424	68.64408236	11.1514077696	11.853382514400002	0.0	1.0
391	0.0	93.25047939200002	-9.458989792	4.8586938624	11.4683440032	0.0	1.0
391	13.0	15.371450527999983	2.90740872799999	21.8490714624	4.227138468	0.0	1.0
391	0.0	-10.922253663999982	48.370790216	3.22681680384	4.3623554184	0.0	1.0
391	0.0	-59.843816032	47.089205408000005	7.7152223232	8.6973617808	0.0	1.0
391	0.0	33.40109225599998	87.962168504	11.5190291328	8.2340969256	0.0	1.0
391	0.0	-76.304372704	-35.214359992	6.384556684800001	7.641889315199999	0.0	1.0
391	0.0	-80.986602592	-41.455776544	9.4012469376	16.327688076	0.0	1.0
391	0.0	-20.01465289600001	91.82803800800001	11.5487019648	12.4893285048	0.0	1.0
391	3.0	-42.61105072	71.530212152	9.188103052799999	9.788186923200001	0.0	1.0
391	0.0	-42.42908118400001	-59.949972376000005	7.884571968000001	6.410136096	0.0	1.0
391	0.0	76.57720784000001	-52.244979136000005	8.9331312	13.369002847200003	0.0	1.0
392	0.0	93.135720608	-11.063333680000001	4.839531648	10.8648549072	0.0	1.0
392	0.0	-88.510274272	8.917765975999991	4.3960836864	8.2468866312	0.0	1.0
392	13.0	15.37967312000001	2.866988432000009	21.821829657600002	4.1407878456	0.0	1.0
392	0.0	-19.276049632000007	89.789125664	11.608190630400001	7.729828596	0.0	1.0
392	0.0	102.715040288	-46.12683443200001	6.2704056576000005	4.4572325112	0.0	1.0
392	0.0	-76.18711139199999	-34.163030104	6.529095552	8.5626073512	0.0	1.0
392	0.0	-94.107356896	-54.33979616800001	6.239481561600001	8.0204726448	0.0	1.0
392	3.0	-42.013304032	72.26883776000001	9.332927923200002	9.8313019056	0.0	1.0
392	0.0	34.312369952000026	87.36632105599999	11.9095665024	8.8356555	0.0	1.0
392	0.0	-81.001260256	-41.449542568	9.4030344576	16.1603560944	0.0	1.0
392	0.0	-43.138726623999986	-59.541948592	7.806207091199999	6.2767692288	0.0	1.0
392	0.0	66.37404368	70.91888031200001	12.190171392000002	17.16555456	0.0	1.0
392	0.0	75.66092508799998	-53.326272327999995	9.6399523584	13.444051874399998	0.0	1.0
393	0.0	66.69794230400002	69.514224752	10.66970688	12.2551723224	0.0	1.0
393	0.0	-10.980884319999985	48.30422744	3.3110947967999995	4.33814346	0.0	1.0
393	0.0	-76.441296736	-33.958917664	7.3802768256	8.3162446416	0.0	1.0
393	0.0	-73.53943676799999	48.863676512	6.3237452543999995	15.519563690400002	0.0	1.0
393	13.0	15.369663008000009	2.8736245999999985	21.8428866432	4.171133232	0.0	1.0
393	0.0	-88.349039968	9.828931952000005	4.5358677504000005	9.1864272528	0.0	1.0
393	0.0	92.97091126400001	-13.270764472000005	5.4978395136	12.6815360616	0.0	1.0
393	0.0	65.40056028800002	70.73688843200001	8.4701992704	13.9955576544	0.0	1.0
393	0.0	-80.952282208	-41.381371023999996	9.4737129984	16.3599036552	0.0	1.0
393	0.0	-58.91180310399999	48.07658676799999	7.1370668544	8.165704176	0.0	1.0
393	0.0	-27.273056608000008	86.93376355999999	7.385067379200001	12.9571582392	0.0	1.0
393	0.0	-43.791886432000005	-58.967618416	7.582302336000001	5.179991644799999	0.0	1.0
393	0.0	75.02993052800001	-54.447985816000006	9.031480550400001	12.9390595992	0.0	1.0
394	0.0	-88.175650528	9.712497368000006	4.8713852544	10.8045059976	0.0	1.0
394	0.0	-76.95717500800001	-33.175849840000005	7.189691443200001	8.7454237248	0.0	1.0
394	0.0	-66.34574128	60.919582807999994	6.8149557504	7.989363093600001	0.0	1.0
394	0.0	-10.942273888000008	48.32534251999999	3.22378159488	4.4162290368	0.0	1.0
394	3.0	-44.95377443199998	-51.363374271999994	6.9980335488000005	16.7673241512	0.0	1.0
394	13.0	15.361082911999995	2.895745159999992	21.876706521600003	4.1436031896	0.0	1.0
394	0.0	36.32583248000001	86.414734784	11.939024832000001	8.453834524800001	0.0	1.0
394	0.0	-72.988880608	46.552077992	6.3681472512	9.1243086984	0.0	1.0
394	0.0	67.58490972800001	69.016311056	11.8579429248	16.961542668	0.0	1.0
394	0.0	-80.967297376	-41.12819116	9.4174061184	16.8155670816	0.0	1.0
394	0.0	92.47898576	-15.180975376000003	5.4373498368	12.4194074256	0.0	1.0
394	0.0	-58.355884384	48.826272656	7.1053562496	8.8493702472	0.0	1.0
394	0.0	-44.692796512	-58.197018543999995	7.764414873599999	5.6706658848	0.0	1.0
394	3.0	-40.08528496	73.298248184	9.6565762944	9.766166911200001	0.0	1.0
394	0.0	74.12330038399999	-55.595439592	8.9823952512	12.938375872800002	0.0	1.0
395	0.0	-52.23541590399999	76.45485209600001	6.6701666304	6.926248980000001	0.0	1.0
395	0.0	-88.317579616	10.234542584000003	4.8298432896	10.9535784624	0.0	1.0
395	13.0	15.305669792000018	2.9041911920000056	21.932691648	4.1495355216	0.0	1.0
395	0.0	-89.315730784	-15.836950528000004	6.4771859712	9.7711943112	0.0	1.0
395	0.0	-65.745849568	61.249983536000016	7.3953634944	7.653412116	0.0	1.0
395	0.0	-78.262422112	-32.593274728000004	5.3669930496000005	7.3816710912	0.0	1.0
395	0.0	-57.88254908800001	48.82265292799999	6.9816241152	7.5142939032000005	0.0	1.0
395	0.0	92.30988636800001	-15.970277175999998	5.630580748799999	12.3331573512	0.0	1.0
395	0.0	-45.385996768000005	-57.072690808	7.2540421632	6.1422561144	0.0	1.0
395	0.0	73.36217436800001	-57.13563385599999	9.7808089344	12.41968896	0.0	1.0
395	3.0	-39.091781344	73.823712032	9.638272089600001	9.145303120800001	0.0	1.0
395	0.0	67.69430595199998	68.34123178400002	13.250385254400001	17.396070904800002	0.0	1.0
396	0.0	-87.79455126399999	10.169387480000005	5.513069184000001	11.9243291832	0.0	1.0
396	0.0	68.534797856	67.129427288	12.683455411199999	16.928743910399998	0.0	1.0
396	0.0	-89.372931424	-15.975907863999996	6.134589888000001	8.897794164	0.0	1.0
396	13.0	15.272779423999994	2.8953429679999916	21.9992946432	4.1493344256	0.0	1.0
396	0.0	-42.40441340800001	-81.0208313656	8.9447143296	12.851281195199999	0.0	1.0
396	0.0	-78.565943008	-32.24557974399999	5.222954688	7.8793233624	0.0	1.0
396	0.0	36.752334751999996	91.42262847199999	7.433151667199999	8.7371787888	0.0	1.0
396	0.0	-80.980525024	-41.32989044800001	9.416297856	16.4799981864	0.0	1.0
396	0.0	-57.520040032	49.75332521599999	6.8303284224	8.285577501599999	0.0	1.0
396	0.0	-65.168123104	62.40407348	8.0020477824	8.6525374824	0.0	1.0
396	0.0	-46.18001315200001	-56.418324424	7.357110566399999	5.349857436000001	0.0	1.0
396	0.0	-46.15177033600001	-50.181734176	7.2204367872	17.7654038184	0.0	1.0
396	0.0	-14.83727996799999	90.76584893599998	10.6388185344	7.851692772000001	0.0	1.0
396	0.0	72.439814048	-57.974807463999994	10.0195143552	13.046163328799999	0.0	1.0
396	0.0	92.14829456	-17.13502520800001	5.657322048	12.023630388	0.0	1.0
397	0.0	-77.691488224	-31.86470392000001	7.0730021376000005	9.2199901752	0.0	1.0
397	3.0	-51.049217632	78.319414208	6.700554470400001	9.484511853599999	0.0	1.0
397	0.0	-71.237826016	48.24530631200001	6.9608531328000005	8.575859577600001	0.0	1.0
397	0.0	-47.00834991999999	-48.58965714400001	6.3809101440000005	16.285035614399998	0.0	1.0
397	0.0	-10.982671840000002	48.408194072	3.2350644211199997	4.4591228136000005	0.0	1.0
397	0.0	70.89575427199999	-61.782560224	9.0010927104	8.472777768	0.0	1.0
397	0.0	-13.496282464000016	91.22877192800001	9.737908454400001	7.7498979768	0.0	1.0
397	3.0	-47.947512928	81.20916372800001	7.662740736000001	6.945272661600001	0.0	1.0
397	13.0	15.301022239999982	2.8977561199999955	21.9624717312	4.158263088	0.0	1.0
397	0.0	-65.047286752	62.85412632800001	7.439550988800001	8.09260578	0.0	1.0
397	0.0	-81.011270368	-41.358043888000005	9.417012864	16.45769664	0.0	1.0
397	0.0	92.09288144000001	-18.051620776000007	5.602981440000001	11.8725670728	0.0	1.0
397	3.0	39.530855840000015	84.13933354400001	10.5407194368	6.9315579144	0.0	1.0
397	3.0	-22.215805023999994	81.468778664	12.1104122496	7.4036709936	0.0	1.0
397	0.0	-70.859944288	51.656296664	7.861262707200001	15.394984718399998	0.0	1.0
397	3.0	-37.347161824	74.70813224	9.8122692864	9.0426436128	0.0	1.0
397	0.0	69.96409884799999	64.853824952	10.954280064	13.425088521600001	0.0	1.0
397	0.0	-56.71708604800001	50.317801687999996	7.3076677632	8.3622352968	0.0	1.0
397	0.0	71.37230710399999	-59.438183056	9.7169944704	12.550602456	0.0	1.0
397	0.0	-47.15564156800001	-55.40198524000001	6.7013767296	5.8427035128	0.0	1.0
398	0.0	-81.03021808	-41.398464184000005	9.384122496	16.501193704800002	0.0	1.0
398	0.0	-64.50852822400002	63.35224112000001	7.3871766528	7.775256182400001	0.0	1.0
398	0.0	69.02815337600003	65.97030994400001	8.4893972352	15.2831150136	0.0	1.0
398	13.0	15.258121759999998	2.9126372239999982	21.991679808	4.147906644000001	0.0	1.0
398	0.0	91.50550236799998	-19.318324480000005	5.5428492672	12.3832704744	0.0	1.0
398	0.0	-22.672695135999994	87.72668508800001	7.1913717120000005	11.4301558728	0.0	1.0
398	0.0	-79.165477216	-30.728712616000003	4.9345919616	8.8360778016	0.0	1.0
398	0.0	-89.854131808	-13.905423448000004	5.993375808000001	10.112112360000001	0.0	1.0
398	0.0	-13.640356576000002	91.18231875199999	11.742933888	7.935831338400002	0.0	1.0
398	0.0	-36.38690608	75.38361370400001	10.1376336768	8.8352734176	0.0	1.0
398	0.0	-71.13915491199998	48.530460440000006	6.325711526400001	8.324449358399999	0.0	1.0
398	0.0	70.335188	65.884643048	11.3174326272	16.432881393600002	0.0	1.0
398	3.0	39.755368351999984	84.13209408799999	11.5303620096	8.2029471552	0.0	1.0
398	0.0	-13.290717664000008	93.994445216	11.224946342399999	12.942578779200002	0.0	1.0
398	0.0	70.359855776	-60.683369488	10.176708864	12.028134938400001	0.0	1.0
398	0.0	-47.753745759999994	-54.49061816799999	7.1832563712	6.2812134504	0.0	1.0
398	0.0	-56.321686624000016	50.924910512000004	6.561056409600001	8.0982766872	0.0	1.0
399	0.0	-81.061320928	-41.426617623999995	9.3486580992	16.3940899752	0.0	1.0
399	0.0	91.60488847999999	-19.951374688	4.9341987072	10.4708475144	0.0	1.0
399	13.0	15.224158880000013	2.917463528000006	22.0340082816	4.1953854096	0.0	1.0
399	0.0	-12.756964192	90.94542766400002	11.2271628672	7.2145402056000005	0.0	1.0
399	0.0	-89.685747424	-13.703523063999995	6.271799923200001	10.7386068384	0.0	1.0
399	0.0	70.79100560000002	65.371647152	11.588492160000001	16.0935721128	0.0	1.0
399	0.0	-70.91964745599999	49.32961594400001	5.559723456	8.333800322399998	0.0	1.0
399	0.0	-21.658098783999982	87.74237057600001	7.137281356800001	10.3038976152	0.0	1.0
399	3.0	-35.523176416	75.647853848	9.8731522176	8.697442219200001	0.0	1.0
399	0.0	-55.81367344000001	51.50487137600001	6.623297856000001	7.8559560072000005	0.0	1.0
399	0.0	-48.52452438399999	-53.875063312	7.143108672	6.397869240000001	0.0	1.0
399	0.0	69.79178192	-61.183093047999996	10.2669428736	12.737219544	0.0	1.0
400	0.0	-11.506772703999996	91.49281097600002	11.3610123648	7.3617625872	0.0	1.0
400	13.0	15.214863776000026	2.936165455999994	21.9688710528	4.2367508568000005	0.0	1.0
400	0.0	-81.079911136	-41.336526616	9.3459410688	16.5618241488	0.0	1.0
400	0.0	-112.085875552	65.942558696	7.343382412799999	6.2683030872	0.0	1.0
400	0.0	-49.309960671999995	79.944873176	7.1362803456	8.3469117816	0.0	1.0
400	0.0	-45.037430367999995	-77.662709152	7.967655897599999	12.462321312	0.0	1.0
400	0.0	-79.376404576	-29.002303455999996	4.947497856000001	8.2604002824	0.0	1.0
400	0.0	-49.35858121599999	82.014754304	7.455853171199999	12.503646539999998	0.0	1.0
400	3.0	-34.71879241600001	76.35209204	10.0280587008	8.7117200352	0.0	1.0
400	0.0	-87.824939104	12.584550439999994	5.3211252864	11.3723206632	0.0	1.0
400	0.0	-70.139573728	49.77504358399999	6.484050048	8.329195224	0.0	1.0
400	1.0	-53.729425120000016	55.91671652000001	9.5126094336	9.118295928	0.0	1.0
400	0.0	-55.297795168	52.97106231200001	6.3981060864	9.594249940800001	0.0	1.0
400	0.0	90.97639644799999	-22.141310128000004	5.959806182400001	12.592229328000002	0.0	1.0
400	0.0	68.89194435199998	-62.818204623999996	10.7530410624	11.9269233216	0.0	1.0
401	0.0	-13.743317728	91.59396226400001	7.616193715200001	8.6239617408	0.0	1.0
401	0.0	-112.054057696	65.976141728	7.3532137728	6.239928441600001	0.0	1.0
401	0.0	-95.46908963199999	59.03410671199999	11.9134990464	10.5835618224	0.0	1.0
401	0.0	-88.35368752	13.20955680800001	4.053022848	9.952039944000001	0.0	1.0
401	13.0	15.198776096000001	2.962509031999994	21.9790599168	4.2716007936	0.0	1.0
401	0.0	-45.76995606399999	-77.59091788	8.3635200768	13.281586416	0.0	1.0
401	0.0	-55.265262304000004	53.329013192	5.248873728	9.1168681464	0.0	1.0
401	0.0	-81.089921248	-41.269159456	9.3914155776	16.6562387208	0.0	1.0
401	0.0	91.661731616	-22.09827558400001	4.160631552	9.1892425968	0.0	1.0
401	0.0	-69.46782371200001	50.61683143999999	6.4433303423999995	8.223076864800001	0.0	1.0
401	0.0	67.992464288	-63.699809488	10.359393408	11.6422719336	0.0	1.0
402	1.0	-52.743071584	56.16466788800001	9.8059414656	10.633373301599999	0.0	1.0
402	13.0	-13.179176415999997	6.655435975999996	22.2765032448	4.8343880592	0.0	1.0
402	0.0	-87.6994552	13.183414328000008	5.0625426432	9.9005995872	0.0	1.0
402	0.0	-95.46587209599998	59.074728103999995	11.937559065600002	10.5480080496	0.0	1.0
402	0.0	-54.23743830400001	53.384314592	6.398964096000001	8.166669436800001	0.0	1.0
402	0.0	-61.84869846400001	65.338265216	7.8719520767999995	7.859052885600001	0.0	1.0
402	3.0	-32.632756576000006	77.155671656	9.9609194496	8.583762650399999	0.0	1.0
402	0.0	-48.01722620799999	79.486374296	6.771376012800001	7.4312412552	0.0	1.0
402	0.0	-46.440276063999995	-77.680204504	8.200963008	11.8019622672	0.0	1.0
402	3.0	43.49092764800001	82.670327264	11.434944192	10.178353382400001	0.0	1.0
402	13.0	15.203066144000008	2.9796021920000006	21.9435597696	4.3757685216	0.0	1.0
402	0.0	-81.088491232	-41.29409536000001	9.3959558784	16.488042026400002	0.0	1.0
402	0.0	90.88988048	-23.868925863999994	4.9557919488	9.981198864	0.0	1.0
402	0.0	-50.959841632	-50.889391	6.377513856	6.172340076	0.0	1.0
402	0.0	67.0014632	-64.35377368	10.794511526400001	12.015023479200002	0.0	1.0
402	0.0	90.530946464	-25.169614792	5.7846292224	12.349245031199999	0.0	1.0
402	0.0	-17.16034096000002	82.99208086400002	11.881824192	7.1670212208	0.0	1.0
403	3.0	-16.281238624000004	82.96211756000001	11.6209177728	6.68593926	0.0	1.0
403	0.0	44.62886288000003	82.965938384	10.9682584704	11.5562430648	0.0	1.0
403	0.0	-95.523072736	59.122790047999985	11.8288063488	10.4433979104	0.0	1.0
403	0.0	-61.166938335999994	66.67575471199999	8.487323712	8.9939582712	0.0	1.0
403	0.0	-112.065855328	65.895703328	7.398044774400001	6.3077782319999995	0.0	1.0
403	3.0	-45.24120764800001	82.26672759200001	10.56513696	10.439798291999999	0.0	1.0
403	0.0	-79.931965792	-23.168709591999995	7.3679429376000005	19.6804812456	0.0	1.0
403	0.0	-51.456414687999995	-48.514447239999996	6.930644044799999	9.599719752	0.0	1.0
403	0.0	-31.8930808	77.62382314400001	9.9646017408	8.0989201944	0.0	1.0
403	0.0	-51.446762080000006	-50.00114996799999	6.8028006144	6.619074840000001	0.0	1.0
403	13.0	15.218438816000019	2.9993095999999904	21.9429520128	4.3976276568	0.0	1.0
403	0.0	-81.064895968	-41.201993392000006	9.368535321600001	16.80207354	0.0	1.0
403	0.0	-46.85819824000001	-77.547481144	7.9374110592000005	10.5046718616	0.0	1.0
403	0.0	66.04370998400002	-65.474280592	10.6962336768	11.924248744800002	0.0	1.0
403	0.0	90.139837088	-26.296154584000003	5.994734323199999	12.625530825599999	0.0	1.0
404	3.0	-15.660611680000002	83.17930124	11.0409390336	6.765834700800001	0.0	1.0
404	0.0	-45.49324796800001	81.99283484	9.5037790848	9.5811988104	0.0	1.0
404	3.0	45.311338016000015	82.120329704	10.8817782528	11.2065974496	0.0	1.0
404	0.0	-80.22940912	-22.621326279999998	7.4020130688	19.4846539608	0.0	1.0
404	0.0	-76.245742048	20.034352856000016	4.2993788544000004	7.625278785599999	0.0	1.0
404	0.0	-46.85140566400001	80.264615816	6.7439912064000005	6.2537437368	0.0	1.0
404	0.0	-87.691590112	14.711743928000004	4.9754904192	9.869972666399999	0.0	1.0
404	0.0	-95.69002710400001	59.194983512	11.396512512	10.28807136	0.0	1.0
404	0.0	-7.650377055999991	91.72849548800002	11.448565094400001	6.946901539200001	0.0	1.0
404	0.0	-68.30450569600002	52.30080934400001	5.8783667712000005	7.926902676000001	0.0	1.0
404	0.0	-112.02867491200001	65.939542256	7.4592494592	6.2536632984	0.0	1.0
404	0.0	74.98846006400001	58.75780080800001	11.0092999296	12.2993933328	0.0	1.0
404	13.0	15.223801375999985	2.952454231999999	21.9417364992	4.345081272000001	0.0	1.0
404	0.0	-80.36704816000001	-27.775617856000004	6.652434432	8.8281144	0.0	1.0
404	0.0	-47.62540182399999	-75.986573992	8.0359391616	12.4500142368	0.0	1.0
404	0.0	-81.05059580800001	-41.149105144	9.3840152448	16.9139432448	0.0	1.0
404	0.0	65.29902915200002	-66.64827904	10.60714368	11.7645986304	0.0	1.0
404	0.0	90.54024156799998	-26.213705223999995	4.881002112	10.607673232800002	0.0	1.0
404	0.0	-52.026276063999994	-48.636512512	6.8690103552	7.9727324544	0.0	1.0
405	0.0	-67.230921184	53.23671012800002	6.947911488	8.126048044800001	0.0	1.0
405	0.0	-112.02581488	65.91158991200003	7.4728346112	6.2446944168	0.0	1.0
405	0.0	-14.030750944	83.29090952000001	11.7442209024	6.7243284864	0.0	1.0
405	3.0	46.02777603199999	83.623924496	10.5679254912	15.0633774144	0.0	1.0
405	0.0	102.36754640000004	-45.64018211199999	7.284966259200001	4.547605053600001	0.0	1.0
405	0.0	-47.72764796800001	-78.081189928	6.738592896	7.392168302399999	0.0	1.0
405	0.0	89.22498435199999	-28.859123104	6.039386572800001	12.239245519199999	0.0	1.0
405	3.0	-29.686566112	79.00112964799999	10.2479951616	8.1570771576	0.0	1.0
405	0.0	-48.007931104	-76.371873928	7.647368064	10.6744572144	0.0	1.0
405	0.0	-95.58206089599999	59.153758832000015	11.606546112	10.3643068536	0.0	1.0
405	0.0	-90.553767136	-10.035129832	6.190610764800001	10.7792885592	0.0	1.0
405	3.0	46.25943862399998	80.400556712	10.140994214400001	8.7523615368	0.0	1.0
405	0.0	75.21476009599999	57.975939560000015	10.5645649536	12.1167579456	0.0	1.0
405	13.0	15.199491104000016	2.979803288000001	21.9322626432	4.4080645392	0.0	1.0
405	0.0	64.38953897599998	-66.98028853599999	10.8871050624	13.6212777792	0.0	1.0
405	0.0	-6.488846559999997	91.895606264	10.8890713344	6.544870415999999	0.0	1.0
405	0.0	-81.062750944	-41.15936104	9.3934891008	16.6082974344	0.0	1.0
405	0.0	-80.962649824	-27.59262049599999	6.792218496	8.254588608	0.0	1.0
405	0.0	-76.0448248	21.034805456000004	3.9624313344000006	7.970580727200001	0.0	1.0
405	0.0	90.21813046400003	-27.140154496	4.3697356416	9.8477113392	0.0	1.0
405	0.0	-52.618302688	-47.795931231999994	6.7280822784	7.809321844800001	0.0	1.0
406	0.0	-75.736656352	24.225193495999996	4.071219801600001	8.7169485312	0.0	1.0
406	0.0	-60.00719536	67.58571411199999	7.801023283200001	7.5122829432	0.0	1.0
406	0.0	-112.051197664	65.900328536	7.5008629248	6.283626602400001	0.0	1.0
406	0.0	102.612079136	-45.64601389599999	6.761759155200001	4.457695032	0.0	1.0
406	3.0	47.30084777600002	79.196997152	9.7348696704	7.398623484	0.0	1.0
406	0.0	-95.54237795200001	59.09785414400001	11.7337817856	10.5064213968	0.0	1.0
406	0.0	-48.62963056000001	-77.069274856	7.3301190144	7.847168112	0.0	1.0
406	0.0	-67.00462115200001	53.70204627199998	6.3322538496	8.393726930400002	0.0	1.0
406	0.0	88.98402665600001	-29.739320295999992	6.0444273792	11.5672027968	0.0	1.0
406	0.0	-12.99541936000001	83.622919016	12.053390361600002	6.3842550408	0.0	1.0
406	13.0	15.214148768000012	2.9820153440000046	21.94448928	4.410538020000001	0.0	1.0
406	0.0	-48.78871984000002	-74.165046424	8.0300045952	13.513631090400002	0.0	1.0
406	0.0	-53.449856991999994	-46.936446927999995	6.3134133888	5.9112370296000005	0.0	1.0
406	0.0	-10.957646559999997	48.011230567999995	3.32896284672	5.3141226768	0.0	1.0
406	0.0	75.70454057600003	57.296838367999996	11.063497536	12.4024550328	0.0	1.0
406	0.0	-5.845339359999993	91.501458104	11.542481395200001	6.5290039416	0.0	1.0
406	0.0	-81.06596848000001	-41.28866576800001	9.4464711936	16.600092717600003	0.0	1.0
406	0.0	63.20906076800001	-68.659641232	10.912344844800002	11.3533975296	0.0	1.0
406	0.0	89.346893216	-28.602524608000007	5.3129741952	9.208588032	0.0	1.0
406	0.0	-81.038083168	-26.181529863999998	6.6080681856000005	9.921976092	0.0	1.0
406	0.0	-28.54398332800001	79.387435064	9.283592371200001	8.0290996632	0.0	1.0
407	0.0	-75.681600736	26.005094191999994	4.6510555392	6.845750251200001	0.0	1.0
407	0.0	-48.88453091200001	-76.633499824	6.914806617599999	7.745956495200001	0.0	1.0
407	0.0	102.69251753600001	-45.65445992800001	6.5635589376	4.3767136728	0.0	1.0
407	0.0	87.20365673600001	-32.968720960000006	4.237852416	8.3347856928	0.0	1.0
407	0.0	-112.055845216	65.883838664	7.394183731200001	6.1965922536	0.0	1.0
407	0.0	-49.343566048000014	-74.232212488	8.211080371200001	12.2416385616	0.0	1.0
407	13.0	-13.123763296	6.631505551999999	22.427870438400003	4.92383556	0.0	1.0
407	1.0	-49.71429769600001	61.11625469599999	9.247126963200001	10.3271443128	0.0	1.0
407	0.0	-81.058103392	-41.368903071999995	9.4678499328	16.4370440808	0.0	1.0
407	0.0	-81.266885728	-26.146740256000005	6.5840796672	8.9767042344	0.0	1.0
407	0.0	-10.96122160000001	47.883333512	3.53441324544	5.507315604	0.0	1.0
407	0.0	-54.37543484800001	-46.071734128	5.1356879616	4.8815651808	0.0	1.0
407	13.0	15.199491104000016	3.002929327999996	21.9201075072	4.4128104048	0.0	1.0
407	1.0	-4.8389656000000105	91.67198751200002	11.5353670656	6.661405548	0.0	1.0
407	0.0	62.36856886399999	-69.314409808	11.4322986624	11.1690327168	0.0	1.0
407	0.0	-66.488027872	54.330471272000004	6.5178699264	8.4783481272	0.0	1.0
407	0.0	75.94442576000002	56.964024488000014	10.7534343168	12.7658355048	0.0	1.0
407	0.0	89.57962831999998	-29.638571199999998	4.266631488	8.685235692000001	0.0	1.0
407	0.0	-27.74639190400002	79.566812696	9.6634046208	7.8881514768	0.0	1.0
407	0.0	-12.002630752	83.68545987200001	11.8751031168	6.341260716	0.0	1.0
407	0.0	-86.917951456	17.554034791999985	5.6148863231999995	11.5542321048	0.0	1.0
408	0.0	76.76596995200003	56.249731495999995	11.3527540224	13.611383855999998	0.0	1.0
408	0.0	-76.38802864	25.966483759999996	3.5382421132800004	6.817516372800001	0.0	1.0
408	0.0	48.535666592000005	79.3604882	10.6944819072	10.0915603488	0.0	1.0
408	0.0	-50.83328521600001	56.68832187200001	6.322958745600001	7.8603600096	0.0	1.0
408	0.0	79.451897504	54.09659662400001	5.861993088	9.378634809600001	0.0	1.0
408	0.0	48.45630070400001	82.22912264	10.8410227968	15.888735727200002	0.0	1.0
408	0.0	-49.950607839999996	-73.254081544	8.195421696	13.3995493296	0.0	1.0
408	13.0	15.168745759999995	2.986841647999991	21.9646167552	4.3762712616	0.0	1.0
408	0.0	-65.892783712	54.66268186399999	6.701340979199999	8.1209804256	0.0	1.0
408	0.0	-91.40891670399999	-7.720313776000006	5.17576416	10.634660316	0.0	1.0
408	0.0	-55.373228512000004	-45.287459728	5.319731020800001	5.5326134808	0.0	1.0
408	0.0	-81.08205616	-41.36287019200001	9.4162263552	16.3823660784	0.0	1.0
408	0.0	-3.554811232000002	91.743175496	10.6853298048	6.3076575744	0.0	1.0
408	0.0	-10.946206432000007	83.851162976	12.2360391552	6.358856616000001	0.0	1.0
408	0.0	-44.44719126399998	82.689230288	6.8201753088	7.4007953208	0.0	1.0
408	0.0	-86.939401696	18.147670183999992	5.340895257600001	10.908070437600001	0.0	1.0
408	0.0	-10.90974102399999	47.753626591999996	3.751646976	5.6867736744	0.0	1.0
408	0.0	-81.387007072	-25.140656968	6.597521817600001	9.9553379184	0.0	1.0
408	0.0	-26.80937391999999	80.02511048	10.193511552	8.630135388	0.0	1.0
408	0.0	61.369702688000004	-70.43049260800001	11.784547353599999	11.4173661672	0.0	1.0
409	0.0	-64.12385392000002	58.08855332000001	8.453325081600001	13.712454705599999	0.0	1.0
409	13.0	-13.181678944000009	6.601743344000015	22.2815440512	4.9091555520000005	0.0	1.0
409	0.0	-75.560764384	27.1207748	4.8146136192	7.8969795912	0.0	1.0
409	0.0	-49.98492822400001	57.641516911999986	6.4989579648	7.4040329664	0.0	1.0
409	0.0	-55.80652336000001	-44.60413552	5.5986198912	6.177789777600001	0.0	1.0
409	0.0	-86.611570528	18.52130655199998	6.0126452736000005	10.5795399024	0.0	1.0
409	13.0	15.184118432000005	2.9707539680000075	21.958396185599998	4.4008451928	0.0	1.0
409	0.0	-10.91117104	47.983479320000015	3.84584928	5.140255075200001	0.0	1.0
409	0.0	-25.848403168000004	80.482804976	10.157939904	8.1830587608	0.0	1.0
409	3.0	49.39510620799999	78.91968576800001	10.4340044928	9.655021152000002	0.0	1.0
409	0.0	-81.09099376	-41.394040071999996	9.4285602432	16.3496477592	0.0	1.0
409	0.0	-91.274852704	-7.1729304639999985	5.5570064256	10.7073967392	0.0	1.0
409	0.0	-3.5147707839999933	91.58290198399999	11.794986470400001	6.7904890704000005	0.0	1.0
409	0.0	88.516768928	-33.351004456	5.291523955200001	10.6082765208	0.0	1.0
409	0.0	-82.29935728	-24.227077840000003	6.3922430208	10.3338408096	0.0	1.0
409	0.0	60.42982467200002	-71.363578048	11.3298737664	11.666021371200001	0.0	1.0
409	0.0	76.37128553600003	57.58199249599999	12.514463270399999	17.552262168000002	0.0	1.0
410	0.0	-48.65358332800001	58.41875295199999	7.828336588799999	8.904631428	0.0	1.0
410	0.0	-86.334862432	19.817370272	6.112138636799999	12.151165471199999	0.0	1.0
410	0.0	87.77030057599998	-34.622333368	5.6992930176	11.0919727296	0.0	1.0
410	0.0	-51.192576736000014	-72.05072308	7.778464780800001	13.518879695999999	0.0	1.0
410	0.0	-112.102320736	65.864734544	7.371410726400001	6.391373839199999	0.0	1.0
410	13.0	15.177325856000008	2.98543397600001	21.9680130432	4.3677850104	0.0	1.0
410	0.0	-75.829607392	26.462185400000013	3.8866404864	8.4281545656	0.0	1.0
410	0.0	-24.938912992000017	80.528453768	9.9714658176	7.5039374592	0.0	1.0
410	0.0	-82.35226787200001	-24.135176968	6.4416143232000005	8.790207804	0.0	1.0
410	0.0	59.26507664	-72.332659672	11.582772096000001	10.9024598592	0.0	1.0
410	0.0	-81.09993136	-41.43928667200001	9.4310627712	16.441970932799997	0.0	1.0
410	0.0	-56.22730556799999	-43.042423983999996	5.9752861056	6.387331809600001	0.0	1.0
410	0.0	88.40987523200003	-33.79723647999999	4.4381619072000005	9.5988550392	0.0	1.0
410	0.0	-2.2685118400000106	91.58410856	11.934734784000002	7.1223376896	0.0	1.0
411	0.0	-42.470194144	83.861619968	7.132633804799999	7.727536101599999	0.0	1.0
411	0.0	-41.264333152000006	84.702402344	9.5238708096	9.2919825432	0.0	1.0
411	0.0	-63.419213535999994	57.03179383999999	7.9076667264	9.408175812	0.0	1.0
411	0.0	-112.02974742400002	65.924661152	7.4894942976	6.2641404000000005	0.0	1.0
411	0.0	-56.50186863999999	-36.13799392000001	5.6585018112	16.3701796608	0.0	1.0
411	0.0	87.03598736000001	-36.834188272	6.4313897088	11.2228258968	0.0	1.0
411	0.0	-95.610303712	59.087196055999996	11.6029353216	10.6077335616	0.0	1.0
411	13.0	15.155518112000008	2.957280536000007	22.047450432	4.3850189376	0.0	1.0
411	0.0	-51.605851359999996	-73.59473816799999	7.359756096	9.3217246416	0.0	1.0
411	0.0	-86.188285792	20.48882981600001	6.218567577600001	12.049652210400001	0.0	1.0
411	0.0	-48.81589014400001	58.843467704	5.7577091712	8.379067032	0.0	1.0
411	0.0	-10.950138976000007	48.37843186399999	3.7699869312	5.5227195576	0.0	1.0
411	0.0	-1.3221987519999976	91.61025104	11.958151296	6.875170595999999	0.0	1.0
411	0.0	-81.095283808	-41.48252231199999	9.448580467200001	16.3973075112	0.0	1.0
411	0.0	58.114271264	-73.27057141600001	11.8128974208	11.4310406952	0.0	1.0
411	0.0	51.04963472000001	78.202778528	10.4355775104	11.974301539199999	0.0	1.0
411	0.0	-82.908544096	-23.167301920000003	5.845011648	9.635414292	0.0	1.0
412	0.0	-83.726870752	-22.309024192000003	4.7560187136000005	9.4759250544	0.0	1.0
412	3.0	-22.721315679999993	81.92345672	9.9293875968	8.0978946048	0.0	1.0
412	0.0	50.23309558400001	83.287691984	7.544835916799999	9.090785995200001	0.0	1.0
412	0.0	-63.59725052799998	57.612559088	6.305977305599999	9.149264712	0.0	1.0
412	0.0	-90.508364128	-6.040357791999998	4.4123858687999995	9.502731151199999	0.0	1.0
412	0.0	85.64315177599998	-40.096166488	4.8384233856000005	7.164748836	0.0	1.0
412	13.0	15.166243232000005	2.968541912000004	22.0653971328	4.3352275680000005	0.0	1.0
412	0.0	-81.08777622400001	-41.424003376	9.333714432	16.2572240376	0.0	1.0
412	0.0	-57.090320224	-41.59734812800001	6.107419584	6.2543068056	0.0	1.0
412	0.0	-10.92261116799999	48.630807344	3.9413743488	6.0614758512	0.0	1.0
412	0.0	-0.5510626239999996	91.78560675199998	12.099830131200001	7.082661448800001	0.0	1.0
412	0.0	-85.98522352	21.192263624000002	6.3307523328	12.082933598400002	0.0	1.0
413	0.0	-75.61331747199999	30.590485184000002	3.9713331840000006	6.2336944656	0.0	1.0
413	0.0	-22.174692064000006	81.42091781600001	10.3592861568	7.1072152704	0.0	1.0
413	0.0	85.828338848	-39.60589444000001	5.7585671808	9.019758888	0.0	1.0
413	0.0	-81.111371488	-41.399871856	9.375363648	16.207131024000002	0.0	1.0
413	1.0	-45.523635808	64.52060888	8.3355275136	7.563200450400001	0.0	1.0
413	0.0	86.11326953600002	-38.016431655999995	5.6390535936	11.0000718576	0.0	1.0
413	0.0	-47.57892630400001	59.592550303999985	5.6497072128	7.642432274400001	0.0	1.0
413	0.0	79.82262915200002	51.94084750400002	9.847411929600002	13.714747199999998	0.0	1.0
413	13.0	15.176610847999994	2.9596936879999896	21.9765573888	4.3546534416	0.0	1.0
413	0.0	-73.501898848	31.182109616000005	3.0121571020800006	5.3753362992	0.0	1.0
413	3.0	-39.210830175999995	85.29845088799999	10.571750784	9.638310074400001	0.0	1.0
413	0.0	-11.041659999999991	48.786254551999995	3.7768510080000004	5.46428106	0.0	1.0
413	1.0	-61.37607817599999	63.921946088	8.8517275392	9.2983170672	0.0	1.0
413	0.0	-63.071004640000005	58.68922707200001	6.3688980096000005	9.6925054464	0.0	1.0
413	0.0	-85.850087008	21.649153736000002	6.5048210304	11.2206138408	0.0	1.0
413	0.0	-57.70737212800002	-34.844745544	6.437431526400001	18.0735231096	0.0	1.0
413	0.0	0.5900901440000039	91.711201232	11.9124265344	7.1655130008	0.0	1.0
413	0.0	-82.99684758400001	-22.185149056000004	6.2796650112	9.8073111528	0.0	1.0
414	0.0	-75.09779670399999	29.561074760000007	4.5048721536	8.4158273808	0.0	1.0
414	0.0	-53.49096995200001	-68.37368272	8.0222825088	16.5042302544	0.0	1.0
414	1.0	-59.600713311999996	63.231382424	6.3363651456	6.485748192000001	0.0	1.0
414	0.0	-46.875000928000006	60.53850588800001	6.1809939072	8.7122428848	0.0	1.0
414	0.0	-53.445924448	-71.27851444	7.7184398592	10.8048478608	0.0	1.0
414	1.0	-44.957706976000004	64.73839584800001	8.3704556544	8.1451521648	0.0	1.0
414	0.0	85.36823120000003	-39.302440576	6.508825075200001	10.8708676776	0.0	1.0
414	0.0	-85.779301216	22.632513176000003	6.255962496	11.412901836	0.0	1.0
414	0.0	-62.73495088000001	58.925715967999984	5.7792666624	9.0929377224	0.0	1.0
414	0.0	86.494011296	-37.797237016000004	4.273424064	8.1292655808	0.0	1.0
414	0.0	-81.128889184	-41.415557344	9.3511606272	16.110705492	0.0	1.0
414	13.0	15.214148768000012	2.989254799999995	21.9710160768	4.308180156000001	0.0	1.0
414	0.0	-11.048810079999996	48.805358672000004	3.7633731071999996	5.0211258048000005	0.0	1.0
414	0.0	55.08049231999999	-75.640085584	12.774904934399999	10.789745551200001	0.0	1.0
414	1.0	-60.714338272	62.28985095199999	8.5435233408	8.361672228	0.0	1.0
414	0.0	1.447384736	91.53845976800001	12.2658192384	7.1094273264	0.0	1.0
414	0.0	-58.195365088	-34.06388977600001	6.0839673216	17.8363907064	0.0	1.0
414	0.0	-83.145926752	-21.624292311999994	6.5428952064	10.199508681600001	0.0	1.0
414	1.0	-4.92226403199999	83.99474552000001	12.182699558400001	6.3598017672	0.0	1.0
415	0.0	-52.97830921600001	-66.876925192	6.035060774400001	16.836722380799998	0.0	1.0
415	1.0	-4.122170080000009	84.056481992	11.8388522112	5.9945108832	0.0	1.0
415	0.0	-11.094928096000007	49.13153638400001	3.7804975488	5.4617874696	0.0	1.0
415	0.0	-54.38902	72.06854614400001	8.0930683008	7.4235191688	0.0	1.0
415	0.0	-81.068828512	-41.48453327199999	9.326564352	16.1583250248	0.0	1.0
415	0.0	84.70291625600002	-40.840020592	7.421568537600001	11.560305204	0.0	1.0
415	0.0	2.7719370560000036	91.773943184	11.3658029184	6.2841695616	0.0	1.0
415	0.0	-83.461960288	-20.80864693600001	6.094835443199999	8.7917361336	0.0	1.0
416	0.0	4.131524767999993	91.633779272	10.5580941312	6.428134188	0.0	1.0
416	0.0	-92.011310944	-2.566424391999991	5.7130569216	10.3911933888	0.0	1.0
416	0.0	-54.179522655999996	72.49225541599999	7.4474518272	7.1913538368	0.0	1.0
416	0.0	85.628136608	-39.81302332	4.644513216	7.4358061344	0.0	1.0
416	0.0	80.85581571200002	51.234799448	11.907886233600001	17.603240004000003	0.0	1.0
416	1.0	-44.058584416	65.444242808	9.485117376	8.871551136	0.0	1.0
416	0.0	-45.713470431999994	62.06140589600002	6.2453446272	9.2631051576	0.0	1.0
416	13.0	-13.212066784000001	6.601743344000015	22.2343535232	4.8309895368	0.0	1.0
416	13.0	15.177325856000008	2.96612876	21.9849229824	4.279785400800001	0.0	1.0
416	0.0	-11.047380064000007	49.14480872000001	3.7559727744000004	5.0865825528	0.0	1.0
416	1.0	-18.675800416000016	82.73166154399999	10.7320555776	7.34955606	0.0	1.0
416	0.0	85.26670006400002	-41.278208776	5.4642698880000005	10.217667650400001	0.0	1.0
416	0.0	-59.626811104	-37.694275864000005	5.7928518144	6.835373697600001	0.0	1.0
416	1.0	-59.470224352	62.80928192	9.0926494848	7.9885587095999995	0.0	1.0
416	0.0	84.22743593600002	-42.098479360000006	7.5425478912	11.071400608800001	0.0	1.0
416	1.0	-2.852315872000009	83.966189888	11.8667375232	6.472576404000001	0.0	1.0
416	0.0	52.871475104000005	-77.433258616	12.513140505600003	10.5474047616	0.0	1.0
416	0.0	-83.713643104	-20.17861316800001	6.4572729984	9.5469923808	0.0	1.0
417	0.0	56.85228214400002	72.459677864	7.824368294399999	7.8680619864	0.0	1.0
417	0.0	-43.435812448	63.62955250399999	9.531271142400001	10.7550363816	0.0	1.0
417	0.0	-92.339142112	-1.4603963920000023	5.4687744384000005	9.62797374	0.0	1.0
417	0.0	-52.86176291199999	73.306694216	9.1970049024	8.1153899568	0.0	1.0
417	0.0	81.70917776000002	50.320415936	11.0643197952	17.814893544	0.0	1.0
417	13.0	15.176610847999994	2.9902602799999967	22.0208521344	4.3536881808	0.0	1.0
417	0.0	-95.504125024	58.969152703999995	11.8160077056	10.6721848296	0.0	1.0
417	0.0	-84.10475248	-19.339841751999995	5.8311404928	9.1365353352	0.0	1.0
417	0.0	-44.27880687999998	62.533378207999995	7.703746444800001	8.5681173816	0.0	1.0
417	0.0	51.418936351999996	-78.105924736	12.6621124224	10.31924124	0.0	1.0
417	0.0	-1.8609572800000078	83.594966672	12.016460198399999	6.5818318608	0.0	1.0
417	0.0	-11.006267103999997	49.26425974400001	3.7658041344	5.342778856800001	0.0	1.0
417	0.0	4.766451872000046	91.68284669599998	11.2239453312	6.4073810808000005	0.0	1.0
417	0.0	-59.803775584000014	-36.884462272	6.440184307200001	6.999488143200001	0.0	1.0
417	0.0	84.75582684800001	-42.457837912	5.7485213184	10.339551936	0.0	1.0
418	0.0	84.38759772800002	-42.882954856000005	4.6560605952000005	8.0450867952	0.0	1.0
418	0.0	-52.34302460800001	73.779873104	8.39061888	8.0176371912	0.0	1.0
418	0.0	50.45296054399999	-78.93263039200001	12.618604185599999	9.8940840768	0.0	1.0
418	0.0	-10.975879264000005	49.205137519999994	3.7190783616000003	5.6215180224	0.0	1.0
418	0.0	-74.09857302399999	35.04797912000001	5.1639307776	6.3183156624	0.0	1.0
418	0.0	5.9276248639999904	91.59134801600001	10.698843456	6.559852068	0.0	1.0
418	0.0	-55.30530275199999	-69.94223151999999	7.3454916864	9.489579472800001	0.0	1.0
418	1.0	-58.49709846399999	62.272757792	9.7672595328	11.065206852	0.0	1.0
418	1.0	-42.826268128	64.83934604	9.6875003904	11.807653284	0.0	1.0
418	0.0	-60.259950687999996	-36.04508756799999	6.514223385599999	7.3964918664	0.0	1.0
418	0.0	-84.277784416	-18.77335432	6.1641912192	9.5717875176	0.0	1.0
419	0.0	49.54597289599999	-79.382281048	12.844939968000002	10.0544782464	0.0	1.0
419	0.0	-84.77328496	-18.099280528	6.513901632000001	9.9293362056	0.0	1.0
419	0.0	-92.44246076800002	-0.35798811999999786	5.6839203456	10.5632109072	0.0	1.0
419	1.0	-42.25461923200001	65.318356712	9.6930417024	11.4800075712	0.0	1.0
419	0.0	-15.873326559999994	82.999119224	10.981271615999999	5.7148064568	0.0	1.0
419	0.0	-56.008870624000004	-69.34356872800001	7.1880469248	9.913932252	0.0	1.0
419	0.0	58.00273001599999	71.150945096	8.564544576	8.014540312800001	0.0	1.0
419	0.0	-11.013417184000003	49.349725543999995	3.6910500479999997	5.903313847200001	0.0	1.0
419	0.0	-60.68466544	-33.974402056	6.1250087808	9.3000666024	0.0	1.0
419	0.0	5.89687951999999	91.31866183999999	12.430771583999999	6.5246401584000004	0.0	1.0
420	0.0	-92.88147568	0.3816429679999914	5.2324642944	9.931930344	0.0	1.0
420	0.0	83.48954768000002	-45.86299647999999	4.6032572544	9.267750475200002	0.0	1.0
420	0.0	-84.979922272	-17.105866288	6.094728192	8.744257368000001	0.0	1.0
420	0.0	83.486687648	45.301663063999996	9.501383808	12.839818723199999	0.0	1.0
420	0.0	48.25466844800002	-80.4759818632	12.6354783744	9.888996348000001	0.0	1.0
420	0.0	7.065202592000002	91.25370783200002	11.951108467200001	6.399276912000001	0.0	1.0
420	0.0	59.429528479999995	70.20297855199999	7.191228710400001	7.471540893600001	0.0	1.0
420	0.0	-10.939056352000001	49.169141336	3.7446041472000005	5.5772769024	0.0	1.0
420	0.0	-56.517241312	-69.78336567999999	7.4125236864	9.4350020184	0.0	1.0
420	0.0	-84.653163616	26.607175615999996	6.5892992256000005	11.720478168	0.0	1.0
420	0.0	-61.168010847999994	-33.45517218400001	6.3151651584	8.737219008	0.0	1.0
421	0.0	-34.041322336	87.566009384	10.938478387200002	8.280107690400001	0.0	1.0
421	0.0	59.948266784000005	69.79234052000001	7.2257278464	7.7151888072000006	0.0	1.0
421	0.0	47.06775516800003	-81.1039443424	13.1379502464	10.1686605552	0.0	1.0
421	0.0	8.041546016	91.23178836800003	12.071623065599999	6.3095277672000005	0.0	1.0
421	3.0	-13.789435744000011	83.93240576000001	10.842238310399999	6.5352580272	0.0	1.0
421	0.0	-84.878391136	-17.546668719999996	6.5643454464	9.9922993632	0.0	1.0
421	0.0	82.270101536	-47.110596064	6.3420852096	9.5714858736	0.0	1.0
421	0.0	-84.474054112	27.065674495999996	6.3782288639999996	11.8693294272	0.0	1.0
421	3.0	2.3171919680000093	83.24867936	10.7862889344	6.184908576	0.0	1.0
421	0.0	-57.015959392000006	-69.078926392	6.8455938432	9.9229011336	0.0	1.0
421	0.0	84.002208416	44.32976609600001	9.5147544576	12.7227808512	0.0	1.0
421	0.0	-10.872918112000008	49.41890256800001	3.7749919872	5.8998751056	0.0	1.0
421	0.0	-61.94844208	-32.994059056	5.6209638912	7.377810048	0.0	1.0
422	3.0	-12.839547616000006	83.91008410399999	11.126024985599999	6.373958925599999	0.0	1.0
422	0.0	81.83323164800002	-47.68794267999999	5.1266431104	8.8116647472	0.0	1.0
422	0.0	-85.15402672	-16.203950728000006	6.2874943488	9.4244042592	0.0	1.0
422	0.0	-56.76141654400001	-70.15820862400001	5.7739398528	9.0028064952	0.0	1.0
422	0.0	84.33003958399999	43.659714224000005	9.820098624	13.593064010400001	0.0	1.0
422	0.0	-33.68381833600001	87.50286524	10.8315846912	8.3248515504	0.0	1.0
422	0.0	60.68901507199999	68.973678704	7.988498380799999	8.5311559368	0.0	1.0
422	1.0	-39.95265097600001	67.93763211199999	9.6378788352	9.452758795200001	0.0	1.0
422	13.0	45.736410272000015	-82.5938646064	12.7966054272	9.1978092864	0.0	1.0
422	0.0	-84.31103228800002	27.46826868799999	6.042711360000001	11.7314781192	0.0	1.0
422	0.0	-57.287304928	-69.002308816	6.743776704	10.1769859296	0.0	1.0
422	0.0	-10.850752864	49.18321805599998	3.6836854656	5.708391494400001	0.0	1.0
422	0.0	-62.35456662399999	-31.822875951999997	5.9501178239999994	7.8892776144	0.0	1.0
422	0.0	8.806962080000003	91.07131376000001	11.977027507199999	6.4393352352	0.0	1.0
422	0.0	3.6463918400000064	83.43610083200001	11.9104960128	6.5972358144	0.0	1.0
423	0.0	81.401009312	-48.615397432	5.0695139712	9.407471976	0.0	1.0
423	0.0	-72.756503008	39.02766896000001	5.8414366079999995	8.277674428800001	0.0	1.0
423	0.0	-95.538802912	58.99670285599999	11.8621257216	10.6991719128	0.0	1.0
423	0.0	-57.65303152	-67.558037344	6.1161069312	7.613514669600001	0.0	1.0
423	0.0	44.985294368	-82.85581225600001	13.206555264	9.6586810992	0.0	1.0
423	0.0	-58.848524896	-65.367900808	6.209308223999999	11.1441973608	0.0	1.0
423	0.0	61.167712927999986	68.074578488	8.1286041984	7.965513108	0.0	1.0
423	0.0	-32.671009504	87.72950043200001	11.719553126400001	8.150823072	0.0	1.0
423	0.0	-93.08167792	2.1832620320000045	5.027578752000001	9.7772070816	0.0	1.0
423	0.0	84.80909494400002	42.62125448	9.4221251712	13.5105945408	0.0	1.0
423	0.0	-84.091882336	28.293365575999992	6.3425857152	11.459415340800001	0.0	1.0
423	0.0	10.099339039999997	91.55897156	11.5762655232	7.1306228448	0.0	1.0
423	0.0	-10.841100256000006	49.314131552000006	3.7468921728	5.967925992	0.0	1.0
423	0.0	4.564819615999996	83.192975768	12.392447155200001	6.5697862104	0.0	1.0
423	0.0	-62.81324425599999	-30.521784831999998	5.9541576192	7.871480618400001	0.0	1.0
423	0.0	-11.777403231999996	84.08222228	11.1647069184	6.1411903055999995	0.0	1.0
424	0.0	5.550458144000001	83.2014218	11.985428851200002	6.821839936800001	0.0	1.0
424	0.0	46.215823136000026	-82.6926027424	7.7118260352000005	7.204223980799999	0.0	1.0
424	0.0	-72.694297312	40.11680489599999	5.886482112	9.6187434336	0.0	1.0
424	0.0	-59.49131708800001	-65.130205336	5.4355265664	9.575085492	0.0	1.0
424	0.0	79.79617385600001	-51.465128848	6.983983641600001	9.959922907200001	0.0	1.0
424	0.0	-32.084702943999986	87.884344352	11.397763776	8.323081905599999	0.0	1.0
424	0.0	-84.02502908800001	28.644278095999987	5.993054054400001	10.987985988	0.0	1.0
424	0.0	61.852690592	67.73613392	8.091030528000001	8.1908009568	0.0	1.0
424	0.0	85.28529027199998	41.48948619200001	9.39967392	12.6448360416	0.0	1.0
424	0.0	-93.180349024	3.008761111999984	5.11498848	9.2508584112	0.0	1.0
424	0.0	-63.14143292800001	-29.495591944	5.7813401856	7.935710680800001	0.0	1.0
424	0.0	80.36567772800004	-50.57648562399999	5.786559744	8.8928069832	0.0	1.0
424	0.0	-10.75994684800001	84.19785248	11.100963955200001	6.058419192000001	0.0	1.0
424	1.0	-38.750722528	67.953518696	9.8727589632	11.3285621736	0.0	1.0
424	0.0	-10.81750499200001	49.334241152	3.630095616	5.9500887768	0.0	1.0
425	0.0	-95.49125488	59.02122912000001	11.917038336000003	10.8605514528	0.0	1.0
425	0.0	6.484973599999996	83.16421159199999	11.6353609344	6.9114483144	0.0	1.0
425	0.0	13.202831263999991	91.04073972000003	8.832744076800001	5.4399082248	0.0	1.0
425	1.0	-37.971721312	68.572685832	10.0034266752	11.315189289600001	0.0	1.0
425	0.0	-93.07059529600001	3.3413664479999907	4.8751390464	8.069077548000001	0.0	1.0
425	0.0	-9.494025184000009	84.306235776	11.0211690624	5.8050985608	0.0	1.0
425	0.0	79.14515907200001	-52.219648488	8.0123438976	10.765372716	0.0	1.0
425	0.0	-31.480163680000008	88.370587032	11.358080832	8.513640475199999	0.0	1.0
425	0.0	-58.994744031999986	-65.06003028	7.076898931199999	10.4164108272	0.0	1.0
425	0.0	-63.66910883199999	-28.868582064000005	6.076745740800001	7.682209063199999	0.0	1.0
425	0.0	-83.58279664	29.78669702400001	6.703021248000001	11.8650058632	0.0	1.0
425	0.0	-10.79176470399999	49.847631792000016	3.6456112896000006	6.104168532	0.0	1.0
425	0.0	80.104699808	-51.806999495999996	5.970567052799999	10.0844415504	0.0	1.0
426	0.0	63.17938793599999	66.302714184	7.751401728	8.0982766872	0.0	1.0
426	0.0	88.45277571200002	37.32598716000001	5.3883360384	8.374703248800001	0.0	1.0
426	0.0	79.61599184	-51.82992444	4.641045427200001	7.6904338896	0.0	1.0
426	0.0	-86.496811744	-13.388614175999995	5.1289668864	9.1750653288	0.0	1.0
426	0.0	-47.695472608	76.934257512	7.5646416384	6.37172676	0.0	1.0
426	1.0	-8.50874416000001	84.436143792	11.4630440064	5.8819373424000005	0.0	1.0
426	0.0	-92.90042339200001	3.5219506560000076	5.1306829056	8.74465956	0.0	1.0
426	0.0	-55.807595871999986	69.69741576	5.7387614592	16.9346159136	0.0	1.0
426	0.0	-30.783745888	88.512359712	11.3721664896	7.9476356736	0.0	1.0
426	1.0	-37.617077344	68.94230028000001	10.178532134400001	11.416179700799999	0.0	1.0
426	0.0	7.717647392000006	83.061853728	11.7066829824	6.956996558399999	0.0	1.0
426	0.0	13.84312092800001	90.63834662400001	9.694972224	5.7138814152	0.0	1.0
426	0.0	-64.158174304	-28.005478031999996	6.2729081855999995	7.1748840743999995	0.0	1.0
426	0.0	-10.744574175999999	50.191908144	3.7522904832	6.320346732	0.0	1.0
426	0.0	-83.421204832	30.529947839999984	6.816993523200001	12.026626718400001	0.0	1.0
427	0.0	14.57671913599999	91.04174519999998	10.1279810688	5.9241473928	0.0	1.0
427	0.0	13.655073823999995	91.498635312	11.0872358016	7.2058930776	0.0	1.0
427	0.0	-112.076222944	65.96406852	7.407768883200001	6.1956068832	0.0	1.0
427	0.0	64.34377846399998	65.50456416000002	7.2982296576	7.7742305927999995	0.0	1.0
427	0.0	-59.94856470399999	-64.011113544	7.344168921600001	8.9729437392	0.0	1.0
427	1.0	-36.69364451199999	69.44805672	10.7999455872	11.0838283416	0.0	1.0
427	0.0	-30.074100448	88.551372336	11.5963929984	7.4287275552	0.0	1.0
427	0.0	-92.742406624	4.671214296000003	5.5442077824	9.0201811896	0.0	1.0
427	0.0	8.776931743999997	82.594908816	12.1461626496	6.993716688	0.0	1.0
427	0.0	-83.258183008	30.734663568	6.2517439488000015	11.1475154448	0.0	1.0
427	0.0	-7.475200095999997	84.14475568800002	11.4823849728	5.417124048	0.0	1.0
427	0.0	-86.660548576	-12.819110303999997	5.3431117824	9.5406176376	0.0	1.0
427	0.0	-64.67798512000002	-27.01869996	6.0392793216	7.6537539792	0.0	1.0
427	0.0	86.74176156800002	38.99086094399999	9.453120768	13.653573796800002	0.0	1.0
427	0.0	-10.742071648000008	50.740296936	3.8063450880000005	6.505415380800001	0.0	1.0
428	0.0	-71.35723235199998	47.240422151999994	5.7366164352	13.562959939199999	0.0	1.0
428	0.0	64.729167776	65.30527802400002	7.573185984	8.3744217144	0.0	1.0
428	0.0	14.302156063999991	89.897710056	12.6953960448	8.1766437984	0.0	1.0
428	0.0	9.703582111999992	82.53377563200002	11.8486835712	6.7413210984	0.0	1.0
428	0.0	38.45727132800001	-86.728828116	14.403514406400001	10.6234391592	0.0	1.0
428	0.0	15.352145311999994	91.09141591199999	10.693194892800001	6.6592538208	0.0	1.0
428	0.0	13.77877020799999	88.71003708	11.8614822144	7.2810627623999995	0.0	1.0
428	0.0	-10.818935007999999	50.916859224000014	3.9926404224	5.9222973096	0.0	1.0
428	0.0	77.34941648	-55.201902168000004	6.490735372800001	8.8249571928	0.0	1.0
428	0.0	-86.711671648	-12.456936408000004	5.4561187968	10.137148812	0.0	1.0
428	1.0	-35.81346966400002	70.10664612000001	10.2673718784	10.6279236	0.0	1.0
428	0.0	-92.62907785600001	4.985527344000003	6.2486694144	11.1049032024	0.0	1.0
428	0.0	-65.019758944	-25.381175231999997	5.785129727999999	8.384898816	0.0	1.0
428	0.0	-83.02151536	31.440309431999996	6.2968609536	11.331357408	0.0	1.0
428	0.0	-29.314404447999994	88.537496712	11.4623647488	7.3785943224	0.0	1.0
428	0.0	-6.578580064000008	84.548154264	11.081587238400001	6.347997432	0.0	1.0
428	0.0	87.17112387200002	38.03384508000001	9.1159229952	13.626365508000001	0.0	1.0
429	0.0	-28.516813024	88.99921312800001	11.779613798400002	7.9011221688	0.0	1.0
429	0.0	-10.79962979200001	51.59394945599998	4.0749735936	6.327887832000001	0.0	1.0
429	2.0	37.180624544	-86.8915549992	14.7471115008	9.4273402608	0.0	1.0
429	0.0	10.851169952000006	82.092369912	11.9948312064	6.7045004208000005	0.0	1.0
429	0.0	-86.839300576	-11.751290544000005	5.606234726399999	9.9959995296	0.0	1.0
429	0.0	-65.25499657600001	-24.792567239999997	5.8324632576	7.6721341536	0.0	1.0
429	0.0	-83.127694048	31.64542735200001	5.4636263808	10.26544806	0.0	1.0
429	0.0	16.17511952	91.03611451200003	10.8063449088	7.253271295200001	0.0	1.0
429	0.0	-92.893273312	6.205375680000007	5.7825199488	10.491077772	0.0	1.0
429	1.0	-35.26219849599999	70.549660608	10.166484249600002	10.665025812	0.0	1.0
429	0.0	-5.315518432000005	84.43393173599999	11.0467305984	6.1313768208	0.0	1.0
429	0.0	87.47214224000001	36.85421594400001	8.9328094464	13.613052952799999	0.0	1.0
430	0.0	-30.968217952	93.13374688799998	5.715130444800001	12.585311625600001	0.0	1.0
430	0.0	-51.47571990400001	70.97316878400001	8.9192242944	15.819920676	0.0	1.0
430	0.0	-70.591816288	48.149376072	5.481001075200001	12.5678564928	0.0	1.0
430	0.0	-10.822510047999991	51.86884768799998	4.1775772416	5.4766886832	0.0	1.0
430	0.0	16.519395872000004	89.40080184	12.5033806464	6.1043092992000005	0.0	1.0
430	0.0	89.85347638399999	33.891468576	4.7093644416	8.4767393592	0.0	1.0
430	0.0	-4.312362208000006	84.28290864	11.487640281600001	6.4521249408	0.0	1.0
430	0.0	76.147130528	-57.28746878400001	8.4559706112	10.0145405808	0.0	1.0
430	0.0	12.049880864000011	81.61798444800002	11.5414088832	6.809532861599999	0.0	1.0
430	0.0	-65.69115145600001	-23.556832320000012	6.050898201600001	8.3695350816	0.0	1.0
430	0.0	-86.93260912	-11.402388984000002	5.885481100800001	10.4416483752	0.0	1.0
430	1.0	-34.54576048	71.22574535999999	10.5958108032	10.4984781048	0.0	1.0
430	0.0	-82.58214294400001	32.56162072800001	6.3144859008	10.9517484888	0.0	1.0
430	0.0	36.83634819199999	-87.09158519040001	13.371257356800001	8.5563934848	0.0	1.0
430	0.0	-92.780302048	6.453930336000006	6.0817507968	10.9366461792	0.0	1.0
431	13.0	15.203066144000008	3.0966326159999973	22.0080892416	4.307275224	0.0	1.0
431	0.0	-81.086703712	-41.439897408	9.352125888	16.243428852	0.0	1.0
431	0.0	-112.01508976000002	65.827926528	7.3679071872	6.338284495199999	0.0	1.0
431	0.0	-95.385433696	58.995488832000014	12.186524851200002	10.8233486928	0.0	1.0
431	0.0	-10.806779871999993	52.076378760000004	4.0633547136	5.0462829144	0.0	1.0
431	0.0	-51.88327446400001	71.572032672	6.708383808	16.157299435200002	0.0	1.0
431	0.0	66.04335248	66.91786684799999	9.6662646528	16.1698679352	0.0	1.0
431	0.0	-87.252932704	-10.611880608000005	5.7633934848	9.699262272	0.0	1.0
431	0.0	35.525381024	-87.51507325680001	13.2313660416	8.1652617648	0.0	1.0
431	0.0	12.675870368	81.676503384	12.024468288	7.271752017600001	0.0	1.0
431	0.0	75.35490166400002	-58.333167984000006	8.111765759999999	10.278519300000001	0.0	1.0
431	0.0	17.431031071999996	88.48480956	12.0566793984	7.730170459200001	0.0	1.0
431	0.0	-3.325651167999998	84.068540304	11.1354630912	6.033422959199999	0.0	1.0
431	0.0	-82.270041952	33.197084088	5.9723545728000005	10.698608844	0.0	1.0
431	0.0	-92.828207584	7.086779447999993	5.9760726144000005	10.4797761768	0.0	1.0
431	0.0	-66.23849007999999	-22.956560760000002	6.095157196800001	7.720377084	0.0	1.0
431	1.0	-33.77176432	71.338560216	10.577113344	10.083134426400001	0.0	1.0
432	1.0	13.898176544	81.586412376	12.2863757184	7.502650444800001	0.0	1.0
432	0.0	-112.02080982400001	65.91862082399999	7.330476518400001	6.1364846592	0.0	1.0
432	0.0	-51.537568096000015	72.81661581600001	5.699722022400001	17.928392126400002	0.0	1.0
432	0.0	-1.7590686399999913	83.36088348	9.9686772864	4.997939436	0.0	1.0
432	1.0	-48.37580272	71.193167808	7.8459972864	9.1793888928	0.0	1.0
432	0.0	-26.43435222400001	89.57716303200002	11.361441369600001	7.485517065600001	0.0	1.0
432	0.0	73.79689923200003	-59.66764104000001	7.397973273600001	9.842040432000001	0.0	1.0
432	0.0	-91.795378528	7.277016264000004	3.9980387328000004	10.489871196	0.0	1.0
432	0.0	-62.13219913599999	-61.503848616	6.4968486912	8.030366568000002	0.0	1.0
432	0.0	-10.84431779199999	52.59399986399999	4.2715292928	5.9416628544000005	0.0	1.0
432	0.0	-66.65998729600003	-21.800057664000008	5.7815189376000005	7.6754723471999995	0.0	1.0
432	0.0	-92.86395798400001	7.441713888000016	5.5388452224	10.262371291200001	0.0	1.0
432	0.0	-87.356608864	-10.117787736	6.228398937600001	9.7005291768	0.0	1.0
432	0.0	18.26473040000002	88.181355696	12.063364723199998	7.749053373600002	0.0	1.0
432	0.0	33.33495401599998	-88.14287485919999	14.915388633600001	8.0437193424	0.0	1.0
432	0.0	-81.849617248	33.82892771999998	6.525341760000001	10.9863168912	0.0	1.0
432	0.0	66.76729808000002	66.63854450399998	9.722142528	17.451412524	0.0	1.0
432	1.0	-32.946645088	71.870861328	10.5046115328	10.5060393144	0.0	1.0
433	1.0	14.953528351999992	81.13374528000001	12.109768742400002	7.717843274400001	0.0	1.0
433	0.0	68.68030198400004	61.06154913599999	7.152225024	7.851190032	0.0	1.0
433	0.0	-63.12570275199999	-55.43979873600001	6.893463628799999	17.3855736936	0.0	1.0
433	0.0	-67.09685718399999	-19.965056664000002	5.3082908928000005	8.524097467199999	0.0	1.0
433	0.0	-0.7830827200000008	82.854925944	10.3510278144	4.89517938	0.0	1.0
433	0.0	-62.35528163200001	-61.740940800000004	6.2600380416000005	6.574592404800001	0.0	1.0
433	0.0	18.933977888	87.606422232	11.491251072	8.6958535608	0.0	1.0
433	0.0	-25.699681504000004	89.639502792	11.822335526399998	7.812479052000001	0.0	1.0
433	0.0	-81.55217392	34.80283564799999	6.683179776	11.689408836	0.0	1.0
433	0.0	88.916100896	33.03439742399999	8.7530921856	13.2752317824	0.0	1.0
433	0.0	-10.874348127999996	52.313873136000005	4.1639205888	5.354643520800001	0.0	1.0
433	0.0	73.60599209600001	-60.005281224	7.438764480000001	9.0951095592	0.0	1.0
433	1.0	-32.37392368	72.255557976	10.5433649664	10.80237438	0.0	1.0
433	0.0	-92.77744201600001	7.856172744000008	5.9255930496	10.184868892799999	0.0	1.0
433	0.0	20.080135712000004	88.81601467200001	10.861507776	6.2453781432	0.0	1.0
433	0.0	32.942772128000016	-88.550958972	13.376476915200001	7.718044370400001	0.0	1.0
433	0.0	-87.42274710400001	-9.143879808000001	6.0946924416	10.606406328	0.0	1.0
434	3.0	-63.25762172799999	-55.226033688	7.8871817472	18.3786058512	0.0	1.0
434	0.0	-49.7772184	73.376668176	7.4917823232	16.8085287216	0.0	1.0
434	0.0	-62.555841376	-59.63023718400001	6.159436416000001	9.0967987656	0.0	1.0
434	0.0	16.751058464	80.45484518399999	10.5001427328	7.120105524	0.0	1.0
434	0.0	-69.812457568	45.81062959200001	5.7769786368	7.5600633528	0.0	1.0
434	0.0	90.88988048	31.490985624000015	5.565801024	11.564025480000002	0.0	1.0
434	0.0	-10.84968035200002	52.236250080000005	4.205748556800001	5.2792124112	0.0	1.0
434	0.0	-67.560897376	-19.129703880000008	5.554611148799999	8.8509991248	0.0	1.0
434	0.0	-81.83817712000001	34.861153488	5.448217958400001	9.6583794552	0.0	1.0
434	0.0	31.23497552000002	-89.29730666639999	12.218414208	7.876327032	0.0	1.0
434	0.0	73.243125536	-60.47705244	6.3389749248	8.4119261184	0.0	1.0
434	0.0	89.20889667200001	32.225187119999994	9.0412404096	13.221599479200002	0.0	1.0
434	0.0	-92.948686432	8.336993280000003	6.104023296	10.0780466976	0.0	1.0
434	0.0	-25.027931487999993	89.987197776	11.914214054399999	7.9574491584	0.0	1.0
434	0.0	21.700701344	88.82667276000001	9.196933401599999	4.9884477048	0.0	1.0
434	0.0	-87.491745376	-8.780499335999997	5.9895505152	10.6728484464	0.0	1.0
434	1.0	-31.63889545599999	72.73215549599999	10.720293696	10.593214430400002	0.0	1.0
435	0.0	-95.45300195200001	59.12921022399999	12.058502668800001	10.7229012408	0.0	1.0
435	0.0	71.169602336	-62.029722103999994	8.769394368	9.7908615	0.0	1.0
435	3.0	-63.908279008	-54.202663592	7.357182067199999	17.5919585184	0.0	1.0
435	1.0	-31.097991903999997	73.223827768	10.848208627200002	10.2087993168	0.0	1.0
435	0.0	-112.01151472000001	65.98839368799999	7.4239638143999995	6.210950508000001	0.0	1.0
435	0.0	-63.781365088	-58.418037944	7.5226349184000005	10.109417673600001	0.0	1.0
435	0.0	-81.198959968	36.30883614399999	6.544360972800001	11.4604409304	0.0	1.0
435	0.0	-24.627527007999994	90.199547704	11.954326003199998	7.773265332	0.0	1.0
435	0.0	69.62339753599998	60.176518191999996	8.1929906688	8.1735067008	0.0	1.0
435	0.0	-10.892223327999996	52.456241655999996	4.238531673600001	5.4235792296	0.0	1.0
435	0.0	-67.785052384	-18.612090224	6.169804032	8.3015646336	0.0	1.0
435	0.0	89.60679862400002	31.279425184000008	8.7017188608	13.368299011200001	0.0	1.0
435	0.0	-93.182851552	10.023779079999997	6.445975872000001	12.3994587024	0.0	1.0
435	0.0	16.992731167999995	80.63682961600001	11.9418491136	7.6167120960000005	0.0	1.0
435	0.0	-87.636534496	-8.321203519999997	6.4513026816000005	10.9350374112	0.0	1.0
435	0.0	22.670967200000018	88.733557864	9.41218656	5.701835764799999	0.0	1.0
436	0.0	17.888993696000018	80.418037168	12.259312665600001	8.030869308	0.0	1.0
436	0.0	22.70099753599998	87.38038288000001	10.923713472	6.9566546952	0.0	1.0
436	0.0	-95.49554492800002	59.147711056	11.9716291968	10.7152797024	0.0	1.0
436	0.0	89.78340560000002	30.262683808000016	8.9103224448	13.915601884800001	0.0	1.0
436	0.0	-69.101739616	47.46704989600002	5.2819070976	6.813152589600001	0.0	1.0
436	0.0	70.56649308800002	-62.881363664	8.900026329600001	9.542407392	0.0	1.0
436	0.0	70.235444384	59.63516775999999	7.2348799488	7.3592689968	0.0	1.0
436	0.0	-10.897228383999998	52.404157792	4.248398784	5.4861401952	0.0	1.0
436	0.0	-23.636168415999993	90.23192416	12.182699558400001	7.457544612	0.0	1.0
436	0.0	-68.177234272	-17.859790088	5.7401557248	8.3358112824	0.0	1.0
436	0.0	28.295220128000008	-89.87061870080001	14.9884982016	7.7088743928	0.0	1.0
436	0.0	23.529334303999992	88.269026104	9.3179485056	5.1773773968	0.0	1.0
436	0.0	-87.636176992	-7.936707968	6.506394048000001	9.7080903864	0.0	1.0
436	0.0	-64.09918614399999	-58.101713935999996	7.256330188800001	10.1750755176	0.0	1.0
436	0.0	-81.039513184	36.17631388000001	5.7203857536	9.8796856032	0.0	1.0
436	0.0	-93.29796784	10.559901015999996	6.7421321856	12.222574660800001	0.0	1.0
437	0.0	19.09306716799999	80.10049913600001	11.548094208	7.795365782399999	0.0	1.0
437	0.0	-68.65485961600001	47.772507272	5.1991091712	6.6477913488	0.0	1.0
437	0.0	70.480692128	58.86637030400001	7.543584652800001	7.232337201600001	0.0	1.0
437	0.0	-95.43584176	59.19415678400001	12.044488512000001	10.7691332112	0.0	1.0
437	0.0	90.06762128000001	29.314709815999983	8.9912613504	13.7238769584	0.0	1.0
437	0.0	24.889994528000006	88.16082900800001	8.6411934336	5.7574186992000005	0.0	1.0
437	0.0	-10.848607839999998	52.58574003200002	4.2690625152	5.6117447568	0.0	1.0
437	0.0	-80.7370648	36.959374256000004	5.891093913600001	10.1925708696	0.0	1.0
437	0.0	69.62053750400001	-64.013943784	9.3345366912	8.380917115199999	0.0	1.0
437	0.0	-93.336220768	10.894517311999984	6.4277789184	11.3774486112	0.0	1.0
437	0.0	-64.66904752	-57.337958776	6.9461597184000015	10.1372895792	0.0	1.0
437	0.0	-68.644134496	-16.855121919999995	5.911435891200001	7.867418479200001	0.0	1.0
437	1.0	-29.391267808000006	74.00809472	10.994141760000002	10.0750503672	0.0	1.0
437	0.0	-87.75486832	-7.008456280000004	6.315594163199999	10.5752565576	0.0	1.0
438	0.0	90.82803228800002	28.483773695999993	7.837488691199999	13.142468203200002	0.0	1.0
438	0.0	25.091626783999992	87.96394857599999	10.4712206592	5.6674081296	0.0	1.0
438	0.0	-81.0051928	-41.242242384	9.4400361216	16.2881928216	0.0	1.0
438	1.0	-28.607261536000006	74.57859662400001	10.9997545728	9.875522916	0.0	1.0
438	0.0	-64.81276412800001	-56.737694663999996	6.701340979199999	10.1042092872	0.0	1.0
438	0.0	-10.899373408000002	52.75465322400001	4.3866455808	5.8853559744	0.0	1.0
438	0.0	-93.44597449599999	11.603976551999986	5.9540146176	10.3405171968	0.0	1.0
438	0.0	68.869064096	-64.791388368	10.0570522752	9.8111319768	0.0	1.0
438	0.0	-80.523992416	37.78969219200001	6.0582985343999995	10.6449966504	0.0	1.0
438	0.0	-68.809301344	-15.473197655999998	5.6813105664	8.278820676	0.0	1.0
438	0.0	-87.782396128	-6.069747600000003	6.144957504	10.8576556704	0.0	1.0
439	0.0	-112.03868502399999	66.19228268800002	7.420746278400001	6.3670211136	0.0	1.0
439	0.0	-80.96229232	-41.208867895999994	9.4741062528	16.2949898664	0.0	1.0
439	0.0	-95.45014192	59.47024669600001	11.9567570304	10.595949336	0.0	1.0
439	0.0	-21.531184864000004	90.38755012	12.44382048	7.0498023624	0.0	1.0
439	0.0	24.545003167999983	-90.924223208	14.3994388608	8.1639144216	0.0	1.0
439	0.0	-80.394575968	38.213595112000014	5.5922205696	9.9202064472	0.0	1.0
439	0.0	68.47509468800001	-65.383824632	7.8512883455999996	9.4326894144	0.0	1.0
439	0.0	72.96927747199999	56.99636370400001	6.8710123776000005	7.3071449136	0.0	1.0
439	0.0	-10.909383520000004	52.855193776	4.320078336	5.7711334463999995	0.0	1.0
439	0.0	-64.90321263999999	-55.989021703999995	6.385200192000001	10.4764782024	0.0	1.0
439	0.0	-93.40950908800001	12.128226376000006	6.0054594431999995	10.4360176872	0.0	1.0
439	0.0	-87.95507056000001	-5.459830880000003	6.294930431999999	10.944509032800001	0.0	1.0
439	0.0	-69.190043104	-13.928586728	5.8123715328	8.8662422016	0.0	1.0
440	0.0	103.533724448	-45.403134616	4.6841246592	4.7176920504	0.0	1.0
440	0.0	73.91201551999998	56.178498823999995	7.332728793599999	8.8471783008	0.0	1.0
440	0.0	-80.932261984	-41.20606	9.5477520768	16.2108513	0.0	1.0
440	0.0	-95.538802912	59.55208532000001	11.766600652800001	10.548892872	0.0	1.0
440	1.0	22.02924752000001	79.70069794400001	12.2649254784	7.874195414400001	0.0	1.0
440	0.0	-11.032007391999997	53.431527464	4.186908096000001	6.0001415712	0.0	1.0
440	1.0	-27.221933535999998	75.48069838400001	11.2313099136	9.7000465464	0.0	1.0
440	0.0	73.65747267200001	57.30101669599999	6.6756364416	6.508733464800001	0.0	1.0
440	0.0	-79.593409504	39.633325424	6.284991820800001	10.8945165672	0.0	1.0
440	0.0	-93.201084256	12.617686591999991	5.6357645568	9.9684694872	0.0	1.0
440	0.0	-65.69329648	-55.5140404	6.8909968512	9.9312063984	0.0	1.0
440	0.0	66.77766569600001	-66.17615032	9.6588285696	9.5119212384	0.0	1.0
440	0.0	-69.390960352	-13.090627144000003	5.740441728	8.420995548	0.0	1.0
440	0.0	-88.206395872	-4.785161248000005	6.532992345599999	11.0552526	0.0	1.0
441	3.0	-26.669947360000002	76.034107128	11.1288492672	10.093149007200001	0.0	1.0
441	0.0	-80.924396896	-41.156597832	9.5589777024	16.127698104000004	0.0	1.0
441	0.0	-92.133219808	13.565243495999995	3.9068752128000006	9.7388178552	0.0	1.0
441	0.0	103.48081385600001	-45.4214418	4.79412864	4.5850692384	0.0	1.0
441	0.0	-93.699444832	13.41663355200001	5.56723104	9.4908865968	0.0	1.0
441	0.0	66.40407401600001	-67.06439879999999	8.6522403072	7.9357710096	0.0	1.0
441	0.0	-95.43476924800001	59.615222016000004	11.956435276799999	10.6093825488	0.0	1.0
441	0.0	-11.035224928000003	53.78022048000001	4.2932297856	5.918959116	0.0	1.0
441	0.0	-66.321431008	-54.960430560000006	7.2893993088	9.3638743632	0.0	1.0
441	0.0	74.02534428800001	56.207650296	8.074621094400001	9.444312763200001	0.0	1.0
441	0.0	23.271573920000012	79.55368932	11.6449420416	7.7828375016	0.0	1.0
441	0.0	-79.750711264	39.58907685599999	5.6716937087999995	9.5583140856	0.0	1.0
441	0.0	-69.38559779199998	-12.159761208000003	6.551618304	9.043628983200001	0.0	1.0
441	0.0	-88.275394144	-4.257492792000001	6.345874751999999	10.9629294264	0.0	1.0
442	13.0	-13.270697440000005	7.268726639999997	22.1066888448	4.780454112	0.0	1.0
442	0.0	103.529076896	-45.468699359999995	4.703501376	4.5382943088	0.0	1.0
442	0.0	29.501796128000013	86.77182914400001	8.7080109312	5.8758039144000005	0.0	1.0
442	0.0	-80.881496416	-41.230198968	9.604237708800001	16.0420110984	0.0	1.0
442	0.0	-95.500907488	59.666099304	11.861267712	10.507024684800001	0.0	1.0
442	0.0	-11.109585760000003	54.15787876800001	4.1025729024	5.8044751632	0.0	1.0
442	0.0	66.303615392	-68.315417016	7.272489369600001	8.7598020888	0.0	1.0
442	0.0	-66.78261116799999	-54.281329368	7.4154909696	9.798000408	0.0	1.0
442	3.0	-25.632113248000003	76.46606133600001	11.1612391296	9.9605664144	0.0	1.0
442	0.0	-93.561090784	14.192864111999995	6.0267666816	10.504510984800001	0.0	1.0
442	0.0	74.37283817599999	55.70651906399999	8.4007004928	9.7421560488	0.0	1.0
442	0.0	-79.517261152	40.51954804799999	5.6661523968	10.2006750384	0.0	1.0
442	0.0	-69.648005728	-11.354975016000003	6.069702912	8.5653623664	0.0	1.0
442	0.0	24.296537887999992	78.944167344	11.5660766592	7.370630920799999	0.0	1.0
442	0.0	92.01029801600001	24.983675471999998	7.576975526400001	13.5235853424	0.0	1.0
442	0.0	-88.396945504	-3.5196715680000037	6.4096534656	11.18244582	0.0	1.0
443	0.0	-66.38613923199999	-54.436977672000005	5.4522220032	7.8234588936	0.0	1.0
443	2.0	19.115947424000012	-91.7565141192	15.041015539200002	6.978755145600001	0.0	1.0
443	0.0	-80.893294048	-41.319284495999995	9.583824230400001	15.9626586168	0.0	1.0
443	0.0	66.02118723199999	-68.677590912	6.2629695744	9.3084724152	0.0	1.0
443	0.0	-95.49089737599999	59.650011624	11.8483260672	10.5050137248	0.0	1.0
443	0.0	30.501734816000006	86.59888658400001	8.6799111168	6.0238708992	0.0	1.0
443	0.0	75.674152736	54.135959304	6.9454804608	8.0324579664	0.0	1.0
443	0.0	-79.27487344000001	40.99835762400001	5.475710016	9.7290043704	0.0	1.0
443	0.0	25.25786614400001	78.796160688	11.6761163904	8.181791856	0.0	1.0
443	0.0	-70.643296864	-9.982092623999996	5.0666896896	7.728420924	0.0	1.0
443	1.0	-25.001476192	76.738747512	11.0389370112	9.7349970312	0.0	1.0
443	0.0	-93.54107056000001	15.687409583999997	5.28569664	11.7619240536	0.0	1.0
443	0.0	-88.38979542400001	-2.981940864000002	6.157362892800001	11.2529701872	0.0	1.0
444	0.0	-93.56430832	15.904384720000008	5.2470147072	11.1132084672	0.0	1.0
444	0.0	-64.71552304000001	61.028115064	6.523268236800001	10.403098272	0.0	1.0
444	0.0	-11.221842016000007	55.002474520000014	3.7235114112000005	5.511739716	0.0	1.0
444	13.0	-13.301442784000004	7.451314360000015	22.1301768576	4.85244648	0.0	1.0
444	0.0	11.336660384	81.26520992799999	8.769823372800001	5.4103471128	0.0	1.0
444	13.0	15.190553504000016	3.646376944000002	22.184159961600002	4.280931648	0.0	1.0
444	0.0	-80.85075107200001	-41.271229999999996	9.6753452544	15.894285976800003	0.0	1.0
444	0.0	76.23221648	53.58836744799999	7.2620860032	8.005470883200001	0.0	1.0
444	0.0	-95.60279612800001	59.746932448	11.6084408832	10.5462384048	0.0	1.0
444	0.0	-70.86137430400001	-9.268008175999997	4.958902233600001	7.743141151200001	0.0	1.0
444	0.0	-70.82526639999999	-4.024631071999997	5.0691207168	18.499283560800002	0.0	1.0
444	0.0	-67.79756502400001	-48.57121589600001	7.8395264639999995	18.2078552376	0.0	1.0
444	0.0	92.4289352	22.85908878399999	7.8486070656	13.382335512	0.0	1.0
444	0.0	-78.65925155200001	41.61108968800002	5.757065664000001	9.7936969536	0.0	1.0
444	0.0	31.04371088000002	86.149831768	9.8554200192	5.8453177607999995	0.0	1.0
444	0.0	26.22634448000001	78.415679608	11.9091017472	7.846243070400001	0.0	1.0
444	0.0	-88.626105568	-1.8642567439999966	6.0812860416	10.9911834144	0.0	1.0
445	0.0	-80.820005728	-41.21030535999999	9.734261913600001	15.936254712	0.0	1.0
445	0.0	103.57197737599999	-45.397928464	4.3734536832	4.2678402984	0.0	1.0
445	0.0	-95.53630038399999	59.81489544800001	11.699318400000001	10.4909370048	0.0	1.0
445	0.0	32.1448232	85.69977147200001	9.2079087744	5.9493849408	0.0	1.0
445	0.0	92.589812	22.000200319999998	8.036546918400001	13.3748346312	0.0	1.0
445	0.0	-78.694644448	42.41928706400001	5.497517760000001	9.9784237392	0.0	1.0
445	0.0	12.280470944000045	81.23604356000001	8.5347644928	5.5032132456000005	0.0	1.0
445	0.0	76.443501344	53.98009500799999	6.8055533952	7.01171478	0.0	1.0
445	0.0	62.66064963200003	-70.00222516	10.1136809088	8.8401600504	0.0	1.0
445	0.0	-93.802763488	17.42767947199999	4.2840061824	8.9075674296	0.0	1.0
445	0.0	-70.98435568000001	-7.865974311999998	5.705370585600001	8.210850228	0.0	1.0
445	0.0	-88.796277472	-1.0691306080000047	6.2927496576	11.3275566936	0.0	1.0
446	0.0	-64.627219552	55.716760064000006	5.016853632	6.961501108799999	0.0	1.0
446	0.0	30.174261151999996	76.81313813599999	8.425833024	6.2229760488	0.0	1.0
446	0.0	61.906316192000006	-70.621801936	9.883698585600001	8.4531306888	0.0	1.0
446	0.0	-71.20994070400002	-4.489371375999999	5.3236635648	13.9627387872	0.0	1.0
446	0.0	-80.837880928	-41.149172176	9.731795136	15.9453643608	0.0	1.0
446	0.0	15.758627360000016	-92.4203469112	16.029764352	6.618129688800002	0.0	1.0
446	0.0	93.974067488	20.87044299199999	6.126581798399999	13.383139896	0.0	1.0
446	0.0	92.55835164800001	21.034336232	9.1011223296	13.878640440000002	0.0	1.0
446	0.0	33.57483920000001	85.437542288	8.6028690048	6.0106387824	0.0	1.0
446	0.0	-16.418877664	90.932088296	12.229175078399997	6.6679411680000005	0.0	1.0
446	0.0	-78.22845923199999	43.316979608000004	5.7874892544	10.058962687200001	0.0	1.0
446	0.0	-93.68728969600001	17.72711141600001	4.9109251968	8.359902583200002	0.0	1.0
446	0.0	-68.766758368	-51.55186825599999	7.242316032000001	9.8771920128	0.0	1.0
446	0.0	77.46131523199999	52.971397472000014	7.061061504	7.003610611200001	0.0	1.0
446	0.0	-71.25105366400001	-6.400185567999999	5.1576029568	9.9796504248	0.0	1.0
446	0.0	-88.9954072	-0.3353313040000036	6.0279106944	11.033333136	0.0	1.0
447	3.0	13.322952607999994	81.399735704	11.0274253824	7.525494950400001	0.0	1.0
447	0.0	94.44668777599998	18.209942912000006	5.2179853824	9.7060794264	0.0	1.0
447	0.0	60.13595638400001	-72.05642080000001	10.1209024896	8.034187392000002	0.0	1.0
447	0.0	-95.414749024	59.82756449600001	11.970949939200002	10.3757693256	0.0	1.0
447	0.0	-15.671694304000006	90.826713992	11.9884318848	6.177789777600001	0.0	1.0
447	0.0	29.467118240000012	77.02931633600001	11.119089408	7.2243738	0.0	1.0
447	0.0	-93.497097568	17.742796903999995	5.240293632	9.1918166256	0.0	1.0
447	0.0	-69.19755068799999	-50.97693479200001	6.9802656	10.2675997872	0.0	1.0
447	3.0	-21.915859168000004	78.115234736	11.4904288128	9.0768500424	0.0	1.0
447	0.0	-77.932088416	43.733047232	5.1668980608	9.916948692	0.0	1.0
447	0.0	92.86687760000001	20.104669424	8.5289371776	13.544660203200001	0.0	1.0
447	0.0	34.013496608	85.04399741600001	9.5525783808	5.8210856928	0.0	1.0
447	0.0	-89.16450659200001	0.03931054400000947	6.2084859647999995	11.1483198288	0.0	1.0
448	3.0	-21.13292540800001	78.38269241600001	11.6095133952	8.8564488264	0.0	1.0
448	0.0	-69.35878499200001	-50.679111616	6.96149664	9.637767115199999	0.0	1.0
448	0.0	93.73525481600004	19.136995472000002	6.350593804800001	13.264050844799998	0.0	1.0
448	0.0	94.40450230400002	17.894423288000006	5.196499392	10.7749448856	0.0	1.0
448	0.0	-14.80939465600001	91.16314759999999	11.900593152	6.9868593144	0.0	1.0
448	0.0	13.728719648000002	-92.627938312	14.933728588800001	6.965161056	0.0	1.0
448	0.0	-95.43834428800001	59.816303119999986	11.854796889600001	10.4635879488	0.0	1.0
448	0.0	-39.866850015999994	75.964513016	7.207816896	6.7674233591999995	0.0	1.0
448	0.0	35.018797856	84.66573584000001	8.8045012608	5.867277444	0.0	1.0
448	0.0	-71.87597065599999	-4.564581280000004	4.9846425216000005	9.2008056168	0.0	1.0
448	0.0	-93.64188668800001	18.132118760000008	5.3802921984	9.9628790184	0.0	1.0
448	0.0	30.43452406400001	76.84310144	11.0482321152	7.236781423200001	0.0	1.0
448	0.0	59.907868832000005	-72.067682176	9.9629572224	8.563150310400001	0.0	1.0
448	0.0	-77.51952879999999	44.50485368	5.9717468160000005	10.0719534888	0.0	1.0
448	0.0	-89.34576112	0.5876993360000071	6.137342668800001	11.2132939464	0.0	1.0
449	1.0	15.135855391999991	80.887544192	10.754113574400002	7.308110174400001	0.0	1.0
449	0.0	31.172769824000003	76.766282768	11.6264233344	8.1685396296	0.0	1.0
449	0.0	-69.48820144000003	-49.886793376	6.493345152	9.143131284	0.0	1.0
449	0.0	-111.894610912	66.571318856	7.6625262335999995	6.6603196296	0.0	1.0
449	0.0	36.324044959999995	84.35403704	8.772790656	6.100649352	0.0	1.0
449	0.0	58.77994371199999	-72.95833636	9.1292936448	8.4513208248	0.0	1.0
449	0.0	-11.319440607999997	56.69911402399998	3.51327403392	5.788307044800001	0.0	1.0
449	0.0	-62.65272496000001	59.733451568	6.2013716352	10.1557099728	0.0	1.0
449	0.0	78.747614624	50.84882919200001	8.5024103808	11.0752415424	0.0	1.0
449	0.0	-14.113334368000006	91.247004632	12.072838579200003	6.964457219999999	0.0	1.0
449	0.0	-76.6793944	45.53707944799999	6.7144971263999995	10.6449765408	0.0	1.0
449	0.0	-95.41975408	59.776083920000005	11.8858997376	10.4789919024	0.0	1.0
449	0.0	-72.01575471999999	-3.450107248000002	5.027578752000001	9.2706060384	0.0	1.0
449	1.0	-20.215927648000008	78.628029536	11.545412928000001	8.5535982504	0.0	1.0
449	0.0	-89.518435552	1.3021934239999982	5.9112213888000005	11.1446799912	0.0	1.0
450	0.0	94.50031337599998	16.939016192000008	5.141765529600001	13.5237864384	0.0	1.0
450	0.0	-62.58730172800001	59.223472112	5.014136601600001	7.467317877600001	0.0	1.0
450	0.0	36.363012896	83.940583664	9.187817049600001	6.078589120799999	0.0	1.0
450	0.0	-111.97326179199999	66.527681024	7.541010624000001	6.549495624	0.0	1.0
450	0.0	-76.547475424	45.93082541600002	6.0868988544	10.1553077808	0.0	1.0
450	0.0	-72.120145888	-2.9031261280000065	4.9529676672	8.7317693064	0.0	1.0
450	0.0	-11.45493462400001	56.85415904	3.5865158784000006	6.184285178400001	0.0	1.0
450	0.0	-69.93257891200001	-48.127203376000004	6.2519227008	11.2789719	0.0	1.0
450	0.0	-93.131370976	19.92710165599999	5.0911429632	11.3498381304	0.0	1.0
450	0.0	58.80282396800001	-73.642464952	8.48982624	8.1949435344	0.0	1.0
450	0.0	-95.55203055999999	59.849282863999996	11.594140723200002	10.3579723296	0.0	1.0
450	0.0	79.130858912	50.815045063999996	8.8686732288	11.979147952800002	0.0	1.0
450	0.0	-13.443371872000009	91.179838568	11.5406223744	6.814680919200001	0.0	1.0
450	0.0	-89.441214688	1.8849696320000089	6.2083787136	11.174080226400001	0.0	1.0
451	0.0	-62.18367971200001	59.75315897600001	4.871206502400001	7.4091609144	0.0	1.0
451	0.0	-60.666790240000005	65.98311305600001	7.176606796800001	10.335429468000001	0.0	1.0
451	0.0	56.82618435199999	-74.684946616	8.9008485888	7.9328752272	0.0	1.0
451	0.0	-12.871722976000015	91.36323812	12.0132426624	7.2801377208	0.0	1.0
451	0.0	-72.27923516800001	-1.5079220799999944	5.1490228608	8.8556042232	0.0	1.0
451	1.0	-18.551389024000006	79.243383296	11.508232512	8.122810399199999	0.0	1.0
451	0.0	-11.403454047999992	56.852550272	3.6657387648000004	6.2474293224	0.0	1.0
451	0.0	-95.48195977600001	59.80021544	11.751013478399999	10.391756457600001	0.0	1.0
451	0.0	-76.394821216	45.991154216000005	5.7487715712	9.2894889528	0.0	1.0
451	0.0	94.129581728	16.15614946400001	6.8078056704	13.555358510400001	0.0	1.0
451	0.0	-93.139236064	20.655672464000002	4.9032746112000005	11.722489128000001	0.0	1.0
451	0.0	79.57166134399999	51.842042336000006	9.9390759552	16.197498525599997	0.0	1.0
451	0.0	-89.57027363200001	2.88140031199999	6.1066688256	10.998724514400001	0.0	1.0
452	0.0	19.29612944000001	79.19230491200001	8.5978281984	5.4237803256	0.0	1.0
452	0.0	39.36282895999998	83.25544959199999	7.796482982400001	6.025982407200001	0.0	1.0
452	0.0	-17.76845526400001	79.360220072	11.761631347200002	7.7570167752	0.0	1.0
452	2.0	8.096959135999999	-93.203374516	14.5958515584	6.5237352264	0.0	1.0
452	0.0	35.787073952	74.66161203200001	8.6670409728	6.714937303200001	0.0	1.0
452	0.0	-29.59468758400001	85.65955227200001	10.6456468608	5.858208014400001	0.0	1.0
452	0.0	-95.51663766400002	59.812683392000004	11.735962559999999	10.375869873600001	0.0	1.0
452	0.0	94.768441376	14.996227735999998	6.267688627200001	13.2683945184	0.0	1.0
452	0.0	-72.359316064	-0.868034607999997	5.402600448	8.622252424800001	0.0	1.0
452	0.0	-75.77026172800001	46.776635191999986	6.007139711999999	9.772059024	0.0	1.0
452	0.0	-93.03877744	21.844954208	4.734246720000001	9.5256963144	0.0	1.0
452	0.0	-11.467089759999995	57.38565576799999	3.9981102336000003	7.3488120048	0.0	1.0
452	0.0	80.07109443200001	50.629835648	9.7124184192	16.4284170624	0.0	1.0
452	0.0	-89.80157872	3.370063591999997	5.8229179008	11.110252356	0.0	1.0
453	0.0	-33.84827017600001	78.322765808	11.234992204800001	8.145936439200002	0.0	1.0
453	0.0	-72.33000073599999	0.22170461600000801	5.5648000128	8.9134997616	0.0	1.0
453	0.0	-71.056213984	-47.099602816	6.801871104000001	9.6860703744	0.0	1.0
453	3.0	-17.284394848	79.31316360800001	11.9114255232	7.727797526400001	0.0	1.0
453	0.0	-29.71480892799999	85.588967576	8.3349555072	5.7278374776000005	0.0	1.0
453	0.0	-11.62439152000001	91.52632697600004	12.1251414144	7.723695167999999	0.0	1.0
453	0.0	40.198673312000004	82.738431776	8.2015350144	6.0662217168	0.0	1.0
453	0.0	-95.35290083199999	59.76623021600001	11.9761694976	10.400785668	0.0	1.0
453	0.0	94.946120864	14.013270487999996	5.685207360000001	13.319332135200002	0.0	1.0
453	0.0	-93.010534624	22.181186720000014	4.754266944	9.0997146576	0.0	1.0
453	0.0	-75.46566831999999	47.337693032000004	6.0112867584	9.5857234704	0.0	1.0
453	0.0	-11.401666527999994	57.18576634400001	3.8963288448	6.9400441656	0.0	1.0
453	0.0	-89.82767651200001	4.044539576000008	5.943861503999999	10.993134045600002	0.0	1.0
454	0.0	-80.84252848	-41.417635336000004	9.598839398400001	15.911942205600003	0.0	1.0
454	0.0	-27.72029411199999	85.90690035200001	10.3282190592	6.3684690048	0.0	1.0
454	13.0	15.24489411199999	3.7089103520000157	22.103685811200002	4.2789005784	0.0	1.0
454	0.0	21.873375776000024	79.120714736	8.173327948799999	6.769575086400001	0.0	1.0
454	0.0	-95.47945724799999	59.785736528	11.683087718400001	10.2880110312	0.0	1.0
454	0.0	-74.749945312	48.222716528	7.1487929856	9.997387092	0.0	1.0
454	0.0	95.005466528	12.932982775999985	5.8531627392	13.447792260000002	0.0	1.0
454	0.0	-10.618732768	91.336291256	11.786370624	7.0970599224	0.0	1.0
454	0.0	41.01127990400002	82.35071868799999	8.3932644096	6.0304467384	0.0	1.0
454	0.0	-11.474597344000008	57.576898064000005	3.9857405952	7.5414820824	0.0	1.0
454	0.0	-93.09597808000001	22.436578640000004	4.829807539200001	9.3736275192	0.0	1.0
454	0.0	-89.954590432	4.6560725120000015	5.9131519104	10.723243104	0.0	1.0
455	13.0	15.239889056000012	3.59911938400001	22.0998605184	4.2681821615999995	0.0	1.0
455	0.0	-12.309011680000001	97.204883272	7.9588255488	8.2747384272	0.0	1.0
455	0.0	40.30199196799999	80.24022361600001	11.5829150976	9.651662848800001	0.0	1.0
455	1.0	-73.289898976	54.195878464	7.095739392000001	8.041627944	0.0	1.0
455	0.0	-11.257592416000008	57.70218832	3.6836139648000006	6.9812085168	0.0	1.0
455	0.0	-73.042148704	2.2372972720000095	4.7601657600000005	8.7421056408	0.0	1.0
455	0.0	-15.750345183999992	79.89031657599999	12.209405107200002	7.551094471199999	0.0	1.0
455	0.0	41.40596431999998	81.599632576	9.532129152	6.841627783200001	0.0	1.0
455	0.0	37.583531552000025	73.855626712	11.7572697984	8.7673431888	0.0	1.0
455	0.0	-111.98291440000001	66.422515264	7.441767513599999	6.376512844800001	0.0	1.0
455	0.0	-95.454789472	59.701685848	11.7226634112	10.323062064	0.0	1.0
455	0.0	-93.23361712	22.691173623999994	4.4609706624	9.5906101032	0.0	1.0
455	0.0	94.81813443200002	12.078935511999983	5.9559093888	13.4724064104	0.0	1.0
455	0.0	83.22928476800001	43.614609136	6.3352211328	7.498447538400001	0.0	1.0
455	0.0	-9.940905184000004	91.473848368	12.106515456	7.2901523016	0.0	1.0
455	0.0	-74.81215100800001	48.71138725599999	5.741335488000001	9.8391848688	0.0	1.0
455	0.0	-90.076141792	5.395912143999994	6.1560043776	11.1708828	0.0	1.0
455	0.0	21.624910496000034	79.01233144	11.1576640896	7.488211752000001	0.0	1.0
455	0.0	53.34159286399999	-77.379424472	9.892493184000001	8.99049942	0.0	1.0
456	0.0	40.815010208	89.107156992	8.268888768	8.4830537736	0.0	1.0
456	0.0	-80.863621216	-41.59820464800001	9.5039935872	15.829834708800002	0.0	1.0
456	0.0	-11.22005449599999	57.777807863999996	3.8016617856	7.1569865304	0.0	1.0
456	0.0	-93.063445216	22.978145063999996	4.7345327232	9.9304623432	0.0	1.0
456	1.0	-14.712153568000007	79.93516843200001	11.8111099008	7.5217746744	0.0	1.0
456	0.0	-31.662490719999987	79.391002656	11.599753536000001	8.916797736000001	0.0	1.0
456	0.0	-12.011210847999992	96.92858481600001	7.7748897408	9.0388428984	0.0	1.0
456	0.0	-95.40080636799999	59.601949680000004	11.8587294336	10.3696358976	0.0	1.0
456	0.0	-9.494740192000002	91.24701952800001	12.092572800000001	7.3284007608	0.0	1.0
456	0.0	53.33658780800001	-78.187420752	7.8946535808	8.5653221472	0.0	1.0
456	0.0	22.358151200000005	78.468374208	11.0063326464	7.5960595368	0.0	1.0
456	0.0	-74.83860630400001	49.01504966399999	4.974489408	9.9135099504	0.0	1.0
456	0.0	41.26475023999999	81.223590504	11.547665203200001	6.191645292	0.0	1.0
456	0.0	-90.15872521600001	5.932443719999996	6.0293764608	11.3227303896	0.0	1.0
457	1.0	-72.63709667200001	55.47064090399999	7.4391577344	8.4755528928	0.0	1.0
457	0.0	84.454093472	41.42810722399998	6.6751716864	7.969977439200001	0.0	1.0
457	0.0	-8.998167136000005	92.797074944	11.7528367488	10.5856532208	0.0	1.0
457	1.0	-14.067216351999994	80.02727784800001	12.180697535999998	7.379961775200001	0.0	1.0
457	0.0	-30.869189344000002	79.354812824	11.066536319999999	8.1252637704	0.0	1.0
457	0.0	52.120001696	-78.735802096	8.9033868672	8.301021674400001	0.0	1.0
457	0.0	-11.328735711999983	96.73634448800001	6.975868300800001	9.4641609384	0.0	1.0
457	0.0	-90.26776393600001	6.400401559999993	5.7437665152	11.303706708	0.0	1.0
457	0.0	-95.34038819199999	59.476875416	11.9820683136	10.4601894264	0.0	1.0
457	0.0	23.481786272000015	78.581598704	10.8948271488	8.278961443200002	0.0	1.0
457	0.0	42.47204124800001	80.747402624	10.6107544704	5.9671819368	0.0	1.0
457	0.0	-73.88514313600001	49.46108803999999	6.628267161599999	9.3343936896	0.0	1.0
458	0.0	-73.50583139199999	-36.605586808	5.1191712768	12.669812164800001	0.0	1.0
458	0.0	84.93779638400002	40.920138728000005	6.7286900352000005	7.2459715103999995	0.0	1.0
458	0.0	-80.905806688	-41.249496736	9.454479283200001	16.1914656456	0.0	1.0
458	0.0	-73.398222688	50.04728288000001	6.73180032	9.468042091200001	0.0	1.0
458	0.0	-95.424401632	59.504023376	11.666285030400001	10.3310254656	0.0	1.0
458	0.0	95.216751392	8.835271927999992	5.613885312000001	13.6786705776	0.0	1.0
458	0.0	-90.450090976	7.143250184000008	5.602981440000001	10.957620492	0.0	1.0
458	0.0	44.61527772799999	80.28126209599999	8.5464191232	5.9794085736	0.0	1.0
459	13.0	15.219868832000007	3.3622431919999913	21.949172582400003	4.287205843200001	0.0	1.0
459	0.0	-9.771448288000006	96.50749723999998	7.5405458688	7.2244341288	0.0	1.0
459	0.0	-92.33270704	26.217004688000006	5.2124798208000005	8.7985733976	0.0	1.0
459	0.0	-80.895081568	-41.405748328	9.6223274112	15.741814989600003	0.0	1.0
459	0.0	-56.362084575999994	70.463755376	7.6959171072	11.204928352800001	0.0	1.0
459	0.0	-7.4348021440000025	90.81467057600001	11.87092032	6.7629389184	0.0	1.0
459	0.0	-29.40950051199999	79.68943656799999	11.20864416	7.469167960800001	0.0	1.0
459	0.0	-95.50448252800001	59.51669242400002	11.5891356672	10.3062102192	0.0	1.0
459	0.0	-73.07754159999999	50.59667715200001	6.3009007488	9.264693816000001	0.0	1.0
459	0.0	-12.427703007999996	79.79460977599999	12.0063428352	6.9439052088	0.0	1.0
459	0.0	95.36976310400001	7.68118198400001	5.2439044224	13.441920256799996	0.0	1.0
459	0.0	85.45009961600002	39.781935368000006	5.6661881472	7.1980503336	0.0	1.0
459	0.0	45.632376608000015	79.789180184	7.585913126400001	5.8453177607999995	0.0	1.0
459	0.0	-90.50049904	7.599134815999983	5.6619338496000005	10.7768150784	0.0	1.0
460	0.0	-80.83394838400001	-41.327320887999996	9.7315806336	15.924993336	0.0	1.0
460	13.0	15.197703584	3.3674716879999997	22.0468069248	4.3290539208	0.0	1.0
460	0.0	43.83413148800001	69.76374020000002	8.0747998464	6.8682528936	0.0	1.0
460	0.0	-6.55391228800001	90.859917176	11.8955523456	6.8030374608	0.0	1.0
460	0.0	26.518067744000014	77.009430176	10.805022144	8.1264301272	0.0	1.0
460	0.0	-11.882866911999983	79.96332932000001	12.3289186944	6.588608796	0.0	1.0
460	0.0	48.44450307199999	-80.829814744	9.8852001024	7.962376010400001	0.0	1.0
460	0.0	-29.737689183999994	79.746547832	9.022828953600001	6.8991814584	0.0	1.0
460	1.0	-71.224955872	56.408351552000006	8.2995626112	9.285708348	0.0	1.0
460	0.0	45.722110112	79.21485000800001	9.5017770624	6.079232628000001	0.0	1.0
460	0.0	-73.973804128	-37.27463320000001	5.6288289792	15.038662716000001	0.0	1.0
460	0.0	86.08752924800001	38.91259736	5.5396317312	6.911267328	0.0	1.0
460	0.0	-95.39687382400002	59.506637624	11.776610764800001	10.4301859032	0.0	1.0
460	0.0	-72.33000073599999	51.138630872	7.090305331200001	9.3318397704	0.0	1.0
460	0.0	-90.5952376	8.11293509600001	5.7547776384	10.5022386	0.0	1.0
461	0.0	-111.966469216	66.306296672	7.588558656	6.362637220800001	0.0	1.0
461	3.0	-22.419939807999995	86.829551144	9.945225024	6.329536819200001	0.0	1.0
461	0.0	-73.66527817599999	8.850957415999996	4.0913115264	10.4772624768	0.0	1.0
461	0.0	29.267273504	75.40810272799999	7.6996351488000006	5.3317990152000005	0.0	1.0
461	13.0	15.20521116800001	3.403668967999995	22.0430531328	4.4318340864	0.0	1.0
461	0.0	86.29523907200003	37.916769968	5.3234848128	6.7829479704	0.0	1.0
461	0.0	95.34688284799998	5.5539884960000006	5.5627979904	14.092948447200001	0.0	1.0
461	1.0	-70.955040352	56.98770912799999	8.450858304	9.1393707888	0.0	1.0
461	0.0	-10.962651615999999	80.138081744	12.5486406528	6.7396117824	0.0	1.0
461	0.0	-95.275322464	59.438868272	12.124176153600002	10.494878486400001	0.0	1.0
461	0.0	-27.78571734399999	80.373162968	12.035407910400002	8.0376864624	0.0	1.0
461	0.0	46.612295072	78.824924864	8.9024216064	5.9607669744	0.0	1.0
461	0.0	-90.575217376	8.918726768	5.7534191232	10.4662826352	0.0	1.0
461	0.0	-71.86059798400001	52.436504456	6.941547916799999	10.383390863999999	0.0	1.0
462	1.0	-10.07103664000001	80.288300456	12.4809293952	6.8560061472000005	0.0	1.0
462	0.0	45.110420768000004	69.372407384	8.7401862912	8.8217396568	0.0	1.0
462	0.0	-11.64619926400001	64.650673304	4.922115072	14.614430594400002	0.0	1.0
462	0.0	-80.89937161600001	-41.569641568	9.4671349248	15.5522820096	0.0	1.0
462	0.0	-7.503085408	96.538868216	8.18773536	8.4584396232	0.0	1.0
462	0.0	95.338660256	4.4421287120000015	5.559365952	13.6020127824	0.0	1.0
462	0.0	29.788514335999995	75.13018805600001	8.010270374400001	5.67995652	0.0	1.0
462	1.0	-70.469907424	57.034363400000004	8.344894118400001	9.3252438216	0.0	1.0
462	0.0	45.71353001600003	-82.1312879464	9.723036288000001	7.9778201832	0.0	1.0
462	0.0	-73.56553456	9.393715520000006	4.0890950016000005	9.2185221744	0.0	1.0
462	0.0	-95.558465632	59.488538983999995	11.492502336000001	10.4062755888	0.0	1.0
462	0.0	-90.62991548800001	9.455653088	5.6382670848	10.6139876472	0.0	1.0
462	0.0	-5.516435679999998	90.886260752	12.557792755200001	6.683405450399999	0.0	1.0
462	0.0	-27.049259103999994	80.56440526400002	11.628425356800001	7.748671291200002	0.0	1.0
462	0.0	47.84568387200001	78.450283016	8.551030924800001	6.476638543199999	0.0	1.0
462	0.0	-71.568159712	52.92496664000001	6.5631656832	10.0159683624	0.0	1.0
463	13.0	44.49122383999999	-82.747667296	10.0272364416	7.137138355200001	0.0	1.0
463	0.0	87.80926851199999	35.728644392	5.9761798656	7.814469902400001	0.0	1.0
463	0.0	30.52533008	75.034064168	8.7183785472	6.5290039416	0.0	1.0
463	0.0	-9.26808265600001	80.304589232	12.694645286400002	6.6631349736	0.0	1.0
463	0.0	-111.93107632	66.04748611999999	7.6222712832	6.4781869824	0.0	1.0
463	0.0	-80.976234976	-41.733534808	9.4357103232	15.14655072	0.0	1.0
463	0.0	-26.507283039999997	80.46948795200001	11.3472484608	7.2135548352	0.0	1.0
463	0.0	-20.632062304	86.95604052799999	9.6743084928	6.5447899776	0.0	1.0
463	0.0	-90.71071139200001	10.589231239999991	5.5271190912	11.6596868472	0.0	1.0
463	1.0	-69.90791113599998	58.25722817599999	7.968227904	8.419708533600001	0.0	1.0
463	0.0	95.16133827199998	3.508439983999995	5.2394713728	13.8678214752	0.0	1.0
463	0.0	-95.46730211200001	59.510257352	11.694170342400001	10.3578717816	0.0	1.0
463	0.0	-4.991977311999997	90.81326290400001	12.448646784	6.4965470472	0.0	1.0
463	0.0	48.92677596800002	77.622772976	7.8455682816	6.5017755432	0.0	1.0
463	0.0	-71.269643872	53.14778100800001	6.579682368	9.393857776800001	0.0	1.0
464	0.0	-81.003047776	-41.57286655200001	9.476394278399999	15.628095201599999	0.0	1.0
464	0.0	45.25771241600001	-83.1296364864	7.6500135936000015	7.8425831232	0.0	1.0
464	0.0	-11.649416800000015	64.951907664	4.722913843200001	14.765795553599999	0.0	1.0
464	0.0	-111.96825673600001	66.21479054399998	7.5487327104	6.628868215199999	0.0	1.0
464	0.0	43.519527967999984	-83.2984163592	10.7988015744	8.1243387288	0.0	1.0
464	0.0	49.869871520000004	76.98991641600001	8.1045441792	6.6820581072000005	0.0	1.0
464	0.0	-6.800947551999993	96.69973756800002	9.060366873600001	9.079705605600001	0.0	1.0
464	0.0	-25.63854831999999	81.29115876	11.430368140799999	7.815696588	0.0	1.0
464	0.0	-95.390796256	59.61984722399999	11.777468774399999	10.4290195464	0.0	1.0
464	1.0	-8.485148896000014	80.31684864	12.554253465599999	6.9095982312	0.0	1.0
464	0.0	-90.71285641600001	11.214029063999984	5.8713239424	11.6395973568	0.0	1.0
464	1.0	-69.488558944	58.446854256	8.1666783744	9.0964367928	0.0	1.0
464	0.0	-4.0578193600000105	90.945375528	12.0589316736	6.5212818552	0.0	1.0
464	0.0	95.26858947200003	2.7529148639999987	5.4072837504	13.7970759024	0.0	1.0
464	0.0	-70.938237664	53.59400558400001	6.547149504000001	9.2611545264	0.0	1.0
465	0.0	-53.103435616000006	70.972111168	8.2287410688	11.0927368944	0.0	1.0
465	0.0	31.675420447999983	75.263902	10.858468992	8.7014038104	0.0	1.0
465	0.0	-80.993037664	-41.595597848000004	9.4542290304	15.3992680632	0.0	1.0
465	0.0	-111.95109654399998	66.33242425600001	7.5317870208	6.7191804288000005	0.0	1.0
465	0.0	-73.56374704000001	13.074360711999983	3.8886425088	9.5314275504	0.0	1.0
465	0.0	-90.83869782400001	12.050580976	5.529049612800001	11.2177180584	0.0	1.0
465	0.0	-95.424759136	59.691228856000016	11.791375679999998	10.4076028224	0.0	1.0
465	0.0	49.79086313599999	76.35685876	9.9882327552	6.7116594384	0.0	1.0
465	1.0	-7.815186399999996	80.51934486399999	12.3248073984	6.881686106399999	0.0	1.0
465	1.0	-68.31880585600001	59.303314672000006	6.7067392896	8.6006144952	0.0	1.0
465	0.0	-6.698343904000004	97.015853032	9.4847956224	8.723846124000001	0.0	1.0
465	0.0	-70.29294294399999	54.475603000000014	6.666555840000001	9.625681245600001	0.0	1.0
465	0.0	95.45449155200002	1.6533144879999966	5.641234367999999	13.614842707200001	0.0	1.0
465	0.0	-3.4661502399999926	90.841200352	12.0034828032	6.3717870888	0.0	1.0
466	1.0	-67.83045539199999	59.994876368	7.032318182400001	8.3586758976	0.0	1.0
466	0.0	50.59488963199999	76.282445792	10.0103265024	6.768991908	0.0	1.0
466	0.0	-73.3546072	13.840931215999992	3.9928191744000006	9.0975428208	0.0	1.0
466	0.0	-26.38394416000001	86.31753838399999	7.7550125184	16.2106099848	0.0	1.0
466	0.0	95.50918966400002	0.7910073919999971	5.5032020736	13.685990472000002	0.0	1.0
466	0.0	-90.933793888	12.744354727999998	5.4768182784	10.713087756	0.0	1.0
466	0.0	-80.96765488	-41.291347048	9.522119040000002	15.697593979199999	0.0	1.0
466	1.0	-7.056562911999991	80.57323114399999	12.396272448000001	5.9517980928	0.0	1.0
466	0.0	-112.02688739199999	66.384500672	7.424929075200001	6.6924346608	0.0	1.0
466	0.0	-2.505179488000005	90.714502424	11.0458368384	6.228405640800001	0.0	1.0
466	0.0	-95.341460704	59.763414872000006	11.984177587199998	10.409171371200001	0.0	1.0
466	0.0	-70.136356192	54.820877384	6.460633536	9.018753408	0.0	1.0
467	0.0	-80.85861616	-41.367167687999995	9.6371280768	15.4505274336	0.0	1.0
467	0.0	-69.90076105600001	55.541799096	6.095943705600001	9.1310454144	0.0	1.0
467	0.0	89.283972512	31.73726119200001	5.960413939200001	8.2664130528	0.0	1.0
467	0.0	34.49684201599999	73.580713584	9.4399646208	7.163542260000001	0.0	1.0
467	0.0	40.87006582399999	-85.194633216	6.7439912064000005	7.0501844448	0.0	1.0
467	0.0	-95.46730211200001	59.878635432	11.7483679488	10.2835668096	0.0	1.0
467	0.0	-91.367088736	13.266794687999994	6.452089190400001	10.5317796024	0.0	1.0
467	0.0	-1.9692809919999923	91.255041024	11.5261792128	6.838832548799999	0.0	1.0
467	0.0	33.747513631999986	74.48584668	10.9271455104	8.717411052	0.0	1.0
467	0.0	95.33186768	-0.015998303999997642	5.6612188416	13.8987299304	0.0	1.0
467	0.0	-23.002313824000005	81.823236432	12.094717824000002	6.784757834400001	0.0	1.0
467	0.0	51.515462431999985	75.62344675199999	9.545535552	6.624826185600001	0.0	1.0
468	0.0	-95.49447241600001	59.88466831200001	11.7591288192	10.3830288912	0.0	1.0
468	0.0	-80.82465328	-41.65010976	9.663726374400001	14.8999869144	0.0	1.0
468	0.0	-90.685328608	13.363722959999981	5.3658847872	9.162537047999999	0.0	1.0
468	0.0	35.82890191999998	72.385600056	8.4250822656	5.7654022104	0.0	1.0
468	0.0	95.20030620799999	-0.8555741040000003	5.8222028928	14.1433431048	0.0	1.0
468	0.0	39.656339744	-85.4043964536	10.489346112	7.051531788	0.0	1.0
468	0.0	52.37490204800001	75.07204152000001	9.3802972032	6.7793081328	0.0	1.0
468	0.0	-69.193975648	55.99667824800001	6.4598827776	9.084893882400001	0.0	1.0
469	0.0	-90.727156576	13.963190135999998	5.6563925376	9.3404265696	0.0	1.0
469	0.0	37.334708768000006	71.82735756	7.5285694848	5.6821886856	0.0	1.0
469	0.0	38.29067446400001	-86.53220315040001	11.548594713600002	8.5214228904	0.0	1.0
469	0.0	-96.535881568	59.958068352000005	9.709701388800001	10.2313421784	0.0	1.0
469	0.0	52.76708393600002	74.50676066400001	9.105448128	6.895622059200001	0.0	1.0
469	0.0	-68.240154976	56.736510432	7.478840678400001	9.068866531200001	0.0	1.0
469	0.0	-80.81214064000001	-41.65272400800001	9.570203328000002	15.0089407272	0.0	1.0
469	0.0	90.12124688000002	30.20490967200001	6.0786762624	7.2868342176	0.0	1.0
469	0.0	95.085904928	-2.0734114800000008	5.5880377728	14.587644607200001	0.0	1.0
470	0.0	-15.32598793599999	-92.2078688776	13.100591078399999	6.536424384	0.0	1.0
470	0.0	-67.509774304	57.505911176	7.6500135936000015	9.599920848	0.0	1.0
470	0.0	54.20532252800002	73.662164912	8.7277094016	7.2879804647999995	0.0	1.0
470	0.0	90.15592476800002	29.02528798400001	5.4206544	7.249108607999999	0.0	1.0
470	0.0	-68.557261024	57.160629344000014	5.5394529792	8.8459516152	0.0	1.0
470	0.0	-96.22771312	59.890105352	10.3385866752	10.3418042112	0.0	1.0
470	0.0	37.37868175999999	-87.3400787728	11.6665710336	8.785984788	0.0	1.0
470	0.0	-3.7957689280000033	80.65487612	12.52425888	6.2295719976	0.0	1.0
470	0.0	-80.840025952	-41.739992224000005	9.5075686272	14.8981368312	0.0	1.0
470	0.0	95.02834678400002	-3.3465428080000037	5.6637928704	14.0033601792	0.0	1.0
471	0.0	-91.191911776	16.396667728	6.0504691968	11.256650244	0.0	1.0
471	0.0	-77.336486752	-35.682571064	6.4888406016	10.144689912	0.0	1.0
471	0.0	-80.81929072	-41.999800808	9.452227008000001	14.4644733072	0.0	1.0
471	0.0	90.72399862400002	27.89996221599999	5.0020887168	7.7608375992	0.0	1.0
471	0.0	-66.951353056	57.99860382399999	8.479279872	9.9096891264	0.0	1.0
471	0.0	-96.26131849600002	59.76885191200002	10.1865759744	10.280510150400001	0.0	1.0
471	0.0	-2.9713647039999898	80.488577176	12.0675117696	6.2009560368	0.0	1.0
471	0.0	56.00821520000001	72.99895775200001	7.706606476800001	7.2512603352000005	0.0	1.0
471	0.0	94.97793872000003	-4.377755647999996	5.9027485440000005	13.683758306400001	0.0	1.0
472	0.0	-112.019022304	66.347916096	7.465863283200001	6.5321209296000005	0.0	1.0
472	0.0	39.82543913599999	70.091921424	7.9305827328	5.9530649976	0.0	1.0
472	0.0	90.734723744	26.556849480000004	4.7400382848	7.0823195856	0.0	1.0
472	0.0	-95.992475488	59.689627535999996	10.757295359999999	10.3560216984	0.0	1.0
472	0.0	-80.80570556800001	-41.86686890400001	9.5697028224	14.955006780000001	0.0	1.0
472	0.0	35.75239606400004	-87.6231064968	9.1643290368	7.304812200000001	0.0	1.0
472	0.0	-77.81983215999999	-35.094760008	6.913412352	10.2958738848	0.0	1.0
472	0.0	-67.091494624	58.41548327999999	7.234415193600001	9.8269180128	0.0	1.0
472	0.0	-2.3042622399999906	80.53644547200001	12.1945686912	6.2239815288	0.0	1.0
472	0.0	55.529874848	72.23741464800001	9.892314432000001	7.433151667200001	0.0	1.0
472	0.0	95.06731471999998	-5.6991500160000035	6.1285123200000005	13.982808168	0.0	1.0
473	0.0	-47.84669680000001	77.38346873600001	9.9203069952	14.019206544	0.0	1.0
473	0.0	-112.027244896	66.22042868	7.529320243200001	6.486773781599999	0.0	1.0
473	0.0	-91.921219936	16.783792423999994	8.1464078976	10.4965475832	0.0	1.0
473	0.0	-80.801773024	-41.925179296	9.5568326784	14.856208315199998	0.0	1.0
473	0.0	91.086865184	25.493260184	4.9936873728	7.282671530400001	0.0	1.0
473	0.0	-95.56811823999999	59.56837409599999	11.680728192	10.378685217600001	0.0	1.0
473	0.0	-1.3940570560000078	80.566014032	12.4685240064	6.4605910824	0.0	1.0
473	0.0	-78.017174368	-34.771189096	6.6396715392	9.7178234328	0.0	1.0
473	0.0	-66.87949475199999	58.37969564	6.6559379712	8.7439758336	0.0	1.0
473	0.0	34.99591760000002	-87.902461612	9.4752502656	7.3106238744	0.0	1.0
473	0.0	95.09305500800002	-6.626798415999998	6.369184012800001	14.024555697599999	0.0	1.0
473	0.0	56.64707484800004	71.68360371200001	9.3087606528	7.477955856	0.0	1.0
474	0.0	-0.6350760639999943	80.35084876	12.335282265599998	6.432859944	0.0	1.0
474	0.0	33.368201887999994	-88.36945940480001	10.2166778112	7.2154451376	0.0	1.0
474	0.0	-66.432614752	59.033466184	6.5198719488	9.090403912800001	0.0	1.0
474	0.0	41.74237558399999	68.982288592	8.7470146176	7.0647639047999995	0.0	1.0
474	0.0	-46.923978976000015	79.18972045599999	9.4590910848	13.0154157504	0.0	1.0
474	0.0	-78.11191292800001	-34.214749016	6.0259801728	9.835786346399999	0.0	1.0
474	0.0	-80.782110304	-41.60120619200001	9.6965094912	15.8162406192	0.0	1.0
474	0.0	-112.07765296000002	66.07283166399999	7.466292288000001	6.4259422416	0.0	1.0
474	0.0	-95.885581792	59.486334375999995	10.968186969600001	10.2972815568	0.0	1.0
474	0.0	2.674338463999994	89.96424304000001	11.6091558912	6.47428572	0.0	1.0
474	0.0	-91.803243616	17.143761712000007	7.885465728000001	9.610719703200001	0.0	1.0
474	0.0	-72.44332950400002	21.739207504000007	4.188695616	9.074255904	0.0	1.0
474	0.0	94.87140252799999	-7.637901656	6.395925312000001	13.748772643200002	0.0	1.0
474	0.0	56.97168847999999	70.92809348800002	9.6739152384	7.5756080736	0.0	1.0
475	0.0	0.1256924479999939	80.10471470399999	12.445429248000002	6.2691879096	0.0	1.0
475	0.0	-48.691836256	80.933029128	4.499009088	11.6870359032	0.0	1.0
475	0.0	-14.616342495999993	93.70584266399999	6.740022912000001	9.489921336	0.0	1.0
475	0.0	-91.555850848	17.44360329600001	7.6087933824	9.370108339200002	0.0	1.0
475	0.0	54.473808032000015	66.29203375200001	7.4248218239999995	10.3579723296	0.0	1.0
475	0.0	-16.812489568	82.256240808	12.070407552	5.7673126224	0.0	1.0
475	0.0	-80.8264408	-41.656902335999995	9.5991969024	15.8716827864	0.0	1.0
475	0.0	-12.188175328000003	87.80890356	9.9156236928	5.1372587448	0.0	1.0
475	1.0	-64.11992137600001	64.80693979200001	7.4747651328	8.3184566976	0.0	1.0
475	0.0	3.704664992000002	89.788894776	10.8672635904	6.5285615304	0.0	1.0
475	0.0	-78.70286704000002	-34.006205016	6.412763750400001	8.9860149792	0.0	1.0
475	0.0	-112.01937980799998	65.97349768800001	7.552057497600001	6.4334431224	0.0	1.0
475	0.0	-95.612091232	59.373325872	11.568614937600001	10.4089702752	0.0	1.0
475	0.0	-66.16484425600001	59.086965168000006	5.9410372224	8.415063216	0.0	1.0
475	0.0	57.468619040000014	59.160968495999995	7.3355888255999995	6.8066169696	0.0	1.0
475	0.0	-72.209521888	22.44566520000001	3.8555733888000003	9.4564790712	0.0	1.0
475	0.0	31.212810272000013	-88.98243278400001	11.7073979904	7.0348207104	0.0	1.0
475	0.0	91.76290524800002	22.560088824000005	4.5144890112	8.596894219200001	0.0	1.0
475	0.0	57.26805929600003	70.281778392	10.197980352	7.8405922728	0.0	1.0
475	0.0	94.730188448	-8.869003919999999	6.373903065600001	13.985000114400002	0.0	1.0
476	0.0	-14.36644719999999	93.461317376	6.498350208	10.2657899232	0.0	1.0
476	0.0	-80.834663392	-41.935010656	9.5690235648	15.437154549600002	0.0	1.0
476	0.0	-65.81520534399999	59.90824868	6.0661993728	9.2525677272	0.0	1.0
476	1.0	-64.092751072	65.34588452000001	8.1194878464	8.3581731576	0.0	1.0
476	0.0	3.9831606080000004	89.390531048	11.652592627199999	6.0799163544	0.0	1.0
476	0.0	-11.68302217599999	87.59916788000001	10.0322057472	5.3975976264000005	0.0	1.0
476	0.0	-95.460509536	59.23236502400001	11.8843982208	10.4181000336	0.0	1.0
476	0.0	58.462480159999984	58.058768768000014	7.359863347199999	6.298025076	0.0	1.0
476	0.0	0.9708319040000056	79.766076488	12.3187298304	6.058137657600001	0.0	1.0
476	0.0	-78.87411145600001	-33.40230628	6.221177356799999	9.5535883296	0.0	1.0
476	0.0	-112.005437152	65.93388922400001	7.4917823232	6.3251529264	0.0	1.0
476	0.0	30.449181728000006	-90.1276469464	11.6906310528	7.386919696800001	0.0	1.0
476	0.0	-16.177919967999998	82.192500824	11.874817113599999	5.6938120344	0.0	1.0
476	0.0	91.93128963199999	21.63083165600001	4.51974432	8.106581952	0.0	1.0
476	0.0	-71.811619936	23.094810536000004	4.11844608	8.8861909248	0.0	1.0
476	0.0	94.41451241600002	-10.056468352000001	6.590407487999999	14.356967385599999	0.0	1.0
476	0.0	58.00630505599998	69.584586008	10.7668407168	8.057997158400001	0.0	1.0
477	0.0	-80.831445856	-41.359272808	9.6373783296	16.5660069456	0.0	1.0
477	0.0	-10.970516703999996	87.80187264799999	10.1732053248	5.6397574296	0.0	1.0
477	0.0	-90.870873184	19.699103479999994	6.5047137792	11.5959796344	0.0	1.0
477	0.0	59.17748816000001	57.69880692799998	7.5130895616	7.439425862399999	0.0	1.0
477	0.0	4.615227679999992	89.24775288800001	11.6076543744	6.3665384832	0.0	1.0
477	0.0	-112.047980128	65.85485849599999	7.462431244799999	6.4410847704	0.0	1.0
477	0.0	-71.81126243199999	24.562006952000004	3.9934269312	8.988669446400001	0.0	1.0
477	0.0	29.720231071999997	-90.1345646488	11.872564838399999	6.5400843312	0.0	1.0
477	0.0	-95.4930424	59.268160112000004	11.7386795904	10.416471156	0.0	1.0
477	0.0	-64.38447433600001	61.190436776	7.909597248	10.6496017488	0.0	1.0
477	0.0	92.16652726400002	20.800908464	4.6095135744	9.2878399656	0.0	1.0
477	0.0	-88.422328288	36.239651672	6.398499340799999	8.401388688	0.0	1.0
477	0.0	60.53671836800004	68.55115366400001	7.278745689600001	7.370691249600001	0.0	1.0
477	0.0	94.46349046399999	-11.060741776000006	6.667199347200001	13.7740101912	0.0	1.0
478	1.0	-63.013446495999986	66.255039536	7.418565503999999	7.8045759792	0.0	1.0
478	0.0	-24.769813600000003	-90.0403511728	12.752882688	6.865015248	0.0	1.0
478	0.0	26.967807776000008	-90.8347608112	8.1538797312	6.3564836832	0.0	1.0
478	0.0	-112.07336291200001	65.86571768	7.398152025600001	6.3264600504	0.0	1.0
478	0.0	46.260153632	65.96827664	6.8039088768	5.9986735704	0.0	1.0
478	0.0	-64.613991904	62.147653736	6.6283386624	11.712735972	0.0	1.0
478	0.0	-80.884713952	-41.59254416800001	9.5018485632	16.2154966176	0.0	1.0
478	0.0	61.068326816000024	67.94384374399999	7.035678720000001	7.357499352000001	0.0	1.0
478	0.0	-71.45661846399999	25.104765055999994	4.076796864	8.8421509008	0.0	1.0
478	0.0	-95.395086304	59.23296831200001	11.983176576000002	10.4411255256	0.0	1.0
478	0.0	-91.052485216	20.43410936000002	6.976511808000001	11.1473746776	0.0	1.0
478	0.0	-88.204965856	36.815389520000004	6.9311088	9.3834208944	0.0	1.0
478	0.0	5.063895200000005	89.11885035200001	11.6861265024	6.3043394904	0.0	1.0
478	0.0	94.25006057600002	-12.214429527999997	6.7634751744	13.678811344800003	0.0	1.0
479	13.0	-13.323250527999983	6.8923047199999905	21.9789169152	4.8086678808	0.0	1.0
479	0.0	-64.39019439999998	61.513396951999994	5.9184429696	9.213012144	0.0	1.0
479	0.0	-12.952161375999998	82.41692396	10.8122437248	5.529637259999999	0.0	1.0
479	0.0	47.15498614399999	65.20451403199999	7.2874330368	5.9385257568	0.0	1.0
479	0.0	-80.88936150400001	-41.27099166400001	9.575029632000001	16.8387936696	0.0	1.0
479	0.0	-88.30184944	37.31089006400002	6.5989875840000005	10.3502301336	0.0	1.0
479	0.0	-95.37184854399999	59.20521706400001	11.9977627392	10.4348111112	0.0	1.0
479	0.0	-112.05727523200001	65.87074508	7.394505484800001	6.450496063200001	0.0	1.0
479	0.0	-91.331338336	20.70237142400001	7.3584690816	10.6760056536	0.0	1.0
479	0.0	-71.411215456	26.400627679999992	3.934510272	9.089961501600001	0.0	1.0
479	0.0	5.519355295999993	89.21437095200001	11.478845683200001	6.8335035048	0.0	1.0
479	0.0	61.066539296	67.27540064000002	9.2199209088	7.8448756176	0.0	1.0
479	0.0	93.97299497600001	-13.258721056000002	6.789537216000001	14.092385378400001	0.0	1.0
480	0.0	25.06266895999999	-90.6825184776	10.825113868799999	6.277654051200001	0.0	1.0
480	0.0	-79.37783459200001	-31.484058984000008	5.1839152512	8.0064562536	0.0	1.0
480	0.0	-81.089563744	-29.925162791999995	4.4713740288	10.301605120800001	0.0	1.0
480	0.0	-12.900323295999991	82.635910056	12.0789161472	6.0799163544	0.0	1.0
480	0.0	6.391307552000006	89.051877936	10.495352179200001	6.7760503776	0.0	1.0
480	0.0	-87.634746976	38.15528472000001	7.2004523136	10.554724656	0.0	1.0
480	0.0	-90.993139552	21.631226400000006	6.784889664	10.645177636800002	0.0	1.0
480	0.0	92.99164649599999	16.885964087999994	4.9757049216	9.4564790712	0.0	1.0
480	0.0	-80.886143968	-41.305587624	9.61417632	16.4535138432	0.0	1.0
480	0.0	47.824233632000016	65.29138005600001	7.596960000000001	7.145845812	0.0	1.0
480	0.0	-95.424759136	59.337329688000004	11.888330764800001	10.5064213968	0.0	1.0
480	0.0	-112.06335280000002	65.952181512	7.4408737536	6.3756883512	0.0	1.0
480	0.0	-70.98721571200001	31.685825303999984	4.4656182144	17.7686816832	0.0	1.0
480	0.0	-12.374434912000002	68.44376095199999	6.5876189568	14.152452753599999	0.0	1.0
480	0.0	61.54416464	66.67713259199999	9.6099935232	7.939189641599999	0.0	1.0
480	0.0	93.96262736000001	-13.924758456000003	7.3811348352	14.0564294136	0.0	1.0
481	3.0	24.31334057599999	-87.969218036	12.3660991104	12.628728252	0.0	1.0
481	0.0	48.384799904000005	64.62514156	7.2883625472	7.0813141056	0.0	1.0
481	3.0	-8.180555488000008	87.873649024	10.271447424	5.8128608664	0.0	1.0
481	3.0	-12.336539487999996	82.78451255200001	12.0282578304	5.9386061952	0.0	1.0
481	0.0	-112.082658016	66.00365464000001	7.415133465599999	6.527515831200001	0.0	1.0
481	13.0	-13.342555743999993	7.048943607999985	21.9354801792	4.849228944	0.0	1.0
481	0.0	-87.34910128	39.51870815200001	6.699875212799999	8.0137560384	0.0	1.0
481	13.0	15.233453984	3.358027624000008	21.9992588928	4.2909060096000005	0.0	1.0
481	0.0	-70.720517728	28.627147696000012	4.11844608	9.219748860000001	0.0	1.0
481	0.0	-80.901874144	-41.01078833599999	9.5997689088	16.9061206104	0.0	1.0
481	0.0	93.05277968	16.35908512000001	4.7760746880000005	7.9807159656	0.0	1.0
481	0.0	-64.00194505600001	62.265682192	5.4172223616	8.1828576648	0.0	1.0
481	0.0	-95.394371296	59.426005576	11.9214356352	10.559731946400001	0.0	1.0
481	0.0	7.051617440000008	88.86304134400001	10.220896358400001	6.725394295200001	0.0	1.0
481	0.0	-91.212289504	22.279351359999993	7.1948037504	10.573889104800001	0.0	1.0
481	3.0	4.676003359999998	79.533594616	12.3228768768	6.831391996800001	0.0	1.0
481	0.0	62.08471068799999	66.26749259200001	9.8491994496	7.880208184800001	0.0	1.0
481	3.0	-42.38224815999998	80.137284808	9.6886086528	10.588910976	0.0	1.0
481	0.0	-12.468815967999985	68.61066318400002	6.866579328	14.564981088000003	0.0	1.0
481	0.0	93.70844201599999	-14.573099408000004	7.4235348096000005	14.322720736800001	0.0	1.0
482	0.0	23.30160425600002	-91.9304346016	7.078221696	6.4855873152	0.0	1.0
482	0.0	-80.881496416	-40.940613279999994	9.6539307648	16.8594663384	0.0	1.0
482	13.0	-13.295007711999995	7.187290207999995	22.000116902400002	4.820472216000001	0.0	1.0
482	0.0	63.585154976	54.04708232	6.576286080000001	5.2697810088	0.0	1.0
482	0.0	-90.999574624	22.586819696	6.925853491199999	10.07340138	0.0	1.0
482	0.0	-112.05298518400001	66.21640676000001	7.4440912896	6.411865521599999	0.0	1.0
482	1.0	22.86652188799998	-87.871090636	12.5524659456	9.270264175200001	0.0	1.0
482	0.0	-95.46873212800001	59.561536832	11.867524032	10.5532566552	0.0	1.0
482	0.0	64.80889116799999	65.32434490400001	6.183317683200001	7.4883123	0.0	1.0
482	3.0	-41.575004127999996	80.461444112	10.0261639296	10.6216091856	0.0	1.0
482	0.0	-87.22647740800001	40.18855148000001	6.5432884608	7.867116835200001	0.0	1.0
482	0.0	5.33774326400001	79.54022333600001	11.9932581888	6.9600733272	0.0	1.0
482	0.0	-63.26763183999999	63.38517617600001	5.5937935872	9.186769116	0.0	1.0
482	0.0	-70.56035593600001	29.589384607999996	4.19352192	9.3957882984	0.0	1.0
482	0.0	-12.926778592000005	69.107563952	7.3201089024	15.183089863200001	0.0	1.0
482	0.0	93.483572	-15.668476768	7.0267411200000005	13.9015854936	0.0	1.0
483	0.0	-112.10160572800001	66.267485144	7.4071968768000005	6.3269426808	0.0	1.0
483	0.0	-80.296977376	-28.359243136000007	5.1381547392	9.37459278	0.0	1.0
483	13.0	15.227733920000006	3.4338333680000015	22.0123077888	4.331084990400001	0.0	1.0
483	0.0	-91.076795488	23.518095272000004	7.492211328	10.1952253368	0.0	1.0
483	0.0	-11.016277216	82.864541312	11.789373657600002	5.4222117768	0.0	1.0
483	0.0	6.581142175999996	79.39985832800001	12.490296000000006	6.598261404	0.0	1.0
483	0.0	-81.319438816	-28.360248616	6.090616895999999	9.7092969624	0.0	1.0
483	3.0	8.338274336000007	88.671188312	11.041296537600001	6.8198088672	0.0	1.0
483	0.0	50.792231840000014	62.728195544	7.389857932800001	6.3744013368	0.0	1.0
483	0.0	-95.513420128	59.572798208	11.7668509056	10.4621601672	0.0	1.0
483	0.0	-86.706666592	40.62332103199999	6.551260800000001	8.023127112000001	0.0	1.0
483	0.0	-12.928208607999993	69.43253508800001	7.1058210048	15.611685768	0.0	1.0
483	0.0	-62.46146032000001	63.968957864	6.3064063104	9.0387825696	0.0	1.0
483	0.0	-70.225732192	30.365615168000005	4.279680384	9.208045072800001	0.0	1.0
483	0.0	65.232175904	64.706779088	7.0769346816	8.1009311544	0.0	1.0
483	0.0	93.09961270400001	-16.666114024000006	6.9556693248000006	14.126531479199999	0.0	1.0
484	3.0	-60.41975497600002	70.413682472	8.4001642368	8.5026003048	0.0	1.0
484	0.0	-80.972302432	-40.832222536	9.612746304	17.2301264856	0.0	1.0
484	0.0	65.29902915200002	51.903197864000006	6.5033910144	6.4066571352	0.0	1.0
484	0.0	-80.663418976	-27.765607744	5.337105715200001	9.0114536232	0.0	1.0
484	0.0	-40.382370783999995	81.80939060000001	9.564483264	10.2642012648	0.0	1.0
484	0.0	-6.169595487999996	88.07071565599999	10.2471014016	6.4174962095999994	0.0	1.0
484	0.0	7.124190751999992	88.308411128	6.6903656064	6.882007860000001	0.0	1.0
484	0.0	51.28594486400004	62.2276676	7.677469900799999	6.907144860000001	0.0	1.0
484	0.0	20.008992415999987	-92.1779837776	9.250559001600001	5.894727048	0.0	1.0
484	0.0	-90.979196896	24.678821383999995	7.569432192000001	11.2693997304	0.0	1.0
484	0.0	-61.47832432000001	64.73191608799998	7.3489237248	9.4338758808	0.0	1.0
484	0.0	-9.748568032000003	83.02421153600001	12.655355596800002	5.895169459200001	0.0	1.0
484	0.0	-70.189266784	31.297695128000008	4.1045391744	9.0914295024	0.0	1.0
484	0.0	-86.618720608	40.500853568000004	6.5613066624	8.7536887704	0.0	1.0
484	0.0	93.585103136	12.72205541599999	4.7521576704	9.7828578792	0.0	1.0
484	0.0	7.051974943999995	79.414136144	12.2042212992	6.7555788048	0.0	1.0
484	0.0	-95.48267478399998	59.58627164	11.8378869504	10.5640354008	0.0	1.0
484	0.0	93.192563744	-17.877114135999996	6.928570521599999	13.543896038400002	0.0	1.0
484	0.0	65.40878288000002	64.259943776	8.18862912	8.096486932800001	0.0	1.0
484	0.0	-12.917483487999998	69.57672092	7.108645286399999	16.17264306	0.0	1.0
485	0.0	7.654011680000002	88.4556134	7.138103616	6.9477260327999995	0.0	1.0
485	0.0	8.993936671999995	88.465064912	9.332284416	6.6564585864	0.0	1.0
485	0.0	-81.79706416	-26.734990744000008	6.384556684800001	9.7570974816	0.0	1.0
485	0.0	-112.028317408	66.13777822400002	7.500934425600001	6.384898548	0.0	1.0
485	0.0	-80.961577312	-41.020649488	9.684104102400001	16.825802868	0.0	1.0
485	0.0	52.39170473600001	61.793099143999996	7.5433344	7.3119913272	0.0	1.0
485	0.0	-61.553042656	65.57189408	6.380016384	9.771174201600001	0.0	1.0
485	0.0	-69.72486908799999	32.401913263999994	4.0972818432	9.0215084232	0.0	1.0
485	0.0	8.058706208000007	79.196952464	12.137654054399999	6.769132675200002	0.0	1.0
485	0.0	-95.467659616	59.55510175999999	11.7966309888	10.499383036800001	0.0	1.0
485	0.0	65.8842632	51.23857558400001	6.6331649664	7.1754672528	0.0	1.0
485	0.0	93.50502223999999	11.809280671999996	4.904418624	8.2112122008	0.0	1.0
485	0.0	-86.33414742400001	41.411416255999995	7.160090112000001	9.5531459184	0.0	1.0
485	0.0	-8.882693344000016	82.828142936	12.402171264	6.016892868	0.0	1.0
485	0.0	-90.814030048	25.626385736000003	7.681616947199999	11.2904745912	0.0	1.0
485	0.0	65.63937296	63.58144587199998	8.9623750272	8.3028918672	0.0	1.0
485	0.0	92.699565728	-18.871734952000004	6.952773542399999	13.6816870176	0.0	1.0
485	0.0	-13.02616470399999	70.283975552	7.1123990784	17.457445404	0.0	1.0
486	0.0	-69.38988784	37.634632280000005	4.5366185088	17.3660070528	0.0	1.0
486	0.0	-112.02867491200001	66.21258593599998	7.477875417599999	6.412649796	0.0	1.0
486	0.0	19.408028192000003	-92.4981688288	6.6467501184	5.6809821095999995	0.0	1.0
486	0.0	-38.79719804799999	82.946186288	9.7144204416	10.2040333416	0.0	1.0
486	0.0	-80.927614432	-41.200228216000006	9.7352271744	16.419588948	0.0	1.0
486	0.0	-8.468346207999994	83.159146952	12.1269646848	6.4628031384	0.0	1.0
486	0.0	-86.077817056	42.203533400000005	7.1471484672	9.776724451200002	0.0	1.0
486	0.0	52.60191708800001	61.597432736000016	8.756023718400002	8.1978996456	0.0	1.0
486	0.0	8.582807072	78.897721616	12.2148749184	6.456830587200001	0.0	1.0
486	0.0	10.741058720000005	88.380001304	10.2390575616	6.989453452799999	0.0	1.0
486	0.0	-95.440846816	59.53820969600001	11.8927995648	10.526189133599999	0.0	1.0
486	0.0	-61.124395359999994	66.03220282400001	6.109528857600001	9.1232026704	0.0	1.0
486	0.0	-82.11989027199999	-26.19384140800001	6.0012766464	9.7769255472	0.0	1.0
486	0.0	-90.65529827200001	26.06195967200001	7.7536540032	11.0303971344	0.0	1.0
486	0.0	65.726603936	63.735485408	10.228832947199999	10.300338216	0.0	1.0
486	0.0	-12.94679881600001	70.503170192	6.749925772800001	17.8185333816	0.0	1.0
486	0.0	92.470405664	-19.717544727999996	7.300803686400001	13.9192216128	0.0	1.0
487	0.0	94.04592579199999	10.72074057599999	4.3354867584	6.6753012815999995	0.0	1.0
487	0.0	-80.92582691199999	-41.12040055199999	9.6944717184	16.4496930192	0.0	1.0
487	0.0	-7.830201568	83.101424952	11.8892245248	6.4173956616000005	0.0	1.0
487	0.0	-60.65141756799999	66.825519096	6.0068537088000005	8.790790982399999	0.0	1.0
487	0.0	17.59119286399999	-92.5584849672	12.331742976	5.460942866400001	0.0	1.0
487	0.0	-85.7868088	42.76961119200001	7.2281231232000005	10.9046719152	0.0	1.0
487	0.0	-95.443349344	59.688420959999995	11.878606656	10.442854951200001	0.0	1.0
487	0.0	66.84523395199999	62.27612428800001	9.623721676799999	8.279785936800002	0.0	1.0
487	0.0	92.24303312	-20.400876384000004	6.964499673599999	13.698136670399998	0.0	1.0
487	0.0	-90.354279904	26.517434664000003	7.2711308544	10.5518288736	0.0	1.0
487	0.0	-82.253954272	-24.975207096	6.3301803264	10.70685378	0.0	1.0
488	0.0	69.12682447999998	61.20026068800001	6.406972185600001	7.078639528799999	0.0	1.0
488	0.0	92.20478019200002	-21.344418816000005	6.9859141631999995	13.687860664799999	0.0	1.0
488	0.0	-95.432624224	59.599737624	12.0623279616	10.4729992416	0.0	1.0
488	0.0	-2.974582239999995	88.076942184	9.510643161600001	6.2309997792	0.0	1.0
488	0.0	68.59593104000001	48.430865784	6.683358527999999	6.9041083104	0.0	1.0
488	0.0	-84.065784544	-24.015576984000003	3.39455768064	8.470545602400001	0.0	1.0
488	0.0	-80.852181088	-41.032320504	9.614784076800001	16.7211525096	0.0	1.0
488	0.0	-82.372288096	-24.631534031999994	6.115642176	9.5229614088	0.0	1.0
488	0.0	-60.374351968	67.077291288	5.8411863552000005	9.2548200024	0.0	1.0
488	0.0	94.664407712	9.162849863999991	5.1437318016	7.5937469328	0.0	1.0
488	0.0	16.486863008000007	-92.9040684432	6.232224230399999	6.032075616	0.0	1.0
488	3.0	-37.643890144000004	83.533178064	10.2862480896	10.2724260912	0.0	1.0
488	0.0	12.061678496000008	87.946833072	9.8210638848	6.544729648800001	0.0	1.0
488	0.0	-85.557291232	43.89414002400001	6.5742483072	9.1142136792	0.0	1.0
488	0.0	-68.85184432	35.24118024000001	4.2632352000000004	8.9502198912	0.0	1.0
488	0.0	-89.861639392	26.852661695999995	7.019912793600001	10.1331872208	0.0	1.0
489	0.0	14.355424160000005	-92.909156172	8.9818589952	5.660530646400001	0.0	1.0
489	0.0	69.12610947200001	48.009569664	6.753786816	7.6874375592	0.0	1.0
489	0.0	94.327638944	8.228960040000004	4.3324837248	6.5868391512	0.0	1.0
489	0.0	-11.950435168000007	67.05476853600001	4.2611616768000005	10.1804447808	0.0	1.0
489	0.0	-112.12877603199999	66.19146340800002	7.3503179904	6.542236058399999	0.0	1.0
489	0.0	15.426863648000003	-93.077976264	6.090259392	5.771435090400001	0.0	1.0
489	3.0	-36.903141856	83.70028884	10.584906931199999	9.884471688	0.0	1.0
489	0.0	-82.875296224	-24.120951287999993	6.3212427263999995	9.5876338824	0.0	1.0
489	3.0	-58.04020835200001	72.32428812	9.1368369792	7.7001066071999995	0.0	1.0
489	0.0	-80.857901152	-41.155994544	9.6361985664	16.383492216	0.0	1.0
489	0.0	69.360274592	60.406534775999994	7.557062553600001	8.331005088000001	0.0	1.0
489	3.0	12.513563552000006	87.720600072	10.2039864192	6.6086982864	0.0	1.0
489	3.0	10.952343584000007	78.849048936	11.961404582399998	6.0126296327999995	0.0	1.0
489	0.0	-85.255557856	44.554338191999996	6.4735751808	8.0252989488	0.0	1.0
489	0.0	-59.8767064	67.28743660800001	5.4789633024	8.956494086400001	0.0	1.0
489	0.0	-89.378293984	28.018214111999995	6.4201998336	10.1068235352	0.0	1.0
489	0.0	91.77935043200003	-22.593426072000003	6.7280822784	13.5575303472	0.0	1.0
490	13.0	-13.29286268799999	7.260682799999985	22.0693296768	4.8213168192	0.0	1.0
490	1.0	13.72621711999999	-89.5568054136	12.660432153599999	8.3146559832	0.0	1.0
490	3.0	-1.789456480000005	87.915059904	9.9300668544	6.2187128136	0.0	1.0
490	0.0	14.601744415999995	-93.04992337200001	6.539784921600001	6.027993367200001	0.0	1.0
490	0.0	-82.242871648	-23.228889431999992	5.009739302400001	9.7338306744	0.0	1.0
490	0.0	-80.841455968	-41.13166192799999	9.650641728	16.4597076	0.0	1.0
490	0.0	69.47503337600001	47.33710464000001	6.954990067200001	9.0630749664	0.0	1.0
490	0.0	90.829819808	-25.216723392	5.6609328384	10.4152042512	0.0	1.0
490	0.0	-83.50235824	-23.168359536	6.065770368	9.885175524	0.0	1.0
490	3.0	13.237151648000047	87.76785763199999	9.941113728	7.1748840743999995	0.0	1.0
490	0.0	-59.474156896	67.43061696000001	5.4557612928	8.5622252688	0.0	1.0
490	3.0	11.676646688	78.787312464	12.112807526400001	6.280972135200001	0.0	1.0
490	3.0	-55.57486076800001	72.793243992	5.277259545600001	7.4579065848	0.0	1.0
490	0.0	90.99570166400002	-23.552452896000005	6.1948650624	13.6465555464	0.0	1.0
490	0.0	-84.856583392	44.60441109599999	6.095764953600001	7.5505716216000005	0.0	1.0
490	0.0	-37.31498646400001	-82.92876169200001	13.8655781376	8.9173406952	0.0	1.0
490	0.0	94.173197216	6.7422573119999925	4.7532659328	7.2195877152	0.0	1.0
490	0.0	69.86185270400001	59.87001064799999	7.298908915199999	7.785592516800001	0.0	1.0
490	3.0	-36.229961824	84.279043128	10.593916032	9.8895795264	0.0	1.0
490	0.0	-88.956796768	29.365557311999993	5.8617785856	11.3680373184	0.0	1.0
491	0.0	-80.85075107200001	-41.12703671999999	9.6689816832	16.540005232800002	0.0	1.0
491	0.0	-3.836524384000006	82.49230516799999	10.8948986496	5.7383346888	0.0	1.0
491	0.0	-38.500112224	-82.1457139776	13.32238656	9.355910961600001	0.0	1.0
491	0.0	-1.1345091519999904	87.794000112	8.7967076736	6.4302054768	0.0	1.0
491	3.0	-55.80866838400001	72.95774052	6.6529349376	8.155749924	0.0	1.0
491	0.0	57.47648412800002	57.218157696000006	7.793944704	8.006556801599999	0.0	1.0
491	0.0	-58.835654751999996	67.989462744	5.666974656000001	8.042552985599999	0.0	1.0
491	3.0	-35.55392176	84.759461472	10.5688550016	9.4434882696	0.0	1.0
491	0.0	94.45955792000001	5.86266340800001	4.6309638144	7.256750256000001	0.0	1.0
491	0.0	-84.647086048	45.42709483200001	6.329572569599999	7.9127857368	0.0	1.0
491	0.0	-67.59343024000002	38.530306416000016	4.6480525056	8.029059444	0.0	1.0
491	0.0	-83.28249328000001	-22.681305024000007	6.3990355968	9.2220815736	0.0	1.0
491	0.0	-89.10623344	29.746030944000015	6.539892172799999	10.9629093168	0.0	1.0
491	0.0	91.29564752000002	-24.580656744	7.3159976064	13.678268385600001	0.0	1.0
492	3.0	-55.030382176	73.49728108800001	6.034381516800001	7.440531890400001	0.0	1.0
492	3.0	-3.4425549759999967	82.513018056	12.243367987200001	5.963220345600001	0.0	1.0
492	0.0	13.363708063999997	78.557057544	12.2815851648	6.751194912	0.0	1.0
492	0.0	-80.86040367999999	-41.15418467999999	9.6464589312	16.481265091199997	0.0	1.0
492	0.0	11.654123936000007	-93.4451172312	7.448846092799999	5.4342574272	0.0	1.0
492	3.0	-34.689834592000004	85.081416168	10.7395631616	8.989795584000001	0.0	1.0
492	3.0	14.789434016000001	87.4225758	9.8908486656	7.167161988	0.0	1.0
492	0.0	58.84929948799999	56.12198340000001	6.780242112	6.9449307984	0.0	1.0
492	0.0	-84.511592032	45.301610927999995	6.4944891648	9.14634882	0.0	1.0
492	0.0	94.61507216	4.904843160000007	4.8925137408	7.149385101600001	0.0	1.0
492	0.0	71.869595168	58.07965296	6.6339514752	7.237243943999999	0.0	1.0
492	0.0	-95.367200992	59.616428592000005	12.0689417856	10.493792568000002	0.0	1.0
492	0.0	12.822447007999997	-93.28361703360001	6.6872553216	5.657373439200001	0.0	1.0
492	0.0	-58.330501600000005	68.581489368	6.153895104	8.5007100024	0.0	1.0
492	0.0	-83.51487088	-21.963191207999998	6.404290905600001	10.0084071528	0.0	1.0
492	0.0	-67.30706953599999	39.187287047999995	4.4815986432	8.287769447999999	0.0	1.0
492	0.0	-89.393309152	30.286778088000002	7.593921216	11.300187528	0.0	1.0
492	0.0	91.003924256	-25.501877519999994	7.067746828800001	13.568932490399998	0.0	1.0
493	0.0	10.818279584000003	-93.379419168	7.3137453312	5.379418548	0.0	1.0
493	3.0	0.15143273599999318	88.074529032	10.168665024	6.6307786272	0.0	1.0
493	0.0	58.47356278399999	56.759256624	8.618491929600001	9.9142540056	0.0	1.0
493	0.0	-95.43691427200001	59.590085016	11.979351283199998	10.4907560184	0.0	1.0
493	3.0	-34.052404960000004	85.80978588	10.7345223552	9.8900822664	0.0	1.0
493	0.0	72.038337056	57.36676764000001	7.291115328	7.512846012	0.0	1.0
493	0.0	-112.08980809599998	66.185028336	7.3644393984	6.364567742400001	0.0	1.0
493	0.0	94.610782112	3.907608096000003	4.4637234432	7.211403107999999	0.0	1.0
493	3.0	-55.77613552000001	73.764336576	8.5928231424	8.328953908799999	0.0	1.0
493	0.0	-84.16481315200001	48.57082859999999	6.99277824	14.6642018544	0.0	1.0
493	0.0	-83.73473584	-21.261165071999997	6.2253601536	9.7164760896	0.0	1.0
493	3.0	15.547342496000013	87.213234864	9.9486928128	7.107798448800001	0.0	1.0
493	3.0	14.183464735999996	78.26607163199999	12.127250688	6.3352479456	0.0	1.0
493	0.0	-84.275639392	46.30407448800001	6.7374131327999995	9.9003180528	0.0	1.0
493	0.0	-57.86610390400002	69.02852577600001	6.3300015744	8.356765485599999	0.0	1.0
493	0.0	-66.91560265599999	39.761818319999996	4.1906976384	8.5052949912	0.0	1.0
493	0.0	90.70147587199997	-26.267047800000004	7.1209076736	13.979490083999998	0.0	1.0
493	0.0	-89.34147107199999	30.872168543999994	7.4365122048	10.605803040000001	0.0	1.0
494	0.0	-2.2234663360000013	81.98051584800001	11.2591594752	5.958313603200001	0.0	1.0
494	0.0	-66.10442608000001	48.29190844800001	4.4851379328	11.1389889744	0.0	1.0
494	3.0	14.801589152000007	78.02435424000001	11.965194124799998	5.7552468624	0.0	1.0
494	0.0	59.45812880000001	56.063866656	7.998150988799999	9.740748376800001	0.0	1.0
494	0.0	59.00767376	57.78947143199999	8.8507980288	13.4783387424	0.0	1.0
494	0.0	-95.48553481600001	59.570578704	11.8975186176	10.4780467512	0.0	1.0
494	0.0	-84.11440508799998	-20.59714608	6.195329817599999	9.497402107200001	0.0	1.0
494	0.0	-42.20099363200001	-79.77698408399999	12.270466790400002	9.88839306	0.0	1.0
494	0.0	72.88383401600001	42.920634288	5.8002521472	6.2071699032000005	0.0	1.0
494	0.0	72.21530153600004	56.439513983999994	7.71046752	8.3891017224	0.0	1.0
494	0.0	9.340715551999992	-93.48439128	5.607807744	5.1042991104	0.0	1.0
494	0.0	94.23325788800003	2.9548152480000076	4.593175641599999	6.9299290368	0.0	1.0
494	0.0	-83.62569712	49.14696863999999	6.4792237440000005	12.1260888	0.0	1.0
494	0.0	-57.17290364799999	69.59823074399999	6.6543649536	8.6574040056	0.0	1.0
494	0.0	-66.82479664	40.35967672800001	3.8687295360000005	8.250667236	0.0	1.0
494	0.0	90.61889244800001	-27.481265448	7.420460275199999	13.890304008	0.0	1.0
494	0.0	-89.29034800000001	31.236554495999993	7.8914002943999995	10.4759352432	0.0	1.0
495	0.0	59.513541919999994	57.76754452	8.636295628800001	13.4778360024	0.0	1.0
495	0.0	-112.10589577600001	66.315934384	7.297192895999999	6.3467104176	0.0	1.0
495	0.0	1.3740964160000015	87.97357139200001	9.4629163776	6.4500938712	0.0	1.0
495	0.0	-66.35825392000001	41.411200263999994	4.0932062976	7.6352732568000015	0.0	1.0
495	0.0	8.737606304000003	-93.27165926960001	5.0753412864000005	5.3090148384	0.0	1.0
495	0.0	-84.19055344	-20.24764868	5.8945974528	9.0372341304	0.0	1.0
495	0.0	94.30618870400001	1.8743189920000152	4.4709092736	7.7485908528	0.0	1.0
495	0.0	73.54736143999999	42.049076775999986	6.357279129600001	7.367011192800001	0.0	1.0
495	0.0	-95.358263392	59.628889096	12.1895993856	10.5279587784	0.0	1.0
495	0.0	15.685339039999997	78.02595556000001	12.1093039872	6.203711051999999	0.0	1.0
495	0.0	-83.203127392	50.902529271999995	6.8992551936	13.5544334688	0.0	1.0
495	0.0	90.492693536	-28.274194424	7.674717120000001	13.7310761952	0.0	1.0
495	0.0	73.95312847999999	55.78755330399999	6.5126861184000004	8.3609281728	0.0	1.0
495	0.0	-88.54316464	31.728226768000003	6.4348574975999995	9.9280290816	0.0	1.0
496	0.0	-84.497649376	-18.586402072000006	6.504284774400001	9.8854570584	0.0	1.0
496	0.0	-31.757229279999997	87.10462812799999	10.7705945088	9.488956075199999	0.0	1.0
496	0.0	2.112699680000003	88.126598	9.670232947199999	5.8981054608	0.0	1.0
496	0.0	-65.318989792	47.12071044799999	5.4995197824	17.2368833112	0.0	1.0
496	1.0	6.807442208000002	-89.8712741248	12.7031538816	8.9055162504	0.0	1.0
496	0.0	-95.435484256	59.746723904	11.9686619136	10.643810184	0.0	1.0
496	0.0	74.20195126400002	41.05887262399999	6.7290475392	7.5363340248	0.0	1.0
496	0.0	-82.978972384	50.790310256	6.6606212735999994	13.915179583200002	0.0	1.0
496	0.0	94.61971971199999	1.1445341599999972	4.2275563008	8.7524218656	0.0	1.0
496	0.0	73.46692304000003	55.17178990399999	8.8636324224	8.788196844	0.0	1.0
496	0.0	90.03473091200003	-29.368968495999997	7.2098546688	13.9506931368	0.0	1.0
497	1.0	5.5057701439999995	-89.8637605824	13.0927974912	9.1978495056	0.0	1.0
497	1.0	17.398140704000014	77.869487976	12.328453939200001	6.2063051904	0.0	1.0
497	0.0	-31.061526496000003	87.96490936800001	10.418345817599999	9.317380968	0.0	1.0
497	0.0	74.34995792000001	40.243420896	7.1769643008	7.913027052000001	0.0	1.0
497	0.0	-84.67318384000001	-18.172151760000006	6.264292339200001	9.0995135616	0.0	1.0
497	0.0	94.52998620800001	-0.11795397599999315	3.9948569472	7.770651084000001	0.0	1.0
497	0.0	-95.50948758399998	59.902565855999995	11.733102528000002	10.4405825664	0.0	1.0
497	0.0	-82.71155939200001	50.73057729600001	6.766549708800001	10.5049735056	0.0	1.0
497	0.0	2.7029387839999908	88.11291602399999	9.601770931199999	5.9540101488	0.0	1.0
497	0.0	89.849901344	-30.227655864	7.4113439232000005	13.4737738632	0.0	1.0
497	0.0	74.12508790400001	54.76858497599999	9.0200404224	9.3501797256	0.0	1.0
498	0.0	-45.527568352	-76.463044896	12.101152895999999	9.935550072	0.0	1.0
498	0.0	17.634450848	86.612136576	7.123445952	7.1863465464	0.0	1.0
498	0.0	94.65153756800002	-1.453231415999993	3.7636233600000004	6.6409540848	0.0	1.0
498	0.0	-88.18709065600001	35.641942224	7.554381273600001	8.450717536800001	0.0	1.0
498	0.0	63.78392720000001	51.37609545599999	5.957089152	6.855060996000001	0.0	1.0
498	0.0	-95.46801712	59.905783392000004	11.902916928	10.4888858256	0.0	1.0
498	0.0	-64.53927356800001	46.75410499200001	5.627827968	12.120880413599998	0.0	1.0
498	3.0	-30.154181344000015	87.993062808	11.02184832	9.0271793304	0.0	1.0
498	1.0	4.38606761600001	-89.5824674976	12.975250176	8.738687008800001	0.0	1.0
498	0.0	3.452982176000004	88.148711112	9.256457817600001	5.7964313232	0.0	1.0
498	0.0	-84.938094304	-17.316488279999998	6.4735751808	9.6162699528	0.0	1.0
498	1.0	18.24256515200001	77.86506386399999	11.869347302399998	6.222734733599999	0.0	1.0
498	0.0	-82.55533014400001	51.540390888000005	6.7736997888	13.300710645599999	0.0	1.0
498	0.0	74.32850768000002	53.709010152	9.1810959744	8.7471129312	0.0	1.0
498	0.0	89.321867936	-31.085129208000012	7.144181184000001	13.790620720799998	0.0	1.0
499	3.0	-52.296191584	77.448795144	8.135361024	7.07304906	0.0	1.0
499	0.0	-85.151166688	-16.530001824000006	5.835251788799999	9.9037366848	0.0	1.0
499	0.0	-88.068399328	36.22109870400002	7.6778274048	8.377357716	0.0	1.0
499	3.0	-53.15312867200001	76.808706576	9.7006565376	7.9448806584	0.0	1.0
499	0.0	2.8952759359999916	82.28857257599999	10.3662574848	7.0761258287999995	0.0	1.0
499	0.0	-95.522357728	59.91402832799999	11.7632401152	10.419889788	0.0	1.0
499	1.0	19.30578204799998	77.44477322399999	11.650054348800001	6.1211008152	0.0	1.0
499	0.0	4.04214876799999	-92.8803413496	5.3732493696	5.2619583744	0.0	1.0
499	0.0	-47.043027808	-75.539008776	12.682061145600002	10.9285219008	0.0	1.0
499	0.0	-82.646851168	50.357544215999994	6.3833769216	9.5000565744	0.0	1.0
499	1.0	3.3278557759999994	-89.4155779272	13.018829913600001	8.419185684	0.0	1.0
499	0.0	3.9838756159999944	87.998894592	9.790175539200002	6.1207388424	0.0	1.0
499	0.0	89.130603296	-32.120773608	8.0122723968	13.491711626399999	0.0	1.0
499	3.0	-29.441675872	88.367302464	11.274424896000001	9.6790119048	0.0	1.0
499	0.0	75.47109046399999	52.77491923200001	9.3523403904	9.42587226	0.0	1.0
500	0.0	94.72303836800002	-3.7167679919999905	3.3033441100800003	7.1469719496	0.0	1.0
500	0.0	-48.341124832000006	-74.60532004800001	10.946414976	10.6006348728	0.0	1.0
500	0.0	-63.325547488000005	47.260062528000006	5.846119910400001	10.5412311144	0.0	1.0
500	1.0	20.023292575999996	77.315870688	11.8263038208	5.88658266	0.0	1.0
500	0.0	-85.454687584	-15.769255656000004	5.9928038016	9.609392469600001	0.0	1.0
500	3.0	-52.56324707200001	75.340102488	10.013186534399999	11.4062254488	0.0	1.0
500	0.0	19.379785376000015	86.21477087999999	10.647899136	7.8245649216	0.0	1.0
500	0.0	76.43599376000003	52.22974797600001	8.183445312000002	9.599920848	0.0	1.0
500	0.0	65.142799904	49.398115200000014	6.3154154112	7.8217897968	0.0	1.0
500	3.0	-28.729885408	88.261123776	11.1146563584	9.2376866232	0.0	1.0
500	0.0	-82.381940704	50.972495783999996	6.9621401472	10.373436612	0.0	1.0
500	0.0	88.831372448	-32.980257912000006	7.6613822208	13.465086516	0.0	1.0
500	0.0	-87.659772256	35.958065135999995	7.708465497599999	9.5092868808	0.0	1.0
501	0.0	-85.707085408	-15.25022688	6.4162672895999995	9.1958988744	0.0	1.0
501	0.0	-62.803591647999994	48.40128232800001	5.8853738496	11.191294044	0.0	1.0
501	0.0	-11.652991840000006	66.987781224	4.444239475200001	5.667890760000001	0.0	1.0
501	3.0	20.543103392000006	77.00839490400001	11.7625608576	6.355840176000001	0.0	1.0
501	0.0	1.207857056000008	-92.7514589232	12.2430462336	5.075763588	0.0	1.0
501	0.0	94.100623904	-4.892978495999998	3.9793412736	6.994018332	0.0	1.0
501	0.0	4.556954527999997	81.994570224	9.499953792	6.8000210208	0.0	1.0
501	3.0	-52.00196579200001	75.71192899200001	10.104135552	12.633554556000002	0.0	1.0
501	0.0	77.13741660800002	51.236534832	8.82230496	9.9238060656	0.0	1.0
501	0.0	65.51102902400004	48.67919699999999	6.3436939776	7.1859041352	0.0	1.0
501	0.0	5.26838748799999	87.99125294400001	9.386839526400001	5.7476052144	0.0	1.0
501	0.0	-87.544298464	36.16539511199999	7.933371264	9.8712999	0.0	1.0
501	3.0	-27.91942384000001	89.40817536000002	11.340312883200001	9.3405673368	0.0	1.0
501	0.0	88.81135222400003	-34.17979555200001	8.0760511104	13.701173220000001	0.0	1.0
502	0.0	0.8482080319999908	-92.63049223120001	4.0089426048000005	5.429592	0.0	1.0
502	3.0	21.26490396800003	76.932186968	12.6502432896	6.4814447375999995	0.0	1.0
502	0.0	-49.74003798400001	-73.335994648	10.6044981504	10.2908665944	0.0	1.0
502	0.0	77.339048864	50.384096336	9.0006637056	10.30415904	0.0	1.0
502	0.0	-81.379141984	52.506061328	6.451195430400001	7.6325383512	0.0	1.0
502	3.0	-51.55794582400001	75.623253104	10.274700710400001	11.951939664000001	0.0	1.0
502	0.0	-11.732715231999995	67.26690992	4.605902784	6.445388224799999	0.0	1.0
502	0.0	5.588711071999993	87.847476752	9.7740163584	6.366558592800001	0.0	1.0
502	0.0	4.734991520000009	81.614908424	10.7029905024	7.0240620744	0.0	1.0
502	0.0	-86.80033264	36.338747312	7.0106176896	9.926621409600001	0.0	1.0
502	0.0	-62.319173728	48.35564098400002	5.787274752	8.223740481600002	0.0	1.0
502	0.0	65.89177078400002	48.32286233600001	7.2723106176	8.9491943016	0.0	1.0
502	0.0	88.04307612799998	-34.95119235999999	7.364189145600001	13.572813643200002	0.0	1.0
502	3.0	-27.381737824000002	89.29898768000001	11.100284697600001	9.2270285352	0.0	1.0
503	0.0	-61.84262089600001	49.62999378400001	6.173093068800001	10.9098803016	0.0	1.0
503	0.0	-86.678066272	-15.166354951999997	4.848075993600001	6.602685516	0.0	1.0
503	0.0	21.99170959999999	85.66860904	10.2271884288	6.8310903528	0.0	1.0
503	0.0	-0.6104082879999968	-92.7135776504	5.525045568	5.285024085600001	0.0	1.0
503	3.0	-51.05350768000001	76.055616952	10.0188350976	12.2436897408	0.0	1.0
503	0.0	87.879339296	-36.111911023999994	7.3516765055999995	13.3684799976	0.0	1.0
503	0.0	-80.457139168	55.06702633599999	6.923279462400001	11.8366312176	0.0	1.0
503	3.0	21.947736608000003	76.546090096	12.374607705600003	6.9137408088	0.0	1.0
503	3.0	-51.99624572800001	74.684946616	8.246652019199999	9.265136227200001	0.0	1.0
503	0.0	-50.27915401600001	-71.9433974	11.593139712000001	12.0389941224	0.0	1.0
503	1.0	-1.3314938560000054	-89.2177650056	12.944969587200001	8.779147524	0.0	1.0
503	0.0	-11.56504585599999	67.424978824	4.130243712	7.0879502736000015	0.0	1.0
503	0.0	93.932954528	-6.507965576000001	4.213113139200001	9.423961848000001	0.0	1.0
503	0.0	5.890086943999993	81.58032736	10.0312762368	7.223006347199999	0.0	1.0
503	0.0	-86.665553632	37.654525887999995	7.2734188799999995	10.810277452800001	0.0	1.0
503	3.0	-26.530520799999987	89.851808032	10.9125593472	9.6473996136	0.0	1.0
503	0.0	66.65825936	47.688613000000004	7.651836863999999	9.7611194016	0.0	1.0
504	0.0	-51.24798985599999	-71.72379312	11.3422791552	10.5742912968	0.0	1.0
504	3.0	-25.611378016000003	90.272709408	11.247433344	9.5472538056	0.0	1.0
504	0.0	86.41536041600001	-39.853294655999996	4.908315417600001	7.5413413151999995	0.0	1.0
504	0.0	22.537260703999998	85.59380877600002	10.3419114624	6.7533868584	0.0	1.0
504	0.0	91.17802870400001	-6.671650271999998	3.0810945984000004	11.2284565848	0.0	1.0
504	0.0	-86.394208096	-14.080026911999996	5.7904565376	8.0090705016	0.0	1.0
504	3.0	-49.93166012800002	81.29316972	10.1397787008	10.9763023104	0.0	1.0
504	0.0	79.02932777599999	32.942250768	5.928703334400001	8.7034750992	0.0	1.0
504	0.0	6.862140320000005	87.98001391199999	9.1640072832	7.94027556	0.0	1.0
504	0.0	-11.346968415999992	67.89414323999999	3.6315613823999997	8.122790289600001	0.0	1.0
504	0.0	-2.03255920000001	-92.6607221736	5.8761859968	5.89311828	0.0	1.0
504	0.0	5.34274831999999	87.313179576	5.4673444224	6.1568757936	0.0	1.0
504	0.0	-80.264087008	55.18226179199999	7.306881254400001	11.4309803664	0.0	1.0
504	0.0	-51.79711599999999	74.850456072	7.4654700287999995	9.279876564	0.0	1.0
504	0.0	-61.747167327999996	49.170697968000006	5.2252784640000005	8.338827722400001	0.0	1.0
504	0.0	78.96175952000002	48.29351721600001	8.307677952	10.039295498400001	0.0	1.0
504	3.0	-2.4790816959999984	-89.2960442304	12.939785779200001	9.1475151768	0.0	1.0
504	0.0	67.10513936000001	47.629900416	8.047057536	11.4003534456	0.0	1.0
504	0.0	93.938674592	-6.649931903999995	4.050341568	10.1621651544	0.0	1.0
504	0.0	-86.162903008	38.297236151999996	7.0361077248	11.0307792168	0.0	1.0
504	0.0	6.099584288	81.111580032	11.3089597824	6.571756951199999	0.0	1.0
505	0.0	-112.069430368	66.219817944	7.5330740352	6.468152292	0.0	1.0
505	0.0	-95.75580784000002	59.614216536	11.4250770816	10.3797108072	0.0	1.0
505	0.0	-26.50084796800001	92.72547731999998	8.3433926016	14.251110451200002	0.0	1.0
505	0.0	87.37239862400001	-38.13613591200001	8.098001856000002	13.675975891200002	0.0	1.0
505	0.0	79.697860256	31.189699128	5.7257125632	7.5206284272	0.0	1.0
505	1.0	-49.32068579200001	82.13596305600001	9.3989946624	10.9075676976	0.0	1.0
505	0.0	-11.255447392000006	67.92832955999998	3.6623782272000005	8.0725565088	0.0	1.0
505	1.0	23.77207951999999	75.808678512	12.0594321792	6.783189285600001	0.0	1.0
505	0.0	93.72846224	-7.99445976	4.1609175552	9.6730795728	0.0	1.0
505	0.0	6.883590559999998	87.33891986399999	7.6755751296	5.707506672	0.0	1.0
505	0.0	-79.892997856	55.2924624	6.7080978048	10.9712548008	0.0	1.0
505	0.0	-26.349981280000005	90.60833863200001	8.5247186304	9.6803190288	0.0	1.0
505	0.0	-60.97817622399998	50.35897423199998	5.7710440704	8.4342276648	0.0	1.0
505	0.0	-3.047513056000007	-92.40213282719999	6.5298820608	5.967664567200001	0.0	1.0
505	0.0	-50.92158870400001	75.577418112	8.0277165696	9.4073513184	0.0	1.0
505	1.0	-3.561246303999991	-88.9669506264	13.227397747200001	8.4480630696	0.0	1.0
505	0.0	6.095294239999993	81.432127056	12.332100480000001	7.031261311200001	0.0	1.0
505	0.0	-85.79610390399999	38.779263263999994	6.395174553599999	10.084059468	0.0	1.0
505	0.0	78.87989110400002	49.55237817599999	9.4600563456	14.431272357600001	0.0	1.0
505	0.0	67.76258921600002	47.20659333600001	8.4913635072	13.026516249600002	0.0	1.0
506	0.0	91.14549584000002	-11.740066407999999	3.56766826752	9.0966378888	0.0	1.0
506	0.0	-88.1642104	-13.246878736000001	2.90823783936	6.1780512024	0.0	1.0
506	0.0	86.49007875200002	-39.30349074400001	7.750150464000001	13.449139603199999	0.0	1.0
506	0.0	-3.7753911999999916	-92.34726639040001	5.210763801600001	6.3296172576	0.0	1.0
506	0.0	24.255067423999996	77.256174968	12.2370401664	10.033182179999999	0.0	1.0
506	0.0	8.352574495999995	87.169202288	9.3189137664	6.764427028800001	0.0	1.0
506	0.0	86.17905027200003	-41.471104528	6.7960080384	8.686040076000001	0.0	1.0
506	0.0	80.387842976	30.64956272	5.7155594496	6.9022381176	0.0	1.0
506	0.0	6.621897631999998	87.132602816	6.154431360000001	6.245237376	0.0	1.0
506	0.0	-60.553461472000016	50.602106744	5.703440064	7.9367362704	0.0	1.0
506	0.0	-11.160708831999994	67.890732056	3.7408146048	8.1853512552	0.0	1.0
506	0.0	-50.485076320000005	75.41775533600001	7.3359463296000005	8.0700629184	0.0	1.0
506	0.0	93.69521436799998	-10.339231671999999	3.925215168	7.5515972112	0.0	1.0
506	0.0	6.77812687999999	81.56083594399999	12.617960678400003	7.4666140416	0.0	1.0
506	0.0	79.11048118400001	49.020486704	9.766937779200001	15.496276773600002	0.0	1.0
506	0.0	68.54874051200002	46.464958736	9.1237523328	13.4372146104	0.0	1.0
506	0.0	-85.939820512	39.378938983999994	6.9018292224	9.4985885736	0.0	1.0
507	3.0	-49.65995708799999	75.726042952	7.7789295360000015	7.5313066248	0.0	1.0
507	0.0	-60.01291542400001	55.262715088	5.573666112	15.405823792800001	0.0	1.0
507	13.0	15.161238176000046	3.3964369600000066	22.0978227456	4.3053447024	0.0	1.0
507	0.0	90.90596815999999	-13.227364975999999	3.0083389593599996	8.578735250400001	0.0	1.0
507	0.0	25.231410847999992	77.465322256	11.681514700800001	10.803983148	0.0	1.0
507	0.0	-79.352094304	55.510264264	6.9125900928	11.9595008736	0.0	1.0
507	0.0	80.92517148800002	46.492918528000004	7.1367451008	13.2109816104	0.0	1.0
507	3.0	-48.53489199999999	83.13984918400001	9.3840509952	11.3216645808	0.0	1.0
507	0.0	-87.11672368	-12.416344808	5.1610349952	7.510111106400001	0.0	1.0
507	0.0	-54.05332374399999	-69.527608808	10.2887148672	10.133327988	0.0	1.0
507	0.0	93.47177436800001	-11.797572416000005	3.9641473536	7.708633077600001	0.0	1.0
507	0.0	-11.077052896000007	67.87746716800001	4.0464447744	8.5272345648	0.0	1.0
507	0.0	23.464983584000016	78.199523752	9.1477408512	11.3122331784	0.0	1.0
507	1.0	-5.75989590399999	-88.8336694112	12.7279289088	9.314143322400001	0.0	1.0
507	0.0	86.26592374399999	-39.930500624000004	7.189584192000001	13.416421284	0.0	1.0
507	0.0	7.504575008000007	81.024118168	12.499626854399999	7.2455089896	0.0	1.0
507	0.0	79.59346908800002	48.28971128800001	9.896282726399999	16.6178293848	0.0	1.0
507	0.0	68.71462236800001	45.84136748799999	8.6627866752	15.0097853304	0.0	1.0
507	0.0	-85.997021152	39.50221828	7.4096636544	9.6661015416	0.0	1.0
508	0.0	-86.81713532799999	-11.914803936000002	5.746912550399999	7.9750651679999995	0.0	1.0
508	0.0	81.37383900800002	28.11395815200001	5.4803218176	7.5429701928	0.0	1.0
508	0.0	-49.74790307200001	75.742339176	7.027027123200001	7.2036408024	0.0	1.0
508	0.0	90.83017731200002	-14.668210367999999	2.98779320448	7.9789061016	0.0	1.0
508	0.0	93.27014211199999	-12.173815583999998	3.7241906688000004	8.9672125032	0.0	1.0
508	3.0	-48.23816368000001	78.16635036000001	10.059733555200001	11.920769784	0.0	1.0
508	0.0	80.79861507199999	43.216669944	8.5365162624	9.2731599576	0.0	1.0
508	0.0	82.070971808	43.402281552000005	6.258071769600001	8.8177177368	0.0	1.0
508	0.0	-59.00975920000001	53.636459183999996	6.4298166912	10.904631696	0.0	1.0
508	0.0	-55.038247264000006	-68.721005304	10.3354763904	10.4690175408	0.0	1.0
508	0.0	8.366874656000004	80.95213324800001	12.3947709312	7.359691298400001	0.0	1.0
508	0.0	86.07430160000001	-40.861567656000005	7.440337497600001	13.152221359199999	0.0	1.0
508	0.0	-11.047737568000016	67.60981584000001	4.0520218368	8.1530150184	0.0	1.0
508	0.0	-85.265567968	39.770085599999994	5.9140814208000005	9.246233203200001	0.0	1.0
508	0.0	69.24658832000001	44.94106814399999	8.240788953600001	14.527557122400001	0.0	1.0
509	0.0	90.36399209600002	-15.118859056000005	3.14130542208	9.070193764799999	0.0	1.0
509	3.0	-46.228276191999996	80.76673018400001	7.574222745600001	7.0923140568	0.0	1.0
509	3.0	-47.401961824	80.899855736	9.9145154304	7.796190276	0.0	1.0
509	0.0	81.80963638400003	26.630681503999984	5.904428812800001	7.981258924800001	0.0	1.0
509	0.0	-23.578967776	90.78191427200001	7.696846617600001	7.967886040800001	0.0	1.0
509	0.0	-86.811415264	-10.114786192	6.237086284799999	9.661556772	0.0	1.0
509	0.0	-49.065785440000006	75.885728072	7.552879756800001	7.462451354400001	0.0	1.0
509	0.0	-79.168337248	56.22155571200001	6.3938875392000005	10.6345396584	0.0	1.0
509	3.0	-21.542267488000007	91.97863656800001	10.8635097984	7.966920780000001	0.0	1.0
509	3.0	-47.97968828799999	78.37690531999999	9.670268697600001	12.0756338136	0.0	1.0
509	0.0	9.110840479999993	81.453875216	12.496159065600002	8.326078236	0.0	1.0
509	0.0	8.591029664000006	87.955509992	5.7750838656	8.7513158376	0.0	1.0
509	0.0	92.92908329600003	-12.804445191999998	4.3841430528	9.825248916000001	0.0	1.0
509	0.0	85.23309468800002	-42.112176232	8.103507417600001	13.091168613599999	0.0	1.0
509	0.0	-55.662806752	-67.962262648	10.4987484672	10.7973067608	0.0	1.0
509	0.0	-11.034152416000001	67.460006768	3.9347605247999997	8.0101765296	0.0	1.0
509	0.0	70.16894863999998	44.002359464	8.371492416	14.788579730400002	0.0	1.0
509	0.0	-84.84621577600001	40.30098648800001	6.345123993600001	9.873833709600001	0.0	1.0
509	0.0	81.858614432	42.80000648000001	7.558528320000001	10.0030378896	0.0	1.0
510	0.0	72.25569948799999	39.10688588799999	4.202638272	7.0433270712	0.0	1.0
510	0.0	86.150449952	-42.327944792	8.1302487168	11.9078192016	0.0	1.0
510	0.0	-78.82441840000003	57.390333112000015	6.864470054400001	9.9230620104	0.0	1.0
510	0.0	-48.53953955200001	76.49405092	7.1816476032	7.628858294400001	0.0	1.0
510	0.0	-56.99915670400001	-67.02112592	10.2725556864	11.1100110408	0.0	1.0
510	3.0	-47.06912560000001	78.682779784	10.2484599168	12.2827224744	0.0	1.0
510	3.0	-20.738240992000005	91.36550231200002	11.5201016448	9.129034454400001	0.0	1.0
510	0.0	-57.87253897599999	55.155553264000005	6.641745062400001	11.4016002408	0.0	1.0
510	0.0	-11.011987167999994	67.415974192	3.9605723136000006	8.140144874399999	0.0	1.0
510	0.0	-86.956204384	-9.253484576000002	6.417125299199999	10.2110113728	0.0	1.0
510	0.0	-84.581305312	40.765123504	5.8721462016	9.630185796000001	0.0	1.0
510	0.0	82.44349097599999	41.851444096	7.3690512	10.1891924568	0.0	1.0
511	0.0	89.81272092800002	-18.082395911999996	3.4321992768	8.126088264	0.0	1.0
511	3.0	-20.27169827199999	91.47571036800001	11.7698896896	8.723343384	0.0	1.0
511	3.0	27.565554464000027	83.745781224	11.5113427968	7.776080676	0.0	1.0
511	0.0	-57.50109231999999	-66.18315144	10.333831872	10.847017692	0.0	1.0
511	0.0	85.26562755200001	-44.022774432000006	8.2180874496	13.2795151272	0.0	1.0
511	0.0	11.022771872000009	86.445897216	10.0160823168	6.2523963936	0.0	1.0
511	0.0	-48.05011657599999	77.39175091199999	7.0837987584	8.6329306224	0.0	1.0
511	3.0	-46.53108208000001	79.09060992	10.3503128064	11.985361819200001	0.0	1.0
511	0.0	-78.735399904	56.46228252	5.2508757504000005	8.693420299200001	0.0	1.0
511	0.0	82.79741993600001	24.14273668800001	5.850374208	7.386819148800001	0.0	1.0
511	0.0	10.698158239999998	80.289946464	12.5775627264	6.9841445184	0.0	1.0
511	0.0	-57.31161520000001	55.191959088	6.4826915328	9.4045963032	0.0	1.0
511	0.0	-11.087778016000003	67.290899928	4.0131611519999995	7.7822141039999995	0.0	1.0
511	0.0	83.17744668800002	40.934453784	7.1359228416	9.223247930400001	0.0	1.0
511	0.0	72.83199593600001	38.28601946400001	5.625110937600001	7.752049704	0.0	1.0
511	0.0	-87.059165536	-8.754759047999997	6.279379008	10.4560468488	0.0	1.0
511	0.0	-84.339632608	42.50119271999999	6.1594721664000005	10.8024950376	0.0	1.0
512	1.0	27.57556457600003	83.428451736	12.245370009600002	7.0469467992000006	0.0	1.0
512	0.0	29.89934057599999	73.217400144	10.342411968	6.731829367199999	0.0	1.0
512	0.0	-47.227857376	78.23595192	7.848571315199999	9.208346716800001	0.0	1.0
512	3.0	-45.95800316799998	79.50969398400001	10.1712033024	11.477152008000001	0.0	1.0
512	0.0	89.82594857600002	-18.481772568000007	3.9888508800000007	7.8506470728	0.0	1.0
512	0.0	84.52166172800003	38.707114487999995	5.50913664	8.3869701048	0.0	1.0
512	0.0	-56.56943689600002	55.240021031999994	6.910373568	8.438189256000001	0.0	1.0
512	0.0	83.53066064000004	39.82641482400001	7.515341836800001	10.086673716	0.0	1.0
512	0.0	-58.640457568	-65.12035908	9.988125504	11.1359122056	0.0	1.0
512	0.0	85.09223811200002	-44.906993543999995	7.969157414400001	13.12704414	0.0	1.0
512	0.0	11.38563843200001	80.26983686400001	12.2640674688	7.3804444056000005	0.0	1.0
512	0.0	-11.168931424	67.44172192799999	3.9279321984	7.9950943296	0.0	1.0
512	0.0	83.06197289599999	23.092814471999983	5.833929024000001	8.331970348799999	0.0	1.0
512	0.0	73.45369539200003	37.188638592	5.3664210432	7.4942647415999994	0.0	1.0
512	0.0	-87.19537456	-8.345327592000002	5.9544793728	10.5863570568	0.0	1.0
512	0.0	11.933692064000006	86.35278976800001	9.0569348352	6.267197059200001	0.0	1.0
512	0.0	-84.157663072	42.61863278399999	6.4519461888	10.714053016800001	0.0	1.0
513	0.0	29.611549856000007	83.287885632	8.5667253504	7.122418128	0.0	1.0
513	0.0	83.46380739200002	22.382342303999998	6.0012766464	9.061244992799999	0.0	1.0
513	0.0	90.92420086400001	-18.672612672	5.85323424	8.7731347536	0.0	1.0
513	0.0	12.227202848000008	79.670972976	12.1670051328	6.768589716	0.0	1.0
513	0.0	27.99491676800003	83.293717416	11.586168384	7.634006352000001	0.0	1.0
513	0.0	-59.20424137600001	-64.28279424	9.838760332800002	10.3760106408	0.0	1.0
513	0.0	12.817799456000003	86.300303712	8.7892000896	6.359258808	0.0	1.0
513	0.0	84.51522665600001	-45.608416391999995	8.3528307072	12.809835309599999	0.0	1.0
513	0.0	73.73254851200001	36.847981968	5.599442150400001	8.601459098400001	0.0	1.0
513	0.0	-11.187879135999982	67.38802929599998	3.8330863872	7.833433255200001	0.0	1.0
513	0.0	-46.13604016	79.006953984	9.04574496	9.7872216624	0.0	1.0
513	0.0	-87.30477078400001	-7.721326703999999	5.9366041728	10.406858767200001	0.0	1.0
513	0.0	-55.94237488	57.195880728	6.6687723648	10.309387536000001	0.0	1.0
513	0.0	83.97932816000002	38.71535942400001	7.8098178816	10.415928196800001	0.0	1.0
513	0.0	-84.034324192	43.08758865600001	6.6361680000000005	10.5730042824	0.0	1.0
514	0.0	-44.959852000000005	80.281895176	10.362896947200001	11.2615569864	0.0	1.0
514	0.0	-112.08122800000001	65.809217152	7.620877017600001	6.3561820392	0.0	1.0
514	0.0	85.29101033599999	36.644666464000004	5.2397216256000005	8.623318233600001	0.0	1.0
514	0.0	12.750588704000007	80.70118033600001	11.958365798400003	8.2610437896	0.0	1.0
514	0.0	-55.92378467200001	56.766935512	5.3987036544	8.3417436144	0.0	1.0
514	0.0	-11.212189407999992	67.46765586400001	3.9098067456	7.8107094072	0.0	1.0
514	0.0	84.089439392	-46.27445379200001	8.3530094592	12.772632549600003	0.0	1.0
514	0.0	-55.00070934400001	58.581223623999996	7.239777753599999	11.5719888816	0.0	1.0
514	0.0	-78.062219872	57.745669744	4.6132673664	7.3397827944000005	0.0	1.0
514	0.0	-18.24000304	92.38666780000003	11.5188861312	8.3448203832	0.0	1.0
514	0.0	12.923620639999998	86.519289808	9.8359718016	6.6453781968	0.0	1.0
514	0.0	-87.380919136	-7.1459984960000025	6.1847119487999995	9.986909990400001	0.0	1.0
514	0.0	91.66030160000001	-17.956115071999996	4.4903574912	9.802726164000001	0.0	1.0
514	0.0	-60.15341449599998	-62.89765244	9.4998822912	11.7760208832	0.0	1.0
514	0.0	84.34505475200002	38.077475463999995	7.4404447488	11.153186352	0.0	1.0
514	0.0	-83.76869872	43.24564266400001	6.398785344000001	9.8011375056	0.0	1.0
515	3.0	-44.11507004800001	81.177971504	10.6781797248	11.534766012	0.0	1.0
515	0.0	-77.75548144	57.896283200000006	4.811288832	6.81614892	0.0	1.0
515	0.0	83.836684064	-46.72370970400001	8.904852633600001	12.377760444000002	0.0	1.0
515	0.0	-11.284762719999996	67.59232793600002	3.9370843008000005	7.8302157192	0.0	1.0
515	0.0	-87.532500832	-6.212317215999998	6.3329331072	10.6843511376	0.0	1.0
515	0.0	-17.33730544000001	92.56885332799999	11.6728988544	8.0225841528	0.0	1.0
515	0.0	-54.491981152	59.372730032	7.1125063296	11.2277125296	0.0	1.0
515	0.0	91.210919072	-18.99076144	4.485995942400001	10.033363166400001	0.0	1.0
515	0.0	84.81481500800001	37.698200959999994	7.3171773695999995	11.429814009600001	0.0	1.0
515	0.0	-83.444800096	44.24166370400001	6.562307673600001	9.8935411176	0.0	1.0
515	0.0	-60.56633161599999	-62.150588248000005	9.953090112	10.520095924800001	0.0	1.0
516	0.0	75.904385312	33.36437361600001	3.8921460480000003	7.3076476536	0.0	1.0
516	0.0	33.343534112	71.98546370400001	10.0187993472	7.3846070928	0.0	1.0
516	0.0	83.089858208	-47.82250569600001	9.286416652800002	12.811202762399999	0.0	1.0
516	0.0	-54.006133216	59.74857100799999	7.3568603136	10.612439208000001	0.0	1.0
516	0.0	-43.5566488	81.367999776	10.7062080384	11.6077236408	0.0	1.0
516	0.0	-83.239235296	44.93604074399999	5.671729459199999	9.318909297600001	0.0	1.0
516	0.0	-16.782459231999994	92.664165384	11.9300514816	8.0452074528	0.0	1.0
516	0.0	-61.4854744	-60.624277056000004	10.2109934976	11.314686549600001	0.0	1.0
516	0.0	30.932169632000008	83.16077061600001	9.614712576	7.4554532136	0.0	1.0
516	0.0	91.30315510400003	-21.148327871999996	3.8821716864	7.6586808312	0.0	1.0
516	0.0	85.31782313600003	36.385036632	7.129702272	10.952331667200001	0.0	1.0
516	0.0	-87.666207328	-5.299147727999995	6.2143490304	10.699212132	0.0	1.0
517	0.0	88.67049564800003	-21.986101255999998	3.7438891391999998	11.2603303008	0.0	1.0
517	0.0	-82.715134432	45.77641348000001	5.6571075456	9.06641316	0.0	1.0
517	0.0	14.498068256000003	86.05031159199999	10.630238438400001	6.332110848000001	0.0	1.0
517	0.0	-52.96579657600001	61.93689023200002	7.3756292736	9.663266088	0.0	1.0
517	3.0	-43.020392799999996	82.03904968	10.9949997696	11.431261900800001	0.0	1.0
517	0.0	82.79741993600001	-48.883294544	8.6305398144	12.5120121336	0.0	1.0
517	0.0	86.734253984	34.564104904	5.0482782336	8.1049530744	0.0	1.0
517	0.0	33.89802281600001	71.48854804000001	9.9847649664	6.777900460800001	0.0	1.0
517	0.0	-62.411767264000005	-59.737048952	9.6805648128	11.1293363664	0.0	1.0
517	0.0	91.14478083200001	-21.264166615999997	3.7620145920000003	9.0630749664	0.0	1.0
517	0.0	-87.69051759999999	-4.610803567999995	6.2493129216	10.3722099264	0.0	1.0
518	0.0	15.662816288000004	80.34641719999999	12.032941132800001	8.182958212800001	0.0	1.0
518	0.0	-95.69109961600002	59.662084832	11.6494108416	10.417355978400002	0.0	1.0
518	0.0	-14.533401568	92.98590408800001	11.2456100736	7.3950439752	0.0	1.0
518	0.0	-75.64406281600002	63.32424408799999	6.332825856	11.775397485600001	0.0	1.0
518	0.0	88.37877238400002	-23.24074664800001	4.0558471296	10.3911732792	0.0	1.0
518	0.0	14.839127072000005	85.71728916800001	10.4766189696	6.1482889944000005	0.0	1.0
518	0.0	86.79502966400003	33.56947664	6.3767273472	10.1307539592	0.0	1.0
518	0.0	35.51358339199998	71.44972906400001	8.920761561600001	7.1505916776000005	0.0	1.0
518	0.0	-52.139604832	62.29242051200002	7.1672759424	8.9254649736	0.0	1.0
518	3.0	-42.523819744	82.491910424	11.3627998848	11.5383455208	0.0	1.0
518	0.0	91.017509408	-22.63122467200001	3.5539150886399997	7.3288230624	0.0	1.0
518	0.0	-82.224638944	46.56027824	6.274552704	9.7373096352	0.0	1.0
518	0.0	-87.64189705599999	-3.9948539680000077	6.1964738304	10.3873725648	0.0	1.0
518	0.0	-63.05241443199999	-58.722929272	10.276631232000002	11.3696259768	0.0	1.0
518	0.0	82.20539331199998	-49.54148920000001	7.356645811200001	12.343835548800001	0.0	1.0
519	3.0	31.41694505599999	83.09338111200002	11.834597913600001	7.954553376000001	0.0	1.0
519	0.0	87.99266806399999	-23.3712654	4.4553578495999995	11.916546768	0.0	1.0
519	0.0	16.469345311999994	80.05079863200001	12.248301542400002	7.722388044	0.0	1.0
519	0.0	-51.611213920000004	63.32282896800001	7.439550988800001	10.1211415704	0.0	1.0
519	0.0	35.21256502400003	71.186285856	10.559953152	6.8604503688000005	0.0	1.0
519	0.0	-52.373769952	62.142596543999986	5.793066316799999	7.807994611200001	0.0	1.0
519	0.0	-13.787290720000007	93.121033152	11.502834201599999	7.1332572024	0.0	1.0
519	0.0	87.011677088	32.745176687999994	6.1842114432	10.5232129128	0.0	1.0
519	0.0	81.816786464	-49.924182336	8.448677529600001	12.131679268800001	0.0	1.0
519	0.0	-82.577495392	47.14405247999999	5.407069248	9.3055364136	0.0	1.0
519	0.0	-43.66997756800001	80.912494992	7.3251497088	7.2156462336	0.0	1.0
519	0.0	-63.67161136000001	-57.405556824	9.9556283904	12.0096341064	0.0	1.0
519	0.0	77.26504553600002	31.177432272	4.4735905536	8.137812160800001	0.0	1.0
519	0.0	-13.731520096000002	95.514276648	11.350215744000002	11.8777151304	0.0	1.0
519	0.0	90.66429545599999	-22.534504944000002	3.5445735091200006	9.5112777312	0.0	1.0
519	0.0	-87.782396128	-3.217022088000001	5.979611904	10.491982704	0.0	1.0
520	3.0	32.46371676799999	82.93269796	12.0635792256	7.386577833600001	0.0	1.0
520	0.0	87.85967657599998	-23.972952080000002	4.2319893504	12.675804825599998	0.0	1.0
520	0.0	87.50253008	31.543821735999998	5.7606049536	9.5732957376	0.0	1.0
520	0.0	-50.96699171199998	64.899816352	7.9087392384	13.145444423999999	0.0	1.0
520	0.0	-41.60717948800001	81.972263464	10.0935176832	8.4532513464	0.0	1.0
520	0.0	16.204077344	80.828429416	10.2640470912	8.5641960096	0.0	1.0
520	0.0	77.56105884800003	30.454082512000014	4.6627816704	7.355568830400001	0.0	1.0
520	0.0	85.921289888	14.323367967999992	5.6559635328	9.37660374	0.0	1.0
520	0.0	35.70341801599999	71.22006253600001	5.4138975744	6.0679511424	0.0	1.0
520	3.0	-41.234302816	83.035458016	10.9231414656	10.5516881064	0.0	1.0
520	0.0	80.89156611199998	-51.819117392	8.974065408	13.221619588800001	0.0	1.0
520	0.0	-64.26792803200001	-56.801270792000004	9.998171366400001	10.8432370872	0.0	1.0
520	0.0	90.55489923200003	-23.633502032000003	3.27513704448	9.7927920216	0.0	1.0
520	0.0	-13.23923708800001	93.359726656	12.367850879999999	7.084129449600001	0.0	1.0
520	0.0	-82.405178464	48.340365135999996	5.5815312	8.7376815288	0.0	1.0
520	0.0	-87.886787296	-2.7406331119999954	6.45205344	10.463728716	0.0	1.0
521	0.0	88.11850947200001	-23.918462512	5.9833299455999995	14.277313260000001	0.0	1.0
521	0.0	-21.363157983999994	-88.25305461280001	7.049263872	5.1715255032	0.0	1.0
521	0.0	-12.573207135999992	95.83943398400002	11.4691573248	11.3852913552	0.0	1.0
521	0.0	-12.626475232000008	93.69856596800003	11.7856913664	7.1904690144	0.0	1.0
521	0.0	-65.14631536	-56.068082224	9.406645248	10.1188289664	0.0	1.0
521	0.0	78.28142940799998	29.635011056	5.4212621568	8.7098900616	0.0	1.0
521	0.0	87.81749110400001	30.812428136	5.4244081920000005	9.989343252	0.0	1.0
521	0.0	80.57481756799999	-52.36469828800001	8.7256716288	13.307628348	0.0	1.0
521	0.0	-82.014069088	48.721635704	7.6690685568	8.789524077600001	0.0	1.0
521	0.0	89.991830432	-25.034545311999995	3.7009886592	9.1872115272	0.0	1.0
521	0.0	-88.007981152	-1.9917590559999934	6.46009728	10.337742072	0.0	1.0
522	0.0	-40.15321071999999	84.125986728	10.9959650304	10.6949488968	0.0	1.0
522	0.0	-49.654594528000004	64.81312908000002	8.538268032	11.3439057984	0.0	1.0
522	0.0	78.811965344	28.419579384000002	6.0740644608	9.079323523200001	0.0	1.0
522	0.0	17.200440992000004	80.765270376	8.7439043328	8.296416576	0.0	1.0
522	0.0	34.00384399999998	82.68151415999999	10.4031161472	7.6644120672	0.0	1.0
522	0.0	-81.205752544	49.403142599999995	5.745911539200001	8.483938596	0.0	1.0
522	0.0	37.25248284800003	70.626211152	6.697694438400001	6.6215081016	0.0	1.0
522	0.0	-12.147062368000014	96.01739649599999	10.8988311936	11.5187989896	0.0	1.0
522	0.0	86.87546806399999	-24.55694976	4.1789357568	15.8803902432	0.0	1.0
522	0.0	89.97252521600002	-25.632008976000012	3.3743301043200002	9.3796000704	0.0	1.0
522	0.0	-66.041505376	-54.06175488	9.809552256	12.202284074400001	0.0	1.0
522	0.0	80.92874652800002	-52.776148152	9.0392741376	12.8488479336	0.0	1.0
522	0.0	87.87540675199999	30.386700456000007	6.734803353600001	10.9602749592	0.0	1.0
522	0.0	-88.08091196800001	-0.9647692320000076	6.529131302400001	10.9064817792	0.0	1.0
523	0.0	89.07197263999998	-25.466700615999994	4.23731616	12.066966575999999	0.0	1.0
523	0.0	-12.51564899199999	96.25349064800001	8.6120211072	11.086623576000001	0.0	1.0
523	0.0	89.26216476799998	-27.098795751999997	3.7299822336	8.3253744	0.0	1.0
523	0.0	18.18250448	86.18421173600001	9.8225296512	5.5202259672	0.0	1.0
523	0.0	86.68420342399999	-25.342624384000008	4.2120048768	15.867520099199998	0.0	1.0
523	0.0	34.5401	82.28455810400001	11.2307021568	7.4617274088	0.0	1.0
523	0.0	-11.148911199999995	93.731344616	12.1085174784	6.8562072432	0.0	1.0
523	0.0	88.84960515200002	28.769292775999997	5.7467695488	9.624756204	0.0	1.0
523	0.0	-88.2803992	-0.3795724239999904	6.144993254399999	10.4562680544	0.0	1.0
523	0.0	19.840250528000027	79.61058459200001	12.528620428799998	8.4257011944	0.0	1.0
523	0.0	-39.69381808	83.84626964	10.5965615616	9.7296076584	0.0	1.0
523	0.0	79.77365110400001	-53.445790384	9.0283702656	12.389323463999999	0.0	1.0
523	0.0	-66.618516832	-53.277674128	9.745737792	12.386709216	0.0	1.0
524	0.0	34.97589737600001	82.17998818400001	11.3429584128	7.545323016	0.0	1.0
524	0.0	86.87475305600002	9.91131428000001	5.774440358400001	9.3234540672	0.0	1.0
524	0.0	-71.48557628799999	65.91755576000001	7.7188331136	9.1847782656	0.0	1.0
524	0.0	-80.313780064	51.208589935999996	6.0506121984000005	9.181238976000001	0.0	1.0
524	0.0	-11.032364896000004	96.57242890400002	9.709343884799999	10.0922440752	0.0	1.0
524	0.0	22.44967222400001	78.268670984	9.3039343488	5.7910419504	0.0	1.0
524	0.0	18.863192096000013	85.771361648	10.192188787200001	6.1979194872	0.0	1.0
524	0.0	86.43716815999998	-27.812485456000008	4.1407543296	12.871913644800003	0.0	1.0
524	0.0	89.19852905600003	-27.477861712000006	3.42342612864	9.3421962144	0.0	1.0
524	0.0	-48.18775561599999	65.06189228	7.8926873088	8.280811526399999	0.0	1.0
524	0.0	89.51027254399999	26.972902207999994	5.0657244288	8.5180444776	0.0	1.0
524	0.0	-38.75823011200001	85.42829187199999	11.0795494656	11.5916359608	0.0	1.0
524	0.0	79.13443395200004	-54.114032392	9.5084623872	12.575136168	0.0	1.0
524	0.0	-88.3876504	0.3369326240000038	5.8081529856000005	10.3698772128	0.0	1.0
524	0.0	-10.502901472000003	93.98774201599998	12.3866555904	6.750591624	0.0	1.0
524	0.0	-67.22091107199999	-52.54528249599999	9.3166972416	11.618522496	0.0	1.0
525	0.0	85.876601888	-28.6323464	3.9837743232000005	11.263849480800001	0.0	1.0
525	0.0	85.89054454400002	-31.036650176000002	3.7965137280000003	8.4377669544	0.0	1.0
525	0.0	79.214872352	-54.63104276000001	9.0930069888	11.4282253512	0.0	1.0
525	0.0	-100.065876064	17.193410079999996	5.8113347712	5.8465444464	0.0	1.0
525	0.0	-49.018237408000005	71.406076336	4.3369525248	11.605652352	0.0	1.0
525	0.0	-11.838178912000002	71.558104912	4.0007557632	14.320870653600002	0.0	1.0
525	0.0	-79.93125078400001	51.870806511999994	5.983544447999999	8.4986789328	0.0	1.0
525	0.0	-38.748935008	83.56594926400001	9.9564506496	7.3812688992	0.0	1.0
525	0.0	35.664807584000016	81.755481976	11.3686272	7.865749382400001	0.0	1.0
525	0.0	-88.413390688	0.8215814320000066	5.9788253952	10.6440917184	0.0	1.0
525	0.0	-9.471144928000006	94.08930294400001	12.1564945152	6.8994428832	0.0	1.0
525	0.0	19.809147680000017	85.93586562400002	9.449974732800001	6.5390989608000005	0.0	1.0
525	0.0	89.39730128	26.736621856000017	6.053758233600001	10.119452364	0.0	1.0
525	0.0	88.76952425600001	-28.69870808	3.4031520768	9.995778324	0.0	1.0
525	0.0	-67.91697135999999	-51.66085484	9.5045655936	11.822474059200001	0.0	1.0
526	0.0	89.34975324800001	25.88156911199999	6.9818743680000015	10.5421963752	0.0	1.0
526	0.0	-95.73221257600001	59.734471944000006	11.535402816000001	10.4111823312	0.0	1.0
526	0.0	-37.908443104	84.68465376	10.222254873599999	9.4584297024	0.0	1.0
526	0.0	78.32039734399999	-56.299729920000004	10.1517193344	12.601117771200002	0.0	1.0
526	0.0	-80.975519968	-41.441751960000005	9.466169664	15.912384616799999	0.0	1.0
526	0.0	-47.99720598400001	72.496024104	4.4341578624	10.5367466736	0.0	1.0
526	0.0	-11.829956319999996	71.460379704	4.0006842624	14.337782827200002	0.0	1.0
526	0.0	85.45188713600002	-30.116427431999995	4.304955916800001	11.376704556	0.0	1.0
526	0.0	-70.66939465600001	68.85940404	7.9491371904	14.638421347200001	0.0	1.0
526	0.0	36.59217296	81.68369815199999	11.923509158400002	7.4371735872	0.0	1.0
526	0.0	-79.87869769600002	52.434888240000014	5.9255930496	9.047107944	0.0	1.0
526	0.0	19.98682716799998	86.684955672	10.18975776	7.5264803208	0.0	1.0
526	0.0	-39.043518304	83.770471344	8.172148185600001	7.5971454552	0.0	1.0
526	0.0	-100.07338364799999	17.238664128000007	6.0699174144	6.264723578400001	0.0	1.0
526	0.0	-8.603840224000008	94.29402612000003	12.2634239616	7.5804745968	0.0	1.0
526	0.0	-8.575954912000006	95.88610315200002	12.068798783999998	10.7844165072	0.0	1.0
526	0.0	22.422501920000023	77.959802424	11.95404	6.362597001599999	0.0	1.0
526	0.0	85.44759708799998	-31.722983376	4.03353888	8.8258822344	0.0	1.0
526	0.0	20.236364960000017	85.519805448	9.859602816	5.4327894264	0.0	1.0
526	0.0	88.45813827199999	-29.308222607999998	3.5159338636800004	10.403218929600001	0.0	1.0
526	0.0	-68.87543958399999	-49.939063440000005	9.0479972352	12.4555644864	0.0	1.0
526	0.0	-88.41803824	1.4858089680000033	6.1535018496	10.4806609992	0.0	1.0
527	0.0	-70.165314016	68.37014492	8.7576682368	13.117351312800002	0.0	1.0
527	0.0	-37.86339759999999	85.69154888	9.3082601472	10.6463037744	0.0	1.0
527	0.0	-70.511377888	66.32338983199999	8.2913400192	9.419075215200001	0.0	1.0
527	0.0	-11.792775904000006	71.35943696000001	3.93433152	14.415727636799998	0.0	1.0
527	0.0	-80.96193481600001	-41.52580264	9.5311996416	15.928512516000001	0.0	1.0
527	0.0	-7.859516895999991	93.77681465600001	11.9441371392	6.383792520000001	0.0	1.0
527	0.0	41.12997123200002	68.67319659200001	11.313142579199999	8.3912735592	0.0	1.0
527	0.0	-39.03207817599999	84.223950272	7.3277952384	7.9492846608	0.0	1.0
527	0.0	77.27612816000003	-57.166044039999996	9.5007760512	12.4054915824	0.0	1.0
527	0.0	85.11762089599999	-31.566724335999996	4.0508063232	10.337601304800002	0.0	1.0
527	0.0	20.79013865600001	85.55701565599999	9.9077943552	5.6602290023999995	0.0	1.0
527	0.0	-7.9181475519999935	95.365674152	12.104656435199999	9.5542921656	0.0	1.0
527	0.0	90.25102083200001	24.042754735999985	6.064340351999999	10.1101416192	0.0	1.0
527	0.0	-79.557659104	52.53504149600001	5.8017179136	8.6074316496	0.0	1.0
527	0.0	88.09205417599999	-30.070972288000004	3.7728827136	10.6450770888	0.0	1.0
527	0.0	-88.434840928	2.020932872000003	5.975178854399999	10.5874831944	0.0	1.0
527	0.0	-69.40275798399999	-49.187761335999994	9.4639173888	12.6064267056	0.0	1.0
528	0.0	-36.43802915200002	86.11265135200001	11.1319953024	11.175005268	0.0	1.0
528	0.0	-95.49554492800002	59.39282473600001	12.026756313600002	10.7298993816	0.0	1.0
528	0.0	-38.444341599999994	84.68828838399999	7.295870131200001	8.419648204800001	0.0	1.0
528	0.0	21.611682847999983	85.32616489600001	10.166341248	5.822272159200001	0.0	1.0
528	0.0	-99.97078000000002	17.09288442400001	6.599166336	6.707014120800001	0.0	1.0
528	0.0	-80.948349664	-41.697933367999994	9.4573750656	15.790681317599999	0.0	1.0
528	0.0	-6.611112928000004	93.71769987999998	11.557568064000002	6.2241021864	0.0	1.0
528	0.0	-69.826757728	69.48764284	8.071725312000002	14.2254707112	0.0	1.0
528	0.0	76.55039504000001	-59.614179296	8.7076891776	8.2181701224	0.0	1.0
528	0.0	76.76167990400002	-57.84936079999999	9.3071876352	11.9310055704	0.0	1.0
528	0.0	-70.047337696	-48.29046353599999	9.2638224	12.3292761984	0.0	1.0
528	0.0	-11.843183968000004	71.259901888	4.0336818816	14.35272426	0.0	1.0
528	0.0	-6.8978311360000095	94.98299591199999	11.8862214912	8.7808970592	0.0	1.0
528	0.0	-79.07467120000001	52.832268832000004	5.967492518400001	9.0950492304	0.0	1.0
528	0.0	87.635879072	-30.671437495999996	3.9703679232000004	12.0322976256	0.0	1.0
528	0.0	-88.44377852800001	2.7058732959999907	6.042890112	10.5007907088	0.0	1.0
528	0.0	90.31715907200001	22.98318736000001	6.1919692799999995	10.3974474744	0.0	1.0
529	0.0	85.589168672	-33.49542117600001	4.9500718848	10.2721043376	0.0	1.0
529	0.0	22.674542240000008	85.23628243200001	8.904209126400001	5.9454233496	0.0	1.0
529	0.0	-11.491042528	68.207674248	3.5260262016	8.510704473599999	0.0	1.0
529	0.0	-29.193568096000018	-84.8807581104	5.555433408000001	5.4371532096	0.0	1.0
529	0.0	-11.758455520000014	71.157953664	3.9258944256	14.346168530399998	0.0	1.0
529	0.0	76.21791632000003	-58.515785496	9.4503679872	11.7829788048	0.0	1.0
529	0.0	-70.63364425600001	-47.330222688000006	9.332463168	12.163271450400002	0.0	1.0
529	0.0	-69.341267296	69.54275059199999	8.3259464064	14.253583932	0.0	1.0
529	0.0	87.768513056	3.538015991999984	5.4374213376	10.3386067848	0.0	1.0
529	0.0	-38.193016288	84.50228203200001	6.837442751999999	8.055041047200001	0.0	1.0
529	0.0	-99.930739552	17.251958807999994	6.2299362047999995	6.5879250696	0.0	1.0
529	0.0	-95.52700528	59.357037096	11.9521809792	10.6575249312	0.0	1.0
529	0.0	-80.961577312	-41.786207064	9.4057872384	15.868787004	0.0	1.0
529	0.0	43.670037152	67.197166848	9.4746425088	7.3952450712	0.0	1.0
529	0.0	-6.188543199999998	94.84726356000002	12.112056768000002	8.4348510624	0.0	1.0
529	0.0	-5.827821664000001	93.65395989600003	11.774930496	6.152290804800001	0.0	1.0
529	0.0	87.36453353600002	-33.082571088	3.5779715328000004	9.8473493664	0.0	1.0
529	0.0	-78.99065775999999	52.947705384	5.814159052799999	8.164779134400002	0.0	1.0
529	0.0	-88.57104995200001	3.2667374879999898	5.872682457600001	10.5500592288	0.0	1.0
529	0.0	24.497812639999992	78.719565456	12.671407526400001	10.2734114616	0.0	1.0
529	0.0	91.367505824	21.590403912000003	5.1576029568	9.5621751288	0.0	1.0
530	0.0	-112.239244768	65.942737448	7.4459860608	6.324268104	0.0	1.0
530	0.0	-70.02803248000001	66.23392445600001	5.4635906304	7.8024644711999995	0.0	1.0
530	1.0	-41.844919648	71.778744464	5.860312819200001	6.727264487999999	0.0	1.0
530	0.0	75.66557264000002	-59.318955472	10.1667702528	12.1923700416	0.0	1.0
530	0.0	-69.213638368	69.489869792	7.1478992256	14.258410236	0.0	1.0
530	0.0	39.63310198399999	79.72183536800001	11.0440493184	7.8637384224	0.0	1.0
530	0.0	44.75684931200001	66.76200255200001	8.139114816	7.0266763224	0.0	1.0
530	0.0	25.165272608	78.017546768	12.681203136000002	9.6551820288	0.0	1.0
530	0.0	-80.926184416	-42.16023817600001	9.223960704	15.783924492	0.0	1.0
530	0.0	-35.30581398399999	86.260874	11.1178023936	10.1304925344	0.0	1.0
530	0.0	-95.41117398399999	59.22753872	12.1083387264	10.7910325656	0.0	1.0
530	0.0	-11.8281688	71.10426848	3.9684374015999997	14.183200332	0.0	1.0
530	0.0	-45.30984841600001	68.33296450400002	4.8948017664000005	8.0267066208	0.0	1.0
530	0.0	-100.27823344000001	17.659788944	7.7155083264	7.5347252568	0.0	1.0
530	0.0	-5.2147023039999905	93.76919535199998	12.1625363328	6.0993020088	0.0	1.0
530	0.0	-78.700722016	53.199082831999995	5.6957894784	8.873401219200002	0.0	1.0
530	0.0	-71.37439254399999	-46.095887991999994	8.956762214400001	12.8069797464	0.0	1.0
530	0.0	-88.676513632	3.999739855999992	5.7725813376	10.5088948776	0.0	1.0
530	0.0	22.765348256	85.096729256	9.8928864384	5.943412389600001	0.0	1.0
530	0.0	86.65345808000001	-33.46766248000001	3.8779531392	11.1664787976	0.0	1.0
530	0.0	91.318170272	20.27805886400002	5.5085646336	9.8924753088	0.0	1.0
531	3.0	23.62443036799999	85.29401188	9.7720858368	6.5173604832	0.0	1.0
531	0.0	-4.000261216000009	93.632658616	11.462293248000002	6.317028648	0.0	1.0
531	3.0	39.85439696	78.92067635200002	11.4229320576	10.0771618752	0.0	1.0
531	0.0	-11.574698464000006	68.453026264	3.577900032	9.1726521768	0.0	1.0
531	0.0	-43.858382176000006	68.40838295200001	6.4511239296000005	7.509930120000002	0.0	1.0
531	0.0	-34.68304201600001	86.32583545600001	11.335665331200001	9.9909118008	0.0	1.0
531	0.0	-95.404023904	59.200599304	12.1661113728	10.6676802792	0.0	1.0
531	0.0	-72.28459772800002	-44.705301704	8.3150425344	11.729064967200001	0.0	1.0
531	0.0	-30.012252255999993	-84.6070917776	4.0497338112	5.2771009032	0.0	1.0
531	0.0	-100.628229856	18.166357215999994	9.3232395648	8.9501394528	0.0	1.0
531	0.0	-11.803143519999995	70.99105888	4.106112192	14.2571835504	0.0	1.0
531	0.0	-80.932619488	-41.86341303200001	9.313193702400001	16.075855555200004	0.0	1.0
531	0.0	-35.48706851200001	84.807158464	9.7352629248	6.9705705384000005	0.0	1.0
531	0.0	-77.97677641599999	54.06903157599998	6.178634380800001	9.541100268000001	0.0	1.0
531	0.0	75.02814300800003	-60.931939039999996	10.2266521728	12.789243079200002	0.0	1.0
531	0.0	86.45504335999999	-35.027154512	3.6943748352	9.727657027200001	0.0	1.0
531	0.0	91.11939804800004	19.593736623999998	6.802478860800001	10.6439509512	0.0	1.0
531	0.0	-88.696533856	4.656526839999998	5.6127770496	10.5098199192	0.0	1.0
531	0.0	26.14662108800002	77.94837719200001	12.744445593599998	10.7848186992	0.0	1.0
532	0.0	24.107418271999997	78.913042152	6.968110464000001	9.1838934432	0.0	1.0
532	0.0	-43.390051936	68.95034412	5.2768662912	7.092897235200001	0.0	1.0
532	0.0	27.048603679999996	77.97875013600002	12.4773186048	11.1668809896	0.0	1.0
532	0.0	83.11059344000002	15.569612015999992	4.2316318464	7.7129968608	0.0	1.0
532	0.0	-69.41634313600001	69.803795544	5.312151936	12.560898571200001	0.0	1.0
532	0.0	24.844591519999987	85.27330644	8.5471698816	6.708723436800001	0.0	1.0
532	0.0	-35.817759712000004	85.290801792	7.613405184	7.749817538400001	0.0	1.0
532	0.0	-95.40223638399999	59.064263664000016	12.143338368	10.7483398848	0.0	1.0
532	13.0	-13.248889696000004	6.772265303999992	22.2347110272	4.906440756	0.0	1.0
532	0.0	-11.739507807999992	70.900573128	4.2070713216	14.3303623848	0.0	1.0
532	0.0	-77.76513404800001	54.722399928	6.0756374784	9.9173911032	0.0	1.0
532	0.0	-32.47044976000001	-83.1438293952	8.849153510399999	6.873622156800001	0.0	1.0
532	0.0	-3.5136982719999916	93.61416523199999	12.062292211199999	6.353809106400001	0.0	1.0
532	0.0	-80.936194528	-42.03252732000001	9.2340423168	16.058621628	0.0	1.0
532	0.0	-4.154702944000005	95.68806828000001	13.349735616	10.393586431200001	0.0	1.0
532	0.0	86.07966416000002	-34.53848378399999	3.7115707776	11.8977040728	0.0	1.0
532	0.0	-72.50625020800001	-44.36966503199999	8.7447623424	12.1260686904	0.0	1.0
532	0.0	91.50085481599999	18.65804438400001	7.1879396736	11.270525868	0.0	1.0
532	0.0	-88.71119152	5.249566392000006	5.5367359488	10.65708252	0.0	1.0
532	0.0	74.40358352000001	-61.507267248	10.2419175936	12.04112574	0.0	1.0
533	0.0	-68.44893731200001	70.40890085600002	6.3734383104	12.9971964528	0.0	1.0
533	0.0	-69.10495715200001	67.32147396799999	5.064759168	7.1464893192000005	0.0	1.0
533	0.0	-41.30401609600001	73.78610708000001	8.400771993600001	15.328643148000001	0.0	1.0
533	0.0	45.167621407999995	67.57847465600001	11.7220914048	10.4639700312	0.0	1.0
533	0.0	-42.71115184	69.212379656	5.55561216	6.567373058399999	0.0	1.0
533	0.0	-34.931507296	85.733622632	7.7662023936	7.959982968	0.0	1.0
533	0.0	25.732988960000014	84.672237944	8.3616968064	5.4159375816	0.0	1.0
533	0.0	91.91055440000002	17.573742199999995	6.9207769344	10.8844818768	0.0	1.0
533	0.0	-95.40902896	58.957690232	12.143409868800003	10.760345316	0.0	1.0
533	0.0	-3.50762070400001	95.62875240800001	13.047108480000002	10.356645096	0.0	1.0
533	0.0	-100.47879318400001	18.164361151999998	9.4561953024	8.9434228464	0.0	1.0
533	0.0	-2.6449635520000054	93.43801258399999	11.210967936	5.9945108832	0.0	1.0
533	0.0	-11.815656160000009	70.75136734399999	4.3478563968	14.4545190552	0.0	1.0
533	0.0	-73.328509408	-43.660593088	7.9000518912	11.2237509384	0.0	1.0
533	0.0	-80.914386784	-42.077565376	9.3509818752	15.945444799199999	0.0	1.0
533	0.0	-77.463400672	55.647650072	5.715058944	9.0992119176	0.0	1.0
533	0.0	85.664244512	-36.71614492	3.6584456832000005	10.7212120344	0.0	1.0
533	0.0	27.63848528000002	77.879013968	12.3091844736	11.8976236344	0.0	1.0
533	0.0	73.666767776	-62.175300712	10.6532259456	11.7396023976	0.0	1.0
533	0.0	-88.63075312	5.670266671999991	5.6979345024	10.5499586808	0.0	1.0
534	13.0	-13.237449567999994	6.65121296000001	22.1887360128	4.9519487808000004	0.0	1.0
534	0.0	-95.42761916799999	58.958494615999996	12.083456448000002	10.7584751232	0.0	1.0
534	0.0	-40.404536032	70.49094802399999	8.84733024	7.914736368	0.0	1.0
534	0.0	25.901730848000017	84.67806972800001	9.262571136	6.246745596	0.0	1.0
534	0.0	101.91744886400001	-44.127538	7.441195507200001	8.5929125184	0.0	1.0
534	0.0	-68.050677856	70.60476836000001	6.3192049536	11.8864024776	0.0	1.0
534	0.0	-68.41032687999999	68.61995084	5.7936025728	8.128340539200002	0.0	1.0
534	0.0	46.65519555200003	65.530714088	5.440674624	6.4790919144000005	0.0	1.0
534	0.0	-80.927971936	-42.142921576	9.3297461376	15.747164143200003	0.0	1.0
534	0.0	-32.501552608	87.047986088	11.8497560832	9.92810952	0.0	1.0
534	0.0	85.10189071999999	-38.819810176	3.9789480192	9.3556093176	0.0	1.0
534	0.0	-73.60736252800001	-42.619720192	8.5433445888	12.1195129608	0.0	1.0
534	0.0	73.08796879999998	-62.92337783199999	10.3399451904	11.8989307584	0.0	1.0
534	0.0	-76.816675936	56.18316872000002	6.0273029376	9.742497912000001	0.0	1.0
534	0.0	91.93164713600002	16.328756863999992	6.721218201599999	11.217154989600001	0.0	1.0
534	0.0	-88.63432816	6.46841669599999	5.536306944	10.5442877736	0.0	1.0
534	0.0	-2.067952096000004	93.69038806400002	12.476353344000001	6.1253439408	0.0	1.0
535	0.0	-66.129808864	70.529960648	7.880639424000001	10.200795696	0.0	1.0
535	0.0	101.941401632	-44.11708100800001	7.4263948416000005	8.6064663888	0.0	1.0
535	13.0	-13.206704223999992	6.707117647999994	22.2538017408	4.9362632928	0.0	1.0
535	0.0	-88.74336688	7.348010599999994	5.6645078784	10.3445592264	0.0	1.0
535	0.0	83.958592928	12.199049407999984	4.5610717824	8.5757590296	0.0	1.0
535	0.0	72.88419151999999	-63.188422360000004	9.9183407232	11.4427444824	0.0	1.0
535	0.0	29.092811552	77.220424568	12.013635916800002	11.177277652799999	0.0	1.0
535	0.0	-31.79297968	87.0825746	11.5112355456	9.5580325512	0.0	1.0
535	0.0	-80.932261984	-42.24829588	9.3025400832	15.3793997784	0.0	1.0
535	0.0	-1.1856322240000026	93.64654913599999	11.8689182976	6.124619995200001	0.0	1.0
535	0.0	-76.59323593599999	56.444191327999995	5.802718924800001	9.26197902	0.0	1.0
535	0.0	92.24231811199999	15.212070776000008	6.9107668224	11.1123035352	0.0	1.0
535	0.0	84.499853984	-39.960426688	4.2906200064	8.081243856	0.0	1.0
536	0.0	-39.041015775999995	71.451181424	8.5231456128	7.0679814408	0.0	1.0
536	0.0	27.08006403200003	84.09830996000001	9.6615456	5.4036707256	0.0	1.0
536	0.0	101.95534428800002	-44.10964045600001	7.4370484608	8.6700931632	0.0	1.0
536	0.0	84.29321667199999	10.610391008000018	4.7472241152	8.889006268800001	0.0	1.0
536	0.0	-65.79018006400001	70.295281616	6.920133427200001	8.7362336376	0.0	1.0
536	0.0	88.14532227200002	-5.541840807999997	5.5945800960000005	8.877362810400001	0.0	1.0
536	0.0	92.83291471999999	13.743064496000004	5.6621126016	10.8987596928	0.0	1.0
536	0.0	-95.45800700800001	58.96130996	12.0188197248	10.6102673712	0.0	1.0
536	0.0	-74.97195529600002	-40.014923704	7.1029967231999995	11.137440535200001	0.0	1.0
536	0.0	-35.16674492800001	-81.467847664	10.916992396800001	6.636791397600001	0.0	1.0
536	0.0	72.13629315200002	-64.466789632	10.448411904	11.69021322	0.0	1.0
536	0.0	-81.01663292799999	-41.992300672	9.387876288	16.104089433600002	0.0	1.0
536	0.0	-31.132669791999998	87.317655824	11.4830642304	9.1556193456	0.0	1.0
536	0.0	84.35041731200003	-40.187665168	3.7086392448	9.5716869696	0.0	1.0
536	0.0	-88.669006048	8.052248792000011	5.5547184000000005	10.3994986536	0.0	1.0
536	0.0	29.998726687999998	77.044666664	12.6488847744	12.250466676	0.0	1.0
536	0.0	-76.12740822399999	56.88559704800001	5.9741778432	9.353477700000001	0.0	1.0
536	0.0	-0.4977945280000052	93.71270972	12.217341696	6.1963509384	0.0	1.0
537	0.0	87.85073897600003	-6.077761647999996	5.268893952	9.5213526408	0.0	1.0
537	0.0	101.964639392	-44.075051944	7.48255872	8.7152392152	0.0	1.0
537	0.0	-95.42904918400001	58.94823872	12.0852082176	10.625409900000001	0.0	1.0
537	0.0	45.270582559999994	75.49240664	8.9632687872	9.6524270136	0.0	1.0
537	0.0	71.02338319999998	-65.18550673600001	10.9822368768	11.6666045496	0.0	1.0
537	0.0	-80.961219808	-41.869632112000005	9.4711389696	16.1138828088	0.0	1.0
537	0.0	-37.72146851200001	73.204336352	9.5960508672	9.939873636	0.0	1.0
537	0.0	-64.94182307199999	70.910836472	8.593788403200001	9.2985181632	0.0	1.0
537	0.0	93.20543388800002	12.821642624000017	5.912758656000001	10.7487018576	0.0	1.0
537	0.0	84.33969219200002	9.674088032000007	4.3980499584	7.848052934400001	0.0	1.0
537	0.0	-30.531348064000007	88.023502784	11.7910539264	9.3801028104	0.0	1.0
537	0.0	-38.43540399999999	72.23083061599999	8.340282316800002	7.932292048800002	0.0	1.0
537	0.0	83.85098422400002	-41.320841128000005	4.093957056	10.522046556000001	0.0	1.0
537	0.0	-88.580345056	8.57690825599999	5.7416572416000005	10.2603402216	0.0	1.0
537	0.0	-75.29978646400001	-39.20209367200001	7.592634201600001	11.8320663384	0.0	1.0
537	0.0	31.04728592000001	74.085337928	11.3989077888	6.740697700800001	0.0	1.0
537	0.0	0.16323036799999108	93.84402540800001	12.523436620799998	6.165402264	0.0	1.0
537	0.0	27.681743264000033	84.012441968	10.061628326400001	5.9759296128	0.0	1.0
537	0.0	-75.854275168	57.64533773600001	5.6144930688	9.7006297248	0.0	1.0
538	0.0	31.715103392000007	73.98578796000001	11.8679887872	7.449179018399999	0.0	1.0
538	0.0	-80.804633056	-42.22014988799999	9.5417102592	15.344972143200001	0.0	1.0
538	0.0	92.94803100800003	11.982662663999992	6.618292800000001	11.4995339928	0.0	1.0
538	0.0	28.81860598400001	84.178137624	9.051322022399999	5.908401576	0.0	1.0
538	0.0	31.396924831999986	76.427696688	11.8586579328	12.088081655999998	0.0	1.0
538	0.0	-29.820987615999993	88.22881435200001	11.8008852864	9.4888354176	0.0	1.0
538	0.0	-64.659752416	71.80168430399999	8.6398706688	10.0505367648	0.0	1.0
538	0.0	-75.66229552	-38.110149840000005	8.1016126464	12.8830543632	0.0	1.0
538	0.0	-75.169297504	58.49656965600001	6.3508083072	9.209472854400001	0.0	1.0
538	0.0	-88.565687392	9.289585031999998	5.798178624	10.5064415064	0.0	1.0
538	0.0	83.450937248	-41.2844502	3.9851328384	10.4469975288	0.0	1.0
538	0.0	0.9715469119999998	93.96588213600002	12.22127424	6.0869144952	0.0	1.0
539	13.0	15.42185859199998	3.098636127999998	21.7630202496	4.1487311376	0.0	1.0
539	0.0	-80.82179324799999	-42.03695888	9.5107861632	15.3777709008	0.0	1.0
539	3.0	-35.966481376000004	74.23574284000001	9.5221547904	9.1209906144	0.0	1.0
539	0.0	101.97536451200001	-43.87276426400001	7.528819737599999	8.7605260344	0.0	1.0
539	0.0	-95.358620896	59.10085568800001	12.2375764224	10.7064113688	0.0	1.0
539	0.0	49.90669443200001	68.98572956800001	12.511889241599999	19.011696278400002	0.0	1.0
539	0.0	82.47316380800001	-40.518885176000005	4.7221273344000005	13.965674788800001	0.0	1.0
539	0.0	69.62697257600001	-66.293761688	10.2638325888	12.1713957288	0.0	1.0
539	0.0	-64.04055548800001	71.79785603200001	8.205968064	9.252909590400002	0.0	1.0
539	0.0	29.620487456000006	84.076777792	8.877539328	5.7317186304000005	0.0	1.0
539	0.0	-28.993723360000004	88.749042256	12.244261747200001	8.805933511200001	0.0	1.0
539	0.0	82.83102531200001	-41.78940970399999	4.275962342400001	10.893973608	0.0	1.0
539	0.0	-76.013721952	-36.84807879200001	7.9952552064	12.959048541600001	0.0	1.0
539	0.0	-74.889014368	58.932337239999995	6.1689460224	8.7651512424	0.0	1.0
539	0.0	84.64678812799998	7.533406215999992	4.6531648128	8.05288932	0.0	1.0
539	0.0	32.292114848000004	76.37198564799999	12.233000371200001	12.3679670688	0.0	1.0
539	0.0	-88.603582816	10.088531992000018	5.7299668608	9.983310372	0.0	1.0
539	0.0	93.176833568	11.179477791999982	6.7736997888	11.3486114448	0.0	1.0
539	0.0	1.7991686719999973	94.12916464	12.686672947200002	6.21286092	0.0	1.0
540	3.0	2.431593247999997	94.03203527200002	12.2796188928	6.0944354856	0.0	1.0
540	0.0	-80.761732576	-41.812937936000004	9.5252650752	15.814893276000003	0.0	1.0
540	0.0	102.00575235200002	-43.794336824000005	7.524315187200001	8.8970501088	0.0	1.0
540	0.0	81.945487904	-41.455590343999994	4.938059750400001	13.072285699199998	0.0	1.0
540	0.0	52.54149891200001	62.664477903999995	8.6827711488	7.0687657152000005	0.0	1.0
540	0.0	-11.773828191999984	70.30954453599999	4.463616192	14.0181206256	0.0	1.0
540	0.0	-28.42707951999999	89.067980512	12.413432640000002	8.9774482896	0.0	1.0
540	0.0	33.20089001599998	75.255902848	12.665329958400001	10.644433581600001	0.0	1.0
540	0.0	-35.233598176000015	74.858336056	9.5232273024	8.91408294	0.0	1.0
540	0.0	29.97262889600001	83.78941160800001	10.0016749056	5.960083248	0.0	1.0
540	0.0	-95.34646576	59.13926502400001	12.163465843200001	10.6727277888	0.0	1.0
540	0.0	-76.64507401600001	-35.50133888	7.6921990656000006	13.417145229600001	0.0	1.0
540	0.0	84.91241360000001	6.113065168000003	4.2349208832	7.445780496000001	0.0	1.0
540	0.0	-63.51609712000001	72.84657167200001	8.725063872	10.9985234184	0.0	1.0
540	0.0	82.190735648	-42.684085808	4.362263808	10.2719032416	0.0	1.0
540	0.0	-88.51563683200001	10.73264248	5.7310393728	9.98994654	0.0	1.0
540	0.0	69.32559670399999	-67.37746803200001	10.4924206464	12.4843011048	0.0	1.0
540	0.0	93.5193224	10.285807167999998	6.895644403200001	10.622091816000001	0.0	1.0
540	0.0	-74.36026595199999	62.048721951999994	6.535709376	13.932855921600002	0.0	1.0
541	3.0	3.360031136000009	93.98296784800002	12.3221618688	6.1421354568	0.0	1.0
541	0.0	84.54525699200002	5.34568283199999	4.3714874112	7.9837726248	0.0	1.0
541	0.0	68.79720579200001	-68.018159888	11.2791796992	11.446545196799999	0.0	1.0
541	0.0	-73.708178656	61.093515952	6.383090918400001	10.585995084	0.0	1.0
541	0.0	-95.40938646400001	59.18089189599999	11.9773850112	10.622292911999999	0.0	1.0
541	0.0	94.15031696000003	8.387460927999998	5.7250333056	10.673612611200001	0.0	1.0
541	0.0	102.03113513599999	-43.827919856	7.5361128192	8.9278177968	0.0	1.0
541	0.0	-63.182545888	73.19949515200001	8.7623157888	10.815928250399999	0.0	1.0
541	0.0	-88.490611552	11.750389335999994	5.785093977600001	10.0628036208	0.0	1.0
541	0.0	-27.803235040000004	89.21377511200001	12.238041177600001	8.5665086136	0.0	1.0
541	0.0	30.72195728000001	83.705554576	9.6738437376	6.569886758400001	0.0	1.0
541	0.0	-11.78598332800001	70.23111709599999	4.5292181760000005	13.7973172176	0.0	1.0
541	0.0	-77.207785312	-34.565236999999996	7.7915494272000005	12.8270290176	0.0	1.0
541	0.0	-34.44923439999999	75.316030552	9.3917015808	8.832940704	0.0	1.0
541	0.0	33.86620495999998	74.751151888	12.510065971199998	10.9450721016	0.0	1.0
541	0.0	81.94048284800003	-44.003275568	3.8045933184000003	8.987885172	0.0	1.0
542	0.0	-27.116827359999995	88.61310135999999	12.092930304000001	7.205671872	0.0	1.0
542	0.0	-87.96257814399999	14.249811519999993	5.614564569600001	7.409422339200001	0.0	1.0
542	0.0	34.66808643199998	73.727774344	11.8445365248	8.9731649448	0.0	1.0
542	0.0	32.45942671999998	77.043445192	7.642255756799999	8.993817504	0.0	1.0
542	0.0	-100.17348476800001	20.25634794400001	10.1173989504	5.500639216800001	0.0	1.0
542	0.0	102.074035616	-43.856274392	7.517308108799999	8.9050135104	0.0	1.0
542	0.0	67.89021814400002	-68.614409528	11.1844053888	10.9355200416	0.0	1.0
542	0.0	-95.36219593599999	59.15696147199999	12.077664883200002	10.621709733600001	0.0	1.0
542	0.0	-88.29469936	12.655120239999997	6.170376038400001	9.5895241848	0.0	1.0
542	0.0	-62.474687968	73.70947460800001	8.7868405632	10.538838071999999	0.0	1.0
542	0.0	31.603562143999994	83.30477024800001	9.5014195584	5.9552368344	0.0	1.0
542	0.0	-33.639845344	75.309997672	9.7829539584	7.5577105296000004	0.0	1.0
542	0.0	81.302695712	-44.82414944	4.0289985792000005	9.193948243200001	0.0	1.0
542	0.0	85.022167328	3.6349591600000184	4.4132438784	7.5578311872	0.0	1.0
542	0.0	94.41880246400002	6.971141800000015	5.675268748800001	10.6145708256	0.0	1.0
542	0.0	-77.649660256	-33.64120088000001	7.650406847999999	12.564779724	0.0	1.0
542	0.0	4.208030623999997	94.00730046400001	12.553037952	6.2537638464	0.0	1.0
543	3.0	4.8597604160000065	93.85044558400001	12.6249677568	6.324127336799999	0.0	1.0
543	0.0	-100.27108335999999	20.274245488000016	9.828857472000001	5.4183105144	0.0	1.0
543	0.0	102.08690576	-43.781265583999996	7.618052736	8.9561522232	0.0	1.0
543	0.0	-73.58090723200002	61.367810895999995	5.2305695232	9.1771366176	0.0	1.0
543	0.0	66.82128118400001	-69.26334632000001	10.703205004800001	11.4118762464	0.0	1.0
543	0.0	80.87655094400004	-46.603446848	4.0058680704	8.0901322992	0.0	1.0
543	0.0	-95.36469846400001	59.209648623999996	12.0773431296	10.5715362816	0.0	1.0
543	0.0	85.20985692800001	2.197726048000002	4.2675609984000005	6.9954863328000005	0.0	1.0
543	0.0	-33.231218272	75.200199256	8.539304793600001	6.6983669928	0.0	1.0
543	0.0	94.33300150400001	6.464580976	6.026087424	11.0410351128	0.0	1.0
543	0.0	-77.995366624	-32.277367808	7.517415360000001	13.5551574144	0.0	1.0
543	0.0	-88.28218672000001	13.245135903999998	5.748700070400001	9.9490838328	0.0	1.0
543	0.0	-26.17087177599999	89.27872912000001	12.372105177600002	8.106380856	0.0	1.0
544	0.0	32.53486006400001	83.159176744	8.839465152	5.8376761128000005	0.0	1.0
544	0.0	86.689565984	-13.061237335999998	4.5195298176000005	11.2812442848	0.0	1.0
544	0.0	33.830454559999986	77.347502344	7.2754924031999995	10.9117504944	0.0	1.0
544	0.0	88.08168656000001	-12.470618383999996	4.0393661951999995	10.657987452	0.0	1.0
544	0.0	85.82726633600001	-13.744762640000003	3.3556898457599997	10.1155913208	0.0	1.0
544	0.0	-73.040718688	61.58620115199999	5.3667785472	8.0336645424	0.0	1.0
544	0.0	95.012259104	4.306418704000003	4.8313448064	7.728441033600001	0.0	1.0
544	0.0	85.28243024000001	1.39092889600001	4.182081792	8.0215987824	0.0	1.0
544	0.0	-78.596330848	-31.500936151999998	6.4486214016	12.575940551999999	0.0	1.0
544	0.0	5.538303007999996	93.858891616	12.391267392	6.311478398399999	0.0	1.0
544	0.0	-95.380786144	59.22251876799999	12.0052345728	10.6085982744	0.0	1.0
544	0.0	80.273441696	-47.28013488799999	3.8032705536	8.7831292248	0.0	1.0
544	0.0	-31.88271318400001	76.088038096	9.728935104000001	7.396411428	0.0	1.0
545	0.0	-87.888574816	14.034839896000005	5.821738137600001	8.4767795784	0.0	1.0
545	0.0	65.19821302399998	-70.706612312	10.673138918400001	11.2685350176	0.0	1.0
545	0.0	94.78131152000002	4.03514020000001	5.7219587712	9.403631042399999	0.0	1.0
545	0.0	-100.152034528	20.55839413599999	10.0576242816	5.882862384	0.0	1.0
545	0.0	56.065773344000036	60.60143404	8.9146124928	6.684350601600001	0.0	1.0
545	0.0	-30.899934688000002	76.375002088	9.9416142336	6.9420953448	0.0	1.0
545	0.0	85.322828192	0.8437466800000142	4.301380876800001	8.744398135199999	0.0	1.0
545	0.0	-78.683919328	-30.734961487999996	7.0463680896	12.075010416000001	0.0	1.0
545	0.0	-71.71008880000001	62.330457448000004	7.2037413504000005	8.4096135144	0.0	1.0
545	0.0	6.349479584000002	93.88624067200003	12.6799161216	6.2336542463999995	0.0	1.0
545	0.0	79.71966800000003	-48.31115408	3.6085381248	8.190821066400002	0.0	1.0
545	0.0	-95.32430051200001	59.21849684800001	12.062649715200001	10.5463389528	0.0	1.0
546	0.0	86.31847683199999	-17.133029143999998	4.8586938624	8.268906643200001	0.0	1.0
546	0.0	34.366353056000015	82.35217849600001	9.4603423488	6.731728819199999	0.0	1.0
546	0.0	-60.65606512000001	75.66955732	10.134952396800001	11.0257317072	0.0	1.0
546	0.0	-79.09612144	-29.225937104000003	7.2050641152	13.003671744	0.0	1.0
546	0.0	-87.863192032	15.541652224000007	5.7893482752	9.845338406400002	0.0	1.0
546	0.0	-71.61427772799999	62.998699456000004	6.5756068224	8.847319068000001	0.0	1.0
546	0.0	85.26562755200001	-1.0385118800000022	4.1830828032000005	9.1409393376	0.0	1.0
546	0.0	-100.10806153600001	20.444774896	10.157832652800002	5.963381222400001	0.0	1.0
546	0.0	-29.872825696	77.53432052800001	10.456276992	8.4263849208	0.0	1.0
546	0.0	64.538975648	-71.295019208	10.7528980608	10.8908365104	0.0	1.0
546	0.0	78.86737846399998	-48.535979408	4.6468727424	9.7571175912	0.0	1.0
546	0.0	94.97150364800001	2.7356578480000038	5.733291648	12.0175371792	0.0	1.0
546	0.0	-95.33931568	59.210453007999995	12.0121701504	10.6106695632	0.0	1.0
546	0.0	7.019084575999991	93.78267623199999	12.511245734400001	6.2847326304	0.0	1.0
547	0.0	86.288088992	-17.594946655999994	5.2185931392	8.9476257528	0.0	1.0
547	0.0	-60.215620192	75.304366984	9.344761305599999	10.2464847072	0.0	1.0
547	0.0	86.74140406399998	-15.984368792000005	5.1422302848	10.4719334328	0.0	1.0
547	0.0	-29.16353776000001	77.253992704	10.0233038976	7.070796784800001	0.0	1.0
547	0.0	-44.60234800000001	-74.326139216	9.2555283072	8.121101083200001	0.0	1.0
547	0.0	63.860075552000005	-71.888252408	11.1493342464	10.83706344	0.0	1.0
547	0.0	-71.378325088	64.07355757600001	6.2956811904	9.567122090400002	0.0	1.0
547	0.0	-100.113424096	20.72771696800001	10.0751419776	5.9412405528	0.0	1.0
547	0.0	-95.35969340800001	59.20703437599999	11.8897965312	10.48162626	0.0	1.0
547	0.0	-87.75808585600001	15.662712015999992	6.014003788799999	9.0315431136	0.0	1.0
547	0.0	95.06159465600003	1.661604112000003	5.716167206400001	11.8925761248	0.0	1.0
547	0.0	7.874949151999999	93.730190176	12.854056320000002	6.439596660000001	0.0	1.0
547	0.0	78.68826895999999	-49.757838704	4.0377216768	9.9602245512	0.0	1.0
547	0.0	-79.508681056	-28.156106383999997	6.91144608	12.396844454399998	0.0	1.0
547	0.0	85.19341174399999	-2.0498236640000074	4.323295872	8.9893129536	0.0	1.0
548	0.0	57.766062368000014	59.550908535999994	10.0990589952	7.333267284000001	0.0	1.0
548	0.0	85.95096272000002	-17.706152744000004	5.6778427776000004	10.3677858144	0.0	1.0
548	0.0	-70.39268656	64.99196300800001	7.5821235840000005	11.2336448616	0.0	1.0
548	0.0	-79.853314912	-26.870499656000003	6.009284736	12.5031236904	0.0	1.0
548	0.0	36.53282729600001	81.11925892000001	7.93569504	8.3102720904	0.0	1.0
548	0.0	-70.88282454400002	63.89578871200001	6.378908121599999	8.902479700799999	0.0	1.0
548	0.0	-100.11127907199999	20.83128140800001	9.9459757824	5.8375554551999995	0.0	1.0
548	0.0	-59.64218377600001	75.525974776	9.2450891904	9.89040402	0.0	1.0
548	0.0	-23.147102944000004	90.45554291200001	12.706585919999998	8.238802571999999	0.0	1.0
548	0.0	77.93250550399998	-48.78232200800001	4.5170987903999995	13.259727280800002	0.0	1.0
548	0.0	-87.70624777600001	16.755065488	6.0973379712	9.4217699016	0.0	1.0
548	0.0	-45.53293091200001	-73.279434536	9.0762758016	8.4007652904	0.0	1.0
548	0.0	-28.086378207999996	78.197736232	10.4649285888	8.261928612000002	0.0	1.0
548	0.0	-95.41510652800001	59.277820168	11.758664064	10.4170945536	0.0	1.0
548	0.0	63.268406432000006	-72.404063648	10.811492966400001	10.9134397008	0.0	1.0
548	0.0	95.329722656	0.5334555519999994	6.0264806784	11.396512512	0.0	1.0
548	0.0	85.14336118399999	-2.967223616000009	4.1214133632	8.788780022400001	0.0	1.0
548	0.0	78.00758134400002	-50.583739976	4.2419994624	9.6937723512	0.0	1.0
548	0.0	8.662172960000001	93.63889259200002	12.785665804800002	6.468071853600001	0.0	1.0
549	0.0	57.926224160000004	58.899163847999986	10.8133877376	7.3981006343999995	0.0	1.0
549	3.0	-58.808126944	76.73175384000001	9.0225787008	11.4654080016	0.0	1.0
549	0.0	-100.03870575999998	21.40521684000001	10.144998259200001	5.8461422544	0.0	1.0
549	0.0	-70.236457312	66.15008232	7.045367078400002	11.9926817136	0.0	1.0
549	0.0	36.197131040000016	81.01348987200001	9.773372851200001	8.3719482336	0.0	1.0
549	0.0	-79.977011296	-26.982502680000003	6.6272304	10.7808973272	0.0	1.0
549	0.0	-87.605789152	17.564082143999997	5.9663127552	9.5860653336	0.0	1.0
549	0.0	62.58092624000004	-73.15615524	11.482813977600001	10.8502955568	0.0	1.0
549	0.0	-21.902989024000004	90.44167473600001	12.3761449728	7.7469418656	0.0	1.0
549	0.0	85.13227856000002	-4.266899615999991	4.0086566016	8.145514137600001	0.0	1.0
549	0.0	95.28968220799999	-0.5464225200000086	5.6298299904	11.427481296	0.0	1.0
549	0.0	-69.919708768	68.035558416	7.9685139072	15.692767675199999	0.0	1.0
549	0.0	-46.44885616000001	-72.70167828	9.3854452608	7.948158523200001	0.0	1.0
549	0.0	-95.338958176	59.205030864000015	11.8969108608	10.4056320816	0.0	1.0
549	0.0	9.333565472000007	93.54358053600001	12.473886566400001	6.228264873600001	0.0	1.0
549	0.0	77.61289692800001	-51.262230432	4.179936768	9.637264375200001	0.0	1.0
550	0.0	37.12163638400003	80.21936921599999	9.537777715199999	8.1986437008	0.0	1.0
550	0.0	-48.18668310400001	-72.850280776	5.753776627200001	6.777437940000001	0.0	1.0
550	0.0	-58.44990793600002	76.924009064	8.9858987904	11.2088497248	0.0	1.0
550	3.0	74.65490883200002	-49.183694728	8.086919232000001	13.956545030400001	0.0	1.0
550	0.0	58.98300598400001	58.528149176	11.301416448	8.3841547608	0.0	1.0
550	0.0	-80.448201568	-24.167754520000003	6.461169792	13.942950940800001	0.0	1.0
550	0.0	85.363226144	-22.149353967999996	5.71738272	8.0932895064	0.0	1.0
550	3.0	54.238212896	69.697222112	10.144176	11.0511703512	0.0	1.0
550	0.0	95.23283907200003	-2.0622767200000016	5.5394887296	11.2444034976	0.0	1.0
550	0.0	-87.33480112000001	18.509844080000004	6.013753536	9.9492849288	0.0	1.0
550	0.0	-80.255864416	-26.26317484	6.2442721152	9.7997700528	0.0	1.0
550	0.0	-95.394013792	59.13706786400001	11.6980313856	10.3447402128	0.0	1.0
550	0.0	-69.655513312	68.400152912	7.4203887744	15.4825419168	0.0	1.0
550	0.0	-26.374291552000017	78.63453163999999	9.799434892799999	7.6944558096	0.0	1.0
550	0.0	85.025384864	-5.684618967999995	4.1435428608	8.973305712	0.0	1.0
550	0.0	10.148674591999992	93.42695230400001	12.694323532799999	6.284652192000001	0.0	1.0
550	0.0	76.59937308799998	-51.360357832000005	5.1838437503999995	11.2632461928	0.0	1.0
551	0.0	-20.826544479999985	90.07327431200001	12.1430881152	7.3812688992	0.0	1.0
551	0.0	-11.550745696000003	67.27240654399999	4.2095023488	15.020624404800003	0.0	1.0
551	0.0	-80.710967008	-23.548177744000004	6.261861312	12.887940996000001	0.0	1.0
551	0.0	60.99253596800001	-74.459652064	12.0019097856	10.4832551376	0.0	1.0
551	0.0	95.26501443199999	-2.7803905359999983	5.2487307264	10.7146160856	0.0	1.0
551	3.0	74.14582313600003	-49.95831652	7.456031923200001	12.2800076784	0.0	1.0
551	0.0	60.484165280000035	57.413071856000016	9.183562752	7.140295562400001	0.0	1.0
551	0.0	38.81191529600001	80.82145064	7.6751461248	6.979298104800001	0.0	1.0
551	0.0	85.83942147200001	-21.034879936000006	4.9275133824	9.4315833864	0.0	1.0
551	0.0	-48.17023792	-71.34387064	8.8573046016	9.0992722464	0.0	1.0
551	0.0	-25.688241376000015	78.61422094400001	10.219966848	6.63214608	0.0	1.0
551	0.0	-69.69555376	68.66680620800001	6.2574282624	15.05404656	0.0	1.0
551	0.0	84.65501072	-6.540081352000002	4.0413682176	8.8725163968	0.0	1.0
551	0.0	10.943763487999993	93.37788488000002	12.5605812864	6.4198088135999996	0.0	1.0
551	0.0	75.77639887999999	-53.147296888	5.4144695808	9.903957890400001	0.0	1.0
551	0.0	-95.286405088	59.14430732	11.8952663424	10.4135753736	0.0	1.0
551	0.0	-87.318355936	19.515927367999982	6.0111795072000005	10.113520032	0.0	1.0
552	3.0	-57.56544304000001	77.655596312	9.695150976	11.1839339304	0.0	1.0
552	0.0	42.89925852800001	69.22705966400001	11.3822838528	7.3646181504	0.0	1.0
552	0.0	-25.65427849600001	78.641167808	8.5473486336	5.9513556816	0.0	1.0
552	0.0	-81.229705312	-21.566577759999998	5.917227456	13.770893203200002	0.0	1.0
552	0.0	83.7058376	-24.249399495999995	4.215150912	8.5058982792	0.0	1.0
552	3.0	73.20451510400001	-48.689802952	9.152996159999999	15.305959519200002	0.0	1.0
552	3.0	73.49516585600001	-49.943435416	7.869413798400001	11.9595008736	0.0	1.0
552	0.0	-69.51322672	66.09016315999999	5.7495223296	9.0259124256	0.0	1.0
552	0.0	-11.572553440000004	67.13525907200001	4.4891062272	14.7215544336	0.0	1.0
552	0.0	39.388211743999996	80.50874636	7.7756762496	7.70851242	0.0	1.0
552	0.0	95.24284918399998	-4.505794215999994	5.4333815424	11.328944256	0.0	1.0
552	0.0	-69.309091936	68.897262224	6.4437593472	14.6681634456	0.0	1.0
552	0.0	74.92089180799998	-53.927549368	5.909004864000001	9.5730544224	0.0	1.0
552	3.0	55.43656630400002	69.21499390400001	10.145427264	10.001710656	0.0	1.0
552	0.0	84.834120224	-8.173383063999998	4.171892928	8.129707992	0.0	1.0
552	0.0	61.09835715200003	57.17095227199999	9.0137841024	7.116686892	0.0	1.0
552	0.0	11.516484896000009	93.37124871200001	12.4768538496	6.520075279199999	0.0	1.0
552	0.0	-95.389723744	59.181107888	11.578482048	10.452608107200001	0.0	1.0
552	0.0	-87.162126688	19.95190349600001	6.2376582912	10.062642744	0.0	1.0
552	0.0	-48.85092553599999	-70.69312398400001	9.4023552	8.8221016296	0.0	1.0
553	0.0	61.948859168000006	56.70320297599999	8.4682687488	7.1223577992000004	0.0	1.0
553	0.0	-49.76685078400001	-70.004370184	8.9777834496	8.796160245600001	0.0	1.0
553	0.0	83.448792224	-25.639978336	3.6118629120000003	6.576804460800001	0.0	1.0
553	0.0	-68.245160032	69.0694004	7.563712128	12.8301460056	0.0	1.0
553	0.0	-87.089553376	20.162451008000012	6.177490368	8.4185019576	0.0	1.0
553	0.0	95.165270816	-5.550689032000001	5.1116279424	11.170078416	0.0	1.0
553	0.0	74.64489872000001	-54.587144248	5.5128189312	9.1384256376	0.0	1.0
553	0.0	-95.382573664	59.16280815200001	11.6044368384	10.340919388800001	0.0	1.0
553	0.0	-11.914327263999999	67.262150648	5.0155308672	14.860592208000002	0.0	1.0
553	0.0	12.472450591999996	93.16351654400002	12.598941465600001	6.4474796232	0.0	1.0
553	0.0	84.67074089600001	-8.42998156	4.2691697664	9.905184576	0.0	1.0
554	0.0	61.173075487999995	57.51502752799999	9.62043264	7.9273249776	0.0	1.0
554	0.0	-22.907217759999984	79.3604882	10.0425018624	5.939973648	0.0	1.0
554	0.0	-68.343831136	67.32388712000002	6.622797350399999	9.1765936584	0.0	1.0
554	0.0	85.158376352	-24.748921960000008	4.1237728896	8.1402454224	0.0	1.0
554	0.0	-68.22192227200001	69.123897416	7.0710358656	12.401992512000001	0.0	1.0
554	0.0	-55.749680223999995	77.761573904	10.0960202112	9.513932198400001	0.0	1.0
554	0.0	84.58851497599998	-10.198218688	3.7640523648	8.4528893736	0.0	1.0
554	0.0	73.313553824	-55.751087896	6.369684518400001	8.2322468424	0.0	1.0
554	0.0	-87.002679904	21.775442023999993	5.842580620800001	9.95274378	0.0	1.0
554	0.0	95.36011049599999	-6.504286263999997	5.1907793280000005	10.9445291424	0.0	1.0
554	0.0	13.226069024000001	93.10218226399999	12.321911616	6.908954723999999	0.0	1.0
554	0.0	-95.419039072	59.182113367999996	11.5912091904	10.321272309600001	0.0	1.0
555	0.0	-51.051005152	-69.015983344	8.7024338688	7.7785742664	0.0	1.0
555	0.0	73.56023158400001	-56.981393224	4.8848989056	7.370912455199999	0.0	1.0
555	0.0	-11.993693152	67.01822120000001	5.1218525568	14.628467095199998	0.0	1.0
555	0.0	82.293339296	-27.010648671999995	3.6359586816	9.578604672	0.0	1.0
555	3.0	-55.105458016	78.10162724	10.051582464	9.8225542296	0.0	1.0
555	0.0	44.86016796799999	68.54634970400001	11.357401574399999	8.321453028	0.0	1.0
555	0.0	95.38299075200001	-7.438980471999995	5.3346389376	11.1356306712	0.0	1.0
555	0.0	-86.82643043200001	22.27054037599999	5.7449820288	9.8624918952	0.0	1.0
555	0.0	-21.826125663999992	80.40839945600001	10.1865044736	7.129778241600001	0.0	1.0
555	0.0	84.52809679999999	-11.367189735999997	3.6625927296	9.097884684	0.0	1.0
555	0.0	-67.553389792	68.74563584	7.3763442816	10.8964470888	0.0	1.0
555	0.0	-95.346108256	59.15074239200001	11.6224192896	10.3172906088	0.0	1.0
555	0.0	13.908186656000003	93.074833208	12.3921254016	6.9581629152	0.0	1.0
556	0.0	62.217344672	59.03470999999999	10.3733718144	13.2088499928	0.0	1.0
556	0.0	84.24423862400003	-12.271116255999997	3.9221048832000003	8.766056174400001	0.0	1.0
556	0.0	-52.72090633600001	-69.005727448	5.438172096	5.637022524	0.0	1.0
556	0.0	82.07061430400002	-27.66984136	3.665667264	9.708492578400001	0.0	1.0
556	0.0	-54.952088800000006	78.455958392	9.6858916224	9.292867365600001	0.0	1.0
556	0.0	-82.305792352	-17.875661775999998	5.594687347200001	12.072657592799999	0.0	1.0
556	0.0	-66.97351830400001	68.62839687200001	7.4041938432	9.643357584	0.0	1.0
556	0.0	73.33142902399999	-56.467190752	4.2561208704	10.0066576176	0.0	1.0
556	0.0	95.19780367999999	-8.682759231999995	5.006200012800001	11.4504464592	0.0	1.0
556	0.0	14.740455967999994	92.87715584000001	12.6678324864	6.9472434024	0.0	1.0
556	0.0	-86.66984368	23.262546944000007	6.154931865599999	10.4402205936	0.0	1.0
556	0.0	-95.28032752	59.19116268799999	11.715227328000001	10.344257582400001	0.0	1.0
557	0.0	64.172176544	55.40231295199998	7.9457051519999995	6.0171140736	0.0	1.0
557	0.0	-19.90883171199999	81.081668864	10.7949047808	7.752210580800001	0.0	1.0
557	0.0	72.337925408	-57.251666248	5.0055207552	10.4174967456	0.0	1.0
557	0.0	-52.420245472000005	-68.36845422399999	8.1115512576	5.6967078168	0.0	1.0
557	0.0	-66.346813792	70.094386712	7.2236185728	8.343774684	0.0	1.0
557	3.0	70.22078672000002	-55.423502512	8.460153408	13.711248129600001	0.0	1.0
557	0.0	-82.540314976	-15.312894352000004	5.5182172415999995	10.4633466336	0.0	1.0
557	0.0	-54.546679263999984	78.63131410400001	9.3545926656	8.9334082656	0.0	1.0
557	0.0	72.167038496	-58.552757368	4.7194460544000005	7.8022834848	0.0	1.0
557	0.0	95.17134838399998	-11.19907348	5.2232406912	12.782466143999999	0.0	1.0
557	0.0	-82.26646691200001	-17.6683318	5.8766865024	10.702731312	0.0	1.0
557	0.0	15.418641056000018	92.78304291199998	12.225850291199999	7.0961348808	0.0	1.0
557	0.0	-95.23635452799999	59.16944432	11.808142617600002	10.3973871456	0.0	1.0
558	0.0	43.26212508799999	79.146119864	7.1271282432000005	6.3825457248	0.0	1.0
558	3.0	69.95873628799998	-56.042274904	8.740400793600001	12.58157124	0.0	1.0
558	0.0	82.478168864	-15.064138600000003	4.0243510272	8.4881213928	0.0	1.0
558	0.0	-54.16414998400001	78.97036196	9.0151068672	8.638943392800002	0.0	1.0
558	0.0	-53.300062816000015	-66.380620264	8.4404191872	8.5822544304	0.0	1.0
558	0.0	55.09121744000001	-78.406563256	12.219307968	10.4100561936	0.0	1.0
558	0.0	81.10499599999999	-29.873652423999996	3.55118733312	9.5313873312	0.0	1.0
558	0.0	-15.82256099200001	91.69833108800002	12.4620889344	7.8617274624	0.0	1.0
558	0.0	71.666175392	-59.442204976	4.6828376448	8.280831636	0.0	1.0
558	0.0	-19.04045449599999	80.746240736	10.403187648000001	6.667740072	0.0	1.0
558	0.0	-65.477364064	70.51387296800002	8.1048301824	9.2788107552	0.0	1.0
558	3.0	-82.700476768	-11.380663167999996	5.4381005952	9.0181903392	0.0	1.0
558	0.0	-82.423768672	-17.050564887999997	5.7002940288	10.5733662552	0.0	1.0
558	0.0	-95.34467824000001	59.161802671999986	11.6904165504	10.3106142216	0.0	1.0
558	0.0	94.91287299199999	-11.751283096000003	5.2434039168	12.034187928	0.0	1.0
558	0.0	-86.151105376	25.022338039999994	6.1574701439999995	10.2330112752	0.0	1.0
559	0.0	82.99297462400003	-16.020350080000004	4.793663884800001	8.2650657096	0.0	1.0
559	0.0	83.384799008	-28.781298952	4.541158809600001	9.2296427832	0.0	1.0
559	0.0	-15.166183648000008	91.68465656	12.8165184	7.3607369976	0.0	1.0
559	0.0	80.68314128	-31.708251232	4.1165513088	7.985823804	0.0	1.0
559	0.0	43.08659062399999	78.97740032	8.5715516544	5.6453881176	0.0	1.0
559	0.0	-82.74981232	-14.147543032000003	5.692857945600001	12.582295185600001	0.0	1.0
559	0.0	-18.246795616	80.902492328	10.504718784	6.3256154472000015	0.0	1.0
559	0.0	54.286475935999995	-78.80533662399999	11.761845849600002	10.2908263752	0.0	1.0
559	0.0	71.12562934400002	-59.960228272	4.9090304256	8.3103324192	0.0	1.0
559	0.0	-65.25320905599999	70.916064968	7.610116147200001	8.205320088	0.0	1.0
559	0.0	-86.07638704	25.915807567999998	5.994341068800001	10.1348563176	0.0	1.0
559	0.0	-95.24922467200001	59.15395992799999	11.7977035008	10.372732776	0.0	1.0
559	0.0	95.116292768	-12.345923968000001	4.6729705344	11.5876341504	0.0	1.0
560	0.0	82.87249577600001	-16.98681745599999	4.422360230400001	8.3109558168	0.0	1.0
560	0.0	80.12221750400002	-31.970480416	3.9065534592000004	9.3307337424	0.0	1.0
560	0.0	-54.82159983999999	-65.05861516	8.3817527808	7.7673732192	0.0	1.0
560	0.0	-82.98719497600001	-14.864852464	5.4487542144	7.7445488232000015	0.0	1.0
560	0.0	-83.05941078400001	-12.608153152000002	5.7512383488	13.680802195200002	0.0	1.0
560	0.0	70.60224348800001	-60.490317327999996	5.1240333312	8.263839024000001	0.0	1.0
560	0.0	-17.090270176000008	81.552836792	10.6983072	7.4911879728	0.0	1.0
560	0.0	-65.474861536	70.86458439200001	6.3148434048	7.8853160232	0.0	1.0
560	0.0	-95.23778454400001	59.155769792	11.6519133696	10.3689521712	0.0	1.0
560	0.0	95.04800950399999	-13.080728752000004	4.4658684672	10.839677688	0.0	1.0
560	0.0	-85.631652064	26.829587792000016	6.2603597952	10.4597269056	0.0	1.0
561	3.0	-55.74217264000001	-58.10431328799999	8.573660928	19.5775200936	0.0	1.0
561	3.0	-83.068705888	-7.803366424000002	5.1639665280000004	9.7036662744	0.0	1.0
561	0.0	-12.208910560000001	65.818281368	4.5902441088	14.124419971200002	0.0	1.0
561	0.0	-56.59160214400001	-63.816646264	6.0783902592	7.9081404191999995	0.0	1.0
561	0.0	82.19645571199999	-31.694576704	5.1379402368000004	9.01312272	0.0	1.0
561	0.0	-82.978972384	-14.008987888000002	5.288020416	7.400734992000001	0.0	1.0
561	3.0	-13.919209696000008	91.903046816	12.9578039808	7.33648482	0.0	1.0
561	0.0	94.40199977599998	-15.136332064000005	4.9787079552	11.977619623200003	0.0	1.0
561	0.0	18.548231071999997	92.48340987200001	12.680059123200001	7.0596158472	0.0	1.0
561	0.0	-16.237623136000003	81.823713104	10.4389022976	6.884441121599999	0.0	1.0
561	0.0	-83.03188297599999	-10.783005856000004	5.6083797504	13.530422606399998	0.0	1.0
561	0.0	69.25659843199998	-62.148957136	5.0304745344	7.378232349600001	0.0	1.0
561	0.0	-65.06980950400002	71.13063439999999	6.168231014400001	8.6484150144	0.0	1.0
561	0.0	94.77737897600004	-13.994106784	4.2087515904	9.9558205488	0.0	1.0
561	0.0	-95.23885705600001	59.14772595199999	11.668358553600001	10.4554033416	0.0	1.0
561	0.0	-85.395699424	27.751411856000004	6.0661993728	9.9456652008	0.0	1.0
562	0.0	81.67220588800001	-32.81287156	5.0511382656	8.65768554	0.0	1.0
562	0.0	-83.17825107200001	-9.935989504	6.2686181376	14.744660364	0.0	1.0
562	0.0	-64.61557087999999	71.56359408799999	7.8116769024	9.389272788	0.0	1.0
562	0.0	67.92224454400002	52.40135734400002	7.622307033600001	5.799508092	0.0	1.0
562	0.0	82.51841785599999	-19.495691152000003	4.0538093567999995	7.9084219536	0.0	1.0
562	0.0	-83.210426432	-12.207167728	6.277948992000001	10.5501798864	0.0	1.0
562	2.0	19.172284095999984	92.296792784	12.275221593600001	6.7696756343999995	0.0	1.0
562	0.0	-15.575317184000003	81.895102184	10.6615557888	6.5878245216	0.0	1.0
562	0.0	-13.203993152	91.80812950400002	12.7449103488	7.492736412	0.0	1.0
562	0.0	68.54573152	-62.60443957600001	4.9682688384	7.3738082376000005	0.0	1.0
562	0.0	-95.2733264	59.112534151999995	11.762632358400001	10.5164963064	0.0	1.0
562	0.0	94.32677497599998	-15.568085176000004	4.571403648	12.087196833600002	0.0	1.0
562	0.0	-85.087679936	28.466107040000015	6.1713770496	10.4548201632	0.0	1.0
563	0.0	19.744141536	92.28130839199999	12.2764013568	6.9358211496000015	0.0	1.0
563	0.0	-57.614361504	-63.426520024000006	4.8940152576000004	5.0745771216	0.0	1.0
563	0.0	-51.750580895999995	80.390904104	9.9329626368	7.491127644	0.0	1.0
563	0.0	68.44369392	51.87307815199999	7.4121661824	5.845619404800001	0.0	1.0
563	0.0	-63.79453315200001	72.75850652	8.365057344	10.928903983200001	0.0	1.0
563	0.0	-95.37178896000002	59.094234416000006	11.6895585408	10.3396927032	0.0	1.0
563	0.0	-83.43902044800001	-10.618509328000002	5.6373733248	11.103616188	0.0	1.0
563	0.0	82.216893024	-19.795123096	4.018523712	9.0957932856	0.0	1.0
563	0.0	-14.780377248000006	81.61658422400001	10.7774228352	5.7048924240000005	0.0	1.0
563	0.0	-12.488419104000005	91.92375970399999	12.5894318592	7.6967080848	0.0	1.0
563	0.0	67.8341496	-63.106978479999995	5.154564172800001	7.327777363199999	0.0	1.0
563	0.0	94.05921302399999	-15.950167575999997	4.2866159616	11.5972666488	0.0	1.0
563	0.0	-85.010250528	29.214787448	6.308730086399999	9.909829893600001	0.0	1.0
564	0.0	48.30442108800002	69.57515683999999	6.671918399999999	12.259335009599999	0.0	1.0
564	0.0	81.45076195200001	-36.004667272000006	3.7831788288000006	7.1894032056	0.0	1.0
564	0.0	78.54389692800001	-36.930111063999995	3.8446695168000002	7.8803087328000005	0.0	1.0
564	0.0	-50.734554528	81.581995712	10.133629632	9.1506924936	0.0	1.0
564	0.0	66.975424992	-63.21858676000001	5.7455540352	7.502831431200001	0.0	1.0
564	0.0	-13.928445215999998	81.982981136	10.935654105600001	6.0398379216	0.0	1.0
564	0.0	-95.31387331200001	59.02887821599998	11.8359206784	10.442311992	0.0	1.0
564	0.0	-63.13565327999999	73.70506539200001	8.4541830912	11.385231026400001	0.0	1.0
564	0.0	-11.838834336	92.000176184	12.5739876864	7.7003881416	0.0	1.0
564	0.0	81.936252384	-21.164787952000005	3.9250721664000006	8.563210639200001	0.0	1.0
564	0.0	93.86759088	-17.916886456	3.9153838080000005	9.754463124	0.0	1.0
564	0.0	-83.628497568	-8.338281784	5.4815015808	13.120267204800001	0.0	1.0
564	0.0	-84.78573801600001	30.029628440000003	5.8501239552	9.4082361408	0.0	1.0
565	0.0	91.04831433599999	-20.060770911999995	3.1533747571200004	10.4835768912	0.0	1.0
565	0.0	-58.660775711999996	-60.716349232000006	7.7765700096	8.030547554400002	0.0	1.0
565	0.0	69.47402044800003	49.968900128	7.636571443199999	8.001267976800001	0.0	1.0
565	0.0	-50.01883152	81.44987564	10.104493056	8.353970251200002	0.0	1.0
565	0.0	47.863618655999986	77.043661184	7.5341822976	6.6235592808	0.0	1.0
565	0.0	66.449536608	-64.648982608	4.8736375296	6.978694816799999	0.0	1.0
565	0.0	80.91128841600002	-35.902108311999996	4.0355409024	9.774110203200001	0.0	1.0
565	0.0	-12.706496544000005	82.33972544	10.3667579904	6.6346999991999995	0.0	1.0
565	0.0	-83.78687184	-6.811158759999996	5.596153113600001	11.939491821599999	0.0	1.0
565	0.0	77.69482492800003	-37.81412908	3.63492192	8.310151432800001	0.0	1.0
565	0.0	81.66848188800002	-21.683012343999994	3.7904004096	8.8118658432	0.0	1.0
565	0.0	-95.52730320000002	59.052205352	11.438233228800001	10.5299295192	0.0	1.0
565	0.0	93.67275120000001	-18.942878248	3.7716314495999996	10.4054913144	0.0	1.0
565	0.0	-62.62799759999999	74.448316208	7.8256553088	10.9576808208	0.0	1.0
565	0.0	-84.605556	30.70108798400001	6.144778752	8.862200172	0.0	1.0
566	0.0	-59.666434464000005	-60.06037408	6.9496632576	8.3553779232	0.0	1.0
566	0.0	91.08978479999999	-20.96791496799999	3.6851869824000008	10.8683941968	0.0	1.0
566	0.0	80.217373152	-37.50062041600001	4.585596556800001	9.1297986192	0.0	1.0
566	0.0	-10.442423711999984	92.367578576	12.255773376	7.415676424800001	0.0	1.0
566	0.0	-12.096952224000008	82.32363776000001	10.967150208	6.2686047312	0.0	1.0
566	0.0	-83.732531232	-6.410374432000004	6.192183782399999	12.2304978432	0.0	1.0
566	0.0	-83.706075936	-8.223657064000005	6.0827160576	8.865116064	0.0	1.0
566	0.0	-49.290238368	82.198757144	10.1897220096	9.277865603999999	0.0	1.0
566	0.0	-95.429347104	59.04798233599999	11.645335296	10.623157624800001	0.0	1.0
566	0.0	-62.219013024000006	74.765645696	7.593921216	11.114475372000001	0.0	1.0
566	0.0	81.289527648	-22.776773488000007	3.8684792832000006	8.6002324128	0.0	1.0
566	0.0	93.486134112	-20.358191896	3.9928549248	10.596351528	0.0	1.0
566	0.0	-83.965266336	32.06974736	6.5167616640000015	10.041628212	0.0	1.0
567	0.0	48.730923360000006	76.81964024	8.800961971200001	7.283697120000001	0.0	1.0
567	0.0	-95.45937744	59.023448624	11.527895232000002	10.6487169264	0.0	1.0
567	0.0	80.937386208	-22.242461416	4.0353979008000005	12.6796457592	0.0	1.0
567	0.0	76.91332118400001	-39.66481556800001	3.7507889664000005	9.151778412	0.0	1.0
567	0.0	70.39316323200003	49.401608312	7.752152486400001	6.928843118399999	0.0	1.0
567	0.0	79.751187936	-39.107779648000005	4.1424345984	7.611564038399999	0.0	1.0
567	13.0	15.725796576000011	3.127407752000007	22.1721120768	4.8053497968	0.0	1.0
567	0.0	-12.44909366399999	82.356416408	8.718092544000001	5.962033879199999	0.0	1.0
567	3.0	22.792935648000036	91.86825720799999	12.2311771008	6.624484322400001	0.0	1.0
567	0.0	64.08178761600001	-66.274441576	6.867187084799999	7.350280005600001	0.0	1.0
567	0.0	93.12577008000001	-21.03769528000001	3.7977292416	9.6441820776	0.0	1.0
567	0.0	-60.98526672000001	-58.85922767200001	5.9352099072	7.291439316	0.0	1.0
567	0.0	90.65648995200002	-22.237836208000004	3.163195392	11.1610492056	0.0	1.0
567	3.0	-83.450103072	-0.15769650399999155	4.79680992	9.4891772808	0.0	1.0
567	0.0	-61.404976416	74.792190368	8.6259280128	10.1925105408	0.0	1.0
567	0.0	81.098620512	-23.907134104000004	3.5549590003200007	9.79387794	0.0	1.0
567	0.0	-83.982069024	32.77056691999999	6.311768870400001	9.4985483544	0.0	1.0
567	0.0	-83.98385654399999	-4.899741279999996	5.7977496192	12.8500545096	0.0	1.0
568	13.0	15.515226719999982	3.030479479999998	22.1248857984	4.448344068000001	0.0	1.0
568	0.0	90.53922864	-23.529073624000006	3.8368401792	10.8294620112	0.0	1.0
568	0.0	23.885825376000025	91.769921264	12.8003592192	6.521684047200001	0.0	1.0
568	0.0	-61.61840630399998	-58.64767468	5.6562137856	6.2328096432	0.0	1.0
568	0.0	-61.458602016	74.853524648	7.703889446400001	9.175105548	0.0	1.0
568	0.0	79.32003811200002	-40.360406632	4.1446511232	7.6552823087999995	0.0	1.0
568	0.0	-10.415968415999991	82.605574352	10.9475232384	6.228747504	0.0	1.0
568	0.0	-95.43113462400001	59.000121488	11.569615948800001	10.5704704728	0.0	1.0
568	3.0	-48.439021344000004	83.1008738	10.0554792576	8.9254247544	0.0	1.0
568	0.0	49.434491232	76.137120416	9.0966177792	7.524670456800001	0.0	1.0
568	0.0	-83.943816096	-3.526456695999998	5.9266298112	13.275473097599999	0.0	1.0
568	0.0	70.65735868800002	49.43478915200001	8.3489339136	7.1124236568	0.0	1.0
568	3.0	-83.63171510400001	0.9004706480000048	5.115345984	9.7110867168	0.0	1.0
568	0.0	51.081154656000024	68.25817913600001	6.370292275199999	12.5596316664	0.0	1.0
568	0.0	80.166965088	-24.357186952	4.446992256	10.6578667944	0.0	1.0
568	0.0	63.951298656	-66.894219448	5.429770752	7.756312939200001	0.0	1.0
568	0.0	-83.955256224	-5.412938272	5.701473792	9.6507176976	0.0	1.0
568	0.0	-83.361799584	33.741257311999995	6.470607897600001	9.4842705384	0.0	1.0
569	0.0	-80.70447235200001	-41.26272438400001	9.4244846976	16.7449220568	0.0	1.0
569	0.0	71.44672751999998	48.501301520000005	7.7057842176000015	6.960133656	0.0	1.0
569	3.0	-47.961753504000015	83.326905704	10.297294963199999	9.100358164800001	0.0	1.0
569	0.0	63.968101344000004	62.60858811199999	5.4593005824	6.402393899999999	0.0	1.0
569	3.0	-8.246634144000005	92.423081072	12.4412464512	6.912675	0.0	1.0
569	0.0	50.28642326400001	75.647049464	8.6057290368	6.8531103648	0.0	1.0
569	0.0	-12.046186656000003	58.016963144	3.9543874944000006	5.402846232	0.0	1.0
569	3.0	-83.669968032	2.2387645280000092	5.4123960576	9.6303667824	0.0	1.0
569	0.0	-61.673461920000015	-57.347589039999995	6.293857920000001	7.529717966400001	0.0	1.0
569	0.0	-95.760753312	59.132040464	10.926931008	10.458399672	0.0	1.0
569	0.0	79.06692528000004	-40.084100728	4.1730726912	9.514113184800001	0.0	1.0
569	0.0	63.39394992000002	-67.691565088	5.3057526144	7.4833050096000004	0.0	1.0
569	0.0	91.07548464000003	-24.284591296	5.6619696	11.598855307200001	0.0	1.0
569	0.0	-61.75390032	75.209464568	5.940643968	8.175859524	0.0	1.0
569	3.0	24.54434774400003	91.821602936	12.622179225600002	6.5241977472	0.0	1.0
569	0.0	-10.26224169599999	82.54544664800001	9.450975744	5.7093567552	0.0	1.0
569	0.0	80.08044912000001	-25.604786536000006	4.3798172544	9.3491139168	0.0	1.0
569	0.0	-84.01281436800001	-4.813873288000005	5.633905536	8.9243991648	0.0	1.0
569	0.0	-83.06435625600001	34.81088693600001	6.2727294336	9.7575600024	0.0	1.0
570	0.0	-80.700182304	-41.293894263999995	9.3893420544	16.7437355904	0.0	1.0
570	3.0	62.02113456	-63.122663968	7.2054216192	8.8153045848	0.0	1.0
570	0.0	-84.163323552	-2.3102280880000006	5.7317186304000005	10.6806710808	0.0	1.0
570	3.0	61.69973846400001	-65.47689484	8.1440841216	12.5048732256	0.0	1.0
570	0.0	-11.947515551999992	57.94074776	3.7900429056	4.9804843032	0.0	1.0
570	3.0	-62.118554400000015	-54.278059696	7.679436172799999	13.4604814176	0.0	1.0
570	0.0	50.76047356800001	75.701948672	8.389510617600001	7.1007399792	0.0	1.0
570	0.0	-62.134999584000006	-57.027243112	7.7102530176	8.1746127288	0.0	1.0
570	0.0	64.673456736	62.179047055999995	5.5450300416000005	6.406073956799999	0.0	1.0
570	3.0	44.685408096000025	-84.4697283136	12.875149056	9.665478144	0.0	1.0
570	0.0	-47.76727132799999	82.662886712	10.2517489536	7.2291397752	0.0	1.0
570	0.0	-83.65102032	3.147919543999998	5.5948303488	10.0557250416	0.0	1.0
570	0.0	78.56927971199998	-41.065449208000004	4.4157464064	9.0771315768	0.0	1.0
570	0.0	-95.98884086400001	59.158182944	10.4769049728	10.4432370336	0.0	1.0
570	0.0	-82.673961888	35.799675967999995	6.505965043200001	9.5400545688	0.0	1.0
570	0.0	-61.05498	75.35968328	6.487160332800001	8.2581681168	0.0	1.0
570	0.0	-8.659193760000008	82.773288416	10.9426254336	6.026465037600001	0.0	1.0
570	0.0	62.69073955200001	-68.255840464	6.0106075008	8.1159128064	0.0	1.0
570	0.0	79.89740707200001	-26.781399232000005	4.0246370304	9.866574144	0.0	1.0
570	0.0	91.21276617599999	-24.960072760000003	5.8778305152	11.5753270752	0.0	1.0
571	0.0	-101.97667536000002	20.145357848000003	6.1576488959999995	5.375195532	0.0	1.0
571	0.0	-60.432565536	75.978254576	6.5330995968	9.0240221232	0.0	1.0
571	3.0	-62.641225248	-53.25588872800001	7.6722860928	13.3414728048	0.0	1.0
571	0.0	71.66051491200002	50.35299348800001	10.6531544448	17.0571437064	0.0	1.0
571	1.0	77.39416406400002	-24.254024703999992	4.793771136	11.4076130112	0.0	1.0
571	0.0	89.72590704000002	-27.06273253599999	4.842677683200001	10.2458210904	0.0	1.0
571	0.0	-80.689814688	-41.31460715200001	9.4364253312	16.655253350400002	0.0	1.0
571	0.0	60.779880672	-68.614394632	7.895583091200001	7.993163807999999	0.0	1.0
571	3.0	61.631812704000005	-64.112056288	6.0813932928000005	9.7399641024	0.0	1.0
571	0.0	-111.8562984	66.056379032	7.2606917376	6.673531636800001	0.0	1.0
571	0.0	65.43994531199999	61.68113336	6.6136094976	6.5953857311999995	0.0	1.0
571	0.0	56.985333216	59.12922512	7.786651622400001	8.1742708656	0.0	1.0
571	0.0	-12.018658848000008	57.718335584	3.7256206848000004	4.8982561488	0.0	1.0
571	0.0	-7.5298386240000035	82.84286763200001	10.9842031488	5.7223073376	0.0	1.0
571	0.0	52.090745952000034	75.46445429599999	7.4987536512	6.7505312952	0.0	1.0
571	0.0	61.951063775999984	-68.74209059200001	5.5396674816	7.9331165424000005	0.0	1.0
571	3.0	-83.813327136	3.471684103999992	5.692214438400001	8.6616471312	0.0	1.0
571	0.0	-95.754675744	59.18995611200001	10.8709101312	10.3823049456	0.0	1.0
571	0.0	90.65041238400003	-26.225569888000006	6.2151712896	11.6948786472	0.0	1.0
571	0.0	79.538473056	-27.625399144000003	3.53466349824	9.8142087456	0.0	1.0
571	0.0	-84.197643936	-0.7107105039999967	5.4489687168000005	11.538184644	0.0	1.0
571	0.0	-82.22386435199999	36.718684688	6.756646848	9.290434104000001	0.0	1.0
572	0.0	-61.391957311999995	-54.314860264000004	5.1895995648	9.8649854856	0.0	1.0
572	0.0	-64.26628947200001	-54.13246619200001	5.3558031744	8.0570922264	0.0	1.0
572	0.0	73.72310444800002	44.98875768799999	7.5056534784	8.7022081944	0.0	1.0
572	0.0	76.53344339200001	-27.016279360000002	4.1286706944	11.7276572952	0.0	1.0
572	0.0	-80.6156624	-41.269561648	9.4277737344	16.7450427144	0.0	1.0
572	0.0	65.60097107200001	61.0557248	5.7786231552	6.655875408	0.0	1.0
572	3.0	61.520062912000014	-63.740028688	5.5533956352	7.576794540000001	0.0	1.0
572	0.0	88.94669728000002	-28.4822692	3.5925219455999997	9.483888456	0.0	1.0
572	0.0	52.116277696000004	74.991275408	8.6042990208	6.622051060800001	0.0	1.0
572	0.0	-6.630924608000005	83.120581208	11.3546130432	5.977297065599999	0.0	1.0
572	0.0	60.16869779200003	-69.445122208	7.4431975296	7.5091056264	0.0	1.0
572	0.0	-11.901606080000004	57.52608780800001	3.7823565696	4.652878809600001	0.0	1.0
572	3.0	-83.723802176	5.6216014399999965	5.4577275648	9.4207644216	0.0	1.0
572	0.0	-95.460300992	59.18412432799998	11.2529031552	10.487458044	0.0	1.0
572	0.0	91.36521183999999	-25.566980488	4.3479278976	11.8876291632	0.0	1.0
572	0.0	79.146082624	-29.228536456	3.7308044928	9.20366118	0.0	1.0
572	0.0	-84.00158278400001	-0.8641467519999907	5.5555764095999995	9.183933662400001	0.0	1.0
572	0.0	-81.76682528	37.360382024	6.5374253952	9.2502551232	0.0	1.0
573	3.0	-56.741038816	81.77444458400001	5.4514712448000004	7.524047059200001	0.0	1.0
573	0.0	76.889666336	-45.08073304000001	4.1704629120000005	7.337791944000001	0.0	1.0
573	0.0	-105.863160928	-0.49211915200000306	2.3374684032	4.2292901952	0.0	1.0
573	0.0	-61.479754336000006	-53.629927288	3.8947200768	9.412056964800001	0.0	1.0
573	0.0	-101.61780092800001	20.29477217599999	6.6697376256	5.143693816800001	0.0	1.0
573	0.0	-80.50647472	-41.245631224	9.443074905600001	16.8947184672	0.0	1.0
573	0.0	66.44625948799998	60.429109664	5.3638827648	6.6986284176	0.0	1.0
573	3.0	-83.670027616	6.723406424	5.3821512192	9.179871523200001	0.0	1.0
573	0.0	76.26260432	-27.445820416	4.4919305088	12.803380127999999	0.0	1.0
573	0.0	-5.7902837440000035	83.12218997600002	11.4191067648	5.8098042072	0.0	1.0
573	0.0	90.05403612800002	-28.675321359999998	6.2205696	11.3450721552	0.0	1.0
573	0.0	58.115343776	58.45434694399999	7.722551155200001	8.6199398208	0.0	1.0
573	0.0	52.578679328	74.824566824	9.0808518528	6.759600724799999	0.0	1.0
573	0.0	73.97171868800001	45.01329139999999	7.710360268800001	8.354613758400001	0.0	1.0
573	0.0	-81.22827529599999	38.329664744000006	6.8241436032	9.3938175576	0.0	1.0
573	0.0	-83.898472672	0.7271258959999997	5.502344064	9.9447401592	0.0	1.0
573	0.0	78.812322848	-29.988076048000003	4.353004454400001	9.6759753552	0.0	1.0
573	0.0	59.608280480000005	-70.22758674399999	6.778347340800001	7.4437695360000005	0.0	1.0
573	0.0	90.96066627200004	-27.810005271999994	4.5507041664	10.4823703152	0.0	1.0
573	0.0	-95.153771104	59.13586128800001	11.7323160192	10.602686052	0.0	1.0
574	0.0	77.87673488000001	-32.247188511999994	4.8600523776	7.726792046400001	0.0	1.0
574	0.0	90.041165984	-29.237384679999995	5.5744883712	11.7539405424	0.0	1.0
574	3.0	60.604644128000004	-65.309582968	4.9847140224	7.584174763200001	0.0	1.0
574	0.0	-65.068021984	-53.22894186400001	5.778766156800001	7.628134348800001	0.0	1.0
574	0.0	-105.88389615999999	-0.49433120800000663	2.3944902912	4.273310109600001	0.0	1.0
574	0.0	77.935365536	-29.393435175999993	4.8507215232	12.4578167616	0.0	1.0
574	0.0	76.30872233599997	-45.60398483200001	4.4756283264	8.4707265888	0.0	1.0
574	0.0	58.756348448	57.688774472	8.0015830272	8.2273401	0.0	1.0
574	0.0	67.11371945600003	59.82381070400002	5.095862016	6.6047366952000015	0.0	1.0
574	0.0	-5.512860640000007	82.95306824	9.962921472	5.787020030400001	0.0	1.0
574	0.0	53.73556227200002	74.553489416	6.9446582016	6.7258367064	0.0	1.0
574	0.0	-80.502184672	-41.257495888	9.4542290304	16.8348320784	0.0	1.0
574	3.0	-83.656442464	7.915503512000001	5.3353539456	9.671571352800001	0.0	1.0
574	0.0	-80.94977968	39.146918887999995	6.563987942400001	9.384265497600001	0.0	1.0
574	0.0	74.806133024	43.694503832	7.461251481600001	8.9606567736	0.0	1.0
574	0.0	-95.250297184	59.17668377600001	11.53218528	10.5178637592	0.0	1.0
574	0.0	-83.864867296	3.0590351120000023	5.609416512	12.593938644000001	0.0	1.0
574	0.0	59.03770409600001	-71.119849696	6.5482220159999995	7.3308340223999995	0.0	1.0
575	3.0	-57.340721984	79.446557288	8.880220608	11.656750845600001	0.0	1.0
575	0.0	-64.664548928	-50.766119151999995	7.4663995392	11.4648449328	0.0	1.0
575	0.0	87.348296896	-31.25437756000001	4.2216217344	9.8157370752	0.0	1.0
575	0.0	73.272649408	-47.9684716	4.8351700992	8.6908462704	0.0	1.0
575	13.0	15.819254079999997	3.176877368000002	22.150590336	4.8392948016	0.0	1.0
575	0.0	-65.327718848	-41.763252328	4.5348309888000005	11.5167880296	0.0	1.0
575	0.0	87.79446188799999	-30.12864215200001	5.2432966656	11.951034732000002	0.0	1.0
575	0.0	-80.59707219200001	-41.253272872000004	9.4029629568	16.700620608	0.0	1.0
575	0.0	-95.221130816	59.236409288000004	11.703644198400001	10.3471533648	0.0	1.0
575	0.0	75.14561286400001	43.30779622400001	7.491174566400001	8.9785140984	0.0	1.0
575	0.0	-80.832667328	39.519951968	5.8663903872	8.308019815200002	0.0	1.0
575	3.0	-83.587593152	9.065571535999998	5.8191283584	9.5007403008	0.0	1.0
575	0.0	77.40861318400003	-31.752291255999996	4.6805138688	10.2435487056	0.0	1.0
575	0.0	90.14862572800003	-29.678187112	4.0504130688	11.239496755200001	0.0	1.0
575	0.0	57.82382905600002	-71.52566142399999	7.369623206399999	7.433734845600001	0.0	1.0
575	0.0	-83.97441248000001	3.894790087999999	5.5444222848	11.7405475488	0.0	1.0
576	3.0	-57.040567584	79.897012328	8.8089700608	11.577378254400001	0.0	1.0
576	0.0	-43.64096016	84.27487224800001	10.587194956800001	6.860912889599999	0.0	1.0
576	0.0	-79.88578819199999	41.43076616	7.191228710400001	9.0531207144	0.0	1.0
576	0.0	74.93489404800002	44.08241801599999	7.4998619136	6.594400360800002	0.0	1.0
576	0.0	-65.181291168	-49.518519567999995	7.5079057536	11.830799433600001	0.0	1.0
576	13.0	15.481978848000011	3.0103698800000083	22.0949627136	4.3405968312	0.0	1.0
576	3.0	-3.8543400000000085	92.68712012	13.403361216000002	6.9602543136	0.0	1.0
576	0.0	-3.6927481920000083	82.966340576	10.4966391936	5.633945755200001	0.0	1.0
576	0.0	59.82105494400001	56.359529912000006	7.598819020800001	8.265950532	0.0	1.0
576	0.0	-66.623462304	-49.154736904	4.968590592	8.8897302144	0.0	1.0
576	0.0	71.98441353599999	-48.96067926400001	3.8687295360000005	7.8154150536	0.0	1.0
576	0.0	74.954556768	-48.18203555200001	4.4871042048	7.8404716152	0.0	1.0
576	0.0	76.96694678400002	-31.339642264	4.303919155200001	12.988830859200002	0.0	1.0
576	0.0	-80.70697488	-41.200987912	9.3999599232	16.723585771200003	0.0	1.0
576	0.0	-80.511420192	40.55760732800001	6.195151065600001	8.056167184800001	0.0	1.0
576	0.0	-95.51157302400001	59.222935856	11.3424579072	10.3459668984	0.0	1.0
576	0.0	57.48262128000001	-72.380922712	5.7958905984	6.8289989544	0.0	1.0
576	0.0	89.59899311999999	-31.488654399999994	4.33741728	10.1477666808	0.0	1.0
576	3.0	-83.52589392	10.143848287999985	5.752489612800001	9.8063056728	0.0	1.0
576	0.0	77.21398204799998	-33.021609207999994	4.0082275968	9.7496770392	0.0	1.0
576	0.0	-84.048564768	3.9195248959999964	5.3064676224000005	9.806667645600001	0.0	1.0
577	3.0	-66.148130944	-48.819710968	7.092915110399999	11.6435790576	0.0	1.0
577	0.0	-101.64970816	20.601041384	6.573247296000001	4.6247454792000005	0.0	1.0
577	0.0	-57.554807296	79.94467207999999	6.3450167424	10.7218555416	0.0	1.0
577	0.0	55.62452403199998	73.200314432	8.3313447168	6.8324779152	0.0	1.0
577	0.0	-80.81258752	-41.29308987999999	9.464203392	16.6078349136	0.0	1.0
577	0.0	-84.051216256	6.336095528000008	5.5590441984000005	11.965915835999999	0.0	1.0
577	0.0	-84.068018944	4.631806928000005	5.3182652544	8.373878755200002	0.0	1.0
577	0.0	-12.440305023999995	55.99353519200001	3.215837856	5.762104236	0.0	1.0
577	13.0	15.413904127999995	3.062051552000007	22.0322207616	4.4560460448	0.0	1.0
577	0.0	-2.5059838720000065	83.027674856	11.0528081664	5.6779857792	0.0	1.0
577	0.0	56.91296844800002	-73.057007464	5.693251200000001	7.2607319568	0.0	1.0
577	0.0	-79.98317824	41.39959627999999	6.0357042816	7.622242236000001	0.0	1.0
577	0.0	88.77515494400001	-32.776674279999995	5.1227820672	11.241688701600001	0.0	1.0
577	0.0	-96.08873344	59.206647079999996	10.410158976	10.2877294968	0.0	1.0
577	0.0	76.40372902400003	-33.818150464000006	4.4507817983999995	9.7375107312	0.0	1.0
578	0.0	-80.838327808	-41.24723999199999	9.4458991872	16.5808076112	0.0	1.0
578	0.0	85.76747379199999	-33.44813382400001	4.2819684096	12.082631954400002	0.0	1.0
578	13.0	15.356345984000015	3.0767315600000096	22.0799117952	4.4729582184	0.0	1.0
578	0.0	77.11516198399998	40.878757639999996	6.555300595200001	8.638722187199999	0.0	1.0
578	0.0	76.98753305599999	42.36344940800001	6.5500452864000005	5.886441892800001	0.0	1.0
578	0.0	73.035326336	-50.095262896	5.3649910272	7.7070243096	0.0	1.0
578	0.0	60.865175168000015	55.98448587199999	7.1880826751999995	7.289971315199999	0.0	1.0
578	0.0	-67.07978636799999	-50.425462528000004	5.942574489599999	6.244332444	0.0	1.0
578	0.0	-42.606135040000005	85.08448474400001	10.640284300800001	7.249108607999999	0.0	1.0
578	0.0	-12.56686144000001	55.26235013600001	3.4013109312	6.008426726400001	0.0	1.0
578	0.0	75.91001600000001	-35.065347855999995	4.225375526400001	8.5745926728	0.0	1.0
578	0.0	-1.684082176000004	83.132445872	11.5535997696	5.932814630400001	0.0	1.0
578	0.0	-79.425114496	42.66529450399999	6.4046484096	8.5389785712	0.0	1.0
578	0.0	76.040147456	-32.921865591999996	4.2673822464	12.735912420000002	0.0	1.0
578	0.0	56.32272934400001	72.65775742400001	8.2536590976	6.629531832000001	0.0	1.0
578	0.0	-95.90068633599999	59.264763824000006	10.8227900928	10.2142892376	0.0	1.0
578	0.0	88.82413299200002	-33.199579168	3.9906026496	10.8930485664	0.0	1.0
578	0.0	55.58734361599999	-73.475086048	6.2708346623999995	7.845277809600001	0.0	1.0
579	0.0	-67.40261248	-47.725748728	6.8483108736	10.4883830856	0.0	1.0
579	0.0	-57.11400486399999	80.185182896	5.8760429952	9.2044856736	0.0	1.0
579	0.0	-67.27820108799999	-49.472267488	6.938723635200001	7.1420652072	0.0	1.0
579	0.0	77.296059008	41.710691792000006	6.751892044799999	5.9758290648	0.0	1.0
579	13.0	15.348480896000018	3.0475726399999834	22.1249215488	4.3916148864	0.0	1.0
579	0.0	36.636771584000016	-88.0657269856	13.528380364799999	9.2823299352	0.0	1.0
579	0.0	-80.80901248	-41.241207112000005	9.5098566528	16.610992120800002	0.0	1.0
579	0.0	-12.58080409600001	54.92109022400001	3.37434082944	5.776382052	0.0	1.0
579	0.0	72.90126233599999	-51.018896824	4.5382272768	7.639838136	0.0	1.0
579	0.0	75.59219494400003	-36.052729215999996	4.145080128	8.444423232	0.0	1.0
579	0.0	56.95837145600004	72.270044336	7.838453952000001	6.1911626616	0.0	1.0
579	0.0	75.59398246399999	-33.765463311999994	4.1717856768	12.731427979200001	0.0	1.0
579	0.0	-79.807286272	43.352640631999996	4.9930438656	7.618220316	0.0	1.0
579	0.0	85.03602060799999	-33.434057104	4.6729705344	13.6188042984	0.0	1.0
579	0.0	-84.006528256	8.115795128000007	5.0564293248	10.311941455200001	0.0	1.0
579	0.0	-96.38975180800001	59.236409288000004	9.873187968	10.2772322856	0.0	1.0
579	0.0	88.33971507199999	-33.526360168	3.8941838208	10.934695548	0.0	1.0
579	0.0	54.733981568	-74.013017848	8.1288187008	8.4440612592	0.0	1.0
580	0.0	-83.654386816	8.905700215999993	5.5659082752	9.617476528800001	0.0	1.0
580	0.0	57.380583680000015	71.779772288	8.0072315904	6.8570920656	0.0	1.0
580	0.0	-83.529975424	11.788813567999998	5.867748902400001	15.355429135200001	0.0	1.0
580	13.0	15.358848512000005	3.055817575999997	22.1414024832	4.387150555200001	0.0	1.0
580	0.0	-12.640149760000009	54.449721200000006	3.5536755609600004	6.3819022176	0.0	1.0
580	0.0	-80.80758246399999	-41.208629560000006	9.522619545600001	16.3565654616	0.0	1.0
580	0.0	72.034315136	-51.154837719999996	5.4259812096	9.3141232128	0.0	1.0
580	0.0	77.691815936	40.920585608	7.077971443200001	6.5499782544	0.0	1.0
580	0.0	-95.94930688000001	59.250486008	10.6574444928	10.192128458400001	0.0	1.0
580	0.0	87.41449472000001	-35.737410688000004	4.8142918656	10.2750604488	0.0	1.0
580	0.0	-79.08763071999999	44.480789192	5.4014564352	7.7249620727999995	0.0	1.0
580	0.0	75.135304832	-36.28901701600001	4.230702336	9.830336644800001	0.0	1.0
580	0.0	54.26886886399999	-74.548134304	7.538150592000001	8.248656276	0.0	1.0
581	0.0	78.03787980799999	39.94265576000001	7.3838518656	7.843829918400001	0.0	1.0
581	0.0	57.55790566399999	71.19297416	8.6926740096	6.7745622672	0.0	1.0
581	0.0	71.53917209599999	-51.85163536	5.5102449024	9.5641659792	0.0	1.0
581	0.0	-80.82510016	-41.245631224	9.5853614976	16.3081013256	0.0	1.0
581	13.0	15.417121664000002	3.06446470399999	22.0967502336	4.3566845112	0.0	1.0
581	0.0	103.57081548800001	-46.01743820800001	4.239461184	4.396159656	0.0	1.0
581	0.0	-96.593171584	59.205440503999995	9.5112509184	10.2329509464	0.0	1.0
581	0.0	53.72868032000004	-75.258405376	5.9664915072	7.5766336632	0.0	1.0
581	0.0	-78.799482496	45.123492008	4.7225920896	7.262883684	0.0	1.0
581	0.0	86.51251212799998	-36.82513895200001	5.716024204800001	10.564880004	0.0	1.0
581	0.0	-83.471702272	12.067733720000005	5.8490156928	13.369002847200003	0.0	1.0
581	0.0	78.28384256000002	38.55750651199999	6.894464640000001	9.1017256176	0.0	1.0
581	0.0	-69.382112128	-44.215416952000005	5.046526464	8.9797005648	0.0	1.0
582	0.0	85.43678259200001	-38.189575312	6.367646745600001	10.611896248799999	0.0	1.0
582	13.0	15.375293696000018	3.0355068800000065	22.216907328	4.3059681	0.0	1.0
582	0.0	-77.82135155200001	46.265717288000005	5.4556540416	7.372581552000001	0.0	1.0
582	0.0	73.67990604800002	-38.965001488	5.6772350208	8.8703847792	0.0	1.0
582	0.0	78.347120768	38.037874448	7.042042291200001	8.968016887200001	0.0	1.0
582	0.0	-12.785296384000016	54.407893232000006	3.5446414348800004	6.0623606736	0.0	1.0
582	0.0	-83.35122342400001	12.56242988	5.4203326463999995	11.884471956	0.0	1.0
582	0.0	-95.68689894399999	59.249681624000004	11.3047412352	10.2625723872	0.0	1.0
582	0.0	52.328337152	-75.58920829600001	8.328091430399999	7.8727274136	0.0	1.0
582	0.0	86.56184768000001	-37.574020456	4.1916986496	9.9742208328	0.0	1.0
582	0.0	-69.901922944	-43.719916408	4.9283356416	8.8237305072	0.0	1.0
583	0.0	-12.883609984	54.105444848000005	3.41290121088	5.4712389816	0.0	1.0
583	0.0	2.4976421120000047	82.55087624	10.9991825664	6.548268938400001	0.0	1.0
583	0.0	-83.06843776	14.581634816000005	5.960842944	13.5891828576	0.0	1.0
583	0.0	85.804296704	-38.246284384	5.1093756672	10.53340848	0.0	1.0
583	0.0	-95.72765440000002	59.225952296	11.269527091199999	10.3062102192	0.0	1.0
583	0.0	-69.550496512	-43.569094408	6.6916883712	10.74405654	0.0	1.0
583	0.0	73.414280576	-40.27956603999999	4.7801144832	7.9270233336	0.0	1.0
583	0.0	78.59165350400002	39.336753512	7.792443187200001	7.175909664	0.0	1.0
583	0.0	51.368796416	-76.31898568	8.158062528	7.4638389167999994	0.0	1.0
584	0.0	71.873080832	54.46621107199999	6.074421964800001	6.4588214376	0.0	1.0
584	0.0	-13.03876672000001	54.17844269600002	3.6096821376000006	5.6905944984	0.0	1.0
584	0.0	-69.643805056	-42.624747592	7.0698918528	11.5826670792	0.0	1.0
584	0.0	-76.610485504	48.103332535999996	5.543242521600001	7.5178130832	0.0	1.0
584	0.0	-95.682251392	59.180705696	11.5217461632	10.2958537752	0.0	1.0
584	0.0	72.91270246400002	-40.80965509600001	4.4286523008	8.7448405464	0.0	1.0
584	0.0	85.71992576000001	-38.96419710400001	4.6567398527999995	9.8747386416	0.0	1.0
584	0.0	50.391022976000016	-76.850683504	7.6649215104	7.4924548776	0.0	1.0
585	0.0	84.606807264	-40.545414952	6.2630410752	12.386105928000001	0.0	1.0
585	0.0	4.345014239999998	82.60175352799999	11.0915973504	7.074899143200001	0.0	1.0
585	0.0	-82.268552352	17.642315936	6.082608806400001	14.948531488800002	0.0	1.0
585	0.0	-53.828394144	81.294629528	8.694318528	8.923695328800001	0.0	1.0
585	0.0	-38.285192736000006	87.357271736	10.1334151296	7.9763521824	0.0	1.0
585	0.0	65.29050864000003	50.84748855200001	6.988845696000001	8.4691781496	0.0	1.0
585	0.0	72.61254806400001	-42.182135296	4.21229088	8.5428999432	0.0	1.0
585	0.0	72.73159689600003	53.39034747200001	6.5178699264	7.604485459199999	0.0	1.0
585	0.0	-70.28251574399998	-41.825189896000005	6.2752319616	10.7124040296	0.0	1.0
585	0.0	61.01940835199999	69.076639856	7.151617267200001	7.012438725600001	0.0	1.0
585	0.0	2.5599967680000044	92.159444216	12.9068239104	6.7134894119999995	0.0	1.0
585	0.0	-95.51264553600002	59.172661856000005	11.686269504	10.4208751584	0.0	1.0
585	0.0	-75.733379232	49.09413252799999	5.755456896	7.637927724000001	0.0	1.0
585	0.0	49.86313852800003	-77.340955552	8.1372915456	7.5418440552	0.0	1.0
586	0.0	-81.766110272	18.72159816800001	6.6756006912000005	14.454599493600002	0.0	1.0
586	0.0	71.41470112000002	-40.503184792	5.675519001600001	13.354443496800002	0.0	1.0
586	0.0	68.43776531200002	-58.407163864	5.8101907584	6.37172676	0.0	1.0
586	0.0	-52.77539590399999	81.624628064	8.655672345600001	8.9828778816	0.0	1.0
586	0.0	80.67691475200002	36.570275840000015	7.229016883200001	6.6758241312000015	0.0	1.0
586	0.0	3.3001790079999993	92.007616736	12.842544691199999	6.6881312064000005	0.0	1.0
586	0.0	-37.606858687999996	87.553742528	10.1010252672	7.9038168552	0.0	1.0
586	0.0	-75.49227257599999	49.73663424800001	5.056214822399999	6.991564960800001	0.0	1.0
586	0.0	61.616588992	68.83793890400001	7.0838345088	6.674557226400001	0.0	1.0
586	0.0	72.96090592	53.028776864	5.4250159488000005	6.6573031895999994	0.0	1.0
586	0.0	71.482269376	-42.872900056000006	5.6286859776	8.7177931344	0.0	1.0
586	0.0	-95.28083398400001	59.16019390399998	11.8615179648	10.437686784	0.0	1.0
586	0.0	-70.545847232	-40.798192623999995	6.55841088	11.1338409168	0.0	1.0
586	0.0	84.56405574400002	-41.835646888	4.9124267136	10.481224068000001	0.0	1.0
586	0.0	48.52622252800002	-78.334369792	7.4094134016	6.6821988744	0.0	1.0
587	0.0	-12.909975904000007	53.176582424	3.48470231424	4.196189793599999	0.0	1.0
587	0.0	-52.33623203200001	82.163967536	9.1300086528	9.5084020584	0.0	1.0
587	0.0	-80.60407331200001	-41.454167776	9.465097152	16.356806776800003	0.0	1.0
587	0.0	81.178641824	34.39180287200001	7.1170466304	8.828456263200001	0.0	1.0
587	0.0	26.98890051200001	-91.6811917504	8.6009027328	7.056317872799999	0.0	1.0
587	0.0	3.9152348480000105	92.13129077599999	12.7355794944	6.8873369040000005	0.0	1.0
587	0.0	73.24026550400002	52.560022088000004	5.4091785216	6.003660751200001	0.0	1.0
587	0.0	70.90469187199999	-41.425612144000006	5.8011459072000005	12.973808988000002	0.0	1.0
587	0.0	71.25182825600002	-43.843791544	5.2164123648	9.0067479768	0.0	1.0
587	0.0	-73.806492256	52.29698852	7.5243509376	9.9216342288	0.0	1.0
587	0.0	-37.028268256000004	87.869463248	10.2951856896	7.5145955472	0.0	1.0
587	0.0	-81.133179232	19.867845368	6.9923849856	14.522569941600002	0.0	1.0
587	0.0	61.94814415999999	68.263407632	7.993217433600001	7.1784032544	0.0	1.0
587	0.0	-95.207396704	59.199407624	11.966373888000001	10.3841550288	0.0	1.0
587	0.0	82.89859356800004	-43.014471640000004	7.312208064	10.6537443264	0.0	1.0
587	0.0	47.513562656000005	-78.61369213600001	8.340103564800001	7.032689092799999	0.0	1.0
587	0.0	-70.920719968	-39.983150536000004	7.067139072000001	11.0240022816	0.0	1.0
588	0.0	83.90568233600001	-43.955802016	4.7265246336	12.102661116000002	0.0	1.0
588	0.0	-80.817860704	21.199100887999993	7.1423221632	15.008116233600001	0.0	1.0
588	0.0	4.511194015999993	91.91249832800003	12.9405365376	6.5585650536	0.0	1.0
588	0.0	45.98773558399998	-79.24453028799999	8.2482965376	6.59896524	0.0	1.0
588	0.0	74.32707766400003	51.23379396799999	6.3635354496000005	8.5991867136	0.0	1.0
588	0.0	-73.726768864	52.18477695200001	5.8458339072	7.6985782776	0.0	1.0
588	0.0	62.381439008000015	67.65810867200001	8.1449778816	7.641909424800001	0.0	1.0
588	0.0	70.99978793599999	-44.74429943199999	4.5419453184	8.303595703200001	0.0	1.0
588	0.0	-36.43588412799999	88.01827428800001	10.4389022976	7.871742043199999	0.0	1.0
588	0.0	-95.25708976000001	59.140486496000015	11.880930432000001	10.4897103192	0.0	1.0
588	0.0	-71.346149728	-39.2308504	6.7056310272	10.701906818400001	0.0	1.0
589	0.0	-51.12322096	83.181513296	7.0791869568	6.6060237096	0.0	1.0
589	0.0	5.304852896000007	91.94407039999999	12.726212889600001	7.0877893968	0.0	1.0
589	0.0	-80.856113632	21.847635488000005	6.526021017600001	13.686272006400001	0.0	1.0
589	0.0	82.39880297600003	32.40879521600002	6.7400586624	9.588659472	0.0	1.0
589	0.0	74.60128323200001	50.90942612	6.041209843200002	7.6172751648	0.0	1.0
589	0.0	81.89615235200002	-44.871392104	7.2988374144	11.1992574456	0.0	1.0
589	0.0	63.310949408000006	66.516285584	7.085228774399999	7.356172118399999	0.0	1.0
589	0.0	67.77903440000003	47.964978488	6.000418636799999	8.3521603872	0.0	1.0
589	0.0	69.49827113600001	-46.232208736	6.3828406656	7.4148921504	0.0	1.0
589	0.0	45.22553705600001	-79.737818776	8.448820531199999	6.5920475376	0.0	1.0
589	0.0	-72.94455011200002	53.33343730400001	5.9824004352	8.1895139424	0.0	1.0
589	0.0	-36.15274096	87.976647416	10.9182794112	7.33045194	0.0	1.0
589	0.0	-95.257447264	59.20805475200002	11.8036738176	10.3110566328	0.0	1.0
589	0.0	-71.808044896	-38.581109224	6.8305429248	10.3890416616	0.0	1.0
590	0.0	-49.615984096000005	83.689481792	9.0009497088	7.110794779200001	0.0	1.0
590	0.0	30.76664528000001	-90.65182154560001	5.4818233344	5.3076071664	0.0	1.0
590	0.0	8.549201696000003	82.71657934400001	11.0296061568	8.3387673936	0.0	1.0
590	13.0	15.624920863999998	3.010772072000009	21.81936288	4.3042185648	0.0	1.0
590	0.0	65.53819932799998	-61.22954622400001	5.4561187968	7.918557192000001	0.0	1.0
590	0.0	-49.093313248	84.696771656	9.8976412416	8.269087629600001	0.0	1.0
590	0.0	75.26910070400001	50.227509583999996	6.1293703296	7.049178964800001	0.0	1.0
590	0.0	82.62152796799998	31.757646368000003	6.980194099199999	9.4050387144	0.0	1.0
590	0.0	-81.062035936	20.927420192	5.5165012224000005	9.2377268424	0.0	1.0
590	0.0	78.74546959999998	-44.47201544800001	5.121638054400001	12.767786136000002	0.0	1.0
590	0.0	-72.515545312	-37.065448672	6.272836684800001	11.0080151496	0.0	1.0
590	0.0	69.31236905600002	-46.383030735999995	5.133221184	8.5309347312	0.0	1.0
590	0.0	-72.14838870400001	54.31559016800001	6.3224224896	7.997829235200001	0.0	1.0
590	0.0	44.432593184000005	-80.1225556432	8.91883104	7.017265029599999	0.0	1.0
590	0.0	82.501406624	-45.49659956799999	4.4554293504	10.9537795584	0.0	1.0
590	0.0	68.23163446400001	47.006957144	6.419055820800001	8.9970953688	0.0	1.0
590	0.0	-35.96505135999999	88.31710294400001	10.8361607424	7.294415536800001	0.0	1.0
590	0.0	-95.27675248	59.22474572	11.8044960768	10.3704402816	0.0	1.0
590	0.0	63.840412831999984	65.95201020800002	6.989632204800001	7.2257211431999995	0.0	1.0
591	0.0	83.08735568	30.98382896	7.035142464000001	9.3204577368	0.0	1.0
591	0.0	-70.99329328	-36.215214784000004	4.1227361280000006	11.142266839200001	0.0	1.0
591	13.0	15.71965942400001	2.923094216000015	21.564462528	4.142175408	0.0	1.0
591	0.0	80.53263209600003	-46.552554664	7.5247084416000005	10.681435245600001	0.0	1.0
591	0.0	64.34878352000001	-61.958519224	6.0649481087999995	8.211031214399998	0.0	1.0
591	0.0	-13.256039776000009	51.72487040000001	3.2881859404800005	5.4710378855999995	0.0	1.0
591	0.0	43.633929248000015	-80.56211128	9.8287502208	6.682178764800001	0.0	1.0
591	0.0	64.77099574399998	65.41307292800002	6.688077580800001	7.263305985600001	0.0	1.0
591	0.0	-71.459120992	55.059846464	6.139201689600001	7.696406440800001	0.0	1.0
591	0.0	-35.12420195200001	88.782439088	11.926083187200001	8.280328895999999	0.0	1.0
591	0.0	75.29341097600002	49.67972408	7.185294143999999	9.2980355328	0.0	1.0
591	0.0	-48.753326944	84.796917464	9.878371776000002	8.6601389112	0.0	1.0
591	0.0	68.48403228800002	-47.781251224	5.9015687808	7.9216339608	0.0	1.0
591	0.0	-80.995540192	21.34228123999999	4.9330546944	8.1923695056	0.0	1.0
591	0.0	81.66627727999999	-46.581713584	5.1106626816	10.264060497600001	0.0	1.0
591	0.0	-95.35683337600001	59.195184608	11.7058607232	10.4007454488	0.0	1.0
591	0.0	-73.52048905600002	-35.439788608	4.8862574208	10.4118258384	0.0	1.0
591	0.0	68.55052803200005	46.799426072	6.9009354624	9.716516308800001	0.0	1.0
592	0.0	7.38874371200001	91.74699632000001	12.9306336768	7.0056215712	0.0	1.0
592	0.0	75.59979190400001	48.909928591999986	5.8874473728	7.829733088799999	0.0	1.0
592	13.0	15.684266527999995	2.901174752000001	21.6915909504	4.0668247368	0.0	1.0
592	0.0	-34.97262025600001	88.73960564	12.555790732799998	6.694445620800001	0.0	1.0
592	0.0	65.75949430400003	64.790479712	5.877902016000001	7.2683736048	0.0	1.0
592	0.0	42.79272233599998	87.49341372800001	13.066592448	7.9511749632	0.0	1.0
592	0.0	-80.08104496	23.90726071999999	5.8511249664	11.187272124	0.0	1.0
592	0.0	68.35997840000002	-46.315864672000004	5.1426950399999996	12.035032531200002	0.0	1.0
592	0.0	-48.244598752	85.11987764	9.984192960000001	8.8154654616	0.0	1.0
592	0.0	-80.488242016	22.666900591999998	5.102297088	8.537329584	0.0	1.0
592	0.0	43.08766313599999	-81.06115111359999	10.125907545599999	6.928139282400001	0.0	1.0
592	0.0	68.22805942400001	-48.041871640000004	5.1207442944	8.8041035376	0.0	1.0
592	0.0	-95.486964832	59.25571450400001	11.445490560000001	10.273954420799999	0.0	1.0
592	0.0	-70.32619081600001	56.810387143999996	7.223261068799999	9.3133791576	0.0	1.0
592	0.0	83.40875177599999	30.600338887999996	6.9494845056	10.3591185768	0.0	1.0
592	0.0	80.83829801600001	-47.225421880000006	6.0933339264	11.099956240800001	0.0	1.0
592	0.0	68.79005571199998	46.839041984000005	7.5095145216	11.151879228	0.0	1.0
592	0.0	-72.803336032	-35.069771968	6.915736128000001	11.5052451192	0.0	1.0
593	0.0	75.85969731200001	48.550167847999994	5.5117464192000005	6.8342676696	0.0	1.0
593	0.0	63.59766761599999	-63.5735212	5.233072051200001	7.425530128800001	0.0	1.0
593	0.0	-33.46288086400001	88.99942167200001	10.830941184	7.2801377208	0.0	1.0
593	0.0	-79.90551049599999	24.369781519999997	5.5553976576	9.4105286352	0.0	1.0
593	0.0	-95.391868768	59.145111704	11.79941952	10.4909370048	0.0	1.0
593	0.0	42.390530336000005	-81.54090584080001	9.3232038144	6.6664932768	0.0	1.0
593	0.0	69.318804128	45.972519319999996	7.5022929408	11.603118542399999	0.0	1.0
593	0.0	83.89960476799999	29.584200800000005	6.494417664	9.88939854	0.0	1.0
593	0.0	-47.78520611200001	84.98896414400001	10.5991355904	9.0775136592	0.0	1.0
593	0.0	67.99711184000003	-49.662906496	4.3561504896	7.6862510928	0.0	1.0
593	0.0	80.69458140799999	-48.13819662400001	4.689201216	10.4215186656	0.0	1.0
593	0.0	-69.58866006400001	58.36506032000001	7.349102476800001	9.8107498944	0.0	1.0
593	0.0	-73.485811168	-34.184145184	6.546684748800001	10.9618636176	0.0	1.0
594	0.0	61.82230275200001	-64.701468664	6.444545856	7.690594766399999	0.0	1.0
594	13.0	15.732172064000002	2.8428569119999914	21.5629252608	3.9825856224000002	0.0	1.0
594	0.0	76.442428832	47.74558275200001	5.577598656000001	6.834931286400001	0.0	1.0
594	0.0	-95.26173731200001	59.11132757600001	12.041163724799999	10.499121612	0.0	1.0
594	0.0	-47.38837667200001	85.219621256	11.379602572800001	9.4512907944	0.0	1.0
594	0.0	12.463155488000009	80.299204328	10.3931417856	5.253572671200001	0.0	1.0
594	0.0	41.56398108800001	-81.97277961040001	8.32805568	6.5218047048	0.0	1.0
594	0.0	-68.762825824	58.937379536	7.385067379200001	9.0773930016	0.0	1.0
594	0.0	67.20345296000002	-50.147950048	4.99343712	8.2255905648	0.0	1.0
594	0.0	-78.677126752	27.59938327999999	7.1169393792	13.433614991999999	0.0	1.0
594	0.0	79.38897680000001	-49.735904344	6.162653952	10.3781221488	0.0	1.0
594	0.0	-73.65491056	-33.51067468	6.8851695359999985	10.8629444952	0.0	1.0
595	0.0	69.86292521600002	45.88946667199999	8.6407286784	13.597669108800002	0.0	1.0
595	0.0	-103.70669679999999	37.66725451999999	5.974785600000001	5.739159182400001	0.0	1.0
595	0.0	-46.747014496000006	85.62503079199999	12.209333606400001	9.6004638072	0.0	1.0
595	0.0	-31.62995785600001	89.572545272	11.1813308544	7.246796004000001	0.0	1.0
595	0.0	66.294677792	-48.87078935200001	5.4284122368	12.7653930936	0.0	1.0
595	0.0	-79.731763552	25.626229327999997	4.7595580032	7.770148344	0.0	1.0
595	0.0	77.924282912	-50.699556376000004	7.5013634304	10.322559324	0.0	1.0
595	0.0	-95.34503574399999	59.134252520000004	11.889903782400001	10.4679115128	0.0	1.0
595	0.0	-78.25026697599999	28.823253536	7.7800377983999995	14.159511223199999	0.0	1.0
595	0.0	61.378997791999986	-65.53923459999999	5.043380428800001	7.7872213944	0.0	1.0
595	0.0	26.48517737600003	-92.10099976	6.0494324352	5.3851900032	0.0	1.0
595	0.0	41.368426400000004	-82.3928289352	8.0883134976	6.5358814247999995	0.0	1.0
595	0.0	-68.02851260800001	59.74256791999999	7.4927118336	9.1174111056	0.0	1.0
595	0.0	79.386116768	-50.553359584	4.7598440064	9.9668607192	0.0	1.0
595	0.0	65.99544694400002	-50.459246656	5.8451904	9.6013486296	0.0	1.0
595	0.0	-73.93161865600001	-32.06479443999999	6.7019129856	11.61027756	0.0	1.0
596	0.0	77.397322016	46.289446616000006	5.2085115264	7.4457402768	0.0	1.0
596	0.0	77.40733212800001	-51.47458036	7.597138751999999	10.1349568656	0.0	1.0
596	0.0	-67.599150304	60.765945464	6.809807692800001	8.333036157599999	0.0	1.0
596	0.0	-95.26781488	59.09544099200001	12.085351219200001	10.45347282	0.0	1.0
596	0.0	60.637892000000015	-66.500272384	6.094477939200001	7.6488673464	0.0	1.0
596	0.0	39.638107040000016	-82.9725887032	8.1355040256	6.6329102448	0.0	1.0
596	0.0	64.86394678400002	-50.49021544	7.0101886848	11.588518972800001	0.0	1.0
596	0.0	78.90849142399999	-51.138750040000005	4.808857804800001	9.719955050400001	0.0	1.0
596	0.0	-77.66396041600001	29.96608210400001	7.472548608000001	13.6256214528	0.0	1.0
596	0.0	-74.64841417599999	-31.078619655999997	6.2036596608	11.0820586968	0.0	1.0
596	0.0	-31.170207712000018	90.001080848	10.7783523456	7.7751154152	0.0	1.0
597	0.0	-104.065630816	38.51306429599998	5.7507378432000005	6.678096516000001	0.0	1.0
597	0.0	39.15297411200001	-83.4598644208	7.1121130752	6.6807912024	0.0	1.0
597	0.0	-95.336813152	59.115148399999995	11.9124980352	10.4223431592	0.0	1.0
597	0.0	59.97722460800001	-66.59478750400001	6.5145093888	8.2476910152	0.0	1.0
597	0.0	-66.51126563199999	61.252597784	6.7911102335999995	7.5857232024000005	0.0	1.0
597	0.0	64.51466537600004	-52.69181444800001	6.8045166336000005	8.3579720616	0.0	1.0
597	0.0	-74.61731132800003	-30.397105311999997	6.6865403136	11.0998154736	0.0	1.0
597	0.0	78.28178691200002	-52.325819728	4.7345327232	9.8522359992	0.0	1.0
598	0.0	86.37639248	26.94602237599999	5.8639951104	5.297773572	0.0	1.0
598	0.0	-104.00521264	38.60536736	6.1360914048	7.020643442400001	0.0	1.0
598	0.0	-112.17024649599999	66.460984184	8.248153536	5.2948375704	0.0	1.0
598	0.0	70.608321056	45.88946667199999	9.5047085952	17.7642575712	0.0	1.0
598	0.0	66.88455939200003	65.51422421599999	9.7916413056	15.78201408	0.0	1.0
598	0.0	-78.10762288	30.618035336000002	4.8960530304	10.6218303912	0.0	1.0
598	0.0	63.61947536000001	-54.058060672	6.52623552	7.0593946416	0.0	1.0
598	0.0	-65.55386992	62.47747351999999	7.205278617599999	7.717300315199999	0.0	1.0
598	0.0	-30.100913248	90.422175872	10.949275008	7.241828932799999	0.0	1.0
598	0.0	15.69391913600001	80.32152598399999	11.382319603200001	7.193264248799999	0.0	1.0
598	0.0	-76.70620720000001	31.877097391999985	7.5916331904	13.089298420800002	0.0	1.0
598	0.0	11.745287456000005	90.87544625599999	12.77987424	6.734825697600001	0.0	1.0
598	0.0	-45.068533216	85.633275728	12.984438028800005	8.495119533599999	0.0	1.0
598	0.0	-95.229919456	59.103484832	12.087567744	10.5265913256	0.0	1.0
598	0.0	58.51968080000002	-68.38916711200001	6.978764083200001	7.3399436712	0.0	1.0
598	0.0	-65.322922336	65.207753912	7.838167948799999	13.119402492000003	0.0	1.0
598	0.0	76.60080310400002	-53.096017408	6.5033910144	9.9795096576	0.0	1.0
598	0.0	-74.999840608	-29.29047402400001	6.6894718464	11.4329309976	0.0	1.0
599	0.0	-112.25854998399998	66.505225304	8.156882764799999	5.2318543032000004	0.0	1.0
599	0.0	86.95983900800002	24.585356432000008	5.8814770560000005	9.0337752792	0.0	1.0
599	0.0	12.675870368	90.73246700000001	12.112056768000002	6.4585399032	0.0	1.0
599	0.0	-77.910638176	30.107251496000003	4.4728040448	7.4537438976	0.0	1.0
599	0.0	-29.660468319999996	90.53076771200001	11.673864115199999	7.1287727616	0.0	1.0
599	0.0	-104.23079766400001	38.812898432000004	6.018436838400001	6.940526796	0.0	1.0
599	0.0	63.35706742399999	-54.593981512	6.236049523199999	7.9507928808	0.0	1.0
599	0.0	-65.11628502399999	63.138274976000005	6.703629004799999	7.7366256408	0.0	1.0
599	0.0	-76.14492592	-28.020351687999995	4.985572032	9.535268484	0.0	1.0
599	0.0	-95.298560224	59.12862183199999	11.989575897600002	10.5133592088	0.0	1.0
599	0.0	76.109950112	-54.096671104	6.4342497407999995	9.9874529496	0.0	1.0
599	0.0	-43.92130287999999	86.844074744	10.7727752832	8.958122964	0.0	1.0
599	0.0	57.73924956800001	-68.989438672	6.8499911424	7.548238908	0.0	1.0
600	0.0	78.966407072	43.99675112000002	5.6551055232000005	6.754211352	0.0	1.0
600	0.0	73.06794857600002	39.897208064	6.8537449344	9.4510293696	0.0	1.0
600	0.0	-103.91190409600001	38.85492749600001	6.481368767999999	7.2900919728	0.0	1.0
600	0.0	36.55964009600001	-84.50423638720001	7.875276864	6.909537902399999	0.0	1.0
600	0.0	57.394615712000025	-69.64098971199999	7.2708091008	7.647841756799999	0.0	1.0
600	0.0	12.747371168000003	90.88992516800002	12.8417581824	7.106250009599999	0.0	1.0
600	0.0	-76.47847715200001	-27.962436040000007	4.975740672000001	9.662059512	0.0	1.0
600	0.0	-63.543982432000014	66.44047239199999	8.326268160000001	12.29350122	0.0	1.0
600	0.0	-75.55540182399999	-27.530884024	6.5167259136	10.5735874608	0.0	1.0
600	0.0	-43.528763487999996	87.122391608	10.411302988800001	8.1817516368	0.0	1.0
600	0.0	76.06704963199998	-54.53747353600001	5.1002950656	10.02011094	0.0	1.0
600	0.0	62.654572064	-55.406409352000004	6.7595426303999995	8.1547645536	0.0	1.0
601	0.0	-95.320010464	59.08558728800001	11.9483556864	10.505355588	0.0	1.0
601	0.0	13.478466847999993	90.754386464	13.082358374399998	7.537379724000001	0.0	1.0
601	0.0	-76.12347568000001	-26.005771959999997	6.1897885056	11.6966684016	0.0	1.0
601	0.0	79.87267971200002	42.45816562400001	5.7272855808	8.3886392016	0.0	1.0
601	0.0	62.56877110399999	-56.38232824000001	5.9602351872	8.223398618400001	0.0	1.0
601	0.0	-76.46453449600001	-27.651742720000005	5.6470616832000005	8.1518687712	0.0	1.0
601	0.0	75.84575465600003	-55.353118912	4.3378820352	9.5647491576	0.0	1.0
602	0.0	-76.49134729600001	34.29185071199999	5.0803463423999995	8.4356353368	0.0	1.0
602	0.0	55.993915040000005	-70.722089256	6.5112203520000005	8.073702756	0.0	1.0
602	0.0	74.25772188799998	-57.525566448	7.0377879936	11.5932447288	0.0	1.0
602	0.0	-76.31223779200002	-25.421796624	6.312269375999999	10.649199556800001	0.0	1.0
602	0.0	61.05974672000001	-56.601329232	7.0298156544	9.104259427199999	0.0	1.0
603	0.0	20.61210166400002	78.29466450400001	9.8976412416	5.6553825888	0.0	1.0
603	0.0	-75.986909152	-22.728726439999996	5.0580380928	9.3551467968	0.0	1.0
603	0.0	80.280591776	41.557642840000014	5.120887296	7.8922739448	0.0	1.0
603	0.0	-74.46537212800001	37.318539160000014	7.859546688	12.7663985736	0.0	1.0
603	0.0	60.42481961599999	-57.850545032	6.943156684799999	8.0187633288	0.0	1.0
603	0.0	-76.61468617599999	-24.269322896000002	6.724256985599999	11.3130777816	0.0	1.0
604	0.0	-104.77348873599999	41.713090048000005	5.543635776	5.7392195112	0.0	1.0
604	0.0	73.46728054400002	-58.463284544000004	4.917288768	9.6593246064	0.0	1.0
604	0.0	88.55645187200003	20.904480352	6.7962940416	9.458248716	0.0	1.0
604	0.0	-95.297487712	59.25630289599999	12.128752204799998	10.6147920312	0.0	1.0
604	0.0	-73.96272150399999	38.405463039999994	8.0556018816	12.9631710096	0.0	1.0
604	0.0	54.109153952000014	-71.625419936	8.247474278399999	8.428134456	0.0	1.0
604	0.0	-77.157734752	-24.758187271999997	6.082322803199999	7.8159580127999995	0.0	1.0
604	0.0	21.062914208000013	78.365852488	10.8603280128	6.2286670656	0.0	1.0
604	0.0	-77.01580566400001	-23.493293431999994	6.150892070400001	10.7310456288	0.0	1.0
604	0.0	59.96542697599999	-58.86185681599999	6.3774066048	7.4467457568	0.0	1.0
605	0.0	-41.368366816000005	87.55492676	12.035193408000001	7.2116846424	0.0	1.0
605	0.0	-95.37649609600001	59.320847264	11.8971253632	10.5810883416	0.0	1.0
605	0.0	52.703805728	-73.204835368	9.091290969600001	9.218642832	0.0	1.0
605	0.0	73.18806992	-58.896854968	4.213720896	9.339682514400002	0.0	1.0
605	0.0	81.33773110399999	39.61122720800002	5.633583782400001	9.133036264800001	0.0	1.0
605	0.0	-77.121984352	-23.599479568	6.365573222400001	8.235826351199998	0.0	1.0
605	0.0	59.398068128	-59.275518736	6.066664128	7.9363139687999995	0.0	1.0
605	0.0	-73.18908284800001	39.89638133600001	8.4917567616	13.215546489600001	0.0	1.0
606	1.0	29.362012064000012	-83.97493384	11.0871643008	9.228999276	0.0	1.0
606	0.0	-74.111800672	40.15599627200001	5.2618153728	11.478378693600002	0.0	1.0
606	0.0	75.70954563200002	35.53360361600001	6.7773105792	8.936806788	0.0	1.0
606	0.0	-41.33583395199999	87.561160736	12.4046380416	7.1684691119999995	0.0	1.0
606	0.0	52.051003423999994	-74.099511472	7.0605967488	8.6558957856	0.0	1.0
606	0.0	-77.6178424	-21.925556464000003	6.0795700223999996	9.3598524432	0.0	1.0
606	0.0	-95.33752816	59.37514318400001	11.968125657599998	10.5866385912	0.0	1.0
606	0.0	81.48538025599998	39.81674732000001	5.740906483200001	7.323333141600001	0.0	1.0
606	0.0	71.54069148800001	-60.031639696000006	6.441936076799999	10.3090456728	0.0	1.0
606	0.0	-72.66855702400001	40.741788920000005	8.2847261952	12.8474804808	0.0	1.0
606	0.0	89.06553756800001	19.876872343999988	7.1545488	9.9944309808	0.0	1.0
606	0.0	58.22116496000002	-59.991420496	7.449453849599999	8.8018512624	0.0	1.0
607	0.0	50.97527388800003	-74.04622103199999	8.1533077248	8.2828828152	0.0	1.0
607	0.0	71.71837097600002	-60.507835024	4.982318745600001	9.903455150400001	0.0	1.0
607	0.0	-95.36863100800001	59.33914699999999	11.9865371136	10.5676551288	0.0	1.0
607	0.0	-39.924765664	88.22115780799999	13.142955302399999	7.683717283199999	0.0	1.0
607	0.0	-72.17913404800001	41.761948928	7.9532842368	12.410036352	0.0	1.0
607	0.0	81.95049295999999	39.628923656000005	5.440281369600001	6.3204271703999995	0.0	1.0
607	0.0	57.389253152000016	-60.838436848	7.5534517632	8.2283254704	0.0	1.0
607	0.0	-77.5284664	-19.919422768000008	6.510684095999999	11.725887650399999	0.0	1.0
608	0.0	-78.321767776	-20.37088328800001	5.5479973248	6.9395012064	0.0	1.0
608	0.0	-39.058533471999986	88.710424376	11.392544217600001	7.6893680808000004	0.0	1.0
608	0.0	50.56164175999998	-74.708631256	7.70063616	8.3828074176	0.0	1.0
608	0.0	90.16772239999999	18.193899919999996	6.446869631999999	9.590489445600001	0.0	1.0
608	0.0	57.29665961600001	-61.439512791999995	6.4085452032	8.04585096	0.0	1.0
608	0.0	70.47675958400002	-61.914300448	6.374546572800001	9.9555993432	0.0	1.0
609	0.0	-95.30606780800001	59.355033584	12.0388756992	10.530934999200001	0.0	1.0
609	0.0	49.331112991999994	-75.170347672	8.4418134528	8.035595064	0.0	1.0
609	0.0	90.59315216000002	17.657174695999995	6.32156448	7.4752611696	0.0	1.0
609	0.0	19.156702879999994	89.99743877600001	13.201800460800001	8.3324931984	0.0	1.0
609	0.0	55.76332496000001	-62.41744264	7.687766015999999	7.8077935152	0.0	1.0
609	0.0	82.49068150399998	36.70197137600001	6.1141764096	9.6842202912	0.0	1.0
609	0.0	-13.847708895999984	46.714139023999984	3.6949110912	5.2902726912	0.0	1.0
609	0.0	27.957736351999998	-86.986245892	6.37787136	5.8340362752	0.0	1.0
609	0.0	-38.19516131199999	88.620333368	10.4364712704	7.011372916800001	0.0	1.0
609	0.0	-78.09868528	-17.448355120000002	6.166514995200001	12.061536984000002	0.0	1.0
609	0.0	68.99705052799999	-62.67605209600001	8.2139761536	10.3629595104	0.0	1.0
610	0.0	-23.051649376	92.82183209600002	12.4293773184	7.2500738688	0.0	1.0
610	0.0	55.609240736000004	-63.244148296000006	6.9715782528000005	7.998533071200001	0.0	1.0
610	0.0	83.12060355200002	36.200437952	5.4923697024	9.4128814584	0.0	1.0
610	0.0	90.674305568	17.527668872	6.5515468032	7.048354471200001	0.0	1.0
610	0.0	-38.367120736	88.676238056	9.18874656	6.754472776800001	0.0	1.0
610	0.0	-95.27317744	59.328287816000014	12.110555251199996	10.5688818144	0.0	1.0
610	0.0	-70.39483158400002	45.12206199199999	8.394551424	12.674598249600002	0.0	1.0
610	0.0	-78.23274928000001	-17.205833344000002	6.0793912703999995	11.005079148	0.0	1.0
610	0.0	-53.606801248000004	73.116837248	9.343545792	8.001810936	0.0	1.0
610	0.0	69.33524931200002	-63.498936928	5.0998660608	10.2528393408	0.0	1.0
611	0.0	77.98934863999999	32.485189352000006	6.213062016	6.8210958816	0.0	1.0
611	0.0	54.66042512000002	-63.912390304000006	6.770982758400001	7.703686116000001	0.0	1.0
611	0.0	-36.583890784	89.45246861599999	10.7487867648	7.316938288800001	0.0	1.0
611	0.0	-52.659415648000014	73.591624904	9.434745062400001	7.4392850952	0.0	1.0
611	0.0	91.132625696	17.303044639999996	6.761151398400001	7.4427439464	0.0	1.0
611	0.0	83.59215132799999	35.507863328000006	5.884337088	9.7003884096	0.0	1.0
611	0.0	-95.33502563199998	59.330902064	12.020213990400002	10.5092166312	0.0	1.0
611	0.0	-69.57757744	46.19531134399999	8.371885670400001	12.3184773432	0.0	1.0
611	0.0	20.71077276800001	89.098941848	12.489187737599998	7.2074415168	0.0	1.0
611	0.0	26.340388256000008	-87.3414216472	6.8015136	6.4907957016	0.0	1.0
611	0.0	-78.60562595200001	-17.524972696	6.031378483199999	8.4639094344	0.0	1.0
611	0.0	68.34210320000001	-64.054766272	5.9713178112	10.5381543456	0.0	1.0
612	0.0	66.76801308799999	-64.863373288	8.1202386048	11.4293514888	0.0	1.0
612	0.0	-78.79009801599999	-15.048475455999997	5.872467955199999	11.3409295776	0.0	1.0
612	0.0	-21.617700832000008	92.886182816	12.527154662400001	6.5509435152	0.0	1.0
612	0.0	-78.650313952	-13.452376503999998	4.851579532800001	10.2143897856	0.0	1.0
612	0.0	83.466667424	34.931321095999984	6.238480550399999	9.277543850399999	0.0	1.0
612	1.0	24.251134880000016	-84.43624806400001	11.790839424000001	10.0736628048	0.0	1.0
612	0.0	78.03546665600003	31.514498960000005	6.214849536	8.94273912	0.0	1.0
612	0.0	-36.437671648000006	89.2471496	10.600029350400002	6.816309796799999	0.0	1.0
612	0.0	45.65704438400001	-77.527997176	8.0189577216	7.138264492800001	0.0	1.0
612	0.0	91.575573152	15.009946951999991	6.563129932800001	10.2951700488	0.0	1.0
612	0.0	21.396465440000004	88.945706696	12.514785023999998	7.1005388832	0.0	1.0
612	0.0	53.89715408	-64.582844368	6.7585058688	6.903766447199999	0.0	1.0
612	0.0	74.93554947200002	51.779546168	5.596153113600001	7.2843607368	0.0	1.0
613	0.0	91.820463392	13.812829912000005	6.41898432	10.036681250400001	0.0	1.0
613	0.0	-20.479050591999997	92.80293652000002	11.7269892096	5.8209047064	0.0	1.0
613	0.0	84.086221856	34.04348970399999	5.220630912	9.3058581672	0.0	1.0
613	0.0	78.574940192	29.779852312	6.309623846400001	10.228929026400001	0.0	1.0
613	0.0	45.07324035200001	-78.103928672	8.364771340799999	6.7998802536	0.0	1.0
613	0.0	22.264485151999995	88.868895472	12.910005696	7.4898808488	0.0	1.0
613	0.0	-35.76341910400001	89.47680867999999	11.864485248	7.081354324800001	0.0	1.0
613	0.0	74.89729654399999	51.427434520000006	6.0423896064	7.311810340799999	0.0	1.0
613	0.0	-79.202657632	-13.764268952000002	5.4502557312	11.9181153168	0.0	1.0
613	0.0	-68.373146464	48.34925804799998	8.4710930304	12.962768817600002	0.0	1.0
613	0.0	66.75335542399999	-65.35283350399999	6.805195891200001	11.677745268	0.0	1.0
613	0.0	53.41488118400001	-65.432266424	6.163297459199999	6.922126512000001	0.0	1.0
614	0.0	22.93230262400003	88.639452384	13.058226854399999	7.7262893064	0.0	1.0
614	0.0	101.73583683199999	-44.489920440000006	8.215012915199999	10.0250780112	0.0	1.0
614	0.0	75.411387296	51.00896119200001	5.6168883456000005	7.279735528799999	0.0	1.0
614	0.0	-19.419408735999998	92.80696588800001	11.198884300800001	6.1484699808	0.0	1.0
614	0.0	-79.374259552	-14.761094376000003	5.672801971200001	7.7338304064	0.0	1.0
614	0.0	-67.640620768	49.15123634399999	8.867350464000001	12.943403272800001	0.0	1.0
614	0.0	-35.48992854399999	90.10564332	12.6439154688	7.8461023032	0.0	1.0
614	0.0	79.07508828800003	28.488622344000007	6.158721408	9.6236702856	0.0	1.0
614	0.0	84.39045775999999	33.16450653600001	5.4516857472	9.2324380176	0.0	1.0
614	0.0	-78.78616547200001	-13.0757088	5.022573696	11.4579071208	0.0	1.0
614	0.0	92.121124256	13.497116639999986	6.979836595200001	10.791374428800001	0.0	1.0
614	0.0	52.02133059200001	-66.439951032	7.405516608	7.603640855999999	0.0	1.0
614	1.0	22.73817795200001	-85.4792980104	12.015351936	10.6656089904	0.0	1.0
614	0.0	65.41629046399999	-67.35192139200001	7.8401699712	10.9122130152	0.0	1.0
615	0.0	-79.4411128	-12.040667687999997	5.6193908736000004	11.70931734	0.0	1.0
615	0.0	84.52702428799999	32.597818008000004	5.372212608	9.1880963496	0.0	1.0
615	0.0	-79.322421472	-13.731080664	5.635979059199999	8.445690136800001	0.0	1.0
615	0.0	79.2549128	27.76487784	6.412656499200001	9.5950543248	0.0	1.0
615	0.0	-47.94858544000001	76.43875696799999	10.237198540800001	8.0272093608	0.0	1.0
615	0.0	8.718301087999993	-96.7163413944	5.1997884288	5.1003576288	0.0	1.0
615	0.0	-106.095181024	44.26721779199999	7.9706946815999995	6.4354943015999995	0.0	1.0
615	0.0	43.979993119999996	-79.077628056	8.5031611392	7.171324675199999	0.0	1.0
615	0.0	-66.27138044800002	52.060089983999994	7.7106820224	9.200544192	0.0	1.0
615	0.0	-18.933918304000002	93.11263180799999	11.396762764800002	6.7501089936000005	0.0	1.0
615	0.0	76.41382851199998	48.709227336	4.3734179328	8.6508080568	0.0	1.0
615	0.0	22.930515104000012	-88.4547546456	6.9668949504	6.430567449600001	0.0	1.0
615	0.0	75.95979843199999	49.98538255199998	5.2046147328000005	7.7272545672	0.0	1.0
615	0.0	92.352786848	12.874121232000014	6.5352446207999995	10.3989355848	0.0	1.0
615	0.0	-35.405915103999995	89.992828464	12.629007552000001	7.3669508640000005	0.0	1.0
615	1.0	21.755041952000017	-84.9525069288	11.9342700288	9.321845299200001	0.0	1.0
615	0.0	64.724877728	-67.82650795200001	7.9098117504	10.1430409248	0.0	1.0
615	0.0	51.08395510400002	-66.96863241599999	7.917498086399999	8.017496424	0.0	1.0
616	0.0	-112.068000352	66.595517408	7.432579660800001	6.2217895824000005	0.0	1.0
616	0.0	8.128419487999993	-97.00046248480001	5.3018915712000005	5.47433586	0.0	1.0
616	0.0	-79.60091708799999	-11.089677256000002	5.4919406976000005	11.658259065600001	0.0	1.0
616	0.0	84.82625513600001	32.67826385600001	5.1938538624	7.672335249600001	0.0	1.0
616	0.0	-46.98725718399999	76.290355568	9.946976793600001	6.780977229600001	0.0	1.0
616	0.0	-35.496363616	89.897516408	12.6146358912	6.8221013616	0.0	1.0
616	0.0	-18.35940937599999	93.158891336	11.311104806400001	6.7053852432	0.0	1.0
616	0.0	42.68118108800001	-79.73440014399999	9.0369503616	7.3229108400000005	0.0	1.0
616	0.0	92.65952527999998	11.433879127999996	6.7234347264	10.857494793599999	0.0	1.0
616	0.0	63.92299625599999	-69.400881088	8.4930080256	10.8628238376	0.0	1.0
616	1.0	20.949227936	-85.7822215768	12.1080527232	8.8680118464	0.0	1.0
616	0.0	50.49192848	-67.565075704	7.2162539904	7.8790217184	0.0	1.0
617	56.0	-95.358620896	58.90098116000001	12.0506018304	10.673612611200001	0.0	1.0
617	0.0	-67.45042864	49.99866233600001	5.4239434368	8.154241704	0.0	1.0
617	0.0	-45.87005718399999	80.264816912	11.003115110400001	13.052578291199998	0.0	1.0
617	0.0	76.86893110399998	47.978653016	5.2049722368	7.3955266056	0.0	1.0
617	0.0	-79.731406048	-10.5646156	5.3036790912	10.6279236	0.0	1.0
617	0.0	-112.04619260800001	66.62427413600001	7.532788032	6.403298832000001	0.0	1.0
617	0.0	79.80439644799999	27.162602768000003	6.3357216384	8.3585753496	0.0	1.0
617	0.0	42.07735683200001	-80.3940352432	8.082521932799999	7.8790016087999994	0.0	1.0
617	0.0	92.794304288	10.580427703999991	6.1782768768	10.5374304	0.0	1.0
617	0.0	85.33605584000001	30.875840407999995	5.5762043904	9.4363493616	0.0	1.0
617	1.0	19.892088608000012	-86.8237781992	11.8364926848	9.4922942688	0.0	1.0
617	0.0	-33.124324576	90.34897692800001	12.8836576512	7.5171494664	0.0	1.0
617	0.0	-17.967584992000006	93.27492372800002	11.5778742912	6.2830233144	0.0	1.0
617	0.0	49.65286659200001	-68.110448056	7.0909130880000015	7.4780765136	0.0	1.0
617	0.0	25.177427744000006	88.136116544	12.861921408	8.1868393656	0.0	1.0
617	0.0	63.42392067200001	-69.898191496	8.203465536000001	10.9902583728	0.0	1.0
618	0.0	93.15180828800003	9.957633392	6.5304183168	9.630085248	0.0	1.0
618	0.0	85.811893664	30.319809967999987	5.4012061824	8.9832800736	0.0	1.0
618	0.0	-44.31670230399999	77.63005712	10.37119104	6.9086128608	0.0	1.0
618	0.0	76.88930883200001	47.724467671999996	4.9693056	6.567634483199999	0.0	1.0
618	0.0	48.723713696000004	-68.86033504000001	8.0024052864	7.188578712	0.0	1.0
618	0.0	-79.563021664	-8.990838303999995	5.2357533312	11.7369077112	0.0	1.0
618	3.0	19.418395807999993	-86.1954939664	12.1194928512	10.0524471768	0.0	1.0
618	0.0	-31.90952598399999	90.251445368	11.7632043648	7.072707196800001	0.0	1.0
618	0.0	-17.320860256	93.25300426399998	11.9931151872	6.4154450304	0.0	1.0
618	0.0	25.75157916799999	87.328716104	12.037660185599998	6.8474796768	0.0	1.0
618	0.0	62.41039683200002	-70.636616008	8.6363313792	10.5923899368	0.0	1.0
619	3.0	18.319071007999995	-86.1065492056	11.810502143999999	9.837033141600001	0.0	1.0
619	0.0	-31.346099680000005	90.400256408	11.0785842048	6.454779408	0.0	1.0
619	0.0	85.67032208000002	29.764986104	6.223965888	8.9248616856	0.0	1.0
619	0.0	80.319917216	26.684396479999993	6.303546278400001	6.973948951200001	0.0	1.0
619	0.0	-43.213802464	78.273765416	10.408192704	6.9742908144	0.0	1.0
619	0.0	19.27789673600002	-89.5416911872	6.654186201600001	5.6298635064	0.0	1.0
619	0.0	33.552673952	75.246868424	10.4772982272	13.7791180296	0.0	1.0
619	0.0	40.234781215999995	-81.5863133176	7.738710336	6.7396117824	0.0	1.0
619	0.0	-17.103855327999998	93.53896277599998	12.424801267200001	6.214550126400001	0.0	1.0
619	0.0	85.71965763200001	30.97075772	5.970853056000001	6.326238844800001	0.0	1.0
619	0.0	26.56239824000003	86.840656112	12.042843993599998	6.7057271063999995	0.0	1.0
619	0.0	93.375963296	10.184067488000007	6.8236073472	9.7095986064	0.0	1.0
619	0.0	-79.91730812800002	-7.945541295999999	5.3882645376	12.134233188	0.0	1.0
619	0.0	-64.177837024	54.212226824000005	9.289026432	12.1795602264	0.0	1.0
619	0.0	48.41769027200003	-69.247243744	7.273740633599999	7.445840824799999	0.0	1.0
619	0.0	61.64176323199999	-70.875518056	8.2869784704	9.8985886272	0.0	1.0
620	1.0	17.675921312	-86.39938520080001	11.9320177536	9.3329055792	0.0	1.0
620	1.0	49.13269827200001	-64.877427664	4.7528011776	7.6188437136	0.0	1.0
620	0.0	38.84945321600002	-82.2690945664	8.5535692032	7.0369322184000005	0.0	1.0
620	0.0	77.55569628800002	46.368879536	5.778694656000001	7.1178532487999995	0.0	1.0
620	0.0	-79.32671151999999	-4.54239368799999	3.8350526592000005	7.83168372	0.0	1.0
620	0.0	-79.88978032	-6.954339112000005	5.3806854528	12.050577251999998	0.0	1.0
620	0.0	-42.051199456000006	78.374715608	10.3119883776	6.211151603999999	0.0	1.0
620	0.0	27.215200543999998	87.17487766400001	11.8800009216	7.637726628	0.0	1.0
620	0.0	85.84728656	30.289444472	4.275890841600001	6.205279600800001	0.0	1.0
620	0.0	47.40380892800001	-69.205415776	7.859618188799999	9.1766942064	0.0	1.0
620	0.0	-63.315179871999995	55.162204328000016	9.475286016	12.3082616664	0.0	1.0
620	0.0	-30.849526624000006	91.09886391200001	11.0777619456	7.4920124664	0.0	1.0
620	0.0	61.107652256000016	-71.592827488	8.3119322496	9.5231222856	0.0	1.0
621	0.0	-14.72716873600001	95.31122182400001	11.0849835264	9.8249874912	0.0	1.0
621	0.0	86.38640259200001	28.18598031200001	5.606020224	9.331055496	0.0	1.0
621	0.0	-112.24353481600001	67.01480256800001	7.0534466687999995	6.8448654288	0.0	1.0
621	0.0	-62.680967775999996	55.998160399999996	9.294925248	12.4293214584	0.0	1.0
621	0.0	93.966559904	8.642867743999991	7.184078630400001	7.6676296032	0.0	1.0
621	0.0	46.97051407999999	-70.647676288	6.9338258304	7.4679412752	0.0	1.0
621	1.0	16.39677199999999	-86.83877996080001	12.0208217472	10.0936718568	0.0	1.0
621	0.0	-15.028902111999997	93.40684270400003	11.620488768	5.9755676399999995	0.0	1.0
621	0.0	28.315597856	86.402065736	12.134615270400001	7.105445625600001	0.0	1.0
621	0.0	60.086620832000015	-72.372074488	8.9570482176	9.9347859072	0.0	1.0
621	0.0	-30.32542575999999	91.274018528	11.143542681600001	7.460943134400001	0.0	1.0
622	0.0	78.467688992	44.00399057599999	5.717203968000001	8.9143443648	0.0	1.0
622	0.0	81.76530588800001	23.302766144000007	5.3568756864000004	8.3145956544	0.0	1.0
622	0.0	-111.97218928	67.00153023200001	7.5075124992	6.786185615999999	0.0	1.0
622	0.0	-6.445588576000005	-94.2166704472	4.6273172736	9.6907760208	0.0	1.0
622	0.0	-80.341307872	-5.014366000000002	5.2716109824	10.8319958208	0.0	1.0
622	0.0	37.37939676800001	69.560275736	7.716616588799999	6.226153365599999	0.0	1.0
622	0.0	45.664551967999984	-71.60911626400001	7.4149547136	6.9543420912	0.0	1.0
622	0.0	28.933364767999983	86.98544523199999	12.545601868799999	8.6269580712	0.0	1.0
622	0.0	-61.88945392000001	56.83351318400001	9.653323008000001	12.070324879200001	0.0	1.0
622	0.0	86.75534672	27.548707087999993	5.3822584704	8.9529145776	0.0	1.0
622	0.0	-14.146939744000003	93.28558181599999	11.1626691456	5.791846334400001	0.0	1.0
622	1.0	35.66266256000001	-82.0486732408	11.1576283392	8.7773577696	0.0	1.0
622	1.0	15.894478879999996	-86.3317767256	12.1199576064	8.8178182848	0.0	1.0
622	0.0	59.256854048000015	-73.16821355200001	9.115279488	9.6946772832	0.0	1.0
622	0.0	-29.779517152000018	91.401312296	11.561464857599999	7.3935960839999995	0.0	1.0
623	3.0	-60.948503391999985	58.12816923200001	10.0246624128	12.2133443544	0.0	1.0
623	0.0	-38.395363551999985	83.30760048799999	11.099962944000001	12.9729241656	0.0	1.0
623	0.0	44.69750364800001	-72.02055868000001	8.167000128	7.251019019999999	0.0	1.0
623	0.0	-80.529354976	-5.406704296000001	5.2414018944	8.9142639264	0.0	1.0
623	1.0	34.707769376	-82.14025235919999	11.0668580736	8.9409895848	0.0	1.0
623	0.0	58.48822044800003	-73.95691206400001	8.7083326848	9.3900168432	0.0	1.0
623	0.0	-13.699344735999992	93.35837856800003	11.4130649472	5.6945359799999995	0.0	1.0
623	0.0	-112.30323798399999	66.98926337600001	6.8744801664	6.7592588616	0.0	1.0
623	0.0	31.298253727999995	85.696822064	9.6857128704	6.742346688	0.0	1.0
623	0.0	87.22617948800001	26.836827248000006	5.2425459072	9.4507277256	0.0	1.0
623	1.0	15.002863904000009	-86.4662496208	11.932768511999999	8.1717772752	0.0	1.0
623	0.0	-29.479928799999993	91.372354472	12.3573402624	6.818360976	0.0	1.0
624	0.0	-13.389746272000007	95.62473048800001	10.026485683199999	10.0827322344	0.0	1.0
624	0.0	63.986631968	74.78314104800002	11.1225571968	15.9149184264	0.0	1.0
624	0.0	-80.17220848000001	-4.842428919999999	5.0103470592	8.8426335312	0.0	1.0
624	0.0	78.84056566399998	43.73331536	6.180707904	5.8836466584	0.0	1.0
624	0.0	-12.987196768000004	94.285230032	10.6573014912	7.7222070576	0.0	1.0
624	0.0	87.49716751999999	25.655187152	5.2341445632	9.974442038400001	0.0	1.0
624	0.0	57.563357600000025	-74.571260344	8.8175144064	9.2960044632	0.0	1.0
624	0.0	30.828135968000012	86.29628924	12.968672102400001	8.058721104	0.0	1.0
624	0.0	-38.698526944	79.619298752	7.540295616	5.046564448800001	0.0	1.0
624	1.0	14.234230304	-86.51994225279999	11.932732761600002	8.1597517344	0.0	1.0
624	0.0	-112.325403232	66.997307216	6.7137821184	6.6961147176	0.0	1.0
624	0.0	-29.209655775999998	91.65650312000002	13.811166028799999	7.2635070816	0.0	1.0
624	0.0	-60.12695920000001	58.910231576	10.2232201344	11.9128667112	0.0	1.0
624	0.0	-15.595903455999997	47.58933116000001	4.5160262784	14.948209735199999	0.0	1.0
625	0.0	95.271449504	4.32915	5.549534592	6.826344487200001	0.0	1.0
625	0.0	31.405504928	85.63688800800001	12.6586446336	7.351667568000001	0.0	1.0
625	0.0	87.98516048000002	24.712039463999997	5.14716384	9.4667751864	0.0	1.0
625	0.0	43.31503568000002	-71.776033392	7.9522832256000004	9.2071200312	0.0	1.0
625	0.0	-112.071575392	67.16601931199999	7.223904575999999	7.054367241600001	0.0	1.0
625	0.0	57.007081376	-74.860041648	9.681851827200001	9.6157873224	0.0	1.0
625	0.0	-59.342952927999995	59.811536399999994	10.1006677632	11.79830232	0.0	1.0
625	0.0	78.81589788799998	43.513308888	6.028625702399999	5.5244892024	0.0	1.0
625	0.0	-35.77950678400001	80.64689186400001	10.731733824	6.3207690335999995	0.0	1.0
625	0.0	-12.26182115200001	93.55986931199999	11.166816192	6.071530651200001	0.0	1.0
625	0.0	-29.117777247999985	91.835471112	13.308551155199998	6.8831339976	0.0	1.0
625	1.0	13.191748640000009	-87.2609080224	11.950178956799999	9.602535096	0.0	1.0
626	0.0	12.439560223999992	-90.3400296456	7.8077443584	5.686572578400001	0.0	1.0
626	0.0	-34.43243171199999	80.51537508000001	10.623660364800001	5.443286637600001	0.0	1.0
626	0.0	-108.119368672	47.582888640000014	6.685789555200001	6.2106689736	0.0	1.0
626	0.0	80.99810230400001	38.62003992	3.3884229120000007	3.7792775664000002	0.0	1.0
626	0.0	87.807838496	24.014236343999993	5.4833248512	9.7766037936	0.0	1.0
626	0.0	95.19351363199999	3.587105759999986	5.634084288	7.3013734584	0.0	1.0
626	0.0	78.930656672	42.938978712	5.73436416	5.6330408232	0.0	1.0
626	0.0	-11.575055967999994	93.62562770400001	11.4472065792	6.1841444112	0.0	1.0
626	0.0	32.03578448000002	85.79836809599999	12.625897267200001	7.859957817599999	0.0	1.0
626	0.0	-15.623788767999999	47.29129943999999	4.602720998400001	14.7032144784	0.0	1.0
626	1.0	12.347324191999991	-86.4240067992	11.9467826688	7.7912433144	0.0	1.0
626	0.0	-26.515148128000018	92.356711944	11.9964757248	7.0798058856	0.0	1.0
627	0.0	-80.668781536	-0.09073898399999147	5.163644774400001	6.6124587816	0.0	1.0
627	0.0	-57.757422688000005	61.50778116000001	10.475260454399999	11.905365830400001	0.0	1.0
627	0.0	88.26365609600002	24.475148375999996	4.8718500096	7.375839307200001	0.0	1.0
627	0.0	-79.920525664	1.702031855999986	4.0073338368	9.9297383976	0.0	1.0
627	0.0	79.90878761600001	41.312313167999996	6.9195971711999995	7.673320619999999	0.0	1.0
627	0.0	94.95041091200001	3.168222792000007	5.1739408896	8.246745864	0.0	1.0
627	0.0	-108.23448496	47.835465216	6.7121376	6.81011604	0.0	1.0
627	0.0	40.276609184000016	68.294368968	9.8460891648	9.655222248	0.0	1.0
627	0.0	-11.028432352000006	93.86794838399999	11.650554854400001	6.0710279112	0.0	1.0
627	0.0	-26.004989920000003	92.28874149600001	11.717908608	7.5536282808	0.0	1.0
627	1.0	11.559385375999994	-86.764019916	11.7107942784	8.3472536448	0.0	1.0
628	0.0	42.286496672000006	66.397221856	6.8701186176	6.497311212	0.0	1.0
628	0.0	80.29560694400001	40.528232415999994	6.9606743808000004	7.635514572000001	0.0	1.0
628	0.0	40.68666627200003	-74.3721902	7.7359575552	6.846011676	0.0	1.0
628	0.0	-80.472154336	1.752700600000002	5.39116032	12.527456306400001	0.0	1.0
628	0.0	95.25750684799998	0.8178052959999934	5.6046259584	11.4322472712	0.0	1.0
628	0.0	-25.745799519999995	92.24771046400001	11.650018598399999	7.5081604752	0.0	1.0
628	0.0	-57.004519263999995	62.599322799999996	10.2890008704	11.358947779200001	0.0	1.0
628	0.0	54.24750799999999	-77.7556304	9.583430976	10.678559572800001	0.0	1.0
628	1.0	10.752498847999995	-86.80515149600001	12.019784985600001	8.3539099224	0.0	1.0
629	0.0	39.78218115199998	-74.87291924	8.8811501184	7.3027208016000005	0.0	1.0
629	0.0	88.98366915199999	23.208437223999997	4.929265152	7.563361327199999	0.0	1.0
629	0.0	-80.46357424	2.64797999200001	5.2062950016	12.494456452800002	0.0	1.0
629	0.0	53.21324892800002	-78.292355624	9.2344355712	10.035756208799999	0.0	1.0
629	0.0	34.51078467200001	84.72591568	12.377789491200001	7.352311075200001	0.0	1.0
629	0.0	95.12701788800001	0.7070014000000048	5.882478067200001	11.7428601528	0.0	1.0
629	0.0	-30.546005728	82.27113680800001	11.128384512	6.4773624888	0.0	1.0
629	1.0	9.76793283199999	-87.1435357352	12.0153876864	8.587141063199999	0.0	1.0
629	0.0	80.796112544	39.71138046400001	6.7881787008000005	7.362747957600001	0.0	1.0
629	0.0	-25.122312543999996	92.765331568	11.371951987200001	6.8806404072000005	0.0	1.0
629	0.0	-56.14400713599999	63.49681424800001	11.02095456	11.153789640000001	0.0	1.0
630	2.0	-55.342125663999994	64.43512818399999	10.994249011199999	10.4854873032	0.0	1.0
630	0.0	34.884733856	85.265255152	13.0053162624	8.7482390688	0.0	1.0
630	0.0	-79.93160828799999	0.3562899760000092	3.8016975360000003	6.366015633599999	0.0	1.0
630	0.0	-31.80191728	87.763671856	7.8182192256	8.9471431224	0.0	1.0
630	0.0	-8.955266656000019	94.03062760000002	11.6647477632	6.0250573655999995	0.0	1.0
630	0.0	43.27463772800002	65.642508568	7.801237785600001	7.532754516	0.0	1.0
630	0.0	-111.941086432	67.415572	7.4874207744	7.236560217600001	0.0	1.0
630	0.0	-80.571182944	3.3471907839999977	5.403494208	11.7350375184	0.0	1.0
630	0.0	-29.44525091199999	82.200552112	11.131745049600001	6.004505354400001	0.0	1.0
630	0.0	95.373338144	0.5264171920000091	5.9456847744	10.3466506248	0.0	1.0
630	0.0	38.93668419200002	-75.476006144	7.4756946432	6.503525078399999	0.0	1.0
630	0.0	89.47344963199998	21.09451607200001	5.1578532096	9.6763976568	0.0	1.0
630	0.0	52.871832608000034	-78.486815456	8.5051631616	9.108040032	0.0	1.0
630	1.0	28.109675552000006	-83.0992337504	11.9226868992	10.633292863200001	0.0	1.0
630	0.0	-24.458427616	92.89342971999999	11.2083939072	6.5540001744000005	0.0	1.0
630	0.0	81.503970464	38.723596912	6.0633035904	7.819517412000001	0.0	1.0
630	1.0	8.988931615999993	-87.518036816	12.100151884799999	8.7247108368	0.0	1.0
631	2.0	-54.39617008000001	65.65376994400002	11.0968169088	9.7027412328	0.0	1.0
631	0.0	35.90219024	84.66257044	12.8853736704	8.200353016800001	0.0	1.0
631	0.0	95.50597212800001	-0.5538705200000018	5.6383028352	9.059917759200001	0.0	1.0
631	0.0	-111.991494496	67.365096904	7.334409062399999	7.2370830671999995	0.0	1.0
631	0.0	-8.155530208000004	94.126550392	11.131959552	5.6721942144	0.0	1.0
631	0.0	-28.11390601599999	82.15530551200001	11.089595328	5.6205728712	0.0	1.0
631	0.0	-23.865328479999995	93.186828784	11.475914150400001	6.3985931856	0.0	1.0
631	0.0	82.03236137600003	38.234129247999995	6.391885516800001	7.394641783199999	0.0	1.0
631	0.0	37.90421264000003	-75.790319192	8.5655098368	6.6385409328	0.0	1.0
631	1.0	27.359989664000018	-83.523164228	12.1982867328	10.3149377856	0.0	1.0
631	0.0	89.78590812800002	20.824243047999996	5.0692637184	9.0438300792	0.0	1.0
631	0.0	-80.55688278400001	4.552560207999999	5.4250159488000005	12.2316642	0.0	1.0
631	0.0	51.75248758400003	-78.858440864	9.215916864	8.5985432064	0.0	1.0
631	1.0	8.195630240000009	-87.7784762456	12.0529256064	9.252547617600001	0.0	1.0
632	0.0	-53.48417737600001	65.95621088	10.8841735296	10.748179008000001	0.0	1.0
632	0.0	26.697177248000006	9.842584135999997	5.492870208	15.6264059952	0.0	1.0
632	0.0	-109.089992032	50.48428683199998	5.9035708032	4.9926305016	0.0	1.0
632	0.0	-26.705340255999992	82.512243464	10.8404507904	5.189684472	0.0	1.0
632	0.0	95.718687008	-1.4588099680000066	5.6520667392	8.062421270400002	0.0	1.0
632	0.0	50.24882576000001	-79.389743944	10.0096472448	8.6543875656	0.0	1.0
632	0.0	-23.435251167999997	92.99457356	11.6383282176	5.6541760128	0.0	1.0
632	0.0	-80.593705696	6.244574504000002	5.4498982272	10.7908314696	0.0	1.0
632	0.0	90.12696694400002	19.783563799999985	4.6823728896	9.7236753264	0.0	1.0
632	0.0	37.56458383999998	-76.339720912	7.900302143999999	6.784516519200001	0.0	1.0
632	1.0	26.217764383999995	-83.0566691752	11.7238431744	9.898347312	0.0	1.0
632	1.0	7.390531232000006	-87.5901572896	12.2547723648	9.2500741368	0.0	1.0
632	0.0	82.19109315200002	37.81302677600001	6.1694822784	7.4864219976	0.0	1.0
633	0.0	49.56420560000002	-80.55660348400001	9.808801497600001	9.4753820952	0.0	1.0
633	3.0	-52.26473123200001	66.88004590399999	11.8696333056	11.3301910512	0.0	1.0
633	0.0	-112.053700192	67.473078008	7.275957158400001	7.295963976	0.0	1.0
633	0.0	25.989319328000004	-87.2075319304	6.6567602304	7.000131650399999	0.0	1.0
633	0.0	95.25750684799998	-4.008305056000001	5.5773484032	10.2905046216	0.0	1.0
633	0.0	102.00968489600004	-46.203474352	7.5950294784	6.1255450368	0.0	1.0
633	0.0	37.195639712000016	-76.61280928000001	8.3727079296	6.3660357432	0.0	1.0
633	1.0	25.067316512000023	-82.94992741840001	11.180580096000002	9.3544429608	0.0	1.0
633	0.0	67.299264032	69.945754424	8.16271008	13.425832576800001	0.0	1.0
633	0.0	-25.582777696000008	82.652005184	10.7902929792	5.540315457600001	0.0	1.0
633	0.0	101.835222944	-44.289442623999996	8.272821312000001	10.0590431256	0.0	1.0
633	0.0	82.38915036800002	37.300634168	6.6372047616	7.0767492264000005	0.0	1.0
633	1.0	6.473533472000005	-87.4246753912	11.7083632512	8.9697060936	0.0	1.0
633	0.0	-80.606218336	5.50353574400001	5.1374754816	10.2033496152	0.0	1.0
633	0.0	90.10730422399999	19.225723495999993	5.3268811008000005	9.5297584536	0.0	1.0
634	3.0	-51.29482288	67.79643292800002	12.0899630208	10.875271679999999	0.0	1.0
634	0.0	-112.082658016	67.482924264	7.2754209024000005	7.3617625872	0.0	1.0
634	0.0	102.05937795200002	-46.326351456	7.5377215872	5.7031629984	0.0	1.0
634	0.0	-24.191729632	82.97656668	10.8931826304	5.3752357512	0.0	1.0
634	0.0	-21.29952227200001	93.56185792800001	10.059376051200001	6.8684942088	0.0	1.0
634	0.0	101.966069408	-44.25063854400001	7.7852931072	9.8612048808	0.0	1.0
634	1.0	24.380551327999985	-82.97714315520001	11.54469792	8.4568710744	0.0	1.0
634	0.0	-5.8056564159999935	94.257448992	10.9997545728	5.3799413976	0.0	1.0
634	0.0	90.272471072	18.437620824000007	5.1506316288	9.6219006408	0.0	1.0
634	1.0	5.673082015999995	-86.846089428	11.950643712	7.7290845408	0.0	1.0
634	0.0	83.032657568	36.386846496000004	6.896788416	7.558896996	0.0	1.0
634	0.0	-80.448916576	7.7179974479999895	5.3467940736	12.082752612	0.0	1.0
634	0.0	49.06656003200002	-81.0147679488	9.236187340799999	9.4394060208	0.0	1.0
635	0.0	-112.12770351999998	67.607194144	7.1787875712	7.2873771768	0.0	1.0
635	0.0	-80.06495728000002	6.930095871999984	4.2806456448	8.5277171952	0.0	1.0
635	0.0	94.79132163200002	-6.011839399999996	5.250446745600001	10.7403764832	0.0	1.0
635	0.0	102.03113513599999	-44.253662432000006	7.6363211904	9.6216191064	0.0	1.0
635	0.0	90.67287555200001	17.732972992000008	5.2588123392	9.3165162552	0.0	1.0
635	0.0	48.30757904000001	-81.3047558288	9.6687671808	9.2563684416	0.0	1.0
635	0.0	-50.74247920000001	68.409164992	11.9977269888	10.363220935200001	0.0	1.0
635	0.0	-80.338090336	8.882939128000007	5.1164542464	11.9269434312	0.0	1.0
635	0.0	83.25288003200001	36.079363264000015	6.7267595136	6.703474831200001	0.0	1.0
635	0.0	-20.554483935999997	93.645707512	10.2174285696	6.7715860464	0.0	1.0
635	0.0	-5.360563935999993	94.34873912799999	11.2737813888	5.477653944	0.0	1.0
635	1.0	23.222953375999992	-83.4113168672	11.905633958400001	8.8873572816	0.0	1.0
635	1.0	4.773959455999995	-87.2641553504	11.8803584256	7.620894892800001	0.0	1.0
636	0.0	-110.24794748800001	51.68159752000001	4.8116105855999995	5.394178994400001	0.0	1.0
636	0.0	48.02729590399999	61.65877446400001	7.855935897600001	6.8938524143999995	0.0	1.0
636	0.0	-21.497221984	83.12195164	11.368376947200002	5.358323577599999	0.0	1.0
636	0.0	90.80336451200002	18.318564544	4.9723086336	7.133035996799999	0.0	1.0
636	0.0	34.525442336000005	-77.583313472	7.9611493248	5.6868943320000005	0.0	1.0
636	0.0	-49.817973856	68.997571888	11.8956595968	10.2521355048	0.0	1.0
636	0.0	-19.64999881600001	93.35874351999999	11.6488745856	6.655734640800001	0.0	1.0
636	0.0	-4.631613280000007	94.26246894400002	11.1559838208	5.44014954	0.0	1.0
636	0.0	83.574276128	34.88344535200001	6.646857369599999	7.134524107200001	0.0	1.0
636	1.0	22.386394015999993	-83.70326804	11.71898112	8.7376010904	0.0	1.0
636	0.0	-80.396720992	9.55178442400001	5.1865965312	11.6152848504	0.0	1.0
636	0.0	47.44134684799999	-81.572052632	10.0985227392	8.9850497184	0.0	1.0
636	1.0	4.050371359999996	-86.99734117759999	12.0779508864	7.449259456800001	0.0	1.0
637	0.0	34.28162460800001	-77.750632792	7.981813055999999	5.975205667199999	0.0	1.0
637	0.0	-20.213782624000004	90.97232984000001	11.8884022656	11.349556596000001	0.0	1.0
637	3.0	46.24728348800002	-82.2647955808	10.5418992	8.5655031336	0.0	1.0
637	0.0	-19.839475935999992	93.41604843199998	11.4856740096	6.679906379999999	0.0	1.0
637	0.0	48.40803766400001	61.302022712	8.4769918464	7.190006493599999	0.0	1.0
637	0.0	-109.947286624	51.838847144000006	5.7476275584	5.7567148632	0.0	1.0
637	0.0	-4.027431519999997	94.35335688800002	11.2478265984	5.397517188	0.0	1.0
637	0.0	91.20591401600002	17.664995096000002	5.0697284736	6.7352077800000005	0.0	1.0
637	1.0	21.588445088000014	-83.6195391136	11.5371545856	8.7860451168	0.0	1.0
637	0.0	-80.184006112	10.852264808000015	4.7614885248	11.5928224272	0.0	1.0
637	0.0	-48.775134688	69.732168128	11.8770336384	9.950632272	0.0	1.0
637	0.0	83.95108534399999	34.328815135999996	6.7285112832000005	7.502087376	0.0	1.0
637	1.0	2.9556941119999904	-87.14664229600001	11.9966187264	7.7846674752	0.0	1.0
638	0.0	49.51165251200002	60.604011048	8.2368206592	7.396813620000001	0.0	1.0
638	0.0	-19.0497496	83.55268437599999	11.4085961472	5.3774478072	0.0	1.0
638	0.0	45.094690592000006	-82.4707052232	9.8294294784	8.141733532800002	0.0	1.0
638	0.0	91.48619715199999	17.383252152000008	4.8197616768	6.2682427584	0.0	1.0
638	0.0	33.27203331200004	-77.944898976	7.711111027199999	6.1700073624	0.0	1.0
638	0.0	-110.355913696	52.254505128	5.2956352512	5.7142031688	0.0	1.0
638	0.0	-19.125897951999995	93.61371835199998	11.3819263488	6.910543382400001	0.0	1.0
638	0.0	-80.311992544	11.945616312000002	5.0707294848	11.793355358400001	0.0	1.0
638	1.0	2.53240937599999	-86.8813840104	11.919469363200001	7.740647560799999	0.0	1.0
638	1.0	20.56205110400001	-84.6239607528	11.9338767744	9.3026808504	0.0	1.0
638	0.0	-47.81988400000001	70.89127802400002	11.728633728	9.9387474984	0.0	1.0
638	0.0	84.25460624000002	33.954769128	6.6434253312	7.0996741704	0.0	1.0
638	0.0	70.407761312	66.486672336	8.9841827712	16.8756545664	0.0	1.0
639	1.0	19.54209219200001	-85.2238502304	11.8079281152	10.9213427736	0.0	1.0
639	0.0	91.570210592	16.576052807999996	4.7368564992	5.9346043848	0.0	1.0
639	0.0	50.582019488000014	60.01218552000001	7.281319718400001	7.132653914399999	0.0	1.0
639	0.0	32.340377888	-78.24593968799999	7.807529856	5.9277872304	0.0	1.0
639	0.0	-17.772745311999994	83.394421824	11.1990630528	5.34362346	0.0	1.0
639	0.0	95.26501443199999	-7.739872224000001	5.613492057600001	8.161300173599999	0.0	1.0
639	0.0	-2.624228320000007	94.61718739199999	11.221907558399998	5.624192599200001	0.0	1.0
639	1.0	1.5785887040000075	-86.7518178576	11.871277824	7.943995835999999	0.0	1.0
639	0.0	-110.58507376	52.420811519999994	5.026327488000001	5.3913234312	0.0	1.0
639	0.0	70.632631328	65.845578288	8.6630726784	16.2383612328	0.0	1.0
639	0.0	-80.1918712	13.239266879999999	5.3683515648	12.093008508000002	0.0	1.0
639	0.0	84.54847452799999	33.456252144000004	6.747101491199999	6.700096418399999	0.0	1.0
639	0.0	-46.655493471999996	71.484913416	12.1452331392	9.545604818400001	0.0	1.0
640	0.0	31.727973535999983	-78.377866112	8.7119077248	6.215113195200001	0.0	1.0
640	0.0	-110.34769110400002	52.81957744	5.7458042879999995	5.4525973824000005	0.0	1.0
640	0.0	-17.753082592	93.926214088	10.3328666112	6.5141831664000005	0.0	1.0
640	3.0	43.103035808	-84.1788019856	10.528171046399999	9.5492245464	0.0	1.0
640	0.0	25.667565727999992	11.387567464000007	5.0442384384	15.510232836000002	0.0	1.0
640	0.0	84.88738832000003	32.63758288000001	6.9242089728	7.102067212800001	0.0	1.0
640	0.0	102.13552630400001	-43.6793546	7.6933788288	9.5247712728	0.0	1.0
640	0.0	91.98098268800001	14.11201607200001	5.234573568000001	9.8792230824	0.0	1.0
640	0.0	-112.027959904	67.84486727199999	7.4399442432	7.4082358728	0.0	1.0
640	1.0	0.7327342400000016	-86.9698133696	11.743827648000002	7.8412961088	0.0	1.0
640	0.0	51.280582303999985	59.263497664000006	7.213465459199999	6.9746527872	0.0	1.0
640	0.0	94.79525417600004	-8.450150743999998	5.2279954944	8.7852407328	0.0	1.0
640	0.0	70.79100560000002	65.543323552	8.5240393728	16.0504169112	0.0	1.0
640	0.0	-80.126090464	14.116842376000017	5.247443712	11.7142039728	0.0	1.0
640	0.0	-45.849679456	72.252288304	12.193174425600002	9.457846524	0.0	1.0
640	0.0	-15.886196703999993	44.25389332000002	4.2695272704	14.433564852000002	0.0	1.0
641	0.0	0.018798751999997466	-90.9398178304	7.0979559168	5.0919719256	0.0	1.0
641	0.0	102.195229472	-43.674937936	7.6612392192	9.37308456	0.0	1.0
641	0.0	-110.03487510400001	52.83887520800001	6.8067689088000005	5.9390888256	0.0	1.0
641	0.0	95.01011408	-9.377612943999997	5.346186316800001	8.619879492	0.0	1.0
641	0.0	-17.553952864	94.074213296	11.726309952	6.540848496	0.0	1.0
641	0.0	85.91306729600001	31.583028007999996	5.2881634176	6.6221314992	0.0	1.0
641	1.0	-18.826667104	-95.36911810720001	7.937697062400001	7.750963785600001	0.0	1.0
641	0.0	-44.70423664000001	73.095476384	12.105407193600001	9.5446797768	0.0	1.0
641	0.0	-111.988634464	68.01418265600002	7.496108121600001	7.293128522399999	0.0	1.0
641	1.0	-0.024101728000008392	-87.0685187344	12.0094888704	8.1489528792	0.0	1.0
641	0.0	-79.99917654400001	14.78125611200001	5.0051990016	10.9979804592	0.0	1.0
641	0.0	-15.695647072000009	44.10909675199999	4.7565549696	14.615476293599999	0.0	1.0
641	1.0	17.754929696000012	-84.9801769936	11.9705209344	8.5683586968	0.0	1.0
642	0.0	-43.829424352000004	73.60444291200001	12.049815321599999	9.378031521599999	0.0	1.0
642	0.0	-79.746421216	17.067509088	4.8074992896	9.7674941448	0.0	1.0
642	0.0	-112.00507964800002	68.08878182400001	7.4278963584	7.210799820000001	0.0	1.0
642	1.0	16.833999391999992	-84.8299255104	12.1269289344	7.9277070599999995	0.0	1.0
642	0.0	92.26341084799999	13.285496616000003	5.357590694400001	8.3920980528	0.0	1.0
642	0.0	-17.139605728000003	94.277312808	12.162750835199999	6.8104579032000006	0.0	1.0
642	0.0	-79.691008096	15.364024871999998	4.6965657984	9.967423788000001	0.0	1.0
642	0.0	85.81332368000002	31.007483808000018	6.0256226688000005	7.024987116	0.0	1.0
642	0.0	-110.145701344	53.05202951999999	7.2797467008000005	6.410196424800001	0.0	1.0
642	1.0	-0.7437572800000077	-86.5620659064	11.738286336	7.756292829600001	0.0	1.0
642	0.0	-15.618783711999997	44.04453748799999	4.7669940864	14.7426292944	0.0	1.0
643	0.0	40.80714512	-85.35178974	9.5853257472	7.2426936456	0.0	1.0
643	0.0	92.69777820800002	11.815082663999997	5.1164542464	9.580012344	0.0	1.0
643	13.0	15.252401696000003	3.7845150000000087	22.196779852800002	4.4075416896	0.0	1.0
643	0.0	53.593990688000005	57.142724352	7.1048199936000005	6.2597766168	0.0	1.0
643	0.0	85.62742160000003	5.588547216000004	5.021751436800001	8.3493651528	0.0	1.0
643	0.0	94.59576694400002	-11.113279968	5.3358902016	9.0183713256	0.0	1.0
643	0.0	-110.079920608	53.399121216000005	7.3984022784	6.3703794168000005	0.0	1.0
643	0.0	-79.70209072000002	17.939662439999992	5.1113061888	11.4176477016	0.0	1.0
643	0.0	44.976714272000024	81.458247192	12.5526089472	8.0632256544	0.0	1.0
643	0.0	-12.320809312	83.593283424	11.1656006784	5.2004632176	0.0	1.0
643	1.0	16.046775583999988	-85.1864083896	11.638006464	8.719080148800002	0.0	1.0
643	0.0	-111.95896163199998	68.05982399999999	7.6350699264	7.3009712664	0.0	1.0
643	0.0	-16.390277344000005	94.20692920800002	11.7832245888	6.966367632	0.0	1.0
643	1.0	-1.7876689600000093	-87.163061412	12.0768068736	8.0463335904	0.0	1.0
643	0.0	-0.048769504000005945	94.64873712000002	11.521031155200001	5.894767267200001	0.0	1.0
643	0.0	-15.579100767999996	43.85932807200001	4.8619113984	14.3697973104	0.0	1.0
643	0.0	86.293809056	30.084855360000006	5.461946112000001	6.9599928887999996	0.0	1.0
643	0.0	-42.54348246399999	74.70081830400001	12.90231936	10.1486917224	0.0	1.0
644	0.0	39.48009027200003	-85.5042406176	10.4860928256	7.9190398224	0.0	1.0
644	1.0	14.913130399999998	-85.5861470184	11.9948312064	8.1207391104	0.0	1.0
644	0.0	-3.3510339519999897	-90.840403416	8.750982912	5.3325028512	0.0	1.0
644	0.0	-15.598405984000006	94.38550245600001	11.401696320000001	6.558906916800001	0.0	1.0
644	1.0	-2.4082959039999894	-86.4654794976	11.673864115199999	7.408738612800001	0.0	1.0
644	0.0	-111.966469216	68.110902384	7.671320832000001	7.2238107312	0.0	1.0
644	0.0	85.42078428799998	2.695177967999983	4.9104246912	8.4323172528	0.0	1.0
644	0.0	94.351234208	-12.577459943999997	5.6899979136	8.937088322400001	0.0	1.0
644	0.0	54.67794281599999	56.14066298400001	7.0246318464	6.8147211383999995	0.0	1.0
644	0.0	0.8485655359999984	94.62923080799999	11.47855968	6.1331665752	0.0	1.0
644	0.0	86.60269251199999	29.64425402399999	5.4976607616	7.3032235416	0.0	1.0
644	0.0	-41.564994016000014	75.07606344	13.241554905600001	9.5701184208	0.0	1.0
644	0.0	-79.564094176	18.236681232000006	5.3705323392	11.6725771008	0.0	1.0
645	0.0	-9.750713056000007	83.362432664	11.1826893696	5.1453226944	0.0	1.0
645	0.0	46.27874384000001	84.62752760000001	11.862697728000002	15.6800382984	0.0	1.0
645	13.0	-13.283925087999991	7.516663111999991	22.1617444608	4.7585949767999995	0.0	1.0
645	0.0	92.94946102400002	11.095970816	5.2688224512	8.0894083536	0.0	1.0
645	0.0	85.25668995200002	2.9344896559999913	4.8002062080000005	8.3075975136	0.0	1.0
645	0.0	-95.549170528	59.83299408799999	11.805890342400001	10.5459568704	0.0	1.0
645	1.0	-3.2784606400000067	-86.59256472160001	12.1789815168	7.2156663432000006	0.0	1.0
645	0.0	-14.874102879999993	94.32397452799998	11.1777915648	6.17414994	0.0	1.0
645	0.0	-112.007582176	67.924292744	7.6365356928	7.2887647392	0.0	1.0
645	0.0	94.24755804799999	-13.060887280000005	5.9004962688	8.9966730672	0.0	1.0
645	1.0	14.120544032000007	-85.7677292584	12.046955289600001	8.088161558400001	0.0	1.0
645	0.0	55.253524256000006	55.581020263999996	7.1725312512	6.838410247200001	0.0	1.0
645	0.0	1.5560659519999922	94.42794116000002	11.6669285376	5.979931423200001	0.0	1.0
645	0.0	-40.609743328	75.282797576	12.9329932032	9.036510184800001	0.0	1.0
645	0.0	86.79002460800001	28.467045488000018	5.709696384	8.048042906400001	0.0	1.0
645	0.0	-79.313841376	19.433008783999995	5.0852798976	12.1102826544	0.0	1.0
646	13.0	15.373238048000001	3.4760486320000012	21.724981824	4.1771057832	0.0	1.0
646	13.0	-13.305375328000004	7.366451848000005	22.004013696	4.7545328376	0.0	1.0
646	0.0	-13.83305123200001	93.81480690399998	11.588778163199999	6.3877541112	0.0	1.0
646	0.0	-95.76903548799999	59.82797413599999	11.4177124992	10.489730428800002	0.0	1.0
646	0.0	85.354288544	1.887390231999994	4.9388820096	9.73706832	0.0	1.0
646	0.0	93.08316751999999	10.618174167999992	4.72530912	6.857051846400001	0.0	1.0
646	0.0	47.97867536000001	79.644577264	11.038901260800001	7.0165209744000006	0.0	1.0
646	0.0	94.05915344	-14.134330280000002	5.7926015616	8.889689995200001	0.0	1.0
646	0.0	-112.112688352	67.78815820000001	7.4629675008000005	7.3186073856	0.0	1.0
646	1.0	-4.056031839999994	-87.0219374528	11.982997824	7.6361580791999994	0.0	1.0
646	0.0	-110.6243992	55.305928384	7.0524099072	6.114163003200001	0.0	1.0
646	0.0	-8.48693641600001	83.103227368	11.1309227904	5.1510941496	0.0	1.0
646	0.0	55.704694303999986	54.977136423999994	7.5069404928	7.129778241600001	0.0	1.0
646	1.0	13.266824480000002	-85.85879818880001	11.9107105152	8.0694194112	0.0	1.0
646	0.0	-39.585494368	75.85331437600001	12.5182170624	8.6978444112	0.0	1.0
646	0.0	87.26621993600001	27.5387938	5.4299137536	7.029149803199999	0.0	1.0
646	0.0	2.4719911999999913	94.27974085600002	11.5433036544	6.093309348000001	0.0	1.0
646	0.0	-78.99351779199999	20.58006781600001	5.1004380672	12.1688820288	0.0	1.0
647	0.0	-95.670364384	59.743119072	11.6006830464	10.4427946224	0.0	1.0
647	0.0	93.29159235200002	9.662573424000016	4.9568644608	7.313660424	0.0	1.0
647	13.0	-13.301442784000004	7.270134312	22.000259904	4.7923791048	0.0	1.0
647	0.0	-14.211647968000008	36.515726687999994	4.2181896960000005	5.3673125688	0.0	1.0
647	0.0	-7.236029919999991	82.835173848	11.391829209600001	5.3427386376	0.0	1.0
647	0.0	-12.963601504000009	94.256220072	11.491787328000001	6.1595302607999995	0.0	1.0
647	1.0	12.060963487999993	-86.32127132160001	11.6701460736	8.3684692728	0.0	1.0
647	0.0	93.947254688	-15.65320092	5.3244143232	8.478830757599999	0.0	1.0
647	0.0	-112.187764192	67.708330536	7.3043072256	7.215404918400001	0.0	1.0
647	1.0	-4.78247996799999	-86.9979191424	12.0527826048	7.722951112800001	0.0	1.0
647	0.0	56.193402271999986	54.00625238399999	7.83916896	7.5675642336	0.0	1.0
647	0.0	85.44652457600002	0.4503656640000014	4.7320659456000005	8.51691834	0.0	1.0
647	0.0	-110.64978198400001	55.465002768000005	7.0691768448	5.7101008104	0.0	1.0
647	0.0	48.44378806400002	79.12455045600001	11.9303017344	6.522850404	0.0	1.0
647	0.0	-38.52478	76.331327016	12.7132354944	8.6969595888	0.0	1.0
647	0.0	-78.95168982400001	20.323476768	5.1608562432000005	9.9834310296	0.0	1.0
647	0.0	87.269794976	26.697214487999997	6.2695118976	7.3140223968	0.0	1.0
647	0.0	3.126223519999991	94.08548956799999	11.3004154368	6.1813491768	0.0	1.0
648	0.0	-14.239175776000003	36.474502007999995	4.1721789312	5.5318895352	0.0	1.0
648	0.0	85.44294953599999	-1.9724389439999999	5.3698530816000005	11.6311312152	0.0	1.0
648	0.0	57.06785705600003	53.214738527999984	7.7992715136	7.1970649632	0.0	1.0
648	13.0	-13.342198240000007	7.25103019199999	21.9841007232	4.86300402	0.0	1.0
648	0.0	93.16360592	8.888554919999992	5.4542955264	7.893158767199999	0.0	1.0
648	0.0	94.113136544	-16.194149160000006	5.1980009088	8.0349113376	0.0	1.0
648	0.0	-110.69661500800002	55.541218152	7.091914099199999	5.9180340744	0.0	1.0
648	1.0	24.649036832000025	-77.894021688	10.282351296	11.0871665352	0.0	1.0
648	0.0	-6.039821535999998	82.72658200800001	11.208465408	5.5759697784	0.0	1.0
648	0.0	-111.990779488	67.72683136799999	7.710610521600001	7.194832797600001	0.0	1.0
648	0.0	85.62670659200002	-0.15835192800000908	5.1983584128	8.6857786512	0.0	1.0
648	0.0	-12.353699680000004	94.305890784	11.8887240192	6.2959135680000005	0.0	1.0
648	0.0	49.031524639999994	79.11349017600001	12.1356877824	7.672013496	0.0	1.0
648	0.0	-78.71680969600001	20.82883101599999	4.9264408704000004	9.579348727200001	0.0	1.0
648	1.0	11.134670624000005	-86.45055594	11.933340518400001	8.1571978152	0.0	1.0
648	0.0	3.795113504000007	94.14622055999999	11.853545625600002	6.353869435199999	0.0	1.0
648	0.0	-37.73290864	76.71723024	12.541204569600001	8.2119763656	0.0	1.0
648	0.0	87.88899190400002	26.029374672000017	5.661004339200001	6.315922619999999	0.0	1.0
648	1.0	-5.636199519999995	-87.8929974384	12.025362048	10.2288284784	0.0	1.0
649	0.0	-18.33867414399999	-94.6952305152	6.376548595199999	9.4711389696	0.0	1.0
649	0.0	49.59852598399999	79.12837128	11.7690674304	8.3897653392	0.0	1.0
649	0.0	57.49721936000003	52.788415007999994	7.2578317056	6.377457996	0.0	1.0
649	0.0	85.358578592	-1.9414701599999922	5.3326726656000005	9.294435914400001	0.0	1.0
649	0.0	-14.094029152000017	36.270590664000004	3.9640401024000003	5.206898289600001	0.0	1.0
649	0.0	93.85251612800003	6.370229712000005	4.958187225600001	9.5928020496	0.0	1.0
649	0.0	-110.72521532799999	55.62748833599999	7.030065907199999	6.1786544904000005	0.0	1.0
649	0.0	-11.579346016	94.309510512	11.914964812800001	6.3172498536	0.0	1.0
649	1.0	26.570620832000014	-81.0912671016	16.356523008	15.980053420800001	0.0	1.0
649	0.0	93.37346076800002	-17.065095935999995	5.4129323136	9.269138037600001	0.0	1.0
649	0.0	-78.435811552	23.086938000000004	5.1291456384	11.2759353504	0.0	1.0
649	0.0	-111.967541728	67.613413224	7.809388876800001	7.3467206064	0.0	1.0
649	0.0	-36.482002144000006	77.611303056	13.757790681600001	8.7750451656	0.0	1.0
649	0.0	4.5197741120000074	93.945526752	12.1036911744	6.1824350952	0.0	1.0
649	0.0	88.34731203199999	25.15199282400002	5.7101611392	7.383279859200001	0.0	1.0
649	1.0	10.421092640000008	-87.86224986	12.1397990784	10.9133592624	0.0	1.0
649	1.0	-6.442371039999999	-87.8311000896	11.857156416	10.0125095112	0.0	1.0
650	0.0	-18.366559455999994	-94.6004338608	5.698971264	9.6607322784	0.0	1.0
650	0.0	-95.61495126400001	59.73266207999998	11.6871275136	10.403661340800001	0.0	1.0
650	0.0	-13.89060937599999	35.836022207999996	3.6003512832	4.3272038376	0.0	1.0
650	0.0	-110.79600112	55.750156896	6.922314201599999	6.416671716	0.0	1.0
650	0.0	93.62478608000002	-17.891600496	5.1337931904000005	8.8945967376	0.0	1.0
650	0.0	58.14787664	52.269386232	6.841911552	6.2421002784	0.0	1.0
650	0.0	34.19332112000001	-87.967020876	10.8383415168	7.2458508528	0.0	1.0
650	0.0	85.16802895999999	-3.5434008959999996	6.057547776	11.8342381752	0.0	1.0
650	0.0	-11.110300767999997	94.31494010400002	12.5838547968	5.9410394568000005	0.0	1.0
650	0.0	93.79460048000003	5.939683176000008	4.923688089600001	9.4865831424	0.0	1.0
650	0.0	-23.579325280000006	-92.4295221024	7.2723106176	13.8410153784	0.0	1.0
650	1.0	22.874029471999993	-79.6971891912	10.3708692864	8.872657164000001	0.0	1.0
650	0.0	-3.3145685439999943	82.630055928	11.0005053312	6.0701430888	0.0	1.0
650	1.0	9.585605791999992	-87.4272389928	12.272754815999999	9.7636934304	0.0	1.0
650	0.0	-111.99685705600001	67.650213792	7.642684761599999	7.327334952	0.0	1.0
650	0.0	-35.44345302400001	77.93285556000001	13.39924992	8.538355173600001	0.0	1.0
650	0.0	-78.108695392	23.992272191999984	5.2169128704	10.9583846568	0.0	1.0
650	0.0	50.36823209600002	80.01238929600001	12.5344834944	10.113520032	0.0	1.0
650	0.0	88.49925123199999	24.513513024	5.4277687296	7.31436426	0.0	1.0
650	1.0	-7.2313823679999985	-87.2928666456	12.001802534400001	9.1492848216	0.0	1.0
650	0.0	5.203679264000005	93.964630872	11.6493750912	6.228888271200001	0.0	1.0
651	0.0	-110.79778864	55.760010599999994	6.5249127552	5.9302808208	0.0	1.0
651	0.0	94.032698144	6.275111303999999	4.667035968	7.0595555184	0.0	1.0
651	0.0	-1.9832236479999938	82.14903429600001	11.155268812800001	5.7895337304	0.0	1.0
651	13.0	-13.356498399999994	7.243589639999999	22.004978956800002	4.8937314888	0.0	1.0
651	0.0	94.38412457600002	4.888152192000001	5.1532771584	9.4073513184	0.0	1.0
651	0.0	85.28636278400003	-3.963691536000002	5.4304500096	10.8943959096	0.0	1.0
651	1.0	8.109829279999998	-88.21662123120001	10.589947737600001	10.775347077600001	0.0	1.0
651	0.0	93.582600608	-18.998633976	4.5896006016	8.1983621664	0.0	1.0
651	0.0	51.132933151999985	79.07025453600001	12.294383808000003	9.3122329104	0.0	1.0
651	0.0	59.30440207999999	51.03465679199999	6.218567577600001	7.1926609608000005	0.0	1.0
651	0.0	-77.677903072	25.215941351999994	5.200610688	10.2665339784	0.0	1.0
651	0.0	5.7642455359999945	93.994191984	11.7655281408	6.200292419999999	0.0	1.0
651	0.0	-10.84431779199999	94.617589584	12.480714892800002	6.289277399999999	0.0	1.0
651	0.0	-24.142394080000006	-92.397567948	6.777668083200001	13.715611912799998	0.0	1.0
651	1.0	8.81518467200001	-86.8927459344	11.8832899584	8.543362464	0.0	1.0
651	0.0	-34.184323936000006	78.74468011200001	13.8343680384	9.2200706136	0.0	1.0
651	0.0	-112.035109984	67.64518639199999	7.474336127999999	7.1873118071999995	0.0	1.0
651	1.0	22.863304352000018	-79.287818064	12.105979199999998	10.2359070576	0.0	1.0
651	0.0	88.681220768	24.084977448000007	5.2978875264	7.357901544000001	0.0	1.0
651	1.0	-7.9917933759999995	-87.8615058048	11.937630566400001	9.8511098616	0.0	1.0
652	0.0	-13.722224991999994	35.60898482399999	3.7066729728	4.5525721248	0.0	1.0
652	0.0	85.074720416	-5.3695536719999994	5.371890854400001	10.5257869416	0.0	1.0
652	0.0	-1.6889978559999979	94.29784694399999	28.5539874816	6.8563480104	0.0	1.0
652	0.0	93.99051267200002	3.928320983999994	4.6597786368	9.9937070352	0.0	1.0
652	0.0	24.923599904000003	8.461829208	4.0325021184	5.735278029600001	0.0	1.0
652	0.0	-95.45407446400002	59.710541520000014	12.03269088	10.527275052	0.0	1.0
652	0.0	31.71581840000002	-88.974109644	11.44727808	8.0562878424	0.0	1.0
652	0.0	85.37573878399999	-4.037493767999994	5.0025892224	9.020281737600001	0.0	1.0
652	0.0	93.04920464000001	-19.929105167999992	4.7136544896	8.5576000608	0.0	1.0
652	0.0	78.85808336	48.904647960000005	4.7092929408	9.115701789600001	0.0	1.0
652	0.0	-0.8831838400000003	82.25501188800001	11.0904533376	6.127555996800001	0.0	1.0
652	0.0	-77.544911584	25.625171712	5.3027853312	9.244865750399999	0.0	1.0
652	0.0	60.016907551999985	50.14118726399999	6.786677184	7.3929324672000005	0.0	1.0
652	0.0	52.142524447999996	77.399146776	12.0862092288	7.407170063999999	0.0	1.0
652	1.0	7.780210592000008	-88.2497216328	12.253807104000002	10.436419879199999	0.0	1.0
652	0.0	-112.06692784	67.63412611199999	7.5461586816	7.329446460000001	0.0	1.0
652	0.0	88.89286313599999	22.651766256	5.814087552	7.4976230448	0.0	1.0
652	0.0	-33.28234134400001	79.01716519200001	13.2785565696	8.490836188800001	0.0	1.0
652	1.0	-8.668190943999985	-87.6502142376	11.974775231999999	10.3333581792	0.0	1.0
653	1.0	6.720926239999996	-88.5767841672	10.9451994624	10.7232229944	0.0	1.0
653	0.0	-95.52128521600001	59.719993032000005	11.915715571200002	10.406114712	0.0	1.0
653	13.0	-13.322893023999997	7.2506280000000105	22.0184568576	4.8814847424000005	0.0	1.0
653	0.0	84.88274076799999	-5.926991784000001	5.2968150144	9.4566198384	0.0	1.0
653	0.0	31.114139168000023	-89.23076846880001	11.4800611968	8.0176573008	0.0	1.0
653	0.0	89.94928745600001	-23.046294264000004	4.248220032	10.215475704000001	0.0	1.0
653	0.0	0.5289569599999897	81.69536172	10.9839171456	5.7134188944	0.0	1.0
653	0.0	94.29117353600003	4.654478640000004	4.1781134976	6.8173152768000005	0.0	1.0
653	1.0	6.970106528000004	-86.8980347592	12.120279360000003	7.7905998072000004	0.0	1.0
653	0.0	93.24118428799999	-20.861989511999997	4.487211456000001	8.4818874168	0.0	1.0
653	0.0	85.31031555200002	-4.491568535999998	5.1466633344	8.930190729600001	0.0	1.0
653	1.0	21.04146396800002	-79.732742964	11.9377378176	9.407009455199999	0.0	1.0
653	0.0	52.59333699199999	78.304078776	12.693751526400002	10.618653074400001	0.0	1.0
653	0.0	-112.04190256	67.654235712	7.486670016	7.3105635456	0.0	1.0
653	0.0	60.70939280000002	49.341830664000014	7.136959603199999	6.85536264	0.0	1.0
653	0.0	-77.145579616	27.604157448000002	5.7532046208	11.7401051376	0.0	1.0
653	0.0	-32.31386300800001	79.35762072	13.433248550400002	8.108251048800001	0.0	1.0
653	0.0	89.04766236800002	22.323376487999994	5.885302348800001	7.2173756592	0.0	1.0
653	1.0	-9.500817760000006	-87.4282243632	12.046883788799999	10.810961179200001	0.0	1.0
654	0.0	30.339428000000012	-89.6719730928	11.3764207872	7.740868766399999	0.0	1.0
654	0.0	94.41093737599998	3.5241180239999967	3.8079538560000006	7.3864169568	0.0	1.0
654	0.0	-95.710047328	59.708530559999986	11.5406223744	10.5217851312	0.0	1.0
654	0.0	24.660476960000015	8.000514983999995	4.3668041088	4.5546635232	0.0	1.0
654	1.0	19.32508726400001	-79.47135838320001	9.6664434048	10.965865428	0.0	1.0
654	1.0	5.9751728959999895	-88.3843755144	11.989504396800001	10.3681678968	0.0	1.0
654	0.0	84.85056540800002	-7.155889439999998	5.116954752	11.1084827112	0.0	1.0
654	0.0	91.99278032	-21.644051856	5.9301333504	8.298528083999999	0.0	1.0
654	0.0	-8.671408479999991	94.73724170400001	11.685661747200001	5.8073709456	0.0	1.0
654	0.0	85.13049104000001	-5.884761623999997	4.9534681728	8.9012731248	0.0	1.0
654	0.0	89.63897398399999	20.797862232000007	5.1401925120000005	7.4757035808	0.0	1.0
654	0.0	1.6547370560000036	81.387885936	11.011838208	5.6965670496000005	0.0	1.0
654	0.0	8.098746655999994	93.775399536	11.6392219776	6.0861101112	0.0	1.0
654	0.0	-112.015804768	67.601146368	7.6430422656	7.1977687991999995	0.0	1.0
654	0.0	-30.816278751999995	79.71255516000001	14.178251136	7.880912020799999	0.0	1.0
654	0.0	53.403798560000006	77.685105288	12.4169004288	10.0155259512	0.0	1.0
654	0.0	-76.83312112	28.122985127999996	5.960914444799999	11.627833240800001	0.0	1.0
654	1.0	-10.202240608000018	-87.0153742752	12.058109414399999	10.2176274312	0.0	1.0
654	0.0	61.45157110399999	48.04777790399999	6.941583667200001	7.964004888	0.0	1.0
655	0.0	54.16170704000002	77.366159584	12.2478725376	10.0544179176	0.0	1.0
655	0.0	-13.276775008000007	35.056968856000005	3.9960367104000003	4.102961688000001	0.0	1.0
655	0.0	85.27778268800002	-6.817452320000004	4.490071488	9.0480530952	0.0	1.0
655	0.0	29.864305184000006	-89.8606085888	11.583308352	7.548540552	0.0	1.0
655	1.0	17.95405942400001	-79.53947704640001	8.3757467136	10.559470521600002	0.0	1.0
655	0.0	24.626871584000018	8.597762656000006	4.5691156224	5.7917860056	0.0	1.0
655	0.0	-76.72086486400002	28.180893328000003	5.232893299200001	9.0322067304	0.0	1.0
655	0.0	91.985987744	-22.44060056	5.5009855488	9.080288784	0.0	1.0
655	0.0	8.72652368	93.97367274399998	11.821441766400001	6.2908459488	0.0	1.0
655	0.0	-112.187764192	67.77850559199999	7.3485662207999995	7.0879904928	0.0	1.0
655	0.0	80.46399132799999	46.70082944799999	4.2163664256	9.5572683864	0.0	1.0
655	0.0	2.9581966400000015	81.252741976	11.280502464000001	5.6374448256	0.0	1.0
655	0.0	61.619240479999995	47.714152192	7.6605242112	7.9110160920000006	0.0	1.0
655	0.0	89.90567196800001	20.309995887999996	5.331921907200001	7.423177305599999	0.0	1.0
655	1.0	5.074262815999994	-88.0704117776	12.336855283199998	9.641346624	0.0	1.0
655	0.0	-7.957472992000008	94.85447322400002	11.419178265600001	5.8726668168	0.0	1.0
655	1.0	-11.083487967999996	-87.094372232	11.694670848000001	10.1968944336	0.0	1.0
655	0.0	-29.893918432000007	80.153149048	13.558517951999999	7.5207088656	0.0	1.0
656	0.0	94.327996448	0.9542973440000071	4.104002918400001	9.955297699199999	0.0	1.0
656	1.0	18.384494240000016	-79.434834136	11.3126063232	10.4002628184	0.0	1.0
656	0.0	-13.316815456000015	35.146449128	3.921103872	4.5537787008	0.0	1.0
656	0.0	84.48734134400001	-9.529239328	5.1387267456000005	8.9103224448	0.0	1.0
656	1.0	-11.980823008	-86.3789203312	11.7942714624	10.084059468	0.0	1.0
656	0.0	91.34391056	-23.543820664	6.0913319040000005	9.6366811968	0.0	1.0
656	1.0	4.294546592000003	-87.7999652152	12.013206912	8.6370933096	0.0	1.0
656	0.0	-76.238949472	30.250767008	5.652102489600001	8.9207995464	0.0	1.0
656	0.0	-112.00829718400003	67.821130496	7.605325593600001	7.2129716568	0.0	1.0
656	0.0	24.520335391999986	8.792013944	4.660922649600001	5.9313667392000005	0.0	1.0
656	0.0	62.384656544000016	47.47383502399999	7.144788940800002	7.3820129544	0.0	1.0
656	0.0	4.1669176640000085	81.24107096	10.9425181824	5.9497871328	0.0	1.0
656	0.0	90.12803945600001	19.840228183999997	5.6641503744	7.3397827944000005	0.0	1.0
656	0.0	9.489437215999992	93.807157808	11.877355392	6.6046763664000006	0.0	1.0
656	0.0	-28.98800329600001	80.36469459199999	13.251028761599999	7.009563052800001	0.0	1.0
656	0.0	-7.150228960000001	94.830334256	11.542660147200001	5.7498574896	0.0	1.0
657	1.0	17.963712031999982	-79.7139226128	11.7399308544	10.0898711424	0.0	1.0
657	0.0	84.786214688	-9.315079536000004	5.3541944063999996	6.2798258879999995	0.0	1.0
657	0.0	-13.253894752000006	35.080884384	4.0677877632	4.747554806400001	0.0	1.0
657	0.0	-75.929708512	31.140006072	5.2782605568	10.0722149136	0.0	1.0
657	0.0	63.85507049599998	45.832482024	5.9379269376	7.1884580544	0.0	1.0
657	0.0	-112.06013526400001	67.928910504	7.5483037056	7.190328247200001	0.0	1.0
657	0.0	90.27104105600002	19.426365168000004	5.5329464064	7.246192716000001	0.0	1.0
657	0.0	24.423451808000014	8.783359368000005	4.7467236096	5.3277770952	0.0	1.0
657	0.0	91.32174531199999	-23.905197624000003	5.6802738048	9.092857284	0.0	1.0
657	1.0	-12.602164959999996	-86.1329672616	11.8168299648	10.207934604	0.0	1.0
657	0.0	5.516137760000009	80.99351433599999	11.16395616	5.937882249599999	0.0	1.0
657	0.0	-26.97883081599999	81.38645592	15.312039321599999	7.909869844800001	0.0	1.0
657	0.0	-6.499571679999993	94.876176696	11.7172293504	5.7262689288	0.0	1.0
657	0.0	9.978145183999992	93.91413343200001	11.7178371072	6.691429180800001	0.0	1.0
657	1.0	3.1970093119999996	-88.8340284048	12.124390656000001	10.6481538576	0.0	1.0
658	0.0	84.42370563200001	-11.272950192000005	6.125437785600001	10.029361356	0.0	1.0
658	0.0	24.37554627200001	9.426263280000008	4.2561923712	6.3621948096	0.0	1.0
658	0.0	-75.51357385600001	31.639729632	5.2937047296	9.9781019856	0.0	1.0
658	1.0	17.075314592	-79.7935164096	11.963942860800001	10.8244145016	0.0	1.0
658	0.0	6.664798112000004	80.80649505600002	10.8687293568	6.092464744800001	0.0	1.0
658	0.0	-112.15380131200001	67.88024527200001	7.4778039168	7.110553464	0.0	1.0
658	1.0	-13.195264096000002	-86.0529511632	12.004591065600001	9.6612149088	0.0	1.0
658	0.0	-5.750243295999995	95.114877648	11.902023168	5.7539196288	0.0	1.0
658	0.0	-13.203486688000009	34.47216679200001	3.9204603648000003	5.096979216	0.0	1.0
658	0.0	-26.319950944	81.252928176	14.109610368	7.0048574064	0.0	1.0
658	0.0	90.80157699200001	-24.907661183999995	5.778015398399999	8.9593094304	0.0	1.0
658	0.0	90.40546256000002	17.95333696799999	5.1340434431999995	6.8964465528000005	0.0	1.0
658	1.0	2.537056928000005	-88.8869769816	11.7304569984	10.511991756	0.0	1.0
658	0.0	10.713530912000008	93.81338433600003	11.605652352	6.5892523032	0.0	1.0
659	0.0	-14.539121632000017	-89.1730762608	7.887968256000001	5.3988042024	0.0	1.0
659	0.0	81.762088352	43.591267103999996	4.6012194816	8.8847631432	0.0	1.0
659	0.0	-75.73415382399999	31.624245239999997	4.42768704	7.8617274624	0.0	1.0
659	0.0	94.61113961600002	0.15412891200000226	4.2683117568	6.0451267464	0.0	1.0
659	0.0	25.24606851199999	-91.2403230312	11.619237503999999	7.6573737072000005	0.0	1.0
659	0.0	84.58136489600001	-10.132132584000002	5.1358309632	8.285999803200001	0.0	1.0
659	0.0	63.636635551999994	47.9653062	8.284440192	14.581088877600003	0.0	1.0
659	0.0	24.082035488000027	9.303393623999998	4.4198577024	5.9237452008	0.0	1.0
659	0.0	-112.071217888	67.902566928	7.5929202047999995	7.1481986352	0.0	1.0
659	0.0	-12.894960736000003	34.42470813599999	4.0223132544	4.987221019200001	0.0	1.0
659	0.0	90.56848438400002	-25.883378976000003	5.7176329728	9.0486362736	0.0	1.0
659	0.0	90.56884188800001	17.341804032	5.0942174976	7.043146084800001	0.0	1.0
659	0.0	-4.986972255999996	95.15288479199998	11.4660827904	5.6969893512	0.0	1.0
659	0.0	11.563675424000001	93.60665764799998	11.738572339200001	6.2621696592000005	0.0	1.0
659	0.0	-25.076909536	81.86245015200001	14.9196071808	7.6754924568	0.0	1.0
659	0.0	7.83383619200001	80.59735521600001	11.111867827200001	6.2355646584	0.0	1.0
660	3.0	1.002292256	-88.9991483304	12.013564416000001	10.5059387664	0.0	1.0
660	0.0	81.91653008	42.704634840000004	4.6216687104	9.714344472	0.0	1.0
660	0.0	-74.38207369599999	34.3360248	6.102807782399999	11.066956387200001	0.0	1.0
660	0.0	65.382327584	43.3451256	6.0800347776	7.5128661216	0.0	1.0
660	0.0	57.841495712	75.588456048	12.303535910399999	10.8667854288	0.0	1.0
660	0.0	-12.818454879999999	34.031967648	4.1386808064	4.6621895544	0.0	1.0
660	0.0	84.40761795200002	-11.231122224	5.225457216000001	8.7921785448	0.0	1.0
660	0.0	90.82910480000002	16.791002088	5.094074496	6.719019551999999	0.0	1.0
660	0.0	23.752059296000027	9.22456399200002	4.828806528	5.7019363128	0.0	1.0
660	0.0	90.86378268800001	-26.583394152000004	4.7308146816	8.4261436056	0.0	1.0
660	0.0	-112.15558883199999	67.90799651999998	7.420353024000001	7.1231420735999995	0.0	1.0
660	0.0	24.847451552000006	-91.3647210168	10.563492441600001	7.446182688	0.0	1.0
660	0.0	-24.489887967999998	81.970237608	13.390777075199999	7.254839843999999	0.0	1.0
660	0.0	9.023252000000006	80.402493192	10.7582248704	6.444282196800001	0.0	1.0
660	0.0	-4.3645577919999985	95.16474945600001	11.479417689599998	5.7411500328	0.0	1.0
660	0.0	12.354831776000003	93.50470197599999	11.6030783232	6.3599425344	0.0	1.0
661	1.0	-0.12777788799999962	-89.1285334968	12.452221823999999	10.17193842	0.0	1.0
661	0.0	58.50752566400001	74.906941704	12.0497080704	10.885205822400001	0.0	1.0
661	0.0	84.26997891199998	-12.579672	4.8416409216	8.3203268904	0.0	1.0
661	0.0	23.521111712000007	8.99732551199999	4.2696345216000005	5.565432348	0.0	1.0
661	0.0	-100.715460832	32.16861211200001	6.5286307968	4.9771863288	0.0	1.0
661	0.0	-12.735156448000021	33.88476537599999	4.230487833600001	4.849530588	0.0	1.0
661	0.0	82.47888387200001	41.781000911999996	5.1865607808	9.2696809968	0.0	1.0
661	0.0	90.966028832	15.816289776000009	5.1668980608	7.726047991200001	0.0	1.0
661	0.0	-112.044047584	67.895327472	7.6982051328	7.2258619104	0.0	1.0
661	0.0	24.304045472000002	-90.9402274704	10.877237952000002	8.398975536	0.0	1.0
661	0.0	-73.95092387199999	35.125527696000006	6.061802073599999	10.8753521184	0.0	1.0
661	0.0	64.93973763200003	45.910507272000004	8.752412928	15.693370963200001	0.0	1.0
661	0.0	-22.449970144	82.327786296	15.5462759424	7.066875412800001	0.0	1.0
661	0.0	90.64141520000001	-27.543828648	4.7025361152	8.7504310152	0.0	1.0
661	0.0	10.372114592	79.95867432	10.9034072448	5.8381989624	0.0	1.0
661	0.0	13.023721759999997	93.48036936	11.3804963328	6.849108554400001	0.0	1.0
661	0.0	-3.573758944000004	95.257856904	11.6846964864	6.15755952	0.0	1.0
662	0.0	95.11665027200002	-2.201509631999996	4.8520800384000005	6.0908559768	0.0	1.0
662	0.0	-112.10661078400001	67.956862848	7.5552035328	7.260128668799999	0.0	1.0
662	0.0	-12.628262752000003	33.823229999999995	4.177755993600001	4.3622146511999995	0.0	1.0
662	0.0	22.127561120000014	13.846353359999998	5.561510976	15.2909979768	0.0	1.0
662	0.0	90.00791811199998	-28.390643903999994	5.1064441344	8.068956890399999	0.0	1.0
662	0.0	82.964374304	40.991699112000006	4.712939481599999	9.228898727999999	0.0	1.0
662	0.0	-21.173680864000012	82.43195402399999	14.518058688000002	6.927978405599999	0.0	1.0
662	0.0	11.572255519999993	79.61500125600001	11.02810464	5.9389480584	0.0	1.0
662	0.0	84.170950304	-13.547144856	4.9630135296	8.3386266264	0.0	1.0
662	0.0	59.258284064	74.66562650400002	12.018211968000001	11.3914247832	0.0	1.0
662	0.0	-73.419672928	36.758025024	6.600203097600001	11.964870136799998	0.0	1.0
662	0.0	91.20233897600004	15.007079471999992	5.0106330624	8.0024343336	0.0	1.0
662	0.0	23.607270176000007	-91.537804344	11.610371404799999	7.4317842143999995	0.0	1.0
662	0.0	13.829178272000009	93.300991728	11.7398593536	6.730522243199999	0.0	1.0
662	0.0	-2.945266912000004	95.18264699999999	11.606474611200001	5.8794839712	0.0	1.0
662	0.0	65.51460406399998	44.90160864	8.742224064	15.4680831144	0.0	1.0
662	1.0	-0.7047893440000012	-89.1003800568	12.186238848	10.11713976	0.0	1.0
663	0.0	95.24821174399999	-2.591032583999991	4.715656512000001	5.8539447792	0.0	1.0
663	0.0	21.81867766400002	14.101343088000009	5.7927445632	16.098519074400002	0.0	1.0
663	0.0	86.79395715199999	-32.51230752	3.8385561984	8.117782999200001	0.0	1.0
663	0.0	61.19238070399998	71.733445728	9.4202304	7.0721039088	0.0	1.0
663	1.0	11.655911456000002	-80.60825685360001	8.6903502336	9.2453684904	0.0	1.0
663	3.0	-17.109932896000004	-85.65176464320001	11.872564838399999	10.4425734168	0.0	1.0
663	0.0	23.289806624	-91.67995910639999	11.4652247808	7.622403112800001	0.0	1.0
663	0.0	-112.18919420799999	68.022420144	7.2815699712	7.261114039200001	0.0	1.0
663	0.0	95.22032643200004	-4.950089759999995	5.8667478912	9.872908667999999	0.0	1.0
663	0.0	84.12912233599998	-14.499133320000004	4.5437328384	7.832669090400001	0.0	1.0
663	0.0	-72.853029088	38.004216936000006	6.6606927744	12.433001515199999	0.0	1.0
663	0.0	-20.558416479999998	82.737418848	14.2676986368	6.426827064	0.0	1.0
663	0.0	89.96394512	-29.261992872000008	4.6899519744000004	8.5062401424	0.0	1.0
663	0.0	14.418702368000002	93.37419067199998	11.7237716736	6.917099111999999	0.0	1.0
663	1.0	-1.558151391999998	-89.2864944048	12.0278288256	10.191143088	0.0	1.0
663	0.0	91.21842665600002	14.060118407999985	5.154564172800001	7.6264451424	0.0	1.0
663	0.0	-2.3457327040000084	95.24900868000002	11.753659008000001	5.838983236800001	0.0	1.0
663	0.0	66.12557840000001	44.336327784	8.5246471296	14.716165060800002	0.0	1.0
663	0.0	12.648700063999991	79.48911516	10.858647744	5.8509082296	0.0	1.0
664	0.0	61.37363523200002	71.41591514400001	10.289501376	7.2766989792	0.0	1.0
664	0.0	94.551436448	-5.122630127999999	4.822621708800001	8.9179439832	0.0	1.0
664	0.0	67.78975952	40.165194552	5.233250803200001	7.2898908767999995	0.0	1.0
664	0.0	84.00292342400002	-15.588872543999997	4.5832727808	8.4816863208	0.0	1.0
664	0.0	89.52957776000002	-30.489683952	4.8313448064	8.7091258968	0.0	1.0
664	0.0	21.887318432000004	-92.3108374776	10.7404211712	7.153648336800001	0.0	1.0
664	0.0	-19.977829984000003	82.966869384	14.198664614399998	6.359600671200001	0.0	1.0
664	0.0	13.926061856000004	79.150469496	11.0966024064	6.0668048952	0.0	1.0
664	0.0	91.24273692799999	13.195606704000005	5.2255644672	7.110633902400001	0.0	1.0
664	0.0	15.081872288000001	93.37318519200004	11.270992857599998	7.289207150399999	0.0	1.0
664	0.0	-1.3958445760000038	95.105023944	11.3895769344	5.9410595664	0.0	1.0
664	0.0	-72.43689443200002	38.45044896	6.3968548224	11.3935362912	0.0	1.0
665	0.0	-111.948594016	67.97435820000001	7.7629133567999995	7.5947725224000004	0.0	1.0
665	0.0	21.465821216000002	14.185401215999997	5.6039467008	15.740045344800002	0.0	1.0
665	1.0	-18.603584608	-84.8391759264	11.8073203584	10.3738589136	0.0	1.0
665	0.0	61.60208028800001	72.320243856	11.3256194688	9.3305326464	0.0	1.0
665	0.0	84.25138870400001	38.27087023199999	4.750763404800001	9.0417386808	0.0	1.0
665	0.0	95.007969056	-6.288584736	6.029662464	9.464221267200001	0.0	1.0
665	0.0	89.40552387200002	-31.467613799999995	4.7032868736	8.892324352800001	0.0	1.0
665	13.0	-13.308235360000001	7.443858911999998	22.0782672768	4.940486308800001	0.0	1.0
665	0.0	-71.91350857600001	39.25262090399999	6.573104294399999	11.014731756	0.0	1.0
665	0.0	91.38931356800002	12.821970335999994	5.4137545728	6.8863917528	0.0	1.0
665	0.0	68.185873952	39.130555632000004	5.959126924800001	7.4028465	0.0	1.0
665	0.0	-17.72483977600001	83.05877025600002	15.6449470464	6.2288078328	0.0	1.0
665	1.0	-3.255580384000005	-89.0715227808	12.382043788799999	10.3425482664	0.0	1.0
665	0.0	15.234168992000015	78.686339928	11.0564904576	6.418722895200001	0.0	1.0
665	0.0	15.821548064000005	92.99271156	11.527609228800001	7.049520828	0.0	1.0
665	0.0	-0.8853288640000038	95.01432964800001	11.206141632	5.8785187104	0.0	1.0
666	0.0	85.99028816	-34.499940384	4.1995279872	9.636419772	0.0	1.0
666	1.0	-19.335037791999994	-85.254157632	11.5845238656	10.2017810664	0.0	1.0
666	0.0	94.49745334400001	-6.156464663999998	4.607511552	7.4017605816000005	0.0	1.0
666	13.0	-13.283567584000004	7.467387143999994	22.1652837504	4.8670259399999996	0.0	1.0
666	0.0	19.337599904000005	-92.5663299456	12.124926912000001	7.2363591216000005	0.0	1.0
666	0.0	62.089358240000024	72.904628832	11.3323047936	11.5398336312	0.0	1.0
666	0.0	88.90573328	-32.420205552	5.1612494976	9.0451774224	0.0	1.0
666	0.0	84.965324192	37.50107474399999	4.0408319616	8.838309967199999	0.0	1.0
666	0.0	16.750700960000014	92.84329723200003	11.5823073408	6.5627880696	0.0	1.0
666	0.0	-71.462696032	40.40510207999999	6.546291494399999	11.330472585599999	0.0	1.0
666	0.0	-0.1771134399999947	94.97169729599999	11.565004147199998	6.1055560944	0.0	1.0
666	0.0	-17.057379808000004	83.177416896	14.9363741184	6.045689815199999	0.0	1.0
666	0.0	69.04602857600004	37.938257448	5.7647162496	7.882118596800001	0.0	1.0
666	0.0	16.25984796800001	78.628625376	11.146974720000001	6.4331012592	0.0	1.0
666	0.0	91.584510752	11.395596407999994	5.2698949632000005	7.9329958847999995	0.0	1.0
666	1.0	-4.034581600000001	-89.1359338296	12.183593318400002	10.1095383312	0.0	1.0
667	0.0	89.03979728000002	-33.35087784	4.131745228800001	8.3416229568	0.0	1.0
667	0.0	-111.70942384000001	59.711323560000004	7.4888507904	6.0088691376000005	0.0	1.0
667	0.0	85.22951964799998	36.67597785600002	4.730171174400001	8.8686955728	0.0	1.0
667	0.0	69.43463542400002	37.01160707999998	6.075458726400001	8.396964576	0.0	1.0
667	0.0	17.349877664000022	92.618673	11.02810464	6.8827720248	0.0	1.0
667	0.0	17.714174239999988	78.029962584	11.1738947712	6.504369681600001	0.0	1.0
667	0.0	91.767910304	10.874556671999999	5.1629655168	7.6742456616	0.0	1.0
667	0.0	-16.14967715200001	83.296666824	14.7688834944	6.134232384	0.0	1.0
667	0.0	-71.029401184	41.00155281599998	6.554335334399999	11.0459217456	0.0	1.0
667	1.0	-4.721704288000004	-89.0636599272	12.227637811200001	10.1499586272	0.0	1.0
667	0.0	0.48855900799999497	95.12231820000002	11.988682137600001	6.574532076	0.0	1.0
668	0.0	20.99248592000001	14.208527255999991	6.0286972032	15.5872324944	0.0	1.0
668	0.0	88.42131536000002	-34.11464044800001	4.683123648	8.811725076	0.0	1.0
668	1.0	-20.686402912	-84.68851480320001	11.5286459904	9.8562981384	0.0	1.0
668	0.0	85.180899104	36.02060599199999	5.0181406464	8.4714505344	0.0	1.0
668	0.0	63.67882102400001	71.334471264	11.531756275200001	12.330724089599999	0.0	1.0
668	0.0	-70.864234336	41.034532559999995	5.894525952	9.1512354528	0.0	1.0
668	0.0	69.70598095999999	36.37212180000001	6.4714301567999994	9.1467711216	0.0	1.0
668	0.0	91.65207900800003	9.770137439999992	5.4167576064	8.1616621464	0.0	1.0
668	0.0	18.36411651199998	92.57402968800001	11.812146662400002	7.38977526	0.0	1.0
668	1.0	-5.584718943999996	-89.2264270296	12.2093693568	9.8217699552	0.0	1.0
668	0.0	-15.552287968000018	83.47101705600001	13.769373811200001	6.2511093792	0.0	1.0
668	0.0	1.3254758720000004	94.86029011200002	11.524320192	6.334363123199999	0.0	1.0
668	0.0	18.78489872000001	77.655722928	11.2048546176	6.1120716048	0.0	1.0
669	0.0	87.55973072000003	-35.85412084800001	5.8360382976	9.9588168792	0.0	1.0
669	0.0	-111.8488504	59.94258396	8.0325428736	5.8476303648000005	0.0	1.0
669	0.0	69.71634857600002	35.838413016	6.757540608	8.2103072688	0.0	1.0
669	0.0	-11.659784416000003	34.168109640000004	3.8723403264000003	7.2736021008	0.0	1.0
669	0.0	95.09055248000004	-8.125998887999996	5.009739302400001	6.371063143200001	0.0	1.0
669	1.0	-6.257183968000003	-88.9099421448	11.8776771456	10.456006629600001	0.0	1.0
669	0.0	85.65923945600001	35.034029015999984	4.7797927296000005	9.0324480456	0.0	1.0
669	0.0	20.75188572800002	14.394339959999996	6.112424640000001	15.3463999248	0.0	1.0
669	0.0	-70.037685088	42.50534870400002	6.5723892864	9.5594804424	0.0	1.0
669	0.0	20.13983888000003	77.24448160800002	10.874592422400001	6.0425124984	0.0	1.0
669	0.0	91.74467254400003	9.077160623999992	5.6666529024	7.487668792799999	0.0	1.0
669	0.0	2.0454889280000073	94.93932084000002	11.7106870272	6.473481335999999	0.0	1.0
669	0.0	-13.852713952000007	83.629078512	14.997471552	6.3132279336	0.0	1.0
669	0.0	19.152770336000014	92.53984336799999	11.4293313792	7.6402202184000005	0.0	1.0
670	0.0	-95.40724144	59.95163327999999	11.9804237952	10.3625975376	0.0	1.0
670	0.0	71.11383171200004	33.76430887200001	5.492655705600001	8.695290492	0.0	1.0
670	0.0	-11.623319008000008	34.271070792	3.820824000000001	7.8437293704	0.0	1.0
670	0.0	94.96077852800003	-8.902229448000003	4.8939437568	6.559188451200001	0.0	1.0
670	0.0	87.47857731200001	-36.236806536	5.493763968	9.120709080000001	0.0	1.0
670	0.0	81.99303593600003	-20.56640073599999	4.6809428736	8.400584304	0.0	1.0
670	1.0	-7.065858015999998	-89.2861525416	11.717694105600001	10.295411364	0.0	1.0
670	0.0	20.46659753599998	14.619366384	5.4653424	15.656148093599999	0.0	1.0
670	1.0	-22.076735968000012	-84.5397842016	11.6003255424	10.061355729599999	0.0	1.0
670	0.0	91.782210464	8.24321551200002	5.2447266816	7.3009109376	0.0	1.0
670	0.0	21.195190688	76.896585528	10.950168768	6.2774931744	0.0	1.0
670	0.0	-69.216855904	43.70267428800001	6.8761961856000005	10.3414221288	0.0	1.0
670	0.0	-12.677598303999998	83.63028508800001	15.112158835199999	6.407059327200001	0.0	1.0
670	0.0	19.652560928000018	92.15313576	11.187479923200002	6.883958491199999	0.0	1.0
670	0.0	2.839505312000007	94.927456176	12.056178892800002	6.4729182672	0.0	1.0
671	0.0	-111.9650392	68.25408273600002	7.6562341632	7.196642661600001	0.0	1.0
671	1.0	-7.63643439999999	-89.1597838152	11.908815744000002	9.9102924144	0.0	1.0
671	0.0	81.65555216000001	-22.357361711999996	5.3449708032	7.7301503496	0.0	1.0
671	0.0	-95.469447136	59.93815984800001	11.9132130432	10.3563233424	0.0	1.0
671	0.0	86.86724547200001	-36.80470164	5.7022960512	8.8206336288	0.0	1.0
671	0.0	-11.446712031999983	32.622083592	3.7071734783999997	4.6800870984000005	0.0	1.0
671	0.0	66.14095107199998	67.31677428	9.2576018304	7.8797858832	0.0	1.0
671	0.0	95.09841756799999	-9.348863664000005	4.2348493824	6.500267323199999	0.0	1.0
671	1.0	-22.84000700800001	-84.6225553152	11.6157697152	9.469851955200001	0.0	1.0
671	0.0	71.47955830400004	33.30520670400001	5.567445542400001	8.6795647848	0.0	1.0
671	0.0	91.92449705599999	7.500366887999983	5.0306890368	6.6838076424	0.0	1.0
671	0.0	-69.407048032	43.79115652799998	5.8005024	8.4109809672	0.0	1.0
671	0.0	20.128041248000013	14.725947264000004	5.560617216	15.8469077592	0.0	1.0
671	0.0	22.47791504	76.45819624800001	10.5801163776	5.903374176	0.0	1.0
671	0.0	-11.573268447999997	83.55024888	14.806099660800001	6.274496844000001	0.0	1.0
671	0.0	20.654287135999986	92.05298995200002	11.716907596800002	7.4141279856	0.0	1.0
671	0.0	3.59455376	94.638883416	11.4986156544	5.786135208	0.0	1.0
672	0.0	93.99587523200003	-12.801279791999999	5.1069803904	10.656177588	0.0	1.0
672	0.0	-95.44191932800001	59.92689847199999	12.009274368	10.3895444016	0.0	1.0
672	0.0	-68.32345340799999	46.34768997600001	6.980837606400001	12.134233188	0.0	1.0
672	0.0	66.50381763200001	66.80498496	10.0229463936	8.6515923312	0.0	1.0
672	0.0	95.16384080000002	-10.142589575999997	3.7307329920000005	5.816400156	0.0	1.0
672	0.0	-100.67542038400002	34.177963344	6.9969252864	4.337520062399999	0.0	1.0
672	1.0	-23.479939168	-84.8330022792	11.2401760128	8.985572568	0.0	1.0
672	0.0	81.29518812799999	-22.992825072	5.091929472	10.0193668848	0.0	1.0
672	0.0	-68.94944291200001	44.57905065600001	5.646847180799999	8.6001318648	0.0	1.0
672	0.0	21.29278927999999	91.92971810399999	11.4735903744	7.3131777936	0.0	1.0
672	0.0	87.48536988800002	32.099636184000005	4.074794841600001	8.5438450944	0.0	1.0
672	0.0	86.82899254400002	-37.58495412	5.4372425856	9.0617075136	0.0	1.0
672	0.0	-11.120668384000007	31.93473746399999	4.3418503296	4.2045754968	0.0	1.0
672	0.0	72.31039760000003	31.407664848000007	5.4162213504	7.285527093600001	0.0	1.0
672	0.0	23.662325791999997	76.15494348	10.8390207744	6.082550712	0.0	1.0
672	0.0	91.94094224000001	6.886420800000007	5.1118781952	7.652004444000001	0.0	1.0
672	0.0	4.214823199999994	94.73279524800003	11.7593075712	6.2663122368	0.0	1.0
672	0.0	-10.059596511999999	83.478658704	15.148552742399998	5.946509268000001	0.0	1.0
672	0.0	20.010064928000034	14.781650856000008	5.3965943808	15.8424233184	0.0	1.0
672	1.0	-8.542707039999994	-88.9968357264	11.8914410496	10.2222727488	0.0	1.0
673	0.0	94.198937504	-13.055062943999996	5.5282988544	10.3455244872	0.0	1.0
673	0.0	-100.66004771200001	34.20631788	7.0525886591999996	4.3773973992	0.0	1.0
673	0.0	67.14017475200001	66.13734624	10.1091048576	8.8327999368	0.0	1.0
673	0.0	-95.41153148800001	59.899951607999995	12.085601472	10.4306283144	0.0	1.0
673	0.0	94.96435356799999	-10.850045303999998	4.0275685632	6.2478918432	0.0	1.0
673	0.0	80.80934019200001	-24.007354392000007	5.545423296	9.4621097592	0.0	1.0
673	0.0	4.831160096000009	94.68392891999999	12.2135164032	6.1926105528	0.0	1.0
673	0.0	-9.934112608000007	83.646573864	13.748781580799998	6.565724071199999	0.0	1.0
673	0.0	87.52684035200001	31.189676783999992	4.8612321408	8.6342377464	0.0	1.0
673	0.0	72.63000617600001	30.63847264799999	5.456333299200001	7.703967650400001	0.0	1.0
673	0.0	91.99671286400002	6.527665535999999	5.170222848000001	7.323514128	0.0	1.0
673	0.0	86.366382368	-38.59063521600001	5.5716640896	8.8964066016	0.0	1.0
673	0.0	-11.038799968000015	31.48910872799999	4.7515499136	4.910744210400001	0.0	1.0
673	0.0	24.81384617600001	75.78150820799999	10.928575526400001	6.2159980176000005	0.0	1.0
673	0.0	-68.3853016	45.667382208000014	5.8105840128	8.9163352152	0.0	1.0
673	0.0	19.81129270400002	14.920608192	5.460909350400001	15.638190220799999	0.0	1.0
673	1.0	-24.39729443200001	-84.298851084	11.682873215999999	10.2946471992	0.0	1.0
673	1.0	-9.347091040000004	-88.833465336	12.182020300800001	10.489368456000001	0.0	1.0
674	0.0	-95.522357728	59.91362613599999	11.8549398912	10.388438373600001	0.0	1.0
674	0.0	94.68728796800002	-12.806709383999998	5.1299678976	8.0400593952	0.0	1.0
674	0.0	23.046346399999987	91.52973816000001	11.6973163776	7.4325483792	0.0	1.0
674	0.0	-100.64145750399999	34.281728879999996	6.906476774399999	4.7514560688000005	0.0	1.0
674	0.0	-111.88817584	68.77230712800001	7.6527663744000005	6.193153512000001	0.0	1.0
674	0.0	-10.80213232	31.415306496	4.4087035776	5.1700373928	0.0	1.0
674	0.0	87.49931254399999	30.344470296000004	5.2401506304000005	8.6439909024	0.0	1.0
674	0.0	92.254115744	4.579648584000003	5.2410443904	7.972008508799999	0.0	1.0
674	0.0	-67.514421856	46.82911380000001	6.4430800896000004	9.6078239208	0.0	1.0
674	0.0	-8.393270368	83.37288220800001	14.3542861056	5.899774557600001	0.0	1.0
674	0.0	19.73085430400002	15.07082690400001	5.483932608	15.558294780000002	0.0	1.0
674	0.0	80.71066908800002	-24.70374984	4.9516091520000005	9.3798413856	0.0	1.0
674	0.0	73.04757084800003	30.11843839200002	6.004065177600001	8.3819628144	0.0	1.0
674	0.0	86.09360681599999	-39.2399742	5.0384111231999995	8.8738034112	0.0	1.0
674	0.0	5.505412639999992	94.74546429600001	12.1257134208	6.3407177568	0.0	1.0
674	0.0	25.869912991999996	75.495750792	10.7831071488	6.4437794568	0.0	1.0
674	1.0	-10.058523999999997	-88.6530420048	12.23914944	10.8360177408	0.0	1.0
675	1.0	-10.745646688	-87.08280399840001	11.7960947328	8.3355900768	0.0	1.0
675	0.0	23.678055967999995	91.36886136000001	11.554207526400003	7.297874388000001	0.0	1.0
675	0.0	-95.56776073600001	59.905582296	11.723020915200001	10.4335442064	0.0	1.0
675	0.0	-100.49952841599999	34.516407912	6.655830719999999	5.0316632352	0.0	1.0
675	0.0	94.46563548799999	-13.408388615999996	5.244404928	6.8964465528000005	0.0	1.0
675	0.0	-10.359899871999998	30.887429495999992	4.8319525632	5.047409052	0.0	1.0
675	0.0	80.40285814399998	-25.989155472000007	5.0770573055999995	8.87135004	0.0	1.0
675	0.0	73.62779984	28.889741832	5.4620891136	8.5991062752	0.0	1.0
675	0.0	19.31614966400001	15.717551639999998	5.5142489472000005	15.0478528032	0.0	1.0
675	0.0	-67.14047267199999	47.594284079999994	6.0664496256	8.7010820568	0.0	1.0
675	0.0	27.191962783999987	75.078878784	10.441440576	6.0430755672	0.0	1.0
675	0.0	-7.173824223999997	83.55125436	14.552021567999999	6.631844436	0.0	1.0
675	0.0	86.10218691200001	-40.20322404000001	4.525464384	8.9938979424	0.0	1.0
675	0.0	92.12863184000001	4.449941664000005	5.6466326784	7.8028063344000005	0.0	1.0
675	0.0	6.201472927999996	94.65316123199999	11.8014572928	6.291348688800001	0.0	1.0
676	0.0	93.483572	-15.579018840000003	6.100948761600001	9.844755228	0.0	1.0
676	0.0	69.30486147200001	64.15353420000001	9.3812267136	9.2622404448	0.0	1.0
676	0.0	88.59363228800002	28.62188195999999	4.619237683200001	8.6393053656	0.0	1.0
676	0.0	-100.472715616	34.692366912000004	6.7156768896	5.264291088	0.0	1.0
676	1.0	-26.38787670400001	-83.8119775584	11.1756107904	9.1610690472	0.0	1.0
676	0.0	23.191493023999996	97.47996770400002	7.0916995968	7.9134694632	0.0	1.0
676	1.0	-11.839966431999999	-88.42503936	11.3381678592	10.60127838	0.0	1.0
676	0.0	28.422491552000015	74.541349176	10.7905074816	5.9680667592	0.0	1.0
676	0.0	76.973679776	-28.831647431999997	4.444132224	8.882189114400001	0.0	1.0
676	0.0	-95.63032393599998	59.934137928000006	11.5753717632	10.4449664592	0.0	1.0
676	0.0	-10.367049952000002	30.74264037599999	4.7299209216	5.000392807200001	0.0	1.0
676	0.0	68.65491919999998	68.13201746400001	10.7168259072	17.077896813600002	0.0	1.0
676	0.0	80.5061768	-26.400597888000004	4.390506624	8.8429150656	0.0	1.0
676	0.0	85.43293942399998	-41.347862471999996	5.2456204416	9.1036963584	0.0	1.0
676	0.0	-5.856421983999997	83.282389008	13.2328675584	6.1660859904	0.0	1.0
676	0.0	24.55215324800001	91.3769052	11.642654016	7.3324226808000015	0.0	1.0
676	0.0	92.19477008000001	3.7352464799999923	5.5016648064	7.630467062400001	0.0	1.0
676	0.0	74.111502752	27.749326416	5.749450828800001	8.6100660072	0.0	1.0
676	0.0	7.016582048000001	94.669047816	11.8761756288	6.2097841512	0.0	1.0
676	0.0	-66.761875936	48.50524896	5.843224128	8.530592868000001	0.0	1.0
677	0.0	-96.11617187200001	59.88547269600001	10.5164449152	10.104772356	0.0	1.0
677	0.0	25.146324895999996	91.193304552	11.4847802496	7.4629540944000015	0.0	1.0
677	0.0	94.291888544	-14.730393719999997	4.9399187712	6.2882317008	0.0	1.0
677	0.0	29.56185679999998	74.16871828800001	10.986455424	6.0890260032	0.0	1.0
677	0.0	-4.874358496000005	83.20034184000001	13.889888409600001	6.2941640328	0.0	1.0
677	0.0	76.42920118400004	-30.479428056000007	4.0445857536	7.8222120984000005	0.0	1.0
677	1.0	-26.991343456000006	-82.1198351568	11.8747456128	12.3309251856	0.0	1.0
677	0.0	76.40417590400001	-28.441521192000003	4.382820288	11.8752617592	0.0	1.0
677	0.0	85.042545056	-42.303470663999995	5.5363426944	9.216873187200001	0.0	1.0
677	0.0	-10.391360223999992	30.903114983999995	4.33562976	5.3931332952	0.0	1.0
677	0.0	79.98279094400002	-27.57459633600001	4.6517347968000005	8.6349415824	0.0	1.0
677	0.0	70.039889696	63.876625008000005	8.924229350400001	9.289529172	0.0	1.0
677	0.0	74.61272336	26.47397558400001	5.833035264	8.047459728	0.0	1.0
677	0.0	7.796655776	94.59041928	11.9881458816	5.892575320800001	0.0	1.0
677	0.0	92.08036879999999	2.5421439119999896	5.3957006208	8.3304822384	0.0	1.0
677	0.0	-66.29747824	49.09244927999998	5.3957006208	8.6699926152	0.0	1.0
677	1.0	-12.398387679999985	-88.4540374032	11.8628407296	10.3532666832	0.0	1.0
678	0.0	-64.90821769600002	50.375642856000006	6.75950688	9.5575097016	0.0	1.0
678	0.0	84.60424515200003	-42.983778431999994	5.2608858624	8.8748290008	0.0	1.0
678	0.0	26.06546768	90.84219093600001	11.269920345600001	7.2645527808	0.0	1.0
678	0.0	76.206476192	-30.833759207999996	4.0059395712	8.784476567999999	0.0	1.0
678	0.0	94.54392886400002	-15.323425824000003	4.3627285632	5.7267314496	0.0	1.0
678	0.0	-96.08935907200001	59.85752035199999	10.539432422400001	10.0680321168	0.0	1.0
678	0.0	76.09994	-28.530606719999998	4.6226697215999994	12.8491897968	0.0	1.0
678	0.0	-100.571744224	34.636261128	6.988166438400001	5.5444379256000005	0.0	1.0
678	0.0	30.871036447999995	73.70861064	10.4375795328	6.402172694400001	0.0	1.0
678	0.0	74.987387552	25.521383832000016	5.8099405056	8.16650856	0.0	1.0
678	1.0	-12.684033376000007	-88.7661786144	11.7686026752	10.1758195728	0.0	1.0
678	0.0	70.52037507200002	62.747068776	8.9667008256	8.7572481696	0.0	1.0
678	0.0	79.48800540800002	-28.776144935999994	4.599431961600001	8.7839134992	0.0	1.0
678	0.0	92.19012252800002	2.102950247999999	5.6854218624	7.927888046399999	0.0	1.0
678	0.0	8.355434527999993	94.54195514400001	12.036301670399999	6.6010164192000005	0.0	1.0
678	0.0	-3.5959241919999907	83.103212472	13.974473856	6.161179248	0.0	1.0
679	0.0	75.31664873600003	24.970380791999993	5.4145053312	8.1879051744	0.0	1.0
679	0.0	94.32013135999999	-15.990863448000002	5.3297053824	5.976110599199999	0.0	1.0
679	0.0	84.19168553600002	-43.33328328	4.4545355904	8.3307637728	0.0	1.0
679	0.0	26.859841567999986	90.94756524	11.8840407168	8.0073008568	0.0	1.0
679	0.0	-96.16979747200001	59.879842008000004	10.328076057599999	10.0258220664	0.0	1.0
679	0.0	70.89146422400003	62.707251768	9.293816985600001	8.5687608888	0.0	1.0
679	0.0	-100.72797347199999	35.055345192	7.2539706623999995	5.4460416528	0.0	1.0
679	1.0	-13.466609632000017	-87.929136624	12.0403057152	11.39108292	0.0	1.0
679	0.0	92.33097910400002	0.5913116160000106	5.4728857344	8.152069867200002	0.0	1.0
679	0.0	-64.207509856	52.313403912000005	7.5254234496	11.4019219944	0.0	1.0
679	0.0	31.966428704000016	73.407368832	10.8319421952	6.8087485872	0.0	1.0
679	0.0	9.140155808000005	94.64511739200002	11.865808012799999	6.2735919120000005	0.0	1.0
679	0.0	89.52707523199999	25.922369256000007	4.3435663488000005	8.5881666528	0.0	1.0
679	0.0	-2.3189199040000075	83.021969688	14.1338848896	6.318818402400001	0.0	1.0
679	0.0	79.30246083199998	-29.258373144	4.282719168	9.7403461848	0.0	1.0
680	0.0	89.85669392	24.75178944	4.145509132800001	8.9358214176	0.0	1.0
680	0.0	33.058245920000005	72.697298856	11.0169505152	6.7282297488000005	0.0	1.0
680	0.0	71.59252956800003	61.784020032000015	8.3051396736	7.822453413599999	0.0	1.0
680	0.0	9.911291936000003	94.59343572000002	12.024825792	5.8928568552	0.0	1.0
680	1.0	-14.762204127999995	-87.7176238512	11.1705342336	10.8284967504	0.0	1.0
680	0.0	75.84718467200001	23.55406166400001	5.4616958592	7.469670700799999	0.0	1.0
680	0.0	92.186189984	0.055390775999990774	5.7166319616	8.1541009368	0.0	1.0
680	0.0	77.41912975999999	-31.646589239999997	7.3888211712	11.2460524848	0.0	1.0
680	0.0	-0.8166880959999987	82.807802448	14.942630438399998	6.4634868648	0.0	1.0
680	0.0	-63.38811068799998	53.08983556800001	7.750758220800001	11.052939996	0.0	1.0
681	0.0	-95.899881952	59.851487472	10.8830295168	10.076518368	0.0	1.0
681	0.0	77.61647196800001	-31.607777711999997	6.5758928256	9.682390317600001	0.0	1.0
681	0.0	28.366005919999996	90.110402592	11.4103121664	6.721191388800001	0.0	1.0
681	0.0	72.202788896	60.90945352799999	8.708976192	8.175939962400001	0.0	1.0
681	0.0	83.34297104000002	-45.73979911200001	5.197929408	8.9089952112	0.0	1.0
681	0.0	76.333032608	22.407814463999998	5.5328034048	8.0560666368	0.0	1.0
681	0.0	92.145792032	-0.8825209680000016	5.403851712	7.9627782024	0.0	1.0
681	0.0	-62.906552800000014	53.97747331200001	7.450562112000001	10.9355602608	0.0	1.0
681	0.0	34.24623171200003	72.028855752	10.6218728448	6.217285032	0.0	1.0
681	1.0	-15.09790038400001	-87.713260068	12.2237410176	10.798453008	0.0	1.0
681	0.0	10.593409568000006	94.60409380799999	11.8915483008	5.9163649776	0.0	1.0
681	0.0	-0.11633776000000935	82.93006881599999	14.0094019968	7.0497621432000015	0.0	1.0
682	0.0	28.11825564800002	95.68397932799999	7.307560512000001	9.2156465016	0.0	1.0
682	0.0	91.03860214400001	-20.878702823999998	3.5824045824	9.7305930288	0.0	1.0
682	0.0	-95.65642172800001	59.854705008	11.4295101312	10.1607574824	0.0	1.0
682	0.0	78.360437792	-31.625675255999997	4.26681024	8.640773366400001	0.0	1.0
682	0.0	90.18488259200002	22.864302383999995	4.1097944832	8.7476558904	0.0	1.0
682	0.0	76.785632672	21.49785506400001	5.3660992896	8.4396572568	0.0	1.0
682	0.0	92.13864195200001	-1.66015920000001	5.1849162624	8.6753618784	0.0	1.0
682	0.0	29.53826153600003	89.600624232	10.9350463488	6.625389254400001	0.0	1.0
682	0.0	83.16958159999999	-45.918573456000004	4.850364019200001	8.4590630208	0.0	1.0
682	0.0	35.50464579199998	71.449095984	10.4138770176	6.211694563199999	0.0	1.0
682	0.0	1.9714855999999936	82.752501048	16.3506956928	7.264673438400001	0.0	1.0
682	0.0	11.328795296000003	94.5089754	11.8086788736	5.8339357272	0.0	1.0
682	0.0	-62.122904032	54.959022887999986	7.5970672512	11.0890166184	0.0	1.0
683	0.0	-9.217317088000005	29.702974056000002	3.5254112947200005	4.9136601024	0.0	1.0
683	0.0	-95.520212704	59.868580632000004	11.760380083200001	10.1608379208	0.0	1.0
683	0.0	2.973569311999991	82.514403384	15.88390272	7.1916353712	0.0	1.0
683	0.0	77.34977398400002	-33.004992720000004	5.095933516800001	8.618914231200002	0.0	1.0
683	0.0	82.12316739200001	-47.261492544	5.9190864768	9.2657797344	0.0	1.0
683	0.0	36.711221792000025	71.07505742400001	10.6962336768	6.747172991999999	0.0	1.0
683	0.0	73.466565536	59.34593212800001	8.3737089408	10.0923647328	0.0	1.0
683	0.0	92.21371779200001	-2.1154405440000055	5.3938416	7.9011221688	0.0	1.0
683	0.0	76.98547740800002	21.02648604000001	5.2820858496000005	8.9618030208	0.0	1.0
683	1.0	-31.064386528	-80.66774105040001	11.451282124800002	11.6240124168	0.0	1.0
683	1.0	-16.305548895999994	-87.1580541216	11.7511207296	11.2636684944	0.0	1.0
683	0.0	-61.69497174400001	55.167157248	7.853898124800001	10.057896878400001	0.0	1.0
683	0.0	12.15391452800001	94.51098636	12.346186137600002	5.7074463432	0.0	1.0
684	0.0	90.91526326400002	-22.434180384000005	4.3040621568	9.4222123128	0.0	1.0
684	0.0	92.21193027199999	-2.934303455999996	5.281871347200001	8.372149329600001	0.0	1.0
684	0.0	76.78170012799998	-33.94109460000001	5.782770201600001	9.8125999776	0.0	1.0
684	0.0	-9.321350752000004	29.784417936000008	3.57328108032	5.0504858208000005	0.0	1.0
684	0.0	81.105711008	-48.72768348	6.301437004800001	9.9809575488	0.0	1.0
684	0.0	-95.45800700800001	59.874814607999994	11.8149351936	10.3175922528	0.0	1.0
684	0.0	30.913579423999995	89.530039536	11.848576320000001	7.3907405208000005	0.0	1.0
684	0.0	90.731148704	21.176503655999998	4.363515072	8.8622202816	0.0	1.0
684	0.0	38.20558851200001	70.29299508000001	9.6898599168	6.110844919200001	0.0	1.0
684	0.0	77.42484982400002	19.957861895999994	5.4235859328	9.42084486	0.0	1.0
684	0.0	-61.088644959999996	55.64053723200001	7.6391812224	9.4666143096	0.0	1.0
684	0.0	3.7750932800000028	82.44080224800001	15.535550822399998	8.3154402576	0.0	1.0
684	0.0	74.20624131199999	58.532297712	8.270712038400001	10.242523116000001	0.0	1.0
684	0.0	12.788841631999999	94.64773164000002	12.0309748608	5.935609864800001	0.0	1.0
684	1.0	-17.094202719999984	-87.4194789216	11.7306715008	10.1557099728	0.0	1.0
685	0.0	31.404789919999985	89.508120072	11.1979905408	7.7472435096	0.0	1.0
685	0.0	92.14543452800001	-3.7795099440000075	5.3482955904	8.9236551096	0.0	1.0
685	0.0	76.58257039999998	-34.29602903999999	5.538666470400001	9.9740197368	0.0	1.0
685	0.0	-95.461582048	59.865765288	11.8497203328	10.346509857600001	0.0	1.0
685	0.0	39.14367900800002	70.12528101599999	10.2581482752	7.0170036048	0.0	1.0
685	0.0	77.80523408000002	19.22084505600001	5.2905944448	9.7827573312	0.0	1.0
685	1.0	-17.863908831999993	-87.11878007279999	11.9994072576	10.890554976	0.0	1.0
685	0.0	-60.292483552000014	56.58247089599998	7.597353254399999	9.3737682864	0.0	1.0
685	0.0	74.59627817600004	57.469505352	8.03579616	10.501715750399999	0.0	1.0
685	0.0	5.068542751999998	82.384495368	15.952293235200003	8.626998290400001	0.0	1.0
685	0.0	13.467741727999996	94.64813383200001	12.002338790400001	5.8895789904	0.0	1.0
686	0.0	76.11173763200003	-35.644981007999995	5.7148444416	8.383088952	0.0	1.0
686	0.0	-95.46837462400002	59.89331544	11.8109311488	10.3608278928	0.0	1.0
686	0.0	39.600569119999996	69.49383957600001	8.9892235776	6.8860901087999995	0.0	1.0
686	0.0	-8.780804703999998	29.296961232	3.1910163532799998	5.532915124800001	0.0	1.0
686	0.0	80.83686800000002	-50.153051928	5.8784025216	8.4068987184	0.0	1.0
686	0.0	92.029245728	-4.806105023999995	5.5349841792	8.3783229768	0.0	1.0
686	0.0	78.33040745599999	17.38805611200001	5.1049426176	7.609734064800001	0.0	1.0
686	0.0	-59.72047715200001	57.95052698399999	7.552093248000001	10.5049735056	0.0	1.0
686	0.0	74.98238249599999	56.62188571200001	7.5703617024	9.771958476	0.0	1.0
686	0.0	6.129257119999999	81.61972727999999	15.095928153599997	7.9168277664	0.0	1.0
686	0.0	32.20345385600002	89.35528711200001	11.666964287999999	7.7768247312	0.0	1.0
686	0.0	14.418344863999994	94.62038258400001	12.245370009600002	5.8783176144	0.0	1.0
687	1.0	-19.238869215999994	-86.0737042704	11.9598673152	9.5661769392	0.0	1.0
687	0.0	74.98846006400001	-37.955372952	6.8242508544	9.239657364	0.0	1.0
687	0.0	-58.96614371200001	59.63591256000001	7.899587136	12.3539707872	0.0	1.0
687	0.0	-95.47874224000002	59.893114344000004	11.7669224064	10.3885389216	0.0	1.0
687	0.0	-60.00362032	57.98531659200001	5.8804402944000005	8.9733660408	0.0	1.0
687	0.0	80.30668956799998	-50.87639424	6.0253009152	9.0221117112	0.0	1.0
687	0.0	-8.690713696000001	29.176303631999996	3.377340288	6.0074815752	0.0	1.0
687	0.0	31.955703584	94.951989888	8.539090291199999	8.9212620672	0.0	1.0
687	0.0	78.553489952	16.469047392000007	4.739251776000001	8.3857434192	0.0	1.0
687	0.0	41.169654175999995	69.214517232	10.5092948352	7.6719933864000005	0.0	1.0
687	0.0	75.301633568	56.35201487999999	7.7492209536	10.3642666344	0.0	1.0
687	0.0	7.74267267199999	81.47172062400001	16.1417703552	7.367554152000001	0.0	1.0
687	0.0	91.358568224	-5.188388519999999	6.503891520000001	9.7400646504	0.0	1.0
687	0.0	33.07576361600002	89.099493	11.6029353216	7.511719874400001	0.0	1.0
687	0.0	14.977838624000004	94.718517432	11.726488704	5.8558753008	0.0	1.0
688	0.0	32.322860191999986	95.056559808	8.063681471999999	8.4368218032	0.0	1.0
688	0.0	-95.51234761600001	59.939768615999995	11.6906310528	10.383612069600002	0.0	1.0
688	0.0	91.262399648	-25.09347388800001	6.692403379200001	9.2645731584	0.0	1.0
688	0.0	79.95025808000001	-51.685202352	5.9801124096	8.7739793568	0.0	1.0
688	1.0	-19.803010527999998	-86.3146172784	11.8594444416	9.561712608	0.0	1.0
688	0.0	91.99278032	-24.136659120000004	5.1621432576	7.1704197432	0.0	1.0
688	0.0	-58.28438358400002	60.062638272	7.8364519296	10.666936224	0.0	1.0
688	0.0	-8.504454112000003	29.01321477600001	3.7891133952000002	5.9699972807999995	0.0	1.0
688	0.0	33.80507177600001	88.91267481599999	11.8545108864	7.523504100000001	0.0	1.0
688	0.0	75.543306272	55.682365200000014	7.6163009664	10.667780827200001	0.0	1.0
688	0.0	78.88561116800001	15.33205060800001	4.6304633088000005	7.990368573600001	0.0	1.0
688	0.0	8.172392480000001	81.74179255199999	15.3692042112	8.8637888304	0.0	1.0
688	0.0	91.96382249599999	-6.177981936000001	5.29463424	8.352120168	0.0	1.0
688	0.0	75.15005187199998	-37.845775632	5.7228525312	10.2421008144	0.0	1.0
688	0.0	15.927726752000009	94.612137648	12.274864089600003	5.7697056648	0.0	1.0
689	0.0	32.99818524799999	94.64069328000001	8.295987571200001	8.0905546008	0.0	1.0
689	0.0	-8.065439200000005	28.850729208	3.5745073190400003	5.6731795848	0.0	1.0
689	0.0	43.40226665600002	67.63691911199999	10.015295808000001	7.1318294208	0.0	1.0
689	0.0	75.014557856	-38.733815568000004	5.2282099968	9.2021127408	0.0	1.0
689	0.0	78.440876192	-53.203276056	7.526388710400001	10.1510043264	0.0	1.0
689	0.0	76.34125520000002	54.953593295999994	7.842565248000001	10.236892427999999	0.0	1.0
689	0.0	78.93423171200004	14.499915359999997	4.6677867264	9.457263345600001	0.0	1.0
689	0.0	-95.50770006400002	59.915234903999995	11.6413312512	10.3885791408	0.0	1.0
689	0.0	91.93736720000001	-6.547596383999996	5.3052521088	7.856498966400001	0.0	1.0
689	1.0	-20.454740320000006	-85.972573092	11.578839552	9.5616723888	0.0	1.0
689	0.0	34.70276431999998	88.460611008	11.4277226112	7.170480072	0.0	1.0
689	0.0	16.692785312	94.74807854400001	12.2463710208	6.0667244568	0.0	1.0
689	0.0	9.57452316800001	81.619123992	16.447650777600003	9.132071004	0.0	1.0
689	0.0	-57.328060384000004	60.67055148000001	8.7171272832	10.6970604048	0.0	1.0
690	1.0	-21.150085599999993	-85.6688980224	11.75383776	10.884823740000002	0.0	1.0
690	0.0	90.81444713600003	-26.566300992	6.755538585600001	9.56261754	0.0	1.0
690	0.0	73.68714550399999	-40.59898096799999	6.882059251200001	8.319261081599999	0.0	1.0
690	0.0	44.64352054399998	66.485443416	9.7331536512	6.5180039904000004	0.0	1.0
690	0.0	35.512153376000036	88.510885008	11.5433036544	7.819557631200001	0.0	1.0
690	0.0	91.92521206400001	-8.187936456000001	5.5628337408	8.4821086224	0.0	1.0
690	0.0	76.98118736	54.548183760000015	6.982088870400001	8.807703156	0.0	1.0
690	0.0	-56.62341999999998	62.500323983999984	8.1042224256	8.070686316	0.0	1.0
690	0.0	-95.407598944	59.889293519999995	11.8328818944	10.4706866376	0.0	1.0
690	0.0	79.273860512	13.321492799999998	4.5347237376	9.4206839832	0.0	1.0
690	0.0	11.113577888	80.82942000000001	15.7237051776	8.065819792800001	0.0	1.0
690	0.0	17.40779331199999	94.83434872800002	12.0163529472	6.2950287456	0.0	1.0
691	0.0	-22.30267849600001	-88.813858476	6.7597928832	6.303454668	0.0	1.0
691	0.0	90.870932768	-26.498933831999995	6.0150405504	7.194933345600001	0.0	1.0
691	0.0	77.971115936	-55.037874864	6.4645303296	8.7320307312	0.0	1.0
691	0.0	91.84227113600002	-9.228809352000003	5.4051744768	8.7610891032	0.0	1.0
691	0.0	36.420928544000006	88.22130676799999	11.7672084096	8.2640200104	0.0	1.0
691	0.0	-7.983570783999993	29.11899127200001	3.9142755456000002	6.2867637	0.0	1.0
691	0.0	77.80702159999998	53.322704736000006	7.0594884864	10.3496871744	0.0	1.0
691	0.0	-95.431551712	59.92006120800001	11.708077248	10.4383504008	0.0	1.0
691	0.0	-56.059278688000006	62.73922603200001	7.962364838399999	8.8551215928	0.0	1.0
691	0.0	79.39827190400004	12.67617573599999	4.5478083840000005	9.637948101600001	0.0	1.0
691	1.0	-21.68526908799999	-85.4053617144	11.5715464704	9.2942951472	0.0	1.0
691	0.0	12.052025887999994	80.87205235200001	15.9693104256	8.4525475104	0.0	1.0
691	0.0	18.292973216000007	94.661205072	12.3358900224	6.2379577008	0.0	1.0
692	0.0	-95.834816224	59.888489136	10.9354038528	10.3263198192	0.0	1.0
692	0.0	73.47872067200001	-41.386070712000006	5.8286737152	8.5979801376	0.0	1.0
692	0.0	91.08865270400001	-26.624417735999995	4.6944207744	6.073018761600001	0.0	1.0
692	0.0	-56.61090735999999	62.207528208	6.006817958400001	8.611996528799999	0.0	1.0
692	3.0	47.52428777599998	65.12482788	8.4806383872	6.336132768000001	0.0	1.0
692	0.0	-55.29600764800001	64.118543496	8.5490646528	12.329698500000001	0.0	1.0
692	1.0	-22.475352927999992	-85.417045392	11.5636098816	8.9535781944	0.0	1.0
692	0.0	12.886797727999996	80.37896495999999	13.5144734592	7.809623488800002	0.0	1.0
692	0.0	77.96968592000002	53.804731848	7.039718515199999	8.524781193599999	0.0	1.0
692	0.0	77.74839094400001	-55.155516024	6.4908068735999995	9.1515370968	0.0	1.0
692	0.0	-7.790518623999999	29.08058193599999	3.54927826176	6.047901871200001	0.0	1.0
692	0.0	37.115558816000004	88.039113792	11.4713380992	8.230819060800002	0.0	1.0
692	0.0	91.767910304	-10.047672264000003	5.8018251648	8.8907960232	0.0	1.0
692	0.0	18.954355616000033	94.56950529600002	11.930230233600001	6.0447245544	0.0	1.0
693	0.0	-95.57470227199998	59.908397640000004	11.657633433600001	10.399900845600001	0.0	1.0
693	0.0	79.809610048	9.496646879999993	4.7074696704	8.391333888	0.0	1.0
693	0.0	-54.71628512000001	64.469053824	8.230743091199999	9.838641909600002	0.0	1.0
693	0.0	90.12217043200002	-29.023493016	6.732515328000001	9.8430056928	0.0	1.0
693	0.0	73.03705427199999	-41.91857292	5.2623158784	9.375497712	0.0	1.0
693	0.0	78.65916217600002	52.826198711999986	7.470582336	7.5806555831999995	0.0	1.0
693	0.0	37.986289600000006	87.830979432	11.7281332224	8.2610840088	0.0	1.0
693	0.0	91.74917113600002	-10.916809176000001	5.3179077504	9.0354242664	0.0	1.0
693	0.0	14.682748864000008	79.89311702399999	12.409750348800001	7.5854617776	0.0	1.0
693	0.0	19.802563648000003	94.278519384	12.019999488	5.8954912128000005	0.0	1.0
694	0.0	71.74452835200002	-43.46922417600001	6.5559798528	9.8473292568	0.0	1.0
694	0.0	78.72407894400001	50.93388535200002	7.5308932608	10.6242435432	0.0	1.0
694	1.0	-23.84310364799999	-85.2515634936	11.739716352	9.2442423528	0.0	1.0
694	0.0	93.16724054400001	11.446473695999993	4.756411968	8.630235936	0.0	1.0
694	0.0	38.63536790399998	87.25001308799999	11.869311552	7.870374590400001	0.0	1.0
694	0.0	16.567360991999987	79.63671962400001	13.129334400000001	7.406968968	0.0	1.0
694	0.0	91.50591945600003	-11.507629224000004	5.5734516096	9.0176875992	0.0	1.0
694	0.0	-53.790856224	64.90945406399999	8.5786302336	9.6959844072	0.0	1.0
694	0.0	20.40373641600001	94.167715488	12.141372096	5.8178882664	0.0	1.0
695	0.0	78.63884403200001	52.022216904	7.229016883200001	7.8225539616	0.0	1.0
695	0.0	89.66319488	-30.559665359999997	6.8616815232	10.143986076000001	0.0	1.0
695	0.0	-39.4207744	-80.2532821944	6.2414120832	6.083576301600001	0.0	1.0
695	0.0	-111.56937164799999	69.331555104	7.6246308096	5.154392124	0.0	1.0
695	0.0	39.243333247999985	86.993213496	11.4790601856	7.784627256000001	0.0	1.0
695	0.0	71.623900544	-44.323882176000005	5.6457389184	7.704731815200001	0.0	1.0
695	0.0	16.744176512000017	79.333667952	12.539381299200002	7.220010016799999	0.0	1.0
695	0.0	78.79936332799998	50.36719682400001	7.4888507904	11.527124364	0.0	1.0
695	0.0	74.79817856000003	-57.929233152	7.661846976	9.728783164800001	0.0	1.0
695	0.0	91.50112294400003	-11.912435472000002	5.3300986368	8.7056670456	0.0	1.0
695	0.0	-53.602958080000015	64.92332968800001	7.8749908608000005	8.903163427199999	0.0	1.0
695	0.0	21.185091200000013	93.86385943200001	11.834919667200001	5.7300495336	0.0	1.0
696	0.0	89.10819971200002	-31.189699128	6.847810368	9.2663629128	0.0	1.0
696	0.0	18.431803936	79.33990192800002	12.0518530944	7.464582972	0.0	1.0
696	3.0	-39.57715260800002	-73.189604208	10.806630912	18.5768261784	0.0	1.0
696	0.0	93.60917507200003	9.562405271999994	3.8534641152	8.7278278248	0.0	1.0
696	0.0	71.67523216	-43.57600615199999	4.4306185728	8.776513166400001	0.0	1.0
696	0.0	91.16098768000003	-13.378827504000002	5.374643635200001	9.4171044744	0.0	1.0
696	0.0	-111.36610083199999	69.22235997599999	7.8875750016	5.359992674400001	0.0	1.0
696	1.0	-25.27234505600001	-85.03053888	10.82253984	8.9933549832	0.0	1.0
696	0.0	79.42305884800003	49.234624152	7.5409748736000015	10.5699677328	0.0	1.0
696	2.0	50.93964265599998	62.250763848000005	8.9034941184	6.8849840808	0.0	1.0
696	0.0	74.40441769600001	-58.587420359999996	7.081296230400001	9.350260164	0.0	1.0
696	0.0	21.848469663999996	94.10034832800002	12.090892531199998	6.439295016000001	0.0	1.0
696	0.0	-52.74616995200001	66.00462288	8.9402455296	9.964105704	0.0	1.0
697	3.0	-40.02167903999999	-73.03616796000001	10.905194764800001	18.8908174728	0.0	1.0
697	1.0	-24.484912704000006	-85.256872428	7.9127790336	8.2458007128	0.0	1.0
697	0.0	70.64118163200001	-45.728537736	5.212658572800001	8.42039226	0.0	1.0
697	1.0	-25.97606188800001	-85.246918176	10.791293990400002	8.8118658432	0.0	1.0
697	0.0	79.72178323200002	4.83363283199999	4.669395494400001	8.8443428472	0.0	1.0
697	0.0	89.13772358399999	-30.931491863999995	6.2796292608	7.153306473600001	0.0	1.0
697	0.0	79.35569913599998	50.00260977599999	8.311789248	10.8536940792	0.0	1.0
697	0.0	91.056447552	-13.318900896	5.2884851712000005	7.2900919728	0.0	1.0
697	0.0	-52.406690112	66.66421775999999	8.3679888768	9.54552438	0.0	1.0
697	0.0	22.333811135999984	93.78804624000003	11.7168718464	5.9146556616	0.0	1.0
698	0.0	88.77613808000002	-32.165618016	5.9698877952	7.4638389167999994	0.0	1.0
698	0.0	89.45968572800003	-16.089601583999993	4.3375960319999995	8.6707366704	0.0	1.0
698	0.0	88.15694115200002	-33.011829983999995	7.377452544000001	9.492133392000001	0.0	1.0
698	1.0	-26.753067039999987	-85.0370946096	10.7713095168	8.5498377552	0.0	1.0
698	0.0	93.894165344	8.01557483999999	4.1626335744	8.3219356584	0.0	1.0
698	0.0	-52.812248608000004	67.020760968	5.9151181824	7.936595503200001	0.0	1.0
698	0.0	79.28047433599998	52.57000240799999	9.4133663232	17.51093694	0.0	1.0
698	0.0	23.267820128000007	93.60605435999999	11.6369697024	6.2826814512	0.0	1.0
698	0.0	68.87138787200003	-46.61134917600001	7.3163908607999995	10.0785695472	0.0	1.0
698	0.0	90.50180988799998	-14.843610768	6.145493760000001	9.505848139200001	0.0	1.0
698	0.0	79.451361248	4.305554736000004	4.4143521408	9.1812590856	0.0	1.0
699	0.0	20.592826239999997	78.34286796	15.443207539200001	7.473049113600001	0.0	1.0
699	0.0	-111.260726528	69.22819176	8.140008576000001	5.586346332000001	0.0	1.0
699	0.0	-51.165734144000005	68.128799928	7.9402710912	8.7024092904	0.0	1.0
699	0.0	-50.66058099199999	69.473126688	8.824092480000001	11.313962604	0.0	1.0
699	0.0	53.383450623999984	59.980792199999996	8.7998537088	7.4876486832	0.0	1.0
699	0.0	67.96103372800002	-47.76543912	7.827836083199999	9.2751306984	0.0	1.0
699	0.0	79.82158643200003	50.583777216	9.23075328	15.986247177600001	0.0	1.0
699	0.0	68.898409216	-47.129573568	5.6337982848	8.5979801376	0.0	1.0
699	0.0	93.82001305600001	6.894464639999999	4.2191907072	8.9412912288	0.0	1.0
699	0.0	79.535940736	3.237533879999992	4.54387584	9.481133440799999	0.0	1.0
699	0.0	90.38833215999999	-15.933953279999994	6.3633566976	9.284099580000001	0.0	1.0
699	0.0	23.920830976	93.35850518400001	12.361451558399999	6.489287481600001	0.0	1.0
700	0.0	89.71178563200003	-17.172905735999997	4.7319586944	9.6665037336	0.0	1.0
700	0.0	24.73614863999999	95.62123737599998	11.6332159104	11.6634272328	0.0	1.0
700	0.0	19.980272928000016	78.56869876799999	7.0398615168	6.089770058400001	0.0	1.0
700	0.0	67.28555971200001	-49.425687696	7.8525038592	8.0349113376	0.0	1.0
700	0.0	93.97323331200005	5.852787360000008	3.698736384	8.550501372	0.0	1.0
700	0.0	42.882694176	88.558946952	11.6939200896	13.973175669599998	0.0	1.0
700	0.0	79.45928592000001	1.7401730639999842	4.6037935104	10.7857035216	0.0	1.0
700	0.0	24.64498512000001	92.92433891999998	11.5978587648	6.2901018936	0.0	1.0
700	0.0	90.53654736	-16.601793095999994	5.6260404479999995	9.2532715632	0.0	1.0
700	0.0	79.74314409600002	50.52787252800002	9.192500352	18.070788204	0.0	1.0
700	0.0	-49.791637728000005	70.095921	9.6071334912	10.77070176	0.0	1.0
701	0.0	89.972614592	-18.329408832000006	5.631260006400001	9.5008207392	0.0	1.0
701	0.0	24.111440192000003	98.54637979200001	7.9062367104	6.5512250496	0.0	1.0
701	0.0	43.412008640000025	88.135036584	11.500796428800001	13.7848090464	0.0	1.0
701	0.0	66.651198656	-49.228613616	8.3098587264	9.297271368	0.0	1.0
701	0.0	55.16209260799998	57.96198945599999	8.4518950656	7.4788808976	0.0	1.0
701	0.0	-16.571084991999985	-80.4627035688	7.4495253504	5.3919066096	0.0	1.0
701	0.0	69.528748352	-62.40583120800001	9.736156684800001	8.7463085472	0.0	1.0
701	0.0	-49.08893382400001	71.260065744	9.5376347136	11.5395319872	0.0	1.0
701	0.0	23.124014144	77.680457736	15.637725465599999	7.4440309608	0.0	1.0
701	0.0	79.306482752	0.9003961680000023	4.4276155392	9.8980255584	0.0	1.0
701	0.0	20.175321151999988	78.269266824	9.5303773824	6.267297607200001	0.0	1.0
701	0.0	-42.319953088	-71.785753032	10.7116420992	18.780315220800002	0.0	1.0
701	0.0	25.15463686400001	93.22397196	12.073982591999998	7.0950087432	0.0	1.0
701	0.0	80.15555475200001	49.667986032	9.9132641664	18.696498408	0.0	1.0
702	0.0	81.63261232000002	44.573621064	7.505903731200001	10.9605162744	0.0	1.0
702	0.0	-111.82173968	69.26358465599999	7.613369433600001	5.3758189296	0.0	1.0
702	0.0	44.07753212800001	85.00638501600001	10.9721195136	8.3133287496	0.0	1.0
702	0.0	55.79293820800001	57.61891968000001	8.4916495104	7.85682072	0.0	1.0
702	0.0	-48.240010784000006	71.846662776	9.597480883200001	10.1413316088	0.0	1.0
702	0.0	94.081259104	4.364878056000015	4.1619543168	7.2790920216	0.0	1.0
702	0.0	21.927299295999994	78.05228424	6.7782043392	5.9879752632	0.0	1.0
702	0.0	25.055459296000027	77.1292536	13.5827209728	7.428084048	0.0	1.0
702	0.0	88.81343766400002	-19.510445639999997	3.5899836672000003	8.7877544328	0.0	1.0
702	0.0	70.58538121599999	-62.595665831999995	6.7925402496	8.397125452800001	0.0	1.0
702	0.0	65.911731424	-50.238316632	8.249583551999999	9.4201209144	0.0	1.0
702	0.0	89.924202592	-18.733410696	5.4226564224	9.186165828	0.0	1.0
702	0.0	25.923121503999994	93.25996814400001	11.513452070400001	7.790941670400001	0.0	1.0
702	0.0	78.96205744000002	0.059613791999997605	4.4296890624	9.985844181600001	0.0	1.0
702	0.0	25.987114720000026	95.54783733599999	11.3893266816	12.098538648	0.0	1.0
703	0.0	-114.47263184000002	64.49419082400001	7.302054950400001	6.347193048	0.0	1.0
703	0.0	65.152392928	-51.2202684	8.7272446464	8.9846475264	0.0	1.0
703	0.0	88.78984240000001	-19.756788240000006	3.8230047743999998	9.5101515936	0.0	1.0
703	0.0	-111.561476768	69.123219648	8.0952848256	5.7634917984000005	0.0	1.0
703	0.0	70.23323977599999	-63.36847776	6.424239628800001	8.0342075016	0.0	1.0
703	0.0	94.32900937600002	3.5132364960000144	4.496470809600001	8.075050099200002	0.0	1.0
703	0.0	78.727534816	-1.5797207999999858	4.709400192	9.5465700792	0.0	1.0
703	0.0	26.460450016000014	95.503797312	10.8241128576	12.167514576	0.0	1.0
703	0.0	44.94126179199999	84.846111504	11.110366310400002	8.3920176144	0.0	1.0
703	0.0	90.09044195200002	-18.627835296	5.2634241408	7.776643744799999	0.0	1.0
703	0.0	25.258879071999992	76.971795432	15.090601344	7.6000814568	0.0	1.0
703	0.0	82.01871664000001	43.416916871999994	7.2458553216	10.5962107608	0.0	1.0
704	0.0	89.16915414400002	-20.267572079999994	4.4800971264000005	9.8642213208	0.0	1.0
704	0.0	-17.643030943999996	-80.2319660184	7.9442036352	5.8516120656	0.0	1.0
704	0.0	45.75780092799999	84.45075676799999	11.06296128	8.6939029296	0.0	1.0
704	0.0	-96.28461584	59.85812364000001	11.364873408000001	10.390831416	0.0	1.0
704	0.0	-114.763282592	64.71378765599998	7.021235558400001	6.039274852800001	0.0	1.0
704	0.0	57.97979017599999	55.682365200000014	7.3081682688	8.1801227592	0.0	1.0
704	0.0	-46.63946537599999	73.524406704	9.672163468799999	11.5550163792	0.0	1.0
704	0.0	78.73504240000001	-2.473793615999992	4.497507571200001	9.5143746096	0.0	1.0
704	0.0	94.66291811199999	2.3088725519999933	5.0800245888	8.504229182400001	0.0	1.0
704	0.0	27.63091811199999	94.85023531200001	11.4488510976	11.8159786584	0.0	1.0
704	0.0	-111.58042447999999	69.077570856	8.059534425599999	5.76441684	0.0	1.0
704	0.0	26.873367136000006	76.42742856	12.670406515200002	7.3106238744	0.0	1.0
704	0.0	64.661539936	-51.575605032000006	9.128793139199999	9.771355188	0.0	1.0
704	0.0	82.549967584	42.90573083999999	7.8075656064	10.558746576	0.0	1.0
705	0.0	64.132434016	-52.496021424	8.6402281728	9.1025903304	0.0	1.0
705	0.0	68.84648176000003	-65.163661752	7.071893875200001	8.5991867136	0.0	1.0
705	0.0	83.70113046400003	-38.224238303999996	5.9690297856	9.277785165600001	0.0	1.0
705	0.0	94.44948822399998	1.470101135999992	4.455036096	9.440170185600001	0.0	1.0
705	0.0	-114.784017824	64.73993013600001	7.1316327936000015	6.1754972832	0.0	1.0
705	0.0	-17.723826848000005	-80.5324637712	5.5998354048	6.260641329599999	0.0	1.0
705	0.0	89.784776032	-19.95647656800001	5.3624169984000005	7.606858392	0.0	1.0
705	0.0	89.58457379199999	-21.217951775999996	5.2326787968	9.6719936544	0.0	1.0
705	0.0	58.96006614400001	54.761144424	7.3659409151999995	7.254337104000001	0.0	1.0
705	0.0	-45.294535328000016	-77.15461404	8.0641819776	5.5176318288	0.0	1.0
705	0.0	78.83764604799998	-4.2014093520000015	4.0025790336	8.9855122392	0.0	1.0
705	0.0	82.74838230399999	41.786430504	6.4911643776000005	10.1271141216	0.0	1.0
705	0.0	26.487262816000015	75.990446952	13.951414847999999	7.4962958112	0.0	1.0
705	0.0	-111.57148687999998	69.080587296	7.8789234048	5.965472620800001	0.0	1.0
705	0.0	29.208225760000012	91.92609837600001	8.9200108032	6.182917725599999	0.0	1.0
705	3.0	-44.442960800000016	-70.131135144	10.692408384	18.0085087728	0.0	1.0
706	3.0	63.08530480000002	-44.779967904	8.7309269376	15.4386024408	0.0	1.0
706	0.0	-114.696786848	64.867022808	7.3144245888	6.038912880000001	0.0	1.0
706	0.0	68.19510947200001	-65.58998527199999	7.034105702400001	8.842090572	0.0	1.0
706	0.0	-96.29855849600001	59.90015270399999	11.39275872	10.4567707944	0.0	1.0
706	0.0	78.97600009599999	-4.486764575999997	3.71089152	9.2981360808	0.0	1.0
706	0.0	-44.95526403199999	-76.02546000000001	9.539815488	7.4521552392	0.0	1.0
706	0.0	-111.54467408000001	69.107333064	7.811819903999999	5.9184161568	0.0	1.0
706	3.0	-45.042852511999996	-69.97789999199999	10.2085624704	18.641699748	0.0	1.0
706	0.0	47.06662307200001	86.15705632800001	10.8601492608	13.4102074176	0.0	1.0
706	0.0	29.562869728000006	91.74611745599998	11.3170393728	6.3421053192	0.0	1.0
706	0.0	-44.96634665599999	74.80820356800001	9.8565282816	11.6602901352	0.0	1.0
706	0.0	83.29536342400003	41.24306911199999	7.574651750400001	10.855544162400001	0.0	1.0
706	0.0	59.544942688000006	54.091494744	7.642077004800001	6.947424388799999	0.0	1.0
706	0.0	28.462829919999994	75.63209388000001	15.3214774272	7.684984188	0.0	1.0
706	0.0	89.83303907199998	-21.858040343999996	5.5990131456	9.74863134	0.0	1.0
707	13.0	98.49500348800001	53.61529941599999	15.144262694399998	16.7110172712	0.0	1.0
707	0.0	29.887125856000008	94.54094966400001	10.9557815808	12.536545845600001	0.0	1.0
707	0.0	60.04902332800002	52.68000192	7.725875942400001	7.811594229600001	0.0	1.0
707	0.0	-45.80326352000002	-75.88972020000001	8.6215307136	7.502650444800001	0.0	1.0
707	3.0	-45.480437407999986	-69.67987572	10.010469504000001	18.2291110848	0.0	1.0
707	0.0	63.12320022400002	-54.01027430399999	8.535229248	9.138988706400001	0.0	1.0
707	0.0	-114.73325225600001	64.96877738399999	7.218291763199999	6.0370627968	0.0	1.0
707	0.0	-96.20596496	59.881048584000006	11.4550001664	10.5059990952	0.0	1.0
707	0.0	-5.983037984000009	30.96625912799999	6.473896934400001	15.532071861600002	0.0	1.0
707	0.0	-111.51249872	69.14976432	7.8027035520000005	5.9238658584	0.0	1.0
707	0.0	30.014754784000004	92.42541974400002	11.4768079104	8.1424574784	0.0	1.0
707	0.0	78.31640521599999	-5.762919791999997	4.0780123775999995	10.642925361600001	0.0	1.0
707	0.0	89.503777888	-22.895695704	5.6302589952	8.9566951824	0.0	1.0
707	0.0	29.282229088000005	75.37428880799999	14.710610342399999	7.5938877	0.0	1.0
707	0.0	-43.954252832000016	74.86229839200001	10.2774892416	10.263799072800001	0.0	1.0
707	0.0	83.798014048	40.002306792	7.021199808000001	10.0255204224	0.0	1.0
708	0.0	89.36435132800003	-23.010119327999995	6.1099221120000005	10.0718529408	0.0	1.0
708	0.0	-46.29125647999999	-76.26174780000001	8.0599991808	5.7890511	0.0	1.0
708	0.0	76.85028131199999	-6.275915688	3.6809684352000005	11.4322673808	0.0	1.0
708	0.0	48.919566304000014	82.58699904000001	11.199706560000001	8.6732302608	0.0	1.0
708	0.0	30.514545376000008	91.82293612800002	11.5796975616	7.302097404	0.0	1.0
708	0.0	-111.43742288	69.185559408	7.6687825536	5.908602672	0.0	1.0
708	0.0	-96.14197174399999	59.822730744	11.532435532800001	10.4952203496	0.0	1.0
708	0.0	78.66532912	-6.357560663999995	3.53468494848	10.524982557600001	0.0	1.0
708	0.0	-43.109828384	75.975163656	10.6782512256	10.3530655872	0.0	1.0
708	0.0	31.313924320000016	74.90110992000001	11.4268288512	7.5380232312	0.0	1.0
708	0.0	83.79622652800003	39.667481952	7.2058863743999995	10.7712246096	0.0	1.0
709	0.0	78.069012448	-8.487569495999999	4.5202090751999995	9.518939488800001	0.0	1.0
709	0.0	31.99318192000004	91.57196832	11.4223958016	7.864402039200001	0.0	1.0
709	0.0	94.98645923200002	-2.5369377600000096	5.0704434816	8.5633312968	0.0	1.0
709	0.0	-46.976234144	-76.478328192	6.610284710399999	5.154392124	0.0	1.0
709	0.0	32.047880032	93.176915496	12.516751296	10.988991468	0.0	1.0
709	0.0	-111.48139587200001	69.20607120000001	7.4216757888	5.8283050392	0.0	1.0
709	0.0	31.79691222400002	74.550599592	13.651790745600003	7.2986184432	0.0	1.0
709	0.0	-96.17986716799999	59.84646007200001	11.439234240000001	10.4129921952	0.0	1.0
709	0.0	89.223137248	-23.999310551999997	5.5789929216	9.9425281032	0.0	1.0
709	0.0	-42.11703977600001	76.353626328	10.880312486400001	9.989745444	0.0	1.0
709	0.0	84.178398304	39.069221352000014	7.3065237504	10.3473343512	0.0	1.0
710	0.0	77.22208547200002	-10.022334168000004	5.2121223168	9.280680948	0.0	1.0
710	0.0	-14.282850848	-91.1664403608	10.2747722112	6.717913524	0.0	1.0
710	0.0	65.27465929599998	-68.23218561600001	6.6694516224000004	8.5341924864	0.0	1.0
710	0.0	-47.502122527999994	-76.239426144	6.4337134848	5.6888650728000005	0.0	1.0
710	0.0	-5.4650146879999975	25.700359272000007	4.2998436096	5.0663522952	0.0	1.0
710	0.0	60.99569392	-55.9862436	9.2405488896	8.6671571616	0.0	1.0
710	0.0	62.852569696000025	49.83006940800001	7.0220578176	8.2288081008	0.0	1.0
710	0.0	-111.40524752000002	69.176711184	7.4576406912	5.8219906248	0.0	1.0
710	0.0	94.74693155199998	-3.5054160960000087	4.7904105984	8.5032840312	0.0	1.0
710	0.0	32.95880022400002	92.701926744	12.4979108352	10.0121877576	0.0	1.0
710	0.0	33.027798495999996	73.94409405600001	15.3820386048	7.784727804000001	0.0	1.0
710	0.0	-96.224912672	59.88386392800001	11.366660928	10.410297508800001	0.0	1.0
710	0.0	-41.17930678400001	77.548940952	10.6221230976	11.1998205144	0.0	1.0
710	0.0	84.39754825600001	38.94997142400001	7.860297446399999	10.8026156952	0.0	1.0
710	0.0	89.17415919999999	-24.550313592	5.5154287104	9.5171095152	0.0	1.0
711	0.0	-4.999186975999999	25.463870376000006	4.6702892544	4.7392897608	0.0	1.0
711	0.0	34.11854320000002	90.579157368	10.5521595648	6.798150828	0.0	1.0
711	3.0	63.21472124800003	-69.026715912	9.959525184	9.0471280536	0.0	1.0
711	0.0	-47.855336480000005	-75.82516838400001	6.999284812800001	5.8738331736000005	0.0	1.0
711	0.0	33.12182204799999	94.32396708	11.998728	13.5061905384	0.0	1.0
711	0.0	60.676800352	-56.64684396	8.5962909312	8.5949234784	0.0	1.0
711	0.0	94.70117104000002	-3.8774436959999967	4.8674884608	7.3493348544	0.0	1.0
711	0.0	-111.490333472	69.189782424	7.5341822976	5.835765700800001	0.0	1.0
711	0.0	-96.15770192000001	59.879037624	11.419142515199999	10.415928196800001	0.0	1.0
711	0.0	85.17726447999999	37.585535064000005	6.2084859647999995	8.544669588000001	0.0	1.0
711	0.0	77.68934320000002	-9.654529584000002	4.234563379200001	10.6396474968	0.0	1.0
711	0.0	88.90710371199998	-25.603855535999998	5.7003655296	9.8491190112	0.0	1.0
711	0.0	51.57689353600001	83.99869296000001	11.297948659200001	13.9839544152	0.0	1.0
711	0.0	34.48641481599998	73.60665496799999	14.587986470399999	8.1542215944	0.0	1.0
711	0.0	-40.376710304	78.17414841600001	10.7615496576	11.0165617296	0.0	1.0
711	0.0	63.64551356800002	49.034131439999996	6.886599552000001	8.3927013408	0.0	1.0
712	0.0	76.17209622400001	-12.270587447999999	4.2094665984	9.922619599199999	0.0	1.0
712	0.0	62.32703881600002	-69.74322096	9.5202600192	8.572621932	0.0	1.0
712	0.0	-41.124251168	77.03835820799999	7.2606917376	8.1142839288	0.0	1.0
712	0.0	63.148583007999996	49.07374735199999	5.2920959616	6.248857104	0.0	1.0
712	0.0	-111.40202998400001	69.201647088	7.640146483199999	5.7716160768	0.0	1.0
712	0.0	-96.10943887999998	59.841834863999985	11.4988301568	10.450999339200001	0.0	1.0
712	0.0	85.45504508800002	37.10853535200002	6.6398502912	9.269520120000001	0.0	1.0
712	0.0	51.4038616	83.806847376	10.075713984	13.827200083200003	0.0	1.0
712	0.0	77.67575804799999	-11.654429303999997	3.7288024704	9.4940639136	0.0	1.0
712	0.0	60.335026527999986	-57.07779268800001	7.783648588799999	8.9196331896	0.0	1.0
712	0.0	36.23246435200001	72.98969244000001	12.6345846144	8.211875817600001	0.0	1.0
712	0.0	88.64505328	-26.20794792	5.5844269824	9.6094326888	0.0	1.0
713	0.0	76.60002851199998	-12.254499768000004	5.059646860800001	10.993154155200001	0.0	1.0
713	0.0	-39.38785423999999	81.90548469600002	8.4017372544	15.017346539999998	0.0	1.0
713	0.0	95.00719446400004	-6.201711263999997	5.4366705792	9.4592340864	0.0	1.0
713	0.0	52.658700640000035	83.35900658400001	11.0046523776	13.8343591008	0.0	1.0
713	0.0	-81.327720992	-40.932599232	9.330818649600001	16.062925082400003	0.0	1.0
713	0.0	64.64116220800001	47.10582189600001	7.136566348800001	8.9997297264	0.0	1.0
713	3.0	-50.798309407999994	-90.8404436352	12.661647667199999	16.3484210736	0.0	1.0
713	0.0	53.668291936	80.47850748	8.6256062592	8.133186952800001	0.0	1.0
713	0.0	34.873949152	91.55668502400002	11.327156736000001	9.7877042928	0.0	1.0
713	0.0	86.109634912	35.88627386400001	6.3308953344	7.6371434496	0.0	1.0
713	0.0	-48.03194345600001	-73.48059012	9.0787068288	8.1389181888	0.0	1.0
713	0.0	36.97500016000001	72.29530795200002	13.019830924799999	7.6647338208	0.0	1.0
713	0.0	-111.39845494400001	69.239654232	7.4585702016	5.627973204	0.0	1.0
713	0.0	-40.09714217600002	84.478910208	5.6338340352000005	11.2039027632	0.0	1.0
713	3.0	-35.65694249599999	-81.84015083999999	10.9366193664	14.371768051200002	0.0	1.0
713	0.0	59.655411424000015	-57.589783104	8.066720256	9.189986652	0.0	1.0
713	0.0	61.626330976	-70.438409832	9.5983388928	8.9650808856	0.0	1.0
713	0.0	-96.202032416	59.850683088	11.3274784896	10.471832884800001	0.0	1.0
713	0.0	88.57534000000001	-27.261489863999998	5.212944576	8.437947940799999	0.0	1.0
713	0.0	-40.35955011200001	77.904679776	7.4582126976000005	8.3670616008	0.0	1.0
714	13.0	98.736676192	53.78663320799999	15.627036096	17.097986304	0.0	1.0
714	0.0	-39.177641888000004	84.029259552	6.3468042624	12.845147767199999	0.0	1.0
714	0.0	88.74479689600003	-27.265712879999995	4.533865728	7.2376662456	0.0	1.0
714	0.0	53.41696662399999	84.718817736	9.743056512	11.535168204	0.0	1.0
714	0.0	-48.790924448	-73.598432376	9.01893216	6.9900165216	0.0	1.0
714	0.0	-81.340591136	-40.88031427199999	9.360384230400001	16.211052396000003	0.0	1.0
714	0.0	86.58869027200004	34.656974016000014	6.204660671999999	10.4022134496	0.0	1.0
714	0.0	-111.28834371199999	69.24086080800001	7.491925324800001	5.7775484088	0.0	1.0
714	0.0	77.2960888	-14.050287047999998	3.10889410944	8.6687056008	0.0	1.0
714	0.0	-96.105148832	59.796990455999996	11.517777868800001	10.4281950528	0.0	1.0
714	0.0	-37.692570272000005	79.48509324	10.5600246528	10.5324633288	0.0	1.0
714	0.0	58.75092630400001	-58.631661480000005	8.2176941952	8.6975226576	0.0	1.0
714	0.0	54.06369135999998	80.00693736000001	10.354066598400001	9.4197589416	0.0	1.0
714	0.0	65.20887856000002	46.39575192	7.517451110400001	9.833996592	0.0	1.0
714	0.0	60.73829104000001	-71.15290392	9.6267247104	9.0603199512	0.0	1.0
714	0.0	38.36247318399998	71.681764056	12.671407526400001	7.6791725136	0.0	1.0
715	0.0	87.90501999999998	-28.77373178400001	5.9296685952	9.6123686904	0.0	1.0
715	0.0	60.023998047999996	-71.77529604	9.7750173696	8.1782123472	0.0	1.0
715	0.0	86.89185366399998	-28.964772983999993	4.3385612928	9.578001384	0.0	1.0
715	0.0	66.370051552	44.586491208	6.817672780800001	7.8971203584	0.0	1.0
715	0.0	76.61861872	-14.741252904000003	3.8079896064	9.9887600736	0.0	1.0
715	0.0	86.40457571200001	34.23949871999999	7.029279398399999	11.391183468000001	0.0	1.0
715	0.0	54.59494230400002	79.950429384	11.0596364928	9.968429268000001	0.0	1.0
715	0.0	94.63145775999999	-8.248265256000003	5.8973502336	8.900026329600001	0.0	1.0
715	0.0	39.04566332799998	71.113265664	12.982972262400002	8.223398618400001	0.0	1.0
715	0.0	58.647250144	-59.056778424	7.018518528	8.2562375952	0.0	1.0
715	0.0	-37.050135584	79.72640844	10.464356582399999	9.8262946152	0.0	1.0
715	0.0	-95.97894991999999	59.739678096000006	11.7394303488	10.5409093608	0.0	1.0
716	0.0	37.63852758400004	92.26393965600002	12.137475302399999	12.835756583999999	0.0	1.0
716	3.0	85.976643424	-24.522964535999996	9.1890683136	18.642966652800002	0.0	1.0
716	0.0	86.00095369600001	-30.610944839999995	3.6213367680000004	7.9848384336	0.0	1.0
716	13.0	98.67554300800003	53.69171589600001	15.64884384	17.0761070592	0.0	1.0
716	0.0	-81.34452368	-40.89077126400001	9.289634188800001	16.2172260432	0.0	1.0
716	0.0	-49.65143657600002	-73.952763528	9.489192921599999	5.6679309792	0.0	1.0
716	0.0	86.73991446400002	33.220746383999995	6.552261811200001	11.595999744	0.0	1.0
716	0.0	59.643971296000025	-72.253703424	9.9298881024	8.3182958208	0.0	1.0
716	0.0	38.79398051199999	88.70071963200002	9.82331616	5.9705201304	0.0	1.0
716	0.0	-95.83594832000001	59.73867261599999	11.960653824	10.5518892024	0.0	1.0
716	0.0	-35.827114400000006	80.35081152	11.0353977216	9.6984377784	0.0	1.0
716	0.0	56.79502192000001	-60.42785095200001	9.5384212224	10.103766876	0.0	1.0
716	0.0	75.59436975999999	-16.461629184	5.1222815616	9.2044454544	0.0	1.0
716	0.0	40.42598627200002	70.5333048	12.453294335999999	8.0168126976	0.0	1.0
716	0.0	94.58283721600002	-9.219357839999997	5.2051152384	8.2711388088	0.0	1.0
716	0.0	55.97240521599999	81.69574156800002	11.943672384000001	13.9613512248	0.0	1.0
717	3.0	94.55030435200001	-10.036008696000005	5.841293606400001	8.4258821808	0.0	1.0
717	3.0	73.91267094399998	-13.840543919999996	8.171826432	17.115079464	0.0	1.0
717	3.0	56.15044220799998	-61.037976216	9.347978841600002	9.2273301792	0.0	1.0
717	0.0	-111.36449206399999	69.347441688	7.1874749183999995	5.497160256	0.0	1.0
717	3.0	-50.314964	-69.877351992	9.8098382592	13.398282424800001	0.0	1.0
717	0.0	86.80748272	-31.218858048000005	5.3247360768	7.688483258400001	0.0	1.0
717	0.0	-81.352031264	-40.912690728	9.3282803712	16.1609392728	0.0	1.0
717	13.0	98.74168124800002	53.708406864	15.666790540800001	17.0992532088	0.0	1.0
717	0.0	75.82245731200004	-16.678611768000003	4.3142152704	10.4034401352	0.0	1.0
717	0.0	40.134620512	74.41626746400001	15.5187481344	17.2088304192	0.0	1.0
717	0.0	65.95177187200001	47.0352372	10.3164214272	17.6131540368	0.0	1.0
717	0.0	-95.85847107200001	59.770847976	11.8498990848	10.5221672136	0.0	1.0
717	0.0	-34.53366492799999	80.843697816	11.3472842112	9.0101464992	0.0	1.0
717	3.0	59.082332511999994	-72.588327168	11.0317869312	8.546439232800001	0.0	1.0
717	0.0	87.29547568000002	-29.846981136	5.6837415936	9.497965176000001	0.0	1.0
717	0.0	87.06131056000001	32.337130560000006	7.152511027200001	10.796381719200001	0.0	1.0
717	0.0	39.23907299199999	90.57232010400001	9.1089874176	10.4985585432	0.0	1.0
717	0.0	40.49176700799998	70.16630459999999	14.4515271936	8.4255805368	0.0	1.0
717	0.0	56.28593622400002	81.28389696	11.518600128000001	13.872748327199998	0.0	1.0
718	0.0	87.16391420800001	-31.288437264000002	5.5808876928	9.6368018544	0.0	1.0
718	3.0	-50.78007670400001	-89.1950761632	11.716907596800002	19.5304234104	0.0	1.0
718	0.0	55.536607840000016	-61.500497016000004	8.7059016576	8.404706772	0.0	1.0
718	0.0	87.314423392	32.286052176000005	6.1723423104	10.5161544432	0.0	1.0
718	0.0	-81.321643424	-40.84954658400001	9.3359667072	16.220302812	0.0	1.0
718	0.0	-35.36915177599999	87.13076315999999	7.4844892416	11.0933401824	0.0	1.0
718	13.0	98.75061884800002	53.754256752	15.4111394304	17.0593959816	0.0	1.0
718	0.0	38.559815392000004	89.067920928	11.300200934400001	8.4539954016	0.0	1.0
718	3.0	58.03270076800002	-73.162054056	8.9582637312	7.715490451199999	0.0	1.0
718	0.0	-111.27404355200001	69.145943496	7.3780603008	5.8217292	0.0	1.0
718	0.0	-95.938909472	59.73304192800002	11.7397878528	10.417255430400001	0.0	1.0
718	0.0	94.025130976	-11.213224680000003	5.801574912	9.1667399544	0.0	1.0
718	0.0	66.45728252800001	46.45909716	10.414234521600001	18.5004901368	0.0	1.0
718	0.0	38.48867209600003	91.97938881600003	11.6056881024	13.979389535999998	0.0	1.0
718	0.0	41.806309216	69.40012884000001	13.6978372608	8.547484932	0.0	1.0
718	0.0	-33.71247824	81.492835704	11.6156982144	9.999981230400001	0.0	1.0
718	0.0	56.514738783999995	80.682217728	10.580616883200001	13.743483818400001	0.0	1.0
719	0.0	102.57340912000001	-44.830040808	6.99277824	7.2021124728000006	0.0	1.0
719	0.0	41.138491744000014	69.73133395199999	8.1061171968	6.599246774400001	0.0	1.0
719	0.0	54.459090784	-62.204735208	9.5128596864	8.2838279664	0.0	1.0
719	0.0	80.39993852799999	-47.64377604	7.530964761600001	8.9512454808	0.0	1.0
719	0.0	68.03065763200001	41.6961384	5.9075033472	7.747565263199999	0.0	1.0
719	0.0	39.188307424	91.56633763199999	11.8653432576	14.378162904	0.0	1.0
719	0.0	87.70052771200002	31.085911248000016	6.1131753984	8.1962506584	0.0	1.0
719	0.0	57.16539606400004	80.733296112	10.473615936	13.3653429	0.0	1.0
719	0.0	39.28590601599999	89.1296574	11.485924262400001	9.393093612000001	0.0	1.0
719	0.0	-95.970727328	59.79598497599999	11.629176115199998	10.2828830832	0.0	1.0
719	0.0	42.996440031999995	68.850935664	13.0242639744	8.587100844	0.0	1.0
719	0.0	93.68764720000003	-11.928925343999996	5.3864770176	8.9187885864	0.0	1.0
719	0.0	68.72707542399998	40.79663599200001	6.714282624	9.4309398792	0.0	1.0
719	0.0	87.069175648	-31.776095064000007	5.0686559616	9.1679465304	0.0	1.0
719	0.0	-34.20225872	87.62445384	6.4705721472	11.031925464	0.0	1.0
719	0.0	-111.14426959999999	69.10250676000001	7.674752870400001	5.8891566888	0.0	1.0
719	0.0	75.24008329600002	-18.074419104000004	3.7370608128	11.5101518616	0.0	1.0
719	0.0	-32.72254966399999	81.55195792800001	11.645907302400001	9.1969646832	0.0	1.0
720	3.0	-39.200879648	-77.67082747200001	10.6556212224	12.6079751448	0.0	1.0
720	0.0	87.94899299200002	31.023571487999998	6.7016269824	8.564276448000001	0.0	1.0
720	0.0	79.82328457600002	-48.690681815999994	7.456067673600001	9.7264705608	0.0	1.0
720	0.0	-33.318151327999985	88.63697219999999	6.9943512576	9.919482501600001	0.0	1.0
720	0.0	87.56181616000002	-32.275215335999995	3.7861103616	8.1752964552	0.0	1.0
720	0.0	-111.297281312	69.12764376000001	7.474550630399999	5.8224129264	0.0	1.0
720	0.0	93.47707734400001	-12.985885920000001	5.1678275712	9.526681684800002	0.0	1.0
720	0.0	-95.924966816	59.76702715200001	11.7665649024	10.322338118400001	0.0	1.0
720	0.0	74.81679856000001	-20.350423632000002	3.8085973632000005	9.6822093312	0.0	1.0
720	0.0	58.98687894400001	79.619023176	12.798857702400001	14.6896002792	0.0	1.0
720	0.0	69.06992176	39.832179576000016	7.055698944	9.5005995336	0.0	1.0
720	0.0	54.12518204799998	-62.570327735999996	8.6786241024	7.9679061504	0.0	1.0
720	3.0	77.31396400000001	-42.8798118	7.426251840000001	19.7542834776	0.0	1.0
720	0.0	39.739936095999994	91.29224378400001	11.9907556608	14.5291256712	0.0	1.0
720	0.0	44.77823996800002	67.928910504	11.8678100352	8.728974072	0.0	1.0
720	0.0	-31.66970038400001	81.48499296000001	11.678869171199999	8.1215233848	0.0	1.0
721	0.0	-96.10193129600002	59.759184407999996	11.3632288896	10.2856783176	0.0	1.0
721	0.0	72.43224688000002	-22.228056984	3.7706661888	8.841426955200001	0.0	1.0
721	0.0	-32.380418336000005	88.247047056	7.589881420800001	11.5127057808	0.0	1.0
721	3.0	78.49658723199998	-46.044459552000006	9.0324458112	13.7570175792	0.0	1.0
721	0.0	86.71631919999999	-33.107953872	4.52868192	8.692676244000001	0.0	1.0
721	3.0	78.13908323200002	-44.242639392	9.237081100800001	18.612802252799998	0.0	1.0
721	0.0	41.44487267200001	88.63496124000001	12.193245926400001	10.192812184800001	0.0	1.0
721	0.0	102.84975971200001	-45.415029072	6.648573388800001	5.5854816192	0.0	1.0
721	0.0	74.59157104000002	-21.90650448	3.6098251392	8.9790168384	0.0	1.0
721	0.0	69.74917935999999	38.81865573600001	6.6423170688000015	9.9845571672	0.0	1.0
721	13.0	98.68626812800001	53.644860527999995	15.675585139199999	16.9976192904	0.0	1.0
721	0.0	88.28897929600001	29.692114872000005	6.5008169856	9.9711641736	0.0	1.0
721	0.0	-111.234003104	69.161628984	7.5677161728	5.7065213016000005	0.0	1.0
721	0.0	41.68261283200003	90.914987688	12.972139891200001	14.8941953496	0.0	1.0
721	3.0	55.437579232	-74.85729333600001	9.9664250112	8.1904792032	0.0	1.0
721	0.0	59.41123619199999	78.90895319999998	11.702178432	14.1572991672	0.0	1.0
721	0.0	-30.829923488000006	82.395555648	11.5043714688	9.0122378976	0.0	1.0
721	0.0	45.55223612800002	67.430594616	12.102332659200002	8.7318698544	0.0	1.0
721	0.0	93.50567766400002	-14.002225104000004	5.712627916800001	8.308019815200002	0.0	1.0
722	0.0	85.20979734400004	-34.200910632	6.219997593600001	8.772611904	0.0	1.0
722	0.0	88.647198304	27.701264472000005	5.977609881599999	10.466584279200001	0.0	1.0
722	0.0	-4.18193283199999	29.886775800000002	5.2714322304	14.573306462400001	0.0	1.0
722	0.0	-95.97573238400001	59.74229234399999	11.6277818496	10.2533018616	0.0	1.0
722	0.0	-111.193605152	69.209892024	7.550448729599999	5.5635018264000005	0.0	1.0
722	0.0	78.72181475200001	-50.043655704	8.5978639488	9.0814752504	0.0	1.0
722	0.0	102.90946287999999	-45.400751256	6.569314752	5.4433067472	0.0	1.0
722	0.0	42.39333078400001	88.167815232	12.3342097536	10.189614758400001	0.0	1.0
722	0.0	59.92496944000002	78.202905144	11.0915258496	13.534364088	0.0	1.0
722	0.0	93.290460256	-15.322420344000001	6.3685405056	9.0114737328	0.0	1.0
722	0.0	46.802070111999996	66.551604	12.209226355200002	8.7783029208	0.0	1.0
722	0.0	-29.903273120000012	83.142828384	11.603149824	8.8396372008	0.0	1.0
722	0.0	70.41914185600002	37.675626072	6.948626495999999	9.606054276	0.0	1.0
