0	0.0	2583.264	651.39984	78.829824	122.914152	0.0	1.0
0	0.0	2706.13248	1414.66176	68.320128	77.540328	0.0	1.0
0	0.0	1220.94336	707.33952	63.078912	77.593464	0.0	1.0
0	0.0	2594.37312	686.8692000000001	59.672448	83.92896	0.0	1.0
0	3.0	1220.30592	776.47896	60.2688	173.536776	0.0	1.0
0	0.0	1220.6783999999998	754.90056	63.551616	169.709904	0.0	1.0
0	0.0	2857.71264	772.8371999999999	45.680256	94.408416	0.0	1.0
0	0.0	2678.37312	966.05136	59.041152	129.329568	0.0	1.0
0	0.0	2558.19264	1852.9992	105.13344	136.794096	0.0	1.0
0	0.0	1983.40224	114.70464000000004	81.060864	58.67208	0.0	1.0
0	0.0	2904.84096	1022.4036	58.717056	104.18544	0.0	1.0
0	0.0	2234.30016	1976.68512	117.331968	85.505112	0.0	1.0
0	0.0	2159.9308800000003	151.67692799999986	61.98528000000001	94.440384	0.0	1.0
0	0.0	692.5632	1773.75312	75.960192	72.38959200000001	0.0	1.0
0	0.0	2671.64928	957.65976	45.252864	110.961576	0.0	1.0
0	13.0	2050.8288	1112.05008	232.333824	51.00408	0.0	1.0
0	0.0	2984.64768	607.29912	75.99552	61.444008	0.0	1.0
0	0.0	2570.8147200000003	629.62272	71.720064	85.50424799999999	0.0	1.0
0	0.0	1016.49024	636.4764	101.404032	167.98104	0.0	1.0
0	0.0	2788.44288	1146.79152	64.454784	129.28140000000002	0.0	1.0
0	0.0	2731.59168	1618.67592	82.92441600000001	107.91878399999999	0.0	1.0
0	0.0	849.4809599999999	1718.49384	103.854336	108.582336	0.0	1.0
0	3.0	1219.72608	800.03808	54.210432	127.605456	0.0	1.0
0	0.0	2820.192	1508.814	96.34559999999999	172.811448	0.0	1.0
0	0.0	1220.85504	724.39056	62.93299199999999	109.523232	0.0	1.0
0	0.0	1947.13344	2103.72552	120.248448	63.980712000000004	0.0	1.0
1	0.0	1754.78016	1678.13208	51.99897599999999	142.14398400000002	0.0	1.0
1	0.0	2845.5513600000004	1459.5984	46.094207999999995	95.411088	0.0	1.0
1	0.0	2712.60288	1402.62192	60.619776	75.380544	0.0	1.0
1	0.0	2566.87488	623.03256	73.97760000000001	93.113064	0.0	1.0
1	3.0	2407.26144	1819.368	109.330944	91.685952	0.0	1.0
1	0.0	2586.6624	671.93712	60.51840000000001	86.81580000000001	0.0	1.0
1	0.0	692.84736	1772.7336	76.042368	74.724552	0.0	1.0
1	0.0	1957.64736	110.47147199999984	102.484992	61.891128	0.0	1.0
1	0.0	2906.07744	1016.4096	47.443968	109.62777600000001	0.0	1.0
1	13.0	2050.54464	1111.6785599999998	232.76505599999996	50.94036	0.0	1.0
1	0.0	849.2467200000001	1718.63208	103.12742399999999	107.873208	0.0	1.0
1	0.0	1016.4096000000001	635.6124	101.76729600000002	168.37070400000002	0.0	1.0
1	0.0	2739.15264	1610.01	77.740416	101.36728800000002	0.0	1.0
1	0.0	2983.52256	618.0688799999999	77.993088	80.311608	0.0	1.0
1	0.0	2678.4768	952.31376	58.936704000000006	120.541176	0.0	1.0
1	3.0	1212.91392	780.6304799999999	54.88128	187.451928	0.0	1.0
1	0.0	2789.4912	1133.8185600000002	63.629183999999995	128.322792	0.0	1.0
1	0.0	1215.31392	725.62824	59.37408	90.45777600000001	0.0	1.0
1	0.0	1956.48384	2103.894	117.873792	67.62376800000001	0.0	1.0
2	0.0	2674.57152	955.0224	61.400448	143.127216	0.0	1.0
2	3.0	2728.0396800000003	714.9578399999999	53.577983999999994	98.731656	0.0	1.0
2	0.0	2719.71072	707.7088799999999	61.994496	105.86484	0.0	1.0
2	0.0	2223.96672	137.39436	71.03308799999999	72.923328	0.0	1.0
2	13.0	2050.58688	1112.27688	232.91366400000004	50.432112	0.0	1.0
2	0.0	2411.6428800000003	1820.9080799999997	118.77235200000001	106.533792	0.0	1.0
2	0.0	2674.79808	931.68576	58.13952	99.066672	0.0	1.0
2	0.0	2572.4006400000003	1841.94864	105.67104	151.70436	0.0	1.0
2	3.0	2721.86112	728.8272	67.448064	138.51432	0.0	1.0
2	0.0	2582.63808	667.14408	63.165696	98.67031200000001	0.0	1.0
2	3.0	1207.55328	792.5147999999999	57.009408	187.231824	0.0	1.0
2	0.0	2560.73856	606.3271199999999	75.593088	88.876872	0.0	1.0
2	0.0	2716.88832	1375.09272	64.196736	105.61212	0.0	1.0
2	0.0	2788.25088	1121.70312	64.16870399999999	125.70595200000001	0.0	1.0
2	0.0	1016.53632	635.1609599999999	101.960064	169.55848799999998	0.0	1.0
2	3.0	2849.46816	753.29136	47.155584000000005	96.844032	0.0	1.0
2	3.0	1940.13312	151.89616799999988	135.00134400000002	98.751744	0.0	1.0
2	0.0	1209.30432	735.1430399999999	60.291456	89.05636799999999	0.0	1.0
2	0.0	1943.98848	110.89332000000002	79.673088	62.488152	0.0	1.0
2	0.0	2983.7568	618.96528	77.641728	81.51516000000001	0.0	1.0
2	0.0	694.7174399999999	1772.5931999999998	79.212288	74.447856	0.0	1.0
2	0.0	850.8211200000001	1718.45712	106.51622400000001	108.67197599999999	0.0	1.0
2	0.0	2254.13376	1968.68664	120.61670399999998	88.56950400000001	0.0	1.0
2	0.0	1963.2192	2101.72752	121.176576	68.46962400000001	0.0	1.0
3	0.0	2576.79744	657.93384	58.612608	98.419752	0.0	1.0
3	0.0	2753.63328	1587.8916	74.264832	93.654792	0.0	1.0
3	0.0	2428.19328	1814.11704	98.529792	103.53916799999999	0.0	1.0
3	0.0	2578.35648	1845.18432	108.000384	175.39243199999999	0.0	1.0
3	0.0	2899.55712	1003.18392	47.11564799999999	105.210576	0.0	1.0
3	0.0	2550.30528	592.8746399999999	74.46835200000001	88.594344	0.0	1.0
3	0.0	2727.8208	705.33288	55.48224	96.7086	0.0	1.0
3	0.0	2817.696	716.51088	43.569408	99.840168	0.0	1.0
3	0.0	2745.3888	1609.01856	91.237248	130.498128	0.0	1.0
3	0.0	2664.52224	923.12784	45.125376	103.458168	0.0	1.0
3	3.0	1927.10016	146.23783200000003	134.778624	103.390992	0.0	1.0
3	0.0	2127.66336	142.276392	68.54016	107.19259200000002	0.0	1.0
3	0.0	1946.45376	110.95747200000005	87.18527999999999	62.602416	0.0	1.0
3	0.0	2437.7664	1804.17024	82.58342400000001	83.434536	0.0	1.0
3	3.0	2139.27936	220.00896	82.942848	147.953304	0.0	1.0
3	0.0	2789.82912	1108.27224	59.196672	126.458064	0.0	1.0
3	0.0	1016.3366399999999	634.93848	101.942016	168.967944	0.0	1.0
3	0.0	2717.96352	1370.3904	63.55891199999999	108.33242400000002	0.0	1.0
3	0.0	2984.90112	609.15456	78.05184	67.318344	0.0	1.0
3	13.0	2050.59072	1112.13	232.86912000000004	50.56430399999999	0.0	1.0
3	3.0	2845.27872	749.07936	50.234496	88.718976	0.0	1.0
3	0.0	2259.35616	1965.13776	114.3648	85.39776	0.0	1.0
3	0.0	692.8819199999998	1772.604	75.915264	74.1906	0.0	1.0
3	0.0	852.4646400000001	1718.04888	109.454208	108.99424800000001	0.0	1.0
3	0.0	1202.31936	748.07928	63.401088	87.036336	0.0	1.0
3	0.0	1969.54752	2099.80944	117.470976	67.71492	0.0	1.0
4	3.0	2426.24256	1814.29416	113.470464	115.861104	0.0	1.0
4	0.0	2985.00864	617.1228	79.478784	80.87320799999999	0.0	1.0
4	0.0	2789.29536	1098.4356	57.794688	120.95978400000001	0.0	1.0
4	0.0	1016.16	635.50008	102.319872	170.289432	0.0	1.0
4	0.0	2855.03232	1433.27232	59.28883199999999	101.836224	0.0	1.0
4	0.0	2551.06176	605.96208	87.132672	133.538544	0.0	1.0
4	0.0	2718.08256	688.8045599999999	60.384768	86.74019999999999	0.0	1.0
4	0.0	2986.12224	604.8432	79.85088	62.988192	0.0	1.0
4	0.0	2904.576	994.98456	49.61779200000001	99.35913599999999	0.0	1.0
4	0.0	693.05088	1772.47008	76.054272	75.770424	0.0	1.0
4	13.0	2050.7558400000003	1112.20992	232.74316800000008	50.300568	0.0	1.0
4	0.0	1196.08704	758.3716800000001	61.14816	79.53336	0.0	1.0
4	0.0	2669.7792	929.9448	59.0016	150.695208	0.0	1.0
4	0.0	1961.57568	2100.3192	80.98905599999999	67.20515999999999	0.0	1.0
4	0.0	2722.6598400000003	1358.7696	64.637184	106.067448	0.0	1.0
4	0.0	849.9839999999999	1718.16768	105.43104	108.402408	0.0	1.0
4	0.0	2745.21216	1619.0928	97.6032	173.705472	0.0	1.0
5	3.0	2413.6742400000003	1870.86888	70.93056	114.680016	0.0	1.0
5	0.0	2985.29664	617.6412	78.84979200000001	81.943272	0.0	1.0
5	0.0	1907.17824	103.72471199999995	74.258688	58.217400000000005	0.0	1.0
5	0.0	1189.00224	773.4204000000001	58.78348799999999	78.833952	0.0	1.0
5	0.0	2667.80544	906.19776	57.242496	117.858456	0.0	1.0
5	0.0	2546.112	597.834	92.92224	152.13182400000002	0.0	1.0
5	13.0	2049.09312	1112.5728	233.790336	47.96712	0.0	1.0
5	0.0	2907.1104	981.28584	45.096576	88.93497599999999	0.0	1.0
5	0.0	2718.94656	680.8212000000001	49.921152	77.583096	0.0	1.0
5	0.0	2986.85952	603.1238400000001	78.90048	59.164992	0.0	1.0
5	0.0	1016.44416	634.9104	100.80192	167.785128	0.0	1.0
5	0.0	692.6284799999999	1772.19792	75.673344	75.85704	0.0	1.0
5	0.0	2789.11488	1090.65744	54.391679999999994	121.342536	0.0	1.0
5	0.0	850.40256	1718.28216	105.2832	109.337472	0.0	1.0
5	0.0	2724.04224	1358.74152	65.36832	113.17644	0.0	1.0
5	0.0	1188.97536	829.9584000000001	56.996352	190.340064	0.0	1.0
5	0.0	1986.55488	2099.7144	119.88864000000001	73.297872	0.0	1.0
5	0.0	2748.2112	1610.53056	97.38931200000002	164.56608	0.0	1.0
6	0.0	2522.60352	549.19944	66.494208	78.174504	0.0	1.0
6	3.0	1892.40192	146.39097600000002	138.579456	97.332192	0.0	1.0
6	0.0	1016.83584	634.7181599999999	101.43052799999998	169.745976	0.0	1.0
6	0.0	2986.51008	609.59736	82.23705600000001	75.280968	0.0	1.0
6	0.0	2308.55808	1940.20056	84.281856	66.663864	0.0	1.0
6	0.0	1185.00864	837.39744	59.169408	187.86168	0.0	1.0
6	0.0	2861.31456	1421.94312	63.078528	107.02908	0.0	1.0
6	0.0	2836.2547200000004	714.9060000000001	51.42067200000001	98.08451999999998	0.0	1.0
6	0.0	2901.14688	972.40608	41.235072	88.045272	0.0	1.0
6	0.0	1902.91584	103.81716000000006	77.843712	59.903712	0.0	1.0
6	13.0	2050.55616	1112.17968	232.534272	50.485896	0.0	1.0
6	0.0	2664.54912	915.1488	62.940672000000006	146.142576	0.0	1.0
6	0.0	2550.49344	614.13768	68.040576	108.77544	0.0	1.0
6	0.0	851.4623999999999	1717.96248	106.622976	109.203336	0.0	1.0
6	0.0	693.31584	1772.62776	75.938688	76.576104	0.0	1.0
6	0.0	1185.08544	785.19024	59.845632	84.418848	0.0	1.0
6	0.0	2789.8752	1078.36056	51.442944	128.919816	0.0	1.0
6	0.0	2727.98976	1354.20552	68.767104	83.89159199999999	0.0	1.0
6	0.0	1994.13504	2099.04264	118.77772800000001	76.20696	0.0	1.0
6	0.0	2752.59648	1604.83248	96.84288	170.10129600000002	0.0	1.0
7	0.0	2166.47424	122.19271200000003	62.14271999999999	60.691247999999995	0.0	1.0
7	0.0	2832.85632	713.5344	46.626816000000005	85.32864	0.0	1.0
7	0.0	2068.0704	134.98639200000002	49.742976000000006	113.043384	0.0	1.0
7	0.0	1886.496	102.38659199999995	118.271616	55.96171199999999	0.0	1.0
7	0.0	2545.66272	596.1513600000001	64.637568	88.315272	0.0	1.0
7	0.0	2986.0224000000003	612.29088	85.117824	81.97135200000001	0.0	1.0
7	0.0	2602.25664	1810.5033600000002	102.85824	163.415016	0.0	1.0
7	0.0	1016.84736	634.31208	101.273856	169.47144	0.0	1.0
7	0.0	2312.6784	1935.39024	86.77286400000001	66.32949599999999	0.0	1.0
7	0.0	2518.01856	542.20536	68.05516800000001	78.81516	0.0	1.0
7	13.0	2049.68064	1112.68512	232.37952	47.620872	0.0	1.0
7	0.0	2711.31648	667.9692	50.176128000000006	91.088496	0.0	1.0
7	0.0	2529.85728	564.02136	94.363776	120.124296	0.0	1.0
7	0.0	2789.23008	1061.78472	50.807808	114.92323200000001	0.0	1.0
7	0.0	1180.1472	818.01792	58.442112	125.52948	0.0	1.0
7	0.0	693.4656	1772.73144	75.73977599999999	74.921328	0.0	1.0
7	0.0	2001.36192	2095.32744	104.81472000000001	67.282488	0.0	1.0
7	0.0	852.9638399999999	1718.21952	109.01299200000001	108.50025600000001	0.0	1.0
7	0.0	2661.6192	882.04896	57.931776000000006	116.8992	0.0	1.0
7	0.0	2860.7616000000003	1410.91848	62.652288	98.96925599999999	0.0	1.0
7	0.0	2730.22464	1342.48104	68.040192	101.780712	0.0	1.0
7	0.0	2757.0816	1600.9812000000002	96.869376	183.934152	0.0	1.0
8	0.0	2734.14144	1325.27664	66.06144	113.91127200000001	0.0	1.0
8	0.0	2056.03968	132.94562399999995	49.877376	104.66928	0.0	1.0
8	0.0	1872.33792	102.40365600000007	117.765504	56.6406	0.0	1.0
8	0.0	2987.02464	609.4548	84.871296	75.393288	0.0	1.0
8	13.0	2049.71904	1112.52528	232.873344	47.26836	0.0	1.0
8	0.0	1174.16448	864.61992	55.617024	189.280584	0.0	1.0
8	0.0	2734.1568	1340.5176	64.22169600000001	80.793936	0.0	1.0
8	0.0	693.2812800000002	1773.72288	76.23897600000001	70.912368	0.0	1.0
8	0.0	1016.7936	633.78504	101.066496	170.019216	0.0	1.0
8	0.0	2787.46752	1054.28736	55.011456	127.891872	0.0	1.0
8	0.0	852.62592	1717.90416	107.87980800000001	109.09835999999999	0.0	1.0
8	0.0	2861.36448	1407.19032	64.88256	99.552888	0.0	1.0
8	0.0	2011.8144	2096.45928	118.691712	81.94780800000001	0.0	1.0
8	0.0	2659.11168	870.85584	58.342656	110.57904	0.0	1.0
8	0.0	2524.28928	563.2848	91.484544	136.60682400000002	0.0	1.0
8	0.0	1174.1299199999999	810.0820799999999	53.849088	81.231768	0.0	1.0
9	0.0	1842.82368	101.024496	99.66144	54.02656800000001	0.0	1.0
9	3.0	2560.98816	369.2347199999999	53.480064	122.532048	0.0	1.0
9	0.0	2702.06976	649.0130399999998	53.16096	85.24936799999999	0.0	1.0
9	0.0	851.1206400000001	1717.97112	105.585024	108.766152	0.0	1.0
9	0.0	2510.2848	535.12488	78.377088	105.46048799999998	0.0	1.0
9	0.0	2986.74048	613.7272800000001	86.765184	84.28514399999999	0.0	1.0
9	0.0	2738.36928	1314.96264	64.121472	114.978528	0.0	1.0
9	0.0	2791.93728	1048.788	44.598528	113.793552	0.0	1.0
9	0.0	693.80736	1772.13744	77.28768	75.112704	0.0	1.0
9	13.0	2050.09152	1112.55768	232.012032	47.458008	0.0	1.0
9	0.0	1016.88576	633.8843999999999	101.445888	170.60111999999998	0.0	1.0
9	0.0	2521.344	571.51224	75.085056	107.178336	0.0	1.0
9	0.0	2663.76192	859.3300800000001	40.89408	102.235392	0.0	1.0
9	0.0	2768.92032	1580.2236	93.610752	169.40102399999998	0.0	1.0
9	0.0	1169.9328	823.66416	52.833024	86.64688799999999	0.0	1.0
9	0.0	1169.9712	860.8571999999999	54.160896	160.32384	0.0	1.0
9	0.0	2862.93504	1403.73432	57.88262400000001	108.486432	0.0	1.0
9	0.0	2019.7056	2090.26656	114.77376	72.859176	0.0	1.0
9	3.0	1853.86368	137.70518400000003	139.14048000000005	95.309784	0.0	1.0
10	0.0	2642.6496	844.86888	45.62687999999999	96.63796799999999	0.0	1.0
10	0.0	3082.06848	163.82671200000004	48.5184	79.070904	0.0	1.0
10	0.0	1165.4784	916.61976	42.461952	139.905792	0.0	1.0
10	0.0	2986.78272	616.72536	84.817536	83.92550399999999	0.0	1.0
10	0.0	2868.18432	920.00664	44.59507200000001	111.78	0.0	1.0
10	0.0	2697.58464	639.54144	53.156352000000005	84.741984	0.0	1.0
10	0.0	2667.44064	627.9940799999999	37.7321856	84.20652	0.0	1.0
10	0.0	2776.82688	1535.15952	75.962496	88.79220000000001	0.0	1.0
10	3.0	1841.5296	135.98042399999997	139.570944	105.33671999999999	0.0	1.0
10	0.0	852.6028799999999	1718.02296	109.194624	109.489104	0.0	1.0
10	0.0	2896.41216	946.15992	44.312832	106.723656	0.0	1.0
10	13.0	2050.2528	1112.6635199999998	231.70828800000004	47.242656	0.0	1.0
10	0.0	2505.53856	545.9508000000001	92.91264	133.960608	0.0	1.0
10	0.0	693.6614399999999	1772.6104799999998	77.261184	74.18412000000001	0.0	1.0
10	0.0	2657.72928	845.7998399999999	46.588032	95.622768	0.0	1.0
10	0.0	2743.28448	1307.94696	64.786944	106.948296	0.0	1.0
10	0.0	1016.85504	634.05936	101.257344	169.764984	0.0	1.0
10	0.0	2780.42496	1033.95528	59.090688	124.11792	0.0	1.0
10	0.0	2028.62592	2087.42184	114.617472	69.747048	0.0	1.0
10	0.0	1166.67648	834.5916	49.043328	84.277152	0.0	1.0
10	0.0	2866.66752	1393.2669600000002	56.004864	90.07113600000001	0.0	1.0
10	0.0	1166.26176	890.98488	50.658816	194.768928	0.0	1.0
11	0.0	2788.85376	1024.6608	46.045824	122.716512	0.0	1.0
11	0.0	2695.13088	631.18008	48.55872	87.67159199999999	0.0	1.0
11	0.0	1829.81376	101.11996799999997	94.3872	55.980288	0.0	1.0
11	0.0	2893.1904	937.33416	41.62752	106.36099199999998	0.0	1.0
11	0.0	2987.13984	616.8463200000001	85.844352	84.20889600000001	0.0	1.0
11	0.0	1161.1968000000002	900.33984	50.262144000000006	199.02348	0.0	1.0
11	0.0	2655.77472	832.94568	45.145728	94.27104000000001	0.0	1.0
11	0.0	2869.08288	1383.72192	58.877952	97.803288	0.0	1.0
11	0.0	852.9753599999999	1717.96896	111.631872	110.02629599999999	0.0	1.0
11	0.0	1016.5632	634.0788	100.96665599999999	169.694568	0.0	1.0
11	0.0	2744.2444800000003	1302.11928	63.223296000000005	80.583336	0.0	1.0
11	13.0	2051.0976	1112.3006400000002	232.20633599999996	50.01415200000001	0.0	1.0
11	0.0	693.6537599999999	1773.00576	76.459392	72.367776	0.0	1.0
11	0.0	1161.15072	866.9268000000001	49.293312	131.72436000000002	0.0	1.0
11	0.0	2495.0208	525.56904	101.30112	137.89224000000002	0.0	1.0
11	0.0	2784.97152	1523.4156	75.801984	93.09146399999999	0.0	1.0
11	0.0	2036.55552	2089.28592	116.36544	77.89975199999999	0.0	1.0
12	0.0	1829.84832	100.97956799999997	113.83756800000002	58.852439999999994	0.0	1.0
12	3.0	2677.03296	616.99968	72.78105599999999	98.740728	0.0	1.0
12	0.0	2873.02272	1371.222	59.8176	115.13232	0.0	1.0
12	0.0	2787.4368	1520.79552	73.379328	89.911296	0.0	1.0
12	0.0	2890.9593600000003	925.992	43.55712	110.944296	0.0	1.0
12	13.0	2050.98624	1112.7672	231.956352	50.83668	0.0	1.0
12	3.0	1815.9744	134.64662399999997	137.361408	104.29344	0.0	1.0
12	0.0	1016.66688	634.14792	100.856064	169.177032	0.0	1.0
12	0.0	852.6412799999998	1717.55208	109.98336000000002	110.01009599999999	0.0	1.0
12	0.0	1155.85536	863.89416	50.431487999999995	96.79759200000001	0.0	1.0
12	0.0	2812.60416	674.74296	53.4816	116.140392	0.0	1.0
12	0.0	2779.4112	1011.0096	56.414976	127.324872	0.0	1.0
12	0.0	2043.60192	2088.22104	116.892672	81.945648	0.0	1.0
12	0.0	694.6099199999999	1772.63208	79.414656	73.92405600000001	0.0	1.0
12	0.0	1156.128	913.8744	51.835392000000006	196.44681599999998	0.0	1.0
12	0.0	2986.99392	617.60664	86.47718400000001	85.404024	0.0	1.0
12	0.0	2488.26624	526.96872	98.694528	161.441208	0.0	1.0
12	0.0	2744.2944	1289.38608	68.48563200000001	117.32666399999998	0.0	1.0
13	0.0	2640.57984	838.07136	60.053376	141.54501599999998	0.0	1.0
13	0.0	2881.58208	1361.8044000000002	68.76864	114.777864	0.0	1.0
13	0.0	2770.26816	1003.0716	46.431744	128.423232	0.0	1.0
13	0.0	2860.57728	927.95328	48.62784	176.603112	0.0	1.0
13	0.0	1016.69376	634.54536	100.9632	170.30844	0.0	1.0
13	0.0	2808.18816	659.9772	55.85664	93.67488	0.0	1.0
13	13.0	2050.66752	1112.42808	232.836096	49.60807199999999	0.0	1.0
13	0.0	2747.64672	1286.25408	62.62963200000001	84.267648	0.0	1.0
13	0.0	2649.00096	812.16648	44.323584	88.11828000000001	0.0	1.0
13	0.0	2892.29184	918.54432	39.42336	102.342312	0.0	1.0
13	0.0	850.4639999999999	1717.88472	105.89491200000002	109.281744	0.0	1.0
13	0.0	693.11616	1773.02952	76.54848	73.681704	0.0	1.0
13	0.0	2051.93856	2083.4064	115.171968	75.36996	0.0	1.0
13	0.0	2787.05664	1004.52312	43.784832	118.81231199999999	0.0	1.0
13	0.0	1153.39776	880.20216	50.969088	104.370336	0.0	1.0
13	0.0	2475.55584	503.51544	106.146816	140.692464	0.0	1.0
13	0.0	2787.02592	1521.3074399999998	81.962496	107.13384	0.0	1.0
13	0.0	2987.53152	617.14008	87.741312	88.13512799999998	0.0	1.0
13	3.0	1803.9552	134.28914400000008	139.817472	103.34736	0.0	1.0
14	0.0	2463.5136	479.74464	102.173568	126.477288	0.0	1.0
14	3.0	2628.8064	833.7816	65.525376	146.340432	0.0	1.0
14	0.0	2857.056	904.28184	52.977408	143.756424	0.0	1.0
14	0.0	2523.89376	1722.01464	74.174976	86.30128800000001	0.0	1.0
14	0.0	2874.78912	1359.62064	59.162112	108.365904	0.0	1.0
14	0.0	2887.7184	910.27152	41.769984	110.337984	0.0	1.0
14	3.0	2672.82816	608.7398400000001	67.38048	104.71032	0.0	1.0
14	0.0	2752.0742400000004	1284.92136	63.101184	87.646752	0.0	1.0
14	0.0	2777.00736	991.92384	60.45043200000001	127.912824	0.0	1.0
14	13.0	2050.7904	1112.06736	233.152128	50.24484	0.0	1.0
14	0.0	2797.3977600000003	1502.36208	75.831936	84.216024	0.0	1.0
14	0.0	1149.39264	884.71656	51.99052799999999	87.528168	0.0	1.0
14	0.0	1016.43648	635.02056	100.504704	170.49960000000002	0.0	1.0
14	0.0	693.4694399999998	1772.51112	76.792704	74.51438399999999	0.0	1.0
14	0.0	2059.008	2080.19232	121.80019199999998	74.473992	0.0	1.0
14	0.0	851.08224	1717.95816	106.487808	109.67205599999998	0.0	1.0
14	0.0	2987.6083200000003	617.2545600000001	87.664128	89.33047199999999	0.0	1.0
14	3.0	1790.96064	130.45363199999997	138.023424	106.80552	0.0	1.0
15	0.0	2673.55008	594.9439199999999	53.657856	78.289416	0.0	1.0
15	0.0	2387.57376	1889.5096800000001	76.815744	68.63594400000001	0.0	1.0
15	0.0	2754.3168	1270.9353600000002	62.13004800000001	68.067648	0.0	1.0
15	0.0	2464.29696	470.50199999999995	84.45772799999999	114.68066400000001	0.0	1.0
15	0.0	2622.68928	791.33544	52.818431999999994	100.79834399999999	0.0	1.0
15	3.0	1780.56576	134.89329599999996	135.85190400000002	99.098208	0.0	1.0
15	0.0	2644.6848	1774.3600800000002	97.3248	173.299392	0.0	1.0
15	0.0	2847.3984	941.01696	53.52192	189.852768	0.0	1.0
15	0.0	2794.9939200000003	1514.22264	90.79449599999998	119.20651200000002	0.0	1.0
15	0.0	2531.31648	1711.1412	72.849792	77.83668	0.0	1.0
15	0.0	2778.8928	988.06824	54.943487999999995	134.569728	0.0	1.0
15	0.0	2887.68	901.38528	42.245376	103.321656	0.0	1.0
15	0.0	1016.51328	634.16088	100.65215999999998	169.529544	0.0	1.0
15	13.0	2050.85184	1111.9032	233.015424	48.817080000000004	0.0	1.0
15	0.0	2068.9766400000003	2077.87896	117.34348800000001	71.499024	0.0	1.0
15	0.0	2987.6928	616.15296	87.484032	90.73512	0.0	1.0
15	0.0	850.26432	1717.93872	105.445632	108.99252	0.0	1.0
15	0.0	692.51712	1772.69688	74.506368	74.526912	0.0	1.0
15	0.0	1148.15232	902.19528	48.476544	86.00471999999999	0.0	1.0
16	0.0	2805.10848	1489.40424	65.93203199999999	85.88332799999999	0.0	1.0
16	0.0	2758.4908800000003	1254.91896	62.09625599999999	72.395424	0.0	1.0
16	0.0	2650.272	1763.93808	94.854912	185.75762399999996	0.0	1.0
16	0.0	2886.98112	895.08672	41.41248	99.866736	0.0	1.0
16	0.0	2538.46272	1702.5768	75.093504	84.599856	0.0	1.0
16	0.0	1145.7484800000002	975.50784	54.09216	213.820344	0.0	1.0
16	3.0	2623.35744	807.79248	66.33484800000001	153.328464	0.0	1.0
16	3.0	1768.2432	134.77795200000003	138.47078399999998	104.55588	0.0	1.0
16	0.0	2852.6208	887.56776	51.13536	143.91216	0.0	1.0
16	0.0	2667.19104	593.1014399999999	55.324032	82.04803199999999	0.0	1.0
16	0.0	2077.4784	2075.98032	114.664704	78.401304	0.0	1.0
16	13.0	2049.2352	1112.2207199999998	233.592576	47.496456	0.0	1.0
16	0.0	2885.92896	1353.20328	54.787200000000006	111.009312	0.0	1.0
16	0.0	2772.9024	988.1028	58.18521599999999	168.818688	0.0	1.0
16	0.0	1016.50944	633.9383999999999	100.713984	168.67137599999998	0.0	1.0
16	0.0	850.47936	1718.09208	106.117248	109.83168	0.0	1.0
16	0.0	2393.54496	1884.09456	78.0	70.948872	0.0	1.0
16	0.0	2988.9792	615.2781600000001	88.20364799999999	90.363816	0.0	1.0
16	0.0	692.74368	1772.5521600000002	74.689152	74.200104	0.0	1.0
16	0.0	1145.90976	911.1636	54.35903999999999	84.55536000000001	0.0	1.0
16	0.0	2445.57696	459.3672	107.163648	120.102264	0.0	1.0
17	0.0	2629.0022400000003	570.0412799999999	43.854336	85.688496	0.0	1.0
17	0.0	2665.44768	578.8476	48.93542400000001	83.240568	0.0	1.0
17	0.0	1144.73472	982.57104	53.807615999999996	199.790496	0.0	1.0
17	0.0	2803.2768	1483.53768	77.562624	75.414888	0.0	1.0
17	0.0	2543.47008	1698.43824	73.70342400000001	82.876392	0.0	1.0
17	0.0	2989.5667200000003	615.09024	88.209792	88.86888	0.0	1.0
17	0.0	1016.27904	635.09184	100.504704	170.03239200000002	0.0	1.0
17	0.0	2792.352	617.06448	67.256832	96.463008	0.0	1.0
17	13.0	2050.89792	1112.0112	232.648704	50.45068800000001	0.0	1.0
17	0.0	2634.29376	776.2435200000001	41.418624	108.618624	0.0	1.0
17	0.0	2886.49344	1344.21768	53.071104000000005	92.416896	0.0	1.0
17	0.0	2797.4707200000003	1516.42368	90.551424	144.300744	0.0	1.0
17	0.0	2452.50048	465.05232	65.375232	78.568488	0.0	1.0
17	0.0	2774.90688	959.38776	53.803776	121.099104	0.0	1.0
17	0.0	2086.54464	2074.4208	120.418176	77.277024	0.0	1.0
17	0.0	693.2889600000001	1772.55432	76.156032	74.06899200000001	0.0	1.0
17	0.0	851.6006400000001	1717.78536	107.89132800000002	109.69473600000002	0.0	1.0
17	0.0	1146.0672000000004	923.86656	58.747392	89.920152	0.0	1.0
18	0.0	2887.79136	1341.58896	53.683584	103.477824	0.0	1.0
18	1.0	1743.86304	138.41172000000006	139.108992	100.967688	0.0	1.0
18	0.0	2990.1772800000003	614.6388	90.98380800000001	89.497656	0.0	1.0
18	0.0	1138.944	987.768	45.963263999999995	199.190016	0.0	1.0
18	0.0	2787.31776	615.06216	52.147584	87.375456	0.0	1.0
18	0.0	2680.30848	1690.53264	71.49888	97.133472	0.0	1.0
18	0.0	2802.01344	1517.40648	90.963072	148.982328	0.0	1.0
18	0.0	2552.6515200000003	1691.77248	71.74732800000001	77.33426399999999	0.0	1.0
18	0.0	693.1315199999999	1772.0251199999998	76.787712	75.482712	0.0	1.0
18	0.0	1016.4672000000002	634.76136	100.937856	169.931304	0.0	1.0
18	0.0	2408.4710400000004	1875.67056	81.1488	79.747848	0.0	1.0
18	0.0	2626.60992	782.24184	41.319552	140.23173599999998	0.0	1.0
18	0.0	2425.10208	434.69568000000004	110.395776	116.775864	0.0	1.0
18	0.0	2094.90432	2074.46616	118.424448	76.834008	0.0	1.0
18	0.0	851.6774399999999	1717.5844800000002	108.789504	109.902096	0.0	1.0
18	0.0	2774.46144	957.31848	45.338496	114.27415199999999	0.0	1.0
18	13.0	2050.6368	1111.6526399999998	232.841856	49.753223999999996	0.0	1.0
18	0.0	1138.3488	933.78096	45.240192	90.222552	0.0	1.0
19	3.0	2652.78336	561.9434399999999	55.690368	85.191912	0.0	1.0
19	0.0	2847.0336	839.15784	47.658624	94.610592	0.0	1.0
19	0.0	3081.28512	162.93571199999997	47.811072	76.549104	0.0	1.0
19	3.0	2767.6416000000004	596.73672	87.404544	108.959472	0.0	1.0
19	0.0	2773.8624	948.31344	42.577152	111.934008	0.0	1.0
19	0.0	2620.608	756.6026400000001	46.23052799999999	113.30517600000002	0.0	1.0
19	0.0	2809.824	1511.5399200000002	93.84	155.045016	0.0	1.0
19	0.0	2017.8124800000005	86.39848800000004	60.51724800000001	59.207544	0.0	1.0
19	0.0	2989.78176	615.15072	90.801408	88.11547200000001	0.0	1.0
19	0.0	2764.7500800000003	1215.13392	57.603456	104.52369599999999	0.0	1.0
19	0.0	2820.76416	1471.8564	69.869568	73.50177599999999	0.0	1.0
19	0.0	2407.0656	1876.38552	102.733824	91.524168	0.0	1.0
19	0.0	2688.45696	1680.22296	66.661248	96.062976	0.0	1.0
19	13.0	2050.76352	1111.8751200000002	232.854528	50.39388	0.0	1.0
19	0.0	1016.19072	634.2818399999999	100.182528	169.636032	0.0	1.0
19	0.0	853.98144	1717.43544	114.187776	109.29276000000002	0.0	1.0
19	0.0	694.7136	1772.26272	79.913088	74.888712	0.0	1.0
19	0.0	2104.88448	2071.01016	120.20044800000001	75.70108800000001	0.0	1.0
19	0.0	1131.92832	1004.2056	40.17792	190.712448	0.0	1.0
19	0.0	2412.52608	425.87856	111.257088	116.72208	0.0	1.0
20	0.0	2892.74112	1302.32664	59.79417599999999	107.849664	0.0	1.0
20	0.0	2839.1232	851.34456	49.17273600000001	130.807656	0.0	1.0
20	0.0	2563.64544	1676.23992	72.649728	65.439792	0.0	1.0
20	0.0	2751.31008	928.91448	45.295872	127.41170399999999	0.0	1.0
20	3.0	2465.91744	272.3976	106.3872	88.687008	0.0	1.0
20	13.0	2050.45632	1111.62888	233.220864	50.22648	0.0	1.0
20	0.0	2612.74368	739.6531200000001	54.853247999999994	104.40727200000002	0.0	1.0
20	0.0	2549.6256000000003	1716.64488	100.119168	147.192552	0.0	1.0
20	3.0	2640.8832	552.22992	65.283072	96.54984000000002	0.0	1.0
20	0.0	2809.0022400000003	1507.91328	100.36799999999998	161.89524	0.0	1.0
20	0.0	2989.69344	615.12912	91.441536	88.411824	0.0	1.0
20	0.0	1131.81696	993.9672	47.32915200000001	155.300544	0.0	1.0
20	3.0	2768.20224	586.3708799999999	82.587264	116.77176	0.0	1.0
20	0.0	1016.2176	635.1544799999999	100.45555199999998	169.87751999999998	0.0	1.0
20	0.0	2764.21248	931.23648	56.865792	125.975088	0.0	1.0
20	0.0	2414.4192	1875.87144	108.801408	106.320168	0.0	1.0
20	0.0	2766.528	1206.8654399999998	59.794944	120.968856	0.0	1.0
20	0.0	694.09536	1772.9236800000003	78.064128	75.35376	0.0	1.0
20	0.0	855.1027199999999	1717.25616	116.671104	109.276344	0.0	1.0
20	0.0	2404.83072	420.18696	117.638784	122.614776	0.0	1.0
20	0.0	2111.20512	2070.56304	120.695808	75.438648	0.0	1.0
21	0.0	2745.92256	913.26312	37.4226048	117.986328	0.0	1.0
21	0.0	1892.83584	105.847128	54.495743999999995	95.218848	0.0	1.0
21	0.0	2869.632	854.59968	49.544064000000006	111.64348800000002	0.0	1.0
21	0.0	2759.56992	912.83328	56.303232	121.9536	0.0	1.0
21	0.0	2780.75136	585.30816	48.596736	101.970144	0.0	1.0
21	0.0	2424.45696	1873.19736	99.646848	114.307632	0.0	1.0
21	0.0	2896.5504	1297.19232	51.812352	102.939984	0.0	1.0
21	0.0	2641.96608	540.9374399999999	52.232064	81.08942400000001	0.0	1.0
21	0.0	2432.10624	1857.79224	85.49721600000001	82.61416799999999	0.0	1.0
21	0.0	2767.32288	1197.28584	60.74688	110.74406399999998	0.0	1.0
21	0.0	3081.1776	162.08056799999997	46.774272	77.348304	0.0	1.0
21	0.0	2609.56032	741.6770399999999	52.829567999999995	120.122784	0.0	1.0
21	3.0	2459.0592	267.9933599999998	110.40076800000001	87.534216	0.0	1.0
21	0.0	2769.408	921.6396	43.360896	110.83867200000002	0.0	1.0
21	13.0	2050.65984	1111.86648	232.891008	50.557608	0.0	1.0
21	0.0	2989.6896	615.47688	90.45312	87.250392	0.0	1.0
21	0.0	1016.16384	635.17824	100.379904	169.251768	0.0	1.0
21	0.0	855.8284799999999	1717.26048	117.14150400000001	109.932768	0.0	1.0
21	0.0	694.2412800000002	1772.04024	76.914816	73.884528	0.0	1.0
21	0.0	2121.86112	2068.5348	119.92243200000001	73.63396800000001	0.0	1.0
21	0.0	1128.55296	1008.50184	46.8576	153.207288	0.0	1.0
21	0.0	2396.9856	429.52248	118.693248	157.73292	0.0	1.0
22	0.0	2742.90816	906.37272	40.897536	123.78203999999998	0.0	1.0
22	13.0	2050.6752	1112.21856	232.79424	50.62068	0.0	1.0
22	0.0	2437.3824000000004	1858.88952	93.902208	96.444648	0.0	1.0
22	0.0	2355.55584	374.38416000000007	70.84147200000001	88.37769599999999	0.0	1.0
22	0.0	2896.87296	1290.9672	52.667904	96.329952	0.0	1.0
22	0.0	1016.05248	633.6100799999999	100.000128	168.118416	0.0	1.0
22	3.0	2451.5366400000003	260.2454399999999	102.458496	75.0762	0.0	1.0
22	0.0	2429.34144	1885.15296	109.407744	151.66375200000002	0.0	1.0
22	0.0	2768.78592	1186.93512	60.204288	121.938696	0.0	1.0
22	0.0	2638.85952	536.8550399999999	48.526464	78.58922399999999	0.0	1.0
22	0.0	2765.76384	909.26928	46.301568	123.78744	0.0	1.0
22	0.0	1126.6483199999998	1017.58248	48.87744000000001	149.551488	0.0	1.0
22	0.0	694.9286400000001	1771.7421599999998	78.82252799999999	74.09901599999999	0.0	1.0
22	0.0	856.4236799999999	1717.42248	118.050048	109.662552	0.0	1.0
22	0.0	2129.84064	2066.57352	119.819136	76.88995200000001	0.0	1.0
23	0.0	2630.08896	539.0172	59.864448	92.766384	0.0	1.0
23	0.0	2437.91616	1879.54992	108.28108800000001	149.340888	0.0	1.0
23	0.0	1675.5072	241.08623999999998	65.308416	129.73391999999998	0.0	1.0
23	0.0	2827.81056	1440.65952	72.965376	67.67172000000001	0.0	1.0
23	0.0	1970.3232	81.76010399999996	57.202944	56.098008	0.0	1.0
23	0.0	3080.76672	163.139184	47.111424	79.024464	0.0	1.0
23	0.0	2602.44864	716.71392	44.728320000000004	121.286808	0.0	1.0
23	0.0	2771.43936	1186.25904	64.18560000000001	107.87061600000001	0.0	1.0
23	3.0	2450.0544	260.98632	101.869056	81.276048	0.0	1.0
23	0.0	2898.5664	1294.1963999999998	52.26201600000001	102.93825599999998	0.0	1.0
23	0.0	2367.37152	383.1127200000001	118.14681600000002	104.309856	0.0	1.0
23	0.0	1125.51552	1021.8528	48.018432	124.483176	0.0	1.0
23	0.0	1016.0486399999999	633.5539200000001	100.162944	169.286544	0.0	1.0
23	0.0	2866.04928	839.6783999999999	48.592512	101.966688	0.0	1.0
23	0.0	2444.72832	1845.4284	94.98470399999998	81.243216	0.0	1.0
23	0.0	2764.18176	898.44552	46.151424000000006	118.676448	0.0	1.0
23	0.0	693.93408	1771.83288	76.501632	74.572272	0.0	1.0
23	0.0	856.4044800000001	1717.34904	117.78432	109.92671999999999	0.0	1.0
23	0.0	2137.66656	2063.1888	118.030464	75.629808	0.0	1.0
24	1.0	1671.0336000000002	150.373152	136.47014399999998	112.35456	0.0	1.0
24	0.0	2442.35136	256.92336	109.853952	79.391016	0.0	1.0
24	0.0	2447.53152	1866.92256	101.634432	142.675776	0.0	1.0
24	0.0	1769.8752	31.534920000000056	61.08019199999999	63.069624	0.0	1.0
24	3.0	2572.17024	717.2755199999999	85.223808	156.957696	0.0	1.0
24	0.0	2855.59296	822.2407199999999	66.758016	122.240016	0.0	1.0
24	0.0	2898.44736	1282.20624	53.00390399999999	115.005312	0.0	1.0
24	0.0	2454.0288	1835.94384	88.41292800000001	80.73518399999999	0.0	1.0
24	0.0	1016.14464	633.6921600000001	99.95404800000001	169.88896799999998	0.0	1.0
24	0.0	1122.26304	1023.26544	47.76384	100.8882	0.0	1.0
24	0.0	2146.52928	2062.84104	119.150208	75.953592	0.0	1.0
24	0.0	2774.0582400000003	1160.60472	57.97286400000001	109.428192	0.0	1.0
24	0.0	2358.82752	380.6546400000001	124.432512	119.14343999999998	0.0	1.0
24	0.0	694.45632	1771.0056	77.666688	75.840192	0.0	1.0
24	0.0	858.36672	1717.19784	122.06592	109.76731199999999	0.0	1.0
24	0.0	2753.4681600000004	884.88072	63.869952	119.448864	0.0	1.0
25	0.0	2593.73952	1631.55384	70.14336	76.253832	0.0	1.0
25	0.0	2861.84064	825.30576	51.579264	114.084936	0.0	1.0
25	0.0	1769.664	31.708583999999973	60.423936	63.41716799999999	0.0	1.0
25	0.0	2752.4352	554.89752	59.712	88.886808	0.0	1.0
25	0.0	2620.7424	514.6588800000001	53.227008000000005	78.05592	0.0	1.0
25	0.0	2463.73632	1827.3384	82.28697600000001	76.1022	0.0	1.0
25	0.0	3081.13152	163.06552799999997	46.932863999999995	78.960528	0.0	1.0
25	0.0	1016.2137600000001	634.23216	100.785408	168.349536	0.0	1.0
25	0.0	2901.32736	1276.63992	49.067136	112.054968	0.0	1.0
25	0.0	2760.66816	881.97336	40.989312	109.195344	0.0	1.0
25	0.0	1119.79392	1035.38736	48.065664	99.562824	0.0	1.0
25	0.0	2154.47424	2061.4824	120.915456	73.93787999999999	0.0	1.0
25	0.0	2839.77984	1419.8544000000002	78.52799999999999	75.585528	0.0	1.0
25	0.0	694.09152	1772.08992	78.110208	75.12307200000001	0.0	1.0
25	0.0	2776.65792	1153.77696	60.59904	115.20792	0.0	1.0
25	0.0	857.86752	1717.41384	120.860544	109.70359199999999	0.0	1.0
25	0.0	2346.44352	364.5107999999999	122.800896	110.61684	0.0	1.0
26	3.0	2729.72928	544.30272	96.01228800000001	109.91548799999998	0.0	1.0
26	0.0	2740.62336	865.62216	59.362944000000006	121.84927199999998	0.0	1.0
26	3.0	1646.71872	161.431056	125.47776	100.139328	0.0	1.0
26	0.0	1639.84512	252.06984	63.570432	130.68194400000002	0.0	1.0
26	0.0	2827.79904	811.2873599999999	49.459584	153.429552	0.0	1.0
26	0.0	2427.09504	248.43456000000003	109.62508799999999	77.132304	0.0	1.0
26	0.0	2328.79872	354.68712000000016	141.01132800000002	112.654152	0.0	1.0
26	0.0	2900.78208	1267.69536	49.085568	88.84857599999998	0.0	1.0
26	0.0	2845.3632	1413.8496	83.175168	76.93056	0.0	1.0
26	0.0	1016.1407999999999	634.2796800000001	100.65638400000002	169.615296	0.0	1.0
26	0.0	2474.1696	1821.42648	80.72524800000001	76.654512	0.0	1.0
26	0.0	2754.8928	868.6677599999999	43.619328	121.891824	0.0	1.0
26	0.0	2860.6464	818.9661600000001	42.385152000000005	107.035128	0.0	1.0
26	0.0	2779.2345600000003	1143.6444	58.639872	116.44344	0.0	1.0
26	0.0	693.7612799999999	1771.64712	77.3184	75.730896	0.0	1.0
26	0.0	857.664	1717.10712	121.33056	109.69560000000001	0.0	1.0
26	0.0	1119.05664	1044.84816	47.096448	92.028096	0.0	1.0
26	0.0	2164.29696	2058.9292800000003	121.758336	77.58396	0.0	1.0
27	0.0	2611.82976	498.47831999999994	122.16960000000002	105.29784	0.0	1.0
27	3.0	2724.39936	552.53448	84.396288	133.32492	0.0	1.0
27	3.0	1854.14016	172.97150399999998	74.439552	168.103296	0.0	1.0
27	0.0	2738.90688	530.82864	71.05344	98.205264	0.0	1.0
27	0.0	2733.51936	856.09656	50.82624	124.94455200000002	0.0	1.0
27	0.0	3080.57856	163.39600799999994	47.284608	82.276128	0.0	1.0
27	3.0	2421.8688	244.2744	114.73305600000002	82.684152	0.0	1.0
27	3.0	2607.49824	510.57647999999995	115.561344	119.734848	0.0	1.0
27	0.0	2778.75456	1139.11488	58.865663999999995	109.156896	0.0	1.0
27	0.0	2723.68512	848.1996	37.9467648	113.29848	0.0	1.0
27	0.0	1117.70496	1058.26608	47.136384	83.148552	0.0	1.0
27	0.0	2481.216	1815.22512	80.191488	79.52860799999999	0.0	1.0
27	0.0	2827.0041600000004	819.72	56.800128	178.355952	0.0	1.0
27	0.0	2860.29312	809.95896	44.285952	111.503304	0.0	1.0
27	0.0	2172.86016	2057.65488	118.555776	75.930048	0.0	1.0
27	0.0	1016.14464	633.20616	100.32192	169.88724	0.0	1.0
27	3.0	1635.2870400000002	161.459784	132.688512	105.93806400000001	0.0	1.0
27	0.0	2569.344	654.07608	61.12127999999999	90.00849600000001	0.0	1.0
27	0.0	2752.1472000000003	858.42288	41.930496	117.742896	0.0	1.0
27	0.0	2312.76672	343.84608000000003	118.50892799999998	104.947488	0.0	1.0
27	0.0	693.4924799999999	1771.89768	76.528512	74.77444799999999	0.0	1.0
27	0.0	856.84224	1717.0595999999998	118.96089599999999	108.692928	0.0	1.0
28	0.0	2740.8460800000003	846.34632	53.504256000000005	122.5206	0.0	1.0
28	3.0	2709.1545600000004	619.26768	87.216768	143.136936	0.0	1.0
28	3.0	2416.67328	238.39056000000016	112.52352	79.661232	0.0	1.0
28	0.0	1806.03264	118.20621600000004	53.922048000000004	107.811	0.0	1.0
28	0.0	2850.0288	1397.61072	80.379648	71.53984799999999	0.0	1.0
28	0.0	2907.4368	1248.76944	45.253248000000006	80.371656	0.0	1.0
28	0.0	3081.09312	163.99152000000015	46.71552	81.252288	0.0	1.0
28	0.0	2561.26848	642.3516000000001	68.862336	106.23204	0.0	1.0
28	0.0	2180.34048	2057.3028	120.384768	75.20688	0.0	1.0
28	0.0	2307.8976	342.04248000000007	144.87897600000002	117.066168	0.0	1.0
28	0.0	1016.16768	634.3423200000001	100.55808000000002	170.7966	0.0	1.0
28	0.0	2487.39456	1809.49464	82.663296	83.44857599999999	0.0	1.0
28	0.0	2617.82016	1607.08968	69.816576	87.149088	0.0	1.0
28	0.0	2857.63968	801.1116000000001	41.281152000000006	105.565896	0.0	1.0
28	0.0	693.9839999999999	1770.67512	77.41363199999999	76.594464	0.0	1.0
28	0.0	857.4028800000001	1717.29072	120.867456	108.880416	0.0	1.0
28	0.0	2824.06272	799.46784	48.168576	161.434512	0.0	1.0
28	0.0	1115.66976	1075.71888	50.973696	100.812816	0.0	1.0
29	0.0	2852.82048	1390.35744	74.89152	70.47367200000001	0.0	1.0
29	0.0	1768.94208	30.546288000000004	57.537024	61.092576	0.0	1.0
29	0.0	1115.9193600000003	1108.80576	50.878848	138.56508	0.0	1.0
29	0.0	2557.52448	632.03976	61.52947200000001	91.598688	0.0	1.0
29	13.0	2050.56384	1111.82544	233.76384	49.62816	0.0	1.0
29	3.0	2408.70144	232.4592	101.023104	73.910232	0.0	1.0
29	0.0	2748.23808	1595.62224	38.0529792	91.732176	0.0	1.0
29	0.0	2188.49664	2052.1404	119.204736	69.07464	0.0	1.0
29	3.0	1611.66336	166.8546	131.970816	112.522824	0.0	1.0
29	0.0	2910.66624	1241.84664	44.43264	80.701488	0.0	1.0
29	0.0	2185.81632	2088.8388	120.798336	141.804864	0.0	1.0
29	0.0	1015.99104	634.08312	100.323072	169.32499199999998	0.0	1.0
29	0.0	2717.5872	823.49136	35.2612224	99.88812	0.0	1.0
29	0.0	2822.07744	784.5336	52.19020799999999	139.130568	0.0	1.0
29	0.0	3080.54784	164.28139199999998	48.336	81.108432	0.0	1.0
29	0.0	2746.6598400000003	839.65464	39.404928	107.517672	0.0	1.0
29	0.0	2858.47296	792.64008	37.446528	102.087432	0.0	1.0
29	0.0	856.0857599999999	1717.18056	118.32	108.58017600000001	0.0	1.0
29	0.0	2494.58688	1803.18528	87.347328	92.264184	0.0	1.0
29	0.0	694.1184000000001	1771.42248	77.758848	75.183768	0.0	1.0
29	0.0	2623.05408	1596.9204000000002	71.747712	78.269976	0.0	1.0
29	0.0	1115.52	1088.3354399999998	49.944192	96.201	0.0	1.0
30	0.0	2198.93376	2052.01728	118.83264	72.937584	0.0	1.0
30	3.0	2401.3708800000004	230.28624000000002	101.82643199999998	75.572136	0.0	1.0
30	0.0	2747.80416	1588.7383200000002	44.077056	98.15623199999999	0.0	1.0
30	0.0	3080.77056	164.10384	47.734272	79.06831199999999	0.0	1.0
30	0.0	2604.8217600000003	472.35096	143.334144	78.808464	0.0	1.0
30	3.0	1601.2032000000002	163.87099200000011	128.620416	109.092528	0.0	1.0
30	0.0	2856.2304	1379.8360799999998	66.63283200000001	71.04132	0.0	1.0
30	0.0	2735.6774400000004	825.02712	50.064768	118.730016	0.0	1.0
30	0.0	1881.7536	79.89386400000001	57.627264	56.96395199999999	0.0	1.0
30	0.0	1016.0332800000001	632.79792	100.09881600000001	169.654824	0.0	1.0
30	0.0	857.0649600000002	1717.30584	120.59328	109.12212000000001	0.0	1.0
30	0.0	2504.064	1788.9768	83.20588799999999	80.12628	0.0	1.0
30	0.0	2779.98336	1110.06504	58.596864	128.0178	0.0	1.0
30	0.0	695.0361600000001	1771.7680799999998	77.879424	74.23142399999999	0.0	1.0
30	0.0	1115.58144	1100.3428800000002	48.954624	95.53572	0.0	1.0
31	0.0	3080.19456	165.04171199999985	50.081664	83.72484	0.0	1.0
31	0.0	2848.17024	778.1508	44.098944	102.34404	0.0	1.0
31	0.0	2579.18976	470.92535999999996	54.711936	85.497336	0.0	1.0
31	0.0	2210.3808	2045.03616	120.930048	71.956944	0.0	1.0
31	0.0	2907.59424	1220.79528	51.280512	109.40421600000002	0.0	1.0
31	0.0	1016.0870400000001	633.12624	100.21593600000001	170.574768	0.0	1.0
31	0.0	2856.47232	1370.97576	71.933952	81.03023999999999	0.0	1.0
31	0.0	854.58816	1717.49592	114.681984	108.728784	0.0	1.0
31	0.0	2779.1616000000004	1101.81816	62.876544	123.82502400000001	0.0	1.0
31	0.0	694.22208	1771.87608	77.66592	76.599648	0.0	1.0
31	0.0	2738.81088	815.6376	41.098368	115.963704	0.0	1.0
31	0.0	1114.88256	1114.36776	48.294144	96.29582399999998	0.0	1.0
32	0.0	2720.928	800.27136	67.934208	127.25208	0.0	1.0
32	0.0	2754.40128	1573.25328	45.816576	95.40828	0.0	1.0
32	0.0	2813.56416	781.9264800000001	51.58272	180.80409600000002	0.0	1.0
32	0.0	1560.81408	150.61399199999994	88.32422400000002	67.361328	0.0	1.0
32	13.0	2048.93952	1112.13648	233.698944	47.469024	0.0	1.0
32	0.0	1016.05632	633.11976	100.674048	169.41571199999998	0.0	1.0
32	0.0	2780.20608	1089.82584	59.195136	128.82348	0.0	1.0
32	0.0	1861.056	80.77514400000007	55.049472	57.395088	0.0	1.0
32	0.0	2265.11232	303.08904000000007	98.832384	90.487368	0.0	1.0
32	0.0	2527.31136	594.6242400000001	77.190912	102.277728	0.0	1.0
32	0.0	2246.62272	302.3071199999998	133.805568	94.202568	0.0	1.0
32	0.0	2846.4998400000004	771.5736	39.540864	105.76548	0.0	1.0
32	0.0	2775.67488	1103.7924	49.791360000000005	97.922304	0.0	1.0
32	0.0	2217.24672	2044.32768	119.80454399999999	76.398336	0.0	1.0
32	0.0	2910.2976	1217.15784	51.222528	112.94337599999999	0.0	1.0
32	0.0	855.3600000000001	1717.52832	116.59008000000001	108.3564	0.0	1.0
32	0.0	1113.8112	1126.13544	45.53241600000001	94.76114399999999	0.0	1.0
32	0.0	2630.83776	1584.88488	83.860224	117.65671200000001	0.0	1.0
32	0.0	693.26592	1772.89992	76.543104	75.01831200000001	0.0	1.0
32	0.0	2520.85632	1774.26504	79.790592	82.41868799999999	0.0	1.0
33	0.0	2770.6368	1096.48512	43.642752	91.57795199999998	0.0	1.0
33	0.0	2226.53184	2041.65144	123.62688	70.677792	0.0	1.0
33	0.0	2527.78368	592.7256	63.408768000000016	99.097344	0.0	1.0
33	0.0	2774.48832	1080.65016	53.661696	126.62654400000001	0.0	1.0
33	13.0	2050.85184	1112.076	232.871808	48.717504000000005	0.0	1.0
33	0.0	853.88544	1717.27344	114.106368	108.48708	0.0	1.0
33	0.0	2865.63456	1352.1924	64.580736	74.070504	0.0	1.0
33	0.0	1111.6569599999998	1144.96416	40.421376	91.102752	0.0	1.0
33	0.0	2527.89504	1767.94272	75.09888000000001	82.436184	0.0	1.0
33	0.0	693.98784	1771.6838399999997	77.38636799999999	74.293848	0.0	1.0
33	0.0	2842.91712	763.1496000000001	44.654208	109.16575200000001	0.0	1.0
33	0.0	2915.13216	1217.47536	53.286528	102.306456	0.0	1.0
33	0.0	2632.25472	1584.89784	83.20550399999999	127.251	0.0	1.0
33	0.0	2731.76832	801.89352	38.039808	110.63195999999999	0.0	1.0
34	0.0	2234.0928	288.198	145.070976	93.91658399999999	0.0	1.0
34	0.0	3081.78048	164.47557599999993	46.9248	80.726112	0.0	1.0
34	0.0	1016.1792000000002	632.6532000000001	100.5312	169.46020800000002	0.0	1.0
34	13.0	2050.28736	1112.3676	233.978112	47.87683199999999	0.0	1.0
34	1.0	1552.75776	194.52074400000004	131.248512	120.558888	0.0	1.0
34	0.0	2555.45088	446.69664	68.013312	79.59816000000001	0.0	1.0
34	0.0	2523.99744	590.3258400000001	58.430592	91.838448	0.0	1.0
34	0.0	2917.08672	1193.04792	48.431232	84.705048	0.0	1.0
34	0.0	2782.42944	1072.47456	60.87744	126.506016	0.0	1.0
34	0.0	2877.51168	1258.79616	62.928768000000005	126.59976	0.0	1.0
34	0.0	1834.88256	82.77206399999989	54.03264	59.1678	0.0	1.0
34	0.0	2840.37888	752.9414400000001	42.799104	104.95418399999998	0.0	1.0
34	0.0	694.0224000000001	1771.87392	77.839488	74.546352	0.0	1.0
34	0.0	2532.18048	1763.73072	81.02592	83.93047200000001	0.0	1.0
34	0.0	2635.63776	1581.51312	91.401216	134.538624	0.0	1.0
34	0.0	852.6643199999999	1717.53048	112.539648	108.431352	0.0	1.0
34	0.0	2866.64832	1344.09672	64.636416	72.006624	0.0	1.0
34	0.0	2232.5184	2040.29712	119.021184	76.223808	0.0	1.0
34	0.0	2727.42144	786.1536	38.481024	112.49928	0.0	1.0
34	0.0	1112.1408000000001	1159.6219199999998	39.877632	99.512064	0.0	1.0
35	0.0	2519.1552	580.53024	56.7456	89.201736	0.0	1.0
35	0.0	2241.1584000000003	2077.10784	125.572224	153.176616	0.0	1.0
35	0.0	2803.9065600000004	744.75072	54.573312	144.400536	0.0	1.0
35	0.0	2915.6774400000004	1205.85888	48.56908800000001	120.77532	0.0	1.0
35	0.0	2535.01056	1786.61376	93.197568	158.363424	0.0	1.0
35	0.0	1724.99328	134.49931199999992	56.922624	111.03760800000002	0.0	1.0
35	13.0	2050.6752	1112.33736	233.142144	47.93882399999999	0.0	1.0
35	0.0	2803.7952	726.68232	50.54208	112.53232799999999	0.0	1.0
35	0.0	2781.28128	1072.98216	65.122176	103.53636	0.0	1.0
35	0.0	2242.66368	2034.83448	122.08972799999998	67.85856	0.0	1.0
35	0.0	2875.35744	1257.32952	57.50208	121.905864	0.0	1.0
35	0.0	2539.77984	1753.78824	81.931776	91.650528	0.0	1.0
35	0.0	2213.2032	282.1392000000002	127.873536	96.433416	0.0	1.0
35	0.0	2915.1936	1185.06888	50.635392	83.76911999999999	0.0	1.0
35	0.0	2728.1856	1618.14672	68.325504	182.114784	0.0	1.0
35	0.0	2872.5312	1339.6319999999998	76.465536	68.92668	0.0	1.0
35	0.0	1111.13472	1171.6164	40.146432	104.912496	0.0	1.0
35	0.0	852.1228799999999	1717.35768	111.265152	109.14631199999998	0.0	1.0
35	0.0	1539.2985600000002	165.83637599999986	108.006912	65.602656	0.0	1.0
35	0.0	692.8896	1772.29728	74.846208	73.09504799999999	0.0	1.0
35	0.0	2639.5008000000003	1577.9059200000002	93.949056	141.19704	0.0	1.0
35	0.0	2838.90816	747.76608	36.3427584	99.42652800000002	0.0	1.0
35	0.0	2718.91968	778.1184000000001	48.722304	131.294736	0.0	1.0
36	0.0	2506.33728	564.06456	70.71168	92.74111199999999	0.0	1.0
36	13.0	2050.59072	1112.34384	232.629888	47.857824	0.0	1.0
36	3.0	2357.7984	207.52610399999992	101.44204800000001	73.373904	0.0	1.0
36	0.0	2875.20768	1252.70496	61.57324799999999	118.337328	0.0	1.0
36	0.0	1016.07168	632.9879999999999	100.30540799999999	170.05766400000002	0.0	1.0
36	0.0	2772.5568	1545.68736	42.976128	83.913624	0.0	1.0
36	0.0	2834.4768000000004	737.15616	42.111360000000005	117.0882	0.0	1.0
36	0.0	1111.15008	1184.1768	38.685312	99.146376	0.0	1.0
36	0.0	2873.2300800000003	1330.71768	74.669184	72.3978	0.0	1.0
36	0.0	2545.02912	1745.40744	84.7296	94.11336	0.0	1.0
36	0.0	2249.84448	2032.44336	120.37632000000002	72.722016	0.0	1.0
36	0.0	2639.45088	1577.47392	96.70387200000002	163.566216	0.0	1.0
36	0.0	852.91776	1717.51536	112.364544	108.899856	0.0	1.0
36	0.0	693.71136	1771.10064	75.19296	75.21746399999999	0.0	1.0
36	0.0	2191.46496	274.49063999999987	144.588672	94.74904799999999	0.0	1.0
36	0.0	2717.46816	772.9322400000001	43.311744	135.566568	0.0	1.0
37	0.0	1016.064	632.90808	100.515456	169.043112	0.0	1.0
37	0.0	2543.90784	1742.71608	86.34969600000001	100.66615200000001	0.0	1.0
37	0.0	2776.66176	1538.8488	44.767488	84.057048	0.0	1.0
37	0.0	2181.30048	267.68016	150.873216	94.839768	0.0	1.0
37	0.0	2543.03232	1771.7464799999998	91.657344	157.38732	0.0	1.0
37	13.0	2050.2528	1112.65704	233.460864	47.480256000000004	0.0	1.0
37	0.0	2919.15264	1175.52816	45.151104	73.869192	0.0	1.0
37	0.0	2872.64256	1319.7384000000002	64.023168	70.398288	0.0	1.0
37	0.0	850.9171200000001	1717.53048	108.69504	108.921456	0.0	1.0
37	0.0	2252.85504	2072.01456	126.778368	157.37155199999998	0.0	1.0
37	0.0	693.5462400000001	1772.06616	75.647232	74.51373600000001	0.0	1.0
37	0.0	2832.73344	731.68704	41.673216	101.02017600000002	0.0	1.0
37	0.0	2713.6512	761.35464	41.542272	124.24795199999998	0.0	1.0
37	0.0	1110.92736	1208.02968	40.335744000000005	117.88848	0.0	1.0
37	0.0	2644.78848	1577.18664	106.134144	197.823168	0.0	1.0
38	0.0	2497.4208	543.726	55.890432	86.84928000000001	0.0	1.0
38	0.0	2743.392	1588.9478399999998	66.71923199999999	164.050056	0.0	1.0
38	0.0	2780.2560000000003	1020.69072	54.726144	114.003936	0.0	1.0
38	0.0	2534.57664	419.78088	58.500096	75.74212800000001	0.0	1.0
38	3.0	2345.5180800000003	200.47413600000004	100.063488	70.91690399999999	0.0	1.0
38	0.0	2920.3968	1155.88944	47.309184	104.35068	0.0	1.0
38	0.0	2669.03808	1506.64104	62.02752	77.764104	0.0	1.0
38	13.0	2049.78432	1112.8773600000002	233.992704	47.012832	0.0	1.0
38	0.0	2779.65312	1531.8504	47.50425600000001	83.29024799999999	0.0	1.0
38	0.0	2161.3056	257.20632	136.127232	85.31719199999999	0.0	1.0
38	0.0	2268.60672	2026.87704	118.159104	77.178096	0.0	1.0
38	0.0	1016.064	633.6899999999999	100.402176	169.282872	0.0	1.0
38	0.0	2569.80864	1722.5676	63.535488	78.18681600000001	0.0	1.0
38	0.0	2711.4816	749.36664	40.089216	112.864104	0.0	1.0
38	0.0	2875.43424	1315.10952	69.09888	76.26852	0.0	1.0
38	0.0	695.0016	1773.1936799999999	77.841024	71.577	0.0	1.0
38	0.0	1111.6799999999998	1215.16632	40.665984	102.187224	0.0	1.0
38	0.0	2828.9664	724.5612	40.993536	103.954968	0.0	1.0
38	0.0	851.1974399999999	1717.75296	108.651264	108.25488	0.0	1.0
39	0.0	2487.02592	530.87832	48.197376000000006	73.10584800000001	0.0	1.0
39	0.0	3081.13152	164.66997600000002	48.057216	79.586928	0.0	1.0
39	0.0	2528.95872	416.74176	58.209792	83.8188	0.0	1.0
39	13.0	2049.80736	1112.97888	233.91552	47.2284	0.0	1.0
39	0.0	2995.03872	585.85032	67.29062400000001	34.442063999999995	0.0	1.0
39	0.0	1498.75584	191.96632799999998	116.124672	71.957592	0.0	1.0
39	0.0	2574.02496	1715.17176	68.183424	84.32510400000001	0.0	1.0
39	0.0	2783.2896	1010.97504	59.715072000000006	114.952824	0.0	1.0
39	0.0	2922.07872	1155.0708	46.6368	113.79528000000002	0.0	1.0
39	0.0	2876.49024	1307.62296	68.96102400000001	77.01371999999999	0.0	1.0
39	0.0	1016.14464	633.80664	100.37414399999999	168.040224	0.0	1.0
39	0.0	1114.41792	1226.3292	38.30016	98.28367200000001	0.0	1.0
39	0.0	2673.53472	1506.03624	65.04345599999999	85.626288	0.0	1.0
39	0.0	2159.23968	257.29056	130.49894400000002	97.322688	0.0	1.0
39	0.0	2825.98656	717.6168	40.790016	103.13740799999998	0.0	1.0
39	0.0	2277.16224	2023.86384	115.153536	81.650592	0.0	1.0
39	0.0	694.78656	1773.10944	78.120576	72.484848	0.0	1.0
39	0.0	2704.9536	734.7326400000001	42.949248	109.570104	0.0	1.0
39	0.0	2339.8579200000004	199.49047199999984	107.933952	74.067696	0.0	1.0
39	0.0	854.3616	1717.74	114.840576	109.457568	0.0	1.0
40	0.0	2333.3952	195.94763999999998	107.700864	71.99172	0.0	1.0
40	0.0	2477.0496	526.49352	63.586560000000006	79.772256	0.0	1.0
40	0.0	2994.73536	585.16776	68.32704	34.995024	0.0	1.0
40	0.0	2678.31552	1494.05472	64.36224	71.82734400000001	0.0	1.0
40	0.0	2138.6304	250.24031999999988	149.474688	95.849568	0.0	1.0
40	0.0	2879.6352	1298.35008	70.66752	72.689616	0.0	1.0
40	0.0	2284.35456	2021.02992	117.228672	78.97910399999999	0.0	1.0
40	0.0	2921.10336	1152.94752	48.921984	111.992328	0.0	1.0
40	0.0	1015.97568	633.1759199999999	100.45631999999999	167.78318399999998	0.0	1.0
40	0.0	2781.40416	1002.84048	60.789504	119.122056	0.0	1.0
40	0.0	2805.42336	701.2224	71.30035199999999	123.597144	0.0	1.0
40	0.0	693.1199999999999	1773.14184	75.60806400000001	72.02195999999999	0.0	1.0
40	0.0	2695.03488	725.4014400000001	50.766336	118.65096	0.0	1.0
40	0.0	1115.28192	1240.0776	37.5043968	99.358056	0.0	1.0
40	0.0	857.09184	1717.18704	119.554176	109.294488	0.0	1.0
41	0.0	1479.91296	199.68638399999998	111.888384	70.190928	0.0	1.0
41	0.0	2781.79584	718.5175200000001	57.487488	180.269928	0.0	1.0
41	0.0	2917.3824000000004	1141.09344	59.65209599999999	118.46088	0.0	1.0
41	0.0	1749.71904	89.28813600000001	58.920576	64.026504	0.0	1.0
41	0.0	2456.98176	514.57248	91.230336	88.905816	0.0	1.0
41	0.0	2293.1712	2018.00808	113.390592	81.94262400000001	0.0	1.0
41	0.0	2683.88352	1479.66264	66.532992	82.173744	0.0	1.0
41	0.0	2886.23616	1293.99984	73.497984	105.88190399999999	0.0	1.0
41	0.0	1015.93344	633.73536	100.501248	168.93403199999997	0.0	1.0
41	0.0	2691.54432	725.93928	49.623936	135.677808	0.0	1.0
41	0.0	2780.77056	995.49216	61.688832000000005	130.698792	0.0	1.0
41	0.0	2129.27616	238.88951999999995	138.4512	84.307824	0.0	1.0
41	0.0	2326.28352	192.753648	107.599488	71.715024	0.0	1.0
41	0.0	2796.17664	1493.1777599999998	41.601408	98.567928	0.0	1.0
41	0.0	2587.44576	1699.86384	73.3632	82.556496	0.0	1.0
41	0.0	2818.1568	699.89832	43.368576	112.94704800000001	0.0	1.0
41	0.0	1116.14208	1256.80896	38.802048	111.07389600000002	0.0	1.0
41	0.0	694.0416	1771.79832	77.71315200000001	75.07835999999999	0.0	1.0
41	0.0	855.7401599999998	1717.5758400000002	117.528576	109.31349599999999	0.0	1.0
42	0.0	2777.22624	994.95864	56.46182399999999	117.37764000000001	0.0	1.0
42	0.0	1117.5744	1262.56968	37.6333056	91.673856	0.0	1.0
42	0.0	2656.16256	690.80256	45.174144	95.19983999999998	0.0	1.0
42	0.0	2448.1344	506.77055999999993	93.714048	88.83756	0.0	1.0
42	0.0	2920.48128	1137.36096	46.128	89.867448	0.0	1.0
42	0.0	2116.09344	233.48088000000007	143.12063999999998	84.70677599999999	0.0	1.0
42	0.0	2318.6688	190.21392000000003	105.36768	67.249224	0.0	1.0
42	0.0	2588.90112	1693.80072	67.811328	85.48416	0.0	1.0
42	0.0	2686.24512	1474.99488	62.34316800000001	90.93189600000001	0.0	1.0
42	0.0	2888.36352	1278.55152	62.155008	79.535088	0.0	1.0
42	0.0	1016.07168	634.67064	100.68787199999998	169.7274	0.0	1.0
42	0.0	2812.90752	693.58032	45.860736	112.089744	0.0	1.0
42	0.0	2299.85664	2011.33584	116.61695999999999	74.835144	0.0	1.0
42	0.0	693.4963200000002	1772.3426399999998	76.83648	74.88396	0.0	1.0
42	0.0	2801.40288	1486.89216	46.613375999999995	95.149296	0.0	1.0
42	0.0	855.24864	1717.20648	117.3024	108.817344	0.0	1.0
43	0.0	2481.87264	382.9744800000001	88.543104	78.438456	0.0	1.0
43	0.0	2690.35008	1460.95272	67.66118399999999	99.488952	0.0	1.0
43	0.0	2803.84896	1479.77712	47.618303999999995	94.253976	0.0	1.0
43	0.0	2917.60896	1111.2768	55.923072	100.19246399999999	0.0	1.0
43	0.0	1126.5907200000001	1303.99848	48.854016	144.530568	0.0	1.0
43	0.0	2311.69152	2009.6316	117.177984	77.188464	0.0	1.0
43	0.0	1015.872	633.6208800000002	99.99091199999998	169.411392	0.0	1.0
43	0.0	2889.57312	1291.07088	73.707264	120.39840000000001	0.0	1.0
43	0.0	694.3257600000002	1772.4851999999998	77.313792	73.381248	0.0	1.0
43	0.0	856.31232	1717.21512	119.798016	109.479816	0.0	1.0
44	0.0	2785.77792	967.99536	52.238592	73.420128	0.0	1.0
44	0.0	2645.7792	682.12368	47.278848	115.95139200000001	0.0	1.0
44	0.0	2484.45312	373.0276799999999	56.13196800000001	70.240824	0.0	1.0
44	0.0	1712.18304	133.967304	66.76032000000001	124.83374399999998	0.0	1.0
44	0.0	2993.45664	581.89104	65.450496	36.108936	0.0	1.0
44	0.0	2892.18432	1261.15272	60.93542399999999	75.74385600000001	0.0	1.0
44	0.0	1447.99872	223.13664000000017	107.795712	80.980344	0.0	1.0
44	0.0	2806.77504	1470.258	45.556992	96.30036	0.0	1.0
44	0.0	2086.28352	224.00279999999998	129.062016	86.44536000000001	0.0	1.0
44	0.0	2601.32736	1673.24832	56.841984	77.910336	0.0	1.0
44	0.0	1126.6828799999998	1300.65264	46.077696	101.356488	0.0	1.0
44	0.0	1015.98336	634.0464000000001	100.50739199999998	169.908624	0.0	1.0
44	0.0	2917.41312	1106.77752	55.74374399999999	95.36313599999998	0.0	1.0
44	0.0	2678.96832	684.7718399999999	45.314304	114.459912	0.0	1.0
44	0.0	692.8857600000001	1772.8524	74.84582400000001	73.93312800000001	0.0	1.0
44	0.0	855.55584	1717.20864	118.697856	109.46404800000002	0.0	1.0
45	0.0	2780.8704	961.80048	53.687808	101.618496	0.0	1.0
45	0.0	2314.56	179.65951199999995	80.9376	68.42037599999999	0.0	1.0
45	0.0	2799.90528	667.9692	50.967936	114.537672	0.0	1.0
45	0.0	2322.97728	2004.84504	120.225024	86.73134399999999	0.0	1.0
45	0.0	2921.088	1099.79856	43.787904	92.19916799999999	0.0	1.0
45	0.0	1702.8864	103.70635199999992	57.21984	60.25449600000001	0.0	1.0
45	0.0	2993.77536	581.19768	63.354624	34.633224	0.0	1.0
45	0.0	2670.91584	673.31088	46.864128	114.89968800000001	0.0	1.0
45	0.0	2074.83648	218.71943999999996	111.744768	81.12808799999999	0.0	1.0
45	0.0	2477.61024	370.21104	67.850112	73.3698	0.0	1.0
45	0.0	1016.02176	634.48704	100.24896	168.98112	0.0	1.0
45	0.0	2892.5952	1249.25544	62.76057600000001	75.08268	0.0	1.0
45	0.0	2424.7219200000004	481.9284	81.689088	75.47817599999999	0.0	1.0
45	0.0	2812.4851200000003	1462.56192	44.99136	94.08376799999999	0.0	1.0
45	0.0	693.82656	1772.16768	76.248192	73.875024	0.0	1.0
45	0.0	1127.89248	1306.854	46.697088	99.483984	0.0	1.0
45	0.0	855.8822399999999	1717.18704	118.355328	108.86723999999998	0.0	1.0
46	0.0	2778.80832	946.43208	58.191744	116.942832	0.0	1.0
46	0.0	2633.76	670.2652799999998	51.38803200000001	126.71035199999999	0.0	1.0
46	0.0	2894.99904	1249.51032	59.69472	73.762488	0.0	1.0
46	0.0	2065.41312	216.41039999999998	129.42604799999998	87.74892	0.0	1.0
46	0.0	2612.12928	1654.15608	53.61331199999999	87.753024	0.0	1.0
46	0.0	2993.9328	580.7397599999999	61.41657599999999	32.533704	0.0	1.0
46	0.0	2924.35584	1096.02504	38.312256000000005	95.965128	0.0	1.0
46	0.0	1126.7712000000001	1317.24792	38.533632	91.715976	0.0	1.0
46	0.0	1016.1792000000002	634.46544	100.918656	170.648208	0.0	1.0
46	0.0	2815.3728	1455.17256	43.28601599999999	90.53532	0.0	1.0
46	0.0	2787.99744	658.9296	65.624448	112.110912	0.0	1.0
46	0.0	2412.64128	473.6750400000001	82.131456	87.00048	0.0	1.0
46	0.0	694.4486400000001	1771.75512	77.64096	74.660616	0.0	1.0
46	0.0	2668.5504	678.1665599999999	42.928896	137.82852	0.0	1.0
46	0.0	2459.18208	367.31448	87.00864	80.88098400000001	0.0	1.0
46	0.0	2334.87744	2013.23664	117.689088	109.049544	0.0	1.0
46	0.0	856.4544000000001	1717.2216	119.482368	108.959472	0.0	1.0
47	0.0	1129.5897599999998	1379.12328	42.624384	195.391008	0.0	1.0
47	0.0	2921.6832	1088.70912	44.91072	111.30458400000002	0.0	1.0
47	0.0	2992.92288	581.07456	61.229568	31.233384	0.0	1.0
47	0.0	1128.8255999999997	1329.11712	40.747392000000005	90.171792	0.0	1.0
47	0.0	2628.59904	664.16112	51.634176	142.05564	0.0	1.0
47	0.0	2704.02816	1413.49752	58.522368	91.04292	0.0	1.0
47	0.0	2626.4832	643.6324800000001	44.414592000000006	98.691048	0.0	1.0
47	0.0	1016.2291199999999	633.67704	100.884864	169.497576	0.0	1.0
47	0.0	2820.16128	1447.66872	38.0661504	92.435472	0.0	1.0
47	0.0	2766.5472	924.56856	38.1555072	108.518832	0.0	1.0
47	0.0	695.26656	1771.3404	79.193856	75.001464	0.0	1.0
47	0.0	2404.36608	467.03304	82.584576	89.482104	0.0	1.0
47	0.0	2793.28512	655.37208	49.252992	106.97335200000002	0.0	1.0
47	3.0	2456.3750400000004	362.1564000000001	106.53888	84.996432	0.0	1.0
47	0.0	2339.63904	2037.45888	125.369472	165.76077600000002	0.0	1.0
47	0.0	2664.12288	668.54592	44.387328	136.475064	0.0	1.0
47	0.0	856.05888	1717.37064	119.193984	108.886248	0.0	1.0
47	0.0	1754.1504	1678.96368	49.768704	142.075296	0.0	1.0
48	3.0	2395.19232	485.88768000000005	93.55968	137.934144	0.0	1.0
48	0.0	1407.7056	249.55128000000002	107.542656	92.065032	0.0	1.0
48	0.0	2351.65056	2006.26416	115.885824	112.311576	0.0	1.0
48	0.0	2402.1542400000003	460.71936000000005	78.491136	92.298312	0.0	1.0
48	0.0	2898.5971200000004	1219.48848	69.41376	89.52573599999998	0.0	1.0
48	0.0	2787.71712	649.9548	49.73376	114.011712	0.0	1.0
48	3.0	2766.13248	677.1276	86.641152	163.60574400000002	0.0	1.0
48	0.0	2765.94048	914.47056	46.53158400000001	95.154048	0.0	1.0
48	0.0	2921.4451200000003	1083.2508	45.445248	120.265344	0.0	1.0
48	0.0	2652.81024	655.64856	54.55718400000001	126.7164	0.0	1.0
48	0.0	2447.71968	360.6357600000001	89.43744	91.749672	0.0	1.0
48	0.0	2036.90112	227.82384000000002	150.93158400000002	123.052824	0.0	1.0
48	0.0	2824.38912	1437.4044	42.889344	93.990024	0.0	1.0
48	0.0	1016.15232	634.54968	100.64140799999998	170.867232	0.0	1.0
48	0.0	2624.85888	1634.83272	43.972992	74.200104	0.0	1.0
48	0.0	1134.09408	1344.19392	42.402048	98.64914400000002	0.0	1.0
48	0.0	695.6198400000001	1771.71192	79.65312	76.403952	0.0	1.0
48	0.0	856.8384000000001	1717.23456	121.77139199999999	109.308096	0.0	1.0
48	0.0	1754.23104	1678.95504	50.11161599999999	141.93684000000002	0.0	1.0
49	0.0	3082.09152	164.707992	45.507071999999994	81.266544	0.0	1.0
49	0.0	2780.65536	638.2692000000001	61.078272	110.75615999999998	0.0	1.0
49	13.0	2049.82272	1112.5188	234.283392	47.195784	0.0	1.0
49	0.0	2765.7216	634.90608	88.99084800000001	115.064496	0.0	1.0
49	0.0	2631.55968	1630.49112	57.814271999999995	67.175568	0.0	1.0
49	0.0	2901.83808	1215.7776	63.39263999999999	94.999176	0.0	1.0
49	0.0	2356.88064	2001.66984	114.49190399999999	118.66176	0.0	1.0
49	0.0	2776.07808	919.99152	64.47667200000001	89.162856	0.0	1.0
49	0.0	2922.5088	1084.0564800000002	42.50688	122.927112	0.0	1.0
49	0.0	1754.26176	1678.5576	50.153088	142.33816800000002	0.0	1.0
49	0.0	2711.26656	1392.25608	58.35187199999999	90.06335999999999	0.0	1.0
49	0.0	1134.71232	1353.6914399999998	41.096448	79.380216	0.0	1.0
49	0.0	2439.69792	360.3268800000001	86.738688	105.28596	0.0	1.0
49	0.0	693.6076800000001	1771.5650400000002	75.82771199999999	75.765456	0.0	1.0
49	0.0	2650.94016	638.7832800000001	47.908992	114.674832	0.0	1.0
49	0.0	1016.18688	634.38336	100.790784	169.520688	0.0	1.0
49	0.0	2829.11232	1430.35632	45.63801599999999	93.074616	0.0	1.0
49	0.0	855.8937599999999	1716.92136	119.78495999999998	109.287576	0.0	1.0
50	0.0	3081.56928	164.36109599999997	45.973248000000005	79.89408	0.0	1.0
50	3.0	2373.49632	472.4546399999999	104.09702399999999	134.932608	0.0	1.0
50	0.0	2635.80672	1609.40304	79.48032	90.38736	0.0	1.0
50	0.0	2913.6768	1075.20912	56.977920000000005	139.837752	0.0	1.0
50	0.0	2712.99072	1381.71744	62.15731200000001	94.793976	0.0	1.0
50	0.0	2631.88608	625.13424	75.571968	115.072272	0.0	1.0
50	0.0	2439.6672	352.62864	77.881344	101.089728	0.0	1.0
50	13.0	2049.90336	1112.29632	234.41088000000002	47.118456	0.0	1.0
50	0.0	1139.83872	1373.02344	40.51968	98.84181599999998	0.0	1.0
50	0.0	2831.07456	1420.5628800000002	41.755392	96.6006	0.0	1.0
50	0.0	2370.67776	1978.25544	109.59168	85.77640799999999	0.0	1.0
50	3.0	2760.78336	662.28192	82.153728	154.588608	0.0	1.0
50	0.0	1996.92288	194.79916800000012	158.22067199999998	72.251136	0.0	1.0
50	0.0	2643.1641600000003	626.2401600000001	53.861760000000004	114.5556	0.0	1.0
50	0.0	2902.21824	1206.04464	61.441536	75.52763999999999	0.0	1.0
50	0.0	855.7977599999999	1717.31664	120.098304	109.3824	0.0	1.0
50	0.0	693.55008	1772.0596799999998	74.83391999999999	74.40746399999999	0.0	1.0
50	0.0	1016.07552	634.8348000000001	100.806912	168.945696	0.0	1.0
50	0.0	2773.0982400000003	903.9384	62.277888	122.88477599999999	0.0	1.0
51	0.0	2600.98944	608.9148	46.390272	105.68124	0.0	1.0
51	0.0	2269.4976	157.35643200000004	80.391936	66.86215200000001	0.0	1.0
51	0.0	1381.83168	274.74551999999994	98.229888	95.647824	0.0	1.0
51	0.0	2756.1369600000003	881.32968	43.056768000000005	99.562824	0.0	1.0
51	13.0	2049.312	1112.7132	234.60633600000003	47.06359200000001	0.0	1.0
51	0.0	2638.81344	1602.42192	72.61363200000001	94.678632	0.0	1.0
51	0.0	1989.12	288.86760000000004	54.430080000000004	90.54979199999998	0.0	1.0
51	0.0	2632.1932800000004	1636.7421599999998	89.298432	161.733672	0.0	1.0
51	0.0	2713.152	1373.07528	56.795519999999996	90.707904	0.0	1.0
51	0.0	1987.7376	193.20292800000004	130.449408	71.566632	0.0	1.0
51	0.0	2904.1113600000003	1197.67896	59.250432	73.7316	0.0	1.0
51	0.0	856.70784	1716.72264	122.54208	109.48780800000002	0.0	1.0
51	0.0	2773.4592	909.25632	61.549824	96.346152	0.0	1.0
51	0.0	2774.2464	625.4928	54.59404800000001	94.209048	0.0	1.0
51	0.0	2443.0310400000003	337.25159999999994	58.246656	79.82604	0.0	1.0
51	0.0	1141.2288000000003	1381.0348800000002	40.258176000000006	87.94807199999998	0.0	1.0
51	0.0	2377.27104	1974.09528	111.21984	86.69980800000002	0.0	1.0
51	0.0	1015.84896	635.1156	100.431744	171.64353599999998	0.0	1.0
51	0.0	693.64608	1772.11368	75.138048	75.19932	0.0	1.0
51	0.0	2641.81632	618.8594400000001	47.480064	112.07808000000001	0.0	1.0
51	0.0	2836.21248	1413.43056	41.988096	91.511208	0.0	1.0
52	3.0	1968.2688	190.374192	159.997056	76.035024	0.0	1.0
52	0.0	1622.73408	128.02622399999996	52.243968	71.62257600000001	0.0	1.0
52	0.0	2904.58368	1187.06688	58.231296	77.17939199999999	0.0	1.0
52	3.0	2244.7872	154.23285599999986	115.235712	72.337536	0.0	1.0
52	0.0	2640.62208	1604.81088	77.705472	117.10764	0.0	1.0
52	0.0	2652.26496	1589.2632	52.430592000000004	88.19388	0.0	1.0
52	0.0	2763.90528	886.42728	57.370752	126.960696	0.0	1.0
52	0.0	857.9788800000001	1716.36408	125.436672	109.933632	0.0	1.0
52	0.0	2717.7408	1360.7222399999998	60.29529600000001	103.084272	0.0	1.0
52	0.0	2769.2352	900.1368	58.810368	99.44424	0.0	1.0
52	0.0	2838.01728	1401.63912	43.054848	90.96796799999998	0.0	1.0
52	0.0	2368.53888	431.4837600000001	56.921088000000005	94.154616	0.0	1.0
52	0.0	2385.07776	1970.14032	110.084352	89.45359199999999	0.0	1.0
52	0.0	693.2236800000001	1772.2476	75.785472	76.153824	0.0	1.0
52	0.0	2765.82528	619.73208	62.93184	104.350032	0.0	1.0
52	0.0	1015.89504	634.5604799999999	100.451328	173.276496	0.0	1.0
52	0.0	2620.13568	603.46296	72.96307200000001	112.78332000000002	0.0	1.0
53	0.0	2240.9856	156.079656	105.409536	62.741519999999994	0.0	1.0
53	0.0	2761.71648	613.38384	62.68147200000001	105.134112	0.0	1.0
53	0.0	857.5488	1716.1502400000002	124.02278400000002	110.254392	0.0	1.0
53	0.0	694.3103999999998	1772.37288	77.52729599999999	74.132064	0.0	1.0
53	0.0	2392.23936	1968.91776	109.916928	89.17452000000002	0.0	1.0
53	0.0	1952.0448	188.42608800000005	138.73152	71.605728	0.0	1.0
53	0.0	2614.30656	599.55984	75.192576	110.568024	0.0	1.0
53	0.0	1015.7107200000002	635.39424	100.169088	174.71851199999998	0.0	1.0
53	0.0	2357.2300800000003	419.1544799999999	58.99161600000001	82.248048	0.0	1.0
53	0.0	2763.1641600000003	879.74208	65.43244800000001	124.453152	0.0	1.0
53	0.0	2844.99072	1393.85448	39.07776	91.722672	0.0	1.0
53	0.0	1359.47136	295.38216	105.33388799999999	95.14044	0.0	1.0
54	0.0	1768.46976	30.294648000000052	55.31750399999999	60.589512000000006	0.0	1.0
54	0.0	1947.19872	202.755312	140.98559999999998	105.071472	0.0	1.0
54	0.0	2648.8089600000003	1602.68544	89.071104	163.027512	0.0	1.0
54	0.0	1940.47104	185.32000800000003	125.123712	69.16039199999999	0.0	1.0
54	0.0	2409.0048	316.66463999999996	80.496768	88.94340000000001	0.0	1.0
54	0.0	857.8444800000002	1716.50664	124.42790399999998	110.409696	0.0	1.0
54	0.0	1600.5888	137.75464799999997	55.224192	61.731288000000006	0.0	1.0
54	0.0	2721.26976	1339.47648	62.797056000000005	102.872376	0.0	1.0
54	0.0	2760.99456	612.22176	59.22393600000001	110.13192	0.0	1.0
54	0.0	2847.08352	1388.97936	46.021632	84.24799200000001	0.0	1.0
54	0.0	2763.34848	865.2463200000001	67.0944	110.92680000000001	0.0	1.0
54	0.0	691.8144	1773.4248	75.241344	74.50056000000001	0.0	1.0
54	0.0	1015.6416	635.2322399999999	100.192512	174.04480800000002	0.0	1.0
54	0.0	1353.8112	298.42776000000003	99.223296	92.710872	0.0	1.0
54	0.0	2607.81696	587.13768	76.567296	113.809536	0.0	1.0
55	0.0	2754.11328	602.88192	64.80768	111.84372	0.0	1.0
55	0.0	1767.69408	29.906928000000107	54.941184	59.813856	0.0	1.0
55	0.0	2333.66784	401.20056	75.564672	80.32478400000001	0.0	1.0
55	0.0	2333.01888	418.5928799999999	81.647616	110.03385600000001	0.0	1.0
55	3.0	2398.40256	322.7428799999999	89.469696	99.313128	0.0	1.0
55	0.0	1921.21344	183.63412800000015	117.894528	69.357816	0.0	1.0
55	0.0	2765.42592	860.93496	55.483776000000006	86.01552000000001	0.0	1.0
55	0.0	692.4864	1773.7509599999998	76.01088	74.326896	0.0	1.0
55	0.0	2922.9888	1013.45256	40.406400000000005	112.52088	0.0	1.0
55	0.0	2651.904	1596.45816	85.97299200000002	162.87156	0.0	1.0
55	0.0	1159.74912	1442.24496	47.123328	102.807144	0.0	1.0
55	0.0	1015.87584	635.23008	100.584576	174.12947999999997	0.0	1.0
55	0.0	2602.96704	578.92104	73.916928	116.60328	0.0	1.0
56	3.0	2730.96192	616.47696	98.11852800000001	163.046304	0.0	1.0
56	3.0	2205.01248	172.9749599999999	120.184704	122.989104	0.0	1.0
56	3.0	1332.37248	348.1704	103.61356800000001	158.524776	0.0	1.0
56	0.0	2407.7568	1992.33864	125.942784	176.343048	0.0	1.0
56	0.0	1894.6944	181.787328	140.5344	65.79468	0.0	1.0
56	0.0	2414.75328	1951.94448	114.925824	95.174136	0.0	1.0
56	0.0	1577.92896	143.4846960000001	52.477056000000005	65.69488799999999	0.0	1.0
56	0.0	2723.46624	1315.92168	60.758399999999995	97.294608	0.0	1.0
56	0.0	2921.82144	1013.52168	38.630016	103.358592	0.0	1.0
56	0.0	2598.23232	568.7344800000001	68.959872	111.06590400000002	0.0	1.0
56	0.0	2757.0048	846.3247200000001	67.11552	123.186096	0.0	1.0
56	0.0	691.70688	1772.4247200000002	77.326848	75.857688	0.0	1.0
56	0.0	1015.53408	635.202	100.20864	174.224088	0.0	1.0
56	0.0	2657.69856	1582.44624	90.52799999999999	167.420736	0.0	1.0
56	0.0	1162.47936	1450.9152	46.21824	105.148584	0.0	1.0
57	0.0	2916.80256	1152.39456	46.820736000000004	117.141768	0.0	1.0
57	0.0	1767.58272	30.31192800000008	54.822528	60.623639999999995	0.0	1.0
57	0.0	857.74848	1716.6492	124.79116799999998	109.99411200000002	0.0	1.0
57	0.0	2383.37664	299.2572	75.854592	79.004592	0.0	1.0
57	0.0	1331.13984	333.7480800000001	94.426368	115.747704	0.0	1.0
57	0.0	1568.6707199999998	146.45015999999998	53.148288	65.068704	0.0	1.0
57	0.0	1894.31808	180.4291199999999	164.79936	67.606704	0.0	1.0
57	0.0	2663.56224	1567.27872	87.98745600000001	166.36968	0.0	1.0
57	0.0	2587.89888	558.81792	76.293504	109.418256	0.0	1.0
57	0.0	2759.30496	844.0610399999999	58.2816	101.24416799999999	0.0	1.0
57	0.0	1166.56512	1456.94592	44.778624	93.83277600000001	0.0	1.0
57	0.0	690.97344	1772.5888800000002	76.813056	76.4316	0.0	1.0
57	0.0	2423.32416	1948.56192	111.36192	96.917688	0.0	1.0
57	0.0	1015.44192	634.57128	100.20095999999998	173.876544	0.0	1.0
57	0.0	2921.55264	1010.88	40.697856	115.121952	0.0	1.0
58	3.0	1314.74688	333.38735999999994	101.225088	106.573968	0.0	1.0
58	0.0	2906.304	1142.86032	57.220224	98.74612799999998	0.0	1.0
58	0.0	2371.53792	290.50271999999984	87.648768	76.093128	0.0	1.0
58	3.0	2720.86272	610.9776	99.009792	146.890152	0.0	1.0
58	0.0	2862.20544	1353.71088	41.053056	93.449376	0.0	1.0
58	0.0	2679.93984	1526.83704	56.07936	98.85283200000002	0.0	1.0
58	0.0	2752.8307200000004	820.94904	63.99552	86.21315999999999	0.0	1.0
58	0.0	690.72768	1771.5564000000002	75.95136000000001	77.841	0.0	1.0
58	0.0	857.1264000000001	1716.33168	123.719424	110.97064800000001	0.0	1.0
58	0.0	1171.74528	1467.75888	43.274496	87.297264	0.0	1.0
58	0.0	2578.87488	549.09144	80.96102400000001	107.805168	0.0	1.0
58	0.0	2920.2624	1006.51896	43.327104000000006	123.013512	0.0	1.0
58	0.0	2432.77824	1939.5828	107.313792	91.35396000000001	0.0	1.0
58	0.0	1872.096	181.58579999999995	129.090816	66.13056	0.0	1.0
58	0.0	1015.5072	634.5367200000001	100.449024	174.089088	0.0	1.0
59	3.0	1309.1519999999998	338.49576000000013	100.108416	99.99763199999998	0.0	1.0
59	0.0	2284.1664	365.75064	76.086912	73.758816	0.0	1.0
59	0.0	2682.57792	1514.74752	58.264703999999995	98.91676799999999	0.0	1.0
59	3.0	2523.60192	310.20408	100.01472	91.06019999999998	0.0	1.0
59	0.0	2730.49344	1291.07952	55.401216	89.100864	0.0	1.0
59	0.0	1862.5536	180.20793600000002	165.22291199999998	68.66315999999999	0.0	1.0
59	0.0	2910.32448	1129.4208	57.325056000000004	80.66196000000001	0.0	1.0
59	0.0	2361.0624	284.65776000000005	79.69152	73.50566400000001	0.0	1.0
59	0.0	856.6886399999999	1716.5304	123.02707199999999	110.604528	0.0	1.0
59	0.0	2575.296	539.85528	78.192	105.768288	0.0	1.0
59	0.0	2745.37728	579.78072	45.47750400000001	96.870816	0.0	1.0
59	0.0	1015.488	633.8174399999999	100.657152	173.053152	0.0	1.0
59	0.0	690.624	1771.6255199999998	75.91488	74.80512	0.0	1.0
59	0.0	2759.71584	831.4639199999999	47.384064	93.723264	0.0	1.0
59	0.0	2856.23808	1345.32144	54.316416	88.34075999999999	0.0	1.0
59	0.0	1178.28864	1482.45984	45.303936	92.632032	0.0	1.0
59	0.0	2439.93984	1932.91056	107.790336	89.45035200000001	0.0	1.0
60	0.0	2752.1856	810.6588	52.921728	85.788072	0.0	1.0
60	0.0	2866.5792	1338.2604	64.874112	87.69902400000001	0.0	1.0
60	1.0	2713.4937600000003	630.2404799999999	80.133504	102.711456	0.0	1.0
60	3.0	1300.94976	357.13224	95.96236799999998	110.56176	0.0	1.0
60	0.0	857.8944000000001	1716.55848	125.351808	110.85940799999999	0.0	1.0
60	0.0	1532.54016	160.471584	58.244352	63.670104	0.0	1.0
60	0.0	2690.8147200000003	1496.7050399999998	54.941184	94.09716	0.0	1.0
60	0.0	2358.2860800000003	280.78487999999993	85.736448	74.492784	0.0	1.0
60	0.0	2447.95008	1931.47848	106.39372800000001	93.503808	0.0	1.0
60	0.0	2282.1542400000003	364.2710400000001	66.657792	82.08864000000001	0.0	1.0
60	0.0	2738.48064	571.11696	48.064128	97.386624	0.0	1.0
60	0.0	2575.28448	529.5585599999999	64.11110400000001	108.031536	0.0	1.0
60	0.0	691.4495999999999	1771.73784	76.194432	76.178448	0.0	1.0
60	0.0	1015.38048	634.77864	100.406784	174.17808	0.0	1.0
60	0.0	1180.84608	1492.26192	44.588544	89.93570399999999	0.0	1.0
61	3.0	1292.18688	369.80279999999993	100.643712	108.88776	0.0	1.0
61	3.0	1290.11712	402.60024	98.13504	177.74856	0.0	1.0
61	0.0	2456.68224	1924.35912	107.83948800000002	93.50532	0.0	1.0
61	0.0	2920.94208	949.7304	42.43584	118.482696	0.0	1.0
61	0.0	857.8713600000001	1716.23664	125.522688	110.7648	0.0	1.0
61	0.0	2873.0304	1325.08872	75.87456	92.547144	0.0	1.0
61	0.0	1289.0764800000002	341.15688	83.736192	76.855824	0.0	1.0
61	0.0	2346.43968	276.32232	80.321664	74.543544	0.0	1.0
61	0.0	2733.79584	554.51952	49.71456	80.493696	0.0	1.0
61	0.0	1524.84864	168.08947200000011	52.046976	72.33818400000001	0.0	1.0
61	0.0	2696.57856	1494.558	53.098752	98.84548799999999	0.0	1.0
61	0.0	2750.8224	808.89624	51.412992	100.118376	0.0	1.0
61	0.0	1015.21152	636.0703199999998	100.729728	176.239368	0.0	1.0
61	0.0	691.59168	1772.9388	76.834176	73.641312	0.0	1.0
61	0.0	1184.74752	1503.97344	43.845888	92.946096	0.0	1.0
61	0.0	2573.49504	524.67048	58.07232	109.407672	0.0	1.0
62	0.0	2261.51424	350.5896	59.834496	67.289184	0.0	1.0
62	0.0	2340.8256	272.07791999999995	72.85094400000001	76.62276	0.0	1.0
62	0.0	1285.9776000000002	348.73632	81.635712	63.53316	0.0	1.0
62	0.0	2916.1958400000003	940.33008	49.357824	114.631632	0.0	1.0
62	0.0	2700.3648	1485.6868800000002	53.37216	108.23544	0.0	1.0
62	0.0	857.9289600000002	1716.336	125.52307199999998	110.43648000000002	0.0	1.0
62	0.0	1833.53472	181.80482400000005	140.132736	67.2084	0.0	1.0
62	0.0	2872.58496	1317.44448	68.76288	95.09140800000002	0.0	1.0
62	0.0	2727.08352	549.6228	52.88409599999999	86.20257600000001	0.0	1.0
62	0.0	2749.1712	796.5842399999999	49.636608	94.619232	0.0	1.0
62	0.0	1015.11552	635.89968	100.50009600000001	176.34672	0.0	1.0
62	0.0	692.3904	1772.44416	78.435456	75.546432	0.0	1.0
62	0.0	2564.42112	517.25952	65.569152	108.554472	0.0	1.0
63	0.0	2739.43296	798.1977599999999	53.692800000000005	113.291352	0.0	1.0
63	0.0	2871.16032	1311.89328	57.902208	90.47354399999999	0.0	1.0
63	0.0	1198.3104	1536.7644	50.140416	107.602344	0.0	1.0
63	0.0	2333.28	261.6148800000001	82.015488	71.904024	0.0	1.0
63	0.0	2904.09984	1101.55248	59.682048	93.577248	0.0	1.0
63	0.0	2702.81856	1471.89096	54.217344	98.47915199999998	0.0	1.0
63	0.0	856.35456	1716.5628	122.255232	109.601424	0.0	1.0
63	0.0	2724.4377600000003	553.38552	51.023999999999994	99.60408	0.0	1.0
63	0.0	1015.46112	632.93832	99.75935999999999	171.57744000000002	0.0	1.0
63	0.0	2917.68576	942.50736	40.008576	109.07805599999999	0.0	1.0
63	0.0	1812.35712	182.97057600000005	162.53376	68.916528	0.0	1.0
63	0.0	2546.70336	511.0236	87.34348800000001	113.66848800000001	0.0	1.0
63	0.0	692.9817600000001	1772.5413600000002	78.06451200000001	74.331216	0.0	1.0
64	0.0	1264.8768	383.23799999999994	94.57728	96.456528	0.0	1.0
64	3.0	2692.76544	573.7823999999999	95.711616	147.882456	0.0	1.0
64	0.0	2906.98752	1091.53656	56.272128	101.887632	0.0	1.0
64	0.0	2322.95424	255.93408	82.33536	71.123832	0.0	1.0
64	0.0	2741.36064	775.20888	50.70336	87.740928	0.0	1.0
64	0.0	1207.1808	1562.26104	56.161152	131.351544	0.0	1.0
64	0.0	2736.38016	1225.52136	58.142976	111.26484000000002	0.0	1.0
64	0.0	2917.02912	940.33872	41.13792	115.598232	0.0	1.0
64	0.0	857.2185599999998	1716.39	123.23443199999998	109.86321600000001	0.0	1.0
64	0.0	1203.90144	1546.84296	51.639936	104.103792	0.0	1.0
64	0.0	2706.55488	1460.88792	54.67392	102.511656	0.0	1.0
64	0.0	2718.9696000000004	537.73632	45.07507199999999	78.80004	0.0	1.0
64	0.0	1015.66848	634.14792	99.950976	172.95055200000002	0.0	1.0
64	0.0	692.6745599999999	1772.00136	77.3472	75.851856	0.0	1.0
64	0.0	2479.22688	1906.07472	104.621184	96.528888	0.0	1.0
64	0.0	2540.47872	499.13928	84.983808	101.283264	0.0	1.0
64	0.0	1788.57984	180.459792	149.84563200000002	61.053048	0.0	1.0
65	0.0	2905.72416	1087.16472	59.442432	116.622936	0.0	1.0
65	0.0	2713.632	531.12672	50.850432	82.38477599999999	0.0	1.0
65	0.0	2739.23328	1212.56568	57.33388800000001	98.41543199999998	0.0	1.0
65	0.0	2704.30848	739.2124799999999	44.752512	84.213432	0.0	1.0
65	0.0	2230.14912	335.2428	66.17280000000001	70.75512	0.0	1.0
65	0.0	2733.3504000000003	770.60376	52.684799999999996	94.902408	0.0	1.0
65	3.0	2690.88384	571.56408	99.752832	135.622296	0.0	1.0
65	3.0	2479.56864	273.29616	95.13292799999999	79.10632799999999	0.0	1.0
65	3.0	2218.33728	368.26704000000007	117.744	115.77556800000002	0.0	1.0
65	0.0	2916.89472	935.08128	43.070208	121.75703999999999	0.0	1.0
65	0.0	1015.65696	632.6424	100.29696	171.64915200000002	0.0	1.0
65	0.0	856.71936	1716.57144	122.719488	109.857384	0.0	1.0
65	0.0	1211.43552	1548.24696	49.287936	86.124816	0.0	1.0
65	0.0	2531.79264	490.2768	87.647616	104.275944	0.0	1.0
65	0.0	692.1523199999999	1771.2820800000002	76.951296	77.922432	0.0	1.0
65	0.0	2712.0576	1446.38352	54.987648	98.91266399999999	0.0	1.0
65	0.0	2479.40736	1943.28288	121.45689600000001	182.189304	0.0	1.0
66	0.0	1764.29184	193.15692	173.938176	83.553552	0.0	1.0
66	0.0	2705.67168	522.1735199999999	58.97664	77.160168	0.0	1.0
66	3.0	1248.87936	431.46216000000004	91.369344	152.517168	0.0	1.0
66	0.0	2904.35712	1078.64784	62.980992	116.22700799999998	0.0	1.0
66	0.0	2916.96	919.99152	41.1072	112.048272	0.0	1.0
66	0.0	2897.78688	1065.82392	49.05024	95.820624	0.0	1.0
66	0.0	856.4966399999998	1716.4872	122.14656	109.478736	0.0	1.0
66	0.0	2733.27744	762.2877599999999	46.637568	96.485256	0.0	1.0
66	0.0	1015.63008	633.582	100.237056	173.32833599999998	0.0	1.0
66	0.0	2486.1888000000004	1936.18296	118.851456	178.17775200000003	0.0	1.0
66	0.0	2217.02784	330.56856000000005	64.60416	71.24004	0.0	1.0
66	0.0	692.6745599999999	1771.524	78.821376	78.472368	0.0	1.0
66	0.0	1219.15776	1567.04328	56.541312000000005	100.42596	0.0	1.0
66	3.0	2684.37888	570.8901599999999	97.926528	135.48535199999998	0.0	1.0
66	0.0	2526.25536	480.04056	80.675712	101.23617599999999	0.0	1.0
66	0.0	2714.688	1439.60112	53.41171200000001	110.471904	0.0	1.0
67	0.0	2713.44384	730.95696	75.826176	98.395992	0.0	1.0
67	3.0	1423.3919999999998	230.60591999999997	131.74732799999998	94.487688	0.0	1.0
67	0.0	1236.0576	405.79056	82.962816	93.883968	0.0	1.0
67	0.0	858.0556799999999	1716.228	125.65056	110.05480799999998	0.0	1.0
67	0.0	2699.01696	527.45904	63.889152	100.469376	0.0	1.0
67	0.0	2208.67584	333.16920000000005	61.70150399999999	82.998864	0.0	1.0
67	3.0	2679.9552	574.73712	89.943168	123.540984	0.0	1.0
67	0.0	2725.06752	749.10312	59.19052799999999	107.109648	0.0	1.0
67	0.0	2911.06944	911.80728	42.968832	96.499512	0.0	1.0
67	0.0	692.4902400000001	1772.6731200000002	78.29721599999999	77.558256	0.0	1.0
67	0.0	2905.35552	1063.57104	65.355648	101.69884799999998	0.0	1.0
67	0.0	1015.37664	634.49352	100.074624	174.27830400000002	0.0	1.0
67	0.0	1225.93152	1578.85632	56.414208	99.38375999999998	0.0	1.0
67	0.0	2720.59008	1422.2563200000002	52.153728	96.71745600000001	0.0	1.0
67	0.0	1755.70176	182.5063919999999	152.076288	61.845552	0.0	1.0
67	0.0	2491.36512	1933.2324	120.35596799999999	181.21881599999998	0.0	1.0
67	0.0	2520.92544	472.18463999999994	78.38976000000001	107.051328	0.0	1.0
68	0.0	1768.30848	30.546288000000004	55.418879999999994	61.092576	0.0	1.0
68	3.0	1226.76864	507.4596	74.298624	161.642088	0.0	1.0
68	0.0	2898.24768	897.4130399999999	61.414272	113.123736	0.0	1.0
68	0.0	1232.4864	1600.6874400000002	59.857152000000006	116.351856	0.0	1.0
68	3.0	2292.384	237.67992000000015	92.592	75.480984	0.0	1.0
68	0.0	857.664	1716.52392	125.122944	111.316464	0.0	1.0
68	0.0	2698.2144	521.46072	56.466816	97.91690399999999	0.0	1.0
68	0.0	692.43264	1771.35336	77.62483200000001	74.82888	0.0	1.0
68	3.0	2678.03136	568.5552	86.08512	130.43224800000002	0.0	1.0
68	0.0	1743.29088	184.35254399999997	159.766272	63.758232	0.0	1.0
68	1.0	2116.69632	158.91271200000006	128.88	115.84425599999999	0.0	1.0
68	0.0	1229.80608	1585.96056	54.48384	86.241672	0.0	1.0
68	0.0	1234.80576	424.28448000000003	89.22624	104.811624	0.0	1.0
68	0.0	2906.0736	1048.24368	66.05414400000001	84.405024	0.0	1.0
68	0.0	2724.11904	1409.19048	49.46995199999999	100.80072	0.0	1.0
68	0.0	2720.3904	741.1824	59.911296	96.382224	0.0	1.0
68	0.0	1015.13856	633.7202400000001	100.428288	172.90259999999998	0.0	1.0
68	0.0	2497.00224	1922.32656	121.813632	180.726984	0.0	1.0
68	0.0	2514.38976	463.64184	81.02208	106.48778399999999	0.0	1.0
69	0.0	2499.49056	453.79008	95.068032	112.64616	0.0	1.0
69	0.0	1228.18176	432.69768	91.483008	109.73145600000001	0.0	1.0
69	3.0	1377.07392	283.88015999999993	82.141056	154.935936	0.0	1.0
69	0.0	1767.97824	30.9152160000001	54.870912	61.830216	0.0	1.0
69	0.0	2897.1648	882.7358399999999	61.042176000000005	104.97427199999998	0.0	1.0
69	3.0	2439.6096	254.72231999999997	115.068672	77.230152	0.0	1.0
69	0.0	691.6838400000001	1771.43976	74.799744	74.734056	0.0	1.0
69	3.0	1227.9936	490.66128000000003	94.419072	213.115536	0.0	1.0
69	0.0	1729.6128	194.370408	162.142848	76.751712	0.0	1.0
69	0.0	2691.27936	515.0412	61.363584	90.66924	0.0	1.0
69	0.0	2506.21056	1916.8682399999998	119.244672	183.26152800000003	0.0	1.0
69	0.0	2905.87392	1040.7852	63.88799999999999	79.540272	0.0	1.0
69	0.0	2893.73184	1251.8819999999998	55.61280000000001	88.683768	0.0	1.0
69	0.0	2714.1043200000004	727.61976	61.53638399999999	83.639952	0.0	1.0
69	0.0	1236.28416	1597.1364	54.85248	87.90379200000001	0.0	1.0
69	3.0	2284.59264	232.40951999999993	90.552576	76.201776	0.0	1.0
69	0.0	1015.008	633.64896	100.2912	173.699856	0.0	1.0
69	1.0	2109.45024	154.76940000000002	127.63199999999999	105.865056	0.0	1.0
69	0.0	2724.91008	1401.55488	54.6144	96.237288	0.0	1.0
70	3.0	2669.34528	556.35768	91.696128	121.488768	0.0	1.0
70	0.0	2903.70816	1034.53416	65.72928	88.197552	0.0	1.0
70	3.0	2437.12512	249.40872000000002	103.21420799999999	72.7326	0.0	1.0
70	3.0	1358.88	301.9701600000001	60.40934399999999	123.246792	0.0	1.0
70	0.0	1432.20864	221.68295999999998	55.722240000000006	75.994416	0.0	1.0
70	0.0	1768.44672	30.772656000000097	56.177664	61.545312	0.0	1.0
70	0.0	1753.83168	1678.63968	48.655488	144.427104	0.0	1.0
70	0.0	2896.23552	1242.97632	58.195968	94.80067199999999	0.0	1.0
70	0.0	856.7654400000001	1716.65784	123.576192	111.208032	0.0	1.0
70	0.0	1246.54464	1650.14064	61.479552000000005	172.46779199999997	0.0	1.0
70	0.0	692.28288	1772.4312	75.219456	71.967744	0.0	1.0
70	0.0	2712.91392	721.2995999999999	57.136128	95.92538399999998	0.0	1.0
70	0.0	2896.75392	879.86736	62.009856	100.386432	0.0	1.0
70	0.0	2517.7152	1909.72296	113.344896	184.502232	0.0	1.0
70	3.0	2273.69856	226.12392	95.4432	77.591088	0.0	1.0
70	0.0	2727.5136	1388.9059200000002	56.593152	100.17259200000001	0.0	1.0
70	0.0	1015.1308799999999	633.6684	99.989376	172.32825599999998	0.0	1.0
70	0.0	2492.41728	450.52200000000016	92.50944	116.93808	0.0	1.0
70	3.0	1222.7020799999998	496.67904	92.00524800000001	217.6848	0.0	1.0
71	3.0	2425.3824	243.7668	118.11187200000002	82.572048	0.0	1.0
71	0.0	2283.0758400000004	222.04584	65.81491199999999	74.268792	0.0	1.0
71	0.0	2892.18432	1235.03184	49.924224	94.92033599999999	0.0	1.0
71	0.0	1255.55328	1628.6616	65.624448	109.07373600000001	0.0	1.0
71	0.0	693.0124799999999	1772.496	76.742016	74.10355200000001	0.0	1.0
71	0.0	2907.09888	878.6491199999999	39.437952	102.999384	0.0	1.0
71	0.0	1423.62624	223.75440000000003	55.434624	76.982184	0.0	1.0
71	0.0	856.6387199999999	1716.40944	123.347712	110.50992	0.0	1.0
71	3.0	1357.49376	297.49896	82.72358399999999	138.297888	0.0	1.0
71	0.0	2706.32064	708.58152	58.856064	95.639184	0.0	1.0
71	0.0	2523.4944	1893.73464	114.71961600000002	164.567592	0.0	1.0
71	0.0	2733.20064	1379.67408	51.095040000000004	101.69820000000001	0.0	1.0
71	0.0	1014.67008	634.64472	99.66144	173.59725599999996	0.0	1.0
71	0.0	2490.32832	435.81672000000003	81.75897599999999	113.167152	0.0	1.0
71	0.0	1753.69344	1678.98744	47.449728	142.869528	0.0	1.0
71	3.0	1212.7872	504.55872	89.132544	216.52488	0.0	1.0
72	3.0	2087.25888	161.32824000000005	126.180864	95.984784	0.0	1.0
72	3.0	1350.0864	282.4675199999999	79.53024	99.373392	0.0	1.0
72	0.0	2991.29472	577.7524800000001	59.420544	37.43496	0.0	1.0
72	0.0	2887.4496000000004	1226.124	49.191551999999994	98.448048	0.0	1.0
72	3.0	2417.5488	237.86567999999988	116.06976	79.668144	0.0	1.0
72	0.0	1412.96256	238.56984	60.31027199999999	65.333304	0.0	1.0
72	0.0	1262.0736	1641.87864	67.638912	117.070272	0.0	1.0
72	0.0	2739.30624	1357.2187199999998	47.87251200000001	99.710784	0.0	1.0
72	0.0	2900.1408	1015.7616	58.363007999999994	101.286936	0.0	1.0
72	0.0	691.6070399999999	1771.7184	75.385344	73.805472	0.0	1.0
72	0.0	857.19552	1716.61464	123.677952	110.320272	0.0	1.0
72	3.0	1204.17024	514.18584	86.70412800000001	214.471368	0.0	1.0
72	0.0	2702.44224	702.2916	56.70758399999999	98.257104	0.0	1.0
72	0.0	2481.82656	429.47064	86.08588799999998	109.296216	0.0	1.0
72	0.0	2530.0224	1899.29016	126.469632	188.664552	0.0	1.0
72	0.0	1014.71616	634.3012799999999	99.903744	173.258568	0.0	1.0
73	0.0	2898.30144	864.8748	52.977408	116.935272	0.0	1.0
73	0.0	2890.55232	1213.67376	48.308352000000006	97.679952	0.0	1.0
73	0.0	2271.68256	216.41255999999987	60.76608	70.854264	0.0	1.0
73	0.0	2479.2576	420.5152800000001	78.630528	104.31223200000001	0.0	1.0
73	0.0	1266.0672000000002	1640.05128	60.936192	85.04892	0.0	1.0
73	0.0	2535.18336	1891.69344	117.79737600000001	183.611664	0.0	1.0
73	0.0	692.3020799999999	1772.0748	75.973248	73.797264	0.0	1.0
73	0.0	856.5081599999999	1716.66864	122.995968	110.356128	0.0	1.0
73	0.0	2903.08224	1007.8452	59.07916800000001	102.295224	0.0	1.0
73	0.0	2695.96416	692.61696	57.225984	87.159024	0.0	1.0
73	0.0	1015.03488	634.54536	100.059264	174.05344799999997	0.0	1.0
74	0.0	2555.45088	1838.10168	83.92665600000001	90.67269600000002	0.0	1.0
74	3.0	2397.56928	230.49360000000001	115.442304	78.581664	0.0	1.0
74	0.0	2537.2224	1888.326	118.075776	184.033512	0.0	1.0
74	0.0	2260.78464	210.91967999999997	67.00992000000001	68.886936	0.0	1.0
74	0.0	2742.70848	1338.72696	52.500096	97.587936	0.0	1.0
74	0.0	1191.1180800000002	470.3011200000001	81.83616	90.88372799999999	0.0	1.0
74	0.0	692.18688	1771.254	74.809728	72.699768	0.0	1.0
74	0.0	856.6656	1716.84792	122.707968	109.86624000000002	0.0	1.0
74	0.0	2893.6512	1204.8912	49.763712	89.797464	0.0	1.0
74	0.0	2690.79552	684.0460800000001	57.45638400000001	87.99537600000001	0.0	1.0
74	0.0	2901.98784	1008.6444	64.341888	114.913944	0.0	1.0
74	0.0	1276.99968	1671.38424	70.341888	119.913264	0.0	1.0
74	0.0	1015.2921600000001	635.8284	100.391424	174.286728	0.0	1.0
74	0.0	2470.26048	411.88824	79.911936	108.028728	0.0	1.0
75	0.0	2552.11776	1855.28664	101.337216	134.16732000000002	0.0	1.0
75	0.0	2546.06208	1880.02944	110.83008	182.002464	0.0	1.0
75	3.0	2389.5744	226.01808000000005	108.43200000000002	75.810816	0.0	1.0
75	0.0	2692.79232	673.11432	43.36512	86.80176	0.0	1.0
75	0.0	2119.34592	283.7959199999999	77.87558399999999	63.132912	0.0	1.0
75	0.0	2892.86784	834.87672	46.13299200000001	91.222416	0.0	1.0
75	0.0	1183.9948800000002	479.03184	80.237184	95.063112	0.0	1.0
75	0.0	2748.27264	1326.24648	47.58336	85.362336	0.0	1.0
75	0.0	1625.8905599999998	203.89730399999985	130.303104	63.933408	0.0	1.0
75	0.0	2895.40224	1195.15392	52.60531199999999	88.18416	0.0	1.0
75	0.0	2904.15744	996.96096	57.337728	94.953384	0.0	1.0
75	0.0	692.6822400000001	1770.1567200000002	77.28192	74.16359999999999	0.0	1.0
75	0.0	856.0742399999999	1716.8976	121.37203199999999	109.78632	0.0	1.0
75	0.0	1015.44192	636.98832	100.594176	175.93221599999995	0.0	1.0
75	0.0	2468.59776	405.15768	66.48844799999999	106.375032	0.0	1.0
75	0.0	1286.41152	1679.76288	77.044608	127.110384	0.0	1.0
76	0.0	2740.8384	1087.02864	60.35673599999999	103.83443999999999	0.0	1.0
76	1.0	2054.60736	147.738384	125.59180799999999	111.374352	0.0	1.0
76	0.0	2894.16192	1185.4728	52.354176	91.952928	0.0	1.0
76	0.0	2906.25024	990.81792	52.586496000000004	94.05504000000002	0.0	1.0
76	0.0	692.32512	1769.61888	76.458624	76.477392	0.0	1.0
76	0.0	2972.34816	653.4972	97.928832	188.15522399999998	0.0	1.0
76	0.0	2749.72032	1313.27352	49.028352	94.2894	0.0	1.0
76	0.0	1624.34304	207.71251199999995	148.976256	66.097296	0.0	1.0
76	0.0	1179.43296	486.30024000000003	82.56844799999999	85.56451200000001	0.0	1.0
76	0.0	856.15488	1716.94512	121.702272	110.328264	0.0	1.0
76	0.0	2679.86304	664.5564	60.326016	90.065736	0.0	1.0
76	0.0	2448.56064	400.05359999999996	94.224768	99.512496	0.0	1.0
76	0.0	1296.33408	1687.84128	73.339776	107.1954	0.0	1.0
76	0.0	1015.34208	637.6838399999999	100.537344	176.666184	0.0	1.0
77	0.0	2901.45024	975.19032	62.285952	79.08948000000001	0.0	1.0
77	0.0	1330.47168	295.9912800000001	131.803008	113.557248	0.0	1.0
77	0.0	692.7974399999998	1771.78104	76.192128	70.428312	0.0	1.0
77	0.0	2562.1670400000003	1849.76568	108.394752	162.411696	0.0	1.0
77	0.0	2567.42016	1828.7748	98.29017599999999	118.360008	0.0	1.0
77	0.0	2892.45312	1175.13936	51.935232	96.659136	0.0	1.0
77	0.0	2672.19456	656.4995999999999	65.000832	91.83132	0.0	1.0
77	0.0	2752.1088	1299.82104	47.708543999999996	89.965512	0.0	1.0
77	0.0	854.0467199999998	1717.308	116.800512	109.82671200000001	0.0	1.0
77	0.0	1015.68	636.31656	101.520768	175.972392	0.0	1.0
77	0.0	2439.21408	388.16280000000006	88.797696	93.907296	0.0	1.0
77	0.0	1304.3136	1691.1827999999998	77.36486400000001	104.241168	0.0	1.0
78	0.0	2739.99744	1073.52432	62.53401600000001	109.59732	0.0	1.0
78	3.0	2038.2528	154.06524000000013	125.03961599999998	87.54890400000001	0.0	1.0
78	0.0	693.07008	1771.3728	77.645184	72.57491999999999	0.0	1.0
78	3.0	2213.856	198.9718559999999	108.488448	83.258496	0.0	1.0
78	0.0	2753.8944	1288.2499200000002	46.04352	92.21925599999999	0.0	1.0
78	0.0	855.3945600000002	1717.0682399999998	120.24960000000002	111.012768	0.0	1.0
78	0.0	2665.00992	641.5675200000001	66.486144	80.676432	0.0	1.0
78	0.0	1312.13184	1709.22744	79.60128	117.104832	0.0	1.0
78	0.0	1015.18464	636.3921599999999	101.67744	177.943176	0.0	1.0
78	0.0	2433.96864	380.54232	84.180096	99.643608	0.0	1.0
79	0.0	2574.43584	1848.13056	119.322624	184.71024000000003	0.0	1.0
79	0.0	2891.3472	1163.64168	56.19072	97.792272	0.0	1.0
79	0.0	1157.6448	513.0216	87.695616	83.81534400000001	0.0	1.0
79	0.0	692.4825599999999	1771.26696	76.03775999999999	70.972416	0.0	1.0
79	0.0	856.7001599999999	1716.8500800000002	122.79705599999998	109.444392	0.0	1.0
79	0.0	2755.59552	1277.32248	53.726208	92.663136	0.0	1.0
79	0.0	2659.2576	630.79776	68.597376	85.607496	0.0	1.0
79	0.0	1015.15776	636.5628	101.61638399999998	178.21511999999996	0.0	1.0
79	0.0	1318.38336	1717.61472	76.785792	109.43985600000002	0.0	1.0
79	0.0	2421.8150400000004	376.8876	97.870464	99.02865600000001	0.0	1.0
80	3.0	2349.36576	208.51732800000002	116.17459199999999	78.19308	0.0	1.0
80	0.0	2727.5481600000003	1044.65592	45.005952	107.84556	0.0	1.0
80	0.0	2757.96864	1264.31064	45.978624	96.304464	0.0	1.0
80	3.0	2211.67488	211.45017600000006	68.46028799999999	117.986328	0.0	1.0
80	3.0	2616.7257600000003	443.24712	106.04697599999999	85.711392	0.0	1.0
80	0.0	856.9574400000001	1717.06392	123.154944	109.76472	0.0	1.0
80	0.0	691.3113599999999	1770.90192	74.71027199999999	71.527536	0.0	1.0
80	0.0	1334.4307199999998	1734.83856	82.408704	106.1964	0.0	1.0
80	0.0	2895.06048	953.30088	59.459328	114.09897600000001	0.0	1.0
80	0.0	2577.73824	1840.71744	117.92832	187.04304	0.0	1.0
80	0.0	2655.22944	625.9787999999999	66.968448	80.80797600000001	0.0	1.0
80	0.0	1015.41504	633.15864	101.46432000000001	175.012056	0.0	1.0
80	0.0	2412.4224	370.062	95.513088	93.8736	0.0	1.0
81	0.0	692.4480000000001	1770.3252000000002	77.177088	71.95608	0.0	1.0
81	0.0	2722.41408	1035.40896	38.3884416	115.262352	0.0	1.0
81	0.0	1340.18688	1758.96792	79.953024	142.836264	0.0	1.0
81	0.0	857.39904	1716.7939199999998	123.938688	110.054376	0.0	1.0
81	0.0	2762.36928	1254.51072	54.155136	88.159104	0.0	1.0
81	0.0	2894.13888	944.4168	59.65056	118.066248	0.0	1.0
81	0.0	1343.6928	1737.3247199999998	82.655616	98.727552	0.0	1.0
81	0.0	2651.09376	621.3131999999999	63.990144	86.69743199999999	0.0	1.0
81	0.0	1015.44576	632.99232	101.538048	174.53491200000002	0.0	1.0
81	0.0	2584.67328	1835.54424	119.32416	189.72792000000004	0.0	1.0
81	0.0	2407.78368	360.6444	87.478272	100.30327199999999	0.0	1.0
82	0.0	1534.05312	238.34735999999998	131.422464	72.59976	0.0	1.0
82	3.0	2194.95936	178.85123999999996	73.36166399999999	68.929272	0.0	1.0
82	0.0	2885.85984	1130.96952	60.20736	96.977736	0.0	1.0
82	0.0	2621.59104	429.26328	84.610944	81.376056	0.0	1.0
82	0.0	857.74848	1716.39	125.476224	111.13394400000001	0.0	1.0
82	0.0	1349.35296	1747.52856	83.242752	105.889248	0.0	1.0
82	0.0	691.6224	1771.09416	75.27129599999999	71.04132	0.0	1.0
82	0.0	2889.77664	926.90136	65.644032	86.74236	0.0	1.0
82	0.0	2731.2192	1025.97624	54.215424	115.434504	0.0	1.0
82	0.0	2643.84	617.2675200000001	60.525312	90.734472	0.0	1.0
82	0.0	2763.7824	1238.59152	55.800192	99.635832	0.0	1.0
82	0.0	1015.25376	633.258	101.298816	175.446648	0.0	1.0
82	0.0	2400.61056	351.9179999999999	95.349504	103.227264	0.0	1.0
82	0.0	2593.45536	1827.88272	110.43456	185.352192	0.0	1.0
83	0.0	691.68768	1771.72704	74.769792	70.578432	0.0	1.0
83	0.0	2885.2032	1122.20856	61.47417600000001	90.248688	0.0	1.0
83	0.0	2763.69024	1227.93624	53.04768	95.89752	0.0	1.0
83	0.0	1356.6912	1752.96096	83.39904000000001	108.13759200000001	0.0	1.0
83	0.0	2896.41984	918.70416	59.07648	91.978848	0.0	1.0
83	0.0	2638.4064	607.77648	63.136896	84.448872	0.0	1.0
83	0.0	1014.61248	633.8455200000001	100.176	174.596904	0.0	1.0
83	0.0	2396.12928	347.79240000000004	82.351872	100.104768	0.0	1.0
83	0.0	2598.65472	1819.48896	110.584704	186.54084	0.0	1.0
84	0.0	855.7516799999999	1716.65352	121.719552	110.71296	0.0	1.0
84	0.0	1269.63456	354.5964	125.03808	128.52669600000002	0.0	1.0
84	0.0	1117.06752	663.6772800000001	58.5984	152.386704	0.0	1.0
84	0.0	692.7897600000001	1771.2648000000004	77.64288	72.433656	0.0	1.0
84	0.0	1366.91712	1757.91816	81.418752	103.059	0.0	1.0
84	0.0	1014.83136	636.67512	102.327936	180.08827199999996	0.0	1.0
84	0.0	2631.61344	591.48576	64.866816	70.687944	0.0	1.0
84	0.0	2764.86528	1215.53136	48.14860800000001	91.73735999999998	0.0	1.0
84	0.0	2604.68736	1810.91376	109.40544	183.43584	0.0	1.0
84	0.0	2380.76928	336.40704000000005	93.339264	100.25748	0.0	1.0
85	3.0	1495.61088	254.83680000000004	129.28089599999998	75.314232	0.0	1.0
85	3.0	1988.93568	277.10856	125.890176	110.939976	0.0	1.0
85	0.0	2976.50304	646.1942399999999	97.741056	189.870696	0.0	1.0
85	0.0	2884.97664	1102.30416	63.236736	87.90552	0.0	1.0
85	0.0	692.4787200000001	1771.28856	76.529664	72.109224	0.0	1.0
85	0.0	856.83456	1716.79608	123.78047999999998	110.89008	0.0	1.0
85	0.0	2886.6624	913.21128	70.291968	109.846152	0.0	1.0
85	0.0	1260.41088	351.8985600000001	116.45952	127.647576	0.0	1.0
85	0.0	1014.8428799999999	635.44176	102.305664	180.54468000000003	0.0	1.0
85	0.0	2863.1040000000003	745.89336	66.09024000000001	104.755896	0.0	1.0
85	0.0	2766.90816	1204.54992	49.84512	95.822352	0.0	1.0
85	0.0	1377.05472	1770.06168	91.832448	115.60838400000002	0.0	1.0
85	0.0	2625.68064	588.2328	61.379712	82.554768	0.0	1.0
85	0.0	2372.64	329.59224000000006	94.310016	103.55515199999999	0.0	1.0
85	0.0	2611.75296	1805.65416	111.110016	191.39652	0.0	1.0
86	0.0	856.1587199999999	1716.76152	123.023616	111.566808	0.0	1.0
86	3.0	2168.41728	188.38656000000003	66.16319999999999	108.042336	0.0	1.0
86	0.0	2888.22144	894.73464	69.437952	84.09787200000001	0.0	1.0
86	0.0	1252.88832	359.44128	118.762752	137.698488	0.0	1.0
86	0.0	2602.94016	415.00512000000003	63.430656	91.352016	0.0	1.0
86	0.0	692.4864	1770.7032	76.66752	73.57975200000001	0.0	1.0
86	0.0	2769.312	1188.1296	48.13248	90.625392	0.0	1.0
86	0.0	2729.01504	983.4372	61.21344	125.36272800000002	0.0	1.0
86	0.0	2867.64288	747.28656	54.464256	105.50843999999998	0.0	1.0
86	0.0	1389.9648	1779.2827200000002	91.07327999999998	114.519744	0.0	1.0
86	0.0	1014.24768	633.73104	99.89875199999999	174.07375199999998	0.0	1.0
86	0.0	2621.2416	582.61248	58.886784000000006	75.9834	0.0	1.0
86	0.0	2361.3888	322.13159999999993	96.962304	94.042512	0.0	1.0
86	0.0	2617.55136	1798.6298399999998	111.88339199999999	191.078352	0.0	1.0
87	3.0	2726.81472	986.30568	63.236736	140.979096	0.0	1.0
87	0.0	1477.96992	276.27264	158.451456	95.13158399999999	0.0	1.0
87	0.0	856.76928	1716.37272	124.01664	111.774816	0.0	1.0
87	0.0	1108.7808	612.036	76.300416	130.17564	0.0	1.0
87	0.0	691.53024	1770.5973600000002	74.15500800000001	73.048176	0.0	1.0
87	0.0	1245.75744	369.58680000000004	118.976256	125.5446	0.0	1.0
87	0.0	2615.12064	578.51064	58.662528	81.86680799999999	0.0	1.0
87	0.0	2883.97056	890.78184	66.34944	87.942888	0.0	1.0
87	0.0	2855.31648	727.63056	68.856576	99.684216	0.0	1.0
87	0.0	2594.83776	414.07416	78.38822400000001	95.820408	0.0	1.0
87	0.0	1397.34144	1784.33496	90.285312	104.996304	0.0	1.0
87	0.0	2770.56768	1178.91072	46.55270399999999	90.372024	0.0	1.0
87	0.0	1014.4089600000001	633.6252000000001	100.34380800000001	174.386088	0.0	1.0
87	0.0	2352.8448000000003	317.56536000000017	102.066816	95.99688	0.0	1.0
87	0.0	2619.76704	1795.1090399999998	119.407488	193.83321600000002	0.0	1.0
88	3.0	1236.70656	378.43632	117.55007999999998	126.948168	0.0	1.0
88	3.0	2270.19648	186.99681599999997	125.391744	105.508008	0.0	1.0
88	0.0	1101.74208	633.32712	81.04051199999999	153.39888	0.0	1.0
88	0.0	2880.79488	884.55672	64.64716800000001	95.19336	0.0	1.0
88	0.0	691.9833600000002	1771.48296	73.474176	69.524352	0.0	1.0
88	0.0	2596.1817600000004	406.96128	58.47820800000001	95.166792	0.0	1.0
88	0.0	2607.98208	564.58728	58.29504000000001	81.29808	0.0	1.0
88	0.0	2771.3779200000004	1166.39352	49.3536	97.091352	0.0	1.0
88	0.0	1405.97376	1794.33576	90.115968	105.831576	0.0	1.0
88	0.0	2862.3475200000003	725.2999200000002	46.120704	99.453744	0.0	1.0
88	0.0	2624.41344	1791.54288	121.60780800000002	198.400968	0.0	1.0
88	0.0	1466.112	288.12456	152.79936	106.29640800000001	0.0	1.0
88	0.0	1013.9712	635.38776	100.486656	178.42247999999995	0.0	1.0
88	0.0	2343.85536	311.5692	100.95936000000002	98.879832	0.0	1.0
89	0.0	2710.66368	932.31864	40.516608	80.930664	0.0	1.0
89	0.0	2977.44	643.3452000000001	99.702528	192.181464	0.0	1.0
89	0.0	1097.84064	618.87456	78.46233600000001	103.583448	0.0	1.0
89	3.0	1229.25696	382.25304000000006	116.212224	126.84081600000002	0.0	1.0
89	0.0	692.8934399999998	1769.6124	75.542784	73.31882399999999	0.0	1.0
89	0.0	1415.08992	1798.54344	92.18649600000002	102.07317599999999	0.0	1.0
89	0.0	2599.32672	559.4831999999999	58.368	77.541192	0.0	1.0
89	0.0	2730.86592	950.0112	49.954944	87.441336	0.0	1.0
89	0.0	2860.37376	714.41136	45.703296	84.238488	0.0	1.0
89	0.0	2335.26528	303.40872	100.511232	95.066784	0.0	1.0
89	0.0	1014.0095999999999	635.1307200000001	99.62880000000001	177.072696	0.0	1.0
89	0.0	1448.67456	285.02063999999996	127.634304	89.257032	0.0	1.0
89	0.0	2635.44192	1777.91544	110.343936	187.078032	0.0	1.0
90	0.0	2327.5008	296.9892	91.144704	96.373152	0.0	1.0
90	0.0	1081.1212800000003	632.2946400000001	59.282304	96.58202399999999	0.0	1.0
90	0.0	2871.8592	871.4779199999999	64.75545600000001	115.55265600000001	0.0	1.0
90	0.0	2774.49984	1143.1584	49.45305599999999	96.5196	0.0	1.0
90	3.0	2703.90144	999.06696	92.79552	184.793616	0.0	1.0
90	0.0	2718.86976	932.24952	60.156672	112.95482400000002	0.0	1.0
90	0.0	693.2352000000001	1770.32736	77.960448	72.57491999999999	0.0	1.0
90	0.0	1091.87328	648.1144800000001	79.700736	142.454592	0.0	1.0
90	0.0	1424.22144	1806.89184	92.512128	99.923544	0.0	1.0
90	3.0	2257.1904000000004	179.36294399999997	128.893056	103.749552	0.0	1.0
90	0.0	1443.54048	287.27135999999996	138.008832	81.27324	0.0	1.0
90	0.0	1014.07872	634.8024	99.81657599999998	178.623144	0.0	1.0
90	0.0	2978.17344	642.60648	99.093504	190.489536	0.0	1.0
90	0.0	2639.1936	1775.20464	108.882432	189.48707999999996	0.0	1.0
91	3.0	2720.57472	942.41448	60.279936000000006	120.72175199999998	0.0	1.0
91	0.0	692.19072	1769.7916799999998	76.50431999999999	73.055736	0.0	1.0
91	0.0	1085.2300799999998	637.94088	78.09100799999999	97.353144	0.0	1.0
91	0.0	2319.14112	285.61248	98.51443200000001	93.988296	0.0	1.0
91	3.0	2249.76384	175.43196	126.26649599999999	99.75031200000001	0.0	1.0
91	0.0	2584.40832	539.19864	66.532224	72.994608	0.0	1.0
91	1.0	1937.14944	143.1613440000001	130.044288	88.93260000000001	0.0	1.0
91	0.0	1086.75072	659.65752	80.613888	146.949984	0.0	1.0
91	0.0	2569.79712	387.36576	79.79596799999999	81.349056	0.0	1.0
91	0.0	1432.5235200000002	293.6714400000002	143.08416	81.525312	0.0	1.0
91	0.0	1434.80064	1817.94672	97.57248	108.66398399999999	0.0	1.0
91	0.0	2774.34624	1128.37752	46.756224	91.482696	0.0	1.0
91	0.0	1014.38208	634.16736	100.427136	176.81025600000004	0.0	1.0
91	0.0	2646.13248	1770.54336	111.437568	187.717608	0.0	1.0
92	0.0	855.3177599999999	1717.1503200000002	120.9696	110.717712	0.0	1.0
92	0.0	2710.12608	898.2014399999999	50.99404799999999	95.55516	0.0	1.0
92	0.0	2873.82528	852.46128	58.686336	114.77203200000001	0.0	1.0
92	1.0	1929.80352	139.10486400000002	130.462464	98.611992	0.0	1.0
92	0.0	2880.51456	1037.08728	64.255488	96.080256	0.0	1.0
92	3.0	2716.73856	938.41416	61.694976000000004	123.6276	0.0	1.0
92	0.0	2559.456	380.2982400000001	90.372864	91.360008	0.0	1.0
92	0.0	1419.21792	305.87976000000003	144.626688	88.359552	0.0	1.0
92	0.0	691.8028800000002	1771.03584	75.345792	71.96493600000001	0.0	1.0
92	0.0	2772.75264	1117.97064	47.17056000000001	90.58111199999999	0.0	1.0
92	0.0	2306.20416	284.19552	99.902976	95.643288	0.0	1.0
92	0.0	1081.6512	662.13504	77.00735999999999	127.716912	0.0	1.0
92	0.0	2580.39936	531.5436	61.91078400000001	83.707128	0.0	1.0
92	0.0	1014.2208	634.61016	100.393728	175.16304	0.0	1.0
92	0.0	1205.4144	415.1714400000001	115.763328	129.8646	0.0	1.0
92	0.0	2651.73504	1761.4324800000002	115.360128	201.345696	0.0	1.0
93	0.0	2654.88	1753.96536	115.429632	211.07736	0.0	1.0
93	3.0	2713.17504	920.84904	67.017984	139.405968	0.0	1.0
93	0.0	2833.07904	678.25728	69.874944	116.056152	0.0	1.0
93	0.0	1408.59648	318.55680000000007	143.186688	101.792592	0.0	1.0
93	0.0	853.0944	1716.89112	115.58784	111.090528	0.0	1.0
93	0.0	2669.06496	1708.17336	72.666624	87.233544	0.0	1.0
93	0.0	2713.01376	904.57776	65.649024	123.53839199999999	0.0	1.0
93	0.0	2879.7696	1029.91176	63.706752	95.716296	0.0	1.0
93	0.0	691.3190399999999	1769.9904000000001	74.225664	73.654488	0.0	1.0
93	0.0	2775.05664	1105.38648	49.26758399999999	100.047096	0.0	1.0
93	0.0	2869.96608	852.3122400000001	61.565952	118.786176	0.0	1.0
93	0.0	1201.12512	425.55456000000004	113.467392	131.325624	0.0	1.0
93	0.0	1076.19072	667.42704	77.931264	120.48544800000002	0.0	1.0
93	0.0	2570.89152	526.37688	67.297536	90.80316	0.0	1.0
93	0.0	1455.64416	1823.83488	92.24064	100.54691999999999	0.0	1.0
93	0.0	1014.1747200000001	635.00544	100.54656000000001	175.172976	0.0	1.0
94	0.0	2880.5952	1021.25016	66.054912	96.302736	0.0	1.0
94	0.0	857.13024	1717.16544	124.23705600000001	111.214944	0.0	1.0
94	0.0	691.2345599999999	1770.22152	73.88697599999999	72.862848	0.0	1.0
94	0.0	1195.97952	429.78600000000006	114.789888	124.960104	0.0	1.0
94	3.0	2224.43136	160.67764799999998	125.388288	133.732944	0.0	1.0
94	0.0	2548.46208	371.81808	93.292416	98.058384	0.0	1.0
94	0.0	2675.74656	1700.29584	74.43455999999999	94.710168	0.0	1.0
94	3.0	2712.3264000000004	897.82344	64.83110400000001	122.411088	0.0	1.0
94	0.0	2775.57504	1095.26472	47.447808	104.89823999999999	0.0	1.0
94	0.0	2706.44352	1694.19384	134.009856	102.391128	0.0	1.0
94	0.0	2869.02912	835.164	64.41792	108.21772799999998	0.0	1.0
94	0.0	1070.8569599999998	678.8469599999999	76.37952	120.84768	0.0	1.0
94	0.0	2564.03712	517.28976	64.61568000000001	88.984224	0.0	1.0
94	0.0	1466.75712	1836.34344	94.581504	98.732736	0.0	1.0
94	0.0	1399.30368	322.866	141.213696	98.353008	0.0	1.0
94	0.0	1014.60096	634.8866399999999	101.27308800000002	175.18874399999999	0.0	1.0
95	0.0	2275.58784	255.60360000000003	111.297408	114.35018399999998	0.0	1.0
95	0.0	2881.29792	1010.33784	62.831616	91.40644799999998	0.0	1.0
95	0.0	857.2531199999999	1717.12656	123.71174399999998	110.22220799999998	0.0	1.0
95	0.0	2775.85536	1083.16872	46.013568	108.63568799999999	0.0	1.0
95	3.0	2212.3392000000003	160.5748319999999	118.96819199999999	114.42924	0.0	1.0
95	0.0	1065.12	685.7827199999999	71.741184	103.15274400000001	0.0	1.0
95	0.0	2701.94304	1686.51288	106.711296	105.95664	0.0	1.0
95	0.0	2709.50016	884.3472	63.47174400000001	121.081176	0.0	1.0
95	0.0	2682.80448	1689.15888	73.162368	106.056216	0.0	1.0
95	0.0	1188.6681600000002	439.27487999999994	112.233216	135.708264	0.0	1.0
95	0.0	691.93344	1771.80264	75.148032	71.10719999999999	0.0	1.0
95	0.0	2557.70112	511.01063999999997	66.43660799999999	89.43328799999999	0.0	1.0
95	0.0	1476.03456	1841.06736	95.557248	95.260968	0.0	1.0
95	0.0	2865.48864	823.0161599999999	61.510272	124.58124	0.0	1.0
95	0.0	1014.74688	634.07448	101.152128	174.266424	0.0	1.0
95	0.0	1383.92832	332.22096	149.366016	106.14887999999999	0.0	1.0
95	0.0	2543.0208	365.35320000000013	94.21056	93.663216	0.0	1.0
96	0.0	2881.54368	1002.294	58.83263999999999	91.120464	0.0	1.0
96	3.0	2203.49568	161.51097600000003	120.971136	112.69195200000001	0.0	1.0
96	0.0	692.2559999999999	1772.0423999999998	75.15417599999999	71.16875999999999	0.0	1.0
96	0.0	2775.2832	1065.636	45.205248	92.472624	0.0	1.0
96	0.0	1178.64192	452.01240000000007	109.53561600000002	134.752032	0.0	1.0
96	0.0	1014.34752	636.33168	99.76819200000001	177.839064	0.0	1.0
96	0.0	1374.86208	339.2539200000001	139.638144	101.401632	0.0	1.0
96	0.0	2550.70848	504.0792	66.369024	86.08269599999998	0.0	1.0
96	0.0	2863.39968	813.04344	60.502656	108.434376	0.0	1.0
96	0.0	1063.16544	702.1080000000001	73.966848	119.689704	0.0	1.0
96	0.0	1486.85184	1850.41584	98.957568	100.122912	0.0	1.0
96	0.0	2536.5196800000003	358.97687999999994	98.65574399999998	92.58516000000002	0.0	1.0
96	0.0	2685.55776	1676.90088	80.34316799999999	103.054032	0.0	1.0
96	0.0	2271.51744	247.23576000000003	110.687232	122.750856	0.0	1.0
97	3.0	2063.6198400000003	155.058624	106.39449600000002	93.684168	0.0	1.0
97	3.0	2703.8131200000003	879.9278400000001	64.54579199999999	156.22567199999995	0.0	1.0
97	0.0	2822.89152	650.64384	74.79782399999999	97.881696	0.0	1.0
97	0.0	2775.5712000000003	1056.348	48.226176	92.94372000000001	0.0	1.0
97	0.0	2980.10112	636.80472	98.3424	191.32372800000002	0.0	1.0
97	0.0	2261.20704	247.65048000000002	112.881408	112.118904	0.0	1.0
97	0.0	858.13248	1716.80472	125.690496	111.119688	0.0	1.0
97	3.0	2197.20192	157.77806399999997	125.325312	107.87688	0.0	1.0
97	0.0	692.06016	1772.37288	73.945728	69.403608	0.0	1.0
97	0.0	2530.5753600000003	353.12976000000003	96.50111999999999	93.246552	0.0	1.0
97	0.0	1057.5359999999998	709.4152799999999	76.29504	117.94896	0.0	1.0
97	0.0	2845.21728	822.0679200000001	44.449152	125.533368	0.0	1.0
97	0.0	1173.29664	458.2008000000001	111.343488	131.599512	0.0	1.0
97	0.0	1014.31296	636.02064	99.589248	178.84324800000002	0.0	1.0
97	0.0	2691.03744	1671.56352	84.715392	104.674032	0.0	1.0
97	0.0	2860.80384	815.95296	65.463168	121.96850400000001	0.0	1.0
97	0.0	1496.96256	1857.90024	102.39360000000002	101.763	0.0	1.0
98	0.0	2697.99168	1663.67952	81.36614399999999	101.508552	0.0	1.0
98	0.0	856.19328	1716.97968	121.47302400000001	111.558168	0.0	1.0
98	0.0	692.3136	1770.99048	76.181376	70.352064	0.0	1.0
98	1.0	2184.10752	158.02689600000008	118.500096	107.621784	0.0	1.0
98	0.0	2528.28672	485.56584	82.628736	94.9914	0.0	1.0
98	3.0	2700.83712	864.5421600000001	61.56480000000001	120.076992	0.0	1.0
98	0.0	2700.6336	851.62536	60.150144	111.20112000000002	0.0	1.0
98	0.0	2816.83584	659.4890400000002	77.562624	126.779472	0.0	1.0
98	0.0	2525.376	347.5548	97.39392000000001	93.90276	0.0	1.0
98	0.0	1052.73216	722.7446400000001	77.350656	124.153128	0.0	1.0
98	0.0	2775.39072	1047.6324	47.152512	97.93742399999998	0.0	1.0
98	3.0	2056.13952	151.89465599999994	107.62752	89.857944	0.0	1.0
98	0.0	2980.59264	636.02064	94.49932799999999	190.779192	0.0	1.0
98	0.0	2859.19104	801.28224	65.364096	128.303136	0.0	1.0
98	0.0	1509.20064	1862.46864	102.575616	101.789136	0.0	1.0
98	0.0	1013.76768	636.7010399999999	100.164864	181.84543199999996	0.0	1.0
99	0.0	2698.6368	842.51664	60.897024	125.653248	0.0	1.0
99	0.0	2520.72576	339.5498399999999	92.995584	82.81439999999999	0.0	1.0
99	0.0	692.64768	1769.66208	76.618368	73.22508	0.0	1.0
99	13.0	2048.82048	1112.5512	235.132416	46.448424	0.0	1.0
99	0.0	2775.17184	1027.30032	47.761152	100.57845600000002	0.0	1.0
99	1.0	1869.25056	124.04772000000003	128.02713599999998	112.189104	0.0	1.0
99	0.0	1344.25728	365.23439999999994	127.30483199999999	105.60564	0.0	1.0
99	0.0	857.36448	1716.90192	124.197504	110.46455999999999	0.0	1.0
99	0.0	2857.4592	791.58168	63.88070400000001	131.363424	0.0	1.0
99	0.0	2980.86528	636.14592	93.00787199999999	190.471608	0.0	1.0
99	0.0	1014.3359999999999	637.2194400000001	101.92473599999998	184.093128	0.0	1.0
100	0.0	1809.32736	257.3402399999999	114.64896	109.554984	0.0	1.0
100	3.0	1251.91296	58.805567999999994	84.10982399999999	117.145224	0.0	1.0
100	0.0	1530.4512	1871.38296	105.737088	82.634688	0.0	1.0
100	3.0	2683.65696	869.4972	83.67206399999999	156.215736	0.0	1.0
100	3.0	2807.69664	625.3308000000001	84.230016	106.110432	0.0	1.0
100	0.0	2232.29952	242.96543999999994	111.64031999999999	90.405288	0.0	1.0
100	0.0	1334.05056	371.09448	118.235904	100.86098400000002	0.0	1.0
100	3.0	2691.5827200000003	858.2328	68.83315200000001	138.583656	0.0	1.0
100	0.0	692.2944	1770.0336	76.84992	72.29800800000001	0.0	1.0
100	0.0	857.9980799999998	1716.71184	125.849472	111.491424	0.0	1.0
100	0.0	1157.59872	481.1723999999999	110.91648	135.434376	0.0	1.0
100	3.0	2167.4112	156.23215200000016	120.27264	97.96960799999998	0.0	1.0
100	0.0	2518.77888	342.84168	92.55744000000001	96.456528	0.0	1.0
100	3.0	2039.90016	151.17127200000016	107.750016	95.256864	0.0	1.0
100	3.0	1865.13792	125.69385599999998	125.98771199999999	113.633064	0.0	1.0
100	0.0	2980.52736	636.33816	93.349632	191.138616	0.0	1.0
100	0.0	2856.07296	785.87928	64.327296	140.527872	0.0	1.0
100	0.0	1014.5011200000001	638.1093599999999	101.87097600000001	185.715072	0.0	1.0
101	3.0	2159.33184	153.05867999999998	117.520128	95.719104	0.0	1.0
101	3.0	2800.18944	622.33704	83.83603199999999	105.801552	0.0	1.0
101	3.0	2690.4384	841.98528	62.999808	159.94044	0.0	1.0
101	0.0	1327.9488	383.31575999999995	118.62835200000002	104.991552	0.0	1.0
101	0.0	2768.22528	1014.12648	49.20192	107.801496	0.0	1.0
101	0.0	1033.55136	756.8964	79.779456	124.101504	0.0	1.0
101	0.0	1150.95552	488.98944000000006	105.782784	128.33704799999998	0.0	1.0
101	3.0	2514.67392	465.4238399999999	68.714112	89.272368	0.0	1.0
101	0.0	857.54496	1716.84144	125.547264	111.745224	0.0	1.0
101	0.0	692.0294399999998	1770.4828799999996	76.493568	70.996608	0.0	1.0
101	0.0	2221.67424	238.54391999999996	108.38592	80.454384	0.0	1.0
101	0.0	1540.99968	1878.51312	105.128832	88.31289600000002	0.0	1.0
101	0.0	2721.0048	1641.2976	75.01593600000001	100.855152	0.0	1.0
101	0.0	2853.43104	771.6988799999999	63.366912000000006	129.010536	0.0	1.0
101	0.0	2512.99584	337.59935999999993	94.69516799999998	100.887552	0.0	1.0
101	0.0	2980.8768	635.71608	93.43296	190.508328	0.0	1.0
101	0.0	1014.9158400000001	637.58448	102.380928	186.56028000000003	0.0	1.0
102	3.0	1846.30656	123.88982399999998	130.53504	110.099088	0.0	1.0
102	3.0	1787.26272	259.06608000000006	121.332096	108.958176	0.0	1.0
102	3.0	1253.22624	58.310064000000125	85.81632	115.463664	0.0	1.0
102	3.0	2797.55904	606.6079199999999	84.693504	104.13576	0.0	1.0
102	3.0	2506.81344	461.71296000000007	65.356032	90.27007200000001	0.0	1.0
102	0.0	691.4150399999999	1771.8696	75.1584	68.90183999999999	0.0	1.0
102	0.0	2767.67616	1005.47136	49.227648	120.475944	0.0	1.0
102	3.0	1313.3568	394.57151999999996	120.91084800000002	116.30736	0.0	1.0
102	3.0	2156.30592	149.22727199999997	122.704128	97.638264	0.0	1.0
102	0.0	857.9251199999999	1716.8587200000002	125.84064	110.981232	0.0	1.0
102	3.0	1031.60832	763.236	71.801472	116.441064	0.0	1.0
102	0.0	2851.65312	750.72312	59.956608	105.181848	0.0	1.0
102	0.0	1550.8416	1885.29984	105.613056	88.59888	0.0	1.0
102	3.0	2688.52224	824.13288	70.38336000000001	164.42352	0.0	1.0
102	0.0	2505.69984	330.77376000000004	97.17849600000001	102.125664	0.0	1.0
102	0.0	1014.61632	637.04016	102.63974399999998	187.064208	0.0	1.0
103	3.0	1303.30368	406.28088	116.56435199999999	117.87227999999999	0.0	1.0
103	0.0	2860.01664	949.26384	77.22585600000001	114.103296	0.0	1.0
103	0.0	2728.75776	1625.0652	79.512192	105.12568799999998	0.0	1.0
103	0.0	2683.72224	777.55896	61.97184	98.079984	0.0	1.0
103	0.0	1023.22176	772.1870399999999	80.87616	123.160824	0.0	1.0
103	0.0	2992.24704	564.98688	75.17376	52.922376	0.0	1.0
103	3.0	2016.96768	148.08225600000003	108.60825599999998	93.48156000000002	0.0	1.0
103	3.0	2682.28224	829.4875199999999	69.82233599999999	134.393472	0.0	1.0
103	0.0	858.29376	1716.33816	126.797952	111.29076	0.0	1.0
103	0.0	2765.57952	993.95208	54.922368	122.15944800000001	0.0	1.0
103	0.0	692.0140799999999	1769.6988	76.071552	72.71769599999999	0.0	1.0
103	0.0	2853.76128	753.6477600000001	57.79276800000001	114.974424	0.0	1.0
103	0.0	2858.37312	978.40872	82.136832	165.347352	0.0	1.0
103	0.0	1563.23712	1891.12968	103.42656	84.21084	0.0	1.0
103	0.0	2498.49216	322.77096000000006	98.496	96.137064	0.0	1.0
103	1.0	1839.2256	130.38192000000004	129.64992	103.963608	0.0	1.0
103	0.0	1014.43584	638.3923199999999	101.92819200000001	188.87688000000003	0.0	1.0
104	3.0	2749.4937600000003	1011.97728	84.82751999999999	174.36880799999997	0.0	1.0
104	3.0	1248.80256	58.171175999999946	84.945024	115.94793599999998	0.0	1.0
104	0.0	692.1024	1770.3359999999998	76.728576	71.587368	0.0	1.0
104	3.0	2010.57408	149.397696	105.969792	98.943552	0.0	1.0
104	0.0	1574.30016	1897.44336	110.967168	87.99904799999999	0.0	1.0
104	0.0	2847.2064	746.91936	65.36064	131.313312	0.0	1.0
104	0.0	2860.97664	950.9076	75.38611200000001	125.23571999999999	0.0	1.0
104	3.0	1769.59872	262.61712	126.32371199999999	115.151544	0.0	1.0
104	0.0	857.03424	1716.07464	124.56422399999998	111.223368	0.0	1.0
104	0.0	1020.2726400000001	787.5468000000001	80.300928	121.94085599999998	0.0	1.0
104	0.0	2495.0668800000003	321.19632	98.24908799999999	98.807904	0.0	1.0
104	0.0	2858.208	971.69544	81.46368	165.060288	0.0	1.0
104	0.0	2980.7001600000003	635.17392	95.58144000000001	193.42670400000003	0.0	1.0
104	1.0	1831.84512	131.515488	130.296192	98.79386399999999	0.0	1.0
104	0.0	1015.13472	638.72496	103.506816	187.656264	0.0	1.0
104	0.0	1295.15136	416.85624000000007	110.416512	118.381608	0.0	1.0
104	3.0	2679.0681600000003	801.92808	71.521152	162.49788	0.0	1.0
105	1.0	1822.77504	126.93866400000002	130.65984	114.933384	0.0	1.0
105	0.0	2732.80128	1612.25424	83.39289600000001	117.78372	0.0	1.0
105	0.0	1584.26112	1900.8756	108.217344	84.553416	0.0	1.0
105	0.0	858.85824	1715.72904	128.104704	112.42821600000002	0.0	1.0
105	0.0	2761.63584	968.53752	53.284608	132.773472	0.0	1.0
105	0.0	2491.61856	321.68448	93.23135999999998	107.351784	0.0	1.0
105	0.0	692.32512	1769.59512	76.551168	72.680328	0.0	1.0
105	0.0	2981.50656	635.46552	94.76582399999998	194.25096	0.0	1.0
105	3.0	2132.6016	141.28063199999997	126.57216000000001	102.17232000000001	0.0	1.0
105	3.0	1243.5686400000002	59.91969600000016	77.012736	116.56504799999999	0.0	1.0
105	0.0	2844.99456	730.9656	67.369344	109.957608	0.0	1.0
105	3.0	2674.4908800000003	788.92704	67.761408	163.721952	0.0	1.0
105	0.0	2859.27552	957.04416	72.814848	152.31996	0.0	1.0
105	0.0	1014.4780799999999	637.8220800000001	102.271488	188.29130399999997	0.0	1.0
105	3.0	1755.4944	264.05783999999994	118.674432	115.890048	0.0	1.0
105	0.0	1017.73824	799.02072	77.06688	121.026528	0.0	1.0
105	3.0	2007.7056	151.647336	97.387776	104.590008	0.0	1.0
105	0.0	1286.94144	429.04512	111.612672	123.33081600000001	0.0	1.0
106	3.0	1746.42432	263.3385599999999	126.951552	115.38244799999998	0.0	1.0
106	0.0	2851.8489600000003	955.89936	85.00032	170.57304	0.0	1.0
106	0.0	1597.29408	1906.59096	108.797952	84.34195199999999	0.0	1.0
106	3.0	2123.01312	164.93220000000008	124.93363200000002	162.121176	0.0	1.0
106	0.0	2841.9456	730.49256	68.034816	127.33092000000002	0.0	1.0
106	3.0	1994.112	176.40979199999992	111.930624	151.237368	0.0	1.0
106	0.0	2856.85248	933.56928	75.303168	122.407632	0.0	1.0
106	3.0	1016.2329600000002	808.45128	76.176768	119.392488	0.0	1.0
106	3.0	1244.3136	59.32526399999995	88.49395200000002	118.104048	0.0	1.0
106	3.0	1816.33536	126.6395040000001	128.694528	120.108744	0.0	1.0
106	0.0	1278.0864	439.10208	108.254976	121.55011199999998	0.0	1.0
106	0.0	2760.43392	947.71296	52.697088	105.72595200000002	0.0	1.0
106	0.0	1014.0288	637.0488	101.02655999999999	186.928992	0.0	1.0
106	3.0	2670.99648	781.33032	69.55968	163.215432	0.0	1.0
107	0.0	1263.18336	459.6976800000001	97.168896	119.92060799999999	0.0	1.0
107	0.0	1607.3664	1913.22432	109.178496	84.102624	0.0	1.0
107	0.0	693.16992	1769.94072	76.227456	72.566064	0.0	1.0
107	0.0	2854.65216	922.7412	73.47187199999999	110.83046400000002	0.0	1.0
107	3.0	2449.28256	420.1394399999999	104.920704	93.456072	0.0	1.0
107	0.0	2472.76032	295.38	109.26336	119.822976	0.0	1.0
107	0.0	2834.14656	735.5880000000001	75.82924799999999	166.137912	0.0	1.0
107	3.0	2664.74112	759.9139200000001	66.347904	146.363544	0.0	1.0
107	0.0	2761.42848	942.57216	46.161024	114.205032	0.0	1.0
107	3.0	1241.62176	59.1557039999999	87.80313600000002	118.094112	0.0	1.0
107	3.0	2843.84256	976.0932	90.838656	213.23174399999996	0.0	1.0
107	0.0	1012.79232	816.2424	76.14143999999999	118.82592	0.0	1.0
107	0.0	1014.62016	634.21704	100.889088	182.602296	0.0	1.0
108	3.0	1724.4288	303.35688000000005	127.746816	191.46132	0.0	1.0
108	3.0	1712.91264	286.84152000000006	107.40518400000002	158.278536	0.0	1.0
108	0.0	2465.2416	290.36447999999996	106.558464	115.981848	0.0	1.0
108	0.0	2771.95008	562.93488	79.0752	88.39281600000002	0.0	1.0
108	3.0	1799.53152	123.64898400000004	131.09376	115.82892	0.0	1.0
108	3.0	2843.12832	965.47896	87.53164799999999	218.53584	0.0	1.0
108	0.0	2853.16224	904.40928	71.476224	95.489064	0.0	1.0
108	3.0	2438.0352000000003	414.86688000000004	110.60736	95.42016	0.0	1.0
108	0.0	693.2697600000001	1770.4483200000004	76.55040000000001	70.465896	0.0	1.0
108	3.0	2455.0272	415.51055999999994	77.69241600000001	91.90692	0.0	1.0
108	3.0	1978.70976	149.95994399999995	110.60812800000001	105.554664	0.0	1.0
108	0.0	2755.45728	924.27048	54.895104	99.978192	0.0	1.0
108	3.0	1244.70912	60.073488	93.147648	119.703744	0.0	1.0
108	0.0	2980.86144	635.80248	94.257408	193.373784	0.0	1.0
108	0.0	1618.37568	1914.08184	113.78496000000001	80.80819199999999	0.0	1.0
108	0.0	1015.90272	634.12416	103.26336	183.11508	0.0	1.0
108	0.0	1254.2976	470.83032000000003	98.164224	120.35822399999999	0.0	1.0
108	0.0	1007.65056	830.11176	74.568576	127.503504	0.0	1.0
108	3.0	2661.68064	755.6003999999999	70.854528	168.89428800000002	0.0	1.0
109	1.0	1969.6128	147.93192	109.104	96.061248	0.0	1.0
109	0.0	2461.2057600000003	289.13328	104.57587200000002	107.44012800000002	0.0	1.0
109	1.0	1698.7737599999998	265.39272000000005	97.001088	120.76516799999999	0.0	1.0
109	0.0	692.9395199999999	1770.1653600000002	76.838016	72.023472	0.0	1.0
109	0.0	2840.19072	956.38752	92.155392	220.32648	0.0	1.0
109	0.0	1630.37184	1920.87936	112.158336	86.75899199999999	0.0	1.0
109	3.0	2642.86848	749.36664	91.335936	177.24182399999998	0.0	1.0
109	0.0	2760.80256	911.33208	41.703936	102.73435199999999	0.0	1.0
109	0.0	2828.16768	721.58904	77.15904	195.089472	0.0	1.0
109	0.0	1002.5587200000001	841.3135199999999	76.407552	125.847216	0.0	1.0
109	0.0	1014.4896	635.4266399999999	100.427136	185.133816	0.0	1.0
109	1.0	1791.38304	126.76456800000005	128.22873600000003	122.355576	0.0	1.0
109	0.0	2979.8592	635.94072	94.588032	192.222936	0.0	1.0
109	0.0	1249.0368	476.29512	100.329984	119.86487999999999	0.0	1.0
110	1.0	2651.51232	734.9616	69.015936	165.195504	0.0	1.0
110	3.0	1243.30368	489.65904	99.95328	128.215872	0.0	1.0
110	0.0	1101.16608	578.80872	97.651584	145.99828799999997	0.0	1.0
110	3.0	2830.70208	706.4064	74.214528	172.25265599999997	0.0	1.0
110	3.0	2838.65856	951.12144	88.58726399999998	224.08704	0.0	1.0
110	3.0	1963.8528	150.29992800000002	108.118656	105.644736	0.0	1.0
110	3.0	1248.02688	59.72097599999995	94.040832	119.44195200000001	0.0	1.0
110	0.0	1017.63072	632.0743200000002	106.63680000000001	175.903488	0.0	1.0
110	0.0	2741.03808	1610.55864	108.61900799999998	202.362624	0.0	1.0
110	0.0	2752.03584	896.00472	54.253440000000005	92.926008	0.0	1.0
110	0.0	1642.52928	1922.13648	113.619072	78.863976	0.0	1.0
110	1.0	1784.29824	125.20072800000003	129.84537600000002	120.531456	0.0	1.0
110	0.0	2980.8576	636.11568	94.107648	192.637872	0.0	1.0
110	0.0	1000.0281599999998	852.6427199999999	78.723072	124.347744	0.0	1.0
111	0.0	2840.33664	916.92	70.57536	163.21003199999998	0.0	1.0
111	3.0	1242.42816	59.90392799999995	72.764928	115.168176	0.0	1.0
111	3.0	1960.1088	147.34115999999983	99.871488	98.802504	0.0	1.0
111	0.0	859.9795200000001	1715.14368	129.356928	112.169664	0.0	1.0
111	0.0	692.4057600000001	1770.7788	75.06662399999999	71.362512	0.0	1.0
111	0.0	2851.54944	923.22288	59.372928	133.823664	0.0	1.0
111	0.0	1096.44288	581.9968799999999	95.931264	139.08132	0.0	1.0
111	3.0	1974.85824	146.84349599999996	71.877504	97.37107200000001	0.0	1.0
111	0.0	1656.6835199999998	1927.46304	104.43456	73.919736	0.0	1.0
111	0.0	2427.94368	396.56088	79.839744	80.521776	0.0	1.0
111	0.0	1013.4527999999999	633.66624	98.73600000000002	180.4032	0.0	1.0
111	0.0	2827.4496000000004	696.9002399999999	69.4176	158.33988	0.0	1.0
111	3.0	1776.99456	124.32139200000006	130.9344	112.692384	0.0	1.0
111	0.0	2755.92192	899.79336	43.065599999999996	117.432072	0.0	1.0
111	0.0	1235.98848	499.23216	98.695296	131.15843999999998	0.0	1.0
111	0.0	993.20448	866.9354400000001	69.00095999999999	124.19611199999999	0.0	1.0
111	0.0	2453.90976	280.70712000000003	99.21024	100.633104	0.0	1.0
111	0.0	2745.87264	1604.2687199999998	108.364032	205.986024	0.0	1.0
111	0.0	2980.30464	636.2712	94.508928	191.451816	0.0	1.0
112	0.0	2745.02016	904.41576	58.430592	152.72582400000002	0.0	1.0
112	0.0	692.6592	1770.2733599999997	75.83615999999999	72.86824800000001	0.0	1.0
112	3.0	1955.60064	147.44030400000008	97.452288	104.02624799999998	0.0	1.0
112	3.0	1768.41984	131.99047199999984	129.93984	128.275056	0.0	1.0
112	0.0	1017.69216	632.90592	107.71008	182.198808	0.0	1.0
112	0.0	2420.69376	387.13896	77.99040000000001	83.585736	0.0	1.0
112	3.0	2630.81856	737.8128	91.155072	210.553128	0.0	1.0
112	0.0	2448.8256	277.04592	92.673408	96.751368	0.0	1.0
112	0.0	1228.88448	508.17455999999993	100.52159999999999	122.213232	0.0	1.0
112	0.0	1667.43936	1929.07008	112.660224	73.40911200000001	0.0	1.0
112	0.0	2747.2704000000003	877.9535999999999	53.405952000000006	97.99725599999998	0.0	1.0
112	0.0	994.55232	875.95992	75.18374399999999	128.051064	0.0	1.0
112	0.0	2979.66336	636.0854400000001	94.416768	191.500416	0.0	1.0
113	0.0	2434.4448	272.26368000000014	111.486336	91.452024	0.0	1.0
113	0.0	2741.7100800000003	883.15056	55.727616	140.507136	0.0	1.0
113	0.0	2751.15648	521.36352	66.989568	79.985448	0.0	1.0
113	13.0	2047.41504	1110.70872	235.813632	46.32487199999999	0.0	1.0
113	0.0	2855.09376	874.5991200000001	47.174016	67.322664	0.0	1.0
113	0.0	2417.7408	382.92264	72.206976	87.252768	0.0	1.0
113	0.0	1019.35488	629.58168	111.216384	177.24506399999999	0.0	1.0
113	0.0	2978.21568	636.43104	95.50118400000001	194.10947999999996	0.0	1.0
113	0.0	2824.79616	681.75216	58.31232	146.297232	0.0	1.0
113	0.0	997.152	887.43384	60.575616	127.36116	0.0	1.0
113	0.0	2775.3062400000003	1535.46408	70.584192	106.5528	0.0	1.0
113	0.0	1678.44096	1930.6512	117.14764800000002	70.99034400000001	0.0	1.0
113	0.0	1220.31744	520.11936	98.74137600000002	128.747016	0.0	1.0
113	0.0	985.0176	889.44048	66.16972799999999	123.91164	0.0	1.0
114	0.0	2743.58784	855.6192000000001	50.57894399999999	104.030568	0.0	1.0
114	0.0	2818.848	665.15904	67.347072	123.047208	0.0	1.0
114	13.0	2047.4496	1110.68496	235.944192	46.27152	0.0	1.0
114	0.0	2776.81152	1531.56312	72.607104	99.00576	0.0	1.0
114	3.0	2631.2716800000003	694.67328	67.535616	163.470096	0.0	1.0
114	0.0	2977.81632	637.4376	95.365632	196.00142400000001	0.0	1.0
114	0.0	1075.68	607.56264	102.386304	146.03544	0.0	1.0
114	0.0	1014.05952	627.89688	100.58112	174.034224	0.0	1.0
114	0.0	2427.36384	266.54184	112.019712	92.05164	0.0	1.0
114	0.0	1212.3264	534.93696	95.78304	133.830144	0.0	1.0
114	0.0	1686.19776	1928.30544	118.014336	58.995216	0.0	1.0
114	0.0	985.34016	895.33296	71.494656	125.901864	0.0	1.0
115	0.0	2743.61856	837.5767199999999	42.663552	86.825304	0.0	1.0
115	0.0	2621.82144	653.36976	66.218112	107.676	0.0	1.0
115	0.0	693.2159999999999	1768.37904	77.0304	75.34576799999999	0.0	1.0
115	13.0	2047.14624	1110.67416	236.791296	46.619064	0.0	1.0
115	0.0	1206.2361600000002	543.04776	97.306368	130.115376	0.0	1.0
115	0.0	1700.67072	1933.14816	110.592384	59.743008	0.0	1.0
115	0.0	1072.2816	616.20912	97.935744	142.05974400000002	0.0	1.0
115	0.0	983.4355199999999	905.5476	73.61088	118.631736	0.0	1.0
115	0.0	2781.71904	1517.4108	74.179584	110.052648	0.0	1.0
115	3.0	1924.54272	149.18471999999986	110.702592	104.30402400000001	0.0	1.0
115	0.0	1015.87968	631.80864	103.980672	178.215336	0.0	1.0
115	0.0	975.47904	915.57	56.5536	111.090528	0.0	1.0
115	1.0	1744.74624	131.447448	129.765504	117.28195200000002	0.0	1.0
116	3.0	2064.7104	183.742344	134.634624	84.05942399999999	0.0	1.0
116	0.0	2413.056	258.54552	110.510208	100.895544	0.0	1.0
116	3.0	2816.24832	660.8368800000001	61.864703999999996	131.330592	0.0	1.0
116	3.0	2390.16192	362.08080000000007	74.534784	89.88732000000002	0.0	1.0
116	0.0	2978.7302400000003	638.86536	93.289728	196.263216	0.0	1.0
116	0.0	1709.58336	1936.5933600000003	117.490176	65.457288	0.0	1.0
116	0.0	1017.99168	627.2791200000001	107.407488	167.25117600000002	0.0	1.0
116	3.0	1918.272	149.801832	106.545024	104.93820000000001	0.0	1.0
116	0.0	2735.92704	828.468	50.732544	97.934616	0.0	1.0
116	3.0	2615.5123200000003	691.82424	83.134848	198.637488	0.0	1.0
116	0.0	1199.68512	556.7140800000001	97.194624	130.316256	0.0	1.0
116	3.0	1737.1123200000002	133.425792	126.60172799999998	119.72491199999999	0.0	1.0
116	0.0	978.15936	920.03904	70.831104	125.716104	0.0	1.0
117	0.0	2404.92288	250.33104000000003	109.234176	87.810912	0.0	1.0
117	3.0	1929.14688	146.9543040000001	73.550976	96.768216	0.0	1.0
117	0.0	859.5532800000001	1714.62744	128.67839999999998	111.741552	0.0	1.0
117	13.0	2046.99264	1110.24648	237.35884800000002	46.3752	0.0	1.0
117	3.0	2373.09312	347.51808000000005	93.167616	89.41752000000001	0.0	1.0
117	0.0	1017.94944	630.7567200000001	106.04697599999999	175.65012000000004	0.0	1.0
117	0.0	2978.02368	639.8784	93.77625600000002	195.27372	0.0	1.0
117	0.0	1191.6864	567.65016	92.57856	133.111512	0.0	1.0
117	0.0	1723.63392	1939.7016	117.760896	68.7474	0.0	1.0
117	0.0	2788.67328	1499.96664	71.56108800000001	108.80719199999999	0.0	1.0
117	0.0	2728.96512	821.74824	58.713984	118.132344	0.0	1.0
117	3.0	2807.85792	645.92208	74.863872	144.67571999999998	0.0	1.0
117	3.0	2611.00416	672.2416800000001	80.1984	181.764864	0.0	1.0
117	0.0	969.7651200000001	936.49392	59.34067199999999	116.072784	0.0	1.0
117	3.0	1729.55904	135.6795360000001	128.0448	124.67411999999999	0.0	1.0
118	3.0	2792.16384	1500.5952	71.968512	88.60881599999999	0.0	1.0
118	0.0	859.392	1714.49352	128.969856	111.458592	0.0	1.0
118	3.0	2604.93696	646.39944	83.345664	153.846216	0.0	1.0
118	0.0	1185.3196799999998	582.7161600000001	90.493824	138.85408800000002	0.0	1.0
118	3.0	2822.208	862.23096	76.991616	166.6278	0.0	1.0
118	0.0	1017.1968	624.9981600000001	106.19903999999998	163.14804	0.0	1.0
118	0.0	1735.10016	1938.5568	118.130304	63.56793600000001	0.0	1.0
118	3.0	1609.10208	318.8332800000002	127.638912	189.964872	0.0	1.0
118	0.0	2408.6054400000003	246.64391999999998	94.476672	86.94648	0.0	1.0
118	0.0	2724.99072	823.8952800000001	60.353279999999984	135.790344	0.0	1.0
118	0.0	2976.21504	640.41624	95.214336	194.444712	0.0	1.0
118	0.0	971.6198399999998	944.65872	67.71417600000001	123.723936	0.0	1.0
118	3.0	1720.82304	136.11196799999993	126.066816	125.18712	0.0	1.0
119	0.0	1747.23072	1938.74256	116.44992	59.845824	0.0	1.0
119	3.0	1892.832	160.979832	107.8176	125.95262400000001	0.0	1.0
119	0.0	1607.64672	245.48184000000003	102.04799999999999	50.062752	0.0	1.0
119	0.0	2822.86464	824.53032	79.133184	131.719392	0.0	1.0
119	0.0	1604.5056	272.7259200000001	115.812864	104.77080000000001	0.0	1.0
119	3.0	1586.12352	328.63536	103.74912	174.967776	0.0	1.0
119	0.0	2399.2473600000003	240.52895999999998	90.9888	88.219584	0.0	1.0
119	3.0	2599.93728	640.7661599999999	79.26988800000001	160.45797599999997	0.0	1.0
119	0.0	2792.62848	1483.1856	75.97632	107.176824	0.0	1.0
119	0.0	2720.24832	812.13624	59.911680000000004	135.620352	0.0	1.0
119	0.0	2975.73888	640.5177600000001	96.97843199999998	194.950584	0.0	1.0
119	0.0	1015.77216	632.3076000000001	102.866304	177.607512	0.0	1.0
119	3.0	1711.2576	136.24372800000003	122.249088	124.556184	0.0	1.0
119	0.0	1179.79392	592.07112	86.337024	132.549048	0.0	1.0
119	0.0	970.63296	954.15408	72.12633600000001	128.473344	0.0	1.0
120	1.0	1704.1152	137.01182399999993	123.937536	128.043288	0.0	1.0
120	0.0	2714.90688	812.86416	66.17126400000001	159.622272	0.0	1.0
120	0.0	1042.33728	707.3568	111.447552	222.4368	0.0	1.0
120	0.0	2349.52704	331.2403199999999	95.13561600000001	90.253008	0.0	1.0
120	3.0	2015.81952	111.87633600000004	130.12224	112.529088	0.0	1.0
120	3.0	2789.25312	658.7330399999998	102.223488	142.679664	0.0	1.0
120	3.0	1886.60736	148.8816720000001	109.08441599999999	102.944304	0.0	1.0
120	0.0	2714.51904	789.62688	62.29248	115.24788	0.0	1.0
120	0.0	2798.45376	1475.31888	68.472576	105.38964	0.0	1.0
120	0.0	2820.84096	820.73952	78.81984	135.825336	0.0	1.0
120	0.0	1174.32576	606.40488	89.001216	133.487568	0.0	1.0
120	0.0	966.99648	966.41856	72.046848	131.723712	0.0	1.0
120	0.0	2974.76352	641.4876	97.38585599999999	195.312168	0.0	1.0
120	0.0	1014.70464	632.77416	101.16096	177.872976	0.0	1.0
120	3.0	2592.5452800000003	627.1235999999999	83.20665600000001	159.9534	0.0	1.0
121	0.0	1773.99168	1942.49232	117.295872	61.530840000000005	0.0	1.0
121	0.0	1021.7856	719.79192	87.31584	180.067104	0.0	1.0
121	0.0	2798.89152	1465.40016	70.02816	110.504088	0.0	1.0
121	3.0	1879.46112	149.27673600000003	110.539392	102.719448	0.0	1.0
121	0.0	2818.66752	810.7452	77.290368	133.36272	0.0	1.0
121	0.0	2386.07616	232.5931200000001	91.567488	88.34615999999998	0.0	1.0
121	0.0	2974.85568	642.93264	97.22112	197.228088	0.0	1.0
121	3.0	1576.6464	320.5504800000001	131.4816	193.70123999999998	0.0	1.0
121	0.0	963.19872	977.60088	68.66265600000001	130.670928	0.0	1.0
121	0.0	2713.0828800000004	794.9167199999999	63.034368000000015	141.37502400000002	0.0	1.0
121	0.0	1013.952	631.54728	101.494272	175.797432	0.0	1.0
121	0.0	1167.2064	619.8487200000002	90.42086400000001	145.059336	0.0	1.0
121	3.0	2586.35136	617.90904	84.804096	154.25424	0.0	1.0
121	3.0	1697.25696	136.09209599999997	128.285952	122.8554	0.0	1.0
122	3.0	1160.18688	634.45896	86.186496	144.748296	0.0	1.0
122	1.0	1690.39872	137.213352	127.350144	130.180608	0.0	1.0
122	0.0	2806.37568	845.1756	96.996096	211.675464	0.0	1.0
122	0.0	2706.57792	784.80576	61.373952	146.981952	0.0	1.0
122	0.0	1767.75936	28.926288000000113	59.518848	57.852792	0.0	1.0
122	0.0	1783.61856	1943.5960799999998	118.569216	61.504488	0.0	1.0
122	0.0	1566.46656	277.41959999999995	122.25945599999999	109.71914400000001	0.0	1.0
122	0.0	2373.80736	230.00544000000002	106.76275199999999	91.132992	0.0	1.0
122	3.0	1873.84704	148.9914000000001	106.37337599999998	102.641256	0.0	1.0
122	0.0	1013.13408	629.5147199999999	103.15507200000002	173.31451199999995	0.0	1.0
122	3.0	2786.84928	614.30616	97.0848	183.653784	0.0	1.0
122	0.0	2804.70144	1455.77952	68.47488	108.517968	0.0	1.0
122	0.0	2706.8390400000003	760.5684	59.933952	98.72992799999999	0.0	1.0
122	1.0	2579.1744000000003	609.1524000000001	84.03648000000001	158.66819999999998	0.0	1.0
122	0.0	962.1158400000002	986.57352	69.156864	129.691368	0.0	1.0
123	1.0	1683.06816	139.77597600000013	125.97504000000002	126.592416	0.0	1.0
123	0.0	2329.17888	318.55248000000006	79.98873599999999	96.512688	0.0	1.0
123	0.0	2702.2003200000004	454.2264	97.097472	120.595824	0.0	1.0
123	0.0	2806.10304	1448.12016	69.38956800000001	105.281208	0.0	1.0
123	0.0	1151.45088	649.6610400000001	82.675968	140.43369600000003	0.0	1.0
123	0.0	1768.00896	29.329991999999947	60.07257599999999	58.659984	0.0	1.0
123	0.0	2815.40736	782.99136	72.162048	105.470424	0.0	1.0
123	0.0	1560.4416	278.98127999999986	116.27020800000001	103.3182	0.0	1.0
123	0.0	2364.49536	224.70047999999997	109.78790399999998	92.89296	0.0	1.0
123	3.0	1867.15776	149.1795360000001	110.23296	103.715424	0.0	1.0
123	0.0	2701.64736	777.7684800000001	64.88678399999999	153.893088	0.0	1.0
123	0.0	1014.7968	627.34824	102.62976	167.41684800000002	0.0	1.0
123	0.0	960.31488	997.80552	66.939264	131.853744	0.0	1.0
123	1.0	2573.38752	596.46024	84.381696	159.473448	0.0	1.0
124	0.0	1548.96768	275.73695999999995	109.23264000000002	88.28222399999999	0.0	1.0
124	0.0	2323.74912	309.88008	80.927616	84.536352	0.0	1.0
124	3.0	1857.68064	149.56401600000004	104.94335999999998	103.39164	0.0	1.0
124	0.0	2699.40864	443.40264	92.024448	99.670392	0.0	1.0
124	0.0	1546.176	259.97327999999993	93.793152	58.823928	0.0	1.0
124	0.0	2811.3216	1449.1699199999998	70.103808	86.2164	0.0	1.0
124	0.0	1767.8784	29.303640000000087	59.660928	58.60706400000001	0.0	1.0
124	3.0	2797.06368	855.58464	85.20192	174.06597599999998	0.0	1.0
124	1.0	2568.80256	587.53728	82.486272	157.458168	0.0	1.0
124	0.0	1023.36768	701.59824	93.617664	135.498312	0.0	1.0
124	0.0	2359.77216	222.41520000000003	112.900224	94.02803999999999	0.0	1.0
124	3.0	1674.73536	141.87182400000017	128.440704	135.241488	0.0	1.0
124	0.0	1145.30688	659.83464	83.72352	133.221024	0.0	1.0
124	0.0	2813.53344	769.03776	73.75411199999999	88.961112	0.0	1.0
124	0.0	2699.98464	751.5309599999999	62.13043200000001	128.639232	0.0	1.0
124	0.0	953.80608	1007.56656	66.162048	132.274944	0.0	1.0
124	0.0	1014.8736	627.67656	102.323328	166.97016	0.0	1.0
125	0.0	1530.048	256.69007999999997	81.618816	48.82788	0.0	1.0
125	0.0	2810.56512	761.02632	73.01222399999999	91.018512	0.0	1.0
125	0.0	2774.5497600000003	566.11224	78.889344	98.068752	0.0	1.0
125	0.0	1768.21632	29.116800000000012	58.823808	58.233384	0.0	1.0
125	0.0	2687.83872	734.23584	59.136384	111.32143199999999	0.0	1.0
125	3.0	2558.78016	580.50864	89.54303999999999	150.602328	0.0	1.0
125	0.0	860.20992	1713.1824	129.74016	110.436048	0.0	1.0
125	0.0	1012.32384	712.70928	66.842112	131.35392	0.0	1.0
125	0.0	2703.63648	733.9377599999999	42.700032	105.664824	0.0	1.0
125	0.0	1014.62784	629.2404000000001	100.82726399999999	170.154648	0.0	1.0
125	0.0	1142.48832	667.62792	84.458112	135.52272000000002	0.0	1.0
125	0.0	954.8736	1020.7728	68.06899200000001	130.326408	0.0	1.0
126	0.0	2772.97152	564.4317600000002	71.17516800000001	103.92580799999999	0.0	1.0
126	0.0	2346.7776	207.78444000000002	111.783936	93.794976	0.0	1.0
126	0.0	859.8105599999999	1714.00752	129.581184	110.40019200000002	0.0	1.0
126	0.0	1768.15488	29.014200000000073	59.179776000000004	58.0284	0.0	1.0
126	0.0	2818.59072	1418.8608000000002	66.34713599999999	108.46828799999999	0.0	1.0
126	3.0	2550.52416	572.07816	91.327488	147.384576	0.0	1.0
126	0.0	2686.42176	739.0871999999999	64.912512	145.979928	0.0	1.0
126	0.0	1004.91264	734.00688	60.500352	122.15923200000002	0.0	1.0
126	0.0	952.9152000000001	1031.26176	67.062144	129.002544	0.0	1.0
126	0.0	1135.64544	684.7891199999999	84.097536	138.607632	0.0	1.0
126	0.0	1527.3139199999998	258.1848	102.148608	46.53720000000001	0.0	1.0
126	0.0	2693.59488	729.8856	51.847296	128.555208	0.0	1.0
126	0.0	1014.52032	627.73488	101.79417600000001	167.60844	0.0	1.0
127	0.0	1515.06816	267.03	104.363904	59.78901599999999	0.0	1.0
127	0.0	1131.9321599999998	694.39248	80.258688	138.388824	0.0	1.0
127	0.0	2681.42208	721.95408	63.951744	129.78036	0.0	1.0
127	3.0	1833.84576	183.04682400000002	108.12672	159.548184	0.0	1.0
127	0.0	2821.9622400000003	1409.62896	65.45280000000001	107.521776	0.0	1.0
127	0.0	2339.09376	205.10884800000008	110.788992	90.65649600000002	0.0	1.0
127	0.0	1014.33216	631.7827199999999	100.89868799999999	174.963672	0.0	1.0
127	0.0	951.5750399999998	1041.64488	67.857024	131.011344	0.0	1.0
128	0.0	2760.6912	540.56808	68.87539199999999	105.581448	0.0	1.0
128	0.0	1126.85952	706.3178399999999	81.856512	134.85636	0.0	1.0
128	0.0	997.87776	747.28656	53.526528	128.120832	0.0	1.0
128	0.0	2333.65248	201.38284799999997	111.72672	93.710736	0.0	1.0
128	1.0	1646.75328	153.679032	126.32371199999999	118.409256	0.0	1.0
128	0.0	2822.75328	1400.8464	69.356544	110.28549600000001	0.0	1.0
128	0.0	1014.13248	631.50192	101.985024	173.2374	0.0	1.0
128	0.0	947.8617599999999	1051.5636	64.06156800000001	131.441184	0.0	1.0
129	3.0	1818.87744	154.42207199999996	104.527872	97.217928	0.0	1.0
129	0.0	2668.13184	678.51648	70.757376	90.323208	0.0	1.0
129	0.0	2827.26912	1392.4548	65.071872	106.73316	0.0	1.0
129	0.0	997.5782399999999	749.89368	71.933952	128.709432	0.0	1.0
129	3.0	2789.65632	781.43184	87.988608	165.297456	0.0	1.0
129	0.0	1014.2016	635.1652799999999	103.37395200000002	181.64951999999997	0.0	1.0
129	3.0	1121.77536	719.3232	83.722752	139.438584	0.0	1.0
129	0.0	944.8128	1065.08304	61.154304	130.815	0.0	1.0
130	0.0	2754.04416	530.87832	64.16985600000001	107.593272	0.0	1.0
130	0.0	2801.29152	718.1546400000001	63.893376	82.680048	0.0	1.0
130	0.0	2830.44096	1382.2207199999998	65.494272	102.66696	0.0	1.0
130	0.0	1003.77984	757.4342399999999	88.06041599999999	134.02908	0.0	1.0
130	1.0	1628.25216	155.44828799999993	126.92236799999999	123.50448	0.0	1.0
130	0.0	1115.7311999999997	735.5469599999999	83.090304	141.057504	0.0	1.0
130	0.0	1014.1632	639.32328	101.38176	190.05667200000002	0.0	1.0
130	0.0	947.00544	1076.75352	62.150016	132.711264	0.0	1.0
131	3.0	1000.85376	766.8064800000001	95.07110400000002	134.529336	0.0	1.0
131	1.0	1621.4208	147.34547999999995	126.66816	159.95210400000002	0.0	1.0
131	3.0	2239.58784	284.6232	121.661184	105.681024	0.0	1.0
131	3.0	1111.4879999999998	745.578	82.268544	135.41018400000002	0.0	1.0
131	0.0	2786.22336	736.08264	78.77337600000001	147.126024	0.0	1.0
131	0.0	1471.03872	283.33583999999996	111.16108800000002	61.20100800000001	0.0	1.0
131	3.0	2740.46208	550.7265600000001	98.54937600000001	163.428192	0.0	1.0
131	3.0	2650.49472	701.4859200000001	83.838336	169.93692	0.0	1.0
131	3.0	2781.14304	792.62496	88.22668800000002	185.396472	0.0	1.0
131	0.0	2834.00064	1375.6176	66.135552	108.8586	0.0	1.0
131	0.0	944.23296	1085.7326400000002	59.618688	134.930664	0.0	1.0
131	0.0	1014.53952	640.78776	100.8	192.438504	0.0	1.0
131	3.0	2521.02144	522.8820000000001	87.116544	147.32020799999998	0.0	1.0
132	0.0	2315.16672	176.57956799999988	93.68332800000002	92.376072	0.0	1.0
132	3.0	2781.0854400000003	766.77624	87.21753600000001	219.67632	0.0	1.0
132	0.0	1107.30624	760.82544	83.93856	143.88192	0.0	1.0
132	0.0	994.75968	776.41632	98.12582400000001	139.177008	0.0	1.0
132	0.0	2221.32864	379.02384000000006	62.723328	126.514224	0.0	1.0
132	0.0	1461.25824	296.89848000000006	115.01952	80.467992	0.0	1.0
132	0.0	2834.5497600000003	1365.13944	66.60134400000001	109.24092000000002	0.0	1.0
132	3.0	2511.83232	515.12328	84.00460799999999	148.048128	0.0	1.0
132	0.0	942.8544	1098.32976	57.293184	136.19664	0.0	1.0
132	0.0	1014.74304	639.14832	100.785408	189.90050399999998	0.0	1.0
133	0.0	2777.47968	748.53936	91.322112	203.410008	0.0	1.0
133	3.0	2633.67168	691.01424	92.26060800000002	191.720304	0.0	1.0
133	0.0	2838.20544	1358.0784	71.252352	110.137104	0.0	1.0
133	3.0	1605.9264	151.30929600000002	124.926336	151.948008	0.0	1.0
133	3.0	1793.02656	189.68795999999998	107.497728	162.852768	0.0	1.0
133	3.0	2777.05728	759.70656	92.51328	221.13	0.0	1.0
133	0.0	1101.97248	773.96904	80.76288	143.480592	0.0	1.0
133	0.0	1014.86208	640.1008800000001	100.45824	191.7108	0.0	1.0
133	0.0	942.11712	1111.2357599999998	59.245439999999995	133.463376	0.0	1.0
133	3.0	2505.3312	504.16776000000004	85.917312	148.07361600000002	0.0	1.0
134	0.0	987.4214400000001	798.28848	90.06988799999999	136.78524	0.0	1.0
134	0.0	2841.61152	1346.86368	64.912512	105.859224	0.0	1.0
134	0.0	2650.56	623.22696	50.54937600000001	82.20074399999999	0.0	1.0
134	0.0	1094.54976	785.82744	74.774016	138.03264	0.0	1.0
134	0.0	2783.9232	683.06328	74.967936	87.802272	0.0	1.0
134	0.0	1014.86976	636.34248	102.519168	184.151448	0.0	1.0
134	0.0	940.68864	1123.17408	60.027264	129.652488	0.0	1.0
135	3.0	2485.67424	486.82295999999997	93.802752	145.14012	0.0	1.0
135	1.0	2722.22208	515.14272	99.73632	155.606184	0.0	1.0
135	0.0	2635.2384	627.19488	68.835072	107.793504	0.0	1.0
135	0.0	2845.08288	1339.5888	62.91302400000001	107.837784	0.0	1.0
135	3.0	2774.92224	720.24336	81.278976	163.215	0.0	1.0
135	0.0	1015.15392	632.8044	100.88332800000002	177.96564	0.0	1.0
135	1.0	1592.2944	159.85619999999994	122.51212800000002	121.192416	0.0	1.0
135	0.0	939.79008	1134.1706399999998	59.063424	129.125448	0.0	1.0
135	0.0	1089.35424	796.49568	78.968064	136.623456	0.0	1.0
136	3.0	2477.05728	477.16560000000004	94.64409599999999	143.026776	0.0	1.0
136	0.0	2713.45536	477.5004	86.39999999999999	94.72550399999999	0.0	1.0
136	0.0	1084.24704	811.55304	76.42214399999999	139.688928	0.0	1.0
136	0.0	938.8262400000001	1146.28392	55.919616	128.749824	0.0	1.0
136	0.0	1015.3152	632.17152	100.73664	176.33052	0.0	1.0
137	0.0	2770.51776	691.92792	78.246144	144.690192	0.0	1.0
137	3.0	2768.6592	704.7280800000001	77.82528	163.80576	0.0	1.0
137	0.0	2846.38848	1319.14656	67.826688	107.35696800000001	0.0	1.0
137	0.0	938.10816	1158.0105600000002	54.911616	130.726656	0.0	1.0
137	0.0	1015.4688	633.1046399999999	101.045376	178.66288800000004	0.0	1.0
137	0.0	1080.26496	824.12856	77.172864	141.99235199999998	0.0	1.0
137	1.0	2467.45728	470.10888	99.189888	141.1884	0.0	1.0
138	0.0	2263.79904	147.46147199999996	104.417664	103.30394400000002	0.0	1.0
138	0.0	2773.17504	701.4340800000001	56.653439999999996	139.221936	0.0	1.0
138	0.0	1015.4496	632.22552	100.46592	176.712624	0.0	1.0
138	0.0	2850.2208	1310.80248	69.20947199999999	106.629696	0.0	1.0
138	0.0	1077.25824	835.26984	77.226624	138.071088	0.0	1.0
138	0.0	938.32704	1172.38104	57.952512000000006	127.549512	0.0	1.0
139	0.0	1971.53664	1937.26512	118.749696	68.34952799999999	0.0	1.0
139	0.0	2593.62816	325.7409600000001	82.740864	90.411984	0.0	1.0
139	0.0	968.34048	848.6143199999999	84.621696	138.106512	0.0	1.0
139	3.0	2772.55296	696.2868	58.090752	137.528064	0.0	1.0
139	1.0	2164.34688	248.03063999999995	117.65952	93.401856	0.0	1.0
139	0.0	1070.77248	851.0400000000001	75.684096	137.92463999999998	0.0	1.0
139	0.0	2704.56576	467.79552	89.384064	110.547504	0.0	1.0
139	0.0	1015.872	632.12832	100.92364800000001	176.998176	0.0	1.0
139	0.0	2854.3833600000003	1301.76288	59.033856	106.60248	0.0	1.0
139	0.0	938.96448	1184.84856	58.605696	124.481664	0.0	1.0
140	0.0	2760.46464	672.53976	76.372224	164.354832	0.0	1.0
140	0.0	1984.36224	1939.96728	122.818944	73.17323999999999	0.0	1.0
140	0.0	2585.94432	324.92016	81.73823999999999	84.22336800000001	0.0	1.0
140	0.0	1066.33728	867.5424	77.470464	145.218744	0.0	1.0
140	0.0	1015.82208	631.0742399999999	100.457088	174.296448	0.0	1.0
140	0.0	940.1395199999998	1195.13232	58.094208	125.580672	0.0	1.0
140	0.0	2855.88096	1291.89168	59.2608	109.61784	0.0	1.0
141	3.0	1547.3472	182.80382399999996	123.08928	146.191824	0.0	1.0
141	1.0	2584.17792	584.86536	84.399744	158.648328	0.0	1.0
141	0.0	961.3248	865.3521599999999	92.176128	145.531728	0.0	1.0
141	3.0	2428.46976	462.04991999999993	99.57964799999999	201.775752	0.0	1.0
141	0.0	1015.9065599999999	630.69624	100.463232	173.3454	0.0	1.0
141	0.0	1061.71392	879.2927999999999	72.935808	143.65360800000002	0.0	1.0
141	3.0	2755.7376	670.82472	77.32992	163.90188	0.0	1.0
141	0.0	941.36064	1204.95384	56.385791999999995	131.370984	0.0	1.0
141	0.0	2855.9808	1282.9471199999998	63.879168	108.97524	0.0	1.0
142	0.0	2005.02144	1968.10128	121.86700800000001	139.329072	0.0	1.0
142	3.0	1539.6556799999998	186.8203440000001	118.38528	140.064336	0.0	1.0
142	3.0	2577.792	578.3076	83.28192	148.072968	0.0	1.0
142	3.0	2752.28928	663.75936	75.51091199999999	154.551456	0.0	1.0
142	0.0	1015.87968	630.1864799999998	100.509696	172.59890400000003	0.0	1.0
142	0.0	941.32224	1217.12976	54.686592000000005	127.591848	0.0	1.0
142	0.0	1058.41152	890.9459999999999	72.526848	142.29820800000002	0.0	1.0
142	0.0	2856.79872	1274.70672	63.78816000000001	111.86532	0.0	1.0
143	0.0	2017.62816	1965.77712	120.642048	134.61875999999998	0.0	1.0
143	3.0	2164.50048	192.04063199999996	190.06848	188.667792	0.0	1.0
143	0.0	1015.7107200000002	630.11088	100.212096	172.52114399999996	0.0	1.0
143	3.0	2736.73728	680.20776	92.537088	224.84951999999998	0.0	1.0
143	0.0	2859.9552	1265.47272	61.279488	107.366472	0.0	1.0
143	3.0	1529.94048	191.36627999999996	121.8048	144.39600000000002	0.0	1.0
143	0.0	1057.10592	902.66184	73.532544	142.165584	0.0	1.0
143	0.0	943.3881600000001	1226.61216	57.428352	130.157496	0.0	1.0
144	3.0	1329.82656	396.7984799999999	114.32025600000001	182.88050399999997	0.0	1.0
144	0.0	1015.62624	630.30528	100.19558399999998	171.81957599999998	0.0	1.0
144	3.0	1521.08928	183.95704799999987	127.569024	159.996384	0.0	1.0
144	3.0	1828.03584	101.70057599999996	125.085312	109.422792	0.0	1.0
144	0.0	952.3392	895.78224	91.829376	146.691648	0.0	1.0
144	3.0	2555.95392	575.8322400000001	97.244928	196.316352	0.0	1.0
144	3.0	2733.72288	673.69104	93.51628800000002	224.94456	0.0	1.0
144	0.0	944.0409600000002	1239.23736	57.452544	128.215872	0.0	1.0
144	0.0	1052.67072	916.20288	71.582976	137.7216	0.0	1.0
144	0.0	2860.78848	1256.7333600000002	62.29632000000001	108.3834	0.0	1.0
144	3.0	2413.99296	409.88807999999995	95.594496	148.338	0.0	1.0
145	0.0	2553.49248	544.3632	85.336704	148.26261599999998	0.0	1.0
145	0.0	2214.42816	133.259904	102.730368	84.68495999999999	0.0	1.0
145	0.0	2038.0032	1962.36	118.59379200000001	139.50252	0.0	1.0
145	3.0	1513.21728	192.35707200000002	129.020544	175.27492800000002	0.0	1.0
145	3.0	2111.4048000000003	234.78984000000003	122.68223999999998	119.478672	0.0	1.0
145	3.0	1320.1881600000002	416.17152	112.97856	196.894584	0.0	1.0
145	0.0	2863.33824	1249.2705600000002	64.622208	104.16060000000002	0.0	1.0
145	0.0	946.1452799999998	1247.0176800000002	61.076736	127.183392	0.0	1.0
145	3.0	2729.94432	669.1248	96.875904	217.15991999999997	0.0	1.0
145	0.0	1047.57504	931.42008	64.40256000000001	142.726536	0.0	1.0
145	3.0	2403.45984	402.9393600000001	100.1952	147.97836	0.0	1.0
146	0.0	2048.45952	1928.8152	119.829888	80.14939199999999	0.0	1.0
146	3.0	1507.45344	212.41396800000007	121.82131200000002	210.55874399999996	0.0	1.0
146	3.0	1308.83712	404.3412000000001	113.263488	165.694896	0.0	1.0
146	0.0	1015.4304	628.9164000000001	99.59385600000002	170.55468000000002	0.0	1.0
146	3.0	2104.40832	228.59928000000014	127.249152	120.801456	0.0	1.0
146	0.0	2866.848	1236.31704	59.644031999999996	109.921104	0.0	1.0
146	0.0	2545.61664	534.68856	88.30809600000002	142.49455200000003	0.0	1.0
146	3.0	2724.0768	662.55408	91.98912000000001	207.75852	0.0	1.0
146	0.0	1045.78944	943.66512	67.80288	137.415528	0.0	1.0
146	0.0	948.0268800000001	1259.2584	63.05855999999999	131.14785600000002	0.0	1.0
146	3.0	2397.43872	393.02927999999997	95.020032	144.678312	0.0	1.0
147	3.0	1824.93696	100.65988800000002	88.59417599999999	95.84524799999998	0.0	1.0
147	3.0	2185.44384	154.00411200000008	133.726464	127.672848	0.0	1.0
147	0.0	1015.66464	629.30952	100.068864	170.738496	0.0	1.0
147	0.0	2542.2873600000003	503.84159999999997	75.695616	100.74564	0.0	1.0
147	0.0	2058.86976	1922.39352	117.426816	72.61596	0.0	1.0
147	3.0	2721.0585600000004	657.2231999999999	91.40198400000001	210.679488	0.0	1.0
147	0.0	1042.49856	957.3552	67.05139199999999	139.787856	0.0	1.0
147	0.0	948.0038399999999	1270.39968	61.127808	131.32152	0.0	1.0
148	1.0	2076.9408	213.04965600000003	112.732032	98.978328	0.0	1.0
148	3.0	2370.27456	388.85400000000004	107.255424	130.059	0.0	1.0
148	3.0	2645.56416	420.90840000000003	99.64608	140.30712	0.0	1.0
148	3.0	1813.75104	101.29751999999996	97.208448	104.129712	0.0	1.0
148	3.0	1499.48928	192.27024000000006	119.835264	150.542064	0.0	1.0
148	0.0	1038.8889600000002	970.45992	57.449856	137.813616	0.0	1.0
148	3.0	1289.84448	411.57503999999994	109.31596799999998	152.42666400000002	0.0	1.0
148	3.0	2531.1936	517.1796	85.77254400000001	145.940184	0.0	1.0
148	0.0	2068.73856	1924.88184	115.850112	80.52350399999999	0.0	1.0
148	0.0	2867.72736	1216.75176	67.01184	108.692496	0.0	1.0
148	0.0	949.32864	1280.14992	57.146496	128.219544	0.0	1.0
148	3.0	2717.48352	645.03216	96.748416	218.5596	0.0	1.0
149	0.0	2369.9904	338.38344000000006	74.47104	84.368088	0.0	1.0
149	3.0	1801.07136	100.59379200000001	111.062784	107.75138399999999	0.0	1.0
149	0.0	2715.95904	595.7625600000001	89.84409600000001	132.2352	0.0	1.0
149	0.0	2526.19776	485.1684	79.097088	107.760024	0.0	1.0
149	3.0	2526.8736	504.2736	84.08063999999999	142.36992	0.0	1.0
149	0.0	2083.44192	1921.98528	119.746944	81.029376	0.0	1.0
149	3.0	1492.73472	189.64605600000004	110.992512	124.88536799999999	0.0	1.0
149	0.0	1037.0112	985.5216	60.64704	141.110208	0.0	1.0
149	3.0	2712.51456	641.2176	94.784256	209.343312	0.0	1.0
149	0.0	951.3792000000001	1293.50952	59.008896	130.67611200000002	0.0	1.0
149	0.0	2870.48064	1208.21328	63.695616	108.781488	0.0	1.0
150	1.0	2067.65184	208.12118399999997	133.108224	110.332584	0.0	1.0
150	3.0	2163.41376	141.63962400000014	126.7296	134.550288	0.0	1.0
150	0.0	1034.4307199999998	994.46184	61.390464	135.524016	0.0	1.0
150	3.0	1480.96896	202.80261599999994	118.36032000000002	157.66963199999998	0.0	1.0
150	3.0	2519.24352	494.59896000000003	83.639808	147.527352	0.0	1.0
150	1.0	1788.2304	104.36493599999994	118.75622400000002	106.00156799999999	0.0	1.0
150	0.0	2094.50496	1916.15112	115.337856	73.498104	0.0	1.0
150	0.0	2870.96064	1198.56888	63.731328	106.966656	0.0	1.0
150	0.0	952.25088	1305.5277600000002	58.57536	123.373152	0.0	1.0
150	3.0	2708.51328	630.1864799999998	96.842112	217.83600000000004	0.0	1.0
151	3.0	2155.89504	140.25203999999997	130.65984	140.90112	0.0	1.0
151	3.0	1470.76608	207.8695439999999	123.04665600000001	167.24988	0.0	1.0
151	3.0	2703.92448	622.37592	93.100416	220.4496	0.0	1.0
151	3.0	2707.56096	590.48784	89.553408	161.35524	0.0	1.0
151	0.0	2870.23104	1192.59648	68.5248	101.57421600000002	0.0	1.0
151	0.0	2106.0710400000003	1916.85312	123.79584	82.390176	0.0	1.0
151	0.0	953.08416	1303.45632	59.44512000000001	107.05413599999999	0.0	1.0
152	0.0	2493.24672	473.62968	97.67001599999999	157.34930400000002	0.0	1.0
152	3.0	2631.27552	390.33143999999993	113.296128	144.8118	0.0	1.0
152	0.0	1032.89088	1027.37592	55.928064	143.722728	0.0	1.0
152	3.0	1465.15968	235.83744000000002	123.44870400000002	203.184288	0.0	1.0
152	3.0	2704.2816	585.12888	88.32844800000001	165.079944	0.0	1.0
152	3.0	2336.73984	352.11024	100.264704	148.520088	0.0	1.0
152	3.0	2148.04224	134.57426400000008	135.04319999999998	140.777352	0.0	1.0
152	0.0	2870.7648	1182.58704	70.214784	110.14963200000001	0.0	1.0
152	0.0	2116.7424	1913.89824	120.535296	79.906176	0.0	1.0
152	0.0	956.1408	1326.04128	57.270144	130.178448	0.0	1.0
153	1.0	2486.32704	467.95751999999993	99.419136	154.151856	0.0	1.0
153	3.0	1240.9728	440.9424	99.798912	144.233568	0.0	1.0
153	0.0	1015.7068800000001	629.17128	100.237824	170.594424	0.0	1.0
153	0.0	1031.88864	1051.17696	58.50432	152.787168	0.0	1.0
153	1.0	2018.76864	199.48507200000006	95.582592	98.96882400000001	0.0	1.0
153	0.0	2874.00576	1170.69408	64.864128	109.21759200000001	0.0	1.0
153	3.0	2482.2528	237.23064	115.742208	113.77368	0.0	1.0
153	3.0	2618.52672	389.65752	113.513856	149.055552	0.0	1.0
153	0.0	2127.29088	1911.11832	121.890432	81.873072	0.0	1.0
153	3.0	1461.12384	241.8616800000001	120.43468799999998	218.6244	0.0	1.0
153	3.0	2318.5728	366.1956000000001	115.579776	193.65048000000002	0.0	1.0
153	3.0	2135.136	130.73853600000007	132.377856	142.749864	0.0	1.0
153	0.0	957.32352	1336.32504	58.030464	132.773472	0.0	1.0
153	3.0	2694.88512	604.48896	99.64415999999999	220.33296	0.0	1.0
154	1.0	2127.80928	129.77992800000004	137.805312	145.960272	0.0	1.0
154	3.0	1454.73792	248.80823999999996	118.086528	212.369256	0.0	1.0
154	3.0	2308.75392	347.4316799999999	112.229376	160.82711999999998	0.0	1.0
154	0.0	2874.51264	1161.0756	64.010112	105.056136	0.0	1.0
154	1.0	2018.3424	198.92844000000002	111.53203200000002	101.848536	0.0	1.0
154	1.0	1637.92128	226.41984000000002	102.5184	166.15562400000002	0.0	1.0
154	0.0	1031.54688	1063.5084	59.551103999999995	161.26344	0.0	1.0
154	1.0	2478.03648	457.47936000000004	96.046848	141.457968	0.0	1.0
154	3.0	2689.8048000000003	598.85136	97.549824	218.17728	0.0	1.0
154	0.0	961.1404800000001	1347.82704	62.63731200000001	131.70708	0.0	1.0
155	0.0	2466.91584	449.53487999999993	103.50988799999999	157.41367200000002	0.0	1.0
155	1.0	1634.08128	200.55405600000006	109.11398399999999	107.636256	0.0	1.0
155	0.0	858.432	1713.1413599999998	124.578432	108.052272	0.0	1.0
155	1.0	1744.704	113.38596000000007	131.45395200000002	110.486592	0.0	1.0
155	3.0	1447.7952	224.24472000000003	115.259904	162.92231999999998	0.0	1.0
155	3.0	2686.07232	592.272	92.746368	214.691904	0.0	1.0
155	1.0	2119.41888	129.37384799999995	138.133248	124.439976	0.0	1.0
155	1.0	2010.93888	196.32434399999988	120.377088	99.760896	0.0	1.0
155	0.0	1030.9862400000002	1070.44416	59.04537599999999	144.09597599999998	0.0	1.0
155	0.0	964.42752	1361.06136	59.837951999999994	128.917008	0.0	1.0
156	1.0	1432.17024	246.64391999999998	132.013056	208.75968000000003	0.0	1.0
156	0.0	1031.4278399999998	1113.96816	56.537088	90.747648	0.0	1.0
156	1.0	1624.48512	213.0144479999999	104.537088	129.077064	0.0	1.0
156	0.0	2594.89152	355.34376	100.379904	145.50170400000002	0.0	1.0
156	0.0	1015.76832	629.9488799999999	100.575744	171.80445600000002	0.0	1.0
156	0.0	2683.86432	542.97216	87.068544	123.37077599999999	0.0	1.0
156	3.0	2286.92736	320.1141600000002	110.18726399999998	143.409312	0.0	1.0
156	0.0	858.72768	1712.65104	124.56	108.092232	0.0	1.0
156	3.0	1218.05952	486.76896	97.52985599999998	201.996504	0.0	1.0
156	3.0	2451.45984	473.27328	103.290624	193.139208	0.0	1.0
156	1.0	1735.74528	115.00790400000005	130.621824	116.02332000000001	0.0	1.0
156	1.0	2111.88864	123.0126479999999	135.71097600000002	138.30285600000002	0.0	1.0
156	1.0	2007.2064	194.308848	126.68927999999998	100.157688	0.0	1.0
156	3.0	2682.63552	586.6235999999999	91.28064	212.729112	0.0	1.0
156	0.0	1030.45632	1069.38144	56.107392	116.972856	0.0	1.0
156	0.0	967.0233600000001	1371.33216	63.002880000000005	130.738104	0.0	1.0
157	1.0	1612.5504	231.4548000000001	97.496448	165.386016	0.0	1.0
157	1.0	1981.05984	191.22047999999995	98.499072	100.252944	0.0	1.0
157	3.0	2274.19392	292.2696000000001	107.180544	99.595224	0.0	1.0
157	3.0	1430.9529599999998	226.08504000000005	118.479744	186.615576	0.0	1.0
157	0.0	2881.82016	1134.97632	56.880768	107.483328	0.0	1.0
157	3.0	1209.00096	486.30456000000004	100.23552	193.59864	0.0	1.0
157	3.0	2444.4364800000003	452.26944000000003	107.82451199999998	177.49627199999998	0.0	1.0
157	1.0	2104.65792	119.76292799999999	134.6496	137.901096	0.0	1.0
157	0.0	858.3820800000001	1713.08736	123.777792	108.2592	0.0	1.0
157	0.0	1030.19904	1070.63856	54.14092800000001	90.959544	0.0	1.0
157	3.0	2676.03456	580.1263200000001	94.785024	211.624704	0.0	1.0
157	0.0	969.4732799999999	1382.49288	61.63468799999999	131.828688	0.0	1.0
158	3.0	2884.13184	1129.54824	56.421504	101.92068	0.0	1.0
158	1.0	2602.36416	378.6523199999999	93.138816	134.373168	0.0	1.0
158	1.0	2262.7315200000003	291.7317599999999	110.284416	104.88203999999999	0.0	1.0
158	3.0	1201.12128	476.54135999999994	90.736128	153.773208	0.0	1.0
158	1.0	1980.66048	188.64036	120.72153599999999	103.38408000000001	0.0	1.0
158	1.0	2097.0432	119.7789120000001	133.946496	135.440208	0.0	1.0
158	0.0	1029.69984	1099.10736	57.587711999999996	120.86063999999999	0.0	1.0
158	3.0	2669.47584	572.0004	96.724992	213.82164	0.0	1.0
158	0.0	972.7488	1395.5630399999998	63.382272	131.297328	0.0	1.0
159	3.0	1732.68864	117.46058400000015	98.294016	108.505656	0.0	1.0
159	3.0	1601.79072	215.59716000000003	102.934656	122.34218400000002	0.0	1.0
159	3.0	1413.86112	280.57752000000005	122.020224	193.78872	0.0	1.0
159	0.0	2883.33696	1116.0612	56.70489599999999	106.537032	0.0	1.0
159	1.0	1978.30656	189.182952	127.877376	108.023544	0.0	1.0
159	3.0	2088.0998400000003	117.36057600000004	138.294144	138.262032	0.0	1.0
159	3.0	1194.1094400000002	486.36288	86.66803200000001	151.127856	0.0	1.0
159	0.0	1030.3142400000002	1117.67472	56.671488	124.98192	0.0	1.0
159	0.0	975.52128	1406.59632	63.611136	128.23056	0.0	1.0
159	3.0	2662.6368	559.9540800000001	104.59660799999999	221.25312	0.0	1.0
160	1.0	1967.95392	195.92712000000006	132.33177600000002	120.718296	0.0	1.0
160	3.0	2882.75712	1117.71792	52.288512000000004	87.613704	0.0	1.0
160	0.0	858.1593600000001	1712.7806400000002	123.343104	109.104192	0.0	1.0
160	0.0	1030.84416	1137.81672	57.40224	134.247456	0.0	1.0
160	0.0	2882.56896	1106.21376	56.34432	105.955776	0.0	1.0
160	3.0	1590.048	212.234688	95.98272000000001	107.42328	0.0	1.0
160	0.0	909.95328	1091.7828	45.667968	91.70431200000002	0.0	1.0
160	3.0	2655.0067200000003	555.5735999999999	101.991936	222.49296	0.0	1.0
160	3.0	1187.8118399999998	496.75248	85.839744	161.170128	0.0	1.0
160	3.0	2078.96064	115.02237600000001	138.67084799999998	135.968328	0.0	1.0
160	3.0	1033.7971199999997	1186.11216	58.098816	103.008456	0.0	1.0
160	3.0	1409.85216	283.1284800000001	114.936576	195.464664	0.0	1.0
160	0.0	1030.58304	1112.9205599999998	56.491008	89.948664	0.0	1.0
160	0.0	978.84288	1415.7763200000002	61.577088	129.82723199999998	0.0	1.0
161	0.0	1015.3459199999999	631.12392	100.302336	173.09397599999997	0.0	1.0
161	3.0	2425.3132800000003	203.39359200000013	96.514176	85.16188799999999	0.0	1.0
161	0.0	1766.90688	1624.56192	41.607552000000005	47.03724	0.0	1.0
161	3.0	2664.89856	525.11112	76.828032	156.87539999999998	0.0	1.0
161	3.0	2652.97536	543.72168	96.630528	205.31448	0.0	1.0
161	0.0	2218.27584	1869.74352	109.300224	56.709504	0.0	1.0
161	0.0	909.68832	1099.92384	47.476223999999995	93.830184	0.0	1.0
161	3.0	1406.10432	284.5540799999999	106.00857599999999	185.461056	0.0	1.0
161	0.0	2881.41696	1099.61064	58.79500800000001	102.210552	0.0	1.0
161	1.0	1956.43008	192.412152	129.435648	112.67575200000002	0.0	1.0
161	0.0	858.4896000000001	1712.95776	124.948992	108.347544	0.0	1.0
161	0.0	2412.9792	371.41848000000005	84.968448	79.334208	0.0	1.0
161	3.0	1034.0198400000002	1194.90984	58.048512	107.513568	0.0	1.0
161	3.0	1178.47296	528.86736	82.348032	199.458504	0.0	1.0
161	0.0	1030.64448	1138.51872	55.554048	108.323352	0.0	1.0
161	3.0	2073.12384	112.46709600000008	137.140608	131.154768	0.0	1.0
161	0.0	983.9923199999998	1428.9804	61.92460799999999	126.117432	0.0	1.0
162	3.0	1169.11488	532.5912000000001	84.446208	197.155296	0.0	1.0
162	3.0	1170.83904	482.51376000000005	85.440768	97.33888800000001	0.0	1.0
162	3.0	1037.03808	1217.76264	52.826496000000006	95.72904000000001	0.0	1.0
162	0.0	857.7369600000002	1712.43936	123.34425600000002	108.329616	0.0	1.0
162	0.0	2664.5952	513.59184	64.4832	138.62210399999998	0.0	1.0
162	0.0	2881.19808	1089.31608	59.712768	108.03455999999998	0.0	1.0
162	3.0	1401.12	273.8685599999999	104.45452800000001	155.5902	0.0	1.0
162	3.0	2411.91168	192.263328	100.327296	87.316704	0.0	1.0
162	0.0	2225.2416	1877.67072	117.005952	87.64264800000001	0.0	1.0
162	3.0	2642.75328	551.76768	88.382976	197.95859999999996	0.0	1.0
162	0.0	909.47328	1107.25272	49.944576	100.910448	0.0	1.0
162	0.0	1031.0208	1163.56176	56.7456	129.741264	0.0	1.0
162	3.0	2064.6297600000003	111.07799999999997	137.956608	133.96514399999998	0.0	1.0
162	0.0	986.2847999999999	1437.8515200000002	62.560128	130.154688	0.0	1.0
163	3.0	1937.98272	190.03874399999995	132.216576	119.806776	0.0	1.0
163	0.0	910.52544	1120.92552	48.354816	89.21556	0.0	1.0
163	3.0	2406.14784	187.24024800000007	93.811584	91.771704	0.0	1.0
163	3.0	2627.8348800000003	569.95488	65.634432	150.666912	0.0	1.0
163	3.0	2056.2816000000003	109.59148800000014	136.41792	126.967824	0.0	1.0
163	0.0	2882.30784	1079.86824	61.68153600000001	102.743424	0.0	1.0
163	3.0	2393.54496	379.8770400000001	93.869568	149.89082399999998	0.0	1.0
163	0.0	1031.70816	1183.4640000000002	57.393792	139.664736	0.0	1.0
163	1.0	1684.3315200000002	123.53342400000008	133.257216	123.88874400000002	0.0	1.0
163	0.0	859.0233599999999	1712.72664	125.073024	109.188432	0.0	1.0
163	0.0	2235.19872	1875.92544	116.212608	92.080368	0.0	1.0
163	0.0	1030.4486399999998	1164.07152	54.147456	105.04879200000002	0.0	1.0
163	3.0	1164.15744	501.39432	84.986496	125.779608	0.0	1.0
163	0.0	990.9504	1450.44432	66.270336	127.277784	0.0	1.0
164	0.0	2399.07456	182.5979759999999	84.74687999999999	81.791856	0.0	1.0
164	1.0	1677.51168	108.72273599999994	131.899392	129.776688	0.0	1.0
164	0.0	859.2345600000001	1712.40912	125.570688	108.709344	0.0	1.0
164	0.0	1032.2111999999997	1177.93656	54.756096	105.561576	0.0	1.0
164	0.0	2886.3820800000003	1069.07256	55.58208	108.41148	0.0	1.0
164	3.0	2639.08608	506.00808000000006	89.64249600000001	144.202032	0.0	1.0
164	1.0	2048.11392	105.60585600000002	135.15609600000002	128.00181600000002	0.0	1.0
164	3.0	1157.0265600000002	527.34672	82.767744	153.79416	0.0	1.0
164	0.0	2246.53824	1869.60744	117.76166400000001	89.91647999999998	0.0	1.0
164	0.0	995.18976	1459.44072	63.342335999999996	126.361728	0.0	1.0
165	0.0	1033.06752	1188.4600799999998	55.80288	93.806856	0.0	1.0
165	0.0	1015.58784	629.00712	100.828416	171.389736	0.0	1.0
165	1.0	1918.67904	183.11767199999997	131.04652800000002	106.869024	0.0	1.0
165	3.0	1382.42688	305.01576	98.13312	198.561456	0.0	1.0
165	0.0	859.296	1711.95768	126.49075200000001	108.646704	0.0	1.0
165	0.0	2261.74464	1848.3444	106.831104	64.985544	0.0	1.0
165	0.0	997.37088	1477.00584	67.083264	136.88179200000002	0.0	1.0
166	1.0	2030.95296	103.84675200000004	138.76032	127.75644	0.0	1.0
166	0.0	2361.5769600000003	360.72432000000003	92.12313599999999	129.13667999999998	0.0	1.0
166	0.0	2389.43232	181.96876799999995	84.59174399999999	76.03631999999999	0.0	1.0
166	0.0	1034.24256	1226.73528	54.165504	139.532544	0.0	1.0
166	3.0	2629.48992	490.71528	87.14726399999999	151.447968	0.0	1.0
166	0.0	2361.93024	331.06752000000006	87.528192	71.092944	0.0	1.0
166	0.0	1033.17504	1199.96424	51.696000000000005	88.31397600000001	0.0	1.0
166	0.0	2268.80256	1857.29544	116.268288	95.52492	0.0	1.0
166	0.0	910.01856	1150.7832	46.46592	88.116984	0.0	1.0
166	1.0	1909.91232	189.042552	133.059072	118.61294400000001	0.0	1.0
166	3.0	2177.28768	270.04103999999995	120.98304	128.313288	0.0	1.0
166	0.0	859.2038400000001	1712.22336	125.693184	108.53978400000001	0.0	1.0
166	3.0	1378.78272	309.61871999999994	95.690112	193.74638399999998	0.0	1.0
166	0.0	2884.96896	1051.1532	57.99667199999999	106.01387999999999	0.0	1.0
166	0.0	1002.02112	1480.5396	65.772288	119.11968	0.0	1.0
167	3.0	2168.37504	264.98663999999997	122.1408	122.43916799999998	0.0	1.0
167	0.0	2277.67296	1872.66384	112.471296	138.70029599999998	0.0	1.0
167	0.0	2349.78432	325.6308	88.23935999999999	68.57654400000001	0.0	1.0
167	3.0	1372.70784	315.48312	95.634048	195.886728	0.0	1.0
167	0.0	1015.26144	629.21664	100.25625600000001	171.73944	0.0	1.0
167	3.0	2023.71072	103.47868800000003	136.383744	117.375048	0.0	1.0
167	0.0	1037.05344	1241.5896	56.8512	142.77168	0.0	1.0
167	0.0	859.6608000000001	1712.04192	126.54451199999998	109.090584	0.0	1.0
167	0.0	1005.71136	1485.20736	65.076864	109.48392	0.0	1.0
168	3.0	2159.4624	257.7528	122.56243200000002	122.133312	0.0	1.0
168	0.0	2295.69792	1828.59552	100.28352	63.016488	0.0	1.0
168	3.0	1889.50272	189.14860799999997	131.417088	120.211992	0.0	1.0
168	3.0	1131.26784	585.5976	79.575936	207.000144	0.0	1.0
168	0.0	2519.1552	275.5447200000001	85.721856	82.729512	0.0	1.0
168	0.0	858.6624000000002	1712.02248	125.71852800000002	109.69560000000001	0.0	1.0
168	3.0	2615.81568	511.24608	96.669696	202.57927200000003	0.0	1.0
168	0.0	2342.976	324.50112	94.900992	79.85843999999999	0.0	1.0
168	1.0	2014.80576	109.10505599999988	139.659648	108.95385600000002	0.0	1.0
168	0.0	1015.01568	629.30736	99.85766399999999	172.20103200000003	0.0	1.0
168	3.0	1358.83008	294.92208000000005	109.291008	144.126864	0.0	1.0
168	0.0	1010.94912	1504.28448	68.742528	122.022288	0.0	1.0
169	0.0	2886.37824	1024.27416	58.031232	109.243944	0.0	1.0
169	3.0	1534.87872	219.32640000000004	97.559424	69.27336000000001	0.0	1.0
169	0.0	2327.76192	312.72479999999996	83.027328	69.86973599999999	0.0	1.0
169	0.0	858.77376	1711.9296000000002	127.023744	109.976184	0.0	1.0
169	0.0	1014.58176	629.4672	99.3792	171.686304	0.0	1.0
169	0.0	1041.78048	1270.12752	59.195136	142.69370400000005	0.0	1.0
169	0.0	2514.48192	270.3261600000001	80.669568	81.77025599999999	0.0	1.0
169	0.0	1015.9219199999999	1514.2852799999998	67.870464	122.14044	0.0	1.0
170	0.0	858.99648	1711.6488	126.580992	109.188	0.0	1.0
170	3.0	1998.19008	97.47518400000001	139.252992	123.740568	0.0	1.0
170	0.0	2313.51168	1824.24528	107.088768	74.99995200000001	0.0	1.0
170	3.0	1118.96832	602.0611200000001	80.37235199999999	211.09140000000002	0.0	1.0
170	1.0	1872.10368	186.7397759999999	133.22764800000002	116.95514400000002	0.0	1.0
170	3.0	1350.28992	304.10208	95.813376	152.75304	0.0	1.0
170	0.0	2316.44544	314.99496	92.54208	85.234464	0.0	1.0
170	0.0	1014.88512	628.8732	99.37728	170.34516	0.0	1.0
170	0.0	1044.11904	1284.20424	58.382976	144.010008	0.0	1.0
170	1.0	2136.49536	248.34168	126.81024	125.460792	0.0	1.0
170	0.0	1021.1558399999999	1524.96216	68.227968	125.51068799999999	0.0	1.0
170	0.0	2510.97984	265.0687200000001	72.83481599999999	81.4806	0.0	1.0
171	1.0	1991.35104	98.45841599999994	142.749696	127.504368	0.0	1.0
171	1.0	1861.78176	185.87145599999997	134.542848	116.4024	0.0	1.0
171	3.0	2341.02528	154.37541599999986	105.49017599999999	79.840296	0.0	1.0
171	0.0	1049.8176	1313.1935999999998	59.25657600000001	149.6934	0.0	1.0
171	0.0	2304.81408	304.83216000000004	82.921728	72.34056	0.0	1.0
171	3.0	1521.98016	255.56903999999997	100.779648	123.259968	0.0	1.0
171	0.0	1114.06848	614.8116	76.217472	202.7106	0.0	1.0
171	3.0	1635.4752	139.11566400000004	110.27404799999998	114.438312	0.0	1.0
171	0.0	857.9980799999998	1712.41992	125.68396799999998	108.35964	0.0	1.0
171	0.0	1015.0272	628.7803200000001	100.233216	169.261704	0.0	1.0
171	3.0	2601.5308800000003	487.3392	117.540864	214.90056	0.0	1.0
171	3.0	1347.2448000000002	312.72263999999996	97.084032	157.885848	0.0	1.0
171	0.0	1026.05952	1532.25216	66.235392	115.358688	0.0	1.0
171	1.0	2124.8448	244.03032000000007	123.14073600000002	122.75798399999998	0.0	1.0
172	1.0	1983.0912	95.50461600000006	137.56108799999998	124.814304	0.0	1.0
172	0.0	2885.10336	996.894	60.617088	109.188648	0.0	1.0
172	0.0	859.16544	1712.1563999999998	127.928832	108.682344	0.0	1.0
172	3.0	1341.33888	295.55280000000005	91.36089600000001	107.18200799999998	0.0	1.0
172	0.0	1015.5417599999998	628.85592	101.566464	172.001664	0.0	1.0
172	3.0	1328.7744	320.09904000000006	118.40255999999998	157.731624	0.0	1.0
172	3.0	1853.80608	186.63264000000004	135.359232	119.53872	0.0	1.0
172	3.0	2603.6736	480.62375999999995	135.64531200000002	210.842568	0.0	1.0
172	3.0	2337.95712	151.45466399999998	107.22124799999999	79.484328	0.0	1.0
172	3.0	1515.19872	261.0468000000001	99.462144	131.726736	0.0	1.0
172	3.0	1621.87008	139.3426800000001	120.17664	110.299536	0.0	1.0
172	0.0	1028.87808	1538.0388	65.32684800000001	104.692392	0.0	1.0
172	1.0	2114.17344	241.1618400000001	127.825152	119.58408	0.0	1.0
173	3.0	1843.05792	185.69952	134.830848	115.146792	0.0	1.0
173	3.0	2278.75968	346.6260000000001	111.3888	180.685728	0.0	1.0
173	0.0	859.53792	1712.05056	128.941824	110.46823200000001	0.0	1.0
173	0.0	913.9468799999999	1190.00016	61.534464	149.06808	0.0	1.0
173	0.0	1768.8768	29.282040000000052	56.884224	58.56408	0.0	1.0
173	3.0	1325.30688	323.8336800000001	112.718592	153.28872	0.0	1.0
173	0.0	1017.64992	629.8214399999999	106.109952	172.77624	0.0	1.0
173	3.0	1508.56704	266.88311999999996	93.40416	140.036256	0.0	1.0
173	0.0	1102.58304	634.08528	73.502208	208.024632	0.0	1.0
173	0.0	1033.73952	1548.93168	68.20185599999999	103.852368	0.0	1.0
173	3.0	2597.67936	475.4484	143.635968	213.141456	0.0	1.0
173	0.0	1053.8688	1328.81472	62.948736000000004	143.960544	0.0	1.0
173	3.0	1615.15776	137.80022399999996	117.95212799999999	103.052088	0.0	1.0
173	1.0	1974.0096	95.51757600000008	141.38380800000002	122.7042	0.0	1.0
173	0.0	2966.39232	639.77904	99.020928	197.542368	0.0	1.0
173	1.0	2103.1296	238.7772	124.70592	122.48236800000001	0.0	1.0
174	0.0	1059.08352	1341.8028	67.116672	148.58748	0.0	1.0
174	3.0	2478.30144	232.41167999999993	111.226368	105.565464	0.0	1.0
174	0.0	860.0102400000001	1712.26224	129.62496000000002	110.307528	0.0	1.0
174	0.0	1768.80768	29.508192000000008	57.59616	59.016384	0.0	1.0
174	0.0	1015.18848	630.1022399999999	101.334528	174.538584	0.0	1.0
174	3.0	1832.53632	188.87860799999999	133.732992	122.29444800000002	0.0	1.0
174	3.0	1603.84896	143.47476000000006	122.674176	106.939872	0.0	1.0
174	3.0	2570.38848	469.2146399999999	104.70912000000001	211.832064	0.0	1.0
174	0.0	1033.54368	1604.05056	76.098432	190.647648	0.0	1.0
174	3.0	1501.00224	263.21759999999983	89.025024	129.397392	0.0	1.0
174	0.0	1097.0265599999998	640.34928	72.11904	202.114224	0.0	1.0
174	3.0	1319.3587200000002	332.01792	112.72511999999999	161.85052800000005	0.0	1.0
174	3.0	1966.80192	93.58005600000001	140.622336	121.886424	0.0	1.0
174	3.0	2092.56192	234.95399999999995	128.766336	120.726504	0.0	1.0
174	0.0	2966.17344	639.2131199999999	98.40537600000002	194.89572000000004	0.0	1.0
175	0.0	1036.1932800000002	1610.23464	81.37152	186.30972	0.0	1.0
175	0.0	2472.1152	228.92111999999997	102.93004799999999	100.33588799999998	0.0	1.0
175	3.0	1492.63104	270.5443200000001	90.685824	128.465568	0.0	1.0
175	3.0	1314.1785599999998	339.6816000000001	105.33657600000001	164.592864	0.0	1.0
175	0.0	1014.92736	629.9683200000001	100.61568	173.15704799999995	0.0	1.0
175	0.0	859.008	1712.4696	127.368192	108.923616	0.0	1.0
175	0.0	1063.4265600000003	1353.79512	66.344448	127.06869599999999	0.0	1.0
175	0.0	1769.55264	29.40192000000002	56.951808	58.804056	0.0	1.0
175	1.0	1958.2848	93.43922399999997	137.061888	118.65528	0.0	1.0
175	1.0	1595.07456	153.48830399999997	124.681728	121.392	0.0	1.0
175	0.0	2305.66656	135.17841599999997	95.250048	81.757728	0.0	1.0
175	3.0	2563.1808	463.644	110.913408	211.936392	0.0	1.0
175	1.0	1824.75648	188.199072	135.4176	120.18369599999998	0.0	1.0
175	0.0	2965.54752	639.0403200000001	98.059008	194.492448	0.0	1.0
175	1.0	2080.52736	231.1092	128.696832	116.643672	0.0	1.0
176	1.0	1588.2432	147.707496	122.21184	104.544864	0.0	1.0
176	0.0	1768.83456	29.572775999999976	58.453247999999995	59.145552	0.0	1.0
176	0.0	2385.59616	1772.58456	74.938752	65.374128	0.0	1.0
176	3.0	2560.38528	423.16992000000005	102.832128	140.83912800000002	0.0	1.0
176	0.0	1049.51808	1591.38216	80.270208	123.038784	0.0	1.0
176	0.0	2471.48544	226.98360000000002	113.449344	92.89512	0.0	1.0
176	0.0	859.5724799999998	1712.58192	128.637312	109.28109599999999	0.0	1.0
176	3.0	1310.03904	338.73767999999995	97.022208	146.849976	0.0	1.0
176	0.0	1059.72096	1353.09096	53.839488	101.051496	0.0	1.0
176	0.0	1073.5296	1409.19264	58.632576	101.14891199999998	0.0	1.0
176	0.0	1014.40512	630.3031199999999	99.926784	174.646584	0.0	1.0
176	1.0	2069.78688	232.54776000000015	128.272128	107.7084	0.0	1.0
176	3.0	1485.87648	272.27232000000004	88.071168	127.58731199999998	0.0	1.0
176	1.0	1813.89312	191.4626159999999	131.435904	116.56548000000001	0.0	1.0
176	1.0	1948.61568	90.24264000000005	142.224768	124.61904	0.0	1.0
176	0.0	2965.63968	638.8977599999998	97.188864	193.97210400000003	0.0	1.0
177	3.0	1807.23456	191.37686400000007	135.482112	120.92846399999999	0.0	1.0
177	1.0	1942.30272	91.08417599999996	140.565504	126.657	0.0	1.0
177	3.0	2289.38112	125.1611999999999	100.029696	83.869992	0.0	1.0
177	0.0	2388.30336	1767.8628000000003	81.780864	67.47904799999999	0.0	1.0
177	0.0	1054.17984	1594.99152	67.575552	109.943784	0.0	1.0
177	0.0	2880.70656	952.01352	62.51174400000001	111.321864	0.0	1.0
177	0.0	2460.10368	224.63783999999987	85.630464	87.464664	0.0	1.0
177	0.0	1062.3936	1358.262	49.455744	94.93696799999998	0.0	1.0
177	0.0	857.2761599999999	1712.80008	124.23436799999999	109.13788799999999	0.0	1.0
177	0.0	1019.0208	629.10864	109.77024	170.476056	0.0	1.0
177	3.0	2560.224	416.91671999999994	90.170112	134.828712	0.0	1.0
177	3.0	1589.56416	152.72128799999996	105.60115199999998	109.063584	0.0	1.0
177	3.0	1306.53696	326.2464	93.768192	112.30963200000001	0.0	1.0
177	0.0	2965.90848	639.19368	97.64352	194.586192	0.0	1.0
177	0.0	1046.44608	1587.29976	54.86208	96.309864	0.0	1.0
177	3.0	1482.05952	280.11312	89.68896000000001	137.537136	0.0	1.0
177	1.0	2056.75392	225.15840000000003	127.897728	115.586352	0.0	1.0
178	3.0	2559.50976	421.19136000000003	81.152256	117.841392	0.0	1.0
178	3.0	2553.6268800000003	406.6308	90.849024	148.311	0.0	1.0
178	3.0	1302.86976	327.1298400000002	91.31174399999999	106.51197599999999	0.0	1.0
178	3.0	2280.70656	122.03114400000004	104.011776	78.719256	0.0	1.0
178	3.0	1475.00544	285.08112000000006	86.852352	136.040256	0.0	1.0
178	0.0	2449.07136	221.42376000000002	94.222464	84.754296	0.0	1.0
178	0.0	1062.7161600000002	1606.02912	70.33843200000001	114.021648	0.0	1.0
178	0.0	1018.11072	629.586	108.983808	173.75083199999997	0.0	1.0
178	1.0	1796.2944	190.43769600000007	135.669504	118.636272	0.0	1.0
178	1.0	1932.12672	91.12197600000013	139.905024	113.619672	0.0	1.0
179	3.0	2269.72032	116.09848799999997	105.33888	75.060216	0.0	1.0
179	3.0	1298.92224	339.00983999999994	90.39552	119.157048	0.0	1.0
179	0.0	1071.0336000000002	1399.77936	49.95456	122.057712	0.0	1.0
179	0.0	1068.97536	1619.03232	71.622528	120.423024	0.0	1.0
179	3.0	2547.72096	403.57872	93.430272	147.5064	0.0	1.0
179	0.0	2438.58048	216.31967999999995	95.065344	84.062232	0.0	1.0
179	0.0	1016.19072	630.5796	104.178816	174.670992	0.0	1.0
179	1.0	1787.85792	192.84674399999994	131.78764800000002	121.30992	0.0	1.0
179	1.0	1924.3353600000005	97.12958400000002	142.502016	99.851832	0.0	1.0
179	1.0	2033.37216	220.68288000000018	126.170112	113.19048000000001	0.0	1.0
180	0.0	859.10016	1712.47824	127.855104	109.92693599999998	0.0	1.0
180	3.0	1560.09216	206.7878159999999	124.760064	192.566592	0.0	1.0
180	1.0	1917.44256	95.58647999999994	139.251072	105.920568	0.0	1.0
180	0.0	1076.27904	1638.34704	72.752256	130.297032	0.0	1.0
180	0.0	1092.73344	1457.6997600000002	71.411328	105.06542400000001	0.0	1.0
180	1.0	2023.16928	219.2227200000001	130.889472	114.168744	0.0	1.0
180	0.0	1072.68864	1399.3776	47.565312	89.783208	0.0	1.0
180	0.0	1014.90048	631.56024	102.64934400000001	175.05504000000002	0.0	1.0
181	0.0	858.70848	1712.60784	126.98112	108.84369599999998	0.0	1.0
181	0.0	1071.98592	1629.20376	57.632256	92.826	0.0	1.0
181	1.0	2014.30272	217.51415999999983	122.28710400000001	111.833136	0.0	1.0
181	1.0	1908.69888	92.49357599999985	135.72672	118.783584	0.0	1.0
181	1.0	1770.51648	195.19725599999992	130.873728	118.76414400000002	0.0	1.0
181	0.0	1019.32416	631.1304	110.73407999999999	175.440816	0.0	1.0
182	0.0	1074.8543999999997	1635.5001599999998	50.482176	89.12613600000002	0.0	1.0
182	0.0	1100.9472	1459.53144	78.919296	152.354736	0.0	1.0
182	1.0	1760.37888	198.85737599999993	130.80691199999998	117.49644	0.0	1.0
182	1.0	1901.36448	98.42256000000009	139.964544	101.446344	0.0	1.0
182	0.0	1014.35136	630.9165599999999	100.209408	172.74967200000003	0.0	1.0
183	1.0	1894.66752	92.070648	141.861504	113.341248	0.0	1.0
183	0.0	2441.66784	1722.96288	90.347136	72.434736	0.0	1.0
183	0.0	2434.41024	1764.21672	103.497984	150.22346399999998	0.0	1.0
183	1.0	1748.62464	198.729288	125.718912	116.163504	0.0	1.0
183	1.0	2170.83648	274.21632	116.77171199999998	120.45801600000001	0.0	1.0
183	3.0	2521.76256	382.90968	94.992	138.65990399999998	0.0	1.0
183	3.0	1271.42016	366.92352000000005	89.49888	152.91827999999998	0.0	1.0
183	1.0	1989.33888	214.2002880000001	125.582592	110.876904	0.0	1.0
183	0.0	2874.9811200000004	895.3480800000001	65.895168	99.727848	0.0	1.0
183	0.0	1013.64864	631.74168	100.051584	175.71988799999997	0.0	1.0
183	0.0	1106.90304	1470.66624	79.362432	153.673416	0.0	1.0
183	0.0	1095.75936	1668.57192	77.94624	135.120744	0.0	1.0
184	0.0	1112.8473600000002	1488.09528	80.887296	153.919872	0.0	1.0
184	3.0	1265.9904	376.28495999999996	87.67027199999998	132.638904	0.0	1.0
184	0.0	1013.6678400000001	629.7782399999999	99.82732800000001	170.927712	0.0	1.0
184	0.0	2872.61952	889.53336	65.13792	106.44825599999999	0.0	1.0
184	1.0	1739.8272	203.12315999999998	127.558272	118.571472	0.0	1.0
184	0.0	1103.1744	1677.4711200000002	79.882368	129.514896	0.0	1.0
184	1.0	1886.9952	94.26131999999996	139.377024	109.400112	0.0	1.0
184	1.0	1977.7152	212.26903199999992	129.583872	106.608312	0.0	1.0
185	3.0	1523.45088	204.035976	123.74784	199.86912	0.0	1.0
185	0.0	2459.16672	1710.1627199999998	86.56512000000001	73.582128	0.0	1.0
185	3.0	1033.8432	736.45632	83.992704	201.15043199999997	0.0	1.0
185	1.0	1729.71648	204.360408	122.14732800000002	119.779776	0.0	1.0
185	0.0	1116.9408	1493.5536	82.033536	148.25505600000002	0.0	1.0
185	0.0	856.8921599999999	1712.8152	123.44870400000002	109.108944	0.0	1.0
185	3.0	1261.4976	390.67056	89.812608	154.295712	0.0	1.0
185	0.0	1014.4896	631.19736	102.07296000000001	172.908648	0.0	1.0
185	0.0	1108.75008	1688.60808	77.56608	124.890336	0.0	1.0
185	1.0	1880.67456	93.39364799999998	140.716416	111.706776	0.0	1.0
185	1.0	1966.06848	211.28385600000001	130.907904	106.30764	0.0	1.0
186	0.0	1123.68	1505.52	77.657472	143.546256	0.0	1.0
186	0.0	1108.54272	1694.96064	63.752448	118.40990400000001	0.0	1.0
186	0.0	857.8444800000002	1712.16072	125.135232	110.06496	0.0	1.0
186	3.0	1255.16544	376.0905600000001	90.647424	118.209672	0.0	1.0
186	0.0	2871.70176	872.046	67.506432	113.41706400000001	0.0	1.0
186	1.0	1724.9049599999998	207.0930239999999	130.028928	120.76149599999998	0.0	1.0
186	0.0	1013.73696	634.0248	101.480064	178.115544	0.0	1.0
186	1.0	1872.29952	91.79697599999997	140.352384	111.03415199999999	0.0	1.0
186	1.0	1954.60608	210.66415200000006	127.92192	110.525688	0.0	1.0
187	0.0	938.81088	1349.68896	64.475136	90.55303200000002	0.0	1.0
187	1.0	1865.00736	95.69534399999998	138.295296	112.36644	0.0	1.0
187	3.0	1509.57696	182.67919200000006	118.724352	155.882448	0.0	1.0
187	3.0	1249.80864	392.41584	89.174016	140.47127999999998	0.0	1.0
187	0.0	858.34752	1712.5992	126.781824	109.54396799999999	0.0	1.0
187	1.0	1022.6879999999999	763.92288	88.42636800000001	214.109568	0.0	1.0
187	0.0	1122.4704000000002	1706.33952	79.125504	124.822944	0.0	1.0
187	1.0	1716.11904	208.19116799999995	126.872448	120.504672	0.0	1.0
187	0.0	1126.41408	1511.6090399999998	76.258944	124.33824	0.0	1.0
187	0.0	1013.856	639.47448	101.229312	189.10908	0.0	1.0
187	1.0	1943.68896	210.04704000000004	126.54873600000002	109.63641599999998	0.0	1.0
188	3.0	2115.95136	276.09984	118.693248	176.84438399999996	0.0	1.0
188	0.0	1121.67936	1504.25424	50.997504	87.200064	0.0	1.0
188	0.0	1142.6112	1555.77024	80.724096	98.54892	0.0	1.0
188	1.0	2171.07456	107.06407200000001	108.883968	100.880424	0.0	1.0
188	1.0	1861.54752	120.28240800000003	133.04448	118.455696	0.0	1.0
188	0.0	1138.92864	1531.94976	87.962112	141.731856	0.0	1.0
188	3.0	1411.6799999999998	327.82536000000005	100.53158399999998	142.353072	0.0	1.0
188	0.0	855.21792	1712.88432	120.083328	108.081216	0.0	1.0
188	0.0	2488.6464	1683.23832	76.864512	73.28469600000001	0.0	1.0
188	0.0	1122.42816	1705.16664	65.81606400000001	103.35643199999998	0.0	1.0
188	0.0	1013.97888	638.658	101.642112	187.88975999999997	0.0	1.0
188	1.0	1706.3923200000002	210.23560800000007	124.58188799999999	124.152912	0.0	1.0
188	1.0	1931.23968	207.80042400000013	130.74124799999998	103.769208	0.0	1.0
189	1.0	1850.12736	93.65068799999995	138.544512	118.104696	0.0	1.0
189	0.0	858.336	1712.32056	126.33408	108.927288	0.0	1.0
189	3.0	2476.608	318.13128000000006	92.33779199999998	86.629824	0.0	1.0
189	3.0	1403.27808	344.91959999999995	97.573632	162.370872	0.0	1.0
189	0.0	1146.34368	1543.85568	88.45747200000001	140.913648	0.0	1.0
189	0.0	1014.3705599999998	637.85448	101.58528	186.955128	0.0	1.0
189	1.0	2103.50592	243.39311999999995	116.107776	116.12052	0.0	1.0
189	3.0	1240.98816	417.47399999999993	88.291968	149.07240000000002	0.0	1.0
189	1.0	1921.94304	208.47909600000003	124.555776	105.55509600000002	0.0	1.0
189	3.0	1696.9267200000002	214.97205600000007	129.526272	125.57872799999998	0.0	1.0
189	0.0	2493.78432	1677.80376	85.255296	78.405408	0.0	1.0
189	3.0	1498.57536	191.10621600000002	116.835456	135.22032000000002	0.0	1.0
190	0.0	2866.79808	831.34944	66.820224	104.69088	0.0	1.0
190	0.0	1133.3184	1720.2132	61.130112	98.986752	0.0	1.0
190	3.0	2089.47072	278.63783999999987	113.74579199999998	184.897728	0.0	1.0
190	0.0	1014.528	635.90184	101.616	183.021984	0.0	1.0
190	0.0	2502.15168	1666.93464	86.06169599999998	79.75972800000001	0.0	1.0
190	3.0	1688.60928	254.18016	130.581888	205.451208	0.0	1.0
190	3.0	1398.4128	348.8291999999999	96.61209599999998	155.92932000000002	0.0	1.0
190	0.0	858.75072	1712.86056	126.71423999999999	109.87509599999998	0.0	1.0
190	1.0	1843.71072	94.74731999999995	138.51648	120.64571999999998	0.0	1.0
190	3.0	1492.3392	223.29647999999997	113.151744	203.268312	0.0	1.0
190	3.0	1234.80192	406.40832	86.530944	115.429104	0.0	1.0
190	1.0	1911.4752	208.43114400000002	125.21856	107.063424	0.0	1.0
190	0.0	1153.98528	1556.29296	93.49056	139.944672	0.0	1.0
191	0.0	1014.5856	749.38824	63.84576	112.316112	0.0	1.0
191	3.0	2079.23328	243.13392	115.363584	124.67433599999998	0.0	1.0
191	0.0	858.17472	1712.70936	126.079488	110.554632	0.0	1.0
191	0.0	2458.89792	283.32719999999995	86.123904	107.68744799999999	0.0	1.0
191	3.0	1391.49312	351.82511999999997	95.110656	157.987152	0.0	1.0
191	0.0	2503.43424	1695.55464	95.27769599999999	147.62044799999998	0.0	1.0
191	1.0	1911.19488	209.73319199999992	104.66457599999998	100.840032	0.0	1.0
191	0.0	1014.55872	636.16752	101.88172800000001	183.244464	0.0	1.0
191	3.0	1227.7286399999998	411.91200000000003	85.727232	106.98048	0.0	1.0
191	1.0	1836.1152	100.35878400000001	138.930816	110.6352	0.0	1.0
191	1.0	1680.2304	217.99368000000004	127.671552	124.989912	0.0	1.0
191	0.0	2865.93024	826.5348	66.01535999999999	109.280016	0.0	1.0
191	0.0	1161.10464	1567.70208	93.57696	136.423872	0.0	1.0
192	3.0	2144.55936	106.52839199999994	121.022208	117.456048	0.0	1.0
192	0.0	857.9750399999998	1712.7936	125.19552	109.116288	0.0	1.0
192	0.0	2338.3488	157.85409600000003	109.06944	84.612168	0.0	1.0
192	3.0	1476.5184000000002	195.48043199999995	114.314496	115.48504799999999	0.0	1.0
192	0.0	1386.98112	331.5168	88.72896	106.681104	0.0	1.0
192	0.0	2512.14336	1690.3317599999998	96.479616	150.487416	0.0	1.0
192	1.0	1829.79072	103.19615999999996	139.40275200000002	101.33424	0.0	1.0
192	1.0	1898.63424	207.626976	106.424448	100.919952	0.0	1.0
192	0.0	1014.7123199999999	635.5108799999999	101.654016	181.552104	0.0	1.0
192	0.0	1169.55264	1577.91672	94.106496	132.64862399999998	0.0	1.0
192	0.0	2457.53472	285.75936	96.67776	117.50529600000002	0.0	1.0
192	1.0	1672.61568	222.91200000000003	127.284096	127.81411200000001	0.0	1.0
192	0.0	2865.1008	818.96184	64.962048	107.877312	0.0	1.0
193	3.0	1822.57152	105.35788799999989	136.593024	104.190192	0.0	1.0
193	3.0	1379.0016	348.33456	96.319872	129.801312	0.0	1.0
193	3.0	2056.85376	233.0791200000001	116.954496	115.08156	0.0	1.0
193	3.0	1215.552	490.52736000000004	71.79225600000001	143.817336	0.0	1.0
193	0.0	2525.6448	1653.55344	86.340096	88.35415199999998	0.0	1.0
193	0.0	858.57024	1712.3508	126.093696	108.687096	0.0	1.0
193	0.0	2521.22112	1670.9349599999998	95.871744	123.017616	0.0	1.0
193	0.0	1014.7852799999998	638.59752	101.783808	187.808328	0.0	1.0
193	1.0	1884.98688	210.82550400000002	115.554048	98.132688	0.0	1.0
193	0.0	2861.9328	806.71464	67.04102400000001	102.73392	0.0	1.0
193	1.0	1662.9888	223.74576000000002	127.554048	128.132712	0.0	1.0
193	0.0	2449.1097600000003	285.01847999999995	102.706176	112.61808	0.0	1.0
193	0.0	1177.2979200000002	1590.4231200000002	93.53241600000001	133.70076	0.0	1.0
194	1.0	2043.6672	225.09791999999993	112.380672	117.328608	0.0	1.0
194	3.0	1465.2211200000002	245.34360000000004	114.25536	212.159736	0.0	1.0
194	3.0	1376.4979199999998	338.3639999999999	84.062592	100.266768	0.0	1.0
194	0.0	2438.62272	284.99904000000004	90.071808	84.936816	0.0	1.0
194	0.0	1175.54304	1790.88624	86.675712	156.57084	0.0	1.0
194	3.0	1209.6499199999998	501.59087999999997	69.61804799999999	134.721576	0.0	1.0
194	0.0	1211.32032	449.6731199999999	86.581248	144.588024	0.0	1.0
194	0.0	1014.8736	633.096	101.15174399999998	177.60772799999998	0.0	1.0
194	1.0	998.5152	791.93376	61.580928	99.395424	0.0	1.0
194	1.0	1815.12192	98.53099199999997	137.190528	118.008576	0.0	1.0
194	1.0	2127.48288	108.57196799999997	125.878272	104.57100000000001	0.0	1.0
194	0.0	2859.69408	798.174	66.87436799999999	107.403408	0.0	1.0
194	0.0	1186.44864	1603.97712	98.413056	134.6004	0.0	1.0
194	1.0	1873.6128	213.47452799999996	109.97184000000001	98.224056	0.0	1.0
194	1.0	1654.49088	228.85847999999987	126.339072	127.071072	0.0	1.0
195	0.0	1184.31744	1788.25968	92.148096	136.11110399999998	0.0	1.0
195	0.0	2436.1958400000003	283.24728000000005	91.81132799999999	83.751408	0.0	1.0
195	3.0	2032.70016	229.42224	117.382272	111.008232	0.0	1.0
195	0.0	858.51648	1711.68984	126.43353600000002	108.44452799999999	0.0	1.0
195	3.0	1457.21088	251.31168000000002	113.83948799999999	206.713512	0.0	1.0
195	0.0	2548.0512	1621.49904	70.985472	77.54508	0.0	1.0
195	0.0	1207.0617599999998	438.048	83.11603199999999	107.413344	0.0	1.0
195	3.0	1806.56256	100.26914399999998	136.028928	115.590456	0.0	1.0
195	3.0	2124.3648000000003	99.52761599999985	141.164544	112.482216	0.0	1.0
195	0.0	1015.06944	633.37032	100.724352	178.052688	0.0	1.0
195	0.0	994.70592	797.0853599999999	60.973056	92.389248	0.0	1.0
195	0.0	2858.13504	792.94248	66.445056	111.479328	0.0	1.0
195	0.0	1194.6508799999997	1615.68216	100.252416	135.02116800000002	0.0	1.0
196	1.0	1800.8832	101.96906400000012	136.312704	116.95125600000001	0.0	1.0
196	0.0	858.8735999999999	1712.01384	127.165056	109.120176	0.0	1.0
196	0.0	2427.30624	281.08080000000007	94.19443200000002	89.79400799999999	0.0	1.0
196	1.0	1836.23424	207.86911199999997	141.270528	107.145288	0.0	1.0
196	0.0	974.89152	1434.74328	67.024128	88.4736	0.0	1.0
196	0.0	1015.21152	633.5971199999999	100.92672	178.427232	0.0	1.0
196	3.0	1451.8272000000002	251.65296000000012	113.4432	225.54936	0.0	1.0
196	0.0	991.11552	808.6327200000001	61.671552	102.693312	0.0	1.0
196	1.0	1637.09184	237.36023999999998	123.614592	132.967008	0.0	1.0
196	0.0	1203.78624	1628.86032	103.27142399999998	141.656256	0.0	1.0
196	0.0	1191.8937600000002	1804.89384	87.709824	144.099648	0.0	1.0
196	1.0	2020.50816	228.23856	118.19251200000001	116.086824	0.0	1.0
196	0.0	2856.27264	785.23992	67.017216	114.040224	0.0	1.0
196	1.0	2111.43936	94.85532	162.394368	119.588184	0.0	1.0
197	3.0	1627.55328	237.88944000000004	125.776512	127.164816	0.0	1.0
197	1.0	1793.8367999999998	104.85244799999998	142.053888	117.544176	0.0	1.0
197	1.0	1825.3248	209.4061680000001	144.54144	104.477688	0.0	1.0
197	0.0	986.56512	809.85312	62.233343999999995	97.861824	0.0	1.0
197	0.0	859.7759999999998	1711.5127200000002	128.11008	110.78316	0.0	1.0
197	0.0	1015.0656	631.09152	100.975104	173.714112	0.0	1.0
197	0.0	2563.47264	1606.24296	75.37152	84.14107200000001	0.0	1.0
197	0.0	2855.21664	780.6715200000001	65.452032	116.370864	0.0	1.0
197	3.0	1446.9196800000002	260.87832000000003	115.345536	206.604432	0.0	1.0
197	1.0	2106.38592	93.91874400000006	163.907712	122.60959199999999	0.0	1.0
197	0.0	1213.21728	1644.2136	100.820736	143.522496	0.0	1.0
198	0.0	1206.95424	1809.7603200000003	77.827968	96.22367999999999	0.0	1.0
198	0.0	859.20768	1712.16288	126.31027200000001	109.275048	0.0	1.0
198	0.0	1015.33824	631.76112	100.889472	175.94539200000003	0.0	1.0
198	3.0	1441.29408	266.72327999999993	112.22476799999998	202.602168	0.0	1.0
198	1.0	1995.648	238.41216000000009	115.196544	144.840528	0.0	1.0
198	3.0	2088.87552	92.21277599999996	130.09036799999998	117.972504	0.0	1.0
198	0.0	2571.48288	1595.30904	73.34745600000001	81.80244	0.0	1.0
198	0.0	1222.99008	1651.66344	106.555008	139.92048	0.0	1.0
198	3.0	1193.38752	497.06567999999993	88.113024	191.020032	0.0	1.0
198	0.0	2853.13152	763.34832	65.657856	100.47024	0.0	1.0
198	1.0	1787.1782400000002	109.36771199999998	142.543104	120.29364	0.0	1.0
199	3.0	1614.63552	285.73344	124.95168	211.95561600000002	0.0	1.0
199	3.0	1186.38336	502.5455999999999	85.52256	186.839568	0.0	1.0
199	3.0	1435.52256	263.08799999999985	110.696064	221.31144000000003	0.0	1.0
199	0.0	1015.32288	631.24704	100.891008	175.29242399999998	0.0	1.0
199	0.0	1220.3136	1832.96952	88.46937600000001	105.019848	0.0	1.0
199	0.0	980.3520000000001	837.07992	57.268608	96.894792	0.0	1.0
199	1.0	2078.50752	92.20046400000001	123.001344	119.654712	0.0	1.0
199	0.0	2851.7568	755.64144	67.439616	106.91784	0.0	1.0
199	1.0	1778.70336	110.236896	142.95475199999998	123.35479199999999	0.0	1.0
199	0.0	2576.91648	1586.6280000000002	73.36895999999999	85.187592	0.0	1.0
199	0.0	1230.8044799999998	1661.6988	109.092096	132.179472	0.0	1.0
200	0.0	1015.6876799999999	630.5796	101.348736	173.33719200000002	0.0	1.0
200	0.0	858.0940799999998	1712.8324799999998	123.648384	109.006992	0.0	1.0
200	3.0	2073.54624	88.56842400000005	125.114112	113.07535199999998	0.0	1.0
200	0.0	2847.50208	748.45512	67.947648	109.045008	0.0	1.0
200	0.0	1230.9504	1831.8312	95.069952	124.839144	0.0	1.0
200	0.0	1240.4544	1676.00664	109.638912	136.556496	0.0	1.0
200	0.0	2585.05728	1576.74816	71.880576	85.904712	0.0	1.0
201	3.0	2068.52352	86.55098399999997	122.601216	114.171768	0.0	1.0
201	0.0	1235.904	1827.64296	95.18784	102.489192	0.0	1.0
201	0.0	859.3728000000001	1712.46096	126.95116799999998	109.616544	0.0	1.0
201	0.0	1015.61088	630.4651200000001	101.148288	172.548792	0.0	1.0
201	0.0	973.65504	860.14008	56.373504	100.354896	0.0	1.0
201	1.0	1766.89152	109.41436799999997	138.01958399999998	116.177328	0.0	1.0
201	3.0	1176.62976	511.25256	88.99276800000001	170.499168	0.0	1.0
201	0.0	993.9264	1481.60448	63.593088	85.596048	0.0	1.0
201	0.0	2587.79904	1572.9119999999998	79.55328	103.414968	0.0	1.0
201	0.0	1248.82944	1683.68976	114.03878399999999	131.168376	0.0	1.0
202	0.0	1245.60384	1843.57512	96.50841599999998	112.66408799999999	0.0	1.0
202	0.0	2844.4608	729.0712800000001	64.816512	105.315552	0.0	1.0
202	9.0	995.56608	1493.0784	69.301248	85.617216	0.0	1.0
202	1.0	2369.4796800000004	250.07831999999996	98.91571200000001	60.8364	0.0	1.0
202	0.0	1015.4764800000002	631.00944	100.833024	172.43344800000003	0.0	1.0
202	1.0	1760.14848	112.59669600000007	135.646848	117.08604	0.0	1.0
202	0.0	2592.48	1573.18416	86.28672000000002	114.63638399999999	0.0	1.0
202	0.0	1258.77888	1693.43352	109.105152	123.475968	0.0	1.0
203	0.0	1015.11936	631.4824799999999	100.86105600000002	172.53432	0.0	1.0
203	0.0	1938.4704	224.72856000000002	121.045632	112.089312	0.0	1.0
203	0.0	858.71616	1712.46096	125.46201600000002	108.840456	0.0	1.0
203	0.0	1255.6608	1855.8504	103.001088	121.885344	0.0	1.0
203	3.0	2053.45152	85.07635200000016	140.83968000000002	113.4918	0.0	1.0
203	0.0	2844.7104	722.76408	67.07904	112.347864	0.0	1.0
203	0.0	1265.69088	1702.836	113.161728	125.38908	0.0	1.0
203	1.0	1752.52608	111.14279999999997	137.841792	115.094088	0.0	1.0
203	0.0	2595.47136	1582.51104	90.23808	147.840768	0.0	1.0
204	0.0	859.4188800000002	1712.60352	127.009536	108.459864	0.0	1.0
204	0.0	958.43712	893.97	52.242816	101.341152	0.0	1.0
204	3.0	2807.61984	799.2324	60.6144	169.59261600000002	0.0	1.0
204	0.0	1169.76384	479.74896	72.933888	73.32768	0.0	1.0
204	0.0	1015.18848	631.0980000000001	100.925184	172.57406400000002	0.0	1.0
204	0.0	1166.51136	517.65048	85.52448	150.086088	0.0	1.0
204	1.0	1745.184	121.73954400000014	135.979008	97.174512	0.0	1.0
204	0.0	2839.44576	710.01144	67.07558399999999	100.949976	0.0	1.0
204	0.0	1277.20704	1715.7096	113.5296	124.859232	0.0	1.0
204	0.0	2602.6176	1568.36304	88.70745600000002	141.724728	0.0	1.0
204	0.0	1265.64096	1869.75648	106.55616000000002	123.751368	0.0	1.0
205	3.0	1562.43456	301.58784000000014	123.869568	198.796464	0.0	1.0
205	0.0	2840.83968	700.6888799999999	64.589952	103.255776	0.0	1.0
205	0.0	1015.58784	630.28584	101.425536	171.685224	0.0	1.0
205	1.0	2025.40032	92.47413600000004	123.282048	106.908336	0.0	1.0
205	1.0	2212.31616	148.06907999999999	108.897024	153.74124	0.0	1.0
205	1.0	2354.59968	271.8943199999999	112.419456	128.08044	0.0	1.0
205	0.0	961.9584	901.59048	61.977216	104.873616	0.0	1.0
205	1.0	1747.62624	240.42096000000004	122.38464	137.319408	0.0	1.0
205	0.0	1158.30528	545.11272	84.465024	186.701544	0.0	1.0
205	0.0	1285.75488	1722.32136	116.150016	120.07612799999998	0.0	1.0
205	1.0	1737.86496	121.15418399999999	136.48896	98.958888	0.0	1.0
205	1.0	1915.77216	217.12752	119.983872	102.436488	0.0	1.0
205	0.0	2608.48128	1558.1419199999998	91.43424	155.42215199999998	0.0	1.0
205	1.0	1396.9536	306.6098400000001	108.21849599999999	201.861504	0.0	1.0
205	0.0	1277.65248	1876.87152	112.80998400000001	126.360648	0.0	1.0
206	0.0	860.2060799999999	1712.17368	127.80096	109.023192	0.0	1.0
206	0.0	1015.6416	629.99208	101.71660799999998	169.699752	0.0	1.0
206	0.0	1299.4252800000002	1737.00936	115.939968	124.516008	0.0	1.0
206	1.0	1388.4249599999998	307.91232	103.452288	197.53567199999998	0.0	1.0
206	1.0	1734.62016	236.01671999999985	122.578176	155.513736	0.0	1.0
206	1.0	2346.86592	235.74671999999998	104.83392	66.58416	0.0	1.0
206	1.0	1553.6256	305.60544000000016	121.636992	201.818952	0.0	1.0
206	0.0	955.3305599999999	913.41216	54.18816	103.26312	0.0	1.0
206	1.0	1903.47264	221.82119999999998	118.35955200000001	109.04176800000002	0.0	1.0
206	0.0	1287.51744	1882.97136	110.826624	114.187536	0.0	1.0
206	1.0	1729.41696	124.35724800000003	135.010944	103.159224	0.0	1.0
206	0.0	2614.99776	1547.49744	90.239616	155.148264	0.0	1.0
207	0.0	1016.06784	629.30304	102.05683200000001	171.93254400000004	0.0	1.0
207	1.0	2338.7328	233.88264000000004	105.689088	67.02264	0.0	1.0
207	0.0	954.98496	919.35432	58.783871999999995	92.44670399999998	0.0	1.0
207	0.0	1296.46848	1880.442	101.344896	95.74955999999999	0.0	1.0
207	0.0	2620.98816	1540.40184	87.29932799999999	161.17228799999998	0.0	1.0
207	1.0	1723.5648	123.51981599999999	136.386432	107.01396000000001	0.0	1.0
207	0.0	1309.73184	1745.5716000000002	118.46246399999998	118.979064	0.0	1.0
208	0.0	859.65696	1711.75896	127.230336	109.519776	0.0	1.0
208	0.0	1016.4480000000001	629.1259200000001	102.90316800000001	172.227384	0.0	1.0
208	0.0	952.9728	931.71816	59.846784	102.04185599999998	0.0	1.0
208	0.0	1309.0752	1902.61008	109.34015999999998	125.25732	0.0	1.0
208	0.0	2626.5600000000004	1528.41168	84.514944	156.916224	0.0	1.0
208	0.0	1319.43168	1754.11656	117.106176	116.881056	0.0	1.0
209	3.0	2820.26496	690.73344	90.966144	149.386464	0.0	1.0
209	0.0	2639.45856	1488.71088	71.957376	103.275216	0.0	1.0
209	1.0	1991.10144	83.10340799999994	136.962048	127.24019999999999	0.0	1.0
209	0.0	950.78016	942.4188	58.820352	108.95428799999999	0.0	1.0
209	1.0	1709.87904	120.47745599999996	135.76857600000002	123.96887999999998	0.0	1.0
209	0.0	1316.45952	1908.4917600000003	114.92928	120.72175199999998	0.0	1.0
209	0.0	1332.19968	1765.32912	123.070464	110.092608	0.0	1.0
210	3.0	1522.18368	289.10087999999996	117.2832	133.540488	0.0	1.0
210	1.0	2302.34496	222.1970399999999	121.750656	65.558376	0.0	1.0
210	0.0	1013.35296	1502.36208	63.158016	69.15888	0.0	1.0
210	1.0	1982.35776	74.15474399999994	127.244544	110.417904	0.0	1.0
210	1.0	1702.7904	123.71011199999998	137.294208	118.226304	0.0	1.0
210	0.0	1324.9152	1915.25256	121.026432	116.400888	0.0	1.0
210	0.0	2639.4048	1507.28256	80.779008	161.496072	0.0	1.0
210	0.0	950.0928	945.9936	59.438592	119.371968	0.0	1.0
210	0.0	1341.57696	1772.18064	125.331456	109.157976	0.0	1.0
211	0.0	1015.9948799999999	629.31384	101.698176	171.61524	0.0	1.0
211	0.0	1130.9836799999998	534.42936	66.46848	73.398312	0.0	1.0
211	0.0	1340.33664	1919.6244	121.454592	108.392688	0.0	1.0
211	1.0	1970.17728	71.18906400000003	125.140992	113.633712	0.0	1.0
211	0.0	948.4953600000001	950.4972	61.458048	107.056296	0.0	1.0
211	0.0	1351.25376	1778.74488	121.302144	112.276584	0.0	1.0
212	0.0	1361.07648	1789.40016	121.191936	108.924048	0.0	1.0
212	0.0	1351.78368	1931.72688	116.04326400000001	106.47504000000002	0.0	1.0
212	0.0	1038.6432	1585.1635199999998	71.90937600000001	90.661032	0.0	1.0
212	0.0	2973.32352	654.84072	92.783232	196.107264	0.0	1.0
212	1.0	1673.61792	291.0816	118.027776	164.946456	0.0	1.0
212	0.0	945.6384	967.2264	60.407808	116.790984	0.0	1.0
212	1.0	1507.23456	302.36112	116.942592	141.841152	0.0	1.0
212	1.0	2158.29504	116.10302400000012	125.14214400000002	113.053968	0.0	1.0
212	1.0	1689.16992	121.17794400000002	137.251584	133.84332	0.0	1.0
212	1.0	1835.37792	228.40704000000005	121.034112	102.25764	0.0	1.0
212	1.0	1961.94816	67.91947200000004	123.77587199999999	113.822496	0.0	1.0
213	3.0	2811.65184	653.8147200000001	76.603008	145.023696	0.0	1.0
213	1.0	2147.81184	117.55562399999997	116.416128	121.269096	0.0	1.0
213	0.0	1225.9008	595.1707200000001	51.175296	83.092176	0.0	1.0
213	1.0	1952.13312	69.32303999999988	122.618112	118.647504	0.0	1.0
213	0.0	1015.81056	628.08048	101.862528	169.670376	0.0	1.0
213	0.0	1035.35232	1566.8229600000002	84.26112	142.89177600000002	0.0	1.0
213	0.0	2973.43104	655.17336	92.79552	198.01584000000005	0.0	1.0
213	0.0	2667.42912	1443.89952	58.72857599999999	78.42960000000001	0.0	1.0
213	0.0	1372.7462400000002	1796.3769599999998	125.096832	110.31292800000001	0.0	1.0
213	1.0	1823.91168	224.29224	120.87744	94.72571999999998	0.0	1.0
213	0.0	1359.50592	1936.28664	115.529856	106.242192	0.0	1.0
213	0.0	944.82816	978.78456	61.517184	122.093784	0.0	1.0
213	1.0	1681.19424	128.258424	137.46815999999998	121.50647999999998	0.0	1.0
214	0.0	1224.2150399999998	603.0503999999999	60.521088	90.48909600000002	0.0	1.0
214	0.0	1015.31136	628.56432	100.575744	169.57728	0.0	1.0
214	0.0	1110.17472	636.16752	64.07539200000001	143.97804	0.0	1.0
214	1.0	1674.58944	131.42736000000002	137.30112	121.237344	0.0	1.0
214	0.0	2973.6192	655.72416	92.049408	198.418464	0.0	1.0
214	3.0	1490.73408	343.72080000000005	115.446528	200.17843199999996	0.0	1.0
214	0.0	942.30144	987.21936	60.859008	122.50548000000002	0.0	1.0
214	0.0	1370.43456	1945.6308	118.249728	116.92339199999999	0.0	1.0
214	0.0	1383.82464	1807.7256	131.8176	107.24918399999999	0.0	1.0
215	1.0	2129.75616	122.43614400000001	118.469376	99.457848	0.0	1.0
215	0.0	1015.4918399999999	629.6810399999999	100.9248	172.03427999999997	0.0	1.0
215	1.0	1640.6783999999998	301.32863999999995	112.360704	135.17647200000002	0.0	1.0
215	0.0	1228.45056	607.5388800000001	79.30483199999999	95.7636	0.0	1.0
215	0.0	1110.1785599999998	567.0799200000001	64.211328	76.2156	0.0	1.0
215	0.0	2973.6576	655.79544	90.87936	198.241992	0.0	1.0
215	3.0	2803.0656	639.05976	76.622208	143.430264	0.0	1.0
215	0.0	2679.12576	1421.90856	57.024	95.549328	0.0	1.0
215	0.0	941.5833599999999	992.48976	62.242560000000005	118.98748800000001	0.0	1.0
215	0.0	1378.62144	1950.3763199999999	126.172032	114.825384	0.0	1.0
215	0.0	1395.56352	1813.00896	132.683904	103.763592	0.0	1.0
216	0.0	1215.97824	695.2327200000001	65.993472	164.016792	0.0	1.0
216	1.0	2125.83936	126.85701600000016	121.981056	97.998552	0.0	1.0
216	1.0	1926.26688	68.76079200000015	130.984704	119.759256	0.0	1.0
216	0.0	1106.1926400000002	583.6276799999999	69.962496	97.694856	0.0	1.0
216	0.0	2140.41216	82.61481600000002	118.610304	63.880919999999996	0.0	1.0
216	0.0	1015.2384000000001	629.93592	100.277376	173.08706400000003	0.0	1.0
216	0.0	1220.09472	611.51976	71.65094400000001	103.321224	0.0	1.0
216	1.0	1634.25024	305.7825600000001	114.16204800000001	133.387992	0.0	1.0
216	0.0	941.38368	1008.20808	60.776832	124.113168	0.0	1.0
216	0.0	2974.1568	655.5103200000001	92.33049600000001	198.619776	0.0	1.0
216	0.0	2682.53184	1409.1710400000002	61.31327999999999	95.970312	0.0	1.0
216	0.0	1386.37056	1956.69648	135.675648	112.864104	0.0	1.0
216	0.0	1407.57504	1820.4804	132.32524800000002	104.433408	0.0	1.0
217	0.0	1218.32448	620.7947999999999	80.156928	105.716232	0.0	1.0
217	1.0	1655.4432000000002	139.06835999999998	132.785664	117.10224	0.0	1.0
217	0.0	1106.13888	580.07232	64.819968	74.899296	0.0	1.0
217	3.0	1470.15936	355.74551999999994	110.452224	197.20821600000002	0.0	1.0
217	1.0	1916.68992	67.22179200000005	128.36505599999998	117.970992	0.0	1.0
217	0.0	1015.29984	630.07848	100.729728	173.106504	0.0	1.0
217	0.0	1101.95712	659.5365599999999	63.584256	152.783064	0.0	1.0
217	0.0	1210.03392	705.87288	59.924352000000006	152.16984	0.0	1.0
217	0.0	2685.20448	1393.4052	59.174400000000006	91.306656	0.0	1.0
217	0.0	1403.1744	1959.02064	124.705536	113.17384799999999	0.0	1.0
217	0.0	937.7779199999999	1020.41856	56.705664	124.7886	0.0	1.0
217	0.0	2974.22976	655.25112	92.81395199999999	198.734472	0.0	1.0
217	0.0	1419.67104	1827.16344	134.602752	101.997792	0.0	1.0
218	0.0	1015.6224	630.3636	101.28038399999998	172.306224	0.0	1.0
218	0.0	1201.344	634.14792	62.505216	102.00708	0.0	1.0
218	0.0	1406.5152	1971.82512	138.4032	115.64877600000001	0.0	1.0
218	1.0	1768.69632	258.94295999999997	115.4208	145.155024	0.0	1.0
218	0.0	1433.0304	1836.69984	136.209024	95.0076	0.0	1.0
218	0.0	1106.0467199999998	583.88256	60.92083199999999	74.847024	0.0	1.0
218	0.0	934.01856	1030.23576	56.186111999999994	118.650744	0.0	1.0
218	1.0	2106.32448	107.631936	125.01619200000002	119.260296	0.0	1.0
218	0.0	2974.07232	655.2792	92.08896	197.978688	0.0	1.0
218	0.0	1093.50528	675.84024	58.16409600000001	137.519208	0.0	1.0
219	0.0	1056.1036800000002	1602.88848	66.468096	98.861472	0.0	1.0
219	3.0	1639.64544	145.24574400000006	132.480384	119.324016	0.0	1.0
219	0.0	1095.936	588.7274399999999	66.628992	71.190576	0.0	1.0
219	0.0	934.0070399999998	1042.1784	54.582528	115.48202399999998	0.0	1.0
219	0.0	1091.78496	680.08896	55.43001600000001	136.319976	0.0	1.0
219	0.0	1424.85504	1974.71088	123.570816	111.49250400000001	0.0	1.0
219	0.0	2974.03008	655.0156800000002	92.519424	197.157672	0.0	1.0
219	0.0	1442.73024	1842.6096	137.818752	95.273712	0.0	1.0
220	0.0	1016.66688	630.3636	101.983872	170.040816	0.0	1.0
220	0.0	1092.68736	1670.83128	53.94816	77.759784	0.0	1.0
220	0.0	1057.79328	1600.52544	64.03968	80.89156799999999	0.0	1.0
220	0.0	932.2406400000001	1043.70336	53.22624	107.26862400000002	0.0	1.0
220	0.0	1434.1324800000002	1981.82376	123.98016	104.17896	0.0	1.0
220	0.0	1187.86944	654.75864	54.51801600000001	89.77975200000002	0.0	1.0
220	0.0	2793.89952	611.78328	62.305152000000014	113.679288	0.0	1.0
220	0.0	1095.8591999999999	597.68064	64.530816	80.579448	0.0	1.0
220	0.0	1086.8313599999997	683.3764800000001	59.016960000000005	138.118392	0.0	1.0
220	0.0	2974.1376	655.5427199999999	91.989888	197.653608	0.0	1.0
220	0.0	1456.76544	1852.07688	137.66592	93.122352	0.0	1.0
221	3.0	1306.12224	339.21936000000017	96.532992	95.183856	0.0	1.0
221	0.0	859.7875199999999	1712.58624	126.44620799999998	109.94832	0.0	1.0
221	3.0	1626.36288	140.43801599999995	133.81900800000005	110.12328	0.0	1.0
221	3.0	1736.51328	262.548	117.393792	131.318064	0.0	1.0
221	0.0	1092.34176	608.2646400000001	59.2608	81.526392	0.0	1.0
221	3.0	2084.18304	103.56530399999997	126.602112	120.03163200000002	0.0	1.0
221	0.0	2688.08064	1388.3724	80.831616	161.974944	0.0	1.0
221	0.0	1564.94976	403.91352000000006	78.130176	141.927336	0.0	1.0
221	0.0	1444.37376	1984.36176	129.608832	107.79156	0.0	1.0
221	0.0	929.6832000000002	1064.45448	54.486144	126.463464	0.0	1.0
221	0.0	1468.89216	1857.39912	140.16191999999998	94.503672	0.0	1.0
222	2.0	1483.90272	1866.62016	150.970752	95.904	0.0	1.0
222	0.0	2974.15296	655.38288	91.742976	199.03968	0.0	1.0
222	0.0	1181.46048	668.84832	53.819136	90.21412800000002	0.0	1.0
222	0.0	1015.8681599999999	628.90344	102.36326400000002	169.57900800000002	0.0	1.0
222	3.0	1626.06336	146.93659200000002	119.320704	91.95984000000001	0.0	1.0
222	0.0	1456.75392	1990.07064	132.918144	114.051672	0.0	1.0
222	0.0	929.5488	1072.77696	52.13184	121.492008	0.0	1.0
222	0.0	2707.4688	1345.95648	55.126656	77.31266400000001	0.0	1.0
223	3.0	1613.66784	144.26272800000004	126.261888	112.995864	0.0	1.0
223	0.0	2783.6736	568.64592	58.1568	92.607192	0.0	1.0
223	0.0	1468.57344	1991.4335999999998	128.202624	108.613872	0.0	1.0
223	0.0	2973.696	655.2576	92.692224	198.949176	0.0	1.0
223	0.0	1083.92448	623.538	63.919104	78.563952	0.0	1.0
223	3.0	2164.7424	258.23015999999996	100.25088000000001	189.75276	0.0	1.0
223	0.0	1014.97344	628.4109599999999	100.82534400000002	172.960488	0.0	1.0
223	0.0	2709.6192	1328.1516	52.20979200000001	83.058048	0.0	1.0
223	0.0	1175.04384	676.1901600000001	55.842816	95.815872	0.0	1.0
223	0.0	1076.4748800000002	707.9810399999999	50.124288	130.762296	0.0	1.0
223	1.0	2067.36768	99.532152	128.408832	123.409224	0.0	1.0
223	0.0	1493.84064	1868.63976	145.984128	85.998024	0.0	1.0
223	0.0	927.8937599999999	1082.4732	52.190976	113.465664	0.0	1.0
224	3.0	1608.99072	148.4395199999999	123.931776	97.862256	0.0	1.0
224	0.0	1184.20224	668.95632	78.064896	88.27164	0.0	1.0
224	0.0	1092.62208	1670.9868	94.608768	138.652128	0.0	1.0
224	0.0	1016.53248	629.05248	104.02828799999999	170.720352	0.0	1.0
224	0.0	1078.2297600000002	629.37432	54.17088	71.35344	0.0	1.0
224	0.0	928.24704	1090.2448800000002	52.02700800000001	108.212112	0.0	1.0
224	0.0	2714.21568	1318.68648	53.89708799999999	77.142888	0.0	1.0
224	0.0	2779.7568	565.9243200000001	57.403392	95.775048	0.0	1.0
224	0.0	1510.37568	1875.23856	153.16031999999998	85.684176	0.0	1.0
225	0.0	1081.08672	1650.42144	56.578944	80.25804000000001	0.0	1.0
225	0.0	1068.37248	719.6817599999999	56.23296	140.95814399999998	0.0	1.0
225	0.0	1016.57472	629.2339199999999	104.324352	170.158968	0.0	1.0
225	0.0	928.0204799999999	1103.5008	51.171839999999996	117.179784	0.0	1.0
225	0.0	1493.12256	2004.97464	121.290624	112.356504	0.0	1.0
225	0.0	2717.61792	1300.38264	48.326784	88.656336	0.0	1.0
225	0.0	2774.9952000000003	565.05168	53.201664	106.598376	0.0	1.0
225	0.0	1522.24512	1878.4656	150.96384	80.818992	0.0	1.0
226	1.0	1503.27552	2009.31624	128.809728	104.362344	0.0	1.0
226	0.0	1016.5056	630.05904	101.743488	172.54274400000003	0.0	1.0
226	0.0	2767.0272	543.7130400000001	50.282112	67.849704	0.0	1.0
226	0.0	1069.93152	654.40656	66.250368	93.947688	0.0	1.0
226	0.0	1089.8112	1663.12008	58.089983999999994	91.360008	0.0	1.0
226	0.0	2723.12448	1293.74496	49.14048	76.762512	0.0	1.0
226	0.0	926.81472	1112.74344	49.257984	106.89796799999999	0.0	1.0
226	0.0	1534.6137600000002	1884.12912	147.061248	78.071688	0.0	1.0
227	3.0	1825.728	92.81628	123.714432	142.635384	0.0	1.0
227	3.0	2164.67328	203.99083199999995	87.000192	111.3858	0.0	1.0
227	0.0	1093.1136	1667.358	59.714304	81.015336	0.0	1.0
227	0.0	1065.0777600000001	675.486	64.50585600000001	122.02034400000001	0.0	1.0
227	0.0	1512.62208	2013.47856	126.87590400000002	103.55558399999998	0.0	1.0
227	0.0	2762.16192	539.07768	55.752576	66.370104	0.0	1.0
227	0.0	1171.11168	699.4036799999999	82.61798399999999	106.359264	0.0	1.0
227	0.0	927.8399999999999	1128.87432	49.986816	120.828024	0.0	1.0
227	0.0	1549.04832	1889.01288	154.892544	76.485384	0.0	1.0
228	1.0	2021.76	112.22820000000002	122.59353600000001	104.88744	0.0	1.0
228	0.0	2728.4736	1263.02976	47.907456	87.27825599999998	0.0	1.0
228	0.0	1527.5712	2022.6283199999998	134.485632	98.545896	0.0	1.0
228	0.0	2759.70432	529.89768	53.682816	66.061656	0.0	1.0
228	0.0	2981.87904	602.424	80.7744	95.548464	0.0	1.0
228	3.0	1818.3936	94.41424800000016	120.70080000000002	142.86888	0.0	1.0
228	0.0	1165.25184	702.82944	76.14336	97.485336	0.0	1.0
228	0.0	1062.13632	671.63688	59.392128	100.25856	0.0	1.0
228	0.0	928.73088	1139.15376	52.1376	121.536288	0.0	1.0
228	0.0	1560.73344	1894.18824	149.697024	79.397496	0.0	1.0
229	0.0	1059.06816	678.61584	66.105984	96.7518	0.0	1.0
229	3.0	1568.42112	159.56222400000001	130.305408	102.85379999999999	0.0	1.0
229	0.0	2754.62784	520.80408	55.54406399999999	91.981008	0.0	1.0
229	0.0	2727.92832	1259.82216	54.369024	107.144208	0.0	1.0
229	3.0	1808.76672	95.06743200000005	128.571264	150.217848	0.0	1.0
229	0.0	1163.44704	714.51504	81.30163200000001	95.51779200000001	0.0	1.0
229	0.0	1016.40192	626.63976	101.33222399999998	165.709584	0.0	1.0
229	0.0	1580.30976	1905.02064	163.10399999999998	94.07987999999999	0.0	1.0
229	0.0	929.00736	1155.05568	50.347007999999995	127.30176	0.0	1.0
230	0.0	2730.84288	1248.08688	49.13663999999999	101.988072	0.0	1.0
230	0.0	1054.87104	680.5727999999999	64.235136	86.193072	0.0	1.0
230	0.0	2752.01664	514.31328	54.791808	79.724304	0.0	1.0
230	0.0	1016.06016	627.10416	100.877952	165.67135199999998	0.0	1.0
230	0.0	1551.38304	2030.8968	124.871808	99.78228	0.0	1.0
230	0.0	1590.25152	1906.4268	159.874944	84.293784	0.0	1.0
230	0.0	928.4544	1158.87672	50.406144000000005	107.453304	0.0	1.0
231	0.0	2747.36256	511.09488	53.438208	80.29044	0.0	1.0
231	3.0	1558.5792	167.225904	127.85548799999998	111.51864	0.0	1.0
231	0.0	1016.54784	629.67672	102.55295999999998	170.66656799999998	0.0	1.0
231	0.0	1563.09888	2032.1172	128.061312	99.125208	0.0	1.0
231	0.0	930.51648	1169.6508	50.69875199999999	114.183432	0.0	1.0
231	0.0	1599.94752	1911.55032	155.22931200000002	84.008016	0.0	1.0
232	3.0	1370.7648	381.48623999999995	92.66496	88.22455199999999	0.0	1.0
232	3.0	1473.9532800000002	377.59176	88.45977599999999	76.594032	0.0	1.0
232	0.0	2739.30624	1211.92416	48.4992	93.52670399999998	0.0	1.0
232	3.0	1551.37536	162.69854399999997	126.583296	98.840304	0.0	1.0
232	0.0	1571.6774400000002	2038.12848	132.20505599999998	98.95305599999999	0.0	1.0
232	0.0	1016.53248	629.54496	102.604416	171.2178	0.0	1.0
232	0.0	1614.17472	1916.3088	151.757568	84.131568	0.0	1.0
232	0.0	932.2060799999999	1183.61736	51.980160000000005	118.31832000000001	0.0	1.0
233	0.0	1985.4912	63.592128	77.533824	66.549168	0.0	1.0
233	1.0	2080.43904	197.77024800000004	126.192	109.363176	0.0	1.0
233	0.0	1166.38464	543.52728	69.529728	70.94671199999999	0.0	1.0
233	0.0	1364.72448	388.15416000000005	88.38873600000001	87.765984	0.0	1.0
233	1.0	1546.39872	166.590864	124.036608	95.818032	0.0	1.0
233	0.0	2740.13184	1200.60792	50.09049600000001	95.84503199999999	0.0	1.0
233	0.0	1583.62368	2043.65808	135.13574400000002	99.727632	0.0	1.0
233	0.0	1016.20608	631.42416	102.100608	173.558808	0.0	1.0
233	0.0	1622.5344	1915.3951199999997	148.43059200000002	72.129312	0.0	1.0
233	0.0	933.05856	1197.32904	52.908672	125.203104	0.0	1.0
234	0.0	1161.5308799999998	563.9911199999999	62.057856	93.26988	0.0	1.0
234	0.0	1361.36448	387.16704000000004	79.83667200000001	67.78900800000001	0.0	1.0
234	0.0	858.21696	1712.73096	125.223936	108.16545599999999	0.0	1.0
234	0.0	2726.21568	498.3768	59.646336000000005	127.6722	0.0	1.0
234	0.0	1158.15552	1765.2448800000002	103.50451199999999	147.246768	0.0	1.0
234	0.0	2726.38464	477.2347199999999	58.55116799999999	96.38568	0.0	1.0
234	0.0	1138.81344	761.75856	78.208896	105.836328	0.0	1.0
234	0.0	1015.51104	632.93616	102.193152	174.55068	0.0	1.0
234	0.0	1599.37536	2050.8984	140.289792	95.01191999999999	0.0	1.0
234	0.0	2738.60352	1204.19136	54.35596799999999	119.3994	0.0	1.0
234	1.0	2069.52576	197.19828000000018	127.046016	107.012016	0.0	1.0
234	0.0	934.0223999999998	1206.71208	52.305024	119.424672	0.0	1.0
234	0.0	1641.5424	1923.7824	160.53312	79.45559999999999	0.0	1.0
235	0.0	2980.60416	604.6272	80.562816	100.131552	0.0	1.0
235	0.0	2722.39488	491.5296000000001	60.224256	120.58178399999998	0.0	1.0
235	0.0	1172.38656	1791.14328	120.2976	187.487568	0.0	1.0
235	1.0	1526.71104	187.43810400000018	132.51263999999998	136.19966399999998	0.0	1.0
235	1.0	2059.73376	194.66762399999993	129.517056	105.77865600000001	0.0	1.0
235	0.0	1608.48	2051.5896	133.94150399999998	99.76824	0.0	1.0
235	0.0	2742.04416	1187.07552	51.415296	96.81767999999998	0.0	1.0
235	0.0	1015.63008	632.8476	101.99808	176.248224	0.0	1.0
235	0.0	1135.4303999999997	773.30808	76.902528	110.303424	0.0	1.0
235	0.0	935.02848	1216.5292800000002	50.539008	118.782936	0.0	1.0
235	0.0	1652.85888	1924.02864	160.28544	73.57132800000001	0.0	1.0
236	0.0	2718.12096	466.5816	65.865984	89.766792	0.0	1.0
236	0.0	1156.57344	574.63776	69.306624	98.83296000000001	0.0	1.0
236	0.0	1121.69472	784.48176	57.509376	107.82504	0.0	1.0
236	0.0	937.98144	1240.8876	53.815296000000004	99.92095200000001	0.0	1.0
236	0.0	1620.99456	2055.80808	131.868288	95.78930399999999	0.0	1.0
236	0.0	2727.27552	1209.12912	78.59635200000001	166.94488800000002	0.0	1.0
236	0.0	1015.3113599999999	633.28824	101.296896	178.449696	0.0	1.0
236	0.0	1662.89664	1927.7244	148.38604800000002	72.748152	0.0	1.0
237	3.0	1150.68672	581.6620800000001	64.612224	88.76282400000001	0.0	1.0
237	3.0	2698.43712	452.16576	96.671616	102.983832	0.0	1.0
237	0.0	1128.52608	791.78472	76.62451200000001	112.654368	0.0	1.0
237	3.0	1516.35072	191.08634400000005	126.862848	126.20556	0.0	1.0
237	0.0	1631.66592	2059.01784	135.053952	92.51064	0.0	1.0
237	0.0	938.8262400000001	1241.98488	54.703104	115.942536	0.0	1.0
237	0.0	1015.37664	633.65112	100.71552000000001	179.00114399999998	0.0	1.0
237	0.0	2745.8304000000003	1160.55072	47.770752	94.216824	0.0	1.0
237	0.0	1686.528	1931.688	165.578496	73.015128	0.0	1.0
238	0.0	2980.38528	604.83024	80.296704	98.461656	0.0	1.0
238	1.0	1731.96672	105.77952000000005	115.651584	131.973624	0.0	1.0
238	1.0	1936.84224	95.16117600000007	122.5632	82.964952	0.0	1.0
238	0.0	1024.03968	781.9653599999999	74.48448	162.225504	0.0	1.0
238	1.0	1418.54976	431.6436000000001	93.26515200000001	94.046184	0.0	1.0
238	0.0	1639.392	2059.60752	140.494848	99.337752	0.0	1.0
238	0.0	1145.4912	595.23552	63.975936000000004	95.817384	0.0	1.0
238	0.0	1015.60704	634.7095200000001	100.79769600000002	181.07819999999998	0.0	1.0
238	3.0	1511.36256	190.89669600000002	124.604544	131.325408	0.0	1.0
238	0.0	1124.55168	798.2733599999999	78.67238400000001	107.910576	0.0	1.0
238	1.0	2028.87936	196.4688480000001	128.592	106.591896	0.0	1.0
238	0.0	1696.2624	1934.2778399999997	170.461824	69.8598	0.0	1.0
239	0.0	1934.35392	63.781991999999946	95.829888	66.974472	0.0	1.0
239	1.0	1728.62592	102.30019200000004	123.316992	121.001688	0.0	1.0
239	0.0	2701.51296	455.04936	56.557824	86.211216	0.0	1.0
239	0.0	1020.20352	760.67856	66.36096	103.74717599999998	0.0	1.0
239	1.0	1506.336	189.31190400000003	122.592384	108.802008	0.0	1.0
239	0.0	1655.56608	2062.1952	137.961984	91.016784	0.0	1.0
239	1.0	2023.15392	194.23908000000006	125.37292800000002	99.57038399999999	0.0	1.0
239	0.0	943.19616	1263.21552	55.77062399999999	115.45956	0.0	1.0
239	0.0	1708.2048	1935.4528799999998	160.190976	70.33305600000001	0.0	1.0
239	0.0	1141.2211200000002	597.99168	59.709695999999994	92.451024	0.0	1.0
239	0.0	1015.9872	634.7980799999999	101.612544	181.816056	0.0	1.0
239	0.0	1121.69472	808.73424	75.766656	111.909384	0.0	1.0
240	0.0	2687.84256	433.0476	76.007808	87.37308000000002	0.0	1.0
240	0.0	1924.6272	56.48421600000006	71.301888	76.45104	0.0	1.0
240	0.0	1138.0224	650.0412000000001	62.416512	190.24070399999997	0.0	1.0
240	0.0	1539.3216000000002	350.12303999999995	101.282688	125.33853600000002	0.0	1.0
240	0.0	1018.56	766.32912	67.517952	100.360512	0.0	1.0
240	3.0	1500.56064	186.52312800000004	120.456576	112.89153599999999	0.0	1.0
240	0.0	1668.63744	2069.65152	133.688832	92.667456	0.0	1.0
240	0.0	2748.3264	1123.29936	51.552384	107.143776	0.0	1.0
240	0.0	1137.6576	605.0743200000002	60.843648	95.85756	0.0	1.0
240	0.0	945.0662399999999	1272.51864	58.068096000000004	116.78860799999998	0.0	1.0
240	3.0	1721.04192	114.69254400000011	123.27168	151.26760800000002	0.0	1.0
240	0.0	1015.6876799999999	636.7010399999999	101.989248	183.717936	0.0	1.0
240	0.0	1717.47072	1937.00592	151.10016000000002	66.718512	0.0	1.0
240	0.0	1118.65728	813.5704800000001	74.840832	101.916576	0.0	1.0
241	0.0	1114.72512	817.66584	74.908416	95.2452	0.0	1.0
241	3.0	1709.6448	106.54869600000006	117.46943999999999	127.93744799999999	0.0	1.0
241	3.0	1493.69856	186.13951199999997	118.076928	113.920776	0.0	1.0
241	0.0	1015.6608	636.8112000000001	101.822208	184.796424	0.0	1.0
241	0.0	1679.8848	2073.31056	134.666496	86.98104	0.0	1.0
241	0.0	1015.5264000000001	771.0984	65.64096	100.716048	0.0	1.0
241	0.0	2750.88384	1106.84664	46.413695999999995	95.636808	0.0	1.0
241	0.0	1137.84192	612.29304	67.941504	102.732192	0.0	1.0
241	0.0	946.4832	1284.40512	60.77568	118.745784	0.0	1.0
241	0.0	1732.26624	1937.26512	154.865664	63.646992	0.0	1.0
242	3.0	1707.4099199999998	95.15988000000004	117.99552	103.72298399999998	0.0	1.0
242	0.0	1131.02208	663.1934399999998	63.93983999999999	180.547488	0.0	1.0
242	0.0	1013.23392	829.9908	65.77344000000001	178.32636000000002	0.0	1.0
242	3.0	1484.1984	183.43951200000004	120.997248	112.64507999999998	0.0	1.0
242	0.0	1016.02944	635.8284	102.60364800000002	182.4822	0.0	1.0
242	0.0	1691.7465599999998	2075.20272	133.091328	95.23224	0.0	1.0
242	0.0	1108.7577600000002	827.6083199999999	74.722944	100.72944	0.0	1.0
242	0.0	2750.15424	1099.4292	47.0592	101.922408	0.0	1.0
242	0.0	1751.77728	1939.46616	167.773056	65.122488	0.0	1.0
242	0.0	948.79488	1289.86128	60.462336	108.460728	0.0	1.0
243	0.0	2679.2486400000003	425.77919999999995	52.759296	84.477168	0.0	1.0
243	0.0	1507.7184	341.9042400000001	92.39232	69.28437600000001	0.0	1.0
243	0.0	1305.11616	445.52160000000003	77.36064	78.56373599999999	0.0	1.0
243	0.0	1128.14592	627.92712	58.814976	92.15316	0.0	1.0
243	3.0	1478.54592	188.965872	121.13356799999998	122.65128	0.0	1.0
243	0.0	1010.6035200000001	802.96272	67.1712	126.161496	0.0	1.0
243	0.0	2750.85312	1081.5379200000002	45.23712	90.45367200000001	0.0	1.0
243	0.0	1015.44576	633.11544	101.50195199999999	177.53363999999996	0.0	1.0
243	0.0	1106.50368	841.4712000000001	73.88697599999999	105.680376	0.0	1.0
243	0.0	1758.528	1940.83992	147.11615999999998	64.209672	0.0	1.0
243	0.0	1704.04608	2078.93088	134.930304	86.60368800000002	0.0	1.0
243	0.0	952.03584	1310.01192	59.759616	114.25752	0.0	1.0
244	3.0	1688.4672	123.08004000000005	116.469888	154.138464	0.0	1.0
244	3.0	1971.3216	194.09025599999995	126.795264	95.908752	0.0	1.0
244	0.0	1126.92864	632.08512	66.657792	89.85146400000002	0.0	1.0
244	3.0	1473.20064	189.89726399999995	119.803008	122.99968800000002	0.0	1.0
244	0.0	1015.2422400000002	631.7870399999999	100.49472000000002	175.762224	0.0	1.0
244	0.0	1774.656	1944.9072	152.01024	63.63424799999999	0.0	1.0
244	0.0	1104.384	845.7955199999999	74.155392	99.915984	0.0	1.0
244	0.0	952.73856	1319.02344	58.845312	116.96421599999998	0.0	1.0
244	0.0	2749.88928	1072.6236	48.693504	106.458624	0.0	1.0
244	0.0	1008.60672	805.9154400000001	64.015488	109.909872	0.0	1.0
244	0.0	1713.62304	2078.68248	141.47136	79.187976	0.0	1.0
245	0.0	1005.84192	845.6292	64.968192	176.393592	0.0	1.0
245	0.0	1495.25376	353.50343999999996	83.43475199999999	68.036328	0.0	1.0
245	0.0	1725.16992	2078.74512	139.43692800000002	74.655	0.0	1.0
245	0.0	2749.9507200000003	1062.23616	45.323136	114.63595200000002	0.0	1.0
245	0.0	1086.51648	876.48912	49.342464	93.24288000000001	0.0	1.0
245	0.0	1786.90176	1946.75832	158.645376	69.313104	0.0	1.0
245	0.0	1120.6924800000002	646.32384	63.405696	97.91323200000001	0.0	1.0
245	0.0	1015.23072	631.2297599999999	99.906816	174.34051200000002	0.0	1.0
245	0.0	954.83136	1326.26808	58.741632	110.44123199999999	0.0	1.0
246	3.0	1461.28512	196.840368	120.250368	135.948888	0.0	1.0
246	0.0	1003.776	819.7416000000001	65.8272	120.922848	0.0	1.0
246	3.0	1480.70016	425.41416000000004	94.375296	191.58919200000005	0.0	1.0
246	0.0	1114.16832	651.16224	64.835712	94.257432	0.0	1.0
246	0.0	1741.08672	2087.27496	134.567808	83.426544	0.0	1.0
246	0.0	957.20832	1340.59104	58.325376	97.946712	0.0	1.0
246	3.0	1668.5184	123.625224	125.806464	160.723224	0.0	1.0
246	0.0	1015.24992	630.7869600000001	100.154112	173.84587199999999	0.0	1.0
246	0.0	1803.77088	1948.77576	168.39475199999998	67.39308	0.0	1.0
246	0.0	1097.59872	864.93744	75.579648	96.116544	0.0	1.0
247	3.0	1662.10176	93.19946400000003	121.068672	107.88638399999999	0.0	1.0
247	3.0	1663.03104	127.53071999999986	120.58560000000001	157.786056	0.0	1.0
247	3.0	1471.7184	410.76288	96.923136	146.606112	0.0	1.0
247	0.0	2748.52224	1035.4694399999998	47.78265600000001	96.21158399999999	0.0	1.0
247	0.0	1468.92672	373.04711999999995	100.02124799999999	70.816248	0.0	1.0
247	0.0	1112.6976	660.4200000000001	60.225408	101.055816	0.0	1.0
247	3.0	1455.3792	193.4303759999999	113.917056	124.207128	0.0	1.0
247	0.0	1752.89856	2088.61848	133.443456	84.380832	0.0	1.0
247	0.0	1015.4534399999999	629.89488	100.46208	173.52252	0.0	1.0
247	0.0	961.4208	1355.87952	64.18368	114.698592	0.0	1.0
247	0.0	1808.34816	1949.74992	150.1344	66.39040800000001	0.0	1.0
247	0.0	998.77632	827.10504	69.403392	119.548008	0.0	1.0
247	0.0	1092.29184	881.51112	75.328512	116.72834399999999	0.0	1.0
248	3.0	1658.06208	104.44269600000007	120.104448	121.137336	0.0	1.0
248	3.0	2590.9593600000003	395.74440000000004	70.983552	109.306368	0.0	1.0
248	0.0	1263.55584	1873.51704	114.777984	135.369144	0.0	1.0
248	0.0	2643.1641600000003	388.1088	61.03334400000001	86.49396	0.0	1.0
248	0.0	996.4800000000001	837.69984	67.016064	123.2982	0.0	1.0
248	3.0	1657.67424	127.44864000000007	125.28192	166.1796	0.0	1.0
248	0.0	1463.37408	381.26376000000005	90.926208	74.852424	0.0	1.0
248	3.0	1446.19008	243.65016000000003	121.767936	145.28311200000002	0.0	1.0
248	0.0	1015.2575999999999	630.2815199999999	100.653696	174.67682399999998	0.0	1.0
248	0.0	1764.76032	2093.7960000000003	135.310464	81.04536	0.0	1.0
248	0.0	1109.03424	662.3899199999998	64.36032	97.425072	0.0	1.0
248	0.0	1822.96704	1950.61608	148.882176	67.299768	0.0	1.0
248	0.0	2748.75648	1028.73456	46.148352	94.993128	0.0	1.0
248	0.0	964.08192	1362.31632	62.147712	117.191664	0.0	1.0
248	0.0	1090.75968	886.56336	74.701824	106.545888	0.0	1.0
249	0.0	2634.15168	381.2356800000001	61.031808	95.57136	0.0	1.0
249	1.0	1918.78656	206.07350400000007	127.011072	101.12688	0.0	1.0
249	0.0	1456.25856	386.16912	93.81849599999998	75.06	0.0	1.0
249	0.0	1102.8172799999998	671.3107200000001	57.60422400000001	88.650288	0.0	1.0
249	0.0	1015.11936	630.2988	100.276992	174.820032	0.0	1.0
249	0.0	993.10848	845.09568	60.72768	117.624096	0.0	1.0
249	0.0	2747.8464	1016.26704	44.822016	93.488904	0.0	1.0
249	0.0	1086.55872	897.28992	73.480704	115.120224	0.0	1.0
249	0.0	1775.4624	2096.2368	137.568768	76.981104	0.0	1.0
249	0.0	1836.83328	1951.3764	155.050752	64.949688	0.0	1.0
249	0.0	967.10016	1373.80968	63.075456	114.79212000000001	0.0	1.0
250	0.0	3084.02688	160.513056	48.682752	79.767288	0.0	1.0
250	0.0	2623.64928	375.18768	68.735232	95.95238400000001	0.0	1.0
250	3.0	1641.4579199999998	143.34429599999999	115.909632	134.429328	0.0	1.0
250	0.0	994.0415999999999	854.38368	65.885568	123.50685599999998	0.0	1.0
250	0.0	1015.48032	630.5385600000001	101.059968	174.685032	0.0	1.0
250	0.0	1083.35232	906.0336	70.84723199999999	104.96174400000001	0.0	1.0
250	0.0	1100.33664	686.25576	57.341184000000005	102.588984	0.0	1.0
250	0.0	1782.71232	2097.08136	144.51648	74.759544	0.0	1.0
250	0.0	969.91104	1380.32208	61.045247999999994	110.399112	0.0	1.0
250	0.0	2746.77504	1000.25712	44.970624	101.244816	0.0	1.0
250	0.0	1851.29472	1951.24032	153.10080000000002	62.532648	0.0	1.0
251	0.0	3084.75264	160.19337599999994	47.534976	79.19942400000001	0.0	1.0
251	0.0	1824.70272	66.58545600000002	89.05152	69.272712	0.0	1.0
251	0.0	1439.38176	400.0212	83.89632	70.71948	0.0	1.0
251	0.0	989.4412799999999	862.07544	63.097344000000014	120.254544	0.0	1.0
251	0.0	2618.71872	377.17920000000004	68.690304	111.156192	0.0	1.0
251	0.0	1015.7260799999999	631.0526400000001	101.030784	175.95360000000002	0.0	1.0
251	0.0	1079.78112	920.01312	69.216768	116.487072	0.0	1.0
251	0.0	2747.56608	991.1916	41.150976	96.03943200000002	0.0	1.0
251	0.0	1092.79488	693.2455199999999	53.369856	102.378384	0.0	1.0
251	0.0	1864.80384	1953.10656	150.91315200000005	64.228248	0.0	1.0
251	0.0	974.1273600000001	1404.3931200000002	60.64243199999999	110.90735999999998	0.0	1.0
251	0.0	1800.56064	2098.8612	137.378304	79.312176	0.0	1.0
252	3.0	1420.704	237.88944000000004	118.01817600000001	106.02122400000002	0.0	1.0
252	0.0	2744.832	979.68096	42.308352	101.00570399999998	0.0	1.0
252	0.0	1812.48384	2100.21984	135.55584	74.473344	0.0	1.0
252	0.0	2729.15328	1010.0592	73.061376	168.794928	0.0	1.0
252	0.0	2971.21536	652.29192	92.219136	194.36349600000003	0.0	1.0
252	0.0	1878.47808	1954.7028	154.067328	66.50143200000001	0.0	1.0
252	0.0	1814.42304	70.39461600000004	94.202496	74.50228800000001	0.0	1.0
252	0.0	1015.70304	630.6552	100.677504	174.818088	0.0	1.0
252	0.0	1076.97408	927.71568	67.89888	114.84072	0.0	1.0
252	0.0	990.05952	871.7803200000001	64.921728	121.876488	0.0	1.0
252	0.0	1096.85376	697.84416	66.640896	97.30692000000002	0.0	1.0
252	0.0	977.9712	1409.3308800000002	60.16512	119.878704	0.0	1.0
253	0.0	1767.56736	1626.4670400000002	41.954688	50.28804	0.0	1.0
253	0.0	3084.62592	160.85973599999988	47.711616	79.958232	0.0	1.0
253	3.0	1414.82112	242.81424000000004	115.54752	97.884072	0.0	1.0
253	0.0	1422.90048	415.95552	85.316352	80.91165600000001	0.0	1.0
253	0.0	1813.68192	64.90778399999999	82.232064	57.8934	0.0	1.0
253	0.0	2602.89024	352.4472000000002	71.38099199999999	79.839864	0.0	1.0
253	0.0	2744.68224	970.10568	40.323456	100.801368	0.0	1.0
253	0.0	1015.5648000000001	630.2059200000001	100.634496	174.67941599999997	0.0	1.0
253	0.0	1823.30112	2101.03632	137.791872	69.220224	0.0	1.0
253	0.0	1898.60352	1953.60984	171.29088000000002	65.258136	0.0	1.0
253	0.0	1092.69888	704.6892	66.634752	96.353064	0.0	1.0
253	0.0	1073.07648	935.61912	67.34361600000001	101.272248	0.0	1.0
253	0.0	985.8393600000002	877.53672	64.033536	116.82835200000001	0.0	1.0
253	0.0	979.3958400000001	1423.33416	60.246144	101.28888	0.0	1.0
254	3.0	1408.3392	249.17759999999998	110.46950400000001	105.114888	0.0	1.0
254	0.0	1071.88992	1002.56616	62.001408	143.409096	0.0	1.0
254	0.0	1070.73408	944.10144	71.660544	99.69588	0.0	1.0
254	0.0	3085.17504	161.97926400000006	47.80646399999999	79.16508	0.0	1.0
254	0.0	1066.22592	959.90832	52.871424000000005	100.393344	0.0	1.0
254	0.0	2742.12096	961.53912	39.918336	113.350752	0.0	1.0
254	0.0	2596.29312	347.61312	64.991616	78.682752	0.0	1.0
254	0.0	1090.21056	708.1235999999999	64.05849599999999	84.891888	0.0	1.0
254	0.0	1284.77952	679.34808	60.62937600000001	149.723856	0.0	1.0
254	0.0	984.40704	883.23696	62.86310399999999	120.33878399999999	0.0	1.0
254	0.0	1015.48416	630.3204	100.641024	175.174272	0.0	1.0
254	0.0	1836.87168	2102.47488	138.311424	65.969424	0.0	1.0
254	0.0	1414.71744	427.43808	85.081728	74.820888	0.0	1.0
254	0.0	1910.20416	1954.18872	166.87296	70.172352	0.0	1.0
254	0.0	984.672	1429.15536	62.364287999999995	112.180248	0.0	1.0
255	3.0	1403.1552	249.82128	109.797888	99.293904	0.0	1.0
255	0.0	1592.64384	98.870544	83.213952	75.814704	0.0	1.0
255	0.0	3085.47456	162.43761599999993	46.52275199999999	79.52212800000001	0.0	1.0
255	0.0	2585.67552	330.7392	73.47302400000001	93.184128	0.0	1.0
255	0.0	1404.92544	435.8124	84.679296	77.095152	0.0	1.0
255	0.0	982.83264	895.57488	64.56384	116.84023199999999	0.0	1.0
255	0.0	1848.36864	2102.1876	139.35552	61.164504	0.0	1.0
255	0.0	1917.14304	1952.76744	151.514496	69.166224	0.0	1.0
255	0.0	2740.02048	948.88368	40.968576	113.506056	0.0	1.0
255	0.0	1067.48928	954.61848	63.280128	100.1862	0.0	1.0
255	0.0	988.62336	1437.59016	60.74380800000001	106.150824	0.0	1.0
255	0.0	1015.42656	629.84952	100.76467199999999	175.62441599999997	0.0	1.0
255	0.0	1086.14784	718.29936	65.076864	91.54533599999999	0.0	1.0
256	0.0	2728.81536	948.2724	54.010368	141.87225600000002	0.0	1.0
256	0.0	3076.17408	165.37564799999996	67.554432	83.392848	0.0	1.0
256	0.0	1272.97536	688.52376	61.11436800000001	167.237784	0.0	1.0
256	0.0	1053.64608	972.19656	53.84448	100.393992	0.0	1.0
256	0.0	1277.92128	612.5868	68.78976	96.25953600000001	0.0	1.0
256	0.0	1397.35296	440.5319999999999	79.56864	71.78219999999999	0.0	1.0
256	0.0	1015.67616	629.67672	100.65638400000002	174.793464	0.0	1.0
256	0.0	1080.89088	724.05576	64.617216	90.91223999999998	0.0	1.0
256	0.0	1861.16736	2102.76	136.591488	67.115304	0.0	1.0
256	0.0	993.0431999999997	1450.61064	63.95328	119.446488	0.0	1.0
256	0.0	1930.89792	1955.13912	157.85049600000002	73.665504	0.0	1.0
256	0.0	978.98496	903.36384	61.633152	114.547176	0.0	1.0
257	0.0	2574.29376	328.5856799999999	85.704192	96.844032	0.0	1.0
257	0.0	1272.8716800000002	684.8690399999999	72.73536	196.982064	0.0	1.0
257	3.0	1393.2096	263.63447999999994	110.07628800000002	111.292704	0.0	1.0
257	0.0	1360.74624	1958.03136	98.49484799999999	96.28416	0.0	1.0
257	0.0	2736.864	930.34656	40.23552	122.03611199999999	0.0	1.0
257	0.0	1015.93728	630.0568800000001	101.287296	174.53275200000002	0.0	1.0
257	0.0	1081.536	720.06408	71.21472	81.39290399999999	0.0	1.0
257	0.0	976.70016	908.81568	64.26662400000001	117.132048	0.0	1.0
257	0.0	1948.4928	1950.64632	159.765504	64.71165599999999	0.0	1.0
257	0.0	1064.55552	971.7948	71.892096	109.295352	0.0	1.0
257	0.0	1871.7696	2104.22448	136.512384	65.737008	0.0	1.0
257	0.0	994.92096	1462.3632	59.91206400000001	107.595864	0.0	1.0
258	0.0	2726.01984	904.56048	48.561408	108.79941600000001	0.0	1.0
258	3.0	1383.56352	263.3904	103.417344	105.476688	0.0	1.0
258	0.0	1075.6224000000002	736.2792000000001	69.890688	91.363248	0.0	1.0
258	0.0	1232.18688	558.05976	80.705664	89.619696	0.0	1.0
258	0.0	1015.1308799999999	630.1735199999999	100.173312	173.206296	0.0	1.0
258	0.0	1964.0102400000003	1951.074	161.534592	68.60311200000001	0.0	1.0
258	0.0	975.072	922.51872	66.69004799999999	113.9022	0.0	1.0
258	0.0	1885.53984	2103.32592	137.844864	65.042568	0.0	1.0
258	0.0	1063.1385600000003	978.56856	72.00192	104.81443200000001	0.0	1.0
258	0.0	999.1833599999999	1466.95104	60.234624	105.64754399999998	0.0	1.0
259	0.0	2720.56704	908.41392	55.534848	139.38912000000002	0.0	1.0
259	1.0	1766.53056	117.24177599999996	114.95923200000001	86.339088	0.0	1.0
259	3.0	1377.60768	274.48199999999997	105.543936	122.060736	0.0	1.0
259	0.0	1254.60864	726.40152	62.47488	154.611936	0.0	1.0
259	0.0	1071.14496	737.1756	68.99020800000001	78.01358400000001	0.0	1.0
259	0.0	1015.6876799999999	629.54496	101.028096	172.924632	0.0	1.0
259	0.0	1973.90976	1954.05696	156.024576	75.33842399999999	0.0	1.0
259	0.0	1896.09984	2103.9372000000003	139.811328	60.81588	0.0	1.0
259	0.0	999.99744	1481.49	52.422912	96.445296	0.0	1.0
259	0.0	972.37248	926.58168	64.493952	116.57260800000002	0.0	1.0
259	0.0	1059.47904	988.24104	70.242816	105.24816	0.0	1.0
260	0.0	2724.89088	896.74344	42.24768	127.157904	0.0	1.0
260	0.0	1069.06368	802.74888	63.583488	179.70508799999996	0.0	1.0
260	0.0	1004.50944	1501.34688	58.005503999999995	110.56716	0.0	1.0
260	3.0	1368.5184	280.5926400000001	111.904128	106.010856	0.0	1.0
260	0.0	1361.6256	257.00112	59.74771199999999	85.364496	0.0	1.0
260	0.0	1069.22496	744.1308	67.284096	89.022888	0.0	1.0
260	0.0	1990.4256	1946.22264	161.61907200000002	71.19511200000001	0.0	1.0
260	0.0	1907.97312	2104.06464	138.053376	67.751856	0.0	1.0
260	0.0	1059.1488	998.40816	69.245184	110.59675199999998	0.0	1.0
260	0.0	1014.84672	629.88408	99.69599999999998	173.201544	0.0	1.0
260	0.0	972.1612799999999	930.12408	63.05088	117.750024	0.0	1.0
261	3.0	1362.64704	278.3484000000001	108.026112	107.56584	0.0	1.0
261	0.0	1216.64256	589.02336	75.333888	106.199856	0.0	1.0
261	0.0	2716.0896	887.3733599999999	52.404864	133.812648	0.0	1.0
261	0.0	1065.34272	762.52968	66.98611199999999	95.436144	0.0	1.0
261	0.0	1919.53536	2101.13352	136.962816	67.8348	0.0	1.0
261	0.0	1014.3936	631.75464	98.68953600000002	175.70541600000004	0.0	1.0
261	0.0	2009.11488	1944.33264	172.13952	68.229432	0.0	1.0
261	0.0	1049.7408	1005.52536	61.757184	94.811256	0.0	1.0
261	0.0	1007.45472	1500.19992	52.560768	99.79804800000001	0.0	1.0
261	0.0	970.18368	943.1748	62.234496	115.924176	0.0	1.0
262	0.0	1359.45984	271.77336	93.785088	89.0028	0.0	1.0
262	0.0	1238.85312	681.09552	73.471488	116.69659200000001	0.0	1.0
262	0.0	1061.3184	769.98384	65.05036799999999	93.915288	0.0	1.0
262	0.0	1383.3984	1963.73592	144.105984	126.57945599999998	0.0	1.0
262	0.0	860.14464	1711.1736	126.73689600000002	110.72051999999998	0.0	1.0
262	0.0	2696.80896	901.03968	77.448576	189.718416	0.0	1.0
262	0.0	2017.45536	1942.79472	160.30656	73.354896	0.0	1.0
262	0.0	1014.5664	630.2512800000001	99.394176	174.33252000000002	0.0	1.0
262	0.0	1012.6195199999999	1507.78368	54.144384	100.29528000000002	0.0	1.0
262	0.0	1053.64992	1014.45696	68.783232	99.974736	0.0	1.0
262	0.0	1933.46688	2104.58952	141.79776	75.416832	0.0	1.0
262	0.0	968.54784	950.20776	57.952896	116.876304	0.0	1.0
263	0.0	1344.41088	504.43128	77.874816	82.084968	0.0	1.0
263	0.0	1943.79264	2102.94576	139.580544	74.276352	0.0	1.0
263	0.0	2713.92	857.38176	40.712448	122.504616	0.0	1.0
263	0.0	1014.57792	629.31168	98.50559999999999	173.54304	0.0	1.0
263	0.0	2029.91616	1942.12944	162.044544	73.785384	0.0	1.0
263	0.0	1051.00032	1021.67136	65.528448	98.36208	0.0	1.0
263	0.0	966.83136	953.1432	60.544896	115.34076	0.0	1.0
264	0.0	1017.41184	1536.97824	43.716096	88.058448	0.0	1.0
264	3.0	1533.59616	214.487568	109.36857599999999	184.73616	0.0	1.0
264	0.0	1523.12064	139.25714399999993	86.15846400000001	73.34172	0.0	1.0
264	0.0	1335.6019199999998	515.6028	81.82041600000001	82.717416	0.0	1.0
264	0.0	1397.24928	1972.13832	149.121024	120.80556	0.0	1.0
264	0.0	2710.8672	839.09736	39.97056	107.080056	0.0	1.0
264	0.0	1015.0771199999999	629.46288	99.87379200000001	174.003768	0.0	1.0
264	0.0	965.8291200000001	963.61488	59.05152	114.535728	0.0	1.0
264	0.0	2051.68512	1939.00824	157.44115200000002	72.61963200000001	0.0	1.0
264	0.0	1955.62752	2106.22248	141.14265600000002	81.062208	0.0	1.0
264	0.0	1047.74784	1032.28344	69.95865599999999	100.89252	0.0	1.0
265	0.0	1026.32448	1544.56632	55.127808	94.63413599999998	0.0	1.0
265	0.0	1336.91136	294.5268	93.32544	94.82896799999999	0.0	1.0
265	0.0	1047.59424	1108.73664	69.52627199999999	223.34400000000002	0.0	1.0
265	0.0	1329.41184	521.24256	77.604096	77.57186399999999	0.0	1.0
265	0.0	2978.96448	595.4320799999999	81.30777599999999	80.620272	0.0	1.0
265	0.0	2703.65568	833.64336	43.34092799999999	119.818656	0.0	1.0
265	0.0	1966.89792	2097.42912	131.83219200000002	74.834496	0.0	1.0
265	0.0	1050.5087999999998	791.1972	63.41913600000001	90.2232	0.0	1.0
265	0.0	1047.7632	1041.21288	67.72800000000001	106.562952	0.0	1.0
265	0.0	1015.10016	629.39592	99.93715200000001	173.33308799999998	0.0	1.0
265	0.0	964.5465599999999	973.03248	61.001856	115.18610400000001	0.0	1.0
265	0.0	2066.29632	1941.88104	175.494528	81.10735199999999	0.0	1.0
266	0.0	1041.3696	1059.534	58.836864	85.85459999999999	0.0	1.0
266	0.0	1029.0854399999998	1557.93456	53.854464	85.58892	0.0	1.0
266	0.0	1047.97824	796.28184	61.74182400000001	89.169768	0.0	1.0
266	0.0	1508.00256	144.61394399999995	110.34355200000002	74.677248	0.0	1.0
266	3.0	1524.17664	220.50576	105.721344	185.1714	0.0	1.0
266	0.0	2978.33856	606.5431199999999	82.244736	103.20372	0.0	1.0
266	0.0	1044.59904	1117.79136	68.976768	218.91383999999996	0.0	1.0
266	0.0	1978.87104	2091.39192	137.225856	69.54962400000001	0.0	1.0
266	0.0	2084.65152	1935.49392	150.960384	75.37730400000001	0.0	1.0
266	0.0	1015.61472	628.82784	100.685184	172.5894	0.0	1.0
266	0.0	2701.056	811.1685600000001	42.649344	100.830312	0.0	1.0
266	0.0	962.89536	979.74576	62.82086399999999	118.08331199999999	0.0	1.0
267	0.0	1500.6259200000002	145.36778400000003	102.01036800000001	83.98944	0.0	1.0
267	0.0	2979.17952	591.3820800000001	81.248256	73.275624	0.0	1.0
267	0.0	1035.81696	1565.97624	54.204672	90.05860800000002	0.0	1.0
267	0.0	2978.71872	606.6856799999999	82.009344	103.79772	0.0	1.0
267	0.0	1317.12	544.1342400000001	77.71315200000001	89.57131199999999	0.0	1.0
267	3.0	1510.95936	223.77384000000006	116.172288	188.555256	0.0	1.0
267	0.0	1986.1632	2091.1932	129.54547200000002	67.302144	0.0	1.0
267	0.0	2696.68992	806.7578400000001	42.430848000000005	113.212296	0.0	1.0
267	0.0	1015.2921600000001	629.0136	100.3968	172.685952	0.0	1.0
267	0.0	1044.43776	804.7296	62.740224000000005	95.483232	0.0	1.0
267	0.0	2093.77536	1930.22568	159.718272	70.832448	0.0	1.0
267	0.0	961.04064	986.3208	60.39168000000001	118.701288	0.0	1.0
267	0.0	1042.7673599999998	1072.12464	68.888832	118.695456	0.0	1.0
268	0.0	2978.9568	601.11072	82.648704	93.114144	0.0	1.0
268	0.0	1309.27104	569.03256	75.499392	109.86732	0.0	1.0
268	3.0	1500.00384	231.50231999999994	100.364544	163.29729600000002	0.0	1.0
268	0.0	1497.67296	144.01756799999998	96.590208	86.30387999999999	0.0	1.0
268	0.0	2116.4544	1928.07	151.291392	71.499024	0.0	1.0
268	0.0	1998.528	2101.4186400000003	137.114496	90.275904	0.0	1.0
268	0.0	1043.9577600000002	811.66752	61.746816	94.264992	0.0	1.0
268	0.0	961.4092800000001	992.71872	60.93504	124.09977599999999	0.0	1.0
268	0.0	1015.3075199999998	629.6788799999999	100.212096	173.18016	0.0	1.0
268	0.0	1041.696	1075.96944	69.87609599999999	111.40912800000001	0.0	1.0
269	0.0	2669.08032	812.76912	73.34899200000001	168.280848	0.0	1.0
269	0.0	1299.69024	573.11712	68.187264	84.756456	0.0	1.0
269	3.0	1317.88032	374.63688	106.16448	204.942744	0.0	1.0
269	0.0	1043.08224	1591.2093599999998	49.264512	83.014848	0.0	1.0
269	3.0	1194.6009600000002	798.7031999999999	79.756416	201.01176	0.0	1.0
269	0.0	2467.51488	261.7552800000001	104.431872	87.137424	0.0	1.0
269	0.0	1041.2736	819.4068	64.960512	93.89217599999999	0.0	1.0
269	0.0	1014.67008	629.8646399999998	99.19372800000001	174.10464	0.0	1.0
269	0.0	2013.13152	2086.92936	137.958912	67.05828	0.0	1.0
269	0.0	2122.99008	1925.6616	163.105536	72.050904	0.0	1.0
269	0.0	961.3017600000001	1000.01304	63.68947200000001	121.704336	0.0	1.0
269	0.0	1039.7030399999999	1085.3136	67.86815999999999	112.134888	0.0	1.0
270	0.0	2978.86848	590.7988799999999	82.395648	73.15531200000001	0.0	1.0
270	0.0	2978.49984	606.11976	82.92979199999999	104.071176	0.0	1.0
270	0.0	1455.08736	2000.57904	160.204032	115.821576	0.0	1.0
270	3.0	2455.59552	256.28832	103.57824	78.429816	0.0	1.0
270	0.0	1489.82016	149.82040800000004	97.84512	81.501552	0.0	1.0
270	3.0	1313.99424	382.25952000000007	102.562176	213.004296	0.0	1.0
270	0.0	1039.49952	825.4720799999999	61.10976	90.507024	0.0	1.0
270	0.0	1310.59968	322.17048	94.665984	101.05452	0.0	1.0
270	0.0	2669.80224	788.55984	62.469888	142.60298400000002	0.0	1.0
270	0.0	1290.2016	580.09392	65.250816	76.78951199999999	0.0	1.0
270	3.0	1491.82848	220.93560000000002	113.48659199999999	206.69515200000004	0.0	1.0
270	0.0	1176.51072	665.93016	75.626496	129.911256	0.0	1.0
270	0.0	1046.208	1595.02392	44.658048	84.03588	0.0	1.0
270	0.0	2026.08384	2084.7888000000003	137.056128	66.386952	0.0	1.0
270	0.0	2147.17056	1922.08464	140.13696	73.73181600000001	0.0	1.0
270	0.0	2672.82816	768.1284	56.948736	100.80936	0.0	1.0
270	0.0	1038.45888	1097.9755200000002	65.04345599999999	119.938536	0.0	1.0
270	0.0	1014.34368	629.5363199999999	98.844288	172.735848	0.0	1.0
270	0.0	961.53216	1007.8992	63.38841599999999	120.75912	0.0	1.0
271	3.0	1181.19936	775.04472	81.36768000000001	128.645928	0.0	1.0
271	0.0	2974.76736	606.16728	88.70438399999999	102.726792	0.0	1.0
271	3.0	2654.70336	793.5732	81.97708800000001	160.502472	0.0	1.0
271	0.0	1173.3657600000001	645.75792	78.687744	75.96028799999999	0.0	1.0
271	0.0	1682.52288	125.19878400000005	119.57683199999998	101.286072	0.0	1.0
271	0.0	1284.46848	587.1571200000001	64.322304	74.372472	0.0	1.0
271	0.0	1038.2976000000003	829.4702400000001	64.367232	79.89213600000001	0.0	1.0
271	3.0	1306.44096	334.7827199999998	97.759488	106.578504	0.0	1.0
271	0.0	2973.70752	643.54176	94.020864	181.261152	0.0	1.0
271	3.0	2449.73952	254.54088000000002	102.315648	75.54081599999999	0.0	1.0
271	0.0	1054.85568	1609.52184	56.200704	97.914528	0.0	1.0
271	3.0	1703.1744	300.34583999999995	127.56134399999999	190.755648	0.0	1.0
271	0.0	1014.84672	629.3635199999999	99.935232	173.77545600000002	0.0	1.0
271	0.0	961.51296	1017.13104	63.79660799999999	123.401016	0.0	1.0
271	0.0	2155.45344	1916.8812000000003	143.506944	68.884344	0.0	1.0
271	0.0	2664.7104	757.82088	65.73504	114.440472	0.0	1.0
271	0.0	2035.6032	2083.46472	137.687808	70.272144	0.0	1.0
271	0.0	1036.6886399999999	1109.68056	66.38208	118.6758	0.0	1.0
272	0.0	2658.72	748.7856	70.957056	111.179304	0.0	1.0
272	3.0	1300.0896	335.42639999999994	98.414976	101.29276799999998	0.0	1.0
272	0.0	1280.16384	598.36752	70.340736	91.92031200000001	0.0	1.0
272	3.0	1692.2688	301.53816000000006	129.08390400000002	197.035848	0.0	1.0
272	0.0	2047.07328	2081.62872	136.1376	72.240984	0.0	1.0
272	0.0	1168.91136	656.2382399999999	79.830144	80.76369600000001	0.0	1.0
272	0.0	1014.32448	629.5363199999999	99.27129599999999	173.050344	0.0	1.0
272	0.0	2170.37184	1917.26568	134.67763200000002	77.90774400000001	0.0	1.0
272	3.0	1464.55296	230.03783999999996	127.701888	208.478448	0.0	1.0
272	0.0	960.14208	1023.31512	62.311296	122.058144	0.0	1.0
272	0.0	1034.5036799999998	1117.33776	63.670656	116.25552	0.0	1.0
273	3.0	1293.15456	343.1159999999999	92.4384	109.76018399999998	0.0	1.0
273	0.0	2659.16544	759.03912	55.292544	144.514584	0.0	1.0
273	3.0	2642.6457600000003	768.2601599999999	84.389376	165.603744	0.0	1.0
273	0.0	1169.56032	843.05448	73.40544	210.866544	0.0	1.0
273	0.0	1165.40928	871.25976	63.410304000000004	161.032104	0.0	1.0
273	0.0	1030.10304	852.53472	62.157696	97.32096	0.0	1.0
273	0.0	1031.47392	895.13208	63.55008000000001	180.66996	0.0	1.0
273	0.0	858.34368	1712.18448	123.992064	108.62769599999999	0.0	1.0
273	0.0	1014.04416	630.3420000000001	98.925312	173.75731200000004	0.0	1.0
273	0.0	2660.91264	729.05184	47.73619200000001	85.743144	0.0	1.0
273	0.0	2172.15744	1911.4704	140.625408	74.90448	0.0	1.0
273	0.0	2055.78624	2082.564	139.88544000000002	73.144728	0.0	1.0
273	0.0	958.93632	1032.70248	59.856	116.552088	0.0	1.0
273	0.0	1032.7756800000002	1125.24768	62.163072	113.089392	0.0	1.0
274	3.0	2428.55424	237.45528000000002	99.81504	79.449336	0.0	1.0
274	0.0	1032.68736	1162.51632	64.28160000000001	167.961384	0.0	1.0
274	0.0	1028.62464	861.2697599999999	59.961984	98.24759999999999	0.0	1.0
274	0.0	1495.9564799999998	2017.03824	136.440576	108.369792	0.0	1.0
274	0.0	858.20544	1712.19096	123.5616	108.2592	0.0	1.0
274	0.0	1014.8352	630.51264	100.432896	174.40596	0.0	1.0
274	0.0	1162.51008	802.6387199999999	73.71647999999999	92.236104	0.0	1.0
274	0.0	2191.40352	1906.48944	150.619776	75.85552799999999	0.0	1.0
274	0.0	2069.05344	2079.1728	137.463552	74.18412000000001	0.0	1.0
274	0.0	1448.4288	172.97215200000005	85.1136	90.542016	0.0	1.0
274	0.0	958.0377599999999	1042.1892	56.982528	112.919832	0.0	1.0
274	0.0	1287.9168	335.80656	91.89504	101.328624	0.0	1.0
274	0.0	2653.94688	728.784	52.67443200000001	105.65488800000001	0.0	1.0
274	0.0	1073.9174400000002	1649.89008	56.37312	118.12284	0.0	1.0
274	0.0	1033.8624	1137.65256	64.566528	115.575768	0.0	1.0
275	0.0	2647.80288	737.43696	54.062976	139.916376	0.0	1.0
275	0.0	858.49728	1712.13048	124.072704	108.199152	0.0	1.0
275	0.0	2979.072	606.3508800000001	83.47776	103.47220799999998	0.0	1.0
275	0.0	1014.86592	630.69192	100.382592	174.71548800000002	0.0	1.0
275	3.0	2416.03968	228.57119999999998	105.873024	87.00868799999999	0.0	1.0
275	0.0	1023.83616	866.8900799999999	61.830912	94.23756	0.0	1.0
275	0.0	2649.98784	717.34896	49.05753599999999	101.201184	0.0	1.0
275	0.0	1284.24576	337.21704	93.782016	91.62957599999999	0.0	1.0
275	0.0	1075.89888	1645.1899199999998	46.367616	97.995096	0.0	1.0
275	0.0	2213.34528	1901.27088	143.271936	78.090912	0.0	1.0
275	0.0	2080.36992	2079.63072	137.48083200000002	75.205368	0.0	1.0
275	0.0	1032.5567999999998	1163.74752	63.29702400000001	154.114704	0.0	1.0
275	0.0	959.2627200000001	1046.58048	60.55526400000001	114.4584	0.0	1.0
276	0.0	2642.19264	704.51208	49.032192	94.21034400000002	0.0	1.0
276	3.0	2609.80224	753.40368	65.424384	161.464968	0.0	1.0
276	0.0	1257.05856	634.78728	66.514944	81.641736	0.0	1.0
276	0.0	1078.6368	1663.19352	39.772032	85.30272	0.0	1.0
276	3.0	2407.53408	227.58839999999998	103.79942400000002	79.78435200000001	0.0	1.0
276	0.0	2979.57888	604.8324	82.655232	100.78128	0.0	1.0
276	3.0	2422.41408	229.03344000000004	77.98540799999999	77.351112	0.0	1.0
276	0.0	1282.22208	342.95183999999995	89.513856	73.18015199999999	0.0	1.0
276	0.0	857.7984000000001	1712.2816799999998	122.47449600000003	107.887896	0.0	1.0
276	0.0	1510.70208	2026.12968	148.966272	106.09272	0.0	1.0
276	0.0	2221.96992	1896.64416	145.296384	81.413856	0.0	1.0
276	0.0	2092.75776	2077.3044	140.44684800000002	80.15759999999999	0.0	1.0
276	0.0	959.00544	1051.6284	59.516928	112.66128	0.0	1.0
276	0.0	1030.8672	1162.27656	62.38464	128.352168	0.0	1.0
277	0.0	2620.09344	716.0162399999999	82.39756799999999	143.323776	0.0	1.0
277	0.0	2979.01824	606.042	83.72736	103.411944	0.0	1.0
277	0.0	1099.0848	1684.57536	69.024768	124.124616	0.0	1.0
277	0.0	1143.7056	715.4352	75.487488	125.89732799999999	0.0	1.0
277	0.0	1014.8774400000001	631.66176	100.048512	176.401152	0.0	1.0
277	0.0	2626.20672	691.03584	72.483072	96.90904799999998	0.0	1.0
277	0.0	1020.40704	874.1865600000001	57.82809600000001	84.861	0.0	1.0
277	0.0	1524.6566400000002	2030.28984	150.763008	107.17293599999999	0.0	1.0
277	0.0	1093.34016	1671.57864	53.664384000000005	99.126288	0.0	1.0
277	0.0	2405.184	226.26	96.281856	78.975864	0.0	1.0
277	0.0	1272.01152	353.56608000000006	87.86764799999999	80.22542399999999	0.0	1.0
277	0.0	859.1500799999999	1711.65744	124.708224	108.753624	0.0	1.0
277	0.0	2230.944	1888.98264	140.462592	75.98664000000001	0.0	1.0
277	0.0	957.65376	1057.55112	58.57536	124.31102400000002	0.0	1.0
277	0.0	2102.4384	2073.978	136.096896	77.758272	0.0	1.0
277	0.0	1028.99328	1173.8844	59.579136	129.087216	0.0	1.0
278	3.0	1263.4368	373.96512000000007	84.461184	120.116736	0.0	1.0
278	3.0	1261.33248	441.4737600000001	74.06784	182.20464000000004	0.0	1.0
278	0.0	1020.1152	936.04032	61.573632	184.37284800000003	0.0	1.0
278	0.0	2398.74048	222.11064	93.01247999999998	75.427848	0.0	1.0
278	3.0	2610.12096	727.09488	87.369216	172.13039999999998	0.0	1.0
278	0.0	1101.9532800000002	1680.4389600000002	60.09753599999999	101.084544	0.0	1.0
278	0.0	1138.8672	863.82072	71.91936	138.861648	0.0	1.0
278	0.0	1241.62176	713.74392	67.690752	195.019488	0.0	1.0
278	1.0	1035.93984	725.15952	75.07161599999999	121.727448	0.0	1.0
278	0.0	1526.27328	2032.5708	156.208128	108.57196800000001	0.0	1.0
278	0.0	1108.18944	1695.40992	73.36281600000001	129.53023199999998	0.0	1.0
278	0.0	858.01344	1712.42856	124.436736	108.48859199999998	0.0	1.0
278	0.0	1014.17856	632.28816	100.466688	176.360544	0.0	1.0
278	0.0	2235.22944	1884.76416	145.799424	80.93995199999999	0.0	1.0
278	0.0	2624.45952	677.6373600000001	57.195648	85.460184	0.0	1.0
278	0.0	957.63456	1063.13472	58.683264	124.787088	0.0	1.0
278	0.0	2115.01824	2072.9887200000003	141.549696	80.879256	0.0	1.0
278	0.0	1029.5616	1178.94312	58.153728	123.39064800000001	0.0	1.0
279	0.0	2591.904	715.0572	70.119936	172.65592800000002	0.0	1.0
279	0.0	2386.11456	219.87072	109.53753599999999	78.523128	0.0	1.0
279	0.0	1136.01792	727.13592	80.557056	124.233264	0.0	1.0
279	0.0	954.28224	1080.3888	53.1552	109.346976	0.0	1.0
279	0.0	1261.63584	375.84863999999993	92.975232	108.730728	0.0	1.0
279	0.0	1234.80192	723.56976	66.868992	184.003056	0.0	1.0
279	0.0	1014.0479999999999	631.9965599999999	100.47744	177.25262400000008	0.0	1.0
279	0.0	2263.6992	1877.2776	130.516992	81.95364000000001	0.0	1.0
279	0.0	2620.18944	669.7036800000001	53.280768	85.571856	0.0	1.0
279	0.0	1538.63424	2036.79792	144.5472	105.17342399999998	0.0	1.0
279	0.0	1116.2572799999998	1704.33504	77.0208	115.898472	0.0	1.0
279	0.0	859.27296	1712.56896	126.02611200000001	108.648864	0.0	1.0
279	0.0	1133.41824	868.8081599999999	71.638272	105.66698400000001	0.0	1.0
279	0.0	1029.43104	1193.03496	59.96736	129.752496	0.0	1.0
279	0.0	2128.06656	2066.27328	136.51622400000002	75.457008	0.0	1.0
280	0.0	1256.17536	364.89959999999996	97.924992	101.653272	0.0	1.0
280	0.0	1127.6582400000002	875.85192	70.239744	101.77704	0.0	1.0
280	0.0	2375.28576	217.52495999999996	104.778624	78.534792	0.0	1.0
280	0.0	1548.06912	2039.85432	145.150848	109.220184	0.0	1.0
280	0.0	1014.0864000000001	632.30544	101.490816	177.407496	0.0	1.0
280	0.0	957.38112	1087.54704	60.256128	115.30987200000001	0.0	1.0
280	0.0	1232.87424	683.8797599999999	67.091712	98.716536	0.0	1.0
280	0.0	1131.3715200000001	724.18536	74.841984	102.518136	0.0	1.0
280	0.0	2610.20928	661.42872	63.670272	92.34626399999999	0.0	1.0
280	0.0	1116.2073599999999	1696.9456799999998	64.608384	97.755336	0.0	1.0
280	0.0	857.65632	1712.32272	123.555072	108.777816	0.0	1.0
280	0.0	2275.53024	1871.9013599999998	135.234432	82.78048799999999	0.0	1.0
280	0.0	2136.99456	2065.22784	132.997632	79.04844	0.0	1.0
280	0.0	1028.5248	1200.41784	58.72051199999999	128.132712	0.0	1.0
281	0.0	1127.9462399999998	725.96952	74.3616	89.677152	0.0	1.0
281	0.0	1560.5452799999998	2045.79	147.43488	111.51259200000001	0.0	1.0
281	0.0	2603.64288	645.04512	56.784768	81.77543999999999	0.0	1.0
281	0.0	1123.3459200000002	883.12248	67.04486399999999	96.79348800000001	0.0	1.0
281	0.0	1014.26304	631.60128	101.10912	175.028256	0.0	1.0
281	0.0	2366.05824	213.23951999999997	102.91392	73.69790400000001	0.0	1.0
281	0.0	1227.53664	696.43584	66.419712	96.04224	0.0	1.0
281	0.0	958.87104	1090.2448800000002	64.119552	122.754312	0.0	1.0
281	0.0	858.4473600000001	1712.4242399999998	124.543872	109.188	0.0	1.0
281	0.0	2283.98208	1866.13848	130.697088	84.172176	0.0	1.0
281	0.0	2148.85248	2061.31608	136.71398399999998	79.692552	0.0	1.0
281	0.0	1028.55552	1210.33224	58.578816	125.864064	0.0	1.0
282	0.0	1014.34752	635.5886400000002	101.219328	183.50992799999997	0.0	1.0
282	3.0	1243.87968	396.85248	87.846144	109.845072	0.0	1.0
282	0.0	1117.344	893.81664	69.333504	99.36648	0.0	1.0
282	0.0	858.68928	1711.84104	124.190976	108.628128	0.0	1.0
282	0.0	2596.54272	638.17632	59.51001599999999	86.686632	0.0	1.0
282	0.0	1124.37888	730.96128	77.14752	88.10272800000001	0.0	1.0
282	0.0	1009.8815999999999	918.30672	63.409536	95.485176	0.0	1.0
282	0.0	1128.85632	1719.04032	61.403135999999996	104.608152	0.0	1.0
282	0.0	1223.712	698.81616	69.38304000000001	103.233528	0.0	1.0
282	0.0	2161.8624	2056.1018400000003	137.08876800000002	82.342872	0.0	1.0
282	0.0	958.5407999999999	1096.97112	61.65465600000001	121.29890400000001	0.0	1.0
282	0.0	1028.2675200000003	1216.7172	56.813952	118.61337599999999	0.0	1.0
283	3.0	1399.19232	287.58672	105.547776	195.526224	0.0	1.0
283	0.0	1014.2822399999999	634.6684799999999	101.17593599999998	182.37204000000003	0.0	1.0
283	0.0	1589.00352	2052.28512	168.86361599999998	108.733104	0.0	1.0
283	0.0	2347.4112	205.62530400000003	105.83808	73.232856	0.0	1.0
283	0.0	2314.36416	1853.00352	137.19935999999998	87.590376	0.0	1.0
283	0.0	1216.56192	709.87968	69.394944	97.536312	0.0	1.0
283	0.0	2578.46016	629.7976800000001	78.398976	94.93588800000002	0.0	1.0
283	0.0	958.85952	1105.14024	63.09043200000001	114.46595999999998	0.0	1.0
283	0.0	1028.064	1222.17984	56.117376	110.578824	0.0	1.0
283	0.0	2172.7488	2053.8576000000003	134.022528	80.928072	0.0	1.0
284	3.0	1393.60128	294.10992	102.743424	194.822064	0.0	1.0
284	0.0	2310.93888	1893.5964	164.35123199999998	186.192216	0.0	1.0
284	0.0	1007.58144	940.40352	62.051328	108.31968	0.0	1.0
284	0.0	1014.36288	634.7484	101.95584	181.974384	0.0	1.0
284	0.0	2184.97536	2048.45976	135.046272	80.213976	0.0	1.0
284	0.0	2339.8656	199.29780000000005	110.478336	74.31371999999999	0.0	1.0
284	0.0	858.7545599999999	1711.24056	124.293888	109.39644000000001	0.0	1.0
284	0.0	2184.52224	2083.4172	134.124672	150.60708	0.0	1.0
284	0.0	957.77664	1110.90744	60.225408	123.021504	0.0	1.0
284	0.0	1588.94592	2053.45152	161.717376	105.03	0.0	1.0
284	0.0	1028.20224	1240.01496	56.811648000000005	126.14507999999998	0.0	1.0
284	0.0	2579.8579200000004	619.54848	62.18803199999999	86.68792800000001	0.0	1.0
285	0.0	1014.912	945.69552	36.2235264	98.14392	0.0	1.0
285	0.0	2331.75552	1839.05424	136.79884800000002	90.09489599999999	0.0	1.0
285	0.0	1573.68192	147.92824799999994	74.47104	74.607264	0.0	1.0
285	0.0	969.37728	1127.16792	38.886912	109.756512	0.0	1.0
285	0.0	2573.37984	607.0723200000002	54.242304	80.047008	0.0	1.0
285	0.0	857.9059200000002	1711.7028	123.498624	108.454032	0.0	1.0
285	0.0	1027.4496	1246.4496	53.88057599999999	112.8978	0.0	1.0
285	0.0	1595.64672	2054.62656	158.868096	103.26852000000001	0.0	1.0
286	0.0	1158.6854400000002	1757.32632	63.106176000000005	85.81118400000001	0.0	1.0
286	0.0	957.93792	1128.74688	59.63136	120.50575200000002	0.0	1.0
286	0.0	2359.88736	1830.2976	118.420992	86.74365600000002	0.0	1.0
286	0.0	1005.76512	950.32872	50.4768	93.07332	0.0	1.0
286	0.0	2209.5398400000004	2039.37264	134.99212799999998	84.416688	0.0	1.0
286	0.0	1014.30144	635.51952	102.087552	182.998224	0.0	1.0
286	0.0	1099.1232	942.76224	62.762112	94.254192	0.0	1.0
286	0.0	1371.83232	235.64951999999994	73.675008	80.1684	0.0	1.0
286	0.0	991.86816	954.99432	43.502976	83.847744	0.0	1.0
286	0.0	1608.04608	2056.9464	145.2672	98.318664	0.0	1.0
286	0.0	2564.3136	598.27464	59.46816	81.485352	0.0	1.0
286	0.0	969.1008	1131.11208	40.786944	115.43364000000001	0.0	1.0
286	0.0	858.10944	1711.66392	124.184448	108.190728	0.0	1.0
286	0.0	1028.1369599999998	1256.34456	55.828992	121.7484	0.0	1.0
287	0.0	956.7936	1135.62864	59.1456	111.95431200000002	0.0	1.0
287	0.0	1164.73344	1762.5578400000002	61.783296	87.41347200000001	0.0	1.0
287	3.0	1374.95808	312.49368000000004	84.463872	182.659968	0.0	1.0
287	0.0	1616.1024	2060.49096	143.79110400000002	95.898384	0.0	1.0
287	0.0	2320.58496	186.73955999999987	97.00032	68.774832	0.0	1.0
287	0.0	1560.34176	151.25508000000013	77.849856	60.300072	0.0	1.0
287	0.0	858.30528	1712.10024	123.21638400000002	108.57196800000001	0.0	1.0
287	0.0	1367.64672	240.81192	79.446528	80.137512	0.0	1.0
287	0.0	1092.95616	948.00888	62.59392	81.283608	0.0	1.0
287	0.0	1000.7193600000002	957.19536	60.086016	96.804504	0.0	1.0
287	0.0	2361.1929600000003	1825.32096	128.745216	90.643104	0.0	1.0
287	0.0	2561.14176	590.97384	57.22982400000001	82.851984	0.0	1.0
287	0.0	1028.45568	1263.37752	55.871232	118.70085599999999	0.0	1.0
288	0.0	1014.30528	633.9340800000001	101.95507199999999	179.86168800000002	0.0	1.0
288	0.0	1761.68832	1677.34152	48.14592	148.603896	0.0	1.0
288	0.0	2359.23072	1869.60744	161.088768	191.687904	0.0	1.0
288	0.0	1358.46528	244.52711999999997	91.54867199999998	84.063312	0.0	1.0
288	0.0	2372.88192	1819.2556800000002	129.840768	89.25400800000001	0.0	1.0
288	0.0	2312.97408	185.40705600000013	91.982592	72.750096	0.0	1.0
288	0.0	2539.44192	579.5604000000001	74.20684800000001	82.135296	0.0	1.0
288	0.0	1005.41568	803.33424	66.55104	126.313776	0.0	1.0
288	0.0	1559.51616	158.86670400000003	63.511296	63.72324	0.0	1.0
288	0.0	858.60096	1711.97928	123.84921599999998	108.70524	0.0	1.0
288	0.0	962.75328	1141.81272	57.376896	118.356768	0.0	1.0
288	0.0	1028.7936	1276.32888	56.033280000000005	121.12718400000001	0.0	1.0
289	0.0	1195.26144	448.81128	67.32672	107.909928	0.0	1.0
289	0.0	1014.58176	633.5042400000001	101.52691200000001	178.59009600000002	0.0	1.0
289	0.0	1184.34432	774.05112	64.74432	79.94073599999999	0.0	1.0
289	0.0	1352.68224	241.66728	81.941376	80.938224	0.0	1.0
289	0.0	1003.47264	809.98272	67.39776	121.173408	0.0	1.0
289	0.0	1190.5190399999997	1806.43176	85.19999999999999	124.485336	0.0	1.0
289	0.0	2370.67008	1861.596	162.063744	195.58476	0.0	1.0
289	0.0	1634.00064	2064.69432	147.59385600000002	91.156536	0.0	1.0
289	0.0	2370.88896	1813.82544	117.752064	89.09027999999999	0.0	1.0
289	0.0	1551.0912	163.54483200000004	74.505216	68.10372000000001	0.0	1.0
289	0.0	858.53952	1712.27088	123.973632	108.642384	0.0	1.0
289	0.0	2526.36288	575.00496	82.895616	84.613248	0.0	1.0
289	0.0	991.1808	973.64592	59.96928	100.28318400000002	0.0	1.0
289	0.0	1029.33888	1292.91552	55.101696000000004	131.730192	0.0	1.0
289	0.0	959.9654400000001	1150.14168	62.865408	115.953768	0.0	1.0
290	0.0	1014.66624	633.1046399999999	101.083008	177.784848	0.0	1.0
290	0.0	2397.4656	1803.92184	132.506112	94.747536	0.0	1.0
290	3.0	1353.09696	311.66424000000006	100.179072	189.62143200000003	0.0	1.0
290	0.0	2252.05632	2022.6564	134.82624	86.22352799999999	0.0	1.0
290	0.0	1354.24512	249.8904	96.115584	89.27906399999998	0.0	1.0
290	0.0	1095.43296	803.8116	71.630976	107.150472	0.0	1.0
290	0.0	2250.65856	2059.77384	135.731712	157.859928	0.0	1.0
290	0.0	1192.27392	453.10536	64.165248	107.933256	0.0	1.0
290	0.0	858.77376	1712.08296	124.025088	108.136944	0.0	1.0
290	0.0	993.30048	980.46288	61.696896	103.49143199999999	0.0	1.0
290	0.0	959.01696	1152.36216	60.79872	122.24952	0.0	1.0
290	2.0	1641.86112	2067.58224	156.430848	93.50985600000001	0.0	1.0
290	0.0	1546.88256	166.11912000000007	92.467968	69.06815999999999	0.0	1.0
290	0.0	2522.2732800000003	591.41664	78.064896	133.86276	0.0	1.0
290	0.0	1029.2390400000002	1299.35016	55.74950400000001	125.2098	0.0	1.0
291	0.0	1014.73152	632.22984	101.081472	176.48928	0.0	1.0
291	0.0	1077.55776	997.9416	56.045568	81.54496800000001	0.0	1.0
291	0.0	1208.30976	1821.46104	85.556352	119.945016	0.0	1.0
291	0.0	2262.38592	2055.00456	141.414528	159.87996	0.0	1.0
291	0.0	858.9273599999999	1711.84968	124.20211200000001	108.797688	0.0	1.0
291	3.0	2278.74816	172.52416799999992	108.380928	80.139456	0.0	1.0
291	3.0	992.3097599999999	981.63576	66.54028799999999	95.43744	0.0	1.0
291	0.0	2509.96224	560.18304	86.782464	93.97231199999999	0.0	1.0
291	0.0	995.16672	825.8306399999999	68.394624	114.487344	0.0	1.0
291	3.0	1519.51872	399.52872	96.280704	190.426248	0.0	1.0
291	0.0	2394.3744	1846.0872	158.96448	198.41263199999997	0.0	1.0
291	3.0	1202.4	505.5004799999999	90.89625600000001	213.259824	0.0	1.0
291	3.0	1539.80544	217.29384000000005	108.39283199999998	137.72743200000002	0.0	1.0
291	3.0	1349.16096	316.16136000000006	100.205952	206.901	0.0	1.0
291	0.0	1534.74816	166.8066480000001	76.155648	67.118328	0.0	1.0
291	0.0	957.89568	1161.94824	58.392576	122.49424800000001	0.0	1.0
291	0.0	2508.25344	584.87832	92.540928	140.403024	0.0	1.0
291	0.0	1030.01088	1308.474	54.087168000000005	124.1946	0.0	1.0
292	0.0	1217.74464	1830.02112	84.688512	107.657856	0.0	1.0
292	3.0	986.90304	993.79872	61.090176	97.186608	0.0	1.0
292	3.0	1533.9456	219.13848000000007	104.625792	142.103376	0.0	1.0
292	3.0	1197.92256	499.6857600000001	87.87609599999999	191.083752	0.0	1.0
292	0.0	993.87648	830.7792000000001	62.612352	108.718416	0.0	1.0
292	0.0	1014.8774400000001	631.78488	101.088	175.548816	0.0	1.0
292	0.0	2504.82432	563.6627999999998	78.29721599999999	114.91156799999999	0.0	1.0
292	3.0	1517.33376	403.1661600000001	102.13094400000001	192.10068	0.0	1.0
292	0.0	858.9465599999999	1711.99656	124.377984	109.690416	0.0	1.0
292	0.0	1185.408	461.69784000000004	61.787136	109.581768	0.0	1.0
292	0.0	2287.0656	168.42427199999997	77.572224	77.910336	0.0	1.0
292	0.0	1659.1104	2072.16792	159.141504	92.51733600000001	0.0	1.0
292	0.0	2506.1299200000003	545.9292	76.797312	80.93347200000001	0.0	1.0
292	0.0	2275.71456	2016.00792	129.10924799999998	97.00019999999999	0.0	1.0
292	0.0	2422.06464	1787.27904	122.70719999999999	99.053496	0.0	1.0
292	0.0	1075.45728	1002.24	55.494528	83.70043199999999	0.0	1.0
292	0.0	958.27584	1171.22544	59.65248	118.719216	0.0	1.0
292	0.0	1031.616	1315.73808	52.68096	118.774728	0.0	1.0
293	0.0	1180.70016	468.36144	58.957824	103.32144	0.0	1.0
293	0.0	989.03808	994.29552	67.40620799999999	97.683192	0.0	1.0
293	0.0	1531.1808	184.16289600000005	104.11123200000002	76.029192	0.0	1.0
293	0.0	1073.07648	1015.26696	55.79904000000001	84.90484799999999	0.0	1.0
293	0.0	856.4160000000002	1711.63368	119.450496	108.37216800000002	0.0	1.0
293	0.0	1226.30784	1836.66744	86.79436799999999	114.1992	0.0	1.0
293	0.0	2280.6873600000004	163.71396000000004	78.52646399999999	80.771904	0.0	1.0
293	0.0	1761.18144	1673.98704	47.19436799999999	153.721368	0.0	1.0
293	0.0	1014.76608	631.0332000000001	100.71014400000001	174.42237600000004	0.0	1.0
293	0.0	2500.33152	562.5611999999999	73.63660800000001	128.92932	0.0	1.0
293	0.0	990.3436800000001	838.75824	69.226752	120.272688	0.0	1.0
293	0.0	1669.08672	2074.77936	151.629696	91.018728	0.0	1.0
293	0.0	1033.40544	1344.20904	54.029568	155.589336	0.0	1.0
293	0.0	2432.06016	1776.95208	124.525056	93.56688	0.0	1.0
293	0.0	959.30112	1180.8396	59.56032	118.558728	0.0	1.0
293	0.0	2500.4544	542.0152800000001	70.39027200000001	88.39238399999999	0.0	1.0
293	0.0	2288.18304	2012.83272	133.562112	100.71777600000001	0.0	1.0
294	3.0	2273.0688	163.18843200000003	74.911488	79.129224	0.0	1.0
294	0.0	1761.23136	1673.892	47.597952	154.372824	0.0	1.0
294	0.0	1235.14368	1840.17744	95.96851199999999	122.118624	0.0	1.0
294	0.0	1014.72384	630.99864	101.06112	175.37363999999997	0.0	1.0
294	0.0	982.3872	849.42864	53.512319999999995	109.34049600000002	0.0	1.0
294	0.0	857.8944000000001	1711.9814399999998	122.499456	108.512352	0.0	1.0
294	0.0	961.50528	1185.4512	55.318656	123.117192	0.0	1.0
294	0.0	2493.0816	530.1223200000001	62.123904	78.594408	0.0	1.0
294	0.0	1033.81632	1336.67496	51.24096	120.878352	0.0	1.0
294	0.0	1070.16192	1027.77984	54.577535999999995	79.468128	0.0	1.0
295	0.0	1689.09312	2080.61352	149.20896000000002	86.56891199999998	0.0	1.0
295	3.0	2261.92512	162.22464000000002	71.215488	74.17332	0.0	1.0
295	0.0	1241.26464	1850.83704	94.29888	128.984616	0.0	1.0
295	0.0	1014.8236800000001	631.1152800000001	101.44128	175.470624	0.0	1.0
295	3.0	1316.736	359.3721600000001	74.877312	174.508992	0.0	1.0
295	3.0	2480.34816	564.66072	72.352896	104.91228	0.0	1.0
295	0.0	1760.78976	1670.34528	46.107264	160.439616	0.0	1.0
295	0.0	857.0726399999999	1712.30328	121.40505599999999	108.884088	0.0	1.0
295	0.0	1070.3424	1043.31672	48.09638400000001	74.38608	0.0	1.0
295	0.0	2478.5971200000004	520.6183199999999	72.993792	75.066912	0.0	1.0
295	0.0	2455.56096	1761.9033600000002	123.519744	102.83047199999999	0.0	1.0
295	0.0	960.31872	1193.62464	58.3488	113.231952	0.0	1.0
295	0.0	1035.80928	1347.3021600000002	56.082432000000004	125.195112	0.0	1.0
296	0.0	1014.7852799999998	630.9403199999999	101.76383999999999	175.355064	0.0	1.0
296	0.0	971.6774400000002	868.1256	44.538624	106.661232	0.0	1.0
296	0.0	2461.39008	511.75152	92.70758400000001	79.450848	0.0	1.0
296	0.0	857.9020799999998	1712.09808	122.952192	108.708912	0.0	1.0
296	0.0	1248.288	1851.52176	94.070016	122.230296	0.0	1.0
296	0.0	2317.10976	1996.96752	132.11712	108.69487200000002	0.0	1.0
296	0.0	1697.84064	2081.26152	152.141568	82.37116800000001	0.0	1.0
296	0.0	1065.16608	1049.4792	55.694208	82.15862399999999	0.0	1.0
296	0.0	959.81568	1199.24496	60.34176	113.54083200000001	0.0	1.0
296	0.0	1037.7216	1357.63344	54.199296	123.92136	0.0	1.0
296	0.0	2466.2784	1753.9632	118.87795200000001	106.339608	0.0	1.0
297	0.0	1072.17792	853.11144	67.627392	103.609152	0.0	1.0
297	0.0	977.32992	1021.0752	62.502144	89.121384	0.0	1.0
297	0.0	1014.54336	631.06776	100.82188799999999	174.404232	0.0	1.0
297	0.0	1176.56448	481.41216	76.169856	85.89671999999999	0.0	1.0
297	0.0	855.5520000000001	1711.54944	117.96825599999998	107.688744	0.0	1.0
297	0.0	2460.6144000000004	513.32832	78.257664	95.51865600000001	0.0	1.0
297	0.0	1707.36	2083.7952	154.651776	80.150688	0.0	1.0
297	0.0	2467.0464	1749.18096	138.20083200000002	114.06657600000001	0.0	1.0
297	0.0	1065.05088	1061.05032	54.837120000000006	86.617512	0.0	1.0
297	0.0	960.7987200000001	1212.138	60.273792	115.826544	0.0	1.0
297	0.0	1259.66208	1862.5896000000002	98.996352	117.46080000000002	0.0	1.0
297	0.0	1038.88128	1364.58432	51.729408	117.579384	0.0	1.0
298	0.0	1267.3536	1870.0416	104.15961599999999	119.25921599999998	0.0	1.0
298	0.0	1014.71616	630.9576	101.28921600000001	174.95114399999997	0.0	1.0
298	0.0	1163.0438399999998	491.37624000000005	55.341312	87.618888	0.0	1.0
298	0.0	858.1593600000001	1711.93608	122.80896000000001	107.712072	0.0	1.0
298	0.0	1766.23488	1615.33656	36.3197184	61.690896	0.0	1.0
298	0.0	972.03456	1033.95744	55.646208	95.451048	0.0	1.0
298	0.0	1065.5232	1073.01024	56.473728	96.037272	0.0	1.0
298	0.0	961.94688	1216.44288	56.930688	116.09891999999999	0.0	1.0
298	0.0	2443.9104	492.20136	94.139904	69.439896	0.0	1.0
298	0.0	1041.77664	1377.24408	54.20582399999999	124.691184	0.0	1.0
299	0.0	2487.73248	1727.32176	89.43398400000002	97.477992	0.0	1.0
299	0.0	1767.26784	1612.0317599999998	35.2990848	66.532536	0.0	1.0
299	0.0	979.30752	1030.98096	56.365056	87.372432	0.0	1.0
299	0.0	1275.08352	1880.3339999999998	98.686464	119.26764	0.0	1.0
299	0.0	1068.08832	857.9087999999999	67.835136	85.548312	0.0	1.0
299	0.0	969.93408	1039.85856	50.091264	95.18148	0.0	1.0
299	0.0	2350.66368	2003.60304	134.69952	163.499904	0.0	1.0
299	0.0	1721.89824	2097.39672	162.027648	96.281784	0.0	1.0
299	0.0	1064.3558399999997	1082.72808	55.43616	94.490928	0.0	1.0
299	0.0	859.0464	1711.8756	124.594176	109.340712	0.0	1.0
299	0.0	2443.13472	506.75328	81.005184	110.14941600000002	0.0	1.0
299	0.0	2440.38528	491.46047999999996	85.160832	80.440128	0.0	1.0
299	0.0	962.67648	1227.60576	57.775488	109.888272	0.0	1.0
299	0.0	1044.25728	1388.52144	54.0192	125.604	0.0	1.0
300	0.0	1015.2191999999999	630.78264	101.43744	174.259728	0.0	1.0
300	0.0	1066.21056	871.80408	66.5376	101.139192	0.0	1.0
300	0.0	2489.3606400000003	1732.79736	75.92217600000001	73.471536	0.0	1.0
300	0.0	971.616	896.93136	66.15705600000001	118.493496	0.0	1.0
300	0.0	1767.3408	1612.07712	34.3176192	67.051368	0.0	1.0
300	0.0	1275.36768	1870.53192	77.21088	88.279632	0.0	1.0
300	0.0	2357.82912	2000.4170399999998	132.78719999999998	160.122528	0.0	1.0
300	0.0	1063.6032	1105.1964	56.72524799999999	91.06279200000002	0.0	1.0
300	0.0	1287.5596799999998	1885.78152	100.950144	118.4598	0.0	1.0
300	0.0	857.2646399999999	1712.02032	121.37663999999998	107.696736	0.0	1.0
300	0.0	2508.50304	1714.64472	118.32115200000001	109.199664	0.0	1.0
300	0.0	970.41024	1235.72736	45.794304	111.565728	0.0	1.0
300	0.0	970.41024	1047.32568	58.45862399999999	95.951736	0.0	1.0
300	0.0	1044.8256	1394.91288	52.977792	118.95227999999999	0.0	1.0
300	0.0	2421.8688	479.97576000000004	79.336704	67.83955200000001	0.0	1.0
301	0.0	681.8112000000001	1763.63352	78.000768	58.990680000000005	0.0	1.0
301	0.0	1746.34368	2103.0688800000003	157.398528	104.18112	0.0	1.0
301	0.0	1062.86976	892.20744	64.076544	117.834912	0.0	1.0
301	0.0	1280.65152	304.3699200000001	62.095488	57.653856	0.0	1.0
301	0.0	1281.61536	1876.29696	69.16761600000001	81.46872	0.0	1.0
301	0.0	969.1699200000002	903.9492	67.29599999999999	123.501456	0.0	1.0
301	0.0	860.35968	1711.37448	127.52448	109.330128	0.0	1.0
301	0.0	969.1123200000001	1239.34968	50.962944	120.18456	0.0	1.0
301	0.0	1061.6409600000002	1104.0645599999998	57.44064	99.599544	0.0	1.0
301	0.0	1048.36224	1406.21616	53.011968	121.675824	0.0	1.0
301	0.0	2518.4179200000003	1709.1194400000002	116.294784	109.18173599999999	0.0	1.0
301	0.0	2409.89184	489.54672000000005	84.875904	102.61144799999998	0.0	1.0
302	0.0	969.2582400000001	1061.72424	58.41024	97.09308	0.0	1.0
302	0.0	1274.30784	310.77432	59.05382399999999	66.922848	0.0	1.0
302	0.0	1291.6569599999998	1893.97656	72.483456	102.812976	0.0	1.0
302	0.0	1120.50816	918.91152	53.509248	79.238088	0.0	1.0
302	0.0	1766.79552	1612.62576	36.4489728	69.979896	0.0	1.0
302	0.0	681.26208	1763.55792	77.983104	58.59367199999999	0.0	1.0
302	0.0	1759.01568	2097.6408	150.41088000000002	94.150728	0.0	1.0
302	0.0	1051.42656	1411.76304	52.887936	115.308144	0.0	1.0
302	0.0	1066.69056	1112.84496	43.375488	90.94701600000002	0.0	1.0
302	0.0	1053.37344	1447.6644	53.323392000000005	187.36596000000003	0.0	1.0
302	0.0	2378.65344	1962.22176	130.55577599999998	119.9772	0.0	1.0
302	0.0	968.09088	1247.54904	52.178688	114.056856	0.0	1.0
302	0.0	858.6432	1711.89504	125.004288	108.837216	0.0	1.0
302	0.0	1058.19264	897.4476	65.56416	118.279224	0.0	1.0
302	0.0	2513.088	1748.9757599999998	143.05728000000002	212.1336	0.0	1.0
302	0.0	2407.11168	469.18224	78.029952	79.451064	0.0	1.0
303	0.0	1015.24608	629.79336	101.715072	173.04883200000003	0.0	1.0
303	0.0	681.45408	1762.8624	78.575616	60.58411199999999	0.0	1.0
303	0.0	968.76288	1064.1996	55.109376	90.714168	0.0	1.0
303	0.0	1270.08	315.7056	66.177024	78.91279200000001	0.0	1.0
303	0.0	2522.13504	1741.35312	139.767168	211.46961599999997	0.0	1.0
303	0.0	1766.3616	1610.9388	36.7617024	66.859128	0.0	1.0
303	0.0	2192.34816	136.00655999999992	73.045632	70.33111199999999	0.0	1.0
303	0.0	1057.6128	893.25288	65.864448	97.290504	0.0	1.0
303	0.0	1118.3846399999998	929.60136	58.308479999999996	88.253496	0.0	1.0
303	0.0	1297.72032	1890.59184	72.784512	81.048384	0.0	1.0
303	0.0	2389.43232	1958.46336	128.64576	120.544848	0.0	1.0
303	0.0	965.17632	1257.27336	55.405055999999995	110.43237600000002	0.0	1.0
303	0.0	858.0863999999999	1712.06784	124.16716800000002	109.231848	0.0	1.0
303	0.0	1053.79584	1474.64712	58.662528	221.99832	0.0	1.0
303	0.0	1059.90912	1125.56952	56.040192000000005	102.87864	0.0	1.0
303	0.0	2404.38144	468.2296799999999	68.491008	84.115584	0.0	1.0
304	0.0	1457.92128	233.47224000000017	92.68799999999999	83.388744	0.0	1.0
304	0.0	681.7036800000001	1762.2921600000002	78.173184	63.368352	0.0	1.0
304	0.0	1058.53824	1456.4663999999998	58.858752	166.849632	0.0	1.0
304	0.0	966.72384	1075.72536	58.59456	96.979896	0.0	1.0
304	0.0	1015.72224	629.45856	103.40352000000001	173.591208	0.0	1.0
304	0.0	1265.88672	320.2480800000001	74.516352	75.808224	0.0	1.0
304	0.0	1765.87008	1609.22376	36.3449856	62.378208	0.0	1.0
304	0.0	2528.57856	1697.4424800000002	69.01478399999999	80.768664	0.0	1.0
304	0.0	1058.50752	903.58848	58.01971200000001	102.938688	0.0	1.0
304	0.0	1135.04256	539.34768	52.95283200000001	93.30659999999999	0.0	1.0
304	0.0	1305.89568	1890.57456	70.43903999999999	73.97762399999999	0.0	1.0
304	0.0	1777.2672	2104.84656	153.503232	87.3558	0.0	1.0
304	0.0	960.38016	929.16072	61.39392	120.06144	0.0	1.0
304	0.0	1115.95776	935.41176	56.383488	92.561184	0.0	1.0
304	0.0	2185.48992	140.83416	70.897152	83.13883200000001	0.0	1.0
304	0.0	1059.98208	1147.7484	53.726208	93.356928	0.0	1.0
304	0.0	2396.03712	454.94568000000004	70.948224	74.863224	0.0	1.0
304	0.0	859.23072	1711.8043200000002	126.15398399999998	110.29284	0.0	1.0
304	0.0	965.8675200000001	1263.93696	59.241216	120.15518399999999	0.0	1.0
305	0.0	2545.85472	1718.23464	142.60723199999998	216.00431999999998	0.0	1.0
305	0.0	2373.7459200000003	438.77592000000004	81.64032	57.41819999999999	0.0	1.0
305	3.0	1416.6336	487.12968	98.837376	193.18068	0.0	1.0
305	0.0	2406.34368	1966.66488	125.6928	167.37948	0.0	1.0
305	0.0	2544.86016	1687.4028	85.855104	73.051416	0.0	1.0
305	0.0	681.86112	1764.00936	77.17785599999999	64.23991199999999	0.0	1.0
305	0.0	1132.13952	546.9314400000001	55.448831999999996	91.440576	0.0	1.0
305	0.0	1766.0928	1608.93432	36.8496	62.845416	0.0	1.0
305	0.0	961.27872	933.45912	63.07468800000001	122.204808	0.0	1.0
305	0.0	1811.24352	2106.04536	102.827904	72.182448	0.0	1.0
305	0.0	1785.24288	2105.29152	155.463936	90.292968	0.0	1.0
305	0.0	1015.0233600000001	629.5060799999999	101.899008	173.066976	0.0	1.0
305	0.0	2177.38752	146.546064	72.057984	96.337728	0.0	1.0
305	0.0	1052.8511999999998	913.15728	68.580864	102.438432	0.0	1.0
305	0.0	2556.78336	1669.02552	121.40313600000002	115.838424	0.0	1.0
305	0.0	965.8176	1083.7648800000002	56.201856	95.202432	0.0	1.0
305	0.0	1059.32928	1156.48992	51.70483200000001	92.841768	0.0	1.0
305	0.0	1111.68384	947.5812	56.326272	101.06791200000002	0.0	1.0
305	0.0	1060.2931199999998	1498.42008	61.4784	212.890896	0.0	1.0
305	0.0	968.25216	1266.49224	57.19488	120.714192	0.0	1.0
305	0.0	859.05024	1711.12824	125.47392	110.387664	0.0	1.0
306	0.0	972.72192	1088.34624	40.308096	98.959752	0.0	1.0
306	0.0	680.8742400000001	1765.91016	76.12416	64.867392	0.0	1.0
306	0.0	1405.63968	434.1924	51.248256000000005	66.069	0.0	1.0
306	0.0	1014.45888	628.97904	101.522688	172.321776	0.0	1.0
306	0.0	1129.67808	550.61424	57.741696000000005	96.360192	0.0	1.0
306	0.0	1331.04	1921.49928	74.370816	90.84009599999999	0.0	1.0
306	0.0	1766.67264	1608.3554399999998	38.1957888	64.961136	0.0	1.0
306	0.0	2176.65024	146.00606399999992	57.90412799999999	95.560776	0.0	1.0
306	0.0	2420.78976	1921.43232	119.822592	95.113008	0.0	1.0
306	0.0	1058.10048	1162.36944	54.473856000000005	100.827072	0.0	1.0
306	0.0	858.2899199999999	1711.7330399999998	124.358784	109.368144	0.0	1.0
306	0.0	1795.61472	2104.98048	153.779328	93.814632	0.0	1.0
306	0.0	1063.29984	1454.07096	55.77216	117.248472	0.0	1.0
306	0.0	969.55776	1274.06304	60.161664	121.71384	0.0	1.0
307	0.0	2576.28672	1648.52064	119.31072	111.976992	0.0	1.0
307	0.0	1134.20928	550.37448	76.952448	94.305168	0.0	1.0
307	0.0	1806.65856	2102.1552	152.05478399999998	82.793232	0.0	1.0
307	0.0	2168.38272	141.19768799999997	60.13171200000001	90.981576	0.0	1.0
307	0.0	1765.81248	1606.878	38.0778624	59.14533599999999	0.0	1.0
307	0.0	1065.59616	1461.9312	58.163328	115.96176	0.0	1.0
307	0.0	1344.64128	1928.51496	89.814912	102.43476	0.0	1.0
307	0.0	1014.7008	629.1194399999999	101.64288	172.346832	0.0	1.0
307	0.0	680.9894399999998	1765.05696	76.242048	67.263696	0.0	1.0
307	0.0	1066.4217600000002	1516.79952	60.5952	212.19904799999998	0.0	1.0
307	0.0	2429.72544	1922.35248	122.36390399999999	115.754184	0.0	1.0
307	0.0	2360.09088	428.4792	77.00774399999999	66.790656	0.0	1.0
307	0.0	857.7753600000001	1711.89288	123.293184	108.652536	0.0	1.0
307	0.0	1058.02752	1170.4176	54.188928	101.258424	0.0	1.0
307	0.0	970.4831999999999	1281.89736	58.563456	121.850784	0.0	1.0
308	0.0	1100.65152	978.59664	50.645376	102.883392	0.0	1.0
308	3.0	1360.19328	1943.16408	107.675904	119.2968	0.0	1.0
308	0.0	1815.22944	2103.16176	155.73504	83.235384	0.0	1.0
308	0.0	2163.02592	142.781832	50.896896	104.190408	0.0	1.0
308	0.0	681.0623999999998	1765.93824	76.315776	66.58200000000001	0.0	1.0
308	0.0	1119.5904	558.15696	69.624192	84.48732000000001	0.0	1.0
308	0.0	1014.68928	629.21232	100.85184	172.15718399999997	0.0	1.0
308	0.0	2354.23104	424.53288	70.41216	70.97889599999999	0.0	1.0
308	0.0	2590.66752	1639.2348000000002	111.03436800000001	114.03871199999999	0.0	1.0
308	0.0	1070.81472	1476.42912	56.844671999999996	128.99196	0.0	1.0
308	0.0	1059.77088	1192.60728	52.691712	111.345408	0.0	1.0
308	0.0	968.97408	1290.5568	60.993024000000005	121.387248	0.0	1.0
308	0.0	858.24768	1712.2428	125.19782399999998	109.29276000000002	0.0	1.0
309	0.0	1387.1232	544.4928000000001	51.455232	129.579264	0.0	1.0
309	0.0	2337.48864	410.12352	67.0464	65.137176	0.0	1.0
309	0.0	2463.80544	1892.53368	89.348736	84.403296	0.0	1.0
309	0.0	1383.37536	463.52952000000005	44.603136000000006	75.123936	0.0	1.0
309	0.0	1766.27712	1607.23008	36.2841984	58.415472	0.0	1.0
309	0.0	2601.15072	1626.8493600000002	112.897152	116.447112	0.0	1.0
309	0.0	680.8512000000001	1766.84976	76.262784	67.475808	0.0	1.0
309	0.0	1014.3206400000001	629.4456	102.562944	174.226896	0.0	1.0
309	0.0	2582.784	1646.07984	74.197248	73.08403200000001	0.0	1.0
309	0.0	1824.20736	2098.94112	159.376512	73.499184	0.0	1.0
309	0.0	1073.01504	1495.9728	61.49299200000001	144.157104	0.0	1.0
309	0.0	1371.19488	1950.696	107.268096	107.647704	0.0	1.0
309	0.0	1059.19488	1199.82384	52.640256	101.653488	0.0	1.0
309	0.0	970.8441600000001	1305.15408	59.72620800000001	108.618624	0.0	1.0
309	0.0	857.8329600000002	1713.10464	123.637632	109.30507200000001	0.0	1.0
310	0.0	1122.2592	632.24496	71.12793599999999	212.32130400000003	0.0	1.0
310	0.0	1079.424	1537.26336	57.979392	204.1956	0.0	1.0
310	0.0	1094.29632	999.25488	43.699968	91.74924	0.0	1.0
310	0.0	2326.62528	405.17712000000006	69.705984	62.595072	0.0	1.0
310	0.0	1014.2668800000001	629.23608	100.662912	172.190232	0.0	1.0
310	0.0	1767.05664	1607.17608	35.9615616	59.80629600000001	0.0	1.0
310	0.0	1077.16224	1496.9124000000002	58.091136	127.97892	0.0	1.0
310	0.0	1836.34176	2100.60648	150.912	68.379552	0.0	1.0
310	0.0	1059.3024	1209.08592	53.204736	100.325952	0.0	1.0
310	0.0	971.48928	1311.2064	62.34816000000001	114.737256	0.0	1.0
310	0.0	858.6393600000001	1712.38536	125.22816	109.055376	0.0	1.0
310	0.0	2611.95264	1613.21112	109.560192	112.514616	0.0	1.0
311	0.0	2602.82496	1627.63128	67.55059200000001	73.732248	0.0	1.0
311	0.0	2134.51392	124.71667200000002	58.173312	88.922016	0.0	1.0
311	0.0	2475.54816	1879.59096	106.76275199999999	88.23189599999999	0.0	1.0
311	0.0	2318.59584	395.41175999999996	71.574528	67.37796	0.0	1.0
311	0.0	1767.43296	1603.38096	34.922611200000006	52.110432	0.0	1.0
311	0.0	2619.76704	1607.95584	108.125952	115.348752	0.0	1.0
311	0.0	1013.9750399999999	629.7847200000001	101.596032	174.00139199999998	0.0	1.0
311	0.0	1058.67264	1219.2573599999998	53.329536	104.405544	0.0	1.0
311	0.0	1079.5392	1504.28016	61.606272	112.53578400000002	0.0	1.0
311	0.0	1844.45952	2102.80536	153.452544	75.587256	0.0	1.0
311	0.0	1118.86848	637.42032	73.741056	212.643576	0.0	1.0
311	0.0	1089.00096	1017.74232	46.530816	104.574456	0.0	1.0
311	0.0	972.33024	1317.00384	62.363904000000005	122.580648	0.0	1.0
311	0.0	858.13248	1712.19528	124.524672	108.944136	0.0	1.0
312	0.0	2634.36672	1594.44072	101.974272	111.18168000000001	0.0	1.0
312	0.0	2130.22848	132.28811999999982	54.544128	101.438784	0.0	1.0
312	3.0	1228.57344	378.87480000000005	92.333568	118.962432	0.0	1.0
312	0.0	2491.72992	1870.7867999999999	90.895104	89.62099199999999	0.0	1.0
312	0.0	2306.19264	388.06128	71.112192	65.954304	0.0	1.0
312	0.0	1856.2752	2105.19216	153.17952	78.815808	0.0	1.0
312	0.0	1087.03104	1025.45136	47.51961599999999	101.859768	0.0	1.0
312	0.0	1013.55264	628.94016	99.856512	171.152784	0.0	1.0
312	0.0	972.50304	1309.7656800000002	58.910592	98.493624	0.0	1.0
312	0.0	1059.97056	1238.67792	50.739456	111.212352	0.0	1.0
312	3.0	1409.67168	339.91272000000004	100.818816	191.740176	0.0	1.0
312	0.0	1768.05504	1601.96832	36.514176000000006	49.690368	0.0	1.0
312	0.0	1116.59904	645.17688	72.78604800000001	210.37924799999996	0.0	1.0
312	0.0	1081.75104	1504.6884	52.987008	105.98796	0.0	1.0
312	0.0	858.6393600000001	1712.17584	125.759232	109.853712	0.0	1.0
313	3.0	1403.65056	344.75976	100.57343999999999	198.61826400000004	0.0	1.0
313	0.0	681.0239999999999	1768.81752	75.981312	78.30108	0.0	1.0
313	0.0	2623.94496	1601.97696	66.10752000000001	75.41316	0.0	1.0
313	0.0	2108.14464	125.25818399999991	77.841024	99.613584	0.0	1.0
313	0.0	2492.55552	1862.9071200000003	104.953728	90.23810399999999	0.0	1.0
313	3.0	1222.36416	382.11912000000007	91.154304	99.0144	0.0	1.0
313	0.0	1404.8064000000002	264.24792	100.45631999999999	78.266952	0.0	1.0
313	0.0	2107.42656	109.87077600000009	79.101696	78.03107999999999	0.0	1.0
313	0.0	2288.9164800000003	384.74568	85.746816	65.507184	0.0	1.0
313	0.0	1013.74464	628.53624	100.290048	169.813368	0.0	1.0
313	0.0	857.9596799999999	1712.38968	125.173248	108.903096	0.0	1.0
313	0.0	1090.0032	1571.68512	64.060416	219.42359999999996	0.0	1.0
313	0.0	1767.6864	1602.342	35.9978112	49.617144	0.0	1.0
313	0.0	1085.11872	1036.4652	50.35814400000001	96.612912	0.0	1.0
313	0.0	975.70944	1326.01752	59.210496	121.385736	0.0	1.0
313	0.0	1059.92448	1249.98984	51.315456	99.939312	0.0	1.0
314	0.0	2667.98976	1555.4311200000002	75.17068800000001	82.686744	0.0	1.0
314	0.0	2650.84416	1569.50136	107.931264	111.162672	0.0	1.0
314	0.0	983.9424000000001	1336.11768	44.539392	125.073504	0.0	1.0
314	0.0	970.6099200000001	1145.71584	38.606976	100.88906400000002	0.0	1.0
314	0.0	2493.69984	1869.28128	119.08416	121.526352	0.0	1.0
314	0.0	984.0192	1322.88984	39.206016	100.17108	0.0	1.0
314	0.0	856.5888	1712.34864	122.125824	108.235872	0.0	1.0
314	0.0	1013.6179200000001	628.01352	99.512448	168.48237600000002	0.0	1.0
314	0.0	1035.00672	976.31784	62.19264	88.58635199999999	0.0	1.0
314	0.0	2280.16128	374.40576	66.180864	61.873632	0.0	1.0
314	0.0	1086.2208	1522.6056	48.982272	106.262064	0.0	1.0
314	0.0	1085.184	1047.03624	47.29536	103.768128	0.0	1.0
314	0.0	1767.84	1603.03752	36.5463936	50.11372800000001	0.0	1.0
314	0.0	1060.8230400000002	1256.97312	50.815872	98.482176	0.0	1.0
315	0.0	1390.7136	280.908	84.722304	77.802336	0.0	1.0
315	0.0	2655.32544	1561.1508	114.00652800000002	118.356552	0.0	1.0
315	0.0	978.55104	1347.02352	61.78176	124.257888	0.0	1.0
315	0.0	1767.6288	1602.81072	36.189312	50.239439999999995	0.0	1.0
315	0.0	1884.62592	2102.2437600000003	152.507904	68.26464	0.0	1.0
315	0.0	858.8390399999998	1712.5668	125.986176	108.769392	0.0	1.0
315	0.0	1061.97504	1287.51984	51.76934399999999	83.27448	0.0	1.0
315	0.0	1013.71392	629.6724	99.650688	171.60012	0.0	1.0
315	0.0	2274.37824	369.5133599999999	63.532416000000005	67.38444	0.0	1.0
315	0.0	1083.20256	1058.07384	44.114688	96.52651200000001	0.0	1.0
316	0.0	954.7737600000002	1157.9436	49.878144	91.08288000000002	0.0	1.0
316	0.0	1088.82048	613.80504	51.163391999999995	72.64555200000001	0.0	1.0
316	0.0	968.1984	1161.7322399999998	42.347904	101.29752	0.0	1.0
316	0.0	1096.88832	1542.31776	51.993599999999994	110.952288	0.0	1.0
316	0.0	2660.5248	1554.3640799999998	117.813504	126.195624	0.0	1.0
316	0.0	1389.0163200000002	283.21704	89.52384	75.738672	0.0	1.0
316	0.0	2084.1024	121.03775999999993	78.845184	106.50312	0.0	1.0
316	0.0	857.9865599999998	1712.5344	124.21632	108.251856	0.0	1.0
316	0.0	1767.3984	1603.1304	35.7538944	50.033592	0.0	1.0
316	0.0	1013.55264	629.29872	99.094272	171.780696	0.0	1.0
316	0.0	1078.05696	1075.75992	53.294592	108.020088	0.0	1.0
316	0.0	981.29664	1360.3680000000002	58.62912	108.9288	0.0	1.0
316	0.0	2263.31136	364.08096	63.060096	65.12292	0.0	1.0
316	0.0	1061.95584	1306.04184	51.79776	109.19318400000002	0.0	1.0
317	0.0	956.9932800000001	1163.4170399999998	57.192192	91.245744	0.0	1.0
317	0.0	1380.0384	290.68416	85.090176	81.48708	0.0	1.0
317	0.0	1097.48736	1548.7351199999998	47.63904	96.568416	0.0	1.0
317	0.0	971.70048	1162.57896	36.3669504	93.973608	0.0	1.0
317	0.0	1104.46848	1645.66512	58.12799999999999	144.28454399999998	0.0	1.0
317	0.0	979.0156800000001	1363.68792	59.29996800000001	107.756352	0.0	1.0
317	0.0	1767.09888	1602.5364	34.6896768	49.262256	0.0	1.0
317	0.0	1014.2822399999999	627.9595200000001	100.507776	170.492472	0.0	1.0
317	0.0	2255.44704	357.9422400000001	56.37312	62.862696	0.0	1.0
317	0.0	857.3798400000001	1712.4890400000002	122.81433600000001	108.142128	0.0	1.0
317	0.0	1077.46176	1087.08696	50.746368	112.669272	0.0	1.0
317	0.0	1064.03712	1302.588	51.593088	90.72539999999998	0.0	1.0
318	0.0	1092.14976	639.77472	72.492672	120.668832	0.0	1.0
318	0.0	1464.5952	1994.85936	99.798912	95.19444	0.0	1.0
318	0.0	1766.45376	1602.25992	34.3725696	49.220568	0.0	1.0
318	0.0	1372.4544	290.53512	81.26208	77.22972	0.0	1.0
318	0.0	856.71552	1712.5344	121.764864	108.43286399999998	0.0	1.0
318	0.0	1101.2313600000002	1549.42848	44.754432	91.765224	0.0	1.0
318	0.0	1014.27072	628.93368	99.953664	171.739656	0.0	1.0
318	0.0	979.42272	1373.7168	58.308864	112.451328	0.0	1.0
318	0.0	1077.4463999999998	1098.29088	49.526784	104.114592	0.0	1.0
318	0.0	2245.47456	354.12552000000005	68.62003200000001	69.471216	0.0	1.0
318	0.0	1068.80256	1312.5931200000002	52.01088	96.67684800000002	0.0	1.0
319	0.0	1105.33248	1569.96576	45.053568000000006	95.161824	0.0	1.0
319	0.0	1113.09312	1669.8852	50.64576	126.64663199999998	0.0	1.0
319	0.0	970.31424	1183.2912	36.1355136	100.939824	0.0	1.0
319	0.0	1766.976	1601.37648	34.41504	48.14791199999999	0.0	1.0
319	0.0	1070.17728	1333.58184	49.446144	71.0802	0.0	1.0
319	0.0	2690.53824	1518.47352	105.015552	116.893152	0.0	1.0
319	0.0	1014.62784	628.7328	100.2912	170.12484	0.0	1.0
319	0.0	855.3062399999999	1712.6812799999998	118.682496	107.824176	0.0	1.0
319	0.0	1463.87712	1992.18312	79.17887999999999	80.222832	0.0	1.0
319	0.0	1092.14208	643.3171199999999	76.545792	112.108536	0.0	1.0
319	0.0	1077.69984	1111.90536	49.016064	97.90869599999999	0.0	1.0
319	0.0	980.41344	1377.83592	58.86527999999999	117.068112	0.0	1.0
319	0.0	2232.48384	350.23968	70.463232	67.40388	0.0	1.0
320	0.0	2545.71264	1847.6726399999998	115.786368	181.216656	0.0	1.0
320	0.0	1467.15648	1999.53576	78.76224	86.95900800000001	0.0	1.0
320	0.0	1766.87232	1599.89904	34.3513344	46.186632	0.0	1.0
320	0.0	1365.86496	300.56831999999997	79.332096	75.54924	0.0	1.0
320	0.0	1026.9120000000003	1022.10984	60.693504	87.97896000000001	0.0	1.0
320	0.0	983.49312	1394.9496	58.684416	105.294816	0.0	1.0
320	0.0	963.9359999999999	1191.21624	51.232512	103.13568	0.0	1.0
320	0.0	856.5542399999999	1712.30976	121.048704	107.948808	0.0	1.0
320	0.0	1014.52416	629.19936	100.04736	172.84536	0.0	1.0
320	0.0	1183.08096	435.79728	71.987712	99.228888	0.0	1.0
320	0.0	2698.41408	1507.2912	106.94515200000001	127.38729599999999	0.0	1.0
320	0.0	1071.5750400000002	1344.51576	53.65132799999999	88.027992	0.0	1.0
320	0.0	1074.9312	1116.3204	52.33804800000001	101.581776	0.0	1.0
320	0.0	1089.29664	646.8357599999999	75.85152	119.18556	0.0	1.0
320	0.0	2220.864	348.19416	80.752512	81.22572	0.0	1.0
321	0.0	1286.98368	576.3873600000001	50.38195199999999	92.150352	0.0	1.0
321	0.0	1212.61824	99.74318400000004	61.441536	67.079664	0.0	1.0
321	0.0	2692.68096	1540.19232	136.146816	222.54912	0.0	1.0
321	0.0	1296.04224	568.7604	51.937536	90.20808	0.0	1.0
321	0.0	1118.0352	1589.4640800000002	50.880768	98.834904	0.0	1.0
321	0.0	969.71904	1200.08736	39.00672	98.651736	0.0	1.0
321	0.0	984.89088	1397.3558400000002	60.22732799999999	116.833536	0.0	1.0
321	0.0	858.5510400000001	1712.32488	125.111808	108.830304	0.0	1.0
321	0.0	2041.14432	105.62875199999996	77.925888	98.573112	0.0	1.0
321	0.0	1014.5664	628.9833600000001	99.619584	173.02528800000002	0.0	1.0
321	0.0	1362.84288	306.7524000000001	87.502848	76.91176800000001	0.0	1.0
321	0.0	1029.1967999999997	1031.79096	56.651520000000005	93.616992	0.0	1.0
321	0.0	1085.5334400000002	652.8686400000001	75.44371199999999	121.594392	0.0	1.0
321	0.0	1073.27232	1346.3603999999998	53.90092799999999	87.295968	0.0	1.0
321	0.0	1073.4220799999998	1126.22184	51.652224000000004	108.50803200000001	0.0	1.0
321	0.0	2215.9449600000003	339.62976000000003	75.33465600000001	72.627192	0.0	1.0
322	0.0	1073.1072	1361.1672	45.50975999999999	79.070904	0.0	1.0
322	0.0	858.0556799999999	1711.8388799999998	124.332288	109.313928	0.0	1.0
322	0.0	1277.62176	581.9493600000001	45.648	95.496624	0.0	1.0
322	0.0	1767.07968	1598.87736	34.182144	44.481744000000006	0.0	1.0
322	0.0	971.2742399999998	1203.8652	35.8018944	96.334056	0.0	1.0
322	0.0	1013.5065599999999	630.8107200000001	98.9376	174.456288	0.0	1.0
322	0.0	1118.51904	1596.2810399999998	44.043648	100.75644	0.0	1.0
322	0.0	1362.8121600000002	323.13167999999985	76.660608	95.76100799999999	0.0	1.0
322	0.0	1081.85088	658.43496	80.52057599999999	120.01975200000001	0.0	1.0
322	0.0	982.9248	1410.48648	57.975168000000004	106.4772	0.0	1.0
322	0.0	1351.48032	312.6211199999999	72.23232	77.478552	0.0	1.0
322	0.0	2203.9104	335.05056	69.23328000000001	73.83160799999999	0.0	1.0
322	0.0	1072.66176	1144.43496	50.560128	107.526096	0.0	1.0
323	0.0	1074.05568	1252.25136	41.524224	119.25100799999998	0.0	1.0
323	0.0	1078.95168	705.47328	72.34367999999999	195.272208	0.0	1.0
323	0.0	1339.43424	307.44576000000006	67.248384	61.155864	0.0	1.0
323	0.0	1025.05344	1048.56984	60.947712	93.403584	0.0	1.0
323	0.0	1274.79168	591.12072	48.38784	99.33926400000001	0.0	1.0
323	0.0	1767.07584	1598.7369600000002	34.4011392	44.179992	0.0	1.0
323	0.0	971.30112	1210.8636	34.8475392	97.55424	0.0	1.0
323	0.0	1014.21696	628.90344	99.191808	171.56383200000002	0.0	1.0
323	0.0	956.13696	1213.5312	54.84864	93.09816	0.0	1.0
323	0.0	1078.0339199999999	1377.48816	56.706816	84.769632	0.0	1.0
323	0.0	2585.89824	1777.86144	97.12128000000001	95.488848	0.0	1.0
323	0.0	2187.4368	325.4666400000001	71.69587200000001	66.999744	0.0	1.0
323	0.0	1121.7024000000001	1604.05704	44.404608	100.974168	0.0	1.0
323	0.0	985.248	1411.98768	55.186944	111.92796	0.0	1.0
323	0.0	1071.40608	1157.814	49.535232	110.254824	0.0	1.0
323	0.0	2705.53728	1515.73896	130.77849600000002	223.79975999999996	0.0	1.0
324	0.0	1338.57024	316.23911999999996	76.16832	69.998256	0.0	1.0
324	0.0	855.38688	1711.58832	117.748992	108.592488	0.0	1.0
324	0.0	680.82816	1780.83576	73.890816	73.560096	0.0	1.0
324	0.0	958.65984	1219.18824	57.86112	93.45801600000001	0.0	1.0
324	0.0	2595.8208	1772.37072	87.123456	95.228784	0.0	1.0
324	0.0	1767.30624	1598.09544	34.9782912	44.04931200000001	0.0	1.0
324	0.0	1515.9705600000002	2018.31048	90.310656	87.643512	0.0	1.0
324	0.0	986.6304000000001	1406.84256	52.746624	96.811416	0.0	1.0
324	0.0	1080.4147200000002	1386.51264	54.211968	85.304016	0.0	1.0
324	0.0	1014.2016	628.58592	99.19027199999998	171.235944	0.0	1.0
324	0.0	2181.53472	319.8268800000001	80.800128	64.492848	0.0	1.0
324	0.0	1078.2988799999998	661.9708800000001	78.385536	100.54908	0.0	1.0
324	0.0	1127.1782400000002	1610.55864	41.29728	97.2216	0.0	1.0
324	0.0	1071.07584	1167.1992	48.397056	101.08411200000002	0.0	1.0
325	0.0	997.29792	1423.82232	52.727808	123.025608	0.0	1.0
325	0.0	1212.22272	100.93485599999997	62.211072	65.624256	0.0	1.0
325	0.0	969.45024	1227.55176	39.559296	106.23225600000002	0.0	1.0
325	0.0	1527.79776	2019.96504	86.985216	79.234848	0.0	1.0
325	0.0	1014.9888	627.55992	99.837312	170.379936	0.0	1.0
325	0.0	1337.46816	319.96512000000007	86.278272	66.431448	0.0	1.0
325	0.0	1767.03744	1597.86648	34.2165504	44.33205600000001	0.0	1.0
325	0.0	2591.75808	1799.8351199999997	115.954176	174.79907999999998	0.0	1.0
325	0.0	1082.42688	1392.32304	54.768	81.580824	0.0	1.0
325	0.0	1133.52576	1622.78208	43.030656	101.609208	0.0	1.0
325	0.0	985.0982400000001	1421.1223200000002	49.375872	119.94350400000002	0.0	1.0
325	0.0	2161.79712	311.3964000000001	90.39552	60.44220000000001	0.0	1.0
325	0.0	1070.70336	1174.34232	47.65593599999999	106.90617600000002	0.0	1.0
326	0.0	992.7436799999999	1428.4965599999998	56.90764800000001	120.16727999999999	0.0	1.0
326	0.0	1257.85728	603.59472	47.823744	85.00356	0.0	1.0
326	0.0	1324.28544	325.2074399999999	74.864256	65.264616	0.0	1.0
326	0.0	859.6684799999998	1710.38088	126.071424	111.38450400000002	0.0	1.0
326	0.0	1015.06944	629.53848	99.7248	173.40523199999998	0.0	1.0
326	0.0	2004.86016	85.14158399999985	68.39500799999999	77.216112	0.0	1.0
326	0.0	1767.0528000000002	1597.56624	34.376217600000004	44.618472	0.0	1.0
326	0.0	1087.99872	1488.2616	48.96576	132.590736	0.0	1.0
326	0.0	1542.15168	2020.7772	98.673408	79.34544000000001	0.0	1.0
326	0.0	1022.06976	1093.93632	59.916672000000005	137.38982399999998	0.0	1.0
326	0.0	1150.4102400000002	1652.022	72.06528	141.583032	0.0	1.0
326	13.0	2048.06784	1107.59616	235.568256	48.16044	0.0	1.0
326	0.0	2599.11936	1795.23648	112.032	179.52105600000002	0.0	1.0
326	0.0	1020.5606399999999	1073.53512	61.09132799999999	97.41146399999998	0.0	1.0
326	0.0	963.5712	1234.3665600000002	54.680832	102.36326400000002	0.0	1.0
326	0.0	1146.6432	1634.472	63.85267199999999	104.975136	0.0	1.0
326	0.0	1069.81248	1190.44512	47.67744	110.138616	0.0	1.0
326	0.0	1086.63168	1399.56768	56.468352	91.966536	0.0	1.0
326	0.0	2153.82528	303.90552	87.55660800000001	63.04284	0.0	1.0
327	0.0	1254.90048	624.37608	50.99135999999999	124.222248	0.0	1.0
327	0.0	1766.97984	1597.45608	33.845952000000004	44.739216	0.0	1.0
327	0.0	681.43488	1783.5228	76.19712	67.523544	0.0	1.0
327	0.0	1014.49728	629.3052	99.41952	173.23156800000004	0.0	1.0
327	0.0	1266.57024	650.2096799999999	73.043328	182.7198	0.0	1.0
327	0.0	1088.8358399999997	1409.3308800000002	55.121280000000006	97.18790399999999	0.0	1.0
327	0.0	995.6352	1440.61416	56.625024	113.239728	0.0	1.0
327	0.0	943.9641599999999	1097.57376	61.60819200000001	119.240424	0.0	1.0
327	13.0	2047.82592	1107.594	235.8144	48.68143200000001	0.0	1.0
327	0.0	1326.71232	335.3011200000001	95.35641600000001	77.92048799999999	0.0	1.0
327	0.0	962.44608	1239.4209600000002	55.092864	95.56228800000001	0.0	1.0
327	0.0	2138.18112	297.85104	68.178816	55.937735999999994	0.0	1.0
327	0.0	1021.41312	1073.30616	60.01728000000001	82.21024799999999	0.0	1.0
327	0.0	1069.70112	1201.6512	45.41990400000001	106.965144	0.0	1.0
327	0.0	1141.1904	1637.44416	42.029184	96.74899200000002	0.0	1.0
328	0.0	986.7916799999999	1440.40896	35.964288	81.320544	0.0	1.0
328	0.0	1014.6623999999999	629.0028	99.64415999999999	173.015784	0.0	1.0
328	0.0	1319.16288	337.95576000000005	100.20172799999999	71.336808	0.0	1.0
328	0.0	1063.3152	701.0042400000001	73.105536	112.35715200000001	0.0	1.0
328	0.0	1143.5481599999998	1641.6864	38.547456	88.287192	0.0	1.0
328	0.0	965.00736	1246.33944	53.036928	91.38614399999999	0.0	1.0
328	0.0	1766.98752	1598.0371200000002	33.9001344	45.579024	0.0	1.0
328	0.0	1023.83616	1081.7388	51.889152	86.23713599999999	0.0	1.0
328	0.0	2122.8864	292.9716000000002	81.06316799999999	60.101136	0.0	1.0
328	0.0	1021.25568	1099.41408	58.58956799999999	121.65443999999998	0.0	1.0
328	0.0	1092.76032	1416.204	59.13792	96.72134400000002	0.0	1.0
328	0.0	1069.87008	1213.2136799999998	46.16832000000001	105.909984	0.0	1.0
329	0.0	1028.14848	1097.5931999999998	40.658688000000005	100.195272	0.0	1.0
329	0.0	1061.16096	704.2852800000001	76.83955200000001	111.900528	0.0	1.0
329	0.0	2642.5536	1723.4553600000002	72.55526400000001	91.874952	0.0	1.0
329	0.0	971.89248	1250.2620000000002	38.646528	91.136016	0.0	1.0
329	0.0	1766.94912	1597.9463999999998	33.8767104	45.83196	0.0	1.0
329	0.0	1312.7424	343.55232	89.14367999999999	73.413216	0.0	1.0
329	0.0	997.54752	1462.44528	57.672191999999995	107.76456	0.0	1.0
329	3.0	1317.66528	416.91887999999994	102.96844800000001	192.660552	0.0	1.0
329	0.0	1021.59744	1114.7976	55.4688	132.866352	0.0	1.0
329	0.0	1096.6848	1478.92176	56.596992	203.47524	0.0	1.0
329	0.0	1095.47136	1433.21184	55.864704	111.697272	0.0	1.0
329	0.0	1014.8966399999999	629.71776	100.30003199999999	174.388248	0.0	1.0
329	0.0	2114.10048	290.9995200000001	102.03801600000001	59.480136	0.0	1.0
329	0.0	1069.69344	1222.06536	45.306624	102.11637600000002	0.0	1.0
330	0.0	1767.08736	1598.69376	34.213632000000004	47.51028	0.0	1.0
330	0.0	1056.54528	711.60984	79.113216	112.22496	0.0	1.0
330	0.0	1190.11968	1698.7536	48.541439999999994	79.301592	0.0	1.0
330	0.0	2105.00352	284.56272	88.667904	56.713608	0.0	1.0
330	0.0	1015.4496	628.93368	100.943232	172.60667999999998	0.0	1.0
330	0.0	1102.0416	1527.55416	51.746304	134.172288	0.0	1.0
330	0.0	2637.6384	1722.8592	93.650688	88.483968	0.0	1.0
330	0.0	1019.8387200000001	1114.42392	55.03180800000001	117.085824	0.0	1.0
330	0.0	2768.8704	1378.70208	99.927168	136.19534399999998	0.0	1.0
330	0.0	1307.7696	351.38015999999993	87.434496	79.017984	0.0	1.0
330	3.0	1312.80768	416.74176	105.799296	205.67563199999998	0.0	1.0
330	0.0	996.50304	1451.9736	49.468416000000005	98.221032	0.0	1.0
330	0.0	1100.5632	1440.2124	56.08550400000001	98.417808	0.0	1.0
330	0.0	1069.34784	1240.33464	43.874688	92.2644	0.0	1.0
331	0.0	1767.06048	1598.076	34.2674688	46.727064000000006	0.0	1.0
331	0.0	2640.4032	1755.10584	112.11264	170.250768	0.0	1.0
331	0.0	1159.82976	1668.66264	40.305408	87.08342400000001	0.0	1.0
331	0.0	1014.96192	630.17568	101.06304000000002	174.36924000000002	0.0	1.0
331	0.0	1021.49376	1131.02784	51.446784	132.169968	0.0	1.0
331	0.0	1002.37056	1461.12768	56.035584	94.3596	0.0	1.0
331	0.0	1039.43424	721.72512	52.576512	93.54139200000002	0.0	1.0
331	3.0	1309.4208	422.88264000000004	105.349248	201.073536	0.0	1.0
331	0.0	2092.7616	276.38928	88.64563199999999	55.63447200000001	0.0	1.0
331	0.0	1102.07616	1452.93696	56.96217600000001	100.395936	0.0	1.0
331	0.0	1296.08832	353.22263999999996	69.407616	80.34055199999999	0.0	1.0
331	0.0	1070.1696	1253.4350399999998	44.76095999999999	79.59988799999999	0.0	1.0
332	0.0	2783.60448	1352.4516	94.220928	138.341304	0.0	1.0
332	0.0	2662.72128	1694.35584	79.69036799999999	91.532592	0.0	1.0
332	3.0	967.6723200000001	1278.40464	56.433408	93.31632	0.0	1.0
332	3.0	1299.29472	414.52127999999993	93.596928	170.585136	0.0	1.0
332	0.0	1015.55328	631.10016	101.96044799999999	175.855104	0.0	1.0
332	0.0	1020.4416	1128.05352	54.064896000000005	111.996	0.0	1.0
332	0.0	1289.30688	350.60472000000004	74.60928	74.855664	0.0	1.0
332	0.0	999.2908799999999	1469.09592	47.24659199999999	89.87997599999998	0.0	1.0
332	0.0	1106.20032	1461.0564	53.350272	101.06531999999999	0.0	1.0
332	0.0	1767.38688	1598.14512	34.746816	48.2004	0.0	1.0
332	0.0	1037.7984	734.3762399999999	52.39833600000001	111.922344	0.0	1.0
332	0.0	1173.73824	1681.46928	54.573312	91.748376	0.0	1.0
332	0.0	1069.81632	1262.27592	43.649280000000005	75.160008	0.0	1.0
333	13.0	2048.32128	1106.96976	236.089728	48.920976	0.0	1.0
333	0.0	1183.5609599999998	1708.59456	64.339968	130.454496	0.0	1.0
333	0.0	940.22784	1154.83968	55.894656	107.230176	0.0	1.0
333	3.0	1287.2448000000002	407.71296000000007	79.206528	133.477632	0.0	1.0
333	0.0	1033.1481599999997	740.9664	50.565504	93.089952	0.0	1.0
333	0.0	969.84192	1284.03576	59.138304000000005	97.437816	0.0	1.0
333	0.0	1109.57184	1469.55816	50.666495999999995	100.456848	0.0	1.0
333	0.0	1286.18496	356.63976	78.20774399999999	69.923952	0.0	1.0
333	0.0	999.3830399999999	1471.6296	43.83244799999999	86.76935999999999	0.0	1.0
333	0.0	1180.9305599999998	1690.80048	58.13184	94.554864	0.0	1.0
333	0.0	1767.63648	1598.42376	34.668096	47.853504	0.0	1.0
333	0.0	1020.26496	1129.7404800000002	53.83104	98.980272	0.0	1.0
333	0.0	2673.8688	1681.34832	72.150528	92.961864	0.0	1.0
333	0.0	1072.8576000000003	1277.29872	42.248064	84.80786400000001	0.0	1.0
334	0.0	2675.91552	1687.20192	78.444288	74.893032	0.0	1.0
334	3.0	1044.69888	743.87592	72.670464	124.058304	0.0	1.0
334	0.0	1288.35456	362.77199999999993	84.28992000000001	62.080776	0.0	1.0
334	0.0	856.9881599999999	1710.94248	120.910464	110.599344	0.0	1.0
334	13.0	2048.4096	1106.71056	235.872	49.095072	0.0	1.0
334	0.0	942.80448	1158.23952	53.059584	117.6552	0.0	1.0
334	0.0	1116.17664	1577.57976	49.931520000000006	124.33046400000002	0.0	1.0
334	0.0	2679.01824	1671.84432	79.67961600000001	104.353272	0.0	1.0
334	0.0	1014.6969599999999	629.21448	100.840704	173.50783199999998	0.0	1.0
334	0.0	1767.3408	1598.26608	34.6424448	47.401632000000006	0.0	1.0
334	0.0	2791.42272	1325.31552	97.87584	145.6704	0.0	1.0
334	0.0	973.1366399999999	1295.36712	54.46080000000001	100.095696	0.0	1.0
334	0.0	1009.96608	1486.79928	62.93107200000001	96.29107200000001	0.0	1.0
334	0.0	1114.7097600000002	1491.2748	52.30540800000001	93.190392	0.0	1.0
334	0.0	1074.87744	1287.96048	39.0912	92.67652800000002	0.0	1.0
334	0.0	1024.2009600000001	1137.97656	47.167104	100.073448	0.0	1.0
335	0.0	1015.09632	630.6141600000001	101.119104	174.262104	0.0	1.0
335	0.0	1206.98112	681.5188800000001	44.92300800000001	92.243232	0.0	1.0
335	0.0	941.84064	1172.74392	49.877376	102.393288	0.0	1.0
335	0.0	2046.44352	265.97592	90.839424	60.87095999999999	0.0	1.0
335	0.0	1281.18912	372.6064799999999	78.540672	69.22519199999999	0.0	1.0
335	13.0	2050.62528	1108.26576	235.04947200000004	52.596216	0.0	1.0
335	0.0	1190.4768	1763.97912	56.026368	210.238848	0.0	1.0
335	0.0	1767.3984	1598.16024	34.5087744	47.24568	0.0	1.0
335	0.0	972.92928	1302.0177600000002	60.27532800000001	99.03578400000002	0.0	1.0
335	0.0	1074.53568	1300.56408	39.990912	86.858568	0.0	1.0
335	0.0	2681.80608	1660.52808	82.15641600000001	100.737216	0.0	1.0
335	0.0	1012.66944	1500.61032	63.104639999999996	93.216744	0.0	1.0
335	0.0	1018.944	1149.22152	57.221759999999996	104.113296	0.0	1.0
335	0.0	1122.04416	1583.94096	54.7776	131.459112	0.0	1.0
335	0.0	1117.10592	1492.89912	50.650752	96.63948	0.0	1.0
336	3.0	1035.00288	752.71248	73.742976	114.54890400000001	0.0	1.0
336	0.0	2035.9296	292.71888	98.909952	118.02326400000001	0.0	1.0
336	0.0	939.7439999999999	1176.0854399999998	54.424704000000006	113.850792	0.0	1.0
336	0.0	1269.34272	377.25695999999994	71.291136	67.478832	0.0	1.0
336	0.0	1767.35232	1598.08248	34.0019712	46.505880000000005	0.0	1.0
336	13.0	2048.18304	1106.6738400000002	236.438784	48.368016	0.0	1.0
336	0.0	1196.1791999999996	1773.4442399999998	54.682752	213.81192	0.0	1.0
336	0.0	2693.09952	1652.562	75.967104	102.983616	0.0	1.0
336	0.0	1075.59168	1308.39192	41.46816	84.478896	0.0	1.0
336	0.0	973.25184	1305.40248	62.404224000000006	95.507856	0.0	1.0
336	0.0	1015.05408	629.586	101.135232	174.68676	0.0	1.0
336	0.0	1127.08608	1589.18328	54.429312	140.081616	0.0	1.0
336	0.0	1013.6064	1497.81312	63.211776	85.66732800000001	0.0	1.0
336	0.0	1023.3369599999999	1163.89008	52.528896	120.27095999999999	0.0	1.0
336	0.0	1121.25312	1500.24744	51.552768	98.06032800000001	0.0	1.0
337	0.0	1208.95104	1749.4099199999998	66.62092799999999	149.790168	0.0	1.0
337	0.0	2025.06624	289.14624000000003	88.357248	110.037312	0.0	1.0
337	0.0	2024.84352	263.56320000000005	72.196992	63.787392000000004	0.0	1.0
337	0.0	1022.6879999999999	763.9164000000001	69.475584	109.398816	0.0	1.0
337	0.0	938.41536	1183.91544	55.065216	113.70477599999998	0.0	1.0
337	0.0	975.0912	1307.82168	64.148736	91.38312	0.0	1.0
337	0.0	1124.41728	1504.42272	51.14688	92.52468	0.0	1.0
337	0.0	1077.38112	1320.1596	40.608768	91.682712	0.0	1.0
337	0.0	1767.0336	1597.41504	35.1207168	47.059920000000005	0.0	1.0
337	0.0	2809.8432	1290.46176	90.397056	153.585504	0.0	1.0
337	13.0	2048.7168	1106.7732	236.60544	47.63340000000001	0.0	1.0
337	0.0	1014.79296	629.32896	101.199744	174.2634	0.0	1.0
337	1.0	1219.61472	1782.54432	68.080896	84.888432	0.0	1.0
337	0.0	1025.0611199999998	1173.88872	50.82624	121.93999200000002	0.0	1.0
337	0.0	1017.1699199999999	1503.34272	60.763008	84.52663199999999	0.0	1.0
338	0.0	1077.66528	1325.2701599999998	39.074688	101.225808	0.0	1.0
338	0.0	2143.81824	2102.1012	95.103744	113.187672	0.0	1.0
338	0.0	1021.33248	766.4695200000001	69.742848	112.639464	0.0	1.0
338	0.0	943.6032	1189.14264	45.15763200000001	115.556112	0.0	1.0
338	0.0	1767.3984	1597.35672	34.5952128	45.584424	0.0	1.0
338	0.0	1263.60576	390.66408	69.587712	72.423072	0.0	1.0
338	0.0	1020.5452800000002	1520.34192	65.86368	109.13421599999998	0.0	1.0
338	0.0	1133.24928	1522.11528	54.128256	95.349312	0.0	1.0
338	0.0	1014.92736	631.27944	100.397184	178.52335200000002	0.0	1.0
338	0.0	982.07616	1320.3972	51.451776	98.35862400000002	0.0	1.0
338	0.0	1207.03488	1733.24232	51.127296	98.14370400000001	0.0	1.0
338	0.0	2709.58464	1630.61208	67.9008	97.423776	0.0	1.0
338	0.0	1017.41568	1508.46624	59.22124800000001	84.547584	0.0	1.0
338	0.0	1026.40896	1182.43368	50.97292800000001	121.41467999999999	0.0	1.0
339	0.0	1256.03328	393.95808	76.570752	66.773808	0.0	1.0
339	0.0	2708.8512	1634.46552	57.263616	69.41592	0.0	1.0
339	0.0	1188.1574400000002	733.1039999999999	48.742656	118.044432	0.0	1.0
339	0.0	1012.3008	776.4962400000001	61.748352	112.542696	0.0	1.0
339	0.0	946.2528	1187.92008	46.92672	121.33821600000002	0.0	1.0
339	0.0	1212.08064	1739.32272	47.48697599999999	96.361488	0.0	1.0
339	0.0	1081.68192	1346.86368	44.386176	71.554536	0.0	1.0
339	0.0	1767.42144	1597.8859200000002	33.319334399999995	44.927568	0.0	1.0
339	0.0	1020.1804799999999	1514.7842400000002	56.191872	91.33884	0.0	1.0
339	0.0	2000.9472	251.11943999999994	79.959168	52.84872	0.0	1.0
339	0.0	979.2499200000001	1330.76952	62.95603200000001	98.41046400000002	0.0	1.0
339	0.0	1015.1616	629.92296	101.116416	177.03856799999997	0.0	1.0
339	0.0	1136.23296	1531.1376	50.687232	102.77409600000001	0.0	1.0
339	0.0	1025.0112	1186.23312	53.55379200000001	115.05348	0.0	1.0
340	0.0	1182.01728	735.0156000000001	45.54508799999999	106.30526399999998	0.0	1.0
340	0.0	2717.30688	1615.83768	85.38048	123.127128	0.0	1.0
340	0.0	1146.68544	1628.96616	58.209792	116.860752	0.0	1.0
340	0.0	2827.94112	1240.6240799999998	73.795968	154.361592	0.0	1.0
340	0.0	1250.90304	399.1895999999999	73.05216	72.387432	0.0	1.0
340	0.0	982.5907200000001	1338.60168	57.3792	89.79487200000003	0.0	1.0
340	0.0	1014.81216	629.3484	101.270784	176.36616	0.0	1.0
340	0.0	1767.41376	1597.76064	33.2772096	44.091864	0.0	1.0
340	0.0	1986.98112	243.65016000000003	80.217216	45.19324799999999	0.0	1.0
340	0.0	1082.63808	1351.41048	40.378752	94.51296	0.0	1.0
340	0.0	1214.69568	1744.91064	44.518272	94.66848	0.0	1.0
340	0.0	1022.08896	1525.24944	56.781696000000004	87.07176	0.0	1.0
340	0.0	1026.85056	1189.66968	53.595264	101.53965599999998	0.0	1.0
340	0.0	1140.23424	1543.72608	50.427264	101.413296	0.0	1.0
341	0.0	2831.90016	1227.5042400000002	71.19744	148.81428	0.0	1.0
341	0.0	2821.248	1257.64272	63.15071999999999	99.183096	0.0	1.0
341	0.0	1250.1964799999998	405.054	77.12832	75.173832	0.0	1.0
341	0.0	1017.5654400000001	627.1624800000001	106.201344	179.235072	0.0	1.0
341	0.0	1085.09184	1357.98552	39.404928	85.033368	0.0	1.0
341	0.0	1225.98528	1758.11256	53.543424	99.27532800000002	0.0	1.0
341	13.0	2049.09696	1106.0495999999998	235.55328	46.807632	0.0	1.0
341	0.0	1090.87488	1436.03064	45.134592	133.34544	0.0	1.0
341	0.0	1007.33184	806.32584	53.705472	110.71512	0.0	1.0
341	0.0	1176.94464	732.73896	46.253952	88.228008	0.0	1.0
341	0.0	2835.9168	1197.8150400000002	61.839744	89.4726	0.0	1.0
341	0.0	2726.23488	1604.32056	78.47616	116.45316	0.0	1.0
341	0.0	983.1936	1342.20672	61.69574400000001	88.868448	0.0	1.0
341	0.0	1767.05664	1597.9248	33.669427199999994	43.851456	0.0	1.0
341	0.0	1026.4512	1195.52976	57.403776	97.970688	0.0	1.0
341	0.0	1148.1216	1553.3035200000002	56.793216	93.007008	0.0	1.0
341	0.0	1027.63392	1537.2655200000002	61.513344	86.595048	0.0	1.0
342	0.0	982.4064000000001	1343.98656	58.967424	84.083184	0.0	1.0
342	0.0	1965.13152	240.36480000000006	71.70815999999999	45.005759999999995	0.0	1.0
342	0.0	1093.89696	1449.61056	49.57977600000001	131.992632	0.0	1.0
342	0.0	1229.80608	1762.3764	47.036544000000006	91.235592	0.0	1.0
342	0.0	1208.8128	723.6432	36.7837056	83.83608	0.0	1.0
342	0.0	1204.99584	734.79528	42.248448	102.235824	0.0	1.0
342	0.0	1026.78912	627.5577600000001	124.08345599999998	176.146272	0.0	1.0
342	0.0	1172.62464	733.20552	47.371008	74.532096	0.0	1.0
342	0.0	1246.69056	410.3892000000001	73.4784	81.147744	0.0	1.0
342	0.0	1088.38656	1371.25008	43.600896	95.12445599999998	0.0	1.0
342	0.0	1027.72608	1205.78976	54.820224	99.92980799999998	0.0	1.0
342	0.0	1767.36768	1597.59864	33.1589376	43.8156	0.0	1.0
342	0.0	1028.8128	1547.65944	60.288768	94.162392	0.0	1.0
342	0.0	2824.64256	1243.82736	58.861824	99.51012	0.0	1.0
342	0.0	2839.2806400000004	1170.90144	59.635968000000005	89.84908800000001	0.0	1.0
343	0.0	2844.33792	1162.37592	59.610240000000005	92.916504	0.0	1.0
343	0.0	1163.7542400000002	1588.86576	61.05792	107.525664	0.0	1.0
343	0.0	1954.89408	238.7124	93.84883199999999	45.872568	0.0	1.0
343	0.0	943.8912	1219.64184	54.11289599999999	120.501	0.0	1.0
343	0.0	1170.4127999999998	731.76696	44.500224	61.441848	0.0	1.0
343	0.0	1241.1648	417.91247999999996	77.675904	81.11232000000001	0.0	1.0
343	0.0	1201.1328	733.81032	41.40288	86.240592	0.0	1.0
343	0.0	1002.8851200000001	806.87664	53.977344	94.693752	0.0	1.0
343	0.0	2830.79424	1230.8479200000002	56.567808	108.391824	0.0	1.0
343	0.0	1016.6784	628.6723199999999	104.38387200000001	175.018752	0.0	1.0
343	0.0	1767.23712	1597.68936	33.589977600000005	44.832311999999995	0.0	1.0
343	0.0	1030.36416	1545.41952	59.665536	90.252576	0.0	1.0
343	0.0	985.17888	1356.93144	63.403392	94.909752	0.0	1.0
343	0.0	1031.2588799999999	1215.95904	57.19872	107.38332	0.0	1.0
344	0.0	1196.1868799999997	731.5682400000001	41.476992	74.150856	0.0	1.0
344	0.0	1102.176	1486.35432	45.74784	109.052568	0.0	1.0
344	0.0	1242.84288	1778.40144	48.40742399999999	91.458936	0.0	1.0
344	0.0	1015.4918399999999	628.5038399999999	101.55379199999999	173.948688	0.0	1.0
344	0.0	1234.76736	421.45488	66.206976	71.399232	0.0	1.0
344	3.0	1747.17696	2101.68648	119.99577599999999	113.483808	0.0	1.0
344	0.0	2730.7545600000003	1608.85008	90.782208	141.076944	0.0	1.0
344	0.0	1033.7856	1552.45896	60.434688	83.094336	0.0	1.0
344	0.0	1941.25056	238.50504	113.071104	48.840624	0.0	1.0
344	0.0	1767.29472	1597.66776	33.4541184	44.693856	0.0	1.0
344	0.0	1031.2704	1223.8948799999998	59.420928	107.522424	0.0	1.0
344	0.0	1096.46976	1397.9217600000002	46.237824	97.951248	0.0	1.0
344	0.0	1164.83328	1589.55048	58.277376	102.00081600000001	0.0	1.0
344	0.0	989.4604800000001	1365.03576	69.47328	95.86533599999999	0.0	1.0
345	0.0	1165.1020799999997	799.9236000000001	59.40288	174.396456	0.0	1.0
345	0.0	2994.84288	577.8885600000001	48.624768	42.293448	0.0	1.0
345	0.0	1166.0159999999998	1680.6636	46.058879999999995	117.65844	0.0	1.0
345	0.0	1253.64096	1796.78088	56.527104	110.501928	0.0	1.0
345	0.0	2838.13248	1195.13664	53.84255999999999	93.745728	0.0	1.0
345	0.0	997.7395200000001	826.47	51.589631999999995	95.68994399999998	0.0	1.0
345	0.0	2848.82304	1128.4898400000002	53.183232	88.766496	0.0	1.0
345	0.0	994.5408	1371.00384	63.78547199999999	94.00017600000001	0.0	1.0
345	0.0	1234.16064	431.73864000000003	61.97414400000001	91.064952	0.0	1.0
345	0.0	1016.60544	628.17768	103.762176	173.801808	0.0	1.0
345	0.0	2736.12672	1609.53912	102.607488	168.350832	0.0	1.0
345	0.0	1035.95136	1560.36888	57.344255999999994	86.4324	0.0	1.0
345	0.0	1767.29088	1597.6656	32.699328	43.389863999999996	0.0	1.0
345	0.0	1101.4348799999998	1408.37616	50.40998400000001	100.9314	0.0	1.0
345	0.0	1171.1692799999998	1596.2508	58.758912	98.49168	0.0	1.0
345	0.0	1034.8454399999998	1229.4504	55.72262400000001	94.39308	0.0	1.0
346	0.0	993.56544	839.96568	51.389184	104.835168	0.0	1.0
346	0.0	1108.4275200000002	1497.58848	50.509824	127.370016	0.0	1.0
346	0.0	942.80832	1223.7048	55.7472	96.46279200000001	0.0	1.0
346	0.0	1915.03104	234.09000000000003	112.907136	39.797784	0.0	1.0
346	0.0	1168.26624	811.44504	73.309056	192.44282400000003	0.0	1.0
346	0.0	1227.29472	429.76872000000003	54.506496000000006	75.302568	0.0	1.0
346	0.0	1175.11296	1685.06352	50.215680000000006	124.325712	0.0	1.0
346	0.0	1260.6144	1797.15672	61.172736	97.668504	0.0	1.0
346	0.0	1767.17568	1597.39992	33.209856	43.288992	0.0	1.0
346	0.0	1103.0438399999998	1417.94928	48.599039999999995	93.077208	0.0	1.0
346	0.0	1039.7030399999999	1574.4455999999998	56.68377600000001	76.31582399999999	0.0	1.0
346	0.0	1036.8576	1245.38472	64.4256	109.99908	0.0	1.0
346	0.0	2851.0195200000003	1108.91808	55.83168	79.40030399999999	0.0	1.0
346	0.0	992.0947199999999	1378.46448	66.64550399999999	94.049208	0.0	1.0
346	0.0	1176.33792	1600.33104	53.758848	93.96972	0.0	1.0
347	0.0	1024.2009600000001	628.9207200000001	118.710144	171.54093600000002	0.0	1.0
347	0.0	1181.84832	1685.41776	49.828992	124.268904	0.0	1.0
347	0.0	1224.43776	434.70000000000005	57.189888	71.62495200000001	0.0	1.0
347	0.0	1263.9552	1802.6949600000003	55.586304	92.528352	0.0	1.0
347	0.0	1162.59072	820.94472	71.436288	190.241568	0.0	1.0
347	0.0	1181.9020799999998	1608.76584	60.551424	85.212864	0.0	1.0
347	0.0	1107.74016	1429.34112	49.028736	98.481096	0.0	1.0
347	0.0	1043.75808	1577.41344	54.55872000000001	79.661232	0.0	1.0
347	0.0	1038.2630399999998	1252.2902399999998	63.01132799999999	111.948912	0.0	1.0
347	0.0	1767.57888	1598.0284800000002	33.1922688	43.89984	0.0	1.0
347	0.0	993.6576	1385.16696	65.347584	96.3846	0.0	1.0
347	0.0	991.65312	839.63736	58.511616	106.632288	0.0	1.0
348	0.0	1220.50944	439.21008000000006	64.17868800000001	76.143672	0.0	1.0
348	0.0	1267.36896	1812.726	52.817664	96.453288	0.0	1.0
348	0.0	2771.98464	1511.47296	67.336704	104.376168	0.0	1.0
348	0.0	1019.79648	628.3807200000001	109.936512	172.398672	0.0	1.0
348	0.0	1000.4659200000001	837.40176	74.08512	117.44524800000002	0.0	1.0
348	0.0	990.73536	843.71544	56.984064	107.67816	0.0	1.0
348	0.0	1767.16416	1597.44528	33.0029184	43.457471999999996	0.0	1.0
348	0.0	1048.1088	1585.2996	52.589952	82.05256800000001	0.0	1.0
348	0.0	1112.2752	1444.64904	48.987648	94.699368	0.0	1.0
348	0.0	996.5184	1393.87176	67.495296	99.24357599999999	0.0	1.0
348	0.0	1038.12096	1254.83256	58.116096	101.04156	0.0	1.0
349	0.0	1020.9792	833.23512	41.5008	100.075824	0.0	1.0
349	0.0	1134.9119999999998	820.82376	42.03072	112.56516	0.0	1.0
349	0.0	1200.66432	1633.9665599999998	78.59136	103.897296	0.0	1.0
349	0.0	950.42688	1257.7269600000002	62.95756800000001	111.35383199999998	0.0	1.0
349	0.0	1120.51584	1536.14448	48.157824	111.00218400000001	0.0	1.0
349	0.0	1024.09344	629.41536	118.374528	174.41956800000003	0.0	1.0
349	0.0	1191.98208	1714.8175199999998	50.50291200000001	115.07075999999999	0.0	1.0
349	0.0	2854.0454400000003	1061.21232	53.384832	83.511864	0.0	1.0
349	0.0	1767.55584	1598.11056	32.9926656	44.350416	0.0	1.0
349	0.0	1050.75456	1592.00856	51.68832	84.04840800000001	0.0	1.0
349	0.0	1213.6896	451.90872	63.35923199999999	86.52895199999999	0.0	1.0
349	0.0	983.5660800000002	853.5672000000001	46.91443200000001	96.30295199999999	0.0	1.0
349	0.0	997.9776000000002	1402.8336000000002	67.940352	98.084088	0.0	1.0
349	0.0	1043.6544	1265.69304	63.611136	92.70871199999999	0.0	1.0
349	0.0	1117.24032	1450.78776	47.757695999999996	89.90265600000001	0.0	1.0
350	0.0	996.3148799999999	854.2886400000001	75.323136	120.427344	0.0	1.0
350	0.0	1767.456	1597.86864	32.885760000000005	44.542224	0.0	1.0
350	0.0	1197.07008	1719.10296	50.831616	122.764248	0.0	1.0
350	0.0	1056.66048	1600.04592	54.552960000000006	83.680992	0.0	1.0
350	0.0	2850.29376	1116.88632	52.78656	84.942216	0.0	1.0
350	0.0	1126.0992	1540.34568	49.86662400000001	123.367968	0.0	1.0
350	0.0	1021.0752	630.9511200000001	113.549568	175.136256	0.0	1.0
350	0.0	1000.18176	1413.16272	65.271168	90.33984	0.0	1.0
350	0.0	2853.0816	1054.58112	59.086848	100.50328799999998	0.0	1.0
350	0.0	1043.82336	1269.90936	60.160896	89.585784	0.0	1.0
350	0.0	1214.46528	453.93264	71.35296	79.979184	0.0	1.0
350	0.0	2783.1552	1488.41928	69.634944	109.035288	0.0	1.0
350	0.0	1118.66112	1456.596	45.750912	90.84528	0.0	1.0
351	0.0	1221.3619199999998	95.02293599999996	67.97798399999999	51.3864	0.0	1.0
351	13.0	2052.14208	1108.69128	234.513792	52.01517599999999	0.0	1.0
351	0.0	996.84096	860.07096	74.896128	124.88083200000001	0.0	1.0
351	0.0	1261.77408	50.47682400000008	47.026176	98.465544	0.0	1.0
351	0.0	1205.97504	1726.61112	53.37984	124.592256	0.0	1.0
351	0.0	1061.18016	1610.24328	50.473344	81.93744000000001	0.0	1.0
351	0.0	1045.0368	1274.90976	54.541056	88.65201600000002	0.0	1.0
351	0.0	1019.48928	631.76112	111.604224	174.98980799999998	0.0	1.0
351	0.0	980.20992	865.01736	47.08224	110.34511199999999	0.0	1.0
351	0.0	2852.8435200000004	1044.93456	59.056128	112.227552	0.0	1.0
351	0.0	1129.16736	1550.00736	50.73561599999999	126.708192	0.0	1.0
351	0.0	1125.90336	1471.64256	47.31264000000001	88.199928	0.0	1.0
351	0.0	1767.73632	1598.10192	33.1007232	45.522864000000006	0.0	1.0
351	0.0	1215.09888	460.87056000000007	80.46220799999999	83.72916	0.0	1.0
351	0.0	2785.64736	1487.88792	72.304128	89.651664	0.0	1.0
351	0.0	2850.91968	1107.2808	52.324992	97.439976	0.0	1.0
351	0.0	1003.7376	1415.5776	64.114176	95.559912	0.0	1.0
352	13.0	2050.08	1107.07128	234.67584	47.833632	0.0	1.0
352	0.0	1065.90336	1627.4779199999998	59.219712	93.512664	0.0	1.0
352	0.0	1208.52096	470.32488	77.327616	88.223256	0.0	1.0
352	0.0	2976.58752	648.0993599999999	89.48352	189.53870399999997	0.0	1.0
352	0.0	1767.6672	1598.40864	34.4915712	48.256992	0.0	1.0
352	0.0	1055.02464	1315.04904	71.40633600000001	143.71819200000002	0.0	1.0
352	0.0	1221.97248	1660.554	74.294016	95.39791200000002	0.0	1.0
352	0.0	1052.40576	1296.0	66.428928	108.660744	0.0	1.0
352	0.0	1130.2271999999998	1487.16864	51.124992000000006	84.946752	0.0	1.0
352	0.0	2853.0969600000003	1087.41312	52.463232000000005	86.056992	0.0	1.0
352	0.0	984.32256	870.53832	60.859776	117.07480800000002	0.0	1.0
352	0.0	1019.07072	632.4825600000001	107.960064	174.412008	0.0	1.0
352	0.0	1123.89888	837.83808	43.820928	97.205184	0.0	1.0
352	0.0	951.67872	1285.41816	64.008576	119.225736	0.0	1.0
352	0.0	2792.72064	1481.50944	69.493632	85.37875199999999	0.0	1.0
352	0.0	2856.69888	1020.02112	52.858752	88.60536	0.0	1.0
352	0.0	1005.0662400000001	1419.7032000000002	62.661504	93.567528	0.0	1.0
353	0.0	1124.7129599999998	827.43768	40.353792	61.548768	0.0	1.0
353	0.0	953.9020799999998	1283.19768	63.969792000000005	102.92940000000002	0.0	1.0
353	0.0	1323.8208000000002	1869.50376	91.40736000000001	125.43962399999998	0.0	1.0
353	0.0	1227.2832	1676.03904	69.794304	98.506368	0.0	1.0
353	0.0	2981.9481600000004	602.5903199999999	77.248512	94.915152	0.0	1.0
353	0.0	682.9708799999999	1782.76896	78.13363199999999	67.06648799999999	0.0	1.0
353	13.0	2050.86336	1106.99568	232.768512	47.64852	0.0	1.0
353	0.0	1140.13824	1578.22344	47.603712	112.4982	0.0	1.0
353	0.0	976.85376	884.04696	48.57216	97.377336	0.0	1.0
353	0.0	1767.71712	1598.07384	34.7358336	47.581344	0.0	1.0
353	0.0	2796.58368	1471.014	70.86105599999999	85.130784	0.0	1.0
353	0.0	1003.80288	871.5816	50.300928	125.153424	0.0	1.0
353	0.0	2854.6099200000003	1078.87896	53.63136	101.185632	0.0	1.0
353	0.0	1057.9008	1309.02048	67.120128	119.749536	0.0	1.0
353	0.0	1016.34432	630.00288	102.897408	170.78947200000002	0.0	1.0
353	0.0	1007.63904	1427.59584	61.867776	95.096592	0.0	1.0
353	0.0	2855.77728	1015.18488	58.264320000000005	110.51186400000002	0.0	1.0
353	0.0	1134.7814399999997	1493.8430400000002	48.11481599999999	84.61087199999999	0.0	1.0
353	0.0	1843.34592	2086.64208	125.47468800000001	62.96853599999999	0.0	1.0
354	0.0	1075.99872	1643.74272	60.48806400000001	85.067064	0.0	1.0
354	0.0	2801.30304	1460.25936	66.92352	70.689024	0.0	1.0
354	0.0	955.43424	1297.0972800000002	64.704768	118.749024	0.0	1.0
354	0.0	2982.3552	602.1151199999999	78.089472	94.87476	0.0	1.0
354	0.0	1078.57152	1669.6497599999998	70.040832	134.481168	0.0	1.0
354	0.0	1850.85312	2086.35264	113.678592	62.935488	0.0	1.0
354	0.0	1059.0144	1313.2519200000002	66.776064	107.844264	0.0	1.0
354	0.0	1767.81696	1599.29208	34.154304	48.93609600000001	0.0	1.0
354	0.0	974.01216	889.53768	50.064	101.919384	0.0	1.0
354	0.0	1000.7347199999999	879.7248	48.185856	128.579616	0.0	1.0
354	0.0	1016.42112	629.95536	102.759936	172.37102399999998	0.0	1.0
354	0.0	1139.53152	1504.17864	47.441664	86.299128	0.0	1.0
354	0.0	2855.91936	992.92824	55.825919999999996	96.73452	0.0	1.0
354	0.0	2854.82496	1063.7784	51.589248000000005	101.438352	0.0	1.0
354	0.0	1009.63584	1434.51432	63.003264	93.457584	0.0	1.0
355	13.0	2051.1936	1106.87904	232.13184	47.249568	0.0	1.0
355	0.0	1112.34816	862.5117600000001	45.098112	98.5122	0.0	1.0
355	0.0	2807.63904	1431.26136	67.35628799999999	116.6562	0.0	1.0
355	0.0	1143.65952	1513.4472	45.858432	89.631576	0.0	1.0
355	0.0	1767.73632	1599.66576	34.3373952	48.774096	0.0	1.0
355	0.0	1322.54592	1861.4016	63.57504	88.53299999999999	0.0	1.0
355	0.0	1862.5728	2087.79552	127.047168	62.34235200000001	0.0	1.0
355	0.0	2982.26688	601.8148799999999	79.23340800000001	96.511824	0.0	1.0
355	0.0	2808.7488	1452.29544	66.8064	72.670824	0.0	1.0
355	0.0	973.50912	891.3844799999999	59.238528	114.637896	0.0	1.0
355	0.0	956.6016	1302.35472	65.402112	120.128616	0.0	1.0
355	0.0	2855.70048	1049.36904	54.29952	94.563072	0.0	1.0
355	0.0	1081.2326400000002	1668.1161599999998	71.433216	127.20996	0.0	1.0
355	0.0	1060.01664	1315.62144	63.592704000000005	100.603296	0.0	1.0
355	0.0	2856.5568	999.81864	56.674944	142.431912	0.0	1.0
355	0.0	1001.66016	884.32128	46.748928	124.918416	0.0	1.0
355	0.0	2857.14048	975.36528	56.633088	92.483208	0.0	1.0
355	0.0	1018.20672	628.83	106.025472	173.354256	0.0	1.0
355	0.0	1013.9596799999999	1440.84312	64.180992	86.860296	0.0	1.0
356	0.0	1157.4144	1534.7556	63.039744	113.801544	0.0	1.0
356	0.0	1329.23136	1869.77376	58.864512000000005	85.215024	0.0	1.0
356	0.0	1185.41184	489.50352	56.606208	68.25794400000001	0.0	1.0
356	0.0	1796.98944	309.76344000000006	114.497664	174.509856	0.0	1.0
356	0.0	1767.32928	1597.58568	34.482432	45.39996000000001	0.0	1.0
356	0.0	2813.9328	1420.19136	63.15878399999999	116.013384	0.0	1.0
356	13.0	2052.12672	1108.71288	233.60294399999998	52.985664	0.0	1.0
356	0.0	2982.19392	602.154	79.633536	96.926328	0.0	1.0
356	0.0	1016.9164800000001	629.06544	102.576768	173.65838399999998	0.0	1.0
356	0.0	2855.86176	1031.49288	53.62944	95.293152	0.0	1.0
356	0.0	969.98784	903.48912	52.36416	109.05386399999999	0.0	1.0
356	0.0	961.2441599999999	1316.05128	66.352896	123.197544	0.0	1.0
356	0.0	1877.0496	2089.06776	119.025792	61.95247199999999	0.0	1.0
356	0.0	1062.144	1322.1792	58.19404800000001	98.919144	0.0	1.0
356	0.0	1083.1872	1664.67096	59.95584000000001	84.157488	0.0	1.0
356	0.0	1015.60704	1450.79208	65.157504	95.15534400000001	0.0	1.0
356	0.0	2855.84256	965.43792	57.051648	97.307568	0.0	1.0
357	0.0	1160.0409599999998	1539.70416	58.45248	90.962136	0.0	1.0
357	13.0	2051.01696	1106.77104	232.816896	47.327976	0.0	1.0
357	0.0	1071.9552	1344.7490400000002	67.56096	102.183768	0.0	1.0
357	0.0	2816.29824	1410.75216	67.1136	123.540552	0.0	1.0
357	0.0	980.2406399999999	899.4456	72.457728	117.037872	0.0	1.0
357	0.0	1766.66112	1594.83168	36.67968	51.350112	0.0	1.0
357	0.0	2982.36672	602.31816	80.06092799999999	97.22592	0.0	1.0
357	0.0	1066.90944	1329.8796	59.75232	95.49252	0.0	1.0
357	0.0	2856.18048	950.08896	55.759104	92.559888	0.0	1.0
357	0.0	1087.19616	1671.5916000000002	62.178816000000005	102.22632	0.0	1.0
357	0.0	963.07968	1319.74704	65.693952	118.180296	0.0	1.0
357	0.0	1337.81376	1876.5777599999997	62.8032	93.747024	0.0	1.0
357	0.0	1017.1008000000002	627.6096	102.142464	171.58694400000002	0.0	1.0
357	0.0	2856.5798400000003	1016.34048	51.998208	95.483664	0.0	1.0
357	0.0	1018.1951999999999	1459.2744	62.75635200000001	104.378328	0.0	1.0
357	0.0	1882.62912	2088.68976	128.101248	59.916888	0.0	1.0
358	0.0	963.9705599999999	1324.48824	59.731584000000005	117.220392	0.0	1.0
358	0.0	980.4211199999999	913.8204	64.241664	124.727472	0.0	1.0
358	0.0	1893.43488	2088.08928	127.603968	57.36528	0.0	1.0
358	0.0	1180.28544	515.42136	62.623488	104.19278399999999	0.0	1.0
358	13.0	2051.94624	1109.16864	233.606016	52.332696	0.0	1.0
358	0.0	2856.05376	930.20616	53.010432	88.84296	0.0	1.0
358	0.0	2982.15936	602.9769600000002	80.31014400000001	98.532288	0.0	1.0
358	0.0	1767.39072	1593.71496	37.320192	52.906392	0.0	1.0
358	0.0	1342.74432	1880.72064	59.468928000000005	87.497712	0.0	1.0
358	0.0	2822.76096	1401.49224	65.200512	122.91220800000002	0.0	1.0
358	0.0	1070.2502399999998	1338.61032	64.312704	97.2216	0.0	1.0
358	0.0	1164.2803199999998	1548.93816	56.004096	92.620584	0.0	1.0
358	0.0	1097.8752000000002	1693.23048	75.44678400000001	132.419016	0.0	1.0
358	0.0	1016.6208	628.51464	102.085632	172.338192	0.0	1.0
358	0.0	2857.14816	1007.08704	52.642176	98.76492000000002	0.0	1.0
358	0.0	1022.24256	1466.33976	66.272256	95.421672	0.0	1.0
359	0.0	973.25568	919.0368	70.007424	125.883936	0.0	1.0
359	13.0	2051.16288	1106.70192	232.491264	47.406600000000005	0.0	1.0
359	0.0	1172.2944	1636.17408	56.970624	113.20970400000002	0.0	1.0
359	0.0	2825.67168	1386.6876	64.397184	102.79828799999999	0.0	1.0
359	0.0	2982.03264	603.3528	79.421568	98.78112000000002	0.0	1.0
359	0.0	1768.56192	1594.6675200000002	38.0163456	54.50457599999999	0.0	1.0
359	0.0	1904.59392	2089.1304	131.016576	59.500872	0.0	1.0
359	0.0	1348.47744	1890.5076	58.833792	88.68895199999999	0.0	1.0
359	0.0	2854.07232	915.64344	54.65433600000001	86.75575200000002	0.0	1.0
359	0.0	1016.2176	628.87104	101.34720000000002	171.81072	0.0	1.0
359	0.0	2855.33184	988.64928	52.834176	95.98284	0.0	1.0
359	0.0	1175.40864	1561.2048	64.78502399999999	86.912568	0.0	1.0
359	0.0	1076.4403199999997	1358.6119199999998	68.372736	115.540128	0.0	1.0
359	0.0	1023.58656	1469.9167200000002	67.19808	92.18664	0.0	1.0
359	0.0	1103.36256	1704.08448	74.68032	123.02712	0.0	1.0
360	0.0	1357.93152	1977.9573599999999	61.027584	131.050008	0.0	1.0
360	0.0	859.48416	1710.78696	126.06720000000001	110.238624	0.0	1.0
360	0.0	1175.97696	1645.37136	47.28192	117.10224	0.0	1.0
360	0.0	1104.0076800000002	1696.11408	65.66976	68.472216	0.0	1.0
360	0.0	683.1744000000001	1781.4924	78.36940799999999	67.735008	0.0	1.0
360	0.0	1919.21664	2087.84088	133.047552	57.415176	0.0	1.0
360	0.0	1128.0767999999998	873.48888	28.192396800000004	84.997512	0.0	1.0
360	0.0	2831.232	1365.42672	48.541439999999994	112.191912	0.0	1.0
360	0.0	1091.8003200000003	904.56264	40.90176	83.188944	0.0	1.0
360	0.0	1081.37088	1433.268	65.95468799999999	119.648448	0.0	1.0
360	0.0	1768.2240000000002	1595.95056	37.833984	50.1606	0.0	1.0
360	0.0	2853.18144	929.54736	54.686592000000005	137.78186399999998	0.0	1.0
360	0.0	1271.12832	1818.23616	47.122176	109.266408	0.0	1.0
360	0.0	991.39968	923.29632	35.4525312	117.264672	0.0	1.0
360	0.0	1171.05408	519.88392	57.25094399999999	72.409896	0.0	1.0
360	0.0	1106.28864	1709.72424	68.43379200000001	96.828264	0.0	1.0
360	0.0	1179.17568	1565.1144	59.08646400000001	85.122144	0.0	1.0
360	0.0	1353.6576	1895.19696	57.63071999999999	89.235	0.0	1.0
360	0.0	1016.05248	628.3439999999999	100.593408	168.991272	0.0	1.0
360	0.0	2852.15616	910.13976	57.27744	98.639424	0.0	1.0
360	0.0	2854.56	974.77776	49.701504	99.25308	0.0	1.0
360	0.0	1074.67008	1352.79936	61.49836799999999	90.109152	0.0	1.0
360	0.0	1028.49024	1480.94784	65.074944	97.271928	0.0	1.0
361	0.0	1191.0681600000003	1594.03896	64.952448	105.380136	0.0	1.0
361	0.0	982.51776	925.7436	47.415552000000005	113.035608	0.0	1.0
361	0.0	2373.984	2006.72208	89.389824	73.43179199999999	0.0	1.0
361	0.0	1370.4576	1910.74032	69.502848	107.7408	0.0	1.0
361	0.0	970.39488	1360.044	62.89459200000001	102.29263199999998	0.0	1.0
361	0.0	1183.2959999999998	1657.6488	49.88352	108.306936	0.0	1.0
361	13.0	2051.33952	1106.69976	232.586496	47.180448	0.0	1.0
361	0.0	1185.82272	1576.28808	60.052992	88.92655199999999	0.0	1.0
361	0.0	1926.63936	2088.32688	130.426752	58.821552	0.0	1.0
361	0.0	1172.88576	518.778	64.879104	74.28088799999999	0.0	1.0
361	0.0	2849.3952	884.1096	58.905216	85.443336	0.0	1.0
361	0.0	1107.14112	1694.81592	64.340736	70.70003999999999	0.0	1.0
361	0.0	1768.29312	1596.67848	36.9323904	45.884664	0.0	1.0
361	0.0	1363.00416	1901.71584	59.811456	88.145496	0.0	1.0
361	0.0	2854.21056	952.08696	52.122240000000005	80.603424	0.0	1.0
361	0.0	2836.3968	1358.81928	60.67968	123.17508	0.0	1.0
361	0.0	1279.61088	1824.94944	46.910208	107.965224	0.0	1.0
361	0.0	1016.22528	625.7260800000001	99.953664	165.111912	0.0	1.0
361	0.0	1030.2067199999997	1482.17256	62.605056	86.92466399999999	0.0	1.0
361	0.0	1078.368	1359.30744	59.97312	91.699344	0.0	1.0
362	0.0	1940.07552	2086.42824	123.90144	57.427704	0.0	1.0
362	0.0	1184.95872	1667.95848	42.3552	104.590656	0.0	1.0
362	0.0	1020.9753599999999	743.41368	81.47827199999999	206.969688	0.0	1.0
362	0.0	959.4969600000001	925.80408	57.13536	93.81268800000001	0.0	1.0
362	0.0	1287.19488	1828.10304	47.822592	109.42127999999998	0.0	1.0
362	0.0	969.64608	939.40128	72.237312	129.553344	0.0	1.0
362	13.0	2050.78656	1106.61552	233.490816	47.241144000000006	0.0	1.0
362	0.0	1371.3676799999998	1908.7250399999998	57.30047999999999	87.77484	0.0	1.0
362	0.0	2842.1068800000003	1360.9965599999998	58.269312	88.675344	0.0	1.0
362	0.0	1188.4147200000002	1590.6996	51.387264	85.198176	0.0	1.0
362	0.0	1088.5248	919.80144	43.98144	81.84715200000001	0.0	1.0
362	0.0	1165.17888	525.21264	60.336768	76.091184	0.0	1.0
362	0.0	2853.37728	938.95416	52.624512	93.710736	0.0	1.0
362	0.0	1194.35904	1603.17576	65.229312	110.85465600000002	0.0	1.0
362	0.0	1768.54656	1594.63728	36.4892544	46.914984	0.0	1.0
362	0.0	1118.9568000000002	1724.12928	82.88832000000001	111.982176	0.0	1.0
362	0.0	2848.98816	875.5797600000001	51.92563200000001	92.35296	0.0	1.0
362	0.0	1081.29024	1367.80704	58.961279999999995	88.423488	0.0	1.0
362	0.0	1030.48704	1489.72608	60.670464	88.94988000000001	0.0	1.0
362	0.0	1016.0832	627.35688	100.250112	168.09940799999998	0.0	1.0
362	0.0	973.42848	1357.73928	65.509632	117.21909600000001	0.0	1.0
363	0.0	2845.93152	867.14064	60.91699200000001	114.99926400000001	0.0	1.0
363	0.0	2982.13632	603.0568800000001	78.27801600000001	97.829856	0.0	1.0
363	0.0	2842.72512	1342.7337599999998	52.79961600000001	73.879128	0.0	1.0
363	0.0	1094.23104	1450.8288000000002	68.909952	123.140304	0.0	1.0
363	0.0	1122.59712	1727.55504	71.700096	105.815592	0.0	1.0
363	0.0	1083.73248	932.85	41.901312	90.167472	0.0	1.0
363	0.0	1021.7472	748.73808	79.051776	208.105848	0.0	1.0
363	0.0	1767.76704	1594.67616	36.5159808	46.019448	0.0	1.0
363	13.0	2051.12448	1106.63712	233.118336	47.068992	0.0	1.0
363	0.0	1164.95616	530.20008	65.817984	77.702328	0.0	1.0
363	0.0	967.29216	938.304	73.375104	119.252088	0.0	1.0
363	0.0	1389.56928	1914.93072	79.173888	87.375024	0.0	1.0
363	0.0	2851.97568	928.12824	53.664384000000005	104.89003199999999	0.0	1.0
363	0.0	2849.05728	893.33712	60.029952	158.914872	0.0	1.0
363	0.0	1948.99968	2086.54704	127.26489599999998	59.037552000000005	0.0	1.0
363	0.0	1083.88608	1373.976	54.35327999999999	85.174632	0.0	1.0
363	0.0	1193.06112	1597.05648	50.371584000000006	92.245176	0.0	1.0
363	0.0	1034.87232	1499.08752	64.22054399999999	88.004232	0.0	1.0
363	0.0	977.5910399999999	1362.80232	63.902976	123.922872	0.0	1.0
363	0.0	1015.9104	624.63744	100.658688	164.16626399999998	0.0	1.0
364	0.0	982.57536	923.26608	33.416025600000005	72.14292	0.0	1.0
364	0.0	810.7891199999999	1212.80112	87.647616	52.460136	0.0	1.0
364	0.0	967.00416	951.79968	65.846016	126.864576	0.0	1.0
364	0.0	1082.19264	942.2568	42.934656	87.357096	0.0	1.0
364	0.0	1205.57952	1603.5516	63.343488	80.712072	0.0	1.0
364	0.0	1201.6896	1684.21464	50.35814400000001	127.324224	0.0	1.0
364	0.0	1033.47072	1501.54128	55.661184	88.994592	0.0	1.0
364	0.0	1157.9712	539.0172	65.680512	83.050272	0.0	1.0
364	0.0	2848.23168	1311.92136	55.274496	107.222832	0.0	1.0
364	0.0	978.0672	1368.6019199999998	65.113344	120.80901599999999	0.0	1.0
364	0.0	2840.1408	849.63168	71.94624	98.436816	0.0	1.0
364	0.0	1768.09344	1594.21608	36.1047552	47.10355200000001	0.0	1.0
364	13.0	2050.9824	1106.76024	232.853376	47.048256	0.0	1.0
364	0.0	1958.4576	2087.63784	132.209664	61.371864	0.0	1.0
364	0.0	1125.84192	1736.9640000000002	70.610304	112.10702399999998	0.0	1.0
364	0.0	1411.05408	1932.0400800000002	99.63264	105.30367200000002	0.0	1.0
364	0.0	1089.1008	1385.478	61.633152	94.593312	0.0	1.0
364	0.0	1015.80288	623.2896	99.899136	162.229824	0.0	1.0
364	0.0	2850.01344	919.89864	52.169856	100.372824	0.0	1.0
365	0.0	2415.34848	1980.3722400000001	91.52332800000002	72.485928	0.0	1.0
365	0.0	2982.3744	602.79552	77.10336	95.87354399999998	0.0	1.0
365	0.0	1079.92704	950.84064	42.310272	86.861592	0.0	1.0
365	0.0	1099.34592	1406.19456	72.417408	113.01076800000001	0.0	1.0
365	0.0	1768.0012800000002	1594.0908	34.938355200000004	47.028384	0.0	1.0
365	0.0	1044.23424	1581.3511199999998	62.773632	118.059768	0.0	1.0
365	13.0	2050.5408	1106.28072	234.473856	46.09720800000001	0.0	1.0
365	0.0	1154.44224	552.3335999999999	63.887232	96.283944	0.0	1.0
365	0.0	1688.0256	259.8588	88.58879999999999	42.120432	0.0	1.0
365	0.0	2854.27968	1297.13832	56.8512	97.622928	0.0	1.0
365	0.0	1212.89472	1612.58472	65.062656	82.240272	0.0	1.0
365	0.0	1969.36704	2086.6032	135.496704	62.508456	0.0	1.0
365	0.0	2841.1929600000003	828.4550399999999	57.9552	92.580408	0.0	1.0
365	0.0	1418.12352	1930.84992	101.300352	94.603248	0.0	1.0
365	0.0	1038.7583999999997	1508.47488	58.263552	80.41917600000001	0.0	1.0
365	0.0	1094.7417600000003	1392.57792	64.570752	87.801192	0.0	1.0
365	0.0	2849.7792	901.55376	51.125375999999996	100.798128	0.0	1.0
365	0.0	1015.9987200000002	620.8163999999999	101.499648	155.338776	0.0	1.0
365	0.0	983.7235199999999	1378.2636	67.34361600000001	113.75316	0.0	1.0
366	0.0	1042.36416	1519.54056	59.760768	91.82008800000001	0.0	1.0
366	0.0	1135.3152	1736.63352	71.000064	83.6946	0.0	1.0
366	0.0	1428.76032	1948.17528	106.94976	118.93716	0.0	1.0
366	0.0	1422.1056	1933.4980799999998	93.370368	92.125512	0.0	1.0
366	0.0	951.3024	974.8512	49.089792	95.11581600000001	0.0	1.0
366	13.0	2051.2896	1106.24616	233.039232	46.214712	0.0	1.0
366	0.0	1222.23744	1623.35448	73.398528	91.069056	0.0	1.0
366	0.0	2839.97952	831.72096	58.777728	119.77761599999998	0.0	1.0
366	0.0	1152.16512	557.64288	68.130048	97.17191999999999	0.0	1.0
366	0.0	1653.7612800000002	197.583624	56.269824	106.880904	0.0	1.0
366	0.0	1100.27904	1407.79296	68.717184	101.89476	0.0	1.0
366	0.0	2855.74272	1293.04296	55.774848	105.023088	0.0	1.0
366	0.0	1015.8873600000001	623.7561599999999	101.328768	161.245944	0.0	1.0
366	0.0	987.15648	1383.53832	68.92992000000001	118.7676	0.0	1.0
366	0.0	1980.81792	2084.73264	132.9024	65.641104	0.0	1.0
367	0.0	1052.6323200000002	1542.20544	56.16230400000001	88.18070399999999	0.0	1.0
367	0.0	997.88928	720.0597600000001	50.873472	82.31479200000001	0.0	1.0
367	0.0	1152.39168	564.82272	71.82527999999999	99.902808	0.0	1.0
367	0.0	1647.02976	194.12632800000006	57.010176	102.720096	0.0	1.0
367	0.0	1144.4006399999998	577.4392799999999	58.60070399999999	77.779872	0.0	1.0
367	0.0	1082.77248	963.9972	51.51168	94.43088	0.0	1.0
367	0.0	2429.05728	1973.29608	74.068992	72.881208	0.0	1.0
367	0.0	1228.79232	1635.08112	74.539008	91.403424	0.0	1.0
367	13.0	2051.24352	1106.42112	233.566848	46.559016	0.0	1.0
367	0.0	1136.96256	1738.6056	62.646912	78.84194400000001	0.0	1.0
367	0.0	1767.79008	1594.82304	35.1591936	48.363264	0.0	1.0
367	0.0	1048.75008	1529.15688	61.610496000000005	87.99019200000002	0.0	1.0
367	0.0	1437.0624	1950.49944	108.759936	111.738312	0.0	1.0
367	0.0	2857.54752	1290.9607199999998	54.884352	105.035616	0.0	1.0
367	0.0	1990.51008	2081.6352	131.69664	62.70328800000001	0.0	1.0
367	0.0	1105.81248	1412.6011199999998	66.820992	100.219032	0.0	1.0
367	0.0	2835.4368	793.05912	55.280256	75.138408	0.0	1.0
367	0.0	2844.01152	872.8452	52.62144	106.89192	0.0	1.0
367	0.0	1015.90272	622.9267199999999	101.971584	161.574048	0.0	1.0
367	0.0	991.6607999999999	1390.80024	72.55296	119.214072	0.0	1.0
368	0.0	1143.71712	1742.29704	65.572224	72.76608	0.0	1.0
368	0.0	1140.768	570.78648	61.147392	51.287256	0.0	1.0
368	13.0	2050.56768	1105.56144	234.141312	44.875512	0.0	1.0
368	0.0	1055.0784	1544.76072	60.187008	91.212912	0.0	1.0
368	0.0	1998.31296	2081.30904	130.621056	63.817416	0.0	1.0
368	0.0	2859.18336	1280.016	57.304704	90.467064	0.0	1.0
368	0.0	1767.82848	1594.0692	34.9771776	47.754576	0.0	1.0
368	0.0	2830.48704	785.2788	58.212096	94.55831999999998	0.0	1.0
368	0.0	1108.99968	1418.76576	58.5888	92.753856	0.0	1.0
368	0.0	1047.11424	1528.59312	54.86784	76.890384	0.0	1.0
368	0.0	1447.07712	1957.75056	107.375232	111.202848	0.0	1.0
368	0.0	1016.0832	624.01104	101.924352	166.06749599999998	0.0	1.0
368	0.0	992.3481600000001	1396.46808	68.597376	114.820632	0.0	1.0
369	0.0	973.0636800000001	969.77736	41.203968	93.918312	0.0	1.0
369	0.0	2381.3184	1986.78744	69.092352	59.808024	0.0	1.0
369	0.0	1346.89536	1791.9273599999997	66.4992	78.83524799999999	0.0	1.0
369	13.0	2050.82112	1105.95672	233.91283200000004	45.22305599999999	0.0	1.0
369	0.0	1136.2099200000002	574.7025600000002	57.668736	55.845935999999995	0.0	1.0
369	0.0	2012.54016	2079.52056	134.389248	67.58791199999999	0.0	1.0
369	0.0	2864.4864	1275.24888	60.797184	101.56428	0.0	1.0
369	0.0	2839.1155200000003	845.7955199999999	51.722112	100.198944	0.0	1.0
369	0.0	2828.01408	769.6879200000001	57.750144	93.28327199999998	0.0	1.0
369	0.0	1114.7788799999998	1427.63472	63.282816	96.56582399999999	0.0	1.0
369	0.0	1767.6288	1594.4450399999998	35.136844800000006	49.367448	0.0	1.0
369	0.0	1454.12352	1963.73592	105.79775999999998	111.16764	0.0	1.0
369	0.0	1051.76448	1539.19872	61.34745600000001	84.686256	0.0	1.0
369	0.0	1016.22144	628.7436	102.89472	174.298608	0.0	1.0
369	0.0	993.07776	1399.7016	65.885184	103.783032	0.0	1.0
370	0.0	2425.79712	1971.48168	156.015744	110.74730400000001	0.0	1.0
370	13.0	2050.2912	1105.76448	234.615168	44.845488	0.0	1.0
370	0.0	1074.1632	978.7716	55.974528	105.720768	0.0	1.0
370	0.0	2824.82304	751.31496	59.1072	86.76007200000001	0.0	1.0
370	0.0	1767.37536	1594.6956	35.3899008	47.475504	0.0	1.0
370	0.0	1357.91616	1801.93896	67.166208	78.079896	0.0	1.0
370	0.0	1133.72544	577.16712	57.930624	58.756752000000006	0.0	1.0
370	0.0	1054.2143999999998	1544.90112	59.937024	79.95844799999999	0.0	1.0
370	0.0	2866.00704	1232.10936	50.739072	108.37259999999999	0.0	1.0
370	0.0	956.64	987.52392	68.913024	120.17980799999998	0.0	1.0
370	0.0	997.62432	1409.36328	66.09561599999999	109.36857599999999	0.0	1.0
370	0.0	1463.9232	1963.84824	107.912832	100.989936	0.0	1.0
370	0.0	2023.30368	2077.30656	130.42368000000002	67.891392	0.0	1.0
370	0.0	1016.16384	630.3895200000001	102.44928	177.838632	0.0	1.0
370	0.0	2832.31488	830.3752800000001	54.89203200000001	113.29308000000002	0.0	1.0
371	0.0	2436.51072	1965.66048	134.306304	111.633984	0.0	1.0
371	0.0	1256.4672	1674.73224	78.849024	97.45012800000002	0.0	1.0
371	0.0	1064.8665600000002	996.99768	46.614912	89.00971200000001	0.0	1.0
371	13.0	2049.16992	1105.99128	237.134208	44.969688	0.0	1.0
371	0.0	2975.0553600000003	650.54016	95.311104	196.467552	0.0	1.0
371	0.0	2864.70912	1250.57952	53.385216	88.526304	0.0	1.0
371	0.0	2818.12224	737.09136	53.02656000000001	76.20890399999999	0.0	1.0
371	0.0	1133.23008	580.28616	55.162752	58.573152	0.0	1.0
371	0.0	1767.40224	1595.10168	36.02784	48.084192	0.0	1.0
371	0.0	1059.77088	1554.6168	57.519360000000006	82.00418400000001	0.0	1.0
371	0.0	955.09248	1002.45816	69.466752	136.153008	0.0	1.0
371	0.0	988.48512	754.2698399999999	59.926272	97.06392	0.0	1.0
371	0.0	1069.27872	1623.9139200000002	60.528384	125.31952799999999	0.0	1.0
371	0.0	997.18656	1411.37424	60.35136000000001	101.57119199999998	0.0	1.0
371	0.0	1474.15296	1966.51152	113.733504	93.36254399999999	0.0	1.0
371	0.0	1016.29056	628.8408	102.91929599999999	176.378256	0.0	1.0
371	0.0	2031.73632	2076.44472	128.95334400000002	70.019208	0.0	1.0
371	0.0	1120.71552	1440.37008	59.607168	91.102752	0.0	1.0
371	0.0	2830.64832	816.17112	56.701056	110.144448	0.0	1.0
372	0.0	2821.0598400000003	734.7974399999999	57.730176	90.4662	0.0	1.0
372	0.0	1176.41472	1816.4152799999997	85.42195199999999	151.15615200000002	0.0	1.0
372	13.0	2049.77664	1106.11872	235.934976	44.682408	0.0	1.0
372	0.0	1071.9552	1631.1563999999998	63.416064000000006	113.953824	0.0	1.0
372	0.0	1064.27136	1559.12904	58.953984	71.679168	0.0	1.0
372	0.0	1483.1308800000002	1988.4744	112.00396800000001	131.050872	0.0	1.0
372	0.0	2974.89792	651.1752	95.778816	197.722728	0.0	1.0
372	3.0	1394.16192	1834.03224	104.280576	111.139992	0.0	1.0
372	0.0	2873.91744	1204.80912	56.041344	112.34268	0.0	1.0
372	0.0	1262.02752	1682.03304	69.631104	93.893472	0.0	1.0
372	0.0	1129.80864	596.81448	61.1904	80.814672	0.0	1.0
372	0.0	1767.32928	1595.106	35.826432	46.833336	0.0	1.0
372	0.0	985.4745600000001	756.40824	55.622784	95.09551200000001	0.0	1.0
372	0.0	2042.23104	2074.04928	123.016704	69.556536	0.0	1.0
372	0.0	956.352	1010.51928	71.430144	135.837432	0.0	1.0
372	0.0	1000.50432	1416.66624	61.116288000000004	97.309512	0.0	1.0
372	0.0	1015.9488	630.7286399999999	102.54374400000002	176.034384	0.0	1.0
372	0.0	1126.3718399999998	1449.22824	63.05241600000001	89.143416	0.0	1.0
372	0.0	2829.51168	802.5825600000001	52.743936	106.531416	0.0	1.0
373	1.0	1401.88032	1836.52704	105.813888	106.781328	0.0	1.0
373	0.0	983.2128	761.1084	62.10278399999999	104.178312	0.0	1.0
373	0.0	1076.1791999999998	1621.2096	66.924288	122.0076	0.0	1.0
373	1.0	1277.952	1764.1022400000002	75.80697599999999	113.60088	0.0	1.0
373	0.0	2871.072	1213.68672	59.323392	109.14544800000002	0.0	1.0
373	1.0	1151.75808	1516.49496	75.819264	80.498232	0.0	1.0
373	0.0	956.94336	1018.05984	68.016768	130.00197599999998	0.0	1.0
373	13.0	2049.46176	1106.30016	236.451456	45.455904	0.0	1.0
373	0.0	2974.10688	651.30696	96.559488	196.84360799999996	0.0	1.0
373	0.0	1131.93984	590.99544	70.222848	69.49022400000001	0.0	1.0
373	0.0	1271.3318399999998	1692.41832	70.262784	97.79745600000001	0.0	1.0
373	0.0	1767.22944	1594.83816	36.1625856	46.78192799999999	0.0	1.0
373	0.0	2053.1558400000004	2074.248	130.992384	74.672496	0.0	1.0
373	0.0	1016.0102399999998	631.962	102.857856	180.76845600000001	0.0	1.0
373	0.0	1008.77568	1424.10312	68.714112	102.130416	0.0	1.0
373	0.0	2811.47136	718.26912	61.467648	101.888496	0.0	1.0
373	0.0	1492.18944	1983.03552	112.90291200000001	107.40924	0.0	1.0
373	0.0	2823.57888	786.22056	58.252416	112.279176	0.0	1.0
373	0.0	1130.44992	1455.73632	62.962559999999996	90.300096	0.0	1.0
374	1.0	1290.5087999999998	1741.65552	69.26592	85.418064	0.0	1.0
374	0.0	980.7321600000001	765.98136	62.673792	87.016464	0.0	1.0
374	0.0	1128.61056	602.4758400000001	67.307136	92.890368	0.0	1.0
374	0.0	940.88832	1023.1056	48.340608	85.535568	0.0	1.0
374	0.0	2428.2432	1975.45176	76.577664	101.003112	0.0	1.0
374	0.0	968.18304	1022.4252	40.119552	124.07212799999999	0.0	1.0
374	1.0	1153.66272	1528.8048	86.289792	104.736672	0.0	1.0
374	0.0	1267.80288	1688.46984	52.98432	83.350296	0.0	1.0
374	0.0	1766.94528	1594.6502400000002	36.2797824	46.245384	0.0	1.0
374	1.0	1411.4112	1847.67048	103.63008	105.0516	0.0	1.0
374	13.0	2049.3734400000003	1105.9891200000002	236.525568	45.325656	0.0	1.0
374	0.0	2872.24704	1200.2796	57.706752	83.01225600000001	0.0	1.0
374	0.0	2975.10528	649.49256	94.877952	192.171744	0.0	1.0
374	0.0	1128.69504	588.16584	62.095872	62.4132	0.0	1.0
374	0.0	1500.6144	1978.9595999999997	112.439424	92.44195200000001	0.0	1.0
374	0.0	1014.7584	1433.71512	73.116672	98.719128	0.0	1.0
374	0.0	1015.9948800000001	630.76104	102.62592	178.92360000000002	0.0	1.0
374	0.0	1135.85664	1462.9550399999998	64.868736	90.00504	0.0	1.0
374	0.0	2808.77952	698.2092	61.42079999999999	89.012304	0.0	1.0
374	0.0	2063.27424	2070.42912	132.483456	78.791616	0.0	1.0
374	0.0	2820.6336	768.30552	59.937024	97.77304800000002	0.0	1.0
375	0.0	1070.1004799999998	1091.47608	52.948224	153.22240799999997	0.0	1.0
375	0.0	945.70752	1025.30448	58.954368	96.570576	0.0	1.0
375	0.0	1574.0159999999998	311.6987999999999	88.47667200000001	58.195152	0.0	1.0
375	0.0	1127.1667199999997	596.6784	73.711488	61.694136	0.0	1.0
375	0.0	1124.21376	608.4504	70.963584	76.74372	0.0	1.0
375	13.0	2049.23904	1105.98264	236.796288	45.237744	0.0	1.0
375	0.0	1205.75616	1816.74144	96.35097599999999	122.28300000000002	0.0	1.0
375	0.0	1581.93408	93.9042720000001	98.087808	77.10552	0.0	1.0
375	0.0	2874.5856	1194.2143199999998	57.9936	94.070808	0.0	1.0
375	0.0	1073.49888	1581.43968	59.225088	75.077712	0.0	1.0
375	0.0	1767.21024	1594.8619199999998	36.4101504	46.123560000000005	0.0	1.0
375	0.0	1503.5020800000002	1979.2404	105.07123199999998	83.230848	0.0	1.0
375	0.0	1015.9296	632.6532000000001	102.983424	181.36677599999996	0.0	1.0
375	0.0	2802.8236800000004	682.57728	62.69183999999999	87.887808	0.0	1.0
375	0.0	1014.1248	1440.18864	68.18304	97.122024	0.0	1.0
375	0.0	2816.64768	755.22672	55.1424	101.619144	0.0	1.0
375	1.0	1159.08864	1541.4299999999998	88.59763200000002	116.746488	0.0	1.0
375	0.0	1142.20032	1467.79992	66.11942400000001	88.37445600000001	0.0	1.0
375	0.0	2073.39264	2069.13312	126.61248	75.414456	0.0	1.0
376	0.0	2881.08672	1148.98176	57.637248	100.00022400000002	0.0	1.0
376	0.0	2086.944	2089.24272	126.082176	124.743672	0.0	1.0
376	0.0	1118.08128	616.11408	70.36761600000001	73.02355200000001	0.0	1.0
376	0.0	948.6374400000001	1023.69744	67.91232	102.73932	0.0	1.0
376	13.0	2049.31968	1106.06472	236.37811199999996	45.611856	0.0	1.0
376	0.0	2876.83584	1161.94392	62.302848	122.863608	0.0	1.0
376	0.0	1567.71072	318.5222399999999	92.67264000000002	55.81958400000001	0.0	1.0
376	0.0	2508.91392	1914.19848	88.977408	86.93114399999999	0.0	1.0
376	0.0	1078.72128	1590.4231200000002	61.05830400000001	72.290016	0.0	1.0
376	0.0	1767.26016	1594.91808	36.5240448	46.2942	0.0	1.0
376	0.0	1015.6876799999999	630.34416	102.107136	175.52592	0.0	1.0
376	3.0	1429.3632	1857.18528	107.775744	105.12525600000001	0.0	1.0
376	0.0	2085.64224	2070.07272	126.94348800000002	86.68533599999999	0.0	1.0
376	0.0	1018.4832	1445.14152	66.64704	90.11930399999999	0.0	1.0
376	0.0	1518.432	1996.7925600000003	115.66848	106.998624	0.0	1.0
376	0.0	2810.84928	737.04168	57.042048	95.565744	0.0	1.0
377	0.0	1218.72768	1829.93688	100.068864	103.066128	0.0	1.0
377	0.0	1528.2623999999998	1996.24176	117.551616	97.987104	0.0	1.0
377	0.0	2097.37728	2087.36352	128.325504	122.39488800000001	0.0	1.0
377	0.0	1767.29472	1595.2356000000002	35.6777472	46.131984	0.0	1.0
377	0.0	2878.17216	1153.89576	57.23673599999999	114.941808	0.0	1.0
377	0.0	1514.99136	1987.5888	91.258368	81.009072	0.0	1.0
377	13.0	2049.52704	1106.5312800000002	235.72915199999997	45.548568	0.0	1.0
377	0.0	1083.8208000000002	1597.74336	63.083904	74.319552	0.0	1.0
377	0.0	1023.7171199999999	1452.29112	68.92031999999999	93.901896	0.0	1.0
377	0.0	2792.40192	655.7112	64.884096	87.05577600000001	0.0	1.0
377	0.0	1015.6531200000001	630.54288	101.74425599999998	176.84265600000003	0.0	1.0
377	3.0	1438.72512	1861.99344	110.452992	110.36865600000002	0.0	1.0
377	0.0	2807.4624000000003	730.36296	56.76556800000001	107.889192	0.0	1.0
378	0.0	2116.89984	2058.36768	107.542272	77.390208	0.0	1.0
378	0.0	1550.5536	332.30952000000013	99.22406399999998	65.299392	0.0	1.0
378	0.0	968.0102399999998	788.3136000000001	66.01728	111.54866399999999	0.0	1.0
378	0.0	1536.93696	1999.728	114.657792	99.18374400000002	0.0	1.0
378	0.0	1212.94848	1829.70144	80.783232	102.49135199999999	0.0	1.0
378	0.0	1767.168	1595.38032	36.0410112	47.310048	0.0	1.0
378	0.0	1309.77408	1735.5276	72.42816	89.401536	0.0	1.0
378	13.0	2049.12	1106.2872	236.796672	45.35740800000001	0.0	1.0
378	0.0	1086.63936	1608.54552	63.619584	73.73484	0.0	1.0
378	0.0	1015.17696	631.51272	101.390976	178.390728	0.0	1.0
378	0.0	1021.54752	1460.8512	63.671424	92.73744	0.0	1.0
378	0.0	2803.4150400000003	718.39224	55.698432	113.234544	0.0	1.0
379	3.0	2115.49056	2059.27488	128.109312	79.744608	0.0	1.0
379	0.0	1767.36384	1594.8468	35.6652672	45.869760000000014	0.0	1.0
379	3.0	1550.63424	2009.0052	117.47904	103.365936	0.0	1.0
379	0.0	1068.26496	1095.24096	56.601215999999994	80.95831199999999	0.0	1.0
379	1.0	1194.62016	1550.78712	68.55820800000001	86.75424	0.0	1.0
379	1.0	1181.28768	1553.85648	93.179136	99.96933599999998	0.0	1.0
379	0.0	1215.12576	1827.2412	71.62713600000001	91.36152	0.0	1.0
379	0.0	1541.83296	338.26032	97.380096	65.29096799999999	0.0	1.0
379	0.0	2884.87296	1111.99176	51.467904	116.926416	0.0	1.0
379	0.0	1108.50432	631.66176	72.006528	90.67464	0.0	1.0
379	3.0	1455.9206399999998	1871.67672	108.637056	97.826616	0.0	1.0
379	0.0	1316.42112	1746.39024	67.357056	81.89942400000001	0.0	1.0
379	0.0	1093.29408	1615.6691999999998	65.51884799999999	82.67983199999999	0.0	1.0
379	13.0	2049.45024	1106.28504	235.98796800000002	45.190656	0.0	1.0
379	0.0	2788.88064	666.2195999999999	75.97248	163.677456	0.0	1.0
379	0.0	1027.8643200000001	1465.93368	65.35872	90.07178399999998	0.0	1.0
379	0.0	1015.0272	628.57296	100.902912	174.01175999999998	0.0	1.0
380	0.0	1073.2992	1100.65392	43.027584	80.966952	0.0	1.0
380	0.0	1219.96416	1825.47864	68.51481600000001	80.356536	0.0	1.0
380	13.0	2049.50016	1105.88976	236.14848	45.38851199999999	0.0	1.0
380	0.0	2495.29728	1933.54776	118.72780799999998	146.998584	0.0	1.0
380	0.0	2885.98656	1112.79312	57.146112	121.856184	0.0	1.0
380	0.0	1557.68448	2009.1132	115.98873599999999	93.718296	0.0	1.0
380	0.0	1528.82304	342.7012799999999	90.464256	60.244128	0.0	1.0
380	0.0	1015.10016	629.18856	101.02463999999999	175.454856	0.0	1.0
380	0.0	2781.31584	659.12616	78.91776	166.22063999999995	0.0	1.0
380	0.0	1110.23616	637.8588	80.259072	97.31987999999998	0.0	1.0
380	0.0	1096.83456	1622.64168	65.228544	79.42968	0.0	1.0
380	0.0	1032.0768	1471.5280799999998	64.971264	91.81231199999999	0.0	1.0
380	1.0	1186.752	1543.51872	95.983872	108.188136	0.0	1.0
380	0.0	2128.51584	2056.40424	123.880704	78.80112	0.0	1.0
381	3.0	2140.22784	2053.30032	125.10566399999999	78.11208	0.0	1.0
381	3.0	1464.81792	1872.90576	89.829888	75.593952	0.0	1.0
381	0.0	945.18912	1084.21848	61.981824	116.450784	0.0	1.0
381	0.0	1520.51328	345.47903999999994	84.51916800000001	56.29586400000001	0.0	1.0
381	0.0	1106.69952	1639.43784	74.579328	94.689648	0.0	1.0
381	0.0	1173.7113599999998	1510.02576	62.206464	83.615544	0.0	1.0
381	0.0	941.59488	801.62568	98.69491200000002	123.63948	0.0	1.0
381	0.0	2778.0326400000004	648.3196800000001	76.659072	166.950072	0.0	1.0
381	0.0	2517.29664	1917.9504	152.82931200000002	169.65050399999998	0.0	1.0
381	0.0	1227.22176	1833.40584	69.00403200000001	86.808888	0.0	1.0
381	0.0	1767.39072	1594.9872	36.4057728	47.228832	0.0	1.0
381	1.0	1194.37824	1558.7812800000002	94.752	89.69961599999999	0.0	1.0
381	0.0	1104.38784	636.83928	79.03488	80.8272	0.0	1.0
381	13.0	2049.43488	1106.4708	236.51558399999996	45.86457599999999	0.0	1.0
381	0.0	1032.05376	1475.8135200000002	59.276544	88.809048	0.0	1.0
381	0.0	2884.4236800000003	1093.76136	57.176832	136.22796	0.0	1.0
381	0.0	1015.2422400000002	628.1020800000001	100.72627200000001	173.28491999999997	0.0	1.0
382	1.0	1200.24192	1579.56912	96.281088	96.3684	0.0	1.0
382	3.0	1487.2128	1886.0688	112.47398400000002	93.870144	0.0	1.0
382	0.0	1179.6095999999998	1517.03712	65.216256	85.48308	0.0	1.0
382	0.0	1767.52128	1595.64168	36.280512	48.722256	0.0	1.0
382	0.0	1039.47648	1489.2228	62.19225599999999	85.555008	0.0	1.0
382	0.0	2779.21152	657.86688	60.189696000000005	102.310776	0.0	1.0
382	0.0	1107.44064	1638.83088	68.82432	81.070632	0.0	1.0
382	0.0	2152.03584	2047.8744	124.46668799999999	79.910496	0.0	1.0
382	13.0	2049.61536	1106.16408	236.367744	46.053144	0.0	1.0
382	0.0	1233.94944	1834.72344	68.328576	85.238136	0.0	1.0
382	0.0	1093.96992	644.82912	72.51456	87.06657600000001	0.0	1.0
382	0.0	2762.5267200000003	586.2477600000001	67.76601600000001	81.995112	0.0	1.0
382	0.0	2562.84288	1862.67384	64.127232	76.73292000000001	0.0	1.0
382	0.0	1513.08672	351.26351999999997	84.105216	56.331288	0.0	1.0
382	0.0	946.17984	1081.2312	65.863296	127.061136	0.0	1.0
382	0.0	2884.78848	1079.57232	60.163968	129.053736	0.0	1.0
382	0.0	1015.68384	625.46472	101.591424	168.27004799999995	0.0	1.0
383	0.0	2885.81376	1083.98088	60.38092799999999	111.692952	0.0	1.0
383	0.0	1767.42912	1595.80368	36.3332352	47.761488	0.0	1.0
383	0.0	2755.488	579.8152799999999	66.34368	81.90071999999999	0.0	1.0
383	3.0	2162.54592	2045.55024	125.154048	80.07055199999999	0.0	1.0
383	3.0	1493.65248	1886.01696	106.99776000000001	83.08051200000001	0.0	1.0
383	13.0	2049.5616	1106.05392	236.068992	45.43452	0.0	1.0
383	0.0	1041.99552	1492.7435999999998	59.234688	91.13126399999999	0.0	1.0
383	0.0	1088.44416	658.49112	58.42598400000001	93.55737600000002	0.0	1.0
383	3.0	1592.90496	2027.51424	113.270784	77.230152	0.0	1.0
383	0.0	2773.56672	643.4748	62.550912	99.912528	0.0	1.0
383	3.0	2533.17504	1905.31656	130.461312	167.798952	0.0	1.0
383	0.0	944.6976	1082.2464	66.62400000000001	115.013304	0.0	1.0
383	0.0	1015.6185600000001	628.0092	101.355648	174.61353599999995	0.0	1.0
383	0.0	1502.5536000000002	363.94056	84.16512	56.144664000000006	0.0	1.0
384	0.0	2519.87328	1887.6542400000003	82.74547199999999	81.17064	0.0	1.0
384	0.0	2885.52576	1047.95208	60.949631999999994	126.779904	0.0	1.0
384	0.0	1767.53664	1595.39328	35.734848	47.58372000000001	0.0	1.0
384	0.0	1064.22912	1110.61584	56.519808	100.95084	0.0	1.0
384	13.0	2049.7459200000003	1105.76232	235.833984	45.154152	0.0	1.0
384	0.0	1190.54976	1531.98	65.88057599999999	86.661576	0.0	1.0
384	3.0	1599.72864	2029.8276	118.435968	95.43204	0.0	1.0
384	3.0	1612.28544	2046.75984	92.264832	81.231336	0.0	1.0
384	0.0	1517.61024	145.93046400000003	81.03168	110.841912	0.0	1.0
384	0.0	1063.06944	1145.2967999999998	47.59411200000001	104.77036799999999	0.0	1.0
384	3.0	1284.03456	1879.1244	83.102592	85.96908	0.0	1.0
384	0.0	2887.05408	1060.02864	56.37158399999999	93.903192	0.0	1.0
384	0.0	1086.3628800000001	661.1371200000001	62.54553600000001	84.698568	0.0	1.0
384	3.0	1505.0496	1891.3024799999998	111.510144	78.736752	0.0	1.0
384	0.0	943.48416	1086.43032	65.455872	113.05440000000002	0.0	1.0
384	0.0	1362.28992	1787.35248	83.15366399999999	98.82756	0.0	1.0
384	3.0	2172.51072	2044.84608	126.70886399999999	85.78656000000001	0.0	1.0
384	0.0	2768.16384	627.75	63.537024	102.22891199999998	0.0	1.0
384	0.0	1491.06432	377.27855999999997	83.28960000000001	69.6978	0.0	1.0
384	0.0	1048.28544	1498.8564	63.407232	90.831672	0.0	1.0
384	0.0	1120.3776	1660.37904	76.827264	93.280248	0.0	1.0
384	0.0	1015.64928	629.60544	101.83488	174.94336800000002	0.0	1.0
385	3.0	1276.94208	1877.32512	109.428096	89.98106399999999	0.0	1.0
385	13.0	2049.50016	1105.8228	236.41536	45.423288	0.0	1.0
385	3.0	2185.2096	2076.01056	120.534528	154.937232	0.0	1.0
385	0.0	2764.46592	616.6908	59.492352	102.33993600000001	0.0	1.0
385	0.0	1048.0128	1506.46608	56.133504	89.757288	0.0	1.0
385	0.0	1357.1212799999998	1787.2012799999998	59.511552	85.076352	0.0	1.0
385	0.0	1483.2959999999998	380.2010399999998	89.8464	60.810048	0.0	1.0
385	0.0	1124.59776	1665.3708	75.484416	87.431832	0.0	1.0
385	3.0	1513.77408	1900.40688	108.90931199999999	85.8384	0.0	1.0
385	0.0	1015.44576	629.03736	101.20512	173.96812799999995	0.0	1.0
386	0.0	1065.1353600000002	1117.746	55.545984	84.709152	0.0	1.0
386	0.0	1262.40384	1860.4404	66.56448	77.88290400000001	0.0	1.0
386	3.0	1527.10272	1910.40552	115.76793599999999	93.042432	0.0	1.0
386	3.0	1465.12896	476.14392	67.313664	141.48971999999998	0.0	1.0
386	0.0	2735.95008	539.9697600000001	79.312512	92.88431999999999	0.0	1.0
386	0.0	1614.39744	2019.70368	118.495872	77.60512800000001	0.0	1.0
386	0.0	2739.86688	568.31328	87.66912000000002	149.314536	0.0	1.0
386	0.0	1089.8457600000002	676.1728800000001	78.694272	104.546592	0.0	1.0
386	0.0	1059.09504	1515.1968	68.16768	93.069216	0.0	1.0
386	0.0	2556.1728	1880.99928	150.12902400000002	179.20504800000003	0.0	1.0
386	13.0	2049.79584	1106.22456	235.641216	45.159984	0.0	1.0
386	0.0	1203.30624	1544.01984	65.39827199999999	82.853712	0.0	1.0
386	0.0	1077.13536	672.89616	54.14630400000001	77.506632	0.0	1.0
386	0.0	1767.50976	1595.46888	36.3889152	48.108384	0.0	1.0
386	0.0	1064.08704	1189.24632	56.797056	154.38168	0.0	1.0
386	0.0	1474.5024	384.20352	85.915008	60.998832	0.0	1.0
386	0.0	2887.63008	1025.40816	59.55647999999999	135.415152	0.0	1.0
386	0.0	1014.94656	629.32032	100.236672	176.57589600000003	0.0	1.0
386	0.0	1130.87232	1682.53416	76.904832	110.83111199999999	0.0	1.0
387	0.0	938.3232000000002	1117.22544	54.242688	93.662568	0.0	1.0
387	0.0	1081.53984	684.46944	72.284544	102.15244799999999	0.0	1.0
387	0.0	1486.87104	159.34968000000003	94.78617600000001	116.781912	0.0	1.0
387	0.0	2567.17056	1864.8619200000003	133.21152	162.1242	0.0	1.0
387	0.0	2212.7616	2027.80152	107.43590399999998	72.804744	0.0	1.0
387	0.0	1465.7856000000002	158.11480800000004	53.443584	89.293752	0.0	1.0
387	0.0	2888.53632	1007.4024	57.780096	128.236176	0.0	1.0
387	0.0	1767.4944	1595.19024	36.4482432	48.57084	0.0	1.0
387	13.0	2050.16448	1106.11656	234.529152	45.061056	0.0	1.0
387	0.0	2596.53888	1822.79808	80.893056	84.472416	0.0	1.0
387	0.0	861.0393599999999	1709.31384	129.778176	114.419736	0.0	1.0
387	0.0	1629.1968	2029.97664	124.547712	86.235624	0.0	1.0
387	0.0	1269.54624	1862.0172	69.516672	81.25488	0.0	1.0
387	0.0	1533.10848	1913.1940800000002	102.618624	86.76050399999998	0.0	1.0
387	0.0	1014.7852799999998	629.2468800000001	99.384576	175.027608	0.0	1.0
387	0.0	1390.03776	1814.67432	91.438464	109.74528	0.0	1.0
387	0.0	2749.55136	584.7724800000001	63.57504	104.927184	0.0	1.0
387	0.0	1063.23072	1196.92728	56.316288	154.782792	0.0	1.0
387	0.0	1525.18656	1982.87352	73.122816	145.649448	0.0	1.0
387	0.0	1209.20832	1551.99888	64.749696	85.286952	0.0	1.0
387	0.0	1135.99872	1689.5628000000002	80.43993599999999	110.28182399999999	0.0	1.0
387	0.0	1063.93728	1522.57968	65.870208	90.59904	0.0	1.0
387	0.0	1463.66208	394.14383999999995	84.37670399999999	61.006176	0.0	1.0
388	13.0	2050.34496	1106.09928	234.286464	45.3816	0.0	1.0
388	0.0	2588.68608	1825.5888	91.350528	108.365472	0.0	1.0
388	0.0	1767.2832	1595.2356000000002	36.3054336	48.190464000000006	0.0	1.0
388	0.0	1079.3664	1533.44232	82.03584000000001	102.464352	0.0	1.0
388	0.0	2570.23104	1853.80488	126.253824	166.460184	0.0	1.0
388	0.0	2221.14048	2025.52272	115.285248	79.66835999999999	0.0	1.0
388	0.0	1481.2224	158.784624	94.950912	118.356768	0.0	1.0
388	0.0	1063.2192	1204.794	56.321664000000006	163.836216	0.0	1.0
388	0.0	1456.36608	398.7662399999999	87.30739200000001	61.059312	0.0	1.0
388	0.0	1276.65792	1870.71552	71.707008	88.38568799999999	0.0	1.0
388	0.0	1014.32832	628.0524	99.684096	170.84390399999998	0.0	1.0
388	3.0	1399.1731200000002	1822.96008	94.728576	106.995384	0.0	1.0
388	0.0	1218.53952	1558.19592	71.649408	84.11688	0.0	1.0
388	0.0	1140.16896	1690.42464	77.592192	89.614728	0.0	1.0
388	0.0	2728.05888	545.3848800000001	97.264896	145.909944	0.0	1.0
388	0.0	1071.91296	685.37448	57.859968	81.863784	0.0	1.0
388	0.0	2886.50496	998.406	57.032064	132.75576	0.0	1.0
388	0.0	1638.2592	2033.12376	124.943616	87.658416	0.0	1.0
389	13.0	2050.36032	1106.0064000000002	234.76915200000002	44.8308	0.0	1.0
389	0.0	2733.68832	561.384	62.30208	90.11196	0.0	1.0
389	0.0	1767.26784	1595.28096	35.9673984	48.382704000000004	0.0	1.0
389	0.0	1553.70624	1922.96808	110.112384	80.039016	0.0	1.0
389	0.0	1232.51712	1569.44736	88.21440000000001	95.38776	0.0	1.0
389	0.0	1083.4176	1544.9292	86.30668800000001	99.83757600000001	0.0	1.0
389	0.0	1446.80448	410.6808	89.361408	68.60829600000001	0.0	1.0
389	0.0	1146.19392	1697.65848	79.270656	93.372048	0.0	1.0
389	0.0	2888.17152	999.04536	57.021312	116.874792	0.0	1.0
389	3.0	1407.69408	1830.12264	95.383296	105.582312	0.0	1.0
389	0.0	1477.98912	164.02867200000003	91.56556799999998	123.98421600000002	0.0	1.0
389	0.0	1281.99936	1874.29896	73.00608	88.84576799999999	0.0	1.0
389	0.0	2575.87584	1855.16568	129.05011199999998	177.60168000000002	0.0	1.0
389	3.0	2224.9881600000003	2024.60688	127.16736	87.256224	0.0	1.0
389	0.0	1014.13248	628.31808	99.950208	172.16992799999997	0.0	1.0
389	0.0	1066.77504	682.6356000000001	58.310016	68.078664	0.0	1.0
389	0.0	2722.74816	536.4403199999999	88.60991999999999	141.25125599999998	0.0	1.0
389	0.0	1649.37216	2035.81512	124.96972800000002	92.779776	0.0	1.0
390	0.0	1767.23328	1594.96344	35.8472832	46.907208	0.0	1.0
390	0.0	1557.03552	1922.57064	93.495936	73.669608	0.0	1.0
390	0.0	1288.48896	1875.8304	66.96000000000001	77.054544	0.0	1.0
390	0.0	2890.23744	985.4892	57.757824	127.707192	0.0	1.0
390	0.0	944.30208	1159.67376	47.700095999999995	104.38394400000001	0.0	1.0
390	0.0	2580.57984	1846.99008	138.47424	181.52532000000002	0.0	1.0
390	0.0	1087.29216	1589.07744	85.237248	176.588424	0.0	1.0
390	0.0	1470.5087999999998	172.62547199999995	85.11705599999999	121.04445599999998	0.0	1.0
390	0.0	1229.37216	1572.47136	70.876032	89.60673600000001	0.0	1.0
390	0.0	1660.71936	2039.48928	123.330432	91.710144	0.0	1.0
390	0.0	1436.49408	424.74672	84.98764800000001	76.24281599999999	0.0	1.0
390	0.0	2586.69696	1823.45256	122.46451199999998	132.824664	0.0	1.0
390	0.0	1014.77376	628.86024	100.63948800000001	171.252576	0.0	1.0
390	0.0	2239.69536	2020.86144	112.29350400000001	81.11016000000001	0.0	1.0
390	0.0	1062.0134400000002	689.6210400000001	53.47123199999999	69.55027199999999	0.0	1.0
390	0.0	2713.41696	527.0184	94.40256	144.91526399999998	0.0	1.0
391	0.0	1458.5356800000002	176.27263200000004	90.0	112.262976	0.0	1.0
391	0.0	1153.65888	1705.71312	76.39295999999999	86.172768	0.0	1.0
391	3.0	1573.824	1925.75448	105.612288	73.68084	0.0	1.0
391	0.0	1079.48544	1549.76328	60.659328	89.840664	0.0	1.0
391	3.0	1313.24928	1903.16736	105.901056	125.401176	0.0	1.0
391	0.0	2596.0704	1812.3156	119.778816	127.31882400000002	0.0	1.0
391	0.0	2886.61632	973.39968	52.187903999999996	123.183072	0.0	1.0
391	13.0	2050.10688	1106.22888	234.683904	45.40427999999999	0.0	1.0
391	0.0	1767.6825600000002	1594.55736	34.6596864	46.856663999999995	0.0	1.0
391	0.0	1242.20928	1580.79168	82.870272	93.419568	0.0	1.0
391	0.0	2243.76576	2019.81384	123.727488	88.443576	0.0	1.0
391	0.0	1065.40416	696.75768	68.577408	82.08259199999999	0.0	1.0
391	0.0	1015.1116800000001	629.71776	100.98009599999999	175.37796	0.0	1.0
391	0.0	1670.01984	2061.33768	124.046208	134.149608	0.0	1.0
391	3.0	1427.3088	1843.31592	98.69068799999998	105.13627200000002	0.0	1.0
391	0.0	1429.26336	431.06904	84.68928000000001	68.85216	0.0	1.0
391	0.0	2707.5264	513.82944	95.952	143.59831200000002	0.0	1.0
392	0.0	2885.38368	956.1672	51.98208	116.70091199999999	0.0	1.0
392	0.0	934.2988799999999	1170.78696	47.218944	88.58095200000001	0.0	1.0
392	13.0	2050.1952	1105.79472	234.391296	44.476776	0.0	1.0
392	0.0	1677.95328	2039.43744	124.685184	83.02716	0.0	1.0
392	0.0	2988.27648	579.5452799999999	67.351296	47.875752	0.0	1.0
392	0.0	1066.66368	708.05016	70.12992	91.97215200000001	0.0	1.0
392	0.0	874.17984	491.32872	67.019136	86.149008	0.0	1.0
392	3.0	1433.72928	1851.2496	100.24627200000002	105.59937599999999	0.0	1.0
392	0.0	2253.5539200000003	2013.41376	127.922304	94.905	0.0	1.0
392	0.0	1014.95424	629.7847200000001	100.999296	173.580624	0.0	1.0
392	0.0	1421.6409600000002	435.45168	83.847552	67.419648	0.0	1.0
392	0.0	2597.9328	1836.74952	130.93632000000002	184.3776	0.0	1.0
392	0.0	2697.68448	502.21512000000007	103.544064	144.40442399999998	0.0	1.0
393	0.0	2601.41184	1821.66192	114.6048	131.634504	0.0	1.0
393	0.0	1767.0528000000002	1593.8424	35.564927999999995	46.5966	0.0	1.0
393	0.0	1063.93344	710.24256	79.272576	89.32593600000001	0.0	1.0
393	0.0	1095.1027200000003	1599.85152	67.924224	166.697784	0.0	1.0
393	13.0	2050.08768	1105.866	234.617472	44.80272	0.0	1.0
393	0.0	936.03072	1180.57392	48.720384	98.672688	0.0	1.0
393	0.0	2883.61344	932.45688	59.053056	136.214136	0.0	1.0
393	0.0	2587.4764800000003	1834.79472	90.979584	150.328224	0.0	1.0
393	0.0	1015.48032	630.51696	101.758464	175.723992	0.0	1.0
393	0.0	1252.22016	1591.39728	76.660224	87.70896	0.0	1.0
393	0.0	1592.05632	2008.7676	79.324032	139.174632	0.0	1.0
393	0.0	1414.62528	441.62064	81.44256	55.63900799999999	0.0	1.0
393	0.0	2690.90688	490.1666399999999	97.008384	138.980232	0.0	1.0
394	0.0	937.89312	1179.32328	52.324223999999994	116.052696	0.0	1.0
394	0.0	1058.39232	718.6535999999999	77.22547200000001	93.935808	0.0	1.0
394	0.0	1172.3712	1729.34568	73.200384	85.814856	0.0	1.0
394	0.0	1767.46752	1594.0692	34.6270848	47.435328	0.0	1.0
394	3.0	1402.1452800000002	523.29888	75.166848	180.100152	0.0	1.0
394	13.0	2049.99552	1106.1036	234.98073600000004	44.507016	0.0	1.0
394	0.0	2275.1808	2003.19264	128.23872	90.80380800000002	0.0	1.0
394	0.0	1101.01632	1575.02232	68.401152	98.005464	0.0	1.0
394	0.0	2610.93888	1816.31376	127.367808	182.18627999999998	0.0	1.0
394	0.0	1015.31904	633.2364	101.153664	180.618336	0.0	1.0
394	0.0	2878.3296	911.93904	58.403328	133.398576	0.0	1.0
394	0.0	1258.19136	1599.44976	76.319616	95.05231199999999	0.0	1.0
394	0.0	1404.94848	449.89776000000006	83.39865599999999	60.909408	0.0	1.0
394	3.0	1454.4384	1862.30664	103.72262400000001	104.899752	0.0	1.0
394	0.0	2681.16864	477.84168	96.481152	138.972888	0.0	1.0
395	0.0	1323.93216	1896.21216	71.645184	74.39580000000001	0.0	1.0
395	0.0	936.36864	1184.93064	51.878016	117.653904	0.0	1.0
395	13.0	2049.40032	1106.19432	235.58208	44.570736	0.0	1.0
395	0.0	925.64736	904.89312	69.572352	104.95375200000001	0.0	1.0
395	0.0	1178.81472	1732.8945600000002	79.434624	82.20636	0.0	1.0
395	0.0	1044.37248	724.91112	57.647616000000006	79.287552	0.0	1.0
395	0.0	1263.27552	1599.41088	74.99059199999999	80.712072	0.0	1.0
395	0.0	2876.51328	903.46104	60.478847999999985	132.472152	0.0	1.0
395	0.0	1397.50272	461.97432000000003	77.916672	65.974824	0.0	1.0
395	0.0	2672.99328	461.2982400000001	105.057024	133.4016	0.0	1.0
395	3.0	1465.10976	1867.95072	103.52601600000001	98.23096800000002	0.0	1.0
395	0.0	2612.11392	1809.06264	142.32422400000002	186.853608	0.0	1.0
396	0.0	941.98656	1184.2308	59.216640000000005	128.080872	0.0	1.0
396	0.0	2621.14176	1796.04648	136.234752	181.833984	0.0	1.0
396	0.0	925.03296	903.40056	65.89248	95.57244	0.0	1.0
396	13.0	2049.04704	1106.09928	236.29747199999997	44.568576	0.0	1.0
396	0.0	1429.52832	204.74402399999997	96.076416	138.03739199999998	0.0	1.0
396	0.0	1041.11232	728.6457600000001	56.10048	84.632904	0.0	1.0
396	0.0	2279.76192	2056.98312	79.84051199999999	93.847248	0.0	1.0
396	0.0	1015.17696	631.0699199999999	101.14175999999999	177.01394399999998	0.0	1.0
396	0.0	1267.16928	1609.40736	73.365504	88.99653599999999	0.0	1.0
396	0.0	1185.02016	1745.2908	85.951104	92.938104	0.0	1.0
396	0.0	1388.97408	469.00296000000003	79.023744	57.46356000000001	0.0	1.0
396	0.0	1389.2774399999998	535.99104	77.555712	190.820664	0.0	1.0
396	0.0	1725.63072	2049.92856	114.273024	84.33612000000001	0.0	1.0
396	0.0	2663.08608	452.28456000000006	107.620992	140.13064799999998	0.0	1.0
396	0.0	2874.7776	890.9503199999999	60.76608	129.14748	0.0	1.0
397	0.0	1050.5049600000002	732.7367999999999	75.97209600000001	99.033192	0.0	1.0
397	3.0	1336.67328	1916.23968	71.97158400000001	101.87445599999998	0.0	1.0
397	0.0	1119.82464	1593.20952	74.767488	92.114496	0.0	1.0
397	0.0	1380.0768	553.0917599999999	68.53824	174.91982399999998	0.0	1.0
397	0.0	1767.0336	1594.95912	34.748275199999995	47.896056	0.0	1.0
397	0.0	2646.50112	411.38496	96.681984	91.00728	0.0	1.0
397	0.0	1740.0345599999998	2054.90088	104.596224	83.242728	0.0	1.0
397	3.0	1369.98912	1947.27888	82.30656	74.600136	0.0	1.0
397	13.0	2049.3504	1106.1252	235.901952	44.66448	0.0	1.0
397	0.0	1186.31808	1750.12488	79.909248	86.9238	0.0	1.0
397	0.0	1014.84672	630.7675199999999	101.14944	176.7744	0.0	1.0
397	0.0	2874.1824	881.1050399999999	60.18240000000001	127.524888	0.0	1.0
397	3.0	2309.6064	1978.7522400000003	113.21932799999999	74.45282399999999	0.0	1.0
397	3.0	1646.37696	1950.0674399999998	130.079616	79.523856	0.0	1.0
397	0.0	1123.88352	1629.84744	84.438912	165.35966399999998	0.0	1.0
397	3.0	1483.84896	1877.4504	105.394944	97.12828799999998	0.0	1.0
397	0.0	2636.49408	1771.60392	117.66144	144.200736	0.0	1.0
397	0.0	1275.7939199999998	1615.47048	78.492672	89.81992799999999	0.0	1.0
397	0.0	2651.61984	436.56624	104.371584	134.80776	0.0	1.0
397	0.0	1378.49472	479.91959999999995	71.98041599999999	62.757287999999996	0.0	1.0
398	0.0	1014.6432000000001	630.33336	100.79616	177.241608	0.0	1.0
398	0.0	1192.10496	1755.4752	79.346688	83.51510400000001	0.0	1.0
398	0.0	2626.4409600000004	1783.59624	91.185792	164.158056	0.0	1.0
398	13.0	2048.8896	1106.28504	236.21568	44.55324000000001	0.0	1.0
398	0.0	2867.87328	867.4992	59.536512	133.010424	0.0	1.0
398	0.0	1641.46944	2017.2844800000003	77.24352	122.772888	0.0	1.0
398	0.0	1034.67264	744.93864	53.003136	94.909536	0.0	1.0
398	0.0	919.86432	925.63992	64.37568	108.61560000000001	0.0	1.0
398	0.0	1738.48704	2054.40192	126.13247999999999	85.23986400000001	0.0	1.0
398	0.0	1494.1632	1884.70584	108.889728	94.900896	0.0	1.0
398	0.0	1120.8844800000002	1596.2724	67.945344	89.41406399999998	0.0	1.0
398	0.0	2640.48	1782.67608	121.562112	176.50785600000003	0.0	1.0
398	3.0	2312.01792	1978.67448	123.84921599999998	88.108992	0.0	1.0
398	0.0	1742.24256	2084.60736	120.56870399999998	139.018032	0.0	1.0
398	0.0	2640.74496	423.1915200000001	109.30944	129.195864	0.0	1.0
398	0.0	1372.0704	489.7087200000001	77.156352	67.467384	0.0	1.0
398	0.0	1280.0409599999998	1621.99152	70.47321600000001	86.984712	0.0	1.0
399	0.0	1014.30912	630.03096	100.41523199999999	176.091192	0.0	1.0
399	0.0	2868.9408	860.69952	52.998912000000004	112.46882400000001	0.0	1.0
399	13.0	2048.5248	1106.33688	236.670336	45.063216	0.0	1.0
399	0.0	1747.97568	2051.85744	120.592512	77.49237600000001	0.0	1.0
399	0.0	921.67296	927.80856	67.36627200000001	115.344864	0.0	1.0
399	0.0	2645.376	1777.16592	124.4736	172.863288	0.0	1.0
399	0.0	1123.24224	1604.85624	59.717760000000006	89.51450399999997	0.0	1.0
399	0.0	1652.3673600000002	2017.45296	76.66252800000001	110.675592	0.0	1.0
399	3.0	1503.44064	1887.54408	106.048896	93.420432	0.0	1.0
399	0.0	1285.4976	1628.22096	71.14176	84.381912	0.0	1.0
399	0.0	1363.7913600000002	496.32048	76.72512	68.72040000000001	0.0	1.0
399	0.0	2634.6432	417.82392000000004	110.278656	136.81224	0.0	1.0
400	0.0	1761.40416	2057.73696	122.030208	79.073712	0.0	1.0
400	13.0	2048.4249600000003	1106.53776	235.970688	45.50752800000001	0.0	1.0
400	0.0	1014.10944	630.99864	100.386048	177.892848	0.0	1.0
400	0.0	681.07008	1783.29816	78.87628799999999	67.328712	0.0	1.0
400	0.0	1355.35488	1933.69896	76.651776	89.65533599999999	0.0	1.0
400	0.0	1401.24672	240.81408	85.581696	133.85952	0.0	1.0
400	0.0	1032.40704	763.48224	53.14176000000001	88.72610399999999	0.0	1.0
400	0.0	1354.83264	1955.9318399999997	80.084352	134.30339999999998	0.0	1.0
400	3.0	1512.08064	1895.1084	107.71276800000001	93.57379200000001	0.0	1.0
400	0.0	941.6601600000001	1210.1724	57.154944	122.15167199999999	0.0	1.0
400	0.0	1131.62112	1609.6406399999998	69.64608	89.46503999999999	0.0	1.0
400	1.0	1307.8847999999998	1675.6092	102.176256	97.94088	0.0	1.0
400	0.0	1291.03872	1643.96952	68.722944	103.05316800000001	0.0	1.0
400	0.0	2862.19008	837.17712	64.01510400000001	135.25488	0.0	1.0
400	0.0	2624.97792	400.26096000000007	115.49990399999999	128.108736	0.0	1.0
401	0.0	1737.38112	2058.82344	81.80659200000001	92.631168	0.0	1.0
401	0.0	681.41184	1783.65888	78.981888	67.023936	0.0	1.0
401	0.0	859.5532800000001	1709.09352	127.964544	113.679504	0.0	1.0
401	0.0	935.9808	1216.88568	43.53408	106.89624	0.0	1.0
401	13.0	2048.25216	1106.82072	236.080128	45.881856	0.0	1.0
401	0.0	1393.37856	241.5852	89.83372800000001	142.65936	0.0	1.0
401	0.0	1291.38816	1647.81432	56.37888	97.925544	0.0	1.0
401	0.0	1014.00192	631.72224	100.874496	178.906968	0.0	1.0
401	0.0	2869.55136	837.6393599999999	44.68992	98.702928	0.0	1.0
401	0.0	1138.83648	1618.6824	69.208704	88.32520800000002	0.0	1.0
401	0.0	2615.31648	390.79152	111.27168	125.051256	0.0	1.0
402	1.0	1318.47936	1678.27248	105.326976	114.21453599999998	0.0	1.0
402	13.0	1743.44064	1146.48696	239.275008	51.926832	0.0	1.0
402	0.0	943.008	1216.60488	54.377472	106.343712	0.0	1.0
402	0.0	859.5878400000001	1709.52984	128.22297600000002	113.29761599999999	0.0	1.0
402	0.0	1302.42816	1648.40832	68.73216000000001	87.719328	0.0	1.0
402	0.0	1220.67456	1776.8073599999998	84.55372799999999	84.415176	0.0	1.0
402	3.0	1534.48704	1903.73976	106.99161600000001	92.19938399999998	0.0	1.0
402	0.0	1369.24032	1928.77416	72.73228800000001	79.819992	0.0	1.0
402	0.0	1386.17856	240.62616000000003	88.08768	126.766512	0.0	1.0
402	3.0	2352.14208	1962.9734399999998	122.82432	109.327104	0.0	1.0
402	13.0	2048.29824	1107.00432	235.698816	47.000736	0.0	1.0
402	0.0	1014.01728	631.4543999999999	100.923264	177.100344	0.0	1.0
402	0.0	2861.2608	818.6205600000001	53.230848	107.20943999999999	0.0	1.0
402	0.0	1337.63328	528.39	68.50176	66.29796	0.0	1.0
402	0.0	2604.672	383.7672	115.945344	129.055032	0.0	1.0
402	0.0	2857.40544	804.64968	62.133504	132.644952	0.0	1.0
402	0.0	1700.6783999999998	1966.42944	127.62432	76.981968	0.0	1.0
403	3.0	1710.12096	1966.1076	124.821888	71.8146	0.0	1.0
403	0.0	2364.3648000000003	1966.14864	117.811584	124.127208	0.0	1.0
403	0.0	858.97344	1710.0460799999998	127.054848	112.17398399999999	0.0	1.0
403	0.0	1227.99744	1791.1735199999998	91.16352	96.605352	0.0	1.0
403	0.0	681.28512	1782.79488	79.463424	67.75272	0.0	1.0
403	3.0	1399.05792	1958.63832	113.4816	112.13532	0.0	1.0
403	0.0	1026.43968	826.1416800000001	79.140096	211.390776	0.0	1.0
403	0.0	1332.29952	553.8996000000001	74.44300799999999	103.11192	0.0	1.0
403	0.0	1542.432	1908.76824	107.031168	86.991624	0.0	1.0
403	0.0	1332.4032	537.9307200000001	73.069824	71.0964	0.0	1.0
403	13.0	2048.46336	1107.216	235.692288	47.235528	0.0	1.0
403	0.0	1014.27072	632.44368	100.62873600000002	180.47339999999997	0.0	1.0
403	0.0	1381.6896	242.05175999999994	85.256832	112.832136	0.0	1.0
403	0.0	2594.38464	371.73168	114.889728	128.08000800000002	0.0	1.0
403	0.0	2853.20448	792.54936	64.390272	135.612576	0.0	1.0
404	3.0	1716.7872	1968.4404	118.592256	72.672768	0.0	1.0
404	0.0	1396.35072	1955.6964	102.081408	102.912984	0.0	1.0
404	3.0	2371.69536	1957.06584	116.882688	120.371616	0.0	1.0
404	0.0	1023.2448	832.0212	79.50604799999999	209.287368	0.0	1.0
404	0.0	1066.03392	1290.1917600000002	46.180224	81.90417599999999	0.0	1.0
404	0.0	1381.76256	1937.13336	72.43814400000001	67.172328	0.0	1.0
404	0.0	943.09248	1233.02088	53.442432	106.01474399999998	0.0	1.0
404	0.0	857.1801599999999	1710.82152	122.41152	110.5056	0.0	1.0
404	0.0	1802.82624	2060.26848	122.97062400000002	74.617632	0.0	1.0
404	0.0	1151.3318399999998	1636.77024	63.14035200000001	85.14396	0.0	1.0
404	0.0	681.6844799999999	1783.2657599999998	80.120832	67.171464	0.0	1.0
404	0.0	2690.46144	1706.12568	118.25241599999998	132.109488	0.0	1.0
404	13.0	2048.52096	1106.71272	235.679232	46.67112000000001	0.0	1.0
404	0.0	1021.7663999999999	776.65824	71.45472	94.824	0.0	1.0
404	0.0	1373.4489600000002	258.81768	86.315136	133.727328	0.0	1.0
404	0.0	1014.4243199999999	633.01176	100.79500800000001	181.675008	0.0	1.0
404	0.0	2586.38592	359.12159999999994	113.9328	126.365184	0.0	1.0
404	0.0	2857.50528	793.43496	52.42752	113.93848800000002	0.0	1.0
404	0.0	1326.17856	552.58848	73.780992	85.636224	0.0	1.0
405	0.0	1162.86336	1646.8228800000002	74.62848	87.28300800000001	0.0	1.0
405	0.0	681.7152000000001	1782.9655200000002	80.266752	67.07512799999999	0.0	1.0
405	0.0	1734.29376	1969.6392	126.146304	72.226944	0.0	1.0
405	3.0	2379.39072	1973.21616	113.51155200000001	161.797824	0.0	1.0
405	0.0	2984.5440000000003	584.7724800000001	78.24883200000001	48.84645600000001	0.0	1.0
405	0.0	1372.35072	236.31912	72.38016	79.40030399999999	0.0	1.0
405	0.0	2843.37792	765.02016	64.869888	131.46343199999998	0.0	1.0
405	3.0	1566.13248	1923.5620799999997	110.075136	87.61629599999999	0.0	1.0
405	0.0	1369.34016	254.67912	82.14144	114.655824	0.0	1.0
405	0.0	858.3398400000001	1710.3787200000002	124.66752	111.324456	0.0	1.0
405	0.0	912.34944	967.21128	66.494208	115.781832	0.0	1.0
405	3.0	2381.87904	1938.59352	108.925824	94.010328	0.0	1.0
405	0.0	2692.89216	1697.7276000000002	113.475456	130.147776	0.0	1.0
405	13.0	2048.25984	1107.00648	235.577472	47.347632	0.0	1.0
405	0.0	2576.61696	355.5554400000001	116.939904	146.308032	0.0	1.0
405	0.0	1815.3024	2062.06344	116.96102400000001	70.29936	0.0	1.0
405	0.0	1014.29376	632.9016	100.896768	178.392024	0.0	1.0
405	0.0	1015.36896	778.6238400000001	72.95616	88.66368	0.0	1.0
405	0.0	1068.192	1300.93776	42.561024	85.613112	0.0	1.0
405	0.0	2854.0454400000003	783.48384	46.935936	105.775632	0.0	1.0
405	0.0	1319.81952	561.61728	72.267264	83.88100800000001	0.0	1.0
406	0.0	1071.5020800000002	1335.20616	43.72953600000001	93.629952	0.0	1.0
406	0.0	1240.4544	1800.94752	83.79187200000001	80.690472	0.0	1.0
406	0.0	681.44256	1782.84456	80.567808	67.49330400000001	0.0	1.0
406	0.0	2987.17056	584.7098400000001	72.62899200000001	47.880720000000004	0.0	1.0
406	3.0	2393.06496	1925.66592	104.563584	79.46964	0.0	1.0
406	0.0	858.7660799999999	1709.77824	126.03417599999999	112.850928	0.0	1.0
406	0.0	1362.6624	247.18823999999995	78.733824	84.28752	0.0	1.0
406	0.0	1165.29408	1651.8211199999998	68.015616	90.15818400000002	0.0	1.0
406	0.0	2840.78976	755.5658400000001	64.924032	124.244928	0.0	1.0
406	0.0	1745.4144	1973.20536	129.467136	68.574168	0.0	1.0
406	13.0	2048.41728	1107.03024	235.7088	47.37420000000001	0.0	1.0
406	0.0	1360.9535999999998	278.38296	86.251392	145.15178400000002	0.0	1.0
406	0.0	1310.88768	570.8491200000001	67.813248	63.493416	0.0	1.0
406	0.0	1767.3024	1590.69528	35.7568512	57.079728	0.0	1.0
406	0.0	2698.1529600000003	1690.43328	118.83456	133.216488	0.0	1.0
406	0.0	1822.2144	2057.82984	123.979392	70.128936	0.0	1.0
406	0.0	1014.2592	631.51272	101.465856	178.30389600000004	0.0	1.0
406	0.0	2563.93728	337.51728	117.21100800000002	121.94841600000001	0.0	1.0
406	0.0	2844.68736	767.7763199999999	57.067392	98.91072	0.0	1.0
406	0.0	1014.55872	793.78056	70.978176	106.57332	0.0	1.0
406	0.0	1578.40512	1927.71144	99.71635200000001	86.241672	0.0	1.0
407	0.0	1072.09344	1354.32432	49.957632	73.531152	0.0	1.0
407	0.0	1359.92448	251.86896000000002	74.27289599999999	83.20039200000001	0.0	1.0
407	0.0	2988.03456	584.6191199999998	70.500096	47.010888	0.0	1.0
407	0.0	2821.66656	720.8783999999999	45.51936	89.52508800000001	0.0	1.0
407	0.0	681.39264	1782.66744	79.421952	66.558456	0.0	1.0
407	0.0	1354.99392	277.66152	88.19635200000002	131.489136	0.0	1.0
407	13.0	1744.03584	1146.22992	240.900864	52.88759999999999	0.0	1.0
407	1.0	1351.01184	1731.45816	99.324672	110.925288	0.0	1.0
407	0.0	1014.34368	630.6508800000001	101.695488	176.55256799999998	0.0	1.0
407	0.0	1012.1011199999999	794.15424	70.720512	96.420024	0.0	1.0
407	0.0	1767.264	1589.32152	37.9636224	59.15484	0.0	1.0
407	0.0	1300.94592	580.13712	55.163136	52.433568	0.0	1.0
407	13.0	2048.25984	1107.25488	235.446912	47.398608	0.0	1.0
407	1.0	1833.024	2059.66152	123.90297599999998	71.55108	0.0	1.0
407	0.0	2554.90944	330.48432000000014	122.795904	119.96812800000001	0.0	1.0
407	0.0	1170.84288	1658.57112	70.009344	91.067112	0.0	1.0
407	0.0	2700.7296	1686.85848	115.504128	137.119608	0.0	1.0
407	0.0	2847.1872	756.648	45.82848	93.28932	0.0	1.0
407	0.0	1586.9721599999998	1929.63816	103.79596799999999	84.727728	0.0	1.0
407	0.0	1756.07808	1973.87712	127.552128	68.11236	0.0	1.0
407	0.0	951.40224	1263.5503199999998	60.31027199999999	124.105608	0.0	1.0
408	0.0	2709.5539200000003	1679.18616	121.941504	146.20175999999998	0.0	1.0
408	0.0	1064.5056	1353.9096	38.0047488	73.22788800000001	0.0	1.0
408	0.0	2406.32832	1927.422	114.870912	108.394848	0.0	1.0
408	0.0	1338.99264	1683.89712	67.91577600000001	84.429216	0.0	1.0
408	0.0	2738.40384	1656.05904	62.96448	100.737216	0.0	1.0
408	0.0	2405.47584	1958.2343999999998	116.444928	170.663112	0.0	1.0
408	0.0	1348.4736	288.16776000000004	88.02816	143.926416	0.0	1.0
408	13.0	2047.9296	1107.08208	235.924992	47.006136000000005	0.0	1.0
408	0.0	1177.23648	1662.13944	71.980032	87.228576	0.0	1.0
408	0.0	903.1641600000002	992.07504	55.593599999999995	114.22836	0.0	1.0
408	0.0	1290.22848	588.5611200000001	57.13996800000001	59.426568	0.0	1.0
408	0.0	1014.0864000000001	630.7156799999999	101.14099199999998	175.965264	0.0	1.0
408	0.0	1846.81728	2060.42616	114.772608	67.751424	0.0	1.0
408	0.0	1767.42528	1975.6569599999998	131.428992	68.30136	0.0	1.0
408	0.0	1407.5865600000002	1963.17648	73.25644799999999	79.492968	0.0	1.0
408	0.0	951.17184	1269.92664	57.367296	117.165096	0.0	1.0
408	0.0	1767.81696	1587.92832	40.29696	61.082424	0.0	1.0
408	0.0	1010.81088	804.96072	70.864896	106.931664	0.0	1.0
408	0.0	1597.0368	1934.5608	109.48992	92.69747999999998	0.0	1.0
408	0.0	2544.18048	318.49631999999997	126.57945599999998	122.635512	0.0	1.0
409	0.0	1196.2367999999997	1698.9372	90.798336	147.287376	0.0	1.0
409	13.0	1743.41376	1145.9102400000002	239.329152	52.72992000000001	0.0	1.0
409	0.0	1073.39136	1366.308	51.714432	84.822552	0.0	1.0
409	0.0	1348.10496	1694.1355199999998	69.806208	79.527744	0.0	1.0
409	0.0	1285.5744	595.9008	60.135552000000004	66.356496	0.0	1.0
409	0.0	954.69312	1273.9399199999998	64.582656	113.63630400000001	0.0	1.0
409	13.0	2048.09472	1106.90928	235.858176	47.270088	0.0	1.0
409	0.0	1767.8016	1590.3972	41.3088	55.21219200000001	0.0	1.0
409	0.0	1607.35872	1939.47696	109.10783999999998	87.89536799999999	0.0	1.0
409	3.0	2415.55968	1922.68728	112.073088	103.70592000000002	0.0	1.0
409	0.0	1013.9904	630.38088	101.273472	175.613832	0.0	1.0
409	0.0	904.6041600000001	997.95456	59.688576	115.009632	0.0	1.0
409	0.0	1847.24736	2058.70464	126.691584	72.937584	0.0	1.0
409	0.0	2835.77088	716.77224	56.836992	113.944968	0.0	1.0
409	0.0	1001.0112	814.7736	68.65996799999999	110.997216	0.0	1.0
409	0.0	2534.08512	308.47392000000013	121.695744	125.306352	0.0	1.0
409	0.0	2705.3145600000003	1693.49616	134.419584	188.53128	0.0	1.0
410	0.0	1362.40512	1702.48392	84.08524799999999	95.64588	0.0	1.0
410	0.0	957.66528	1287.86112	65.65132799999999	130.517352	0.0	1.0
410	0.0	2827.75296	703.11672	61.21689599999999	119.140416	0.0	1.0
410	0.0	1335.1334399999998	301.0932	83.54956800000001	145.20816	0.0	1.0
410	0.0	680.89344	1782.4622399999998	79.177344	68.65063199999999	0.0	1.0
410	13.0	2048.02176	1107.06696	235.961472	46.914984	0.0	1.0
410	0.0	1070.50368	1359.2340000000002	41.746944	90.527976	0.0	1.0
410	0.0	1617.1276799999998	1939.96728	107.104896	80.600832	0.0	1.0
410	0.0	1000.4428799999998	815.76072	69.19027200000001	94.41684	0.0	1.0
410	0.0	2521.5744	298.06488	124.41216000000001	117.104832	0.0	1.0
410	0.0	1013.8944	629.89488	101.300352	176.60548799999995	0.0	1.0
410	0.0	1281.05472	612.6753600000001	64.181376	68.60721600000001	0.0	1.0
410	0.0	2834.6227200000003	711.9792000000002	47.670912	103.102632	0.0	1.0
410	0.0	1860.6336	2058.7176	128.19264	76.502016	0.0	1.0
411	0.0	1428.82176	1975.76928	76.612608	83.00253599999999	0.0	1.0
411	0.0	1441.77408	1984.80024	102.29721599999999	99.806472	0.0	1.0
411	0.0	1203.80544	1687.5864	84.937344	101.05452	0.0	1.0
411	0.0	681.6729599999999	1783.10592	80.445696	67.284	0.0	1.0
411	0.0	1278.1056	686.8367999999999	60.778752	175.834368	0.0	1.0
411	0.0	2819.8656	679.35888	69.080448	120.54592799999999	0.0	1.0
411	0.0	858.03648	1709.66376	124.628736	113.93913599999999	0.0	1.0
411	13.0	2047.78752	1106.76456	236.81472000000002	47.100096	0.0	1.0
411	0.0	1330.6944	284.50872000000015	79.05216	100.125936	0.0	1.0
411	0.0	959.23968	1295.07336	66.79449600000001	129.426984	0.0	1.0
411	0.0	1360.66176	1707.04584	61.844352	90.00072	0.0	1.0
411	0.0	1767.38304	1594.63944	40.493952	59.320296	0.0	1.0
411	0.0	1870.79808	2058.9984	128.44416	73.84715999999999	0.0	1.0
411	0.0	1013.94432	629.4304800000001	101.48851200000001	176.125752	0.0	1.0
411	0.0	2509.21344	287.99063999999987	126.88396800000001	122.782392	0.0	1.0
411	0.0	2433.3312	1914.98688	112.089984	128.617632	0.0	1.0
411	0.0	994.46784	826.1568	62.78207999999999	103.49531999999999	0.0	1.0
412	0.0	985.67808	835.37568	51.085056	101.78222399999999	0.0	1.0
412	3.0	1640.9472	1954.9512	106.65292799999999	86.980608	0.0	1.0
412	0.0	2424.56064	1969.60464	81.040128	97.645392	0.0	1.0
412	0.0	1201.8931200000002	1693.82448	67.73337599999999	98.27352	0.0	1.0
412	0.0	912.83712	1010.11968	47.39404799999999	102.070152	0.0	1.0
412	0.0	2804.90496	644.32152	51.970176	76.95756	0.0	1.0
412	13.0	2047.90272	1106.88552	237.007488	46.56528	0.0	1.0
412	0.0	1014.02496	630.05904	100.25472	174.621096	0.0	1.0
412	0.0	1271.78496	628.1971199999999	65.60064	67.178376	0.0	1.0
412	0.0	1767.67872	1597.35024	42.334848	65.107152	0.0	1.0
412	0.0	1879.08096	2060.88192	129.96595200000002	76.07584800000001	0.0	1.0
412	0.0	961.4208	1302.62904	67.999488	129.784464	0.0	1.0
413	0.0	1072.82688	1403.57664	42.65664	66.956976	0.0	1.0
413	0.0	1646.81856	1949.55336	111.270528	76.339584	0.0	1.0
413	0.0	2806.89408	649.5876	61.853568	96.88248	0.0	1.0
413	0.0	1013.77152	630.3182400000001	100.70208000000001	174.08304	0.0	1.0
413	1.0	1396.02432	1768.0248	89.533056	81.237384	0.0	1.0
413	0.0	2809.95456	666.66024	60.569855999999994	118.153296	0.0	1.0
413	0.0	1373.94816	1715.0918399999998	60.684288	82.088424	0.0	1.0
413	0.0	2742.38592	1632.9038400000002	105.77241600000002	147.31199999999998	0.0	1.0
413	13.0	2048.01408	1106.79048	236.053248	46.773936	0.0	1.0
413	0.0	1095.50592	1409.93136	32.353996800000004	57.737232	0.0	1.0
413	3.0	1463.83104	1991.20248	113.55264000000001	103.526424	0.0	1.0
413	0.0	1766.4	1599.01992	40.56768	58.6926	0.0	1.0
413	1.0	1225.75104	1761.59448	95.07763200000001	99.874512	0.0	1.0
413	0.0	1207.5456	1705.38912	68.409216	104.108544	0.0	1.0
413	0.0	962.87232	1307.53656	69.86918399999999	120.52216800000001	0.0	1.0
413	0.0	1265.1571199999998	700.72776	69.14534400000001	194.130216	0.0	1.0
413	0.0	1891.33824	2060.08272	127.953024	76.965768	0.0	1.0
413	0.0	993.5193599999999	836.70624	67.450752	105.341688	0.0	1.0
414	0.0	1078.36416	1392.5196	48.387456	90.395568	0.0	1.0
414	0.0	1310.44608	340.5888	86.168448	177.274224	0.0	1.0
414	1.0	1244.82048	1754.17704	68.059776	69.66432	0.0	1.0
414	0.0	1381.50912	1725.25248	66.390912	93.579408	0.0	1.0
414	0.0	1310.92992	309.3876	82.904832	116.056368	0.0	1.0
414	1.0	1402.10304	1770.36408	89.908224	87.488208	0.0	1.0
414	0.0	2801.952	652.84704	69.912192	116.765496	0.0	1.0
414	0.0	963.63264	1318.09896	67.19616	122.58756	0.0	1.0
414	0.0	1211.1552	1707.9292799999998	62.075904	97.668504	0.0	1.0
414	0.0	2814.04416	669.01464	45.90144	87.317568	0.0	1.0
414	0.0	1013.58336	630.14976	100.44211200000001	173.04732	0.0	1.0
414	13.0	2048.41728	1107.108	235.993728	46.27476000000001	0.0	1.0
414	0.0	1766.3232	1599.22512	40.422912	53.932608	0.0	1.0
414	0.0	2476.6272	262.53936	137.21702399999998	115.894152	0.0	1.0
414	1.0	1232.85888	1744.0639199999998	91.767168	89.81388	0.0	1.0
414	0.0	1900.54656	2058.22728	131.748864	76.363344	0.0	1.0
414	0.0	1259.91552	709.1150399999999	65.348736	191.583144	0.0	1.0
414	0.0	991.91808	842.7304800000001	70.278144	109.554336	0.0	1.0
414	1.0	1832.12928	1977.1992	130.856064	68.311512	0.0	1.0
415	0.0	1315.95264	356.66567999999995	64.823424	180.84556799999996	0.0	1.0
415	1.0	1840.7232	1977.86232	127.16275200000001	64.387872	0.0	1.0
415	0.0	1765.82784	1602.72864	40.606848	58.665816	0.0	1.0
415	0.0	1300.8	1849.09824	86.928768	79.737048	0.0	1.0
415	0.0	1014.2284800000001	629.4088800000001	100.17792	173.558808	0.0	1.0
415	0.0	2794.80576	636.33168	79.71609600000001	124.17084	0.0	1.0
415	0.0	1914.77376	2060.75664	122.081664	67.499136	0.0	1.0
415	0.0	988.52352	851.4914399999999	65.46547199999999	94.433256	0.0	1.0
416	0.0	1929.37728	2059.25112	113.405952	69.04548	0.0	1.0
416	0.0	896.69376	1047.43368	61.36473599999999	111.613248	0.0	1.0
416	0.0	1303.05024	1853.64936	79.994112	77.243328	0.0	1.0
416	0.0	2804.74368	647.3628	49.88736	79.869024	0.0	1.0
416	0.0	2753.48352	1625.32008	127.904256	189.07884000000004	0.0	1.0
416	1.0	1411.76064	1777.9456799999998	101.88096	95.29056	0.0	1.0
416	0.0	1393.98528	1741.6101600000002	67.082112	99.496296	0.0	1.0
416	13.0	1743.08736	1145.9102400000002	238.822272	51.890328	0.0	1.0
416	13.0	2048.02176	1106.8596	236.143104	45.96976800000001	0.0	1.0
416	0.0	1766.33856	1602.8712	40.343424000000006	54.635688	0.0	1.0
416	1.0	1684.4006399999998	1963.63224	115.274496	78.9426	0.0	1.0
416	0.0	2800.86144	631.62504	58.69248	109.749384	0.0	1.0
416	0.0	1244.54016	670.12056	62.221824	73.419696	0.0	1.0
416	1.0	1246.22208	1749.6432	97.665408	85.80621599999999	0.0	1.0
416	0.0	2789.6985600000003	622.8144	81.015552	118.91944800000002	0.0	1.0
416	1.0	1854.36288	1976.89248	127.46227199999998	69.52284	0.0	1.0
416	0.0	2452.89984	243.27864	134.40537600000002	113.291136	0.0	1.0
416	0.0	985.82016	858.2587199999999	69.358464	102.545568	0.0	1.0
417	0.0	2495.65824	1853.29944	84.04262399999999	84.511944	0.0	1.0
417	0.0	1418.44992	1758.45384	102.37670400000002	115.521336	0.0	1.0
417	0.0	893.17248	1059.31368	58.740864	103.41539999999999	0.0	1.0
417	0.0	1317.20448	1862.39736	98.786304	87.168528	0.0	1.0
417	0.0	2762.6496	1615.49856	118.843392	191.35224	0.0	1.0
417	13.0	2048.01408	1107.1188	236.52902399999996	46.763568	0.0	1.0
417	0.0	859.17696	1708.39584	126.917376	114.631416	0.0	1.0
417	0.0	981.6192	867.26808	62.633088	98.136792	0.0	1.0
417	0.0	1409.3952000000002	1746.67968	82.74700800000001	92.031336	0.0	1.0
417	0.0	2437.29792	236.0534399999999	136.005504	110.8404	0.0	1.0
417	0.0	1865.0112	1972.90512	129.070464	70.696368	0.0	1.0
417	0.0	1766.78016	1604.15424	40.449024	57.387528	0.0	1.0
417	0.0	1936.1971200000005	2059.77816	120.55795199999999	68.822568	0.0	1.0
417	0.0	1242.63936	678.81888	69.174912	75.182472	0.0	1.0
417	0.0	2795.37408	618.95448	61.745664	111.05855999999999	0.0	1.0
418	0.0	2791.41888	614.38824	50.011392	86.41339199999999	0.0	1.0
418	0.0	1322.77632	1867.47984	90.1248	86.11855200000001	0.0	1.0
418	0.0	2426.92224	227.17368	135.538176	106.273728	0.0	1.0
418	0.0	1767.10656	1603.5192	39.947136	60.381504	0.0	1.0
418	0.0	1089.09696	1451.4552	55.466496	67.865904	0.0	1.0
418	0.0	1948.66944	2058.79536	114.91776	70.46028	0.0	1.0
418	0.0	1290.95808	323.74080000000015	78.898944	101.928888	0.0	1.0
418	1.0	1256.6745600000002	1743.88032	104.911488	118.85291999999998	0.0	1.0
418	1.0	1424.99712	1771.4483999999998	104.054784	126.82764	0.0	1.0
418	0.0	1237.73952	687.8347200000001	69.970176	79.446744	0.0	1.0
418	0.0	979.76064	873.3528	66.210432	102.811896	0.0	1.0
419	0.0	2417.18016	222.34392000000003	137.96928000000003	107.996544	0.0	1.0
419	0.0	974.4384	880.59312	69.96672000000001	106.652376	0.0	1.0
419	0.0	892.0627199999998	1071.1548	61.051776	113.460912	0.0	1.0
419	1.0	1431.13728	1776.59352	104.114304	123.308352	0.0	1.0
419	0.0	1714.5024	1966.50504	117.95135999999998	61.383528	0.0	1.0
419	0.0	1283.40096	330.17112	77.207808	106.48692	0.0	1.0
419	0.0	2508.01536	1839.24216	91.99296	86.085288	0.0	1.0
419	0.0	1766.70336	1605.07224	39.64608	63.408312	0.0	1.0
419	0.0	1233.1776	710.07624	65.789568	99.89330399999999	0.0	1.0
419	0.0	1948.3392	2055.8664	133.52064	70.082064	0.0	1.0
420	0.0	887.3472	1079.09928	56.20262399999999	106.68024	0.0	1.0
420	0.0	2781.7728	582.3792000000001	49.444224	99.54619200000002	0.0	1.0
420	0.0	972.21888	891.26352	65.46432	93.92328	0.0	1.0
420	0.0	2781.74208	1561.59144	102.05568	137.91427199999998	0.0	1.0
420	0.0	2403.31008	210.59632799999997	135.719424	106.21908	0.0	1.0
420	0.0	1960.88832	2055.16872	128.368512	68.73552000000001	0.0	1.0
420	0.0	2523.3408	1829.05992	77.241984	80.25285600000001	0.0	1.0
420	0.0	1767.50208	1603.13256	40.221312000000005	59.906304000000006	0.0	1.0
420	0.0	1277.94048	325.4472000000002	79.618944	101.342664	0.0	1.0
420	0.0	975.72864	1360.79136	70.776576	125.89128	0.0	1.0
420	0.0	1227.98592	715.6533599999998	67.832064	93.84768	0.0	1.0
421	0.0	1519.35744	2015.55864	117.49171200000002	88.93778400000001	0.0	1.0
421	0.0	2528.91264	1824.6492	77.612544	82.869912	0.0	1.0
421	0.0	2390.5612800000004	203.85129600000005	141.116544	109.222992	0.0	1.0
421	0.0	1971.37536	2054.93328	129.662976	67.771512	0.0	1.0
421	3.0	1736.88576	1976.5296	116.45798399999998	70.196112	0.0	1.0
421	0.0	973.30944	886.5288	70.508544	107.32867200000001	0.0	1.0
421	0.0	2768.67456	568.97856	68.121216	102.808656	0.0	1.0
421	0.0	977.65248	1365.71616	68.50944	127.490112	0.0	1.0
421	3.0	1909.88928	1969.1855999999998	115.857024	66.43296	0.0	1.0
421	0.0	1272.58368	333.01368	73.529472	106.58325599999999	0.0	1.0
421	0.0	2787.27936	1551.15216	102.199296	136.657152	0.0	1.0
421	0.0	1768.21248	1605.81528	40.547712	63.37137599999999	0.0	1.0
421	0.0	1219.6032	720.6062400000001	60.375552	79.24607999999999	0.0	1.0
422	3.0	1747.08864	1976.28984	119.50617599999998	68.46357599999999	0.0	1.0
422	0.0	2763.98208	562.7772000000001	55.065984	94.647312	0.0	1.0
422	0.0	970.3488	900.95112	67.534848	101.22883199999998	0.0	1.0
422	0.0	1275.31776	321.4209599999999	62.018688	96.700392	0.0	1.0
422	0.0	2790.80064	1543.95504	105.47904	146.004984	0.0	1.0
422	0.0	1523.19744	2014.8804	116.34355199999999	89.418384	0.0	1.0
422	0.0	2536.86912	1815.85584	85.805568	91.634328	0.0	1.0
422	1.0	1455.86304	1804.72752	103.521792	101.533392	0.0	1.0
422	13.0	2376.26112	187.84785599999998	137.450112	98.794944	0.0	1.0
422	0.0	979.4035199999998	1370.04048	64.9056	126.009432	0.0	1.0
422	0.0	1269.66912	333.8366400000001	72.43584	109.312416	0.0	1.0
422	0.0	1768.45056	1603.2837599999998	39.566976	61.31462400000001	0.0	1.0
422	0.0	1215.24096	733.1860800000001	63.91103999999999	84.739824	0.0	1.0
422	0.0	1979.5968	2053.2096	128.646912	69.165792	0.0	1.0
422	0.0	1924.1664	1971.19872	127.93228799999999	70.861824	0.0	1.0
423	0.0	2759.33952	552.81528	54.452352	101.04696	0.0	1.0
423	0.0	1103.51232	1494.2016	62.74367999999999	88.91164800000001	0.0	1.0
423	0.0	858.80448	1708.69176	127.412736	114.921288	0.0	1.0
423	0.0	1265.7408	349.34976000000006	65.693952	81.777816	0.0	1.0
423	0.0	2368.19328	185.03423999999995	141.85344	103.745232	0.0	1.0
423	0.0	1252.89984	372.87432	66.69503999999999	119.70136799999999	0.0	1.0
423	0.0	2542.01088	1806.19848	87.310464	85.55868	0.0	1.0
423	0.0	1534.07616	2017.31472	125.88134400000001	87.54911999999999	0.0	1.0
423	0.0	885.1967999999999	1098.45072	54.00192000000001	105.018336	0.0	1.0
423	0.0	2795.94624	1532.8008	101.20435199999999	145.119168	0.0	1.0
423	0.0	981.7574400000001	1378.90296	68.126592	123.08716800000002	0.0	1.0
423	0.0	1993.4784	2058.4476	124.342272	76.591008	0.0	1.0
423	0.0	1768.55424	1604.68992	40.245888	64.10231999999999	0.0	1.0
423	0.0	1934.03136	1968.58728	133.108992	70.566984	0.0	1.0
423	0.0	1210.3142400000002	747.16128	63.954432	84.548664	0.0	1.0
423	0.0	1758.49728	1978.1388	119.921664	65.963376	0.0	1.0
424	0.0	1944.61824	1968.6779999999999	128.737152	73.27432800000001	0.0	1.0
424	0.0	2381.4105600000003	186.78729600000008	82.833792	77.38156799999999	0.0	1.0
424	0.0	1104.18048	1505.90016	63.227520000000005	103.31625600000001	0.0	1.0
424	0.0	1245.99552	375.42743999999993	58.383744	102.84732	0.0	1.0
424	0.0	2742.10176	522.20592	75.01593600000001	106.980912	0.0	1.0
424	0.0	1540.3737600000002	2018.9779199999998	122.42496	89.39937599999999	0.0	1.0
424	0.0	982.47552	1382.6721599999998	64.372224	118.02347999999999	0.0	1.0
424	0.0	2549.36832	1802.5632	86.90688000000002	87.978528	0.0	1.0
424	0.0	2801.06112	1520.64432	100.9632	135.81993599999998	0.0	1.0
424	0.0	884.13696	1107.3175199999998	54.940799999999996	99.364752	0.0	1.0
424	0.0	1206.78912	758.18376	62.098176	85.238568	0.0	1.0
424	0.0	2748.2188800000004	531.7509600000001	62.154239999999994	95.518872	0.0	1.0
424	0.0	1769.42592	1979.3808	119.23699200000001	65.07432	0.0	1.0
424	1.0	1468.77312	1804.89816	106.044672	121.68165599999999	0.0	1.0
424	0.0	1768.80768	1604.90592	38.99136	63.910728000000006	0.0	1.0
425	0.0	859.3152	1707.9552	128.00256000000002	116.654688	0.0	1.0
425	0.0	1954.656	1967.27832	124.97702399999999	74.236824	0.0	1.0
425	0.0	2026.81344	2051.8812000000003	94.87372800000001	58.430808	0.0	1.0
425	1.0	1477.14048	1810.54872	107.44819199999999	121.53801600000001	0.0	1.0
425	0.0	885.31584	1109.89008	52.364544	86.67108	0.0	1.0
425	0.0	1783.02336	1979.54496	118.379904	62.353368	0.0	1.0
425	0.0	2735.10912	513.10152	86.06169599999998	115.63235999999999	0.0	1.0
425	0.0	1546.8672	2023.20072	121.99872	91.44619199999998	0.0	1.0
425	0.0	1251.3292800000002	375.1812	76.01395199999999	111.884112	0.0	1.0
425	0.0	1201.12128	763.91856	65.271168	82.515672	0.0	1.0
425	0.0	987.2256000000001	1393.94304	71.99808	127.443672	0.0	1.0
425	0.0	1769.08416	1609.4203200000002	39.158016	65.56572	0.0	1.0
425	0.0	2745.41568	517.53384	64.13068799999999	108.318384	0.0	1.0
426	0.0	2563.61856	1786.16664	83.25888	86.984712	0.0	1.0
426	0.0	2835.08352	1474.9236	57.876864000000005	89.95384800000001	0.0	1.0
426	0.0	2740.1664	517.2876	49.85011200000001	82.604016	0.0	1.0
426	0.0	955.9257600000001	930.19104	55.09094399999999	98.55064800000001	0.0	1.0
426	0.0	1372.69632	1900.36152	81.252864	68.4396	0.0	1.0
426	1.0	1793.6064	1980.94032	123.126144	63.178704	0.0	1.0
426	0.0	887.1436799999999	1111.82976	55.109376	93.9276	0.0	1.0
426	0.0	1285.5628800000002	1822.6296	61.640831999999996	181.89705599999996	0.0	1.0
426	0.0	1554.34752	2024.72352	122.150016	85.36665599999999	0.0	1.0
426	1.0	1480.94976	1814.5188	109.329024	122.62276799999998	0.0	1.0
426	0.0	1967.89632	1966.17888	125.743104	74.726064	0.0	1.0
426	0.0	2033.69088	2047.55904	104.13504	61.373592	0.0	1.0
426	0.0	1195.86816	773.18928	67.378176	77.066424	0.0	1.0
426	0.0	1769.59104	1613.11824	40.303872	67.88772	0.0	1.0
426	0.0	988.96128	1401.9263999999998	73.222272	129.179664	0.0	1.0
427	0.0	2041.57056	2051.892	108.78604800000001	63.632088	0.0	1.0
427	0.0	2031.67104	2056.79952	119.089536	77.399496	0.0	1.0
427	0.0	681.1737600000001	1782.5292	79.56787200000001	66.547872	0.0	1.0
427	0.0	2576.12544	1777.5936000000002	78.391296	83.504088	0.0	1.0
427	0.0	1241.08416	386.44776	78.884736	96.379632	0.0	1.0
427	1.0	1490.86848	1819.9512	116.003712	119.052936	0.0	1.0
427	0.0	1561.96992	2025.14256	124.558464	79.792992	0.0	1.0
427	0.0	888.84096	1124.17416	59.551103999999995	96.887016	0.0	1.0
427	0.0	1979.27424	1961.16336	130.463616	75.12048	0.0	1.0
427	0.0	990.71232	1404.12528	67.15084800000001	119.73700799999999	0.0	1.0
427	0.0	1804.70784	1977.81048	123.333888	58.18608	0.0	1.0
427	0.0	954.16704	936.30816	57.391104	102.477096	0.0	1.0
427	0.0	1190.2848	783.7884	64.868736	82.210032	0.0	1.0
427	0.0	2816.70528	1492.80624	101.53728	146.654928	0.0	1.0
427	0.0	1769.61792	1619.00856	40.88448	69.875568	0.0	1.0
428	0.0	1118.5420800000002	1581.41592	61.617792	145.68163199999998	0.0	1.0
428	0.0	2580.26496	1775.4530400000003	81.34464	89.950824	0.0	1.0
428	0.0	2038.62144	2039.60376	136.363008	87.826464	0.0	1.0
428	0.0	1989.22752	1960.5067200000003	127.26835200000001	72.409464	0.0	1.0
428	0.0	2298.07488	142.43363999999997	154.710144	114.107832	0.0	1.0
428	0.0	2049.89952	2052.42552	114.857088	71.527968	0.0	1.0
428	0.0	2032.99968	2026.8468	127.405824	78.206904	0.0	1.0
428	0.0	1768.79232	1620.90504	42.885504	63.612216000000004	0.0	1.0
428	0.0	2715.8208	481.06872	69.717888	94.790088	0.0	1.0
428	0.0	953.6179199999999	940.19832	58.604928	108.88452	0.0	1.0
428	1.0	1500.3225599999998	1827.0252	110.283264	114.156	0.0	1.0
428	0.0	890.05824	1127.55024	67.117824	119.27930399999998	0.0	1.0
428	0.0	1186.61376	801.37728	62.13887999999999	90.06335999999999	0.0	1.0
428	0.0	993.2544	1411.70472	67.635456	121.71168	0.0	1.0
428	0.0	1570.12992	2024.99352	123.118848	79.254504	0.0	1.0
428	0.0	1814.33856	1982.14344	119.02886400000001	68.18472	0.0	1.0
428	0.0	2821.31712	1482.5268	97.915392	146.36268	0.0	1.0
429	0.0	1578.69696	2029.95288	126.52646400000002	84.867048	0.0	1.0
429	0.0	1768.99968	1628.1777599999998	43.769856000000004	67.96872	0.0	1.0
429	2.0	2284.36224	140.68576800000005	158.400768	101.26036799999999	0.0	1.0
429	0.0	2001.55392	1955.76552	128.838144	72.013968	0.0	1.0
429	0.0	952.2470400000001	947.77776	60.21734399999999	107.36841600000001	0.0	1.0
429	0.0	1184.08704	807.6996	62.647296	82.407456	0.0	1.0
429	0.0	992.1139200000001	1413.90792	58.685567999999996	110.2626	0.0	1.0
429	0.0	2058.7392	2051.83152	116.072448	77.908392	0.0	1.0
429	0.0	887.22048	1140.6528	62.110848	112.68612	0.0	1.0
429	1.0	1506.24384	1831.78368	109.19961600000002	114.55452	0.0	1.0
429	0.0	1827.90528	1980.91656	118.65446399999999	65.857968	0.0	1.0
429	0.0	2824.5504	1469.85624	95.948544	146.219688	0.0	1.0
430	0.0	1552.36608	2074.36248	61.38700800000001	135.180576	0.0	1.0
430	0.0	1332.09216	1836.33264	95.802624	169.92396	0.0	1.0
430	0.0	1126.76352	1591.17912	58.872192000000005	134.993088	0.0	1.0
430	0.0	1768.75392	1631.1304799999998	44.871936	58.825872	0.0	1.0
430	0.0	2062.43712	2034.2664	134.300544	65.567232	0.0	1.0
430	0.0	2850.12864	1438.03296	50.583936	91.049832	0.0	1.0
430	0.0	1838.68032	1979.2944	123.390336	69.303168	0.0	1.0
430	0.0	2702.90688	458.6673599999999	90.826752	107.567568	0.0	1.0
430	0.0	2014.42944	1950.67008	123.967872	73.142136	0.0	1.0
430	0.0	1179.40224	820.9727999999999	64.993536	89.898336	0.0	1.0
430	0.0	951.2448	951.52536	63.21676800000001	112.155192	0.0	1.0
430	1.0	1513.9392	1839.0456	113.81107199999998	112.765608	0.0	1.0
430	0.0	997.9737599999999	1423.74888	67.824768	117.634248	0.0	1.0
430	0.0	2280.66432	138.53721599999994	143.62252800000002	91.905408	0.0	1.0
430	0.0	888.4339200000001	1143.32256	65.324928	117.472032	0.0	1.0
431	13.0	2048.29824	1107.26136	236.391936	46.26503999999999	0.0	1.0
431	0.0	1014.03648	628.88832	100.45248	174.47292000000002	0.0	1.0
431	0.0	681.8303999999998	1781.06688	79.139712	68.08039199999999	0.0	1.0
431	0.0	860.45184	1707.67872	130.897152	116.255088	0.0	1.0
431	0.0	1768.92288	1633.3596	43.645056	54.202824	0.0	1.0
431	0.0	1327.71456	1842.76512	72.05568	173.54779200000002	0.0	1.0
431	0.0	2594.3808	1792.77408	103.826688	173.68279199999998	0.0	1.0
431	0.0	947.80416	960.01632	61.905407999999994	104.18112	0.0	1.0
431	0.0	2266.58304	133.9884719999999	142.119936	87.70420800000001	0.0	1.0
431	0.0	2021.15328	1951.29864	129.15648	78.106896	0.0	1.0
431	0.0	2694.39744	447.43535999999995	87.12959999999998	110.403	0.0	1.0
431	0.0	2072.22912	2024.4276	129.502464	83.030832	0.0	1.0
431	0.0	1849.27872	1976.99184	119.607552	64.805832	0.0	1.0
431	0.0	1001.32608	1430.57448	64.149888	114.91524000000001	0.0	1.0
431	0.0	887.9193600000001	1150.12008	64.189824	112.56472799999999	0.0	1.0
431	0.0	1173.5232	827.4204	65.468928	82.92564	0.0	1.0
431	1.0	1522.2528	1840.25736	113.61024	108.304344	0.0	1.0
432	1.0	2034.28224	1950.33096	131.969664	80.58700800000001	0.0	1.0
432	0.0	681.7689599999999	1782.0410399999998	78.73766400000001	65.912832	0.0	1.0
432	0.0	1331.4278399999998	1856.13336	61.22150400000001	192.571344	0.0	1.0
432	0.0	1866.1056	1969.3908000000001	107.074944	53.68356	0.0	1.0
432	1.0	1365.3888	1838.6956799999998	84.274944	98.597088	0.0	1.0
432	0.0	1601.06496	2036.1607200000003	122.034816	80.40297600000001	0.0	1.0
432	0.0	2677.6627200000003	433.10159999999996	79.46265600000001	105.71472000000001	0.0	1.0
432	0.0	899.0131200000001	1152.16344	42.943488	112.67316	0.0	1.0
432	0.0	1217.6294400000002	413.37864	69.783552	86.25528000000001	0.0	1.0
432	0.0	1768.51968	1638.91944	45.881088000000005	63.820224	0.0	1.0
432	0.0	1168.9958399999996	839.8425599999999	62.100096	82.44331199999999	0.0	1.0
432	0.0	887.53536	1153.9324800000002	59.493504	110.22955200000001	0.0	1.0
432	0.0	946.6905600000001	965.32344	66.900096	104.194728	0.0	1.0
432	0.0	2081.184	2021.16816	129.57427199999998	83.23365600000001	0.0	1.0
432	0.0	2243.05536	127.24516800000015	160.208256	86.398704	0.0	1.0
432	0.0	1005.84192	1437.3611999999998	70.0896	118.005552	0.0	1.0
432	0.0	2602.1568	1789.7738399999998	104.42687999999998	187.44804	0.0	1.0
432	1.0	1531.11552	1845.97488	112.831488	112.846824	0.0	1.0
433	1.0	2045.61792	1945.4688	130.07270400000002	82.898424	0.0	1.0
433	0.0	2622.7046400000004	1729.8705599999998	76.82303999999999	84.33072	0.0	1.0
433	0.0	1206.95808	478.51343999999995	74.04364799999999	186.740856	0.0	1.0
433	0.0	1164.30336	859.55256	57.017088	91.558512	0.0	1.0
433	0.0	1876.5888	1963.95624	111.18182399999999	52.5798	0.0	1.0
433	0.0	1215.23328	410.832	67.239936	70.61860800000001	0.0	1.0
433	0.0	2088.37248	2014.99272	123.42912000000001	93.403368	0.0	1.0
433	0.0	1608.95616	2036.83032	126.98534399999997	83.91492000000001	0.0	1.0
433	0.0	1009.0368	1447.82208	71.78496	125.55756	0.0	1.0
433	0.0	2840.06016	1428.82704	94.018176	142.591104	0.0	1.0
433	0.0	1768.19712	1635.91056	44.725248	57.514968	0.0	1.0
433	0.0	2675.61216	429.47496	79.9008	97.691832	0.0	1.0
433	1.0	1537.2672	1850.10696	113.247744	116.0298	0.0	1.0
433	0.0	888.4646399999999	1158.38424	63.647616	109.39708799999998	0.0	1.0
433	0.0	2100.68352	2027.98512	116.66496	67.082472	0.0	1.0
433	0.0	2238.84288	122.86187999999993	143.678592	82.90058400000001	0.0	1.0
433	0.0	945.98016	975.78432	65.463936	113.92488	0.0	1.0
434	3.0	1205.54112	480.80952	84.71731199999999	197.407152	0.0	1.0
434	0.0	1350.336	1862.14896	80.470272	180.542736	0.0	1.0
434	0.0	1213.07904	433.50335999999993	66.15936	97.70997599999998	0.0	1.0
434	0.0	2064.92544	1938.17664	112.783488	76.47804000000001	0.0	1.0
434	0.0	1135.13472	1566.05832	62.051328	81.203688	0.0	1.0
434	0.0	2861.2608	1412.2490400000002	59.78303999999999	124.21080000000002	0.0	1.0
434	0.0	1768.4620799999998	1635.0768	45.174528	56.70475199999999	0.0	1.0
434	0.0	1159.3190399999999	868.5251999999999	59.66284799999999	95.069808	0.0	1.0
434	0.0	1005.9647999999999	1448.44848	58.520064000000005	103.741992	0.0	1.0
434	0.0	2220.4992	114.84525600000018	131.23968	84.60072	0.0	1.0
434	0.0	2671.71456	424.4076	68.087808	90.353664	0.0	1.0
434	0.0	2843.20512	1420.1352	97.113216	142.01503200000002	0.0	1.0
434	0.0	886.62528	1163.5488	65.56416	108.249696	0.0	1.0
434	0.0	1616.17152	2040.5649600000002	127.97222399999998	85.472064	0.0	1.0
434	0.0	2118.09024	2028.0996	98.785536	53.581608	0.0	1.0
434	0.0	945.23904	979.68744	64.334592	114.638544	0.0	1.0
434	1.0	1545.16224	1855.2261599999997	115.14816	113.78318400000002	0.0	1.0
435	0.0	859.7260799999999	1708.11504	129.522048	115.176168	0.0	1.0
435	0.0	2649.44256	406.73016000000007	94.19328	105.16499999999999	0.0	1.0
435	3.0	1198.55232	490.80168000000003	79.02451199999999	188.95766399999997	0.0	1.0
435	1.0	1550.97216	1859.50728	116.52211200000002	109.654128	0.0	1.0
435	0.0	681.8688	1781.79048	79.741824	66.71268	0.0	1.0
435	0.0	1199.91552	445.52376000000004	80.801664	108.586656	0.0	1.0
435	0.0	1012.83072	1462.99824	70.29388800000001	123.098184	0.0	1.0
435	0.0	1620.47232	2041.84584	128.40307199999998	83.49372	0.0	1.0
435	0.0	2632.83456	1719.36432	88.002048	87.79276800000001	0.0	1.0
435	0.0	1768.00512	1636.43976	45.52665600000001	58.255416	0.0	1.0
435	0.0	1156.91136	873.08496	66.27072	89.168256	0.0	1.0
435	0.0	2847.47904	1408.97664	93.46636799999999	143.590752	0.0	1.0
435	0.0	884.11008	1180.6668	69.23712	133.184304	0.0	1.0
435	0.0	2067.52128	1939.13136	128.269056	81.81216	0.0	1.0
435	0.0	943.68384	983.6208	69.294336	117.454752	0.0	1.0
435	0.0	2128.512	2026.09944	101.0976	61.24420799999999	0.0	1.0
436	0.0	2077.14816	1936.78128	131.678976	86.26068	0.0	1.0
436	0.0	2128.83456	2011.5648	117.33312	74.722392	0.0	1.0
436	0.0	859.2691199999999	1708.31376	128.588928	115.094304	0.0	1.0
436	0.0	2849.376	1398.0556800000002	95.707008	149.46940800000002	0.0	1.0
436	0.0	1142.76864	1582.8501600000002	56.733696	73.18101600000001	0.0	1.0
436	0.0	2642.96448	397.58256000000006	95.596416	102.49632	0.0	1.0
436	0.0	2639.40864	1713.5495999999998	77.710848	79.046928	0.0	1.0
436	0.0	1767.95136	1635.88032	45.632639999999995	58.927392	0.0	1.0
436	0.0	1631.12064	2042.1936	130.856064	80.10252	0.0	1.0
436	0.0	1152.69888	881.16552	61.655808	89.536104	0.0	1.0
436	0.0	2188.92288	107.68723199999988	160.993536	82.802088	0.0	1.0
436	0.0	2137.73184	2021.10984	100.085376	55.610927999999994	0.0	1.0
436	0.0	943.68768	987.75072	69.88608	104.275944	0.0	1.0
436	0.0	1196.50176	448.9214400000001	77.941248	109.291896	0.0	1.0
436	0.0	1014.54336	1461.5748	61.44345599999999	106.119072	0.0	1.0
436	0.0	882.8736	1186.42536	72.418176	131.284368	0.0	1.0
437	0.0	2090.08128	1932.37056	124.03968	83.73110399999999	0.0	1.0
437	0.0	1147.56864	1585.13112	55.844352	71.404848	0.0	1.0
437	0.0	2642.04288	1704.29184	81.02668800000001	77.683536	0.0	1.0
437	0.0	859.9104	1707.81264	129.37152	115.67275199999999	0.0	1.0
437	0.0	2852.4288	1386.8733599999998	96.576384	147.410064	0.0	1.0
437	0.0	2152.34688	2018.9476800000002	92.816256	61.841232000000005	0.0	1.0
437	0.0	1768.4736	1636.8307200000002	45.854592	60.276528	0.0	1.0
437	0.0	1017.792	1468.98576	63.27705600000001	109.479816	0.0	1.0
437	0.0	2632.80384	384.4173599999999	100.263552	90.020592	0.0	1.0
437	0.0	882.46272	1189.0195199999998	69.041664	122.206752	0.0	1.0
437	0.0	1190.3808	456.12504	74.60966400000001	108.886032	0.0	1.0
437	0.0	1147.68384	890.9568	63.49555200000001	84.50503200000001	0.0	1.0
437	1.0	1569.30432	1866.9312	118.08960000000002	108.21751199999999	0.0	1.0
437	0.0	942.4128000000001	996.7212	67.836672	113.590296	0.0	1.0
438	0.0	2860.59648	1376.94816	84.18355199999999	141.165072	0.0	1.0
438	0.0	2154.51264	2015.83296	112.472832	60.874416	0.0	1.0
438	0.0	1014.912	628.01136	101.396736	174.953736	0.0	1.0
438	1.0	1577.72544	1872.05904	118.149888	106.07436	0.0	1.0
438	0.0	1188.83712	461.57256000000007	71.980032	108.530712	0.0	1.0
438	0.0	1767.92832	1637.64504	47.117568	63.215424000000006	0.0	1.0
438	0.0	881.2838400000002	1195.6399199999998	63.952896	111.068928	0.0	1.0
438	0.0	2624.73216	375.06672000000003	108.024192	105.382728	0.0	1.0
438	0.0	1020.08064	1476.90432	65.07302399999999	114.339384	0.0	1.0
438	0.0	1145.90976	904.80024	61.02374399999999	88.92396000000001	0.0	1.0
438	0.0	942.11712	1005.804	66.00384	116.623584	0.0	1.0
439	0.0	681.5769600000001	1780.9804800000002	79.70726400000001	68.389056	0.0	1.0
439	0.0	1015.3728	627.3698400000001	101.762688	175.026744	0.0	1.0
439	0.0	859.7568000000001	1708.77816	128.429184	113.81256	0.0	1.0
439	0.0	1653.73056	2040.8652	133.6608	75.722904	0.0	1.0
439	0.0	2148.64128	93.37031999999999	154.666368	87.689736	0.0	1.0
439	0.0	1021.47072	1480.4575200000002	60.066816	106.554312	0.0	1.0
439	0.0	2620.50048	367.70328000000006	84.33177599999999	101.317824	0.0	1.0
439	0.0	2668.77312	1682.20584	73.802496	78.487056	0.0	1.0
439	0.0	1767.8208	1637.72496	46.40256	61.98854399999999	0.0	1.0
439	0.0	1187.8656	468.6141600000001	68.58432	112.52930399999998	0.0	1.0
439	0.0	881.6755199999999	1200.27096	64.505472	112.09471199999999	0.0	1.0
439	0.0	940.2624	1011.3552	67.61471999999999	117.556488	0.0	1.0
439	0.0	1141.8201600000002	920.39112	62.431488	95.233536	0.0	1.0
440	0.0	2997.07008	581.31864	50.312832	50.673384	0.0	1.0
440	0.0	2678.8992	1672.42104	78.761856	95.028768	0.0	1.0
440	0.0	1015.69536	626.4	102.55372799999999	174.12300000000002	0.0	1.0
440	0.0	858.80448	1708.6572	126.386688	113.30712	0.0	1.0
440	1.0	2121.6192	1925.07624	131.739264	84.577824	0.0	1.0
440	0.0	1766.50368	1642.91544	44.97216000000001	64.448352	0.0	1.0
440	1.0	1592.60544	1879.74864	120.637056	104.189544	0.0	1.0
440	0.0	2676.16512	1684.47816	71.703936	69.911208	0.0	1.0
440	0.0	1030.07616	1494.70704	67.507968	117.019512	0.0	1.0
440	0.0	883.9142400000001	1204.52832	60.534527999999995	107.072712	0.0	1.0
440	0.0	1179.3791999999999	472.716	74.017152	106.672464	0.0	1.0
440	0.0	2602.26816	358.1927999999999	103.74681600000001	102.16886399999999	0.0	1.0
440	0.0	1139.66208	928.39176	61.65888	90.45108	0.0	1.0
440	0.0	937.56288	1017.60192	70.171776	118.746	0.0	1.0
441	3.0	1598.5344	1884.69288	119.53651199999999	108.411912	0.0	1.0
441	0.0	1015.7798399999999	625.93128	102.67430399999999	173.22984000000002	0.0	1.0
441	0.0	895.38432	1213.70616	41.964288	104.605992	0.0	1.0
441	0.0	2996.50176	580.1220000000001	51.4944	49.248864	0.0	1.0
441	0.0	878.56128	1212.10992	59.7984	101.942928	0.0	1.0
441	0.0	2598.25536	347.65200000000016	92.934912	85.239216	0.0	1.0
441	0.0	859.92192	1708.33536	128.425728	113.956848	0.0	1.0
441	0.0	1766.46912	1645.6608	46.114176	63.576359999999994	0.0	1.0
441	0.0	1172.63232	477.66239999999993	78.296448	100.57867200000001	0.0	1.0
441	0.0	2680.11648	1671.73416	86.730624	101.442672	0.0	1.0
441	0.0	2134.9632	1922.4972	125.079936	83.596536	0.0	1.0
441	0.0	1028.38656	1493.23176	60.92044799999999	102.66717599999998	0.0	1.0
441	0.0	1139.7196800000002	937.39032	70.37183999999999	97.138872	0.0	1.0
441	0.0	936.82176	1022.26968	68.16192	117.754344	0.0	1.0
442	13.0	1742.4576	1146.0744	237.451008	51.34752	0.0	1.0
442	0.0	2997.02016	579.6144	50.52096	48.746448	0.0	1.0
442	0.0	2201.88288	2000.02824	93.533952	63.112824	0.0	1.0
442	0.0	1016.24064	625.14072	103.16044800000002	172.309464	0.0	1.0
442	0.0	859.2115200000001	1708.88184	127.40352	112.857408	0.0	1.0
442	0.0	1765.6704	1649.71728	44.066304	62.346672	0.0	1.0
442	0.0	2597.17632	334.21464000000003	78.114816	94.090248	0.0	1.0
442	0.0	1167.67872	484.95672	79.650816	105.24168	0.0	1.0
442	3.0	1609.68192	1889.33256	119.884416	106.987824	0.0	1.0
442	0.0	880.04736	1220.44752	64.734336	112.830408	0.0	1.0
442	0.0	2683.84896	1666.35144	90.23308800000001	104.641848	0.0	1.0
442	0.0	1030.89408	1503.22608	60.860928	109.566864	0.0	1.0
442	0.0	1136.90112	946.03464	65.19552	92.001744	0.0	1.0
442	0.0	2145.97248	1915.95024	124.232832	79.16896799999999	0.0	1.0
442	0.0	2873.29536	1336.35312	81.385344	145.258704	0.0	1.0
442	0.0	935.51616	1030.19472	68.846976	120.1122	0.0	1.0
443	0.0	1171.93728	483.28487999999993	58.563072	84.032856	0.0	1.0
443	2.0	2090.32704	82.430568	161.557632	74.959776	0.0	1.0
443	0.0	1016.11392	624.1838400000001	102.941184	171.457128	0.0	1.0
443	0.0	2594.14272	330.32448	67.271424	99.983592	0.0	1.0
443	0.0	859.3190400000001	1708.70904	127.264512	112.83580799999999	0.0	1.0
443	0.0	2212.62336	1998.1706400000003	93.23212799999999	64.703232	0.0	1.0
443	0.0	2697.82656	1649.48184	74.602368	86.27774400000001	0.0	1.0
443	0.0	1033.4976	1508.36904	58.81536	104.500584	0.0	1.0
443	0.0	2156.29824	1914.3604799999998	125.41478400000001	87.88176	0.0	1.0
443	0.0	1126.21056	960.78096	54.422016000000006	83.01204	0.0	1.0
443	1.0	1616.45568	1892.26152	118.570752	104.564952	0.0	1.0
443	0.0	880.2624	1236.50064	56.7744	126.336456	0.0	1.0
443	0.0	935.5929599999998	1035.97056	66.137088	120.869712	0.0	1.0
444	0.0	880.0128000000001	1237.8312	56.358912	119.368512	0.0	1.0
444	0.0	1189.8816	1722.51144	70.067328	111.74112	0.0	1.0
444	0.0	1764.46464	1657.7892000000002	39.994752000000005	59.20236	0.0	1.0
444	13.0	1742.12736	1147.0356000000002	237.70329599999997	52.1208	0.0	1.0
444	0.0	2006.76864	1939.8808799999997	94.197888	58.113288000000004	0.0	1.0
444	13.0	2048.16384	1106.16624	238.283136	45.98208	0.0	1.0
444	0.0	1016.5708799999999	623.7	103.924224	170.72272800000002	0.0	1.0
444	0.0	2703.8208	1642.60008	78.003072	85.98787200000001	0.0	1.0
444	0.0	858.1171199999999	1708.75008	124.687872	113.278608	0.0	1.0
444	0.0	1123.86816	967.45104	53.26425600000001	83.170152	0.0	1.0
444	0.0	1124.256	1023.77088	54.448128	198.703368	0.0	1.0
444	0.0	1156.77696	545.2898399999999	84.20544	195.573096	0.0	1.0
444	0.0	2877.792	1312.53264	84.302976	143.74151999999998	0.0	1.0
444	0.0	1040.11008	1513.9504800000002	61.83744000000001	105.195456	0.0	1.0
444	0.0	2218.4448	1992.34728	105.85843200000001	62.78536799999999	0.0	1.0
444	0.0	2166.7008	1909.27368	127.917312	84.277584	0.0	1.0
444	0.0	933.05472	1046.97576	65.319936	118.057824	0.0	1.0
445	0.0	1016.90112	623.3544000000002	104.557056	171.17352	0.0	1.0
445	0.0	2997.48096	578.37456	46.975872	45.841464	0.0	1.0
445	0.0	858.8313600000001	1708.48008	125.664	112.68460799999998	0.0	1.0
445	0.0	2230.272	1986.51312	98.903424	63.903168	0.0	1.0
445	0.0	2879.52	1302.3072	86.32166400000001	143.660952	0.0	1.0
445	0.0	1039.72992	1521.63144	59.049600000000005	107.179632	0.0	1.0
445	0.0	2016.9062400000005	1938.5676	91.673088	59.110776	0.0	1.0
445	0.0	2706.09024	1645.80768	73.099392	75.3138	0.0	1.0
445	0.0	2558.0467200000003	314.09640000000013	108.632448	94.953384	0.0	1.0
445	0.0	877.4515200000001	1253.19312	46.015103999999994	95.677416	0.0	1.0
445	0.0	1122.5472	981.51048	61.28217600000001	88.19388	0.0	1.0
445	0.0	931.22688	1054.51632	67.591296	121.670856	0.0	1.0
446	0.0	1190.8300800000002	1664.46144	53.88672	74.77444799999999	0.0	1.0
446	0.0	2209.10592	1891.06056	90.50303999999998	66.841848	0.0	1.0
446	0.0	2549.94432	307.44144000000006	106.16217600000002	90.79624799999999	0.0	1.0
446	0.0	1120.1241599999998	1017.77904	57.182208	149.975712	0.0	1.0
446	0.0	1016.70912	624.01104	104.53056000000001	171.271368	0.0	1.0
446	0.0	2054.2656	73.30024800000001	172.17792	71.08624800000001	0.0	1.0
446	0.0	2894.38848	1290.17232	65.80646399999999	143.75016	0.0	1.0
446	0.0	2879.18208	1291.93272	97.756416	149.07240000000002	0.0	1.0
446	0.0	2245.632	1983.69648	92.404608	64.561104	0.0	1.0
446	0.0	1708.64256	2042.71416	131.35526399999998	71.62128	0.0	1.0
446	0.0	1044.73728	1531.27368	62.164224	108.044712	0.0	1.0
446	0.0	878.69184	1256.40936	52.748928	89.79487200000003	0.0	1.0
446	0.0	1146.36672	512.2742400000001	77.79072000000001	106.092288	0.0	1.0
446	0.0	2717.02272	1634.97312	75.84384	75.226752	0.0	1.0
446	0.0	1119.6825599999997	997.25472	55.398528	107.19280800000001	0.0	1.0
446	0.0	929.088	1062.39816	64.746624	118.51056	0.0	1.0
447	3.0	2028.10368	1940.32584	118.44710400000001	80.832384	0.0	1.0
447	0.0	2899.46496	1261.59552	56.047104	104.254344	0.0	1.0
447	0.0	2530.92864	292.0319999999999	108.71001600000001	86.29632000000001	0.0	1.0
447	0.0	860.13696	1708.61616	128.581632	111.447576	0.0	1.0
447	0.0	1716.66816	2041.58232	128.769408	66.356496	0.0	1.0
447	0.0	2201.5104	1893.38256	119.43168	77.598	0.0	1.0
447	0.0	880.73472	1256.57784	56.28672	98.730576	0.0	1.0
447	0.0	1141.73952	518.44968	74.976	110.285712	0.0	1.0
447	3.0	1649.59872	1905.04656	123.42028799999999	97.495704	0.0	1.0
447	0.0	1047.92064	1535.74272	55.498368	106.51932	0.0	1.0
447	0.0	2882.496	1281.94704	91.610496	145.485072	0.0	1.0
447	0.0	2250.34368	1979.46936	102.60556799999999	62.525088	0.0	1.0
447	0.0	927.27168	1066.42224	66.686208	119.745648	0.0	1.0
448	3.0	1658.00832	1907.91936	124.699392	95.128344	0.0	1.0
448	0.0	1140.00768	521.64864	74.7744	103.520592	0.0	1.0
448	0.0	2891.8233600000003	1271.55312	68.212608	142.47100799999998	0.0	1.0
448	0.0	2899.01184	1258.20648	55.81632	115.735176	0.0	1.0
448	0.0	1725.93024	2045.196	127.82592000000001	75.046824	0.0	1.0
448	0.0	2032.46208	71.07048000000009	160.405248	74.81376	0.0	1.0
448	0.0	859.8835199999999	1708.4951999999998	127.334016	112.390848	0.0	1.0
448	0.0	1456.78464	1881.94536	77.42016	72.689832	0.0	1.0
448	0.0	2261.14176	1975.4064	94.570368	63.02124	0.0	1.0
448	0.0	1112.97024	1016.9712	53.540736	98.827128	0.0	1.0
448	0.0	879.1795199999999	1260.7596	57.790464	107.012664	0.0	1.0
448	0.0	2211.90144	1891.3824	118.67059199999998	77.731272	0.0	1.0
448	0.0	2528.47872	291.91103999999996	107.013504	91.977984	0.0	1.0
448	0.0	1052.352	1544.0328	64.14336	108.184248	0.0	1.0
448	0.0	925.3248	1072.31256	65.922048	120.443544	0.0	1.0
449	1.0	2047.57632	1934.82432	115.51142400000002	78.49742400000001	0.0	1.0
449	0.0	2219.83104	1890.55728	124.881024	87.73941599999999	0.0	1.0
449	0.0	1138.6175999999996	530.15904	69.74592	98.20764000000001	0.0	1.0
449	0.0	683.12448	1781.05176	82.304256	71.539416	0.0	1.0
449	0.0	2275.1616	1972.0584	94.22976	65.52792	0.0	1.0
449	0.0	2516.36352	282.34439999999995	98.059008	90.776808	0.0	1.0
449	0.0	1763.41632	1675.0130399999998	37.7365632	62.173008	0.0	1.0
449	0.0	1212.0384	1707.60528	66.609792	109.083888	0.0	1.0
449	0.0	2730.83904	1612.17432	91.325568	118.960704	0.0	1.0
449	0.0	1733.40672	2046.09672	129.67603200000002	74.80619999999999	0.0	1.0
449	0.0	1061.376	1555.12008	72.121344	114.339168	0.0	1.0
449	0.0	860.0832	1708.0632	127.668096	112.55630400000001	0.0	1.0
449	0.0	1111.4688	1028.94192	54.00192000000001	99.576864	0.0	1.0
449	1.0	1667.85792	1910.55456	124.01088000000001	91.875384	0.0	1.0
449	0.0	923.47008	1079.98704	63.493248	119.706552	0.0	1.0
450	0.0	2900.04096	1247.94432	55.228416	145.260864	0.0	1.0
450	0.0	1212.74112	1702.12752	53.857536	80.207496	0.0	1.0
450	0.0	2275.58016	1967.61744	98.687616	65.29096799999999	0.0	1.0
450	0.0	682.2796800000001	1780.58304	80.99904000000001	70.34904	0.0	1.0
450	0.0	1062.79296	1559.3493600000002	65.380224	109.079568	0.0	1.0
450	0.0	1110.34752	1034.81712	53.200512	93.78914400000001	0.0	1.0
450	0.0	1761.96096	1676.6784	38.523264000000005	66.426264	0.0	1.0
450	0.0	1133.8444799999997	549.05904	67.152768	121.149	0.0	1.0
450	0.0	884.66304	1280.03976	54.684672	121.910184	0.0	1.0
450	0.0	2516.60928	274.99608	91.1904	88.02302399999999	0.0	1.0
450	0.0	858.6624000000002	1708.84944	124.53427200000003	111.256416	0.0	1.0
450	0.0	2734.95552	1611.81144	95.259648	128.669688	0.0	1.0
450	0.0	1740.60288	2045.3752799999997	123.959424	73.197432	0.0	1.0
450	0.0	924.29952	1086.24672	66.685056	120.022344	0.0	1.0
451	0.0	1217.07648	1707.81696	52.322304	79.582824	0.0	1.0
451	0.0	1233.3696	1774.73376	77.084928	111.01428000000001	0.0	1.0
451	0.0	2495.37792	263.79864	95.605248	85.208112	0.0	1.0
451	0.0	1746.7430399999998	2047.3452000000002	129.035904	78.196968	0.0	1.0
451	0.0	1108.63872	1049.8032	55.306368	95.119272	0.0	1.0
451	1.0	1685.73696	1917.16416	123.61151999999998	87.24823199999999	0.0	1.0
451	0.0	1762.51392	1676.66112	39.374208	67.104504	0.0	1.0
451	0.0	859.4150399999999	1708.3224	126.21926399999998	111.61929600000002	0.0	1.0
451	0.0	1064.43264	1559.99736	61.748352	99.779688	0.0	1.0
451	0.0	2896.05888	1239.53544	73.123584	145.599984	0.0	1.0
451	0.0	884.57856	1287.86544	52.666752	125.91288000000002	0.0	1.0
451	0.0	2739.69024	1622.84256	106.756992	173.97957599999995	0.0	1.0
451	0.0	922.9132799999999	1096.94952	65.592576	118.13882400000001	0.0	1.0
452	0.0	2092.2624	1916.61552	92.350464	58.257576	0.0	1.0
452	0.0	2307.8016	1960.25832	83.743104	64.72591200000001	0.0	1.0
452	0.0	1694.14656	1918.41912	126.33331200000002	83.319192	0.0	1.0
452	2.0	1971.97056	64.8896400000001	156.776064	70.072344	0.0	1.0
452	0.0	2269.39392	1867.95072	93.093888	72.12607200000001	0.0	1.0
452	0.0	1567.11936	1986.0811200000003	114.346368	62.923824	0.0	1.0
452	0.0	859.0425599999999	1708.45632	126.0576	111.44865600000001	0.0	1.0
452	0.0	2902.92096	1227.07656	67.322112	142.517664	0.0	1.0
452	0.0	1107.7785600000002	1056.67632	58.03008	92.61280800000002	0.0	1.0
452	0.0	1071.1411199999998	1568.4343199999998	64.52351999999999	104.96304	0.0	1.0
452	0.0	885.6576	1300.63968	50.851200000000006	102.316824	0.0	1.0
452	0.0	1761.8304	1682.38728	42.944256	78.934608	0.0	1.0
452	0.0	2745.05472	1609.82208	104.322432	176.45990400000002	0.0	1.0
452	0.0	920.4288	1102.19832	62.544768000000005	119.33676	0.0	1.0
453	0.0	1521.43104	1907.27568	120.676608	87.49663200000002	0.0	1.0
453	0.0	1108.09344	1068.38136	59.772288	95.74113600000001	0.0	1.0
453	0.0	1121.77536	560.09664	73.05984000000001	104.039424	0.0	1.0
453	3.0	1699.34592	1917.91368	127.942272	83.00534400000001	0.0	1.0
453	0.0	1565.82912	1985.32296	89.526912	61.523496	0.0	1.0
453	0.0	1760.1408	2049.0969600000003	130.237824	82.96127999999999	0.0	1.0
453	0.0	2316.77952	1954.70496	88.09382399999998	65.158128	0.0	1.0
453	0.0	860.8012800000001	1707.95736	128.637696	111.71627999999998	0.0	1.0
453	0.0	2904.82944	1216.51848	61.0656	143.064792	0.0	1.0
453	0.0	885.96096	1304.2512000000002	51.06624	97.74129599999999	0.0	1.0
453	0.0	1074.4128	1574.46072	64.56806399999999	102.96158399999999	0.0	1.0
453	0.0	1762.53312	1680.24024	41.851008	74.543976	0.0	1.0
453	0.0	920.14848	1109.44296	63.843839999999986	118.07877600000002	0.0	1.0
454	0.0	1016.6592	621.12744	103.10246400000001	170.91237600000002	0.0	1.0
454	0.0	1587.25248	1988.73792	110.936832	68.404608	0.0	1.0
454	13.0	2048.74752	1105.8379200000002	237.418752	45.960264	0.0	1.0
454	0.0	2119.9449600000003	1915.84656	87.79084799999998	72.71294400000001	0.0	1.0
454	0.0	859.4419200000002	1708.16688	125.489664	110.504952	0.0	1.0
454	0.0	1082.10048	1583.96688	76.786176	107.38332	0.0	1.0
454	0.0	2905.46688	1204.9149599999998	62.869632	144.4446	0.0	1.0
454	0.0	1770.94272	2047.05576	126.59904	76.230504	0.0	1.0
454	0.0	2325.50784	1950.54048	90.153216	64.773864	0.0	1.0
454	0.0	1761.74976	1684.44144	42.811392	81.004104	0.0	1.0
454	0.0	885.0432	1306.9944	51.877632000000006	100.683432	0.0	1.0
454	0.0	918.78528	1116.01152	63.513984	115.17984	0.0	1.0
455	13.0	2048.69376	1105.65864	237.37766399999998	45.845136	0.0	1.0
455	0.0	1752.7872	2111.09112	85.486848	88.88011200000001	0.0	1.0
455	0.0	2317.88928	1928.87136	124.413696	103.669848	0.0	1.0
455	1.0	1097.78304	1649.12544	76.21632000000001	86.37624	0.0	1.0
455	0.0	1764.08064	1686.7872	39.566208	74.986128	0.0	1.0
455	0.0	1100.44416	1091.03112	51.1296	93.900168	0.0	1.0
455	0.0	1715.82336	1925.11296	131.14291200000002	81.10735199999999	0.0	1.0
455	0.0	2329.7472	1943.47296	102.38592	73.486872	0.0	1.0
455	0.0	2288.6899200000003	1860.2935200000002	126.286464	94.17124799999999	0.0	1.0
455	0.0	682.1759999999999	1780.45344	79.933056	68.49100800000001	0.0	1.0
455	0.0	859.70688	1708.26408	125.914752	110.88144	0.0	1.0
455	0.0	883.5648	1310.72904	47.915904000000005	103.014072	0.0	1.0
455	0.0	2903.45472	1196.7415199999998	63.973248000000005	144.708984	0.0	1.0
455	0.0	2778.97728	1535.47056	68.047488	80.541864	0.0	1.0
455	0.0	1778.22336	2049.53328	130.03776	78.304536	0.0	1.0
455	0.0	1081.43232	1590.2157599999998	61.66848000000001	105.684048	0.0	1.0
455	0.0	917.47968	1124.95824	66.122496	119.98799999999999	0.0	1.0
455	0.0	2117.2761600000003	1915.6824	119.846016	80.43192	0.0	1.0
455	0.0	2457.94944	235.85688000000005	106.25664	96.5682	0.0	1.0
456	0.0	2323.39968	2025.11232	88.81728	91.117656	0.0	1.0
456	0.0	1016.43264	621.18792	102.083712	170.030448	0.0	1.0
456	0.0	1764.48384	1688.59944	40.834176	76.874184	0.0	1.0
456	0.0	885.3926399999999	1314.81144	50.854272	106.664472	0.0	1.0
456	1.0	1726.97472	1926.59472	126.864768	80.792424	0.0	1.0
456	0.0	1544.9088000000002	1920.74976	124.59456000000002	95.77656000000002	0.0	1.0
456	0.0	1755.98592	2109.12336	83.511168	97.087464	0.0	1.0
456	0.0	860.2867200000001	1708.1928	127.376256	111.381696	0.0	1.0
456	0.0	1783.01568	2048.09688	129.888	78.715368	0.0	1.0
456	0.0	2457.89568	228.17808000000014	84.797568	92.001312	0.0	1.0
456	0.0	2125.152	1910.83968	118.220544	81.590328	0.0	1.0
456	0.0	1081.14816	1594.47744	53.43168	106.482384	0.0	1.0
456	0.0	2328.2304	1940.4338400000001	124.03507200000001	66.50532	0.0	1.0
456	0.0	916.59264	1131.7212	64.762368	121.619016	0.0	1.0
457	1.0	1104.79488	1664.81784	79.905024	91.037088	0.0	1.0
457	0.0	2792.13312	1513.9850399999998	71.698944	85.606632	0.0	1.0
457	0.0	1788.34944	2065.74624	126.238848	113.701968	0.0	1.0
457	1.0	1733.90208	1928.58408	130.83455999999998	79.269192	0.0	1.0
457	0.0	1553.42976	1921.36104	118.86719999999998	87.274584	0.0	1.0
457	0.0	2444.82816	223.28783999999996	95.63251199999999	89.16242400000002	0.0	1.0
457	0.0	1763.3164800000002	2108.05848	74.928768	101.655864	0.0	1.0
457	0.0	915.42144	1137.7476	61.694592	121.41467999999999	0.0	1.0
457	0.0	860.93568	1707.84936	128.701056	112.354344	0.0	1.0
457	0.0	2137.22112	1913.05584	117.022848	88.92547200000001	0.0	1.0
457	0.0	2341.19808	1936.3190399999999	113.971584	64.094328	0.0	1.0
457	0.0	1091.38944	1600.2684	71.19513599999999	100.262016	0.0	1.0
458	0.0	1095.46368	675.81432	54.985728	136.088208	0.0	1.0
458	0.0	2797.32864	1508.52888	72.273792	77.829984	0.0	1.0
458	0.0	1015.9795200000001	625.93344	101.55187200000002	173.91477600000002	0.0	1.0
458	0.0	1096.61952	1606.5648	72.3072	101.697552	0.0	1.0
458	0.0	860.0332800000001	1708.14096	125.309184	110.96697599999999	0.0	1.0
458	0.0	2907.73632	1163.90088	60.29952000000001	146.924496	0.0	1.0
458	0.0	913.4630400000001	1145.72664	60.18240000000001	117.69732	0.0	1.0
458	0.0	2364.21888	1931.31216	91.798272	64.225656	0.0	1.0
459	13.0	2048.47872	1105.11432	235.75910400000004	46.04947200000001	0.0	1.0
459	0.0	1780.04352	2105.6004	80.99404799999999	77.598648	0.0	1.0
459	0.0	893.2416	1350.60048	55.987968	94.506696	0.0	1.0
459	0.0	1016.09472	624.25512	103.354752	169.08501600000002	0.0	1.0
459	0.0	1279.60704	1825.86096	82.66291199999999	120.35368800000002	0.0	1.0
459	0.0	1805.14176	2044.45296	127.5072	72.64166399999999	0.0	1.0
459	0.0	1569.10848	1924.95528	120.3936	80.22736800000001	0.0	1.0
459	0.0	859.1731199999999	1708.2770400000002	124.480512	110.700432	0.0	1.0
459	0.0	1100.064	1612.46592	67.678848	99.51336	0.0	1.0
459	0.0	1751.51232	1926.0849599999997	128.961792	74.585448	0.0	1.0
459	0.0	2909.37984	1151.50464	56.325503999999995	144.38152799999995	0.0	1.0
459	0.0	2802.83136	1496.30328	60.861312	77.315256	0.0	1.0
459	0.0	2375.14368	1926.02664	81.481344	62.78536799999999	0.0	1.0
459	0.0	912.9216000000001	1150.6233599999998	60.815616000000006	115.755264	0.0	1.0
460	0.0	1016.7513599999999	625.09752	104.528256	171.05256	0.0	1.0
460	13.0	2048.24064	1105.17048	236.80780799999997	46.498968	0.0	1.0
460	0.0	2355.82848	1818.342	86.73254399999999	73.772856	0.0	1.0
460	0.0	1814.60352	2044.93896	127.771776	73.072368	0.0	1.0
460	0.0	2169.83424	1896.16896	116.05824	87.28711200000001	0.0	1.0
460	0.0	1757.3644800000002	1927.8972	132.426624	70.76916	0.0	1.0
460	0.0	2405.34912	200.79575999999997	106.17830400000001	85.524984	0.0	1.0
460	0.0	1565.58336	1925.56872	96.915456	74.105064	0.0	1.0
460	1.0	1119.96288	1674.88992	89.146752	99.73908	0.0	1.0
460	0.0	2376.10752	1919.85768	102.059904	65.29788	0.0	1.0
460	0.0	1090.43712	668.6279999999999	60.460032	161.53236	0.0	1.0
460	0.0	2809.67808	1486.9656	59.501952	74.23488	0.0	1.0
460	0.0	860.3289599999998	1708.16904	126.494208	112.032072	0.0	1.0
460	0.0	1108.09344	1618.28712	76.15795200000001	100.234584	0.0	1.0
460	0.0	911.904	1156.14216	61.812864	112.806	0.0	1.0
461	0.0	682.3526400000001	1781.20512	81.50976	68.34196800000001	0.0	1.0
461	3.0	1644.18432	2001.64824	106.82304	67.98643200000001	0.0	1.0
461	0.0	1093.75104	1164.06936	43.945344	112.537728	0.0	1.0
461	0.0	2199.36384	1878.96888	82.702848	57.269592	0.0	1.0
461	13.0	2048.32128	1105.55928	236.76748800000001	47.602944	0.0	1.0
461	0.0	2811.9091200000003	1476.26928	57.180288000000004	72.856584	0.0	1.0
461	0.0	2909.13408	1128.65616	59.750783999999996	151.374312	0.0	1.0
461	1.0	1122.8620799999999	1681.11288	90.77184	98.167248	0.0	1.0
461	0.0	1767.24864	1929.7742400000002	134.786688	72.391104	0.0	1.0
461	0.0	861.6345600000001	1707.44112	130.22745600000002	112.726944	0.0	1.0
461	0.0	1586.54976	1932.29928	129.273984	86.333904	0.0	1.0
461	0.0	2385.66912	1915.66944	95.622144	64.025424	0.0	1.0
461	0.0	912.11904	1164.79728	61.798272	112.419792	0.0	1.0
461	0.0	1113.1353599999998	1632.22776	74.56012799999999	111.52943999999998	0.0	1.0
462	1.0	1776.8256	1931.38776	134.059392	73.641312	0.0	1.0
462	0.0	2369.53728	1814.1386400000001	93.879552	94.755528	0.0	1.0
462	0.0	1759.90656	1763.42184	52.86912	156.975624	0.0	1.0
462	0.0	1016.0486399999999	622.4947199999999	101.68780799999999	167.049216	0.0	1.0
462	0.0	1804.40832	2105.93736	87.9456	90.853272	0.0	1.0
462	0.0	2909.04576	1116.71352	59.71392	146.101104	0.0	1.0
462	0.0	2204.96256	1875.98376	86.03942400000001	61.0092	0.0	1.0
462	1.0	1128.07296	1681.614	89.63366400000001	100.163736	0.0	1.0
462	0.0	2376.0153600000003	186.81645600000013	104.43648000000002	85.690872	0.0	1.0
462	0.0	1094.8224	1169.8992	43.921536	99.017424	0.0	1.0
462	0.0	858.59328	1707.97464	123.44256000000001	111.77524799999999	0.0	1.0
462	0.0	911.5315199999999	1170.56448	60.561408	114.006312	0.0	1.0
462	0.0	1825.7472	2045.22192	134.884992	71.78738399999999	0.0	1.0
462	0.0	1594.46016	1934.35344	124.902528	83.22955200000001	0.0	1.0
462	0.0	2398.91712	1911.64536	91.84780800000001	69.56647199999999	0.0	1.0
462	0.0	1116.27648	1637.4744	70.495872	107.582904	0.0	1.0
463	13.0	2362.8864	180.19583999999998	107.703936	76.66099200000001	0.0	1.0
463	0.0	2828.17152	1452.76632	64.19097599999999	83.936304	0.0	1.0
463	0.0	2212.8768	1874.95128	93.645312	70.128936	0.0	1.0
463	0.0	1785.45024	1931.56272	136.35494400000002	71.569656	0.0	1.0
463	0.0	682.7328	1778.4252	81.871872	69.58310399999999	0.0	1.0
463	0.0	1015.22304	620.73432	101.350272	162.6912	0.0	1.0
463	0.0	1600.2816	1933.33392	121.88236799999999	77.481792	0.0	1.0
463	0.0	1663.38816	2003.00688	103.913088	70.298496	0.0	1.0
463	0.0	910.66368	1182.7404	59.367552	125.238312	0.0	1.0
463	1.0	1134.1094400000002	1694.74896	85.58784	90.43725600000002	0.0	1.0
463	0.0	2907.14112	1106.68464	56.277888	148.956192	0.0	1.0
463	0.0	859.5724799999998	1708.20792	125.60870400000002	111.255336	0.0	1.0
463	0.0	1831.38048	2044.43784	133.71264	69.780312	0.0	1.0
463	0.0	2410.52928	1902.75696	84.270336	69.836472	0.0	1.0
463	0.0	1119.48288	1639.86768	70.67328	100.900728	0.0	1.0
464	0.0	1014.93504	621.46008	101.787264	167.86353599999998	0.0	1.0
464	0.0	2371.11936	175.09305600000005	82.16985600000001	84.238272	0.0	1.0
464	0.0	1759.8719999999998	1765.65744	50.72947200000001	158.60145599999998	0.0	1.0
464	0.0	682.3334399999999	1779.2222399999998	81.081984	71.20159199999999	0.0	1.0
464	0.0	2352.44928	173.280168	115.99142400000001	87.264648	0.0	1.0
464	0.0	2420.6592	1894.9593600000003	87.052032	71.772912	0.0	1.0
464	0.0	1811.95008	2106.66528	97.31865600000002	97.52637600000001	0.0	1.0
464	0.0	1609.6128	1941.1596	122.77516799999998	83.94948	0.0	1.0
464	0.0	860.3942400000001	1708.38504	126.50342399999998	112.019544	0.0	1.0
464	1.0	1793.8598399999998	1930.6943999999999	134.84697599999998	74.216952	0.0	1.0
464	0.0	910.64064	1188.4514399999998	63.064704	125.022528	0.0	1.0
464	1.0	1138.61376	1695.78576	87.719424	97.70608800000001	0.0	1.0
464	0.0	1841.4144	2044.8568799999998	129.526656	70.045992	0.0	1.0
464	0.0	2908.2931200000003	1097.56944	58.080384	148.196304	0.0	1.0
464	0.0	1123.0425599999999	1643.66064	70.32384	99.475344	0.0	1.0
465	0.0	1314.60864	1829.3212800000001	88.386048	119.148624	0.0	1.0
465	0.0	2225.23008	1875.42	116.63232	93.462984	0.0	1.0
465	0.0	1015.04256	620.21592	101.549184	165.40567199999998	0.0	1.0
465	0.0	682.5177600000002	1779.48576	80.899968	72.171648	0.0	1.0
465	0.0	1094.8415999999997	1207.4335199999998	41.768448	102.378384	0.0	1.0
465	0.0	909.28896	1196.43696	59.388288	120.491064	0.0	1.0
465	0.0	860.02944	1708.1517600000002	126.65279999999997	111.789504	0.0	1.0
465	0.0	2419.81056	1887.1596	107.284992	72.090864	0.0	1.0
465	1.0	1801.056	1931.86944	132.382464	73.917144	0.0	1.0
465	1.0	1151.1782399999997	1703.98512	72.038016	92.380392	0.0	1.0
465	0.0	1813.05216	2109.06072	101.877504	93.70404	0.0	1.0
465	0.0	1129.97376	1652.13	71.60640000000001	103.390776	0.0	1.0
465	0.0	2910.28992	1084.75848	60.59327999999999	146.238912	0.0	1.0
465	0.0	1847.7696	2042.73792	128.931072	68.440248	0.0	1.0
466	1.0	1156.42368	1710.41328	75.535104	89.781696	0.0	1.0
466	0.0	2428.44672	1885.36032	107.52230399999999	72.70668	0.0	1.0
466	0.0	1097.088	1214.66736	42.887424	97.71796799999998	0.0	1.0
466	0.0	1601.6064	1993.14864	83.297664	174.120408	0.0	1.0
466	0.0	2910.87744	1074.49632	59.110656	147.00312000000002	0.0	1.0
466	0.0	908.2675200000001	1202.88888	58.82726399999999	115.07075999999999	0.0	1.0
466	0.0	1015.3152	622.48392	102.27840000000002	168.610032	0.0	1.0
466	1.0	1809.20448	1931.4482399999997	133.15008	63.929088	0.0	1.0
466	0.0	681.7036800000001	1779.04512	79.75219200000001	71.884368	0.0	1.0
466	0.0	1858.09152	2040.3770399999999	118.644864	66.90016800000001	0.0	1.0
466	0.0	860.92416	1707.92712	128.72371199999998	111.806352	0.0	1.0
466	0.0	1131.65568	1654.83864	69.39456	96.87168	0.0	1.0
467	0.0	1016.4864	620.6695200000001	103.513728	165.956256	0.0	1.0
467	0.0	1134.18624	1661.58216	65.477376	98.077824	0.0	1.0
467	0.0	2844.01152	1405.89432	64.02163200000001	88.790688	0.0	1.0
467	0.0	2255.53536	1855.34064	101.395968	76.94460000000001	0.0	1.0
467	0.0	2323.99104	149.91264	72.43814400000001	75.727008	0.0	1.0
467	0.0	859.5724799999998	1708.16472	126.190848	110.457216	0.0	1.0
467	0.0	903.6134400000001	1207.50048	69.302784	113.123304	0.0	1.0
467	0.0	1863.84768	2045.18304	123.804288	73.456848	0.0	1.0
467	0.0	2247.48672	1865.0628	117.369984	93.63492	0.0	1.0
467	0.0	2908.9728	1064.82816	60.807936	149.288184	0.0	1.0
467	0.0	1637.92896	1943.87472	129.91104	72.876024	0.0	1.0
467	0.0	2438.33472	1877.28192	102.52992	71.15817600000001	0.0	1.0
468	0.0	859.28064	1708.22952	126.306432	111.525552	0.0	1.0
468	0.0	1016.8512	617.6304	103.79942400000002	160.042824	0.0	1.0
468	0.0	910.9363199999999	1208.5415999999998	57.635712	98.41608	0.0	1.0
468	0.0	2269.8432	1842.50376	90.49497600000001	61.926984	0.0	1.0
468	0.0	2907.55968	1055.81016	62.537088	151.915608	0.0	1.0
468	0.0	2310.95424	147.65954399999998	112.66752	75.74148	0.0	1.0
468	0.0	2447.56608	1871.3592	100.755072	72.817488	0.0	1.0
468	0.0	1141.77792	1666.46808	69.386496	97.58210400000002	0.0	1.0
469	0.0	910.4870400000001	1214.98056	60.756096	100.326816	0.0	1.0
469	0.0	2286.01728	1836.5076	80.865408	61.033176	0.0	1.0
469	0.0	2296.28544	135.54561599999988	124.04505600000002	91.529784	0.0	1.0
469	0.0	848.09472	1709.01792	104.293248	109.896264	0.0	1.0
469	0.0	2451.77856	1865.28744	97.80288	74.066832	0.0	1.0
469	0.0	1152.02304	1674.41472	80.331264	97.409952	0.0	1.0
469	0.0	1016.9855999999999	617.60232	102.79488000000002	161.213112	0.0	1.0
469	0.0	2853.0048	1389.43512	65.291904	78.268896	0.0	1.0
469	0.0	2906.33088	1042.7292	60.021888	156.687912	0.0	1.0
470	0.0	1720.38144	75.58250399999997	140.715264	70.20864	0.0	1.0
470	0.0	1159.86816	1683.67896	82.16985600000001	103.11408	0.0	1.0
470	0.0	2467.22688	1857.21552	93.745536	78.28120799999999	0.0	1.0
470	0.0	2853.37728	1377.76464	58.224	77.86367999999999	0.0	1.0
470	0.0	1148.61696	1679.97024	59.500032	95.015592	0.0	1.0
470	0.0	851.4048	1709.28792	111.048192	111.08275199999999	0.0	1.0
470	0.0	2286.4896	127.868112	125.312256	94.37148	0.0	1.0
470	0.0	1844.22912	1932.3252	134.5248	66.912696	0.0	1.0
470	0.0	1016.68608	617.66496	102.12211199999999	160.022952	0.0	1.0
470	0.0	2905.71264	1030.05432	60.835584	150.41203199999998	0.0	1.0
471	0.0	905.49504	1243.11888	64.988928	120.90924	0.0	1.0
471	0.0	1054.31808	683.72856	69.697536	108.96552	0.0	1.0
471	0.0	1016.9088	615.8743199999999	101.52768000000002	155.364912	0.0	1.0
471	0.0	2859.47904	1366.67736	53.728128000000005	83.360232	0.0	1.0
471	0.0	1165.8662399999998	1689.97104	91.07712	106.441344	0.0	1.0
471	0.0	851.0438399999998	1708.9855200000002	109.415424	110.42438400000002	0.0	1.0
471	0.0	1853.08416	1931.53896	129.61881599999998	66.605328	0.0	1.0
471	0.0	2486.592	1851.09192	82.77772800000001	77.886792	0.0	1.0
471	0.0	2905.1712	1019.97792	63.402240000000006	146.97914400000002	0.0	1.0
472	0.0	681.7881600000001	1780.65216	80.191872	70.16241600000001	0.0	1.0
472	0.0	2312.77056	1820.86704	85.183488	63.942696000000005	0.0	1.0
472	0.0	2859.59424	1353.2508	50.913408	76.072176	0.0	1.0
472	0.0	853.9315200000001	1709.13456	115.54559999999998	111.235464	0.0	1.0
472	0.0	1017.05472	618.30216	102.789504	160.6338	0.0	1.0
472	0.0	2269.0214400000004	126.8280719999999	98.435328	78.462	0.0	1.0
472	0.0	1049.1264	691.04232	74.25792	110.589408	0.0	1.0
472	0.0	1164.36096	1695.4488	77.70585600000001	105.552288	0.0	1.0
472	0.0	1860.2496	1933.05312	130.983552	66.852648	0.0	1.0
472	0.0	2481.45408	1843.91208	106.25472	79.840512	0.0	1.0
472	0.0	2906.1312	1006.78464	65.8272	150.19128	0.0	1.0
473	0.0	1371.072	1900.18656	106.55539200000001	150.58223999999998	0.0	1.0
473	0.0	681.69984	1780.2828	80.873472	69.67533599999999	0.0	1.0
473	0.0	897.66144	1249.27704	87.501696	112.744872	0.0	1.0
473	0.0	1017.0969600000001	618.67584	102.65126399999998	159.572592	0.0	1.0
473	0.0	2863.37664	1342.82664	53.637888000000004	78.22418400000001	0.0	1.0
473	0.0	858.4896000000001	1708.83216	125.46432	111.478896	0.0	1.0
473	0.0	1870.02624	1934.37072	133.926144	69.394104	0.0	1.0
473	0.0	1047.0067199999999	695.51784	71.317632	104.38048799999999	0.0	1.0
473	0.0	1166.6380800000002	1696.0644	71.492352	93.92025600000001	0.0	1.0
473	0.0	2260.896	124.82748000000004	101.774976	78.524424	0.0	1.0
473	0.0	2906.4076800000003	997.82064	68.412288	150.639696	0.0	1.0
473	0.0	2493.4540800000004	1838.96352	99.986688	80.32176	0.0	1.0
474	0.0	1878.17856	1933.0596	132.49497599999998	69.09624	0.0	1.0
474	0.0	2243.41248	120.81139199999996	109.738752	77.502096	0.0	1.0
474	0.0	1171.43808	1704.08664	70.03084799999999	97.641288	0.0	1.0
474	0.0	2333.36064	1810.94832	93.952896	75.883608	0.0	1.0
474	0.0	1380.9830399999998	1920.58776	101.601408	139.800384	0.0	1.0
474	0.0	1045.98912	702.49464	64.725888	105.64754399999998	0.0	1.0
474	0.0	1017.30816	623.15568	104.15155200000001	169.884432	0.0	1.0
474	0.0	681.1583999999998	1779.69744	80.19648000000001	69.021936	0.0	1.0
474	0.0	855.07968	1708.95096	117.81081600000002	110.604528	0.0	1.0
474	0.0	1913.72544	2036.3184	124.695552	69.5412	0.0	1.0
474	0.0	898.92864	1254.14352	84.69888	103.230072	0.0	1.0
474	0.0	1106.8761599999998	1303.50384	44.99136	97.46784	0.0	1.0
474	0.0	2904.02688	987.96024	68.69952	147.67747200000002	0.0	1.0
474	0.0	2496.9408	1831.84848	103.908864	81.370656	0.0	1.0
475	0.0	1886.35008	1931.41584	133.67808000000002	67.338216	0.0	1.0
475	0.0	1361.99424	1940.31288	48.32448	125.532072	0.0	1.0
475	0.0	1728.00384	2077.50744	72.39552	101.93256	0.0	1.0
475	0.0	901.58592	1258.36416	81.727104	100.64563200000002	0.0	1.0
475	0.0	2470.11072	1783.05192	79.75103999999999	111.256416	0.0	1.0
475	0.0	1704.41472	1954.52568	129.64992	61.947504	0.0	1.0
475	0.0	1016.832	623.55744	103.106304	170.479944	0.0	1.0
475	0.0	1754.08512	2014.1676	106.505088	55.180008	0.0	1.0
475	1.0	1196.27904	1767.10032	80.287488	89.349696	0.0	1.0
475	0.0	1924.79232	2035.43496	116.726784	70.124184	0.0	1.0
475	0.0	1039.6416	705.7346399999999	68.880384	96.520032	0.0	1.0
475	0.0	681.7843200000002	1779.63048	81.11769600000001	69.102504	0.0	1.0
475	0.0	858.01728	1708.73712	124.26009600000002	111.804192	0.0	1.0
475	0.0	1174.31424	1705.66128	63.813504	90.38736	0.0	1.0
475	0.0	2502.2784	1706.45616	78.792576	73.110816	0.0	1.0
475	0.0	1109.38752	1312.092	41.413248	101.573352	0.0	1.0
475	0.0	2220.26112	115.22735999999986	125.750784	75.561984	0.0	1.0
475	0.0	2870.63808	1313.32104	48.490752	92.340432	0.0	1.0
475	0.0	2500.1241600000003	1825.90632	109.53792	84.216888	0.0	1.0
475	0.0	2902.51008	975.7368	68.46297600000001	150.21482400000002	0.0	1.0
476	0.0	1730.688	2075.88096	69.79968	110.266272	0.0	1.0
476	0.0	1016.74368	621.57024	102.782208	165.81261600000002	0.0	1.0
476	0.0	1178.06976	1715.4828	65.157888	99.38311200000001	0.0	1.0
476	1.0	1196.57088	1773.8892	87.212544	89.77629599999999	0.0	1.0
476	0.0	1927.78368	2032.15608	125.16211199999998	65.305224	0.0	1.0
476	0.0	1759.51104	2012.9148	107.75731200000001	57.976344000000005	0.0	1.0
476	0.0	859.64544	1708.22304	127.651968	111.902256	0.0	1.0
476	0.0	2512.9536	1695.6172800000002	79.05331199999999	67.64796	0.0	1.0
476	0.0	1895.42784	1928.77848	132.317184	65.071296	0.0	1.0
476	0.0	1037.80224	713.2212	66.82252799999999	102.616416	0.0	1.0
476	0.0	681.93408	1780.2050400000003	80.470272	67.939344	0.0	1.0
476	0.0	2212.05888	103.92645599999992	125.570688	79.343928	0.0	1.0
476	0.0	1711.23072	1954.84104	127.54905599999998	61.158024	0.0	1.0
476	0.0	2872.44672	1304.33976	48.5472	87.07392	0.0	1.0
476	0.0	1113.6614399999999	1320.06456	44.2368	95.447808	0.0	1.0
476	0.0	2899.11936	963.98208	70.78847999999999	154.210176	0.0	1.0
476	0.0	2508.05376	1819.41768	115.648128	86.552064	0.0	1.0
477	0.0	1016.77824	627.75432	103.516416	177.937776	0.0	1.0
477	0.0	1767.16416	2015.09208	109.271808	60.577416	0.0	1.0
477	0.0	908.94336	1283.5908	69.868032	124.55402400000001	0.0	1.0
477	0.0	2520.6336	1691.7508799999998	80.699136	79.90790399999999	0.0	1.0
477	0.0	1934.5728	2030.62248	124.67942399999998	68.383872	0.0	1.0
477	0.0	681.47712	1779.3561599999998	80.155008	69.184584	0.0	1.0
477	0.0	1113.6652800000002	1335.82392	42.893952	96.548544	0.0	1.0
477	0.0	2204.22912	103.85215200000005	127.52486399999998	70.247952	0.0	1.0
477	0.0	859.296	1708.60752	126.086784	111.88476	0.0	1.0
477	0.0	1193.43744	1729.25496	84.95808	114.388848	0.0	1.0
477	0.0	2874.97344	1295.42544	49.511424	99.76197599999999	0.0	1.0
477	0.0	935.24352	1461.25512	68.72716799999999	90.24048	0.0	1.0
477	0.0	2535.2332800000004	1808.3174400000003	78.182016	79.169616	0.0	1.0
477	0.0	2899.64544	953.19504	71.61331200000001	147.948552	0.0	1.0
478	1.0	1208.1638400000002	1783.65456	79.68383999999999	83.830032	0.0	1.0
478	0.0	1618.944	104.86411199999998	136.98048	73.73808	0.0	1.0
478	0.0	2174.66496	96.33124800000007	87.581952	68.27587199999999	0.0	1.0
478	0.0	681.2044799999999	1779.4728	79.46457600000001	67.953384	0.0	1.0
478	0.0	2381.88672	1780.5744	73.081728	64.432584	0.0	1.0
478	0.0	1190.97216	1739.53656	71.195904	125.80812	0.0	1.0
478	0.0	1016.20608	625.2487199999998	102.060672	174.17289599999998	0.0	1.0
478	0.0	2540.94336	1801.79424	75.5712	79.02792000000001	0.0	1.0
478	0.0	1117.47456	1341.65376	43.78944	94.974768	0.0	1.0
478	0.0	860.34816	1708.22952	128.71296	112.149576	0.0	1.0
478	0.0	906.99264	1291.4856000000002	74.93568	119.735496	0.0	1.0
478	0.0	937.57824	1467.4392	74.448	100.788624	0.0	1.0
478	0.0	1939.392	2029.23792	125.522304	67.715784	0.0	1.0
478	0.0	2897.35296	940.80312	72.647424	146.92600800000002	0.0	1.0
479	13.0	1741.8931200000002	1146.0312	236.078592	51.650568	0.0	1.0
479	0.0	1193.3760000000002	1732.72392	63.570816	98.95824	0.0	1.0
479	0.0	1745.87904	1957.2516	116.135808	59.39459999999999	0.0	1.0
479	0.0	2391.49824	1772.37072	78.275328	63.786528	0.0	1.0
479	0.0	1016.15616	628.70256	102.84672000000002	180.867816	0.0	1.0
479	0.0	936.5376	1472.7614400000002	70.88064	111.173256	0.0	1.0
479	0.0	860.5977600000001	1707.93144	128.869632	112.081752	0.0	1.0
479	0.0	681.3772799999999	1779.5268	79.425408	69.285672	0.0	1.0
479	0.0	903.99744	1294.36704	79.038336	114.67245600000001	0.0	1.0
479	0.0	1117.96224	1355.5728	42.26112	97.636536	0.0	1.0
479	0.0	1944.28416	2030.26392	123.29587200000002	73.399608	0.0	1.0
479	0.0	2540.92416	1794.6144000000002	99.032448	84.262896	0.0	1.0
479	0.0	2894.37696	929.58624	72.92736000000001	151.368264	0.0	1.0
480	0.0	2154.2016	96.96650399999999	116.274048	67.429152	0.0	1.0
480	0.0	1032.3916799999997	732.8253599999999	55.681152	85.99845599999999	0.0	1.0
480	0.0	1014.00576	749.5696800000001	48.02764799999999	110.650968	0.0	1.0
480	0.0	1746.43584	1958.60376	129.741312	65.305224	0.0	1.0
480	0.0	1953.64992	2027.51856	112.732032	72.782496	0.0	1.0
480	0.0	943.70304	1480.8312	77.341056	113.36975999999999	0.0	1.0
480	0.0	907.63008	1303.344	72.87743999999999	114.34132800000002	0.0	1.0
480	0.0	2883.83616	1252.37448	53.444736	101.573352	0.0	1.0
480	0.0	1016.19072	627.33096	103.2672	176.729472	0.0	1.0
480	0.0	2398.68672	1772.3037600000002	81.60000000000001	76.75452	0.0	1.0
480	0.0	860.02944	1708.35048	127.694208	112.850928	0.0	1.0
480	0.0	681.3119999999999	1779.40152	79.923456	68.482152	0.0	1.0
480	0.0	1122.5164799999998	1411.3418399999998	47.965824	190.855872	0.0	1.0
480	0.0	1752.08448	1806.16392	70.758528	152.013456	0.0	1.0
480	0.0	2546.0544	1787.1883199999997	103.222272	85.27593599999999	0.0	1.0
480	0.0	2894.2656	921.43224	79.281792	150.982056	0.0	1.0
481	3.0	2146.15296	125.11044000000004	132.825984	135.64692	0.0	1.0
481	0.0	2404.70784	1764.1476	78.285312	76.061376	0.0	1.0
481	3.0	1797.13152	2013.86304	110.32704	62.436744000000004	0.0	1.0
481	3.0	1752.49152	1959.19992	129.197184	63.787392000000004	0.0	1.0
481	0.0	681.10464	1778.9544	79.646976	70.112952	0.0	1.0
481	13.0	1741.68576	1145.7136799999998	235.61203199999997	52.08624	0.0	1.0
481	0.0	946.7712	1494.47592	71.964288	86.076864	0.0	1.0
481	13.0	2048.62464	1106.06904	236.297088	46.089216	0.0	1.0
481	0.0	1125.38112	1377.48816	44.2368	99.0306	0.0	1.0
481	0.0	1016.02176	629.4974400000001	103.112448	181.590984	0.0	1.0
481	0.0	2884.4928	1245.7152	51.30048	85.721976	0.0	1.0
481	0.0	1197.54624	1738.80432	58.187136	87.893208	0.0	1.0
481	0.0	860.35584	1708.30296	128.049792	113.423544	0.0	1.0
481	0.0	1960.7424	2024.49024	109.78406400000001	72.238392	0.0	1.0
481	0.0	905.27616	1309.3056	77.280384	113.575608	0.0	1.0
481	3.0	1935.2256	1924.28136	132.361728	73.376928	0.0	1.0
481	0.0	2551.86048	1781.78832	105.791616	84.642408	0.0	1.0
481	3.0	1429.7664000000002	1930.76568	104.06668799999998	113.73696	0.0	1.0
481	0.0	1751.0707200000002	1806.9566400000003	73.75488	156.44448000000003	0.0	1.0
481	0.0	2891.53536	913.46832	79.737216	153.842328	0.0	1.0
482	0.0	2135.28576	81.56246400000009	76.02816	69.662592	0.0	1.0
482	0.0	1016.24064	629.2512000000002	103.694208	181.089864	0.0	1.0
482	13.0	1742.19648	1146.19968	236.306304	51.77736000000001	0.0	1.0
482	0.0	2567.97696	1649.5272	70.63680000000001	56.603448	0.0	1.0
482	0.0	907.56096	1311.60816	74.39155199999999	108.1998	0.0	1.0
482	0.0	681.42336	1780.2396	79.958016	68.870736	0.0	1.0
482	1.0	2130.61248	125.16444000000001	134.827776	99.573192	0.0	1.0
482	0.0	859.5571199999999	1708.75872	127.47072	113.353992	0.0	1.0
482	0.0	2581.12128	1770.6578400000003	66.41587200000001	80.43299999999999	0.0	1.0
482	3.0	1438.43712	1933.24752	107.692416	114.088176	0.0	1.0
482	0.0	948.08832	1500.6708	70.282368	84.50179200000001	0.0	1.0
482	0.0	1942.33344	1923.3525600000003	128.821248	74.759112	0.0	1.0
482	0.0	1205.4336	1749.82896	60.083712000000006	98.67636	0.0	1.0
482	0.0	1127.10144	1386.82368	45.0432	100.92146399999999	0.0	1.0
482	0.0	1746.15168	1811.29392	78.626304	163.083672	0.0	1.0
482	0.0	2889.12	900.70272	75.4752	149.318856	0.0	1.0
483	0.0	680.90112	1780.78824	79.561728	67.958568	0.0	1.0
483	0.0	1022.51904	764.3894399999999	55.189631999999996	100.6938	0.0	1.0
483	13.0	2048.5632	1105.88328	236.437248	46.520784000000006	0.0	1.0
483	0.0	906.73152	1321.61112	80.47488	109.50832799999999	0.0	1.0
483	0.0	1766.67264	1959.05952	126.63129600000002	58.240728000000004	0.0	1.0
483	0.0	1955.68896	1921.84488	134.16000000000005	70.87284	0.0	1.0
483	0.0	1011.53664	764.37864	65.42016	104.288904	0.0	1.0
483	3.0	1974.56256	2021.42952	118.596096	73.252512	0.0	1.0
483	0.0	2430.5664	1742.77224	79.375488	68.468328	0.0	1.0
483	0.0	859.0771199999999	1708.87968	126.389376	112.375512	0.0	1.0
483	0.0	953.6716799999999	1505.34072	70.36800000000001	86.17752	0.0	1.0
483	0.0	1746.13632	1814.78448	76.324608	167.68728	0.0	1.0
483	0.0	1214.0928	1756.09944	67.737984	97.086816	0.0	1.0
483	0.0	1130.69568	1395.16128	45.96863999999999	98.90488800000001	0.0	1.0
483	0.0	2585.66784	1764.02448	76.014336	87.013224	0.0	1.0
483	0.0	2884.99584	889.98696	74.711808	151.735032	0.0	1.0
484	3.0	1236.0230399999998	1825.32312	90.227328	91.327608	0.0	1.0
484	0.0	1015.26528	630.41544	103.25184	185.07117599999998	0.0	1.0
484	0.0	2586.38592	1626.49944	69.853824	68.814792	0.0	1.0
484	0.0	1018.58304	770.76576	57.326592000000005	96.79327199999999	0.0	1.0
484	0.0	1451.24736	1947.726	102.73343999999999	110.249208	0.0	1.0
484	0.0	1818.73152	2014.9797599999997	110.065536	68.93121599999999	0.0	1.0
484	0.0	1961.52192	2017.53288	71.862144	73.92060000000001	0.0	1.0
484	0.0	2435.8694400000004	1737.396	82.46476799999999	74.1906	0.0	1.0
484	0.0	2099.91936	78.903504	99.36153600000002	63.31608	0.0	1.0
484	0.0	907.7798399999999	1334.07864	81.30432	121.046184	0.0	1.0
484	0.0	1224.6527999999998	1764.2944799999998	78.935808	101.330568	0.0	1.0
484	0.0	1780.28928	1960.77456	135.932928	63.32083200000001	0.0	1.0
484	0.0	1131.08736	1405.17288	44.087424	97.652304	0.0	1.0
484	0.0	954.61632	1504.02528	70.475904	94.024584	0.0	1.0
484	0.0	2890.21056	1205.64936	51.043583999999996	105.079032	0.0	1.0
484	0.0	1960.74624	1921.99824	131.087232	72.562608	0.0	1.0
484	0.0	859.4073600000002	1709.0244	127.152384	113.469768	0.0	1.0
484	0.0	2885.99424	876.9794400000001	74.42073599999999	145.476864	0.0	1.0
484	0.0	2587.5648	1759.22496	87.95519999999999	86.96548800000001	0.0	1.0
484	0.0	1746.25152	1816.3332	76.35494399999999	173.71259999999998	0.0	1.0
485	0.0	1967.2128	2019.114	76.67136	74.626488	0.0	1.0
485	0.0	1981.60512	2019.21552	100.23936	71.497944	0.0	1.0
485	0.0	1006.4064	781.8357599999999	68.577408	104.80233600000001	0.0	1.0
485	0.0	681.68832	1779.39504	80.56857600000001	68.58108	0.0	1.0
485	0.0	1015.38048	628.3915200000001	104.01830400000001	180.72828	0.0	1.0
485	0.0	2447.74656	1732.72824	81.024	78.539112	0.0	1.0
485	0.0	1223.85024	1773.3168	68.52864	104.95353600000001	0.0	1.0
485	0.0	1136.07552	1417.03344	44.009472	96.901272	0.0	1.0
485	0.0	1971.55968	1919.66544	130.372224	72.70819200000001	0.0	1.0
485	0.0	859.56864	1708.6896	126.709248	112.77532800000002	0.0	1.0
485	0.0	2592.672	1619.36064	71.247744	77.072688	0.0	1.0
485	0.0	2889.3504	1195.84512	52.67904	88.197768	0.0	1.0
485	0.0	957.67296	1513.80576	76.90752	102.611664	0.0	1.0
485	0.0	1789.5897599999998	1958.66856	133.21344	64.62828	0.0	1.0
485	0.0	909.55392	1344.25656	82.509312	121.272552	0.0	1.0
485	0.0	2590.0416	1751.9371199999998	96.266112	89.18251199999999	0.0	1.0
485	0.0	2880.69888	866.29608	74.68070399999999	146.956896	0.0	1.0
485	0.0	1745.08416	1823.92992	76.395264	187.51284	0.0	1.0
486	0.0	1139.6736	1473.2388	48.728448	186.530688	0.0	1.0
486	0.0	681.6844799999999	1780.1985599999998	80.32089599999999	68.87916	0.0	1.0
486	0.0	2093.46432	75.46435199999996	71.393664	61.02021599999999	0.0	1.0
486	0.0	1468.27392	1959.93648	104.343936	109.602936	0.0	1.0
486	0.0	1015.74528	626.46264	104.567424	176.36508	0.0	1.0
486	0.0	1794.04032	1962.22392	130.257408	69.417864	0.0	1.0
486	0.0	960.42624	1522.314	76.768512	105.01315200000002	0.0	1.0
486	0.0	2450.00448	1730.6265600000002	94.04966400000002	88.05477599999999	0.0	1.0
486	0.0	1977.18912	1916.45136	131.201664	69.353712	0.0	1.0
486	0.0	2000.3712	2018.30184	109.97913599999998	75.074688	0.0	1.0
486	0.0	859.85664	1708.50816	127.742208	113.06325599999998	0.0	1.0
486	0.0	1228.4544	1778.26104	65.62329600000001	97.993584	0.0	1.0
486	0.0	1002.9388800000002	787.6483199999999	64.460544	105.015312	0.0	1.0
486	0.0	911.2588799999999	1348.93512	83.283072	118.479024	0.0	1.0
486	0.0	2590.97856	1753.59168	109.869312	110.63736	0.0	1.0
486	0.0	1745.93664	1826.28432	72.50188800000001	191.39133600000002	0.0	1.0
486	0.0	2878.23744	857.21112	78.41894400000001	149.508288	0.0	1.0
487	0.0	2895.16032	1183.15296	46.568064	71.700336	0.0	1.0
487	0.0	1015.7644800000002	626.3200800000001	104.129664	176.688432	0.0	1.0
487	0.0	1800.89472	1960.60392	127.703808	68.930136	0.0	1.0
487	0.0	1233.53472	1785.7821599999997	64.520448	94.42310399999998	0.0	1.0
487	0.0	2073.94944	73.81648800000005	132.45695999999998	58.65674400000001	0.0	1.0
487	0.0	963.552	1527.39432	77.638272	117.128592	0.0	1.0
487	0.0	859.8297600000001	1709.1216	127.58976	112.168152	0.0	1.0
487	0.0	2602.99392	1736.91648	103.36972799999998	88.93432800000001	0.0	1.0
487	0.0	2875.7952	848.87136	74.80665599999999	147.13358399999998	0.0	1.0
487	0.0	914.4921600000001	1352.82744	78.100224	113.338656	0.0	1.0
487	0.0	1001.49888	799.73784	67.993344	115.0038	0.0	1.0
488	0.0	2627.5008	1725.36048	68.81817600000001	76.032648	0.0	1.0
488	0.0	2875.38432	838.73664	75.036672	147.02320799999998	0.0	1.0
488	0.0	859.94496	1708.16904	129.563136	112.491936	0.0	1.0
488	0.0	1853.0496	2014.04664	102.15513600000001	66.928032	0.0	1.0
488	0.0	2621.7984	1588.20264	71.78688	74.157984	0.0	1.0
488	0.0	982.03776	810.04536	36.4614144	90.98330400000002	0.0	1.0
488	0.0	1016.5555200000001	627.26616	103.273728	179.60421599999998	0.0	1.0
488	0.0	1000.22784	803.4292800000001	65.68896	102.287448	0.0	1.0
488	0.0	1236.51072	1788.48648	62.740992000000006	99.40730400000001	0.0	1.0
488	0.0	2901.80352	1166.41944	55.249536000000006	81.565488	0.0	1.0
488	0.0	2062.08768	70.10452799999996	66.94118399999999	64.79136	0.0	1.0
488	3.0	1480.66176	1965.2414399999998	110.486016	110.337552	0.0	1.0
488	0.0	2014.55616	2012.64912	105.48940799999998	70.297848	0.0	1.0
488	0.0	966.01728	1539.47304	70.614912	97.89703200000001	0.0	1.0
488	0.0	1145.4528	1446.5304	45.792	96.13555199999999	0.0	1.0
488	0.0	919.78368	1356.42816	75.40185600000001	108.841968	0.0	1.0
489	0.0	2039.1936	70.04988000000003	96.475392	60.80054400000001	0.0	1.0
489	0.0	2627.49312	1583.67744	72.54335999999999	82.571832	0.0	1.0
489	0.0	2898.18624	1156.3884	46.535808	70.750152	0.0	1.0
489	0.0	1756.63872	1788.24456	45.769728	109.349568	0.0	1.0
489	0.0	680.6092800000001	1778.97168	78.950784	70.271064	0.0	1.0
489	0.0	2050.70208	68.23656000000005	65.41632	61.991784	0.0	1.0
489	3.0	1488.61824	1967.0364	113.69395199999998	106.17048	0.0	1.0
489	0.0	994.82496	808.9135200000001	67.89734399999999	102.982104	0.0	1.0
489	3.0	1261.58208	1844.8452000000002	98.14003199999999	82.707912	0.0	1.0
489	0.0	1016.49408	625.93776	103.50374399999998	175.97736	0.0	1.0
489	0.0	2630.00832	1716.83496	81.171456	89.48448	0.0	1.0
489	3.0	2019.40992	2010.21912	109.602432	70.984944	0.0	1.0
489	3.0	2002.64064	1914.92856	128.47910399999998	64.582488	0.0	1.0
489	0.0	969.2582400000001	1546.56432	69.533568	86.200848	0.0	1.0
489	0.0	1241.856	1790.74368	58.850304	96.20294400000002	0.0	1.0
489	0.0	924.97536	1368.94752	68.960256	108.558792	0.0	1.0
489	0.0	2870.8147200000003	825.32088	72.267264	145.623312	0.0	1.0
490	13.0	1742.21952	1145.9879999999998	237.049728	51.786432	0.0	1.0
490	1.0	2032.4352	106.05794400000002	135.98745599999998	89.308872	0.0	1.0
490	3.0	1865.7792	2012.30784	106.660224	66.796056	0.0	1.0
490	0.0	2041.83936	68.53787999999997	70.244736	64.747512	0.0	1.0
490	0.0	1001.6179199999999	818.4952800000001	53.81030400000001	104.552424	0.0	1.0
490	0.0	1016.67072	626.1991200000001	103.65888	176.79600000000002	0.0	1.0
490	0.0	2631.24096	1576.4544	74.70451200000001	97.347744	0.0	1.0
490	0.0	2860.61568	797.14368	60.804863999999995	111.87115200000001	0.0	1.0
490	0.0	988.0895999999999	819.14544	65.15328	106.17804	0.0	1.0
490	3.0	2027.1820800000005	2010.72672	106.77887999999999	77.066424	0.0	1.0
490	0.0	1246.17984	1792.2816	58.601088	91.96804800000001	0.0	1.0
490	3.0	2010.42048	1914.26544	130.105344	67.464792	0.0	1.0
490	3.0	1288.06272	1849.88232	56.68377600000001	80.106408	0.0	1.0
490	0.0	2862.39744	815.0198399999999	66.53990399999999	146.579544	0.0	1.0
490	0.0	973.54368	1547.10216	65.47545600000001	81.101736	0.0	1.0
490	0.0	1484.19456	177.25067999999987	148.932096	95.782392	0.0	1.0
490	0.0	2896.52736	1140.41952	51.055488	77.546592	0.0	1.0
490	0.0	2635.39584	1711.07208	78.398592	83.62612800000001	0.0	1.0
490	3.0	1495.84896	1973.25288	113.79072	106.225344	0.0	1.0
490	0.0	929.50272	1383.41952	62.96217599999999	122.105664	0.0	1.0
491	0.0	1016.5708799999999	626.2488000000001	103.855872	177.65848800000003	0.0	1.0
491	0.0	1843.79136	1954.06128	117.023616	61.636248	0.0	1.0
491	0.0	1471.46496	185.66150400000004	143.0976	100.493136	0.0	1.0
491	0.0	1872.81408	2011.00752	94.486656	69.067728	0.0	1.0
491	3.0	1285.55136	1851.6491999999998	71.46009600000001	87.60204	0.0	1.0
491	0.0	2502.36288	1682.58816	83.71584	85.99953599999998	0.0	1.0
491	0.0	1253.03808	1798.28424	60.86976000000001	86.38617599999998	0.0	1.0
491	3.0	1503.1104	1978.41312	113.52153599999998	101.433816	0.0	1.0
491	0.0	2899.6032	1130.97168	49.741824	77.94576	0.0	1.0
491	0.0	975.79392	1555.93872	67.98681599999999	84.992328	0.0	1.0
491	0.0	1158.9696	1481.8593600000002	49.925376	86.24123999999999	0.0	1.0
491	0.0	990.4511999999999	824.3769599999999	68.732928	99.055656	0.0	1.0
491	0.0	927.8976	1387.5062400000002	70.245888	117.754128	0.0	1.0
491	0.0	2865.6192	803.97576	78.582144	146.920176	0.0	1.0
492	3.0	1293.91104	1857.44448	64.816128	79.919784	0.0	1.0
492	3.0	1848.02304	1954.28376	131.507712	64.051776	0.0	1.0
492	0.0	2028.54144	1911.79224	131.918208	72.51552	0.0	1.0
492	0.0	1016.4672000000002	625.9572000000001	103.613952	177.02755199999996	0.0	1.0
492	0.0	2010.17856	64.293048	80.00908799999999	58.370112000000006	0.0	1.0
492	3.0	1512.39168	1981.87128	115.35513599999999	96.56064	0.0	1.0
492	3.0	2043.85536	2007.018	106.238976	76.98348	0.0	1.0
492	0.0	2517.10848	1670.814	72.82751999999999	74.596464	0.0	1.0
492	0.0	977.2492800000001	1554.59088	69.758208	98.2422	0.0	1.0
492	0.0	2901.2736	1120.6836	52.551168	76.79253600000001	0.0	1.0
492	0.0	2656.96128	1691.8416	71.256192	77.73624	0.0	1.0
492	0.0	860.64768	1708.34832	129.634176	112.71528000000002	0.0	1.0
492	0.0	2022.72768	66.02774399999987	71.828736	60.766632	0.0	1.0
492	0.0	1258.464	1804.64328	66.09984	91.307304	0.0	1.0
492	0.0	987.9552	832.09032	68.789376	107.501688	0.0	1.0
492	0.0	1162.0454400000003	1488.91608	48.137471999999995	89.02007999999998	0.0	1.0
492	0.0	924.81408	1393.31448	81.56736	121.37688	0.0	1.0
492	0.0	2862.48576	794.0808000000001	75.915648	145.745784	0.0	1.0
493	0.0	2001.20064	64.99872000000005	78.557952	57.78108	0.0	1.0
493	3.0	1886.62656	2014.02072	109.22303999999998	71.222112	0.0	1.0
493	0.0	2513.07264	1677.65904	92.572416	106.490376	0.0	1.0
493	0.0	859.89888	1708.06536	128.67187199999998	112.682664	0.0	1.0
493	3.0	1519.2384	1989.6948000000002	115.300992	106.230744	0.0	1.0
493	0.0	2658.77376	1684.1844	78.31488	80.69651999999999	0.0	1.0
493	0.0	681.0278400000002	1778.90256	79.102464	68.36270400000001	0.0	1.0
493	0.0	2901.22752	1109.97216	47.945472	77.45867999999999	0.0	1.0
493	3.0	1285.9008	1860.3129600000002	92.296704	89.462448	0.0	1.0
493	0.0	980.97408	1589.706	75.1104	157.510224	0.0	1.0
493	0.0	985.5936	839.63088	66.86745599999999	104.366016	0.0	1.0
493	3.0	2051.99616	2004.76944	106.86028799999998	76.345848	0.0	1.0
493	3.0	2037.34656	1908.66672	130.26048	68.047776	0.0	1.0
493	0.0	979.78368	1565.35848	72.367488	106.34068799999999	0.0	1.0
493	0.0	1263.4521599999998	1809.44496	67.991424	89.76117599999998	0.0	1.0
493	0.0	1166.25024	1495.0872	45.01286399999999	91.356552	0.0	1.0
493	0.0	2859.23712	785.862	76.486656	150.15563999999998	0.0	1.0
493	0.0	925.3708800000002	1399.60224	79.87660799999999	113.9184	0.0	1.0
494	0.0	1861.11744	1948.56408	120.936192	63.999072000000005	0.0	1.0
494	0.0	1174.9632	1586.71008	48.175487999999994	119.645424	0.0	1.0
494	3.0	2043.98592	1906.0704	128.51980799999998	61.817904	0.0	1.0
494	0.0	2523.648	1670.18976	85.90924799999999	104.62672800000001	0.0	1.0
494	0.0	2518.8096	1688.72472	95.06764799999999	144.772704	0.0	1.0
494	0.0	859.37664	1707.85584	127.79289599999998	112.546152	0.0	1.0
494	0.0	981.5155200000002	846.7632	66.544896	102.01291200000001	0.0	1.0
494	0.0	1431.71328	211.10436000000016	131.798784	106.2126	0.0	1.0
494	0.0	2667.85536	1529.01648	62.301312	66.672072	0.0	1.0
494	0.0	2660.6745600000004	1674.22464	82.8192	90.108504	0.0	1.0
494	0.0	1985.32992	63.871200000000044	60.23423999999999	54.825984000000005	0.0	1.0
494	0.0	2897.17248	1099.73808	49.33593599999999	74.435328	0.0	1.0
494	0.0	986.7648	1595.8944	69.59424	130.248	0.0	1.0
494	0.0	1270.89792	1815.56424	71.475456	92.990376	0.0	1.0
494	0.0	1167.2256	1501.50888	41.55456	88.62156	0.0	1.0
494	0.0	2858.35008	772.81992	79.70419199999999	149.19768	0.0	1.0
494	0.0	925.92	1403.51616	84.76262399999999	112.523472	0.0	1.0
495	0.0	2524.2432	1687.4892	92.763648	144.767304	0.0	1.0
495	0.0	680.8550399999999	1779.30864	78.38015999999999	68.170896	0.0	1.0
495	0.0	1899.75936	2011.9363200000003	101.642496	69.281352	0.0	1.0
495	0.0	1172.2368	1511.80344	43.965696	82.01152800000001	0.0	1.0
495	0.0	1978.85184	65.15618399999994	54.51494400000001	57.024864	0.0	1.0
495	0.0	980.6976	849.5172	63.314688000000004	97.070184	0.0	1.0
495	0.0	2897.95584	1087.1323200000002	48.022656000000005	83.22868799999999	0.0	1.0
495	0.0	2674.9824	1518.6549599999998	68.28441600000001	79.130088	0.0	1.0
495	0.0	860.74368	1707.48216	130.930176	113.082264	0.0	1.0
495	0.0	2053.4784	1905.0876000000003	130.067712	66.63492	0.0	1.0
495	0.0	991.30368	1613.75112	74.105856	145.590048	0.0	1.0
495	0.0	2856.99456	763.30296	82.43520000000001	147.487392	0.0	1.0
495	0.0	2679.3408	1666.22184	69.953664	89.805888	0.0	1.0
495	0.0	933.9456	1407.79728	69.117696	106.638336	0.0	1.0
496	0.0	977.39904	866.36088	69.86342400000001	106.18106399999999	0.0	1.0
496	0.0	1543.8912	2001.60288	115.68844800000001	101.92219199999998	0.0	1.0
496	0.0	1907.6928	2012.58	103.86931199999998	63.352368	0.0	1.0
496	0.0	1183.39968	1572.13008	59.071104	185.143752	0.0	1.0
496	1.0	1958.11968	100.68019200000003	136.446336	95.655384	0.0	1.0
496	0.0	859.9142400000001	1707.74784	128.557056	114.32664	0.0	1.0
496	0.0	2682.01344	1507.01904	72.277632	80.948808	0.0	1.0
496	0.0	993.71136	1611.54576	71.542656	149.464872	0.0	1.0
496	0.0	2901.32352	1078.2936	45.408767999999995	94.010976	0.0	1.0
496	0.0	2674.1184000000003	1658.60784	95.205504	94.39524	0.0	1.0
496	0.0	2852.0755200000003	750.54384	77.442048	149.846328	0.0	1.0
497	1.0	1944.13824	99.760896	140.631552	98.795376	0.0	1.0
497	1.0	2071.87584	1901.40696	132.42163200000002	66.662784	0.0	1.0
497	0.0	1551.36384	2009.84328	111.90489599999998	100.07928	0.0	1.0
497	0.0	2683.6032	1497.26016	77.088768	84.99492000000001	0.0	1.0
497	0.0	975.5136	869.8104	67.285632	97.739136	0.0	1.0
497	0.0	2900.35968	1063.73304	42.909312	83.46564000000001	0.0	1.0
497	0.0	859.1193600000001	1708.42176	126.02688000000002	112.143744	0.0	1.0
497	0.0	996.5836799999998	1609.90416	72.68044800000001	112.83537600000001	0.0	1.0
497	0.0	1914.03264	2011.43304	103.133952	63.952848	0.0	1.0
497	0.0	2850.09024	740.32056	79.606272	144.723672	0.0	1.0
497	0.0	2681.18784	1653.27696	96.88550399999998	100.431576	0.0	1.0
498	0.0	1395.98208	243.69984	129.98015999999998	106.71911999999999	0.0	1.0
498	0.0	2074.41408	1995.31296	76.51392	77.189544	0.0	1.0
498	0.0	2901.66528	1049.39064	40.4256	71.331408	0.0	1.0
498	0.0	937.77024	1447.83504	81.142656	90.770328	0.0	1.0
498	0.0	2570.112	1616.83776	63.98592	73.63116000000001	0.0	1.0
498	0.0	859.5648000000001	1708.45632	127.85087999999999	112.662576	0.0	1.0
498	0.0	1191.77472	1567.19232	60.44928	130.19205599999998	0.0	1.0
498	3.0	1561.1097599999998	2010.14568	118.38719999999999	96.962184	0.0	1.0
498	1.0	1932.11136	102.78230399999995	139.36896	93.863448	0.0	1.0
498	0.0	1922.08896	2011.81752	99.424896	62.260272	0.0	1.0
498	0.0	972.66816	879.0012	69.533568	103.289688	0.0	1.0
498	1.0	2080.94592	1901.35944	127.49030399999997	66.83925599999999	0.0	1.0
498	0.0	998.2617599999999	1618.60248	72.757248	142.86477599999998	0.0	1.0
498	0.0	2683.3728	1641.89592	98.61542399999999	93.953952	0.0	1.0
498	0.0	2844.41856	731.1103199999999	76.73664000000001	148.12696799999998	0.0	1.0
499	3.0	1323.27936	1896.88824	87.38304	75.9726	0.0	1.0
499	0.0	970.37952	887.4489599999999	62.67724799999999	106.377408	0.0	1.0
499	0.0	939.04512	1454.0558400000002	82.468608	89.98236	0.0	1.0
499	3.0	1314.07488	1890.01296	104.196096	85.337064	0.0	1.0
499	0.0	1916.09856	1948.87296	111.345408	76.005648	0.0	1.0
499	0.0	858.9811199999999	1708.54488	126.350592	111.92148	0.0	1.0
499	1.0	2092.36608	1896.8450399999997	125.134848	65.747592	0.0	1.0
499	0.0	1928.41728	67.35938399999998	57.714816	56.519423999999994	0.0	1.0
499	0.0	1379.70432	253.62504	136.21977600000002	117.384768	0.0	1.0
499	0.0	997.27872	1605.89736	68.564736	102.041424	0.0	1.0
499	1.0	1920.74496	104.57488799999999	139.83705600000002	90.43164	0.0	1.0
499	0.0	1927.79136	2010.20832	105.15763200000002	65.743704	0.0	1.0
499	0.0	2842.36416	719.98632	86.060928	144.91634399999998	0.0	1.0
499	3.0	1568.76288	2014.16544	121.10016	103.963608	0.0	1.0
499	0.0	2695.64544	1631.86272	100.454784	101.2446	0.0	1.0
500	0.0	2902.43328	1025.07768	35.4816768	76.766616	0.0	1.0
500	0.0	1365.76128	263.65391999999986	117.57696	113.862888	0.0	1.0
500	0.0	1204.81152	1572.62688	62.793984	113.224824	0.0	1.0
500	1.0	2100.07296	1895.4604800000002	127.027968	63.2286	0.0	1.0
500	0.0	967.11936	895.62024	64.369536	103.21581600000002	0.0	1.0
500	3.0	1320.41088	1874.23848	107.553024	122.515848	0.0	1.0
500	0.0	2093.16096	1991.0448	114.37056	84.044736	0.0	1.0
500	0.0	2706.0096000000003	1626.0069600000002	87.89952000000001	103.11408	0.0	1.0
500	0.0	2584.70784	1595.592	67.834752	84.014928	0.0	1.0
500	3.0	1576.40832	2013.0249600000002	119.384064	99.223272	0.0	1.0
500	0.0	1000.12416	1612.50264	74.781312	111.42252	0.0	1.0
500	0.0	2839.15008	710.75448	82.291968	144.63036	0.0	1.0
500	0.0	943.43424	1451.23056	82.79769599999999	102.14056799999999	0.0	1.0
501	0.0	964.40832	901.1952	68.918016	98.77442399999998	0.0	1.0
501	0.0	1210.41792	1584.88488	63.215616	120.20723999999998	0.0	1.0
501	0.0	1759.8336	1784.52504	47.73619200000001	60.8796	0.0	1.0
501	3.0	2105.65632	1892.15784	126.343296	68.26896	0.0	1.0
501	0.0	1897.97376	68.74372799999992	131.504256	54.51948	0.0	1.0
501	0.0	2895.74784	1012.44384	42.742656	75.12371999999999	0.0	1.0
501	0.0	1933.94688	1945.71504	102.04032	73.039968	0.0	1.0
501	3.0	1326.43968	1878.23232	108.52992	135.69876000000002	0.0	1.0
501	0.0	2713.54368	1615.33872	94.7616	106.592976	0.0	1.0
501	0.0	2588.6630400000004	1587.87	68.138496	77.184792	0.0	1.0
501	0.0	1941.58848	2010.12624	100.82534400000002	61.735824	0.0	1.0
501	0.0	944.67456	1453.45752	85.21343999999999	106.029	0.0	1.0
501	3.0	1585.1136	2025.3456	121.807872	100.328328	0.0	1.0
501	0.0	2838.9350400000003	697.8700799999999	86.74598399999999	147.1662	0.0	1.0
502	0.0	1894.11072	71.04304799999989	43.060608	58.32	0.0	1.0
502	3.0	2113.4092800000003	1892.33928	135.878016	69.618096	0.0	1.0
502	0.0	1350.73536	278.2879200000001	113.904384	110.535624	0.0	1.0
502	0.0	2715.70944	1607.18256	96.677376	110.6784	0.0	1.0
502	0.0	1010.89536	1629.97488	69.29318400000001	81.982152	0.0	1.0
502	3.0	1331.20896	1878.27984	110.361984	128.37744	0.0	1.0
502	0.0	1758.97728	1788.5232	49.472640000000006	69.230808	0.0	1.0
502	0.0	1945.02912	2009.58192	104.984064	68.384088	0.0	1.0
502	0.0	1935.8592	1942.63704	114.962304	75.446424	0.0	1.0
502	0.0	952.6656	1456.31952	75.302016	106.62321600000001	0.0	1.0
502	0.0	1215.62112	1585.3946400000002	62.16192	88.33233600000001	0.0	1.0
502	0.0	2592.75264	1585.04256	78.11289599999999	96.124536	0.0	1.0
502	0.0	2830.68288	690.5844000000001	79.099776	145.787472	0.0	1.0
502	3.0	1590.88896	2025.1728	119.229696	99.10879200000001	0.0	1.0
503	0.0	1220.73984	1600.08264	66.306048	117.184536	0.0	1.0
503	0.0	953.9788800000001	904.09608	52.07385600000001	70.92036	0.0	1.0
503	0.0	2121.216	1987.1784	109.851648	73.373688	0.0	1.0
503	0.0	1878.44352	71.15061600000001	59.34528	56.767176000000006	0.0	1.0
503	3.0	1336.6272	1883.92392	107.613696	131.511168	0.0	1.0
503	0.0	2828.92416	679.1169600000001	78.96537599999999	143.592696	0.0	1.0
503	0.0	1020.79872	1658.48256	74.363904	127.138896	0.0	1.0
503	3.0	2120.74368	1889.19216	132.91737600000002	74.261448	0.0	1.0
503	3.0	1326.50112	1869.20136	88.57843199999999	99.518112	0.0	1.0
503	0.0	1344.94464	294.2460000000001	124.52352	129.312504	0.0	1.0
503	1.0	1870.69824	108.69962399999997	139.043712	94.29804	0.0	1.0
503	0.0	1760.77824	1791.22104	44.36352	76.13265600000001	0.0	1.0
503	0.0	2893.94688	997.09704	45.25363200000001	101.22408000000001	0.0	1.0
503	0.0	1948.26624	1943.2656	107.747328	77.58331199999999	0.0	1.0
503	0.0	954.11328	1471.45248	78.1248	116.11468800000002	0.0	1.0
503	3.0	1600.0320000000002	2032.11072	117.213312	103.624056	0.0	1.0
503	0.0	2600.9856	1579.23	82.18943999999999	104.845536	0.0	1.0
504	0.0	1334.53824	297.60480000000007	121.828992	113.579928	0.0	1.0
504	3.0	1609.90464	2037.63168	120.81024	102.548376	0.0	1.0
504	0.0	2813.19936	639.9302400000001	52.72089600000001	81.00259199999999	0.0	1.0
504	0.0	2127.07584	1987.37496	111.083904	72.539064	0.0	1.0
504	0.0	2864.35584	996.33888	33.094464	120.606408	0.0	1.0
504	0.0	957.02784	916.76448	62.196096	86.026536	0.0	1.0
504	3.0	1348.6771199999998	1941.1812	108.912768	117.897984	0.0	1.0
504	0.0	2733.86496	1421.83728	63.68102400000001	93.485232	0.0	1.0
504	0.0	1958.7072	2013.0055199999997	98.431872	85.2876	0.0	1.0
504	0.0	1763.12064	1797.2604	39.007104	87.248016	0.0	1.0
504	0.0	1863.168	72.718344	63.116928	63.2988	0.0	1.0
504	0.0	1942.3872	2005.84296	58.725504	66.131856	0.0	1.0
504	0.0	1022.87232	1660.72032	78.48422400000001	122.781744	0.0	1.0
504	0.0	1328.64	1871.97912	80.187648	99.67644	0.0	1.0
504	0.0	1221.76512	1596.14928	56.125440000000005	89.56850400000002	0.0	1.0
504	0.0	2733.1392	1586.72736	89.23392	107.833464	0.0	1.0
504	3.0	1858.37184	108.85881600000005	138.988032	98.254728	0.0	1.0
504	0.0	2605.7856	1579.59936	86.43456	122.452776	0.0	1.0
504	0.0	2894.00832	996.57216	43.50528	109.153224	0.0	1.0
504	0.0	959.51232	1479.35592	75.575808	118.483128	0.0	1.0
504	0.0	1950.51648	1939.23072	121.471104	70.588152	0.0	1.0
505	0.0	681.2467200000001	1779.27624	80.913792	69.47532	0.0	1.0
505	0.0	856.4735999999998	1708.32456	122.718336	111.489912	0.0	1.0
505	0.0	1600.35072	2063.9772	89.617536	153.07315200000002	0.0	1.0
505	0.0	2823.47904	658.37448	86.98176000000001	146.895552	0.0	1.0
505	0.0	2741.04576	1403.01288	61.500672	80.780112	0.0	1.0
505	1.0	1355.23968	1950.23376	100.95590399999999	117.159696	0.0	1.0
505	0.0	1764.10368	1797.6275999999998	39.338112	86.708448	0.0	1.0
505	1.0	2140.3392	1882.27152	129.532032	72.859176	0.0	1.0
505	0.0	2891.7504	982.1304	44.692992000000004	103.899888	0.0	1.0
505	0.0	1958.9376	2006.11944	82.444416	61.30512	0.0	1.0
505	0.0	1026.85824	1661.904	72.052608	117.843768	0.0	1.0
505	0.0	1601.9712	2041.23672	91.565184	103.97764799999999	0.0	1.0
505	0.0	1230.0249600000002	1608.9127199999998	61.987584000000005	90.59320799999999	0.0	1.0
505	0.0	1852.26624	75.49588800000015	70.138368	64.099512	0.0	1.0
505	0.0	1338.04416	1879.7875199999999	86.226816	101.045664	0.0	1.0
505	1.0	1846.74816	112.39365599999996	142.077312	90.741816	0.0	1.0
505	0.0	1950.4704	1942.6737600000001	132.4608	75.523752	0.0	1.0
505	0.0	963.4521600000002	1484.53344	68.69145599999999	108.31428	0.0	1.0
505	0.0	2732.25984	1600.24896	101.61177599999999	155.008296	0.0	1.0
505	0.0	2612.84736	1575.05256	91.206912	139.91961600000002	0.0	1.0
506	0.0	2864.0064	942.89832	38.3208192	97.708248	0.0	1.0
506	0.0	938.016	926.71344	31.2377856	66.359304	0.0	1.0
506	0.0	2814.00192	646.8357599999999	83.24544	144.459072	0.0	1.0
506	0.0	1844.448	77.08521599999995	55.969536000000005	67.987296	0.0	1.0
506	0.0	2145.52704	1898.81928	131.439744	107.76779999999998	0.0	1.0
506	0.0	1974.71616	2005.29648	100.095744	72.65764800000001	0.0	1.0
506	0.0	2810.66112	623.55312	72.996864	93.29796	0.0	1.0
506	0.0	2748.45696	1398.2112	61.391616	74.137896	0.0	1.0
506	0.0	1956.12672	2004.90336	66.10560000000001	67.08096	0.0	1.0
506	0.0	1234.5868799999998	1612.52424	61.26143999999999	85.249584	0.0	1.0
506	0.0	1765.12128	1798.22376	40.180608	87.91999200000001	0.0	1.0
506	0.0	1342.7328	1879.07256	78.79641600000001	86.681664	0.0	1.0
506	0.0	2891.39328	957.94488	42.16128	81.112752	0.0	1.0
506	0.0	1957.8048	1945.05624	135.53126400000002	80.199936	0.0	1.0
506	0.0	2734.73664	1595.53584	104.908032	166.44765600000002	0.0	1.0
506	0.0	2621.29152	1568.08656	97.999488	144.330984	0.0	1.0
506	0.0	961.90848	1491.97464	74.133504	102.02565599999998	0.0	1.0
507	3.0	1351.59552	1883.38392	83.55456000000001	80.894808	0.0	1.0
507	0.0	1240.39296	1663.58448	59.86752	165.476088	0.0	1.0
507	13.0	2047.8489600000005	1106.4816	237.355776	46.244304	0.0	1.0
507	0.0	2861.4336	927.92304	32.3129856	92.145384	0.0	1.0
507	0.0	2156.01408	1902.06576	125.472768	116.04708000000001	0.0	1.0
507	0.0	1032.66816	1666.24344	74.249088	128.458656	0.0	1.0
507	0.0	2754.22848	1569.38688	76.656768	141.900984	0.0	1.0
507	3.0	1363.68	1963.0166400000003	100.795392	121.607568	0.0	1.0
507	0.0	949.2672	936.63432	55.43539199999999	80.66714400000001	0.0	1.0
507	0.0	1304.40576	323.19432000000006	110.51251199999999	108.84348	0.0	1.0
507	0.0	2888.99328	943.28064	42.579456	82.799496	0.0	1.0
507	0.0	1766.01984	1799.08128	43.463424	91.592208	0.0	1.0
507	0.0	2137.04064	1909.95192	98.257152	121.50626399999999	0.0	1.0
507	1.0	1823.13216	115.82524799999999	136.712448	100.04450400000002	0.0	1.0
507	0.0	2811.59424	641.10096	77.22432	144.10764	0.0	1.0
507	0.0	1965.60768	1940.29128	134.260224	77.825016	0.0	1.0
507	0.0	2739.92448	1588.68648	106.29734399999998	178.494408	0.0	1.0
507	0.0	2623.07328	1562.3884799999998	93.04819199999999	161.222184	0.0	1.0
507	0.0	961.29408	1494.2988	79.588224	103.824936	0.0	1.0
508	0.0	952.48512	943.02144	61.72838399999999	85.66127999999999	0.0	1.0
508	0.0	2759.04768	1372.97592	58.864896	81.020088	0.0	1.0
508	0.0	1350.65088	1884.5589599999998	75.478272	77.375304	0.0	1.0
508	0.0	2860.61952	913.44672	32.0923008	85.702536	0.0	1.0
508	0.0	2886.82752	940.23936	40.002048	96.318072	0.0	1.0
508	3.0	1366.8672	1910.5956	108.052992	128.04264	0.0	1.0
508	0.0	2752.86912	1535.19624	91.691904	99.604296	0.0	1.0
508	0.0	2766.53568	1537.18992	67.218816	94.712328	0.0	1.0
508	0.0	1251.168	1647.11664	69.063552	117.12816	0.0	1.0
508	0.0	1293.82656	332.85816	111.014784	112.44916799999999	0.0	1.0
508	0.0	1974.86976	1940.51808	133.133952	79.05146400000001	0.0	1.0
508	0.0	2809.536	632.10024	79.917696	141.26983199999998	0.0	1.0
508	0.0	1766.3347199999998	1797.2064	43.523328	87.57266399999999	0.0	1.0
508	0.0	969.15072	1498.176	63.523968	99.31507200000001	0.0	1.0
508	0.0	2628.7872	1553.71824	88.51545600000001	156.042504	0.0	1.0
509	0.0	2855.61216	909.60624	33.7411968	97.424208	0.0	1.0
509	3.0	1388.45568	1939.52664	81.355776	76.179528	0.0	1.0
509	3.0	1375.84896	1940.95656	106.493184	83.73996	0.0	1.0
509	0.0	2763.7286400000003	1358.0438399999998	63.420288000000006	85.72780800000001	0.0	1.0
509	0.0	1631.73504	2047.10112	82.67289600000001	85.584168	0.0	1.0
509	0.0	952.54656	963.35568	66.99340799999999	103.77612	0.0	1.0
509	0.0	1357.9776	1887.09912	81.12652800000001	80.155224	0.0	1.0
509	0.0	1034.64192	1675.88352	68.677632	114.227064	0.0	1.0
509	3.0	1653.61152	2059.95528	116.686464	85.5738	0.0	1.0
509	3.0	1369.64352	1913.8572	103.869696	129.706056	0.0	1.0
509	0.0	1982.8608	1946.90736	134.22297600000002	89.43156	0.0	1.0
509	0.0	1977.27744	2016.74232	62.030976	93.999096	0.0	1.0
509	0.0	2883.1641600000003	934.46568	47.090688	105.53436	0.0	1.0
509	0.0	2800.50048	619.66728	87.04089600000002	140.61405599999998	0.0	1.0
509	0.0	1287.11808	342.0079199999999	112.768512	115.97536799999999	0.0	1.0
509	0.0	1766.48064	1796.59728	42.263808	86.03841600000001	0.0	1.0
509	0.0	2638.6944	1544.63544	89.91936	158.84618400000002	0.0	1.0
509	0.0	973.65504	1504.87848	68.153856	106.056216	0.0	1.0
509	0.0	2764.25472	1531.7208	81.1872	107.44401599999999	0.0	1.0
510	0.0	2661.10848	1493.0524799999998	45.141119999999994	75.653352	0.0	1.0
510	0.0	2810.35392	618.34968	87.328128	127.903536	0.0	1.0
510	0.0	1038.3359999999998	1689.4375200000002	73.732224	106.584984	0.0	1.0
510	0.0	1363.63008	1894.6332000000002	77.139072	81.94262400000001	0.0	1.0
510	0.0	1272.76416	353.1168	110.338944	119.33416799999999	0.0	1.0
510	3.0	1379.424	1918.14264	110.080128	131.930424	0.0	1.0
510	3.0	1662.24768	2054.36952	123.739008	98.05622400000001	0.0	1.0
510	0.0	1263.3830400000002	1665.43344	71.339904	122.466168	0.0	1.0
510	0.0	1766.71872	1797.12432	42.541056000000005	87.43442399999999	0.0	1.0
510	0.0	950.99136	973.60704	68.92723199999999	109.677888	0.0	1.0
510	0.0	976.50048	1510.86384	63.073536	103.43916000000002	0.0	1.0
510	0.0	2770.53696	1522.53216	79.152	109.443528	0.0	1.0
511	0.0	2849.69088	879.77448	36.865728	87.28344	0.0	1.0
511	3.0	1667.25888	2056.55328	126.42201599999999	93.69864	0.0	1.0
511	3.0	2181.0854400000003	1973.52504	123.644928	83.52396	0.0	1.0
511	0.0	1267.3728	363.11760000000004	110.99712	116.50931999999999	0.0	1.0
511	0.0	2800.84992	601.14528	88.27161600000001	142.637112	0.0	1.0
511	0.0	2003.39712	2002.52736	107.584128	67.157856	0.0	1.0
511	0.0	1368.88704	1905.27552	76.088064	92.727504	0.0	1.0
511	3.0	1385.2032	1923.5232	111.174144	128.736432	0.0	1.0
511	0.0	1039.29216	1680.4692	56.400384	93.377232	0.0	1.0
511	0.0	2774.33856	1333.32048	62.839679999999994	79.342848	0.0	1.0
511	0.0	1999.9104	1936.40544	135.097344	75.017664	0.0	1.0
511	0.0	1269.408	1666.82448	69.63148799999999	101.016072	0.0	1.0
511	0.0	1765.90464	1796.78088	43.10591999999999	83.58984	0.0	1.0
511	0.0	2778.42048	1513.68264	76.647936	99.06818400000002	0.0	1.0
511	0.0	2667.29856	1485.2354400000002	60.42009600000001	83.26584	0.0	1.0
511	0.0	949.8854400000001	979.96392	67.44768	112.30984799999999	0.0	1.0
511	0.0	979.09632	1530.5112	66.159744	116.03109599999999	0.0	1.0
512	1.0	2181.1929600000003	1970.11656	131.52921600000002	75.692232	0.0	1.0
512	0.0	2206.15296	1860.43824	111.08928	72.30751199999999	0.0	1.0
512	0.0	1377.71904	1914.3432	84.30259199999999	98.908128	0.0	1.0
512	3.0	1391.3587200000002	1928.02464	109.250304	123.27768	0.0	1.0
512	0.0	2849.83296	875.4847199999999	42.844800000000006	84.324888	0.0	1.0
512	0.0	2792.85888	1489.75848	59.174400000000006	90.085608	0.0	1.0
512	0.0	1277.3798399999998	1667.34072	74.22528	90.63576	0.0	1.0
512	0.0	2782.2144000000003	1501.78104	80.72332800000001	108.34236	0.0	1.0
512	0.0	1255.13472	374.53319999999997	107.28383999999998	119.612376	0.0	1.0
512	0.0	2798.98752	591.6477600000001	85.597824	140.9994	0.0	1.0
512	0.0	2007.29472	1936.18944	131.730048	79.274376	0.0	1.0
512	0.0	1765.03296	1798.40088	42.190464	85.87641599999999	0.0	1.0
512	0.0	2777.18016	1322.0431199999998	62.66304	89.49484799999999	0.0	1.0
512	0.0	2673.97632	1473.44832	57.641472	80.49693599999999	0.0	1.0
512	0.0	948.4223999999999	984.36168	63.957888	113.709528	0.0	1.0
512	0.0	2013.18144	2001.52728	97.281792	67.316832	0.0	1.0
512	0.0	981.05088	1531.77264	69.301248	115.081128	0.0	1.0
513	0.0	2203.06176	1968.60672	92.016384	76.50287999999999	0.0	1.0
513	0.0	2781.49632	1314.41184	64.460544	97.32808799999998	0.0	1.0
513	0.0	2861.62944	873.43488	62.8704	94.233456	0.0	1.0
513	0.0	2016.33408	1929.7569600000002	130.687488	72.70236	0.0	1.0
513	0.0	2185.6972800000003	1968.66936	124.44864	81.99792000000001	0.0	1.0
513	0.0	1249.0790399999998	383.52959999999996	105.67948800000002	111.450168	0.0	1.0
513	0.0	2022.67776	2000.96352	94.406016	68.30568	0.0	1.0
513	0.0	2792.78976	584.11368	89.718912	137.59221599999998	0.0	1.0
513	0.0	2676.97152	1469.78928	60.14438400000001	92.38946400000002	0.0	1.0
513	0.0	1764.8294400000002	1797.8241599999997	41.171712	84.139992	0.0	1.0
513	0.0	1389.4464	1922.62464	97.1616	105.125904	0.0	1.0
513	0.0	947.2473599999998	991.06416	63.765888	111.781512	0.0	1.0
513	0.0	1284.1152	1688.34888	71.630208	110.73456	0.0	1.0
513	0.0	2787.0336	1489.84704	83.886336	111.87892800000002	0.0	1.0
513	0.0	982.37568	1536.80976	71.28	113.566104	0.0	1.0
514	0.0	1402.08	1935.31896	111.309312	120.961944	0.0	1.0
514	0.0	681.1199999999999	1779.86592	81.856896	68.272632	0.0	1.0
514	0.0	2801.12256	1466.60544	56.280576	92.624256	0.0	1.0
514	0.0	2021.95584	1939.82256	128.44646400000002	88.733016	0.0	1.0
514	0.0	1284.31488	1682.74152	57.988224	89.599824	0.0	1.0
514	0.0	1764.56832	1797.67944	41.995776	83.895912	0.0	1.0
514	0.0	2788.21632	575.9596799999999	89.720832	137.19261600000002	0.0	1.0
514	0.0	1294.22976	1702.22904	77.76345599999999	124.296336	0.0	1.0
514	0.0	1046.52288	1693.25424	49.55174399999999	78.837624	0.0	1.0
514	0.0	1689.0816	2065.338	123.725952	89.63287199999999	0.0	1.0
514	0.0	2023.8144	2002.31568	105.649536	71.378928	0.0	1.0
514	0.0	946.42944	996.24384	66.430848	107.270784	0.0	1.0
514	0.0	2869.536	880.13088	48.231552	105.29244000000001	0.0	1.0
514	0.0	1238.8838400000002	397.4076	102.039552	126.487872	0.0	1.0
514	0.0	2790.96192	1481.99544	79.918848	119.79792	0.0	1.0
514	0.0	985.2288	1537.50744	68.73024000000001	105.275376	0.0	1.0
515	3.0	1411.15392	1943.94384	114.695808	123.89652	0.0	1.0
515	0.0	1049.8176	1693.872	51.67872	73.2132	0.0	1.0
515	0.0	2785.50144	570.13416	95.648256	132.95124	0.0	1.0
515	0.0	1763.7888	1798.0185600000002	42.288768000000005	84.105432	0.0	1.0
515	0.0	944.80128	1005.27264	68.02291199999999	114.762096	0.0	1.0
515	0.0	1698.7776	2066.29488	125.380224	86.171688	0.0	1.0
515	0.0	1299.69408	1709.73072	76.396416	120.598416	0.0	1.0
515	0.0	2864.70912	868.0176	48.184704	107.769744	0.0	1.0
515	0.0	2796.00768	1476.9216	78.594816	122.76921600000001	0.0	1.0
515	0.0	988.70784	1547.20584	70.48665600000001	106.267896	0.0	1.0
515	0.0	1234.44864	404.43192	106.90751999999999	112.997808	0.0	1.0
516	0.0	2700.29952	1429.37136	41.80608	78.492456	0.0	1.0
516	0.0	2243.14752	1844.20584	107.613312	79.319088	0.0	1.0
516	0.0	2777.47968	557.3318399999999	99.74668800000002	137.606904	0.0	1.0
516	0.0	1304.91264	1712.76768	79.021056	113.98968	0.0	1.0
516	0.0	1417.152	1944.98496	114.99686399999999	124.680168	0.0	1.0
516	0.0	990.91584	1553.6642399999998	60.92083199999999	100.095696	0.0	1.0
516	0.0	1704.73728	2066.31864	128.142336	86.414688	0.0	1.0
516	0.0	1224.576	419.82624	109.677696	121.532616	0.0	1.0
516	0.0	2217.24672	1964.24136	103.27296	80.080056	0.0	1.0
516	0.0	2865.69984	843.84288	41.698944	82.262952	0.0	1.0
516	0.0	2801.4105600000003	1461.81672	76.58112	117.64051200000002	0.0	1.0
516	0.0	943.36512	1014.08112	66.749184	114.92172	0.0	1.0
517	0.0	2837.4220800000003	833.84424	40.213632	120.948768	0.0	1.0
517	0.0	996.54528	1561.6908	60.76377599999999	97.3836	0.0	1.0
517	0.0	2040.72576	1994.27832	114.18086400000001	68.01408	0.0	1.0
517	0.0	1316.08704	1735.2727200000002	79.222656	103.79448000000001	0.0	1.0
517	3.0	1422.912	1951.1928	118.098816	122.78476800000001	0.0	1.0
517	0.0	2774.33856	544.93776	92.701824	134.393256	0.0	1.0
517	0.0	2816.62464	1441.25784	54.224256	87.05642399999999	0.0	1.0
517	0.0	2249.10336	1837.8684	107.247744	72.802368	0.0	1.0
517	0.0	1214.62656	428.35608	103.980288	119.54174400000001	0.0	1.0
517	0.0	2863.99872	841.59864	40.40832	97.347744	0.0	1.0
517	0.0	943.1040000000002	1020.47472	67.124736	111.409344	0.0	1.0
518	0.0	2053.23648	1932.0119999999997	129.247488	87.894288	0.0	1.0
518	0.0	857.1686399999999	1709.83872	125.12793599999999	111.89426400000002	0.0	1.0
518	0.0	1728.89472	2067.77448	120.790656	79.431192	0.0	1.0
518	0.0	1072.4966399999998	1749.17448	68.02176	126.481176	0.0	1.0
518	0.0	2834.28864	819.3679199999999	43.564416	111.613032	0.0	1.0
518	0.0	2044.38912	1989.7012800000002	112.530816	66.039624	0.0	1.0
518	0.0	2817.2774400000003	1429.5744	68.493312	108.815832	0.0	1.0
518	0.0	2266.45632	1836.45144	95.819136	76.805496	0.0	1.0
518	0.0	1324.96128	1738.0915200000002	76.984704	95.869656	0.0	1.0
518	3.0	1428.24576	1955.05704	122.04940799999999	123.934968	0.0	1.0
518	0.0	2862.63168	825.9148799999999	38.1730944	78.719904	0.0	1.0
518	0.0	1001.81376	1569.1104	67.39584	104.589792	0.0	1.0
518	0.0	943.6262400000002	1026.09072	66.557184	111.57220799999999	0.0	1.0
518	0.0	1207.74528	438.24888	110.38272000000002	122.122728	0.0	1.0
518	0.0	2767.97952	536.8679999999999	79.018752	132.586848	0.0	1.0
519	3.0	2222.45376	1960.5175200000003	127.11705600000002	85.44096	0.0	1.0
519	0.0	2830.14144	816.966	47.85561599999999	127.99727999999999	0.0	1.0
519	0.0	2061.89952	1927.8367200000002	131.56070400000002	82.94724	0.0	1.0
519	0.0	1330.6368	1748.15928	79.909248	108.712584	0.0	1.0
519	0.0	2263.2230400000003	1832.62176	113.42592	73.689048	0.0	1.0
519	0.0	1322.44608	1735.4822399999998	62.224127999999986	83.866752	0.0	1.0
519	0.0	1736.9088	2068.22592	123.55353599999998	76.619304	0.0	1.0
519	0.0	2819.60448	1419.72048	66.425472	113.031288	0.0	1.0
519	0.0	2763.80544	531.75744	90.748416	130.308048	0.0	1.0
519	0.0	998.02368	1574.3808	58.07808	99.952056	0.0	1.0
519	0.0	1415.93472	1937.0923200000002	78.680448	77.504256	0.0	1.0
519	0.0	1201.0944	451.39896	106.934784	128.997144	0.0	1.0
519	0.0	2714.91456	1402.88112	48.051456	87.40936800000001	0.0	1.0
519	0.0	1737.50784	2093.93208	121.91424000000002	127.580184	0.0	1.0
519	0.0	2858.83776	825.95376	38.0727552	102.161952	0.0	1.0
519	0.0	942.11712	1033.44552	64.22784	112.69583999999999	0.0	1.0
520	3.0	2233.69728	1957.7916	129.576576	79.34025600000001	0.0	1.0
520	0.0	2828.71296	809.5032	45.456384	136.15257599999998	0.0	1.0
520	0.0	2824.8768	1405.81656	61.87545599999999	102.828096	0.0	1.0
520	0.0	1337.5564800000002	1764.0979200000002	84.948864	141.19704	0.0	1.0
520	0.0	1438.09152	1947.47544	108.415872	90.797544	0.0	1.0
520	0.0	2059.05024	1935.18936	110.247552	91.989216	0.0	1.0
520	0.0	2718.0940800000003	1394.1115200000002	50.083584	79.00718400000001	0.0	1.0
520	0.0	2807.89248	1220.84928	60.751488	100.7154	0.0	1.0
520	0.0	2268.49536	1831.98456	58.151424	65.176704	0.0	1.0
520	3.0	1442.09664	1958.89536	117.326976	113.337144	0.0	1.0
520	0.0	2753.86752	510.40368	96.39168	142.015248	0.0	1.0
520	0.0	1194.6892799999998	456.88968	107.391744	116.468712	0.0	1.0
520	0.0	2857.6627200000003	813.14928	35.1787008	105.185736	0.0	1.0
520	0.0	1742.79552	2069.78976	132.8448	76.091616	0.0	1.0
520	0.0	999.87456	1586.23056	59.952	93.85264799999999	0.0	1.0
520	0.0	940.99584	1037.56248	69.3024	112.39236	0.0	1.0
521	0.0	2831.49312	809.08848	64.267776	153.3546	0.0	1.0
521	0.0	1655.53536	118.06171199999983	75.71712	55.548072	0.0	1.0
521	0.0	1749.94944	2095.42464	123.191808	122.29099199999999	0.0	1.0
521	0.0	1749.37728	2072.4292800000003	126.59174399999999	77.233824	0.0	1.0
521	0.0	1185.2544	463.76496	101.03808	108.68774400000001	0.0	1.0
521	0.0	2725.83168	1384.31376	58.230528	93.55413599999999	0.0	1.0
521	0.0	2828.25984	1396.96056	58.264320000000005	107.29691999999999	0.0	1.0
521	0.0	2750.46528	503.54351999999994	93.72364800000001	142.93908	0.0	1.0
521	0.0	1004.07552	1589.32584	82.374528	94.409496	0.0	1.0
521	0.0	2851.61472	797.1004800000001	39.752832	98.681112	0.0	1.0
521	0.0	939.69408	1044.60624	69.3888	111.03911999999998	0.0	1.0
522	0.0	1453.7088	1968.60888	118.109184	114.87592799999999	0.0	1.0
522	0.0	1351.65312	1761.1668000000002	91.71072	121.846464	0.0	1.0
522	0.0	2731.53024	1370.25864	65.242368	97.52227200000002	0.0	1.0
522	0.0	2069.75232	1932.51096	93.919488	89.11296	0.0	1.0
522	0.0	2250.24	1953.0936	111.74131200000001	82.324512	0.0	1.0
522	0.0	1012.75776	1595.646	61.71763200000001	91.12715999999999	0.0	1.0
522	0.0	2285.1340800000003	1823.60592	71.940864	71.122536	0.0	1.0
522	0.0	1754.5267199999998	2096.33616	117.065856	123.725016	0.0	1.0
522	0.0	2818.14144	801.2304	44.886528	170.573472	0.0	1.0
522	0.0	2851.40736	789.6830399999999	36.2441472	100.747584	0.0	1.0
522	0.0	1175.63904	484.3152	105.36576	131.066424	0.0	1.0
522	0.0	2754.26688	498.12408000000005	97.092096	138.011256	0.0	1.0
522	0.0	2828.88192	1391.38776	72.33945600000001	117.725832	0.0	1.0
522	0.0	938.91072	1054.63728	70.13030400000001	117.148032	0.0	1.0
523	0.0	2841.7344	792.4586400000001	45.5136	129.61296	0.0	1.0
523	0.0	1750.56768	2099.87208	92.502912	119.08296000000001	0.0	1.0
523	0.0	2843.77728	774.92808	40.064256	89.42399999999999	0.0	1.0
523	0.0	2080.3008	1991.71656	105.505152	59.293512	0.0	1.0
523	0.0	2816.08704	793.7913599999999	45.241728	170.43523199999998	0.0	1.0
523	0.0	2256.0	1949.82984	120.630528	80.147448	0.0	1.0
523	0.0	1765.248	2072.78136	130.05926399999998	73.643472	0.0	1.0
523	0.0	2839.34592	1375.01496	61.726848	103.38084	0.0	1.0
523	0.0	936.7679999999999	1061.92296	66.004224	112.312224	0.0	1.0
523	0.0	2098.1068800000003	1921.10832	134.57164799999998	90.501624	0.0	1.0
523	0.0	1458.6432	1966.6044000000002	113.819136	104.507064	0.0	1.0
523	0.0	2741.85984	491.93136000000004	96.974976	133.07544	0.0	1.0
523	0.0	1169.44128	493.73712	104.68032	133.04736	0.0	1.0
524	0.0	2260.68096	1948.70664	121.836288	81.04536	0.0	1.0
524	0.0	2818.13376	1172.4588	62.024064	100.144512	0.0	1.0
524	0.0	1117.16352	1774.0296	82.90905599999999	98.654976	0.0	1.0
524	0.0	1022.33856	1616.03856	64.990464	98.61696	0.0	1.0
524	0.0	1766.49984	2103.29784	104.289408	108.402192	0.0	1.0
524	0.0	2126.13504	1906.69464	99.934848	62.202384	0.0	1.0
524	0.0	2087.61216	1987.28208	109.475712	66.572712	0.0	1.0
524	0.0	2813.4336	767.2622399999999	44.476416	138.25900800000002	0.0	1.0
524	0.0	2843.09376	770.8564799999999	36.7714944	100.345824	0.0	1.0
524	0.0	1367.40864	1764.8388	84.776448	88.94534399999999	0.0	1.0
524	0.0	2846.44224	1355.71968	54.411648	91.493496	0.0	1.0
524	0.0	1468.69248	1983.59712	119.006976	124.507368	0.0	1.0
524	0.0	2734.9939200000003	484.75368000000003	102.131712	135.07128	0.0	1.0
524	0.0	935.616	1069.61904	62.386176000000006	111.384288	0.0	1.0
524	0.0	1772.18688	2075.53536	133.046784	72.50904	0.0	1.0
524	0.0	1162.97088	501.6038400000001	100.071936	124.79616	0.0	1.0
525	0.0	2807.41248	759.456	42.790272	120.986568	0.0	1.0
525	0.0	2807.56224	733.63104	40.77888	90.631224	0.0	1.0
525	0.0	2735.85792	480.20039999999995	97.66924799999998	122.752152	0.0	1.0
525	0.0	810.1785600000001	1251.6768	62.420352	62.798544	0.0	1.0
525	0.0	1358.48832	1833.98256	46.583808	124.65791999999999	0.0	1.0
525	0.0	1757.84448	1835.61552	42.972671999999996	153.82245600000002	0.0	1.0
525	0.0	1026.44736	1624.15152	64.27008	91.285488	0.0	1.0
525	0.0	1468.79232	1964.59344	106.943616	79.283232	0.0	1.0
525	0.0	2268.08064	1945.14696	122.11200000000001	84.487104	0.0	1.0
525	0.0	935.33952	1075.82472	64.219392	114.329664	0.0	1.0
525	0.0	1783.26912	2077.62624	130.574592	74.107872	0.0	1.0
525	0.0	2097.7728	1990.04904	101.503488	70.237368	0.0	1.0
525	0.0	2845.2288	1354.1817600000002	65.02425600000001	108.69444	0.0	1.0
525	0.0	2838.48576	758.7432	36.553728	107.36604	0.0	1.0
525	0.0	1155.4944	512.1036	102.089856	126.986832	0.0	1.0
526	0.0	2844.71808	1345.99752	74.99328000000001	113.235192	0.0	1.0
526	0.0	856.72704	1709.61624	123.90336	111.82795199999998	0.0	1.0
526	0.0	1477.82016	1977.6096	109.79865599999998	101.594304	0.0	1.0
526	0.0	2726.25024	463.2768	109.041024	135.35035200000002	0.0	1.0
526	0.0	1015.23072	622.8684	101.67744	170.917128	0.0	1.0
526	0.0	1369.45536	1846.68984	47.627904	113.176656	0.0	1.0
526	0.0	1757.9328	1835.56584	42.971904	154.00411200000002	0.0	1.0
526	0.0	2802.8505600000003	744.5152800000001	46.240128000000006	122.19876	0.0	1.0
526	0.0	1125.93024	1807.6284	85.382784	157.233312	0.0	1.0
526	0.0	2278.0416	1945.37592	128.072064	79.883712	0.0	1.0
526	0.0	1027.0118399999997	1631.2104000000002	63.647616	97.17624	0.0	1.0
526	0.0	2099.68128	1999.09512	109.4496	80.842968	0.0	1.0
526	0.0	1465.62816	1967.79024	87.77817600000002	81.601992	0.0	1.0
526	0.0	810.0979200000002	1253.16288	65.197824	67.29026400000001	0.0	1.0
526	0.0	1792.58496	2080.8252	131.72313599999998	81.422928	0.0	1.0
526	0.0	1792.88448	2097.92592	129.63263999999998	115.836912	0.0	1.0
526	0.0	2125.8432000000003	1905.3770399999999	128.4	68.34153599999999	0.0	1.0
526	0.0	2802.80448	727.25904	43.324799999999996	94.800024	0.0	1.0
526	0.0	2102.3616	1986.58008	105.90336	58.354344000000005	0.0	1.0
526	0.0	2835.14112	753.19632	37.7651328	111.742416	0.0	1.0
526	0.0	1145.19936	531.5975999999999	97.185792	133.786944	0.0	1.0
526	0.0	935.2896000000001	1083.95928	66.09561599999999	112.574232	0.0	1.0
527	0.0	1131.34464	1803.3732	94.067328	140.89528800000002	0.0	1.0
527	0.0	1478.304	1989.4248	99.981312	114.35342399999999	0.0	1.0
527	0.0	1127.62752	1781.38872	89.058432	101.171592	0.0	1.0
527	0.0	1758.33216	1835.4816	42.2592	154.84132799999998	0.0	1.0
527	0.0	1015.37664	622.9656	102.37593600000001	171.09036	0.0	1.0
527	0.0	1800.57984	2076.26976	128.293632	68.56920000000001	0.0	1.0
527	0.0	2326.78272	1806.6283200000003	121.51603199999998	90.131832	0.0	1.0
527	0.0	1465.75104	1973.66112	78.708864	85.384368	0.0	1.0
527	0.0	2715.0336	454.9716000000001	102.049152	133.249104	0.0	1.0
527	0.0	2799.26016	729.93744	43.51027199999999	111.03760800000002	0.0	1.0
527	0.0	2108.30976	1987.9797599999997	106.420992	60.79730399999999	0.0	1.0
527	0.0	1799.95008	2093.33592	130.017792	102.623976	0.0	1.0
527	0.0	2854.39872	1327.2465599999998	65.13792	108.594432	0.0	1.0
527	0.0	1030.46016	1633.28616	62.317056	92.453616	0.0	1.0
527	0.0	2831.20896	746.00352	40.525056	114.340248	0.0	1.0
527	0.0	935.1091200000001	1090.70712	64.180224	113.721624	0.0	1.0
527	0.0	1139.53536	540.66744	101.653248	135.407376	0.0	1.0
528	0.0	1493.6140799999998	1994.94792	119.570304	120.03227999999999	0.0	1.0
528	0.0	859.2691199999999	1707.94656	129.181056	115.251336	0.0	1.0
528	0.0	1472.064	1979.64864	78.36595200000001	90.436608	0.0	1.0
528	0.0	2117.13408	1986.50016	109.19808	62.53783200000001	0.0	1.0
528	0.0	811.1999999999998	1253.59704	70.88256	72.040968	0.0	1.0
528	0.0	1015.52256	622.1167200000001	101.582976	169.609896	0.0	1.0
528	0.0	1813.98912	2076.6348	124.14144000000002	66.853944	0.0	1.0
528	0.0	1134.98112	1816.3764	86.69952000000002	152.797752	0.0	1.0
528	0.0	2707.2384	429.67584	93.530496	88.272504	0.0	1.0
528	0.0	2709.50784	448.63200000000006	99.969792	128.152584	0.0	1.0
528	0.0	1132.61184	551.3054400000001	99.504	132.430464	0.0	1.0
528	0.0	1757.79072	1835.41248	43.326336	154.1646	0.0	1.0
528	0.0	1810.90944	2090.22552	127.671552	94.316832	0.0	1.0
528	0.0	1035.648	1637.47872	64.09766400000001	97.691184	0.0	1.0
528	0.0	2826.30912	740.55384	42.646272	129.240576	0.0	1.0
528	0.0	935.01312	1099.06416	64.90752	112.790448	0.0	1.0
528	0.0	2855.10912	1316.8656	66.5088	111.680424	0.0	1.0
529	0.0	2804.32512	711.2210399999999	53.169408	110.334096	0.0	1.0
529	0.0	2128.5504	1986.53472	95.64134400000002	63.860616	0.0	1.0
529	0.0	1761.57312	1803.62808	37.873536	91.41465599999998	0.0	1.0
529	0.0	1571.4278399999998	159.28401600000007	59.67168000000001	58.401216	0.0	1.0
529	0.0	1758.7007999999998	1835.31744	42.168576	154.09418399999998	0.0	1.0
529	0.0	2703.6672000000003	442.47384	101.507712	126.56260800000001	0.0	1.0
529	0.0	1126.31424	562.61952	100.24128	130.64738400000002	0.0	1.0
529	0.0	1140.19584	1817.96832	89.430144	153.09972	0.0	1.0
529	0.0	2827.73376	1109.0023199999998	58.404095999999996	111.048408	0.0	1.0
529	0.0	1474.76352	1978.65072	73.44192	86.52031200000002	0.0	1.0
529	0.0	811.6300799999999	1256.30568	66.916608	70.761816	0.0	1.0
529	0.0	858.9312	1708.56216	128.380032	114.473952	0.0	1.0
529	0.0	1015.38048	622.16856	101.028864	170.44884	0.0	1.0
529	0.0	2354.06592	1792.77408	101.768448	79.433352	0.0	1.0
529	0.0	1818.528	2089.7676	130.09728	90.599904	0.0	1.0
529	0.0	1822.40256	2076.9501600000003	126.47616	66.08260800000001	0.0	1.0
529	0.0	2823.39456	715.65552	38.431488	105.771744	0.0	1.0
529	0.0	1036.5504	1639.71864	62.45068799999999	87.69902400000001	0.0	1.0
529	0.0	933.6460799999999	1106.08848	63.07929600000001	113.319648	0.0	1.0
529	0.0	2148.1344	1916.53776	136.105344	110.348136	0.0	1.0
529	0.0	2866.39104	1302.90552	55.398528	102.708648	0.0	1.0
530	0.0	679.42272	1780.30008	79.978368	67.92984	0.0	1.0
530	0.0	1132.8192	1783.42776	58.68518399999999	83.807352	0.0	1.0
530	1.0	1435.53792	1842.98544	62.94643200000001	72.25847999999999	0.0	1.0
530	0.0	2697.7344000000003	434.84688000000006	109.202688	130.959936	0.0	1.0
530	0.0	1141.5667199999998	1818.40032	76.77657599999999	153.15156	0.0	1.0
530	0.0	2310.70464	1928.30328	118.625664	84.465504	0.0	1.0
530	0.0	2365.73952	1789.09992	87.42335999999999	75.474504	0.0	1.0
530	0.0	2155.30368	1909.99728	136.21056000000002	103.707648	0.0	1.0
530	0.0	1015.7606400000001	619.15104	99.07584	169.53732	0.0	1.0
530	0.0	1505.77536	1998.54	119.417856	108.813024	0.0	1.0
530	0.0	860.1753600000002	1708.1712	130.057344	115.907976	0.0	1.0
530	0.0	1757.952	1835.7408	42.625536	152.34372	0.0	1.0
530	0.0	1398.32064	1805.97384	52.57574400000001	86.215968	0.0	1.0
530	0.0	807.8976	1261.68624	82.873344	80.931528	0.0	1.0
530	0.0	1828.98816	2079.18792	130.639488	65.513448	0.0	1.0
530	0.0	1039.66464	1643.41872	61.179263999999996	95.31043200000002	0.0	1.0
530	0.0	1118.35776	576.87768	96.205824	137.561544	0.0	1.0
530	0.0	932.5132800000001	1114.96176	62.004096	112.877496	0.0	1.0
530	0.0	2129.52576	1986.03576	106.260864	63.83901600000001	0.0	1.0
530	0.0	2815.7568	712.5192	41.653632	119.940696	0.0	1.0
530	0.0	2865.86112	1289.8094400000002	59.168256	106.25644799999999	0.0	1.0
531	3.0	2138.75328	1989.1548	104.963328	70.003872	0.0	1.0
531	0.0	1842.03264	2078.72136	123.11808000000002	67.85208	0.0	1.0
531	3.0	2313.0816	1920.69792	122.695296	108.240192	0.0	1.0
531	0.0	1760.67456	1808.26344	38.43072	98.524728	0.0	1.0
531	0.0	1413.91104	1807.78392	69.292416	80.66520000000001	0.0	1.0
531	0.0	1512.46464	2000.23776	121.75795200000002	107.313768	0.0	1.0
531	0.0	860.25216	1708.88184	130.677888	114.583032	0.0	1.0
531	0.0	1108.5811199999998	592.81416	89.313024	125.983512	0.0	1.0
531	0.0	1562.63424	164.22350399999993	43.498752	56.682072	0.0	1.0
531	0.0	804.13824	1268.12736	100.142208	96.134688	0.0	1.0
531	0.0	1758.2208	1835.5248	44.10432	153.138384	0.0	1.0
531	0.0	1015.69152	623.3392799999999	100.034304	172.67299200000005	0.0	1.0
531	0.0	1503.82848	1983.92544	104.567808	74.871864	0.0	1.0
531	0.0	1047.4406400000003	1653.7629599999998	66.36556800000001	102.48228	0.0	1.0
531	0.0	2690.8876800000003	418.52160000000003	109.84588799999999	137.371032	0.0	1.0
531	0.0	2813.6256	696.76848	39.681792	104.486112	0.0	1.0
531	0.0	2863.7260800000004	1283.45904	73.06636800000001	114.328152	0.0	1.0
531	0.0	932.29824	1123.0164	60.287616	112.88743199999999	0.0	1.0
531	0.0	2165.84448	1910.25432	136.88985599999998	115.841232	0.0	1.0
532	0.0	2143.94112	1921.61592	74.84544000000001	98.645472	0.0	1.0
532	0.0	1418.94144	1814.6052	56.679552	76.185792	0.0	1.0
532	0.0	2175.5328	1911.58056	134.020608	119.945016	0.0	1.0
532	0.0	2777.7024	1241.23536	45.452543999999996	82.846368	0.0	1.0
532	0.0	1139.38944	1823.7722399999998	57.05856	134.918352	0.0	1.0
532	0.0	2151.8592	1989.9324	91.806336	72.05932800000001	0.0	1.0
532	0.0	1500.27648	1990.12032	81.77664	83.241864	0.0	1.0
532	0.0	860.2713600000002	1708.4174400000002	130.43328	115.44940799999999	0.0	1.0
532	13.0	1742.69184	1146.74184	238.826112	52.70076	0.0	1.0
532	0.0	1758.90432	1835.5528800000002	45.188736	153.924408	0.0	1.0
532	0.0	1049.71392	1661.78088	65.259264	106.524072	0.0	1.0
532	0.0	1536.2304	180.940608	95.04998399999998	73.830528	0.0	1.0
532	0.0	1847.25888	2079.52272	129.562752	68.247144	0.0	1.0
532	0.0	1015.6531200000001	622.5228	99.184128	172.48788000000002	0.0	1.0
532	0.0	1840.37376	2101.7988	143.39136	111.638952	0.0	1.0
532	0.0	2809.5936	703.01736	39.866496	127.794888	0.0	1.0
532	0.0	1106.20032	597.4192800000001	93.928704	130.247784	0.0	1.0
532	0.0	2867.82336	1274.40864	77.206656	121.05828	0.0	1.0
532	0.0	932.1408	1130.38632	59.470848	114.46919999999999	0.0	1.0
532	0.0	2684.1792	413.3419200000001	110.009856	129.3354	0.0	1.0
533	0.0	1149.78048	1831.27176	68.457984	139.604688	0.0	1.0
533	0.0	1142.73408	1798.10928	54.40128	76.761432	0.0	1.0
533	0.0	1441.34784	1867.5468	90.23385600000002	164.64708000000002	0.0	1.0
533	0.0	2370.15168	1800.86976	125.908608	112.394952	0.0	1.0
533	0.0	1426.2336	1818.4197599999998	59.6736	70.54106399999999	0.0	1.0
533	0.0	1509.79584	1995.8767200000002	83.417856	85.49928	0.0	1.0
533	0.0	2161.4016	1984.47624	89.814144	58.173336	0.0	1.0
533	0.0	2872.224	1263.762	74.337024	116.91172800000001	0.0	1.0
533	0.0	860.1984	1708.27272	130.43404800000002	115.57836	0.0	1.0
533	0.0	1847.32416	2102.16168	140.1408	111.24215999999998	0.0	1.0
533	0.0	805.7433599999999	1270.10592	101.570304	96.062544	0.0	1.0
533	0.0	1856.59008	2078.63064	120.41855999999999	64.387872	0.0	1.0
533	0.0	1758.0864	1834.95024	46.700928	155.257992	0.0	1.0
533	0.0	1097.36832	606.03552	84.855552	120.555864	0.0	1.0
533	0.0	1015.8873600000001	623.03904	100.440192	171.27223199999997	0.0	1.0
533	0.0	1052.95488	1672.71912	61.38624	97.735896	0.0	1.0
533	0.0	2805.13152	680.6268	39.295872	115.158024	0.0	1.0
533	0.0	2181.8688	1911.5092799999998	132.214656	127.79402400000001	0.0	1.0
533	0.0	2676.26496	407.16648	114.427776	126.09669600000001	0.0	1.0
533	0.0	933.0048	1135.90512	61.202304	113.318568	0.0	1.0
534	13.0	1742.81472	1146.4416	238.332288	53.189568	0.0	1.0
534	0.0	859.99872	1708.28136	129.79008000000002	115.558272	0.0	1.0
534	0.0	1451.00928	1832.15304	95.0304	85.01328	0.0	1.0
534	0.0	2163.21408	1984.53888	99.49056	67.09716	0.0	1.0
534	0.0	2979.70944	601.02	79.926912	92.297664	0.0	1.0
534	0.0	1154.05824	1833.3756	67.875456	127.673496	0.0	1.0
534	0.0	1150.1952	1812.0564	62.229888	87.30763200000001	0.0	1.0
534	0.0	2386.1299200000003	1778.87448	58.43904	69.59282400000001	0.0	1.0
534	0.0	1015.74144	622.33704	100.212096	169.14247200000003	0.0	1.0
534	0.0	1535.89632	2009.9944799999998	127.27987200000001	106.63919999999999	0.0	1.0
534	0.0	2799.0912	658.0310400000001	42.738432	100.489896	0.0	1.0
534	0.0	1094.3731199999997	617.21568	91.765248	130.177368	0.0	1.0
534	0.0	2670.048	399.13128000000006	111.062784	127.808064	0.0	1.0
534	0.0	1059.90144	1678.4712000000002	64.740096	104.64552	0.0	1.0
534	0.0	2872.45056	1250.38944	72.193536	120.485016	0.0	1.0
534	0.0	932.9664	1144.47816	59.46623999999999	113.25765600000001	0.0	1.0
534	0.0	1862.78784	2081.34144	134.01024	65.793168	0.0	1.0
535	0.0	1174.69056	1832.57208	84.64704	109.56815999999999	0.0	1.0
535	0.0	2979.96672	601.1323199999999	79.767936	92.443248	0.0	1.0
535	13.0	1743.14496	1147.04208	239.031168	53.02108799999999	0.0	1.0
535	0.0	931.7952	1153.926	60.843264	111.112344	0.0	1.0
535	0.0	2786.81088	1206.0316799999998	48.991104	92.113416	0.0	1.0
535	0.0	2667.8592	396.2844	106.534272	122.908104	0.0	1.0
535	0.0	2197.48992	1904.43528	129.040128	120.056688	0.0	1.0
535	0.0	1543.5072	2010.366	123.643776	102.664152	0.0	1.0
535	0.0	1015.69536	621.2052	99.919872	165.192264	0.0	1.0
535	0.0	1872.26496	2080.87056	127.485696	65.785392	0.0	1.0
535	0.0	1062.3014400000002	1681.27488	62.327808000000005	99.4842	0.0	1.0
535	0.0	2875.78752	1238.39496	74.229504	119.35879200000001	0.0	1.0
535	0.0	2792.62464	645.77952	46.086144000000004	86.80176	0.0	1.0
536	0.0	1465.65504	1842.46704	91.548288	75.918168	0.0	1.0
536	0.0	2175.8707200000003	1978.3116	103.776	58.04157599999999	0.0	1.0
536	0.0	2980.11648	601.21224	79.882368	93.126672	0.0	1.0
536	0.0	2790.40512	1188.9676800000002	50.990592	95.47804800000002	0.0	1.0
536	0.0	1178.33856	1830.05136	74.330112	93.837096	0.0	1.0
536	0.0	2831.78112	1015.47432	60.09216000000001	95.352984	0.0	1.0
536	0.0	2882.1312	1222.61616	60.817536	117.065088	0.0	1.0
536	0.0	859.6723199999999	1708.3116	129.095808	113.966352	0.0	1.0
536	0.0	1079.7158399999998	645.19416	76.29427199999999	119.62879200000002	0.0	1.0
536	0.0	1507.26912	199.94255999999996	117.260928	71.286696	0.0	1.0
536	0.0	2659.82592	382.55328	112.22784	125.5662	0.0	1.0
536	0.0	1014.7891200000001	623.95488	100.83648	172.976256	0.0	1.0
536	0.0	1550.59968	2012.89104	123.341184	98.341776	0.0	1.0
536	0.0	2791.0195200000003	643.33872	39.835008	102.810816	0.0	1.0
536	0.0	932.59392	1161.49032	59.664	111.702456	0.0	1.0
536	0.0	2207.22048	1902.54744	135.863424	131.58396	0.0	1.0
536	0.0	1067.30496	1686.01608	64.169472	100.46700000000001	0.0	1.0
536	0.0	1879.65312	2081.5812	131.22816	66.555864	0.0	1.0
537	0.0	2828.6169600000003	1009.71792	56.59392	102.270168	0.0	1.0
537	0.0	2980.21632	601.58376	80.3712	93.611592	0.0	1.0
537	0.0	859.98336	1708.1712	129.808896	114.129	0.0	1.0
537	0.0	2371.2576	1885.8744	96.275712	103.678056	0.0	1.0
537	0.0	2647.872	374.8334399999999	117.961728	125.312616	0.0	1.0
537	0.0	1015.3843200000001	625.27248	101.730816	173.081448	0.0	1.0
537	0.0	1479.82848	1861.29792	103.072512	106.76556	0.0	1.0
537	0.0	1187.45088	1836.66312	92.30707200000002	99.876672	0.0	1.0
537	0.0	2886.13248	1212.7190400000002	63.509760000000014	115.453296	0.0	1.0
537	0.0	2790.90432	1178.91072	47.240064	84.29702400000001	0.0	1.0
537	0.0	1557.05856	2020.47264	126.649344	100.752984	0.0	1.0
537	0.0	1472.16	1850.84136	89.58412800000002	85.20184800000001	0.0	1.0
537	0.0	2785.65504	631.16712	43.97376	113.01876000000001	0.0	1.0
537	0.0	933.54624	1167.12576	61.671936	110.207736	0.0	1.0
537	0.0	1076.19456	653.9248799999999	81.55353600000001	127.089864	0.0	1.0
537	0.0	2218.4832	1870.76088	122.43724800000001	72.40276800000001	0.0	1.0
537	0.0	1886.75328	2082.99168	134.515968	66.22344	0.0	1.0
537	0.0	2182.3334400000003	1977.3892799999999	108.073344	64.188288	0.0	1.0
537	0.0	1070.23872	1694.17656	60.306048	104.195808	0.0	1.0
538	0.0	2225.65632	1868.6916	127.475712	80.01266399999999	0.0	1.0
538	0.0	1017.06624	620.5075200000001	102.488832	164.822472	0.0	1.0
538	0.0	2883.3676800000003	1202.70744	71.08800000000001	123.51808799999999	0.0	1.0
538	0.0	2194.54464	1978.16904	97.22150399999998	63.46296	0.0	1.0
538	0.0	2222.23872	1894.92048	127.37548799999999	129.83975999999998	0.0	1.0
538	0.0	1564.68864	2021.67792	126.754944	101.920896	0.0	1.0
538	0.0	1190.48064	1845.23184	92.802048	107.954208	0.0	1.0
538	0.0	1072.3008	664.6535999999999	87.02054399999999	138.378672	0.0	1.0
538	0.0	1077.59616	1702.31976	68.214912	98.920224	0.0	1.0
538	0.0	933.70368	1173.78072	62.27904	112.85114399999999	0.0	1.0
538	0.0	2781.35808	630.558	42.804864	112.212648	0.0	1.0
538	0.0	1895.43552	2083.30056	131.2704	65.380392	0.0	1.0
539	13.0	2050.64832	1106.28288	233.759616	44.562096	0.0	1.0
539	0.0	1016.8819200000002	621.4752000000001	102.156672	165.174768	0.0	1.0
539	3.0	1498.67904	1870.3764	102.278784	97.969824	0.0	1.0
539	0.0	2980.33152	601.7565599999998	80.868096	94.098024	0.0	1.0
539	0.0	860.73984	1707.81048	131.445504	114.99904799999999	0.0	1.0
539	0.0	2421.05472	1813.98528	134.391936	204.207264	0.0	1.0
539	0.0	2770.85568	637.78104	50.72102400000001	150.007248	0.0	1.0
539	0.0	2632.87296	360.92952	110.24524799999999	130.734648	0.0	1.0
539	0.0	1197.13152	1844.19072	88.14144	99.38678400000002	0.0	1.0
539	0.0	2203.15776	1976.08032	95.35488	61.565184	0.0	1.0
539	0.0	1573.5744	2026.2657599999998	131.517312	94.58575200000001	0.0	1.0
539	0.0	2774.69952	624.1341600000001	45.928704	117.01368	0.0	1.0
539	0.0	1068.52608	677.2096799999999	85.878144	139.194936	0.0	1.0
539	0.0	1080.60672	1706.0004	66.261504	94.147704	0.0	1.0
539	0.0	2794.20288	1153.91736	49.980288	86.4972	0.0	1.0
539	0.0	2231.85408	1893.32208	131.396352	132.846048	0.0	1.0
539	0.0	933.29664	1181.3623200000002	61.546368	107.23212	0.0	1.0
539	0.0	2885.82528	1193.0803199999998	72.757248	121.89700799999999	0.0	1.0
539	0.0	1904.32512	2084.0544	136.269312	66.7332	0.0	1.0
540	3.0	1911.11808	2083.01112	131.897088	65.461176	0.0	1.0
540	0.0	1017.52704	623.8814399999999	102.312192	169.86996000000002	0.0	1.0
540	0.0	2980.65792	602.59896	80.81971200000001	95.564448	0.0	1.0
540	0.0	2765.18784	627.7197600000001	53.04038400000001	140.41123199999998	0.0	1.0
540	0.0	2449.35552	1746.08784	93.262848	75.926592	0.0	1.0
540	0.0	1758.5356800000002	1828.20456	47.94432	150.570576	0.0	1.0
540	0.0	1579.6608	2029.69152	133.33440000000002	96.428016	0.0	1.0
540	0.0	2241.61536	1881.33408	136.040064	114.33333600000002	0.0	1.0
540	0.0	1506.5510399999998	1877.06376	102.290304	95.7474	0.0	1.0
540	0.0	2206.94016	1972.99368	107.42937599999999	64.01808	0.0	1.0
540	0.0	860.8704	1708.22304	130.649472	114.637248	0.0	1.0
540	0.0	1061.74464	691.6752	82.62297600000001	144.115416	0.0	1.0
540	0.0	2797.056	1138.66128	45.487871999999996	79.97616000000001	0.0	1.0
540	0.0	1202.7648	1855.45512	93.71712	118.136664	0.0	1.0
540	0.0	2767.82208	614.52432	46.85568	110.331936	0.0	1.0
540	0.0	934.2412799999998	1188.2808	61.557888	107.3034	0.0	1.0
540	0.0	2629.63584	349.28927999999996	112.700544	134.095608	0.0	1.0
540	0.0	2889.504	1183.48128	74.06707200000001	114.09336	0.0	1.0
540	0.0	1086.28608	1739.47392	70.20096	149.654736	0.0	1.0
541	3.0	1921.09056	2082.48408	132.354048	65.973528	0.0	1.0
541	0.0	2793.11232	1130.41872	46.954752000000006	85.754808	0.0	1.0
541	0.0	2623.96032	342.40752	121.151232	122.94892799999998	0.0	1.0
541	0.0	1093.29024	1729.21392	68.56166400000001	113.70564	0.0	1.0
541	0.0	860.1945599999999	1708.67016	128.650752	114.09551999999998	0.0	1.0
541	0.0	2896.2816000000003	1163.09088	61.493376	114.646752	0.0	1.0
541	0.0	2980.93056	602.23824	80.946432	95.894928	0.0	1.0
541	0.0	1206.34752	1859.24592	94.117248	116.17538399999998	0.0	1.0
541	0.0	934.51008	1199.21256	62.138496	108.08596800000001	0.0	1.0
541	0.0	1586.3616	2031.25752	131.45049600000002	92.014056	0.0	1.0
541	0.0	2214.9888	1972.09296	103.908096	70.568064	0.0	1.0
541	0.0	1758.40512	1827.36216	48.64896	148.198896	0.0	1.0
541	0.0	1055.70048	701.73	83.690112	137.776896	0.0	1.0
541	0.0	1514.976	1881.97992	100.877568	94.87584	0.0	1.0
541	0.0	2248.7616	1875.91248	134.37235199999998	117.562536	0.0	1.0
541	0.0	2765.1340800000003	600.35472	40.865664	96.54012	0.0	1.0
542	0.0	1593.7344	2024.8055999999997	129.89184	77.39712	0.0	1.0
542	0.0	940.1817600000002	1226.0592	60.306816000000005	79.585632	0.0	1.0
542	0.0	2257.37472	1864.92024	127.223808	96.382008	0.0	1.0
542	0.0	2233.6512	1900.5343199999998	82.08652799999999	96.60384	0.0	1.0
542	0.0	809.0227199999999	1290.57624	108.672384	59.08312800000001	0.0	1.0
542	0.0	2981.39136	601.93368	80.74444799999999	95.649984	0.0	1.0
542	0.0	2614.21824	336.0031200000001	120.133248	117.459936	0.0	1.0
542	0.0	860.70144	1708.41312	129.72787200000002	114.089256	0.0	1.0
542	0.0	936.6144	1208.9304	66.276864	103.002408	0.0	1.0
542	0.0	1213.95072	1864.72368	94.380672	113.19912	0.0	1.0
542	0.0	2224.45824	1967.7880800000003	102.056064	63.966024	0.0	1.0
542	0.0	1523.66976	1881.91512	105.08006400000001	81.178416	0.0	1.0
542	0.0	2758.28352	591.5376	43.276032	98.75347200000002	0.0	1.0
542	0.0	2798.23488	1112.0436000000002	47.403264	81.179712	0.0	1.0
542	0.0	2899.16544	1147.8780000000002	60.958848	114.012576	0.0	1.0
542	0.0	1050.95424	711.6551999999999	82.17407999999999	134.96004	0.0	1.0
542	0.0	1930.19904	2082.74544	134.83392	67.172544	0.0	1.0
543	3.0	1937.19936	2081.06064	135.606528	67.928328	0.0	1.0
543	0.0	807.9744000000001	1290.7684800000002	105.57312	58.198823999999995	0.0	1.0
543	0.0	2981.5296	602.73936	81.82656	96.199272	0.0	1.0
543	0.0	1094.65728	1732.16016	56.182272	98.572896	0.0	1.0
543	0.0	2602.73664	329.03279999999995	114.96460800000001	122.576544	0.0	1.0
543	0.0	2753.7062400000004	572.42592	43.027584	86.897232	0.0	1.0
543	0.0	860.6745599999999	1708.97904	129.724416	113.550336	0.0	1.0
543	0.0	2800.25088	1096.60608	45.838464	75.139488	0.0	1.0
543	0.0	1528.05888	1880.73576	91.72185600000002	71.948088	0.0	1.0
543	0.0	2898.24384	1142.43696	64.72704	118.59328799999999	0.0	1.0
543	0.0	1047.24096	726.30432	80.74560000000001	145.597824	0.0	1.0
543	0.0	936.7487999999998	1215.26784	61.74758400000001	106.864488	0.0	1.0
543	0.0	1603.89504	2031.9552	132.890496	87.07176	0.0	1.0
544	0.0	2234.46144	1966.22424	94.94592	62.70328800000001	0.0	1.0
544	0.0	2816.14464	932.70744	48.544896	121.173408	0.0	1.0
544	0.0	2248.3776	1903.80024	78.147072	117.204624	0.0	1.0
544	0.0	2831.0976	939.05136	43.38739199999999	114.47892	0.0	1.0
544	0.0	2806.88256	925.3656	36.0439296	108.652968	0.0	1.0
544	0.0	1100.4595199999999	1734.5059199999998	57.645312	86.290704	0.0	1.0
544	0.0	2905.53984	1119.25584	51.894144	83.01225600000001	0.0	1.0
544	0.0	2801.0304	1087.94016	44.92032	86.161104	0.0	1.0
544	0.0	1040.78592	734.64408	69.265536	135.07992	0.0	1.0
544	0.0	1944.48768	2081.15136	133.09632	67.792464	0.0	1.0
544	0.0	860.5017600000001	1709.11728	128.949888	113.948424	0.0	1.0
544	0.0	2747.22816	565.1575200000001	40.851456	94.340808	0.0	1.0
544	0.0	1542.54336	1890.27216	104.49984	79.44588	0.0	1.0
545	0.0	940.97664	1223.75016	62.532096	91.050264	0.0	1.0
545	0.0	2585.30304	313.53048	114.641664	121.036896	0.0	1.0
545	0.0	2903.0592	1116.342	61.46035199999999	101.00570399999998	0.0	1.0
545	0.0	809.2531200000001	1293.82056	108.030336	63.18864	0.0	1.0
545	0.0	2487.2102400000003	1723.9284	95.75308799999999	71.79753600000001	0.0	1.0
545	0.0	1553.09952	1893.35448	106.78425599999998	74.566008	0.0	1.0
545	0.0	2801.46432	1082.0628000000002	46.201728	93.92479199999998	0.0	1.0
545	0.0	1039.84512	742.87152	75.686016	129.69936	0.0	1.0
545	0.0	1114.752	1742.50008	77.376384	90.328824	0.0	1.0
545	0.0	1953.20064	2081.4451200000003	136.196736	66.956544	0.0	1.0
545	0.0	2741.28	554.0832	38.759808	87.97874400000002	0.0	1.0
545	0.0	861.10848	1709.07408	129.566592	113.279688	0.0	1.0
546	0.0	2812.15872	888.97176	52.187903999999996	88.81747200000001	0.0	1.0
546	0.0	2254.13376	1957.55616	101.614848	72.30643199999999	0.0	1.0
546	0.0	1233.4848	1885.7772	108.86092800000002	118.428912	0.0	1.0
546	0.0	1035.4176	759.08016	77.390592	139.67424	0.0	1.0
546	0.0	941.24928	1239.93504	62.184191999999996	105.75014400000002	0.0	1.0
546	0.0	1115.78112	1749.67776	70.629504	95.03028	0.0	1.0
546	0.0	2800.84992	1061.8452	44.93107200000001	98.18409600000001	0.0	1.0
546	0.0	809.7254399999999	1292.60016	109.10668800000002	64.053504	0.0	1.0
546	0.0	1564.13184	1905.80688	112.31231999999999	90.508968	0.0	1.0
546	0.0	2578.22208	307.21032	115.498368	116.979984	0.0	1.0
546	0.0	2732.12544	551.66832	49.912704000000005	104.802552	0.0	1.0
546	0.0	2905.10208	1102.38408	61.58208	129.082032	0.0	1.0
546	0.0	860.9472000000001	1708.98768	129.024384	113.970672	0.0	1.0
546	0.0	1960.39296	2080.33272	134.38502400000002	67.505184	0.0	1.0
547	0.0	2811.83232	884.0102400000001	56.053632	96.107688	0.0	1.0
547	0.0	1238.21568	1881.85464	100.37337599999998	110.058912	0.0	1.0
547	0.0	2816.70144	901.30968	55.233408	112.480488	0.0	1.0
547	0.0	1571.7504	1902.79584	107.66169599999999	75.948408	0.0	1.0
547	0.0	1405.9199999999998	274.65264	99.414912	87.22987200000001	0.0	1.0
547	0.0	2570.92992	300.83832000000007	119.756544	116.4024	0.0	1.0
547	0.0	1118.31552	1761.22296	67.622784	102.76178400000002	0.0	1.0
547	0.0	809.6678400000001	1295.63928	108.21849599999999	63.815688	0.0	1.0
547	0.0	860.7283199999999	1708.95096	127.709952	112.58460000000001	0.0	1.0
547	0.0	942.3782399999999	1241.23536	64.597248	97.009056	0.0	1.0
547	0.0	2906.0697600000003	1090.84752	61.398144	127.739808	0.0	1.0
547	0.0	1969.58592	2079.76896	138.0672	69.16860000000001	0.0	1.0
547	0.0	2730.2016	538.54416	43.369728	106.984152	0.0	1.0
547	0.0	1030.9862400000002	770.57136	74.2368	133.15622399999998	0.0	1.0
547	0.0	2800.07424	1050.98256	46.43712	96.555456	0.0	1.0
548	0.0	2505.47328	1712.64456	108.475392	78.76764	0.0	1.0
548	0.0	2808.2112	882.81576	60.986496	111.361824	0.0	1.0
548	0.0	1128.9024	1771.08768	81.44064	120.662136	0.0	1.0
548	0.0	1027.28448	784.38024	64.54656	134.297784	0.0	1.0
548	0.0	2277.40416	1944.3132	85.2384	89.26178399999999	0.0	1.0
548	0.0	1123.6377599999998	1759.3135200000002	68.516736	95.622768	0.0	1.0
548	0.0	809.6908800000001	1296.75168	106.831104	62.70199199999999	0.0	1.0
548	0.0	1244.37504	1884.23496	99.302784	106.2342	0.0	1.0
548	0.0	1636.37376	2044.59552	136.48319999999998	88.49412	0.0	1.0
548	0.0	2722.08384	549.0223199999999	48.518784	142.42456800000002	0.0	1.0
548	0.0	942.9350399999998	1252.96848	65.492352	101.20053599999999	0.0	1.0
548	0.0	1395.92448	285.89544	97.48953599999999	90.233784	0.0	1.0
548	0.0	1583.32032	1912.9327199999998	112.40524799999999	88.74252000000001	0.0	1.0
548	0.0	860.13312	1709.71128	126.30143999999999	111.891456	0.0	1.0
548	0.0	2564.57472	295.29792	116.127744	117.22276799999999	0.0	1.0
548	0.0	2908.94976	1078.72992	64.731264	122.41152	0.0	1.0
548	0.0	2799.53664	1041.12864	44.268672	94.401504	0.0	1.0
548	0.0	2722.89024	529.67304	45.563904	104.122152	0.0	1.0
548	0.0	1978.0416	2078.78832	137.33260800000002	69.474456	0.0	1.0
549	0.0	2507.1936	1706.6440799999998	116.148096	79.464024	0.0	1.0
549	3.0	1253.33376	1898.1864	96.912768	123.151536	0.0	1.0
549	0.0	810.4704000000002	1303.9164	108.968832	62.794224	0.0	1.0
549	0.0	1130.58048	1784.5272	75.67526400000001	128.815056	0.0	1.0
549	0.0	2273.7984	1944.17712	104.97715200000002	89.92425599999999	0.0	1.0
549	0.0	1025.95584	784.1772	71.184	115.799112	0.0	1.0
549	0.0	944.01408	1262.65824	64.084992	102.96525600000001	0.0	1.0
549	0.0	2557.1904000000004	288.2196	123.338496	116.544528	0.0	1.0
549	0.0	1649.73696	2045.44656	132.933888	83.210976	0.0	1.0
549	0.0	2799.4176	1028.16864	43.057536	87.492096	0.0	1.0
549	0.0	2908.51968	1068.1308	60.470784	122.74416	0.0	1.0
549	0.0	1133.98272	1804.77936	85.590912	168.558192	0.0	1.0
549	0.0	1386.0864	293.10120000000006	100.81036799999998	85.37227200000001	0.0	1.0
549	0.0	860.9510399999999	1709.92944	127.786368	111.768336	0.0	1.0
549	0.0	1985.25312	2078.76456	133.983744	66.898656	0.0	1.0
549	0.0	2718.65088	523.38528	44.89728	103.51519200000001	0.0	1.0
550	0.0	2283.7286400000003	1936.64736	102.44659199999998	88.06276799999999	0.0	1.0
550	0.0	1367.42016	292.50504	61.80211200000001	72.79740000000001	0.0	1.0
550	0.0	1257.1814399999998	1901.25144	96.518784	120.395808	0.0	1.0
550	3.0	2686.87872	546.71112	86.86272000000001	149.909184	0.0	1.0
550	0.0	2518.54464	1703.65896	121.39008	90.05536799999999	0.0	1.0
550	0.0	1020.89472	815.4108	69.40032	149.763168	0.0	1.0
550	0.0	2801.89824	837.09072	61.411199999999994	86.93114399999999	0.0	1.0
550	3.0	2467.58016	1823.62752	108.96	118.702152	0.0	1.0
550	0.0	2907.9091200000003	1052.8488	59.500416	120.777696	0.0	1.0
550	0.0	946.9247999999999	1273.8168	64.59456	106.86664799999998	0.0	1.0
550	0.0	1022.9606400000001	792.9036	67.070592	105.26068799999999	0.0	1.0
550	0.0	860.35968	1710.19944	125.650176	111.11428799999999	0.0	1.0
550	0.0	1136.82048	1809.69552	79.703424	166.300128	0.0	1.0
550	0.0	1601.7100799999998	1919.6244	105.25708799999998	82.647216	0.0	1.0
550	0.0	2798.26944	1013.94072	44.506368	96.38352	0.0	1.0
550	0.0	1994.00832	2078.51184	136.351488	67.50432	0.0	1.0
550	0.0	2707.76448	523.33128	55.68038399999999	120.98008800000001	0.0	1.0
551	0.0	1661.2992000000002	2042.48952	130.430592	79.283232	0.0	1.0
551	0.0	1760.93184	1797.5822399999997	45.214847999999996	161.33860800000002	0.0	1.0
551	0.0	1018.0723200000001	822.06576	67.25952	138.43116	0.0	1.0
551	0.0	2540.12928	275.21856	128.914176	112.602096	0.0	1.0
551	0.0	2908.25472	1045.13544	56.377343999999994	115.08717599999999	0.0	1.0
551	3.0	2681.4105600000003	538.3908	80.08627200000001	131.901264	0.0	1.0
551	0.0	2534.6688000000004	1691.6817600000002	98.64192	76.69490400000001	0.0	1.0
551	0.0	2301.88416	1943.1144	82.439808	74.965608	0.0	1.0
551	0.0	2807.01312	849.06144	52.927104	101.305944	0.0	1.0
551	0.0	1367.5968	308.6855999999999	95.13753599999998	97.736544	0.0	1.0
551	0.0	1609.0790399999998	1919.4062400000003	109.77408	71.2368	0.0	1.0
551	0.0	1136.3904000000002	1812.55968	67.211904	161.6976	0.0	1.0
551	0.0	2794.2912	1004.75208	43.408896	95.300928	0.0	1.0
551	0.0	2002.54848	2077.9848	134.914944	68.95605599999999	0.0	1.0
551	0.0	2698.9248	504.13752	58.157568	106.379784	0.0	1.0
551	0.0	861.51552	1710.2772	127.76870399999999	111.853656	0.0	1.0
551	0.0	947.10144	1284.6232799999998	64.566912	108.63072	0.0	1.0
552	3.0	1266.6816	1909.10952	104.13696	120.128184	0.0	1.0
552	0.0	2345.78688	1818.57744	122.258688	79.104384	0.0	1.0
552	0.0	1609.44384	1919.69568	91.808256	63.924336	0.0	1.0
552	0.0	1012.5004800000002	843.3504	63.55776	147.915072	0.0	1.0
552	0.0	2784.096	814.53384	45.27552	91.363032	0.0	1.0
552	3.0	2671.29984	552.01608	98.31359999999998	164.403432	0.0	1.0
552	3.0	2674.42176	538.55064	84.526464	128.458656	0.0	1.0
552	0.0	1138.3488	1784.8836	61.756416	96.94857599999999	0.0	1.0
552	0.0	1760.6976	1796.10912	48.218112	158.12625599999998	0.0	1.0
552	0.0	2308.07424	1939.7556	83.519616	82.7982	0.0	1.0
552	0.0	2908.01664	1026.60264	58.360704	121.68575999999999	0.0	1.0
552	0.0	1140.54144	1815.03504	69.213312	157.552776	0.0	1.0
552	0.0	2689.73568	495.75672	63.469440000000006	102.825504	0.0	1.0
552	3.0	2480.45184	1818.44784	108.97344	107.42976	0.0	1.0
552	0.0	2796.21504	987.20856	44.81088	87.32232	0.0	1.0
552	0.0	2541.2659200000003	1689.0811199999998	96.81830400000001	76.44131999999999	0.0	1.0
552	0.0	2008.70016	2077.91352	134.015616	70.03303199999999	0.0	1.0
552	0.0	860.4057600000001	1710.67248	124.36608	112.27291200000002	0.0	1.0
552	0.0	948.77952	1289.30616	66.999552	108.08424	0.0	1.0
552	0.0	1360.28544	315.67535999999996	100.992	94.759416	0.0	1.0
553	0.0	2550.40128	1684.05696	90.958848	76.502232	0.0	1.0
553	0.0	1350.44736	323.0733600000001	96.431616	94.480776	0.0	1.0
553	0.0	2781.33504	799.59744	38.79552	70.642368	0.0	1.0
553	0.0	1151.96928	1816.884	81.24288	137.810376	0.0	1.0
553	0.0	949.5590400000001	1291.56768	66.35328	90.424296	0.0	1.0
553	0.0	2907.18336	1015.37928	54.904704	119.97936	0.0	1.0
553	0.0	2686.7712	488.67192	59.213952	98.157096	0.0	1.0
553	0.0	860.4825599999999	1710.47592	124.644864	111.073248	0.0	1.0
553	0.0	1757.02656	1797.47208	53.872512	159.61968000000002	0.0	1.0
553	0.0	2018.96832	2075.68224	135.326976	69.253272	0.0	1.0
553	0.0	2794.46016	984.4524	45.855744	106.39296	0.0	1.0
554	0.0	2542.06848	1692.77688	103.3344	85.148496	0.0	1.0
554	0.0	1638.9504000000002	1927.422	107.867904	63.80208	0.0	1.0
554	0.0	1150.90944	1798.1352000000002	71.13638399999999	98.567064	0.0	1.0
554	0.0	2799.69792	809.1683999999999	44.29401599999999	87.435504	0.0	1.0
554	0.0	1152.21888	1817.46936	75.950976	133.21152	0.0	1.0
554	0.0	1286.18496	1910.24784	108.44275200000001	102.190464	0.0	1.0
554	0.0	2793.57696	965.45952	40.430208	90.793656	0.0	1.0
554	0.0	2672.47104	476.16984	68.417664	88.423704	0.0	1.0
554	0.0	950.49216	1308.89304	62.755968	106.9038	0.0	1.0
554	0.0	2909.27616	1005.13656	55.75488000000001	117.556704	0.0	1.0
554	0.0	2027.06304	2075.02344	132.35136	74.21003999999999	0.0	1.0
554	0.0	860.09088	1710.68328	124.502784	110.862216	0.0	1.0
555	0.0	1336.65408	333.68976	93.474048	83.550744	0.0	1.0
555	0.0	2675.12064	462.95496	52.469376	79.17199199999999	0.0	1.0
555	0.0	1756.17408	1794.852	55.014528000000006	157.12639199999998	0.0	1.0
555	0.0	2768.92416	784.8748800000001	39.054336	102.88512	0.0	1.0
555	3.0	1293.10464	1913.9004	107.96544	105.505416	0.0	1.0
555	0.0	2366.84928	1811.26584	121.99142399999998	89.38188000000001	0.0	1.0
555	0.0	2909.52192	995.09688	57.300096	119.60935199999999	0.0	1.0
555	0.0	952.38528	1314.21096	61.707648	105.93439199999999	0.0	1.0
555	0.0	1650.56256	1938.67776	109.414656	76.58193600000001	0.0	1.0
555	0.0	2792.928	952.90344	39.340416	97.72164	0.0	1.0
555	0.0	1159.39968	1813.4064	79.230336	117.040248	0.0	1.0
555	0.0	860.8742400000001	1710.34632	124.838016	110.81944800000001	0.0	1.0
555	0.0	2034.38976	2074.72968	133.105536	74.738592	0.0	1.0
556	0.0	2553.28512	1709.1	111.421824	141.878088	0.0	1.0
556	0.0	2789.8790400000003	943.19424	42.127872	94.157424	0.0	1.0
556	0.0	1318.71744	333.79992000000004	58.41215999999999	60.54803999999999	0.0	1.0
556	0.0	2766.53184	777.7944	39.37344	104.28026400000002	0.0	1.0
556	0.0	1294.752	1917.70632	104.037504	99.815976	0.0	1.0
556	0.0	1000.94208	882.99504	60.093312000000005	129.67408799999998	0.0	1.0
556	0.0	1165.6281599999998	1812.14712	79.529472	103.58064	0.0	1.0
556	0.0	2672.66304	468.47808	45.715584	107.482896	0.0	1.0
556	0.0	2907.5328	981.73728	53.77228800000001	122.990832	0.0	1.0
556	0.0	2043.32928	2072.6064	136.066944	74.621304	0.0	1.0
556	0.0	954.0672000000001	1324.86624	66.110976	112.139856	0.0	1.0
556	0.0	861.5808000000001	1710.78048	125.83488000000001	111.109104	0.0	1.0
557	0.0	2574.28224	1670.0839199999998	85.34591999999999	64.630656	0.0	1.0
557	0.0	1671.15648	1945.90944	115.949568	83.26756800000001	0.0	1.0
557	0.0	2661.99168	460.05192	53.764992	111.89577599999998	0.0	1.0
557	0.0	1321.94688	340.6449600000001	87.127296	61.189128	0.0	1.0
557	0.0	1172.35968	1827.89352	77.589888	89.62164	0.0	1.0
557	3.0	2639.2512	479.68848	90.87168	147.274416	0.0	1.0
557	0.0	998.42304	910.52208	59.271936	112.388256	0.0	1.0
557	0.0	1299.1065600000002	1919.58984	100.478976	95.954976	0.0	1.0
557	0.0	2660.15616	446.07672	50.692224	83.805408	0.0	1.0
557	0.0	2907.24864	954.7092	56.103552	137.29824	0.0	1.0
557	0.0	1001.3644799999998	885.222	63.122304	114.95951999999998	0.0	1.0
557	0.0	2050.61376	2071.59552	131.319552	76.220568	0.0	1.0
557	0.0	862.0531200000001	1710.5472	126.83289600000002	111.67977599999999	0.0	1.0
558	0.0	2349.68448	1925.11944	76.553472	68.555808	0.0	1.0
558	3.0	2636.43648	473.04215999999997	93.88185600000001	135.1404	0.0	1.0
558	0.0	2770.90944	913.194	43.226112	91.172088	0.0	1.0
558	0.0	1303.21536	1923.2316	96.832512	92.79208800000002	0.0	1.0
558	0.0	1312.4966399999998	361.99656000000004	90.659712	92.18318400000001	0.0	1.0
558	0.0	2476.7424	232.82424000000003	131.24928	111.81585599999998	0.0	1.0
558	0.0	2756.16	754.12296	38.1437952	102.377952	0.0	1.0
558	0.0	1715.04768	2059.94448	133.857024	84.443904	0.0	1.0
558	0.0	2654.77632	436.52304000000004	50.299008	88.94556	0.0	1.0
558	0.0	1680.48384	1942.30656	111.74208000000002	71.61912	0.0	1.0
558	0.0	1181.69856	1832.39928	87.055104	99.664992	0.0	1.0
558	3.0	996.70272	952.75872	58.411392	96.865632	0.0	1.0
558	0.0	999.67488	891.85752	61.227648	113.569992	0.0	1.0
558	0.0	860.8896	1710.4651199999998	125.568384	110.74773599999999	0.0	1.0
558	0.0	2904.47232	948.77784	56.320128000000004	129.26088	0.0	1.0
558	0.0	959.63904	1343.7684	66.13824	109.914192	0.0	1.0
559	0.0	2776.43904	902.9232	51.489408000000005	88.77621599999999	0.0	1.0
559	0.0	2780.64768	765.85608	48.777216	99.13687199999998	0.0	1.0
559	0.0	1722.09792	2059.7976	137.664	79.062696	0.0	1.0
559	0.0	2751.6288	734.41728	44.216448	85.77683999999999	0.0	1.0
559	0.0	2347.79904	1923.3072	92.068224	60.63789599999999	0.0	1.0
559	0.0	996.1727999999999	923.03928	61.14777600000001	135.148176	0.0	1.0
559	0.0	1689.00864	1943.98488	112.83264	67.94431200000001	0.0	1.0
559	0.0	2468.09856	228.54096000000015	126.33561600000002	110.535192	0.0	1.0
559	0.0	2648.97024	430.95888	52.728576	89.26243199999999	0.0	1.0
559	0.0	1184.10624	1836.71928	81.74131200000001	88.13448000000001	0.0	1.0
559	0.0	960.4416	1353.36528	64.386048	108.859896	0.0	1.0
559	0.0	861.9148799999999	1710.38088	126.720768	111.41496	0.0	1.0
559	0.0	2906.65728	942.39072	50.193024	124.464384	0.0	1.0
560	0.0	2775.14496	892.5422400000001	47.50118400000001	89.269128	0.0	1.0
560	0.0	2745.60384	731.60064	41.960832	100.222704	0.0	1.0
560	0.0	1296.1536	376.19640000000004	90.029568	83.430432	0.0	1.0
560	0.0	993.62304	915.33456	58.525824	83.18527200000001	0.0	1.0
560	0.0	992.84736	939.57408	61.774848	146.947392	0.0	1.0
560	0.0	2643.34848	425.26512	55.037952	88.76304	0.0	1.0
560	0.0	1701.43104	1950.97032	114.912	80.463888	0.0	1.0
560	0.0	1181.72544	1836.1663200000003	67.828608	84.697272	0.0	1.0
560	0.0	862.0377599999999	1710.40032	125.15481600000001	111.374352	0.0	1.0
560	0.0	2905.92384	934.49808	47.968512	116.43048	0.0	1.0
560	0.0	965.2185600000001	1363.1803200000002	67.243392	112.34937599999999	0.0	1.0
561	3.0	1286.2656	450.8935200000001	92.09088	210.284856	0.0	1.0
561	3.0	992.74752	991.18296	55.46688	104.22842399999999	0.0	1.0
561	0.0	1753.8624	1781.96328	49.304448	151.712352	0.0	1.0
561	0.0	1277.14176	389.53656	65.288832	84.942432	0.0	1.0
561	0.0	2767.88352	734.56416	55.187328	96.8112	0.0	1.0
561	0.0	993.71136	924.52752	56.79936	79.49232	0.0	1.0
561	3.0	1735.49184	2062.14336	139.181568	78.8022	0.0	1.0
561	0.0	2898.98496	912.41856	53.476991999999996	128.65327200000002	0.0	1.0
561	0.0	2084.22912	2068.37712	136.198272	75.828312	0.0	1.0
561	0.0	1710.58944	1953.87984	112.125696	73.94673599999999	0.0	1.0
561	0.0	993.1430400000002	959.17824	60.240384	145.33214399999997	0.0	1.0
561	0.0	2628.89472	407.44944	54.033024	79.25061600000001	0.0	1.0
561	0.0	1186.0761599999998	1839.024	66.25382400000001	92.893824	0.0	1.0
561	0.0	2903.0169600000004	924.68736	45.206784000000006	106.936848	0.0	1.0
561	0.0	862.0262399999999	1710.3139199999998	125.331456	112.302936	0.0	1.0
561	0.0	967.75296	1373.08176	65.157888	106.827768	0.0	1.0
562	0.0	2763.25248	722.5524	54.25497599999999	92.9934	0.0	1.0
562	0.0	992.5708799999999	968.27616	67.33209599999999	158.37444	0.0	1.0
562	0.0	1191.9552	1843.67448	83.906304	100.85148	0.0	1.0
562	0.0	2615.56224	1637.8502400000002	81.87225600000001	62.29332	0.0	1.0
562	0.0	2772.34176	865.59408	43.542528	84.94545600000001	0.0	1.0
562	0.0	992.22528	943.88112	67.43232	113.320944	0.0	1.0
562	2.0	2091.93216	2066.37264	131.84985600000002	72.714024	0.0	1.0
562	0.0	1718.70336	1954.64664	114.517248	70.760736	0.0	1.0
562	0.0	1744.17408	2061.12384	136.894848	80.48052	0.0	1.0
562	0.0	2622.2592	402.5570399999999	53.364864000000004	79.203096	0.0	1.0
562	0.0	862.656	1709.93592	126.344064	112.95914400000001	0.0	1.0
562	0.0	2899.17696	907.78104	49.10208	129.83025600000002	0.0	1.0
562	0.0	972.0614400000001	1380.7584000000002	66.287616	112.296672	0.0	1.0
563	0.0	2099.07456	2066.20632	131.862528	74.49861600000001	0.0	1.0
563	0.0	1268.15616	393.72695999999996	52.567296000000006	54.506736	0.0	1.0
563	0.0	1331.13984	1938.48984	106.69132799999998	80.46324	0.0	1.0
563	0.0	2622.1632	1632.17592	79.615104	62.788608	0.0	1.0
563	0.0	1201.77408	1856.5092	89.85024	117.388872	0.0	1.0
563	0.0	862.5983999999999	1709.73936	125.559168	111.060072	0.0	1.0
563	0.0	990.76992	960.94512	60.551808	119.26548	0.0	1.0
563	0.0	2770.10304	862.37784	43.163520000000005	97.699176	0.0	1.0
563	0.0	1728.24192	1951.65504	115.76179199999999	61.27704000000001	0.0	1.0
563	0.0	1752.86016	2062.36584	135.224832	82.671408	0.0	1.0
563	0.0	2615.616	397.15920000000006	55.365888000000005	78.70867199999999	0.0	1.0
563	0.0	2897.30304	903.67704	46.043136	124.567848	0.0	1.0
563	0.0	973.8931200000001	1388.80008	67.76294399999999	106.442856	0.0	1.0
564	0.0	2405.84448	1822.3164	71.66399999999999	131.679216	0.0	1.0
564	0.0	2761.87392	688.26888	40.635648	77.222376	0.0	1.0
564	0.0	2730.65088	678.32856	41.296128	84.643488	0.0	1.0
564	0.0	1342.05312	1951.28352	108.84671999999999	98.288856	0.0	1.0
564	0.0	2606.39232	395.96039999999994	61.713792	80.588952	0.0	1.0
564	0.0	1737.39264	1955.59056	117.46137600000002	64.874736	0.0	1.0
564	0.0	863.2204799999998	1709.0373599999998	127.131264	112.16232000000001	0.0	1.0
564	0.0	1208.8512	1866.67632	90.807552	122.29034400000002	0.0	1.0
564	0.0	1759.83744	2063.18664	135.058944	82.710936	0.0	1.0
564	0.0	2767.08864	847.66608	42.159744	91.978632	0.0	1.0
564	0.0	2895.2448	882.55224	42.05568	104.77404	0.0	1.0
564	0.0	988.73472	985.43736	58.877568	140.92660800000002	0.0	1.0
564	0.0	976.30464	1397.5524	62.836991999999995	101.055168	0.0	1.0
565	0.0	2864.96256	859.52448	33.8708352	112.605552	0.0	1.0
565	0.0	1256.91648	422.83727999999996	83.529216	86.25722400000002	0.0	1.0
565	0.0	2633.2300800000003	1611.72288	82.025472	85.94272800000002	0.0	1.0
565	0.0	1349.7408	1949.8644	108.53376	89.73115200000001	0.0	1.0
565	0.0	2401.10976	1902.53664	80.925696	71.144568	0.0	1.0
565	0.0	2600.74368	380.59632	52.348416	74.95912799999999	0.0	1.0
565	0.0	2756.07936	689.37048	43.346304	104.98507200000002	0.0	1.0
565	0.0	1750.51776	1959.4224	111.350784	71.26423199999999	0.0	1.0
565	0.0	987.0336	1001.8404	60.109056	128.24373599999998	0.0	1.0
565	0.0	2721.5308800000003	668.8332	39.0432	89.26048800000001	0.0	1.0
565	0.0	2764.21248	842.0997600000001	40.713216	94.64947199999999	0.0	1.0
565	0.0	860.9279999999999	1709.28792	122.859648	113.103432	0.0	1.0
565	0.0	2893.152	871.53192	40.511616	111.766824	0.0	1.0
565	0.0	1214.304	1874.6596799999998	84.056448	117.697968	0.0	1.0
565	0.0	978.2399999999999	1404.76464	66.00192	95.19012	0.0	1.0
566	0.0	1246.11456	429.8832	74.647296	89.746272	0.0	1.0
566	0.0	2865.408	849.7807200000001	39.583104000000006	116.738928	0.0	1.0
566	0.0	2748.62592	672.2006399999999	49.25452800000001	98.06443200000001	0.0	1.0
566	0.0	1774.8364800000002	2067.13296	131.64096	79.65280800000001	0.0	1.0
566	0.0	1757.06496	1959.2496	117.79968	67.331952	0.0	1.0
566	0.0	987.61728	1006.14528	66.51110399999999	131.369472	0.0	1.0
566	0.0	987.90144	986.66856	65.335296	95.22144	0.0	1.0
566	0.0	1357.56672	1957.90824	109.449216	99.65483999999998	0.0	1.0
566	0.0	861.9801600000001	1709.24256	125.08416000000001	114.104808	0.0	1.0
566	0.0	1218.69696	1878.06816	81.56736	119.38212000000001	0.0	1.0
566	0.0	2760.14208	830.3515199999999	41.551872	92.376288	0.0	1.0
566	0.0	2891.14752	856.32984	42.887808	113.81688	0.0	1.0
566	0.0	985.11744	1419.4656	69.99744000000001	107.85852000000001	0.0	1.0
567	0.0	2410.4256	1900.1304	94.53235200000002	78.2352	0.0	1.0
567	0.0	861.6576	1708.97904	123.82272000000002	114.379344	0.0	1.0
567	0.0	2756.35968	836.09064	43.344768	136.193832	0.0	1.0
567	0.0	2713.13664	648.95472	40.287744	98.30052	0.0	1.0
567	0.0	2643.1027200000003	1605.62952	83.26694400000001	74.42366399999999	0.0	1.0
567	0.0	2743.61856	654.93792	44.494464	81.756864	0.0	1.0
567	13.0	2055.91296	1108.59192	238.153728	51.614928	0.0	1.0
567	0.0	1753.28256	1959.60168	93.64224000000002	64.03903199999999	0.0	1.0
567	3.0	2131.8220800000004	2061.76968	131.376768	71.154504	0.0	1.0
567	0.0	2575.31136	363.13703999999996	73.76140799999999	78.950376	0.0	1.0
567	0.0	2887.2768	849.0311999999999	40.791936	103.589496	0.0	1.0
567	0.0	1231.9488	442.78487999999993	63.750912	78.31836	0.0	1.0
567	0.0	2860.75392	836.14032	33.97632	119.882376	0.0	1.0
567	3.0	990.6508799999999	1073.30616	51.5232	101.924568	0.0	1.0
567	0.0	1227.44064	1878.35328	92.65228799999998	109.479168	0.0	1.0
567	0.0	2758.09152	818.21016	38.184307200000006	105.1974	0.0	1.0
567	0.0	984.93696	1426.9932	67.795584	102.02522400000001	0.0	1.0
567	0.0	984.9177600000002	1022.3712	62.274432	138.024216	0.0	1.0
568	13.0	2053.6512	1107.5508	237.646464	47.780280000000005	0.0	1.0
568	0.0	2859.4944	822.27096	41.212032	116.320752	0.0	1.0
568	0.0	2143.5609600000003	2060.71344	137.490432	70.050312	0.0	1.0
568	0.0	1225.1481600000002	445.05719999999997	60.754176	66.947472	0.0	1.0
568	0.0	1226.86464	1879.01208	82.74854400000001	98.55107999999998	0.0	1.0
568	0.0	2738.98752	641.48328	44.518272	82.22644799999999	0.0	1.0
568	0.0	1775.12064	1962.27792	117.588864	66.90384	0.0	1.0
568	0.0	861.9609599999999	1708.72848	124.270848	113.538888	0.0	1.0
568	3.0	1366.70976	1967.598	108.007296	95.869224	0.0	1.0
568	0.0	2417.98272	1892.79936	97.708032	80.82352800000001	0.0	1.0
568	0.0	985.3478399999999	1037.12184	63.65875199999999	142.593696	0.0	1.0
568	0.0	2645.94048	1605.98592	89.677056	76.395528	0.0	1.0
568	3.0	988.70016	1084.67208	54.94464	104.30812800000001	0.0	1.0
568	0.0	2435.66976	1808.17056	68.42419199999999	134.904744	0.0	1.0
568	0.0	2748.08448	813.37608	47.76575999999999	114.477624	0.0	1.0
568	0.0	2573.90976	356.47992	58.32191999999999	83.311632	0.0	1.0
568	0.0	985.22496	1016.85888	61.24032	103.659696	0.0	1.0
568	0.0	991.59936	1437.41952	69.50169600000001	101.871864	0.0	1.0
569	0.0	1020.14208	631.7913599999999	101.229696	179.85952799999998	0.0	1.0
569	0.0	2654.4192	1595.9592	82.76889600000001	74.75976	0.0	1.0
569	3.0	1371.8361599999998	1970.0258399999998	110.60467199999998	97.748208	0.0	1.0
569	0.0	2574.09024	1747.48752	58.639103999999996	68.76899999999999	0.0	1.0
569	3.0	1798.42176	2067.72912	133.633152	74.25	0.0	1.0
569	0.0	2427.13344	1887.53544	92.435328	73.610208	0.0	1.0
569	0.0	1757.61024	1698.16824	42.474624000000006	58.03272	0.0	1.0
569	3.0	988.2892800000001	1099.04688	58.135296	103.441104	0.0	1.0
569	0.0	1224.5567999999998	459.02160000000003	67.6032	80.877744	0.0	1.0
569	0.0	858.42048	1710.14544	117.36768000000001	112.33512	0.0	1.0
569	0.0	2736.2688000000003	644.45112	44.823552	102.19240800000001	0.0	1.0
569	0.0	2567.9232	347.91552	56.989824	80.379216	0.0	1.0
569	0.0	2865.2544000000003	814.15584	60.815999999999995	124.584912	0.0	1.0
569	0.0	1223.6928	1882.83528	63.809279999999994	87.81804	0.0	1.0
569	3.0	2150.6342400000003	2061.26856	135.57657600000002	70.07731199999999	0.0	1.0
569	0.0	1776.77184	1961.63208	101.51424	61.324992	0.0	1.0
569	0.0	2747.1552	799.9754399999999	47.044224	100.420128	0.0	1.0
569	0.0	984.6067199999999	1023.29352	60.51456	95.858208	0.0	1.0
569	0.0	994.79424	1448.90856	67.376256	104.807304	0.0	1.0
570	0.0	1020.18816	631.4565600000001	100.85222399999999	179.84678399999999	0.0	1.0
570	3.0	2553.1776	396.99072	77.394432	94.686408	0.0	1.0
570	0.0	982.99008	1050.18552	61.565184	114.722568	0.0	1.0
570	3.0	2549.72544	371.70360000000005	87.476736	134.316576	0.0	1.0
570	0.0	1758.67008	1697.3496	40.709376	53.496072	0.0	1.0
570	3.0	1219.7759999999998	491.99184	82.48588799999999	144.580896	0.0	1.0
570	0.0	2432.22528	1888.1251200000002	90.112896	76.270032	0.0	1.0
570	0.0	1219.59936	462.46248	82.816896	87.804648	0.0	1.0
570	0.0	2581.66656	1742.87376	59.559936	68.808528	0.0	1.0
570	3.0	2366.9721600000003	167.69894399999998	138.29376	103.81823999999999	0.0	1.0
570	0.0	1373.92512	1962.89352	110.115456	77.649192	0.0	1.0
570	0.0	988.4928	1108.81224	60.094848000000006	108.00993600000001	0.0	1.0
570	0.0	2730.92352	633.91032	47.430144	97.49872799999999	0.0	1.0
570	0.0	855.97056	1710.42624	112.53388799999999	112.172256	0.0	1.0
570	0.0	998.9875200000001	1459.52928	69.881472	102.471048	0.0	1.0
570	0.0	1231.2	1884.4488000000001	69.679488	88.702128	0.0	1.0
570	0.0	1793.9904	1964.07936	117.536256	64.73109600000001	0.0	1.0
570	0.0	2560.36992	341.85456	64.560768	87.17414400000001	0.0	1.0
570	0.0	2745.18912	787.33728	43.229184	105.97823999999999	0.0	1.0
570	0.0	2866.72896	806.9004	63.134592000000005	124.332192	0.0	1.0
571	0.0	791.6543999999999	1291.38408	66.14016	57.73572	0.0	1.0
571	0.0	1237.88544	1891.09296	70.172928	96.92827199999999	0.0	1.0
571	3.0	1214.16192	502.9711199999999	82.409088	143.302608	0.0	1.0
571	0.0	2656.71552	1615.84848	114.427008	183.213144	0.0	1.0
571	1.0	2718.30144	814.4841600000001	51.49056	122.530752	0.0	1.0
571	0.0	2850.7584	784.3154400000001	52.01587200000001	110.051784	0.0	1.0
571	0.0	1020.29952	631.23408	101.357952	178.896384	0.0	1.0
571	0.0	2539.84512	338.00328	84.807552	85.85567999999999	0.0	1.0
571	3.0	2548.99584	386.36352	65.321088	104.618304	0.0	1.0
571	0.0	685.5360000000001	1784.52072	77.988096	71.68132800000001	0.0	1.0
571	0.0	2589.89952	1737.5256	71.037696	70.84195199999999	0.0	1.0
571	0.0	2499.08736	1710.1152	83.637504	87.800976	0.0	1.0
571	0.0	1757.90592	1694.96064	40.017408	52.612848	0.0	1.0
571	0.0	1806.12096	1964.82672	117.982848	61.464096	0.0	1.0
571	0.0	2446.5139200000003	1885.5741599999997	80.545152	72.508392	0.0	1.0
571	0.0	2552.42496	336.63167999999985	59.50233600000001	85.210704	0.0	1.0
571	3.0	986.74944	1112.28984	61.14086400000001	93.03595200000001	0.0	1.0
571	0.0	858.48576	1710.76752	116.765952	111.517776	0.0	1.0
571	0.0	2860.6886400000003	793.30752	66.758016	125.616312	0.0	1.0
571	0.0	2741.33376	778.27176	37.9663104	105.415776	0.0	1.0
571	0.0	982.62144	1067.36616	58.528128	123.93323999999998	0.0	1.0
571	0.0	1003.8220800000001	1469.40048	72.57408	99.78984000000001	0.0	1.0
572	0.0	1226.58048	491.59655999999995	55.742208	105.961176	0.0	1.0
572	0.0	1195.7068799999997	493.55567999999994	57.527423999999996	86.542344	0.0	1.0
572	0.0	2677.87008	1558.23048	80.619264	93.471624	0.0	1.0
572	0.0	2708.05632	784.8144	44.346624	125.968392	0.0	1.0
572	0.0	1020.096	631.71792	101.265024	179.860824	0.0	1.0
572	0.0	2590.62912	1730.808	62.068992	71.49168	0.0	1.0
572	3.0	2546.79552	390.35952	59.649792	81.38340000000001	0.0	1.0
572	0.0	2841.3888	769.068	38.587776	101.86776	0.0	1.0
572	0.0	2445.78816	1880.49168	92.41996799999998	71.12836800000001	0.0	1.0
572	0.0	1814.77632	1967.80968	121.961472	64.20297599999999	0.0	1.0
572	0.0	2532.2803200000003	329.08032000000003	79.948416	80.656344	0.0	1.0
572	0.0	1758.1632	1692.89568	40.626816	49.977216000000006	0.0	1.0
572	3.0	986.7110399999999	1135.3824	58.622208	101.189736	0.0	1.0
572	0.0	860.64768	1710.7048799999998	120.868992	112.64724	0.0	1.0
572	0.0	2867.3664	800.38152	46.701696	127.68667199999999	0.0	1.0
572	0.0	2736.11904	761.05224	40.073088	98.85779999999998	0.0	1.0
572	0.0	983.72736	1065.71808	59.673216	98.64590400000002	0.0	1.0
572	0.0	1007.7312	1476.29304	70.219392	99.358272	0.0	1.0
573	3.0	1275.53664	1953.35064	58.555008	80.816832	0.0	1.0
573	0.0	2710.88256	590.7815999999998	44.79552	78.81624000000001	0.0	1.0
573	0.0	747.90912	1069.71408	25.107072	45.427392	0.0	1.0
573	0.0	1224.63744	498.95352	41.833728	101.09620800000002	0.0	1.0
573	0.0	793.5091199999999	1292.98896	71.640576	55.249128000000006	0.0	1.0
573	0.0	1020.2688	631.97496	101.42937600000002	181.468512	0.0	1.0
573	0.0	2598.70848	1724.07744	57.61420799999999	71.950896	0.0	1.0
573	3.0	986.28864	1147.21704	57.810432	98.60227200000001	0.0	1.0
573	0.0	2704.1472	780.20064	48.248448	137.52288	0.0	1.0
573	0.0	1822.80576	1967.82696	122.654208	62.403912	0.0	1.0
573	0.0	2852.28288	766.9944	66.816	121.858992	0.0	1.0
573	0.0	2509.22496	1702.8662399999998	82.948992	92.587968	0.0	1.0
573	0.0	2449.75488	1878.70104	97.53868800000001	72.605808	0.0	1.0
573	0.0	2679.54048	1558.494	82.818048	89.73806400000001	0.0	1.0
573	0.0	1012.5158400000001	1486.70424	73.299072	100.900296	0.0	1.0
573	0.0	983.83488	1082.81016	59.10144	106.817832	0.0	1.0
573	0.0	2731.53408	752.89392	46.756224	103.930992	0.0	1.0
573	0.0	2525.2608	320.6757600000001	72.807168	79.95456	0.0	1.0
573	0.0	2862.0211200000003	776.2888800000001	48.879744	112.59259200000001	0.0	1.0
573	0.0	862.94016	1710.18648	126.018432	113.88492	0.0	1.0
574	0.0	2721.4848	728.6284800000001	52.202496	82.994544	0.0	1.0
574	0.0	2852.14464	760.9572000000001	59.876352	126.250704	0.0	1.0
574	3.0	2535.96288	373.50072	53.541504	81.46267200000001	0.0	1.0
574	0.0	1186.09536	503.26055999999994	62.070528	81.934848	0.0	1.0
574	0.0	747.6864	1069.69032	25.719551999999997	45.90021600000001	0.0	1.0
574	0.0	2722.11456	759.2810400000001	52.102272	133.811136	0.0	1.0
574	0.0	2704.64256	585.1612799999999	48.073344	90.985248	0.0	1.0
574	0.0	2516.11008	1694.64312	85.946112	88.371	0.0	1.0
574	0.0	2605.8777600000003	1717.5758400000002	54.73536	70.94239200000001	0.0	1.0
574	0.0	1825.7856	1966.0104	107.01312	62.15918400000001	0.0	1.0
574	0.0	2462.18112	1875.78936	74.593536	72.243144	0.0	1.0
574	0.0	1020.31488	631.84752	101.549184	180.825264	0.0	1.0
574	3.0	986.43456	1160.02152	57.307776	103.883688	0.0	1.0
574	0.0	1015.5072	1495.48248	70.504704	100.79769600000002	0.0	1.0
574	0.0	2688.50304	1544.32872	80.142336	96.247656	0.0	1.0
574	0.0	861.90336	1710.62496	123.8688	112.973832	0.0	1.0
574	0.0	984.19584	1107.85752	60.25152	135.27324000000002	0.0	1.0
574	0.0	2519.13216	311.09183999999993	70.33536	78.74150399999999	0.0	1.0
575	3.0	1270.09536	1928.34648	95.38368	125.206776	0.0	1.0
575	0.0	1191.42912	529.7140800000001	80.197632	123.145488	0.0	1.0
575	0.0	2824.22016	739.2923999999999	45.345024	105.43219199999999	0.0	1.0
575	0.0	2673.03168	559.764	51.935232	93.349584	0.0	1.0
575	13.0	2055.9168	1109.12328	237.92256	51.979536	0.0	1.0
575	0.0	1184.30592	626.41512	48.709248	123.703416	0.0	1.0
575	0.0	2829.01248	751.3840799999999	56.318976	128.36772000000002	0.0	1.0
575	0.0	1020.2956799999998	631.89288	100.998528	179.38368	0.0	1.0
575	0.0	863.21664	1711.26648	125.710464	111.140208	0.0	1.0
575	0.0	2693.14944	1540.17504	80.463744	96.439464	0.0	1.0
575	0.0	1017.76512	1499.48928	63.011711999999996	89.23759200000002	0.0	1.0
575	3.0	988.17408	1172.37456	62.504064	102.048768	0.0	1.0
575	0.0	2717.4566400000003	733.94424	50.274048	110.027376	0.0	1.0
575	0.0	2854.2988800000003	756.22248	43.506048	120.72499200000001	0.0	1.0
575	0.0	2507.09376	306.73296000000005	79.158144	79.846776	0.0	1.0
575	0.0	984.0191999999998	1116.83448	59.553408000000005	126.106848	0.0	1.0
576	3.0	1274.31936	1933.18488	94.618368	124.354224	0.0	1.0
576	0.0	1418.2464	1980.20808	113.718528	73.69401599999999	0.0	1.0
576	0.0	1028.93568	1520.0136	77.241984	97.240824	0.0	1.0
576	0.0	2691.88608	1548.49536	80.557056	70.83136800000001	0.0	1.0
576	0.0	1186.8787200000002	543.11472	80.643456	127.07625600000001	0.0	1.0
576	13.0	2053.29408	1107.3348	237.32505600000002	46.622952	0.0	1.0
576	3.0	1845.6	2070.5652	143.96736	74.761056	0.0	1.0
576	0.0	1847.33568	1966.15296	112.745856	60.51499200000001	0.0	1.0
576	0.0	2529.54624	1680.36552	81.619968	88.78572	0.0	1.0
576	0.0	1171.38816	547.02216	53.36832	95.485824	0.0	1.0
576	0.0	2660.19456	549.10656	41.55456	83.946456	0.0	1.0
576	0.0	2692.09728	557.4700799999999	48.196608	84.215592	0.0	1.0
576	0.0	2713.71264	738.37656	46.228992000000005	139.514832	0.0	1.0
576	0.0	1020.1152	632.45448	100.966272	179.63035200000004	0.0	1.0
576	0.0	1022.21568	1510.63488	66.54297600000001	86.53240800000002	0.0	1.0
576	0.0	861.0969599999999	1711.12176	121.830912	111.127464	0.0	1.0
576	0.0	2504.4288	297.54648	62.254464	73.351224	0.0	1.0
576	0.0	2849.3952	736.7760000000001	46.588800000000006	108.998568	0.0	1.0
576	3.0	989.8368	1183.9564799999998	61.78828800000001	105.330888	0.0	1.0
576	0.0	2716.36608	720.31032	43.052928	104.72263199999999	0.0	1.0
576	0.0	984.22272	1117.10016	56.997504000000006	105.334776	0.0	1.0
577	3.0	1177.4937599999998	550.62072	76.18598399999999	125.065296	0.0	1.0
577	0.0	796.1664000000001	1296.27864	70.60416000000001	49.675032	0.0	1.0
577	0.0	1269.79584	1933.6967999999997	68.152704	115.164936	0.0	1.0
577	0.0	2485.47072	1861.25472	89.488128	73.388592	0.0	1.0
577	0.0	1019.9808	631.4652000000001	101.65632	178.387056	0.0	1.0
577	0.0	985.19424	1143.05688	59.710464	128.52756	0.0	1.0
577	0.0	985.01376	1124.75088	57.124224	89.94499200000001	0.0	1.0
577	0.0	1754.37696	1676.43432	34.54176	61.89156	0.0	1.0
577	13.0	2053.56288	1107.88992	236.651136	47.863008	0.0	1.0
577	0.0	1861.08288	1966.81176	118.719744	60.988032	0.0	1.0
577	0.0	2499.31008	290.28456000000006	61.15200000000001	77.988528	0.0	1.0
577	0.0	1028.8896	1519.6788	64.830336	81.87156	0.0	1.0
577	0.0	2841.54624	722.9412000000001	55.024512	120.74853600000002	0.0	1.0
577	0.0	855.8976	1710.9468	111.81696	110.501928	0.0	1.0
577	0.0	2708.6630400000004	711.75456	47.80646399999999	104.591952	0.0	1.0
578	0.0	1019.7043199999999	631.9576800000001	101.459712	178.096752	0.0	1.0
578	0.0	2809.24032	715.7289599999999	45.993216000000004	129.781224	0.0	1.0
578	13.0	2052.94464	1108.0476	237.16339200000002	48.044664	0.0	1.0
578	0.0	2716.30464	1514.0844	70.411392	92.789712	0.0	1.0
578	0.0	2714.93376	1530.03168	70.354944	63.227088	0.0	1.0
578	0.0	2672.48256	536.91984	57.626112	82.782216	0.0	1.0
578	0.0	2541.76128	1676.33712	77.208192	78.30259199999999	0.0	1.0
578	0.0	1167.4867200000003	533.37312	63.83001599999999	67.07124	0.0	1.0
578	0.0	1430.3616	1988.90424	114.288768	77.86367999999999	0.0	1.0
578	0.0	1753.0176	1668.58056	36.533952	64.537344	0.0	1.0
578	0.0	2703.36	698.35824	45.385344	92.100888	0.0	1.0
578	0.0	1869.91104	1967.93712	124.098816	63.72518400000001	0.0	1.0
578	0.0	1034.88384	1533.2738399999998	68.793216	91.718352	0.0	1.0
578	0.0	2704.75776	721.3816800000001	45.836544	136.7982	0.0	1.0
578	0.0	2492.97024	1855.42704	88.653696	71.20872000000001	0.0	1.0
578	0.0	857.9174400000002	1711.57104	116.249088	109.713096	0.0	1.0
578	0.0	2842.07232	718.39872	42.863616	117.00374399999998	0.0	1.0
578	0.0	2485.07136	285.79392000000007	67.355904	84.267216	0.0	1.0
579	0.0	1164.0192	562.37112	73.558656	112.657176	0.0	1.0
579	0.0	1274.5305600000002	1936.28016	63.11539199999999	98.866656	0.0	1.0
579	0.0	1165.35552	543.61152	74.529792	76.713912	0.0	1.0
579	0.0	2718.24768	1523.02032	72.52300799999999	64.187208	0.0	1.0
579	13.0	2052.86016	1107.7343999999998	237.646848	47.170944	0.0	1.0
579	0.0	2281.52064	129.07382400000006	145.310208	99.702792	0.0	1.0
579	0.0	1020.0192	632.02248	102.146688	178.42096800000002	0.0	1.0
579	0.0	1752.86784	1664.91504	36.2442624	62.04492	0.0	1.0
579	0.0	2671.04256	526.99896	48.745728	82.06056	0.0	1.0
579	0.0	2699.94624	687.75264	44.52288	90.70272	0.0	1.0
579	0.0	2499.7977600000004	1851.2625600000001	84.19392	66.500136	0.0	1.0
579	0.0	2699.96544	712.3204800000001	44.809728	136.750032	0.0	1.0
579	0.0	1030.77888	1540.65672	53.630976	81.82836	0.0	1.0
579	0.0	2801.38368	715.88016	50.193024	146.281464	0.0	1.0
579	0.0	985.67424	1162.17288	54.311808	110.761992	0.0	1.0
579	0.0	852.6643199999999	1711.26648	106.04928	110.389176	0.0	1.0
579	0.0	2836.86912	714.88872	41.827968	117.45108	0.0	1.0
579	0.0	2475.90528	280.01591999999994	87.312768	90.698832	0.0	1.0
580	0.0	989.45664	1170.65736	59.784192	103.302648	0.0	1.0
580	0.0	2504.3328	1845.99648	86.006784	73.652976	0.0	1.0
580	0.0	990.79296	1201.62528	63.026304	164.93479200000002	0.0	1.0
580	13.0	2052.97152	1107.82296	237.823872	47.122992	0.0	1.0
580	0.0	1752.2304	1659.852	38.1705216	68.548896	0.0	1.0
580	0.0	1020.03456	632.3724	102.28377600000002	175.688136	0.0	1.0
580	0.0	2661.73056	525.5388	58.28121599999999	100.044288	0.0	1.0
580	0.0	2722.49856	1514.53368	76.02547200000001	70.354224	0.0	1.0
580	0.0	857.3951999999999	1711.41768	114.47308799999999	109.475064	0.0	1.0
580	0.0	2826.9312	691.13952	51.710976	110.365848	0.0	1.0
580	0.0	1038.5088	1552.77432	58.017792	82.97488799999999	0.0	1.0
580	0.0	2695.03872	685.2146399999999	45.44256	105.589008	0.0	1.0
580	0.0	2470.90944	274.26815999999997	80.96832	88.59996	0.0	1.0
581	0.0	2726.21568	1504.0296	79.310976	84.251664	0.0	1.0
581	0.0	2506.23744	1839.6936	93.369216	72.766512	0.0	1.0
581	0.0	2656.41216	518.0544	59.186304	102.730032	0.0	1.0
581	0.0	1019.8464	631.97496	102.95769599999998	175.167576	0.0	1.0
581	13.0	2053.59744	1107.91584	237.344256	46.795752	0.0	1.0
581	0.0	3000.46848	580.7203199999999	45.53663999999999	47.21976	0.0	1.0
581	0.0	850.47936	1710.93384	102.161664	109.913544	0.0	1.0
581	0.0	2465.1072000000004	266.63904	64.086912	81.381672	0.0	1.0
581	0.0	1041.6038400000002	1559.67768	50.726016	78.01164	0.0	1.0
581	0.0	2817.24288	679.4560799999999	61.39660800000001	113.47884	0.0	1.0
581	0.0	991.4188800000001	1204.6212	62.825088	143.59831200000002	0.0	1.0
581	0.0	2728.8576000000003	1489.15152	74.0544	97.762896	0.0	1.0
581	0.0	1142.75712	600.0760799999999	54.20544	96.452208	0.0	1.0
582	0.0	2805.68832	664.80048	68.39577600000001	113.98384799999998	0.0	1.0
582	13.0	2053.14816	1107.6048	238.63488	46.251000000000005	0.0	1.0
582	0.0	1052.11008	1571.94648	58.599936	79.18992	0.0	1.0
582	0.0	2679.40608	656.47152	60.97996800000001	95.278032	0.0	1.0
582	0.0	2729.53728	1483.57008	75.63955200000001	96.32671200000001	0.0	1.0
582	0.0	1750.6713599999998	1659.40272	38.0734848	65.11665599999999	0.0	1.0
582	0.0	992.71296	1209.9348	58.22054399999999	127.65276	0.0	1.0
582	0.0	860.2137600000001	1711.40904	121.425792	110.231712	0.0	1.0
582	0.0	2450.06592	263.08583999999996	89.45318399999998	84.562056	0.0	1.0
582	0.0	2817.7728	671.41224	45.023616000000004	107.134488	0.0	1.0
582	0.0	1137.17376	605.39832	52.935936000000005	94.77691200000001	0.0	1.0
583	0.0	1749.61536	1656.15408	36.6584448	58.767336	0.0	1.0
583	0.0	1914.82752	1961.6904	118.143744	70.335864	0.0	1.0
583	0.0	995.7504000000001	1231.62336	64.02624	145.963296	0.0	1.0
583	0.0	2809.63584	664.19136	54.880512	113.1408	0.0	1.0
583	0.0	859.7759999999998	1711.15416	121.04755199999998	110.700432	0.0	1.0
583	0.0	1140.94848	607.01832	71.876352	115.4034	0.0	1.0
583	0.0	2676.55296	642.3516000000001	51.343872	85.145256	0.0	1.0
583	0.0	2732.16384	1497.52152	83.699712	77.07744	0.0	1.0
583	0.0	2439.75936	255.24720000000002	87.62688	80.17012799999999	0.0	1.0
584	0.0	2659.99872	1660.02912	65.24620800000001	69.375096	0.0	1.0
584	0.0	1747.9488	1656.9381600000002	38.772096000000005	61.123464	0.0	1.0
584	0.0	1139.94624	617.16168	75.938688	124.411032	0.0	1.0
584	0.0	1065.11616	1591.68456	59.54073600000001	80.749872	0.0	1.0
584	0.0	860.26368	1710.66816	123.756672	110.589192	0.0	1.0
584	0.0	2671.16544	636.6578399999999	47.56876799999999	93.929544	0.0	1.0
584	0.0	2808.7296	656.48016	50.01868799999999	106.06593600000001	0.0	1.0
584	0.0	2429.25696	249.53616	82.329984	80.477496	0.0	1.0
585	0.0	2795.77344	639.49608	67.272192	133.04088000000002	0.0	1.0
585	0.0	1933.6704	1962.23688	119.136384	75.992472	0.0	1.0
585	0.0	1003.34208	1264.49856	65.33414400000001	160.56424800000002	0.0	1.0
585	0.0	1308.82176	1948.19688	93.38688	95.850648	0.0	1.0
585	0.0	1475.77344	2013.31656	108.844416	85.675104	0.0	1.0
585	0.0	2588.2944	1621.15992	75.06816	90.968616	0.0	1.0
585	0.0	2666.94144	621.91584	45.244800000000005	91.760472	0.0	1.0
585	0.0	2668.2201600000003	1648.47312	70.009344	81.680832	0.0	1.0
585	0.0	1132.0857600000004	625.74984	67.403136	115.063416	0.0	1.0
585	0.0	2542.41792	1816.9617600000001	76.816512	75.32157600000001	0.0	1.0
585	0.0	1914.49728	2064.89736	138.633984	72.11052	0.0	1.0
585	0.0	861.0854399999998	1710.58176	125.52383999999999	111.932064	0.0	1.0
585	0.0	1073.53728	1602.3268799999998	61.82016	82.04004	0.0	1.0
585	0.0	2422.5868800000003	244.27008	87.403776	81.007992	0.0	1.0
586	0.0	1007.73888	1276.09128	71.703552	155.258856	0.0	1.0
586	0.0	2653.0752	639.94968	60.961536	143.44192800000002	0.0	1.0
586	0.0	2621.09952	447.64056000000005	62.408064	68.4396	0.0	1.0
586	0.0	1319.13216	1951.74144	92.971776	96.486336	0.0	1.0
586	0.0	2752.56192	1467.8064000000002	77.647872	71.70595200000001	0.0	1.0
586	0.0	1921.44768	2063.26656	137.94355199999998	71.838144	0.0	1.0
586	0.0	1482.05952	2015.42688	108.49651200000001	84.89599199999999	0.0	1.0
586	0.0	1075.12704	1609.22808	54.30950399999999	75.097368	0.0	1.0
586	0.0	2547.83232	1814.39784	76.088448	71.692344	0.0	1.0
586	0.0	2669.6832	1644.58944	58.270848	71.507016	0.0	1.0
586	0.0	2653.80096	614.49624	60.458496	93.639024	0.0	1.0
586	0.0	862.5753599999999	1710.4478399999998	127.406208	112.11264	0.0	1.0
586	0.0	1128.25728	636.78096	70.4448	119.590128	0.0	1.0
586	0.0	2794.31424	625.63752	52.765056	112.58028000000002	0.0	1.0
586	0.0	2407.22688	233.59967999999992	79.585536	71.774424	0.0	1.0
587	0.0	1746.33216	1646.17704	37.4296704	45.07185599999999	0.0	1.0
587	0.0	1322.84928	1957.53456	98.06668800000001	102.131064	0.0	1.0
587	0.0	1019.22048	629.73504	101.66592	175.69072800000004	0.0	1.0
587	0.0	2756.95104	1444.40712	76.445184	94.827672	0.0	1.0
587	0.0	2174.89152	90.23961599999996	92.383488	75.79288799999999	0.0	1.0
587	0.0	1927.05408	2064.59496	136.794624	73.97784	0.0	1.0
587	0.0	2671.68384	1639.55448	58.100736000000005	64.486152	0.0	1.0
587	0.0	2646.59712	630.04176	62.310912	139.35348000000002	0.0	1.0
587	0.0	2650.32576	604.06776	56.030208	96.742728	0.0	1.0
587	0.0	1092.23424	1636.7292	80.820096	106.569648	0.0	1.0
587	0.0	1487.27424	2018.81808	110.582016	80.715312	0.0	1.0
587	0.0	1013.53728	1288.40328	75.106176	155.98893600000002	0.0	1.0
587	0.0	2550.3936	1808.22672	85.856256	77.104224	0.0	1.0
587	0.0	862.36416	1710.86904	128.53248000000002	111.537648	0.0	1.0
587	0.0	2775.4252800000004	612.9756	78.54144	114.43334399999999	0.0	1.0
587	0.0	2395.34976	230.59943999999984	89.58220800000001	75.53908799999999	0.0	1.0
587	0.0	1123.23072	645.53544	75.90912	118.41033599999999	0.0	1.0
588	0.0	2786.24256	602.86464	50.768256	129.99636	0.0	1.0
588	0.0	1016.92416	1302.70248	76.716672	161.20425600000002	0.0	1.0
588	0.0	1933.45536	2062.24488	138.996096	70.446456	0.0	1.0
588	0.0	2378.96064	223.82352000000014	88.596096	70.8804	0.0	1.0
588	0.0	2683.35744	1625.30928	68.351616	92.365056	0.0	1.0
588	0.0	1093.09056	1635.52392	62.790912	82.691496	0.0	1.0
588	0.0	2555.04768	1801.72512	87.486336	82.082808	0.0	1.0
588	0.0	2647.61856	594.3952800000002	48.785664	89.19007200000001	0.0	1.0
588	0.0	1493.63712	2020.41648	112.125696	84.55147199999999	0.0	1.0
588	0.0	861.8303999999998	1710.2361600000002	127.61472	112.671432	0.0	1.0
588	0.0	1118.66112	653.616	72.026112	114.95066400000002	0.0	1.0
589	0.0	1335.8784	1968.46416	76.038528	70.956216	0.0	1.0
589	0.0	1941.98016	2062.584	136.694016	76.130928	0.0	1.0
589	0.0	1016.51328	1309.66848	70.096896	147.006144	0.0	1.0
589	0.0	2770.0569600000003	1423.1073600000002	72.395904	102.99311999999999	0.0	1.0
589	0.0	2686.30272	1621.8252	64.88947200000001	81.818208	0.0	1.0
589	0.0	2764.65792	593.03016	78.397824	120.292776	0.0	1.0
589	0.0	2565.03168	1789.46064	76.10342399999999	79.01366399999999	0.0	1.0
589	0.0	2613.0240000000003	1590.19848	64.45132799999999	89.71171199999999	0.0	1.0
589	0.0	2631.49056	578.41344	68.558976	79.644384	0.0	1.0
589	0.0	2370.77376	218.5250400000001	90.749952	70.806096	0.0	1.0
589	0.0	1101.49248	1647.86184	64.257792	87.964704	0.0	1.0
589	0.0	1496.6784	2019.96936	117.274752	78.7374	0.0	1.0
589	0.0	861.82656	1710.9619200000002	126.784896	110.752488	0.0	1.0
589	0.0	1113.69984	660.5949599999999	73.367808	111.590136	0.0	1.0
590	0.0	1352.06784	1973.92032	96.680448	76.378032	0.0	1.0
590	0.0	2215.4688	101.29622399999982	58.881024	57.009744000000005	0.0	1.0
590	0.0	1976.82816	1963.47024	118.470528	89.56785599999999	0.0	1.0
590	13.0	2052.82944	1107.33912	234.3648	46.232208	0.0	1.0
590	0.0	2588.95488	417.3249599999999	58.604928	85.05432	0.0	1.0
590	0.0	1357.68192	1984.73976	106.311936	88.81941600000002	0.0	1.0
590	0.0	2693.47584	1614.50064	65.836416	75.71620800000001	0.0	1.0
590	0.0	2772.44928	1416.11328	74.97523199999999	101.02082399999999	0.0	1.0
590	0.0	1014.30144	1299.78432	59.25350400000001	99.22370400000001	0.0	1.0
590	0.0	2730.816	597.3199199999999	55.01222400000001	137.14056000000002	0.0	1.0
590	0.0	1106.10048	676.87488	67.377408	118.238616	0.0	1.0
590	0.0	2629.4937600000003	576.7934400000001	55.13664	91.631952	0.0	1.0
590	0.0	1110.04416	1658.41128	67.910016	85.905792	0.0	1.0
590	0.0	2362.25664	214.39252799999997	95.7984	75.37341599999999	0.0	1.0
590	0.0	2771.15904	586.3147200000001	47.856384	117.656064	0.0	1.0
590	0.0	2617.88544	1579.90824	68.947968	96.639048	0.0	1.0
590	0.0	1498.6944	2023.62624	116.39270400000001	78.350328	0.0	1.0
590	0.0	861.6192000000001	1711.1412	126.79372799999999	111.390336	0.0	1.0
590	0.0	2570.71872	1783.3996800000002	75.07660800000001	77.612472	0.0	1.0
591	0.0	2777.4528	1407.8016	75.56544000000001	100.11232799999999	0.0	1.0
591	0.0	1122.4512	686.00736	44.282880000000006	119.68063200000002	0.0	1.0
591	13.0	2053.84704	1106.3973600000002	231.62688	44.491679999999995	0.0	1.0
591	0.0	2750.01216	574.97256	80.823936	114.730776	0.0	1.0
591	0.0	2576.1792	409.49496	65.144448	88.19582399999999	0.0	1.0
591	0.0	1742.61504	1630.584	35.3188608	58.76517599999999	0.0	1.0
591	0.0	2353.67808	209.6712000000001	105.571968	71.774208	0.0	1.0
591	0.0	2580.71424	1777.6108800000002	71.837568	78.016176	0.0	1.0
591	0.0	1117.4476800000002	1666.40544	65.94201600000001	82.66816800000001	0.0	1.0
591	0.0	1507.72608	2028.62448	128.099712	88.94015999999998	0.0	1.0
591	0.0	2693.73696	1608.6168	77.17823999999999	99.871488	0.0	1.0
591	0.0	1361.33376	1985.8154399999999	106.10496000000002	93.01975200000001	0.0	1.0
591	0.0	2620.59648	561.77496	63.389568	85.087368	0.0	1.0
591	0.0	1015.01568	1304.2404	52.986624	87.99537600000001	0.0	1.0
591	0.0	2762.1888	574.65936	54.894335999999996	110.247696	0.0	1.0
591	0.0	860.7590399999999	1710.82368	125.734272	111.71584800000001	0.0	1.0
591	0.0	1095.30624	694.33632	52.483968	111.834864	0.0	1.0
591	0.0	2621.3107200000004	1577.67912	74.123904	104.366448	0.0	1.0
592	0.0	1964.36352	2060.4672	138.889728	75.248352	0.0	1.0
592	0.0	2697.02784	1600.3483199999998	63.237888	84.100248	0.0	1.0
592	13.0	2053.46688	1106.16192	232.992384	43.682328	0.0	1.0
592	0.0	1509.35424	2028.1644	134.863488	71.905968	0.0	1.0
592	0.0	2591.3318400000003	1770.92352	63.13536000000001	78.070608	0.0	1.0
592	0.0	2344.64256	2014.77888	140.35008	85.40467199999999	0.0	1.0
592	0.0	1024.8384	1331.7912	62.84774399999999	120.16404	0.0	1.0
592	0.0	2619.264	577.51488	55.23839999999999	129.26995200000002	0.0	1.0
592	0.0	1366.79808	1989.2844	107.24160000000002	94.688136	0.0	1.0
592	0.0	1020.46464	1318.46832	54.80448	91.70063999999999	0.0	1.0
592	0.0	2347.81056	204.31094400000018	108.76377599999998	74.416104	0.0	1.0
592	0.0	2617.84704	558.9756	55.002624	94.56609599999999	0.0	1.0
592	0.0	859.3612800000001	1711.47384	122.93760000000002	110.353968	0.0	1.0
592	0.0	1129.61664	1685.20824	77.58604799999999	100.036296	0.0	1.0
592	0.0	2780.90496	1403.68248	74.645376	111.268728	0.0	1.0
592	0.0	2753.29536	567.7452	65.449344	119.226168	0.0	1.0
592	0.0	2623.88352	1578.10464	80.660736	119.78388	0.0	1.0
592	0.0	1103.00928	698.3107200000001	74.28288	123.579432	0.0	1.0
593	0.0	2699.81952	1596.48408	59.202432	73.407816	0.0	1.0
593	0.0	2568.11136	392.148	56.209152	79.75864800000001	0.0	1.0
593	0.0	1525.57056	2030.95512	116.33664	78.196968	0.0	1.0
593	0.0	1026.72384	1336.7592	59.671296000000005	101.079792	0.0	1.0
593	0.0	860.3827200000001	1710.28584	126.73920000000001	112.68460799999998	0.0	1.0
593	0.0	2340.32256	199.15783199999998	100.14182399999999	71.605728	0.0	1.0
593	0.0	2629.56288	1568.7972	80.583168	124.63070399999998	0.0	1.0
593	0.0	2786.17728	1392.768	69.75744	106.2234	0.0	1.0
593	0.0	1371.73248	1987.87824	113.84678399999999	97.50283199999998	0.0	1.0
593	0.0	2615.3664000000003	541.56384	46.790016	82.559088	0.0	1.0
593	0.0	2751.75168	557.9409599999999	50.36736	111.93897600000001	0.0	1.0
593	0.0	1137.53856	1701.9072	78.937728	105.378624	0.0	1.0
593	0.0	1095.6787199999999	707.82336	70.318848	117.742896	0.0	1.0
594	0.0	2549.04192	380.03256	69.22176	82.60574399999999	0.0	1.0
594	13.0	2053.98144	1105.53552	231.610368	42.777504	0.0	1.0
594	0.0	2706.07872	1587.84192	59.90976000000001	73.414944	0.0	1.0
594	0.0	861.7804799999999	1709.92296	129.335808	112.77252	0.0	1.0
594	0.0	1375.99488	1990.35576	122.22988800000002	101.517624	0.0	1.0
594	0.0	2018.86848	1937.50488	111.63417599999998	56.42935200000001	0.0	1.0
594	0.0	2331.44448	194.51901599999985	89.4528	70.051608	0.0	1.0
594	0.0	1146.40896	1708.05456	79.324032	97.501536	0.0	1.0
594	0.0	2606.8416	536.35392	53.635200000000005	88.35220799999999	0.0	1.0
594	0.0	1039.91808	1371.4488	76.44403199999999	144.29232	0.0	1.0
594	0.0	2737.728	540.77976	66.19392	111.47284799999998	0.0	1.0
594	0.0	1093.8624	715.0572	73.95455999999999	116.68039200000001	0.0	1.0
595	0.0	2635.40736	1567.90512	92.81126400000001	146.054448	0.0	1.0
595	0.0	771.0720000000001	1479.5892	64.176	61.645104	0.0	1.0
595	0.0	1382.88384	1994.71032	131.142144	103.119912	0.0	1.0
595	0.0	1545.25824	2037.11112	120.100224	77.83884	0.0	1.0
595	0.0	2597.08032	550.0720799999999	58.307328	137.114856	0.0	1.0
595	0.0	1028.59008	1350.25488	51.123072	83.46024	0.0	1.0
595	0.0	2721.99552	530.42904	80.573184	110.87604	0.0	1.0
595	0.0	860.8857600000001	1710.1692	127.711104	112.43728800000001	0.0	1.0
595	0.0	1044.50304	1384.59456	83.566464	152.089272	0.0	1.0
595	0.0	2544.28032	371.0340000000002	54.171648000000005	83.643624	0.0	1.0
595	0.0	2169.4809600000003	85.73040000000015	64.977792	57.843072	0.0	1.0
595	0.0	2329.344	190.007208	86.877696	70.20280799999999	0.0	1.0
595	0.0	1154.29632	1716.7032	80.480256	97.931376	0.0	1.0
595	0.0	2737.69728	531.99936	51.126144	107.055432	0.0	1.0
595	0.0	2593.8662400000003	533.0102400000001	62.784	103.129416	0.0	1.0
595	0.0	1090.8902399999997	730.5876000000001	71.986176	124.7076	0.0	1.0
596	0.0	2716.33536	1572.20136	55.945344	79.97572799999999	0.0	1.0
596	0.0	2716.44288	522.1044	81.60191999999999	108.860976	0.0	1.0
596	0.0	1158.90816	1727.69544	73.145088	89.50629599999998	0.0	1.0
596	0.0	861.7152	1709.75232	129.81043200000002	112.2822	0.0	1.0
596	0.0	2536.32	360.71136	65.46163200000001	82.157544	0.0	1.0
596	0.0	2310.7584	183.77992800000004	87.384576	71.245008	0.0	1.0
596	0.0	2581.71264	532.6776	75.297408	124.473888	0.0	1.0
596	0.0	2732.56704	525.7116	51.65260800000001	104.40338400000002	0.0	1.0
596	0.0	1050.80064	1396.86984	80.26368000000001	146.354688	0.0	1.0
596	0.0	1083.1910400000002	741.18024	66.634368	119.033928	0.0	1.0
596	0.0	1550.1964799999998	2041.71408	115.771776	83.513592	0.0	1.0
597	0.0	767.2166400000001	1488.6741599999998	61.769472	71.73036	0.0	1.0
597	0.0	2305.54752	178.54603199999997	76.392192	71.759304	0.0	1.0
597	0.0	860.97408	1709.964	127.953792	111.947832	0.0	1.0
597	0.0	2529.22368	359.69615999999996	69.973248	88.58959199999998	0.0	1.0
597	0.0	1170.59328	1732.92264	72.944256	81.479304	0.0	1.0
597	0.0	2577.9609600000003	509.02991999999995	73.088256	89.774136	0.0	1.0
597	0.0	1083.5251199999998	748.50048	71.821056	119.224656	0.0	1.0
597	0.0	2725.83552	512.96112	50.854272	105.824232	0.0	1.0
598	0.0	2812.7808	1364.43096	62.985984	56.90411999999999	0.0	1.0
598	0.0	767.8656000000001	1489.6656	65.908608	75.409704	0.0	1.0
598	0.0	680.1638400000002	1788.86664	88.59456	56.872584	0.0	1.0
598	0.0	2643.41376	1567.90512	102.091392	190.808352	0.0	1.0
598	0.0	2603.4163200000003	1778.69736	105.173376	169.5168	0.0	1.0
598	0.0	1046.0352	1403.87256	52.589183999999996	114.09055199999999	0.0	1.0
598	0.0	2568.3456	494.35488	70.0992	75.825936	0.0	1.0
598	0.0	1180.8768	1746.0792	77.392896	82.892592	0.0	1.0
598	0.0	1561.68192	2046.2371199999998	117.60768	77.78548799999999	0.0	1.0
598	0.0	2053.57056	1937.74464	122.259072	77.263848	0.0	1.0
598	0.0	1061.088	1417.3963199999998	81.542784	140.59396800000002	0.0	1.0
598	0.0	2011.15776	2051.10576	137.2704	72.339696	0.0	1.0
598	0.0	1400.91264	1994.7988799999998	139.46764800000005	91.24725599999998	0.0	1.0
598	0.0	862.1222399999999	1709.83872	129.83424	113.067576	0.0	1.0
598	0.0	2513.568	340.42247999999995	74.959872	78.839352	0.0	1.0
598	0.0	1183.35744	1775.40552	84.19084799999999	140.91732000000002	0.0	1.0
598	0.0	2707.77984	504.68832	69.853824	107.191296	0.0	1.0
598	0.0	1079.41632	760.3869599999999	71.852544	122.802696	0.0	1.0
599	0.0	679.2153600000001	1789.34184	87.61420799999999	56.196072	0.0	1.0
599	0.0	2819.04768	1339.07472	63.17376	97.033032	0.0	1.0
599	0.0	2021.15328	2049.57	130.09728	69.372072	0.0	1.0
599	0.0	1048.15104	1398.38616	48.043008	80.061696	0.0	1.0
599	0.0	1566.4128	2047.40352	125.39059199999998	76.571136	0.0	1.0
599	0.0	765.44256	1491.89472	64.64486400000001	74.54916	0.0	1.0
599	0.0	2565.52704	488.59848	66.982272	85.40056799999999	0.0	1.0
599	0.0	1185.57696	1753.17696	72.00460799999999	83.100168	0.0	1.0
599	0.0	1067.1168	774.02952	53.550720000000005	102.41963999999999	0.0	1.0
599	0.0	861.38496	1710.10872	128.781696	112.925448	0.0	1.0
599	0.0	2702.50752	493.94016	69.11116799999999	107.27661599999999	0.0	1.0
599	0.0	1413.2352	2007.80424	115.711872	96.22044	0.0	1.0
599	0.0	2505.18528	333.97488	73.576704	81.07668	0.0	1.0
600	0.0	2733.18912	1547.5752000000002	60.74227200000001	72.54791999999999	0.0	1.0
600	0.0	2669.83296	1503.54144	73.617024	101.514816	0.0	1.0
600	0.0	768.8678399999999	1492.34616	69.61728	78.303888	0.0	1.0
600	0.0	2277.69216	167.32828799999993	84.58944	74.216304	0.0	1.0
600	0.0	2501.48352	326.97648000000015	78.096768	82.14652799999999	0.0	1.0
600	0.0	2021.92128	2051.26128	137.935104	76.32921599999999	0.0	1.0
600	0.0	1063.53408	774.6515999999999	53.44512	103.78152	0.0	1.0
600	0.0	1202.46528	1788.6463199999998	89.43360000000001	132.0462	0.0	1.0
600	0.0	1073.4489600000002	779.28696	69.997056	113.57236800000001	0.0	1.0
600	0.0	1417.45152	2010.79368	111.829248	87.881328	0.0	1.0
600	0.0	2702.04672	489.20543999999995	54.782976	107.6274	0.0	1.0
600	0.0	2557.98144	479.87208	72.605184	87.591456	0.0	1.0
601	0.0	861.15456	1709.64648	128.338944	112.83948000000001	0.0	1.0
601	0.0	2029.77408	2049.80544	140.519424	80.96004	0.0	1.0
601	0.0	1067.3472	795.6684	66.485376	125.635536	0.0	1.0
601	0.0	2742.9235200000003	1531.04904	61.517568000000004	90.103536	0.0	1.0
601	0.0	2557.05984	469.3896	64.019712	88.328664	0.0	1.0
601	0.0	1063.68384	777.9888	60.655872	87.560352	0.0	1.0
601	0.0	2699.66976	480.44448	46.59379199999999	102.736296	0.0	1.0
602	0.0	1063.39584	1442.33352	54.568704	90.608328	0.0	1.0
602	0.0	2486.4384	314.36424	69.93792	86.72076	0.0	1.0
602	0.0	2682.61248	456.10992	75.593856	124.524648	0.0	1.0
602	0.0	1065.3196799999998	800.94096	67.80095999999999	114.384528	0.0	1.0
602	0.0	2540.8512	466.03728	75.508224	97.79011199999998	0.0	1.0
603	0.0	2106.39744	1913.97384	106.311936	60.745248000000004	0.0	1.0
603	0.0	1068.81408	828.8676	54.329088000000006	100.484928	0.0	1.0
603	0.0	2747.30496	1519.3764	55.00416	84.772008	0.0	1.0
603	0.0	1085.1571199999998	1473.8436000000002	84.42048	137.125656	0.0	1.0
603	0.0	2534.03136	451.61928	74.57740799999999	86.13064800000001	0.0	1.0
603	0.0	1062.0710400000003	812.31984	72.226176	121.515336	0.0	1.0
604	0.0	759.6134400000001	1521.04608	59.54496	61.645751999999995	0.0	1.0
604	0.0	2674.12224	445.03775999999993	52.81728	103.752144	0.0	1.0
604	0.0	2836.1971200000003	1297.53792	72.999936	101.59236	0.0	1.0
604	0.0	861.39648	1709.4801599999998	130.27660799999998	114.01495200000001	0.0	1.0
604	0.0	1090.55616	1485.5184	86.52633599999999	139.239216	0.0	1.0
604	0.0	2466.19392	303.66143999999997	88.58726399999998	90.52776	0.0	1.0
604	0.0	1056.23808	807.06888	65.33107199999999	83.952288	0.0	1.0
604	0.0	2111.23968	1914.73848	116.652288	66.902976	0.0	1.0
604	0.0	1057.76256	820.6552800000001	66.06758400000001	115.263648	0.0	1.0
604	0.0	2529.09696	440.75664000000006	68.500608	79.986528	0.0	1.0
605	0.0	1440.65664	2012.4396000000002	129.27168	77.461704	0.0	1.0
605	0.0	860.54784	1709.17344	127.788672	113.65293599999998	0.0	1.0
605	0.0	2451.09888	285.6967199999999	97.650816	99.01872	0.0	1.0
605	0.0	2671.1232	439.38072	45.26016	100.31882400000002	0.0	1.0
605	0.0	2758.65984	1497.4696800000002	60.511104	98.099208	0.0	1.0
605	0.0	1056.62208	818.51472	68.37350400000001	88.46215199999997	0.0	1.0
605	0.0	2523.00288	435.31344	65.16288	85.245048	0.0	1.0
605	0.0	1098.8659199999997	1500.53256	91.211136	141.950016	0.0	1.0
606	1.0	2200.38144	170.0136	119.08876799999999	99.12996	0.0	1.0
606	0.0	1088.95488	1503.32112	56.517888	123.29085600000002	0.0	1.0
606	0.0	2698.20672	1453.67136	72.796032	95.99148	0.0	1.0
606	0.0	1441.00608	2012.50656	133.239936	76.99752	0.0	1.0
606	0.0	2444.08704	276.08687999999995	75.838848	92.974176	0.0	1.0
606	0.0	1051.296	836.49456	65.301504	100.53547199999998	0.0	1.0
606	0.0	860.9664	1709.75664	128.55129599999998	113.712552	0.0	1.0
606	0.0	2760.24576	1499.6772	61.663872000000005	78.660936	0.0	1.0
606	0.0	2653.42848	427.19183999999996	69.193728	110.730888	0.0	1.0
606	0.0	1104.45696	1509.6132	88.98739199999999	137.996568	0.0	1.0
606	0.0	2841.66528	1285.5002399999998	76.848	107.351568	0.0	1.0
606	0.0	2510.3616	427.62384	80.015616	94.54190399999999	0.0	1.0
607	0.0	2432.5324800000003	276.6592800000001	87.575808	88.96759200000001	0.0	1.0
607	0.0	2655.33696	422.07696	53.515776	106.374384	0.0	1.0
607	0.0	860.6323199999999	1709.37	128.749056	113.508648	0.0	1.0
607	0.0	1456.16256	2019.59568	141.170304	82.53187199999999	0.0	1.0
607	0.0	1109.71392	1520.57088	85.427328	133.29792	0.0	1.0
607	0.0	2765.2416	1497.65976	58.43481600000001	67.888584	0.0	1.0
607	0.0	2501.42592	418.52592000000004	81.132672	88.38158399999999	0.0	1.0
607	0.0	1052.2559999999999	858.0427199999999	69.93216	125.94938399999998	0.0	1.0
608	0.0	1043.73504	853.1935199999999	59.591808	74.538144	0.0	1.0
608	0.0	1465.4668800000002	2024.85096	122.368896	82.592568	0.0	1.0
608	0.0	2428.0896	269.54423999999995	82.7136	90.040896	0.0	1.0
608	0.0	2853.504	1267.4232	69.24672	103.01277600000002	0.0	1.0
608	0.0	2500.43136	412.06968000000006	68.835072	86.42159999999998	0.0	1.0
608	0.0	2642.00064	406.96992	68.46988800000001	106.93447199999999	0.0	1.0
609	0.0	861.30432	1709.54064	129.311232	113.11423200000002	0.0	1.0
609	0.0	2414.87232	264.58488	90.674688	86.31144	0.0	1.0
609	0.0	2858.0736	1261.65816	67.9008	80.292816	0.0	1.0
609	0.0	2090.7648	2038.67496	141.802368	89.500464	0.0	1.0
609	0.0	2483.9616	401.5656	82.57535999999999	83.864592	0.0	1.0
609	0.0	2771.04384	1466.22096	65.673216	104.019552	0.0	1.0
609	0.0	1736.2598400000002	1573.7630399999998	39.687552	56.823552	0.0	1.0
609	0.0	2185.29792	137.66868	68.5056	62.664192	0.0	1.0
609	0.0	1474.7404800000002	2023.88328	112.099584	75.310128	0.0	1.0
609	0.0	1046.1312	884.5848	66.235392	129.55464	0.0	1.0
609	0.0	2626.10688	398.78783999999996	88.227456	111.309984	0.0	1.0
610	0.0	1637.39904	2069.01216	133.505664	77.874048	0.0	1.0
610	0.0	2482.30656	392.68584	74.882688	85.913352	0.0	1.0
610	0.0	2777.80992	1460.83392	58.99430400000001	101.10506399999998	0.0	1.0
610	0.0	2858.94528	1260.26712	70.371072	75.707352	0.0	1.0
610	0.0	1472.89344	2024.48376	98.6976	72.550728	0.0	1.0
610	0.0	861.6576	1709.2533600000002	130.08115199999995	113.521824	0.0	1.0
610	0.0	1128.87936	1556.66232	90.16703999999999	136.13961600000002	0.0	1.0
610	0.0	1044.6912	887.18976	65.299584	118.20708	0.0	1.0
610	0.0	1309.20192	1857.35808	100.36032	85.94856	0.0	1.0
610	0.0	2629.73952	389.94912	54.778368	110.127168	0.0	1.0
611	0.0	2722.6944	1420.92792	66.73536	73.266336	0.0	1.0
611	0.0	2472.1152	385.50816	72.728064	82.74636000000001	0.0	1.0
611	0.0	1492.04736	2032.82136	115.454208	78.59224800000001	0.0	1.0
611	0.0	1319.37792	1862.45784	101.339904	79.906392	0.0	1.0
611	0.0	2863.86816	1257.8544	72.62246400000001	79.943544	0.0	1.0
611	0.0	2782.87488	1453.39488	63.20448	104.193216	0.0	1.0
611	0.0	860.9932800000001	1709.28144	129.11078400000002	112.880952	0.0	1.0
611	0.0	1137.6576	1568.19024	89.923584	132.314472	0.0	1.0
611	0.0	2107.45728	2029.02408	134.14809599999998	77.416128	0.0	1.0
611	0.0	2167.92576	133.85368800000015	73.056	69.718536	0.0	1.0
611	0.0	1040.68608	883.76184	64.78387199999999	90.91202399999999	0.0	1.0
611	0.0	2619.072	383.9788800000001	64.138752	113.191776	0.0	1.0
612	0.0	2602.16448	375.29351999999994	87.22060800000001	122.764248	0.0	1.0
612	0.0	1038.7046400000002	910.36224	63.07699199999999	121.814496	0.0	1.0
612	0.0	1652.80128	2069.70336	134.555904	70.364592	0.0	1.0
612	0.0	1040.20608	927.50616	52.11148800000001	109.714176	0.0	1.0
612	0.0	2781.52704	1447.2021599999998	67.00838399999999	99.651384	0.0	1.0
612	1.0	2145.4848	165.05855999999994	126.64704000000002	108.202608	0.0	1.0
612	0.0	2723.18976	1410.5016	66.75456	96.0552	0.0	1.0
612	0.0	1493.61792	2030.616	113.85638400000002	73.21492799999999	0.0	1.0
612	0.0	2375.40864	239.26103999999998	86.132736	76.673088	0.0	1.0
612	0.0	2868.62592	1233.22392	70.49548800000001	110.581848	0.0	1.0
612	0.0	2114.8224	2027.37816	134.42304	76.267872	0.0	1.0
612	0.0	2463.9168	378.30672000000004	72.594048	74.15431199999999	0.0	1.0
612	0.0	2689.89312	1628.17128	60.109056	78.242328	0.0	1.0
613	0.0	2871.25632	1221.36552	68.9472	107.805384	0.0	1.0
613	0.0	1665.03168	2069.8092	125.961216	62.523144	0.0	1.0
613	0.0	2788.18176	1438.66584	56.07552	99.955512	0.0	1.0
613	0.0	2728.98432	1392.86952	67.77254400000001	109.87034400000002	0.0	1.0
613	0.0	2369.13792	234.07488000000012	89.84716799999998	73.038456	0.0	1.0
613	0.0	2124.14592	2027.55312	138.66816	80.449848	0.0	1.0
613	0.0	1500.86016	2034.0828	127.43807999999999	76.06180800000001	0.0	1.0
613	0.0	2689.48224	1625.3892	64.90214399999999	78.537168	0.0	1.0
613	0.0	1034.2732799999999	925.15608	58.541952	128.014128	0.0	1.0
613	0.0	1150.59456	1592.3260799999998	90.98918400000001	139.23489600000002	0.0	1.0
613	0.0	2602.00704	371.0361600000001	73.09555200000001	125.43228	0.0	1.0
613	0.0	2458.73664	370.18296	66.20083199999999	74.35152000000001	0.0	1.0
614	0.0	2131.3190400000003	2026.08864	140.260224	82.989144	0.0	1.0
614	0.0	2977.75872	596.1276	88.23859199999998	107.680752	0.0	1.0
614	0.0	2695.00416	1621.89432	60.331776000000005	78.19264799999999	0.0	1.0
614	0.0	1676.41344	2070.85248	120.28876800000002	66.041568	0.0	1.0
614	0.0	1032.43008	915.44904	60.93235200000001	83.070144	0.0	1.0
614	0.0	1158.46272	1601.94024	95.24544000000002	139.026888	0.0	1.0
614	0.0	1503.7977600000002	2041.8372	135.810048	84.276072	0.0	1.0
614	0.0	2734.3564800000004	1380.00024	66.15168	103.369176	0.0	1.0
614	0.0	2791.4496	1430.22456	58.557311999999996	99.166896	0.0	1.0
614	0.0	1038.74688	933.552	53.94816	123.070968	0.0	1.0
614	0.0	2874.48576	1218.9743999999998	74.97139200000001	115.91164800000001	0.0	1.0
614	0.0	2443.76832	360.35928	79.54368	81.67175999999999	0.0	1.0
614	1.0	2129.23392	155.85501599999998	129.05856	114.56078400000001	0.0	1.0
614	0.0	2587.64544	350.56368	84.212352	117.209592	0.0	1.0
615	0.0	1031.712	944.66952	60.358656	125.7714	0.0	1.0
615	0.0	2792.91648	1424.13768	57.70368	98.690616	0.0	1.0
615	0.0	1032.98688	926.51256	60.53683199999999	90.71632800000002	0.0	1.0
615	0.0	2736.288	1372.2264	68.879232	103.061808	0.0	1.0
615	0.0	1369.9776	1895.03928	109.95916800000002	86.221368	0.0	1.0
615	0.0	1978.64448	35.15637599999991	55.851648	54.783648	0.0	1.0
615	0.0	745.41696	1549.48032	85.614336	69.12453599999999	0.0	1.0
615	0.0	2357.3952	224.61624000000006	91.333632	77.02819199999999	0.0	1.0
615	0.0	1173.1699199999998	1633.18464	82.821504	98.82432	0.0	1.0
615	0.0	1681.62816	2074.13568	122.41420800000002	72.503856	0.0	1.0
615	0.0	2705.77152	1597.19256	46.975488	92.919528	0.0	1.0
615	0.0	2131.29984	123.89522399999998	74.832384	69.071616	0.0	1.0
615	0.0	2700.89472	1610.8999199999998	55.903488	82.999512	0.0	1.0
615	0.0	2876.97408	1212.2827200000002	70.195968	111.696408	0.0	1.0
615	0.0	1504.70016	2040.6254399999998	135.64992	79.12944	0.0	1.0
615	1.0	2118.67392	161.51335199999994	128.187648	100.127232	0.0	1.0
615	0.0	2580.21888	345.4660799999999	84.960384	108.947808	0.0	1.0
615	0.0	2433.69984	354.68064000000015	85.04294399999999	86.11704	0.0	1.0
616	0.0	681.26208	1790.31168	79.83436800000001	66.829104	0.0	1.0
616	0.0	1972.30848	33.10459199999991	56.94835200000001	58.800599999999996	0.0	1.0
616	0.0	1029.9955200000002	955.88424	58.989696	125.222976	0.0	1.0
616	0.0	2796.13056	1426.00176	55.787904	82.409616	0.0	1.0
616	0.0	1380.30336	1894.44528	106.841856	72.83541600000001	0.0	1.0
616	0.0	1503.72864	2040.60168	135.495552	73.277136	0.0	1.0
616	0.0	1687.79904	2075.63256	121.494144	72.023472	0.0	1.0
616	0.0	2343.44448	218.56176000000016	97.067136	78.6564	0.0	1.0
616	0.0	2880.2688	1197.81288	72.217344	116.62185599999998	0.0	1.0
616	0.0	2571.60576	329.55552	91.224576	116.679096	0.0	1.0
616	1.0	2110.01856	153.601272	130.054272	95.252544	0.0	1.0
616	0.0	2427.3408	349.27416000000005	77.510784	84.62966399999999	0.0	1.0
617	56.0	860.73984	1707.6636	129.437184	114.646752	0.0	1.0
617	0.0	1160.5056	1612.04256	58.259328000000004	87.58584	0.0	1.0
617	0.0	1392.30336	1937.13552	118.185984	140.19955199999998	0.0	1.0
617	0.0	2710.65984	1590.34536	55.90732799999999	79.436376	0.0	1.0
617	0.0	1028.59392	961.524	56.967552000000005	114.156	0.0	1.0
617	0.0	681.49632	1790.62056	80.91072	68.77872	0.0	1.0
617	0.0	2742.19008	1366.75728	68.052864	89.78061600000001	0.0	1.0
617	0.0	2336.95872	211.47652800000003	86.81548799999999	84.629448	0.0	1.0
617	0.0	2881.71648	1188.64584	66.361728	113.184	0.0	1.0
617	0.0	2801.6064	1406.64168	59.894784	101.357136	0.0	1.0
617	1.0	2098.66368	142.413768	127.137408	101.958048	0.0	1.0
617	0.0	1529.20704	2045.45088	138.385152	80.742744	0.0	1.0
617	0.0	1692.00768	2076.87888	124.35955200000001	67.486824	0.0	1.0
617	0.0	2418.32832	343.41624	76.16448000000001	80.323056	0.0	1.0
617	0.0	2155.43424	2021.68224	138.15168	87.93597599999998	0.0	1.0
617	0.0	2566.24512	324.2138400000001	88.11456000000001	118.04788799999999	0.0	1.0
618	0.0	2885.55648	1181.95632	70.144128	103.43808	0.0	1.0
618	0.0	2806.71744	1400.6692799999998	58.015104	96.49065599999999	0.0	1.0
618	0.0	1408.98816	1908.8352	111.3984	74.206368	0.0	1.0
618	0.0	2710.87872	1587.61512	53.376	70.543872	0.0	1.0
618	0.0	2408.34816	335.36159999999995	85.954944	77.21352	0.0	1.0
618	0.0	1030.40256	978.42816	56.23795199999999	126.067752	0.0	1.0
618	3.0	2093.57568	149.16225600000007	130.177152	107.97472799999998	0.0	1.0
618	0.0	1542.25536	2044.40328	126.350208	75.968928	0.0	1.0
618	0.0	1698.95424	2076.64344	128.819712	68.909184	0.0	1.0
618	0.0	2161.60128	2013.00984	129.29817599999998	73.549728	0.0	1.0
618	0.0	2555.35872	316.28232	92.764032	113.774328	0.0	1.0
619	3.0	2081.76768	150.11762399999998	126.85823999999998	105.660936	0.0	1.0
619	0.0	1548.3072	2046.00168	118.996608	69.33168	0.0	1.0
619	0.0	2805.1968	1394.70984	66.85248	95.863176	0.0	1.0
619	0.0	2747.72736	1361.6208	67.70726400000001	74.908152	0.0	1.0
619	0.0	1420.83456	1915.74936	111.79583999999998	74.911824	0.0	1.0
619	0.0	2092.06656	113.22028799999998	71.47353600000001	60.471144	0.0	1.0
619	0.0	2245.39392	1883.23704	112.538112	148.003416	0.0	1.0
619	0.0	2317.16736	198.67010400000004	83.12256	72.391104	0.0	1.0
619	0.0	1701.28512	2079.71496	133.456512	66.751344	0.0	1.0
619	0.0	2805.72672	1407.6612	64.13376000000001	67.951008	0.0	1.0
619	0.0	2170.3104000000003	2007.7675199999999	129.35385599999998	72.02714399999999	0.0	1.0
619	0.0	2887.96416	1184.38848	73.293312	104.292144	0.0	1.0
619	0.0	1026.59712	989.65584	57.876096	130.33548	0.0	1.0
619	0.0	1195.65696	1657.30104	99.77472	130.822344	0.0	1.0
619	0.0	2405.0611200000003	331.20575999999994	78.128256	79.97680799999999	0.0	1.0
619	0.0	2547.10272	313.71623999999997	89.01158399999998	106.322112	0.0	1.0
620	1.0	2074.85952	146.97223199999985	128.163456	100.246032	0.0	1.0
620	1.0	2412.74112	378.1425600000001	51.050496	81.835056	0.0	1.0
620	0.0	2302.2873600000003	191.33625600000005	91.875072	75.584664	0.0	1.0
620	0.0	2718.03648	1573.05456	62.06976000000001	76.453848	0.0	1.0
620	0.0	1032.9408	1026.20952	41.192832	84.1212	0.0	1.0
620	0.0	1026.8928	1000.30248	57.794688	129.43692	0.0	1.0
620	0.0	1433.32224	1916.83368	110.762496	66.71484	0.0	1.0
620	0.0	2177.32224	2011.3574400000002	127.604736	82.03788	0.0	1.0
620	0.0	2807.0976	1400.34312	45.92793600000001	66.651768	0.0	1.0
620	0.0	2394.17088	331.6550400000001	84.42124799999999	98.568144	0.0	1.0
620	0.0	1204.92288	1667.5048800000002	101.77535999999999	132.204744	0.0	1.0
620	0.0	1553.64096	2053.50552	118.98777600000001	80.472744	0.0	1.0
620	0.0	2541.36576	306.01152	89.27961599999999	102.289176	0.0	1.0
621	0.0	1726.81344	2098.75104	119.065344	105.53155199999999	0.0	1.0
621	0.0	2812.88832	1377.74952	60.215039999999995	100.22616	0.0	1.0
621	0.0	679.37664	1794.81528	75.762048	73.521648	0.0	1.0
621	0.0	1211.73504	1676.484	99.83808	133.505064	0.0	1.0
621	0.0	2894.30784	1167.83424	77.16518400000001	82.359072	0.0	1.0
621	0.0	2389.5168	316.16352000000006	74.477184	80.214192	0.0	1.0
621	1.0	2061.12	142.25263199999995	129.117312	108.417528	0.0	1.0
621	0.0	1723.57248	2078.29584	124.81728	64.1844	0.0	1.0
621	0.0	2189.14176	2003.05656	130.339584	76.320576	0.0	1.0
621	0.0	2530.39872	297.64152	96.20889600000001	106.710912	0.0	1.0
621	0.0	1559.2704	2055.38688	119.694336	80.139024	0.0	1.0
622	0.0	2727.83232	1547.65296	61.40928	95.750208	0.0	1.0
622	0.0	2763.25248	1325.29824	57.538944	89.308224	0.0	1.0
622	0.0	682.2912000000001	1794.67272	80.63923199999999	72.89135999999999	0.0	1.0
622	0.0	1815.76704	63.005687999999964	49.702656	104.089968	0.0	1.0
622	0.0	1022.04288	1021.14	56.623104000000005	116.347968	0.0	1.0
622	0.0	2286.49728	1822.15656	82.88524799999999	66.875976	0.0	1.0
622	0.0	2375.48928	305.83655999999996	79.645056	74.697552	0.0	1.0
622	0.0	2195.77728	2009.32272	134.75404799999998	92.663352	0.0	1.0
622	0.0	1220.2368	1685.45664	103.68768000000001	129.649032	0.0	1.0
622	0.0	2816.8512	1370.90448	57.811583999999996	96.164496	0.0	1.0
622	0.0	1733.04576	2076.99336	119.899776	62.211024	0.0	1.0
622	1.0	2268.0576	193.70383200000003	119.845632	94.27881599999999	0.0	1.0
622	1.0	2055.7248	147.69842400000005	130.182144	94.71340799999999	0.0	1.0
622	0.0	2521.48608	289.09007999999994	97.90848	104.131872	0.0	1.0
622	0.0	1565.1340799999998	2056.75416	124.18329599999998	79.41564	0.0	1.0
623	3.0	1230.3436800000002	1699.36272	107.676288	131.185224	0.0	1.0
623	0.0	1472.5900800000002	1969.81848	119.22624000000002	139.343976	0.0	1.0
623	0.0	2365.10208	301.4172	87.72287999999999	77.88419999999999	0.0	1.0
623	0.0	1020.02304	1016.92584	56.298624	95.74934400000001	0.0	1.0
623	1.0	2257.80096	192.72016800000017	118.87065600000001	96.03640800000001	0.0	1.0
623	0.0	2513.2300800000003	280.6185599999999	93.537408	100.859472	0.0	1.0
623	0.0	1737.85344	2077.7752800000003	122.589312	61.16579999999999	0.0	1.0
623	0.0	678.7353600000001	1794.5409600000003	73.839744	72.602136	0.0	1.0
623	0.0	2221.17888	1995.48144	104.035584	72.42048	0.0	1.0
623	0.0	2821.90848	1363.25808	56.310912	101.511576	0.0	1.0
623	1.0	2046.14784	146.25403200000005	128.17152	87.774192	0.0	1.0
623	0.0	1568.352	2056.44312	132.731904	73.23696	0.0	1.0
624	0.0	1741.17888	2102.11848	107.69587199999998	108.300024	0.0	1.0
624	0.0	2572.28928	1878.25608	119.468928	170.944344	0.0	1.0
624	0.0	1023.8591999999999	1022.9868	53.816832	94.97995200000001	0.0	1.0
624	0.0	2731.83744	1544.7456	66.38784	63.197064	0.0	1.0
624	0.0	1745.50272	2087.73072	114.471552	82.945296	0.0	1.0
624	0.0	2824.8192	1350.56592	56.220672	107.13686400000002	0.0	1.0
624	0.0	2503.2960000000003	274.01976	94.710144	99.84967199999998	0.0	1.0
624	0.0	2216.12928	2001.9204	139.298304	86.55984	0.0	1.0
624	0.0	1469.33376	1930.20192	80.99136	54.20584800000001	0.0	1.0
624	1.0	2037.89184	145.67731200000014	128.17113600000002	87.645024	0.0	1.0
624	0.0	678.49728	1794.62736	72.113664	71.923896	0.0	1.0
624	0.0	1571.25504	2059.4952000000003	148.347648	78.018336	0.0	1.0
624	0.0	1239.168	1707.76296	109.809024	127.95775199999999	0.0	1.0
624	0.0	1717.48224	1586.1636	48.507264	160.560792	0.0	1.0
625	0.0	2908.32384	1120.5	59.60831999999999	73.32271200000001	0.0	1.0
625	0.0	2222.33088	1993.83768	135.968256	78.96528	0.0	1.0
625	0.0	2830.0608	1339.43544	55.2864	101.683944	0.0	1.0
625	0.0	2350.2528	303.04368	85.416576	98.894952	0.0	1.0
625	0.0	681.2236800000001	1795.43952	77.59295999999999	75.77193600000001	0.0	1.0
625	0.0	2497.32096	269.91792	103.994112	103.28450399999998	0.0	1.0
625	0.0	1247.58912	1716.444	108.492672	126.7272	0.0	1.0
625	0.0	2731.57248	1541.38248	64.75430399999999	59.339304	0.0	1.0
625	0.0	1500.68736	1940.23944	115.27104000000001	67.89225599999999	0.0	1.0
625	0.0	1753.29408	2078.93952	119.94432	65.215152	0.0	1.0
625	0.0	1572.2419200000002	2060.41752	142.94899199999998	73.93269599999999	0.0	1.0
625	1.0	2026.6944	136.71849599999996	128.35852799999998	103.14216	0.0	1.0
626	0.0	2018.61504	103.6452240000001	83.864064	61.08026400000001	0.0	1.0
626	0.0	1515.15648	1938.8268000000003	114.11020800000001	58.467096000000005	0.0	1.0
626	0.0	723.67488	1585.0944000000002	71.81299200000001	66.709656	0.0	1.0
626	0.0	2755.01184	1488.8232	36.395520000000005	40.593744	0.0	1.0
626	0.0	2828.15616	1331.94024	58.897152	105.011856	0.0	1.0
626	0.0	2907.48672	1112.5295999999998	60.51648	78.42506399999999	0.0	1.0
626	0.0	2732.80512	1535.21352	61.5936	60.505272	0.0	1.0
626	0.0	1760.67072	2079.64584	122.956032	66.424752	0.0	1.0
626	0.0	2229.1008	1995.5721599999997	135.616512	84.42489599999999	0.0	1.0
626	0.0	1717.18272	1581.9624	49.438464	157.929264	0.0	1.0
626	1.0	2017.62432	145.707768	128.322048	83.686824	0.0	1.0
626	0.0	1600.1971199999998	2066.01624	128.855808	76.045176	0.0	1.0
627	0.0	1018.52544	1073.02536	55.463424	71.025336	0.0	1.0
627	0.0	1264.61952	1734.6636	112.51622399999998	127.87718400000001	0.0	1.0
627	0.0	2833.05216	1336.89096	52.329216	79.224912	0.0	1.0
627	0.0	1026.56256	1092.2817599999998	43.043327999999995	106.656696	0.0	1.0
627	0.0	2743.31136	1517.74128	74.32435199999999	82.4202	0.0	1.0
627	0.0	2904.87552	1108.03032	55.574016	88.57943999999999	0.0	1.0
627	0.0	722.4384	1587.80736	72.096	73.1484	0.0	1.0
627	0.0	2317.61664	1807.55928	105.758208	103.70808	0.0	1.0
627	0.0	1766.54208	2082.24864	125.140224	65.209752	0.0	1.0
627	0.0	1605.6768	2065.28616	125.86368	81.134568	0.0	1.0
627	1.0	2009.16096	142.05564000000004	125.787264	89.659008	0.0	1.0
628	0.0	2339.20512	1786.18176	73.792896	69.78851999999999	0.0	1.0
628	0.0	2747.46624	1508.31936	74.765568	82.01412	0.0	1.0
628	0.0	2322.0211200000003	274.1579999999999	83.092992	73.53396	0.0	1.0
628	0.0	1020.63744	1091.826	57.907199999999996	134.559144	0.0	1.0
628	0.0	2908.17408	1081.78416	60.200064	122.795352	0.0	1.0
628	0.0	1608.4608	2063.84544	125.134464	80.646192	0.0	1.0
628	0.0	1272.70656	1745.388	110.515584	122.00803200000001	0.0	1.0
628	0.0	2467.68	237.81600000000003	102.93696	114.69988800000002	0.0	1.0
628	1.0	2000.49408	140.61383999999998	129.106176	89.730504	0.0	1.0
629	0.0	2312.30592	268.77959999999996	95.393664	78.439536	0.0	1.0
629	0.0	2840.78592	1322.28504	52.94592	81.23911199999999	0.0	1.0
629	0.0	1020.7296	1101.44232	55.921535999999996	134.204688	0.0	1.0
629	0.0	2456.57088	232.05096000000003	99.18835200000001	107.79544799999998	0.0	1.0
629	0.0	2255.68512	1983.0528	132.95155200000002	78.972192	0.0	1.0
629	0.0	2906.77248	1080.594	63.18451200000001	126.131688	0.0	1.0
629	0.0	1556.90112	1956.68568	119.53152	69.574248	0.0	1.0
629	1.0	1989.91872	136.97920799999997	129.058944	92.23567199999998	0.0	1.0
629	0.0	2752.84224	1499.54544	72.912768	79.08429600000001	0.0	1.0
629	0.0	1615.15776	2069.40528	122.14771200000001	73.905912	0.0	1.0
629	0.0	1281.94944	1755.02808	118.3776	119.80440000000002	0.0	1.0
630	2.0	1290.56256	1765.10664	118.09075199999998	112.626072	0.0	1.0
630	0.0	2259.70176	1988.8459199999998	139.691904	93.966048	0.0	1.0
630	0.0	1026.4435200000003	1076.82696	40.83456	68.378256	0.0	1.0
630	0.0	1543.4112	2015.68176	83.976576	96.102504	0.0	1.0
630	0.0	1788.8102399999998	2082.996	125.292672	64.715976	0.0	1.0
630	0.0	2349.8188800000003	1778.07528	83.79417600000001	80.91036	0.0	1.0
630	0.0	682.62528	1797.12	80.423424	77.728896	0.0	1.0
630	0.0	1019.57376	1108.95264	58.03968	126.047664	0.0	1.0
630	0.0	1568.72448	1955.92752	119.567616	64.49522400000001	0.0	1.0
630	0.0	2909.41824	1078.65432	63.863424	111.134808	0.0	1.0
630	0.0	2303.2243200000003	262.30176000000006	80.297472	69.85526399999999	0.0	1.0
630	0.0	2846.04672	1299.57912	55.401216	103.935528	0.0	1.0
630	0.0	2452.9036800000003	229.96223999999995	91.355136	97.83072	0.0	1.0
630	1.0	2186.92992	180.41961600000002	128.063232	114.21367200000002	0.0	1.0
630	0.0	1622.28864	2070.7812	120.390912	70.397424	0.0	1.0
630	0.0	2760.44544	1488.93552	65.126784	83.99052	0.0	1.0
630	1.0	1981.55136	132.95664	129.969408	93.71332799999999	0.0	1.0
631	2.0	1300.7232	1778.1962400000002	119.19244799999998	104.218488	0.0	1.0
631	0.0	2270.6304	1982.3724	138.403584	88.081128	0.0	1.0
631	0.0	2910.84288	1067.0508	60.561792000000004	97.313832	0.0	1.0
631	0.0	682.08384	1796.57784	78.77990399999999	77.734512	0.0	1.0
631	0.0	1797.40032	2084.02632	119.56992	60.925824	0.0	1.0
631	0.0	1583.02464	1955.44152	119.11488	60.371352	0.0	1.0
631	0.0	1628.6592	2073.93264	123.264384	68.728176	0.0	1.0
631	0.0	2766.12096	1483.67808	68.65612800000001	79.42687199999999	0.0	1.0
631	0.0	2292.1344000000004	258.92568000000006	92.003328	71.305488	0.0	1.0
631	1.0	2178.87744	175.86612000000002	131.023488	110.794176	0.0	1.0
631	0.0	2849.40288	1296.67608	54.449664	97.141032	0.0	1.0
631	0.0	1019.7273599999999	1121.89968	58.270848	131.382	0.0	1.0
631	0.0	2440.8806400000003	225.97055999999998	98.98944	92.358144	0.0	1.0
631	1.0	1973.0304	130.159224	129.462144	99.38289600000002	0.0	1.0
632	0.0	1310.51904	1780.4448	116.908416	115.44768	0.0	1.0
632	0.0	2171.75808	1177.72056	58.99968	167.845392	0.0	1.0
632	0.0	713.24928	1614.2587199999998	63.411072	53.626535999999994	0.0	1.0
632	0.0	1598.15424	1958.27544	116.438784	55.74312	0.0	1.0
632	0.0	2913.12768	1056.33072	60.709632	86.59958400000002	0.0	1.0
632	0.0	2424.7296	219.26375999999993	107.515008	92.957976	0.0	1.0
632	0.0	1633.27872	2070.8676	125.008896	60.732288	0.0	1.0
632	0.0	1019.33184	1139.07384	58.538112	115.905816	0.0	1.0
632	0.0	2853.06624	1284.4979999999998	50.294016	104.443344	0.0	1.0
632	0.0	2288.4864	252.02447999999993	84.85824	72.87343200000001	0.0	1.0
632	1.0	2166.60864	179.87680799999998	125.927424	106.31952	0.0	1.0
632	1.0	1964.38272	131.18198400000006	131.630208	99.356328	0.0	1.0
632	0.0	2767.82592	1478.15496	66.267264	80.412696	0.0	1.0
633	0.0	2417.376	206.7303599999999	105.357696	101.776392	0.0	1.0
633	3.0	1323.61728	1790.36784	127.49337600000001	121.699152	0.0	1.0
633	0.0	681.4156800000001	1796.73768	78.15206400000001	78.36696	0.0	1.0
633	0.0	2164.15488	135.29181600000004	71.501184	75.18938399999999	0.0	1.0
633	0.0	2908.17408	1028.94624	59.907072	110.531736	0.0	1.0
633	0.0	2980.7001600000003	575.72208	81.579264	65.795328	0.0	1.0
633	0.0	2284.52352	249.09119999999996	89.932416	68.378472	0.0	1.0
633	1.0	2154.2515200000003	181.02333599999997	120.09216000000002	100.477368	0.0	1.0
633	0.0	2607.87072	1823.29704	87.6768	144.208728	0.0	1.0
633	0.0	1610.21184	1959.77664	115.900032	59.50929600000001	0.0	1.0
633	0.0	2978.82624	596.28096	88.85952000000002	108.045576	0.0	1.0
633	0.0	2769.95328	1472.65128	71.291136	76.012344	0.0	1.0
633	1.0	1954.53312	132.95944800000007	125.761152	96.344856	0.0	1.0
633	0.0	1019.19744	1131.11424	55.182336	109.595592	0.0	1.0
633	0.0	2852.85504	1278.50616	57.216768	102.360456	0.0	1.0
634	3.0	1334.0352	1799.21088	129.859968	116.81279999999998	0.0	1.0
634	0.0	681.10464	1795.84344	78.146304	79.073712	0.0	1.0
634	0.0	2981.23392	573.4022400000001	80.963712	61.258464	0.0	1.0
634	0.0	1625.15328	1962.2628	117.005184	57.736152	0.0	1.0
634	0.0	1656.21888	2075.96088	108.049152	73.775448	0.0	1.0
634	0.0	2980.23168	595.6977599999999	83.622912	105.920568	0.0	1.0
634	1.0	2146.87488	179.73100799999986	124.0032	90.83642400000001	0.0	1.0
634	0.0	1822.64064	2083.43232	118.149888	57.78669599999999	0.0	1.0
634	0.0	2854.62912	1269.04104	55.323648	103.350168	0.0	1.0
634	1.0	1945.93536	138.17412000000002	128.36352	83.019168	0.0	1.0
634	0.0	2776.86528	1461.83616	74.07936	81.19116	0.0	1.0
634	0.0	1020.88704	1153.90008	57.430656	129.78252	0.0	1.0
634	0.0	2412.03072	200.80915200000004	99.20716799999998	101.389968	0.0	1.0
635	0.0	680.6208000000001	1796.1782400000002	77.108352	78.274728	0.0	1.0
635	0.0	1025.0112	1144.4371199999998	45.979008	91.59739199999999	0.0	1.0
635	0.0	2903.16672	1005.426	56.395776000000005	115.363872	0.0	1.0
635	0.0	2980.93056	594.6652799999999	82.022784	103.347144	0.0	1.0
635	0.0	2858.92992	1260.47232	56.485632	100.069992	0.0	1.0
635	0.0	2403.8784	196.6943520000001	103.853568	99.423936	0.0	1.0
635	0.0	1339.9679999999998	1804.79232	128.869248	111.31279200000002	0.0	1.0
635	0.0	1022.0774400000001	1165.41288	54.956544	128.108952	0.0	1.0
635	0.0	2779.23072	1457.5334400000002	72.253056	72.00295200000001	0.0	1.0
635	0.0	1664.22144	2075.86152	109.74681599999998	72.734544	0.0	1.0
635	0.0	1827.42144	2083.41288	121.09324799999999	58.83624	0.0	1.0
635	1.0	2134.44096	174.06748800000003	127.880064	95.460336	0.0	1.0
635	1.0	1936.27776	132.68361600000003	127.608576	81.857088	0.0	1.0
636	0.0	700.81152	1625.1192	51.68217599999999	57.93962400000001	0.0	1.0
636	0.0	2400.86784	1732.28544	84.381696	74.04782399999999	0.0	1.0
636	0.0	1654.09536	1962.8244	122.10931200000002	57.55449599999999	0.0	1.0
636	0.0	2860.33152	1266.76224	53.408256	76.61692799999999	0.0	1.0
636	0.0	2255.84256	236.66688	85.511808	61.08372000000001	0.0	1.0
636	0.0	1349.89824	1811.1124799999998	127.772928	110.119608	0.0	1.0
636	0.0	1673.93664	2072.7792	125.122176	71.49016800000001	0.0	1.0
636	0.0	1835.2512	2082.48624	119.827968	58.4334	0.0	1.0
636	0.0	2782.68288	1444.68792	71.39481599999999	76.632912	0.0	1.0
636	1.0	2125.45536	170.9316	125.8752	93.851784	0.0	1.0
636	0.0	1021.44768	1172.59704	55.709952	124.76138399999999	0.0	1.0
636	0.0	2394.57408	193.82328000000007	108.46963199999999	96.509664	0.0	1.0
636	1.0	1928.5056	135.54950400000007	129.730944	80.01352800000001	0.0	1.0
637	0.0	2253.22368	233.86968000000002	85.73375999999999	64.180512	0.0	1.0
637	0.0	1667.88096	2046.1464	127.694976	121.90716	0.0	1.0
637	3.0	2381.74848	185.382432	113.232	92.003256	0.0	1.0
637	0.0	1671.90144	2072.39472	123.369216	71.7498	0.0	1.0
637	0.0	2404.95744	1727.45352	91.05254400000001	77.228856	0.0	1.0
637	0.0	704.04096	1625.80824	61.73606399999999	61.833672	0.0	1.0
637	0.0	1841.7408	2082.46248	120.81446399999999	57.97548	0.0	1.0
637	0.0	2864.65536	1258.74216	54.45465599999999	72.3438	0.0	1.0
637	1.0	2116.88448	170.83094400000004	123.922176	94.372128	0.0	1.0
637	0.0	1023.73248	1185.5656800000002	51.143808	124.520112	0.0	1.0
637	0.0	1361.09952	1818.00288	127.572864	106.88112	0.0	1.0
637	0.0	2786.73024	1437.73056	72.271872	80.58096	0.0	1.0
637	1.0	1916.74752	132.94583999999986	128.85734399999998	83.616192	0.0	1.0
638	0.0	2416.81152	1718.95608	88.472832	79.45020000000001	0.0	1.0
638	0.0	1680.384	1965.45096	122.541312	57.759912	0.0	1.0
638	0.0	2369.36832	182.17072800000005	105.579264	87.45148800000001	0.0	1.0
638	0.0	2867.66592	1254.71592	51.76972799999999	67.328064	0.0	1.0
638	0.0	2242.3795200000004	230.78303999999991	82.826112	66.272904	0.0	1.0
638	0.0	699.65184	1629.27288	56.881152	61.377048	0.0	1.0
638	0.0	1679.56608	2073.51792	122.254848	74.22710400000001	0.0	1.0
638	0.0	1022.35776	1196.30952	54.465408000000004	126.67406400000002	0.0	1.0
638	1.0	1912.20096	134.79501600000003	128.028672	83.143368	0.0	1.0
638	1.0	2105.85984	159.04231200000004	128.183424	99.92138399999999	0.0	1.0
638	0.0	1371.36	1829.45304	125.97888	106.753464	0.0	1.0
638	0.0	2789.9904	1432.71288	71.357952	76.258584	0.0	1.0
638	0.0	2641.25952	1782.14256	96.500352	181.263744	0.0	1.0
639	1.0	2094.90432	152.59881599999994	126.830592	117.307656	0.0	1.0
639	0.0	2868.56832	1246.04568	50.879232	63.744408	0.0	1.0
639	0.0	2428.30848	1712.5992	78.209664	76.61282399999999	0.0	1.0
639	0.0	2232.37248	227.54952000000014	83.86176	63.671184	0.0	1.0
639	0.0	1694.10048	1963.75104	120.29068799999999	57.3966	0.0	1.0
639	0.0	2908.25472	984.86496	60.29529600000001	87.661656	0.0	1.0
639	0.0	1856.8128	2084.29632	120.53606399999998	60.41023200000001	0.0	1.0
639	1.0	1901.95584	136.18670399999996	127.51104	85.32755999999999	0.0	1.0
639	0.0	697.1904	1631.0592	53.98848	57.908952	0.0	1.0
639	0.0	2643.67488	1775.25648	93.051264	174.418488	0.0	1.0
639	0.0	1023.6480000000001	1210.2048	57.662208	129.89268	0.0	1.0
639	0.0	2793.14688	1427.35824	72.47155199999999	71.966664	0.0	1.0
639	0.0	1383.86688	1835.82936	130.453632	102.53066400000002	0.0	1.0
640	0.0	2225.79456	225.13248	93.575808	66.75739200000001	0.0	1.0
640	0.0	699.7401599999998	1634.3424	61.71648	58.567104	0.0	1.0
640	0.0	1694.31168	2075.87448	110.986752	69.969744	0.0	1.0
640	3.0	2347.97568	162.82382399999995	113.08454399999998	102.569544	0.0	1.0
640	0.0	2160.69888	1189.31544	54.180864	166.59756000000002	0.0	1.0
640	0.0	2796.7872	1417.5648	74.373888	76.284288	0.0	1.0
640	0.0	2982.05184	597.834	82.635648	102.306888	0.0	1.0
640	0.0	2872.98048	1218.57912	56.22528000000001	106.114104	0.0	1.0
640	0.0	681.6921600000001	1795.73112	79.913472	79.57288799999999	0.0	1.0
640	1.0	1892.8704	132.84518400000002	126.14208000000002	84.224448	0.0	1.0
640	0.0	2435.81184	1703.55744	77.48083199999999	74.915712	0.0	1.0
640	0.0	2903.2089600000004	976.23576	56.154624	94.363488	0.0	1.0
640	0.0	2645.376	1771.00992	91.557888	172.39975199999998	0.0	1.0
640	0.0	1024.35456	1218.6309600000002	56.36352	125.823888	0.0	1.0
640	0.0	1392.52224	1843.07184	130.968576	101.58804	0.0	1.0
640	0.0	1714.36416	1542.3372000000002	45.859584	155.03292000000002	0.0	1.0
641	0.0	1885.20192	89.20281599999998	76.240128	54.693576	0.0	1.0
641	0.0	2982.69312	596.88144	82.290432	100.6776	0.0	1.0
641	0.0	703.10016	1633.54968	73.112448	63.792576	0.0	1.0
641	0.0	2905.5168	965.27376	57.42412800000001	92.58732	0.0	1.0
641	0.0	1696.45056	2076.46416	125.95392	70.25616	0.0	1.0
641	0.0	2807.80416	1405.23768	56.800895999999995	71.129232	0.0	1.0
641	1.0	1682.78016	41.62708799999996	85.259904	83.254176	0.0	1.0
641	0.0	1404.8256	1851.12864	130.025856	102.520728	0.0	1.0
641	0.0	682.11456	1796.5497600000003	80.51673600000001	78.33650399999999	0.0	1.0
641	1.0	1884.74112	130.78497600000003	128.995584	87.52903199999999	0.0	1.0
641	0.0	1025.71776	1224.76752	53.761536	118.13083200000001	0.0	1.0
641	0.0	1716.41088	1539.78192	51.090816	156.986856	0.0	1.0
641	1.0	2075.70816	153.2161440000001	128.577024	92.033928	0.0	1.0
642	0.0	1414.22208	1855.59552	129.428736	100.73073599999998	0.0	1.0
642	0.0	1028.43264	1248.32448	51.638016	104.91400800000001	0.0	1.0
642	0.0	681.9379199999998	1796.35104	79.784064	77.4522	0.0	1.0
642	1.0	2065.81632	153.830016	130.257024	85.15259999999999	0.0	1.0
642	0.0	2876.01408	1207.70136	57.54662400000001	90.140688	0.0	1.0
642	0.0	1700.90112	2077.64568	130.64179199999998	73.152072	0.0	1.0
642	0.0	1029.02784	1230.02712	50.446464	107.06148000000002	0.0	1.0
642	0.0	2806.7328	1398.0556800000002	64.722048	75.45636	0.0	1.0
642	0.0	701.90976	1634.8392	78.192768	68.85280800000001	0.0	1.0
642	1.0	1877.0112	135.22485600000005	126.08256	83.31141600000001	0.0	1.0
642	0.0	1717.23648	1538.08848	51.202944	158.352624	0.0	1.0
643	0.0	2323.3152	148.2246	102.957312	77.794776	0.0	1.0
643	0.0	2880.67968	1191.90744	54.956544	102.90024	0.0	1.0
643	13.0	2048.82816	1105.65	238.41868800000003	47.342016	0.0	1.0
643	0.0	2460.66048	1678.77792	76.313856	67.237128	0.0	1.0
643	0.0	2804.7360000000003	1125.02736	53.939328	89.68168800000001	0.0	1.0
643	0.0	2901.06624	945.63072	57.313536	96.867576	0.0	1.0
643	0.0	702.6163200000001	1638.56736	79.467264	68.425128	0.0	1.0
643	0.0	1028.9087999999997	1257.6924	54.901248	122.638536	0.0	1.0
643	0.0	2368.1011200000003	1939.95432	134.829312	86.60822399999999	0.0	1.0
643	0.0	1752.66048	1962.88704	119.931264	55.858896	0.0	1.0
643	1.0	2057.36064	150.00098400000002	125.00544	93.65284800000002	0.0	1.0
643	0.0	682.4332800000002	1796.04	82.009344	78.420744	0.0	1.0
643	0.0	1708.94976	2076.88968	126.565248	74.82672	0.0	1.0
643	1.0	1865.7984	128.76947999999993	129.718656	86.426784	0.0	1.0
643	0.0	1884.47616	2081.6352	123.74899200000002	63.316512	0.0	1.0
643	0.0	1717.66272	1536.09912	52.222464	154.347984	0.0	1.0
643	0.0	2811.89376	1388.1456	58.66752	74.758248	0.0	1.0
643	0.0	1428.03456	1867.3718400000002	138.5856	109.008504	0.0	1.0
644	0.0	2309.0611200000003	146.58710399999995	112.632576	85.059504	0.0	1.0
644	1.0	2045.184	145.70733600000005	128.838144	87.22598400000001	0.0	1.0
644	0.0	1849.00608	89.27063999999996	93.99552	57.277152	0.0	1.0
644	0.0	1717.45536	2078.80776	122.4672	70.450128	0.0	1.0
644	1.0	1859.13216	136.26230399999997	125.39059199999998	79.578288	0.0	1.0
644	0.0	682.3526400000001	1796.58864	82.39872000000001	77.591952	0.0	1.0
644	0.0	2802.51648	1093.9492799999998	52.743552	90.572688	0.0	1.0
644	0.0	2898.43968	929.90376	61.117056	95.994504	0.0	1.0
644	0.0	2472.30336	1668.01464	75.452544	73.197864	0.0	1.0
644	0.0	1894.11456	2081.42568	123.2928	65.877192	0.0	1.0
644	0.0	2815.21152	1383.41304	59.05113599999999	78.444936	0.0	1.0
644	0.0	1438.5446399999998	1871.4024	142.229376	102.79396799999999	0.0	1.0
644	0.0	1030.39104	1260.88272	57.685632000000005	125.376768	0.0	1.0
645	0.0	1780.26624	1961.40744	120.114816	55.266624	0.0	1.0
645	0.0	2382.0864	1974.996	127.41888000000002	168.421464	0.0	1.0
645	13.0	1742.31552	1146.73752	238.042368	51.112728	0.0	1.0
645	0.0	2883.38304	1185.18336	56.593152	86.889456	0.0	1.0
645	0.0	2800.75392	1097.51976	51.55968000000001	89.23305599999999	0.0	1.0
645	0.0	858.6931199999999	1708.67448	126.808704	113.275584	0.0	1.0
645	1.0	1849.7856	135.89726399999984	130.816128	77.504472	0.0	1.0
645	0.0	1725.2352	2079.14688	120.062208	66.3174	0.0	1.0
645	0.0	681.91104	1795.5842400000001	82.025088	78.289632	0.0	1.0
645	0.0	2897.32608	925.7112	63.378048	96.634512	0.0	1.0
645	1.0	2036.67072	144.7569360000001	129.398016	86.87606400000001	0.0	1.0
645	0.0	2478.48576	1663.00344	77.041152	73.452312	0.0	1.0
645	0.0	1901.71392	2080.2636	125.316096	64.231272	0.0	1.0
645	0.0	1448.80512	1874.62296	138.915072	97.062408	0.0	1.0
645	0.0	2817.22368	1371.7684800000002	61.32864	86.44514400000001	0.0	1.0
645	0.0	1033.07904	1274.73264	54.621696	130.078224	0.0	1.0
646	13.0	2050.12608	1104.33672	233.35104	44.866872	0.0	1.0
646	13.0	1742.08512	1146.12408	236.34816	51.069096	0.0	1.0
646	0.0	1736.41728	2074.67784	124.47667199999998	68.611752	0.0	1.0
646	0.0	856.3315200000002	1709.6205599999998	122.639232	112.67164800000002	0.0	1.0
646	0.0	2801.80224	1087.27272	53.049216	104.58720000000001	0.0	1.0
646	0.0	2884.8192	1181.05128	50.7552	73.652544	0.0	1.0
646	0.0	2400.3456	1922.4734400000002	118.57036800000002	75.365424	0.0	1.0
646	0.0	2895.3024	915.1812	62.219136	95.485392	0.0	1.0
646	0.0	680.78208	1795.122	80.160768	78.610176	0.0	1.0
646	1.0	1841.4336	132.28531199999998	128.71104	82.02103199999999	0.0	1.0
646	0.0	696.768	1661.04864	75.750912	65.673072	0.0	1.0
646	0.0	1793.84064	1959.62328	119.55878399999999	55.328616	0.0	1.0
646	0.0	2483.33184	1657.51704	80.633088	76.58193600000001	0.0	1.0
646	1.0	2027.5008	144.77875199999994	127.934592	86.674752	0.0	1.0
646	0.0	1459.80672	1881.7509600000003	134.459904	93.424752	0.0	1.0
646	0.0	2822.33856	1362.798	58.323456	75.501072	0.0	1.0
646	0.0	1911.552	2079.67176	123.988224	65.44908000000001	0.0	1.0
646	0.0	1036.51968	1288.05336	54.784512	130.707648	0.0	1.0
647	0.0	857.3913600000001	1709.70912	124.604544	112.167504	0.0	1.0
647	0.0	2887.05792	1171.7870400000002	53.242368	78.55704	0.0	1.0
647	13.0	1742.12736	1146.08952	236.30784	51.475608	0.0	1.0
647	0.0	1732.35072	1460.22048	45.30816	57.651048	0.0	1.0
647	0.0	1807.2768	1957.74408	122.36121600000001	57.387096	0.0	1.0
647	0.0	1745.75616	2080.41912	123.43488	66.16036799999999	0.0	1.0
647	1.0	2014.54848	140.81126399999994	125.350656	89.886888	0.0	1.0
647	0.0	2894.10048	899.8668	57.190272	91.072296	0.0	1.0
647	0.0	679.97568	1795.26456	78.456576	77.501664	0.0	1.0
647	1.0	1833.63072	133.54329600000005	129.460608	82.953288	0.0	1.0
647	0.0	2488.58112	1648.08864	84.2016	81.284256	0.0	1.0
647	0.0	2802.79296	1072.83744	50.82777600000001	91.4814	0.0	1.0
647	0.0	696.4953599999999	1663.75728	75.931008	61.332984	0.0	1.0
647	0.0	2405.34144	1917.88776	128.145024	70.06284	0.0	1.0
647	0.0	1471.2	1887.88536	136.554624	93.415248	0.0	1.0
647	0.0	1036.96896	1286.29728	55.433472	107.233416	0.0	1.0
647	0.0	2822.37696	1354.75848	67.341696	78.560928	0.0	1.0
647	0.0	1918.5792	2078.58528	121.379328	66.394728	0.0	1.0
648	0.0	1732.05504	1459.77768	44.813952	59.418792	0.0	1.0
648	0.0	2802.75456	1046.81376	57.678336	124.931592	0.0	1.0
648	0.0	2497.9737600000003	1639.5868799999998	83.773056	77.304672	0.0	1.0
648	13.0	1741.6896	1145.88432	236.134272	52.2342	0.0	1.0
648	0.0	2885.6832	1163.4732	58.585344	84.78151199999999	0.0	1.0
648	0.0	2895.88224	894.0563999999999	55.832448	86.304096	0.0	1.0
648	0.0	695.9923199999998	1664.57592	76.175232	63.566424000000005	0.0	1.0
648	1.0	2149.7587200000003	231.32952000000012	110.44416	119.088792	0.0	1.0
648	0.0	1820.12544	1956.57768	120.39168000000001	59.892264	0.0	1.0
648	0.0	682.09152	1795.46328	82.82073600000001	77.280696	0.0	1.0
648	0.0	2804.72832	1066.29912	55.836288	93.295152	0.0	1.0
648	0.0	1752.3072	2080.95264	127.698432	67.62528	0.0	1.0
648	0.0	2411.6544	1917.76896	130.351104	82.40616	0.0	1.0
648	0.0	1039.49184	1291.72536	52.915584	102.893112	0.0	1.0
648	1.0	2004.59904	139.4226	128.17766400000002	87.617592	0.0	1.0
648	0.0	1925.76384	2079.2376	127.32057600000002	68.24779199999999	0.0	1.0
648	0.0	1479.7056	1892.0304	134.706816	88.20597599999999	0.0	1.0
648	0.0	2829.02784	1347.5851200000002	60.805632	67.8402	0.0	1.0
648	1.0	1824.4608	123.92913599999997	129.16608	109.869264	0.0	1.0
649	0.0	1688.02176	50.865408000000116	68.49139199999999	101.730816	0.0	1.0
649	0.0	2417.74464	1917.9288	126.413184	90.115632	0.0	1.0
649	0.0	2502.5856000000003	1635.00768	77.957376	68.50116	0.0	1.0
649	0.0	2801.84832	1047.1464	57.27897600000001	99.832824	0.0	1.0
649	0.0	1733.6140799999998	1457.58744	42.578304	55.92801600000001	0.0	1.0
649	0.0	2893.0828800000004	1136.42352	53.256576	103.03761599999999	0.0	1.0
649	0.0	695.6851200000001	1665.50256	75.51091199999999	66.365784	0.0	1.0
649	0.0	1760.62464	2080.99152	127.980288	67.854456	0.0	1.0
649	1.0	2170.39872	196.98746400000005	175.68768	171.643968	0.0	1.0
649	0.0	2887.93728	884.70144	58.141056	99.561096	0.0	1.0
649	0.0	1042.51008	1315.98	55.092864	121.116384	0.0	1.0
649	0.0	682.34112	1794.24504	83.88172800000001	78.912144	0.0	1.0
649	0.0	1493.14176	1901.63376	147.774336	94.253976	0.0	1.0
649	0.0	1933.54752	2077.08192	130.007424	66.406392	0.0	1.0
649	0.0	2833.95072	1338.1610400000002	61.333632	79.304832	0.0	1.0
649	1.0	1996.9344	124.25939999999991	130.395264	117.221904	0.0	1.0
649	1.0	1815.8016	124.59398399999998	127.35936	107.545752	0.0	1.0
650	0.0	1687.72224	51.883632000000034	61.21344	103.767264	0.0	1.0
650	0.0	857.9865599999998	1709.5967999999998	125.533056	111.74716800000002	0.0	1.0
650	0.0	1735.79904	1452.91968	38.671872	46.479096	0.0	1.0
650	0.0	694.9248	1666.82016	74.35353599999999	68.92236	0.0	1.0
650	0.0	2890.6368	875.82384	55.142784000000006	95.53809600000001	0.0	1.0
650	0.0	2509.5744	1629.43272	73.48992	67.047264	0.0	1.0
650	0.0	2252.2752	123.13403999999991	116.416128	77.828688	0.0	1.0
650	0.0	2799.8016	1029.93984	65.06496	127.113192	0.0	1.0
650	0.0	1765.66272	2081.04984	135.164928	63.813528000000005	0.0	1.0
650	0.0	2892.4608000000003	1131.79896	52.886016000000005	101.896704	0.0	1.0
650	0.0	1631.7312	75.20169599999997	78.11289599999999	148.668264	0.0	1.0
650	1.0	2130.69312	211.96144800000002	111.394944	95.30244000000002	0.0	1.0
650	0.0	1849.39776	1955.54088	118.157952	65.200248	0.0	1.0
650	1.0	1987.96032	128.931912	131.82335999999998	104.873184	0.0	1.0
650	0.0	682.0262399999999	1794.64032	82.09113599999999	78.70392	0.0	1.0
650	0.0	1504.29696	1905.0876	143.9232	91.711656	0.0	1.0
650	0.0	1046.02368	1325.7043199999998	56.035584	117.705528	0.0	1.0
650	0.0	2426.01216	1927.42416	134.634624	108.63072	0.0	1.0
650	0.0	2835.58272	1331.30304	58.300416000000006	78.5646	0.0	1.0
650	1.0	1807.32672	130.375224	128.913024	98.273736	0.0	1.0
650	0.0	1940.89344	2077.28712	125.127552	66.90535200000001	0.0	1.0
651	0.0	694.9056	1666.926	70.084992	63.697968	0.0	1.0
651	0.0	2895.01824	1135.40184	50.12928	75.827664	0.0	1.0
651	0.0	1863.69792	1950.37416	119.820288	62.186184	0.0	1.0
651	13.0	1741.536	1145.8044	236.358528	52.564248	0.0	1.0
651	0.0	2898.79296	1120.50432	55.352064	101.045664	0.0	1.0
651	0.0	2801.0726400000003	1025.42544	58.329216	117.018216	0.0	1.0
651	1.0	1972.1088	120.45304799999997	113.748096	115.739496	0.0	1.0
651	0.0	2890.18368	863.93304	49.297536	88.05974400000001	0.0	1.0
651	0.0	2434.22592	1917.30456	132.05568000000002	100.023984	0.0	1.0
651	0.0	2521.9968	1616.17032	66.79449600000001	77.257368	0.0	1.0
651	0.0	1050.65088	1338.84792	55.86048	110.274264	0.0	1.0
651	0.0	1946.91456	2077.60464	126.375168	66.59819999999999	0.0	1.0
651	0.0	1768.51968	2084.30064	134.05708800000002	67.55399999999999	0.0	1.0
651	0.0	1625.6832	75.54492000000005	72.79987200000001	147.32128799999998	0.0	1.0
651	1.0	1979.68512	134.67297600000006	127.64006400000001	91.76544	0.0	1.0
651	0.0	1517.82144	1913.80752	148.59686399999998	99.034056	0.0	1.0
651	0.0	681.61536	1794.58632	80.28287999999999	77.199912	0.0	1.0
651	1.0	2130.57792	216.3585599999999	130.03199999999998	109.945296	0.0	1.0
651	0.0	2837.53728	1326.70008	56.905344	79.03224	0.0	1.0
651	1.0	1799.15904	124.26739199999997	128.223744	105.812136	0.0	1.0
652	0.0	1737.60768	1450.48104	39.813888	48.899808	0.0	1.0
652	0.0	2798.79936	1010.32488	57.70022400000001	113.05893599999999	0.0	1.0
652	0.0	1866.85824	2080.86624	306.702336	73.644984	0.0	1.0
652	0.0	2894.56512	1110.19464	50.05132799999999	107.343792	0.0	1.0
652	0.0	2152.70784	1158.88968	43.313664	61.60341600000001	0.0	1.0
652	0.0	859.7145599999999	1709.3592	129.2448	113.07492	0.0	1.0
652	0.0	2225.664	112.31676000000004	122.9568	86.533704	0.0	1.0
652	0.0	2802.03264	1024.63272	53.733504	96.88809600000002	0.0	1.0
652	0.0	2884.4544	853.9387200000001	50.630016	91.918368	0.0	1.0
652	0.0	2732.0256	1593.2916	50.583168	97.91301600000001	0.0	1.0
652	0.0	1875.5136	1951.51248	119.124096	65.816928	0.0	1.0
652	0.0	1052.07936	1343.24352	56.957952	99.30038399999998	0.0	1.0
652	0.0	2529.64992	1606.57344	72.89664	79.408512	0.0	1.0
652	0.0	2445.07008	1899.35496	129.819648	79.56143999999999	0.0	1.0
652	1.0	1968.56832	120.09751199999994	131.61984	112.09903199999998	0.0	1.0
652	0.0	681.2736	1794.46752	81.05433599999999	78.7266	0.0	1.0
652	0.0	2839.81056	1311.30576	62.44992	80.533008	0.0	1.0
652	0.0	1527.50976	1916.73432	142.626816	91.201248	0.0	1.0
652	1.0	1791.8937600000002	126.53690400000005	128.62272	110.992032	0.0	1.0
653	1.0	1957.1904	116.58448799999996	117.563904	115.179624	0.0	1.0
653	0.0	858.9926399999999	1709.46072	127.98835200000002	111.77352	0.0	1.0
653	13.0	1741.89696	1145.88	236.503296	52.432704	0.0	1.0
653	0.0	2796.73728	1004.33736	56.893823999999995	101.57486399999999	0.0	1.0
653	0.0	2219.20128	109.55995199999995	123.308928	86.118768	0.0	1.0
653	0.0	2851.15776	820.45656	45.63072	109.72584	0.0	1.0
653	0.0	1890.6816	1945.5012	117.97977599999999	61.368624	0.0	1.0
653	0.0	2897.7945600000003	1117.9944	44.877696	73.225728	0.0	1.0
653	1.0	1959.86688	134.61616800000002	130.18560000000002	83.679912	0.0	1.0
653	0.0	2886.51648	843.91848	48.19776000000001	91.105128	0.0	1.0
653	0.0	2801.32992	1019.75544	55.281024	95.92041600000002	0.0	1.0
653	1.0	2111.00928	211.57956000000001	128.224896	101.041992	0.0	1.0
653	0.0	2449.91232	1909.07496	136.345344	114.056424	0.0	1.0
653	0.0	681.5424	1794.68352	80.41535999999999	78.523776	0.0	1.0
653	0.0	2537.088	1597.98744	76.659072	73.6344	0.0	1.0
653	0.0	1056.36864	1364.50008	61.795968	126.102096	0.0	1.0
653	0.0	1537.91232	1920.3912	144.288384	87.09184800000001	0.0	1.0
653	0.0	2841.47328	1307.77848	63.214848	77.522832	0.0	1.0
653	1.0	1782.9504	128.92132800000002	129.397248	116.12203200000002	0.0	1.0
654	0.0	2210.88	104.82091200000002	122.195712	83.145744	0.0	1.0
654	0.0	2899.08096	1105.85304	40.90176	79.338528	0.0	1.0
654	0.0	856.9651200000001	1709.3375999999998	123.959424	113.015952	0.0	1.0
654	0.0	2149.8816	1153.93464	46.904448	48.922272	0.0	1.0
654	1.0	2092.57344	214.38712799999985	103.828608	117.78588	0.0	1.0
654	1.0	1949.18016	118.65117599999996	128.78092800000002	111.365928	0.0	1.0
654	0.0	2796.39168	991.1376	54.96192	119.317752	0.0	1.0
654	0.0	2873.1072	835.51824	63.696384	89.13564	0.0	1.0
654	0.0	1791.8592	2085.58584	125.517312	62.377776	0.0	1.0
654	0.0	2799.3984	1004.79096	53.205888	95.60980799999999	0.0	1.0
654	0.0	2847.82464	1291.39272	55.21152000000001	80.297568	0.0	1.0
654	0.0	1902.77376	1942.19856	118.27968	61.187616000000006	0.0	1.0
654	0.0	1971.98976	2075.25456	125.018496	65.371752	0.0	1.0
654	0.0	681.8227200000001	1794.11328	82.094976	77.312232	0.0	1.0
654	0.0	1553.99808	1924.2036	152.29056	84.64996799999999	0.0	1.0
654	0.0	2458.6176	1902.42648	133.371648	107.578152	0.0	1.0
654	0.0	1059.7248	1370.07288	64.027008	124.896168	0.0	1.0
654	1.0	1775.4163199999998	133.35580800000002	129.517824	109.748952	0.0	1.0
654	0.0	2545.05984	1584.08784	74.560512	85.54248	0.0	1.0
655	0.0	2466.7584	1898.00064	131.556096	107.995896	0.0	1.0
655	0.0	1742.39232	1443.55176	42.921984	44.07048	0.0	1.0
655	0.0	2800.98048	993.7728	48.22848	97.186392	0.0	1.0
655	0.0	2205.77664	101.79475200000002	124.41792	81.07992	0.0	1.0
655	1.0	2077.84704	212.65545599999996	89.96505599999999	113.42073600000002	0.0	1.0
655	0.0	2149.52064	1159.34976	49.077504	62.210376	0.0	1.0
655	0.0	1060.9305599999998	1369.69488	56.207232000000005	97.016184	0.0	1.0
655	0.0	2873.03424	825.9624	59.086848	97.53264	0.0	1.0
655	0.0	1978.7328	2076.38424	126.975744	67.570848	0.0	1.0
655	0.0	679.97568	1795.01832	78.931968	76.133088	0.0	1.0
655	0.0	2749.27488	1568.62008	45.288576000000006	102.655944	0.0	1.0
655	0.0	1916.7744	1939.74696	121.16544000000002	60.552576	0.0	1.0
655	0.0	2546.8608	1579.50432	82.282752	84.97332	0.0	1.0
655	0.0	2850.68928	1285.15248	57.27091200000001	79.73337599999999	0.0	1.0
655	1.0	1939.50336	121.023504	132.51187199999998	103.55904000000001	0.0	1.0
655	0.0	1799.52768	2085.84504	122.654976	63.079128	0.0	1.0
655	1.0	1765.95072	131.50728000000004	125.61408000000002	109.526256	0.0	1.0
655	0.0	1563.90528	1927.93608	145.63392	80.780976	0.0	1.0
656	0.0	2898.19008	1076.25024	44.08166400000001	106.931232	0.0	1.0
656	1.0	2082.4704	212.7794399999999	121.510272	111.710664	0.0	1.0
656	0.0	1741.9622399999998	1443.51288	42.11712	48.91276799999999	0.0	1.0
656	0.0	2792.49024	963.64512	55.195776	95.707008	0.0	1.0
656	1.0	1756.31232	138.192048	126.68390399999998	108.31428	0.0	1.0
656	0.0	2866.1376	813.11256	65.42784	103.508928	0.0	1.0
656	1.0	1931.12832	122.92840799999999	129.03552	92.772216	0.0	1.0
656	0.0	1066.10688	1390.92768	60.710016	95.819544	0.0	1.0
656	0.0	681.9033599999998	1794.47616	81.689856	77.475528	0.0	1.0
656	0.0	2148.37632	1160.43624	50.063616	63.709632000000006	0.0	1.0
656	0.0	2555.08224	1575.92304	76.74316800000001	79.291224	0.0	1.0
656	0.0	1929.75744	1938.6216	117.535104	63.907488	0.0	1.0
656	0.0	2853.07776	1279.10664	60.839424	78.837624	0.0	1.0
656	0.0	1986.92736	2073.59568	127.57632	70.941744	0.0	1.0
656	0.0	1573.63584	1929.2083199999997	142.331136	75.290688	0.0	1.0
656	0.0	1808.1984	2084.58576	123.98131200000002	61.760016	0.0	1.0
657	1.0	2077.95072	208.78171199999997	126.10022400000001	108.37670399999999	0.0	1.0
657	0.0	2795.70048	964.94544	57.510144	67.45248	0.0	1.0
657	0.0	1742.63808	1441.80864	43.692672	50.99414400000001	0.0	1.0
657	0.0	1069.42848	1399.47912	56.694528	108.187056	0.0	1.0
657	0.0	2570.87616	1557.29304	63.780096	77.21222399999999	0.0	1.0
657	0.0	681.34656	1794.63384	81.077376	77.23231200000001	0.0	1.0
657	0.0	2854.61376	1273.66128	59.430144	77.83236000000001	0.0	1.0
657	0.0	2147.33568	1159.34328	50.985216	57.226392	0.0	1.0
657	0.0	2865.89952	808.23096	61.01260799999999	97.66764	0.0	1.0
657	1.0	1749.6384	139.83386400000006	126.926208	109.64484	0.0	1.0
657	0.0	1944.2496	1934.96256	119.91359999999999	63.77961599999999	0.0	1.0
657	0.0	1595.21664	1939.1832	164.46873599999998	84.961008	0.0	1.0
657	0.0	1815.1872	2084.07816	125.856384	61.506648	0.0	1.0
657	0.0	1992.17664	2073.74472	125.862912	71.873568	0.0	1.0
657	1.0	1919.33952	110.82139200000006	130.22976	114.373296	0.0	1.0
658	0.0	2791.80672	943.91568	65.79417600000001	107.72676000000001	0.0	1.0
658	0.0	2146.82112	1166.2488	45.716352	68.337216	0.0	1.0
658	0.0	1073.89824	1404.84672	56.860416	107.176176	0.0	1.0
658	1.0	2068.40832	207.926784	128.506368	116.26653599999999	0.0	1.0
658	0.0	1956.58752	1932.9537600000003	116.742528	65.440008	0.0	1.0
658	0.0	680.3404799999998	1794.11112	80.320128	76.37544	0.0	1.0
658	1.0	1743.26784	140.69332799999995	128.94297600000002	103.772448	0.0	1.0
658	0.0	1823.23584	2086.64208	127.84128	61.803648	0.0	1.0
658	0.0	1743.17952	1435.27032	42.110208	54.74736	0.0	1.0
658	0.0	1602.29376	1937.74896	151.55328	75.240144	0.0	1.0
658	0.0	2860.31232	797.4633600000001	62.06246399999999	96.233184	0.0	1.0
658	0.0	2856.0576	1257.83928	55.14547199999999	74.075688	0.0	1.0
658	1.0	1912.25088	110.25266399999998	125.99846399999998	112.91076	0.0	1.0
658	0.0	2000.07552	2072.66256	124.65791999999999	70.776072	0.0	1.0
659	0.0	1728.8332799999998	107.17963199999997	84.72576000000001	57.989304	0.0	1.0
659	0.0	2763.21792	1533.21984	49.422336	95.432472	0.0	1.0
659	0.0	1071.52896	1404.6804	47.558400000000006	84.443904	0.0	1.0
659	0.0	2901.23136	1066.65552	45.846528	64.931544	0.0	1.0
659	0.0	2156.17152	84.9750479999999	124.80384	82.248912	0.0	1.0
659	0.0	2793.50016	956.16936	55.164672	89.00107200000001	0.0	1.0
659	0.0	2568.52992	1580.202	88.98432	156.61749600000002	0.0	1.0
659	0.0	2143.6684800000003	1164.92904	47.474304	63.627767999999996	0.0	1.0
659	0.0	681.2275199999999	1794.35088	81.556608	76.779792	0.0	1.0
659	0.0	1746.49344	1434.76056	43.204224	53.56843200000001	0.0	1.0
659	0.0	2857.80864	786.98304	61.41388799999999	97.192656	0.0	1.0
659	0.0	2857.81248	1251.27072	54.717696	75.651408	0.0	1.0
659	0.0	1831.43424	2087.05032	123.158784	61.192152	0.0	1.0
659	0.0	2009.20704	2070.44208	126.085632	67.262832	0.0	1.0
659	0.0	1615.64544	1944.29592	160.253568	82.443528	0.0	1.0
659	0.0	1969.14432	1930.70736	119.35411200000001	66.977064	0.0	1.0
660	3.0	1895.76576	109.04781600000001	129.03936000000002	112.845744	0.0	1.0
660	0.0	2764.8768	1523.6964	49.641983999999994	104.34312	0.0	1.0
660	0.0	1086.05184	1433.808	65.551104	118.87171200000002	0.0	1.0
660	0.0	2587.28064	1530.576	65.306496	80.696736	0.0	1.0
660	0.0	2506.28352	1876.90608	132.15398399999998	116.721648	0.0	1.0
660	0.0	1747.3152	1430.54208	44.454144	50.077224	0.0	1.0
660	0.0	2791.63392	944.36496	56.12736	94.438008	0.0	1.0
660	0.0	2860.608	1245.35448	54.71616	72.16991999999999	0.0	1.0
660	0.0	2140.1241600000003	1164.0823200000002	51.86688	61.245288	0.0	1.0
660	0.0	2860.98048	779.46408	50.814336	90.506376	0.0	1.0
660	0.0	680.3212800000001	1794.4091999999998	79.70304	76.510656	0.0	1.0
660	0.0	2151.88992	83.63887199999999	113.463936	79.98048	0.0	1.0
660	0.0	1621.95072	1945.45368	143.832192	77.92523999999999	0.0	1.0
660	0.0	1981.92	1928.61432	115.555584	69.218928	0.0	1.0
660	0.0	1838.11968	2087.17776	123.30201599999998	61.666488	0.0	1.0
660	0.0	2017.70496	2069.34696	124.630272	68.313024	0.0	1.0
661	1.0	1883.62752	107.65807199999995	133.75104	109.2582	0.0	1.0
661	0.0	2513.43744	1869.5858400000002	129.427584	116.91950400000002	0.0	1.0
661	0.0	2790.15552	929.88	52.004735999999994	89.36978400000001	0.0	1.0
661	0.0	2137.64352	1161.64152	45.860736	59.77908	0.0	1.0
661	0.0	803.20128	1410.52752	70.124928	53.460648	0.0	1.0
661	0.0	1748.2099199999998	1428.96096	45.440256000000005	52.08948	0.0	1.0
661	0.0	2770.91712	1513.77552	55.709568	99.566928	0.0	1.0
661	0.0	2862.07872	1234.88496	55.498368	82.986552	0.0	1.0
661	0.0	681.51936	1794.27312	82.687488	77.613984	0.0	1.0
661	0.0	2146.05312	88.19841599999995	116.83392000000002	90.21455999999999	0.0	1.0
661	0.0	1090.6828800000003	1442.28816	65.11065599999999	116.813664	0.0	1.0
661	0.0	2582.5267200000003	1558.13112	94.01088	168.564672	0.0	1.0
661	0.0	1643.86176	1949.29416	166.984704	75.906288	0.0	1.0
661	0.0	2858.592	769.14792	50.510592	93.989592	0.0	1.0
661	0.0	1996.40832	1923.8472	117.115008	62.708904	0.0	1.0
661	0.0	2024.8896	2069.0856	122.239488	73.56722400000001	0.0	1.0
661	0.0	1846.61376	2088.17784	125.506944	66.1392	0.0	1.0
662	0.0	2906.66112	1041.35328	52.11686400000001	65.422728	0.0	1.0
662	0.0	680.84736	1794.93408	81.151488	77.98204799999999	0.0	1.0
662	0.0	1749.35808	1428.3	44.87385600000001	46.855152	0.0	1.0
662	0.0	2122.6752	1213.7256	59.736959999999996	164.242728	0.0	1.0
662	0.0	2851.78752	760.0521600000001	54.849024	86.66978399999999	0.0	1.0
662	0.0	2776.13184	1505.29752	50.62233599999999	99.12887999999998	0.0	1.0
662	0.0	1657.57056	1950.41304	155.94048	74.41437599999999	0.0	1.0
662	0.0	2009.2992	1920.15576	118.4544	63.791064	0.0	1.0
662	0.0	2789.09184	919.48824	53.308416	89.566344	0.0	1.0
662	0.0	2521.50144	1866.99384	129.08928	122.356872	0.0	1.0
662	0.0	1096.38912	1459.82304	70.893696	128.516328	0.0	1.0
662	0.0	2864.6169600000003	1226.19312	53.819904	85.955256	0.0	1.0
662	0.0	2138.56896	81.77976000000012	124.70860799999998	79.825824	0.0	1.0
662	0.0	2033.54112	2067.15888	126.099456	72.293472	0.0	1.0
662	0.0	1853.36448	2087.37	124.66675200000002	63.152352	0.0	1.0
662	0.0	2588.70144	1547.2944	93.90144	166.144824	0.0	1.0
662	1.0	1877.42976	107.96047199999998	130.89408	108.6696	0.0	1.0
663	0.0	2908.07424	1037.16936	50.651520000000005	62.878032	0.0	1.0
663	0.0	2119.35744	1216.46448	62.220672	172.916424	0.0	1.0
663	0.0	2817.26592	715.7808	41.230464	87.19423200000001	0.0	1.0
663	0.0	2542.27584	1835.49888	101.184	75.962448	0.0	1.0
663	1.0	2010.19776	199.17554399999995	93.344256	99.305784	0.0	1.0
663	3.0	1701.21984	145.00252799999987	127.52486399999998	112.165128	0.0	1.0
663	0.0	2135.15904	80.25285600000007	123.149568	81.873288	0.0	1.0
663	0.0	679.9603200000001	1795.6382399999998	78.212352	77.992632	0.0	1.0
663	0.0	2907.7747200000003	1011.8304	63.015552	106.04627999999998	0.0	1.0
663	0.0	2788.64256	909.2628	48.804864	84.13178400000001	0.0	1.0
663	0.0	1102.47552	1473.20856	71.543424	133.544592	0.0	1.0
663	0.0	1664.1792	1953.69408	153.251328	69.03144	0.0	1.0
663	0.0	2851.3152	750.69288	50.375424	91.36670399999998	0.0	1.0
663	0.0	2039.87328	2067.94512	125.926656	74.29751999999999	0.0	1.0
663	1.0	1868.26368	105.96139200000005	129.192576	109.46448000000001	0.0	1.0
663	0.0	2864.78976	1216.0216799999998	55.365888000000005	81.916704	0.0	1.0
663	0.0	1859.80416	2088.0828	126.24768000000002	62.71732800000001	0.0	1.0
663	0.0	2595.264	1541.22264	91.564416	158.06836800000002	0.0	1.0
663	0.0	2020.86144	1918.8036	116.63424	62.845416	0.0	1.0
664	0.0	2544.22272	1832.08824	110.52096	78.160032	0.0	1.0
664	0.0	2900.59008	1009.97712	51.80044800000001	95.78887200000001	0.0	1.0
664	0.0	2613.1392	1496.41992	56.21107200000001	78.301728	0.0	1.0
664	0.0	2787.28704	897.55776	49.22956799999999	91.10296799999999	0.0	1.0
664	0.0	2846.6496	737.50608	51.894144	93.54592799999999	0.0	1.0
664	0.0	2120.09472	73.47650399999998	115.364352	76.838328	0.0	1.0
664	0.0	1670.41536	1956.15864	152.50982399999998	68.309352	0.0	1.0
664	0.0	2034.58176	1915.16616	119.190144	65.16439199999999	0.0	1.0
664	0.0	2865.05088	1206.73584	56.128512	76.376304	0.0	1.0
664	0.0	2046.99648	2067.9343200000003	121.06329599999998	78.294384	0.0	1.0
664	0.0	1870.00704	2086.53624	122.337024	63.813744	0.0	1.0
664	0.0	1106.94528	1478.0016	68.709504	122.379552	0.0	1.0
665	0.0	682.5446400000001	1795.122	83.382528	81.576504	0.0	1.0
665	0.0	2115.56736	1217.36736	60.192768	169.066008	0.0	1.0
665	1.0	1685.17632	153.73065599999995	126.82406399999999	111.427056	0.0	1.0
665	0.0	2546.67648	1841.80176	121.65004799999998	100.220544	0.0	1.0
665	0.0	2789.95584	1476.07272	51.028608000000006	97.118568	0.0	1.0
665	0.0	2905.49376	997.45344	64.76544	101.656512	0.0	1.0
665	0.0	2845.31712	727.0020000000001	50.51865599999999	95.51368800000002	0.0	1.0
665	13.0	1742.0544	1144.95552	237.14572799999996	53.06644800000001	0.0	1.0
665	0.0	1112.56704	1486.61784	70.60262399999999	118.31075999999999	0.0	1.0
665	0.0	2866.62528	1202.72256	58.149888000000004	73.967688	0.0	1.0
665	0.0	2617.39392	1485.30672	64.00780800000001	79.515	0.0	1.0
665	0.0	1694.61504	1957.14576	168.044544	66.904488	0.0	1.0
665	1.0	1850.03136	108.27043200000003	132.99724799999998	111.090744	0.0	1.0
665	0.0	2048.63232	1910.18088	118.759296	68.94439200000001	0.0	1.0
665	0.0	2054.94144	2063.8476	123.81964800000002	75.71988	0.0	1.0
665	0.0	1875.49056	2085.56208	120.36671999999999	63.141983999999994	0.0	1.0
666	0.0	2808.6336	694.43136	45.107712	103.50612	0.0	1.0
666	1.0	1677.31968	149.27328	124.43097599999999	109.578744	0.0	1.0
666	0.0	2900.01024	998.87256	49.48992	79.503336	0.0	1.0
666	13.0	1742.31936	1145.20824	238.080384	52.27739999999999	0.0	1.0
666	0.0	2092.70784	70.73222399999997	130.23552	77.726736	0.0	1.0
666	0.0	2551.9104	1848.07872	121.721856	123.950952	0.0	1.0
666	0.0	2839.9488	716.77008	55.437696	97.155504	0.0	1.0
666	0.0	2797.62432	1467.80424	43.403136	94.933512	0.0	1.0
666	0.0	2064.9216	2062.24272	124.407168	70.491816	0.0	1.0
666	0.0	1117.40928	1498.9968	70.314624	121.70217599999998	0.0	1.0
666	0.0	1883.0976	2085.10416	124.22131199999997	65.580624	0.0	1.0
666	0.0	1701.78432	1958.42016	160.433664	64.937592	0.0	1.0
666	0.0	2626.6329600000004	1472.50008	61.919616	84.66292800000001	0.0	1.0
666	0.0	2059.64928	1909.56096	119.73120000000002	69.098832	0.0	1.0
666	0.0	2868.72192	1187.40168	56.604672	85.209408	0.0	1.0
666	1.0	1841.664	107.57858399999998	130.865664	108.58795199999999	0.0	1.0
667	0.0	2841.3888	706.7736	44.37964800000001	89.598528	0.0	1.0
667	0.0	685.1135999999999	1706.3676	80.438784	64.542096	0.0	1.0
667	0.0	2800.46208	1458.9417600000002	50.807424000000005	95.259888	0.0	1.0
667	0.0	2630.80704	1462.5467999999998	65.257344	90.19296	0.0	1.0
667	0.0	2071.35744	2059.83	118.4544	73.928808	0.0	1.0
667	0.0	2075.2704	1903.1306399999999	120.020352	69.86433600000001	0.0	1.0
667	0.0	2870.69184	1181.80512	55.456128	82.43013599999999	0.0	1.0
667	0.0	1711.53408	1959.70104	158.634624	65.88864	0.0	1.0
667	0.0	1122.06336	1505.4033599999998	70.40102399999999	118.64577599999998	0.0	1.0
667	1.0	1834.28352	108.35488799999996	131.338752	109.02211199999999	0.0	1.0
667	0.0	1890.24768	2086.722	128.772096	70.61796	0.0	1.0
668	0.0	2110.4832	1217.61576	64.755072	167.424624	0.0	1.0
668	0.0	2834.7456	698.5699199999999	50.30208	94.64796	0.0	1.0
668	1.0	1662.80448	155.3489279999999	123.830784	105.867864	0.0	1.0
668	0.0	2799.93984	1451.90232	53.900544	90.993024	0.0	1.0
668	0.0	2568.98304	1831.21344	123.864192	132.446016	0.0	1.0
668	0.0	1123.83744	1505.7576	63.31392	98.294688	0.0	1.0
668	0.0	2633.7216	1455.678	69.510528	98.246736	0.0	1.0
668	0.0	2869.44768	1169.9424	58.182144	87.665544	0.0	1.0
668	0.0	2082.25152	2059.35048	126.87590400000002	79.3746	0.0	1.0
668	1.0	1825.01376	106.606584	131.142528	105.496992	0.0	1.0
668	0.0	1717.9507199999998	1961.5737600000002	147.898752	67.144032	0.0	1.0
668	0.0	1899.23712	2083.90752	123.78432	68.03827199999999	0.0	1.0
668	0.0	2086.7712	1899.1108800000002	120.352896	65.65060799999999	0.0	1.0
669	0.0	2825.4912000000004	679.8859199999999	62.685696	106.969032	0.0	1.0
669	0.0	683.616	1708.8516	86.278656	62.810208	0.0	1.0
669	0.0	2633.83296	1449.94536	72.58368	88.188048	0.0	1.0
669	0.0	1759.76064	1432.0044	41.593344	78.126768	0.0	1.0
669	0.0	2906.3808000000004	977.71752	53.81030400000001	68.432472	0.0	1.0
669	1.0	1817.79072	110.00599199999999	127.579776	112.30941600000001	0.0	1.0
669	0.0	2805.07776	1441.3053599999998	51.340416000000005	97.018776	0.0	1.0
669	0.0	2107.89888	1219.6116	65.65440000000001	164.837808	0.0	1.0
669	0.0	1132.71552	1521.5558400000002	70.594944	102.679704	0.0	1.0
669	0.0	2101.3248000000003	1894.6936800000003	116.80550400000001	64.903464	0.0	1.0
669	0.0	2870.4422400000003	1162.49904	60.866304	80.426088	0.0	1.0
669	0.0	1906.97088	2084.7564	125.786112	69.53255999999999	0.0	1.0
669	0.0	1736.20608	1963.27152	161.08992	67.811256	0.0	1.0
669	0.0	2090.72256	2058.98328	122.764032	82.06466400000001	0.0	1.0
670	0.0	860.2176	1708.9488	128.683392	111.30609599999998	0.0	1.0
670	0.0	2648.8435200000004	1427.66712	58.99737600000001	93.39732	0.0	1.0
670	0.0	1760.15232	1433.11032	41.040000000000006	84.250584	0.0	1.0
670	0.0	2904.9868800000004	969.37992	52.566528	70.453152	0.0	1.0
670	0.0	2824.61952	675.77544	59.00928	97.9668	0.0	1.0
670	0.0	2765.6985600000003	844.0934400000001	50.278656000000005	90.23184	0.0	1.0
670	1.0	1809.10464	105.96506399999998	125.861376	110.58443999999999	0.0	1.0
670	0.0	2104.83456	1222.02864	58.704	168.164856	0.0	1.0
670	1.0	1647.87072	156.946464	124.600704	108.07041599999998	0.0	1.0
670	0.0	2870.84544	1153.5415200000002	56.334336	78.420096	0.0	1.0
670	0.0	2112.66048	1890.95688	117.61728	67.427424	0.0	1.0
670	0.0	1141.53216	1534.41648	73.858176	111.07864799999999	0.0	1.0
670	0.0	1748.82816	1963.28448	162.321792	68.819112	0.0	1.0
670	0.0	2096.09088	2054.8296	120.166272	73.94155199999999	0.0	1.0
670	0.0	1915.49952	2084.62896	129.49708800000002	69.526512	0.0	1.0
671	0.0	682.3679999999999	1798.1265600000002	82.236672	77.30013600000001	0.0	1.0
671	1.0	1802.976	107.322408	127.91424000000002	106.44782400000001	0.0	1.0
671	0.0	2762.0736	824.85648	57.411072	83.030616	0.0	1.0
671	0.0	859.54944	1708.80408	127.961472	111.238704	0.0	1.0
671	0.0	2818.05312	669.6756	61.249152	94.743648	0.0	1.0
671	0.0	1762.0492800000002	1415.39832	39.819264	50.269464000000006	0.0	1.0
671	0.0	2595.42912	1788.0588	99.437184	84.637872	0.0	1.0
671	0.0	2906.46528	964.58256	45.487104	69.82027199999999	0.0	1.0
671	1.0	1639.67232	156.057408	124.766592	101.716992	0.0	1.0
671	0.0	2652.7718400000003	1422.73584	59.800704	93.228408	0.0	1.0
671	0.0	2872.37376	1145.5624799999998	54.035328	71.791704	0.0	1.0
671	0.0	1139.48928	1535.3668799999998	62.304	90.343512	0.0	1.0
671	0.0	2101.19808	1223.17344	59.72736	170.213832	0.0	1.0
671	0.0	2126.4384	1886.24808	113.642496	63.40895999999999	0.0	1.0
671	0.0	1760.68992	1962.4248	159.034368	67.39524	0.0	1.0
671	0.0	2106.85056	2053.75392	125.85292800000002	79.636176	0.0	1.0
671	0.0	1923.6096	2081.52936	123.508224	62.149680000000004	0.0	1.0
672	0.0	2894.6227200000003	927.49968	54.854784	114.45948	0.0	1.0
672	0.0	859.84512	1708.68312	128.99328	111.595536	0.0	1.0
672	0.0	1151.1283200000003	1562.82696	74.982144	130.33548	0.0	1.0
672	0.0	2599.32672	1782.5616	107.657856	92.92795199999999	0.0	1.0
672	0.0	2907.168	956.05704	40.072320000000005	62.47476	0.0	1.0
672	0.0	803.6313599999999	1432.11024	75.154944	46.58990399999999	0.0	1.0
672	1.0	1632.79872	153.796968	120.73228799999998	96.51528	0.0	1.0
672	0.0	2758.20288	818.03088	54.69312	107.61940799999999	0.0	1.0
672	0.0	1144.40448	1543.82976	60.65356799999999	92.375208	0.0	1.0
672	0.0	2113.7088	2052.42984	123.239424	78.551856	0.0	1.0
672	0.0	2824.69248	1409.78664	43.76793600000001	91.770624	0.0	1.0
672	0.0	2817.64224	661.2948	58.402176	97.333056	0.0	1.0
672	0.0	1765.55136	1408.01544	46.636416	45.161928	0.0	1.0
672	0.0	2661.6960000000004	1402.35408	58.176384	78.254856	0.0	1.0
672	0.0	2139.16032	1882.9908	116.423424	65.33352	0.0	1.0
672	0.0	2872.5504	1138.968	54.907392	82.19124000000001	0.0	1.0
672	0.0	1930.272	2082.5380800000003	126.308352	67.307328	0.0	1.0
672	0.0	1776.94848	1961.65584	162.71270399999997	63.87228	0.0	1.0
672	0.0	2099.9308800000003	1223.77176	57.965568	170.165664	0.0	1.0
672	1.0	1793.2416	109.07265600000005	127.72761599999998	109.79884799999999	0.0	1.0
673	0.0	2896.80384	924.77376	59.380224	111.122712	0.0	1.0
673	0.0	803.79648	1432.4148	75.752832	47.018232000000005	0.0	1.0
673	0.0	2606.16192	1775.3904	108.583296	94.874328	0.0	1.0
673	0.0	860.1715199999999	1708.39368	129.81312	112.036824	0.0	1.0
673	0.0	2905.02528	948.45816	43.260672	67.109472	0.0	1.0
673	0.0	2752.98432	807.1336799999999	59.56416	101.633832	0.0	1.0
673	0.0	1936.89216	2082.0132	131.187072	66.515688	0.0	1.0
673	0.0	1778.29632	1963.45944	147.67756799999998	70.52335199999999	0.0	1.0
673	0.0	2825.13792	1400.01264	52.215168000000006	92.741544	0.0	1.0
673	0.0	2665.12896	1394.09208	58.607232	82.749384	0.0	1.0
673	0.0	2873.14944	1135.11456	55.53408000000001	78.66288	0.0	1.0
673	0.0	2812.67328	650.4926399999999	59.84601599999999	95.557536	0.0	1.0
673	0.0	1766.4307199999998	1403.22888	51.037056	52.746984000000005	0.0	1.0
673	0.0	2151.52896	1878.97968	117.38534400000002	66.766896	0.0	1.0
673	0.0	1150.464	1555.51968	62.412288	95.771592	0.0	1.0
673	0.0	2097.79584	1225.26432	58.656384	167.97196799999998	0.0	1.0
673	1.0	1622.94528	159.53436	125.48735999999998	110.57623199999999	0.0	1.0
673	1.0	1784.6016	110.82744000000002	130.848768	112.66776000000002	0.0	1.0
674	0.0	858.9811199999999	1708.54056	127.335552	111.58365600000002	0.0	1.0
674	0.0	2902.04928	927.44136	55.101696000000004	86.359392	0.0	1.0
674	0.0	2132.544	2048.1336	125.642496	79.834032	0.0	1.0
674	0.0	803.9961600000001	1433.2248	74.18342399999999	51.036048	0.0	1.0
674	0.0	683.1936000000001	1803.69288	82.19942400000001	66.52152000000001	0.0	1.0
674	0.0	1768.9728	1402.43616	47.354496	55.532088	0.0	1.0
674	0.0	2824.84224	1390.93416	56.285184	92.846304	0.0	1.0
674	0.0	2875.91424	1114.19064	56.294784	85.62844799999999	0.0	1.0
674	0.0	1159.81824	1567.998	69.206016	103.198968	0.0	1.0
674	0.0	1794.84672	1960.51968	154.181376	63.370296	0.0	1.0
674	0.0	2096.93184	1226.87784	58.90368	167.11380000000003	0.0	1.0
674	0.0	2751.92448	799.6536	53.18592	100.75017600000001	0.0	1.0
674	0.0	2669.6140800000003	1388.5063200000002	64.49049600000001	90.031824	0.0	1.0
674	0.0	2809.74336	643.518	54.11827199999999	95.31475200000001	0.0	1.0
674	0.0	1944.1344	2082.67416	130.243968	68.106528	0.0	1.0
674	0.0	2162.87232	1875.91032	115.822848	69.213528	0.0	1.0
674	1.0	1776.96	112.76539200000002	131.4624	116.391168	0.0	1.0
675	1.0	1769.57952	129.63153599999987	126.70348800000001	89.53372800000001	0.0	1.0
675	0.0	2139.32928	2046.4056	124.10534400000003	78.38748000000001	0.0	1.0
675	0.0	858.49344	1708.45416	125.918592	112.068144	0.0	1.0
675	0.0	805.5206400000002	1435.74552	71.49119999999999	54.045792	0.0	1.0
675	0.0	2899.66848	920.97864	56.33087999999999	74.075688	0.0	1.0
675	0.0	1773.72288	1396.76616	51.90067199999999	54.21492	0.0	1.0
675	0.0	2748.61824	785.8468799999999	54.53337599999999	95.2884	0.0	1.0
675	0.0	2675.8464	1375.30872	58.669056000000005	92.364192	0.0	1.0
675	0.0	2092.47744	1233.8244	59.229312	161.631072	0.0	1.0
675	0.0	1163.83488	1576.2168	65.16057599999999	93.459528	0.0	1.0
675	0.0	2177.07264	1871.43264	112.15296	64.90951199999999	0.0	1.0
675	0.0	1807.94496	1962.4356	156.30527999999998	71.23356	0.0	1.0
675	0.0	2809.83552	633.1715999999999	48.60864	96.604704	0.0	1.0
675	0.0	2874.5664	1112.79744	60.651264	83.811024	0.0	1.0
675	0.0	1951.61088	2081.68272	126.761088	67.576248	0.0	1.0
676	0.0	2889.12	897.6636	65.531136	105.74388	0.0	1.0
676	0.0	2629.41312	1754.082	100.765056	99.48700799999999	0.0	1.0
676	0.0	2836.59648	1372.4316	49.615872	92.795976	0.0	1.0
676	0.0	805.80864	1437.63552	72.134016	56.54448	0.0	1.0
676	1.0	1601.56416	164.76393599999994	120.038784	98.400312	0.0	1.0
676	0.0	2134.10304	2112.04584	76.172928	84.999672	0.0	1.0
676	1.0	1757.82528	115.21440000000007	121.784832	113.8698	0.0	1.0
676	0.0	2190.28992	1865.65896	115.902336	64.103832	0.0	1.0
676	0.0	2711.78496	755.31528	47.73504	95.404824	0.0	1.0
676	0.0	857.8214400000002	1708.76088	124.33267199999999	112.190832	0.0	1.0
676	0.0	1773.64608	1395.21096	50.804736	53.70991200000001	0.0	1.0
676	0.0	2622.432	1796.8154400000003	115.110912	183.436056	0.0	1.0
676	0.0	2749.728	781.42752	47.159040000000005	94.982976	0.0	1.0
676	0.0	2802.64704	620.87688	56.343936	97.784064	0.0	1.0
676	0.0	1822.09536	1959.54768	142.136064	66.230784	0.0	1.0
676	0.0	2148.71808	2046.492	125.05536	78.75856800000001	0.0	1.0
676	0.0	2875.2768	1105.1208	59.094144	81.95990400000001	0.0	1.0
676	0.0	2681.04192	1363.05936	61.75564800000001	92.48191200000001	0.0	1.0
676	0.0	1960.36608	2081.85336	127.563648	66.700152	0.0	1.0
676	0.0	1167.90144	1586.0016	62.76288	91.62828	0.0	1.0
677	0.0	852.6028799999999	1708.23816	112.958592	108.53676	0.0	1.0
677	0.0	2155.10016	2044.51992	123.359616	80.16062400000001	0.0	1.0
677	0.0	2897.80224	906.7788	53.060352	67.542768	0.0	1.0
677	0.0	2202.528	1861.65648	118.00704	65.403072	0.0	1.0
677	0.0	1832.64384	1958.6664	149.193216	67.606488	0.0	1.0
677	0.0	2705.9366400000004	737.61624	43.443456	84.019464	0.0	1.0
677	1.0	1595.08224	182.93947200000014	127.548288	132.448176	0.0	1.0
677	0.0	2705.66784	759.50568	47.07648	127.553832	0.0	1.0
677	0.0	2798.45376	610.61256	59.466623999999996	98.999712	0.0	1.0
677	0.0	1773.38496	1396.93464	46.569599999999994	57.928392	0.0	1.0
677	0.0	2744.10624	768.8174399999999	49.964928	92.74910399999999	0.0	1.0
677	0.0	2637.30816	1751.10768	95.856384	99.78012	0.0	1.0
677	0.0	2686.4256	1349.36064	62.65344	86.43888	0.0	1.0
677	0.0	1968.74496	2081.0088	128.766336	63.29296800000001	0.0	1.0
677	0.0	2874.048	1092.30552	57.95596799999999	89.478864	0.0	1.0
677	0.0	1172.8896	1592.3087999999998	57.95596799999999	93.125592	0.0	1.0
677	1.0	1751.8272000000002	114.90292799999997	127.420416	111.20587199999999	0.0	1.0
678	0.0	1187.8118399999998	1606.09176	72.6048	102.65853600000001	0.0	1.0
678	0.0	2793.7459200000003	603.30528	56.507904	95.325768	0.0	1.0
678	0.0	2164.9728	2040.74856	121.051776	78.029568	0.0	1.0
678	0.0	2703.54432	733.81032	43.028352	94.35527999999998	0.0	1.0
678	0.0	2900.5094400000003	900.40896	46.860672	61.511616	0.0	1.0
678	0.0	852.8908799999999	1707.9379199999998	113.205504	108.142128	0.0	1.0
678	0.0	2702.4	758.5488	49.65273599999999	138.014928	0.0	1.0
678	0.0	804.74496	1437.03288	75.06086400000001	59.55357600000001	0.0	1.0
678	0.0	2216.59008	1856.7144	112.111488	68.76662400000001	0.0	1.0
678	0.0	2690.44992	1339.1287200000002	62.405376000000004	87.7176	0.0	1.0
678	1.0	1748.75904	111.55017599999996	126.408192	109.299888	0.0	1.0
678	0.0	2642.46912	1738.97496	96.312576	94.062816	0.0	1.0
678	0.0	2738.7916800000003	755.9114400000001	49.403136	94.349232	0.0	1.0
678	0.0	2875.22688	1087.58808	61.067904	85.15454399999999	0.0	1.0
678	0.0	1974.74688	2080.48824	129.283584	70.902432	0.0	1.0
678	0.0	1846.37568	1957.62312	150.10175999999998	66.17808	0.0	1.0
679	0.0	2693.9865600000003	1333.21032	58.157952	87.94742400000001	0.0	1.0
679	0.0	2898.1056	893.23992	57.247104	64.190232	0.0	1.0
679	0.0	2789.3145600000003	599.5512	47.846784	89.48188799999998	0.0	1.0
679	0.0	2173.50528	2041.8804	127.64812799999999	86.00752800000001	0.0	1.0
679	0.0	852.0268799999999	1708.17768	110.93529599999998	107.688744	0.0	1.0
679	0.0	2646.4550400000003	1738.54728	99.82617600000002	92.038248	0.0	1.0
679	0.0	803.0668800000001	1441.53432	77.915904	58.496688	0.0	1.0
679	1.0	1740.3532799999998	120.54096000000004	129.326592	122.3532	0.0	1.0
679	0.0	2876.73984	1071.35136	58.785024	87.56251200000001	0.0	1.0
679	0.0	1195.33824	1626.90552	80.831616	122.469624	0.0	1.0
679	0.0	2228.35584	1853.47872	116.347392	73.133712	0.0	1.0
679	0.0	1983.17568	2081.59632	127.45228799999998	67.38552	0.0	1.0
679	0.0	2846.62272	1343.43576	46.654848	92.24668799999999	0.0	1.0
679	0.0	1860.09216	1956.75048	151.81401599999998	67.87130400000001	0.0	1.0
679	0.0	2736.79872	750.73176	46.001279999999994	104.622408	0.0	1.0
680	0.0	2850.1632	1330.8624	44.527488000000005	95.980896	0.0	1.0
680	0.0	2240.0832	1845.85176	118.33459199999999	72.268848	0.0	1.0
680	0.0	2653.9852800000003	1728.63072	89.206656	84.02205599999999	0.0	1.0
680	0.0	1991.45856	2081.0412	129.16031999999998	63.295992	0.0	1.0
680	1.0	1726.43712	122.81284800000003	119.98425599999999	116.31038399999998	0.0	1.0
680	0.0	2699.68512	1317.99744	58.664832	80.232768	0.0	1.0
680	0.0	2875.18464	1065.59496	61.403135999999996	87.58432800000001	0.0	1.0
680	0.0	2716.5696	725.0796	79.364352	120.795408	0.0	1.0
680	0.0	1876.22784	1954.45008	160.50086399999998	69.425208	0.0	1.0
680	0.0	1204.1395200000002	1635.24528	83.251968	118.72115999999998	0.0	1.0
681	0.0	854.92608	1707.87312	116.896128	108.23328000000001	0.0	1.0
681	0.0	2718.68928	725.49648	70.632576	103.999896	0.0	1.0
681	0.0	2189.6832	2032.88832	122.55974400000001	72.19324800000001	0.0	1.0
681	0.0	2660.54016	1719.23688	93.54432	87.818904	0.0	1.0
681	0.0	2780.1984	573.7024799999999	55.83168	95.692752	0.0	1.0
681	0.0	2704.90368	1305.68544	59.428608	86.531328	0.0	1.0
681	0.0	2874.75072	1055.52072	58.043519999999994	85.529304	0.0	1.0
681	0.0	1209.312	1644.77952	80.02752000000001	117.460368	0.0	1.0
681	0.0	2252.8435200000004	1838.67192	114.091008	66.78072	0.0	1.0
681	1.0	1722.83136	122.85972000000004	131.296896	115.98767999999998	0.0	1.0
681	0.0	1998.78528	2081.15568	127.728768	63.54849599999999	0.0	1.0
681	0.0	1883.7504	1955.76336	150.476928	75.72247200000001	0.0	1.0
682	0.0	2187.02208	2092.75488	78.49152000000001	98.986536	0.0	1.0
682	0.0	2862.85824	840.73896	38.479104	104.517648	0.0	1.0
682	0.0	857.5411199999999	1707.90768	122.765952	109.13810399999998	0.0	1.0
682	0.0	2726.68032	725.30424	45.8304	92.811744	0.0	1.0
682	0.0	2853.68832	1310.58864	44.143872	93.95978400000001	0.0	1.0
682	0.0	2709.76512	1295.91144	57.638016	90.651528	0.0	1.0
682	0.0	2874.67392	1047.168	55.691903999999994	93.18326400000001	0.0	1.0
682	0.0	2202.2745600000003	2027.41272	117.454848	71.164224	0.0	1.0
682	0.0	2778.336	571.78224	52.098432	90.859968	0.0	1.0
682	0.0	2266.36032	1832.44464	111.856896	66.720672	0.0	1.0
682	0.0	1906.176	1953.85608	175.62508799999998	78.03086400000001	0.0	1.0
682	0.0	2006.68416	2080.134	126.838656	62.663112	0.0	1.0
682	0.0	1217.72928	1655.3224799999998	81.601152	119.108664	0.0	1.0
683	0.0	1785.99552	1384.04376	37.8669312	52.778304	0.0	1.0
683	0.0	859.00416	1708.05672	126.319872	109.138968	0.0	1.0
683	0.0	1916.93952	1951.29864	170.6112	77.246352	0.0	1.0
683	0.0	2715.8246400000003	710.4888	54.73612800000001	92.57695200000002	0.0	1.0
683	0.0	2767.09632	557.3577600000001	63.577728	99.525024	0.0	1.0
683	0.0	2279.3203200000003	1828.42704	114.889728	72.47232	0.0	1.0
683	0.0	2674.11456	1702.44288	89.943168	108.403488	0.0	1.0
683	0.0	2875.48032	1042.27776	57.936	84.867048	0.0	1.0
683	0.0	2711.91168	1290.8484	56.73561600000001	96.259968	0.0	1.0
683	1.0	1551.33312	198.53661599999987	122.99980800000002	124.855128	0.0	1.0
683	1.0	1709.85984	128.823264	126.220416	120.98462399999998	0.0	1.0
683	0.0	1222.32576	1657.55808	84.359808	108.033264	0.0	1.0
683	0.0	2015.54688	2080.1556	132.612096	61.304472	0.0	1.0
684	0.0	2861.53344	824.03136	46.23052799999999	101.205288	0.0	1.0
684	0.0	2875.46112	1033.48224	56.73331200000001	89.926416	0.0	1.0
684	0.0	2709.72288	700.434	62.11353600000001	105.398496	0.0	1.0
684	0.0	1784.87808	1384.91856	38.3811072	54.24796800000001	0.0	1.0
684	0.0	2756.16768	541.6092	67.68460800000001	107.206848	0.0	1.0
684	0.0	859.6723199999999	1708.12368	126.905856	110.822688	0.0	1.0
684	0.0	2217.04704	2026.65456	127.2672	79.384968	0.0	1.0
684	0.0	2859.55584	1292.45976	46.86912	95.190336	0.0	1.0
684	0.0	2295.37152	1820.0268	104.08012799999999	65.637432	0.0	1.0
684	0.0	2716.63104	1279.37016	58.255488	101.1906	0.0	1.0
684	0.0	1228.8384	1662.64272	82.053504	101.68221600000001	0.0	1.0
684	0.0	1925.5488	1950.50808	166.86950399999998	89.317296	0.0	1.0
684	0.0	2682.05952	1693.70352	88.836864	110.01636	0.0	1.0
684	0.0	2022.36672	2081.6244	129.226368	63.75520800000001	0.0	1.0
684	1.0	1701.3888000000002	126.015264	126.000768	109.083888	0.0	1.0
685	0.0	2222.3232	2026.41912	120.27916799999998	83.214216	0.0	1.0
685	0.0	2874.74688	1024.40376	57.446784	95.850216	0.0	1.0
685	0.0	2707.584	696.6216000000001	59.49158400000001	107.132328	0.0	1.0
685	0.0	859.63392	1708.02648	127.279488	111.133296	0.0	1.0
685	0.0	2305.44768	1818.22536	110.184192	75.370608	0.0	1.0
685	0.0	2720.7168	1271.45376	56.827008	105.07795199999998	0.0	1.0
685	1.0	1693.12128	129.24511200000006	128.887296	116.97696	0.0	1.0
685	0.0	1237.39008	1672.7601599999998	81.60422399999999	100.684944	0.0	1.0
685	0.0	2686.2489600000004	1682.28792	86.31360000000001	112.80038399999998	0.0	1.0
685	0.0	1939.44192	1949.90328	171.34579200000002	92.663784	0.0	1.0
685	0.0	2029.65888	2081.62872	128.91878400000002	63.260784	0.0	1.0
686	0.0	2702.5267200000003	682.13232	61.383936000000006	90.04392	0.0	1.0
686	0.0	859.5609599999998	1708.3224	126.862848	111.287088	0.0	1.0
686	0.0	2310.3552	1811.44296	96.554496	73.96444799999999	0.0	1.0
686	0.0	1790.68416	1379.68272	34.2751488	59.42980800000001	0.0	1.0
686	0.0	2753.28	526.29912	63.140736	90.299664	0.0	1.0
686	0.0	2873.49888	1013.37696	59.452032	89.992728	0.0	1.0
686	0.0	2726.35776	1251.76752	54.832896	81.73720800000001	0.0	1.0
686	0.0	1243.53408	1687.45464	81.11808	112.83537600000001	0.0	1.0
686	0.0	2690.39616	1673.18352	81.31430399999999	104.96195999999999	0.0	1.0
686	0.0	1950.8352	1941.6888	162.14745599999998	85.035744	0.0	1.0
686	0.0	2230.90176	2024.77752	125.31647999999998	83.53195199999999	0.0	1.0
686	0.0	2039.86944	2081.33064	131.52921600000002	63.139824000000004	0.0	1.0
687	1.0	1678.35264	140.470416	128.462592	102.751632	0.0	1.0
687	0.0	2690.46144	657.31608	73.300224	99.24443999999998	0.0	1.0
687	0.0	1251.63648	1705.5576	84.85056	132.695712	0.0	1.0
687	0.0	859.4495999999999	1708.32024	126.390144	111.584736	0.0	1.0
687	0.0	1240.4928	1687.82832	63.162624	96.384168	0.0	1.0
687	0.0	2747.58528	518.5296	64.718592	96.907752	0.0	1.0
687	0.0	1791.65184	1378.38672	36.27648	64.527192	0.0	1.0
687	0.0	2228.24064	2084.89248	91.719552	95.824512	0.0	1.0
687	0.0	2728.75392	1241.89632	50.90496	90.072432	0.0	1.0
687	0.0	2327.20896	1808.44272	112.881792	82.405944	0.0	1.0
687	0.0	2693.82528	1670.2848	83.235456	111.324024	0.0	1.0
687	0.0	1968.16512	1940.09904	173.380992	79.13592000000001	0.0	1.0
687	0.0	2866.29504	1009.2708	69.8592	104.61938400000001	0.0	1.0
687	0.0	2240.27136	2022.03	124.628736	80.684424	0.0	1.0
687	0.0	2045.87904	2082.38472	125.95584	62.898768000000004	0.0	1.0
688	0.0	2232.18432	2086.01568	86.61311999999998	90.62107200000001	0.0	1.0
688	0.0	859.0886399999999	1708.82136	125.570688	111.53181600000002	0.0	1.0
688	0.0	2865.26208	795.4675199999999	71.884032	99.512064	0.0	1.0
688	0.0	2743.7568	509.84208	64.233216	94.242528	0.0	1.0
688	1.0	1672.29312	137.88273600000014	127.383936	102.70368	0.0	1.0
688	0.0	2873.1072	805.7447999999999	55.447296	77.018472	0.0	1.0
688	0.0	1258.9593599999998	1710.14112	84.172416	114.57504	0.0	1.0
688	0.0	1793.65248	1376.63496	40.699392	64.124568	0.0	1.0
688	0.0	2248.10496	2020.02336	127.330944	80.811	0.0	1.0
688	0.0	2696.42112	1663.092	81.807744	114.58411200000002	0.0	1.0
688	0.0	2732.32128	1229.68368	49.736448	85.82565600000001	0.0	1.0
688	0.0	1972.7808	1942.9999199999997	165.082752	95.20718400000001	0.0	1.0
688	0.0	2872.79616	998.64144	56.8704	89.71128	0.0	1.0
688	0.0	2692.19712	658.49328	61.469952	110.011824	0.0	1.0
688	0.0	2056.08192	2081.24208	131.84601600000002	61.973208	0.0	1.0
689	0.0	2239.43808	2081.5488	89.10835200000001	86.901768	0.0	1.0
689	0.0	1798.368	1374.88968	38.394278400000005	60.93640799999999	0.0	1.0
689	0.0	2351.18976	1791.49752	107.57568	76.603968	0.0	1.0
689	0.0	2690.74176	648.95472	56.156928	98.84116800000001	0.0	1.0
689	0.0	2727.54432	493.53624	80.84198400000001	109.033344	0.0	1.0
689	0.0	2704.992	1655.26416	84.23808000000001	109.95588	0.0	1.0
689	0.0	2732.8435200000004	1220.7456	50.137344	101.581776	0.0	1.0
689	0.0	859.1385599999999	1708.55784	125.041152	111.585168	0.0	1.0
689	0.0	2872.512	994.67136	56.984448	84.38774400000001	0.0	1.0
689	1.0	1665.2928	141.55668000000003	124.36992	102.703248	0.0	1.0
689	0.0	2257.7472	2015.16768	122.746752	77.01912	0.0	1.0
689	0.0	2064.29952	2082.70224	131.539968	65.163528	0.0	1.0
689	0.0	1987.84128	1941.68232	176.66649600000002	98.08884	0.0	1.0
689	0.0	1269.23136	1716.6708	93.631872	114.898608	0.0	1.0
690	1.0	1657.824	144.81849599999998	126.24959999999999	116.91540000000002	0.0	1.0
690	0.0	2860.45056	779.64768	72.56217600000001	102.7134	0.0	1.0
690	0.0	2676.48384	628.9207200000001	73.921152	89.35833599999998	0.0	1.0
690	0.0	2364.52224	1779.12936	104.545152	70.010784	0.0	1.0
690	0.0	2266.4409600000004	2015.70768	123.988224	83.99095200000001	0.0	1.0
690	0.0	2872.38144	977.05224	59.751168	91.107504	0.0	1.0
690	0.0	2711.8656	1650.9096000000002	74.99558400000001	94.60476	0.0	1.0
690	0.0	1276.8000000000002	1736.3246399999998	87.048576	86.68835999999999	0.0	1.0
690	0.0	860.2137600000001	1708.2792	127.098624	112.467096	0.0	1.0
690	0.0	2736.49152	1208.088	48.708096000000005	101.188872	0.0	1.0
690	0.0	2004.37248	1933.2000000000003	168.89049599999998	86.63608800000002	0.0	1.0
690	0.0	2071.97952	2083.62888	129.069312	67.615776	0.0	1.0
691	0.0	1645.44384	111.03804000000014	72.607872	67.70627999999999	0.0	1.0
691	0.0	2861.05728	780.3712800000001	64.608384	77.28177600000001	0.0	1.0
691	0.0	2722.49856	473.83056	69.436416	93.791952	0.0	1.0
691	0.0	2871.49056	965.87208	58.057728	94.104072	0.0	1.0
691	0.0	2276.20224	2012.59728	126.393216	88.764984	0.0	1.0
691	0.0	1799.24736	1377.77112	42.043776	67.527	0.0	1.0
691	0.0	2720.736	1637.74656	75.826944	111.167424	0.0	1.0
691	0.0	859.95648	1708.60968	125.75808	112.119768	0.0	1.0
691	0.0	1282.85952	1738.89072	85.524864	95.114088	0.0	1.0
691	0.0	2737.8278400000004	1201.15656	48.84864	103.522536	0.0	1.0
691	1.0	1652.07552	147.649176	124.29158399999999	99.831312	0.0	1.0
691	0.0	2014.45248	1933.65792	171.528576	90.789984	0.0	1.0
691	0.0	2081.48736	2081.76912	132.50150399999998	67.002768	0.0	1.0
692	0.0	855.6249600000001	1708.27056	117.458688	110.916432	0.0	1.0
692	0.0	2674.24512	620.4664799999999	62.606592	92.352096	0.0	1.0
692	0.0	2863.39584	779.02344	50.423424	65.231136	0.0	1.0
692	0.0	1276.9344	1733.17968	64.520064	92.50264799999998	0.0	1.0
692	3.0	2395.46496	1764.5148	91.091712	68.05728	0.0	1.0
692	0.0	1291.05792	1753.70616	91.826688	132.435	0.0	1.0
692	1.0	1643.58912	147.52368	124.206336	96.17162400000001	0.0	1.0
692	0.0	2023.41888	1928.3615999999997	145.160832	83.88424800000001	0.0	1.0
692	0.0	2722.4832	1642.92408	75.61459199999999	91.56585599999998	0.0	1.0
692	0.0	2720.10624	472.56696	69.718656	98.297928	0.0	1.0
692	0.0	1801.32096	1377.35856	38.1232896	64.961352	0.0	1.0
692	0.0	2283.66336	2010.64032	123.215232	88.40836800000002	0.0	1.0
692	0.0	2870.69184	957.07656	62.318208	95.497272	0.0	1.0
692	0.0	2088.5913600000003	2080.78416	128.144256	64.927224	0.0	1.0
693	0.0	859.4188800000002	1708.4844	125.216256	111.706776	0.0	1.0
693	0.0	2743.24608	1167.0048	50.563584	90.13248	0.0	1.0
693	0.0	1298.2848	1757.47104	88.40755199999998	105.67821600000002	0.0	1.0
693	0.0	2854.01472	753.25464	72.31488	105.725088	0.0	1.0
693	0.0	2670.50112	614.7468	56.523264	100.70352	0.0	1.0
693	0.0	2730.88896	1632.4135199999998	80.24256	81.424872	0.0	1.0
693	0.0	2294.016	2008.40472	125.973504	88.733448	0.0	1.0
693	0.0	2871.49056	947.74104	57.120383999999994	97.050744	0.0	1.0
693	0.0	2043.70944	1923.14304	133.294848	81.476496	0.0	1.0
693	0.0	2098.70208	2077.65864	129.10848	63.324288	0.0	1.0
694	0.0	2657.61792	598.0910399999999	70.418688	105.771528	0.0	1.0
694	0.0	2732.58624	1612.0879200000002	80.890368	114.116472	0.0	1.0
694	1.0	1630.89792	149.30114400000002	126.09792	99.293688	0.0	1.0
694	0.0	2887.72224	1187.94816	51.08928	92.69856	0.0	1.0
694	0.0	2301.98784	2002.16448	127.48991999999998	84.53678400000001	0.0	1.0
694	0.0	2064.95232	1920.38904	141.024	79.55928	0.0	1.0
694	0.0	2869.8777600000003	941.39496	59.865216000000004	96.860232	0.0	1.0
694	0.0	1309.22496	1762.2014399999998	92.144256	104.145912	0.0	1.0
694	0.0	2106.15936	2076.46848	130.41216	62.490744	0.0	1.0
695	0.0	2732.67072	1623.77784	77.647872	84.023136	0.0	1.0
695	0.0	2851.0848	736.7544	73.702272	108.95796000000001	0.0	1.0
695	0.0	1464.576	202.98837600000002	67.039872	65.344536	0.0	1.0
695	0.0	689.6179200000001	1809.69984	81.897216	55.36404	0.0	1.0
695	0.0	2309.51808	1999.40616	123.298176	83.61576000000001	0.0	1.0
695	0.0	2657.32224	588.91104	60.641664	82.757592	0.0	1.0
695	0.0	2067.85152	1917.13392	134.68723200000002	77.55112799999999	0.0	1.0
695	0.0	2734.39488	1606.00104	80.438784	123.81444	0.0	1.0
695	0.0	2691.4176	442.77408	82.29696	104.498208	0.0	1.0
695	0.0	2870.8262400000003	937.04688	57.251327999999994	93.508776	0.0	1.0
695	0.0	1312.2432	1762.35048	84.58636800000001	95.63011199999998	0.0	1.0
695	0.0	2115.552	2073.20472	127.120512	61.547256	0.0	1.0
696	0.0	2846.12352	729.98712	73.55328	99.531288	0.0	1.0
696	0.0	2086.97856	1917.2008800000003	129.450624	80.17811999999999	0.0	1.0
696	3.0	1463.8963199999998	278.86032	116.07551999999998	199.53626400000002	0.0	1.0
696	0.0	2894.46912	1167.71112	41.390592	93.746808	0.0	1.0
696	0.0	2658.8736	596.9440800000001	47.589888	94.269744	0.0	1.0
696	0.0	2868.1728000000003	921.29616	57.72979200000001	101.150424	0.0	1.0
696	0.0	692.8012800000001	1808.52696	84.721536	57.572424000000005	0.0	1.0
696	1.0	1617.54624	151.67520000000013	116.2464	96.598872	0.0	1.0
696	0.0	2742.0940800000003	1593.83592	80.99865600000001	113.533488	0.0	1.0
696	2.0	2436.14976	1733.64408	95.633664	73.952568	0.0	1.0
696	0.0	2688.18816	435.7044000000001	76.06118400000001	100.43244	0.0	1.0
696	0.0	2123.67744	2075.74488	129.86995199999998	69.16536	0.0	1.0
696	0.0	1322.44608	1773.9648	96.028416	107.02583999999999	0.0	1.0
697	3.0	1460.1216000000002	280.5083999999998	117.134208	202.908888	0.0	1.0
697	1.0	1627.00416	149.24412000000007	84.992256	88.56928799999999	0.0	1.0
697	0.0	2648.76672	573.82344	55.98988800000001	90.4446	0.0	1.0
697	1.0	1610.98752	149.35104000000013	115.91078400000002	94.64947199999999	0.0	1.0
697	0.0	2746.30272	1116.91872	50.154624000000005	94.998312	0.0	1.0
697	0.0	2847.44064	732.76056	67.450368	76.83465600000001	0.0	1.0
697	0.0	2742.37056	1602.08496	89.27808	116.581032	0.0	1.0
697	0.0	2868.04992	921.93984	56.804352	78.303888	0.0	1.0
697	0.0	1327.09248	1781.0495999999998	89.881728	102.5298	0.0	1.0
697	0.0	2129.89056	2072.3904	125.852544	63.530136	0.0	1.0
698	0.0	2844.5568000000003	719.50464	64.123392	80.17012799999999	0.0	1.0
698	0.0	2851.89888	892.1793600000001	46.59072	93.133584	0.0	1.0
698	0.0	2837.90592	710.4153600000001	79.24224000000001	101.95632	0.0	1.0
698	1.0	1603.6416000000002	151.604784	115.696128	91.834992	0.0	1.0
698	0.0	2899.53024	1151.0964	44.711424	89.387064	0.0	1.0
698	0.0	1323.73632	1784.87928	63.535104	85.24807200000001	0.0	1.0
698	0.0	2742.56256	1629.66168	101.110272	188.0874	0.0	1.0
698	0.0	2140.92288	2070.4356	124.994304	67.483152	0.0	1.0
698	0.0	2630.75712	564.3410399999999	78.586368	108.255312	0.0	1.0
698	0.0	2863.09248	905.56272	66.0096	102.103632	0.0	1.0
698	0.0	2744.39808	1111.24656	47.415168	98.617176	0.0	1.0
699	0.0	2113.1904	1906.4916	165.877632	80.269056	0.0	1.0
699	0.0	696.9331199999999	1808.5896	87.43296000000001	60.00372000000001	0.0	1.0
699	0.0	1342.42176	1796.78088	85.28755199999999	93.473784	0.0	1.0
699	0.0	1347.84768	1811.22048	94.78080000000001	121.52484	0.0	1.0
699	0.0	2465.39904	1709.262	94.520448	80.425872	0.0	1.0
699	0.0	2621.97888	551.9448	84.079872	99.625464	0.0	1.0
699	0.0	2749.3747200000003	1608.32736	99.1488	171.710496	0.0	1.0
699	0.0	2632.04736	558.7747200000001	60.513408	92.352096	0.0	1.0
699	0.0	2899.73376	1139.0544	45.318912	96.039648	0.0	1.0
699	0.0	2746.30656	1099.7748	48.806400000000004	101.83816799999998	0.0	1.0
699	0.0	2862.8736	893.8512000000001	68.349696	99.72180000000002	0.0	1.0
699	0.0	2148.93696	2067.77664	132.776064	69.702336	0.0	1.0
700	0.0	2856.60672	880.54344	50.826624	103.829256	0.0	1.0
700	0.0	2158.6944	2092.08096	124.953984	125.278488	0.0	1.0
700	0.0	2107.61088	1908.91728	75.616128	65.41106400000001	0.0	1.0
700	0.0	2615.72352	534.11184	84.344832	86.304096	0.0	1.0
700	0.0	2902.3795200000004	1127.8656	39.72864	91.84212	0.0	1.0
700	0.0	2353.60896	2016.22392	125.606016	150.08781599999998	0.0	1.0
700	0.0	2746.4832	1083.6914399999998	49.449984	115.850736	0.0	1.0
700	0.0	2157.7152	2063.1132	124.574208	67.562856	0.0	1.0
700	0.0	2865.4656	886.6778400000001	60.43007999999999	99.390672	0.0	1.0
700	0.0	2749.53216	1607.7268800000002	98.73791999999999	194.10083999999998	0.0	1.0
700	0.0	1358.18112	1817.91	103.191552	115.6896	0.0	1.0
701	0.0	2860.40832	868.12128	60.486144	102.049632	0.0	1.0
701	0.0	2152.98432	2123.50032	84.921984	70.367616	0.0	1.0
701	0.0	2360.2944	2011.67064	123.531648	148.06454399999998	0.0	1.0
701	0.0	2609.90976	536.22864	89.257344	99.86328	0.0	1.0
701	0.0	2486.50368	1687.57776	90.782976	80.331696	0.0	1.0
701	0.0	1716.0076800000002	200.73895200000004	80.016384	57.915216	0.0	1.0
701	0.0	2640.81792	394.69031999999993	104.577408	93.945312	0.0	1.0
701	0.0	1366.72896	1830.41424	102.445056	123.947712	0.0	1.0
701	0.0	2142.37824	1899.37656	167.966976	79.957368	0.0	1.0
701	0.0	2745.84192	1074.67128	47.557632	106.316064	0.0	1.0
701	0.0	2110.70592	1905.70104	102.36710399999998	67.317912	0.0	1.0
701	0.0	1439.43552	293.93927999999994	115.055232	201.72196800000003	0.0	1.0
701	0.0	2164.18944	2066.3316	129.68831999999998	76.208472	0.0	1.0
701	0.0	2754.96192	1598.49072	106.479744	200.82168	0.0	1.0
702	0.0	2771.8272	1543.77144	80.62195200000001	117.72842399999999	0.0	1.0
702	0.0	693.9072000000001	1808.96976	81.776256	57.742416	0.0	1.0
702	0.0	2368.44288	1978.06536	117.853056	89.294616	0.0	1.0
702	0.0	2494.27968	1683.8928	91.209984	84.3912	0.0	1.0
702	0.0	1376.84736	1836.71496	103.087872	108.929448	0.0	1.0
702	0.0	2905.53984	1111.8837600000002	44.704128	78.185736	0.0	1.0
702	0.0	2130.52416	1903.3704	72.805632	64.317672	0.0	1.0
702	0.0	2164.1241600000003	1893.4560000000001	145.893888	79.78608	0.0	1.0
702	0.0	2848.95744	855.4356	38.560512	94.39048799999999	0.0	1.0
702	0.0	2653.16736	392.65128000000004	72.959616	90.19468800000001	0.0	1.0
702	0.0	2602.96704	525.38328	88.60991999999999	101.182824	0.0	1.0
702	0.0	2860.88832	863.78184	58.245504000000004	98.66987999999999	0.0	1.0
702	0.0	2173.44384	2066.71824	123.667584	83.68358400000001	0.0	1.0
702	0.0	2743.1424	1065.64032	47.57990399999999	107.259336	0.0	1.0
702	0.0	2174.1312000000003	2091.29256	122.334336	129.95208	0.0	1.0
703	0.0	665.4335999999998	1757.74104	78.43238400000001	68.17608	0.0	1.0
703	0.0	2594.81088	514.836	93.74054400000001	96.505344	0.0	1.0
703	0.0	2848.704	852.7896	41.063424	102.149856	0.0	1.0
703	0.0	696.70272	1807.46208	86.95257600000001	61.90646400000001	0.0	1.0
703	0.0	2649.38496	384.35040000000004	69.00364800000001	86.29653599999999	0.0	1.0
703	0.0	2908.20096	1102.7361600000002	48.297216000000006	86.73523200000002	0.0	1.0
703	0.0	2740.62336	1048.0320000000002	50.584320000000005	102.541032	0.0	1.0
703	0.0	2179.21536	2090.81952	116.263296	130.69296	0.0	1.0
703	0.0	2377.72032	1976.34384	119.33798400000002	90.139824	0.0	1.0
703	0.0	2862.67392	864.91584	56.535168	83.530008	0.0	1.0
703	0.0	2166.30912	1891.76472	162.09024	81.633528	0.0	1.0
703	0.0	2775.9744	1531.34712	77.82873599999999	113.81536799999999	0.0	1.0
704	0.0	2852.77824	847.3032000000001	48.121344	105.952968	0.0	1.0
704	0.0	1705.49376	203.21733600000005	85.329792	62.852976000000005	0.0	1.0
704	0.0	2386.49088	1972.09728	118.82879999999999	93.38241599999999	0.0	1.0
704	0.0	860.7936	1707.9444	122.07168000000001	111.60936	0.0	1.0
704	0.0	662.31168	1760.0997599999996	75.416064	64.868688	0.0	1.0
704	0.0	2517.76896	1663.092	78.498048	87.86383199999999	0.0	1.0
704	0.0	1394.03904	1854.7358399999998	103.890048	124.114032	0.0	1.0
704	0.0	2740.704	1038.42864	48.308352000000006	102.195216	0.0	1.0
704	0.0	2911.78752	1089.79992	54.565248	91.345104	0.0	1.0
704	0.0	2191.78752	2083.79952	122.973696	126.91706400000001	0.0	1.0
704	0.0	696.4992000000002	1806.97176	86.568576	61.916399999999996	0.0	1.0
704	0.0	2183.65056	1885.9175999999998	136.094592	78.524424	0.0	1.0
704	0.0	2589.53856	511.01928	98.053632	104.95548	0.0	1.0
704	0.0	2781.68064	1525.8564	83.862144	113.41296000000001	0.0	1.0
705	0.0	2583.85536	501.13296	92.80588800000001	97.772184	0.0	1.0
705	0.0	2634.4896000000003	365.06808	75.960192	92.365056	0.0	1.0
705	0.0	2794.0454400000003	654.42816	64.114176	99.65397600000001	0.0	1.0
705	0.0	2909.49504	1080.79056	47.85216	101.398176	0.0	1.0
705	0.0	662.08896	1760.38056	76.60185600000001	66.331872	0.0	1.0
705	0.0	1704.62592	199.989648	60.148608	67.246416	0.0	1.0
705	0.0	2859.39072	850.6447199999999	57.59846400000001	81.70632	0.0	1.0
705	0.0	2857.24032	837.09504	56.204928	103.888224	0.0	1.0
705	0.0	2528.29824	1653.19704	79.11859199999999	77.91984000000001	0.0	1.0
705	0.0	1408.4851199999998	236.27160000000003	86.61849600000001	59.265648	0.0	1.0
705	0.0	2741.80608	1019.87208	42.992256	96.514632	0.0	1.0
705	0.0	2783.81184	1513.83384	69.722496	108.776736	0.0	1.0
705	0.0	2179.50336	1881.22392	149.85407999999998	80.518752	0.0	1.0
705	0.0	696.5952000000002	1807.00416	84.628608	64.075968	0.0	1.0
705	0.0	2208.7296	2052.39096	95.811072	66.411576	0.0	1.0
705	3.0	1417.6319999999998	311.71176	114.84864	193.431888	0.0	1.0
706	3.0	2572.608	584.01216	93.780096	165.828168	0.0	1.0
706	0.0	663.02592	1761.74568	78.565248	64.8648	0.0	1.0
706	0.0	2627.49312	360.4888800000001	75.554304	94.97412	0.0	1.0
706	0.0	860.64384	1708.39584	122.3712	112.31762400000001	0.0	1.0
706	0.0	2743.29216	1016.80704	39.8592	99.872568	0.0	1.0
706	0.0	1412.12928	248.39999999999986	102.46848	80.044632	0.0	1.0
706	0.0	696.8832	1807.29144	83.90784	63.570528	0.0	1.0
706	3.0	1411.18848	313.3576800000001	109.651584	200.23308	0.0	1.0
706	0.0	2400.54912	1990.42488	116.650368	144.040896	0.0	1.0
706	0.0	2212.53888	2050.45776	121.55788799999999	68.121432	0.0	1.0
706	0.0	1412.01024	1868.52528	105.870336	125.244792	0.0	1.0
706	0.0	2789.6870400000003	1507.99752	81.36038400000001	116.60090400000001	0.0	1.0
706	0.0	2534.58048	1646.00424	82.084608	74.62324799999999	0.0	1.0
706	0.0	2200.7232	1877.3748	164.570112	82.54548	0.0	1.0
706	0.0	2859.90912	830.2197600000001	60.139776	104.71139999999998	0.0	1.0
707	13.0	2952.94848	1640.88936	162.66662399999998	179.495352	0.0	1.0
707	0.0	2216.02176	2080.47744	117.677568	134.656776	0.0	1.0
707	0.0	2539.99488	1630.8432	82.98470400000001	83.905416	0.0	1.0
707	0.0	1403.0207999999998	249.85799999999983	92.605056	80.58700800000001	0.0	1.0
707	3.0	1406.4883200000002	316.5588	107.52384	195.80140799999998	0.0	1.0
707	0.0	2573.01504	484.8681600000001	91.67808	98.163144	0.0	1.0
707	0.0	662.6342399999999	1762.83864	77.53267199999999	64.844928	0.0	1.0
707	0.0	861.6384	1708.19064	123.039744	112.846392	0.0	1.0
707	0.0	1830.73536	1397.61288	69.537024	166.83213600000002	0.0	1.0
707	0.0	697.2288000000001	1807.7472	83.80992	63.629064	0.0	1.0
707	0.0	2217.39264	2057.75424	123.273984	87.459264	0.0	1.0
707	0.0	2736.20736	1003.09968	43.80249599999999	114.31713600000002	0.0	1.0
707	0.0	2856.37248	819.07416	60.475392	96.205104	0.0	1.0
707	0.0	2209.52448	1874.60568	158.008704	81.567	0.0	1.0
707	0.0	1422.8812799999998	1869.10632	110.39193599999999	110.24488800000002	0.0	1.0
707	0.0	2795.08608	1494.67032	75.41568000000001	107.685504	0.0	1.0
708	0.0	2854.8748800000003	817.8451200000001	65.62752	108.183168	0.0	1.0
708	0.0	1397.7792000000002	245.86199999999997	86.573568	62.181	0.0	1.0
708	0.0	2720.45952	997.58952	39.537792	122.795568	0.0	1.0
708	0.0	2420.45184	1952.0784	120.2976	93.160368	0.0	1.0
708	0.0	2222.76096	2051.28288	124.37913599999999	78.43284	0.0	1.0
708	0.0	698.0352	1808.13168	82.371456	63.46512	0.0	1.0
708	0.0	862.3257600000002	1707.56424	123.87148800000001	112.730616	0.0	1.0
708	0.0	2739.9552	996.71256	37.9665408	113.05029600000002	0.0	1.0
708	0.0	1431.95136	1881.05976	114.69657600000001	111.203712	0.0	1.0
708	0.0	2231.3472	1869.5232	122.737152	80.966952	0.0	1.0
708	0.0	2795.0668800000003	1491.07392	77.399424	115.695216	0.0	1.0
709	0.0	2733.55008	973.83384	48.55219199999999	102.24424800000001	0.0	1.0
709	0.0	2238.6432000000004	2048.5872	122.689536	84.472632	0.0	1.0
709	0.0	2915.26272	1037.7504	54.462336	91.97992799999999	0.0	1.0
709	0.0	1390.42176	243.53567999999996	71.001984	55.36404	0.0	1.0
709	0.0	2239.23072	2065.82616	134.44416	118.03428	0.0	1.0
709	0.0	697.56288	1808.352	79.717248	62.602632	0.0	1.0
709	0.0	2236.53504	1865.75832	146.63577600000002	78.395472	0.0	1.0
709	0.0	861.9187200000001	1707.81912	122.8704	111.84739199999999	0.0	1.0
709	0.0	2853.35808	807.22008	59.924736	106.794072	0.0	1.0
709	0.0	1442.61504	1885.12488	116.866944	107.30124	0.0	1.0
709	0.0	2799.17184	1484.64792	78.480384	111.14215200000001	0.0	1.0
710	0.0	2724.45312	957.34872	55.984128000000005	99.68508	0.0	1.0
710	0.0	1741.58592	85.76863200000003	110.362752	72.15804	0.0	1.0
710	0.0	2596.12416	332.1086399999999	71.637504	91.666944	0.0	1.0
710	0.0	1384.77312	246.1017599999999	69.105408	61.104888	0.0	1.0
710	0.0	1836.29952	1341.05112	46.185216	54.418392	0.0	1.0
710	0.0	2550.1632	463.644	99.254016	93.095136	0.0	1.0
710	0.0	2570.10816	1600.23168	75.424896	88.386768	0.0	1.0
710	0.0	698.3807999999999	1808.0366399999998	80.103552	62.534808	0.0	1.0
710	0.0	2912.68992	1027.34784	51.454464	91.334952	0.0	1.0
710	0.0	2249.01504	2060.72424	134.241792	107.542296	0.0	1.0
710	0.0	2249.75616	1859.24376	165.220608	83.61684000000001	0.0	1.0
710	0.0	861.43488	1708.22088	122.09088	111.818448	0.0	1.0
710	0.0	1452.68736	1897.96392	114.093696	120.29882400000001	0.0	1.0
710	0.0	2801.52576	1483.36704	84.42854399999999	116.032392	0.0	1.0
710	0.0	2852.832	801.30168	59.241984	102.22459199999999	0.0	1.0
711	0.0	1841.30304	1338.51096	50.164224	50.905368	0.0	1.0
711	0.0	2261.472	2037.92328	113.342208	73.01988	0.0	1.0
711	3.0	2573.9980800000003	323.57448	106.97664	97.176456	0.0	1.0
711	0.0	1380.9792	250.55135999999993	75.180288	63.091656	0.0	1.0
711	0.0	2250.76608	2078.1468	128.88	145.071864	0.0	1.0
711	0.0	2546.73792	456.5484	92.333952	92.319264	0.0	1.0
711	0.0	2912.1984	1023.35184	52.282368	78.940224	0.0	1.0
711	0.0	697.46688	1808.17704	80.925696	62.682768	0.0	1.0
711	0.0	862.1568	1708.16904	122.65459199999998	111.87892800000002	0.0	1.0
711	0.0	2809.9008	1468.71144	66.686208	91.77948	0.0	1.0
711	0.0	2729.472	961.29936	45.484032000000006	114.28192800000001	0.0	1.0
711	0.0	2849.96352	789.98544	61.228415999999996	105.79075200000001	0.0	1.0
711	0.0	2448.99456	1967.2416000000003	121.352832	150.203592	0.0	1.0
711	0.0	2265.42336	1855.61928	156.69158399999998	87.585624	0.0	1.0
711	0.0	1461.30816	1904.67936	115.591296	118.33041599999999	0.0	1.0
711	0.0	2578.62528	1591.6824	73.96992	90.14716800000001	0.0	1.0
712	0.0	2713.17504	933.19992	45.21446399999999	106.58023199999998	0.0	1.0
712	0.0	2564.46336	315.87839999999994	102.258432	92.07972000000001	0.0	1.0
712	0.0	1453.27872	1892.47968	77.988096	87.156648	0.0	1.0
712	0.0	2573.28768	1592.10792	56.843136	67.11984	0.0	1.0
712	0.0	698.41536	1808.30448	82.06387199999999	61.993728	0.0	1.0
712	0.0	862.6752000000001	1707.7694399999998	123.51052800000001	112.255632	0.0	1.0
712	0.0	2812.88448	1463.5879200000002	71.319552	99.5652	0.0	1.0
712	0.0	2447.136	1965.18096	108.22464	148.51987200000002	0.0	1.0
712	0.0	2729.32608	939.81816	40.051584	101.97705599999999	0.0	1.0
712	0.0	2543.06688	451.9195199999999	83.60524799999999	95.807016	0.0	1.0
712	0.0	2284.17792	1848.9924	135.709824	88.204896	0.0	1.0
712	0.0	2847.1488	783.4968	59.983104	103.216248	0.0	1.0
713	0.0	2717.77152	933.37272	54.346368000000005	118.07899200000001	0.0	1.0
713	0.0	1471.9296000000002	1944.7581600000003	90.244224	161.30339999999998	0.0	1.0
713	0.0	2915.4854400000004	998.38656	58.396032000000005	101.60294400000001	0.0	1.0
713	0.0	2460.6144000000004	1960.37064	118.202496	148.596768	0.0	1.0
713	0.0	1021.4476800000001	625.33728	100.223616	172.53410400000004	0.0	1.0
713	0.0	2589.31968	1570.97016	76.654848	96.667344	0.0	1.0
713	3.0	1349.36832	89.27020800000003	136.000512	175.60065600000001	0.0	1.0
713	0.0	2471.45856	1929.4308	92.648832	87.359688	0.0	1.0
713	0.0	2269.58592	2048.42304	121.66656	105.131088	0.0	1.0
713	0.0	2819.91552	1450.45944	68.001024	82.031616	0.0	1.0
713	0.0	1379.08224	275.73479999999995	97.515648	87.42124799999999	0.0	1.0
713	0.0	2292.1536	1841.5339200000003	139.847808	82.327968	0.0	1.0
713	0.0	698.4537599999999	1808.71272	80.113536	60.45084	0.0	1.0
713	0.0	1464.3110399999998	1972.39968	60.513792	120.34267200000001	0.0	1.0
713	3.0	1512.00384	185.94360000000006	117.471744	154.369152	0.0	1.0
713	0.0	2535.76704	446.42016	86.64576	98.71092	0.0	1.0
713	0.0	2556.93696	308.4112799999999	103.09708799999999	96.29517600000001	0.0	1.0
713	0.0	861.68064	1707.86448	121.670016	112.479408	0.0	1.0
713	0.0	2846.4	772.18056	55.99296	90.63316799999998	0.0	1.0
713	0.0	1461.49248	1901.78496	80.109696	89.87176799999999	0.0	1.0
714	13.0	2955.54432	1642.72968	167.85216	183.65184	0.0	1.0
714	0.0	1474.18752	1967.56992	68.171904	137.971512	0.0	1.0
714	0.0	2848.2201600000003	772.1352	48.69888	77.740776	0.0	1.0
714	0.0	2468.75904	1974.97656	104.65152	123.90083999999999	0.0	1.0
714	0.0	1370.92992	274.46903999999995	96.8736	75.080736	0.0	1.0
714	0.0	1021.30944	625.8988800000001	100.54118400000002	174.12516000000002	0.0	1.0
714	0.0	2825.0611200000003	1437.25536	66.64511999999999	111.73161599999999	0.0	1.0
714	0.0	699.6364800000001	1808.72568	80.47180800000001	62.057448	0.0	1.0
714	0.0	2725.248	914.08392	33.3930624	93.11176799999998	0.0	1.0
714	0.0	862.72128	1707.28776	123.714048	112.01068799999999	0.0	1.0
714	0.0	1490.13888	1918.7604000000001	113.42668799999998	113.13064800000001	0.0	1.0
714	0.0	2526.05184	435.2292	88.267392	93.421296	0.0	1.0
714	0.0	2475.7056	1924.3656	111.214464	101.178936	0.0	1.0
714	0.0	2595.4176	1563.3432	80.745984	105.62832	0.0	1.0
714	0.0	2547.3984	300.7368	103.401984	97.318152	0.0	1.0
714	0.0	2307.05664	1834.94376	136.105344	82.483056	0.0	1.0
715	0.0	2839.2	755.9373599999999	63.691392	103.247784	0.0	1.0
715	0.0	2539.72608	294.0516	104.994816	87.843312	0.0	1.0
715	0.0	2828.31744	753.8853600000001	46.601088	102.87864	0.0	1.0
715	0.0	2607.88992	1543.90968	73.229568	84.82406399999999	0.0	1.0
715	0.0	2717.9712	906.66216	40.902144	107.290656	0.0	1.0
715	0.0	2823.08352	1432.7712	75.50246399999999	122.35428000000002	0.0	1.0
715	0.0	2481.41184	1923.75864	118.79308799999998	107.07228	0.0	1.0
715	0.0	2911.4496	976.40424	63.344256	95.596416	0.0	1.0
715	0.0	2314.39488	1828.8374399999998	139.451904	88.328664	0.0	1.0
715	0.0	2524.93824	430.66296	75.38688	88.681392	0.0	1.0
715	0.0	1497.03936	1921.3524	112.39910399999998	105.545592	0.0	1.0
715	0.0	864.0768	1706.67216	126.09484799999998	113.221368	0.0	1.0
716	0.0	2299.2806400000004	2056.01976	130.37030399999998	137.87063999999998	0.0	1.0
716	3.0	2818.48704	801.59544	98.701056	200.246688	0.0	1.0
716	0.0	2818.74816	736.2036	38.89728	85.766256	0.0	1.0
716	13.0	2954.8876800000003	1641.71016	168.0864	183.41683200000003	0.0	1.0
716	0.0	1021.2672000000001	625.7865599999999	99.781248	174.191472	0.0	1.0
716	0.0	1361.6870399999998	270.66311999999994	101.92473599999998	60.880032	0.0	1.0
716	0.0	2826.68544	1421.82864	70.378752	124.55424	0.0	1.0
716	0.0	2535.6441600000003	288.9129600000001	106.65830399999999	89.347968	0.0	1.0
716	0.0	2311.69152	2017.74672	105.51359999999998	64.130184	0.0	1.0
716	0.0	865.6127999999999	1706.6613599999998	128.47104	113.339304	0.0	1.0
716	0.0	1510.176	1928.0592	118.532736	104.172264	0.0	1.0
716	0.0	2505.0432	415.93607999999995	102.453504	108.52596	0.0	1.0
716	0.0	2706.9696	888.18336	55.019136	98.866224	0.0	1.0
716	0.0	2329.22112	1822.608	133.76255999999998	86.109696	0.0	1.0
716	0.0	2910.92736	965.9736	55.908864	88.841448	0.0	1.0
716	0.0	2496.20736	1942.5052800000003	128.28864000000002	149.960808	0.0	1.0
717	3.0	2910.57792	957.20184	62.742144	90.503568	0.0	1.0
717	3.0	2688.90624	916.3368	87.77471999999999	183.83544	0.0	1.0
717	3.0	2498.11968	409.38264000000004	100.40793600000002	99.11203200000001	0.0	1.0
717	0.0	698.8185600000002	1809.87048	77.201664	59.045759999999994	0.0	1.0
717	3.0	1354.56	314.43768	105.36883199999998	143.912808	0.0	1.0
717	0.0	2827.4112	729.67392	57.193728	82.58306400000001	0.0	1.0
717	0.0	1021.18656	625.5511200000001	100.19635199999999	173.586888	0.0	1.0
717	13.0	2955.59808	1641.88944	168.279168	183.665448	0.0	1.0
717	0.0	2709.4195200000004	885.85272	46.339584	111.744792	0.0	1.0
717	0.0	2326.09152	1864.3154400000003	166.689024	184.842432	0.0	1.0
717	0.0	2603.39712	1570.212	110.81011199999999	189.185328	0.0	1.0
717	0.0	865.3708799999999	1707.00696	127.281408	113.020056	0.0	1.0
717	0.0	1524.06912	1933.35336	121.882752	96.779232	0.0	1.0
717	3.0	2529.61152	285.31872	118.493952	91.798488	0.0	1.0
717	0.0	2832.6528000000003	744.40944	61.049856	102.01896	0.0	1.0
717	0.0	2830.1376	1412.3376	76.82611200000001	115.965432	0.0	1.0
717	0.0	2316.47232	2037.84984	97.840896	112.766472	0.0	1.0
717	0.0	2329.92768	1818.6659999999997	155.225856	90.500328	0.0	1.0
717	0.0	2499.57504	1938.0816	123.72288	149.009112	0.0	1.0
718	0.0	2831.23968	728.92656	59.945088	103.510224	0.0	1.0
718	3.0	1349.56416	106.94332800000007	125.85292800000002	209.778984	0.0	1.0
718	0.0	2491.5264	404.41463999999996	93.511296	90.27612	0.0	1.0
718	0.0	2832.85632	1411.78896	66.297984	112.95547199999999	0.0	1.0
718	0.0	1021.51296	626.2293599999999	100.278912	174.22451999999998	0.0	1.0
718	0.0	1515.0950400000002	2000.8836	80.391936	119.15510400000001	0.0	1.0
718	13.0	2955.69408	1642.38192	165.533184	183.237336	0.0	1.0
718	0.0	2309.17632	2021.69088	121.377024	90.805536	0.0	1.0
718	3.0	2518.33728	279.15624	96.221952	82.87315199999999	0.0	1.0
718	0.0	699.79008	1807.70616	79.248768	62.532	0.0	1.0
718	0.0	864.5068799999999	1706.6008800000002	126.098688	111.893184	0.0	1.0
718	0.0	2904.93696	944.5572	62.31552000000001	98.461224	0.0	1.0
718	0.0	2608.82688	1564.0236	111.860736	198.716328	0.0	1.0
718	0.0	2308.4121600000003	2052.96336	124.658304	150.15455999999998	0.0	1.0
718	0.0	2344.04736	1810.4364	147.130368	91.80972	0.0	1.0
718	0.0	1532.8896	1940.32584	124.765824	107.411184	0.0	1.0
718	0.0	2502.03264	1931.61888	113.647872	147.620664	0.0	1.0
719	0.0	2996.7552	583.47432	75.1104	77.35888800000001	0.0	1.0
719	0.0	2336.87424	1813.99392	87.068928	70.883424	0.0	1.0
719	0.0	2479.95264	396.85032	102.178944	88.977744	0.0	1.0
719	0.0	2758.58688	553.2516	80.891136	96.146568	0.0	1.0
719	0.0	2625.72672	1512.864	63.453312	83.217672	0.0	1.0
719	0.0	2315.92704	2048.52672	127.447296	154.43784	0.0	1.0
719	0.0	2837.00352	1398.8980800000002	65.662464	88.037064	0.0	1.0
719	0.0	2509.0214400000004	1932.16752	112.49856	143.559	0.0	1.0
719	0.0	2316.97536	2022.3539999999998	123.37190400000001	100.89252	0.0	1.0
719	0.0	864.1651200000001	1707.27696	124.91059199999998	110.449872	0.0	1.0
719	0.0	2356.83072	1804.53744	139.895424	92.23524	0.0	1.0
719	0.0	2901.3120000000004	936.86976	57.856896	95.797944	0.0	1.0
719	0.0	2633.20704	1503.20232	72.11904	101.299032	0.0	1.0
719	0.0	2830.22208	723.6885599999999	54.443136	98.474184	0.0	1.0
719	0.0	1527.6288	2006.1864	69.501312	118.49544	0.0	1.0
719	0.0	701.1840000000002	1807.2396	82.435584	63.256248	0.0	1.0
719	0.0	2703.1641600000003	870.86016	40.140288	123.632136	0.0	1.0
719	0.0	1543.52256	1940.96088	125.09030400000002	98.78587199999998	0.0	1.0
720	3.0	1473.93792	230.72687999999982	114.45350400000001	135.424008	0.0	1.0
720	0.0	2839.67232	1398.22848	71.983104	91.99008	0.0	1.0
720	0.0	2752.39296	542.0066400000001	80.086656	104.473368	0.0	1.0
720	0.0	1537.1251200000002	2017.062	75.127296	106.546536	0.0	1.0
720	0.0	2835.5136	718.32744	40.667136	87.81199199999999	0.0	1.0
720	0.0	699.5404800000001	1807.5096	80.28518399999999	62.539344	0.0	1.0
720	0.0	2899.05024	925.5168	55.508352	102.32740800000002	0.0	1.0
720	0.0	864.6566400000002	1706.96592	126.38630400000001	110.873664	0.0	1.0
720	0.0	2698.6176	846.41328	40.908672	103.99795199999998	0.0	1.0
720	0.0	2528.58624	1920.19896	137.47430400000002	157.783032	0.0	1.0
720	0.0	2636.8896	1492.8429600000002	75.78624	102.047256	0.0	1.0
720	0.0	2476.36608	392.92344	93.218304	85.584384	0.0	1.0
720	3.0	2725.44	604.422	79.7664	212.18349600000002	0.0	1.0
720	0.0	2321.85216	2045.58264	128.794368	156.059352	0.0	1.0
720	0.0	2375.9692800000003	1794.63384	127.47379199999999	93.75912	0.0	1.0
720	0.0	1554.83136	1940.2416000000003	125.44435199999998	87.23440799999999	0.0	1.0
721	0.0	862.7558399999998	1706.88168	122.054016	110.479896	0.0	1.0
721	0.0	2673.0048	826.24536	40.501248	94.966992	0.0	1.0
721	0.0	1547.19744	2012.87376	81.52396800000001	123.659568	0.0	1.0
721	3.0	2738.14272	570.4300799999999	97.018752	147.766032	0.0	1.0
721	0.0	2826.432	709.38288	48.6432	93.36924	0.0	1.0
721	3.0	2734.30272	589.78368	99.21676800000002	199.92268799999997	0.0	1.0
721	0.0	2340.16512	2017.0404	130.969344	109.482408	0.0	1.0
721	0.0	2999.72352	577.19088	71.41324800000001	59.994432	0.0	1.0
721	0.0	2696.1984	829.6992	38.773632	96.444864	0.0	1.0
721	0.0	2644.1856	1481.95656	71.34604800000001	107.245512	0.0	1.0
721	13.0	2955.00288	1641.20688	168.373632	182.573784	0.0	1.0
721	0.0	2843.32416	1383.92712	69.826176	107.10165599999999	0.0	1.0
721	0.0	700.2201600000001	1807.87464	81.285888	61.294536	0.0	1.0
721	0.0	2342.7187200000003	2041.53048	139.335552	159.980616	0.0	1.0
721	3.0	2490.46272	260.9474399999999	107.050752	87.97507200000001	0.0	1.0
721	0.0	2533.14432	1912.5719999999997	125.69472	152.06551199999998	0.0	1.0
721	0.0	1563.85152	1950.02208	123.570048	96.801696	0.0	1.0
721	0.0	2384.28288	1789.28136	129.99283200000002	93.790224	0.0	1.0
721	0.0	2899.35744	914.60016	61.360128	89.23759200000002	0.0	1.0
722	0.0	2810.2502400000003	697.64328	66.80985600000001	94.22784	0.0	1.0
722	0.0	2847.17184	1362.54312	64.206336	112.423032	0.0	1.0
722	0.0	1850.08128	1386.018	56.621184	156.533904	0.0	1.0
722	0.0	864.1113599999999	1706.70024	124.89561599999999	110.132136	0.0	1.0
722	0.0	700.65408	1808.39304	81.100416	59.758344	0.0	1.0
722	0.0	2740.56192	527.47416	92.350848	97.545384	0.0	1.0
722	0.0	3000.3648	577.34424	70.56192	58.467312	0.0	1.0
722	0.0	2350.35264	2012.02272	132.483456	109.44806400000002	0.0	1.0
722	0.0	2538.6624	1904.9882400000001	119.135616	145.37448	0.0	1.0
722	0.0	2897.04576	900.41976	68.405376	96.79348800000001	0.0	1.0
722	0.0	2397.70752	1779.84	131.140992	94.288968	0.0	1.0
722	0.0	1573.8048	1958.04864	124.63104000000001	94.947768	0.0	1.0
722	0.0	2651.38176	1469.67912	74.63615999999999	103.17996	0.0	1.0
