frame_nr,time,measurement_available,x,y,state1,state2,state3,state4,state5
652.0,26.080000000000002,0.0,25.003510425841394,-18.438862153908687,25.003510425841394,-18.438862153908687,2.241605825698965,-2.928654762483886,-0.5662152458087358
653.0,26.12,0.0,25.05777121352053,-18.36830951742838,25.05777121352053,-18.36830951742838,2.239673947214138,-2.8998513019732366,-0.5498000557238131
654.0,26.16,0.0,25.102008402930128,-18.31045888499815,25.102008402930128,-18.31045888499815,2.236005715487811,-2.876342310146055,-0.5048989753137691
655.0,26.2,0.0,25.13368059946103,-18.269361048464162,25.13368059946103,-18.269361048464162,2.2331354251690096,-2.856751483623403,-0.4674814083053993
656.0,26.240000000000002,0.0,25.155672750274327,-18.241139231216835,25.155672750274327,-18.241139231216835,2.230878935932921,-2.840174630411929,-0.4358203900675479
657.0,26.28,0.0,25.17004555438292,-18.223024276780677,25.17004555438292,-18.223024276780677,2.229104718976106,-2.825965899087808,-0.40868237443510386
658.0,26.32,0.0,25.1783102120957,-18.212985442151574,25.1783102120957,-18.212985442151574,2.2277163198427106,-2.8136516652735697,-0.3851627608869856
659.0,26.36,0.0,25.18160014341994,-18.209499643632665,25.18160014341994,-18.209499643632665,2.2266413976908423,-2.802876710686111,-0.3645830990323822
660.0,26.400000000000002,0.0,25.180782099968695,-18.211402145316505,25.180782099968695,-18.211402145316505,2.2258246330531746,-2.7933693978148244,-0.3464245738665556
661.0,26.44,0.0,25.176530239565558,-18.217787018073246,25.176530239565558,-18.217787018073246,2.225222999677339,-2.7849184530403472,-0.33028366260804315
662.0,26.48,0.0,25.16937680886889,-18.227939032542615,25.16937680886889,-18.227939032542615,2.2248025294693634,-2.7773570814000252,-0.31584179463990036
663.0,26.52,0.0,25.15974762120868,-18.241285984228426,25.15974762120868,-18.241285984228426,2.2245360479540675,-2.7705518469237362,-0.3028441134685719
664.0,26.560000000000002,0.0,25.10466419834591,-18.31170125106662,25.10466419834591,-18.31170125106662,2.224170757283684,-2.769663116317187,-0.2786386188140914
665.0,26.6,0.0,25.0497141407399,-18.382175963625304,25.0497141407399,-18.382175963625304,2.222837246827121,-2.768774385710638,-0.25443312415961095
666.0,26.64,0.0,24.997954112938423,-18.451657869648407,24.997954112938423,-18.451657869648407,2.2216748606037675,-2.767406651822003,-0.23015963468421172
667.0,26.68,0.0,24.9973934678803,-18.453796267522144,24.9973934678803,-18.453796267522144,2.223947363290835,-2.7463756732099016,-0.2039991838869497
668.0,26.72,0.0,24.99722887113223,-18.455179362138285,24.99722887113223,-18.455179362138285,2.225173447946012,-2.7253446945978,-0.1778387330896877
669.0,26.76,0.0,24.99756421917785,-18.455885400374612,24.99756421917785,-18.455885400374612,2.225353114569299,-2.704313715985698,-0.15167828229242566
670.0,26.8,0.0,24.99850141367516,-18.45599520832004,24.99850141367516,-18.45599520832004,2.224486363160695,-2.683282737373596,-0.12551783149516366
671.0,26.84,0.0,25.000140301810276,-18.455592144025243,25.000140301810276,-18.455592144025243,2.222573193720201,-2.662251758761495,-0.09935738069790165
672.0,26.88,0.0,25.002578617762584,-18.45476204888326,25.002578617762584,-18.45476204888326,2.219613606247816,-2.641220780149393,-0.07319692990063964
673.0,26.92,0.0,24.941686686398068,-18.534543625972056,24.941686686398068,-18.534543625972056,2.220592315882283,-2.6412523918742354,-0.0558881712133308
674.0,26.96,0.0,24.87758798006913,-18.618524661606703,24.87758798006913,-18.618524661606703,2.2228311493199397,-2.6412523918742354,-0.0558881712133308
675.0,27.0,0.0,24.813301648623263,-18.70236199764037,24.813301648623263,-18.70236199764037,2.2250699827575966,-2.6412523918742354,-0.0558881712133308
676.0,27.04,0.0,24.74882801526544,-18.7860552165314,24.74882801526544,-18.7860552165314,2.2273088161952534,-2.641252391874235,-0.0558881712133308
677.0,27.080000000000002,0.0,24.684167404102595,-18.869603901482254,24.684167404102595,-18.869603901482254,2.2295476496329103,-2.6412523918742354,-0.0558881712133308
678.0,27.12,0.0,24.61932014014163,-18.95300763644101,24.61932014014163,-18.95300763644101,2.231786483070567,-2.641252391874235,-0.0558881712133308
679.0,27.16,0.0,24.554286549287426,-19.03626600610286,24.554286549287426,-19.03626600610286,2.2340253165082244,-2.6412523918742354,-0.0558881712133308
680.0,27.2,0.0,24.489066958340864,-19.119378595911552,24.489066958340864,-19.119378595911552,2.2362641499458813,-2.6412523918742354,-0.0558881712133308
681.0,27.240000000000002,0.0,24.423661694996834,-19.20234499206089,24.423661694996834,-19.20234499206089,2.238502983383538,-2.6412523918742354,-0.0558881712133308
682.0,27.28,0.0,24.3580710878423,-19.28516478149616,24.3580710878423,-19.28516478149616,2.2407418168211954,-2.6412523918742354,-0.055888171213330784
683.0,27.32,0.0,24.292295466354297,-19.3678375519156,24.292295466354297,-19.3678375519156,2.2429806502588527,-2.641252391874235,-0.055888171213330784
684.0,27.36,0.0,24.226335160897982,-19.450362891771814,24.226335160897982,-19.450362891771814,2.2452194836965096,-2.6412523918742354,-0.055888171213330784
685.0,27.400000000000002,0.0,24.160190502724696,-19.532740390273236,24.160190502724696,-19.532740390273236,2.2474583171341664,-2.641252391874235,-0.055888171213330784
686.0,27.44,0.0,24.093861823970016,-19.614969637385506,24.093861823970016,-19.614969637385506,2.2496971505718237,-2.6412523918742354,-0.055888171213330784
687.0,27.48,0.0,24.02734945765179,-19.697050223832917,24.02734945765179,-19.697050223832917,2.2519359840094806,-2.641252391874235,-0.055888171213330784
688.0,27.52,0.0,23.960653737668224,-19.778981741099795,23.960653737668224,-19.778981741099795,2.2541748174471374,-2.6412523918742354,-0.055888171213330784
689.0,27.560000000000002,0.0,23.89377499879596,-19.860763781431906,23.89377499879596,-19.860763781431906,2.2564136508847943,-2.6412523918742354,-0.055888171213330784
690.0,27.6,0.0,23.826713576688114,-19.94239593783784,23.826713576688114,-19.94239593783784,2.258652484322451,-2.6412523918742354,-0.055888171213330784
691.0,27.64,0.0,23.75946980787242,-20.023877804090404,23.75946980787242,-20.023877804090404,2.260891317760108,-2.6412523918742354,-0.055888171213330784
692.0,27.68,0.0,23.692044029749276,-20.10520897472795,23.692044029749276,-20.10520897472795,2.2631301511977653,-2.641252391874235,-0.055888171213330784
693.0,27.72,0.0,23.624436580589855,-20.186389045055805,23.624436580589855,-20.186389045055805,2.265368984635422,-2.6412523918742354,-0.055888171213330784
694.0,27.76,0.0,23.55629014308151,-20.26920342095496,23.55629014308151,-20.26920342095496,2.2728782222754353,-2.683347578216238,-0.09018316715662474
695.0,27.8,0.0,23.48711217443195,-20.351180621708433,23.48711217443195,-20.351180621708433,2.2764378100283875,-2.724009723689398,-0.12320202503899855
696.0,27.84,0.0,23.416410842691118,-20.43397734438199,23.416410842691118,-20.43397734438199,2.2813181520966346,-2.764671869162558,-0.1562208829213724
697.0,27.88,0.0,23.344055925929844,-20.51746044449589,23.344055925929844,-20.51746044449589,2.287519248480176,-2.8053340146357173,-0.18923974080374623
698.0,27.92,0.0,23.26992127021583,-20.601492861208822,23.26992127021583,-20.601492861208822,2.295041099179013,-2.8459961601088772,-0.22225859868612002
699.0,27.96,0.0,23.186108072994777,-20.680871998068255,23.186108072994777,-20.680871998068255,2.294570703823143,-2.860510895348531,-0.23398497210367938
700.0,28.0,0.0,23.101927294952493,-20.760700390424006,23.101927294952493,-20.760700390424006,2.294569363403976,-2.8750256305881847,-0.2457113455212388
701.0,28.04,0.0,23.017335623385538,-20.8409420560339,23.017335623385538,-20.8409420560339,2.295037077921511,-2.8895403658278385,-0.25743771893879813
702.0,28.080000000000002,0.0,22.932290237565834,-20.921560426623323,22.932290237565834,-20.921560426623323,2.2959738473757483,-2.9040551010674927,-0.2691640923563575
703.0,28.12,0.0,21.994531194039297,-20.459757811753988,21.994531194039297,-20.459757811753988,2.3594245953995054,-2.785485816343638,-0.26329770991590756
704.0,28.16,0.0,21.058343892139284,-19.993691047440507,21.058343892139284,-19.993691047440507,2.423467252741822,-2.666916531619783,-0.25743132747545766
705.0,28.2,0.0,20.123751661527667,-19.523347556884794,20.123751661527667,-19.523347556884794,2.4881018194027,-2.5483472468959283,-0.2515649450350077
706.0,28.240000000000002,0.0,19.190778031770385,-19.048715144337443,19.190778031770385,-19.048715144337443,2.553328295382136,-2.4297779621720736,-0.24569856259455775
707.0,28.28,0.0,18.259446724885265,-18.56978199725794,18.259446724885265,-18.56978199725794,2.6191466806801333,-2.311208677448219,-0.23983218015410782
708.0,28.32,0.0,17.32978164787019,-18.08653668833568,17.32978164787019,-18.08653668833568,2.6855569752966906,-2.192639392724364,-0.2339657977136579
709.0,28.36,0.0,16.401806885214167,-17.598968177371695,16.401806885214167,-17.598968177371695,2.7525591792318074,-2.0740701080005097,-0.22809941527320796
710.0,28.400000000000002,0.0,15.475546691393799,-17.107065813020952,15.475546691393799,-17.107065813020952,2.820153292485485,-1.9555008232766546,-0.22223303283275803
711.0,28.44,0.0,14.551025483357591,-16.610819334395295,14.551025483357591,-16.610819334395295,2.888339315057722,-1.8369315385527998,-0.21636665039230807
712.0,28.48,0.0,13.628267833000658,-16.110218872526904,13.628267833000658,-16.110218872526904,2.957117246948519,-1.7183622538289451,-0.21050026795185817
713.0,28.52,0.0,12.707298459632234,-15.605254951692421,12.707298459632234,-15.605254951692421,3.026487088157876,-1.5997929691050905,-0.2046338855114082
714.0,28.560000000000002,0.0,11.788753093765017,-15.093648008750796,11.788753093765017,-15.093648008750796,3.0905773041420956,-1.4383523744400626,-0.16446262284608604
715.0,28.6,0.0,10.87296607111959,-14.578377251068048,10.87296607111959,-14.578377251068048,3.1592086839606734,-1.2783448206438768,-0.12556749824168395
716.0,28.64,0.0,9.960924654901424,-14.057830594023944,9.960924654901424,-14.057830594023944,3.2264895347638225,-1.1167850196493494,-0.08665260507412528
717.0,28.68,0.0,9.052407768772058,-13.532093701345406,9.052407768772058,-13.532093701345406,3.2930403544564464,-0.955225218654822,-0.0477377119065666
718.0,28.72,0.0,8.148446921701618,-13.00143097203468,8.148446921701618,-13.00143097203468,3.3585871061915746,-0.7934838746109849,-0.008821649852751086
719.0,28.76,0.0,7.253873457163797,-12.471652803493871,7.253873457163797,-12.471652803493871,3.431547711134429,-0.6551723355502558,0.008891592660648926
720.0,28.8,0.0,6.361808115892708,-11.936947595297855,6.361808115892708,-11.936947595297855,3.5046263509929245,-0.5168607964895268,0.026604835174048935
721.0,28.84,0.0,5.4723194142535,-11.397349135995423,5.4723194142535,-11.397349135995423,3.5778230257670622,-0.37854925742879775,0.044318077687448956
722.0,28.88,0.0,4.5854754004987415,-10.852892194680011,4.5854754004987415,-10.852892194680011,3.6511377354568424,-0.2402377183680687,0.06203132020084897
723.0,28.92,0.0,4.5522089136032635,-10.846590769734929,4.5522089136032635,-10.846590769734929,3.6623099642827674,-0.2441791207734043,0.06630292769388038
724.0,28.96,0.0,4.51936592503853,-10.840344692841326,4.51936592503853,-10.840344692841326,3.673311328808972,-0.24812052317874,0.07057453518691181
725.0,29.0,0.0,4.486958766403476,-10.834178511334745,4.486958766403476,-10.834178511334745,3.6841418290354553,-0.2520619255840756,0.07484614267994324
726.0,29.04,0.0,4.454999345124203,-10.828116964825883,4.454999345124203,-10.828116964825883,3.694801464962217,-0.2560033279894113,0.07911775017297466
727.0,29.080000000000002,0.0,5.207402054875134,-11.461522445952939,5.207402054875134,-11.461522445952939,3.646420323386979,-0.25370329206085634,0.07653582662011635
728.0,29.12,0.0,5.957708376292499,-12.098941541862946,5.957708376292499,-12.098941541862946,3.5973640702376586,-0.25182948910793607,0.07433024337284586
729.0,29.16,0.0,6.708306788049408,-12.742739179689114,6.708306788049408,-12.742739179689114,3.542863524327511,-0.24413613185855035,0.07439646729194184
730.0,29.2,0.0,7.455846538049765,-13.389324294704219,7.455846538049765,-13.389324294704219,3.4877010279169354,-0.23672375681155833,0.07448875784411634
731.0,29.240000000000002,0.0,8.204214997441992,-14.043621028876208,8.204214997441992,-14.043621028876208,3.4295490239800754,-0.22649173263457936,0.07586103209354299
732.0,29.28,0.0,8.94923596640084,-14.700442050385623,8.94923596640084,-14.700442050385623,3.3707345777281086,-0.2185107144359057,0.07716512066353204
733.0,29.32,0.0,9.69376271012778,-15.363151222948748,9.69376271012778,-15.363151222948748,3.310152898652921,-0.20833054652535238,0.07940461856607414
734.0,29.36,0.0,10.43625190136913,-16.029854480460596,10.43625190136913,-16.029854480460596,3.2495092929943623,-0.20121025528580933,0.0815568937977165
735.0,29.400000000000002,0.0,11.174080918857648,-16.701486690777525,11.174080918857648,-16.701486690777525,3.1876548752588523,-0.18940197883592536,0.0839438547663639
736.0,29.44,1.0,11.912882129408324,-17.376931795283713,11.912882129408324,-17.376931795283713,3.1257302315761226,-0.1815765475230539,0.0862932822751414
737.0,29.48,1.0,12.645446271188245,-18.05813845234801,12.645446271188245,-18.05813845234801,3.062878121981556,-0.1652904177628856,0.08883036230727973
738.0,29.52,1.0,13.376313281245512,-18.741544425587946,13.376313281245512,-18.741544425587946,2.9979426425644955,-0.15410152159994256,0.09094097903675338
739.0,29.560000000000002,1.0,14.106381920785207,-19.42854106874474,14.106381920785207,-19.42854106874474,2.9338783607295125,-0.1456302306873975,0.0929619308418281
740.0,29.6,1.0,14.83319864394619,-20.11980841783103,14.83319864394619,-20.11980841783103,2.8695197937772807,-0.1371589397748524,0.09498288264690283
741.0,29.64,1.0,15.556716764823568,-20.81531934587324,15.556716764823568,-20.81531934587324,2.804866941707801,-0.12868764886230732,0.09700383445197754
742.0,29.68,1.0,16.276889939345445,-21.5150460441353,16.276889939345445,-21.5150460441353,2.7399198045210724,-0.12021635794976226,0.09902478625705224
743.0,29.72,1.0,16.995024524584288,-22.21874231390067,16.995024524584288,-22.21874231390067,2.6748939743637745,-0.10257614553466106,0.09689461722448624
744.0,29.76,1.0,17.70996877486043,-22.92632131828524,17.70996877486043,-22.92632131828524,2.609739903922734,-0.08493593311955987,0.09476444819192023
745.0,29.8,1.0,18.4216670299076,-23.637740643624547,18.4216670299076,-23.637740643624547,2.5444575931979503,-0.06729572070445868,0.09263427915935421
746.0,29.84,1.0,19.130064232880574,-24.35295703350983,19.130064232880574,-24.35295703350983,2.479047042189424,-0.049655508289357476,0.09050411012678819
747.0,29.88,0.0,19.046720349558065,-24.43474578546706,19.046720349558065,-24.43474578546706,2.4703878944036055,-0.03038361025438201,0.09047677600335467
748.0,29.92,0.0,18.962423523930834,-24.516768954490818,18.962423523930834,-24.516768954490818,2.4619147257629335,-0.01068547924377189,0.0900731015743333
749.0,29.96,0.0,18.874753190363435,-24.596659519373393,18.874753190363435,-24.596659519373393,2.4583967174541543,0.0031930974703728078,0.08739761997894546
750.0,30.0,0.0,18.78735553600297,-24.67775455822815,18.78735553600297,-24.67775455822815,2.455029283690644,0.007027895738871292,0.0841399835948287
751.0,30.04,0.0,18.696313629356005,-24.75513050739819,18.696313629356005,-24.75513050739819,2.4541399814982574,0.008043044877382855,0.07960236351345978
752.0,30.080000000000002,0.0,18.605774004733753,-24.833974850781594,18.605774004733753,-24.833974850781594,2.453401745665818,0.01130919999419967,0.0751329291115285
753.0,30.12,0.0,18.512853633950066,-24.910923449403878,18.512853633950066,-24.910923449403878,2.453919366701437,0.012376205399136841,0.06972808537704411
754.0,30.16,0.0,18.4188127766317,-24.988354337850208,18.4188127766317,-24.988354337850208,2.45458866870661,0.01572696387591329,0.0644005800318812
755.0,30.2,0.0,18.32642765783035,-25.064814699954287,18.32642765783035,-25.064814699954287,2.4559578022048365,0.014389737142348879,0.05883838894971323
756.0,30.240000000000002,1.0,18.22956592748928,-25.1413657275677,18.22956592748928,-25.1413657275677,2.457507469713817,0.015483108347455055,0.05329396276425857
757.0,30.28,0.0,18.13578364518405,-25.21609595632191,18.13578364518405,-25.21609595632191,2.4594744132932624,0.008115781105264374,0.04756188405544305
758.0,30.32,0.0,18.039631069924578,-25.292429965476856,18.039631069924578,-25.292429965476856,2.4632885737008032,0.005664144410989313,0.042255099763035375
759.0,30.36,2.0,17.943272502461642,-25.36835824939648,17.943272502461642,-25.36835824939648,2.4668904627366475,0.0032125077167142525,0.0369483154706277
760.0,30.400000000000002,2.0,17.84672544204877,-25.443899454440636,17.84672544204877,-25.443899454440636,2.470280080400795,0.0007608710224391912,0.03164153117822003
761.0,30.44,2.0,17.750007077835257,-25.519072487042784,17.750007077835257,-25.519072487042784,2.4734574266932468,-0.0016907656718358698,0.026334746885812353
762.0,30.48,2.0,17.65313428552422,-25.593896509583494,17.65313428552422,-25.593896509583494,2.4764225016140022,-0.004142402366110931,0.021027962593404684
763.0,30.52,2.0,17.556123624082627,-25.668390936222682,17.556123624082627,-25.668390936222682,2.4791753051630607,-0.0065940390603859925,0.015721178300997007
764.0,30.560000000000002,2.0,17.45899133250391,-25.742575428691104,17.45899133250391,-25.742575428691104,2.481715837340423,-0.009045675754661054,0.010414394008589335
765.0,30.6,2.0,17.361753326623564,-25.816469892041816,17.361753326623564,-25.816469892041816,2.48404409814609,-0.011497312448936115,0.005107609716181662
766.0,30.64,2.0,17.26442519598823,-25.890094470362282,17.26442519598823,-25.890094470362282,2.4861600875800596,-0.013948949143211176,-0.00019917457622601193
767.0,30.68,2.0,17.17150488183506,-25.961312687413805,17.17150488183506,-25.961312687413805,2.4900540753381626,-0.024273709791251076,-0.0007552627318764202
768.0,30.72,2.0,17.078634928412036,-26.031916699826958,17.078634928412036,-26.031916699826958,2.49392581957004,-0.03459847043929097,-0.0013113508875268285
769.0,30.76,2.0,16.985819467379336,-26.101908983645785,16.985819467379336,-26.101908983645785,2.4977753202756907,-0.04492323108733087,-0.0018674390431772368
770.0,30.8,2.0,16.892734991858493,-26.171543489141783,16.892734991858493,-26.171543489141783,2.5016248209813416,-0.04492323108733087,-0.0018674390431772368
771.0,30.84,2.0,16.79938288150469,-26.240819181980378,16.79938288150469,-26.240819181980378,2.5054743216869926,-0.04492323108733087,-0.0018674390431772368
772.0,30.88,2.0,16.705764519951504,-26.309735033149213,16.705764519951504,-26.309735033149213,2.509323822392644,-0.04492323108733087,-0.0018674390431772368
773.0,30.92,2.0,16.611881294790322,-26.378290018973388,16.611881294790322,-26.378290018973388,2.5131733230982944,-0.04492323108733087,-0.0018674390431772368
774.0,30.96,2.0,16.5177345975498,-26.446483121130747,16.5177345975498,-26.446483121130747,2.517022823803946,-0.04492323108733087,-0.0018674390431772368
775.0,31.0,2.0,16.42332582367515,-26.51431332666699,16.42332582367515,-26.51431332666699,2.5208723245095963,-0.04492323108733087,-0.0018674390431772368
776.0,31.04,2.0,16.32865637250747,-26.581779628010757,16.32865637250747,-26.581779628010757,2.5247218252152472,-0.04492323108733087,-0.0018674390431772368
777.0,31.080000000000002,2.0,16.23372764726295,-26.64888102298861,16.23372764726295,-26.64888102298861,2.528571325920898,-0.04492323108733087,-0.0018674390431772368
778.0,31.12,2.0,16.13854105501204,-26.71561651483995,16.13854105501204,-26.71561651483995,2.532420826626549,-0.04492323108733087,-0.0018674390431772368
779.0,31.16,2.0,16.04309800665857,-26.781985112231844,16.04309800665857,-26.781985112231844,2.5362703273321996,-0.04492323108733087,-0.0018674390431772368
780.0,31.2,2.0,15.947399916918815,-26.84798582927375,15.947399916918815,-26.84798582927375,2.540119828037851,-0.04492323108733087,-0.0018674390431772368
781.0,31.240000000000002,2.0,15.851448204300462,-26.913617685532238,15.851448204300462,-26.913617685532238,2.5439693287435015,-0.04492323108733087,-0.0018674390431772368
782.0,31.28,2.0,15.755244291081585,-26.97887970604551,15.755244291081585,-26.97887970604551,2.547818829449153,-0.04492323108733087,-0.0018674390431772368
783.0,31.32,2.0,15.658789603289517,-27.043770921337973,15.658789603289517,-27.043770921337973,2.5516683301548038,-0.04492323108733087,-0.0018674390431772368
784.0,31.36,2.0,15.562085570679685,-27.10829036743458,15.562085570679685,-27.10829036743458,2.5555178308604547,-0.04492323108733087,-0.0018674390431772368
785.0,31.400000000000002,2.0,15.465133626714373,-27.172437085875252,15.465133626714373,-27.172437085875252,2.5593673315661056,-0.04492323108733087,-0.0018674390431772368
786.0,31.44,2.0,15.367935208541457,-27.236210123729098,15.367935208541457,-27.236210123729098,2.5632168322717566,-0.04492323108733087,-0.0018674390431772368
787.0,31.48,2.0,15.270491756973055,-27.29960853360859,15.270491756973055,-27.29960853360859,2.5670663329774075,-0.04492323108733087,-0.0018674390431772368
788.0,31.52,2.0,15.172804716464157,-27.362631373683673,15.172804716464157,-27.362631373683673,2.570915833683059,-0.04492323108733087,-0.0018674390431772368
789.0,31.560000000000002,2.0,15.074875535091149,-27.425277707695756,15.074875535091149,-27.425277707695756,2.5747653343887094,-0.04492323108733087,-0.0018674390431772368
790.0,31.6,2.0,14.97670566453036,-27.48754660497167,14.97670566453036,-27.48754660497167,2.5786148350943607,-0.04492323108733087,-0.0018674390431772368
791.0,31.64,2.0,14.87829656003646,-27.549437140437494,14.87829656003646,-27.549437140437494,2.5824643358000112,-0.04492323108733087,-0.0018674390431772368
792.0,31.68,2.0,14.779649680420897,-27.610948394632345,14.779649680420897,-27.610948394632345,2.586313836505662,-0.04492323108733087,-0.0018674390431772368
793.0,31.720000000000002,2.0,14.680766488030212,-27.672079453722,14.680766488030212,-27.672079453722,2.590163337211313,-0.04492323108733087,-0.0018674390431772368
794.0,31.76,2.0,14.581648448724348,-27.73282940951257,14.581648448724348,-27.73282940951257,2.594012837916964,-0.04492323108733087,-0.0018674390431772368
795.0,31.8,2.0,14.482297031854866,-27.79319735946394,14.482297031854866,-27.79319735946394,2.5978623386226145,-0.04492323108733087,-0.0018674390431772368
796.0,31.84,2.0,14.382713710243152,-27.853182406703247,14.382713710243152,-27.853182406703247,2.601711839328266,-0.04492323108733087,-0.0018674390431772368
797.0,31.88,2.0,14.282899960158534,-27.912783660038222,14.282899960158534,-27.912783660038222,2.6055613400339164,-0.04492323108733087,-0.0018674390431772368
798.0,31.92,2.0,14.182857261296368,-27.97200023397042,14.182857261296368,-27.97200023397042,2.6094108407395677,-0.04492323108733087,-0.0018674390431772368
799.0,31.96,2.0,14.082587096756082,-28.03083124870841,14.082587096756082,-28.03083124870841,2.6132603414452187,-0.04492323108733087,-0.0018674390431772368
800.0,32.0,2.0,13.982090953019139,-28.089275830180885,13.982090953019139,-28.089275830180885,2.6171098421508696,-0.04492323108733087,-0.0018674390431772368
801.0,32.04,2.0,13.881370319926972,-28.147333110049622,13.881370319926972,-28.147333110049622,2.6209593428565205,-0.04492323108733087,-0.0018674390431772368
802.0,32.08,2.0,13.780426690658874,-28.205002225722474,13.780426690658874,-28.205002225722474,2.6248088435621715,-0.04492323108733087,-0.0018674390431772368
803.0,32.12,2.0,13.679261561709813,-28.26228232036612,13.679261561709813,-28.26228232036612,2.6286583442678224,-0.04492323108733087,-0.0018674390431772368
804.0,32.160000000000004,2.0,13.577876432868223,-28.319172542918885,13.577876432868223,-28.319172542918885,2.632507844973474,-0.04492323108733087,-0.0018674390431772368
805.0,32.2,2.0,13.476272807193734,-28.375672048103375,13.476272807193734,-28.375672048103375,2.6363573456791243,-0.04492323108733087,-0.0018674390431772368
806.0,32.24,2.0,13.374452190994855,-28.431779996439037,13.374452190994855,-28.431779996439037,2.6402068463847757,-0.04492323108733087,-0.0018674390431772368
807.0,32.28,2.0,13.272416093806608,-28.487495554254686,13.272416093806608,-28.487495554254686,2.644056347090426,-0.04492323108733087,-0.0018674390431772368
808.0,32.32,2.0,13.17016602836812,-28.542817893700892,13.17016602836812,-28.542817893700892,2.647905847796077,-0.04492323108733087,-0.0018674390431772368
809.0,32.36,2.0,13.067703510600149,-28.597746192762298,13.067703510600149,-28.597746192762298,2.651755348501728,-0.04492323108733087,-0.0018674390431772368
810.0,32.4,2.0,12.965030059582588,-28.65227963526986,12.965030059582588,-28.65227963526986,2.655604849207379,-0.04492323108733087,-0.0018674390431772368
811.0,32.44,2.0,12.862147197531911,-28.70641741091299,12.862147197531911,-28.70641741091299,2.6594543499130294,-0.04492323108733087,-0.0018674390431772368
812.0,32.480000000000004,2.0,12.759056449778557,-28.760158715251595,12.759056449778557,-28.760158715251595,2.663303850618681,-0.04492323108733087,-0.0018674390431772368
813.0,32.52,2.0,12.655759344744293,-28.813502749728087,12.655759344744293,-28.813502749728087,2.6671533513243313,-0.04492323108733087,-0.0018674390431772368
814.0,32.56,2.0,12.552257413919524,-28.86644872167924,12.552257413919524,-28.86644872167924,2.6710028520299827,-0.04492323108733087,-0.0018674390431772368
815.0,32.6,2.0,12.448552191840538,-28.918995844347982,12.448552191840538,-28.918995844347982,2.6748523527356336,-0.04492323108733087,-0.0018674390431772368
816.0,32.64,2.0,12.344645216066732,-28.971143336895125,12.344645216066732,-28.971143336895125,2.6787018534412845,-0.04492323108733087,-0.0018674390431772368
817.0,32.68,2.0,12.240538027157776,-29.022890424410964,12.240538027157776,-29.022890424410964,2.6825513541469355,-0.04492323108733087,-0.0018674390431772368
818.0,32.72,2.0,12.13623216865074,-29.074236337926827,12.13623216865074,-29.074236337926827,2.6864008548525864,-0.04492323108733087,-0.0018674390431772368
819.0,32.76,2.0,12.031729187037174,-29.125180314426494,12.031729187037174,-29.125180314426494,2.6902503555582373,-0.04492323108733087,-0.0018674390431772368
820.0,32.8,2.0,11.927030631740145,-29.175721596857585,11.927030631740145,-29.175721596857585,2.6940998562638887,-0.04492323108733087,-0.0018674390431772368
821.0,32.84,2.0,11.82213805509123,-29.225859434142812,11.82213805509123,-29.225859434142812,2.697949356969539,-0.04492323108733087,-0.0018674390431772368
822.0,32.88,2.0,11.717053012307463,-29.275593081191154,11.717053012307463,-29.275593081191154,2.7017988576751906,-0.04492323108733087,-0.0018674390431772368
823.0,32.92,2.0,11.611777061468242,-29.324921798908925,11.611777061468242,-29.324921798908925,2.705648358380841,-0.04492323108733087,-0.0018674390431772368
824.0,32.96,2.0,11.506311763492201,-29.373844854210837,11.506311763492201,-29.373844854210837,2.709497859086492,-0.04492323108733087,-0.0018674390431772368
825.0,33.0,2.0,11.400658682114015,-29.422361520030837,11.400658682114015,-29.422361520030837,2.713347359792143,-0.04492323108733087,-0.0018674390431772368
826.0,33.04,2.0,11.294819383861192,-29.470471075332995,11.294819383861192,-29.470471075332995,2.717196860497794,-0.04492323108733087,-0.0018674390431772368
827.0,33.08,2.0,11.188795438030816,-29.51817280512217,11.188795438030816,-29.51817280512217,2.7210463612034443,-0.04492323108733087,-0.0018674390431772368
828.0,33.12,2.0,11.082588416666225,-29.5654660004547,11.082588416666225,-29.5654660004547,2.7248958619090957,-0.04492323108733087,-0.0018674390431772368
829.0,33.160000000000004,2.0,10.976199894533682,-29.61234995844895,10.976199894533682,-29.61234995844895,2.728745362614746,-0.04492323108733087,-0.0018674390431772368
830.0,33.2,2.0,10.869631449098991,-29.65882398229575,10.869631449098991,-29.65882398229575,2.7325948633203976,-0.04492323108733087,-0.0018674390431772368
831.0,33.24,2.0,10.76288466050406,-29.704887381268783,10.76288466050406,-29.704887381268783,2.7364443640260485,-0.04492323108733087,-0.0018674390431772368
832.0,33.28,2.0,10.655961111543444,-29.75053947073486,10.655961111543444,-29.75053947073486,2.7402938647316994,-0.04492323108733087,-0.0018674390431772368
833.0,33.32,2.0,10.548862387640847,-29.79577957216413,10.548862387640847,-29.79577957216413,2.7441433654373504,-0.04492323108733087,-0.0018674390431772368
834.0,33.36,2.0,10.441590076825566,-29.840607013140136,10.441590076825566,-29.840607013140136,2.7479928661430013,-0.04492323108733087,-0.0018674390431772368
835.0,33.4,2.0,10.334145769708913,-29.885021127369875,10.334145769708913,-29.885021127369875,2.7518423668486522,-0.04492323108733087,-0.0018674390431772368
836.0,33.44,2.0,10.226531059460601,-29.929021254693698,10.226531059460601,-29.929021254693698,2.7556918675543036,-0.04492323108733087,-0.0018674390431772368
837.0,33.480000000000004,2.0,10.118747541785076,-29.9726067410951,10.118747541785076,-29.9726067410951,2.759541368259954,-0.04492323108733087,-0.0018674390431772368
838.0,33.52,2.0,10.010796814897825,-30.01577693871052,10.010796814897825,-30.01577693871052,2.7633908689656055,-0.04492323108733087,-0.0018674390431772368
839.0,33.56,2.0,9.902680479501644,-30.058531205838943,9.902680479501644,-30.058531205838943,2.767240369671256,-0.04492323108733087,-0.0018674390431772368
840.0,33.6,2.0,9.794400138762859,-30.100868906951472,9.794400138762859,-30.100868906951472,2.771089870376907,-0.04492323108733087,-0.0018674390431772368
841.0,33.64,2.0,9.685957398287528,-30.14278941270076,9.685957398287528,-30.14278941270076,2.774939371082558,-0.04492323108733087,-0.0018674390431772368
842.0,33.68,2.0,9.57735386609759,-30.184292099930424,9.57735386609759,-30.184292099930424,2.7787888717882088,-0.04492323108733087,-0.0018674390431772368
843.0,33.72,2.0,9.46859115260699,-30.225376351684275,9.46859115260699,-30.225376351684275,2.7826383724938593,-0.04492323108733087,-0.0018674390431772368
844.0,33.76,2.0,9.359670870597755,-30.266041557215537,9.359670870597755,-30.266041557215537,2.7864878731995106,-0.04492323108733087,-0.0018674390431772368
845.0,33.8,2.0,9.250594635196052,-30.306287111995935,9.250594635196052,-30.306287111995935,2.790337373905161,-0.04492323108733087,-0.0018674390431772368
846.0,33.84,2.0,9.1413640638482,-30.34611241772468,9.1413640638482,-30.34611241772468,2.7941868746108125,-0.04492323108733087,-0.0018674390431772368
847.0,33.88,2.0,9.031980776296647,-30.385516882337384,9.031980776296647,-30.385516882337384,2.7980363753164634,-0.04492323108733087,-0.0018674390431772368
848.0,33.92,2.0,8.922446394555916,-30.424499920014874,8.922446394555916,-30.424499920014874,2.8018858760221144,-0.04492323108733087,-0.0018674390431772368
849.0,33.96,2.0,8.81276254288851,-30.463060951191938,8.81276254288851,-30.463060951191938,2.8057353767277653,-0.04492323108733087,-0.0018674390431772368
850.0,34.0,2.0,8.702930847780811,-30.501199402565902,8.702930847780811,-30.501199402565902,2.8095848774334162,-0.04492323108733087,-0.0018674390431772368
851.0,34.04,2.0,8.592952937918898,-30.53891470710522,8.592952937918898,-30.53891470710522,2.813434378139067,-0.04492323108733087,-0.0018674390431772368
852.0,34.08,2.0,8.482830444164376,-30.576206304057884,8.482830444164376,-30.576206304057884,2.8172838788447185,-0.04492323108733087,-0.0018674390431772368
853.0,34.12,2.0,8.372564999530152,-30.613073638959786,8.372564999530152,-30.613073638959786,2.821133379550369,-0.04492323108733087,-0.0018674390431772368
854.0,34.160000000000004,2.0,8.262158239156182,-30.64951616364297,8.262158239156182,-30.64951616364297,2.8249828802560204,-0.04492323108733087,-0.0018674390431772368
855.0,34.2,2.0,8.151611800285178,-30.68553333624381,8.151611800285178,-30.68553333624381,2.828832380961671,-0.04492323108733087,-0.0018674390431772368
856.0,34.24,2.0,8.040927322238314,-30.72112462121104,8.040927322238314,-30.72112462121104,2.832681881667322,-0.04492323108733087,-0.0018674390431772368
857.0,34.28,2.0,7.930106446390857,-30.75628948931378,7.930106446390857,-30.75628948931378,2.8365313823729728,-0.04492323108733087,-0.0018674390431772368
858.0,34.32,2.0,7.819150816147806,-30.791027417649378,7.819150816147806,-30.791027417649378,2.8403808830786237,-0.04492323108733087,-0.0018674390431772368
859.0,34.36,2.0,7.70806207691947,-30.825337889651216,7.70806207691947,-30.825337889651216,2.844230383784274,-0.04492323108733087,-0.0018674390431772368
860.0,34.4,2.0,7.596841876097043,-30.8592203950964,7.596841876097043,-30.8592203950964,2.8480798844899256,-0.04492323108733087,-0.0018674390431772368
861.0,34.44,2.0,7.4854918630281375,-30.892674430113352,7.4854918630281375,-30.892674430113352,2.851929385195576,-0.04492323108733087,-0.0018674390431772368
862.0,34.480000000000004,2.0,7.374013688992275,-30.92569949718931,7.374013688992275,-30.92569949718931,2.8557788859012274,-0.04492323108733087,-0.0018674390431772368
863.0,34.52,2.0,7.2624090071763785,-30.958295105177775,7.2624090071763785,-30.958295105177775,2.8596283866068783,-0.04492323108733087,-0.0018674390431772368
864.0,34.56,2.0,7.150679472650209,-30.99046076930577,7.150679472650209,-30.99046076930577,2.8634778873125293,-0.04492323108733087,-0.0018674390431772368
865.0,34.6,2.0,7.038826742341786,-31.02219601118111,7.038826742341786,-31.02219601118111,2.86732738801818,-0.04492323108733087,-0.0018674390431772368
866.0,34.64,2.0,6.926852475012775,-31.05350035879947,6.926852475012775,-31.05350035879947,2.871176888723831,-0.04492323108733087,-0.0018674390431772368
867.0,34.68,2.0,6.814758331233863,-31.0843733465515,6.814758331233863,-31.0843733465515,2.875026389429482,-0.04492323108733087,-0.0018674390431772368
868.0,34.72,2.0,6.702545973360086,-31.114814515229693,6.702545973360086,-31.114814515229693,2.8788758901351335,-0.04492323108733087,-0.0018674390431772368
869.0,34.76,2.0,6.590217065506138,-31.14482341203522,6.590217065506138,-31.14482341203522,2.882725390840784,-0.04492323108733087,-0.0018674390431772368
870.0,34.800000000000004,2.0,6.47777327352166,-31.174399590584734,6.47777327352166,-31.174399590584734,2.8865748915464353,-0.04492323108733087,-0.0018674390431772368
871.0,34.84,2.0,6.365216264966497,-31.20354261091696,6.365216264966497,-31.20354261091696,2.890424392252086,-0.04492323108733087,-0.0018674390431772368
872.0,34.88,2.0,6.252547709085929,-31.232252039499304,6.252547709085929,-31.232252039499304,2.8942738929577367,-0.04492323108733087,-0.0018674390431772368
873.0,34.92,2.0,6.13976927678588,-31.260527449234246,6.13976927678588,-31.260527449234246,2.8981233936633877,-0.04492323108733087,-0.0018674390431772368
874.0,34.96,2.0,6.0268826406080995,-31.288368419465776,6.0268826406080995,-31.288368419465776,2.9019728943690386,-0.04492323108733087,-0.0018674390431772368
875.0,35.0,2.0,5.913889474705321,-31.315774535985593,5.913889474705321,-31.315774535985593,2.905822395074689,-0.04492323108733087,-0.0018674390431772368
876.0,35.04,2.0,5.800791454816398,-31.342745391039337,5.800791454816398,-31.342745391039337,2.9096718957803405,-0.04492323108733087,-0.0018674390431772368
877.0,35.08,2.0,5.687590258241412,-31.369280583332618,5.687590258241412,-31.369280583332618,2.913521396485991,-0.04492323108733087,-0.0018674390431772368
878.0,35.12,2.0,5.574287563816766,-31.395379718037027,5.574287563816766,-31.395379718037027,2.9173708971916423,-0.04492323108733087,-0.0018674390431772368
879.0,35.160000000000004,2.0,5.460885051890235,-31.421042406795994,5.460885051890235,-31.421042406795994,2.9212203978972933,-0.04492323108733087,-0.0018674390431772368
880.0,35.2,2.0,5.347384404296028,-31.44626826773059,5.347384404296028,-31.44626826773059,2.925069898602944,-0.04492323108733087,-0.0018674390431772368
881.0,35.24,2.0,5.233787304329789,-31.471056925445232,5.233787304329789,-31.471056925445232,2.928919399308595,-0.04492323108733087,-0.0018674390431772368
882.0,35.28,2.0,5.1200954367236085,-31.495408011033238,5.1200954367236085,-31.495408011033238,2.932768900014246,-0.04492323108733087,-0.0018674390431772368
883.0,35.32,2.0,5.006310487620992,-31.519321162082367,5.006310487620992,-31.519321162082367,2.936618400719897,-0.04492323108733087,-0.0018674390431772368
884.0,35.36,2.0,4.892434144551817,-31.542796022680186,4.892434144551817,-31.542796022680186,2.9404679014255484,-0.04492323108733087,-0.0018674390431772368
885.0,35.4,2.0,4.778468096407273,-31.565832243419415,4.778468096407273,-31.565832243419415,2.944317402131199,-0.04492323108733087,-0.0018674390431772368
886.0,35.44,2.0,4.664414033414769,-31.588429481403097,4.664414033414769,-31.588429481403097,2.9481669028368502,-0.04492323108733087,-0.0018674390431772368
887.0,35.480000000000004,2.0,4.550273647112831,-31.61058740024972,4.550273647112831,-31.61058740024972,2.9520164035425007,-0.04492323108733087,-0.0018674390431772368
888.0,35.52,2.0,4.436048630325979,-31.632305670098248,4.436048630325979,-31.632305670098248,2.9558659042481517,-0.04492323108733087,-0.0018674390431772368
889.0,35.56,2.0,4.321740677139581,-31.65358396761302,4.321740677139581,-31.65358396761302,2.9597154049538026,-0.04492323108733087,-0.0018674390431772368
890.0,35.6,2.0,4.207351482874688,-31.674421975988576,4.207351482874688,-31.674421975988576,2.9635649056594535,-0.04492323108733087,-0.0018674390431772368
891.0,35.64,2.0,4.092882744062857,-31.69481938495439,4.092882744062857,-31.69481938495439,2.967414406365104,-0.04492323108733087,-0.0018674390431772368
892.0,35.68,2.0,3.978336158420946,-31.714775890779485,3.978336158420946,-31.714775890779485,2.9712639070707554,-0.04492323108733087,-0.0018674390431772368
893.0,35.72,2.0,3.863713424825904,-31.734291196276967,3.863713424825904,-31.734291196276967,2.975113407776406,-0.04492323108733087,-0.0018674390431772368
894.0,35.76,2.0,3.7490162432895304,-31.753365010808466,3.7490162432895304,-31.753365010808466,2.9789629084820572,-0.04492323108733087,-0.0018674390431772368
895.0,35.800000000000004,2.0,3.6342463149332267,-31.771997050288444,3.6342463149332267,-31.771997050288444,2.982812409187708,-0.04492323108733087,-0.0018674390431772368
896.0,35.84,2.0,3.519405341962726,-31.790187037188474,3.519405341962726,-31.790187037188474,2.986661909893359,-0.04492323108733087,-0.0018674390431772368
897.0,35.88,2.0,3.4044950276428123,-31.807934700541324,3.4044950276428123,-31.807934700541324,2.99051141059901,-0.04492323108733087,-0.0018674390431772368
898.0,35.92,2.0,3.2895170762720185,-31.825239775945057,3.2895170762720185,-31.825239775945057,2.994360911304661,-0.04492323108733087,-0.0018674390431772368
899.0,35.96,2.0,3.174473193157309,-31.842102005566936,3.174473193157309,-31.842102005566936,2.998210412010312,-0.04492323108733087,-0.0018674390431772368
900.0,36.0,2.0,3.059365084588755,-31.858521138147307,3.059365084588755,-31.858521138147307,3.0020599127159633,-0.04492323108733087,-0.0018674390431772368
901.0,36.04,2.0,2.9441944578141834,-31.874496929003293,2.9441944578141834,-31.874496929003293,3.0059094134216138,-0.04492323108733087,-0.0018674390431772368
902.0,36.08,2.0,2.82896302101382,-31.890029140032517,2.82896302101382,-31.890029140032517,3.009758914127265,-0.04492323108733087,-0.0018674390431772368
903.0,36.12,2.0,2.713672483274917,-31.90511753971658,2.713672483274917,-31.90511753971658,3.0136084148329156,-0.04492323108733087,-0.0018674390431772368
904.0,36.160000000000004,2.0,2.5983245545663642,-31.919761903124595,2.5983245545663642,-31.919761903124595,3.0174579155385666,-0.04492323108733087,-0.0018674390431772368
905.0,36.2,2.0,2.48292094571329,-31.93396201191647,2.48292094571329,-31.93396201191647,3.0213074162442175,-0.04492323108733087,-0.0018674390431772368
906.0,36.24,2.0,2.367463368371648,-31.947717654346224,2.367463368371648,-31.947717654346224,3.0251569169498684,-0.04492323108733087,-0.0018674390431772368
907.0,36.28,2.0,2.251953535002793,-31.96102862526512,2.251953535002793,-31.96102862526512,3.029006417655519,-0.04492323108733087,-0.0018674390431772368
908.0,36.32,2.0,2.1363931588480414,-31.97389472612474,2.1363931588480414,-31.97389472612474,3.0328559183611703,-0.04492323108733087,-0.0018674390431772368
909.0,36.36,2.0,2.0207839539032237,-31.986315764979956,2.0207839539032237,-31.986315764979956,3.036705419066821,-0.04492323108733087,-0.0018674390431772368
910.0,36.4,2.0,1.9051276348932245,-31.998291556491772,1.9051276348932245,-31.998291556491772,3.040554919772472,-0.04492323108733087,-0.0018674390431772368
911.0,36.44,2.0,1.7894259172465117,-32.00982192193014,1.7894259172465117,-32.00982192193014,3.044404420478123,-0.04492323108733087,-0.0018674390431772368
912.0,36.480000000000004,2.0,1.6736805170696514,-32.020906689176556,1.6736805170696514,-32.020906689176556,3.048253921183774,-0.04492323108733087,-0.0018674390431772368
913.0,36.52,2.0,1.5578931511218208,-32.03154569272674,1.5578931511218208,-32.03154569272674,3.052103421889425,-0.04492323108733087,-0.0018674390431772368
914.0,36.56,2.0,1.4420655367893043,-32.041738773693,1.4420655367893043,-32.041738773693,3.055952922595076,-0.04492323108733087,-0.0018674390431772368
915.0,36.6,2.0,1.3261993920599815,-32.051485779806676,1.3261993920599815,-32.051485779806676,3.059802423300727,-0.04492323108733087,-0.0018674390431772368
916.0,36.64,2.0,1.2102964354978096,-32.060786565420415,1.2102964354978096,-32.060786565420415,3.063651924006378,-0.04492323108733087,-0.0018674390431772368
917.0,36.68,2.0,1.0943583862172932,-32.06964099151031,1.0943583862172932,-32.06964099151031,3.0675014247120287,-0.04492323108733087,-0.0018674390431772368
918.0,36.72,2.0,0.9783869638579473,-32.07804892567803,0.9783869638579473,-32.07804892567803,3.07135092541768,-0.04492323108733087,-0.0018674390431772368
919.0,36.76,2.0,0.8623838885587537,-32.08601024215278,0.8623838885587537,-32.08601024215278,3.0752004261233306,-0.04492323108733087,-0.0018674390431772368
920.0,36.800000000000004,2.0,0.746350880932608,-32.09352482179316,0.746350880932608,-32.09352482179316,3.0790499268289815,-0.04492323108733087,-0.0018674390431772368
921.0,36.84,2.0,0.6302896620407606,-32.10059255208898,0.6302896620407606,-32.10059255208898,3.0828994275346324,-0.04492323108733087,-0.0018674390431772368
922.0,36.88,2.0,0.5142019533672506,-32.10721332716298,0.5142019533672506,-32.10721332716298,3.0867489282402834,-0.04492323108733087,-0.0018674390431772368
923.0,36.92,2.0,0.398089476793333,-32.11338704777233,0.398089476793333,-32.11338704777233,3.090598428945934,-0.04492323108733087,-0.0018674390431772368
924.0,36.96,2.0,0.2819539545719013,-32.1191136213102,0.2819539545719013,-32.1191136213102,3.094447929651585,-0.04492323108733087,-0.0018674390431772368
925.0,37.0,2.0,0.16579710930190267,-32.124392961807104,0.16579710930190267,-32.124392961807104,3.0982974303572357,-0.04492323108733087,-0.0018674390431772368
926.0,37.04,2.0,0.0496206639027492,-32.12922498993222,0.0496206639027492,-32.12922498993222,3.102146931062887,-0.04492323108733087,-0.0018674390431772368
927.0,37.08,2.0,-0.06657365841127597,-32.13360963299458,-0.06657365841127597,-32.13360963299458,3.105996431768538,-0.04492323108733087,-0.0018674390431772368
928.0,37.12,2.0,-0.18278413415661726,-32.13754682494413,-0.18278413415661726,-32.13754682494413,3.109845932474189,-0.04492323108733087,-0.0018674390431772368
929.0,37.160000000000004,2.0,-0.29900903960604885,-32.14103650637279,-0.29900903960604885,-32.14103650637279,3.11369543317984,-0.04492323108733087,-0.0018674390431772368
930.0,37.2,2.0,-0.41524665081428125,-32.144078624515274,-0.41524665081428125,-32.144078624515274,3.117544933885491,-0.04492323108733087,-0.0018674390431772368
931.0,37.24,2.0,-0.5314952436435701,-32.14667313324996,-0.5314952436435701,-32.14667313324996,3.1213944345911417,-0.04492323108733087,-0.0018674390431772368
932.0,37.28,2.0,-0.6477530937893292,-32.148819993099565,-0.6477530937893292,-32.148819993099565,3.125243935296793,-0.04492323108733087,-0.0018674390431772368
933.0,37.32,2.0,-0.764018476805745,-32.150519171231714,-0.764018476805745,-32.150519171231714,3.1290934360024436,-0.04492323108733087,-0.0018674390431772368
934.0,37.36,2.0,-0.8802896681313932,-32.151770641459485,-0.8802896681313932,-32.151770641459485,3.132942936708095,-0.04492323108733087,-0.0018674390431772368
935.0,37.4,2.0,-0.9965649431148591,-32.15257438424179,-0.9965649431148591,-32.15257438424179,3.1367924374137455,-0.04492323108733087,-0.0018674390431772368
936.0,37.44,2.0,-1.1128425770403558,-32.152930386683686,-1.1128425770403558,-32.152930386683686,3.1406419381193964,-0.04492323108733087,-0.0018674390431772368
937.0,37.480000000000004,2.0,-1.2291208451533469,-32.1528386425366,-1.2291208451533469,-32.1528386425366,3.1444914388250473,-0.04492323108733087,-0.0018674390431772368
938.0,37.52,2.0,-1.3453980226861681,-32.152299152198395,-1.3453980226861681,-32.152299152198395,3.1483409395306983,-0.04492323108733087,-0.0018674390431772368
939.0,37.56,2.0,-1.4616723848836481,-32.151311922713404,-1.4616723848836481,-32.151311922713404,3.1521904402363488,-0.04492323108733087,-0.0018674390431772368
940.0,37.6,2.0,-1.5779422070287332,-32.14987696777235,-1.5779422070287332,-32.14987696777235,3.156039940942,-0.04492323108733087,-0.0018674390431772368
941.0,37.64,2.0,-1.6942057644681057,-32.14799430771213,-1.6942057644681057,-32.14799430771213,3.1598894416476506,-0.04492323108733087,-0.0018674390431772368
942.0,37.68,2.0,-1.810461332637806,-32.145663969515546,-1.810461332637806,-32.145663969515546,3.163738942353302,-0.04492323108733087,-0.0018674390431772368
943.0,37.72,2.0,-1.9267071870888528,-32.14288598681092,-1.9267071870888528,-32.14288598681092,3.167588443058953,-0.04492323108733087,-0.0018674390431772368
944.0,37.76,2.0,-2.042941603512859,-32.13966039987157,-2.042941603512859,-32.13966039987157,3.171437943764604,-0.04492323108733087,-0.0018674390431772368
945.0,37.800000000000004,2.0,-2.1591628577676483,-32.1359872556153,-2.1591628577676483,-32.1359872556153,3.175287444470255,-0.04492323108733087,-0.0018674390431772368
946.0,37.84,2.0,-2.275369225902867,-32.131866607603634,-2.275369225902867,-32.131866607603634,3.1791369451759057,-0.04492323108733087,-0.0018674390431772368
947.0,37.88,2.0,-2.3915589841855978,-32.127298516041094,-2.3915589841855978,-32.127298516041094,3.1829864458815567,-0.04492323108733087,-0.0018674390431772368
948.0,37.92,2.0,-2.5077304091259616,-32.122283047774296,-2.5077304091259616,-32.122283047774296,3.186835946587208,-0.04492323108733087,-0.0018674390431772368
949.0,37.96,2.0,-2.623881777502728,-32.11682027629096,-2.623881777502728,-32.11682027629096,3.1906854472928585,-0.04492323108733087,-0.0018674390431772368
950.0,38.0,2.0,-2.740011366388907,-32.11091028171886,-2.740011366388907,-32.11091028171886,3.19453494799851,-0.04492323108733087,-0.0018674390431772368
951.0,38.04,2.0,-2.8561174531773528,-32.10455315082463,-2.8561174531773528,-32.10455315082463,3.1983844487041604,-0.04492323108733087,-0.0018674390431772368
952.0,38.08,2.0,-2.972198315606348,-32.09774897701247,-2.972198315606348,-32.09774897701247,3.2022339494098113,-0.04492323108733087,-0.0018674390431772368
953.0,38.12,2.0,-3.0882522317851904,-32.09049786032282,-3.0882522317851904,-32.09049786032282,3.2060834501154623,-0.04492323108733087,-0.0018674390431772368
954.0,38.160000000000004,2.0,-3.204277480219777,-32.082799907430825,-3.204277480219777,-32.082799907430825,3.2099329508211127,-0.04492323108733087,-0.0018674390431772368
955.0,38.2,2.0,-3.320272339838174,-32.074655231644826,-3.320272339838174,-32.074655231644826,3.2137824515267637,-0.04492323108733087,-0.0018674390431772368
956.0,38.24,2.0,-3.4362350900161864,-32.066063952904656,-3.4362350900161864,-32.066063952904656,3.217631952232415,-0.04492323108733087,-0.0018674390431772368
957.0,38.28,2.0,-3.5521640106029198,-32.05702619777985,-3.5521640106029198,-32.05702619777985,3.221481452938066,-0.04492323108733087,-0.0018674390431772368
958.0,38.32,2.0,-3.6680573819463325,-32.04754209946782,-3.6680573819463325,-32.04754209946782,3.2253309536437174,-0.04492323108733087,-0.0018674390431772368
959.0,38.36,2.0,-3.783913484918789,-32.03761179779189,-3.783913484918789,-32.03761179779189,3.2291804543493683,-0.04492323108733087,-0.0018674390431772368
960.0,38.4,2.0,-3.89973060094259,-32.027235439199174,-3.89973060094259,-32.027235439199174,3.233029955055019,-0.04492323108733087,-0.0018674390431772368
961.0,38.44,2.0,-4.01550701201551,-32.0164131767585,-4.01550701201551,-32.0164131767585,3.2368794557606697,-0.04492323108733087,-0.0018674390431772368
962.0,38.480000000000004,2.0,-4.131241000736322,-32.00514517015806,-4.131241000736322,-32.00514517015806,3.240728956466321,-0.04492323108733087,-0.0018674390431772368
963.0,38.52,2.0,-4.246930850330303,-31.993431585703092,-4.246930850330303,-31.993431585703092,3.244578457171971,-0.04492323108733087,-0.0018674390431772368
964.0,38.56,2.0,-4.362574844674745,-31.981272596313453,-4.362574844674745,-31.981272596313453,3.2484279578776225,-0.04492323108733087,-0.0018674390431772368
965.0,38.6,2.0,-4.47817126832445,-31.968668381521006,-4.47817126832445,-31.968668381521006,3.2522774585832734,-0.04492323108733087,-0.0018674390431772368
966.0,38.64,2.0,-4.593718406537211,-31.95561912746701,-4.593718406537211,-31.95561912746701,3.256126959288925,-0.04492323108733087,-0.0018674390431772368
967.0,38.68,2.0,-4.709214545299289,-31.942125026899312,-4.709214545299289,-31.942125026899312,3.259976459994575,-0.04492323108733087,-0.0018674390431772368
968.0,38.72,2.0,-4.824657971350878,-31.928186279169562,-4.824657971350878,-31.928186279169562,3.2638259607002262,-0.04492323108733087,-0.0018674390431772368
969.0,38.76,2.0,-4.9400469722115545,-31.913803090230225,-4.9400469722115545,-31.913803090230225,3.267675461405877,-0.04492323108733087,-0.0018674390431772368
970.0,38.800000000000004,2.0,-5.055379836205722,-31.898975672631526,-5.055379836205722,-31.898975672631526,3.2715249621115277,-0.04492323108733087,-0.0018674390431772368
971.0,38.84,2.0,-5.170654852488033,-31.883704245518327,-5.170654852488033,-31.883704245518327,3.2753744628171786,-0.04492323108733087,-0.0018674390431772368
972.0,38.88,2.0,-5.285870311068815,-31.867989034626884,-5.285870311068815,-31.867989034626884,3.27922396352283,-0.04492323108733087,-0.0018674390431772368
973.0,38.92,2.0,-5.401024502839471,-31.851830272281482,-5.401024502839471,-31.851830272281482,3.283073464228481,-0.04492323108733087,-0.0018674390431772368
974.0,38.96,2.0,-5.5161157195978685,-31.835228197391018,-5.5161157195978685,-31.835228197391018,3.2869229649341323,-0.04492323108733087,-0.0018674390431772368
975.0,39.0,2.0,-5.6311422540737155,-31.818183055445445,-5.6311422540737155,-31.818183055445445,3.290772465639783,-0.04492323108733087,-0.0018674390431772368
976.0,39.04,2.0,-5.746102399953934,-31.800695098512158,-5.746102399953934,-31.800695098512158,3.2946219663454337,-0.04492323108733087,-0.0018674390431772368
977.0,39.08,2.0,-5.860994451907995,-31.782764585232247,-5.860994451907995,-31.782764585232247,3.2984714670510846,-0.04492323108733087,-0.0018674390431772368
978.0,39.12,2.0,-5.975816705613269,-31.76439178081666,-5.975816705613269,-31.76439178081666,3.302320967756736,-0.04492323108733087,-0.0018674390431772368
979.0,39.160000000000004,2.0,-6.090567457780334,-31.74557695704227,-6.090567457780334,-31.74557695704227,3.306170468462386,-0.04492323108733087,-0.0018674390431772368
980.0,39.2,2.0,-6.205245006178286,-31.726320392247903,-6.205245006178286,-31.726320392247903,3.3100199691680374,-0.04492323108733087,-0.0018674390431772368
981.0,39.24,2.0,-6.31984764966003,-31.706622371330127,-6.31984764966003,-31.706622371330127,3.3138694698736884,-0.04492323108733087,-0.0018674390431772368
982.0,39.28,2.0,-6.434373688187543,-31.686483185739103,-6.434373688187543,-31.686483185739103,3.3177189705793397,-0.04492323108733087,-0.0018674390431772368
983.0,39.32,2.0,-6.548821422857145,-31.665903133474234,-6.548821422857145,-31.665903133474234,3.3215684712849898,-0.04492323108733087,-0.0018674390431772368
984.0,39.36,2.0,-6.663189155924728,-31.644882519079736,-6.663189155924728,-31.644882519079736,3.325417971990641,-0.04492323108733087,-0.0018674390431772368
985.0,39.4,2.0,-6.777475190830981,-31.62342165364017,-6.777475190830981,-31.62342165364017,3.329267472696292,-0.04492323108733087,-0.0018674390431772368
986.0,39.44,2.0,-6.8916778322266,-31.601520854775792,-6.8916778322266,-31.601520854775792,3.3331169734019426,-0.04492323108733087,-0.0018674390431772368
987.0,39.480000000000004,2.0,-7.005795385997468,-31.579180446637842,-7.005795385997468,-31.579180446637842,3.3369664741075935,-0.04492323108733087,-0.0018674390431772368
988.0,39.52,2.0,-7.119826159289824,-31.556400759903774,-7.119826159289824,-31.556400759903774,3.340815974813245,-0.04492323108733087,-0.0018674390431772368
989.0,39.56,2.0,-7.233768460535421,-31.533182131772328,-7.233768460535421,-31.533182131772328,3.344665475518896,-0.04492323108733087,-0.0018674390431772368
990.0,39.6,2.0,-7.347620599476653,-31.509524905958536,-7.347620599476653,-31.509524905958536,3.348514976224547,-0.04492323108733087,-0.0018674390431772368
991.0,39.64,2.0,-7.461380887191657,-31.485429432688626,-7.461380887191657,-31.485429432688626,3.352364476930198,-0.04492323108733087,-0.0018674390431772368
992.0,39.68,2.0,-7.5750476361194234,-31.46089606869483,-7.5750476361194234,-31.46089606869483,3.3562139776358486,-0.04492323108733087,-0.0018674390431772368
993.0,39.72,2.0,-7.688619160084846,-31.435925177210095,-7.688619160084846,-31.435925177210095,3.3600634783414995,-0.04492323108733087,-0.0018674390431772368
994.0,39.76,2.0,-7.8020937743237955,-31.410517127962702,-7.8020937743237955,-31.410517127962702,3.363912979047151,-0.04492323108733087,-0.0018674390431772368
995.0,39.800000000000004,2.0,-7.915469795508126,-31.384672297170784,-7.915469795508126,-31.384672297170784,3.367762479752801,-0.04492323108733087,-0.0018674390431772368
996.0,39.84,2.0,-8.028745541770707,-31.35839106753671,-8.028745541770707,-31.35839106753671,3.3716119804584523,-0.04492323108733087,-0.0018674390431772368
997.0,39.88,2.0,-8.141919332730389,-31.331673828241485,-8.141919332730389,-31.331673828241485,3.3754614811641033,-0.04492323108733087,-0.0018674390431772368
998.0,39.92,2.0,-8.254989489516987,-31.304520974938903,-8.254989489516987,-31.304520974938903,3.3793109818697538,-0.04492323108733087,-0.0018674390431772368
999.0,39.96,2.0,-8.367954334796211,-31.276932909749718,-8.367954334796211,-31.276932909749718,3.3831604825754047,-0.04492323108733087,-0.0018674390431772368
1000.0,40.0,2.0,-8.480812192794588,-31.248910041255677,-8.480812192794588,-31.248910041255677,3.387009983281056,-0.04492323108733087,-0.0018674390431772368
1001.0,40.04,2.0,-8.593561389324362,-31.22045278449345,-8.593561389324362,-31.22045278449345,3.390859483986707,-0.04492323108733087,-0.0018674390431772368
1002.0,40.08,2.0,-8.706200251808362,-31.19156156094848,-8.706200251808362,-31.19156156094848,3.3947089846923575,-0.04492323108733087,-0.0018674390431772368
1003.0,40.12,2.0,-8.818727109304858,-31.162236798548726,-8.818727109304858,-31.162236798548726,3.3985584853980084,-0.04492323108733087,-0.0018674390431772368
1004.0,40.160000000000004,2.0,-8.93114029253238,-31.132478931658333,-8.93114029253238,-31.132478931658333,3.4024079861036602,-0.04492323108733087,-0.0018674390431772368
1005.0,40.2,2.0,-9.043438133894515,-31.102288401071156,-9.043438133894515,-31.102288401071156,3.4062574868093107,-0.04492323108733087,-0.0018674390431772368
1006.0,40.24,2.0,-9.155618967504697,-31.07166565400423,-9.155618967504697,-31.07166565400423,3.410106987514962,-0.04492323108733087,-0.0018674390431772368
1007.0,40.28,2.0,-9.26768112921094,-31.040611144091184,-9.26768112921094,-31.040611144091184,3.413956488220612,-0.04492323108733087,-0.0018674390431772368
1008.0,40.32,2.0,-9.379622956620569,-31.009125331375436,-9.379622956620569,-31.009125331375436,3.4178059889262635,-0.04492323108733087,-0.0018674390431772368
1009.0,40.36,2.0,-9.491442789124925,-30.977208682303406,-9.491442789124925,-30.977208682303406,3.4216554896319145,-0.04492323108733087,-0.0018674390431772368
1010.0,40.4,2.0,-9.603138967924016,-30.944861669717607,-9.603138967924016,-30.944861669717607,3.425504990337566,-0.04492323108733087,-0.0018674390431772368
1011.0,40.44,2.0,-9.71470983605119,-30.912084772849603,-9.71470983605119,-30.912084772849603,3.429354491043216,-0.04492323108733087,-0.0018674390431772368
1012.0,40.480000000000004,2.0,-9.826153738397725,-30.878878477312906,-9.826153738397725,-30.878878477312906,3.4332039917488673,-0.04492323108733087,-0.0018674390431772368
1013.0,40.52,2.0,-9.937469021737439,-30.8452432750958,-9.937469021737439,-30.8452432750958,3.4370534924545177,-0.04492323108733087,-0.0018674390431772368
1014.0,40.56,2.0,-10.048654034751237,-30.811179664553975,-10.048654034751237,-30.811179664553975,3.4409029931601696,-0.04492323108733087,-0.0018674390431772368
1015.0,40.6,2.0,-10.15970712805166,-30.776688150403196,-10.15970712805166,-30.776688150403196,3.4447524938658205,-0.04492323108733087,-0.0018674390431772368
1016.0,40.64,2.0,-10.270626654207373,-30.741769243711797,-10.270626654207373,-30.741769243711797,3.448601994571471,-0.04492323108733087,-0.0018674390431772368
1017.0,40.68,2.0,-10.381410967767653,-30.706423461893063,-10.381410967767653,-30.706423461893063,3.452451495277122,-0.04492323108733087,-0.0018674390431772368
1018.0,40.72,2.0,-10.492058425286828,-30.670651328697602,-10.492058425286828,-30.670651328697602,3.4563009959827733,-0.04492323108733087,-0.0018674390431772368
1019.0,40.76,2.0,-10.602567385348703,-30.63445337420554,-10.602567385348703,-30.63445337420554,3.4601504966884242,-0.04492323108733087,-0.0018674390431772368
1020.0,40.800000000000004,2.0,-10.712936208590932,-30.597830134818658,-10.712936208590932,-30.597830134818658,3.4639999973940747,-0.04492323108733087,-0.0018674390431772368
1021.0,40.84,2.0,-10.823163257729385,-30.560782153252426,-10.823163257729385,-30.560782153252426,3.4678494980997256,-0.04492323108733087,-0.0018674390431772368
1022.0,40.88,2.0,-10.933246897582475,-30.523309978527987,-10.933246897582475,-30.523309978527987,3.471698998805377,-0.04492323108733087,-0.0018674390431772368
1023.0,40.92,2.0,-11.043185495095441,-30.485414165963967,-11.043185495095441,-30.485414165963967,3.475548499511028,-0.04492323108733087,-0.0018674390431772368
1024.0,40.96,2.0,-11.152977419364618,-30.447095277168227,-11.152977419364618,-30.447095277168227,3.4793980002166784,-0.04492323108733087,-0.0018674390431772368
1025.0,41.0,2.0,-11.262621041661665,-30.408353880029573,-11.262621041661665,-30.408353880029573,3.4832475009223294,-0.04492323108733087,-0.0018674390431772368
1026.0,41.04,2.0,-11.372114735457762,-30.36919054870929,-11.372114735457762,-30.36919054870929,3.48709700162798,-0.04492323108733087,-0.0018674390431772368
1027.0,41.08,2.0,-11.481456876447783,-30.32960586363264,-11.481456876447783,-30.32960586363264,3.490946502333631,-0.04492323108733087,-0.0018674390431772368
1028.0,41.12,2.0,-11.590645842574414,-30.28960041148021,-11.590645842574414,-30.28960041148021,3.494796003039282,-0.04492323108733087,-0.0018674390431772368
1029.0,41.160000000000004,2.0,-11.699680014052266,-30.249174785179264,-11.699680014052266,-30.249174785179264,3.498645503744933,-0.04492323108733087,-0.0018674390431772368
1030.0,41.2,2.0,-11.808557773391927,-30.20832958389489,-11.808557773391927,-30.20832958389489,3.5024950044505836,-0.04492323108733087,-0.0018674390431772368
1031.0,41.24,2.0,-11.917277505424005,-30.16706541302114,-11.917277505424005,-30.16706541302114,3.5063445051562345,-0.04492323108733087,-0.0018674390431772368
1032.0,41.28,2.0,-12.025837597323122,-30.125382884172005,-12.025837597323122,-30.125382884172005,3.510194005861886,-0.04492323108733087,-0.0018674390431772368
1033.0,41.32,2.0,-12.134236438631865,-30.083282615172386,-12.134236438631865,-30.083282615172386,3.514043506567537,-0.04492323108733087,-0.0018674390431772368
1034.0,41.36,2.0,-12.24247242128473,-30.04076523004888,-12.24247242128473,-30.04076523004888,3.5178930072731873,-0.04492323108733087,-0.0018674390431772368
1035.0,41.4,2.0,-12.350543939631995,-29.99783135902054,-12.350543939631995,-29.99783135902054,3.5217425079788383,-0.04492323108733087,-0.0018674390431772368
1036.0,41.44,2.0,-12.458449390463596,-29.954481638489504,-12.458449390463596,-29.954481638489504,3.52559200868449,-0.04492323108733087,-0.0018674390431772368
1037.0,41.480000000000004,2.0,-12.566187173032919,-29.91071671103158,-12.566187173032919,-29.91071671103158,3.5294415093901406,-0.04492323108733087,-0.0018674390431772368
1038.0,41.52,2.0,-12.673755689080608,-29.86653722538665,-12.673755689080608,-29.86653722538665,3.533291010095792,-0.04492323108733087,-0.0018674390431772368
1039.0,41.56,2.0,-12.781153342858293,-29.821943836449094,-12.781153342858293,-29.821943836449094,3.537140510801442,-0.04492323108733087,-0.0018674390431772368
1040.0,41.6,2.0,-12.88837854115231,-29.776937205258037,-12.88837854115231,-29.776937205258037,3.5409900115070934,-0.04492323108733087,-0.0018674390431772368
1041.0,41.64,2.0,-12.995429693307363,-29.73151799898755,-12.995429693307363,-29.73151799898755,3.5448395122127443,-0.04492323108733087,-0.0018674390431772368
1042.0,41.68,2.0,-13.102305211250163,-29.685686890936733,-13.102305211250163,-29.685686890936733,3.5486890129183957,-0.04492323108733087,-0.0018674390431772368
1043.0,41.72,2.0,-13.20900350951301,-29.639444560519724,-13.20900350951301,-29.639444560519724,3.5525385136240457,-0.04492323108733087,-0.0018674390431772368
1044.0,41.76,2.0,-13.315523005257365,-29.592791693255617,-13.315523005257365,-29.592791693255617,3.556388014329697,-0.04492323108733087,-0.0018674390431772368
1045.0,41.800000000000004,2.0,-13.421862118297351,-29.545728980758277,-13.421862118297351,-29.545728980758277,3.5602375150353476,-0.04492323108733087,-0.0018674390431772368
1046.0,41.84,2.0,-13.528019271123247,-29.498257120726077,-13.528019271123247,-29.498257120726077,3.5640870157409994,-0.04492323108733087,-0.0018674390431772368
1047.0,41.88,2.0,-13.6339928889249,-29.45037681693153,-13.6339928889249,-29.45037681693153,3.5679365164466503,-0.04492323108733087,-0.0018674390431772368
1048.0,41.92,2.0,-13.73978139961515,-29.402088779210857,-13.73978139961515,-29.402088779210857,3.571786017152301,-0.04492323108733087,-0.0018674390431772368
1049.0,41.96,2.0,-13.845383233853164,-29.35339372345343,-13.845383233853164,-29.35339372345343,3.5756355178579518,-0.04492323108733087,-0.0018674390431772368
1050.0,42.0,2.0,-13.95079682506777,-29.304292371591146,-13.95079682506777,-29.304292371591146,3.579485018563603,-0.04492323108733087,-0.0018674390431772368
1051.0,42.04,2.0,-14.056020609480711,-29.254785451587715,-14.056020609480711,-29.254785451587715,3.583334519269254,-0.04492323108733087,-0.0018674390431772368
1052.0,42.08,2.0,-14.1610530261299,-29.20487369742786,-14.1610530261299,-29.20487369742786,3.5871840199749045,-0.04492323108733087,-0.0018674390431772368
1053.0,42.12,2.0,-14.265892516892592,-29.15455784910639,-14.265892516892592,-29.15455784910639,3.5910335206805555,-0.04492323108733087,-0.0018674390431772368
1054.0,42.160000000000004,2.0,-14.370537526508551,-29.103838652617235,-14.370537526508551,-29.103838652617235,3.594883021386207,-0.04492323108733087,-0.0018674390431772368
1055.0,42.2,2.0,-14.47498650260313,-29.052716859942358,-14.47498650260313,-29.052716859942358,3.598732522091858,-0.04492323108733087,-0.0018674390431772368
1056.0,42.24,2.0,-14.579237895710374,-29.00119322904061,-14.579237895710374,-29.00119322904061,3.6025820227975083,-0.04492323108733087,-0.0018674390431772368
1057.0,42.28,2.0,-14.683290159296003,-28.949268523836434,-14.683290159296003,-28.949268523836434,3.606431523503159,-0.04492323108733087,-0.0018674390431772368
1058.0,42.32,2.0,-14.787141749780409,-28.896943514208566,-14.787141749780409,-28.896943514208566,3.6102810242088097,-0.04492323108733087,-0.0018674390431772368
1059.0,42.36,2.0,-14.890791126561576,-28.844218975978578,-14.890791126561576,-28.844218975978578,3.6141305249144606,-0.04492323108733087,-0.0018674390431772368
1060.0,42.4,2.0,-14.994236752037986,-28.79109569089936,-14.994236752037986,-28.79109569089936,3.617980025620112,-0.04492323108733087,-0.0018674390431772368
1061.0,42.44,2.0,-15.097477091631452,-28.737574446643528,-15.097477091631452,-28.737574446643528,3.621829526325763,-0.04492323108733087,-0.0018674390431772368
1062.0,42.480000000000004,2.0,-15.200510613809914,-28.68365603679168,-15.200510613809914,-28.68365603679168,3.6256790270314134,-0.04492323108733087,-0.0018674390431772368
1063.0,42.52,2.0,-15.303335790110197,-28.629341260820695,-15.303335790110197,-28.629341260820695,3.6295285277370644,-0.04492323108733087,-0.0018674390431772368
1064.0,42.56,2.0,-15.405951095160722,-28.574630924091757,-15.405951095160722,-28.574630924091757,3.6333780284427157,-0.04492323108733087,-0.0018674390431772368
1065.0,42.6,2.0,-15.508355006704164,-28.519525837838508,-15.508355006704164,-28.519525837838508,3.6372275291483667,-0.04492323108733087,-0.0018674390431772368
1066.0,42.64,2.0,-15.61054600562007,-28.46402681915489,-15.61054600562007,-28.46402681915489,3.641077029854017,-0.04492323108733087,-0.0018674390431772368
1067.0,42.68,2.0,-15.712522575947437,-28.408134690983093,-15.712522575947437,-28.408134690983093,3.644926530559668,-0.04492323108733087,-0.0018674390431772368
1068.0,42.72,2.0,-15.814283204907204,-28.35185028210131,-15.814283204907204,-28.35185028210131,3.64877603126532,-0.04492323108733087,-0.0018674390431772368
1069.0,42.76,2.0,-15.915826382924774,-28.295174427111398,-15.915826382924774,-28.295174427111398,3.6526255319709704,-0.04492323108733087,-0.0018674390431772368
1070.0,42.800000000000004,2.0,-16.017150603652397,-28.23810796642652,-16.017150603652397,-28.23810796642652,3.6564750326766218,-0.04492323108733087,-0.0018674390431772368
1071.0,42.84,2.0,-16.11825436399158,-28.180651746258683,-16.11825436399158,-28.180651746258683,3.660324533382272,-0.04492323108733087,-0.0018674390431772368
1072.0,42.88,2.0,-16.219136164115397,-28.1228066186061,-16.219136164115397,-28.1228066186061,3.664174034087923,-0.04492323108733087,-0.0018674390431772368
1073.0,42.92,2.0,-16.31979450749079,-28.06457344124059,-16.31979450749079,-28.06457344124059,3.668023534793574,-0.04492323108733087,-0.0018674390431772368
1074.0,42.96,2.0,-16.420227900900798,-28.00595307769485,-16.420227900900798,-28.00595307769485,3.6718730354992255,-0.04492323108733087,-0.0018674390431772368
1075.0,43.0,2.0,-16.52043485446673,-27.946946397249594,-16.52043485446673,-27.946946397249594,3.6757225362048755,-0.04492323108733087,-0.0018674390431772368
1076.0,43.04,2.0,-16.620413881670302,-27.887554274920653,-16.620413881670302,-27.887554274920653,3.679572036910527,-0.04492323108733087,-0.0018674390431772368
1077.0,43.08,2.0,-16.720163499375744,-27.827777591445987,-16.720163499375744,-27.827777591445987,3.6834215376161774,-0.04492323108733087,-0.0018674390431772368
1078.0,43.12,2.0,-16.819682227851807,-27.767617233272613,-16.819682227851807,-27.767617233272613,3.6872710383218292,-0.04492323108733087,-0.0018674390431772368
1079.0,43.160000000000004,2.0,-16.918968590793757,-27.707074092543415,-16.918968590793757,-27.707074092543415,3.69112053902748,-0.04492323108733087,-0.0018674390431772368
1080.0,43.2,2.0,-17.018021115345313,-27.64614906708392,-17.018021115345313,-27.64614906708392,3.6949700397331307,-0.04492323108733087,-0.0018674390431772368
1081.0,43.24,2.0,-17.11683833212053,-27.584843060388938,-17.11683833212053,-27.584843060388938,3.6988195404387816,-0.04492323108733087,-0.0018674390431772368
1082.0,43.28,2.0,-17.215418775225615,-27.523156981609173,-17.215418775225615,-27.523156981609173,3.702669041144433,-0.04492323108733087,-0.0018674390431772368
1083.0,43.32,2.0,-17.31376098228072,-27.461091745537704,-17.31376098228072,-27.461091745537704,3.706518541850084,-0.04492323108733087,-0.0018674390431772368
1084.0,43.36,2.0,-17.41186349444165,-27.398648272596386,-17.41186349444165,-27.398648272596386,3.7103680425557344,-0.04492323108733087,-0.0018674390431772368
1085.0,43.4,2.0,-17.509724856421577,-27.335827488822197,-17.509724856421577,-27.335827488822197,3.7142175432613853,-0.04492323108733087,-0.0018674390431772368
1086.0,43.44,2.0,-17.607343616512605,-27.272630325853488,-17.607343616512605,-27.272630325853488,3.7180670439670367,-0.04492323108733087,-0.0018674390431772368
1087.0,43.480000000000004,2.0,-17.704718326607374,-27.209057720916128,-17.704718326607374,-27.209057720916128,3.7219165446726876,-0.04492323108733087,-0.0018674390431772368
1088.0,43.52,2.0,-17.801847542220578,-27.145110616809596,-17.801847542220578,-27.145110616809596,3.725766045378338,-0.04492323108733087,-0.0018674390431772368
1089.0,43.56,2.0,-17.898729822510393,-27.080789961892993,-17.898729822510393,-27.080789961892993,3.729615546083989,-0.04492323108733087,-0.0018674390431772368
1090.0,43.6,2.0,-17.99536373029991,-27.016096710070922,-17.99536373029991,-27.016096710070922,3.7334650467896395,-0.04492323108733087,-0.0018674390431772368
1091.0,43.64,2.0,-18.091747832098484,-26.95103182077932,-18.091747832098484,-26.95103182077932,3.7373145474952905,-0.04492323108733087,-0.0018674390431772368
1092.0,43.68,2.0,-18.187880698123017,-26.885596258971265,-18.187880698123017,-26.885596258971265,3.741164048200942,-0.04492323108733087,-0.0018674390431772368
1093.0,43.72,2.0,-18.283760902319223,-26.819790995102572,-18.283760902319223,-26.819790995102572,3.7450135489065928,-0.04492323108733087,-0.0018674390431772368
1094.0,43.76,2.0,-18.379387022382772,-26.753617005117427,-18.379387022382772,-26.753617005117427,3.7488630496122433,-0.04492323108733087,-0.0018674390431772368
1095.0,43.800000000000004,2.0,-18.474757639780474,-26.687075270433866,-18.474757639780474,-26.687075270433866,3.752712550317894,-0.04492323108733087,-0.0018674390431772368
1096.0,43.84,2.0,-18.569871339771318,-26.620166777929207,-18.569871339771318,-26.620166777929207,3.7565620510235456,-0.04492323108733087,-0.0018674390431772368
1097.0,43.88,2.0,-18.66472671142749,-26.552892519925386,-18.66472671142749,-26.552892519925386,3.7604115517291965,-0.04492323108733087,-0.0018674390431772368
1098.0,43.92,2.0,-18.75932234765536,-26.48525349417425,-18.75932234765536,-26.48525349417425,3.764261052434847,-0.04492323108733087,-0.0018674390431772368
1099.0,43.96,2.0,-18.853656845216356,-26.41725070384266,-18.853656845216356,-26.41725070384266,3.768110553140498,-0.04492323108733087,-0.0018674390431772368
1100.0,44.0,2.0,-18.947728804747836,-26.348885157497687,-18.947728804747836,-26.348885157497687,3.7719600538461497,-0.04492323108733087,-0.0018674390431772368
1101.0,44.04,2.0,-19.041536830783855,-26.280157869091557,-19.041536830783855,-26.280157869091557,3.7758095545518002,-0.04492323108733087,-0.0018674390431772368
1102.0,44.08,2.0,-19.135079531775915,-26.211069857946633,-19.135079531775915,-26.211069857946633,3.7796590552574516,-0.04492323108733087,-0.0018674390431772368
1103.0,44.12,2.0,-19.22835552011362,-26.141622148740247,-19.22835552011362,-26.141622148740247,3.7835085559631016,-0.04492323108733087,-0.0018674390431772368
1104.0,44.160000000000004,2.0,-19.321363412145324,-26.071815771489497,-19.321363412145324,-26.071815771489497,3.787358056668753,-0.04492323108733087,-0.0018674390431772368
1105.0,44.2,2.0,-19.41410182819864,-26.001651761535935,-19.41410182819864,-26.001651761535935,3.791207557374404,-0.04492323108733087,-0.0018674390431772368
1106.0,44.24,2.0,-19.506569392600973,-25.931131159530207,-19.506569392600973,-25.931131159530207,3.7950570580800553,-0.04492323108733087,-0.0018674390431772368
1107.0,44.28,2.0,-19.59876473369995,-25.860255011416577,-19.59876473369995,-25.860255011416577,3.7989065587857054,-0.04492323108733087,-0.0018674390431772368
1108.0,44.32,2.0,-19.690686483883777,-25.789024368417387,-19.690686483883777,-25.789024368417387,3.8027560594913568,-0.04492323108733087,-0.0018674390431772368
1109.0,44.36,2.0,-19.78233327960159,-25.71744028701746,-19.78233327960159,-25.71744028701746,3.8066055601970072,-0.04492323108733087,-0.0018674390431772368
1110.0,44.4,2.0,-19.873703761383688,-25.64550382894841,-19.873703761383688,-25.64550382894841,3.810455060902659,-0.04492323108733087,-0.0018674390431772368
1111.0,44.44,2.0,-19.964796573861722,-25.573216061172836,-19.964796573861722,-25.573216061172836,3.81430456160831,-0.04492323108733087,-0.0018674390431772368
1112.0,44.480000000000004,2.0,-20.055610365788866,-25.50057805586851,-20.055610365788866,-25.50057805586851,3.8181540623139605,-0.04492323108733087,-0.0018674390431772368
1113.0,44.52,2.0,-20.146143790059856,-25.427590890412436,-20.146143790059856,-25.427590890412436,3.8220035630196114,-0.04492323108733087,-0.0018674390431772368
1114.0,44.56,2.0,-20.236395503731025,-25.354255647364838,-20.236395503731025,-25.354255647364838,3.825853063725263,-0.04492323108733087,-0.0018674390431772368
1115.0,44.6,2.0,-20.32636416804023,-25.280573414453094,-20.32636416804023,-25.280573414453094,3.8297025644309137,-0.04492323108733087,-0.0018674390431772368
1116.0,44.64,2.0,-20.41604844842677,-25.20654528455558,-20.41604844842677,-25.20654528455558,3.833552065136564,-0.04492323108733087,-0.0018674390431772368
1117.0,44.68,2.0,-20.505447014551198,-25.132172355685416,-20.505447014551198,-25.132172355685416,3.837401565842215,-0.04492323108733087,-0.0018674390431772368
1118.0,44.72,2.0,-20.594558540315067,-25.057455730974166,-20.594558540315067,-25.057455730974166,3.8412510665478665,-0.04492323108733087,-0.0018674390431772368
1119.0,44.76,2.0,-20.68338170388066,-24.98239651865546,-20.68338170388066,-24.98239651865546,3.8451005672535175,-0.04492323108733087,-0.0018674390431772368
1120.0,44.800000000000004,2.0,-20.771915187690613,-24.906995832048523,-20.771915187690613,-24.906995832048523,3.848950067959168,-0.04492323108733087,-0.0018674390431772368
1121.0,44.84,2.0,-20.86015767848749,-24.831254789541628,-20.86015767848749,-24.831254789541628,3.852799568664819,-0.04492323108733087,-0.0018674390431772368
1122.0,44.88,2.0,-20.948107867333285,-24.755174514575508,-20.948107867333285,-24.755174514575508,3.8566490693704694,-0.04492323108733087,-0.0018674390431772368
1123.0,44.92,2.0,-21.035764449628882,-24.678756135626646,-21.035764449628882,-24.678756135626646,3.8604985700761203,-0.04492323108733087,-0.0018674390431772368
1124.0,44.96,2.0,-21.12312612513342,-24.602000786190505,-21.12312612513342,-24.602000786190505,3.8643480707817717,-0.04492323108733087,-0.0018674390431772368
1125.0,45.0,2.0,-21.21019159798363,-24.524909604764712,-21.21019159798363,-24.524909604764712,3.8681975714874226,-0.04492323108733087,-0.0018674390431772368
1126.0,45.04,2.0,-21.296959576713054,-24.44748373483214,-21.296959576713054,-24.44748373483214,3.872047072193073,-0.04492323108733087,-0.0018674390431772368
1127.0,45.08,2.0,-21.38342877427126,-24.369724324843908,-21.38342877427126,-24.369724324843908,3.875896572898724,-0.04492323108733087,-0.0018674390431772368
1128.0,45.12,2.0,-21.469597908042953,-24.29163252820233,-21.469597908042953,-24.29163252820233,3.8797460736043754,-0.04492323108733087,-0.0018674390431772368
1129.0,45.160000000000004,2.0,-21.555465699867018,-24.213209503243785,-21.555465699867018,-24.213209503243785,3.8835955743100263,-0.04492323108733087,-0.0018674390431772368
1130.0,45.2,2.0,-21.641030876055517,-24.134456413221507,-21.641030876055517,-24.134456413221507,3.887445075015677,-0.04492323108733087,-0.0018674390431772368
1131.0,45.24,2.0,-21.726292167412627,-24.055374426288285,-21.726292167412627,-24.055374426288285,3.8912945757213278,-0.04492323108733087,-0.0018674390431772368
1132.0,45.28,2.0,-21.81124830925345,-23.975964715479147,-21.81124830925345,-23.975964715479147,3.8951440764269796,-0.04492323108733087,-0.0018674390431772368
1133.0,45.32,2.0,-21.89589804142284,-23.89622845869391,-21.89589804142284,-23.89622845869391,3.89899357713263,-0.04492323108733087,-0.0018674390431772368
1134.0,45.36,2.0,-21.980240108314113,-23.81616683867967,-21.980240108314113,-23.81616683867967,3.9028430778382814,-0.04492323108733087,-0.0018674390431772368
1135.0,45.4,2.0,-22.064273258887702,-23.735781043013272,-22.064273258887702,-23.735781043013272,3.9066925785439315,-0.04492323108733087,-0.0018674390431772368
1136.0,45.44,2.0,-22.14799624668971,-23.65507226408362,-22.14799624668971,-23.65507226408362,3.910542079249583,-0.04492323108733087,-0.0018674390431772368
1137.0,45.480000000000004,2.0,-22.231407829870484,-23.574041699074,-22.231407829870484,-23.574041699074,3.914391579955234,-0.04492323108733087,-0.0018674390431772368
1138.0,45.52,2.0,-22.314506771203014,-23.492690549944278,-22.314506771203014,-23.492690549944278,3.918241080660885,-0.04492323108733087,-0.0018674390431772368
1139.0,45.56,2.0,-22.39729183810133,-23.411020023413048,-22.39729183810133,-23.411020023413048,3.922090581366535,-0.04492323108733087,-0.0018674390431772368
1140.0,45.6,2.0,-22.479761802638812,-23.3290313309397,-22.479761802638812,-23.3290313309397,3.9259400820721866,-0.04492323108733087,-0.0018674390431772368
1141.0,45.64,2.0,-22.56191544156643,-23.246725688706437,-22.56191544156643,-23.246725688706437,3.929789582777837,-0.04492323108733087,-0.0018674390431772368
1142.0,45.68,2.0,-22.64375153633092,-23.164104317600184,-22.64375153633092,-23.164104317600184,3.933639083483489,-0.04492323108733087,-0.0018674390431772368
1143.0,45.72,2.0,-22.72526887309288,-23.08116844319449,-22.72526887309288,-23.08116844319449,3.93748858418914,-0.04492323108733087,-0.0018674390431772368
1144.0,45.76,2.0,-22.806466242744797,-22.99791929573126,-22.806466242744797,-22.99791929573126,3.9413380848947903,-0.04492323108733087,-0.0018674390431772368
1145.0,45.800000000000004,2.0,-22.887342440929018,-22.91435811010255,-22.887342440929018,-22.91435811010255,3.9451875856004412,-0.04492323108733087,-0.0018674390431772368
1146.0,45.84,2.0,-22.967896268055632,-22.830486125832163,-22.967896268055632,-22.830486125832163,3.9490370863060926,-0.04492323108733087,-0.0018674390431772368
1147.0,45.88,2.0,-23.048126529320303,-22.746304587057264,-23.048126529320303,-22.746304587057264,3.9528865870117436,-0.04492323108733087,-0.0018674390431772368
1148.0,45.92,2.0,-23.12803203472199,-22.661814742509897,-23.12803203472199,-22.661814742509897,3.956736087717394,-0.04492323108733087,-0.0018674390431772368
1149.0,45.96,2.0,-23.207611599080664,-22.57701784549842,-23.207611599080664,-22.57701784549842,3.960585588423045,-0.04492323108733087,-0.0018674390431772368
1150.0,46.0,2.0,-23.286864042054887,-22.49191515388889,-23.286864042054887,-22.49191515388889,3.9644350891286964,-0.04492323108733087,-0.0018674390431772368
1151.0,46.04,2.0,-23.365788188159335,-22.406507930086384,-23.365788188159335,-22.406507930086384,3.9682845898343473,-0.04492323108733087,-0.0018674390431772368
1152.0,46.08,2.0,-23.44438286678229,-22.320797441016246,-23.44438286678229,-22.320797441016246,3.9721340905399978,-0.04492323108733087,-0.0018674390431772368
1153.0,46.12,2.0,-23.52264691220302,-22.234784958105248,-23.52264691220302,-22.234784958105248,3.9759835912456487,-0.04492323108733087,-0.0018674390431772368
1154.0,46.160000000000004,2.0,-23.600579163609062,-22.148471757262715,-23.600579163609062,-22.148471757262715,3.979833091951299,-0.04492323108733087,-0.0018674390431772368
1155.0,46.2,2.0,-23.67817846511352,-22.06185911886157,-23.67817846511352,-22.06185911886157,3.98368259265695,-0.04492323108733087,-0.0018674390431772368
1156.0,46.24,2.0,-23.75544366577219,-21.9749483277193,-23.75544366577219,-21.9749483277193,3.9875320933626015,-0.04492323108733087,-0.0018674390431772368
1157.0,46.28,2.0,-23.83237361960068,-21.887740673078895,-23.83237361960068,-21.887740673078895,3.9913815940682524,-0.04492323108733087,-0.0018674390431772368
1158.0,46.32,2.0,-23.908967185591422,-21.80023744858966,-23.908967185591422,-21.80023744858966,3.995231094773903,-0.04492323108733087,-0.0018674390431772368
1159.0,46.36,2.0,-23.985223227730625,-21.71243995228802,-23.985223227730625,-21.71243995228802,3.999080595479554,-0.04492323108733087,-0.0018674390431772368
1160.0,46.4,2.0,-24.061140615015148,-21.62434948657823,-24.061140615015148,-21.62434948657823,4.002930096185205,-0.04492323108733087,-0.0018674390431772368
1161.0,46.44,2.0,-24.1367182214693,-21.535967358213018,-24.1367182214693,-21.535967358213018,4.006779596890857,-0.04492323108733087,-0.0018674390431772368
1162.0,46.480000000000004,2.0,-24.211954926161564,-21.447294878274192,-24.211954926161564,-21.447294878274192,4.010629097596507,-0.04492323108733087,-0.0018674390431772368
1163.0,46.52,2.0,-24.286849613221257,-21.358333362153125,-24.286849613221257,-21.358333362153125,4.014478598302158,-0.04492323108733087,-0.0018674390431772368
1164.0,46.56,2.0,-24.361401171855082,-21.269084129531258,-24.361401171855082,-21.269084129531258,4.018328099007809,-0.04492323108733087,-0.0018674390431772368
1165.0,46.6,2.0,-24.435608496363653,-21.17954850436046,-24.435608496363653,-21.17954850436046,4.02217759971346,-0.04492323108733087,-0.0018674390431772368
1166.0,46.64,2.0,-24.509470486157902,-21.08972781484338,-24.509470486157902,-21.08972781484338,4.026027100419111,-0.04492323108733087,-0.0018674390431772368
1167.0,46.68,2.0,-24.582986045775435,-20.999623393413682,-24.582986045775435,-20.999623393413682,4.029876601124761,-0.04492323108733087,-0.0018674390431772368
1168.0,46.72,2.0,-24.656154084896798,-20.909236576716296,-24.656154084896798,-20.909236576716296,4.033726101830412,-0.04492323108733087,-0.0018674390431772368
1169.0,46.76,2.0,-24.728973518361677,-20.818568705587527,-24.728973518361677,-20.818568705587527,4.037575602536064,-0.04492323108733087,-0.0018674390431772368
1170.0,46.800000000000004,2.0,-24.801443266185007,-20.727621125035142,-24.801443266185007,-20.727621125035142,4.041425103241715,-0.04492323108733087,-0.0018674390431772368
1171.0,46.84,2.0,-24.873562253573034,-20.63639518421839,-24.873562253573034,-20.63639518421839,4.045274603947365,-0.04492323108733087,-0.0018674390431772368
1172.0,46.88,2.0,-24.94532941093926,-20.54489223642796,-24.94532941093926,-20.54489223642796,4.049124104653016,-0.04492323108733087,-0.0018674390431772368
1173.0,46.92,2.0,-25.01674367392031,-20.453113639065865,-25.01674367392031,-20.453113639065865,4.052973605358667,-0.04492323108733087,-0.0018674390431772368
1174.0,46.96,2.0,-25.087803983391815,-20.361060753625292,-25.087803983391815,-20.361060753625292,4.056823106064319,-0.04492323108733087,-0.0018674390431772368
1175.0,47.0,2.0,-25.15850928548405,-20.26873494567036,-25.15850928548405,-20.26873494567036,4.06067260676997,-0.04492323108733087,-0.0018674390431772368
1176.0,47.04,2.0,-25.228858531597652,-20.17613758481584,-25.228858531597652,-20.17613758481584,4.06452210747562,-0.04492323108733087,-0.0018674390431772368
1177.0,47.08,2.0,-25.298850678419175,-20.083270044706794,-25.298850678419175,-20.083270044706794,4.0683716081812715,-0.04492323108733087,-0.0018674390431772368
1178.0,47.12,2.0,-25.36848468793658,-19.990133702998193,-25.36848468793658,-19.990133702998193,4.0722211088869225,-0.04492323108733087,-0.0018674390431772368
1179.0,47.160000000000004,2.0,-25.43775952745465,-19.89672994133442,-25.43775952745465,-19.89672994133442,4.076070609592573,-0.04492323108733087,-0.0018674390431772368
1180.0,47.2,2.0,-25.506674169610353,-19.80306014532877,-25.506674169610353,-19.80306014532877,4.079920110298223,-0.04492323108733087,-0.0018674390431772368
1181.0,47.24,2.0,-25.575227592388067,-19.709125704542835,-25.575227592388067,-19.709125704542835,4.083769611003875,-0.04492323108733087,-0.0018674390431772368
1182.0,47.28,2.0,-25.643418779134787,-19.61492801246588,-25.643418779134787,-19.61492801246588,4.087619111709526,-0.04492323108733087,-0.0018674390431772368
1183.0,47.32,2.0,-25.71124671857522,-19.52046846649414,-25.71124671857522,-19.52046846649414,4.091468612415177,-0.04492323108733087,-0.0018674390431772368
1184.0,47.36,2.0,-25.778710404826775,-19.425748467910047,-25.778710404826775,-19.425748467910047,4.095318113120827,-0.04492323108733087,-0.0018674390431772368
1185.0,47.4,2.0,-25.84580883741454,-19.330769421861426,-25.84580883741454,-19.330769421861426,4.099167613826479,-0.04492323108733087,-0.0018674390431772368
1186.0,47.44,2.0,-25.91254102128614,-19.2355327373406,-25.91254102128614,-19.2355327373406,4.10301711453213,-0.04492323108733087,-0.0018674390431772368
1187.0,47.480000000000004,2.0,-25.978905966826478,-19.140039827163466,-25.978905966826478,-19.140039827163466,4.10686661523778,-0.04492323108733087,-0.0018674390431772368
1188.0,47.52,2.0,-26.04490268987247,-19.04429210794852,-26.04490268987247,-19.04429210794852,4.110716115943431,-0.04492323108733087,-0.0018674390431772368
1189.0,47.56,2.0,-26.110530211727657,-18.948291000095782,-26.110530211727657,-18.948291000095782,4.114565616649083,-0.04492323108733087,-0.0018674390431772368
1190.0,47.6,2.0,-26.17578755917672,-18.85203792776571,-26.17578755917672,-18.85203792776571,4.118415117354733,-0.04492323108733087,-0.0018674390431772368
1191.0,47.64,2.0,-26.240673764499945,-18.755534318858047,-26.240673764499945,-18.755534318858047,4.122264618060384,-0.04492323108733087,-0.0018674390431772368
1192.0,47.68,2.0,-26.305187865487618,-18.658781604990573,-26.305187865487618,-18.658781604990573,4.126114118766035,-0.04492323108733087,-0.0018674390431772368
1193.0,47.72,2.0,-26.369328905454267,-18.561781221477887,-26.369328905454267,-18.561781221477887,4.129963619471686,-0.04492323108733087,-0.0018674390431772368
1194.0,47.76,2.0,-26.43309593325291,-18.464534607310036,-26.43309593325291,-18.464534607310036,4.1338131201773365,-0.04492323108733087,-0.0018674390431772368
1195.0,47.800000000000004,2.0,-26.49648800328917,-18.367043205131168,-26.49648800328917,-18.367043205131168,4.137662620882987,-0.04492323108733087,-0.0018674390431772368
1196.0,47.84,2.0,-26.559504175535313,-18.26930846121807,-26.559504175535313,-18.26930846121807,4.141512121588639,-0.04492323108733087,-0.0018674390431772368
1197.0,47.88,2.0,-26.622143515544206,-18.171331825458715,-26.622143515544206,-18.171331825458715,4.14536162229429,-0.04492323108733087,-0.0018674390431772368
1198.0,47.92,2.0,-26.68440509446321,-18.07311475133067,-26.68440509446321,-18.07311475133067,4.149211122999941,-0.04492323108733087,-0.0018674390431772368
1199.0,47.96,2.0,-26.74628798904796,-17.974658695879572,-26.74628798904796,-17.974658695879572,4.153060623705591,-0.04492323108733087,-0.0018674390431772368
1200.0,48.0,2.0,-26.80779128167607,-17.8759651196974,-26.80779128167607,-17.8759651196974,4.156910124411242,-0.04492323108733087,-0.0018674390431772368
1201.0,48.04,2.0,-26.868914060360787,-17.77703548690085,-26.868914060360787,-17.77703548690085,4.160759625116894,-0.04492323108733087,-0.0018674390431772368
1202.0,48.08,2.0,-26.929655418764515,-17.677871265109523,-26.929655418764515,-17.677871265109523,4.164609125822545,-0.04492323108733087,-0.0018674390431772368
1203.0,48.120000000000005,2.0,-26.990014456212258,-17.578473925424156,-26.990014456212258,-17.578473925424156,4.168458626528195,-0.04492323108733087,-0.0018674390431772368
1204.0,48.160000000000004,2.0,-27.049990277705053,-17.478844942404752,-27.049990277705053,-17.478844942404752,4.172308127233846,-0.04492323108733087,-0.0018674390431772368
1205.0,48.2,2.0,-27.109581993933176,-17.37898579404867,-27.109581993933176,-17.37898579404867,4.176157627939497,-0.04492323108733087,-0.0018674390431772368
1206.0,48.24,2.0,-27.168788721289427,-17.278897961768678,-27.168788721289427,-17.278897961768678,4.180007128645149,-0.04492323108733087,-0.0018674390431772368
1207.0,48.28,2.0,-27.227609581882216,-17.17858293037093,-27.227609581882216,-17.17858293037093,4.1838566293507995,-0.04492323108733087,-0.0018674390431772368
1208.0,48.32,2.0,-27.286043703548597,-17.078042188032903,-27.286043703548597,-17.078042188032903,4.1877061300564495,-0.04492323108733087,-0.0018674390431772368
1209.0,48.36,2.0,-27.344090219867223,-16.977277226281313,-27.344090219867223,-16.977277226281313,4.191555630762101,-0.04492323108733087,-0.0018674390431772368
1210.0,48.4,2.0,-27.40174827017122,-16.87628953996992,-27.40174827017122,-16.87628953996992,4.195405131467752,-0.04492323108733087,-0.0018674390431772368
1211.0,48.44,2.0,-27.459016999560966,-16.775080627257346,-27.459016999560966,-16.775080627257346,4.199254632173403,-0.04492323108733087,-0.0018674390431772368
1212.0,48.480000000000004,2.0,-27.51589555891676,-16.673651989584794,-27.51589555891676,-16.673651989584794,4.203104132879053,-0.04492323108733087,-0.0018674390431772368
1213.0,48.52,2.0,-27.572383104911488,-16.572005131653764,-27.572383104911488,-16.572005131653764,4.206953633584705,-0.04492323108733087,-0.0018674390431772368
1214.0,48.56,2.0,-27.62847880002308,-16.47014156140368,-27.62847880002308,-16.47014156140368,4.210803134290356,-0.04492323108733087,-0.0018674390431772368
1215.0,48.6,2.0,-27.68418181254699,-16.368062789989484,-27.68418181254699,-16.368062789989484,4.214652634996007,-0.04492323108733087,-0.0018674390431772368
1216.0,48.64,2.0,-27.739491316608536,-16.2657703317592,-27.739491316608536,-16.2657703317592,4.218502135701657,-0.04492323108733087,-0.0018674390431772368
1217.0,48.68,2.0,-27.794406492175142,-16.163265704231417,-27.794406492175142,-16.163265704231417,4.222351636407309,-0.04492323108733087,-0.0018674390431772368
1218.0,48.72,2.0,-27.84892652506856,-16.060550428072773,-27.84892652506856,-16.060550428072773,4.22620113711296,-0.04492323108733087,-0.0018674390431772368
1219.0,48.76,2.0,-27.903050606976898,-15.95762602707531,-27.903050606976898,-15.95762602707531,4.23005063781861,-0.04492323108733087,-0.0018674390431772368
1220.0,48.800000000000004,2.0,-27.956777935466686,-15.854494028133882,-27.956777935466686,-15.854494028133882,4.233900138524261,-0.04492323108733087,-0.0018674390431772368
1221.0,48.84,2.0,-28.010107713994735,-15.751155961223455,-28.010107713994735,-15.751155961223455,4.2377496392299125,-0.04492323108733087,-0.0018674390431772368
1222.0,48.88,2.0,-28.06303915192001,-15.647613359376365,-28.06303915192001,-15.647613359376365,4.241599139935563,-0.04492323108733087,-0.0018674390431772368
1223.0,48.92,2.0,-28.115571464515334,-15.543867758659548,-28.115571464515334,-15.543867758659548,4.2454486406412135,-0.04492323108733087,-0.0018674390431772368
1224.0,48.96,2.0,-28.167703872979047,-15.439920698151724,-28.167703872979047,-15.439920698151724,4.2492981413468645,-0.04492323108733087,-0.0018674390431772368
1225.0,49.0,2.0,-28.219435604446602,-15.335773719920521,-28.219435604446602,-15.335773719920521,4.253147642052516,-0.04492323108733087,-0.0018674390431772368
1226.0,49.04,2.0,-28.270765892001993,-15.231428368999573,-28.270765892001993,-15.231428368999573,4.256997142758166,-0.04492323108733087,-0.0018674390431772368
1227.0,49.08,2.0,-28.32169397468916,-15.126886193365555,-28.32169397468916,-15.126886193365555,4.260846643463817,-0.04492323108733087,-0.0018674390431772368
1228.0,49.120000000000005,2.0,-28.372219097523306,-15.022148743915192,-28.372219097523306,-15.022148743915192,4.264696144169469,-0.04492323108733087,-0.0018674390431772368
1229.0,49.160000000000004,2.0,-28.422340511502068,-14.917217574442205,-28.422340511502068,-14.917217574442205,4.26854564487512,-0.04492323108733087,-0.0018674390431772368
1230.0,49.2,2.0,-28.47205747361669,-14.812094241614252,-28.47205747361669,-14.812094241614252,4.272395145580771,-0.04492323108733087,-0.0018674390431772368
1231.0,49.24,2.0,-28.52136924686298,-14.70678030494976,-28.52136924686298,-14.70678030494976,4.276244646286421,-0.04492323108733087,-0.0018674390431772368
1232.0,49.28,2.0,-28.57027510025234,-14.601277326794797,-28.57027510025234,-14.601277326794797,4.280094146992072,-0.04492323108733087,-0.0018674390431772368
1233.0,49.32,2.0,-28.61877430882253,-14.495586872299821,-28.61877430882253,-14.495586872299821,4.283943647697724,-0.04492323108733087,-0.0018674390431772368
1234.0,49.36,2.0,-28.666866153648506,-14.38971050939646,-28.666866153648506,-14.38971050939646,4.287793148403375,-0.04492323108733087,-0.0018674390431772368
1235.0,49.4,2.0,-28.714549921853042,-14.283649808774191,-28.714549921853042,-14.283649808774191,4.291642649109025,-0.04492323108733087,-0.0018674390431772368
1236.0,49.44,2.0,-28.761824906617342,-14.177406343857019,-28.761824906617342,-14.177406343857019,4.295492149814676,-0.04492323108733087,-0.0018674390431772368
1237.0,49.480000000000004,2.0,-28.808690407191516,-14.070981690780087,-28.808690407191516,-14.070981690780087,4.299341650520327,-0.04492323108733087,-0.0018674390431772368
1238.0,49.52,2.0,-28.855145728904994,-13.964377428366273,-28.855145728904994,-13.964377428366273,4.303191151225978,-0.04492323108733087,-0.0018674390431772368
1239.0,49.56,2.0,-28.901190183176823,-13.857595138102724,-28.901190183176823,-13.857595138102724,4.307040651931629,-0.04492323108733087,-0.0018674390431772368
1240.0,49.6,2.0,-28.946823087525917,-13.750636404117355,-28.946823087525917,-13.750636404117355,4.310890152637279,-0.04492323108733087,-0.0018674390431772368
1241.0,49.64,2.0,-28.992043765581162,-13.643502813155331,-28.992043765581162,-13.643502813155331,4.314739653342931,-0.04492323108733087,-0.0018674390431772368
1242.0,49.68,2.0,-29.03685154709145,-13.536195954555467,-29.03685154709145,-13.536195954555467,4.318589154048582,-0.04492323108733087,-0.0018674390431772368
1243.0,49.72,2.0,-29.081245767935666,-13.428717420226642,-29.081245767935666,-13.428717420226642,4.322438654754233,-0.04492323108733087,-0.0018674390431772368
1244.0,49.76,2.0,-29.125225770132527,-13.321068804624119,-29.125225770132527,-13.321068804624119,4.326288155459883,-0.04492323108733087,-0.0018674390431772368
1245.0,49.800000000000004,2.0,-29.168790901850308,-13.213251704725877,-29.168790901850308,-13.213251704725877,4.330137656165535,-0.04492323108733087,-0.0018674390431772368
1246.0,49.84,2.0,-29.211940517416593,-13.105267720008873,-29.211940517416593,-13.105267720008873,4.333987156871186,-0.04492323108733087,-0.0018674390431772368
1247.0,49.88,2.0,-29.254673977327805,-12.997118452425292,-29.254673977327805,-12.997118452425292,4.337836657576837,-0.04492323108733087,-0.0018674390431772368
1248.0,49.92,2.0,-29.296990648258713,-12.88880550637872,-29.296990648258713,-12.88880550637872,4.341686158282487,-0.04492323108733087,-0.0018674390431772368
1249.0,49.96,2.0,-29.338889903071834,-12.78033048870033,-29.338889903071834,-12.78033048870033,4.345535658988139,-0.04492323108733087,-0.0018674390431772368
1250.0,50.0,2.0,-29.38037112082673,-12.671695008625004,-29.38037112082673,-12.671695008625004,4.34938515969379,-0.04492323108733087,-0.0018674390431772368
1251.0,50.04,2.0,-29.421433686789264,-12.56290067776742,-29.421433686789264,-12.56290067776742,4.35323466039944,-0.04492323108733087,-0.0018674390431772368
1252.0,50.08,2.0,-29.462076992440654,-12.453949110098106,-29.462076992440654,-12.453949110098106,4.357084161105091,-0.04492323108733087,-0.0018674390431772368
1253.0,50.120000000000005,2.0,-29.502300435486575,-12.344841921919468,-29.502300435486575,-12.344841921919468,4.360933661810742,-0.04492323108733087,-0.0018674390431772368
1254.0,50.160000000000004,2.0,-29.54210341986606,-12.235580731841768,-29.54210341986606,-12.235580731841768,4.364783162516392,-0.04492323108733087,-0.0018674390431772368
1255.0,50.2,2.0,-29.58148535576034,-12.126167160759081,-29.58148535576034,-12.126167160759081,4.368632663222043,-0.04492323108733087,-0.0018674390431772368
1256.0,50.24,2.0,-29.620445659601614,-12.01660283182521,-29.620445659601614,-12.01660283182521,4.372482163927694,-0.04492323108733087,-0.0018674390431772368
1257.0,50.28,2.0,-29.658983754081724,-11.906889370429575,-29.658983754081724,-11.906889370429575,4.376331664633346,-0.04492323108733087,-0.0018674390431772368
1258.0,50.32,2.0,-29.69709906816068,-11.797028404173057,-29.69709906816068,-11.797028404173057,4.380181165338996,-0.04492323108733087,-0.0018674390431772368
1259.0,50.36,2.0,-29.73479103707519,-11.687021562843821,-29.73479103707519,-11.687021562843821,4.384030666044647,-0.04492323108733087,-0.0018674390431772368
1260.0,50.4,2.0,-29.77205910234697,-11.576870478393104,-29.77205910234697,-11.576870478393104,4.387880166750299,-0.04492323108733087,-0.0018674390431772368
1261.0,50.44,2.0,-29.8089027117911,-11.46657678491096,-29.8089027117911,-11.46657678491096,4.39172966745595,-0.04492323108733087,-0.0018674390431772368
1262.0,50.480000000000004,2.0,-29.845321319524167,-11.35614211860199,-29.845321319524167,-11.35614211860199,4.395579168161601,-0.04492323108733087,-0.0018674390431772368
1263.0,50.52,2.0,-29.881314385972424,-11.245568117761032,-29.881314385972424,-11.245568117761032,4.399428668867251,-0.04492323108733087,-0.0018674390431772368
1264.0,50.56,2.0,-29.916881377879708,-11.134856422748813,-29.916881377879708,-11.134856422748813,4.403278169572902,-0.04492323108733087,-0.0018674390431772368
1265.0,50.6,2.0,-29.952021768315443,-11.024008675967588,-29.952021768315443,-11.024008675967588,4.407127670278554,-0.04492323108733087,-0.0018674390431772368
1266.0,50.64,2.0,-29.986735036682397,-10.913026521836729,-29.986735036682397,-10.913026521836729,4.4109771709842045,-0.04492323108733087,-0.0018674390431772368
1267.0,50.68,2.0,-30.021020668724447,-10.8019116067683,-30.021020668724447,-10.8019116067683,4.4148266716898545,-0.04492323108733087,-0.0018674390431772368
1268.0,50.72,2.0,-30.054878156534166,-10.690665579142594,-30.054878156534166,-10.690665579142594,4.4186761723955055,-0.04492323108733087,-0.0018674390431772368
1269.0,50.76,2.0,-30.088306998560398,-10.579290089283642,-30.088306998560398,-10.579290089283642,4.422525673101156,-0.04492323108733087,-0.0018674390431772368
1270.0,50.800000000000004,2.0,-30.121306699615683,-10.467786789434694,-30.121306699615683,-10.467786789434694,4.426375173806808,-0.04492323108733087,-0.0018674390431772368
1271.0,50.84,2.0,-30.153876770883596,-10.356157333733673,-30.153876770883596,-10.356157333733673,4.430224674512459,-0.04492323108733087,-0.0018674390431772368
1272.0,50.88,2.0,-30.186016729926013,-10.244403378188597,-30.186016729926013,-10.244403378188597,4.434074175218109,-0.04492323108733087,-0.0018674390431772368
1273.0,50.92,2.0,-30.21772610069026,-10.132526580652975,-30.21772610069026,-10.132526580652975,4.437923675923761,-0.04492323108733087,-0.0018674390431772368
1274.0,50.96,2.0,-30.24900441351616,-10.020528600801175,-30.24900441351616,-10.020528600801175,4.441773176629412,-0.04492323108733087,-0.0018674390431772368
1275.0,51.0,2.0,-30.27985120514304,-9.908411100103773,-30.27985120514304,-9.908411100103773,4.445622677335063,-0.04492323108733087,-0.0018674390431772368
1276.0,51.04,2.0,-30.310266018716572,-9.796175741802866,-30.310266018716572,-9.796175741802866,4.449472178040713,-0.04492323108733087,-0.0018674390431772368
1277.0,51.08,2.0,-30.340248403795545,-9.683824190887348,-30.340248403795545,-9.683824190887348,4.453321678746365,-0.04492323108733087,-0.0018674390431772368
1278.0,51.120000000000005,2.0,-30.369797916358568,-9.571358114068197,-30.369797916358568,-9.571358114068197,4.457171179452016,-0.04492323108733087,-0.0018674390431772368
1279.0,51.160000000000004,2.0,-30.39891411881062,-9.458779179753687,-30.39891411881062,-9.458779179753687,4.461020680157667,-0.04492323108733087,-0.0018674390431772368
1280.0,51.2,2.0,-30.427596579989608,-9.346089058024623,-30.427596579989608,-9.346089058024623,4.464870180863317,-0.04492323108733087,-0.0018674390431772368
1281.0,51.24,2.0,-30.45584487517268,-9.23328942060951,-30.45584487517268,-9.23328942060951,4.4687196815689685,-0.04492323108733087,-0.0018674390431772368
1282.0,51.28,2.0,-30.483658586082576,-9.120381940859732,-30.483658586082576,-9.120381940859732,4.472569182274619,-0.04492323108733087,-0.0018674390431772368
1283.0,51.32,2.0,-30.511037300893825,-9.007368293724673,-30.511037300893825,-9.007368293724673,4.4764186829802695,-0.04492323108733087,-0.0018674390431772368
1284.0,51.36,2.0,-30.537980614238812,-8.894250155726855,-30.537980614238812,-8.894250155726855,4.48026818368592,-0.04492323108733087,-0.0018674390431772368
1285.0,51.4,2.0,-30.56448812721386,-8.781029204937008,-30.56448812721386,-8.781029204937008,4.484117684391572,-0.04492323108733087,-0.0018674390431772368
1286.0,51.44,2.0,-30.59055944738508,-8.667707120949151,-30.59055944738508,-8.667707120949151,4.487967185097222,-0.04492323108733087,-0.0018674390431772368
1287.0,51.480000000000004,2.0,-30.616194188794214,-8.554285584855641,-30.616194188794214,-8.554285584855641,4.491816685802873,-0.04492323108733087,-0.0018674390431772368
1288.0,51.52,2.0,-30.641391971964374,-8.440766279222185,-30.641391971964374,-8.440766279222185,4.495666186508524,-0.04492323108733087,-0.0018674390431772368
1289.0,51.56,2.0,-30.666152423905636,-8.327150888062853,-30.666152423905636,-8.327150888062853,4.499515687214176,-0.04492323108733087,-0.0018674390431772368
1290.0,51.6,2.0,-30.69047517812059,-8.213441096815053,-30.69047517812059,-8.213441096815053,4.503365187919826,-0.04492323108733087,-0.0018674390431772368
1291.0,51.64,2.0,-30.714359874609773,-8.099638592314495,-30.714359874609773,-8.099638592314495,4.507214688625477,-0.04492323108733087,-0.0018674390431772368
1292.0,51.68,2.0,-30.737806159876992,-7.985745062770124,-30.737806159876992,-7.985745062770124,4.511064189331129,-0.04492323108733087,-0.0018674390431772368
1293.0,51.72,2.0,-30.760813686934576,-7.8717621977390495,-30.760813686934576,-7.8717621977390495,4.51491369003678,-0.04492323108733087,-0.0018674390431772368
1294.0,51.76,2.0,-30.783382115308523,-7.757691688101429,-30.783382115308523,-7.757691688101429,4.518763190742431,-0.04492323108733087,-0.0018674390431772368
1295.0,51.800000000000004,2.0,-30.80551111104353,-7.643535226035359,-30.80551111104353,-7.643535226035359,4.522612691448081,-0.04492323108733087,-0.0018674390431772368
1296.0,51.84,2.0,-30.827200346707947,-7.529294504991727,-30.827200346707947,-7.529294504991727,4.526462192153732,-0.04492323108733087,-0.0018674390431772368
1297.0,51.88,2.0,-30.848449501398637,-7.41497121966906,-30.848449501398637,-7.41497121966906,4.530311692859383,-0.04492323108733087,-0.0018674390431772368
1298.0,51.92,2.0,-30.86925826074573,-7.300567065988339,-30.86925826074573,-7.300567065988339,4.534161193565034,-0.04492323108733087,-0.0018674390431772368
1299.0,51.96,2.0,-30.889626316917276,-7.186083741067809,-30.889626316917276,-7.186083741067809,4.538010694270684,-0.04492323108733087,-0.0018674390431772368
1300.0,52.0,2.0,-30.909553368623797,-7.0715229431977615,-30.909553368623797,-7.0715229431977615,4.541860194976335,-0.04492323108733087,-0.0018674390431772368
1301.0,52.04,2.0,-30.92903912112277,-6.9568863718153064,-30.92903912112277,-6.9568863718153064,4.545709695681986,-0.04492323108733087,-0.0018674390431772368
1302.0,52.08,2.0,-30.94808328622299,-6.842175727479121,-30.94808328622299,-6.842175727479121,4.549559196387638,-0.04492323108733087,-0.0018674390431772368
1303.0,52.120000000000005,2.0,-30.96668558228881,-6.727392711844189,-30.96668558228881,-6.727392711844189,4.553408697093289,-0.04492323108733087,-0.0018674390431772368
1304.0,52.160000000000004,2.0,-30.984845734244374,-6.612539027636517,-30.984845734244374,-6.612539027636517,4.557258197798939,-0.04492323108733087,-0.0018674390431772368
1305.0,52.2,2.0,-31.002563473577606,-6.497616378627839,-31.002563473577606,-6.497616378627839,4.561107698504591,-0.04492323108733087,-0.0018674390431772368
1306.0,52.24,2.0,-31.01983853834426,-6.3826264696103046,-31.01983853834426,-6.3826264696103046,4.564957199210242,-0.04492323108733087,-0.0018674390431772368
1307.0,52.28,2.0,-31.036670673171766,-6.267571006371149,-31.036670673171766,-6.267571006371149,4.568806699915893,-0.04492323108733087,-0.0018674390431772368
1308.0,52.32,2.0,-31.053059629263004,-6.152451695667355,-31.053059629263004,-6.152451695667355,4.572656200621543,-0.04492323108733087,-0.0018674390431772368
1309.0,52.36,2.0,-31.069005164400018,-6.037270245200292,-31.069005164400018,-6.037270245200292,4.576505701327195,-0.04492323108733087,-0.0018674390431772368
1310.0,52.4,2.0,-31.084507042947553,-5.922028363590351,-31.084507042947553,-5.922028363590351,4.5803552020328455,-0.04492323108733087,-0.0018674390431772368
1311.0,52.44,2.0,-31.099565035856603,-5.806727760351555,-31.099565035856603,-5.806727760351555,4.5842047027384965,-0.04492323108733087,-0.0018674390431772368
1312.0,52.480000000000004,2.0,-31.11417892066774,-5.691370145866166,-31.11417892066774,-5.691370145866166,4.5880542034441465,-0.04492323108733087,-0.0018674390431772368
1313.0,52.52,2.0,-31.12834848151445,-5.575957231359273,-31.12834848151445,-5.575957231359273,4.591903704149798,-0.04492323108733087,-0.0018674390431772368
1314.0,52.56,2.0,-31.142073509126305,-5.460490728873368,-31.142073509126305,-5.460490728873368,4.595753204855449,-0.04492323108733087,-0.0018674390431772368
1315.0,52.6,2.0,-31.155353800832064,-5.344972351242915,-31.155353800832064,-5.344972351242915,4.599602705561099,-0.04492323108733087,-0.0018674390431772368
1316.0,52.64,2.0,-31.16818916056267,-5.2294038120689,-31.16818916056267,-5.2294038120689,4.60345220626675,-0.04492323108733087,-0.0018674390431772368
1317.0,52.68,2.0,-31.18057939885413,-5.113786825693375,-31.18057939885413,-5.113786825693375,4.607301706972402,-0.04492323108733087,-0.0018674390431772368
1318.0,52.72,2.0,-31.192524332850365,-4.99812310717399,-31.192524332850365,-4.99812310717399,4.611151207678052,-0.04492323108733087,-0.0018674390431772368
1319.0,52.76,2.0,-31.20402378630588,-4.882414372258512,-31.20402378630588,-4.882414372258512,4.615000708383703,-0.04492323108733087,-0.0018674390431772368
1320.0,52.800000000000004,2.0,-31.215077589588333,-4.7666623373593335,-31.215077589588333,-4.7666623373593335,4.618850209089354,-0.04492323108733087,-0.0018674390431772368
1321.0,52.84,2.0,-31.225685579681123,-4.650868719527981,-31.225685579681123,-4.650868719527981,4.622699709795006,-0.04492323108733087,-0.0018674390431772368
1322.0,52.88,2.0,-31.235847600185725,-4.535035236429596,-31.235847600185725,-4.535035236429596,4.626549210500656,-0.04492323108733087,-0.0018674390431772368
1323.0,52.92,2.0,-31.24556350132404,-4.419163606317426,-31.24556350132404,-4.419163606317426,4.630398711206307,-0.04492323108733087,-0.0018674390431772368
1324.0,52.96,2.0,-31.254833139940587,-4.303255548007289,-31.254833139940587,-4.303255548007289,4.634248211911959,-0.04492323108733087,-0.0018674390431772368
1325.0,53.0,2.0,-31.263656379504624,-4.187312780852049,-31.263656379504624,-4.187312780852049,4.6380977126176095,-0.04492323108733087,-0.0018674390431772368
1326.0,53.04,2.0,-31.27203309011217,-4.071337024716066,-31.27203309011217,-4.071337024716066,4.64194721332326,-0.04492323108733087,-0.0018674390431772368
1327.0,53.08,2.0,-31.279963148487884,-3.955329999949645,-31.279963148487884,-3.955329999949645,4.6457967140289105,-0.04492323108733087,-0.0018674390431772368
1328.0,53.120000000000005,2.0,-31.287446437986937,-3.839293427363484,-31.287446437986937,-3.839293427363484,4.649646214734561,-0.04492323108733087,-0.0018674390431772368
1329.0,53.160000000000004,2.0,-31.294482848596687,-3.723229028203106,-31.294482848596687,-3.723229028203106,4.653495715440213,-0.04492323108733087,-0.0018674390431772368
1330.0,53.2,2.0,-31.301072276938307,-3.6071385241232874,-31.301072276938307,-3.6071385241232874,4.657345216145864,-0.04492323108733087,-0.0018674390431772368
1331.0,53.24,2.0,-31.30721462626832,-3.4910236371624848,-31.30721462626832,-3.4910236371624848,4.661194716851514,-0.04492323108733087,-0.0018674390431772368
1332.0,53.28,2.0,-31.312909806480018,-3.3748860897172492,-31.312909806480018,-3.3748860897172492,4.665044217557165,-0.04492323108733087,-0.0018674390431772368
1333.0,53.32,2.0,-31.31815773410478,-3.2587276045166407,-31.31815773410478,-3.2587276045166407,4.668893718262816,-0.04492323108733087,-0.0018674390431772368
1334.0,53.36,2.0,-31.32295833231327,-3.1425499045966347,-31.32295833231327,-3.1425499045966347,4.672743218968468,-0.04492323108733087,-0.0018674390431772368
1335.0,53.4,2.0,-31.327311530916642,-3.0263547132745243,-31.327311530916642,-3.0263547132745243,4.676592719674119,-0.04492323108733087,-0.0018674390431772368
1336.0,53.44,2.0,-31.331217266367464,-2.9101437541233204,-31.331217266367464,-2.9101437541233204,4.680442220379769,-0.04492323108733087,-0.0018674390431772368
1337.0,53.480000000000004,2.0,-31.334675481760748,-2.793918750946148,-31.334675481760748,-2.793918750946148,4.684291721085421,-0.04492323108733087,-0.0018674390431772368
1338.0,53.52,2.0,-31.337686126834694,-2.677681427750634,-31.337686126834694,-2.677681427750634,4.688141221791072,-0.04492323108733087,-0.0018674390431772368
1339.0,53.56,2.0,-31.340249157971478,-2.561433508723299,-31.340249157971478,-2.561433508723299,4.6919907224967226,-0.04492323108733087,-0.0018674390431772368
1340.0,53.6,2.0,-31.342364538197863,-2.445176718203944,-31.342364538197863,-2.445176718203944,4.695840223202373,-0.04492323108733087,-0.0018674390431772368
1341.0,53.64,2.0,-31.34403223718574,-2.3289127806600307,-31.34403223718574,-2.3289127806600307,4.699689723908024,-0.04492323108733087,-0.0018674390431772368
1342.0,53.68,2.0,-31.345252231252545,-2.212643420661067,-31.345252231252545,-2.212643420661067,4.703539224613675,-0.04492323108733087,-0.0018674390431772368
1343.0,53.72,2.0,-31.346024503361622,-2.0963703628529866,-31.346024503361622,-2.0963703628529866,4.707388725319326,-0.04492323108733087,-0.0018674390431772368
1344.0,53.76,2.0,-31.346349043122444,-1.9800953319325292,-31.346349043122444,-1.9800953319325292,4.711238226024976,-0.04492323108733087,-0.0018674390431772368
1345.0,53.800000000000004,2.0,-31.346225846790748,-1.8638200526216164,-31.346225846790748,-1.8638200526216164,4.715087726730628,-0.04492323108733087,-0.0018674390431772368
1346.0,53.84,2.0,-31.345654917268593,-1.7475462496417342,-31.345654917268593,-1.7475462496417342,4.718937227436279,-0.04492323108733087,-0.0018674390431772368
1347.0,53.88,2.0,-31.344636264104288,-1.6312756476883101,-31.344636264104288,-1.6312756476883101,4.722786728141929,-0.04492323108733087,-0.0018674390431772368
1348.0,53.92,2.0,-31.343169903492225,-1.5150099714050902,-31.343169903492225,-1.5150099714050902,4.72663622884758,-0.04492323108733087,-0.0018674390431772368
1349.0,53.96,2.0,-31.34125585827264,-1.3987509453585218,-31.34125585827264,-1.3987509453585218,4.730485729553232,-0.04492323108733087,-0.0018674390431772368
1350.0,54.0,2.0,-31.338894157931257,-1.282500294012134,-31.338894157931257,-1.282500294012134,4.734335230258882,-0.04492323108733087,-0.0018674390431772368
1351.0,54.04,2.0,-31.336084838598822,-1.1662597417009186,-31.336084838598822,-1.1662597417009186,4.738184730964533,-0.04492323108733087,-0.0018674390431772368
1352.0,54.08,2.0,-31.332827943050546,-1.0500310126057175,-31.332827943050546,-1.0500310126057175,4.742034231670184,-0.04492323108733087,-0.0018674390431772368
1353.0,54.120000000000005,2.0,-31.32912352070548,-0.9338158307276065,-31.32912352070548,-0.9338158307276065,4.745883732375836,-0.04492323108733087,-0.0018674390431772368
1354.0,54.160000000000004,2.0,-31.324971627625747,-0.8176159198622885,-31.324971627625747,-0.8176159198622885,4.749733233081486,-0.04492323108733087,-0.0018674390431772368
1355.0,54.2,2.0,-31.320372326515667,-0.7014330035744833,-31.320372326515667,-0.7014330035744833,4.753582733787137,-0.04492323108733087,-0.0018674390431772368
1356.0,54.24,2.0,-31.315325686720875,-0.5852688051723263,-31.315325686720875,-0.5852688051723263,4.757432234492788,-0.04492323108733087,-0.0018674390431772368
1357.0,54.28,2.0,-31.309831784227196,-0.46912504768176716,-31.309831784227196,-0.46912504768176716,4.761281735198439,-0.04492323108733087,-0.0018674390431772368
1358.0,54.32,2.0,-31.303890701659565,-0.3530034538209753,-31.303890701659565,-0.3530034538209753,4.76513123590409,-0.04492323108733087,-0.0018674390431772368
1359.0,54.36,2.0,-31.297502528280745,-0.2369057459747484,-31.297502528280745,-0.2369057459747484,4.76898073660974,-0.04492323108733087,-0.0018674390431772368
1360.0,54.4,2.0,-31.29066735998999,-0.12083364616892682,-31.29066735998999,-0.12083364616892682,4.772830237315391,-0.04492323108733087,-0.0018674390431772368
1361.0,54.44,2.0,-31.283385299321615,-0.004788876044813317,-31.283385299321615,-0.004788876044813317,4.776679738021043,-0.04492323108733087,-0.0018674390431772368
1362.0,54.480000000000004,2.0,-31.275656455443446,0.11122684316640186,-31.275656455443446,0.11122684316640186,4.780529238726694,-0.04492323108733087,-0.0018674390431772368
1363.0,54.52,2.0,-31.26748094415519,0.22721179066920932,-31.26748094415519,0.22721179066920932,4.784378739432344,-0.04492323108733087,-0.0018674390431772368
1364.0,54.56,2.0,-31.258858887886674,0.3431642461293426,-31.258858887886674,0.3431642461293426,4.788228240137995,-0.04492323108733087,-0.0018674390431772368
1365.0,54.6,2.0,-31.249790415696065,0.4590824896993331,-31.249790415696065,0.4590824896993331,4.792077740843646,-0.04492323108733087,-0.0018674390431772368
1366.0,54.64,2.0,-31.240275663267845,0.5749648020440576,-31.240275663267845,0.5749648020440576,4.795927241549298,-0.04492323108733087,-0.0018674390431772368
1367.0,54.68,2.0,-31.230314772910873,0.690809464366279,-31.230314772910873,0.690809464366279,4.799776742254949,-0.04492323108733087,-0.0018674390431772368
1368.0,54.72,2.0,-31.21990789355619,0.8066147584321774,-31.21990789355619,0.8066147584321774,4.803626242960599,-0.04492323108733087,-0.0018674390431772368
1369.0,54.76,2.0,-31.20905518075482,0.922378966596874,-31.20905518075482,0.922378966596874,4.8074757436662505,-0.04492323108733087,-0.0018674390431772368
1370.0,54.800000000000004,2.0,-31.197756796675424,1.0381003718299462,-31.197756796675424,1.0381003718299462,4.8113252443719015,-0.04492323108733087,-0.0018674390431772368
1371.0,54.84,2.0,-31.186012910101887,1.1537772577409326,-31.186012910101887,1.1537772577409326,4.815174745077552,-0.04492323108733087,-0.0018674390431772368
1372.0,54.88,2.0,-31.173823696430787,1.2694079086048293,-31.173823696430787,1.2694079086048293,4.819024245783202,-0.04492323108733087,-0.0018674390431772368
1373.0,54.92,2.0,-31.161189337668766,1.3849906093875748,-31.161189337668766,1.3849906093875748,4.822873746488854,-0.04492323108733087,-0.0018674390431772368
1374.0,54.96,2.0,-31.14811002242981,1.5005236457715279,-31.14811002242981,1.5005236457715279,4.826723247194505,-0.04492323108733087,-0.0018674390431772368
1375.0,55.0,2.0,-31.134585945932464,1.61600530418093,-31.134585945932464,1.61600530418093,4.830572747900156,-0.04492323108733087,-0.0018674390431772368
1376.0,55.04,2.0,-31.120617309996838,1.7314338718073603,-31.120617309996838,1.7314338718073603,4.834422248605806,-0.04492323108733087,-0.0018674390431772368
1377.0,55.08,2.0,-31.10620432304168,1.8468076366351789,-31.10620432304168,1.8468076366351789,4.838271749311458,-0.04492323108733087,-0.0018674390431772368
1378.0,55.120000000000005,2.0,-31.09134720008118,1.9621248874669543,-31.09134720008118,1.9621248874669543,4.842121250017109,-0.04492323108733087,-0.0018674390431772368
1379.0,55.160000000000004,2.0,-31.076046162721816,2.077383913948886,-31.076046162721816,2.077383913948886,4.845970750722759,-0.04492323108733087,-0.0018674390431772368
1380.0,55.2,2.0,-31.06030143915903,2.1925830065962066,-31.06030143915903,2.1925830065962066,4.84982025142841,-0.04492323108733087,-0.0018674390431772368
1381.0,55.24,2.0,-31.044113264173802,2.3077204568185747,-31.044113264173802,2.3077204568185747,4.853669752134062,-0.04492323108733087,-0.0018674390431772368
1382.0,55.28,2.0,-31.02748187912915,2.4227945569454574,-31.02748187912915,2.4227945569454574,4.857519252839712,-0.04492323108733087,-0.0018674390431772368
1383.0,55.32,2.0,-31.010407531966553,2.537803600251492,-31.010407531966553,2.537803600251492,4.861368753545363,-0.04492323108733087,-0.0018674390431772368
1384.0,55.36,2.0,-30.992890477202206,2.6527458809818376,-30.992890477202206,2.6527458809818376,4.865218254251014,-0.04492323108733087,-0.0018674390431772368
1385.0,55.4,2.0,-30.974930975923247,2.767619694377516,-30.974930975923247,2.767619694377516,4.869067754956665,-0.04492323108733087,-0.0018674390431772368
1386.0,55.44,2.0,-30.956529295783874,2.882423336700731,-30.956529295783874,2.882423336700731,4.8729172556623155,-0.04492323108733087,-0.0018674390431772368
1387.0,55.480000000000004,2.0,-30.9376857110013,2.9971551052601724,-30.9376857110013,2.9971551052601724,4.876766756367966,-0.04492323108733087,-0.0018674390431772368
1388.0,55.52,2.0,-30.918400502351723,3.1118132984363123,-30.918400502351723,3.1118132984363123,4.880616257073618,-0.04492323108733087,-0.0018674390431772368
1389.0,55.56,2.0,-30.89867395716608,3.2263962157066772,-30.89867395716608,3.2263962157066772,4.884465757779269,-0.04492323108733087,-0.0018674390431772368
1390.0,55.6,2.0,-30.878506369325798,3.3409021576711084,-30.878506369325798,3.3409021576711084,4.88831525848492,-0.04492323108733087,-0.0018674390431772368
1391.0,55.64,2.0,-30.8578980392584,3.4553294260770024,-30.8578980392584,3.4553294260770024,4.89216475919057,-0.04492323108733087,-0.0018674390431772368
1392.0,55.68,2.0,-30.83684927393302,3.5696763238445355,-30.83684927393302,3.5696763238445355,4.896014259896221,-0.04492323108733087,-0.0018674390431772368
1393.0,55.72,2.0,-30.815360386855808,3.683941155091874,-30.815360386855808,3.683941155091874,4.899863760601873,-0.04492323108733087,-0.0018674390431772368
1394.0,55.76,2.0,-30.793431698065284,3.7981222251603604,-30.793431698065284,3.7981222251603604,4.903713261307524,-0.04492323108733087,-0.0018674390431772368
1395.0,55.800000000000004,2.0,-30.771063534127546,3.912217840639687,-30.771063534127546,3.912217840639687,4.907562762013174,-0.04492323108733087,-0.0018674390431772368
1396.0,55.84,2.0,-30.748256228131407,4.0262263093930475,-30.748256228131407,4.0262263093930475,4.911412262718825,-0.04492323108733087,-0.0018674390431772368
1397.0,55.88,2.0,-30.725010119683407,4.140145940582269,-30.725010119683407,4.140145940582269,4.915261763424476,-0.04492323108733087,-0.0018674390431772368
1398.0,55.92,2.0,-30.701325554902798,4.253975044692932,-30.701325554902798,4.253975044692932,4.919111264130128,-0.04492323108733087,-0.0018674390431772368
1399.0,55.96,2.0,-30.677202886416318,4.367711933559454,-30.677202886416318,4.367711933559454,4.9229607648357785,-0.04492323108733087,-0.0018674390431772368
1400.0,56.0,2.0,-30.65264247335299,4.481354920390176,-30.65264247335299,4.481354920390176,4.9268102655414285,-0.04492323108733087,-0.0018674390431772368
1401.0,56.04,2.0,-30.627644681338715,4.594902319792409,-30.627644681338715,4.594902319792409,4.93065976624708,-0.04492323108733087,-0.0018674390431772368
1402.0,56.08,2.0,-30.60220988249089,4.708352447797469,-30.60220988249089,4.708352447797469,4.934509266952731,-0.04492323108733087,-0.0018674390431772368
1403.0,56.120000000000005,2.0,-30.576338455412788,4.821703621885688,-30.576338455412788,4.821703621885688,4.938358767658382,-0.04492323108733087,-0.0018674390431772368
1404.0,56.160000000000004,2.0,-30.55003078518795,4.934954161011406,-30.55003078518795,4.934954161011406,4.942208268364032,-0.04492323108733087,-0.0018674390431772368
1405.0,56.2,2.0,-30.523287263374453,5.048102385627936,-30.523287263374453,5.048102385627936,4.946057769069684,-0.04492323108733087,-0.0018674390431772368
1406.0,56.24,2.0,-30.49610828799905,5.161146617712511,-30.49610828799905,5.161146617712511,4.949907269775335,-0.04492323108733087,-0.0018674390431772368
1407.0,56.28,2.0,-30.468494263551257,5.27408518079121,-30.468494263551257,5.27408518079121,4.953756770480986,-0.04492323108733087,-0.0018674390431772368
1408.0,56.32,2.0,-30.44044560097732,5.386916399963853,-30.44044560097732,5.386916399963853,4.957606271186636,-0.04492323108733087,-0.0018674390431772368
1409.0,56.36,2.0,-30.411962717674054,5.499638601928881,-30.411962717674054,5.499638601928881,4.961455771892288,-0.04492323108733087,-0.0018674390431772368
1410.0,56.4,2.0,-30.383046037482707,5.612250115008205,-30.383046037482707,5.612250115008205,4.965305272597939,-0.04492323108733087,-0.0018674390431772368
1411.0,56.44,2.0,-30.353695990682546,5.724749269172041,-30.353695990682546,5.724749269172041,4.969154773303589,-0.04492323108733087,-0.0018674390431772368
1412.0,56.480000000000004,2.0,-30.323913013984516,5.837134396063706,-30.323913013984516,5.837134396063706,4.97300427400924,-0.04492323108733087,-0.0018674390431772368
1413.0,56.52,2.0,-30.29369755052469,5.949403829024401,-30.29369755052469,5.949403829024401,4.9768537747148915,-0.04492323108733087,-0.0018674390431772368
1414.0,56.56,2.0,-30.263050049857704,6.061555903117967,-30.263050049857704,6.061555903117967,4.980703275420542,-0.04492323108733087,-0.0018674390431772368
1415.0,56.6,2.0,-30.231970967950012,6.173588955155604,-30.231970967950012,6.173588955155604,4.9845527761261925,-0.04492323108733087,-0.0018674390431772368
1416.0,56.64,2.0,-30.200460767173137,6.285501323720584,-30.200460767173137,6.285501323720584,4.9884022768318435,-0.04492323108733087,-0.0018674390431772368
1417.0,56.68,2.0,-30.168519916296766,6.397291349192917,-30.168519916296766,6.397291349192917,4.992251777537495,-0.04492323108733087,-0.0018674390431772368
1418.0,56.72,2.0,-30.136148890481728,6.508957373774005,-30.136148890481728,6.508957373774005,4.996101278243145,-0.04492323108733087,-0.0018674390431772368
1419.0,56.76,2.0,-30.10334817127299,6.620497741511263,-30.10334817127299,6.620497741511263,4.999950778948796,-0.04492323108733087,-0.0018674390431772368
1420.0,56.800000000000004,2.0,-30.070118246592415,6.731910798322711,-30.070118246592415,6.731910798322711,5.003800279654448,-0.04492323108733087,-0.0018674390431772368
1421.0,56.84,2.0,-30.036459610731544,6.8431948920215415,-30.036459610731544,6.8431948920215415,5.007649780360099,-0.04492323108733087,-0.0018674390431772368
1422.0,56.88,2.0,-30.002372764344187,6.954348372340652,-30.002372764344187,6.954348372340652,5.01149928106575,-0.04492323108733087,-0.0018674390431772368
1423.0,56.92,2.0,-29.967858214438984,7.065369590957164,-29.967858214438984,7.065369590957164,5.0153487817714,-0.04492323108733087,-0.0018674390431772368
1424.0,56.96,2.0,-29.932916474371893,7.176256901516899,-29.932916474371893,7.176256901516899,5.019198282477051,-0.04492323108733087,-0.0018674390431772368
1425.0,57.0,2.0,-29.897548063838457,7.287008659658821,-29.897548063838457,7.287008659658821,5.023047783182703,-0.04492323108733087,-0.0018674390431772368
1426.0,57.04,2.0,-29.861753508866144,7.397623223039472,-29.861753508866144,7.397623223039472,5.026897283888354,-0.04492323108733087,-0.0018674390431772368
1427.0,57.08,2.0,-29.825533341806466,7.5080989513573515,-29.825533341806466,7.5080989513573515,5.030746784594004,-0.04492323108733087,-0.0018674390431772368
1428.0,57.120000000000005,2.0,-29.788888101327064,7.61843420637728,-29.788888101327064,7.61843420637728,5.034596285299655,-0.04492323108733087,-0.0018674390431772368
1429.0,57.160000000000004,2.0,-29.7518183324037,7.7286273519547395,-29.7518183324037,7.7286273519547395,5.038445786005306,-0.04492323108733087,-0.0018674390431772368
1430.0,57.2,2.0,-29.714324586312102,7.83867675406015,-29.714324586312102,7.83867675406015,5.042295286710957,-0.04492323108733087,-0.0018674390431772368
1431.0,57.24,2.0,-29.676407420619796,7.94858078080316,-29.676407420619796,7.94858078080316,5.046144787416608,-0.04492323108733087,-0.0018674390431772368
1432.0,57.28,2.0,-29.63806739917776,8.058337802456862,-29.63806739917776,8.058337802456862,5.049994288122258,-0.04492323108733087,-0.0018674390431772368
1433.0,57.32,2.0,-29.599305092112075,8.167946191482011,-29.599305092112075,8.167946191482011,5.05384378882791,-0.04492323108733087,-0.0018674390431772368
1434.0,57.36,2.0,-29.560121075815392,8.277404322551186,-29.560121075815392,8.277404322551186,5.057693289533561,-0.04492323108733087,-0.0018674390431772368
1435.0,57.4,2.0,-29.52152531092046,8.384031092659168,-29.52152531092046,8.384031092659168,5.059525447395913,-0.06764437408654903,0.0015739100427490285
1436.0,57.44,2.0,-29.48298211957632,8.489705249984308,-29.48298211957632,8.489705249984308,5.061495259221703,-0.07658908513542935,0.005863511114534243
1437.0,57.480000000000004,2.0,-29.44534637079924,8.594401653141047,-29.44534637079924,8.594401653141047,5.063499874965379,-0.08683992245209918,0.009934819277960024
1438.0,57.52,2.0,-29.408179883470098,8.697423991884985,-29.408179883470098,8.697423991884985,5.065447253350772,-0.09968365441885027,0.014065163931782282
1439.0,57.56,2.0,-29.372619668236844,8.797054706089916,-29.372619668236844,8.797054706089916,5.06746613948275,-0.12986054724015755,0.019248011370356848
1440.0,57.6,2.0,-29.337055346914223,8.895881368749775,-29.337055346914223,8.895881368749775,5.06952978189077,-0.16003744006146478,0.024430858808931415
1441.0,57.64,2.0,-29.301366166937232,8.995112567700774,-29.301366166937232,8.995112567700774,5.0714830408634475,-0.1885434198683887,0.029651334393032212
1442.0,57.68,2.0,-29.267760941680088,9.088602782958954,-29.267760941680088,9.088602782958954,5.073380425332512,-0.2542445707523956,0.03465556493588449
1443.0,57.72,2.0,-29.233561851082662,9.182725521746093,-29.233561851082662,9.182725521746093,5.075332721005087,-0.3199457216364025,0.03965979547873677
1444.0,57.76,1.0,-29.19876929700837,9.277480598189555,-29.19876929700837,9.277480598189555,5.077339927881175,-0.38564687252040936,0.044664026021589046
1445.0,57.800000000000004,0.0,-29.162195891768597,9.375752502183403,-29.162195891768597,9.375752502183403,5.079764710081667,-0.4495791036743241,0.049336210970273686
1446.0,57.84,1.0,-29.125379754496436,9.47053517805685,-29.125379754496436,9.47053517805685,5.0820708704012585,-0.5241543575823195,0.05391981652721458
1447.0,57.88,1.0,-29.087775633053315,9.566406623309003,-29.087775633053315,9.566406623309003,5.084422203276266,-0.5987296114903149,0.05850342208415549
1448.0,57.92,0.0,-29.046272988248226,9.666272280622408,-29.046272988248226,9.666272280622408,5.086662044988882,-0.6706944949149838,0.06315957612778061
1449.0,57.96,0.0,-29.00634991766608,9.76288865224401,-29.00634991766608,9.76288865224401,5.088890602799905,-0.7406796298759757,0.06772979497214655
1450.0,58.0,1.0,-28.9650280362857,9.861690797697381,-28.9650280362857,9.861690797697381,5.090847676157429,-0.8100413006922309,0.07231826495309454
1451.0,58.04,0.0,-28.92628767161151,9.961006095140688,-28.92628767161151,9.961006095140688,5.0933465096495985,-0.8266940615926075,0.07464240995067115
1452.0,58.08,0.0,-28.887576467372845,10.059514851984078,-28.887576467372845,10.059514851984078,5.095988158089418,-0.8433468224929841,0.07696655494824772
1453.0,58.120000000000005,0.0,-28.848885563129677,10.157211861766353,-28.848885563129677,10.157211861766353,5.098772621476888,-0.8599995833933608,0.07929069994582431
1454.0,58.160000000000004,1.0,-28.810206159382915,10.254091792591883,-28.810206159382915,10.254091792591883,5.10169989981201,-0.8766523442937375,0.0816148449434009
1455.0,58.2,0.0,-28.770520140799857,10.352828667606092,-28.770520140799857,10.352828667606092,5.10678733593808,-0.8705839621948959,0.08049764085505123
1456.0,58.24,0.0,-28.730355100131938,10.45153653673048,-28.730355100131938,10.45153653673048,5.111879933048362,-0.8782920120463922,0.0785321847808426
1457.0,58.28,1.0,-28.688848154052767,10.550233218016976,-28.688848154052767,10.550233218016976,5.11708054118841,-0.8846939356300989,0.07678502161499343
1458.0,58.32,0.0,-28.646429541344588,10.649607577560142,-28.646429541344588,10.649607577560142,5.122481201634391,-0.8885029645637245,0.07497882195874775
1459.0,58.36,1.0,-28.60195438217442,10.751369611147824,-28.60195438217442,10.751369611147824,5.127953169281437,-0.8749788326427937,0.07212011951774976
1460.0,58.4,0.0,-28.55702525986765,10.852924061897236,-28.55702525986765,10.852924061897236,5.133523195600092,-0.8614547007218633,0.06926141707675179
1461.0,58.44,0.0,-28.51175520762257,10.953054539181121,-28.51175520762257,10.953054539181121,5.13934642030174,-0.8496014818153158,0.06636508649022757
1462.0,58.480000000000004,0.0,-28.46392776935381,11.057898641948807,-28.46392776935381,11.057898641948807,5.145368334454652,-0.8005530918316855,0.0636850009449519
1463.0,58.52,0.0,-28.416213200222852,11.161074824369061,-28.416213200222852,11.161074824369061,5.151478152351703,-0.7515047018480554,0.061004915399676195
1464.0,58.56,0.0,-28.368603612431382,11.262575116809185,-28.368603612431382,11.262575116809185,5.1576758739928925,-0.7024563118644251,0.05832482985440052
1465.0,58.6,0.0,-28.318823942728763,11.372005728929233,-28.318823942728763,11.372005728929233,5.1615965069779675,-0.6113575270889854,0.0558203857984597
1466.0,58.64,0.0,-28.26802049613652,11.485752527811087,-28.26802049613652,11.485752527811087,5.165049456351383,-0.5074783278015526,0.054702946483395985
1467.0,58.68,0.0,-28.216999384098916,11.59896732236395,-28.216999384098916,11.59896732236395,5.168541854938876,-0.4035991285141199,0.053585507168332255
1468.0,58.72,0.0,-28.168856148714365,11.708734543274328,-28.168856148714365,11.708734543274328,5.172230366458251,-0.3023302997100135,0.052395519366584306
1469.0,58.76,0.0,-28.12031383856111,11.818751473159384,-28.12031383856111,11.818751473159384,5.176276339817874,-0.21919080012980158,0.05168785176431936
1470.0,58.800000000000004,0.0,-28.069115227783918,11.926464352341132,-28.069115227783918,11.926464352341132,5.179347138935277,-0.12992917792702868,0.05151556064767567
1471.0,58.84,0.0,-28.01479243826653,12.033416272025438,-28.01479243826653,12.033416272025438,5.181954509982649,-0.09337646564013441,0.05360759451440341
1472.0,58.88,0.0,-27.959888802762613,12.140919023443029,-27.959888802762613,12.140919023443029,5.184497398146983,-0.05682375335324015,0.05569962838113116
1473.0,58.92,0.0,-27.90351004542929,12.24638885422777,-27.90351004542929,12.24638885422777,5.1870749527389615,-0.014816478994804094,0.059247215891558805
1474.0,58.96,1.0,-27.836746136472634,12.365038542776814,-27.836746136472634,12.365038542776814,5.179343421774364,0.06845600544777099,0.04742804421124391
1475.0,59.0,0.0,-27.77032204519511,12.48300621293364,-27.77032204519511,12.48300621293364,5.172220300440108,0.15172848989034607,0.035608872530929
1476.0,59.04,0.0,-27.70420996512455,12.600283978817881,-27.70420996512455,12.600283978817881,5.1657055887361905,0.23500097433292116,0.0237897008506141
1477.0,59.08,0.0,-27.63838227528051,12.716863152588036,-27.63838227528051,12.716863152588036,5.159799286662613,0.3182734587754962,0.011970529170299197
1478.0,59.120000000000005,1.0,-27.572811559619375,12.832734247976001,-27.572811559619375,12.832734247976001,5.154501394219375,0.40154594321807136,0.00015135748998429537
1479.0,59.160000000000004,0.0,-27.507470626405542,12.947886984301416,-27.507470626405542,12.947886984301416,5.149811911406478,0.48481842766064637,-0.011667814190330607
1480.0,59.2,0.0,-27.442332527496387,13.062310290964092,-27.442332527496387,13.062310290964092,5.145730838223921,0.5680909121032214,-0.02348698587064551
1481.0,59.24,0.0,-27.378962458146354,13.172476245861708,-27.378962458146354,13.172476245861708,5.138897486590396,0.6411413335490959,-0.04418041666708333
1482.0,59.28,1.0,-27.315983492290975,13.288423052987563,-27.315983492290975,13.288423052987563,5.129245390872049,0.7138198648882952,-0.0638395439432339
1483.0,59.32,0.0,-27.25386357488701,13.403549331800772,-27.25386357488701,13.403549331800772,5.119805362278585,0.7864983962274945,-0.0834986712193845
1484.0,59.36,0.0,-27.192616924427604,13.517871301824664,-27.192616924427604,13.517871301824664,5.110577400810006,0.8591769275666937,-0.10315779849553508
1485.0,59.4,0.0,-27.140426220028353,13.617448491722453,-27.140426220028353,13.617448491722453,5.102817037609068,0.8860029266221652,-0.12385933108925251
1486.0,59.44,0.0,-27.08702888130449,13.719145406738452,-27.08702888130449,13.719145406738452,5.094182104896918,0.9099089346685139,-0.14640653711291327
1487.0,59.480000000000004,0.0,-27.035221871215974,13.81847200197844,-27.035221871215974,13.81847200197844,5.085791370034145,0.9338149427148625,-0.16895374313657405
1488.0,59.52,0.0,-26.985168618398774,13.914547777187886,-26.985168618398774,13.914547777187886,5.077615509812871,0.9553158814271254,-0.19210142064830174
1489.0,59.56,0.0,-26.934710664295846,14.012049785430204,-26.934710664295846,14.012049785430204,5.069228743132402,0.9912520982019238,-0.21549113752664847
1490.0,59.6,1.0,-26.88909239115751,14.109587459509427,-26.88909239115751,14.109587459509427,5.0621202171950115,1.02723432639251,-0.2307753555479533
1491.0,59.64,0.0,-26.83808666033239,14.206524387199153,-26.83808666033239,14.206524387199153,5.058231049355887,1.0202620866637768,-0.2378950619806864
1492.0,59.68,0.0,-26.787440748484784,14.303713292904984,-26.787440748484784,14.303713292904984,5.054574479099982,1.0132898469350433,-0.24501476841341954
1493.0,59.72,0.0,-26.738024963864156,14.403728590918448,-26.738024963864156,14.403728590918448,5.051051357116615,1.000863045134768,-0.25359002848985257
1494.0,59.76,1.0,-26.698725511945707,14.491347811478267,-26.698725511945707,14.491347811478267,5.0580054353900055,0.9471710332503538,-0.24679852937554309
1495.0,59.800000000000004,0.0,-26.658793746947083,14.580422787970127,-26.658793746947083,14.580422787970127,5.064519218733238,0.8934790213659396,-0.24000703026123352
1496.0,59.84,0.0,-26.618233951239894,14.67095101403648,-26.618233951239894,14.67095101403648,5.070592707146314,0.8397870094815254,-0.233215531146924
1497.0,59.88,1.0,-26.577050378599363,14.762930437809933,-26.577050378599363,14.762930437809933,5.076225900629233,0.786094997597111,-0.22642403203261446
1498.0,59.92,1.0,-26.53524723925009,14.856359460431062,-26.53524723925009,14.856359460431062,5.081418799181995,0.7324029857126966,-0.21963253291830495
1499.0,59.96,2.0,-26.49282868495993,14.951236934142225,-26.49282868495993,14.951236934142225,5.086171402804597,0.6787109738282824,-0.21284103380399538
1500.0,60.0,2.0,-26.449798794193544,15.04756215995896,-26.449798794193544,15.04756215995896,5.090483711497043,0.6250189619438682,-0.20604953468968593
1501.0,60.04,2.0,-26.404569676719625,15.14885095147124,-26.404569676719625,15.14885095147124,5.097716413340639,0.5815490130561546,-0.19038377645925347
1502.0,60.08,2.0,-26.358495742710357,15.245052659519638,-26.358495742710357,15.245052659519638,5.107935973969239,0.538450954275116,-0.17575232174910826
1503.0,60.120000000000005,2.0,-26.311086714756147,15.34275588515356,-26.311086714756147,15.34275588515356,5.118111582173138,0.49535289549407757,-0.16112086703896306
1504.0,60.160000000000004,2.0,-26.26230622967612,15.441931297415502,-26.26230622967612,15.441931297415502,5.128243237952336,0.45225483671303895,-0.14648941232881785
1505.0,60.2,2.0,-26.207404700841476,15.544006955435568,-26.207404700841476,15.544006955435568,5.139077738443435,0.41118999569382686,-0.13065914819627306
1506.0,60.24,2.0,-26.15393120360498,15.642716387381757,-26.15393120360498,15.642716387381757,5.151684043586139,0.37090775392582487,-0.11428163598291823
1507.0,60.28,2.0,-26.10023486881446,15.740468876352532,-26.10023486881446,15.740468876352532,5.168073176031292,0.32478027309389074,-0.09182851829945843
1508.0,60.32,2.0,-26.04423881757508,15.84040789974643,-26.04423881757508,15.84040789974643,5.184230717494485,0.2810578615960423,-0.06877492912793168
1509.0,60.36,2.0,-25.985894601140764,15.941392312334822,-25.985894601140764,15.941392312334822,5.200320892907249,0.2390497527958758,-0.04587568559000969
1510.0,60.4,2.0,-25.92518777340038,16.041920976559695,-25.92518777340038,16.041920976559695,5.21644739170168,0.19025004581262364,-0.03163556853133301
1511.0,60.44,2.0,-25.868827436286068,16.142749333502472,-25.868827436286068,16.142749333502472,5.2293441057622605,0.18440480674869134,-0.025559963061228003
1512.0,60.480000000000004,2.0,-25.811069837722716,16.24302196220679,-25.811069837722716,16.24302196220679,5.241997795604037,0.17855956768475897,-0.019484357591123
1513.0,60.52,2.0,-25.75194239621033,16.34274271392203,-25.75194239621033,16.34274271392203,5.25440846122701,0.17271432862082667,-0.013408752121017992
1514.0,60.56,2.0,-25.691472416412513,16.441915824006173,-25.691472416412513,16.441915824006173,5.266576102631179,0.16686908955689433,-0.007333146650912984
1515.0,60.6,2.0,-25.62968708436323,16.54054591025116,-25.62968708436323,16.54054591025116,5.2785007198165435,0.16102385049296203,-0.0012575411808079765
1516.0,60.64,2.0,-25.568515970376033,16.636116277779315,-25.568515970376033,16.636116277779315,5.2881851788381535,0.15540364846685367,0.008733732675083618
1517.0,60.68,2.0,-25.50628827448231,16.73130198962895,-25.50628827448231,16.73130198962895,5.297783240376392,0.14978344644074532,0.018725006530975214
1518.0,60.72,2.0,-25.443845882580465,16.823790641125715,-25.443845882580465,16.823790641125715,5.306639619964825,0.14416861180688195,0.028833938123997517
1519.0,60.76,2.0,-25.380750268755005,16.91646437951848,-25.380750268755005,16.91646437951848,5.315074274586072,0.13856255894924616,0.03897782286962849
1520.0,60.800000000000004,2.0,-25.316437033537852,17.008164902787293,-25.316437033537852,17.008164902787293,5.323527215859871,0.13020007746428874,0.04308535529118765
1521.0,60.84,2.0,-25.25125569291439,17.099437998849684,-25.25125569291439,17.099437998849684,5.331658409992926,0.12183759597933133,0.04719288771274681
1522.0,60.88,2.0,-25.18523989897421,17.19029840858128,-25.18523989897421,17.19029840858128,5.339467856985233,0.1134751144943739,0.05130042013430597
1523.0,60.92,2.0,-25.11842306406699,17.280761335440964,-25.11842306406699,17.280761335440964,5.346955556836795,0.10511263300941645,0.05540795255586513
1524.0,60.96,2.0,-25.05083835531226,17.37084244250529,-25.05083835531226,17.37084244250529,5.354121509547611,0.09675015152445904,0.059515484977424295
1525.0,61.0,1.0,-24.982518689144282,17.460557849439162,-24.982518689144282,17.460557849439162,5.360965715117681,0.08838767003950161,0.06362301739898345
1526.0,61.04,0.0,-24.913496725892873,17.549924129403053,-24.913496725892873,17.549924129403053,5.367488173547005,0.08002518855454419,0.06773054982054261
1527.0,61.08,1.0,-24.842369113352877,17.641286666836212,-24.842369113352877,17.641286666836212,5.369888167562095,0.07750794613351908,0.06576247677199677
1528.0,61.120000000000005,1.0,-24.771067921224738,17.732387051441826,-24.771067921224738,17.732387051441826,5.3722094386552435,0.07499070371249397,0.06379440372345092
1529.0,61.160000000000004,2.0,-24.69960255442242,17.823230041998265,-24.69960255442242,17.823230041998265,5.3744519868264495,0.07247346129146888,0.061826330674905075
1530.0,61.2,2.0,-24.627982352865928,17.913820506248925,-24.627982352865928,17.913820506248925,5.376615812075714,0.06995621887044377,0.059858257626359226
1531.0,61.24,2.0,-24.556216590461343,18.00416342026431,-24.556216590461343,18.00416342026431,5.378700914403038,0.06743897644941868,0.057890184577813385
1532.0,61.28,2.0,-24.484314474086517,18.094263867795313,-24.484314474086517,18.094263867795313,5.380707293808419,0.06492173402839357,0.055922111529267536
1533.0,61.32,2.0,-24.41228514258241,18.184127039617834,-24.41228514258241,18.184127039617834,5.382634950291857,0.062404491607368474,0.05395403848072169
1534.0,61.36,2.0,-24.340137665750184,18.273758232868694,-24.340137665750184,18.273758232868694,5.384483883853354,0.059887249186343375,0.05198596543217584
1535.0,61.4,2.0,-24.26788104335416,18.36316285037293,-24.26788104335416,18.36316285037293,5.3862540944929105,0.05737000676531827,0.05001789238362999
1536.0,61.44,2.0,-24.193621696450425,18.454868093332756,-24.193621696450425,18.454868093332756,5.389942716155472,0.054627727306469184,0.044134150949297554
1537.0,61.480000000000004,2.0,-24.11906621621538,18.546209888260414,-24.11906621621538,18.546209888260414,5.393395988160663,0.0518854478476201,0.038250409514965125
1538.0,61.52,2.0,-24.04340830209291,18.63951211005873,-24.04340830209291,18.63951211005873,5.3972691949749105,0.04913780099652602,0.032249010343501985
1539.0,61.56,2.0,-23.967121853802254,18.731904559770882,-23.967121853802254,18.731904559770882,5.4012423796156,0.046381372369204366,0.02621265801943017
1540.0,61.6,2.0,-23.89080642743477,18.824557963092243,-23.89080642743477,18.824557963092243,5.40487553046299,0.046381372369204366,0.02621265801943017
1541.0,61.64,2.0,-23.814147440838024,18.916939428418395,-23.814147440838024,18.916939428418395,5.408508681310379,0.046381372369204366,0.02621265801943017
1542.0,61.68,2.0,-23.73714594738796,19.009047581013704,-23.73714594738796,19.009047581013704,5.412141832157769,0.046381372369204366,0.02621265801943017
1543.0,61.72,2.0,-23.65980300628942,19.100881050510676,-23.65980300628942,19.100881050510676,5.415774983005158,0.046381372369204366,0.02621265801943017
1544.0,61.76,2.0,-23.58211968255717,19.192438470935677,-23.58211968255717,19.192438470935677,5.4194081338525475,0.046381372369204366,0.02621265801943017
1545.0,61.800000000000004,2.0,-23.504097046996723,19.283718480734514,-23.504097046996723,19.283718480734514,5.423041284699936,0.046381372369204366,0.02621265801943017
1546.0,61.84,2.0,-23.425736176185133,19.374719722798,-23.425736176185133,19.374719722798,5.426674435547326,0.046381372369204366,0.02621265801943017
1547.0,61.88,2.0,-23.347038152451592,19.465440844487404,-23.347038152451592,19.465440844487404,5.430307586394717,0.046381372369204366,0.02621265801943017
1548.0,61.92,2.0,-23.26800406385798,19.55588049765977,-23.26800406385798,19.55588049765977,5.433940737242105,0.046381372369204366,0.02621265801943017
1549.0,61.96,2.0,-23.188635004179254,19.646037338693237,-23.188635004179254,19.646037338693237,5.437573888089495,0.046381372369204366,0.02621265801943017
1550.0,62.0,2.0,-23.108932072883746,19.735910028512176,-23.108932072883746,19.735910028512176,5.441207038936884,0.046381372369204366,0.02621265801943017
1551.0,62.04,2.0,-23.028896375113348,19.82549723261233,-23.028896375113348,19.82549723261233,5.444840189784274,0.046381372369204366,0.02621265801943017
1552.0,62.08,2.0,-22.94852902166356,19.914797621085786,-22.94852902166356,19.914797621085786,5.448473340631663,0.046381372369204366,0.02621265801943017
1553.0,62.120000000000005,2.0,-22.86783112896346,20.003809868645895,-22.86783112896346,20.003809868645895,5.452106491479053,0.046381372369204366,0.02621265801943017
1554.0,62.160000000000004,2.0,-22.786803819055535,20.09253265465211,-22.786803819055535,20.09253265465211,5.455739642326442,0.046381372369204366,0.02621265801943017
1555.0,62.2,2.0,-22.705448219575402,20.180964663134723,-22.705448219575402,20.180964663134723,5.459372793173832,0.046381372369204366,0.02621265801943017
1556.0,62.24,2.0,-22.623765463731438,20.269104582819477,-22.623765463731438,20.269104582819477,5.463005944021221,0.046381372369204366,0.02621265801943017
1557.0,62.28,2.0,-22.541756690284277,20.356951107152174,-22.541756690284277,20.356951107152174,5.4666390948686105,0.046381372369204366,0.02621265801943017
1558.0,62.32,2.0,-22.459423043526193,20.444502934323076,-22.459423043526193,20.444502934323076,5.470272245716,0.046381372369204366,0.02621265801943017
1559.0,62.36,2.0,-22.376765673260415,20.5317587672913,-22.376765673260415,20.5317587672913,5.4739053965633895,0.046381372369204366,0.02621265801943017
1560.0,62.4,2.0,-22.293785734780247,20.618717313809107,-22.293785734780247,20.618717313809107,5.477538547410779,0.046381372369204366,0.02621265801943017
1561.0,62.440000000000005,2.0,-22.21048438884819,20.70537728644605,-22.21048438884819,20.70537728644605,5.4811716982581675,0.046381372369204366,0.02621265801943017
1562.0,62.480000000000004,2.0,-22.126862801674854,20.791737402613084,-22.126862801674854,20.791737402613084,5.484804849105558,0.046381372369204366,0.02621265801943017
1563.0,62.52,2.0,-22.042922144897826,20.877796384586535,-22.042922144897826,20.877796384586535,5.488437999952948,0.046381372369204366,0.02621265801943017
1564.0,62.56,2.0,-21.95866359556039,20.963552959532016,-21.95866359556039,20.963552959532016,5.492071150800337,0.046381372369204366,0.02621265801943017
1565.0,62.6,2.0,-21.874088336090175,21.04900585952823,-21.874088336090175,21.04900585952823,5.495704301647726,0.046381372369204366,0.02621265801943017
1566.0,62.64,2.0,-21.789197554277656,21.134153821590644,-21.789197554277656,21.134153821590644,5.499337452495116,0.046381372369204366,0.02621265801943017
1567.0,62.68,2.0,-21.703992443254588,21.218995587695133,-21.703992443254588,21.218995587695133,5.502970603342505,0.046381372369204366,0.02621265801943017
1568.0,62.72,2.0,-21.618474201472303,21.30352990480146,-21.618474201472303,21.30352990480146,5.506603754189895,0.046381372369204366,0.02621265801943017
1569.0,62.76,2.0,-21.532644032679915,21.38775552487671,-21.532644032679915,21.38775552487671,5.510236905037284,0.046381372369204366,0.02621265801943017
1570.0,62.800000000000004,2.0,-21.44650314590242,21.471671204918593,-21.44650314590242,21.471671204918593,5.513870055884674,0.046381372369204366,0.02621265801943017
1571.0,62.84,2.0,-21.360052755418675,21.555275706978655,-21.360052755418675,21.555275706978655,5.517503206732063,0.046381372369204366,0.02621265801943017
1572.0,62.88,2.0,-21.2732940807393,21.638567798185402,-21.2732940807393,21.638567798185402,5.5211363575794525,0.046381372369204366,0.02621265801943017
1573.0,62.92,2.0,-21.18622834658446,21.721546250767332,-21.18622834658446,21.721546250767332,5.524769508426842,0.046381372369204366,0.02621265801943017
1574.0,62.96,2.0,-21.098856782861514,21.804209842075814,-21.098856782861514,21.804209842075814,5.5284026592742315,0.046381372369204366,0.02621265801943017
1575.0,63.0,2.0,-21.01118062464264,21.886557354607927,-21.01118062464264,21.886557354607927,5.532035810121621,0.046381372369204366,0.02621265801943017
1576.0,63.04,2.0,-20.923201112142255,21.968587576029194,-20.923201112142255,21.968587576029194,5.53566896096901,0.046381372369204366,0.02621265801943017
1577.0,63.08,2.0,-20.83491949069443,22.050299299196144,-20.83491949069443,22.050299299196144,5.539302111816399,0.046381372369204366,0.02621265801943017
1578.0,63.120000000000005,2.0,-20.74633701073012,22.13169132217887,-20.74633701073012,22.13169132217887,5.542935262663789,0.046381372369204366,0.02621265801943017
1579.0,63.160000000000004,2.0,-20.65745492775435,22.21276244828342,-20.65745492775435,22.21276244828342,5.54656841351118,0.046381372369204366,0.02621265801943017
1580.0,63.2,2.0,-20.5682745023233,22.29351148607411,-20.5682745023233,22.29351148607411,5.550201564358568,0.046381372369204366,0.02621265801943017
1581.0,63.24,2.0,-20.478797000021206,22.373937249395706,-20.478797000021206,22.373937249395706,5.553834715205958,0.046381372369204366,0.02621265801943017
1582.0,63.28,2.0,-20.38902369143729,22.454038557395545,-20.38902369143729,22.454038557395545,5.557467866053347,0.046381372369204366,0.02621265801943017
1583.0,63.32,2.0,-20.298955852142505,22.533814234545527,-20.298955852142505,22.533814234545527,5.561101016900737,0.046381372369204366,0.02621265801943017
1584.0,63.36,2.0,-20.208594762666166,22.613263110663993,-20.208594762666166,22.613263110663993,5.564734167748126,0.046381372369204366,0.02621265801943017
1585.0,63.4,2.0,-20.117941708472575,22.692384020937517,-20.117941708472575,22.692384020937517,5.568367318595516,0.046381372369204366,0.02621265801943017
1586.0,63.440000000000005,2.0,-20.02699797993744,22.771175805942583,-20.02699797993744,22.771175805942583,5.572000469442905,0.046381372369204366,0.02621265801943017
1587.0,63.480000000000004,2.0,-19.935764872324278,22.849637311667163,-19.935764872324278,22.849637311667163,5.5756336202902945,0.046381372369204366,0.02621265801943017
1588.0,63.52,2.0,-19.84424368576067,22.92776738953217,-19.84424368576067,22.92776738953217,5.579266771137684,0.046381372369204366,0.02621265801943017
1589.0,63.56,2.0,-19.752435725214447,23.005564896412835,-19.752435725214447,23.005564896412835,5.5828999219850735,0.046381372369204366,0.02621265801943017
1590.0,63.6,2.0,-19.660342300469768,23.08302869465994,-19.660342300469768,23.08302869465994,5.586533072832463,0.046381372369204366,0.02621265801943017
1591.0,63.64,2.0,-19.5679647261031,23.16015765212098,-19.5679647261031,23.16015765212098,5.590166223679852,0.046381372369204366,0.02621265801943017
1592.0,63.68,2.0,-19.47530432145912,23.236950642161183,-19.47530432145912,23.236950642161183,5.593799374527242,0.046381372369204366,0.02621265801943017
1593.0,63.72,2.0,-19.3823624106265,23.31340654368444,-19.3823624106265,23.31340654368444,5.59743252537463,0.046381372369204366,0.02621265801943017
1594.0,63.76,2.0,-19.28914032241361,23.389524241154135,-19.28914032241361,23.389524241154135,5.601065676222021,0.046381372369204366,0.02621265801943017
1595.0,63.800000000000004,2.0,-19.195639390324118,23.465302624613827,-19.195639390324118,23.465302624613827,5.604698827069411,0.046381372369204366,0.02621265801943017
1596.0,63.84,2.0,-19.101860952532533,23.540740589707884,-19.101860952532533,23.540740589707884,5.6083319779168,0.046381372369204366,0.02621265801943017
1597.0,63.88,2.0,-19.00780635185958,23.615837037701926,-19.00780635185958,23.615837037701926,5.611965128764189,0.046381372369204366,0.02621265801943017
1598.0,63.92,2.0,-18.913476935747564,23.690590875503247,-18.913476935747564,23.690590875503247,5.615598279611579,0.046381372369204366,0.02621265801943017
1599.0,63.96,2.0,-18.818874056235597,23.765001015681047,-18.818874056235597,23.765001015681047,5.619231430458968,0.046381372369204366,0.02621265801943017
1600.0,64.0,2.0,-18.723999069934738,23.839066376486592,-18.723999069934738,23.839066376486592,5.622864581306358,0.046381372369204366,0.02621265801943017
1601.0,64.04,2.0,-18.628853338003047,23.912785881873273,-18.628853338003047,23.912785881873273,5.626497732153747,0.046381372369204366,0.02621265801943017
1602.0,64.08,2.0,-18.53343822612057,23.986158461516503,-18.53343822612057,23.986158461516503,5.6301308830011365,0.046381372369204366,0.02621265801943017
1603.0,64.12,2.0,-18.437755104464184,24.05918305083356,-18.437755104464184,24.05918305083356,5.633764033848526,0.046381372369204366,0.02621265801943017
1604.0,64.16,2.0,-18.341805347682413,24.131858591003287,-18.341805347682413,24.131858591003287,5.637397184695915,0.046381372369204366,0.02621265801943017
1605.0,64.2,2.0,-18.245590334870098,24.204184028985644,-18.245590334870098,24.204184028985644,5.641030335543305,0.046381372369204366,0.02621265801943017
1606.0,64.24,2.0,-18.149111449543025,24.27615831754125,-18.149111449543025,24.27615831754125,5.644663486390694,0.046381372369204366,0.02621265801943017
1607.0,64.28,2.0,-18.052370079612437,24.34778041525066,-18.052370079612437,24.34778041525066,5.648296637238084,0.046381372369204366,0.02621265801943017
1608.0,64.32000000000001,2.0,-17.955367617359485,24.41904928653369,-17.955367617359485,24.41904928653369,5.651929788085473,0.046381372369204366,0.02621265801943017
1609.0,64.36,2.0,-17.85810545940954,24.48996390166848,-17.85810545940954,24.48996390166848,5.655562938932862,0.046381372369204366,0.02621265801943017
1610.0,64.4,2.0,-17.7605850067065,24.560523236810546,-17.7605850067065,24.560523236810546,5.659196089780252,0.046381372369204366,0.02621265801943017
1611.0,64.44,2.0,-17.66280766448693,24.63072627401167,-17.66280766448693,24.63072627401167,5.662829240627643,0.046381372369204366,0.02621265801943017
1612.0,64.48,2.0,-17.564774842254177,24.700572001238665,-17.564774842254177,24.700572001238665,5.666462391475031,0.046381372369204366,0.02621265801943017
1613.0,64.52,2.0,-17.466487953752367,24.77005941239206,-17.466487953752367,24.77005941239206,5.670095542322421,0.046381372369204366,0.02621265801943017
1614.0,64.56,2.0,-17.367948416940326,24.83918750732462,-17.367948416940326,24.83918750732462,5.67372869316981,0.046381372369204366,0.02621265801943017
1615.0,64.6,2.0,-17.26915765396543,24.907955291859807,-17.26915765396543,24.907955291859807,5.6773618440172,0.046381372369204366,0.02621265801943017
1616.0,64.64,2.0,-17.170117091137342,24.976361777810062,-17.170117091137342,24.976361777810062,5.680994994864589,0.046381372369204366,0.02621265801943017
1617.0,64.68,2.0,-17.07082815890173,25.044405982995,-17.07082815890173,25.044405982995,5.6846281457119785,0.046381372369204366,0.02621265801943017
1618.0,64.72,2.0,-16.971292291813796,25.112086931259505,-16.971292291813796,25.112086931259505,5.688261296559368,0.046381372369204366,0.02621265801943017
1619.0,64.76,2.0,-16.871510928511853,25.179403652491665,-16.871510928511853,25.179403652491665,5.691894447406757,0.046381372369204366,0.02621265801943017
1620.0,64.8,2.0,-16.771485511690706,25.246355182640592,-16.771485511690706,25.246355182640592,5.695527598254147,0.046381372369204366,0.02621265801943017
1621.0,64.84,2.0,-16.671217488075037,25.312940563734163,-16.671217488075037,25.312940563734163,5.699160749101536,0.046381372369204366,0.02621265801943017
1622.0,64.88,2.0,-16.570708308392653,25.37915884389661,-16.570708308392653,25.37915884389661,5.702793899948926,0.046381372369204366,0.02621265801943017
1623.0,64.92,2.0,-16.469959427347703,25.445009077365974,-16.469959427347703,25.445009077365974,5.706427050796315,0.046381372369204366,0.02621265801943017
1624.0,64.96000000000001,2.0,-16.368972303593775,25.510490324511462,-16.368972303593775,25.510490324511462,5.710060201643705,0.046381372369204366,0.02621265801943017
1625.0,65.0,2.0,-16.26774839970693,25.5756016518507,-16.26774839970693,25.5756016518507,5.713693352491093,0.046381372369204366,0.02621265801943017
1626.0,65.04,2.0,-16.166289182158682,25.64034213206681,-16.166289182158682,25.64034213206681,5.717326503338484,0.046381372369204366,0.02621265801943017
1627.0,65.08,2.0,-16.06459612128885,25.704710844025406,-16.06459612128885,25.704710844025406,5.720959654185874,0.046381372369204366,0.02621265801943017
1628.0,65.12,2.0,-15.9626706912784,25.768706872791483,-15.9626706912784,25.768706872791483,5.724592805033263,0.046381372369204366,0.02621265801943017
1629.0,65.16,2.0,-15.860514370122146,25.832329309646106,-15.860514370122146,25.832329309646106,5.728225955880652,0.046381372369204366,0.02621265801943017
1630.0,65.2,2.0,-15.75812863960142,25.895577252103077,-15.75812863960142,25.895577252103077,5.7318591067280416,0.046381372369204366,0.02621265801943017
1631.0,65.24,2.0,-15.65551498525665,25.958449803925408,-15.65551498525665,25.958449803925408,5.735492257575431,0.046381372369204366,0.02621265801943017
1632.0,65.28,2.0,-15.552674896359875,26.020946075141683,-15.552674896359875,26.020946075141683,5.7391254084228205,0.046381372369204366,0.02621265801943017
1633.0,65.32000000000001,2.0,-15.449609865887163,26.08306518206232,-15.449609865887163,26.08306518206232,5.74275855927021,0.046381372369204366,0.02621265801943017
1634.0,65.36,2.0,-15.346321390490989,26.14480624729568,-15.346321390490989,26.14480624729568,5.746391710117599,0.046381372369204366,0.02621265801943017
1635.0,65.4,2.0,-15.242810970472513,26.206168399764085,-15.242810970472513,26.206168399764085,5.750024860964989,0.046381372369204366,0.02621265801943017
1636.0,65.44,2.0,-15.139080109753802,26.267150774719642,-15.139080109753802,26.267150774719642,5.753658011812378,0.046381372369204366,0.02621265801943017
1637.0,65.48,2.0,-15.035130315849974,26.32775251376005,-15.035130315849974,26.32775251376005,5.757291162659768,0.046381372369204366,0.02621265801943017
1638.0,65.52,2.0,-14.930963099841284,26.38797276484417,-14.930963099841284,26.38797276484417,5.760924313507157,0.046381372369204366,0.02621265801943017
1639.0,65.56,2.0,-14.826579976345107,26.447810682307555,-14.826579976345107,26.447810682307555,5.764557464354547,0.046381372369204366,0.02621265801943017
1640.0,65.6,2.0,-14.721982463487905,26.507265426877787,-14.721982463487905,26.507265426877787,5.768190615201936,0.046381372369204366,0.02621265801943017
1641.0,65.64,2.0,-14.617172082877067,26.566336165689727,-14.617172082877067,26.566336165689727,5.771823766049325,0.046381372369204366,0.02621265801943017
1642.0,65.68,2.0,-14.512150359572733,26.62502207230064,-14.512150359572733,26.62502207230064,5.775456916896715,0.046381372369204366,0.02621265801943017
1643.0,65.72,2.0,-14.406918822059499,26.683322326705184,-14.406918822059499,26.683322326705184,5.7790900677441055,0.046381372369204366,0.02621265801943017
1644.0,65.76,2.0,-14.30147900221811,26.741236115350222,-14.30147900221811,26.741236115350222,5.782723218591494,0.046381372369204366,0.02621265801943017
1645.0,65.8,2.0,-14.195832435297046,26.79876263114962,-14.195832435297046,26.79876263114962,5.7863563694388835,0.046381372369204366,0.02621265801943017
1646.0,65.84,2.0,-14.089980659884054,26.855901073498803,-14.089980659884054,26.855901073498803,5.789989520286273,0.046381372369204366,0.02621265801943017
1647.0,65.88,2.0,-13.983925217877609,26.91265064828923,-13.983925217877609,26.91265064828923,5.7936226711336625,0.046381372369204366,0.02621265801943017
1648.0,65.92,2.0,-13.87766765445834,26.969010567922748,-13.87766765445834,26.969010567922748,5.797255821981052,0.046381372369204366,0.02621265801943017
1649.0,65.96000000000001,2.0,-13.771209518060349,27.024980051325834,-13.771209518060349,27.024980051325834,5.800888972828441,0.046381372369204366,0.02621265801943017
1650.0,66.0,2.0,-13.664552360342487,27.08055832396361,-13.664552360342487,27.08055832396361,5.804522123675831,0.046381372369204366,0.02621265801943017
1651.0,66.04,2.0,-13.557697736159577,27.13574461785388,-13.557697736159577,27.13574461785388,5.80815527452322,0.046381372369204366,0.02621265801943017
1652.0,66.08,2.0,-13.450647203533567,27.19053817158088,-13.450647203533567,27.19053817158088,5.81178842537061,0.046381372369204366,0.02621265801943017
1653.0,66.12,2.0,-13.343402323624593,27.24493823030904,-13.343402323624593,27.24493823030904,5.815421576217999,0.046381372369204366,0.02621265801943017
1654.0,66.16,2.0,-13.235964660702049,27.298944045796485,-13.235964660702049,27.298944045796485,5.819054727065389,0.046381372369204366,0.02621265801943017
1655.0,66.2,2.0,-13.12833578211551,27.35255487640854,-13.12833578211551,27.35255487640854,5.822687877912778,0.046381372369204366,0.02621265801943017
1656.0,66.24,2.0,-13.020517258265679,27.405769987130952,-13.020517258265679,27.405769987130952,5.826321028760168,0.046381372369204366,0.02621265801943017
1657.0,66.28,2.0,-12.912510662575201,27.458588649583117,-12.912510662575201,27.458588649583117,5.829954179607556,0.046381372369204366,0.02621265801943017
1658.0,66.32000000000001,2.0,-12.804317571459478,27.511010142031108,-12.804317571459478,27.511010142031108,5.833587330454947,0.046381372369204366,0.02621265801943017
1659.0,66.36,2.0,-12.695939564297392,27.563033749400567,-12.695939564297392,27.563033749400567,5.837220481302337,0.046381372369204366,0.02621265801943017
1660.0,66.4,2.0,-12.587378223401972,27.614658763289487,-12.587378223401972,27.614658763289487,5.8408536321497255,0.046381372369204366,0.02621265801943017
1661.0,66.44,2.0,-12.47863513399102,27.66588448198086,-12.47863513399102,27.66588448198086,5.844486782997115,0.046381372369204366,0.02621265801943017
1662.0,66.48,2.0,-12.369711884157672,27.716710210455183,-12.369711884157672,27.716710210455183,5.8481199338445045,0.046381372369204366,0.02621265801943017
1663.0,66.52,2.0,-12.2606100648409,27.767135260402807,-12.2606100648409,27.767135260402807,5.851753084691894,0.046381372369204366,0.02621265801943017
1664.0,66.56,2.0,-12.151331269795959,27.817158950236244,-12.151331269795959,27.817158950236244,5.855386235539283,0.046381372369204366,0.02621265801943017
1665.0,66.6,2.0,-12.041877095564796,27.866780605102207,-12.041877095564796,27.866780605102207,5.859019386386673,0.046381372369204366,0.02621265801943017
1666.0,66.64,2.0,-11.932249141446377,27.91599955689362,-11.932249141446377,27.91599955689362,5.862652537234062,0.046381372369204366,0.02621265801943017
1667.0,66.68,2.0,-11.822449009466984,27.964815144261458,-11.822449009466984,27.964815144261458,5.866285688081452,0.046381372369204366,0.02621265801943017
1668.0,66.72,2.0,-11.712478304350451,28.013226712626448,-11.712478304350451,28.013226712626448,5.869918838928841,0.046381372369204366,0.02621265801943017
1669.0,66.76,2.0,-11.602338633488355,28.061233614190634,-11.602338633488355,28.061233614190634,5.873551989776231,0.046381372369204366,0.02621265801943017
1670.0,66.8,2.0,-11.492031606910128,28.108835207948836,-11.492031606910128,28.108835207948836,5.87718514062362,0.046381372369204366,0.02621265801943017
1671.0,66.84,2.0,-11.381558837253163,28.15603085969993,-11.381558837253163,28.15603085969993,5.88081829147101,0.046381372369204366,0.02621265801943017
1672.0,66.88,2.0,-11.27092193973284,28.20281994205802,-11.27092193973284,28.20281994205802,5.884451442318399,0.046381372369204366,0.02621265801943017
1673.0,66.92,2.0,-11.1601225321125,28.2492018344635,-11.1601225321125,28.2492018344635,5.888084593165788,0.046381372369204366,0.02621265801943017
1674.0,66.96000000000001,2.0,-11.049162234673389,28.295175923193888,-11.049162234673389,28.295175923193888,5.891717744013178,0.046381372369204366,0.02621265801943017
1675.0,67.0,2.0,-10.93804267018454,28.340741601374635,-10.93804267018454,28.340741601374635,5.895350894860568,0.046381372369204366,0.02621265801943017
1676.0,67.04,2.0,-10.826765463872613,28.385898268989756,-10.826765463872613,28.385898268989756,5.898984045707957,0.046381372369204366,0.02621265801943017
1677.0,67.08,2.0,-10.715332243391682,28.43064533289229,-10.715332243391682,28.43064533289229,5.9026171965553464,0.046381372369204366,0.02621265801943017
1678.0,67.12,2.0,-10.60374463879299,28.474982206814634,-10.60374463879299,28.474982206814634,5.906250347402736,0.046381372369204366,0.02621265801943017
1679.0,67.16,2.0,-10.492004282494639,28.518908311378805,-10.492004282494639,28.518908311378805,5.909883498250125,0.046381372369204366,0.02621265801943017
1680.0,67.2,2.0,-10.380112809251248,28.562423074106505,-10.380112809251248,28.562423074106505,5.913516649097515,0.046381372369204366,0.02621265801943017
1681.0,67.24,2.0,-10.268071856123555,28.605525929429017,-10.268071856123555,28.605525929429017,5.917149799944904,0.046381372369204366,0.02621265801943017
1682.0,67.28,2.0,-10.155883062448002,28.648216318697088,-10.155883062448002,28.648216318697088,5.920782950792294,0.046381372369204366,0.02621265801943017
1683.0,67.32000000000001,2.0,-10.04354806980624,28.690493690190504,-10.04354806980624,28.690493690190504,5.924416101639683,0.046381372369204366,0.02621265801943017
1684.0,67.36,2.0,-9.93106852199462,28.732357499127687,-9.93106852199462,28.732357499127687,5.928049252487073,0.046381372369204366,0.02621265801943017
1685.0,67.4,2.0,-9.818446064993617,28.773807207675066,-9.818446064993617,28.773807207675066,5.931682403334462,0.046381372369204366,0.02621265801943017
1686.0,67.44,2.0,-9.705682346937248,28.814842284956285,-9.705682346937248,28.814842284956285,5.935315554181852,0.046381372369204366,0.02621265801943017
1687.0,67.48,2.0,-9.59277901808241,28.8554622070614,-9.59277901808241,28.8554622070614,5.938948705029241,0.046381372369204366,0.02621265801943017
1688.0,67.52,2.0,-9.479737730778208,28.89566645705578,-9.479737730778208,28.89566645705578,5.942581855876631,0.046381372369204366,0.02621265801943017
1689.0,67.56,2.0,-9.366560139435226,28.935454524988966,-9.366560139435226,28.935454524988966,5.946215006724019,0.046381372369204366,0.02621265801943017
1690.0,67.6,2.0,-9.253247900494767,28.97482590790339,-9.253247900494767,28.97482590790339,5.9498481575714095,0.046381372369204366,0.02621265801943017
1691.0,67.64,2.0,-9.13980267239805,29.013780109842894,-9.13980267239805,29.013780109842894,5.9534813084188,0.046381372369204366,0.02621265801943017
1692.0,67.68,2.0,-9.02622611555538,29.052316641861193,-9.02622611555538,29.052316641861193,5.957114459266188,0.046381372369204366,0.02621265801943017
1693.0,67.72,2.0,-8.912519892315268,29.0904350220301,-8.912519892315268,29.0904350220301,5.960747610113578,0.046381372369204366,0.02621265801943017
1694.0,67.76,2.0,-8.798685666933524,29.128134775447727,-8.798685666933524,29.128134775447727,5.964380760960967,0.046381372369204366,0.02621265801943017
1695.0,67.8,2.0,-8.684725105542302,29.165415434246437,-8.684725105542302,29.165415434246437,5.968013911808357,0.046381372369204366,0.02621265801943017
1696.0,67.84,2.0,-8.570639876119136,29.20227653760072,-8.570639876119136,29.20227653760072,5.971647062655746,0.046381372369204366,0.02621265801943017
1697.0,67.88,2.0,-8.456431648455908,29.23871763173492,-8.456431648455908,29.23871763173492,5.975280213503136,0.043036343318769064,0.02420634643161778
1698.0,67.92,2.0,-8.341973895041153,29.274777796325687,-8.341973895041153,29.274777796325687,5.978993616814038,0.03969131426833376,0.022200034843805387
1699.0,67.96000000000001,2.0,-8.22726463040411,29.310446975376657,-8.22726463040411,29.310446975376657,5.982787272588451,0.03634628521789847,0.020193723255992998
1700.0,68.0,2.0,-8.112301949524957,29.345715090082802,-8.112301949524957,29.345715090082802,5.986661180826379,0.03300125616746317,0.018187411668180605
1701.0,68.04,2.0,-7.997084027998275,29.38057203935363,-7.997084027998275,29.38057203935363,5.9906153415278185,0.029656227117027867,0.016181100080368216
1702.0,68.08,2.0,-7.881609122193323,29.41500770033745,-7.881609122193323,29.41500770033745,5.994649754692771,0.026311198066592566,0.014174788492555823
1703.0,68.12,2.0,-7.765875569411132,29.449011928946618,-7.765875569411132,29.449011928946618,5.998764420321235,0.022966169016157268,0.012168476904743434
1704.0,68.16,2.0,-7.649881788038405,29.482574560383807,-7.649881788038405,29.482574560383807,6.002959338413212,0.019621139965721967,0.010162165316931043
1705.0,68.2,2.0,-7.533626277698225,29.515685409669242,-7.533626277698225,29.515685409669242,6.007234508968701,0.01627611091528667,0.008155853729118654
1706.0,68.24,2.0,-7.417107619397569,29.548334272168937,-7.417107619397569,29.548334272168937,6.011589931987704,0.012931081864851368,0.006149542141306261
1707.0,68.28,2.0,-7.303349344026567,29.580130578807655,-7.303349344026567,29.580130578807655,6.013416544886989,0.010531321082829703,0.010121689318300034
1708.0,68.32000000000001,2.0,-7.423371337674183,29.46417206998334,-7.423371337674183,29.46417206998334,6.005456930062119,0.009059129448734427,0.014236746641221099
1709.0,68.36,2.0,-7.309136865986265,29.495603592128816,-7.309136865986265,29.495603592128816,6.0076561935873105,0.005988574013895453,0.011555618760624754
1710.0,68.4,2.0,-7.194671098313516,29.52682347025915,-7.194671098313516,29.52682347025915,6.009908716924302,0.0029180185790564804,0.00887449088002841
1711.0,68.44,2.0,-7.07997233931823,29.55782481955294,-7.07997233931823,29.55782481955294,6.012214500073095,-0.00015253685578249244,0.0061933629994320675
1712.0,68.48,2.0,-6.965038948226628,29.58860073790167,-6.965038948226628,29.58860073790167,6.01457354303369,-0.0032230922906214656,0.0035122351188357228
1713.0,68.52,2.0,-6.849869338949267,29.619144306272688,-6.849869338949267,29.619144306272688,6.0169858458060865,-0.0062936477254604386,0.0008311072382393786
1714.0,68.56,2.0,-6.734461980199176,29.649448589072847,-6.734461980199176,29.649448589072847,6.0194514083902835,-0.00936420316029941,-0.0018500206423569658
1715.0,68.60000000000001,2.0,-6.618815395607676,29.679506634513,-6.618815395607676,29.679506634513,6.021970230786282,-0.012434758595138384,-0.00453114852295331
1716.0,68.64,1.0,-6.50292816383792,29.709311474973152,-6.50292816383792,29.709311474973152,6.024542312994082,-0.015505314029977357,-0.007212276403549654
1717.0,68.68,1.0,-6.38679891869611,29.73885612736833,-6.38679891869611,29.73885612736833,6.027167655013682,-0.01523084041438103,-0.007887092696333609
1718.0,68.72,2.0,-6.270554548327068,29.76809406712034,-6.270554548327068,29.76809406712034,6.029766004381571,-0.014956366798784704,-0.008561908989117562
1719.0,68.76,2.0,-6.154197455945707,29.797027897657763,-6.154197455945707,29.797027897657763,6.03233736109775,-0.014681893183188377,-0.009236725281901514
1720.0,68.8,2.0,-6.037730021499954,29.825660237926872,-6.037730021499954,29.825660237926872,6.034881725162215,-0.014407419567592051,-0.009911541574685469
1721.0,68.84,2.0,-5.921154601578113,29.85399372224422,-5.921154601578113,29.85399372224422,6.037399096574971,-0.014132945951995723,-0.010586357867469424
1722.0,68.88,2.0,-5.8044735293170415,29.882031000148622,-5.8044735293170415,29.882031000148622,6.039889475336015,-0.013858472336399396,-0.011261174160253375
1723.0,68.92,2.0,-5.687689114311155,29.909774736252707,-5.687689114311155,29.909774736252707,6.042352861445346,-0.01358399872080307,-0.011935990453037329
1724.0,68.96000000000001,2.0,-5.570803642522255,29.937227610093828,-5.570803642522255,29.937227610093828,6.044789254902968,-0.013309525105206743,-0.012610806745821285
1725.0,69.0,2.0,-5.453819376190189,29.964392315984583,-5.453819376190189,29.964392315984583,6.047198655708878,-0.013035051489610417,-0.013285623038605237
1726.0,69.04,2.0,-5.3367385537443495,29.991271562862714,-5.3367385537443495,29.991271562862714,6.0495810638630765,-0.012760577874014089,-0.01396043933138919
1727.0,69.08,2.0,-5.216538521361013,30.018248419456693,-5.216538521361013,30.018248419456693,6.054545541948793,-0.013431372526831398,-0.020613714388979305
1728.0,69.12,2.0,-4.86220032770193,30.1922176407503,-4.86220032770193,30.1922176407503,6.069349507570466,-0.015029736327575094,-0.027409899592496716
1729.0,69.16,2.0,-4.74176169960813,30.218026871800333,-4.74176169960813,30.218026871800333,6.0740478546538785,-0.015029736327575094,-0.027409899592496716
1730.0,69.2,2.0,-4.621198518001454,30.243270275568996,-4.621198518001454,30.243270275568996,6.0787462017372915,-0.015029736327575094,-0.027409899592496716
1731.0,69.24,2.0,-4.500513586324912,30.267947221722796,-4.500513586324912,30.267947221722796,6.083444548820704,-0.015029736327575094,-0.027409899592496716
1732.0,69.28,2.0,-4.37970971133508,30.292057094463665,-4.37970971133508,30.292057094463665,6.088142895904117,-0.015029736327575094,-0.027409899592496723
1733.0,69.32000000000001,2.0,-4.258789703024009,30.3155992925469,-4.258789703024009,30.3155992925469,6.09284124298753,-0.015029736327575094,-0.027409899592496716
1734.0,69.36,2.0,-4.13775637454105,30.3385732292986,-4.13775637454105,30.3385732292986,6.097539590070942,-0.015029736327575094,-0.027409899592496716
1735.0,69.4,2.0,-4.0166125421145615,30.360978332632794,-4.0166125421145615,30.360978332632794,6.102237937154355,-0.015029736327575094,-0.027409899592496716
1736.0,69.44,2.0,-3.8953610249735413,30.382814045067995,-3.8953610249735413,30.382814045067995,6.106936284237767,-0.015029736327575094,-0.027409899592496716
1737.0,69.48,2.0,-3.7740046452691596,30.404079823743434,-3.7740046452691596,30.404079823743434,6.111634631321179,-0.015029736327575094,-0.027409899592496716
1738.0,69.52,2.0,-3.6525462279961993,30.424775140434793,-3.6525462279961993,30.424775140434793,6.116332978404592,-0.015029736327575094,-0.027409899592496716
1739.0,69.56,2.0,-3.530988600914418,30.44489948156957,-3.530988600914418,30.44489948156957,6.121031325488004,-0.015029736327575094,-0.027409899592496716
1740.0,69.60000000000001,2.0,-3.4093345944698177,30.464452348241924,-3.4093345944698177,30.464452348241924,6.125729672571417,-0.015029736327575094,-0.027409899592496723
1741.0,69.64,2.0,-3.2875870417158395,30.48343325622716,-3.2875870417158395,30.48343325622716,6.130428019654829,-0.015029736327575094,-0.027409899592496716
1742.0,69.68,2.0,-3.1657487782344726,30.501841735995736,-3.1657487782344726,30.501841735995736,6.135126366738242,-0.015029736327575094,-0.027409899592496716
1743.0,69.72,2.0,-3.0438226420572914,30.51967733272689,-3.0438226420572914,30.51967733272689,6.139824713821655,-0.015029736327575094,-0.027409899592496716
1744.0,69.76,2.0,-2.921811473586414,30.536939606321745,-2.921811473586414,30.536939606321745,6.144523060905067,-0.015029736327575094,-0.027409899592496716
1745.0,69.8,2.0,-2.799718115515393,30.55362813141606,-2.799718115515393,30.55362813141606,6.149221407988479,-0.015029736327575094,-0.027409899592496716
1746.0,69.84,2.0,-2.6775454127500335,30.56974249739248,-2.6775454127500335,30.56974249739248,6.153919755071892,-0.015029736327575094,-0.027409899592496716
1747.0,69.88,2.0,-2.555296212329144,30.58528230839243,-2.555296212329144,30.58528230839243,6.158618102155304,-0.015029736327575094,-0.027409899592496716
1748.0,69.92,2.0,-2.4329733633452237,30.600247183327475,-2.4329733633452237,30.600247183327475,6.1633164492387165,-0.015029736327575094,-0.027409899592496723
1749.0,69.96000000000001,2.0,-2.3105797168650875,30.614636755890313,-2.3105797168650875,30.614636755890313,6.1680147963221295,-0.015029736327575094,-0.027409899592496716
1750.0,70.0,2.0,-2.1881181258504308,30.62845067456532,-2.1881181258504308,30.62845067456532,6.1727131434055424,-0.015029736327575094,-0.027409899592496716
1751.0,70.04,2.0,-2.065591445078337,30.641688602638606,-2.065591445078337,30.641688602638606,6.177411490488955,-0.015029736327575094,-0.027409899592496716
1752.0,70.08,2.0,-1.943002531061729,30.654350218207714,-1.943002531061729,30.654350218207714,6.1821098375723675,-0.015029736327575094,-0.027409899592496716
1753.0,70.12,2.0,-1.820354241969771,30.666435214190813,-1.820354241969771,30.666435214190813,6.18680818465578,-0.015029736327575094,-0.027409899592496716
1754.0,70.16,2.0,-1.6976494375482178,30.677943298335485,-1.6976494375482178,30.677943298335485,6.191506531739192,-0.015029736327575094,-0.027409899592496716
1755.0,70.2,2.0,-1.5748909790397163,30.688874193227075,-1.5748909790397163,30.688874193227075,6.196204878822605,-0.015029736327575094,-0.027409899592496716
1756.0,70.24,2.0,-1.4520817291040653,30.699227636296577,-1.4520817291040653,30.699227636296577,6.200903225906018,-0.015029736327575094,-0.027409899592496723
1757.0,70.28,2.0,-1.3292245517384278,30.70900337982809,-1.3292245517384278,30.70900337982809,6.20560157298943,-0.015029736327575094,-0.027409899592496716
1758.0,70.32000000000001,2.0,-1.2063223121975084,30.718201190965868,-1.2063223121975084,30.718201190965868,6.210299920072843,-0.015029736327575094,-0.027409899592496716
1759.0,70.36,2.0,-1.0833778769136884,30.726820851720873,-1.0833778769136884,30.726820851720873,6.214998267156255,-0.015029736327575094,-0.027409899592496716
1760.0,70.4,2.0,-0.9603941134171287,30.734862158976927,-0.9603941134171287,30.734862158976927,6.219696614239668,-0.015029736327575094,-0.027409899592496716
1761.0,70.44,2.0,-0.8373738902558385,30.742324924496415,-0.8373738902558385,30.742324924496415,6.22439496132308,-0.015029736327575094,-0.027409899592496716
1762.0,70.48,2.0,-0.7143200773223641,30.749208518658726,-0.7143200773223641,30.749208518658726,6.072017358406493,-0.015029736327575094,-0.027409899592496716
1763.0,70.52,2.0,-0.5912355476044293,30.755512783008697,-0.5912355476044293,30.755512783008697,5.919639755489905,-0.015029736327575094,-0.027409899592496716
1764.0,70.56,2.0,-0.46812317486753896,30.76123757399954,-0.46812317486753896,30.76123757399954,5.767262152573318,-0.015029736327575094,-0.027409899592496723
1765.0,70.60000000000001,2.0,-0.3449858335748543,30.76638276299672,-0.3449858335748543,30.76638276299672,5.614884549656731,-0.015029736327575094,-0.027409899592496716
1766.0,70.64,2.0,-0.22182639880704738,30.77094823628148,-0.22182639880704738,30.77094823628148,5.4625069467401435,-0.015029736327575094,-0.027409899592496716
1767.0,70.68,2.0,-0.09864774618213622,30.77493389505387,-0.09864774618213622,30.77493389505387,5.310129343823555,-0.015029736327575094,-0.027409899592496716
1768.0,70.72,2.0,0.024547248224693875,30.77833965543539,0.024547248224693875,30.77833965543539,5.000675790906969,-0.015029736327575094,-0.027409899592496716
1769.0,70.76,2.0,0.1477557070791327,30.781164996632935,0.1477557070791327,30.781164996632935,4.69122223799038,-0.015029736327575094,-0.027409899592496716
1770.0,70.8,2.0,0.2709747520047584,30.783409864623035,0.2709747520047584,30.783409864623035,4.3817686850737925,-0.015029736327575094,-0.027409899592496716
1771.0,70.84,2.0,0.3942015044086204,30.785074220314687,0.3942015044086204,30.785074220314687,4.072315132157206,-0.015029736327575094,-0.027409899592496716
1772.0,70.88,2.0,0.5174330855614763,30.78615803955019,0.5174330855614763,30.78615803955019,3.7628615792406173,-0.015029736327575094,-0.027409899592496723
1773.0,70.92,2.0,0.6406666166780322,30.786661313105547,0.6406666166780322,30.786661313105547,3.4534080263240305,-0.015029736327575094,-0.027409899592496716
1774.0,70.96000000000001,2.0,0.7638992189971836,30.78658404669046,0.7638992189971836,30.78658404669046,3.1439544734074425,-0.015029736327575094,-0.027409899592496716
1775.0,71.0,2.0,0.8871280138622538,30.785926260947793,0.8871280138622538,30.785926260947793,2.8345009204908544,-0.015029736327575094,-0.027409899592496716
1776.0,71.04,2.0,1.0103501228012284,30.784687991452664,1.0103501228012284,30.784687991452664,2.5250473675742673,-0.015029736327575094,-0.027409899592496716
1777.0,71.08,2.0,1.133562667606983,30.782869288711094,1.133562667606983,30.782869288711094,2.2155938146576797,-0.015029736327575094,-0.027409899592496716
1778.0,71.12,2.0,1.2567627704174997,30.78047021815818,1.2567627704174997,30.78047021815818,1.906140261741092,-0.015029736327575094,-0.027409899592496716
1779.0,71.16,2.0,1.3799475537960748,30.777490860155808,1.3799475537960748,30.777490860155808,1.5966867088245045,-0.015029736327575094,-0.027409899592496716
1780.0,71.2,2.0,1.5031141408115098,30.77393130999003,1.5031141408115098,30.77393130999003,1.2872331559079169,-0.015029736327575094,-0.027409899592496723
1781.0,71.24,2.0,1.6262596551182864,30.769791677867875,1.6262596551182864,30.769791677867875,0.9777796029913292,-0.015029736327575094,-0.027409899592496716
1782.0,71.28,2.0,1.7493812214433706,30.76507254518058,1.7493812214433706,30.76507254518058,0.8254020000747417,-0.015029736327575094,-0.027409899592496716
1783.0,71.32000000000001,2.0,1.872475967496975,30.75977405195597,1.872475967496975,30.75977405195597,0.6730243971581539,-0.015029736327575094,-0.027409899592496716
1784.0,71.36,2.0,1.9955410218152898,30.75389635311543,1.9955410218152898,30.75389635311543,0.5206467942415662,-0.015029736327575094,-0.027409899592496716
1785.0,71.4,2.0,2.118573513840473,30.747439618469066,2.118573513840473,30.747439618469066,0.3682691913249786,-0.015029736327575094,-0.027409899592496716
1786.0,71.44,2.0,2.241570574000618,30.740404032710337,2.241570574000618,30.740404032710337,0.215891588408391,-0.015029736327575094,-0.027409899592496716
1787.0,71.48,2.0,2.3645293337896836,30.73278979541027,2.3645293337896836,30.73278979541027,0.06351398549180334,-0.015029736327575094,-0.027409899592496716
1788.0,71.52,2.0,2.4874469258473964,30.724597121011225,2.4874469258473964,30.724597121011225,0.06821233257521572,-0.015029736327575094,-0.027409899592496723
1789.0,71.56,2.0,2.6103204849212602,30.715826690658435,2.6103204849212602,30.715826690658435,0.0729106796586281,-0.015029736327575094,-0.027409899592496716
1790.0,71.60000000000001,2.0,2.733147147809569,30.7064787485104,2.733147147809569,30.7064787485104,0.07760902674204048,-0.015029736327575094,-0.027409899592496716
1791.0,71.64,2.0,2.8559240526958147,30.69655355356979,2.8559240526958147,30.69655355356979,0.08230737382545285,-0.015029736327575094,-0.027409899592496716
1792.0,71.68,2.0,2.9786483392284073,30.68605137967547,2.9786483392284073,30.68605137967547,0.08700572090886521,-0.015029736327575094,-0.027409899592496716
1793.0,71.72,2.0,3.1013171486003395,30.674972515494044,3.1013171486003395,30.674972515494044,0.0917040679922776,-0.015029736327575094,-0.027409899592496716
1794.0,71.76,2.0,3.2239276236288115,30.663317264511022,3.2239276236288115,30.663317264511022,0.09640241507568997,-0.015393150040249548,-0.021965493571108115
1795.0,71.8,2.0,3.346496239705634,30.65110979959146,3.346496239705634,30.65110979959146,0.1008829859182468,-0.015756563752924002,-0.016521087549719517
1796.0,71.84,2.0,3.469025265323851,30.638376987264365,3.469025265323851,30.638376987264365,0.10514578051994809,-0.016119977465598456,-0.011076681528330917
1797.0,71.88,2.0,3.5915170467782667,30.625145693143697,3.5915170467782667,30.625145693143697,0.10919079888079383,-0.01648339117827291,-0.005632275506942315
1798.0,71.92,2.0,3.7139740081108465,30.61144278125123,3.7139740081108465,30.61144278125123,0.11301804100078403,-0.016846804890947364,-0.00018786948555371623
1799.0,71.96000000000001,2.0,3.836398651052844,30.59729511333967,3.836398651052844,30.59729511333967,0.1166275068799187,-0.01721021860362182,0.005256536535834884
1800.0,72.0,2.0,3.9587935549636755,30.58272954821595,3.9587935549636755,30.58272954821595,0.12001919651819778,-0.017573632316296273,0.010700942557223484
1801.0,72.04,2.0,4.081161376766536,30.567772941064874,4.081161376766536,30.567772941064874,0.12319310991562138,-0.017937046028970727,0.016145348578612086
1802.0,72.08,2.0,4.203504850880766,30.552452142773035,4.203504850880766,30.552452142773035,0.12614924707218939,-0.01830045974164518,0.021589754600000684
1803.0,72.12,2.0,4.325826789150957,30.536793999252986,4.325826789150957,30.536793999252986,0.1288876079879019,-0.018663873454319635,0.027034160621389282
1804.0,72.16,2.0,4.448130080772819,30.520825350767847,4.448130080772819,30.520825350767847,0.13140819266275883,-0.01902728716699409,0.03247856664277789
1805.0,72.2,2.0,4.567372411570622,30.504985246598107,4.567372411570622,30.504985246598107,0.13541302998022692,-0.019772235522087966,0.04456124542556768
1806.0,72.24,2.0,4.683475619551743,30.48915587074552,4.683475619551743,30.48915587074552,0.13794653493617287,-0.019012171646217248,0.052206464799099614
1807.0,72.28,2.0,4.7994719510199015,30.473033687701296,4.7994719510199015,30.473033687701296,0.14070529293808967,-0.018252107770346526,0.05985168417263155
1808.0,72.32000000000001,2.0,4.915353915387682,30.45659244450757,4.915353915387682,30.45659244450757,0.1436893039859773,-0.017492043894475805,0.06749690354616349
1809.0,72.36,2.0,5.031113510523874,30.439806016829227,5.031113510523874,30.439806016829227,0.14689856807983567,-0.016731980018605087,0.07514212291969542
1810.0,72.4,2.0,5.146742224751256,30.42264841696984,5.146742224751256,30.42264841696984,0.1503330852196649,-0.015971916142734365,0.08278734229322735
1811.0,72.44,2.0,5.262231038962485,30.40509380185773,5.262231038962485,30.40509380185773,0.15399285540546498,-0.015211852266863645,0.0904325616667593
1812.0,72.48,2.0,5.377570428853646,30.387116481000326,5.377570428853646,30.387116481000326,0.15787787863723585,-0.014451788390992926,0.09807778104029122
1813.0,72.52,2.0,5.492750367275015,30.36869092440522,5.492750367275015,30.36869092440522,0.16198815491497753,-0.013691724515122206,0.10572300041382317
1814.0,72.56,1.0,5.607760326698497,30.349791770466208,5.607760326698497,30.349791770466208,0.16632368423869004,-0.012568246926577032,0.10792381376596646
1815.0,72.60000000000001,0.0,5.722569950930454,30.330369979242654,5.722569950930454,30.330369979242654,0.17110224284922892,-0.011444769338031856,0.11012462711810982
1816.0,72.64,0.0,5.8371625973638945,30.310374015976304,5.8371625973638945,30.310374015976304,0.17632383074659413,-0.010321291749486683,0.11232544047025317
1817.0,72.68,0.0,5.951521055171794,30.28975255343108,5.951521055171794,30.28975255343108,0.18198844793078572,-0.009197814160941509,0.11452625382239649
1818.0,72.72,0.0,6.065627548369996,30.268454480288717,6.065627548369996,30.268454480288717,0.1880960944018037,-0.008074336572396335,0.11672706717453982
1819.0,72.76,0.0,6.179463738997215,30.246428909500587,6.179463738997215,30.246428909500587,0.19464677015964799,-0.00695085898385116,0.11892788052668317
1820.0,72.8,0.0,6.303036648703097,30.219356672621366,6.303036648703097,30.219356672621366,0.2016809107424697,0.26659147019436025,0.12213958233260094
1821.0,72.84,0.0,6.436255952908391,30.187024569143784,6.436255952908391,30.187024569143784,0.20919851615026866,0.5401337993725717,0.12535128413851873
1822.0,72.88,0.0,6.57902814167327,30.149220819574452,6.57902814167327,30.149220819574452,0.217199586383045,0.8136761285507831,0.1285629859444365
1823.0,72.92,0.0,6.731256542651343,30.105735116069344,6.731256542651343,30.105735116069344,0.2256841214407987,1.0872184577289945,0.13177468775035428
1824.0,72.96000000000001,0.0,6.892841344840582,30.05635867269978,6.892841344840582,30.05635867269978,0.2346521213235297,1.3607607869072058,0.13498638955627207
1825.0,73.0,0.0,7.066724903770404,30.000472059994472,7.066724903770404,30.000472059994472,0.2424015571477714,1.6346846507278365,0.13155981860078864
1826.0,73.04,0.0,7.252882411193217,29.938014328050265,7.252882411193217,29.938014328050265,0.25188801391765697,1.907103502317503,0.1325707070545631
1827.0,73.08,0.0,7.448175664992526,29.86911190917208,7.448175664992526,29.86911190917208,0.2614149062256935,2.179522353907169,0.13358159550833754
1828.0,73.12,0.0,7.652503241160434,29.7936156638008,7.652503241160434,29.7936156638008,0.27098223407188105,2.4519412054968353,0.134592483962112
1829.0,73.16,2.0,7.865761296002296,29.71137808199982,7.865761296002296,29.71137808199982,0.2805899974562196,2.724360057086501,0.13560337241588644
1830.0,73.2,2.0,8.087843592445953,29.622253322554467,8.087843592445953,29.622253322554467,0.29023819637870907,2.9967789086761676,0.13661426086966086
1831.0,73.24,2.0,8.31864152698079,29.526097251646462,8.31864152698079,29.526097251646462,0.29992683083934957,3.269197760265834,0.13762514932343534
1832.0,73.28,2.0,8.558044157219733,29.422767481093224,8.558044157219733,29.422767481093224,0.3096559008381411,3.5416166118555,0.13863603777720976
1833.0,73.32000000000001,2.0,8.805938230077187,29.312123406142085,8.805938230077187,29.312123406142085,0.3194254063750835,3.8140354634451668,0.1396469262309842
1834.0,73.36,2.0,9.0622082105557,29.194026242809507,9.0622082105557,29.194026242809507,0.3292353474501769,4.086454315034833,0.14065781468475866
1835.0,73.4,2.0,9.326736311134031,29.068339064755424,9.326736311134031,29.068339064755424,0.33908572406342125,4.358873166624499,0.1416687031385331
1836.0,73.44,2.0,9.599402521749141,28.93492683968325,9.599402521749141,28.93492683968325,0.3489765362148166,4.6312920182141655,0.14267959159230753
1837.0,73.48,2.0,9.88008464036438,28.793656465255776,9.88008464036438,28.793656465255776,0.35890778390436295,4.903710869803832,0.143690480046082
1838.0,73.52,2.0,10.168658304116152,28.644396804517754,10.168658304116152,28.644396804517754,0.3688794671320603,5.176129721393497,0.14470136849985643
1839.0,73.56,2.0,10.464997021031035,28.48701872081573,10.464997021031035,28.48701872081573,0.3788915858979086,5.448548572983164,0.14571225695363088
1840.0,73.60000000000001,2.0,10.758946284013678,28.325663626178358,10.758946284013678,28.325663626178358,0.38890370466375696,5.448548572983164,0.14571225695363088
1841.0,73.64,2.0,11.05044631293249,28.160369274127486,11.05044631293249,28.160369274127486,0.39891582342960524,5.448548572983164,0.14571225695363088
1842.0,73.68,2.0,11.339437930657999,27.99117434816941,11.339437930657999,27.99117434816941,0.4089279421954535,5.448548572983164,0.14571225695363088
1843.0,73.72,2.0,11.625862577667114,27.818118452137288,11.625862577667114,27.818118452137288,0.41894006096130176,5.448548572983164,0.14571225695363088
1844.0,73.76,2.0,11.909662326492622,27.641242100303668,11.909662326492622,27.641242100303668,0.42895217972715016,5.448548572983164,0.14571225695363088
1845.0,73.8,2.0,12.190779896014313,27.460586707265566,12.190779896014313,27.460586707265566,0.4389642984929984,5.448548572983164,0.14571225695363088
1846.0,73.84,2.0,12.469158665588113,27.27619457760465,12.469158665588113,27.27619457760465,0.44897641725884674,5.448548572983164,0.14571225695363088
1847.0,73.88,2.0,12.744742689009737,27.08810889532516,12.744742689009737,27.08810889532516,0.45898853602469514,5.448548572983164,0.14571225695363088
1848.0,73.92,2.0,13.017476708309328,26.89637371307216,13.017476708309328,26.89637371307216,0.4690006547905433,5.448548572983164,0.14571225695363088
1849.0,73.96000000000001,2.0,13.28730616737361,26.701033941132845,13.28730616737361,26.701033941132845,0.47901277355639166,5.448548572983164,0.14571225695363088
1850.0,74.0,2.0,13.5541772253922,26.50213533622368,13.5541772253922,26.50213533622368,0.48902489232223995,5.448548572983164,0.14571225695363088
1851.0,74.04,2.0,13.818036770124655,26.299724490066172,13.818036770124655,26.299724490066172,0.4990370110880883,5.448548572983164,0.14571225695363088
1852.0,74.08,2.0,14.078832430984935,26.093848817754104,14.078832430984935,26.093848817754104,0.5090491298539366,5.448548572983164,0.14571225695363088
1853.0,74.12,2.0,14.336512591940036,25.884556545915228,14.336512591940036,25.884556545915228,0.5190612486197849,5.448548572983164,0.14571225695363088
1854.0,74.16,2.0,14.591026404219525,25.671896700670306,14.591026404219525,25.671896700670306,0.5290733673856332,5.448548572983164,0.14571225695363088
1855.0,74.2,2.0,14.842323798832833,25.45591909539258,14.842323798832833,25.45591909539258,0.5390854861514814,5.448548572983164,0.14571225695363088
1856.0,74.24,2.0,15.0903554988911,25.236674318270694,15.0903554988911,25.236674318270694,0.5490976049173297,5.448548572983164,0.14571225695363088
1857.0,74.28,2.0,15.335073031730555,25.014213719678214,15.335073031730555,25.014213719678214,0.5591097236831779,5.448548572983164,0.14571225695363088
1858.0,74.32000000000001,2.0,15.576428740834388,24.788589399352915,15.576428740834388,24.788589399352915,0.5691218424490263,5.448548572983164,0.14571225695363088
1859.0,74.36,2.0,15.814375797550047,24.559854193389064,15.814375797550047,24.559854193389064,0.5791339612148746,5.448548572983164,0.14571225695363088
1860.0,74.4,2.0,16.048868212599146,24.328061661045897,16.048868212599146,24.328061661045897,0.5891460799807229,5.448548572983164,0.14571225695363088
1861.0,74.44,2.0,16.279860847376973,24.093266071375673,16.279860847376973,24.093266071375673,0.5991581987465712,5.448548572983164,0.14571225695363088
1862.0,74.48,2.0,16.507309425038905,23.855522389674626,16.507309425038905,23.855522389674626,0.6091703175124195,5.448548572983164,0.14571225695363088
1863.0,74.52,2.0,16.73117054137079,23.614886263760248,16.73117054137079,23.614886263760248,0.6191824362782677,5.448548572983164,0.14571225695363088
1864.0,74.56,2.0,16.95140167544074,23.371414010078247,16.95140167544074,23.371414010078247,0.6291945550441159,5.448548572983164,0.14571225695363088
1865.0,74.60000000000001,2.0,17.167961200029527,23.125162599642795,17.167961200029527,23.125162599642795,0.6392066738099643,5.448548572983164,0.14571225695363088
1866.0,74.64,2.0,17.380808391837082,22.876189643813508,17.380808391837082,22.876189643813508,0.6492187925758126,5.448548572983164,0.14571225695363088
1867.0,74.68,2.0,17.589903441462432,22.624553379912747,17.589903441462432,22.624553379912747,0.6592309113416608,5.448548572983164,0.14571225695363088
1868.0,74.72,2.0,17.795207463154675,22.37031265668685,17.795207463154675,22.37031265668685,0.6692430301075091,5.448548572983164,0.14571225695363088
1869.0,74.76,2.0,17.996682504332465,22.113526919614944,17.996682504332465,22.113526919614944,0.6792551488733574,5.448548572983164,0.14571225695363088
1870.0,74.8,2.0,18.194291554869718,21.85425619606902,18.194291554869718,21.85425619606902,0.6892672676392058,5.448548572983164,0.14571225695363088
1871.0,74.84,2.0,18.387998556145096,21.592561080328984,18.387998556145096,21.592561080328984,0.699279386405054,5.448548572983164,0.14571225695363088
1872.0,74.88,2.0,18.577768409853086,21.328502718456456,18.577768409853086,21.328502718456456,0.7092915051709022,5.448548572983164,0.14571225695363088
1873.0,74.92,2.0,18.7635669865745,21.06214279303112,18.7635669865745,21.06214279303112,0.7193036239367505,5.448548572983164,0.14571225695363088
1874.0,74.96000000000001,2.0,18.945361134104086,20.79354350775339,18.945361134104086,20.79354350775339,0.7293157427025989,5.448548572983164,0.14571225695363088
1875.0,75.0,2.0,19.123118685533377,20.522767571917385,19.123118685533377,20.522767571917385,0.7393278614684472,5.448548572983164,0.14571225695363088
1876.0,75.04,2.0,19.296808467086603,20.249878184757943,19.296808467086603,20.249878184757943,0.7493399802342954,5.448548572983164,0.14571225695363088
1877.0,75.08,2.0,19.466400305707744,19.97493901967574,19.466400305707744,19.97493901967574,0.7593520990001437,5.448548572983164,0.14571225695363088
1878.0,75.12,2.0,19.631865036396864,19.698014208344393,19.631865036396864,19.698014208344393,0.7693642177659921,5.448548572983164,0.14571225695363088
1879.0,75.16,2.0,19.793174509293816,19.419168324703534,19.793174509293816,19.419168324703534,0.7793763365318404,5.448548572983164,0.14571225695363088
1880.0,75.2,2.0,19.950301596507646,19.138466368841943,19.950301596507646,19.138466368841943,0.7893884552976885,5.448548572983164,0.14571225695363088
1881.0,75.24,2.0,20.10322019868985,18.855973750774677,20.10322019868985,18.855973750774677,0.7994005740635368,5.448548572983164,0.14571225695363088
1882.0,75.28,2.0,20.251905251349996,18.57175627411835,20.251905251349996,18.57175627411835,0.8094126928293852,5.448548572983164,0.14571225695363088
1883.0,75.32000000000001,2.0,20.39633273091197,18.285880119668622,20.39633273091197,18.285880119668622,0.8194248115952334,5.448548572983164,0.14571225695363088
1884.0,75.36,2.0,20.536479660509478,17.998411828883977,20.536479660509478,17.998411828883977,0.8294369303610818,5.448548572983164,0.14571225695363088
1885.0,75.4,2.0,20.672324115519256,17.70941828728006,20.672324115519256,17.70941828728006,0.83944904912693,5.448548572983164,0.14571225695363088
1886.0,75.44,2.0,20.803845228830614,17.418966707738566,20.803845228830614,17.418966707738566,0.8494611678927783,5.448548572983164,0.14571225695363088
1887.0,75.48,2.0,20.931023195850052,17.127124613735024,20.931023195850052,17.127124613735024,0.8594732866586267,5.448548572983164,0.14571225695363088
1888.0,75.52,2.0,21.05383927923966,16.833959822489554,21.05383927923966,16.833959822489554,0.8694854054244748,5.448548572983164,0.14571225695363088
1889.0,75.56,2.0,21.17227581338807,16.539540428044948,21.17227581338807,16.539540428044948,0.8794975241903231,5.448548572983164,0.14571225695363088
1890.0,75.60000000000001,2.0,21.28631620861293,16.24393478427618,21.28631620861293,16.24393478427618,0.8895096429561715,5.448548572983164,0.14571225695363088
1891.0,75.64,2.0,21.395944955093817,15.947211487835762,21.395944955093817,15.947211487835762,0.8995217617220197,5.448548572983164,0.14571225695363088
1892.0,75.68,2.0,21.501147626534568,15.649439361039063,21.501147626534568,15.649439361039063,0.9095338804878679,5.448548572983164,0.14571225695363088
1893.0,75.72,2.0,21.60191088355414,15.350687434694043,21.60191088355414,15.350687434694043,0.9195459992537163,5.448548572983164,0.14571225695363088
1894.0,75.76,2.0,21.6982224768052,15.051024930879546,21.6982224768052,15.051024930879546,0.9295581180195646,5.448548572983164,0.14571225695363088
1895.0,75.8,2.0,21.790071249819572,14.75052124567664,21.790071249819572,14.75052124567664,0.939570236785413,5.448548572983164,0.14571225695363088
1896.0,75.84,2.0,21.877447141579918,14.449245931857169,21.877447141579918,14.449245931857169,0.9495823555512611,5.448548572983164,0.14571225695363088
1897.0,75.88,2.0,21.960341188816948,14.147268681534007,21.960341188816948,14.147268681534007,0.9595944743171094,5.448548572983164,0.14571225695363088
1898.0,75.92,2.0,22.038745528031644,13.844659308777247,22.038745528031644,13.844659308777247,0.9696065930829578,5.448548572983164,0.14571225695363088
1899.0,75.96000000000001,2.0,22.11265339724192,13.541487732200782,22.11265339724192,13.541487732200782,0.9796187118488062,5.448548572983164,0.14571225695363088
1900.0,76.0,2.0,22.182059137453386,13.23782395752356,22.182059137453386,13.23782395752356,0.9896308306146544,5.448548572983164,0.14571225695363088
1901.0,76.04,2.0,22.246958193853743,12.933738060109954,22.246958193853743,12.933738060109954,0.9996429493805026,5.448548572983164,0.14571225695363088
1902.0,76.08,2.0,22.307347116730575,12.629300167493588,22.307347116730575,12.629300167493588,1.0096550681463508,5.448548572983164,0.14571225695363088
1903.0,76.12,2.0,22.363223562112342,12.32458044188901,22.363223562112342,12.32458044188901,1.0196671869121992,5.448548572983164,0.14571225695363088
1904.0,76.16,2.0,22.41458629213228,12.019649062695622,22.41458629213228,12.019649062695622,1.0296793056780476,5.448548572983164,0.14571225695363088
1905.0,76.2,2.0,22.46143517511535,11.714576208998201,22.46143517511535,11.714576208998201,1.0396914244438957,5.448548572983164,0.14571225695363088
1906.0,76.24,2.0,22.503771185387944,11.409432042068472,22.503771185387944,11.409432042068472,1.0497035432097441,5.448548572983164,0.14571225695363088
1907.0,76.28,2.0,22.54159640281063,11.104286687872051,22.54159640281063,11.104286687872051,1.0597156619755923,5.448548572983164,0.14571225695363088
1908.0,76.32000000000001,2.0,22.57491401203395,10.799210219585195,22.57491401203395,10.799210219585195,1.0697277807414407,5.448548572983164,0.14571225695363088
1909.0,76.36,2.0,22.603728301477453,10.494272640125738,22.603728301477453,10.494272640125738,1.0797398995072889,5.448548572983164,0.14571225695363088
1910.0,76.4,2.0,22.62804466203228,10.189543864702546,22.62804466203228,10.189543864702546,1.0897520182731373,5.448548572983164,0.14571225695363088
1911.0,76.44,2.0,22.64786958548756,9.885093703387946,22.64786958548756,9.885093703387946,1.0997641370389855,5.448548572983164,0.14571225695363088
1912.0,76.48,2.0,22.663210662681088,9.58099184371744,22.663210662681088,9.58099184371744,1.1097762558048339,5.448548572983164,0.14571225695363088
1913.0,76.52,2.0,22.674076581374713,9.27730783332108,22.674076581374713,9.27730783332108,1.119788374570682,5.448548572983164,0.14571225695363088
1914.0,76.56,2.0,22.680477123854978,8.974111062590888,22.680477123854978,8.974111062590888,1.1298004933365304,5.448548572983164,0.14571225695363088
1915.0,76.60000000000001,2.0,22.682423164259585,8.671470747388621,22.682423164259585,8.671470747388621,1.1398126121023786,5.448548572983164,0.14571225695363088
1916.0,76.64,2.0,22.679926665630468,8.36945591179827,22.679926665630468,8.36945591179827,1.1498247308682268,5.448548572983164,0.14571225695363088
1917.0,76.68,2.0,22.673000676694052,8.068135370927573,22.673000676694052,8.068135370927573,1.1598368496340752,5.448548572983164,0.14571225695363088
1918.0,76.72,2.0,22.661659328369684,7.76757771376289,22.661659328369684,7.76757771376289,1.1698489683999236,5.448548572983164,0.14571225695363088
1919.0,76.76,2.0,22.645917830006976,7.4678512860817055,22.645917830006976,7.4678512860817055,1.1798610871657718,5.448548572983164,0.14571225695363088
1920.0,76.8,2.0,22.625792465353094,7.16902417342709,22.625792465353094,7.16902417342709,1.1898732059316202,5.448548572983164,0.14571225695363088
1921.0,76.84,2.0,22.60130058825095,6.871164184148334,22.60130058825095,6.871164184148334,1.1998853246974686,5.448548572983164,0.14571225695363088
1922.0,76.88,2.0,22.572460618069467,6.574338832512065,22.572460618069467,6.574338832512065,1.2098974434633167,5.448548572983164,0.14571225695363088
1923.0,76.92,2.0,22.539292034866925,6.278615321888029,22.539292034866925,6.278615321888029,1.219909562229165,5.448548572983164,0.14571225695363088
1924.0,76.96000000000001,2.0,22.501815374288775,5.984060528013809,22.501815374288775,5.984060528013809,1.229921680995013,5.448548572983164,0.14571225695363088
1925.0,77.0,2.0,22.46005222220104,5.69074098234262,22.46005222220104,5.69074098234262,1.2399337997608615,5.448548572983164,0.14571225695363088
1926.0,77.04,2.0,22.41402520906083,5.398722855478404,22.41402520906083,5.398722855478404,1.2499459185267097,5.448548572983164,0.14571225695363088
1927.0,77.08,2.0,22.36375800402519,5.108071940702351,22.36375800402519,5.108071940702351,1.259958037292558,5.448548572983164,0.14571225695363088
1928.0,77.12,2.0,22.309275308799915,4.818853637594993,22.309275308799915,4.818853637594993,1.2699701560584062,5.448548572983164,0.14571225695363088
1929.0,77.16,2.0,22.25060285122985,4.5311329357579595,22.25060285122985,4.5311329357579595,1.2799822748242544,5.448548572983164,0.14571225695363088
1930.0,77.2,2.0,22.187767378632206,4.244974398639506,22.187767378632206,4.244974398639506,1.2899943935901026,5.448548572983164,0.14571225695363088
1931.0,77.24,2.0,22.120796650874674,3.96044214746784,22.120796650874674,3.96044214746784,1.3000065123559508,5.448548572983164,0.14571225695363088
1932.0,77.28,2.0,22.049719433200003,3.677599845296295,22.049719433200003,3.677599845296295,1.3100186311217992,5.448548572983164,0.14571225695363088
1933.0,77.32000000000001,2.0,21.974565488798905,3.3965106811643437,21.974565488798905,3.3965106811643437,1.3200307498876476,5.448548572983164,0.14571225695363088
1934.0,77.36,2.0,21.895365571133084,3.1172373543784273,21.895365571133084,3.1172373543784273,1.3300428686534955,5.448548572983164,0.14571225695363088
1935.0,77.4,2.0,21.812151416010398,2.839842058916541,21.812151416010398,2.839842058916541,1.3400549874193437,5.448548572983164,0.14571225695363088
1936.0,77.44,2.0,21.724955733414063,2.5643864679604844,21.724955733414063,2.5643864679604844,1.3500671061851919,5.448548572983164,0.14571225695363088
1937.0,77.48,2.0,21.633812199088037,2.290931718559657,21.633812199088037,2.290931718559657,1.3600792249510403,5.448548572983164,0.14571225695363088
1938.0,77.52,2.0,21.53875544588064,2.0195383964302476,21.53875544588064,2.0195383964302476,1.3700913437168882,5.448548572983164,0.14571225695363088
1939.0,77.56,2.0,21.439821054848597,1.750266520893624,21.439821054848597,1.750266520893624,1.3801034624827366,5.448548572983164,0.14571225695363088
1940.0,77.60000000000001,2.0,21.33704554612376,1.4831755299577034,21.33704554612376,1.4831755299577034,1.3901155812485846,5.448548572983164,0.14571225695363088
1941.0,77.64,2.0,21.230466369544786,1.2183242655450452,21.230466369544786,1.2183242655450452,1.4001277000144328,5.448548572983164,0.14571225695363088
1942.0,77.68,2.0,21.120121895056123,0.9557709588713642,21.120121895056123,0.9557709588713642,1.410139818780281,5.448548572983164,0.14571225695363088
1943.0,77.72,2.0,21.006051402876743,0.6955732159781383,21.006051402876743,0.6955732159781383,1.4201519375461293,5.448548572983164,0.14571225695363088
1944.0,77.76,2.0,20.88829507344104,0.4377880034229348,20.88829507344104,0.4377880034229348,1.4301640563119775,5.448548572983164,0.14571225695363088
1945.0,77.8,2.0,20.766893977114506,0.18247163413104114,20.766893977114506,0.18247163413104114,1.4401761750778257,5.448548572983164,0.14571225695363088
1946.0,77.84,2.0,20.641890063686652,-0.07032024658804836,20.641890063686652,-0.07032024658804836,1.4501882938436736,5.448548572983164,0.14571225695363088
1947.0,77.88,2.0,20.513326151643934,-0.3205326748557857,20.513326151643934,-0.3205326748557857,1.460200412609522,5.448548572983164,0.14571225695363088
1948.0,77.92,2.0,20.381245917225304,-0.5681113818678983,20.381245917225304,-0.5681113818678983,1.47021253137537,5.448548572983164,0.14571225695363088
1949.0,77.96000000000001,2.0,20.24569388326313,-0.8130028073624732,20.24569388326313,-0.8130028073624732,1.4802246501412184,5.448548572983164,0.14571225695363088
1950.0,78.0,2.0,20.10671540781237,-1.0551541129094186,20.10671540781237,-1.0551541129094186,1.4902367689070666,5.448548572983164,0.14571225695363088
1951.0,78.04,2.0,19.96435667257075,-1.2945131950179727,19.96435667257075,-1.2945131950179727,1.5002488876729145,5.448548572983164,0.14571225695363088
1952.0,78.08,2.0,19.818664671092943,-1.5310286980589702,19.818664671092943,-1.5310286980589702,1.5102610064387627,5.448548572983164,0.14571225695363088
1953.0,78.12,2.0,19.669687196801625,-1.7646500269986327,19.669687196801625,-1.7646500269986327,1.520273125204611,5.448548572983164,0.14571225695363088
1954.0,78.16,2.0,19.517472830798532,-1.9953273599406818,19.517472830798532,-1.9953273599406818,1.5302852439704593,5.448548572983164,0.14571225695363088
1955.0,78.2,2.0,19.362070929478456,-2.223011660473639,19.362070929478456,-2.223011660473639,1.5402973627363072,5.448548572983164,0.14571225695363088
1956.0,78.24,2.0,19.20353161194939,-2.447654689820213,19.20353161194939,-2.447654689820213,1.5503094815021554,5.448548572983164,0.14571225695363088
1957.0,78.28,2.0,19.04190574726193,-2.6692090187857263,19.04190574726193,-2.6692090187857263,1.5603216002680038,5.448548572983164,0.14571225695363088
1958.0,78.32000000000001,2.0,18.87724494145114,-2.887628039502591,18.87724494145114,-2.887628039502591,1.570333719033852,5.448548572983164,0.14571225695363088
1959.0,78.36,2.0,18.709601524394174,-3.1028659769678857,18.709601524394174,-3.1028659769678857,1.5803458377997,5.448548572983164,0.14571225695363088
1960.0,78.4,2.0,18.539028536486917,-3.3148779003711413,18.539028536486917,-3.3148779003711413,1.5903579565655481,5.448548572983164,0.14571225695363088
1961.0,78.44,2.0,18.365579715143017,-3.5236197342095026,18.365579715143017,-3.5236197342095026,1.6003700753313965,5.448548572983164,0.14571225695363088
1962.0,78.48,2.0,18.18930948111865,-3.729048269187466,18.18930948111865,-3.729048269187466,1.6103821940972445,5.448548572983164,0.14571225695363088
1963.0,78.52,2.0,18.01027292466656,-3.931121172898473,18.01027292466656,-3.931121172898473,1.6203943128630929,5.448548572983164,0.14571225695363088
1964.0,78.56,2.0,17.828525791522715,-4.129797000285685,17.828525791522715,-4.129797000285685,1.6304064316289408,5.448548572983164,0.14571225695363088
1965.0,78.60000000000001,2.0,17.644124468729203,-4.325035203879297,17.644124468729203,-4.325035203879297,1.640418550394789,5.448548572983164,0.14571225695363088
1966.0,78.64,2.0,17.45712597029688,-4.516796143807852,17.45712597029688,-4.516796143807852,1.6504306691606374,5.448548572983164,0.14571225695363088
1967.0,78.68,2.0,17.26758792271138,-4.705041097581019,17.26758792271138,-4.705041097581019,1.6604427879264854,5.448548572983164,0.14571225695363088
1968.0,78.72,2.0,17.075568550286146,-4.889732269641415,17.075568550286146,-4.889732269641415,1.6704549066923338,5.448548572983164,0.14571225695363088
1969.0,78.76,2.0,16.88112666036611,-5.070832800683039,16.88112666036611,-5.070832800683039,1.680467025458182,5.448548572983164,0.14571225695363088
1970.0,78.8,2.0,16.684321628385806,-5.2483067767340135,16.684321628385806,-5.2483067767340135,1.69047914422403,5.448548572983164,0.14571225695363088
1971.0,78.84,2.0,16.48521338278562,-5.422119238001351,16.48521338278562,-5.422119238001351,1.7004912629898783,5.448548572983164,0.14571225695363088
1972.0,78.88,2.0,16.283862389789974,-5.592236187475509,16.283862389789974,-5.592236187475509,1.7105033817557262,5.448548572983164,0.14571225695363088
1973.0,78.92,2.0,16.080329638051285,-5.758624599292611,16.080329638051285,-5.758624599292611,1.7205155005215746,5.448548572983164,0.14571225695363088
1974.0,78.96000000000001,2.0,15.874676623163527,-5.921252426852206,15.874676623163527,-5.921252426852206,1.7305276192874228,5.448548572983164,0.14571225695363088
1975.0,79.0,2.0,15.666965332049319,-6.080088610688554,15.666965332049319,-6.080088610688554,1.7405397380532708,5.448548572983164,0.14571225695363088
1976.0,79.04,2.0,15.457258227224411,-6.2351030860934555,15.457258227224411,-6.2351030860934555,1.7505518568191192,5.448548572983164,0.14571225695363088
1977.0,79.08,2.0,15.245618230943606,-6.386266790488722,15.245618230943606,-6.386266790488722,1.7605639755849674,5.448548572983164,0.14571225695363088
1978.0,79.12,2.0,15.032108709231949,-6.533551670546427,15.032108709231949,-6.533551670546427,1.7705760943508158,5.448548572983164,0.14571225695363088
1979.0,79.16,2.0,14.816793455805406,-6.676930689055174,14.816793455805406,-6.676930689055174,1.7805882131166633,5.448548572983164,0.14571225695363088
1980.0,79.2,2.0,14.59973667588485,-6.816377831530649,14.59973667588485,-6.816377831530649,1.7906003318825117,5.448548572983164,0.14571225695363088
1981.0,79.24,2.0,14.381002969907566,-6.951868112568792,14.381002969907566,-6.951868112568792,1.80061245064836,5.448548572983164,0.14571225695363088
1982.0,79.28,2.0,14.160657317140325,-7.0833775819400255,14.160657317140325,-7.0833775819400255,1.8106245694142078,5.448548572983164,0.14571225695363088
1983.0,79.32000000000001,2.0,13.938765059198118,-7.21088333042299,13.938765059198118,-7.21088333042299,1.8206366881800562,5.448548572983164,0.14571225695363088
1984.0,79.36,2.0,13.71539188347271,-7.3343634953763255,13.71539188347271,-7.3343634953763255,1.8306488069459046,5.448548572983164,0.14571225695363088
1985.0,79.4,2.0,13.490603806475184,-7.453797266047117,13.490603806475184,-7.453797266047117,1.8406609257117528,5.448548572983164,0.14571225695363088
1986.0,79.44,2.0,13.264467157096627,-7.569164888614678,13.264467157096627,-7.569164888614678,1.8506730444776007,5.448548572983164,0.14571225695363088
1987.0,79.48,2.0,13.037048559791211,-7.680447670968375,13.037048559791211,-7.680447670968375,1.8606851632434491,5.448548572983164,0.14571225695363088
1988.0,79.52,2.0,12.808414917685809,-7.787627987218359,12.808414917685809,-7.787627987218359,1.870697282009297,5.448548572983164,0.14571225695363088
1989.0,79.56,2.0,12.578633395620507,-7.890689281937999,12.578633395620507,-7.890689281937999,1.8807094007751453,5.448548572983164,0.14571225695363088
1990.0,79.60000000000001,2.0,12.347771403124137,-7.989616074137037,12.347771403124137,-7.989616074137037,1.8907215195409937,5.448548572983164,0.14571225695363088
1991.0,79.64,2.0,12.115896577329215,-8.084393960964391,12.115896577329215,-8.084393960964391,1.9007336383068416,5.448548572983164,0.14571225695363088
1992.0,79.68,2.0,11.883076765830516,-8.175009621139754,11.883076765830516,-8.175009621139754,1.91074575707269,5.448548572983164,0.14571225695363088
1993.0,79.72,2.0,11.6493800094916,-8.261450818113067,11.6493800094916,-8.261450818113067,1.9207578758385382,5.448548572983164,0.14571225695363088
1994.0,79.76,2.0,11.414874525203615,-8.343706402951133,11.414874525203615,-8.343706402951133,1.9307699946043861,5.448548572983164,0.14571225695363088
1995.0,79.8,2.0,11.179628688600706,-8.421766316950595,11.179628688600706,-8.421766316950595,1.9407821133702345,5.448548572983164,0.14571225695363088
1996.0,79.84,2.0,10.943711016736353,-8.495621593976677,10.943711016736353,-8.495621593976677,1.9507942321360825,5.448548572983164,0.14571225695363088
1997.0,79.88,2.0,10.707190150725019,-8.565264362527078,10.707190150725019,-8.565264362527078,1.9608063509019307,5.448548572983164,0.14571225695363088
1998.0,79.92,2.0,10.470134838353424,-8.630687847520488,10.470134838353424,-8.630687847520488,1.970818469667779,5.448548572983164,0.14571225695363088
1999.0,79.96000000000001,2.0,10.232613916665864,-8.691886371809336,10.232613916665864,-8.691886371809336,1.980830588433627,5.448548572983164,0.14571225695363088
2000.0,80.0,2.0,9.994696294527886,-8.748855357416316,9.994696294527886,-8.748855357416316,1.9908427071994752,5.448548572983164,0.14571225695363088
2001.0,80.04,2.0,9.756450935172756,-8.80159132649447,9.756450935172756,-8.80159132649447,2.000854825965323,5.448548572983164,0.14571225695363088
2002.0,80.08,2.0,9.517946838735067,-8.850091902010512,9.517946838735067,-8.850091902010512,2.010866944731172,5.448548572983164,0.14571225695363088
2003.0,80.12,2.0,9.279253024775873,-8.89435580815127,9.279253024775873,-8.89435580815127,2.0208790634970195,5.448548572983164,0.14571225695363088
2004.0,80.16,2.0,9.040438514803752,-8.934382870453149,9.040438514803752,-8.934382870453149,2.030891182262868,5.448548572983164,0.14571225695363088
2005.0,80.2,2.0,8.801572314796186,-8.970174015654557,8.801572314796186,-8.970174015654557,2.040903301028716,5.448548572983164,0.14571225695363088
2006.0,80.24,2.0,8.562723397725625,-9.001731271271359,8.562723397725625,-9.001731271271359,2.0509154197945643,5.448548572983164,0.14571225695363088
2007.0,80.28,2.0,8.323960686094654,-9.029057764895464,8.323960686094654,-9.029057764895464,2.0609275385604127,5.448548572983164,0.14571225695363088
2008.0,80.32000000000001,2.0,8.085353034484612,-9.052157723216707,8.085353034484612,-9.052157723216707,2.0709396573262606,5.448548572983164,0.14571225695363088
2009.0,80.36,2.0,7.846969212122086,-9.07103647076831,7.846969212122086,-9.07103647076831,2.080951776092109,5.448548572983164,0.14571225695363088
2010.0,80.4,2.0,7.608877885467614,-9.085700428396205,7.608877885467614,-9.085700428396205,2.090963894857957,5.448548572983164,0.14571225695363088
2011.0,80.44,2.0,7.3711476008310015,-9.096157111452612,7.3711476008310015,-9.096157111452612,2.1009760136238054,5.448548572983164,0.14571225695363088
2012.0,80.48,2.0,7.133846767017613,-9.102415127714375,7.133846767017613,-9.102415127714375,2.1109881323896533,5.448548572983164,0.14571225695363088
2013.0,80.52,2.0,6.897043638009959,-9.104484175026492,6.897043638009959,-9.104484175026492,2.1210002511555013,5.448548572983164,0.14571225695363088
2014.0,80.56,2.0,6.660806295688988,-9.10237503867153,6.660806295688988,-9.10237503867153,2.1310123699213497,5.448548572983164,0.14571225695363088
2015.0,80.60000000000001,2.0,6.425202632599363,-9.096099588465522,6.425202632599363,-9.096099588465522,2.141024488687198,5.448548572983164,0.14571225695363088
2016.0,80.64,2.0,6.190300334763094,-9.085670775581102,6.190300334763094,-9.085670775581102,2.151036607453046,5.448548572983164,0.14571225695363088
2017.0,80.68,2.0,5.956166864545807,-9.071102629098686,5.956166864545807,-9.071102629098686,2.1610487262188944,5.448548572983164,0.14571225695363088
2018.0,80.72,2.0,5.722869443579976,-9.052410252286554,5.722869443579976,-9.052410252286554,2.1710608449847424,5.448548572983164,0.14571225695363088
2019.0,80.76,2.0,5.490475035749399,-9.02960981861077,5.490475035749399,-9.02960981861077,2.181072963750591,5.448548572983164,0.14571225695363088
2020.0,80.8,2.0,5.2590503302391785,-9.002718567475958,5.2590503302391785,-9.002718567475958,2.1910850825164387,5.448548572983164,0.14571225695363088
2021.0,80.84,2.0,5.02866172465548,-8.971754799697997,5.02866172465548,-8.971754799697997,2.2010972012822867,5.448548572983164,0.14571225695363088
2022.0,80.88,2.0,4.799375308219298,-8.93673787270977,4.799375308219298,-8.93673787270977,2.211109320048135,5.448548572983164,0.14571225695363088
2023.0,80.92,2.0,4.571256845038434,-8.89768819550118,4.571256845038434,-8.89768819550118,2.2211214388139835,5.448548572983164,0.14571225695363088
2024.0,80.96000000000001,2.0,4.34437175746193,-8.85462722329471,4.34437175746193,-8.85462722329471,2.231133557579832,5.448548572983164,0.14571225695363088
2025.0,81.0,2.0,4.118785109521079,-8.807577451957862,4.118785109521079,-8.807577451957862,2.24114567634568,5.448548572983164,0.14571225695363088
2026.0,81.04,2.0,3.894561590461218,-8.756562412153867,3.894561590461218,-8.756562412153867,2.251157795111528,5.448548572983164,0.14571225695363088
2027.0,81.08,2.0,3.6717654983684134,-8.701606663232173,3.6717654983684134,-8.701606663232173,2.261169913877376,5.448548572983164,0.14571225695363088
2028.0,81.12,2.0,3.450460723895154,-8.642735786860205,3.450460723895154,-8.642735786860205,2.271182032643224,5.448548572983164,0.14571225695363088
2029.0,81.16,2.0,3.2307107340891434,-8.57997638039803,3.2307107340891434,-8.57997638039803,2.2811941514090726,5.448548572983164,0.14571225695363088
2030.0,81.2,2.0,3.012578556329243,-8.51335605001757,3.012578556329243,-8.51335605001757,2.2912062701749205,5.448548572983164,0.14571225695363088
2031.0,81.24,2.0,2.7961267623726114,-8.442903403568128,2.7961267623726114,-8.442903403568128,2.301218388940769,5.448548572983164,0.14571225695363088
2032.0,81.28,2.0,2.581417452517028,-8.368648043189973,2.581417452517028,-8.368648043189973,2.3112305077066173,5.448548572983164,0.14571225695363088
2033.0,81.32000000000001,2.0,2.3685122398823943,-8.290620557677876,2.3685122398823943,-8.290620557677876,2.3212426264724653,5.448548572983164,0.14571225695363088
2034.0,81.36,2.0,2.1574722348153488,-8.208852514596508,2.1574722348153488,-8.208852514596508,2.331254745238313,5.448548572983164,0.14571225695363088
2035.0,81.4,2.0,1.9483580294209155,-8.123376452149682,1.9483580294209155,-8.123376452149682,2.3412668640041616,5.448548572983164,0.14571225695363088
2036.0,81.44,2.0,1.7412296822250688,-8.03422587080547,1.7412296822250688,-8.03422587080547,2.3512789827700096,5.448548572983164,0.14571225695363088
2037.0,81.48,2.0,1.5361467029720635,-7.94143522467933,1.5361467029720635,-7.94143522467933,2.361291101535858,5.448548572983164,0.14571225695363088
2038.0,81.52,2.0,1.3331680375603487,-7.845039912677369,1.3331680375603487,-7.845039912677369,2.371303220301706,5.448548572983164,0.14571225695363088
2039.0,81.56,2.0,1.1323520531208515,-7.745076269402008,1.1323520531208515,-7.745076269402008,2.3813153390675543,5.448548572983164,0.14571225695363088
2040.0,81.60000000000001,2.0,0.9337565232413683,-7.641581555822315,0.9337565232413683,-7.641581555822315,2.3913274578334027,5.448548572983164,0.14571225695363088
2041.0,81.64,2.0,0.7374386133407805,-7.53459394971132,0.7374386133407805,-7.53459394971132,2.4013395765992507,5.448548572983164,0.14571225695363088
2042.0,81.68,2.0,0.5434548661967658,-7.4241525358528095,0.5434548661967658,-7.4241525358528095,2.411351695365099,5.448548572983164,0.14571225695363088
2043.0,81.72,2.0,0.35186118763063506,-7.310297296019927,0.35186118763063506,-7.310297296019927,2.4213638141309466,5.448548572983164,0.14571225695363088
2044.0,81.76,2.0,0.1627128323528934,-7.193069098728229,0.1627128323528934,-7.193069098728229,2.431375932896795,5.448548572983164,0.14571225695363088
2045.0,81.8,2.0,-0.023935610026924348,-7.072509688765672,-0.023935610026924348,-7.072509688765672,2.4413880516626434,5.448548572983164,0.14571225695363088
2046.0,81.84,2.0,-0.2080302288226279,-6.948661676502231,-0.2080302288226279,-6.948661676502231,2.4514001704284913,5.448548572983164,0.14571225695363088
2047.0,81.88,2.0,-0.3895178059224877,-6.821568526981781,-0.3895178059224877,-6.821568526981781,2.4614122891943397,5.448548572983164,0.14571225695363088
2048.0,81.92,2.0,-0.5683458292656639,-6.6912745487990275,-0.5683458292656639,-6.6912745487990275,2.471424407960188,5.448548572983164,0.14571225695363088
2049.0,81.96000000000001,2.0,-0.7444625061405656,-6.557824882764253,-0.7444625061405656,-6.557824882764253,2.481436526726036,5.448548572983164,0.14571225695363088
2050.0,82.0,2.0,-0.9178167763018001,-6.4212654903587305,-0.9178167763018001,-6.4212654903587305,2.4914486454918845,5.448548572983164,0.14571225695363088
2051.0,82.04,2.0,-1.08835832490242,-6.2816431419837215,-1.08835832490242,-6.2816431419837215,2.5014607642577324,5.448548572983164,0.14571225695363088
2052.0,82.08,2.0,-1.2560375952382206,-6.139005405005985,-1.2560375952382206,-6.139005405005985,2.511472883023581,5.448548572983164,0.14571225695363088
2053.0,82.12,2.0,-1.4208058013008869,-5.993400631602831,-1.4208058013008869,-5.993400631602831,2.5214850017894292,5.448548572983164,0.14571225695363088
2054.0,82.16,2.0,-1.5826149401368395,-5.84487794640974,-1.5826149401368395,-5.84487794640974,2.531497120555277,5.448548572983164,0.14571225695363088
2055.0,82.2,2.0,-1.741417804008678,-5.69348723397368,-1.741417804008678,-5.69348723397368,2.5415092393211256,5.448548572983164,0.14571225695363088
2056.0,82.24,2.0,-1.8971679923561608,-5.539279126015255,-1.8971679923561608,-5.539279126015255,2.551521358086974,5.448548572983164,0.14571225695363088
2057.0,82.28,2.0,-2.0498199235537298,-5.382304988502894,-2.0498199235537298,-5.382304988502894,2.561533476852822,5.448548572983164,0.14571225695363088
2058.0,82.32000000000001,2.0,-2.199328846461616,-5.222616908542323,-2.199328846461616,-5.222616908542323,2.5715455956186704,5.448548572983164,0.14571225695363088
2059.0,82.36,2.0,-2.3456508517676347,-5.060267681084613,-2.3456508517676347,-5.060267681084613,2.5815577143845188,5.448548572983164,0.14571225695363088
2060.0,82.4,2.0,-2.4887428831168177,-4.895310795456156,-2.4887428831168177,-4.895310795456156,2.591569833150367,5.448548572983164,0.14571225695363088
2061.0,82.44,2.0,-2.628562748026086,-4.727800421713925,-2.628562748026086,-4.727800421713925,2.6015819519162156,5.448548572983164,0.14571225695363088
2062.0,82.48,2.0,-2.7650691285812306,-4.557791396829485,-2.7650691285812306,-4.557791396829485,2.611594070682064,5.448548572983164,0.14571225695363088
2063.0,82.52,2.0,-2.8982215919135053,-4.385339210705173,-2.8982215919135053,-4.385339210705173,2.6216061894479123,5.448548572983164,0.14571225695363088
2064.0,82.56,2.0,-3.0279806004532106,-4.210499992026032,-3.0279806004532106,-4.210499992026032,2.6316183082137607,5.448548572983164,0.14571225695363088
2065.0,82.60000000000001,2.0,-3.1543075219576817,-4.03333049395097,-3.1543075219576817,-4.03333049395097,2.641630426979609,5.448548572983164,0.14571225695363088
2066.0,82.64,2.0,-3.2771646393111773,-3.853888079646802,-3.2771646393111773,-3.853888079646802,2.6516425457454575,5.448548572983164,0.14571225695363088
2067.0,82.68,2.0,-3.3965151600941965,-3.672230707668785,-3.3965151600941965,-3.672230707668785,2.661654664511306,5.448548572983164,0.14571225695363088
2068.0,82.72,2.0,-3.5123232259198254,-3.488416917191313,-3.5123232259198254,-3.488416917191313,2.6716667832771543,5.448548572983164,0.14571225695363088
2069.0,82.76,2.0,-3.6245539215347713,-3.302505813092494,-3.6245539215347713,-3.302505813092494,2.6816789020430027,5.448548572983164,0.14571225695363088
2070.0,82.8,2.0,-3.733173283682793,-3.114557050896346,-3.733173283682793,-3.114557050896346,2.691691020808851,5.448548572983164,0.14571225695363088
2071.0,82.84,2.0,-3.8381483097283065,-2.9246308215764,-3.8381483097283065,-2.9246308215764,2.7017031395746995,5.448548572983164,0.14571225695363088
2072.0,82.88,2.0,-3.9394469660379983,-2.7327878362245257,-3.9394469660379983,-2.7327878362245257,2.711715258340548,5.448548572983164,0.14571225695363088
2073.0,82.92,2.0,-4.037038196118345,-2.5390893105888312,-4.037038196118345,-2.5390893105888312,2.7217273771063963,5.448548572983164,0.14571225695363088
2074.0,82.96000000000001,2.0,-4.130891928506986,-2.343596949484516,-4.130891928506986,-2.343596949484516,2.7317394958722447,5.448548572983164,0.14571225695363088
2075.0,83.0,2.0,-4.220979084415981,-2.1463729310816007,-4.220979084415981,-2.1463729310816007,2.741751614638093,5.448548572983164,0.14571225695363088
2076.0,83.04,2.0,-4.307271585125019,-1.947479891073473,-4.307271585125019,-1.947479891073473,2.7517637334039415,5.448548572983164,0.14571225695363088
2077.0,83.08,2.0,-4.389742359122737,-1.7469809067302315,-4.389742359122737,-1.7469809067302315,2.76177585216979,5.448548572983164,0.14571225695363088
2078.0,83.12,2.0,-4.468365348994336,-1.5449394808408279,-4.468365348994336,-1.5449394808408279,2.7717879709356383,5.448548572983164,0.14571225695363088
2079.0,83.16,2.0,-4.543115518053788,-1.341419525548046,-4.543115518053788,-1.341419525548046,2.7818000897014867,5.448548572983164,0.14571225695363088
2080.0,83.2,2.0,-4.613968856718939,-1.1364853460803723,-4.613968856718939,-1.1364853460803723,2.791812208467335,5.448548572983164,0.14571225695363088
2081.0,83.24,2.0,-4.680902388627944,-0.9302016243848495,-4.680902388627944,-0.9302016243848495,2.8018243272331835,5.448548572983164,0.14571225695363088
2082.0,83.28,2.0,-4.743894176495448,-0.7226334026650205,-4.743894176495448,-0.7226334026650205,2.811836445999032,5.448548572983164,0.14571225695363088
2083.0,83.32000000000001,2.0,-4.802923327707103,-0.5138460668280963,-4.802923327707103,-0.5138460668280963,2.8218485647648803,5.448548572983164,0.14571225695363088
2084.0,83.36,2.0,-4.857969999650959,-0.30390532984551066,-4.857969999650959,-0.30390532984551066,2.8318606835307287,5.448548572983164,0.14571225695363088
2085.0,83.4,2.0,-4.909015404784423,-0.09287721503103574,-4.909015404784423,-0.09287721503103574,2.841872802296577,5.448548572983164,0.14571225695363088
2086.0,83.44,2.0,-4.956041815435503,0.11917196075934,-4.956041815435503,0.11917196075934,2.8518849210624255,5.448548572983164,0.14571225695363088
2087.0,83.48,2.0,-4.9990325683371335,0.33217560400155055,-4.9990325683371335,0.33217560400155055,2.861897039828274,5.448548572983164,0.14571225695363088
2088.0,83.52,2.0,-5.037972068893437,0.5460668614473712,-5.037972068893437,0.5460668614473712,2.8719091585941223,5.448548572983164,0.14571225695363088
2089.0,83.56,2.0,-5.0728457951768595,0.760778637133862,-5.0728457951768595,0.760778637133862,2.8819212773599707,5.448548572983164,0.14571225695363088
2090.0,83.60000000000001,2.0,-5.1036403016551635,0.9762436094540616,-5.1036403016551635,0.9762436094540616,2.891933396125819,5.448548572983164,0.14571225695363088
2091.0,83.64,2.0,-5.130343222647356,1.1923942482846472,-5.130343222647356,1.1923942482846472,2.9019455148916675,5.448548572983164,0.14571225695363088
2092.0,83.68,2.0,-5.15294327550767,1.4091628321662553,-5.15294327550767,1.4091628321662553,2.911957633657516,5.448548572983164,0.14571225695363088
2093.0,83.72,2.0,-5.171430263536801,1.626481465532152,-5.171430263536801,1.626481465532152,2.9219697524233643,5.448548572983164,0.14571225695363088
2094.0,83.76,2.0,-5.185795078619684,1.8442820959809214,-5.185795078619684,1.8442820959809214,2.9319818711892127,5.448548572983164,0.14571225695363088
2095.0,83.8,2.0,-5.196029703589117,2.0624965315888395,-5.196029703589117,2.0624965315888395,2.941993989955061,5.448548572983164,0.14571225695363088
2096.0,83.84,2.0,-5.202127214314662,2.281056458257578,-5.202127214314662,2.281056458257578,2.9520061087209095,5.448548572983164,0.14571225695363088
2097.0,83.88,2.0,-5.204081781516292,2.499893457092888,-5.204081781516292,2.499893457092888,2.962018227486758,5.448548572983164,0.14571225695363088
2098.0,83.92,2.0,-5.20188867230232,2.718939021809897,-5.20188867230232,2.718939021809897,2.9720303462526063,5.448548572983164,0.14571225695363088
2099.0,83.96000000000001,2.0,-5.195544251431225,2.9381245761606425,-5.195544251431225,2.9381245761606425,2.9820424650184547,5.448548572983164,0.14571225695363088
2100.0,84.0,2.0,-5.185045982297069,3.1573814913794735,-5.185045982297069,3.1573814913794735,2.992054583784303,5.448548572983164,0.14571225695363088
2101.0,84.04,2.0,-5.170392427638239,3.3766411036419313,-5.170392427638239,3.3766411036419313,3.0020667025501515,5.448548572983164,0.14571225695363088
2102.0,84.08,2.0,-5.151583249969349,3.5958347315327286,-5.151583249969349,3.5958347315327286,3.012078821316,5.448548572983164,0.14571225695363088
2103.0,84.12,2.0,-5.128619211736177,3.8148936935184423,-5.128619211736177,3.8148936935184423,3.0220909400818483,5.448548572983164,0.14571225695363088
2104.0,84.16,2.0,-5.101502175193623,4.033749325420514,-5.101502175193623,4.033749325420514,3.0321030588476967,5.448548572983164,0.14571225695363088
2105.0,84.2,2.0,-5.070235102006686,4.252332997884207,-5.070235102006686,4.252332997884207,3.042115177613545,5.448548572983164,0.14571225695363088
2106.0,84.24,2.0,-5.034822052574574,4.470576133839084,-5.034822052574574,4.470576133839084,3.0521272963793935,5.448548572983164,0.14571225695363088
2107.0,84.28,2.0,-4.995268185078131,4.6884102259466625,-4.995268185078131,4.6884102259466625,3.062139415145242,5.448548572983164,0.14571225695363088
2108.0,84.32000000000001,2.0,-4.9515797542507825,4.905766854030837,-4.9515797542507825,4.905766854030837,3.0721515339110903,5.448548572983164,0.14571225695363088
2109.0,84.36,2.0,-4.903764109873341,5.122577702486713,-4.903764109873341,5.122577702486713,3.0821636526769387,5.448548572983164,0.14571225695363088
2110.0,84.4,2.0,-4.851829694993031,5.338774577663456,-4.851829694993031,5.338774577663456,3.092175771442787,5.448548572983164,0.14571225695363088
2111.0,84.44,2.0,-4.795786043867179,5.554289425216805,-4.795786043867179,5.554289425216805,3.1021878902086355,5.448548572983164,0.14571225695363088
2112.0,84.48,2.0,-4.735643779632092,5.769054347426904,-4.735643779632092,5.769054347426904,3.112200008974484,5.448548572983164,0.14571225695363088
2113.0,84.52,2.0,-4.671414611697703,5.983001620477067,-4.671414611697703,5.983001620477067,3.1222121277403323,5.448548572983164,0.14571225695363088
2114.0,84.56,2.0,-4.603111332868627,6.196063711689165,-4.603111332868627,6.196063711689165,3.1322242465061807,5.448548572983164,0.14571225695363088
2115.0,84.60000000000001,2.0,-4.530747816192379,6.408173296711302,-4.530747816192379,6.408173296711302,3.142236365272029,5.448548572983164,0.14571225695363088
2116.0,84.64,2.0,-4.454339011535501,6.61926327665346,-4.454339011535501,6.61926327665346,3.1522484840378775,5.448548572983164,0.14571225695363088
2117.0,84.68,2.0,-4.3739009418884836,6.829266795166791,-4.3739009418884836,6.829266795166791,3.162260602803726,5.448548572983164,0.14571225695363088
2118.0,84.72,2.0,-4.289450699400424,7.038117255462313,-4.289450699400424,7.038117255462313,3.1722727215695743,5.448548572983164,0.14571225695363088
2119.0,84.76,2.0,-4.20100644114436,7.245748337264679,-4.20100644114436,7.245748337264679,3.1822848403354227,5.448548572983164,0.14571225695363088
2120.0,84.8,2.0,-4.108587384614402,7.452094013696796,-4.108587384614402,7.452094013696796,3.192296959101271,5.448548572983164,0.14571225695363088
2121.0,84.84,2.0,-4.012213802955751,7.657088568091057,-4.012213802955751,7.657088568091057,3.2023090778671195,5.448548572983164,0.14571225695363088
2122.0,84.88,2.0,-3.9119070199288166,7.860666610722928,-3.9119070199288166,7.860666610722928,3.212321196632968,5.448548572983164,0.14571225695363088
2123.0,84.92,2.0,-3.807689404608696,8.062763095462737,-3.807689404608696,8.062763095462737,3.2223333153988163,5.448548572983164,0.14571225695363088
2124.0,84.96000000000001,2.0,-3.6995843658213388,8.263313336341422,-3.6995843658213388,8.263313336341422,3.2323454341646647,5.448548572983164,0.14571225695363088
2125.0,85.0,2.0,-3.5876163463177937,8.462253024026149,-3.5876163463177937,8.462253024026149,3.242357552930513,5.448548572983164,0.14571225695363088
2126.0,85.04,2.0,-3.4718108166879995,8.659518242201589,-3.4718108166879995,8.659518242201589,3.2523696716963615,5.448548572983164,0.14571225695363088
2127.0,85.08,2.0,-3.3521942690156505,8.855045483852795,-3.3521942690156505,8.855045483852795,3.26238179046221,5.448548572983164,0.14571225695363088
2128.0,85.12,2.0,-3.22879421027572,9.048771667445566,-3.22879421027572,9.048771667445566,3.2723939092280583,5.448548572983164,0.14571225695363088
2129.0,85.16,2.0,-3.101639155476299,9.240634153000212,-3.101639155476299,9.240634153000212,3.2824060279939067,5.448548572983164,0.14571225695363088
2130.0,85.2,2.0,-2.9707586205464787,9.430570758054744,-2.9707586205464787,9.430570758054744,3.292418146759755,5.448548572983164,0.14571225695363088
2131.0,85.24,2.0,-2.8361831149720507,9.618519773513407,-2.8361831149720507,9.618519773513407,3.3024302655256035,5.448548572983164,0.14571225695363088
2132.0,85.28,2.0,-2.697944134180877,9.804419979376629,-2.697944134180877,9.804419979376629,3.312442384291452,5.448548572983164,0.14571225695363088
2133.0,85.32000000000001,2.0,-2.556074151679838,9.988210660348404,-2.556074151679838,9.988210660348404,3.3224545030573003,5.448548572983164,0.14571225695363088
2134.0,85.36,2.0,-2.4106066109453304,10.169831621317211,-2.4106066109453304,10.169831621317211,3.3324666218231487,5.448548572983164,0.14571225695363088
2135.0,85.4,2.0,-2.2615759170693526,10.349223202706549,-2.2615759170693526,10.349223202706549,3.342478740588997,5.448548572983164,0.14571225695363088
2136.0,85.44,2.0,-2.1090174281632694,10.526326295691275,-2.1090174281632694,10.526326295691275,3.3524908593548455,5.448548572983164,0.14571225695363088
2137.0,85.48,2.0,-1.9529674465214129,10.701082357275878,-1.9529674465214129,10.701082357275878,3.362502978120694,5.448548572983164,0.14571225695363088
2138.0,85.52,2.0,-1.793463209546737,10.873433425230939,-1.793463209546737,10.873433425230939,3.3725150968865423,5.448548572983164,0.14571225695363088
2139.0,85.56,2.0,-1.6305428804408044,11.043322132883995,-1.6305428804408044,11.043322132883995,3.3825272156523907,5.448548572983164,0.14571225695363088
2140.0,85.60000000000001,2.0,-1.464245538660434,11.21069172376111,-1.464245538660434,11.21069172376111,3.392539334418239,5.448548572983164,0.14571225695363088
2141.0,85.64,2.0,-1.2946111701434109,11.375486066075473,-1.2946111701434109,11.375486066075473,3.4025514531840875,5.448548572983164,0.14571225695363088
2142.0,85.68,2.0,-1.1216806573057077,11.53764966705937,-1.1216806573057077,11.53764966705937,3.4125635719499363,5.448548572983164,0.14571225695363088
2143.0,85.72,2.0,-0.9454957688127259,11.697127687135948,-0.9454957688127259,11.697127687135948,3.4225756907157843,5.448548572983164,0.14571225695363088
2144.0,85.76,2.0,-0.7660991491271228,11.853865953927198,-0.7660991491271228,11.853865953927198,3.432587809481633,5.448548572983164,0.14571225695363088
2145.0,85.8,2.0,-0.5835343078358497,12.007810976094639,-0.5835343078358497,12.007810976094639,3.442599928247481,5.448548572983164,0.14571225695363088
2146.0,85.84,2.0,-0.3978456087590746,12.15890995700923,-0.3978456087590746,12.15890995700923,3.4526120470133295,5.448548572983164,0.14571225695363088
2147.0,85.88,2.0,-0.20907825884372472,12.30711080824708,-0.20907825884372472,12.30711080824708,3.462624165779178,5.448548572983164,0.14571225695363088
2148.0,85.92,2.0,-0.017278296844434226,12.452362162907542,-0.017278296844434226,12.452362162907542,3.4726362845450263,5.448548572983164,0.14571225695363088
2149.0,85.96000000000001,2.0,0.1775074182052637,12.594613388750385,0.1775074182052637,12.594613388750385,3.482648403310874,5.448548572983164,0.14571225695363088
2150.0,86.0,2.0,0.37523121872860665,12.733814601148701,0.37523121872860665,12.733814601148701,3.492660522076723,5.448548572983164,0.14571225695363088
2151.0,86.04,2.0,0.5758446405451916,12.869916675854318,0.5758446405451916,12.869916675854318,3.502672640842571,5.448548572983164,0.14571225695363088
2152.0,86.08,2.0,0.7792984350114867,13.002871261572523,0.7792984350114867,13.002871261572523,3.51268475960842,5.448548572983164,0.14571225695363088
2153.0,86.12,2.0,0.9855425813592191,13.13263079234287,0.9855425813592191,13.13263079234287,3.5226968783742683,5.448548572983164,0.14571225695363088
2154.0,86.16,2.0,1.1945262992285448,13.259148499723064,1.1945262992285448,13.259148499723064,3.5327089971401167,5.448548572983164,0.14571225695363088
2155.0,86.2,2.0,1.4061980613928544,13.382378424772792,1.4061980613928544,13.382378424772792,3.542721115905965,5.448548572983164,0.14571225695363088
2156.0,86.24,2.0,1.6205056066720238,13.50227542983446,1.6205056066720238,13.50227542983446,3.5527332346718135,5.448548572983164,0.14571225695363088
2157.0,86.28,2.0,1.8373959530308699,13.618795210107976,1.8373959530308699,13.618795210107976,3.562745353437662,5.448548572983164,0.14571225695363088
2158.0,86.32000000000001,2.0,2.0568154108595205,13.731894305016585,2.0568154108595205,13.731894305016585,3.5727574722035107,5.448548572983164,0.14571225695363088
2159.0,86.36,2.0,2.278709596432375,13.841530109360926,2.278709596432375,13.841530109360926,3.5827695909693587,5.448548572983164,0.14571225695363088
2160.0,86.4,2.0,2.5030234455422713,13.947660884258514,2.5030234455422713,13.947660884258514,3.5927817097352075,5.448548572983164,0.14571225695363088
2161.0,86.44,2.0,2.729701227306441,14.050245767865906,2.729701227306441,14.050245767865906,3.6027938285010555,5.448548572983164,0.14571225695363088
2162.0,86.48,2.0,2.9586865581407866,14.149244785880814,2.9586865581407866,14.149244785880814,3.612805947266904,5.448548572983164,0.14571225695363088
2163.0,86.52,2.0,3.189922415898982,14.244618861821584,3.189922415898982,14.244618861821584,3.6228180660327522,5.448548572983164,0.14571225695363088
2164.0,86.56,2.0,3.423351154172837,14.336329827081414,3.423351154172837,14.336329827081414,3.6328301847986006,5.448548572983164,0.14571225695363088
2165.0,86.60000000000001,2.0,3.658914516750348,14.424340430754793,3.658914516750348,14.424340430754793,3.6428423035644486,5.448548572983164,0.14571225695363088
2166.0,86.64,2.0,3.8965536522278,14.508614349233715,3.8965536522278,14.508614349233715,3.6528544223302974,5.448548572983164,0.14571225695363088
2167.0,86.68,2.0,4.1362091287722595,14.589116195571213,4.1362091287722595,14.589116195571213,3.6628665410961454,5.448548572983164,0.14571225695363088
2168.0,86.72,2.0,4.377820949030752,14.665811528609904,4.377820949030752,14.665811528609904,3.6728786598619942,5.448548572983164,0.14571225695363088
2169.0,86.76,2.0,4.621328565182374,14.738666861873222,4.621328565182374,14.738666861873222,3.6828907786278426,5.448548572983164,0.14571225695363088
2170.0,86.8,2.0,4.866670894129582,14.807649672217096,4.866670894129582,14.807649672217096,3.692902897393691,5.448548572983164,0.14571225695363088
2171.0,86.84,2.0,5.113786332824835,14.872728408239926,5.113786332824835,14.872728408239926,3.7029150161595394,5.448548572983164,0.14571225695363088
2172.0,86.88,2.0,5.36261277372873,14.933872498448753,5.36261277372873,14.933872498448753,3.712927134925388,5.448548572983164,0.14571225695363088
2173.0,86.92,2.0,5.613087620395794,14.991052359179488,5.613087620395794,14.991052359179488,3.7229392536912362,5.448548572983164,0.14571225695363088
2174.0,86.96000000000001,2.0,5.865147803183963,15.044239402269318,5.865147803183963,15.044239402269318,3.732951372457085,5.448548572983164,0.14571225695363088
2175.0,87.0,2.0,6.118729795083874,15.09340604247927,6.118729795083874,15.09340604247927,3.742963491222933,5.448548572983164,0.14571225695363088
2176.0,87.04,2.0,6.373769627663928,15.138525704665145,6.373769627663928,15.138525704665145,3.752975609988782,5.448548572983164,0.14571225695363088
2177.0,87.08,2.0,6.63020290712718,15.179572830694937,6.63020290712718,15.179572830694937,3.76298772875463,5.448548572983164,0.14571225695363088
2178.0,87.12,2.0,6.887964830475997,15.216522886111045,6.887964830475997,15.216522886111045,3.7729998475204782,5.448548572983164,0.14571225695363088
2179.0,87.16,2.0,7.146990201780426,15.249352366535613,7.146990201780426,15.249352366535613,3.7830119662863266,5.448548572983164,0.14571225695363088
2180.0,87.2,2.0,7.40721344854622,15.278038803817353,7.40721344854622,15.278038803817353,3.793024085052175,5.448548572983164,0.14571225695363088
2181.0,87.24,2.0,7.668568638178371,15.302560771918317,7.668568638178371,15.302560771918317,3.803036203818023,5.448548572983164,0.14571225695363088
2182.0,87.28,2.0,7.930989494536057,15.322897892539135,7.930989494536057,15.322897892539135,3.813048322583872,5.448548572983164,0.14571225695363088
2183.0,87.32000000000001,2.0,8.19440941457482,15.339030840481328,8.19440941457482,15.339030840481328,3.82306044134972,5.448548572983164,0.14571225695363088
2184.0,87.36,2.0,8.458761485071827,15.350941348745284,8.458761485071827,15.350941348745284,3.8330725601155686,5.448548572983164,0.14571225695363088
2185.0,87.4,2.0,8.72397849942999,15.358612213362694,8.72397849942999,15.358612213362694,3.843084678881417,5.448548572983164,0.14571225695363088
2186.0,87.44,2.0,8.989992974556742,15.362027297962172,8.989992974556742,15.362027297962172,3.8530967976472654,5.448548572983164,0.14571225695363088
2187.0,87.48,2.0,9.256737167813245,15.361171538066923,9.256737167813245,15.361171538066923,3.863108916413114,5.448548572983164,0.14571225695363088
2188.0,87.52,2.0,9.524143094029746,15.356030945123399,9.524143094029746,15.356030945123399,3.8731210351789622,5.448548572983164,0.14571225695363088
2189.0,87.56,2.0,9.79214254258283,15.346592610259876,9.79214254258283,15.346592610259876,3.8831331539448106,5.448548572983164,0.14571225695363088
2190.0,87.60000000000001,2.0,10.060667094530304,15.33284470777408,10.060667094530304,15.33284470777408,3.8931452727106595,5.448548572983164,0.14571225695363088
2191.0,87.64,2.0,10.329648139799367,15.314776498348923,10.329648139799367,15.314776498348923,3.7460814414765076,5.448548572983164,0.14571225695363088
2192.0,87.68,2.0,10.599016869564071,15.292376277384898,10.599016869564071,15.292376277384898,3.599017610242356,5.448548572983164,0.14571225695363088
2193.0,87.72,2.0,10.868704310704814,15.265635487542536,10.868704310704814,15.265635487542536,3.451953779008204,5.448548572983164,0.14571225695363088
2194.0,87.76,2.0,11.138641350827003,15.234546666391136,11.138641350827003,15.234546666391136,3.304889947774052,5.448548572983164,0.14571225695363088
2195.0,87.8,2.0,11.4087587556274,15.199103448529268,11.4087587556274,15.199103448529268,3.157826116539901,5.448548572983164,0.14571225695363088
2196.0,87.84,2.0,11.67898718629208,15.159300567429934,11.67898718629208,15.159300567429934,3.0107622853057494,5.448548572983164,0.14571225695363088
2197.0,87.88,2.0,11.949257216921655,15.11513385700989,11.949257216921655,15.11513385700989,2.8636984540715975,5.448548572983164,0.14571225695363088
2198.0,87.92,2.0,12.219499351979378,15.066600252922726,12.219499351979378,15.066600252922726,2.7166346228374456,5.448548572983164,0.14571225695363088
2199.0,87.96000000000001,2.0,12.489644043757782,15.013697793575357,12.489644043757782,15.013697793575357,2.5695707916032946,5.448548572983164,0.14571225695363088
2200.0,88.0,2.0,12.759621709859413,14.956425620867737,12.759621709859413,14.956425620867737,2.4225069603691423,5.448548572983164,0.14571225695363088
2201.0,88.04,2.0,13.029362750687318,14.894783980655507,13.029362750687318,14.894783980655507,2.275443129134991,5.448548572983164,0.14571225695363088
2202.0,88.08,2.0,13.298797566940891,14.828774222935547,13.298797566940891,14.828774222935547,2.1283792979008394,5.448548572983164,0.14571225695363088
2203.0,88.12,2.0,13.567856577112664,14.758398801754316,13.567856577112664,14.758398801754316,1.9813154666666875,5.448548572983164,0.14571225695363088
2204.0,88.16,2.0,13.83647023498167,14.683661274839036,13.83647023498167,14.683661274839036,1.8342516354325358,5.448548572983164,0.14571225695363088
2205.0,88.2,2.0,14.104569047099,14.604566302951804,14.104569047099,14.604566302951804,1.687187804198384,5.448548572983164,0.14571225695363088
2206.0,88.24,2.0,14.372083590261122,14.52111964896675,14.372083590261122,14.52111964896675,1.5401239729642324,5.448548572983164,0.14571225695363088
2207.0,88.28,2.0,14.63894452896663,14.433328176670543,14.63894452896663,14.433328176670543,1.3930601417300807,5.448548572983164,0.14571225695363088
2208.0,88.32000000000001,2.0,14.90508263285202,14.341199849286468,14.90508263285202,14.341199849286468,1.2459963104959288,5.448548572983164,0.14571225695363088
2209.0,88.36,2.0,15.170428794102076,14.244743727722485,15.170428794102076,14.244743727722485,1.0989324792617772,5.448548572983164,0.14571225695363088
2210.0,88.4,2.0,15.434914044830597,14.14396996854369,15.434914044830597,14.14396996854369,0.9518686480276255,5.448548572983164,0.14571225695363088
2211.0,88.44,2.0,15.698469574427003,14.038889821669676,15.698469574427003,14.038889821669676,0.9618807667934739,5.448548572983164,0.14571225695363088
2212.0,88.48,2.0,15.961026771724207,13.929517682408024,15.961026771724207,13.929517682408024,0.9718928855593221,5.448548572983164,0.14571225695363088
2213.0,88.52,2.0,16.222517225086406,13.815866978730451,16.222517225086406,13.815866978730451,0.9819050043251704,5.448548572983164,0.14571225695363088
2214.0,88.56,2.0,16.482872731930875,13.697952222895418,16.482872731930875,13.697952222895418,0.9919171230910185,5.448548572983164,0.14571225695363088
2215.0,88.60000000000001,2.0,16.74202531588663,13.57578900805186,16.74202531588663,13.57578900805186,1.001929241856867,5.448548572983164,0.14571225695363088
2216.0,88.64,2.0,16.999907243897432,13.449394004571456,16.999907243897432,13.449394004571456,1.0119413606227152,5.448548572983164,0.14571225695363088
2217.0,88.68,2.0,17.256451043264676,13.318784956110495,17.256451043264676,13.318784956110495,1.0219534793885636,5.448548572983164,0.14571225695363088
2218.0,88.72,2.0,17.511589518626018,13.183980675402125,17.511589518626018,13.183980675402125,1.0319655981544118,5.448548572983164,0.14571225695363088
2219.0,88.76,2.0,17.765255768865444,13.045001039780242,17.765255768865444,13.045001039780242,1.04197771692026,5.448548572983164,0.14571225695363088
2220.0,88.8,2.0,18.017383203950512,12.901866986435982,18.017383203950512,12.901866986435982,1.0519898356861084,5.448548572983164,0.14571225695363088
2221.0,88.84,2.0,18.267905561692555,12.754600507408068,18.267905561692555,12.754600507408068,1.0620019544519566,5.448548572983164,0.14571225695363088
2222.0,88.88,2.0,18.516756924425643,12.60322464430829,18.516756924425643,12.60322464430829,1.072014073217805,5.448548572983164,0.14571225695363088
2223.0,88.92,2.0,18.763871735600127,12.447763482783367,18.763871735600127,12.447763482783367,1.0820261919836534,5.448548572983164,0.14571225695363088
2224.0,88.96000000000001,2.0,19.009184816286595,12.288242146714635,19.009184816286595,12.288242146714635,1.0920383107495015,5.448548572983164,0.14571225695363088
2225.0,89.0,2.0,19.25263138158606,12.124686792156988,19.25263138158606,12.124686792156988,1.10205042951535,5.448548572983164,0.14571225695363088
2226.0,89.04,2.0,19.494147056942325,11.957124601018577,19.494147056942325,11.957124601018577,1.112062548281198,5.448548572983164,0.14571225695363088
2227.0,89.08,2.0,19.7336678943524,11.785583774482902,19.7336678943524,11.785583774482902,1.1220746670470463,5.448548572983164,0.14571225695363088
2228.0,89.12,2.0,19.97113038847088,11.610093526174847,19.97113038847088,11.610093526174847,1.1320867858128947,5.448548572983164,0.14571225695363088
2229.0,89.16,2.0,20.206471492604287,11.430684075072488,20.206471492604287,11.430684075072488,1.142098904578743,5.448548572983164,0.14571225695363088
2230.0,89.2,2.0,20.439628634591323,11.247386638166336,20.439628634591323,11.247386638166336,1.1521110233445913,5.448548572983164,0.14571225695363088
2231.0,89.24,2.0,20.67053973256508,11.06023342286794,20.67053973256508,11.06023342286794,1.1621231421104397,5.448548572983164,0.14571225695363088
2232.0,89.28,2.0,20.89914321059322,10.869257619169685,20.89914321059322,10.869257619169685,1.1721352608762878,5.448548572983164,0.14571225695363088
2233.0,89.32000000000001,2.0,21.12537801419224,10.674493391557803,21.12537801419224,10.674493391557803,1.1821473796421362,5.448548572983164,0.14571225695363088
2234.0,89.36,2.0,21.349183625711856,10.475975870680575,21.349183625711856,10.475975870680575,1.1921594984079844,5.448548572983164,0.14571225695363088
2235.0,89.4,2.0,21.57050007958575,10.273741144773847,21.57050007958575,10.273741144773847,1.2021716171738328,5.448548572983164,0.14571225695363088
2236.0,89.44,2.0,21.78926797744474,10.067826250845977,21.78926797744474,10.067826250845977,1.212183735939681,5.448548572983164,0.14571225695363088
2237.0,89.48,2.0,22.00542850308869,9.858269165624451,22.00542850308869,9.858269165624451,1.2221958547055292,5.448548572983164,0.14571225695363088
2238.0,89.52,2.0,22.218923437313286,9.645108796266404,22.218923437313286,9.645108796266404,1.2322079734713776,5.448548572983164,0.14571225695363088
2239.0,89.56,2.0,22.429695172588048,9.428384970835408,22.429695172588048,9.428384970835408,1.242220092237226,5.448548572983164,0.14571225695363088
2240.0,89.60000000000001,2.0,22.637686727581876,9.20813842854687,22.637686727581876,9.20813842854687,1.2522322110030741,5.448548572983164,0.14571225695363088
2241.0,89.64,2.0,22.84284176153243,8.984410809784524,22.84284176153243,8.984410809784524,1.2622443297689223,5.448548572983164,0.14571225695363088
2242.0,89.68,2.0,23.045104588455807,8.757244645890493,23.045104588455807,8.757244645890493,1.2722564485347707,5.448548572983164,0.14571225695363088
2243.0,89.72,2.0,23.244420191192923,8.526683348731488,23.244420191192923,8.526683348731488,1.282268567300619,5.448548572983164,0.14571225695363088
2244.0,89.76,2.0,23.440734235289025,8.292771200043749,23.440734235289025,8.292771200043749,1.2922806860664673,5.448548572983164,0.14571225695363088
2245.0,89.8,2.0,23.63399308270295,8.055553340559422,23.63399308270295,8.055553340559422,1.3022928048323155,5.448548572983164,0.14571225695363088
2246.0,89.84,2.0,23.82414380534261,7.8150757589170565,23.82414380534261,7.8150757589170565,1.3123049235981639,5.448548572983164,0.14571225695363088
2247.0,89.88,2.0,24.01113419842331,7.571385280359037,24.01113419842331,7.571385280359037,1.3223170423640123,5.448548572983164,0.14571225695363088
2248.0,89.92,2.0,24.194912793645575,7.324529555218763,24.194912793645575,7.324529555218763,1.3323291611298604,5.448548572983164,0.14571225695363088
2249.0,89.96000000000001,2.0,24.375428872189197,7.074557047200476,24.375428872189197,7.074557047200476,1.3423412798957086,5.448548572983164,0.14571225695363088
2250.0,90.0,2.0,24.55263247752018,6.821517021454637,24.55263247752018,6.821517021454637,1.352353398661557,5.448548572983164,0.14571225695363088
2251.0,90.04,2.0,24.726474428007386,6.565459532451899,24.726474428007386,6.565459532451899,1.3623655174274052,5.448548572983164,0.14571225695363088
2252.0,90.08,2.0,24.896906329345764,6.306435411658648,24.896906329345764,6.306435411658648,1.3723776361932536,5.448548572983164,0.14571225695363088
2253.0,90.12,2.0,25.063880586782993,6.044496255017254,25.063880586782993,6.044496255017254,1.3823897549591018,5.448548572983164,0.14571225695363088
2254.0,90.16,2.0,25.227350417146454,5.779694410234145,25.227350417146454,5.779694410234145,1.3924018737249502,5.448548572983164,0.14571225695363088
2255.0,90.2,2.0,25.3872698606676,5.5120829638788855,25.3872698606676,5.5120829638788855,1.4024139924907983,5.448548572983164,0.14571225695363088
2256.0,90.24,2.0,25.543593792600635,5.241715728297502,25.543593792600635,5.241715728297502,1.4124261112566467,5.448548572983164,0.14571225695363088
2257.0,90.28,2.0,25.69627793463269,4.968647228343346,25.69627793463269,4.968647228343346,1.4224382300224951,5.448548572983164,0.14571225695363088
2258.0,90.32000000000001,2.0,25.84527886608256,4.69293268792878,25.84527886608256,4.69293268792878,1.4324503487883433,5.448548572983164,0.14571225695363088
2259.0,90.36,2.0,25.99055403488527,4.414628016401116,25.99055403488527,4.414628016401116,1.4424624675541915,5.448548572983164,0.14571225695363088
2260.0,90.4,2.0,26.132061768359545,4.1337897947461615,26.132061768359545,4.1337897947461615,1.45247458632004,5.448548572983164,0.14571225695363088
2261.0,90.44,2.0,26.269761283755763,3.850475261622875,26.269761283755763,3.850475261622875,1.462486705085888,5.448548572983164,0.14571225695363088
2262.0,90.48,2.0,26.403612698581423,3.5647422992326065,26.403612698581423,3.5647422992326065,1.4724988238517365,5.448548572983164,0.14571225695363088
2263.0,90.52,2.0,26.533577040701783,3.276649419026474,26.533577040701783,3.276649419026474,1.4825109426175846,5.448548572983164,0.14571225695363088
2264.0,90.56,2.0,26.659616258213,2.986255747254456,26.659616258213,2.986255747254456,1.492523061383433,5.448548572983164,0.14571225695363088
2265.0,90.60000000000001,2.0,26.781693229085324,2.693621010359825,26.781693229085324,2.693621010359825,1.5025351801492814,5.448548572983164,0.14571225695363088
2266.0,90.64,2.0,26.899771770573977,2.3988055202225764,26.899771770573977,2.3988055202225764,1.5125472989151296,5.448548572983164,0.14571225695363088
2267.0,90.68,2.0,27.01381664839524,2.101870159255556,27.01381664839524,2.101870159255556,1.5225594176809778,5.448548572983164,0.14571225695363088
2268.0,90.72,2.0,27.123793585665585,1.8028763653570266,27.123793585665585,1.8028763653570266,1.5325715364468262,5.448548572983164,0.14571225695363088
2269.0,90.76,2.0,27.229669271601455,1.5018861167234316,27.229669271601455,1.5018861167234316,1.5425836552126744,5.448548572983164,0.14571225695363088
2270.0,90.8,2.0,27.331411369977666,1.1989619165261762,27.331411369977666,1.1989619165261762,1.5525957739785228,5.448548572983164,0.14571225695363088
2271.0,90.84,2.0,27.428988527342177,0.8941667774562599,27.428988527342177,0.8941667774562599,1.5626078927443712,5.448548572983164,0.14571225695363088
2272.0,90.88,2.0,27.522370380985222,0.5875642061406356,27.522370380985222,0.5875642061406356,1.5726200115102194,5.448548572983164,0.14571225695363088
2273.0,90.92,2.0,27.611527566660822,0.27921818743420357,27.611527566660822,0.27921818743420357,1.5826321302760675,5.448548572983164,0.14571225695363088
2274.0,90.96000000000001,2.0,27.696431726058677,-0.030806831408626036,27.696431726058677,-0.030806831408626036,1.592644249041916,5.448548572983164,0.14571225695363088
2275.0,91.0,2.0,27.777055514024617,-0.34244595667883015,27.777055514024617,-0.34244595667883015,1.6026563678077643,5.448548572983164,0.14571225695363088
2276.0,91.04,2.0,27.853372605527777,-0.6556338642701356,27.853372605527777,-0.6556338642701356,1.6126684865736123,5.448548572983164,0.14571225695363088
2277.0,91.08,2.0,27.92535770237273,-0.9703048158448212,27.92535770237273,-0.9703048158448212,1.6226806053394607,5.448548572983164,0.14571225695363088
2278.0,91.12,2.0,27.992986539654943,-1.2863926751039068,27.992986539654943,-1.2863926751039068,1.632692724105309,5.448548572983164,0.14571225695363088
2279.0,91.16,2.0,28.056235891957847,-1.6038309241576498,28.056235891957847,-1.6038309241576498,1.6427048428711573,5.448548572983164,0.14571225695363088
2280.0,91.2,2.0,28.115083579290093,-1.92255267999225,28.115083579290093,-1.92255267999225,1.6527169616370057,5.448548572983164,0.14571225695363088
2281.0,91.24,2.0,28.16950847276131,-2.2424907110286254,28.16950847276131,-2.2424907110286254,1.662729080402854,5.448548572983164,0.14571225695363088
2282.0,91.28,2.0,28.219490499995224,-2.5635774537691187,28.219490499995224,-2.5635774537691187,1.672741199168702,5.448548572983164,0.14571225695363088
2283.0,91.32000000000001,2.0,28.265010650278413,-2.885745029527956,28.265010650278413,-2.885745029527956,1.6827533179345504,5.448548572983164,0.14571225695363088
2284.0,91.36,2.0,28.306050979443757,-3.208925261241262,28.306050979443757,-3.208925261241262,1.6927654367003988,5.448548572983164,0.14571225695363088
2285.0,91.4,2.0,28.34259461448712,-3.5330496903524216,28.34259461448712,-3.5330496903524216,1.7027775554662472,5.448548572983164,0.14571225695363088
2286.0,91.44,2.0,28.37462575791621,-3.8580495937685497,28.37462575791621,-3.8580495937685497,1.7127896742320954,5.448548572983164,0.14571225695363088
2287.0,91.48,2.0,28.40212969183047,-4.183856000883831,28.40212969183047,-4.183856000883831,1.7228017929979433,5.448548572983164,0.14571225695363088
2288.0,91.52,2.0,28.425092781731053,-4.51039971066544,28.425092781731053,-4.51039971066544,1.7328139117637917,5.448548572983164,0.14571225695363088
2289.0,91.56,2.0,28.443502480059788,-4.837611308797778,28.443502480059788,-4.837611308797778,1.7428260305296401,5.448548572983164,0.14571225695363088
2290.0,91.60000000000001,2.0,28.457347329466423,-5.165421184880726,28.457347329466423,-5.165421184880726,1.7528381492954885,5.448548572983164,0.14571225695363088
2291.0,91.64,2.0,28.466616965803144,-5.493759549677588,28.466616965803144,-5.493759549677588,1.762850268061337,5.448548572983164,0.14571225695363088
2292.0,91.68,2.0,28.47130212084578,-5.822556452408415,28.47130212084578,-5.822556452408415,1.7728623868271849,5.448548572983164,0.14571225695363088
2293.0,91.72,2.0,28.471394624740846,-6.151741798084378,28.471394624740846,-6.151741798084378,1.782874505593033,5.448548572983164,0.14571225695363088
2294.0,91.76,2.0,28.46688740817798,-6.481245364878815,28.46688740817798,-6.481245364878815,1.7928866243588817,5.448548572983164,0.14571225695363088
2295.0,91.8,2.0,28.457774504287062,-6.8109968215306465,28.457774504287062,-6.8109968215306465,1.8028987431247299,5.448548572983164,0.14571225695363088
2296.0,91.84,2.0,28.44405105025969,-7.140925744775743,28.44405105025969,-7.140925744775743,1.8129108618905783,5.448548572983164,0.14571225695363088
2297.0,91.88,2.0,28.425713288694446,-7.470961636801912,28.425713288694446,-7.470961636801912,1.8229229806564262,5.448548572983164,0.14571225695363088
2298.0,91.92,2.0,28.40275856866578,-7.801033942723114,28.40275856866578,-7.801033942723114,1.832935099422275,5.448548572983164,0.14571225695363088
2299.0,91.96000000000001,2.0,28.375185346516066,-8.131072068068532,28.375185346516066,-8.131072068068532,1.842947218188123,5.448548572983164,0.14571225695363088
2300.0,92.0,2.0,28.342993186370798,-8.461005396282093,28.342993186370798,-8.461005396282093,1.8529593369539714,5.448548572983164,0.14571225695363088
2301.0,92.04,2.0,28.306182760376696,-8.790763306228094,28.306182760376696,-8.790763306228094,1.8629714557198196,5.448548572983164,0.14571225695363088
2302.0,92.08,2.0,28.264755848662617,-9.120275189698482,28.264755848662617,-9.120275189698482,1.8729835744856682,5.448548572983164,0.14571225695363088
2303.0,92.12,2.0,28.21871533902344,-9.449470468917463,28.21871533902344,-9.449470468917463,1.8829956932515164,5.448548572983164,0.14571225695363088
2304.0,92.16,2.0,28.168065226326842,-9.778278614039014,28.168065226326842,-9.778278614039014,1.8930078120173643,5.448548572983164,0.14571225695363088
2305.0,92.2,2.0,28.112810611643177,-10.106629160632924,28.112810611643177,-10.106629160632924,1.9030199307832127,5.448548572983164,0.14571225695363088
2306.0,92.24,2.0,28.05295770109867,-10.43445172715495,28.05295770109867,-10.43445172715495,1.9130320495490611,5.443058549933345,0.14783732583888556
2307.0,92.28,2.0,27.988396043743666,-10.761861699823003,27.988396043743666,-10.761861699823003,1.9229591655594995,5.437568526883525,0.14996239472414025
2308.0,92.32000000000001,2.0,27.91914236088462,-11.088794837618279,27.91914236088462,-11.088794837618279,1.9328012788145272,5.432078503833706,0.1520874636093949
2309.0,92.36,2.0,27.845214443906286,-11.415187076508543,27.845214443906286,-11.415187076508543,1.942558389314145,5.426588480783886,0.15421253249464958
2310.0,92.4,2.0,27.76663115184142,-11.740974546681798,27.76663115184142,-11.740974546681798,1.9522304970583524,5.421098457734066,0.15633760137990427
2311.0,92.44,2.0,27.683412408666424,-12.066093589741518,27.683412408666424,-12.066093589741518,1.9618176020471494,5.415608434684247,0.15846267026515895
2312.0,92.48,2.0,27.595579200323662,-12.390480775859077,27.595579200323662,-12.390480775859077,1.9713197042805368,5.4101184116344285,0.16058773915041363
2313.0,92.52,2.0,27.503153571471103,-12.71407292087905,27.503153571471103,-12.71407292087905,1.9807368037585138,5.404628388584609,0.1627128080356683
2314.0,92.56,2.0,27.406158621959957,-13.036807103373079,27.406158621959957,-13.036807103373079,1.9900689004810803,5.39913836553479,0.16483787692092297
2315.0,92.60000000000001,2.0,27.304618503041354,-13.358620681637978,27.304618503041354,-13.358620681637978,1.9993159944482373,5.39364834248497,0.16696294580617765
2316.0,92.64,2.0,27.198558413302777,-13.6794513106338,27.198558413302777,-13.6794513106338,2.0084780856599833,5.388158319435151,0.16908801469143234
2317.0,92.68,2.0,27.093710648435213,-13.986508628018957,27.093710648435213,-13.986508628018957,2.0204647315604154,5.114755874586441,0.17038811654983482
2318.0,92.72,2.0,26.988603992043345,-14.282572415072286,26.988603992043345,-14.282572415072286,2.0323333760243627,4.841353429737733,0.17168821840823734
2319.0,92.76,2.0,26.883426431523397,-14.56765150382428,26.883426431523397,-14.56765150382428,2.044084019051826,4.567950984889024,0.17298832026663985
2320.0,92.8,2.0,26.77836581714617,-14.841757662406952,26.77836581714617,-14.841757662406952,2.0557166606428057,4.294548540040315,0.17428842212504236
2321.0,92.84,2.0,26.67360981530789,-15.104905592347706,26.67360981530789,-15.104905592347706,2.0672313007973004,4.021146095191606,0.17558852398344488
2322.0,92.88,2.0,26.56934586183562,-15.35711292511435,26.56934586183562,-15.35711292511435,2.0786279395153104,3.7477436503428976,0.17688862584184736
2323.0,92.92,2.0,26.465761115359197,-15.598400217912268,26.465761115359197,-15.598400217912268,2.089906576796837,3.4743412054941887,0.17818872770024988
2324.0,92.96000000000001,2.0,26.36304241076176,-15.828790948735042,26.36304241076176,-15.828790948735042,2.101067212641879,3.20093876064548,0.17948882955865236
2325.0,93.0,2.0,26.26137621272074,-16.048311510669958,26.26137621272074,-16.048311510669958,2.1121098470504363,2.9275363157967713,0.1807889314170549
2326.0,93.04,1.0,26.16094856935133,-16.256991205460004,26.16094856935133,-16.256991205460004,2.1230344800225103,2.659623893997882,0.17996396439020274
2327.0,93.08,0.0,26.06206282667287,-16.45467656889801,26.06206282667287,-16.45467656889801,2.1339261143135095,2.3917114721989923,0.17913899736335054
2328.0,93.12,0.0,25.964895751461576,-16.641396775331494,25.964895751461576,-16.641396775331494,2.1447847499234345,2.1237990504001028,0.17831403033649837
2329.0,93.16,0.0,25.8696235854756,-16.817183842179027,25.8696235854756,-16.817183842179027,2.1556103868522856,1.8558866286012137,0.1774890633096462
2330.0,93.2,0.0,25.77642199980728,-16.98207262066773,25.77642199980728,-16.98207262066773,2.1664030251000628,1.5879742068023242,0.17666409628279406
2331.0,93.24,0.0,25.685466049396418,-17.13610078583912,25.685466049396418,-17.13610078583912,2.177162664666766,1.3200617850034346,0.17583912925594186
2332.0,93.28,0.0,25.596930127716412,-17.279308825826007,25.596930127716412,-17.279308825826007,2.1878893055523947,1.052149363204545,0.1750141622290897
2333.0,93.32000000000001,0.0,25.51098792164478,-17.41174003040338,25.51098792164478,-17.41174003040338,2.1985829477569494,0.7842369414056558,0.17418919520223752
2334.0,93.36,0.0,25.427812366529754,-17.533440478816495,25.427812366529754,-17.533440478816495,2.2092435912804307,0.5163245196067663,0.17336422817538535
2335.0,93.4,0.0,25.347575601464495,-17.64445902688945,25.347575601464495,-17.64445902688945,2.2198712361228368,0.2484120978078769,0.17253926114853319
2336.0,93.44,0.0,25.27044892478046,-17.744847293417756,25.27044892478046,-17.744847293417756,2.2304658822841694,-0.019500323991012536,0.17171429412168102
2337.0,93.48,0.0,25.190896695671448,-17.8473879766872,25.190896695671448,-17.8473879766872,2.238117972320332,-0.019500323991012536,0.17171429412168102
2338.0,93.52,0.0,25.114886192517478,-17.947221367978063,25.114886192517478,-17.947221367978063,2.2361525803774995,-0.04070094906094272,0.1657950882760389
2339.0,93.56,0.0,25.033238153956198,-18.04863967879466,25.033238153956198,-18.04863967879466,2.233778960368793,-0.0555970672141487,0.15812075406464812
2340.0,93.60000000000001,0.0,24.957649890447616,-18.146791904838594,24.957649890447616,-18.146791904838594,2.231105834956048,-0.07042324969090079,0.15069674172180833
2341.0,93.64,0.0,24.87930056504153,-18.24493567330517,24.87930056504153,-18.24493567330517,2.2281545362501474,-0.08508000084523526,0.1431893286530603
2342.0,93.68,0.0,24.8035573152858,-18.346037458475696,24.8035573152858,-18.346037458475696,2.225887914290495,-0.09745912876093744,0.13463074813028064
2343.0,93.72,0.0,24.72870190897492,-18.446198181870525,24.72870190897492,-18.446198181870525,2.223516311265377,-0.10983825667663963,0.126072167607501
2344.0,93.76,0.0,24.65475025248977,-18.54543086200501,24.65475025248977,-18.54543086200501,2.2210397271747944,-0.12221738459234181,0.11751358708472133
2345.0,93.8,0.0,24.581767236232402,-18.647398773486803,24.581767236232402,-18.647398773486803,2.218816276146484,-0.12905182269478233,0.111023317995839
2346.0,93.84,0.0,24.509488184958986,-18.74845732423125,24.509488184958986,-18.74845732423125,2.2169421606479944,-0.135317678315303,0.10341162136277973
2347.0,93.88,1.0,24.437495916292065,-18.84841021382025,24.437495916292065,-18.84841021382025,2.2154283902356844,-0.13800828366158974,0.09672496242601028
2348.0,93.92,1.0,24.366766147158863,-18.947560874108873,24.366766147158863,-18.947560874108873,2.213943920809305,-0.14183548698686083,0.08957866025400987
2349.0,93.96000000000001,1.0,24.29615879384477,-19.045811026257503,24.29615879384477,-19.045811026257503,2.2126894467672207,-0.1442586409302356,0.08287317490512193
2350.0,94.0,1.0,24.22596725782382,-19.14453900290093,24.22596725782382,-19.14453900290093,2.211565655536213,-0.14994893262221265,0.07570226226186742
2351.0,94.04,0.0,24.156276761412116,-19.24278372126951,24.156276761412116,-19.24278372126951,2.2105561098008226,-0.1556392243141897,0.06853134961861292
2352.0,94.08,0.0,24.085773081054494,-19.340911701776736,24.085773081054494,-19.340911701776736,2.2098460593039286,-0.15794191906731575,0.06172651270607279
2353.0,94.12,0.0,24.01682374429883,-19.43707537468846,24.01682374429883,-19.43707537468846,2.2093739148605183,-0.16124280688312562,0.05480854520041486
2354.0,94.16,1.0,23.94612371832729,-19.5349575076154,23.94612371832729,-19.5349575076154,2.2087149067741203,-0.16474749056825128,0.0480744828872817
2355.0,94.2,0.0,23.876587145058174,-19.629304983571277,23.876587145058174,-19.629304983571277,2.208193007096688,-0.16927873168011534,0.04131590526045782
2356.0,94.24,1.0,23.80687686376016,-19.72509091231192,23.80687686376016,-19.72509091231192,2.207506422688108,-0.17437417639507305,0.034718278388113186
2357.0,94.28,0.0,23.737416521385846,-19.818960186665013,23.737416521385846,-19.818960186665013,2.206761741521163,-0.18048214181115751,0.02818405686653504
2358.0,94.32000000000001,1.0,23.666054828499014,-19.915333184461517,23.666054828499014,-19.915333184461517,2.215564796378251,-0.16616316981558793,0.02770811943538176
2359.0,94.36,0.0,23.598114468193366,-20.008663074250506,23.598114468193366,-20.008663074250506,2.2246545174519197,-0.1587401085717043,0.029099371990956514
2360.0,94.4,0.0,23.52524026581842,-20.103873183710252,23.52524026581842,-20.103873183710252,2.2339851202469605,-0.15128276622821718,0.030426434086145215
2361.0,94.44,1.0,23.454854378066965,-20.197481800774284,23.454854378066965,-20.197481800774284,2.24343447040372,-0.14406421663275998,0.03205247801529313
2362.0,94.48,1.0,23.38394255437531,-20.287358943436622,23.38394255437531,-20.287358943436622,2.252122259901521,-0.1386298821027215,0.03486471840406189
2363.0,94.52,1.0,23.312530027460202,-20.378292760984777,23.312530027460202,-20.378292760984777,2.260813600718655,-0.13370089705468746,0.03796462605727248
2364.0,94.56,1.0,23.237784350784914,-20.46965489203677,23.237784350784914,-20.46965489203677,2.269420150182583,-0.12737714650511162,0.04179060276608498
2365.0,94.60000000000001,1.0,23.160343071704755,-20.557786856320117,23.160343071704755,-20.557786856320117,2.2777379852935744,-0.12733269363759409,0.04321997782653115
2366.0,94.64,1.0,23.081632114321657,-20.646123579852222,23.081632114321657,-20.646123579852222,2.285468487657241,-0.12653104495589038,0.04636961655129927
2367.0,94.68,1.0,23.001234084295696,-20.735403732380313,23.001234084295696,-20.735403732380313,2.292768902548674,-0.1288865998866907,0.04837443876268238
2368.0,94.72,1.0,22.916958061783312,-20.825262456563472,22.916958061783312,-20.825262456563472,2.2999258901957162,-0.12856625940788255,0.051011247545047246
2369.0,94.76,1.0,22.83303806525559,-20.913939604117424,22.83303806525559,-20.913939604117424,2.3066563217878504,-0.12814753166434484,0.053462694376456996
2370.0,94.8,1.0,22.75032235302165,-21.002797011850944,22.75032235302165,-21.002797011850944,2.3130480181424695,-0.12279222111087393,0.05660863385425711
2371.0,94.84,1.0,22.663720422175725,-21.090921472932447,22.663720422175725,-21.090921472932447,2.3191146544416212,-0.11648670436179617,0.06012500053901655
2372.0,94.88,1.0,22.575393747837158,-21.17752216948511,22.575393747837158,-21.17752216948511,2.324735583901211,-0.1120877911666256,0.06327906905473013
2373.0,94.92,0.0,22.4853432624115,-21.266179377330378,22.4853432624115,-21.266179377330378,2.3299731773506442,-0.10579504852875277,0.06684360390955438
2374.0,94.96000000000001,1.0,22.396042540902677,-21.352803012492263,22.396042540902677,-21.352803012492263,2.335256485584665,-0.09677454841580702,0.07016121008775753
2375.0,95.0,0.0,22.303832870762005,-21.442735798045153,22.303832870762005,-21.442735798045153,2.3403562703875753,-0.0850630527924144,0.07342454721828803
2376.0,95.04,1.0,22.211632404958184,-21.529953273286925,22.211632404958184,-21.529953273286925,2.3454116390264925,-0.07183985284457271,0.07646103650787299
2377.0,95.08,1.0,22.119705449798158,-21.61761105910941,22.119705449798158,-21.61761105910941,2.3503604197438825,-0.05717680204540741,0.07919735712436851
2378.0,95.12,1.0,22.02364601965541,-21.704133723584363,22.02364601965541,-21.704133723584363,2.355179825846101,-0.041496207667596964,0.08154683527814088
2379.0,95.16,1.0,21.93212683428313,-21.79018891718509,21.93212683428313,-21.79018891718509,2.3598769490838354,-0.025293725244705502,0.08347154710255315
2380.0,95.2,0.0,21.83787582331578,-21.876222881538787,21.83787582331578,-21.876222881538787,2.364388438442854,-0.009293792968905867,0.08479547824180642
2381.0,95.24,1.0,21.7453291471215,-21.964081666825816,21.7453291471215,-21.964081666825816,2.3687842626660576,0.006707116058089102,0.08543135883178792
2382.0,95.28,0.0,21.65127203264768,-22.050389479438355,21.65127203264768,-22.050389479438355,2.3729500812753708,0.02210271348178757,0.08539433655869678
2383.0,95.32000000000001,1.0,21.555445456669162,-22.13841926226191,21.555445456669162,-22.13841926226191,2.3768855419676367,0.03813374579691751,0.08448920041116563
2384.0,95.36,1.0,21.462009728963707,-22.225244098350554,21.462009728963707,-22.225244098350554,2.380647855976229,0.05245393346599688,0.0822623174667089
2385.0,95.4,1.0,21.368306116447183,-22.31252991198449,21.368306116447183,-22.31252991198449,2.3840679865283123,0.06741304484778812,0.07977275837076332
2386.0,95.44,1.0,21.275888690820455,-22.398925060223995,21.275888690820455,-22.398925060223995,2.3873409701644714,0.08099026663715543,0.07618071337156272
2387.0,95.48,1.0,21.184878386116214,-22.48493015684797,21.184878386116214,-22.48493015684797,2.390283726509046,0.09405529366154622,0.07224107238961794
2388.0,95.52,1.0,21.096400660691284,-22.56978440030548,21.096400660691284,-22.56978440030548,2.3929689616787915,0.10607258280536924,0.06754857975936257
2389.0,95.56,1.0,21.007330057396057,-22.65377683012283,21.007330057396057,-22.65377683012283,2.395469354949779,0.11640023668560855,0.062098314961381615
2390.0,95.60000000000001,1.0,20.915034752022024,-22.734493093430352,20.915034752022024,-22.734493093430352,2.3978758054934386,0.12519961822619186,0.055844948561775645
2391.0,95.64,1.0,20.825912602747195,-22.81619549303997,20.825912602747195,-22.81619549303997,2.4002710397063405,0.13200574245214874,0.048688809250435935
2392.0,95.68,1.0,20.73953106956636,-22.897972054253216,20.73953106956636,-22.897972054253216,2.40253700247208,0.13666725908003113,0.04112940936158524
2393.0,95.72,1.0,20.651793091038197,-22.980016182057426,20.651793091038197,-22.980016182057426,2.4047938821981174,0.13981481864352557,0.032885552304105364
2394.0,95.76,1.0,20.56469800080489,-23.059782209249896,20.56469800080489,-23.059782209249896,2.4070359959025405,0.13850487610309997,0.024348964321644215
2395.0,95.8,1.0,20.478900889500586,-23.139949347858835,20.478900889500586,-23.139949347858835,2.4092281066639654,0.13597050136568184,0.015700033594739305
2396.0,95.84,1.0,20.392272603736927,-23.219648590057474,20.392272603736927,-23.219648590057474,2.4115600725419815,0.1318755027774062,0.0069302231829586804
2397.0,95.88,1.0,20.3063362004499,-23.30124808657293,20.3063362004499,-23.30124808657293,2.413936296128922,0.1264521977794991,-0.0017692657848540961
2398.0,95.92,1.0,20.221586040719174,-23.381219515725135,20.221586040719174,-23.381219515725135,2.4164694232601454,0.11885206032778525,-0.010399946064994265
2399.0,95.96000000000001,1.0,20.135729029932524,-23.463284762275542,20.135729029932524,-23.463284762275542,2.4191841217648014,0.10913235339044927,-0.01892042756790471
2400.0,96.0,0.0,20.048722043826142,-23.544112291385822,20.048722043826142,-23.544112291385822,2.4220929203725268,0.09678831579184922,-0.027198589439966957
2401.0,96.04,1.0,19.96211640654908,-23.624374571152053,19.96211640654908,-23.624374571152053,2.425171116002236,0.0824062092120829,-0.03516101127638839
2402.0,96.08,1.0,19.87336713735783,-23.70497166315357,19.87336713735783,-23.70497166315357,2.4284359068665546,0.06609955657043555,-0.04270451094598128
2403.0,96.12,1.0,19.784017686783564,-23.78209561388936,19.784017686783564,-23.78209561388936,2.431832092111674,0.04892043805904604,-0.04972013171243224
2404.0,96.16,1.0,19.69533055836063,-23.86004229853939,19.69533055836063,-23.86004229853939,2.43538525420938,0.03228560350781602,-0.05605603223547122
2405.0,96.2,1.0,19.605184108048448,-23.936868598177035,19.605184108048448,-23.936868598177035,2.4390749755957826,0.014616286283751268,-0.0618796444378238
2406.0,96.24000000000001,1.0,19.516262329512,-24.012939315675336,19.516262329512,-24.012939315675336,2.44290213845824,-0.002777353296016416,-0.06706078244283561
2407.0,96.28,1.0,19.42346702871118,-24.08843086760404,19.42346702871118,-24.08843086760404,2.446852251929678,-0.02423439337750539,-0.07195228736276796
2408.0,96.32000000000001,1.0,19.31354239580833,-24.175650755905387,19.31354239580833,-24.175650755905387,2.4495853474184868,-0.015088065250125515,-0.07436566035389591
2409.0,96.36,1.0,19.203810698495175,-24.26392189725773,19.203810698495175,-24.26392189725773,2.45257528480136,-0.005754538505787876,-0.07627671604945563
2410.0,96.4,1.0,19.095784346811058,-24.352931456176986,19.095784346811058,-24.352931456176986,2.4557426566626974,0.0034378155168749537,-0.0776137354954141
2411.0,96.44,1.0,18.98809267332029,-24.44030482174187,18.98809267332029,-24.44030482174187,2.4590074987393375,0.013673220658557316,-0.0784184092365982
2412.0,96.48,1.0,18.88034253441972,-24.527392083791035,18.88034253441972,-24.527392083791035,2.4624232631889007,0.024572240013370293,-0.07882359996193981
2413.0,96.52,1.0,18.774283750711948,-24.612281358400512,18.774283750711948,-24.612281358400512,2.465868979959536,0.036089580052552805,-0.07884166926464513
2414.0,96.56,1.0,18.66876931009044,-24.69794025974901,18.66876931009044,-24.69794025974901,2.46934605093488,0.04954046058989827,-0.07850398415827282
2415.0,96.60000000000001,1.0,18.559655557387547,-24.78065776042184,18.559655557387547,-24.78065776042184,2.4746985328501507,0.06642373156046932,-0.07537641081315209
2416.0,96.64,1.0,18.451504826008097,-24.863241607496647,18.451504826008097,-24.863241607496647,2.480099650313985,0.08392012566054241,-0.07206206069668937
2417.0,96.68,0.0,18.34211888606377,-24.943527872996864,18.34211888606377,-24.943527872996864,2.4856005845188007,0.10231749602005016,-0.0685812687018715
2418.0,96.72,0.0,18.233273855335973,-25.024280306402105,18.233273855335973,-25.024280306402105,2.49112312551948,0.1226478429129956,-0.06492152117678589
2419.0,96.76,0.0,18.122467741741165,-25.102358975783083,18.122467741741165,-25.102358975783083,2.496687329630518,0.1451672750814439,-0.06105926772054924
2420.0,96.8,0.0,18.013694518320392,-25.180572261772443,18.013694518320392,-25.180572261772443,2.502281080969882,0.17040937128219075,-0.05702468461816677
2421.0,96.84,0.0,17.90238614722979,-25.256621565467828,17.90238614722979,-25.256621565467828,2.5079599161245274,0.1977579211385208,-0.052833372110204294
2422.0,96.88,0.0,17.79197010672126,-25.332142380973636,17.79197010672126,-25.332142380973636,2.5137384353411774,0.2271429204868148,-0.04852310791158691
2423.0,96.92,0.0,17.682875418339766,-25.406777318332512,17.682875418339766,-25.406777318332512,2.51969673761022,0.25727030029542397,-0.04416027600611329
2424.0,96.96000000000001,1.0,17.5725160891822,-25.47976984422117,17.5725160891822,-25.47976984422117,2.525840371899034,0.28716947528838244,-0.039881486602727965
2425.0,97.0,0.0,17.46499016280079,-25.551389848620392,17.46499016280079,-25.551389848620392,2.532204601416337,0.3181988171102604,-0.035524019154071204
2426.0,97.04,0.0,17.354918246202743,-25.622831730667492,17.354918246202743,-25.622831730667492,2.538795923361028,0.34900859258415917,-0.03130537611964524
2427.0,97.08,0.0,17.248131907580195,-25.692874382623607,17.248131907580195,-25.692874382623607,2.5456436541443894,0.38397591666302583,-0.026808991370459324
2428.0,97.12,0.0,17.1579962363007,-25.750031215953975,17.1579962363007,-25.750031215953975,2.5540594401136842,0.3878483129829674,-0.024210230237518025
2429.0,97.16,0.0,17.067239818884524,-25.806547777772153,17.067239818884524,-25.806547777772153,2.5625791765282977,0.39172070930290886,-0.021611469104576727
2430.0,97.2,0.0,16.975859531810464,-25.862410548295134,16.975859531810464,-25.862410548295134,2.5712028633882276,0.3955931056228504,-0.019012707971635432
2431.0,97.24000000000001,0.0,16.88388011765725,-25.919297673086504,16.88388011765725,-25.919297673086504,2.5800621916660234,0.37987049063899836,-0.02007016676173675
2432.0,97.28,0.0,16.79134985023593,-25.974205893679045,16.79134985023593,-25.974205893679045,2.5887104086436006,0.3633268567862795,-0.020920971711983878
2433.0,97.32000000000001,0.0,16.69696149410025,-26.02891939447479,16.69696149410025,-26.02891939447479,2.5970097581964504,0.34450834684585296,-0.021093368881621926
2434.0,97.36,0.0,16.600755291608163,-26.083244805086196,16.600755291608163,-26.083244805086196,2.6053046853993167,0.32119687726501267,-0.0212962649626245
2435.0,97.4,0.0,16.50926169914404,-26.13828839273528,16.50926169914404,-26.13828839273528,2.6114865093999873,0.2804821346550484,-0.020035633583118093
2436.0,97.44,0.0,16.41770692889407,-26.19263619146552,16.41770692889407,-26.19263619146552,2.617321545566033,0.23976739204508407,-0.018775002203611682
2437.0,97.48,0.0,16.326111731388085,-26.24631853142074,16.326111731388085,-26.24631853142074,2.6228097938974537,0.19905264943511974,-0.017514370824105275
2438.0,97.52,0.0,16.233234630680435,-26.30003597992525,16.233234630680435,-26.30003597992525,2.6280419117531215,0.1940596455192732,-0.013987305472824285
2439.0,97.56,0.0,16.141651501369292,-26.352506249971363,16.141651501369292,-26.352506249971363,2.630636146215306,0.32209827531207,-0.008730090082074796
2440.0,97.60000000000001,1.0,16.053434549563445,-26.40242193809852,16.053434549563445,-26.40242193809852,2.6329050442001583,0.4501369051048668,-0.0034728746913253077
2441.0,97.64,1.0,15.968592581898823,-26.449794104436155,15.968592581898823,-26.449794104436155,2.634848605707678,0.5781755348976636,0.0017843406994241813
2442.0,97.68,0.0,15.887134221098341,-26.494633933705718,15.887134221098341,-26.494633933705718,2.636466830737865,0.7062141646904605,0.00704155609017367
2443.0,97.72,1.0,15.809067905124914,-26.536952733924714,15.809067905124914,-26.536952733924714,2.6377597192907203,0.8342527944832572,0.012298771480923159
2444.0,97.76,0.0,15.734401886345385,-26.57676193510388,15.734401886345385,-26.57676193510388,2.6387272713662426,0.9622914242760541,0.017555986871672646
2445.0,97.8,0.0,15.663144230705319,-26.61407308793751,15.663144230705319,-26.61407308793751,2.639369486964433,1.090330054068851,0.022813202262422137
2446.0,97.84,0.0,15.595302816914767,-26.648897862486997,15.595302816914767,-26.648897862486997,2.6396863660852907,1.2183686838616476,0.028070417653171625
2447.0,97.88,2.0,15.530885335645047,-26.681248046857764,15.530885335645047,-26.681248046857764,2.6396779087288165,1.3464073136544443,0.03332763304392111
2448.0,97.92,2.0,15.469899288736546,-26.71113554586962,15.469899288736546,-26.71113554586962,2.6393441148950094,1.4744459434472414,0.0385848484346706
2449.0,97.96000000000001,2.0,15.412351988417658,-26.73857237972056,15.412351988417658,-26.73857237972056,2.63868498458387,1.6024845732400383,0.043842063825420094
2450.0,98.0,2.0,15.358250556534845,-26.76357068264416,15.358250556534845,-26.76357068264416,2.637700517795398,1.7305232030328348,0.04909927921616958
2451.0,98.04,2.0,15.307574176936356,-26.784450995314103,15.307574176936356,-26.784450995314103,2.636259023557046,1.8781568441294252,0.058012714529961686
2452.0,98.08,2.0,15.260278429918097,-26.80421533376499,15.260278429918097,-26.80421533376499,2.6348072545868972,2.0266115040948827,0.0667194960038996
2453.0,98.12,2.0,15.217674332296252,-26.821078342031974,15.217674332296252,-26.821078342031974,2.6334829670094617,2.1773410401480477,0.07474786969722844
2454.0,98.16,2.0,15.179725349933701,-26.835232289345402,15.179725349933701,-26.835232289345402,2.631941715749995,2.3325635358416257,0.08280674230192178
2455.0,98.2,2.0,15.144158298145603,-26.84652711452035,15.144158298145603,-26.84652711452035,2.630388628010622,2.501316908244387,0.08680332631316487
2456.0,98.24000000000001,2.0,15.111756486856166,-26.855503852551188,15.111756486856166,-26.855503852551188,2.628856991628541,2.670070280647148,0.09079991032440796
2457.0,98.28,2.0,15.082509630758627,-26.86214234798907,15.082509630758627,-26.86214234798907,2.627346806603752,2.8388236530499094,0.09479649433565103
2458.0,98.32000000000001,2.0,15.05766949436826,-26.86575234526672,15.05766949436826,-26.86575234526672,2.6257674155773847,2.9718552867585526,0.09652664437511953
2459.0,98.36,2.0,15.034670314088984,-26.8676265789541,15.034670314088984,-26.8676265789541,2.6265005714671674,2.9718552867585526,0.09652664437511953
2460.0,98.4,2.0,15.011449816343045,-26.869083034615205,15.011449816343045,-26.869083034615205,2.6272337273569506,2.9718552867585526,0.09652664437511953
2461.0,98.44,2.0,14.988008947661609,-26.870121367493823,14.988008947661609,-26.870121367493823,2.6279668832467333,2.9718552867585526,0.09652664437511953
2462.0,98.48,2.0,14.96434865824271,-26.8707412402329,14.96434865824271,-26.8707412402329,2.6287000391365165,2.9718552867585526,0.09652664437511953
2463.0,98.52,2.0,14.940469901926779,-26.870942322884712,14.940469901926779,-26.870942322884712,2.6294331950262992,2.9718552867585526,0.09652664437511953
2464.0,98.56,2.0,14.916373636172034,-26.870724292920972,14.916373636172034,-26.870724292920972,2.630166350916082,2.9718552867585526,0.09652664437511953
2465.0,98.60000000000001,2.0,14.892060822029865,-26.870086835242727,14.892060822029865,-26.870086835242727,2.630899506805865,2.9718552867585526,0.09652664437511953
2466.0,98.64,2.0,14.867532424120089,-26.869029642190146,14.867532424120089,-26.869029642190146,2.6316326626956483,2.9718552867585526,0.09652664437511953
2467.0,98.68,2.0,14.842789410606205,-26.86755241355213,14.842789410606205,-26.86755241355213,2.632365818585431,2.9718552867585526,0.09652664437511953
2468.0,98.72,2.0,14.81783275317052,-26.865654856575862,14.81783275317052,-26.865654856575862,2.6330989744752142,2.9718552867585526,0.09652664437511953
2469.0,98.76,2.0,14.792663426989279,-26.863336685976087,14.792663426989279,-26.863336685976087,2.633832130364997,2.9718552867585526,0.09652664437511953
2470.0,98.8,2.0,14.767282410707661,-26.860597623944376,14.767282410707661,-26.860597623944376,2.63456528625478,2.9718552867585526,0.09652664437511953
2471.0,98.84,2.0,14.741690686414767,-26.857437400158126,14.741690686414767,-26.857437400158126,2.635298442144563,2.9718552867585526,0.09652664437511953
2472.0,98.88,2.0,14.715889239618514,-26.853855751789535,14.715889239618514,-26.853855751789535,2.636031598034346,2.9718552867585526,0.09652664437511953
2473.0,98.92,2.0,14.689879059220479,-26.849852423514353,14.689879059220479,-26.849852423514353,2.636764753924129,2.9718552867585526,0.09652664437511953
2474.0,98.96000000000001,2.0,14.663661137490687,-26.845427167520466,14.663661137490687,-26.845427167520466,2.637497909813912,2.9718552867585526,0.09652664437511953
2475.0,99.0,2.0,14.637236470042316,-26.84057974351645,14.637236470042316,-26.84057974351645,2.6382310657036947,2.9718552867585526,0.09652664437511953
2476.0,99.04,2.0,14.610606055806363,-26.83530991873987,14.610606055806363,-26.83530991873987,2.638964221593478,2.9718552867585526,0.09652664437511953
2477.0,99.08,2.0,14.583770897006252,-26.82961746796546,14.583770897006252,-26.82961746796546,2.639697377483261,2.9718552867585526,0.09652664437511953
2478.0,99.12,2.0,14.556731999132362,-26.82350217351318,14.556731999132362,-26.82350217351318,2.640430533373044,2.9718552867585526,0.09652664437511953
2479.0,99.16,2.0,14.529490370916506,-26.816963825256135,14.529490370916506,-26.816963825256135,2.6411636892628265,2.9718552867585526,0.09652664437511953
2480.0,99.2,2.0,14.502047024306373,-26.8100022206283,14.502047024306373,-26.8100022206283,2.6418968451526097,2.9718552867585526,0.09652664437511953
2481.0,99.24000000000001,2.0,14.474402974439863,-26.802617164632142,14.474402974439863,-26.802617164632142,2.6426300010423924,2.9718552867585526,0.09652664437511953
2482.0,99.28,2.0,14.446559239619436,-26.79480846984609,14.446559239619436,-26.79480846984609,2.6433631569321756,2.9718552867585526,0.09652664437511953
2483.0,99.32000000000001,2.0,14.418516841286328,-26.78657595643181,14.418516841286328,-26.78657595643181,2.644096312821959,2.9718552867585526,0.09652664437511953
2484.0,99.36,2.0,14.39027680399477,-26.777919452141436,14.39027680399477,-26.777919452141436,2.6448294687117415,2.9718552867585526,0.09652664437511953
2485.0,99.4,2.0,14.36184015538611,-26.768838792324534,14.36184015538611,-26.768838792324534,2.6455626246015242,2.9718552867585526,0.09652664437511953
2486.0,99.44,2.0,14.333207926162931,-26.759333819935,14.333207926162931,-26.759333819935,2.646295780491307,2.9718552867585526,0.09652664437511953
2487.0,99.48,2.0,14.304381150063055,-26.749404385537794,14.304381150063055,-26.749404385537794,2.64702893638109,2.9718552867585526,0.09652664437511953
2488.0,99.52,2.0,14.275360863833532,-26.739050347315498,14.275360863833532,-26.739050347315498,2.6477620922708733,2.9718552867585526,0.09652664437511953
2489.0,99.56,2.0,14.246148107204581,-26.728271571074778,14.246148107204581,-26.728271571074778,2.648495248160656,2.9718552867585526,0.09652664437511953
2490.0,99.60000000000001,2.0,14.216743922863435,-26.717067930252615,14.216743922863435,-26.717067930252615,2.6492284040504392,2.9718552867585526,0.09652664437511953
2491.0,99.64,2.0,14.187149356428199,-26.70543930592251,14.187149356428199,-26.70543930592251,2.6499615599402224,2.9718552867585526,0.09652664437511953
2492.0,99.68,2.0,14.157365456421596,-26.693385586800407,14.157365456421596,-26.693385586800407,2.650694715830005,2.9718552867585526,0.09652664437511953
2493.0,99.72,2.0,14.127393274244696,-26.680906669250582,14.127393274244696,-26.680906669250582,2.6514278717197883,2.9718552867585526,0.09652664437511953
2494.0,99.76,2.0,14.097233864150605,-26.6680024572913,14.097233864150605,-26.6680024572913,2.652161027609571,2.9718552867585526,0.09652664437511953
2495.0,99.8,2.0,14.066888283218049,-26.654672862600357,14.066888283218049,-26.654672862600357,2.6528941834993542,2.9718552867585526,0.09652664437511953
2496.0,99.84,2.0,14.036357591325,-26.640917804520512,14.036357591325,-26.640917804520512,2.6536273393891365,2.9718552867585526,0.09652664437511953
2497.0,99.88,2.0,14.005642851122158,-26.626737210064693,14.005642851122158,-26.626737210064693,2.6543604952789197,2.9718552867585526,0.09652664437511953
2498.0,99.92,2.0,13.974745128006443,-26.61213101392108,13.974745128006443,-26.61213101392108,2.655093651168703,2.9718552867585526,0.09652664437511953
2499.0,99.96000000000001,2.0,13.94366549009445,-26.59709915845811,13.94366549009445,-26.59709915845811,2.655826807058486,2.9718552867585526,0.09652664437511953
2500.0,100.0,2.0,13.912405008195787,-26.581641593729206,13.912405008195787,-26.581641593729206,2.656559962948269,2.9718552867585526,0.09652664437511953
2501.0,100.04,2.0,13.88096475578647,-26.56575827747748,13.88096475578647,-26.56575827747748,2.6572931188380515,2.9718552867585526,0.09652664437511953
2502.0,100.08,2.0,13.849345808982175,-26.5494491751402,13.849345808982175,-26.5494491751402,2.6580262747278347,2.9718552867585526,0.09652664437511953
2503.0,100.12,2.0,13.817549246511515,-26.532714259853133,13.817549246511515,-26.532714259853133,2.6587594306176174,2.9718552867585526,0.09652664437511953
2504.0,100.16,2.0,13.785576149689225,-26.51555351245475,13.785576149689225,-26.51555351245475,2.6594925865074,2.9718552867585526,0.09652664437511953
2505.0,100.2,2.0,13.753427602389351,-26.497966921490303,13.753427602389351,-26.497966921490303,2.6602257423971833,2.9718552867585526,0.09652664437511953
2506.0,100.24000000000001,2.0,13.721104691018345,-26.47995448321567,13.721104691018345,-26.47995448321567,2.6609588982869665,2.9718552867585526,0.09652664437511953
2507.0,100.28,2.0,13.688608504488169,-26.461516201601135,13.688608504488169,-26.461516201601135,2.6616920541767497,2.9718552867585526,0.09652664437511953
2508.0,100.32000000000001,2.0,13.655940134189313,-26.442652088335002,13.655940134189313,-26.442652088335002,2.6624252100665324,2.9718552867585526,0.09652664437511953
2509.0,100.36,2.0,13.623100673963794,-26.423362162826976,13.623100673963794,-26.423362162826976,2.663158365956315,2.9718552867585526,0.09652664437511953
2510.0,100.4,2.0,13.590091220078131,-26.403646452211536,13.590091220078131,-26.403646452211536,2.663891521846098,2.9718552867585526,0.09652664437511953
2511.0,100.44,2.0,13.556912871196237,-26.38350499135104,13.556912871196237,-26.38350499135104,2.664624677735881,2.9718552867585526,0.09652664437511953
2512.0,100.48,2.0,13.523566728352318,-26.362937822838706,13.523566728352318,-26.362937822838706,2.665357833625664,2.9718552867585526,0.09652664437511953
2513.0,100.52,2.0,13.4900538949237,-26.3419449970015,13.4900538949237,-26.3419449970015,2.666090989515447,2.9718552867585526,0.09652664437511953
2514.0,100.56,2.0,13.45637547660363,-26.320526571902793,13.45637547660363,-26.320526571902793,2.66682414540523,2.9718552867585526,0.09652664437511953
2515.0,100.60000000000001,2.0,13.42253258137406,-26.29868261334491,13.42253258137406,-26.29868261334491,2.667557301295013,2.9718552867585526,0.09652664437511953
2516.0,100.64,2.0,13.388526319478345,-26.27641319487152,13.388526319478345,-26.27641319487152,2.668290457184796,2.9718552867585526,0.09652664437511953
2517.0,100.68,2.0,13.354357803393963,-26.253718397769887,13.354357803393963,-26.253718397769887,2.6690236130745792,2.9718552867585526,0.09652664437511953
2518.0,100.72,2.0,13.32002814780516,-26.230598311072953,13.32002814780516,-26.230598311072953,2.669756768964362,2.9718552867585526,0.09652664437511953
2519.0,100.76,2.0,13.285538469575576,-26.20705303156125,13.285538469575576,-26.20705303156125,2.6704899248541447,2.9718552867585526,0.09652664437511953
2520.0,100.8,2.0,13.250889887720826,-26.183082663764736,13.250889887720826,-26.183082663764736,2.6712230807439274,2.9718552867585526,0.09652664437511953
2521.0,100.84,2.0,13.216083523381062,-26.158687319964372,13.216083523381062,-26.158687319964372,2.6719562366337106,2.9718552867585526,0.09652664437511953
2522.0,100.88,2.0,13.181120499793497,-26.133867120193635,13.181120499793497,-26.133867120193635,2.672689392523494,2.9718552867585526,0.09652664437511953
2523.0,100.92,2.0,13.146001942264894,-26.108622192239846,13.146001942264894,-26.108622192239846,2.6734225484132765,2.9718552867585526,0.09652664437511953
2524.0,100.96000000000001,2.0,13.11072897814402,-26.08295267164534,13.11072897814402,-26.08295267164534,2.6741557043030597,2.9718552867585526,0.09652664437511953
2525.0,101.0,2.0,13.07530273679408,-26.056858701708506,13.07530273679408,-26.056858701708506,2.6748888601928424,2.9718552867585526,0.09652664437511953
2526.0,101.04,2.0,13.039724349565109,-26.03034043348464,13.039724349565109,-26.03034043348464,2.6756220160826256,2.9718552867585526,0.09652664437511953
2527.0,101.08,2.0,13.003994949766337,-26.003398025786673,13.003994949766337,-26.003398025786673,2.6763551719724084,2.9718552867585526,0.09652664437511953
2528.0,101.12,2.0,12.968115672638538,-25.976031645185778,12.968115672638538,-25.976031645185778,2.677088327862191,2.9718552867585526,0.09652664437511953
2529.0,101.16,2.0,12.932087655326336,-25.948241466011716,12.932087655326336,-25.948241466011716,2.6778214837519743,2.9718552867585526,0.09652664437511953
2530.0,101.2,2.0,12.895912036850481,-25.920027670353182,12.895912036850481,-25.920027670353182,2.6785546396417574,2.9718552867585526,0.09652664437511953
2531.0,101.24000000000001,2.0,12.859589958080111,-25.891390448057848,12.859589958080111,-25.891390448057848,2.67928779553154,2.9718552867585526,0.09652664437511953
2532.0,101.28,2.0,12.823122561704972,-25.86232999673238,12.823122561704972,-25.86232999673238,2.6800209514213233,2.9718552867585526,0.09652664437511953
2533.0,101.32000000000001,2.0,12.78651099220763,-25.832846521742216,12.78651099220763,-25.832846521742216,2.680754107311106,2.9718552867585526,0.09652664437511953
2534.0,101.36,2.0,12.749756395835643,-25.802940236211224,12.749756395835643,-25.802940236211224,2.6814872632008893,2.9718552867585526,0.09652664437511953
2535.0,101.4,2.0,12.712859920573717,-25.772611361021244,12.712859920573717,-25.772611361021244,2.682220419090672,2.9718552867585526,0.09652664437511953
2536.0,101.44,2.0,12.675822716115826,-25.741860124811375,12.675822716115826,-25.741860124811375,2.682953574980455,2.9718552867585526,0.09652664437511953
2537.0,101.48,2.0,12.638645933837319,-25.710686763977236,12.638645933837319,-25.710686763977236,2.683686730870238,2.9718552867585526,0.09652664437511953
2538.0,101.52,2.0,12.601330726767012,-25.679091522669985,12.601330726767012,-25.679091522669985,2.684419886760021,2.9718552867585526,0.09652664437511953
2539.0,101.56,2.0,12.563878249559234,-25.647074652795204,12.563878249559234,-25.647074652795204,2.685153042649804,2.9718552867585526,0.09652664437511953
2540.0,101.60000000000001,2.0,12.526289658465869,-25.614636414011688,12.526289658465869,-25.614636414011688,2.685886198539587,2.9718552867585526,0.09652664437511953
2541.0,101.64,2.0,12.488566111308378,-25.581777073729977,12.488566111308378,-25.581777073729977,2.68661935442937,2.9718552867585526,0.09652664437511953
2542.0,101.68,2.0,12.450708767449793,-25.548496907110838,12.450708767449793,-25.548496907110838,2.687352510319153,2.9718552867585526,0.09652664437511953
2543.0,101.72,2.0,12.412718787766678,-25.514796197063532,12.412718787766678,-25.514796197063532,2.6880856662089356,2.9718552867585526,0.09652664437511953
2544.0,101.76,2.0,12.37459733462112,-25.48067523424394,12.37459733462112,-25.48067523424394,2.688818822098719,2.9718552867585526,0.09652664437511953
2545.0,101.8,2.0,12.336345571832636,-25.446134317052568,12.336345571832636,-25.446134317052568,2.6895519779885015,2.9718552867585526,0.09652664437511953
2546.0,101.84,2.0,12.29796466465011,-25.411173751632358,12.29796466465011,-25.411173751632358,2.6902851338782847,2.9718552867585526,0.09652664437511953
2547.0,101.88,2.0,12.259455779723691,-25.37579385186636,12.259455779723691,-25.37579385186636,2.691018289768068,2.9718552867585526,0.09652664437511953
2548.0,101.92,2.0,12.220820085076687,-25.339994939375266,12.220820085076687,-25.339994939375266,2.6917514456578506,2.9718552867585526,0.09652664437511953
2549.0,101.96000000000001,2.0,12.182058750077429,-25.303777343514792,12.182058750077429,-25.303777343514792,2.6924846015476334,2.9718552867585526,0.09652664437511953
2550.0,102.0,2.0,12.14317294541113,-25.26714140137286,12.14317294541113,-25.26714140137286,2.693217757437416,2.9718552867585526,0.09652664437511953
2551.0,102.04,2.0,12.104163843051728,-25.230087457766697,12.104163843051728,-25.230087457766697,2.6939509133271993,2.9718552867585526,0.09652664437511953
2552.0,102.08,2.0,12.065032616233712,-25.19261586523975,12.065032616233712,-25.19261586523975,2.6946840692169824,2.9718552867585526,0.09652664437511953
2553.0,102.12,2.0,12.02578043942393,-25.154726984058414,12.02578043942393,-25.154726984058414,2.695417225106765,2.9718552867585526,0.09652664437511953
2554.0,102.16,2.0,11.9864084882934,-25.116421182208676,11.9864084882934,-25.116421182208676,2.6961503809965484,2.9718552867585526,0.09652664437511953
2555.0,102.2,2.0,11.94691793968909,-25.077698835392564,11.94691793968909,-25.077698835392564,2.6968835368863315,2.9718552867585526,0.09652664437511953
2556.0,102.24000000000001,2.0,11.907309971605697,-25.03856032702444,11.907309971605697,-25.03856032702444,2.6976166927761143,2.9718552867585526,0.09652664437511953
2557.0,102.28,2.0,11.86758576315742,-24.999006048227162,11.86758576315742,-24.999006048227162,2.6983498486658974,2.9718552867585526,0.09652664437511953
2558.0,102.32000000000001,2.0,11.827746494549704,-24.95903639782808,11.827746494549704,-24.95903639782808,2.69908300455568,2.9718552867585526,0.09652664437511953
2559.0,102.36,2.0,11.787793347050997,-24.918651782354882,11.787793347050997,-24.918651782354882,2.6998161604454634,2.9718552867585526,0.09652664437511953
2560.0,102.4,2.0,11.747727502964471,-24.877852616031305,11.747727502964471,-24.877852616031305,2.7005493163352456,2.9718552867585526,0.09652664437511953
2561.0,102.44,2.0,11.707550145599777,-24.83663932077266,11.707550145599777,-24.83663932077266,2.701282472225029,2.9718552867585526,0.09652664437511953
2562.0,102.48,2.0,11.667262459244736,-24.795012326181237,11.667262459244736,-24.795012326181237,2.702015628114812,2.9718552867585526,0.09652664437511953
2563.0,102.52,2.0,11.626865629137072,-24.752972069541535,11.626865629137072,-24.752972069541535,2.702748784004595,2.9718552867585526,0.09652664437511953
2564.0,102.56,2.0,11.586360841436113,-24.710518995815352,11.586360841436113,-24.710518995815352,2.703481939894378,2.9718552867585526,0.09652664437511953
2565.0,102.60000000000001,2.0,11.545749283194487,-24.66765355763674,11.545749283194487,-24.66765355763674,2.7042150957841606,2.9718552867585526,0.09652664437511953
2566.0,102.64,2.0,11.505032142329833,-24.624376215306757,11.505032142329833,-24.624376215306757,2.704948251673944,2.9718552867585526,0.09652664437511953
2567.0,102.68,2.0,11.46421060759647,-24.58068743678813,11.46421060759647,-24.58068743678813,2.7056814075637265,2.9718552867585526,0.09652664437511953
2568.0,102.72,2.0,11.423285868557102,-24.53658769769971,11.423285868557102,-24.53658769769971,2.7064145634535093,2.9718552867585526,0.09652664437511953
2569.0,102.76,2.0,11.382259115554492,-24.492077481310833,11.382259115554492,-24.492077481310833,2.7071477193432925,2.9718552867585526,0.09652664437511953
2570.0,102.8,2.0,11.341131539683147,-24.447157278535464,11.341131539683147,-24.447157278535464,2.7078808752330756,2.9718552867585526,0.09652664437511953
2571.0,102.84,2.0,11.299904332760995,-24.401827587926253,11.299904332760995,-24.401827587926253,2.708614031122859,2.9718552867585526,0.09652664437511953
2572.0,102.88,2.0,11.258578687301062,-24.356088915668387,11.258578687301062,-24.356088915668387,2.7093471870126415,2.9718552867585526,0.09652664437511953
2573.0,102.92,2.0,11.217155796483148,-24.309941775573336,11.217155796483148,-24.309941775573336,2.7100803429024243,2.9718552867585526,0.09652664437511953
2574.0,102.96000000000001,2.0,11.175636854125502,-24.263386689072412,11.175636854125502,-24.263386689072412,2.710813498792207,2.9718552867585526,0.09652664437511953
2575.0,103.0,2.0,11.1340230546565,-24.216424185210197,11.1340230546565,-24.216424185210197,2.71154665468199,2.9718552867585526,0.09652664437511953
2576.0,103.04,2.0,11.09231559308633,-24.169054800637806,11.09231559308633,-24.169054800637806,2.712279810571773,2.9718552867585526,0.09652664437511953
2577.0,103.08,2.0,11.050515664978644,-24.121279079606023,11.050515664978644,-24.121279079606023,2.713012966461556,2.9718552867585526,0.09652664437511953
2578.0,103.12,2.0,11.008624466422276,-24.073097573958254,11.008624466422276,-24.073097573958254,2.7137461223513393,2.9718552867585526,0.09652664437511953
2579.0,103.16,2.0,10.966643194002897,-24.02451084312336,10.966643194002897,-24.02451084312336,2.714479278241122,2.9718552867585526,0.09652664437511953
2580.0,103.2,2.0,10.924573044774716,-23.975519454108316,10.924573044774716,-23.975519454108316,2.715212434130905,2.9718552867585526,0.09652664437511953
2581.0,103.24000000000001,2.0,10.882415216232168,-23.926123981490736,10.882415216232168,-23.926123981490736,2.7159455900206884,2.9718552867585526,0.09652664437511953
2582.0,103.28,2.0,10.84017090628161,-23.876325007411236,10.84017090628161,-23.876325007411236,2.716678745910471,2.9718552867585526,0.09652664437511953
2583.0,103.32000000000001,2.0,10.797841313213029,-23.826123121565654,10.797841313213029,-23.826123121565654,2.717411901800254,2.9718552867585526,0.09652664437511953
2584.0,103.36,2.0,10.755427635671733,-23.77551892119712,10.755427635671733,-23.77551892119712,2.7181450576900366,2.9718552867585526,0.09652664437511953
2585.0,103.4,2.0,10.712931072630091,-23.724513011087957,10.712931072630091,-23.724513011087957,2.7188782135798197,2.9718552867585526,0.09652664437511953
2586.0,103.44,2.0,10.670352823359227,-23.67310600355148,10.670352823359227,-23.67310600355148,2.719611369469603,2.9718552867585526,0.09652664437511953
2587.0,103.48,2.0,10.627694087400771,-23.621298518423597,10.627694087400771,-23.621298518423597,2.7203445253593856,2.9718552867585526,0.09652664437511953
2588.0,103.52,2.0,10.584956064538588,-23.56909118305426,10.584956064538588,-23.56909118305426,2.721077681249169,2.9718552867585526,0.09652664437511953
2589.0,103.56,2.0,10.54213995477052,-23.516484632298827,10.54213995477052,-23.516484632298827,2.7218108371389516,2.9718552867585526,0.09652664437511953
2590.0,103.60000000000001,2.0,10.499246958280155,-23.463479508509185,10.499246958280155,-23.463479508509185,2.7225439930287347,2.9718552867585526,0.09652664437511953
2591.0,103.64,2.0,10.456278275408584,-23.410076461524795,10.456278275408584,-23.410076461524795,2.7232771489185175,2.9718552867585526,0.09652664437511953
2592.0,103.68,2.0,10.41323510662619,-23.35627614866358,10.41323510662619,-23.35627614866358,2.7240103048083,2.9718552867585526,0.09652664437511953
2593.0,103.72,2.0,10.370118652504425,-23.302079234712615,10.370118652504425,-23.302079234712615,2.7247434606980834,2.9718552867585526,0.09652664437511953
2594.0,103.76,2.0,10.32693011368762,-23.247486391918713,10.32693011368762,-23.247486391918713,2.7254766165878666,2.9718552867585526,0.09652664437511953
2595.0,103.8,2.0,10.283670690864799,-23.192498299978865,10.283670690864799,-23.192498299978865,2.7262097724776493,2.9718552867585526,0.09652664437511953
2596.0,103.84,2.0,10.240341584741508,-23.137115646030505,10.240341584741508,-23.137115646030505,2.7269429283674325,2.9718552867585526,0.09652664437511953
2597.0,103.88,2.0,10.196943996011658,-23.081339124641627,10.196943996011658,-23.081339124641627,2.727676084257215,2.9718552867585526,0.09652664437511953
2598.0,103.92,2.0,10.153479125329378,-23.0251694378008,10.153479125329378,-23.0251694378008,2.7284092401469984,2.9718552867585526,0.09652664437511953
2599.0,103.96000000000001,2.0,10.109948173280893,-22.968607294906967,10.109948173280893,-22.968607294906967,2.729142396036781,2.9718552867585526,0.09652664437511953
2600.0,104.0,2.0,10.066352340356413,-22.911653412759144,10.066352340356413,-22.911653412759144,2.7298755519265643,2.9718552867585526,0.09652664437511953
2601.0,104.04,2.0,10.02269282692204,-22.85430851554597,10.02269282692204,-22.85430851554597,2.730608707816347,2.9718552867585526,0.09652664437511953
2602.0,104.08,2.0,9.978970833191676,-22.796573334835074,9.978970833191676,-22.796573334835074,2.73134186370613,2.9718552867585526,0.09652664437511953
2603.0,104.12,2.0,9.935187559198985,-22.73844860956234,9.935187559198985,-22.73844860956234,2.732075019595913,2.9718552867585526,0.09652664437511953
2604.0,104.16,2.0,9.891344204769338,-22.679935086020983,9.891344204769338,-22.679935086020983,2.732808175485696,2.9718552867585526,0.09652664437511953
2605.0,104.2,2.0,9.847441969491795,-22.621033517850528,9.847441969491795,-22.621033517850528,2.7335413313754793,2.9718552867585526,0.09652664437511953
2606.0,104.24000000000001,2.0,9.803482052691104,-22.561744666025575,9.803482052691104,-22.561744666025575,2.734274487265262,2.9718552867585526,0.09652664437511953
2607.0,104.28,2.0,9.759465653399719,-22.502069298844482,9.759465653399719,-22.502069298844482,2.7350076431550447,2.9718552867585526,0.09652664437511953
2608.0,104.32000000000001,2.0,9.715393970329831,-22.442008191917875,9.715393970329831,-22.442008191917875,2.735740799044828,2.9718552867585526,0.09652664437511953
2609.0,104.36,2.0,9.671268201845447,-22.381562128156997,9.671268201845447,-22.381562128156997,2.7364739549346107,2.9718552867585526,0.09652664437511953
2610.0,104.4,2.0,9.62708954593445,-22.320731897761938,9.62708954593445,-22.320731897761938,2.737207110824394,2.9718552867585526,0.09652664437511953
2611.0,104.44,2.0,9.582859200180724,-22.259518298209702,9.582859200180724,-22.259518298209702,2.737940266714177,2.9718552867585526,0.09652664437511953
2612.0,104.48,2.0,9.538578361736276,-22.197922134242138,9.538578361736276,-22.197922134242138,2.7386734226039597,2.9718552867585526,0.09652664437511953
2613.0,104.52,2.0,9.494248227293376,-22.135944217853726,9.494248227293376,-22.135944217853726,2.7394065784937425,2.9718552867585526,0.09652664437511953
2614.0,104.56,2.0,9.449869993056762,-22.073585368279197,9.449869993056762,-22.073585368279197,2.740139734383525,2.9718552867585526,0.09652664437511953
2615.0,104.60000000000001,2.0,9.405444854715816,-22.010846411981053,9.405444854715816,-22.010846411981053,2.7408728902733084,2.9718552867585526,0.09652664437511953
2616.0,104.64,2.0,9.36097400741681,-21.947728182636872,9.36097400741681,-21.947728182636872,2.7416060461630916,2.9718552867585526,0.09652664437511953
2617.0,104.68,2.0,9.316458645735153,-21.884231521126573,9.316458645735153,-21.884231521126573,2.7423392020528743,2.9718552867585526,0.09652664437511953
2618.0,104.72,2.0,9.27189996364768,-21.820357275519406,9.27189996364768,-21.820357275519406,2.7430723579426575,2.9718552867585526,0.09652664437511953
2619.0,104.76,2.0,9.227299154504951,-21.756106301060914,9.227299154504951,-21.756106301060914,2.7438055138324406,2.9718552867585526,0.09652664437511953
2620.0,104.8,2.0,9.182657411003598,-21.69147946015969,9.182657411003598,-21.69147946015969,2.7445386697222234,2.9718552867585526,0.09652664437511953
2621.0,104.84,2.0,9.137975925158694,-21.626477622374004,9.137975925158694,-21.626477622374004,2.7452718256120066,2.9718552867585526,0.09652664437511953
2622.0,104.88,2.0,9.093255888276136,-21.561101664398294,9.093255888276136,-21.561101664398294,2.7460049815017893,2.9718552867585526,0.09652664437511953
2623.0,104.92,2.0,9.048498490925098,-21.49535247004949,9.048498490925098,-21.49535247004949,2.7467381373915725,2.9718552867585526,0.09652664437511953
2624.0,104.96000000000001,2.0,9.003704922910455,-21.429230930253237,9.003704922910455,-21.429230930253237,2.7474712932813548,2.9718552867585526,0.09652664437511953
2625.0,105.0,2.0,8.958876373245294,-21.36273794302993,8.958876373245294,-21.36273794302993,2.748204449171138,2.9718552867585526,0.09652664437511953
2626.0,105.04,2.0,8.914014030123436,-21.29587441348065,8.914014030123436,-21.29587441348065,2.748937605060921,2.9718552867585526,0.09652664437511953
2627.0,105.08,2.0,8.869119080891974,-21.2286412537729,8.869119080891974,-21.2286412537729,2.7496707609507043,2.9718552867585526,0.09652664437511953
2628.0,105.12,2.0,8.82419271202387,-21.16103938312629,8.82419271202387,-21.16103938312629,2.750403916840487,2.9718552867585526,0.09652664437511953
2629.0,105.16,2.0,8.779236109090574,-21.093069727797968,8.779236109090574,-21.093069727797968,2.7511370727302698,2.9718552867585526,0.09652664437511953
2630.0,105.2,2.0,8.734250456734681,-21.024733221068004,8.734250456734681,-21.024733221068004,2.751870228620053,2.9718552867585526,0.09652664437511953
2631.0,105.24000000000001,2.0,8.689236938642612,-20.956030803224586,8.689236938642612,-20.956030803224586,2.7526033845098357,2.9718552867585526,0.09652664437511953
2632.0,105.28,2.0,8.644196737517346,-20.88696342154909,8.644196737517346,-20.88696342154909,2.7533365403996184,2.9718552867585526,0.09652664437511953
2633.0,105.32000000000001,2.0,8.599131035051178,-20.817532030300995,8.599131035051178,-20.817532030300995,2.7540696962894016,2.9718552867585526,0.09652664437511953
2634.0,105.36,2.0,8.554041011898518,-20.747737590702673,8.554041011898518,-20.747737590702673,2.7548028521791847,2.9718552867585526,0.09652664437511953
2635.0,105.4,2.0,8.508927847648728,-20.677581070924035,8.508927847648728,-20.677581070924035,2.755536008068968,2.9718552867585526,0.09652664437511953
2636.0,105.44,2.0,8.46379272079899,-20.607063446067052,8.46379272079899,-20.607063446067052,2.7562691639587507,2.9718552867585526,0.09652664437511953
2637.0,105.48,2.0,8.418636808727223,-20.536185698150085,8.418636808727223,-20.536185698150085,2.7570023198485334,2.9718552867585526,0.09652664437511953
2638.0,105.52,2.0,8.37346128766503,-20.464948816092146,8.37346128766503,-20.464948816092146,2.757735475738316,2.9718552867585526,0.09652664437511953
2639.0,105.56,2.0,8.328267332670688,-20.393353795696967,8.328267332670688,-20.393353795696967,2.7584686316280993,2.9718552867585526,0.09652664437511953
2640.0,105.60000000000001,2.0,8.283056117602184,-20.321401639636967,8.283056117602184,-20.321401639636967,2.759201787517882,2.9718552867585526,0.09652664437511953
2641.0,105.64,2.0,8.237828815090278,-20.24909335743704,8.237828815090278,-20.24909335743704,2.759934943407665,2.9718552867585526,0.09652664437511953
2642.0,105.68,2.0,8.192586596511628,-20.176429965458244,8.192586596511628,-20.176429965458244,2.7606680992974484,2.9718552867585526,0.09652664437511953
2643.0,105.72,2.0,8.147330631961928,-20.103412486881343,8.147330631961928,-20.103412486881343,2.761401255187231,2.9718552867585526,0.09652664437511953
2644.0,105.76,2.0,8.102062090229126,-20.030041951690187,8.102062090229126,-20.030041951690187,2.7621344110770143,2.9718552867585526,0.09652664437511953
2645.0,105.8,2.0,8.056782138766646,-19.956319396654997,8.056782138766646,-19.956319396654997,2.7628675669667975,2.9718552867585526,0.09652664437511953
2646.0,105.84,2.0,8.011491943666687,-19.882245865315454,8.011491943666687,-19.882245865315454,2.76360072285658,2.9718552867585526,0.09652664437511953
2647.0,105.88,2.0,7.966192669633545,-19.807822407963734,7.966192669633545,-19.807822407963734,2.764333878746363,2.9718552867585526,0.09652664437511953
2648.0,105.92,2.0,7.920885479956989,-19.733050081627322,7.920885479956989,-19.733050081627322,2.7650670346361457,2.9718552867585526,0.09652664437511953
2649.0,105.96000000000001,2.0,7.87557153648568,-19.65792995005175,7.87557153648568,-19.65792995005175,2.765800190525929,2.9718552867585526,0.09652664437511953
2650.0,106.0,2.0,7.830251999600638,-19.58246308368317,7.830251999600638,-19.58246308368317,2.766533346415712,2.9718552867585526,0.09652664437511953
2651.0,106.04,2.0,7.784928028188756,-19.506650559650794,7.784928028188756,-19.506650559650794,2.7672665023054948,2.9718552867585526,0.09652664437511953
2652.0,106.08,2.0,7.739600779616353,-19.430493461749222,7.739600779616353,-19.430493461749222,2.767999658195278,2.9718552867585526,0.09652664437511953
2653.0,106.12,2.0,7.694271409702795,-19.3539928804206,7.694271409702795,-19.3539928804206,2.7687328140850607,2.9718552867585526,0.09652664437511953
2654.0,106.16,2.0,7.648941072694133,-19.277149912736682,7.648941072694133,-19.277149912736682,2.769465969974844,2.9718552867585526,0.09652664437511953
2655.0,106.2,2.0,7.603610921236827,-19.199965662380723,7.603610921236827,-19.199965662380723,2.7701991258646266,2.9718552867585526,0.09652664437511953
2656.0,106.24000000000001,2.0,7.558282106351493,-19.122441239629246,7.558282106351493,-19.122441239629246,2.7709322817544093,2.9718552867585526,0.09652664437511953
2657.0,106.28,2.0,7.5129557774067,-19.04457776133372,7.5129557774067,-19.04457776133372,2.7716654376441925,2.9718552867585526,0.09652664437511953
2658.0,106.32000000000001,2.0,7.46763308209284,-18.966376350902024,7.46763308209284,-18.966376350902024,2.7723985935339757,2.9718552867585526,0.09652664437511953
2659.0,106.36,2.0,7.42231516639603,-18.88783813827986,7.42231516639603,-18.88783813827986,2.7731317494237584,2.9718552867585526,0.09652664437511953
2660.0,106.4,2.0,7.377003174572063,-18.808964259931972,7.377003174572063,-18.808964259931972,2.7738649053135416,2.9718552867585526,0.09652664437511953
2661.0,106.44,2.0,7.331698249120434,-18.72975585882327,7.331698249120434,-18.72975585882327,2.7745980612033243,2.9718552867585526,0.09652664437511953
2662.0,106.48,2.0,7.286401530758395,-18.650214084399817,7.286401530758395,-18.650214084399817,2.7753312170931075,2.9718552867585526,0.09652664437511953
2663.0,106.52,2.0,7.241114158395071,-18.570340092569662,7.241114158395071,-18.570340092569662,2.77606437298289,2.9718552867585526,0.09652664437511953
2664.0,106.56,2.0,7.195837269105643,-18.49013504568358,7.195837269105643,-18.49013504568358,2.7767975288726734,2.9718552867585526,0.09652664437511953
2665.0,106.60000000000001,2.0,7.150571998105566,-18.409600112515626,7.150571998105566,-18.409600112515626,2.777530684762456,2.9718552867585526,0.09652664437511953
2666.0,106.64,2.0,7.105319478724854,-18.328736468243648,7.105319478724854,-18.328736468243648,2.7782638406522393,2.9718552867585526,0.09652664437511953
2667.0,106.68,2.0,7.060080842382421,-18.24754529442956,7.060080842382421,-18.24754529442956,2.778996996542022,2.9718552867585526,0.09652664437511953
2668.0,106.72,2.0,7.014857218560469,-18.166027778999574,7.014857218560469,-18.166027778999574,2.779730152431805,2.9718552867585526,0.09652664437511953
2669.0,106.76,2.0,6.969649734778946,-18.08418511622427,6.969649734778946,-18.08418511622427,2.7804633083215884,2.9718552867585526,0.09652664437511953
2670.0,106.8,2.0,6.924459516570055,-18.00201850669851,6.924459516570055,-18.00201850669851,2.781196464211371,2.9718552867585526,0.09652664437511953
2671.0,106.84,2.0,6.879287687452814,-17.919529157321293,6.879287687452814,-17.919529157321293,2.781929620101154,2.9718552867585526,0.09652664437511953
2672.0,106.88,2.0,6.834135368907693,-17.836718281275417,6.834135368907693,-17.836718281275417,2.782662775990937,2.9718552867585526,0.09652664437511953
2673.0,106.92,2.0,6.789003680351284,-17.75358709800703,6.789003680351284,-17.75358709800703,2.7833959318807198,2.9718552867585526,0.09652664437511953
2674.0,106.96000000000001,2.0,6.743893739111066,-17.670136833205085,6.743893739111066,-17.670136833205085,2.784129087770503,2.9718552867585526,0.09652664437511953
2675.0,107.0,2.0,6.698806660400187,-17.58636871878062,6.698806660400187,-17.58636871878062,2.784862243660286,2.9718552867585526,0.09652664437511953
2676.0,107.04,2.0,6.653743557292349,-17.502283992845953,6.653743557292349,-17.502283992845953,2.785595399550069,2.9718552867585526,0.09652664437511953
2677.0,107.08,2.0,6.608705540696723,-17.41788389969374,6.608705540696723,-17.41788389969374,2.7863285554398516,2.9718552867585526,0.09652664437511953
2678.0,107.12,2.0,6.563693719332944,-17.33316968977588,6.563693719332944,-17.33316968977588,2.7870617113296343,2.9718552867585526,0.09652664437511953
2679.0,107.16,2.0,6.518709199706163,-17.248142619682326,6.518709199706163,-17.248142619682326,2.7877948672194175,2.9718552867585526,0.09652664437511953
2680.0,107.2,2.0,6.473753086082155,-17.162803952119773,6.473753086082155,-17.162803952119773,2.7885280231092007,2.9718552867585526,0.09652664437511953
2681.0,107.24000000000001,2.0,6.428826480462504,-17.0771549558902,6.428826480462504,-17.0771549558902,2.7892611789989834,2.9718552867585526,0.09652664437511953
2682.0,107.28,2.0,6.383930482559844,-16.991196905869298,6.383930482559844,-16.991196905869298,2.7899943348887666,2.9718552867585526,0.09652664437511953
2683.0,107.32000000000001,2.0,6.3390661897731615,-16.904931082984785,6.3390661897731615,-16.904931082984785,2.7907274907785498,2.9718552867585526,0.09652664437511953
2684.0,107.36,2.0,6.294234697163171,-16.81835877419457,6.294234697163171,-16.81835877419457,2.7914606466683325,2.9718552867585526,0.09652664437511953
2685.0,107.4,2.0,6.249437097427753,-16.731481272464837,6.249437097427753,-16.731481272464837,2.7921938025581157,2.9718552867585526,0.09652664437511953
2686.0,107.44,2.0,6.204674480877457,-16.644299876747958,6.204674480877457,-16.644299876747958,2.7929269584478984,2.9718552867585526,0.09652664437511953
2687.0,107.48,2.0,6.159947935411068,-16.556815891960323,6.159947935411068,-16.556815891960323,2.7936601143376816,2.9718552867585526,0.09652664437511953
2688.0,107.52,2.0,6.115258546491255,-16.469030628960034,6.115258546491255,-16.469030628960034,2.794393270227464,2.9718552867585526,0.09652664437511953
2689.0,107.56,2.0,6.07060739712026,-16.380945404524468,6.07060739712026,-16.380945404524468,2.795126426117247,2.9718552867585526,0.09652664437511953
2690.0,107.60000000000001,2.0,6.025995567815691,-16.29256154132774,6.025995567815691,-16.29256154132774,2.79585958200703,2.9718552867585526,0.09652664437511953
2691.0,107.64,2.0,5.98142413658635,-16.20388036791802,5.98142413658635,-16.20388036791802,2.7965927378968134,2.9718552867585526,0.09652664437511953
2692.0,107.68,2.0,5.936894178908151,-16.114903218694764,5.936894178908151,-16.114903218694764,2.797325893786596,2.9718552867585526,0.09652664437511953
2693.0,107.72,2.0,5.892406767700104,-16.02563143388579,5.892406767700104,-16.02563143388579,2.798059049676379,2.9718552867585526,0.09652664437511953
2694.0,107.76,2.0,5.847962973300363,-15.936066359524261,5.847962973300363,-15.936066359524261,2.798792205566162,2.9718552867585526,0.09652664437511953
2695.0,107.8,2.0,5.803563863442351,-15.846209347425539,5.803563863442351,-15.846209347425539,2.7995253614559448,2.9718552867585526,0.09652664437511953
2696.0,107.84,2.0,5.7592105032309595,-15.756061755163923,5.7592105032309595,-15.756061755163923,2.8002585173457275,2.9718552867585526,0.09652664437511953
2697.0,107.88,2.0,5.7149039551188086,-15.665624946049263,5.7149039551188086,-15.665624946049263,2.8009916732355107,2.9718552867585526,0.09652664437511953
2698.0,107.92,2.0,5.670645278882587,-15.574900289103464,5.670645278882587,-15.574900289103464,2.801724829125294,2.9718552867585526,0.09652664437511953
2699.0,107.96000000000001,2.0,5.626435531599471,-15.483889159036881,5.626435531599471,-15.483889159036881,2.802457985015077,2.9718552867585526,0.09652664437511953
2700.0,108.0,2.0,5.582275767623603,-15.392592936224577,5.582275767623603,-15.392592936224577,2.8031911409048598,2.9718552867585526,0.09652664437511953
2701.0,108.04,2.0,5.538167038562655,-15.301013006682481,5.538167038562655,-15.301013006682481,2.8039242967946425,2.9718552867585526,0.09652664437511953
2702.0,108.08,2.0,5.494110393254463,-15.20915076204343,5.494110393254463,-15.20915076204343,2.8046574526844252,2.9718552867585526,0.09652664437511953
2703.0,108.12,2.0,5.450106877743734,-15.117007599533077,5.450106877743734,-15.117007599533077,2.8053906085742084,2.9718552867585526,0.09652664437511953
2704.0,108.16,2.0,5.406157535258832,-15.024584921945728,5.406157535258832,-15.024584921945728,2.806123764463991,2.9718552867585526,0.09652664437511953
2705.0,108.2,2.0,5.362263406188643,-14.931884137620008,5.362263406188643,-14.931884137620008,2.8068569203537743,2.9718552867585526,0.09652664437511953
2706.0,108.24000000000001,2.0,5.318425528059507,-14.838906660414457,5.318425528059507,-14.838906660414457,2.8075900762435575,2.9718552867585526,0.09652664437511953
2707.0,108.28,2.0,5.274644935512233,-14.745653909683003,5.274644935512233,-14.745653909683003,2.8083232321333402,2.9718552867585526,0.09652664437511953
2708.0,108.32000000000001,2.0,5.230922660279195,-14.652127310250297,5.230922660279195,-14.652127310250297,2.8090563880231234,2.9718552867585526,0.09652664437511953
2709.0,108.36,2.0,5.1872597311614985,-14.558328292386978,5.1872597311614985,-14.558328292386978,2.8097895439129066,2.9718552867585526,0.09652664437511953
2710.0,108.4,2.0,5.143657174006228,-14.464258291784796,5.143657174006228,-14.464258291784796,2.8105226998026893,2.9718552867585526,0.09652664437511953
2711.0,108.44,2.0,5.100116011683783,-14.369918749531632,5.100116011683783,-14.369918749531632,2.811255855692472,2.9718552867585526,0.09652664437511953
2712.0,108.48,2.0,5.05663726406527,-14.275311112086404,5.05663726406527,-14.275311112086404,2.811989011582255,2.9718552867585526,0.09652664437511953
2713.0,108.52,2.0,5.013221948000007,-14.180436831253886,5.013221948000007,-14.180436831253886,2.812722167472038,2.9718552867585526,0.09652664437511953
2714.0,108.56,2.0,4.969871077293074,-14.085297364159363,4.969871077293074,-14.085297364159363,2.813455323361821,2.9718552867585526,0.09652664437511953
2715.0,108.60000000000001,2.0,4.926585662682976,-13.989894173223245,4.926585662682976,-13.989894173223245,2.814188479251604,2.9718552867585526,0.09652664437511953
2716.0,108.64,2.0,4.883366711819363,-13.894228726135523,4.883366711819363,-13.894228726135523,2.814921635141387,2.9718552867585526,0.09652664437511953
2717.0,108.68,2.0,4.840215229240846,-13.798302495830132,4.840215229240846,-13.798302495830132,2.81565479103117,2.9718552867585526,0.09652664437511953
2718.0,108.72,2.0,4.797132216352891,-13.702116960459211,4.797132216352891,-13.702116960459211,2.816387946920953,2.9718552867585526,0.09652664437511953
2719.0,108.76,2.0,4.754118671405793,-13.60567360336725,4.754118671405793,-13.60567360336725,2.8171211028107357,2.9718552867585526,0.09652664437511953
2720.0,108.8,2.0,4.711175589472741,-13.508973913065125,4.711175589472741,-13.508973913065125,2.8178542587005184,2.9718552867585526,0.09652664437511953
2721.0,108.84,2.0,4.668303962427958,-13.412019383204054,4.668303962427958,-13.412019383204054,2.8185874145903016,2.9718552867585526,0.09652664437511953
2722.0,108.88,2.0,4.625504778924929,-13.314811512549388,4.625504778924929,-13.314811512549388,2.8193205704800848,2.9718552867585526,0.09652664437511953
2723.0,108.92,2.0,4.582779024374721,-13.217351804954381,4.582779024374721,-13.217351804954381,2.8200537263698675,2.9718552867585526,0.09652664437511953
2724.0,108.96000000000001,2.0,4.540127680924372,-13.119641769333768,4.540127680924372,-13.119641769333768,2.8207868822596507,2.9718552867585526,0.09652664437511953
2725.0,109.0,2.0,4.497551727435379,-13.021682919637305,4.497551727435379,-13.021682919637305,2.8215200381494334,2.9718552867585526,0.09652664437511953
2726.0,109.04,2.0,4.455052139462271,-12.923476774823175,4.455052139462271,-12.923476774823175,2.8222531940392166,2.9718552867585526,0.09652664437511953
2727.0,109.08,2.0,4.412629889231261,-12.825024858831284,4.412629889231261,-12.825024858831284,2.8229863499289993,2.9718552867585526,0.09652664437511953
2728.0,109.12,2.0,4.370285945618991,-12.726328700556477,4.370285945618991,-12.726328700556477,2.8237195058187825,2.9718552867585526,0.09652664437511953
2729.0,109.16,2.0,4.328021274131364,-12.627389833821644,4.328021274131364,-12.627389833821644,2.8244526617085652,2.9718552867585526,0.09652664437511953
2730.0,109.2,2.0,4.285836836882465,-12.528209797350705,4.285836836882465,-12.528209797350705,2.8251858175983484,2.9718552867585526,0.09652664437511953
2731.0,109.24000000000001,2.0,4.243733592573564,-12.428790134741522,4.243733592573564,-12.428790134741522,2.825918973488131,2.9718552867585526,0.09652664437511953
2732.0,109.28,2.0,4.201712496472217,-12.329132394438693,4.201712496472217,-12.329132394438693,2.8266521293779143,2.9718552867585526,0.09652664437511953
2733.0,109.32000000000001,2.0,4.159774500391444,-12.229238129706252,4.159774500391444,-12.229238129706252,2.827385285267697,2.9718552867585526,0.09652664437511953
2734.0,109.36,2.0,4.117920552669018,-12.129108898600261,4.117920552669018,-12.129108898600261,2.8281184411574802,2.9718552867585526,0.09652664437511953
2735.0,109.4,2.0,4.076151598146817,-12.028746263941326,4.076151598146817,-12.028746263941326,2.828851597047263,2.9718552867585526,0.09652664437511953
2736.0,109.44,2.0,4.034468578150286,-11.928151793286968,4.034468578150286,-11.928151793286968,2.829584752937046,2.9718552867585526,0.09652664437511953
2737.0,109.48,2.0,3.992872430467989,-11.827327058903965,3.992872430467989,-11.827327058903965,2.830317908826829,2.9718552867585526,0.09652664437511953
2738.0,109.52,2.0,3.951364089331238,-11.726273637740517,3.951364089331238,-11.726273637740517,2.831051064716612,2.9718552867585526,0.09652664437511953
2739.0,109.56,2.0,3.909944485393832,-11.624993111398386,3.909944485393832,-11.624993111398386,2.831784220606395,2.9718552867585526,0.09652664437511953
2740.0,109.60000000000001,2.0,3.8686145457118757,-11.523487066104886,3.8686145457118757,-11.523487066104886,2.832517376496178,2.9718552867585526,0.09652664437511953
2741.0,109.64,2.0,3.8273751937236975,-11.421757092684812,3.8273751937236975,-11.421757092684812,2.8332505323859607,2.9718552867585526,0.09652664437511953
2742.0,109.68,2.0,3.7862273492298577,-11.319804786532249,3.7862273492298577,-11.319804786532249,2.8339836882757434,2.9718552867585526,0.09652664437511953
2743.0,109.72,2.0,3.745171928373252,-11.217631747582306,3.745171928373252,-11.217631747582306,2.8347168441655266,2.9718552867585526,0.09652664437511953
2744.0,109.76,2.0,3.70420984361931,-11.115239580282744,3.70420984361931,-11.115239580282744,2.8354500000553093,2.9718552867585526,0.09652664437511953
2745.0,109.8,2.0,3.6633420037362825,-11.012629893565505,3.6633420037362825,-11.012629893565505,2.8361831559450925,2.9718552867585526,0.09652664437511953
2746.0,109.84,2.0,3.622569313775633,-10.90980430081817,3.622569313775633,-10.90980430081817,2.8369163118348752,2.9718552867585526,0.09652664437511953
2747.0,109.88,2.0,3.581892675052516,-10.8067644198553,3.581892675052516,-10.8067644198553,2.8376494677246584,2.9718552867585526,0.09652664437511953
2748.0,109.92,2.0,3.5413129851263543,-10.703511872889695,3.5413129851263543,-10.703511872889695,2.838382623614441,2.9718552867585526,0.09652664437511953
2749.0,109.96000000000001,2.0,3.5008311377815162,-10.600048286503567,3.5008311377815162,-10.600048286503567,2.8391157795042243,2.9718552867585526,0.09652664437511953
2750.0,110.0,2.0,3.460448023008084,-10.496375291619607,3.460448023008084,-10.496375291619607,2.839848935394007,2.9718552867585526,0.09652664437511953
2751.0,110.04,2.0,3.420164526982718,-10.392494523471978,3.420164526982718,-10.392494523471978,2.84058209128379,2.9718552867585526,0.09652664437511953
2752.0,110.08,2.0,3.3799815320496287,-10.28840762157721,3.3799815320496287,-10.28840762157721,2.841315247173573,2.9718552867585526,0.09652664437511953
2753.0,110.12,2.0,3.3398999167016314,-10.184116229705001,3.3398999167016314,-10.184116229705001,2.842048403063356,2.9718552867585526,0.09652664437511953
2754.0,110.16,2.0,3.299920555561312,-10.079621995848942,3.299920555561312,-10.079621995848942,2.842781558953139,2.9718552867585526,0.09652664437511953
2755.0,110.2,2.0,3.2600443193622852,-9.974926572197138,3.2600443193622852,-9.974926572197138,2.843514714842922,2.9718552867585526,0.09652664437511953
2756.0,110.24000000000001,2.0,3.220272074930553,-9.870031615102752,3.220272074930553,-9.870031615102752,2.844247870732705,2.9718552867585526,0.09652664437511953
2757.0,110.28,2.0,3.1806046851659606,-9.764938785054468,3.1806046851659606,-9.764938785054468,2.844981026622488,2.9718552867585526,0.09652664437511953
2758.0,110.32000000000001,2.0,3.1410430090237575,-9.659649746646844,3.1410430090237575,-9.659649746646844,2.8457141825122707,2.9718552867585526,0.09652664437511953
2759.0,110.36,2.0,3.1015879014962535,-9.554166168550605,3.1015879014962535,-9.554166168550605,2.846447338402054,2.9718552867585526,0.09652664437511953
2760.0,110.4,2.0,3.062240213594576,-9.448489723482835,3.062240213594576,-9.448489723482835,2.8471804942918366,2.9718552867585526,0.09652664437511953
2761.0,110.44,2.0,3.023000792330531,-9.34262208817709,3.023000792330531,-9.34262208817709,2.84791365018162,2.9718552867585526,0.09652664437511953
2762.0,110.48,2.0,2.9838704806985645,-9.236564943353423,2.9838704806985645,-9.236564943353423,2.8486468060714025,2.9718552867585526,0.09652664437511953
2763.0,110.52,2.0,2.944850117657823,-9.13031997368833,2.944850117657823,-9.13031997368833,2.8493799619611857,2.9718552867585526,0.09652664437511953
2764.0,110.56,2.0,2.9059405381143186,-9.023888867784612,2.9059405381143186,-9.023888867784612,2.850113117850969,2.9718552867585526,0.09652664437511953
2765.0,110.60000000000001,2.0,2.867142572903198,-8.91727331814115,2.867142572903198,-8.91727331814115,2.8508462737407516,2.9718552867585526,0.09652664437511953
2766.0,110.64,2.0,2.82845704877111,-8.810475021122597,2.82845704877111,-8.810475021122597,2.8515794296305343,2.9718552867585526,0.09652664437511953
2767.0,110.68,2.0,2.789884788358681,-8.703495676929013,2.789884788358681,-8.703495676929013,2.8523125855203175,2.9718552867585526,0.09652664437511953
2768.0,110.72,2.0,2.7514266101830884,-8.596336989565362,2.7514266101830884,-8.596336989565362,2.8530457414101003,2.9718552867585526,0.09652664437511953
2769.0,110.76,2.0,2.7130833286207467,-8.489000666811013,2.7130833286207467,-8.489000666811013,2.8537788972998834,2.9718552867585526,0.09652664437511953
2770.0,110.8,2.0,2.674855753890089,-8.381488420189068,2.674855753890089,-8.381488420189068,2.8545120531896666,2.9718552867585526,0.09652664437511953
2771.0,110.84,2.0,2.6367446920344553,-8.273801964935695,2.6367446920344553,-8.273801964935695,2.8552452090794493,2.9718552867585526,0.09652664437511953
2772.0,110.88,2.0,2.5987509449050927,-8.165943019969319,2.5987509449050927,-8.165943019969319,2.855978364969232,2.9718552867585526,0.09652664437511953
2773.0,110.92,2.0,2.5608753101442527,-8.057913307859781,2.5608753101442527,-8.057913307859781,2.856711520859015,2.9718552867585526,0.09652664437511953
2774.0,110.96000000000001,2.0,2.5231185811683963,-7.94971455479738,2.5231185811683963,-7.94971455479738,2.857444676748798,2.9718552867585526,0.09652664437511953
2775.0,111.0,2.0,2.485481547151509,-7.841348490561877,2.485481547151509,-7.841348490561877,2.858177832638581,2.9718552867585526,0.09652664437511953
2776.0,111.04,2.0,2.447964993008518,-7.732816848491398,2.447964993008518,-7.732816848491398,2.858910988528364,2.9718552867585526,0.09652664437511953
2777.0,111.08,2.0,2.4105696993788177,-7.624121365451257,2.4105696993788177,-7.624121365451257,2.859644144418147,2.9718552867585526,0.09652664437511953
2778.0,111.12,2.0,2.3732964426099064,-7.515263781802743,2.3732964426099064,-7.515263781802743,2.8603773003079302,2.9718552867585526,0.09652664437511953
2779.0,111.16,2.0,2.3361459947411194,-7.406245841371769,2.3361459947411194,-7.406245841371769,2.861110456197713,2.9718552867585526,0.09652664437511953
2780.0,111.2,2.0,2.299119123487485,-7.297069291417515,2.299119123487485,-7.297069291417515,2.861843612087496,2.9718552867585526,0.09652664437511953
2781.0,111.24000000000001,2.0,2.2622165922236754,-7.187735882600951,2.2622165922236754,-7.187735882600951,2.862576767977279,2.9718552867585526,0.09652664437511953
2782.0,111.28,2.0,2.2254391599680754,-7.0782473689533045,2.2254391599680754,-7.0782473689533045,2.863309923867062,2.9718552867585526,0.09652664437511953
2783.0,111.32000000000001,2.0,2.188787581366955,-6.968605507844467,2.188787581366955,-6.968605507844467,2.8640430797568444,2.9718552867585526,0.09652664437511953
2784.0,111.36,2.0,2.1522626066787516,-6.858812059951295,2.1522626066787516,-6.858812059951295,2.8647762356466275,2.9718552867585526,0.09652664437511953
2785.0,111.4,2.0,2.115864981758466,-6.748868789225885,2.115864981758466,-6.748868789225885,2.8655093915364107,2.9718552867585526,0.09652664437511953
2786.0,111.44,2.0,2.0795954480421597,-6.63877746286375,2.0795954480421597,-6.63877746286375,2.866242547426194,2.9718552867585526,0.09652664437511953
2787.0,111.48,2.0,2.0434547425315737,-6.528539851271927,2.0434547425315737,-6.528539851271927,2.8669757033159766,2.9718552867585526,0.09652664437511953
2788.0,111.52,2.0,2.007443597778848,-6.418157728037029,2.007443597778848,-6.418157728037029,2.8677088592057594,2.9718552867585526,0.09652664437511953
2789.0,111.56,2.0,1.9715627418713577,-6.3076328698932205,1.9715627418713577,-6.3076328698932205,2.8684420150955425,2.9718552867585526,0.09652664437511953
2790.0,111.60000000000001,2.0,1.9358128984166574,-6.196967056690131,1.9358128984166574,-6.196967056690131,2.8691751709853253,2.9718552867585526,0.09652664437511953
2791.0,111.64,2.0,1.9001947865275377,-6.086162071360691,1.9001947865275377,-6.086162071360691,2.869908326875108,2.9718552867585526,0.09652664437511953
2792.0,111.68,2.0,1.8647091208071955,-5.975219699888916,1.8647091208071955,-5.975219699888916,2.870641482764891,2.9718552867585526,0.09652664437511953
2793.0,111.72,2.0,1.8293566113345137,-5.864141731277614,1.8293566113345137,-5.864141731277614,2.8713746386546743,2.9718552867585526,0.09652664437511953
2794.0,111.76,2.0,1.7941379636494534,-5.752929957516033,1.7941379636494534,-5.752929957516033,2.8721077945444575,2.9718552867585526,0.09652664437511953
2795.0,111.8,2.0,1.7590538787385632,-5.641586173547446,1.7590538787385632,-5.641586173547446,2.8728409504342403,2.9718552867585526,0.09652664437511953
2796.0,111.84,2.0,1.7241050530205935,-5.530112177236668,1.7241050530205935,-5.530112177236668,2.873574106324023,2.9718552867585526,0.09652664437511953
2797.0,111.88,2.0,1.689292178332232,-5.4185097693375095,1.689292178332232,-5.4185097693375095,2.8743072622138057,2.9718552867585526,0.09652664437511953
2798.0,111.92,2.0,1.6546159419139488,-5.306780753460174,1.6546159419139488,-5.306780753460174,2.875040418103589,2.9718552867585526,0.09652664437511953
2799.0,111.96000000000001,2.0,1.6200770263959563,-5.194926936038588,1.6200770263959563,-5.194926936038588,2.8757735739933716,2.9718552867585526,0.09652664437511953
2800.0,112.0,2.0,1.585676109784281,-5.082950126297671,1.585676109784281,-5.082950126297671,2.876506729883155,2.9718552867585526,0.09652664437511953
2801.0,112.04,2.0,1.5514138654469556,-4.970852136220549,1.5514138654469556,-4.970852136220549,2.877239885772938,2.9718552867585526,0.09652664437511953
2802.0,112.08,2.0,1.5172909621003197,-4.858634780515701,1.5172909621003197,-4.858634780515701,2.8779730416627207,2.9718552867585526,0.09652664437511953
2803.0,112.12,2.0,1.483308063795438,-4.746299876584051,1.483308063795438,-4.746299876584051,2.878706197552504,2.9718552867585526,0.09652664437511953
2804.0,112.16,2.0,1.449465829904635,-4.633849244486003,1.449465829904635,-4.633849244486003,2.879439353442287,2.9718552867585526,0.09652664437511953
2805.0,112.2,2.0,1.415764915108144,-4.521284706908413,1.415764915108144,-4.521284706908413,2.88017250933207,2.9718552867585526,0.09652664437511953
2806.0,112.24000000000001,2.0,1.382205969380872,-4.408608089131512,1.382205969380872,-4.408608089131512,2.8809056652218525,2.9718552867585526,0.09652664437511953
2807.0,112.28,2.0,1.3487896379792803,-4.29582121899576,1.3487896379792803,-4.29582121899576,2.8816388211116353,2.9718552867585526,0.09652664437511953
2808.0,112.32000000000001,2.0,1.315516561428383,-4.182925926868655,1.315516561428383,-4.182925926868655,2.8823719770014185,2.9718552867585526,0.09652664437511953
2809.0,112.36,2.0,1.282387375508862,-4.069924045611484,1.282387375508862,-4.069924045611484,2.8831051328912016,2.9718552867585526,0.09652664437511953
2810.0,112.4,2.0,1.2494027112442965,-3.9568174105460137,1.2494027112442965,-3.9568174105460137,2.8838382887809844,2.9718552867585526,0.09652664437511953
2811.0,112.44,2.0,1.2165631948885132,-3.8436078594211387,1.2165631948885132,-3.8436078594211387,2.8845714446707675,2.9718552867585526,0.09652664437511953
2812.0,112.48,2.0,1.1838694479130525,-3.7302972323794625,1.1838694479130525,-3.7302972323794625,2.8853046005605503,2.9718552867585526,0.09652664437511953
2813.0,112.52,2.0,1.1513220869947518,-3.616887371923835,1.1513220869947518,-3.616887371923835,2.8860377564503334,2.9718552867585526,0.09652664437511953
2814.0,112.56,2.0,1.1189217240034464,-3.5033801228838386,1.1189217240034464,-3.5033801228838386,2.886770912340116,2.9718552867585526,0.09652664437511953
2815.0,112.60000000000001,2.0,1.0866689659897912,-3.389777332382215,1.0866689659897912,-3.389777332382215,2.887504068229899,2.9718552867585526,0.09652664437511953
2816.0,112.64,2.0,1.0545644151731999,-3.2760808498012493,1.0545644151731999,-3.2760808498012493,2.888237224119682,2.9718552867585526,0.09652664437511953
2817.0,112.68,2.0,1.0226086689299003,-3.1622925267491024,1.0226086689299003,-3.1622925267491024,2.8889703800094653,2.9718552867585526,0.09652664437511953
2818.0,112.72,2.0,0.9908023197811119,-3.0484142170260866,0.9908023197811119,-3.0484142170260866,2.889703535899248,2.9718552867585526,0.09652664437511953
2819.0,112.76,2.0,0.9591459553813415,-2.934447776590906,0.9591459553813415,-2.934447776590906,2.890436691789031,2.9718552867585526,0.09652664437511953
2820.0,112.8,2.0,0.9276401585067985,-2.8203950635268353,0.9276401585067985,-2.8203950635268353,2.891169847678814,2.9718552867585526,0.09652664437511953
2821.0,112.84,2.0,0.8962855070439295,-2.70625793800786,0.8962855070439295,-2.70625793800786,2.891903003568597,2.9718552867585526,0.09652664437511953
2822.0,112.88,2.0,0.8650825739780732,-2.592038262264767,0.8650825739780732,-2.592038262264767,2.89263615945838,2.9718552867585526,0.09652664437511953
2823.0,112.92,2.0,0.8340319273822352,-2.4777379005511864,0.8340319273822352,-2.4777379005511864,2.893369315348163,2.9718552867585526,0.09652664437511953
2824.0,112.96000000000001,2.0,0.8031341304059844,-2.363358719109594,0.8031341304059844,-2.363358719109594,2.8941024712379457,2.9718552867585526,0.09652664437511953
2825.0,113.0,2.0,0.7723897412644671,-2.2489025861372625,0.7723897412644671,-2.2489025861372625,2.894835627127729,2.9718552867585526,0.09652664437511953
2826.0,113.04,2.0,0.7417993132275464,-2.134371371752174,0.7417993132275464,-2.134371371752174,2.8955687830175116,2.9718552867585526,0.09652664437511953
2827.0,113.08,2.0,0.7113633946090582,-2.0197669479588845,0.7113633946090582,-2.0197669479588845,2.896301938907295,2.9718552867585526,0.09652664437511953
2828.0,113.12,2.0,0.6810825287561916,-1.9050911886143496,0.6810825287561916,-1.9050911886143496,2.897035094797078,2.9718552867585526,0.09652664437511953
2829.0,113.16,2.0,0.6509572540389893,-1.7903459693937045,0.6509572540389893,-1.7903459693937045,2.8977682506868607,2.9718552867585526,0.09652664437511953
2830.0,113.2,2.0,0.6209881038399704,-1.6755331677560057,0.6209881038399704,-1.6755331677560057,2.8985014065766435,2.9718552867585526,0.09652664437511953
2831.0,113.24000000000001,2.0,0.5911756065438747,-1.5606546629099314,0.5911756065438747,-1.5606546629099314,2.8992345624664266,2.9718552867585526,0.09652664437511953
2832.0,113.28,2.0,0.5615202855275292,-1.4457123357794373,0.5615202855275292,-1.4457123357794373,2.8999677183562094,2.9718552867585526,0.09652664437511953
2833.0,113.32000000000001,2.0,0.5320226591498378,-1.330708068969381,0.5320226591498378,-1.330708068969381,2.9007008742459925,2.9718552867585526,0.09652664437511953
2834.0,113.36,2.0,0.502683240741892,-1.2156437467311005,0.502683240741892,-1.2156437467311005,2.9014340301357757,2.9718552867585526,0.09652664437511953
2835.0,113.4,2.0,0.47350253859720565,-1.100521254927959,0.47350253859720565,-1.100521254927959,2.9021671860255585,2.9718552867585526,0.09652664437511953
2836.0,113.44,2.0,0.444481055962072,-0.9853424810008496,0.444481055962072,-0.9853424810008496,2.902900341915341,2.9718552867585526,0.09652664437511953
2837.0,113.48,2.0,0.4156192910260442,-0.8701093139336649,0.4156192910260442,-0.8701093139336649,2.903633497805124,2.9718552867585526,0.09652664437511953
2838.0,113.52,2.0,0.38691773691253895,-0.7548236442187304,0.38691773691253895,-0.7548236442187304,2.904366653694907,2.9718552867585526,0.09652664437511953
2839.0,113.56,2.0,0.35837688166956355,-0.6394873638222018,0.35837688166956355,-0.6394873638222018,2.9050998095846903,2.9718552867585526,0.09652664437511953
2840.0,113.60000000000001,2.0,0.3299972082605671,-0.5241023661494285,0.3299972082605671,-0.5241023661494285,2.905832965474473,2.9718552867585526,0.09652664437511953
2841.0,113.64,2.0,0.301779194555415,-0.408670546010282,0.301779194555415,-0.408670546010282,2.906566121364256,2.9718552867585526,0.09652664437511953
2842.0,113.68,2.0,0.27372331332148797,-0.29319379958445213,0.27372331332148797,-0.29319379958445213,2.9072992772540394,2.9718552867585526,0.09652664437511953
2843.0,113.72,2.0,0.24583003221490501,-0.1776740243867099,0.24583003221490501,-0.1776740243867099,2.908032433143822,2.9718552867585526,0.09652664437511953
2844.0,113.76,2.0,0.2180998137718709,-0.06211311923213856,0.2180998137718709,-0.06211311923213856,2.9087655890336053,2.9718552867585526,0.09652664437511953
2845.0,113.8,2.0,0.19053311540014856,0.05348701579866635,0.19053311540014856,0.05348701579866635,2.909498744923388,2.9718552867585526,0.09652664437511953
2846.0,113.84,2.0,0.1631303893706555,0.16912447939442796,0.1631303893706555,0.16912447939442796,2.910231900813171,2.9718552867585526,0.09652664437511953
2847.0,113.88,2.0,0.13589208280918558,0.2847973690480488,0.13589208280918558,0.2847973690480488,2.9109650567029535,2.9718552867585526,0.09652664437511953
2848.0,113.92,2.0,0.10881863768825602,0.4005037810915006,0.10881863768825602,0.4005037810915006,2.9116982125927366,2.9718552867585526,0.09652664437511953
2849.0,113.96000000000001,2.0,0.08191049081907922,0.5162418107307428,0.08191049081907922,0.5162418107307428,2.91243136848252,2.9718552867585526,0.09652664437511953
2850.0,114.0,2.0,0.055168073843660445,0.6320095520806691,0.055168073843660445,0.6320095520806691,2.913164524372303,2.9718552867585526,0.09652664437511953
2851.0,114.04,2.0,0.028591813227020514,0.7478050982000803,0.028591813227020514,0.7478050982000803,2.9138976802620857,2.9718552867585526,0.09652664437511953
2852.0,114.08,2.0,0.0021821302495446558,0.8636265411266855,0.0021821302495446558,0.8636265411266855,2.9146308361518685,2.9718552867585526,0.09652664437511953
2853.0,114.12,2.0,-0.024060559000543068,0.9794719719121263,-0.024060559000543068,0.9794719719121263,2.9153639920416516,2.9718552867585526,0.09652664437511953
2854.0,114.16,2.0,-0.050135843634579125,1.0953394806570291,-0.050135843634579125,1.0953394806570291,2.9160971479314344,2.9718552867585526,0.09652664437511953
2855.0,114.2,2.0,-0.07604331797073413,1.21122715654608,-0.07604331797073413,1.21122715654608,2.916830303821217,2.9718552867585526,0.09652664437511953
2856.0,114.24000000000001,2.0,-0.10178258154115963,1.3271330878831233,-0.10178258154115963,1.3271330878831233,2.9175634597110003,2.9718552867585526,0.09652664437511953
2857.0,114.28,2.0,-0.12735323909900895,1.4430553621262843,-0.12735323909900895,1.4430553621262843,2.9182966156007835,2.9718552867585526,0.09652664437511953
2858.0,114.32000000000001,2.0,-0.1527549006253314,1.558992065923114,-0.1527549006253314,1.558992065923114,2.9190297714905666,2.9718552867585526,0.09652664437511953
2859.0,114.36,2.0,-0.1779871813358395,1.674941285145754,-0.1779871813358395,1.674941285145754,2.9197629273803494,2.9718552867585526,0.09652664437511953
2860.0,114.4,2.0,-0.20304970168754988,1.790901104926124,-0.20304970168754988,1.790901104926124,2.920496083270132,2.9718552867585526,0.09652664437511953
2861.0,114.44,2.0,-0.22794208738529687,1.9068696096911322,-0.22794208738529687,1.9068696096911322,2.921229239159915,2.9718552867585526,0.09652664437511953
2862.0,114.48,2.0,-0.2526639693881192,2.0228448831978962,-0.2526639693881192,2.0228448831978962,2.921962395049698,2.9718552867585526,0.09652664437511953
2863.0,114.52,2.0,-0.2772149839155196,2.138825008568994,-0.2772149839155196,2.138825008568994,2.9226955509394807,2.9718552867585526,0.09652664437511953
2864.0,114.56,2.0,-0.30159477245359667,2.2548080683277267,-0.30159477245359667,2.2548080683277267,2.923428706829264,2.9718552867585526,0.09652664437511953
2865.0,114.60000000000001,2.0,-0.3258029817610503,2.370792144433399,-0.3258029817610503,2.370792144433399,2.924161862719047,2.9718552867585526,0.09652664437511953
2866.0,114.64,2.0,-0.3498392638750585,2.486775318316618,-0.3498392638750585,2.486775318316618,2.92489501860883,2.9718552867585526,0.09652664437511953
2867.0,114.68,2.0,-0.37370327611702703,2.6027556709146102,-0.37370327611702703,2.6027556709146102,2.925628174498613,2.9718552867585526,0.09652664437511953
2868.0,114.72,2.0,-0.39739468109821174,2.718731282706546,-0.39739468109821174,2.718731282706546,2.926361330388396,2.9718552867585526,0.09652664437511953
2869.0,114.76,2.0,-0.4209131467252124,2.8347002337488916,-0.4209131467252124,2.8347002337488916,2.927094486278179,2.9718552867585526,0.09652664437511953
2870.0,114.8,2.0,-0.44425834620533894,2.9506606037107606,-0.44425834620533894,2.9506606037107606,2.9278276421679617,2.9718552867585526,0.09652664437511953
2871.0,114.84,2.0,-0.4674299580518494,3.066610471909291,-0.4674299580518494,3.066610471909291,2.9285607980577444,2.9718552867585526,0.09652664437511953
2872.0,114.88,2.0,-0.4904276660890604,3.1825479173450275,-0.4904276660890604,3.1825479173450275,2.9292939539475276,2.9718552867585526,0.09652664437511953
2873.0,114.92,2.0,-0.5132511594573285,3.298471018737319,-0.5132511594573285,3.298471018737319,2.9300271098373107,2.9718552867585526,0.09652664437511953
2874.0,114.96000000000001,2.0,-0.535900132617904,3.414377854559727,-0.535900132617904,3.414377854559727,2.9307602657270935,2.9718552867585526,0.09652664437511953
2875.0,115.0,2.0,-0.558374285357656,3.530266503075443,-0.558374285357656,3.530266503075443,2.9314934216168766,2.9718552867585526,0.09652664437511953
2876.0,115.04,2.0,-0.5806733227936689,3.646135042372716,-0.5806733227936689,3.646135042372716,2.9322265775066594,2.9718552867585526,0.09652664437511953
2877.0,115.08,2.0,-0.6027969553777106,3.7619815504002942,-0.6027969553777106,3.7619815504002942,2.9329597333964426,2.9718552867585526,0.09652664437511953
2878.0,115.12,2.0,-0.6247448989005722,3.877804105002865,-0.6247448989005722,3.877804105002865,2.9336928892862253,2.9718552867585526,0.09652664437511953
2879.0,115.16,2.0,-0.6465168744962783,3.993600783956512,-0.6465168744962783,3.993600783956512,2.934426045176008,2.9718552867585526,0.09652664437511953
2880.0,115.2,2.0,-0.6681126086461691,4.109369665004179,-0.6681126086461691,4.109369665004179,2.935159201065791,2.9718552867585526,0.09652664437511953
2881.0,115.24000000000001,2.0,-0.6895318331828537,4.225108825891128,-0.6895318331828537,4.225108825891128,2.9358923569555744,2.9718552867585526,0.09652664437511953
2882.0,115.28,2.0,-0.7107742852940346,4.34081634440042,-0.7107742852940346,4.34081634440042,2.936625512845357,2.9718552867585526,0.09652664437511953
2883.0,115.32000000000001,2.0,-0.7318397075262023,4.456490298388394,-0.7318397075262023,4.456490298388394,2.9373586687351403,2.9718552867585526,0.09652664437511953
2884.0,115.36,2.0,-0.7527278477882018,4.572128765820139,-0.7527278477882018,4.572128765820139,2.938091824624923,2.9718552867585526,0.09652664437511953
2885.0,115.4,2.0,-0.7734384593546701,4.6877298248049915,-0.7734384593546701,4.6877298248049915,2.938824980514706,2.9718552867585526,0.09652664437511953
2886.0,115.44,2.0,-0.7939713008693438,4.803291553632013,-0.7939713008693438,4.803291553632013,2.939558136404489,2.9718552867585526,0.09652664437511953
2887.0,115.48,2.0,-0.8143261363482377,4.918812030805493,-0.8143261363482377,4.918812030805493,2.940291292294272,2.9718552867585526,0.09652664437511953
2888.0,115.52,2.0,-0.834502735182695,5.034289335080428,-0.834502735182695,5.034289335080428,2.941024448184055,2.9718552867585526,0.09652664437511953
2889.0,115.56,2.0,-0.8545008721423066,5.149721545498024,-0.8545008721423066,5.149721545498024,2.941757604073838,2.9718552867585526,0.09652664437511953
2890.0,115.60000000000001,2.0,-0.8743203273777038,5.265106741421186,-0.8743203273777038,5.265106741421186,2.9424907599636208,2.9718552867585526,0.09652664437511953
2891.0,115.64,2.0,-0.8939608864232177,5.38044300257001,-0.8939608864232177,5.38044300257001,2.943223915853404,2.9718552867585526,0.09652664437511953
2892.0,115.68,2.0,-0.9134223401994127,5.495728409057273,-0.9134223401994127,5.495728409057273,2.943957071743187,2.9718552867585526,0.09652664437511953
2893.0,115.72,2.0,-0.9327044850154891,5.610961041423928,-0.9327044850154891,5.610961041423928,2.94469022763297,2.9718552867585526,0.09652664437511953
2894.0,115.76,2.0,-0.9518071225715559,5.72613898067458,-0.9518071225715559,5.72613898067458,2.9454233835227526,2.9718552867585526,0.09652664437511953
2895.0,115.8,2.0,-0.9707300599607749,5.841260308312981,-0.9707300599607749,5.841260308312981,2.9461565394125357,2.9718552867585526,0.09652664437511953
2896.0,115.84,2.0,-0.9894731096713745,5.956323106377496,-0.9894731096713745,5.956323106377496,2.9468896953023185,2.9718552867585526,0.09652664437511953
2897.0,115.88,2.0,-1.0080360895885352,6.071325457476589,-1.0080360895885352,6.071325457476589,2.9476228511921017,2.9718552867585526,0.09652664437511953
2898.0,115.92,2.0,-1.0264188229961442,6.186265444824283,-1.0264188229961442,6.186265444824283,2.948356007081885,2.9718552867585526,0.09652664437511953
2899.0,115.96000000000001,2.0,-1.0446211385784199,6.301141152275624,-1.0446211385784199,6.301141152275624,2.9490891629716676,2.9718552867585526,0.09652664437511953
2900.0,116.0,2.0,-1.0626428704214106,6.415950664362141,-1.0626428704214106,6.415950664362141,2.9498223188614503,2.9718552867585526,0.09652664437511953
2901.0,116.04,2.0,-1.0804838580143574,6.530692066327286,-1.0804838580143574,6.530692066327286,2.950555474751233,2.9718552867585526,0.09652664437511953
2902.0,116.08,2.0,-1.0981439462509335,6.6453634441618785,-1.0981439462509335,6.6453634441618785,2.951288630641016,2.9718552867585526,0.09652664437511953
2903.0,116.12,2.0,-1.11562298543035,6.759962884639533,-1.11562298543035,6.759962884639533,2.9520217865307994,2.9718552867585526,0.09652664437511953
2904.0,116.16,2.0,-1.1329208312583339,6.874488475352085,-1.1329208312583339,6.874488475352085,2.952754942420582,2.9718552867585526,0.09652664437511953
2905.0,116.2,2.0,-1.1500373448479748,6.988938304744993,-1.1500373448479748,6.988938304744993,2.9534880983103653,2.9718552867585526,0.09652664437511953
2906.0,116.24000000000001,2.0,-1.1669723927204458,7.103310462152741,-1.1669723927204458,7.103310462152741,2.9542212542001485,2.9718552867585526,0.09652664437511953
2907.0,116.28,2.0,-1.1837258468055887,7.217603037834232,-1.1837258468055887,7.217603037834232,2.954954410089931,2.9718552867585526,0.09652664437511953
2908.0,116.32000000000001,2.0,-1.2002975844423749,7.331814123008148,-1.2002975844423749,7.331814123008148,2.9556875659797144,2.9718552867585526,0.09652664437511953
2909.0,116.36,2.0,-1.2166874883792356,7.445941809888329,-1.2166874883792356,7.445941809888329,2.956420721869497,2.9718552867585526,0.09652664437511953
2910.0,116.4,2.0,-1.232895446774259,7.559984191719108,-1.232895446774259,7.559984191719108,2.9571538777592803,2.9718552867585526,0.09652664437511953
2911.0,116.44,2.0,-1.2489213531952637,7.673939362810648,-1.2489213531952637,7.673939362810648,2.9578870336490626,2.9718552867585526,0.09652664437511953
2912.0,116.48,2.0,-1.264765106619736,7.78780541857426,-1.264765106619736,7.78780541857426,2.9586201895388458,2.9718552867585526,0.09652664437511953
2913.0,116.52,2.0,-1.2804266114346443,7.901580455557704,-1.2804266114346443,7.901580455557704,2.959353345428629,2.9718552867585526,0.09652664437511953
2914.0,116.56,2.0,-1.295905777436119,8.015262571480472,-1.295905777436119,8.015262571480472,2.960086501318412,2.9718552867585526,0.09652664437511953
2915.0,116.60000000000001,2.0,-1.3112025198290052,8.128849865269064,-1.3112025198290052,8.128849865269064,2.960819657208195,2.9718552867585526,0.09652664437511953
2916.0,116.64,2.0,-1.3263167592262861,8.242340437092222,-1.3263167592262861,8.242340437092222,2.9615528130979776,2.9718552867585526,0.09652664437511953
2917.0,116.68,2.0,-1.341248421648375,8.355732388396177,-1.341248421648375,8.355732388396177,2.9622859689877608,2.9718552867585526,0.09652664437511953
2918.0,116.72,2.0,-1.355997438522282,8.469023821939853,-1.355997438522282,8.469023821939853,2.9630191248775435,2.9718552867585526,0.09652664437511953
2919.0,116.76,2.0,-1.3705637466806446,8.582212841830048,-1.3705637466806446,8.582212841830048,2.963752280767326,2.9718552867585526,0.09652664437511953
2920.0,116.8,2.0,-1.3849472883606384,8.69529755355663,-1.3849472883606384,8.69529755355663,2.9644854366571094,2.9718552867585526,0.09652664437511953
2921.0,116.84,2.0,-1.3991480112027488,8.808276064027654,-1.3991480112027488,8.808276064027654,2.9652185925468926,2.9718552867585526,0.09652664437511953
2922.0,116.88,2.0,-1.413165868249422,8.92114648160451,-1.413165868249422,8.92114648160451,2.9659517484366758,2.9718552867585526,0.09652664437511953
2923.0,116.92,2.0,-1.4270008179435794,9.033906916137024,-1.4270008179435794,9.033906916137024,2.9666849043264585,2.9718552867585526,0.09652664437511953
2924.0,116.96000000000001,2.0,-1.4406528241270091,9.146555478998526,-1.4406528241270091,9.146555478998526,2.967418060216241,2.9718552867585526,0.09652664437511953
2925.0,117.0,2.0,-1.4541218560386258,9.259090283120921,-1.4541218560386258,9.259090283120921,2.968151216106024,2.9718552867585526,0.09652664437511953
2926.0,117.04,2.0,-1.4674078883125996,9.3715094430297,-1.4674078883125996,9.3715094430297,2.968884371995807,2.9718552867585526,0.09652664437511953
2927.0,117.08,2.0,-1.4805109009763608,9.483811074878966,-1.4805109009763608,9.483811074878966,2.96961752788559,2.9718552867585526,0.09652664437511953
2928.0,117.12,2.0,-1.4934308794484719,9.595993296486398,-1.4934308794484719,9.595993296486398,2.970350683775373,2.9718552867585526,0.09652664437511953
2929.0,117.16,2.0,-1.5061678145363715,9.708054227368203,-1.5061678145363715,9.708054227368203,2.971083839665156,2.9718552867585526,0.09652664437511953
2930.0,117.2,2.0,-1.5187217024339923,9.819991988774046,-1.5187217024339923,9.819991988774046,2.971816995554939,2.9718552867585526,0.09652664437511953
2931.0,117.24000000000001,2.0,-1.531092544719246,9.931804703721935,-1.531092544719246,9.931804703721935,2.972550151444722,2.9718552867585526,0.09652664437511953
2932.0,117.28,2.0,-1.5432803483513848,10.043490497033101,-1.5432803483513848,10.043490497033101,2.9732833073345053,2.9718552867585526,0.09652664437511953
2933.0,117.32000000000001,2.0,-1.5552851256682287,10.15504749536681,-1.5552851256682287,10.15504749536681,2.974016463224288,2.9718552867585526,0.09652664437511953
2934.0,117.36,2.0,-1.5671068943832707,10.266473827255199,-1.5671068943832707,10.266473827255199,2.9747496191140708,2.9718552867585526,0.09652664437511953
2935.0,117.4,2.0,-1.5787456775826472,10.377767623138018,-1.5787456775826472,10.377767623138018,2.9754827750038535,2.9718552867585526,0.09652664437511953
2936.0,117.44,2.0,-1.5902015037219872,10.488927015397397,-1.5902015037219872,10.488927015397397,2.9762159308936367,2.9718552867585526,0.09652664437511953
2937.0,117.48,2.0,-1.6014744066231263,10.599950138392543,-1.6014744066231263,10.599950138392543,2.97694908678342,2.9718552867585526,0.09652664437511953
2938.0,117.52,2.0,-1.6125644254707001,10.710835128494413,-1.6125644254707001,10.710835128494413,2.9776822426732026,2.9718552867585526,0.09652664437511953
2939.0,117.56,2.0,-1.6234716048086013,10.821580124120366,-1.6234716048086013,10.821580124120366,2.9784153985629858,2.9718552867585526,0.09652664437511953
2940.0,117.60000000000001,2.0,-1.6341959945363178,10.932183265768762,-1.6341959945363178,10.932183265768762,2.9791485544527685,2.9718552867585526,0.09652664437511953
2941.0,117.64,2.0,-1.6447376499051358,11.042642696053539,-1.6447376499051358,11.042642696053539,2.9798817103425517,2.9718552867585526,0.09652664437511953
2942.0,117.68,2.0,-1.6550966315142204,11.152956559738747,-1.6550966315142204,11.152956559738747,2.9806148662323344,2.9718552867585526,0.09652664437511953
2943.0,117.72,2.0,-1.665273005306566,11.263123003773043,-1.665273005306566,11.263123003773043,2.981348022122117,2.9718552867585526,0.09652664437511953
2944.0,117.76,2.0,-1.6752668425648196,11.373140177324156,-1.6752668425648196,11.373140177324156,2.9820811780119003,2.9718552867585526,0.09652664437511953
2945.0,117.8,2.0,-1.685078219906978,11.483006231813315,-1.685078219906978,11.483006231813315,2.9828143339016835,2.9718552867585526,0.09652664437511953
2946.0,117.84,2.0,-1.6947072192819568,11.592719320949623,-1.6947072192819568,11.592719320949623,2.9835474897914662,2.9718552867585526,0.09652664437511953
2947.0,117.88,2.0,-1.7041539279650344,11.702277600764413,-1.7041539279650344,11.702277600764413,2.9842806456812494,2.9718552867585526,0.09652664437511953
2948.0,117.92,2.0,-1.713418438553164,11.811679229645545,-1.713418438553164,11.811679229645545,2.985013801571032,2.9718552867585526,0.09652664437511953
2949.0,117.96000000000001,2.0,-1.7225008489601676,11.920922368371677,-1.7225008489601676,11.920922368371677,2.9857469574608153,2.9718552867585526,0.09652664437511953
2950.0,118.0,2.0,-1.731401262411793,12.030005180146482,-1.731401262411793,12.030005180146482,2.986480113350598,2.9718552867585526,0.09652664437511953
2951.0,118.04,2.0,-1.7401197874406527,12.138925830632832,-1.7401197874406527,12.138925830632832,2.987213269240381,2.9718552867585526,0.09652664437511953
2952.0,118.08,2.0,-1.7486565378810326,12.247682487986928,-1.7486565378810326,12.247682487986928,2.987946425130164,2.9718552867585526,0.09652664437511953
2953.0,118.12,2.0,-1.757011632863574,12.356273322892413,-1.757011632863574,12.356273322892413,2.988679581019947,2.9718552867585526,0.09652664437511953
2954.0,118.16,2.0,-1.7651851968098335,12.4646965085944,-1.7651851968098335,12.4646965085944,2.9894127369097303,2.9718552867585526,0.09652664437511953
2955.0,118.2,2.0,-1.7731773594267106,12.572950220933489,-1.7731773594267106,12.572950220933489,2.990145892799513,2.9718552867585526,0.09652664437511953
2956.0,118.24000000000001,2.0,-1.7809882557007561,12.681032638379724,-1.7809882557007561,12.681032638379724,2.990879048689296,2.9718552867585526,0.09652664437511953
2957.0,118.28,2.0,-1.7886180258923499,12.78894194206651,-1.7886180258923499,12.78894194206651,2.991612204579079,2.9718552867585526,0.09652664437511953
2958.0,118.32000000000001,2.0,-1.7960668155297554,12.896676315824468,-1.7960668155297554,12.896676315824468,2.992345360468862,2.9718552867585526,0.09652664437511953
2959.0,118.36,2.0,-1.8033347754030509,13.004233946215269,-1.8033347754030509,13.004233946215269,2.993078516358645,2.9718552867585526,0.09652664437511953
2960.0,118.4,2.0,-1.810422061557929,13.111613022565393,-1.810422061557929,13.111613022565393,2.9938116722484276,2.9718552867585526,0.09652664437511953
2961.0,118.44,2.0,-1.81732883528938,13.218811736999857,-1.81732883528938,13.218811736999857,2.9945448281382108,2.9718552867585526,0.09652664437511953
2962.0,118.48,2.0,-1.8240552631352425,13.32582828447588,-1.8240552631352425,13.32582828447588,2.995277984027994,2.9718552867585526,0.09652664437511953
2963.0,118.52,2.0,-1.8306015168696341,13.432660862816522,-1.8306015168696341,13.432660862816522,2.9960111399177767,2.9718552867585526,0.09652664437511953
2964.0,118.56,2.0,-1.8369677734962564,13.539307672744226,-1.8369677734962564,13.539307672744226,2.9967442958075594,2.9718552867585526,0.09652664437511953
2965.0,118.60000000000001,2.0,-1.8431542152415745,13.645766917914367,-1.8431542152415745,13.645766917914367,2.9974774516973426,2.9718552867585526,0.09652664437511953
2966.0,118.64,2.0,-1.8491610295478729,13.752036804948698,-1.8491610295478729,13.752036804948698,2.9982106075871258,2.9718552867585526,0.09652664437511953
2967.0,118.68,2.0,-1.8549884090661901,13.858115543468779,-1.8549884090661901,13.858115543468779,2.9989437634769085,2.9718552867585526,0.09652664437511953
2968.0,118.72,2.0,-1.8606365516491237,13.964001346129322,-1.8606365516491237,13.964001346129322,2.9996769193666912,2.9718552867585526,0.09652664437511953
2969.0,118.76,2.0,-1.8661056603435184,14.069692428651521,-1.8661056603435184,14.069692428651521,3.0004100752564744,2.9718552867585526,0.09652664437511953
2970.0,118.8,2.0,-1.8713959433830254,14.175187009856273,-1.8713959433830254,14.175187009856273,3.0011432311462576,2.9718552867585526,0.09652664437511953
2971.0,118.84,2.0,-1.8765076141805408,14.280483311697399,-1.8765076141805408,14.280483311697399,3.0018763870360403,2.9718552867585526,0.09652664437511953
2972.0,118.88,2.0,-1.8814408913205214,14.385579559294765,-1.8814408913205214,14.385579559294765,3.002609542925823,2.9718552867585526,0.09652664437511953
2973.0,118.92,2.0,-1.8861959985511756,14.490473980967398,-1.8861959985511756,14.490473980967398,3.0033426988156062,2.9718552867585526,0.09652664437511953
2974.0,118.96000000000001,2.0,-1.890773164776535,14.595164808266457,-1.890773164776535,14.595164808266457,3.004075854705389,2.9718552867585526,0.09652664437511953
2975.0,119.0,2.0,-1.8951726240483993,14.699650276008256,-1.8951726240483993,14.699650276008256,3.004809010595172,2.9718552867585526,0.09652664437511953
2976.0,119.04,2.0,-1.8993946155581618,14.803928622307136,-1.8993946155581618,14.803928622307136,3.005542166484955,2.9718552867585526,0.09652664437511953
2977.0,119.08,2.0,-1.9034393836285133,14.907998088608329,-1.9034393836285133,14.907998088608329,3.006275322374738,2.9718552867585526,0.09652664437511953
2978.0,119.12,2.0,-1.9073071777050212,15.011856919720746,-1.9073071777050212,15.011856919720746,3.007008478264521,2.9718552867585526,0.09652664437511953
2979.0,119.16,2.0,-1.9109982523475897,15.115503363849689,-1.9109982523475897,15.115503363849689,3.007741634154304,2.9718552867585526,0.09652664437511953
2980.0,119.2,2.0,-1.9145128672217964,15.218935672629556,-1.9145128672217964,15.218935672629556,3.008474790044087,2.9718552867585526,0.09652664437511953
2981.0,119.24000000000001,2.0,-1.9178512870901119,15.3221521011564,-1.9178512870901119,15.3221521011564,3.00920794593387,2.9718552867585526,0.09652664437511953
2982.0,119.28,2.0,-1.921013781802991,15.425150908020502,-1.921013781802991,15.425150908020502,3.0099411018236526,2.9718552867585526,0.09652664437511953
2983.0,119.32000000000001,2.0,-1.9240006262898504,15.527930355338835,-1.9240006262898504,15.527930355338835,3.0106742577134358,2.9718552867585526,0.09652664437511953
2984.0,119.36,2.0,-1.9268121005499221,15.63048870878749,-1.9268121005499221,15.63048870878749,3.011407413603219,2.9718552867585526,0.09652664437511953
2985.0,119.4,2.0,-1.9294484896429878,15.732824237634011,-1.9294484896429878,15.732824237634011,3.0121405694930017,2.9718552867585526,0.09652664437511953
2986.0,119.44,2.0,-1.9319100836799907,15.83493521476969,-1.9319100836799907,15.83493521476969,3.012873725382785,2.9718552867585526,0.09652664437511953
2987.0,119.48,2.0,-1.9341971778135316,15.936819916741783,-1.9341971778135316,15.936819916741783,3.0136068812725676,2.9718552867585526,0.09652664437511953
2988.0,119.52,2.0,-1.9363100722282431,16.038476623785666,-1.9363100722282431,16.038476623785666,3.0143400371623508,2.9718552867585526,0.09652664437511953
2989.0,119.56,2.0,-1.9382490721310421,16.139903619856913,-1.9382490721310421,16.139903619856913,3.0150731930521335,2.9718552867585526,0.09652664437511953
2990.0,119.60000000000001,2.0,-1.9400144877412675,16.24109919266331,-1.9400144877412675,16.24109919266331,3.0158063489419167,2.9718552867585526,0.09652664437511953
2991.0,119.64,2.0,-1.9416066342806957,16.342061633696826,-1.9416066342806957,16.342061633696826,3.0165395048316994,2.9718552867585526,0.09652664437511953
2992.0,119.68,2.0,-1.9430258319634404,16.442789238265465,-1.9430258319634404,16.442789238265465,3.017272660721482,2.9718552867585526,0.09652664437511953
2993.0,119.72,2.0,-1.9442724059857297,16.543280305525087,-1.9442724059857297,16.543280305525087,3.0180058166112653,2.9718552867585526,0.09652664437511953
2994.0,119.76,2.0,-1.9453466865155697,16.643533138511152,-1.9453466865155697,16.643533138511152,3.0187389725010485,2.9718552867585526,0.09652664437511953
2995.0,119.8,2.0,-1.9462490086822868,16.743546044170376,-1.9462490086822868,16.743546044170376,3.0194721283908312,2.9718552867585526,0.09652664437511953
2996.0,119.84,2.0,-1.9469797125659543,16.843317333392342,-1.9469797125659543,16.843317333392342,3.020205284280614,2.9718552867585526,0.09652664437511953
2997.0,119.88,2.0,-1.9475391431866993,16.942845321041027,-1.9475391431866993,16.942845321041027,3.020938440170397,2.9718552867585526,0.09652664437511953
2998.0,119.92,2.0,-1.9479276504938952,17.042128325986226,-1.9479276504938952,17.042128325986226,3.0216715960601803,2.9718552867585526,0.09652664437511953
2999.0,119.96000000000001,2.0,-1.9481455893552357,17.141164671134966,-1.9481455893552357,17.141164671134966,3.022404751949963,2.9718552867585526,0.09652664437511953
3000.0,120.0,2.0,-1.9481933195456933,17.23995268346278,-1.9481933195456933,17.23995268346278,3.023137907839746,2.9718552867585526,0.09652664437511953
3001.0,120.04,2.0,-1.9480712057363583,17.338490694044953,-1.9480712057363583,17.338490694044953,3.023871063729529,2.9718552867585526,0.09652664437511953
3002.0,120.08,2.0,-1.9477796174831667,17.436777038087676,-1.9477796174831667,17.436777038087676,3.024604219619312,2.9718552867585526,0.09652664437511953
3003.0,120.12,2.0,-1.9473189292155078,17.534810054959124,-1.9473189292155078,17.534810054959124,3.025337375509095,2.9718552867585526,0.09652664437511953
3004.0,120.16,2.0,-1.946689520224718,17.632588088220437,-1.946689520224718,17.632588088220437,3.0260705313988776,2.9718552867585526,0.09652664437511953
3005.0,120.2,2.0,-1.9458917746524615,17.730109485656683,-1.9458917746524615,17.730109485656683,3.026803687288661,2.9718552867585526,0.09652664437511953
3006.0,120.24000000000001,2.0,-1.9449260814789917,17.827372599307665,-1.9449260814789917,17.827372599307665,3.0275368431784435,2.9718552867585526,0.09652664437511953
3007.0,120.28,2.0,-1.9437928345113005,17.92437578549871,-1.9437928345113005,17.92437578549871,3.0282699990682267,2.9718552867585526,0.09652664437511953
3008.0,120.32000000000001,2.0,-1.942492432371153,18.021117404871354,-1.942492432371153,18.021117404871354,3.0290031549580094,2.9718552867585526,0.09652664437511953
3009.0,120.36,2.0,-1.9410252784830078,18.117595822413957,-1.9410252784830078,18.117595822413957,3.0297363108477926,2.9718552867585526,0.09652664437511953
3010.0,120.4,2.0,-1.9393917810618242,18.213809407492217,-1.9393917810618242,18.213809407492217,3.0304694667375753,2.9718552867585526,0.09652664437511953
3011.0,120.44,2.0,-1.9375923531007548,18.30975653387963,-1.9375923531007548,18.30975653387963,3.0312026226273585,2.9718552867585526,0.09652664437511953
3012.0,120.48,2.0,-1.935627412358724,18.405435579787852,-1.935627412358724,18.405435579787852,3.0319357785171417,2.9718552867585526,0.09652664437511953
3013.0,120.52,2.0,-1.9334973813478968,18.500844927896985,-1.9334973813478968,18.500844927896985,3.0326689344069244,2.9718552867585526,0.09652664437511953
3014.0,120.56,2.0,-1.9312026873210293,18.595982965385787,-1.9312026873210293,18.595982965385787,3.033402090296707,2.9718552867585526,0.09652664437511953
3015.0,120.60000000000001,2.0,-1.9287437622587162,18.690848083961768,-1.9287437622587162,18.690848083961768,3.0341352461864903,2.9718552867585526,0.09652664437511953
3016.0,120.64,2.0,-1.9261210428565154,18.78543867989125,-1.9261210428565154,18.78543867989125,3.0348684020762735,2.9718552867585526,0.09652664437511953
3017.0,120.68,2.0,-1.9233349705119676,18.879753154029302,-1.9233349705119676,18.879753154029302,3.0356015579660562,2.9718552867585526,0.09652664437511953
3018.0,120.72,2.0,-1.920385991311504,18.973789911849607,-1.920385991311504,18.973789911849607,3.0363347138558394,2.9718552867585526,0.09652664437511953
3019.0,120.76,2.0,-1.9172745560172402,19.06754736347425,-1.9172745560172402,19.06754736347425,3.037067869745622,2.9718552867585526,0.09652664437511953
3020.0,120.8,2.0,-1.9140011200536613,19.161023923703397,-1.9140011200536613,19.161023923703397,3.0378010256354053,2.9718552867585526,0.09652664437511953
3021.0,120.84,2.0,-1.9105661434941972,19.25421801204492,-1.9105661434941972,19.25421801204492,3.038534181525188,2.9718552867585526,0.09652664437511953
3022.0,120.88,2.0,-1.9069700910476848,19.34712805274389,-1.9069700910476848,19.34712805274389,3.0392673374149712,2.9718552867585526,0.09652664437511953
3023.0,120.92,2.0,-1.9032134320447232,19.439752474812046,-1.9032134320447232,19.439752474812046,3.040000493304754,2.9718552867585526,0.09652664437511953
3024.0,120.96000000000001,2.0,-1.8992966404239175,19.53208971205709,-1.8992966404239175,19.53208971205709,3.0407336491945367,2.9718552867585526,0.09652664437511953
3025.0,121.0,2.0,-1.895220194718016,19.624138203111983,-1.895220194718016,19.624138203111983,3.04146680508432,2.9718552867585526,0.09652664437511953
3026.0,121.04,2.0,-1.890984578039936,19.71589639146408,-1.890984578039936,19.71589639146408,3.042199960974103,2.9718552867585526,0.09652664437511953
3027.0,121.08,2.0,-1.8865902780686803,19.80736272548423,-1.8865902780686803,19.80736272548423,3.042933116863886,2.9718552867585526,0.09652664437511953
3028.0,121.12,2.0,-1.8820377870351503,19.89853565845572,-1.8820377870351503,19.89853565845572,3.0436662727536685,2.9718552867585526,0.09652664437511953
3029.0,121.16,2.0,-1.877327601707846,19.989413648603197,-1.877327601707846,19.989413648603197,3.0443994286434517,2.9718552867585526,0.09652664437511953
3030.0,121.2,2.0,-1.8724602233784602,20.079995159121474,-1.8724602233784602,20.079995159121474,3.045132584533235,2.9718552867585526,0.09652664437511953
3031.0,121.24000000000001,2.0,-1.8674361578473675,20.17027865820419,-1.8674361578473675,20.17027865820419,3.0458657404230176,2.9718552867585526,0.09652664437511953
3032.0,121.28,2.0,-1.8622559154090044,20.26026261907248,-1.8622559154090044,20.26026261907248,3.0465988963128003,2.9718552867585526,0.09652664437511953
3033.0,121.32000000000001,2.0,-1.8569200108371429,20.349945520003452,-1.8569200108371429,20.349945520003452,3.0473320522025835,2.9718552867585526,0.09652664437511953
3034.0,121.36,2.0,-1.851428963370059,20.439325844358624,-1.851428963370059,20.439325844358624,3.0480652080923667,2.9718552867585526,0.09652664437511953
3035.0,121.4,2.0,-1.8457832966955958,20.528402080612274,-1.8457832966955958,20.528402080612274,3.0487983639821494,2.9718552867585526,0.09652664437511953
3036.0,121.44,2.0,-1.8399835389361179,20.61717272237963,-1.8399835389361179,20.61717272237963,3.049531519871932,2.9718552867585526,0.09652664437511953
3037.0,121.48,2.0,-1.834030222633367,20.70563626844507,-1.834030222633367,20.70563626844507,3.0502646757617153,2.9718552867585526,0.09652664437511953
3038.0,121.52,2.0,-1.8279238847332047,20.793791222790105,-1.8279238847332047,20.793791222790105,3.050997831651498,2.9718552867585526,0.09652664437511953
3039.0,121.56,2.0,-1.8216650665702592,20.88163609462135,-1.8216650665702592,20.88163609462135,3.0517309875412812,2.9718552867585526,0.09652664437511953
3040.0,121.60000000000001,2.0,-1.815254313852461,20.969169398398375,-1.815254313852461,20.969169398398375,3.052464143431064,2.9718552867585526,0.09652664437511953
3041.0,121.64,2.0,-1.8086921766454807,21.05638965386145,-1.8086921766454807,21.05638965386145,3.053197299320847,2.9718552867585526,0.09652664437511953
3042.0,121.68,2.0,-1.801979209357059,21.143295386059197,-1.801979209357059,21.143295386059197,3.05393045521063,2.9718552867585526,0.09652664437511953
3043.0,121.72,2.0,-1.7951159707212363,21.22988512537612,-1.7951159707212363,21.22988512537612,3.054663611100413,2.9718552867585526,0.09652664437511953
3044.0,121.76,2.0,-1.7881030237824802,21.3161574075601,-1.7881030237824802,21.3161574075601,3.0553967669901962,2.9718552867585526,0.09652664437511953
3045.0,121.8,2.0,-1.7809409358797095,21.40211077374969,-1.7809409358797095,21.40211077374969,3.056129922879979,2.9718552867585526,0.09652664437511953
3046.0,121.84,2.0,-1.773630278630216,21.48774377050141,-1.773630278630216,21.48774377050141,3.0568630787697617,2.9718552867585526,0.09652664437511953
3047.0,121.88,2.0,-1.7661716279134876,21.573054949816875,-1.7661716279134876,21.573054949816875,3.057596234659545,2.9718552867585526,0.09652664437511953
3048.0,121.92,2.0,-1.7585655638549262,21.65804286916984,-1.7585655638549262,21.65804286916984,3.058329390549328,2.9718552867585526,0.09652664437511953
3049.0,121.96000000000001,2.0,-1.7508126708094713,21.74270609153316,-1.7508126708094713,21.74270609153316,3.059062546439111,2.9718552867585526,0.09652664437511953
3050.0,122.0,2.0,-1.7429135373451161,21.827043185405604,-1.7429135373451161,21.827043185405604,3.059795702328894,2.9718552867585526,0.09652664437511953
3051.0,122.04,2.0,-1.7348687562263279,21.911052724838605,-1.7348687562263279,21.911052724838605,3.0605288582186767,2.9718552867585526,0.09652664437511953
3052.0,122.08,2.0,-1.7266789243973704,21.9947332894629,-1.7266789243973704,21.9947332894629,3.06126201410846,2.9718552867585526,0.09652664437511953
3053.0,122.12,2.0,-1.7183446429655231,22.078083464515046,-1.7183446429655231,22.078083464515046,3.0619951699982426,2.9718552867585526,0.09652664437511953
3054.0,122.16,2.0,-1.7098665171842042,22.161101840863857,-1.7098665171842042,22.161101840863857,3.062728325888026,2.9718552867585526,0.09652664437511953
3055.0,122.2,2.0,-1.7012451564359956,22.24378701503669,-1.7012451564359956,22.24378701503669,3.0634614817778085,2.9718552867585526,0.09652664437511953
3056.0,122.24000000000001,2.0,-1.6924811742155697,22.326137589245697,-1.6924811742155697,22.326137589245697,3.0641946376675913,2.9718552867585526,0.09652664437511953
3057.0,122.28,2.0,-1.6835751881125163,22.408152171413892,-1.6835751881125163,22.408152171413892,3.0649277935573744,2.9718552867585526,0.09652664437511953
3058.0,122.32000000000001,2.0,-1.6745278197940785,22.489829375201168,-1.6745278197940785,22.489829375201168,3.0656609494471576,2.9718552867585526,0.09652664437511953
3059.0,122.36,2.0,-1.6653396949877846,22.57116782003019,-1.6653396949877846,22.57116782003019,3.0663941053369403,2.9718552867585526,0.09652664437511953
3060.0,122.4,2.0,-1.656011443463989,22.65216613111215,-1.656011443463989,22.65216613111215,3.067127261226723,2.9718552867585526,0.09652664437511953
3061.0,122.44,2.0,-1.6465436990183153,22.732822939472467,-1.6465436990183153,22.732822939472467,3.0678604171165063,2.9718552867585526,0.09652664437511953
3062.0,122.48,2.0,-1.6369370994540045,22.813136881976327,-1.6369370994540045,22.813136881976327,3.0685935730062894,2.9718552867585526,0.09652664437511953
3063.0,122.52,2.0,-1.6271922865641675,22.89310660135414,-1.6271922865641675,22.89310660135414,3.069326728896072,2.9718552867585526,0.09652664437511953
3064.0,122.56,2.0,-1.617309906113943,22.972730746226905,-1.617309906113943,22.972730746226905,3.070059884785855,2.9718552867585526,0.09652664437511953
3065.0,122.60000000000001,2.0,-1.6072906078225635,23.052007971131403,-1.6072906078225635,23.052007971131403,3.070793040675638,2.9718552867585526,0.09652664437511953
3066.0,122.64,2.0,-1.5971350453453252,23.130936936545336,-1.5971350453453252,23.130936936545336,3.0715261965654213,2.9718552867585526,0.09652664437511953
3067.0,122.68,2.0,-1.5868438762554629,23.20951630891235,-1.5868438762554629,23.20951630891235,3.072259352455204,2.9718552867585526,0.09652664437511953
3068.0,122.72,2.0,-1.576417762025938,23.287744760666886,-1.576417762025938,23.287744760666886,3.0729925083449867,2.9718552867585526,0.09652664437511953
3069.0,122.76,2.0,-1.565857368011128,23.365620970259016,-1.565857368011128,23.365620970259016,3.07372566423477,2.9718552867585526,0.09652664437511953
3070.0,122.8,2.0,-1.5551633634284265,23.443143622179072,-1.5551633634284265,23.443143622179072,3.0744588201245526,2.9718552867585526,0.09652664437511953
3071.0,122.84,2.0,-1.544336421339752,23.520311406982213,-1.544336421339752,23.520311406982213,3.075191976014336,2.9718552867585526,0.09652664437511953
3072.0,122.88,2.0,-1.5333772186329653,23.597123021312882,-1.5333772186329653,23.597123021312882,3.0759251319041185,2.9718552867585526,0.09652664437511953
3073.0,122.92,2.0,-1.5222864360031942,23.6735771679291,-1.5222864360031942,23.6735771679291,3.0766582877939017,2.9718552867585526,0.09652664437511953
3074.0,122.96000000000001,2.0,-1.5110647579340721,23.7496725557267,-1.5110647579340721,23.7496725557267,3.0773914436836844,2.9718552867585526,0.09652664437511953
3075.0,123.0,2.0,-1.4997128726788813,23.825407899763427,-1.4997128726788813,23.825407899763427,3.0781245995734676,2.9718552867585526,0.09652664437511953
3076.0,123.04,2.0,-1.4882314722416115,23.900781921282892,-1.4882314722416115,23.900781921282892,3.078857755463251,2.9718552867585526,0.09652664437511953
3077.0,123.08,2.0,-1.4766212523579274,23.975793347738442,-1.4766212523579274,23.975793347738442,3.0795909113530335,2.9718552867585526,0.09652664437511953
3078.0,123.12,2.0,-1.4648829124760476,24.05044091281694,-1.4648829124760476,24.05044091281694,3.0803240672428163,2.9718552867585526,0.09652664437511953
3079.0,123.16,2.0,-1.4530171557375358,24.12472335646233,-1.4530171557375358,24.12472335646233,3.0810572231325994,2.9718552867585526,0.09652664437511953
3080.0,123.2,2.0,-1.4410246889580045,24.198639424899188,-1.4410246889580045,24.198639424899188,3.0817903790223826,2.9718552867585526,0.09652664437511953
3081.0,123.24000000000001,2.0,-1.4289062226077314,24.272187870656104,-1.4289062226077314,24.272187870656104,3.0825235349121654,2.9718552867585526,0.09652664437511953
3082.0,123.28,2.0,-1.4166624707921884,24.345367452588963,-1.4166624707921884,24.345367452588963,3.0832566908019485,2.9718552867585526,0.09652664437511953
3083.0,123.32000000000001,2.0,-1.4042941512324858,24.418176935904064,-1.4042941512324858,24.418176935904064,3.0839898466917313,2.9718552867585526,0.09652664437511953
3084.0,123.36,2.0,-1.3918019852457297,24.490615092181187,-1.3918019852457297,24.490615092181187,3.0847230025815144,2.9718552867585526,0.09652664437511953
3085.0,123.4,2.0,-1.3791866977252933,24.562680699396473,-1.3791866977252933,24.562680699396473,3.085456158471297,2.9718552867585526,0.09652664437511953
3086.0,123.44,2.0,-1.3664490171210053,24.63437254194526,-1.3664490171210053,24.63437254194526,3.0861893143610803,2.9718552867585526,0.09652664437511953
3087.0,123.48,2.0,-1.353589675419252,24.70568941066469,-1.353589675419252,24.70568941066469,3.086922470250863,2.9718552867585526,0.09652664437511953
3088.0,123.52,2.0,-1.3406094081229967,24.776630102856313,-1.3406094081229967,24.776630102856313,3.087655626140646,2.9718552867585526,0.09652664437511953
3089.0,123.56,2.0,-1.3275089542317144,24.847193422308475,-1.3275089542317144,24.847193422308475,3.088388782030429,2.9718552867585526,0.09652664437511953
3090.0,123.60000000000001,2.0,-1.3142890562212448,24.91737817931864,-1.3142890562212448,24.91737817931864,3.089121937920212,2.9718552867585526,0.09652664437511953
3091.0,123.64,2.0,-1.3009504600235613,24.98718319071555,-1.3009504600235613,24.98718319071555,3.089855093809995,2.9718552867585526,0.09652664437511953
3092.0,123.68,2.0,-1.28749391500646,25.05660727988131,-1.28749391500646,25.05660727988131,3.0905882496997776,2.9718552867585526,0.09652664437511953
3093.0,123.72,2.0,-1.2739201739531634,25.125649276773288,-1.2739201739531634,25.125649276773288,3.091321405589561,2.9718552867585526,0.09652664437511953
3094.0,123.76,2.0,-1.260229993041848,25.19430801794594,-1.260229993041848,25.19430801794594,3.092054561479344,2.9718552867585526,0.09652664437511953
3095.0,123.8,2.0,-1.2464241318250866,25.262582346572483,-1.2464241318250866,25.262582346572483,3.0927877173691267,2.9718552867585526,0.09652664437511953
3096.0,123.84,2.0,-1.2325033532092136,25.330471112466466,-1.2325033532092136,25.330471112466466,3.0935208732589095,2.9718552867585526,0.09652664437511953
3097.0,123.88000000000001,2.0,-1.2184684234336076,25.397973172103185,-1.2184684234336076,25.397973172103185,3.0942540291486926,2.9718552867585526,0.09652664437511953
3098.0,123.92,2.0,-1.2043201120498985,25.465087388640992,-1.2043201120498985,25.465087388640992,3.094987185038476,2.9718552867585526,0.09652664437511953
3099.0,123.96000000000001,2.0,-1.1900591919010926,25.53181263194248,-1.1900591919010926,25.53181263194248,3.0957203409282585,2.9718552867585526,0.09652664437511953
3100.0,124.0,2.0,-1.1756864391006203,25.598147778595525,-1.1756864391006203,25.598147778595525,3.0964534968180413,2.9718552867585526,0.09652664437511953
3101.0,124.04,2.0,-1.1612026330113085,25.66409171193422,-1.1612026330113085,25.66409171193422,3.0971866527078245,2.9718552867585526,0.09652664437511953
3102.0,124.08,2.0,-1.146608556224271,25.729643322059662,-1.146608556224271,25.729643322059662,3.097919808597607,2.9718552867585526,0.09652664437511953
3103.0,124.12,2.0,-1.1319049945377264,25.79480150586062,-1.1319049945377264,25.79480150586062,3.0986529644873904,2.9718552867585526,0.09652664437511953
3104.0,124.16,2.0,-1.117092736935738,25.859565167034084,-1.117092736935738,25.859565167034084,3.099386120377173,2.9718552867585526,0.09652664437511953
3105.0,124.2,2.0,-1.1021725755668765,25.92393321610566,-1.1021725755668765,25.92393321610566,3.1001192762669563,2.9718552867585526,0.09652664437511953
3106.0,124.24000000000001,2.0,-1.0871453057228107,25.98790457044987,-1.0871453057228107,25.98790457044987,3.100852432156739,2.9718552867585526,0.09652664437511953
3107.0,124.28,2.0,-1.0720117258168205,26.05147815431028,-1.0720117258168205,26.05147815431028,3.101585588046522,2.9718552867585526,0.09652664437511953
3108.0,124.32000000000001,2.0,-1.0567726373622364,26.114652898819536,-1.0567726373622364,26.114652898819536,3.1023187439363054,2.9718552867585526,0.09652664437511953
3109.0,124.36,2.0,-1.0414288449508065,26.177427742019255,-1.0414288449508065,26.177427742019255,3.103051899826088,2.9718552867585526,0.09652664437511953
3110.0,124.4,2.0,-1.0259811562309875,26.239801628879764,-1.0259811562309875,26.239801628879764,3.103785055715871,2.9718552867585526,0.09652664437511953
3111.0,124.44,2.0,-1.010430381886166,26.30177351131976,-1.010430381886166,26.30177351131976,3.104518211605654,2.9718552867585526,0.09652664437511953
3112.0,124.48,2.0,-0.9947773356128049,26.363342348225768,-0.9947773356128049,26.363342348225768,3.105251367495437,2.9718552867585526,0.09652664437511953
3113.0,124.52,2.0,-0.9790228340985196,26.424507105471537,-0.9790228340985196,26.424507105471537,3.10598452338522,2.9718552867585526,0.09652664437511953
3114.0,124.56,2.0,-0.9631676970000831,26.48526675593725,-0.9631676970000831,26.48526675593725,3.106717679275003,2.9718552867585526,0.09652664437511953
3115.0,124.60000000000001,2.0,-0.9472127469213583,26.545620279528627,-0.9472127469213583,26.545620279528627,3.107450835164786,2.9718552867585526,0.09652664437511953
3116.0,124.64,2.0,-0.9311588093911617,26.605566663195894,-0.9311588093911617,26.605566663195894,3.108183991054569,2.9718552867585526,0.09652664437511953
3117.0,124.68,2.0,-0.9150067128410584,26.665104900952606,-0.9150067128410584,26.665104900952606,3.1089171469443517,2.9718552867585526,0.09652664437511953
3118.0,124.72,2.0,-0.8987572885830847,26.72423399389435,-0.8987572885830847,26.72423399389435,3.109650302834135,2.9718552867585526,0.09652664437511953
3119.0,124.76,2.0,-0.8824113707874052,26.7829529502173,-0.8824113707874052,26.7829529502173,3.1103834587239176,2.9718552867585526,0.09652664437511953
3120.0,124.8,2.0,-0.8659697964598996,26.841260785236653,-0.8659697964598996,26.841260785236653,3.111116614613701,2.9718552867585526,0.09652664437511953
3121.0,124.84,2.0,-0.8494334054196825,26.89915652140491,-0.8494334054196825,26.89915652140491,3.1118497705034835,2.9718552867585526,0.09652664437511953
3122.0,124.88000000000001,2.0,-0.832803040276557,26.95663918833004,-0.832803040276557,26.95663918833004,3.1125829263932667,2.9718552867585526,0.09652664437511953
3123.0,124.92,2.0,-0.8160795464083996,27.0137078227935,-0.8160795464083996,27.0137078227935,3.11331608228305,2.9718552867585526,0.09652664437511953
3124.0,124.96000000000001,2.0,-0.799263771938481,27.070361468768102,-0.799263771938481,27.070361468768102,3.1140492381728326,2.9718552867585526,0.09652664437511953
3125.0,125.0,2.0,-0.7823565677127207,27.126599177435804,-0.7823565677127207,27.126599177435804,3.1147823940626154,2.9718552867585526,0.09652664437511953
3126.0,125.04,2.0,-0.765358787276875,27.182420007205273,-0.765358787276875,27.182420007205273,3.115515549952399,2.9718552867585526,0.09652664437511953
3127.0,125.08,2.0,-0.7482712868536634,27.237823023729373,-0.7482712868536634,27.237823023729373,3.1162487058421817,2.9718552867585526,0.09652664437511953
3128.0,125.12,2.0,-0.7310949253198291,27.292807299922522,-0.7310949253198291,27.292807299922522,3.1169818617319645,2.9718552867585526,0.09652664437511953
3129.0,125.16,2.0,-0.7138305641831357,27.34737191597784,-0.7138305641831357,27.34737191597784,3.117715017621747,2.9718552867585526,0.09652664437511953
3130.0,125.2,2.0,-0.696479067559302,27.401515959384266,-0.696479067559302,27.401515959384266,3.1184481735115304,2.9718552867585526,0.09652664437511953
3131.0,125.24000000000001,2.0,-0.6790413021488749,27.45523852494345,-0.6790413021488749,27.45523852494345,3.1191813294013135,2.9718552867585526,0.09652664437511953
3132.0,125.28,2.0,-0.6615181372140382,27.508538714786518,-0.6615181372140382,27.508538714786518,3.1199144852910967,2.9718552867585526,0.09652664437511953
3133.0,125.32000000000001,2.0,-0.6439104445553628,27.56141563839075,-0.6439104445553628,27.56141563839075,3.12064764118088,2.9718552867585526,0.09652664437511953
3134.0,125.36,2.0,-0.626219098488494,27.613868412596037,-0.626219098488494,27.613868412596037,3.1213807970706626,2.9718552867585526,0.09652664437511953
3135.0,125.4,2.0,-0.6084449758207799,27.665896161621312,-0.6084449758207799,27.665896161621312,3.122113952960446,2.9718552867585526,0.09652664437511953
3136.0,125.44,2.0,-0.5905889558278395,27.717498017080686,-0.5905889558278395,27.717498017080686,3.1228471088502285,2.9718552867585526,0.09652664437511953
3137.0,125.48,2.0,-0.5726519202300713,27.7686731179996,-0.5726519202300713,27.7686731179996,3.1235802647400117,2.9718552867585526,0.09652664437511953
3138.0,125.52,2.0,-0.5546347531691044,27.819420610830708,-0.5546347531691044,27.819420610830708,3.1243134206297944,2.9718552867585526,0.09652664437511953
3139.0,125.56,2.0,-0.5365383411841909,27.869739649469732,-0.5365383411841909,27.869739649469732,3.1250465765195776,2.9718552867585526,0.09652664437511953
3140.0,125.60000000000001,2.0,-0.5183635731885398,27.91962939527109,-0.5183635731885398,27.91962939527109,3.1257797324093604,2.9718552867585526,0.09652664437511953
3141.0,125.64,2.0,-0.5001113404455961,27.969089017063396,-0.5001113404455961,27.969089017063396,3.1265128882991435,2.9718552867585526,0.09652664437511953
3142.0,125.68,2.0,-0.48178253654526165,28.018117691164854,-0.48178253654526165,28.018117691164854,3.1272460441889263,2.9718552867585526,0.09652664437511953
3143.0,125.72,2.0,-0.46337805738006105,28.066714601398495,-0.46337805738006105,28.066714601398495,3.1279792000787094,2.9718552867585526,0.09652664437511953
3144.0,125.76,2.0,-0.44489880112125135,28.114878939107246,-0.44489880112125135,28.114878939107246,3.1287123559684926,2.9718552867585526,0.09652664437511953
3145.0,125.8,2.0,-0.4263456681948784,28.162609903168878,-0.4263456681948784,28.162609903168878,3.1294455118582754,2.9718552867585526,0.09652664437511953
3146.0,125.84,2.0,-0.40771956125777775,28.209906700010816,-0.40771956125777775,28.209906700010816,3.130178667748058,2.9718552867585526,0.09652664437511953
3147.0,125.88000000000001,2.0,-0.389021385173522,28.256768543624798,-0.389021385173522,28.256768543624798,3.1309118236378413,2.9718552867585526,0.09652664437511953
3148.0,125.92,2.0,-0.37025204698831615,28.303194655581358,-0.37025204698831615,28.303194655581358,3.131644979527624,2.9718552867585526,0.09652664437511953
3149.0,125.96000000000001,2.0,-0.3514124559068389,28.34918426504425,-0.3514124559068389,28.34918426504425,3.132378135417407,2.9718552867585526,0.09652664437511953
3150.0,126.0,2.0,-0.3325035232680331,28.394736608784626,-0.3325035232680331,28.394736608784626,3.1331112913071903,2.9718552867585526,0.09652664437511953
3151.0,126.04,2.0,-0.3135261625208442,28.439850931195117,-0.3135261625208442,28.439850931195117,3.133844447196973,2.9718552867585526,0.09652664437511953
3152.0,126.08,2.0,-0.2944812891999081,28.484526484303807,-0.2944812891999081,28.484526484303807,3.1345776030867563,2.9718552867585526,0.09652664437511953
3153.0,126.12,2.0,-0.27536982090118867,28.528762527787972,-0.27536982090118867,28.528762527787972,3.135310758976539,2.9718552867585526,0.09652664437511953
3154.0,126.16,2.0,-0.25619267725756534,28.57255832898777,-0.25619267725756534,28.57255832898777,3.136043914866322,2.9718552867585526,0.09652664437511953
3155.0,126.2,2.0,-0.2369507799143717,28.61591316291969,-0.2369507799143717,28.61591316291969,3.136777070756105,2.9718552867585526,0.09652664437511953
3156.0,126.24000000000001,2.0,-0.21764505250488558,28.65882631228995,-0.21764505250488558,28.65882631228995,3.137510226645888,2.9718552867585526,0.09652664437511953
3157.0,126.28,2.0,-0.19827642062577086,28.701297067507664,-0.19827642062577086,28.701297067507664,3.138243382535671,2.9718552867585526,0.09652664437511953
3158.0,126.32000000000001,2.0,-0.17884581181247192,28.74332472669794,-0.17884581181247192,28.74332472669794,3.138976538425454,2.9718552867585526,0.09652664437511953
3159.0,126.36,2.0,-0.1593541555145613,28.78490859571473,-0.1593541555145613,28.78490859571473,3.139709694315237,2.9718552867585526,0.09652664437511953
3160.0,126.4,2.0,-0.1398023830710408,28.826047988153665,-0.1398023830710408,28.826047988153665,3.1404428502050203,2.9718552867585526,0.09652664437511953
3161.0,126.44,2.0,-0.12019142768559696,28.866742225364625,-0.12019142768559696,28.866742225364625,3.141176006094803,2.9718552867585526,0.09652664437511953
3162.0,126.48,2.0,-0.10052222440181147,28.90699063646421,-0.10052222440181147,28.90699063646421,3.1419091619845863,2.9718552867585526,0.09652664437511953
3163.0,126.52,2.0,-0.08079571007832664,28.94679255834809,-0.08079571007832664,28.94679255834809,3.142642317874369,2.9718552867585526,0.09652664437511953
3164.0,126.56,2.0,-0.061012823363967225,28.98614733570314,-0.061012823363967225,28.98614733570314,3.1433754737641517,2.9718552867585526,0.09652664437511953
3165.0,126.60000000000001,2.0,-0.04117450467281845,29.025054321019486,-0.04117450467281845,29.025054321019486,3.144108629653935,2.9718552867585526,0.09652664437511953
3166.0,126.64,2.0,-0.021281696159261253,29.063512874602374,-0.021281696159261253,29.063512874602374,3.1448417855437176,2.9718552867585526,0.09652664437511953
3167.0,126.68,2.0,-0.0013353416929654082,29.1015223645839,-0.0013353416929654082,29.1015223645839,3.145574941433501,2.9718552867585526,0.09652664437511953
3168.0,126.72,2.0,0.018663613166159408,29.139082166934582,0.018663613166159408,29.139082166934582,3.146308097323284,2.9718552867585526,0.09652664437511953
3169.0,126.76,2.0,0.0387142211930535,29.176191665474796,0.0387142211930535,29.176191665474796,3.147041253213067,2.9718552867585526,0.09652664437511953
3170.0,126.8,2.0,0.058815533522637596,29.212850251886028,0.058815533522637596,29.212850251886028,3.14777440910285,2.9718552867585526,0.09652664437511953
3171.0,126.84,2.0,0.07896659967498343,29.249057325722042,0.07896659967498343,29.249057325722042,3.148507564992633,2.9718552867585526,0.09652664437511953
3172.0,126.88000000000001,2.0,0.09916646758052364,29.28481229441983,0.09916646758052364,29.28481229441983,3.149240720882416,2.9718552867585526,0.09652664437511953
3173.0,126.92,2.0,0.1194141836053004,29.320114573310445,0.1194141836053004,29.320114573310445,3.149973876772199,2.9718552867585526,0.09652664437511953
3174.0,126.96000000000001,2.0,0.13970879257625263,29.35496358562968,0.13970879257625263,29.35496358562968,3.1507070326619817,2.9718552867585526,0.09652664437511953
3175.0,127.0,2.0,0.16004933780654046,29.389358762528598,0.16004933780654046,29.389358762528598,3.151440188551765,2.9718552867585526,0.09652664437511953
3176.0,127.04,2.0,0.18043486112090706,29.423299543083896,0.18043486112090706,29.423299543083896,3.1521733444415476,2.9718552867585526,0.09652664437511953
3177.0,127.08,2.0,0.20086440288107682,29.456785374308158,0.20086440288107682,29.456785374308158,3.152906500331331,2.9718552867585526,0.09652664437511953
3178.0,127.12,2.0,0.22133700201118947,29.48981571115989,0.22133700201118947,29.48981571115989,3.153639656221114,2.9718552867585526,0.09652664437511953
3179.0,127.16,2.0,0.24185169602326956,29.522390016553466,0.24185169602326956,29.522390016553466,3.1543728121108967,2.9718552867585526,0.09652664437511953
3180.0,127.2,2.0,0.2624075210427305,29.554507761368875,0.2624075210427305,29.554507761368875,3.15510596800068,2.9718552867585526,0.09652664437511953
3181.0,127.24000000000001,2.0,0.28300351183391337,29.586168424461384,0.28300351183391337,29.586168424461384,3.155839123890463,2.9718552867585526,0.09652664437511953
3182.0,127.28,2.0,0.3036387018256579,29.617371492670962,0.3036387018256579,29.617371492670962,3.1565722797802453,2.9718552867585526,0.09652664437511953
3183.0,127.32000000000001,2.0,0.32431212313690827,29.64811646083161,0.32431212313690827,29.64811646083161,3.1573054356700285,2.9718552867585526,0.09652664437511953
3184.0,127.36,2.0,0.3450228066023495,29.67840283178051,0.3450228066023495,29.67840283178051,3.1580385915598117,2.9718552867585526,0.09652664437511953
3185.0,127.4,2.0,0.36576978179807706,29.708230116367055,0.36576978179807706,29.708230116367055,3.1587717474495944,2.9718552867585526,0.09652664437511953
3186.0,127.44,2.0,0.38655207706729666,29.737597833461695,0.38655207706729666,29.737597833461695,3.1595049033393776,2.9718552867585526,0.09652664437511953
3187.0,127.48,2.0,0.40736871954605486,29.766505509964624,0.40736871954605486,29.766505509964624,3.1602380592291603,2.9718552867585526,0.09652664437511953
3188.0,127.52,2.0,0.4282187351890004,29.794952680814355,0.4282187351890004,29.794952680814355,3.1609712151189435,2.9718552867585526,0.09652664437511953
3189.0,127.56,2.0,0.4491011487951737,29.822938888996113,0.4491011487951737,29.822938888996113,3.1617043710087267,2.9718552867585526,0.09652664437511953
3190.0,127.60000000000001,2.0,0.4700149840338261,29.85046368555005,0.4700149840338261,29.85046368555005,3.1624375268985094,2.9718552867585526,0.09652664437511953
3191.0,127.64,2.0,0.4909592634702671,29.877526629579375,0.4909592634702671,29.877526629579375,3.1631706827882926,2.9718552867585526,0.09652664437511953
3192.0,127.68,2.0,0.5119330085917391,29.90412728825826,0.5119330085917391,29.90412728825826,3.1639038386780753,2.9718552867585526,0.09652664437511953
3193.0,127.72,2.0,0.5329352398333189,29.93026523683962,0.5329352398333189,29.93026523683962,3.164636994567858,2.9718552867585526,0.09652664437511953
3194.0,127.76,2.0,0.5539649766038466,29.955940058662776,0.5539649766038466,29.955940058662776,3.1653701504576413,2.9718552867585526,0.09652664437511953
3195.0,127.8,2.0,0.5750212373118784,29.981151345160885,0.5750212373118784,29.981151345160885,3.1661033063474244,2.9718552867585526,0.09652664437511953
3196.0,127.84,2.0,0.5961030393916673,30.00589869586829,0.5961030393916673,30.00589869586829,3.1668364622372076,2.9718552867585526,0.09652664437511953
3197.0,127.88000000000001,2.0,0.6172093993291659,30.030181718427666,0.6172093993291659,30.030181718427666,3.167569618126991,2.9718552867585526,0.09652664437511953
3198.0,127.92,2.0,0.6383393326880547,30.054000028597027,0.6383393326880547,30.054000028597027,3.1683027740167735,2.9718552867585526,0.09652664437511953
3199.0,127.96000000000001,2.0,0.6594918541357935,30.077353250256607,0.6594918541357935,30.077353250256607,3.1690359299065562,2.9718552867585526,0.09652664437511953
3200.0,128.0,2.0,0.6806659774696951,30.100241015415538,0.6806659774696951,30.100241015415538,3.1697690857963394,2.9718552867585526,0.09652664437511953
3201.0,128.04,2.0,0.7018607156430223,30.122662964218385,0.7018607156430223,30.122662964218385,3.170502241686122,2.9718552867585526,0.09652664437511953
3202.0,128.08,2.0,0.7230750807911049,30.14461874495158,0.7230750807911049,30.14461874495158,3.1712353975759053,2.9718552867585526,0.09652664437511953
3203.0,128.12,2.0,0.7443080842574796,30.166108014049588,0.7443080842574796,30.166108014049588,3.171968553465688,2.9718552867585526,0.09652664437511953
3204.0,128.16,2.0,0.7655587366200488,30.187130436101064,0.7655587366200488,30.187130436101064,3.1727017093554712,2.9718552867585526,0.09652664437511953
3205.0,128.2,2.0,0.78682604771726,30.207685683854702,0.78682604771726,30.207685683854702,3.1734348652452544,2.9718552867585526,0.09652664437511953
3206.0,128.24,2.0,0.8081090266743036,30.227773438225075,0.8081090266743036,30.227773438225075,3.174168021135037,2.9718552867585526,0.09652664437511953
3207.0,128.28,2.0,0.8294066819293313,30.24739338829817,0.8294066819293313,30.24739338829817,3.17490117702482,2.9718552867585526,0.09652664437511953
3208.0,128.32,2.0,0.850718021259689,30.26654523133692,0.850718021259689,30.26654523133692,3.175634332914603,2.9718552867585526,0.09652664437511953
3209.0,128.36,2.0,0.8720420518081708,30.285228672786445,0.8720420518081708,30.285228672786445,3.176367488804386,2.9718552867585526,0.09652664437511953
3210.0,128.4,2.0,0.8933777801092877,30.303443426279227,0.8933777801092877,30.303443426279227,3.177100644694169,2.9718552867585526,0.09652664437511953
3211.0,128.44,2.0,0.9147242121155518,30.321189213640093,0.9147242121155518,30.321189213640093,3.1778338005839517,2.9718552867585526,0.09652664437511953
3212.0,128.48,2.0,0.9360803532237785,30.338465764891037,0.9360803532237785,30.338465764891037,3.178566956473735,2.9718552867585526,0.09652664437511953
3213.0,128.52,2.0,0.9574452083014021,30.355272818255905,0.9574452083014021,30.355272818255905,3.179300112363518,2.9718552867585526,0.09652664437511953
3214.0,128.56,2.0,0.978817781712805,30.371610120164917,0.978817781712805,30.371610120164917,3.1800332682533012,2.9718552867585526,0.09652664437511953
3215.0,128.6,2.0,1.0001970773456623,30.387477425259014,1.0001970773456623,30.387477425259014,3.1807664241430844,2.9718552867585526,0.09652664437511953
3216.0,128.64000000000001,2.0,1.0215820986372992,30.40287449639407,1.0215820986372992,30.40287449639407,3.1814995800328676,2.9718552867585526,0.09652664437511953
3217.0,128.68,2.0,1.0429718486010588,30.41780110464495,1.0429718486010588,30.41780110464495,3.18223273592265,2.9718552867585526,0.09652664437511953
3218.0,128.72,2.0,1.0643653298526865,30.432257029309405,1.0643653298526865,30.432257029309405,3.182965891812433,2.9718552867585526,0.09652664437511953
3219.0,128.76,2.0,1.085761544636719,30.446242057911768,1.085761544636719,30.446242057911768,3.1836990477022162,2.9718552867585526,0.09652664437511953
3220.0,128.8,2.0,1.1071594948528918,30.459755986206595,1.1071594948528918,30.459755986206595,3.1844322035919985,2.9718552867585526,0.09652664437511953
3221.0,128.84,2.0,1.1285581820825485,30.472798618182033,1.1285581820825485,30.472798618182033,3.1851653594817817,2.9718552867585526,0.09652664437511953
3222.0,128.88,2.0,1.149956607615068,30.485369766063105,1.149956607615068,30.485369766063105,3.185898515371565,2.9718552867585526,0.09652664437511953
3223.0,128.92000000000002,2.0,1.171353772474293,30.49746925031483,1.171353772474293,30.49746925031483,3.186631671261348,2.9718552867585526,0.09652664437511953
3224.0,128.96,2.0,1.1927486774449723,30.509096899645137,1.1927486774449723,30.509096899645137,3.1873648271511312,2.9718552867585526,0.09652664437511953
3225.0,129.0,2.0,1.214140323099207,30.520252551007708,1.214140323099207,30.520252551007708,3.188097983040914,2.9718552867585526,0.09652664437511953
3226.0,129.04,2.0,1.2355277098229067,30.530936049604556,1.2355277098229067,30.530936049604556,3.188831138930697,2.9718552867585526,0.09652664437511953
3227.0,129.08,2.0,1.2569098378422496,30.541147248888556,1.2569098378422496,30.541147248888556,3.18956429482048,2.9718552867585526,0.09652664437511953
3228.0,129.12,2.0,1.278285707250151,30.55088601056574,1.278285707250151,30.55088601056574,3.0332215007102628,2.9718552867585526,0.09652664437511953
3229.0,129.16,2.0,1.2996543157690277,30.560151689478754,1.2996543157690277,30.560151689478754,2.876878706600046,2.833359460737825,0.09640141318324245
3230.0,129.2,2.0,1.3265263319582412,30.568386281811208,1.3265263319582412,30.568386281811208,2.720540921737504,2.6948636347170973,0.09627618199136538
3231.0,129.24,2.0,1.3589024107435632,30.575606299993023,1.3589024107435632,30.575606299993023,2.5642081461226374,2.55636780869637,0.09615095079948832
3232.0,129.28,2.0,1.3967831568170666,30.581828269654075,1.3967831568170666,30.581828269654075,2.4078803797554453,2.4178719826756425,0.09602571960761125
3233.0,129.32,2.0,1.4401691246489965,30.58706872947394,1.4401691246489965,30.58706872947394,2.2515576226359286,2.279376156654915,0.09590048841573418
3234.0,129.36,2.0,1.4890608185001035,30.591344231031496,1.4890608185001035,30.591344231031496,2.095239874764087,2.1408803306341873,0.09577525722385712
3235.0,129.4,2.0,1.5434586924344365,30.5946713386542,1.5434586924344365,30.5946713386542,1.9389271361399203,2.0023845046134596,0.09565002603198004
3236.0,129.44,2.0,1.599868260169369,30.59719534813438,1.599868260169369,30.59719534813438,1.7843135903844392,1.891335596144271,0.10289978753458355
3237.0,129.48,2.0,1.6729991442132874,30.59307079142466,1.6729991442132874,30.59307079142466,1.6306987124841055,1.7731315395686835,0.10977723314859064
3238.0,129.52,2.0,1.752979248585283,30.58751495095057,1.752979248585283,30.58751495095057,1.4773987361747694,1.6549274829930958,0.11665467876259772
3239.0,129.56,2.0,1.8397997039823095,30.580484638906494,1.8397997039823095,30.580484638906494,1.3244136614564312,1.536723426417508,0.12353212437660481
3240.0,129.6,2.0,1.9317206824859867,30.572037723201866,1.9317206824859867,30.572037723201866,1.170325072673736,1.4147789968656705,0.12834302445490725
3241.0,129.64000000000001,2.0,2.0359945142156732,30.560103914380626,2.0359945142156732,30.560103914380626,1.0162766643016954,1.2921915438404734,0.13289608275380374
3242.0,129.68,2.0,2.158722295411791,30.537967422953432,2.158722295411791,30.537967422953432,0.8634572182846177,1.1679713876329991,0.13706985184090006
3243.0,129.72,2.0,2.287292111725468,30.51511139694349,2.287292111725468,30.51511139694349,0.7102232324046254,1.0370757706743574,0.14021068116722352
3244.0,129.76,2.0,2.441946692845467,30.47251710833795,2.441946692845467,30.47251710833795,0.5590851338394637,0.9068805301524513,0.14257247685381308
3245.0,129.8,1.0,2.601775399459486,30.428954686744238,2.601775399459486,30.428954686744238,0.4075007540980419,0.7705490161535768,0.14365425972727214
3246.0,129.84,0.0,2.8938734704787814,30.270130567958763,2.8938734704787814,30.270130567958763,0.2605015850115876,0.6460486629623077,0.14220264247071981
3247.0,129.88,0.0,3.191532558752743,30.109410309230036,3.191532558752743,30.109410309230036,0.11378870119736832,0.5215483097710385,0.14075102521416744
3248.0,129.92000000000002,0.0,3.4947446672227174,29.94677167755169,3.4947446672227174,29.94677167755169,0.12443805265538391,0.3970479565797694,0.1392994079576151
3249.0,129.96,1.0,3.8033068339535774,29.782959676406943,3.8033068339535774,29.782959676406943,0.13383850723782525,0.40364241725944083,0.13248788160490202
3250.0,130.0,1.0,4.2756678387991,29.4644183640609,4.2756678387991,29.4644183640609,0.1514336750846309,0.42056584837130717,0.12550974210069737
3251.0,130.04,0.0,4.746758911581213,29.14454393598036,4.746758911581213,29.14454393598036,0.1688214506228413,0.42981058771893377,0.11750637856879145
3252.0,130.08,1.0,4.891111212739571,29.134539234032644,4.891111212739571,29.134539234032644,0.1701629002716206,0.43491112101735513,0.11265615736023049
3253.0,130.12,0.0,5.03254763073029,29.124570603870175,5.03254763073029,29.124570603870175,0.1728340566133046,0.42537355262399784,0.10812538483618406
3254.0,130.16,1.0,5.174713205939854,29.114125415364192,5.174713205939854,29.114125415364192,0.17571113392407484,0.4158359842306406,0.10359461231213762
3255.0,130.2,0.0,5.317603349928738,29.103174537087142,5.317603349928738,29.103174537087142,0.17879413220393142,0.4062984158372832,0.0990638397880912
3256.0,130.24,0.0,5.464708285389723,29.09156013562393,5.464708285389723,29.09156013562393,0.18038886783186384,0.36931392989238687,0.08715807456956419
3257.0,130.28,0.0,5.601313997127411,29.085115171352413,5.601313997127411,29.085115171352413,0.18119586582141065,0.3394845920538898,0.07562462523963362
3258.0,130.32,1.0,5.73728805945882,29.0786098846062,5.73728805945882,29.0786098846062,0.18189889243672067,0.3096552542153927,0.06409117590970304
3259.0,130.36,0.0,5.87263469116959,29.072075016853347,5.87263469116959,29.072075016853347,0.1824979476777939,0.27982591637689563,0.052557726579772444
3260.0,130.4,1.0,6.009088940933643,29.065440285224092,6.009088940933643,29.065440285224092,0.1844114471999863,0.25373695151464803,0.04309082278554649
3261.0,130.44,2.0,6.139393570789624,29.060763596064714,6.139393570789624,29.060763596064714,0.18649569652828507,0.22829101012576053,0.03388176077072652
3262.0,130.48,2.0,6.257442448190185,29.06474838807778,6.257442448190185,29.06474838807778,0.18756191371838235,0.20447777191914995,0.025051987967706697
3263.0,130.52,2.0,6.375842322848004,29.067899195248167,6.375842322848004,29.067899195248167,0.1892536009881557,0.18733999446370675,0.01725515492545975
3264.0,130.56,2.0,6.4743451722476,29.089222460862675,6.4743451722476,29.089222460862675,0.18906033115985973,0.16950184057152806,0.010237355522946686
3265.0,130.6,2.0,6.573856214825822,29.10993580432401,6.573856214825822,29.10993580432401,0.1895242727245851,0.15779996015631773,0.00449956893356414
3266.0,130.64000000000001,2.0,6.547274662892098,29.24432057305151,6.547274662892098,29.24432057305151,0.18561393385110442,0.13426691893350204,0.0012951824741929858
3267.0,130.68,2.0,6.521303187061757,29.378999027686792,6.521303187061757,29.378999027686792,0.18162823992215016,0.11073387771068637,-0.0019092039851781675
3268.0,130.72,2.0,6.495943980253183,29.513981254268593,6.495943980253183,29.513981254268593,0.17756719093772239,0.08720083648787069,-0.00511359044454932
3269.0,130.76,2.0,6.471394075073955,29.6485106530741,6.471394075073955,29.6485106530741,0.17496596904563022,0.07106880741484191,-0.0028328366158826648
3270.0,130.8,2.0,6.283686964131578,29.93668897259054,6.283686964131578,29.93668897259054,0.16437595485826004,0.04460780790961829,-0.00038546963572443397
3271.0,130.84,2.0,6.097883576511325,30.225091352657284,6.097883576511325,30.225091352657284,0.15419925394857142,0.025825500168634375,0.003087121372135048
3272.0,130.88,2.0,6.239444833916417,30.2024863187796,6.239444833916417,30.2024863187796,0.16027479989740015,0.011187398476855792,0.003406570056649595
3273.0,130.92000000000002,2.0,6.3845398534500415,30.178678925359456,6.3845398534500415,30.178678925359456,0.1652265601224105,0.011187398476855792,0.0034065700566495946
3274.0,130.96,2.0,6.52951552388482,30.154153235876457,6.52951552388482,30.154153235876457,0.17017832034742086,0.011187398476855792,0.003406570056649595
3275.0,131.0,2.0,6.674368286605082,30.12890984901913,6.674368286605082,30.12890984901913,0.1751300805724312,0.011187398476855792,0.0034065700566495946
3276.0,131.04,2.0,6.819094586000263,30.10294938111948,6.819094586000263,30.10294938111948,0.18008184079744155,0.011187398476855792,0.003406570056649595
3277.0,131.08,2.0,6.963690869552437,30.07627246613793,6.963690869552437,30.07627246613793,0.18503360102245192,0.011187398476855792,0.0034065700566495946
3278.0,131.12,2.0,7.108153587923793,30.04887975564775,7.108153587923793,30.04887975564775,0.1899853612474623,0.011187398476855792,0.003406570056649595
3279.0,131.16,2.0,7.25247919504401,30.020771918819122,7.25247919504401,30.020771918819122,0.19493712147247264,0.011187398476855792,0.0034065700566495946
3280.0,131.2,2.0,7.396664148197577,29.991949642402727,7.396664148197577,29.991949642402727,0.199888881697483,0.011187398476855792,0.003406570056649595
3281.0,131.24,2.0,7.540704908111005,29.962413630712927,7.540704908111005,29.962413630712927,0.20484064192249335,0.011187398476855792,0.0034065700566495946
3282.0,131.28,2.0,7.684597939039977,29.932164605610502,7.684597939039977,29.932164605610502,0.20979240214750372,0.011187398476855792,0.003406570056649595
3283.0,131.32,2.0,7.828339708856393,29.901203306484934,7.828339708856393,29.901203306484934,0.21474416237251406,0.011187398476855792,0.0034065700566495946
3284.0,131.36,2.0,7.971926689135346,29.869530490236322,7.971926689135346,29.869530490236322,0.21969592259752443,0.011187398476855792,0.003406570056649595
3285.0,131.4,2.0,8.115355355241984,29.83714693125676,8.115355355241984,29.83714693125676,0.22464768282253478,0.011187398476855792,0.0034065700566495946
3286.0,131.44,2.0,8.258622186418304,29.804053421411417,8.258622186418304,29.804053421411417,0.22959944304754515,0.011187398476855792,0.003406570056649595
3287.0,131.48,2.0,8.401723665869818,29.770250770019043,8.401723665869818,29.770250770019043,0.23455120327255555,0.011187398476855792,0.0034065700566495946
3288.0,131.52,2.0,8.544656280852163,29.73573980383218,8.544656280852163,29.73573980383218,0.2395029634975659,0.011187398476855792,0.003406570056649595
3289.0,131.56,2.0,8.68741652275758,29.700521367016837,8.68741652275758,29.700521367016837,0.24445472372257626,0.011187398476855792,0.0034065700566495946
3290.0,131.6,2.0,8.830000887201292,29.664596321131803,8.830000887201292,29.664596321131803,0.2494064839475866,0.011187398476855792,0.003406570056649595
3291.0,131.64000000000001,2.0,8.972405874107809,29.62796554510748,8.972405874107809,29.62796554510748,0.254358244172597,0.011187398476855792,0.0034065700566495946
3292.0,131.68,2.0,9.114627987797078,29.59062993522436,9.114627987797078,29.59062993522436,0.2593100043976073,0.011187398476855792,0.003406570056649595
3293.0,131.72,2.0,9.25666373707058,29.552590405090967,9.25666373707058,29.552590405090967,0.26426176462261775,0.011187398476855792,0.0034065700566495946
3294.0,131.76,2.0,9.398509635297271,29.513847885621487,9.398509635297271,29.513847885621487,0.2692135248476281,0.011187398476855792,0.003406570056649595
3295.0,131.8,2.0,9.540162200499434,29.474403325012894,9.540162200499434,29.474403325012894,0.2741652850726385,0.011187398476855792,0.0034065700566495946
3296.0,131.84,2.0,9.68161795543841,29.43425768872167,9.68161795543841,29.43425768872167,0.27911704529764886,0.011187398476855792,0.003406570056649595
3297.0,131.88,2.0,9.822873427700221,29.393411959440094,9.822873427700221,29.393411959440094,0.28406880552265923,0.011187398476855792,0.0034065700566495946
3298.0,131.92000000000002,2.0,9.963925149781058,29.351867137072155,9.963925149781058,29.351867137072155,0.28902056574766954,0.011187398476855792,0.003406570056649595
3299.0,131.96,2.0,10.104769659172662,29.309624238708956,10.104769659172662,29.309624238708956,0.29397232597267997,0.011187398476855792,0.0034065700566495946
3300.0,132.0,2.0,10.245403498447578,29.266684298603757,10.245403498447578,29.266684298603757,0.29892408619769034,0.011187398476855792,0.003406570056649595
3301.0,132.04,2.0,10.385823215344285,29.223048368146586,10.385823215344285,29.223048368146586,0.3038758464227007,0.011187398476855792,0.0034065700566495946
3302.0,132.08,2.0,10.526025362852193,29.17871751583838,10.526025362852193,29.17871751583838,0.30882760664771103,0.011187398476855792,0.003406570056649595
3303.0,132.12,2.0,10.666006499296522,29.1336928272648,10.666006499296522,29.1336928272648,0.31377936687272145,0.011187398476855792,0.0034065700566495946
3304.0,132.16,2.0,10.80576318842304,29.0879754050695,10.80576318842304,29.0879754050695,0.3187311270977318,0.011187398476855792,0.003406570056649595
3305.0,132.2,2.0,10.945291999482667,29.0415663689271,10.945291999482667,29.0415663689271,0.3236828873227422,0.011187398476855792,0.0034065700566495946
3306.0,132.24,2.0,11.084589507315957,28.994466855515657,11.084589507315957,28.994466855515657,0.32863464754775257,0.011187398476855792,0.003406570056649595
3307.0,132.28,2.0,11.223652292437423,28.946678018488722,11.223652292437423,28.946678018488722,0.33358640777276294,0.011187398476855792,0.0034065700566495946
3308.0,132.32,2.0,11.362476941119741,28.898201028447026,11.362476941119741,28.898201028447026,0.3385381679977733,0.011187398476855792,0.003406570056649595
3309.0,132.36,2.0,11.501060045477796,28.849037072909702,11.501060045477796,28.849037072909702,0.3434899282227836,0.011187398476855792,0.0034065700566495946
3310.0,132.4,2.0,11.639398203552602,28.79918735628511,11.639398203552602,28.79918735628511,0.348441688447794,0.011187398476855792,0.003406570056649595
3311.0,132.44,2.0,11.777488019395054,28.74865309984126,11.777488019395054,28.74865309984126,0.3533934486728044,0.011187398476855792,0.0034065700566495946
3312.0,132.48,2.0,11.915326103149553,28.697435541675752,11.915326103149553,28.697435541675752,0.35834520889781474,0.011187398476855792,0.003406570056649595
3313.0,132.52,2.0,12.05290907113747,28.645535936685427,12.05290907113747,28.645535936685427,0.3632969691228251,0.011187398476855792,0.0034065700566495946
3314.0,132.56,2.0,12.19023354594046,28.592955556535458,12.19023354594046,28.592955556535458,0.3682487293478355,0.011187398476855792,0.003406570056649595
3315.0,132.6,2.0,12.32729615648362,28.539695689628115,12.32729615648362,28.539695689628115,0.37320048957284585,0.011187398476855792,0.0034065700566495946
3316.0,132.64000000000001,2.0,12.464093538118494,28.48575764107112,12.464093538118494,28.48575764107112,0.3781522497978562,0.011187398476855792,0.003406570056649595
3317.0,132.68,2.0,12.600622332705928,28.431142732645572,12.600622332705928,28.431142732645572,0.3831040100228666,0.011187398476855792,0.0034065700566495946
3318.0,132.72,2.0,12.736879188698738,28.3758523027734,12.736879188698738,28.3758523027734,0.38805577024787696,0.011187398476855792,0.003406570056649595
3319.0,132.76,2.0,12.87286076122425,28.319887706484543,12.87286076122425,28.319887706484543,0.3930075304728874,0.011187398476855792,0.0034065700566495946
3320.0,132.8,2.0,13.008563712166644,28.26325031538358,13.008563712166644,28.26325031538358,0.3979592906978977,0.011187398476855792,0.003406570056649595
3321.0,132.84,2.0,13.143984710249166,28.205941517616047,13.143984710249166,28.205941517616047,0.40291105092290813,0.011187398476855792,0.0034065700566495946
3322.0,132.88,2.0,13.27912043111613,28.147962717834304,13.27912043111613,28.147962717834304,0.4078628111479185,0.011187398476855792,0.003406570056649595
3323.0,132.92000000000002,2.0,13.41396755741479,28.08931533716298,13.41396755741479,28.08931533716298,0.4128145713729289,0.011187398476855792,0.0034065700566495946
3324.0,132.96,2.0,13.54852277887701,28.030000813164072,13.54852277887701,28.030000813164072,0.4177663315979392,0.011187398476855792,0.003406570056649595
3325.0,133.0,2.0,13.682782792400776,27.970020599801565,13.682782792400776,27.970020599801565,0.42271809182294956,0.011187398476855792,0.0034065700566495946
3326.0,133.04,2.0,13.816744302131529,27.909376167405707,13.816744302131529,27.909376167405707,0.42766985204795993,0.011187398476855792,0.003406570056649595
3327.0,133.08,2.0,13.95040401954331,27.84806900263685,13.95040401954331,27.84806900263685,0.43262161227297036,0.011187398476855792,0.0034065700566495946
3328.0,133.12,2.0,14.083758663519736,27.78610060844889,14.083758663519736,27.78610060844889,0.43757337249798073,0.011187398476855792,0.003406570056649595
3329.0,133.16,2.0,14.2168049604348,27.723472504052317,14.2168049604348,27.723472504052317,0.4425251327229911,0.011187398476855792,0.0034065700566495946
3330.0,133.2,2.0,14.34953964423344,27.66018622487686,14.34953964423344,27.66018622487686,0.4474768929480014,0.011187398476855792,0.003406570056649595
3331.0,133.24,2.0,14.481959456512005,27.596243322533706,14.481959456512005,27.596243322533706,0.4524286531730118,0.011187398476855792,0.0034065700566495946
3332.0,133.28,2.0,14.614061146598454,27.531645364777386,14.614061146598454,27.531645364777386,0.45738041339802216,0.011187398476855792,0.003406570056649595
3333.0,133.32,2.0,14.745841471632394,27.466393935467174,14.745841471632394,27.466393935467174,0.4623321736230325,0.011187398476855792,0.0034065700566495946
3334.0,133.36,2.0,14.87729719664495,27.400490634528165,14.87729719664495,27.400490634528165,0.4672839338480429,0.011187398476855792,0.003406570056649595
3335.0,133.4,2.0,15.008425094638397,27.333937077911923,15.008425094638397,27.333937077911923,0.4722356940730533,0.011187398476855792,0.0034065700566495946
3336.0,133.44,2.0,15.139221946665618,27.266734897556738,15.139221946665618,27.266734897556738,0.4771874542980636,0.011187398476855792,0.003406570056649595
3337.0,133.48,2.0,15.269684541909374,27.198885741347475,15.269684541909374,27.198885741347475,0.48213921452307396,0.011187398476855792,0.0034065700566495946
3338.0,133.52,2.0,15.399809677761354,27.13039127307504,15.399809677761354,27.13039127307504,0.4870909747480844,0.011187398476855792,0.003406570056649595
3339.0,133.56,2.0,15.529594159901027,27.061253172395503,15.529594159901027,27.061253172395503,0.49204273497309475,0.011187398476855792,0.0034065700566495946
3340.0,133.6,2.0,15.659034802374299,26.99147313478873,15.659034802374299,26.99147313478873,0.4969944951981051,0.011187398476855792,0.003406570056649595
3341.0,133.64000000000001,2.0,15.788128427671955,26.921052871516697,15.788128427671955,26.921052871516697,0.5019462554231154,0.011187398476855792,0.0034065700566495946
3342.0,133.68,2.0,15.916871866807904,26.8499941095814,15.916871866807904,26.8499941095814,0.5068980156481259,0.011187398476855792,0.003406570056649595
3343.0,133.72,2.0,16.04526195939719,26.778298591682386,16.04526195939719,26.778298591682386,0.5118497758731362,0.011187398476855792,0.0034065700566495946
3344.0,133.76,2.0,16.17329555373383,26.70596807617386,16.17329555373383,26.70596807617386,0.5168015360981466,0.011187398476855792,0.003406570056649595
3345.0,133.8,2.0,16.30096950686839,26.63300433702144,16.30096950686839,26.63300433702144,0.5217532963231569,0.011187398476855792,0.0034065700566495946
3346.0,133.84,2.0,16.42828068468539,26.559409163758524,16.42828068468539,26.559409163758524,0.5267050565481673,0.011187398476855792,0.003406570056649595
3347.0,133.88,2.0,16.555225961980465,26.485184361442244,16.555225961980465,26.485184361442244,0.5316568167731777,0.011187398476855792,0.0034065700566495946
3348.0,133.92000000000002,2.0,16.68180222253732,26.410331750609107,16.68180222253732,26.410331750609107,0.5366085769981881,0.011187398476855792,0.003406570056649595
3349.0,133.96,2.0,16.808006359204438,26.334853167230154,16.808006359204438,26.334853167230154,0.5415603372231985,0.011187398476855792,0.0034065700566495946
3350.0,134.0,2.0,16.933835273971617,26.258750462665812,16.933835273971617,26.258750462665812,0.5465120974482088,0.011187398476855792,0.003406570056649595
3351.0,134.04,2.0,17.059285878046204,26.182025503620366,17.059285878046204,26.182025503620366,0.5514638576732193,0.011187398476855792,0.0034065700566495946
3352.0,134.08,2.0,17.184355091929195,26.104680172095993,17.184355091929195,26.104680172095993,0.5564156178982296,0.011187398476855792,0.003406570056649595
3353.0,134.12,2.0,17.30903984549102,26.0267163653465,17.30903984549102,26.0267163653465,0.5613673781232399,0.011187398476855792,0.0034065700566495946
3354.0,134.16,2.0,17.433337078047153,25.948135995830597,17.433337078047153,25.948135995830597,0.5663191383482503,0.011187398476855792,0.003406570056649595
3355.0,134.2,2.0,17.557243738433474,25.86894099116489,17.557243738433474,25.86894099116489,0.5712708985732606,0.011187398476855792,0.0034065700566495946
3356.0,134.24,2.0,17.680756785081364,25.78913329407643,17.680756785081364,25.78913329407643,0.5762226587982711,0.011187398476855792,0.003406570056649595
3357.0,134.28,2.0,17.80387318609263,25.708714862354903,17.80387318609263,25.708714862354903,0.5811744190232815,0.011187398476855792,0.0034065700566495946
3358.0,134.32,2.0,17.926589919314146,25.627687668804477,17.926589919314146,25.627687668804477,0.5861261792482918,0.011187398476855792,0.003406570056649595
3359.0,134.36,2.0,18.04890397241224,25.546053701195238,18.04890397241224,25.546053701195238,0.5910779394733021,0.011187398476855792,0.0034065700566495946
3360.0,134.4,2.0,18.17081234294688,25.463814962214304,18.17081234294688,25.463814962214304,0.5960296996983125,0.011187398476855792,0.003406570056649595
3361.0,134.44,2.0,18.29231203844561,25.380973469416524,18.29231203844561,25.380973469416524,0.600981459923323,0.011187398476855792,0.0034065700566495946
3362.0,134.48,2.0,18.413400076477178,25.297531255174835,18.413400076477178,25.297531255174835,0.6059332201483333,0.011187398476855792,0.003406570056649595
3363.0,134.52,2.0,18.534073484725035,25.21349036663027,18.534073484725035,25.21349036663027,0.6108849803733436,0.011187398476855792,0.0034065700566495946
3364.0,134.56,2.0,18.654329301060464,25.128852865641544,18.654329301060464,25.128852865641544,0.6158367405983539,0.011187398476855792,0.003406570056649595
3365.0,134.6,2.0,18.774164573615536,25.04362082873436,18.774164573615536,25.04362082873436,0.6207885008233645,0.011187398476855792,0.0034065700566495946
3366.0,134.64000000000001,2.0,18.893576360855768,24.95779634705027,18.893576360855768,24.95779634705027,0.6257402610483747,0.011187398476855792,0.003406570056649595
3367.0,134.68,2.0,19.01256173165257,24.87138152629524,19.01256173165257,24.87138152629524,0.6306920212733851,0.011187398476855792,0.0034065700566495946
3368.0,134.72,2.0,19.131117765355388,24.78437848668782,19.131117765355388,24.78437848668782,0.6356437814983955,0.011187398476855792,0.003406570056649595
3369.0,134.76,2.0,19.249241551863626,24.696789362906973,19.249241551863626,24.696789362906973,0.6405955417234058,0.011187398476855792,0.0034065700566495946
3370.0,134.8,2.0,19.366930191698284,24.60861630403952,19.366930191698284,24.60861630403952,0.6455473019484163,0.011187398476855792,0.003406570056649595
3371.0,134.84,2.0,19.484180796073357,24.51986147352727,19.484180796073357,24.51986147352727,0.6504990621734266,0.011187398476855792,0.0034065700566495946
3372.0,134.88,2.0,19.60099048696695,24.430527049113792,19.60099048696695,24.430527049113792,0.655450822398437,0.011187398476855792,0.003406570056649595
3373.0,134.92000000000002,2.0,19.717356397192123,24.340615222790774,19.717356397192123,24.340615222790774,0.6604025826234474,0.011187398476855792,0.0034065700566495946
3374.0,134.96,2.0,19.833275670467508,24.250128200744115,19.833275670467508,24.250128200744115,0.6653543428484576,0.011187398476855792,0.003406570056649595
3375.0,135.0,2.0,19.948745461487604,24.159068203299604,19.948745461487604,24.159068203299604,0.6703061030734682,0.011187398476855792,0.0034065700566495946
3376.0,135.04,2.0,20.063762935992848,24.067437464868288,20.063762935992848,24.067437464868288,0.6752578632984785,0.011187398476855792,0.003406570056649595
3377.0,135.08,2.0,20.178325270839377,23.975238233891485,20.178325270839377,23.975238233891485,0.6802096235234888,0.011187398476855792,0.0034065700566495946
3378.0,135.12,2.0,20.292429654068545,23.882472772785412,20.292429654068545,23.882472772785412,0.6851613837484992,0.011187398476855792,0.003406570056649595
3379.0,135.16,2.0,20.406073284976145,23.789143357885543,20.406073284976145,23.789143357885543,0.6901131439735095,0.011187398476855792,0.0034065700566495946
3380.0,135.2,2.0,20.519253374181368,23.69525227939054,20.519253374181368,23.69525227939054,0.69506490419852,0.011187398476855792,0.003406570056649595
3381.0,135.24,2.0,20.631967143695455,23.600801841305934,20.631967143695455,23.600801841305934,0.7000166644235303,0.011187398476855792,0.0034065700566495946
3382.0,135.28,2.0,20.744211826990117,23.505794361387366,20.744211826990117,23.505794361387366,0.7049684246485406,0.011187398476855792,0.003406570056649595
3383.0,135.32,2.0,20.855984669065627,23.41023217108356,20.855984669065627,23.41023217108356,0.709920184873551,0.011187398476855792,0.0034065700566495946
3384.0,135.36,2.0,20.967282926518646,23.314117615478956,20.967282926518646,23.314117615478956,0.7148719450985614,0.011187398476855792,0.003406570056649595
3385.0,135.4,2.0,21.078103867609762,23.217453053235953,21.078103867609762,23.217453053235953,0.7198237053235718,0.011187398476855792,0.0034065700566495946
3386.0,135.44,2.0,21.188444772330744,23.120240856536874,21.188444772330744,23.120240856536874,0.7247754655485822,0.011187398476855792,0.003406570056649595
3387.0,135.48,2.0,21.298302932471504,23.02248341102557,21.298302932471504,23.02248341102557,0.7297272257735925,0.011187398476855792,0.0034065700566495946
3388.0,135.52,2.0,21.407675651686766,22.924183115748693,21.407675651686766,22.924183115748693,0.7346789859986028,0.011187398476855792,0.003406570056649595
3389.0,135.56,2.0,21.516560245562452,22.82534238309666,21.516560245562452,22.82534238309666,0.7396307462236132,0.011187398476855792,0.0034065700566495946
3390.0,135.6,2.0,21.624954041681747,22.725963638744247,21.624954041681747,22.725963638744247,0.7445825064486236,0.011187398476855792,0.003406570056649595
3391.0,135.64000000000001,2.0,21.732854379690917,22.626049321590905,21.732854379690917,22.626049321590905,0.749534266673634,0.011187398476855792,0.0034065700566495946
3392.0,135.68,2.0,21.840258611364778,22.525601883700705,21.840258611364778,22.525601883700705,0.7544860268986444,0.011187398476855792,0.003406570056649595
3393.0,135.72,2.0,21.947164100671895,22.424623790241988,21.947164100671895,22.424623790241988,0.7594377871236547,0.011187398476855792,0.0034065700566495946
3394.0,135.76,2.0,22.05356822383948,22.323117519426678,22.05356822383948,22.323117519426678,0.7643895473486652,0.011187398476855792,0.003406570056649595
3395.0,135.8,2.0,22.159468369417972,22.221085562449282,22.159468369417972,22.221085562449282,0.7693413075736755,0.011187398476855792,0.0034065700566495946
3396.0,135.84,2.0,22.264861938345327,22.118530423425575,22.264861938345327,22.118530423425575,0.7742930677986859,0.011187398476855792,0.003406570056649595
3397.0,135.88,2.0,22.369746344011006,22.01545461933092,22.369746344011006,22.01545461933092,0.7792448280236962,0.011187398476855792,0.0034065700566495946
3398.0,135.92000000000002,2.0,22.474119012319633,21.91186067993836,22.474119012319633,21.91186067993836,0.7841965882487065,0.011187398476855792,0.003406570056649595
3399.0,135.96,2.0,22.577977381754373,21.8077511477563,22.577977381754373,21.8077511477563,0.7891483484737171,0.011187398476855792,0.0034065700566495946
3400.0,136.0,2.0,22.68131890343998,21.703128577965934,22.68131890343998,21.703128577965934,0.7941001086987274,0.011187398476855792,0.003406570056649595
3401.0,136.04,2.0,22.784141041205547,21.597995538358354,22.784141041205547,21.597995538358354,0.7990518689237377,0.011187398476855792,0.0034065700566495946
3402.0,136.08,2.0,22.886441271646927,21.49235460927131,22.886441271646927,21.49235460927131,0.8040036291487482,0.011187398476855792,0.003406570056649595
3403.0,136.12,2.0,22.988217084188857,21.38620838352572,22.988217084188857,21.38620838352572,0.8089553893737585,0.011187398476855792,0.0034065700566495946
3404.0,136.16,2.0,23.089465981146752,21.27955946636181,23.089465981146752,21.27955946636181,0.8139071495987688,0.011187398476855792,0.003406570056649595
3405.0,136.2,2.0,23.19018547778818,21.172410475375003,23.19018547778818,21.172410475375003,0.8188589098237792,0.011187398476855792,0.0034065700566495946
3406.0,136.24,2.0,23.290373102394042,21.064764040451458,23.290373102394042,21.064764040451458,0.8238106700487895,0.011187398476855792,0.003406570056649595
3407.0,136.28,2.0,23.390026396319392,20.95662280370334,23.390026396319392,20.95662280370334,0.8287624302737999,0.011187398476855792,0.0034065700566495946
3408.0,136.32,2.0,23.489142914053975,20.847989419403778,23.489142914053975,20.847989419403778,0.8337141904988103,0.011187398476855792,0.003406570056649595
3409.0,136.36,2.0,23.5877202232824,20.738866553921497,23.5877202232824,20.738866553921497,0.8386659507238207,0.011187398476855792,0.0034065700566495946
3410.0,136.4,2.0,23.685755904944035,20.629256885655206,23.685755904944035,20.629256885655206,0.8436177109488311,0.011187398476855792,0.003406570056649595
3411.0,136.44,2.0,23.783247553292522,20.519163104967635,23.783247553292522,20.519163104967635,0.8485694711738414,0.011187398476855792,0.0034065700566495946
3412.0,136.48,2.0,23.880192775955024,20.408587914119313,23.880192775955024,20.408587914119313,0.8535212313988518,0.011187398476855792,0.003406570056649595
3413.0,136.52,2.0,23.976589193991067,20.297534027202037,23.976589193991067,20.297534027202037,0.8584729916238623,0.011187398476855792,0.0034065700566495946
3414.0,136.56,2.0,24.072434441951135,20.18600417007205,24.072434441951135,20.18600417007205,0.8634247518488726,0.011187398476855792,0.003406570056649595
3415.0,136.6,2.0,24.16772616793487,20.07400108028293,24.16772616793487,20.07400108028293,0.8683765120738828,0.011187398476855792,0.0034065700566495946
3416.0,136.64000000000001,2.0,24.26246203364896,19.961527507018207,24.26246203364896,19.961527507018207,0.8733282722988933,0.011187398476855792,0.003406570056649595
3417.0,136.68,2.0,24.35663971446469,19.848586211023658,24.35663971446469,19.848586211023658,0.8782800325239035,0.011187398476855792,0.0034065700566495946
3418.0,136.72,2.0,24.450256899475164,19.735179964539356,24.450256899475164,19.735179964539356,0.883231792748914,0.011187398476855792,0.003406570056649595
3419.0,136.76,2.0,24.54331129155217,19.6213115512314,24.54331129155217,19.6213115512314,0.8881835529739244,0.011187398476855792,0.0034065700566495946
3420.0,136.8,2.0,24.63580060740272,19.506983766123394,24.63580060740272,19.506983766123394,0.8931353131989347,0.011187398476855792,0.003406570056649595
3421.0,136.84,2.0,24.72772257762526,19.392199415527635,24.72772257762526,19.392199415527635,0.8980870734239451,0.011187398476855792,0.0034065700566495946
3422.0,136.88,2.0,24.81907494676549,19.276961316976003,24.81907494676549,19.276961316976003,0.9030388336489554,0.011187398476855792,0.003406570056649595
3423.0,136.92000000000002,2.0,24.909855473371902,19.161272299150603,24.909855473371902,19.161272299150603,0.9079905938739659,0.011187398476855792,0.0034065700566495946
3424.0,136.96,2.0,25.000061930050933,19.045135201814134,25.000061930050933,19.045135201814134,0.9129423540989763,0.011187398476855792,0.003406570056649595
3425.0,137.0,2.0,25.08969210352178,18.928552875739946,25.08969210352178,18.928552875739946,0.9178941143239866,0.011187398476855792,0.0034065700566495946
3426.0,137.04,2.0,25.178743794670872,18.81152818264187,25.178743794670872,18.81152818264187,0.922845874548997,0.011187398476855792,0.003406570056649595
3427.0,137.08,2.0,25.267214818605986,18.69406399510375,25.267214818605986,18.69406399510375,0.9277976347740073,0.011187398476855792,0.0034065700566495946
3428.0,137.12,2.0,25.355103004710017,18.57616319650873,25.355103004710017,18.57616319650873,0.9327493949990178,0.011187398476855792,0.003406570056649595
3429.0,137.16,2.0,25.442406196694396,18.457828680968248,25.442406196694396,18.457828680968248,0.9377011552240282,0.011187398476855792,0.0034065700566495946
3430.0,137.20000000000002,2.0,25.529122252652154,18.339063353250786,25.529122252652154,18.339063353250786,0.9426529154490385,0.011187398476855792,0.003406570056649595
3431.0,137.24,2.0,25.61524904511063,18.219870128710358,25.61524904511063,18.219870128710358,0.9476046756740489,0.011187398476855792,0.0034065700566495946
3432.0,137.28,2.0,25.700784461083817,18.100251933214707,25.700784461083817,18.100251933214707,0.9525564358990593,0.011187398476855792,0.003406570056649595
3433.0,137.32,2.0,25.785726402124375,17.980211703073294,25.785726402124375,17.980211703073294,0.9575081961240695,0.011187398476855792,0.0034065700566495946
3434.0,137.36,2.0,25.870072784375246,17.85975238496498,25.870072784375246,17.85975238496498,0.9624599563490799,0.011187398476855792,0.003406570056649595
3435.0,137.4,2.0,25.95382153862095,17.738876935865495,25.95382153862095,17.738876935865495,0.9674117165740904,0.011187398476855792,0.0034065700566495946
3436.0,137.44,2.0,26.036970610338493,17.6175883229746,26.036970610338493,17.6175883229746,0.9723634767991006,0.011187398476855792,0.003406570056649595
3437.0,137.48,2.0,26.119517959747913,17.49588952364307,26.119517959747913,17.49588952364307,0.977315237024111,0.011187398476855792,0.0034065700566495946
3438.0,137.52,2.0,26.201461561862494,17.373783525299352,26.201461561862494,17.373783525299352,0.9822669972491214,0.011187398476855792,0.003406570056649595
3439.0,137.56,2.0,26.28279940653856,17.25127332537603,26.28279940653856,17.25127332537603,0.9872187574741318,0.011187398476855792,0.0034065700566495946
3440.0,137.6,2.0,26.363529498524976,17.128361931236007,26.363529498524976,17.128361931236007,0.9921705176991422,0.011187398476855792,0.003406570056649595
3441.0,137.64000000000001,2.0,26.443649857512185,17.005052360098478,26.443649857512185,17.005052360098478,0.9971222779241524,0.011187398476855792,0.0034065700566495946
3442.0,137.68,2.0,26.523158518180992,16.881347638964606,26.523158518180992,16.881347638964606,1.0020740381491628,0.011187398476855792,0.003406570056649595
3443.0,137.72,2.0,26.602053530250867,16.757250804543034,26.602053530250867,16.757250804543034,1.007025798374173,0.011187398476855792,0.0034065700566495946
3444.0,137.76,2.0,26.68033295852797,16.63276490317508,26.68033295852797,16.63276490317508,1.0119775585991833,0.011187398476855792,0.003406570056649595
3445.0,137.8,2.0,26.757994882952726,16.507892990759736,26.757994882952726,16.507892990759736,1.0169293188241937,0.011187398476855792,0.0034065700566495946
3446.0,137.84,2.0,26.835037398647096,16.382638132678444,26.835037398647096,16.382638132678444,1.0218810790492039,0.011187398476855792,0.003406570056649595
3447.0,137.88,2.0,26.91145861596142,16.257003403719594,26.91145861596142,16.257003403719594,1.0268328392742143,0.011187398476855792,0.0034065700566495946
3448.0,137.92000000000002,2.0,26.987256660520906,16.130991888002832,26.987256660520906,16.130991888002832,1.0317845994992247,0.011187398476855792,0.003406570056649595
3449.0,137.96,2.0,27.062429673271755,16.004606678903116,27.062429673271755,16.004606678903116,1.036736359724235,0.011187398476855792,0.0034065700566495946
3450.0,138.0,2.0,27.136975810526884,15.877850878974538,27.136975810526884,15.877850878974538,1.0416881199492454,0.011187398476855792,0.003406570056649595
3451.0,138.04,2.0,27.210893244011277,15.750727599873958,27.210893244011277,15.750727599873958,1.0466398801742556,0.011187398476855792,0.0034065700566495946
3452.0,138.08,2.0,27.284180160906978,15.62323996228435,27.284180160906978,15.62323996228435,1.0515916403992658,0.011187398476855792,0.003406570056649595
3453.0,138.12,2.0,27.356834763897673,15.495391095838007,27.356834763897673,15.495391095838007,1.0565434006242762,0.011187398476855792,0.0034065700566495946
3454.0,138.16,2.0,27.42885527121289,15.367184139039441,27.42885527121289,15.367184139039441,1.0614951608492866,0.011187398476855792,0.003406570056649595
3455.0,138.20000000000002,2.0,27.500239916671852,15.238622239188121,27.500239916671852,15.238622239188121,1.0664469210742968,0.011187398476855792,0.0034065700566495946
3456.0,138.24,2.0,27.570986949726905,15.109708552300983,27.570986949726905,15.109708552300983,1.071398681299307,0.011187398476855792,0.003406570056649595
3457.0,138.28,2.0,27.641094635506573,14.980446243034717,27.641094635506573,14.980446243034717,1.0763504415243177,0.011187398476855792,0.0034065700566495946
3458.0,138.32,2.0,27.71056125485825,14.85083848460783,27.71056125485825,14.85083848460783,1.081302201749328,0.011187398476855792,0.003406570056649595
3459.0,138.36,2.0,27.77938510439045,14.720888458722536,27.77938510439045,14.720888458722536,1.086253961974338,0.011187398476855792,0.0034065700566495946
3460.0,138.4,2.0,27.847564496514735,14.590599355486393,27.847564496514735,14.590599355486393,1.0912057221993483,0.011187398476855792,0.003406570056649595
3461.0,138.44,2.0,27.915097759487207,14.459974373333765,27.915097759487207,14.459974373333765,1.0961574824243587,0.011187398476855792,0.0034065700566495946
3462.0,138.48,2.0,27.98198323744963,14.329016718947068,27.98198323744963,14.329016718947068,1.1011092426493692,0.011187398476855792,0.003406570056649595
3463.0,138.52,2.0,28.048219290470133,14.197729607177795,28.048219290470133,14.197729607177795,1.1060610028743796,0.011187398476855792,0.0034065700566495946
3464.0,138.56,2.0,28.113804294583552,14.06611626096738,28.113804294583552,14.06611626096738,1.1110127630993898,0.011187398476855792,0.003406570056649595
3465.0,138.6,2.0,28.178736641831403,13.934179911267833,28.178736641831403,13.934179911267833,1.1159645233244002,0.011187398476855792,0.0034065700566495946
3466.0,138.64000000000001,2.0,28.24301474030134,13.801923796962168,28.24301474030134,13.801923796962168,1.1209162835494104,0.011187398476855792,0.003406570056649595
3467.0,138.68,2.0,28.30663701416639,13.669351164784675,28.30663701416639,13.669351164784675,1.1258680437744206,0.011187398476855792,0.0034065700566495946
3468.0,138.72,2.0,28.369601903723655,13.536465269240953,28.369601903723655,13.536465269240953,1.1308198039994308,0.011187398476855792,0.003406570056649595
3469.0,138.76,2.0,28.431907865432663,13.403269372527799,28.431907865432663,13.403269372527799,1.1357715642244415,0.011187398476855792,0.0034065700566495946
3470.0,138.8,2.0,28.493553371953347,13.269766744452866,28.493553371953347,13.269766744452866,1.1407233244494517,0.011187398476855792,0.003406570056649595
3471.0,138.84,2.0,28.55453691218357,13.135960662354151,28.55453691218357,13.135960662354151,1.1456750846744619,0.011187398476855792,0.0034065700566495946
3472.0,138.88,2.0,28.61485699129629,13.0018544110193,28.61485699129629,13.0018544110193,1.1506268448994723,0.011187398476855792,0.003406570056649595
3473.0,138.92000000000002,2.0,28.674512130776332,12.867451282604733,28.674512130776332,12.867451282604733,1.1555786051244827,0.011187398476855792,0.0034065700566495946
3474.0,138.96,2.0,28.7335008684567,12.732754576554573,28.7335008684567,12.732754576554573,1.160530365349493,0.011187398476855792,0.003406570056649595
3475.0,139.0,2.0,28.79182175855457,12.597767599519399,28.79182175855457,12.597767599519399,1.1654821255745031,0.011187398476855792,0.0034065700566495946
3476.0,139.04,2.0,28.84947337170677,12.462493665274842,28.84947337170677,12.462493665274842,1.1704338857995136,0.011187398476855792,0.003406570056649595
3477.0,139.08,2.0,28.906454295004995,12.326936094639972,28.906454295004995,12.326936094639972,1.1753856460245238,0.011187398476855792,0.0034065700566495946
3478.0,139.12,2.0,28.96276313203046,12.191098215395549,28.96276313203046,12.191098215395549,1.1803374062495342,0.011187398476855792,0.003406570056649595
3479.0,139.16,2.0,29.018398502888296,12.05498336220206,29.018398502888296,12.05498336220206,1.1852891664745446,0.011187398476855792,0.0034065700566495946
3480.0,139.20000000000002,2.0,29.073359044241414,11.91859487651763,29.073359044241414,11.91859487651763,1.1902409266995548,0.011187398476855792,0.003406570056649595
3481.0,139.24,2.0,29.127643409344056,11.781936106515733,29.127643409344056,11.781936106515733,1.1951926869245653,0.011187398476855792,0.0034065700566495946
3482.0,139.28,2.0,29.181250268074855,11.645010407002758,29.181250268074855,11.645010407002758,1.2001444471495755,0.011187398476855792,0.003406570056649595
3483.0,139.32,2.0,29.23417830696956,11.507821139335395,29.23417830696956,11.507821139335395,1.2050962073745857,0.011187398476855792,0.0034065700566495946
3484.0,139.36,2.0,29.286426229253316,11.370371671337873,29.286426229253316,11.370371671337873,1.210047967599596,0.011187398476855792,0.003406570056649595
3485.0,139.4,2.0,29.33799275487247,11.23266537721904,29.33799275487247,11.23266537721904,1.2149997278246063,0.011187398476855792,0.0034065700566495946
3486.0,139.44,2.0,29.388876620526144,11.094705637489273,29.388876620526144,11.094705637489273,1.2199514880496165,0.011187398476855792,0.003406570056649595
3487.0,139.48,2.0,29.43907657969715,10.956495838877238,29.43907657969715,10.956495838877238,1.224903248274627,0.011187398476855792,0.0034065700566495946
3488.0,139.52,2.0,29.488591402682708,10.818039374246506,29.488591402682708,10.818039374246506,1.2298550084996374,0.011187398476855792,0.003406570056649595
3489.0,139.56,2.0,29.537419876624625,10.679339642512009,29.537419876624625,10.679339642512009,1.2348067687246476,0.011187398476855792,0.0034065700566495946
3490.0,139.6,2.0,29.585560805539103,10.540400048556343,29.585560805539103,10.540400048556343,1.239758528949658,0.011187398476855792,0.003406570056649595
3491.0,139.64000000000001,2.0,29.633013010346097,10.401224003145943,29.633013010346097,10.401224003145943,1.2447102891746682,0.011187398476855792,0.0034065700566495946
3492.0,139.68,2.0,29.679775328898348,10.261814922847089,29.679775328898348,10.261814922847089,1.2496620493996786,0.011187398476855792,0.003406570056649595
3493.0,139.72,2.0,29.72584661600983,10.122176229941783,29.72584661600983,10.122176229941783,1.2546138096246888,0.011187398476855792,0.0034065700566495946
3494.0,139.76,2.0,29.771225743483978,9.982311352343496,29.771225743483978,9.982311352343496,1.2595655698496993,0.011187398476855792,0.003406570056649595
3495.0,139.8,2.0,29.815911600141327,9.842223723512737,29.815911600141327,9.842223723512737,1.2645173300747095,0.011187398476855792,0.0034065700566495946
3496.0,139.84,2.0,29.85990309184686,9.70191678237254,29.85990309184686,9.70191678237254,1.2694690902997199,0.011187398476855792,0.003406570056649595
3497.0,139.88,2.0,29.903199141536824,9.561393973223776,29.903199141536824,9.561393973223776,1.27442085052473,0.011187398476855792,0.0034065700566495946
3498.0,139.92000000000002,2.0,29.945798689245237,9.420658745660344,29.945798689245237,9.420658745660344,1.2793726107497405,0.011187398476855792,0.003406570056649595
3499.0,139.96,2.0,29.987700692129863,9.27971455448424,29.987700692129863,9.27971455448424,1.2843243709747507,0.011187398476855792,0.0034065700566495946
3500.0,140.0,2.0,30.028904124497863,9.138564859620484,30.028904124497863,9.138564859620484,1.2892761311997611,0.011187398476855792,0.003406570056649595
3501.0,140.04,2.0,30.06940797783094,8.997213126031935,30.06940797783094,8.997213126031935,1.2942278914247713,0.011187398476855792,0.0034065700566495946
3502.0,140.08,2.0,30.109211260810135,8.855662823633974,30.109211260810135,8.855662823633974,1.2991796516497818,0.011187398476855792,0.003406570056649595
3503.0,140.12,2.0,30.148312999340142,8.713917427209065,30.148312999340142,8.713917427209065,1.3041314118747922,0.011187398476855792,0.0034065700566495946
3504.0,140.16,2.0,30.186712236573204,8.571980416321198,30.186712236573204,8.571980416321198,1.3090831720998024,0.011187398476855792,0.003406570056649595
3505.0,140.20000000000002,2.0,30.224408032932654,8.429855275230214,30.224408032932654,8.429855275230214,1.3140349323248126,0.011187398476855792,0.0034065700566495946
3506.0,140.24,2.0,30.261399466135895,8.287545492806023,30.261399466135895,8.287545492806023,1.318986692549823,0.011187398476855792,0.003406570056649595
3507.0,140.28,2.0,30.29768563121712,8.145054562442688,30.29768563121712,8.145054562442688,1.3239384527748332,0.011187398476855792,0.0034065700566495946
3508.0,140.32,2.0,30.33326564054944,8.00238598197242,30.33326564054944,8.00238598197242,1.3288902129998434,0.011187398476855792,0.003406570056649595
3509.0,140.36,2.0,30.36813862386672,7.859543253579453,30.36813862386672,7.859543253579453,1.3338419732248539,0.011187398476855792,0.0034065700566495946
3510.0,140.4,2.0,30.402303728284892,7.716529883713809,30.402303728284892,7.716529883713809,1.338793733449864,0.011187398476855792,0.003406570056649595
3511.0,140.44,2.0,30.435760118322907,7.573349383004972,30.435760118322907,7.573349383004972,1.3437454936748745,0.011187398476855792,0.0034065700566495946
3512.0,140.48,2.0,30.46850697592321,7.430005266175437,30.46850697592321,7.430005266175437,1.348697253899885,0.011187398476855792,0.003406570056649595
3513.0,140.52,2.0,30.5005435004718,7.286501051954188,30.5005435004718,7.286501051954188,1.3536490141248951,0.011187398476855792,0.0034065700566495946
3514.0,140.56,2.0,30.531868908817877,7.142840262990042,30.531868908817877,7.142840262990042,1.3586007743499056,0.011187398476855792,0.003406570056649595
3515.0,140.6,2.0,30.561933867044768,7.002690070799405,30.561933867044768,7.002690070799405,1.362283144171889,-0.006008316168794381,0.000736100160592408
3516.0,140.64000000000001,2.0,30.264712848196545,7.172766323061017,30.264712848196545,7.172766323061017,1.349654625032539,0.017354986250617786,-0.0014197399810979901
3517.0,140.68,2.0,30.2923717360023,7.0351371402179,30.2923717360023,7.0351371402179,1.3531034340975827,0.02654163796663043,-0.002638340934022048
3518.0,140.72,2.0,30.156959107459592,7.052931386826773,30.156959107459592,7.052931386826773,1.3482108441367489,0.03211580548414911,-0.004063737957793358
3519.0,140.76,2.0,30.022113727287405,7.073116265319565,30.022113727287405,7.073116265319565,1.3430792467850963,0.03482682040682057,-0.0050158772913036
3520.0,140.8,2.0,29.967493342615434,7.01726413420073,29.967493342615434,7.01726413420073,1.3418393716240922,0.032623241188710905,-0.005826759136720025
3521.0,140.84,2.0,29.93958533576524,6.935301108439934,29.93958533576524,6.935301108439934,1.3409756582382861,0.022779455994000865,-0.005524063274063301
3522.0,140.88,2.0,29.924375969641822,6.845077349121543,29.924375969641822,6.845077349121543,1.3413569374805872,0.006036162796595679,-0.0053160503175126075
3523.0,140.92000000000002,2.0,29.895252080223873,6.766393727629305,29.895252080223873,6.766393727629305,1.3401563016152576,0.01630430260348358,-0.0022343260389860843
3524.0,140.96,1.0,29.865631966088138,6.691598870252889,29.865631966088138,6.691598870252889,1.3380179676990824,0.023089646344983894,-0.002336443082882328
3525.0,141.0,1.0,29.836157624956474,6.617558497943842,29.836157624956474,6.617558497943842,1.3358761045514111,0.02987499008648421,-0.0024385601267785722
3526.0,141.04,1.0,29.806833241806903,6.544271957754648,29.806833241806903,6.544271957754648,1.333730712172243,0.036660333827984525,-0.002540677170674816
3527.0,141.08,1.0,29.77766299873207,6.471738573706003,29.77766299873207,6.471738573706003,1.3315817905615783,0.04344567756948484,-0.00264279421457106
3528.0,141.12,0.0,29.748651074813374,6.399957646799348,29.748651074813374,6.399957646799348,1.3294293397194172,0.050231021310985155,-0.0027449112584673045
3529.0,141.16,1.0,29.71980164599509,6.328928455030096,29.71980164599509,6.328928455030096,1.3272733596457595,0.057016365052485474,-0.0028470283023635484
3530.0,141.20000000000002,1.0,29.691118884958563,6.258650253401521,29.691118884958563,6.258650253401521,1.3251138503406055,0.06380170879398579,-0.0029491453462597928
3531.0,141.24,1.0,29.662606960996488,6.189122273939355,29.662606960996488,6.189122273939355,1.3229508118039546,0.07058705253548611,-0.0030512623901560367
3532.0,141.28,2.0,29.63427003988722,6.12034372570705,29.63427003988722,6.12034372570705,1.320784244035807,0.07737239627698642,-0.0031533794340522807
3533.0,141.32,2.0,29.606112283769143,6.052313794821739,29.606112283769143,6.052313794821739,1.3186141470361634,0.08415774001848673,-0.0032554964779485255
3534.0,141.36,2.0,29.578137851015185,5.985031644470863,29.578137851015185,5.985031644470863,1.3164405208050232,0.09094308375998705,-0.003357613521844769
3535.0,141.4,2.0,29.550899464355588,5.914832769895029,29.550899464355588,5.914832769895029,1.315532755745413,0.11492414214713756,-0.0007892606696838268
3536.0,141.44,2.0,29.850426053044686,5.535003971024422,29.850426053044686,5.535003971024422,1.3309323504156403,0.09834618346922569,0.0012644624281103276
3537.0,141.48,2.0,29.824555149029703,5.463479755808625,29.824555149029703,5.463479755808625,1.330251087649977,0.09594487549471337,0.0023809463371381413
3538.0,141.52,2.0,29.961241604259914,5.237133868799561,29.961241604259914,5.237133868799561,1.3379076946786947,0.097156051718695,0.0037042263170132075
3539.0,141.56,2.0,30.09685009612616,5.009001697322933,30.09685009612616,5.009001697322933,1.3457997798667347,0.10123038053752387,0.004554248606627205
3540.0,141.6,2.0,30.151726332663493,4.857513453214454,30.151726332663493,4.857513453214454,1.3497966136326296,0.11021930349713385,0.005263013408147386
3541.0,141.64000000000001,2.0,30.179386399661706,4.732745572361292,30.179386399661706,4.732745572361292,1.35341375639183,0.12684843243334418,0.004858200501594418
3542.0,141.68,2.0,30.193847515165157,4.61685042498734,30.193847515165157,4.61685042498734,1.3557823772914268,0.1503770693722497,0.004548070501147481
3543.0,141.72,2.0,30.221726336873466,4.490029651403861,30.221726336873466,4.490029651403861,1.3597293840671576,0.1468942733068621,0.0013642291787247123
3544.0,141.76,2.0,30.249608072507904,4.359937117338902,30.249608072507904,4.359937117338902,1.3646105596622375,0.1468942733068621,0.0013642291787247123
3545.0,141.8,2.0,30.276854243154638,4.229709574117879,30.276854243154638,4.229709574117879,1.3694917352573173,0.1468942733068621,0.0013642291787247123
3546.0,141.84,2.0,30.30346419504382,4.099350127161677,30.30346419504382,4.099350127161677,1.374372910852397,0.1468942733068621,0.0013642291787247123
3547.0,141.88,2.0,30.329437289580746,3.968861885057126,30.329437289580746,3.968861885057126,1.379254086447477,0.1468942733068621,0.0013642291787247123
3548.0,141.92000000000002,2.0,30.354772903361248,3.838247959482841,30.354772903361248,3.838247959482841,1.3841352620425567,0.1468942733068621,0.0013642291787247123
3549.0,141.96,2.0,30.37947042818663,3.70751146513498,30.37947042818663,3.70751146513498,1.3890164376376366,0.1468942733068621,0.0013642291787247123
3550.0,142.0,2.0,30.40352927107828,3.5766555196529324,30.40352927107828,3.5766555196529324,1.3938976132327165,0.1468942733068621,0.0013642291787247123
3551.0,142.04,2.0,30.42694885429193,3.445683243544937,30.42694885429193,3.445683243544937,1.3987787888277965,0.1468942733068621,0.0013642291787247123
3552.0,142.08,2.0,30.449728615331498,3.314597760113629,30.449728615331498,3.314597760113629,1.4036599644228762,0.1468942733068621,0.0013642291787247123
3553.0,142.12,2.0,30.471868006962655,3.1834021953815235,30.471868006962655,3.1834021953815235,1.4085411400179562,0.1468942733068621,0.0013642291787247123
3554.0,142.16,2.0,30.493366497225924,3.0520996780164307,30.493366497225924,3.0520996780164307,1.4134223156130359,0.1468942733068621,0.0013642291787247123
3555.0,142.20000000000002,2.0,30.51422356944952,2.9206933392568066,30.51422356944952,2.9206933392568066,1.4183034912081156,0.1468942733068621,0.0013642291787247123
3556.0,142.24,2.0,30.534438722261722,2.7891863128370455,30.534438722261722,2.7891863128370455,1.4231846668031953,0.1468942733068621,0.0013642291787247123
3557.0,142.28,2.0,30.554011469602965,2.6575817349127098,30.554011469602965,2.6575817349127098,1.4280658423982753,0.1468942733068621,0.0013642291787247123
3558.0,142.32,2.0,30.572941340737533,2.525882743985702,30.572941340737533,2.525882743985702,1.4329470179933552,0.1468942733068621,0.0013642291787247123
3559.0,142.36,2.0,30.591227880264846,2.3940924808293818,30.591227880264846,2.3940924808293818,1.4378281935884352,0.1468942733068621,0.0013642291787247123
3560.0,142.4,2.0,30.608870648130466,2.262214088413624,30.608870648130466,2.262214088413624,1.442709369183515,0.1468942733068621,0.0013642291787247123
3561.0,142.44,2.0,30.625869219636662,2.1302507118298313,30.625869219636662,2.1302507118298313,1.4475905447785946,0.1468942733068621,0.0013642291787247123
3562.0,142.48,2.0,30.64222318545265,1.998205498215888,30.64222318545265,1.998205498215888,1.4524717203736746,0.1468942733068621,0.0013642291787247123
3563.0,142.52,2.0,30.657932151624458,1.8660815966810695,30.657932151624458,1.8660815966810695,1.4573528959687545,0.1468942733068621,0.0013642291787247123
3564.0,142.56,2.0,30.6729957395844,1.7338821582309012,30.6729957395844,1.7338821582309012,1.4622340715638342,0.1468942733068621,0.0013642291787247123
3565.0,142.6,2.0,30.687413586160226,1.6016103356919753,30.687413586160226,1.6016103356919753,1.467115247158914,0.1468942733068621,0.0013642291787247123
3566.0,142.64000000000001,2.0,30.70118534358385,1.4692692836367196,30.70118534358385,1.4692692836367196,1.471996422753994,0.1468942733068621,0.0013642291787247123
3567.0,142.68,2.0,30.71431067949978,1.3368621583081266,30.71431067949978,1.3368621583081266,1.4768775983490738,0.1468942733068621,0.0013642291787247123
3568.0,142.72,2.0,30.726789276973115,1.2043921175444428,30.726789276973115,1.2043921175444428,1.4817587739441536,0.1468942733068621,0.0013642291787247123
3569.0,142.76,2.0,30.738620834497205,1.071862320703817,30.738620834497205,1.071862320703817,1.4866399495392333,0.1468942733068621,0.0013642291787247123
3570.0,142.8,2.0,30.74980506600095,0.939275928588914,30.74980506600095,0.939275928588914,1.491521125134313,0.1468942733068621,0.0013642291787247123
3571.0,142.84,2.0,30.760341700855683,0.806636103371493,30.760341700855683,0.806636103371493,1.496402300729393,0.1468942733068621,0.0013642291787247123
3572.0,142.88,2.0,30.77023048388179,0.6739460085169519,30.77023048388179,0.6739460085169519,1.501283476324473,0.1468942733068621,0.0013642291787247123
3573.0,142.92000000000002,2.0,30.779471175354804,0.5412088087088414,30.779471175354804,0.5412088087088414,1.5061646519195526,0.1468942733068621,0.0013642291787247123
3574.0,142.96,2.0,30.788063551011284,0.40842766977334877,30.788063551011284,0.40842766977334877,1.5110458275146326,0.1468942733068621,0.0013642291787247123
3575.0,143.0,2.0,30.796007402054236,0.2756057586037546,30.796007402054236,0.2756057586037546,1.5159270031097125,0.1468942733068621,0.0013642291787247123
3576.0,143.04,2.0,30.803302535158185,0.1427462430848631,30.803302535158185,0.1427462430848631,1.5208081787047922,0.1468942733068621,0.0013642291787247123
3577.0,143.08,2.0,30.809948772473867,0.00985229201740836,30.809948772473867,0.00985229201740836,1.5256893542998722,0.1468942733068621,0.0013642291787247123
3578.0,143.12,2.0,30.815945951632603,-0.12307292495756154,30.815945951632603,-0.12307292495756154,1.530570529894952,0.1468942733068621,0.0013642291787247123
3579.0,143.16,2.0,30.821293925750222,-0.25602623743432085,30.821293925750222,-0.25602623743432085,1.5354517054900316,0.1468942733068621,0.0013642291787247123
3580.0,143.20000000000002,2.0,30.825992563430702,-0.3890044743181216,30.825992563430702,-0.3890044743181216,1.5403328810851116,0.1468942733068621,0.0013642291787247123
3581.0,143.24,2.0,30.830041748769343,-0.5220044639008651,30.830041748769343,-0.5220044639008651,1.5452140566801913,0.1468942733068621,0.0013642291787247123
3582.0,143.28,2.0,30.83344138135568,-0.65502303393679,30.83344138135568,-0.65502303393679,1.5500952322752712,0.1468942733068621,0.0013642291787247123
3583.0,143.32,2.0,30.836191376275924,-0.7880570117181717,30.836191376275924,-0.7880570117181717,1.554976407870351,0.1468942733068621,0.0013642291787247123
3584.0,143.36,2.0,30.83829166411511,-0.9211032241510347,30.83829166411511,-0.9211032241510347,1.559857583465431,0.1468942733068621,0.0013642291787247123
3585.0,143.4,2.0,30.839742190958823,-1.0541584978308745,30.839742190958823,-1.0541584978308745,1.5647387590605106,0.1468942733068621,0.0013642291787247123
3586.0,143.44,2.0,30.840542918394608,-1.187219659118386,30.840542918394608,-1.187219659118386,1.5696199346555904,0.1468942733068621,0.0013642291787247123
3587.0,143.48,2.0,30.840693823512936,-1.3202835342152004,30.840693823512936,-1.3202835342152004,1.5745011102506703,0.1468942733068621,0.0013642291787247123
3588.0,143.52,2.0,30.84019489890786,-1.4533469492396232,30.84019489890786,-1.4533469492396232,1.57938228584575,0.1468942733068621,0.0013642291787247123
3589.0,143.56,2.0,30.839046152677305,-1.5864067303023779,30.839046152677305,-1.5864067303023779,1.58426346144083,0.1468942733068621,0.0013642291787247123
3590.0,143.6,2.0,30.83724760842291,-1.7194597035823478,30.83724760842291,-1.7194597035823478,1.58914463703591,0.1468942733068621,0.0013642291787247123
3591.0,143.64000000000001,2.0,30.83479930524963,-1.8525026954023172,30.83479930524963,-1.8525026954023172,1.5940258126309896,0.1468942733068621,0.0013642291787247123
3592.0,143.68,2.0,30.831701297764802,-1.9855325323047115,30.831701297764802,-1.9855325323047115,1.5989069882260696,0.1468942733068621,0.0013642291787247123
3593.0,143.72,2.0,30.827953656077035,-2.1185460411273294,30.827953656077035,-2.1185460411273294,1.6037881638211495,0.1468942733068621,0.0013642291787247123
3594.0,143.76,2.0,30.823556465794532,-2.251540049079071,30.823556465794532,-2.251540049079071,1.6086693394162292,0.1468942733068621,0.0013642291787247123
3595.0,143.8,2.0,30.818509828023195,-2.3845113838156555,30.818509828023195,-2.3845113838156555,1.613550515011309,0.1468942733068621,0.0013642291787247123
3596.0,143.84,2.0,30.81281385936429,-2.5174568735153318,30.81281385936429,-2.5174568735153318,1.6184316906063887,0.1468942733068621,0.0013642291787247123
3597.0,143.88,2.0,30.806468691911753,-2.6503733469545727,30.806468691911753,-2.6503733469545727,1.6233128662014689,0.1468942733068621,0.0013642291787247123
3598.0,143.92000000000002,2.0,30.799474473249102,-2.7832576335837573,30.799474473249102,-2.7832576335837573,1.6281940417965486,0.1468942733068621,0.0013642291787247123
3599.0,143.96,2.0,30.791831366446054,-2.916106563602841,30.791831366446054,-2.916106563602841,1.6330752173916285,0.1468942733068621,0.0013642291787247123
3600.0,144.0,2.0,30.783539550054677,-3.048916968037002,30.783539550054677,-3.048916968037002,1.6379563929867083,0.1468942733068621,0.0013642291787247123
3601.0,144.04,2.0,30.774599218105244,-3.181685678812272,30.774599218105244,-3.181685678812272,1.642837568581788,0.1468942733068621,0.0013642291787247123
3602.0,144.08,2.0,30.76501058010168,-3.314409528831148,30.76501058010168,-3.314409528831148,1.6477187441768677,0.1468942733068621,0.0013642291787247123
3603.0,144.12,2.0,30.75477386101668,-3.4470853520481755,30.75477386101668,-3.4470853520481755,1.6525999197719479,0.1468942733068621,0.0013642291787247123
3604.0,144.16,2.0,30.743889301286362,-3.5797099835455106,30.743889301286362,-3.5797099835455106,1.6574810953670276,0.1468942733068621,0.0013642291787247123
3605.0,144.20000000000002,2.0,30.732357156804703,-3.7122802596084563,30.732357156804703,-3.7122802596084563,1.6623622709621073,0.1468942733068621,0.0013642291787247123
3606.0,144.24,2.0,30.720177698917457,-3.8447930178009706,30.720177698917457,-3.8447930178009706,1.6672434465571873,0.1468942733068621,0.0013642291787247123
3607.0,144.28,2.0,30.7073512144158,-3.9772450970411386,30.7073512144158,-3.9772450970411386,1.672124622152267,0.1468942733068621,0.0013642291787247123
3608.0,144.32,2.0,30.693878005529562,-4.109633337676622,30.693878005529562,-4.109633337676622,1.6770057977473471,0.1468942733068621,0.0013642291787247123
3609.0,144.36,2.0,30.679758389920103,-4.24195458156007,30.679758389920103,-4.24195458156007,1.6818869733424264,0.1468942733068621,0.0013642291787247123
3610.0,144.4,2.0,30.664992700672833,-4.374205672124491,30.664992700672833,-4.374205672124491,1.6867681489375066,0.1468942733068621,0.0013642291787247123
3611.0,144.44,2.0,30.649581286289322,-4.506383454458595,30.649581286289322,-4.506383454458595,1.6916493245325863,0.1468942733068621,0.0013642291787247123
3612.0,144.48,2.0,30.63352451067912,-4.638484775382091,30.63352451067912,-4.638484775382091,1.696530500127666,0.1468942733068621,0.0013642291787247123
3613.0,144.52,2.0,30.616822753151098,-4.770506483520948,30.616822753151098,-4.770506483520948,1.701411675722746,0.1468942733068621,0.0013642291787247123
3614.0,144.56,2.0,30.599476408404552,-4.902445429382605,30.599476408404552,-4.902445429382605,1.7062928513178257,0.1468942733068621,0.0013642291787247123
3615.0,144.6,2.0,30.5814858865198,-5.034298465431151,30.5814858865198,-5.034298465431151,1.7111740269129054,0.1468942733068621,0.0013642291787247123
3616.0,144.64000000000001,2.0,30.562851612948556,-5.1660624461624405,30.562851612948556,-5.1660624461624405,1.7160552025079856,0.1468942733068621,0.0013642291787247123
3617.0,144.68,2.0,30.54357402850379,-5.297734228179176,30.54357402850379,-5.297734228179176,1.7209363781030653,0.1468942733068621,0.0013642291787247123
3618.0,144.72,2.0,30.52365358934937,-5.429310670265936,30.52365358934937,-5.429310670265936,1.725817553698145,0.1468942733068621,0.0013642291787247123
3619.0,144.76,2.0,30.503090766989192,-5.560788633464147,30.503090766989192,-5.560788633464147,1.7306987292932252,0.1468942733068621,0.0013642291787247123
3620.0,144.8,2.0,30.481886048256065,-5.692164981147005,30.481886048256065,-5.692164981147005,1.735579904888305,0.1468942733068621,0.0013642291787247123
3621.0,144.84,2.0,30.460039935300177,-5.823436579094346,30.460039935300177,-5.823436579094346,1.7404610804833847,0.1468942733068621,0.0013642291787247123
3622.0,144.88,2.0,30.437552945577153,-5.954600295567452,30.437552945577153,-5.954600295567452,1.7453422560784646,0.1468942733068621,0.0013642291787247123
3623.0,144.92000000000002,2.0,30.414425611835846,-6.085653001383807,30.414425611835846,-6.085653001383807,1.7502234316735443,0.1468942733068621,0.0013642291787247123
3624.0,144.96,2.0,30.390658482105675,-6.2165915699917775,30.390658482105675,-6.2165915699917775,1.7551046072686245,0.1468942733068621,0.0013642291787247123
3625.0,145.0,2.0,30.36625211968366,-6.347412877545254,30.36625211968366,-6.347412877545254,1.7599857828637042,0.1468942733068621,0.0013642291787247123
3626.0,145.04,2.0,30.341207103121043,-6.4781138029782,30.341207103121043,-6.4781138029782,1.764866958458784,0.1468942733068621,0.0013642291787247123
3627.0,145.08,2.0,30.315524026209545,-6.608691228079161,30.315524026209545,-6.608691228079161,1.7697481340538637,0.1468942733068621,0.0013642291787247123
3628.0,145.12,2.0,30.28920349796736,-6.739142037565692,30.28920349796736,-6.739142037565692,1.7746293096489434,0.1468942733068621,0.0013642291787247123
3629.0,145.16,2.0,30.262246142624633,-6.869463119158712,30.262246142624633,-6.869463119158712,1.7795104852440236,0.1468942733068621,0.0013642291787247123
3630.0,145.20000000000002,2.0,30.234652599608655,-6.999651363656804,30.234652599608655,-6.999651363656804,1.7843916608391033,0.1468942733068621,0.0013642291787247123
3631.0,145.24,2.0,30.206423523528724,-7.129703665010419,30.206423523528724,-7.129703665010419,1.7892728364341828,0.1468942733068621,0.0013642291787247123
3632.0,145.28,2.0,30.177559584160598,-7.2596169203960255,30.177559584160598,-7.2596169203960255,1.794154012029263,0.1468942733068621,0.0013642291787247123
3633.0,145.32,2.0,30.14806146643057,-7.389388030290175,30.14806146643057,-7.389388030290175,1.7990351876243427,0.1468942733068621,0.0013642291787247123
3634.0,145.36,2.0,30.117929870399216,-7.519013898543484,30.117929870399216,-7.519013898543484,1.8039163632194228,0.1468942733068621,0.0013642291787247123
3635.0,145.4,2.0,30.08716551124482,-7.648491432454543,30.08716551124482,-7.648491432454543,1.8087975388145026,0.1468942733068621,0.0013642291787247123
3636.0,145.44,2.0,30.0557691192463,-7.777817542843737,30.0557691192463,-7.777817542843737,1.8136787144095823,0.1468942733068621,0.0013642291787247123
3637.0,145.48,2.0,30.02374143976595,-7.906989144126991,30.02374143976595,-7.906989144126991,1.818559890004662,0.1468942733068621,0.0013642291787247123
3638.0,145.52,2.0,29.991083233231706,-8.036003154389423,29.991083233231706,-8.036003154389423,1.823441065599742,0.1468942733068621,0.0013642291787247123
3639.0,145.56,2.0,29.957795275119054,-8.16485649545892,29.957795275119054,-8.16485649545892,1.8283222411948217,0.1468942733068621,0.0013642291787247123
3640.0,145.6,2.0,29.923878355932658,-8.2935460929796,29.923878355932658,-8.2935460929796,1.8332034167899014,0.1468942733068621,0.0013642291787247123
3641.0,145.64000000000001,2.0,29.889333281187525,-8.422068876485213,29.889333281187525,-8.422068876485213,1.8380845923849816,0.1468942733068621,0.0013642291787247123
3642.0,145.68,2.0,29.85416087138991,-8.55042177947244,29.85416087138991,-8.55042177947244,1.8429657679800613,0.1468942733068621,0.0013642291787247123
3643.0,145.72,2.0,29.818361962017796,-8.678601739474086,29.818361962017796,-8.678601739474086,1.847846943575141,0.1468942733068621,0.0013642291787247123
3644.0,145.76,2.0,29.781937403501058,-8.806605698132186,29.781937403501058,-8.806605698132186,1.8527281191702207,0.1468942733068621,0.0013642291787247123
3645.0,145.8,2.0,29.74488806120119,-8.934430601271025,29.74488806120119,-8.934430601271025,1.857609294765301,0.1468942733068621,0.0013642291787247123
3646.0,145.84,2.0,29.707214815390834,-9.062073398970032,29.707214815390834,-9.062073398970032,1.8624904703603804,0.1468942733068621,0.0013642291787247123
3647.0,145.88,2.0,29.668918561232772,-9.189531045636603,29.668918561232772,-9.189531045636603,1.8673716459554606,0.1468942733068621,0.0013642291787247123
3648.0,145.92000000000002,2.0,29.63000020875868,-9.31680050007878,29.63000020875868,-9.31680050007878,1.8722528215505403,0.1468942733068621,0.0013642291787247123
3649.0,145.96,2.0,29.590460682847475,-9.443878725577893,29.590460682847475,-9.443878725577893,1.87713399714562,0.1468942733068621,0.0013642291787247123
3650.0,146.0,2.0,29.550300923203366,-9.570762689961006,29.550300923203366,-9.570762689961006,1.8820151727406997,0.1468942733068621,0.0013642291787247123
3651.0,146.04,2.0,29.50952188433347,-9.697449365673343,29.50952188433347,-9.697449365673343,1.88689634833578,0.1468942733068621,0.0013642291787247123
3652.0,146.08,2.0,29.468124535525096,-9.823935729850536,29.468124535525096,-9.823935729850536,1.8917775239308596,0.1468942733068621,0.0013642291787247123
3653.0,146.12,2.0,29.42610986082276,-9.950218764390803,29.42610986082276,-9.950218764390803,1.8966586995259394,0.1468942733068621,0.0013642291787247123
3654.0,146.16,2.0,29.383478859004736,-10.076295456027,29.383478859004736,-10.076295456027,1.9015398751210193,0.1468942733068621,0.0013642291787247123
3655.0,146.20000000000002,2.0,29.340232543559296,-10.202162796398543,29.340232543559296,-10.202162796398543,1.906421050716099,0.1468942733068621,0.0013642291787247123
3656.0,146.24,2.0,29.296371942660635,-10.327817782123251,29.296371942660635,-10.327817782123251,1.9113022263111787,0.1468942733068621,0.0013642291787247123
3657.0,146.28,2.0,29.25189809914439,-10.453257414869018,29.25189809914439,-10.453257414869018,1.9161834019062585,0.1468942733068621,0.0013642291787247123
3658.0,146.32,2.0,29.20681207048284,-10.57847870142542,29.20681207048284,-10.57847870142542,1.9210645775013386,0.1468942733068621,0.0013642291787247123
3659.0,146.36,2.0,29.16111492875975,-10.703478653775154,29.16111492875975,-10.703478653775154,1.9259457530964184,0.1468942733068621,0.0013642291787247123
3660.0,146.4,2.0,29.11480776064487,-10.828254289165384,29.11480776064487,-10.828254289165384,1.9308269286914985,0.1468942733068621,0.0013642291787247123
3661.0,146.44,2.0,29.067891667368066,-10.952802630178951,29.067891667368066,-10.952802630178951,1.935708104286578,0.1468942733068621,0.0013642291787247123
3662.0,146.48,2.0,29.020367764693145,-11.07712070480545,29.020367764693145,-11.07712070480545,1.940589279881658,0.1468942733068621,0.0013642291787247123
3663.0,146.52,2.0,28.972237182891284,-11.201205546512188,28.972237182891284,-11.201205546512188,1.945470455476738,0.1468942733068621,0.0013642291787247123
3664.0,146.56,2.0,28.923501066714135,-11.325054194315005,28.923501066714135,-11.325054194315005,1.9503516310718176,0.1468942733068621,0.0013642291787247123
3665.0,146.6,2.0,28.87416057536661,-11.448663692848971,28.87416057536661,-11.448663692848971,1.9552328066668974,0.1468942733068621,0.0013642291787247123
3666.0,146.64000000000001,2.0,28.82421688247925,-11.572031092438937,28.82421688247925,-11.572031092438937,1.9601139822619775,0.1468942733068621,0.0013642291787247123
3667.0,146.68,2.0,28.773671176080352,-11.695153449169965,28.773671176080352,-11.695153449169965,1.9649951578570573,0.1468942733068621,0.0013642291787247123
3668.0,146.72,2.0,28.72252465856763,-11.818027824957612,28.72252465856763,-11.818027824957612,1.9698763334521374,0.1468942733068621,0.0013642291787247123
3669.0,146.76,2.0,28.670778546679678,-11.940651287618067,28.670778546679678,-11.940651287618067,1.9747575090472171,0.1468942733068621,0.0013642291787247123
3670.0,146.8,2.0,28.61843407146692,-12.063020910938175,28.61843407146692,-12.063020910938175,1.9796386846422973,0.1468942733068621,0.0013642291787247123
3671.0,146.84,2.0,28.56549247826236,-12.18513377474528,28.56549247826236,-12.18513377474528,1.984519860237377,0.1468942733068621,0.0013642291787247123
3672.0,146.88,2.0,28.511955026651968,-12.306986964976963,28.511955026651968,-12.306986964976963,1.9894010358324568,0.1468942733068621,0.0013642291787247123
3673.0,146.92000000000002,2.0,28.457822990444622,-12.428577573750609,28.457822990444622,-12.428577573750609,1.994282211427537,0.1468942733068621,0.0013642291787247123
3674.0,146.96,2.0,28.403097657641837,-12.549902699432836,28.403097657641837,-12.549902699432836,1.9991633870226166,0.1468942733068621,0.0013642291787247123
3675.0,147.0,2.0,28.347780330407097,-12.67095944670877,28.347780330407097,-12.67095944670877,2.004044562617697,0.1468942733068621,0.0013642291787247123
3676.0,147.04,2.0,28.29187232503484,-12.791744926651178,28.29187232503484,-12.791744926651178,2.0089257382127768,0.1468942733068621,0.0013642291787247123
3677.0,147.08,2.0,28.23537497191914,-12.912256256789448,28.23537497191914,-12.912256256789448,2.0138069138078567,0.1468942733068621,0.0013642291787247123
3678.0,147.12,2.0,28.17828961552201,-13.032490561178397,28.17828961552201,-13.032490561178397,2.0186880894029366,0.1468942733068621,0.0013642291787247123
3679.0,147.16,2.0,28.12061761434141,-13.152444970466956,28.12061761434141,-13.152444970466956,2.0235692649980166,0.1468942733068621,0.0013642291787247123
3680.0,147.20000000000002,2.0,28.062360340878904,-13.272116621966669,28.062360340878904,-13.272116621966669,2.0284504405930965,0.1468942733068621,0.0013642291787247123
3681.0,147.24,2.0,28.003519181606965,-13.391502659720047,28.003519181606965,-13.391502659720047,2.0333316161881765,0.1468942733068621,0.0013642291787247123
3682.0,147.28,2.0,27.944095536935965,-13.510600234568756,27.944095536935965,-13.510600234568756,2.0382127917832564,0.1468942733068621,0.0013642291787247123
3683.0,147.32,2.0,27.88409082118084,-13.629406504221652,27.88409082118084,-13.629406504221652,2.0430939673783364,0.1468942733068621,0.0013642291787247123
3684.0,147.36,2.0,27.823506462527412,-13.747918633322646,27.823506462527412,-13.747918633322646,2.0479751429734163,0.1468942733068621,0.0013642291787247123
3685.0,147.4,2.0,27.76234390299836,-13.866133793518395,27.76234390299836,-13.866133793518395,2.0528563185684963,0.1468942733068621,0.0013642291787247123
3686.0,147.44,2.0,27.70060459841889,-13.984049163525857,27.70060459841889,-13.984049163525857,2.057737494163576,0.1468942733068621,0.0013642291787247123
3687.0,147.48,2.0,27.638290018382083,-14.101661929199622,27.638290018382083,-14.101661929199622,2.062618669758656,0.1468942733068621,0.0013642291787247123
3688.0,147.52,2.0,27.575401646213873,-14.21896928359914,27.575401646213873,-14.21896928359914,2.067499845353736,0.1468942733068621,0.0013642291787247123
3689.0,147.56,2.0,27.51194097893772,-14.335968427055736,27.51194097893772,-14.335968427055736,2.072381020948816,0.13808789329452864,0.001318828080305242
3690.0,147.6,2.0,27.44771100367685,-14.452947552086178,27.44771100367685,-14.452947552086178,2.0772640125878326,0.12928151328219523,0.0012734269818857717
3691.0,147.64000000000001,2.0,27.38271163089369,-14.569902766446631,27.38271163089369,-14.569902766446631,2.082148820270786,0.12047513326986174,0.0012280258834663014
3692.0,147.68,2.0,27.317424865349988,-14.686644070383625,27.317424865349988,-14.686644070383625,2.086942791248409,0.11189230968497674,0.0012156281759562945
3693.0,147.72,2.0,27.250758026400927,-14.805466702530822,27.250758026400927,-14.805466702530822,2.0919936763652043,0.11412255088180916,0.0028732646983450046
3694.0,147.76,2.0,27.183567789510608,-14.923887055456484,27.183567789510608,-14.923887055456484,2.096978256021104,0.11635279207864162,0.004530901220733715
3695.0,147.8,2.0,27.115862780374265,-15.041907379198411,27.115862780374265,-15.041907379198411,2.1018965302161075,0.11858303327547404,0.006188537743122424
3696.0,147.84,2.0,27.047651603427333,-15.15952997995799,27.047651603427333,-15.15952997995799,2.1067484989502154,0.1208132744723065,0.007846174265511135
3697.0,147.88,2.0,26.97894284154274,-15.276757219974945,26.97894284154274,-15.276757219974945,2.1115341622234287,0.12304351566913892,0.009503810787899844
3698.0,147.92000000000002,2.0,26.90974505572885,-15.393591517400576,26.90974505572885,-15.393591517400576,2.1162535200357455,0.12527375686597136,0.011161447310288553
3699.0,147.96,2.0,26.841882444788332,-15.507054205523692,26.841882444788332,-15.507054205523692,2.122281601393095,0.12353586475388238,0.01873129135509861
3700.0,148.0,2.0,26.77276408418327,-15.620002374971204,26.77276408418327,-15.620002374971204,2.128403290899073,0.1219256990753077,0.02625303097436
3701.0,148.04,2.0,26.703098700543272,-15.732312880410547,26.703098700543272,-15.732312880410547,2.134697087422074,0.120315533396733,0.033774770593621384
3702.0,148.08,2.0,26.632870461636468,-15.843969245638831,26.632870461636468,-15.843969245638831,2.1411629909620986,0.11870536771815829,0.04129651021288277
3703.0,148.12,2.0,26.562063875973116,-15.954954566940648,26.562063875973116,-15.954954566940648,2.1478010015191464,0.1170952020395836,0.04881824983214415
3704.0,148.16,2.0,26.49162799702638,-16.063320572338235,26.49162799702638,-16.063320572338235,2.153205225909928,0.11809684296973769,0.05465466511738095
3705.0,148.20000000000002,2.0,26.423004500216972,-16.173810606752046,26.423004500216972,-16.173810606752046,2.158487870162129,0.11777330547913538,0.05953528645083399
3706.0,148.24,2.0,26.350927514830783,-16.284709057630558,26.350927514830783,-16.284709057630558,2.163952347932898,0.12016343924129669,0.06422040968803436
3707.0,148.28,2.0,26.278425109580667,-16.394960367736765,26.278425109580667,-16.394960367736765,2.1694949597128423,0.122553573003458,0.06890553292523476
3708.0,148.32,1.0,26.20356798407828,-16.50360590847327,26.20356798407828,-16.50360590847327,2.174622095894308,0.1208461735885646,0.0717690129395315
3709.0,148.36,0.0,26.128422554460407,-16.61322455862561,26.128422554460407,-16.61322455862561,2.1798730388139527,0.12814118291546306,0.07454130837289709
3710.0,148.4,0.0,26.05318453615697,-16.72177796049919,26.05318453615697,-16.72177796049919,2.185132897397094,0.13543619224236153,0.07731360380626268
3711.0,148.44,0.0,25.976887265448674,-16.828802660880633,25.976887265448674,-16.828802660880633,2.19000359535085,0.14395489676706816,0.07799030431826946
3712.0,148.48,0.0,25.898526002688065,-16.934534072187013,25.898526002688065,-16.934534072187013,2.1947046619253006,0.15202394068290642,0.07832705022102106
3713.0,148.52,1.0,25.825496477944956,-17.039362168617505,25.825496477944956,-17.039362168617505,2.1990205250208423,0.1479940006791607,0.07664696333512924
3714.0,148.56,1.0,25.751249969469164,-17.143651514203544,25.751249969469164,-17.143651514203544,2.2032087505952833,0.14049158246777801,0.07495668414511977
3715.0,148.6,0.0,25.676628492979034,-17.247495435393155,25.676628492979034,-17.247495435393155,2.2073718867535477,0.13298916425639531,0.07326640495511033
3716.0,148.64000000000001,0.0,25.60206340417028,-17.35136766335411,25.60206340417028,-17.35136766335411,2.211286362621634,0.12231992711088857,0.07111906313544222
3717.0,148.68,1.0,25.52897901347237,-17.456041278029666,25.52897901347237,-17.456041278029666,2.2150384714990246,0.11061501273096205,0.06890934166910592
3718.0,148.72,0.0,25.453865058096067,-17.557156618543466,25.453865058096067,-17.557156618543466,2.218658390377482,0.0974201285164651,0.06671434996961875
3719.0,148.76,0.0,25.376410844685285,-17.661071188267577,25.376410844685285,-17.661071188267577,2.2207247724754913,0.08636953325618812,0.058934125865997465
3720.0,148.8,1.0,25.298537574998516,-17.765236972611504,25.298537574998516,-17.765236972611504,2.222512488896946,0.07574215649889791,0.051048633736670276
3721.0,148.84,1.0,25.220503373052622,-17.86929998840753,25.220503373052622,-17.86929998840753,2.223924948187089,0.06274887530186431,0.043263591067622544
3722.0,148.88,1.0,25.14123355957519,-17.973929916071658,25.14123355957519,-17.973929916071658,2.2248520741362325,0.0468017355068025,0.03591091807157473
3723.0,148.92000000000002,0.0,25.061741414020716,-18.078647703274974,25.061741414020716,-18.078647703274974,2.225440796886527,0.030854595711740696,0.02855824507552692
3724.0,148.96,0.0,24.97873488900784,-18.186717481221617,24.97873488900784,-18.186717481221617,2.227100739359515,0.010541048691356381,0.02271760448491067
3725.0,149.0,1.0,24.89516019293586,-18.291245240659492,24.89516019293586,-18.291245240659492,2.228705697515223,-0.01060899656693166,0.01778330777791625
3726.0,149.04,1.0,24.814129122512497,-18.393928783904897,24.814129122512497,-18.393928783904897,2.2298821856642195,-0.0315949000654933,0.013275881709730628
3727.0,149.08,1.0,24.733834679221452,-18.495868816213093,24.733834679221452,-18.495868816213093,2.2307990388581294,-0.05575284409759953,0.008427367149063633
3728.0,149.12,0.0,24.65519718894145,-18.59889643727992,24.65519718894145,-18.59889643727992,2.2319603232605236,-0.07581325495265104,0.005400495811300271
3729.0,149.16,1.0,24.576170500972772,-18.700443453185592,24.576170500972772,-18.700443453185592,2.2328267565347426,-0.09606969453716095,0.002510210152887537
3730.0,149.20000000000002,1.0,24.495361902930714,-18.803460895125824,24.495361902930714,-18.803460895125824,2.2335445317708613,-0.11955617828042683,-0.0003872805236136062
3731.0,149.24,0.0,24.41631600652941,-18.910552491234665,24.41631600652941,-18.910552491234665,2.2359033926515104,-0.14058127291707626,-0.004544789097702583
3732.0,149.28,0.0,24.338444351904162,-19.017999787285643,24.338444351904162,-19.017999787285643,2.238485613538835,-0.16138026337230565,-0.008395346453445853
3733.0,149.32,1.0,24.25545246105645,-19.123113294732846,24.25545246105645,-19.123113294732846,2.2411590156879355,-0.18089333468966856,-0.011899105250444412
3734.0,149.36,1.0,24.173040997160122,-19.228007799244306,24.173040997160122,-19.228007799244306,2.243989252741072,-0.19693392779939453,-0.015392671743325342
3735.0,149.4,1.0,24.090367981287528,-19.332583485023243,24.090367981287528,-19.332583485023243,2.2468737765933207,-0.2129745209091205,-0.01888623823620627
3736.0,149.44,0.0,24.006294025560077,-19.44043556537511,24.006294025560077,-19.44043556537511,2.2501716857129694,-0.2092738639100275,-0.02158629341772496
3737.0,149.48,0.0,23.919298573232226,-19.546981094408657,23.919298573232226,-19.546981094408657,2.253417344239462,-0.20524139423275184,-0.024207974404877493
3738.0,149.52,0.0,23.833326509461255,-19.655636561040822,23.833326509461255,-19.655636561040822,2.2568320930404355,-0.19700054916309923,-0.026825000565916135
3739.0,149.56,1.0,23.745995084128808,-19.761253335884525,23.745995084128808,-19.761253335884525,2.260397345564266,-0.1870695999291277,-0.029642020303957423
3740.0,149.6,0.0,23.65994890950875,-19.86786324442293,23.65994890950875,-19.86786324442293,2.26392360995378,-0.17846418871327638,-0.03227522123396136
3741.0,149.64000000000001,0.0,23.57449706115727,-19.97323028591631,23.57449706115727,-19.97323028591631,2.2675236327890262,-0.1664737343977597,-0.03471594979558011
3742.0,149.68,0.0,23.48985400141209,-20.0778154645814,23.48985400141209,-20.0778154645814,2.271259954316006,-0.15171802993895997,-0.037456748148142274
3743.0,149.72,0.0,23.405722223870974,-20.18103322180907,23.405722223870974,-20.18103322180907,2.2750367317172384,-0.13655032908523584,-0.039979949921690176
3744.0,149.76,0.0,23.323474179527523,-20.285192831714163,23.323474179527523,-20.285192831714163,2.278903093178786,-0.12000165497926811,-0.04199219470222937
3745.0,149.8,1.0,23.240085187871195,-20.388522775180064,23.240085187871195,-20.388522775180064,2.2828041178881238,-0.10123544644941143,-0.04388008872998282
3746.0,149.84,0.0,23.155378874428074,-20.495366138046762,23.155378874428074,-20.495366138046762,2.2869973056917967,-0.08634865376707745,-0.045579404407554654
3747.0,149.88,1.0,23.06783901337471,-20.602612645274753,23.06783901337471,-20.602612645274753,2.2913092870531298,-0.06768725080313955,-0.046615295059219145
3748.0,149.92000000000002,1.0,22.978339739985067,-20.70957593534676,22.978339739985067,-20.70957593534676,2.2958705706823266,-0.05132263673375028,-0.04738512996171622
3749.0,149.96,1.0,22.886561529665034,-20.81851086038214,22.886561529665034,-20.81851086038214,2.3008840657517107,-0.03626885275830281,-0.04760690246914241
3750.0,150.0,1.0,22.79516474557023,-20.9255274698555,22.79516474557023,-20.9255274698555,2.3060623823362087,-0.016078402495542897,-0.047634897844227954
3751.0,150.04,1.0,22.701502803191236,-21.027879314667906,22.701502803191236,-21.027879314667906,2.310191764762878,0.00026865137119290726,-0.04379307367144087
3752.0,150.08,1.0,22.606957874938466,-21.12999680276033,22.606957874938466,-21.12999680276033,2.314347634058593,0.017371050583246672,-0.04019436508924083
3753.0,150.12,1.0,22.511327605093058,-21.231001096896968,22.511327605093058,-21.231001096896968,2.3187152873270116,0.03324043568657771,-0.036093399935600054
3754.0,150.16,1.0,22.413630012260995,-21.336922426086726,22.413630012260995,-21.336922426086726,2.323287787445168,0.048809435611996375,-0.031731179709178894
3755.0,150.20000000000002,1.0,22.315470178389564,-21.436826156188904,22.315470178389564,-21.436826156188904,2.32788011267652,0.06419940319755349,-0.02731164977090118
3756.0,150.24,0.0,22.216696654096005,-21.536399088812423,22.216696654096005,-21.536399088812423,2.3323585795412916,0.06283818725886128,-0.02303458102176866
3757.0,150.28,1.0,22.118469035798757,-21.63222314134618,22.118469035798757,-21.63222314134618,2.337127672941574,0.0632703326900205,-0.018655374417478703
3758.0,150.32,1.0,22.020704049743223,-21.730723183963477,22.020704049743223,-21.730723183963477,2.341810413403165,0.06079339659549264,-0.014183192090305507
3759.0,150.36,0.0,21.92459908842273,-21.83045502751562,21.92459908842273,-21.83045502751562,2.3465891126650984,0.05960456840219205,-0.009728604046267113
3760.0,150.4,1.0,21.82731610687542,-21.928690530360896,21.82731610687542,-21.928690530360896,2.3515369106946773,0.05954449004536849,-0.0051580388003927315
3761.0,150.44,0.0,21.728957632204466,-22.0278102002818,21.728957632204466,-22.0278102002818,2.3565317685009814,0.05892139769367849,-0.0009155740328243682
3762.0,150.48,1.0,21.629807256283854,-22.129382911355872,21.629807256283854,-22.129382911355872,2.3616215704335017,0.05860077042621126,0.0031486174802958207
3763.0,150.52,1.0,21.529488495619553,-22.229597904718467,21.529488495619553,-22.229597904718467,2.3667272032719304,0.05800070164869235,0.0070603241130065015
3764.0,150.56,1.0,21.427745661185973,-22.32796750594718,21.427745661185973,-22.32796750594718,2.3717878744494336,0.05772811574278765,0.010561865713627919
3765.0,150.6,1.0,21.323647163161368,-22.424843151466664,21.323647163161368,-22.424843151466664,2.376930260973628,0.05745296089689983,0.014010023875231911
3766.0,150.64000000000001,1.0,21.2201477132425,-22.51888315000635,21.2201477132425,-22.51888315000635,2.3819265648877685,0.058079312698720374,0.01695921507737582
3767.0,150.68,1.0,21.118773594833602,-22.611129407122533,21.118773594833602,-22.611129407122533,2.386952528071666,0.05841304245131536,0.019555334273482734
3768.0,150.72,1.0,21.016930659213482,-22.70286982542043,21.016930659213482,-22.70286982542043,2.391951305673301,0.06218314224060304,0.021874894118125064
3769.0,150.76,0.0,20.91648052795326,-22.791751300222646,20.91648052795326,-22.791751300222646,2.3966453532993355,0.06726407212383251,0.023646391567696507
3770.0,150.8,1.0,20.815149512093452,-22.879449294683113,20.815149512093452,-22.879449294683113,2.4013857973106516,0.06945657778067928,0.02488857179026332
3771.0,150.84,1.0,20.716657467188536,-22.965331488559123,20.716657467188536,-22.965331488559123,2.4060026775275043,0.07119586088126766,0.025446973980357602
3772.0,150.88,1.0,20.614902997184238,-23.052621184277235,20.614902997184238,-23.052621184277235,2.410605470822006,0.07172309894209808,0.0260582357145559
3773.0,150.92000000000002,1.0,20.51646482255726,-23.13878346138242,20.51646482255726,-23.13878346138242,2.415095709222808,0.07331301867081344,0.025974845792820965
3774.0,150.96,1.0,20.417047138504557,-23.221133365374214,20.417047138504557,-23.221133365374214,2.4194017195630537,0.07549937875943648,0.025430909319180295
3775.0,151.0,1.0,20.31918255822702,-23.308607296494866,20.31918255822702,-23.308607296494866,2.4236954825410635,0.07759766587861525,0.02460791483233264
3776.0,151.04,1.0,20.22070131984423,-23.393906416855035,20.22070131984423,-23.393906416855035,2.4280932587748776,0.07994482490709834,0.02331504064102601
3777.0,151.08,0.0,20.121810870224262,-23.48140558362742,20.121810870224262,-23.48140558362742,2.43246250471037,0.08050853372149272,0.021578835696884974
3778.0,151.12,0.0,20.022216160947796,-23.56731109684799,20.022216160947796,-23.56731109684799,2.437142048097349,0.08104752580486536,0.019358555703522115
3779.0,151.16,1.0,19.920332283070255,-23.653023380371764,19.920332283070255,-23.653023380371764,2.4417570533137747,0.07908675121745298,0.016621560652254237
3780.0,151.20000000000002,1.0,19.81825348976691,-23.73552171403266,19.81825348976691,-23.73552171403266,2.4468226528087738,0.07557374947752378,0.01330935968588095
3781.0,151.24,1.0,19.715045551188524,-23.81721558681118,19.715045551188524,-23.81721558681118,2.4518443013274407,0.06942202498959418,0.009592724235979677
3782.0,151.28,1.0,19.61138089382963,-23.891455127965898,19.61138089382963,-23.891455127965898,2.457763394367805,0.061873812421733856,0.0055116379086003866
3783.0,151.32,1.0,19.504680066766607,-23.965277759910833,19.504680066766607,-23.965277759910833,2.46358017541393,0.051776734472319265,0.0009982836902491532
3784.0,151.36,1.0,19.397096863113244,-24.03211686615088,19.397096863113244,-24.03211686615088,2.471232989084954,0.041122693478904127,-0.0037218209870443974
3785.0,151.4,1.0,19.287746819800148,-24.09580178545974,19.287746819800148,-24.09580178545974,2.478585793922128,0.028987507375540934,-0.00864512986832619
3786.0,151.44,1.0,19.173723421360695,-24.1481984599533,19.173723421360695,-24.1481984599533,2.489546595653195,0.015511186503501218,-0.013780654532316403
3787.0,151.48,1.0,19.057167653217586,-24.191070616270512,19.057167653217586,-24.191070616270512,2.4999729983156547,0.00046365910506479535,-0.0189293941346175
3788.0,151.52,1.0,18.930882186665748,-24.2078527335833,18.930882186665748,-24.2078527335833,2.517617154145227,-0.01675520565826888,-0.024240119576340514
3789.0,151.56,1.0,18.802333508909562,-24.206858401314925,18.802333508909562,-24.206858401314925,2.5344110738900274,-0.03465700430838525,-0.029160679047285032
3790.0,151.6,1.0,18.586572324983273,-23.951856066721916,18.586572324983273,-23.951856066721916,2.559917578159272,-0.04728350826716262,-0.032354169598591866
3791.0,151.64000000000001,1.0,18.36738156089211,-23.69578919427025,18.36738156089211,-23.69578919427025,2.585287563285966,-0.05929847757808217,-0.03537808884635212
3792.0,151.68,1.0,18.150622395565996,-23.434667950501414,18.150622395565996,-23.434667950501414,2.610626980508167,-0.07085674719456171,-0.03821175204762937
3793.0,151.72,1.0,17.926820294419947,-23.171557464499806,17.926820294419947,-23.171557464499806,2.6365475646528576,-0.0825627364828174,-0.04014737375161642
3794.0,151.76,1.0,17.81606137569998,-23.25509876285913,17.81606137569998,-23.25509876285913,2.640468521781005,-0.08596628822547675,-0.04092426625848786
3795.0,151.8,1.0,17.477469325154807,-22.636941604237865,17.477469325154807,-22.636941604237865,2.688530253892621,-0.09923005994652645,-0.04187171650625089
3796.0,151.84,1.0,17.367518959379616,-22.714883335370672,17.367518959379616,-22.714883335370672,2.6922079870628943,-0.1036001393430813,-0.04175033901940421
3797.0,151.88,1.0,17.25985915198934,-22.791273631151302,17.25985915198934,-22.791273631151302,2.699116436575631,-0.11097531780656485,-0.041549602871049425
3798.0,151.92000000000002,1.0,17.151341950509124,-22.86582438608325,17.151341950509124,-22.86582438608325,2.7058057316000452,-0.1181351035711459,-0.04097715198931906
3799.0,151.96,0.0,17.043238554319913,-22.940339244059523,17.043238554319913,-22.940339244059523,2.7125333003463528,-0.12394949037578681,-0.039997373307833484
3800.0,152.0,0.0,16.93433234044527,-23.016216329210966,16.93433234044527,-23.016216329210966,2.7188406065478077,-0.12856580678276872,-0.03858881226986126
3801.0,152.04,0.0,16.82519359622087,-23.09136901595295,16.82519359622087,-23.09136901595295,2.725249580456551,-0.13099952510680576,-0.03674063809871965
3802.0,152.08,1.0,16.715756898884884,-23.16975441267764,16.715756898884884,-23.16975441267764,2.7308184781887457,-0.1321506119803897,-0.03448203967770837
3803.0,152.12,1.0,16.60829248296695,-23.249217768988935,16.60829248296695,-23.249217768988935,2.7365750821559702,-0.13088538835729208,-0.0318562850643299
3804.0,152.16,1.0,16.497966572548428,-23.335403144843568,16.497966572548428,-23.335403144843568,2.7413001595716056,-0.11826422140072726,-0.027889533851092108
3805.0,152.20000000000002,1.0,16.38894740110007,-23.42529218015388,16.38894740110007,-23.42529218015388,2.746305816874794,-0.10404817473349573,-0.023726777218233377
3806.0,152.24,0.0,16.284339456274836,-23.523671198994798,16.284339456274836,-23.523671198994798,2.747743780305629,-0.08784456967601592,-0.019216884678762425
3807.0,152.28,0.0,16.180314064648208,-23.631785194871142,16.180314064648208,-23.631785194871142,2.7496451195704323,-0.07029619407799098,-0.014655882497750013
3808.0,152.32,0.0,16.086716741596014,-23.764654992060393,16.086716741596014,-23.764654992060393,2.744184074643978,-0.051442898540089134,-0.009894438846427777
3809.0,152.36,0.0,15.99342365340308,-23.914431112254157,15.99342365340308,-23.914431112254157,2.739709620452075,-0.026150138220654186,-0.006117786099411636
3810.0,152.4,0.0,15.986854685171215,-24.318207820650404,15.986854685171215,-24.318207820650404,2.726447573205819,-0.0051508704947320185,-0.0037254571592808027
3811.0,152.44,0.0,15.979589051378673,-24.724266515823608,15.979589051378673,-24.724266515823608,2.713239085035141,0.015848397231190147,-0.0013331282191499695
3812.0,152.48,0.0,15.971609346422309,-25.132598903272175,15.971609346422309,-25.132598903272175,2.7000841559400404,0.036847664957112315,0.0010592007209808633
3813.0,152.52,1.0,15.966018608269612,-25.54354049304271,15.966018608269612,-25.54354049304271,2.686284221961224,0.05816498479564841,0.002745883248314021
3814.0,152.56,1.0,15.84801341187062,-25.605091912787195,15.84801341187062,-25.605091912787195,2.6944986873275485,0.07088381190659289,0.0034731280576568964
3815.0,152.6,1.0,15.95433732173278,-26.36758861378386,15.95433732173278,-26.36758861378386,2.658600191077223,0.09372996430523352,0.004592678909241818
3816.0,152.64000000000001,1.0,15.83154985184693,-26.43075683774565,15.83154985184693,-26.43075683774565,2.666995402402506,0.10761030481962944,0.004919294238117604
3817.0,152.68,1.0,15.704736523694843,-26.495080508289494,15.704736523694843,-26.495080508289494,2.672177007232703,0.12518969780142833,0.0054917492554642745
3818.0,152.72,2.0,15.576994286531194,-26.559140250802926,15.576994286531194,-26.559140250802926,2.677381510263593,0.14276909078322722,0.006064204272810946
3819.0,152.76,2.0,15.448322642798294,-26.622928983037685,15.448322642798294,-26.622928983037685,2.682608911495178,0.16034848376502608,0.0066366592901576146
3820.0,152.8,2.0,15.318721140856411,-26.6864396125116,15.318721140856411,-26.6864396125116,2.6878592109274564,0.17792787674682495,0.007209114307504287
3821.0,152.84,2.0,15.188189375068072,-26.749665036783757,15.188189375068072,-26.749665036783757,2.6931324085604285,0.19550726972862384,0.007781569324850958
3822.0,152.88,2.0,15.056726985880806,-26.812598143730156,15.056726985880806,-26.812598143730156,2.6984285043940948,0.21308666271042273,0.00835402434219763
3823.0,152.92000000000002,2.0,14.92433365990828,-26.87523181181996,14.92433365990828,-26.87523181181996,2.703747498428455,0.2306660556922216,0.008926479359544298
3824.0,152.96,2.0,14.794929961249974,-26.935334484973122,14.794929961249974,-26.935334484973122,2.7083782134735053,0.2374926128772897,0.00843718820364755
3825.0,153.0,2.0,14.664814936101456,-26.995649347553933,14.664814936101456,-26.995649347553933,2.7130868263660486,0.24415214663639348,0.007933578586511723
3826.0,153.04,2.0,14.533180859536614,-27.056524035183777,14.533180859536614,-27.056524035183777,2.7178539752807334,0.2502653529612498,0.007374064912194405
3827.0,153.08,2.0,14.400498882308602,-27.116956605841523,14.400498882308602,-27.116956605841523,2.72272347858837,0.25629504757312394,0.006807392007257546
3828.0,153.12,2.0,14.266864475942308,-27.177001371450416,14.266864475942308,-27.177001371450416,2.727684823664363,0.2620515784678743,0.0062127670737299415
3829.0,153.16,2.0,14.133387374139442,-27.236265487436604,14.133387374139442,-27.236265487436604,2.732531660055802,0.26205157846787425,0.0062127670737299415
3830.0,153.20000000000002,2.0,13.999620661710207,-27.294880840894383,13.999620661710207,-27.294880840894383,2.7373784964472407,0.2620515784678743,0.0062127670737299415
3831.0,153.24,2.0,13.865567500278354,-27.352846013110092,13.865567500278354,-27.352846013110092,2.7422253328386796,0.2620515784678743,0.0062127670737299415
3832.0,153.28,2.0,13.73123105843382,-27.410159600817927,13.73123105843382,-27.410159600817927,2.747072169230118,0.2620515784678743,0.0062127670737299415
3833.0,153.32,2.0,13.596614511657076,-27.466820216234158,13.596614511657076,-27.466820216234158,2.7519190056215574,0.26205157846787425,0.0062127670737299415
3834.0,153.36,2.0,13.461721042243266,-27.522826487091066,13.461721042243266,-27.522826487091066,2.7567658420129963,0.2620515784678743,0.0062127670737299415
3835.0,153.4,2.0,13.326553839226216,-27.578177056670466,13.326553839226216,-27.578177056670466,2.7616126784044353,0.2620515784678743,0.0062127670737299415
3836.0,153.44,2.0,13.19111609830224,-27.63287058383691,13.19111609830224,-27.63287058383691,2.766459514795874,0.2620515784678743,0.0062127670737299415
3837.0,153.48,2.0,13.055411021753823,-27.686905743070422,13.055411021753823,-27.686905743070422,2.771306351187313,0.26205157846787425,0.0062127670737299415
3838.0,153.52,2.0,12.919441818373105,-27.740281224498972,12.919441818373105,-27.740281224498972,2.776153187578752,0.2620515784678743,0.0062127670737299415
3839.0,153.56,2.0,12.78321170338523,-27.79299573393046,12.78321170338523,-27.79299573393046,2.781000023970191,0.2620515784678743,0.0062127670737299415
3840.0,153.6,2.0,12.646723898371526,-27.845047992884435,12.646723898371526,-27.845047992884435,2.7858468603616298,0.2620515784678743,0.0062127670737299415
3841.0,153.64000000000001,2.0,12.509981631192534,-27.89643673862334,12.509981631192534,-27.89643673862334,2.7906936967530687,0.26205157846787425,0.0062127670737299415
3842.0,153.68,2.0,12.372988135910877,-27.947160724183448,12.372988135910877,-27.947160724183448,2.795540533144508,0.2620515784678743,0.0062127670737299415
3843.0,153.72,2.0,12.235746652713981,-27.997218718405378,12.235746652713981,-27.997218718405378,2.8003873695359465,0.2620515784678743,0.0062127670737299415
3844.0,153.76,2.0,12.098260427836642,-28.046609505964245,12.098260427836642,-28.046609505964245,2.8052342059273854,0.2620515784678743,0.0062127670737299415
3845.0,153.8,2.0,11.960532713483452,-28.095331887399443,11.960532713483452,-28.095331887399443,2.8100810423188243,0.26205157846787425,0.0062127670737299415
3846.0,153.84,2.0,11.822566767751066,-28.143384679144013,11.822566767751066,-28.143384679144013,2.814927878710263,0.2620515784678743,0.0062127670737299415
3847.0,153.88,2.0,11.684365854550334,-28.19076671355367,11.684365854550334,-28.19076671355367,2.819774715101702,0.2620515784678743,0.0062127670737299415
3848.0,153.92000000000002,2.0,11.545933243528284,-28.237476838935436,11.545933243528284,-28.237476838935436,2.8246215514931405,0.2620515784678743,0.0062127670737299415
3849.0,153.96,2.0,11.407272209989966,-28.283513919575835,11.407272209989966,-28.283513919575835,2.82946838788458,0.26205157846787425,0.0062127670737299415
3850.0,154.0,2.0,11.268386034820166,-28.328876835768813,11.268386034820166,-28.328876835768813,2.834315224276019,0.2620515784678743,0.0062127670737299415
3851.0,154.04,2.0,11.129278004404956,-28.373564483843165,11.129278004404956,-28.373564483843165,2.8391620606674577,0.2620515784678743,0.0062127670737299415
3852.0,154.08,2.0,10.989951410553141,-28.417575776189636,10.989951410553141,-28.417575776189636,2.8440088970588966,0.2620515784678743,0.0062127670737299415
3853.0,154.12,2.0,10.850409550417549,-28.46090964128764,10.850409550417549,-28.46090964128764,2.8488557334503355,0.26205157846787425,0.0062127670737299415
3854.0,154.16,2.0,10.710655726416196,-28.50356502373155,10.710655726416196,-28.50356502373155,2.8537025698417744,0.2620515784678743,0.0062127670737299415
3855.0,154.20000000000002,2.0,10.570693246153338,-28.545540884256646,10.570693246153338,-28.545540884256646,2.8585494062332133,0.2620515784678743,0.0062127670737299415
3856.0,154.24,2.0,10.430525422340356,-28.58683619976464,10.430525422340356,-28.58683619976464,2.863396242624652,0.2620515784678743,0.0062127670737299415
3857.0,154.28,2.0,10.290155572716552,-28.62744996334883,10.290155572716552,-28.62744996334883,2.868243079016091,0.26205157846787425,0.0062127670737299415
3858.0,154.32,2.0,10.149587019969811,-28.66738118431889,10.149587019969811,-28.66738118431889,2.8730899154075304,0.2620515784678743,0.0062127670737299415
3859.0,154.36,2.0,10.008823091657126,-28.706628888225197,10.008823091657126,-28.706628888225197,2.877936751798969,0.2620515784678743,0.0062127670737299415
3860.0,154.4,2.0,9.867867120125023,-28.74519211688285,9.867867120125023,-28.74519211688285,2.882783588190408,0.2620515784678743,0.0062127670737299415
3861.0,154.44,2.0,9.726722442429857,-28.783069928395253,9.726722442429857,-28.783069928395253,2.8876304245818467,0.26205157846787425,0.0062127670737299415
3862.0,154.48,2.0,9.585392400257982,-28.82026139717729,9.585392400257982,-28.82026139717729,2.8924772609732856,0.2620515784678743,0.0062127670737299415
3863.0,154.52,2.0,9.443880339845837,-28.856765613978173,9.443880339845837,-28.856765613978173,2.8973240973647245,0.2620515784678743,0.0062127670737299415
3864.0,154.56,2.0,9.302189611899886,-28.89258168590384,9.302189611899886,-28.89258168590384,2.902170933756163,0.2620515784678743,0.0062127670737299415
3865.0,154.6,2.0,9.160323571516463,-28.92770873643895,9.160323571516463,-28.92770873643895,2.9070177701476023,0.26205157846787425,0.0062127670737299415
3866.0,154.64000000000001,2.0,9.01828557810151,-28.962145905468578,9.01828557810151,-28.962145905468578,2.9118646065390412,0.2620515784678743,0.0062127670737299415
3867.0,154.68,2.0,8.876078995290204,-28.99589234929938,8.876078995290204,-28.99589234929938,2.91671144293048,0.2620515784678743,0.0062127670737299415
3868.0,154.72,2.0,8.73370719086648,-29.028947240680445,8.73370719086648,-29.028947240680445,2.921558279321919,0.2620515784678743,0.0062127670737299415
3869.0,154.76,2.0,8.59117353668245,-29.061309768823797,8.59117353668245,-29.061309768823797,2.926405115713358,0.26205157846787425,0.0062127670737299415
3870.0,154.8,2.0,8.448481408577724,-29.092979139424358,8.448481408577724,-29.092979139424358,2.931251952104797,0.2620515784678743,0.0062127670737299415
3871.0,154.84,2.0,8.305634186298624,-29.123954574679665,8.305634186298624,-29.123954574679665,2.9360987884962357,0.2620515784678743,0.0062127670737299415
3872.0,154.88,2.0,8.162635253417317,-29.15423531330909,8.162635253417317,-29.15423531330909,2.9409456248876746,0.2620515784678743,0.0062127670737299415
3873.0,154.92000000000002,2.0,8.01948799725084,-29.183820610572713,8.01948799725084,-29.183820610572713,2.9457924612791135,0.26205157846787425,0.0062127670737299415
3874.0,154.96,2.0,7.876195808780027,-29.21270973828977,7.876195808780027,-29.21270973828977,2.950639297670553,0.2620515784678743,0.0062127670737299415
3875.0,155.0,2.0,7.732762082568362,-29.240901984856738,7.732762082568362,-29.240901984856738,2.9554861340619913,0.2620515784678743,0.0062127670737299415
3876.0,155.04,2.0,7.589190216680734,-29.26839665526494,7.589190216680734,-29.26839665526494,2.9603329704534302,0.2620515784678743,0.0062127670737299415
3877.0,155.08,2.0,7.445483612602095,-29.295193071117886,7.445483612602095,-29.295193071117886,2.965179806844869,0.26205157846787425,0.0062127670737299415
3878.0,155.12,2.0,7.301645675156053,-29.32129057064808,7.301645675156053,-29.32129057064808,2.970026643236308,0.2620515784678743,0.0062127670737299415
3879.0,155.16,2.0,7.1576798124233605,-29.346688508733518,7.1576798124233605,-29.346688508733518,2.974873479627747,0.2620515784678743,0.0062127670737299415
3880.0,155.20000000000002,2.0,7.013589435660341,-29.371386256913716,7.013589435660341,-29.371386256913716,2.9797203160191854,0.2620515784678743,0.0062127670737299415
3881.0,155.24,2.0,6.869377959217225,-29.395383203405395,6.869377959217225,-29.395383203405395,2.9845671524106248,0.26205157846787425,0.0062127670737299415
3882.0,155.28,2.0,6.725048800456402,-29.418678753117753,6.725048800456402,-29.418678753117753,2.9894139888020637,0.2620515784678743,0.0062127670737299415
3883.0,155.32,2.0,6.58060537967062,-29.4412723276673,6.58060537967062,-29.4412723276673,2.9942608251935026,0.2620515784678743,0.0062127670737299415
3884.0,155.36,2.0,6.436051120001084,-29.463163365392308,6.436051120001084,-29.463163365392308,2.9991076615849415,0.2620515784678743,0.0062127670737299415
3885.0,155.4,2.0,6.291389447355506,-29.484351321366926,6.291389447355506,-29.484351321366926,3.0039544979763804,0.26205157846787425,0.0062127670737299415
3886.0,155.44,2.0,6.146623790326072,-29.50483566741475,6.146623790326072,-29.50483566741475,3.0088013343678193,0.2620515784678743,0.0062127670737299415
3887.0,155.48,2.0,6.001757580107343,-29.524615892122124,6.001757580107343,-29.524615892122124,3.013648170759258,0.2620515784678743,0.0062127670737299415
3888.0,155.52,2.0,5.856794250414099,-29.543691500850997,5.856794250414099,-29.543691500850997,3.018495007150697,0.2620515784678743,0.0062127670737299415
3889.0,155.56,2.0,5.711737237399105,-29.56206201575131,5.711737237399105,-29.56206201575131,3.023341843542136,0.26205157846787425,0.0062127670737299415
3890.0,155.6,2.0,5.566589979570834,-29.579726975773088,5.566589979570834,-29.579726975773088,3.0281886799335753,0.2620515784678743,0.0062127670737299415
3891.0,155.64000000000001,2.0,5.421355917711112,-29.59668593667804,5.421355917711112,-29.59668593667804,3.033035516325014,0.2620515784678743,0.0062127670737299415
3892.0,155.68,2.0,5.276038494792715,-29.612938471050814,5.276038494792715,-29.612938471050814,3.0378823527164527,0.2620515784678743,0.0062127670737299415
3893.0,155.72,2.0,5.130641155896916,-29.62848416830979,5.130641155896916,-29.62848416830979,3.0427291891078916,0.26205157846787425,0.0062127670737299415
3894.0,155.76,2.0,4.985167348130958,-29.643322634717542,4.985167348130958,-29.643322634717542,3.0475760254993305,0.2620515784678743,0.0062127670737299415
3895.0,155.8,2.0,4.83962052054551,-29.65745349339081,4.83962052054551,-29.65745349339081,3.0524228618907694,0.2620515784678743,0.0062127670737299415
3896.0,155.84,2.0,4.694004124052027,-29.670876384310144,4.694004124052027,-29.670876384310144,3.057269698282208,0.2620515784678743,0.0062127670737299415
3897.0,155.88,2.0,4.548321611340109,-29.68359096432905,4.548321611340109,-29.68359096432905,3.062116534673647,0.26205157846787425,0.0062127670737299415
3898.0,155.92000000000002,2.0,4.4025764367947815,-29.695596907182875,4.4025764367947815,-29.695596907182875,3.066963371065086,0.2620515784678743,0.0062127670737299415
3899.0,155.96,2.0,4.256772056413752,-29.706893903497097,4.256772056413752,-29.706893903497097,3.071810207456525,0.2620515784678743,0.0062127670737299415
3900.0,156.0,2.0,4.110911927724608,-29.717481660795393,4.110911927724608,-29.717481660795393,3.076657043847964,0.2620515784678743,0.0062127670737299415
3901.0,156.04,2.0,3.9649995097019946,-29.727359903507157,3.9649995097019946,-29.727359903507157,3.081503880239403,0.26205157846787425,0.0062127670737299415
3902.0,156.08,2.0,3.819038262684736,-29.736528372974696,3.819038262684736,-29.736528372974696,3.0863507166308417,0.2620515784678743,0.0062127670737299415
3903.0,156.12,2.0,3.673031648292936,-29.744986827459986,3.673031648292936,-29.744986827459986,3.0911975530222806,0.2620515784678743,0.0062127670737299415
3904.0,156.16,2.0,3.5269831293450364,-29.752735042151027,3.5269831293450364,-29.752735042151027,3.0960443894137195,0.2620515784678743,0.0062127670737299415
3905.0,156.20000000000002,2.0,3.3808961697748474,-29.75977280916779,3.3808961697748474,-29.75977280916779,3.1008912258051584,0.26205157846787425,0.0062127670737299415
3906.0,156.24,2.0,3.2347742345485444,-29.76609993756775,3.2347742345485444,-29.76609993756775,3.1057380621965978,0.2620515784678743,0.0062127670737299415
3907.0,156.28,2.0,3.0886207895816464,-29.77171625335103,3.0886207895816464,-29.77171625335103,3.110584898588036,0.2620515784678743,0.0062127670737299415
3908.0,156.32,2.0,2.9424393016559565,-29.776621599465113,2.9424393016559565,-29.776621599465113,3.115431734979475,0.2620515784678743,0.0062127670737299415
3909.0,156.36,2.0,2.79623323833649,-29.780815835809154,2.79623323833649,-29.780815835809154,3.120278571370914,0.26205157846787425,0.0062127670737299415
3910.0,156.4,2.0,2.650006067888372,-29.78429883923791,2.650006067888372,-29.78429883923791,3.125125407762353,0.2620515784678743,0.0062127670737299415
3911.0,156.44,2.0,2.503761259193724,-29.787070503565207,2.503761259193724,-29.787070503565207,3.129972244153792,0.2620515784678743,0.0062127670737299415
3912.0,156.48,2.0,2.357502281668525,-29.78913073956705,2.357502281668525,-29.78913073956705,3.1348190805452303,0.2620515784678743,0.0062127670737299415
3913.0,156.52,2.0,2.211232605179465,-29.790479474984306,2.211232605179465,-29.790479474984306,3.1396659169366696,0.26205157846787425,0.0062127670737299415
3914.0,156.56,2.0,2.064955699960775,-29.791116654524963,2.064955699960775,-29.791116654524963,3.1445127533281085,0.2620515784678743,0.0062127670737299415
3915.0,156.6,2.0,1.918675036531058,-29.791042239865998,1.918675036531058,-29.791042239865998,3.1493595897195474,0.2620515784678743,0.0062127670737299415
3916.0,156.64000000000001,2.0,1.7723940856100995,-29.790256209654853,1.7723940856100995,-29.790256209654853,3.1542064261109863,0.2620515784678743,0.0062127670737299415
3917.0,156.68,2.0,1.626116318035678,-29.788758559510455,1.626116318035678,-29.788758559510455,3.1590532625024252,0.26205157846787425,0.0062127670737299415
3918.0,156.72,2.0,1.4798452046803636,-29.786549302023854,1.4798452046803636,-29.786549302023854,3.163900098893864,0.2620515784678743,0.0062127670737299415
3919.0,156.76,2.0,1.333584216368322,-29.783628466758483,1.333584216368322,-29.783628466758483,3.168746935285303,0.2620515784678743,0.0062127670737299415
3920.0,156.8,2.0,1.187336823792108,-29.779996100249946,1.187336823792108,-29.779996100249946,3.173593771676742,0.2620515784678743,0.0062127670737299415
3921.0,156.84,2.0,1.041106497429465,-29.775652266005437,1.041106497429465,-29.775652266005437,3.178440608068181,0.26205157846787425,0.0062127670737299415
3922.0,156.88,2.0,0.8948967074601247,-29.770597044502743,0.8948967074601247,-29.770597044502743,3.18328744445962,0.2620515784678743,0.0062127670737299415
3923.0,156.92000000000002,2.0,0.7487109236826152,-29.764830533188864,0.7487109236826152,-29.764830533188864,3.1881342808510587,0.2620515784678743,0.0062127670737299415
3924.0,156.96,2.0,0.60255261543107,-29.758352846478154,0.60255261543107,-29.758352846478154,3.1929811172424976,0.2620515784678743,0.0062127670737299415
3925.0,157.0,2.0,0.45642525149205104,-29.75116411575011,0.45642525149205104,-29.75116411575011,3.1978279536339365,0.26205157846787425,0.0062127670737299415
3926.0,157.04,2.0,0.3103323000213794,-29.743264489346767,0.3103323000213794,-29.743264489346767,3.2026747900253754,0.2620515784678743,0.0062127670737299415
3927.0,157.08,2.0,0.16427722846097953,-29.734654132569624,0.16427722846097953,-29.734654132569624,3.2075216264168143,0.2620515784678743,0.0062127670737299415
3928.0,157.12,2.0,0.01826350345573844,-29.725333227676202,0.01826350345573844,-29.725333227676202,3.2123684628082527,0.2620515784678743,0.0062127670737299415
3929.0,157.16,2.0,-0.12770540922961848,-29.715301973876212,-0.12770540922961848,-29.715301973876212,3.2172152991996925,0.26205157846787425,0.0062127670737299415
3930.0,157.20000000000002,2.0,-0.27362604479363306,-29.704560587327222,-0.27362604479363306,-29.704560587327222,3.2220621355911314,0.2620515784678743,0.0062127670737299415
3931.0,157.24,2.0,-0.41949493948119915,-29.693109301130058,-0.41949493948119915,-29.693109301130058,3.22690897198257,0.2620515784678743,0.0062127670737299415
3932.0,157.28,2.0,-0.5653086306666241,-29.68094836532368,-0.5653086306666241,-29.68094836532368,3.2317558083740088,0.2620515784678743,0.0062127670737299415
3933.0,157.32,2.0,-0.7110636569366663,-29.66807804687968,-0.7110636569366663,-29.66807804687968,3.2366026447654477,0.26205157846787425,0.0062127670737299415
3934.0,157.36,2.0,-0.8567565581735452,-29.654498629696416,-0.8567565581735452,-29.654498629696416,3.2414494811568866,0.2620515784678743,0.0062127670737299415
3935.0,157.4,2.0,-1.0023838756379235,-29.640210414592673,-1.0023838756379235,-29.640210414592673,3.2462963175483255,0.2620515784678743,0.0062127670737299415
3936.0,157.44,2.0,-1.147942152051856,-29.625213719300962,-1.147942152051856,-29.625213719300962,3.251143153939764,0.2620515784678743,0.0062127670737299415
3937.0,157.48,2.0,-1.29342793168171,-29.60950887846039,-1.29342793168171,-29.60950887846039,3.2559899903312037,0.26205157846787425,0.0062127670737299415
3938.0,157.52,2.0,-1.438837760421046,-29.593096243609136,-1.438837760421046,-29.593096243609136,3.2608368267226426,0.2620515784678743,0.0062127670737299415
3939.0,157.56,2.0,-1.5841681858734646,-29.57597618317651,-1.5841681858734646,-29.57597618317651,3.265683663114081,0.2620515784678743,0.0062127670737299415
3940.0,157.6,2.0,-1.7294157574354145,-29.558149082474586,-1.7294157574354145,-29.558149082474586,3.27053049950552,0.2620515784678743,0.0062127670737299415
3941.0,157.64000000000001,2.0,-1.8745770263789576,-29.53961534368951,-1.8745770263789576,-29.53961534368951,3.275377335896959,0.26205157846787425,0.0062127670737299415
3942.0,157.68,2.0,-2.0196485459344933,-29.52037538587225,-2.0196485459344933,-29.52037538587225,3.280224172288398,0.2620515784678743,0.0062127670737299415
3943.0,157.72,2.0,-2.164626871373437,-29.50042964492912,-2.164626871373437,-29.50042964492912,3.2850710086798367,0.2620515784678743,0.0062127670737299415
3944.0,157.76,2.0,-2.309508560090852,-29.479778573611746,-2.309508560090852,-29.479778573611746,3.289917845071275,0.2620515784678743,0.0062127670737299415
3945.0,157.8,2.0,-2.454290171688032,-29.45842264150671,-2.454290171688032,-29.45842264150671,3.294764681462715,0.26205157846787425,0.0062127670737299415
3946.0,157.84,2.0,-2.598968268055033,-29.436362335024786,-2.598968268055033,-29.436362335024786,3.299611517854154,0.2620515784678743,0.0062127670737299415
3947.0,157.88,2.0,-2.743539413453153,-29.413598157389696,-2.743539413453153,-29.413598157389696,3.3044583542455923,0.2620515784678743,0.0062127670737299415
3948.0,157.92000000000002,2.0,-2.888000174597356,-29.390130628626576,-2.888000174597356,-29.390130628626576,3.309305190637031,0.2620515784678743,0.0062127670737299415
3949.0,157.96,2.0,-3.0323471207386397,-29.36596028554993,-3.0323471207386397,-29.36596028554993,3.31415202702847,0.26205157846787425,0.0062127670737299415
3950.0,158.0,2.0,-3.1765768237463425,-29.341087681751258,-3.1765768237463425,-29.341087681751258,3.318998863419909,0.2620515784678743,0.0062127670737299415
3951.0,158.04,2.0,-3.320685858190393,-29.31551338758623,-3.320685858190393,-29.31551338758623,3.323845699811348,0.2620515784678743,0.0062127670737299415
3952.0,158.08,2.0,-3.4646708014234946,-29.289237990161457,-3.4646708014234946,-29.289237990161457,3.3286925362027864,0.2620515784678743,0.0062127670737299415
3953.0,158.12,2.0,-3.6085282336632445,-29.26226209332092,-3.6085282336632445,-29.26226209332092,3.333539372594226,0.26205157846787425,0.0062127670737299415
3954.0,158.16,2.0,-3.7522547380741864,-29.234586317631887,-3.7522547380741864,-29.234586317631887,3.338386208985665,0.2620515784678743,0.0062127670737299415
3955.0,158.20000000000002,2.0,-3.895846900849797,-29.20621130037055,-3.895846900849797,-29.20621130037055,3.3432330453771035,0.2620515784678743,0.0062127670737299415
3956.0,158.24,2.0,-4.039301311294397,-29.177137695507156,-4.039301311294397,-29.177137695507156,3.3480798817685424,0.2620515784678743,0.0062127670737299415
3957.0,158.28,2.0,-4.182614561904994,-29.147366173690795,-4.182614561904994,-29.147366173690795,3.3529267181599813,0.26205157846787425,0.0062127670737299415
3958.0,158.32,2.0,-4.325783248453045,-29.116897422233762,-4.325783248453045,-29.116897422233762,3.3577735545514202,0.2620515784678743,0.0062127670737299415
3959.0,158.36,2.0,-4.468803970066151,-29.085732145095516,-4.468803970066151,-29.085732145095516,3.362620390942859,0.2620515784678743,0.0062127670737299415
3960.0,158.4,2.0,-4.611673329309662,-29.053871062866286,-4.611673329309662,-29.053871062866286,3.3674672273342976,0.2620515784678743,0.0062127670737299415
3961.0,158.44,2.0,-4.7543879322682105,-29.02131491275015,-4.7543879322682105,-29.02131491275015,3.3723140637257374,0.26205157846787425,0.0062127670737299415
3962.0,158.48,2.0,-4.896944388627156,-28.98806444854791,-4.896944388627156,-28.98806444854791,3.3771609001171763,0.2620515784678743,0.0062127670737299415
3963.0,158.52,2.0,-5.039339311753947,-28.95412044063935,-5.039339311753947,-28.95412044063935,3.3820077365086147,0.2620515784678743,0.0062127670737299415
3964.0,158.56,2.0,-5.181569318779399,-28.919483675965257,-5.181569318779399,-28.919483675965257,3.3868545729000537,0.2620515784678743,0.0062127670737299415
3965.0,158.6,2.0,-5.323631030678883,-28.884154958009,-5.323631030678883,-28.884154958009,3.3917014092914926,0.26205157846787425,0.0062127670737299415
3966.0,158.64000000000001,2.0,-5.465521072353416,-28.848135106777626,-5.465521072353416,-28.848135106777626,3.3965482456829315,0.2620515784678743,0.0062127670737299415
3967.0,158.68,2.0,-5.6072360727106725,-28.81142495878269,-5.6072360727106725,-28.81142495878269,3.4013950820743704,0.2620515784678743,0.0062127670737299415
3968.0,158.72,2.0,-5.7487726647458866,-28.774025367020602,-5.7487726647458866,-28.774025367020602,3.406241918465809,0.2620515784678743,0.0062127670737299415
3969.0,158.76,2.0,-5.890127485622669,-28.735937200952588,-5.890127485622669,-28.735937200952588,3.4110887548572477,0.26205157846787425,0.0062127670737299415
3970.0,158.8,2.0,-6.031297176753722,-28.69716134648427,-6.031297176753722,-28.69716134648427,3.4159355912486875,0.2620515784678743,0.0062127670737299415
3971.0,158.84,2.0,-6.172278383881454,-28.657698705944846,-6.172278383881454,-28.657698705944846,3.420782427640126,0.2620515784678743,0.0062127670737299415
3972.0,158.88,2.0,-6.313067757158488,-28.617550198065878,-6.313067757158488,-28.617550198065878,3.425629264031565,0.2620515784678743,0.0062127670737299415
3973.0,158.92000000000002,2.0,-6.4536619512280735,-28.57671675795965,-6.4536619512280735,-28.57671675795965,3.4304761004230038,0.26205157846787425,0.0062127670737299415
3974.0,158.96,2.0,-6.594057625304387,-28.535199337097197,-6.594057625304387,-28.535199337097197,3.4353229368144427,0.2620515784678743,0.0062127670737299415
3975.0,159.0,2.0,-6.7342514432527185,-28.492998903285844,-6.7342514432527185,-28.492998903285844,3.4401697732058816,0.2620515784678743,0.0062127670737299415
3976.0,159.04,2.0,-6.874240073669567,-28.45011644064648,-6.874240073669567,-28.45011644064648,3.445016609597321,0.2620515784678743,0.0062127670737299415
3977.0,159.08,2.0,-7.014020189962601,-28.406552949590303,-7.014020189962601,-28.406552949590303,3.44986344598876,0.26205157846787425,0.0062127670737299415
3978.0,159.12,2.0,-7.153588470430518,-28.362309446795262,-7.153588470430518,-28.362309446795262,3.4547102823801987,0.2620515784678743,0.0062127670737299415
3979.0,159.16,2.0,-7.292941598342793,-28.317386965182084,-7.292941598342793,-28.317386965182084,3.459557118771637,0.2620515784678743,0.0062127670737299415
3980.0,159.20000000000002,2.0,-7.432076262019289,-28.271786553889882,-7.432076262019289,-28.271786553889882,3.464403955163076,0.2620515784678743,0.0062127670737299415
3981.0,159.24,2.0,-7.57098915490977,-28.225509278251423,-7.57098915490977,-28.225509278251423,3.469250791554515,0.26205157846787425,0.0062127670737299415
3982.0,159.28,2.0,-7.70967697567328,-28.178556219767945,-7.70967697567328,-28.178556219767945,3.474097627945954,0.2620515784678743,0.0062127670737299415
3983.0,159.32,2.0,-7.848136428257402,-28.130928476083646,-7.848136428257402,-28.130928476083646,3.478944464337393,0.2620515784678743,0.0062127670737299415
3984.0,159.36,2.0,-7.986364221977387,-28.082627160959742,-7.986364221977387,-28.082627160959742,3.4837913007288313,0.2620515784678743,0.0062127670737299415
3985.0,159.4,2.0,-8.12435707159516,-28.03365340424812,-8.12435707159516,-28.03365340424812,3.48863813712027,0.26205157846787425,0.0062127670737299415
3986.0,159.44,2.0,-8.2621116973982,-27.984008351864667,-8.2621116973982,-27.984008351864667,3.493484973511709,0.2620515784678743,0.0062127670737299415
3987.0,159.48,2.0,-8.399624825278284,-27.93369316576217,-8.399624825278284,-27.93369316576217,3.4983318099031484,0.2620515784678743,0.0062127670737299415
3988.0,159.52,2.0,-8.536893186810087,-27.882709023902805,-8.536893186810087,-27.882709023902805,3.5031786462945873,0.2620515784678743,0.0062127670737299415
3989.0,159.56,2.0,-8.673913519329671,-27.831057120230298,-8.673913519329671,-27.831057120230298,3.508025482686026,0.26205157846787425,0.0062127670737299415
3990.0,159.6,2.0,-8.810682566012824,-27.77873866464166,-8.810682566012824,-27.77873866464166,3.512872319077465,0.2620515784678743,0.0062127670737299415
3991.0,159.64000000000001,2.0,-8.947197075953246,-27.72575488295854,-8.947197075953246,-27.72575488295854,3.517719155468904,0.2620515784678743,0.0062127670737299415
3992.0,159.68,2.0,-9.083453804240623,-27.672107016898213,-9.083453804240623,-27.672107016898213,3.5225659918603425,0.2620515784678743,0.0062127670737299415
3993.0,159.72,2.0,-9.219449512038535,-27.61779632404415,-9.219449512038535,-27.61779632404415,3.5274128282517823,0.26205157846787425,0.0062127670737299415
3994.0,159.76,2.0,-9.355180966662234,-27.56282407781627,-9.355180966662234,-27.56282407781627,3.532259664643221,0.2620515784678743,0.0062127670737299415
3995.0,159.8,2.0,-9.49064494165626,-27.507191567440735,-9.49064494165626,-27.507191567440735,3.5371065010346596,0.2620515784678743,0.0062127670737299415
3996.0,159.84,2.0,-9.625838216871925,-27.450900097919394,-9.625838216871925,-27.450900097919394,3.5419533374260985,0.2620515784678743,0.0062127670737299415
3997.0,159.88,2.0,-9.760757578544645,-27.39395098999886,-9.760757578544645,-27.39395098999886,3.5468001738175374,0.26205157846787425,0.0062127670737299415
3998.0,159.92000000000002,2.0,-9.895399819371104,-27.336345580139202,-9.895399819371104,-27.336345580139202,3.5516470102089763,0.2620515784678743,0.0062127670737299415
3999.0,159.96,2.0,-10.02976173858627,-27.278085220482247,-10.02976173858627,-27.278085220482247,3.5564938466004152,0.2620515784678743,0.0062127670737299415
4000.0,160.0,2.0,-10.163840142040282,-27.21917127881948,-10.163840142040282,-27.21917127881948,3.5613406829918537,0.2620515784678743,0.0062127670737299415
4001.0,160.04,2.0,-10.297631842275134,-27.15960513855965,-10.297631842275134,-27.15960513855965,3.5661875193832926,0.26205157846787425,0.0062127670737299415
4002.0,160.08,2.0,-10.431133658601237,-27.09938819869589,-10.431133658601237,-27.09938819869589,3.5710343557747324,0.2620515784678743,0.0062127670737299415
4003.0,160.12,2.0,-10.56434241717379,-27.038521873772545,-10.56434241717379,-27.038521873772545,3.575881192166171,0.2620515784678743,0.0062127670737299415
4004.0,160.16,2.0,-10.697254951069024,-26.977007593851578,-10.697254951069024,-26.977007593851578,3.5807280285576097,0.2620515784678743,0.0062127670737299415
4005.0,160.20000000000002,2.0,-10.829868100360239,-26.914846804478636,-10.829868100360239,-26.914846804478636,3.5855748649490486,0.26205157846787425,0.0062127670737299415
4006.0,160.24,2.0,-10.962178712193703,-26.85204096664871,-10.962178712193703,-26.85204096664871,3.5904217013404875,0.2620515784678743,0.0062127670737299415
4007.0,160.28,2.0,-11.094183640864378,-26.788591556771415,-11.094183640864378,-26.788591556771415,3.5952685377319265,0.2620515784678743,0.0062127670737299415
4008.0,160.32,2.0,-11.225879747891465,-26.72450006663599,-11.225879747891465,-26.72450006663599,3.600115374123366,0.2620515784678743,0.0062127670737299415
4009.0,160.36,2.0,-11.357263902093777,-26.659768003375756,-11.357263902093777,-26.659768003375756,3.6049622105148047,0.26205157846787425,0.0062127670737299415
4010.0,160.4,2.0,-11.488332979664959,-26.594396889432396,-11.488332979664959,-26.594396889432396,3.6098090469062436,0.2620515784678743,0.0062127670737299415
4011.0,160.44,2.0,-11.6190838642485,-26.528388262519712,-11.6190838642485,-26.528388262519712,3.614655883297682,0.2620515784678743,0.0062127670737299415
4012.0,160.48,2.0,-11.749513447012596,-26.461743675587105,-11.749513447012596,-26.461743675587105,3.619502719689121,0.2620515784678743,0.0062127670737299415
4013.0,160.52,2.0,-11.87961862672481,-26.394464696782627,-11.87961862672481,-26.394464696782627,3.62434955608056,0.26205157846787425,0.0062127670737299415
4014.0,160.56,2.0,-12.00939630982656,-26.32655290941574,-12.00939630982656,-26.32655290941574,3.6291963924719988,0.2620515784678743,0.0062127670737299415
4015.0,160.6,2.0,-12.138843410507437,-26.25800991191962,-12.138843410507437,-26.25800991191962,3.6340432288634377,0.2620515784678743,0.0062127670737299415
4016.0,160.64000000000001,2.0,-12.267956850779317,-26.188837317813174,-12.267956850779317,-26.188837317813174,3.638890065254876,0.2620515784678743,0.0062127670737299415
4017.0,160.68,2.0,-12.396733560550285,-26.119036755662655,-12.396733560550285,-26.119036755662655,3.643736901646315,0.26205157846787425,0.0062127670737299415
4018.0,160.72,2.0,-12.525170477698392,-26.048609869042878,-12.525170477698392,-26.048609869042878,3.648583738037754,0.2620515784678743,0.0062127670737299415
4019.0,160.76,2.0,-12.653264548145206,-25.977558316498165,-12.653264548145206,-25.977558316498165,3.6534305744291933,0.2620515784678743,0.0062127670737299415
4020.0,160.8,2.0,-12.781012725929173,-25.905883771502875,-12.781012725929173,-25.905883771502875,3.658277410820632,0.2620515784678743,0.0062127670737299415
4021.0,160.84,2.0,-12.908411973278778,-25.833587922421525,-12.908411973278778,-25.833587922421525,3.663124247212071,0.26205157846787425,0.0062127670737299415
4022.0,160.88,2.0,-13.035459260685522,-25.760672472468666,-13.035459260685522,-25.760672472468666,3.66797108360351,0.2620515784678743,0.0062127670737299415
4023.0,160.92000000000002,2.0,-13.162151566976695,-25.687139139668297,-13.162151566976695,-25.687139139668297,3.672817919994949,0.2620515784678743,0.0062127670737299415
4024.0,160.96,2.0,-13.288485879387952,-25.612989656812978,-13.288485879387952,-25.612989656812978,3.6776647563863873,0.2620515784678743,0.0062127670737299415
4025.0,161.0,2.0,-13.414459193635675,-25.53822577142256,-13.414459193635675,-25.53822577142256,3.682511592777827,0.26205157846787425,0.0062127670737299415
4026.0,161.04,2.0,-13.54006851398916,-25.462849245702596,-13.54006851398916,-25.462849245702596,3.687358429169266,0.2620515784678743,0.0062127670737299415
4027.0,161.08,2.0,-13.665310853342566,-25.386861856502332,-13.665310853342566,-25.386861856502332,3.6922052655607045,0.2620515784678743,0.0062127670737299415
4028.0,161.12,2.0,-13.790183233286683,-25.310265395272413,-13.790183233286683,-25.310265395272413,3.6970521019521434,0.2620515784678743,0.0062127670737299415
4029.0,161.16,2.0,-13.91468268418048,-25.233061668022195,-13.91468268418048,-25.233061668022195,3.7018989383435823,0.26205157846787425,0.0062127670737299415
4030.0,161.20000000000002,2.0,-14.038806245222442,-25.155252495276734,-14.038806245222442,-25.155252495276734,3.706745774735021,0.2620515784678743,0.0062127670737299415
4031.0,161.24,2.0,-14.162550964521708,-25.07683971203338,-14.162550964521708,-25.07683971203338,3.71159261112646,0.2620515784678743,0.0062127670737299415
4032.0,161.28,2.0,-14.28591389916897,-24.99782516771808,-14.28591389916897,-24.99782516771808,3.7164394475178986,0.2620515784678743,0.0062127670737299415
4033.0,161.32,2.0,-14.408892115307196,-24.91821072614128,-14.408892115307196,-24.91821072614128,3.7212862839093375,0.26205157846787425,0.0062127670737299415
4034.0,161.36,2.0,-14.53148268820209,-24.83799826545352,-14.53148268820209,-24.83799826545352,3.7261331203007773,0.2620515784678743,0.0062127670737299415
4035.0,161.4,2.0,-14.65368270231237,-24.75718967810066,-14.65368270231237,-24.75718967810066,3.7309799566922157,0.2620515784678743,0.0062127670737299415
4036.0,161.44,2.0,-14.775489251359819,-24.675786870778747,-14.775489251359819,-24.675786870778747,3.7358267930836546,0.2620515784678743,0.0062127670737299415
4037.0,161.48,2.0,-14.89689943839908,-24.593791764388598,-14.89689943839908,-24.593791764388598,3.7406736294750935,0.26205157846787425,0.0062127670737299415
4038.0,161.52,2.0,-15.017910375887293,-24.511206293989957,-15.017910375887293,-24.511206293989957,3.7455204658665324,0.2620515784678743,0.0062127670737299415
4039.0,161.56,2.0,-15.138519185753443,-24.42803240875538,-15.138519185753443,-24.42803240875538,3.7503673022579713,0.2620515784678743,0.0062127670737299415
4040.0,161.6,2.0,-15.258722999467505,-24.344272071923747,-15.258722999467505,-24.344272071923747,3.7552141386494107,0.2620515784678743,0.0062127670737299415
4041.0,161.64000000000001,2.0,-15.378518958109378,-24.25992726075343,-15.378518958109378,-24.25992726075343,3.7600609750408496,0.26205157846787425,0.0062127670737299415
4042.0,161.68,2.0,-15.497904212437566,-24.174999966475127,-15.497904212437566,-24.174999966475127,3.7649078114322885,0.2620515784678743,0.0062127670737299415
4043.0,161.72,2.0,-15.616875922957624,-24.089492194244393,-15.616875922957624,-24.089492194244393,3.769754647823727,0.2620515784678743,0.0062127670737299415
4044.0,161.76,2.0,-15.735431259990392,-24.003405963093776,-15.735431259990392,-24.003405963093776,3.774601484215166,0.2620515784678743,0.0062127670737299415
4045.0,161.8,2.0,-15.853567403739982,-23.91674330588466,-15.853567403739982,-23.91674330588466,3.7794483206066047,0.26205157846787425,0.0062127670737299415
4046.0,161.84,2.0,-15.971281544361512,-23.829506269258736,-15.971281544361512,-23.829506269258736,3.7842951569980436,0.2620515784678743,0.0062127670737299415
4047.0,161.88,2.0,-16.088570882028637,-23.74169691358923,-16.088570882028637,-23.74169691358923,3.7891419933894825,0.2620515784678743,0.0062127670737299415
4048.0,161.92000000000002,2.0,-16.205432627000807,-23.653317312931662,-16.205432627000807,-23.653317312931662,3.793988829780921,0.2620515784678743,0.0062127670737299415
4049.0,161.96,2.0,-16.321863999690297,-23.564369554974384,-16.321863999690297,-23.564369554974384,3.79883566617236,0.26205157846787425,0.0062127670737299415
4050.0,162.0,2.0,-16.437862230729,-23.47485574098874,-16.437862230729,-23.47485574098874,3.803682502563799,0.2620515784678743,0.0062127670737299415
4051.0,162.04,2.0,-16.553424561034948,-23.384777985778943,-16.553424561034948,-23.384777985778943,3.808529338955238,0.2620515784678743,0.0062127670737299415
4052.0,162.08,2.0,-16.668548241878632,-23.294138417631533,-16.668548241878632,-23.294138417631533,3.813376175346677,0.2620515784678743,0.0062127670737299415
4053.0,162.12,2.0,-16.783230534949027,-23.20293917826463,-16.783230534949027,-23.20293917826463,3.818223011738116,0.26205157846787425,0.0062127670737299415
4054.0,162.16,2.0,-16.897468712419393,-23.11118242277676,-16.897468712419393,-23.11118242277676,3.823069848129555,0.2620515784678743,0.0062127670737299415
4055.0,162.20000000000002,2.0,-17.011260057012816,-23.018870319595425,-17.011260057012816,-23.018870319595425,3.8279166845209938,0.2620515784678743,0.0062127670737299415
4056.0,162.24,2.0,-17.124601862067504,-22.926005050425303,-17.124601862067504,-22.926005050425303,3.832763520912432,0.2620515784678743,0.0062127670737299415
4057.0,162.28,2.0,-17.23749143160182,-22.83258881019618,-17.23749143160182,-22.83258881019618,3.837610357303872,0.26205157846787425,0.0062127670737299415
4058.0,162.32,2.0,-17.349926080379056,-22.738623807010516,-17.349926080379056,-22.738623807010516,3.842457193695311,0.2620515784678743,0.0062127670737299415
4059.0,162.36,2.0,-17.461903133971948,-22.64411226209069,-17.461903133971948,-22.64411226209069,3.8473040300867494,0.2620515784678743,0.0062127670737299415
4060.0,162.4,2.0,-17.57341992882697,-22.54905640972599,-17.57341992882697,-22.54905640972599,3.8521508664781883,0.2620515784678743,0.0062127670737299415
4061.0,162.44,2.0,-17.684473812328285,-22.453458497219213,-17.684473812328285,-22.453458497219213,3.856997702869627,0.26205157846787425,0.0062127670737299415
4062.0,162.48,2.0,-17.795062142861536,-22.357320784833014,-17.795062142861536,-22.357320784833014,3.861844539261066,0.2620515784678743,0.0062127670737299415
4063.0,162.52,2.0,-17.90518228987728,-22.26064554573587,-17.90518228987728,-22.26064554573587,3.866691375652505,0.2620515784678743,0.0062127670737299415
4064.0,162.56,2.0,-18.014831633954206,-22.16343506594781,-18.014831633954206,-22.16343506594781,3.8715382120439434,0.2620515784678743,0.0062127670737299415
4065.0,162.6,2.0,-18.124007566862087,-22.065691644285785,-18.124007566862087,-22.065691644285785,3.8763850484353823,0.26205157846787425,0.0062127670737299415
4066.0,162.64000000000001,2.0,-18.232707491624446,-21.967417592308742,-18.232707491624446,-21.967417592308742,3.881231884826822,0.2620515784678743,0.0062127670737299415
4067.0,162.68,2.0,-18.340928822580956,-21.868615234262393,-18.340928822580956,-21.868615234262393,3.8860787212182606,0.2620515784678743,0.0062127670737299415
4068.0,162.72,2.0,-18.448668985449576,-21.769286907023677,-18.448668985449576,-21.769286907023677,3.8909255576096995,0.2620515784678743,0.0062127670737299415
4069.0,162.76,2.0,-18.555925417388387,-21.669434960044914,-18.555925417388387,-21.669434960044914,3.8957723940011384,0.26205157846787425,0.0062127670737299415
4070.0,162.8,2.0,-18.662695567057213,-21.56906175529765,-18.662695567057213,-21.56906175529765,3.9006192303925773,0.2620515784678743,0.0062127670737299415
4071.0,162.84,2.0,-18.768976894678897,-21.468169667216227,-18.768976894678897,-21.468169667216227,3.905466066784016,0.2620515784678743,0.0062127670737299415
4072.0,162.88,2.0,-18.874766872100334,-21.36676108264101,-18.874766872100334,-21.36676108264101,3.9103129031754555,0.2620515784678743,0.0062127670737299415
4073.0,162.92000000000002,2.0,-18.98006298285323,-21.26483840076134,-18.98006298285323,-21.26483840076134,3.9151597395668944,0.26205157846787425,0.0062127670737299415
4074.0,162.96,2.0,-19.084862722214556,-21.162404033058205,-19.084862722214556,-21.162404033058205,3.9200065759583334,0.2620515784678743,0.0062127670737299415
4075.0,163.0,2.0,-19.189163597266752,-21.059460403246568,-19.189163597266752,-21.059460403246568,3.924853412349772,0.2620515784678743,0.0062127670737299415
4076.0,163.04,2.0,-19.29296312695761,-20.956009947217446,-19.29296312695761,-20.956009947217446,3.9297002487412107,0.2620515784678743,0.0062127670737299415
4077.0,163.08,2.0,-19.396258842159902,-20.85205511297965,-19.396258842159902,-20.85205511297965,3.9345470851326496,0.26205157846787425,0.0062127670737299415
4078.0,163.12,2.0,-19.49904828573072,-20.747598360601287,-19.49904828573072,-20.747598360601287,3.9393939215240885,0.2620515784678743,0.0062127670737299415
4079.0,163.16,2.0,-19.601329012570506,-20.642642162150928,-19.601329012570506,-20.642642162150928,3.9442407579155274,0.2620515784678743,0.0062127670737299415
4080.0,163.20000000000002,2.0,-19.703098589681797,-20.53718900163849,-19.703098589681797,-20.53718900163849,3.949087594306966,0.2620515784678743,0.0062127670737299415
4081.0,163.24,2.0,-19.804354596227718,-20.431241374955864,-19.804354596227718,-20.431241374955864,3.953934430698405,0.26205157846787425,0.0062127670737299415
4082.0,163.28,2.0,-19.905094623590116,-20.324801789817183,-19.905094623590116,-20.324801789817183,3.9587812670898446,0.2620515784678743,0.0062127670737299415
4083.0,163.32,2.0,-20.005316275427468,-20.217872765698917,-20.005316275427468,-20.217872765698917,3.963628103481283,0.2620515784678743,0.0062127670737299415
4084.0,163.36,2.0,-20.10501716773245,-20.110456833779573,-20.10501716773245,-20.110456833779573,3.968474939872723,0.2620515784678743,0.0062127670737299415
4085.0,163.4,2.0,-20.204194928889205,-20.002556536879172,-20.204194928889205,-20.002556536879172,3.9733217762641617,0.26205157846787425,0.0062127670737299415
4086.0,163.44,2.0,-20.30284719973037,-19.89417442939843,-20.30284719973037,-19.89417442939843,3.9781686126556,0.2620515784678743,0.0062127670737299415
4087.0,163.48,2.0,-20.400971633593723,-19.785313077257676,-20.400971633593723,-19.785313077257676,3.983015449047039,0.2620515784678743,0.0062127670737299415
4088.0,163.52,2.0,-20.498565896378604,-19.67597505783545,-20.498565896378604,-19.67597505783545,3.987862285438478,0.2620515784678743,0.0062127670737299415
4089.0,163.56,2.0,-20.59562766660198,-19.56616295990688,-20.59562766660198,-19.56616295990688,3.9927091218299173,0.26205157846787425,0.0062127670737299415
4090.0,163.6,2.0,-20.692154635454234,-19.455879383581724,-20.692154635454234,-19.455879383581724,3.9975559582213562,0.2620515784678743,0.0062127670737299415
4091.0,163.64000000000001,2.0,-20.788144506854636,-19.345126940242203,-20.788144506854636,-19.345126940242203,4.002402794612795,0.2620515784678743,0.0062127670737299415
4092.0,163.68,2.0,-20.883594997506528,-19.23390825248051,-20.883594997506528,-19.23390825248051,4.007249631004234,0.2620515784678743,0.0062127670737299415
4093.0,163.72,2.0,-20.97850383695218,-19.122225954036068,-20.97850383695218,-19.122225954036068,4.012096467395673,0.26205157846787425,0.0062127670737299415
4094.0,163.76,2.0,-21.072868767627345,-19.010082689732513,-21.072868767627345,-19.010082689732513,4.016943303787111,0.2620515784678743,0.0062127670737299415
4095.0,163.8,2.0,-21.1666875449155,-18.897481115414422,-21.1666875449155,-18.897481115414422,4.021790140178551,0.2620515784678743,0.0062127670737299415
4096.0,163.84,2.0,-21.259957937201808,-18.78442389788377,-21.259957937201808,-18.78442389788377,4.02663697656999,0.2620515784678743,0.0062127670737299415
4097.0,163.88,2.0,-21.35267772592669,-18.670913714836104,-21.35267772592669,-18.670913714836104,4.0314838129614285,0.26205157846787425,0.0062127670737299415
4098.0,163.92000000000002,2.0,-21.44484470563918,-18.55695325479649,-21.44484470563918,-18.55695325479649,4.036330649352868,0.2620515784678743,0.0062127670737299415
4099.0,163.96,2.0,-21.536456684049888,-18.442545217055155,-21.536456684049888,-18.442545217055155,4.041177485744307,0.2620515784678743,0.0062127670737299415
4100.0,164.0,2.0,-21.627511482083683,-18.327692311602913,-21.627511482083683,-18.327692311602913,4.046024322135746,0.2620515784678743,0.0062127670737299415
4101.0,164.04,2.0,-21.718006933932067,-18.212397259066297,-21.718006933932067,-18.212397259066297,4.050871158527185,0.26205157846787425,0.0062127670737299415
4102.0,164.08,2.0,-21.807940887105186,-18.096662790642448,-21.807940887105186,-18.096662790642448,4.0557179949186235,0.2620515784678743,0.0062127670737299415
4103.0,164.12,2.0,-21.89731120248357,-17.980491648033762,-21.89731120248357,-17.980491648033762,4.060564831310063,0.2620515784678743,0.0062127670737299415
4104.0,164.16,2.0,-21.98611575436953,-17.86388658338226,-21.98611575436953,-17.86388658338226,4.065411667701501,0.2620515784678743,0.0062127670737299415
4105.0,164.20000000000002,2.0,-22.074352430538198,-17.746850359203723,-22.074352430538198,-17.746850359203723,4.07025850409294,0.26205157846787425,0.0062127670737299415
4106.0,164.24,2.0,-22.16201913228834,-17.62938574832156,-22.16201913228834,-17.62938574832156,4.075105340484379,0.2620515784678743,0.0062127670737299415
4107.0,164.28,2.0,-22.24911377449272,-17.51149553380045,-22.24911377449272,-17.51149553380045,4.0799521768758185,0.2620515784678743,0.0062127670737299415
4108.0,164.32,2.0,-22.335634285648233,-17.39318250887972,-22.335634285648233,-17.39318250887972,4.084799013267257,0.2620515784678743,0.0062127670737299415
4109.0,164.36,2.0,-22.42157860792566,-17.274449476906465,-22.42157860792566,-17.274449476906465,4.089645849658696,0.26205157846787425,0.0062127670737299415
4110.0,164.4,2.0,-22.506944697219126,-17.15529925126848,-22.506944697219126,-17.15529925126848,4.094492686050136,0.2620515784678743,0.0062127670737299415
4111.0,164.44,2.0,-22.591730523195185,-17.035734655326863,-22.591730523195185,-17.035734655326863,4.099339522441573,0.2620515784678743,0.0062127670737299415
4112.0,164.48,2.0,-22.67593406934163,-16.915758522348458,-22.67593406934163,-16.915758522348458,4.104186358833013,0.2620515784678743,0.0062127670737299415
4113.0,164.52,2.0,-22.75955333301591,-16.795373695438002,-22.75955333301591,-16.795373695438002,4.109033195224452,0.26205157846787425,0.0062127670737299415
4114.0,164.56,2.0,-22.84258632549328,-16.674583027470085,-22.84258632549328,-16.674583027470085,4.11388003161589,0.2620515784678743,0.0062127670737299415
4115.0,164.6,2.0,-22.92503107201454,-16.553389381020814,-22.92503107201454,-16.553389381020814,4.11872686800733,0.2620515784678743,0.0062127670737299415
4116.0,164.64000000000001,2.0,-23.006885611833507,-16.431795628299305,-23.006885611833507,-16.431795628299305,4.123573704398768,0.2620515784678743,0.0062127670737299415
4117.0,164.68,2.0,-23.088147998264112,-16.309804651078885,-23.088147998264112,-16.309804651078885,4.1284205407902075,0.26205157846787425,0.0062127670737299415
4118.0,164.72,2.0,-23.168816298727158,-16.187419340628118,-23.168816298727158,-16.187419340628118,4.133267377181646,0.2620515784678743,0.0062127670737299415
4119.0,164.76,2.0,-23.248888594796767,-16.06464259764156,-23.248888594796767,-16.06464259764156,4.138114213573084,0.2620515784678743,0.0062127670737299415
4120.0,164.8,2.0,-23.328362982246446,-15.941477332170285,-23.328362982246446,-15.941477332170285,4.142961049964525,0.2620515784678743,0.0062127670737299415
4121.0,164.84,2.0,-23.407237571094853,-15.817926463552249,-23.407237571094853,-15.817926463552249,4.147807886355963,0.26205157846787425,0.0062127670737299415
4122.0,164.88,2.0,-23.485510485651183,-15.69399292034233,-23.485510485651183,-15.69399292034233,4.1526547227474016,0.2620515784678743,0.0062127670737299415
4123.0,164.92000000000002,2.0,-23.563179864560237,-15.569679640242233,-23.563179864560237,-15.569679640242233,4.157501559138841,0.2620515784678743,0.0062127670737299415
4124.0,164.96,2.0,-23.64024386084713,-15.444989570030113,-23.64024386084713,-15.444989570030113,4.162348395530279,0.2620515784678743,0.0062127670737299415
4125.0,165.0,2.0,-23.71670064196166,-15.319925665490036,-23.71670064196166,-15.319925665490036,4.167195231921719,0.26205157846787425,0.0062127670737299415
4126.0,165.04,2.0,-23.79254838982233,-15.194490891341147,-23.79254838982233,-15.194490891341147,4.172042068313158,0.2620515784678743,0.0062127670737299415
4127.0,165.08,2.0,-23.867785300860024,-15.068688221166715,-23.867785300860024,-15.068688221166715,4.176888904704596,0.2620515784678743,0.0062127670737299415
4128.0,165.12,2.0,-23.942409586061324,-14.942520637342884,-23.942409586061324,-14.942520637342884,4.181735741096036,0.2620515784678743,0.0062127670737299415
4129.0,165.16,2.0,-24.016419471011492,-14.815991130967248,-24.016419471011492,-14.815991130967248,4.186582577487473,0.26205157846787425,0.0062127670737299415
4130.0,165.20000000000002,2.0,-24.08981319593706,-14.689102701787226,-24.08981319593706,-14.689102701787226,4.191429413878913,0.2620515784678743,0.0062127670737299415
4131.0,165.24,2.0,-24.162589015748157,-14.561858358128188,-24.162589015748157,-14.561858358128188,4.196276250270352,0.2620515784678743,0.0062127670737299415
4132.0,165.28,2.0,-24.23474520008036,-14.434261116821427,-24.23474520008036,-14.434261116821427,4.201123086661791,0.2620515784678743,0.0062127670737299415
4133.0,165.32,2.0,-24.306280033336307,-14.306314003131874,-24.306280033336307,-14.306314003131874,4.20596992305323,0.26205157846787425,0.0062127670737299415
4134.0,165.36,2.0,-24.377191814726867,-14.178020050685651,-24.377191814726867,-14.178020050685651,4.210816759444668,0.2620515784678743,0.0062127670737299415
4135.0,165.4,2.0,-24.44747885831201,-14.04938230139739,-24.44747885831201,-14.04938230139739,4.215663595836107,0.2620515784678743,0.0062127670737299415
4136.0,165.44,2.0,-24.51713949304129,-13.92040380539737,-24.51713949304129,-13.92040380539737,4.220510432227547,0.2620515784678743,0.0062127670737299415
4137.0,165.48,2.0,-24.586172062793974,-13.791087620958468,-24.586172062793974,-13.791087620958468,4.2253572686189855,0.26205157846787425,0.0062127670737299415
4138.0,165.52,2.0,-24.654574926418835,-13.66143681442287,-24.654574926418835,-13.66143681442287,4.230204105010424,0.2620515784678743,0.0062127670737299415
4139.0,165.56,2.0,-24.72234645777353,-13.531454460128634,-24.72234645777353,-13.531454460128634,4.235050941401863,0.2620515784678743,0.0062127670737299415
4140.0,165.6,2.0,-24.789485045763698,-13.401143640336041,-24.789485045763698,-13.401143640336041,4.239897777793302,0.2620515784678743,0.0062127670737299415
4141.0,165.64000000000001,2.0,-24.855989094381602,-13.270507445153749,-24.855989094381602,-13.270507445153749,4.244744614184741,0.26205157846787425,0.0062127670737299415
4142.0,165.68,2.0,-24.921857022744497,-13.139548972464748,-24.921857022744497,-13.139548972464748,4.24959145057618,0.2620515784678743,0.0062127670737299415
4143.0,165.72,2.0,-24.987087265132562,-13.008271327852182,-24.987087265132562,-13.008271327852182,4.254438286967619,0.2620515784678743,0.0062127670737299415
4144.0,165.76,2.0,-25.051678271026514,-12.876677624524902,-25.051678271026514,-12.876677624524902,4.259285123359058,0.2620515784678743,0.0062127670737299415
4145.0,165.8,2.0,-25.115628505144837,-12.744770983242912,-25.115628505144837,-12.744770983242912,4.264131959750496,0.26205157846787425,0.0062127670737299415
4146.0,165.84,2.0,-25.178936447480634,-12.61255453224258,-25.178936447480634,-12.61255453224258,4.268978796141935,0.2620515784678743,0.0062127670737299415
4147.0,165.88,2.0,-25.241600593338145,-12.480031407161698,-25.241600593338145,-12.480031407161698,4.2738256325333746,0.2620515784678743,0.0062127670737299415
4148.0,165.92000000000002,2.0,-25.303619453368857,-12.347204750964348,-25.303619453368857,-12.347204750964348,4.278672468924813,0.2620515784678743,0.0062127670737299415
4149.0,165.96,2.0,-25.36499155360726,-12.214077713865597,-25.36499155360726,-12.214077713865597,4.283519305316252,0.26205157846787425,0.0062127670737299415
4150.0,166.0,2.0,-25.42571543550627,-12.08065345325603,-25.42571543550627,-12.08065345325603,4.288366141707692,0.2620515784678743,0.0062127670737299415
4151.0,166.04,2.0,-25.485789655972187,-11.94693513362607,-25.485789655972187,-11.94693513362607,4.29321297809913,0.2620515784678743,0.0062127670737299415
4152.0,166.08,2.0,-25.54521278739939,-11.812925926490182,-25.54521278739939,-11.812925926490182,4.298059814490569,0.2620515784678743,0.0062127670737299415
4153.0,166.12,2.0,-25.60398341770459,-11.678629010310859,-25.60398341770459,-11.678629010310859,4.302906650882008,0.26205157846787425,0.0062127670737299415
4154.0,166.16,2.0,-25.662100150360725,-11.544047570422473,-25.662100150360725,-11.544047570422473,4.307753487273446,0.2620515784678743,0.0062127670737299415
4155.0,166.20000000000002,2.0,-25.71956160443049,-11.409184798954936,-25.71956160443049,-11.409184798954936,4.312600323664886,0.2620515784678743,0.0062127670737299415
4156.0,166.24,2.0,-25.776366414599458,-11.274043894757224,-25.776366414599458,-11.274043894757224,4.317447160056324,0.2620515784678743,0.0062127670737299415
4157.0,166.28,2.0,-25.832513231208917,-11.138628063320708,-25.832513231208917,-11.138628063320708,4.322293996447764,0.26205157846787425,0.0062127670737299415
4158.0,166.32,2.0,-25.888000720288193,-11.002940516702349,-25.888000720288193,-11.002940516702349,4.327140832839202,0.2620515784678743,0.0062127670737299415
4159.0,166.36,2.0,-25.942827563586707,-10.866984473447726,-25.942827563586707,-10.866984473447726,4.331987669230641,0.2620515784678743,0.0062127670737299415
4160.0,166.4,2.0,-25.996992458605586,-10.7307631585139,-25.996992458605586,-10.7307631585139,4.33683450562208,0.2620515784678743,0.0062127670737299415
4161.0,166.44,2.0,-26.05049411862896,-10.594279803192148,-26.05049411862896,-10.594279803192148,4.341681342013519,0.26205157846787425,0.0062127670737299415
4162.0,166.48,2.0,-26.103331272754808,-10.457537645030502,-26.103331272754808,-10.457537645030502,4.346528178404958,0.2620515784678743,0.0062127670737299415
4163.0,166.52,2.0,-26.155502665925475,-10.320539927756192,-26.155502665925475,-10.320539927756192,4.351375014796397,0.2620515784678743,0.0062127670737299415
4164.0,166.56,2.0,-26.20700705895776,-10.183289901197885,-26.20700705895776,-10.183289901197885,4.3562218511878354,0.2620515784678743,0.0062127670737299415
4165.0,166.6,2.0,-26.257843228572693,-10.045790821207806,-26.257843228572693,-10.045790821207806,4.361068687579275,0.26205157846787425,0.0062127670737299415
4166.0,166.64000000000001,2.0,-26.30800996742485,-9.90804594958373,-26.30800996742485,-9.90804594958373,4.365915523970713,0.2620515784678743,0.0062127670737299415
4167.0,166.68,2.0,-26.35750608413134,-9.77005855399079,-26.35750608413134,-9.77005855399079,4.370762360362153,0.2620515784678743,0.0062127670737299415
4168.0,166.72,2.0,-26.406330403300377,-9.631831907883166,-26.406330403300377,-9.631831907883166,4.375609196753591,0.2620515784678743,0.0062127670737299415
4169.0,166.76,2.0,-26.45448176555948,-9.493369290425644,-26.45448176555948,-9.493369290425644,4.3804560331450295,0.26205157846787425,0.0062127670737299415
4170.0,166.8,2.0,-26.501959027583286,-9.354673986415012,-26.501959027583286,-9.354673986415012,4.385302869536469,0.2620515784678743,0.0062127670737299415
4171.0,166.84,2.0,-26.548761062120985,-9.21574928620135,-26.548761062120985,-9.21574928620135,4.390149705927908,0.2620515784678743,0.0062127670737299415
4172.0,166.88,2.0,-26.594886758023335,-9.07659848560915,-26.594886758023335,-9.07659848560915,4.394996542319347,0.2620515784678743,0.0062127670737299415
4173.0,166.92000000000002,2.0,-26.64033502026934,-8.937224885858345,-26.64033502026934,-8.937224885858345,4.399843378710786,0.26205157846787425,0.0062127670737299415
4174.0,166.96,2.0,-26.685104769992478,-8.797631793485174,-26.685104769992478,-8.797631793485174,4.404690215102225,0.2620515784678743,0.0062127670737299415
4175.0,167.0,2.0,-26.729194944506624,-8.657822520262934,-26.729194944506624,-8.657822520262934,4.409537051493663,0.2620515784678743,0.0062127670737299415
4176.0,167.04,2.0,-26.772604497331464,-8.517800383122609,-26.772604497331464,-8.517800383122609,4.414383887885103,0.2620515784678743,0.0062127670737299415
4177.0,167.08,2.0,-26.815332398217652,-8.37756870407336,-26.815332398217652,-8.37756870407336,4.419230724276542,0.26205157846787425,0.0062127670737299415
4178.0,167.12,2.0,-26.857377633171488,-8.237130810122919,-26.857377633171488,-8.237130810122919,4.42407756066798,0.2620515784678743,0.0062127670737299415
4179.0,167.16,2.0,-26.89873920447921,-8.096490033197828,-26.89873920447921,-8.096490033197828,4.428924397059419,0.2620515784678743,0.0062127670737299415
4180.0,167.20000000000002,2.0,-26.939416130730933,-7.955649710063585,-26.939416130730933,-7.955649710063585,4.433771233450858,0.2620515784678743,0.0062127670737299415
4181.0,167.24,2.0,-26.97940744684418,-7.814613182244668,-26.97940744684418,-7.814613182244668,4.438618069842297,0.26205157846787425,0.0062127670737299415
4182.0,167.28,2.0,-27.018712204086977,-7.673383795944437,-27.018712204086977,-7.673383795944437,4.443464906233736,0.2620515784678743,0.0062127670737299415
4183.0,167.32,2.0,-27.057329470100655,-7.531964901964935,-27.057329470100655,-7.531964901964935,4.448311742625174,0.2620515784678743,0.0062127670737299415
4184.0,167.36,2.0,-27.095258328922114,-7.3903598556265635,-27.095258328922114,-7.3903598556265635,4.453158579016614,0.2620515784678743,0.0062127670737299415
4185.0,167.4,2.0,-27.13249788100585,-7.248572016687663,-27.13249788100585,-7.248572016687663,4.458005415408053,0.26205157846787425,0.0062127670737299415
4186.0,167.44,2.0,-27.169047243245444,-7.106604749263978,-27.169047243245444,-7.106604749263978,4.462852251799491,0.2620515784678743,0.0062127670737299415
4187.0,167.48,2.0,-27.20490554899477,-6.964461421748024,-27.20490554899477,-6.964461421748024,4.467699088190931,0.2620515784678743,0.0062127670737299415
4188.0,167.52,2.0,-27.240071948088712,-6.822145406728343,-27.240071948088712,-6.822145406728343,4.472545924582369,0.2620515784678743,0.0062127670737299415
4189.0,167.56,2.0,-27.274545606863562,-6.679660080908667,-27.274545606863562,-6.679660080908667,4.4773927609738084,0.26205157846787425,0.0062127670737299415
4190.0,167.6,2.0,-27.308325708176973,-6.537008825026973,-27.308325708176973,-6.537008825026973,4.482239597365248,0.2620515784678743,0.0062127670737299415
4191.0,167.64000000000001,2.0,-27.34141145142752,-6.394195023774449,-27.34141145142752,-6.394195023774449,4.487086433756685,0.2620515784678743,0.0062127670737299415
4192.0,167.68,2.0,-27.373802052573883,-6.251222065714361,-27.373802052573883,-6.251222065714361,4.491933270148126,0.2620515784678743,0.0062127670737299415
4193.0,167.72,2.0,-27.405496744153606,-6.1080933432008315,-27.405496744153606,-6.1080933432008315,4.496780106539563,0.26205157846787425,0.0062127670737299415
4194.0,167.76,2.0,-27.43649477530149,-5.964812252297515,-27.43649477530149,-5.964812252297515,4.5016269429310025,0.2620515784678743,0.0062127670737299415
4195.0,167.8,2.0,-27.466795411767528,-5.8213821926961975,-27.466795411767528,-5.8213821926961975,4.506473779322442,0.2620515784678743,0.0062127670737299415
4196.0,167.84,2.0,-27.49639793593451,-5.6778065676353044,-27.49639793593451,-5.6778065676353044,4.51132061571388,0.2620515784678743,0.0062127670737299415
4197.0,167.88,2.0,-27.525301646835192,-5.5340887838183175,-27.525301646835192,-5.5340887838183175,4.51616745210532,0.26205157846787425,0.0062127670737299415
4198.0,167.92000000000002,2.0,-27.553505860169032,-5.390232251332118,-27.553505860169032,-5.390232251332118,4.521014288496758,0.2620515784678743,0.0062127670737299415
4199.0,167.96,2.0,-27.581009908318595,-5.246240383565241,-27.581009908318595,-5.246240383565241,4.525861124888197,0.2620515784678743,0.0062127670737299415
4200.0,168.0,2.0,-27.607813140365515,-5.102116597126053,-27.607813140365515,-5.102116597126053,4.530707961279637,0.2620515784678743,0.0062127670737299415
4201.0,168.04,2.0,-27.633914922106026,-4.9578643117608525,-27.633914922106026,-4.9578643117608525,4.535554797671075,0.26205157846787425,0.0062127670737299415
4202.0,168.08,2.0,-27.659314636066178,-4.813486950271894,-27.659314636066178,-4.813486950271894,4.540401634062514,0.2620515784678743,0.0062127670737299415
4203.0,168.12,2.0,-27.68401168151653,-4.668987938435343,-27.68401168151653,-4.668987938435343,4.545248470453953,0.2620515784678743,0.0062127670737299415
4204.0,168.16,2.0,-27.708005474486573,-4.524370704919152,-27.708005474486573,-4.524370704919152,4.5500953068453915,0.2620515784678743,0.0062127670737299415
4205.0,168.20000000000002,2.0,-27.73129544777863,-4.379638681200872,-27.73129544777863,-4.379638681200872,4.554942143236831,0.26205157846787425,0.0062127670737299415
4206.0,168.24,2.0,-27.753881050981438,-4.234795301485393,-27.753881050981438,-4.234795301485393,4.559788979628269,0.2620515784678743,0.0062127670737299415
4207.0,168.28,2.0,-27.77576175048324,-4.089844002622631,-27.77576175048324,-4.089844002622631,4.564635816019709,0.2620515784678743,0.0062127670737299415
4208.0,168.32,2.0,-27.79693702948461,-3.944788224025131,-27.79693702948461,-3.944788224025131,4.569482652411148,0.2620515784678743,0.0062127670737299415
4209.0,168.36,2.0,-27.817406388010674,-3.7996314075856255,-27.817406388010674,-3.7996314075856255,4.574329488802586,0.26205157846787425,0.0062127670737299415
4210.0,168.4,2.0,-27.837169342923147,-3.654376997594526,-27.837169342923147,-3.654376997594526,4.579176325194025,0.2620515784678743,0.0062127670737299415
4211.0,168.44,2.0,-27.856225427931786,-3.509028440657359,-27.856225427931786,-3.509028440657359,4.584023161585464,0.2620515784678743,0.0062127670737299415
4212.0,168.48,2.0,-27.87457419360552,-3.3635891856121476,-27.87457419360552,-3.3635891856121476,4.588869997976903,0.2620515784678743,0.0062127670737299415
4213.0,168.52,2.0,-27.892215207383174,-3.2180626834467354,-27.892215207383174,-3.2180626834467354,4.593716834368342,0.26205157846787425,0.0062127670737299415
4214.0,168.56,2.0,-27.909148053583767,-3.0724523872160656,-27.909148053583767,-3.0724523872160656,4.5985636707597815,0.2620515784678743,0.0062127670737299415
4215.0,168.6,2.0,-27.92537233341642,-2.926761751959403,-27.92537233341642,-2.926761751959403,4.60341050715122,0.2620515784678743,0.0062127670737299415
4216.0,168.64000000000001,2.0,-27.9408876649898,-2.7809942346175145,-27.9408876649898,-2.7809942346175145,4.608257343542658,0.2620515784678743,0.0062127670737299415
4217.0,168.68,2.0,-27.95569368332126,-2.6351532939498012,-27.95569368332126,-2.6351532939498012,4.613104179934098,0.26205157846787425,0.0062127670737299415
4218.0,168.72,2.0,-27.969790040345494,-2.4892423904513867,-27.969790040345494,-2.4892423904513867,4.617951016325536,0.2620515784678743,0.0062127670737299415
4219.0,168.76,2.0,-27.983176404922794,-2.3432649862701687,-27.983176404922794,-2.3432649862701687,4.6227978527169755,0.2620515784678743,0.0062127670737299415
4220.0,168.8,2.0,-27.995852462846926,-2.1972245451238233,-27.995852462846926,-2.1972245451238233,4.627644689108414,0.2620515784678743,0.0062127670737299415
4221.0,168.84,2.0,-28.00781791685258,-2.0511245322167784,-28.00781791685258,-2.0511245322167784,4.632491525499853,0.26205157846787425,0.0062127670737299415
4222.0,168.88,2.0,-28.019072486622406,-1.9049684141571475,-28.019072486622406,-1.9049684141571475,4.637338361891292,0.2620515784678743,0.0062127670737299415
4223.0,168.92000000000002,2.0,-28.029615908793648,-1.7587596588736343,-28.029615908793648,-1.7587596588736343,4.642185198282731,0.2620515784678743,0.0062127670737299415
4224.0,168.96,2.0,-28.039447936964386,-1.6125017355324012,-28.039447936964386,-1.6125017355324012,4.64703203467417,0.2620515784678743,0.0062127670737299415
4225.0,169.0,2.0,-28.048568341699355,-1.4661981144539122,-28.048568341699355,-1.4661981144539122,4.651878871065609,0.26205157846787425,0.0062127670737299415
4226.0,169.04,2.0,-28.056976910535337,-1.3198522670297463,-28.056976910535337,-1.3198522670297463,4.656725707457047,0.2620515784678743,0.0062127670737299415
4227.0,169.08,2.0,-28.064673447986184,-1.1734676656393852,-28.064673447986184,-1.1734676656393852,4.661572543848487,0.2620515784678743,0.0062127670737299415
4228.0,169.12,2.0,-28.0716577755474,-1.0270477835669802,-28.0716577755474,-1.0270477835669802,4.666419380239925,0.2620515784678743,0.0062127670737299415
4229.0,169.16,2.0,-28.077929731700333,-0.8805960949180957,-28.077929731700333,-0.8805960949180957,4.6712662166313645,0.26205157846787425,0.0062127670737299415
4230.0,169.20000000000002,2.0,-28.083489171915925,-0.7341160745364321,-28.083489171915925,-0.7341160745364321,4.676113053022803,0.2620515784678743,0.0062127670737299415
4231.0,169.24,2.0,-28.088335968658107,-0.5876111979205355,-28.088335968658107,-0.5876111979205355,4.680959889414242,0.2620515784678743,0.0062127670737299415
4232.0,169.28,2.0,-28.092470011386744,-0.4410849411404884,-28.092470011386744,-0.4410849411404884,4.685806725805681,0.2620515784678743,0.0062127670737299415
4233.0,169.32,2.0,-28.095891206560186,-0.29454078075458834,-28.095891206560186,-0.29454078075458834,4.690653562197119,0.26205157846787425,0.0062127670737299415
4234.0,169.36,2.0,-28.09859947763738,-0.14798219372601557,-28.09859947763738,-0.14798219372601557,4.695500398588559,0.2620515784678743,0.0062127670737299415
4235.0,169.4,2.0,-28.100594765079627,-0.0014126573394912857,-28.100594765079627,-0.0014126573394912857,4.700347234979998,0.2620515784678743,0.0062127670737299415
4236.0,169.44,2.0,-28.1018770263519,0.14516435088207133,-28.1018770263519,0.14516435088207133,4.705194071371436,0.2620515784678743,0.0062127670737299415
4237.0,169.48,2.0,-28.102446235923736,0.29174535326092155,-28.102446235923736,0.29174535326092155,4.710040907762876,0.26205157846787425,0.0062127670737299415
4238.0,169.52,2.0,-28.102302385269734,0.4383268720478285,-28.102302385269734,0.4383268720478285,4.714887744154315,0.2620515784678743,0.0062127670737299415
4239.0,169.56,2.0,-28.10144548286966,0.5849054295054397,-28.10144548286966,0.5849054295054397,4.719734580545753,0.2620515784678743,0.0062127670737299415
4240.0,169.6,2.0,-28.099875554208115,0.7314775479916388,-28.099875554208115,0.7314775479916388,4.724581416937193,0.2620515784678743,0.0062127670737299415
4241.0,169.64000000000001,2.0,-28.097592641773804,0.8780397500429006,-28.097592641773804,0.8780397500429006,4.729428253328631,0.26205157846787425,0.0062127670737299415
4242.0,169.68,2.0,-28.094596805058398,1.0245885584576409,-28.094596805058398,1.0245885584576409,4.73427508972007,0.2620515784678743,0.0062127670737299415
4243.0,169.72,2.0,-28.090888120555007,1.1711204963795598,-28.090888120555007,1.1711204963795598,4.739121926111509,0.2620515784678743,0.0062127670737299415
4244.0,169.76,2.0,-28.08646668175618,1.3176320873809761,-28.08646668175618,1.3176320873809761,4.743968762502948,0.2620515784678743,0.0062127670737299415
4245.0,169.8,2.0,-28.08133259915155,1.46411985554615,-28.08133259915155,1.46411985554615,4.748815598894387,0.26205157846787425,0.0062127670737299415
4246.0,169.84,2.0,-28.0754860002251,1.6105803255545943,-28.0754860002251,1.6105803255545943,4.753662435285825,0.2620515784678743,0.0062127670737299415
4247.0,169.88,2.0,-28.068927029451913,1.7570100227643686,-28.068927029451913,1.7570100227643686,4.758509271677264,0.2620515784678743,0.0062127670737299415
4248.0,169.92000000000002,2.0,-28.061655848294595,1.9034054732953585,-28.061655848294595,1.9034054732953585,4.763356108068704,0.2620515784678743,0.0062127670737299415
4249.0,169.96,2.0,-28.0536726351993,2.049763204112536,-28.0536726351993,2.049763204112536,4.768202944460143,0.26205157846787425,0.0062127670737299415
4250.0,170.0,2.0,-28.04497758559129,2.196079743109195,-28.04497758559129,2.196079743109195,4.773049780851581,0.2620515784678743,0.0062127670737299415
4251.0,170.04,2.0,-28.0355709118701,2.3423516191901705,-28.0355709118701,2.3423516191901705,4.77789661724302,0.2620515784678743,0.0062127670737299415
4252.0,170.08,2.0,-28.02545284340433,2.488575362355024,-28.02545284340433,2.488575362355024,4.782743453634459,0.2620515784678743,0.0062127670737299415
4253.0,170.12,2.0,-28.014623626525996,2.6347475037812136,-28.014623626525996,2.6347475037812136,4.787590290025898,0.26205157846787425,0.0062127670737299415
4254.0,170.16,2.0,-28.003083524524477,2.7808645759072204,-28.003083524524477,2.7808645759072204,4.7924371264173375,0.2620515784678743,0.0062127670737299415
4255.0,170.20000000000002,2.0,-27.99083281764006,2.9269231125156585,-27.99083281764006,2.9269231125156585,4.797283962808775,0.2620515784678743,0.0062127670737299415
4256.0,170.24,2.0,-27.977871803057077,3.072919648816341,-27.977871803057077,3.072919648816341,4.802130799200215,0.2620515784678743,0.0062127670737299415
4257.0,170.28,2.0,-27.964200794896605,3.218850721529315,-27.964200794896605,3.218850721529315,4.806977635591653,0.26205157846787425,0.0062127670737299415
4258.0,170.32,2.0,-27.949820124208845,3.3647128689678625,-27.949820124208845,3.3647128689678625,4.811824471983092,0.2620515784678743,0.0062127670737299415
4259.0,170.36,2.0,-27.93473013896496,3.5105026311214567,-27.93473013896496,3.5105026311214567,4.816671308374532,0.2620515784678743,0.0062127670737299415
4260.0,170.4,2.0,-27.91893120404861,3.656216549738678,-27.91893120404861,3.656216549738678,4.82151814476597,0.2620515784678743,0.0062127670737299415
4261.0,170.44,2.0,-27.902423701247073,3.8018511684100944,-27.902423701247073,3.8018511684100944,4.826364981157409,0.26205157846787425,0.0062127670737299415
4262.0,170.48,2.0,-27.8852080292419,3.9474030326510836,-27.8852080292419,3.9474030326510836,4.831211817548848,0.2620515784678743,0.0062127670737299415
4263.0,170.52,2.0,-27.86728460359917,4.092868689984621,-27.86728460359917,4.092868689984621,4.836058653940286,0.2620515784678743,0.0062127670737299415
4264.0,170.56,2.0,-27.848653856759448,4.238244690024007,-27.848653856759448,4.238244690024007,4.840905490331727,0.2620515784678743,0.0062127670737299415
4265.0,170.6,2.0,-27.82931623802717,4.383527584555558,-27.82931623802717,4.383527584555558,4.845752326723165,0.26205157846787425,0.0062127670737299415
4266.0,170.64000000000001,2.0,-27.809272213559762,4.528713927621223,-27.809272213559762,4.528713927621223,4.8505991631146035,0.2620515784678743,0.0062127670737299415
4267.0,170.68,2.0,-27.788522266356257,4.67380027560117,-27.788522266356257,4.67380027560117,4.855445999506043,0.2620515784678743,0.0062127670737299415
4268.0,170.72,2.0,-27.767066896245563,4.818783187296292,-27.767066896245563,4.818783187296292,4.860292835897481,0.2620515784678743,0.0062127670737299415
4269.0,170.76,2.0,-27.744906619874325,4.96365922401067,-27.744906619874325,4.96365922401067,4.865139672288921,0.26205157846787425,0.0062127670737299415
4270.0,170.8,2.0,-27.722041970694328,5.108424949633968,-27.722041970694328,5.108424949633968,4.869986508680359,0.2620515784678743,0.0062127670737299415
4271.0,170.84,2.0,-27.698473498949575,5.253076930723765,-27.698473498949575,5.253076930723765,4.874833345071798,0.2620515784678743,0.0062127670737299415
4272.0,170.88,2.0,-27.674201771662865,5.397611736587826,-27.674201771662865,5.397611736587826,4.879680181463238,0.2620515784678743,0.0062127670737299415
4273.0,170.92000000000002,2.0,-27.649227372622097,5.542025939366298,-27.649227372622097,5.542025939366298,4.884527017854675,0.26205157846787425,0.0062127670737299415
4274.0,170.96,2.0,-27.62355090236601,5.686316114113846,-27.62355090236601,5.686316114113846,4.889373854246115,0.2620515784678743,0.0062127670737299415
4275.0,171.0,2.0,-27.597172978169652,5.830478838881714,-27.597172978169652,5.830478838881714,4.894220690637554,0.2620515784678743,0.0062127670737299415
4276.0,171.04,2.0,-27.57009423402941,5.974510694799706,-27.57009423402941,5.974510694799706,4.8990675270289925,0.2620515784678743,0.0062127670737299415
4277.0,171.08,2.0,-27.54231532064758,6.118408266158108,-27.54231532064758,6.118408266158108,4.903914363420432,0.26205157846787425,0.0062127670737299415
4278.0,171.12,2.0,-27.513836905416618,6.262168140489517,-27.513836905416618,6.262168140489517,4.908761199811871,0.2620515784678743,0.0062127670737299415
4279.0,171.16,2.0,-27.48465967240291,6.4057869086506,-27.48465967240291,6.4057869086506,4.91360803620331,0.2620515784678743,0.0062127670737299415
4280.0,171.20000000000002,2.0,-27.454784322330244,6.549261164903766,-27.454784322330244,6.549261164903766,4.918454872594748,0.2620515784678743,0.0062127670737299415
4281.0,171.24,2.0,-27.42421157256275,6.692587506998765,-27.42421157256275,6.692587506998765,4.9233017089861875,0.26205157846787425,0.0062127670737299415
4282.0,171.28,2.0,-27.392942157087553,6.835762536254191,-27.392942157087553,6.835762536254191,4.928148545377626,0.2620515784678743,0.0062127670737299415
4283.0,171.32,2.0,-27.360976826496973,6.978782857638902,-27.360976826496973,6.978782857638902,4.932995381769065,0.2620515784678743,0.0062127670737299415
4284.0,171.36,2.0,-27.328316347970308,7.121645079853354,-27.328316347970308,7.121645079853354,4.937842218160504,0.2620515784678743,0.0062127670737299415
4285.0,171.4,2.0,-27.294961505255277,7.264345815410842,-27.294961505255277,7.264345815410842,4.942689054551943,0.26205157846787425,0.0062127670737299415
4286.0,171.44,2.0,-27.26091309864899,7.406881680718648,-27.26091309864899,7.406881680718648,4.9475358909433815,0.2620515784678743,0.0062127670737299415
4287.0,171.48,2.0,-27.22617194497861,7.54924929615909,-27.22617194497861,7.54924929615909,4.952382727334821,0.2620515784678743,0.0062127670737299415
4288.0,171.52,2.0,-27.19073887758152,7.691445286170487,-27.19073887758152,7.691445286170487,4.957229563726259,0.2620515784678743,0.0062127670737299415
4289.0,171.56,2.0,-27.154614746285166,7.833466279328009,-27.154614746285166,7.833466279328009,4.962076400117699,0.26205157846787425,0.0062127670737299415
4290.0,171.6,2.0,-27.11780041738645,7.975308908424438,-27.11780041738645,7.975308908424438,4.966923236509137,0.2620515784678743,0.0062127670737299415
4291.0,171.64000000000001,2.0,-27.080296773630785,8.11696981055082,-27.080296773630785,8.11696981055082,4.9717700729005765,0.2620515784678743,0.0062127670737299415
4292.0,171.68,2.0,-27.042104714190703,8.258445627177021,-27.042104714190703,8.258445627177021,4.976616909292015,0.2620515784678743,0.0062127670737299415
4293.0,171.72,2.0,-27.00322515464407,8.399733004232164,-27.00322515464407,8.399733004232164,4.981463745683454,0.26205157846787425,0.0062127670737299415
4294.0,171.76,2.0,-26.963659026951962,8.540828592184965,-26.963659026951962,8.540828592184965,4.986310582074893,0.2620515784678743,0.0062127670737299415
4295.0,171.8,2.0,-26.923407279436077,8.681729046123964,-26.923407279436077,8.681729046123964,4.991157418466332,0.2620515784678743,0.0062127670737299415
4296.0,171.84,2.0,-26.882470876755775,8.822431025837622,-26.882470876755775,8.822431025837622,4.9960042548577706,0.2620515784678743,0.0062127670737299415
4297.0,171.88,2.0,-26.84085079988476,8.962931195894344,-26.84085079988476,8.962931195894344,5.000851091249209,0.26205157846787425,0.0062127670737299415
4298.0,171.92000000000002,2.0,-26.798548046087337,9.103226225722334,-26.798548046087337,9.103226225722334,5.005697927640648,0.2620515784678743,0.0062127670737299415
4299.0,171.96,2.0,-26.755563628894254,9.243312789689378,-26.755563628894254,9.243312789689378,5.010544764032088,0.2620515784678743,0.0062127670737299415
4300.0,172.0,2.0,-26.711898578078223,9.383187567182478,-26.711898578078223,9.383187567182478,5.015391600423526,0.2620515784678743,0.0062127670737299415
4301.0,172.04,2.0,-26.66755393962896,9.522847242687373,-26.66755393962896,9.522847242687373,5.0202384368149655,0.26205157846787425,0.0062127670737299415
4302.0,172.08,2.0,-26.62253077572792,9.662288505867949,-26.62253077572792,9.662288505867949,5.025085273206405,0.2620515784678743,0.0062127670737299415
4303.0,172.12,2.0,-26.5768301647226,9.801508051645492,-26.5768301647226,9.801508051645492,5.029932109597842,0.2620515784678743,0.0062127670737299415
4304.0,172.16,2.0,-26.530453201100432,9.940502580277846,-26.530453201100432,9.940502580277846,5.034778945989283,0.2620515784678743,0.0062127670737299415
4305.0,172.20000000000002,2.0,-26.483400995462336,10.079268797438424,-26.483400995462336,10.079268797438424,5.039625782380721,0.26205157846787425,0.0062127670737299415
4306.0,172.24,2.0,-26.435674674495857,10.217803414295087,-26.435674674495857,10.217803414295087,5.04447261877216,0.2620515784678743,0.0062127670737299415
4307.0,172.28,2.0,-26.387275380947916,10.356103147588902,-26.387275380947916,10.356103147588902,5.049319455163599,0.2620515784678743,0.0062127670737299415
4308.0,172.32,2.0,-26.33820427359718,10.494164719712744,-26.33820427359718,10.494164719712744,5.054166291555037,0.2620515784678743,0.0062127670737299415
4309.0,172.36,2.0,-26.288462527226063,10.63198485878978,-26.288462527226063,10.63198485878978,5.059013127946477,0.26205157846787425,0.0062127670737299415
4310.0,172.4,2.0,-26.238051332592285,10.76956029875181,-26.238051332592285,10.76956029875181,5.063859964337915,0.2620515784678743,0.0062127670737299415
4311.0,172.44,2.0,-26.18697189640011,10.906887779417449,-26.18697189640011,10.906887779417449,5.068706800729354,0.2620515784678743,0.0062127670737299415
4312.0,172.48,2.0,-26.13522544127119,11.043964046570206,-26.13522544127119,11.043964046570206,5.073553637120794,0.2620515784678743,0.0062127670737299415
4313.0,172.52,2.0,-26.082813205714984,11.18078585203636,-26.082813205714984,11.18078585203636,5.078400473512232,0.26205157846787425,0.0062127670737299415
4314.0,172.56,2.0,-26.02973644409883,11.317349953762749,-26.02973644409883,11.317349953762749,5.083247309903671,0.2620515784678743,0.0062127670737299415
4315.0,172.6,2.0,-25.975996426617634,11.453653115894365,-25.975996426617634,11.453653115894365,5.08809414629511,0.2620515784678743,0.0062127670737299415
4316.0,172.64000000000001,2.0,-25.92159443926318,11.589692108851832,-25.92159443926318,11.589692108851832,5.092940982686549,0.2620515784678743,0.0062127670737299415
4317.0,172.68,2.0,-25.86653178379303,11.725463709408704,-25.86653178379303,11.725463709408704,5.097787819077988,0.26205157846787425,0.0062127670737299415
4318.0,172.72,2.0,-25.81080977769908,11.86096470076862,-25.81080977769908,11.86096470076862,5.102634655469427,0.2620515784678743,0.0062127670737299415
4319.0,172.76,2.0,-25.75442975417572,11.996191872642319,-25.75442975417572,11.996191872642319,5.107481491860865,0.2620515784678743,0.0062127670737299415
4320.0,172.8,2.0,-25.697393062087645,12.131142021324468,-25.697393062087645,12.131142021324468,5.112328328252305,0.2620515784678743,0.0062127670737299415
4321.0,172.84,2.0,-25.639701065937214,12.265811949770349,-25.639701065937214,12.265811949770349,5.117175164643743,0.26205157846787425,0.0062127670737299415
4322.0,172.88,2.0,-25.58135514583153,12.400198467672372,-25.58135514583153,12.400198467672372,5.122022001035182,0.2620515784678743,0.0062127670737299415
4323.0,172.92000000000002,2.0,-25.522356697449073,12.53429839153645,-25.522356697449073,12.53429839153645,5.126868837426621,0.2620515784678743,0.0062127670737299415
4324.0,172.96,2.0,-25.462707132006,12.668108544758166,-25.462707132006,12.668108544758166,5.13171567381806,0.2620515784678743,0.0062127670737299415
4325.0,173.0,2.0,-25.402407876222036,12.801625757698824,-25.402407876222036,12.801625757698824,5.136562510209499,0.26205157846787425,0.0062127670737299415
4326.0,173.04,2.0,-25.341460372286033,12.934846867761276,-25.341460372286033,12.934846867761276,5.141409346600938,0.2620515784678743,0.0062127670737299415
4327.0,173.08,2.0,-25.279866077821115,13.067768719465633,-25.279866077821115,13.067768719465633,5.146256182992376,0.2620515784678743,0.0062127670737299415
4328.0,173.12,2.0,-25.217626465849477,13.200388164524753,-25.217626465849477,13.200388164524753,5.151103019383816,0.2620515784678743,0.0062127670737299415
4329.0,173.16,2.0,-25.154743024756826,13.332702061919601,-25.154743024756826,13.332702061919601,5.155949855775255,0.26205157846787425,0.0062127670737299415
4330.0,173.20000000000002,2.0,-25.091217258256403,13.464707277974389,-25.091217258256403,13.464707277974389,5.160796692166693,0.2620515784678743,0.0062127670737299415
4331.0,173.24,2.0,-25.027050685352698,13.596400686431569,-25.027050685352698,13.596400686431569,5.165643528558133,0.2620515784678743,0.0062127670737299415
4332.0,173.28,2.0,-24.962244840304745,13.727779168526638,-24.962244840304745,13.727779168526638,5.170490364949571,0.2620515784678743,0.0062127670737299415
4333.0,173.32,2.0,-24.896801272589094,13.858839613062745,-24.896801272589094,13.858839613062745,5.17533720134101,0.26205157846787425,0.0062127670737299415
4334.0,173.36,2.0,-24.830721546862385,13.989578916485147,-24.830721546862385,13.989578916485147,5.180184037732449,0.2620515784678743,0.0062127670737299415
4335.0,173.4,2.0,-24.764007242923547,14.119993982955446,-24.764007242923547,14.119993982955446,5.185030874123888,0.2620515784678743,0.0062127670737299415
4336.0,173.44,2.0,-24.69665995567571,14.250081724425666,-24.69665995567571,14.250081724425666,5.1898777105153275,0.2620515784678743,0.0062127670737299415
4337.0,173.48,2.0,-24.62868129508763,14.37983906071211,-24.62868129508763,14.37983906071211,5.194724546906765,0.26205157846787425,0.0062127670737299415
4338.0,173.52,2.0,-24.56007288615487,14.509262919569062,-24.56007288615487,14.509262919569062,5.1995713832982045,0.2620515784678743,0.0062127670737299415
4339.0,173.56,2.0,-24.490836368860545,14.638350236762275,-24.490836368860545,14.638350236762275,5.204418219689644,0.2620515784678743,0.0062127670737299415
4340.0,173.6,2.0,-24.420973398135736,14.767097956142262,-24.420973398135736,14.767097956142262,5.209265056081082,0.2620515784678743,0.0062127670737299415
4341.0,173.64000000000001,2.0,-24.350485643819546,14.8955030297174,-24.350485643819546,14.8955030297174,5.214111892472522,0.26205157846787425,0.0062127670737299415
4342.0,173.68,2.0,-24.279374790618782,15.02356241772685,-24.279374790618782,15.02356241772685,5.218958728863961,0.2620515784678743,0.0062127670737299415
4343.0,173.72,2.0,-24.20764253806729,15.151273088713234,-24.20764253806729,15.151273088713234,5.223805565255399,0.2620515784678743,0.0062127670737299415
4344.0,173.76,2.0,-24.135290600484936,15.278632019595154,-24.135290600484936,15.278632019595154,5.228652401646838,0.2620515784678743,0.0062127670737299415
4345.0,173.8,2.0,-24.062320706936227,15.405636195739486,-24.062320706936227,15.405636195739486,5.233499238038277,0.26205157846787425,0.0062127670737299415
4346.0,173.84,2.0,-23.98873460118859,15.532282611033494,-23.98873460118859,15.532282611033494,5.238346074429716,0.2620515784678743,0.0062127670737299415
4347.0,173.88,2.0,-23.91453404167025,15.658568267956682,-23.91453404167025,15.658568267956682,5.243192910821155,0.2620515784678743,0.0062127670737299415
4348.0,173.92000000000002,2.0,-23.839720801427838,15.78449017765251,-23.839720801427838,15.78449017765251,5.2480397472125935,0.2620515784678743,0.0062127670737299415
4349.0,173.96,2.0,-23.764296668083567,15.910045359999833,-23.764296668083567,15.910045359999833,5.252886583604033,0.26205157846787425,0.0062127670737299415
4350.0,174.0,2.0,-23.688263443792113,16.035230843684182,-23.688263443792113,16.035230843684182,5.257733419995471,0.2620515784678743,0.0062127670737299415
4351.0,174.04,2.0,-23.611622945197116,16.160043666268813,-23.611622945197116,16.160043666268813,5.262580256386911,0.2620515784678743,0.0062127670737299415
4352.0,174.08,2.0,-23.53437700338734,16.284480874265487,-23.53437700338734,16.284480874265487,5.267427092778349,0.2620515784678743,0.0062127670737299415
4353.0,174.12,2.0,-23.456527463852506,16.408539523205157,-23.456527463852506,16.408539523205157,5.272273929169788,0.26205157846787425,0.0062127670737299415
4354.0,174.16,2.0,-23.378076186438737,16.5322166777083,-23.378076186438737,16.5322166777083,5.277120765561227,0.2620515784678743,0.0062127670737299415
4355.0,174.20000000000002,2.0,-23.2990250453037,16.655509411555126,-23.2990250453037,16.655509411555126,5.281967601952666,0.2620515784678743,0.0062127670737299415
4356.0,174.24,2.0,-23.219375928871383,16.778414807755503,-23.219375928871383,16.778414807755503,5.286814438344105,0.2620515784678743,0.0062127670737299415
4357.0,174.28,2.0,-23.139130739786534,16.90092995861871,-23.139130739786534,16.90092995861871,5.291661274735544,0.26205157846787425,0.0062127670737299415
4358.0,174.32,2.0,-23.058291394868757,17.023051965822923,-23.058291394868757,17.023051965822923,5.2965081111269825,0.2620515784678743,0.0062127670737299415
4359.0,174.36,2.0,-22.976859825066263,17.144777940484488,-22.976859825066263,17.144777940484488,5.301354947518422,0.2620515784678743,0.0062127670737299415
4360.0,174.4,2.0,-22.894837975409295,17.266105003226976,-22.894837975409295,17.266105003226976,5.30620178390986,0.2620515784678743,0.0062127670737299415
4361.0,174.44,2.0,-22.8122278049632,17.387030284249995,-22.8122278049632,17.387030284249995,5.311048620301299,0.26205157846787425,0.0062127670737299415
4362.0,174.48,2.0,-22.729031286781176,17.50755092339778,-22.729031286781176,17.50755092339778,5.315895456692738,0.2620515784678743,0.0062127670737299415
4363.0,174.52,2.0,-22.645250407856672,17.627664070227517,-22.645250407856672,17.627664070227517,5.3207422930841775,0.2620515784678743,0.0062127670737299415
4364.0,174.56,2.0,-22.560887169075468,17.7473668840775,-22.560887169075468,17.7473668840775,5.325589129475616,0.2620515784678743,0.0062127670737299415
4365.0,174.6,2.0,-22.475943585167393,17.86665653413497,-22.475943585167393,17.86665653413497,5.330435965867055,0.26205157846787425,0.0062127670737299415
4366.0,174.64000000000001,2.0,-22.39042168465775,17.985530199503778,-22.39042168465775,17.985530199503778,5.335282802258495,0.2620515784678743,0.0062127670737299415
4367.0,174.68,2.0,-22.304323509818374,18.103985069271758,-22.304323509818374,18.103985069271758,5.340129638649932,0.2620515784678743,0.0062127670737299415
4368.0,174.72,2.0,-22.2176511166184,18.222018342577908,-22.2176511166184,18.222018342577908,5.344976475041372,0.2620515784678743,0.0062127670737299415
4369.0,174.76,2.0,-22.13040657467463,18.3396272286793,-22.13040657467463,18.3396272286793,5.349823311432811,0.26205157846787425,0.0062127670737299415
4370.0,174.8,2.0,-22.042591967201677,18.456808947017727,-22.042591967201677,18.456808947017727,5.354670147824249,0.2620515784678743,0.0062127670737299415
4371.0,174.84,2.0,-21.954209390961676,18.573560727286157,-21.954209390961676,18.573560727286157,5.359516984215689,0.2620515784678743,0.0062127670737299415
4372.0,174.88,2.0,-21.86526095621376,18.689879809494858,-21.86526095621376,18.689879809494858,5.364363820607127,0.2620515784678743,0.0062127670737299415
4373.0,174.92000000000002,2.0,-21.775748786663133,18.805763444037375,-21.775748786663133,18.805763444037375,5.3692106569985665,0.26205157846787425,0.0062127670737299415
4374.0,174.96,2.0,-21.685675019409878,18.92120889175615,-21.685675019409878,18.92120889175615,5.374057493390005,0.2620515784678743,0.0062127670737299415
4375.0,175.0,2.0,-21.595041804897434,19.03621342400799,-21.595041804897434,19.03621342400799,5.378904329781443,0.2620515784678743,0.0062127670737299415
4376.0,175.04,2.0,-21.503851306860717,19.15077432272918,-21.503851306860717,19.15077432272918,5.383751166172884,0.2620515784678743,0.0062127670737299415
4377.0,175.08,2.0,-21.41210570227397,19.264888880500422,-21.41210570227397,19.264888880500422,5.388598002564322,0.26205157846787425,0.0062127670737299415
4378.0,175.12,2.0,-21.319807181298252,19.378554400611474,-21.319807181298252,19.378554400611474,5.3934448389557605,0.2620515784678743,0.0062127670737299415
4379.0,175.16,2.0,-21.22695794722866,19.49176819712554,-21.22695794722866,19.49176819712554,5.3982916753472,0.2620515784678743,0.0062127670737299415
4380.0,175.20000000000002,2.0,-21.13356021644116,19.604527594943388,-21.13356021644116,19.604527594943388,5.403138511738638,0.2620515784678743,0.0062127670737299415
4381.0,175.24,2.0,-21.039616218339205,19.716829929867245,-21.039616218339205,19.716829929867245,5.407985348130078,0.26205157846787425,0.0062127670737299415
4382.0,175.28,2.0,-20.94512819529996,19.828672548664354,-20.94512819529996,19.828672548664354,5.412832184521517,0.2620515784678743,0.0062127670737299415
4383.0,175.32,2.0,-20.850098402620226,19.940052809130357,-20.850098402620226,19.940052809130357,5.417679020912955,0.2620515784678743,0.0062127670737299415
4384.0,175.36,2.0,-20.75452910846211,20.050968080152323,-20.75452910846211,20.050968080152323,5.422525857304395,0.2620515784678743,0.0062127670737299415
4385.0,175.4,2.0,-20.6584225937983,20.161415741771574,-20.6584225937983,20.161415741771574,5.427372693695832,0.26205157846787425,0.0062127670737299415
4386.0,175.44,2.0,-20.56178115235713,20.271393185246204,-20.56178115235713,20.271393185246204,5.432219530087272,0.2620515784678743,0.0062127670737299415
4387.0,175.48,2.0,-20.46460709056725,20.38089781311335,-20.46460709056725,20.38089781311335,5.437066366478711,0.2620515784678743,0.0062127670737299415
4388.0,175.52,2.0,-20.36690272750203,20.489927039251157,-20.36690272750203,20.489927039251157,5.44191320287015,0.2620515784678743,0.0062127670737299415
4389.0,175.56,2.0,-20.26867039482369,20.598478288940495,-20.26867039482369,20.598478288940495,5.446760039261589,0.26205157846787425,0.0062127670737299415
4390.0,175.6,2.0,-20.16991243672708,20.70654899892641,-20.16991243672708,20.70654899892641,5.451606875653027,0.2620515784678743,0.0062127670737299415
4391.0,175.64000000000001,2.0,-20.070631209883178,20.814136617479253,-20.070631209883178,20.814136617479253,5.456453712044466,0.2620515784678743,0.0062127670737299415
4392.0,175.68,2.0,-19.970829083382277,20.92123860445559,-19.970829083382277,20.92123860445559,5.461300548435906,0.2620515784678743,0.0062127670737299415
4393.0,175.72,2.0,-19.870508438676914,21.027852431358745,-19.870508438676914,21.027852431358745,5.4661473848273445,0.26205157846787425,0.0062127670737299415
4394.0,175.76,2.0,-19.76967166952446,21.1339755813992,-19.76967166952446,21.1339755813992,5.470994221218783,0.2620515784678743,0.0062127670737299415
4395.0,175.8,2.0,-19.668321181929418,21.239605549554533,-19.668321181929418,21.239605549554533,5.475841057610222,0.2620515784678743,0.0062127670737299415
4396.0,175.84,2.0,-19.56645939408546,21.34473984262923,-19.56645939408546,21.34473984262923,5.480687894001661,0.2620515784678743,0.0062127670737299415
4397.0,175.88,2.0,-19.464088736317137,21.44937597931412,-19.464088736317137,21.44937597931412,5.4855347303931,0.26205157846787425,0.0062127670737299415
4398.0,175.92000000000002,2.0,-19.36121165102133,21.553511490245533,-19.36121165102133,21.553511490245533,5.490381566784539,0.2620515784678743,0.0062127670737299415
4399.0,175.96,2.0,-19.25783059260835,21.657143918064225,-19.25783059260835,21.657143918064225,5.495228403175978,0.2620515784678743,0.0062127670737299415
4400.0,176.0,2.0,-19.153948027442866,21.760270817473927,-19.153948027442866,21.760270817473927,5.500075239567417,0.2620515784678743,0.0062127670737299415
4401.0,176.04,2.0,-19.0495664337844,21.862889755299665,-19.0495664337844,21.862889755299665,5.504922075958855,0.26205157846787425,0.0062127670737299415
4402.0,176.08,2.0,-18.94468830172766,21.964998310545774,-18.94468830172766,21.964998310545774,5.509768912350294,0.2620515784678743,0.0062127670737299415
4403.0,176.12,2.0,-18.83931613314251,22.06659407445358,-18.83931613314251,22.06659407445358,5.5146157487417335,0.2620515784678743,0.0062127670737299415
4404.0,176.16,2.0,-18.733452441613732,22.167674650558855,-18.733452441613732,22.167674650558855,5.519462585133172,0.2620515784678743,0.0062127670737299415
4405.0,176.20000000000002,2.0,-18.627099752380417,22.26823765474891,-18.627099752380417,22.26823765474891,5.524309421524611,0.26205157846787425,0.0062127670737299415
4406.0,176.24,2.0,-18.520260602275137,22.368280715319408,-18.520260602275137,22.368280715319408,5.529156257916051,0.2620515784678743,0.0062127670737299415
4407.0,176.28,2.0,-18.41293753966285,22.46780147303091,-18.41293753966285,22.46780147303091,5.534003094307489,0.2620515784678743,0.0062127670737299415
4408.0,176.32,2.0,-18.305133124379473,22.56679758116506,-18.305133124379473,22.56679758116506,5.538849930698928,0.2620515784678743,0.0062127670737299415
4409.0,176.36,2.0,-18.19684992767024,22.66526670558052,-18.19684992767024,22.66526670558052,5.543696767090367,0.26205157846787425,0.0062127670737299415
4410.0,176.4,2.0,-18.088090532127733,22.76320652476858,-18.088090532127733,22.76320652476858,5.548543603481805,0.2620515784678743,0.0062127670737299415
4411.0,176.44,2.0,-17.97885753162969,22.86061472990844,-17.97885753162969,22.86061472990844,5.553390439873245,0.2620515784678743,0.0062127670737299415
4412.0,176.48,2.0,-17.869153531276503,22.95748902492222,-17.869153531276503,22.95748902492222,5.558237276264683,0.2620515784678743,0.0062127670737299415
4413.0,176.52,2.0,-17.758981147328477,23.05382712652967,-17.758981147328477,23.05382712652967,5.563084112656123,0.26205157846787425,0.0062127670737299415
4414.0,176.56,2.0,-17.648343007142806,23.14962676430249,-17.648343007142806,23.14962676430249,5.567930949047561,0.2620515784678743,0.0062127670737299415
4415.0,176.6,2.0,-17.537241749110276,23.244885680718465,-17.537241749110276,23.244885680718465,5.572777785439,0.2620515784678743,0.0062127670737299415
4416.0,176.64000000000001,2.0,-17.42568002259174,23.339601631215167,-17.42568002259174,23.339601631215167,5.577624621830439,0.2620515784678743,0.0062127670737299415
4417.0,176.68,2.0,-17.313660487854275,23.43377238424343,-17.313660487854275,23.43377238424343,5.582471458221878,0.26205157846787425,0.0062127670737299415
4418.0,176.72,2.0,-17.201185816007126,23.527395721320442,-17.201185816007126,23.527395721320442,5.587318294613317,0.2620515784678743,0.0062127670737299415
4419.0,176.76,2.0,-17.08825868893737,23.6204694370826,-17.08825868893737,23.6204694370826,5.592165131004756,0.2620515784678743,0.0062127670737299415
4420.0,176.8,2.0,-16.974881799245324,23.712991339337957,-16.974881799245324,23.712991339337957,5.597011967396194,0.2620515784678743,0.0062127670737299415
4421.0,176.84,2.0,-16.8610578501797,23.804959249118426,-16.8610578501797,23.804959249118426,5.601858803787634,0.26205157846787425,0.0062127670737299415
4422.0,176.88,2.0,-16.746789555572498,23.89637100073161,-16.746789555572498,23.89637100073161,5.606705640179072,0.2620515784678743,0.0062127670737299415
4423.0,176.92000000000002,2.0,-16.632079639773657,23.987224441812362,-16.632079639773657,23.987224441812362,5.611552476570512,0.2620515784678743,0.0062127670737299415
4424.0,176.96,2.0,-16.51693083758543,24.07751743337397,-16.51693083758543,24.07751743337397,5.61639931296195,0.2620515784678743,0.0062127670737299415
4425.0,177.0,2.0,-16.401345894196563,24.167247849859056,-16.401345894196563,24.167247849859056,5.6212461493533885,0.26205157846787425,0.0062127670737299415
4426.0,177.04,2.0,-16.28532756511616,24.25641357919013,-16.28532756511616,24.25641357919013,5.626092985744828,0.2620515784678743,0.0062127670737299415
4427.0,177.08,2.0,-16.16887861610733,24.34501252281984,-16.16887861610733,24.34501252281984,5.630939822136267,0.2620515784678743,0.0062127670737299415
4428.0,177.12,2.0,-16.052001823120623,24.433042595780847,-16.052001823120623,24.433042595780847,5.635786658527706,0.2620515784678743,0.0062127670737299415
4429.0,177.16,2.0,-15.934699972227145,24.52050172673544,-15.934699972227145,24.52050172673544,5.640633494919145,0.26205157846787425,0.0062127670737299415
4430.0,177.20000000000002,2.0,-15.8169758595515,24.60738785802477,-15.8169758595515,24.60738785802477,5.645480331310584,0.2620515784678743,0.0062127670737299415
4431.0,177.24,2.0,-15.698832291204482,24.693698945717756,-15.698832291204482,24.693698945717756,5.650327167702022,0.2620515784678743,0.0062127670737299415
4432.0,177.28,2.0,-15.58027208321548,24.779432959659694,-15.58027208321548,24.779432959659694,5.655174004093462,0.2620515784678743,0.0062127670737299415
4433.0,177.32,2.0,-15.4612980614647,24.864587883520503,-15.4612980614647,24.864587883520503,5.660020840484901,0.26205157846787425,0.0062127670737299415
4434.0,177.36,2.0,-15.34191306161514,24.949161714842624,-15.34191306161514,24.949161714842624,5.664867676876339,0.2620515784678743,0.0062127670737299415
4435.0,177.4,2.0,-15.222119929044291,25.033152465088627,-15.222119929044291,25.033152465088627,5.669714513267778,0.2620515784678743,0.0062127670737299415
4436.0,177.44,2.0,-15.101921518775677,25.116558159688445,-15.101921518775677,25.116558159688445,5.674561349659217,0.2620515784678743,0.0062127670737299415
4437.0,177.48,2.0,-14.981320695410094,25.199376838086298,-14.981320695410094,25.199376838086298,5.679408186050656,0.26205157846787425,0.0062127670737299415
4438.0,177.52,2.0,-14.860320333056672,25.281606553787224,-14.860320333056672,25.281606553787224,5.684255022442095,0.2620515784678743,0.0062127670737299415
4439.0,177.56,2.0,-14.738923315263676,25.363245374403363,-14.738923315263676,25.363245374403363,5.689101858833533,0.2620515784678743,0.0062127670737299415
4440.0,177.6,2.0,-14.617132534949112,25.44429138169979,-14.617132534949112,25.44429138169979,5.693948695224973,0.2620515784678743,0.0062127670737299415
4441.0,177.64000000000001,2.0,-14.494950894331073,25.524742671640098,-14.494950894331073,25.524742671640098,5.698795531616412,0.26205157846787425,0.0062127670737299415
4442.0,177.68,2.0,-14.372381304857893,25.604597354431586,-14.372381304857893,25.604597354431586,5.70364236800785,0.2620515784678743,0.0062127670737299415
4443.0,177.72,2.0,-14.249426687138083,25.683853554570117,-14.249426687138083,25.683853554570117,5.70848920439929,0.2620515784678743,0.0062127670737299415
4444.0,177.76,2.0,-14.126089970870007,25.76250941088464,-14.126089970870007,25.76250941088464,5.713336040790728,0.2620515784678743,0.0062127670737299415
4445.0,177.8,2.0,-14.002374094771401,25.840563076581326,-14.002374094771401,25.840563076581326,5.7181828771821674,0.26205157846787425,0.0062127670737299415
4446.0,177.84,2.0,-13.878282006508622,25.91801271928743,-13.878282006508622,25.91801271928743,5.723029713573607,0.2620515784678743,0.0062127670737299415
4447.0,177.88,2.0,-13.753816662625724,25.994856521094725,-13.753816662625724,25.994856521094725,5.727876549965044,0.2620515784678743,0.0062127670737299415
4448.0,177.92000000000002,2.0,-13.628981028473302,26.071092678602632,-13.628981028473302,26.071092678602632,5.732723386356485,0.2620515784678743,0.0062127670737299415
4449.0,177.96,2.0,-13.503778078137122,26.146719402960986,-13.503778078137122,26.146719402960986,5.737570222747922,0.26205157846787425,0.0062127670737299415
4450.0,178.0,2.0,-13.378210794366572,26.221734919912468,-13.378210794366572,26.221734919912468,5.7424170591393615,0.2620515784678743,0.0062127670737299415
4451.0,178.04,2.0,-13.252282168502854,26.29613746983464,-13.252282168502854,26.29613746983464,5.747263895530801,0.2620515784678743,0.0062127670737299415
4452.0,178.08,2.0,-13.12599520040703,26.369925307781678,-13.12599520040703,26.369925307781678,5.752110731922239,0.2620515784678743,0.0062127670737299415
4453.0,178.12,2.0,-12.999352898387823,26.44309670352572,-12.999352898387823,26.44309670352572,5.756957568313679,0.26205157846787425,0.0062127670737299415
4454.0,178.16,2.0,-12.872358279129248,26.515649941597864,-12.872358279129248,26.515649941597864,5.761804404705117,0.2620515784678743,0.0062127670737299415
4455.0,178.20000000000002,2.0,-12.745014367618,26.587583321328815,-12.745014367618,26.587583321328815,5.766651241096556,0.2620515784678743,0.0062127670737299415
4456.0,178.24,2.0,-12.617324197070698,26.65889515688915,-12.617324197070698,26.65889515688915,5.771498077487996,0.2620515784678743,0.0062127670737299415
4457.0,178.28,2.0,-12.489290808860893,26.729583777329275,-12.489290808860893,26.729583777329275,5.776344913879434,0.26205157846787425,0.0062127670737299415
4458.0,178.32,2.0,-12.360917252445898,26.799647526618962,-12.360917252445898,26.799647526618962,5.781191750270873,0.2620515784678743,0.0062127670737299415
4459.0,178.36,2.0,-12.232206585293422,26.869084763686566,-12.232206585293422,26.869084763686566,5.786038586662312,0.2620515784678743,0.0062127670737299415
4460.0,178.4,2.0,-12.103161872808021,26.937893862457884,-12.103161872808021,26.937893862457884,5.7908854230537505,0.2620515784678743,0.0062127670737299415
4461.0,178.44,2.0,-11.97378618825734,27.006073211894595,-11.97378618825734,27.006073211894595,5.79573225944519,0.26205157846787425,0.0062127670737299415
4462.0,178.48,2.0,-11.844082612698198,27.073621216032432,-11.844082612698198,27.073621216032432,5.800579095836628,0.2620515784678743,0.0062127670737299415
4463.0,178.52,2.0,-11.71405423490245,27.140536294018887,-11.71405423490245,27.140536294018887,5.805425932228068,0.2620515784678743,0.0062127670737299415
4464.0,178.56,2.0,-11.583704151282713,27.206816880150615,-11.583704151282713,27.206816880150615,5.810272768619507,0.2620515784678743,0.0062127670737299415
4465.0,178.6,2.0,-11.45303546581787,27.27246142391047,-11.45303546581787,27.27246142391047,5.815119605010945,0.26205157846787425,0.0062127670737299415
4466.0,178.64000000000001,2.0,-11.322051289978397,27.337468390004148,-11.322051289978397,27.337468390004148,5.819966441402384,0.2620515784678743,0.0062127670737299415
4467.0,178.68,2.0,-11.19075474265155,27.401836258396457,-11.19075474265155,27.401836258396457,5.824813277793823,0.2620515784678743,0.0062127670737299415
4468.0,178.72,2.0,-11.059148950066326,27.465563524347267,-11.059148950066326,27.465563524347267,5.829660114185262,0.2620515784678743,0.0062127670737299415
4469.0,178.76,2.0,-10.927237045718282,27.528648698447046,-10.927237045718282,27.528648698447046,5.834506950576701,0.26205157846787425,0.0062127670737299415
4470.0,178.8,2.0,-10.795022170294182,27.591090306652017,-10.795022170294182,27.591090306652017,5.8393537869681404,0.2620515784678743,0.0062127670737299415
4471.0,178.84,2.0,-10.662507471596438,27.652886890318996,-10.662507471596438,27.652886890318996,5.844200623359579,0.2620515784678743,0.0062127670737299415
4472.0,178.88,2.0,-10.529696104467437,27.714037006239806,-10.529696104467437,27.714037006239806,5.849047459751017,0.2620515784678743,0.0062127670737299415
4473.0,178.92000000000002,2.0,-10.396591230713646,27.77453922667534,-10.396591230713646,27.77453922667534,5.853894296142457,0.26205157846787425,0.0062127670737299415
4474.0,178.96,2.0,-10.263196019029602,27.83439213938926,-10.263196019029602,27.83439213938926,5.858741132533895,0.2620515784678743,0.0062127670737299415
4475.0,179.0,2.0,-10.12951364492169,27.893594347681283,-10.12951364492169,27.893594347681283,5.8635879689253345,0.2620515784678743,0.0062127670737299415
4476.0,179.04,2.0,-9.995547290631807,27.952144470420173,-9.995547290631807,27.952144470420173,5.868434805316773,0.2620515784678743,0.0062127670737299415
4477.0,179.08,2.0,-9.861300145060818,28.010041142076222,-9.861300145060818,28.010041142076222,5.873281641708212,0.26205157846787425,0.0062127670737299415
4478.0,179.12,2.0,-9.726775403691903,28.067283012753514,-9.726775403691903,28.067283012753514,5.878128478099651,0.2620515784678743,0.0062127670737299415
4479.0,179.16,2.0,-9.591976268513708,28.123868748221675,-9.591976268513708,28.123868748221675,5.88297531449109,0.2620515784678743,0.0062127670737299415
4480.0,179.20000000000002,2.0,-9.456905947943362,28.179797029947316,-9.456905947943362,28.179797029947316,5.887822150882529,0.2620515784678743,0.0062127670737299415
4481.0,179.24,2.0,-9.321567656749348,28.235066555125115,-9.321567656749348,28.235066555125115,5.892668987273968,0.26205157846787425,0.0062127670737299415
4482.0,179.28,2.0,-9.185964615974196,28.289676036708425,-9.185964615974196,28.289676036708425,5.897515823665406,0.2620515784678743,0.0062127670737299415
4483.0,179.32,2.0,-9.050100052857063,28.343624203439617,-9.050100052857063,28.343624203439617,5.902362660056846,0.2620515784678743,0.0062127670737299415
4484.0,179.36,2.0,-8.913977200756134,28.39690979987995,-8.913977200756134,28.39690979987995,5.907209496448284,0.2620515784678743,0.0062127670737299415
4485.0,179.4,2.0,-8.7775992990709,28.449531586439115,-8.7775992990709,28.449531586439115,5.9120563328397235,0.26205157846787425,0.0062127670737299415
4486.0,179.44,2.0,-8.640969593164291,28.501488339404364,-8.640969593164291,28.501488339404364,5.916903169231162,0.2620515784678743,0.0062127670737299415
4487.0,179.48,2.0,-8.50409133428465,28.552778850969293,-8.50409133428465,28.552778850969293,5.921750005622601,0.2620515784678743,0.0062127670737299415
4488.0,179.52,2.0,-8.366967779487593,28.60340192926217,-8.366967779487593,28.60340192926217,5.92659684201404,0.2620515784678743,0.0062127670737299415
4489.0,179.56,2.0,-8.22960219155772,28.65335639837398,-8.22960219155772,28.65335639837398,5.931443678405478,0.26205157846787425,0.0062127670737299415
4490.0,179.6,2.0,-8.091997838930176,28.70264109838596,-8.091997838930176,28.70264109838596,5.936290514796918,0.2620515784678743,0.0062127670737299415
4491.0,179.64000000000001,2.0,-7.954157995612117,28.751254885396907,-7.954157995612117,28.751254885396907,5.941137351188357,0.2620515784678743,0.0062127670737299415
4492.0,179.68,2.0,-7.816085941104001,28.79919663154991,-7.816085941104001,28.79919663154991,5.945984187579795,0.2620515784678743,0.0062127670737299415
4493.0,179.72,2.0,-7.677784960320781,28.84646522505887,-7.677784960320781,28.84646522505887,5.950831023971235,0.26205157846787425,0.0062127670737299415
4494.0,179.76,2.0,-7.539258343512955,28.893059570234506,-7.539258343512955,28.893059570234506,5.955677860362674,0.2620515784678743,0.0062127670737299415
4495.0,179.8,2.0,-7.400509386187494,28.938978587510054,-7.400509386187494,28.938978587510054,5.960524696754112,0.2620515784678743,0.0062127670737299415
4496.0,179.84,2.0,-7.261541389028649,28.984221213466505,-7.261541389028649,28.984221213466505,5.965371533145552,0.2620515784678743,0.0062127670737299415
4497.0,179.88,2.0,-7.1223576578186325,29.02878640085754,-7.1223576578186325,29.02878640085754,5.97021836953699,0.26205157846787425,0.0062127670737299415
4498.0,179.92000000000002,2.0,-6.982961503358185,29.072673118633986,-6.982961503358185,29.072673118633986,5.975065205928429,0.2620515784678743,0.0062127670737299415
4499.0,179.96,2.0,-6.843356241387008,29.115880351967945,-6.843356241387008,29.115880351967945,5.979912042319868,0.2620515784678743,0.0062127670737299415
4500.0,180.0,2.0,-6.703545192504111,29.1584071022765,-6.703545192504111,29.1584071022765,5.984758878711307,0.2620515784678743,0.0062127670737299415
4501.0,180.04,2.0,-6.563531682088014,29.20025238724501,-6.563531682088014,29.20025238724501,5.989605715102746,0.26205157846787425,0.0062127670737299415
4502.0,180.08,2.0,-6.4233190402168505,29.241415240850085,-6.4233190402168505,29.241415240850085,5.994452551494184,0.2620515784678743,0.0062127670737299415
4503.0,180.12,2.0,-6.282910601588363,29.281894713382105,-6.282910601588363,29.281894713382105,5.999299387885623,0.2620515784678743,0.0062127670737299415
4504.0,180.16,2.0,-6.142309705439793,29.321689871467335,-6.142309705439793,29.321689871467335,6.004146224277063,0.2620515784678743,0.0062127670737299415
4505.0,180.20000000000002,2.0,-6.001519695467644,29.360799798089694,-6.001519695467644,29.360799798089694,6.008993060668502,0.26205157846787425,0.0062127670737299415
4506.0,180.24,2.0,-5.860543919747369,29.39922359261211,-5.860543919747369,29.39922359261211,6.01383989705994,0.2620515784678743,0.0062127670737299415
4507.0,180.28,2.0,-5.719385730652933,29.436960370797475,-5.719385730652933,29.436960370797475,6.018686733451379,0.2620515784678743,0.0062127670737299415
4508.0,180.32,2.0,-5.578048484776286,29.474009264829192,-5.578048484776286,29.474009264829192,6.023533569842818,0.2620515784678743,0.0062127670737299415
4509.0,180.36,2.0,-5.436535542846737,29.510369423331355,-5.436535542846737,29.510369423331355,6.028380406234257,0.26205157846787425,0.0062127670737299415
4510.0,180.4,2.0,-5.294850269650224,29.54604001138849,-5.294850269650224,29.54604001138849,6.0332272426256965,0.2620515784678743,0.0062127670737299415
4511.0,180.44,2.0,-5.152996033948503,29.58102021056497,-5.152996033948503,29.58102021056497,6.038074079017134,0.2620515784678743,0.0062127670737299415
4512.0,180.48,2.0,-5.010976208398223,29.615309218923937,-5.010976208398223,29.615309218923937,6.042920915408574,0.2620515784678743,0.0062127670737299415
4513.0,180.52,2.0,-4.868794169469938,29.64890625104592,-4.868794169469938,29.64890625104592,6.047767751800012,0.26205157846787425,0.0062127670737299415
4514.0,180.56,2.0,-4.726453297367003,29.681810538046978,-4.726453297367003,29.681810538046978,6.052614588191451,0.2620515784678743,0.0062127670737299415
4515.0,180.6,2.0,-4.583956975944402,29.71402132759649,-4.583956975944402,29.71402132759649,6.057461424582891,0.2620515784678743,0.0062127670737299415
4516.0,180.64000000000001,2.0,-4.441308592627486,29.74553788393455,-4.441308592627486,29.74553788393455,6.062308260974329,0.2620515784678743,0.0062127670737299415
4517.0,180.68,2.0,-4.2985115383306205,29.776359487888886,-4.2985115383306205,29.776359487888886,6.067155097365768,0.26205157846787425,0.0062127670737299415
4518.0,180.72,2.0,-4.155569207375767,29.8064854368915,-4.155569207375767,29.8064854368915,6.072001933757207,0.2620515784678743,0.0062127670737299415
4519.0,180.76,2.0,-4.012484997410968,29.835915044994817,-4.012484997410968,29.835915044994817,6.076848770148645,0.2620515784678743,0.0062127670737299415
4520.0,180.8,2.0,-3.8692623093287706,29.864647642887455,-3.8692623093287706,29.864647642887455,6.081695606540086,0.2620515784678743,0.0062127670737299415
4521.0,180.84,2.0,-3.7259045471845695,29.892682577909618,-3.7259045471845695,29.892682577909618,6.086542442931524,0.26205157846787425,0.0062127670737299415
4522.0,180.88,2.0,-3.58241511811487,29.92001921406804,-3.58241511811487,29.92001921406804,6.0913892793229625,0.2620515784678743,0.0062127670737299415
4523.0,180.92000000000002,2.0,-3.4387974322554924,29.946656932050576,-3.4387974322554924,29.946656932050576,6.096236115714402,0.2620515784678743,0.0062127670737299415
4524.0,180.96,2.0,-3.295054902659699,29.972595129240354,-3.295054902659699,29.972595129240354,6.10108295210584,0.2620515784678743,0.0062127670737299415
4525.0,181.0,2.0,-3.1511909452162548,29.997833219729564,-3.1511909452162548,29.997833219729564,6.10592978849728,0.26205157846787425,0.0062127670737299415
4526.0,181.04,2.0,-3.007208978567428,30.022370634332788,-3.007208978567428,30.022370634332788,6.110776624888718,0.2620515784678743,0.0062127670737299415
4527.0,181.08,2.0,-2.8631124240269212,30.04620682059998,-2.8631124240269212,30.04620682059998,6.115623461280157,0.2620515784678743,0.0062127670737299415
4528.0,181.12,2.0,-2.7228310988974425,30.069221406719826,-2.7228310988974425,30.069221406719826,6.120467648641365,0.22367317034962464,0.0034058032277326676
4529.0,181.16,2.0,-2.3701538989623154,29.379472765435782,-2.3701538989623154,29.379472765435782,6.080445580184585,0.18605585890959458,0.0011891512843254556
4530.0,181.20000000000002,2.0,-2.230870901767722,29.400780715806924,-2.230870901767722,29.400780715806924,6.085138791125999,0.1318481608201703,-0.003513415972868278
4531.0,181.24,2.0,-1.9821250512735737,29.06501875036661,-1.9821250512735737,29.06501875036661,6.0641667061468585,0.08447069941949109,-0.00913882755860992
4532.0,181.28,2.0,-1.7311927594322207,28.726960818671653,-1.7311927594322207,28.726960818671653,6.035867002358297,0.03569099937731264,-0.01984169262359501
4533.0,181.32,2.0,-1.529436638007307,28.566714331470358,-1.529436638007307,28.566714331470358,6.019208750234096,-0.01761821598481561,-0.03097957413993645
4534.0,181.36,2.0,-1.3441269807684955,28.46538368682829,-1.3441269807684955,28.46538368682829,6.001119780257179,-0.08065742137023198,-0.050591909232167845
4535.0,181.4,2.0,-1.1269283573941926,28.36268288009334,-1.1269283573941926,28.36268288009334,5.9205552508561015,-0.1496448694912501,-0.1176897893800763
4536.0,181.44,2.0,-0.9193832296422494,28.260419608638852,-0.9193832296422494,28.260419608638852,5.842480343923181,-0.21863231761226826,-0.18478766952798478
4537.0,181.48,1.0,-0.7214058720580234,28.159129809209798,-0.7214058720580234,28.159129809209798,5.7668950594584185,-0.2876197657332864,-0.25188554967589327
4538.0,181.52,1.0,-0.5328566006614178,28.059336775985656,-0.5328566006614178,28.059336775985656,5.693799397461815,-0.3566072138543045,-0.31898342982380173
4539.0,181.56,1.0,-0.3698575018602084,28.05040404777563,-0.3698575018602084,28.05040404777563,5.629280468769494,-0.41863603170442787,-0.38617319080881474
4540.0,181.6,1.0,-0.21181702804501618,28.045976083362156,-0.21181702804501618,28.045976083362156,5.552942872568879,-0.4723335128694668,-0.46627780589522694
4541.0,181.64000000000001,0.0,-0.054346315590388314,28.036731239284837,-0.054346315590388314,28.036731239284837,5.476547510368756,-0.47728981928315894,-0.5425389387958414
4542.0,181.68,1.0,0.10085207551792705,28.02744555152117,0.10085207551792705,28.02744555152117,5.477359621086386,-0.4852913872083091,-0.5423842099044875
4543.0,181.72,1.0,0.25863478964241865,28.018420448188852,0.25863478964241865,28.018420448188852,5.478277891765378,-0.4932929551334594,-0.5422294810131336
4544.0,181.76,0.0,0.41900599788479787,28.009622638121414,0.41900599788479787,28.009622638121414,5.479302322405736,-0.5012945230586096,-0.5420747521217798
4545.0,181.8,0.0,0.5819695638207623,28.00101879002695,0.5819695638207623,28.00101879002695,5.480432913007458,-0.5092960909837598,-0.541920023230426
4546.0,181.84,0.0,0.7475290431677373,27.992575535011486,0.7475290431677373,27.992575535011486,5.4816696635705435,-0.51729765890891,-0.5417652943390721
4547.0,181.88,0.0,0.91568768347217,27.984259469104956,0.91568768347217,27.984259469104956,5.483012574094993,-0.5252992268340603,-0.5416105654477182
4548.0,181.92000000000002,1.0,1.0903748172160879,27.97615699189879,1.0903748172160879,27.97615699189879,5.484464293611039,-0.4949223866409608,-0.5386488727103671
4549.0,181.96,1.0,1.055378544117352,28.68017574517267,1.055378544117352,28.68017574517267,5.530888428906435,-0.465306643126081,-0.536277491875606
4550.0,182.0,2.0,1.2364878342401988,28.67246191367824,1.2364878342401988,28.67246191367824,5.532703444765003,-0.4191005129618069,-0.5314201957270586
4551.0,182.04,2.0,1.3108442124940938,29.02110800052653,1.3108442124940938,29.02110800052653,5.560289916505488,-0.37972461948627795,-0.5256400552499629
4552.0,182.08,2.0,1.3857223600801079,29.371306046186408,1.3857223600801079,29.371306046186408,5.595310167016759,-0.3389464873692497,-0.514782461293624
4553.0,182.12,2.0,1.5124828425725134,29.54291391111346,1.5124828425725134,29.54291391111346,5.461719175825036,-0.29363883993227163,-0.5034898508859288
4554.0,182.16,2.0,1.6583935945476243,29.654793183717402,1.6583935945476243,29.654793183717402,5.329665062447391,-0.23860120247200553,-0.4837227869023435
4555.0,182.20000000000002,2.0,1.7751165145112897,29.767195857187772,1.7751165145112897,29.767195857187772,5.26019266845527,-0.1776153222761376,-0.4164701778630812
4556.0,182.24,2.0,1.904191081016338,29.878280227302632,1.904191081016338,29.878280227302632,5.188336811956356,-0.11662944208026968,-0.3492175688238189
4557.0,182.28,2.0,2.0455282733371183,29.98747635763484,2.0455282733371183,29.98747635763484,5.114097492950649,-0.05564356188440178,-0.28196495978455655
4558.0,182.32,2.0,2.1989848001427648,30.094226964042246,2.1989848001427648,30.094226964042246,5.037474711438149,0.005342318311466132,-0.2147123507452942
4559.0,182.36,2.0,2.3806788284164955,30.10913453002585,2.3806788284164955,30.10913453002585,4.952381356582728,0.05936956823643924,-0.1473678608689274
4560.0,182.4,2.0,2.5700145790763163,30.118520633939994,2.5700145790763163,30.118520633939994,4.879212829196965,0.10506548147632795,-0.06710851689116135
4561.0,182.44,2.0,2.762598645021582,30.131672973762186,2.762598645021582,30.131672973762186,4.806208227772077,0.10202021996486987,0.009307344900806994
4562.0,182.48,2.0,2.9601287308255175,30.1437815879661,2.9601287308255175,30.1437815879661,4.656102313390798,0.10202021996486987,0.009307344900806994
4563.0,182.52,2.0,3.1577430248607827,30.154511145372773,3.1577430248607827,30.154511145372773,4.505996399009521,0.10202021996486987,0.009307344900806994
4564.0,182.56,2.0,3.3554318770132463,30.16386105912816,3.3554318770132463,30.16386105912816,4.355890484628243,0.10202021996486987,0.009307344900806994
4565.0,182.6,2.0,3.553185633071746,30.17183081009706,3.553185633071746,30.17183081009706,4.205784570246966,0.10202021996486987,0.009307344900806994
4566.0,182.64000000000001,2.0,3.75099463520462,30.178419946891836,3.75099463520462,30.178419946891836,4.055678655865688,0.10202021996486987,0.009307344900806994
4567.0,182.68,2.0,3.9488492224364444,30.183628085897602,3.9488492224364444,30.183628085897602,3.9055727414844106,0.10202021996486987,0.009307344900806994
4568.0,182.72,2.0,4.146739731124943,30.187454911294186,4.146739731124943,30.187454911294186,3.7554668271031333,0.10202021996486987,0.009307344900806994
4569.0,182.76,2.0,4.344656495438051,30.189900175074694,4.344656495438051,30.189900175074694,3.448284962721855,0.10202021996486987,0.009307344900806994
4570.0,182.8,2.0,4.542589842697258,30.190962951260737,4.542589842697258,30.190962951260737,3.1411030983405777,0.10202021996486987,0.009307344900806994
4571.0,182.84,2.0,4.7405300986468895,30.190643127571906,4.7405300986468895,30.190643127571906,2.8339212339592996,0.10202021996486987,0.009307344900806994
4572.0,182.88,2.0,4.938467588273928,30.18894065961674,4.938467588273928,30.18894065961674,2.526739369578022,0.10202021996486987,0.009307344900806994
4573.0,182.92000000000002,2.0,5.136392639910378,30.185856286649585,5.136392639910378,30.185856286649585,2.3766334551967447,0.10202021996486987,0.009307344900806994
4574.0,182.96,2.0,5.334295583184001,30.181390100029176,5.334295583184001,30.181390100029176,2.226527540815467,0.10202021996486987,0.009307344900806994
4575.0,183.0,2.0,5.5321667483981285,30.175542258977135,5.5321667483981285,30.175542258977135,2.0764216264341893,0.10202021996486987,0.009307344900806994
4576.0,183.04,2.0,5.72999646700922,30.16831299057293,5.72999646700922,30.16831299057293,1.926315712052912,0.10202021996486987,0.009307344900806994
4577.0,183.08,2.0,5.927775072104376,30.15970258974549,5.927775072104376,30.15970258974549,1.7762097976716344,0.10202021996486987,0.009307344900806994
4578.0,183.12,2.0,6.125492898878809,30.149711419261415,6.125492898878809,30.149711419261415,1.626103883290357,0.10202021996486987,0.009307344900806994
4579.0,183.16,2.0,6.323140285113202,30.138339909709835,6.323140285113202,30.138339909709835,1.4759979689090792,0.10202021996486987,0.009307344900806994
4580.0,183.20000000000002,2.0,6.520707571650976,30.1255885594839,6.520707571650976,30.1255885594839,1.3258920545278017,0.10202021996486987,0.009307344900806994
4581.0,183.24,2.0,6.7181851028754265,30.11145793475893,6.7181851028754265,30.11145793475893,1.175786140146524,0.10202021996486987,0.009307344900806994
4582.0,183.28,2.0,6.915563227186683,30.095948669467127,6.915563227186683,30.095948669467127,1.0256802257652464,0.10202021996486987,0.009307344900806994
4583.0,183.32,2.0,7.1128322974785165,30.079061465269007,7.1128322974785165,30.079061465269007,0.8755743113839689,0.10202021996486987,0.009307344900806994
4584.0,183.36,2.0,7.309982671614911,30.060797091521387,7.309982671614911,30.060797091521387,0.7254683970026913,0.10202021996486987,0.009307344900806994
4585.0,183.4,2.0,7.507004712906438,30.041156385242083,7.507004712906438,30.041156385242083,0.5753624826214138,0.10202021996486987,0.009307344900806994
4586.0,183.44,2.0,7.703888790586349,30.020140251071204,7.703888790586349,30.020140251071204,0.4252565682401362,0.10202021996486987,0.009307344900806994
4587.0,183.48,2.0,7.90062528028642,29.99774966122908,7.90062528028642,29.99774966122908,0.2751506538588586,0.10202021996486987,0.009307344900806994
4588.0,183.52,2.0,8.09720456451247,29.973985655470862,8.09720456451247,29.973985655470862,0.1250447394775811,0.10202021996486987,0.009307344900806994
4589.0,183.56,2.0,8.29361703311958,29.94884934103776,8.29361703311958,29.94884934103776,0.13201477509630355,0.10202021996486987,0.009307344900806994
4590.0,183.6,2.0,8.4898530889208,29.922342638404842,8.4898530889208,29.922342638404842,0.13898481071502605,0.10202021996486987,0.009307344900806994
4591.0,183.64000000000001,2.0,8.685903143369654,29.894466789567893,8.685903143369654,29.894466789567893,0.1459548463337485,0.10202021996486987,0.009307344900806994
4592.0,183.68,2.0,8.8817576166918,29.86522310380215,8.8817576166918,29.86522310380215,0.15292488195247098,0.10202021996486987,0.009307344900806994
4593.0,183.72,2.0,9.077406938358402,29.834612957600097,9.077406938358402,29.834612957600097,0.15989491757119345,0.10202021996486987,0.009307344900806994
4594.0,183.76,2.0,9.272841547559082,29.80263779460601,9.272841547559082,29.80263779460601,0.16686495318991593,0.10202021996486987,0.009307344900806994
4595.0,183.8,2.0,9.468051893674382,29.7692991255471,9.468051893674382,29.7692991255471,0.1738349888086384,0.10202021996486987,0.009307344900806994
4596.0,183.84,2.0,9.66302843674776,29.734598528161342,9.66302843674776,29.734598528161342,0.18080502442736088,0.10202021996486987,0.009307344900806994
4597.0,183.88,2.0,9.857761647957053,29.698537647122,9.857761647957053,29.698537647122,0.18777506004608333,0.10202021996486987,0.009307344900806994
4598.0,183.92000000000002,2.0,10.052242010085418,29.661118193958753,10.052242010085418,29.661118193958753,0.1947450956648058,0.10202021996486987,0.009307344900806994
4599.0,183.96,2.0,10.246460017991712,29.62234194697561,10.246460017991712,29.62234194697561,0.20171513128352828,0.10202021996486987,0.009307344900806994
4600.0,184.0,2.0,10.440406179080275,29.582210751165405,10.440406179080275,29.582210751165405,0.20868516690225078,0.10202021996486987,0.009307344900806994
4601.0,184.04,2.0,10.634071013770122,29.540726518121012,10.634071013770122,29.540726518121012,0.21565520252097325,0.10202021996486987,0.009307344900806994
4602.0,184.08,2.0,10.827445055963496,29.497891225943288,10.827445055963496,29.497891225943288,0.22262523813969573,0.10202021996486987,0.009307344900806994
4603.0,184.12,2.0,11.020518853513781,29.453706919145638,11.020518853513781,29.453706919145638,0.2295952737584182,0.10202021996486987,0.009307344900806994
4604.0,184.16,2.0,11.213282968692713,29.40817570855537,11.213282968692713,29.40817570855537,0.23656530937714065,0.10202021996486987,0.009307344900806994
4605.0,184.20000000000002,2.0,11.405727978656913,29.361299771211655,11.405727978656913,29.361299771211655,0.24353534499586313,0.10202021996486987,0.009307344900806994
4606.0,184.24,2.0,11.597844475913686,29.31308135026025,11.597844475913686,29.31308135026025,0.2505053806145856,0.10202021996486987,0.009307344900806994
4607.0,184.28,2.0,11.789623068786073,29.263522754844978,11.789623068786073,29.263522754844978,0.25747541623330805,0.10202021996486987,0.009307344900806994
4608.0,184.32,2.0,11.981054381877147,29.212626359995824,11.981054381877147,29.212626359995824,0.26444545185203056,0.10202021996486987,0.009307344900806994
4609.0,184.36,2.0,12.172129056533484,29.160394606513826,12.172129056533484,29.160394606513826,0.271415487470753,0.10202021996486987,0.009307344900806994
4610.0,184.4,2.0,12.362837751307858,29.1068300008527,12.362837751307858,29.1068300008527,0.2783855230894755,0.10202021996486987,0.009307344900806994
4611.0,184.44,2.0,12.55317114242106,29.05193511499718,12.55317114242106,29.05193511499718,0.28535555870819795,0.10202021996486987,0.009307344900806994
4612.0,184.48,2.0,12.743119924222883,28.99571258633808,12.743119924222883,28.99571258633808,0.2923255943269204,0.10202021996486987,0.009307344900806994
4613.0,184.52,2.0,12.932674809652195,28.938165117544155,12.932674809652195,28.938165117544155,0.2992956299456429,0.10202021996486987,0.009307344900806994
4614.0,184.56,2.0,13.121826530696126,28.879295476430674,13.121826530696126,28.879295476430674,0.3062656655643654,0.10202021996486987,0.009307344900806994
4615.0,184.6,2.0,13.31056583884831,28.81910649582478,13.31056583884831,28.81910649582478,0.31323570118308786,0.10202021996486987,0.009307344900806994
4616.0,184.64000000000001,2.0,13.49888350556618,28.757601073427615,13.49888350556618,28.757601073427615,0.32020573680181036,0.10202021996486987,0.009307344900806994
4617.0,184.68,2.0,13.686770322727273,28.6947821716732,13.686770322727273,28.6947821716732,0.3271757724205328,0.10202021996486987,0.009307344900806994
4618.0,184.72,2.0,13.874217103084561,28.630652817584103,13.874217103084561,28.630652817584103,0.3341458080392553,0.10202021996486987,0.009307344900806994
4619.0,184.76,2.0,14.061214680720713,28.565216102623936,14.061214680720713,28.565216102623936,0.34111584365797776,0.10202021996486987,0.009307344900806994
4620.0,184.8,2.0,14.247753911501373,28.49847518254659,14.247753911501373,28.49847518254659,0.3480858792767002,0.10202021996486987,0.009307344900806994
4621.0,184.84,2.0,14.433825673527306,28.430433277242294,14.433825673527306,28.430433277242294,0.3550559148954227,0.10202021996486987,0.009307344900806994
4622.0,184.88,2.0,14.619420867585509,28.36109367058051,14.619420867585509,28.36109367058051,0.36202595051414516,0.10202021996486987,0.009307344900806994
4623.0,184.92000000000002,2.0,14.804530417599164,28.29045971024963,14.804530417599164,28.29045971024963,0.36899598613286766,0.10202021996486987,0.009307344900806994
4624.0,184.96,2.0,14.989145271076477,28.21853480759345,14.989145271076477,28.21853480759345,0.37596602175159016,0.10202021996486987,0.009307344900806994
4625.0,185.0,2.0,15.173256399558378,28.145322437444594,15.173256399558378,28.145322437444594,0.3829360573703126,0.10202021996486987,0.009307344900806994
4626.0,185.04,2.0,15.35685479906497,28.070826137954676,15.35685479906497,28.070826137954676,0.3899060929890351,0.10202021996486987,0.009307344900806994
4627.0,185.08,2.0,15.539931490540875,27.995049510421325,15.539931490540875,27.995049510421325,0.3968761286077576,0.10202021996486987,0.009307344900806994
4628.0,185.12,2.0,15.722477520299265,27.917996219112148,15.722477520299265,27.917996219112148,0.40384616422648,0.10202021996486987,0.009307344900806994
4629.0,185.16,2.0,15.904483960464699,27.839669991085493,15.904483960464699,27.839669991085493,0.4108161998452025,0.10202021996486987,0.009307344900806994
4630.0,185.20000000000002,2.0,16.08594190941467,27.760074616008076,16.08594190941467,27.760074616008076,0.41778623546392496,0.10202021996486987,0.009307344900806994
4631.0,185.24,2.0,16.266842492219865,27.679213945969554,16.266842492219865,27.679213945969554,0.4247562710826475,0.10202021996486987,0.009307344900806994
4632.0,185.28,2.0,16.447176861083104,27.597091895293953,16.447176861083104,27.597091895293953,0.43172630670137,0.10202021996486987,0.009307344900806994
4633.0,185.32,2.0,16.626936195776956,27.513712440348023,16.626936195776956,27.513712440348023,0.43869634232009236,0.10202021996486987,0.009307344900806994
4634.0,185.36,2.0,16.80611170407999,27.429079619346492,16.80611170407999,27.429079619346492,0.4456663779388149,0.10202021996486987,0.009307344900806994
4635.0,185.4,2.0,16.984694622211627,27.343197532154242,16.984694622211627,27.343197532154242,0.4526364135575374,0.10202021996486987,0.009307344900806994
4636.0,185.44,2.0,17.16267621526566,27.256070340085426,17.16267621526566,27.256070340085426,0.45960644917625987,0.10202021996486987,0.009307344900806994
4637.0,185.48,2.0,17.340047777642248,27.16770226569954,17.340047777642248,27.16770226569954,0.46657648479498237,0.10202021996486987,0.009307344900806994
4638.0,185.52,2.0,17.51680063347854,27.078097592594435,17.51680063347854,27.078097592594435,0.47354652041370493,0.10202021996486987,0.009307344900806994
4639.0,185.56,2.0,17.692926137077826,26.9872606651963,17.692926137077826,26.9872606651963,0.4805165560324274,0.10202021996486987,0.009307344900806994
4640.0,185.6,2.0,17.868415673337168,26.89519588854659,17.868415673337168,26.89519588854659,0.48748659165114994,0.10202021996486987,0.009307344900806994
4641.0,185.64000000000001,2.0,18.04326065817355,26.801907728086018,18.04326065817355,26.801907728086018,0.49445662726987233,0.10202021996486987,0.009307344900806994
4642.0,185.68,2.0,18.21745253894849,26.70740070943545,18.21745253894849,26.70740070943545,0.5014266628885948,0.10202021996486987,0.009307344900806994
4643.0,185.72,2.0,18.39098279489108,26.61167941817385,18.39098279489108,26.61167941817385,0.5083966985073174,0.10202021996486987,0.009307344900806994
4644.0,185.76,2.0,18.563842937519517,26.514748499613262,18.563842937519517,26.514748499613262,0.5153667341260398,0.10202021996486987,0.009307344900806994
4645.0,185.8,2.0,18.73602451106094,26.416612658570795,18.73602451106094,26.416612658570795,0.5223367697447623,0.10202021996486987,0.009307344900806994
4646.0,185.84,2.0,18.90751909286976,26.31727665913764,18.90751909286976,26.31727665913764,0.5293068053634848,0.10202021996486987,0.009307344900806994
4647.0,185.88,2.0,19.07831829384427,26.21674532444515,19.07831829384427,26.21674532444515,0.5362768409822073,0.10202021996486987,0.009307344900806994
4648.0,185.92000000000002,2.0,19.248413758841636,26.11502353642802,19.248413758841636,26.11502353642802,0.5432468766009297,0.10202021996486987,0.009307344900806994
4649.0,185.96,2.0,19.41779716709123,26.012116235584482,19.41779716709123,26.012116235584482,0.5502169122196523,0.10202021996486987,0.009307344900806994
4650.0,186.0,2.0,19.586460232606218,25.908028420733608,19.586460232606218,25.908028420733608,0.5571869478383749,0.10202021996486987,0.009307344900806994
4651.0,186.04,2.0,19.754394704593455,25.80276514876973,19.754394704593455,25.80276514876973,0.5641569834570973,0.10202021996486987,0.009307344900806994
4652.0,186.08,2.0,19.92159236786165,25.696331534413964,19.92159236786165,25.696331534413964,0.5711270190758199,0.10202021996486987,0.009307344900806994
4653.0,186.12,2.0,20.08804504322776,25.588732749962848,20.08804504322776,25.588732749962848,0.5780970546945424,0.10202021996486987,0.009307344900806994
4654.0,186.16,2.0,20.253744587921606,25.47997402503411,20.253744587921606,25.47997402503411,0.5850670903132649,0.10202021996486987,0.009307344900806994
4655.0,186.20000000000002,2.0,20.418682895988677,25.37006064630962,20.418682895988677,25.37006064630962,0.5920371259319873,0.10202021996486987,0.009307344900806994
4656.0,186.24,2.0,20.582851898691146,25.258997957275465,20.582851898691146,25.258997957275465,0.5990071615507098,0.10202021996486987,0.009307344900806994
4657.0,186.28,2.0,20.746243564907008,25.146791357959216,20.746243564907008,25.146791357959216,0.6059771971694323,0.10202021996486987,0.009307344900806994
4658.0,186.32,2.0,20.908849901527397,25.033446304664377,20.908849901527397,25.033446304664377,0.6129472327881549,0.10202021996486987,0.009307344900806994
4659.0,186.36,2.0,21.070662953851972,24.918968309702045,21.070662953851972,24.918968309702045,0.6199172684068773,0.10202021996486987,0.009307344900806994
4660.0,186.4,2.0,21.231674805982472,24.803362941119786,21.231674805982472,24.803362941119786,0.6268873040255999,0.10202021996486987,0.009307344900806994
4661.0,186.44,2.0,21.391877581214274,24.686635822427704,21.391877581214274,24.686635822427704,0.6338573396443223,0.10202021996486987,0.009307344900806994
4662.0,186.48,2.0,21.551263442426087,24.568792632321806,21.551263442426087,24.568792632321806,0.6408273752630449,0.10202021996486987,0.009307344900806994
4663.0,186.52,2.0,21.709824592467633,24.44983910440458,21.709824592467633,24.44983910440458,0.6477974108817673,0.10202021996486987,0.009307344900806994
4664.0,186.56,2.0,21.867553274545372,24.329781026902857,21.867553274545372,24.329781026902857,0.6547674465004898,0.10202021996486987,0.009307344900806994
4665.0,186.6,2.0,22.024441772606227,24.208624242382957,22.024441772606227,24.208624242382957,0.6617374821192124,0.10202021996486987,0.009307344900806994
4666.0,186.64000000000001,2.0,22.180482411719304,24.086374647463124,22.180482411719304,24.086374647463124,0.6687075177379349,0.10202021996486987,0.009307344900806994
4667.0,186.68,2.0,22.335667558455548,23.96303819252329,22.335667558455548,23.96303819252329,0.6756775533566574,0.10202021996486987,0.009307344900806994
4668.0,186.72,2.0,22.48998962126538,23.838620881412147,22.48998962126538,23.838620881412147,0.6826475889753799,0.10202021996486987,0.009307344900806994
4669.0,186.76,2.0,22.64344105085424,23.71312877115157,22.64344105085424,23.71312877115157,0.6896176245941024,0.10202021996486987,0.009307344900806994
4670.0,186.8,2.0,22.796014340556024,23.58656797163838,22.796014340556024,23.58656797163838,0.6965876602128248,0.10202021996486987,0.009307344900806994
4671.0,186.84,2.0,22.947702026704466,23.458944645343507,22.947702026704466,23.458944645343507,0.7035576958315474,0.10202021996486987,0.009307344900806994
4672.0,186.88,2.0,23.098496689002314,23.3302650070085,23.098496689002314,23.3302650070085,0.7105277314502698,0.10202021996486987,0.009307344900806994
4673.0,186.92000000000002,2.0,23.24839095088842,23.200535323339466,23.24839095088842,23.200535323339466,0.7174977670689924,0.10202021996486987,0.009307344900806994
4674.0,186.96,2.0,23.397377479902637,23.069761912698432,23.397377479902637,23.069761912698432,0.7244678026877149,0.10202021996486987,0.009307344900806994
4675.0,187.0,2.0,23.545448988048527,22.937951144792095,23.545448988048527,22.937951144792095,0.7314378383064375,0.10202021996486987,0.009307344900806994
4676.0,187.04,2.0,23.69259823215389,22.805109440358045,23.69259823215389,22.805109440358045,0.7384078739251599,0.10202021996486987,0.009307344900806994
4677.0,187.08,2.0,23.838818014229062,22.671243270848464,23.838818014229062,22.671243270848464,0.7453779095438825,0.10202021996486987,0.009307344900806994
4678.0,187.12,2.0,23.984101181822943,22.536359158111296,23.984101181822943,22.536359158111296,0.752347945162605,0.10202021996486987,0.009307344900806994
4679.0,187.16,2.0,24.128440628376826,22.400463674068877,24.128440628376826,22.400463674068877,0.7593179807813274,0.10202021996486987,0.009307344900806994
4680.0,187.20000000000002,2.0,24.27182929357591,22.263563440394105,24.27182929357591,22.263563440394105,0.76628801640005,0.10202021996486987,0.009307344900806994
4681.0,187.24,2.0,24.414260163698547,22.12566512818416,24.414260163698547,22.12566512818416,0.7732580520187724,0.10202021996486987,0.009307344900806994
4682.0,187.28,2.0,24.555726271963145,21.986775457631687,24.555726271963145,21.986775457631687,0.780228087637495,0.10202021996486987,0.009307344900806994
4683.0,187.32,2.0,24.6962206988728,21.846901197693636,24.6962206988728,21.846901197693636,0.7871981232562175,0.10202021996486987,0.009307344900806994
4684.0,187.36,2.0,24.835736572557515,21.706049165757605,24.835736572557515,21.706049165757605,0.79416815887494,0.10202021996486987,0.009307344900806994
4685.0,187.4,2.0,24.97426706911414,21.564226227305788,24.97426706911414,21.564226227305788,0.8011381944936625,0.10202021996486987,0.009307344900806994
4686.0,187.44,2.0,25.111805412943838,21.42143929557656,25.111805412943838,21.42143929557656,0.808108230112385,0.10202021996486987,0.009307344900806994
4687.0,187.48,2.0,25.248344877087263,21.277695331223647,25.248344877087263,21.277695331223647,0.8150782657311074,0.10202021996486987,0.009307344900806994
4688.0,187.52,2.0,25.38387878355723,21.133001341972992,25.38387878355723,21.133001341972992,0.8220483013498299,0.10202021996486987,0.009307344900806994
4689.0,187.56,2.0,25.518400503669035,20.98736438227721,25.518400503669035,20.98736438227721,0.8290183369685524,0.10202021996486987,0.009307344900806994
4690.0,187.6,2.0,25.651903458368263,20.840791552967772,25.651903458368263,20.840791552967772,0.835988372587275,0.10202021996486987,0.009307344900806994
4691.0,187.64000000000001,2.0,25.784381118556194,20.693290000904877,25.784381118556194,20.693290000904877,0.8429584082059975,0.10202021996486987,0.009307344900806994
4692.0,187.68,2.0,25.915827005412694,20.544866918625004,25.915827005412694,20.544866918625004,0.8499284438247198,0.10202021996486987,0.009307344900806994
4693.0,187.72,2.0,26.04623469071662,20.395529543986235,26.04623469071662,20.395529543986235,0.8568984794434424,0.10202021996486987,0.009307344900806994
4694.0,187.76,2.0,26.175597797163743,20.245285159811278,26.175597797163743,20.245285159811278,0.8638685150621651,0.10202021996486987,0.009307344900806994
4695.0,187.8,2.0,26.30390999868211,20.09414109352831,26.30390999868211,20.09414109352831,0.8708385506808873,0.10202021996486987,0.009307344900806994
4696.0,187.84,2.0,26.431165020744864,19.942104716809546,26.431165020744864,19.942104716809546,0.8778085862996099,0.10202021996486987,0.009307344900806994
4697.0,187.88,2.0,26.557356640680545,19.789183445207655,26.557356640680545,19.789183445207655,0.8847786219183325,0.10202021996486987,0.009307344900806994
4698.0,187.92000000000002,2.0,26.682478687980808,19.63538473778995,26.682478687980808,19.63538473778995,0.891748657537055,0.10202021996486987,0.009307344900806994
4699.0,187.96,2.0,26.8065250446055,19.480716096770454,26.8065250446055,19.480716096770454,0.8987186931557775,0.10202021996486987,0.009307344900806994
4700.0,188.0,2.0,26.92948964528522,19.3251850671398,26.92948964528522,19.3251850671398,0.9056887287745001,0.10202021996486987,0.009307344900806994
4701.0,188.04,2.0,27.051366477821187,19.168799236293008,27.051366477821187,19.168799236293008,0.9126587643932226,0.10202021996486987,0.009307344900806994
4702.0,188.08,2.0,27.17214958338254,19.011566233655163,27.17214958338254,19.011566233655163,0.919628800011945,0.10202021996486987,0.009307344900806994
4703.0,188.12,2.0,27.291833056800936,18.85349373030498,27.291833056800936,18.85349373030498,0.9265988356306675,0.10202021996486987,0.009307344900806994
4704.0,188.16,2.0,27.4104110468625,18.69458943859631,27.4104110468625,18.69458943859631,0.9335688712493899,0.10202021996486987,0.009307344900806994
4705.0,188.20000000000002,2.0,27.527877756597103,18.534861111777634,27.527877756597103,18.534861111777634,0.9405389068681125,0.10202021996486987,0.009307344900806994
4706.0,188.24,2.0,27.644227443565,18.374316543609442,27.644227443565,18.374316543609442,0.947508942486835,0.10202021996486987,0.009307344900806994
4707.0,188.28,2.0,27.759454420140656,18.212963567979678,27.759454420140656,18.212963567979678,0.9544789781055576,0.10202021996486987,0.009307344900806994
4708.0,188.32,2.0,27.873553053793938,18.050810058517136,27.873553053793938,18.050810058517136,0.96144901372428,0.10202021996486987,0.009307344900806994
4709.0,188.36,2.0,27.986517767368532,17.887863928202915,27.986517767368532,17.887863928202915,0.9684190493430025,0.10202021996486987,0.009307344900806994
4710.0,188.4,2.0,28.098343039357633,17.724133128979894,28.098343039357633,17.724133128979894,0.9753890849617249,0.10202021996486987,0.009307344900806994
4711.0,188.44,2.0,28.20902340417687,17.559625651360275,28.20902340417687,17.559625651360275,0.9823591205804474,0.10202021996486987,0.009307344900806994
4712.0,188.48,2.0,28.31855345243445,17.394349524031252,28.31855345243445,17.394349524031252,0.9893291561991701,0.10202021996486987,0.009307344900806994
4713.0,188.52,2.0,28.426927831198498,17.228312813458704,28.426927831198498,17.228312813458704,0.9962991918178925,0.10202021996486987,0.009307344900806994
4714.0,188.56,2.0,28.534141244261633,17.06152362348907,28.534141244261633,17.06152362348907,1.0032692274366148,0.10202021996486987,0.009307344900806994
4715.0,188.6,2.0,28.640188452402707,16.893990094949345,28.640188452402707,16.893990094949345,1.0102392630553374,0.10202021996486987,0.009307344900806994
4716.0,188.64000000000001,2.0,28.7450642736457,16.72572040524526,28.7450642736457,16.72572040524526,1.01720929867406,0.10202021996486987,0.009307344900806994
4717.0,188.68,2.0,28.848763583515797,16.556722767957595,28.848763583515797,16.556722767957595,1.0241793342927823,0.10202021996486987,0.009307344900806994
4718.0,188.72,2.0,28.95128131529262,16.387005432436766,28.95128131529262,16.387005432436766,1.0311493699115049,0.10202021996486987,0.009307344900806994
4719.0,188.76,2.0,29.052612460260548,16.21657668339556,29.052612460260548,16.21657668339556,1.0381194055302274,0.10202021996486987,0.009307344900806994
4720.0,188.8,2.0,29.15275206795622,16.04544484050017,29.15275206795622,16.04544484050017,1.0450894411489497,0.10202021996486987,0.009307344900806994
4721.0,188.84,2.0,29.251695246413096,15.87361825795947,29.251695246413096,15.87361825795947,1.052059476767672,0.10202021996486987,0.009307344900806994
4722.0,188.88,2.0,29.349437162403127,15.701105324112566,29.349437162403127,15.701105324112566,1.0590295123863946,0.10202021996486987,0.009307344900806994
4723.0,188.92000000000002,2.0,29.44597304167551,15.52791446101468,29.44597304167551,15.52791446101468,1.065999548005117,0.10202021996486987,0.009307344900806994
4724.0,188.96,2.0,29.54129816919256,15.354054124021332,29.54129816919256,15.354054124021332,1.0729695836238395,0.10202021996486987,0.009307344900806994
4725.0,189.0,2.0,29.635407889362558,15.179532801370865,29.635407889362558,15.179532801370865,1.0799396192425619,0.10202021996486987,0.009307344900806994
4726.0,189.04,2.0,29.728297606269695,15.004359013765384,29.728297606269695,15.004359013765384,1.0869096548612844,0.10202021996486987,0.009307344900806994
4727.0,189.08,2.0,29.819962783901087,14.828541313950009,29.819962783901087,14.828541313950009,1.0938796904800068,0.10202021996486987,0.009307344900806994
4728.0,189.12,2.0,29.91039894637073,14.65208828629061,29.91039894637073,14.65208828629061,1.1008497260987293,0.10202021996486987,0.009307344900806994
4729.0,189.16,2.0,29.99960167814056,14.475008546349915,29.99960167814056,14.475008546349915,1.1078197617174517,0.10202021996486987,0.009307344900806994
4730.0,189.20000000000002,2.0,30.087566624238455,14.297310740462109,30.087566624238455,14.297310740462109,1.1147897973361742,0.10202021996486987,0.009307344900806994
4731.0,189.24,2.0,30.174289490473264,14.119003545305883,30.174289490473264,14.119003545305883,1.1217598329548966,0.10202021996486987,0.009307344900806994
4732.0,189.28,2.0,30.259766043646767,13.940095667475976,30.259766043646767,13.940095667475976,1.128729868573619,0.10202021996486987,0.009307344900806994
4733.0,189.32,2.0,30.343992111762713,13.760595843053244,30.343992111762713,13.760595843053244,1.1356999041923415,0.10202021996486987,0.009307344900806994
4734.0,189.36,2.0,30.42696358423269,13.580512837173268,30.42696358423269,13.580512837173268,1.1426699398110638,0.10202021996486987,0.009307344900806994
4735.0,189.4,2.0,30.508676412079048,13.399855443593506,30.508676412079048,13.399855443593506,1.1496399754297864,0.10202021996486987,0.009307344900806994
4736.0,189.44,2.0,30.589126608134677,13.218632484259027,30.589126608134677,13.218632484259027,1.156610011048509,0.10202021996486987,0.009307344900806994
4737.0,189.48,2.0,30.66831024723981,13.036852808866845,30.66831024723981,13.036852808866845,1.1635800466672312,0.10202021996486987,0.009307344900806994
4738.0,189.52,2.0,30.746223466435662,12.854525294428907,30.746223466435662,12.854525294428907,1.1705500822859538,0.10202021996486987,0.009307344900806994
4739.0,189.56,2.0,30.822862465155044,12.671658844833676,30.822862465155044,12.671658844833676,1.1775201179046761,0.10202021996486987,0.009307344900806994
4740.0,189.6,2.0,30.898223505409828,12.488262390406401,30.898223505409828,12.488262390406401,1.1844901535233987,0.10202021996486987,0.009307344900806994
4741.0,189.64000000000001,2.0,30.972302911975326,12.304344887468108,30.972302911975326,12.304344887468108,1.191460189142121,0.10202021996486987,0.009307344900806994
4742.0,189.68,2.0,31.045097072571576,12.11991531789325,31.045097072571576,12.11991531789325,1.1984302247608434,0.10202021996486987,0.009307344900806994
4743.0,189.72,2.0,31.11660243804147,11.934982688666116,31.11660243804147,11.934982688666116,1.205400260379566,0.10202021996486987,0.009307344900806994
4744.0,189.76,2.0,31.18681552252574,11.749556031435997,31.18681552252574,11.749556031435997,1.2123702959982885,0.10202021996486987,0.009307344900806994
4745.0,189.8,2.0,31.255732903634843,11.563644402071125,31.255732903634843,11.563644402071125,1.2193403316170108,0.10202021996486987,0.009307344900806994
4746.0,189.84,2.0,31.323351222617667,11.377256880211409,31.323351222617667,11.377256880211409,1.2263103672357334,0.10202021996486987,0.009307344900806994
4747.0,189.88,2.0,31.38966718452706,11.190402568819994,31.38966718452706,11.190402568819994,1.2332804028544557,0.10202021996486987,0.009307344900806994
4748.0,189.92000000000002,2.0,31.45467755838222,11.003090593733663,31.45467755838222,11.003090593733663,1.2402504384731783,0.10202021996486987,0.009307344900806994
4749.0,189.96,2.0,31.518379177327898,10.815330103212114,31.518379177327898,10.815330103212114,1.2472204740919006,0.10202021996486987,0.009307344900806994
4750.0,190.0,2.0,31.58076893879043,10.62713026748611,31.58076893879043,10.62713026748611,1.254190509710623,0.10202021996486987,0.009307344900806994
4751.0,190.04,2.0,31.641843804630533,10.438500278304563,31.641843804630533,10.438500278304563,1.2611605453293455,0.10202021996486987,0.009307344900806994
4752.0,190.08,2.0,31.701600801292955,10.249449348480521,31.701600801292955,10.249449348480521,1.268130580948068,0.10202021996486987,0.009307344900806994
4753.0,190.12,2.0,31.760037019952893,10.059986711436151,31.760037019952893,10.059986711436151,1.2751006165667904,0.10202021996486987,0.009307344900806994
4754.0,190.16,2.0,31.81714961665918,9.87012162074667,31.81714961665918,9.87012162074667,1.282070652185513,0.10202021996486987,0.009307344900806994
4755.0,190.20000000000002,2.0,31.87293581247427,9.679863349683279,31.87293581247427,9.679863349683279,1.2890406878042353,0.10202021996486987,0.009307344900806994
4756.0,190.24,2.0,31.92739289361102,9.489221190755165,31.92739289361102,9.489221190755165,1.2960107234229576,0.10202021996486987,0.009307344900806994
4757.0,190.28,2.0,31.98051821156618,9.298204455250481,31.98051821156618,9.298204455250481,1.3029807590416804,0.10202021996486987,0.009307344900806994
4758.0,190.32,2.0,32.03230918325066,9.10682247277646,32.03230918325066,9.10682247277646,1.3099507946604025,0.10202021996486987,0.009307344900806994
4759.0,190.36,2.0,32.08276329111657,8.915084590798589,32.08276329111657,8.915084590798589,1.3169208302791253,0.10202021996486987,0.009307344900806994
4760.0,190.4,2.0,32.13187808328102,8.723000174178916,32.13187808328102,8.723000174178916,1.3238908658978477,0.10202021996486987,0.009307344900806994
4761.0,190.44,2.0,32.179651173646576,8.53057860471347,32.179651173646576,8.53057860471347,1.33086090151657,0.10202021996486987,0.009307344900806994
4762.0,190.48,2.0,32.22608024201854,8.337829280668894,32.22608024201854,8.337829280668894,1.3378309371352926,0.10202021996486987,0.009307344900806994
4763.0,190.52,2.0,32.27116303421893,8.14476161631821,32.27116303421893,8.14476161631821,1.344800972754015,0.10202021996486987,0.009307344900806994
4764.0,190.56,2.0,32.314897362197115,7.951385041475833,32.314897362197115,7.951385041475833,1.3517710083727374,0.10202021996486987,0.009307344900806994
4765.0,190.6,2.0,32.35728110413729,7.757709001031792,32.35728110413729,7.757709001031792,1.35874104399146,0.10202021996486987,0.009307344900806994
4766.0,190.64000000000001,2.0,32.39831220456256,7.5637429544852255,32.39831220456256,7.5637429544852255,1.3657110796101823,0.10202021996486987,0.009307344900806994
4767.0,190.68,2.0,32.43798867443575,7.369496375477146,32.43798867443575,7.369496375477146,1.3726811152289047,0.10202021996486987,0.009307344900806994
4768.0,190.72,2.0,32.47630859125699,7.174978751322508,32.47630859125699,7.174978751322508,1.3796511508476272,0.10202021996486987,0.009307344900806994
4769.0,190.76,2.0,32.513270099157836,6.980199582541601,32.513270099157836,6.980199582541601,1.3866211864663498,0.10202021996486987,0.009307344900806994
4770.0,190.8,2.0,32.548871408992284,6.785168382390805,32.548871408992284,6.785168382390805,1.3935912220850721,0.10202021996486987,0.009307344900806994
4771.0,190.84,2.0,32.58311079842429,6.589894676392694,32.58311079842429,6.589894676392694,1.4005612577037945,0.10202021996486987,0.009307344900806994
4772.0,190.88,2.0,32.615986612012094,6.39438800186556,32.615986612012094,6.39438800186556,1.407531293322517,0.10202021996486987,0.009307344900806994
4773.0,190.92000000000002,2.0,32.647497261289146,6.198657907452342,32.647497261289146,6.198657907452342,1.4145013289412396,0.10202021996486987,0.009307344900806994
4774.0,190.96,2.0,32.677641224841764,6.002713952649001,32.677641224841764,6.002713952649001,1.421471364559962,0.10202021996486987,0.009307344900806994
4775.0,191.0,2.0,32.70641704838341,5.806565707332372,32.70641704838341,5.806565707332372,1.4284414001786843,0.10202021996486987,0.009307344900806994
4776.0,191.04,2.0,32.733823344825666,5.610222751287486,32.733823344825666,5.610222751287486,1.4354114357974068,0.10202021996486987,0.009307344900806994
4777.0,191.08,2.0,32.759858794345874,5.413694673734427,32.759858794345874,5.413694673734427,1.4423814714161292,0.10202021996486987,0.009307344900806994
4778.0,191.12,2.0,32.78452214445143,5.216991072854713,32.78452214445143,5.216991072854713,1.4493515070348517,0.10202021996486987,0.009307344900806994
4779.0,191.16,2.0,32.80781221004067,5.020121555317241,32.80781221004067,5.020121555317241,1.456321542653574,0.10202021996486987,0.009307344900806994
4780.0,191.20000000000002,2.0,32.829727873460556,4.823095735803827,32.829727873460556,4.823095735803827,1.4632915782722966,0.10202021996486987,0.009307344900806994
4781.0,191.24,2.0,32.850268084560874,4.625923236534334,32.850268084560874,4.625923236534334,1.4702616138910192,0.10202021996486987,0.009307344900806994
4782.0,191.28,2.0,32.869431860745124,4.428613686791455,32.869431860745124,4.428613686791455,1.4772316495097415,0.10202021996486987,0.009307344900806994
4783.0,191.32,2.0,32.887218287018094,4.231176722445135,32.887218287018094,4.231176722445135,1.484201685128464,0.10202021996486987,0.009307344900806994
4784.0,191.36,2.0,32.90362651603002,4.03362198547668,32.90362651603002,4.03362198547668,1.4911717207471864,0.10202021996486987,0.009307344900806994
4785.0,191.4,2.0,32.918655768117446,3.8359591235025703,32.918655768117446,3.8359591235025703,1.4981417563659087,0.10202021996486987,0.009307344900806994
4786.0,191.44,2.0,32.932305331340636,3.638197789298,32.932305331340636,3.638197789298,1.5051117919846313,0.10202021996486987,0.009307344900806994
4787.0,191.48000000000002,2.0,32.944574561517726,3.4403476403201636,32.944574561517726,3.4403476403201636,1.5120818276033536,0.10202021996486987,0.009307344900806994
4788.0,191.52,2.0,32.95546288225542,3.2424183382313236,32.95546288225542,3.2424183382313236,1.5190518632220762,0.10202021996486987,0.009307344900806994
4789.0,191.56,2.0,32.964969784976404,3.044419548421674,32.964969784976404,3.044419548421674,1.5260218988407985,0.10202021996486987,0.009307344900806994
4790.0,191.6,2.0,32.973094828943324,2.846360939532024,32.973094828943324,2.846360939532024,1.532991934459521,0.10202021996486987,0.009307344900806994
4791.0,191.64000000000001,2.0,32.97983764127942,2.6482521829763335,32.97983764127942,2.6482521829763335,1.5399619700782434,0.10202021996486987,0.009307344900806994
4792.0,191.68,2.0,32.985197916985804,2.450102952464114,32.985197916985804,2.450102952464114,1.546932005696966,0.10202021996486987,0.009307344900806994
4793.0,191.72,2.0,32.98917541895535,2.2519229235227245,32.98917541895535,2.2519229235227245,1.5539020413156883,0.10202021996486987,0.009307344900806994
4794.0,191.76,2.0,32.99176997798321,2.053721773019588,32.99176997798321,2.053721773019588,1.5608720769344109,0.10202021996486987,0.009307344900806994
4795.0,191.8,2.0,32.992981492774,1.8555091786843434,32.992981492774,1.8555091786843434,1.5678421125531332,0.10202021996486987,0.009307344900806994
4796.0,191.84,2.0,32.99280992994552,1.6572948186309726,32.99280992994552,1.6572948186309726,1.5748121481718556,0.10202021996486987,0.009307344900806994
4797.0,191.88,2.0,32.99125532402925,1.459088370879908,32.99125532402925,1.459088370879908,1.5817821837905781,0.10202021996486987,0.009307344900806994
4798.0,191.92000000000002,2.0,32.98831777746728,1.2608995128801577,32.98831777746728,1.2608995128801577,1.5887522194093004,0.10202021996486987,0.009307344900806994
4799.0,191.96,2.0,32.9839974606061,1.0627379210314662,32.9839974606061,1.0627379210314662,1.595722255028023,0.10202021996486987,0.009307344900806994
4800.0,192.0,2.0,32.978294611686785,0.8646132702065378,32.978294611686785,0.8646132702065378,1.6026922906467456,0.10202021996486987,0.009307344900806994
4801.0,192.04,2.0,32.97120953683198,0.6665352332733436,32.97120953683198,0.6665352332733436,1.6096623262654681,0.10202021996486987,0.009307344900806994
4802.0,192.08,2.0,32.96274261002944,0.4685134806175368,32.96274261002944,0.4685134806175368,1.6166323618841905,0.10202021996486987,0.009307344900806994
4803.0,192.12,2.0,32.95289427311222,0.27055767966500105,32.95289427311222,0.27055767966500105,1.6236023975029128,0.10202021996486987,0.009307344900806994
4804.0,192.16,2.0,32.94166503573546,0.07267749440455575,32.94166503573546,0.07267749440455575,1.6305724331216354,0.10202021996486987,0.009307344900806994
4805.0,192.20000000000002,2.0,32.92905547534991,-0.12511741508916,32.92905547534991,-0.12511741508916,1.6375424687403577,0.10202021996486987,0.009307344900806994
4806.0,192.24,2.0,32.91506623717193,-0.3228173931325981,32.91506623717193,-0.3228173931325981,1.6445125043590803,0.10202021996486987,0.009307344900806994
4807.0,192.28,2.0,32.899698034150234,-0.5204127889099853,32.899698034150234,-0.5204127889099853,1.6514825399778026,0.10202021996486987,0.009307344900806994
4808.0,192.32,2.0,32.88295164692933,-0.7178939569497553,32.88295164692933,-0.7178939569497553,1.6584525755965251,0.10202021996486987,0.009307344900806994
4809.0,192.36,2.0,32.86482792380937,-0.9152512576007046,32.86482792380937,-0.9152512576007046,1.6654226112152475,0.10202021996486987,0.009307344900806994
4810.0,192.4,2.0,32.84532778070293,-1.1124750575078515,32.84532778070293,-1.1124750575078515,1.6723926468339703,0.10202021996486987,0.009307344900806994
4811.0,192.44,2.0,32.82445220108822,-1.3095557300879699,32.82445220108822,-1.3095557300879699,1.6793626824526924,0.10202021996486987,0.009307344900806994
4812.0,192.48000000000002,2.0,32.802202235959,-1.5064836560047774,32.802202235959,-1.5064836560047774,1.6863327180714152,0.10202021996486987,0.009307344900806994
4813.0,192.52,2.0,32.77857900377126,-1.7032492236437538,32.77857900377126,-1.7032492236437538,1.6933027536901375,0.10202021996486987,0.009307344900806994
4814.0,192.56,2.0,32.75358369038632,-1.899842829586565,32.75358369038632,-1.899842829586565,1.7002727893088596,0.10202021996486987,0.009307344900806994
4815.0,192.6,2.0,32.7272175490108,-2.0962548790850692,32.7272175490108,-2.0962548790850692,1.7072428249275824,0.10202021996486987,0.009307344900806994
4816.0,192.64000000000001,2.0,32.69948190013317,-2.2924757865348826,32.69948190013317,-2.2924757865348826,1.7142128605463047,0.10202021996486987,0.009307344900806994
4817.0,192.68,2.0,32.67037813145688,-2.488495975948478,32.67037813145688,-2.488495975948478,1.7211828961650268,0.10202021996486987,0.009307344900806994
4818.0,192.72,2.0,32.63990769783033,-2.684305881427798,32.63990769783033,-2.684305881427798,1.7281529317837496,0.10202021996486987,0.009307344900806994
4819.0,192.76,2.0,32.60807212117331,-2.879895947636355,32.60807212117331,-2.879895947636355,1.735122967402472,0.10202021996486987,0.009307344900806994
4820.0,192.8,2.0,32.574872990400294,-3.075256630270793,32.574872990400294,-3.075256630270793,1.7420930030211945,0.10202021996486987,0.009307344900806994
4821.0,192.84,2.0,32.54031196134026,-3.2703783965318936,32.54031196134026,-3.2703783965318936,1.7490630386399169,0.10202021996486987,0.009307344900806994
4822.0,192.88,2.0,32.50439075665329,-3.4652517255949995,32.50439075665329,-3.4652517255949995,1.7560330742586394,0.10202021996486987,0.009307344900806994
4823.0,192.92000000000002,2.0,32.467111165743816,-3.6598671090798276,32.467111165743816,-3.6598671090798276,1.7630031098773618,0.10202021996486987,0.009307344900806994
4824.0,192.96,2.0,32.428475044670535,-3.8542150515196583,32.428475044670535,-3.8542150515196583,1.7699731454960843,0.10202021996486987,0.009307344900806994
4825.0,193.0,2.0,32.38848431605307,-4.048286070829866,32.38848431605307,-4.048286070829866,1.7769431811148066,0.10202021996486987,0.009307344900806994
4826.0,193.04,2.0,32.34714096897529,-4.242070698775779,32.34714096897529,-4.242070698775779,1.7839132167335294,0.10202021996486987,0.009307344900806994
4827.0,193.08,2.0,32.304447058885295,-4.435559481439833,32.304447058885295,-4.435559481439833,1.7908832523522515,0.10202021996486987,0.009307344900806994
4828.0,193.12,2.0,32.26040470749223,-4.628742979688015,32.26040470749223,-4.628742979688015,1.7978532879709739,0.10202021996486987,0.009307344900806994
4829.0,193.16,2.0,32.21501610265967,-4.821611769635534,32.21501610265967,-4.821611769635534,1.8048233235896967,0.10202021996486987,0.009307344900806994
4830.0,193.20000000000002,2.0,32.16828349829583,-5.014156443111759,32.16828349829583,-5.014156443111759,1.8117933592084188,0.10202021996486987,0.009307344900806994
4831.0,193.24,2.0,32.12020921424043,-5.2063676081243315,32.12020921424043,-5.2063676081243315,1.8187633948271411,0.10202021996486987,0.009307344900806994
4832.0,193.28,2.0,32.07079563614836,-5.398235889322483,32.07079563614836,-5.398235889322483,1.825733430445864,0.10202021996486987,0.009307344900806994
4833.0,193.32,2.0,32.020045215369976,-5.589751928459502,32.020045215369976,-5.589751928459502,1.832703466064586,0.10202021996486987,0.009307344900806994
4834.0,193.36,2.0,31.967960468828238,-5.780906384854347,31.967960468828238,-5.780906384854347,1.8396735016833088,0.10202021996486987,0.009307344900806994
4835.0,193.4,2.0,31.914543978892567,-5.971689935852368,31.914543978892567,-5.971689935852368,1.8466435373020311,0.10202021996486987,0.009307344900806994
4836.0,193.44,2.0,31.859798393249424,-6.162093277285122,31.859798393249424,-6.162093277285122,1.8536135729207537,0.10202021996486987,0.009307344900806994
4837.0,193.48000000000002,2.0,31.80372642476968,-6.3521071239292635,31.80372642476968,-6.3521071239292635,1.860583608539476,0.10202021996486987,0.009307344900806994
4838.0,193.52,2.0,31.746330851372722,-6.541722209964472,31.746330851372722,-6.541722209964472,1.8675536441581986,0.10202021996486987,0.009307344900806994
4839.0,193.56,2.0,31.687614515887425,-6.730929289430408,31.687614515887425,-6.730929289430408,1.874523679776921,0.10202021996486987,0.009307344900806994
4840.0,193.6,2.0,31.627580325909747,-6.919719136682668,31.627580325909747,-6.919719136682668,1.8814937153956433,0.10202021996486987,0.009307344900806994
4841.0,193.64000000000001,2.0,31.566231253657282,-7.108082546847719,31.566231253657282,-7.108082546847719,1.8884637510143658,0.10202021996486987,0.009307344900806994
4842.0,193.68,2.0,31.503570335820474,-7.296010336276791,31.503570335820474,-7.296010336276791,1.8954337866330881,0.10202021996486987,0.009307344900806994
4843.0,193.72,2.0,31.439600673410716,-7.483493342998689,31.439600673410716,-7.483493342998689,1.9024038222518107,0.10202021996486987,0.009307344900806994
4844.0,193.76,2.0,31.374325431605246,-7.670522427171538,31.374325431605246,-7.670522427171538,1.909373857870533,0.10202021996486987,0.009307344900806994
4845.0,193.8,2.0,31.307747839588803,-7.857088471533385,31.307747839588803,-7.857088471533385,1.9163438934892558,0.10202021996486987,0.009307344900806994
4846.0,193.84,2.0,31.23987119039221,-8.043182381851699,31.23987119039221,-8.043182381851699,1.9233139291079777,0.10202021996486987,0.009307344900806994
4847.0,193.88,2.0,31.170698840727717,-8.228795087371688,31.170698840727717,-8.228795087371688,1.9302839647267003,0.10202021996486987,0.009307344900806994
4848.0,193.92000000000002,2.0,31.100234210821192,-8.41391754126345,31.100234210821192,-8.41391754126345,1.9372540003454226,0.10202021996486987,0.009307344900806994
4849.0,193.96,2.0,31.028480784241218,-8.598540721067913,31.028480784241218,-8.598540721067913,1.9442240359641452,0.10202021996486987,0.009307344900806994
4850.0,194.0,2.0,30.95544210772498,-8.782655629141564,30.95544210772498,-8.782655629141564,1.9511940715828675,0.10202021996486987,0.009307344900806994
4851.0,194.04,2.0,30.88112179100109,-8.966253293099916,30.88112179100109,-8.966253293099916,1.9581641072015903,0.10202021996486987,0.009307344900806994
4852.0,194.08,2.0,30.805523506609195,-9.149324766259715,30.805523506609195,-9.149324766259715,1.9651341428203122,0.10202021996486987,0.009307344900806994
4853.0,194.12,2.0,30.728650989716613,-9.33186112807986,30.728650989716613,-9.33186112807986,1.9721041784390347,0.10202021996486987,0.009307344900806994
4854.0,194.16,2.0,30.650508037931722,-9.513853484600997,30.650508037931722,-9.513853484600997,1.979074214057757,0.10202021996486987,0.009307344900806994
4855.0,194.20000000000002,2.0,30.571098511114354,-9.695292968883797,30.571098511114354,-9.695292968883797,1.9860442496764794,0.10202021996486987,0.009307344900806994
4856.0,194.24,2.0,30.490426331183038,-9.876170741445865,30.490426331183038,-9.876170741445865,1.993014285295202,0.10202021996486987,0.009307344900806994
4857.0,194.28,2.0,30.408495481919232,-10.056477990697267,30.408495481919232,-10.056477990697267,1.9999843209139243,0.10202021996486987,0.009307344900806994
4858.0,194.32,2.0,30.32531000876844,-10.23620593337468,30.32531000876844,-10.23620593337468,2.0069543565326464,0.10202021996486987,0.009307344900806994
4859.0,194.36,2.0,30.240874018638273,-10.415345814974089,30.240874018638273,-10.415345814974089,2.013924392151369,0.10202021996486987,0.009307344900806994
4860.0,194.4,2.0,30.155191679693523,-10.593888910182065,30.155191679693523,-10.593888910182065,2.020894427770091,0.10202021996486987,0.009307344900806994
4861.0,194.44,2.0,30.068267221148155,-10.771826523305574,30.068267221148155,-10.771826523305574,2.0278644633888137,0.10202021996486987,0.009307344900806994
4862.0,194.48000000000002,2.0,29.980104933054236,-10.949149988700295,29.980104933054236,-10.949149988700295,2.034834499007536,0.10202021996486987,0.009307344900806994
4863.0,194.52,2.0,29.89070916608796,-11.125850671197425,29.89070916608796,-11.125850671197425,2.041804534626258,0.10202021996486987,0.009307344900806994
4864.0,194.56,2.0,29.800084331332584,-11.301919966528981,29.800084331332584,-11.301919966528981,2.048774570244981,0.10202021996486987,0.009307344900806994
4865.0,194.6,2.0,29.708234900058393,-11.477349301751518,29.708234900058393,-11.477349301751518,2.0557446058637026,0.10202021996486987,0.009307344900806994
4866.0,194.64000000000001,2.0,29.615165403499685,-11.652130135668308,29.615165403499685,-11.652130135668308,2.062714641482425,0.10202021996486987,0.009307344900806994
4867.0,194.68,2.0,29.520880432628815,-11.826253959249906,29.520880432628815,-11.826253959249906,2.0696846771011477,0.10202021996486987,0.009307344900806994
4868.0,194.72,2.0,29.425384637927227,-11.999712296053108,29.425384637927227,-11.999712296053108,2.07665471271987,0.10202021996486987,0.009307344900806994
4869.0,194.76,2.0,29.328682729153588,-12.172496702638286,29.328682729153588,-12.172496702638286,2.0836247483385923,0.10202021996486987,0.009307344900806994
4870.0,194.8,2.0,29.23077947510898,-12.344598768985058,29.23077947510898,-12.344598768985058,2.0905947839573145,0.10202021996486987,0.009307344900806994
4871.0,194.84,2.0,29.131679703399136,-12.516010118906284,29.131679703399136,-12.516010118906284,2.0975648195760366,0.10202021996486987,0.009307344900806994
4872.0,194.88,2.0,29.03138830019379,-12.686722410460375,29.03138830019379,-12.686722410460375,2.1045348551947596,0.10202021996486987,0.009307344900806994
4873.0,194.92000000000002,2.0,28.929910209983138,-12.856727336361875,28.929910209983138,-12.856727336361875,2.1115048908134817,0.10202021996486987,0.009307344900806994
4874.0,194.96,2.0,28.82725043533141,-13.026016624390303,28.82725043533141,-13.026016624390303,2.118474926432204,0.10202021996486987,0.009307344900806994
4875.0,195.0,2.0,28.72341403662753,-13.194582037797275,28.72341403662753,-13.194582037797275,2.1254449620509264,0.10202021996486987,0.009307344900806994
4876.0,195.04,2.0,28.618406131832973,-13.362415375711786,28.618406131832973,-13.362415375711786,2.1324149976696485,0.10202021996486987,0.009307344900806994
4877.0,195.08,2.0,28.512231896226716,-13.529508473543752,28.512231896226716,-13.529508473543752,2.139385033288371,0.10202021996486987,0.009307344900806994
4878.0,195.12,2.0,28.404896562147417,-13.695853203385706,28.404896562147417,-13.695853203385706,2.146355068907093,0.10202021996486987,0.009307344900806994
4879.0,195.16,2.0,28.2964054187327,-13.861441474412663,28.2964054187327,-13.861441474412663,2.1533251045258157,0.10202021996486987,0.009307344900806994
4880.0,195.20000000000002,2.0,28.186763811655698,-14.026265233280133,28.186763811655698,-14.026265233280133,2.1602951401445383,0.10202021996486987,0.009307344900806994
4881.0,195.24,2.0,28.075977142858722,-14.190316464520237,28.075977142858722,-14.190316464520237,2.16726517576326,0.10202021996486987,0.009307344900806994
4882.0,195.28,2.0,27.96405087028425,-14.35358719093596,27.96405087028425,-14.35358719093596,2.1742352113819825,0.10202021996486987,0.009307344900806994
4883.0,195.32,2.0,27.85099050760305,-14.516069473993458,27.85099050760305,-14.516069473993458,2.181205247000705,0.1172529306607121,0.010704754520559495
4884.0,195.36,2.0,27.737162506617995,-14.67726437075427,27.737162506617995,-14.67726437075427,2.188119386234637,0.13248564135655433,0.012102164140311997
4885.0,195.4,2.0,27.62258344875074,-14.837171944752436,27.62258344875074,-14.837171944752436,2.1949776290837795,0.14771835205239653,0.013499573760064495
4886.0,195.44,2.0,27.507269893600558,-14.995792405113525,27.507269893600558,-14.995792405113525,2.2017799755481313,0.16295106274823876,0.014896983379816996
4887.0,195.48000000000002,2.0,27.391238377818933,-15.15312610632472,27.391238377818933,-15.15312610632472,2.208526425627693,0.17818377344408098,0.016294392999569498
4888.0,195.52,2.0,27.274505413985974,-15.30917354799671,27.274505413985974,-15.30917354799671,2.2152169793224648,0.1934164841399232,0.017691802619321996
4889.0,195.56,2.0,27.157087489488692,-15.46393537461744,27.157087489488692,-15.46393537461744,2.221851636632447,0.20864919483576544,0.019089212239074498
4890.0,195.6,2.0,27.042585485431907,-15.61383610486357,27.042585485431907,-15.61383610486357,2.2224159275547617,0.2088473319548214,0.028505282927348375
4891.0,195.64000000000001,2.0,26.614925542811797,-15.176451125921613,26.614925542811797,-15.176451125921613,2.272015020849609,0.1924771346624105,0.03210311366474826
4892.0,195.68,2.0,26.187258869738166,-14.735459234721358,26.187258869738166,-14.735459234721358,2.322132286955828,0.18655519759152228,0.03497674232677349
4893.0,195.72,2.0,25.760697614722112,-14.286188150949659,25.760697614722112,-14.286188150949659,2.3723123291740653,0.18063326052063405,0.037850370988798704
4894.0,195.76,2.0,25.335315932139167,-13.828641067103046,25.335315932139167,-13.828641067103046,2.4225551475043217,0.17471132344974577,0.040723999650823926
4895.0,195.8,2.0,24.911188021051885,-13.362821851267878,24.911188021051885,-13.362821851267878,2.4728607419465964,0.16878938637885751,0.043597628312849156
4896.0,195.84,2.0,24.488388118884078,-12.8887350482605,24.488388118884078,-12.8887350482605,2.523229112500889,0.1628674493079693,0.04647125697487438
4897.0,195.88,2.0,24.324311940032185,-12.928211082749943,24.324311940032185,-12.928211082749943,2.529690074252422,0.17075882834252096,0.04777327205203905
4898.0,195.92000000000002,2.0,24.1599504797952,-12.968415711722963,24.1599504797952,-12.968415711722963,2.5359998532960217,0.1777971824145021,0.049304082785373585
4899.0,195.96,1.0,23.99583645475557,-13.006552887877158,23.99583645475557,-13.006552887877158,2.5423003920819993,0.1848355364864832,0.050834893518708124
4900.0,196.0,1.0,23.870639575934085,-13.112494118188545,23.870639575934085,-13.112494118188545,2.5424471517617997,0.19407761422810796,0.05238824139333369
4901.0,196.04,0.0,23.751764025819416,-13.225641183301954,23.751764025819416,-13.225641183301954,2.5405561329354267,0.19862785974959474,0.053880356946151974
4902.0,196.08,0.0,23.639029453597043,-13.34307032760285,23.639029453597043,-13.34307032760285,2.5406202302610366,0.204378128595449,0.055510257852932676
4903.0,196.12,0.0,23.52642199067879,-13.460112865958166,23.52642199067879,-13.460112865958166,2.540705401469622,0.19155787970784174,0.05630598574859996
4904.0,196.16,0.0,23.414430025675525,-13.576474555960976,23.414430025675525,-13.576474555960976,2.540795381475422,0.1787376308202345,0.05710171364426725
4905.0,196.20000000000002,0.0,23.308337617131272,-13.701398038861537,23.308337617131272,-13.701398038861537,2.540526611324571,0.1626276601371926,0.057146135473426604
4906.0,196.24,1.0,23.20285003463332,-13.827333691278074,23.20285003463332,-13.827333691278074,2.5400893446280217,0.14006826245863624,0.05697638471540038
4907.0,196.28,0.0,23.101059484567944,-13.954608270139735,23.101059484567944,-13.954608270139735,2.539841456368606,0.11624721836387542,0.05673982167346177
4908.0,196.32,0.0,23.000178875731674,-14.079627845442914,23.000178875731674,-14.079627845442914,2.5394971030295497,0.08808851177830038,0.056310439858242765
4909.0,196.36,1.0,22.90192108795157,-14.20656522882182,22.90192108795157,-14.20656522882182,2.5391856406189204,0.05891378234304771,0.055828958767835876
4910.0,196.4,1.0,22.803135061342086,-14.33483721701173,22.803135061342086,-14.33483721701173,2.544678478686372,0.04246251787981827,0.047164122650462735
4911.0,196.44,1.0,23.018417165615745,-15.050991345887107,23.018417165615745,-15.050991345887107,2.501048178772108,0.04244425691125434,0.04427836267091473
4912.0,196.48000000000002,0.0,23.23381796469842,-15.767243345629229,23.23381796469842,-15.767243345629229,2.456828616817524,0.03218568099018966,0.04204326173867216
4913.0,196.52,0.0,23.447575191846852,-16.490135972862994,23.447575191846852,-16.490135972862994,2.4123646051598393,0.02161727565997018,0.03960851233739231
4914.0,196.56,1.0,23.65760900588911,-17.221709537215677,23.65760900588911,-17.221709537215677,2.3679050216674886,0.012574098193915584,0.036943440530403014
4915.0,196.6,1.0,23.866223677388454,-17.960406743911964,23.866223677388454,-17.960406743911964,2.323486384101074,0.005996726793799434,0.033856855678180045
4916.0,196.64000000000001,1.0,24.074205685392876,-18.704901957917833,24.074205685392876,-18.704901957917833,2.2788936468003955,-0.0005806446063167159,0.03077027082595708
4917.0,196.68,1.0,24.02418875964141,-18.933381402135446,24.02418875964141,-18.933381402135446,2.278096994680234,-0.020971332111872798,0.029255299558594666
4918.0,196.72,1.0,23.972749935711548,-19.160474490159878,23.972749935711548,-19.160474490159878,2.277474401697372,-0.03491770983080923,0.027488100406246597
4919.0,196.76,1.0,23.921899565941388,-19.385794439678612,23.921899565941388,-19.385794439678612,2.2768029503731566,-0.04662520515625014,0.02567795974818967
4920.0,196.8,1.0,23.83266459758347,-19.54059673727863,23.83266459758347,-19.54059673727863,2.2820594116101898,-0.05955037366344897,0.023863101507853545
4921.0,196.84,0.0,23.74028345981051,-19.6850965531829,23.74028345981051,-19.6850965531829,2.289153379606626,-0.06697475012500907,0.022157471069435344
4922.0,196.88,1.0,23.642565043879365,-19.82264063695323,23.642565043879365,-19.82264063695323,2.2940183275516137,-0.07524699329860457,0.020393933096159247
4923.0,196.92000000000002,1.0,23.54663838127154,-19.95752013283576,23.54663838127154,-19.95752013283576,2.2986315694682817,-0.0801667168476469,0.018159427676358933
4924.0,196.96,0.0,23.45180021785119,-20.093906503790908,23.45180021785119,-20.093906503790908,2.3030674146132304,-0.08560519075754948,0.016013872063447475
4925.0,197.0,0.0,23.35054481233754,-20.22004034534083,23.35054481233754,-20.22004034534083,2.3077064707512145,-0.08726846415153872,0.014740497152073484
4926.0,197.04,0.0,23.247318722552638,-20.34514639838195,23.247318722552638,-20.34514639838195,2.3123525972182555,-0.08243437997852622,0.013797868895282455
4927.0,197.08,1.0,23.139450706766446,-20.46728260808733,23.139450706766446,-20.46728260808733,2.3166657442263783,-0.0761733108151241,0.013018723307358463
4928.0,197.12,1.0,23.030076778028,-20.590892103808553,23.030076778028,-20.590892103808553,2.3209372835927047,-0.06572494647909959,0.012517257582654737
4929.0,197.16,1.0,22.91890199311526,-20.711222435435417,22.91890199311526,-20.711222435435417,2.325047431966361,-0.0545227242064389,0.012143865654573807
4930.0,197.20000000000002,1.0,22.805924423754306,-20.83322644241122,22.805924423754306,-20.83322644241122,2.3292467435020616,-0.041180733810614656,0.011998640072718754
4931.0,197.24,1.0,22.690929016938966,-20.94956569823233,22.690929016938966,-20.94956569823233,2.33336535030241,-0.02790300284404067,0.011922946430455082
4932.0,197.28,1.0,22.57387734016697,-21.067413205314207,22.57387734016697,-21.067413205314207,2.337398494513267,-0.014886158713198594,0.011909208054895532
4933.0,197.32,1.0,22.45819218257141,-21.183229584359065,22.45819218257141,-21.183229584359065,2.3414603944507797,-0.0016709107193860762,0.012048235858406156
4934.0,197.36,1.0,22.343694656941754,-21.296914317286245,22.343694656941754,-21.296914317286245,2.3452980838244355,0.010472994252467283,0.012312790824281609
4935.0,197.4,1.0,22.23149603871236,-21.40855360541922,22.23149603871236,-21.40855360541922,2.3488908201726217,0.02057389806514539,0.012879206464342648
4936.0,197.44,1.0,22.117711189549688,-21.519730138226002,22.117711189549688,-21.519730138226002,2.352530347450437,0.030705667505616117,0.013185742175574208
4937.0,197.48000000000002,1.0,22.005603624736302,-21.631655522681324,22.005603624736302,-21.631655522681324,2.356112945684565,0.04085411647505428,0.01330834404506521
4938.0,197.52,1.0,21.89460605336779,-21.74017954166522,21.89460605336779,-21.74017954166522,2.3596693931766954,0.046150445318712915,0.013103433723283639
4939.0,197.56,1.0,21.782996904966105,-21.851781482600302,21.782996904966105,-21.851781482600302,2.3633093399360496,0.05075499941088467,0.012387545983672922
4940.0,197.6,1.0,21.671744727520526,-21.964073403747456,21.671744727520526,-21.964073403747456,2.3669922820078697,0.05461763081236941,0.011561625124881868
4941.0,197.64000000000001,1.0,21.55547090416191,-22.077735606232253,21.55547090416191,-22.077735606232253,2.3707972099961188,0.058664678268440774,0.010309177330725604
4942.0,197.68,1.0,21.440229419543318,-22.191837413574717,21.440229419543318,-22.191837413574717,2.3747962493933525,0.06347919985455908,0.00863254202862746
4943.0,197.72,1.0,21.323228184469443,-22.30678927215468,21.323228184469443,-22.30678927215468,2.3789281710609815,0.06947170266074185,0.006523889258139101
4944.0,197.76,1.0,21.205166930365003,-22.42011666007023,21.205166930365003,-22.42011666007023,2.383209394557143,0.07679064276618523,0.003962424894928811
4945.0,197.8,1.0,21.088445829114583,-22.53142165751815,21.088445829114583,-22.53142165751815,2.3875502577032113,0.08374515407395697,0.0010166506544340332
4946.0,197.84,1.0,20.97110252897719,-22.640904516148005,20.97110252897719,-22.640904516148005,2.392016503842286,0.09101059983546333,-0.002361422601825135
4947.0,197.88,1.0,20.855413745274607,-22.748335302751034,20.855413745274607,-22.748335302751034,2.396590117263005,0.0980103480678346,-0.00612097432648965
4948.0,197.92000000000002,0.0,20.738832733509504,-22.856270869880362,20.738832733509504,-22.856270869880362,2.4012688597121166,0.10411191294093211,-0.010251941197512087
4949.0,197.96,1.0,20.6219795903137,-22.96245618299816,20.6219795903137,-22.96245618299816,2.406043749156754,0.109328667510784,-0.014678239720805375
4950.0,198.0,1.0,20.504336281599898,-23.068539409400955,20.504336281599898,-23.068539409400955,2.4109044357658287,0.11247275916810917,-0.01938393353129347
4951.0,198.04,1.0,20.388257503574064,-23.176852567421584,20.388257503574064,-23.176852567421584,2.4158405821941207,0.11404177645952536,-0.024254287588441076
4952.0,198.08,1.0,20.274529656195078,-23.284301689399804,20.274529656195078,-23.284301689399804,2.420846245493036,0.11318649546159629,-0.029193903076269328
4953.0,198.12,1.0,20.16050904687028,-23.39120384082154,20.16050904687028,-23.39120384082154,2.4259066955484423,0.11127612089721628,-0.034016793627835315
4954.0,198.16,1.0,20.04685563827061,-23.496912851818937,20.04685563827061,-23.496912851818937,2.431030233900595,0.10754857299153939,-0.038598984033341846
4955.0,198.20000000000002,1.0,19.932603437075436,-23.601223615595938,19.932603437075436,-23.601223615595938,2.436129518292856,0.10143462601589956,-0.04296425891073498
4956.0,198.24,1.0,19.816522561444067,-23.704749398196448,19.816522561444067,-23.704749398196448,2.4411375601926,0.09344569905072699,-0.046911900640791634
4957.0,198.28,1.0,19.698894853119697,-23.80639643391517,19.698894853119697,-23.80639643391517,2.4462069602832477,0.08255946057007,-0.050385494513681774
4958.0,198.32,1.0,19.580231065702275,-23.909471274147712,19.580231065702275,-23.909471274147712,2.451185611404492,0.06815945599538689,-0.05316372395967173
4959.0,198.36,1.0,19.461623476554088,-24.008634143400684,19.461623476554088,-24.008634143400684,2.4559539891484983,0.04987476956377189,-0.055123491010185655
4960.0,198.4,1.0,19.342445794368494,-24.105824066170342,19.342445794368494,-24.105824066170342,2.4604069551991516,0.02781987753155175,-0.05612228736545163
4961.0,198.44,1.0,19.22458816013792,-24.201797163019016,19.22458816013792,-24.201797163019016,2.4648448476171345,0.004771609619244244,-0.05674255226546301
4962.0,198.48000000000002,1.0,19.100942621307333,-24.29691490610562,19.100942621307333,-24.29691490610562,2.4696339366353266,-0.02186903951603759,-0.05653551456886996
4963.0,198.52,1.0,18.975531320415147,-24.390419366989814,18.975531320415147,-24.390419366989814,2.4744891165768497,-0.04757174810760108,-0.05529267927243751
4964.0,198.56,1.0,18.851171091252667,-24.482882484122708,18.851171091252667,-24.482882484122708,2.4790849276431954,-0.08319982970196763,-0.053438082473210434
4965.0,198.6,1.0,18.725079307183247,-24.576689453121098,18.725079307183247,-24.576689453121098,2.4837346090133,-0.11894896121914122,-0.0513200504317284
4966.0,198.64000000000001,1.0,18.598533291666364,-24.671717882593903,18.598533291666364,-24.671717882593903,2.4883857619451355,-0.15636736256243883,-0.04849825787129793
4967.0,198.68,1.0,18.474412451717352,-24.765510324781694,18.474412451717352,-24.765510324781694,2.4911274004529624,-0.1850573699781167,-0.04572846218780999
4968.0,198.72,1.0,18.351444391202214,-24.857272618739906,18.351444391202214,-24.857272618739906,2.4938889470651224,-0.212698826716329,-0.042672112447903976
4969.0,198.76,0.0,18.227606054960493,-24.94984063192708,18.227606054960493,-24.94984063192708,2.496669811157288,-0.23919330823825424,-0.03939640557716204
4970.0,198.8,0.0,18.102998984646426,-25.04077413709051,18.102998984646426,-25.04077413709051,2.4994728488590576,-0.26344378636605326,-0.03590477580700629
4971.0,198.84,1.0,17.97699235991671,-25.13095896945012,17.97699235991671,-25.13095896945012,2.5023005351126435,-0.28591959978189174,-0.03227885391673356
4972.0,198.88,1.0,17.849667705908082,-25.22042417169027,17.849667705908082,-25.22042417169027,2.5051463243405454,-0.3059181733416749,-0.028572082834415074
4973.0,198.92000000000002,0.0,17.71415161645011,-25.311946960535135,17.71415161645011,-25.311946960535135,2.5090040973381766,-0.3028789355764999,-0.023692792359531516
4974.0,198.96,0.0,17.577107559423233,-25.40277379519302,17.577107559423233,-25.40277379519302,2.512838789947146,-0.29800514122028043,-0.018927657227372326
4975.0,199.0,1.0,17.438782435844853,-25.494679786496224,17.438782435844853,-25.494679786496224,2.5166495559428883,-0.2898804990756251,-0.014182932946507557
4976.0,199.04,0.0,17.299835871041857,-25.587281167224393,17.299835871041857,-25.587281167224393,2.520720880314393,-0.2865253345424703,-0.010870147962689768
4977.0,199.08,0.0,17.158622032893813,-25.68013686752776,17.158622032893813,-25.68013686752776,2.5248328383004686,-0.28028953802279855,-0.007847476994297938
4978.0,199.12,0.0,17.01765869887746,-25.77229551097103,17.01765869887746,-25.77229551097103,2.528972558708119,-0.27127914010737025,-0.005169226032717925
4979.0,199.16,0.0,16.87506130561931,-25.86580078259567,16.87506130561931,-25.86580078259567,2.5332308909643024,-0.2599311679770187,-0.002755518543075922
4980.0,199.20000000000002,0.0,16.730820090108683,-25.95997521162534,16.730820090108683,-25.95997521162534,2.537921245285845,-0.24505711804326075,-0.001210568188513402
4981.0,199.24,0.0,16.585810006158876,-26.05376626847636,16.585810006158876,-26.05376626847636,2.542638698209939,-0.23018306810950273,0.0003343821660491186
4982.0,199.28,1.0,16.4434855066261,-26.14732124314877,16.4434855066261,-26.14732124314877,2.5470184861638483,-0.2128362676951495,0.0013963396128445593
4983.0,199.32,1.0,16.301530334622463,-26.24136647408246,16.301530334622463,-26.24136647408246,2.5513636722089172,-0.19762010163151286,0.0017622477660759548
4984.0,199.36,1.0,16.156310799239893,-26.334419918189504,16.156310799239893,-26.334419918189504,2.555981148799469,-0.17328624950347363,0.0018802562023457902
4985.0,199.4,2.0,16.010448902589026,-26.427004924116083,16.010448902589026,-26.427004924116083,2.5606302901243025,-0.14895239737543436,0.0019982646386156253
4986.0,199.44,2.0,15.865495715340018,-26.517362502976276,15.865495715340018,-26.517362502976276,2.565303638635372,-0.12330814044649294,0.0017282375043040233
4987.0,199.48000000000002,2.0,15.715892024500272,-26.60978944994874,15.715892024500272,-26.60978944994874,2.571912370834924,-0.10629191849022135,0.001795015330385643
4988.0,199.52,2.0,15.565125926089056,-26.701668117578077,15.565125926089056,-26.701668117578077,2.578523774147518,-0.08927569653394973,0.0018617931564672626
4989.0,199.56,2.0,15.413200321529757,-26.792991681864606,15.413200321529757,-26.792991681864606,2.5851378485731566,-0.07225947457767813,0.0019285709825488822
4990.0,199.6,2.0,15.260118152187236,-26.883753334156744,15.260118152187236,-26.883753334156744,2.591754594111838,-0.05524325262140652,0.0019953488086305016
4991.0,199.64000000000001,2.0,15.105882399286653,-26.97394628138418,15.105882399286653,-26.97394628138418,2.5983740107635622,-0.03822703066513492,0.0020621266347121215
4992.0,199.68,2.0,14.950496083830952,-27.06356374629062,14.950496083830952,-27.06356374629062,2.6049960985283303,-0.021210808708863316,0.002128904460793741
4993.0,199.72,2.0,14.80073788809022,-27.151176446647515,14.80073788809022,-27.151176446647515,2.6106380727708474,-0.026065878964914545,0.0009533202480151339
4994.0,199.76,2.0,14.651503176643981,-27.238237475199192,14.651503176643981,-27.238237475199192,2.616330784531324,-0.03139221731291919,-0.00024401352475396447
4995.0,199.8,2.0,14.50005548252162,-27.324640687950932,14.50005548252162,-27.324640687950932,2.622146646991979,-0.03800580928615993,-0.0015181996032939404
4996.0,199.84,2.0,14.350023632499688,-27.409891889453444,14.350023632499688,-27.409891889453444,2.627791465401545,-0.03800580928615993,-0.0015181996032939404
4997.0,199.88,2.0,14.199512766511692,-27.494294830674004,14.199512766511692,-27.494294830674004,2.6334362838111116,-0.03800580928615993,-0.0015181996032939404
4998.0,199.92000000000002,2.0,14.048527681021472,-27.57784681985197,14.048527681021472,-27.57784681985197,2.639081102220678,-0.03800580928615993,-0.0015181996032939404
4999.0,199.96,2.0,13.897073187620105,-27.660545192351073,13.897073187620105,-27.660545192351073,2.6447259206302443,-0.03800580928615993,-0.0015181996032939404
5000.0,200.0,2.0,13.745154112872504,-27.74238731074442,13.745154112872504,-27.74238731074442,2.6503707390398104,-0.03800580928615993,-0.0015181996032939404
5001.0,200.04,2.0,13.59277529816353,-27.823370564898653,13.59277529816353,-27.823370564898653,2.656015557449377,-0.03800580928615993,-0.0015181996032939404
5002.0,200.08,2.0,13.439941599543626,-27.903492372057247,13.439941599543626,-27.903492372057247,2.6616603758589434,-0.03800580928615993,-0.0015181996032939404
5003.0,200.12,2.0,13.286657887574005,-27.982750176922877,13.286657887574005,-27.982750176922877,2.667305194268509,-0.03800580928615993,-0.0015181996032939404
5004.0,200.16,2.0,13.132929047171363,-28.061141451739008,13.132929047171363,-28.061141451739008,2.672950012678076,-0.03800580928615993,-0.0015181996032939404
5005.0,200.20000000000002,2.0,12.97875997745211,-28.138663696370497,12.97875997745211,-28.138663696370497,2.678594831087642,-0.03800580928615993,-0.0015181996032939404
5006.0,200.24,2.0,12.8241555915762,-28.2153144383834,12.8241555915762,-28.2153144383834,2.6842396494972087,-0.03800580928615993,-0.0015181996032939404
5007.0,200.28,2.0,12.669120816590457,-28.291091233123854,12.669120816590457,-28.291091233123854,2.689884467906775,-0.03800580928615993,-0.0015181996032939404
5008.0,200.32,2.0,12.5136605932715,-28.36599166379606,12.5136605932715,-28.36599166379606,2.695529286316341,-0.03800580928615993,-0.0015181996032939404
5009.0,200.36,2.0,12.357779875968204,-28.440013341539448,12.357779875968204,-28.440013341539448,2.7011741047259075,-0.03800580928615993,-0.0015181996032939404
5010.0,200.4,2.0,12.201483632443745,-28.51315390550483,12.201483632443745,-28.51315390550483,2.7068189231354736,-0.03800580928615993,-0.0015181996032939404
5011.0,200.44,2.0,12.044776843717205,-28.585411022929815,12.044776843717205,-28.585411022929815,2.71246374154504,-0.03800580928615993,-0.0015181996032939404
5012.0,200.48000000000002,2.0,11.88766450390475,-28.65678238921318,11.88766450390475,-28.65678238921318,2.718108559954606,-0.03800580928615993,-0.0015181996032939404
5013.0,200.52,2.0,11.730151620060418,-28.727265727988435,11.730151620060418,-28.727265727988435,2.7237533783641728,-0.03800580928615993,-0.0015181996032939404
5014.0,200.56,2.0,11.572243212016454,-28.796858791196467,11.572243212016454,-28.796858791196467,2.7293981967737393,-0.03800580928615993,-0.0015181996032939404
5015.0,200.6,2.0,11.413944312223268,-28.86555935915724,11.413944312223268,-28.86555935915724,2.7350430151833054,-0.03800580928615993,-0.0015181996032939404
5016.0,200.64000000000001,2.0,11.255259965588975,-28.933365240640665,11.255259965588975,-28.933365240640665,2.7406878335928715,-0.03800580928615993,-0.0015181996032939404
5017.0,200.68,2.0,11.096195229318544,-29.00027427293652,11.096195229318544,-29.00027427293652,2.746332652002438,-0.03800580928615993,-0.0015181996032939404
5018.0,200.72,2.0,10.936755172752555,-29.066284321923415,10.936755172752555,-29.066284321923415,2.751977470412004,-0.03800580928615993,-0.0015181996032939404
5019.0,200.76,2.0,10.776944877205556,-29.131393282136962,10.776944877205556,-29.131393282136962,2.7576222888215707,-0.03800580928615993,-0.0015181996032939404
5020.0,200.8,2.0,10.616769435804065,-29.195599076836903,10.616769435804065,-29.195599076836903,2.7632671072311368,-0.03800580928615993,-0.0015181996032939404
5021.0,200.84,2.0,10.456233953324158,-29.25889965807341,10.456233953324158,-29.25889965807341,2.7689119256407033,-0.03800580928615993,-0.0015181996032939404
5022.0,200.88,2.0,10.295343546028718,-29.321293006752438,10.295343546028718,-29.321293006752438,2.77455674405027,-0.03800580928615993,-0.0015181996032939404
5023.0,200.92000000000002,2.0,10.134103341504304,-29.38277713270017,10.134103341504304,-29.38277713270017,2.780201562459836,-0.03800580928615993,-0.0015181996032939404
5024.0,200.96,2.0,9.972518478497648,-29.44335007472646,9.972518478497648,-29.44335007472646,2.785846380869402,-0.03800580928615993,-0.0015181996032939404
5025.0,201.0,2.0,9.810594106751825,-29.503009900687523,9.810594106751825,-29.503009900687523,2.791491199278968,-0.03800580928615993,-0.0015181996032939404
5026.0,201.04,2.0,9.648335386842035,-29.56175470754751,9.648335386842035,-29.56175470754751,2.7971360176885347,-0.03800580928615993,-0.0015181996032939404
5027.0,201.08,2.0,9.485747490011068,-29.61958262143927,9.485747490011068,-29.61958262143927,2.8027808360981012,-0.03800580928615993,-0.0015181996032939404
5028.0,201.12,2.0,9.32283559800442,-29.676491797724175,9.32283559800442,-29.676491797724175,2.8084256545076673,-0.03800580928615993,-0.0015181996032939404
5029.0,201.16,2.0,9.159604902905066,-29.73248042105093,9.159604902905066,-29.73248042105093,2.814070472917234,-0.03800580928615993,-0.0015181996032939404
5030.0,201.20000000000002,2.0,8.996060606967909,-29.787546705413565,8.996060606967909,-29.787546705413565,2.8197152913268,-0.03800580928615993,-0.0015181996032939404
5031.0,201.24,2.0,8.83220792245391,-29.84168889420841,8.83220792245391,-29.84168889420841,2.8253601097363665,-0.03800580928615993,-0.0015181996032939404
5032.0,201.28,2.0,8.668052071463892,-29.894905260290148,8.668052071463892,-29.894905260290148,2.8310049281459326,-0.03800580928615993,-0.0015181996032939404
5033.0,201.32,2.0,8.503598285772025,-29.947194106026956,8.503598285772025,-29.947194106026956,2.8366497465554987,-0.03800580928615993,-0.0015181996032939404
5034.0,201.36,2.0,8.338851806659017,-29.998553763354654,8.338851806659017,-29.998553763354654,2.8422945649650653,-0.03800580928615993,-0.0015181996032939404
5035.0,201.4,2.0,8.173817884744984,-30.048982593829997,8.173817884744984,-30.048982593829997,2.847939383374632,-0.03800580928615993,-0.0015181996032939404
5036.0,201.44,2.0,8.008501779822037,-30.098478988682917,8.008501779822037,-30.098478988682917,2.853584201784198,-0.03800580928615993,-0.0015181996032939404
5037.0,201.48000000000002,2.0,7.8429087606865675,-30.14704136886787,7.8429087606865675,-30.14704136886787,2.8592290201937645,-0.03800580928615993,-0.0015181996032939404
5038.0,201.52,2.0,7.677044104971246,-30.194668185114285,7.677044104971246,-30.194668185114285,2.8648738386033306,-0.03800580928615993,-0.0015181996032939404
5039.0,201.56,2.0,7.510913098976742,-30.241357917975943,7.510913098976742,-30.241357917975943,2.870518657012897,-0.03800580928615993,-0.0015181996032939404
5040.0,201.6,2.0,7.344521037503166,-30.287109077879535,7.344521037503166,-30.287109077879535,2.876163475422463,-0.03800580928615993,-0.0015181996032939404
5041.0,201.64000000000001,2.0,7.177873223681237,-30.331920205172178,7.177873223681237,-30.331920205172178,2.8818082938320293,-0.03800580928615993,-0.0015181996032939404
5042.0,201.68,2.0,7.010974968803192,-30.375789870168,7.010974968803192,-30.375789870168,2.887453112241596,-0.03800580928615993,-0.0015181996032939404
5043.0,201.72,2.0,6.843831592153424,-30.418716673193785,6.843831592153424,-30.418716673193785,2.893097930651162,-0.03800580928615993,-0.0015181996032939404
5044.0,201.76,2.0,6.676448420838869,-30.460699244633663,6.676448420838869,-30.460699244633663,2.898742749060729,-0.03800580928615993,-0.0015181996032939404
5045.0,201.8,2.0,6.5088307896191555,-30.501736244972797,6.5088307896191555,-30.501736244972797,2.9043875674702946,-0.03800580928615993,-0.0015181996032939404
5046.0,201.84,2.0,6.340984040736482,-30.541826364840166,6.340984040736482,-30.541826364840166,2.910032385879861,-0.03800580928615993,-0.0015181996032939404
5047.0,201.88,2.0,6.172913523745291,-30.58096832505037,6.172913523745291,-30.58096832505037,2.9156772042894277,-0.03800580928615993,-0.0015181996032939404
5048.0,201.92000000000002,2.0,6.004624595341676,-30.619160876644436,6.004624595341676,-30.619160876644436,2.9213220226989938,-0.03800580928615993,-0.0015181996032939404
5049.0,201.96,2.0,5.836122619192585,-30.656402800929698,5.836122619192585,-30.656402800929698,2.92696684110856,-0.03800580928615993,-0.0015181996032939404
5050.0,202.0,2.0,5.667412965764782,-30.69269290951873,5.667412965764782,-30.69269290951873,2.9326116595181264,-0.03800580928615993,-0.0015181996032939404
5051.0,202.04,2.0,5.498501012153612,-30.728030044367244,5.498501012153612,-30.728030044367244,2.938256477927693,-0.03800580928615993,-0.0015181996032939404
5052.0,202.08,2.0,5.329392141911539,-30.76241307781109,5.329392141911539,-30.76241307781109,2.943901296337259,-0.03800580928615993,-0.0015181996032939404
5053.0,202.12,2.0,5.160091744876478,-30.795840912602237,5.160091744876478,-30.795840912602237,2.9495461147468256,-0.03800580928615993,-0.0015181996032939404
5054.0,202.16,2.0,4.990605216999938,-30.82831248194384,4.990605216999938,-30.82831248194384,2.955190933156392,-0.03800580928615993,-0.0015181996032939404
5055.0,202.20000000000002,2.0,4.82093796017496,-30.859826749524245,4.82093796017496,-30.859826749524245,2.9608357515659582,-0.03800580928615993,-0.0015181996032939404
5056.0,202.24,2.0,4.651095382063859,-30.890382709550135,4.651095382063859,-30.890382709550135,2.9664805699755243,-0.03800580928615993,-0.0015181996032939404
5057.0,202.28,2.0,4.481082895925808,-30.919979386778607,4.481082895925808,-30.919979386778607,2.9721253883850904,-0.03800580928615993,-0.0015181996032939404
5058.0,202.32,2.0,4.310905920444208,-30.948615836548328,4.310905920444208,-30.948615836548328,2.977770206794657,-0.03800580928615993,-0.0015181996032939404
5059.0,202.36,2.0,4.140569879553913,-30.9762911448097,4.140569879553913,-30.9762911448097,2.9834150252042235,-0.03800580928615993,-0.0015181996032939404
5060.0,202.4,2.0,3.9700802022682744,-31.00300442815405,3.9700802022682744,-31.00300442815405,2.9890598436137896,-0.03800580928615993,-0.0015181996032939404
5061.0,202.44,2.0,3.7994423225060223,-31.028754833841816,3.7994423225060223,-31.028754833841816,2.994704662023356,-0.03800580928615993,-0.0015181996032939404
5062.0,202.48000000000002,2.0,3.6286616789179953,-31.053541539829837,3.6286616789179953,-31.053541539829837,3.0003494804329227,-0.03800580928615993,-0.0015181996032939404
5063.0,202.52,2.0,3.457743714713719,-31.077363754797545,3.457743714713719,-31.077363754797545,3.005994298842489,-0.03800580928615993,-0.0015181996032939404
5064.0,202.56,2.0,3.2866938774878336,-31.100220718172288,3.2866938774878336,-31.100220718172288,3.011639117252055,-0.03800580928615993,-0.0015181996032939404
5065.0,202.6,2.0,3.1155176190463885,-31.12211170015359,3.1155176190463885,-31.12211170015359,3.0172839356616215,-0.03800580928615993,-0.0015181996032939404
5066.0,202.64000000000001,2.0,2.9442203952329935,-31.143036001736494,2.9442203952329935,-31.143036001736494,3.022928754071188,-0.03800580928615993,-0.0015181996032939404
5067.0,202.68,2.0,2.7728076657548497,-31.162992954733845,2.7728076657548497,-31.162992954733845,3.0285735724807537,-0.03800580928615993,-0.0015181996032939404
5068.0,202.72,2.0,2.601284894008654,-31.181981921797707,2.601284894008654,-31.181981921797707,3.0342183908903206,-0.03800580928615993,-0.0015181996032939404
5069.0,202.76,2.0,2.4296575469063812,-31.200002296439656,2.4296575469063812,-31.200002296439656,3.0398632092998867,-0.03800580928615993,-0.0015181996032939404
5070.0,202.8,2.0,2.2579310947009623,-31.21705350305022,2.2579310947009623,-31.21705350305022,3.0455080277094533,-0.03800580928615993,-0.0015181996032939404
5071.0,202.84,2.0,2.0861110108118472,-31.233134996917215,2.0861110108118472,-31.233134996917215,3.0511528461190194,-0.03800580928615993,-0.0015181996032939404
5072.0,202.88,2.0,1.9142027716504724,-31.248246264243203,1.9142027716504724,-31.248246264243203,3.0567976645285855,-0.03800580928615993,-0.0015181996032939404
5073.0,202.92000000000002,2.0,1.7422118564456301,-31.262386822161897,1.7422118564456301,-31.262386822161897,3.062442482938152,-0.03800580928615993,-0.0015181996032939404
5074.0,202.96,2.0,1.5701437470687483,-31.275556218753582,1.5701437470687483,-31.275556218753582,3.068087301347718,-0.03800580928615993,-0.0015181996032939404
5075.0,203.0,2.0,1.398003927859087,-31.287754033059592,1.398003927859087,-31.287754033059592,3.0737321197572847,-0.03800580928615993,-0.0015181996032939404
5076.0,203.04,2.0,1.2257978854488523,-31.298979875095757,1.2257978854488523,-31.298979875095757,3.0793769381668508,-0.03800580928615993,-0.0015181996032939404
5077.0,203.08,2.0,1.0535311085882422,-31.30923338586488,1.0535311085882422,-31.30923338586488,3.0850217565764173,-0.03800580928615993,-0.0015181996032939404
5078.0,203.12,2.0,0.8812090879704197,-31.318514237368202,0.8812090879704197,-31.318514237368202,3.090666574985984,-0.03800580928615993,-0.0015181996032939404
5079.0,203.16,2.0,0.708837316056427,-31.326822132615955,0.708837316056427,-31.326822132615955,3.09631139339555,-0.03800580928615993,-0.0015181996032939404
5080.0,203.20000000000002,2.0,0.5364212869000416,-31.334156805636802,0.5364212869000416,-31.334156805636802,3.101956211805116,-0.03800580928615993,-0.0015181996032939404
5081.0,203.24,2.0,0.3639664959725819,-31.34051802148641,0.3639664959725819,-31.34051802148641,3.1076010302146826,-0.03800580928615993,-0.0015181996032939404
5082.0,203.28,2.0,0.19147843998766728,-31.345905576254943,0.19147843998766728,-31.345905576254943,3.1132458486242487,-0.03800580928615993,-0.0015181996032939404
5083.0,203.32,2.0,0.018962616725937954,-31.350319297073618,0.018962616725937954,-31.350319297073618,3.1188906670338152,-0.03800580928615993,-0.0015181996032939404
5084.0,203.36,2.0,-0.15357547514025854,-31.35375904212024,-0.15357547514025854,-31.35375904212024,3.1245354854433813,-0.03800580928615993,-0.0015181996032939404
5085.0,203.4,2.0,-0.3261303362222104,-31.356224700623795,-0.3261303362222104,-31.356224700623795,3.130180303852948,-0.03800580928615993,-0.0015181996032939404
5086.0,203.44,2.0,-0.4986964665902069,-31.35771619286798,-0.4986964665902069,-31.35771619286798,3.1358251222625144,-0.03800580928615993,-0.0015181996032939404
5087.0,203.48000000000002,2.0,-0.671268365948922,-31.358233470193788,-0.671268365948922,-31.358233470193788,3.1414699406720805,-0.03800580928615993,-0.0015181996032939404
5088.0,203.52,2.0,-0.8438405338128094,-31.35777651500112,-0.8438405338128094,-31.35777651500112,3.1471147590816466,-0.03800580928615993,-0.0015181996032939404
5089.0,203.56,2.0,-1.016407469681503,-31.356345340749357,-1.016407469681503,-31.356345340749357,3.1527595774912127,-0.03800580928615993,-0.0015181996032939404
5090.0,203.6,2.0,-1.188963673215221,-31.353939991956956,-1.188963673215221,-31.353939991956956,3.1584043959007793,-0.03800580928615993,-0.0015181996032939404
5091.0,203.64000000000001,2.0,-1.3615036444101594,-31.35056054420013,-1.3615036444101594,-31.35056054420013,3.164049214310346,-0.03800580928615993,-0.0015181996032939404
5092.0,203.68,2.0,-1.5340218837738822,-31.346207104110373,-1.5340218837738822,-31.346207104110373,3.169694032719912,-0.03800580928615993,-0.0015181996032939404
5093.0,203.72,2.0,-1.7065128925006903,-31.340879809371177,-1.7065128925006903,-31.340879809371177,3.1753388511294784,-0.03800580928615993,-0.0015181996032939404
5094.0,203.76,2.0,-1.8789711726469691,-31.334578828713642,-1.8789711726469691,-31.334578828713642,3.1809836695390445,-0.03800580928615993,-0.0015181996032939404
5095.0,203.8,2.0,-2.0513912273065125,-31.32730436191112,-2.0513912273065125,-31.32730436191112,3.186628487948611,-0.03800580928615993,-0.0015181996032939404
5096.0,203.84,2.0,-2.2237675607858085,-31.319056639772917,-2.2237675607858085,-31.319056639772917,3.192273306358177,-0.03800580928615993,-0.0015181996032939404
5097.0,203.88,2.0,-2.3960946787792916,-31.309835924136912,-2.3960946787792916,-31.309835924136912,3.1979181247677433,-0.03800580928615993,-0.0015181996032939404
5098.0,203.92000000000002,2.0,-2.5683670885445484,-31.29964250786129,-2.5683670885445484,-31.29964250786129,3.2035629431773103,-0.03800580928615993,-0.0015181996032939404
5099.0,203.96,2.0,-2.7405792990774716,-31.288476714815204,-2.7405792990774716,-31.288476714815204,3.209207761586876,-0.03800580928615993,-0.0015181996032939404
5100.0,204.0,2.0,-2.9127258212873635,-31.276338899868506,-2.9127258212873635,-31.276338899868506,3.2148525799964425,-0.03800580928615993,-0.0015181996032939404
5101.0,204.04,2.0,-3.0848011681719765,-31.263229448880434,-3.0848011681719765,-31.263229448880434,3.220497398406009,-0.03800580928615993,-0.0015181996032939404
5102.0,204.08,2.0,-3.256799854992484,-31.249148778687367,-3.256799854992484,-31.249148778687367,3.2261422168155756,-0.03800580928615993,-0.0015181996032939404
5103.0,204.12,2.0,-3.4287163994483847,-31.234097337089548,-3.4287163994483847,-31.234097337089548,3.2317870352251417,-0.03800580928615993,-0.0015181996032939404
5104.0,204.16,2.0,-3.6005453218523273,-31.218075602836855,-3.6005453218523273,-31.218075602836855,3.2374318536347078,-0.03800580928615993,-0.0015181996032939404
5105.0,204.20000000000002,2.0,-3.7722811453048464,-31.201084085613523,-3.7722811453048464,-31.201084085613523,3.243076672044274,-0.03800580928615993,-0.0015181996032939404
5106.0,204.24,2.0,-3.943918395869022,-31.183123326021974,-3.943918395869022,-31.183123326021974,3.2487214904538404,-0.03800580928615993,-0.0015181996032939404
5107.0,204.28,2.0,-4.115451602745034,-31.164193895565603,-4.115451602745034,-31.164193895565603,3.254366308863407,-0.03800580928615993,-0.0015181996032939404
5108.0,204.32,2.0,-4.286875298444615,-31.144296396630534,-4.286875298444615,-31.144296396630534,3.2600111272729735,-0.03800580928615993,-0.0015181996032939404
5109.0,204.36,2.0,-4.458184018965414,-31.123431462466492,-4.458184018965414,-31.123431462466492,3.265655945682539,-0.03800580928615993,-0.0015181996032939404
5110.0,204.4,2.0,-4.629372303965231,-31.10159975716665,-4.629372303965231,-31.10159975716665,3.2713007640921057,-0.03800580928615993,-0.0015181996032939404
5111.0,204.44,2.0,-4.800434696936138,-31.078801975646407,-4.800434696936138,-31.078801975646407,3.2769455825016722,-0.03800580928615993,-0.0015181996032939404
5112.0,204.48000000000002,2.0,-4.971365745378493,-31.05503884362135,-4.971365745378493,-31.05503884362135,3.2825904009112383,-0.03800580928615993,-0.0015181996032939404
5113.0,204.52,2.0,-5.142160000974803,-31.03031111758408,-5.142160000974803,-31.03031111758408,3.288235219320805,-0.03800580928615993,-0.0015181996032939404
5114.0,204.56,2.0,-5.312812019763479,-31.00461958478015,-5.312812019763479,-31.00461958478015,3.2938800377303714,-0.03800580928615993,-0.0015181996032939404
5115.0,204.6,2.0,-5.483316362312427,-30.977965063182978,-5.483316362312427,-30.977965063182978,3.299524856139937,-0.03800580928615993,-0.0015181996032939404
5116.0,204.64000000000001,2.0,-5.653667593892509,-30.95034840146777,-5.653667593892509,-30.95034840146777,3.3051696745495036,-0.03800580928615993,-0.0015181996032939404
5117.0,204.68,2.0,-5.8238602846508645,-30.92177047898455,-5.8238602846508645,-30.92177047898455,3.31081449295907,-0.03800580928615993,-0.0015181996032939404
5118.0,204.72,2.0,-5.993889009784048,-30.89223220573006,-5.993889009784048,-30.89223220573006,3.3164593113686367,-0.03800580928615993,-0.0015181996032939404
5119.0,204.76,2.0,-6.163748349711029,-30.86173452231886,-6.163748349711029,-30.86173452231886,3.322104129778203,-0.03800580928615993,-0.0015181996032939404
5120.0,204.8,2.0,-6.3334328902460175,-30.83027839995328,-6.3334328902460175,-30.83027839995328,3.327748948187769,-0.03800580928615993,-0.0015181996032939404
5121.0,204.84,2.0,-6.5029372227711235,-30.79786484039254,-6.5029372227711235,-30.79786484039254,3.333393766597335,-0.03800580928615993,-0.0015181996032939404
5122.0,204.88,2.0,-6.672255944408823,-30.764494875920786,-6.672255944408823,-30.764494875920786,3.3390385850069015,-0.03800580928615993,-0.0015181996032939404
5123.0,204.92000000000002,2.0,-6.84138365819426,-30.73016956931425,-6.84138365819426,-30.73016956931425,3.344683403416468,-0.03800580928615993,-0.0015181996032939404
5124.0,204.96,2.0,-7.010314973247357,-30.694890013807328,-7.010314973247357,-30.694890013807328,3.3503282218260337,-0.03800580928615993,-0.0015181996032939404
5125.0,205.0,2.0,-7.1790445049447085,-30.6586573330578,-7.1790445049447085,-30.6586573330578,3.355973040235601,-0.03800580928615993,-0.0015181996032939404
5126.0,205.04,2.0,-7.347566875091315,-30.62147268111098,-7.347566875091315,-30.62147268111098,3.361617858645167,-0.03800580928615993,-0.0015181996032939404
5127.0,205.08,2.0,-7.515876712092075,-30.583337242362973,-7.515876712092075,-30.583337242362973,3.3672626770547334,-0.03800580928615993,-0.0015181996032939404
5128.0,205.12,2.0,-7.683968651123086,-30.544252231522915,-7.683968651123086,-30.544252231522915,3.3729074954642995,-0.03800580928615993,-0.0015181996032939404
5129.0,205.16,2.0,-7.851837334302736,-30.504218893574272,-7.851837334302736,-30.504218893574272,3.3785523138738656,-0.03800580928615993,-0.0015181996032939404
5130.0,205.20000000000002,2.0,-8.019477410862544,-30.46323850373516,-8.019477410862544,-30.46323850373516,3.3841971322834326,-0.03800580928615993,-0.0015181996032939404
5131.0,205.24,2.0,-8.186883537317808,-30.421312367417716,-8.186883537317808,-30.421312367417716,3.389841950692998,-0.03800580928615993,-0.0015181996032939404
5132.0,205.28,2.0,-8.354050377638002,-30.378441820186474,-8.354050377638002,-30.378441820186474,3.3954867691025648,-0.03800580928615993,-0.0015181996032939404
5133.0,205.32,2.0,-8.52097260341694,-30.334628227715832,-8.52097260341694,-30.334628227715832,3.4011315875121313,-0.03800580928615993,-0.0015181996032939404
5134.0,205.36,2.0,-8.687644894042693,-30.289872985746484,-8.687644894042693,-30.289872985746484,3.406776405921697,-0.03800580928615993,-0.0015181996032939404
5135.0,205.4,2.0,-8.854061936867264,-30.244177520040985,-8.854061936867264,-30.244177520040985,3.4124212243312635,-0.03800580928615993,-0.0015181996032939404
5136.0,205.44,2.0,-9.020218427376005,-30.19754328633827,-9.020218427376005,-30.19754328633827,3.4180660427408305,-0.03800580928615993,-0.0015181996032939404
5137.0,205.48000000000002,2.0,-9.186109069356776,-30.149971770307282,-9.186109069356776,-30.149971770307282,3.423710861150396,-0.03800580928615993,-0.0015181996032939404
5138.0,205.52,2.0,-9.351728575068842,-30.101464487499605,-9.351728575068842,-30.101464487499605,3.4293556795599627,-0.03800580928615993,-0.0015181996032939404
5139.0,205.56,2.0,-9.517071665411489,-30.052022983301175,-9.517071665411489,-30.052022983301175,3.435000497969529,-0.03800580928615993,-0.0015181996032939404
5140.0,205.6,2.0,-9.68213307009238,-30.001648832882985,-9.68213307009238,-30.001648832882985,3.4406453163790958,-0.03800580928615993,-0.0015181996032939404
5141.0,205.64000000000001,2.0,-9.84690752779562,-29.950343641150937,-9.84690752779562,-29.950343641150937,3.4462901347886614,-0.03800580928615993,-0.0015181996032939404
5142.0,205.68,2.0,-10.011389786349538,-29.89810904269463,-10.011389786349538,-29.89810904269463,3.451934953198228,-0.03800580928615993,-0.0015181996032939404
5143.0,205.72,2.0,-10.175574602894176,-29.844946701735296,-10.175574602894176,-29.844946701735296,3.457579771607795,-0.03800580928615993,-0.0015181996032939404
5144.0,205.76,2.0,-10.33945674404848,-29.790858312072736,-10.33945674404848,-29.790858312072736,3.4632245900173606,-0.03800580928615993,-0.0015181996032939404
5145.0,205.8,2.0,-10.5030309860772,-29.735845597031318,-10.5030309860772,-29.735845597031318,3.4688694084269267,-0.03800580928615993,-0.0015181996032939404
5146.0,205.84,2.0,-10.666292115057463,-29.67991030940508,-10.666292115057463,-29.67991030940508,3.4745142268364937,-0.03800580928615993,-0.0015181996032939404
5147.0,205.88,2.0,-10.829234927045041,-29.623054231401824,-10.829234927045041,-29.623054231401824,3.4801590452460602,-0.03800580928615993,-0.0015181996032939404
5148.0,205.92000000000002,2.0,-10.991854228240324,-29.565279174586312,-10.991854228240324,-29.565279174586312,3.485803863655626,-0.03800580928615993,-0.0015181996032939404
5149.0,205.96,2.0,-11.154144835153918,-29.506586979822533,-11.154144835153918,-29.506586979822533,3.4914486820651924,-0.03800580928615993,-0.0015181996032939404
5150.0,206.0,2.0,-11.316101574771979,-29.44697951721499,-11.316101574771979,-29.44697951721499,3.497093500474759,-0.03800580928615993,-0.0015181996032939404
5151.0,206.04,2.0,-11.477719284721147,-29.38645868604914,-11.477719284721147,-29.38645868604914,3.502738318884325,-0.03800580928615993,-0.0015181996032939404
5152.0,206.08,2.0,-11.638992813433196,-29.325026414730775,-11.638992813433196,-29.325026414730775,3.508383137293891,-0.03800580928615993,-0.0015181996032939404
5153.0,206.12,2.0,-11.799917020309305,-29.262684660724624,-11.799917020309305,-29.262684660724624,3.5140279557034573,-0.03800580928615993,-0.0015181996032939404
5154.0,206.16,2.0,-11.96048677588399,-29.199435410491894,-11.96048677588399,-29.199435410491894,3.519672774113024,-0.03800580928615993,-0.0015181996032939404
5155.0,206.20000000000002,2.0,-12.120696961988692,-29.135280679426973,-12.120696961988692,-29.135280679426973,3.5253175925225904,-0.03800580928615993,-0.0015181996032939404
5156.0,206.24,2.0,-12.280542471914986,-29.07022251179318,-12.280542471914986,-29.07022251179318,3.530962410932156,-0.03800580928615993,-0.0015181996032939404
5157.0,206.28,2.0,-12.440018210577426,-29.00426298065757,-12.440018210577426,-29.00426298065757,3.5366072293417226,-0.03800580928615993,-0.0015181996032939404
5158.0,206.32,2.0,-12.599119094676047,-28.93740418782488,-12.599119094676047,-28.93740418782488,3.5422520477512895,-0.03800580928615993,-0.0015181996032939404
5159.0,206.36,2.0,-12.757840052858448,-28.869648263770507,-12.757840052858448,-28.869648263770507,3.5478968661608556,-0.03800580928615993,-0.0015181996032939404
5160.0,206.4,2.0,-12.916176025881532,-28.80099736757259,-12.916176025881532,-28.80099736757259,3.5535416845704217,-0.03800580928615993,-0.0015181996032939404
5161.0,206.44,2.0,-13.074121966772836,-28.73145368684316,-13.074121966772836,-28.73145368684316,3.5591865029799883,-0.03800580928615993,-0.0015181996032939404
5162.0,206.48000000000002,2.0,-13.231672840991482,-28.661019437658457,-13.231672840991482,-28.661019437658457,3.564831321389555,-0.03800580928615993,-0.0015181996032939404
5163.0,206.52,2.0,-13.388823626588728,-28.589696864488182,-13.388823626588728,-28.589696864488182,3.5704761397991205,-0.03800580928615993,-0.0015181996032939404
5164.0,206.56,2.0,-13.545569314368112,-28.51748824012405,-13.545569314368112,-28.51748824012405,3.576120958208687,-0.03800580928615993,-0.0015181996032939404
5165.0,206.6,2.0,-13.701904908045202,-28.44439586560724,-13.701904908045202,-28.44439586560724,3.5817657766182536,-0.03800580928615993,-0.0015181996032939404
5166.0,206.64000000000001,2.0,-13.857825424406922,-28.370422070155104,-13.857825424406922,-28.370422070155104,3.58741059502782,-0.03800580928615993,-0.0015181996032939404
5167.0,206.68,2.0,-14.013325893470466,-28.295569211086853,-14.013325893470466,-28.295569211086853,3.5930554134373858,-0.03800580928615993,-0.0015181996032939404
5168.0,206.72,2.0,-14.168401358641791,-28.219839673748435,-14.168401358641791,-28.219839673748435,3.5987002318469528,-0.03800580928615993,-0.0015181996032939404
5169.0,206.76,2.0,-14.323046876873681,-28.143235871436474,-14.323046876873681,-28.143235871436474,3.6043450502565193,-0.03800580928615993,-0.0015181996032939404
5170.0,206.8,2.0,-14.477257518823382,-28.06576024532135,-14.477257518823382,-28.06576024532135,3.609989868666085,-0.03800580928615993,-0.0015181996032939404
5171.0,206.84,2.0,-14.631028369009801,-27.987415264369325,-14.631028369009801,-27.987415264369325,3.6156346870756515,-0.03800580928615993,-0.0015181996032939404
5172.0,206.88,2.0,-14.78435452597025,-27.908203425263856,-14.78435452597025,-27.908203425263856,3.621279505485218,-0.03800580928615993,-0.0015181996032939404
5173.0,206.92000000000002,2.0,-14.937231102416757,-27.82812725232601,-14.937231102416757,-27.82812725232601,3.6269243238947837,-0.03800580928615993,-0.0015181996032939404
5174.0,206.96,2.0,-15.089653225391933,-27.74718929743395,-15.089653225391933,-27.74718929743395,3.6325691423043507,-0.03800580928615993,-0.0015181996032939404
5175.0,207.0,2.0,-15.24161603642435,-27.66539213994158,-15.24161603642435,-27.66539213994158,3.638213960713917,-0.03800580928615993,-0.0015181996032939404
5176.0,207.04,2.0,-15.39311469168349,-27.582738386596315,-15.39311469168349,-27.582738386596315,3.643858779123483,-0.03800580928615993,-0.0015181996032939404
5177.0,207.08,2.0,-15.54414436213421,-27.499230671455983,-15.54414436213421,-27.499230671455983,3.6495035975330494,-0.03800580928615993,-0.0015181996032939404
5178.0,207.12,2.0,-15.694700233690744,-27.414871655804813,-15.694700233690744,-27.414871655804813,3.655148415942615,-0.03800580928615993,-0.0015181996032939404
5179.0,207.16,2.0,-15.844777507370214,-27.3296640280686,-15.844777507370214,-27.3296640280686,3.6607932343521816,-0.03800580928615993,-0.0015181996032939404
5180.0,207.20000000000002,2.0,-15.994371399445672,-27.243610503728995,-15.994371399445672,-27.243610503728995,3.666438052761748,-0.03800580928615993,-0.0015181996032939404
5181.0,207.24,2.0,-16.14347714159866,-27.15671382523691,-16.14347714159866,-27.15671382523691,3.6720828711713147,-0.03800580928615993,-0.0015181996032939404
5182.0,207.28,2.0,-16.292089981071264,-27.068976761925075,-16.292089981071264,-27.068976761925075,3.6777276895808813,-0.03800580928615993,-0.0015181996032939404
5183.0,207.32,2.0,-16.44020518081768,-26.980402109919783,-16.44020518081768,-26.980402109919783,3.6833725079904474,-0.03800580928615993,-0.0015181996032939404
5184.0,207.36,2.0,-16.58781801965528,-26.890992692051668,-16.58781801965528,-26.890992692051668,3.6890173264000135,-0.03800580928615993,-0.0015181996032939404
5185.0,207.4,2.0,-16.734923792415152,-26.800751357765762,-16.734923792415152,-26.800751357765762,3.6946621448095796,-0.03800580928615993,-0.0015181996032939404
5186.0,207.44,2.0,-16.881517810092184,-26.709680983030616,-16.881517810092184,-26.709680983030616,3.700306963219146,-0.03800580928615993,-0.0015181996032939404
5187.0,207.48000000000002,2.0,-17.02759539999456,-26.61778447024659,-17.02759539999456,-26.61778447024659,3.7059517816287126,-0.03800580928615993,-0.0015181996032939404
5188.0,207.52,2.0,-17.173151905892784,-26.52506474815335,-17.173151905892784,-26.52506474815335,3.7115966000382783,-0.03800580928615993,-0.0015181996032939404
5189.0,207.56,2.0,-17.318182688168175,-26.431524771736445,-17.318182688168175,-26.431524771736445,3.717241418447845,-0.03800580928615993,-0.0015181996032939404
5190.0,207.6,2.0,-17.46268312396081,-26.337167522133097,-17.46268312396081,-26.337167522133097,3.7228862368574114,-0.03800580928615993,-0.0015181996032939404
5191.0,207.64000000000001,2.0,-17.60664860731695,-26.24199600653717,-17.60664860731695,-26.24199600653717,3.728531055266978,-0.03800580928615993,-0.0015181996032939404
5192.0,207.68,2.0,-17.750074549335924,-26.146013258103267,-17.750074549335924,-26.146013258103267,3.734175873676544,-0.03800580928615993,-0.0015181996032939404
5193.0,207.72,2.0,-17.892956378316473,-26.04922233585001,-17.892956378316473,-26.04922233585001,3.7398206920861106,-0.03800580928615993,-0.0015181996032939404
5194.0,207.76,2.0,-18.03528953990253,-25.95162632456253,-18.03528953990253,-25.95162632456253,3.745465510495676,-0.03800580928615993,-0.0015181996032939404
5195.0,207.8,2.0,-18.17706949722846,-25.85322833469407,-18.17706949722846,-25.85322833469407,3.7511103289052437,-0.03800580928615993,-0.0015181996032939404
5196.0,207.84,2.0,-18.318291731063752,-25.754031502266844,-18.318291731063752,-25.754031502266844,3.7567551473148093,-0.03800580928615993,-0.0015181996032939404
5197.0,207.88,2.0,-18.458951739957115,-25.654038988772022,-18.458951739957115,-25.654038988772022,3.762399965724376,-0.03800580928615993,-0.0015181996032939404
5198.0,207.92000000000002,2.0,-18.59904504038004,-25.553253981068924,-18.59904504038004,-25.553253981068924,3.7680447841339424,-0.03800580928615993,-0.0015181996032939404
5199.0,207.96,2.0,-18.738567166869785,-25.451679691283413,-18.738567166869785,-25.451679691283413,3.7736896025435085,-0.03800580928615993,-0.0015181996032939404
5200.0,208.0,2.0,-18.877513672171766,-25.34931935670547,-18.877513672171766,-25.34931935670547,3.7793344209530746,-0.03800580928615993,-0.0015181996032939404
5201.0,208.04,2.0,-19.015880127381372,-25.24617623968597,-19.015880127381372,-25.24617623968597,3.7849792393626407,-0.03800580928615993,-0.0015181996032939404
5202.0,208.08,2.0,-19.153662122085215,-25.14225362753265,-19.153662122085215,-25.14225362753265,3.7906240577722072,-0.03800580928615993,-0.0015181996032939404
5203.0,208.12,2.0,-19.290855264501783,-25.037554832405313,-19.290855264501783,-25.037554832405313,3.796268876181773,-0.03800580928615993,-0.0015181996032939404
5204.0,208.16,2.0,-19.42745518162147,-24.93208319121019,-19.42745518162147,-24.93208319121019,3.8019136945913403,-0.03800580928615993,-0.0015181996032939404
5205.0,208.20000000000002,2.0,-19.563457519346038,-24.825842065493553,-19.563457519346038,-24.825842065493553,3.807558513000907,-0.03800580928615993,-0.0015181996032939404
5206.0,208.24,2.0,-19.698857942627473,-24.718834841334523,-19.698857942627473,-24.718834841334523,3.8132033314104725,-0.03800580928615993,-0.0015181996032939404
5207.0,208.28,2.0,-19.833652135606233,-24.61106492923711,-19.833652135606233,-24.61106492923711,3.818848149820039,-0.03800580928615993,-0.0015181996032939404
5208.0,208.32,2.0,-19.96783580174886,-24.502535764021438,-19.96783580174886,-24.502535764021438,3.824492968229605,-0.03800580928615993,-0.0015181996032939404
5209.0,208.36,2.0,-20.101404663985004,-24.393250804714263,-20.101404663985004,-24.393250804714263,3.8301377866391717,-0.03800580928615993,-0.0015181996032939404
5210.0,208.4,2.0,-20.234354464843825,-24.283213534438627,-20.234354464843825,-24.283213534438627,3.8357826050487374,-0.03800580928615993,-0.0015181996032939404
5211.0,208.44,2.0,-20.366680966589755,-24.172427460302835,-20.366680966589755,-24.172427460302835,3.841427423458304,-0.03800580928615993,-0.0015181996032939404
5212.0,208.48000000000002,2.0,-20.498379951357624,-24.060896113288592,-20.498379951357624,-24.060896113288592,3.8470722418678704,-0.03800580928615993,-0.0015181996032939404
5213.0,208.52,2.0,-20.62944722128718,-23.948623048138444,-20.62944722128718,-23.948623048138444,3.852717060277437,-0.03800580928615993,-0.0015181996032939404
5214.0,208.56,2.0,-20.759878598656964,-23.835611843242397,-20.759878598656964,-23.835611843242397,3.8583618786870035,-0.03800580928615993,-0.0015181996032939404
5215.0,208.6,2.0,-20.889669926017515,-23.721866100523826,-20.889669926017515,-23.721866100523826,3.864006697096569,-0.03800580928615993,-0.0015181996032939404
5216.0,208.64000000000001,2.0,-21.01881706632396,-23.607389445324635,-21.01881706632396,-23.607389445324635,3.869651515506136,-0.03800580928615993,-0.0015181996032939404
5217.0,208.68,2.0,-21.14731590306794,-23.492185526289624,-21.14731590306794,-23.492185526289624,3.875296333915702,-0.03800580928615993,-0.0015181996032939404
5218.0,208.72,2.0,-21.27516234040888,-23.376258015250176,-21.27516234040888,-23.376258015250176,3.8809411523252684,-0.03800580928615993,-0.0015181996032939404
5219.0,208.76,2.0,-21.40235230330461,-23.25961060710715,-21.40235230330461,-23.25961060710715,3.886585970734835,-0.03800580928615993,-0.0015181996032939404
5220.0,208.8,2.0,-21.528881737641292,-23.142247019713075,-21.528881737641292,-23.142247019713075,3.8922307891444015,-0.03800580928615993,-0.0015181996032939404
5221.0,208.84,2.0,-21.654746610362746,-23.02417099375358,-21.654746610362746,-23.02417099375358,3.897875607553968,-0.03800580928615993,-0.0015181996032939404
5222.0,208.88,2.0,-21.779942909599015,-22.905386292628137,-21.779942909599015,-22.905386292628137,3.9035204259635337,-0.03800580928615993,-0.0015181996032939404
5223.0,208.92000000000002,2.0,-21.90446664479433,-22.785896702330042,-21.90446664479433,-22.785896702330042,3.9091652443731,-0.03800580928615993,-0.0015181996032939404
5224.0,208.96,2.0,-22.028313846834344,-22.665706031325687,-22.028313846834344,-22.665706031325687,3.9148100627826663,-0.03800580928615993,-0.0015181996032939404
5225.0,209.0,2.0,-22.151480568172733,-22.544818110433123,-22.151480568172733,-22.544818110433123,3.920454881192233,-0.03800580928615993,-0.0015181996032939404
5226.0,209.04,2.0,-22.273962882957044,-22.423236792699907,-22.273962882957044,-22.423236792699907,3.9260996996017994,-0.03800580928615993,-0.0015181996032939404
5227.0,209.08,2.0,-22.39575688715391,-22.300965953280226,-22.39575688715391,-22.300965953280226,3.931744518011365,-0.03800580928615993,-0.0015181996032939404
5228.0,209.12,2.0,-22.516858698673545,-22.17800948931134,-22.516858698673545,-22.17800948931134,3.9373893364209325,-0.03800580928615993,-0.0015181996032939404
5229.0,209.16,2.0,-22.637264457493526,-22.054371319789304,-22.637264457493526,-22.054371319789304,3.943034154830498,-0.03800580928615993,-0.0015181996032939404
5230.0,209.20000000000002,2.0,-22.756970325781904,-21.930055385444,-22.756970325781904,-21.930055385444,3.9486789732400647,-0.03800580928615993,-0.0015181996032939404
5231.0,209.24,2.0,-22.87597248801957,-21.805065648613486,-22.87597248801957,-21.805065648613486,3.9543237916496308,-0.03800580928615993,-0.0015181996032939404
5232.0,209.28,2.0,-22.994267151121935,-21.679406093117624,-22.994267151121935,-21.679406093117624,3.959968610059197,-0.03800580928615993,-0.0015181996032939404
5233.0,209.32,2.0,-23.111850544559893,-21.553080724131064,-23.111850544559893,-21.553080724131064,3.965613428468763,-0.03800580928615993,-0.0015181996032939404
5234.0,209.36,2.0,-23.228718920480052,-21.42609356805552,-23.228718920480052,-21.42609356805552,3.9712582468783295,-0.03800580928615993,-0.0015181996032939404
5235.0,209.4,2.0,-23.344868553824245,-21.29844867239138,-23.344868553824245,-21.29844867239138,3.976903065287896,-0.03800580928615993,-0.0015181996032939404
5236.0,209.44,2.0,-23.46029574244832,-21.17015010560863,-23.46029574244832,-21.17015010560863,3.9825478836974617,-0.03800580928615993,-0.0015181996032939404
5237.0,209.48000000000002,2.0,-23.574996807240215,-21.041201957017115,-23.574996807240215,-21.041201957017115,3.9881927021070283,-0.03800580928615993,-0.0015181996032939404
5238.0,209.52,2.0,-23.68896809223724,-20.91160833663617,-23.68896809223724,-20.91160833663617,3.993837520516595,-0.03800580928615993,-0.0015181996032939404
5239.0,209.56,2.0,-23.802205964742704,-20.781373375063517,-23.802205964742704,-20.781373375063517,3.9994823389261605,-0.03800580928615993,-0.0015181996032939404
5240.0,209.6,2.0,-23.91470681544172,-20.650501223343568,-23.91470681544172,-20.650501223343568,4.0051271573357266,-0.03800580928615993,-0.0015181996032939404
5241.0,209.64000000000001,2.0,-24.02646705851632,-20.51899605283507,-24.02646705851632,-20.51899605283507,4.010771975745293,-0.03800580928615993,-0.0015181996032939404
5242.0,209.68,2.0,-24.13748313175981,-20.386862055078055,-24.13748313175981,-20.386862055078055,4.016416794154859,-0.03800580928615993,-0.0015181996032939404
5243.0,209.72,2.0,-24.247751496690334,-20.2541034416602,-24.247751496690334,-20.2541034416602,4.022061612564426,-0.03800580928615993,-0.0015181996032939404
5244.0,209.76,2.0,-24.35726863866374,-20.120724444082523,-24.35726863866374,-20.120724444082523,4.027706430973991,-0.03800580928615993,-0.0015181996032939404
5245.0,209.8,2.0,-24.466031066985632,-19.986729313624455,-24.466031066985632,-19.986729313624455,4.033351249383558,-0.03800580928615993,-0.0015181996032939404
5246.0,209.84,2.0,-24.5740353150227,-19.852122321208245,-24.5740353150227,-19.852122321208245,4.038996067793124,-0.03800580928615993,-0.0015181996032939404
5247.0,209.88,2.0,-24.681277940313258,-19.716907757262806,-24.681277940313258,-19.716907757262806,4.044640886202691,-0.03800580928615993,-0.0015181996032939404
5248.0,209.92000000000002,2.0,-24.787755524677017,-19.58108993158687,-24.787755524677017,-19.58108993158687,4.050285704612255,-0.03800580928615993,-0.0015181996032939404
5249.0,209.96,2.0,-24.89346467432408,-19.444673173211562,-24.89346467432408,-19.444673173211562,4.055930523021822,-0.03800580928615993,-0.0015181996032939404
5250.0,210.0,2.0,-24.99840201996317,-19.30766183026237,-24.99840201996317,-19.30766183026237,4.061575341431388,-0.03800580928615993,-0.0015181996032939404
5251.0,210.04,2.0,-25.10256421690907,-19.17006026982046,-25.10256421690907,-19.17006026982046,4.0672201598409545,-0.03800580928615993,-0.0015181996032939404
5252.0,210.08,2.0,-25.20594794518928,-19.03187287778345,-25.20594794518928,-19.03187287778345,4.072864978250521,-0.03800580928615993,-0.0015181996032939404
5253.0,210.12,2.0,-25.308549909649873,-18.893104058725505,-25.308549909649873,-18.893104058725505,4.078509796660087,-0.03800580928615993,-0.0015181996032939404
5254.0,210.16,2.0,-25.410366840060572,-18.75375823575694,-25.410366840060572,-18.75375823575694,4.084154615069653,-0.03800580928615993,-0.0015181996032939404
5255.0,210.20000000000002,2.0,-25.511395491219048,-18.613839850383112,-25.511395491219048,-18.613839850383112,4.089799433479219,-0.03800580928615993,-0.0015181996032939404
5256.0,210.24,2.0,-25.611632643054385,-18.47335336236283,-25.611632643054385,-18.47335336236283,4.095444251888785,-0.03800580928615993,-0.0015181996032939404
5257.0,210.28,2.0,-25.711075100729754,-18.33230324956612,-25.711075100729754,-18.33230324956612,4.101089070298352,-0.03800580928615993,-0.0015181996032939404
5258.0,210.32,2.0,-25.809719694744313,-18.190694007831436,-25.809719694744313,-18.190694007831436,4.106733888707916,-0.03800580928615993,-0.0015181996032939404
5259.0,210.36,2.0,-25.907563281034253,-18.048530150822284,-25.907563281034253,-18.048530150822284,4.112378707117483,-0.03800580928615993,-0.0015181996032939404
5260.0,210.4,2.0,-26.00460274107305,-17.905816209883305,-26.00460274107305,-17.905816209883305,4.1180235255270485,-0.03800580928615993,-0.0015181996032939404
5261.0,210.44,2.0,-26.10083498197095,-17.762556733895757,-26.10083498197095,-17.762556733895757,4.1236683439366155,-0.03800580928615993,-0.0015181996032939404
5262.0,210.48000000000002,2.0,-26.19625693657352,-17.61875628913247,-26.19625693657352,-17.61875628913247,4.129313162346182,-0.03800580928615993,-0.0015181996032939404
5263.0,210.52,2.0,-26.29086556355952,-17.47441945911222,-26.29086556355952,-17.47441945911222,4.134957980755749,-0.03800580928615993,-0.0015181996032939404
5264.0,210.56,2.0,-26.384657847537834,-17.329550844453575,-26.384657847537834,-17.329550844453575,4.140602799165313,-0.03800580928615993,-0.0015181996032939404
5265.0,210.6,2.0,-26.47763079914366,-17.184155062728188,-26.47763079914366,-17.184155062728188,4.14624761757488,-0.03800580928615993,-0.0015181996032939404
5266.0,210.64000000000001,2.0,-26.5697814551338,-17.03823674831354,-26.5697814551338,-17.03823674831354,4.151892435984446,-0.03800580928615993,-0.0015181996032939404
5267.0,210.68,2.0,-26.66110687848116,-16.891800552245154,-26.66110687848116,-16.891800552245154,4.157537254394012,-0.03800580928615993,-0.0015181996032939404
5268.0,210.72,2.0,-26.75160415846841,-16.744851142068292,-26.75160415846841,-16.744851142068292,4.163182072803578,-0.03800580928615993,-0.0015181996032939404
5269.0,210.76,2.0,-26.841270410780776,-16.597393201689087,-26.841270410780776,-16.597393201689087,4.168826891213144,-0.03800580928615993,-0.0015181996032939404
5270.0,210.8,2.0,-26.93010277759805,-16.4494314312252,-26.93010277759805,-16.4494314312252,4.17447170962271,-0.03800580928615993,-0.0015181996032939404
5271.0,210.84,2.0,-27.01809842768567,-16.30097054685594,-27.01809842768567,-16.30097054685594,4.1801165280322765,-0.03800580928615993,-0.0015181996032939404
5272.0,210.88,2.0,-27.105254556485022,-16.15201528067184,-27.105254556485022,-16.15201528067184,4.185761346441843,-0.03800580928615993,-0.0015181996032939404
5273.0,210.92000000000002,2.0,-27.191568386202867,-16.002570380523785,-27.191568386202867,-16.002570380523785,4.19140616485141,-0.03800580928615993,-0.0015181996032939404
5274.0,210.96,2.0,-27.277037165899923,-15.852640609871605,-27.277037165899923,-15.852640609871605,4.197050983260974,-0.03800580928615993,-0.0015181996032939404
5275.0,211.0,2.0,-27.36165817157855,-15.702230747632143,-27.36165817157855,-15.702230747632143,4.202695801670541,-0.03800580928615993,-0.0015181996032939404
5276.0,211.04,2.0,-27.445428706269638,-15.551345588026901,-27.445428706269638,-15.551345588026901,4.208340620080106,-0.03800580928615993,-0.0015181996032939404
5277.0,211.08,2.0,-27.528346100118586,-15.399989940429128,-27.528346100118586,-15.399989940429128,4.213985438489673,-0.03800580928615993,-0.0015181996032939404
5278.0,211.12,2.0,-27.61040771047045,-15.248168629210465,-27.61040771047045,-15.248168629210465,4.219630256899239,-0.03800580928615993,-0.0015181996032939404
5279.0,211.16,2.0,-27.691610921954187,-15.095886493587091,-27.691610921954187,-15.095886493587091,4.225275075308806,-0.03800580928615993,-0.0015181996032939404
5280.0,211.20000000000002,2.0,-27.77195314656605,-14.94314838746541,-27.77195314656605,-14.94314838746541,4.2309198937183705,-0.03800580928615993,-0.0015181996032939404
5281.0,211.24,2.0,-27.851431823752108,-14.789959179287276,-27.851431823752108,-14.789959179287276,4.2365647121279375,-0.03800580928615993,-0.0015181996032939404
5282.0,211.28,2.0,-27.930044420489914,-14.636323751874718,-27.930044420489914,-14.636323751874718,4.242209530537504,-0.03800580928615993,-0.0015181996032939404
5283.0,211.32,2.0,-28.00778843136924,-14.482247002274244,-28.00778843136924,-14.482247002274244,4.24785434894707,-0.03800580928615993,-0.0015181996032939404
5284.0,211.36,2.0,-28.08466137867196,-14.327733841600686,-28.08466137867196,-14.327733841600686,4.253499167356636,-0.03800580928615993,-0.0015181996032939404
5285.0,211.4,2.0,-28.160660812451102,-14.172789194880568,-28.160660812451102,-14.172789194880568,4.259143985766202,-0.03800580928615993,-0.0015181996032939404
5286.0,211.44,2.0,-28.23578431060888,-14.017418000895074,-28.23578431060888,-14.017418000895074,4.264788804175768,-0.03800580928615993,-0.0015181996032939404
5287.0,211.48000000000002,2.0,-28.310029478974013,-13.861625212022528,-28.310029478974013,-13.861625212022528,4.270433622585334,-0.03800580928615993,-0.0015181996032939404
5288.0,211.52,2.0,-28.38339395137799,-13.705415794080494,-28.38339395137799,-13.705415794080494,4.2760784409949,-0.03800580928615993,-0.0015181996032939404
5289.0,211.56,2.0,-28.455875389730558,-13.548794726167404,-28.455875389730558,-13.548794726167404,4.281723259404467,-0.03800580928615993,-0.0015181996032939404
5290.0,211.6,2.0,-28.527471484094246,-13.391767000503771,-28.527471484094246,-13.391767000503771,4.2873680778140315,-0.03800580928615993,-0.0015181996032939404
5291.0,211.64000000000001,2.0,-28.598179952758027,-13.234337622273012,-28.598179952758027,-13.234337622273012,4.2930128962235985,-0.03800580928615993,-0.0015181996032939404
5292.0,211.68,2.0,-28.667998542310073,-13.076511609461821,-28.667998542310073,-13.076511609461821,4.298657714633164,-0.03800580928615993,-0.0015181996032939404
5293.0,211.72,2.0,-28.736925027709578,-12.918293992700153,-28.736925027709578,-12.918293992700153,4.304302533042731,-0.03800580928615993,-0.0015181996032939404
5294.0,211.76,2.0,-28.804957212357728,-12.7596898151008,-28.804957212357728,-12.7596898151008,4.309947351452297,-0.03800580928615993,-0.0015181996032939404
5295.0,211.8,2.0,-28.872092928167717,-12.600704132098569,-28.872092928167717,-12.600704132098569,4.315592169861864,-0.03800580928615993,-0.0015181996032939404
5296.0,211.84,2.0,-28.938330035633896,-12.441342011289077,-28.938330035633896,-12.441342011289077,4.321236988271428,-0.03800580928615993,-0.0015181996032939404
5297.0,211.88,2.0,-29.003666423899965,-12.281608532267132,-29.003666423899965,-12.281608532267132,4.326881806680995,-0.03800580928615993,-0.0015181996032939404
5298.0,211.92000000000002,2.0,-29.068100010826264,-12.121508786464764,-29.068100010826264,-12.121508786464764,4.332526625090561,-0.03800580928615993,-0.0015181996032939404
5299.0,211.96,2.0,-29.1316287430562,-11.961047876988854,-29.1316287430562,-11.961047876988854,4.338171443500127,-0.03800580928615993,-0.0015181996032939404
5300.0,212.0,2.0,-29.194250596081663,-11.800230918458402,-29.194250596081663,-11.800230918458402,4.343816261909693,-0.03800580928615993,-0.0015181996032939404
5301.0,212.04,2.0,-29.255963574307618,-11.639063036841431,-29.255963574307618,-11.639063036841431,4.3494610803192595,-0.03800580928615993,-0.0015181996032939404
5302.0,212.08,2.0,-29.316765711115682,-11.47754936929151,-29.316765711115682,-11.47754936929151,4.355105898728826,-0.03800580928615993,-0.0015181996032939404
5303.0,212.12,2.0,-29.376655068926873,-11.315695063983945,-29.376655068926873,-11.315695063983945,4.360750717138392,-0.03800580928615993,-0.0015181996032939404
5304.0,212.16,2.0,-29.435629739263344,-11.153505279951606,-29.435629739263344,-11.153505279951606,4.366395535547958,-0.03800580928615993,-0.0015181996032939404
5305.0,212.20000000000002,2.0,-29.493687842809237,-10.990985186920408,-29.493687842809237,-10.990985186920408,4.372040353957525,-0.03800580928615993,-0.0015181996032939404
5306.0,212.24,2.0,-29.550827529470627,-10.828139965144448,-29.550827529470627,-10.828139965144448,4.377685172367089,-0.03800580928615993,-0.0015181996032939404
5307.0,212.28,2.0,-29.607046978434447,-10.664974805240817,-29.607046978434447,-10.664974805240817,4.383329990776656,-0.03800580928615993,-0.0015181996032939404
5308.0,212.32,2.0,-29.66234439822661,-10.501494908024066,-29.66234439822661,-10.501494908024066,4.388974809186221,-0.03800580928615993,-0.0015181996032939404
5309.0,212.36,2.0,-29.716718026769065,-10.33770548434037,-29.716718026769065,-10.33770548434037,4.394619627595788,-0.03800580928615993,-0.0015181996032939404
5310.0,212.4,2.0,-29.770166131435968,-10.17361175490134,-29.770166131435968,-10.17361175490134,4.400264446005354,-0.03800580928615993,-0.0015181996032939404
5311.0,212.44,2.0,-29.822687009108982,-10.009218950117559,-29.822687009108982,-10.009218950117559,4.405909264414921,-0.03800580928615993,-0.0015181996032939404
5312.0,212.48000000000002,2.0,-29.874278986231502,-9.844532309931765,-29.874278986231502,-9.844532309931765,4.411554082824486,-0.03800580928615993,-0.0015181996032939404
5313.0,212.52,2.0,-29.924940418862054,-9.67955708365177,-29.924940418862054,-9.67955708365177,4.417198901234053,-0.03800580928615993,-0.0015181996032939404
5314.0,212.56,2.0,-29.97466969272666,-9.51429852978306,-29.97466969272666,-9.51429852978306,4.422843719643619,-0.03800580928615993,-0.0015181996032939404
5315.0,212.6,2.0,-30.023465223270353,-9.3487619158611,-30.023465223270353,-9.3487619158611,4.428488538053185,-0.03800580928615993,-0.0015181996032939404
5316.0,212.64000000000001,2.0,-30.071325455707637,-9.182952518283358,-30.071325455707637,-9.182952518283358,4.434133356462751,-0.03800580928615993,-0.0015181996032939404
5317.0,212.68,2.0,-30.118248865072076,-9.01687562214105,-30.118248865072076,-9.01687562214105,4.439778174872317,-0.03800580928615993,-0.0015181996032939404
5318.0,212.72,2.0,-30.164233956264916,-8.850536521050596,-30.164233956264916,-8.850536521050596,4.445422993281883,-0.03800580928615993,-0.0015181996032939404
5319.0,212.76,2.0,-30.20927926410272,-8.683940516984816,-30.20927926410272,-8.683940516984816,4.451067811691449,-0.03800580928615993,-0.0015181996032939404
5320.0,212.8,2.0,-30.253383353364093,-8.517092920103847,-30.253383353364093,-8.517092920103847,4.456712630101015,-0.03800580928615993,-0.0015181996032939404
5321.0,212.84,2.0,-30.296544818835418,-8.349999048585811,-30.296544818835418,-8.349999048585811,4.462357448510582,-0.03800580928615993,-0.0015181996032939404
5322.0,212.88,2.0,-30.338762285355664,-8.182664228457229,-30.338762285355664,-8.182664228457229,4.468002266920147,-0.03800580928615993,-0.0015181996032939404
5323.0,212.92000000000002,2.0,-30.380034407860194,-8.015093793423159,-30.380034407860194,-8.015093793423159,4.473647085329714,-0.03800580928615993,-0.0015181996032939404
5324.0,212.96,2.0,-30.42035987142368,-7.8472930846971325,-30.42035987142368,-7.8472930846971325,4.479291903739279,-0.03800580928615993,-0.0015181996032939404
5325.0,213.0,2.0,-30.459737391301992,-7.679267450830807,-30.459737391301992,-7.679267450830807,4.484936722148846,-0.03800580928615993,-0.0015181996032939404
5326.0,213.04,2.0,-30.498165712973112,-7.51102224754342,-30.498165712973112,-7.51102224754342,4.490581540558412,-0.03800580928615993,-0.0015181996032939404
5327.0,213.08,2.0,-30.5356436121772,-7.342562837550988,-30.5356436121772,-7.342562837550988,4.496226358967979,-0.03800580928615993,-0.0015181996032939404
5328.0,213.12,2.0,-30.57216989495555,-7.173894590395304,-30.57216989495555,-7.173894590395304,4.501871177377543,-0.03800580928615993,-0.0015181996032939404
5329.0,213.16,2.0,-30.607743397688658,-7.0050228822727,-30.607743397688658,-7.0050228822727,4.50751599578711,-0.03800580928615993,-0.0015181996032939404
5330.0,213.20000000000002,2.0,-30.64236298713335,-6.835953095862609,-30.64236298713335,-6.835953095862609,4.513160814196676,-0.03800580928615993,-0.0015181996032939404
5331.0,213.24,2.0,-30.676027560458817,-6.666690620155914,-30.676027560458817,-6.666690620155914,4.5188056326062425,-0.03800580928615993,-0.0015181996032939404
5332.0,213.28,2.0,-30.70873604528186,-6.4972408502831005,-30.70873604528186,-6.4972408502831005,4.524450451015809,-0.03800580928615993,-0.0015181996032939404
5333.0,213.32,2.0,-30.74048739970099,-6.327609187342205,-30.74048739970099,-6.327609187342205,4.530095269425375,-0.03800580928615993,-0.0015181996032939404
5334.0,213.36,2.0,-30.771280612329655,-6.157801038226586,-30.771280612329655,-6.157801038226586,4.535740087834941,-0.03800580928615993,-0.0015181996032939404
5335.0,213.4,2.0,-30.801114702328512,-5.987821815452501,-30.801114702328512,-5.987821815452501,4.541384906244507,-0.03800580928615993,-0.0015181996032939404
5336.0,213.44,2.0,-30.829988719436606,-5.817676936986502,-30.829988719436606,-5.817676936986502,4.547029724654073,-0.03800580928615993,-0.0015181996032939404
5337.0,213.48000000000002,2.0,-30.85790174400172,-5.647371826072669,-30.85790174400172,-5.647371826072669,4.55267454306364,-0.03800580928615993,-0.0015181996032939404
5338.0,213.52,2.0,-30.884852887009647,-5.476911911059661,-30.884852887009647,-5.476911911059661,4.558319361473204,-0.03800580928615993,-0.0015181996032939404
5339.0,213.56,2.0,-30.91084129011251,-5.306302625227618,-30.91084129011251,-5.306302625227618,4.563964179882771,-0.03800580928615993,-0.0015181996032939404
5340.0,213.6,2.0,-30.935866125656162,-5.135549406614893,-30.935866125656162,-5.135549406614893,4.5696089982923365,-0.03800580928615993,-0.0015181996032939404
5341.0,213.64000000000001,2.0,-30.95992659670647,-4.964657697844645,-30.95992659670647,-4.964657697844645,4.5752538167019035,-0.03800580928615993,-0.0015181996032939404
5342.0,213.68,2.0,-30.983021937074806,-4.793632945951273,-30.983021937074806,-4.793632945951273,4.5808986351114696,-0.03800580928615993,-0.0015181996032939404
5343.0,213.72,2.0,-31.005151411342375,-4.622480602206722,-31.005151411342375,-4.622480602206722,4.5865434535210365,-0.03800580928615993,-0.0015181996032939404
5344.0,213.76,2.0,-31.026314314883678,-4.451206121946643,-31.026314314883678,-4.451206121946643,4.592188271930601,-0.03800580928615993,-0.0015181996032939404
5345.0,213.8,2.0,-31.046509973888966,-4.279814964396429,-31.046509973888966,-4.279814964396429,4.597833090340168,-0.03800580928615993,-0.0015181996032939404
5346.0,213.84,2.0,-31.065737745385697,-4.108312592497131,-31.065737745385697,-4.108312592497131,4.603477908749734,-0.03800580928615993,-0.0015181996032939404
5347.0,213.88,2.0,-31.08399701725899,-3.936704472731244,-31.08399701725899,-3.936704472731244,4.6091227271593,-0.03800580928615993,-0.0015181996032939404
5348.0,213.92000000000002,2.0,-31.101287208271174,-3.7649960749483933,-31.101287208271174,-3.7649960749483933,4.614767545568866,-0.03800580928615993,-0.0015181996032939404
5349.0,213.96,2.0,-31.11760776808024,-3.5931928721909046,-31.11760776808024,-3.5931928721909046,4.620412363978432,-0.03800580928615993,-0.0015181996032939404
5350.0,214.0,2.0,-31.132958177257404,-3.421300340519276,-31.132958177257404,-3.421300340519276,4.626057182387998,-0.03800580928615993,-0.0015181996032939404
5351.0,214.04,2.0,-31.147337947303658,-3.24932395883755,-31.147337947303658,-3.24932395883755,4.6317020007975644,-0.03800580928615993,-0.0015181996032939404
5352.0,214.08,2.0,-31.160746620665254,-3.077269208718607,-31.160746620665254,-3.077269208718607,4.6373468192071305,-0.03800580928615993,-0.0015181996032939404
5353.0,214.12,2.0,-31.173183770748363,-2.9051415742293525,-31.173183770748363,-2.9051415742293525,4.6429916376166975,-0.03800580928615993,-0.0015181996032939404
5354.0,214.16,2.0,-31.18464900193258,-2.7329465417558474,-31.18464900193258,-2.7329465417558474,4.648636456026262,-0.03800580928615993,-0.0015181996032939404
5355.0,214.20000000000002,2.0,-31.19514194958355,-2.5606895998283488,-31.19514194958355,-2.5606895998283488,4.654281274435829,-0.03800580928615993,-0.0015181996032939404
5356.0,214.24,2.0,-31.204662280064564,-2.3883762389462913,-31.204662280064564,-2.3883762389462913,4.659926092845394,-0.03800580928615993,-0.0015181996032939404
5357.0,214.28,2.0,-31.213209690747174,-2.216011951403199,-31.213209690747174,-2.216011951403199,4.665570911254961,-0.03800580928615993,-0.0015181996032939404
5358.0,214.32,2.0,-31.2207839100208,-2.0436022311115485,-31.2207839100208,-2.0436022311115485,4.671215729664527,-0.03800580928615993,-0.0015181996032939404
5359.0,214.36,2.0,-31.227384697301382,-1.8711525734275714,-31.227384697301382,-1.8711525734275714,4.676860548074094,-0.03800580928615993,-0.0015181996032939404
5360.0,214.4,2.0,-31.23301184303902,-1.6986684749760173,-31.23301184303902,-1.6986684749760173,4.6825053664836584,-0.03800580928615993,-0.0015181996032939404
5361.0,214.44,2.0,-31.237665168724646,-1.5261554334748744,-31.237665168724646,-1.5261554334748744,4.688150184893225,-0.03800580928615993,-0.0015181996032939404
5362.0,214.48000000000002,2.0,-31.24134452689565,-1.3536189475600549,-31.24134452689565,-1.3536189475600549,4.6937950033027915,-0.03800580928615993,-0.0015181996032939404
5363.0,214.52,2.0,-31.244049801140598,-1.181064516610053,-31.244049801140598,-1.181064516610053,4.699439821712358,-0.03800580928615993,-0.0015181996032939404
5364.0,214.56,2.0,-31.24578090610289,-1.0084976405705772,-31.24578090610289,-1.0084976405705772,4.705084640121924,-0.03800580928615993,-0.0015181996032939404
5365.0,214.6,2.0,-31.246537787483465,-0.8359238197791647,-31.246537787483465,-0.8359238197791647,4.71072945853149,-0.03800580928615993,-0.0015181996032939404
5366.0,214.64000000000001,2.0,-31.246320422042494,-0.663348554789787,-31.246320422042494,-0.663348554789787,4.716374276941056,-0.03800580928615993,-0.0015181996032939404
5367.0,214.68,2.0,-31.245128817600108,-0.49077734619744406,-31.245128817600108,-0.49077734619744406,4.722019095350622,-0.03800580928615993,-0.0015181996032939404
5368.0,214.72,2.0,-31.24296301303611,-0.31821569446276,-31.24296301303611,-0.31821569446276,4.727663913760188,-0.03800580928615993,-0.0015181996032939404
5369.0,214.76,2.0,-31.239823078288715,-0.14566909973658299,-31.239823078288715,-0.14566909973658299,4.733308732169755,-0.03800580928615993,-0.0015181996032939404
5370.0,214.8,2.0,-31.23570911435227,0.02685693831540543,-31.23570911435227,0.02685693831540543,4.738953550579319,-0.03800580928615993,-0.0015181996032939404
5371.0,214.84,2.0,-31.230621253274034,0.199356920688065,-31.230621253274034,0.199356920688065,4.744598368988886,-0.03800580928615993,-0.0015181996032939404
5372.0,214.88,2.0,-31.22455965814993,0.37182534921215027,-31.22455965814993,0.37182534921215027,4.750243187398452,-0.03800580928615993,-0.0015181996032939404
5373.0,214.92000000000002,2.0,-31.217524523119273,0.5442567267296374,-31.217524523119273,0.5442567267296374,4.755888005808019,-0.03800580928615993,-0.0015181996032939404
5374.0,214.96,2.0,-31.20951607335862,0.7166455572690185,-31.20951607335862,0.7166455572690185,4.761532824217585,-0.03800580928615993,-0.0015181996032939404
5375.0,215.0,2.0,-31.20053456507452,0.8889863462205569,-31.20053456507452,0.8889863462205569,4.767177642627152,-0.03800580928615993,-0.0015181996032939404
5376.0,215.04,2.0,-31.190580285495297,1.061273600511502,-31.190580285495297,1.061273600511502,4.772822461036716,-0.03800580928615993,-0.0015181996032939404
5377.0,215.08,2.0,-31.1796535528619,1.2335018287812498,-31.1796535528619,1.2335018287812498,4.778467279446283,-0.03800580928615993,-0.0015181996032939404
5378.0,215.12,2.0,-31.167754716417694,1.4056655415564543,-31.167754716417694,1.4056655415564543,4.784112097855849,-0.03800580928615993,-0.0015181996032939404
5379.0,215.16,2.0,-31.154884156397316,1.5777592514260743,-31.154884156397316,1.5777592514260743,4.789756916265415,-0.03800580928615993,-0.0015181996032939404
5380.0,215.20000000000002,2.0,-31.141042284014485,1.7497774732163556,-31.141042284014485,1.7497774732163556,4.795401734674981,-0.03800580928615993,-0.0015181996032939404
5381.0,215.24,2.0,-31.126229541448915,1.9217147241657428,-31.126229541448915,1.9217147241657428,4.801046553084547,-0.03800580928615993,-0.0015181996032939404
5382.0,215.28,2.0,-31.110446401832103,2.0935655240997124,-31.110446401832103,2.0935655240997124,4.8066913714941135,-0.03800580928615993,-0.0015181996032939404
5383.0,215.32,2.0,-31.093693369232295,2.265324395605524,-31.093693369232295,2.265324395605524,4.81233618990368,-0.03800580928615993,-0.0015181996032939404
5384.0,215.36,2.0,-31.075970978638317,2.436985864206881,-31.075970978638317,2.436985864206881,4.817981008313246,-0.03800580928615993,-0.0015181996032939404
5385.0,215.4,2.0,-31.057279795942502,2.608544458538506,-31.057279795942502,2.608544458538506,4.823625826722813,-0.03800580928615993,-0.0015181996032939404
5386.0,215.44,2.0,-31.037620417922632,2.7799947105206018,-31.037620417922632,2.7799947105206018,4.829270645132377,-0.03800580928615993,-0.0015181996032939404
5387.0,215.48000000000002,2.0,-31.016993472222843,2.951331155533219,-31.016993472222843,2.951331155533219,4.834915463541944,-0.03800580928615993,-0.0015181996032939404
5388.0,215.52,2.0,-30.99539961733361,3.1225483325905152,-30.99539961733361,3.1225483325905152,4.840560281951509,-0.03800580928615993,-0.0015181996032939404
5389.0,215.56,2.0,-30.972839542570682,3.293640784514884,-30.972839542570682,3.293640784514884,4.846205100361076,-0.03800580928615993,-0.0015181996032939404
5390.0,215.6,2.0,-30.949313968053097,3.464603058110979,-30.949313968053097,3.464603058110979,4.851849918770642,-0.03800580928615993,-0.0015181996032939404
5391.0,215.64000000000001,2.0,-30.924823644680167,3.6354297043395967,-30.924823644680167,3.6354297043395967,4.857494737180209,-0.03800580928615993,-0.0015181996032939404
5392.0,215.68,2.0,-30.899369354107513,3.8061152784914385,-30.899369354107513,3.8061152784914385,4.863139555589774,-0.03800580928615993,-0.0015181996032939404
5393.0,215.72,2.0,-30.872951908722087,3.976654340360722,-30.872951908722087,3.976654340360722,4.868784373999341,-0.03800580928615993,-0.0015181996032939404
5394.0,215.76,2.0,-30.84557215161626,4.147041454418663,-30.84557215161626,4.147041454418663,4.874429192408907,-0.03800580928615993,-0.0015181996032939404
5395.0,215.8,2.0,-30.817230956560866,4.317271189986794,-30.817230956560866,4.317271189986794,4.880074010818473,-0.03800580928615993,-0.0015181996032939404
5396.0,215.84,2.0,-30.787929227977337,4.487338121410135,-30.787929227977337,4.487338121410135,4.885718829228039,-0.03800580928615993,-0.0015181996032939404
5397.0,215.88,2.0,-30.757667900908825,4.6572368282302055,-30.757667900908825,4.6572368282302055,4.891363647637605,-0.03800580928615993,-0.0015181996032939404
5398.0,215.92000000000002,2.0,-30.726447940990322,4.826961895357868,-30.726447940990322,4.826961895357868,4.897008466047171,-0.03800580928615993,-0.0015181996032939404
5399.0,215.96,2.0,-30.694270344417866,4.9965079132459955,-30.694270344417866,4.9965079132459955,4.902653284456737,-0.03800580928615993,-0.0015181996032939404
5400.0,216.0,2.0,-30.66113613791672,5.165869478061972,-30.66113613791672,5.165869478061972,4.908298102866303,-0.03800580928615993,-0.0015181996032939404
5401.0,216.04,2.0,-30.62704637870859,5.335041191860003,-30.62704637870859,5.335041191860003,4.91394292127587,-0.03800580928615993,-0.0015181996032939404
5402.0,216.08,2.0,-30.59200215447792,5.50401766275324,-30.59200215447792,5.50401766275324,4.919587739685435,-0.03800580928615993,-0.0015181996032939404
5403.0,216.12,2.0,-30.556004583337096,5.672793505085709,-30.556004583337096,5.672793505085709,4.925232558095002,-0.03800580928615993,-0.0015181996032939404
5404.0,216.16,2.0,-30.519054813790824,5.841363339604049,-30.519054813790824,5.841363339604049,4.930877376504567,-0.03800580928615993,-0.0015181996032939404
5405.0,216.20000000000002,2.0,-30.481154024699446,6.009721793629036,-30.481154024699446,6.009721793629036,4.936522194914134,-0.03800580928615993,-0.0015181996032939404
5406.0,216.24,2.0,-30.442303425241295,6.1778635012268985,-30.442303425241295,6.1778635012268985,4.9421670133237,-0.03800580928615993,-0.0015181996032939404
5407.0,216.28,2.0,-30.402504254874135,6.345783103380424,-30.402504254874135,6.345783103380424,4.947811831733267,-0.03800580928615993,-0.0015181996032939404
5408.0,216.32,2.0,-30.361757783295552,6.513475248159843,-30.361757783295552,6.513475248159843,4.953456650142831,-0.03800580928615993,-0.0015181996032939404
5409.0,216.36,2.0,-30.32006531040249,6.680934590893476,-30.32006531040249,6.680934590893476,4.959101468552398,-0.03800580928615993,-0.0015181996032939404
5410.0,216.4,2.0,-30.277428166249717,6.848155794338166,-30.277428166249717,6.848155794338166,4.964746286961964,-0.03800580928615993,-0.0015181996032939404
5411.0,216.44,2.0,-30.23384771100737,7.015133528849461,-30.23384771100737,7.015133528849461,4.97039110537153,-0.03800580928615993,-0.0015181996032939404
5412.0,216.48000000000002,2.0,-30.189325334917577,7.181862472551555,-30.189325334917577,7.181862472551555,4.9760359237810965,-0.03800580928615993,-0.0015181996032939404
5413.0,216.52,2.0,-30.143862458250076,7.348337311506993,-30.143862458250076,7.348337311506993,4.981680742190663,-0.03800580928615993,-0.0015181996032939404
5414.0,216.56,2.0,-30.09746053125687,7.514552739886108,-30.09746053125687,7.514552739886108,4.987325560600229,-0.03800580928615993,-0.0015181996032939404
5415.0,216.6,2.0,-30.050121034125972,7.680503460136203,-30.050121034125972,7.680503460136203,4.992970379009795,-0.03800580928615993,-0.0015181996032939404
5416.0,216.64000000000001,2.0,-30.001845476934125,7.84618418315047,-30.001845476934125,7.84618418315047,4.998615197419361,-0.03800580928615993,-0.0015181996032939404
5417.0,216.68,2.0,-29.952635399598655,8.01158962843665,-29.952635399598655,8.01158962843665,5.004260015828928,-0.03800580928615993,-0.0015181996032939404
5418.0,216.72,2.0,-29.9024923718283,8.176714524285394,-29.9024923718283,8.176714524285394,5.009904834238492,-0.03800580928615993,-0.0015181996032939404
5419.0,216.76,2.0,-29.851417993073124,8.341553607938375,-29.851417993073124,8.341553607938375,5.015549652648059,-0.03800580928615993,-0.0015181996032939404
5420.0,216.8,2.0,-29.79941389247349,8.506101625756072,-29.79941389247349,8.506101625756072,5.021194471057624,-0.03800580928615993,-0.0015181996032939404
5421.0,216.84,2.0,-29.74648172880802,8.670353333385314,-29.74648172880802,8.670353333385314,5.026839289467191,-0.03800580928615993,-0.0015181996032939404
5422.0,216.88,2.0,-29.69262319044072,8.834303495926488,-29.69262319044072,8.834303495926488,5.0324841078767575,-0.03800580928615993,-0.0015181996032939404
5423.0,216.92000000000002,2.0,-29.63783999526708,8.99794688810046,-29.63783999526708,8.99794688810046,5.0381289262863245,-0.03800580928615993,-0.0015181996032939404
5424.0,216.96,2.0,-29.582133890659236,9.161278294415183,-29.582133890659236,9.161278294415183,5.043773744695889,-0.03800580928615993,-0.0015181996032939404
5425.0,217.0,2.0,-29.52550665341023,9.324292509332013,-29.52550665341023,9.324292509332013,5.049418563105456,-0.03800580928615993,-0.0015181996032939404
5426.0,217.04,2.0,-29.46796008967732,9.486984337431672,-29.46796008967732,9.486984337431672,5.055063381515022,-0.03800580928615993,-0.0015181996032939404
5427.0,217.08,2.0,-29.409496034924302,9.649348593579925,-29.409496034924302,9.649348593579925,5.060708199924588,-0.03800580928615993,-0.0015181996032939404
5428.0,217.12,2.0,-29.350116353863008,9.811380103092898,-29.350116353863008,9.811380103092898,5.066353018334154,-0.03800580928615993,-0.0015181996032939404
5429.0,217.16,2.0,-29.28982294039373,9.973073701902084,-29.28982294039373,9.973073701902084,5.07199783674372,-0.03800580928615993,-0.0015181996032939404
5430.0,217.20000000000002,2.0,-29.228617717544836,10.134424236718996,-29.228617717544836,10.134424236718996,5.077642655153286,-0.03800580928615993,-0.0015181996032939404
5431.0,217.24,2.0,-29.166502637411405,10.29542656519949,-29.166502637411405,10.29542656519949,5.083287473562852,-0.03800580928615993,-0.0015181996032939404
5432.0,217.28,2.0,-29.103479681092914,10.456075556107722,-29.103479681092914,10.456075556107722,5.0889322919724185,-0.03800580928615993,-0.0015181996032939404
5433.0,217.32,2.0,-29.039550858630037,10.616366089479763,-29.039550858630037,10.616366089479763,5.0945771103819855,-0.03800580928615993,-0.0015181996032939404
5434.0,217.36,2.0,-28.974718208940498,10.776293056786852,-28.974718208940498,10.776293056786852,5.10022192879155,-0.03800580928615993,-0.0015181996032939404
5435.0,217.4,2.0,-28.908983799754044,10.935851361098276,-28.908983799754044,10.935851361098276,5.105866747201117,-0.03800580928615993,-0.0015181996032939404
5436.0,217.44,2.0,-28.842349727546424,11.095035917243898,-28.842349727546424,11.095035917243898,5.111511565610682,-0.03800580928615993,-0.0015181996032939404
5437.0,217.48000000000002,2.0,-28.774818117472527,11.253841651976284,-28.774818117472527,11.253841651976284,5.117156384020249,-0.03800580928615993,-0.0015181996032939404
5438.0,217.52,2.0,-28.706391123298562,11.412263504132476,-28.706391123298562,11.412263504132476,5.122801202429815,-0.03800580928615993,-0.0015181996032939404
5439.0,217.56,2.0,-28.637070927333333,11.570296424795353,-28.637070927333333,11.570296424795353,5.128446020839382,-0.03800580928615993,-0.0015181996032939404
5440.0,217.6,2.0,-28.566859740358602,11.727935377454628,-28.566859740358602,11.727935377454628,5.134090839248946,-0.03800580928615993,-0.0015181996032939404
5441.0,217.64000000000001,2.0,-28.495759801558584,11.885175338167432,-28.495759801558584,11.885175338167432,5.139735657658513,-0.03800580928615993,-0.0015181996032939404
5442.0,217.68,2.0,-28.423773378448466,12.04201129571849,-28.423773378448466,12.04201129571849,5.1453804760680795,-0.03800580928615993,-0.0015181996032939404
5443.0,217.72,2.0,-28.35090276680205,12.198438251779923,-28.35090276680205,12.198438251779923,5.151025294477646,-0.03800580928615993,-0.0015181996032939404
5444.0,217.76,2.0,-28.277150290578554,12.354451221070594,-28.277150290578554,12.354451221070594,5.156670112887212,-0.03800580928615993,-0.0015181996032939404
5445.0,217.8,2.0,-28.202518301848407,12.510045231515079,-28.202518301848407,12.510045231515079,5.162314931296778,-0.035789185567902025,-0.0008682129893064123
5446.0,217.84,2.0,-28.12705704149257,12.665140551995968,-28.12705704149257,12.665140551995968,5.167933750241785,-0.03357256184964412,-0.00021822637531888415
5447.0,217.88,2.0,-28.050773185865683,12.819734729669259,-28.050773185865683,12.819734729669259,5.173526569722232,-0.03135593813138622,0.000431760238668644
5448.0,217.92000000000002,2.0,-27.973673414525926,12.973825367586192,-27.973673414525926,12.973825367586192,5.179093389738119,-0.029139314413128316,0.0010817468526561722
5449.0,217.96,2.0,-27.895764409833454,13.127410124660324,-27.895764409833454,13.127410124660324,5.184634210289447,-0.02692269069487041,0.0017317334666437003
5450.0,218.0,2.0,-27.817052856549207,13.280486715631913,-27.817052856549207,13.280486715631913,5.190149031376215,-0.024706066976612505,0.0023817200806312286
5451.0,218.04,2.0,-27.73754544143423,13.43305291102964,-27.73754544143423,13.43305291102964,5.195637852998425,-0.022489443258354603,0.0030317066946187565
5452.0,218.08,2.0,-27.657248852849392,13.585106537129665,-27.657248852849392,13.585106537129665,5.201100675156074,-0.020272819540096697,0.003681693308606285
5453.0,218.12,2.0,-27.576169780355638,13.736645475912013,-27.576169780355638,13.736645475912013,5.206537497849164,-0.018056195821838796,0.004331679922593814
5454.0,218.16,2.0,-27.494314914314742,13.887667665014309,-27.494314914314742,13.887667665014309,5.211948321077696,-0.01583957210358089,0.004981666536581341
5455.0,218.20000000000002,2.0,-27.413906227454884,14.034510569824127,-27.413906227454884,14.034510569824127,5.216275006979869,-0.003926251748322884,0.01113958411892616
5456.0,218.24,2.0,-27.33338930381318,14.179712522457034,-27.33338930381318,14.179712522457034,5.220959038977486,0.007493484531943251,0.017188038721925165
5457.0,218.28,2.0,-27.252788692414743,14.32251241664029,-27.252788692414743,14.32251241664029,5.2252736462676,0.01893045290961424,0.023314304652727314
5458.0,218.32,2.0,-27.173913649982985,14.461543569696365,-27.173913649982985,14.461543569696365,5.225854652370215,-0.03346079138108844,0.025900179643326544
5459.0,218.36,2.0,-27.09369806902751,14.603103173703621,-27.09369806902751,14.603103173703621,5.226779082856898,-0.08585203567179112,0.028486054633925773
5460.0,218.4,2.0,-27.012062073089176,14.747148183989324,-27.012062073089176,14.747148183989324,5.228046937727651,-0.1382432799624938,0.031071929624525006
5461.0,218.44,2.0,-26.928926492861432,14.893634276427246,-26.928926492861432,14.893634276427246,5.229658216982473,-0.19063452425319646,0.033657804615124236
5462.0,218.48000000000002,2.0,-26.844212884137505,15.042515857636593,-26.844212884137505,15.042515857636593,5.231612920621362,-0.24302576854389915,0.036243679605723465
5463.0,218.52,2.0,-26.757375733537497,15.195683218307803,-26.757375733537497,15.195683218307803,5.232704525431167,-0.3003346946769595,0.03369926413359172
5464.0,218.56,1.0,-26.66909793017441,15.351106289540104,-26.66909793017441,15.351106289540104,5.233934343006532,-0.3576436208100199,0.031154848661459976
5465.0,218.6,0.0,-26.57971807297564,15.507952836000408,-26.57971807297564,15.507952836000408,5.2350313981916266,-0.41771635689126024,0.02745058933622458
5466.0,218.64000000000001,1.0,-26.48795474983631,15.668553227781084,-26.48795474983631,15.668553227781084,5.236584966646655,-0.45746672045365777,0.02478933434973292
5467.0,218.68,0.0,-26.394134956380178,15.832066483032772,-26.394134956380178,15.832066483032772,5.238324073215788,-0.49721708401605547,0.022128079363241255
5468.0,218.72,0.0,-26.298203003447007,15.998457641856751,-26.298203003447007,15.998457641856751,5.240248717899024,-0.5369674475784529,0.01946682437674959
5469.0,218.76,0.0,-26.200103619214428,16.167691063554017,-26.200103619214428,16.167691063554017,5.242358900696365,-0.5767178111408505,0.01680556939025793
5470.0,218.8,0.0,-26.099781956614585,16.33973043114544,-26.099781956614585,16.33973043114544,5.24465462160781,-0.6164681747032481,0.014144314403766265
5471.0,218.84,0.0,-25.997183600703345,16.514538755969618,-25.997183600703345,16.514538755969618,5.24713588063336,-0.6562185382656457,0.011483059417274602
5472.0,218.88,1.0,-25.89225457598136,16.692078382357852,-25.89225457598136,16.692078382357852,5.249802677773014,-0.6959689018280433,0.008821804430782936
5473.0,218.92000000000002,0.0,-25.784941353666095,16.87231099238584,-25.784941353666095,16.87231099238584,5.252655013026772,-0.735719265390441,0.0061605494442912734
5474.0,218.96,1.0,-25.67519085891406,17.05519761070148,-25.67519085891406,17.05519761070148,5.255692886394634,-0.7754696289528384,0.0034992944577996107
5475.0,219.0,2.0,-25.56073519602815,17.24435913728705,-25.56073519602815,17.24435913728705,5.259974435738398,-0.8249166891522363,-0.004669891497049344
5476.0,219.04,2.0,-25.443083326237254,17.437215013408153,-25.443083326237254,17.437215013408153,5.264058177636263,-0.873870165276642,-0.012729614472552483
5477.0,219.08,2.0,-25.322165720687696,17.634483531728986,-25.322165720687696,17.634483531728986,5.2686708828911755,-0.9228408734984527,-0.020867148775858768
5478.0,219.12,2.0,-25.19612862435116,17.837487979399107,-25.19612862435116,17.837487979399107,5.277176727983133,-0.9079833690518896,-0.02546429213896213
5479.0,219.16,2.0,-25.067994134501873,18.039887192033966,-25.067994134501873,18.039887192033966,5.285498687340565,-0.8931258646053267,-0.030061435502065498
5480.0,219.20000000000002,2.0,-24.93779861198285,18.24167967043334,-24.93779861198285,18.24167967043334,5.293636760963474,-0.8782683601587638,-0.03465857886516886
5481.0,219.24,2.0,-24.80557821154126,18.44286462856499,-24.80557821154126,18.44286462856499,5.301590948851858,-0.8634108557122007,-0.039255722228272234
5482.0,219.28,2.0,-24.6713688702827,18.64344198871609,-24.6713688702827,18.64344198871609,5.309361251005718,-0.8485533512656378,-0.0438528655913756
5483.0,219.32,2.0,-24.535674108289466,18.841475233586433,-24.535674108289466,18.841475233586433,5.318154190638209,-0.8287781649767171,-0.04331971849174798
5484.0,219.36,2.0,-24.397769563243237,19.03894765543786,-24.397769563243237,19.03894765543786,5.326968456154684,-0.8090029786877964,-0.04278657139212037
5485.0,219.4,2.0,-24.25727568933477,19.236644168489807,-24.25727568933477,19.236644168489807,5.336075022710975,-0.7886806061689535,-0.041743567053376646
5486.0,219.44,2.0,-24.115385623509322,19.43226131508898,-24.115385623509322,19.43226131508898,5.344910614111435,-0.7886806061689535,-0.04174356705337664
5487.0,219.48000000000002,2.0,-23.971728226080803,19.62658919160673,-23.971728226080803,19.62658919160673,5.353746205511895,-0.7886806061689535,-0.041743567053376646
5488.0,219.52,2.0,-23.82631561149241,19.81961130283559,-23.82631561149241,19.81961130283559,5.362581796912357,-0.7886806061689535,-0.041743567053376646
5489.0,219.56,2.0,-23.679160052513012,20.01131127074843,-23.679160052513012,20.01131127074843,5.371417388312817,-0.7886806061689535,-0.041743567053376646
5490.0,219.6,2.0,-23.530273979076508,20.201672836053113,-23.530273979076508,20.201672836053113,5.380252979713278,-0.7886806061689535,-0.04174356705337664
5491.0,219.64000000000001,2.0,-23.37966997710577,20.390679859735435,-23.37966997710577,20.390679859735435,5.389088571113738,-0.7886806061689535,-0.041743567053376646
5492.0,219.68,2.0,-23.227360787321057,20.578316324590187,-23.227360787321057,20.578316324590187,5.397924162514198,-0.7886806061689535,-0.041743567053376646
5493.0,219.72,2.0,-23.073359304033193,20.76456633674021,-23.073359304033193,20.76456633674021,5.406759753914658,-0.7886806061689535,-0.041743567053376646
5494.0,219.76,2.0,-22.917678573921542,20.949414127143292,-22.917678573921542,20.949414127143292,5.415595345315119,-0.7886806061689535,-0.04174356705337664
5495.0,219.8,2.0,-22.760331794796965,21.132844053086664,-22.760331794796965,21.132844053086664,5.42443093671558,-0.7886806061689535,-0.041743567053376646
5496.0,219.84,2.0,-22.60133231434981,21.314840599669143,-22.60133231434981,21.314840599669143,5.43326652811604,-0.7886806061689535,-0.041743567053376646
5497.0,219.88,2.0,-22.440693628883146,21.495388381270477,-22.440693628883146,21.495388381270477,5.442102119516501,-0.7886806061689535,-0.041743567053376646
5498.0,219.92000000000002,2.0,-22.278429382031312,21.67447214300805,-22.278429382031312,21.67447214300805,5.450937710916961,-0.7886806061689535,-0.04174356705337664
5499.0,219.96,2.0,-22.114553363463926,21.852076762180573,-22.114553363463926,21.852076762180573,5.459773302317422,-0.7886806061689535,-0.041743567053376646
5500.0,220.0,2.0,-21.949079507575505,22.02818724969873,-21.949079507575505,22.02818724969873,5.4686088937178825,-0.7886806061689535,-0.041743567053376646
5501.0,220.04,2.0,-21.782021892160806,22.202788751502574,-21.782021892160806,22.202788751502574,5.477444485118343,-0.7886806061689535,-0.041743567053376646
5502.0,220.08,2.0,-21.61339473707604,22.375866549965604,-21.61339473707604,22.375866549965604,5.486280076518804,-0.7886806061689535,-0.04174356705337664
5503.0,220.12,2.0,-21.44321240288607,22.547406065285262,-21.44321240288607,22.547406065285262,5.495115667919263,-0.7886806061689535,-0.041743567053376646
5504.0,220.16,2.0,-21.271489389497777,22.717392856859835,-21.271489389497777,22.717392856859835,5.5039512593197255,-0.7886806061689535,-0.041743567053376646
5505.0,220.20000000000002,2.0,-21.098240334779675,22.885812624651532,-21.098240334779675,22.885812624651532,5.512786850720185,-0.7886806061689535,-0.041743567053376646
5506.0,220.24,2.0,-20.923480013167982,23.05265121053565,-20.923480013167982,23.05265121053565,5.521622442120647,-0.7886806061689535,-0.04174356705337664
5507.0,220.28,2.0,-20.747223334259225,23.21789459963565,-20.747223334259225,23.21789459963565,5.530458033521106,-0.7886806061689535,-0.041743567053376646
5508.0,220.32,2.0,-20.56948534138956,23.38152892164404,-20.56948534138956,23.38152892164404,5.539293624921567,-0.7886806061689535,-0.041743567053376646
5509.0,220.36,2.0,-20.39028121020096,23.543540452128937,-20.39028121020096,23.543540452128937,5.548129216322026,-0.7886806061689535,-0.041743567053376646
5510.0,220.4,2.0,-20.209626247194393,23.70391561382612,-20.209626247194393,23.70391561382612,5.556964807722488,-0.7886806061689535,-0.04174356705337664
5511.0,220.44,2.0,-20.027535888270116,23.862640977916506,-20.027535888270116,23.862640977916506,5.565800399122948,-0.7886806061689535,-0.041743567053376646
5512.0,220.48000000000002,2.0,-19.84402569725534,24.019703265288907,-19.84402569725534,24.019703265288907,5.574635990523409,-0.7886806061689535,-0.041743567053376646
5513.0,220.52,2.0,-19.659111364419253,24.175089347787882,-19.659111364419253,24.175089347787882,5.583471581923869,-0.7886806061689535,-0.041743567053376646
5514.0,220.56,2.0,-19.472808704975712,24.328786249446644,-19.472808704975712,24.328786249446644,5.59230717332433,-0.7886806061689535,-0.04174356705337664
5515.0,220.6,2.0,-19.285133657573663,24.480781147704846,-19.285133657573663,24.480781147704846,5.6011427647247904,-0.7886806061689535,-0.041743567053376646
5516.0,220.64000000000001,2.0,-19.096102282775444,24.631061374611118,-19.096102282775444,24.631061374611118,5.609978356125251,-0.7886806061689535,-0.041743567053376646
5517.0,220.68,2.0,-18.905730761523206,24.77961441801027,-18.905730761523206,24.77961441801027,5.6188139475257115,-0.7886806061689535,-0.041743567053376646
5518.0,220.72,2.0,-18.714035393593477,24.926427922714982,-18.714035393593477,24.926427922714982,5.627649538926172,-0.7886806061689535,-0.04174356705337664
5519.0,220.76,2.0,-18.521032596040193,25.07148969166194,-18.521032596040193,25.07148969166194,5.636485130326632,-0.7886806061689535,-0.041743567053376646
5520.0,220.8,2.0,-18.326738901626193,25.214787687052254,-18.326738901626193,25.214787687052254,5.645320721727094,-0.7886806061689535,-0.041743567053376646
5521.0,220.84,2.0,-18.131170957243437,25.356310031475992,-18.131170957243437,25.356310031475992,5.654156313127554,-0.7886806061689535,-0.041743567053376646
5522.0,220.88,2.0,-17.934345522322108,25.49604500902086,-17.934345522322108,25.49604500902086,5.662991904528015,-0.7886806061689535,-0.04174356705337664
5523.0,220.92000000000002,2.0,-17.736279467228687,25.63398106636476,-17.736279467228687,25.63398106636476,5.671827495928475,-0.7886806061689535,-0.041743567053376646
5524.0,220.96,2.0,-17.53698977165327,25.770106813852216,-17.53698977165327,25.770106813852216,5.680663087328935,-0.7886806061689535,-0.041743567053376646
5525.0,221.0,2.0,-17.33649352298618,25.904411026554527,-17.33649352298618,25.904411026554527,5.689498678729395,-0.7886806061689535,-0.041743567053376646
5526.0,221.04,2.0,-17.134807914684156,26.03688264531353,-17.134807914684156,26.03688264531353,5.698334270129856,-0.7886806061689535,-0.04174356705337664
5527.0,221.08,2.0,-16.931950244626172,26.16751077776887,-16.931950244626172,26.16751077776887,5.707169861530317,-0.7886806061689535,-0.041743567053376646
5528.0,221.12,2.0,-16.727937913459144,26.296284699368737,-16.727937913459144,26.296284699368737,5.716005452930777,-0.7886806061689535,-0.041743567053376646
5529.0,221.16,2.0,-16.522788422933658,26.42319385436381,-16.522788422933658,26.42319385436381,5.724841044331238,-0.7886806061689535,-0.041743567053376646
5530.0,221.20000000000002,2.0,-16.31651937422988,26.548227856784543,-16.31651937422988,26.548227856784543,5.733676635731698,-0.7886806061689535,-0.04174356705337664
5531.0,221.24,2.0,-16.109148466273837,26.67137649140143,-16.109148466273837,26.67137649140143,5.742512227132159,-0.7886806061689535,-0.041743567053376646
5532.0,221.28,2.0,-15.900693494044228,26.792629714668415,-15.900693494044228,26.792629714668415,5.7513478185326194,-0.7886806061689535,-0.041743567053376646
5533.0,221.32,2.0,-15.691172346869973,26.911977655649093,-15.691172346869973,26.911977655649093,5.76018340993308,-0.7886806061689535,-0.041743567053376646
5534.0,221.36,2.0,-15.480603006718619,27.029410616925873,-15.480603006718619,27.029410616925873,5.7690190013335405,-0.7886806061689535,-0.04174356705337664
5535.0,221.4,2.0,-15.269003546475812,27.144919075491742,-15.269003546475812,27.144919075491742,5.777854592734,-0.7886806061689535,-0.041743567053376646
5536.0,221.44,2.0,-15.056392128216022,27.2584936836248,-15.056392128216022,27.2584936836248,5.7866901841344625,-0.7886806061689535,-0.041743567053376646
5537.0,221.48000000000002,2.0,-14.842787001464666,27.37012526974529,-14.842787001464666,27.37012526974529,5.795525775534922,-0.7886806061689535,-0.041743567053376646
5538.0,221.52,2.0,-14.628206501451837,27.47980483925508,-14.628206501451837,27.47980483925508,5.8043613669353835,-0.7886806061689535,-0.04174356705337664
5539.0,221.56,2.0,-14.412669047357799,27.58752357535962,-14.412669047357799,27.58752357535962,5.813196958335843,-0.7886806061689535,-0.041743567053376646
5540.0,221.6,2.0,-14.196193140550426,27.693272839872133,-14.196193140550426,27.693272839872133,5.822032549736304,-0.7886806061689535,-0.041743567053376646
5541.0,221.64000000000001,2.0,-13.978797362814799,27.797044174000053,-13.978797362814799,27.797044174000053,5.830868141136763,-0.7886806061689535,-0.041743567053376646
5542.0,221.68,2.0,-13.760500374575077,27.89882929911365,-13.760500374575077,27.89882929911365,5.839703732537225,-0.7886806061689535,-0.04174356705337664
5543.0,221.72,2.0,-13.5413209131089,27.99862011749669,-13.5413209131089,27.99862011749669,5.848539323937685,-0.7886806061689535,-0.041743567053376646
5544.0,221.76,2.0,-13.32127779075445,28.096408713079068,-13.32127779075445,28.096408713079068,5.857374915338146,-0.7886806061689535,-0.041743567053376646
5545.0,221.8,2.0,-13.100389893110407,28.1921873521515,-13.100389893110407,28.1921873521515,5.866210506738606,-0.7886806061689535,-0.041743567053376646
5546.0,221.84,2.0,-12.878676177228888,28.285948484061883,-12.878676177228888,28.285948484061883,5.875046098139067,-0.7886806061689535,-0.04174356705337664
5547.0,221.88,2.0,-12.656155669801683,28.37768474189361,-12.656155669801683,28.37768474189361,5.883881689539527,-0.7886806061689535,-0.041743567053376646
5548.0,221.92000000000002,2.0,-12.432847465339886,28.467388943125464,-12.432847465339886,28.467388943125464,5.892717280939988,-0.7886806061689535,-0.041743567053376646
5549.0,221.96,2.0,-12.208770724347124,28.55505409027333,-12.208770724347124,28.55505409027333,5.9015528723404485,-0.7886806061689535,-0.041743567053376646
5550.0,222.0,2.0,-11.98394467148658,28.640673371513355,-11.98394467148658,28.640673371513355,5.910388463740909,-0.7886806061689535,-0.04174356705337664
5551.0,222.04,2.0,-11.758388593742001,28.72424016128668,-11.758388593742001,28.72424016128668,5.919224055141369,-0.7886806061689535,-0.041743567053376646
5552.0,222.08,2.0,-11.53212183857289,28.80574802088571,-11.53212183857289,28.80574802088571,5.928059646541831,-0.7886806061689535,-0.041743567053376646
5553.0,222.12,2.0,-11.305163812064013,28.885190699021717,-11.305163812064013,28.885190699021717,5.936895237942291,-0.7886806061689535,-0.041743567053376646
5554.0,222.16,2.0,-11.077533977069494,28.962562132373847,-11.077533977069494,28.962562132373847,5.945730829342752,-0.7886806061689535,-0.04174356705337664
5555.0,222.20000000000002,2.0,-10.849251851351635,29.037856446119417,-10.849251851351635,29.037856446119417,5.954566420743212,-0.7886806061689535,-0.041743567053376646
5556.0,222.24,2.0,-10.620337005714646,29.111067954445492,-10.620337005714646,29.111067954445492,5.963402012143672,-0.7886806061689535,-0.041743567053376646
5557.0,222.28,2.0,-10.390809062133531,29.18219116104161,-10.390809062133531,29.18219116104161,5.972237603544132,-0.7886806061689535,-0.041743567053376646
5558.0,222.32,2.0,-10.160687691878236,29.251220759573762,-10.160687691878236,29.251220759573762,5.981073194944593,-0.7886806061689535,-0.04174356705337664
5559.0,222.36,2.0,-9.929992613633354,29.318151634139383,-9.929992613633354,29.318151634139383,5.989908786345054,-0.7886806061689535,-0.041743567053376646
5560.0,222.4,2.0,-9.69874359161348,29.382978859703478,-9.69874359161348,29.382978859703478,5.998744377745514,-0.7886806061689535,-0.041743567053376646
5561.0,222.44,2.0,-9.466960433674476,29.445697702515748,-9.466960433674476,29.445697702515748,6.007579969145975,-0.7886806061689535,-0.041743567053376646
5562.0,222.48000000000002,2.0,-9.234662989420823,29.50630362050872,-9.234662989420823,29.50630362050872,6.016415560546435,-0.7886806061689535,-0.04174356705337664
5563.0,222.52,2.0,-9.001871148309228,29.56479226367683,-9.001871148309228,29.56479226367683,6.025251151946896,-0.7886806061689535,-0.041743567053376646
5564.0,222.56,2.0,-8.768604837748722,29.6211594744364,-8.768604837748722,29.6211594744364,6.034086743347356,-0.7886806061689535,-0.041743567053376646
5565.0,222.6,2.0,-8.534884021197417,29.675401287966487,-8.534884021197417,29.675401287966487,6.042922334747817,-0.7886806061689535,-0.041743567053376646
5566.0,222.64000000000001,2.0,-8.300728696256105,29.727513932530673,-8.300728696256105,29.727513932530673,6.0517579261482775,-0.7886806061689535,-0.04174356705337664
5567.0,222.68,2.0,-8.066158892758935,29.777493829779523,-8.066158892758935,29.777493829779523,6.060593517548737,-0.7886806061689535,-0.041743567053376646
5568.0,222.72,2.0,-7.831194679569849,29.825336587636734,-7.831194679569849,29.825336587636734,5.912353158949199,-0.7886806061689535,-0.041743567053376646
5569.0,222.76,2.0,-7.595856155833277,29.87103901550479,-7.595856155833277,29.87103901550479,5.764112800349659,-0.7886806061689535,-0.041743567053376646
5570.0,222.8,2.0,-7.36016344718116,29.91459811707663,-7.36016344718116,29.91459811707663,5.61587244175012,-0.7886806061689535,-0.04174356705337664
5571.0,222.84,2.0,-7.1241367038126295,29.956011090561237,-7.1241367038126295,29.956011090561237,5.467632083150581,-0.7886806061689535,-0.041743567053376646
5572.0,222.88,2.0,-6.887796098571711,29.995275328889825,-6.887796098571711,29.995275328889825,5.319391724551041,-0.7886806061689535,-0.041743567053376646
5573.0,222.92000000000002,2.0,-6.651161825023261,30.032388419902777,-6.651161825023261,30.032388419902777,5.1711513659515,-0.7886806061689535,-0.041743567053376646
5574.0,222.96,2.0,-6.4142540955273475,30.06734814651718,-6.4142540955273475,30.06734814651718,5.022911007351961,-0.7886806061689535,-0.04174356705337664
5575.0,223.0,2.0,-6.352724329493129,30.07910540647527,-6.352724329493129,30.07910540647527,5.024454908995629,-0.7531261735873022,-0.041241508343680976
5576.0,223.04,2.0,-6.2979478135152425,30.089268939279794,-6.2979478135152425,30.089268939279794,5.022829181619616,-0.7299883357173095,-0.042934636275326565
5577.0,223.08,2.0,-6.24413428295757,30.099797350181312,-6.24413428295757,30.099797350181312,5.02127117936087,-0.7068504978473168,-0.044627764206972155
5578.0,223.12,2.0,-6.191272683301749,30.110686114883514,-6.191272683301749,30.110686114883514,5.019780902219389,-0.6837126599773242,-0.04632089213861775
5579.0,223.16,2.0,-6.139352205951747,30.12193051445879,-6.139352205951747,30.12193051445879,5.018358350195173,-0.6605748221073316,-0.04801402007026334
5580.0,223.20000000000002,2.0,-6.088362291182884,30.133525640590825,-6.088362291182884,30.133525640590825,5.017003523288225,-0.637436984237339,-0.04970714800190893
5581.0,223.24,2.0,-6.038292631000341,30.145466400859043,-6.038292631000341,30.145466400859043,5.015716421498541,-0.6142991463673463,-0.05140027593355452
5582.0,223.28,2.0,-5.989133171906588,30.15774752406346,-5.989133171906588,30.15774752406346,5.014497044826124,-0.5911613084973537,-0.05309340386520012
5583.0,223.32,2.0,-5.946076685728578,30.16948589584507,-5.946076685728578,30.16948589584507,5.012446258323516,-0.5725160315404685,-0.04741745996649599
5584.0,223.36,2.0,-5.904120941017996,30.181704669687342,-5.904120941017996,30.181704669687342,5.010757959811389,-0.5538707545835833,-0.041741516067791876
5585.0,223.4,2.0,-5.863244634647748,30.19434065933989,-5.863244634647748,30.19434065933989,5.009432149289742,-0.535225477626698,-0.036065572169087755
5586.0,223.44,2.0,-5.823428258478826,30.207330239926783,-5.823428258478826,30.207330239926783,5.008468826758574,-0.5165802006698128,-0.03038962827038364
5587.0,223.48000000000002,2.0,-5.784654107171883,30.22060938566471,-5.784654107171883,30.22060938566471,5.007867992217887,-0.49793492371292764,-0.024713684371679517
5588.0,223.52,2.0,-5.746906276561998,30.23411471511169,-5.746906276561998,30.23411471511169,5.164705595667678,-0.47928964675604246,-0.019037740472975396
5589.0,223.56,2.0,-5.710170676846093,30.247781514196795,-5.710170676846093,30.247781514196795,5.321905687107949,-0.46064436979915724,-0.013361796574271275
5590.0,223.6,2.0,-5.674435040079116,30.2615447817307,-5.674435040079116,30.2615447817307,5.479468266538701,-0.441999092842272,-0.007685852675567158
5591.0,223.64000000000001,2.0,-5.6396889250611375,30.27533926757543,-5.6396889250611375,30.27533926757543,5.637393333959933,-0.4233538158853869,-0.0020099087768630382
5592.0,223.68,1.0,-5.605923721488642,30.289099510892648,-5.605923721488642,30.289099510892648,5.795680889371644,-0.40470853892850156,0.0036660351218410813
5593.0,223.72,0.0,-5.573132653368814,30.302759878456737,-5.573132653368814,30.302759878456737,5.954330932773835,-0.38606326197161644,0.009341979020545201
5594.0,223.76,0.0,-5.5413107816958105,30.31625460301884,-5.5413107816958105,30.31625460301884,5.956267514166506,-0.3674179850147312,0.015017922919249322
5595.0,223.8,0.0,-5.334823825122453,30.35056415355412,-5.334823825122453,30.35056415355412,5.808782323306449,-0.3843271406394974,0.02019180810825777
5596.0,223.84,0.0,-5.1223154954513435,30.38401204429058,-5.1223154954513435,30.38401204429058,5.664829249456554,-0.3888197015526048,0.02756087993860748
5597.0,223.88,0.0,-4.909596909300218,30.41457210067684,-4.909596909300218,30.41457210067684,5.521170938479871,-0.39331226246571227,0.03492995176895719
5598.0,223.92000000000002,0.0,-4.6967018245380014,30.442181493196195,-4.6967018245380014,30.442181493196195,5.377807390376402,-0.3978048233788197,0.0422990235993069
5599.0,223.96,0.0,-4.483665601525152,30.46677784093273,-4.483665601525152,30.46677784093273,5.2347386051461475,-0.4022973842919272,0.04966809542965661
5600.0,224.0,0.0,-4.270525196470711,30.48829924475884,-4.270525196470711,30.48829924475884,5.091964582789108,-0.40678994520503464,0.05703716726000633
5601.0,224.04,0.0,-4.057319158142725,30.506683449324605,-4.057319158142725,30.506683449324605,4.792409373305281,-0.411282506118142,0.06440623909035603
5602.0,224.08,0.0,-3.8440876234412196,30.521869618329287,-3.8440876234412196,30.521869618329287,4.493148926694669,-0.41577506703124945,0.07177531092070574
5603.0,224.12,0.0,-3.6256697331554015,30.534675166025806,-3.6256697331554015,30.534675166025806,4.1950823779047255,-0.41577506703124945,0.07177531092070574
5604.0,224.16,0.0,-3.4071014539247515,30.54401168430518,-3.4071014539247515,30.54401168430518,3.8970158291147827,-0.41577506703124945,0.07177531092070574
5605.0,224.20000000000002,0.0,-3.1884396392726475,30.549877588238353,-3.1884396392726475,30.549877588238353,3.598949280324839,-0.41577506703124945,0.07177531092070574
5606.0,224.24,0.0,-2.9571925719162206,30.566151466771657,-2.9571925719162206,30.566151466771657,3.295695591464014,-0.4371928583296354,0.06140215244937654
5607.0,224.28,0.0,-2.7249598424038393,30.58060543411069,-2.7249598424038393,30.58060543411069,2.991986487524821,-0.45227271194695035,0.05823203514651324
5608.0,224.32,0.0,-2.4958727412200945,30.59240229184953,-2.4958727412200945,30.59240229184953,2.6877359213492187,-0.46942903363517346,0.054971635775790825
5609.0,224.36,0.0,-2.2680466806127306,30.6023297288197,-2.2680466806127306,30.6023297288197,2.38273518872014,-0.4913577587708414,0.051711232237264496
5610.0,224.4,0.0,-2.042655644426153,30.61057092425861,-2.042655644426153,30.61057092425861,2.077089750683654,-0.5142735991452577,0.04848633475827395
5611.0,224.44,0.0,-1.8190073319787605,30.616503600219897,-1.8190073319787605,30.616503600219897,1.77067892850298,-0.5401908652499635,0.04520898545933544
5612.0,224.48000000000002,0.0,-1.596233220690657,30.621805224311494,-1.596233220690657,30.621805224311494,1.463636787030206,-0.5684307198126916,0.042174477424432054
5613.0,224.52,0.0,-1.3758203246077725,30.625919653971998,-1.3758203246077725,30.625919653971998,1.15590381773564,-0.6044662793573156,0.03905046793034707
5614.0,224.56,0.0,-1.1554366755408225,30.629880301705207,-1.1554366755408225,30.629880301705207,1.0046539939487222,-0.643128797976419,0.03576495660671659
5615.0,224.6,1.0,-0.9358786259686841,30.6315386450078,-0.9358786259686841,30.6315386450078,0.8528535661518651,-0.6844509390977411,0.03196278687618932
5616.0,224.64000000000001,1.0,-0.7179132537677284,30.632128939034196,-0.7179132537677284,30.632128939034196,0.7003432223284972,-0.7257730802190633,0.02816061714566207
5617.0,224.68,1.0,-0.49505458159011645,30.63047716600597,-0.49505458159011645,30.63047716600597,0.5472420097049064,-0.7665625380100892,0.024453984083146578
5618.0,224.72,1.0,-0.2719846032368678,30.627517713565787,-0.2719846032368678,30.627517713565787,0.3936100948939882,-0.804160181667271,0.02055813713057093
5619.0,224.76,1.0,-0.04833081852010237,30.62264537423921,-0.04833081852010237,30.62264537423921,0.2392639069284946,-0.8400153098204415,0.01656854751083832
5620.0,224.8,1.0,0.17522734231974743,30.619292394420036,0.17522734231974743,30.619292394420036,0.08451745199283914,-0.8688001850737066,0.012244891573917019
5621.0,224.84,1.0,0.39963528953040023,30.615617330004874,0.39963528953040023,30.615617330004874,0.0861620799957934,-0.897376231706412,0.007820138219953955
5622.0,224.88,1.0,0.6238405872875095,30.609387384314612,0.6238405872875095,30.609387384314612,0.08808907262047849,-0.9283143612264286,0.001758940740319828
5623.0,224.92000000000002,1.0,0.8468256198912915,30.6027617983707,0.8468256198912915,30.6027617983707,0.08941467297003475,-0.9592524907464455,-0.004302256739314299
5624.0,224.96,0.0,1.0686024939968608,30.595870289810996,1.0686024939968608,30.595870289810996,0.09013888104446217,-0.9901906202664621,-0.010363454218948426
5625.0,225.0,0.0,1.2997446966388835,30.587445437078923,1.2997446966388835,30.587445437078923,0.09037444549207338,-0.9954730903334321,-0.016227645322971183
5626.0,225.04,1.0,1.526605475811231,30.553255877633926,1.526605475811231,30.553255877633926,0.09619715494547945,-0.9705380583989234,-0.012485438398700616
5627.0,225.08,1.0,1.7519276784050635,30.517276640918407,1.7519276784050635,30.517276640918407,0.10191243787487006,-0.9519409641454857,-0.015946272642895942
5628.0,225.12,1.0,1.9798051812040351,30.480466429323236,1.9798051812040351,30.480466429323236,0.10760634143828747,-0.9312674018211398,-0.019316824819232175
5629.0,225.16,1.0,2.2140555488181186,30.442089983586982,2.2140555488181186,30.442089983586982,0.1135597422528301,-0.8858832484693231,-0.022508625035412882
5630.0,225.20000000000002,1.0,2.4587801170626618,30.392258011236226,2.4587801170626618,30.392258011236226,0.1186890940995583,-0.8377982549418679,-0.025599641108376765
5631.0,225.24,0.0,2.715669440347847,30.312196099058173,2.715669440347847,30.312196099058173,0.12492635950703435,-0.7900904430640303,-0.028728602411209787
5632.0,225.28,0.0,2.9712525080023195,30.229287360099345,2.9712525080023195,30.229287360099345,0.13122524508681482,-0.7359017939569875,-0.032053152702085745
5633.0,225.32,0.0,3.251475368153085,30.085250337405313,3.251475368153085,30.085250337405313,0.13960218867184737,-0.6770944894762851,-0.035205852928607353
5634.0,225.36,1.0,3.5315669406636347,29.93671363104901,3.5315669406636347,29.93671363104901,0.1479990101493079,-0.613887654350782,-0.03815708528991897
5635.0,225.4,0.0,3.8281854267390676,29.758153558952934,3.8281854267390676,29.758153558952934,0.15791997818428816,-0.5472513932333344,-0.0401865392025182
5636.0,225.44,0.0,4.29927719506155,29.124565981147914,4.29927719506155,29.124565981147914,0.1871981891393144,-0.46237273397375916,-0.041877562348100104
5637.0,225.48000000000002,0.0,4.762052760351572,28.48775594529272,4.762052760351572,28.48775594529272,0.21648849852748855,-0.3780267580444801,-0.04366412216169378
5638.0,225.52,1.0,5.221165995685688,27.84693562518649,5.221165995685688,27.84693562518649,0.24573073973591547,-0.29687259624904516,-0.045261468085227304
5639.0,225.56,1.0,5.677658229975909,27.199767405756212,5.677658229975909,27.199767405756212,0.2752328738620963,-0.22199838825616078,-0.046682888229310646
5640.0,225.6,0.0,5.915984081098776,27.16477262434963,5.915984081098776,27.16477262434963,0.27891503121247985,-0.17708168291800538,-0.04728693203289893
5641.0,225.64000000000001,1.0,6.1481165271572955,27.129935901696946,6.1481165271572955,27.129935901696946,0.28073839323677746,-0.1302352837035771,-0.04933825060459598
5642.0,225.68,0.0,6.380830090641678,27.096805636597317,6.380830090641678,27.096805636597317,0.28175073868608935,-0.08102680160183733,-0.04975312505062197
5643.0,225.72,1.0,6.615149603028691,27.063333293086988,6.615149603028691,27.063333293086988,0.2828358244572751,-0.03181831950009757,-0.05016799949664795
5644.0,225.76,1.0,6.851072600721517,27.029499592033538,6.851072600721517,27.029499592033538,0.28399365055033476,0.017390162601642188,-0.050582873942673946
5645.0,225.8,0.0,7.0780376610113205,26.99668208212564,7.0780376610113205,26.99668208212564,0.2851114683169557,0.04094298525033502,-0.051194754764311304
5646.0,225.84,0.0,7.298707529307014,26.973604832867363,7.298707529307014,26.973604832867363,0.2863295848255113,0.0632164017344791,-0.04925037029495022
5647.0,225.88,0.0,7.520370866851998,26.949307939756665,7.520370866851998,26.949307939756665,0.28761131622793057,0.08570872975576507,-0.04725800352389971
5648.0,225.92000000000002,1.0,7.7411302044901165,26.925194253219537,7.7411302044901165,26.925194253219537,0.2888670194430225,0.1086793785762779,-0.04514064156518134
5649.0,225.96,1.0,7.957401696461638,26.90067674051058,7.957401696461638,26.90067674051058,0.2901632392007035,0.1117118398167648,-0.04320202739881456
5650.0,226.0,0.0,8.165909165129104,26.885622400658,8.165909165129104,26.885622400658,0.2925115834323313,0.10506273086460487,-0.040561634473011476
5651.0,226.04,0.0,8.364233073291137,26.89951471622132,8.364233073291137,26.89951471622132,0.29410076834612464,0.1017922292923523,-0.03783084449739129
5652.0,226.08,0.0,8.564941401637066,26.91338029723601,8.564941401637066,26.91338029723601,0.2958430224784388,0.09436347894891668,-0.035147306797763275
5653.0,226.12,0.0,8.743542788116034,26.986144290293243,8.743542788116034,26.986144290293243,0.29578141652601897,0.09011177821371756,-0.03254611770330803
5654.0,226.16,0.0,8.922446200068405,27.060232543313333,8.922446200068405,27.060232543313333,0.29587610727224795,0.08408750590819702,-0.029984894644517257
5655.0,226.20000000000002,1.0,9.085761839574563,27.16340614034084,9.085761839574563,27.16340614034084,0.29458062556962195,0.07729343011295071,-0.027828791627542114
5656.0,226.24,1.0,9.07628466074598,27.719523324170762,9.07628466074598,27.719523324170762,0.27422118707218635,0.05225695617557682,-0.026011119377584286
5657.0,226.28,1.0,9.070294606805664,28.27804160695255,9.070294606805664,28.27804160695255,0.254023889040551,0.027220482238202927,-0.024193447127626454
5658.0,226.32,0.0,9.067798424886643,28.83890311026709,9.067798424886643,28.83890311026709,0.2339887314747159,0.002184008300829032,-0.022375774877668623
5659.0,226.36,2.0,9.067363103362435,29.405139437633913,9.067363103362435,29.405139437633913,0.21399132424442766,-0.018315027338005697,-0.020640285740004004
5660.0,226.4,2.0,9.285196462287853,29.35488584121685,9.285196462287853,29.35488584121685,0.2197975308588239,-0.01592681322201679,-0.01938810662564576
5661.0,226.44,2.0,9.508365313579827,29.30208886334476,9.508365313579827,29.30208886334476,0.22773076995942182,-0.01567712160286061,-0.016587555326136986
5662.0,226.48000000000002,2.0,9.731134964491087,29.247521718675266,9.731134964491087,29.247521718675266,0.23577603111200007,-0.015427429983704433,-0.013787004026628205
5663.0,226.52,2.0,9.953487776075676,29.191162444971475,9.953487776075676,29.191162444971475,0.24393331431655868,-0.015177738364548254,-0.010986452727119428
5664.0,226.56,2.0,10.175405861000343,29.13298922983065,10.175405861000343,29.13298922983065,0.2522026195730977,-0.014928046745392077,-0.00818590142761065
5665.0,226.6,2.0,10.396871084751647,29.07298041284374,10.396871084751647,29.07298041284374,0.260583946881617,-0.014678355126235897,-0.005385350128101872
5666.0,226.64000000000001,2.0,10.616314969309261,29.01285233787081,10.616314969309261,29.01285233787081,0.26804834061201455,-0.021948968045623518,-0.004374303676555659
5667.0,226.68,2.0,10.835246996388841,28.95190612105801,10.835246996388841,28.95190612105801,0.27559533114965673,-0.029438492502153045,-0.0034112395266988685
5668.0,226.72,2.0,11.055545624260294,28.888706436203176,11.055545624260294,28.888706436203176,0.2833145615757347,-0.03740633775790943,-0.002573170564509935
5669.0,226.76,2.0,11.275038306531126,28.823877544863485,11.275038306531126,28.823877544863485,0.2910673147603002,-0.0453741830136658,-0.0017351016023210014
5670.0,226.8,2.0,11.494021821770964,28.757348806934733,11.494021821770964,28.757348806934733,0.29882006794486565,-0.0453741830136658,-0.0017351016023210014
5671.0,226.84,2.0,11.71248300478934,28.68912422103469,11.71248300478934,28.68912422103469,0.30657282112943113,-0.0453741830136658,-0.0017351016023210014
5672.0,226.88,2.0,11.930408721795038,28.61920788775108,11.930408721795038,28.61920788775108,0.3143255743139966,-0.0453741830136658,-0.0017351016023210014
5673.0,226.92000000000002,2.0,12.147785871185954,28.547604009395076,12.147785871185954,28.547604009395076,0.322078327498562,-0.0453741830136658,-0.0017351016023210014
5674.0,226.96,2.0,12.364601384337004,28.474316889748586,12.364601384337004,28.474316889748586,0.32983108068312755,-0.0453741830136658,-0.0017351016023210014
5675.0,227.0,2.0,12.580842226386055,28.399350933805522,12.580842226386055,28.399350933805522,0.33758383386769303,-0.0453741830136658,-0.0017351016023210014
5676.0,227.04,2.0,12.796495397017834,28.32271064750695,12.796495397017834,28.32271064750695,0.3453365870522585,-0.0453741830136658,-0.0017351016023210014
5677.0,227.08,2.0,13.011547931245747,28.244400637470157,13.011547931245747,28.244400637470157,0.353089340236824,-0.0453741830136658,-0.0017351016023210014
5678.0,227.12,2.0,13.225986900191575,28.164425610711692,13.225986900191575,28.164425610711692,0.36084209342138945,-0.0453741830136658,-0.0017351016023210014
5679.0,227.16,2.0,13.439799411863016,28.082790374364286,13.439799411863016,28.082790374364286,0.3685948466059549,-0.0453741830136658,-0.0017351016023210014
5680.0,227.20000000000002,2.0,13.652972611928977,27.999499835387923,13.652972611928977,27.999499835387923,0.37634759979052046,-0.0453741830136658,-0.0017351016023210014
5681.0,227.24,2.0,13.865493684492638,27.914559000274675,13.865493684492638,27.914559000274675,0.3841003529750859,-0.0453741830136658,-0.0017351016023210014
5682.0,227.28,2.0,14.077349852862165,27.827972974747762,14.077349852862165,27.827972974747762,0.39185310615965135,-0.0453741830136658,-0.0017351016023210014
5683.0,227.32,2.0,14.288528380319107,27.739746963454508,14.288528380319107,27.739746963454508,0.39960585934421683,-0.0453741830136658,-0.0017351016023210014
5684.0,227.36,2.0,14.499016570884361,27.649886269653404,14.499016570884361,27.649886269653404,0.40735861252878225,-0.0453741830136658,-0.0017351016023210014
5685.0,227.4,2.0,14.708801770081688,27.55839629489522,14.708801770081688,27.55839629489522,0.4151113657133478,-0.0453741830136658,-0.0017351016023210014
5686.0,227.44,2.0,14.91787136569874,27.465282538698226,14.91787136569874,27.465282538698226,0.42286411889791325,-0.0453741830136658,-0.0017351016023210014
5687.0,227.48000000000002,2.0,15.126212788545562,27.370550598217513,15.126212788545562,27.370550598217513,0.4306168720824788,-0.0453741830136658,-0.0017351016023210014
5688.0,227.52,2.0,15.333813513210458,27.274206167908385,15.333813513210458,27.274206167908385,0.43836962526704426,-0.0453741830136658,-0.0017351016023210014
5689.0,227.56,2.0,15.54066105881329,27.176255039184014,15.54066105881329,27.176255039184014,0.4461223784516097,-0.0453741830136658,-0.0017351016023210014
5690.0,227.6,2.0,15.746742989756035,27.076703100067164,15.746742989756035,27.076703100067164,0.45387513163617516,-0.0453741830136658,-0.0017351016023210014
5691.0,227.64000000000001,2.0,15.952046916470678,26.97555633483613,15.952046916470678,26.97555633483613,0.4616278848207406,-0.0453741830136658,-0.0017351016023210014
5692.0,227.68,2.0,16.156560496164268,26.87282082366491,16.156560496164268,26.87282082366491,0.46938063800530616,-0.0453741830136658,-0.0017351016023210014
5693.0,227.72,2.0,16.360271433561238,26.768502742257606,16.360271433561238,26.768502742257606,0.4771333911898716,-0.0453741830136658,-0.0017351016023210014
5694.0,227.76,2.0,16.56316748164281,26.662608361477037,16.56316748164281,26.662608361477037,0.4848861443744371,-0.0453741830136658,-0.0017351016023210014
5695.0,227.8,2.0,16.76523644238351,26.555144046967676,16.76523644238351,26.555144046967676,0.4926388975590026,-0.0453741830136658,-0.0017351016023210014
5696.0,227.84,2.0,16.966466167484764,26.44611625877287,16.966466167484764,26.44611625877287,0.5003916507435681,-0.0453741830136658,-0.0017351016023210014
5697.0,227.88,2.0,17.166844559105463,26.33553155094637,17.166844559105463,26.33553155094637,0.5081444039281335,-0.0453741830136658,-0.0017351016023210014
5698.0,227.92000000000002,2.0,17.36635957058953,26.22339657115823,17.36635957058953,26.22339657115823,0.515897157112699,-0.0453741830136658,-0.0017351016023210014
5699.0,227.96,2.0,17.56499920719037,26.10971806029505,17.56499920719037,26.10971806029505,0.5236499102972644,-0.0453741830136658,-0.0017351016023210014
5700.0,228.0,2.0,17.762751526792233,25.99450285205463,17.762751526792233,25.99450285205463,0.53140266348183,-0.0453741830136658,-0.0017351016023210014
5701.0,228.04,2.0,17.959604640628402,25.877757872535046,17.959604640628402,25.877757872535046,0.5391554166663954,-0.0453741830136658,-0.0017351016023210014
5702.0,228.08,2.0,18.155546713996166,25.759490139818134,18.155546713996166,25.759490139818134,0.5469081698509608,-0.0453741830136658,-0.0017351016023210014
5703.0,228.12,2.0,18.350565966968535,25.639706763547473,18.350565966968535,25.639706763547473,0.5546609230355264,-0.0453741830136658,-0.0017351016023210014
5704.0,228.16,2.0,18.544650675102673,25.518414944500886,18.544650675102673,25.518414944500886,0.562413676220092,-0.0453741830136658,-0.0017351016023210014
5705.0,228.20000000000002,2.0,18.737789170145,25.395621974157375,18.737789170145,25.395621974157375,0.5701664294046573,-0.0453741830136658,-0.0017351016023210014
5706.0,228.24,2.0,18.929969840732888,25.27133523425868,18.929969840732888,25.27133523425868,0.5779191825892228,-0.0453741830136658,-0.0017351016023210014
5707.0,228.28,2.0,19.121181133092968,25.145562196365386,19.121181133092968,25.145562196365386,0.5856719357737884,-0.0453741830136658,-0.0017351016023210014
5708.0,228.32,2.0,19.311411551735958,25.01831042140761,19.311411551735958,25.01831042140761,0.5934246889583538,-0.0453741830136658,-0.0017351016023210014
5709.0,228.36,2.0,19.500649660147968,24.88958755923032,19.500649660147968,24.88958755923032,0.6011774421429192,-0.0453741830136658,-0.0017351016023210014
5710.0,228.4,2.0,19.688884081478296,24.759401348133334,19.688884081478296,24.759401348133334,0.6089301953274847,-0.0453741830136658,-0.0017351016023210014
5711.0,228.44,2.0,19.876103499223593,24.627759614405953,19.876103499223593,24.627759614405953,0.6166829485120502,-0.0453741830136658,-0.0017351016023210014
5712.0,228.48000000000002,2.0,20.06229665790844,24.49467027185633,20.06229665790844,24.49467027185633,0.6244357016966157,-0.0453741830136658,-0.0017351016023210014
5713.0,228.52,2.0,20.24745236376222,24.360141321335576,20.24745236376222,24.360141321335576,0.6321884548811811,-0.0453741830136658,-0.0017351016023210014
5714.0,228.56,2.0,20.431559485392317,24.224180850256616,20.431559485392317,24.224180850256616,0.6399412080657466,-0.0453741830136658,-0.0017351016023210014
5715.0,228.6,2.0,20.6146069544535,24.08679703210785,20.6146069544535,24.08679703210785,0.6476939612503122,-0.0453741830136658,-0.0017351016023210014
5716.0,228.64000000000001,2.0,20.79658376631359,23.947998125961636,20.79658376631359,23.947998125961636,0.6554467144348776,-0.0453741830136658,-0.0017351016023210014
5717.0,228.68,2.0,20.97747898071524,23.807792475977607,20.97747898071524,23.807792475977607,0.663199467619443,-0.0453741830136658,-0.0017351016023210014
5718.0,228.72,2.0,21.157281722433883,23.666188510900906,21.157281722433883,23.666188510900906,0.6709522208040084,-0.0453741830136658,-0.0017351016023210014
5719.0,228.76,2.0,21.335981181931714,23.5231947435553,21.335981181931714,23.5231947435553,0.678704973988574,-0.0453741830136658,-0.0017351016023210014
5720.0,228.8,2.0,21.513566616007793,23.378819770331255,21.513566616007793,23.378819770331255,0.6864577271731396,-0.0453741830136658,-0.0017351016023210014
5721.0,228.84,2.0,21.690027348444094,23.23307227066896,21.690027348444094,23.23307227066896,0.6942104803577049,-0.0453741830136658,-0.0017351016023210014
5722.0,228.88,2.0,21.865352770647565,23.085961006536415,21.865352770647565,23.085961006536415,0.7019632335422704,-0.0453741830136658,-0.0017351016023210014
5723.0,228.92000000000002,2.0,22.0395323422881,22.937494821902472,22.0395323422881,22.937494821902472,0.7097159867268358,-0.0453741830136658,-0.0017351016023210014
5724.0,228.96,2.0,22.21255559193242,22.787682642205027,22.21255559193242,22.787682642205027,0.7174687399114014,-0.0453741830136658,-0.0017351016023210014
5725.0,229.0,2.0,22.384412117673797,22.636533473814225,22.384412117673797,22.636533473814225,0.7252214930959668,-0.0453741830136658,-0.0017351016023210014
5726.0,229.04,2.0,22.55509158775761,22.48405640349089,22.55509158775761,22.48405640349089,0.7329742462805323,-0.0453741830136658,-0.0017351016023210014
5727.0,229.08,2.0,22.72458374120265,22.330260597840045,22.72458374120265,22.330260597840045,0.7407269994650978,-0.0453741830136658,-0.0017351016023210014
5728.0,229.12,2.0,22.89287838841823,22.17515530275967,22.89287838841823,22.17515530275967,0.7484797526496633,-0.0453741830136658,-0.0017351016023210014
5729.0,229.16,2.0,23.059965411816925,22.018749842884667,23.059965411816925,22.018749842884667,0.7562325058342287,-0.0453741830136658,-0.0017351016023210014
5730.0,229.20000000000002,2.0,23.22583476642304,21.861053621026123,23.22583476642304,21.861053621026123,0.7639852590187942,-0.0453741830136658,-0.0017351016023210014
5731.0,229.24,2.0,23.3904764804767,21.70207611760583,23.3904764804767,21.70207611760583,0.7717380122033596,-0.0453741830136658,-0.0017351016023210014
5732.0,229.28,2.0,23.55388065603348,21.541826890086153,23.55388065603348,21.541826890086153,0.7794907653879252,-0.0453741830136658,-0.0017351016023210014
5733.0,229.32,2.0,23.71603746955971,21.380315572395283,23.71603746955971,21.380315572395283,0.7872435185724906,-0.0453741830136658,-0.0017351016023210014
5734.0,229.36,2.0,23.876937172523164,21.217551874347873,23.876937172523164,21.217551874347873,0.794996271757056,-0.0453741830136658,-0.0017351016023210014
5735.0,229.4,2.0,24.036570091979364,21.0535455810611,24.036570091979364,21.0535455810611,0.8027490249416216,-0.0453741830136658,-0.0017351016023210014
5736.0,229.44,2.0,24.19492663115326,20.888306552366217,24.19492663115326,20.888306552366217,0.8105017781261872,-0.0453741830136658,-0.0017351016023210014
5737.0,229.48000000000002,2.0,24.351997270016334,20.7218447222156,24.351997270016334,20.7218447222156,0.8182545313107525,-0.0453741830136658,-0.0017351016023210014
5738.0,229.52,2.0,24.507772565859156,20.554170098085347,24.507772565859156,20.554170098085347,0.826007284495318,-0.0453741830136658,-0.0017351016023210014
5739.0,229.56,2.0,24.662243153859187,20.385292760373446,24.662243153859187,20.385292760373446,0.8337600376798836,-0.0453741830136658,-0.0017351016023210014
5740.0,229.6,2.0,24.815399747643973,20.21522286179355,24.815399747643973,20.21522286179355,0.841512790864449,-0.0453741830136658,-0.0017351016023210014
5741.0,229.64000000000001,2.0,24.967233139849604,20.043970626764427,24.967233139849604,20.043970626764427,0.8492655440490144,-0.0453741830136658,-0.0017351016023210014
5742.0,229.68,2.0,25.117734202674388,19.87154635079508,25.117734202674388,19.87154635079508,0.8570182972335798,-0.0453741830136658,-0.0017351016023210014
5743.0,229.72,2.0,25.266893888427788,19.69796039986557,25.266893888427788,19.69796039986557,0.8647710504181454,-0.0453741830136658,-0.0017351016023210014
5744.0,229.76,2.0,25.414703230074515,19.523223209803653,25.414703230074515,19.523223209803653,0.872523803602711,-0.0453741830136658,-0.0017351016023210014
5745.0,229.8,2.0,25.561153341773753,19.34734528565718,25.561153341773753,19.34734528565718,0.8802765567872763,-0.0453741830136658,-0.0017351016023210014
5746.0,229.84,2.0,25.70623541941354,19.17033720106233,25.70623541941354,19.17033720106233,0.8880293099718418,-0.0453741830136658,-0.0017351016023210014
5747.0,229.88,2.0,25.849940741140216,18.992209597607733,25.849940741140216,18.992209597607733,0.8957820631564074,-0.0453741830136658,-0.0017351016023210014
5748.0,229.92000000000002,2.0,25.992260667882896,18.8129731841945,25.992260667882896,18.8129731841945,0.9035348163409728,-0.0453741830136658,-0.0017351016023210014
5749.0,229.96,2.0,26.133186643873,18.632638736392217,26.133186643873,18.632638736392217,0.9112875695255382,-0.0453741830136658,-0.0017351016023210014
5750.0,230.0,2.0,26.272710197158773,18.451217095790888,26.272710197158773,18.451217095790888,0.9190403227101038,-0.0453741830136658,-0.0017351016023210014
5751.0,230.04,2.0,26.41082294011473,18.268719169348977,26.41082294011473,18.268719169348977,0.9267930758946692,-0.0453741830136658,-0.0017351016023210014
5752.0,230.08,2.0,26.547516569946062,18.085155928737446,26.547516569946062,18.085155928737446,0.9345458290792348,-0.0453741830136658,-0.0017351016023210014
5753.0,230.12,2.0,26.682782869187918,17.900538409679957,26.682782869187918,17.900538409679957,0.9422985822638001,-0.0453741830136658,-0.0017351016023210014
5754.0,230.16,2.0,26.816613706199593,17.714877711289166,26.816613706199593,17.714877711289166,0.9500513354483656,-0.0453741830136658,-0.0017351016023210014
5755.0,230.20000000000002,2.0,26.949001035653463,17.52818499539927,26.949001035653463,17.52818499539927,0.957804088632931,-0.0453741830136658,-0.0017351016023210014
5756.0,230.24,2.0,27.07993689901888,17.34047148589473,27.07993689901888,17.34047148589473,0.9655568418174967,-0.0453741830136658,-0.0017351016023210014
5757.0,230.28,2.0,27.209413425040644,17.151748468035283,27.209413425040644,17.151748468035283,0.973309595002062,-0.0453741830136658,-0.0017351016023210014
5758.0,230.32,2.0,27.337422830212468,16.962027287777257,27.337422830212468,16.962027287777257,0.9810623481866274,-0.0453741830136658,-0.0017351016023210014
5759.0,230.36,2.0,27.4639574192449,16.77131935109125,27.4639574192449,16.77131935109125,0.988815101371193,-0.0453741830136658,-0.0017351016023210014
5760.0,230.4,2.0,27.58900958552818,16.579636123276167,27.58900958552818,16.579636123276167,0.9965678545557586,-0.0453741830136658,-0.0017351016023210014
5761.0,230.44,2.0,27.712571811589612,16.386989128269718,27.712571811589612,16.386989128269718,1.004320607740324,-0.0453741830136658,-0.0017351016023210014
5762.0,230.48000000000002,2.0,27.834636669545613,16.193389947955396,27.834636669545613,16.193389947955396,1.0120733609248895,-0.0453741830136658,-0.0017351016023210014
5763.0,230.52,2.0,27.9551968215484,15.998850221465933,27.9551968215484,15.998850221465933,1.019826114109455,-0.0453741830136658,-0.0017351016023210014
5764.0,230.56,2.0,28.074245020227227,15.803381644483332,28.074245020227227,15.803381644483332,1.0275788672940203,-0.0453741830136658,-0.0017351016023210014
5765.0,230.6,2.0,28.191774109124204,15.606995968535529,28.191774109124204,15.606995968535529,1.0353316204785858,-0.0453741830136658,-0.0017351016023210014
5766.0,230.64000000000001,2.0,28.307777023124622,15.409705000289637,28.307777023124622,15.409705000289637,1.0430843736631512,-0.0453741830136658,-0.0017351016023210014
5767.0,230.68,2.0,28.42224678888183,15.211520600841913,28.42224678888183,15.211520600841913,1.0508371268477168,-0.0453741830136658,-0.0017351016023210014
5768.0,230.72,2.0,28.535176525236523,15.012454685004457,28.535176525236523,15.012454685004457,1.0585898800322824,-0.0453741830136658,-0.0017351016023210014
5769.0,230.76,2.0,28.646559443630558,14.812519220588635,28.646559443630558,14.812519220588635,1.0663426332168477,-0.0453741830136658,-0.0017351016023210014
5770.0,230.8,2.0,28.756388848515144,14.611726227685386,28.756388848515144,14.611726227685386,1.0740953864014133,-0.0453741830136658,-0.0017351016023210014
5771.0,230.84,2.0,28.86465813775347,14.410087777942314,28.86465813775347,14.410087777942314,1.0818481395859787,-0.0453741830136658,-0.0017351016023210014
5772.0,230.88,2.0,28.9713608030177,14.207615993837715,28.9713608030177,14.207615993837715,1.089600892770544,-0.0453741830136658,-0.0017351016023210014
5773.0,230.92000000000002,2.0,29.076490430180332,14.004323047951544,29.076490430180332,14.004323047951544,1.0973536459551096,-0.0453741830136658,-0.0017351016023210014
5774.0,230.96,2.0,29.18004069969989,13.80022116223338,29.18004069969989,13.80022116223338,1.1051063991396752,-0.0453741830136658,-0.0017351016023210014
5775.0,231.0,2.0,29.282005387000925,13.595322607267386,29.282005387000925,13.595322607267386,1.1128591523242408,-0.0453741830136658,-0.0017351016023210014
5776.0,231.04,2.0,29.382378362848293,13.389639701534374,29.382378362848293,13.389639701534374,1.120611905508806,-0.0453741830136658,-0.0017351016023210014
5777.0,231.08,2.0,29.481153593715725,13.183184810671,29.481153593715725,13.183184810671,1.1283646586933715,-0.0453741830136658,-0.0017351016023210014
5778.0,231.12,2.0,29.57832514214863,12.975970346726076,29.57832514214863,12.975970346726076,1.1361174118779371,-0.0453741830136658,-0.0017351016023210014
5779.0,231.16,2.0,29.673887167121087,12.768008767414129,29.673887167121087,12.768008767414129,1.1438701650625025,-0.0453741830136658,-0.0017351016023210014
5780.0,231.20000000000002,2.0,29.767833924387087,12.55931257536622,29.767833924387087,12.55931257536622,1.1516229182470679,-0.0453741830136658,-0.0017351016023210014
5781.0,231.24,2.0,29.860159766825927,12.349894317378036,29.860159766825927,12.349894317378036,1.1593756714316334,-0.0453741830136658,-0.0017351016023210014
5782.0,231.28,2.0,29.950859144781766,12.139766583655325,29.950859144781766,12.139766583655325,1.167128424616199,-0.0453741830136658,-0.0017351016023210014
5783.0,231.32,2.0,30.03992660639731,11.928942007056744,30.03992660639731,11.928942007056744,1.1748811778007644,-0.0453741830136658,-0.0017351016023210014
5784.0,231.36,2.0,30.127356797941626,11.71743326233413,30.127356797941626,11.71743326233413,1.18263393098533,-0.0453741830136658,-0.0017351016023210014
5785.0,231.4,2.0,30.213144464132075,11.50525306537025,30.213144464132075,11.50525306537025,1.1903866841698953,-0.0453741830136658,-0.0017351016023210014
5786.0,231.44,2.0,30.297284448450256,11.292414172414068,30.297284448450256,11.292414172414068,1.198139437354461,-0.0453741830136658,-0.0017351016023210014
5787.0,231.48000000000002,2.0,30.379771693452092,11.078929379313612,30.379771693452092,11.078929379313612,1.2058921905390263,-0.0453741830136658,-0.0017351016023210014
5788.0,231.52,2.0,30.460601241071895,10.864811520746432,30.460601241071895,10.864811520746432,1.2136449437235917,-0.0453741830136658,-0.0017351016023210014
5789.0,231.56,2.0,30.539768232920476,10.65007346944773,30.539768232920476,10.65007346944773,1.2213976969081572,-0.0453741830136658,-0.0017351016023210014
5790.0,231.6,2.0,30.617267910577294,10.434728135436222,30.617267910577294,10.434728135436222,1.2291504500927228,-0.0453741830136658,-0.0017351016023210014
5791.0,231.64000000000001,2.0,30.69309561587651,10.218788465237724,30.69309561587651,10.218788465237724,1.2369032032772882,-0.0453741830136658,-0.0017351016023210014
5792.0,231.68,2.0,30.767246791187073,10.00226744110656,30.767246791187073,10.00226744110656,1.2446559564618538,-0.0453741830136658,-0.0017351016023210014
5793.0,231.72,2.0,30.839716979686767,9.78517808024484,30.839716979686767,9.78517808024484,1.2524087096464194,-0.0453741830136658,-0.0017351016023210014
5794.0,231.76,2.0,30.91050182563016,9.567533434019591,30.91050182563016,9.567533434019591,1.2601614628309847,-0.0453741830136658,-0.0017351016023210014
5795.0,231.8,2.0,30.979597074610457,9.349346587177886,30.979597074610457,9.349346587177886,1.26791421601555,-0.0453741830136658,-0.0017351016023210014
5796.0,231.84,2.0,31.04699857381534,9.13063065705992,31.04699857381534,9.13063065705992,1.2756669692001157,-0.0453741830136658,-0.0017351016023210014
5797.0,231.88,2.0,31.1127022722766,8.91139879281015,31.1127022722766,8.91139879281015,1.283419722384681,-0.0453741830136658,-0.0017351016023210014
5798.0,231.92000000000002,2.0,31.176704221113702,8.691664174586535,31.176704221113702,8.691664174586535,1.2911724755692466,-0.0453741830136658,-0.0017351016023210014
5799.0,231.96,2.0,31.239000573771193,8.471440012767868,31.239000573771193,8.471440012767868,1.2989252287538122,-0.0453741830136658,-0.0017351016023210014
5800.0,232.0,2.0,31.299587586249963,8.250739547159343,31.299587586249963,8.250739547159343,1.3066779819383776,-0.0453741830136658,-0.0017351016023210014
5801.0,232.04,2.0,31.358461617332306,8.029576046196308,31.358461617332306,8.029576046196308,1.3144307351229432,-0.0453741830136658,-0.0017351016023210014
5802.0,232.08,2.0,31.41561912880087,7.807962806146324,31.41561912880087,7.807962806146324,1.3221834883075085,-0.0453741830136658,-0.0017351016023210014
5803.0,232.12,2.0,31.47105668565132,7.585913150309547,31.47105668565132,7.585913150309547,1.329936241492074,-0.0453741830136658,-0.0017351016023210014
5804.0,232.16,2.0,31.524770956298852,7.363440428217471,31.524770956298852,7.363440428217471,1.3376889946766395,-0.0453741830136658,-0.0017351016023210014
5805.0,232.20000000000002,2.0,31.576758712778478,7.140558014830104,31.576758712778478,7.140558014830104,1.3454417478612049,-0.0453741830136658,-0.0017351016023210014
5806.0,232.24,2.0,31.62701683093909,6.917279309731623,31.62701683093909,6.917279309731623,1.3531945010457702,-0.0453741830136658,-0.0017351016023210014
5807.0,232.28,2.0,31.675542290631217,6.693617736324522,31.675542290631217,6.693617736324522,1.3609472542303358,-0.0453741830136658,-0.0017351016023210014
5808.0,232.32,2.0,31.722332175888607,6.469586741022367,31.722332175888607,6.469586741022367,1.3687000074149014,-0.0453741830136658,-0.0017351016023210014
5809.0,232.36,2.0,31.767383675103524,6.2451997924411256,31.767383675103524,6.2451997924411256,1.376452760599467,-0.0453741830136658,-0.0017351016023210014
5810.0,232.4,2.0,31.81069408119569,6.020470380589196,31.81069408119569,6.020470380589196,1.3842055137840323,-0.0453741830136658,-0.0017351016023210014
5811.0,232.44,2.0,31.85226079177507,5.795412016056128,31.85226079177507,5.795412016056128,1.3919582669685977,-0.0453741830136658,-0.0017351016023210014
5812.0,232.48000000000002,2.0,31.89208130929825,5.570038229200118,31.89208130929825,5.570038229200118,1.3997110201531633,-0.0453741830136658,-0.0017351016023210014
5813.0,232.52,2.0,31.93015324121855,5.344362569334315,31.93015324121855,5.344362569334315,1.4074637733377287,-0.0453741830136658,-0.0017351016023210014
5814.0,232.56,2.0,31.966474300129864,5.118398603911978,31.966474300129864,5.118398603911978,1.4152165265222942,-0.0453741830136658,-0.0017351016023210014
5815.0,232.6,2.0,32.00104230390407,4.892159917710553,32.00104230390407,4.892159917710553,1.4229692797068598,-0.0453741830136658,-0.0017351016023210014
5816.0,232.64000000000001,2.0,32.033855175822254,4.665660112014708,32.033855175822254,4.665660112014708,1.4307220328914252,-0.0453741830136658,-0.0017351016023210014
5817.0,232.68,2.0,32.064910944699406,4.438912803798365,32.064910944699406,4.438912803798365,1.4384747860759908,-0.0453741830136658,-0.0017351016023210014
5818.0,232.72,2.0,32.094207745002954,4.211931624905807,32.094207745002954,4.211931624905807,1.4462275392605561,-0.0453741830136658,-0.0017351016023210014
5819.0,232.76,2.0,32.12174381696487,3.984730221231873,32.12174381696487,3.984730221231873,1.4539802924451215,-0.0453741830136658,-0.0017351016023210014
5820.0,232.8,2.0,32.14751750668735,3.75732225190132,32.14751750668735,3.75732225190132,1.461733045629687,-0.0453741830136658,-0.0017351016023210014
5821.0,232.84,2.0,32.17152726624221,3.529721388447387,32.17152726624221,3.529721388447387,1.4694857988142525,-0.0453741830136658,-0.0017351016023210014
5822.0,232.88,2.0,32.19377165376389,3.301941313989613,32.19377165376389,3.301941313989613,1.477238551998818,-0.0453741830136658,-0.0017351016023210014
5823.0,232.92000000000002,2.0,32.214249333536074,3.0739957224109578,32.214249333536074,3.0739957224109578,1.4849913051833834,-0.0453741830136658,-0.0017351016023210014
5824.0,232.96,2.0,32.2329590760719,2.84589831753428,32.2329590760719,2.84589831753428,1.492744058367949,-0.0453741830136658,-0.0017351016023210014
5825.0,233.0,2.0,32.24989975818783,2.617662812298211,32.24989975818783,2.617662812298211,1.5004968115525144,-0.0453741830136658,-0.0017351016023210014
5826.0,233.04,2.0,32.265070363071075,2.3893029279324915,32.265070363071075,2.3893029279324915,1.50824956473708,-0.0453741830136658,-0.0017351016023210014
5827.0,233.08,2.0,32.278469980340645,2.160832393132797,32.278469980340645,2.160832393132797,1.5160023179216453,-0.0453741830136658,-0.0017351016023210014
5828.0,233.12,2.0,32.29009780610203,1.9322649432351287,32.29009780610203,1.9322649432351287,1.5237550711062107,-0.0453741830136658,-0.0017351016023210014
5829.0,233.16,2.0,32.2999531429954,1.7036143193897963,32.2999531429954,1.7036143193897963,1.5315078242907763,-0.0453741830136658,-0.0017351016023210014
5830.0,233.20000000000002,2.0,32.30803540023747,1.474894267735055,32.30803540023747,1.474894267735055,1.5392605774753416,-0.0453741830136658,-0.0017351016023210014
5831.0,233.24,2.0,32.31434409365694,1.246118538570443,32.31434409365694,1.246118538570443,1.5470133306599072,-0.0453741830136658,-0.0017351016023210014
5832.0,233.28,2.0,32.31887884572343,1.0173008855298717,32.31887884572343,1.0173008855298717,1.5547660838444728,-0.0453741830136658,-0.0017351016023210014
5833.0,233.32,2.0,32.321639385570215,0.788455064754511,32.321639385570215,0.788455064754511,1.5625188370290382,-0.0453741830136658,-0.0017351016023210014
5834.0,233.36,2.0,32.32262554901026,0.5595948340655307,32.32262554901026,0.5595948340655307,1.5702715902136037,-0.0453741830136658,-0.0017351016023210014
5835.0,233.4,2.0,32.321837278546106,0.3307339521367362,32.321837278546106,0.3307339521367362,1.578024343398169,-0.0453741830136658,-0.0017351016023210014
5836.0,233.44,2.0,32.31927462337314,0.10188617766715798,32.31927462337314,0.10188617766715798,1.5857770965827345,-0.0453741830136658,-0.0017351016023210014
5837.0,233.48000000000002,2.0,32.31493773937658,-0.12693473144636175,32.31493773937658,-0.12693473144636175,1.5935298497673,-0.0453741830136658,-0.0017351016023210014
5838.0,233.52,2.0,32.30882688912197,-0.3557150189365333,32.30882688912197,-0.3557150189365333,1.6012826029518656,-0.0453741830136658,-0.0017351016023210014
5839.0,233.56,2.0,32.30094244183926,-0.5844409309928841,32.30094244183926,-0.5844409309928841,1.609035356136431,-0.0453741830136658,-0.0017351016023210014
5840.0,233.6,2.0,32.291284873400535,-0.8130987170888749,32.291284873400535,-0.8130987170888749,1.6167881093209964,-0.0453741830136658,-0.0017351016023210014
5841.0,233.64000000000001,2.0,32.27985476629125,-1.0416746308088185,32.27985476629125,-1.0416746308088185,1.6245408625055622,-0.0453741830136658,-0.0017351016023210014
5842.0,233.68,2.0,32.2666528095751,-1.2701549306745483,32.2666528095751,-1.2701549306745483,1.6322936156901275,-0.0453741830136658,-0.0017351016023210014
5843.0,233.72,2.0,32.25167979885245,-1.4985258809717918,32.25167979885245,-1.4985258809717918,1.6400463688746931,-0.0453741830136658,-0.0017351016023210014
5844.0,233.76,2.0,32.23493663621242,-1.726773752576193,32.23493663621242,-1.726773752576193,1.6477991220592585,-0.0453741830136658,-0.0017351016023210014
5845.0,233.8,2.0,32.21642433017844,-1.9548848237789413,32.21642433017844,-1.9548848237789413,1.6555518752438239,-0.0453741830136658,-0.0017351016023210014
5846.0,233.84,2.0,32.196143995647574,-2.182845381111952,32.196143995647574,-2.182845381111952,1.6633046284283897,-0.0453741830136658,-0.0017351016023210014
5847.0,233.88,2.0,32.1740968538233,-2.4106417201725465,32.1740968538233,-2.4106417201725465,1.671057381612955,-0.0453741830136658,-0.0017351016023210014
5848.0,233.92000000000002,2.0,32.150284232141935,-2.6382601464475948,32.150284232141935,-2.6382601464475948,1.6788101347975204,-0.0453741830136658,-0.0017351016023210014
5849.0,233.96,2.0,32.124707564192754,-2.8656869761370527,32.124707564192754,-2.8656869761370527,1.6865628879820858,-0.0453741830136658,-0.0017351016023210014
5850.0,234.0,2.0,32.09736838963158,-3.0929085369768607,32.09736838963158,-3.0929085369768607,1.6943156411666513,-0.0453741830136658,-0.0017351016023210014
5851.0,234.04,2.0,32.06826835408812,-3.319911169061146,32.06826835408812,-3.319911169061146,1.7020683943512167,-0.0453741830136658,-0.0017351016023210014
5852.0,234.08,2.0,32.037409209066865,-3.5466812256636766,32.037409209066865,-3.5466812256636766,1.7098211475357825,-0.0453741830136658,-0.0017351016023210014
5853.0,234.12,2.0,32.004792811841625,-3.7732050740585286,32.004792811841625,-3.7732050740585286,1.7175739007203479,-0.0453741830136658,-0.0017351016023210014
5854.0,234.16,2.0,31.970421125343726,-3.9994690963399053,31.970421125343726,-3.9994690963399053,1.7253266539049132,-0.0453741830136658,-0.0017351016023210014
5855.0,234.20000000000002,2.0,31.934296218043848,-4.225459690241065,31.934296218043848,-4.225459690241065,1.7330794070894786,-0.0453741830136658,-0.0017351016023210014
5856.0,234.24,2.0,31.89642026382745,-4.451163269952309,31.89642026382745,-4.451163269952309,1.740832160274044,-0.0453741830136658,-0.0017351016023210014
5857.0,234.28,2.0,31.856795541864,-4.676566266937975,31.856795541864,-4.676566266937975,1.7485849134586093,-0.0453741830136658,-0.0017351016023210014
5858.0,234.32,2.0,31.81542443646971,-4.9016551307523955,31.81542443646971,-4.9016551307523955,1.7563376666431751,-0.0453741830136658,-0.0017351016023210014
5859.0,234.36,2.0,31.772309436964044,-5.126416329854764,31.772309436964044,-5.126416329854764,1.7640904198277405,-0.0453741830136658,-0.0017351016023210014
5860.0,234.4,2.0,31.727453137519888,-5.350836352422861,31.727453137519888,-5.350836352422861,1.771843173012306,-0.0453741830136658,-0.0017351016023210014
5861.0,234.44,2.0,31.680858237007435,-5.5749017071656,31.680858237007435,-5.5749017071656,1.7795959261968715,-0.0453741830136658,-0.0017351016023210014
5862.0,234.48000000000002,2.0,31.63252753883169,-5.798598924134334,31.63252753883169,-5.798598924134334,1.7873486793814368,-0.0453741830136658,-0.0017351016023210014
5863.0,234.52,2.0,31.582463950763827,-6.021914555532865,31.582463950763827,-6.021914555532865,1.7951014325660022,-0.0453741830136658,-0.0017351016023210014
5864.0,234.56,2.0,31.5306704847661,-6.244835176526148,31.5306704847661,-6.244835176526148,1.802854185750568,-0.0453741830136658,-0.0017351016023210014
5865.0,234.6,2.0,31.47715025681068,-6.467347386047587,31.47715025681068,-6.467347386047587,1.8106069389351334,-0.0453741830136658,-0.0017351016023210014
5866.0,234.64000000000001,2.0,31.42190648669203,-6.689437807604911,31.42190648669203,-6.689437807604911,1.8183596921196987,-0.0453741830136658,-0.0017351016023210014
5867.0,234.68,2.0,31.36494249783322,-6.91109309008457,31.36494249783322,-6.91109309008457,1.8261124453042643,-0.0453741830136658,-0.0017351016023210014
5868.0,234.72,2.0,31.306261717085885,-7.132299908554607,31.306261717085885,-7.132299908554607,1.8338651984888297,-0.0453741830136658,-0.0017351016023210014
5869.0,234.76,2.0,31.245867674524014,-7.353044965065942,31.245867674524014,-7.353044965065942,1.8416179516733955,-0.0453741830136658,-0.0017351016023210014
5870.0,234.8,2.0,31.183764003231538,-7.573314989452051,31.183764003231538,-7.573314989452051,1.8493707048579608,-0.0453741830136658,-0.0017351016023210014
5871.0,234.84,2.0,31.11995443908369,-7.793096740126954,31.11995443908369,-7.793096740126954,1.8571234580425262,-0.0453741830136658,-0.0017351016023210014
5872.0,234.88,2.0,31.0544428205222,-8.012377004881495,31.0544428205222,-8.012377004881495,1.8648762112270916,-0.0453741830136658,-0.0017351016023210014
5873.0,234.92000000000002,2.0,30.987233088324338,-8.231142601677849,30.987233088324338,-8.231142601677849,1.872628964411657,-0.0453741830136658,-0.0017351016023210014
5874.0,234.96,2.0,30.918329285365765,-8.449380379442218,30.918329285365765,-8.449380379442218,1.8803817175962227,-0.0453741830136658,-0.0017351016023210014
5875.0,235.0,2.0,30.84773555637728,-8.667077218855653,30.84773555637728,-8.667077218855653,1.8881344707807883,-0.0453741830136658,-0.0017351016023210014
5876.0,235.04,2.0,30.775456147695404,-8.884220033142975,30.775456147695404,-8.884220033142975,1.8958872239653537,-0.0453741830136658,-0.0017351016023210014
5877.0,235.08,2.0,30.701495407006906,-9.100795768859742,30.701495407006906,-9.100795768859742,1.903639977149919,-0.0453741830136658,-0.0017351016023210014
5878.0,235.12,2.0,30.625857783087167,-9.316791406677186,30.625857783087167,-9.316791406677186,1.9113927303344844,-0.0453741830136658,-0.0017351016023210014
5879.0,235.16,2.0,30.548547825532523,-9.532193962165133,30.548547825532523,-9.532193962165133,1.9191454835190502,-0.0453741830136658,-0.0017351016023210014
5880.0,235.20000000000002,2.0,30.469570184486514,-9.746990486572786,30.469570184486514,-9.746990486572786,1.9268982367036156,-0.0453741830136658,-0.0017351016023210014
5881.0,235.24,2.0,30.38892961036006,-9.96116806760739,30.38892961036006,-9.96116806760739,1.9346509898881812,-0.0453741830136658,-0.0017351016023210014
5882.0,235.28,2.0,30.306630953545714,-10.174713830210681,30.306630953545714,-10.174713830210681,1.9424037430727465,-0.0453741830136658,-0.0017351016023210014
5883.0,235.32,2.0,30.222679164125736,-10.387614937333119,30.222679164125736,-10.387614937333119,1.950156496257312,-0.0453741830136658,-0.0017351016023210014
5884.0,235.36,2.0,30.137079291574327,-10.5998585907058,30.137079291574327,-10.5998585907058,1.9579092494418773,-0.0453741830136658,-0.0017351016023210014
5885.0,235.4,2.0,30.049836484453778,-10.811432031610074,30.049836484453778,-10.811432031610074,1.965662002626443,-0.0453741830136658,-0.0017351016023210014
5886.0,235.44,2.0,29.960955990104743,-11.022322541644748,29.960955990104743,-11.022322541644748,1.973414755811009,-0.0453741830136658,-0.0017351016023210014
5887.0,235.48000000000002,2.0,29.870443154330474,-11.232517443490881,29.870443154330474,-11.232517443490881,1.9811675089955738,-0.0453741830136658,-0.0017351016023210014
5888.0,235.52,2.0,29.778303421075258,-11.442004101674105,29.778303421075258,-11.442004101674105,1.9889202621801398,-0.0453741830136658,-0.0017351016023210014
5889.0,235.56,2.0,29.68454233209682,-11.650769923324429,29.68454233209682,-11.650769923324429,1.996673015364705,-0.0453741830136658,-0.0017351016023210014
5890.0,235.6,2.0,29.589165526632947,-11.85880235893347,29.589165526632947,-11.85880235893347,2.004425768549271,-0.0453741830136658,-0.0017351016023210014
5891.0,235.64000000000001,2.0,29.492178741062173,-12.066088903109087,29.492178741062173,-12.066088903109087,2.012178521733836,-0.0453741830136658,-0.0017351016023210014
5892.0,235.68,2.0,29.39358780855872,-12.272617095327353,29.39358780855872,-12.272617095327353,2.0199312749184015,-0.0453741830136658,-0.0017351016023210014
5893.0,235.72,2.0,29.293398658741474,-12.478374520681829,29.293398658741474,-12.478374520681829,2.0276840281029673,-0.0453741830136658,-0.0017351016023210014
5894.0,235.76,2.0,29.19161731731731,-12.68334881063009,29.19161731731731,-12.68334881063009,2.035436781287533,-0.0453741830136658,-0.0017351016023210014
5895.0,235.8,2.0,29.08824990571852,-12.88752764373747,29.08824990571852,-12.88752764373747,2.0431895344720985,-0.0453741830136658,-0.0017351016023210014
5896.0,235.84,2.0,28.983302640734593,-13.090898746417968,28.983302640734593,-13.090898746417968,2.050942287656664,-0.0453741830136658,-0.0017351016023210014
5897.0,235.88,2.0,28.876781834138132,-13.293449893672257,28.876781834138132,-13.293449893672257,2.0586950408412297,-0.0453741830136658,-0.0017351016023210014
5898.0,235.92000000000002,2.0,28.768693892305173,-13.495168909822814,28.768693892305173,-13.495168909822814,2.0664477940257955,-0.0453741830136658,-0.0017351016023210014
5899.0,235.96,2.0,28.659045315829765,-13.696043669246029,28.659045315829765,-13.696043669246029,2.074200547210361,-0.0453741830136658,-0.0017351016023210014
5900.0,236.0,2.0,28.54784269913287,-13.896062097101336,28.54784269913287,-13.896062097101336,2.081953300394926,-0.0453741830136658,-0.0017351016023210014
5901.0,236.04,2.0,28.435092730065662,-14.095212170057286,28.435092730065662,-14.095212170057286,2.0897060535794916,-0.0453741830136658,-0.0017351016023210014
5902.0,236.08,2.0,28.320802189507152,-14.293481917014507,28.320802189507152,-14.293481917014507,2.0974588067640574,-0.0453741830136658,-0.0017351016023210014
5903.0,236.12,2.0,28.204977950956287,-14.490859419825531,28.204977950956287,-14.490859419825531,2.105211559948623,-0.0453741830136658,-0.0017351016023210014
5904.0,236.16,2.0,28.087626980118415,-14.687332814011436,28.087626980118415,-14.687332814011436,2.112964313133189,-0.0453741830136658,-0.0017351016023210014
5905.0,236.20000000000002,2.0,27.968756334486237,-14.882890289475252,27.968756334486237,-14.882890289475252,2.1207170663177544,-0.0453741830136658,-0.0017351016023210014
5906.0,236.24,2.0,27.848373162915248,-15.077520091212094,27.848373162915248,-15.077520091212094,2.12846981950232,-0.0453741830136658,-0.0017351016023210014
5907.0,236.28,2.0,27.726484705193638,-15.271210520015993,27.726484705193638,-15.271210520015993,2.1362225726868855,-0.0453741830136658,-0.0017351016023210014
5908.0,236.32,2.0,27.603098291606784,-15.463949933183358,27.603098291606784,-15.463949933183358,2.143975325871451,-0.0453741830136658,-0.0017351016023210014
5909.0,236.36,2.0,27.478221342496255,-15.65572674521304,27.478221342496255,-15.65572674521304,2.1517280790560167,-0.0453741830136658,-0.0017351016023210014
5910.0,236.4,2.0,27.351861367813438,-15.84652942850295,27.351861367813438,-15.84652942850295,2.159480832240582,-0.0453741830136658,-0.0017351016023210014
5911.0,236.44,2.0,27.22402596666773,-16.03634651404322,27.22402596666773,-16.03634651404322,2.1672335854251474,-0.0453741830136658,-0.0017351016023210014
5912.0,236.48000000000002,2.0,27.09472282686938,-16.22516659210579,27.09472282686938,-16.22516659210579,2.1749863386097132,-0.0453741830136658,-0.0017351016023210014
5913.0,236.52,2.0,26.96395972446705,-16.412978312930484,26.96395972446705,-16.412978312930484,2.182739091794279,-0.0453741830136658,-0.0017351016023210014
5914.0,236.56,2.0,26.83174452328001,-16.599770387407414,26.83174452328001,-16.599770387407414,2.1904918449788444,-0.0453741830136658,-0.0017351016023210014
5915.0,236.6,2.0,26.698085174425067,-16.785531587755816,26.698085174425067,-16.785531587755816,2.1982445981634102,-0.0453741830136658,-0.0017351016023210014
5916.0,236.64000000000001,2.0,26.562989715838246,-16.970250748199113,26.562989715838246,-16.970250748199113,2.2059973513479756,-0.0453741830136658,-0.0017351016023210014
5917.0,236.68,2.0,26.42646627179127,-17.1539167656363,26.42646627179127,-17.1539167656363,2.2137501045325414,-0.0453741830136658,-0.0017351016023210014
5918.0,236.72,2.0,26.28852305240282,-17.336518600309542,26.28852305240282,-17.336518600309542,2.2215028577171068,-0.0453741830136658,-0.0017351016023210014
5919.0,236.76,2.0,26.14916835314465,-17.518045276467966,26.14916835314465,-17.518045276467966,2.2292556109016726,-0.0453741830136658,-0.0017351016023210014
5920.0,236.8,2.0,26.00841055434256,-17.698485883027594,26.00841055434256,-17.698485883027594,2.237008364086238,-0.0453741830136658,-0.0017351016023210014
5921.0,236.84,2.0,25.864398969686857,-17.87020098472103,25.864398969686857,-17.87020098472103,2.2431901124521625,-0.010174821809114398,-0.000842580520822625
5922.0,236.88,2.0,25.722074897571076,-18.047173226015097,25.722074897571076,-18.047173226015097,2.250943445696806,0.03364269607536226,-0.0008570820227692566
5923.0,236.92000000000002,2.0,25.579597600145064,-18.221772777247132,25.579597600145064,-18.221772777247132,2.2586973590015273,0.0774602139598389,-0.0008715835247158881
5924.0,236.96,2.0,25.436985499466765,-18.393998541226814,25.436985499466765,-18.393998541226814,2.2664518523663264,0.12127773184431556,-0.0008860850266625197
5925.0,237.0,2.0,25.294257025406765,-18.563849563793653,25.294257025406765,-18.563849563793653,2.2742069257912036,0.16509524972879222,-0.0009005865286091513
5926.0,237.04,2.0,25.15143061453784,-18.73132503387228,25.15143061453784,-18.73132503387228,2.2819625792761586,0.20891276761326888,-0.0009150880305557829
5927.0,237.08,2.0,25.00852470902408,-18.896424283519092,25.00852470902408,-18.896424283519092,2.2897188128211914,0.25273028549774545,-0.0009295895325024145
5928.0,237.12,2.0,24.865557755509716,-19.059146787960273,24.865557755509716,-19.059146787960273,2.297475626426302,0.29654780338222214,-0.000944091034449046
5929.0,237.16,2.0,24.722548204007698,-19.219492165621187,24.722548204007698,-19.219492165621187,2.30523302009149,0.34036532126669883,-0.0009585925363956776
5930.0,237.20000000000002,2.0,24.579514506788062,-19.377460178147167,24.579514506788062,-19.377460178147167,2.3129909938167565,0.3841828391511755,-0.0009730940383423092
5931.0,237.24,2.0,24.436475117266195,-19.533050730415617,24.436475117266195,-19.533050730415617,2.3207495476021007,0.4280003570356521,-0.0009875955402889407
5932.0,237.28,2.0,24.297579636813712,-19.682354602576037,24.297579636813712,-19.682354602576037,2.3255667478452042,0.42324086441454745,0.002314777065533039
5933.0,237.32,2.0,24.159477010008416,-19.823803382738145,24.159477010008416,-19.823803382738145,2.3301751162360014,0.42875569090939936,0.005296890803089561
5934.0,237.36,2.0,24.024459594523364,-19.963708465933017,24.024459594523364,-19.963708465933017,2.3346704961559652,0.4299162445167946,0.009231553875338281
5935.0,237.4,2.0,23.891317400828846,-20.10089094255448,23.891317400828846,-20.10089094255448,2.3390669887178492,0.4308326819915235,0.013990619225162395
5936.0,237.44,2.0,23.759848795798128,-20.233254457109005,23.759848795798128,-20.233254457109005,2.343174626373951,0.43345211688668916,0.01798540072929808
5937.0,237.48000000000002,2.0,23.63035073042565,-20.36388473775913,23.63035073042565,-20.36388473775913,2.347177564267023,0.43523716926893224,0.022691259208783166
5938.0,237.52,2.0,23.50270511476237,-20.491603741376785,23.50270511476237,-20.491603741376785,2.350905379580118,0.4346929353242809,0.026706299163013168
5939.0,237.56,2.0,23.37491536407386,-20.6185746277995,23.37491536407386,-20.6185746277995,2.3544541113338178,0.4328440635751528,0.030262751012706878
5940.0,237.6,2.0,23.2494479714624,-20.740780526345667,23.2494479714624,-20.740780526345667,2.3577824221819865,0.4326608278176877,0.034234228191676694
5941.0,237.64000000000001,1.0,23.128988519204448,-20.867348588367314,23.128988519204448,-20.867348588367314,2.3623818272206862,0.39693536303480104,0.036715804002891116
5942.0,237.68,1.0,23.006378507120296,-20.983022916641396,23.006378507120296,-20.983022916641396,2.365368790349531,0.3579200806196816,0.040557503688178356
5943.0,237.72,1.0,22.88128127729914,-21.1007909529948,22.88128127729914,-21.1007909529948,2.368277783428667,0.33235897169131434,0.044140142680435854
5944.0,237.76,0.0,22.757369171911478,-21.216738282233525,22.757369171911478,-21.216738282233525,2.3710215881269514,0.3067978627629471,0.04772278167269336
5945.0,237.8,1.0,22.63467126343705,-21.330891806076796,22.63467126343705,-21.330891806076796,2.3736002044443856,0.28123675383457997,0.05130542066495085
5946.0,237.84,0.0,22.51321637709446,-21.44327868402832,22.51321637709446,-21.44327868402832,2.3760136323809693,0.25567564490621275,0.05488805965720835
5947.0,237.88,1.0,22.38919699535657,-21.5539306817658,22.38919699535657,-21.5539306817658,2.3789798845931345,0.221834279738007,0.058926558466824354
5948.0,237.92000000000002,1.0,22.26630035892587,-21.66528301016822,22.26630035892587,-21.66528301016822,2.381720394407161,0.19524616365635658,0.06318076435594841
5949.0,237.96,1.0,22.14719243673066,-21.773068619256655,22.14719243673066,-21.773068619256655,2.3842270649796284,0.16520737799086255,0.06735848429626709
5950.0,238.0,1.0,22.02714745056734,-21.87842698228405,22.02714745056734,-21.87842698228405,2.386418016597642,0.13833010124951334,0.07164284497078385
5951.0,238.04,1.0,21.906252222074432,-21.985445574232113,21.906252222074432,-21.985445574232113,2.388499609429612,0.11856588530973755,0.07670771060181007
5952.0,238.08,0.0,21.783069417911463,-22.09430838440319,21.783069417911463,-22.09430838440319,2.3933447840789457,0.14737867987554315,0.07845570212506767
5953.0,238.12,0.0,21.660997953891112,-22.20661480053944,21.660997953891112,-22.20661480053944,2.3982210188557076,0.1659171553253922,0.08052395251659072
5954.0,238.16,0.0,21.53705308896253,-22.317000471456986,21.53705308896253,-22.317000471456986,2.4024609346616415,0.1901655982701695,0.08143501583829911
5955.0,238.20000000000002,0.0,21.408065419523943,-22.427368705994425,21.408065419523943,-22.427368705994425,2.4065753115017636,0.22715804916098,0.08169022315980509
5956.0,238.24,1.0,21.270862015756855,-22.547083772482555,21.270862015756855,-22.547083772482555,2.4113009437768547,0.2991545980216129,0.08697122451555414
5957.0,238.28,1.0,21.135166500324623,-22.663209765540717,21.135166500324623,-22.663209765540717,2.415712023690092,0.37198552939516827,0.09154114889595381
5958.0,238.32,1.0,21.001152311765168,-22.776969345934578,21.001152311765168,-22.776969345934578,2.4199789740584245,0.44714574709561816,0.09680189180160854
5959.0,238.36,1.0,20.870871127297406,-22.88624432474083,20.870871127297406,-22.88624432474083,2.4240057558612698,0.5236106026005446,0.10252122281179958
5960.0,238.4,0.0,20.74330332550713,-22.99485674550867,20.74330332550713,-22.99485674550867,2.427238386266607,0.5938096630095495,0.10611510131516821
5961.0,238.44,0.0,20.613588948674334,-23.099226383702206,20.613588948674334,-23.099226383702206,2.4303802236590797,0.6684554142420687,0.11029459052681237
5962.0,238.48000000000002,0.0,20.489522917899514,-23.2074935868212,20.489522917899514,-23.2074935868212,2.4331821868246606,0.7372984048491484,0.11399687549200335
5963.0,238.52,1.0,20.366989649932545,-23.304807807244185,20.366989649932545,-23.304807807244185,2.435624554011277,0.7899052640213646,0.11719806356596503
5964.0,238.56,1.0,20.247855523767562,-23.405066134082098,20.247855523767562,-23.405066134082098,2.4379387442735037,0.8420565399991637,0.12032511638956352
5965.0,238.6,0.0,20.126459456304545,-23.502398655059924,20.126459456304545,-23.502398655059924,2.4369823875347962,0.8147031101692066,0.10567245607718485
5966.0,238.64000000000001,0.0,20.004729295675325,-23.600140955642857,20.004729295675325,-23.600140955642857,2.436395521339009,0.7873496803392495,0.09101979576480616
5967.0,238.68,0.0,19.886454903020542,-23.69824355938026,19.886454903020542,-23.69824355938026,2.4354601330297108,0.7682765067491306,0.07591127563506901
5968.0,238.72,0.0,19.767932299645242,-23.79425262233702,19.767932299645242,-23.79425262233702,2.4349547892806216,0.7419500840724568,0.0605870484258238
5969.0,238.76,1.0,19.646479720911408,-23.892415663450276,19.646479720911408,-23.892415663450276,2.4348875869351616,0.7190743309796265,0.04533930716538394
5970.0,238.8,1.0,19.52680811493305,-23.991572805268063,19.52680811493305,-23.991572805268063,2.4353404057062256,0.6930370689626513,0.029984925170746014
5971.0,238.84,1.0,19.4088168183769,-24.08761532080006,19.4088168183769,-24.08761532080006,2.4361068854254033,0.6598867461441026,0.013850038219598636
5972.0,238.88,1.0,19.289799185562,-24.184246414743743,19.289799185562,-24.184246414743743,2.4372560190916066,0.626736423325554,-0.002284848731548743
5973.0,238.92000000000002,1.0,19.16971400958264,-24.2814124330211,19.16971400958264,-24.2814124330211,2.4387878067048354,0.5935861005070053,-0.01841973568269612
5974.0,238.96,0.0,19.049261378346305,-24.378143028000785,19.049261378346305,-24.378143028000785,2.4412737839818743,0.559080083080985,-0.034349984898721014
5975.0,239.0,0.0,18.932829459864646,-24.47368989838615,18.932829459864646,-24.47368989838615,2.4441890698049527,0.5120741738415978,-0.05044878039211892
5976.0,239.04,0.0,18.823802681004356,-24.56076065872123,18.823802681004356,-24.56076065872123,2.446986837320993,0.42836116921195144,-0.07080908607407146
5977.0,239.08,0.0,18.712171439137016,-24.649180471210837,18.712171439137016,-24.649180471210837,2.4504087391840637,0.34464816458230524,-0.091169391756024
5978.0,239.12,0.0,18.59789248124412,-24.73887918939031,18.59789248124412,-24.73887918939031,2.454454775394166,0.26093515995265903,-0.11152969743797655
5979.0,239.16,0.0,18.480923951742987,-24.82978582869275,18.480923951742987,-24.82978582869275,2.459124945951298,0.17722215532301283,-0.1318900031199291
5980.0,239.20000000000002,0.0,18.359833373318033,-24.922068747153936,18.359833373318033,-24.922068747153936,2.465014571033617,0.09810930979762536,-0.15053988162433535
5981.0,239.24,0.0,18.237758069981584,-25.018684491369346,18.237758069981584,-25.018684491369346,2.4711834814131595,0.010530298576238639,-0.15629537271074023
5982.0,239.28,0.0,18.10997245338179,-25.11203679555964,18.10997245338179,-25.11203679555964,2.477422700559277,-0.07657429106740124,-0.16202676084131978
5983.0,239.32,0.0,17.982835704061287,-25.211659157296943,17.982835704061287,-25.211659157296943,2.483788483182537,-0.1608969227629297,-0.16699799138764032
5984.0,239.36,0.0,17.85085651513176,-25.3076111090105,17.85085651513176,-25.3076111090105,2.490136628559508,-0.24476397126404112,-0.17189508668359763
5985.0,239.4,0.0,17.719713934155216,-25.405778268636922,17.719713934155216,-25.405778268636922,2.499609506766733,-0.24912631395739612,-0.15901246884357778
5986.0,239.44,0.0,17.571309478222986,-25.506207207111192,17.571309478222986,-25.506207207111192,2.5118526777338177,-0.23492092957265584,-0.1318236473611958
5987.0,239.48000000000002,0.0,17.425550910879814,-25.601518447052474,17.425550910879814,-25.601518447052474,2.523536861816698,-0.22072380371039454,-0.10461573354791068
5988.0,239.52,0.0,17.281824971998525,-25.693610898160266,17.281824971998525,-25.693610898160266,2.534211676369172,-0.2793591226322756,-0.08157229721258909
5989.0,239.56,0.0,17.13383623053712,-25.786270716043134,17.13383623053712,-25.786270716043134,2.545110794707439,-0.33799444155415664,-0.05852886087726753
5990.0,239.6,0.0,16.981573366113512,-25.879423381900402,16.981573366113512,-25.879423381900402,2.556234216831498,-0.3966297604760377,-0.035485424541945955
5991.0,239.64000000000001,0.0,16.825026699394307,-25.972994137085855,16.825026699394307,-25.972994137085855,2.5675819427413495,-0.4552650793979188,-0.012441988206624389
5992.0,239.68,0.0,16.664188200977662,-26.0669080276199,16.664188200977662,-26.0669080276199,2.5791539724369934,-0.5139003983197998,0.01060144812869718
5993.0,239.72,0.0,16.49905149901089,-26.161089949019406,16.49905149901089,-26.161089949019406,2.590950305918429,-0.572535717241681,0.03364488446401875
5994.0,239.76,0.0,16.329611885532707,-26.25546469140957,16.329611885532707,-26.25546469140957,2.6029709431856576,-0.631171036163562,0.05668832079934032
5995.0,239.8,1.0,16.155866321530922,-26.34995698488184,16.155866321530922,-26.34995698488184,2.615215884238679,-0.689806355085443,0.07973175713466188
5996.0,239.84,1.0,15.978028113117123,-26.45006164421344,15.978028113117123,-26.45006164421344,2.6218102000872623,-0.7509274281842855,0.08843945242156367
5997.0,239.88,0.0,15.78985786691075,-26.54613130677174,15.78985786691075,-26.54613130677174,2.634551844298922,-0.6591068648814585,0.11268527843323997
5998.0,239.92000000000002,0.0,15.5915288931613,-26.64349047475154,15.5915288931613,-26.64349047475154,2.6475658878834283,-0.5672863015786316,0.13693110444491624
5999.0,239.96,0.0,15.3830064741754,-26.741892486426366,15.3830064741754,-26.741892486426366,2.6608523308407803,-0.47546573827580463,0.1611769304565925
6000.0,240.0,0.0,15.16426256754401,-26.841089805432016,15.16426256754401,-26.841089805432016,2.67441117317098,-0.3836451749729777,0.18542275646826883
6001.0,240.04,0.0,14.936187601220173,-26.93993243310955,14.936187601220173,-26.93993243310955,2.6885587154399246,-0.28746226897679567,0.1967859646399253
6002.0,240.08,0.0,14.697940126513112,-27.03886275855537,14.697940126513112,-27.03886275855537,2.7034939617953175,-0.1912793629806136,0.2081491728115817
6003.0,240.12,0.0,14.449472644153337,-27.137552839764084,14.449472644153337,-27.137552839764084,2.7192169122371572,-0.09509645698443156,0.21951238098323816
6004.0,240.16,0.0,14.190746061760048,-27.235673813967235,14.190746061760048,-27.235673813967235,2.735727566765445,0.0010864490117504678,0.23087558915489464
6005.0,240.20000000000002,1.0,13.92172971361787,-27.33289612542107,13.92172971361787,-27.33289612542107,2.753025925380179,0.0972693550079325,0.2422387973265511
6006.0,240.24,2.0,13.658589840141621,-27.42552344308246,13.658589840141621,-27.42552344308246,2.767826390607901,0.17488453392601916,0.2392958018558454
6007.0,240.28,2.0,13.381468828687073,-27.52066609859663,13.381468828687073,-27.52066609859663,2.7834582420926735,0.2525079713665848,0.23633371405423653
6008.0,240.32,2.0,13.091037233295552,-27.616157342917973,13.091037233295552,-27.616157342917973,2.800371862480698,0.40296385359129283,0.23753610373059125
6009.0,240.36,2.0,12.793654889521589,-27.707944688553248,12.793654889521589,-27.707944688553248,2.817333578455777,0.5534197358160009,0.23873849340694595
6010.0,240.4,2.0,12.489404594722624,-27.79583803014065,12.489404594722624,-27.79583803014065,2.8343433900179105,0.7038756180407089,0.23994088308330067
6011.0,240.44,2.0,12.178374533835271,-27.879649409173066,12.178374533835271,-27.879649409173066,2.851401297167098,0.8543315002654168,0.2411432727596554
6012.0,240.48000000000002,2.0,11.860658220984025,-27.959193167637636,11.860658220984025,-27.959193167637636,2.8685072999033396,1.0047873824901248,0.24234566243601013
6013.0,240.52,2.0,11.536354436711715,-28.034286100041395,11.536354436711715,-28.034286100041395,2.8856613982266355,1.155243264714833,0.24354805211236488
6014.0,240.56,2.0,11.205567160876702,-28.104747603698293,11.205567160876702,-28.104747603698293,2.9028635921369856,1.305699146939541,0.24475044178871957
6015.0,240.6,2.0,10.868405501265293,-28.170399827154615,10.868405501265293,-28.170399827154615,2.9201138816343892,1.456155029164249,0.2459528314650743
6016.0,240.64000000000001,2.0,10.524768945561567,-28.22549771747897,10.524768945561567,-28.22549771747897,2.9432871957090767,1.6090966655659185,0.2614909621898488
6017.0,240.68,2.0,10.181016328630445,-28.279441472436737,10.181016328630445,-28.279441472436737,2.960585580793535,1.6090966655659185,0.2614909621898488
6018.0,240.72,2.0,9.837100346638026,-28.32666268624532,9.837100346638026,-28.32666268624532,2.9778839658779934,1.6090966655659185,0.2614909621898488
6019.0,240.76,2.0,9.493188200499374,-28.367167564075068,9.493188200499374,-28.367167564075068,2.995182350962452,1.6090966655659185,0.2614909621898488
6020.0,240.8,2.0,9.149446799220028,-28.40096681612488,9.149446799220028,-28.40096681612488,3.01248073604691,1.6090966655659185,0.2614909621898488
6021.0,240.84,2.0,8.806042635885715,-28.4280756474101,8.806042635885715,-28.4280756474101,3.0297791211313685,1.6090966655659185,0.2614909621898488
6022.0,240.88,2.0,8.46314166398579,-28.448513744118696,8.46314166398579,-28.448513744118696,3.047077506215827,1.6090966655659185,0.2614909621898488
6023.0,240.92000000000002,2.0,8.120909174165497,-28.462305256546294,8.120909174165497,-28.462305256546294,3.064375891300285,1.6090966655659185,0.2614909621898488
6024.0,240.96,2.0,7.7795096715018115,-28.469478778623557,7.7795096715018115,-28.469478778623557,3.081674276384743,1.6090966655659185,0.2614909621898488
6025.0,241.0,2.0,7.439106753397165,-28.470067324051435,7.439106753397165,-28.470067324051435,3.098972661469202,1.6090966655659185,0.2614909621898488
6026.0,241.04,2.0,7.099862988184926,-28.46410829906305,7.099862988184926,-28.46410829906305,3.1162710465536603,1.6090966655659185,0.2614909621898488
6027.0,241.08,2.0,6.761939794539977,-28.45164347183311,6.761939794539977,-28.45164347183311,3.1335694316381186,1.6090966655659185,0.2614909621898488
6028.0,241.12,2.0,6.425497321787034,-28.432718938558555,6.425497321787034,-28.432718938558555,3.150867816722577,1.6090966655659185,0.2614909621898488
6029.0,241.16,2.0,6.090694331198739,-28.407385086236673,6.090694331198739,-28.407385086236673,3.1681662018070353,1.6090966655659185,0.2614909621898488
6030.0,241.20000000000002,2.0,5.757688078374743,-28.375696552169387,5.757688078374743,-28.375696552169387,3.185464586891494,1.6090966655659185,0.2614909621898488
6031.0,241.24,2.0,5.4266341967921985,-28.337712180225065,5.4266341967921985,-28.337712180225065,3.2027629719759525,1.6090966655659185,0.2614909621898488
6032.0,241.28,2.0,5.097686582617147,-28.293494973891598,5.097686582617147,-28.293494973891598,3.2200613570604104,1.6090966655659185,0.2614909621898488
6033.0,241.32,2.0,4.770997280865337,-28.243112046156902,4.770997280865337,-28.243112046156902,3.2373597421448688,1.6090966655659185,0.2614909621898488
6034.0,241.36,2.0,4.446716372999949,-28.18663456625574,4.446716372999949,-28.18663456625574,3.2546581272293267,1.6090966655659185,0.2614909621898488
6035.0,241.4,2.0,4.124991866052621,-28.12413770332372,4.124991866052621,-28.12413770332372,3.2719565123137855,1.6090966655659185,0.2614909621898488
6036.0,241.44,2.0,3.8059695833529736,-28.055700567002145,3.8059695833529736,-28.055700567002145,3.2892548973982434,1.6090966655659185,0.2614909621898488
6037.0,241.48000000000002,2.0,3.489793056950596,-27.981406145039465,3.489793056950596,-27.981406145039465,3.306553282482702,1.6090966655659185,0.2614909621898488
6038.0,241.52,2.0,3.176603421812156,-27.901341237937466,3.176603421812156,-27.901341237937466,3.3238516675671606,1.6090966655659185,0.2614909621898488
6039.0,241.56,2.0,2.8665393118749374,-27.815596390692612,2.8665393118749374,-27.815596390692612,3.3411500526516194,1.6090966655659185,0.2614909621898488
6040.0,241.6,2.0,2.559736758036651,-27.724265821685286,2.559736758036651,-27.724265821685286,3.3584484377360773,1.6090966655659185,0.2614909621898488
6041.0,241.64000000000001,2.0,2.2563290881598985,-27.627447348771614,2.2563290881598985,-27.627447348771614,3.3757468228205356,1.6090966655659185,0.2614909621898488
6042.0,241.68,2.0,1.956446829168107,-27.52524231263505,1.956446829168107,-27.52524231263505,3.3930452079049944,1.6090966655659185,0.2614909621898488
6043.0,241.72,2.0,1.6602176113081382,-27.4177554974567,1.6602176113081382,-27.4177554974567,3.4103435929894523,1.6090966655659185,0.2614909621898488
6044.0,241.76,2.0,1.3677660746531026,-27.305095048965683,1.3677660746531026,-27.305095048965683,3.427641978073911,1.6090966655659185,0.2614909621898488
6045.0,241.8,2.0,1.0792137779172017,-27.18737238993261,1.0792137779172017,-27.18737238993261,3.444940363158369,1.6090966655659185,0.2614909621898488
6046.0,241.84,2.0,0.7946791096526099,-27.06470213317141,0.7946791096526099,-27.06470213317141,3.4622387482428274,1.6090966655659185,0.2614909621898488
6047.0,241.88,2.0,0.5142772018966006,-26.937201992116606,0.5142772018966006,-26.937201992116606,3.479537133327286,1.6090966655659185,0.2614909621898488
6048.0,241.92000000000002,2.0,0.23811984633521402,-26.804992689044912,0.23811984633521402,-26.804992689044912,3.496835518411744,1.6090966655659185,0.2614909621898488
6049.0,241.96,2.0,-0.03368458695216572,-26.668197861012004,-0.03368458695216572,-26.668197861012004,3.5141339034962025,1.6090966655659185,0.2614909621898488
6050.0,242.0,2.0,-0.30103122810494964,-26.5269439635769,-0.30103122810494964,-26.5269439635769,3.5314322885806613,1.6090966655659185,0.2614909621898488
6051.0,242.04,2.0,-0.56381878338986,-26.381360172388252,-0.56381878338986,-26.381360172388252,3.548730673665119,1.6090966655659185,0.2614909621898488
6052.0,242.08,2.0,-0.821949608347567,-26.231578282708334,-0.821949608347567,-26.231578282708334,3.566029058749578,1.6090966655659185,0.2614909621898488
6053.0,242.12,2.0,-1.075329778121319,-26.077732606952303,-1.075329778121319,-26.077732606952303,3.583327443834036,1.6090966655659185,0.2614909621898488
6054.0,242.16,2.0,-1.3238691549136106,-25.919959870321566,-1.3238691549136106,-25.919959870321566,3.6006258289184943,1.6090966655659185,0.2614909621898488
6055.0,242.20000000000002,2.0,-1.5674814525191458,-25.758399104611822,-1.5674814525191458,-25.758399104611822,3.617924214002952,1.6090966655659185,0.2614909621898488
6056.0,242.24,2.0,-1.8060842978846037,-25.593191540277644,-1.8060842978846037,-25.593191540277644,3.635222599087411,1.6090966655659185,0.2614909621898488
6057.0,242.28,2.0,-2.039599289648012,-25.424480496836637,-2.039599289648012,-25.424480496836637,3.6525209841718693,1.6090966655659185,0.2614909621898488
6058.0,242.32,2.0,-2.267952053612852,-25.252411271697877,-2.267952053612852,-25.252411271697877,3.669819369256328,1.6090966655659185,0.2614909621898488
6059.0,242.36,2.0,-2.491072295114389,-25.077131027500148,-2.491072295114389,-25.077131027500148,3.687117754340786,1.6090966655659185,0.2614909621898488
6060.0,242.4,2.0,-2.708893848238109,-24.898788678046873,-2.708893848238109,-24.898788678046873,3.704416139425244,1.6090966655659185,0.2614909621898488
6061.0,242.44,2.0,-2.921354721852576,-24.71753477292566,-2.921354721852576,-24.71753477292566,3.7217145245097027,1.6090966655659185,0.2614909621898488
6062.0,242.48000000000002,2.0,-3.1283971424214725,-24.533521380901387,-3.1283971424214725,-24.533521380901387,3.739012909594161,1.6090966655659185,0.2614909621898488
6063.0,242.52,2.0,-3.329967593562069,-24.346901972172656,-3.329967593562069,-24.346901972172656,3.75631129467862,1.6090966655659185,0.2614909621898488
6064.0,242.56,2.0,-3.52601685231988,-24.15783129958242,-3.52601685231988,-24.15783129958242,3.773609679763078,1.6090966655659185,0.2614909621898488
6065.0,242.6,2.0,-3.7165000221317825,-23.966465278874274,-3.7165000221317825,-23.966465278874274,3.7909080648475366,1.6090966655659185,0.2614909621898488
6066.0,242.64000000000001,2.0,-3.901376562452442,-23.77296086808678,-3.901376562452442,-23.77296086808678,3.808206449931995,1.6090966655659185,0.2614909621898488
6067.0,242.68,2.0,-4.080610315021447,-23.577475946178616,-4.080610315021447,-23.577475946178616,3.825504835016453,1.6090966655659185,0.2614909621898488
6068.0,242.72,2.0,-4.254169526751143,-23.38016919097824,-4.254169526751143,-23.38016919097824,3.8428032201009117,1.6090966655659185,0.2614909621898488
6069.0,242.76,2.0,-4.422026869217776,-23.181199956552057,-4.422026869217776,-23.181199956552057,3.8601016051853696,1.6090966655659185,0.2614909621898488
6070.0,242.8,2.0,-4.584159454741142,-22.980728150085586,-4.584159454741142,-22.980728150085586,3.877399990269828,1.6090966655659185,0.2614909621898488
6071.0,242.84,2.0,-4.74054884904061,-22.77891410837247,-4.74054884904061,-22.77891410837247,3.8946983753542868,1.6090966655659185,0.2614909621898488
6072.0,242.88,2.0,-4.891181080457982,-22.575918474006613,-4.891181080457982,-22.575918474006613,3.9119967604387447,1.6090966655659185,0.2614909621898488
6073.0,242.92000000000002,2.0,-5.036046645740323,-22.371902071372713,-5.036046645740323,-22.371902071372713,3.9292951455232035,1.6090966655659185,0.2614909621898488
6074.0,242.96,2.0,-5.175140512378541,-22.167025782530835,-5.175140512378541,-22.167025782530835,3.946593530607662,1.6090966655659185,0.2614909621898488
6075.0,243.0,2.0,-5.308462117500147,-21.96145042309061,-5.308462117500147,-21.96145042309061,3.9638919156921206,1.6090966655659185,0.2614909621898488
6076.0,243.04,2.0,-5.436015363317273,-21.75533661817078,-5.436015363317273,-21.75533661817078,3.9811903007765785,1.6090966655659185,0.2614909621898488
6077.0,243.08,2.0,-5.557808609133713,-21.548844678539506,-5.557808609133713,-21.548844678539506,3.9984886858610365,1.6090966655659185,0.2614909621898488
6078.0,243.12,2.0,-5.673854659917337,-21.342134477031085,-5.673854659917337,-21.342134477031085,4.015787070945495,1.6090966655659185,0.2614909621898488
6079.0,243.16,2.0,-5.784170751446961,-21.135365325334092,-5.784170751446961,-21.135365325334092,4.033085456029953,1.6090966655659185,0.2614909621898488
6080.0,243.20000000000002,2.0,-5.888778532045317,-20.928695851246047,-5.888778532045317,-20.928695851246047,4.050383841114412,1.6090966655659185,0.2614909621898488
6081.0,243.24,2.0,-5.987704040912449,-20.722283876489037,-5.987704040912449,-20.722283876489037,4.067682226198871,1.6090966655659185,0.2614909621898488
6082.0,243.28,2.0,-6.080977683076445,-20.516286295180507,-6.080977683076445,-20.516286295180507,4.084980611283329,1.6090966655659185,0.2614909621898488
6083.0,243.32,2.0,-6.168634200981058,-20.310858953052882,-6.168634200981058,-20.310858953052882,4.102278996367787,1.6090966655659185,0.2614909621898488
6084.0,243.36,2.0,-6.250712642732325,-20.10615652751497,-6.250712642732325,-20.10615652751497,4.119577381452245,1.6090966655659185,0.2614909621898488
6085.0,243.4,2.0,-6.327256327028882,-19.90233240864762,-6.327256327028882,-19.90233240864762,4.136875766536703,1.6090966655659185,0.2614909621898488
6086.0,243.44,2.0,-6.398312804803237,-19.699538581225305,-6.398312804803237,-19.699538581225305,4.154174151621162,1.6090966655659185,0.2614909621898488
6087.0,243.48000000000002,2.0,-6.463933817603779,-19.49792550785451,-6.463933817603779,-19.49792550785451,4.17147253670562,1.6090966655659185,0.2614909621898488
6088.0,243.52,2.0,-6.524175252749826,-19.297642013318942,-6.524175252749826,-19.297642013318942,4.188770921790079,1.6090966655659185,0.2614909621898488
6089.0,243.56,2.0,-6.579097095294498,-19.09883517022069,-6.579097095294498,-19.09883517022069,4.206069306874538,1.6090966655659185,0.2614909621898488
6090.0,243.6,2.0,-6.628763376832643,-18.90165018600534,-6.628763376832643,-18.90165018600534,4.2233676919589955,1.6090966655659185,0.2614909621898488
6091.0,243.64000000000001,2.0,-6.673242121193522,-18.70623029145827,-6.673242121193522,-18.70623029145827,4.240666077043453,1.6090966655659185,0.2614909621898488
6092.0,243.68,2.0,-6.712605287060283,-18.51271663075771,-6.712605287060283,-18.51271663075771,4.257964462127912,1.6090966655659185,0.2614909621898488
6093.0,243.72,2.0,-6.74692870756072,-18.321248153169584,-6.74692870756072,-18.321248153169584,4.27526284721237,1.6090966655659185,0.2614909621898488
6094.0,243.76,2.0,-6.776292026876021,-18.131961506467313,-6.776292026876021,-18.131961506467313,4.292561232296829,1.6090966655659185,0.2614909621898488
6095.0,243.8,2.0,-6.800778633916667,-17.944990932158806,-6.800778633916667,-17.944990932158806,4.309859617381287,1.6090966655659185,0.2614909621898488
6096.0,243.84,2.0,-6.820475593116727,-17.760468162601292,-6.820475593116727,-17.760468162601292,4.327158002465746,1.6090966655659185,0.2614909621898488
6097.0,243.88,2.0,-6.835473572400156,-17.578522320083206,-6.835473572400156,-17.578522320083206,4.344456387550204,1.6090966655659185,0.2614909621898488
6098.0,243.92000000000002,2.0,-6.845866768374812,-17.399279817950973,-6.845866768374812,-17.399279817950973,4.361754772634662,1.6090966655659185,0.2614909621898488
6099.0,243.96,2.0,-6.851752828812048,-17.22286426385665,-6.851752828812048,-17.22286426385665,4.379053157719121,1.6090966655659185,0.2614909621898488
6100.0,244.0,2.0,-6.853232772471858,-17.049396365201147,-6.853232772471858,-17.049396365201147,4.396351542803578,1.6090966655659185,0.2614909621898488
6101.0,244.04,2.0,-6.850410906335557,-16.878993836845673,-6.850410906335557,-16.878993836845673,4.413649927888037,1.6090966655659185,0.2614909621898488
6102.0,244.08,2.0,-6.843394740309998,-16.7117713111626,-6.843394740309998,-16.7117713111626,4.430948312972495,1.6090966655659185,0.2614909621898488
6103.0,244.12,2.0,-6.832294899469301,-16.547840250494936,-6.832294899469301,-16.547840250494936,4.448246698056954,1.6090966655659185,0.2614909621898488
6104.0,244.16,2.0,-6.817225033901897,-16.387308862091857,-6.817225033901897,-16.387308862091857,4.4655450831414125,1.6090966655659185,0.2614909621898488
6105.0,244.20000000000002,2.0,-6.798301726232614,-16.230282015585797,-6.798301726232614,-16.230282015585797,4.48284346822587,1.6090966655659185,0.2614909621898488
6106.0,244.24,2.0,-6.775644396891247,-16.0768611630746,-6.775644396891247,-16.0768611630746,4.500141853310329,1.6090966655659185,0.2614909621898488
6107.0,244.28,2.0,-6.749375207200869,-15.927144261870316,-6.749375207200869,-15.927144261870316,4.517440238394787,1.6090966655659185,0.2614909621898488
6108.0,244.32,2.0,-6.719618960360751,-15.781225699974096,-6.719618960360751,-15.781225699974096,4.534738623479246,1.6090966655659185,0.2614909621898488
6109.0,244.36,2.0,-6.686503000400414,-15.639196224334531,-6.686503000400414,-15.639196224334531,4.552037008563704,1.6090966655659185,0.2614909621898488
6110.0,244.4,2.0,-6.650157109182901,-15.50114287194474,-6.650157109182901,-15.50114287194474,4.569335393648162,1.6090966655659185,0.2614909621898488
6111.0,244.44,2.0,-6.610713401536839,-15.367148903831131,-6.610713401536839,-15.367148903831131,4.586633778732621,1.6090966655659185,0.2614909621898488
6112.0,244.48000000000002,2.0,-6.568306218598337,-15.237293741984768,-6.568306218598337,-15.237293741984768,4.603932163817079,1.6090966655659185,0.2614909621898488
6113.0,244.52,2.0,-6.523072019445098,-15.111652909283814,-6.523072019445098,-15.111652909283814,4.621230548901537,1.6090966655659185,0.2614909621898488
6114.0,244.56,2.0,-6.475149271106476,-14.990297972453273,-6.475149271106476,-14.990297972453273,4.638528933985996,1.6090966655659185,0.2614909621898488
6115.0,244.6,2.0,-6.424678337034455,-14.873296488105984,-6.424678337034455,-14.873296488105984,4.655827319070454,1.6090966655659185,0.2614909621898488
6116.0,244.64000000000001,2.0,-6.3718013641216915,-14.760711951906334,-6.3718013641216915,-14.760711951906334,4.673125704154913,1.6090966655659185,0.2614909621898488
6117.0,244.68,2.0,-6.316662168353902,-14.652603750895825,-6.316662168353902,-14.652603750895825,4.690424089239371,1.6090966655659185,0.2614909621898488
6118.0,244.72,2.0,-6.259406119184921,-14.54902711901715,-6.259406119184921,-14.54902711901715,4.707722474323829,1.6090966655659185,0.2614909621898488
6119.0,244.76,2.0,-6.200180022723734,-14.45003309587103,-6.200180022723734,-14.45003309587103,4.567944909408287,1.6090966655659185,0.2614909621898488
6120.0,244.8,2.0,-6.139132018052662,-14.355670048954142,-6.139132018052662,-14.355670048954142,4.4281673444927465,1.6090966655659185,0.2614909621898488
6121.0,244.84,2.0,-6.07641147314948,-14.265980517544671,-6.07641147314948,-14.265980517544671,4.288389779577204,1.6090966655659185,0.2614909621898488
6122.0,244.88,2.0,-6.0121688359421785,-14.181002741348834,-6.0121688359421785,-14.181002741348834,4.148612214661663,1.6090966655659185,0.2614909621898488
6123.0,244.92000000000002,2.0,-5.94655551362094,-14.100770632482178,-5.94655551362094,-14.100770632482178,4.008834649746121,1.6090966655659185,0.2614909621898488
6124.0,244.96,2.0,-5.8797237512210225,-14.025313750817705,-5.8797237512210225,-14.025313750817705,3.8690570848305788,1.6090966655659185,0.2614909621898488
6125.0,245.0,2.0,-5.8118265095703325,-13.954657282719765,-5.8118265095703325,-13.954657282719765,3.7292795199150377,1.6090966655659185,0.2614909621898488
6126.0,245.04,2.0,-5.7430173426959295,-13.888822023180046,-5.7430173426959295,-13.888822023180046,3.5895019549994958,1.6090966655659185,0.2614909621898488
6127.0,245.08,2.0,-5.673450274784143,-13.827824361369313,-5.673450274784143,-13.827824361369313,3.4497243900839543,1.6090966655659185,0.2614909621898488
6128.0,245.12,2.0,-5.603279676789331,-13.771676269616005,-5.603279676789331,-13.771676269616005,3.3099468251684123,1.6090966655659185,0.2614909621898488
6129.0,245.16,2.0,-5.5326601427865505,-13.72038529582006,-5.5326601427865505,-13.72038529582006,3.1701692602528713,1.6090966655659185,0.2614909621898488
6130.0,245.20000000000002,2.0,-5.461746366163644,-13.673954559307768,-5.461746366163644,-13.673954559307768,3.0303916953373298,1.6090966655659185,0.2614909621898488
6131.0,245.24,2.0,-5.390693015748331,-13.632382750130748,-5.390693015748331,-13.632382750130748,2.8906141304217883,1.6090966655659185,0.2614909621898488
6132.0,245.28,2.0,-5.319654611965982,-13.595664131809531,-5.319654611965982,-13.595664131809531,2.7508365655062463,1.6090966655659185,0.2614909621898488
6133.0,245.32,2.0,-5.248785403123696,-13.563788547519513,-5.248785403123696,-13.563788547519513,2.6110590005907044,1.6090966655659185,0.2614909621898488
6134.0,245.36,2.0,-5.178239241916223,-13.536741429714505,-5.178239241916223,-13.536741429714505,2.4712814356751633,1.6090966655659185,0.2614909621898488
6135.0,245.4,2.0,-5.108169462249094,-13.51450381318026,-5.108169462249094,-13.51450381318026,2.3315038707596214,1.6090966655659185,0.2614909621898488
6136.0,245.44,2.0,-5.038728756474081,-13.497052351508,-5.038728756474081,-13.497052351508,2.19172630584408,1.6090966655659185,0.2614909621898488
6137.0,245.48000000000002,2.0,-4.970069053131779,-13.484359336974972,-4.970069053131779,-13.484359336974972,2.0519487409285384,1.6090966655659185,0.2614909621898488
6138.0,245.52,2.0,-4.90234139529574,-13.476392723816826,-4.90234139529574,-13.476392723816826,1.912171176012997,1.6090966655659185,0.2614909621898488
6139.0,245.56,2.0,-4.835695819612084,-13.473116154873603,-4.835695819612084,-13.473116154873603,1.929469561097455,1.6090966655659185,0.2614909621898488
6140.0,245.6,2.0,-4.770281221899062,-13.474487431372168,-4.770281221899062,-13.474487431372168,1.9467679461819134,1.6090966655659185,0.2614909621898488
6141.0,245.64000000000001,2.0,-4.706245223017653,-13.480461667684548,-4.706245223017653,-13.480461667684548,1.9640663312663715,1.6090966655659185,0.2614909621898488
6142.0,245.68,2.0,-4.643734079668463,-13.490989767949689,-4.643734079668463,-13.490989767949689,1.9813647163508303,1.6090966655659185,0.2614909621898488
6143.0,245.72,2.0,-4.582892567174248,-13.50601846598062,-4.582892567174248,-13.50601846598062,1.9986631014352887,1.6090966655659185,0.2614909621898488
6144.0,245.76,2.0,-4.523863863418127,-13.525490368415646,-4.523863863418127,-13.525490368415646,2.015961486519747,1.6090966655659185,0.2614909621898488
6145.0,245.8,2.0,-4.466789434027103,-13.549344001080215,-4.466789434027103,-13.549344001080215,2.0332598716042054,1.6090966655659185,0.2614909621898488
6146.0,245.84,2.0,-4.411808918889551,-13.577513858523599,-4.411808918889551,-13.577513858523599,2.0505582566886638,1.6090966655659185,0.2614909621898488
6147.0,245.88,2.0,-4.359060020094352,-13.609930456692206,-4.359060020094352,-13.609930456692206,2.067856641773122,1.6090966655659185,0.2614909621898488
6148.0,245.92000000000002,2.0,-4.30867839137818,-13.646520388698729,-4.30867839137818,-13.646520388698729,2.0851550268575805,1.6090966655659185,0.2614909621898488
6149.0,245.96,2.0,-4.260797529166352,-13.687206383644176,-4.260797529166352,-13.687206383644176,2.102453411942039,1.6090966655659185,0.2614909621898488
6150.0,246.0,2.0,-4.2155486652913865,-13.731907368447224,-4.2155486652913865,-13.731907368447224,2.119751797026497,1.6090966655659185,0.2614909621898488
6151.0,246.04,2.0,-4.173060661472153,-13.780538532633306,-4.173060661472153,-13.780538532633306,2.1370501821109555,1.6090966655659185,0.2614909621898488
6152.0,246.08,2.0,-4.133459905635078,-13.83301139603326,-4.133459905635078,-13.83301139603326,2.1543485671954143,1.6090966655659185,0.2614909621898488
6153.0,246.12,2.0,-4.096870210157538,-13.889233879339352,-4.096870210157538,-13.889233879339352,2.1716469522798727,1.6090966655659185,0.2614909621898488
6154.0,246.16,2.0,-4.0634127121120125,-13.9491103774642,-4.0634127121120125,-13.9491103774642,2.188945337364331,1.6090966655659185,0.2614909621898488
6155.0,246.20000000000002,2.0,-4.033205775588081,-14.012541835645937,-4.033205775588081,-14.012541835645937,2.2062437224487894,1.6090966655659185,0.2614909621898488
6156.0,246.24,2.0,-4.006364896167694,-14.079425828240858,-4.006364896167694,-14.079425828240858,2.2235421075332473,1.6090966655659185,0.2614909621898488
6157.0,246.28,2.0,-3.983002607627566,-14.14965664014278,-3.983002607627566,-14.14965664014278,2.240840492617706,1.6090966655659185,0.2614909621898488
6158.0,246.32,2.0,-3.9632283909407144,-14.223125350766196,-3.9632283909407144,-14.223125350766196,2.2581388777021645,1.6090966655659185,0.2614909621898488
6159.0,246.36,2.0,-3.947148585647509,-14.299719920528485,-3.947148585647509,-14.299719920528485,2.275437262786623,1.6090966655659185,0.2614909621898488
6160.0,246.4,2.0,-3.9348663036646863,-14.379325279764311,-3.9348663036646863,-14.379325279764311,2.292735647871081,1.6090966655659185,0.2614909621898488
6161.0,246.44,2.0,-3.9264813455989462,-14.46182342000372,-3.9264813455989462,-14.46182342000372,2.31003403295554,1.6090966655659185,0.2614909621898488
6162.0,246.48000000000002,2.0,-3.922090119629798,-14.547093487543375,-3.922090119629798,-14.547093487543375,2.3273324180399984,1.6090966655659185,0.2614909621898488
6163.0,246.52,2.0,-3.9217855630243625,-14.635011879238771,-3.9217855630243625,-14.635011879238771,2.3446308031244567,1.6090966655659185,0.2614909621898488
6164.0,246.56,2.0,-3.925657066344789,-14.725452340443493,-3.925657066344789,-14.725452340443493,2.3619291882089146,1.6090966655659185,0.2614909621898488
6165.0,246.6,2.0,-3.933790400406872,-14.818286065019896,-3.933790400406872,-14.818286065019896,2.379227573293373,1.6090966655659185,0.2614909621898488
6166.0,246.64000000000001,2.0,-3.9462676460463593,-14.913381797344098,-3.9462676460463593,-14.913381797344098,2.3965259583778318,1.6090966655659185,0.2614909621898488
6167.0,246.68,2.0,-3.963167126747225,-15.010605936226488,-3.963167126747225,-15.010605936226488,2.41382434346229,1.6090966655659185,0.2614909621898488
6168.0,246.72,2.0,-3.9845633441840476,-15.109822640667593,-3.9845633441840476,-15.109822640667593,2.431122728546748,1.6090966655659185,0.2614909621898488
6169.0,246.76000000000002,2.0,-4.010526916728306,-15.210893937367695,-4.010526916728306,-15.210893937367695,2.448421113631207,1.6090966655659185,0.2614909621898488
6170.0,246.8,2.0,-4.041124520966198,-15.313679829907207,-4.041124520966198,-15.313679829907207,2.465719498715665,1.6090966655659185,0.2614909621898488
6171.0,246.84,2.0,-4.076418836273206,-15.41803840951359,-4.076418836273206,-15.41803840951359,2.4830178838001236,1.6090966655659185,0.2614909621898488
6172.0,246.88,2.0,-4.116468492488319,-15.52382596732929,-4.116468492488319,-15.52382596732929,2.5003162688845815,1.6090966655659185,0.2614909621898488
6173.0,246.92000000000002,2.0,-4.161328020728405,-15.630897108094103,-4.161328020728405,-15.630897108094103,2.5176146539690403,1.6090966655659185,0.2614909621898488
6174.0,246.96,2.0,-4.2110478073808135,-15.739104865154212,-4.2110478073808135,-15.739104865154212,2.5349130390534986,1.6090966655659185,0.2614909621898488
6175.0,247.0,2.0,-4.265674051309856,-15.848300816709166,-4.265674051309856,-15.848300816709166,2.552211424137957,1.6090966655659185,0.2614909621898488
6176.0,247.04,2.0,-4.325248724310306,-15.958335203207076,-4.325248724310306,-15.958335203207076,2.5695098092224153,1.6090966655659185,0.2614909621898488
6177.0,247.08,2.0,-4.389809534838583,-16.06905704579747,-4.389809534838583,-16.06905704579747,2.5868081943068737,1.6090966655659185,0.2614909621898488
6178.0,247.12,2.0,-4.45938989504974,-16.180314265750354,-4.45938989504974,-16.180314265750354,2.604106579391332,1.6090966655659185,0.2614909621898488
6179.0,247.16,2.0,-4.534018891165838,-16.29195380474936,-4.534018891165838,-16.29195380474936,2.621404964475791,1.6090966655659185,0.2614909621898488
6180.0,247.20000000000002,2.0,-4.613721257198721,-16.40382174596618,-4.613721257198721,-16.40382174596618,2.6387033495602488,1.6090966655659185,0.2614909621898488
6181.0,247.24,2.0,-4.698517352047617,-16.515763435822755,-4.698517352047617,-16.515763435822755,2.6560017346447067,1.6090966655659185,0.2614909621898488
6182.0,247.28,2.0,-4.788423139989382,-16.627623606347406,-4.788423139989382,-16.627623606347406,2.6733001197291655,1.6090966655659185,0.2614909621898488
6183.0,247.32,2.0,-4.883450174576609,-16.739246498030333,-4.883450174576609,-16.739246498030333,2.690598504813624,1.6090966655659185,0.2614909621898488
6184.0,247.36,2.0,-4.9836055859561865,-16.850475983083804,-4.9836055859561865,-16.850475983083804,2.707896889898082,1.6090966655659185,0.2614909621898488
6185.0,247.4,2.0,-5.088892071618236,-16.96115568901184,-5.088892071618236,-16.96115568901184,2.7251952749825405,1.6090966655659185,0.2614909621898488
6186.0,247.44,2.0,-5.199307890582752,-17.071129122394026,-5.199307890582752,-17.071129122394026,2.742493660066999,1.6090966655659185,0.2614909621898488
6187.0,247.48000000000002,2.0,-5.314846861028588,-17.180239792788033,-5.314846861028588,-17.180239792788033,2.7597920451514573,1.6090966655659185,0.2614909621898488
6188.0,247.52,2.0,-5.435498361366795,-17.288331336655066,-5.435498361366795,-17.288331336655066,2.7770904302359156,1.6090966655659185,0.2614909621898488
6189.0,247.56,2.0,-5.561247334757647,-17.39524764121275,-5.561247334757647,-17.39524764121275,2.794388815320374,1.6090966655659185,0.2614909621898488
6190.0,247.6,2.0,-5.692074297068056,-17.500832968119813,-5.692074297068056,-17.500832968119813,2.8116872004048323,1.6090966655659185,0.2614909621898488
6191.0,247.64000000000001,2.0,-5.827955348263411,-17.604932076897057,-5.827955348263411,-17.604932076897057,2.8289855854892907,1.6090966655659185,0.2614909621898488
6192.0,247.68,2.0,-5.968862187225239,-17.707390347989495,-5.968862187225239,-17.707390347989495,2.846283970573749,1.6090966655659185,0.2614909621898488
6193.0,247.72,2.0,-6.114762129983424,-17.80805390537456,-6.114762129983424,-17.80805390537456,2.8635823556582074,1.6090966655659185,0.2614909621898488
6194.0,247.76000000000002,2.0,-6.265618131349125,-17.90676973862182,-6.265618131349125,-17.90676973862182,2.8808807407426658,1.6090966655659185,0.2614909621898488
6195.0,247.8,2.0,-6.421388809931882,-18.00338582430995,-6.421388809931882,-18.00338582430995,2.8981791258271246,1.6090966655659185,0.2614909621898488
6196.0,247.84,2.0,-6.58202847652179,-18.097751246707347,-6.58202847652179,-18.097751246707347,2.9154775109115825,1.6090966655659185,0.2614909621898488
6197.0,247.88,2.0,-6.747487165815061,-18.18971631762305,-6.747487165815061,-18.18971631762305,2.9327758959960404,1.6090966655659185,0.2614909621898488
6198.0,247.92000000000002,2.0,-6.9177106714586625,-18.279132695335733,-6.9177106714586625,-18.279132695335733,2.950074281080499,1.6090966655659185,0.2614909621898488
6199.0,247.96,2.0,-7.092640584387231,-18.36585350250867,-7.092640584387231,-18.36585350250867,2.9673726661649575,1.6090966655659185,0.2614909621898488
6200.0,248.0,2.0,-7.272214334422851,-18.44973344299993,-7.272214334422851,-18.44973344299993,2.984671051249416,1.6090966655659185,0.2614909621898488
6201.0,248.04,2.0,-7.456365235105814,-18.530628917477387,-7.456365235105814,-18.530628917477387,3.0019694363338743,1.6090966655659185,0.2614909621898488
6202.0,248.08,2.0,-7.645022531721999,-18.608398137749532,-7.645022531721999,-18.608398137749532,3.0192678214183326,1.6090966655659185,0.2614909621898488
6203.0,248.12,2.0,-7.838111452489997,-18.68290123972363,-7.838111452489997,-18.68290123972363,3.036566206502791,1.6090966655659185,0.2614909621898488
6204.0,248.16,2.0,-8.03555326286872,-18.754000394904125,-8.03555326286872,-18.754000394904125,3.0538645915872493,1.6090966655659185,0.2614909621898488
6205.0,248.20000000000002,2.0,-8.237265322943784,-18.821559920345212,-8.237265322943784,-18.821559920345212,3.0711629766717077,1.6090966655659185,0.2614909621898488
6206.0,248.24,2.0,-8.443161147848638,-18.885446386972625,-8.443161147848638,-18.885446386972625,3.088461361756166,1.6090966655659185,0.2614909621898488
6207.0,248.28,2.0,-8.653150471174001,-18.945528726191064,-8.653150471174001,-18.945528726191064,3.1057597468406244,1.6090966655659185,0.2614909621898488
6208.0,248.32,2.0,-8.86713931131695,-19.001678334694937,-8.86713931131695,-19.001678334694937,3.1230581319250827,1.6090966655659185,0.2614909621898488
6209.0,248.36,2.0,-9.085030040718632,-19.053769177401463,-9.085030040718632,-19.053769177401463,3.140356517009541,1.6090966655659185,0.2614909621898488
6210.0,248.4,2.0,-9.306721457937446,-19.101677888426643,-9.306721457937446,-19.101677888426643,3.1576549020939995,1.6090966655659185,0.2614909621898488
6211.0,248.44,2.0,-9.532108862502307,-19.14528387002619,-9.532108862502307,-19.14528387002619,3.1749532871784583,1.6090966655659185,0.2614909621898488
6212.0,248.48000000000002,2.0,-9.761084132488463,-19.184469389424912,-9.761084132488463,-19.184469389424912,3.192251672262916,1.6090966655659185,0.2614909621898488
6213.0,248.52,2.0,-9.993535804756213,-19.21911967345981,-9.993535804756213,-19.21911967345981,3.209550057347374,1.6090966655659185,0.2614909621898488
6214.0,248.56,2.0,-10.229349157790905,-19.249123000963834,-10.229349157790905,-19.249123000963834,3.226848442431833,1.6090966655659185,0.2614909621898488
6215.0,248.6,2.0,-10.468406297080469,-19.274370792818793,-10.468406297080469,-19.274370792818793,3.2441468275162912,1.6090966655659185,0.2614909621898488
6216.0,248.64000000000001,2.0,-10.710586242964911,-19.29475769960805,-10.710586242964911,-19.29475769960805,3.26144521260075,1.6090966655659185,0.2614909621898488
6217.0,248.68,2.0,-10.955765020890157,-19.310181686801087,-10.955765020890157,-19.310181686801087,3.278743597685208,1.6090966655659185,0.2614909621898488
6218.0,248.72,2.0,-11.203815753996889,-19.320544117404246,-11.203815753996889,-19.320544117404246,3.2960419827696663,1.6090966655659185,0.2614909621898488
6219.0,248.76000000000002,2.0,-11.454608757973189,-19.325749832013763,-11.454608757973189,-19.325749832013763,3.313340367854125,1.6090966655659185,0.2614909621898488
6220.0,248.8,2.0,-11.708011638097982,-19.325707226209147,-11.708011638097982,-19.325707226209147,3.330638752938583,1.6090966655659185,0.2614909621898488
6221.0,248.84,2.0,-11.963889388400727,-19.32032832522721,-11.963889388400727,-19.32032832522721,3.347937138023041,1.6090966655659185,0.2614909621898488
6222.0,248.88,2.0,-12.22210449286101,-19.309528855858893,-12.22210449286101,-19.309528855858893,3.3652355231074997,1.6090966655659185,0.2614909621898488
6223.0,248.92000000000002,2.0,-12.482517028570271,-19.293228315513428,-12.482517028570271,-19.293228315513428,3.382533908191958,1.6090966655659185,0.2614909621898488
6224.0,248.96,2.0,-12.744984770776263,-19.271350038396335,-12.744984770776263,-19.271350038396335,3.399832293276417,1.6090966655659185,0.2614909621898488
6225.0,249.0,2.0,-13.009363299729475,-19.243821258750085,-13.009363299729475,-19.243821258750085,3.417130678360875,1.6090966655659185,0.2614909621898488
6226.0,249.04,2.0,-13.275506109249292,-19.210573171108592,-13.275506109249292,-19.210573171108592,3.434429063445333,1.6090966655659185,0.2614909621898488
6227.0,249.08,2.0,-13.543264716926405,-19.171540987518803,-13.543264716926405,-19.171540987518803,3.451727448529792,1.6090966655659185,0.2614909621898488
6228.0,249.12,2.0,-13.812488775876663,-19.126663991685163,-13.812488775876663,-19.126663991685163,3.46902583361425,1.6090966655659185,0.2614909621898488
6229.0,249.16,2.0,-14.083026187960423,-19.075885589995057,-14.083026187960423,-19.075885589995057,3.4863242186987087,1.6090966655659185,0.2614909621898488
6230.0,249.20000000000002,2.0,-14.354723218380238,-19.019153359385665,-14.354723218380238,-19.019153359385665,3.5036226037831666,1.6090966655659185,0.2614909621898488
6231.0,249.24,2.0,-14.627424611568767,-18.956419092015174,-14.627424611568767,-18.956419092015174,3.520920988867625,1.6090966655659185,0.2614909621898488
6232.0,249.28,2.0,-14.9009737082777,-18.887638836703765,-14.9009737082777,-18.887638836703765,3.538219373952083,1.6090966655659185,0.2614909621898488
6233.0,249.32,2.0,-15.175212563777626,-18.81277293711218,-15.175212563777626,-18.81277293711218,3.5555177590365417,1.6090966655659185,0.2614909621898488
6234.0,249.36,2.0,-15.44998206707788,-18.7317860666283,-15.44998206707788,-18.7317860666283,3.572816144121,1.6090966655659185,0.2614909621898488
6235.0,249.4,2.0,-15.725122061074632,-18.644647259934654,-15.725122061074632,-18.644647259934654,3.590114529205459,1.6090966655659185,0.2614909621898488
6236.0,249.44,2.0,-16.000471463534787,-18.551329941232282,-16.000471463534787,-18.551329941232282,3.6074129142899167,1.6090966655659185,0.2614909621898488
6237.0,249.48000000000002,2.0,-16.275868388822545,-18.45181194909907,-16.275868388822545,-18.45181194909907,3.6247112993743746,1.6090966655659185,0.2614909621898488
6238.0,249.52,2.0,-16.551150270274995,-18.346075557963157,-16.551150270274995,-18.346075557963157,3.6420096844588334,1.6090966655659185,0.2614909621898488
6239.0,249.56,2.0,-16.826153983132567,-18.23410749617469,-16.826153983132567,-18.23410749617469,3.659308069543292,1.6090966655659185,0.2614909621898488
6240.0,249.6,2.0,-17.100715967929677,-18.115898960661745,-17.100715967929677,-18.115898960661745,3.6766064546277506,1.6090966655659185,0.2614909621898488
6241.0,249.64000000000001,2.0,-17.374672354250684,-17.991445628158996,-17.374672354250684,-17.991445628158996,3.6939048397122085,1.6090966655659185,0.2614909621898488
6242.0,249.68,2.0,-17.64785908475588,-17.86074766300022,-17.64785908475588,-17.86074766300022,3.711203224796667,1.6090966655659185,0.2614909621898488
6243.0,249.72,2.0,-17.92011203938203,-17.723809721468413,-17.92011203938203,-17.723809721468413,3.728501609881125,1.6090966655659185,0.2614909621898488
6244.0,249.76000000000002,2.0,-18.19126715962195,-17.58064095269998,-18.19126715962195,-17.58064095269998,3.7457999949655836,1.6090966655659185,0.2614909621898488
6245.0,249.8,2.0,-18.46116057278738,-17.431254996142133,-18.46116057278738,-17.431254996142133,3.7630983800500415,1.6090966655659185,0.2614909621898488
6246.0,249.84,2.0,-18.7296287161596,-17.275669975565155,-18.7296287161596,-17.275669975565155,3.7803967651345003,1.6090966655659185,0.2614909621898488
6247.0,249.88,2.0,-18.99650846093215,-17.113908489633992,-18.99650846093215,-17.113908489633992,3.7976951502189586,1.6090966655659185,0.2614909621898488
6248.0,249.92000000000002,2.0,-19.261637235850365,-16.945997599046237,-19.261637235850365,-16.945997599046237,3.8149935353034166,1.6090966655659185,0.2614909621898488
6249.0,249.96,2.0,-19.52485315045241,-16.771968810246143,-19.52485315045241,-16.771968810246143,3.8322919203878754,1.6090966655659185,0.2614909621898488
6250.0,250.0,2.0,-19.785995117817148,-16.591858055727037,-19.785995117817148,-16.591858055727037,3.8495903054723337,1.6090966655659185,0.2614909621898488
6251.0,250.04,2.0,-20.044902976724174,-16.405705670937163,-20.044902976724174,-16.405705670937163,3.8668886905567925,1.6090966655659185,0.2614909621898488
6252.0,250.08,2.0,-20.30141761313211,-16.21355636780634,-20.30141761313211,-16.21355636780634,3.8841870756412504,1.6090966655659185,0.2614909621898488
6253.0,250.12,2.0,-20.555381080881624,-16.015459204913867,-20.555381080881624,-16.015459204913867,3.9014854607257083,1.6090966655659185,0.2614909621898488
6254.0,250.16,2.0,-20.806636721530246,-15.811467554320226,-20.806636721530246,-15.811467554320226,3.9187838458101667,1.6090966655659185,0.2614909621898488
6255.0,250.20000000000002,2.0,-21.05502928322675,-15.601639065088062,-21.05502928322675,-15.601639065088062,3.9360822308946255,1.6090966655659185,0.2614909621898488
6256.0,250.24,2.0,-21.300405038533643,-15.386035623520272,-21.300405038533643,-15.386035623520272,3.9533806159790843,1.6090966655659185,0.2614909621898488
6257.0,250.28,2.0,-21.542611901106937,-15.164723310145595,-21.542611901106937,-15.164723310145595,3.970679001063542,1.6090966655659185,0.2614909621898488
6258.0,250.32,2.0,-21.781499541143596,-14.937772353484714,-21.781499541143596,-14.937772353484714,3.9879773861480006,1.6090966655659185,0.2614909621898488
6259.0,250.36,2.0,-22.016919499507594,-14.705257080632148,-22.016919499507594,-14.705257080632148,4.005275771232459,1.6090966655659185,0.2614909621898488
6260.0,250.4,2.0,-22.248725300446832,-14.467255864691932,-22.248725300446832,-14.467255864691932,4.022574156316917,1.6090966655659185,0.2614909621898488
6261.0,250.44,2.0,-22.47677256281417,-14.223851069107218,-22.47677256281417,-14.223851069107218,4.039872541401376,1.6090966655659185,0.2614909621898488
6262.0,250.48000000000002,2.0,-22.700919109706852,-13.975128988926585,-22.700919109706852,-13.975128988926585,4.057170926485834,1.6090966655659185,0.2614909621898488
6263.0,250.52,2.0,-22.921025076440074,-13.721179789052039,-22.921025076440074,-13.721179789052039,4.074469311570292,1.6090966655659185,0.2614909621898488
6264.0,250.56,2.0,-23.13695301677142,-13.462097439516047,-23.13695301677142,-13.462097439516047,4.091767696654751,1.6090966655659185,0.2614909621898488
6265.0,250.6,2.0,-23.348568007294567,-13.197979647837263,-23.348568007294567,-13.197979647837263,4.1090660817392095,1.6090966655659185,0.2614909621898488
6266.0,250.64000000000001,2.0,-23.5557377499217,-12.92892778850688,-23.5557377499217,-12.92892778850688,4.126364466823667,1.6090966655659185,0.2614909621898488
6267.0,250.68,2.0,-23.758332672375964,-12.655046829659621,-23.758332672375964,-12.655046829659621,4.143662851908126,1.6090966655659185,0.2614909621898488
6268.0,250.72,2.0,-23.9562260266164,-12.376445256985756,-23.9562260266164,-12.376445256985756,4.160961236992584,1.6090966655659185,0.2614909621898488
6269.0,250.76000000000002,2.0,-24.149293985119748,-12.09323499494243,-24.149293985119748,-12.09323499494243,4.178259622077042,1.6090966655659185,0.2614909621898488
6270.0,250.8,2.0,-24.33741573494489,-11.805531325324885,-24.33741573494489,-11.805531325324885,4.195558007161501,1.6090966655659185,0.2614909621898488
6271.0,250.84,2.0,-24.520473569507583,-11.513452803260012,-24.520473569507583,-11.513452803260012,4.212856392245959,1.6090966655659185,0.2614909621898488
6272.0,250.88,2.0,-24.698352977994865,-11.217121170686761,-24.698352977994865,-11.217121170686761,4.230154777330418,1.6090966655659185,0.2614909621898488
6273.0,250.92000000000002,2.0,-24.870942732350166,-10.916661267389868,-24.870942732350166,-10.916661267389868,4.247453162414876,1.6090966655659185,0.2614909621898488
6274.0,250.96,2.0,-25.03813497176236,-10.61220093965515,-25.03813497176236,-10.61220093965515,4.264751547499334,1.6090966655659185,0.2614909621898488
6275.0,251.0,2.0,-25.19982528459354,-10.303870946616602,-25.19982528459354,-10.303870946616602,4.282049932583792,1.6090966655659185,0.2614909621898488
6276.0,251.04,2.0,-25.355912787682563,-9.991804864367158,-25.355912787682563,-9.991804864367158,4.299348317668251,1.6090966655659185,0.2614909621898488
6277.0,251.08,2.0,-25.50630020296328,-9.676138987906805,-25.50630020296328,-9.676138987906805,4.316646702752709,1.6090966655659185,0.2614909621898488
6278.0,251.12,2.0,-25.650893931338448,-9.357012231003356,-25.650893931338448,-9.357012231003356,4.333945087837168,1.6090966655659185,0.2614909621898488
6279.0,251.16,2.0,-25.789604123752504,-9.034566024042798,-25.789604123752504,-9.034566024042798,4.351243472921626,1.6090966655659185,0.2614909621898488
6280.0,251.20000000000002,2.0,-25.922344749408477,-8.70894420994771,-25.922344749408477,-8.70894420994771,4.368541858006084,1.6090966655659185,0.2614909621898488
6281.0,251.24,2.0,-26.049033661076475,-8.380292938243697,-26.049033661076475,-8.380292938243697,4.385840243090543,1.6090966655659185,0.2614909621898488
6282.0,251.28,2.0,-26.169592657443587,-8.048760557355234,-26.169592657443587,-8.048760557355234,4.403138628175001,1.6090966655659185,0.2614909621898488
6283.0,251.32,2.0,-26.283947542457053,-7.714497505213664,-26.283947542457053,-7.714497505213664,4.42043701325946,1.6090966655659185,0.2614909621898488
6284.0,251.36,2.0,-26.3920281816152,-7.377656198261431,-26.3920281816152,-7.377656198261431,4.437735398343919,1.6090966655659185,0.2614909621898488
6285.0,251.4,2.0,-26.493768555162642,-7.038390918937781,-26.493768555162642,-7.038390918937781,4.455033783428377,1.6090966655659185,0.2614909621898488
6286.0,251.44,2.0,-26.589106808148934,-6.696857701732464,-26.589106808148934,-6.696857701732464,4.4723321685128345,1.6090966655659185,0.2614909621898488
6287.0,251.48000000000002,2.0,-26.677985297312055,-6.3532142178949185,-26.677985297312055,-6.3532142178949185,4.4896305535972925,1.6090966655659185,0.2614909621898488
6288.0,251.52,2.0,-26.760350634750743,-6.007619658887604,-26.760350634750743,-6.007619658887604,4.506928938681751,1.6090966655659185,0.2614909621898488
6289.0,251.56,2.0,-26.83615372835188,-5.660234618672993,-26.83615372835188,-5.660234618672993,4.52422732376621,1.6090966655659185,0.2614909621898488
6290.0,251.6,2.0,-26.905349818942078,-5.3112209749247095,-26.905349818942078,-5.3112209749247095,4.541525708850668,1.6090966655659185,0.2614909621898488
6291.0,251.64000000000001,2.0,-26.967898514134596,-4.960741769254115,-26.967898514134596,-4.960741769254115,4.558824093935127,1.6090966655659185,0.2614909621898488
6292.0,251.68,2.0,-27.023763818845776,-4.608961086544359,-27.023763818845776,-4.608961086544359,4.576122479019585,1.6090966655659185,0.2614909621898488
6293.0,251.72,2.0,-27.072914162457334,-4.256043933484657,-27.072914162457334,-4.256043933484657,4.5934208641040435,1.6090966655659185,0.2614909621898488
6294.0,251.76000000000002,2.0,-27.11532242260376,-3.902156116398141,-27.11532242260376,-3.902156116398141,4.610719249188501,1.6090966655659185,0.2614909621898488
6295.0,251.8,2.0,-27.150965945566348,-3.5474641184571736,-27.150965945566348,-3.5474641184571736,4.62801763427296,1.6090966655659185,0.2614909621898488
6296.0,251.84,2.0,-27.17982656325837,-3.1921349763805074,-27.17982656325837,-3.1921349763805074,4.645316019357418,1.6090966655659185,0.2614909621898488
6297.0,251.88,2.0,-27.20189060678815,-2.836336156707035,-27.20189060678815,-2.836336156707035,4.662614404441877,1.6090966655659185,0.2614909621898488
6298.0,251.92000000000002,2.0,-27.217148916589718,-2.480235431741252,-27.217148916589718,-2.480235431741252,4.679912789526335,1.6090966655659185,0.2614909621898488
6299.0,251.96,2.0,-27.22559684911323,-2.124000755265751,-27.22559684911323,-2.124000755265751,4.697211174610794,1.6090966655659185,0.2614909621898488
6300.0,252.0,2.0,-27.22723428006998,-1.7678001381162942,-27.22723428006998,-1.7678001381162942,4.714509559695252,1.6090966655659185,0.2614909621898488
6301.0,252.04,2.0,-27.222065604229584,-1.4118015237150847,-27.222065604229584,-1.4118015237150847,4.73180794477971,1.6090966655659185,0.2614909621898488
6302.0,252.08,2.0,-27.210099731769436,-1.0561726636578987,-27.210099731769436,-1.0561726636578987,4.749106329864168,1.6090966655659185,0.2614909621898488
6303.0,252.12,2.0,-27.191350081179337,-0.701080993450712,-27.191350081179337,-0.701080993450712,4.766404714948627,1.6090966655659185,0.2614909621898488
6304.0,252.16,2.0,-27.165834568726694,-0.34669350849131425,-27.165834568726694,-0.34669350849131425,4.783703100033085,1.6090966655659185,0.2614909621898488
6305.0,252.20000000000002,2.0,-27.133575594490498,0.006823359608762636,-27.133575594490498,0.006823359608762636,4.801001485117544,1.6090966655659185,0.2614909621898488
6306.0,252.24,2.0,-27.09460002497476,0.3593038662669499,-27.09460002497476,0.3593038662669499,4.818299870202002,1.6090966655659185,0.2614909621898488
6307.0,252.28,2.0,-27.048939172314896,0.7105830766422587,-27.048939172314896,0.7105830766422587,4.8355982552864605,1.6090966655659185,0.2614909621898488
6308.0,252.32,2.0,-26.996628770092997,1.0604969877234989,-26.996628770092997,1.0604969877234989,4.852896640370918,1.6090966655659185,0.2614909621898488
6309.0,252.36,2.0,-26.937708945780702,1.408882649699267,-26.937708945780702,1.408882649699267,4.870195025455377,1.6090966655659185,0.2614909621898488
6310.0,252.4,2.0,-26.87222418983088,1.7555782865164282,-26.87222418983088,1.7555782865164282,4.887493410539835,1.6090966655659185,0.2614909621898488
6311.0,252.44,2.0,-26.800223321441877,2.1004234155344372,-26.800223321441877,2.1004234155344372,4.904791795624294,1.6090966655659185,0.2614909621898488
6312.0,252.48000000000002,2.0,-26.721759451020766,2.443258966183548,-26.721759451020766,2.443258966183548,4.922090180708752,1.6090966655659185,0.2614909621898488
6313.0,252.52,2.0,-26.636889939374566,2.7839273975357153,-26.636889939374566,2.7839273975357153,4.939388565793211,1.6090966655659185,0.2614909621898488
6314.0,252.56,2.0,-26.54567635366069,3.1222728146978507,-26.54567635366069,3.1222728146978507,4.956686950877669,1.6090966655659185,0.2614909621898488
6315.0,252.6,2.0,-26.448184420130765,3.458141083937977,-26.448184420130765,3.458141083937977,4.973985335962127,1.6090966655659185,0.2614909621898488
6316.0,252.64000000000001,2.0,-26.344483973704076,3.7913799464558204,-26.344483973704076,3.7913799464558204,4.991283721046585,1.6090966655659185,0.2614909621898488
6317.0,252.68,2.0,-26.23464890440952,4.121839130710423,-26.23464890440952,4.121839130710423,5.008582106131043,1.6090966655659185,0.2614909621898488
6318.0,252.72,2.0,-26.118757100737376,4.449370463218452,-26.118757100737376,4.449370463218452,5.025880491215502,1.6090966655659185,0.2614909621898488
6319.0,252.76000000000002,2.0,-25.996890389944394,4.773827977738085,-25.996890389944394,4.773827977738085,5.04317887629996,1.6090966655659185,0.2614909621898488
6320.0,252.8,2.0,-25.86913447535836,5.095068022754575,-25.86913447535836,5.095068022754575,5.060477261384419,1.6090966655659185,0.2614909621898488
6321.0,252.84,2.0,-25.735578870730233,5.412949367184926,-25.735578870730233,5.412949367184926,5.0777756464688775,1.6090966655659185,0.2614909621898488
6322.0,252.88,2.0,-25.596316831684575,5.727333304220448,-25.596316831684575,5.727333304220448,5.095074031553336,1.6090966655659185,0.2614909621898488
6323.0,252.92000000000002,2.0,-25.45144528432096,6.038083753227443,-25.45144528432096,6.038083753227443,5.112372416637794,1.6090966655659185,0.2614909621898488
6324.0,252.96,2.0,-25.301064751021435,6.34506735962773,-25.301064751021435,6.34506735962773,5.129670801722253,1.6090966655659185,0.2614909621898488
6325.0,253.0,2.0,-25.145279273521076,6.648153592682287,-25.145279273521076,6.648153592682287,5.146969186806711,1.6090966655659185,0.2614909621898488
6326.0,253.04,2.0,-24.98419633330099,6.947214841102915,-24.98419633330099,6.947214841102915,5.164267571891169,1.6090966655659185,0.2614909621898488
6327.0,253.08,2.0,-24.81792676936499,7.242126506418474,-24.81792676936499,7.242126506418474,5.181565956975627,1.6090966655659185,0.2614909621898488
6328.0,253.12,2.0,-24.646584693463332,7.532767094023993,-24.646584693463332,7.532767094023993,5.1988643420600855,1.6090966655659185,0.2614909621898488
6329.0,253.16,2.0,-24.470287402828696,7.819018301842766,-24.470287402828696,7.819018301842766,5.216162727144544,1.6090966655659185,0.2614909621898488
6330.0,253.20000000000002,2.0,-24.289155290491784,8.100765106533292,-24.289155290491784,8.100765106533292,5.233461112229003,1.6090966655659185,0.2614909621898488
6331.0,253.24,2.0,-24.10331175324539,8.377895847174933,-24.10331175324539,8.377895847174933,5.250759497313461,1.6090966655659185,0.2614909621898488
6332.0,253.28,2.0,-23.912883097328038,8.650302306368015,-23.912883097328038,8.650302306368015,5.268057882397919,1.6090966655659185,0.2614909621898488
6333.0,253.32,2.0,-23.71799844189961,8.917879788686108,-23.71799844189961,8.917879788686108,5.285356267482378,1.6090966655659185,0.2614909621898488
6334.0,253.36,2.0,-23.51878962038348,9.180527196420309,-23.51878962038348,9.180527196420309,5.302654652566836,1.6090966655659185,0.2614909621898488
6335.0,253.4,2.0,-23.315391079750977,9.438147102557359,-23.315391079750977,9.438147102557359,5.319953037651294,1.6090966655659185,0.2614909621898488
6336.0,253.44,2.0,-23.107939777825845,9.690645820935616,-23.107939777825845,9.690645820935616,5.337251422735752,1.6090966655659185,0.2614909621898488
6337.0,253.48000000000002,2.0,-22.896575078687704,9.937933473525078,-22.896575078687704,9.937933473525078,5.354549807820211,1.6090966655659185,0.2614909621898488
6338.0,253.52,2.0,-22.68143864625511,10.179924054779804,-22.68143864625511,10.179924054779804,5.37184819290467,1.6090966655659185,0.2614909621898488
6339.0,253.56,2.0,-22.462674336130128,10.416535493013427,-22.462674336130128,10.416535493013427,5.389146577989128,1.6090966655659185,0.2614909621898488
6340.0,253.6,2.0,-22.240428085787705,10.647689708750681,-22.240428085787705,10.647689708750681,5.406444963073586,1.6090966655659185,0.2614909621898488
6341.0,253.64000000000001,2.0,-22.014847803194414,10.873312670010204,-22.014847803194414,10.873312670010204,5.423743348158044,1.6090966655659185,0.2614909621898488
6342.0,253.68,2.0,-21.78608325394232,11.09333444447627,-21.78608325394232,11.09333444447627,5.4410417332425025,1.6090966655659185,0.2614909621898488
6343.0,253.72,2.0,-21.55428594698487,11.307689248519457,-21.55428594698487,11.307689248519457,5.45834011832696,1.6090966655659185,0.2614909621898488
6344.0,253.76000000000002,2.0,-21.31960901906282,11.516315493028756,-21.31960901906282,11.516315493028756,5.475638503411419,1.6090966655659185,0.2614909621898488
6345.0,253.8,2.0,-21.08220711790917,11.719155826019971,-21.08220711790917,11.719155826019971,5.492936888495878,1.6090966655659185,0.2614909621898488
6346.0,253.84,2.0,-20.84223628432299,11.916157171987866,-20.84223628432299,11.916157171987866,5.353159323580336,1.6090966655659185,0.2614909621898488
6347.0,253.88,2.0,-20.59985387556411,12.107269208265496,-20.59985387556411,12.107269208265496,5.213381758664795,1.6090966655659185,0.2614909621898488
6348.0,253.92000000000002,2.0,-20.355218403988438,12.292447518965478,-20.355218403988438,12.292447518965478,5.073604193749253,1.6090966655659185,0.2614909621898488
6349.0,253.96,2.0,-20.10848941529914,12.471652064110218,-20.10848941529914,12.471652064110218,4.933826628833711,1.6090966655659185,0.2614909621898488
6350.0,254.0,2.0,-19.859827366978628,12.644847205681156,-19.859827366978628,12.644847205681156,4.79404906391817,1.6090966655659185,0.2614909621898488
6351.0,254.04,2.0,-19.609393506050846,12.812001730285838,-19.609393506050846,12.812001730285838,4.654271499002627,1.6090966655659185,0.2614909621898488
6352.0,254.08,2.0,-19.357349746267925,12.973088868425625,-19.357349746267925,12.973088868425625,4.514493934087087,1.6090966655659185,0.2614909621898488
6353.0,254.12,2.0,-19.103858544815914,13.128086310349389,-19.103858544815914,13.128086310349389,4.374716369171544,1.6090966655659185,0.2614909621898488
6354.0,254.16,2.0,-18.849082778634305,13.276976218481206,-18.849082778634305,13.276976218481206,4.234938804256003,1.6090966655659185,0.2614909621898488
6355.0,254.20000000000002,2.0,-18.593185620444764,13.419745236412709,-18.593185620444764,13.419745236412709,4.095161239340461,1.6090966655659185,0.2614909621898488
6356.0,254.24,2.0,-18.336330414584378,13.556384494453363,-18.336330414584378,13.556384494453363,3.95538367442492,1.6090966655659185,0.2614909621898488
6357.0,254.28,2.0,-18.07868055273907,13.686889611734653,-18.07868055273907,13.686889611734653,3.8156061095093783,1.6090966655659185,0.2614909621898488
6358.0,254.32,2.0,-17.820399349672872,13.811260694866752,-17.820399349672872,13.811260694866752,3.6758285445938363,1.6090966655659185,0.2614909621898488
6359.0,254.36,2.0,-17.561649919048627,13.929502333148921,-17.561649919048627,13.929502333148921,3.536050979678295,1.6090966655659185,0.2614909621898488
6360.0,254.4,2.0,-17.302595049435872,14.041623590337576,-17.302595049435872,14.041623590337576,3.396273414762753,1.6090966655659185,0.2614909621898488
6361.0,254.44,2.0,-17.04339708060119,14.147637992978582,-17.04339708060119,14.147637992978582,3.2564958498472114,1.6090966655659185,0.2614909621898488
6362.0,254.48000000000002,2.0,-16.78421778017639,14.247563515312942,-16.78421778017639,14.247563515312942,3.1167182849316704,1.6090966655659185,0.2614909621898488
6363.0,254.52,2.0,-16.52521822079939,14.341422560767793,-16.52521822079939,14.341422560767793,2.9769407200161284,1.6090966655659185,0.2614909621898488
6364.0,254.56,2.0,-16.266558657822383,14.429241940047124,-16.266558657822383,14.429241940047124,2.8371631551005865,1.6090966655659185,0.2614909621898488
6365.0,254.6,2.0,-16.00839840768147,14.511052845839359,-16.00839840768147,14.511052845839359,2.697385590185045,1.6090966655659185,0.2614909621898488
6366.0,254.64000000000001,2.0,-15.750895727021307,14.586890824161504,-15.750895727021307,14.586890824161504,2.714683975269504,1.6090966655659185,0.2614909621898488
6367.0,254.68,2.0,-15.494207650306844,14.656797302068544,-15.494207650306844,14.656797302068544,2.731982360353962,1.6090966655659185,0.2614909621898488
6368.0,254.72,2.0,-15.238489912186145,14.720816431150729,-15.238489912186145,14.720816431150729,2.74928074543842,1.6090966655659185,0.2614909621898488
6369.0,254.76000000000002,2.0,-14.98389683041324,14.77899660921407,-14.98389683041324,14.77899660921407,2.766579130522879,1.6090966655659185,0.2614909621898488
6370.0,254.8,2.0,-14.730581188949794,14.831390438421554,-14.730581188949794,14.831390438421554,2.783877515607337,1.6090966655659185,0.2614909621898488
6371.0,254.84,2.0,-14.47869412227974,14.878054680208857,-14.47869412227974,14.878054680208857,2.8011759006917956,1.6090966655659185,0.2614909621898488
6372.0,254.88,2.0,-14.22838500102588,14.919050207009468,-14.22838500102588,14.919050207009468,2.818474285776254,1.6090966655659185,0.2614909621898488
6373.0,254.92000000000002,2.0,-13.979801318956467,14.954441950826668,-13.979801318956467,14.954441950826668,2.8357726708607123,1.6090966655659185,0.2614909621898488
6374.0,254.96,2.0,-13.733088581468763,14.984298848692166,-13.733088581468763,14.984298848692166,2.853071055945171,1.6090966655659185,0.2614909621898488
6375.0,255.0,2.0,-13.488390195635361,15.008693785053646,-13.488390195635361,15.008693785053646,2.870369441029629,1.6090966655659185,0.2614909621898488
6376.0,255.04,2.0,-13.245847361897892,15.027703531135833,-13.245847361897892,15.027703531135833,2.8876678261140873,1.6090966655659185,0.2614909621898488
6377.0,255.08,2.0,-13.005598967491503,15.041408681321958,-13.005598967491503,15.041408681321958,2.9049662111985457,1.6090966655659185,0.2614909621898488
6378.0,255.12,2.0,-12.767781481682016,15.049893586604906,-12.767781481682016,15.049893586604906,2.922264596283004,1.6090966655659185,0.2614909621898488
6379.0,255.16,2.0,-12.532528852896517,15.053246285159506,-12.532528852896517,15.053246285159506,2.9395629813674624,1.6090966655659185,0.2614909621898488
6380.0,255.20000000000002,2.0,-12.299972407826372,15.051558430089642,-12.299972407826372,15.051558430089642,2.9568613664519208,1.6090966655659185,0.2614909621898488
6381.0,255.24,2.0,-12.070240752580434,15.044925214406083,-12.070240752580434,15.044925214406083,2.974159751536379,1.6090966655659185,0.2614909621898488
6382.0,255.28,2.0,-11.843459675964397,15.033445293293042,-11.843459675964397,15.033445293293042,2.991458136620838,1.6090966655659185,0.2614909621898488
6383.0,255.32,2.0,-11.619752054960761,15.01722070372352,-11.619752054960761,15.01722070372352,3.0087565217052963,1.6090966655659185,0.2614909621898488
6384.0,255.36,2.0,-11.399237762482086,14.996356781485664,-11.399237762482086,14.996356781485664,3.026054906789755,1.6090966655659185,0.2614909621898488
6385.0,255.4,2.0,-11.182033577468502,14.970962075684138,-11.182033577468502,14.970962075684138,3.043353291874213,1.6090966655659185,0.2614909621898488
6386.0,255.44,2.0,-10.968253097398646,14.941148260782708,-10.968253097398646,14.941148260782708,3.0606516769586714,1.6090966655659185,0.2614909621898488
6387.0,255.48000000000002,2.0,-10.758006653281289,14.90703004625593,-10.758006653281289,14.90703004625593,3.0779500620431297,1.6090966655659185,0.2614909621898488
6388.0,255.52,2.0,-10.551401227193049,14.868725083919788,-10.551401227193049,14.868725083919788,3.0952484471275885,1.6090966655659185,0.2614909621898488
6389.0,255.56,2.0,-10.348540372425594,14.826353873012891,-10.348540372425594,14.826353873012891,3.1125468322120464,1.6090966655659185,0.2614909621898488
6390.0,255.6,2.0,-10.149524136303748,14.780039663101505,-10.149524136303748,14.780039663101505,3.129845217296505,1.6090966655659185,0.2614909621898488
6391.0,255.64000000000001,2.0,-9.954448985733828,14.729908354883477,-9.954448985733828,14.729908354883477,3.1471436023809636,1.6090966655659185,0.2614909621898488
6392.0,255.68,2.0,-9.76340773553948,14.676088398967703,-9.76340773553948,14.676088398967703,3.164441987465422,1.6090966655659185,0.2614909621898488
6393.0,255.72,2.0,-9.576489479640067,14.618710692707202,-9.576489479640067,14.618710692707202,3.1817403725498803,1.6090966655659185,0.2614909621898488
6394.0,255.76000000000002,2.0,-9.39377952512453,14.557908475165632,-9.39377952512453,14.557908475165632,3.199038757634338,1.6090966655659185,0.2614909621898488
6395.0,255.8,2.0,-9.215359329271399,14.493817220298245,-9.215359329271399,14.493817220298245,3.216337142718797,1.6090966655659185,0.2614909621898488
6396.0,255.84,2.0,-9.041306439563304,14.426574528429862,-9.041306439563304,14.426574528429862,3.233635527803256,1.6090966655659185,0.2614909621898488
6397.0,255.88,2.0,-8.871694436742136,14.35632001611361,-8.871694436742136,14.35632001611361,3.2509339128877137,1.6090966655659185,0.2614909621898488
6398.0,255.92000000000002,2.0,-8.706592880948541,14.283195204455506,-8.706592880948541,14.283195204455506,3.2682322979721725,1.6090966655659185,0.2614909621898488
6399.0,255.96,2.0,-8.546067260987156,14.20734340599112,-8.546067260987156,14.20734340599112,3.2855306830566304,1.6090966655659185,0.2614909621898488
6400.0,256.0,2.0,-8.39017894675651,14.12890961020164,-8.39017894675651,14.12890961020164,3.302829068141089,1.6090966655659185,0.2614909621898488
6401.0,256.04,2.0,-8.23898514488013,14.048040367757796,-8.23898514488013,14.048040367757796,3.3201274532255476,1.6090966655659185,0.2614909621898488
6402.0,256.08,2.0,-8.092538857572894,13.964883673580928,-8.092538857572894,13.964883673580928,3.3374258383100055,1.6090966655659185,0.2614909621898488
6403.0,256.12,2.0,-7.950888844774158,13.879588848811562,-7.950888844774158,13.879588848811562,3.354724223394464,1.6090966655659185,0.2614909621898488
6404.0,256.16,2.0,-7.814079589576754,13.792306421776562,-7.814079589576754,13.792306421776562,3.3720226084789218,1.6090966655659185,0.2614909621898488
6405.0,256.2,2.0,-7.682151266978276,13.703188008046814,-7.682151266978276,13.703188008046814,3.3893209935633806,1.6090966655659185,0.2614909621898488
6406.0,256.24,2.0,-7.555139715978666,13.612386189677974,-7.555139715978666,13.612386189677974,3.4066193786478394,1.6090966655659185,0.2614909621898488
6407.0,256.28000000000003,2.0,-7.433076415045396,13.520054393727552,-7.433076415045396,13.520054393727552,3.423917763732297,1.6090966655659185,0.2614909621898488
6408.0,256.32,2.0,-7.315988460965028,13.426346770142086,-7.315988460965028,13.426346770142086,3.4412161488167556,1.6090966655659185,0.2614909621898488
6409.0,256.36,2.0,-7.203898551097308,13.331418069108693,-7.203898551097308,13.331418069108693,3.4585145339012144,1.6090966655659185,0.2614909621898488
6410.0,256.4,2.0,-7.096824969045317,13.235423517965652,-7.096824969045317,13.235423517965652,3.4758129189856724,1.6090966655659185,0.2614909621898488
6411.0,256.44,2.0,-6.994781573752547,13.138518697767045,-6.994781573752547,13.138518697767045,3.493111304070131,1.6090966655659185,0.2614909621898488
6412.0,256.48,2.0,-6.897777792035197,13.040859419596753,-6.897777792035197,13.040859419596753,3.5104096891545886,1.6090966655659185,0.2614909621898488
6413.0,256.52,2.0,-6.8058186145552515,12.942601600727247,-6.8058186145552515,12.942601600727247,3.5277080742390474,1.6090966655659185,0.2614909621898488
6414.0,256.56,2.0,-6.718904595237317,12.843901140718794,-6.718904595237317,12.843901140718794,3.5450064593235053,1.6090966655659185,0.2614909621898488
6415.0,256.6,2.0,-6.637031854129511,12.744913797554698,-6.637031854129511,12.744913797554698,3.5623048444079637,1.6090966655659185,0.2614909621898488
6416.0,256.64,2.0,-6.560192083706026,12.645795063908206,-6.560192083706026,12.645795063908206,3.5796032294924225,1.6090966655659185,0.2614909621898488
6417.0,256.68,2.0,-6.488372558606393,12.546700043636557,-6.488372558606393,12.546700043636557,3.5969016145768804,1.6090966655659185,0.2614909621898488
6418.0,256.72,2.0,-6.421556148803747,12.447783328597502,-6.421556148803747,12.447783328597502,3.6141999996613388,1.6090966655659185,0.2614909621898488
6419.0,256.76,2.0,-6.359721336191819,12.349198875883436,-6.359721336191819,12.349198875883436,3.631498384745798,1.6090966655659185,0.2614909621898488
6420.0,256.8,2.0,-6.302842234577698,12.251099885567797,-6.302842234577698,12.251099885567797,3.6487967698302564,1.6090966655659185,0.2614909621898488
6421.0,256.84000000000003,2.0,-6.250888613064818,12.153638679058187,-6.250888613064818,12.153638679058187,3.6660951549147143,1.6090966655659185,0.2614909621898488
6422.0,256.88,2.0,-6.203825922807977,12.056966578150051,-6.203825922807977,12.056966578150051,3.683393539999172,1.6090966655659185,0.2614909621898488
6423.0,256.92,2.0,-6.161615327119614,11.9612337848743,-6.161615327119614,11.9612337848743,3.7006919250836305,1.6090966655659185,0.2614909621898488
6424.0,256.96,2.0,-6.124213734904007,11.866589262231573,-6.124213734904007,11.866589262231573,3.71799031016809,1.6090966655659185,0.2614909621898488
6425.0,257.0,2.0,-6.0915738373934305,11.773180615905256,-6.0915738373934305,11.773180615905256,3.735288695252548,1.6090966655659185,0.2614909621898488
6426.0,257.04,2.0,-6.063644148157842,11.681153977044504,-6.063644148157842,11.681153977044504,3.752587080337006,1.6090966655659185,0.2614909621898488
6427.0,257.08,2.0,-6.040369046357071,11.59065388620776,-6.040369046357071,11.59065388620776,3.769885465421465,1.6090966655659185,0.2614909621898488
6428.0,257.12,2.0,-6.021688823202057,11.501823178556352,-6.021688823202057,11.501823178556352,3.787183850505923,1.6090966655659185,0.2614909621898488
6429.0,257.16,2.0,-6.0075397315891195,11.414802870386781,-6.0075397315891195,11.414802870386781,3.804482235590381,1.6090966655659185,0.2614909621898488
6430.0,257.2,2.0,-5.997854038868913,11.329732047089282,-5.997854038868913,11.329732047089282,3.82178062067484,1.6090966655659185,0.2614909621898488
6431.0,257.24,2.0,-5.992560082709176,11.246747752619129,-5.992560082709176,11.246747752619129,3.8390790057592974,1.6090966655659185,0.2614909621898488
6432.0,257.28000000000003,2.0,-5.991582330008113,11.16598488056603,-5.991582330008113,11.16598488056603,3.856377390843756,1.6090966655659185,0.2614909621898488
6433.0,257.32,2.0,-5.994841438812811,11.087576066905651,-5.994841438812811,11.087576066905651,3.873675775928214,1.6090966655659185,0.2614909621898488
6434.0,257.36,2.0,-6.002254323194841,11.011651584516088,-6.002254323194841,11.011651584516088,3.890974161012673,1.6090966655659185,0.2614909621898488
6435.0,257.4,2.0,-6.013734221032847,10.938339239540706,-6.013734221032847,10.938339239540706,3.9082725460971317,1.6090966655659185,0.2614909621898488
6436.0,257.44,2.0,-6.029190764649764,10.86776426967734,-6.029190764649764,10.86776426967734,3.925570931181589,1.6090966655659185,0.2614909621898488
6437.0,257.48,2.0,-6.048530054250039,10.800049244472358,-6.048530054250039,10.800049244472358,3.942869316266048,1.6090966655659185,0.2614909621898488
6438.0,257.52,2.0,-6.071654734100101,10.735313967696616,-6.071654734100101,10.735313967696616,3.9601677013505068,1.6090966655659185,0.2614909621898488
6439.0,257.56,2.0,-6.098464071393213,10.673675381878551,-6.098464071393213,10.673675381878551,3.9774660864349642,1.6090966655659185,0.2614909621898488
6440.0,257.6,2.0,-6.128854037737753,10.615247475068287,-6.128854037737753,10.615247475068287,3.994764471519423,1.6090966655659185,0.2614909621898488
6441.0,257.64,2.0,-6.162717393205972,10.560141189904542,-6.162717393205972,10.560141189904542,4.012062856603881,1.6090966655659185,0.2614909621898488
6442.0,257.68,2.0,-6.199943772878278,10.5084643350547,-6.199943772878278,10.5084643350547,4.02936124168834,1.6090966655659185,0.2614909621898488
6443.0,257.72,2.0,-6.240419775816202,10.460321499096327,-6.240419775816202,10.460321499096327,4.046659626772799,1.6090966655659185,0.2614909621898488
6444.0,257.76,2.0,-6.28402905639528,10.41581396690668,-6.28402905639528,10.41581396690668,4.063958011857256,1.6090966655659185,0.2614909621898488
6445.0,257.8,2.0,-6.330652417927335,10.37503963862472,-6.330652417927335,10.37503963862472,4.081256396941715,1.6090966655659185,0.2614909621898488
6446.0,257.84000000000003,2.0,-6.380167908499817,10.33809295124826,-6.380167908499817,10.33809295124826,4.098554782026173,1.6090966655659185,0.2614909621898488
6447.0,257.88,2.0,-6.4324509189581764,10.305064802926745,-6.4324509189581764,10.305064802926745,4.115853167110631,1.6090966655659185,0.2614909621898488
6448.0,257.92,2.0,-6.487374282955594,10.276042480008165,-6.487374282955594,10.276042480008165,4.1331515521950895,1.6090966655659185,0.2614909621898488
6449.0,257.96,2.0,-6.544808378992803,10.251109586896426,-6.544808378992803,10.251109586896426,4.150449937279548,1.6090966655659185,0.2614909621898488
6450.0,258.0,2.0,-6.6046212343691835,10.230345978773359,-6.6046212343691835,10.230345978773359,4.167748322364006,1.6090966655659185,0.2614909621898488
6451.0,258.04,2.0,-6.666678630964839,10.213827697237347,-6.666678630964839,10.213827697237347,4.185046707448466,1.6090966655659185,0.2614909621898488
6452.0,258.08,2.0,-6.730844212771996,10.201626908908278,-6.730844212771996,10.201626908908278,4.202345092532924,1.6090966655659185,0.2614909621898488
6453.0,258.12,2.0,-6.796979595092656,10.193811847046256,-6.796979595092656,10.193811847046256,4.219643477617382,1.6090966655659185,0.2614909621898488
6454.0,258.16,2.0,-6.864944475318178,10.190446756229196,-6.864944475318178,10.190446756229196,4.23694186270184,1.6090966655659185,0.2614909621898488
6455.0,258.2,2.0,-6.93459674520526,10.191591840132045,-6.93459674520526,10.191591840132045,4.2542402477862975,1.6090966655659185,0.2614909621898488
6456.0,258.24,2.0,-7.005792604561604,10.197303212447983,-7.005792604561604,10.197303212447983,4.271538632870756,1.6090966655659185,0.2614909621898488
6457.0,258.28000000000003,2.0,-7.0783866762534915,10.207632850989551,-7.0783866762534915,10.207632850989551,4.288837017955215,1.6090966655659185,0.2614909621898488
6458.0,258.32,2.0,-7.152232122446447,10.222628555005212,-7.152232122446447,10.222628555005212,4.306135403039674,1.6090966655659185,0.2614909621898488
6459.0,258.36,2.0,-7.227180761989258,10.242333905744303,-7.227180761989258,10.242333905744303,4.323433788124133,1.6090966655659185,0.2614909621898488
6460.0,258.4,2.0,-7.303083188850687,10.266788230300957,-7.303083188850687,10.266788230300957,4.340732173208591,1.6090966655659185,0.2614909621898488
6461.0,258.44,2.0,-7.37978889151744,10.296026568764887,-7.37978889151744,10.296026568764887,4.3580305582930485,1.6090966655659185,0.2614909621898488
6462.0,258.48,2.0,-7.457146373261196,10.33007964470455,-7.457146373261196,10.33007964470455,4.375328943377506,1.6090966655659185,0.2614909621898488
6463.0,258.52,2.0,-7.535003273181841,10.368973839005463,-7.535003273181841,10.368973839005463,4.392627328461964,1.6090966655659185,0.2614909621898488
6464.0,258.56,2.0,-7.613206487933435,10.412731167084015,-7.613206487933435,10.412731167084015,4.409925713546423,1.6090966655659185,0.2614909621898488
6465.0,258.6,2.0,-7.691602294038927,10.461369259494402,-7.691602294038927,10.461369259494402,4.427224098630882,1.6090966655659185,0.2614909621898488
6466.0,258.64,2.0,-7.770036470699189,10.51490134594377,-7.770036470699189,10.51490134594377,4.444522483715341,1.6090966655659185,0.2614909621898488
6467.0,258.68,2.0,-7.848354423001531,10.57333624272795,-7.848354423001531,10.57333624272795,4.4618208687997996,1.6090966655659185,0.2614909621898488
6468.0,258.72,2.0,-7.926401305432563,10.636678343597637,-7.926401305432563,10.636678343597637,4.479119253884257,1.6090966655659185,0.2614909621898488
6469.0,258.76,2.0,-8.00402214560005,10.70492761406212,-8.00402214560005,10.70492761406212,4.496417638968715,1.6090966655659185,0.2614909621898488
6470.0,258.8,2.0,-8.08106196806822,10.778079589135046,-8.08106196806822,10.778079589135046,4.513716024053174,1.6090966655659185,0.2614909621898488
6471.0,258.84000000000003,2.0,-8.15736591821091,10.85612537452411,-8.15736591821091,10.85612537452411,4.531014409137631,1.6090966655659185,0.2614909621898488
6472.0,258.88,2.0,-8.232779385986927,10.939051651263819,-8.232779385986927,10.939051651263819,4.54831279422209,1.6090966655659185,0.2614909621898488
6473.0,258.92,2.0,-8.307148129542023,11.02684068378788,-8.307148129542023,11.02684068378788,4.565611179306549,1.6090966655659185,0.2614909621898488
6474.0,258.96,2.0,-8.380318398542096,11.119470331435105,-8.380318398542096,11.119470331435105,4.582909564391008,1.6090966655659185,0.2614909621898488
6475.0,259.0,2.0,-8.45213705714232,11.216914063380031,-8.45213705714232,11.216914063380031,4.600207949475466,1.6090966655659185,0.2614909621898488
6476.0,259.04,2.0,-8.522451706497302,11.319140976976902,-8.522451706497302,11.319140976976902,4.617506334559924,1.6090966655659185,0.2614909621898488
6477.0,259.08,2.0,-8.591110806717642,11.426115819502948,-8.591110806717642,11.426115819502948,4.634804719644382,1.6090966655659185,0.2614909621898488
6478.0,259.12,2.0,-8.657963798178729,11.537799013284296,-8.657963798178729,11.537799013284296,4.65210310472884,1.6090966655659185,0.2614909621898488
6479.0,259.16,2.0,-8.722861222088074,11.654146684185289,-8.722861222088074,11.654146684185289,4.669401489813298,1.6090966655659185,0.2614909621898488
6480.0,259.2,2.0,-8.78565484021812,11.775110693439306,-8.78565484021812,11.775110693439306,4.686699874897757,1.6090966655659185,0.2614909621898488
6481.0,259.24,2.0,-8.846197753712026,11.900638672796696,-8.846197753712026,11.900638672796696,4.703998259982216,1.6090966655659185,0.2614909621898488
6482.0,259.28000000000003,2.0,-8.90434452087068,12.030674062962811,-8.90434452087068,12.030674062962811,4.7212966450666745,1.6090966655659185,0.2614909621898488
6483.0,259.32,2.0,-8.959951273829995,12.165156155296621,-8.959951273829995,12.165156155296621,4.738595030151133,1.6090966655659185,0.2614909621898488
6484.0,259.36,2.0,-9.012875834038367,12.304020136737863,-9.012875834038367,12.304020136737863,4.755893415235591,1.6090966655659185,0.2614909621898488
6485.0,259.4,2.0,-9.062977826445096,12.44719713792821,-9.062977826445096,12.44719713792821,4.773191800320049,1.6090966655659185,0.2614909621898488
6486.0,259.44,2.0,-9.110118792311585,12.594614284489467,-9.110118792311585,12.594614284489467,4.790490185404507,1.6090966655659185,0.2614909621898488
6487.0,259.48,2.0,-9.154162300558209,12.746194751419345,-9.154162300558209,12.746194751419345,4.807788570488965,1.6090966655659185,0.2614909621898488
6488.0,259.52,2.0,-9.194974057560774,12.901857820563038,-9.194974057560774,12.901857820563038,4.825086955573424,1.6090966655659185,0.2614909621898488
6489.0,259.56,2.0,-9.23242201531185,13.06151894111633,-9.23242201531185,13.06151894111633,4.8423853406578825,1.6090966655659185,0.2614909621898488
6490.0,259.6,2.0,-9.266376477863345,13.225089793113773,-9.266376477863345,13.225089793113773,4.859683725742341,1.6090966655659185,0.2614909621898488
6491.0,259.64,2.0,-9.296710205968132,13.39247835385305,-9.296710205968132,13.39247835385305,4.8769821108268,1.6090966655659185,0.2614909621898488
6492.0,259.68,2.0,-9.323298519839877,13.56358896720442,-9.323298519839877,13.56358896720442,4.894280495911258,1.6090966655659185,0.2614909621898488
6493.0,259.72,2.0,-9.346019399951665,13.738322415751961,-9.346019399951665,13.738322415751961,4.911578880995716,1.6090966655659185,0.2614909621898488
6494.0,259.76,2.0,-9.364753585795558,13.916575995711032,-9.364753585795558,13.916575995711032,4.928877266080175,1.6090966655659185,0.2614909621898488
6495.0,259.8,2.0,-9.379384672526765,14.098243594564405,-9.379384672526765,14.098243594564405,4.946175651164632,1.6090966655659185,0.2614909621898488
6496.0,259.84000000000003,2.0,-9.38979920541773,14.283215771357215,-9.38979920541773,14.283215771357215,4.963474036249091,1.6090966655659185,0.2614909621898488
6497.0,259.88,2.0,-9.395886772049169,14.471379839589,-9.395886772049169,14.471379839589,4.980772421333549,1.6090966655659185,0.2614909621898488
6498.0,259.92,2.0,-9.39754009216676,14.662619952639,-9.39754009216676,14.662619952639,4.998070806418008,1.6090966655659185,0.2614909621898488
6499.0,259.96,2.0,-9.394655105134099,14.856817191659015,-9.394655105134099,14.856817191659015,5.015369191502467,1.6090966655659185,0.2614909621898488
6500.0,260.0,2.0,-9.387131054914233,15.053849655866077,-9.387131054914233,15.053849655866077,5.032667576586924,1.6090966655659185,0.2614909621898488
6501.0,260.04,2.0,-9.374870572514148,15.25359255516552,-9.374870572514148,15.25359255516552,5.049965961671383,1.6090966655659185,0.2614909621898488
6502.0,260.08,2.0,-9.35777975582841,15.455918305033105,-9.35777975582841,15.455918305033105,5.067264346755842,1.6090966655659185,0.2614909621898488
6503.0,260.12,2.0,-9.335768246820269,15.660696623583146,-9.335768246820269,15.660696623583146,5.0845627318402995,1.6090966655659185,0.2614909621898488
6504.0,260.16,2.0,-9.30874930598047,15.867794630747962,-9.30874930598047,15.867794630747962,5.101861116924757,1.6090966655659185,0.2614909621898488
6505.0,260.2,2.0,-9.276639884006253,16.077076949492202,-9.276639884006253,16.077076949492202,5.119159502009216,1.6090966655659185,0.2614909621898488
6506.0,260.24,2.0,-9.239360690645018,16.28840580898423,-9.239360690645018,16.28840580898423,5.136457887093675,1.6090966655659185,0.2614909621898488
6507.0,260.28000000000003,2.0,-9.196836260649448,16.50164114964503,-9.196836260649448,16.50164114964503,5.153756272178134,1.6090966655659185,0.2614909621898488
6508.0,260.32,2.0,-9.148995016792984,16.71664072999385,-9.148995016792984,16.71664072999385,5.171054657262591,1.6090966655659185,0.2614909621898488
6509.0,260.36,2.0,-9.095769329896948,16.933260235208166,-9.095769329896948,16.933260235208166,5.18835304234705,1.6090966655659185,0.2614909621898488
6510.0,260.4,2.0,-9.037095575822757,17.151353387314593,-9.037095575822757,17.151353387314593,5.2056514274315075,1.6090966655659185,0.2614909621898488
6511.0,260.44,2.0,-8.972914189385161,17.37077205692564,-8.972914189385161,17.37077205692564,5.222949812515966,1.6090966655659185,0.2614909621898488
6512.0,260.48,2.0,-8.903169715144687,17.59136637643646,-8.903169715144687,17.59136637643646,5.240248197600424,1.6090966655659185,0.2614909621898488
6513.0,260.52,2.0,-8.827810855039953,17.812984854594347,-8.827810855039953,17.812984854594347,5.257546582684883,1.6090966655659185,0.2614909621898488
6514.0,260.56,2.0,-8.746790512822917,18.035474492352744,-8.746790512822917,18.035474492352744,5.274844967769342,1.6090966655659185,0.2614909621898488
6515.0,260.6,2.0,-8.660065835262591,18.25868089992057,-8.660065835262591,18.25868089992057,5.292143352853801,1.6090966655659185,0.2614909621898488
6516.0,260.64,2.0,-8.56759825008525,18.482448414916696,-8.56759825008525,18.482448414916696,5.309441737938259,1.6090966655659185,0.2614909621898488
6517.0,260.68,2.0,-8.469353500621677,18.7066202215386,-8.469353500621677,18.7066202215386,5.3267401230227165,1.6090966655659185,0.2614909621898488
6518.0,260.72,2.0,-8.365301677134514,18.931038470653412,-8.365301677134514,18.931038470653412,5.344038508107175,1.6090966655659185,0.2614909621898488
6519.0,260.76,2.0,-8.255417244801347,19.155544400718846,-8.255417244801347,19.155544400718846,5.361336893191633,1.6090966655659185,0.2614909621898488
6520.0,260.8,2.0,-8.139679068331736,19.379978459440903,-8.139679068331736,19.379978459440903,5.378635278276092,1.6090966655659185,0.2614909621898488
6521.0,260.84000000000003,2.0,-8.018070433199028,19.60418042607463,-8.018070433199028,19.60418042607463,5.39593366336055,1.6090966655659185,0.2614909621898488
6522.0,260.88,2.0,-7.890579063470291,19.827989534273776,-7.890579063470291,19.827989534273776,5.413232048445009,1.6090966655659185,0.2614909621898488
6523.0,260.92,2.0,-7.757197136220455,20.051244595394632,-7.757197136220455,20.051244595394632,5.430530433529467,1.6090966655659185,0.2614909621898488
6524.0,260.96,2.0,-7.617921292519329,20.273784122159206,-7.617921292519329,20.273784122159206,5.447828818613925,1.6090966655659185,0.2614909621898488
6525.0,261.0,2.0,-7.47275264498275,20.49544645258236,-7.47275264498275,20.49544645258236,5.465127203698383,1.6090966655659185,0.2614909621898488
6526.0,261.04,2.0,-7.3216967818818475,20.71606987406755,-7.3216967818818475,20.71606987406755,5.482425588782842,1.6090966655659185,0.2614909621898488
6527.0,261.08,2.0,-7.1647637678070355,20.935492747575477,-7.1647637678070355,20.935492747575477,5.4997239738673,1.6090966655659185,0.2614909621898488
6528.0,261.12,2.0,-7.001968141337258,21.153552545551634,-7.001968141337258,21.153552545551634,5.359946408951759,1.6090966655659185,0.2614909621898488
6529.0,261.16,2.0,-6.833328915339497,21.370088148419466,-6.833328915339497,21.370088148419466,5.220168844036217,1.6090966655659185,0.2614909621898488
6530.0,261.2,2.0,-6.658869560325679,21.584938882198056,-6.658869560325679,21.584938882198056,5.080391279120676,1.6090966655659185,0.2614909621898488
6531.0,261.24,2.0,-6.478617991354246,21.79794464200672,-6.478617991354246,21.79794464200672,4.940613714205133,1.6090966655659185,0.2614909621898488
6532.0,261.28000000000003,2.0,-6.292606551509238,22.008946015165257,-6.292606551509238,22.008946015165257,4.800836149289593,1.6090966655659185,0.2614909621898488
6533.0,261.32,2.0,-6.100871991969404,22.217784403794994,-6.100871991969404,22.217784403794994,4.661058584374051,1.6090966655659185,0.2614909621898488
6534.0,261.36,2.0,-5.903455448682424,22.424302146826168,-5.903455448682424,22.424302146826168,4.521281019458509,1.6090966655659185,0.2614909621898488
6535.0,261.4,2.0,-5.700402415662014,22.62834264131765,-5.700402415662014,22.62834264131765,4.381503454542967,1.6090966655659185,0.2614909621898488
6536.0,261.44,2.0,-5.49176271492824,22.8297504629956,-5.49176271492824,22.8297504629956,4.241725889627426,1.6090966655659185,0.2614909621898488
6537.0,261.48,2.0,-5.2775904631139685,23.028371485918104,-5.2775904631139685,23.028371485918104,4.101948324711883,1.6090966655659185,0.2614909621898488
6538.0,261.52,2.0,-5.057944034762954,23.224053001173644,-5.057944034762954,23.224053001173644,3.9621707597963423,1.6090966655659185,0.2614909621898488
6539.0,261.56,2.0,-4.832886022347591,23.416643834521995,-4.832886022347591,23.416643834521995,3.8223931948808003,1.6090966655659185,0.2614909621898488
6540.0,261.6,2.0,-4.602483193036928,23.605994462886805,-4.602483193036928,23.605994462886805,3.682615629965259,1.6090966655659185,0.2614909621898488
6541.0,261.64,2.0,-4.366806442247993,23.79195712961022,-4.366806442247993,23.79195712961022,3.5428380650497173,1.6090966655659185,0.2614909621898488
6542.0,261.68,2.0,-4.1259307440159985,23.97438595838067,-4.1259307440159985,23.97438595838067,3.4030605001341754,1.6090966655659185,0.2614909621898488
6543.0,261.72,2.0,-3.8799350982214262,24.153137065746044,-3.8799350982214262,24.153137065746044,3.2632829352186343,1.6090966655659185,0.2614909621898488
6544.0,261.76,2.0,-3.6289024747144167,24.328068672125664,-3.6289024747144167,24.328068672125664,3.123505370303092,1.6090966655659185,0.2614909621898488
6545.0,261.8,2.0,-3.372919754379283,24.49904121123532,-3.372919754379283,24.49904121123532,2.9837278053875504,1.6090966655659185,0.2614909621898488
6546.0,261.84000000000003,2.0,-3.1120776671843124,24.665917437841273,-3.1120776671843124,24.665917437841273,2.843950240472009,1.6090966655659185,0.2614909621898488
6547.0,261.88,2.0,-2.8464707272643768,24.828562533760042,-2.8464707272643768,24.828562533760042,2.704172675556467,1.6090966655659185,0.2614909621898488
6548.0,261.92,2.0,-2.576197164634789,24.986845298240844,-2.576197164634789,24.986845298240844,2.7214710606409254,1.6090966655659185,0.2614909621898488
6549.0,261.96,2.0,-2.3013588479654077,25.14063607774793,-2.3013588479654077,25.14063607774793,2.738769445725384,1.6090966655659185,0.2614909621898488
6550.0,262.0,2.0,-2.0220612180466278,25.289807952409703,-2.0220612180466278,25.289807952409703,2.7560678308098425,1.6090966655659185,0.2614909621898488
6551.0,262.04,2.0,-1.738413211523603,25.434236834199474,-1.738413211523603,25.434236834199474,2.7733662158943004,1.6090966655659185,0.2614909621898488
6552.0,262.08,2.0,-1.4505271819342491,25.573801562968406,-1.4505271819342491,25.573801562968406,2.790664600978759,1.6090966655659185,0.2614909621898488
6553.0,262.12,2.0,-1.158518818111627,25.708384000256594,-1.158518818111627,25.708384000256594,2.8079629860632176,1.6090966655659185,0.2614909621898488
6554.0,262.16,2.0,-0.8625070600133432,25.837869120810048,-0.8625070600133432,25.837869120810048,2.825261371147676,1.6090966655659185,0.2614909621898488
6555.0,262.2,2.0,-0.5626140120425814,25.96214510173298,-0.5626140120425814,25.96214510173298,2.842559756232134,1.6090966655659185,0.2614909621898488
6556.0,262.24,2.0,-0.25896485392732443,26.081103409206708,-0.25896485392732443,26.081103409206708,2.859858141316592,1.6090966655659185,0.2614909621898488
6557.0,262.28000000000003,2.0,0.04831225077381185,26.194638882708382,0.04831225077381185,26.194638882708382,2.877156526401051,1.6090966655659185,0.2614909621898488
6558.0,262.32,2.0,0.3590862484688633,26.302649816664495,0.3590862484688633,26.302649816664495,2.8944549114855094,1.6090966655659185,0.2614909621898488
6559.0,262.36,2.0,0.6732232915608902,26.40503803947642,0.6732232915608902,26.40503803947642,2.9117532965699673,1.6090966655659185,0.2614909621898488
6560.0,262.4,2.0,0.9905868366336815,26.501708989856837,0.9905868366336815,26.501708989856837,2.9290516816544256,1.6090966655659185,0.2614909621898488
6561.0,262.44,2.0,1.3110377447193737,26.592571790418457,1.3110377447193737,26.592571790418457,2.9463500667388844,1.6090966655659185,0.2614909621898488
6562.0,262.48,2.0,1.6344343835709634,26.67753931845803,1.6344343835709634,26.67753931845803,2.963648451823343,1.6090966655659185,0.2614909621898488
6563.0,262.52,2.0,1.9606327318611474,26.756528273881344,1.9606327318611474,26.756528273881344,2.980946836907801,1.6090966655659185,0.2614909621898488
6564.0,262.56,2.0,2.2894864852274375,26.8294592442166,2.2894864852274375,26.8294592442166,2.9982452219922595,1.6090966655659185,0.2614909621898488
6565.0,262.6,2.0,2.6208471640820816,26.89625676666621,2.6208471640820816,26.89625676666621,3.015543607076718,1.6090966655659185,0.2614909621898488
6566.0,262.64,2.0,2.954564223103954,26.9568493871491,2.954564223103954,26.9568493871491,3.0328419921611762,1.6090966655659185,0.2614909621898488
6567.0,262.68,2.0,3.290485162328281,27.011169716287963,3.290485162328281,27.011169716287963,3.0501403772456346,1.6090966655659185,0.2614909621898488
6568.0,262.72,2.0,3.628455639748855,27.059154482298304,3.628455639748855,27.059154482298304,3.0674387623300925,1.6090966655659185,0.2614909621898488
6569.0,262.76,2.0,3.9683195853461948,27.100744580738542,3.9683195853461948,27.100744580738542,3.0847371474145513,1.6090966655659185,0.2614909621898488
6570.0,262.8,2.0,4.309919316454032,27.135885121082662,4.309919316454032,27.135885121082662,3.1020355324990097,1.6090966655659185,0.2614909621898488
6571.0,262.84000000000003,2.0,4.653095654375477,27.16452547007964,4.653095654375477,27.16452547007964,3.1193339175834676,1.6090966655659185,0.2614909621898488
6572.0,262.88,2.0,4.997688042159227,27.18661929186603,4.997688042159227,27.18661929186603,2.979556352667926,1.6090966655659185,0.2614909621898488
6573.0,262.92,2.0,5.343534636253669,27.202123024756258,5.343534636253669,27.202123024756258,2.839778787752384,1.6090966655659185,0.2614909621898488
6574.0,262.96,2.0,5.690472437426395,27.210999036216304,5.690472437426395,27.210999036216304,2.7000012228368426,1.6090966655659185,0.2614909621898488
6575.0,263.0,2.0,6.038337427624622,27.213214092861023,6.038337427624622,27.213214092861023,2.560223657921301,1.6090966655659185,0.2614909621898488
6576.0,263.04,2.0,6.386964691511895,27.20873938729352,6.386964691511895,27.20873938729352,2.4204460930057596,1.6090966655659185,0.2614909621898488
6577.0,263.08,2.0,6.736188538704637,27.19755056156754,6.736188538704637,27.19755056156754,2.2806685280902177,1.6090966655659185,0.2614909621898488
6578.0,263.12,2.0,7.085842626614644,27.179627727254662,7.085842626614644,27.179627727254662,2.1408909631746758,1.6090966655659185,0.2614909621898488
6579.0,263.16,2.0,7.43576008380307,27.154955482100814,7.43576008380307,27.154955482100814,2.0011133982591343,1.6090966655659185,0.2614909621898488
6580.0,263.2,2.0,7.785773633751108,27.12352292325927,7.785773633751108,27.12352292325927,1.861335833343593,1.6090966655659185,0.2614909621898488
6581.0,263.24,2.0,8.135715718952213,27.08532365708971,8.135715718952213,27.08532365708971,1.7215582684280513,1.6090966655659185,0.2614909621898488
6582.0,263.28000000000003,2.0,8.4854186252305,27.04035580551593,8.4854186252305,27.04035580551593,1.5817807035125093,1.6090966655659185,0.2614909621898488
6583.0,263.32,2.0,8.834714606189753,26.988622008937096,8.834714606189753,26.988622008937096,1.4420031385969678,1.6090966655659185,0.2614909621898488
6584.0,263.36,2.0,9.183436007697377,26.93012942569025,9.183436007697377,26.93012942569025,1.3022255736814263,1.6090966655659185,0.2614909621898488
6585.0,263.4,2.0,9.53141539230763,26.864889728064504,9.53141539230763,26.864889728064504,1.1624480087658846,1.6090966655659185,0.2614909621898488
6586.0,263.44,2.0,9.878485663528437,26.792919094869735,9.878485663528437,26.792919094869735,1.022670443850343,1.6090966655659185,0.2614909621898488
6587.0,263.48,2.0,10.224480189836356,26.71423820056568,10.224480189836356,26.71423820056568,0.8828928789348014,1.6090966655659185,0.2614909621898488
6588.0,263.52,2.0,10.56923292834428,26.628872200959528,10.56923292834428,26.628872200959528,0.7431153140192598,1.6090966655659185,0.2614909621898488
6589.0,263.56,2.0,10.912578548026861,26.53685071548302,10.912578548026861,26.53685071548302,0.6033377491037182,1.6090966655659185,0.2614909621898488
6590.0,263.6,2.0,11.254352552408943,26.438207806062678,11.254352552408943,26.438207806062678,0.46356018418817646,1.6090966655659185,0.2614909621898488
6591.0,263.64,2.0,11.594391401622648,26.332981952599294,11.594391401622648,26.332981952599294,0.32378261927263485,1.6090966655659185,0.2614909621898488
6592.0,263.68,2.0,11.932532633739374,26.221216025075563,11.932532633739374,26.221216025075563,0.34108100435709326,1.6090966655659185,0.2614909621898488
6593.0,263.72,2.0,12.268615012474985,26.10295881235779,12.268615012474985,26.10295881235779,0.3583793894415516,1.6090966655659185,0.2614909621898488
6594.0,263.76,2.0,12.6024786356968,25.978261866181647,12.6024786356968,25.978261866181647,0.3756777745260101,1.6090966655659185,0.2614909621898488
6595.0,263.8,2.0,12.933965037872795,25.847181023482136,12.933965037872795,25.847181023482136,0.39297615961046845,1.6090966655659185,0.2614909621898488
6596.0,263.84000000000003,2.0,13.262917307543749,25.709776365255454,13.262917307543749,25.709776365255454,0.41027454469492686,1.6090966655659185,0.2614909621898488
6597.0,263.88,2.0,13.589180203611022,25.56611217218238,13.589180203611022,25.56611217218238,0.42757292977938527,1.6090966655659185,0.2614909621898488
6598.0,263.92,2.0,13.91260027035058,25.41625687704751,13.91260027035058,25.41625687704751,0.4448713148638436,1.6090966655659185,0.2614909621898488
6599.0,263.96,2.0,14.23302595106488,25.260283013990808,14.23302595106488,25.260283013990808,0.462169699948302,1.6090966655659185,0.2614909621898488
6600.0,264.0,2.0,14.550307700285234,25.098267164630524,14.550307700285234,25.098267164630524,0.47946808503276045,1.6090966655659185,0.2614909621898488
6601.0,264.04,2.0,14.864298094438468,24.930289901098842,14.864298094438468,24.930289901098842,0.4967664701172188,1.6090966655659185,0.2614909621898488
6602.0,264.08,2.0,15.174851940892768,24.75643572603411,15.174851940892768,24.75643572603411,0.5140648552016772,1.6090966655659185,0.2614909621898488
6603.0,264.12,2.0,15.481826385298964,24.57679300957576,15.481826385298964,24.57679300957576,0.5313632402861356,1.6090966655659185,0.2614909621898488
6604.0,264.16,2.0,15.785081017144723,24.39145392341035,15.785081017144723,24.39145392341035,0.548661625370594,1.6090966655659185,0.2614909621898488
6605.0,264.2,2.0,16.08447797344055,24.200514371919496,16.08447797344055,24.200514371919496,0.5659600104550524,1.6090966655659185,0.2614909621898488
6606.0,264.24,2.0,16.379882040457915,24.00407392048254,16.379882040457915,24.00407392048254,0.5832583955395109,1.6090966655659185,0.2614909621898488
6607.0,264.28000000000003,2.0,16.671160753441367,23.802235720989238,16.671160753441367,23.802235720989238,0.6005567806239692,1.6090966655659185,0.2614909621898488
6608.0,264.32,2.0,16.958184494217953,23.595106434619574,16.958184494217953,23.595106434619574,0.6178551657084277,1.6090966655659185,0.2614909621898488
6609.0,264.36,2.0,17.24082658662899,23.382796151950288,17.24082658662899,23.382796151950288,0.635153550792886,1.6090966655659185,0.2614909621898488
6610.0,264.4,2.0,17.5189633897109,23.165418310449375,17.5189633897109,23.165418310449375,0.6524519358773444,1.6090966655659185,0.2614909621898488
6611.0,264.44,2.0,17.792474388553423,22.943089609422152,17.792474388553423,22.943089609422152,0.6697503209618029,1.6090966655659185,0.2614909621898488
6612.0,264.48,2.0,18.06124228276553,22.715929922474245,18.06124228276553,22.715929922474245,0.6870487060462612,1.6090966655659185,0.2614909621898488
6613.0,264.52,2.0,18.32515307248101,22.484062207558868,18.32515307248101,22.484062207558868,0.7043470911307197,1.6090966655659185,0.2614909621898488
6614.0,264.56,2.0,18.58409614183769,22.247612414677526,18.58409614183769,22.247612414677526,0.721645476215178,1.6090966655659185,0.2614909621898488
6615.0,264.6,2.0,18.83796433986614,22.00670939130523,18.83796433986614,22.00670939130523,0.7389438612996364,1.6090966655659185,0.2614909621898488
6616.0,264.64,2.0,19.086654058725838,21.761484785612897,19.086654058725838,21.761484785612897,0.7562422463840949,1.6090966655659185,0.2614909621898488
6617.0,264.68,2.0,19.330065309228605,21.51207294756139,19.330065309228605,21.51207294756139,0.7735406314685532,1.6090966655659185,0.2614909621898488
6618.0,264.72,2.0,19.568101793591403,21.258610827943354,19.568101793591403,21.258610827943354,0.7908390165530116,1.6090966655659185,0.2614909621898488
6619.0,264.76,2.0,19.800670975362625,21.001237875450432,19.800670975362625,21.001237875450432,0.8081374016374699,1.6090966655659185,0.2614909621898488
6620.0,264.8,2.0,20.027684146468154,20.740095931845055,20.027684146468154,20.740095931845055,0.8254357867219284,1.6090966655659185,0.2614909621898488
6621.0,264.84000000000003,2.0,20.24905649132583,20.475329125317522,20.24905649132583,20.475329125317522,0.8427341718063868,1.6090966655659185,0.2614909621898488
6622.0,264.88,2.0,20.46470714797902,20.207083762110305,20.46470714797902,20.207083762110305,0.8600325568908451,1.6090966655659185,0.2614909621898488
6623.0,264.92,2.0,20.67455926620245,19.935508216493037,20.67455926620245,19.935508216493037,0.8773309419753034,1.6090966655659185,0.2614909621898488
6624.0,264.96,2.0,20.87854006253574,19.660752819172803,20.87854006253574,19.660752819172803,0.8946293270597618,1.6090966655659185,0.2614909621898488
6625.0,265.0,2.0,21.076580872202364,19.38296974422553,21.076580872202364,19.38296974422553,0.9119277121442201,1.6090966655659185,0.2614909621898488
6626.0,265.04,2.0,21.2686171978743,19.10231289463558,21.2686171978743,19.10231289463558,0.9292260972286785,1.6090966655659185,0.2614909621898488
6627.0,265.08,2.0,21.454588755244963,18.81893778653143,21.454588755244963,18.81893778653143,0.9465244823131369,1.6090966655659185,0.2614909621898488
6628.0,265.12,2.0,21.63443951537551,18.533001432206703,21.63443951537551,18.533001432206703,0.9638228673975954,1.6090966655659185,0.2614909621898488
6629.0,265.16,2.0,21.808117743782052,18.244662222016377,21.808117743782052,18.244662222016377,0.9811212524820536,1.6090966655659185,0.2614909621898488
6630.0,265.2,2.0,21.9755760362339,17.95407980523909,21.9755760362339,17.95407980523909,0.9984196375665121,1.6090966655659185,0.2614909621898488
6631.0,265.24,2.0,22.13677135123542,17.661414969997256,22.13677135123542,17.661414969997256,1.0157180226509703,1.6090966655659185,0.2614909621898488
6632.0,265.28000000000003,2.0,22.291665039166663,17.366829522327244,22.291665039166663,17.366829522327244,1.0330164077354287,1.6090966655659185,0.2614909621898488
6633.0,265.32,2.0,22.440222868060502,17.070486164492785,22.440222868060502,17.070486164492785,1.050314792819887,1.6090966655659185,0.2614909621898488
6634.0,265.36,2.0,22.58241504599664,16.77254837263515,22.58241504599664,16.77254837263515,1.0676131779043456,1.6090966655659185,0.2614909621898488
6635.0,265.4,2.0,22.718216240095366,16.473180273854204,22.718216240095366,16.473180273854204,1.0849115629888035,1.6090966655659185,0.2614909621898488
6636.0,265.44,2.0,22.84760559209666,16.17254652281498,22.84760559209666,16.17254652281498,1.1022099480732621,1.6090966655659185,0.2614909621898488
6637.0,265.48,2.0,22.970566730512765,15.870812177974614,22.970566730512765,15.870812177974614,1.1195083331577205,1.6090966655659185,0.2614909621898488
6638.0,265.52,2.0,23.08708777934516,15.568142577524918,23.08708777934516,15.568142577524918,1.1368067182421788,1.6090966655659185,0.2614909621898488
6639.0,265.56,2.0,23.197161363359236,15.264703215145996,23.197161363359236,15.264703215145996,1.1541051033266372,1.6090966655659185,0.2614909621898488
6640.0,265.6,2.0,23.300784609912974,14.960659615666481,23.300784609912974,14.960659615666481,1.1714034884110955,1.6090966655659185,0.2614909621898488
6641.0,265.64,2.0,23.397959147338227,14.656177210726076,23.397959147338227,14.656177210726076,1.1887018734955537,1.6090966655659185,0.2614909621898488
6642.0,265.68,2.0,23.488691099876167,14.351421214536,23.488691099876167,14.351421214536,1.2060002585800123,1.6090966655659185,0.2614909621898488
6643.0,265.72,2.0,23.57299107917089,14.046556499832956,23.57299107917089,14.046556499832956,1.2232986436644706,1.6090966655659185,0.2614909621898488
6644.0,265.76,2.0,23.65087417232796,13.741747474122002,23.65087417232796,13.741747474122002,1.2405970287489292,1.6090966655659185,0.2614909621898488
6645.0,265.8,2.0,23.722359926547238,13.437157956303537,23.722359926547238,13.437157956303537,1.2578954138333873,1.6090966655659185,0.2614909621898488
6646.0,265.84000000000003,2.0,23.787472330342034,13.132951053779326,23.787472330342034,13.132951053779326,1.275193798917846,1.6090966655659185,0.2614909621898488
6647.0,265.88,2.0,23.846239791359192,12.829289040132059,23.846239791359192,12.829289040132059,1.292492184002304,1.6090966655659185,0.2614909621898488
6648.0,265.92,2.0,23.89869511081742,12.526333233472524,23.89869511081742,12.526333233472524,1.3097905690867624,1.6090966655659185,0.2614909621898488
6649.0,265.96,2.0,23.944875454583688,12.22424387554802,23.944875454583688,12.22424387554802,1.3270889541712207,1.6090966655659185,0.2614909621898488
6650.0,266.0,2.0,23.984822320910162,11.923180011704918,23.984822320910162,11.923180011704918,1.3443873392556793,1.6090966655659185,0.2614909621898488
6651.0,266.04,2.0,24.018581504856723,11.623299371797764,24.018581504856723,11.623299371797764,1.3616857243401372,1.6090966655659185,0.2614909621898488
6652.0,266.08,2.0,24.046203059426595,11.324758252136462,24.046203059426595,11.324758252136462,1.3789841094245958,1.6090966655659185,0.2614909621898488
6653.0,266.12,2.0,24.06774125344527,11.02771139856237,24.06774125344527,11.02771139856237,1.3962824945090542,1.6090966655659185,0.2614909621898488
6654.0,266.16,2.0,24.08325452621528,10.732311890743201,24.08325452621528,10.732311890743201,1.4135808795935125,1.6090966655659185,0.2614909621898488
6655.0,266.2,2.0,24.09280543898195,10.438711027775728,24.09280543898195,10.438711027775728,1.4308792646779709,1.6090966655659185,0.2614909621898488
6656.0,266.24,2.0,24.096460623247708,10.147058215184261,24.096460623247708,10.147058215184261,1.4481776497624292,1.6090966655659185,0.2614909621898488
6657.0,266.28000000000003,2.0,24.09429072597487,9.857500853401785,24.09429072597487,9.857500853401785,1.4654760348468874,1.6090966655659185,0.2614909621898488
6658.0,266.32,2.0,24.086370351719363,9.570184227819528,24.086370351719363,9.570184227819528,1.482774419931346,1.6090966655659185,0.2614909621898488
6659.0,266.36,2.0,24.072778001740097,9.28525140048949,24.072778001740097,9.28525140048949,1.5000728050158043,1.6090966655659185,0.2614909621898488
6660.0,266.4,2.0,24.053596010131006,9.00284310356319,24.053596010131006,9.00284310356319,1.517371190100263,1.6090966655659185,0.2614909621898488
6661.0,266.44,2.0,24.028910477025217,8.723097634548594,24.028910477025217,8.723097634548594,1.534669575184721,1.6090966655659185,0.2614909621898488
6662.0,266.48,2.0,23.998811198922926,8.44615075346572,23.998811198922926,8.44615075346572,1.5519679602691796,1.6090966655659185,0.2614909621898488
6663.0,266.52,2.0,23.963391596196765,8.172135581980003,23.963391596196765,8.172135581980003,1.5692663453536377,1.6090966655659185,0.2614909621898488
6664.0,266.56,2.0,23.92274863783077,7.901182504590939,23.92274863783077,7.901182504590939,1.586564730438096,1.6090966655659185,0.2614909621898488
6665.0,266.6,2.0,23.87698276345103,7.633419071951994,23.87698276345103,7.633419071951994,1.6038631155225545,1.6090966655659185,0.2614909621898488
6666.0,266.64,2.0,23.826197802708187,7.368969906396065,23.826197802708187,7.368969906396065,1.621161500607013,1.6090966655659185,0.2614909621898488
6667.0,266.68,2.0,23.770500892074203,7.107956609739095,23.770500892074203,7.107956609739095,1.638459885691471,1.6090966655659185,0.2614909621898488
6668.0,266.72,2.0,23.7100023891175,6.850497673432737,23.7100023891175,6.850497673432737,1.6557582707759295,1.6090966655659185,0.2614909621898488
6669.0,266.76,2.0,23.644815784322724,6.596708391135069,23.644815784322724,6.596708391135069,1.6730566558603879,1.6090966655659185,0.2614909621898488
6670.0,266.8,2.0,23.57505761052325,6.346700773766557,23.57505761052325,6.346700773766557,1.6903550409448465,1.6090966655659185,0.2614909621898488
6671.0,266.84000000000003,2.0,23.500847350016308,6.100583467116545,23.500847350016308,6.100583467116545,1.7076534260293044,1.6090966655659185,0.2614909621898488
6672.0,266.88,2.0,23.42230733943247,5.85846167206353,23.42230733943247,5.85846167206353,1.724951811113763,1.6090966655659185,0.2614909621898488
6673.0,266.92,2.0,23.33956267243289,5.620437067470563,23.33956267243289,5.620437067470563,1.7422501961982213,1.6090966655659185,0.2614909621898488
6674.0,266.96,2.0,23.252741100309485,5.3866077358149305,23.252741100309485,5.3866077358149305,1.7595485812826799,1.6090966655659185,0.2614909621898488
6675.0,267.0,2.0,23.16197293056469,5.157068091609288,23.16197293056469,5.157068091609288,1.7768469663671378,1.6090966655659185,0.2614909621898488
6676.0,267.04,2.0,23.06739092354914,4.931908812669179,23.06739092354914,4.931908812669179,1.7941453514515964,1.6090966655659185,0.2614909621898488
6677.0,267.08,2.0,22.969130187237035,4.711216774279701,22.969130187237035,4.711216774279701,1.8114437365360547,1.6090966655659185,0.2614909621898488
6678.0,267.12,2.0,22.867328070220346,4.49507498631188,22.867328070220346,4.49507498631188,1.8287421216205133,1.6090966655659185,0.2614909621898488
6679.0,267.16,2.0,22.76212405300455,4.283562533336984,22.76212405300455,4.283562533336984,1.8460405067049717,1.6090966655659185,0.2614909621898488
6680.0,267.2,2.0,22.65365963768963,4.076754517784738,22.65365963768963,4.076754517784738,1.8633388917894298,1.6090966655659185,0.2614909621898488
6681.0,267.24,2.0,22.542078236121643,3.874722006189053,22.542078236121643,3.874722006189053,1.8806372768738882,1.6090966655659185,0.2614909621898488
6682.0,267.28000000000003,2.0,22.427525056601013,3.677531978562466,22.427525056601013,3.677531978562466,1.8979356619583467,1.6090966655659185,0.2614909621898488
6683.0,267.32,2.0,22.31014698923505,3.48524728093813,22.31014698923505,3.48524728093813,1.915234047042805,1.6090966655659185,0.2614909621898488
6684.0,267.36,2.0,22.190092490023147,3.2979265811157115,22.190092490023147,3.2979265811157115,1.9325324321272634,1.6090966655659185,0.2614909621898488
6685.0,267.4,2.0,22.067511463764035,3.1156243276450906,22.067511463764035,3.1156243276450906,1.9498308172117216,1.6090966655659185,0.2614909621898488
6686.0,267.44,2.0,21.94255514587553,2.9383907120792867,21.94255514587553,2.9383907120792867,1.9671292022961802,1.6090966655659185,0.2614909621898488
6687.0,267.48,2.0,21.81537598321787,2.76627163452548,21.81537598321787,2.76627163452548,1.9844275873806385,1.6090966655659185,0.2614909621898488
6688.0,267.52,2.0,21.686127514012632,2.5993086725204777,21.686127514012632,2.5993086725204777,2.0017259724650964,1.6090966655659185,0.2614909621898488
6689.0,267.56,2.0,21.554964246949844,2.4375390532544143,21.554964246949844,2.4375390532544143,2.0190243575495552,1.6090966655659185,0.2614909621898488
6690.0,267.6,2.0,21.422041539576572,2.280995629163873,21.422041539576572,2.280995629163873,2.036322742634013,1.6090966655659185,0.2614909621898488
6691.0,267.64,2.0,21.2875154760608,2.129706856913047,21.2875154760608,2.129706856913047,2.053621127718472,1.6090966655659185,0.2614909621898488
6692.0,267.68,2.0,21.15154274442491,1.9836967797789207,21.15154274442491,1.9836967797789207,2.07091951280293,1.6090966655659185,0.2614909621898488
6693.0,267.72,2.0,21.014280513343373,1.8429850134538603,21.014280513343373,1.8429850134538603,2.0882178978873887,1.6090966655659185,0.2614909621898488
6694.0,267.76,2.0,20.87588630859988,1.7075867352763197,20.87588630859988,1.7075867352763197,2.1055162829718466,1.6090966655659185,0.2614909621898488
6695.0,267.8,2.0,20.73651788929903,1.5775126768977892,20.73651788929903,1.5775126768977892,2.122814668056305,1.6090966655659185,0.2614909621898488
6696.0,267.84000000000003,2.0,20.596333123928105,1.452769120391409,20.596333123928105,1.452769120391409,2.1401130531407633,1.6090966655659185,0.2614909621898488
6697.0,267.88,2.0,20.455489866364637,1.3333578978050509,20.455489866364637,1.3333578978050509,2.1574114382252216,1.6090966655659185,0.2614909621898488
6698.0,267.92,2.0,20.314145831925266,1.219276394159006,20.314145831925266,1.219276394159006,2.17470982330968,1.6090966655659185,0.2614909621898488
6699.0,267.96,2.0,20.172458473551593,1.1105175538857615,20.172458473551593,1.1105175538857615,2.1920082083941383,1.6090966655659185,0.2614909621898488
6700.0,268.0,2.0,20.030584858228483,1.0070698907066982,20.030584858228483,1.0070698907066982,2.2093065934785967,1.6090966655659185,0.2614909621898488
6701.0,268.04,2.0,19.888681543730144,0.9089175009378924,19.888681543730144,0.9089175009378924,2.2266049785630555,1.6090966655659185,0.2614909621898488
6702.0,268.08,2.0,19.746904455789103,0.8160400802145604,19.746904455789103,0.8160400802145604,2.243903363647514,1.6090966655659185,0.2614909621898488
6703.0,268.12,2.0,19.60540876578271,0.728412943621054,19.60540876578271,0.728412943621054,2.2612017487319718,1.6090966655659185,0.2614909621898488
6704.0,268.16,2.0,19.464348769031616,0.6460070492106837,19.464348769031616,0.6460070492106837,2.27850013381643,1.6090966655659185,0.2614909621898488
6705.0,268.2,2.0,19.32387776380405,0.5687890248970423,19.32387776380405,0.5687890248970423,2.295798518900889,1.6090966655659185,0.2614909621898488
6706.0,268.24,2.0,19.18414793111917,0.49672119869589615,19.18414793111917,0.49672119869589615,2.3130969039853473,1.6090966655659185,0.2614909621898488
6707.0,268.28000000000003,2.0,19.045310215442314,0.4297616322941331,19.045310215442314,0.4297616322941331,2.330395289069805,1.6090966655659185,0.2614909621898488
6708.0,268.32,2.0,18.907514206363988,0.3678641579196915,18.907514206363988,0.3678641579196915,2.3476936741542636,1.6090966655659185,0.2614909621898488
6709.0,268.36,2.0,18.770908021354053,0.31097841848384933,18.770908021354053,0.31097841848384933,2.3649920592387224,1.6090966655659185,0.2614909621898488
6710.0,268.4,2.0,18.63563818968135,0.2590499109647326,18.63563818968135,0.2590499109647326,2.3822904443231807,1.6090966655659185,0.2614909621898488
6711.0,268.44,2.0,18.50184953758843,0.21202003299840308,18.50184953758843,0.21202003299840308,2.399588829407639,1.6090966655659185,0.2614909621898488
6712.0,268.48,2.0,18.369685074809823,0.16982613264141308,18.369685074809823,0.16982613264141308,2.416887214492097,1.6090966655659185,0.2614909621898488
6713.0,268.52,2.0,18.239285882521532,0.1324015612662735,18.239285882521532,0.1324015612662735,2.434185599576556,1.6090966655659185,0.2614909621898488
6714.0,268.56,2.0,18.11079100280797,0.09967572954886243,18.11079100280797,0.09967572954886243,2.451483984661014,1.6090966655659185,0.2614909621898488
6715.0,268.6,2.0,17.984337329731773,0.07157416650442414,17.984337329731773,0.07157416650442414,2.4687823697454725,1.6090966655659185,0.2614909621898488
6716.0,268.64,2.0,17.860059502090333,0.048018581526453816,17.860059502090333,0.048018581526453816,2.486080754829931,1.6090966655659185,0.2614909621898488
6717.0,268.68,2.0,17.73808979794193,0.028926929380453804,17.73808979794193,0.028926929380453804,2.503379139914389,1.6090966655659185,0.2614909621898488
6718.0,268.72,2.0,17.618558030982665,0.014213478102265675,17.618558030982665,0.014213478102265675,2.5206775249988476,1.6090966655659185,0.2614909621898488
6719.0,268.76,2.0,17.501591448854157,0.003788879748448348,17.501591448854157,0.003788879748448348,2.537975910083306,1.6090966655659185,0.2614909621898488
6720.0,268.8,2.0,17.387314633460498,-0.0024397560560297294,17.387314633460498,-0.0024397560560297294,2.555274295167764,1.6090966655659185,0.2614909621898488
6721.0,268.84000000000003,2.0,17.275849403371243,-0.004568785829668798,17.275849403371243,-0.004568785829668798,2.5725726802522226,1.6090966655659185,0.2614909621898488
6722.0,268.88,2.0,17.16731471838576,-0.002697953264884223,17.16731471838576,-0.002697953264884223,2.5898710653366805,1.6090966655659185,0.2614909621898488
6723.0,268.92,2.0,17.061826586332547,0.003069692361914722,17.061826586332547,0.003069692361914722,2.6071694504211393,1.6090966655659185,0.2614909621898488
6724.0,268.96,2.0,16.95949797217535,0.012627880337530772,16.95949797217535,0.012627880337530772,2.6244678355055973,1.6090966655659185,0.2614909621898488
6725.0,269.0,2.0,16.86043870949626,0.02586720515141394,16.86043870949626,0.02586720515141394,2.641766220590056,1.6090966655659185,0.2614909621898488
6726.0,269.04,2.0,16.764755414423984,0.04267521556035296,16.764755414423984,0.04267521556035296,2.6590646056745144,1.6090966655659185,0.2614909621898488
6727.0,269.08,2.0,16.672551402073683,0.0629365060095779,16.672551402073683,0.0629365060095779,2.6763629907589728,1.6090966655659185,0.2614909621898488
6728.0,269.12,2.0,16.58392660556289,0.08653281033961457,16.58392660556289,0.08653281033961457,2.693661375843431,1.6090966655659185,0.2614909621898488
6729.0,269.16,2.0,16.498977497665866,0.11334309770646929,16.498977497665866,0.11334309770646929,2.7109597609278895,1.6090966655659185,0.2614909621898488
6730.0,269.2,2.0,16.417797015166908,0.14324367064101712,16.417797015166908,0.14324367064101712,2.728258146012348,1.6090966655659185,0.2614909621898488
6731.0,269.24,2.0,16.340474485970898,0.17610826517181755,16.340474485970898,0.17610826517181755,2.745556531096806,1.6090966655659185,0.2614909621898488
6732.0,269.28000000000003,2.0,16.267095559027332,0.2118081529339923,16.267095559027332,0.2118081529339923,2.7628549161812646,1.6090966655659185,0.2614909621898488
6733.0,269.32,2.0,16.19774213712187,0.2502122451852685,16.19774213712187,0.2502122451852685,2.780153301265723,1.6090966655659185,0.2614909621898488
6734.0,269.36,2.0,16.13249231258728,0.29118719864882103,16.13249231258728,0.29118719864882103,2.7974516863501813,1.6090966655659185,0.2614909621898488
6735.0,269.4,2.0,16.07142030598329,0.33459752310114005,16.07142030598329,0.33459752310114005,2.8147500714346396,1.6090966655659185,0.2614909621898488
6736.0,269.44,2.0,16.01459640779272,0.38030569062180464,16.01459640779272,0.38030569062180464,2.8320484565190975,1.6090966655659185,0.2614909621898488
6737.0,269.48,2.0,15.962086923178848,0.42817224642076307,15.962086923178848,0.42817224642076307,2.8493468416035563,1.6090966655659185,0.2614909621898488
6738.0,269.52,2.0,15.91395411984658,0.47805592115750467,15.91395411984658,0.47805592115750467,2.8666452266880147,1.6090966655659185,0.2614909621898488
6739.0,269.56,2.0,15.8702561790477,0.529813744665356,15.8702561790477,0.529813744665356,2.883943611772473,1.6090966655659185,0.2614909621898488
6740.0,269.6,2.0,15.831047149767977,0.5833011609930565,15.831047149767977,0.5833011609930565,2.9012419968569314,1.6090966655659185,0.2614909621898488
6741.0,269.64,2.0,15.796376906131451,0.6383721446747469,15.796376906131451,0.6383721446747469,2.9185403819413898,1.6090966655659185,0.2614909621898488
6742.0,269.68,2.0,15.766291108054787,0.6948793181385626,15.766291108054787,0.6948793181385626,2.9358387670258486,1.6090966655659185,0.2614909621898488
6743.0,269.72,2.0,15.740831165182055,0.7526740701631438,15.740831165182055,0.7526740701631438,2.9531371521103065,1.6090966655659185,0.2614909621898488
6744.0,269.76,2.0,15.720034204127742,0.8116066752905644,15.720034204127742,0.8116066752905644,2.970435537194765,1.6090966655659185,0.2614909621898488
6745.0,269.8,2.0,15.703933039053288,0.8715264141034528,15.703933039053288,0.8715264141034528,2.987733922279223,1.6090966655659185,0.2614909621898488
6746.0,269.84000000000003,2.0,15.692556145599857,0.9322816942733999,15.692556145599857,0.9322816942733999,3.0050323073636815,1.6090966655659185,0.2614909621898488
6747.0,269.88,2.0,15.685927638197464,0.9937201722871656,15.685927638197464,0.9937201722871656,3.02233069244814,1.6090966655659185,0.2614909621898488
6748.0,269.92,2.0,15.684067250767942,1.0556888757566647,15.684067250767942,1.0556888757566647,3.0396290775325983,1.6090966655659185,0.2614909621898488
6749.0,269.96,2.0,15.686990320836737,1.1180343262182704,15.686990320836737,1.1180343262182704,3.0569274626170566,1.6090966655659185,0.2614909621898488
6750.0,270.0,2.0,15.694707777065656,1.180602662326589,15.694707777065656,1.180602662326589,3.074225847701515,1.6090966655659185,0.2614909621898488
6751.0,270.04,2.0,15.707226130216407,1.2432397633475625,15.707226130216407,1.2432397633475625,3.0915242327859733,1.6090966655659185,0.2614909621898488
6752.0,270.08,2.0,15.724547467551693,1.3057913728555153,15.724547467551693,1.3057913728555153,3.1088226178704312,1.6090966655659185,0.2614909621898488
6753.0,270.12,2.0,15.74666945067841,1.3681032225386198,15.74666945067841,1.3681032225386198,3.12612100295489,1.6090966655659185,0.2614909621898488
6754.0,270.16,2.0,15.77358531683448,1.430021156017151,15.77358531683448,1.430021156017151,3.1434193880393484,1.6090966655659185,0.2614909621898488
6755.0,270.2,2.0,15.805283883618452,1.4913912525789081,15.805283883618452,1.4913912525789081,3.1607177731238068,1.6090966655659185,0.2614909621898488
6756.0,270.24,2.0,15.841749557158192,1.5520599507362385,15.841749557158192,1.5520599507362385,3.178016158208265,1.6090966655659185,0.2614909621898488
6757.0,270.28000000000003,2.0,15.882962343712427,1.6118741715092297,15.882962343712427,1.6118741715092297,3.1953145432927235,1.6090966655659185,0.2614909621898488
6758.0,270.32,2.0,15.928897864696186,1.6706814413398625,15.928897864696186,1.6706814413398625,3.212612928377182,1.6090966655659185,0.2614909621898488
6759.0,270.36,2.0,15.979527375118602,1.7283300145421787,15.979527375118602,1.7283300145421787,3.2299113134616397,1.6090966655659185,0.2614909621898488
6760.0,270.4,2.0,16.034817785418912,1.7846689951939048,16.034817785418912,1.7846689951939048,3.2472096985460985,1.6090966655659185,0.2614909621898488
6761.0,270.44,2.0,16.09473168668378,1.8395484583753698,16.09473168668378,1.8395484583753698,3.264508083630557,1.6090966655659185,0.2614909621898488
6762.0,270.48,2.0,16.15922737922658,1.892819570662088,16.15922737922658,1.892819570662088,3.281806468715015,1.6090966655659185,0.2614909621898488
6763.0,270.52,2.0,16.22825890450661,1.944334709777929,16.22825890450661,1.944334709777929,3.2991048537994736,1.6090966655659185,0.2614909621898488
6764.0,270.56,2.0,16.301776080363688,1.9939475833164615,16.301776080363688,1.9939475833164615,3.3164032388839315,1.6090966655659185,0.2614909621898488
6765.0,270.6,2.0,16.379724539540906,2.041513346438766,16.379724539540906,2.041513346438766,3.3337016239683903,1.6090966655659185,0.2614909621898488
6766.0,270.64,2.0,16.46204577146597,2.0868887184567972,16.46204577146597,2.0868887184567972,3.3510000090528487,1.6090966655659185,0.2614909621898488
6767.0,270.68,2.0,16.548677167258884,2.1299320982122483,16.548677167258884,2.1299320982122483,3.3682983941373066,1.6090966655659185,0.2614909621898488
6768.0,270.72,2.0,16.639552067931326,2.1705036781617815,16.639552067931326,2.1705036781617815,3.3855967792217654,1.6090966655659185,0.2614909621898488
6769.0,270.76,2.0,16.734599815740538,2.208465557080501,16.734599815740538,2.208465557080501,3.4028951643062237,1.6090966655659185,0.2614909621898488
6770.0,270.8,2.0,16.833745808658247,2.2436818512965955,16.833745808658247,2.2436818512965955,3.4201935493906825,1.6090966655659185,0.2614909621898488
6771.0,270.84000000000003,2.0,16.936911557912545,2.276018804371218,16.936911557912545,2.276018804371218,3.4374919344751405,1.6090966655659185,0.2614909621898488
6772.0,270.88,2.0,17.044014748558524,2.305344895138866,17.044014748558524,2.305344895138866,3.4547903195595984,1.6090966655659185,0.2614909621898488
6773.0,270.92,2.0,17.154969303030818,2.3315309440247898,17.154969303030818,2.3315309440247898,3.472088704644057,1.6090966655659185,0.2614909621898488
6774.0,270.96,2.0,17.269685447629275,2.354450217557278,17.269685447629275,2.354450217557278,3.4893870897285155,1.6090966655659185,0.2614909621898488
6775.0,271.0,2.0,17.38806978188638,2.3739785309940693,17.38806978188638,2.3739785309940693,3.5066854748129743,1.6090966655659185,0.2614909621898488
6776.0,271.04,2.0,17.51002535076305,2.3899943489835858,17.51002535076305,2.3899943489835858,3.523983859897432,1.6090966655659185,0.2614909621898488
6777.0,271.08,2.0,17.635451719617105,2.4023788841832014,17.635451719617105,2.4023788841832014,3.5412822449818906,1.6090966655659185,0.2614909621898488
6778.0,271.12,2.0,17.76424505188675,2.411016193758325,17.76424505188675,2.411016193758325,3.5585806300663485,1.6090966655659185,0.2614909621898488
6779.0,271.16,2.0,17.89629818942906,2.4157932736877297,17.89629818942906,2.4157932736877297,3.5758790151508073,1.6090966655659185,0.2614909621898488
6780.0,271.2,2.0,18.03150073545169,2.416600150802222,18.03150073545169,2.416600150802222,3.593177400235265,1.6090966655659185,0.2614909621898488
6781.0,271.24,2.0,18.169739139973775,2.413329972485518,18.169739139973775,2.413329972485518,3.610475785319724,1.6090966655659185,0.2614909621898488
6782.0,271.28000000000003,2.0,18.310896787750274,2.405879093967976,18.310896787750274,2.405879093967976,3.6277741704041824,1.6090966655659185,0.2614909621898488
6783.0,271.32,2.0,18.454854088591908,2.394147163145702,18.454854088591908,2.394147163145702,3.6450725554886403,1.6090966655659185,0.2614909621898488
6784.0,271.36,2.0,18.601488570011117,2.3780372028594434,18.601488570011117,2.3780372028594434,3.662370940573099,1.6090966655659185,0.2614909621898488
6785.0,271.4,2.0,18.75067497212261,2.3574556905696467,18.75067497212261,2.3574556905696467,3.6796693256575574,1.6090966655659185,0.2614909621898488
6786.0,271.44,2.0,18.90228534472544,2.3323126353660606,18.90228534472544,2.3323126353660606,3.6969677107420154,1.6090966655659185,0.2614909621898488
6787.0,271.48,2.0,19.056189146491654,2.3025216522523237,19.056189146491654,2.3025216522523237,3.714266095826474,1.6090966655659185,0.2614909621898488
6788.0,271.52,2.0,19.21225334618518,2.2680000336480686,19.21225334618518,2.2680000336480686,3.731564480910933,1.6090966655659185,0.2614909621898488
6789.0,271.56,2.0,19.37034252583289,2.2286688180532166,19.37034252583289,2.2286688180532166,3.748862865995391,1.6090966655659185,0.2614909621898488
6790.0,271.6,2.0,19.530318985768314,2.184452855821345,19.530318985768314,2.184452855821345,3.7661612510798492,1.6090966655659185,0.2614909621898488
6791.0,271.64,2.0,19.692042851467054,2.135280871991202,19.692042851467054,2.135280871991202,3.783459636164308,1.6090966655659185,0.2614909621898488
6792.0,271.68,2.0,19.855372182091525,2.0810855261277403,19.855372182091525,2.0810855261277403,3.800758021248766,1.6090966655659185,0.2614909621898488
6793.0,271.72,2.0,20.020163080661433,2.021803469126331,20.020163080661433,2.021803469126331,3.8180564063332243,1.6090966655659185,0.2614909621898488
6794.0,271.76,2.0,20.18626980576493,1.9573753969361642,20.18626980576493,1.9573753969361642,3.835354791417683,1.6090966655659185,0.2614909621898488
6795.0,271.8,2.0,20.353544884724528,1.887746101161212,20.353544884724528,1.887746101161212,3.852653176502141,1.6090966655659185,0.2614909621898488
6796.0,271.84000000000003,2.0,20.521839228130318,1.8128645164995387,20.521839228130318,1.8128645164995387,3.8699515615866,1.6090966655659185,0.2614909621898488
6797.0,271.88,2.0,20.691002245652438,1.7326837649841795,20.691002245652438,1.7326837649841795,3.8872499466710577,1.6090966655659185,0.2614909621898488
6798.0,271.92,2.0,20.86088196304334,1.6471611969912785,20.86088196304334,1.6471611969912785,3.7474723817555167,1.6090966655659185,0.2614909621898488
6799.0,271.96,2.0,21.031325128220054,1.5562568687483576,21.031325128220054,1.5562568687483576,3.6076948168399747,1.6090966655659185,0.2614909621898488
6800.0,272.0,2.0,21.202177311115285,1.459936698189233,21.202177311115285,1.459936698189233,3.4679172519244332,1.6090966655659185,0.2614909621898488
6801.0,272.04,2.0,21.373283055026643,1.3581709361144902,21.373283055026643,1.3581709361144902,3.3281396870088913,1.6090966655659185,0.2614909621898488
6802.0,272.08,2.0,21.544485997501617,1.2509341939740177,21.544485997501617,1.2509341939740177,3.1883621220933493,1.6090966655659185,0.2614909621898488
6803.0,272.12,2.0,21.715628991953693,1.1382054682821203,21.715628991953693,1.1382054682821203,3.048584557177808,1.6090966655659185,0.2614909621898488
6804.0,272.16,2.0,21.88655422991574,1.019968161646177,21.88655422991574,1.019968161646177,2.9088069922622664,1.6090966655659185,0.2614909621898488
6805.0,272.2,2.0,22.057103363836493,0.8962101003924179,22.057103363836493,0.8962101003924179,2.7690294273467244,1.6090966655659185,0.2614909621898488
6806.0,272.24,2.0,22.22711763032539,0.7669235487750059,22.22711763032539,0.7669235487750059,2.6292518624311834,1.6090966655659185,0.2614909621898488
6807.0,272.28000000000003,2.0,22.396437973750867,0.6321052197572594,22.396437973750867,0.6321052197572594,2.489474297515641,1.6090966655659185,0.2614909621898488
6808.0,272.32,2.0,22.56490517009667,0.4917562823564759,22.56490517009667,0.4917562823564759,2.3496967326001,1.6090966655659185,0.2614909621898488
6809.0,272.36,2.0,22.732359950980843,0.3458823655464783,22.732359950980843,0.3458823655464783,2.209919167684558,1.6090966655659185,0.2614909621898488
6810.0,272.4,2.0,22.898643127741696,0.19449355871464852,22.898643127741696,0.19449355871464852,2.070141602769016,1.6090966655659185,0.2614909621898488
6811.0,272.44,2.0,23.06359571549509,0.0376044086728753,23.06359571549509,0.0376044086728753,1.9303640378534748,1.6090966655659185,0.2614909621898488
6812.0,272.48,2.0,23.227059057067414,-0.1247660867755073,23.227059057067414,-0.1247660867755073,1.790586472937933,1.6090966655659185,0.2614909621898488
6813.0,272.52,2.0,23.388874946708707,-0.29259448870805566,23.388874946708707,-0.29259448870805566,1.6508089080223916,1.6090966655659185,0.2614909621898488
6814.0,272.56,2.0,23.548885753490516,-0.46585293038744435,23.548885753490516,-0.46585293038744435,1.5110313431068498,1.6090966655659185,0.2614909621898488
6815.0,272.6,2.0,23.70693454429334,-0.6445091339875575,23.70693454429334,-0.6445091339875575,1.3712537781913081,1.6090966655659185,0.2614909621898488
6816.0,272.64,2.0,23.862865206288873,-0.8285264307287786,23.862865206288873,-0.8285264307287786,1.2314762132757666,1.6090966655659185,0.2614909621898488
6817.0,272.68,2.0,24.016522568822587,-1.0178637844071876,24.016522568822587,-1.0178637844071876,1.091698648360225,1.6090966655659185,0.2614909621898488
6818.0,272.72,2.0,24.167752524602633,-1.2124758182997566,24.167752524602633,-1.2124758182997566,1.1089970334446835,1.6090966655659185,0.2614909621898488
6819.0,272.76,2.0,24.31640216212135,-1.4123112851897461,24.31640216212135,-1.4123112851897461,1.1262954185291418,1.6090966655659185,0.2614909621898488
6820.0,272.8,2.0,24.46231990443666,-1.617316222365016,24.46231990443666,-1.617316222365016,1.1435938036136002,1.6090966655659185,0.2614909621898488
6821.0,272.84000000000003,2.0,24.60535559640007,-1.8274324285492771,24.60535559640007,-1.8274324285492771,1.1608921886980588,1.6090966655659185,0.2614909621898488
6822.0,272.88,2.0,24.74536062210957,-2.0425975040787825,24.74536062210957,-2.0425975040787825,1.178190573782517,1.6090966655659185,0.2614909621898488
6823.0,272.92,2.0,24.882188021208542,-2.2627448943258797,24.882188021208542,-2.2627448943258797,1.1954889588669755,1.6090966655659185,0.2614909621898488
6824.0,272.96,2.0,25.01569260394088,-2.4878039363361797,25.01569260394088,-2.4878039363361797,1.2127873439514336,1.6090966655659185,0.2614909621898488
6825.0,273.0,2.0,25.145731064873594,-2.7176999086436373,25.145731064873594,-2.7176999086436373,1.2300857290358922,1.6090966655659185,0.2614909621898488
6826.0,273.04,2.0,25.2721620951993,-2.9523540842253713,25.2721620951993,-2.9523540842253713,1.2473841141203506,1.6090966655659185,0.2614909621898488
6827.0,273.08,2.0,25.394846493531844,-3.1916837865556436,25.394846493531844,-3.1916837865556436,1.2646824992048091,1.6090966655659185,0.2614909621898488
6828.0,273.12,2.0,25.513647275109715,-3.4356024487160255,25.513647275109715,-3.4356024487160255,1.2819808842892675,1.6090966655659185,0.2614909621898488
6829.0,273.16,2.0,25.628429779322943,-3.6840196755164243,25.628429779322943,-3.6840196755164243,1.2992792693737258,1.6090966655659185,0.2614909621898488
6830.0,273.2,2.0,25.7390617754806,-3.936841308579319,25.7390617754806,-3.936841308579319,1.3165776544581842,1.6090966655659185,0.2614909621898488
6831.0,273.24,2.0,25.845413566737278,-4.193969494337277,25.845413566737278,-4.193969494337277,1.3338760395426426,1.6090966655659185,0.2614909621898488
6832.0,273.28000000000003,2.0,25.947358092098433,-4.455302754891579,25.947358092098433,-4.455302754891579,1.351174424627101,1.6090966655659185,0.2614909621898488
6833.0,273.32,2.0,26.044771026425813,-4.72073606167756,26.044771026425813,-4.72073606167756,1.3684728097115593,1.6090966655659185,0.2614909621898488
6834.0,273.36,2.0,26.13753087836593,-4.99016091188013,26.13753087836593,-4.99016091188013,1.3857711947960178,1.6090966655659185,0.2614909621898488
6835.0,273.40000000000003,2.0,26.225519086125935,-5.2634654075408065,26.225519086125935,-5.2634654075408065,1.4030695798804762,1.6090966655659185,0.2614909621898488
6836.0,273.44,2.0,26.30862011102308,-5.540534337295528,26.30862011102308,-5.540534337295528,1.4203679649649348,1.6090966655659185,0.2614909621898488
6837.0,273.48,2.0,26.386721528735535,-5.821249260680462,26.386721528735535,-5.821249260680462,1.4376663500493931,1.6090966655659185,0.2614909621898488
6838.0,273.52,2.0,26.459714118184127,-6.105488594941098,26.459714118184127,-6.105488594941098,1.4549647351338515,1.6090966655659185,0.2614909621898488
6839.0,273.56,2.0,26.52749194797653,-6.393127704277897,26.52749194797653,-6.393127704277897,1.4722631202183099,1.6090966655659185,0.2614909621898488
6840.0,273.6,2.0,26.589952460347053,-6.684038991460007,26.589952460347053,-6.684038991460007,1.4895615053027682,1.6090966655659185,0.2614909621898488
6841.0,273.64,2.0,26.646996552527373,-6.978091991736612,26.646996552527373,-6.978091991736612,1.5068598903872266,1.6090966655659185,0.2614909621898488
6842.0,273.68,2.0,26.69852865548529,-7.275153468973803,26.69852865548529,-7.275153468973803,1.524158275471685,1.6090966655659185,0.2614909621898488
6843.0,273.72,2.0,26.744456809970842,-7.5750875139430836,26.744456809970842,-7.5750875139430836,1.5414566605561435,1.6090966655659185,0.2614909621898488
6844.0,273.76,2.0,26.78469273981097,-7.8777556446859975,26.78469273981097,-7.8777556446859975,1.5587550456406016,1.6090966655659185,0.2614909621898488
6845.0,273.8,2.0,26.81915192239628,-8.183016908877752,26.81915192239628,-8.183016908877752,1.5760534307250602,1.6090966655659185,0.2614909621898488
6846.0,273.84000000000003,2.0,26.847753656305297,-8.49072798811118,26.847753656305297,-8.49072798811118,1.5933518158095186,1.6090966655659185,0.2614909621898488
6847.0,273.88,2.0,26.870421126014197,-8.800743304020878,26.870421126014197,-8.800743304020878,1.6106502008939771,1.6090966655659185,0.2614909621898488
6848.0,273.92,2.0,26.887081463641863,-9.11291512616597,26.887081463641863,-9.11291512616597,1.627948585978435,1.6090966655659185,0.2614909621898488
6849.0,273.96,2.0,26.897665807682717,-9.427093681588584,26.897665807682717,-9.427093681588584,1.6452469710628936,1.6090966655659185,0.2614909621898488
6850.0,274.0,2.0,26.90210935868181,-9.743127265963825,26.90210935868181,-9.743127265963825,1.662545356147352,1.6090966655659185,0.2614909621898488
6851.0,274.04,2.0,26.900351431809327,-10.060862356255784,26.900351431809327,-10.060862356255784,1.6798437412318106,1.6090966655659185,0.2614909621898488
6852.0,274.08,2.0,26.892335506293712,-10.380143724793024,26.892335506293712,-10.380143724793024,1.697142126316269,1.6090966655659185,0.2614909621898488
6853.0,274.12,2.0,26.878009271675285,-10.700814554675821,26.878009271675285,-10.700814554675821,1.714440511400727,1.6090966655659185,0.2614909621898488
6854.0,274.16,2.0,26.857324670844598,-11.022716556426454,26.857324670844598,-11.022716556426454,1.7317388964851854,1.6090966655659185,0.2614909621898488
6855.0,274.2,2.0,26.83023793983221,-11.345690085792844,26.83023793983221,-11.345690085792844,1.749037281569644,1.6090966655659185,0.2614909621898488
6856.0,274.24,2.0,26.796709644319066,-11.669574262615004,26.796709644319066,-11.669574262615004,1.766335666654102,1.6090966655659185,0.2614909621898488
6857.0,274.28000000000003,2.0,26.756704712839337,-11.994207090662886,26.756704712839337,-11.994207090662886,1.7836340517385605,1.6090966655659185,0.2614909621898488
6858.0,274.32,2.0,26.71019246664984,-12.319425578353504,26.71019246664984,-12.319425578353504,1.8009324368230186,1.6090966655659185,0.2614909621898488
6859.0,274.36,2.0,26.657146646243042,-12.6450658602545,26.657146646243042,-12.6450658602545,1.8182308219074774,1.6090966655659185,0.2614909621898488
6860.0,274.40000000000003,2.0,26.597545434483017,-12.970963319280747,26.597545434483017,-12.970963319280747,1.8355292069919353,1.6090966655659185,0.2614909621898488
6861.0,274.44,2.0,26.531371476346372,-13.296952709490029,26.531371476346372,-13.296952709490029,1.8528275920763941,1.6090966655659185,0.2614909621898488
6862.0,274.48,2.0,26.458611895252865,-13.622868279383354,26.458611895252865,-13.622868279383354,1.8701259771608523,1.6090966655659185,0.2614909621898488
6863.0,274.52,2.0,26.3792583059729,-13.948543895615142,26.3792583059729,-13.948543895615142,1.8874243622453108,1.6090966655659185,0.2614909621898488
6864.0,274.56,2.0,26.29330682410196,-14.273813167018082,26.29330682410196,-14.273813167018082,1.9047227473297688,1.6090966655659185,0.2614909621898488
6865.0,274.6,2.0,26.200758072094366,-14.598509568847373,26.200758072094366,-14.598509568847373,1.9220211324142273,1.6090966655659185,0.2614909621898488
6866.0,274.64,2.0,26.101617181851662,-14.92246656714877,26.101617181851662,-14.92246656714877,1.9393195174986857,1.6090966655659185,0.2614909621898488
6867.0,274.68,2.0,25.9871606829833,-15.205301299427182,25.9871606829833,-15.205301299427182,1.9467262972565753,2.0581533503963874,0.28310961938156703
6868.0,274.72,2.0,25.867533335713677,-15.491633826781975,25.867533335713677,-15.491633826781975,1.954655954352918,2.5072100352268563,0.30472827657328533
6869.0,274.76,2.0,25.742515926114912,-15.781227761657508,25.742515926114912,-15.781227761657508,1.9631084887877148,2.9562667200573247,0.32634693376500357
6870.0,274.8,2.0,25.611896514336344,-16.073839876674864,25.611896514336344,-16.073839876674864,1.9720839005609645,3.405323404887793,0.3479655909567218
6871.0,274.84000000000003,2.0,25.47547062741366,-16.369220313474955,25.47547062741366,-16.369220313474955,1.9815821896726677,3.854380089718262,0.36958424814844004
6872.0,274.88,2.0,25.33304144617784,-16.667112796871866,25.33304144617784,-16.667112796871866,1.9916033561228244,4.303436774548731,0.39120290534015834
6873.0,274.92,2.0,25.184419986118378,-16.967254854150447,25.184419986118378,-16.967254854150447,2.002147399911435,4.7524934593792,0.4128215625318766
6874.0,274.96,2.0,25.02942527206013,-17.269378039338214,25.02942527206013,-17.269378039338214,2.013214321038498,5.201550144209668,0.4344402197235948
6875.0,275.0,2.0,24.867884506517882,-17.57320816227763,24.867884506517882,-17.57320816227763,2.024804119504015,5.650606829040138,0.45605887691531316
6876.0,275.04,2.0,24.69963323159751,-17.87846552232135,24.69963323159751,-17.87846552232135,2.0369167953079854,6.099663513870607,0.4776775341070313
6877.0,275.08,2.0,24.524515484317668,-18.184865146469285,24.524515484317668,-18.184865146469285,2.0495523484504092,6.548720198701075,0.49929619129874964
6878.0,275.12,2.0,24.34238394523107,-18.49211703176289,24.34238394523107,-18.49211703176289,2.0627107789312866,6.997776883531545,0.5209148484904678
6879.0,275.16,2.0,24.16604728908351,-18.783163217364113,24.16604728908351,-18.783163217364113,2.0822000334165556,7.109435079305501,0.5078086137402484
6880.0,275.2,2.0,23.990314281403965,-19.063415293440563,23.990314281403965,-19.063415293440563,2.100823169562601,7.22110718801017,0.4947029126713664
6881.0,275.24,2.0,23.815514875684805,-19.33294786521761,23.815514875684805,-19.33294786521761,2.118580166022168,7.33277929671484,0.4815972116024844
6882.0,275.28000000000003,2.0,23.641977104294774,-19.591844231935127,23.641977104294774,-19.591844231935127,2.1354710227952585,7.444451405419507,0.46849151053360244
6883.0,275.32,2.0,23.470027266774927,-19.840195973847603,23.470027266774927,-19.840195973847603,2.151495739881871,7.556123514124176,0.4553858094647204
6884.0,275.36,2.0,23.296341166561437,-20.080518722924886,23.296341166561437,-20.080518722924886,2.166675743821039,7.645054016955311,0.4420081408797314
6885.0,275.40000000000003,2.0,23.123551751197986,-20.310401527581117,23.123551751197986,-20.310401527581117,2.1809786875889743,7.726865057958645,0.42858577225974737
6886.0,275.44,2.0,22.955046406010435,-20.52775443516188,22.955046406010435,-20.52775443516188,2.1943673551772855,7.809127891389413,0.4151559711895091
6887.0,275.48,2.0,22.79937884311223,-20.777432363618566,22.79937884311223,-20.777432363618566,2.2167757482838946,7.438774425178143,0.3800850921192035
6888.0,275.52,1.0,22.64645079901327,-21.011662375175774,22.64645079901327,-21.011662375175774,2.2377812292762593,7.068420963368718,0.34501418084831925
6889.0,275.56,0.0,22.496812321572527,-21.230656612240384,22.496812321572527,-21.230656612240384,2.2573838237294055,6.698067501559292,0.30994326957743495
6890.0,275.6,0.0,22.347473423432135,-21.44048790955819,22.347473423432135,-21.44048790955819,2.2754677997428026,6.317806609527848,0.2747539022283244
6891.0,275.64,0.0,22.20280017123027,-21.6352854432388,22.20280017123027,-21.6352854432388,2.29214406105081,5.937546653394435,0.239564466992065
6892.0,275.68,0.0,22.063323621661098,-21.815307084827314,22.063323621661098,-21.815307084827314,2.3074127002919567,5.557286697261022,0.20437503175580557
6893.0,275.72,1.0,21.920803922189684,-21.98688303528418,21.920803922189684,-21.98688303528418,2.3211584137175967,5.163829857166421,0.16901354649423955
6894.0,275.76,1.0,21.784910445911652,-22.143846769241055,21.784910445911652,-22.143846769241055,2.3334858394039486,4.770380149588735,0.13364934329834083
6895.0,275.8,1.0,21.656148980901406,-22.28653287624548,21.656148980901406,-22.28653287624548,2.3443988697398,4.376930442011046,0.09828514010244212
6896.0,275.84000000000003,1.0,21.535019557720933,-22.41525597902807,21.535019557720933,-22.41525597902807,2.3538975047251514,3.9834807344333596,0.06292093690654339
6897.0,275.88,0.0,21.422013341683318,-22.530344400155133,21.422013341683318,-22.530344400155133,2.3619817443600026,3.590031026855673,0.027556733710644665
6898.0,275.92,0.0,21.317612256005685,-22.63213991067002,21.317612256005685,-22.63213991067002,2.3686515886443544,3.196581319277986,-0.007807469485254059
6899.0,275.96,1.0,21.189996059959558,-22.745415703338146,21.189996059959558,-22.745415703338146,2.371522269650159,3.221279150082978,-0.0027697808539376436
6900.0,276.0,0.0,21.061160045386508,-22.857780438536714,21.061160045386508,-22.857780438536714,2.3747251981578703,3.2447198823591514,0.0026544211759583778
6901.0,276.04,0.0,20.935259145811926,-22.970373927562626,20.935259145811926,-22.970373927562626,2.378031838633727,3.2753214367568746,0.008658091044504528
6902.0,276.08,1.0,20.808083654732933,-23.083381677809832,20.808083654732933,-23.083381677809832,2.381578841376168,3.3059229911545978,0.014661760913050676
6903.0,276.12,0.0,20.67960596339897,-23.19677099034796,20.67960596339897,-23.19677099034796,2.3853662063851937,3.336524545552321,0.020665430781596827
6904.0,276.16,0.0,20.55428312067352,-23.311488804213276,20.55428312067352,-23.311488804213276,2.389131056410811,3.387742418978644,0.027992153147951622
6905.0,276.2,0.0,20.427096424493833,-23.42633084989336,20.427096424493833,-23.42633084989336,2.3932408084828203,3.4474924738955814,0.035415138573937625
6906.0,276.24,0.0,20.297501308044506,-23.542647763295555,20.297501308044506,-23.542647763295555,2.3976078185662786,3.504752014386559,0.04291750445029344
6907.0,276.28000000000003,0.0,20.166140052806107,-23.654064096477292,20.166140052806107,-23.654064096477292,2.402318628933274,3.5637236723431798,0.05035922942462641
6908.0,276.32,1.0,20.033555383361158,-23.766602326634796,20.033555383361158,-23.766602326634796,2.4071500046143557,3.6216759648986936,0.05783696059959583
6909.0,276.36,1.0,19.898753306652992,-23.880125228819473,19.898753306652992,-23.880125228819473,2.412280712408154,3.679628257454206,0.06531469177456525
6910.0,276.40000000000003,1.0,19.764769618710915,-23.986177758295575,19.764769618710915,-23.986177758295575,2.41756135228738,3.743878818292668,0.07286436562955889
6911.0,276.44,0.0,19.62745813636359,-24.093894473153142,19.62745813636359,-24.093894473153142,2.4231380394428954,3.806767260170498,0.08035155052848861
6912.0,276.48,0.0,19.486521848894505,-24.199181584281266,19.486521848894505,-24.199181584281266,2.4287603534937348,3.867071629986188,0.08755885982895487
6913.0,276.52,1.0,19.352005351957537,-24.299386873979866,19.352005351957537,-24.299386873979866,2.4347864810999846,3.9405728837630662,0.0949382191547277
6914.0,276.56,1.0,19.214726260013745,-24.400925700104533,19.214726260013745,-24.400925700104533,2.4411117841854266,4.014067005023032,0.10232029641483324
6915.0,276.6,1.0,19.074657871859724,-24.503726329803953,19.074657871859724,-24.503726329803953,2.447732370361273,4.0875611262829965,0.1097023736749388
6916.0,276.64,1.0,18.93177095369456,-24.607750792227513,18.93177095369456,-24.607750792227513,2.4546482396275238,4.1610552475429605,0.11708445093504434
6917.0,276.68,1.0,18.786036463961945,-24.712960972110157,18.786036463961945,-24.712960972110157,2.4618593919841785,4.234549368802925,0.12446652819514989
6918.0,276.72,0.0,18.637425554128388,-24.819318610816612,18.637425554128388,-24.819318610816612,2.4693658274312376,4.30804349006289,0.13184860545525545
6919.0,276.76,1.0,18.505254912725544,-24.919130246808614,18.505254912725544,-24.919130246808614,2.4737443672308084,4.300788561996688,0.13355368283008356
6920.0,276.8,1.0,18.373024745570145,-25.01940564038299,18.373024745570145,-25.01940564038299,2.4780605429460545,4.294776819528591,0.13487171312499463
6921.0,276.84000000000003,1.0,18.236553343443163,-25.118968599561992,18.236553343443163,-25.118968599561992,2.4825429114579904,4.281604254938946,0.13561027558125555
6922.0,276.88,0.0,18.100024247683177,-25.217596722967265,18.100024247683177,-25.217596722967265,2.4870548224681768,4.268431690349301,0.13634883803751646
6923.0,276.92,0.0,17.95452697362149,-25.318849447574696,17.95452697362149,-25.318849447574696,2.4913732284230568,4.275571847764065,0.1353830732551256
6924.0,276.96,0.0,17.80749337116833,-25.416257432614383,17.80749337116833,-25.416257432614383,2.4958944544976,4.284837292023765,0.1333662234910331
6925.0,277.0,0.0,17.66529507491748,-25.512032244005646,17.66529507491748,-25.512032244005646,2.499927951077175,4.2935810613809355,0.13121502649397743
6926.0,277.04,0.0,17.596220751172332,-25.557609628166542,17.596220751172332,-25.557609628166542,2.5020942785424767,4.28800405703252,0.13059780376670257
6927.0,277.08,0.0,17.52619870542149,-25.60530406320158,17.52619870542149,-25.60530406320158,2.50412704269338,4.283860160363087,0.1300042915256993
6928.0,277.12,0.0,17.45475475252807,-25.652072971763815,17.45475475252807,-25.652072971763815,2.5062748969884865,4.280427994672855,0.12929863196215707
6929.0,277.16,0.0,17.382863442171853,-25.697912313449578,17.382863442171853,-25.697912313449578,2.5083359303627626,4.276566808271342,0.1285047649531721
6930.0,277.2,0.0,17.311098126733913,-25.74611334756288,17.311098126733913,-25.74611334756288,2.510646287869136,4.277003012935055,0.12766706687392515
6931.0,277.24,0.0,17.23993804908525,-25.792863460865675,17.23993804908525,-25.792863460865675,2.5128922262141673,4.279446079783013,0.12679906455937553
6932.0,277.28000000000003,1.0,17.16997752965846,-25.84412223282864,17.16997752965846,-25.84412223282864,2.515443999041298,4.286240498549334,0.12622810127099285
6933.0,277.32,0.0,17.099379011038668,-25.895336933596486,17.099379011038668,-25.895336933596486,2.5179732601186493,4.294167320443375,0.1255619774345464
6934.0,277.36,1.0,17.028018659519397,-25.946560280739558,17.028018659519397,-25.946560280739558,2.5204738698781006,4.303535382681786,0.12477474017329149
