frame_nr,time,measurement_available,x,y,state1,state2,state3,state4,state5
853.0,34.12,0.0,4.486211533294215,-26.309918388019966,4.486211533294215,-26.309918388019966,2.0230801859366085,-2.509416285066617,-0.2996054979246573
854.0,34.160000000000004,0.0,4.46303484907723,-26.354418843861406,4.46303484907723,-26.354418843861406,2.0290744182574505,-2.509416285066617,-0.2996054979246573
855.0,34.2,0.0,4.439505147604099,-26.398729086012942,4.439505147604099,-26.398729086012942,2.035068650578292,-2.509416285066617,-0.2996054979246573
856.0,34.24,0.0,4.415624173580741,-26.44284595944336,4.415624173580741,-26.44284595944336,2.041062882899134,-2.509416285066617,-0.2996054979246573
857.0,34.28,0.0,4.39139370180971,-26.486766326136628,4.39139370180971,-26.486766326136628,2.0470571152199755,-2.509416285066617,-0.2996054979246573
858.0,34.32,0.0,4.366815537017632,-26.530487065390997,4.366815537017632,-26.530487065390997,2.053051347540817,-2.509416285066617,-0.2996054979246573
859.0,34.36,0.0,4.341891513679601,-26.574005074116346,4.341891513679601,-26.574005074116346,2.059045579861659,-2.509416285066617,-0.2996054979246573
860.0,34.4,0.0,4.316623495840514,-26.61731726712968,4.316623495840514,-26.61731726712968,2.0650398121825004,-2.509416285066617,-0.2996054979246573
861.0,34.44,0.0,4.291013376933411,-26.660420577448775,4.291013376933411,-26.660420577448775,2.0710340445033424,-2.509416285066617,-0.2996054979246573
862.0,34.480000000000004,0.0,4.265063079594793,-26.70331195658393,4.265063079594793,-26.70331195658393,2.077028276824184,-2.509416285066617,-0.2996054979246573
863.0,34.52,0.0,4.23877455547698,-26.745988374827796,4.23877455547698,-26.745988374827796,2.083022509145026,-2.509416285066617,-0.2996054979246573
864.0,34.56,0.0,4.212149785057496,-26.78844682154322,4.212149785057496,-26.78844682154322,2.0890167414658674,-2.509416285066617,-0.2996054979246573
865.0,34.6,0.0,4.161514462100767,-26.87484596935609,4.161514462100767,-26.87484596935609,2.1010052061075504,-2.509416285066617,-0.2996054979246573
866.0,34.64,0.0,4.109847159053973,-26.96063187341382,4.109847159053973,-26.96063187341382,2.1129936707492343,-2.509416285066617,-0.2996054979246573
867.0,34.68,0.0,4.05715530237839,-27.04579220867534,4.05715530237839,-27.04579220867534,2.1249821353909177,-2.509416285066617,-0.2996054979246573
868.0,34.72,0.0,4.00344646571289,-27.13031474003326,4.00344646571289,-27.13031474003326,2.136970600032601,-2.509416285066617,-0.2996054979246573
869.0,34.76,0.0,3.9487283687847787,-27.214187324070952,3.9487283687847787,-27.214187324070952,2.148959064674284,-2.509416285066617,-0.2996054979246573
870.0,34.800000000000004,0.0,3.8930088762996697,-27.297397910806488,3.8930088762996697,-27.297397910806488,2.1609475293159677,-2.509416285066617,-0.2996054979246573
871.0,34.84,0.0,3.8362959968105366,-27.379934545423076,3.8362959968105366,-27.379934545423076,2.172935993957651,-2.509416285066617,-0.2996054979246573
872.0,34.88,0.0,3.778597881566133,-27.461785369985858,3.778597881566133,-27.461785369985858,2.1849244585993346,-2.509416285066617,-0.2996054979246573
873.0,34.92,0.0,3.7199228233389183,-27.542938625144735,3.7199228233389183,-27.542938625144735,2.196912923241018,-2.509416285066617,-0.2996054979246573
874.0,34.96,0.0,3.660279255232678,-27.623382651823032,3.660279255232678,-27.623382651823032,2.208901387882702,-2.509416285066617,-0.2996054979246573
875.0,35.0,0.0,3.599675749470002,-27.703105892891735,3.599675749470002,-27.703105892891735,2.220889852524385,-2.509416285066617,-0.2996054979246573
876.0,35.04,0.0,3.538121016159793,-27.782096894829017,3.538121016159793,-27.782096894829017,2.2328783171660684,-2.509416285066617,-0.2996054979246573
877.0,35.08,0.0,3.4756239020449913,-27.860344309364983,3.4756239020449913,-27.860344309364983,2.244866781807752,-2.509416285066617,-0.2996054979246573
878.0,35.12,0.0,3.4121933892306915,-27.937836895111126,3.4121933892306915,-27.937836895111126,2.2568552464494354,-2.509416285066617,-0.2996054979246573
879.0,35.160000000000004,0.0,3.347838593892823,-28.014563519174505,3.347838593892823,-28.014563519174505,2.2688437110911184,-2.509416285066617,-0.2996054979246573
880.0,35.2,0.0,3.282568764967606,-28.090513158756302,3.282568764967606,-28.090513158756302,2.280832175732802,-2.509416285066617,-0.2996054979246573
881.0,35.24,0.0,3.2163932828219464,-28.165674902734537,3.2163932828219464,-28.165674902734537,2.2928206403744853,-2.509416285066617,-0.2996054979246573
882.0,35.28,0.0,3.149321657904969,-28.240037953230757,3.149321657904969,-28.240037953230757,2.3048091050161688,-2.509416285066617,-0.2996054979246573
883.0,35.32,0.0,3.081363529380898,-28.313591627160367,3.081363529380898,-28.313591627160367,2.316797569657852,-2.509416285066617,-0.2996054979246573
884.0,35.36,0.0,3.0125286637434487,-28.38632535776653,3.0125286637434487,-28.38632535776653,2.3287860342995357,-2.509416285066617,-0.2996054979246573
885.0,35.4,0.0,2.9428269534119686,-28.45822869613732,2.9428269534119686,-28.45822869613732,2.340774498941219,-2.509416285066617,-0.2996054979246573
886.0,35.44,0.0,2.8722684153094975,-28.529291312705915,2.8722684153094975,-28.529291312705915,2.3527629635829026,-2.509416285066617,-0.2996054979246573
887.0,35.480000000000004,0.0,2.8008631894229694,-28.599502998733634,2.8008631894229694,-28.599502998733634,2.3647514282245856,-2.509416285066617,-0.2996054979246573
888.0,35.52,0.0,2.728621537345758,-28.668853667775636,2.728621537345758,-28.668853667775636,2.376739892866269,-2.509416285066617,-0.2996054979246573
889.0,35.56,0.0,2.6555538408027717,-28.737333357129,2.6555538408027717,-28.737333357129,2.388728357507953,-2.509416285066617,-0.2996054979246573
890.0,35.6,0.0,2.581670600158321,-28.80493222926301,2.581670600158321,-28.80493222926301,2.400716822149636,-2.509416285066617,-0.2996054979246573
891.0,35.64,0.0,2.5069824329069577,-28.87164057323153,2.5069824329069577,-28.87164057323153,2.4127052867913195,-2.509416285066617,-0.2996054979246573
892.0,35.68,0.0,2.431500072147517,-28.93744880606705,2.431500072147517,-28.93744880606705,2.424693751433003,-2.509416285066617,-0.2996054979246573
893.0,35.72,0.0,2.3552343650405727,-29.00234747415646,2.3552343650405727,-29.00234747415646,2.4366822160746864,-2.509416285066617,-0.2996054979246573
894.0,35.76,0.0,2.27819627124953,-29.066327254598157,2.27819627124953,-29.066327254598157,2.4486706807163694,-2.509416285066617,-0.2996054979246573
895.0,35.800000000000004,0.0,2.200396861365583,-29.1293789565404,2.200396861365583,-29.1293789565404,2.460659145358053,-2.509416285066617,-0.2996054979246573
896.0,35.84,0.0,2.121847315316759,-29.19149352250067,2.121847315316759,-29.19149352250067,2.4726476099997363,-2.509416285066617,-0.2996054979246573
897.0,35.88,0.0,2.04255892076128,-29.252662029665867,2.04255892076128,-29.252662029665867,2.48463607464142,-2.509416285066617,-0.2996054979246573
898.0,35.92,0.0,1.9625430714654712,-29.31287569117318,1.9625430714654712,-29.31287569117318,2.4966245392831032,-2.509416285066617,-0.2996054979246573
899.0,35.96,0.0,1.8818112656664525,-29.372125857371344,1.8818112656664525,-29.372125857371344,2.508613003924787,-2.509416285066617,-0.2996054979246573
900.0,36.0,0.0,1.8003751044198464,-29.43040401706228,1.8003751044198464,-29.43040401706228,2.52060146856647,-2.509416285066617,-0.2996054979246573
901.0,36.04,0.0,1.7182462899327384,-29.48770179872276,1.7182462899327384,-29.48770179872276,2.5325899332081536,-2.509416285066617,-0.2996054979246573
902.0,36.08,0.0,1.635436623882131,-29.544010971706065,1.635436623882131,-29.544010971706065,2.544578397849837,-2.509416285066617,-0.2996054979246573
903.0,36.12,0.0,1.551958005719135,-29.59932344742332,1.551958005719135,-29.59932344742332,2.5565668624915205,-2.509416285066617,-0.2996054979246573
904.0,36.160000000000004,0.0,0.9576809413213704,-29.29292836215666,0.9576809413213704,-29.29292836215666,2.6280015446837806,-2.384771276255453,-0.2788513449445083
905.0,36.2,0.0,0.36586626429550784,-28.98210738674277,0.36586626429550784,-28.98210738674277,2.699667135812991,-2.2601262674442886,-0.2580971919643593
906.0,36.24,0.0,-0.22341177604038504,-28.66689851903743,-0.22341177604038504,-28.66689851903743,2.7715636358791516,-2.1354812586331247,-0.23734303898421033
907.0,36.28,0.0,-0.810079569251321,-28.347341095975004,-0.810079569251321,-28.347341095975004,2.843691044882264,-2.0108362498219603,-0.21658888600406137
908.0,36.32,0.0,-1.3940641693395475,-28.023475781932852,-1.3940641693395475,-28.023475781932852,2.916049362822326,-1.8861912410107962,-0.19583473302391236
909.0,36.36,0.0,-1.975293320072869,-27.69534455658852,-1.975293320072869,-27.69534455658852,2.9886385896993386,-1.7615462321996318,-0.17508058004376342
910.0,36.4,0.0,-2.5536954800768035,-27.362990702274185,-2.5536954800768035,-27.362990702274185,3.061458725513302,-1.6369012233884679,-0.1543264270636144
911.0,36.44,0.0,-3.129199847680346,-27.026458790833278,-3.129199847680346,-27.026458790833278,3.1345097702642164,-1.5122562145773035,-0.13357227408346545
912.0,36.480000000000004,0.0,-3.701736385505209,-26.68579466998421,-3.701736385505209,-26.68579466998421,3.2077917239520817,-1.3876112057661394,-0.11281812110331646
913.0,36.52,0.0,-4.2712358447884995,-26.34104544919643,-4.2712358447884995,-26.34104544919643,3.2813045865768964,-1.262966196954975,-0.0920639681231675
914.0,36.56,0.0,-4.8376297894289335,-25.9922594850842,-4.8376297894289335,-25.9922594850842,3.3550483581386623,-1.138321188143811,-0.07130981514301851
915.0,36.6,0.0,-5.400850619746764,-25.639486366323883,-5.400850619746764,-25.639486366323883,3.4290230386373795,-1.0136761793326468,-0.05055566216286953
916.0,36.64,0.0,-5.960831595947745,-25.282776898100316,-5.960831595947745,-25.282776898100316,3.503228628073046,-0.8890311705214827,-0.029801509182720544
917.0,36.68,0.0,-6.517506861281563,-24.92218308608852,-6.517506861281563,-24.92218308608852,3.5776651264456634,-0.7643861617103184,-0.009047356202571563
918.0,36.72,0.0,-7.0708114648852955,-24.55775811997692,-7.0708114648852955,-24.55775811997692,3.6523325337552315,-0.6397411528991542,0.011706796777577418
919.0,36.76,0.0,-7.6206813843025785,-24.18955635653838,-7.6206813843025785,-24.18955635653838,3.727230850001751,-0.5150961440879901,0.0324609497577264
920.0,36.800000000000004,0.0,-8.16705354766933,-23.81763330225583,-8.16705354766933,-23.81763330225583,3.80236007518522,-0.39045113527682596,0.05321510273787537
921.0,36.84,0.0,-8.709865855556952,-23.442045595509235,-8.709865855556952,-23.442045595509235,3.877720209305641,-0.26580612646566176,0.07396925571802435
922.0,36.88,0.0,-9.249057202464162,-23.062850988330847,-9.249057202464162,-23.062850988330847,3.9533112523630107,-0.14116111765449763,0.09472340869817333
923.0,36.92,0.0,-9.784567497948656,-22.68010832773595,-9.784567497948656,-22.68010832773595,4.029133204357333,-0.016516108843333432,0.11547756167832232
924.0,36.96,0.0,-9.806196197752275,-22.654580454984355,-9.806196197752275,-22.654580454984355,4.045739847738028,-0.016516108843333432,0.11547756167832232
925.0,37.0,0.0,-9.82713404721289,-22.629038877541216,-9.82713404721289,-22.629038877541216,4.062346491118723,-0.016516108843333432,0.11547756167832232
926.0,37.04,0.0,-9.847386190984128,-22.603499957834206,-9.847386190984128,-22.603499957834206,4.078953134499419,-0.016516108843333432,0.11547756167832232
927.0,37.08,0.0,-9.866958139797948,-22.577979882000868,-9.866958139797948,-22.577979882000868,4.095559777880115,-0.016516108843333432,0.11547756167832232
928.0,37.12,0.0,-9.885855765878976,-22.55249465192392,-9.885855765878976,-22.55249465192392,4.1121664212608104,-0.016516108843333432,0.11547756167832232
929.0,37.160000000000004,0.0,-9.904085298188084,-22.52706007737486,-9.904085298188084,-22.52706007737486,4.128773064641505,-0.016516108843333432,0.11547756167832232
930.0,37.2,0.0,-9.921653317497643,-22.501691768269417,-9.921653317497643,-22.501691768269417,4.145379708022202,-0.016516108843333432,0.11547756167832232
931.0,37.24,0.0,-9.938566751300959,-22.47640512703854,-9.938566751300959,-22.47640512703854,4.161986351402897,-0.016516108843333432,0.11547756167832232
932.0,37.28,0.0,-9.95483286855854,-22.451215341118353,-9.95483286855854,-22.451215341118353,4.178592994783592,-0.016516108843333432,0.11547756167832232
933.0,37.32,0.0,-9.970459274283801,-22.426137375562575,-9.970459274283801,-22.426137375562575,4.195199638164288,-0.016516108843333432,0.11547756167832232
934.0,37.36,0.0,-9.985453903971013,-22.40118596578083,-9.985453903971013,-22.40118596578083,4.211806281544983,-0.016516108843333432,0.11547756167832232
935.0,37.4,0.0,-9.999825017868279,-22.37637561040615,-9.999825017868279,-22.37637561040615,4.228412924925679,-0.016516108843333432,0.11547756167832232
936.0,37.44,0.0,-10.01358119509843,-22.351720564295015,-10.01358119509843,-22.351720564295015,4.245019568306374,-0.016516108843333432,0.11547756167832232
937.0,37.480000000000004,0.0,-10.02673132763083,-22.327234831663095,-10.02673132763083,-22.327234831663095,4.26162621168707,-0.016516108843333432,0.11547756167832232
938.0,37.52,0.0,-10.039284614107066,-22.302932159359862,-10.039284614107066,-22.302932159359862,4.278232855067765,-0.016516108843333432,0.11547756167832232
939.0,37.56,0.0,-10.051250553523655,-22.27882603028521,-10.051250553523655,-22.27882603028521,4.294839498448461,-0.016516108843333432,0.11547756167832232
940.0,37.6,0.0,-10.06263893877492,-22.254929656951017,-10.06263893877492,-22.254929656951017,4.3114461418291565,-0.016516108843333432,0.11547756167832232
941.0,37.64,0.0,-10.073459850059253,-22.231255975190695,-10.073459850059253,-22.231255975190695,4.328052785209851,-0.016516108843333432,0.11547756167832232
942.0,37.68,0.0,-10.083723648152022,-22.207817638019534,-10.083723648152022,-22.207817638019534,4.344659428590548,-0.016516108843333432,0.11547756167832232
943.0,37.72,0.0,-10.093440967548535,-22.184627009648725,-10.093440967548535,-22.184627009648725,4.361266071971242,-0.016516108843333432,0.11547756167832232
944.0,37.76,0.0,-10.102622709480388,-22.16169615965569,-10.102622709480388,-22.16169615965569,4.377872715351939,-0.016516108843333432,0.11547756167832232
945.0,37.800000000000004,0.0,-10.111280034808699,-22.139036857313535,-10.111280034808699,-22.139036857313535,4.394479358732633,-0.016516108843333432,0.11547756167832232
946.0,37.84,0.0,-10.119424356797756,-22.11666056608208,-10.119424356797756,-22.11666056608208,4.411086002113329,-0.016516108843333432,0.11547756167832232
947.0,37.88,0.0,-10.127067333772619,-22.094578438263007,-10.127067333772619,-22.094578438263007,4.427692645494025,-0.016516108843333432,0.11547756167832232
948.0,37.92,0.0,-10.134220861664312,-22.072801309821653,-10.134220861664312,-22.072801309821653,4.44429928887472,-0.016516108843333432,0.11547756167832232
949.0,37.96,0.0,-10.14089706644629,-22.05133969537767,-10.14089706644629,-22.05133969537767,4.460905932255416,-0.016516108843333432,0.11547756167832232
950.0,38.0,0.0,-10.147108296465898,-22.030203783366904,-10.147108296465898,-22.030203783366904,4.47751257563611,-0.016516108843333432,0.11547756167832232
951.0,38.04,0.0,-10.152867114674589,-22.00940343137669,-10.152867114674589,-22.00940343137669,4.494119219016807,-0.016516108843333432,0.11547756167832232
952.0,38.08,0.0,-10.158186290760728,-21.988948161656616,-10.158186290760728,-21.988948161656616,4.510725862397502,-0.016516108843333432,0.11547756167832232
953.0,38.12,0.0,-10.163078793188824,-21.96884715680688,-10.163078793188824,-21.96884715680688,4.5273325057781975,-0.016516108843333432,0.11547756167832232
954.0,38.160000000000004,0.0,-10.167557781149139,-21.949109255646086,-10.167557781149139,-21.949109255646086,4.543939149158893,-0.016516108843333432,0.11547756167832232
955.0,38.2,0.0,-10.171636596421546,-21.9297429492604,-10.171636596421546,-21.9297429492604,4.560545792539588,-0.016516108843333432,0.11547756167832232
956.0,38.24,0.0,-10.175177260525501,-21.91111165884748,-10.175177260525501,-21.91111165884748,4.5769164965577485,-0.016916476449701477,0.11547572520180087
957.0,38.28,0.0,-10.178474358906133,-21.893291935684946,-10.178474358906133,-21.893291935684946,4.593033015760282,-0.017499069772247845,0.11546349463937125
958.0,38.32,0.0,-10.18073600699389,-21.87605835435893,-10.18073600699389,-21.87605835435893,4.608977491678706,-0.0188823983075303,0.11544759112389871
959.0,38.36,0.0,-10.182220957552754,-21.860234642435888,-10.182220957552754,-21.860234642435888,4.624714118015589,-0.020630178275169397,0.11541089943660983
960.0,38.4,0.0,-10.183980744898758,-21.845903820702,-10.183980744898758,-21.845903820702,4.640132048990663,-0.027772593792210497,0.11511993203284494
961.0,38.44,0.0,-10.1857285386765,-21.832053584589083,-10.1857285386765,-21.832053584589083,4.655561618661887,-0.0349150093092516,0.11482896462908007
962.0,38.480000000000004,0.0,-10.187479243857037,-21.818684959773815,-10.187479243857037,-21.818684959773815,4.51392319434977,-0.0420574248262927,0.11453799722531521
963.0,38.52,0.0,-10.189247805202942,-21.805798596592176,-10.189247805202942,-21.805798596592176,4.372296408733805,-0.0491998403433338,0.11424702982155036
964.0,38.56,0.0,-10.19219513918941,-21.79338044652002,-10.19219513918941,-21.79338044652002,4.230327080763216,-0.05953254943801613,0.11375332819712702
965.0,38.6,0.0,-10.19532347127349,-21.78145554672154,-10.19532347127349,-21.78145554672154,4.088377500857603,-0.06986525853269845,0.11325962657270368
966.0,38.64,0.0,-10.199153701262723,-21.769194503769977,-10.199153701262723,-21.769194503769977,3.9461783814357245,-0.07955605990094451,0.1128850914358761
967.0,38.68,0.0,-10.202835127748022,-21.757333963690932,-10.202835127748022,-21.757333963690932,3.8037401410975775,-0.08967164727860477,0.11254921370370703
968.0,38.72,0.0,-10.206637044177171,-21.746217695094817,-10.206637044177171,-21.746217695094817,3.661072123619435,-0.09927308906485938,0.11234272727535304
969.0,38.76,0.0,-10.210151894524735,-21.73510380780708,-10.210151894524735,-21.73510380780708,3.5182224602392225,-0.10972410286994239,0.112213555656316
970.0,38.800000000000004,0.0,-10.212849819410106,-21.72475500712725,-10.212849819410106,-21.72475500712725,3.375139978152016,-0.11991284358761845,0.11225843423383859
971.0,38.84,0.0,-10.21667820618715,-21.71457791496774,-10.21667820618715,-21.71457791496774,3.231917469507869,-0.13096903827967146,0.11254267484106564
972.0,38.88,0.0,-10.219981648527574,-21.705589565504503,-10.219981648527574,-21.705589565504503,3.088525701233719,-0.14178650479284446,0.11376268157219731
973.0,38.92,0.0,-10.021022950746083,-22.142649545272924,-10.021022950746083,-22.142649545272924,3.0233192984080377,-0.14724651559300064,0.10971539784484122
974.0,38.96,0.0,-9.829874238564713,-22.58025148547366,-9.829874238564713,-22.58025148547366,2.95801235090956,-0.14808579413925985,0.10809360744445926
975.0,39.0,0.0,-9.643958380716974,-23.01724530417063,-9.643958380716974,-23.01724530417063,2.8923488917904185,-0.14892507268551908,0.1064718170440773
976.0,39.04,0.0,-9.463426412687005,-23.45320373866342,-9.463426412687005,-23.45320373866342,2.82656486041315,-0.14936398362541023,0.1048518631202168
977.0,39.08,0.0,-9.288463232808677,-23.889654337894356,-9.288463232808677,-23.889654337894356,2.759390733567821,-0.1491533881920724,0.1028499278888331
978.0,39.12,0.0,-9.122199629531298,-24.32804115496666,-9.122199629531298,-24.32804115496666,2.6915155943053866,-0.1468007792658358,0.10092874361443696
979.0,39.160000000000004,0.0,-8.95987738889848,-24.76186396090526,-8.95987738889848,-24.76186396090526,2.6232117839694906,-0.14867163683750856,0.0991361096908443
980.0,39.2,0.0,-8.802176854281472,-25.195457333435698,-8.802176854281472,-25.195457333435698,2.5544061955542445,-0.14254665539090308,0.09779434419313374
981.0,39.24,0.0,-8.64848537134604,-25.625874551746723,-8.64848537134604,-25.625874551746723,2.4848936107996065,-0.14526610130809728,0.0960626899899741
982.0,39.28,1.0,-8.49808801315188,-26.056867113170163,-8.49808801315188,-26.056867113170163,2.5718231832739926,-0.1588346824735445,0.09501764533795766
983.0,39.32,0.0,-8.353509330146165,-26.48670075347631,-8.353509330146165,-26.48670075347631,2.658332900771867,-0.1724032636389917,0.09397260068594122
984.0,39.36,0.0,-8.213596324447206,-26.915322826973856,-8.213596324447206,-26.915322826973856,2.7447769443440047,-0.18278155122679768,0.09313029025458323
985.0,39.4,0.0,-8.079353558423085,-27.342641290820257,-8.079353558423085,-27.342641290820257,2.830793023570804,-0.1931598388146037,0.09228797982322526
986.0,39.44,1.0,-7.953140559744446,-27.7686127998804,-7.953140559744446,-27.7686127998804,2.91574523021051,-0.19811802365500983,0.08866218514912323
987.0,39.480000000000004,1.0,-7.834356784386344,-28.194015409245093,-7.834356784386344,-28.194015409245093,3.000302009076827,-0.20355248842398826,0.08439863137315301
988.0,39.52,1.0,-7.715642834110376,-28.618399417249783,-7.715642834110376,-28.618399417249783,3.0843305988705665,-0.2106524084328023,0.0800879125389128
989.0,39.56,1.0,-7.601998491103215,-29.04164100459237,-7.601998491103215,-29.04164100459237,3.167846416606235,-0.21643686395537615,0.07554499947386473
990.0,39.6,1.0,-7.495570203058323,-29.463788780159792,-7.495570203058323,-29.463788780159792,3.2508148806680524,-0.2155081580941139,0.07135905402486362
991.0,39.64,0.0,-7.393987883856778,-29.884790430406365,-7.393987883856778,-29.884790430406365,3.3333138274045155,-0.21371199825847462,0.06693374654615805
992.0,39.68,0.0,-7.298914634124756,-30.303581379293114,-7.298914634124756,-30.303581379293114,3.4153724898886866,-0.21215456660171536,0.06157267294354788
993.0,39.72,0.0,-7.41203273797628,-30.275009010955216,-7.41203273797628,-30.275009010955216,3.4182998440847774,-0.21835591655466277,0.06054732110004044
994.0,39.76,0.0,-7.527002166266383,-30.24466699748723,-7.527002166266383,-30.24466699748723,3.420650206877171,-0.23121260586936568,0.05746954876194647
995.0,39.800000000000004,1.0,-7.655939589339991,-30.20861898883797,-7.655939589339991,-30.20861898883797,3.42239868176856,-0.19233530048256228,0.052543406495766484
996.0,39.84,1.0,-7.783675785881384,-30.172770523407387,-7.783675785881384,-30.172770523407387,3.423920131510242,-0.15345799509575891,0.0476172642295865
997.0,39.88,1.0,-7.909750922150559,-30.135483699003892,-7.909750922150559,-30.135483699003892,3.426502324765239,-0.11504797036600618,0.04308349735683788
998.0,39.92,1.0,-8.031845057725125,-30.09550556068033,-8.031845057725125,-30.09550556068033,3.4293740369510815,-0.07797922391641618,0.03847265248014459
999.0,39.96,0.0,-8.154475919033684,-30.058477773830663,-8.154475919033684,-30.058477773830663,3.432298733021553,-0.03632255953656012,0.03375404542446419
1000.0,40.0,0.0,-8.275929184150595,-30.01994741194839,-8.275929184150595,-30.01994741194839,3.435460365762817,0.0027329013744196717,0.028838845659377676
1001.0,40.04,0.0,-8.39712117319051,-29.98383769745339,-8.39712117319051,-29.98383769745339,3.4387338193769503,0.050632789649199136,0.02431353459974024
1002.0,40.08,1.0,-8.521433251691017,-29.944063795886983,-8.521433251691017,-29.944063795886983,3.4422078178966715,0.12382034403791398,0.01888064556683846
1003.0,40.12,1.0,-8.655825366789726,-29.900685269759247,-8.655825366789726,-29.900685269759247,3.444475030164618,0.1985506155008577,0.01283142123455408
1004.0,40.160000000000004,0.0,-8.788656225390906,-29.85753471859199,-8.788656225390906,-29.85753471859199,3.446582736617647,0.2732808869638014,0.006782196902269696
1005.0,40.2,0.0,-8.919932393515143,-29.814639430117758,-8.919932393515143,-29.814639430117758,3.4485309372557564,0.3480111584267451,0.000732972569985314
1006.0,40.24,0.0,-9.046786014769628,-29.77283204171142,-9.046786014769628,-29.77283204171142,3.4512248279019446,0.4166794194158527,-0.002651934007150782
1007.0,40.28,0.0,-9.171514622496208,-29.731419404935213,-9.171514622496208,-29.731419404935213,3.453611373661599,0.48949237956822084,-0.005921560894981132
1008.0,40.32,0.0,-9.302818902288648,-29.68755402818739,-9.302818902288648,-29.68755402818739,3.4558139926851426,0.5627463160862404,-0.00951701888365358
1009.0,40.36,0.0,-9.432153072306184,-29.64317982132753,-9.432153072306184,-29.64317982132753,3.458047000763984,0.6355223944367818,-0.013136331021899383
1010.0,40.4,0.0,-9.563474240236971,-29.598533917624547,-9.563474240236971,-29.598533917624547,3.4601744999134825,0.7010822020650636,-0.017327098688613513
1011.0,40.44,1.0,-9.693372736769089,-29.554105575307112,-9.693372736769089,-29.554105575307112,3.4623286803296836,0.7666420096933452,-0.021517866355327642
1012.0,40.480000000000004,0.0,-9.821137664353923,-29.51015140181756,-9.821137664353923,-29.51015140181756,3.4645316220920024,0.8133407862844718,-0.025156632036674627
1013.0,40.52,0.0,-9.94552699630903,-29.467432748924573,-9.94552699630903,-29.467432748924573,3.4646898065877947,0.8245779579881949,-0.026256653287044962
1014.0,40.56,0.0,-10.065624852163252,-29.425047831215455,-10.065624852163252,-29.425047831215455,3.4649004575946387,0.837849736799777,-0.027729747369802892
1015.0,40.6,0.0,-10.17189813188152,-29.38803877963243,-10.17189813188152,-29.38803877963243,3.4654444385577095,0.7993875209098524,-0.027354471524474816
1016.0,40.64,1.0,-10.279522118034723,-29.35052753049783,-10.279522118034723,-29.35052753049783,3.465946886725709,0.760925305019928,-0.02697919567914673
1017.0,40.68,0.0,-10.388495603863806,-29.312510978127687,-10.388495603863806,-29.312510978127687,3.466407802098638,0.7224630891300036,-0.02660391983381865
1018.0,40.72,1.0,-10.49881738217275,-29.27398601746014,-10.49881738217275,-29.27398601746014,3.4668271846764966,0.6840008732400791,-0.026228643988490563
1019.0,40.76,0.0,-10.610486245308536,-29.234949543993274,-10.610486245308536,-29.234949543993274,3.4672050344592833,0.6455386573501547,-0.025853368143162487
1020.0,40.800000000000004,0.0,-10.723500985140515,-29.19539845372313,-10.723500985140515,-29.19539845372313,3.4675413514469993,0.6070764414602302,-0.025478092297834397
1021.0,40.84,2.0,-10.83786039303917,-29.155329643082023,-10.83786039303917,-29.155329643082023,3.467836135639645,0.5686142255703057,-0.02510281645250632
1022.0,40.88,2.0,-10.950898020908665,-29.117036059648008,-10.950898020908665,-29.117036059648008,3.4679311421155754,0.515713478814699,-0.024506572185057095
1023.0,40.92,2.0,-11.053128580464175,-29.082151950992632,-11.053128580464175,-29.082151950992632,3.4690160815582005,0.46127001498486325,-0.023293992618225273
1024.0,40.96,2.0,-11.156198849178683,-29.04687118567447,-11.156198849178683,-29.04687118567447,3.4700436735306632,0.40682655115502764,-0.02208141305139345
1025.0,41.0,2.0,-11.260108115813242,-29.01119285100134,-11.260108115813242,-29.01119285100134,3.471013918032964,0.35238308732519197,-0.020868833484561623
1026.0,41.04,2.0,-11.364855682666875,-28.975116031033338,-11.364855682666875,-28.975116031033338,3.4719268150651046,0.2979396234953563,-0.0196562539177298
1027.0,41.08,2.0,-11.469606357553165,-28.937777787674555,-11.469606357553165,-28.937777787674555,3.4731565361079952,0.24025252644024656,-0.017959852342993993
1028.0,41.12,2.0,-11.572759869708431,-28.90208981024701,-11.572759869708431,-28.90208981024701,3.474703080534127,0.18327576266791548,-0.016019845912961194
1029.0,41.160000000000004,2.0,-11.678279291575983,-28.866931831656906,-11.678279291575983,-28.866931831656906,3.476288584299662,0.12631096459565053,-0.013901105911864137
1030.0,41.2,2.0,-11.780599643477807,-28.831213025056893,-11.780599643477807,-28.831213025056893,3.4781346998099414,0.06958700277440233,-0.011741928194905363
1031.0,41.24,2.0,-11.883561202639811,-28.795047150621066,-11.883561202639811,-28.795047150621066,3.4799386083703725,0.012863040953154131,-0.00958275047794659
1032.0,41.28,2.0,-11.987874267989117,-28.75818219468067,-11.987874267989117,-28.75818219468067,3.4816782299015387,-0.024999889830938926,-0.007975574746354963
1033.0,41.32,2.0,-12.094842054122344,-28.720106630955105,-12.094842054122344,-28.720106630955105,3.4857834819734017,-0.024999889830938926,-0.007975574746354963
1034.0,41.36,2.0,-12.20165379652225,-28.681591501193054,-12.20165379652225,-28.681591501193054,3.4898887340452647,-0.024999889830938926,-0.007975574746354963
1035.0,41.4,2.0,-12.308307678001572,-28.642637448875746,-12.308307678001572,-28.642637448875746,3.493993986117128,-0.024999889830938926,-0.007975574746354963
1036.0,41.44,2.0,-12.414801884043005,-28.603245125040974,-12.414801884043005,-28.603245125040974,3.498099238188991,-0.024999889830938926,-0.007975574746354963
1037.0,41.480000000000004,2.0,-12.52113460283081,-28.56341518827194,-12.52113460283081,-28.56341518827194,3.5022044902608536,-0.024999889830938926,-0.007975574746354963
1038.0,41.52,2.0,-12.627304025282363,-28.523148304685986,-12.627304025282363,-28.523148304685986,3.5063097423327165,-0.024999889830938926,-0.007975574746354963
1039.0,41.56,2.0,-12.733308345079665,-28.48244514792318,-12.733308345079665,-28.48244514792318,3.5104149944045795,-0.024999889830938926,-0.007975574746354963
1040.0,41.6,2.0,-12.839145758700798,-28.44130639913478,-12.839145758700798,-28.44130639913478,3.5145202464764425,-0.024999889830938926,-0.007975574746354963
1041.0,41.64,2.0,-12.944814465451344,-28.399732746971544,-12.944814465451344,-28.399732746971544,3.5186254985483054,-0.024999889830938926,-0.007975574746354963
1042.0,41.68,2.0,-13.050312667495742,-28.35772488757194,-13.050312667495742,-28.35772488757194,3.5227307506201684,-0.024999889830938926,-0.007975574746354963
1043.0,41.72,2.0,-13.1556385698886,-28.31528352455019,-13.1556385698886,-28.31528352455019,3.5268360026920313,-0.024999889830938926,-0.007975574746354963
1044.0,41.76,2.0,-13.260790380605968,-28.27240936898418,-13.260790380605968,-28.27240936898418,3.5309412547638943,-0.024999889830938926,-0.007975574746354963
1045.0,41.800000000000004,2.0,-13.365766310576529,-28.229103139403332,-13.365766310576529,-28.229103139403332,3.5350465068357577,-0.024999889830938926,-0.007975574746354963
1046.0,41.84,2.0,-13.470564573712782,-28.185365561776177,-13.470564573712782,-28.185365561776177,3.5391517589076202,-0.024999889830938926,-0.007975574746354963
1047.0,41.88,2.0,-13.575183386942138,-28.141197369497938,-13.575183386942138,-28.141197369497938,3.543257010979483,-0.024999889830938926,-0.007975574746354963
1048.0,41.92,2.0,-13.67962097023798,-28.09659930337794,-13.67962097023798,-28.09659930337794,3.547362263051346,-0.024999889830938926,-0.007975574746354963
1049.0,41.96,2.0,-13.783875546650663,-28.051572111626854,-13.783875546650663,-28.051572111626854,3.551467515123209,-0.024999889830938926,-0.007975574746354963
1050.0,42.0,2.0,-13.887945342338472,-28.006116549843874,-13.887945342338472,-28.006116549843874,3.555572767195072,-0.024999889830938926,-0.007975574746354963
1051.0,42.04,2.0,-13.99182858659851,-27.96023338100369,-13.99182858659851,-27.96023338100369,3.559678019266935,-0.024999889830938926,-0.007975574746354963
1052.0,42.08,2.0,-14.095523511897543,-27.91392337544341,-14.095523511897543,-27.91392337544341,3.563783271338798,-0.024999889830938926,-0.007975574746354963
1053.0,42.12,2.0,-14.19902835390279,-27.86718731084928,-14.19902835390279,-27.86718731084928,3.567888523410661,-0.024999889830938926,-0.007975574746354963
1054.0,42.160000000000004,2.0,-14.302341351512638,-27.820025972243343,-14.302341351512638,-27.820025972243343,3.571993775482524,-0.024999889830938926,-0.007975574746354963
1055.0,42.2,2.0,-14.40546074688734,-27.772440151969896,-14.40546074688734,-27.772440151969896,3.576099027554387,-0.024999889830938926,-0.007975574746354963
1056.0,42.24,2.0,-14.508384785479612,-27.724430649681885,-14.508384785479612,-27.724430649681885,3.58020427962625,-0.024999889830938926,-0.007975574746354963
1057.0,42.28,2.0,-14.611111716065206,-27.67599827232712,-14.611111716065206,-27.67599827232712,3.584309531698113,-0.024999889830938926,-0.007975574746354963
1058.0,42.32,2.0,-14.713639790773405,-27.627143834134408,-14.713639790773405,-27.627143834134408,3.588414783769976,-0.024999889830938926,-0.007975574746354963
1059.0,42.36,2.0,-14.815967265117475,-27.5778681565995,-14.815967265117475,-27.5778681565995,3.5925200358418388,-0.024999889830938926,-0.007975574746354963
1060.0,42.4,2.0,-14.918092398025035,-27.52817206847098,-14.918092398025035,-27.52817206847098,3.5966252879137017,-0.024999889830938926,-0.007975574746354963
1061.0,42.44,2.0,-15.020013451868403,-27.478056405735963,-15.020013451868403,-27.478056405735963,3.6007305399855647,-0.024999889830938926,-0.007975574746354963
1062.0,42.480000000000004,2.0,-15.121728692494841,-27.427522011605703,-15.121728692494841,-27.427522011605703,3.604835792057428,-0.024999889830938926,-0.007975574746354963
1063.0,42.52,2.0,-15.223236389256778,-27.37656973650105,-15.223236389256778,-27.37656973650105,3.6089410441292906,-0.024999889830938926,-0.007975574746354963
1064.0,42.56,2.0,-15.324534815041943,-27.325200438037825,-15.324534815041943,-27.325200438037825,3.6130462962011536,-0.024999889830938926,-0.007975574746354963
1065.0,42.6,2.0,-15.425622246303448,-27.273414981011996,-15.425622246303448,-27.273414981011996,3.6171515482730165,-0.024999889830938926,-0.007975574746354963
1066.0,42.64,2.0,-15.526496963089812,-27.22121423738479,-15.526496963089812,-27.22121423738479,3.6212568003448795,-0.024999889830938926,-0.007975574746354963
1067.0,42.68,2.0,-15.627157249074912,-27.16859908626764,-15.627157249074912,-27.16859908626764,3.625362052416743,-0.024999889830938926,-0.007975574746354963
1068.0,42.72,2.0,-15.727601391587886,-27.11557041390707,-15.727601391587886,-27.11557041390707,3.629467304488606,-0.024999889830938926,-0.007975574746354963
1069.0,42.76,2.0,-15.827827681642958,-27.06212911366933,-15.827827681642958,-27.06212911366933,3.6335725565604684,-0.024999889830938926,-0.007975574746354963
1070.0,42.800000000000004,2.0,-15.9278344139692,-27.008276086025045,-15.9278344139692,-27.008276086025045,3.6376778086323314,-0.024999889830938926,-0.007975574746354963
1071.0,42.84,2.0,-16.027619887040245,-26.954012238533657,-16.027619887040245,-26.954012238533657,3.6417830607041943,-0.024999889830938926,-0.007975574746354963
1072.0,42.88,2.0,-16.12718240310391,-26.899338485827748,-16.12718240310391,-26.899338485827748,3.6458883127760573,-0.024999889830938926,-0.007975574746354963
1073.0,42.92,2.0,-16.22652026821176,-26.844255749597274,-16.22652026821176,-26.844255749597274,3.6499935648479203,-0.024999889830938926,-0.007975574746354963
1074.0,42.96,2.0,-16.325631792248654,-26.788764958573626,-16.325631792248654,-26.788764958573626,3.654098816919783,-0.024999889830938926,-0.007975574746354963
1075.0,43.0,2.0,-16.42451528896212,-26.732867048513622,-16.42451528896212,-26.732867048513622,3.658204068991646,-0.024999889830938926,-0.007975574746354963
1076.0,43.04,2.0,-16.523169075991763,-26.676562962183333,-16.523169075991763,-26.676562962183333,3.662309321063509,-0.024999889830938926,-0.007975574746354963
1077.0,43.08,2.0,-16.62159147489856,-26.619853649341803,-16.62159147489856,-26.619853649341803,3.6664145731353726,-0.024999889830938926,-0.007975574746354963
1078.0,43.12,2.0,-16.71978081119409,-26.562740066724626,-16.71978081119409,-26.562740066724626,3.670519825207235,-0.024999889830938926,-0.007975574746354963
1079.0,43.160000000000004,2.0,-16.8177354143697,-26.505223178027443,-16.8177354143697,-26.505223178027443,3.674625077279098,-0.024999889830938926,-0.007975574746354963
1080.0,43.2,2.0,-16.915453617925586,-26.447303953889275,-16.915453617925586,-26.447303953889275,3.678730329350961,-0.024999889830938926,-0.007975574746354963
1081.0,43.24,2.0,-17.012933759399825,-26.388983371875742,-17.012933759399825,-26.388983371875742,3.682835581422824,-0.024999889830938926,-0.007975574746354963
1082.0,43.28,2.0,-17.110174180397355,-26.330262416462183,-17.110174180397355,-26.330262416462183,3.686940833494687,-0.024999889830938926,-0.007975574746354963
1083.0,43.32,2.0,-17.2071732266188,-26.271142079016624,-17.2071732266188,-26.271142079016624,3.69104608556655,-0.024999889830938926,-0.007975574746354963
1084.0,43.36,2.0,-17.303929247889336,-26.21162335778265,-17.303929247889336,-26.21162335778265,3.695151337638413,-0.024999889830938926,-0.007975574746354963
1085.0,43.4,2.0,-17.40044059818739,-26.151707257862135,-17.40044059818739,-26.151707257862135,3.699256589710276,-0.024999889830938926,-0.007975574746354963
1086.0,43.44,2.0,-17.49670563567334,-26.09139479119787,-17.49670563567334,-26.09139479119787,3.703361841782139,-0.024999889830938926,-0.007975574746354963
1087.0,43.480000000000004,2.0,-17.592722722718072,-26.030686976556034,-17.592722722718072,-26.030686976556034,3.7074670938540017,-0.024999889830938926,-0.007975574746354963
1088.0,43.52,2.0,-17.688490225931528,-25.969584839508627,-17.688490225931528,-25.969584839508627,3.7115723459258647,-0.024999889830938926,-0.007975574746354963
1089.0,43.56,2.0,-17.784006516191134,-25.90808941241566,-17.784006516191134,-25.90808941241566,3.7156775979977277,-0.024999889830938926,-0.007975574746354963
1090.0,43.6,2.0,-17.87926996867018,-25.846201734407355,-17.87926996867018,-25.846201734407355,3.7197828500695906,-0.024999889830938926,-0.007975574746354963
1091.0,43.64,2.0,-17.9742789628661,-25.783922851366118,-17.9742789628661,-25.783922851366118,3.7238881021414536,-0.024999889830938926,-0.007975574746354963
1092.0,43.68,2.0,-18.06903188262872,-25.721253815908472,-18.06903188262872,-25.721253815908472,3.7279933542133166,-0.024999889830938926,-0.007975574746354963
1093.0,43.72,2.0,-18.16352711618837,-25.658195687366817,-18.16352711618837,-25.658195687366817,3.7320986062851795,-0.024999889830938926,-0.007975574746354963
1094.0,43.76,2.0,-18.257763056183958,-25.594749531771114,-18.257763056183958,-25.594749531771114,3.736203858357043,-0.024999889830938926,-0.007975574746354963
1095.0,43.800000000000004,2.0,-18.351738099690984,-25.530916421830405,-18.351738099690984,-25.530916421830405,3.7403091104289055,-0.024999889830938926,-0.007975574746354963
1096.0,43.84,2.0,-18.445450648249405,-25.466697436914256,-18.445450648249405,-25.466697436914256,3.7444143625007684,-0.024999889830938926,-0.007975574746354963
1097.0,43.88,2.0,-18.538899107891524,-25.402093663034083,-18.538899107891524,-25.402093663034083,3.7485196145726314,-0.024999889830938926,-0.007975574746354963
1098.0,43.92,2.0,-18.632081889169694,-25.33710619282431,-18.632081889169694,-25.33710619282431,3.7526248666444944,-0.024999889830938926,-0.007975574746354963
1099.0,43.96,2.0,-18.724997407184027,-25.271736125523486,-18.724997407184027,-25.271736125523486,3.7567301187163578,-0.024999889830938926,-0.007975574746354963
1100.0,44.0,2.0,-18.81764408160997,-25.205984566955213,-18.81764408160997,-25.205984566955213,3.7608353707882207,-0.024999889830938926,-0.007975574746354963
1101.0,44.04,2.0,-18.91002033672584,-25.139852629509,-18.91002033672584,-25.139852629509,3.7649406228600832,-0.024999889830938926,-0.007975574746354963
1102.0,44.08,2.0,-19.002124601440233,-25.073341432121016,-19.002124601440233,-25.073341432121016,3.769045874931946,-0.024999889830938926,-0.007975574746354963
1103.0,44.12,2.0,-19.093955309319412,-25.00645210025466,-19.093955309319412,-25.00645210025466,3.773151127003809,-0.024999889830938926,-0.007975574746354963
1104.0,44.160000000000004,2.0,-19.18551089861454,-24.939185765881113,-19.18551089861454,-24.939185765881113,3.777256379075672,-0.024999889830938926,-0.007975574746354963
1105.0,44.2,2.0,-19.276789812288907,-24.871543567459675,-19.276789812288907,-24.871543567459675,3.781361631147535,-0.024999889830938926,-0.007975574746354963
1106.0,44.24,2.0,-19.367790498045007,-24.803526649918062,-19.367790498045007,-24.803526649918062,3.785466883219398,-0.024999889830938926,-0.007975574746354963
1107.0,44.28,2.0,-19.45851140835159,-24.735136164632557,-19.45851140835159,-24.735136164632557,3.789572135291261,-0.024999889830938926,-0.007975574746354963
1108.0,44.32,2.0,-19.548951000470574,-24.666373269408048,-19.548951000470574,-24.666373269408048,3.793677387363124,-0.024999889830938926,-0.007975574746354963
1109.0,44.36,2.0,-19.639107736483933,-24.59723912845798,-19.639107736483933,-24.59723912845798,3.7977826394349874,-0.024999889830938926,-0.007975574746354963
1110.0,44.4,2.0,-19.728980083320444,-24.527734912384126,-19.728980083320444,-24.527734912384126,3.80188789150685,-0.024999889830938926,-0.007975574746354963
1111.0,44.44,2.0,-19.818566512782386,-24.45786179815634,-19.818566512782386,-24.45786179815634,3.805993143578713,-0.024999889830938926,-0.007975574746354963
1112.0,44.480000000000004,2.0,-19.90786550157214,-24.387620969092133,-19.90786550157214,-24.387620969092133,3.810098395650576,-0.024999889830938926,-0.007975574746354963
1113.0,44.52,2.0,-19.99687553131871,-24.317013614836135,-19.99687553131871,-24.317013614836135,3.814203647722439,-0.024999889830938926,-0.007975574746354963
1114.0,44.56,2.0,-20.085595088604144,-24.246040931339497,-20.085595088604144,-24.246040931339497,3.8183088997943018,-0.024999889830938926,-0.007975574746354963
1115.0,44.6,2.0,-20.17402266498988,-24.174704120839117,-20.17402266498988,-24.174704120839117,3.8224141518661647,-0.024999889830938926,-0.007975574746354963
1116.0,44.64,2.0,-20.26215675704301,-24.103004391836812,-20.26215675704301,-24.103004391836812,3.8265194039380277,-0.024999889830938926,-0.007975574746354963
1117.0,44.68,2.0,-20.349995866362416,-24.030942959078352,-20.349995866362416,-24.030942959078352,3.8306246560098907,-0.024999889830938926,-0.007975574746354963
1118.0,44.72,2.0,-20.43753849960491,-23.95852104353237,-20.43753849960491,-23.95852104353237,3.8347299080817536,-0.024999889830938926,-0.007975574746354963
1119.0,44.76,2.0,-20.524783168511156,-23.885739872369207,-20.524783168511156,-23.885739872369207,3.8388351601536166,-0.024999889830938926,-0.007975574746354963
1120.0,44.800000000000004,2.0,-20.61172838993162,-23.812600678939607,-20.61172838993162,-23.812600678939607,3.8429404122254796,-0.024999889830938926,-0.007975574746354963
1121.0,44.84,2.0,-20.69837268585237,-23.7391047027533,-20.69837268585237,-23.7391047027533,3.8470456642973425,-0.024999889830938926,-0.007975574746354963
1122.0,44.88,2.0,-20.784714583420772,-23.665253189457523,-20.784714583420772,-23.665253189457523,3.8511509163692055,-0.024999889830938926,-0.007975574746354963
1123.0,44.92,2.0,-20.870752614971153,-23.591047390815405,-20.870752614971153,-23.591047390815405,3.8552561684410684,-0.024999889830938926,-0.007975574746354963
1124.0,44.96,2.0,-20.95648531805034,-23.51648856468421,-20.95648531805034,-23.51648856468421,3.8593614205129314,-0.024999889830938926,-0.007975574746354963
1125.0,45.0,2.0,-21.04191123544308,-23.441577974993535,-21.04191123544308,-23.441577974993535,3.8634666725847944,-0.024999889830938926,-0.007975574746354963
1126.0,45.04,2.0,-21.127028915197435,-23.366316891723365,-21.127028915197435,-23.366316891723365,3.867571924656658,-0.024999889830938926,-0.007975574746354963
1127.0,45.08,2.0,-21.211836910650003,-23.29070659088203,-21.211836910650003,-23.29070659088203,3.8716771767285203,-0.024999889830938926,-0.007975574746354963
1128.0,45.12,2.0,-21.29633378045114,-23.214748354484044,-21.29633378045114,-23.214748354484044,3.8757824288003833,-0.024999889830938926,-0.007975574746354963
1129.0,45.160000000000004,2.0,-21.38051808858998,-23.13844347052786,-21.38051808858998,-23.13844347052786,3.8798876808722462,-0.024999889830938926,-0.007975574746354963
1130.0,45.2,2.0,-21.464388404419477,-23.061793232973518,-21.464388404419477,-23.061793232973518,3.883992932944109,-0.024999889830938926,-0.007975574746354963
1131.0,45.24,2.0,-21.547943302681254,-22.984798941720147,-21.547943302681254,-22.984798941720147,3.8880981850159726,-0.024999889830938926,-0.007975574746354963
1132.0,45.28,2.0,-21.631181363530416,-22.90746190258342,-21.631181363530416,-22.90746190258342,3.8922034370878356,-0.024999889830938926,-0.007975574746354963
1133.0,45.32,2.0,-21.714101172560248,-22.82978342727289,-21.714101172560248,-22.82978342727289,3.896308689159698,-0.024999889830938926,-0.007975574746354963
1134.0,45.36,2.0,-21.79670132082682,-22.751764833369172,-21.79670132082682,-22.751764833369172,3.900413941231561,-0.024999889830938926,-0.007975574746354963
1135.0,45.4,2.0,-21.878980404873495,-22.673407444301098,-21.878980404873495,-22.673407444301098,3.904519193303424,-0.024999889830938926,-0.007975574746354963
1136.0,45.44,2.0,-21.960937026755342,-22.594712589322707,-21.960937026755342,-22.594712589322707,3.908624445375287,-0.024999889830938926,-0.007975574746354963
1137.0,45.480000000000004,2.0,-22.042569794063454,-22.51568160349019,-22.042569794063454,-22.51568160349019,3.91272969744715,-0.024999889830938926,-0.007975574746354963
1138.0,45.52,2.0,-22.12387731994916,-22.43631582763866,-22.12387731994916,-22.43631582763866,3.916834949519013,-0.024999889830938926,-0.007975574746354963
1139.0,45.56,2.0,-22.204858223148154,-22.356616608358884,-22.204858223148154,-22.356616608358884,3.920940201590876,-0.024999889830938926,-0.007975574746354963
1140.0,45.6,2.0,-22.28551112800451,-22.2765852979739,-22.28551112800451,-22.2765852979739,3.925045453662739,-0.024999889830938926,-0.007975574746354963
1141.0,45.64,2.0,-22.36583466449462,-22.196223254515505,-22.36583466449462,-22.196223254515505,3.9291507057346022,-0.024999889830938926,-0.007975574746354963
1142.0,45.68,2.0,-22.445827468251007,-22.115531841700673,-22.445827468251007,-22.115531841700673,3.9332559578064648,-0.024999889830938926,-0.007975574746354963
1143.0,45.72,2.0,-22.525488180586052,-22.034512428907853,-22.525488180586052,-22.034512428907853,3.9373612098783277,-0.024999889830938926,-0.007975574746354963
1144.0,45.76,2.0,-22.604815448515616,-21.95316639115319,-22.604815448515616,-21.95316639115319,3.9414664619501907,-0.024999889830938926,-0.007975574746354963
1145.0,45.800000000000004,2.0,-22.683807924782588,-21.871495109066615,-22.683807924782588,-21.871495109066615,3.9455717140220536,-0.024999889830938926,-0.007975574746354963
1146.0,45.84,2.0,-22.762464267880283,-21.789499968867876,-22.762464267880283,-21.789499968867876,3.9496769660939166,-0.024999889830938926,-0.007975574746354963
1147.0,45.88,2.0,-22.840783142075782,-21.707182362342426,-22.840783142075782,-21.707182362342426,3.9537822181657796,-0.024999889830938926,-0.007975574746354963
1148.0,45.92,2.0,-22.91876321743315,-21.624543686817255,-22.91876321743315,-21.624543686817255,3.9578874702376425,-0.024999889830938926,-0.007975574746354963
1149.0,45.96,2.0,-22.99640316983656,-21.541585345136603,-22.99640316983656,-21.541585345136603,3.9619927223095055,-0.024999889830938926,-0.007975574746354963
1150.0,46.0,2.0,-23.07370168101331,-21.458308745637563,-23.07370168101331,-21.458308745637563,3.9660979743813685,-0.024999889830938926,-0.007975574746354963
1151.0,46.04,2.0,-23.15065743855674,-21.374715302125626,-23.15065743855674,-21.374715302125626,3.9702032264532314,-0.024999889830938926,-0.007975574746354963
1152.0,46.08,2.0,-23.227269135949033,-21.290806433850083,-23.227269135949033,-21.290806433850083,3.9743084785250944,-0.024999889830938926,-0.007975574746354963
1153.0,46.12,2.0,-23.303535472583953,-21.20658356547938,-23.303535472583953,-21.20658356547938,3.978413730596958,-0.024999889830938926,-0.007975574746354963
1154.0,46.160000000000004,2.0,-23.37945515378942,-21.122048127076344,-23.37945515378942,-21.122048127076344,3.9825189826688203,-0.024999889830938926,-0.007975574746354963
1155.0,46.2,2.0,-23.455026890850025,-21.037201554073313,-23.455026890850025,-21.037201554073313,3.9866242347406837,-0.024999889830938926,-0.007975574746354963
1156.0,46.24,2.0,-23.530249401029426,-20.95204528724719,-23.530249401029426,-20.95204528724719,3.9907294868125467,-0.024999889830938926,-0.007975574746354963
1157.0,46.28,2.0,-23.60512140759264,-20.8665807726944,-23.60512140759264,-20.8665807726944,3.9948347388844097,-0.024999889830938926,-0.007975574746354963
1158.0,46.32,2.0,-23.679641639828226,-20.780809461805752,-23.679641639828226,-20.780809461805752,3.9989399909562735,-0.024999889830938926,-0.007975574746354963
1159.0,46.36,2.0,-23.753808833070373,-20.694732811241177,-23.753808833070373,-20.694732811241177,4.0030452430281365,-0.024999889830938926,-0.007975574746354963
1160.0,46.4,2.0,-23.82762172872085,-20.60835228290444,-23.82762172872085,-20.60835228290444,4.007150495099999,-0.024999889830938926,-0.007975574746354963
1161.0,46.44,2.0,-23.901079074270903,-20.52166934391769,-23.901079074270903,-20.52166934391769,4.011255747171862,-0.024999889830938926,-0.007975574746354963
1162.0,46.480000000000004,2.0,-23.974179623323003,-20.43468546659597,-23.974179623323003,-20.43468546659597,4.015360999243726,-0.024999889830938926,-0.007975574746354963
1163.0,46.52,2.0,-24.046922135612487,-20.347402128421596,-24.046922135612487,-20.347402128421596,4.01946625131559,-0.024999889830938926,-0.007975574746354963
1164.0,46.56,2.0,-24.11930537702912,-20.25982081201848,-24.11930537702912,-20.25982081201848,4.023571503387453,-0.024999889830938926,-0.007975574746354963
1165.0,46.6,2.0,-24.191328119638527,-20.171943005126344,-24.191328119638527,-20.171943005126344,4.027676755459316,-0.024999889830938926,-0.007975574746354963
1166.0,46.64,2.0,-24.2629891417035,-20.08377020057484,-24.2629891417035,-20.08377020057484,4.031782007531179,-0.024999889830938926,-0.007975574746354963
1167.0,46.68,2.0,-24.334287227705254,-19.995303896257592,-24.334287227705254,-19.995303896257592,4.035887259603042,-0.024999889830938926,-0.007975574746354963
1168.0,46.72,2.0,-24.405221168364513,-19.90654559510615,-24.405221168364513,-19.90654559510615,4.039992511674906,-0.024999889830938926,-0.007975574746354963
1169.0,46.76,2.0,-24.475789760662497,-19.817496805063833,-24.475789760662497,-19.817496805063833,4.044097763746769,-0.024999889830938926,-0.007975574746354963
1170.0,46.800000000000004,2.0,-24.54599180786185,-19.728159039059523,-24.54599180786185,-19.728159039059523,4.0482030158186335,-0.024999889830938926,-0.007975574746354963
1171.0,46.84,2.0,-24.615826119527384,-19.63853381498134,-24.615826119527384,-19.63853381498134,4.0523082678904965,-0.024999889830938926,-0.007975574746354963
1172.0,46.88,2.0,-24.68529151154676,-19.548622655650234,-24.68529151154676,-19.548622655650234,4.056413519962359,-0.024999889830938926,-0.007975574746354963
1173.0,46.92,2.0,-24.75438680615105,-19.458427088793506,-24.75438680615105,-19.458427088793506,4.060518772034223,-0.024999889830938926,-0.007975574746354963
1174.0,46.96,2.0,-24.82311083193517,-19.367948647018224,-24.82311083193517,-19.367948647018224,4.064624024106086,-0.024999889830938926,-0.007975574746354963
1175.0,47.0,2.0,-24.89146242387823,-19.277188867784567,-24.89146242387823,-19.277188867784567,4.068729276177949,-0.024999889830938926,-0.007975574746354963
1176.0,47.04,2.0,-24.95944042336374,-19.186149293379078,-24.95944042336374,-19.186149293379078,4.072834528249813,-0.024999889830938926,-0.007975574746354963
1177.0,47.08,2.0,-25.027043678199732,-19.094831470887836,-25.027043678199732,-19.094831470887836,4.076939780321677,-0.024999889830938926,-0.007975574746354963
1178.0,47.12,2.0,-25.094271042638727,-19.003236952169537,-25.094271042638727,-19.003236952169537,4.08104503239354,-0.024999889830938926,-0.007975574746354963
1179.0,47.160000000000004,2.0,-25.16112137739766,-18.9113672938285,-25.16112137739766,-18.9113672938285,4.085150284465404,-0.024999889830938926,-0.007975574746354963
1180.0,47.2,2.0,-25.227593549677625,-18.819224057187576,-25.227593549677625,-18.819224057187576,4.089255536537268,-0.024999889830938926,-0.007975574746354963
1181.0,47.24,2.0,-25.29368643318351,-18.72680880826099,-25.29368643318351,-18.72680880826099,4.0933607886091306,-0.024999889830938926,-0.007975574746354963
1182.0,47.28,2.0,-25.35939890814358,-18.634123117727096,-25.35939890814358,-18.634123117727096,4.0974660406809935,-0.024999889830938926,-0.007975574746354963
1183.0,47.32,2.0,-25.424729861328863,-18.541168560901045,-25.424729861328863,-18.541168560901045,4.1015712927528565,-0.024999889830938926,-0.007975574746354963
1184.0,47.36,2.0,-25.489678186072496,-18.447946717707374,-25.489678186072496,-18.447946717707374,4.10567654482472,-0.024999889830938926,-0.007975574746354963
1185.0,47.4,2.0,-25.554242782288874,-18.354459172652508,-25.554242782288874,-18.354459172652508,4.109781796896583,-0.024999889830938926,-0.007975574746354963
1186.0,47.44,2.0,-25.618422556492778,-18.260707514797208,-25.618422556492778,-18.260707514797208,4.113887048968447,-0.024999889830938926,-0.007975574746354963
1187.0,47.480000000000004,2.0,-25.6822164218183,-18.166693337728898,-25.6822164218183,-18.166693337728898,4.117992301040311,-0.024999889830938926,-0.007975574746354963
1188.0,47.52,2.0,-25.745623298037696,-18.072418239533953,-25.745623298037696,-18.072418239533953,4.122097553112175,-0.024999889830938926,-0.007975574746354963
1189.0,47.56,2.0,-25.808642111580156,-17.977883822769876,-25.808642111580156,-17.977883822769876,4.126202805184038,-0.024999889830938926,-0.007975574746354963
1190.0,47.6,2.0,-25.871271795550342,-17.883091694437404,-25.871271795550342,-17.883091694437404,4.130308057255901,-0.024999889830938926,-0.007975574746354963
1191.0,47.64,2.0,-25.933511289746946,-17.788043465952562,-25.933511289746946,-17.788043465952562,4.134413309327764,-0.024999889830938926,-0.007975574746354963
1192.0,47.68,2.0,-25.995359540681033,-17.692740753118617,-25.995359540681033,-17.692740753118617,4.138518561399628,-0.024999889830938926,-0.007975574746354963
1193.0,47.72,2.0,-26.056815501594325,-17.59718517609793,-26.056815501594325,-17.59718517609793,4.1426238134714914,-0.024999889830938926,-0.007975574746354963
1194.0,47.76,2.0,-26.117878132477312,-17.5013783593838,-26.117878132477312,-17.5013783593838,4.146729065543354,-0.024999889830938926,-0.007975574746354963
1195.0,47.800000000000004,2.0,-26.1785464000873,-17.40532193177216,-26.1785464000873,-17.40532193177216,4.150834317615218,-0.024999889830938926,-0.007975574746354963
1196.0,47.84,2.0,-26.238819277966293,-17.309017526333243,-26.238819277966293,-17.309017526333243,4.154939569687082,-0.024999889830938926,-0.007975574746354963
1197.0,47.88,2.0,-26.298695746458783,-17.21246678038315,-26.298695746458783,-17.21246678038315,4.159044821758945,-0.024999889830938926,-0.007975574746354963
1198.0,47.92,2.0,-26.35817479272942,-17.115671335455367,-26.35817479272942,-17.115671335455367,4.163150073830808,-0.024999889830938926,-0.007975574746354963
1199.0,47.96,2.0,-26.41725541078056,-17.018632837272182,-26.41725541078056,-17.018632837272182,4.167255325902671,-0.024999889830938926,-0.007975574746354963
1200.0,48.0,2.0,-26.475936601469662,-16.921352935716044,-26.475936601469662,-16.921352935716044,4.171360577974535,-0.024999889830938926,-0.007975574746354963
1201.0,48.04,2.0,-26.534217372526616,-16.82383328480085,-26.534217372526616,-16.82383328480085,4.175465830046399,-0.024999889830938926,-0.007975574746354963
1202.0,48.08,2.0,-26.59209673857091,-16.726075542643137,-26.59209673857091,-16.726075542643137,4.179571082118262,-0.024999889830938926,-0.007975574746354963
1203.0,48.120000000000005,2.0,-26.649573721128696,-16.628081371433257,-26.649573721128696,-16.628081371433257,4.1836763341901255,-0.024999889830938926,-0.007975574746354963
1204.0,48.160000000000004,2.0,-26.70664734864972,-16.529852437406397,-26.70664734864972,-16.529852437406397,4.187781586261989,-0.024999889830938926,-0.007975574746354963
1205.0,48.2,2.0,-26.76331665652417,-16.43139041081362,-26.76331665652417,-16.43139041081362,4.191886838333852,-0.024999889830938926,-0.007975574746354963
1206.0,48.24,2.0,-26.819580687099318,-16.332696965892755,-26.819580687099318,-16.332696965892755,4.195992090405715,-0.024999889830938926,-0.007975574746354963
1207.0,48.28,2.0,-26.875438489696137,-16.23377378083927,-26.875438489696137,-16.23377378083927,4.200097342477579,-0.024999889830938926,-0.007975574746354963
1208.0,48.32,2.0,-26.930889120625714,-16.13462253777707,-26.930889120625714,-16.13462253777707,4.204202594549442,-0.024999889830938926,-0.007975574746354963
1209.0,48.36,2.0,-26.985931643205635,-16.035244922729188,-26.985931643205635,-16.035244922729188,4.208307846621305,-0.024999889830938926,-0.007975574746354963
1210.0,48.4,2.0,-27.04056512777611,-15.935642625588462,-27.04056512777611,-15.935642625588462,4.21241309869317,-0.024999889830938926,-0.007975574746354963
1211.0,48.44,2.0,-27.094788651716094,-15.835817340088095,-27.094788651716094,-15.835817340088095,4.216518350765033,-0.024999889830938926,-0.007975574746354963
1212.0,48.480000000000004,2.0,-27.148601299459266,-15.735770763772184,-27.148601299459266,-15.735770763772184,4.220623602836897,-0.024999889830938926,-0.007975574746354963
1213.0,48.52,2.0,-27.202002162509803,-15.635504597966156,-27.202002162509803,-15.635504597966156,4.22472885490876,-0.024999889830938926,-0.007975574746354963
1214.0,48.56,2.0,-27.25499033945814,-15.535020547747171,-27.25499033945814,-15.535020547747171,4.228834106980623,-0.024999889830938926,-0.007975574746354963
1215.0,48.6,2.0,-27.307564935996517,-15.434320321914422,-27.307564935996517,-15.434320321914422,4.232939359052486,-0.024999889830938926,-0.007975574746354963
1216.0,48.64,2.0,-27.35972506493444,-15.333405632959384,-27.35972506493444,-15.333405632959384,4.237044611124349,-0.024999889830938926,-0.007975574746354963
1217.0,48.68,2.0,-27.41146984621404,-15.232278197036006,-27.41146984621404,-15.232278197036006,4.241149863196213,-0.024999889830938926,-0.007975574746354963
1218.0,48.72,2.0,-27.462798406925238,-15.130939733930854,-27.462798406925238,-15.130939733930854,4.245255115268076,-0.024999889830938926,-0.007975574746354963
1219.0,48.76,2.0,-27.513709881320864,-15.029391967033126,-27.513709881320864,-15.029391967033126,4.24936036733994,-0.024999889830938926,-0.007975574746354963
1220.0,48.800000000000004,2.0,-27.564203410831578,-14.927636623304696,-27.564203410831578,-14.927636623304696,4.253465619411803,-0.024999889830938926,-0.007975574746354963
1221.0,48.84,2.0,-27.614278144080735,-14.825675433250018,-27.614278144080735,-14.825675433250018,4.257570871483667,-0.024999889830938926,-0.007975574746354963
1222.0,48.88,2.0,-27.663933236899044,-14.723510130886002,-27.663933236899044,-14.723510130886002,4.26167612355553,-0.024999889830938926,-0.007975574746354963
1223.0,48.92,2.0,-27.713167852339172,-14.621142453711835,-27.713167852339172,-14.621142453711835,4.265781375627394,-0.024999889830938926,-0.007975574746354963
1224.0,48.96,2.0,-27.761981160690176,-14.518574142678727,-27.761981160690176,-14.518574142678727,4.269886627699257,-0.024999889830938926,-0.007975574746354963
1225.0,49.0,2.0,-27.810372339491835,-14.415806942159605,-27.810372339491835,-14.415806942159605,4.2739918797711205,-0.024999889830938926,-0.007975574746354963
1226.0,49.04,2.0,-27.858340573548833,-14.31284259991872,-27.858340573548833,-14.31284259991872,4.2780971318429835,-0.024999889830938926,-0.007975574746354963
1227.0,49.08,2.0,-27.905885054944832,-14.20968286708126,-27.905885054944832,-14.20968286708126,4.282202383914847,-0.024999889830938926,-0.007975574746354963
1228.0,49.120000000000005,2.0,-27.953004983056378,-14.10632949810282,-27.953004983056378,-14.10632949810282,4.28630763598671,-0.024999889830938926,-0.007975574746354963
1229.0,49.160000000000004,2.0,-27.99969956456677,-14.002784250738879,-27.99969956456677,-14.002784250738879,4.290412888058574,-0.024999889830938926,-0.007975574746354963
1230.0,49.2,2.0,-28.045968013479673,-13.899048886014194,-28.045968013479673,-13.899048886014194,4.294518140130437,-0.024999889830938926,-0.007975574746354963
1231.0,49.24,2.0,-28.091809551132705,-13.795125168192135,-28.091809551132705,-13.795125168192135,4.2986233922023,-0.024999889830938926,-0.007975574746354963
1232.0,49.28,2.0,-28.137223406210854,-13.691014864743977,-28.137223406210854,-13.691014864743977,4.302728644274164,-0.024999889830938926,-0.007975574746354963
1233.0,49.32,2.0,-28.182208814759758,-13.586719746318115,-28.182208814759758,-13.586719746318115,4.306833896346027,-0.024999889830938926,-0.007975574746354963
1234.0,49.36,2.0,-28.226765020198876,-13.482241586709245,-28.226765020198876,-13.482241586709245,4.310939148417892,-0.024999889830938926,-0.007975574746354963
1235.0,49.4,2.0,-28.270891273334524,-13.377582162827471,-28.270891273334524,-13.377582162827471,4.315044400489755,-0.024999889830938926,-0.007975574746354963
1236.0,49.44,2.0,-28.31458683237276,-13.272743254667384,-28.31458683237276,-13.272743254667384,4.3191496525616175,-0.024999889830938926,-0.007975574746354963
1237.0,49.480000000000004,2.0,-28.357850962932183,-13.167726645277057,-28.357850962932183,-13.167726645277057,4.323254904633481,-0.024999889830938926,-0.007975574746354963
1238.0,49.52,2.0,-28.400682938056555,-13.062534120727003,-28.400682938056555,-13.062534120727003,4.327360156705344,-0.024999889830938926,-0.007975574746354963
1239.0,49.56,2.0,-28.443082038227296,-12.957167470079085,-28.443082038227296,-12.957167470079085,4.331465408777207,-0.024999889830938926,-0.007975574746354963
1240.0,49.6,2.0,-28.48504755137592,-12.851628485355358,-28.48504755137592,-12.851628485355358,4.335570660849071,-0.024999889830938926,-0.007975574746354963
1241.0,49.64,2.0,-28.526578772896208,-12.745918961506876,-28.526578772896208,-12.745918961506876,4.339675912920935,-0.024999889830938926,-0.007975574746354963
1242.0,49.68,2.0,-28.5676750056564,-12.640040696382437,-28.5676750056564,-12.640040696382437,4.343781164992798,-0.024999889830938926,-0.007975574746354963
1243.0,49.72,2.0,-28.60833556001112,-12.533995490697285,-28.60833556001112,-12.533995490697285,4.347886417064662,-0.024999889830938926,-0.007975574746354963
1244.0,49.76,2.0,-28.64855975381326,-12.42778514800175,-28.64855975381326,-12.42778514800175,4.351991669136526,-0.024999889830938926,-0.007975574746354963
1245.0,49.800000000000004,2.0,-28.688346912425708,-12.321411474649853,-28.688346912425708,-12.321411474649853,4.356096921208389,-0.024999889830938926,-0.007975574746354963
1246.0,49.84,2.0,-28.72769636873291,-12.214876279767862,-28.72769636873291,-12.214876279767862,4.360202173280252,-0.024999889830938926,-0.007975574746354963
1247.0,49.88,2.0,-28.766607463152347,-12.108181375222781,-28.766607463152347,-12.108181375222781,4.364307425352115,-0.024999889830938926,-0.007975574746354963
1248.0,49.92,2.0,-28.80507954364587,-12.001328575590815,-28.80507954364587,-12.001328575590815,4.368412677423978,-0.024999889830938926,-0.007975574746354963
1249.0,49.96,2.0,-28.843111965730863,-11.894319698125773,-28.843111965730863,-11.894319698125773,4.372517929495841,-0.024999889830938926,-0.007975574746354963
1250.0,50.0,2.0,-28.88070409249132,-11.787156562727429,-28.88070409249132,-11.787156562727429,4.376623181567705,-0.024999889830938926,-0.007975574746354963
1251.0,50.04,2.0,-28.917855294588765,-11.679840991909838,-28.917855294588765,-11.679840991909838,4.380728433639569,-0.024999889830938926,-0.007975574746354963
1252.0,50.08,2.0,-28.954564950273056,-11.572374810769613,-28.954564950273056,-11.572374810769613,4.384833685711433,-0.024999889830938926,-0.007975574746354963
1253.0,50.120000000000005,2.0,-28.990832445393018,-11.46475984695413,-28.990832445393018,-11.46475984695413,4.388938937783296,-0.024999889830938926,-0.007975574746354963
1254.0,50.160000000000004,2.0,-29.026657173406996,-11.35699793062973,-29.026657173406996,-11.35699793062973,4.393044189855159,-0.024999889830938926,-0.007975574746354963
1255.0,50.2,2.0,-29.062038535393214,-11.249090894449846,-29.062038535393214,-11.249090894449846,4.397149441927022,-0.024999889830938926,-0.007975574746354963
1256.0,50.24,2.0,-29.096975940060084,-11.1410405735231,-29.096975940060084,-11.1410405735231,4.401254693998886,-0.024999889830938926,-0.007975574746354963
1257.0,50.28,2.0,-29.131468803756263,-11.032848805381345,-29.131468803756263,-11.032848805381345,4.4053599460707495,-0.024999889830938926,-0.007975574746354963
1258.0,50.32,2.0,-29.165516550480692,-10.924517429947693,-29.165516550480692,-10.924517429947693,4.4094651981426125,-0.024999889830938926,-0.007975574746354963
1259.0,50.36,2.0,-29.19911861189242,-10.816048289504462,-29.19911861189242,-10.816048289504462,4.413570450214476,-0.024999889830938926,-0.007975574746354963
1260.0,50.4,2.0,-29.232274427320334,-10.707443228661122,-29.232274427320334,-10.707443228661122,4.41767570228634,-0.024999889830938926,-0.007975574746354963
1261.0,50.44,2.0,-29.264983443772735,-10.598704094322166,-29.264983443772735,-10.598704094322166,4.421780954358203,-0.024999889830938926,-0.007975574746354963
1262.0,50.480000000000004,2.0,-29.2972451159468,-10.489832735654971,-29.2972451159468,-10.489832735654971,4.425886206430066,-0.024999889830938926,-0.007975574746354963
1263.0,50.52,2.0,-29.32905890623789,-10.380831004057594,-29.32905890623789,-10.380831004057594,4.429991458501929,-0.024999889830938926,-0.007975574746354963
1264.0,50.56,2.0,-29.36042428474871,-10.27170075312655,-29.36042428474871,-10.27170075312655,4.434096710573793,-0.024999889830938926,-0.007975574746354963
1265.0,50.6,2.0,-29.39134072929837,-10.162443838624545,-29.39134072929837,-10.162443838624545,4.438201962645657,-0.024999889830938926,-0.007975574746354963
1266.0,50.64,2.0,-29.421807725431286,-10.053062118448157,-29.421807725431286,-10.053062118448157,4.44230721471752,-0.024999889830938926,-0.007975574746354963
1267.0,50.68,2.0,-29.45182476642595,-9.94355745259551,-29.45182476642595,-9.94355745259551,4.446412466789384,-0.024999889830938926,-0.007975574746354963
1268.0,50.72,2.0,-29.481391353303554,-9.833931703133883,-29.481391353303554,-9.833931703133883,4.4505177188612475,-0.01908160088217359,-0.005125647003927258
1269.0,50.76,2.0,-29.510476430273847,-9.724421817899259,-29.510476430273847,-9.724421817899259,4.454508973823414,-0.01316331193340825,-0.0022757192614995523
1270.0,50.800000000000004,2.0,-29.539092346327088,-9.61503196985691,-29.539092346327088,-9.61503196985691,4.458386231675883,-0.007245022984642913,0.000574208480928154
1271.0,50.84,2.0,-29.56725146800696,-9.505766278746304,-29.56725146800696,-9.505766278746304,4.462149492418655,-0.0013267340358775748,0.00342413622335586
1272.0,50.88,2.0,-29.594966179174115,-9.396628811005787,-29.594966179174115,-9.396628811005787,4.465798756051729,0.004591554912887763,0.006274063965783566
1273.0,50.92,2.0,-29.621557971670278,-9.290368437089926,-29.621557971670278,-9.290368437089926,4.471013399214364,-0.0024977040751662295,0.02225611315784216
1274.0,50.96,2.0,-29.635543856995895,-8.96079254433997,-29.635543856995895,-8.96079254433997,4.482630276024313,-0.007942102582165978,0.03698867066834247
1275.0,51.0,2.0,-29.661731879098248,-8.854773964153562,-29.661731879098248,-8.854773964153562,4.4877239092629875,-0.015115217659100256,0.05309154239583681
1276.0,51.04,2.0,-29.686762825607776,-8.751970759607374,-29.686762825607776,-8.751970759607374,4.493235230920361,-0.02467721880497088,0.06744342889760269
1277.0,51.08,2.0,-29.711092604504323,-8.649688567999004,-29.711092604504323,-8.649688567999004,4.499235095511476,-0.034239219950841504,0.08179531539936857
1278.0,51.120000000000005,2.0,-29.734679486971554,-8.547924900306406,-29.734679486971554,-8.547924900306406,4.505723503036333,-0.043801221096712126,0.09614720190113445
1279.0,51.160000000000004,2.0,-29.75748160137139,-8.44667862260184,-29.75748160137139,-8.44667862260184,4.512700453494929,-0.053363222242582754,0.11049908840290032
1280.0,51.2,2.0,-29.779456968725604,-8.345949959618814,-29.779456968725604,-8.345949959618814,4.520165946887267,-0.06292522338845338,0.1248509749046662
1281.0,51.24,2.0,-29.80056353827747,-8.245740497422645,-29.80056353827747,-8.245740497422645,4.5281199832133465,-0.072487224534324,0.1392028614064321
1282.0,51.28,1.0,-29.822859545907114,-8.140250973881873,-29.822859545907114,-8.140250973881873,4.532063479162521,-0.06702140548250696,0.14088214661137272
1283.0,51.32,1.0,-29.846057273300385,-8.032801314206658,-29.846057273300385,-8.032801314206658,4.535807382872651,-0.06120694222441668,0.142293064796705
1284.0,51.36,1.0,-29.86778700025722,-7.927595234807863,-29.86778700025722,-7.927595234807863,4.539334151667574,-0.05454455784925857,0.14293732717899293
1285.0,51.4,0.0,-29.889875228859893,-7.820302001824698,-29.889875228859893,-7.820302001824698,4.542687046007476,-0.04770785137096387,0.1434474060514766
1286.0,51.44,0.0,-29.910804297390023,-7.714666220751395,-29.910804297390023,-7.714666220751395,4.545847328778606,-0.04044718433413526,0.14357415702243806
1287.0,51.480000000000004,0.0,-29.932142603641815,-7.607389551941807,-29.932142603641815,-7.607389551941807,4.549075055531165,-0.03757664952337917,0.14421151478285332
1288.0,51.52,0.0,-29.953102701858107,-7.5002031744377735,-29.953102701858107,-7.5002031744377735,4.55224274406781,-0.04062440366138842,0.14199894480084085
1289.0,51.56,0.0,-29.97372209374557,-7.392874516833376,-29.97372209374557,-7.392874516833376,4.55546439149824,-0.04367215779939767,0.13978637481882844
1290.0,51.6,0.0,-29.993994897031406,-7.2854037366143505,-29.993994897031406,-7.2854037366143505,4.558739997822454,-0.04671991193740692,0.13757380483681597
1291.0,51.64,1.0,-30.013915232442127,-7.177790998419257,-30.013915232442127,-7.177790998419257,4.562069563040452,-0.049767666075416175,0.1353612348548035
1292.0,51.68,1.0,-30.033477223691243,-7.070036474022102,-30.033477223691243,-7.070036474022102,4.565453087152234,-0.052815420213425425,0.13314866487279106
1293.0,51.72,1.0,-30.053365906566086,-6.959395484923472,-30.053365906566086,-6.959395484923472,4.567211193518544,-0.04285562641461534,0.11780397344114775
1294.0,51.76,1.0,-30.085070817000535,-7.0720647893897945,-30.085070817000535,-7.0720647893897945,4.562507028021626,-0.03454069309685951,0.10370877369106268
1295.0,51.800000000000004,1.0,-30.10379047803703,-6.961175655194542,-30.10379047803703,-6.961175655194542,4.56426606788007,-0.024497043209169143,0.08824325972398361
1296.0,51.84,2.0,-30.122890688339872,-6.847074071907739,-30.122890688339872,-6.847074071907739,4.565547381103901,-0.012064507252542434,0.07452873098263299
1297.0,51.88,2.0,-30.141922145278283,-6.732458408267421,-30.141922145278283,-6.732458408267421,4.566280113178078,0.0003680287040842778,0.06081420224128235
1298.0,51.92,2.0,-30.16093320182091,-6.6173351126347715,-30.16093320182091,-6.6173351126347715,4.566464264102601,0.01280056466071099,0.047099673499931737
1299.0,51.96,2.0,-30.1799723723099,-6.501709231495961,-30.1799723723099,-6.501709231495961,4.566099833877471,0.0252331006173377,0.033385144758581106
1300.0,52.0,2.0,-30.199088296727467,-6.385584405812236,-30.199088296727467,-6.385584405812236,4.565186822502686,0.03766563657396441,0.01967061601723049
1301.0,52.04,2.0,-30.218329704882088,-6.26896286826758,-30.218329704882088,-6.26896286826758,4.563725229978247,0.05009817253059112,0.005956087275879866
1302.0,52.08,2.0,-30.235645057740555,-6.157647652716768,-30.235645057740555,-6.157647652716768,4.5662141396148,0.047502888289530164,0.004914159831354513
1303.0,52.120000000000005,2.0,-30.2513287880062,-6.0483225585676585,-30.2513287880062,-6.0483225585676585,4.568842603274485,0.044558959842195975,0.004140599406437467
1304.0,52.160000000000004,2.0,-30.267757347557342,-5.936787546844026,-30.267757347557342,-5.936787546844026,4.571628163633462,0.04076711027779395,0.004133694784564819
1305.0,52.2,2.0,-30.283110983025374,-5.827376981581066,-30.283110983025374,-5.827376981581066,4.574527560231549,0.03680093861025534,0.004260973672496404
1306.0,52.24,2.0,-30.2989141216239,-5.716349840123093,-30.2989141216239,-5.716349840123093,4.577559530182494,0.03241080638418281,0.004771580461950198
1307.0,52.28,2.0,-30.31360514758118,-5.607007997544555,-30.31360514758118,-5.607007997544555,4.580464017936098,0.03241080638418281,0.004771580461950198
1308.0,52.32,2.0,-30.327978304949568,-5.497623762748504,-30.327978304949568,-5.497623762748504,4.583368505689702,0.03241080638418281,0.004771580461950198
1309.0,52.36,2.0,-30.34203347089806,-5.388198063798472,-30.34203347089806,-5.388198063798472,4.5862729934433055,0.03241080638418281,0.004771580461950198
1310.0,52.4,2.0,-30.355770525316792,-5.278731829115328,-30.355770525316792,-5.278731829115328,4.589177481196909,0.03241080638418281,0.004771580461950198
1311.0,52.44,2.0,-30.369189350818072,-5.169225987469261,-30.369189350818072,-5.169225987469261,4.592081968950513,0.03241080638418281,0.004771580461950198
1312.0,52.480000000000004,2.0,-30.38228983273742,-5.059681467971776,-30.38228983273742,-5.059681467971776,4.594986456704117,0.03241080638418281,0.004771580461950198
1313.0,52.52,2.0,-30.395071859134543,-4.950099200067669,-30.395071859134543,-4.950099200067669,4.5978909444577205,0.03241080638418281,0.004771580461950198
1314.0,52.56,2.0,-30.407535320794313,-4.840480113527002,-30.407535320794313,-4.840480113527002,4.600795432211324,0.03241080638418281,0.004771580461950198
1315.0,52.6,2.0,-30.419680111227706,-4.730825138437093,-30.419680111227706,-4.730825138437093,4.603699919964928,0.03241080638418281,0.004771580461950198
1316.0,52.64,2.0,-30.43150612667277,-4.621135205194479,-30.43150612667277,-4.621135205194479,4.606604407718532,0.03241080638418281,0.004771580461950198
1317.0,52.68,2.0,-30.443013266095466,-4.511411244496886,-30.443013266095466,-4.511411244496886,4.6095088954721355,0.03241080638418281,0.004771580461950198
1318.0,52.72,2.0,-30.45420143119059,-4.401654187335206,-30.45420143119059,-4.401654187335206,4.612413383225739,0.03241080638418281,0.004771580461950198
1319.0,52.76,2.0,-30.46507052638261,-4.291864964985456,-30.46507052638261,-4.291864964985456,4.615317870979343,0.03241080638418281,0.004771580461950198
1320.0,52.800000000000004,2.0,-30.475620458826494,-4.182044509000747,-30.475620458826494,-4.182044509000747,4.618222358732947,0.03241080638418281,0.004771580461950198
1321.0,52.84,2.0,-30.48585113840853,-4.072193751203234,-30.48585113840853,-4.072193751203234,4.6211268464865505,0.03241080638418281,0.004771580461950198
1322.0,52.88,2.0,-30.495762477747082,-3.96231362367609,-30.495762477747082,-3.96231362367609,4.624031334240154,0.03241080638418281,0.004771580461950198
1323.0,52.92,2.0,-30.50535439219339,-3.8524050587554486,-30.50535439219339,-3.8524050587554486,4.626935821993758,0.03241080638418281,0.004771580461950198
1324.0,52.96,2.0,-30.514626799832257,-3.7424689890223646,-30.514626799832257,-3.7424689890223646,4.629840309747362,0.03241080638418281,0.004771580461950198
1325.0,53.0,2.0,-30.523579621482803,-3.6325063472947674,-30.523579621482803,-3.6325063472947674,4.6327447975009655,0.03241080638418281,0.004771580461950198
1326.0,53.04,2.0,-30.532212780699115,-3.5225180666194063,-30.532212780699115,-3.5225180666194063,4.635649285254569,0.03241080638418281,0.004771580461950198
1327.0,53.08,2.0,-30.540526203770945,-3.4125050802638,-30.540526203770945,-3.4125050802638,4.638553773008173,0.03241080638418281,0.004771580461950198
1328.0,53.120000000000005,2.0,-30.54851981972434,-3.302468321708185,-30.54851981972434,-3.302468321708185,4.641458260761777,0.03241080638418281,0.004771580461950198
1329.0,53.160000000000004,2.0,-30.55619356032223,-3.1924087246374544,-30.55619356032223,-3.1924087246374544,4.6443627485153804,0.03241080638418281,0.004771580461950198
1330.0,53.2,2.0,-30.56354736006507,-3.082327222933105,-30.56354736006507,-3.082327222933105,4.647267236268984,0.03241080638418281,0.004771580461950198
1331.0,53.24,2.0,-30.57058115619135,-2.9722247506651778,-30.57058115619135,-2.9722247506651778,4.650171724022588,0.03241080638418281,0.004771580461950198
1332.0,53.28,2.0,-30.577294888678203,-2.862102242084191,-30.577294888678203,-2.862102242084191,4.653076211776192,0.03241080638418281,0.004771580461950198
1333.0,53.32,2.0,-30.58368850024187,-2.751960631613085,-30.58368850024187,-2.751960631613085,4.655980699529795,0.03241080638418281,0.004771580461950198
1334.0,53.36,2.0,-30.58976193633824,-2.6418008538391518,-30.58976193633824,-2.6418008538391518,4.658885187283399,0.03241080638418281,0.004771580461950198
1335.0,53.4,2.0,-30.595515145163283,-2.531623843505975,-30.595515145163283,-2.531623843505975,4.661789675037003,0.03241080638418281,0.004771580461950198
1336.0,53.44,2.0,-30.600948077653538,-2.4214305355053587,-30.600948077653538,-2.4214305355053587,4.664694162790607,0.03241080638418281,0.004771580461950198
1337.0,53.480000000000004,2.0,-30.60606068748652,-2.311221864869259,-30.60606068748652,-2.311221864869259,4.66759865054421,0.03241080638418281,0.004771580461950198
1338.0,53.52,2.0,-30.61085293108111,-2.2009987667617184,-30.61085293108111,-2.2009987667617184,4.670503138297814,0.03241080638418281,0.004771580461950198
1339.0,53.56,2.0,-30.615324767597958,-2.09076217647079,-30.615324767597958,-2.09076217647079,4.673407626051418,0.03241080638418281,0.004771580461950198
1340.0,53.6,2.0,-30.61947615893981,-1.9805130294004711,-30.61947615893981,-1.9805130294004711,4.676312113805022,0.03241080638418281,0.004771580461950198
1341.0,53.64,2.0,-30.62330706975187,-1.8702522610626253,-30.62330706975187,-1.8702522610626253,4.679216601558625,0.03241080638418281,0.004771580461950198
1342.0,53.68,2.0,-30.62681746742208,-1.7599808070689122,-30.62681746742208,-1.7599808070689122,4.682121089312229,0.03241080638418281,0.004771580461950198
1343.0,53.72,2.0,-30.6300073220814,-1.6496996031227116,-30.6300073220814,-1.6496996031227116,4.685025577065833,0.03241080638418281,0.004771580461950198
1344.0,53.76,2.0,-30.6328766066041,-1.539409585011048,-30.6328766066041,-1.539409585011048,4.687930064819437,0.03241080638418281,0.004771580461950198
1345.0,53.800000000000004,2.0,-30.63542529660794,-1.429111688596515,-30.63542529660794,-1.429111688596515,4.69083455257304,0.03241080638418281,0.004771580461950198
1346.0,53.84,2.0,-30.637653370454455,-1.3188068498091974,-30.637653370454455,-1.3188068498091974,4.693739040326644,0.03241080638418281,0.004771580461950198
1347.0,53.88,2.0,-30.639560809249065,-1.2084960046385955,-30.639560809249065,-1.2084960046385955,4.696643528080248,0.03241080638418281,0.004771580461950198
1348.0,53.92,2.0,-30.64114759684128,-1.0981800891255458,-30.64114759684128,-1.0981800891255458,4.699548015833852,0.03241080638418281,0.004771580461950198
1349.0,53.96,2.0,-30.642413719824837,-0.9878600393541437,-30.642413719824837,-0.9878600393541437,4.702452503587455,0.03241080638418281,0.004771580461950198
1350.0,54.0,2.0,-30.643359167537813,-0.8775367914436633,-30.643359167537813,-0.8775367914436633,4.705356991341059,0.03241080638418281,0.004771580461950198
1351.0,54.04,2.0,-30.643983932062703,-0.7672112815404802,-30.643983932062703,-0.7672112815404802,4.708261479094663,0.03241080638418281,0.004771580461950198
1352.0,54.08,2.0,-30.644288008226493,-0.6568844458099911,-30.644288008226493,-0.6568844458099911,4.711165966848267,0.03241080638418281,0.004771580461950198
1353.0,54.120000000000005,2.0,-30.644271393600736,-0.5465572204285343,-30.644271393600736,-0.5465572204285343,4.71407045460187,0.03241080638418281,0.004771580461950198
1354.0,54.160000000000004,2.0,-30.643934088501503,-0.4362305415753112,-30.643934088501503,-0.4362305415753112,4.716974942355474,0.03241080638418281,0.004771580461950198
1355.0,54.2,2.0,-30.643276095989457,-0.3259053454243056,-30.643276095989457,-0.3259053454243056,4.719879430109078,0.03241080638418281,0.004771580461950198
1356.0,54.24,2.0,-30.642297421869767,-0.215582568136205,-30.642297421869767,-0.215582568136205,4.722783917862682,0.03241080638418281,0.004771580461950198
1357.0,54.28,2.0,-30.64099807469207,-0.10526314585032086,-30.64099807469207,-0.10526314585032086,4.725688405616285,0.03241080638418281,0.004771580461950198
1358.0,54.32,2.0,-30.639378065750428,0.005051985323490294,-30.639378065750428,0.005051985323490294,4.728592893369889,0.03241080638418281,0.004771580461950198
1359.0,54.36,2.0,-30.637437409083184,0.11536188931290611,-30.637437409083184,0.11536188931290611,4.731497381123493,0.03241080638418281,0.004771580461950198
1360.0,54.4,2.0,-30.635176121472853,0.2256656300912167,-30.635176121472853,0.2256656300912167,4.734401868877097,0.03241080638418281,0.004771580461950198
1361.0,54.44,2.0,-30.63259422244598,0.3359622716854029,-30.63259422244598,0.3359622716854029,4.7373063566307,0.03241080638418281,0.004771580461950198
1362.0,54.480000000000004,2.0,-30.629691734272985,0.446250878184214,-30.629691734272985,0.446250878184214,4.740210844384304,0.03241080638418281,0.004771580461950198
1363.0,54.52,2.0,-30.626468681967914,0.5565305137462448,-30.626468681967914,0.5565305137462448,4.743115332137908,0.03241080638418281,0.004771580461950198
1364.0,54.56,2.0,-30.622925093288295,0.6668002426080124,-30.622925093288295,0.6668002426080124,4.746019819891512,0.03241080638418281,0.004771580461950198
1365.0,54.6,2.0,-30.61906099873483,0.7770591290920316,-30.61906099873483,0.7770591290920316,4.748924307645115,0.03241080638418281,0.004771580461950198
1366.0,54.64,2.0,-30.61487643155116,0.8873062376148904,-30.61487643155116,0.8873062376148904,4.751828795398719,0.03241080638418281,0.004771580461950198
1367.0,54.68,2.0,-30.61037142772356,0.9975406326953236,-30.61037142772356,0.9975406326953236,4.754733283152323,0.03241080638418281,0.004771580461950198
1368.0,54.72,2.0,-30.60554602598065,1.1077613789622873,-30.60554602598065,1.1077613789622873,4.7576377709059265,0.03241080638418281,0.004771580461950198
1369.0,54.76,2.0,-30.600400267793027,1.2179675411630306,-30.600400267793027,1.2179675411630306,4.76054225865953,0.03241080638418281,0.004771580461950198
1370.0,54.800000000000004,2.0,-30.594934197372908,1.3281581841711663,-30.594934197372908,1.3281581841711663,4.763446746413134,0.03241080638418281,0.004771580461950198
1371.0,54.84,2.0,-30.589147861673773,1.4383323729947426,-30.589147861673773,1.4383323729947426,4.766351234166738,0.03241080638418281,0.004771580461950198
1372.0,54.88,2.0,-30.58304131038991,1.5484891727843106,-30.58304131038991,1.5484891727843106,4.7692557219203415,0.03241080638418281,0.004771580461950198
1373.0,54.92,2.0,-30.576614595956016,1.6586276488409932,-30.576614595956016,1.6586276488409932,4.772160209673945,0.03241080638418281,0.004771580461950198
1374.0,54.96,2.0,-30.56986777354672,1.7687468666245514,-30.56986777354672,1.7687468666245514,4.775064697427549,0.03241080638418281,0.004771580461950198
1375.0,55.0,2.0,-30.56280090107611,1.8788458917614494,-30.56280090107611,1.8788458917614494,4.777969185181153,0.03241080638418281,0.004771580461950198
1376.0,55.04,2.0,-30.555414039197235,1.9889237900529166,-30.555414039197235,1.9889237900529166,4.7808736729347565,0.03241080638418281,0.004771580461950198
1377.0,55.08,2.0,-30.547707251301556,2.0989796274830126,-30.547707251301556,2.0989796274830126,4.78377816068836,0.03241080638418281,0.004771580461950198
1378.0,55.120000000000005,2.0,-30.5396806035184,2.2090124702266856,-30.5396806035184,2.2090124702266856,4.786682648441964,0.03241080638418281,0.004771580461950198
1379.0,55.160000000000004,2.0,-30.531334164714412,2.319021384657831,-30.531334164714412,2.319021384657831,4.789587136195568,0.03241080638418281,0.004771580461950198
1380.0,55.2,2.0,-30.522668006492903,2.4290054373573513,-30.522668006492903,2.4290054373573513,4.7924916239491715,0.03241080638418281,0.004771580461950198
1381.0,55.24,2.0,-30.513682203193262,2.5389636951212062,-30.513682203193262,2.5389636951212062,4.795396111702775,0.03241080638418281,0.004771580461950198
1382.0,55.28,2.0,-30.5043768318903,2.648895224968471,-30.5043768318903,2.648895224968471,4.798300599456379,0.03241080638418281,0.004771580461950198
1383.0,55.32,2.0,-30.494751972393573,2.7587990941493854,-30.494751972393573,2.7587990941493854,4.801205087209983,0.02868878081082695,0.003888230870366305
1384.0,55.36,2.0,-30.484787530745002,2.8688219307324885,-30.484787530745002,2.8688219307324885,4.80414490894725,0.024966755237471095,0.0030048812787824147
1385.0,55.4,2.0,-30.47447915452044,2.9789622871980197,-30.47447915452044,2.9789622871980197,4.80712006466818,0.021244729664115235,0.0021215316871985245
1386.0,55.44,2.0,-30.463822497375492,3.0892186875830605,-30.463822497375492,3.0892186875830605,4.810130554372774,0.01752270409075938,0.0012381820956146343
1387.0,55.480000000000004,2.0,-30.45281321919137,3.1995896275068834,-30.45281321919137,3.1995896275068834,4.813176378061032,0.01380067851740352,0.0003548325040307443
1388.0,55.52,2.0,-30.44144698622061,3.3100735741969807,-30.44144698622061,3.3100735741969807,4.8162575357329525,0.010078652944047662,-0.0005285170875531459
1389.0,55.56,2.0,-30.42971947123268,3.420668966515771,-30.42971947123268,3.420668966515771,4.819374027388536,0.006356627370691803,-0.001411866679137036
1390.0,55.6,2.0,-30.41762635365949,3.5313742149879834,-30.41762635365949,3.5313742149879834,4.822525853027782,0.002634601797335945,-0.0022952162707209262
1391.0,55.64,2.0,-30.40516331974077,3.642187701828722,-30.40516331974077,3.642187701828722,4.825713012650693,-0.0010874237760199134,-0.0031785658623048165
1392.0,55.68,2.0,-30.392326062669373,3.753107780972204,-30.392326062669373,3.753107780972204,4.828935506257268,-0.004809449349375772,-0.004061915453888706
1393.0,55.72,2.0,-30.379564010178353,3.8614136193703343,-30.379564010178353,3.8614136193703343,4.830028362831529,-0.004145498218601884,0.001957661568694341
1394.0,55.76,2.0,-30.365579450259464,3.818453384889289,-30.365579450259464,3.818453384889289,4.827881036926879,-0.0034194457283137415,0.004418029073149197
1395.0,55.800000000000004,2.0,-30.352488446803108,3.9271433843519086,-30.352488446803108,3.9271433843519086,4.829469650452548,-0.008372572576853731,0.007258977469458995
1396.0,55.84,2.0,-30.339203290499302,4.035909120320554,-30.339203290499302,4.035909120320554,4.831242569881398,-0.013325699425393722,0.010099925865768794
1397.0,55.88,2.0,-30.325703529649985,4.144747776373491,-30.325703529649985,4.144747776373491,4.833199795213425,-0.018278826273933714,0.012940874262078591
1398.0,55.92,2.0,-30.311968739158083,4.25365631080277,-30.311968739158083,4.25365631080277,4.835341326448631,-0.023231953122473704,0.01578182265838839
1399.0,55.96,2.0,-30.297978522613494,4.362631456853277,-30.297978522613494,4.362631456853277,4.837667163587017,-0.028185079971013695,0.01862277105469819
1400.0,56.0,2.0,-30.283712514376855,4.471669722980499,-30.283712514376855,4.471669722980499,4.840177306628584,-0.033138206819553685,0.021463719451007987
1401.0,56.04,2.0,-30.269150381661035,4.5807673931270045,-30.269150381661035,4.5807673931270045,4.842871755573327,-0.038091333668093676,0.024304667847317784
1402.0,56.08,1.0,-30.25427182661001,4.689920527017618,-30.25427182661001,4.689920527017618,4.84575051042125,-0.043044460516633666,0.027145616243627584
1403.0,56.120000000000005,1.0,-30.239056588375206,4.799124960473246,-30.239056588375206,4.799124960473246,4.848813571172353,-0.0442755617918178,0.030869914231521273
1404.0,56.160000000000004,2.0,-30.22350462169055,4.908228745164277,-30.22350462169055,4.908228745164277,4.8520256038429705,-0.04550666306700193,0.03459421221941496
1405.0,56.2,2.0,-30.207600183640714,5.017227785376309,-30.207600183640714,5.017227785376309,4.855386608433104,-0.04673776434218606,0.03831851020730865
1406.0,56.24,2.0,-30.191327571181706,5.126117791242739,-30.191327571181706,5.126117791242739,4.858896584942754,-0.047968865617370196,0.042042808195202334
1407.0,56.28,2.0,-30.174671123058214,5.234894279115679,-30.174671123058214,5.234894279115679,4.8625555333719195,-0.04919996689255433,0.045767106183096026
1408.0,56.32,2.0,-30.15761522171754,5.343552571954744,-30.15761522171754,5.343552571954744,4.8663634537206,-0.05043106816773846,0.04949140417098971
1409.0,56.36,2.0,-30.140144295219848,5.452087799733635,-30.140144295219848,5.452087799733635,4.870320345988798,-0.05166216944292259,0.0532157021588834
1410.0,56.4,2.0,-30.122242819144798,5.560494899864515,-30.122242819144798,5.560494899864515,4.874426210176511,-0.05289327071810672,0.05694000014677708
1411.0,56.44,2.0,-30.103895318494143,5.66876861764012,-30.103895318494143,5.66876861764012,4.878681046283739,-0.05412437199329086,0.06066429813467078
1412.0,56.480000000000004,2.0,-30.08508636959034,5.7769035066936,-30.08508636959034,5.7769035066936,4.883084854310484,-0.05535547326847499,0.06438859612256445
1413.0,56.52,2.0,-30.0653468745289,5.887613088206857,-30.0653468745289,5.887613088206857,4.88980260527272,-0.060972551247788866,0.06120996749629122
1414.0,56.56,2.0,-30.045954937494912,6.149541663539197,-30.045954937494912,6.149541663539197,4.899944844617044,-0.066651730586617,0.06159054838814616
1415.0,56.6,2.0,-30.02477495115337,6.259765176728434,-30.02477495115337,6.259765176728434,4.906535450434231,-0.066651730586617,0.06159054838814616
1416.0,56.64,2.0,-30.002875147773615,6.369850158269768,-30.002875147773615,6.369850158269768,4.913126056251417,-0.066651730586617,0.06159054838814616
1417.0,56.68,2.0,-29.980256570437525,6.479791240419307,-29.980256570437525,6.479791240419307,4.919716662068603,-0.066651730586617,0.06159054838814616
1418.0,56.72,2.0,-29.956920306065637,6.589583064094235,-29.956920306065637,6.589583064094235,4.926307267885789,-0.066651730586617,0.06159054838814616
1419.0,56.76,2.0,-29.93286748534111,6.699220279249917,-29.93286748534111,6.699220279249917,4.932897873702975,-0.066651730586617,0.06159054838814616
1420.0,56.800000000000004,2.0,-29.908099282630378,6.808697545256301,-29.908099282630378,6.808697545256301,4.9394884795201595,-0.066651730586617,0.06159054838814616
1421.0,56.84,2.0,-29.88261691590042,6.918009531273621,-29.88261691590042,6.918009531273621,4.946079085337346,-0.066651730586617,0.06159054838814616
1422.0,56.88,2.0,-29.8564216466328,7.027150916627352,-29.8564216466328,7.027150916627352,4.952669691154532,-0.066651730586617,0.06159054838814616
1423.0,56.92,2.0,-29.829514779734307,7.136116391182374,-29.829514779734307,7.136116391182374,4.959260296971718,-0.066651730586617,0.06159054838814616
1424.0,56.96,2.0,-29.801897663444358,7.244900655716352,-29.801897663444358,7.244900655716352,4.965850902788904,-0.066651730586617,0.06159054838814616
1425.0,57.0,2.0,-29.77357168923905,7.3534984222922635,-29.77357168923905,7.3534984222922635,4.9724415086060905,-0.066651730586617,0.06159054838814616
1426.0,57.04,2.0,-29.74453829173197,7.461904414630075,-29.74453829173197,7.461904414630075,4.979032114423275,-0.066651730586617,0.06159054838814616
1427.0,57.08,2.0,-29.714798948571723,7.570113368477514,-29.714798948571723,7.570113368477514,4.985622720240461,-0.066651730586617,0.06159054838814616
1428.0,57.120000000000005,2.0,-29.684355180336105,7.678120031979925,-29.684355180336105,7.678120031979925,4.992213326057647,-0.066651730586617,0.06159054838814616
1429.0,57.160000000000004,2.0,-29.65320855042314,7.785919166049167,-29.65320855042314,7.785919166049167,4.998803931874833,-0.066651730586617,0.06159054838814616
1430.0,57.2,2.0,-29.621360664938756,7.893505544731542,-29.621360664938756,7.893505544731542,5.005394537692018,-0.066651730586617,0.06159054838814616
1431.0,57.24,2.0,-29.58881317258127,8.000873955574692,-29.58881317258127,8.000873955574692,5.011985143509205,-0.066651730586617,0.06159054838814616
1432.0,57.28,2.0,-29.555567764522586,8.108019199993475,-29.555567764522586,8.108019199993475,5.0185757493263905,-0.066651730586617,0.06159054838814616
1433.0,57.32,2.0,-29.52162617428625,8.21493609363477,-29.52162617428625,8.21493609363477,5.025166355143576,-0.066651730586617,0.06159054838814616
1434.0,57.36,2.0,-29.486990177622197,8.32161946674117,-29.486990177622197,8.32161946674117,5.031756960960762,-0.066651730586617,0.06159054838814616
1435.0,57.4,2.0,-29.451661592378322,8.428064164513563,-29.451661592378322,8.428064164513563,5.038347566777949,-0.066651730586617,0.06159054838814616
1436.0,57.44,2.0,-29.415642278368857,8.534265047472557,-29.415642278368857,8.534265047472557,5.044938172595133,-0.066651730586617,0.06159054838814616
1437.0,57.480000000000004,2.0,-29.378934137239572,8.640216991818715,-29.378934137239572,8.640216991818715,5.05152877841232,-0.066651730586617,0.06159054838814616
1438.0,57.52,2.0,-29.34153911232977,8.745914889791585,-29.34153911232977,8.745914889791585,5.058119384229506,-0.066651730586617,0.06159054838814616
1439.0,57.56,2.0,-29.304735452747156,8.849033138608942,-29.304735452747156,8.849033138608942,5.06116686924988,-0.06042458595069976,0.057101858370820956
1440.0,57.6,2.0,-29.284612291397735,8.81784541611081,-29.284612291397735,8.81784541611081,5.059134860045222,-0.04495556091358947,0.05475990561693776
1441.0,57.64,2.0,-29.247967959544958,8.9199617867814,-29.247967959544958,8.9199617867814,5.061761873938115,-0.029395229896919374,0.051304609496393
1442.0,57.68,2.0,-29.210427429870826,9.021815113520773,-29.210427429870826,9.021815113520773,5.064109660003041,-0.026176018528052524,0.04944621688006206
1443.0,57.72,2.0,-29.172539277856337,9.123872945173627,-29.172539277856337,9.123872945173627,5.066177661676971,-0.022956807159185678,0.04758782426373112
1444.0,57.76,2.0,-29.134332789671465,9.226144785465845,-29.134332789671465,9.226144785465845,5.067965878959905,-0.019737595790318828,0.04572943164740018
1445.0,57.800000000000004,2.0,-29.095837165565676,9.328640385770345,-29.095837165565676,9.328640385770345,5.069474311851841,-0.01651838442145198,0.043871039031069245
1446.0,57.84,2.0,-29.057497997082397,9.43126744539428,-29.057497997082397,9.43126744539428,5.070751848907044,-0.015091265724141534,0.04227165181915231
1447.0,57.88,2.0,-29.017346536393223,9.533959121949339,-29.017346536393223,9.533959121949339,5.071808086710003,-0.021400656206234558,0.040433954058928676
1448.0,57.92,1.0,-28.978042125617247,9.634803437271511,-28.978042125617247,9.634803437271511,5.072619315235234,-0.02590753664932135,0.0385653112053201
1449.0,57.96,1.0,-28.93976932758768,9.735494140644837,-28.93976932758768,9.735494140644837,5.073815470965009,-0.03152657796122299,0.03584984751456875
1450.0,58.0,1.0,-28.901280555026574,9.836364481720647,-28.901280555026574,9.836364481720647,5.074783241332851,-0.03714561927312463,0.0331343838238174
1451.0,58.04,0.0,-28.862706187953698,9.938102977387647,-28.862706187953698,9.938102977387647,5.075331267385439,-0.04635178885055731,0.0302585668913318
1452.0,58.08,0.0,-28.82534140768763,10.039857967207588,-28.82534140768763,10.039857967207588,5.076824280472896,-0.07358660374008615,0.02589303299695997
1453.0,58.120000000000005,0.0,-28.78745881684889,10.142288571988944,-28.78745881684889,10.142288571988944,5.078142082747224,-0.10082141862961498,0.021527499102588138
1454.0,58.160000000000004,0.0,-28.74907293718193,10.245400336480674,-28.74907293718193,10.245400336480674,5.079284674208423,-0.1280562335191438,0.017161965208216307
1455.0,58.2,1.0,-28.709770295207157,10.353014525040901,-28.709770295207157,10.353014525040901,5.0798833577932,-0.16272536408071508,0.012327737298036736
1456.0,58.24,1.0,-28.661466767101114,10.469116315368401,-28.661466767101114,10.469116315368401,5.0800302871947896,-0.15321371698369482,0.011150259006526109
1457.0,58.28,1.0,-28.61364218594209,10.58407511120703,-28.61364218594209,10.58407511120703,5.07983698803787,-0.14370206988667458,0.009972780715015487
1458.0,58.32,0.0,-28.566330331058936,10.697906437528074,-28.566330331058936,10.697906437528074,5.0793034603224445,-0.13419042278965435,0.008795302423504861
1459.0,58.36,0.0,-28.518288602812152,10.812946567580621,-28.518288602812152,10.812946567580621,5.081972824845321,-0.13090592032855133,0.012106514149319434
1460.0,58.4,1.0,-28.453463442418077,11.060932746596551,-28.453463442418077,11.060932746596551,5.089381455034725,-0.13686329826864135,0.013270988611692005
1461.0,58.44,0.0,-28.405092015249558,11.174266085099214,-28.405092015249558,11.174266085099214,5.091790833568068,-0.1429119821882912,0.015548806440726145
1462.0,58.480000000000004,0.0,-28.357584765640475,11.286525146444072,-28.357584765640475,11.286525146444072,5.094139211370873,-0.1366195464601378,0.01622972076554646
1463.0,58.52,0.0,-28.31042845337698,11.397254058583929,-28.31042845337698,11.397254058583929,5.096427145006166,-0.1303271107319844,0.016910635090366777
1464.0,58.56,1.0,-28.263629043685334,11.506455244408235,-28.263629043685334,11.506455244408235,5.098654634473947,-0.12403467500383099,0.01759154941518709
1465.0,58.6,0.0,-28.217192501725616,11.614131128234867,-28.217192501725616,11.614131128234867,5.100821679774217,-0.11774223927567759,0.018272463740007412
1466.0,58.64,0.0,-28.17070831326789,11.720386434762512,-28.17070831326789,11.720386434762512,5.1028793923527145,-0.1096577108759678,0.018694372660413714
1467.0,58.68,0.0,-28.119661438664828,11.829520662825214,-28.119661438664828,11.829520662825214,5.107966663909584,-0.06387805717066883,0.022520247380539826
1468.0,58.72,0.0,-28.065896512437625,11.942329969777205,-28.065896512437625,11.942329969777205,5.1129666795451865,-0.01841812473709147,0.02578641225575428
1469.0,58.76,0.0,-28.008080463855396,12.054250325791237,-28.008080463855396,12.054250325791237,5.1173070107425245,0.027727575341131037,0.03019854715243809
1470.0,58.800000000000004,0.0,-27.94871751217488,12.170215066359736,-27.94871751217488,12.170215066359736,5.121502225967106,0.07307755120524029,0.03422067958209638
1471.0,58.84,0.0,-27.888031262510236,12.282117443016542,-27.888031262510236,12.282117443016542,5.125760634535843,0.12002323201527938,0.03858488939141705
1472.0,58.88,0.0,-27.825548293354167,12.395123119157383,-27.825548293354167,12.395123119157383,5.1286855930217286,0.18333210904364017,0.04429107306168811
1473.0,58.92,0.0,-27.76111444652107,12.506103612420622,-27.76111444652107,12.506103612420622,5.131405857382086,0.2460880086278491,0.050176389784525134
1474.0,58.96,0.0,-27.697004762024534,12.617174183096678,-27.697004762024534,12.617174183096678,5.13391329697024,0.3076882559353414,0.05585223366522714
1475.0,59.0,0.0,-27.630649146700335,12.726181992395592,-27.630649146700335,12.726181992395592,5.136468797292797,0.3766994245321433,0.0624482713070312
1476.0,59.04,1.0,-27.571907833127295,12.825786601963102,-27.571907833127295,12.825786601963102,5.1392112285564355,0.4008728301903456,0.06524025036514934
1477.0,59.08,1.0,-27.505863025246903,12.932938364049198,-27.505863025246903,12.932938364049198,5.141751457407329,0.41885533999588703,0.06930922515498246
1478.0,59.120000000000005,1.0,-27.423935413078112,13.052559850028667,-27.423935413078112,13.052559850028667,5.14517054993698,0.4357047363722166,0.07634798584539178
1479.0,59.160000000000004,1.0,-27.342133796164696,13.171523238488092,-27.342133796164696,13.171523238488092,5.147894904120754,0.44264853044019337,0.08260578594736526
1480.0,59.2,1.0,-27.290268926706524,13.266896283082058,-27.290268926706524,13.266896283082058,5.14891955374391,0.4384286969909622,0.0925465186408671
1481.0,59.24,1.0,-27.176996277787037,13.410410270160588,-27.176996277787037,13.410410270160588,5.152604473824054,0.43791689566933095,0.10066617503364364
1482.0,59.28,1.0,-27.12578139881531,13.5069761714139,-27.12578139881531,13.5069761714139,5.153215741906909,0.42852198807332387,0.11231771163869213
1483.0,59.32,1.0,-26.95301264939993,13.698278012359788,-26.95301264939993,13.698278012359788,5.159549290655416,0.429319494820131,0.11939046211824147
1484.0,59.36,1.0,-26.901896266079223,13.79787877402799,-26.901896266079223,13.79787877402799,5.159830476258078,0.4162080985077187,0.1324943002720958
1485.0,59.4,1.0,-26.607340279083672,14.083416812607052,-26.607340279083672,14.083416812607052,5.172207540381949,0.4254257728257852,0.13494787152057994
1486.0,59.44,1.0,-26.556056333910202,14.184335212825085,-26.556056333910202,14.184335212825085,5.172244035068776,0.4314094263287872,0.15506972324244414
1487.0,59.480000000000004,0.0,-26.511721316899855,14.27971766298812,-26.511721316899855,14.27971766298812,5.172560422920982,0.3954764086107105,0.15019734722088346
1488.0,59.52,1.0,-26.468391572996495,14.373370088765142,-26.468391572996495,14.373370088765142,5.173096261486677,0.3580606021253492,0.14591562613761935
1489.0,59.56,1.0,-26.4272265796255,14.468163790327589,-26.4272265796255,14.468163790327589,5.173794042800589,0.3210711888641575,0.1413347558700287
1490.0,59.6,1.0,-26.386980625400078,14.558833355297555,-26.386980625400078,14.558833355297555,5.174752510963687,0.2848774998170791,0.1371438880694635
1491.0,59.64,1.0,-26.347310595213212,14.652798340532692,-26.347310595213212,14.652798340532692,5.175954715612378,0.25067523408960185,0.13277129613097022
1492.0,59.68,1.0,-26.30740554709256,14.745746220230837,-26.30740554709256,14.745746220230837,5.17743256882355,0.21813841745589913,0.12854644729341277
1493.0,59.72,1.0,-26.269157800637792,14.84014798432068,-26.269157800637792,14.84014798432068,5.179177512487874,0.18615457826634824,0.12414246540328937
1494.0,59.76,1.0,-26.230288502711666,14.93388460668792,-26.230288502711666,14.93388460668792,5.181197677252027,0.155326391353514,0.11994795635530095
1495.0,59.800000000000004,2.0,-26.193791871562347,15.025289590552685,-26.193791871562347,15.025289590552685,5.183600874672694,0.12452159882341254,0.11530194756201825
1496.0,59.84,2.0,-26.157902391426944,15.117720274520142,-26.157902391426944,15.117720274520142,5.186156080849965,0.0943737915733192,0.11080324773375252
1497.0,59.88,2.0,-26.128068558077892,15.203859128990052,-26.128068558077892,15.203859128990052,5.189140903512984,0.07041688017588674,0.10502755217377183
1498.0,59.92,2.0,-26.112846373178407,15.27877043172111,-26.112846373178407,15.27877043172111,5.19147427657025,0.04759308220766613,0.0962820707132149
1499.0,59.96,2.0,-26.096203780264638,15.355568763363848,-26.096203780264638,15.355568763363848,5.194729802046394,0.03467488654779828,0.08831754984109383
1500.0,60.0,2.0,-26.048306822050154,15.457173039848467,-26.048306822050154,15.457173039848467,5.199912446156163,0.032920318405138434,0.07667009637744439
1501.0,60.04,2.0,-26.060476872633235,15.51183855500327,-26.060476872633235,15.51183855500327,5.202662233881946,0.027457718134878666,0.06684371921452026
1502.0,60.08,2.0,-26.009225282488522,15.614640828157604,-26.009225282488522,15.614640828157604,5.208713087678022,0.03087822413899473,0.053485461839324164
1503.0,60.120000000000005,2.0,-26.078140645025787,15.623882235904054,-26.078140645025787,15.623882235904054,5.2092690748814485,0.02410631580029645,0.04470599058962725
1504.0,60.160000000000004,2.0,-26.023993730291302,15.72598611066545,-26.023993730291302,15.72598611066545,5.216104839303725,0.03124331052081767,0.029895431665625298
1505.0,60.2,2.0,-26.211853568635906,15.643300321301231,-26.211853568635906,15.643300321301231,5.211072139277794,0.016051234610860176,0.025735139646993588
1506.0,60.24,2.0,-26.15498562957013,15.746367919981727,-26.15498562957013,15.746367919981727,5.218607422761912,0.004093179515967105,0.003906567154981784
1507.0,60.28,2.0,-26.09620897120548,15.851871282503348,-26.09620897120548,15.851871282503348,5.22294173886902,0.004093179515967105,0.003906567154981784
1508.0,60.32,2.0,-26.036975391921743,15.957119183661177,-26.036975391921743,15.957119183661177,5.227276054976128,0.004093179515967105,0.003906567154981784
1509.0,60.36,2.0,-25.97728600347967,16.0621096420335,-25.97728600347967,16.0621096420335,5.231610371083237,0.004093179515967105,0.003906567154981784
1510.0,60.4,2.0,-25.917141926243424,16.16684068104327,-25.917141926243424,16.16684068104327,5.235944687190345,0.004093179515967105,0.003906567154981784
1511.0,60.44,2.0,-25.856544289159462,16.271310328995476,-25.856544289159462,16.271310328995476,5.240279003297453,0.004093179515967105,0.003906567154981784
1512.0,60.480000000000004,2.0,-25.795494229735215,16.375516619114467,-25.795494229735215,16.375516619114467,5.24461331940456,0.004093179515967105,0.003906567154981784
1513.0,60.52,2.0,-25.733992894017643,16.479457589581195,-25.733992894017643,16.479457589581195,5.248947635511669,0.004093179515967105,0.003906567154981784
1514.0,60.56,2.0,-25.672041436571597,16.5831312835703,-25.672041436571597,16.5831312835703,5.253281951618777,0.004093179515967105,0.003906567154981784
1515.0,60.6,2.0,-25.60964102045802,16.686535749287167,-25.60964102045802,16.686535749287167,5.257616267725885,0.004093179515967105,0.003906567154981784
1516.0,60.64,2.0,-25.546792817212022,16.789669040004853,-25.546792817212022,16.789669040004853,5.261950583832993,0.004093179515967105,0.003906567154981784
1517.0,60.68,2.0,-25.48349800682077,16.892529214100932,-25.48349800682077,16.892529214100932,5.266284899940102,0.004093179515967105,0.003906567154981784
1518.0,60.72,2.0,-25.419757777701186,16.995114335094225,-25.419757777701186,16.995114335094225,5.270619216047209,0.004093179515967105,0.003906567154981784
1519.0,60.76,2.0,-25.355573326677565,17.097422471681462,-25.355573326677565,17.097422471681462,5.274953532154317,0.004093179515967105,0.003906567154981784
1520.0,60.800000000000004,2.0,-25.290945858958942,17.199451697773817,-25.290945858958942,17.199451697773817,5.279287848261426,0.004093179515967105,0.003906567154981784
1521.0,60.84,2.0,-25.22587658811637,17.301200092533364,-25.22587658811637,17.301200092533364,5.283622164368533,0.004093179515967105,0.003906567154981784
1522.0,60.88,2.0,-25.16036673606001,17.40266574040942,-25.16036673606001,17.40266574040942,5.287956480475642,0.004093179515967105,0.003906567154981784
1523.0,60.92,2.0,-25.09441753301605,17.503846731174804,-25.09441753301605,17.503846731174804,5.2922907965827495,0.004093179515967105,0.003906567154981784
1524.0,60.96,2.0,-25.028030217503506,17.604741159961975,-25.028030217503506,17.604741159961975,5.296625112689858,0.004093179515967105,0.003906567154981784
1525.0,61.0,2.0,-24.961206036310827,17.705347127299092,-24.961206036310827,17.705347127299092,5.300959428796967,0.004093179515967105,0.003906567154981784
1526.0,61.04,2.0,-24.893946244472357,17.805662739145944,-24.893946244472357,17.805662739145944,5.305293744904074,0.004093179515967105,0.003906567154981784
1527.0,61.08,2.0,-24.826252105244645,17.905686106929803,-24.826252105244645,17.905686106929803,5.309628061011182,0.004093179515967105,0.003906567154981784
1528.0,61.120000000000005,2.0,-24.758124890082595,18.00541534758116,-24.758124890082595,18.00541534758116,5.31396237711829,0.004093179515967105,0.003906567154981784
1529.0,61.160000000000004,2.0,-24.68956587861547,18.104848583569364,-24.68956587861547,18.104848583569364,5.318296693225398,0.004093179515967105,0.003906567154981784
1530.0,61.2,2.0,-24.620576358622706,18.203983942938144,-24.620576358622706,18.203983942938144,5.322631009332507,0.004093179515967105,0.003906567154981784
1531.0,61.24,2.0,-24.55115762600964,18.302819559341025,-24.55115762600964,18.302819559341025,5.326965325439614,0.004093179515967105,0.003906567154981784
1532.0,61.28,2.0,-24.48131098478299,18.401353572076687,-24.48131098478299,18.401353572076687,5.331299641546723,0.004093179515967105,0.003906567154981784
1533.0,61.32,2.0,-24.411037747026274,18.499584126124127,-24.411037747026274,18.499584126124127,5.3356339576538305,0.004093179515967105,0.003906567154981784
1534.0,61.36,2.0,-24.34033923287501,18.597509372177775,-24.34033923287501,18.597509372177775,5.339968273760939,0.004093179515967105,0.003906567154981784
1535.0,61.4,2.0,-24.269216770491802,18.69512746668253,-24.269216770491802,18.69512746668253,5.344302589868048,0.004093179515967105,0.003906567154981784
1536.0,61.44,2.0,-24.19767169604124,18.792436571868578,-24.19767169604124,18.792436571868578,5.348636905975155,0.004093179515967105,0.003906567154981784
1537.0,61.480000000000004,2.0,-24.125705353664703,18.889434855786227,-24.125705353664703,18.889434855786227,5.352971222082263,0.004093179515967105,0.003906567154981784
1538.0,61.52,2.0,-24.053319095454928,18.986120492340554,-24.053319095454928,18.986120492340554,5.357305538189371,0.004093179515967105,0.003906567154981784
1539.0,61.56,2.0,-23.98051428143051,19.082491661325953,-23.98051428143051,19.082491661325953,5.361639854296479,0.004093179515967105,0.003906567154981784
1540.0,61.6,2.0,-23.907292279510198,19.178546548460577,-23.907292279510198,19.178546548460577,5.365974170403588,0.004093179515967105,0.003906567154981784
1541.0,61.64,2.0,-23.833654465487083,19.274283345420702,-23.833654465487083,19.274283345420702,5.370308486510695,0.004093179515967105,0.003906567154981784
1542.0,61.68,2.0,-23.75960222300258,19.36970024987491,-23.75960222300258,19.36970024987491,5.374642802617804,0.004093179515967105,0.003906567154981784
1543.0,61.72,2.0,-23.68513694352033,19.46479546551821,-23.68513694352033,19.46479546551821,5.378977118724912,0.004093179515967105,0.003906567154981784
1544.0,61.76,2.0,-23.610260026299883,19.559567202106035,-23.610260026299883,19.559567202106035,5.38331143483202,0.004093179515967105,0.003906567154981784
1545.0,61.800000000000004,2.0,-23.534972878370294,19.654013675488113,-23.534972878370294,19.654013675488113,5.387645750939128,0.004093179515967105,0.003906567154981784
1546.0,61.84,2.0,-23.459276914503533,19.748133107642225,-23.459276914503533,19.748133107642225,5.3919800670462354,0.004093179515967105,0.003906567154981784
1547.0,61.88,2.0,-23.383173557187774,19.841923726707854,-23.383173557187774,19.841923726707854,5.396314383153344,0.004093179515967105,0.003906567154981784
1548.0,61.92,2.0,-23.30666423660051,19.935383767019736,-23.30666423660051,19.935383767019736,5.4006486992604525,0.004093179515967105,0.003906567154981784
1549.0,61.96,2.0,-23.22975039058155,20.028511469141222,-23.22975039058155,20.028511469141222,5.40498301536756,0.004093179515967105,0.003906567154981784
1550.0,62.0,2.0,-23.152433464605828,20.12130507989762,-23.152433464605828,20.12130507989762,5.409317331474668,0.004093179515967105,0.003906567154981784
1551.0,62.04,2.0,-23.07471491175615,20.213762852409353,-23.07471491175615,20.213762852409353,5.413651647581776,0.004093179515967105,0.003906567154981784
1552.0,62.08,2.0,-22.996596192695684,20.305883046125004,-22.996596192695684,20.305883046125004,5.417985963688884,0.004093179515967105,0.003906567154981784
1553.0,62.120000000000005,2.0,-22.918078775640414,20.39766392685426,-22.918078775640414,20.39766392685426,5.422320279795993,0.004093179515967105,0.003906567154981784
1554.0,62.160000000000004,2.0,-22.839164136331362,20.489103766800746,-22.839164136331362,20.489103766800746,5.4266545959031,0.004093179515967105,0.003906567154981784
1555.0,62.2,2.0,-22.759853758006745,20.58020084459469,-22.759853758006745,20.58020084459469,5.430988912010209,0.004093179515967105,0.003906567154981784
1556.0,62.24,2.0,-22.680149131373923,20.6709534453255,-22.680149131373923,20.6709534453255,5.435323228117317,0.004093179515967105,0.003906567154981784
1557.0,62.28,2.0,-22.600051754581237,20.761359860574252,-22.600051754581237,20.761359860574252,5.439657544224425,0.004093179515967105,0.003906567154981784
1558.0,62.32,2.0,-22.519563133189727,20.851418388445957,-22.519563133189727,20.851418388445957,5.443991860331534,0.004093179515967105,0.003906567154981784
1559.0,62.36,2.0,-22.438684780144662,20.94112733360182,-22.438684780144662,20.94112733360182,5.448326176438641,0.004093179515967105,0.003906567154981784
1560.0,62.4,2.0,-22.357418215746957,21.030485007291283,-22.357418215746957,21.030485007291283,5.45266049254575,0.004093179515967105,0.003906567154981784
1561.0,62.440000000000005,2.0,-22.27576496762446,21.119489727384003,-22.27576496762446,21.119489727384003,5.4569948086528575,0.004093179515967105,0.003906567154981784
1562.0,62.480000000000004,2.0,-22.193726570703067,21.208139818401662,-22.193726570703067,21.208139818401662,5.461329124759965,0.004093179515967105,0.003906567154981784
1563.0,62.52,2.0,-22.111304567177733,21.29643361154969,-22.111304567177733,21.29643361154969,5.465663440867074,0.004093179515967105,0.003906567154981784
1564.0,62.56,2.0,-22.028500506483333,21.384369444748824,-22.028500506483333,21.384369444748824,5.469997756974182,0.004093179515967105,0.003906567154981784
1565.0,62.6,2.0,-21.945315945265374,21.471945662666574,-21.945315945265374,21.471945662666574,5.474332073081291,0.004093179515967105,0.003906567154981784
1566.0,62.64,2.0,-21.861752447350575,21.559160616748528,-21.861752447350575,21.559160616748528,5.478666389188398,0.004093179515967105,0.003906567154981784
1567.0,62.68,2.0,-21.777811583717337,21.646012665249565,-21.777811583717337,21.646012665249565,5.483000705295506,0.004093179515967105,0.003906567154981784
1568.0,62.72,2.0,-21.693494932466027,21.7325001732649,-21.693494932466027,21.7325001732649,5.487335021402615,0.004093179515967105,0.003906567154981784
1569.0,62.76,2.0,-21.608804078789177,21.81862151276103,-21.608804078789177,21.81862151276103,5.491669337509722,0.004093179515967105,0.003906567154981784
1570.0,62.800000000000004,2.0,-21.52374061494152,21.904375062606537,-21.52374061494152,21.904375062606537,5.496003653616831,0.004093179515967105,0.003906567154981784
1571.0,62.84,2.0,-21.438306140209896,21.98975920860276,-21.438306140209896,21.98975920860276,5.5003379697239385,0.004093179515967105,0.003906567154981784
1572.0,62.88,2.0,-21.352502260883035,22.074772343514343,-21.352502260883035,22.074772343514343,5.504672285831047,0.004093179515967105,0.003906567154981784
1573.0,62.92,2.0,-21.26633059022119,22.159412867099633,-21.26633059022119,22.159412867099633,5.509006601938156,0.004093179515967105,0.003906567154981784
1574.0,62.96,2.0,-21.17979274842566,22.243679186140977,-21.17979274842566,22.243679186140977,5.513340918045263,0.004093179515967105,0.003906567154981784
1575.0,63.0,2.0,-21.09289036260815,22.32756971447484,-21.09289036260815,22.32756971447484,5.517675234152372,0.004093179515967105,0.003906567154981784
1576.0,63.04,2.0,-21.005625066760032,22.411082873021854,-21.005625066760032,22.411082873021854,5.522009550259479,0.004093179515967105,0.003906567154981784
1577.0,63.08,2.0,-20.917998501721478,22.494217089816658,-20.917998501721478,22.494217089816658,5.526343866366588,0.004093179515967105,0.003906567154981784
1578.0,63.120000000000005,2.0,-20.830012315150405,22.576970800037657,-20.830012315150405,22.576970800037657,5.530678182473696,0.004093179515967105,0.003906567154981784
1579.0,63.160000000000004,2.0,-20.741668161491383,22.659342446036636,-20.741668161491383,22.659342446036636,5.535012498580803,0.004093179515967105,0.003906567154981784
1580.0,63.2,2.0,-20.652967701944313,22.741330477368212,-20.652967701944313,22.741330477368212,5.539346814687912,0.004093179515967105,0.003906567154981784
1581.0,63.24,2.0,-20.563912604433067,22.82293335081919,-20.563912604433067,22.82293335081919,5.5436811307950205,0.004093179515967105,0.003906567154981784
1582.0,63.28,2.0,-20.474504543573957,22.904149530437742,-20.474504543573957,22.904149530437742,5.548015446902128,0.004093179515967105,0.003906567154981784
1583.0,63.32,2.0,-20.384745200644055,22.984977487562478,-20.384745200644055,22.984977487562478,5.552349763009236,0.004093179515967105,0.003906567154981784
1584.0,63.36,2.0,-20.294636263549457,23.065415700851364,-20.294636263549457,23.065415700851364,5.556684079116344,0.004093179515967105,0.003906567154981784
1585.0,63.4,2.0,-20.20417942679332,23.145462656310503,-20.20417942679332,23.145462656310503,5.561018395223452,0.004093179515967105,0.003906567154981784
1586.0,63.440000000000005,2.0,-20.113376391443893,23.225116847322784,-20.113376391443893,23.225116847322784,5.5653527113305605,0.004093179515967105,0.003906567154981784
1587.0,63.480000000000004,2.0,-20.022228865102313,23.304376774676378,-20.022228865102313,23.304376774676378,5.569687027437668,0.004093179515967105,0.003906567154981784
1588.0,63.52,2.0,-19.93073856187036,23.383240946593116,-19.93073856187036,23.383240946593116,5.574021343544777,0.004093179515967105,0.003906567154981784
1589.0,63.56,2.0,-19.838907202318026,23.46170787875669,-19.838907202318026,23.46170787875669,5.578355659651885,0.004093179515967105,0.003906567154981784
1590.0,63.6,2.0,-19.746736513451022,23.539776094340755,-19.746736513451022,23.539776094340755,5.582689975758993,0.004093179515967105,0.003906567154981784
1591.0,63.64,2.0,-19.6542282286781,23.617444124036858,-19.6542282286781,23.617444124036858,5.587024291866101,0.004093179515967105,0.003906567154981784
1592.0,63.68,2.0,-19.5613840877783,23.694710506082224,-19.5613840877783,23.694710506082224,5.591358607973208,0.004093179515967105,0.003906567154981784
1593.0,63.72,2.0,-19.468205836868066,23.771573786287448,-19.468205836868066,23.771573786287448,5.595692924080317,0.004093179515967105,0.003906567154981784
1594.0,63.76,2.0,-19.374695228368214,23.84803251806396,-19.374695228368214,23.84803251806396,5.600027240187425,0.004093179515967105,0.003906567154981784
1595.0,63.800000000000004,2.0,-19.280854020970835,23.924085262451413,-19.280854020970835,23.924085262451413,5.604361556294533,0.004093179515967105,0.003906567154981784
1596.0,63.84,2.0,-19.186683979606023,23.999730588144907,-19.186683979606023,23.999730588144907,5.608695872401642,0.004093179515967105,0.003906567154981784
1597.0,63.88,2.0,-19.09218687540851,24.07496707152206,-19.09218687540851,24.07496707152206,5.613030188508749,0.004093179515967105,0.003906567154981784
1598.0,63.92,2.0,-18.9973644856842,24.149793296669937,-18.9973644856842,24.149793296669937,5.617364504615858,0.004093179515967105,0.003906567154981784
1599.0,63.96,2.0,-18.902218593876544,24.224207855411844,-18.902218593876544,24.224207855411844,5.621698820722966,0.004093179515967105,0.003906567154981784
1600.0,64.0,2.0,-18.806750989532837,24.298209347333955,-18.806750989532837,24.298209347333955,5.626033136830074,0.004093179515967105,0.003906567154981784
1601.0,64.04,2.0,-18.710963468270393,24.371796379811805,-18.710963468270393,24.371796379811805,5.630367452937182,0.004093179515967105,0.003906567154981784
1602.0,64.08,2.0,-18.61485783174257,24.44496756803665,-18.61485783174257,24.44496756803665,5.634701769044289,0.004093179515967105,0.003906567154981784
1603.0,64.12,2.0,-18.51843588760473,24.517721535041623,-18.51843588760473,24.517721535041623,5.639036085151398,0.004093179515967105,0.003906567154981784
1604.0,64.16,2.0,-18.42169944948006,24.590056911727842,-18.42169944948006,24.590056911727842,5.643370401258506,0.004093179515967105,0.003906567154981784
1605.0,64.2,2.0,-18.324650336925263,24.66197233689024,-18.324650336925263,24.66197233689024,5.647704717365614,0.004093179515967105,0.003906567154981784
1606.0,64.24,2.0,-18.227290375396187,24.73346645724336,-18.227290375396187,24.73346645724336,5.652039033472723,0.004093179515967105,0.003906567154981784
1607.0,64.28,2.0,-18.129621396213288,24.804537927446933,-18.129621396213288,24.804537927446933,5.65637334957983,0.004093179515967105,0.003906567154981784
1608.0,64.32000000000001,2.0,-18.031645236527,24.875185410131333,-18.031645236527,24.875185410131333,5.660707665686939,0.004093179515967105,0.003906567154981784
1609.0,64.36,2.0,-17.93336373928303,24.945407575922864,-17.93336373928303,24.945407575922864,5.6650419817940465,0.004093179515967105,0.003906567154981784
1610.0,64.4,2.0,-17.83477875318747,25.01520310346892,-17.83477875318747,25.01520310346892,5.669376297901154,0.004093179515967105,0.003906567154981784
1611.0,64.44,2.0,-17.735892132671886,25.084570679462953,-17.735892132671886,25.084570679462953,5.673710614008263,0.004093179515967105,0.003906567154981784
1612.0,64.48,2.0,-17.636705737858215,25.153508998669338,-17.636705737858215,25.153508998669338,5.678044930115371,0.004093179515967105,0.003906567154981784
1613.0,64.52,2.0,-17.53722143452361,25.22201676394804,-17.53722143452361,25.22201676394804,5.682379246222479,0.004093179515967105,0.003906567154981784
1614.0,64.56,2.0,-17.437441094065182,25.290092686279174,-17.437441094065182,25.290092686279174,5.686713562329587,0.004093179515967105,0.003906567154981784
1615.0,64.6,2.0,-17.337366593464566,25.357735484787344,-17.337366593464566,25.357735484787344,5.691047878436695,0.004093179515967105,0.003906567154981784
1616.0,64.64,2.0,-17.236999815252478,25.42494388676591,-17.236999815252478,25.42494388676591,5.695382194543803,0.004093179515967105,0.003906567154981784
1617.0,64.68,2.0,-17.136342647473096,25.49171662770102,-17.136342647473096,25.49171662770102,5.699716510650911,0.004093179515967105,0.003906567154981784
1618.0,64.72,2.0,-17.035396983648354,25.558052451295566,-17.035396983648354,25.558052451295566,5.704050826758019,0.004093179515967105,0.003906567154981784
1619.0,64.76,2.0,-16.93416472274215,25.62395010949291,-16.93416472274215,25.62395010949291,5.7083851428651275,0.004093179515967105,0.003906567154981784
1620.0,64.8,2.0,-16.832647769124435,25.689408362500494,-16.832647769124435,25.689408362500494,5.712719458972236,0.004093179515967105,0.003906567154981784
1621.0,64.84,2.0,-16.7308480325352,25.754425978813305,-16.7308480325352,25.754425978813305,5.717053775079344,0.004093179515967105,0.003906567154981784
1622.0,64.88,2.0,-16.62876742804835,25.819001735237133,-16.62876742804835,25.819001735237133,5.721388091186452,0.004093179515967105,0.003906567154981784
1623.0,64.92,2.0,-16.526407876035524,25.88313441691173,-16.526407876035524,25.88313441691173,5.72572240729356,0.004093179515967105,0.003906567154981784
1624.0,64.96000000000001,2.0,-16.42377130212975,25.946822817333764,-16.42377130212975,25.946822817333764,5.7300567234006685,0.004093179515967105,0.003906567154981784
1625.0,65.0,2.0,-16.320859637189052,26.010065738379655,-16.320859637189052,26.010065738379655,5.734391039507776,0.004093179515967105,0.003906567154981784
1626.0,65.04,2.0,-16.217674817259915,26.07286199032821,-16.217674817259915,26.07286199032821,5.738725355614884,0.004093179515967105,0.003906567154981784
1627.0,65.08,2.0,-16.1142187835407,26.135210391883135,-16.1142187835407,26.135210391883135,5.743059671721992,0.004093179515967105,0.003906567154981784
1628.0,65.12,2.0,-16.010493482344906,26.197109770195357,-16.010493482344906,26.197109770195357,5.747393987829101,0.004093179515967105,0.003906567154981784
1629.0,65.16,2.0,-15.906500865064398,26.258558960885228,-15.906500865064398,26.258558960885228,5.7517283039362095,0.004093179515967105,0.003906567154981784
1630.0,65.2,2.0,-15.802242888132483,26.319556808064505,-15.802242888132483,26.319556808064505,5.756062620043317,0.004093179515967105,0.003906567154981784
1631.0,65.24,2.0,-15.697721512986906,26.380102164358238,-15.697721512986906,26.380102164358238,5.760396936150425,0.004093179515967105,0.003906567154981784
1632.0,65.28,2.0,-15.592938706032779,26.440193890926444,-15.592938706032779,26.440193890926444,5.764731252257533,0.004093179515967105,0.003906567154981784
1633.0,65.32000000000001,2.0,-15.487896438605384,26.499830857485655,-15.487896438605384,26.499830857485655,5.769065568364641,0.004093179515967105,0.003906567154981784
1634.0,65.36,2.0,-15.382596686932882,26.55901194233026,-15.382596686932882,26.55901194233026,5.77339988447175,0.004093179515967105,0.003906567154981784
1635.0,65.4,2.0,-15.277041432098965,26.617736032353754,-15.277041432098965,26.617736032353754,5.777734200578857,0.004093179515967105,0.003906567154981784
1636.0,65.44,2.0,-15.171232660005373,26.67600202306975,-15.171232660005373,26.67600202306975,5.782068516685966,0.004093179515967105,0.003906567154981784
1637.0,65.48,2.0,-15.065172361334334,26.733808818632873,-15.065172361334334,26.733808818632873,5.786402832793074,0.004093179515967105,0.003906567154981784
1638.0,65.52,2.0,-14.958862531510931,26.79115533185947,-14.958862531510931,26.79115533185947,5.790737148900182,0.004093179515967105,0.003906567154981784
1639.0,65.56,2.0,-14.85230517066537,26.848040484248173,-14.85230517066537,26.848040484248173,5.7950714650072905,0.004093179515967105,0.003906567154981784
1640.0,65.6,2.0,-14.745502283595119,26.90446320600027,-14.745502283595119,26.90446320600027,5.799405781114397,0.004093179515967105,0.003906567154981784
1641.0,65.64,2.0,-14.638455879727038,26.96042243603996,-14.638455879727038,26.96042243603996,5.803740097221507,0.004093179515967105,0.003906567154981784
1642.0,65.68,2.0,-14.531167973079357,27.01591712203438,-14.531167973079357,27.01591712203438,5.808074413328614,0.004093179515967105,0.003906567154981784
1643.0,65.72,2.0,-14.423640582223578,27.070946220413497,-14.423640582223578,27.070946220413497,5.812408729435722,0.004093179515967105,0.003906567154981784
1644.0,65.76,2.0,-14.315875730246313,27.12550869638987,-14.315875730246313,27.12550869638987,5.816743045542831,0.004093179515967105,0.003906567154981784
1645.0,65.8,2.0,-14.207875444711018,27.179603523978166,-14.207875444711018,27.179603523978166,5.821077361649939,0.004093179515967105,0.003906567154981784
1646.0,65.84,2.0,-14.09964175761966,27.23322968601456,-14.09964175761966,27.23322968601456,5.825411677757047,0.004093179515967105,0.003906567154981784
1647.0,65.88,2.0,-13.991176705374254,27.286386174176016,-13.991176705374254,27.286386174176016,5.8297459938641545,0.004093179515967105,0.003906567154981784
1648.0,65.92,2.0,-13.882482328738385,27.33907198899925,-13.882482328738385,27.33907198899925,5.834080309971263,0.004093179515967105,0.003906567154981784
1649.0,65.96000000000001,2.0,-13.773560672798604,27.391286139899698,-13.773560672798604,27.391286139899698,5.838414626078371,0.004093179515967105,0.003906567154981784
1650.0,66.0,2.0,-13.66441378692573,27.443027645190217,-13.66441378692573,27.443027645190217,5.842748942185479,0.004093179515967105,0.003906567154981784
1651.0,66.04,2.0,-13.555043724736112,27.494295532099592,-13.555043724736112,27.494295532099592,5.847083258292587,0.004093179515967105,0.003906567154981784
1652.0,66.08,2.0,-13.445452544052788,27.545088836791003,-13.445452544052788,27.545088836791003,5.8514175743996955,0.004093179515967105,0.003906567154981784
1653.0,66.12,2.0,-13.335642306866557,27.595406604380162,-13.335642306866557,27.595406604380162,5.855751890506804,0.004093179515967105,0.003906567154981784
1654.0,66.16,2.0,-13.225615079296986,27.6452478889534,-13.225615079296986,27.6452478889534,5.860086206613912,0.004093179515967105,0.003906567154981784
1655.0,66.2,2.0,-13.115372931553328,27.694611753585537,-13.115372931553328,27.694611753585537,5.864420522721019,0.004093179515967105,0.003906567154981784
1656.0,66.24,2.0,-13.00491793789538,27.74349727035757,-13.00491793789538,27.74349727035757,5.868754838828127,0.004093179515967105,0.003906567154981784
1657.0,66.28,2.0,-12.894252176594245,27.791903520374223,-12.894252176594245,27.791903520374223,5.8730891549352355,0.004093179515967105,0.003906567154981784
1658.0,66.32000000000001,2.0,-12.783377729893022,27.839829593781293,-12.783377729893022,27.839829593781293,5.877423471042344,0.004093179515967105,0.003906567154981784
1659.0,66.36,2.0,-12.672296683967431,27.88727458978285,-12.672296683967431,27.88727458978285,5.881757787149452,0.004093179515967105,0.003906567154981784
1660.0,66.4,2.0,-12.561011128886356,27.934237616658283,-12.561011128886356,27.934237616658283,5.88609210325656,0.004093179515967105,0.003906567154981784
1661.0,66.44,2.0,-12.449523158572312,27.980717791779067,-12.449523158572312,27.980717791779067,5.890426419363668,0.004093179515967105,0.003906567154981784
1662.0,66.48,2.0,-12.33783487076184,28.026714241625534,-12.33783487076184,28.026714241625534,5.8947607354707765,0.004093179515967105,0.003906567154981784
1663.0,66.52,2.0,-12.225948366965838,28.072226101803317,-12.225948366965838,28.072226101803317,5.899095051577885,0.004093179515967105,0.003906567154981784
1664.0,66.56,2.0,-12.113865752429813,28.117252517059683,-12.113865752429813,28.117252517059683,5.903429367684993,0.004093179515967105,0.003906567154981784
1665.0,66.6,2.0,-12.00158913609406,28.161792641299705,-12.00158913609406,28.161792641299705,5.9077636837921,0.004093179515967105,0.003906567154981784
1666.0,66.64,2.0,-11.889120630553776,28.205845637602245,-11.889120630553776,28.205845637602245,5.912097999899208,0.004093179515967105,0.003906567154981784
1667.0,66.68,2.0,-11.77646235201911,28.249410678235716,-11.77646235201911,28.249410678235716,5.916432316006317,0.004093179515967105,0.003906567154981784
1668.0,66.72,2.0,-11.663616420275122,28.292486944673804,-11.663616420275122,28.292486944673804,5.920766632113425,0.004093179515967105,0.003906567154981784
1669.0,66.76,2.0,-11.550584958641712,28.335073627610843,-11.550584958641712,28.335073627610843,5.925100948220533,0.004093179515967105,0.003906567154981784
1670.0,66.8,2.0,-11.437370093933438,28.37716992697712,-11.437370093933438,28.37716992697712,5.929435264327641,0.004093179515967105,0.003906567154981784
1671.0,66.84,2.0,-11.323973956419309,28.418775051954032,-11.323973956419309,28.418775051954032,5.933769580434749,0.004093179515967105,0.003906567154981784
1672.0,66.88,2.0,-11.21039867978248,28.459888220988944,-11.21039867978248,28.459888220988944,5.9381038965418576,0.004093179515967105,0.003906567154981784
1673.0,66.92,2.0,-11.096646401079909,28.500508661810006,-11.096646401079909,28.500508661810006,5.942438212648965,0.004093179515967105,0.003906567154981784
1674.0,66.96000000000001,2.0,-10.982719260701922,28.540635611440717,-10.982719260701922,28.540635611440717,5.946772528756073,0.004093179515967105,0.003906567154981784
1675.0,67.0,2.0,-10.868619402331742,28.58026831621432,-10.868619402331742,28.58026831621432,5.951106844863181,0.004093179515967105,0.003906567154981784
1676.0,67.04,2.0,-10.754348972904946,28.61940603178802,-10.754348972904946,28.61940603178802,5.95544116097029,0.004093179515967105,0.003906567154981784
1677.0,67.08,2.0,-10.63991012256884,28.65804802315709,-10.63991012256884,28.65804802315709,5.959775477077398,0.004093179515967105,0.003906567154981784
1678.0,67.12,2.0,-10.525305004641817,28.696193564668693,-10.525305004641817,28.696193564668693,5.964109793184505,0.004093179515967105,0.003906567154981784
1679.0,67.16,2.0,-10.410535775572606,28.733841940035596,-10.410535775572606,28.733841940035596,5.968444109291614,0.004093179515967105,0.003906567154981784
1680.0,67.2,2.0,-10.295604594899505,28.770992442349684,-10.295604594899505,28.770992442349684,5.9727784253987215,0.004093179515967105,0.003906567154981784
1681.0,67.24,2.0,-10.180513625209517,28.807644374095332,-10.180513625209517,28.807644374095332,5.97711274150583,0.004093179515967105,0.003906567154981784
1682.0,67.28,2.0,-10.065265032097464,28.843797047162518,-10.065265032097464,28.843797047162518,5.981447057612938,0.004093179515967105,0.003906567154981784
1683.0,67.32000000000001,2.0,-9.949860984125019,28.879449782859876,-9.949860984125019,28.879449782859876,5.985781373720046,0.004093179515967105,0.003906567154981784
1684.0,67.36,2.0,-9.834303652779687,28.914601911927427,-9.834303652779687,28.914601911927427,5.990115689827155,0.004093179515967105,0.003906567154981784
1685.0,67.4,2.0,-9.71859521243374,28.949252774549272,-9.71859521243374,28.949252774549272,5.9944500059342625,0.004093179515967105,0.003906567154981784
1686.0,67.44,2.0,-9.60273784030309,28.983401720366004,-9.60273784030309,28.983401720366004,5.998784322041371,0.004093179515967105,0.003906567154981784
1687.0,67.48,2.0,-9.486733716406105,29.017048108486996,-9.486733716406105,29.017048108486996,6.003118638148479,0.004093179515967105,0.003906567154981784
1688.0,67.52,2.0,-9.370585023522382,29.050191307502473,-9.370585023522382,29.050191307502473,6.007452954255587,0.004093179515967105,0.003906567154981784
1689.0,67.56,2.0,-9.254293947151456,29.082830695495442,-9.254293947151456,29.082830695495442,6.011787270362695,0.004093179515967105,0.003906567154981784
1690.0,67.6,2.0,-9.137862675471474,29.11496566005342,-9.137862675471474,29.11496566005342,6.0161215864698026,0.004093179515967105,0.003906567154981784
1691.0,67.64,2.0,-9.021293399297793,29.146595598279976,-9.021293399297793,29.146595598279976,6.020455902576911,0.004093179515967105,0.003906567154981784
1692.0,67.68,2.0,-8.904588312041554,29.177719916806108,-8.904588312041554,29.177719916806108,6.02479021868402,0.004093179515967105,0.003906567154981784
1693.0,67.72,2.0,-8.787749609668197,29.208338031801425,-8.787749609668197,29.208338031801425,6.029124534791128,0.004093179515967105,0.003906567154981784
1694.0,67.76,2.0,-8.670779490655919,29.23844936898515,-8.670779490655919,29.23844936898515,6.033458850898236,0.004093179515967105,0.003906567154981784
1695.0,67.8,2.0,-8.553680155954098,29.268053363636973,-8.553680155954098,29.268053363636973,6.0377931670053435,0.004093179515967105,0.003906567154981784
1696.0,67.84,2.0,-8.439474170714671,29.296541123527597,-8.439474170714671,29.296541123527597,6.040449971352112,-0.022229050907363275,0.0012366117835773747
1697.0,67.88,2.0,-8.568033652617597,29.136275644290226,-8.568033652617597,29.136275644290226,6.032124529338872,0.008147581353063243,-0.004046193966778232
1698.0,67.92,2.0,-8.457616666599021,29.16300061574094,-8.457616666599021,29.16300061574094,6.034669525614147,0.036173531005482124,-0.007594062566509498
1699.0,67.96000000000001,2.0,-8.467997389626998,29.096355731194375,-8.467997389626998,29.096355731194375,6.031505078739487,0.06260441522304655,-0.011482127255826494
1700.0,68.0,2.0,-8.47743162510392,29.03010176768863,-8.47743162510392,29.03010176768863,6.028148133232304,0.08659197381112024,-0.012374258747335252
1701.0,68.04,2.0,-8.490397636550417,28.96319244619737,-8.490397636550417,28.96319244619737,6.024550688306629,0.11057953239919396,-0.013266390238844008
1702.0,68.08,2.0,-8.50312073611696,28.89758200579779,-8.50312073611696,28.89758200579779,6.020813995923559,0.24069509761183633,-0.011627222702934014
1703.0,68.12,2.0,-8.517262074880431,28.832971223590715,-8.517262074880431,28.832971223590715,6.016582246062975,0.3115316758799532,-0.0115637948967823
1704.0,68.16,2.0,-8.528842274827898,28.770189678407228,-8.528842274827898,28.770189678407228,6.012274278334185,0.3823682541480701,-0.011500367090630587
1705.0,68.2,1.0,-8.537858063515769,28.709238618653536,-8.537858063515769,28.709238618653536,6.007890092737192,0.45320483241618703,-0.01143693928447887
1706.0,68.24,1.0,-8.544306127842473,28.650119292018093,-8.544306127842473,28.650119292018093,6.003429689271994,0.524041410684304,-0.011373511478327155
1707.0,68.28,1.0,-8.548183114012518,28.59283294519374,-8.548183114012518,28.59283294519374,5.998893067938591,0.5948779889524209,-0.011310083672175439
1708.0,68.32000000000001,1.0,-8.549485627502024,28.537380823599683,-8.549485627502024,28.537380823599683,5.994280228736984,0.6657145672205378,-0.011246655866023724
1709.0,68.36,0.0,-8.54821023302578,28.483764171103076,-8.54821023302578,28.483764171103076,5.989591171667173,0.7365511454886546,-0.01118322805987201
1710.0,68.4,0.0,-8.544353454505787,28.431984229740483,-8.544353454505787,28.431984229740483,5.984825896729157,0.8073877237567716,-0.011119800253720294
1711.0,68.44,2.0,-8.537911775041335,28.38204223943901,-8.537911775041335,28.38204223943901,5.979984403922937,0.8782243020248884,-0.01105637244756858
1712.0,68.48,2.0,-8.528881636880547,28.333939437737193,-8.528881636880547,28.333939437737193,5.975066693248513,0.9490608802930053,-0.010992944641416865
1713.0,68.52,2.0,-8.51725944139346,28.28767705950574,-8.51725944139346,28.28767705950574,5.970072764705883,1.0198974585611222,-0.010929516835265149
1714.0,68.56,2.0,-8.503041549046607,28.243256336667933,-8.503041549046607,28.243256336667933,5.96500261829505,1.0907340368292393,-0.010866089029113435
1715.0,68.60000000000001,2.0,-8.486224279379107,28.20067849791989,-8.486224279379107,28.20067849791989,5.959856254016012,1.161570615097356,-0.010802661222961718
1716.0,68.64,2.0,-8.463783549207255,28.160553105530663,-8.463783549207255,28.160553105530663,5.9563111836291105,1.2587294237888034,-0.0080692780454056
1717.0,68.68,2.0,-8.195845684236515,28.310517839701067,-8.195845684236515,28.310517839701067,5.963672141734012,1.2991893697964938,-0.002723044488898279
1718.0,68.72,2.0,-8.164151024272247,28.274829691973174,-8.164151024272247,28.274829691973174,5.960086443682194,1.341999998412192,0.0008882519169847024
1719.0,68.76,2.0,-8.008923758384384,28.333849655644247,-8.008923758384384,28.333849655644247,5.962133970912106,1.3864056924627444,0.0048397444124534126
1720.0,68.8,2.0,-7.851906410446847,28.39381764527094,-7.851906410446847,28.39381764527094,5.964297778906338,1.4332547121427877,0.005795303710113884
1721.0,68.84,2.0,-7.6886190053969745,28.45578063618607,-7.6886190053969745,28.45578063618607,5.966625868450857,1.480103731822831,0.006750863007774358
1722.0,68.88,2.0,-7.522834480668732,28.517785090059114,-7.522834480668732,28.517785090059114,5.969016987584566,1.4208247448783053,0.005175123278016086
1723.0,68.92,2.0,-7.352889895842418,28.580130934704243,-7.352889895842418,28.580130934704243,5.971826946327586,1.4208247448783053,0.005175123278016086
1724.0,68.96000000000001,2.0,-7.182762800608662,28.64198930010151,-7.182762800608662,28.64198930010151,5.974636905070606,1.4208247448783053,0.005175123278016086
1725.0,69.0,2.0,-7.012454600058506,28.70335965027946,-7.012454600058506,28.70335965027946,5.977446863813626,1.4208247448783053,0.005175123278016086
1726.0,69.04,2.0,-6.841966700861458,28.76424145333515,-6.841966700861458,28.76424145333515,5.980256822556647,1.4208247448783053,0.005175123278016086
1727.0,69.08,2.0,-6.671300511253653,28.824634181438864,-6.671300511253653,28.824634181438864,5.983066781299668,1.4208247448783053,0.005175123278016086
1728.0,69.12,2.0,-6.500457441026019,28.884537310838727,-6.500457441026019,28.884537310838727,5.985876740042687,1.4208247448783053,0.005175123278016086
1729.0,69.16,2.0,-6.329438901512406,28.94395032186527,-6.329438901512406,28.94395032186527,5.988686698785707,1.4208247448783053,0.005175123278016086
1730.0,69.2,2.0,-6.15824630557772,29.002872698936024,-6.15824630557772,29.002872698936024,5.991496657528726,1.4208247448783053,0.005175123278016086
1731.0,69.24,2.0,-5.986881067606039,29.06130393056,-5.986881067606039,29.06130393056,5.994306616271747,1.4208247448783053,0.005175123278016086
1732.0,69.28,2.0,-5.815344603488709,29.119243509342244,-5.815344603488709,29.119243509342244,5.9971165750147675,1.4208247448783053,0.005175123278016086
1733.0,69.32000000000001,2.0,-5.643638330612432,29.176690931988208,-5.643638330612432,29.176690931988208,5.9999265337577885,1.4208247448783053,0.005175123278016086
1734.0,69.36,2.0,-5.471763667847343,29.233645699308205,-5.471763667847343,29.233645699308205,6.002736492500808,1.4208247448783053,0.005175123278016086
1735.0,69.4,2.0,-5.299722035535067,29.290107316221828,-5.299722035535067,29.290107316221828,6.005546451243828,1.4208247448783053,0.005175123278016086
1736.0,69.44,2.0,-5.127514855476773,29.346075291762226,-5.127514855476773,29.346075291762226,6.008356409986847,1.4208247448783053,0.005175123278016086
1737.0,69.48,2.0,-4.955143550921202,29.401549139080476,-4.955143550921202,29.401549139080476,6.011166368729868,1.4208247448783053,0.005175123278016086
1738.0,69.52,2.0,-4.782609546552694,29.456528375449846,-4.782609546552694,29.456528375449846,6.013976327472888,1.4208247448783053,0.005175123278016086
1739.0,69.56,2.0,-4.609914268479199,29.511012522270015,-4.609914268479199,29.511012522270015,6.0167862862159085,1.4208247448783053,0.005175123278016086
1740.0,69.60000000000001,2.0,-4.437059144220269,29.565001105071296,-4.437059144220269,29.565001105071296,6.019596244958929,1.4208247448783053,0.005175123278016086
1741.0,69.64,2.0,-4.264045602695048,29.618493653518847,-4.264045602695048,29.618493653518847,6.022406203701949,1.4208247448783053,0.005175123278016086
1742.0,69.68,2.0,-4.090875074210242,29.67148970141674,-4.090875074210242,29.67148970141674,6.025216162444969,1.4208247448783053,0.005175123278016086
1743.0,69.72,2.0,-3.917548990448078,29.723988786712102,-3.917548990448078,29.723988786712102,6.02802612118799,1.4311009844943279,0.002795360769652985
1744.0,69.76,2.0,-3.7444762438323913,29.775935111005246,-3.7444762438323913,29.775935111005246,6.030931270431344,1.4413772241103504,0.0004155982612898901
1745.0,69.8,2.0,-3.5803069757626167,29.827570510670448,-3.5803069757626167,29.827570510670448,6.033796159031716,1.4185038747852248,-0.0028579363922392868
1746.0,69.84,2.0,-3.4150734848693327,29.878773093289567,-3.4150734848693327,29.878773093289567,6.03679198901823,1.3956305254600994,-0.006131471045768463
1747.0,69.88,2.0,-3.2487750935637676,29.92951890507768,-3.2487750935637676,29.92951890507768,6.039918760390885,1.372757176134974,-0.00940500569929764
1748.0,69.92,2.0,-3.0814113525141216,29.979783976370356,-3.0814113525141216,29.979783976370356,6.043176473149681,1.3498838268098485,-0.012678540352826817
1749.0,69.96000000000001,2.0,-2.9129820407943665,30.029544323518383,-2.9129820407943665,30.029544323518383,6.046565127294619,1.327010477484723,-0.01595207500635599
1750.0,70.0,2.0,-2.7434871660179256,30.078775950783534,-2.7434871660179256,30.078775950783534,6.050084722825697,1.3041371281595975,-0.019225609659885172
1751.0,70.04,2.0,-2.5729269644562116,30.12745485223552,-2.5729269644562116,30.12745485223552,6.053735259742917,1.281263778834472,-0.02249914431341435
1752.0,70.08,2.0,-2.40130190114202,30.175557013649854,-2.40130190114202,30.175557013649854,6.057516738046277,1.2583904295093464,-0.025772678966943526
1753.0,70.12,2.0,-2.2352905559614484,30.220753929988756,-2.2352905559614484,30.220753929988756,6.066410084434542,1.1584828695009,-0.02252901737424114
1754.0,70.16,2.0,-2.073440391919541,30.264610346458188,-2.073440391919541,30.264610346458188,6.075184393563623,1.0596803760970883,-0.01926344727860911
1755.0,70.2,2.0,-1.9133841739077184,30.30636124365055,-1.9133841739077184,30.30636124365055,6.084349455588577,0.9608778826932765,-0.015997877182977082
1756.0,70.24,2.0,-1.7548941442493753,30.346823136767973,-1.7548941442493753,30.346823136767973,6.0932876308666355,0.8603733456022956,-0.012669104321746455
1757.0,70.28,2.0,-1.6012922435608146,30.384935451739114,-1.6012922435608146,30.384935451739114,6.102306788087847,0.7615098891081056,-0.009303612972302758
1758.0,70.32000000000001,2.0,-1.4503797422964768,30.4207213411177,-1.4503797422964768,30.4207213411177,6.111150361687997,0.6622046910893155,-0.005921132215268588
1759.0,70.36,2.0,-1.2919301025056589,30.456101284156254,-1.2919301025056589,30.456101284156254,6.120683131837743,0.6001791377933745,-0.001729867606799529
1760.0,70.4,2.0,-1.1369443380669106,30.489271728632154,-1.1369443380669106,30.489271728632154,6.1305760424767035,0.5381535844974337,0.0024613970016695297
1761.0,70.44,2.0,-0.9854267296059197,30.520203830057522,-0.9854267296059197,30.520203830057522,6.1408290936048795,0.4761280312014927,0.006652661610138588
1762.0,70.48,1.0,-0.8373821043207295,30.548868729722994,-0.8373821043207295,30.548868729722994,5.9943626525427804,0.41410247790555177,0.010843926218607646
1763.0,70.52,0.0,-0.6928158363489694,30.575237562162993,-0.6928158363489694,30.575237562162993,5.848256351969896,0.34180068499358834,0.017414953335439798
1764.0,70.56,0.0,-0.5513263876580443,30.599336803120007,-0.5513263876580443,30.599336803120007,5.7024150013858925,0.2694988920816249,0.023985980452271953
1765.0,70.60000000000001,1.0,-0.40427151996844524,30.620895305901776,-0.40427151996844524,30.620895305901776,5.556974051934086,0.23034668811080947,0.03145077971427019
1766.0,70.64,0.0,-0.2616273865564814,30.64000567242801,-0.2616273865564814,30.64000567242801,5.254682668905863,0.19119448413999404,0.038915578976268426
1767.0,70.68,1.0,-0.12340366566401051,30.656662593286104,-0.12340366566401051,30.656662593286104,4.952620484980713,0.1520422801691786,0.04638037823826666
1768.0,70.72,0.0,0.010389644117692354,30.670860809724807,0.010389644117692354,30.670860809724807,4.650787500158637,0.11289007619836315,0.05384517750026489
1769.0,70.76,0.0,0.13974222423559857,30.682595119238936,0.13974222423559857,30.682595119238936,4.349183714439636,0.0737378722275477,0.06130997676226313
1770.0,70.8,0.0,0.27001223783681205,30.686644136353152,0.27001223783681205,30.686644136353152,4.186891921755964,0.060599550223317054,0.07445744642348744
1771.0,70.84,0.0,0.3972919662501426,30.690963204521285,0.3972919662501426,30.690963204521285,4.024808450195806,0.04660974838775295,0.08821059036569541
1772.0,70.88,0.0,0.5193071765914448,30.694649158852293,0.5193071765914448,30.694649158852293,3.8701885202079636,0.032948372243046954,0.10115682736014504
1773.0,70.92,0.0,0.645354787050241,30.700083653065434,0.645354787050241,30.700083653065434,3.713077689657806,0.09579522263577639,0.10759624331379367
1774.0,70.96000000000001,0.0,0.7716659372053507,30.704599901043014,0.7716659372053507,30.704599901043014,3.5461865493222597,0.15361561804078955,0.11406803714616835
1775.0,71.0,0.0,0.8971653906597175,30.709302106664204,0.8971653906597175,30.709302106664204,3.3718374522730428,0.20768181497180507,0.12076774181489976
1776.0,71.04,0.0,1.0209485782275758,30.715365554409896,1.0209485782275758,30.715365554409896,3.198071366929797,0.2605876221057713,0.128036571379978
1777.0,71.08,0.0,1.1462965442670972,30.719765555491193,1.1462965442670972,30.719765555491193,3.0001598547423614,0.3067391422465705,0.13523129283722618
1778.0,71.12,0.0,1.2674845441597458,30.726671680682024,1.2674845441597458,30.726671680682024,2.8027644260299676,0.3468556572782711,0.1426705800317411
1779.0,71.16,1.0,1.380391104807666,30.72824450603912,1.380391104807666,30.72824450603912,2.5783388257968727,0.3489210305925513,0.15015155517350703
1780.0,71.2,0.0,1.4897142663512268,30.730373402755664,1.4897142663512268,30.730373402755664,2.3357676709444086,0.3364676435535975,0.1560723187708661
1781.0,71.24,1.0,1.6010142801715745,30.730200109937833,1.6010142801715745,30.730200109937833,2.079477133833376,0.3137687726152508,0.16124741002512333
1782.0,71.28,1.0,1.7084945249262269,30.729137715307967,1.7084945249262269,30.729137715307967,1.9695394958759445,0.27696664493924467,0.1650626587754686
1783.0,71.32000000000001,1.0,1.8211703665626042,30.72606808693436,1.8211703665626042,30.72606808693436,1.8427601314129904,0.23182079386458163,0.16787298082019628
1784.0,71.36,1.0,1.9307037919806542,30.720551182146664,1.9307037919806542,30.720551182146664,1.7156122751638236,0.1707884480814489,0.16964917663963933
1785.0,71.4,0.0,2.0406121532765895,30.712469789201737,2.0406121532765895,30.712469789201737,1.5885601399893567,0.10975610229831616,0.17142537245908235
1786.0,71.44,1.0,2.16092659724352,30.70667925325146,2.16092659724352,30.70667925325146,1.59952258979294,0.04382843081540627,0.17156126008725117
1787.0,71.48,0.0,2.279655852593457,30.700472402983888,2.279655852593457,30.700472402983888,1.6077626516152557,-0.019528101847707657,0.1713660691173916
1788.0,71.52,1.0,2.406363533845589,30.689648697614206,2.406363533845589,30.689648697614206,1.6184664468830134,0.0993581141773396,0.16922778860076554
1789.0,71.56,1.0,2.5370978283487085,30.674709890935947,2.5370978283487085,30.674709890935947,1.6311937372166987,0.27355993549633495,0.16982515670780302
1790.0,71.60000000000001,1.0,2.669321450742901,30.660337821244145,2.669321450742901,30.660337821244145,1.5047264253394323,0.4217478748487455,0.1647398544156144
1791.0,71.64,1.0,2.8068793145228534,30.638506427121378,2.8068793145228534,30.638506427121378,1.378168183163028,0.5707872940324895,0.15904887784244212
1792.0,71.68,1.0,2.9519818263287463,30.610048830956636,2.9519818263287463,30.610048830956636,1.244263790238686,0.7194982875253755,0.15416480821702822
1793.0,71.72,0.0,3.1019451144602312,30.574818509543093,3.1019451144602312,30.574818509543093,1.1079867620022728,0.8687352651641469,0.14927036338618377
1794.0,71.76,0.0,3.259018734712844,30.533824826410836,3.259018734712844,30.533824826410836,0.9818574130209518,1.0218936311859999,0.14432163217368355
1795.0,71.8,1.0,3.421842694573626,30.486636631699422,3.421842694573626,30.486636631699422,0.8630436000679454,1.1788061956818505,0.13914499012482667
1796.0,71.84,1.0,3.59102459381808,30.43117088708339,3.59102459381808,30.43117088708339,0.7441219943663822,1.3385811936619194,0.13333602041402431
1797.0,71.88,2.0,3.76653490745136,30.371422358183032,3.76653490745136,30.371422358183032,0.6495131657763739,1.5034693980383649,0.12756444032283898
1798.0,71.92,2.0,3.951828028360251,30.303108580389715,3.951828028360251,30.303108580389715,0.554812169542904,1.6748343490485091,0.1215313050867964
1799.0,71.96000000000001,2.0,4.1407260773306325,30.232059527527024,4.1407260773306325,30.232059527527024,0.4867004804910572,1.8469707970532236,0.11464769805206798
1800.0,72.0,2.0,4.339458030493276,30.15410119452224,4.339458030493276,30.15410119452224,0.4366225377798833,2.0336260054111728,0.10932430256174634
1801.0,72.04,2.0,4.542392745337703,30.07203329966534,4.542392745337703,30.07203329966534,0.4001521690485812,2.230526697668515,0.10474657941452661
1802.0,72.08,2.0,4.75525533376865,29.98438503999993,4.75525533376865,29.98438503999993,0.3742967255644714,2.4415306466635167,0.1015286987712188
1803.0,72.12,2.0,4.968958311893655,29.892217666156295,4.968958311893655,29.892217666156295,0.36517120030718686,2.660878319057175,0.09931574483352862
1804.0,72.16,2.0,5.191766976228381,29.795915179882236,5.191766976228381,29.795915179882236,0.356302358557419,2.896112486159303,0.09813691712112305
1805.0,72.2,2.0,5.420090669386271,29.695539598706148,5.420090669386271,29.695539598706148,0.3472259874542546,3.1313466532614314,0.0969580894087175
1806.0,72.24,2.0,5.643824360575356,29.58618123618039,5.643824360575356,29.58618123618039,0.35710285577383305,3.371476146063336,0.09741956988758613
1807.0,72.28,2.0,5.874884868436344,29.470493781332703,5.874884868436344,29.470493781332703,0.36959030379598257,3.6090345000454453,0.0982121289644832
1808.0,72.32000000000001,2.0,6.103633567275688,29.35262515764893,6.103633567275688,29.35262515764893,0.3795022100939933,3.664350105339394,0.10094777758814674
1809.0,72.36,2.0,6.3339467102243345,29.232021864875726,6.3339467102243345,29.232021864875726,0.3872788130473797,3.664350105339394,0.10094777758814674
1810.0,72.4,2.0,6.562916683825309,29.10916743962802,6.562916683825309,29.10916743962802,0.3950554160007661,3.664350105339394,0.10094777758814674
1811.0,72.44,2.0,6.790518710840814,28.984077538892024,6.790518710840814,28.984077538892024,0.40283201895415244,3.664350105339394,0.10094777758814674
1812.0,72.48,2.0,7.016728199347357,28.85676810484089,7.016728199347357,28.85676810484089,0.41060862190753894,3.664350105339394,0.10094777758814674
1813.0,72.52,2.0,7.241520746067986,28.727255362630718,7.241520746067986,28.727255362630718,0.41838522486092533,3.664350105339394,0.10094777758814674
1814.0,72.56,2.0,7.464872139678292,28.5955558181574,7.464872139678292,28.5955558181574,0.42616182781431167,3.664350105339394,0.10094777758814674
1815.0,72.60000000000001,2.0,7.686758364085698,28.461686255774726,7.686758364085698,28.461686255774726,0.43393843076769806,3.664350105339394,0.10094777758814674
1816.0,72.64,2.0,7.907155601681579,28.325663735973883,7.907155601681579,28.325663735973883,0.44171503372108445,3.664350105339394,0.10094777758814674
1817.0,72.68,2.0,8.126040236565748,28.187505593024902,8.126040236565748,28.187505593024902,0.4494916366744709,3.664350105339394,0.10094777758814674
1818.0,72.72,2.0,8.343388857742903,28.047229432580174,8.343388857742903,28.047229432580174,0.4572682396278573,3.664350105339394,0.10094777758814674
1819.0,72.76,2.0,8.559178262290521,27.90485312924053,8.559178262290521,27.90485312924053,0.4650448425812437,3.664350105339394,0.10094777758814674
1820.0,72.8,2.0,8.77338545849784,27.76039482408409,8.77338545849784,27.76039482408409,0.47282144553463007,3.664350105339394,0.10094777758814674
1821.0,72.84,2.0,8.985987668975413,27.613872922158343,8.985987668975413,27.613872922158343,0.48059804848801646,3.664350105339394,0.10094777758814674
1822.0,72.88,2.0,9.19696233373486,27.465306089935716,9.19696233373486,27.465306089935716,0.4883746514414028,3.664350105339394,0.10094777758814674
1823.0,72.92,2.0,9.406287113238355,27.314713252733043,9.406287113238355,27.314713252733043,0.4961512543947892,3.664350105339394,0.10094777758814674
1824.0,72.96000000000001,2.0,9.613939891417452,27.162113592095295,9.613939891417452,27.162113592095295,0.5039278573481756,3.664350105339394,0.10094777758814674
1825.0,73.0,2.0,9.819898778660793,27.00752654314386,9.819898778660793,27.00752654314386,0.5117044603015619,3.664350105339394,0.10094777758814674
1826.0,73.04,2.0,10.024142114770319,26.850971791889844,10.024142114770319,26.850971791889844,0.5194810632549485,3.664350105339394,0.10094777758814674
1827.0,73.08,2.0,10.226648471885559,26.69246927251273,10.226648471885559,26.69246927251273,0.5272576662083347,3.664350105339394,0.10094777758814674
1828.0,73.12,2.0,10.427396657375573,26.53203916460476,10.427396657375573,26.53203916460476,0.5350342691617211,3.664350105339394,0.10094777758814674
1829.0,73.16,2.0,10.626365716698178,26.369701890381368,10.626365716698178,26.369701890381368,0.5428108721151076,3.664350105339394,0.10094777758814674
1830.0,73.2,2.0,10.82353493622604,26.20547811185823,10.82353493622604,26.20547811185823,0.5505874750684939,3.664350105339394,0.10094777758814674
1831.0,73.24,2.0,11.018883846039229,26.039388727995128,11.018883846039229,26.039388727995128,0.5583640780218804,3.664350105339394,0.10094777758814674
1832.0,73.28,2.0,11.212392222683887,25.871454871807135,11.212392222683887,25.871454871807135,0.5661406809752668,3.664350105339394,0.10094777758814674
1833.0,73.32000000000001,2.0,11.404040091896578,25.70169790744351,11.404040091896578,25.70169790744351,0.573917283928653,3.664350105339394,0.10094777758814674
1834.0,73.36,2.0,11.593807731293978,25.530139427234666,11.593807731293978,25.530139427234666,0.5816938868820396,3.664350105339394,0.10094777758814674
1835.0,73.4,2.0,11.781675673027506,25.3568012487077,11.781675673027506,25.3568012487077,0.5894704898354259,3.664350105339394,0.10094777758814674
1836.0,73.44,2.0,11.967624706402543,25.181705411570825,11.967624706402543,25.181705411570825,0.5972470927888123,3.664350105339394,0.10094777758814674
1837.0,73.48,2.0,12.151635880461871,25.004874174667155,12.151635880461871,25.004874174667155,0.6050236957421987,3.664350105339394,0.10094777758814674
1838.0,73.52,2.0,12.333690506532962,24.826330012898303,12.333690506532962,24.826330012898303,0.612800298695585,3.664350105339394,0.10094777758814674
1839.0,73.56,2.0,12.51377016073879,24.64609561411814,12.51377016073879,24.64609561411814,0.6205769016489715,3.664350105339394,0.10094777758814674
1840.0,73.60000000000001,2.0,12.691856686471771,24.46419387599723,12.691856686471771,24.46419387599723,0.6283535046023578,3.664350105339394,0.10094777758814674
1841.0,73.64,2.0,12.867932196830543,24.28064790285834,12.867932196830543,24.28064790285834,0.6361301075557443,3.664350105339394,0.10094777758814674
1842.0,73.68,2.0,13.041979077019189,24.095481002483446,13.041979077019189,24.095481002483446,0.6439067105091307,3.664350105339394,0.10094777758814674
1843.0,73.72,2.0,13.213979986708642,23.90871668289273,13.213979986708642,23.90871668289273,0.6516833134625172,3.664350105339394,0.10094777758814674
1844.0,73.76,2.0,13.383917862359851,23.72037864909598,13.383917862359851,23.72037864909598,0.6594599164159035,3.664350105339394,0.10094777758814674
1845.0,73.8,2.0,13.551775919508476,23.530490799816857,13.551775919508476,23.530490799816857,0.66723651936929,3.664350105339394,0.10094777758814674
1846.0,73.84,2.0,13.717537655010716,23.339077224190486,13.717537655010716,23.339077224190486,0.6750131223226764,3.664350105339394,0.10094777758814674
1847.0,73.88,2.0,13.881186849250051,23.14616219843484,13.881186849250051,23.14616219843484,0.6827897252760627,3.664350105339394,0.10094777758814674
1848.0,73.92,2.0,14.04270756830446,22.951770182496354,14.04270756830446,22.951770182496354,0.6905663282294492,3.664350105339394,0.10094777758814674
1849.0,73.96000000000001,2.0,14.202084166073973,22.755925816670278,14.202084166073973,22.755925816670278,0.6983429311828356,3.664350105339394,0.10094777758814674
1850.0,74.0,2.0,14.359301286368103,22.55865391819619,14.359301286368103,22.55865391819619,0.706119534136222,3.664350105339394,0.10094777758814674
1851.0,74.04,2.0,14.514343864952986,22.35997947782921,14.514343864952986,22.35997947782921,0.7138961370896084,3.664350105339394,0.10094777758814674
1852.0,74.08,2.0,14.66719713155791,22.159927656387314,14.66719713155791,22.159927656387314,0.721672740042995,3.664350105339394,0.10094777758814674
1853.0,74.12,2.0,14.817846611840901,21.95852378127529,14.817846611840901,21.95852378127529,0.7294493429963814,3.664350105339394,0.10094777758814674
1854.0,74.16,2.0,14.966278129313178,21.75579334298579,14.966278129313178,21.75579334298579,0.7372259459497678,3.664350105339394,0.10094777758814674
1855.0,74.2,2.0,15.11247780722216,21.551761991578022,15.11247780722216,21.551761991578022,0.7450025489031542,3.664350105339394,0.10094777758814674
1856.0,74.24,2.0,15.256432070392766,21.34645553313443,15.256432070392766,21.34645553313443,0.7527791518565408,3.664350105339394,0.10094777758814674
1857.0,74.28,2.0,15.398127647026758,21.13989992619606,15.398127647026758,21.13989992619606,0.7605557548099272,3.664350105339394,0.10094777758814674
1858.0,74.32000000000001,2.0,15.537551570459888,20.93212127817693,15.537551570459888,20.93212127817693,0.7683323577633135,3.664350105339394,0.10094777758814674
1859.0,74.36,2.0,15.674691180876602,20.723145841758015,15.674691180876602,20.723145841758015,0.7761089607167,3.664350105339394,0.10094777758814674
1860.0,74.4,2.0,15.809534126982024,20.513000011261294,15.809534126982024,20.513000011261294,0.7838855636700865,3.664350105339394,0.10094777758814674
1861.0,74.44,2.0,15.942068367631062,20.301710319004375,15.942068367631062,20.301710319004375,0.7916621666234729,3.664350105339394,0.10094777758814674
1862.0,74.48,2.0,16.072282173414344,20.08930343163624,16.072282173414344,20.08930343163624,0.7994387695768593,3.664350105339394,0.10094777758814674
1863.0,74.52,2.0,16.200164128200797,19.87580614645456,16.200164128200797,19.87580614645456,0.8072153725302458,3.664350105339394,0.10094777758814674
1864.0,74.56,2.0,16.325703130636622,19.66124538770517,16.325703130636622,19.66124538770517,0.8149919754836322,3.664350105339394,0.10094777758814674
1865.0,74.60000000000001,2.0,16.448888395600544,19.445648202864113,16.448888395600544,19.445648202864113,0.8227685784370188,3.664350105339394,0.10094777758814674
1866.0,74.64,2.0,16.569709455615,19.229041758902913,16.569709455615,19.229041758902913,0.8305451813904051,3.664350105339394,0.10094777758814674
1867.0,74.68,2.0,16.688156162213183,19.011453338537457,16.688156162213183,19.011453338537457,0.8383217843437917,3.664350105339394,0.10094777758814674
1868.0,74.72,2.0,16.804218687261717,18.792910336461123,16.804218687261717,18.792910336461123,0.8460983872971781,3.664350105339394,0.10094777758814674
1869.0,74.76,2.0,16.91788752423872,18.573440255562566,16.91788752423872,18.573440255562566,0.8538749902505647,3.664350105339394,0.10094777758814674
1870.0,74.8,2.0,17.02915348946723,18.353070703128832,17.02915348946723,18.353070703128832,0.861651593203951,3.664350105339394,0.10094777758814674
1871.0,74.84,2.0,17.138007723303637,18.131829387034177,17.138007723303637,18.131829387034177,0.8694281961573374,3.664350105339394,0.10094777758814674
1872.0,74.88,2.0,17.24444169128106,17.909744111915227,17.24444169128106,17.909744111915227,0.8772047991107239,3.664350105339394,0.10094777758814674
1873.0,74.92,2.0,17.34844718520755,17.686842775332998,17.34844718520755,17.686842775332998,0.8849814020641104,3.664350105339394,0.10094777758814674
1874.0,74.96000000000001,2.0,17.450016324218844,17.463153363922267,17.450016324218844,17.463153363922267,0.8927580050174967,3.664350105339394,0.10094777758814674
1875.0,75.0,2.0,17.549141555785642,17.238703949528833,17.549141555785642,17.238703949528833,0.9005346079708832,3.664350105339394,0.10094777758814674
1876.0,75.04,2.0,17.645815656675186,17.01352268533531,17.645815656675186,17.01352268533531,0.9083112109242697,3.664350105339394,0.10094777758814674
1877.0,75.08,2.0,17.740031733867067,16.787637801975823,17.740031733867067,16.787637801975823,0.916087813877656,3.664350105339394,0.10094777758814674
1878.0,75.12,2.0,17.83178322542309,16.561077603640303,17.83178322542309,16.561077603640303,0.9238644168310424,3.664350105339394,0.10094777758814674
1879.0,75.16,2.0,17.921063901311097,16.333870464168825,17.921063901311097,16.333870464168825,0.9316410197844289,3.664350105339394,0.10094777758814674
1880.0,75.2,2.0,18.007867864182636,16.106044823136585,18.007867864182636,16.106044823136585,0.9394176227378155,3.664350105339394,0.10094777758814674
1881.0,75.24,2.0,18.092189550104354,15.877629181930041,18.092189550104354,15.877629181930041,0.9471942256912019,3.664350105339394,0.10094777758814674
1882.0,75.28,2.0,18.17402372924305,15.64865209981475,18.17402372924305,15.64865209981475,0.9549708286445883,3.664350105339394,0.10094777758814674
1883.0,75.32000000000001,2.0,18.253365506504224,15.419142189995512,18.253365506504224,15.419142189995512,0.9627474315979748,3.664350105339394,0.10094777758814674
1884.0,75.36,2.0,18.330210322124124,15.18912811566928,18.330210322124124,15.18912811566928,0.9705240345513613,3.664350105339394,0.10094777758814674
1885.0,75.4,2.0,18.404553952215117,14.958638586071453,18.404553952215117,14.958638586071453,0.9783006375047476,3.664350105339394,0.10094777758814674
1886.0,75.44,2.0,18.476392509264397,14.727702352516099,18.476392509264397,14.727702352516099,0.9860772404581342,3.664350105339394,0.10094777758814674
1887.0,75.48,2.0,18.545722442585888,14.496348204430618,18.545722442585888,14.496348204430618,0.9938538434115205,3.664350105339394,0.10094777758814674
1888.0,75.52,2.0,18.61254053872532,14.264604965385422,18.61254053872532,14.264604965385422,1.0016304463649068,3.664350105339394,0.10094777758814674
1889.0,75.56,2.0,18.676843921818435,14.032501489119221,18.676843921818435,14.032501489119221,1.0094070493182934,3.664350105339394,0.10094777758814674
1890.0,75.60000000000001,2.0,18.738630053902234,13.800066655560403,18.738630053902234,13.800066655560403,1.01718365227168,3.664350105339394,0.10094777758814674
1891.0,75.64,2.0,18.797896735179222,13.567329366845097,18.797896735179222,13.567329366845097,1.0249602552250663,3.664350105339394,0.10094777758814674
1892.0,75.68,2.0,18.854642104234692,13.334318543332504,18.854642104234692,13.334318543332504,1.0327368581784528,3.664350105339394,0.10094777758814674
1893.0,75.72,2.0,18.908864638206904,13.101063119617972,18.908864638206904,13.101063119617972,1.0405134611318394,3.664350105339394,0.10094777758814674
1894.0,75.76,2.0,18.960563152910247,12.86759204054446,18.960563152910247,12.86759204054446,1.0482900640852257,3.664350105339394,0.10094777758814674
1895.0,75.8,2.0,19.009736802911256,12.633934257212882,19.009736802911256,12.633934257212882,1.056066667038612,3.664350105339394,0.10094777758814674
1896.0,75.84,2.0,19.056385081557615,12.400118722991927,19.056385081557615,12.400118722991927,1.0638432699919984,3.664350105339394,0.10094777758814674
1897.0,75.88,2.0,19.100507820959976,12.166174389527868,19.100507820959976,12.166174389527868,1.071619872945385,3.664350105339394,0.10094777758814674
1898.0,75.92,2.0,19.142105191926753,11.932130202754978,19.142105191926753,11.932130202754978,1.0793964758987715,3.664350105339394,0.10094777758814674
1899.0,75.96000000000001,2.0,19.181177703851805,11.698015098907055,19.181177703851805,11.698015098907055,1.0871730788521579,3.664350105339394,0.10094777758814674
1900.0,76.0,2.0,19.217726204555042,11.463858000530625,19.217726204555042,11.463858000530625,1.0949496818055444,3.664350105339394,0.10094777758814674
1901.0,76.04,2.0,19.25175188007602,11.229687812500405,19.25175188007602,11.229687812500405,1.1027262847589308,3.664350105339394,0.10094777758814674
1902.0,76.08,2.0,19.283256254420497,10.995533418037544,19.283256254420497,10.995533418037544,1.110502887712317,3.664350105339394,0.10094777758814674
1903.0,76.12,2.0,19.312241189260018,10.761423674731224,19.312241189260018,10.761423674731224,1.1182794906657036,3.664350105339394,0.10094777758814674
1904.0,76.16,2.0,19.338708883584594,10.527387410564163,19.338708883584594,10.527387410564163,1.12605609361909,3.664350105339394,0.10094777758814674
1905.0,76.2,2.0,19.362661873308447,10.29345341994258,19.362661873308447,10.29345341994258,1.1338326965724765,3.664350105339394,0.10094777758814674
1906.0,76.24,2.0,19.38410303082899,10.059650459731163,19.38410303082899,10.059650459731163,1.141609299525863,3.664350105339394,0.10094777758814674
1907.0,76.28,2.0,19.403035564538975,9.826007245293628,19.403035564538975,9.826007245293628,1.1493859024792494,3.664350105339394,0.10094777758814674
1908.0,76.32000000000001,2.0,19.419463018292028,9.592552446539347,19.419463018292028,9.592552446539347,1.157162505432636,3.664350105339394,0.10094777758814674
1909.0,76.36,2.0,19.433389270821465,9.359314683976706,19.433389270821465,9.359314683976706,1.1649391083860223,3.664350105339394,0.10094777758814674
1910.0,76.4,2.0,19.444818535112688,9.12632252477363,19.444818535112688,9.12632252477363,1.1727157113394089,3.664350105339394,0.10094777758814674
1911.0,76.44,2.0,19.453755357729026,8.893604478825905,19.453755357729026,8.893604478825905,1.1804923142927952,3.664350105339394,0.10094777758814674
1912.0,76.48,2.0,19.46020461809129,8.661188994833791,19.46020461809129,8.661188994833791,1.1882689172461816,3.664350105339394,0.10094777758814674
1913.0,76.52,2.0,19.464171527711063,8.429104456387535,19.464171527711063,8.429104456387535,1.1960455201995681,3.664350105339394,0.10094777758814674
1914.0,76.56,2.0,19.46566162937783,8.197379178062242,19.46566162937783,8.197379178062242,1.2038221231529547,3.664350105339394,0.10094777758814674
1915.0,76.60000000000001,2.0,19.464680796300108,7.96604140152275,19.464680796300108,7.96604140152275,1.211598726106341,3.664350105339394,0.10094777758814674
1916.0,76.64,2.0,19.461235231200632,7.735119291638961,19.461235231200632,7.735119291638961,1.2193753290597276,3.664350105339394,0.10094777758814674
1917.0,76.68,2.0,19.455331465365816,7.504640932612221,19.455331465365816,7.504640932612221,1.2271519320131141,3.664350105339394,0.10094777758814674
1918.0,76.72,2.0,19.446976357649515,7.274634324113286,19.446976357649515,7.274634324113286,1.2349285349665002,3.664350105339394,0.10094777758814674
1919.0,76.76,2.0,19.43617709343131,7.045127377432391,19.43617709343131,7.045127377432391,1.2427051379198868,3.664350105339394,0.10094777758814674
1920.0,76.8,2.0,19.42294118352945,6.816147911641972,19.42294118352945,6.816147911641972,1.2504817408732734,3.664350105339394,0.10094777758814674
1921.0,76.84,2.0,19.40727646306852,6.5877236497725775,19.40727646306852,6.5877236497725775,1.2582583438266597,3.664350105339394,0.10094777758814674
1922.0,76.88,2.0,19.389191090302177,6.359882215002502,19.389191090302177,6.359882215002502,1.2660349467800462,3.664350105339394,0.10094777758814674
1923.0,76.92,2.0,19.36869354539089,6.132651126861653,19.36869354539089,6.132651126861653,1.2738115497334328,3.664350105339394,0.10094777758814674
1924.0,76.96000000000001,2.0,19.345792629135026,5.906057797450222,19.345792629135026,5.906057797450222,1.2815881526868191,3.664350105339394,0.10094777758814674
1925.0,77.0,2.0,19.320497461663436,5.680129527672641,19.320497461663436,5.680129527672641,1.2893647556402055,3.664350105339394,0.10094777758814674
1926.0,77.04,2.0,19.292817481077613,5.454893503487376,19.292817481077613,5.454893503487376,1.2971413585935918,3.664350105339394,0.10094777758814674
1927.0,77.08,2.0,19.262762442051763,5.23037679217308,19.262762442051763,5.23037679217308,1.3049179615469784,3.664350105339394,0.10094777758814674
1928.0,77.12,2.0,19.2303424143889,5.00660633861161,19.2303424143889,5.00660633861161,1.312694564500365,3.664350105339394,0.10094777758814674
1929.0,77.16,2.0,19.195567781533153,4.783608961588447,19.195567781533153,4.783608961588447,1.3204711674537513,3.664350105339394,0.10094777758814674
1930.0,77.2,2.0,19.158449239038568,4.5614113501110065,19.158449239038568,4.5614113501110065,1.3282477704071378,3.664350105339394,0.10094777758814674
1931.0,77.24,2.0,19.11899779299454,4.34004005974539,19.11899779299454,4.34004005974539,1.3360243733605242,3.664350105339394,0.10094777758814674
1932.0,77.28,2.0,19.07722475840817,4.11952150897205,19.07722475840817,4.11952150897205,1.3438009763139107,3.664350105339394,0.10094777758814674
1933.0,77.32000000000001,2.0,19.033141757543703,3.899881975560904,19.033141757543703,3.899881975560904,1.351577579267297,3.664350105339394,0.10094777758814674
1934.0,77.36,2.0,18.986760718219323,3.681147592966385,18.986760718219323,3.681147592966385,1.3593541822206834,3.664350105339394,0.10094777758814674
1935.0,77.4,2.0,18.93809387206154,3.463344346742944,18.93809387206154,3.463344346742944,1.3671307851740697,3.664350105339394,0.10094777758814674
1936.0,77.44,2.0,18.887153752717417,3.2464980709814952,18.887153752717417,3.2464980709814952,1.3749073881274563,3.664350105339394,0.10094777758814674
1937.0,77.48,2.0,18.83395319402486,3.030634444767301,18.83395319402486,3.030634444767301,1.3826839910808428,3.664350105339394,0.10094777758814674
1938.0,77.52,2.0,18.778505328141247,2.8157789886597966,18.778505328141247,2.8157789886597966,1.3904605940342294,3.664350105339394,0.10094777758814674
1939.0,77.56,2.0,18.720823583630672,2.6019570611948377,18.720823583630672,2.6019570611948377,1.3982371969876157,3.664350105339394,0.10094777758814674
1940.0,77.60000000000001,2.0,18.660921683510047,2.389193855409862,18.660921683510047,2.389193855409862,1.406013799941002,3.664350105339394,0.10094777758814674
1941.0,77.64,2.0,18.598813643254356,2.1775143953924485,18.598813643254356,2.1775143953924485,1.4137904028943886,3.664350105339394,0.10094777758814674
1942.0,77.68,2.0,18.534513768761318,1.9669435328527538,18.534513768761318,1.9669435328527538,1.4215670058477752,3.664350105339394,0.10094777758814674
1943.0,77.72,2.0,18.468036654275757,1.7575059437203044,18.468036654275757,1.7575059437203044,1.4293436088011613,3.664350105339394,0.10094777758814674
1944.0,77.76,2.0,18.399397180274,1.5492261247656216,18.399397180274,1.5492261247656216,1.4371202117545478,3.664350105339394,0.10094777758814674
1945.0,77.8,2.0,18.328610511308522,1.342128390247142,18.328610511308522,1.342128390247142,1.4448968147079344,3.664350105339394,0.10094777758814674
1946.0,77.84,2.0,18.255692093813227,1.1362368685839084,18.255692093813227,1.1362368685839084,1.452673417661321,3.664350105339394,0.10094777758814674
1947.0,77.88,2.0,18.180657653869606,0.9315754990544918,18.180657653869606,0.9315754990544918,1.4604500206147073,3.664350105339394,0.10094777758814674
1948.0,77.92,2.0,18.103523194934134,0.7281680285226034,18.103523194934134,0.7281680285226034,1.4682266235680936,3.664350105339394,0.10094777758814674
1949.0,77.96000000000001,2.0,18.02430499552719,0.5260380081898534,18.02430499552719,0.5260380081898534,1.4760032265214802,3.664350105339394,0.10094777758814674
1950.0,78.0,2.0,17.94301960688383,0.32520879037610995,17.94301960688383,0.32520879037610995,1.4837798294748665,3.664350105339394,0.10094777758814674
1951.0,78.04,2.0,17.85968385056676,0.12570352532790513,17.85968385056676,0.12570352532790513,1.491556432428253,3.664350105339394,0.10094777758814674
1952.0,78.08,2.0,17.774314816041837,-0.07245484194466698,17.774314816041837,-0.07245484194466698,1.4993330353816394,3.664350105339394,0.10094777758814674
1953.0,78.12,2.0,17.686929858216384,-0.2692435748021186,17.686929858216384,-0.2692435748021186,1.507109638335026,3.664350105339394,0.10094777758814674
1954.0,78.16,2.0,17.5975465949408,-0.46464014808036797,17.5975465949408,-0.46464014808036797,1.5148862412884125,3.664350105339394,0.10094777758814674
1955.0,78.2,2.0,17.50618290447362,-0.658622251165737,17.50618290447362,-0.658622251165737,1.5226628442417989,3.664350105339394,0.10094777758814674
1956.0,78.24,2.0,17.41285692291058,-0.8511677910397193,17.41285692291058,-0.8511677910397193,1.5304394471951852,3.664350105339394,0.10094777758814674
1957.0,78.28,2.0,17.317587041577895,-1.0422548952930935,17.317587041577895,-1.0422548952930935,1.5382160501485715,3.664350105339394,0.10094777758814674
1958.0,78.32000000000001,2.0,17.220391904390183,-1.2318619151089638,17.220391904390183,-1.2318619151089638,1.545992653101958,3.664350105339394,0.10094777758814674
1959.0,78.36,2.0,17.121290405173415,-1.4199674282143107,17.121290405173415,-1.4199674282143107,1.5537692560553447,3.664350105339394,0.10094777758814674
1960.0,78.4,2.0,17.020301684953218,-1.6065502417996413,17.020301684953218,-1.6065502417996413,1.561545859008731,3.664350105339394,0.10094777758814674
1961.0,78.44,2.0,16.91744512920895,-1.7915893954063342,16.91744512920895,-1.7915893954063342,1.5693224619621176,3.664350105339394,0.10094777758814674
1962.0,78.48,2.0,16.81274036509395,-1.9750641637812745,16.81274036509395,-1.9750641637812745,1.577099064915504,3.664350105339394,0.10094777758814674
1963.0,78.52,2.0,16.70620725862224,-2.156954059698383,16.70620725862224,-2.156954059698383,1.5848756678688904,3.664350105339394,0.10094777758814674
1964.0,78.56,2.0,16.59786591182224,-2.337238836746646,16.59786591182224,-2.337238836746646,1.5926522708222768,3.664350105339394,0.10094777758814674
1965.0,78.60000000000001,2.0,16.487736659857763,-2.5158984920842595,16.487736659857763,-2.5158984920842595,1.6004288737756631,3.664350105339394,0.10094777758814674
1966.0,78.64,2.0,16.375840068116748,-2.692913269158501,16.375840068116748,-2.692913269158501,1.6082054767290497,3.664350105339394,0.10094777758814674
1967.0,78.68,2.0,16.26219692926812,-2.8682636603909524,16.26219692926812,-2.8682636603909524,1.6159820796824362,3.664350105339394,0.10094777758814674
1968.0,78.72,2.0,16.146828260287222,-3.0419304098277014,16.146828260287222,-3.0419304098277014,1.6237586826358226,3.664350105339394,0.10094777758814674
1969.0,78.76,2.0,16.029755299450173,-3.2138945157541476,16.029755299450173,-3.2138945157541476,1.6315352855892091,3.664350105339394,0.10094777758814674
1970.0,78.8,2.0,15.910999503297637,-3.384137233274059,15.910999503297637,-3.384137233274059,1.6393118885425957,3.664350105339394,0.10094777758814674
1971.0,78.84,2.0,15.790582543568405,-3.552640076852504,15.790582543568405,-3.552640076852504,1.6470884914959818,3.664350105339394,0.10094777758814674
1972.0,78.88,2.0,15.668526304103182,-3.7193848228223274,15.668526304103182,-3.7193848228223274,1.6548650944493684,3.664350105339394,0.10094777758814674
1973.0,78.92,2.0,15.544852877719089,-3.8843535118537957,15.544852877719089,-3.8843535118537957,1.662641697402755,3.664350105339394,0.10094777758814674
1974.0,78.96000000000001,2.0,15.419584563055224,-4.047528451387088,15.419584563055224,-4.047528451387088,1.6704183003561415,3.664350105339394,0.10094777758814674
1975.0,79.0,2.0,15.292743861389827,-4.208892218027292,15.292743861389827,-4.208892218027292,1.6781949033095276,3.664350105339394,0.10094777758814674
1976.0,79.04,2.0,15.16435347342939,-4.368427659901551,15.16435347342939,-4.368427659901551,1.6859715062629141,3.664350105339394,0.10094777758814674
1977.0,79.08,2.0,15.034436296070236,-4.526117898978072,15.034436296070236,-4.526117898978072,1.6937481092163005,3.664350105339394,0.10094777758814674
1978.0,79.12,2.0,14.903015419133004,-4.681946333346629,14.903015419133004,-4.681946333346629,1.7015247121696873,3.664350105339394,0.10094777758814674
1979.0,79.16,2.0,14.770114122070456,-4.835896639460284,14.770114122070456,-4.835896639460284,1.7093013151230736,3.664350105339394,0.10094777758814674
1980.0,79.2,2.0,14.635755870649126,-4.987952774337972,14.635755870649126,-4.987952774337972,1.7170779180764597,3.664350105339394,0.10094777758814674
1981.0,79.24,2.0,14.499964313605238,-5.138098977727699,14.499964313605238,-5.138098977727699,1.7248545210298463,3.664350105339394,0.10094777758814674
1982.0,79.28,2.0,14.362763279275365,-5.286319774229989,14.362763279275365,-5.286319774229989,1.7326311239832328,3.664350105339394,0.10094777758814674
1983.0,79.32000000000001,2.0,14.224176772202313,-5.432599975381331,14.224176772202313,-5.432599975381331,1.7404077269366194,3.664350105339394,0.10094777758814674
1984.0,79.36,2.0,14.084228969716696,-5.576924681697325,14.084228969716696,-5.576924681697325,1.7481843298900057,3.664350105339394,0.10094777758814674
1985.0,79.4,2.0,13.942944218494674,-5.719279284675226,13.942944218494674,-5.719279284675226,1.7559609328433923,3.664350105339394,0.10094777758814674
1986.0,79.44,2.0,13.800347031092347,-5.859649468755627,13.800347031092347,-5.859649468755627,1.7637375357967788,3.664350105339394,0.10094777758814674
1987.0,79.48,2.0,13.65646208245729,-5.99802121324301,13.65646208245729,-5.99802121324301,1.7715141387501654,3.664350105339394,0.10094777758814674
1988.0,79.52,2.0,13.511314206417698,-6.134380794184871,13.511314206417698,-6.134380794184871,1.7792907417035515,3.664350105339394,0.10094777758814674
1989.0,79.56,2.0,13.364928392149668,-6.268714786209193,13.364928392149668,-6.268714786209193,1.7870673446569376,3.664350105339394,0.10094777758814674
1990.0,79.60000000000001,2.0,13.21732978062307,-6.401010064319986,13.21732978062307,-6.401010064319986,1.7948439476103246,3.664350105339394,0.10094777758814674
1991.0,79.64,2.0,13.068543661026528,-6.5312538056506595,13.068543661026528,-6.5312538056506595,1.8026205505637107,3.664350105339394,0.10094777758814674
1992.0,79.68,2.0,12.918595467172008,-6.659433491174975,12.918595467172008,-6.659433491174975,1.8103971535170973,3.664350105339394,0.10094777758814674
1993.0,79.72,2.0,12.767510773879533,-6.78553690737534,12.767510773879533,-6.78553690737534,1.8181737564704838,3.664350105339394,0.10094777758814674
1994.0,79.76,2.0,12.615315293342475,-6.9095521478682205,12.615315293342475,-6.9095521478682205,1.8259503594238702,3.664350105339394,0.10094777758814674
1995.0,79.8,2.0,12.462034871474005,-7.031467614986444,12.462034871474005,-7.031467614986444,1.8337269623772567,3.664350105339394,0.10094777758814674
1996.0,79.84,2.0,12.30769548423515,-7.1512720213181655,12.30769548423515,-7.1512720213181655,1.8415035653306433,3.664350105339394,0.10094777758814674
1997.0,79.88,2.0,12.152323233945026,-7.26895439120228,12.152323233945026,-7.26895439120228,1.8492801682840299,3.664350105339394,0.10094777758814674
1998.0,79.92,2.0,11.995944345573687,-7.384504062180102,11.995944345573687,-7.384504062180102,1.857056771237416,3.664350105339394,0.10094777758814674
1999.0,79.96000000000001,2.0,11.838585163018216,-7.497910686403072,11.838585163018216,-7.497910686403072,1.8648333741908025,3.664350105339394,0.10094777758814674
2000.0,80.0,2.0,11.680272145362462,-7.60916423199632,11.680272145362462,-7.60916423199632,1.872609977144189,3.664350105339394,0.10094777758814674
2001.0,80.04,2.0,11.52103186312104,-7.718254984377895,11.52103186312104,-7.718254984377895,1.8803865800975754,3.664350105339394,0.10094777758814674
2002.0,80.08,2.0,11.360890994468054,-7.825173547533451,11.360890994468054,-7.825173547533451,1.8881631830509615,3.664350105339394,0.10094777758814674
2003.0,80.12,2.0,11.199876321451123,-7.9299108452462646,11.199876321451123,-7.9299108452462646,1.8959397860043485,3.664350105339394,0.10094777758814674
2004.0,80.16,2.0,11.038014726191182,-8.03245812228236,11.038014726191182,-8.03245812228236,1.9037163889577347,3.664350105339394,0.10094777758814674
2005.0,80.2,2.0,10.875333187068659,-8.132806945530609,10.875333187068659,-8.132806945530609,1.9114929919111212,3.664350105339394,0.10094777758814674
2006.0,80.24,2.0,10.711858774896479,-8.230949205097629,10.711858774896479,-8.230949205097629,1.9192695948645078,3.664350105339394,0.10094777758814674
2007.0,80.28,2.0,10.547618649080517,-8.326877115357357,10.547618649080517,-8.326877115357357,1.9270461978178939,3.664350105339394,0.10094777758814674
2008.0,80.32000000000001,2.0,10.382640053767966,-8.420583215955116,10.382640053767966,-8.420583215955116,1.9348228007712802,3.664350105339394,0.10094777758814674
2009.0,80.36,2.0,10.216950313984189,-8.512060372766063,10.216950313984189,-8.512060372766063,1.942599403724667,3.664350105339394,0.10094777758814674
2010.0,80.4,2.0,10.050576831758601,-8.60130177880787,10.050576831758601,-8.60130177880787,1.9503760066780533,3.664350105339394,0.10094777758814674
2011.0,80.44,2.0,9.88354708224011,-8.688300955107524,9.88354708224011,-8.688300955107524,1.9581526096314399,3.664350105339394,0.10094777758814674
2012.0,80.48,2.0,9.71588860980267,-8.773051751522113,9.71588860980267,-8.773051751522113,1.965929212584826,3.664350105339394,0.10094777758814674
2013.0,80.52,2.0,9.547629024141463,-8.855548347513508,9.547629024141463,-8.855548347513508,1.9737058155382126,3.664350105339394,0.10094777758814674
2014.0,80.56,2.0,9.378795996360306,-8.935785252876796,9.378795996360306,-8.935785252876796,1.9814824184915991,3.664350105339394,0.10094777758814674
2015.0,80.60000000000001,2.0,9.209417255050777,-9.013757308422402,9.209417255050777,-9.013757308422402,1.9892590214449857,3.664350105339394,0.10094777758814674
2016.0,80.64,2.0,9.039520582363654,-9.089459686611772,9.039520582363654,-9.089459686611772,1.997035624398372,3.664350105339394,0.10094777758814674
2017.0,80.68,2.0,8.869133810073164,-9.16288789214658,8.869133810073164,-9.16288789214658,2.0048122273517586,3.664350105339394,0.10094777758814674
2018.0,80.72,2.0,8.69828481563466,-9.234037762511301,8.69828481563466,-9.234037762511301,2.0125888303051447,3.664350105339394,0.10094777758814674
2019.0,80.76,2.0,8.527001518236203,-9.302905468469152,8.527001518236203,-9.302905468469152,2.0203654332585317,3.664350105339394,0.10094777758814674
2020.0,80.8,2.0,8.35531187484467,-9.369487514511295,8.35531187484467,-9.369487514511295,2.028142036211918,3.664350105339394,0.10094777758814674
2021.0,80.84,2.0,8.18324387624688,-9.43378073925922,8.18324387624688,-9.43378073925922,2.0359186391653044,3.664350105339394,0.10094777758814674
2022.0,80.88,2.0,8.01082554308634,-9.495782315820321,8.01082554308634,-9.495782315820321,2.043695242118691,3.664350105339394,0.10094777758814674
2023.0,80.92,2.0,7.838084921896129,-9.555489752096541,7.838084921896129,-9.555489752096541,2.051471845072077,3.664350105339394,0.10094777758814674
2024.0,80.96000000000001,2.0,7.665050081128503,-9.612900891046092,7.665050081128503,-9.612900891046092,2.0592484480254636,3.664350105339394,0.10094777758814674
2025.0,81.0,2.0,7.4917491071817555,-9.668013910898189,7.4917491071817555,-9.668013910898189,2.0670250509788497,3.664350105339394,0.10094777758814674
2026.0,81.04,2.0,7.318210100424899,-9.720827325320801,7.318210100424899,-9.720827325320801,2.0748016539322363,3.664350105339394,0.10094777758814674
2027.0,81.08,2.0,7.1444611712207164,-9.771339983541349,7.1444611712207164,-9.771339983541349,2.082578256885623,3.664350105339394,0.10094777758814674
2028.0,81.12,2.0,6.970530435947746,-9.819551070420392,6.970530435947746,-9.819551070420392,2.0903548598390094,3.664350105339394,0.10094777758814674
2029.0,81.16,2.0,6.796446013021753,-9.865460106478228,6.796446013021753,-9.865460106478228,2.098131462792396,3.664350105339394,0.10094777758814674
2030.0,81.2,2.0,6.622236018917244,-9.909066947874479,6.622236018917244,-9.909066947874479,2.1059080657457825,3.664350105339394,0.10094777758814674
2031.0,81.24,2.0,6.447928564189565,-9.950371786340597,6.447928564189565,-9.950371786340597,2.113684668699169,3.664350105339394,0.10094777758814674
2032.0,81.28,2.0,6.273551749498185,-9.98937514906535,6.273551749498185,-9.98937514906535,2.1214612716525556,3.664350105339394,0.10094777758814674
2033.0,81.32000000000001,2.0,6.099133661631645,-10.02607789853327,6.099133661631645,-10.02607789853327,2.1292378746059417,3.664350105339394,0.10094777758814674
2034.0,81.36,2.0,5.924702369534816,-10.06048123231613,5.924702369534816,-10.06048123231613,2.1370144775593283,3.664350105339394,0.10094777758814674
2035.0,81.4,2.0,5.7502859203389525,-10.092586682817423,5.7502859203389525,-10.092586682817423,2.1447910805127144,3.664350105339394,0.10094777758814674
2036.0,81.44,2.0,5.575912335395125,-10.122396116969936,5.575912335395125,-10.122396116969936,2.152567683466101,3.664350105339394,0.10094777758814674
2037.0,81.48,2.0,5.401609606311583,-10.14991173588642,5.401609606311583,-10.14991173588642,2.1603442864194875,3.664350105339394,0.10094777758814674
2038.0,81.52,2.0,5.227405690995611,-10.175136074463428,5.227405690995611,-10.175136074463428,2.1681208893728736,3.664350105339394,0.10094777758814674
2039.0,81.56,2.0,5.053328509700405,-10.198072000938387,5.053328509700405,-10.198072000938387,2.17589749232626,3.664350105339394,0.10094777758814674
2040.0,81.60000000000001,2.0,4.879405941077552,-10.21872271639993,4.879405941077552,-10.21872271639993,2.1836740952796467,3.664350105339394,0.10094777758814674
2041.0,81.64,2.0,4.705665818235647,-10.237091754251592,4.705665818235647,-10.237091754251592,2.1914506982330333,3.664350105339394,0.10094777758814674
2042.0,81.68,2.0,4.532135924805591,-10.253182979628946,4.532135924805591,-10.253182979628946,2.1992273011864194,3.664350105339394,0.10094777758814674
2043.0,81.72,2.0,4.35884399101315,-10.267000588770216,4.35884399101315,-10.267000588770216,2.207003904139806,3.664350105339394,0.10094777758814674
2044.0,81.76,2.0,4.1858176897592925,-10.278549108340538,4.1858176897592925,-10.278549108340538,2.2147805070931925,3.664350105339394,0.10094777758814674
2045.0,81.8,2.0,4.013084632708864,-10.287833394709875,4.013084632708864,-10.287833394709875,2.222557110046579,3.664350105339394,0.10094777758814674
2046.0,81.84,2.0,3.840672366388154,-10.294858633184747,3.840672366388154,-10.294858633184747,2.2303337129999656,3.664350105339394,0.10094777758814674
2047.0,81.88,2.0,3.668608368291887,-10.299630337193879,3.668608368291887,-10.299630337193879,2.238110315953352,3.664350105339394,0.10094777758814674
2048.0,81.92,2.0,3.4969200430001925,-10.30215434742784,3.4969200430001925,-10.30215434742784,2.2458869189067387,3.664350105339394,0.10094777758814674
2049.0,81.96000000000001,2.0,3.3256347183060933,-10.302436830932862,3.3256347183060933,-10.302436830932862,2.253663521860125,3.664350105339394,0.10094777758814674
2050.0,82.0,2.0,3.154779641354042,-10.300484280158901,3.154779641354042,-10.300484280158901,2.2614401248135114,3.664350105339394,0.10094777758814674
2051.0,82.04,2.0,2.984381974790069,-10.296303511962105,2.984381974790069,-10.296303511962105,2.2692167277668975,3.664350105339394,0.10094777758814674
2052.0,82.08,2.0,2.8144687929240613,-10.289901666561855,2.8144687929240613,-10.289901666561855,2.276993330720284,3.664350105339394,0.10094777758814674
2053.0,82.12,2.0,2.6450670779047067,-10.281286206452453,2.6450670779047067,-10.281286206452453,2.2847699336736706,3.664350105339394,0.10094777758814674
2054.0,82.16,2.0,2.476203715907657,-10.270464915269702,2.476203715907657,-10.270464915269702,2.2925465366270568,3.664350105339394,0.10094777758814674
2055.0,82.2,2.0,2.3079054933374223,-10.257445896612452,2.3079054933374223,-10.257445896612452,2.3003231395804438,3.664350105339394,0.10094777758814674
2056.0,82.24,2.0,2.140199093043539,-10.242237572819338,2.140199093043539,-10.242237572819338,2.30809974253383,3.664350105339394,0.10094777758814674
2057.0,82.28,2.0,1.9731110905515366,-10.22484868370086,1.9731110905515366,-10.22484868370086,2.315876345487216,3.664350105339394,0.10094777758814674
2058.0,82.32000000000001,2.0,1.8066679503092289,-10.205288285226976,1.8066679503092289,-10.205288285226976,2.3236529484406026,3.664350105339394,0.10094777758814674
2059.0,82.36,2.0,1.640896021948858,-10.183565748170398,1.640896021948858,-10.183565748170398,2.331429551393989,3.664350105339394,0.10094777758814674
2060.0,82.4,2.0,1.47582153656561,-10.1596907567058,1.47582153656561,-10.1596907567058,2.3392061543473757,3.664350105339394,0.10094777758814674
2061.0,82.44,2.0,1.3114706030130225,-10.133673306965099,1.3114706030130225,-10.133673306965099,2.3469827573007622,3.664350105339394,0.10094777758814674
2062.0,82.48,2.0,1.1478692042158052,-10.105523705549043,1.1478692042158052,-10.105523705549043,2.354759360254149,3.664350105339394,0.10094777758814674
2063.0,82.52,2.0,0.9850431935005837,-10.075252567995307,0.9850431935005837,-10.075252567995307,2.3625359632075353,3.664350105339394,0.10094777758814674
2064.0,82.56,2.0,0.8230182909450828,-10.042870817203294,0.8230182909450828,-10.042870817203294,2.3703125661609215,3.664350105339394,0.10094777758814674
2065.0,82.60000000000001,2.0,0.6618200797462603,-10.008389681815895,0.6618200797462603,-10.008389681815895,2.378089169114308,3.664350105339394,0.10094777758814674
2066.0,82.64,2.0,0.5014740026078937,-9.971820694558406,0.5014740026078937,-9.971820694558406,2.3858657720676946,3.664350105339394,0.10094777758814674
2067.0,82.68,2.0,0.3420053581481307,-9.933175690534842,0.3420053581481307,-9.933175690534842,2.3936423750210807,3.664350105339394,0.10094777758814674
2068.0,82.72,2.0,0.18343929732750164,-9.892466805481915,0.18343929732750164,-9.892466805481915,2.4014189779744677,3.664350105339394,0.10094777758814674
2069.0,82.76,2.0,0.025800819897894733,-9.849706473980861,0.025800819897894733,-9.849706473980861,2.4091955809278534,3.664350105339394,0.10094777758814674
2070.0,82.8,2.0,-0.13088522912701092,-9.804907427627443,-0.13088522912701092,-9.804907427627443,2.41697218388124,3.664350105339394,0.10094777758814674
2071.0,82.84,2.0,-0.28659416297936013,-9.758082693160313,-0.28659416297936013,-9.758082693160313,2.424748786834627,3.664350105339394,0.10094777758814674
2072.0,82.88,2.0,-0.4413014566222949,-9.70924559054805,-0.4413014566222949,-9.70924559054805,2.432525389788013,3.664350105339394,0.10094777758814674
2073.0,82.92,2.0,-0.5949827502121983,-9.658409731035123,-0.5949827502121983,-9.658409731035123,2.4403019927413996,3.664350105339394,0.10094777758814674
2074.0,82.96000000000001,2.0,-0.7476138525375263,-9.605589015147036,-0.7476138525375263,-9.605589015147036,2.4480785956947857,3.664350105339394,0.10094777758814674
2075.0,83.0,2.0,-0.8991707444337464,-9.550797630654964,-0.8991707444337464,-9.550797630654964,2.4558551986481723,3.664350105339394,0.10094777758814674
2076.0,83.04,2.0,-1.0496295821739055,-9.494050050500158,-1.0496295821739055,-9.494050050500158,2.463631801601559,3.664350105339394,0.10094777758814674
2077.0,83.08,2.0,-1.1989667008343534,-9.435361030678381,-1.1989667008343534,-9.435361030678381,2.4714084045549454,3.664350105339394,0.10094777758814674
2078.0,83.12,2.0,-1.3471586176351527,-9.374745608084718,-1.3471586176351527,-9.374745608084718,2.479185007508332,3.664350105339394,0.10094777758814674
2079.0,83.16,2.0,-1.4941820352547057,-9.312219098319034,-1.4941820352547057,-9.312219098319034,2.486961610461718,3.664350105339394,0.10094777758814674
2080.0,83.2,2.0,-1.6400138451181405,-9.247797093452386,-1.6400138451181405,-9.247797093452386,2.494738213415105,3.664350105339394,0.10094777758814674
2081.0,83.24,2.0,-1.7846311306589868,-9.18149545975471,-1.7846311306589868,-9.18149545975471,2.502514816368491,3.664350105339394,0.10094777758814674
2082.0,83.28,2.0,-1.928011170553701,-9.113330335384113,-1.928011170553701,-9.113330335384113,2.5102914193218777,3.664350105339394,0.10094777758814674
2083.0,83.32000000000001,2.0,-2.070131441928568,-9.043318128038058,-2.070131441928568,-9.043318128038058,2.518068022275264,3.664350105339394,0.10094777758814674
2084.0,83.36,2.0,-2.2109696235385554,-8.97147551256682,-2.2109696235385554,-8.97147551256682,2.5258446252286504,3.664350105339394,0.10094777758814674
2085.0,83.4,2.0,-2.3505035989176557,-8.897819428549509,-2.3505035989176557,-8.897819428549509,2.533621228182037,3.664350105339394,0.10094777758814674
2086.0,83.44,2.0,-2.488711459500284,-8.822367077833007,-2.488711459500284,-8.822367077833007,2.541397831135423,3.664350105339394,0.10094777758814674
2087.0,83.48,2.0,-2.6255715077133024,-8.745135922034184,-2.6255715077133024,-8.745135922034184,2.5491744340888096,3.664350105339394,0.10094777758814674
2088.0,83.52,2.0,-2.7610622600382224,-8.666143680005717,-2.7610622600382224,-8.666143680005717,2.556951037042196,3.664350105339394,0.10094777758814674
2089.0,83.56,2.0,-2.895162450043176,-8.58540832526589,-2.895162450043176,-8.58540832526589,2.5647276399955827,3.664350105339394,0.10094777758814674
2090.0,83.60000000000001,2.0,-3.0278510313842153,-8.502948083392699,-3.0278510313842153,-8.502948083392699,2.5725042429489693,3.664350105339394,0.10094777758814674
2091.0,83.64,2.0,-3.159107180775534,-8.418781429382697,-3.159107180775534,-8.418781429382697,2.5802808459023554,3.664350105339394,0.10094777758814674
2092.0,83.68,2.0,-3.2889103009281877,-8.332927084974852,-3.2889103009281877,-8.332927084974852,2.588057448855742,3.664350105339394,0.10094777758814674
2093.0,83.72,2.0,-3.4172400234569045,-8.245404015939881,-3.4172400234569045,-8.245404015939881,2.5958340518091285,3.664350105339394,0.10094777758814674
2094.0,83.76,2.0,-3.544076211754583,-8.156231429335392,-3.544076211754583,-8.156231429335392,2.603610654762515,3.664350105339394,0.10094777758814674
2095.0,83.8,2.0,-3.6693989638340723,-8.065428770727221,-3.6693989638340723,-8.065428770727221,2.611387257715901,3.664350105339394,0.10094777758814674
2096.0,83.84,2.0,-3.793188615136836,-7.973015721377385,-3.793188615136836,-7.973015721377385,2.6191638606692877,3.664350105339394,0.10094777758814674
2097.0,83.88,2.0,-3.9154257413081113,-7.879012195398995,-3.9154257413081113,-7.879012195398995,2.626940463622674,3.664350105339394,0.10094777758814674
2098.0,83.92,2.0,-4.036091160938175,-7.783438336878573,-4.036091160938175,-7.783438336878573,2.6347170665760604,3.664350105339394,0.10094777758814674
2099.0,83.96000000000001,2.0,-4.15516593826933,-7.686314516966156,-4.15516593826933,-7.686314516966156,2.642493669529447,3.664350105339394,0.10094777758814674
2100.0,84.0,2.0,-4.272631385868239,-7.587661330933585,-4.272631385868239,-7.587661330933585,2.6502702724828326,3.664350105339394,0.10094777758814674
2101.0,84.04,2.0,-4.388469067263224,-7.4874995952014105,-4.388469067263224,-7.4874995952014105,2.658046875436219,3.664350105339394,0.10094777758814674
2102.0,84.08,2.0,-4.502660799546173,-7.38585034433483,-4.502660799546173,-7.38585034433483,2.6658234783896058,3.664350105339394,0.10094777758814674
2103.0,84.12,2.0,-4.615188655938684,-7.282734828009049,-4.615188655938684,-7.282734828009049,2.673600081342992,3.664350105339394,0.10094777758814674
2104.0,84.16,2.0,-4.726034968322091,-7.17817450794454,-4.726034968322091,-7.17817450794454,2.6813766842963784,3.664350105339394,0.10094777758814674
2105.0,84.2,2.0,-4.835182329731012,-7.072191054812572,-4.835182329731012,-7.072191054812572,2.6891532872497645,3.664350105339394,0.10094777758814674
2106.0,84.24,2.0,-4.942613596810084,-6.964806345111495,-4.942613596810084,-6.964806345111495,2.6969298902031507,3.664350105339394,0.10094777758814674
2107.0,84.28,2.0,-5.048311892233518,-6.856042458014187,-5.048311892233518,-6.856042458014187,2.704706493156537,3.664350105339394,0.10094777758814674
2108.0,84.32000000000001,2.0,-5.152260607087172,-6.745921672187104,-5.152260607087172,-6.745921672187104,2.7124830961099233,3.664350105339394,0.10094777758814674
2109.0,84.36,2.0,-5.25444340321277,-6.634466462581403,-5.25444340321277,-6.634466462581403,2.7202596990633094,3.664350105339394,0.10094777758814674
2110.0,84.4,2.0,-5.354844215513962,-6.521699497196558,-5.354844215513962,-6.521699497196558,2.7280363020166956,3.664350105339394,0.10094777758814674
2111.0,84.44,2.0,-5.453447254223907,-6.407643633816937,-5.453447254223907,-6.407643633816937,2.735812904970082,3.664350105339394,0.10094777758814674
2112.0,84.48,2.0,-5.550237007134044,-6.292321916721806,-5.550237007134044,-6.292321916721806,2.743589507923468,3.664350105339394,0.10094777758814674
2113.0,84.52,2.0,-5.6451982417837465,-6.175757573369198,-5.6451982417837465,-6.175757573369198,2.7513661108768543,3.664350105339394,0.10094777758814674
2114.0,84.56,2.0,-5.738316007610573,-6.057974011054122,-5.738316007610573,-6.057974011054122,2.759142713830241,3.664350105339394,0.10094777758814674
2115.0,84.60000000000001,2.0,-5.829575638060777,-5.938994813541588,-5.829575638060777,-5.938994813541588,2.766919316783627,3.664350105339394,0.10094777758814674
2116.0,84.64,2.0,-5.918962752659815,-5.818843737674913,-5.918962752659815,-5.818843737674913,2.774695919737013,3.664350105339394,0.10094777758814674
2117.0,84.68,2.0,-6.006463259042545,-5.69754470995978,-6.006463259042545,-5.69754470995978,2.7824725226903992,3.664350105339394,0.10094777758814674
2118.0,84.72,2.0,-6.092063354942839,-5.575121823124516,-6.092063354942839,-5.575121823124516,2.7902491256437854,3.664350105339394,0.10094777758814674
2119.0,84.76,2.0,-6.175749530142322,-5.451599332657114,-6.175749530142322,-5.451599332657114,2.798025728597172,3.664350105339394,0.10094777758814674
2120.0,84.8,2.0,-6.257508568377985,-5.32700165331943,-6.257508568377985,-5.32700165331943,2.805802331550558,3.664350105339394,0.10094777758814674
2121.0,84.84,2.0,-6.33732754920838,-5.201353355639072,-6.33732754920838,-5.201353355639072,2.813578934503944,3.664350105339394,0.10094777758814674
2122.0,84.88,2.0,-6.415193849838156,-5.07467916237948,-6.415193849838156,-5.07467916237948,2.8213555374573303,3.664350105339394,0.10094777758814674
2123.0,84.92,2.0,-6.491095146900669,-4.947003944988664,-6.491095146900669,-4.947003944988664,2.829132140410717,3.664350105339394,0.10094777758814674
2124.0,84.96000000000001,2.0,-6.565019418198432,-4.818352720027114,-6.565019418198432,-4.818352720027114,2.836908743364103,3.664350105339394,0.10094777758814674
2125.0,85.0,2.0,-6.636954944401137,-4.688750645575393,-6.636954944401137,-4.688750645575393,2.844685346317489,3.664350105339394,0.10094777758814674
2126.0,85.04,2.0,-6.706890310701037,-4.558223017621885,-6.706890310701037,-4.558223017621885,2.8524619492708756,3.664350105339394,0.10094777758814674
2127.0,85.08,2.0,-6.7748144084254465,-4.426795266431229,-6.7748144084254465,-4.426795266431229,2.8602385522242613,3.664350105339394,0.10094777758814674
2128.0,85.12,2.0,-6.840716436606115,-4.294492952893945,-6.840716436606115,-4.294492952893945,2.8680151551776474,3.664350105339394,0.10094777758814674
2129.0,85.16,2.0,-6.904585903505316,-4.1613417648577435,-6.904585903505316,-4.1613417648577435,2.875791758131034,3.664350105339394,0.10094777758814674
2130.0,85.2,2.0,-6.966412628098341,-4.02736751344106,-6.966412628098341,-4.02736751344106,2.8835683610844205,3.664350105339394,0.10094777758814674
2131.0,85.24,2.0,-7.0261867415123005,-3.8925961293293114,-7.0261867415123005,-3.8925961293293114,2.8913449640378066,3.664350105339394,0.10094777758814674
2132.0,85.28,2.0,-7.083898688420932,-3.7570536590543897,-7.083898688420932,-3.7570536590543897,2.8991215669911927,3.664350105339394,0.10094777758814674
2133.0,85.32000000000001,2.0,-7.139539228395293,-3.6207662612579354,-7.139539228395293,-3.6207662612579354,2.906898169944579,3.664350105339394,0.10094777758814674
2134.0,85.36,2.0,-7.193099437210114,-3.4837602029388925,-7.193099437210114,-3.4837602029388925,2.914674772897965,3.664350105339394,0.10094777758814674
2135.0,85.4,2.0,-7.244570708105631,-3.3460618556858734,-7.244570708105631,-3.3460618556858734,2.9224513758513515,3.664350105339394,0.10094777758814674
2136.0,85.44,2.0,-7.293944753004735,-3.207697691894875,-7.293944753004735,-3.207697691894875,2.9302279788047376,3.664350105339394,0.10094777758814674
2137.0,85.48,2.0,-7.341213603685259,-3.068694280972859,-7.341213603685259,-3.068694280972859,2.9380045817581237,3.664350105339394,0.10094777758814674
2138.0,85.52,2.0,-7.38636961290724,-2.9290782855277353,-7.38636961290724,-2.9290782855277353,2.94578118471151,3.664350105339394,0.10094777758814674
2139.0,85.56,2.0,-7.429405455494989,-2.7888764575452845,-7.429405455494989,-2.7888764575452845,2.953557787664896,3.664350105339394,0.10094777758814674
2140.0,85.60000000000001,2.0,-7.4703141293738495,-2.6481156345535433,-7.4703141293738495,-2.6481156345535433,2.9613343906182825,3.664350105339394,0.10094777758814674
2141.0,85.64,2.0,-7.509088956561454,-2.5068227357752058,-7.509088956561454,-2.5068227357752058,2.969110993571669,3.664350105339394,0.10094777758814674
2142.0,85.68,2.0,-7.545723584113377,-2.365024758268565,-7.545723584113377,-2.365024758268565,2.976887596525055,3.664350105339394,0.10094777758814674
2143.0,85.72,2.0,-7.580211985023031,-2.22274877305754,-7.580211985023031,-2.22274877305754,2.984664199478441,3.664350105339394,0.10094777758814674
2144.0,85.76,2.0,-7.612548459075702,-2.0800219212513325,-7.612548459075702,-2.0800219212513325,2.9924408024318274,3.664350105339394,0.10094777758814674
2145.0,85.8,2.0,-7.642727633656567,-1.936871410154255,-7.642727633656567,-1.936871410154255,3.0002174053852135,3.664350105339394,0.10094777758814674
2146.0,85.84,2.0,-7.6707444645126275,-1.7933245093662706,-7.6707444645126275,-1.7933245093662706,3.0079940083386,3.664350105339394,0.10094777758814674
2147.0,85.88,2.0,-7.696594236468411,-1.6494085468747932,-7.696594236468411,-1.6494085468747932,3.015770611291986,3.664350105339394,0.10094777758814674
2148.0,85.92,2.0,-7.720272564095374,-1.5051509051382994,-7.720272564095374,-1.5051509051382994,3.0235472142453723,3.664350105339394,0.10094777758814674
2149.0,85.96000000000001,2.0,-7.741775392334889,-1.3605790171622913,-7.741775392334889,-1.3605790171622913,3.0313238171987584,3.664350105339394,0.10094777758814674
2150.0,86.0,2.0,-7.761098997074724,-1.2157203625681654,-7.761098997074724,-1.2157203625681654,3.0391004201521445,3.664350105339394,0.10094777758814674
2151.0,86.04,2.0,-7.778239985678982,-1.0706024636555391,-7.778239985678982,-1.0706024636555391,3.046877023105531,3.664350105339394,0.10094777758814674
2152.0,86.08,2.0,-7.793195297471352,-0.925252881458578,-7.793195297471352,-0.925252881458578,3.054653626058917,3.664350105339394,0.10094777758814674
2153.0,86.12,2.0,-7.8059622041716725,-0.7796992117968855,-7.8059622041716725,-0.7796992117968855,3.0624302290123033,3.664350105339394,0.10094777758814674
2154.0,86.16,2.0,-7.816538310285691,-0.6339690813215004,-7.816538310285691,-0.6339690813215004,3.0702068319656894,3.664350105339394,0.10094777758814674
2155.0,86.2,2.0,-7.824921553448021,-0.4880901435565585,-7.824921553448021,-0.4880901435565585,3.0779834349190756,3.664350105339394,0.10094777758814674
2156.0,86.24,2.0,-7.831110204718193,-0.3420900749371727,-7.831110204718193,-0.3420900749371727,3.085760037872462,3.664350105339394,0.10094777758814674
2157.0,86.28,2.0,-7.835102868829791,-0.19599657084408456,-7.835102868829791,-0.19599657084408456,3.0935366408258482,3.664350105339394,0.10094777758814674
2158.0,86.32000000000001,2.0,-7.836898484392639,-0.04983734163564292,-7.836898484392639,-0.04983734163564292,3.101313243779235,3.664350105339394,0.10094777758814674
2159.0,86.36,2.0,-7.836496324047994,0.09635989132233451,-7.836496324047994,0.09635989132233451,3.1090898467326205,3.664350105339394,0.10094777758814674
2160.0,86.4,2.0,-7.833895994576734,0.24256739962826251,-7.833895994576734,0.24256739962826251,3.1168664496860066,3.664350105339394,0.10094777758814674
2161.0,86.44,2.0,-7.829097436960535,0.3887574518174953,-7.829097436960535,0.3887574518174953,3.124643052639393,3.664350105339394,0.10094777758814674
2162.0,86.48,2.0,-7.82210092639599,0.534902317335484,-7.82210092639599,0.534902317335484,3.1324196555927792,3.664350105339394,0.10094777758814674
2163.0,86.52,2.0,-7.812907072261727,0.6809742705108285,-7.812907072261727,0.6809742705108285,3.140196258546166,3.664350105339394,0.10094777758814674
2164.0,86.56,2.0,-7.801516818038476,0.8269455945276674,-7.801516818038476,0.8269455945276674,3.147972861499552,3.664350105339394,0.10094777758814674
2165.0,86.60000000000001,2.0,-7.787931441182129,0.9727885853968509,-7.787931441182129,0.9727885853968509,3.155749464452938,3.664350105339394,0.10094777758814674
2166.0,86.64,2.0,-7.7721525529498,1.1184755559253392,-7.7721525529498,1.1184755559253392,3.163526067406324,3.664350105339394,0.10094777758814674
2167.0,86.68,2.0,-7.754182098178902,1.2639788396832734,-7.754182098178902,1.2639788396832734,3.1713026703597107,3.664350105339394,0.10094777758814674
2168.0,86.72,2.0,-7.734022355019294,1.4092707949681629,-7.734022355019294,1.4092707949681629,3.179079273313097,3.664350105339394,0.10094777758814674
2169.0,86.76,2.0,-7.711675934618502,1.5543238087656306,-7.711675934618502,1.5543238087656306,3.186855876266483,3.664350105339394,0.10094777758814674
2170.0,86.8,2.0,-7.687145780760095,1.6991103007061696,-7.687145780760095,1.6991103007061696,3.194632479219869,3.664350105339394,0.10094777758814674
2171.0,86.84,2.0,-7.660435169455231,1.8436027270173512,-7.660435169455231,1.8436027270173512,3.2024090821732556,3.664350105339394,0.10094777758814674
2172.0,86.88,2.0,-7.631547708487463,1.9877735844709306,-7.631547708487463,1.9877735844709306,3.2101856851266417,3.664350105339394,0.10094777758814674
2173.0,86.92,2.0,-7.6004873369108426,2.1315954143243063,-7.6004873369108426,2.1315954143243063,3.2179622880800283,3.664350105339394,0.10094777758814674
2174.0,86.96000000000001,2.0,-7.567258324501401,2.2750408062557694,-7.567258324501401,2.2750408062557694,3.2257388910334144,3.664350105339394,0.10094777758814674
2175.0,87.0,2.0,-7.53186527116209,2.4180824022930034,-7.53186527116209,2.4180824022930034,3.2335154939868005,3.664350105339394,0.10094777758814674
2176.0,87.04,2.0,-7.494313106281256,2.5606929007342756,-7.494313106281256,2.5606929007342756,3.2412920969401866,3.664350105339394,0.10094777758814674
2177.0,87.08,2.0,-7.454607088044739,2.7028450600617786,-7.454607088044739,2.7028450600617786,3.2490686998935727,3.664350105339394,0.10094777758814674
2178.0,87.12,2.0,-7.412752802701704,2.8445117028465705,-7.412752802701704,2.8445117028465705,3.2568453028469593,3.664350105339394,0.10094777758814674
2179.0,87.16,2.0,-7.368756163784281,2.985665719644566,-7.368756163784281,2.985665719644566,3.2646219058003454,3.664350105339394,0.10094777758814674
2180.0,87.2,2.0,-7.322623411281155,3.1262800728830378,-7.322623411281155,3.1262800728830378,3.2723985087537315,3.664350105339394,0.10094777758814674
2181.0,87.24,2.0,-7.274361110765199,3.2663278007370784,-7.274361110765199,3.2663278007370784,3.2801751117071176,3.664350105339394,0.10094777758814674
2182.0,87.28,2.0,-7.2239761524752755,3.4057820209954883,-7.2239761524752755,3.4057820209954883,3.2879517146605037,3.664350105339394,0.10094777758814674
2183.0,87.32000000000001,2.0,-7.171475750352341,3.5446159349155364,-7.171475750352341,3.5446159349155364,3.2957283176138903,3.664350105339394,0.10094777758814674
2184.0,87.36,2.0,-7.11686744102999,3.682802831066071,-7.11686744102999,3.682802831066071,3.3035049205672764,3.664350105339394,0.10094777758814674
2185.0,87.4,2.0,-7.060159082779554,3.8203160891584247,-7.060159082779554,3.8203160891584247,3.3112815235206625,3.664350105339394,0.10094777758814674
2186.0,87.44,2.0,-7.001358854409956,3.957129183864587,-7.001358854409956,3.957129183864587,3.3190581264740486,3.664350105339394,0.10094777758814674
2187.0,87.48,2.0,-6.9404752541224015,4.093215688622119,-6.9404752541224015,4.093215688622119,3.3268347294274347,3.664350105339394,0.10094777758814674
2188.0,87.52,2.0,-6.877517098320141,4.228549279425254,-6.877517098320141,4.228549279425254,3.3346113323808213,3.664350105339394,0.10094777758814674
2189.0,87.56,2.0,-6.81249352037341,4.3631037386016756,-6.81249352037341,4.3631037386016756,3.3423879353342074,3.664350105339394,0.10094777758814674
2190.0,87.60000000000001,2.0,-6.7454139693397535,4.496852958574435,-6.7454139693397535,4.496852958574435,3.3501645382875935,3.664350105339394,0.10094777758814674
2191.0,87.64,2.0,-6.67628820863991,4.6297709456084775,-6.67628820863991,4.6297709456084775,3.3579411412409796,3.664350105339394,0.10094777758814674
2192.0,87.68,2.0,-6.605126314689413,4.761831823541272,-6.605126314689413,4.761831823541272,3.3657177441943658,3.664350105339394,0.10094777758814674
2193.0,87.72,2.0,-6.531938675486143,4.8930098374969875,-6.531938675486143,4.8930098374969875,3.3734943471477523,3.664350105339394,0.10094777758814674
2194.0,87.76,2.0,-6.456735989153996,5.023279357583736,-6.456735989153996,5.023279357583736,3.3812709501011384,3.664350105339394,0.10094777758814674
2195.0,87.8,2.0,-6.379529262442881,5.152614882573333,-6.379529262442881,5.152614882573333,3.3890475530545245,3.664350105339394,0.10094777758814674
2196.0,87.84,2.0,-6.300329809185264,5.280991043563086,-6.300329809185264,5.280991043563086,3.3968241560079107,3.664350105339394,0.10094777758814674
2197.0,87.88,2.0,-6.219149248709451,5.408382607619062,-6.219149248709451,5.408382607619062,3.4046007589612968,3.664350105339394,0.10094777758814674
2198.0,87.92,2.0,-6.135999504209866,5.534764481400382,-6.135999504209866,5.534764481400382,3.4123773619146838,3.664350105339394,0.10094777758814674
2199.0,87.96000000000001,2.0,-6.050892801074524,5.660111714763967,-6.050892801074524,5.660111714763967,3.4201539648680694,3.664350105339394,0.10094777758814674
2200.0,88.0,2.0,-5.963841665169941,5.784399504349285,-5.963841665169941,5.784399504349285,3.4279305678214564,3.664350105339394,0.10094777758814674
2201.0,88.04,2.0,-5.874858921083714,5.907603197142571,-5.874858921083714,5.907603197142571,3.4357071707748417,3.664350105339394,0.10094777758814674
2202.0,88.08,2.0,-5.783957690325047,6.029698294020025,-5.783957690325047,6.029698294020025,3.4434837737282287,3.664350105339394,0.10094777758814674
2203.0,88.12,2.0,-5.691151389483418,6.150660453269504,-5.691151389483418,6.150660453269504,3.451260376681615,3.664350105339394,0.10094777758814674
2204.0,88.16,2.0,-5.596453728345705,6.270465494090182,-5.596453728345705,6.270465494090182,3.459036979635001,3.664350105339394,0.10094777758814674
2205.0,88.2,2.0,-5.499878707971993,6.38908940006974,-5.499878707971993,6.38908940006974,3.4668135825883875,3.664350105339394,0.10094777758814674
2206.0,88.24,2.0,-5.401440618730339,6.50650832263855,-5.401440618730339,6.50650832263855,3.4745901855417736,3.664350105339394,0.10094777758814674
2207.0,88.28,2.0,-5.301154038290787,6.622698584500395,-5.301154038290787,6.622698584500395,3.4823667884951597,3.664350105339394,0.10094777758814674
2208.0,88.32000000000001,2.0,-5.199033829578889,6.737636683039244,-5.199033829578889,6.737636683039244,3.490143391448546,3.664350105339394,0.10094777758814674
2209.0,88.36,2.0,-5.095095138689033,6.8512992937015955,-5.095095138689033,6.8512992937015955,3.497919994401932,3.664350105339394,0.10094777758814674
2210.0,88.4,2.0,-4.9893533927578675,6.9636632733539185,-4.9893533927578675,6.9636632733539185,3.5056965973553185,3.664350105339394,0.10094777758814674
2211.0,88.44,2.0,-4.881824297798114,7.074705663614734,-4.881824297798114,7.074705663614734,3.5134732003087046,3.664350105339394,0.10094777758814674
2212.0,88.48,2.0,-4.772523836493077,7.184403694160847,-4.772523836493077,7.184403694160847,3.5212498032620907,3.664350105339394,0.10094777758814674
2213.0,88.52,2.0,-4.6614682659521485,7.292734786007289,-4.6614682659521485,7.292734786007289,3.529026406215477,3.664350105339394,0.10094777758814674
2214.0,88.56,2.0,-4.548674115427638,7.399676554760492,-4.548674115427638,7.399676554760492,3.536803009168863,3.664350105339394,0.10094777758814674
2215.0,88.60000000000001,2.0,-4.4341581839932305,7.505206813844263,-4.4341581839932305,7.505206813844263,3.5445796121222495,3.664350105339394,0.10094777758814674
2216.0,88.64,2.0,-4.317937538184403,7.609303577698074,-4.317937538184403,7.609303577698074,3.5523562150756356,3.664350105339394,0.10094777758814674
2217.0,88.68,2.0,-4.200029509601134,7.711945064947254,-4.200029509601134,7.711945064947254,3.5601328180290217,3.664350105339394,0.10094777758814674
2218.0,88.72,2.0,-4.080451692473228,7.813109701544612,-4.080451692473228,7.813109701544612,3.567909420982408,3.664350105339394,0.10094777758814674
2219.0,88.76,2.0,-3.9592219411886105,7.912776123883067,-3.9592219411886105,7.912776123883067,3.575686023935794,3.664350105339394,0.10094777758814674
2220.0,88.8,2.0,-3.8363583677849276,8.010923181878855,-3.8363583677849276,8.010923181878855,3.5834626268891805,3.664350105339394,0.10094777758814674
2221.0,88.84,2.0,-3.711879339404805,8.10752994202484,-3.711879339404805,8.10752994202484,3.5912392298425666,3.664350105339394,0.10094777758814674
2222.0,88.88,2.0,-3.5858034757151196,8.202575690413575,-3.5858034757151196,8.202575690413575,3.5990158327959527,3.664350105339394,0.10094777758814674
2223.0,88.92,2.0,-3.458149646290651,8.296039935729606,-3.458149646290651,8.296039935729606,3.606792435749339,3.664350105339394,0.10094777758814674
2224.0,88.96000000000001,2.0,-3.328936967962459,8.387902412210668,-3.328936967962459,8.387902412210668,3.614569038702725,3.664350105339394,0.10094777758814674
2225.0,89.0,2.0,-3.1981848021313946,8.478143082577317,-3.1981848021313946,8.478143082577317,3.6223456416561115,3.664350105339394,0.10094777758814674
2226.0,89.04,2.0,-3.065912752047071,8.566742140930609,-3.065912752047071,8.566742140930609,3.6301222446094976,3.664350105339394,0.10094777758814674
2227.0,89.08,2.0,-2.9321406600527182,8.653680015617406,-2.9321406600527182,8.653680015617406,3.6378988475628837,3.664350105339394,0.10094777758814674
2228.0,89.12,2.0,-2.7968886047962815,8.738937372062923,-2.7968886047962815,8.738937372062923,3.6456754505162707,3.664350105339394,0.10094777758814674
2229.0,89.16,2.0,-2.660176898408158,8.8224951155701,-2.660176898408158,8.8224951155701,3.653452053469656,3.664350105339394,0.10094777758814674
2230.0,89.2,2.0,-2.5220260836459714,8.904334394085422,-2.5220260836459714,8.904334394085422,3.661228656423043,3.664350105339394,0.10094777758814674
2231.0,89.24,2.0,-2.3824569310067774,8.98443660093081,-2.3824569310067774,8.98443660093081,3.6690052593764286,3.664350105339394,0.10094777758814674
2232.0,89.28,2.0,-2.241490435807107,9.062783377501145,-2.241490435807107,9.062783377501145,3.6767818623298156,3.664350105339394,0.10094777758814674
2233.0,89.32000000000001,2.0,-2.0991478152312504,9.13935661592714,-2.0991478152312504,9.13935661592714,3.6845584652832017,3.664350105339394,0.10094777758814674
2234.0,89.36,2.0,-1.9554505053482019,9.214138461703088,-1.9554505053482019,9.214138461703088,3.692335068236588,3.664350105339394,0.10094777758814674
2235.0,89.4,2.0,-1.8104201580976773,9.287111316279194,-1.8104201580976773,9.287111316279194,3.700111671189974,3.664350105339394,0.10094777758814674
2236.0,89.44,2.0,-1.6640786382456212,9.358257839618082,-1.6640786382456212,9.358257839618082,3.70788827414336,3.664350105339394,0.10094777758814674
2237.0,89.48,2.0,-1.5164480203096384,9.427560952715142,-1.5164480203096384,9.427560952715142,3.7156648770967466,3.664350105339394,0.10094777758814674
2238.0,89.52,2.0,-1.3675505854547725,9.495003840082354,-1.3675505854547725,9.495003840082354,3.7234414800501328,3.664350105339394,0.10094777758814674
2239.0,89.56,2.0,-1.2174088183600666,9.560569952195245,-1.2174088183600666,9.560569952195245,3.731218083003519,3.664350105339394,0.10094777758814674
2240.0,89.60000000000001,2.0,-1.0660454040563456,9.624243007902624,-1.0660454040563456,9.624243007902624,3.738994685956905,3.664350105339394,0.10094777758814674
2241.0,89.64,2.0,-0.9134832247356581,9.686006996798787,-0.9134832247356581,9.686006996798787,3.746771288910291,3.664350105339394,0.10094777758814674
2242.0,89.68,2.0,-0.7597453565328293,9.745846181557823,-0.7597453565328293,9.745846181557823,3.7545478918636777,3.664350105339394,0.10094777758814674
2243.0,89.72,2.0,-0.6048550662795668,9.80374510022972,-0.6048550662795668,9.80374510022972,3.7623244948170638,3.664350105339394,0.10094777758814674
2244.0,89.76,2.0,-0.44883580823158137,9.85968856849793,-0.44883580823158137,9.85968856849793,3.77010109777045,3.664350105339394,0.10094777758814674
2245.0,89.8,2.0,-0.29171122076917255,9.913661681898107,-0.29171122076917255,9.913661681898107,3.777877700723836,3.664350105339394,0.10094777758814674
2246.0,89.84,2.0,-0.1335051230717439,9.965649817997656,-0.1335051230717439,9.965649817997656,3.785654303677222,3.664350105339394,0.10094777758814674
2247.0,89.88,2.0,0.025758488233288634,10.015638638535847,0.025758488233288634,10.015638638535847,3.7934309066306087,3.664350105339394,0.10094777758814674
2248.0,89.92,2.0,0.18605544244672653,10.063614091524148,0.18605544244672653,10.063614091524148,3.801207509583995,3.664350105339394,0.10094777758814674
2249.0,89.96000000000001,2.0,0.3473613981984863,10.109562413306497,0.3473613981984863,10.109562413306497,3.808984112537381,3.664350105339394,0.10094777758814674
2250.0,90.0,2.0,0.5096518468726886,10.153470130579247,0.5096518468726886,10.153470130579247,3.816760715490767,3.664350105339394,0.10094777758814674
2251.0,90.04,2.0,0.6729021160564608,10.195324062370446,0.6729021160564608,10.195324062370446,3.824537318444153,3.664350105339394,0.10094777758814674
2252.0,90.08,2.0,0.8370873730119712,10.235111321978247,0.8370873730119712,10.235111321978247,3.8323139213975397,3.664350105339394,0.10094777758814674
2253.0,90.12,2.0,1.002182628171211,10.272819318868098,1.002182628171211,10.272819318868098,3.840090524350926,3.664350105339394,0.10094777758814674
2254.0,90.16,2.0,1.168162738653032,10.308435760528523,1.168162738653032,10.308435760528523,3.847867127304312,3.664350105339394,0.10094777758814674
2255.0,90.2,2.0,1.335002411801956,10.341948654285165,1.335002411801956,10.341948654285165,3.855643730257698,3.664350105339394,0.10094777758814674
2256.0,90.24,2.0,1.502676208748251,10.373346309072883,1.502676208748251,10.373346309072883,3.863420333211084,3.664350105339394,0.10094777758814674
2257.0,90.28,2.0,1.6711585479887898,10.402617337165626,1.6711585479887898,10.402617337165626,3.8711969361644707,3.664350105339394,0.10094777758814674
2258.0,90.32000000000001,2.0,1.8404237089881772,10.429750655863884,1.8404237089881772,10.429750655863884,3.878973539117857,3.664350105339394,0.10094777758814674
2259.0,90.36,2.0,2.0104458357996533,10.4547354891394,2.0104458357996533,10.4547354891394,3.886750142071243,3.664350105339394,0.10094777758814674
2260.0,90.4,2.0,2.1811989407052623,10.477561369237005,2.1811989407052623,10.477561369237005,3.894526745024629,3.664350105339394,0.10094777758814674
2261.0,90.44,2.0,2.35265690787478,10.498218138233286,2.35265690787478,10.498218138233286,3.902303347978016,3.664350105339394,0.10094777758814674
2262.0,90.48,2.0,2.5247934970428845,10.516695949551877,2.5247934970428845,10.516695949551877,3.9100799509314017,3.664350105339394,0.10094777758814674
2263.0,90.52,2.0,2.697582347204064,10.532985269435214,2.697582347204064,10.532985269435214,3.917856553884788,3.664350105339394,0.10094777758814674
2264.0,90.56,2.0,2.870996980324738,10.547076878372453,2.870996980324738,10.547076878372453,3.925633156838174,3.664350105339394,0.10094777758814674
2265.0,90.60000000000001,2.0,3.0450108050720806,10.558961872483431,3.0450108050720806,10.558961872483431,3.93340975979156,3.664350105339394,0.10094777758814674
2266.0,90.64,2.0,3.2195971205590155,10.56863166485846,3.2195971205590155,10.56863166485846,3.941186362744947,3.664350105339394,0.10094777758814674
2267.0,90.68,2.0,3.39472912010487,10.576077986853715,3.39472912010487,10.576077986853715,3.948962965698333,3.664350105339394,0.10094777758814674
2268.0,90.72,2.0,3.570379895011153,10.581292889342105,3.570379895011153,10.581292889342105,3.956739568651719,3.664350105339394,0.10094777758814674
2269.0,90.76,2.0,3.746522438351942,10.584268743919397,3.746522438351942,10.584268743919397,3.964516171605106,3.664350105339394,0.10094777758814674
2270.0,90.8,2.0,3.9231296487783283,10.584998244065451,3.9231296487783283,10.584998244065451,3.972292774558491,3.664350105339394,0.10094777758814674
2271.0,90.84,2.0,4.100174334336417,10.583474406260407,4.100174334336417,10.583474406260407,3.980069377511878,3.664350105339394,0.10094777758814674
2272.0,90.88,2.0,4.277629216298324,10.579690571055625,4.277629216298324,10.579690571055625,3.987845980465264,3.664350105339394,0.10094777758814674
2273.0,90.92,2.0,4.455466933005651,10.573640404099288,4.455466933005651,10.573640404099288,3.9956225834186503,3.664350105339394,0.10094777758814674
2274.0,90.96000000000001,2.0,4.6336600437248805,10.565317897116483,4.6336600437248805,10.565317897116483,4.003399186372037,3.664350105339394,0.10094777758814674
2275.0,91.0,2.0,4.812181032514192,10.554717368843615,4.812181032514192,10.554717368843615,4.0111757893254225,3.664350105339394,0.10094777758814674
2276.0,91.04,2.0,4.991002312101108,10.54183346591707,4.991002312101108,10.54183346591707,4.018952392278809,3.664350105339394,0.10094777758814674
2277.0,91.08,2.0,5.1700962277704665,10.526661163715946,5.1700962277704665,10.526661163715946,4.026728995232195,3.664350105339394,0.10094777758814674
2278.0,91.12,2.0,5.349435061262168,10.509195767158761,5.349435061262168,10.509195767158761,4.034505598185581,3.664350105339394,0.10094777758814674
2279.0,91.16,2.0,5.528991034678137,10.489432911454035,5.528991034678137,10.489432911454035,4.042282201138968,3.664350105339394,0.10094777758814674
2280.0,91.2,2.0,5.70873631439797,10.467368562804612,5.70873631439797,10.467368562804612,4.0500588040923535,3.664350105339394,0.10094777758814674
2281.0,91.24,2.0,5.8886430150027165,10.442999019065644,5.8886430150027165,10.442999019065644,4.05783540704574,3.664350105339394,0.10094777758814674
2282.0,91.28,2.0,6.0686832032062465,10.416320910356143,6.0686832032062465,10.416320910356143,4.065612009999127,3.664350105339394,0.10094777758814674
2283.0,91.32000000000001,2.0,6.2488289017936465,10.387331199623993,6.2488289017936465,10.387331199623993,3.9163089802730235,3.664350105339394,0.10094777758814674
2284.0,91.36,2.0,6.429052093566111,10.356027183164375,6.429052093566111,10.356027183164375,3.7670059505469196,3.664350105339394,0.10094777758814674
2285.0,91.4,2.0,6.609324725291755,10.322406491091503,6.609324725291755,10.322406491091503,3.617702920820816,3.664350105339394,0.10094777758814674
2286.0,91.44,2.0,6.789618711661824,10.286467087763608,6.789618711661824,10.286467087763608,3.4683998910947125,3.664350105339394,0.10094777758814674
2287.0,91.48,2.0,6.969905939251715,10.24820727216113,6.969905939251715,10.24820727216113,3.319096861368609,3.664350105339394,0.10094777758814674
2288.0,91.52,2.0,7.150158270486301,10.207625678218054,7.150158270486301,10.207625678218054,3.1697938316425054,3.664350105339394,0.10094777758814674
2289.0,91.56,2.0,7.330347547608933,10.164721275106308,7.330347547608933,10.164721275106308,3.0204908019164023,3.664350105339394,0.10094777758814674
2290.0,91.60000000000001,2.0,7.5104455966536605,10.11949336747325,7.5104455966536605,10.11949336747325,2.871187772190299,3.664350105339394,0.10094777758814674
2291.0,91.64,2.0,7.690424231420027,10.071941595632142,7.690424231420027,10.071941595632142,2.7218847424641957,3.664350105339394,0.10094777758814674
2292.0,91.68,2.0,7.870255257449938,10.02206593570563,7.870255257449938,10.02206593570563,2.572581712738092,3.664350105339394,0.10094777758814674
2293.0,91.72,2.0,8.049910476006024,9.969866699722184,8.049910476006024,9.969866699722184,2.4232786830119886,3.664350105339394,0.10094777758814674
2294.0,91.76,2.0,8.229361688050954,9.915344535665493,8.229361688050954,9.915344535665493,2.273975653285885,3.664350105339394,0.10094777758814674
2295.0,91.8,2.0,8.40858069822713,9.858500427476802,8.40858069822713,9.858500427476802,2.124672623559782,3.664350105339394,0.10094777758814674
2296.0,91.84,2.0,8.587539318836232,9.799335695010202,8.587539318836232,9.799335695010202,1.9753695938336786,3.664350105339394,0.10094777758814674
2297.0,91.88,2.0,8.76620937381801,9.737851993940843,8.76620937381801,9.737851993940843,1.826066564107575,3.664350105339394,0.10094777758814674
2298.0,91.92,2.0,8.944562702727826,9.674051315626143,8.944562702727826,9.674051315626143,1.6767635343814717,3.664350105339394,0.10094777758814674
2299.0,91.96000000000001,2.0,9.122571164712355,9.607935986919939,9.122571164712355,9.607935986919939,1.5274605046553682,3.664350105339394,0.10094777758814674
2300.0,92.0,2.0,9.300206642482868,9.539508669939663,9.300206642482868,9.539508669939663,1.3781574749292649,3.664350105339394,0.10094777758814674
2301.0,92.04,2.0,9.47744104628562,9.468772361786538,9.47744104628562,9.468772361786538,1.2288544452031616,3.664350105339394,0.10094777758814674
2302.0,92.08,2.0,9.654246317868683,9.39573039421886,9.654246317868683,9.39573039421886,1.079551415477058,3.664350105339394,0.10094777758814674
2303.0,92.12,2.0,9.83059443444477,9.320386433278376,9.83059443444477,9.320386433278376,1.0873280184304446,3.664350105339394,0.10094777758814674
2304.0,92.16,2.0,10.006457412649414,9.242744478869838,10.006457412649414,9.242744478869838,1.0951046213838307,3.664350105339394,0.10094777758814674
2305.0,92.2,2.0,10.181807312494017,9.162808864293794,10.181807312494017,9.162808864293794,1.102881224337217,3.664350105339394,0.10094777758814674
2306.0,92.24,2.0,10.356616241313155,9.080584255732637,10.356616241313155,9.080584255732637,1.1106578272906034,3.664350105339394,0.10094777758814674
2307.0,92.28,2.0,10.530856357705641,8.996075651690042,10.530856357705641,8.996075651690042,1.1184344302439895,3.664350105339394,0.10094777758814674
2308.0,92.32000000000001,2.0,10.704499875468759,8.90928838238381,10.704499875468759,8.90928838238381,1.126211033197376,3.664350105339394,0.10094777758814674
2309.0,92.36,2.0,10.877519067525133,8.820228109092259,10.877519067525133,8.820228109092259,1.1339876361507621,3.664350105339394,0.10094777758814674
2310.0,92.4,2.0,11.049886269841682,8.728900823454204,11.049886269841682,8.728900823454204,1.1417642391041485,3.664350105339394,0.10094777758814674
2311.0,92.44,2.0,11.221573885340117,8.635312846722641,11.221573885340117,8.635312846722641,1.1495408420575348,3.664350105339394,0.10094777758814674
2312.0,92.48,2.0,11.392554387798414,8.53947082897226,11.392554387798414,8.53947082897226,1.157317445010921,3.664350105339394,0.10094777758814674
2313.0,92.52,2.0,11.562800325742753,8.44138174826084,11.562800325742753,8.44138174826084,1.1650940479643075,3.664350105339394,0.10094777758814674
2314.0,92.56,2.0,11.73228432632934,8.341052909744715,11.73228432632934,8.341052909744715,1.1728706509176936,3.664350105339394,0.10094777758814674
2315.0,92.60000000000001,2.0,11.9009790992156,8.238491944748377,11.9009790992156,8.238491944748377,1.18064725387108,3.664350105339394,0.10094777758814674
2316.0,92.64,2.0,12.06885744042018,8.133706809788343,12.06885744042018,8.133706809788343,1.1884238568244663,3.664350105339394,0.10094777758814674
2317.0,92.68,2.0,12.235892236171228,8.026705785551489,12.235892236171228,8.026705785551489,1.1962004597778526,3.664350105339394,0.10094777758814674
2318.0,92.72,2.0,12.402056466742433,7.9174974758278935,12.402056466742433,7.9174974758278935,1.2039770627312387,3.664350105339394,0.10094777758814674
2319.0,92.76,2.0,12.567323210276234,7.806090806398427,12.567323210276234,7.806090806398427,1.211753665684625,3.664350105339394,0.10094777758814674
2320.0,92.8,2.0,12.73166564659374,7.69249502387718,12.73166564659374,7.69249502387718,1.2195302686380114,3.664350105339394,0.10094777758814674
2321.0,92.84,2.0,12.895057060990743,7.576719694508922,12.895057060990743,7.576719694508922,1.2273068715913975,3.664350105339394,0.10094777758814674
2322.0,92.88,2.0,13.057470848019387,7.458774702921756,13.057470848019387,7.458774702921756,1.2350834745447838,3.664350105339394,0.10094777758814674
2323.0,92.92,2.0,13.218880515254861,7.338670250835119,13.218880515254861,7.338670250835119,1.2428600774981702,3.664350105339394,0.10094777758814674
2324.0,92.96000000000001,2.0,13.379259687046698,7.216416855723334,13.379259687046698,7.216416855723334,1.2506366804515565,3.664350105339394,0.10094777758814674
2325.0,93.0,2.0,13.538582108254056,7.0920253494348895,13.538582108254056,7.0920253494348895,1.2584132834049426,3.664350105339394,0.10094777758814674
2326.0,93.04,2.0,13.696821647964532,6.965506876767631,13.696821647964532,6.965506876767631,1.2661898863583292,3.664350105339394,0.10094777758814674
2327.0,93.08,2.0,13.853952303195953,6.836872894000071,13.853952303195953,6.836872894000071,1.2739664893117153,3.664350105339394,0.10094777758814674
2328.0,93.12,2.0,14.009948202580635,6.706135167379019,14.009948202580635,6.706135167379019,1.2817430922651014,3.664350105339394,0.10094777758814674
2329.0,93.16,2.0,14.16478361003158,6.573305771563734,14.16478361003158,6.573305771563734,1.289519695218488,3.664350105339394,0.10094777758814674
2330.0,93.2,2.0,14.318432928390157,6.438397088026834,14.318432928390157,6.438397088026834,1.297296298171874,3.664350105339394,0.10094777758814674
2331.0,93.24,2.0,14.470870703054661,6.301421803412158,14.470870703054661,6.301421803412158,1.3050729011252602,3.664350105339394,0.10094777758814674
2332.0,93.28,2.0,14.622071625589324,6.162392907849838,14.622071625589324,6.162392907849838,1.3128495040786468,3.664350105339394,0.10094777758814674
2333.0,93.32000000000001,2.0,14.772010537313239,6.021323693228789,14.772010537313239,6.021323693228789,1.320626107032033,3.664350105339394,0.10094777758814674
2334.0,93.36,2.0,14.920662432868705,5.878227751426866,14.920662432868705,5.878227751426866,1.3284027099854192,3.664350105339394,0.10094777758814674
2335.0,93.4,2.0,15.06800246376849,5.733118972498955,15.06800246376849,5.733118972498955,1.3361793129388055,3.664350105339394,0.10094777758814674
2336.0,93.44,2.0,15.214005941921496,5.586011542823202,15.214005941921496,5.586011542823202,1.3439559158921917,3.664350105339394,0.10094777758814674
2337.0,93.48,2.0,15.358648343136391,5.436919943205687,15.358648343136391,5.436919943205687,1.351732518845578,3.664350105339394,0.10094777758814674
2338.0,93.52,2.0,15.501905310602638,5.285858946943783,15.501905310602638,5.285858946943783,1.3595091217989643,3.664350105339394,0.10094777758814674
2339.0,93.56,2.0,15.643752658348523,5.132843617848461,15.643752658348523,5.132843617848461,1.3672857247523507,3.664350105339394,0.10094777758814674
2340.0,93.60000000000001,2.0,15.784166374675596,4.977889308225835,15.784166374675596,4.977889308225835,1.375062327705737,3.664350105339394,0.10094777758814674
2341.0,93.64,2.0,15.923122625569158,4.82101165681822,15.923122625569158,4.82101165681822,1.3828389306591231,3.664350105339394,0.10094777758814674
2342.0,93.68,2.0,16.060597758084224,4.662226586704982,16.060597758084224,4.662226586704982,1.3906155336125097,3.664350105339394,0.10094777758814674
2343.0,93.72,2.0,16.196568303706535,4.501550303163482,16.196568303706535,4.501550303163482,1.3983921365658958,3.664350105339394,0.10094777758814674
2344.0,93.76,2.0,16.331010981688134,4.338999291490408,16.331010981688134,4.338999291490408,1.406168739519282,3.664350105339394,0.10094777758814674
2345.0,93.8,2.0,16.463902702357068,4.174590314783793,16.463902702357068,4.174590314783793,1.4139453424726685,3.664350105339394,0.10094777758814674
2346.0,93.84,2.0,16.59522057040068,4.008340411686038,16.59522057040068,4.008340411686038,1.4217219454260546,3.664350105339394,0.10094777758814674
2347.0,93.88,2.0,16.72494188812214,3.840266894088244,16.72494188812214,3.840266894088244,1.429498548379441,3.664350105339394,0.10094777758814674
2348.0,93.92,2.0,16.853044158669654,3.6703873447961763,16.853044158669654,3.6703873447961763,1.4372751513328272,3.664350105339394,0.10094777758814674
2349.0,93.96000000000001,2.0,16.979505089237975,3.498719615158181,16.979505089237975,3.498719615158181,1.4450517542862134,3.664350105339394,0.10094777758814674
2350.0,94.0,2.0,17.10430259424173,3.3252818226554006,17.10430259424173,3.3252818226554006,1.4528283572395997,3.664350105339394,0.10094777758814674
2351.0,94.04,2.0,17.22741479846012,3.1500923484545975,17.22741479846012,3.1500923484545975,1.460604960192986,3.664350105339394,0.10094777758814674
2352.0,94.08,2.0,17.34882004015258,2.9731698349239477,17.34882004015258,2.9731698349239477,1.4683815631463724,3.664350105339394,0.10094777758814674
2353.0,94.12,2.0,17.468496874144936,2.794533183112138,17.468496874144936,2.794533183112138,1.4761581660997585,3.664350105339394,0.10094777758814674
2354.0,94.16,2.0,17.586424074885624,2.614201550191127,17.586424074885624,2.614201550191127,1.4839347690531448,3.664350105339394,0.10094777758814674
2355.0,94.2,2.0,17.702580639471584,2.4321943468629144,17.702580639471584,2.4321943468629144,1.4917113720065311,3.664350105339394,0.10094777758814674
2356.0,94.24,2.0,17.816945790643363,2.2485312347306894,17.816945790643363,2.2485312347306894,1.4994879749599175,3.664350105339394,0.10094777758814674
2357.0,94.28,2.0,17.929498979748995,2.0632321236347186,17.929498979748995,2.0632321236347186,1.5072645779133036,3.664350105339394,0.10094777758814674
2358.0,94.32000000000001,2.0,18.040219889676347,1.876317168953347,18.040219889676347,1.876317168953347,1.51504118086669,3.664350105339394,0.10094777758814674
2359.0,94.36,2.0,18.149088437753356,1.6878067688694833,18.149088437753356,1.6878067688694833,1.5228177838200763,3.664350105339394,0.10094777758814674
2360.0,94.4,2.0,18.256084778615893,1.497721561602957,18.256084778615893,1.497721561602957,1.5305943867734624,3.664350105339394,0.10094777758814674
2361.0,94.44,2.0,18.36118930704281,1.3060824226091259,18.36118930704281,1.3060824226091259,1.538370989726849,3.664350105339394,0.10094777758814674
2362.0,94.48,2.0,18.4643826607577,1.1129104617441261,18.4643826607577,1.1129104617441261,1.546147592680235,3.664350105339394,0.10094777758814674
2363.0,94.52,2.0,18.565645723197143,0.9182270203971605,18.565645723197143,0.9182270203971605,1.5539241956336212,3.664350105339394,0.10094777758814674
2364.0,94.56,2.0,18.664959626244826,0.7220536685902259,18.664959626244826,0.7220536685902259,1.5617007985870077,3.664350105339394,0.10094777758814674
2365.0,94.60000000000001,2.0,18.762305752931393,0.5244122020456755,18.762305752931393,0.5244122020456755,1.5694774015403938,3.664350105339394,0.10094777758814674
2366.0,94.64,2.0,18.857665740099456,0.3253246392220343,18.857665740099456,0.3253246392220343,1.5772540044937802,3.664350105339394,0.10094777758814674
2367.0,94.68,2.0,18.95102148103351,0.12481321831847403,18.95102148103351,0.12481321831847403,1.5850306074471665,3.664350105339394,0.10094777758814674
2368.0,94.72,2.0,19.04235512805431,-0.07709960575163359,19.04235512805431,-0.07709960575163359,1.5928072104005528,3.664350105339394,0.10094777758814674
2369.0,94.76,2.0,19.131649095077428,-0.28039116441766376,19.131649095077428,-0.28039116441766376,1.6005838133539392,3.664350105339394,0.10094777758814674
2370.0,94.8,2.0,19.218886060135524,-0.4850385785387606,19.218886060135524,-0.4850385785387606,1.6083604163073253,3.664350105339394,0.10094777758814674
2371.0,94.84,2.0,19.304048967864116,-0.6910187615205038,19.304048967864116,-0.6910187615205038,1.6161370192607116,3.664350105339394,0.10094777758814674
2372.0,94.88,2.0,19.387121031950336,-0.8983084224607865,19.387121031950336,-0.8983084224607865,1.6239136222140977,3.664350105339394,0.10094777758814674
2373.0,94.92,2.0,19.46808573754449,-1.1068840693244657,19.46808573754449,-1.1068840693244657,1.631690225167484,3.664350105339394,0.10094777758814674
2374.0,94.96000000000001,2.0,19.54692684363398,-1.316722012146345,19.54692684363398,-1.316722012146345,1.6394668281208706,3.664350105339394,0.10094777758814674
2375.0,95.0,2.0,19.623628385379284,-1.52779836626204,19.623628385379284,-1.52779836626204,1.6472434310742567,3.664350105339394,0.10094777758814674
2376.0,95.04,2.0,19.698174676411686,-1.7400890555662805,19.698174676411686,-1.7400890555662805,1.6550200340276429,3.664350105339394,0.10094777758814674
2377.0,95.08,2.0,19.770550311092393,-1.953569815798194,19.770550311092393,-1.953569815798194,1.6627966369810294,3.664350105339394,0.10094777758814674
2378.0,95.12,2.0,19.840740166732793,-2.168216197853111,19.840740166732793,-2.168216197853111,1.6705732399344158,3.664350105339394,0.10094777758814674
2379.0,95.16,2.0,19.908729405775443,-2.3840035711204353,19.908729405775443,-2.3840035711204353,1.6783498428878019,3.664350105339394,0.10094777758814674
2380.0,95.2,2.0,19.974503477935595,-2.6009071268471105,19.974503477935595,-2.6009071268471105,1.6861264458411884,3.664350105339394,0.10094777758814674
2381.0,95.24,2.0,20.038048122302843,-2.8189018815262177,20.038048122302843,-2.8189018815262177,1.6939030487945748,3.664350105339394,0.10094777758814674
2382.0,95.28,2.0,20.099349369402695,-3.0379626803102253,20.099349369402695,-3.0379626803102253,1.7016796517479609,3.664350105339394,0.10094777758814674
2383.0,95.32000000000001,2.0,20.158393543217755,-3.258064200448428,20.158393543217755,-3.258064200448428,1.7094562547013474,3.664350105339394,0.10094777758814674
2384.0,95.36,2.0,20.215167263168162,-3.4791809547480836,20.215167263168162,-3.4791809547480836,1.7172328576547335,3.664350105339394,0.10094777758814674
2385.0,95.4,2.0,20.269657446051117,-3.7012872950587736,20.269657446051117,-3.7012872950587736,1.72500946060812,3.664350105339394,0.10094777758814674
2386.0,95.44,2.0,20.321851307939156,-3.9243574157794967,20.321851307939156,-3.9243574157794967,1.7327860635615064,3.664350105339394,0.10094777758814674
2387.0,95.48,2.0,20.37173636603693,-4.148365357388012,20.37173636603693,-4.148365357388012,1.7405626665148926,3.664350105339394,0.10094777758814674
2388.0,95.52,2.0,20.419300440496205,-4.37328500999194,20.419300440496205,-4.37328500999194,1.7483392694682791,3.664350105339394,0.10094777758814674
2389.0,95.56,2.0,20.46453165618887,-4.599090116901114,20.46453165618887,-4.599090116901114,1.7561158724216654,3.664350105339394,0.10094777758814674
2390.0,95.60000000000001,2.0,20.50741844443766,-4.825754278220715,20.50741844443766,-4.825754278220715,1.7638924753750516,3.664350105339394,0.10094777758814674
2391.0,95.64,2.0,20.547949544704394,-5.053250954464642,20.547949544704394,-5.053250954464642,1.7716690783284381,3.664350105339394,0.10094777758814674
2392.0,95.68,2.0,20.58611400623544,-5.28155347018867,20.58611400623544,-5.28155347018867,1.7794456812818242,3.664350105339394,0.10094777758814674
2393.0,95.72,2.0,20.62190118966424,-5.510635017642838,20.62190118966424,-5.510635017642838,1.7872222842352106,3.664350105339394,0.10094777758814674
2394.0,95.76,2.0,20.65530076857061,-5.740468660442599,20.65530076857061,-5.740468660442599,1.7949988871885967,3.664350105339394,0.10094777758814674
2395.0,95.8,2.0,20.68630273099663,-5.97102733725819,20.68630273099663,-5.97102733725819,1.8027754901419837,3.664350105339394,0.10094777758814674
2396.0,95.84,2.0,20.71489738091892,-6.202283865521728,20.71489738091892,-6.202283865521728,1.8105520930953698,3.664350105339394,0.10094777758814674
2397.0,95.88,2.0,20.741075339677046,-6.43421094515151,20.741075339677046,-6.43421094515151,1.8183286960487561,3.664350105339394,0.10094777758814674
2398.0,95.92,2.0,20.764827547357918,-6.66678116229299,20.764827547357918,-6.66678116229299,1.8261052990021422,3.664350105339394,0.10094777758814674
2399.0,95.96000000000001,2.0,20.78614526413595,-6.899966993075926,20.78614526413595,-6.899966993075926,1.8338819019555288,3.664350105339394,0.10094777758814674
2400.0,96.0,2.0,20.805020071568787,-7.133740807387161,20.805020071568787,-7.133740807387161,1.841658504908915,3.664350105339394,0.10094777758814674
2401.0,96.04,2.0,20.821443873848445,-7.368074872658518,20.821443873848445,-7.368074872658518,1.8494351078623013,3.664350105339394,0.10094777758814674
2402.0,96.08,2.0,20.835408899007668,-7.602941357669285,20.835408899007668,-7.602941357669285,1.8572117108156878,3.664350105339394,0.10094777758814674
2403.0,96.12,2.0,20.846907700081346,-7.838312336362748,20.846907700081346,-7.838312336362748,1.864988313769074,3.664350105339394,0.10094777758814674
2404.0,96.16,2.0,20.855933156222797,-8.074159791676257,20.855933156222797,-8.074159791676257,1.8727649167224603,3.664350105339394,0.10094777758814674
2405.0,96.2,2.0,20.862478473774832,-8.310455619384278,20.862478473774832,-8.310455619384278,1.8805415196758468,3.664350105339394,0.10094777758814674
2406.0,96.24000000000001,2.0,20.866537187295354,-8.547171631953901,20.866537187295354,-8.547171631953901,1.888318122629233,3.664350105339394,0.10094777758814674
2407.0,96.28,2.0,20.8681031605374,-8.784279562412259,20.8681031605374,-8.784279562412259,1.8960947255826195,3.664350105339394,0.10094777758814674
2408.0,96.32000000000001,2.0,20.867170587383544,-9.021751068225338,20.867170587383544,-9.021751068225338,1.9038713285360056,3.664350105339394,0.10094777758814674
2409.0,96.36,2.0,20.86373399273436,-9.259557735187624,20.86373399273436,-9.259557735187624,1.911647931489392,3.664350105339394,0.10094777758814674
2410.0,96.4,2.0,20.85778823335105,-9.497671081322029,20.85778823335105,-9.497671081322029,1.9194245344427785,3.664350105339394,0.10094777758814674
2411.0,96.44,2.0,20.849328498651904,-9.736062560789591,20.849328498651904,-9.736062560789591,1.9272011373961646,3.664350105339394,0.10094777758814674
2412.0,96.48,2.0,20.838350311462612,-9.97470356780838,20.838350311462612,-9.97470356780838,1.934977740349551,3.664350105339394,0.10094777758814674
2413.0,96.52,2.0,20.82484952872031,-10.213565440581045,20.82484952872031,-10.213565440581045,1.9427543433029375,3.664350105339394,0.10094777758814674
2414.0,96.56,2.0,20.808822342131148,-10.452619465230505,20.808822342131148,-10.452619465230505,1.950530946256324,3.664350105339394,0.10094777758814674
2415.0,96.60000000000001,2.0,20.79026527878148,-10.691836879743189,20.79026527878148,-10.691836879743189,1.9583075492097097,3.664350105339394,0.10094777758814674
2416.0,96.64,2.0,20.769175201702392,-10.931188877919293,20.769175201702392,-10.931188877919293,1.9660841521630963,3.664350105339394,0.10094777758814674
2417.0,96.68,2.0,20.74554931038766,-11.17064661332951,20.74554931038766,-11.17064661332951,1.9738607551164826,3.664350105339394,0.10094777758814674
2418.0,96.72,2.0,20.719385141264887,-11.410181203277665,20.719385141264887,-11.410181203277665,1.9816373580698692,3.664350105339394,0.10094777758814674
2419.0,96.76,2.0,20.69068056811994,-11.649763732768733,20.69068056811994,-11.649763732768733,1.9894139610232553,3.664350105339394,0.10094777758814674
2420.0,96.8,2.0,20.659433802474496,-11.889365258481645,20.659433802474496,-11.889365258481645,1.9971905639766416,3.664350105339394,0.10094777758814674
2421.0,96.84,2.0,20.625643393916658,-12.128956812746356,20.625643393916658,-12.128956812746356,2.004967166930028,3.664350105339394,0.10094777758814674
2422.0,96.88,2.0,20.589308230384656,-12.368509407524623,20.589308230384656,-12.368509407524623,2.0127437698834143,3.664350105339394,0.10094777758814674
2423.0,96.92,2.0,20.550427538403557,-12.607994038393926,20.550427538403557,-12.607994038393926,2.020520372836801,3.664350105339394,0.10094777758814674
2424.0,96.96000000000001,2.0,20.509000883274886,-12.847381688533975,20.509000883274886,-12.847381688533975,2.028296975790187,3.664350105339394,0.10094777758814674
2425.0,97.0,2.0,20.46502816921929,-13.08664333271526,20.46502816921929,-13.08664333271526,2.036073578743573,3.664350105339394,0.10094777758814674
2426.0,97.04,2.0,20.41850963947203,-13.325749941289079,20.41850963947203,-13.325749941289079,2.0438501816969596,3.664350105339394,0.10094777758814674
2427.0,97.08,2.0,20.369445876331444,-13.564672484178493,20.369445876331444,-13.564672484178493,2.051626784650346,3.664350105339394,0.10094777758814674
2428.0,97.12,2.0,20.31783780116027,-13.803381934869652,20.31783780116027,-13.803381934869652,2.0594033876037323,3.664350105339394,0.10094777758814674
2429.0,97.16,2.0,20.26368667433991,-14.04184927440291,20.26368667433991,-14.04184927440291,2.067179990557119,3.664350105339394,0.10094777758814674
2430.0,97.2,2.0,20.206994095177567,-14.280045495363236,20.206994095177567,-14.280045495363236,2.074956593510505,3.664350105339394,0.10094777758814674
2431.0,97.24000000000001,2.0,20.147762001766292,-14.5179416058693,20.147762001766292,-14.5179416058693,2.0827331964638915,3.664350105339394,0.10094777758814674
2432.0,97.28,2.0,20.085992670798024,-14.755508633560686,20.085992670798024,-14.755508633560686,2.0905097994172777,3.664350105339394,0.10094777758814674
2433.0,97.32000000000001,2.0,20.02168871732949,-14.992717629582728,20.02168871732949,-14.992717629582728,2.098286402370664,3.664350105339394,0.10094777758814674
2434.0,97.36,2.0,19.9548530945012,-15.229539672568364,19.9548530945012,-15.229539672568364,2.1060630053240503,3.664350105339394,0.10094777758814674
2435.0,97.4,2.0,19.88548909320941,-15.465945872616468,19.88548909320941,-15.465945872616468,2.113839608277437,3.664350105339394,0.10094777758814674
2436.0,97.44,2.0,19.81360034173118,-15.70190737526608,19.81360034173118,-15.70190737526608,2.1216162112308234,3.664350105339394,0.10094777758814674
2437.0,97.48,2.0,19.739190805302524,-15.937395365466063,19.739190805302524,-15.937395365466063,2.1293928141842096,3.664350105339394,0.10094777758814674
2438.0,97.52,2.0,19.662264785649818,-16.17238107153952,19.662264785649818,-16.17238107153952,2.137169417137596,3.664350105339394,0.10094777758814674
2439.0,97.56,2.0,19.582826920474353,-16.406835769142496,19.582826920474353,-16.406835769142496,2.144946020090982,3.664350105339394,0.10094777758814674
2440.0,97.60000000000001,2.0,19.500882182890315,-16.640730785216398,19.500882182890315,-16.640730785216398,2.1527226230443683,3.664350105339394,0.10094777758814674
2441.0,97.64,2.0,19.41643588081606,-16.874037501933575,19.41643588081606,-16.874037501933575,2.160499225997755,3.664350105339394,0.10094777758814674
2442.0,97.68,2.0,19.32949365631894,-17.10672736063548,19.32949365631894,-17.10672736063548,2.168275828951141,3.664350105339394,0.10094777758814674
2443.0,97.72,2.0,19.240061484913664,-17.338771865762958,19.240061484913664,-17.338771865762958,2.1760524319045276,3.664350105339394,0.10094777758814674
2444.0,97.76,2.0,19.148145674814323,-17.57014258877794,19.148145674814323,-17.57014258877794,2.183829034857914,3.664350105339394,0.10094777758814674
2445.0,97.8,2.0,19.0537528661402,-17.800811172076244,19.0537528661402,-17.800811172076244,2.1916056378113002,3.664350105339394,0.10094777758814674
2446.0,97.84,2.0,18.95689003007546,-18.03074933289069,18.95689003007546,-18.03074933289069,2.1993822407646864,3.664350105339394,0.10094777758814674
2447.0,97.88,2.0,18.857564467982815,-18.25992886718412,18.857564467982815,-18.25992886718412,2.207158843718073,3.664350105339394,0.10094777758814674
2448.0,97.92,2.0,18.755783810471314,-18.488321653531766,18.755783810471314,-18.488321653531766,2.214935446671459,3.664350105339394,0.10094777758814674
2449.0,97.96000000000001,2.0,18.651556016418404,-18.71589965699244,18.651556016418404,-18.71589965699244,2.2227120496248456,3.664350105339394,0.10094777758814674
2450.0,98.0,2.0,18.54488937194632,-18.9426349329679,18.54488937194632,-18.9426349329679,2.2304886525782317,3.664350105339394,0.10094777758814674
2451.0,98.04,2.0,18.435792489353055,-19.168499631050008,18.435792489353055,-19.168499631050008,2.2382652555316183,3.664350105339394,0.10094777758814674
2452.0,98.08,2.0,18.324274305997964,-19.393465998855024,18.324274305997964,-19.393465998855024,2.246041858485005,3.664350105339394,0.10094777758814674
2453.0,98.12,2.0,18.210344083142218,-19.617506385844585,18.210344083142218,-19.617506385844585,2.253818461438391,3.664350105339394,0.10094777758814674
2454.0,98.16,2.0,18.0940114047442,-19.84059324713274,18.0940114047442,-19.84059324713274,2.261595064391777,3.664350105339394,0.10094777758814674
2455.0,98.2,2.0,17.97528617621013,-20.062699147278636,17.97528617621013,-20.062699147278636,2.2693716673451636,3.664350105339394,0.10094777758814674
2456.0,98.24000000000001,2.0,17.85417862309992,-20.2837967640642,17.85417862309992,-20.2837967640642,2.2771482702985497,3.664350105339394,0.10094777758814674
2457.0,98.28,2.0,17.730699289788625,-20.503858892256382,17.730699289788625,-20.503858892256382,2.284924873251936,3.664350105339394,0.10094777758814674
2458.0,98.32000000000001,2.0,17.604859038083536,-20.72285844735338,17.604859038083536,-20.72285844735338,2.2927014762053224,3.664350105339394,0.10094777758814674
2459.0,98.36,2.0,17.476669045797145,-20.940768469314403,17.476669045797145,-20.940768469314403,2.300478079158709,3.664350105339394,0.10094777758814674
2460.0,98.4,2.0,17.346140805276253,-21.157562126272268,17.346140805276253,-21.157562126272268,2.3082546821120955,3.664350105339394,0.10094777758814674
2461.0,98.44,2.0,17.213286121887265,-21.373212718228597,17.213286121887265,-21.373212718228597,2.3160312850654816,3.664350105339394,0.10094777758814674
2462.0,98.48,2.0,17.078117112458088,-21.58769368073083,17.078117112458088,-21.58769368073083,2.323807888018868,3.664350105339394,0.10094777758814674
2463.0,98.52,2.0,16.940646203676657,-21.800978588530704,16.940646203676657,-21.800978588530704,2.3315844909722543,3.664350105339394,0.10094777758814674
2464.0,98.56,2.0,16.80088613044644,-22.013041159223615,16.80088613044644,-22.013041159223615,2.3393610939256404,3.664350105339394,0.10094777758814674
2465.0,98.60000000000001,2.0,16.65884993419909,-22.223855256868408,16.65884993419909,-22.223855256868408,2.3471376968790265,3.664350105339394,0.10094777758814674
2466.0,98.64,2.0,16.51455096116448,-22.433394895587007,16.51455096116448,-22.433394895587007,2.354914299832413,3.664350105339394,0.10094777758814674
2467.0,98.68,2.0,16.36800286059841,-22.64163424314351,16.36800286059841,-22.64163424314351,2.3626909027857996,3.664350105339394,0.10094777758814674
2468.0,98.72,2.0,16.219219582968158,-22.848547624502128,16.219219582968158,-22.848547624502128,2.3704675057391857,3.664350105339394,0.10094777758814674
2469.0,98.76,2.0,16.068215378096184,-23.054109525363522,16.068215378096184,-23.054109525363522,2.3782441086925723,3.664350105339394,0.10094777758814674
2470.0,98.8,2.0,15.915004793262236,-23.258294595679054,15.915004793262236,-23.258294595679054,2.3860207116459584,3.664350105339394,0.10094777758814674
2471.0,98.84,2.0,15.75960267126409,-23.46107765314248,15.75960267126409,-23.46107765314248,2.393797314599345,3.664350105339394,0.10094777758814674
2472.0,98.88,2.0,15.60202414843722,-23.662433686658513,15.60202414843722,-23.662433686658513,2.401573917552731,3.664350105339394,0.10094777758814674
2473.0,98.92,2.0,15.442284652633694,-23.862337859787893,15.442284652633694,-23.862337859787893,2.409350520506117,3.664350105339394,0.10094777758814674
2474.0,98.96000000000001,2.0,15.28039990116051,-24.06076551416836,15.28039990116051,-24.06076551416836,2.4171271234595038,3.664350105339394,0.10094777758814674
2475.0,99.0,2.0,15.11638589867773,-24.257692172911163,15.11638589867773,-24.257692172911163,2.4249037264128903,3.664350105339394,0.10094777758814674
2476.0,99.04,2.0,14.950258935056675,-24.45309354397257,14.950258935056675,-24.45309354397257,2.4326803293662764,3.664350105339394,0.10094777758814674
2477.0,99.08,2.0,14.782035583198445,-24.646945523499905,14.782035583198445,-24.646945523499905,2.440456932319663,3.664350105339394,0.10094777758814674
2478.0,99.12,2.0,14.611732696813135,-24.83922419915168,14.611732696813135,-24.83922419915168,2.4482335352730495,3.664350105339394,0.10094777758814674
2479.0,99.16,2.0,14.43936740816002,-25.02990585339132,14.43936740816002,-25.02990585339132,2.456010138226435,3.664350105339394,0.10094777758814674
2480.0,99.2,2.0,14.264957125748982,-25.218966966754092,14.264957125748982,-25.218966966754092,2.4637867411798218,3.664350105339394,0.10094777758814674
2481.0,99.24000000000001,2.0,14.088519532003591,-25.406384221086675,14.088519532003591,-25.406384221086675,2.471563344133208,3.664350105339394,0.10094777758814674
2482.0,99.28,2.0,13.910072580886085,-25.592134502759016,13.910072580886085,-25.592134502759016,2.4793399470865944,3.664350105339394,0.10094777758814674
2483.0,99.32000000000001,2.0,13.729634495484623,-25.776194905847966,13.729634495484623,-25.776194905847966,2.487116550039981,3.664350105339394,0.10094777758814674
2484.0,99.36,2.0,13.547223765563109,-25.958542735292305,13.547223765563109,-25.958542735292305,2.494893152993367,3.664350105339394,0.10094777758814674
2485.0,99.4,2.0,13.362859145073974,-26.13915551001862,13.362859145073974,-26.13915551001862,2.5026697559467537,3.664350105339394,0.10094777758814674
2486.0,99.44,2.0,13.176559649634232,-26.318010966037768,13.176559649634232,-26.318010966037768,2.51044635890014,3.664350105339394,0.10094777758814674
2487.0,99.48,2.0,12.988344553965153,-26.49508705951128,12.988344553965153,-26.49508705951128,2.5182229618535263,3.664350105339394,0.10094777758814674
2488.0,99.52,2.0,12.798233389295957,-26.670361969787443,12.798233389295957,-26.670361969787443,2.5259995648069125,3.664350105339394,0.10094777758814674
2489.0,99.56,2.0,12.60624594073181,-26.84381410240659,12.60624594073181,-26.84381410240659,2.5337761677602986,3.664350105339394,0.10094777758814674
2490.0,99.60000000000001,2.0,12.412402244586572,-27.01542209207514,12.412402244586572,-27.01542209207514,2.541552770713685,3.664350105339394,0.10094777758814674
2491.0,99.64,2.0,12.21672258568061,-27.185164805608036,12.21672258568061,-27.185164805608036,2.5493293736670717,3.664350105339394,0.10094777758814674
2492.0,99.68,2.0,12.019227494604092,-27.35302134483909,12.019227494604092,-27.35302134483909,2.557105976620458,3.664350105339394,0.10094777758814674
2493.0,99.72,2.0,11.819937744946092,-27.518971049498923,11.819937744946092,-27.518971049498923,2.5648825795738444,3.664350105339394,0.10094777758814674
2494.0,99.76,2.0,11.618874350489952,-27.682993500060064,11.618874350489952,-27.682993500060064,2.5726591825272305,3.664350105339394,0.10094777758814674
2495.0,99.8,2.0,11.416058562375245,-27.845068520548732,11.416058562375245,-27.845068520548732,2.580435785480617,3.664350105339394,0.10094777758814674
2496.0,99.84,2.0,11.211511866226767,-28.005176181323066,11.211511866226767,-28.005176181323066,2.588212388434003,3.664350105339394,0.10094777758814674
2497.0,99.88,2.0,11.005255979250904,-28.16329680181724,11.005255979250904,-28.16329680181724,2.5959889913873897,3.664350105339394,0.10094777758814674
2498.0,99.92,2.0,10.797312847299866,-28.319410953251264,10.797312847299866,-28.319410953251264,2.603765594340776,3.664350105339394,0.10094777758814674
2499.0,99.96000000000001,2.0,10.587704641904102,-28.473499461305902,10.587704641904102,-28.473499461305902,2.6115421972941624,3.664350105339394,0.10094777758814674
2500.0,100.0,2.0,10.384988024063206,-28.61986720212322,10.384988024063206,-28.61986720212322,2.6255893817561002,3.4784781352000316,0.09406729194912937
2501.0,100.04,2.0,10.186584079564174,-28.75949352552762,10.186584079564174,-28.75949352552762,2.6393613467924775,3.305894203529186,0.08840589904436008
2502.0,100.08,2.0,9.994084287035864,-28.890785147879722,9.994084287035864,-28.890785147879722,2.652799012350123,3.127812653903139,0.08271839494204462
2503.0,100.12,2.0,9.80622527696408,-29.01538283784935,9.80622527696408,-29.01538283784935,2.6658232826880086,2.9504752921732416,0.07731103596652164
2504.0,100.16,2.0,9.623732895786116,-29.132023739678885,9.623732895786116,-29.132023739678885,2.6785060535058314,2.767687796840451,0.07189558338516833
2505.0,100.2,2.0,9.446680212760207,-29.244764629677697,9.446680212760207,-29.244764629677697,2.6908118546971957,2.5818112745888353,0.06639156366650535
2506.0,100.24000000000001,2.0,9.27588258108005,-29.3499156287997,9.27588258108005,-29.3499156287997,2.702724981128504,2.395046851487803,0.06118584369376284
2507.0,100.28,2.0,9.110534175260563,-29.449617510832173,9.110534175260563,-29.449617510832173,2.7142495604269135,2.2072565800873716,0.05569633474047826
2508.0,100.32000000000001,2.0,8.950485749135751,-29.541484156898655,8.950485749135751,-29.541484156898655,2.7254038518849653,2.016588266413011,0.04988019445124266
2509.0,100.36,1.0,8.795159369246214,-29.62868725065591,8.795159369246214,-29.62868725065591,2.7361741391066716,1.8262985928647595,0.04349977366826042
2510.0,100.4,0.0,8.644675560670933,-29.707170437143468,8.644675560670933,-29.707170437143468,2.7465536544601226,1.634373623371994,0.03656112615756166
2511.0,100.44,1.0,8.499493001507721,-29.78068578354867,8.499493001507721,-29.78068578354867,2.756597521530959,1.443702931172249,0.02849464061321406
2512.0,100.48,0.0,8.360888682711895,-29.849035928715562,8.360888682711895,-29.849035928715562,2.7661626405806254,1.2605059651220487,0.017087846477678574
2513.0,100.52,1.0,8.228227308177434,-29.911821118544786,8.228227308177434,-29.911821118544786,2.7756301837205895,1.0779921050837786,0.00566390237287012
2514.0,100.56,1.0,8.097140749418667,-29.970906879526666,8.097140749418667,-29.970906879526666,2.7834481104202764,0.9101307873242405,-0.018712481832543242
2515.0,100.60000000000001,1.0,7.974131443347287,-30.02379912514233,7.974131443347287,-30.02379912514233,2.7916855555133515,0.7422694695647025,-0.04308886603795661
2516.0,100.64,1.0,7.8592631815393075,-30.07056797131608,7.8592631815393075,-30.07056797131608,2.8003425189998152,0.5744081518051646,-0.06746525024336997
2517.0,100.68,1.0,7.748415368901538,-30.113975952642033,7.748415368901538,-30.113975952642033,2.809363940017384,0.41721805294084835,-0.09195229257770378
2518.0,100.72,1.0,7.610911411956863,-30.151480837936738,7.610911411956863,-30.151480837936738,2.8195159225350084,0.2557874552084195,-0.11373493615572557
2519.0,100.76,1.0,7.51317267776489,-30.182678085402348,7.51317267776489,-30.182678085402348,2.8279865338630117,0.10322739340594964,-0.13994653877310131
2520.0,100.8,1.0,7.346980346525671,-30.214407148423668,7.346980346525671,-30.214407148423668,2.832606663052846,0.12671698275965287,-0.1538322512922004
2521.0,100.84,0.0,7.248429536024707,-30.24525609022381,7.248429536024707,-30.24525609022381,2.8344821770090283,0.14752977701447967,-0.17489590994370185
2522.0,100.88,1.0,7.017972376793537,-30.279135989466273,7.017972376793537,-30.279135989466273,2.8414793681761217,0.15352489063464758,-0.185024345005821
2523.0,100.92,0.0,6.9207946466050405,-30.311215694466416,6.9207946466050405,-30.311215694466416,2.843893238490197,0.19400959345790283,-0.20329589046144822
2524.0,100.96000000000001,0.0,6.825791476777644,-30.34385291324809,6.825791476777644,-30.34385291324809,2.8480975520683756,0.19373385504983615,-0.20084956164026185
2525.0,101.0,0.0,6.729524590922016,-30.373632584470187,6.729524590922016,-30.373632584470187,2.8525507074262397,0.1965471435605943,-0.1983146656817659
2526.0,101.04,1.0,6.6312579784953085,-30.40431182149782,6.6312579784953085,-30.40431182149782,2.857268409697387,0.20024833292076924,-0.1960780694691904
2527.0,101.08,1.0,6.53187590176731,-30.433818029298607,6.53187590176731,-30.433818029298607,2.86224653125466,0.2049753705803436,-0.19355768427607284
2528.0,101.12,1.0,6.431605126596577,-30.464606438478587,6.431605126596577,-30.464606438478587,2.8674668128055196,0.21258045051384658,-0.19071066774700424
2529.0,101.16,1.0,6.3311001779577785,-30.493575398491082,6.3311001779577785,-30.493575398491082,2.872942970745951,0.21980689032124076,-0.18729937072418898
2530.0,101.2,1.0,6.230316183167232,-30.524852207061826,6.230316183167232,-30.524852207061826,2.878681772707865,0.2286686260731487,-0.18332984697365723
2531.0,101.24000000000001,1.0,6.128869166603776,-30.55475663756902,6.128869166603776,-30.55475663756902,2.8846280951056213,0.23627608453203655,-0.17823248518947665
2532.0,101.28,2.0,6.025555879216927,-30.583558777551854,6.025555879216927,-30.583558777551854,2.8909250376777753,0.23640981684137935,-0.16979481481410816
2533.0,101.32000000000001,2.0,5.921084387939598,-30.61173198120202,5.921084387939598,-30.61173198120202,2.897191428312859,0.2358604431387922,-0.16133999446946673
2534.0,101.36,2.0,5.819894610648795,-30.63748518359783,5.819894610648795,-30.63748518359783,2.9049793075414465,0.2206585271574728,-0.13993273402422035
2535.0,101.4,2.0,5.715554908180967,-30.663387781947865,5.715554908180967,-30.663387781947865,2.912219540529873,0.20545661117615346,-0.11852547357897399
2536.0,101.44,2.0,5.608071285008853,-30.68944580766277,5.608071285008853,-30.68944580766277,2.9189121272781398,0.19025469519483407,-0.09711821313372762
2537.0,101.48,2.0,5.50163312067163,-30.712973697534075,5.50163312067163,-30.712973697534075,2.9251121286485278,0.16438156031829296,-0.07560029455956084
2538.0,101.52,2.0,5.426984771740523,-30.736591465469996,5.426984771740523,-30.736591465469996,2.9300534406720873,0.14274892430986436,-0.05678677474170605
2539.0,101.56,2.0,5.317771603304645,-30.76078223450575,5.317771603304645,-30.76078223450575,2.936547996038496,0.11224575237147685,-0.03354429588449732
2540.0,101.60000000000001,2.0,5.273743860140935,-30.784462124705982,5.273743860140935,-30.784462124705982,2.9404943241877497,0.09156489941627832,-0.015747221486547846
2541.0,101.64,2.0,5.161472594642779,-30.80812520484132,5.161472594642779,-30.80812520484132,2.9473323591494434,0.060272803091440195,0.008008706309555896
2542.0,101.68,2.0,5.179000611425969,-30.82951618334037,5.179000611425969,-30.82951618334037,2.949254888532185,0.049296005356461906,0.020855521713823485
2543.0,101.72,2.0,5.062491061770125,-30.85188895756952,5.062491061770125,-30.85188895756952,2.956046006140931,0.003085430522246524,0.04156530238480667
2544.0,101.76,2.0,4.942407661304212,-30.874213189635128,4.942407661304212,-30.874213189635128,2.961260052158866,0.003085430522246524,0.04156530238480667
2545.0,101.8,2.0,4.8221994326088975,-30.895912667944128,4.8221994326088975,-30.895912667944128,2.9664740981768,0.003085430522246524,0.04156530238480667
2546.0,101.84,2.0,4.701869958902051,-30.916986639398168,4.701869958902051,-30.916986639398168,2.9716881441947343,0.003085430522246524,0.04156530238480667
2547.0,101.88,2.0,4.58142282817861,-30.937434373013968,4.58142282817861,-30.937434373013968,2.9769021902126687,0.003085430522246524,0.04156530238480667
2548.0,101.92,2.0,4.460861633067411,-30.957255159954542,4.460861633067411,-30.957255159954542,2.9821162362306035,0.003085430522246524,0.04156530238480667
2549.0,101.96000000000001,2.0,4.340189970687837,-30.976448313559466,4.340189970687837,-30.976448313559466,2.9873302822485375,0.003085430522246524,0.04156530238480667
2550.0,102.0,2.0,4.2194114425062486,-30.995013169374175,4.2194114425062486,-30.995013169374175,2.992544328266472,0.003085430522246524,0.04156530238480667
2551.0,102.04,2.0,4.098529654192226,-31.012949085178327,4.098529654192226,-31.012949085178327,2.9977583742844063,0.003085430522246524,0.04156530238480667
2552.0,102.08,2.0,3.9775482154746213,-31.030255441013207,3.9775482154746213,-31.030255441013207,3.002972420302341,0.003085430522246524,0.04156530238480667
2553.0,102.12,2.0,3.856470739997433,-31.046931639208168,3.856470739997433,-31.046931639208168,3.008186466320275,0.003085430522246524,0.04156530238480667
2554.0,102.16,2.0,3.735300845175497,-31.062977104406066,3.735300845175497,-31.062977104406066,3.0134005123382095,0.003085430522246524,0.04156530238480667
2555.0,102.2,2.0,3.614042152050022,-31.07839128358783,3.614042152050022,-31.07839128358783,3.0186145583561443,0.003085430522246524,0.04156530238480667
2556.0,102.24000000000001,2.0,3.4926982851439474,-31.093173646096012,3.4926982851439474,-31.093173646096012,3.0238286043740787,0.003085430522246524,0.04156530238480667
2557.0,102.28,2.0,3.371272872317161,-31.107323683657352,3.371272872317161,-31.107323683657352,3.029042650392013,0.003085430522246524,0.04156530238480667
2558.0,102.32000000000001,2.0,3.2497695446215524,-31.120840910404432,3.2497695446215524,-31.120840910404432,3.0342566964099476,0.003085430522246524,0.04156530238480667
2559.0,102.36,2.0,3.128191936155939,-31.133724862896333,3.128191936155939,-31.133724862896333,3.0394707424278815,0.003085430522246524,0.04156530238480667
2560.0,102.4,2.0,3.006543683920844,-31.145975100138315,3.006543683920844,-31.145975100138315,3.0446847884458164,0.003085430522246524,0.04156530238480667
2561.0,102.44,2.0,2.8848284276731513,-31.15759120360059,2.8848284276731513,-31.15759120360059,3.0498988344637508,0.003085430522246524,0.04156530238480667
2562.0,102.48,2.0,2.763049809780632,-31.168572777236044,2.763049809780632,-31.168572777236044,3.055112880481685,0.003085430522246524,0.04156530238480667
2563.0,102.52,2.0,2.6412114750763647,-31.178919447497076,2.6412114750763647,-31.178919447497076,3.060326926499619,0.003085430522246524,0.04156530238480667
2564.0,102.56,2.0,2.519317070713033,-31.188630863351364,2.519317070713033,-31.188630863351364,3.065540972517554,0.003085430522246524,0.04156530238480667
2565.0,102.60000000000001,2.0,2.397370246017128,-31.19770669629678,2.397370246017128,-31.19770669629678,3.0707550185354884,0.003085430522246524,0.04156530238480667
2566.0,102.64,2.0,2.275374652343054,-31.206146640375245,2.275374652343054,-31.206146640375245,3.075969064553423,0.003085430522246524,0.04156530238480667
2567.0,102.68,2.0,2.153333942927138,-31.213950412185646,2.153333942927138,-31.213950412185646,3.081183110571357,0.003085430522246524,0.04156530238480667
2568.0,102.72,2.0,2.031251772741563,-31.22111775089578,2.031251772741563,-31.22111775089578,3.0863971565892916,0.003085430522246524,0.04156530238480667
2569.0,102.76,2.0,1.9091317983482181,-31.227648418253324,1.9091317983482181,-31.227648418253324,3.091611202607226,0.003085430522246524,0.04156530238480667
2570.0,102.8,2.0,1.7869776777524826,-31.233542198595853,1.7869776777524826,-31.233542198595853,3.09682524862516,0.003085430522246524,0.04156530238480667
2571.0,102.84,2.0,1.6647930702569433,-31.238798898859812,1.6647930702569433,-31.238798898859812,3.1020392946430944,0.003085430522246524,0.04156530238480667
2572.0,102.88,2.0,1.5425816363150555,-31.24341834858862,1.5425816363150555,-31.24341834858862,3.107253340661029,0.003085430522246524,0.04156530238480667
2573.0,102.92,2.0,1.420347037384753,-31.2474003999397,1.420347037384753,-31.2474003999397,3.1124673866789636,0.003085430522246524,0.04156530238480667
2574.0,102.96000000000001,2.0,1.298092935782015,-31.250744927690626,1.298092935782015,-31.250744927690626,3.1176814326968976,0.003085430522246524,0.04156530238480667
2575.0,103.0,2.0,1.175822994534394,-31.253451829244206,1.175822994534394,-31.253451829244206,3.122895478714832,0.003085430522246524,0.04156530238480667
2576.0,103.04,2.0,1.0535408772345127,-31.255521024632657,1.0535408772345127,-31.255521024632657,3.128109524732767,0.003085430522246524,0.04156530238480667
2577.0,103.08,2.0,0.9312502478935377,-31.256952456520775,0.9312502478935377,-31.256952456520775,3.133323570750701,0.003085430522246524,0.04156530238480667
2578.0,103.12,2.0,0.8089547707946352,-31.257746090208144,0.8089547707946352,-31.257746090208144,3.138537616768635,0.003085430522246524,0.04156530238480667
2579.0,103.16,2.0,0.6866581103464138,-31.257901913630327,0.6866581103464138,-31.257901913630327,3.1437516627865696,0.003085430522246524,0.04156530238480667
2580.0,103.2,2.0,0.5643639309363648,-31.257419937359167,0.5643639309363648,-31.257419937359167,3.1489657088045044,0.003085430522246524,0.04156530238480667
2581.0,103.24000000000001,2.0,0.4420758967843031,-31.256300194602023,0.4420758967843031,-31.256300194602023,3.1541797548224384,0.003085430522246524,0.04156530238480667
2582.0,103.28,2.0,0.3197976717958174,-31.254542741200073,0.3197976717958174,-31.254542741200073,3.159393800840373,0.003085430522246524,0.04156530238480667
2583.0,103.32000000000001,2.0,0.19753291941573542,-31.252147655625656,0.19753291941573542,-31.252147655625656,3.164607846858307,0.003085430522246524,0.04156530238480667
2584.0,103.36,2.0,0.07528530248161024,-31.249115038978594,0.07528530248161024,-31.249115038978594,3.169821892876242,0.003085430522246524,0.04156530238480667
2585.0,103.4,2.0,-0.046941516922764014,-31.245445014981595,-0.046941516922764014,-31.245445014981595,3.175035938894176,0.003085430522246524,0.04156530238480667
2586.0,103.44,2.0,-0.1691438776138024,-31.24113772997461,-0.1691438776138024,-31.24113772997461,3.1802499849121104,0.003085430522246524,0.04156530238480667
2587.0,103.48,2.0,-0.2913181194545374,-31.2361933529083,-0.2913181194545374,-31.2361933529083,3.1854640309300453,0.003085430522246524,0.04156530238480667
2588.0,103.52,2.0,-0.413460583500979,-31.230612075336445,-0.413460583500979,-31.230612075336445,3.1906780769479797,0.003085430522246524,0.04156530238480667
2589.0,103.56,2.0,-0.5355676121484209,-31.22439411140747,-0.5355676121484209,-31.22439411140747,3.195892122965914,0.003085430522246524,0.04156530238480667
2590.0,103.60000000000001,2.0,-0.6576355492776835,-31.217539697854857,-0.6576355492776835,-31.217539697854857,3.2011061689838485,0.003085430522246524,0.04156530238480667
2591.0,103.64,2.0,-0.7796607404012923,-31.21004909398679,-0.7796607404012923,-31.21004909398679,3.206320215001783,0.003085430522246524,0.04156530238480667
2592.0,103.68,2.0,-0.9016395328095783,-31.201922581674616,-0.9016395328095783,-31.201922581674616,3.211534261019717,0.003085430522246524,0.04156530238480667
2593.0,103.72,2.0,-1.0235682757166993,-31.19316046534047,-1.0235682757166993,-31.19316046534047,3.2167483070376512,0.003085430522246524,0.04156530238480667
2594.0,103.76,2.0,-1.1454433204065742,-31.18376307194388,-1.1454433204065742,-31.18376307194388,3.2219623530555856,0.003085430522246524,0.04156530238480667
2595.0,103.8,2.0,-1.2672610203787218,-31.173730750967405,-1.2672610203787218,-31.173730750967405,3.22717639907352,0.003085430522246524,0.04156530238480667
2596.0,103.84,2.0,-1.3890177314939987,-31.16306387440132,-1.3890177314939987,-31.16306387440132,3.232390445091455,0.003085430522246524,0.04156530238480667
2597.0,103.88,2.0,-1.5107098121202323,-31.15176283672728,-1.5107098121202323,-31.15176283672728,3.2376044911093893,0.003085430522246524,0.04156530238480667
2598.0,103.92,2.0,-1.6323336232777368,-31.139828054901084,-1.6323336232777368,-31.139828054901084,3.2428185371273237,0.003085430522246524,0.04156530238480667
2599.0,103.96000000000001,2.0,-1.753885528784712,-31.12725996833446,-1.753885528784712,-31.12725996833446,3.248032583145258,0.003085430522246524,0.04156530238480667
2600.0,104.0,2.0,-1.8753618954025129,-31.114059038875798,-1.8753618954025129,-31.114059038875798,3.253246629163192,0.003085430522246524,0.04156530238480667
2601.0,104.04,2.0,-1.9967590929807855,-31.100225750790038,-1.9967590929807855,-31.100225750790038,3.2584606751811265,0.003085430522246524,0.04156530238480667
2602.0,104.08,2.0,-2.118073494602466,-31.085760610737502,-2.118073494602466,-31.085760610737502,3.263674721199061,0.003085430522246524,0.04156530238480667
2603.0,104.12,2.0,-2.239301476728631,-31.07066414775182,-2.239301476728631,-31.07066414775182,3.2688887672169953,0.003085430522246524,0.04156530238480667
2604.0,104.16,2.0,-2.3604394193431935,-31.054936913216853,-2.3604394193431935,-31.054936913216853,3.27410281323493,0.003085430522246524,0.04156530238480667
2605.0,104.2,2.0,-2.4814837060974417,-31.03857948084265,-2.4814837060974417,-31.03857948084265,3.2793168592528645,0.003085430522246524,0.04156530238480667
2606.0,104.24000000000001,2.0,-2.602430724454414,-31.021592446640522,-2.602430724454414,-31.021592446640522,3.284530905270799,0.003085430522246524,0.04156530238480667
2607.0,104.28,2.0,-2.7232768658330926,-31.003976428897023,-2.7232768658330926,-31.003976428897023,3.289744951288733,0.003085430522246524,0.04156530238480667
2608.0,104.32000000000001,2.0,-2.844018525752431,-30.985732068147108,-2.844018525752431,-30.985732068147108,3.2949589973066673,0.003085430522246524,0.04156530238480667
2609.0,104.36,2.0,-2.964652103975184,-30.966860027146218,-2.964652103975184,-30.966860027146218,3.3001730433246017,0.003085430522246524,0.04156530238480667
2610.0,104.4,2.0,-3.085174004651556,-30.947360990841513,-3.085174004651556,-30.947360990841513,3.305387089342536,0.003085430522246524,0.04156530238480667
2611.0,104.44,2.0,-3.2023157614847917,-30.928143725968578,-3.2023157614847917,-30.928143725968578,3.3038544857249916,-0.03515606472245043,0.04053711341149071
2612.0,104.48,2.0,-3.1859522787831986,-30.90671284451933,-3.1859522787831986,-30.90671284451933,3.2980019138070262,-0.05778744142259042,0.03917987483064107
2613.0,104.52,2.0,-3.3011824904023515,-30.888249118152252,-3.3011824904023515,-30.888249118152252,3.2962682471141656,-0.0910506972157568,0.039544069803472984
2614.0,104.56,2.0,-3.347631765338998,-30.86791233797233,-3.347631765338998,-30.86791233797233,3.2921432379520716,-0.11944550299203975,0.03908588989685109
2615.0,104.60000000000001,2.0,-3.461233298218363,-30.851379608074627,-3.461233298218363,-30.851379608074627,3.2900167939251843,-0.15241455103700738,0.039813659603080906
2616.0,104.64,2.0,-3.538158348276558,-30.83221074933137,-3.538158348276558,-30.83221074933137,3.2866638217045447,-0.18217977659682372,0.040130628168179375
2617.0,104.68,2.0,-3.6492497567385507,-30.817235072724337,-3.6492497567385507,-30.817235072724337,3.2843706086000024,-0.21124063420391934,0.041809196906897605
2618.0,104.72,2.0,-3.7616889745999034,-30.80101846741265,-3.7616889745999034,-30.80101846741265,3.282015140798277,-0.23999651646807027,0.04395991811869728
2619.0,104.76,2.0,-3.872402948023769,-30.785232887690206,-3.872402948023769,-30.785232887690206,3.279520264120918,-0.26875239873222123,0.04611063933049696
2620.0,104.8,1.0,-3.981396985984829,-30.769903039273125,-3.981396985984829,-30.769903039273125,3.276885978567924,-0.29750828099637217,0.048261360542296634
2621.0,104.84,1.0,-4.095771527783904,-30.75248784807812,-4.095771527783904,-30.75248784807812,3.274841717938527,-0.3160725402360245,0.051186789163044685
2622.0,104.88,1.0,-4.211280433486166,-30.733288303817027,-4.211280433486166,-30.733288303817027,3.272819726731784,-0.33565615233400214,0.054795317784592026
2623.0,104.92,1.0,-4.326151360374346,-30.717401395238824,-4.326151360374346,-30.717401395238824,3.270686678045218,-0.3531042595801721,0.058527838445941074
2624.0,104.96000000000001,1.0,-4.4417982994370755,-30.69745963389268,-4.4417982994370755,-30.69745963389268,3.26838433171527,-0.37846016088228207,0.0629987783096492
2625.0,105.0,1.0,-4.555801964427611,-30.6795300557417,-4.555801964427611,-30.6795300557417,3.266279215655998,-0.40962382461246316,0.06783094016589347
2626.0,105.04,1.0,-4.66982599684309,-30.661872565771183,-4.66982599684309,-30.661872565771183,3.264018656658699,-0.4407874883426442,0.07266310202213774
2627.0,105.08,0.0,-4.787300346863982,-30.644860248291856,-4.787300346863982,-30.644860248291856,3.2612779755155,-0.4672084179598547,0.07747922418091724
2628.0,105.12,0.0,-4.9039687160632415,-30.627285256516878,-4.9039687160632415,-30.627285256516878,3.2582683568808095,-0.5024684269880609,0.08272624887925346
2629.0,105.16,0.0,-5.019299430897004,-30.61165406322532,-5.019299430897004,-30.61165406322532,3.2552182960574507,-0.5343960713587463,0.08763987502324794
2630.0,105.2,1.0,-5.135443443867194,-30.59397372335398,-5.135443443867194,-30.59397372335398,3.2521536451738853,-0.5571818287511878,0.09415739215517388
2631.0,105.24000000000001,1.0,-5.264843872669137,-30.568531973468584,-5.264843872669137,-30.568531973468584,3.2558515662712124,-0.5046104586639274,0.09589312693501363
2632.0,105.28,1.0,-5.528274687824108,-30.54494434212998,-5.528274687824108,-30.54494434212998,3.263937566007356,-0.46764920712122376,0.09795791132238706
2633.0,105.32000000000001,1.0,-5.660633679252619,-30.518017051504295,-5.660633679252619,-30.518017051504295,3.267972770856788,-0.4200560764854938,0.09830126215607896
2634.0,105.36,0.0,-5.862292048873913,-30.492577335679897,-5.862292048873913,-30.492577335679897,3.274467428513848,-0.3773313958666473,0.09946698786922463
2635.0,105.4,0.0,-5.997313020424267,-30.46293514869156,-5.997313020424267,-30.46293514869156,3.279031631374097,-0.3300324729791161,0.09944676396951863
2636.0,105.44,1.0,-6.16952160079549,-30.43551776229817,-6.16952160079549,-30.43551776229817,3.2848904727664916,-0.28593737257673624,0.09983734121094398
2637.0,105.48,1.0,-6.308071062993137,-30.403482994212027,-6.308071062993137,-30.403482994212027,3.2897576653811833,-0.242546640127077,0.09886631827874953
2638.0,105.52,1.0,-6.445775918706174,-30.37225212158946,-6.445775918706174,-30.37225212158946,3.2947552230314527,-0.19946088302036247,0.09742314287347366
2639.0,105.56,2.0,-6.585705033276602,-30.340140395628385,-6.585705033276602,-30.340140395628385,3.2999602998957513,-0.15637512591364794,0.09597996746819779
2640.0,105.60000000000001,2.0,-6.727848758437316,-30.30711035683234,-6.727848758437316,-30.30711035683234,3.3053728959740774,-0.11328936880693344,0.0945367920629219
2641.0,105.64,2.0,-6.865102165194422,-30.275690367779866,-6.865102165194422,-30.275690367779866,3.310263577467203,-0.08039523472471755,0.09231890924869765
2642.0,105.68,2.0,-7.001706753801057,-30.245566771073932,-7.001706753801057,-30.245566771073932,3.3152000998760682,-0.04648174778417631,0.0894179264336741
2643.0,105.72,2.0,-7.139430077731282,-30.21162995563983,-7.139430077731282,-30.21162995563983,3.3203157901031504,-0.014703765695442784,0.08639295157884888
2644.0,105.76,2.0,-7.276853207633884,-30.181234834497985,-7.276853207633884,-30.181234834497985,3.32566888831201,0.024982010449230763,0.08262955752166452
2645.0,105.8,2.0,-7.416390342730759,-30.14830184468176,-7.416390342730759,-30.14830184468176,3.330892866588588,0.07047554902197536,0.07850494147194406
2646.0,105.84,2.0,-7.556372606309736,-30.114558604156343,-7.556372606309736,-30.114558604156343,3.336340398141587,0.11596908759471998,0.0743803254222236
2647.0,105.88,2.0,-7.693364665272098,-30.07961960303811,-7.693364665272098,-30.07961960303811,3.3423361621788805,0.156719892054494,0.07027174906996791
2648.0,105.92,2.0,-7.8314605166448885,-30.04218766014036,-7.8314605166448885,-30.04218766014036,3.3485304133462583,0.20628850567969242,0.06567901452802452
2649.0,105.96000000000001,2.0,-7.969758853312729,-30.004044614272658,-7.969758853312729,-30.004044614272658,3.354870112542053,0.252315191135311,0.06102824579249668
2650.0,106.0,2.0,-8.10728246811075,-29.964524999676676,-8.10728246811075,-29.964524999676676,3.3611283412899837,0.28915744912154284,0.05466707476877547
2651.0,106.04,2.0,-8.236576404998058,-29.93705670846098,-8.236576404998058,-29.93705670846098,3.368838421306814,0.2856924794920158,0.04731647436044741
2652.0,106.08,2.0,-8.36574390196413,-29.90850199801257,-8.36574390196413,-29.90850199801257,3.3768425253399785,0.28222750986248885,0.039965873952119375
2653.0,106.12,2.0,-8.494766184959474,-29.8788263935205,-8.494766184959474,-29.8788263935205,3.385140653389475,0.2787625402329619,0.032615273543791325
2654.0,106.16,2.0,-8.623623762076097,-29.84799571300669,-8.623623762076097,-29.84799571300669,3.3937328054553055,0.2752975706034349,0.025264673135463277
2655.0,106.2,2.0,-8.752296428122094,-29.815976079618963,-8.752296428122094,-29.815976079618963,3.4026189815374677,0.27183260097390793,0.017914072727135234
2656.0,106.24000000000001,2.0,-8.880763269397441,-29.782733933851354,-8.880763269397441,-29.782733933851354,3.4117991816359647,0.2683676313443809,0.01056347231880719
2657.0,106.28,2.0,-9.009002668669835,-29.7482360456884,-9.009002668669835,-29.7482360456884,3.4212734057507936,0.26490266171485394,0.0032128719104791426
2658.0,106.32000000000001,2.0,-9.133348930404859,-29.714076045751273,-9.133348930404859,-29.714076045751273,3.4267792918754494,0.24036789938449238,-0.00042651526750528965
2659.0,106.36,2.0,-9.207903130459684,-29.691929243893252,-9.207903130459684,-29.691929243893252,3.4306970739365306,0.2137822224417536,-0.006230047714918958
2660.0,106.4,2.0,-9.278571109687885,-29.670678185685045,-9.278571109687885,-29.670678185685045,3.435137805361427,0.18689406498560013,-0.0028740392261582632
2661.0,106.44,2.0,-9.348304832579345,-29.649071047044778,-9.348304832579345,-29.649071047044778,3.4395678726124737,0.1600059075294467,0.0004819692626024302
2662.0,106.48,2.0,-9.41710680304503,-29.6271176740645,-9.41710680304503,-29.6271176740645,3.4439872756896728,0.13311775007329327,0.003837977751363125
2663.0,106.52,2.0,-9.484979511047444,-29.604827903985676,-9.484979511047444,-29.604827903985676,3.4483960145930226,0.10622959261713982,0.0071939862401238204
2664.0,106.56,2.0,-9.551925432737814,-29.582211566359398,-9.551925432737814,-29.582211566359398,3.452794089322525,0.07934143516098638,0.010549994728884515
2665.0,106.60000000000001,2.0,-9.617947030613893,-29.559278484203066,-9.617947030613893,-29.559278484203066,3.4571814998781782,0.05245327770483295,0.013906003217645208
2666.0,106.64,2.0,-9.683046753698275,-29.53603847515319,-9.683046753698275,-29.53603847515319,3.461558246259984,0.025565120248679508,0.017262011706405907
2667.0,106.68,1.0,-9.747227037737193,-29.51250135261406,-9.747227037737193,-29.51250135261406,3.4659243284679406,-0.0013230372074739317,0.0206180201951666
2668.0,106.72,1.0,-9.81064707670011,-29.491169582297125,-9.81064707670011,-29.491169582297125,3.4704183072018515,-0.028189924418055845,0.024027284334058256
2669.0,106.76,0.0,-9.87651560455679,-29.467228716029798,-9.87651560455679,-29.467228716029798,3.4747818625303517,-0.008485234188033652,0.025756387965677918
2670.0,106.8,0.0,-9.943653839903304,-29.445329141370042,-9.943653839903304,-29.445329141370042,3.47921606080126,0.01126199653313159,0.027592002897559503
2671.0,106.84,0.0,-10.010333354395204,-29.41683918755329,-10.010333354395204,-29.41683918755329,3.4821570678921945,0.034200822635050455,0.036227018539450054
2672.0,106.88,0.0,-10.077793201678674,-29.387769245334606,-10.077793201678674,-29.387769245334606,3.4847105230627378,0.05713964873696932,0.044862034181340604
2673.0,106.92,0.0,-10.146046498476741,-29.358159649528154,-10.146046498476741,-29.358159649528154,3.486876426312892,0.08007847483888818,0.053497049823231155
2674.0,106.96000000000001,0.0,-10.215107132758003,-29.328050476958396,-10.215107132758003,-29.328050476958396,3.4886547776426573,0.10301730094080704,0.06213206546512171
2675.0,107.0,0.0,-10.284989759409196,-29.29748153367376,-10.284989759409196,-29.29748153367376,3.490045577052034,0.1259561270427259,0.07076708110701227
2676.0,107.04,0.0,-10.355709795701415,-29.266492342231242,-10.355709795701415,-29.266492342231242,3.491048824541019,0.14889495314464476,0.0794020967489028
2677.0,107.08,0.0,-10.427283416551107,-29.235122129055497,-10.427283416551107,-29.235122129055497,3.491664520109617,0.17183377924656362,0.08803711239079336
2678.0,107.12,2.0,-10.50337092952159,-29.201783292794467,-10.50337092952159,-29.201783292794467,3.496155025764332,0.21584239804931707,0.0929609148023403
2679.0,107.16,2.0,-10.629865925355848,-29.15480658522415,-10.629865925355848,-29.15480658522415,3.502140107578564,0.26190193146444773,0.10004886248331646
2680.0,107.2,2.0,-10.760857284593005,-29.1053155542621,-10.760857284593005,-29.1053155542621,3.5075087121249253,0.30826394539299307,0.09797726922811828
2681.0,107.24000000000001,2.0,-10.893387819144545,-29.054568148834807,-10.893387819144545,-29.054568148834807,3.5127944529410797,0.3546259593215384,0.09590567597292009
2682.0,107.28,2.0,-11.027449856720434,-29.00256067854727,-11.027449856720434,-29.00256067854727,3.5179973300270255,0.40098797325008373,0.0938340827177219
2683.0,107.32000000000001,2.0,-11.163035794404362,-28.94928949220224,-11.163035794404362,-28.94928949220224,3.523117343382764,0.44734998717862895,0.09176248946252372
2684.0,107.36,2.0,-11.300138098717017,-28.894750976133526,-11.300138098717017,-28.894750976133526,3.5281544930082944,0.4937120011071744,0.08969089620732552
2685.0,107.4,2.0,-11.438749305653566,-28.838941552541673,-11.438749305653566,-28.838941552541673,3.5331087789036166,0.5400740150357197,0.08761930295212733
2686.0,107.44,2.0,-11.578862020695338,-28.781857677832328,-11.578862020695338,-28.781857677832328,3.5379802010687316,0.5864360289642649,0.08554770969692914
2687.0,107.48,2.0,-11.720468918795833,-28.72349584095778,-11.720468918795833,-28.72349584095778,3.5427687595036383,0.6327980428928103,0.08347611644173095
2688.0,107.52,2.0,-11.86356274434107,-28.663852561761836,-11.86356274434107,-28.663852561761836,3.5474744542083365,0.6791600568213556,0.08140452318653277
2689.0,107.56,2.0,-12.006357290840992,-28.603448016209445,-12.006357290840992,-28.603448016209445,3.5521801489130356,0.6791600568213556,0.08140452318653277
2690.0,107.60000000000001,2.0,-12.148847051748408,-28.542284349739838,-12.148847051748408,-28.542284349739838,3.5568858436177337,0.6791600568213556,0.08140452318653277
2691.0,107.64,2.0,-12.291026537392602,-28.4803637507765,-12.291026537392602,-28.4803637507765,3.561591538322432,0.6791600568213556,0.08140452318653277
2692.0,107.68,2.0,-12.432890275319888,-28.417688450591992,-12.432890275319888,-28.417688450591992,3.566297233027131,0.6791600568213556,0.08140452318653277
2693.0,107.72,2.0,-12.574432810633066,-28.354260723170057,-12.574432810633066,-28.354260723170057,3.57100292773183,0.6791600568213556,0.08140452318653277
2694.0,107.76,2.0,-12.715648706329782,-28.29008288506506,-12.715648706329782,-28.29008288506506,3.575708622436528,0.6791600568213556,0.08140452318653277
2695.0,107.8,2.0,-12.856532543639762,-28.225157295258704,-12.856532543639762,-28.225157295258704,3.5804143171412264,0.6791600568213556,0.08140452318653277
2696.0,107.84,2.0,-12.997078922360894,-28.159486355014092,-12.997078922360894,-28.159486355014092,3.5851200118459254,0.6791600568213556,0.08140452318653277
2697.0,107.88,2.0,-13.137282461194115,-28.093072507727094,-13.137282461194115,-28.093072507727094,3.5898257065506245,0.6953497096092021,0.08130955709105198
2698.0,107.92,2.0,-13.276560307327173,-28.02621127869446,-13.276560307327173,-28.02621127869446,3.5945351998991413,0.7115393623970487,0.08121459099557118
2699.0,107.96000000000001,2.0,-13.414907367219579,-27.958905686178706,-13.414907367219579,-27.958905686178706,3.599248491891479,0.7277290151848953,0.08111962490009039
2700.0,108.0,2.0,-13.552318567389502,-27.89115879003495,-13.552318567389502,-27.89115879003495,3.6039655825276355,0.7439186679727418,0.08102465880460961
2701.0,108.04,2.0,-13.688788854744114,-27.82297369155239,-13.688788854744114,-27.82297369155239,3.608686471807611,0.7601083207605883,0.08092969270912884
2702.0,108.08,2.0,-13.824313196908658,-27.754353533293095,-13.824313196908658,-27.754353533293095,3.613411159731406,0.776297973548435,0.08083472661364803
2703.0,108.12,2.0,-13.958886582554225,-27.685301498928283,-13.958886582554225,-27.685301498928283,3.61813964629902,0.7924876263362814,0.08073976051816725
2704.0,108.16,2.0,-14.092504021724224,-27.615820813071895,-14.092504021724224,-27.615820813071895,3.6228719315104527,0.808677279124128,0.08064479442268646
2705.0,108.2,2.0,-14.225160546159497,-27.54591474111165,-14.225160546159497,-27.54591474111165,3.6276080153657055,0.8248669319119746,0.08054982832720567
2706.0,108.24000000000001,2.0,-14.352462287397467,-27.47840432344009,-14.352462287397467,-27.47840432344009,3.629476272642203,0.796200496501042,0.08607385989099334
2707.0,108.28,2.0,-14.475121855423746,-27.413018873402727,-14.475121855423746,-27.413018873402727,3.631257386405225,0.7484619374879586,0.0894296360354632
2708.0,108.32000000000001,2.0,-14.596161573382318,-27.348147226710573,-14.596161573382318,-27.348147226710573,3.633353788935209,0.7007233784748753,0.09278541217993307
2709.0,108.36,2.0,-14.71556878393971,-27.283770289960774,-14.71556878393971,-27.283770289960774,3.6357654802321555,0.6529848194617921,0.09614118832440292
2710.0,108.4,2.0,-14.833330326534545,-27.219869268319606,-14.833330326534545,-27.219869268319606,3.638492460296066,0.6052462604487089,0.09949696446887277
2711.0,108.44,2.0,-14.949432543227086,-27.15642567554172,-14.949432543227086,-27.15642567554172,3.6415347291269375,0.5575077014356256,0.10285274061334264
2712.0,108.48,2.0,-15.063861284731914,-27.09342134388199,-15.063861284731914,-27.09342134388199,3.6448922867247733,0.5097691424225423,0.10620851675781248
2713.0,108.52,2.0,-15.178027613283282,-27.03178441082064,-15.178027613283282,-27.03178441082064,3.645886806090983,0.4649352745573031,0.10135060323967371
2714.0,108.56,2.0,-15.290745520552093,-26.970751375918184,-15.290745520552093,-26.970751375918184,3.6468680666376505,0.42010140669206397,0.09649268972153492
2715.0,108.60000000000001,1.0,-15.40242413981496,-26.91011928704318,-15.40242413981496,-26.91011928704318,3.6478785959645315,0.3866914915938922,0.09269796619724814
2716.0,108.64,0.0,-15.51306589561402,-26.849893343119895,-15.51306589561402,-26.849893343119895,3.648918394071624,0.35328157649572045,0.08890324267296136
2717.0,108.68,0.0,-15.622673308640966,-26.790078691517454,-15.622673308640966,-26.790078691517454,3.64998746095893,0.3036820086097022,0.08520348524415536
2718.0,108.72,0.0,-15.731826485850496,-26.73038738697422,-15.731826485850496,-26.73038738697422,3.651081997982628,0.25408244072368386,0.08150372781534936
2719.0,108.76,0.0,-15.8405278893599,-26.67082397922902,-15.8405278893599,-26.67082397922902,3.65220200514272,0.20448287283766559,0.07780397038654335
2720.0,108.8,0.0,-15.948780075334117,-26.611392963094307,-15.948780075334117,-26.611392963094307,3.6533474824392043,0.1548833049516473,0.07410421295773736
2721.0,108.84,0.0,-16.056585693314847,-26.552098777318623,-16.056585693314847,-26.552098777318623,3.6545184298720828,0.10528373706562899,0.07040445552893136
2722.0,108.88,1.0,-16.16394748553837,-26.492945803455747,-16.16394748553837,-26.492945803455747,3.6557148474413537,0.0556841691796107,0.06670469810012536
2723.0,108.92,0.0,-16.270868286242195,-26.433938364740612,-16.270868286242195,-26.433938364740612,3.6569367351470183,0.006084601293592407,0.06300494067131936
2724.0,108.96000000000001,2.0,-16.37735102096061,-26.375080724972065,-16.37735102096061,-26.375080724972065,3.6581840929890768,-0.04351496659242589,0.05930518324251337
2725.0,109.0,2.0,-16.48339870580921,-26.316377087402678,-16.48339870580921,-26.316377087402678,3.659456920967527,-0.09311453447844417,0.055605425813707365
2726.0,109.04,2.0,-16.59340336898297,-26.255013859232985,-16.59340336898297,-26.255013859232985,3.663626844304946,-0.09785801416568332,0.0462866707256329
2727.0,109.08,2.0,-16.706650671689644,-26.191269152393193,-16.706650671689644,-26.191269152393193,3.6679131799360527,-0.08352937025077181,0.039136171056876265
2728.0,109.12,2.0,-16.820116673012286,-26.126761532865316,-16.820116673012286,-26.126761532865316,3.6719134955804087,-0.0692007263358603,0.03198567138811962
2729.0,109.16,2.0,-16.933812523105587,-26.061517470901936,-16.933812523105587,-26.061517470901936,3.6756277912380155,-0.054872082420948785,0.024835171719362975
2730.0,109.2,2.0,-17.047749985494622,-25.99556311208762,-17.047749985494622,-25.99556311208762,3.6790560669088714,-0.040543438506037276,0.017684672050606334
2731.0,109.24000000000001,2.0,-17.16194143076155,-25.92892426606902,-17.16194143076155,-25.92892426606902,3.682198322592977,-0.026214794591125766,0.010534172381849692
2732.0,109.28,2.0,-17.276399830037086,-25.86162639539765,-17.276399830037086,-25.86162639539765,3.6850545582903322,-0.011886150676214258,0.0033836727130930498
2733.0,109.32000000000001,2.0,-17.389713051647213,-25.79274862756453,-17.389713051647213,-25.79274862756453,3.6903031009995253,-0.0004621979091468109,0.004446862706945045
2734.0,109.36,2.0,-17.50306614269641,-25.723061696910452,-17.50306614269641,-25.723061696910452,3.6955941713084726,0.010961754857920614,0.005510052700797047
2735.0,109.4,2.0,-17.616049116386783,-25.65277575716882,-17.616049116386783,-25.65277575716882,3.70088524161742,0.010961754857920614,0.005510052700797047
2736.0,109.44,2.0,-17.728658801834616,-25.581892777494286,-17.728658801834616,-25.581892777494286,3.7061763119263675,0.010961754857920614,0.005510052700797047
2737.0,109.48,2.0,-17.84089203865087,-25.510414743855414,-17.84089203865087,-25.510414743855414,3.711467382235314,0.010961754857920614,0.005510052700797047
2738.0,109.52,2.0,-17.952745677030506,-25.438343658978706,-17.952745677030506,-25.438343658978706,3.716758452544261,0.010961754857920614,0.005510052700797047
2739.0,109.56,2.0,-18.06421657784147,-25.365681542292077,-18.06421657784147,-25.365681542292077,3.722049522853209,0.010961754857920614,0.005510052700797047
2740.0,109.60000000000001,2.0,-18.175301612713415,-25.29243042986786,-18.175301612713415,-25.29243042986786,3.727340593162156,0.010961754857920614,0.005510052700797047
2741.0,109.64,2.0,-18.285997664126107,-25.218592374365397,-18.285997664126107,-25.218592374365397,3.7326316634711034,0.010961754857920614,0.005510052700797047
2742.0,109.68,2.0,-18.396301625497507,-25.144169444973084,-18.396301625497507,-25.144169444973084,3.7379227337800507,0.010961754857920614,0.005510052700797047
2743.0,109.72,2.0,-18.50621040127156,-25.069163727350013,-18.50621040127156,-25.069163727350013,3.743213804088998,0.010961754857920614,0.005510052700797047
2744.0,109.76,2.0,-18.615720907005677,-24.9935773235671,-18.615720907005677,-24.9935773235671,3.7485048743979448,0.010961754857920614,0.005510052700797047
2745.0,109.8,2.0,-18.724830069457887,-24.917412352047762,-18.724830069457887,-24.917412352047762,3.753795944706893,0.010961754857920614,0.005510052700797047
2746.0,109.84,2.0,-18.833534826673674,-24.84067094750815,-18.833534826673674,-24.84067094750815,3.7590870150158393,0.010961754857920614,0.005510052700797047
2747.0,109.88,2.0,-18.941832128072512,-24.763355260896894,-18.941832128072512,-24.763355260896894,3.764378085324787,0.010961754857920614,0.005510052700797047
2748.0,109.92,2.0,-19.04971893453405,-24.6854674593344,-19.04971893453405,-24.6854674593344,3.7696691556337343,0.010961754857920614,0.005510052700797047
2749.0,109.96000000000001,2.0,-19.15719221848399,-24.607009726051682,-19.15719221848399,-24.607009726051682,3.7749602259426815,0.010961754857920614,0.005510052700797047
2750.0,110.0,2.0,-19.264248963979647,-24.527984260328758,-19.264248963979647,-24.527984260328758,3.780251296251629,0.010961754857920614,0.005510052700797047
2751.0,110.04,2.0,-19.370886166795167,-24.448393277432537,-19.370886166795167,-24.448393277432537,3.785542366560576,0.010961754857920614,0.005510052700797047
2752.0,110.08,2.0,-19.477100834506384,-24.36823900855433,-19.477100834506384,-24.36823900855433,3.790833436869523,0.010961754857920614,0.005510052700797047
2753.0,110.12,2.0,-19.582889986575413,-24.287523700746853,-19.582889986575413,-24.287523700746853,3.79612450717847,0.010961754857920614,0.005510052700797047
2754.0,110.16,2.0,-19.688250654434846,-24.206249616860802,-19.688250654434846,-24.206249616860802,3.8014155774874174,0.010961754857920614,0.005510052700797047
2755.0,110.2,2.0,-19.79317988157162,-24.124419035480962,-19.79317988157162,-24.124419035480962,3.806706647796365,0.010961754857920614,0.005510052700797047
2756.0,110.24000000000001,2.0,-19.89767472361057,-24.042034250861885,-19.89767472361057,-24.042034250861885,3.8119977181053124,0.010961754857920614,0.005510052700797047
2757.0,110.28,2.0,-20.00173224839763,-23.959097572863154,-20.00173224839763,-23.959097572863154,3.8172887884142597,0.010961754857920614,0.005510052700797047
2758.0,110.32000000000001,2.0,-20.10534953608263,-23.87561132688412,-20.10534953608263,-23.87561132688412,3.822579858723207,0.010961754857920614,0.005510052700797047
2759.0,110.36,2.0,-20.208523679201853,-23.79157785379829,-20.208523679201853,-23.79157785379829,3.827870929032154,0.010961754857920614,0.005510052700797047
2760.0,110.4,2.0,-20.311251782760145,-23.706999509887222,-20.311251782760145,-23.706999509887222,3.833161999341102,0.010961754857920614,0.005510052700797047
2761.0,110.44,2.0,-20.413530964312706,-23.621878666774002,-20.413530964312706,-23.621878666774002,3.838453069650049,0.010961754857920614,0.005510052700797047
2762.0,110.48,2.0,-20.51535835404655,-23.53621771135628,-20.51535835404655,-23.53621771135628,3.8437441399589964,0.010961754857920614,0.005510052700797047
2763.0,110.52,2.0,-20.61673109486157,-23.450019045738873,-20.61673109486157,-23.450019045738873,3.8490352102679433,0.010961754857920614,0.005510052700797047
2764.0,110.56,2.0,-20.717646342451257,-23.363285087165945,-20.717646342451257,-23.363285087165945,3.8543262805768905,0.010961754857920614,0.005510052700797047
2765.0,110.60000000000001,2.0,-20.818101265383056,-23.276018267952754,-20.818101265383056,-23.276018267952754,3.859617350885838,0.010961754857920614,0.005510052700797047
2766.0,110.64,2.0,-20.918093045178363,-23.188221035416955,-20.918093045178363,-23.188221035416955,3.864908421194785,0.010961754857920614,0.005510052700797047
2767.0,110.68,2.0,-21.017618876392145,-23.099895851809514,-21.017618876392145,-23.099895851809514,3.8701994915037323,0.010961754857920614,0.005510052700797047
2768.0,110.72,2.0,-21.11667596669221,-23.011045194245156,-21.11667596669221,-23.011045194245156,3.87549056181268,0.010961754857920614,0.005510052700797047
2769.0,110.76,2.0,-21.21526153693806,-22.921671554632432,-21.21526153693806,-22.921671554632432,3.8807816321216264,0.010961754857920614,0.005510052700797047
2770.0,110.8,2.0,-21.31337282125943,-22.83177743960333,-21.31337282125943,-22.83177743960333,3.8860727024305746,0.010961754857920614,0.005510052700797047
2771.0,110.84,2.0,-21.411007067134417,-22.741365370442498,-21.411007067134417,-22.741365370442498,3.8913637727395214,0.010961754857920614,0.005510052700797047
2772.0,110.88,2.0,-21.508161535467224,-22.650437883016036,-21.508161535467224,-22.650437883016036,3.8966548430484687,0.010961754857920614,0.005510052700797047
2773.0,110.92,2.0,-21.60483350066555,-22.558997527699884,-21.60483350066555,-22.558997527699884,3.901945913357416,0.010961754857920614,0.005510052700797047
2774.0,110.96000000000001,2.0,-21.701020250717566,-22.46704686930778,-21.701020250717566,-22.46704686930778,3.907236983666363,0.010961754857920614,0.005510052700797047
2775.0,111.0,2.0,-21.796719087268535,-22.374588487018833,-21.796719087268535,-22.374588487018833,3.9125280539753104,0.010961754857920614,0.005510052700797047
2776.0,111.04,2.0,-21.891927325697047,-22.28162497430468,-21.891927325697047,-22.28162497430468,3.9178191242842573,0.010961754857920614,0.005510052700797047
2777.0,111.08,2.0,-21.986642295190812,-22.188158938856223,-21.986642295190812,-22.188158938856223,3.9231101945932054,0.010961754857920614,0.005510052700797047
2778.0,111.12,2.0,-22.08086133882214,-22.09419300250999,-22.08086133882214,-22.09419300250999,3.928401264902152,0.010961754857920614,0.005510052700797047
2779.0,111.16,2.0,-22.17458181362295,-21.999729801174066,-22.17458181362295,-21.999729801174066,3.9336923352110995,0.010961754857920614,0.005510052700797047
2780.0,111.2,2.0,-22.267801090659468,-21.904771984753665,-22.267801090659468,-21.904771984753665,3.9389834055200468,0.010961754857920614,0.005510052700797047
2781.0,111.24000000000001,2.0,-22.360516555106436,-21.809322217076243,-22.360516555106436,-21.809322217076243,3.944274475828994,0.010961754857920614,0.005510052700797047
2782.0,111.28,2.0,-22.452725606320993,-21.713383175816297,-22.452725606320993,-21.713383175816297,3.949565546137941,0.010961754857920614,0.005510052700797047
2783.0,111.32000000000001,2.0,-22.544425657916115,-21.616957552419684,-22.544425657916115,-21.616957552419684,3.9548566164468886,0.010961754857920614,0.005510052700797047
2784.0,111.36,2.0,-22.635614137833663,-21.520048052027633,-22.635614137833663,-21.520048052027633,3.9601476867558354,0.010961754857920614,0.005510052700797047
2785.0,111.4,2.0,-22.726288488417026,-21.4226573934003,-22.726288488417026,-21.4226573934003,3.9654387570647827,0.010961754857920614,0.005510052700797047
2786.0,111.44,2.0,-22.816446166483367,-21.324788308839995,-22.816446166483367,-21.324788308839995,3.97072982737373,0.010961754857920614,0.005510052700797047
2787.0,111.48,2.0,-22.90608464339541,-21.22644354411397,-22.90608464339541,-21.22644354411397,3.9760208976826776,0.010961754857920614,0.005510052700797047
2788.0,111.52,2.0,-22.99520140513291,-21.12762585837687,-22.99520140513291,-21.12762585837687,3.981311967991624,0.010961754857920614,0.005510052700797047
2789.0,111.56,2.0,-23.08379395236358,-21.028338024092783,-23.08379395236358,-21.028338024092783,3.9866030383005713,0.010961754857920614,0.005510052700797047
2790.0,111.60000000000001,2.0,-23.171859800513715,-20.92858282695692,-23.171859800513715,-20.92858282695692,3.991894108609519,0.010961754857920614,0.005510052700797047
2791.0,111.64,2.0,-23.25939647983836,-20.8283630658169,-23.25939647983836,-20.8283630658169,3.9971851789184654,0.010961754857920614,0.005510052700797047
2792.0,111.68,2.0,-23.34640153549102,-20.727681552593715,-23.34640153549102,-20.727681552593715,4.002476249227413,0.010961754857920614,0.005510052700797047
2793.0,111.72,2.0,-23.432872527592988,-20.626541112202254,-23.432872527592988,-20.626541112202254,4.00776731953636,0.010961754857920614,0.005510052700797047
2794.0,111.76,2.0,-23.518807031302263,-20.52494458247151,-23.518807031302263,-20.52494458247151,4.013058389845307,0.010961754857920614,0.005510052700797047
2795.0,111.8,2.0,-23.60420263688199,-20.4228948140644,-23.60420263688199,-20.4228948140644,4.018349460154253,0.010961754857920614,0.005510052700797047
2796.0,111.84,2.0,-23.68905694976852,-20.320394670397246,-23.68905694976852,-20.320394670397246,4.0236405304632,0.010961754857920614,0.005510052700797047
2797.0,111.88,2.0,-23.773367590638998,-20.21744702755884,-23.773367590638998,-20.21744702755884,4.028931600772148,0.010961754857920614,0.005510052700797047
2798.0,111.92,2.0,-23.857132195478563,-20.11405477422921,-23.857132195478563,-20.11405477422921,4.0342226710810944,0.010961754857920614,0.005510052700797047
2799.0,111.96000000000001,2.0,-23.940348415647087,-20.01022081159801,-23.940348415647087,-20.01022081159801,4.039513741390041,0.010961754857920614,0.005510052700797047
2800.0,112.0,2.0,-24.02301391794547,-19.905948053282522,-24.02301391794547,-19.905948053282522,4.044804811698989,0.010961754857920614,0.005510052700797047
2801.0,112.04,2.0,-24.105126384681533,-19.801239425245367,-24.105126384681533,-19.801239425245367,4.050095882007935,0.010961754857920614,0.005510052700797047
2802.0,112.08,2.0,-24.186683513735424,-19.696097865711803,-24.186683513735424,-19.696097865711803,4.055386952316883,0.010961754857920614,0.005510052700797047
2803.0,112.12,2.0,-24.267683018624627,-19.590526325086735,-24.267683018624627,-19.590526325086735,4.0606780226258286,0.010961754857920614,0.005510052700797047
2804.0,112.16,2.0,-24.348122628568493,-19.48452776587132,-24.348122628568493,-19.48452776587132,4.065969092934776,0.010961754857920614,0.005510052700797047
2805.0,112.2,2.0,-24.428000088552352,-19.378105162579295,-24.428000088552352,-19.378105162579295,4.071260163243723,0.010961754857920614,0.005510052700797047
2806.0,112.24000000000001,2.0,-24.507313159391167,-19.271261501652894,-24.507313159391167,-19.271261501652894,4.076551233552669,0.010961754857920614,0.005510052700797047
2807.0,112.28,2.0,-24.58605961779273,-19.163999781378497,-24.58605961779273,-19.163999781378497,4.081842303861616,0.010961754857920614,0.005510052700797047
2808.0,112.32000000000001,2.0,-24.664237256420417,-19.056323011801886,-24.664237256420417,-19.056323011801886,4.0871333741705635,0.010961754857920614,0.005510052700797047
2809.0,112.36,2.0,-24.741843883955507,-18.948234214643197,-24.741843883955507,-18.948234214643197,4.09242444447951,0.010961754857920614,0.005510052700797047
2810.0,112.4,2.0,-24.818877325159004,-18.839736423211548,-24.818877325159004,-18.839736423211548,4.097715514788456,0.010961754857920614,0.005510052700797047
2811.0,112.44,2.0,-24.89533542093305,-18.73083268231931,-24.89533542093305,-18.73083268231931,4.103006585097404,0.010961754857920614,0.005510052700797047
2812.0,112.48,2.0,-24.971216028381853,-18.62152604819609,-24.971216028381853,-18.62152604819609,4.108297655406351,0.010961754857920614,0.005510052700797047
2813.0,112.52,2.0,-25.046517020872148,-18.511819588402336,-25.046517020872148,-18.511819588402336,4.113588725715298,0.010961754857920614,0.005510052700797047
2814.0,112.56,2.0,-25.12123628809324,-18.40171638174269,-25.12123628809324,-18.40171638174269,4.118879796024244,0.010961754857920614,0.005510052700797047
2815.0,112.60000000000001,2.0,-25.19537173611653,-18.29121951817898,-25.19537173611653,-18.29121951817898,4.124170866333191,0.010961754857920614,0.005510052700797047
2816.0,112.64,2.0,-25.268921287454603,-18.180332098742877,-25.268921287454603,-18.180332098742877,4.129461936642137,0.010961754857920614,0.005510052700797047
2817.0,112.68,2.0,-25.341882881119872,-18.069057235448305,-25.341882881119872,-18.069057235448305,4.134753006951085,0.010961754857920614,0.005510052700797047
2818.0,112.72,2.0,-25.414254472682707,-17.957398051203473,-25.414254472682707,-17.957398051203473,4.140044077260031,0.010961754857920614,0.005510052700797047
2819.0,112.76,2.0,-25.486034034329112,-17.845357679722632,-25.486034034329112,-17.845357679722632,4.145335147568979,0.010961754857920614,0.005510052700797047
2820.0,112.8,2.0,-25.55721955491797,-17.732939265437526,-25.55721955491797,-17.732939265437526,4.1506262178779245,0.010961754857920614,0.005510052700797047
2821.0,112.84,2.0,-25.62780904003775,-17.62014596340853,-25.62780904003775,-17.62014596340853,4.155917288186872,0.010961754857920614,0.005510052700797047
2822.0,112.88,2.0,-25.697800512062788,-17.506980939235483,-25.697800512062788,-17.506980939235483,4.161208358495818,0.010961754857920614,0.005510052700797047
2823.0,112.92,2.0,-25.767192010209065,-17.393447368968246,-25.767192010209065,-17.393447368968246,4.166499428804765,0.010961754857920614,0.005510052700797047
2824.0,112.96000000000001,2.0,-25.83598159058954,-17.27954843901694,-25.83598159058954,-17.27954843901694,4.171790499113712,0.010961754857920614,0.005510052700797047
2825.0,113.0,2.0,-25.904167326268947,-17.16528734606189,-25.904167326268947,-17.16528734606189,4.1770815694226595,0.010961754857920614,0.005510052700797047
2826.0,113.04,2.0,-25.971747307318186,-17.05066729696331,-25.971747307318186,-17.05066729696331,4.1823726397316054,0.010961754857920614,0.005510052700797047
2827.0,113.08,2.0,-26.03871964086816,-16.935691508670654,-26.03871964086816,-16.935691508670654,4.187663710040552,0.010961754857920614,0.005510052700797047
2828.0,113.12,2.0,-26.105082451163177,-16.820363208131724,-26.105082451163177,-16.820363208131724,4.1929547803495,0.010961754857920614,0.005510052700797047
2829.0,113.16,2.0,-26.169514196564233,-16.707527455086545,-26.169514196564233,-16.707527455086545,4.1985674484660125,0.04334394973188647,0.0023833923041089618
2830.0,113.2,2.0,-26.234912602911947,-16.592368210185263,-26.234912602911947,-16.592368210185263,4.2040545518731784,0.04694038065366098,0.0009339282908946963
2831.0,113.24000000000001,2.0,-26.299478909598747,-16.476799740201685,-26.299478909598747,-16.476799740201685,4.2092390354083875,0.05095867281328781,4.832360759477912e-05
2832.0,113.28,2.0,-26.362958140836884,-16.361942450974958,-26.362958140836884,-16.361942450974958,4.214194318728903,0.04603185647217893,-0.0008986048949287345
2833.0,113.32000000000001,2.0,-26.426445352119508,-16.246749281782435,-26.426445352119508,-16.246749281782435,4.218871514402025,0.0373528356702296,-0.001625266276420219
2834.0,113.36,2.0,-26.489116256956258,-16.130976868758676,-26.489116256956258,-16.130976868758676,4.2232671708262846,0.02627621127903642,-0.0016292402421447098
2835.0,113.4,2.0,-26.551182060950197,-16.015393553077537,-26.551182060950197,-16.015393553077537,4.2273959193939445,0.009291325258836691,-0.0016562101402241881
2836.0,113.44,2.0,-26.612741715595043,-15.898287394344354,-26.612741715595043,-15.898287394344354,4.231268585969507,-0.02288423518597795,-0.0017444533588883968
2837.0,113.48,2.0,-26.67324792012109,-15.781318115211965,-26.67324792012109,-15.781318115211965,4.234875623038471,-0.051526910683298566,-0.001947770512993224
2838.0,113.52,1.0,-26.732613644618944,-15.666364445821813,-26.732613644618944,-15.666364445821813,4.238227970071616,-0.07666797541506234,-0.0024910746473337216
2839.0,113.56,1.0,-26.79176410810747,-15.550728589248672,-26.79176410810747,-15.550728589248672,4.241339222131951,-0.11353752838787026,-0.0030559340297904285
2840.0,113.60000000000001,0.0,-26.85830100384398,-15.432432573437808,-26.85830100384398,-15.432432573437808,4.246285011826811,-0.1349146103439145,-0.008962954796043232
2841.0,113.64,1.0,-26.923710509481662,-15.314994512511376,-26.923710509481662,-15.314994512511376,4.251204821762665,-0.15629169229995876,-0.014869975562296033
2842.0,113.68,1.0,-26.98799603130896,-15.198420641877988,-26.98799603130896,-15.198420641877988,4.256098651939512,-0.17766877425600303,-0.020776996328548836
2843.0,113.72,0.0,-27.051160968564055,-15.082717283061195,-27.051160968564055,-15.082717283061195,4.260966502357353,-0.19904585621204726,-0.026684017094801636
2844.0,113.76,1.0,-27.113208714884024,-14.967890844113038,-27.113208714884024,-14.967890844113038,4.265808373016187,-0.2204229381680915,-0.032591037861054446
2845.0,113.8,1.0,-27.17414265975965,-14.853947820010712,-27.17414265975965,-14.853947820010712,4.270624263916014,-0.24180002012413576,-0.03849805862730724
2846.0,113.84,1.0,-27.233966189995698,-14.740894793036205,-27.233966189995698,-14.740894793036205,4.275414175056836,-0.26317710208018,-0.044405079393560046
2847.0,113.88,0.0,-27.29268269117646,-14.628738433138931,-27.29268269117646,-14.628738433138931,4.28017810643865,-0.2845541840362243,-0.05031210015981284
2848.0,113.92,1.0,-27.36018296964811,-14.506484245140621,-27.36018296964811,-14.506484245140621,4.284356030915561,-0.28106692464529426,-0.05622773796774335
2849.0,113.96000000000001,0.0,-27.429107375671304,-14.378974893393368,-27.429107375671304,-14.378974893393368,4.2876792355827895,-0.3088308693137975,-0.056465789633072104
2850.0,114.0,0.0,-27.495897208278485,-14.253555261122784,-27.495897208278485,-14.253555261122784,4.290999643488855,-0.30780905003010944,-0.05838103768187468
2851.0,114.04,0.0,-27.56253542137664,-14.126269824177646,-27.56253542137664,-14.126269824177646,4.2950549067556505,-0.2947200896446537,-0.05893457246268942
2852.0,114.08,0.0,-27.62680563703007,-13.996867877954397,-27.62680563703007,-13.996867877954397,4.299172388762067,-0.27066183487383866,-0.058923523623971116
2853.0,114.12,0.0,-27.69095096616572,-13.864738455294972,-27.69095096616572,-13.864738455294972,4.303245973339033,-0.23935148414866853,-0.05703010563927974
2854.0,114.16,0.0,-27.754953654325554,-13.732622695095918,-27.754953654325554,-13.732622695095918,4.307464825277068,-0.20564352983425457,-0.055859375070355356
2855.0,114.2,0.0,-27.81750335820279,-13.59933907396599,-27.81750335820279,-13.59933907396599,4.312607731313479,-0.1710752154724421,-0.052813461026558796
2856.0,114.24000000000001,0.0,-27.879786980508147,-13.466581063732864,-27.879786980508147,-13.466581063732864,4.31805777591468,-0.12353793585830126,-0.04861458239236664
2857.0,114.28,1.0,-27.941851891657375,-13.332760604593124,-27.941851891657375,-13.332760604593124,4.323664141474052,-0.07965694478136018,-0.043152843968556676
2858.0,114.32000000000001,0.0,-28.003200799850127,-13.19787997301064,-28.003200799850127,-13.19787997301064,4.329692384492942,-0.03864211607936485,-0.03601721798690485
2859.0,114.36,0.0,-28.062974244465245,-13.062781849846349,-28.062974244465245,-13.062781849846349,4.3359411428886,0.013222307516384979,-0.02869622564749467
2860.0,114.4,1.0,-28.113217543227098,-12.929851851701574,-28.113217543227098,-12.929851851701574,4.340208536412763,0.048806065669493616,-0.015525767776565922
2861.0,114.44,1.0,-28.163890603144853,-12.793987989654411,-28.163890603144853,-12.793987989654411,4.344579685693742,0.07925897878818422,-0.002223892479739878
2862.0,114.48,0.0,-28.215210317129692,-12.6563639438474,-28.215210317129692,-12.6563639438474,4.349134501919682,0.09523788394715532,0.011549876667703619
2863.0,114.52,0.0,-28.26652968233281,-12.517364218723657,-28.26652968233281,-12.517364218723657,4.353632125598333,0.11121678910612642,0.025323645815147112
2864.0,114.56,1.0,-28.31785426685452,-12.37699265232968,-28.31785426685452,-12.37699265232968,4.358072556729695,0.12719569426509755,0.0390974149625906
2865.0,114.60000000000001,1.0,-28.36953200048964,-12.234332839809394,-28.36953200048964,-12.234332839809394,4.361807231346352,0.13668038761218937,0.052022703742795176
2866.0,114.64,0.0,-28.422200172326704,-12.093191843836934,-28.422200172326704,-12.093191843836934,4.365219710582048,0.14450714896019518,0.06473759610585512
2867.0,114.68,1.0,-28.474294914595145,-11.949794228583759,-28.474294914595145,-11.949794228583759,4.368417221436191,0.15496048287231146,0.07668106599433758
2868.0,114.72,0.0,-28.516514678534794,-11.817320233736249,-28.516514678534794,-11.817320233736249,4.37218189158531,0.13807152450454208,0.08852793126613559
2869.0,114.76,1.0,-28.558601321207988,-11.686916352728351,-28.558601321207988,-11.686916352728351,4.375925845588241,0.12069583222105033,0.0973544238331371
2870.0,114.8,1.0,-28.598671591423646,-11.557145513825835,-28.598671591423646,-11.557145513825835,4.379713665550442,0.09345227371892438,0.10576247384483302
2871.0,114.84,0.0,-28.63835348432453,-11.428627869142826,-28.63835348432453,-11.428627869142826,4.3829184684353235,0.05371971287717851,0.11224495125862677
2872.0,114.88,0.0,-28.680404052082842,-11.29803503138439,-28.680404052082842,-11.29803503138439,4.385550798846969,0.013318958049978135,0.11723650483537144
2873.0,114.92,0.0,-28.723397503496916,-11.17013511076927,-28.723397503496916,-11.17013511076927,4.387341069085993,-0.015150529311143857,0.11190436623720908
2874.0,114.96000000000001,1.0,-28.76599839197501,-11.042407240068767,-28.76599839197501,-11.042407240068767,4.3894061652991105,-0.04362001667226585,0.10657222763904672
2875.0,115.0,1.0,-28.80928647517815,-10.915265259893422,-28.80928647517815,-10.915265259893422,4.390952669356752,-0.06704160245177981,0.09938790149836718
2876.0,115.04,1.0,-28.851956449438184,-10.78872859975899,-28.851956449438184,-10.78872859975899,4.392586670928003,-0.08824147905900721,0.09111188408787677
2877.0,115.08,0.0,-28.894488730097663,-10.662726861497664,-28.894488730097663,-10.662726861497664,4.39446853513398,-0.10931795207652888,0.08168808082320916
2878.0,115.12,1.0,-28.93744806219571,-10.535380608049682,-28.93744806219571,-10.535380608049682,4.396321766002559,-0.1310298734846616,0.07093037698093536
2879.0,115.16,0.0,-28.980749052908,-10.40854683097364,-28.980749052908,-10.40854683097364,4.398334130553481,-0.15186290154550472,0.06000886202901943
2880.0,115.2,0.0,-29.024725002987356,-10.28182006820436,-29.024725002987356,-10.28182006820436,4.400631876427674,-0.17190773518047034,0.04858004292938102
2881.0,115.24000000000001,1.0,-29.067910089598037,-10.156786685001823,-29.067910089598037,-10.156786685001823,4.402990400390358,-0.18682172378101786,0.03701980640384531
2882.0,115.28,0.0,-29.110064229402894,-10.032269565198884,-29.110064229402894,-10.032269565198884,4.405329791253386,-0.18726170442184595,0.024987676027692148
2883.0,115.32000000000001,0.0,-29.151811199867332,-9.907880992034631,-29.151811199867332,-9.907880992034631,4.407890908509012,-0.18770168506267398,0.012955545651538985
2884.0,115.36,0.0,-29.193122175069362,-9.783614139288925,-29.193122175069362,-9.783614139288925,4.410673752157234,-0.18814166570350208,0.0009234152753858263
2885.0,115.4,0.0,-29.233625937479143,-9.660382648195366,-29.233625937479143,-9.660382648195366,4.414326886165469,-0.18208743453245085,-0.010260234733528398
2886.0,115.44,0.0,-29.277359415053382,-9.529602194894297,-29.277359415053382,-9.529602194894297,4.416167468854032,-0.15232889748927966,-0.024722639472202164
2887.0,115.48,0.0,-29.32100065818875,-9.402391830365167,-29.32100065818875,-9.402391830365167,4.4143110318420025,-0.1428853023869782,-0.03572859123368082
2888.0,115.52,0.0,-29.36545251419338,-9.272741268187126,-29.36545251419338,-9.272741268187126,4.412365029260224,-0.13096375635176538,-0.046629321336797314
2889.0,115.56,0.0,-29.40966036228561,-9.14182635489948,-29.40966036228561,-9.14182635489948,4.4108644516470665,-0.11968646721536272,-0.05706060448103099
2890.0,115.60000000000001,0.0,-29.456174506705377,-9.00856540535498,-29.456174506705377,-9.00856540535498,4.40933995636547,-0.09854131186032589,-0.06707344506995908
2891.0,115.64,0.0,-29.503188870344495,-8.874389634665807,-29.503188870344495,-8.874389634665807,4.407857829492739,-0.07739615650528905,-0.07708628565888717
2892.0,115.68,0.0,-29.548788319778566,-8.742187676971913,-29.548788319778566,-8.742187676971913,4.4093105373204065,-0.054562823356787624,-0.07849629000373322
2893.0,115.72,0.0,-29.592378170478185,-8.608217512924332,-29.592378170478185,-8.608217512924332,4.4121234841061545,-0.04716064916787921,-0.07168523844067734
2894.0,115.76,0.0,-29.636093476935695,-8.472500528913411,-29.636093476935695,-8.472500528913411,4.414994070514215,-0.039758474978970795,-0.06487418687762146
2895.0,115.8,1.0,-29.67989237568087,-8.335119704390477,-29.67989237568087,-8.335119704390477,4.417766750958379,-0.034527045897220866,-0.0619517749697987
2896.0,115.84,0.0,-29.723777223880575,-8.196078896649837,-29.723777223880575,-8.196078896649837,4.420441525438646,-0.029295616815470937,-0.05902936306197595
2897.0,115.88,0.0,-29.76775045645469,-8.0553817920082,-29.76775045645469,-8.0553817920082,4.423018393955017,-0.02406418773372101,-0.05610695115415319
2898.0,115.92,0.0,-29.8118145831795,-7.913031904698253,-29.8118145831795,-7.913031904698253,4.425497356507492,-0.018832758651971083,-0.053184539246330445
2899.0,115.96000000000001,0.0,-29.855972185777148,-7.769032575801241,-29.855972185777148,-7.769032575801241,4.427878413096069,-0.013601329570221154,-0.05026212733850769
2900.0,116.0,0.0,-29.900225914991694,-7.623386972218785,-29.900225914991694,-7.623386972218785,4.430161563720751,-0.008369900488471227,-0.04733971543068494
2901.0,116.04,1.0,-29.944578487652233,-7.47609808568409,-29.944578487652233,-7.47609808568409,4.432346808381537,-0.0031384714067212993,-0.04441730352286218
2902.0,116.08,0.0,-29.9890326837235,-7.327168731812672,-29.9890326837235,-7.327168731812672,4.4344341470784245,0.0020929576750286284,-0.04149489161503943
2903.0,116.12,0.0,-30.03359134334456,-7.176601549192765,-30.03359134334456,-7.176601549192765,4.436423579811416,0.007324386756778556,-0.03857247970721668
2904.0,116.16,2.0,-30.078257363855954,-7.024398998515561,-30.078257363855954,-7.024398998515561,4.438315106580512,0.012555815838528484,-0.03565006779939393
2905.0,116.2,2.0,-30.123033696815888,-6.870563361745404,-30.123033696815888,-6.870563361745404,4.440108727385711,0.01778724492027841,-0.032727655891571165
2906.0,116.24000000000001,2.0,-30.16322581284266,-6.719871463820935,-30.16322581284266,-6.719871463820935,4.444103722772952,0.0009723001289944078,-0.026316092836844263
2907.0,116.28,2.0,-30.2036992403451,-6.564979298352265,-30.2036992403451,-6.564979298352265,4.452077334123748,0.0018457247144696431,-0.022589560284734973
2908.0,116.32000000000001,2.0,-30.2429449941961,-6.409717818589892,-30.2429449941961,-6.409717818589892,4.460200006776628,0.0027191492999448785,-0.018863027732625694
2909.0,116.36,2.0,-30.280938314815888,-6.254086741233182,-30.280938314815888,-6.254086741233182,4.468471740731593,0.003592573885420114,-0.015136495180516404
2910.0,116.4,2.0,-30.317654451965915,-6.09808590237769,-30.317654451965915,-6.09808590237769,4.476892535988641,0.004465998470895349,-0.011409962628407117
2911.0,116.44,2.0,-30.353068665405697,-5.941715257427814,-30.353068665405697,-5.941715257427814,4.485462392547775,0.005339423056370585,-0.0076834300762978315
2912.0,116.48,2.0,-30.38879180566331,-5.7845550655504265,-30.38879180566331,-5.7845550655504265,4.491877516477222,0.003168677949212095,-0.011572069731530962
2913.0,116.52,2.0,-30.423487643109485,-5.627247612821335,-30.423487643109485,-5.627247612821335,4.49813709482046,0.000997932842053606,-0.01546070938676409
2914.0,116.56,2.0,-30.457180118406825,-5.469805095745636,-30.457180118406825,-5.469805095745636,4.5042411275774885,-0.0011728122651049055,-0.019349349041997213
2915.0,116.60000000000001,2.0,-30.489912030285392,-5.312154508617697,-30.489912030285392,-5.312154508617697,4.510345160334517,-0.0011728122651049055,-0.019349349041997213
2916.0,116.64,2.0,-30.52168207490799,-5.154301806574696,-30.52168207490799,-5.154301806574696,4.516449193091547,-0.0011728122651049055,-0.019349349041997213
2917.0,116.68,2.0,-30.55248898592675,-4.996252953032824,-30.55248898592675,-4.996252953032824,4.522553225848575,-0.0011728122651049055,-0.019349349041997213
2918.0,116.72,2.0,-30.582331534536404,-4.838013919447894,-30.582331534536404,-4.838013919447894,4.5286572586056035,-0.0011728122651049055,-0.019349349041997213
2919.0,116.76,2.0,-30.61120852952584,-4.679590685075618,-30.61120852952584,-4.679590685075618,4.534761291362633,-0.0011728122651049055,-0.019349349041997213
2920.0,116.8,2.0,-30.639118817328256,-4.520989236731549,-30.639118817328256,-4.520989236731549,4.540865324119661,-0.0011728122651049055,-0.019349349041997213
2921.0,116.84,2.0,-30.66606128206964,-4.362215568550697,-30.66606128206964,-4.362215568550697,4.54696935687669,-0.0011728122651049055,-0.019349349041997213
2922.0,116.88,2.0,-30.6920348456158,-4.203275681746828,-30.6920348456158,-4.203275681746828,4.5530733896337185,-0.0011728122651049055,-0.019349349041997213
2923.0,116.92,2.0,-30.717038467617744,-4.04417558437146,-30.717038467617744,-4.04417558437146,4.559177422390748,-0.0011728122651049055,-0.019349349041997213
2924.0,116.96000000000001,2.0,-30.74107114555556,-3.8849212910725632,-30.74107114555556,-3.8849212910725632,4.565281455147776,-0.0011728122651049055,-0.019349349041997213
2925.0,117.0,2.0,-30.764131914780734,-3.725518822852984,-30.764131914780734,-3.725518822852984,4.571385487904805,-0.0011728122651049055,-0.019349349041997213
2926.0,117.04,2.0,-30.786219848556858,-3.5659742068285794,-30.786219848556858,-3.5659742068285794,4.577489520661834,-0.0011728122651049055,-0.019349349041997213
2927.0,117.08,2.0,-30.807334058098842,-3.406293475986107,-30.807334058098842,-3.406293475986107,4.583593553418863,-0.0011728122651049055,-0.019349349041997213
2928.0,117.12,2.0,-30.8274736926105,-3.2464826689408426,-30.8274736926105,-3.2464826689408426,4.589697586175892,-0.0011728122651049055,-0.019349349041997213
2929.0,117.16,2.0,-30.84663793932059,-3.086547829693969,-30.84663793932059,-3.086547829693969,4.595801618932921,-0.0011728122651049055,-0.019349349041997213
2930.0,117.2,2.0,-30.864826023517317,-2.926495007389724,-30.864826023517317,-2.926495007389724,4.601905651689949,-0.0011728122651049055,-0.019349349041997213
2931.0,117.24000000000001,2.0,-30.8820372085812,-2.766330256072328,-30.8820372085812,-2.766330256072328,4.608009684446978,-0.0011728122651049055,-0.019349349041997213
2932.0,117.28,2.0,-30.89827079601642,-2.606059634442702,-30.89827079601642,-2.606059634442702,4.614113717204007,-0.0011728122651049055,-0.019349349041997213
2933.0,117.32000000000001,2.0,-30.913526125480576,-2.445689205614976,-30.913526125480576,-2.445689205614976,4.620217749961036,-0.0011728122651049055,-0.019349349041997213
2934.0,117.36,2.0,-30.92780257481285,-2.2852250368728124,-30.92780257481285,-2.2852250368728124,4.626321782718064,-0.0011728122651049055,-0.019349349041997213
2935.0,117.4,2.0,-30.94109956006066,-2.124673199425547,-30.94109956006066,-2.124673199425547,4.632425815475093,-0.0011728122651049055,-0.019349349041997213
2936.0,117.44,2.0,-30.95341653550462,-1.9640397681641546,-30.95341653550462,-1.9640397681641546,4.638529848232122,-0.0011728122651049055,-0.019349349041997213
2937.0,117.48,2.0,-30.964752993682026,-1.8033308214170574,-30.964752993682026,-1.8033308214170574,4.644633880989151,-0.0011728122651049055,-0.019349349041997213
2938.0,117.52,2.0,-30.97510846540873,-1.642552440705782,-30.97510846540873,-1.642552440705782,4.650737913746179,-0.0011728122651049055,-0.019349349041997213
2939.0,117.56,2.0,-30.98448251979944,-1.4817107105004768,-30.98448251979944,-1.4817107105004768,4.656841946503208,-0.0011728122651049055,-0.019349349041997213
2940.0,117.60000000000001,2.0,-30.99287476428637,-1.3208117179752956,-30.99287476428637,-1.3208117179752956,4.662945979260237,-0.0011728122651049055,-0.019349349041997213
2941.0,117.64,2.0,-31.00028484463644,-1.1598615527636669,-31.00028484463644,-1.1598615527636669,4.669050012017266,-0.0011728122651049055,-0.019349349041997213
2942.0,117.68,2.0,-31.00671244496676,-0.9988663067134513,-31.00671244496676,-0.9988663067134513,4.6751540447742945,-0.0011728122651049055,-0.019349349041997213
2943.0,117.72,2.0,-31.01215728775862,-0.8378320736420003,-31.01215728775862,-0.8378320736420003,4.681258077531323,-0.0011728122651049055,-0.019349349041997213
2944.0,117.76,2.0,-31.016619133869852,-0.6767649490911245,-31.016619133869852,-0.6767649490911245,4.687362110288352,-0.0011728122651049055,-0.019349349041997213
2945.0,117.8,2.0,-31.020097782545633,-0.5156710300819892,-31.020097782545633,-0.5156710300819892,4.69346614304538,-0.0011728122651049055,-0.019349349041997213
2946.0,117.84,2.0,-31.02259307142767,-0.3545564148699354,-31.02259307142767,-0.3545564148699354,4.699570175802409,-0.0011728122651049055,-0.019349349041997213
2947.0,117.88,2.0,-31.024104876561825,-0.1934272026992485,-31.024104876561825,-0.1934272026992485,4.705674208559437,-0.0011728122651049055,-0.019349349041997213
2948.0,117.92,2.0,-31.02463311240416,-0.0322894935578776,-31.02463311240416,-0.0322894935578776,4.711778241316467,-0.0011728122651049055,-0.019349349041997213
2949.0,117.96000000000001,2.0,-31.024177731825354,0.12885061206788184,-31.024177731825354,0.12885061206788184,4.717882274073495,-0.0011728122651049055,-0.019349349041997213
2950.0,118.0,2.0,-31.022738726113595,0.28998701343873073,-31.022738726113595,0.28998701343873073,4.723986306830524,-0.0011728122651049055,-0.019349349041997213
2951.0,118.04,2.0,-31.020316124975825,0.45111360980772586,-31.020316124975825,0.45111360980772586,4.730090339587553,-0.0011728122651049055,-0.019349349041997213
2952.0,118.08,2.0,-31.016909996537436,0.6122243006656445,-31.016909996537436,0.6122243006656445,4.736194372344581,-0.0011728122651049055,-0.019349349041997213
2953.0,118.12,2.0,-31.012520447340375,0.7733129859863442,-31.012520447340375,0.7733129859863442,4.74229840510161,-0.0011728122651049055,-0.019349349041997213
2954.0,118.16,2.0,-31.007147622339623,0.934373566472108,-31.007147622339623,0.934373566472108,4.748402437858639,-0.0011728122651049055,-0.019349349041997213
2955.0,118.2,2.0,-31.000791704898184,1.0953999437989632,-31.000791704898184,1.0953999437989632,4.754506470615668,-0.0011728122651049055,-0.019349349041997213
2956.0,118.24000000000001,2.0,-30.99345291678033,1.2563860208619644,-30.99345291678033,1.2563860208619644,4.760610503372696,-0.0011728122651049055,-0.019349349041997213
2957.0,118.28,2.0,-30.985131518143437,1.4173257020204304,-30.985131518143437,1.4173257020204304,4.766714536129725,-0.0011728122651049055,-0.019349349041997213
2958.0,118.32000000000001,2.0,-30.975827807528113,1.578212893343125,-30.975827807528113,1.578212893343125,4.772818568886754,-0.0011728122651049055,-0.019349349041997213
2959.0,118.36,2.0,-30.96554212184676,1.7390415028533692,-30.96554212184676,1.7390415028533692,4.778922601643783,-0.0011728122651049055,-0.019349349041997213
2960.0,118.4,2.0,-30.954274836370605,1.899805440774077,-30.954274836370605,1.899805440774077,4.785026634400812,-0.0011728122651049055,-0.019349349041997213
2961.0,118.44,2.0,-30.942026364715083,2.060498619772704,-30.942026364715083,2.060498619772704,4.791130667157841,-0.0011728122651049055,-0.019349349041997213
2962.0,118.48,2.0,-30.928797158823677,2.221114955206097,-30.928797158823677,2.221114955206097,4.797234699914869,-0.0011728122651049055,-0.019349349041997213
2963.0,118.52,2.0,-30.914587708950155,2.3816483653652325,-30.914587708950155,2.3816483653652325,4.803338732671898,-0.0011728122651049055,-0.019349349041997213
2964.0,118.56,2.0,-30.899398543639215,2.542092771719842,-30.899398543639215,2.542092771719842,4.809442765428927,-0.0011728122651049055,-0.019349349041997213
2965.0,118.60000000000001,2.0,-30.8832302297056,2.702442099162905,-30.8832302297056,2.702442099162905,4.815546798185956,-0.0011728122651049055,-0.019349349041997213
2966.0,118.64,2.0,-30.866083372211552,2.862690276255,-30.866083372211552,2.862690276255,4.821650830942984,-0.0011728122651049055,-0.019349349041997213
2967.0,118.68,2.0,-30.847958614442753,3.0228312354685096,-30.847958614442753,3.0228312354685096,4.827754863700013,-0.0011728122651049055,-0.019349349041997213
2968.0,118.72,2.0,-30.828856637882655,3.182858913431663,-30.828856637882655,3.182858913431663,4.833858896457042,-0.0011728122651049055,-0.019349349041997213
2969.0,118.76,2.0,-30.808778162185252,3.3427672511724102,-30.808778162185252,3.3427672511724102,4.839962929214071,-0.0011728122651049055,-0.019349349041997213
2970.0,118.8,2.0,-30.78772394514623,3.502550194362114,-30.78772394514623,3.502550194362114,4.846066961971099,-0.0011728122651049055,-0.019349349041997213
2971.0,118.84,2.0,-30.765694782672618,3.6622016935590445,-30.765694782672618,3.6622016935590445,4.852170994728128,-0.0011728122651049055,-0.019349349041997213
2972.0,118.88,2.0,-30.742691508750795,3.8217157044516865,-30.742691508750795,3.8217157044516865,4.858275027485157,-0.0011728122651049055,-0.019349349041997213
2973.0,118.92,2.0,-30.718714995412938,3.9810861881018256,-30.718714995412938,3.9810861881018256,4.864379060242186,-0.0011728122651049055,-0.019349349041997213
2974.0,118.96000000000001,2.0,-30.69376615270196,4.140307111187406,-30.69376615270196,4.140307111187406,4.870483092999215,-0.0011728122651049055,-0.019349349041997213
2975.0,119.0,2.0,-30.66784592863475,4.299372446245171,-30.66784592863475,4.299372446245171,4.876587125756243,-0.0011728122651049055,-0.019349349041997213
2976.0,119.04,2.0,-30.640955309164006,4.4582761719130515,-30.640955309164006,4.4582761719130515,4.882691158513272,-0.0011728122651049055,-0.019349349041997213
2977.0,119.08,2.0,-30.61309531813838,4.6170122731723025,-30.61309531813838,4.6170122731723025,4.8887951912703,-0.0011728122651049055,-0.019349349041997213
2978.0,119.12,2.0,-30.584267017261062,4.775574741589378,-30.584267017261062,4.775574741589378,4.894899224027329,-0.0011728122651049055,-0.019349349041997213
2979.0,119.16,2.0,-30.5544715060469,4.933957575557531,-30.5544715060469,4.933957575557531,4.9010032567843576,-0.0011728122651049055,-0.019349349041997213
2980.0,119.2,2.0,-30.52370992177785,5.092154780538133,-30.52370992177785,5.092154780538133,4.907107289541387,-0.0011728122651049055,-0.019349349041997213
2981.0,119.24000000000001,2.0,-30.491983439456924,5.250160369301692,-30.491983439456924,5.250160369301692,4.913211322298415,-0.0011728122651049055,-0.019349349041997213
2982.0,119.28,2.0,-30.459293271760565,5.407968362168585,-30.459293271760565,5.407968362168585,4.919315355055444,-0.0011728122651049055,-0.019349349041997213
2983.0,119.32000000000001,2.0,-30.425640668989463,5.56557278724945,-30.425640668989463,5.56557278724945,4.9254193878124735,-0.0011728122651049055,-0.019349349041997213
2984.0,119.36,2.0,-30.391026919017822,5.722967680685273,-30.391026919017822,5.722967680685273,4.931523420569501,-0.0011728122651049055,-0.019349349041997213
2985.0,119.4,2.0,-30.355453347241063,5.8801470868871375,-30.355453347241063,5.8801470868871375,4.93762745332653,-0.0011728122651049055,-0.019349349041997213
2986.0,119.44,2.0,-30.318921316522022,6.037105058775621,-30.318921316522022,6.037105058775621,4.943731486083559,-0.0011728122651049055,-0.019349349041997213
2987.0,119.48,2.0,-30.281432227135546,6.193835658019848,-30.281432227135546,6.193835658019848,4.9498355188405885,-0.0011728122651049055,-0.019349349041997213
2988.0,119.52,2.0,-30.24298751671156,6.350332955276172,-30.24298751671156,6.350332955276172,4.955939551597616,-0.0011728122651049055,-0.019349349041997213
2989.0,119.56,2.0,-30.203588660176603,6.506591030426478,-30.203588660176603,6.506591030426478,4.962043584354645,-0.0011728122651049055,-0.019349349041997213
2990.0,119.60000000000001,2.0,-30.163237169693843,6.66260397281611,-30.163237169693843,6.66260397281611,4.968147617111674,-0.0011728122651049055,-0.019349349041997213
2991.0,119.64,2.0,-30.121934594601505,6.818365881491407,-30.121934594601505,6.818365881491407,4.9742516498687035,-0.0011728122651049055,-0.019349349041997213
2992.0,119.68,2.0,-30.07968252134981,6.973870865436806,-30.07968252134981,6.973870865436806,4.980355682625732,-0.0011728122651049055,-0.019349349041997213
2993.0,119.72,2.0,-30.036482573436338,7.129113043811567,-30.036482573436338,7.129113043811567,4.986459715382761,-0.0011728122651049055,-0.019349349041997213
2994.0,119.76,2.0,-29.99233641133992,7.2840865461860504,-29.99233641133992,7.2840865461860504,4.992563748139789,-0.0011728122651049055,-0.019349349041997213
2995.0,119.8,2.0,-29.947245732452963,7.438785512777562,-29.947245732452963,7.438785512777562,4.9986677808968185,-0.0011728122651049055,-0.019349349041997213
2996.0,119.84,2.0,-29.90121227101224,7.59320409468576,-29.90121227101224,7.59320409468576,5.004771813653847,-0.0011728122651049055,-0.019349349041997213
2997.0,119.88,2.0,-29.85423779802819,7.747336454127597,-29.85423779802819,7.747336454127597,5.010875846410876,-0.0011728122651049055,-0.019349349041997213
2998.0,119.92,2.0,-29.806324121212725,7.901176764671808,-29.806324121212725,7.901176764671808,5.016979879167904,-0.0011728122651049055,-0.019349349041997213
2999.0,119.96000000000001,2.0,-29.757473084905435,8.054719211472918,-29.757473084905435,8.054719211472918,5.0230839119249335,-0.0011728122651049055,-0.019349349041997213
3000.0,120.0,2.0,-29.707686569998362,8.207957991504756,-29.707686569998362,8.207957991504756,5.029187944681962,-0.0011728122651049055,-0.019349349041997213
3001.0,120.04,2.0,-29.65696649385925,8.360887313793498,-29.65696649385925,8.360887313793498,5.035291977438991,-0.0011728122651049055,-0.019349349041997213
3002.0,120.08,2.0,-29.605314810253255,8.513501399650178,-29.605314810253255,8.513501399650178,5.041396010196019,-0.0011728122651049055,-0.019349349041997213
3003.0,120.12,2.0,-29.55273350926319,8.665794482902708,-29.55273350926319,8.665794482902708,5.0475000429530485,-0.0011728122651049055,-0.019349349041997213
3004.0,120.16,2.0,-29.49922461720829,8.81776081012735,-29.49922461720829,8.81776081012735,5.053604075710077,-0.0011728122651049055,-0.019349349041997213
3005.0,120.2,2.0,-29.4447901965614,8.969394640879688,-29.4447901965614,8.969394640879688,5.059708108467106,-0.0011728122651049055,-0.019349349041997213
3006.0,120.24000000000001,2.0,-29.389432345864765,9.120690247925015,-29.389432345864765,9.120690247925015,5.065812141224135,-0.0011728122651049055,-0.019349349041997213
3007.0,120.28,2.0,-29.333153199644265,9.271641917468202,-29.333153199644265,9.271641917468202,5.071916173981164,-0.0011728122651049055,-0.019349349041997213
3008.0,120.32000000000001,2.0,-29.275954928322243,9.422243949382986,-29.275954928322243,9.422243949382986,5.078020206738192,-0.0011728122651049055,-0.019349349041997213
3009.0,120.36,2.0,-29.217839738128752,9.572490657440687,-29.217839738128752,9.572490657440687,5.08412423949522,-0.0011728122651049055,-0.019349349041997213
3010.0,120.4,2.0,-29.15880987101142,9.722376369538347,-29.15880987101142,9.722376369538347,5.090228272252249,-0.0011728122651049055,-0.019349349041997213
3011.0,120.44,2.0,-29.0970121229124,9.873279125602306,-29.0970121229124,9.873279125602306,5.096414374974776,-0.01710565738247698,-0.017106561194592203
3012.0,120.48,2.0,-29.035918014175042,10.02292642302913,-29.035918014175042,10.02292642302913,5.102413972135759,-0.03099493537553575,-0.01449567129342764
3013.0,120.52,2.0,-28.97368793141164,10.172703593492184,-28.97368793141164,10.172703593492184,5.108309133700693,-0.044884213368594515,-0.011884781392263077
3014.0,120.56,2.0,-28.897773100886305,10.34104562504751,-28.897773100886305,10.34104562504751,5.114625231277158,-0.010463223939578437,-0.0012508885938838435
3015.0,120.60000000000001,2.0,-28.821641427401527,10.507804474308335,-28.821641427401527,10.507804474308335,5.120515973141687,0.023957765489437642,0.00938300420449539
3016.0,120.64,2.0,-28.745343328188955,10.6730007685082,-28.745343328188955,10.6730007685082,5.125981359294281,0.05837875491845372,0.020016897002874623
3017.0,120.68,2.0,-28.668929289625016,10.836655075674505,-28.668929289625016,10.836655075674505,5.131021389734939,0.0927997443474698,0.03065078980125386
3018.0,120.72,2.0,-28.592449863535666,10.998787902924379,-28.592449863535666,10.998787902924379,5.135636064463664,0.12722073377648588,0.04128468259963309
3019.0,120.76,2.0,-28.515955663491326,11.159419694776902,-28.515955663491326,11.159419694776902,5.139825383480452,0.16164172320550196,0.051918575398012326
3020.0,120.8,2.0,-28.439497361092293,11.31857083148195,-28.439497361092293,11.31857083148195,5.143589346785305,0.19606271263451805,0.06255246819639156
3021.0,120.84,2.0,-28.363125682245,11.476261627365702,-28.363125682245,11.476261627365702,5.1469279543782225,0.23048370206353413,0.0731863609947708
3022.0,120.88,2.0,-28.286891403429344,11.63251232919304,-28.286891403429344,11.63251232919304,5.149841206259206,0.26490469149255025,0.08382025379315003
3023.0,120.92,2.0,-28.210845347957466,11.787343114546916,-28.210845347957466,11.787343114546916,5.152329102428253,0.2993256809215663,0.09445414659152926
3024.0,120.96000000000001,2.0,-28.135038382224327,11.940774090224883,-28.135038382224327,11.940774090224883,5.154391642885367,0.33374667035058236,0.10508803938990849
3025.0,121.0,2.0,-28.06136909410541,12.089260249162528,-28.06136909410541,12.089260249162528,5.155997670331167,0.37091380589625356,0.11952616502098372
3026.0,121.04,2.0,-27.986917160337555,12.23743202834277,-27.986917160337555,12.23743202834277,5.157834816355098,0.3941776914269595,0.13231850167192596
3027.0,121.08,2.0,-27.912516607109705,12.384841485619738,-27.912516607109705,12.384841485619738,5.15946460753961,0.4174415769576654,0.14511083832286817
3028.0,121.12,2.0,-27.83928882212002,12.52970498696899,-27.83928882212002,12.52970498696899,5.1599873674440815,0.4492949239936581,0.15564492506715016
3029.0,121.16,2.0,-27.766228601772447,12.674222373610284,-27.766228601772447,12.674222373610284,5.160685822237779,0.46810618818207705,0.16493491043886568
3030.0,121.2,2.0,-27.693016528471013,12.818836249098798,-27.693016528471013,12.818836249098798,5.161136356250691,0.4869174523704959,0.17422489581058118
3031.0,121.24000000000001,2.0,-27.62154069368363,12.962175344594367,-27.62154069368363,12.962175344594367,5.161256899517319,0.521661561676287,0.18127209333489164
3032.0,121.28,2.0,-27.550689441444906,13.104181996609176,-27.550689441444906,13.104181996609176,5.159889377307197,0.5422579581250683,0.184454918440405
3033.0,121.32000000000001,2.0,-27.481850363105785,13.244189712362896,-27.481850363105785,13.244189712362896,5.158454113418568,0.547223477207964,0.1849981380871028
3034.0,121.36,1.0,-27.42594994078049,13.36565207154329,-27.42594994078049,13.36565207154329,5.156315726141377,0.5038787288687848,0.17751835483658596
3035.0,121.4,0.0,-27.369372291533956,13.489121988397153,-27.369372291533956,13.489121988397153,5.1544166652724135,0.47140044824230226,0.17244252341930943
3036.0,121.44,0.0,-27.31374465656075,13.610539710093226,-27.31374465656075,13.610539710093226,5.1544729377431775,0.43599824028667794,0.16265537513149347
3037.0,121.48,1.0,-27.25703882994913,13.733907006642713,-27.25703882994913,13.733907006642713,5.154956989296993,0.40059603233105373,0.1528682268436775
3038.0,121.52,0.0,-27.19920134429082,13.859196043780997,-27.19920134429082,13.859196043780997,5.1558688199338585,0.36519382437542947,0.14308107855586155
3039.0,121.56,0.0,-27.140178713726822,13.986379033851033,-27.140178713726822,13.986379033851033,5.157208429653777,0.3297916164198052,0.13329393026804556
3040.0,121.60000000000001,0.0,-27.07991743772172,14.115428237719556,-27.07991743772172,14.115428237719556,5.158975818456748,0.29438940846418093,0.12350678198022962
3041.0,121.64,1.0,-27.01836400484587,14.246315966676544,-27.01836400484587,14.246315966676544,5.1611709863427695,0.25898720050855667,0.11371963369241364
3042.0,121.68,0.0,-26.955464896565275,14.379014584317826,-26.955464896565275,14.379014584317826,5.163793933311843,0.22358499255293243,0.10393248540459768
3043.0,121.72,0.0,-26.891166591038576,14.513496508410572,-26.891166591038576,14.513496508410572,5.166844659363969,0.18818278459730817,0.09414533711678172
3044.0,121.76,2.0,-26.825415566921066,14.649734212741668,-26.825415566921066,14.649734212741668,5.170323164499146,0.15278057664168393,0.08435818882896574
3045.0,121.8,2.0,-26.756310625020213,14.791265270439084,-26.756310625020213,14.791265270439084,5.174260606016753,0.11463222256940457,0.07076680770845378
3046.0,121.84,2.0,-26.68676952096677,14.933451796307292,-26.68676952096677,14.933451796307292,5.177969352327343,0.09038711851209047,0.05882121556807481
3047.0,121.88,2.0,-26.61595570467474,15.076734270248114,-26.61595570467474,15.076734270248114,5.181887876848472,0.06614201445477637,0.046875623427695856
3048.0,121.92,2.0,-26.542745308333576,15.22288885025504,-26.542745308333576,15.22288885025504,5.186915856020756,0.03330744889217552,0.03718828119397712
3049.0,121.96000000000001,2.0,-26.468141099259746,15.369708205535039,-26.468141099259746,15.369708205535039,5.191770563674931,0.013514966177148424,0.028745040332824896
3050.0,122.0,2.0,-26.392460102649256,15.51674222966171,-26.392460102649256,15.51674222966171,5.196875615481009,-0.006277516537878669,0.02030179947167267
3051.0,122.04,2.0,-26.315667360190766,15.663970977874376,-26.315667360190766,15.663970977874376,5.202231011438989,-0.026069999252905762,0.011858558610520441
3052.0,122.08,2.0,-26.23540301610729,15.813711444360655,-26.23540301610729,15.813711444360655,5.20926340180638,-0.03375833623523659,0.006911588114405802
3053.0,122.12,2.0,-26.152119180487233,15.96523162056518,-26.152119180487233,15.96523162056518,5.216470392819442,-0.02581579585168168,0.004604223077106694
3054.0,122.16,2.0,-26.067438312400277,16.11662977179288,-26.067438312400277,16.11662977179288,5.2239619945806535,-0.01787325546812677,0.0022968580398075853
3055.0,122.2,2.0,-25.9815086367664,16.267487863412477,-25.9815086367664,16.267487863412477,5.2316420490166875,-0.020797182797268388,-0.0024144588307318526
3056.0,122.24000000000001,2.0,-25.89265282122646,16.4218318608987,-25.89265282122646,16.4218318608987,5.237794549196048,-0.020797182797268388,-0.0024144588307318526
3057.0,122.28,2.0,-25.802848990600125,16.57562627020563,-25.802848990600125,16.57562627020563,5.243947049375408,-0.020797182797268388,-0.0024144588307318526
3058.0,122.32000000000001,2.0,-25.712100544906207,16.72886526705579,-25.712100544906207,16.72886526705579,5.250099549554768,-0.020797182797268388,-0.0024144588307318526
3059.0,122.36,2.0,-25.620410919954214,16.881543048210364,-25.620410919954214,16.881543048210364,5.256252049734129,-0.020797182797268388,-0.0024144588307318526
3060.0,122.4,2.0,-25.527783587214124,17.03365383168915,-25.527783587214124,17.03365383168915,5.262404549913489,-0.020797182797268388,-0.0024144588307318526
3061.0,122.44,2.0,-25.434222053684834,17.185191856989768,-25.434222053684834,17.185191856989768,5.268557050092849,-0.020797182797268388,-0.0024144588307318526
3062.0,122.48,2.0,-25.339729861761242,17.336151385306017,-25.339729861761242,17.336151385306017,5.27470955027221,-0.020797182797268388,-0.0024144588307318526
3063.0,122.52,2.0,-25.2443105891,17.48652669974542,-25.2443105891,17.48652669974542,5.280862050451569,-0.020797182797268388,-0.0024144588307318526
3064.0,122.56,2.0,-25.14796784848391,17.636312105545944,-25.14796784848391,17.636312105545944,5.28701455063093,-0.020797182797268388,-0.0024144588307318526
3065.0,122.60000000000001,2.0,-25.05070528768502,17.785501930291865,-25.05070528768502,17.785501930291865,5.293167050810291,-0.020797182797268388,-0.0024144588307318526
3066.0,122.64,2.0,-24.95252658932636,17.934090524128813,-24.95252658932636,17.934090524128813,5.299319550989651,-0.020797182797268388,-0.0024144588307318526
3067.0,122.68,2.0,-24.853435470742383,18.08207225997791,-24.853435470742383,18.08207225997791,5.305472051169011,-0.020797182797268388,-0.0024144588307318526
3068.0,122.72,2.0,-24.753435683838056,18.229441533749128,-24.753435683838056,18.229441533749128,5.3116245513483715,-0.020797182797268388,-0.0024144588307318526
3069.0,122.76,2.0,-24.652531014946685,18.376192764553675,-24.652531014946685,18.376192764553675,5.317777051527733,-0.020797182797268388,-0.0024144588307318526
3070.0,122.8,2.0,-24.550725284686408,18.522320394915592,-24.550725284686408,18.522320394915592,5.323929551707092,-0.020797182797268388,-0.0024144588307318526
3071.0,122.84,2.0,-24.44802234781536,18.667818890982396,-24.44802234781536,18.667818890982396,5.3300820518864525,-0.020797182797268388,-0.0024144588307318526
3072.0,122.88,2.0,-24.34442609308561,18.812682742734868,-24.34442609308561,18.812682742734868,5.336234552065813,-0.020797182797268388,-0.0024144588307318526
3073.0,122.92,2.0,-24.239940443095765,18.95690646419591,-24.239940443095765,18.95690646419591,5.342387052245173,-0.020797182797268388,-0.0024144588307318526
3074.0,122.96000000000001,2.0,-24.134569354142265,19.10048459363852,-24.134569354142265,19.10048459363852,5.348539552424533,-0.020797182797268388,-0.0024144588307318526
3075.0,123.0,2.0,-24.028316816069484,19.2434116937928,-24.028316816069484,19.2434116937928,5.354692052603894,-0.020797182797268388,-0.0024144588307318526
3076.0,123.04,2.0,-23.92118685211846,19.38568235205213,-23.92118685211846,19.38568235205213,5.360844552783254,-0.020797182797268388,-0.0024144588307318526
3077.0,123.08,2.0,-23.813183518774437,19.52729118067825,-23.813183518774437,19.52729118067825,5.366997052962614,-0.020797182797268388,-0.0024144588307318526
3078.0,123.12,2.0,-23.704310905613095,19.668232817005578,-23.704310905613095,19.668232817005578,5.373149553141975,-0.020797182797268388,-0.0024144588307318526
3079.0,123.16,2.0,-23.59457313514556,19.808501923644446,-23.59457313514556,19.808501923644446,5.379302053321334,-0.020797182797268388,-0.0024144588307318526
3080.0,123.2,2.0,-23.483974362662128,19.94809318868343,-23.483974362662128,19.94809318868343,5.385454553500695,-0.020797182797268388,-0.0024144588307318526
3081.0,123.24000000000001,2.0,-23.372518776074795,20.087001325890725,-23.372518776074795,20.087001325890725,5.3916070536800556,-0.020797182797268388,-0.0024144588307318526
3082.0,123.28,2.0,-23.260210595758508,20.225221074914504,-23.260210595758508,20.225221074914504,5.397759553859416,-0.020797182797268388,-0.0024144588307318526
3083.0,123.32000000000001,2.0,-23.14705407439119,20.362747201482335,-23.14705407439119,20.362747201482335,5.403912054038776,-0.020797182797268388,-0.0024144588307318526
3084.0,123.36,2.0,-23.03305349679256,20.49957449759959,-23.03305349679256,20.49957449759959,5.4100645542181365,-0.020797182797268388,-0.0024144588307318526
3085.0,123.4,2.0,-22.91821317976173,20.635697781746863,-22.91821317976173,20.635697781746863,5.416217054397498,-0.020797182797268388,-0.0024144588307318526
3086.0,123.44,2.0,-22.802537471913556,20.77111189907638,-22.802537471913556,20.77111189907638,5.422369554576857,-0.020797182797268388,-0.0024144588307318526
3087.0,123.48,2.0,-22.686030753513844,20.9058117216074,-22.686030753513844,20.9058117216074,5.428522054756217,-0.020797182797268388,-0.0024144588307318526
3088.0,123.52,2.0,-22.568697436313293,21.0397921484206,-22.568697436313293,21.0397921484206,5.434674554935578,-0.020797182797268388,-0.0024144588307318526
3089.0,123.56,2.0,-22.45054196338028,21.17304810585143,-22.45054196338028,21.17304810585143,5.440827055114938,-0.020797182797268388,-0.0024144588307318526
3090.0,123.60000000000001,2.0,-22.331568808932442,21.305574547682422,-22.331568808932442,21.305574547682422,5.446979555294298,-0.020797182797268388,-0.0024144588307318526
3091.0,123.64,2.0,-22.2117824781671,21.43736645533451,-22.2117824781671,21.43736645533451,5.453132055473659,-0.020797182797268388,-0.0024144588307318526
3092.0,123.68,2.0,-22.09118750709047,21.56841883805721,-22.09118750709047,21.56841883805721,5.459284555653019,-0.020797182797268388,-0.0024144588307318526
3093.0,123.72,2.0,-21.969788462345747,21.69872673311784,-21.969788462345747,21.69872673311784,5.465437055832379,-0.020797182797268388,-0.0024144588307318526
3094.0,123.76,2.0,-21.84758994103999,21.828285205989616,-21.84758994103999,21.828285205989616,5.47158955601174,-0.020797182797268388,-0.0024144588307318526
3095.0,123.8,2.0,-21.724596570569872,21.957089350538705,-21.724596570569872,21.957089350538705,5.477742056191099,-0.020797182797268388,-0.0024144588307318526
3096.0,123.84,2.0,-21.600813008446288,22.08513428921018,-21.600813008446288,22.08513428921018,5.48389455637046,-0.020797182797268388,-0.0024144588307318526
3097.0,123.88000000000001,2.0,-21.476243942117797,22.21241517321294,-21.476243942117797,22.21241517321294,5.4900470565498205,-0.020797182797268388,-0.0024144588307318526
3098.0,123.92,2.0,-21.350894088792963,22.33892718270345,-21.350894088792963,22.33892718270345,5.496199556729181,-0.020797182797268388,-0.0024144588307318526
3099.0,123.96000000000001,2.0,-21.22476819526151,22.46466552696849,-21.22476819526151,22.46466552696849,5.502352056908541,-0.020797182797268388,-0.0024144588307318526
3100.0,124.0,2.0,-21.097871037714437,22.589625444606714,-21.097871037714437,22.589625444606714,5.508504557087901,-0.020797182797268388,-0.0024144588307318526
3101.0,124.04,2.0,-20.97020742156294,22.713802203709147,-20.97020742156294,22.713802203709147,5.514657057267263,-0.020797182797268388,-0.0024144588307318526
3102.0,124.08,2.0,-20.84178218125627,22.837191102038542,-20.84178218125627,22.837191102038542,5.520809557446622,-0.020797182797268388,-0.0024144588307318526
3103.0,124.12,2.0,-20.71260018009848,22.9597874672076,-20.71260018009848,22.9597874672076,5.526962057625982,-0.020797182797268388,-0.0024144588307318526
3104.0,124.16,2.0,-20.582666310064067,23.08158665685611,-20.582666310064067,23.08158665685611,5.533114557805343,-0.020797182797268388,-0.0024144588307318526
3105.0,124.2,2.0,-20.451985491612565,23.202584058826883,-20.451985491612565,23.202584058826883,5.539267057984703,-0.020797182797268388,-0.0024144588307318526
3106.0,124.24000000000001,2.0,-20.320562673501982,23.322775091340578,-20.320562673501982,23.322775091340578,5.545419558164063,-0.020797182797268388,-0.0024144588307318526
3107.0,124.28,2.0,-20.188402832601252,23.44215520316938,-20.188402832601252,23.44215520316938,5.551572058343424,-0.020797182797268388,-0.0024144588307318526
3108.0,124.32000000000001,2.0,-20.05551097370156,23.560719873809504,-20.05551097370156,23.560719873809504,5.557724558522784,-0.020797182797268388,-0.0024144588307318526
3109.0,124.36,2.0,-19.92189212932663,23.67846461365254,-19.92189212932663,23.67846461365254,5.563877058702144,-0.020797182797268388,-0.0024144588307318526
3110.0,124.4,2.0,-19.787551359541965,23.795384964155627,-19.787551359541965,23.795384964155627,5.5700295588815045,-0.020797182797268388,-0.0024144588307318526
3111.0,124.44,2.0,-19.652493751763025,23.911476498010433,-19.652493751763025,23.911476498010433,5.576182059060864,-0.020797182797268388,-0.0024144588307318526
3112.0,124.48,2.0,-19.516724420562404,24.02673481931099,-19.516724420562404,24.02673481931099,5.582334559240225,-0.020797182797268388,-0.0024144588307318526
3113.0,124.52,2.0,-19.380248507475905,24.141155563720293,-19.380248507475905,24.141155563720293,5.5884870594195855,-0.020797182797268388,-0.0024144588307318526
3114.0,124.56,2.0,-19.24307118080771,24.25473439863573,-19.24307118080771,24.25473439863573,5.594639559598946,-0.020797182797268388,-0.0024144588307318526
3115.0,124.60000000000001,2.0,-19.105197635434386,24.367467023353292,-19.105197635434386,24.367467023353292,5.600792059778306,-0.020797182797268388,-0.0024144588307318526
3116.0,124.64,2.0,-18.966633092608035,24.479349169230595,-18.966633092608035,24.479349169230595,5.606944559957666,-0.020797182797268388,-0.0024144588307318526
3117.0,124.68,2.0,-18.827382799758322,24.59037659984866,-18.827382799758322,24.59037659984866,5.613097060137028,-0.020797182797268388,-0.0024144588307318526
3118.0,124.72,2.0,-18.687452030293578,24.700545111172485,-18.687452030293578,24.700545111172485,5.619249560316387,-0.020797182797268388,-0.0024144588307318526
3119.0,124.76,2.0,-18.546846083400894,24.80985053171039,-18.546846083400894,24.80985053171039,5.625402060495747,-0.020797182797268388,-0.0024144588307318526
3120.0,124.8,2.0,-18.405570283845258,24.918288722672123,-18.405570283845258,24.918288722672123,5.631554560675108,-0.020797182797268388,-0.0024144588307318526
3121.0,124.84,2.0,-18.26362998176768,25.025855578125732,-18.26362998176768,25.025855578125732,5.637707060854468,-0.020797182797268388,-0.0024144588307318526
3122.0,124.88000000000001,2.0,-18.121030552482406,25.132547025153173,-18.121030552482406,25.132547025153173,5.643859561033828,-0.020797182797268388,-0.0024144588307318526
3123.0,124.92,2.0,-17.977777396273147,25.2383590240047,-17.977777396273147,25.2383590240047,5.6500120612131886,-0.020797182797268388,-0.0024144588307318526
3124.0,124.96000000000001,2.0,-17.83387593818836,25.34328756825196,-17.83387593818836,25.34328756825196,5.656164561392549,-0.020797182797268388,-0.0024144588307318526
3125.0,125.0,2.0,-17.689331627835593,25.447328684939833,-17.689331627835593,25.447328684939833,5.662317061571909,-0.020797182797268388,-0.0024144588307318526
3126.0,125.04,2.0,-17.544149939174922,25.55047843473704,-17.544149939174922,25.55047843473704,5.6684695617512695,-0.020797182797268388,-0.0024144588307318526
3127.0,125.08,2.0,-17.398336370311426,25.65273291208542,-17.398336370311426,25.65273291208542,5.674622061930629,-0.020797182797268388,-0.0024144588307318526
3128.0,125.12,2.0,-17.251896443286793,25.75408824534795,-17.251896443286793,25.75408824534795,5.68077456210999,-0.020797182797268388,-0.0024144588307318526
3129.0,125.16,2.0,-17.104835703869945,25.854540596955513,-17.104835703869945,25.854540596955513,5.68692706228935,-0.020797182797268388,-0.0024144588307318526
3130.0,125.2,2.0,-16.95715972134686,25.95408616355229,-16.95715972134686,25.95408616355229,5.693079562468711,-0.020797182797268388,-0.0024144588307318526
3131.0,125.24000000000001,2.0,-16.808874088309416,26.052721176139947,-16.808874088309416,26.052721176139947,5.699232062648071,-0.020797182797268388,-0.0024144588307318526
3132.0,125.28,2.0,-16.659984420443404,26.15044190022047,-16.659984420443404,26.15044190022047,5.705384562827431,-0.020797182797268388,-0.0024144588307318526
3133.0,125.32000000000001,2.0,-16.510496356315652,26.247244635937687,-16.510496356315652,26.247244635937687,5.7115370630067925,-0.020797182797268388,-0.0024144588307318526
3134.0,125.36,2.0,-16.36041555716026,26.343125718217483,-16.36041555716026,26.343125718217483,5.717689563186152,-0.020797182797268388,-0.0024144588307318526
3135.0,125.4,2.0,-16.20974770666401,26.438081516906728,-16.20974770666401,26.438081516906728,5.723842063365512,-0.020797182797268388,-0.0024144588307318526
3136.0,125.44,2.0,-16.0584985107509,26.532108436910836,-16.0584985107509,26.532108436910836,5.729994563544873,-0.020797182797268388,-0.0024144588307318526
3137.0,125.48,2.0,-15.906673697365841,26.62520291833,-15.906673697365841,26.62520291833,5.736147063724233,-0.020797182797268388,-0.0024144588307318526
3138.0,125.52,2.0,-15.75427901625753,26.71736143659414,-15.75427901625753,26.71736143659414,5.742299563903593,-0.020797182797268388,-0.0024144588307318526
3139.0,125.56,2.0,-15.601320238760485,26.80858050259643,-15.601320238760485,26.80858050259643,5.7484520640829535,-0.020797182797268388,-0.0024144588307318526
3140.0,125.60000000000001,2.0,-15.447803157576251,26.898856662825573,-15.447803157576251,26.898856662825573,5.754604564262314,-0.020797182797268388,-0.0024144588307318526
3141.0,125.64,2.0,-15.29373358655383,26.988186499496628,-15.29373358655383,26.988186499496628,5.760757064441674,-0.020797182797268388,-0.0024144588307318526
3142.0,125.68,2.0,-15.139117360469262,27.07656663068057,-15.139117360469262,27.07656663068057,5.766909564621034,-0.020797182797268388,-0.0024144588307318526
3143.0,125.72,2.0,-14.983960334804468,27.163993710432447,-14.983960334804468,27.163993710432447,5.773062064800394,-0.020797182797268388,-0.0024144588307318526
3144.0,125.76,2.0,-14.828268385525245,27.250464428918157,-14.828268385525245,27.250464428918157,5.779214564979755,-0.020797182797268388,-0.0024144588307318526
3145.0,125.8,2.0,-14.672047408858555,27.335975512539903,-14.672047408858555,27.335975512539903,5.785367065159115,-0.020797182797268388,-0.0024144588307318526
3146.0,125.84,2.0,-14.51530332106897,27.420523724060217,-14.51530332106897,27.420523724060217,5.791519565338476,-0.020797182797268388,-0.0024144588307318526
3147.0,125.88000000000001,2.0,-14.358042058234435,27.504105862724664,-14.358042058234435,27.504105862724664,5.797672065517836,-0.020797182797268388,-0.0024144588307318526
3148.0,125.92,2.0,-14.200269576021194,27.5867187643831,-14.200269576021194,27.5867187643831,5.803824565697196,-0.020797182797268388,-0.0024144588307318526
3149.0,125.96000000000001,2.0,-14.041991849458075,27.668359301609627,-14.041991849458075,27.668359301609627,5.8099770658765575,-0.020797182797268388,-0.0024144588307318526
3150.0,126.0,2.0,-13.883214872709933,27.74902438382104,-13.883214872709933,27.74902438382104,5.816129566055917,-0.020797182797268388,-0.0024144588307318526
3151.0,126.04,2.0,-13.723944658850462,27.82871095739398,-13.723944658850462,27.82871095739398,5.822282066235277,-0.020797182797268388,-0.0024144588307318526
3152.0,126.08,2.0,-13.564187239634219,27.907416005780636,-13.564187239634219,27.907416005780636,5.8284345664146375,-0.020797182797268388,-0.0024144588307318526
3153.0,126.12,2.0,-13.403948665267984,27.985136549623043,-13.403948665267984,27.985136549623043,5.834587066593998,-0.020797182797268388,-0.0024144588307318526
3154.0,126.16,2.0,-13.243235004181404,28.061869646865972,-13.243235004181404,28.061869646865972,5.840739566773358,-0.020797182797268388,-0.0024144588307318526
3155.0,126.2,2.0,-13.08205234279695,28.13761239286843,-13.08205234279695,28.13761239286843,5.8468920669527185,-0.020797182797268388,-0.0024144588307318526
3156.0,126.24000000000001,2.0,-12.920406785299184,28.212361920513708,-12.920406785299184,28.212361920513708,5.853044567132079,-0.020797182797268388,-0.0024144588307318526
3157.0,126.28,2.0,-12.758304453403357,28.286115400318003,-12.758304453403357,28.286115400318003,5.859197067311439,-0.020797182797268388,-0.0024144588307318526
3158.0,126.32000000000001,2.0,-12.595751486123351,28.35887004053766,-12.595751486123351,28.35887004053766,5.865349567490799,-0.020797182797268388,-0.0024144588307318526
3159.0,126.36,2.0,-12.432754039538958,28.43062308727491,-12.432754039538958,28.43062308727491,5.871502067670159,-0.020797182797268388,-0.0024144588307318526
3160.0,126.4,2.0,-12.269318286562504,28.501371824582257,-12.269318286562504,28.501371824582257,5.87765456784952,-0.020797182797268388,-0.0024144588307318526
3161.0,126.44,2.0,-12.105450416704851,28.571113574565352,-12.105450416704851,28.571113574565352,5.88380706802888,-0.020797182797268388,-0.0024144588307318526
3162.0,126.48,2.0,-11.94115663584076,28.639845697484446,-11.94115663584076,28.639845697484446,5.889959568208241,-0.020797182797268388,-0.0024144588307318526
3163.0,126.52,2.0,-11.776443165973633,28.70756559185444,-11.776443165973633,28.70756559185444,5.896112068387601,-0.020797182797268388,-0.0024144588307318526
3164.0,126.56,2.0,-11.611316244999648,28.774270694543407,-11.611316244999648,28.774270694543407,5.902264568566961,-0.020797182797268388,-0.0024144588307318526
3165.0,126.60000000000001,2.0,-11.44578212647129,28.83995848086973,-11.44578212647129,28.83995848086973,5.908417068746322,-0.020797182797268388,-0.0024144588307318526
3166.0,126.64,2.0,-11.27984707936029,28.90462646469773,-11.27984707936029,28.90462646469773,5.914569568925682,-0.020797182797268388,-0.0024144588307318526
3167.0,126.68,2.0,-11.113517387819972,28.96827219853187,-11.113517387819972,28.96827219853187,5.920722069105042,-0.020797182797268388,-0.0024144588307318526
3168.0,126.72,2.0,-10.946799350947034,29.030893273609472,-10.946799350947034,29.030893273609472,5.9268745692844025,-0.020797182797268388,-0.0024144588307318526
3169.0,126.76,2.0,-10.779699282542769,29.09248731999196,-10.779699282542769,29.09248731999196,5.933027069463763,-0.020797182797268388,-0.0024144588307318526
3170.0,126.8,2.0,-10.612223510873696,29.153052006654644,-10.612223510873696,29.153052006654644,5.939179569643123,-0.020797182797268388,-0.0024144588307318526
3171.0,126.84,2.0,-10.44437837843169,29.21258504157504,-10.44437837843169,29.21258504157504,5.945332069822483,-0.020797182797268388,-0.0024144588307318526
3172.0,126.88000000000001,2.0,-10.27617024169353,29.271084171819673,-10.27617024169353,29.271084171819673,5.951484570001844,-0.020797182797268388,-0.0024144588307318526
3173.0,126.92,2.0,-10.107605470879943,29.32854718362943,-10.107605470879943,29.32854718362943,5.957637070181204,-0.020797182797268388,-0.0024144588307318526
3174.0,126.96000000000001,2.0,-9.938690449714123,29.384971902503434,-9.938690449714123,29.384971902503434,5.963789570360564,-0.020797182797268388,-0.0024144588307318526
3175.0,127.0,2.0,-9.769431575179727,29.44035619328138,-9.769431575179727,29.44035619328138,5.969942070539924,-0.020797182797268388,-0.0024144588307318526
3176.0,127.04,2.0,-9.599835257278384,29.494697960224425,-9.599835257278384,29.494697960224425,5.976094570719285,-0.020797182797268388,-0.0024144588307318526
3177.0,127.08,2.0,-9.429907918786691,29.54799514709459,-9.429907918786691,29.54799514709459,5.982247070898645,-0.020797182797268388,-0.0024144588307318526
3178.0,127.12,2.0,-9.25965599501275,29.60024573723258,-9.25965599501275,29.60024573723258,5.988399571078006,-0.020797182797268388,-0.0024144588307318526
3179.0,127.16,2.0,-9.089085933552212,29.651447753634265,-9.089085933552212,29.651447753634265,5.994552071257366,-0.020797182797268388,-0.0024144588307318526
3180.0,127.2,2.0,-8.918204194043856,29.701599259025453,-8.918204194043856,29.701599259025453,6.000704571436726,-0.020797182797268388,-0.0024144588307318526
3181.0,127.24000000000001,2.0,-8.747017247924722,29.750698355935338,-8.747017247924722,29.750698355935338,6.006857071616087,-0.020797182797268388,-0.0024144588307318526
3182.0,127.28,2.0,-8.575531578184785,29.798743186768327,-8.575531578184785,29.798743186768327,6.013009571795447,-0.020797182797268388,-0.0024144588307318526
3183.0,127.32000000000001,2.0,-8.403753679121204,29.84573193387438,-8.403753679121204,29.84573193387438,6.019162071974807,-0.020797182797268388,-0.0024144588307318526
3184.0,127.36,2.0,-8.231690056092129,29.891662819617864,-8.231690056092129,29.891662819617864,6.025314572154167,-0.020797182797268388,-0.0024144588307318526
3185.0,127.4,2.0,-8.0593472252701,29.936534106444878,-8.0593472252701,29.936534106444878,6.031467072333528,-0.020797182797268388,-0.0024144588307318526
3186.0,127.44,2.0,-7.886731713395031,29.98034409694901,-7.886731713395031,29.98034409694901,6.037619572512888,-0.020797182797268388,-0.0024144588307318526
3187.0,127.48,2.0,-7.713850057526793,30.023091133935658,-7.713850057526793,30.023091133935658,6.043772072692248,-0.020797182797268388,-0.0024144588307318526
3188.0,127.52,2.0,-7.54070880479741,30.064773600484735,-7.54070880479741,30.064773600484735,6.049924572871609,-0.020797182797268388,-0.0024144588307318526
3189.0,127.56,2.0,-7.367314512162866,30.105389920011913,-7.367314512162866,30.105389920011913,6.056077073050969,-0.020797182797268388,-0.0024144588307318526
3190.0,127.60000000000001,2.0,-7.193673746154554,30.144938556328327,-7.193673746154554,30.144938556328327,6.062229573230329,-0.020797182797268388,-0.0024144588307318526
3191.0,127.64,2.0,-7.019793082630342,30.183418013698695,-7.019793082630342,30.183418013698695,6.068382073409689,-0.020797182797268388,-0.0024144588307318526
3192.0,127.68,2.0,-6.845679106525308,30.22082683689798,-6.845679106525308,30.22082683689798,6.07453457358905,-0.020797182797268388,-0.0024144588307318526
3193.0,127.72,2.0,-6.671338411602113,30.25716361126647,-6.671338411602113,30.25716361126647,6.08068707376841,-0.020797182797268388,-0.0024144588307318526
3194.0,127.76,2.0,-6.496777600201047,30.292426962763283,-6.496777600201047,30.292426962763283,6.0868395739477705,-0.020797182797268388,-0.0024144588307318526
3195.0,127.8,2.0,-6.322003282989752,30.326615558018467,-6.322003282989752,30.326615558018467,6.092992074127131,-0.020797182797268388,-0.0024144588307318526
3196.0,127.84,2.0,-6.14702207871263,30.35972810438338,-6.14702207871263,30.35972810438338,6.099144574306491,-0.020797182797268388,-0.0024144588307318526
3197.0,127.88000000000001,2.0,-5.9718406139399365,30.391763349979648,-5.9718406139399365,30.391763349979648,6.105297074485852,-0.020797182797268388,-0.0024144588307318526
3198.0,127.92,2.0,-5.796465522816589,30.42272008374656,-5.796465522816589,30.42272008374656,6.111449574665212,-0.020797182797268388,-0.0024144588307318526
3199.0,127.96000000000001,2.0,-5.620903446810682,30.452597135486855,-5.620903446810682,30.452597135486855,6.117602074844572,-0.020797182797268388,-0.0024144588307318526
3200.0,128.0,2.0,-5.445161034461729,30.48139337591104,-5.445161034461729,30.48139337591104,6.123754575023932,-0.020797182797268388,-0.0024144588307318526
3201.0,128.04,2.0,-5.269244941128627,30.50910771668008,-5.269244941128627,30.50910771668008,6.129907075203293,-0.020797182797268388,-0.0024144588307318526
3202.0,128.08,2.0,-5.093161828737378,30.5357391104466,-5.093161828737378,30.5357391104466,6.136059575382653,-0.020797182797268388,-0.0024144588307318526
3203.0,128.12,2.0,-4.91691836552855,30.561286550894486,-4.91691836552855,30.561286550894486,6.142212075562013,-0.020797182797268388,-0.0024144588307318526
3204.0,128.16,2.0,-4.740521225804506,30.58574907277698,-4.740521225804506,30.58574907277698,6.148364575741374,-0.020797182797268388,-0.0024144588307318526
3205.0,128.2,2.0,-4.563977089676397,30.609125751953123,-4.563977089676397,30.609125751953123,6.154517075920734,-0.020797182797268388,-0.0024144588307318526
3206.0,128.24,2.0,-4.387292642810939,30.631415705422775,-4.387292642810939,30.631415705422775,6.160669576100094,-0.020797182797268388,-0.0024144588307318526
3207.0,128.28,2.0,-4.210474576176986,30.652618091359937,-4.210474576176986,30.652618091359937,6.166822076279454,-0.020797182797268388,-0.0024144588307318526
3208.0,128.32,2.0,-4.033529585791885,30.67273210914463,-4.033529585791885,30.67273210914463,6.172974576458815,-0.020797182797268388,-0.0024144588307318526
3209.0,128.36,2.0,-3.8564643724676664,30.691756999393117,-3.8564643724676664,30.691756999393117,6.179127076638175,-0.020797182797268388,-0.0024144588307318526
3210.0,128.4,2.0,-3.679285641557022,30.709692043986614,-3.679285641557022,30.709692043986614,6.1852795768175355,-0.020797182797268388,-0.0024144588307318526
3211.0,128.44,2.0,-3.5020001026991388,30.726536566098428,-3.5020001026991388,30.726536566098428,6.191432076996896,-0.020797182797268388,-0.0024144588307318526
3212.0,128.48,2.0,-3.3246144695653532,30.74228993021952,-3.3246144695653532,30.74228993021952,6.197584577176256,-0.020797182797268388,-0.0024144588307318526
3213.0,128.52,2.0,-3.147135459604661,30.756951542182502,-3.147135459604661,30.756951542182502,6.203737077355617,-0.020797182797268388,-0.0024144588307318526
3214.0,128.56,2.0,-2.969569793789084,30.770520849184084,-2.969569793789084,30.770520849184084,6.209889577534977,-0.020797182797268388,-0.0024144588307318526
3215.0,128.6,2.0,-2.791924196358899,30.7829973398059,-2.791924196358899,30.7829973398059,6.058962445034847,-0.020797182797268388,-0.0024144588307318526
3216.0,128.64000000000001,2.0,-2.6142053945677493,30.794380544033856,-2.6142053945677493,30.794380544033856,5.908035312534718,-0.020797182797268388,-0.0024144588307318526
3217.0,128.68,2.0,-2.436420118427638,30.804670033275805,-2.436420118427638,30.804670033275805,5.757108180034588,-0.020797182797268388,-0.0024144588307318526
3218.0,128.72,2.0,-2.2585751004538186,30.81386542037773,-2.2585751004538186,30.81386542037773,5.606181047534459,-0.020797182797268388,-0.0024144588307318526
3219.0,128.76,2.0,-2.080448354781478,30.814231066591873,-2.080448354781478,30.814231066591873,5.453208259169058,-0.09021298705797084,-0.005863133361240508
3220.0,128.8,2.0,-1.9029928480414064,30.812750328847635,-1.9029928480414064,30.812750328847635,5.297590624346693,-0.1550590753545435,-0.003989563027919761
3221.0,128.84,2.0,-1.72917146351906,30.811505263685792,-1.72917146351906,30.811505263685792,5.144485147533304,-0.2190777172873616,-0.004822370015227763
3222.0,128.88,2.0,-1.557390317420121,30.810091572656564,-1.557390317420121,30.810091572656564,4.989878945298107,-0.28553436665816534,-0.0042701134978928214
3223.0,128.92000000000002,2.0,-1.3866007489306762,30.80841301486412,-1.3866007489306762,30.80841301486412,4.836352847497764,-0.3519614730008763,-0.004954457958373468
3224.0,128.96,2.0,-1.22122974512627,30.806114487540327,-1.22122974512627,30.806114487540327,4.682601437709289,-0.41998391784982825,-0.005173739059787813
3225.0,129.0,2.0,-1.0549168768604564,30.80318782899736,-1.0549168768604564,30.80318782899736,4.528623007276771,-0.4888117602771665,-0.005435054737555055
3226.0,129.04,2.0,-0.8890991121013878,30.799881606343376,-0.8890991121013878,30.799881606343376,4.3749822090057915,-0.5498155878127264,-0.007762473912360396
3227.0,129.08,2.0,-0.7268401207490714,30.79584129445925,-0.7268401207490714,30.79584129445925,4.2211350741766065,-0.6108194153482864,-0.010089893087165736
3228.0,129.12,1.0,-0.5681441714055462,30.79110597292408,-0.5681441714055462,30.79110597292408,4.067081602789214,-0.6718232428838464,-0.012417312261971075
3229.0,129.16,1.0,-0.4130152577475975,30.785714744221913,-0.4130152577475975,30.785714744221913,3.912821794843617,-0.7328270704194064,-0.014744731436776414
3230.0,129.2,1.0,-0.26145709840196074,30.77970673191433,-0.26145709840196074,30.77970673191433,3.7583556503398134,-0.7938308979549663,-0.017072150611581755
3231.0,129.24,1.0,-0.11347313683231579,30.773121078812324,-0.11347313683231579,30.773121078812324,3.6036831692778035,-0.8548347254905263,-0.019399569786387093
3232.0,129.28,1.0,0.05369149738263347,30.767248200927845,0.05369149738263347,30.767248200927845,3.3161269958282693,-0.8711908978155843,-0.01673922714754044
3233.0,129.32,0.0,0.21545168601234232,30.76010429563944,0.21545168601234232,30.76010429563944,3.0255272368628807,-0.8861224267705232,-0.013959780833524515
3234.0,129.36,1.0,0.3785395983224803,30.747830562065747,0.3785395983224803,30.747830562065747,2.7334818577234343,-0.8828740996163166,-0.007071140187247979
3235.0,129.4,0.0,0.5381010575130991,30.732972694686943,0.5381010575130991,30.732972694686943,2.598340337043845,-0.8796257724621102,-0.00018249954097144527
3236.0,129.44,0.0,0.694116598663249,30.715576530144325,0.694116598663249,30.715576530144325,2.463023042144623,-0.8763774453079034,0.00670614110530509
3237.0,129.48,0.0,0.8465669273426035,30.695688063139563,0.8465669273426035,30.695688063139563,2.3275299730257686,-0.8731291181536969,0.013594781751581625
3238.0,129.52,0.0,0.9954329208713333,30.673353445431967,0.9954329208713333,30.673353445431967,2.1918611296872816,-0.8698807909994903,0.02048342239785816
3239.0,129.56,0.0,1.1528370081927117,30.66363851204405,1.1528370081927117,30.66363851204405,2.0414461734590637,-0.7723235042851031,0.031036237195219855
3240.0,129.6,0.0,1.3104399508208675,30.654281371618623,1.3104399508208675,30.654281371618623,1.8931032404450754,-0.6974291095372317,0.03536353034245693
3241.0,129.64000000000001,1.0,1.4675600498180945,30.64298794615761,1.4675600498180945,30.64298794615761,1.7421019876702573,-0.659822370978632,0.03864238470942376
3242.0,129.68,1.0,1.6270534932638987,30.630129583097624,1.6270534932638987,30.630129583097624,1.5925833785828691,-0.6197776249820466,0.04053617557174764
3243.0,129.72,0.0,1.7884147665245316,30.617217251726107,1.7884147665245316,30.617217251726107,1.4399813067242608,-0.5774589596815896,0.04379894302542849
3244.0,129.76,0.0,1.9514119393081355,30.603721009767746,1.9514119393081355,30.603721009767746,1.2869958478673516,-0.587882508415717,0.04125213555834465
3245.0,129.8,0.0,2.1124309821588305,30.59121981038647,2.1124309821588305,30.59121981038647,1.1343442787472306,-0.6015181432941725,0.0372951116752191
3246.0,129.84,0.0,2.259839939018648,30.579067929701345,2.259839939018648,30.579067929701345,0.9804788582610027,-0.6635583611659776,0.03203877237849771
3247.0,129.88,0.0,2.4149142110191746,30.56623813098786,2.4149142110191746,30.56623813098786,0.8271203562475862,-0.7255985790377825,0.026782433081776323
3248.0,129.92000000000002,1.0,2.5776427446654395,30.55255735198171,2.5776427446654395,30.55255735198171,0.6742687727069812,-0.7876387969095875,0.02152609378505494
3249.0,129.96,1.0,2.748315447738377,30.53953200979016,2.748315447738377,30.53953200979016,0.5208167696612589,-0.8588449018097382,0.014294823243814911
3250.0,130.0,0.0,2.9235033129741863,30.526558310346637,2.9235033129741863,30.526558310346637,0.36769871374634716,-0.9863408695095096,0.0008825001827283269
3251.0,130.04,0.0,3.096796853847447,30.513545007141772,3.096796853847447,30.513545007141772,0.21543636359618623,-0.9239406403836605,0.0016172461038948937
3252.0,130.08,1.0,3.248807209292495,30.498776303837957,3.248807209292495,30.498776303837957,0.19590293493644959,-0.9061880664683134,-0.0026357697885905345
3253.0,130.12,1.0,3.404115292108627,30.48427006881571,3.404115292108627,30.48427006881571,0.17925832089546712,-0.8898601359230852,-0.007007889356245233
3254.0,130.16,1.0,3.555984988929674,30.47391918768043,3.555984988929674,30.47391918768043,0.16390455613144267,-0.8917120614870028,-0.015489203256160539
3255.0,130.2,0.0,3.709266793875287,30.465212067873985,3.709266793875287,30.465212067873985,0.1485717946899508,-0.8935639870509202,-0.02397051715607585
3256.0,130.24,0.0,3.863976750684329,30.458136990107725,3.863976750684329,30.458136990107725,0.13326003657099145,-0.8954159126148378,-0.03245183105599116
3257.0,130.28,0.0,4.020130994169788,30.45268209069555,4.020130994169788,30.45268209069555,0.11796928177456464,-0.8972678381787551,-0.04093314495590646
3258.0,130.32,1.0,4.177745749013971,30.448835360788546,4.177745749013971,30.448835360788546,0.10269953030067039,-0.8991197637426724,-0.04941445885582177
3259.0,130.36,1.0,4.32446722931139,30.439300411447704,4.32446722931139,30.439300411447704,0.10406677668467854,-0.9258648446060681,-0.0581112723763136
3260.0,130.4,0.0,4.469578528784112,30.429389634260495,4.469578528784112,30.429389634260495,0.10585207541432111,-0.9345167494670777,-0.06590480911051018
3261.0,130.44,0.0,4.616715378239542,30.41934895591096,4.616715378239542,30.41934895591096,0.10762876499871657,-0.9067084445025703,-0.06994352974380777
3262.0,130.48,0.0,4.7614191146315665,30.409245278947424,4.7614191146315665,30.409245278947424,0.10926876542039114,-0.8789001395380627,-0.07398225037710537
3263.0,130.52,0.0,4.9031382611044325,30.397697871061855,4.9031382611044325,30.397697871061855,0.1127573532813317,-0.8533952969055196,-0.07815334662394435
3264.0,130.56,0.0,5.046523665088443,30.385625816168215,5.046523665088443,30.385625816168215,0.11669986923160587,-0.7735529017321511,-0.07697993130908494
3265.0,130.6,0.0,5.188963330412551,30.3714781510247,5.188963330412551,30.3714781510247,0.12046148272105275,-0.6861199025701996,-0.0723358267763587
3266.0,130.64000000000001,0.0,5.343517419675484,30.355674425324185,5.343517419675484,30.355674425324185,0.12502528204698696,-0.558106335306677,-0.06432630333299852
3267.0,130.68,0.0,5.491965625389425,30.339618839374356,5.491965625389425,30.339618839374356,0.12921446609023443,-0.43009276804315427,-0.05631677988963836
3268.0,130.72,0.0,5.634314878806157,30.323467858507904,5.634314878806157,30.323467858507904,0.1330290348507952,-0.3020792007796317,-0.04830725644627818
3269.0,130.76,0.0,5.770271060617742,30.305698488602808,5.770271060617742,30.305698488602808,0.13757632630659816,-0.16489974648776337,-0.03832280175839936
3270.0,130.8,0.0,5.903258877373384,30.286897967092195,5.903258877373384,30.286897967092195,0.14192197382171579,0.0285695706037258,-0.02215729455067399
3271.0,130.84,0.0,6.039683425794915,30.267141004697333,6.039683425794915,30.267141004697333,0.14554421876220747,0.03214269086959439,-0.02013885632520177
3272.0,130.88,0.0,6.176171049535666,30.246875627496404,6.176171049535666,30.246875627496404,0.14924720123171803,0.03571581113546298,-0.018120418099729547
3273.0,130.92000000000002,0.0,6.312718493504827,30.226090452846286,6.312718493504827,30.226090452846286,0.15303092123024747,0.03928893140133157,-0.01610197987425733
3274.0,130.96,2.0,6.4493224279331205,30.204774115135137,6.4493224279331205,30.204774115135137,0.15689537875779583,0.04286205166720016,-0.014083541648785105
3275.0,131.0,2.0,6.5859794484572145,30.18291526618134,6.5859794484572145,30.18291526618134,0.16084057381436306,0.04643517193306875,-0.012065103423312884
3276.0,131.04,2.0,6.722686076206129,30.16050257563196,6.722686076206129,30.16050257563196,0.16486650639994918,0.05000829219893734,-0.010046665197840662
3277.0,131.08,2.0,6.859438757889672,30.137524731360834,6.859438757889672,30.137524731360834,0.16897317651455418,0.05358141246480593,-0.00802822697236844
3278.0,131.12,2.0,6.996233865888877,30.113970439866186,6.996233865888877,30.113970439866186,0.1731605841581781,0.05715453273067452,-0.006009788746896219
3279.0,131.16,2.0,7.133067698348453,30.08982842666786,7.133067698348453,30.08982842666786,0.17742872933082088,0.06072765299654311,-0.003991350521423998
3280.0,131.2,2.0,7.26993647927125,30.065087436704022,7.26993647927125,30.065087436704022,0.18177761203248258,0.06430077326241171,-0.0019729122959517764
3281.0,131.24,2.0,7.406836358614709,30.039736234727478,7.406836358614709,30.039736234727478,0.1862072322631631,0.0678738935282803,4.552592952044472e-05
3282.0,131.28,2.0,7.543763412389341,30.013763605701463,7.543763412389341,30.013763605701463,0.19071759002286257,0.07144701379414889,0.002063964154992666
3283.0,131.32,2.0,7.680713642759183,29.987158355194982,7.680713642759183,29.987158355194982,0.1953086853115809,0.07502013406001748,0.004082402380464887
3284.0,131.36,2.0,7.817682978144267,29.959909309777647,7.817682978144267,29.959909309777647,0.19998051812931816,0.07859325432588604,0.006100840605937116
3285.0,131.4,2.0,7.954525060837341,29.93201956907446,7.954525060837341,29.93201956907446,0.2046523509470554,0.07859325432588604,0.006100840605937116
3286.0,131.44,2.0,8.091236885732789,29.903489729073407,8.091236885732789,29.903489729073407,0.20932418376479262,0.07859325432588604,0.006100840605937116
3287.0,131.48,2.0,8.227815450524497,29.874320399895502,8.227815450524497,29.874320399895502,0.21399601658252987,0.07859325432588604,0.006100840605937116
3288.0,131.52,2.0,8.364257755772499,29.844512205781562,8.364257755772499,29.844512205781562,0.2186678494002671,0.07859325432588604,0.006100840605937116
3289.0,131.56,2.0,8.500560804969556,29.814065785078686,8.500560804969556,29.814065785078686,0.22333968221800432,0.07859325432588604,0.006100840605937116
3290.0,131.6,2.0,8.636721604607674,29.782981790226483,8.636721604607674,29.782981790226483,0.22801151503574152,0.07859325432588604,0.006100840605937116
3291.0,131.64000000000001,2.0,8.772737164244546,29.751260887742923,8.772737164244546,29.751260887742923,0.23268334785347874,0.07859325432588604,0.006100840605937116
3292.0,131.68,2.0,8.908604496569954,29.71890375820986,8.908604496569954,29.71890375820986,0.23735518067121603,0.07859325432588604,0.006100840605937116
3293.0,131.72,2.0,9.044320617472074,29.685911096258316,9.044320617472074,29.685911096258316,0.24202701348895322,0.07859325432588604,0.006100840605937116
3294.0,131.76,2.0,9.179882546103723,29.652283610553365,9.179882546103723,29.652283610553365,0.24669884630669045,0.07859325432588604,0.006100840605937116
3295.0,131.8,2.0,9.315287304948544,29.61802202377878,9.315287304948544,29.61802202377878,0.2513706791244277,0.07859325432588604,0.006100840605937116
3296.0,131.84,2.0,9.450531919887094,29.583127072621316,9.450531919887094,29.583127072621316,0.2560425119421649,0.07859325432588604,0.006100840605937116
3297.0,131.88,2.0,9.585613420262884,29.547599507754676,9.585613420262884,29.547599507754676,0.26071434475990213,0.07859325432588604,0.006100840605937116
3298.0,131.92000000000002,2.0,9.720528838948333,29.51144009382324,9.720528838948333,29.51144009382324,0.2653861775776393,0.07859325432588604,0.006100840605937116
3299.0,131.96,2.0,9.855275212410636,29.47464960942536,9.855275212410636,29.47464960942536,0.2700580103953766,0.07859325432588604,0.006100840605937116
3300.0,132.0,2.0,9.989849580777562,29.43722884709648,9.989849580777562,29.43722884709648,0.2747298432131138,0.07859325432588604,0.006100840605937116
3301.0,132.04,2.0,10.124248987903181,29.399178613291827,10.124248987903181,29.399178613291827,0.27940167603085103,0.07859325432588604,0.006100840605937116
3302.0,132.08,2.0,10.258470481433482,29.360499728368843,10.258470481433482,29.360499728368843,0.2840735088485883,0.07859325432588604,0.006100840605937116
3303.0,132.12,2.0,10.392511112871945,29.321193026569347,10.392511112871945,29.321193026569347,0.2887453416663255,0.07859325432588604,0.006100840605937116
3304.0,132.16,2.0,10.526367937644995,29.2812593560013,10.526367937644995,29.2812593560013,0.2934171744840627,0.07859325432588604,0.006100840605937116
3305.0,132.2,2.0,10.660038015167384,29.24069957862031,10.660038015167384,29.24069957862031,0.29808900730179994,0.07859325432588604,0.006100840605937116
3306.0,132.24,2.0,10.793518408907499,29.19951457021085,10.793518408907499,29.19951457021085,0.3027608401195372,0.07859325432588604,0.006100840605937116
3307.0,132.28,2.0,10.926806186452545,29.15770522036712,10.926806186452545,29.15770522036712,0.3074326729372744,0.07859325432588604,0.006100840605937116
3308.0,132.32,2.0,11.059898419573681,29.115272432473624,11.059898419573681,29.115272432473624,0.3121045057550116,0.07859325432588604,0.006100840605937116
3309.0,132.36,2.0,11.192792184291031,29.07221712368543,11.192792184291031,29.07221712368543,0.31677633857274884,0.07859325432588604,0.006100840605937116
3310.0,132.4,2.0,11.325484560938616,29.02854022490816,11.325484560938616,29.02854022490816,0.3214481713904861,0.07859325432588604,0.006100840605937116
3311.0,132.44,2.0,11.457972634229188,28.984242680777573,11.457972634229188,28.984242680777573,0.3261200042082233,0.07859325432588604,0.006100840605937116
3312.0,132.48,2.0,11.590253493318976,28.939325449639,11.590253493318976,28.939325449639,0.3307918370259605,0.07859325432588604,0.006100840605937116
3313.0,132.52,2.0,11.722324231872314,28.893789503526317,11.722324231872314,28.893789503526317,0.33546366984369774,0.07859325432588604,0.006100840605937116
3314.0,132.56,2.0,11.854181948126193,28.847635828140703,11.854181948126193,28.847635828140703,0.34013550266143494,0.07859325432588604,0.006100840605937116
3315.0,132.6,2.0,11.985823744954702,28.80086542282907,11.985823744954702,28.80086542282907,0.3448073354791722,0.07859325432588604,0.006100840605937116
3316.0,132.64000000000001,2.0,12.117246729933354,28.753479300562173,12.117246729933354,28.753479300562173,0.34947916829690945,0.07859325432588604,0.006100840605937116
3317.0,132.68,2.0,12.248448015403344,28.705478487912462,12.248448015403344,28.705478487912462,0.35415100111464665,0.07859325432588604,0.006100840605937116
3318.0,132.72,2.0,12.379424718535656,28.656864025031545,12.379424718535656,28.656864025031545,0.35882283393238384,0.07859325432588604,0.006100840605937116
3319.0,132.76,2.0,12.510173961395106,28.607636965627467,12.510173961395106,28.607636965627467,0.36349466675012104,0.07859325432588604,0.006100840605937116
3320.0,132.8,2.0,12.640692871004244,28.557798376941555,12.640692871004244,28.557798376941555,0.3681664995678583,0.07859325432588604,0.006100840605937116
3321.0,132.84,2.0,12.77097857940718,28.507349339725074,12.77097857940718,28.507349339725074,0.37283833238559555,0.07859325432588604,0.006100840605937116
3322.0,132.88,2.0,12.901028223733253,28.456290948215518,12.901028223733253,28.456290948215518,0.37751016520333275,0.07859325432588604,0.006100840605937116
3323.0,132.92000000000002,2.0,13.03083894626064,28.40462431011261,13.03083894626064,28.40462431011261,0.38218199802107,0.07859325432588604,0.006100840605937116
3324.0,132.96,2.0,13.160407894479823,28.35235054655401,13.160407894479823,28.35235054655401,0.3868538308388072,0.07859325432588604,0.006100840605937116
3325.0,133.0,2.0,13.289732221156928,28.299470792090737,13.289732221156928,28.299470792090737,0.3915256636565444,0.07859325432588604,0.006100840605937116
3326.0,133.04,2.0,13.418809084396983,28.245986194662237,13.418809084396983,28.245986194662237,0.39619749647428165,0.07859325432588604,0.006100840605937116
3327.0,133.08,2.0,13.547635647707036,28.19189791557123,13.547635647707036,28.19189791557123,0.40086932929201885,0.07859325432588604,0.006100840605937116
3328.0,133.12,2.0,13.676209080059152,28.137207129458194,13.676209080059152,28.137207129458194,0.4055411621097561,0.07859325432588604,0.006100840605937116
3329.0,133.16,2.0,13.804526555953299,28.081915024275578,13.804526555953299,28.081915024275578,0.4102129949274933,0.07859325432588604,0.006100840605937116
3330.0,133.2,2.0,13.93258525548011,28.026022801261725,13.93258525548011,28.026022801261725,0.41488482774523056,0.07859325432588604,0.006100840605937116
3331.0,133.24,2.0,14.060382364383505,27.969531674914492,14.060382364383505,27.969531674914492,0.4195566605629678,0.07859325432588604,0.006100840605937116
3332.0,133.28,2.0,14.18791507412323,27.91244287296455,14.18791507412323,27.91244287296455,0.424228493380705,0.07859325432588604,0.006100840605937116
3333.0,133.32,2.0,14.315180581937218,27.85475763634842,14.315180581937218,27.85475763634842,0.42890032619844226,0.07859325432588604,0.006100840605937116
3334.0,133.36,2.0,14.442176090903853,27.796477219181213,14.442176090903853,27.796477219181213,0.43357215901617946,0.07859325432588604,0.006100840605937116
3335.0,133.4,2.0,14.568898810004114,27.73760288872905,14.568898810004114,27.73760288872905,0.4382439918339167,0.07859325432588604,0.006100840605937116
3336.0,133.44,2.0,14.695345954183543,27.678135925381213,14.695345954183543,27.678135925381213,0.4429158246516539,0.07859325432588604,0.006100840605937116
3337.0,133.48,2.0,14.821514744414142,27.618077622621996,14.821514744414142,27.618077622621996,0.44758765746939116,0.07859325432588604,0.006100840605937116
3338.0,133.52,2.0,14.947402407756083,27.557429287002257,14.947402407756083,27.557429287002257,0.4522594902871284,0.07859325432588604,0.006100840605937116
3339.0,133.56,2.0,15.073006177419334,27.496192238110694,15.073006177419334,27.496192238110694,0.4569313231048656,0.07859325432588604,0.006100840605937116
3340.0,133.6,2.0,15.19832329282508,27.43436780854479,15.19832329282508,27.43436780854479,0.46160315592260287,0.07859325432588604,0.006100840605937116
3341.0,133.64000000000001,2.0,15.323350999667094,27.371957343881537,15.323350999667094,27.371957343881537,0.4662749887403401,0.07859325432588604,0.006100840605937116
3342.0,133.68,2.0,15.448086549972889,27.30896220264779,15.448086549972889,27.30896220264779,0.4709468215580774,0.07859325432588604,0.006100840605937116
3343.0,133.72,2.0,15.572527202164784,27.24538375629042,15.572527202164784,27.24538375629042,0.47561865437581463,0.07859325432588604,0.006100840605937116
3344.0,133.76,2.0,15.696670221120794,27.181223389146066,15.696670221120794,27.181223389146066,0.48029048719355183,0.07859325432588604,0.006100840605937116
3345.0,133.8,2.0,15.82051287823542,27.116482498410715,15.82051287823542,27.116482498410715,0.4849623200112891,0.07859325432588604,0.006100840605937116
3346.0,133.84,2.0,15.944052451480221,27.05116249410894,15.944052451480221,27.05116249410894,0.48963415282902634,0.07859325432588604,0.006100840605937116
3347.0,133.88,2.0,16.067286225464336,26.985264799062804,16.067286225464336,26.985264799062804,0.49430598564676365,0.07859325432588604,0.006100840605937116
3348.0,133.92000000000002,2.0,16.190211491494765,26.918790848860606,16.190211491494765,26.918790848860606,0.4989778184645008,0.07859325432588604,0.006100840605937116
3349.0,133.96,2.0,16.312825547636585,26.851742091825194,16.312825547636585,26.851742091825194,0.503649651282238,0.07859325432588604,0.006100840605937116
3350.0,134.0,2.0,16.435125698772943,26.784119988982106,16.435125698772943,26.784119988982106,0.5083214840999754,0.07859325432588604,0.006100840605937116
3351.0,134.04,2.0,16.557109256664962,26.715926014027378,16.557109256664962,26.715926014027378,0.5129933169177125,0.07859325432588604,0.006100840605937116
3352.0,134.08,2.0,16.67877354001144,26.64716165329505,16.67877354001144,26.64716165329505,0.5176651497354499,0.07859325432588604,0.006100840605937116
3353.0,134.12,2.0,16.800115874508446,26.57782840572448,16.800115874508446,26.57782840572448,0.5223369825531871,0.07859325432588604,0.006100840605937116
3354.0,134.16,2.0,16.92113359290871,26.50792778282722,16.92113359290871,26.50792778282722,0.5270088153709244,0.07859325432588604,0.006100840605937116
3355.0,134.2,2.0,17.041824035080896,26.4374613086538,17.041824035080896,26.4374613086538,0.5316806481886616,0.07859325432588604,0.006100840605937116
3356.0,134.24,2.0,17.162184548068698,26.36643051976006,17.162184548068698,26.36643051976006,0.5363524810063989,0.07859325432588604,0.006100840605937116
3357.0,134.28,2.0,17.28221248614978,26.294836965173324,17.28221248614978,26.294836965173324,0.5410243138241361,0.07859325432588604,0.006100840605937116
3358.0,134.32,2.0,17.40190521089459,26.22268220635824,17.40190521089459,26.22268220635824,0.5456961466418734,0.07859325432588604,0.006100840605937116
3359.0,134.36,2.0,17.52126009122492,26.14996781718234,17.52126009122492,26.14996781718234,0.5503679794596106,0.07859325432588604,0.006100840605937116
3360.0,134.4,2.0,17.64027450347241,26.07669538388135,17.64027450347241,26.07669538388135,0.5550398122773478,0.07859325432588604,0.006100840605937116
3361.0,134.44,2.0,17.75894583143683,26.002866505024194,17.75894583143683,26.002866505024194,0.5597116450950851,0.07859325432588604,0.006100840605937116
3362.0,134.48,2.0,17.877271466444203,25.928482791477762,17.877271466444203,25.928482791477762,0.5643834779128223,0.07859325432588604,0.006100840605937116
3363.0,134.52,2.0,17.995248807404767,25.853545866371356,17.995248807404767,25.853545866371356,0.5690553107305596,0.07859325432588604,0.006100840605937116
3364.0,134.56,2.0,18.11287526087077,25.77805736506088,18.11287526087077,25.77805736506088,0.5737271435482969,0.07859325432588604,0.006100840605937116
3365.0,134.6,2.0,18.23014824109408,25.702018935092802,18.23014824109408,25.702018935092802,0.5783989763660341,0.07859325432588604,0.006100840605937116
3366.0,134.64000000000001,2.0,18.347065170083678,25.62543223616776,18.347065170083678,25.62543223616776,0.5830708091837714,0.07859325432588604,0.006100840605937116
3367.0,134.68,2.0,18.463623477662875,25.548298940103965,18.463623477662875,25.548298940103965,0.5877426420015086,0.07859325432588604,0.006100840605937116
3368.0,134.72,2.0,18.57982060152647,25.4706207308003,18.57982060152647,25.4706207308003,0.5924144748192459,0.07859325432588604,0.006100840605937116
3369.0,134.76,2.0,18.69565398729766,25.392399304199152,18.69565398729766,25.392399304199152,0.5970863076369831,0.07859325432588604,0.006100840605937116
3370.0,134.8,2.0,18.811121088584805,25.313636368248996,18.811121088584805,25.313636368248996,0.6017581404547203,0.07859325432588604,0.006100840605937116
3371.0,134.84,2.0,18.926219367037994,25.234333642866694,18.926219367037994,25.234333642866694,0.6064299732724577,0.07859325432588604,0.006100840605937116
3372.0,134.88,2.0,19.040946292405472,25.154492859899513,19.040946292405472,25.154492859899513,0.6111018060901949,0.07859325432588604,0.006100840605937116
3373.0,134.92000000000002,2.0,19.155299342589814,25.07411576308691,19.155299342589814,25.07411576308691,0.6157736389079321,0.07859325432588604,0.006100840605937116
3374.0,134.96,2.0,19.26927600370402,24.99320410802201,19.26927600370402,24.99320410802201,0.6204454717256694,0.07859325432588604,0.006100840605937116
3375.0,135.0,2.0,19.38287377012734,24.91175966211288,19.38287377012734,24.91175966211288,0.6251173045434066,0.07859325432588604,0.006100840605937116
3376.0,135.04,2.0,19.496090144560945,24.829784204543458,19.496090144560945,24.829784204543458,0.629789137361144,0.07859325432588604,0.006100840605937116
3377.0,135.08,2.0,19.608922638083445,24.747279526234305,19.608922638083445,24.747279526234305,0.6344609701788813,0.07859325432588604,0.006100840605937116
3378.0,135.12,2.0,19.721368770206148,24.66424742980302,19.721368770206148,24.66424742980302,0.6391328029966183,0.07859325432588604,0.006100840605937116
3379.0,135.16,2.0,19.833426068928226,24.580689729524437,19.833426068928226,24.580689729524437,0.6438046358143557,0.07859325432588604,0.006100840605937116
3380.0,135.2,2.0,19.94509207079161,24.49660825129056,19.94509207079161,24.49660825129056,0.648476468632093,0.07859325432588604,0.006100840605937116
3381.0,135.24,2.0,20.05636432093572,24.412004832570226,20.05636432093572,24.412004832570226,0.6531483014498302,0.07859325432588604,0.006100840605937116
3382.0,135.28,2.0,20.16724037315206,24.326881322368486,20.16724037315206,24.326881322368486,0.6578201342675674,0.07859325432588604,0.006100840605937116
3383.0,135.32,2.0,20.277717789938514,24.24123958118581,20.277717789938514,24.24123958118581,0.6624919670853047,0.07859325432588604,0.006100840605937116
3384.0,135.36,2.0,20.387794142553552,24.155081480976925,20.387794142553552,24.155081480976925,0.667163799903042,0.07859325432588604,0.006100840605937116
3385.0,135.4,2.0,20.497467011070167,24.068408905109482,20.497467011070167,24.068408905109482,0.6718356327207793,0.07859325432588604,0.006100840605937116
3386.0,135.44,2.0,20.606733984429663,23.98122374832244,20.606733984429663,23.98122374832244,0.6765074655385164,0.07859325432588604,0.006100840605937116
3387.0,135.48,2.0,20.71559266049523,23.893527916684185,20.71559266049523,23.893527916684185,0.6811792983562537,0.07859325432588604,0.006100840605937116
3388.0,135.52,2.0,20.82404064610531,23.8053233275504,20.82404064610531,23.8053233275504,0.685851131173991,0.07859325432588604,0.006100840605937116
3389.0,135.56,2.0,20.932075557126776,23.716611909521717,20.932075557126776,23.716611909521717,0.6905229639917282,0.07859325432588604,0.006100840605937116
3390.0,135.6,2.0,21.039695018507917,23.627395602401045,21.039695018507917,23.627395602401045,0.6951947968094655,0.07859325432588604,0.006100840605937116
3391.0,135.64000000000001,2.0,21.146896664331198,23.537676357150737,21.146896664331198,23.537676357150737,0.6998666296272027,0.07859325432588604,0.006100840605937116
3392.0,135.68,2.0,21.25367813786584,23.447456135849432,21.25367813786584,23.447456135849432,0.70453846244494,0.07859325432588604,0.006100840605937116
3393.0,135.72,2.0,21.36003709162019,23.356736911648696,21.36003709162019,23.356736911648696,0.7092102952626773,0.07859325432588604,0.006100840605937116
3394.0,135.76,2.0,21.465971187393865,23.26552066872939,21.465971187393865,23.26552066872939,0.7138821280804144,0.07859325432588604,0.006100840605937116
3395.0,135.8,2.0,21.571478096329734,23.17380940225781,21.571478096329734,23.17380940225781,0.7185539608981518,0.07859325432588604,0.006100840605937116
3396.0,135.84,2.0,21.676555498965648,23.081605118341557,21.676555498965648,23.081605118341557,0.723225793715889,0.07859325432588604,0.006100840605937116
3397.0,135.88,2.0,21.781201085285975,22.988909833985208,21.781201085285975,22.988909833985208,0.7278976265336262,0.07859325432588604,0.006100840605937116
3398.0,135.92000000000002,2.0,21.885412554772934,22.89572557704567,21.885412554772934,22.89572557704567,0.7325694593513635,0.07859325432588604,0.006100840605937116
3399.0,135.96,2.0,21.989187616457723,22.802054386187386,21.989187616457723,22.802054386187386,0.7372412921691007,0.07859325432588604,0.006100840605937116
3400.0,136.0,2.0,22.092523988971408,22.7078983108372,22.092523988971408,22.7078983108372,0.7419131249868379,0.07859325432588604,0.006100840605937116
3401.0,136.04,2.0,22.195419400595625,22.613259411139076,22.195419400595625,22.613259411139076,0.7465849578045753,0.07859325432588604,0.006100840605937116
3402.0,136.08,2.0,22.297871589313043,22.51813975790849,22.297871589313043,22.51813975790849,0.7512567906223125,0.07859325432588604,0.006100840605937116
3403.0,136.12,2.0,22.399878302857655,22.422541432586655,22.399878302857655,22.422541432586655,0.7559286234400497,0.07859325432588604,0.006100840605937116
3404.0,136.16,2.0,22.50143729876478,22.326466527194476,22.50143729876478,22.326466527194476,0.760600456257787,0.07859325432588604,0.006100840605937116
3405.0,136.2,2.0,22.602546344420933,22.22991714428626,22.602546344420933,22.22991714428626,0.7652722890755242,0.07859325432588604,0.006100840605937116
3406.0,136.24,2.0,22.7032032171134,22.132895396903216,22.7032032171134,22.132895396903216,0.7699441218932616,0.07859325432588604,0.006100840605937116
3407.0,136.28,2.0,22.803405704079644,22.035403408526697,22.803405704079644,22.035403408526697,0.7746159547109988,0.07859325432588604,0.006100840605937116
3408.0,136.32,2.0,22.90315160255646,21.937443313031224,22.90315160255646,21.937443313031224,0.7792877875287361,0.07859325432588604,0.006100840605937116
3409.0,136.36,2.0,23.002438719828923,21.839017254637277,23.002438719828923,21.839017254637277,0.7839596203464733,0.07859325432588604,0.006100840605937116
3410.0,136.4,2.0,23.101264873279117,21.74012738786386,23.101264873279117,21.74012738786386,0.7886314531642106,0.07859325432588604,0.006100840605937116
3411.0,136.44,2.0,23.199627890434616,21.6407758774808,23.199627890434616,21.6407758774808,0.7933032859819479,0.07859325432588604,0.006100840605937116
3412.0,136.48,2.0,23.297525609016752,21.540964898460857,23.297525609016752,21.540964898460857,0.7979751187996851,0.07859325432588604,0.006100840605937116
3413.0,136.52,2.0,23.394955876988682,21.44069663593162,23.394955876988682,21.44069663593162,0.8026469516174222,0.07859325432588604,0.006100840605937116
3414.0,136.56,2.0,23.49191655260318,21.33997328512711,23.49191655260318,21.33997328512711,0.8073187844351596,0.07859325432588604,0.006100840605937116
3415.0,136.6,2.0,23.588405504450215,21.238797051339212,23.588405504450215,21.238797051339212,0.8119906172528969,0.07859325432588604,0.006100840605937116
3416.0,136.64000000000001,2.0,23.68442061150435,21.137170149868886,23.68442061150435,21.137170149868886,0.8166624500706341,0.07859325432588604,0.006100840605937116
3417.0,136.68,2.0,23.77995976317182,21.03509480597711,23.77995976317182,21.03509480597711,0.8213342828883713,0.07859325432588604,0.006100840605937116
3418.0,136.72,2.0,23.875020859337457,20.932573254835635,23.875020859337457,20.932573254835635,0.8260061157061086,0.07859325432588604,0.006100840605937116
3419.0,136.76,2.0,23.969601810411326,20.82960774147751,23.969601810411326,20.82960774147751,0.8306779485238458,0.07859325432588604,0.006100840605937116
3420.0,136.8,2.0,24.063700537375176,20.72620052074739,24.063700537375176,20.72620052074739,0.8353497813415831,0.07859325432588604,0.006100840605937116
3421.0,136.84,2.0,24.157314971828608,20.622353857251632,24.157314971828608,20.622353857251632,0.8400216141593203,0.07859325432588604,0.006100840605937116
3422.0,136.88,2.0,24.250443056035042,20.518070025308127,24.250443056035042,20.518070025308127,0.8446934469770575,0.07859325432588604,0.006100840605937116
3423.0,136.92000000000002,2.0,24.343082742967425,20.413351308896004,24.343082742967425,20.413351308896004,0.8493652797947947,0.07859325432588604,0.006100840605937116
3424.0,136.96,2.0,24.43523199635373,20.30820000160501,24.43523199635373,20.30820000160501,0.854037112612532,0.07859325432588604,0.006100840605937116
3425.0,137.0,2.0,24.526888790722158,20.20261840658476,24.526888790722158,20.20261840658476,0.8587089454302694,0.07859325432588604,0.006100840605937116
3426.0,137.04,2.0,24.61805111144618,20.09660883649376,24.61805111144618,20.09660883649376,0.8633807782480065,0.07859325432588604,0.006100840605937116
3427.0,137.08,2.0,24.708716954789264,19.990173613448167,24.708716954789264,19.990173613448167,0.8680526110657439,0.07859325432588604,0.006100840605937116
3428.0,137.12,2.0,24.7988843279494,19.883315068970386,24.7988843279494,19.883315068970386,0.8727244438834811,0.07859325432588604,0.006100840605937116
3429.0,137.16,2.0,24.888551249103365,19.77603554393745,24.888551249103365,19.77603554393745,0.8773962767012182,0.07859325432588604,0.006100840605937116
3430.0,137.20000000000002,2.0,24.97771574745078,19.668337388529174,24.97771574745078,19.668337388529174,0.8820681095189556,0.07859325432588604,0.006100840605937116
3431.0,137.24,2.0,25.066375863257832,19.560222962176134,25.066375863257832,19.560222962176134,0.8867399423366928,0.07859325432588604,0.006100840605937116
3432.0,137.28,2.0,25.15452964790088,19.45169463350737,25.15452964790088,19.45169463350737,0.8914117751544299,0.07859325432588604,0.006100840605937116
3433.0,137.32,2.0,25.242175163909685,19.342754780297987,25.242175163909685,19.342754780297987,0.8960836079721674,0.07859325432588604,0.006100840605937116
3434.0,137.36,2.0,25.329310485010488,19.23340578941646,25.329310485010488,19.23340578941646,0.9007554407899047,0.07859325432588604,0.006100840605937116
3435.0,137.4,2.0,25.415933696168786,19.123650056771787,25.415933696168786,19.123650056771787,0.9054272736076419,0.07859325432588604,0.006100840605937116
3436.0,137.44,2.0,25.50204289363186,19.013489987260407,25.50204289363186,19.013489987260407,0.9100991064253792,0.07859325432588604,0.006100840605937116
3437.0,137.48,2.0,25.587636184971092,18.90292799471295,25.587636184971092,18.90292799471295,0.9147709392431164,0.07859325432588604,0.006100840605937116
3438.0,137.52,2.0,25.672711689123975,18.79196650184078,25.672711689123975,18.79196650184078,0.9194427720608536,0.07859325432588604,0.006100840605937116
3439.0,137.56,2.0,25.757267536435915,18.680607940182306,25.757267536435915,18.680607940182306,0.9241146048785909,0.07859325432588604,0.006100840605937116
3440.0,137.6,2.0,25.841301868701766,18.568854750049148,25.841301868701766,18.568854750049148,0.9287864376963283,0.07859325432588604,0.006100840605937116
3441.0,137.64000000000001,2.0,25.92481283920706,18.45670938047207,25.92481283920706,18.45670938047207,0.9334582705140655,0.07859325432588604,0.006100840605937116
3442.0,137.68,2.0,26.007798612769108,18.344174289146718,26.007798612769108,18.344174289146718,0.9381301033318028,0.07859325432588604,0.006100840605937116
3443.0,137.72,2.0,26.09025736577767,18.2312519423792,26.09025736577767,18.2312519423792,0.94280193614954,0.07859325432588604,0.006100840605937116
3444.0,137.76,2.0,26.172187286235534,18.11794481503143,26.172187286235534,18.11794481503143,0.9474737689672772,0.07859325432588604,0.006100840605937116
3445.0,137.8,2.0,26.253586573798714,18.004255390466312,26.253586573798714,18.004255390466312,0.9521456017850143,0.07859325432588604,0.006100840605937116
3446.0,137.84,2.0,26.334453439816457,17.890186160492725,26.334453439816457,17.890186160492725,0.9568174346027517,0.07859325432588604,0.006100840605937116
3447.0,137.88,2.0,26.414786107370976,17.77573962531029,26.414786107370976,17.77573962531029,0.9614892674204889,0.07859325432588604,0.006100840605937116
3448.0,137.92000000000002,2.0,26.494582811316896,17.660918293454028,26.494582811316896,17.660918293454028,0.9661611002382262,0.07859325432588604,0.006100840605937116
3449.0,137.96,2.0,26.573841798320466,17.545724681738726,26.573841798320466,17.545724681738726,0.9708329330559634,0.07859325432588604,0.006100840605937116
3450.0,138.0,2.0,26.652561326898507,17.430161315203215,26.652561326898507,17.430161315203215,0.9755047658737006,0.07859325432588604,0.006100840605937116
3451.0,138.04,2.0,26.730739667457062,17.314230727054387,26.730739667457062,17.314230727054387,0.9801765986914379,0.07859325432588604,0.006100840605937116
3452.0,138.08,2.0,26.80837510232983,17.197935458611113,26.80837510232983,17.197935458611113,0.9848484315091752,0.07859325432588604,0.006100840605937116
3453.0,138.12,2.0,26.885465925816316,17.081278059247875,26.885465925816316,17.081278059247875,0.9895202643269124,0.07859325432588604,0.006100840605937116
3454.0,138.16,2.0,26.96201044421968,16.96426108633832,26.96201044421968,16.96426108633832,0.9941920971446496,0.07859325432588604,0.006100840605937116
3455.0,138.20000000000002,2.0,27.03800697588438,16.84688710519857,27.03800697588438,16.84688710519857,0.9988639299623868,0.07859325432588604,0.006100840605937116
3456.0,138.24,2.0,27.113453851233476,16.729158689030367,27.113453851233476,16.729158689030367,1.003535762780124,0.07859325432588604,0.006100840605937116
3457.0,138.28,2.0,27.188349412805756,16.611078418864086,27.188349412805756,16.611078418864086,1.0082075955978613,0.07859325432588604,0.006100840605937116
3458.0,138.32,2.0,27.262692015292497,16.4926488835015,27.262692015292497,16.4926488835015,1.0128794284155986,0.07859325432588604,0.006100840605937116
3459.0,138.36,2.0,27.336480025574012,16.373872679458422,27.336480025574012,16.373872679458422,1.017551261233336,0.07859325432588604,0.006100840605937116
3460.0,138.4,2.0,27.409711822755924,16.254752410907173,27.409711822755924,16.254752410907173,1.0222230940510728,0.07859325432588604,0.006100840605937116
3461.0,138.44,2.0,27.482385798205126,16.13529068961885,27.482385798205126,16.13529068961885,1.0268949268688101,0.07859325432588604,0.006100840605937116
3462.0,138.48,2.0,27.55450035558553,16.01549013490545,27.55450035558553,16.01549013490545,1.0315667596865474,0.07859325432588604,0.006100840605937116
3463.0,138.52,2.0,27.626053910893482,15.895353373561823,27.626053910893482,15.895353373561823,1.0362385925042847,0.07859325432588604,0.006100840605937116
3464.0,138.56,2.0,27.697044892492944,15.77488303980746,27.697044892492944,15.77488303980746,1.0409104253220218,0.07859325432588604,0.006100840605937116
3465.0,138.6,2.0,27.767471741150388,15.654081775228079,27.767471741150388,15.654081775228079,1.0455822581397591,0.07859325432588604,0.006100840605937116
3466.0,138.64000000000001,2.0,27.83733291006941,15.532952228717104,27.83733291006941,15.532952228717104,1.0502540909574962,0.07859325432588604,0.006100840605937116
3467.0,138.68,2.0,27.906626864925034,15.411497056416948,27.906626864925034,15.411497056416948,1.0549259237752335,0.07859325432588604,0.006100840605937116
3468.0,138.72,2.0,27.97535208389784,15.289718921660121,27.97535208389784,15.289718921660121,1.0595977565929706,0.07859325432588604,0.006100840605937116
3469.0,138.76,2.0,28.043507057707693,15.167620494910233,28.043507057707693,15.167620494910233,1.064269589410708,0.07859325432588604,0.006100840605937116
3470.0,138.8,2.0,28.111090289647258,15.045204453702757,28.111090289647258,15.045204453702757,1.0689414222284452,0.07859325432588604,0.006100840605937116
3471.0,138.84,2.0,28.178100295615224,14.922473482585707,28.178100295615224,14.922473482585707,1.0736132550461823,0.07859325432588604,0.006100840605937116
3472.0,138.88,2.0,28.244535604149252,14.799430273060125,28.244535604149252,14.799430273060125,1.0782850878639194,0.07859325432588604,0.006100840605937116
3473.0,138.92000000000002,2.0,28.310394756458624,14.676077523520409,28.310394756458624,14.676077523520409,1.0829569206816567,0.07859325432588604,0.006100840605937116
3474.0,138.96,2.0,28.375676306456636,14.552417939194507,28.375676306456636,14.552417939194507,1.0876287534993938,0.07859325432588604,0.006100840605937116
3475.0,139.0,2.0,28.44037882079266,14.428454232083942,28.44037882079266,14.428454232083942,1.0923005863171311,0.07859325432588604,0.006100840605937116
3476.0,139.04,2.0,28.504500878884,14.304189120903697,28.504500878884,14.304189120903697,1.0969724191348684,0.07859325432588604,0.006100840605937116
3477.0,139.08,2.0,28.56804107294737,14.179625331021944,28.56804107294737,14.179625331021944,1.1016442519526055,0.07859325432588604,0.006100840605937116
3478.0,139.12,2.0,28.630998008030172,14.054765594399612,28.630998008030172,14.054765594399612,1.1063160847703426,0.07859325432588604,0.006100840605937116
3479.0,139.16,2.0,28.693370302041444,13.92961264952984,28.693370302041444,13.92961264952984,1.1109879175880797,0.07859325432588604,0.006100840605937116
3480.0,139.20000000000002,2.0,28.755156585782498,13.80416924137727,28.755156585782498,13.80416924137727,1.115659750405817,0.07859325432588604,0.006100840605937116
3481.0,139.24,2.0,28.81635550297734,13.678438121317162,28.81635550297734,13.678438121317162,1.1203315832235543,0.07859325432588604,0.006100840605937116
3482.0,139.28,2.0,28.87696571030275,13.552422047074433,28.87696571030275,13.552422047074433,1.1250034160412914,0.07859325432588604,0.006100840605937116
3483.0,139.32,2.0,28.93698587741806,13.426123782662483,28.93698587741806,13.426123782662483,1.1296752488590287,0.07859325432588604,0.006100840605937116
3484.0,139.36,2.0,28.99641468699472,13.299546098321944,28.99641468699472,13.299546098321944,1.1343470816767658,0.07859325432588604,0.006100840605937116
3485.0,139.4,2.0,29.055250834745458,13.172691770459233,29.055250834745458,13.172691770459233,1.1390189144945029,0.07859325432588604,0.006100840605937116
3486.0,139.44,2.0,29.113493029453288,13.045563581585023,29.113493029453288,13.045563581585023,1.1436907473122402,0.07859325432588604,0.006100840605937116
3487.0,139.48,2.0,29.171139993000093,12.918164320252526,29.171139993000093,12.918164320252526,1.1483625801299775,0.07859325432588604,0.006100840605937116
3488.0,139.52,2.0,29.228190460394995,12.790496780995689,29.228190460394995,12.790496780995689,1.1530344129477146,0.07859325432588604,0.006100840605937116
3489.0,139.56,2.0,29.284643179802412,12.662563764267206,29.284643179802412,12.662563764267206,1.157706245765452,0.07859325432588604,0.006100840605937116
3490.0,139.6,2.0,29.340496912569858,12.534368076376452,29.340496912569858,12.534368076376452,1.162378078583189,0.07859325432588604,0.006100840605937116
3491.0,139.64000000000001,2.0,29.395750433255337,12.40591252942724,29.395750433255337,12.40591252942724,1.1670499114009263,0.07859325432588604,0.006100840605937116
3492.0,139.68,2.0,29.450402529654593,12.27719994125548,29.450402529654593,12.27719994125548,1.1717217442186634,0.07859325432588604,0.006100840605937116
3493.0,139.72,2.0,29.504452002827957,12.148233135366693,29.504452002827957,12.148233135366693,1.1763935770364005,0.07859325432588604,0.006100840605937116
3494.0,139.76,2.0,29.55789766712694,12.019014940873403,29.55789766712694,12.019014940873403,1.1810654098541378,0.07859325432588604,0.006100840605937116
3495.0,139.8,2.0,29.610738350220515,11.889548192432414,29.610738350220515,11.889548192432414,1.185737242671875,0.07859325432588604,0.006100840605937116
3496.0,139.84,2.0,29.66297289312113,11.759835730181944,29.66297289312113,11.759835730181944,1.1904090754896122,0.07859325432588604,0.006100840605937116
3497.0,139.88,2.0,29.714600150210373,11.629880399678656,29.714600150210373,11.629880399678656,1.1950809083073495,0.07859325432588604,0.006100840605937116
3498.0,139.92000000000002,2.0,29.765618989264407,11.499685051834552,29.765618989264407,11.499685051834552,1.1997527411250866,0.07859325432588604,0.006100840605937116
3499.0,139.96,2.0,29.816028291479036,11.369252542853761,29.816028291479036,11.369252542853761,1.2044245739428239,0.07859325432588604,0.006100840605937116
3500.0,140.0,2.0,29.865826951494512,11.238585734169206,29.865826951494512,11.238585734169206,1.2090964067605612,0.07859325432588604,0.006100840605937116
3501.0,140.04,2.0,29.91501387742005,11.107687492379142,29.91501387742005,11.107687492379142,1.213768239578298,0.07859325432588604,0.006100840605937116
3502.0,140.08,2.0,29.96358799085802,10.9765606891836,29.96358799085802,10.9765606891836,1.2184400723960356,0.07859325432588604,0.006100840605937116
3503.0,140.12,2.0,30.011548226927836,10.845208201320698,30.011548226927836,10.845208201320698,1.2231119052137724,0.07859325432588604,0.006100840605937116
3504.0,140.16,2.0,30.05889353428957,10.71363291050285,30.05889353428957,10.71363291050285,1.2277837380315098,0.07859325432588604,0.006100840605937116
3505.0,140.20000000000002,2.0,30.105622875167228,10.581837703352873,30.105622875167228,10.581837703352873,1.232455570849247,0.07859325432588604,0.006100840605937116
3506.0,140.24,2.0,30.151735225371755,10.449825471339953,30.151735225371755,10.449825471339953,1.2371274036669841,0.07859325432588604,0.006100840605937116
3507.0,140.28,2.0,30.197229574323735,10.317599110715538,30.197229574323735,10.317599110715538,1.2417992364847215,0.07859325432588604,0.006100840605937116
3508.0,140.32,2.0,30.242104925075772,10.185161522449112,30.242104925075772,10.185161522449112,1.2464710693024585,0.07859325432588604,0.006100840605937116
3509.0,140.36,2.0,30.28636029433456,10.052515612163857,30.28636029433456,10.052515612163857,1.2511429021201956,0.07859325432588604,0.006100840605937116
3510.0,140.4,2.0,30.32999471248266,9.919664290072214,30.32999471248266,9.919664290072214,1.2558147349379332,0.07859325432588604,0.006100840605937116
3511.0,140.44,2.0,30.373007223600013,9.78661047091135,30.373007223600013,9.78661047091135,1.2604865677556703,0.07859325432588604,0.006100840605937116
3512.0,140.48,2.0,30.41539688548506,9.653357073878517,30.41539688548506,9.653357073878517,1.2651584005734073,0.07859325432588604,0.006100840605937116
3513.0,140.52,2.0,30.45716276967563,9.519907022566318,30.45716276967563,9.519907022566318,1.2698302333911446,0.07859325432588604,0.006100840605937116
3514.0,140.56,2.0,30.498303961469503,9.38626324489786,30.498303961469503,9.38626324489786,1.2745020662088817,0.07859325432588604,0.006100840605937116
3515.0,140.6,2.0,30.538819559944642,9.25242867306183,30.538819559944642,9.25242867306183,1.279173899026619,0.07859325432588604,0.006100840605937116
3516.0,140.64000000000001,2.0,30.57870867797913,9.118406243447465,30.57870867797913,9.118406243447465,1.2838457318443564,0.07859325432588604,0.006100840605937116
3517.0,140.68,2.0,30.617970442270842,8.98419889657943,30.617970442270842,8.98419889657943,1.2885175646620932,0.07859325432588604,0.006100840605937116
3518.0,140.72,2.0,30.656603993356736,8.84980957705261,30.656603993356736,8.84980957705261,1.2931893974798307,0.07859325432588604,0.006100840605937116
3519.0,140.76,2.0,30.694608485631875,8.715241233466795,30.694608485631875,8.715241233466795,1.2978612302975676,0.07859325432588604,0.006100840605937116
3520.0,140.8,2.0,30.73198308736815,8.5804968183613,30.73198308736815,8.5804968183613,1.302533063115305,0.07859325432588604,0.006100840605937116
3521.0,140.84,2.0,30.76872698073269,8.445579288149478,30.76872698073269,8.445579288149478,1.3072048959330422,0.07859325432588604,0.006100840605937116
3522.0,140.88,2.0,30.804839361805904,8.310491603053155,30.804839361805904,8.310491603053155,1.3118767287507793,0.07859325432588604,0.006100840605937116
3523.0,140.92000000000002,2.0,30.840319440599313,8.175236727036971,30.840319440599313,8.175236727036971,1.3165485615685166,0.07859325432588604,0.006100840605937116
3524.0,140.96,2.0,30.875166441073002,8.039817627742668,30.875166441073002,8.039817627742668,1.3212203943862537,0.07859325432588604,0.006100840605937116
3525.0,141.0,2.0,30.90937960115277,7.904237276423244,30.90937960115277,7.904237276423244,1.325892227203991,0.07859325432588604,0.006100840605937116
3526.0,141.04,2.0,30.942958172746994,7.768498647877078,30.942958172746994,7.768498647877078,1.3305640600217283,0.07859325432588604,0.006100840605937116
3527.0,141.08,2.0,30.975901421763137,7.63260472038195,30.975901421763137,7.63260472038195,1.3352358928394654,0.07859325432588604,0.006100840605937116
3528.0,141.12,2.0,31.00820862812398,7.4965584756289845,31.00820862812398,7.4965584756289845,1.3399077256572025,0.07859325432588604,0.006100840605937116
3529.0,141.16,2.0,31.03987908578357,7.360362898656523,31.03987908578357,7.360362898656523,1.3445795584749398,0.07859325432588604,0.006100840605937116
3530.0,141.20000000000002,2.0,31.070912102742778,7.224020977783923,31.070912102742778,7.224020977783923,1.349251391292677,0.07859325432588604,0.006100840605937116
3531.0,141.24,2.0,31.101307001064576,7.087535704545286,31.101307001064576,7.087535704545286,1.3539232241104142,0.07859325432588604,0.006100840605937116
3532.0,141.28,2.0,31.13106311688905,6.950910073623106,31.13106311688905,6.950910073623106,1.3585950569281513,0.07859325432588604,0.006100840605937116
3533.0,141.32,2.0,31.16017980044802,6.814147082781846,31.16017980044802,6.814147082781846,1.3632668897458886,0.07859325432588604,0.006100840605937116
3534.0,141.36,2.0,31.188656416079404,6.677249732801473,31.188656416079404,6.677249732801473,1.367938722563626,0.07859325432588604,0.006100840605937116
3535.0,141.4,2.0,31.21649234224123,6.540221027410878,31.21649234224123,6.540221027410878,1.372610555381363,0.07859325432588604,0.006100840605937116
3536.0,141.44,2.0,31.243686971525374,6.403063973221289,31.243686971525374,6.403063973221289,1.3772823881991,0.07859325432588604,0.006100840605937116
3537.0,141.48,2.0,31.27023971067094,6.265781579659564,31.27023971067094,6.265781579659564,1.3819542210168374,0.07859325432588604,0.006100840605937116
3538.0,141.52,2.0,31.296149980577336,6.128376858901462,31.296149980577336,6.128376858901462,1.3866260538345745,0.07859325432588604,0.006100840605937116
3539.0,141.56,2.0,31.32141721631708,5.990852825804831,31.32141721631708,5.990852825804831,1.3912978866523118,0.07859325432588604,0.006100840605937116
3540.0,141.6,2.0,31.3460408671482,5.853212497842746,31.3460408671482,5.853212497842746,1.395969719470049,0.07859325432588604,0.006100840605937116
3541.0,141.64000000000001,2.0,31.3700203965264,5.715458895036589,31.3700203965264,5.715458895036589,1.4006415522877862,0.07859325432588604,0.006100840605937116
3542.0,141.68,2.0,31.393355282116897,5.577595039889067,31.393355282116897,5.577595039889067,1.4053133851055233,0.07859325432588604,0.006100840605937116
3543.0,141.72,2.0,31.416045015805878,5.4396239573171785,31.416045015805878,5.4396239573171785,1.4099852179232604,0.07859325432588604,0.006100840605937116
3544.0,141.76,2.0,31.438089103711697,5.3015486745851295,31.438089103711697,5.3015486745851295,1.4146570507409977,0.07859325432588604,0.006100840605937116
3545.0,141.8,2.0,31.459487066195788,5.163372221237193,31.459487066195788,5.163372221237193,1.419328883558735,0.07859325432588604,0.006100840605937116
3546.0,141.84,2.0,31.480238437873158,5.025097629030516,31.480238437873158,5.025097629030516,1.424000716376472,0.07859325432588604,0.006100840605937116
3547.0,141.88,2.0,31.50034276762264,4.886727931867887,31.50034276762264,4.886727931867887,1.4286725491942094,0.07859325432588604,0.006100840605937116
3548.0,141.92000000000002,2.0,31.519799618596828,4.748266165730447,31.519799618596828,4.748266165730447,1.4333443820119465,0.07859325432588604,0.006100840605937116
3549.0,141.96,2.0,31.538608568231645,4.609715368610358,31.538608568231645,4.609715368610358,1.4380162148296836,0.07859325432588604,0.006100840605937116
3550.0,142.0,2.0,31.55676920825561,4.471078580443425,31.55676920825561,4.471078580443425,1.4426880476474209,0.07859325432588604,0.006100840605937116
3551.0,142.04,2.0,31.57428114469886,4.332358843041685,31.57428114469886,4.332358843041685,1.4473598804651582,0.07859325432588604,0.006100840605937116
3552.0,142.08,2.0,31.591143997901717,4.193559200025934,31.591143997901717,4.193559200025934,1.4520317132828953,0.07859325432588604,0.006100840605937116
3553.0,142.12,2.0,31.607357402523057,4.054682696758239,31.607357402523057,4.054682696758239,1.4567035461006326,0.07859325432588604,0.006100840605937116
3554.0,142.16,2.0,31.62292100754828,3.9157323802743904,31.62292100754828,3.9157323802743904,1.4613753789183697,0.07859325432588604,0.006100840605937116
3555.0,142.20000000000002,2.0,31.637834476297023,3.7767112992163314,31.637834476297023,3.7767112992163314,1.466047211736107,0.07859325432588604,0.006100840605937116
3556.0,142.24,2.0,31.652097486430513,3.637622503764547,31.652097486430513,3.637622503764547,1.470719044553844,0.07859325432588604,0.006100840605937116
3557.0,142.28,2.0,31.665709729958586,3.498469045570417,31.665709729958586,3.498469045570417,1.4753908773715811,0.07859325432588604,0.006100840605937116
3558.0,142.32,2.0,31.678670913246457,3.35925397768854,31.678670913246457,3.35925397768854,1.4800627101893185,0.07859325432588604,0.006100840605937116
3559.0,142.36,2.0,31.690980757021073,3.2199803545090275,31.690980757021073,3.2199803545090275,1.4847345430070558,0.07859325432588604,0.006100840605937116
3560.0,142.4,2.0,31.702638996377225,3.0806512316897656,31.702638996377225,3.0806512316897656,1.4894063758247928,0.07859325432588604,0.006100840605937116
3561.0,142.44,2.0,31.713645380783333,2.941269666088649,31.713645380783333,2.941269666088649,1.4940782086425302,0.07859325432588604,0.006100840605937116
3562.0,142.48,2.0,31.723999674086837,2.8018387156957925,31.723999674086837,2.8018387156957925,1.4987500414602672,0.07859325432588604,0.006100840605937116
3563.0,142.52,2.0,31.733701654519347,2.6623614395657134,31.733701654519347,2.6623614395657134,1.5034218742780046,0.07859325432588604,0.006100840605937116
3564.0,142.56,2.0,31.74275111470144,2.522840897749494,31.74275111470144,2.522840897749494,1.5080937070957419,0.07859325432588604,0.006100840605937116
3565.0,142.6,2.0,31.751147861647173,2.38328015122692,31.751147861647173,2.38328015122692,1.5127655399134787,0.07859325432588604,0.006100840605937116
3566.0,142.64000000000001,2.0,31.758891716768158,2.243682261838601,31.758891716768158,2.243682261838601,1.5174373727312163,0.07859325432588604,0.006100840605937116
3567.0,142.68,2.0,31.765982515877504,2.104050292218071,31.765982515877504,2.104050292218071,1.5221092055489531,0.07859325432588604,0.006100840605937116
3568.0,142.72,2.0,31.77242010919327,1.9643873057238703,31.77242010919327,1.9643873057238703,1.5267810383666904,0.07859325432588604,0.006100840605937116
3569.0,142.76,2.0,31.778204361341665,1.8246963663716156,31.778204361341665,1.8246963663716156,1.5314528711844277,0.07859325432588604,0.006100840605937116
3570.0,142.8,2.0,31.783335151359957,1.6849805387660528,31.783335151359957,1.6849805387660528,1.5361247040021648,0.07859325432588604,0.006100840605937116
3571.0,142.84,2.0,31.787812372698983,1.545242888033099,31.787812372698983,1.545242888033099,1.5407965368199021,0.07859325432588604,0.006100840605937116
3572.0,142.88,2.0,31.79163593322543,1.4054864797518725,31.79163593322543,1.4054864797518725,1.5454683696376392,0.07859325432588604,0.006100840605937116
3573.0,142.92000000000002,2.0,31.794805755223706,1.2657143798867139,31.794805755223706,1.2657143798867139,1.5501402024553763,0.07859325432588604,0.006100840605937116
3574.0,142.96,2.0,31.797321775397556,1.1259296547191986,31.797321775397556,1.1259296547191986,1.5548120352731138,0.07859325432588604,0.006100840605937116
3575.0,143.0,2.0,31.799183944871316,0.9861353707801438,31.799183944871316,0.9861353707801438,1.559483868090851,0.07859325432588604,0.006100840605937116
3576.0,143.04,2.0,31.800392229190855,0.8463345947816094,31.800392229190855,0.8463345947816094,1.564155700908588,0.07859325432588604,0.006100840605937116
3577.0,143.08,2.0,31.800946608324228,0.706530393548897,31.800946608324228,0.706530393548897,1.5688275337263253,0.07859325432588604,0.006100840605937116
3578.0,143.12,2.0,31.80084707666195,0.5667258339525453,31.80084707666195,0.5667258339525453,1.5734993665440624,0.07859325432588604,0.006100840605937116
3579.0,143.16,2.0,31.80009364301701,0.42692398284032623,31.80009364301701,0.42692398284032623,1.5781711993617997,0.07859325432588604,0.006100840605937116
3580.0,143.20000000000002,2.0,31.7986863306245,0.2871279069692422,31.7986863306245,0.2871279069692422,1.582843032179537,0.07859325432588604,0.006100840605937116
3581.0,143.24,2.0,31.796625177140953,0.1473406729375258,31.796625177140953,0.1473406729375258,1.587514864997274,0.07859325432588604,0.006100840605937116
3582.0,143.28,2.0,31.79391023464342,0.007565347116643495,31.79391023464342,0.007565347116643495,1.5921866978150114,0.07859325432588604,0.006100840605937116
3583.0,143.32,2.0,31.7905415696281,-0.1321950044166945,31.7905415696281,-0.1321950044166945,1.5968585306327483,0.07859325432588604,0.006100840605937116
3584.0,143.36,2.0,31.78651926300874,-0.2719373159485173,31.78651926300874,-0.2719373159485173,1.6015303634504856,0.07859325432588604,0.006100840605937116
3585.0,143.4,2.0,31.781843410114686,-0.4116585221955675,31.781843410114686,-0.4116585221955675,1.6062021962682231,0.07859325432588604,0.006100840605937116
3586.0,143.44,2.0,31.776514120688642,-0.5513555583732653,31.776514120688642,-0.5513555583732653,1.61087402908596,0.07859325432588604,0.006100840605937116
3587.0,143.48,2.0,31.770531518884034,-0.691025360263661,31.770531518884034,-0.691025360263661,1.615545861903697,0.07859325432588604,0.006100840605937116
3588.0,143.52,2.0,31.763895743262147,-0.8306648642833725,31.763895743262147,-0.8306648642833725,1.6202176947214344,0.07859325432588604,0.006100840605937116
3589.0,143.56,2.0,31.756606946788857,-0.9702710075515111,31.756606946788857,-0.9702710075515111,1.6248895275391717,0.07859325432588604,0.006100840605937116
3590.0,143.6,2.0,31.748665296831103,-1.1098407279575873,31.748665296831103,-1.1098407279575873,1.6295613603569088,0.07859325432588604,0.006100840605937116
3591.0,143.64000000000001,2.0,31.740070975153024,-1.249370964229401,31.740070975153024,-1.249370964229401,1.634233193174646,0.07859325432588604,0.006100840605937116
3592.0,143.68,2.0,31.73082417791172,-1.3888586560009126,31.73082417791172,-1.3888586560009126,1.6389050259923834,0.07859325432588604,0.006100840605937116
3593.0,143.72,2.0,31.72092511565279,-1.528300743880091,31.72092511565279,-1.528300743880091,1.6435768588101205,0.07859325432588604,0.006100840605937116
3594.0,143.76,2.0,31.710374013305454,-1.66769416951674,31.710374013305454,-1.66769416951674,1.6482486916278574,0.07859325432588604,0.006100840605937116
3595.0,143.8,2.0,31.69917111017744,-1.8070358756703029,31.69917111017744,-1.8070358756703029,1.652920524445595,0.07859325432588604,0.006100840605937116
3596.0,143.84,2.0,31.687316659949477,-1.9463228062776377,31.687316659949477,-1.9463228062776377,1.6575923572633322,0.07859325432588604,0.006100840605937116
3597.0,143.88,2.0,31.674810930669498,-2.085551906520769,31.674810930669498,-2.085551906520769,1.662264190081069,0.07859325432588604,0.006100840605937116
3598.0,143.92000000000002,2.0,31.661654204746544,-2.224720122894607,31.661654204746544,-2.224720122894607,1.6669360228988066,0.07859325432588604,0.006100840605937116
3599.0,143.96,2.0,31.647846778944313,-2.3638244032746436,31.647846778944313,-2.3638244032746436,1.671607855716544,0.07859325432588604,0.006100840605937116
3600.0,144.0,2.0,31.63338896437441,-2.502861696984607,31.63338896437441,-2.502861696984607,1.6762796885342808,0.07859325432588604,0.006100840605937116
3601.0,144.04,2.0,31.61828108648927,-2.6418289548640943,31.61828108648927,-2.6418289548640943,1.6809515213520179,0.07859325432588604,0.006100840605937116
3602.0,144.08,2.0,31.602523485074755,-2.7807231293361565,31.602523485074755,-2.7807231293361565,1.6856233541697552,0.07859325432588604,0.006100840605937116
3603.0,144.12,2.0,31.586116514242452,-2.919541174474862,31.586116514242452,-2.919541174474862,1.6902951869874923,0.07859325432588604,0.006100840605937116
3604.0,144.16,2.0,31.569060542421624,-3.0582800460728117,31.569060542421624,-3.0582800460728117,1.6949670198052296,0.07859325432588604,0.006100840605937116
3605.0,144.20000000000002,2.0,31.55135595235087,-3.196936701708617,31.55135595235087,-3.196936701708617,1.6996388526229669,0.07859325432588604,0.006100840605937116
3606.0,144.24,2.0,31.533003141069447,-3.335508100814342,31.533003141069447,-3.335508100814342,1.704310685440704,0.07859325432588604,0.006100840605937116
3607.0,144.28,2.0,31.514002519908274,-3.4739912047428967,31.514002519908274,-3.4739912047428967,1.7089825182584413,0.07859325432588604,0.006100840605937116
3608.0,144.32,2.0,31.494354514480637,-3.6123829768353923,31.494354514480637,-3.6123829768353923,1.7136543510761786,0.07859325432588604,0.006100840605937116
3609.0,144.36,2.0,31.474059564672547,-3.750680382488445,31.474059564672547,-3.750680382488445,1.7183261838939157,0.07859325432588604,0.006100840605937116
3610.0,144.4,2.0,31.4531181246328,-3.888880389221444,31.4531181246328,-3.888880389221444,1.7229980167116525,0.07859325432588604,0.006100840605937116
3611.0,144.44,2.0,31.431530662762714,-4.026979966743757,31.431530662762714,-4.026979966743757,1.72766984952939,0.07859325432588604,0.006100840605937116
3612.0,144.48,2.0,31.40929766170555,-4.164976087021897,31.40929766170555,-4.164976087021897,1.7323416823471274,0.07859325432588604,0.006100840605937116
3613.0,144.52,2.0,31.386419618335612,-4.30286572434663,31.386419618335612,-4.30286572434663,1.7370135151648642,0.07859325432588604,0.006100840605937116
3614.0,144.56,2.0,31.36289704374704,-4.440645855400044,31.36289704374704,-4.440645855400044,1.7416853479826018,0.07859325432588604,0.006100840605937116
3615.0,144.6,2.0,31.33873046324224,-4.578313459322542,31.33873046324224,-4.578313459322542,1.7463571808003386,0.07859325432588604,0.006100840605937116
3616.0,144.64000000000001,2.0,31.313920416320105,-4.715865517779797,31.313920416320105,-4.715865517779797,1.751029013618076,0.07859325432588604,0.006100840605937116
3617.0,144.68,2.0,31.288467456663778,-4.853299015029643,31.288467456663778,-4.853299015029643,1.7557008464358135,0.07859325432588604,0.006100840605937116
3618.0,144.72,2.0,31.26237215212823,-4.99061093798891,31.26237215212823,-4.99061093798891,1.7603726792535503,0.07859325432588604,0.006100840605937116
3619.0,144.76,2.0,31.235635084727402,-5.127798276300195,31.235635084727402,-5.127798276300195,1.7650445120712877,0.07859325432588604,0.006100840605937116
3620.0,144.8,2.0,31.208256850621176,-5.2648580223985695,31.208256850621176,-5.2648580223985695,1.7697163448890247,0.07859325432588604,0.006100840605937116
3621.0,144.84,2.0,31.180238060101857,-5.401787171578238,31.180238060101857,-5.401787171578238,1.774388177706762,0.07859325432588604,0.006100840605937116
3622.0,144.88,2.0,31.15157933758049,-5.538582722059111,31.15157933758049,-5.538582722059111,1.7790600105244991,0.07859325432588604,0.006100840605937116
3623.0,144.92000000000002,2.0,31.122281321572785,-5.675241675053327,31.122281321572785,-5.675241675053327,1.7837318433422364,0.07859325432588604,0.006100840605937116
3624.0,144.96,2.0,31.092344664684752,-5.811761034831702,31.092344664684752,-5.811761034831702,1.7884036761599735,0.07859325432588604,0.006100840605937116
3625.0,145.0,2.0,31.061770033598016,-5.948137808790106,31.061770033598016,-5.948137808790106,1.7930755089777108,0.07859325432588604,0.006100840605937116
3626.0,145.04,2.0,31.030558109054805,-6.084369007515781,31.030558109054805,-6.084369007515781,1.7977473417954482,0.07859325432588604,0.006100840605937116
3627.0,145.08,2.0,30.998709585842665,-6.220451644853567,30.998709585842665,-6.220451644853567,1.8024191746131852,0.07859325432588604,0.006100840605937116
3628.0,145.12,2.0,30.966225172778802,-6.356382737972076,30.966225172778802,-6.356382737972076,1.807091007430922,0.07859325432588604,0.006100840605937116
3629.0,145.16,2.0,30.933105592694176,-6.4921593074297785,30.933105592694176,-6.4921593074297785,1.8117628402486594,0.07859325432588604,0.006100840605937116
3630.0,145.20000000000002,2.0,30.89935158241724,-6.62777837724101,30.89935158241724,-6.62777837724101,1.816434673066397,0.07859325432588604,0.006100840605937116
3631.0,145.24,2.0,30.86496389275738,-6.763236974941911,30.86496389275738,-6.763236974941911,1.8211065058841343,0.07859325432588604,0.006100840605937116
3632.0,145.28,2.0,30.82994328848804,-6.898532131656282,30.82994328848804,-6.898532131656282,1.8257783387018711,0.07859325432588604,0.006100840605937116
3633.0,145.32,2.0,30.794290548329535,-7.033660882161354,30.794290548329535,-7.033660882161354,1.8304501715196086,0.07859325432588604,0.006100840605937116
3634.0,145.36,2.0,30.758006464931583,-7.168620264953478,30.758006464931583,-7.168620264953478,1.8351220043373455,0.07859325432588604,0.006100840605937116
3635.0,145.4,2.0,30.721091844855483,-7.303407322313738,30.721091844855483,-7.303407322313738,1.8397938371550828,0.07859325432588604,0.006100840605937116
3636.0,145.44,2.0,30.683547508555968,-7.438019100373474,30.683547508555968,-7.438019100373474,1.84446566997282,0.07859325432588604,0.006100840605937116
3637.0,145.48,2.0,30.64537429036286,-7.572452649179702,30.64537429036286,-7.572452649179702,1.8491375027905572,0.07859325432588604,0.006100840605937116
3638.0,145.52,2.0,30.606573038462262,-7.706705022760483,30.606573038462262,-7.706705022760483,1.8538093356082943,0.07859325432588604,0.006100840605937116
3639.0,145.56,2.0,30.56714461487757,-7.840773279190161,30.56714461487757,-7.840773279190161,1.8584811684260312,0.07859325432588604,0.006100840605937116
3640.0,145.6,2.0,30.527089895450093,-7.974654480654538,30.527089895450093,-7.974654480654538,1.863153001243769,0.07859325432588604,0.006100840605937116
3641.0,145.64000000000001,2.0,30.486409769819403,-8.108345693515943,30.486409769819403,-8.108345693515943,1.867824834061506,0.07859325432588604,0.006100840605937116
3642.0,145.68,2.0,30.4451051414034,-8.241843988378214,30.4451051414034,-8.241843988378214,1.8724966668792433,0.07859325432588604,0.006100840605937116
3643.0,145.72,2.0,30.40317692737799,-8.375146440151578,30.40317692737799,-8.375146440151578,1.8771684996969804,0.07859325432588604,0.006100840605937116
3644.0,145.76,2.0,30.36062605865655,-8.508250128117435,30.36062605865655,-8.508250128117435,1.8818403325147177,0.07859325432588604,0.006100840605937116
3645.0,145.8,2.0,30.317453479869034,-8.641152135993057,30.317453479869034,-8.641152135993057,1.8865121653324546,0.07859325432588604,0.006100840605937116
3646.0,145.84,2.0,30.273660149340778,-8.77384955199615,30.273660149340778,-8.77384955199615,1.8911839981501917,0.07859325432588604,0.006100840605937116
3647.0,145.88,2.0,30.229247039071016,-8.906339468909373,30.229247039071016,-8.906339468909373,1.895855830967929,0.07859325432588604,0.006100840605937116
3648.0,145.92000000000002,2.0,30.184215134711074,-9.038618984144694,30.184215134711074,-9.038618984144694,1.9005276637856663,0.07859325432588604,0.006100840605937116
3649.0,145.96,2.0,30.138565435542283,-9.170685199807682,30.138565435542283,-9.170685199807682,1.9051994966034038,0.07859325432588604,0.006100840605937116
3650.0,146.0,2.0,30.09229895445357,-9.302535222761675,30.09229895445357,-9.302535222761675,1.9098713294211407,0.07859325432588604,0.006100840605937116
3651.0,146.04,2.0,30.04541671791872,-9.43416616469185,30.04541671791872,-9.43416616469185,1.9145431622388778,0.07859325432588604,0.006100840605937116
3652.0,146.08,2.0,29.99791976597342,-9.565575142169175,29.99791976597342,-9.565575142169175,1.919214995056615,0.07859325432588604,0.006100840605937116
3653.0,146.12,2.0,29.949809152191914,-9.696759276714257,29.949809152191914,-9.696759276714257,1.9238868278743522,0.07859325432588604,0.006100840605937116
3654.0,146.16,2.0,29.90108594366339,-9.82771569486108,29.90108594366339,-9.82771569486108,1.9285586606920895,0.07859325432588604,0.006100840605937116
3655.0,146.20000000000002,2.0,29.851751220968065,-9.958441528220632,29.851751220968065,-9.958441528220632,1.9332304935098268,0.07859325432588604,0.006100840605937116
3656.0,146.24,2.0,29.801806078153,-10.088933913544398,29.801806078153,-10.088933913544398,1.937902326327564,0.07859325432588604,0.006100840605937116
3657.0,146.28,2.0,29.751251622707542,-10.219189992787769,29.751251622707542,-10.219189992787769,1.9425741591453012,0.07859325432588604,0.006100840605937116
3658.0,146.32,2.0,29.700088975538545,-10.349206913173306,29.700088975538545,-10.349206913173306,1.9472459919630385,0.07859325432588604,0.006100840605937116
3659.0,146.36,2.0,29.64831927094524,-10.478981827253904,29.64831927094524,-10.478981827253904,1.9519178247807758,0.07859325432588604,0.006100840605937116
3660.0,146.4,2.0,29.59594365659384,-10.608511892975825,29.59594365659384,-10.608511892975825,1.9565896575985129,0.07859325432588604,0.006100840605937116
3661.0,146.44,2.0,29.542963293491805,-10.737794273741615,29.542963293491805,-10.737794273741615,1.9612614904162498,0.07859325432588604,0.006100840605937116
3662.0,146.48,2.0,29.489379355961876,-10.866826138472893,29.489379355961876,-10.866826138472893,1.9659333232339873,0.07859325432588604,0.006100840605937116
3663.0,146.52,2.0,29.435193031615746,-10.99560466167303,29.435193031615746,-10.99560466167303,1.9706051560517246,0.07859325432588604,0.006100840605937116
3664.0,146.56,2.0,29.380405521327482,-11.124127023489667,29.380405521327482,-11.124127023489667,1.9752769888694615,0.07859325432588604,0.006100840605937116
3665.0,146.6,2.0,29.32501803920661,-11.252390409777167,29.32501803920661,-11.252390409777167,1.979948821687199,0.07859325432588604,0.006100840605937116
3666.0,146.64000000000001,2.0,29.26903181257096,-11.380392012158868,29.26903181257096,-11.380392012158868,1.9846206545049363,0.07859325432588604,0.006100840605937116
3667.0,146.68,2.0,29.212448081919156,-11.508129028089257,29.212448081919156,-11.508129028089257,1.9892924873226732,0.07859325432588604,0.006100840605937116
3668.0,146.72,2.0,29.155268100902862,-11.635598660916003,29.155268100902862,-11.635598660916003,1.9939643201404107,0.07859325432588604,0.006100840605937116
3669.0,146.76,2.0,29.097493136298727,-11.762798119941825,29.097493136298727,-11.762798119941825,1.9986361529581476,0.07859325432588604,0.006100840605937116
3670.0,146.8,2.0,29.03912446797998,-11.889724620486287,29.03912446797998,-11.889724620486287,2.003307985775885,0.07859325432588604,0.006100840605937116
3671.0,146.84,2.0,28.98016338888785,-12.016375383947384,28.98016338888785,-12.016375383947384,2.007979818593622,0.07859325432588604,0.006100840605937116
3672.0,146.88,2.0,28.920611205002565,-12.142747637863064,28.920611205002565,-12.142747637863064,2.012651651411359,0.07859325432588604,0.006100840605937116
3673.0,146.92000000000002,2.0,28.86046923531415,-12.268838615972552,28.86046923531415,-12.268838615972552,2.0173234842290966,0.07859325432588604,0.006100840605937116
3674.0,146.96,2.0,28.799738811792917,-12.394645558277574,28.799738811792917,-12.394645558277574,2.021995317046833,0.07859325432588604,0.006100840605937116
3675.0,147.0,2.0,28.73842127935963,-12.520165711103422,28.73842127935963,-12.520165711103422,2.0266671498645707,0.07859325432588604,0.006100840605937116
3676.0,147.04,2.0,28.676517995855438,-12.645396327159878,28.676517995855438,-12.645396327159878,2.031338982682308,0.07859325432588604,0.006100840605937116
3677.0,147.08,2.0,28.614030332011463,-12.770334665602,28.614030332011463,-12.770334665602,2.036010815500045,0.07859325432588604,0.006100840605937116
3678.0,147.12,2.0,28.550959671418163,-12.894977992090762,28.550959671418163,-12.894977992090762,2.0406826483177825,0.07859325432588604,0.006100840605937116
3679.0,147.16,2.0,28.48730741049434,-13.019323578853541,28.48730741049434,-13.019323578853541,2.0453544811355195,0.07859325432588604,0.006100840605937116
3680.0,147.20000000000002,2.0,28.42307495845592,-13.14336870474447,28.42307495845592,-13.14336870474447,2.050026313953256,0.07859325432588604,0.006100840605937116
3681.0,147.24,2.0,28.358263737284442,-13.26711065530462,28.358263737284442,-13.26711065530462,2.0546981467709937,0.07859325432588604,0.006100840605937116
3682.0,147.28,2.0,28.2928751816952,-13.39054672282206,28.2928751816952,-13.39054672282206,2.059369979588731,0.07859325432588604,0.006100840605937116
3683.0,147.32,2.0,28.22691073910521,-13.513674206391732,28.22691073910521,-13.513674206391732,2.064041812406468,0.07859325432588604,0.006100840605937116
3684.0,147.36,2.0,28.160371869600777,-13.636490411975217,28.160371869600777,-13.636490411975217,2.068713645224205,0.07859325432588604,0.006100840605937116
3685.0,147.4,2.0,28.09326004590489,-13.758992652460297,28.09326004590489,-13.758992652460297,2.073385478041942,0.07859325432588604,0.006100840605937116
3686.0,147.44,2.0,28.02557675334424,-13.88117824772039,28.02557675334424,-13.88117824772039,2.078057310859679,0.07859325432588604,0.006100840605937116
3687.0,147.48,2.0,27.95732348981603,-14.00304452467384,27.95732348981603,-14.00304452467384,2.0827291436774162,0.07859325432588604,0.006100840605937116
3688.0,147.52,2.0,27.888501765754473,-14.124588817343005,27.888501765754473,-14.124588817343005,2.0874009764951533,0.07859325432588604,0.006100840605937116
3689.0,147.56,2.0,27.819113104097,-14.24580846691324,27.819113104097,-14.24580846691324,2.0920728093128904,0.07859325432588604,0.006100840605937116
3690.0,147.6,2.0,27.74915904025023,-14.366700821791667,27.74915904025023,-14.366700821791667,2.096744642130628,0.07859325432588604,0.006100840605937116
3691.0,147.64000000000001,2.0,27.678641122055616,-14.487263237665825,27.678641122055616,-14.487263237665825,2.101416474948365,0.07859325432588604,0.006100840605937116
3692.0,147.68,2.0,27.60756090975484,-14.607493077562129,27.60756090975484,-14.607493077562129,2.106088307766102,0.07859325432588604,0.006100840605937116
3693.0,147.72,2.0,27.535919975954947,-14.727387711904168,27.535919975954947,-14.727387711904168,2.1107601405838388,0.07859325432588604,0.006100840605937116
3694.0,147.76,2.0,27.463719905593177,-14.846944518570865,27.463719905593177,-14.846944518570865,2.1154319734015763,0.07859325432588604,0.006100840605937116
3695.0,147.8,2.0,27.390962295901517,-14.966160882954417,27.390962295901517,-14.966160882954417,2.120103806219313,0.07859325432588604,0.006100840605937116
3696.0,147.84,2.0,27.317648756371018,-15.085034198018116,27.317648756371018,-15.085034198018116,2.1247756390370505,0.07859325432588604,0.006100840605937116
3697.0,147.88,2.0,27.243780908715802,-15.203561864353969,27.243780908715802,-15.203561864353969,2.129447471854787,0.07859325432588604,0.006100840605937116
3698.0,147.92000000000002,2.0,27.169360386836825,-15.321741290240173,27.169360386836825,-15.321741290240173,2.1341193046725246,0.07859325432588604,0.006100840605937116
3699.0,147.96,2.0,27.09438883678535,-15.439569891698378,27.09438883678535,-15.439569891698378,2.1387911374902613,0.07859325432588604,0.006100840605937116
3700.0,148.0,2.0,27.018867916726133,-15.557045092550823,27.018867916726133,-15.557045092550823,2.143462970307999,0.07859325432588604,0.006100840605937116
3701.0,148.04,2.0,26.94279929690041,-15.674164324477255,26.94279929690041,-15.674164324477255,2.148134803125736,0.07859325432588604,0.006100840605937116
3702.0,148.08,2.0,26.866184659588544,-15.790925027071705,26.866184659588544,-15.790925027071705,2.152806635943473,0.07859325432588604,0.006100840605937116
3703.0,148.12,2.0,26.789025699072408,-15.907324647899056,26.789025699072408,-15.907324647899056,2.15747846876121,0.07859325432588604,0.006100840605937116
3704.0,148.16,2.0,26.711324121597567,-16.023360642551467,26.711324121597567,-16.023360642551467,2.1621503015789467,0.07859325432588604,0.006100840605937116
3705.0,148.20000000000002,2.0,26.633081645335118,-16.139030474704576,26.633081645335118,-16.139030474704576,2.1668221343966843,0.07859325432588604,0.006100840605937116
3706.0,148.24,2.0,26.5543000003433,-16.254331616173552,26.5543000003433,-16.254331616173552,2.1714939672144213,0.07859325432588604,0.006100840605937116
3707.0,148.28,2.0,26.474980928528858,-16.36926154696896,26.474980928528858,-16.36926154696896,2.176165800032158,0.07859325432588604,0.006100840605937116
3708.0,148.32,2.0,26.39512618360809,-16.48381775535243,26.39512618360809,-16.48381775535243,2.180837632849895,0.07859325432588604,0.006100840605937116
3709.0,148.36,2.0,26.3147375310677,-16.597997737892147,26.3147375310677,-16.597997737892147,2.1855094656676326,0.07859325432588604,0.006100840605937116
3710.0,148.4,2.0,26.23381674812533,-16.711798999518155,26.23381674812533,-16.711798999518155,2.1901812984853697,0.07859325432588604,0.006100840605937116
3711.0,148.44,2.0,26.152365623689867,-16.825219053577474,26.152365623689867,-16.825219053577474,2.1948531313031063,0.07859325432588604,0.006100840605937116
3712.0,148.48,2.0,26.070385958321463,-16.938255421889032,26.070385958321463,-16.938255421889032,2.1995249641208434,0.07859325432588604,0.006100840605937116
3713.0,148.52,2.0,25.98787956419133,-17.050905634798387,25.98787956419133,-17.050905634798387,2.204196796938581,0.07859325432588604,0.006100840605937116
3714.0,148.56,2.0,25.904848265041267,-17.16316723123229,25.904848265041267,-17.16316723123229,2.208868629756318,0.07859325432588604,0.006100840605937116
3715.0,148.6,2.0,25.82129389614288,-17.275037758753026,25.82129389614288,-17.275037758753026,2.2135404625740547,0.07859325432588604,0.006100840605937116
3716.0,148.64000000000001,2.0,25.737218304256647,-17.386514773612582,25.737218304256647,-17.386514773612582,2.2182122953917918,0.07859325432588604,0.006100840605937116
3717.0,148.68,2.0,25.655062239330125,-17.494979566721998,25.655062239330125,-17.494979566721998,2.2209975377436306,0.06177548891277257,0.0031256852445441033
3718.0,148.72,2.0,25.573015071229996,-17.60270064715473,25.573015071229996,-17.60270064715473,2.223663773881013,0.04537170130564956,0.0011772639876797878
3719.0,148.76,2.0,25.491105522021066,-17.709677538776045,25.491105522021066,-17.709677538776045,2.226169934439759,0.028967913698526547,-0.0007711572691845272
3720.0,148.8,2.0,25.409352333490865,-17.81592313747545,25.409352333490865,-17.81592313747545,2.228516019419868,0.012564126091403538,-0.0027195785260488423
3721.0,148.84,2.0,25.327656726194206,-17.921197929771626,25.327656726194206,-17.921197929771626,2.2307284806491943,-0.018956280030442064,-0.0047408029310544355
3722.0,148.88,2.0,25.24693321427734,-18.024747831384015,25.24693321427734,-18.024747831384015,2.2326806440082096,-0.05050770866470415,-0.005338704214126851
3723.0,148.92000000000002,2.0,25.165842598942763,-18.127883562971242,25.165842598942763,-18.127883562971242,2.2344122195810914,-0.08460111892883516,-0.0059488345055492215
3724.0,148.96,2.0,25.087640575643878,-18.228122186418613,25.087640575643878,-18.228122186418613,2.2359313572760113,-0.11891254270301344,-0.007202792309059551
3725.0,149.0,2.0,25.01015849515201,-18.328073880833177,25.01015849515201,-18.328073880833177,2.2372552601231273,-0.15449495729212617,-0.008462864616744857
3726.0,149.04,1.0,24.93539384447411,-18.426943656509568,24.93539384447411,-18.426943656509568,2.238236697134649,-0.19319413889563053,-0.019883023259418448
3727.0,149.08,0.0,24.86131229289034,-18.524696082018863,24.86131229289034,-18.524696082018863,2.239429636330112,-0.23189332049913486,-0.03130318190209204
3728.0,149.12,0.0,24.787890579943657,-18.621311741783863,24.787890579943657,-18.621311741783863,2.2408340777095175,-0.27059250210263924,-0.04272334054476562
3729.0,149.16,0.0,24.715106057854744,-18.716770472601638,24.715106057854744,-18.716770472601638,2.242450021272865,-0.30929168370614357,-0.054143499187439215
3730.0,149.20000000000002,1.0,24.642936706300652,-18.81105137590742,24.642936706300652,-18.81105137590742,2.2442774670201553,-0.34799086530964796,-0.0655636578301128
3731.0,149.24,0.0,24.571361146967014,-18.904132830306818,24.571361146967014,-18.904132830306818,2.2463164149513872,-0.3866900469131523,-0.07698381647278638
3732.0,149.28,1.0,24.50035865786906,-18.99599250437231,24.50035865786906,-18.99599250437231,2.248566865066562,-0.4253892285166566,-0.08840397511545997
3733.0,149.32,0.0,24.42990918743669,-19.086607369699887,24.42990918743669,-19.086607369699887,2.251028817365678,-0.46408841012016105,-0.09982413375813357
3734.0,149.36,1.0,24.352616699803683,-19.186684579737562,24.352616699803683,-19.186684579737562,2.252946449634045,-0.4793749036691083,-0.11261260840909357
3735.0,149.4,0.0,24.277852363652972,-19.28380787141937,24.277852363652972,-19.28380787141937,2.2539429040820576,-0.49236282268679227,-0.11476268118377186
3736.0,149.44,0.0,24.20328562594146,-19.380487273327383,24.20328562594146,-19.380487273327383,2.2546705919986296,-0.5053507417044762,-0.11691275395845013
3737.0,149.48,0.0,24.12650609530578,-19.47936221488657,24.12650609530578,-19.47936221488657,2.2570161038496597,-0.5015208953090466,-0.1160876713717354
3738.0,149.52,0.0,24.049354683299914,-19.57818502004099,24.049354683299914,-19.57818502004099,2.259211855383705,-0.49810502671960766,-0.11628932288954937
3739.0,149.56,0.0,23.971832871502205,-19.676977110192194,23.971832871502205,-19.676977110192194,2.2612989159649466,-0.49468915813016856,-0.1164909744073633
3740.0,149.6,0.0,23.89395204337858,-19.77574664653186,23.89395204337858,-19.77574664653186,2.2632772855933845,-0.4912732895407295,-0.11669262592517729
3741.0,149.64000000000001,0.0,23.815841024627822,-19.874754310999194,23.815841024627822,-19.874754310999194,2.2651205124411646,-0.47274080243656796,-0.11682147429484997
3742.0,149.68,0.0,23.736185159520296,-19.97535695695551,23.736185159520296,-19.97535695695551,2.2673683538033296,-0.43609547626186645,-0.10804656639860696
3743.0,149.72,1.0,23.656304475685918,-20.076228489549365,23.656304475685918,-20.076228489549365,2.269981099595701,-0.39690816845729604,-0.09925942949401402
3744.0,149.76,0.0,23.572924491595305,-20.179835971796486,23.572924491595305,-20.179835971796486,2.272950599910108,-0.35750284714267844,-0.08982846507733311
3745.0,149.8,0.0,23.488195463799563,-20.283552855026542,23.488195463799563,-20.283552855026542,2.2762596517163916,-0.3168265350131263,-0.08039138615647723
3746.0,149.84,0.0,23.400101914221985,-20.388157271483063,23.400101914221985,-20.388157271483063,2.280055486002344,-0.2730334558691826,-0.06079422090063304
3747.0,149.88,0.0,23.31066059223061,-20.49366731392299,23.31066059223061,-20.49366731392299,2.2837841347484282,-0.22924037672523884,-0.041197055644788885
3748.0,149.92000000000002,0.0,23.219877594657824,-20.60008458485087,23.219877594657824,-20.60008458485087,2.287445597954643,-0.18544729758129516,-0.02159989038894472
3749.0,149.96,0.0,23.127758831291832,-20.7074109669254,23.127758831291832,-20.7074109669254,2.2910398756209895,-0.14165421843735143,-0.002002725133100551
3750.0,150.0,0.0,23.034310017899966,-20.81564861774283,23.034310017899966,-20.81564861774283,2.2945669677474667,-0.0978611392934077,0.017594440122743617
3751.0,150.04,2.0,22.939536669372227,-20.92479996446853,22.939536669372227,-20.92479996446853,2.298026874334076,-0.054068060149463984,0.03719160537858778
3752.0,150.08,2.0,22.84344409298814,-21.034867698319374,22.84344409298814,-21.034867698319374,2.3014195953808154,-0.010274981005520257,0.056788770634431954
3753.0,150.12,2.0,22.746037381810023,-21.145854768899447,22.746037381810023,-21.145854768899447,2.304745130887687,0.03351809813842347,0.07638593589027612
3754.0,150.16,2.0,22.65469807676094,-21.247033512875706,22.65469807676094,-21.247033512875706,2.3087593030693814,0.05389848922781014,0.09735141715440672
3755.0,150.20000000000002,2.0,22.560040985033773,-21.350799259958386,22.560040985033773,-21.350799259958386,2.3138389697155035,0.07198030578593348,0.10767849654225556
3756.0,150.24,2.0,22.464383113506372,-21.454620632461975,22.464383113506372,-21.454620632461975,2.3193317195371397,0.09006212234405683,0.11800557593010441
3757.0,150.28,2.0,22.36768290062032,-21.558452718024874,22.36768290062032,-21.558452718024874,2.32523755253429,0.10814393890218017,0.1283326553179533
3758.0,150.32,2.0,22.269899365276228,-21.662250100418653,22.269899365276228,-21.662250100418653,2.331556468706954,0.1262257554603035,0.13865973470580212
3759.0,150.36,2.0,22.17099211419349,-21.765966868072475,22.17099211419349,-21.765966868072475,2.338288468055132,0.14430757201842687,0.148986814093651
3760.0,150.4,2.0,22.070921349147326,-21.86955662270173,22.070921349147326,-21.86955662270173,2.3454335505788237,0.16238938857655022,0.15931389348149985
3761.0,150.44,2.0,21.969647874081645,-21.972972488039186,21.969647874081645,-21.972972488039186,2.352991716278029,0.18047120513467352,0.1696409728693487
3762.0,150.48,2.0,21.86756321032515,-22.075585628980356,21.86756321032515,-22.075585628980356,2.3605498819772355,0.18047120513467352,0.1696409728693487
3763.0,150.52,2.0,21.764678444592402,-22.177385003967665,21.764678444592402,-22.177385003967665,2.3681080476764413,0.18047120513467352,0.1696409728693487
3764.0,150.56,2.0,21.661004820435366,-22.278359731205093,21.661004820435366,-22.278359731205093,2.375666213375647,0.17374186767701344,0.16668978544197555
3765.0,150.6,2.0,21.55635068289345,-22.37867659883987,21.55635068289345,-22.37867659883987,2.3833424265719483,0.16701253021935333,0.1637385980146024
3766.0,150.64000000000001,2.0,21.450715167305656,-22.47831237313144,21.450715167305656,-22.47831237313144,2.3911366872653437,0.16028319276169323,0.16078741058722926
3767.0,150.68,2.0,21.344097637611284,-22.577243909841286,21.344097637611284,-22.577243909841286,2.3990489954558343,0.15355385530403315,0.1578362231598561
3768.0,150.72,2.0,21.236497684376598,-22.675448156805366,21.236497684376598,-22.675448156805366,2.4070793511434196,0.14682451784637304,0.15488503573248297
3769.0,150.76,2.0,21.127915122788707,-22.772902156474224,21.127915122788707,-22.772902156474224,2.4152277543281007,0.14009518038871294,0.1519338483051098
3770.0,150.8,2.0,21.018349990617228,-22.869583048420317,21.018349990617228,-22.869583048420317,2.423494205009876,0.13336584293105283,0.14898266087773665
3771.0,150.84,2.0,20.907802546144126,-22.96546807181219,20.907802546144126,-22.96546807181219,2.431878703188746,0.12663650547339272,0.14603147345036352
3772.0,150.88,2.0,20.799721168626856,-23.058693320157033,20.799721168626856,-23.058693320157033,2.4368083862991297,0.11344237824084207,0.14495739691345694
3773.0,150.92000000000002,2.0,20.69115625855293,-23.15138487817866,20.69115625855293,-23.15138487817866,2.4419312013422276,0.1002482510082914,0.14388332037655036
3774.0,150.96,2.0,20.582038709899187,-23.24356065373112,20.582038709899187,-23.24356065373112,2.4468963707851064,0.08887190193588419,0.13403980551633474
3775.0,151.0,2.0,20.472387346838694,-23.335237214713317,20.472387346838694,-23.335237214713317,2.4517038946277663,0.07749555286347698,0.12419629065611912
3776.0,151.04,2.0,20.362220534459013,-23.426431565643817,20.362220534459013,-23.426431565643817,2.4563537728702074,0.06611920379106977,0.11435277579590353
3777.0,151.08,2.0,20.251556171668177,-23.51716113993937,20.251556171668177,-23.51716113993937,2.4608460055124293,0.05474285471866256,0.10450926093568791
3778.0,151.12,2.0,20.140411684217334,-23.607443792088098,20.140411684217334,-23.607443792088098,2.4651805925544332,0.04336650564625535,0.09466574607547232
3779.0,151.16,2.0,20.0288040178418,-23.697297789719094,20.0288040178418,-23.697297789719094,2.469357533996218,0.03199015657384814,0.0848222312152567
3780.0,151.20000000000002,2.0,19.916749631521874,-23.786741805570124,19.916749631521874,-23.786741805570124,2.473376829837784,0.02061380750144093,0.07497871635504108
3781.0,151.24,1.0,19.804264490864956,-23.87579490935521,19.804264490864956,-23.87579490935521,2.4772384800791314,0.009237458429033719,0.06513520149482546
3782.0,151.28,0.0,19.691364061610386,-23.964476559533857,19.691364061610386,-23.964476559533857,2.48094248472026,-0.002138890643373492,0.05529168663460986
3783.0,151.32,2.0,19.578063303258443,-24.052806594983792,19.578063303258443,-24.052806594983792,2.4844888437611696,-0.013515239715780702,0.04544817177439425
3784.0,151.36,2.0,19.464376662824893,-24.140805226578887,19.464376662824893,-24.140805226578887,2.4878775572018603,-0.01816225133052781,0.038555844341551786
3785.0,151.4,2.0,19.35052112176504,-24.22831552072541,19.35052112176504,-24.22831552072541,2.4909905775452374,-0.02280926294527492,0.03166351690870932
3786.0,151.44,2.0,19.23652249883216,-24.315371084786605,19.23652249883216,-24.315371084786605,2.493827904791302,-0.02745627456002203,0.024771189475866862
3787.0,151.48,2.0,19.122406003545617,-24.402005949163478,19.122406003545617,-24.402005949163478,2.4963895389400514,-0.03210328617476914,0.017878862043024395
3788.0,151.52,2.0,19.00819623003307,-24.48825455807148,19.00819623003307,-24.48825455807148,2.4986754799914874,-0.03675029778951625,0.010986534610181934
3789.0,151.56,2.0,18.89391715100721,-24.574151760229533,18.89391715100721,-24.574151760229533,2.50068572794561,-0.04139730940426336,0.004094207177339469
3790.0,151.6,2.0,18.77959211187827,-24.65973279946331,18.77959211187827,-24.65973279946331,2.5024202828024187,-0.04604432101901047,-0.002798120255502994
3791.0,151.64000000000001,2.0,18.66524382500356,-24.745033305224688,18.66524382500356,-24.745033305224688,2.503879144561914,-0.05069133263375758,-0.009690447688345458
3792.0,151.68,2.0,18.54744646151063,-24.831930530727373,18.54744646151063,-24.831930530727373,2.508635175789677,-0.04887355447361412,-0.01845988601165449
3793.0,151.72,2.0,18.429171743437575,-24.918312208833292,18.429171743437575,-24.918312208833292,2.5130404294845072,-0.04705577631347069,-0.027229324334963514
3794.0,151.76,2.0,18.310510463978826,-25.00417471279102,18.310510463978826,-25.00417471279102,2.517445683179338,-0.04705577631347069,-0.027229324334963514
3795.0,151.8,2.0,18.191465043395244,-25.089516211862595,18.191465043395244,-25.089516211862595,2.521850936874168,-0.04705577631347069,-0.027229324334963514
3796.0,151.84,2.0,18.07203791102614,-25.174334887181143,18.07203791102614,-25.174334887181143,2.5262561905689984,-0.04705577631347069,-0.027229324334963514
3797.0,151.88,2.0,17.95223150522874,-25.258628931797478,17.95223150522874,-25.258628931797478,2.530661444263829,-0.04705577631347069,-0.027229324334963514
3798.0,151.92000000000002,2.0,17.832048273317394,-25.34239655072633,17.832048273317394,-25.34239655072633,2.5350666979586594,-0.04705577631347069,-0.027229324334963514
3799.0,151.96,2.0,17.71149067150258,-25.425635960992317,17.71149067150258,-25.425635960992317,2.53947195165349,-0.04705577631347069,-0.027229324334963514
3800.0,152.0,2.0,17.590561164829623,-25.508345391675558,17.590561164829623,-25.508345391675558,2.5438772053483207,-0.04705577631347069,-0.027229324334963514
3801.0,152.04,2.0,17.469262227117195,-25.59052308395697,17.469262227117195,-25.59052308395697,2.548282459043151,-0.04705577631347069,-0.027229324334963514
3802.0,152.08,2.0,17.347596340895574,-25.672167291163266,17.347596340895574,-25.672167291163266,2.5526877127379812,-0.04705577631347069,-0.027229324334963514
3803.0,152.12,2.0,17.225565997344685,-25.753276278811587,17.225565997344685,-25.753276278811587,2.557092966432812,-0.04705577631347069,-0.027229324334963514
3804.0,152.16,2.0,17.103173696231856,-25.833848324653854,17.103173696231856,-25.833848324653854,2.5614982201276426,-0.04705577631347069,-0.027229324334963514
3805.0,152.20000000000002,2.0,16.98042194584942,-25.913881718720774,16.98042194584942,-25.913881718720774,2.565903473822473,-0.04705577631347069,-0.027229324334963514
3806.0,152.24,2.0,16.857313262951994,-25.993374763365495,16.857313262951994,-25.993374763365495,2.570308727517303,-0.04705577631347069,-0.027229324334963514
3807.0,152.28,2.0,16.73385017269361,-26.07232577330698,16.73385017269361,-26.07232577330698,2.574713981212134,-0.04705577631347069,-0.027229324334963514
3808.0,152.32,2.0,16.610035208564575,-26.150733075673013,16.610035208564575,-26.150733075673013,2.5791192349069645,-0.04705577631347069,-0.027229324334963514
3809.0,152.36,2.0,16.485870912328096,-26.2285950100429,16.485870912328096,-26.2285950100429,2.583524488601795,-0.04705577631347069,-0.027229324334963514
3810.0,152.4,2.0,16.361359833956733,-26.305909928489804,16.361359833956733,-26.305909928489804,2.5879297422966254,-0.04705577631347069,-0.027229324334963514
3811.0,152.44,2.0,16.236504531568578,-26.382676195622786,16.236504531568578,-26.382676195622786,2.592334995991456,-0.04705577631347069,-0.027229324334963514
3812.0,152.48,2.0,16.11130757136322,-26.45889218862849,16.11130757136322,-26.45889218862849,2.596740249686286,-0.04705577631347069,-0.027229324334963514
3813.0,152.52,2.0,15.985771527557528,-26.534556297312474,15.985771527557528,-26.534556297312474,2.6011455033811166,-0.04705577631347069,-0.027229324334963514
3814.0,152.56,2.0,15.859898982321187,-26.60966692414027,15.859898982321187,-26.60966692414027,2.605550757075947,-0.04705577631347069,-0.027229324334963514
3815.0,152.6,2.0,15.733692525712007,-26.684222484278006,15.733692525712007,-26.684222484278006,2.6099560107707775,-0.04705577631347069,-0.027229324334963514
3816.0,152.64000000000001,2.0,15.607154755611054,-26.758221405632792,15.607154755611054,-26.758221405632792,2.6143612644656082,-0.04705577631347069,-0.027229324334963514
3817.0,152.68,2.0,15.480288277657555,-26.83166212889268,15.480288277657555,-26.83166212889268,2.618766518160439,-0.04705577631347069,-0.027229324334963514
3818.0,152.72,2.0,15.353095705183582,-26.904543107566326,15.353095705183582,-26.904543107566326,2.623171771855269,-0.04705577631347069,-0.027229324334963514
3819.0,152.76,2.0,15.22557965914854,-26.976862808022332,15.22557965914854,-26.976862808022332,2.6275770255500994,-0.04705577631347069,-0.027229324334963514
3820.0,152.8,2.0,15.097742768073434,-27.048619709528186,15.097742768073434,-27.048619709528186,2.63198227924493,-0.04705577631347069,-0.027229324334963514
3821.0,152.84,2.0,14.969587667974968,-27.119812304288878,14.969587667974968,-27.119812304288878,2.636387532939761,-0.04705577631347069,-0.027229324334963514
3822.0,152.88,2.0,14.841117002299416,-27.190439097485218,14.841117002299416,-27.190439097485218,2.640792786634591,-0.04705577631347069,-0.027229324334963514
3823.0,152.92000000000002,2.0,14.712333421856258,-27.26049860731171,14.712333421856258,-27.26049860731171,2.6451980403294213,-0.04705577631347069,-0.027229324334963514
3824.0,152.96,2.0,14.583239584751704,-27.329989365014193,14.583239584751704,-27.329989365014193,2.649603294024252,-0.04705577631347069,-0.027229324334963514
3825.0,153.0,2.0,14.453838156321936,-27.39890991492704,14.453838156321936,-27.39890991492704,2.6540085477190827,-0.04705577631347069,-0.027229324334963514
3826.0,153.04,2.0,14.32413180906621,-27.46725881451003,14.32413180906621,-27.46725881451003,2.658413801413913,-0.04705577631347069,-0.027229324334963514
3827.0,153.08,2.0,14.194123222579739,-27.53503463438492,14.194123222579739,-27.53503463438492,2.6628190551087436,-0.04705577631347069,-0.027229324334963514
3828.0,153.12,2.0,14.063815083486386,-27.602235958371597,14.063815083486386,-27.602235958371597,2.667224308803574,-0.04705577631347069,-0.027229324334963514
3829.0,153.16,2.0,13.93321008537119,-27.668861383523904,13.93321008537119,-27.668861383523904,2.671629562498404,-0.04705577631347069,-0.027229324334963514
3830.0,153.20000000000002,2.0,13.802310928712666,-27.73490952016512,13.802310928712666,-27.73490952016512,2.676034816193235,-0.04705577631347069,-0.027229324334963514
3831.0,153.24,2.0,13.671120320814968,-27.800378991923072,13.671120320814968,-27.800378991923072,2.680440069888065,-0.04705577631347069,-0.027229324334963514
3832.0,153.28,2.0,13.539640975739818,-27.865268435764904,13.539640975739818,-27.865268435764904,2.6848453235828957,-0.04705577631347069,-0.027229324334963514
3833.0,153.32,2.0,13.407875614238296,-27.929576502031455,13.407875614238296,-27.929576502031455,2.6892505772777264,-0.04705577631347069,-0.027229324334963514
3834.0,153.36,2.0,13.27582696368242,-27.993301854471344,13.27582696368242,-27.993301854471344,2.6936558309725567,-0.04705577631347069,-0.027229324334963514
3835.0,153.4,2.0,13.143497757996576,-28.056443170274623,13.143497757996576,-28.056443170274623,2.698061084667387,-0.04705577631347069,-0.027229324334963514
3836.0,153.44,2.0,13.010890737588735,-28.11899914010611,13.010890737588735,-28.11899914010611,2.702466338362217,-0.04705577631347069,-0.027229324334963514
3837.0,153.48,2.0,12.87800864928154,-28.180968468138353,12.87800864928154,-28.180968468138353,2.706871592057048,-0.04705577631347069,-0.027229324334963514
3838.0,153.52,2.0,12.744854246243188,-28.24234987208424,12.744854246243188,-28.24234987208424,2.7112768457518786,-0.04705577631347069,-0.027229324334963514
3839.0,153.56,2.0,12.611430287918148,-28.30314208322925,12.611430287918148,-28.30314208322925,2.715682099446709,-0.04705577631347069,-0.027229324334963514
3840.0,153.6,2.0,12.477739539957728,-28.363343846463273,12.477739539957728,-28.363343846463273,2.7200873531415395,-0.04705577631347069,-0.027229324334963514
3841.0,153.64000000000001,2.0,12.343784774150457,-28.42295392031219,12.343784774150457,-28.42295392031219,2.7244926068363697,-0.04705577631347069,-0.027229324334963514
3842.0,153.68,2.0,12.20956876835231,-28.48197107696897,12.20956876835231,-28.48197107696897,2.7288978605312004,-0.04705577631347069,-0.027229324334963514
3843.0,153.72,2.0,12.075094306416771,-28.54039410232449,12.075094306416771,-28.54039410232449,2.7333031142260307,-0.04705577631347069,-0.027229324334963514
3844.0,153.76,2.0,11.940364178124737,-28.598221795997897,11.940364178124737,-28.598221795997897,2.7377083679208614,-0.04705577631347069,-0.027229324334963514
3845.0,153.8,2.0,11.805381179114256,-28.655452971366692,11.805381179114256,-28.655452971366692,2.7421136216156916,-0.04705577631347069,-0.027229324334963514
3846.0,153.84,2.0,11.670148110810121,-28.712086455596385,11.670148110810121,-28.712086455596385,2.7465188753105223,-0.04705577631347069,-0.027229324334963514
3847.0,153.88,2.0,11.534667780353299,-28.76812108966981,11.534667780353299,-28.76812108966981,2.7509241290053525,-0.04705577631347069,-0.027229324334963514
3848.0,153.92000000000002,2.0,11.398943000530213,-28.82355572841603,11.398943000530213,-28.82355572841603,2.7553293827001832,-0.04705577631347069,-0.027229324334963514
3849.0,153.96,2.0,11.26297658970187,-28.878389240538944,11.26297658970187,-28.878389240538944,2.7597346363950135,-0.04705577631347069,-0.027229324334963514
3850.0,154.0,2.0,11.12677137173285,-28.932620508645464,11.12677137173285,-28.932620508645464,2.764139890089844,-0.04705577631347069,-0.027229324334963514
3851.0,154.04,2.0,10.990330175920127,-28.986248429273296,10.990330175920127,-28.986248429273296,2.768545143784675,-0.04705577631347069,-0.027229324334963514
3852.0,154.08,2.0,10.853655836921778,-29.039271912918423,10.853655836921778,-29.039271912918423,2.772950397479505,-0.04705577631347069,-0.027229324334963514
3853.0,154.12,2.0,10.716751194685516,-29.09168988406217,10.716751194685516,-29.09168988406217,2.7773556511743354,-0.04705577631347069,-0.027229324334963514
3854.0,154.16,2.0,10.579619094377104,-29.143501281197864,10.579619094377104,-29.143501281197864,2.7817609048691656,-0.04705577631347069,-0.027229324334963514
3855.0,154.20000000000002,2.0,10.442262386308629,-29.194705056857202,10.442262386308629,-29.194705056857202,2.7861661585639963,-0.04705577631347069,-0.027229324334963514
3856.0,154.24,2.0,10.304683925866623,-29.245300177636146,10.304683925866623,-29.245300177636146,2.790571412258827,-0.04705577631347069,-0.027229324334963514
3857.0,154.28,2.0,10.166886573440076,-29.29528562422052,10.166886573440076,-29.29528562422052,2.7949766659536572,-0.04705577631347069,-0.027229324334963514
3858.0,154.32,2.0,10.02887319434829,-29.344660391411157,10.02887319434829,-29.344660391411157,2.799381919648488,-0.04705577631347069,-0.027229324334963514
3859.0,154.36,2.0,9.890646658768622,-29.39342348814875,9.890646658768622,-29.39342348814875,2.803787173343318,-0.04705577631347069,-0.027229324334963514
3860.0,154.4,2.0,9.75220984166409,-29.441573937538244,9.75220984166409,-29.441573937538244,2.8081924270381484,-0.04705577631347069,-0.027229324334963514
3861.0,154.44,2.0,9.613565622710848,-29.489110776872888,9.613565622710848,-29.489110776872888,2.812597680732979,-0.04705577631347069,-0.027229324334963514
3862.0,154.48,2.0,9.474716886225558,-29.53603305765792,9.474716886225558,-29.53603305765792,2.8170029344278094,-0.04705577631347069,-0.027229324334963514
3863.0,154.52,2.0,9.335666521092604,-29.58233984563381,9.335666521092604,-29.58233984563381,2.82140818812264,-0.04705577631347069,-0.027229324334963514
3864.0,154.56,2.0,9.196417420691223,-29.628030220799218,9.196417420691223,-29.628030220799218,2.8258134418174707,-0.04705577631347069,-0.027229324334963514
3865.0,154.6,2.0,9.05697248282249,-29.673103277433455,9.05697248282249,-29.673103277433455,2.830218695512301,-0.04705577631347069,-0.027229324334963514
3866.0,154.64000000000001,2.0,8.917334609636205,-29.717558124118643,8.917334609636205,-29.717558124118643,2.8346239492071312,-0.04705577631347069,-0.027229324334963514
3867.0,154.68,2.0,8.777506707557663,-29.761393883761475,8.777506707557663,-29.761393883761475,2.839029202901962,-0.04705577631347069,-0.027229324334963514
3868.0,154.72,2.0,8.63749168721429,-29.804609693614573,8.63749168721429,-29.804609693614573,2.8434344565967926,-0.04705577631347069,-0.027229324334963514
3869.0,154.76,2.0,8.497292463362204,-29.84720470529745,8.497292463362204,-29.84720470529745,2.847839710291623,-0.04705577631347069,-0.027229324334963514
3870.0,154.8,2.0,8.356911954812643,-29.889178084817125,8.356911954812643,-29.889178084817125,2.852244963986453,-0.04705577631347069,-0.027229324334963514
3871.0,154.84,2.0,8.216353084358305,-29.930529012588334,8.216353084358305,-29.930529012588334,2.856650217681284,-0.04705577631347069,-0.027229324334963514
3872.0,154.88,2.0,8.075618778699553,-29.971256683453344,8.075618778699553,-29.971256683453344,2.8610554713761145,-0.04705577631347069,-0.027229324334963514
3873.0,154.92000000000002,2.0,7.934711968370562,-30.01136030670137,7.934711968370562,-30.01136030670137,2.865460725070945,-0.04705577631347069,-0.027229324334963514
3874.0,154.96,2.0,7.793635587665331,-30.050839106087636,7.793635587665331,-30.050839106087636,2.8698659787657754,-0.04705577631347069,-0.027229324334963514
3875.0,155.0,2.0,7.652392574563616,-30.089692319852055,7.652392574563616,-30.089692319852055,2.874271232460606,-0.04705577631347069,-0.027229324334963514
3876.0,155.04,2.0,7.5109858706567625,-30.127919200737438,7.5109858706567625,-30.127919200737438,2.878676486155436,-0.04705577631347069,-0.027229324334963514
3877.0,155.08,2.0,7.369418421073431,-30.165519016007437,7.369418421073431,-30.165519016007437,2.8830817398502666,-0.04705577631347069,-0.027229324334963514
3878.0,155.12,2.0,7.227693174405265,-30.202491047463987,7.227693174405265,-30.202491047463987,2.887486993545097,-0.04705577631347069,-0.027229324334963514
3879.0,155.16,2.0,7.08581308263243,-30.23883459146441,7.08581308263243,-30.23883459146441,2.8918922472399275,-0.04705577631347069,-0.027229324334963514
3880.0,155.20000000000002,2.0,6.9437811010490975,-30.27454895893815,6.9437811010490975,-30.27454895893815,2.8962975009347582,-0.04705577631347069,-0.027229324334963514
3881.0,155.24,2.0,6.805173117933405,-30.308663832839983,6.805173117933405,-30.308663832839983,2.901211730459498,-0.05800382694166034,-0.028523377308214415
3882.0,155.28,2.0,6.666826927618899,-30.341974186598208,6.666826927618899,-30.341974186598208,2.906074197865308,-0.0578451584619318,-0.027530782916553264
3883.0,155.32,2.0,6.529189672825305,-30.374441235835512,6.529189672825305,-30.374441235835512,2.910793437257591,-0.05768648998220326,-0.026538188524892113
3884.0,155.36,2.0,6.392268191056097,-30.406086410484097,6.392268191056097,-30.406086410484097,2.915369448636348,-0.05752782150247472,-0.025545594133230966
3885.0,155.4,2.0,6.255411425006118,-30.43826711549257,6.255411425006118,-30.43826711549257,2.919800732431164,-0.06972539455673589,-0.02453245021119109
3886.0,155.44,2.0,6.118949442177691,-30.469702906175534,6.118949442177691,-30.469702906175534,2.9241069478437205,-0.0846241823272406,-0.02345705597533852
3887.0,155.48,2.0,5.984328563062463,-30.500149523791226,5.984328563062463,-30.500149523791226,2.9283091246223494,-0.10052964313947173,-0.021989328720921103
3888.0,155.52,2.0,5.851265491811633,-30.53071423647566,5.851265491811633,-30.53071423647566,2.932346913891666,-0.11860103026924704,-0.02054410594917392
3889.0,155.56,2.0,5.7186661276176505,-30.559883726928586,5.7186661276176505,-30.559883726928586,2.9361973009288955,-0.13738806990208985,-0.019127209227622184
3890.0,155.6,1.0,5.588898298384143,-30.58866142809247,5.588898298384143,-30.58866142809247,2.9398921645926963,-0.1590113309990707,-0.017790965732728255
3891.0,155.64000000000001,0.0,5.455316495978331,-30.6173370448541,5.455316495978331,-30.6173370448541,2.9435114470336887,-0.18211247412979148,-0.016389645469650653
3892.0,155.68,0.0,5.322995724361013,-30.646033761608997,5.322995724361013,-30.646033761608997,2.9471459890194454,-0.208719385551806,-0.014968326933655324
3893.0,155.72,0.0,5.189947177509689,-30.674304233398544,5.189947177509689,-30.674304233398544,2.950620315420883,-0.23874136131598425,-0.01378440714995057
3894.0,155.76,1.0,5.057844851268273,-30.701857700555365,5.057844851268273,-30.701857700555365,2.9539849435115206,-0.2687633370801624,-0.012600487366245819
3895.0,155.8,1.0,4.926693582429914,-30.728711916690127,4.926693582429914,-30.728711916690127,2.9572398732913574,-0.2987853128443407,-0.011416567582541065
3896.0,155.84,1.0,4.789123672410386,-30.75587547469838,4.789123672410386,-30.75587547469838,2.961201829640418,-0.31697110670386597,-0.008877667164882454
3897.0,155.88,1.0,4.648514647038235,-30.78061572164171,4.648514647038235,-30.78061572164171,2.965254522370046,-0.3325040790754571,-0.0060228862398249445
3898.0,155.92000000000002,1.0,4.50993862180487,-30.805780931935878,4.50993862180487,-30.805780931935878,2.969188893295772,-0.3463829785775094,-0.002952795156157313
3899.0,155.96,1.0,4.370927277965899,-30.828651318188612,4.370927277965899,-30.828651318188612,2.973061038955227,-0.3607226440504968,0.0002712952914326248
3900.0,156.0,1.0,4.232725871978031,-30.851440989659075,4.232725871978031,-30.851440989659075,2.976773164515993,-0.37172197574365334,0.003657134829142524
3901.0,156.04,1.0,4.091845924377013,-30.873155261377594,4.091845924377013,-30.873155261377594,2.979833597553283,-0.37217614959302864,0.008362843629748075
3902.0,156.08,0.0,3.9490574030027323,-30.894713258719424,3.9490574030027323,-30.894713258719424,2.9827940094617,-0.37741814147414654,0.011024406757900635
3903.0,156.12,0.0,3.808402829652848,-30.915270806198777,3.808402829652848,-30.915270806198777,2.985723390494699,-0.3855102621288914,0.013600887648170353
3904.0,156.16,0.0,3.667552246530812,-30.936413081614326,3.667552246530812,-30.936413081614326,2.9886501380040875,-0.38464841940869327,0.016382670943266682
3905.0,156.20000000000002,1.0,3.5305032563307917,-30.955507887785558,3.5305032563307917,-30.955507887785558,2.9892307882233107,-0.37962511592022913,0.014212718290387463
3906.0,156.24,1.0,3.3931744133315944,-30.97458648647476,3.3931744133315944,-30.97458648647476,2.990098164563077,-0.3719005977155215,0.011980515323695541
3907.0,156.28,1.0,3.2541182448622274,-30.993870645702998,3.2541182448622274,-30.993870645702998,2.991231237275055,-0.36316940646908735,0.009355979338438774
3908.0,156.32,1.0,3.1136171922587965,-31.012230565147128,3.1136171922587965,-31.012230565147128,2.99269035523463,-0.35227228890510903,0.006753947835852247
3909.0,156.36,1.0,2.9727647999908267,-31.031156991603815,2.9727647999908267,-31.031156991603815,2.994498533164575,-0.34065951883806334,0.004180242383461161
3910.0,156.4,1.0,2.829192982467974,-31.04962388646577,2.829192982467974,-31.04962388646577,2.9966238922062334,-0.32621052730687944,0.001687190157727884
3911.0,156.44,1.0,2.6895472892328507,-31.0673189071803,2.6895472892328507,-31.0673189071803,2.9989864902089844,-0.31028365374195577,-0.0008709388361890634
3912.0,156.48,1.0,2.5487530572448174,-31.08409620284973,2.5487530572448174,-31.08409620284973,3.001495486405256,-0.29085101188573825,-0.003449066103023744
3913.0,156.52,1.0,2.4087997333391225,-31.10038042626344,2.4087997333391225,-31.10038042626344,3.0043263559241296,-0.2680033056873571,-0.005789794617567844
3914.0,156.56,0.0,2.2675615015256954,-31.116479198857924,2.2675615015256954,-31.116479198857924,3.0074820481376867,-0.23379340889275904,-0.006793856992143239
3915.0,156.6,0.0,2.1250338992429443,-31.13234140423962,2.1250338992429443,-31.13234140423962,3.0109625630459274,-0.19958351209816103,-0.007797919366718635
3916.0,156.64000000000001,0.0,1.9885874226989801,-31.146925061066117,1.9885874226989801,-31.146925061066117,3.013951175768827,-0.177209797208216,-0.01015696237524789
3917.0,156.68,0.0,1.8548437674244695,-31.162929412524882,1.8548437674244695,-31.162929412524882,3.0170641764950425,-0.15748890380620512,-0.012831885891176042
3918.0,156.72,0.0,1.7187324633234389,-31.177472757508713,1.7187324633234389,-31.177472757508713,3.0205106234090424,-0.13942208327373307,-0.015722119565714315
3919.0,156.76,0.0,1.5827238988307255,-31.193241444144558,1.5827238988307255,-31.193241444144558,3.0242344199731965,-0.12089449677032589,-0.018766352604174898
3920.0,156.8,0.0,1.445575311691702,-31.207987915703406,1.445575311691702,-31.207987915703406,3.0283333610199223,-0.10570724404674958,-0.02197233473275544
3921.0,156.84,0.0,1.3072051705141976,-31.22364304841537,1.3072051705141976,-31.22364304841537,3.032790143144098,-0.09011709853876484,-0.025204133150980735
3922.0,156.88,0.0,1.170012018529512,-31.238458632837286,1.170012018529512,-31.238458632837286,3.037613832899959,-0.08084585410695577,-0.028678433261665092
3923.0,156.92000000000002,2.0,1.029512924623251,-31.25328353772855,1.029512924623251,-31.25328353772855,3.042826905928648,-0.0687244809015197,-0.03206765113446661
3924.0,156.96,2.0,0.8880381704626764,-31.266477088181944,0.8880381704626764,-31.266477088181944,3.0484009648783563,-0.06555707107102657,-0.035662171412094726
3925.0,157.0,2.0,0.7422487999347643,-31.279280037572185,0.7422487999347643,-31.279280037572185,3.056680973086054,-0.05419488047480978,-0.034325505272126015
3926.0,157.04,2.0,0.5959042083244552,-31.290907562676146,0.5959042083244552,-31.290907562676146,3.0650144479393506,-0.04283268987859299,-0.03298883913215731
3927.0,157.08,2.0,0.44901399251320084,-31.301348185170514,0.44901399251320084,-31.301348185170514,3.0734013894382466,-0.0314704992823762,-0.03165217299218861
3928.0,157.12,2.0,0.3015878791554538,-31.310590509691103,0.3015878791554538,-31.310590509691103,3.081841797582741,-0.020108308686159405,-0.030315506852219905
3929.0,157.16,2.0,0.15363572393196015,-31.318623225072116,0.15363572393196015,-31.318623225072116,3.090335672372834,-0.008746118089942611,-0.028978840712251198
3930.0,157.20000000000002,2.0,0.005167510792099162,-31.325435105578492,0.005167510792099162,-31.325435105578492,3.0988830138085257,0.0026160725062741807,-0.027642174572282484
3931.0,157.24,2.0,-0.1438066488146621,-31.331015012131246,-0.1438066488146621,-31.331015012131246,3.107483821889816,0.013978263102490973,-0.026305508432313784
3932.0,157.28,2.0,-0.2932765167181359,-31.33535189352575,-0.2932765167181359,-31.33535189352575,3.1161380966167056,0.025340453698707764,-0.024968842292345077
3933.0,157.32,2.0,-0.44323172881753575,-31.338434787642836,-0.44323172881753575,-31.338434787642836,3.1248458379891937,0.036702644294924536,-0.023632176152376366
3934.0,157.36,2.0,-0.593209034680061,-31.34021324622028,-0.593209034680061,-31.34021324622028,3.1335535793616818,0.036702644294924536,-0.023632176152376366
3935.0,157.4,2.0,-0.7431969533698201,-31.34068711771659,-0.7431969533698201,-31.34068711771659,3.14226132073417,0.036702644294924536,-0.023632176152376366
3936.0,157.44,2.0,-0.8931840029969145,-31.339856352792303,-0.8931840029969145,-31.339856352792303,3.150969062106658,0.036702644294924536,-0.023632176152376366
3937.0,157.48,2.0,-1.0431587016370463,-31.337721004314943,-1.0431587016370463,-31.337721004314943,3.159676803479146,0.036702644294924536,-0.023632176152376366
3938.0,157.52,2.0,-1.1931095682511352,-31.33428122735554,-1.1931095682511352,-31.33428122735554,3.168384544851634,0.036702644294924536,-0.023632176152376366
3939.0,157.56,2.0,-1.343025123604868,-31.329537279176833,-1.343025123604868,-31.329537279176833,3.177092286224122,0.036702644294924536,-0.023632176152376366
3940.0,157.6,2.0,-1.4928938911881093,-31.323489519213133,-1.4928938911881093,-31.323489519213133,3.1858000275966107,0.036702644294924536,-0.023632176152376366
3941.0,157.64000000000001,2.0,-1.6427043981340859,-31.316138409041777,-1.6427043981340859,-31.316138409041777,3.194507768969099,0.036702644294924536,-0.023632176152376366
3942.0,157.68,2.0,-1.7924451761382805,-31.30748451234627,-1.7924451761382805,-31.30748451234627,3.203215510341587,0.036702644294924536,-0.023632176152376366
3943.0,157.72,2.0,-1.9421047623769496,-31.297528494871084,-1.9421047623769496,-31.297528494871084,3.2119232517140746,0.036702644294924536,-0.023632176152376366
3944.0,157.76,2.0,-2.0916717004251937,-31.286271124368085,-2.0916717004251937,-31.286271124368085,3.220630993086562,0.036702644294924536,-0.023632176152376366
3945.0,157.8,2.0,-2.241134541174499,-31.27371327053462,-2.241134541174499,-31.27371327053462,3.2293387344590507,0.036702644294924536,-0.023632176152376366
3946.0,157.84,2.0,-2.39048184374968,-31.259855904943322,-2.39048184374968,-31.259855904943322,3.2380464758315393,0.036702644294924536,-0.023632176152376366
3947.0,157.88,2.0,-2.5397021764251395,-31.24470010096349,-2.5397021764251395,-31.24470010096349,3.246754217204027,0.036702644294924536,-0.023632176152376366
3948.0,157.92000000000002,2.0,-2.6887841175403775,-31.22824703367424,-2.6887841175403775,-31.22824703367424,3.2554619585765154,0.036702644294924536,-0.023632176152376366
3949.0,157.96,2.0,-2.8377162564146654,-31.21049797976928,-2.8377162564146654,-31.21049797976928,3.264169699949003,0.036702644294924536,-0.023632176152376366
3950.0,158.0,2.0,-2.98246437119638,-31.192150066129436,-2.98246437119638,-31.192150066129436,3.274058281777637,0.016967306487875745,-0.0278680527622574
3951.0,158.04,2.0,-3.126234781991546,-31.172527628545975,-3.126234781991546,-31.172527628545975,3.283777428541876,-0.006081090577106629,-0.027002342938680934
3952.0,158.08,2.0,-3.269174133981532,-31.15287493146817,-3.269174133981532,-31.15287493146817,3.293237854501059,-0.03318768853621632,-0.026251105379142194
3953.0,158.12,2.0,-3.4115496151168694,-31.132731833538344,-3.4115496151168694,-31.132731833538344,3.3022866928722863,-0.062038678714548934,-0.02551359395299651
3954.0,158.16,2.0,-3.5512779969100725,-31.110871064652105,-3.5512779969100725,-31.110871064652105,3.3109704050758944,-0.09310680950046071,-0.024472538815395014
3955.0,158.20000000000002,2.0,-3.6912879101965737,-31.08855829337633,-3.6912879101965737,-31.08855829337633,3.31924210927586,-0.1268150591459102,-0.02340496914735616
3956.0,158.24,2.0,-3.829532398583562,-31.064888846792634,-3.829532398583562,-31.064888846792634,3.327107803415106,-0.16295806235593926,-0.021860458392220294
3957.0,158.28,2.0,-3.9673947474936377,-31.040167143546284,-3.9673947474936377,-31.040167143546284,3.3345707851363224,-0.2020573072166461,-0.020361793373792132
3958.0,158.32,2.0,-4.103830585294327,-31.015155079978776,-4.103830585294327,-31.015155079978776,3.3416298439948426,-0.24135487159329888,-0.018970089833200778
3959.0,158.36,1.0,-4.242016155767183,-30.989389906402096,-4.242016155767183,-30.989389906402096,3.3482893470157884,-0.28627686528174534,-0.017598832866531012
3960.0,158.4,0.0,-4.379837615233624,-30.9588809263313,-4.379837615233624,-30.9588809263313,3.354566455382526,-0.33530045216041343,-0.016269440218288633
3961.0,158.44,1.0,-4.515146529087396,-30.930804701954052,-4.515146529087396,-30.930804701954052,3.3604423155821257,-0.3846591129892446,-0.0151249741753751
3962.0,158.48,1.0,-4.650300066187203,-30.899978945033105,-4.650300066187203,-30.899978945033105,3.365933680756877,-0.43571796166732746,-0.014054140704837912
3963.0,158.52,1.0,-4.787220964747252,-30.87035419877252,-4.787220964747252,-30.87035419877252,3.3719149283743968,-0.4581589088072107,-0.015439633900163795
3964.0,158.56,1.0,-4.92136274261133,-30.84059223054038,-4.92136274261133,-30.84059223054038,3.377592937404585,-0.48059985594709403,-0.016825127095489684
3965.0,158.6,1.0,-5.052731963555074,-30.81074363564298,-5.052731963555074,-30.81074363564298,3.382967707847443,-0.5030408030869774,-0.01821062029081557
3966.0,158.64000000000001,1.0,-5.181335697639523,-30.780858930512625,-5.181335697639523,-30.780858930512625,3.388039239702971,-0.5254817502268605,-0.019596113486141455
3967.0,158.68,0.0,-5.307181520403915,-30.7509885479494,-5.307181520403915,-30.7509885479494,3.3928075329711676,-0.5479226973667439,-0.02098160668146734
3968.0,158.72,1.0,-5.440483968240692,-30.720843883177896,-5.440483968240692,-30.720843883177896,3.3966316811416384,-0.5329511260997687,-0.023222312329876853
3969.0,158.76,1.0,-5.576391247013413,-30.689589959247456,-5.576391247013413,-30.689589959247456,3.4001368843640813,-0.5172178939357799,-0.0254472140674122
3970.0,158.8,1.0,-5.719696976990368,-30.655989380978276,-5.719696976990368,-30.655989380978276,3.4017969776801706,-0.4775127207373705,-0.023454358493389473
3971.0,158.84,1.0,-5.862208233125957,-30.62241945627928,-5.862208233125957,-30.62241945627928,3.4032974241168787,-0.4344944882810278,-0.026563089352824237
3972.0,158.88,0.0,-6.003778372642882,-30.587691416124027,-6.003778372642882,-30.587691416124027,3.404727509414863,-0.3874180549305577,-0.02955734794822127
3973.0,158.92000000000002,0.0,-6.146085999860511,-30.55137030804081,-6.146085999860511,-30.55137030804081,3.406433228287748,-0.33149223635127945,-0.032158133705374646
3974.0,158.96,0.0,-6.290795255033093,-30.516369005369036,-6.290795255033093,-30.516369005369036,3.4084406789918207,-0.26746733549350976,-0.03444848639847992
3975.0,159.0,0.0,-6.439099129780213,-30.4779209189932,-6.439099129780213,-30.4779209189932,3.4102720424972377,-0.19514923546787794,-0.037957104075110194
3976.0,159.04,0.0,-6.587300723210072,-30.43987363765845,-6.587300723210072,-30.43987363765845,3.4122663634074444,-0.12039638187766659,-0.04194266283883748
3977.0,159.08,1.0,-6.734017402530474,-30.401970840783115,-6.734017402530474,-30.401970840783115,3.41442034407975,-0.04268728663677747,-0.04588237586585705
3978.0,159.12,1.0,-6.878744043044054,-30.361063811819015,-6.878744043044054,-30.361063811819015,3.417228139087976,0.029621330971360917,-0.04873531563766754
3979.0,159.16,0.0,-7.021232878370142,-30.323604216505203,-7.021232878370142,-30.323604216505203,3.4201314194488823,0.10385788085879302,-0.05185152431964769
3980.0,159.20000000000002,0.0,-7.160751541566592,-30.289329567719637,-7.160751541566592,-30.289329567719637,3.4231699664420687,0.1820346257180264,-0.05528632604228828
3981.0,159.24,0.0,-7.302281559263693,-30.251632640485234,-7.302281559263693,-30.251632640485234,3.4262162702189607,0.2550496174286885,-0.05934701646830607
3982.0,159.28,1.0,-7.441723946684034,-30.215887930246275,-7.441723946684034,-30.215887930246275,3.4293259057532666,0.32739942822047385,-0.06391852078795042
3983.0,159.32,1.0,-7.578646981095298,-30.178500677736235,-7.578646981095298,-30.178500677736235,3.4315424054068004,0.3638095398969333,-0.06737593064498412
3984.0,159.36,0.0,-7.716527780402835,-30.140347070174876,-7.716527780402835,-30.140347070174876,3.4337742770670623,0.3974567755247407,-0.07123816102115996
3985.0,159.4,0.0,-7.856892511400849,-30.10185776301779,-7.856892511400849,-30.10185776301779,3.4358965819690668,0.4262839458989979,-0.07590730806971605
3986.0,159.44,0.0,-7.995392879594289,-30.06045348890489,-7.995392879594289,-30.06045348890489,3.438046731234518,0.4525709013599304,-0.08084362764318848
3987.0,159.48,1.0,-8.13619033515371,-30.01901339482786,-8.13619033515371,-30.01901339482786,3.4400629542279653,0.4732264934686077,-0.08681987837648035
3988.0,159.52,1.0,-8.265474606427095,-29.97684045193705,-8.265474606427095,-29.97684045193705,3.442832478085829,0.4565287882085037,-0.09175002654570588
3989.0,159.56,1.0,-8.39224475349029,-29.936033194737462,-8.39224475349029,-29.936033194737462,3.4456467817659293,0.44313488358249764,-0.09735435749791291
3990.0,159.6,1.0,-8.511628426720296,-29.897363669759233,-8.511628426720296,-29.897363669759233,3.447171265550954,0.4204830937426089,-0.09408215358054975
3991.0,159.64000000000001,1.0,-8.632011931723778,-29.858164794041222,-8.632011931723778,-29.858164794041222,3.44882348418925,0.3978313039027201,-0.09080994966318659
3992.0,159.68,1.0,-8.753388534814878,-29.81841482905394,-8.753388534814878,-29.81841482905394,3.450603437680818,0.3751795140628314,-0.08753774574582344
3993.0,159.72,1.0,-8.8738061391051,-29.779042641585153,-8.8738061391051,-29.779042641585153,3.4523179980949363,0.3454227312133574,-0.08464528853331088
3994.0,159.76,1.0,-8.993677954795865,-29.738396413005056,-8.993677954795865,-29.738396413005056,3.4538946057549813,0.30978400669297124,-0.08236680809630223
3995.0,159.8,1.0,-9.108876907868,-29.700010855697883,-9.108876907868,-29.700010855697883,3.4558579615268172,0.2684922018642607,-0.07889657720620596
3996.0,159.84,1.0,-9.225141830347807,-29.660976848488712,-9.225141830347807,-29.660976848488712,3.4578630228640774,0.22720039703555006,-0.07542634631610969
3997.0,159.88,1.0,-9.342467470447914,-29.621280086370547,-9.342467470447914,-29.621280086370547,3.459909789766763,0.18590859220683947,-0.0719561154260134
3998.0,159.92000000000002,2.0,-9.46239915119543,-29.58334117660296,-9.46239915119543,-29.58334117660296,3.461505318105717,0.15021558452682554,-0.06946569631328942
3999.0,159.96,2.0,-9.582004647451242,-29.5412049797791,-9.582004647451242,-29.5412049797791,3.4632035698390604,0.11821907387931159,-0.06669156171647417
4000.0,160.0,2.0,-9.70412684733006,-29.499158441340303,-9.70412684733006,-29.499158441340303,3.4649476025038255,0.08638396145021797,-0.0635569697605711
4001.0,160.04,2.0,-9.825929761159236,-29.456665966703618,-9.825929761159236,-29.456665966703618,3.4668837794615173,0.06004567611985877,-0.05961156249596198
4002.0,160.08,2.0,-9.949152731648983,-29.41356906769072,-9.949152731648983,-29.41356906769072,3.468939772596138,0.036072759557627995,-0.05508170876534994
4003.0,160.12,2.0,-10.07230269408932,-29.369545651406632,-10.07230269408932,-29.369545651406632,3.471197672078256,0.019421640572523526,-0.04920962283148551
4004.0,160.16,2.0,-10.196447386981339,-29.325091421938282,-10.196447386981339,-29.325091421938282,3.4735420910504713,0.005533397636071136,-0.042932716378478925
4005.0,160.20000000000002,2.0,-10.320052876939341,-29.279758750454857,-10.320052876939341,-29.279758750454857,3.476097968277769,-0.0035347800468310876,-0.035848893253092075
4006.0,160.24,2.0,-10.447459607928753,-29.236109968701925,-10.447459607928753,-29.236109968701925,3.4787278926384433,-0.010062742816408588,-0.028497897602788903
4007.0,160.28,2.0,-10.574498195489594,-29.191249032229287,-10.574498195489594,-29.191249032229287,3.481593634767947,-0.010959342233730985,-0.020106970792666285
4008.0,160.32,2.0,-10.704764437178717,-29.146195060171397,-10.704764437178717,-29.146195060171397,3.484448874040254,-0.011915162689130487,-0.011906934093526368
4009.0,160.36,2.0,-10.834111549688394,-29.099717926302738,-10.834111549688394,-29.099717926302738,3.4873769313478475,-0.016936444675641482,-0.0030485185222791367
4010.0,160.4,2.0,-10.9666419876489,-29.051620603404523,-10.9666419876489,-29.051620603404523,3.492057730910217,-0.016936444675641482,-0.0030485185222791367
4011.0,160.44,2.0,-11.098945985405932,-29.002903320295736,-11.098945985405932,-29.002903320295736,3.4967385304725873,-0.016936444675641482,-0.0030485185222791367
4012.0,160.48,2.0,-11.231020640915947,-28.95356714374288,-11.231020640915947,-28.95356714374288,3.5014193300349574,-0.016936444675641482,-0.0030485185222791367
4013.0,160.52,2.0,-11.362863057164251,-28.90361315410606,-11.362863057164251,-28.90361315410606,3.5061001295973275,-0.016936444675641482,-0.0030485185222791367
4014.0,160.56,2.0,-11.494470342228716,-28.853042445315317,-11.494470342228716,-28.853042445315317,3.510780929159697,-0.016936444675641482,-0.0030485185222791367
4015.0,160.6,2.0,-11.625839609343377,-28.80185612484653,-11.625839609343377,-28.80185612484653,3.5154617287220673,-0.016936444675641482,-0.0030485185222791367
4016.0,160.64000000000001,2.0,-11.756967976961928,-28.750055313697164,-11.756967976961928,-28.750055313697164,3.520142528284437,-0.016936444675641482,-0.0030485185222791367
4017.0,160.68,2.0,-11.887852568821106,-28.697641146361622,-11.887852568821106,-28.697641146361622,3.524823327846806,-0.016936444675641482,-0.0030485185222791367
4018.0,160.72,2.0,-12.018490514003933,-28.64461477080634,-12.018490514003933,-28.64461477080634,3.5295041274091767,-0.016936444675641482,-0.0030485185222791367
4019.0,160.76,2.0,-12.148878947002878,-28.59097734844456,-12.148878947002878,-28.59097734844456,3.534184926971547,-0.016936444675641482,-0.0030485185222791367
4020.0,160.8,2.0,-12.279015007782878,-28.536730054110855,-12.279015007782878,-28.536730054110855,3.538865726533917,-0.016936444675641482,-0.0030485185222791367
4021.0,160.84,2.0,-12.408895841844236,-28.481874076035297,-12.408895841844236,-28.481874076035297,3.5435465260962866,-0.016936444675641482,-0.0030485185222791367
4022.0,160.88,2.0,-12.538518600285403,-28.42641061581736,-12.538518600285403,-28.42641061581736,3.548227325658656,-0.016936444675641482,-0.0030485185222791367
4023.0,160.92000000000002,2.0,-12.667880439865643,-28.37034088839956,-12.667880439865643,-28.37034088839956,3.552908125221026,-0.016936444675641482,-0.0030485185222791367
4024.0,160.96,2.0,-12.796978523067565,-28.313666122040736,-12.796978523067565,-28.313666122040736,3.5575889247833956,-0.016936444675641482,-0.0030485185222791367
4025.0,161.0,2.0,-12.92581001815953,-28.256387558289067,-12.92581001815953,-28.256387558289067,3.5622697243457657,-0.016936444675641482,-0.0030485185222791367
4026.0,161.04,2.0,-13.054372099257938,-28.198506451954835,-13.054372099257938,-28.198506451954835,3.566950523908136,-0.016936444675641482,-0.0030485185222791367
4027.0,161.08,2.0,-13.182661946389368,-28.140024071082838,-13.182661946389368,-28.140024071082838,3.5716313234705064,-0.016936444675641482,-0.0030485185222791367
4028.0,161.12,2.0,-13.310676745552621,-28.080941696924526,-13.310676745552621,-28.080941696924526,3.5763121230328756,-0.016936444675641482,-0.0030485185222791367
4029.0,161.16,2.0,-13.43841368878059,-28.021260623909882,-13.43841368878059,-28.021260623909882,3.5809929225952453,-0.016936444675641482,-0.0030485185222791367
4030.0,161.20000000000002,2.0,-13.56586997420204,-27.960982159618958,-13.56586997420204,-27.960982159618958,3.5856737221576154,-0.016936444675641482,-0.0030485185222791367
4031.0,161.24,2.0,-13.693042806103207,-27.900107624753154,-13.693042806103207,-27.900107624753154,3.590354521719985,-0.016936444675641482,-0.0030485185222791367
4032.0,161.28,2.0,-13.81992939498932,-27.838638353106226,-13.81992939498932,-27.838638353106226,3.595035321282355,-0.016936444675641482,-0.0030485185222791367
4033.0,161.32,2.0,-13.946526957645911,-27.77657569153497,-13.946526957645911,-27.77657569153497,3.5997161208447244,-0.016936444675641482,-0.0030485185222791367
4034.0,161.36,2.0,-14.072832717200082,-27.7139209999296,-14.072832717200082,-27.7139209999296,3.604396920407095,-0.016936444675641482,-0.0030485185222791367
4035.0,161.4,2.0,-14.198843903181531,-27.650675651183906,-14.198843903181531,-27.650675651183906,3.609077719969464,-0.016936444675641482,-0.0030485185222791367
4036.0,161.44,2.0,-14.324557751583512,-27.5868410311651,-14.324557751583512,-27.5868410311651,3.613758519531835,-0.016936444675641482,-0.0030485185222791367
4037.0,161.48,2.0,-14.449971504923615,-27.522418538683326,-14.449971504923615,-27.522418538683326,3.618439319094205,-0.016936444675641482,-0.0030485185222791367
4038.0,161.52,2.0,-14.575082412304434,-27.457409585460947,-14.575082412304434,-27.457409585460947,3.623120118656575,-0.016936444675641482,-0.0030485185222791367
4039.0,161.56,2.0,-14.699887729474039,-27.39181559610153,-14.699887729474039,-27.39181559610153,3.627800918218944,-0.016936444675641482,-0.0030485185222791367
4040.0,161.6,2.0,-14.82438471888636,-27.32563800805853,-14.82438471888636,-27.32563800805853,3.632481717781314,-0.016936444675641482,-0.0030485185222791367
4041.0,161.64000000000001,2.0,-14.948570649761383,-27.258878271603702,-14.948570649761383,-27.258878271603702,3.637162517343684,-0.016936444675641482,-0.0030485185222791367
4042.0,161.68,2.0,-15.072442798145213,-27.191537849795253,-15.072442798145213,-27.191537849795253,3.641843316906054,-0.016936444675641482,-0.0030485185222791367
4043.0,161.72,2.0,-15.19599844696999,-27.123618218445664,-15.19599844696999,-27.123618218445664,3.6465241164684237,-0.016936444675641482,-0.0030485185222791367
4044.0,161.76,2.0,-15.319234886113634,-27.05512086608929,-15.319234886113634,-27.05512086608929,3.651204916030794,-0.016936444675641482,-0.0030485185222791367
4045.0,161.8,2.0,-15.442149412459468,-26.986047293949603,-15.442149412459468,-26.986047293949603,3.6558857155931634,-0.016936444675641482,-0.0030485185222791367
4046.0,161.84,2.0,-15.564739329955653,-26.91639901590626,-15.564739329955653,-26.91639901590626,3.6605665151555327,-0.016936444675641482,-0.0030485185222791367
4047.0,161.88,2.0,-15.687001949674505,-26.84617755846179,-15.687001949674505,-26.84617755846179,3.665247314717903,-0.016936444675641482,-0.0030485185222791367
4048.0,161.92000000000002,2.0,-15.808934589871615,-26.77538446070805,-15.808934589871615,-26.77538446070805,3.6699281142802733,-0.016936444675641482,-0.0030485185222791367
4049.0,161.96,2.0,-15.930534576044835,-26.704021274292423,-15.930534576044835,-26.704021274292423,3.6746089138426425,-0.016936444675641482,-0.0030485185222791367
4050.0,162.0,2.0,-16.05179924099311,-26.632089563383694,-16.05179924099311,-26.632089563383694,3.679289713405013,-0.016936444675641482,-0.0030485185222791367
4051.0,162.04,2.0,-16.172725924875124,-26.55959090463768,-16.172725924875124,-26.55959090463768,3.683970512967383,-0.016936444675641482,-0.0030485185222791367
4052.0,162.08,2.0,-16.29331197526782,-26.486526887162597,-16.29331197526782,-26.486526887162597,3.6886513125297524,-0.016936444675641482,-0.0030485185222791367
4053.0,162.12,2.0,-16.41355474722472,-26.41289911248409,-16.41355474722472,-26.41289911248409,3.693332112092123,-0.016936444675641482,-0.0030485185222791367
4054.0,162.16,2.0,-16.53345160333409,-26.338709194510084,-16.53345160333409,-26.338709194510084,3.698012911654492,-0.016936444675641482,-0.0030485185222791367
4055.0,162.20000000000002,2.0,-16.65299991377697,-26.263958759495274,-16.65299991377697,-26.263958759495274,3.7026937112168623,-0.016936444675641482,-0.0030485185222791367
4056.0,162.24,2.0,-16.772197056384996,-26.188649446005392,-16.772197056384996,-26.188649446005392,3.707374510779232,-0.016936444675641482,-0.0030485185222791367
4057.0,162.28,2.0,-16.891040416698072,-26.112782904881204,-16.891040416698072,-26.112782904881204,3.712055310341602,-0.016936444675641482,-0.0030485185222791367
4058.0,162.32,2.0,-17.009527388021873,-26.036360799202196,-17.009527388021873,-26.036360799202196,3.7167361099039717,-0.016936444675641482,-0.0030485185222791367
4059.0,162.36,2.0,-17.12765537148517,-25.959384804250057,-17.12765537148517,-25.959384804250057,3.721416909466342,-0.016936444675641482,-0.0030485185222791367
4060.0,162.4,2.0,-17.245421776097004,-25.88185660747181,-17.245421776097004,-25.88185660747181,3.726097709028712,-0.016936444675641482,-0.0030485185222791367
4061.0,162.44,2.0,-17.362824018803643,-25.80377790844276,-17.362824018803643,-25.80377790844276,3.7307785085910816,-0.016936444675641482,-0.0030485185222791367
4062.0,162.48,2.0,-17.47985952454541,-25.72515041882911,-17.47985952454541,-25.72515041882911,3.7354593081534517,-0.016936444675641482,-0.0030485185222791367
4063.0,162.52,2.0,-17.596525726313324,-25.64597586235036,-17.596525726313324,-25.64597586235036,3.740140107715822,-0.016936444675641482,-0.0030485185222791367
4064.0,162.56,2.0,-17.71282006520553,-25.56625597474137,-17.71282006520553,-25.56625597474137,3.7448209072781915,-0.016936444675641482,-0.0030485185222791367
4065.0,162.6,2.0,-17.8287399904836,-25.485992503714265,-17.8287399904836,-25.485992503714265,3.7495017068405616,-0.016936444675641482,-0.0030485185222791367
4066.0,162.64000000000001,2.0,-17.944282959628623,-25.405187208919962,-17.944282959628623,-25.405187208919962,3.7541825064029313,-0.016936444675641482,-0.0030485185222791367
4067.0,162.68,2.0,-18.05944643839712,-25.323841861909525,-18.05944643839712,-25.323841861909525,3.7588633059653014,-0.016936444675641482,-0.0030485185222791367
4068.0,162.72,2.0,-18.174227900876772,-25.241958246095205,-18.174227900876772,-25.241958246095205,3.7635441055276706,-0.016936444675641482,-0.0030485185222791367
4069.0,162.76,2.0,-18.288624829541998,-25.15953815671123,-18.288624829541998,-25.15953815671123,3.768224905090041,-0.016936444675641482,-0.0030485185222791367
4070.0,162.8,2.0,-18.402634715309294,-25.076583400774346,-18.402634715309294,-25.076583400774346,3.7729057046524104,-0.016936444675641482,-0.0030485185222791367
4071.0,162.84,2.0,-18.516255057592424,-24.9930957970441,-18.516255057592424,-24.9930957970441,3.7775865042147805,-0.016936444675641482,-0.0030485185222791367
4072.0,162.88,2.0,-18.62948336435742,-24.90907717598284,-18.62948336435742,-24.90907717598284,3.782267303777151,-0.016936444675641482,-0.0030485185222791367
4073.0,162.92000000000002,2.0,-18.74231715217737,-24.82452937971548,-18.74231715217737,-24.82452937971548,3.7869481033395203,-0.016936444675641482,-0.0030485185222791367
4074.0,162.96,2.0,-18.854753946287072,-24.739454261989,-18.854753946287072,-24.739454261989,3.7916289029018904,-0.016936444675641482,-0.0030485185222791367
4075.0,163.0,2.0,-18.966791280637405,-24.6538536881317,-18.966791280637405,-24.6538536881317,3.796309702464261,-0.016936444675641482,-0.0030485185222791367
4076.0,163.04,2.0,-19.078426697949613,-24.567729535012187,-19.078426697949613,-24.567729535012187,3.80099050202663,-0.016936444675641482,-0.0030485185222791367
4077.0,163.08,2.0,-19.189657749769314,-24.481083690998105,-19.189657749769314,-24.481083690998105,3.805671301589,-0.016936444675641482,-0.0030485185222791367
4078.0,163.12,2.0,-19.30048199652036,-24.393918055914614,-19.30048199652036,-24.393918055914614,3.81035210115137,-0.016936444675641482,-0.0030485185222791367
4079.0,163.16,2.0,-19.410897007558496,-24.306234541002638,-19.410897007558496,-24.306234541002638,3.8150329007137396,-0.016936444675641482,-0.0030485185222791367
4080.0,163.20000000000002,2.0,-19.520900361224783,-24.218035068876837,-19.520900361224783,-24.218035068876837,3.8197137002761097,-0.016936444675641482,-0.0030485185222791367
4081.0,163.24,2.0,-19.630489644898894,-24.12932157348332,-19.630489644898894,-24.12932157348332,3.82439449983848,-0.016936444675641482,-0.0030485185222791367
4082.0,163.28,2.0,-19.739662455052144,-24.040096000057165,-19.739662455052144,-24.040096000057165,3.8290752994008495,-0.016936444675641482,-0.0030485185222791367
4083.0,163.32,2.0,-19.84841639730036,-23.950360305079595,-19.84841639730036,-23.950360305079595,3.8337560989632187,-0.016936444675641482,-0.0030485185222791367
4084.0,163.36,2.0,-19.95674908645652,-23.860116456235016,-19.95674908645652,-23.860116456235016,3.838436898525589,-0.016936444675641482,-0.0030485185222791367
4085.0,163.4,2.0,-20.064658146583245,-23.769366432367708,-20.064658146583245,-23.769366432367708,3.8431176980879584,-0.016936444675641482,-0.0030485185222791367
4086.0,163.44,2.0,-20.172141211044995,-23.67811222343834,-20.172141211044995,-23.67811222343834,3.8477984976503294,-0.016936444675641482,-0.0030485185222791367
4087.0,163.48,2.0,-20.27919592256017,-23.586355830480226,-20.27919592256017,-23.586355830480226,3.8524792972126987,-0.016936444675641482,-0.0030485185222791367
4088.0,163.52,2.0,-20.385819933252897,-23.494099265555285,-20.385819933252897,-23.494099265555285,3.857160096775069,-0.016936444675641482,-0.0030485185222791367
4089.0,163.56,2.0,-20.492010904704706,-23.40134455170986,-20.492010904704706,-23.40134455170986,3.8618408963374384,-0.016936444675641482,-0.0030485185222791367
4090.0,163.6,2.0,-20.597766508005925,-23.30809372293018,-20.597766508005925,-23.30809372293018,3.8665216958998085,-0.016936444675641482,-0.0030485185222791367
4091.0,163.64000000000001,2.0,-20.703084423806906,-23.214348824097666,-20.703084423806906,-23.214348824097666,3.871202495462178,-0.016936444675641482,-0.0030485185222791367
4092.0,163.68,2.0,-20.807962342369024,-23.120111910943965,-20.807962342369024,-23.120111910943965,3.8758832950245483,-0.016936444675641482,-0.0030485185222791367
4093.0,163.72,2.0,-20.912397963615483,-23.025385050005745,-20.912397963615483,-23.025385050005745,3.880564094586918,-0.016936444675641482,-0.0030485185222791367
4094.0,163.76,2.0,-21.016388997181867,-22.93017031857925,-21.016388997181867,-22.93017031857925,3.885244894149287,-0.016936444675641482,-0.0030485185222791367
4095.0,163.8,2.0,-21.119933162466545,-22.834469804674626,-21.119933162466545,-22.834469804674626,3.8899256937116578,-0.016936444675641482,-0.0030485185222791367
4096.0,163.84,2.0,-21.223028188680793,-22.738285606970017,-21.223028188680793,-22.738285606970017,3.894606493274028,-0.016936444675641482,-0.0030485185222791367
4097.0,163.88,2.0,-21.325671814898723,-22.6416198347654,-21.325671814898723,-22.6416198347654,3.899287292836398,-0.016936444675641482,-0.0030485185222791367
4098.0,163.92000000000002,2.0,-21.427861790107038,-22.544474607936216,-21.427861790107038,-22.544474607936216,3.9039680923987676,-0.016936444675641482,-0.0030485185222791367
4099.0,163.96,2.0,-21.529595873254483,-22.446852056886748,-21.529595873254483,-22.446852056886748,3.9086488919611377,-0.016936444675641482,-0.0030485185222791367
4100.0,164.0,2.0,-21.63087183330117,-22.348754322503286,-21.63087183330117,-22.348754322503286,3.913329691523507,-0.016936444675641482,-0.0030485185222791367
4101.0,164.04,2.0,-21.731687449267604,-22.250183556107036,-21.731687449267604,-22.250183556107036,3.9180104910858766,-0.016936444675641482,-0.0030485185222791367
4102.0,164.08,2.0,-21.83204051028354,-22.15114191940681,-21.83204051028354,-22.15114191940681,3.9226912906482467,-0.016936444675641482,-0.0030485185222791367
4103.0,164.12,2.0,-21.931928815636592,-22.05163158445152,-21.931928815636592,-22.05163158445152,3.927372090210617,-0.016936444675641482,-0.0030485185222791367
4104.0,164.16,2.0,-22.031350174820624,-21.95165473358237,-22.031350174820624,-21.95165473358237,3.9320528897729874,-0.016936444675641482,-0.0030485185222791367
4105.0,164.20000000000002,2.0,-22.130302407583915,-21.8512135593849,-22.130302407583915,-21.8512135593849,3.9367336893353566,-0.016936444675641482,-0.0030485185222791367
4106.0,164.24,2.0,-22.22878334397711,-21.750310264640756,-22.22878334397711,-21.750310264640756,3.9414144888977263,-0.016936444675641482,-0.0030485185222791367
4107.0,164.28,2.0,-22.32679082440092,-21.648947062279255,-22.32679082440092,-21.648947062279255,3.9460952884600964,-0.016936444675641482,-0.0030485185222791367
4108.0,164.32,2.0,-22.424322699653622,-21.547126175328724,-22.424322699653622,-21.547126175328724,3.950776088022466,-0.016936444675641482,-0.0030485185222791367
4109.0,164.36,2.0,-22.521376830978305,-21.444849836867597,-22.521376830978305,-21.444849836867597,3.955456887584836,-0.016936444675641482,-0.0030485185222791367
4110.0,164.4,2.0,-22.61795109010991,-21.342120289975327,-22.61795109010991,-21.342120289975327,3.9601376871472063,-0.016936444675641482,-0.0030485185222791367
4111.0,164.44,2.0,-22.714043359322012,-21.23893978768305,-22.714043359322012,-21.23893978768305,3.9648184867095764,-0.016936444675641482,-0.0030485185222791367
4112.0,164.48,2.0,-22.809651531473403,-21.135310592924043,-22.809651531473403,-21.135310592924043,3.969499286271946,-0.016936444675641482,-0.0030485185222791367
4113.0,164.52,2.0,-22.904773510054394,-21.031234978483944,-22.904773510054394,-21.031234978483944,3.974180085834316,-0.016936444675641482,-0.0030485185222791367
4114.0,164.56,2.0,-22.99940720923295,-20.9267152269508,-22.99940720923295,-20.9267152269508,3.9788608853966863,-0.016936444675641482,-0.0030485185222791367
4115.0,164.6,2.0,-23.09355055390052,-20.821753630664844,-23.09355055390052,-20.821753630664844,3.983541684959056,-0.016936444675641482,-0.0030485185222791367
4116.0,164.64000000000001,2.0,-23.18720147971768,-20.716352491668083,-23.18720147971768,-20.716352491668083,3.988222484521425,-0.016936444675641482,-0.0030485185222791367
4117.0,164.68,2.0,-23.280357933159507,-20.610514121653694,-23.280357933159507,-20.610514121653694,3.9929032840837957,-0.016936444675641482,-0.0030485185222791367
4118.0,164.72,2.0,-23.373017871560755,-20.504240841915163,-23.373017871560755,-20.504240841915163,3.997584083646166,-0.016936444675641482,-0.0030485185222791367
4119.0,164.76,2.0,-23.46517926316074,-20.397534983295245,-23.46517926316074,-20.397534983295245,4.002264883208536,-0.016936444675641482,-0.0030485185222791367
4120.0,164.8,2.0,-23.55684008714802,-20.290398886134714,-23.55684008714802,-20.290398886134714,4.0069456827709065,-0.016936444675641482,-0.0030485185222791367
4121.0,164.84,2.0,-23.647998333704844,-20.18283490022086,-23.647998333704844,-20.18283490022086,4.011626482333276,-0.016936444675641482,-0.0030485185222791367
4122.0,164.88,2.0,-23.738652004051307,-20.074845384735873,-23.738652004051307,-20.074845384735873,4.016307281895646,-0.016936444675641482,-0.0030485185222791367
4123.0,164.92000000000002,2.0,-23.828799110489317,-19.96643270820489,-23.828799110489317,-19.96643270820489,4.020988081458016,-0.016936444675641482,-0.0030485185222791367
4124.0,164.96,2.0,-23.918437676446285,-19.857599248443947,-23.918437676446285,-19.857599248443947,4.025668881020385,-0.016936444675641482,-0.0030485185222791367
4125.0,165.0,2.0,-24.007565736518597,-19.748347392507686,-24.007565736518597,-19.748347392507686,4.0303496805827566,-0.016936444675641482,-0.0030485185222791367
4126.0,165.04,2.0,-24.096181336514803,-19.638679536636833,-24.096181336514803,-19.638679536636833,4.035030480145126,-0.016936444675641482,-0.0030485185222791367
4127.0,165.08,2.0,-24.1842825334986,-19.528598086205523,-24.1842825334986,-19.528598086205523,4.039711279707496,-0.016936444675641482,-0.0030485185222791367
4128.0,165.12,2.0,-24.271867395831528,-19.418105455668385,-24.271867395831528,-19.418105455668385,4.044392079269866,-0.016936444675641482,-0.0030485185222791367
4129.0,165.16,2.0,-24.358934003215456,-19.307204068507453,-24.358934003215456,-19.307204068507453,4.049072878832236,-0.016936444675641482,-0.0030485185222791367
4130.0,165.20000000000002,2.0,-24.445480446734777,-19.195896357178846,-24.445480446734777,-19.195896357178846,4.053753678394607,-0.016936444675641482,-0.0030485185222791367
4131.0,165.24,2.0,-24.5315048288984,-19.0841847630593,-24.5315048288984,-19.0841847630593,4.058434477956976,-0.016936444675641482,-0.0030485185222791367
4132.0,165.28,2.0,-24.617005263681428,-18.97207173639245,-24.617005263681428,-18.97207173639245,4.063115277519346,-0.016936444675641482,-0.0030485185222791367
4133.0,165.32,2.0,-24.701979876566675,-18.859559736234964,-24.701979876566675,-18.859559736234964,4.0677960770817165,-0.016936444675641482,-0.0030485185222791367
4134.0,165.36,2.0,-24.78642680458581,-18.746651230402424,-24.78642680458581,-18.746651230402424,4.072476876644087,-0.016936444675641482,-0.0030485185222791367
4135.0,165.4,2.0,-24.870344196360357,-18.6333486954151,-24.870344196360357,-18.6333486954151,4.077157676206457,-0.016936444675641482,-0.0030485185222791367
4136.0,165.44,2.0,-24.953730212142382,-18.519654616443443,-24.953730212142382,-18.519654616443443,4.081838475768827,-0.016936444675641482,-0.0030485185222791367
4137.0,165.48,2.0,-25.03658302385493,-18.405571487253454,-25.03658302385493,-18.405571487253454,4.086519275331197,-0.016936444675641482,-0.0030485185222791367
4138.0,165.52,2.0,-25.118900815132207,-18.291101810151808,-25.118900815132207,-18.291101810151808,4.0912000748935675,-0.016936444675641482,-0.0030485185222791367
4139.0,165.56,2.0,-25.200681781359528,-18.176248095930866,-25.200681781359528,-18.176248095930866,4.095880874455937,-0.016936444675641482,-0.0030485185222791367
4140.0,165.6,2.0,-25.281924129712962,-18.061012863813396,-25.281924129712962,-18.061012863813396,4.100561674018307,-0.016936444675641482,-0.0030485185222791367
4141.0,165.64000000000001,2.0,-25.362626079198755,-17.945398641397226,-25.362626079198755,-17.945398641397226,4.105242473580677,-0.016936444675641482,-0.0030485185222791367
4142.0,165.68,2.0,-25.442785860692478,-17.82940796459959,-25.442785860692478,-17.82940796459959,4.109923273143048,-0.016936444675641482,-0.0030485185222791367
4143.0,165.72,2.0,-25.52240171697791,-17.713043377601405,-25.52240171697791,-17.713043377601405,4.114604072705418,-0.016936444675641482,-0.0030485185222791367
4144.0,165.76,2.0,-25.60147190278567,-17.596307432791313,-25.60147190278567,-17.596307432791313,4.119284872267788,-0.016936444675641482,-0.0030485185222791367
4145.0,165.8,2.0,-25.67999468483156,-17.479202690709492,-25.67999468483156,-17.479202690709492,4.123965671830158,-0.016936444675641482,-0.0030485185222791367
4146.0,165.84,2.0,-25.7579683418547,-17.361731719991404,-25.7579683418547,-17.361731719991404,4.1286464713925275,-0.016936444675641482,-0.0030485185222791367
4147.0,165.88,2.0,-25.835391164655324,-17.243897097311258,-25.835391164655324,-17.243897097311258,4.133327270954898,-0.016936444675641482,-0.0030485185222791367
4148.0,165.92000000000002,2.0,-25.912261456132363,-17.125701407325362,-25.912261456132363,-17.125701407325362,4.138008070517269,-0.016936444675641482,-0.0030485185222791367
4149.0,165.96,2.0,-25.98857753132075,-17.00714724261526,-25.98857753132075,-17.00714724261526,4.142688870079639,-0.016936444675641482,-0.0030485185222791367
4150.0,166.0,2.0,-26.064337717428447,-16.88823720363072,-26.064337717428447,-16.88823720363072,4.147369669642009,-0.016936444675641482,-0.0030485185222791367
4151.0,166.04,2.0,-26.139540353873212,-16.768973898632535,-26.139540353873212,-16.768973898632535,4.1520504692043785,-0.016936444675641482,-0.0030485185222791367
4152.0,166.08,2.0,-26.2141837923191,-16.64935994363516,-26.2141837923191,-16.64935994363516,4.156731268766749,-0.016936444675641482,-0.0030485185222791367
4153.0,166.12,2.0,-26.288266396712693,-16.529397962349186,-26.288266396712693,-16.529397962349186,4.161412068329119,-0.016936444675641482,-0.0030485185222791367
4154.0,166.16,2.0,-26.361786543319035,-16.4090905861236,-26.361786543319035,-16.4090905861236,4.166092867891489,-0.016936444675641482,-0.0030485185222791367
4155.0,166.20000000000002,2.0,-26.434742620757344,-16.288440453887937,-26.434742620757344,-16.288440453887937,4.17077366745386,-0.016936444675641482,-0.0030485185222791367
4156.0,166.24,2.0,-26.50713303003642,-16.167450212094245,-26.50713303003642,-16.167450212094245,4.1754544670162295,-0.016936444675641482,-0.0030485185222791367
4157.0,166.28,2.0,-26.57895618458977,-16.046122514658855,-26.57895618458977,-16.046122514658855,4.180135266578599,-0.016936444675641482,-0.0030485185222791367
4158.0,166.32,2.0,-26.6502105103105,-15.924460022904029,-26.6502105103105,-15.924460022904029,4.18481606614097,-0.016936444675641482,-0.0030485185222791367
4159.0,166.36,2.0,-26.720894445585863,-15.802465405499404,-26.720894445585863,-15.802465405499404,4.189496865703339,-0.016936444675641482,-0.0030485185222791367
4160.0,166.4,2.0,-26.79100644133164,-15.680141338403327,-26.79100644133164,-15.680141338403327,4.19417766526571,-0.016936444675641482,-0.0030485185222791367
4161.0,166.44,2.0,-26.860544961026125,-15.557490504803969,-26.860544961026125,-15.557490504803969,4.19885846482808,-0.016936444675641482,-0.0030485185222791367
4162.0,166.48,2.0,-26.929508480743912,-15.434515595060324,-26.929508480743912,-15.434515595060324,4.20353926439045,-0.016936444675641482,-0.0030485185222791367
4163.0,166.52,2.0,-26.997895489189403,-15.311219306643045,-26.997895489189403,-15.311219306643045,4.208220063952821,-0.016936444675641482,-0.0030485185222791367
4164.0,166.56,2.0,-27.065704487729967,-15.187604344075087,-27.065704487729967,-15.187604344075087,4.21290086351519,-0.016936444675641482,-0.0030485185222791367
4165.0,166.6,2.0,-27.13293399042892,-15.06367341887225,-27.13293399042892,-15.06367341887225,4.21758166307756,-0.016936444675641482,-0.0030485185222791367
4166.0,166.64000000000001,2.0,-27.199582524078153,-14.93942924948353,-27.199582524078153,-14.93942924948353,4.2222624626399305,-0.016936444675641482,-0.0030485185222791367
4167.0,166.68,2.0,-27.264053512757577,-14.818079135180687,-27.264053512757577,-14.818079135180687,4.227427080502504,-0.03988753260648921,-0.005739810138292447
4168.0,166.72,2.0,-27.32749738911827,-14.697227306142768,-27.32749738911827,-14.697227306142768,4.232484046700436,-0.03488995860700517,-0.004841694977191294
4169.0,166.76,2.0,-27.38947915254614,-14.577907783745435,-27.38947915254614,-14.577907783745435,4.237289784962643,-0.029892384607521128,-0.003943579816090141
4170.0,166.8,2.0,-27.45002884846631,-14.460137792680465,-27.45002884846631,-14.460137792680465,4.241844295289125,-0.02489481060803709,-0.003045464654988988
4171.0,166.84,2.0,-27.50917659850818,-14.3439344257106,-27.50917659850818,-14.3439344257106,4.246147577679883,-0.019897236608553047,-0.002147349493887835
4172.0,166.88,2.0,-27.569180368918715,-14.226816194932416,-27.569180368918715,-14.226816194932416,4.250288155803602,-0.02648221700388842,-0.0013733810865169823
4173.0,166.92000000000002,2.0,-27.6276286903881,-14.111782006018354,-27.6276286903881,-14.111782006018354,4.254362274296365,-0.03893816847320562,0.0021313983401324106
4174.0,166.96,2.0,-27.68535377667746,-13.997519942136515,-27.68535377667746,-13.997519942136515,4.2581009232326625,-0.05289047332069992,0.005619253569941507
4175.0,167.0,2.0,-27.740043793963924,-13.88296291286062,-27.740043793963924,-13.88296291286062,4.261699304883888,-0.02411530211838835,0.012203578216619642
4176.0,167.04,1.0,-27.792922179186412,-13.771306758302194,-27.792922179186412,-13.771306758302194,4.268080466264667,-0.02270631021163866,0.013276451112008144
4177.0,167.08,0.0,-27.845154159917524,-13.658841503779698,-27.845154159917524,-13.658841503779698,4.27443978866839,-0.021297318304888967,0.014349324007396644
4178.0,167.12,0.0,-27.896739122231974,-13.545571065017157,-27.896739122231974,-13.545571065017157,4.280777272095056,-0.019888326398139276,0.015422196902785146
4179.0,167.16,0.0,-27.94767647299806,-13.431499350888501,-27.94767647299806,-13.431499350888501,4.287092916544665,-0.01847933449138959,0.01649506979817365
4180.0,167.20000000000002,0.0,-27.997965639818414,-13.316630263314725,-27.997965639818414,-13.316630263314725,4.293386722017218,-0.017070342584639898,0.01756794269356215
4181.0,167.24,1.0,-28.047606070970325,-13.200967697161413,-28.047606070970325,-13.200967697161413,4.299658688512715,-0.015661350677890207,0.01864081558895065
4182.0,167.28,0.0,-28.096597235345577,-13.084515540136588,-28.096597235345577,-13.084515540136588,4.305908816031155,-0.014252358771140516,0.019713688484339152
4183.0,167.32,1.0,-28.144938622389752,-12.967277672688898,-28.144938622389752,-12.967277672688898,4.312137104572538,-0.012843366864390826,0.020786561379727654
4184.0,167.36,2.0,-28.192629742041127,-12.84925796790617,-28.192629742041127,-12.84925796790617,4.318343554136865,-0.011434374957641135,0.021859434275116156
4185.0,167.4,2.0,-28.23967012466901,-12.73046029141429,-28.23967012466901,-12.73046029141429,4.3245281647241365,-0.010025383050891446,0.022932307170504655
4186.0,167.44,2.0,-28.286059321011674,-12.610888501276436,-28.286059321011674,-12.610888501276436,4.33069093633435,-0.008616391144141755,0.024005180065893156
4187.0,167.48,2.0,-28.333392017586675,-12.487341873943295,-28.333392017586675,-12.487341873943295,4.336348050667304,0.01574368869345568,0.027769344577294963
4188.0,167.52,2.0,-28.380515925376805,-12.362222754008556,-28.380515925376805,-12.362222754008556,4.342090977687843,0.012155106600721333,0.027944102311582304
4189.0,167.56,2.0,-28.427864221634657,-12.23450369375978,-28.427864221634657,-12.23450369375978,4.3480632936670505,0.008566524507986983,0.028118860045869654
4190.0,167.6,2.0,-28.475405070545794,-12.104174040899299,-28.475405070545794,-12.104174040899299,4.354264998604926,0.004977942415252634,0.028293617780157005
4191.0,167.64000000000001,2.0,-28.523106593030498,-11.971223273630011,-28.523106593030498,-11.971223273630011,4.36069609250147,0.001389360322518285,0.02846837551444435
4192.0,167.68,2.0,-28.568709098296466,-11.838139449233331,-28.568709098296466,-11.838139449233331,4.367268051687996,0.009383332624603346,0.028767280002462002
4193.0,167.72,2.0,-28.61462236397849,-11.701930229668232,-28.61462236397849,-11.701930229668232,4.373884631528424,0.023248276000670243,0.026335373471201108
4194.0,167.76,2.0,-28.660012517475224,-11.563914097492727,-28.660012517475224,-11.563914097492727,4.380814841948257,0.03860957275491422,0.023920391136780513
4195.0,167.8,2.0,-28.70718976656791,-11.425164706795417,-28.70718976656791,-11.425164706795417,4.387863480676107,0.011243393459352324,0.01840893938549089
4196.0,167.84,2.0,-28.75492908103768,-11.282492778905057,-28.75492908103768,-11.282492778905057,4.392107500697347,0.011243393459352324,0.01840893938549089
4197.0,167.88,2.0,-28.80206367275589,-11.139614847563376,-28.80206367275589,-11.139614847563376,4.3963515207185875,0.011243393459352324,0.01840893938549089
4198.0,167.92000000000002,2.0,-28.8485926277773,-10.996533553568671,-28.8485926277773,-10.996533553568671,4.400595540739827,0.011243393459352324,0.01840893938549089
4199.0,167.96,2.0,-28.894515044009353,-10.853251541873915,-28.894515044009353,-10.853251541873915,4.404839560761068,0.011243393459352324,0.01840893938549089
4200.0,168.0,2.0,-28.939830031231537,-10.70977146153228,-28.939830031231537,-10.70977146153228,4.409083580782307,0.011243393459352324,0.01840893938549089
4201.0,168.04,2.0,-28.98453671111435,-10.566095965642564,-28.98453671111435,-10.566095965642564,4.413327600803547,0.011243393459352324,0.01840893938549089
4202.0,168.08,2.0,-29.02863421723807,-10.422227711294521,-29.02863421723807,-10.422227711294521,4.417571620824788,0.011243393459352324,0.01840893938549089
4203.0,168.12,2.0,-29.072121695111285,-10.27816935951412,-29.072121695111285,-10.27816935951412,4.421815640846028,0.011243393459352324,0.01840893938549089
4204.0,168.16,2.0,-29.114998302189115,-10.133923575208698,-29.114998302189115,-10.133923575208698,4.426059660867269,0.011243393459352324,0.01840893938549089
4205.0,168.20000000000002,2.0,-29.15726320789123,-9.989493027112037,-29.15726320789123,-9.989493027112037,4.430303680888509,0.011243393459352324,0.01840893938549089
4206.0,168.24,2.0,-29.198915593619557,-9.844880387729352,-29.198915593619557,-9.844880387729352,4.434547700909748,0.011243393459352324,0.01840893938549089
4207.0,168.28,2.0,-29.2399546527758,-9.700088333282212,-29.2399546527758,-9.700088333282212,4.438791720930989,0.011243393459352324,0.01840893938549089
4208.0,168.32,2.0,-29.280379590778608,-9.555119543653342,-29.280379590778608,-9.555119543653342,4.4430357409522285,0.011243393459352324,0.01840893938549089
4209.0,168.36,2.0,-29.320189625080587,-9.40997670233138,-29.320189625080587,-9.40997670233138,4.447279760973469,0.011243393459352324,0.01840893938549089
4210.0,168.4,2.0,-29.35938398518497,-9.26466249635554,-29.35938398518497,-9.26466249635554,4.45152378099471,0.011243393459352324,0.01840893938549089
4211.0,168.44,2.0,-29.397961912662048,-9.1191796162602,-29.397961912662048,-9.1191796162602,4.455767801015949,0.011243393459352324,0.01840893938549089
4212.0,168.48,2.0,-29.43592266116541,-8.973530756019395,-29.43592266116541,-8.973530756019395,4.46001182103719,0.011243393459352324,0.01840893938549089
4213.0,168.52,2.0,-29.473265496447777,-8.827718612991266,-29.473265496447777,-8.827718612991266,4.46425584105843,0.011243393459352324,0.01840893938549089
4214.0,168.56,2.0,-29.509989696376756,-8.681745887862402,-29.509989696376756,-8.681745887862402,4.468499861079669,0.011243393459352324,0.01840893938549089
4215.0,168.6,2.0,-29.54609455095017,-8.535615284592136,-29.54609455095017,-8.535615284592136,4.47274388110091,0.011243393459352324,0.01840893938549089
4216.0,168.64000000000001,2.0,-29.58157936231123,-8.38932951035674,-29.58157936231123,-8.38932951035674,4.47698790112215,0.011243393459352324,0.01840893938549089
4217.0,168.68,2.0,-29.616443444763416,-8.24289127549358,-29.616443444763416,-8.24289127549358,4.48123192114339,0.011243393459352324,0.01840893938549089
4218.0,168.72,2.0,-29.650686124785057,-8.096303293445175,-29.650686124785057,-8.096303293445175,4.48547594116463,0.011243393459352324,0.01840893938549089
4219.0,168.76,2.0,-29.68430674104375,-7.949568280703197,-29.68430674104375,-7.949568280703197,4.4897199611858705,0.011243393459352324,0.01840893938549089
4220.0,168.8,2.0,-29.71730464441036,-7.8026889567524105,-29.71730464441036,-7.8026889567524105,4.493963981207111,0.011243393459352324,0.01840893938549089
4221.0,168.84,2.0,-29.749679197972945,-7.655668044014535,-29.749679197972945,-7.655668044014535,4.498208001228351,0.011243393459352324,0.01840893938549089
4222.0,168.88,2.0,-29.781429777050228,-7.508508267792047,-29.781429777050228,-7.508508267792047,4.50245202124959,0.011243393459352324,0.01840893938549089
4223.0,168.92000000000002,2.0,-29.812555769204987,-7.361212356211917,-29.812555769204987,-7.361212356211917,4.50669604127083,0.011243393459352324,0.01840893938549089
4224.0,168.96,2.0,-29.843056574257,-7.213783040169291,-29.843056574257,-7.213783040169291,4.510940061292071,0.011243393459352324,0.01840893938549089
4225.0,169.0,2.0,-29.8729316042959,-7.0662230532710995,-29.8729316042959,-7.0662230532710995,4.51518408131331,0.011243393459352324,0.01840893938549089
4226.0,169.04,2.0,-29.90218028369363,-6.918535131779613,-29.90218028369363,-6.918535131779613,4.519428101334552,0.011243393459352324,0.01840893938549089
4227.0,169.08,2.0,-29.9308020491167,-6.770722014555938,-29.9308020491167,-6.770722014555938,4.5236721213557916,0.011243393459352324,0.01840893938549089
4228.0,169.12,2.0,-29.95879634953817,-6.622786443003456,-29.95879634953817,-6.622786443003456,4.527916141377032,0.011243393459352324,0.01840893938549089
4229.0,169.16,2.0,-29.98616264624936,-6.474731161011209,-29.98616264624936,-6.474731161011209,4.532160161398272,0.011243393459352324,0.01840893938549089
4230.0,169.20000000000002,2.0,-30.012900412871296,-6.326558914897223,-30.012900412871296,-6.326558914897223,4.5364041814195115,0.011243393459352324,0.01840893938549089
4231.0,169.24,2.0,-30.03900913536588,-6.1782724533517825,-30.03900913536588,-6.1782724533517825,4.540648201440751,0.011243393459352324,0.01840893938549089
4232.0,169.28,2.0,-30.064488312046855,-6.029874527380654,-30.064488312046855,-6.029874527380654,4.544892221461992,0.011243393459352324,0.01840893938549089
4233.0,169.32,2.0,-30.089337453590367,-5.881367890248255,-30.089337453590367,-5.881367890248255,4.549136241483232,0.011243393459352324,0.01840893938549089
4234.0,169.36,2.0,-30.11355608304542,-5.7327552974207725,-30.11355608304542,-5.7327552974207725,4.553380261504472,0.011243393459352324,0.01840893938549089
4235.0,169.4,2.0,-30.13714373584396,-5.584039506509246,-30.13714373584396,-5.584039506509246,4.557624281525712,0.011243393459352324,0.01840893938549089
4236.0,169.44,2.0,-30.160099959810726,-5.435223277212576,-30.160099959810726,-5.435223277212576,4.561868301546952,0.011243393459352324,0.01840893938549089
4237.0,169.48,2.0,-30.182424315172845,-5.286309371260517,-30.182424315172845,-5.286309371260517,4.566112321568193,0.011243393459352324,0.01840893938549089
4238.0,169.52,2.0,-30.204116374569132,-5.137300552356604,-30.204116374569132,-5.137300552356604,4.570356341589433,0.011243393459352324,0.01840893938549089
4239.0,169.56,2.0,-30.225175723059124,-4.988199586121047,-30.225175723059124,-4.988199586121047,4.574600361610672,0.011243393459352324,0.01840893938549089
4240.0,169.6,2.0,-30.245601958131875,-4.83900924003358,-30.245601958131875,-4.83900924003358,4.578844381631913,0.011243393459352324,0.01840893938549089
4241.0,169.64000000000001,2.0,-30.26539468971447,-4.689732283376263,-30.26539468971447,-4.689732283376263,4.5830884016531535,0.011243393459352324,0.01840893938549089
4242.0,169.68,2.0,-30.28455354018025,-4.54037148717626,-30.28455354018025,-4.54037148717626,4.587332421674393,0.011243393459352324,0.01840893938549089
4243.0,169.72,2.0,-30.3030781443568,-4.39092962414856,-30.3030781443568,-4.39092962414856,4.591576441695634,0.011243393459352324,0.01840893938549089
4244.0,169.76,2.0,-30.320968149533634,-4.241409468638675,-30.320968149533634,-4.241409468638675,4.595820461716873,0.011243393459352324,0.01840893938549089
4245.0,169.8,2.0,-30.33822321546964,-4.0918137965652965,-30.33822321546964,-4.0918137965652965,4.600064481738114,0.011243393459352324,0.01840893938549089
4246.0,169.84,2.0,-30.354843014400252,-3.9421453853629154,-30.354843014400252,-3.9421453853629154,4.604308501759354,0.011243393459352324,0.01840893938549089
4247.0,169.88,2.0,-30.37082723104434,-3.7924070139244144,-30.37082723104434,-3.7924070139244144,4.608552521780593,0.011243393459352324,0.01840893938549089
4248.0,169.92000000000002,2.0,-30.386175562610845,-3.642601462543624,-30.386175562610845,-3.642601462543624,4.612796541801834,0.011243393459352324,0.01840893938549089
4249.0,169.96,2.0,-30.400887718805116,-3.49273151285785,-30.400887718805116,-3.49273151285785,4.6170405618230745,0.011243393459352324,0.01840893938549089
4250.0,170.0,2.0,-30.414963421835022,-3.3427999477903705,-30.414963421835022,-3.3427999477903705,4.621284581844315,0.011243393459352324,0.01840893938549089
4251.0,170.04,2.0,-30.428402406416758,-3.1928095514929065,-30.428402406416758,-3.1928095514929065,4.625528601865555,0.011243393459352324,0.01840893938549089
4252.0,170.08,2.0,-30.441204419780398,-3.042763109288063,-30.441204419780398,-3.042763109288063,4.6297726218867945,0.011243393459352324,0.01840893938549089
4253.0,170.12,2.0,-30.45336922167516,-2.8926634076117472,-30.45336922167516,-2.8926634076117472,4.634016641908035,0.011243393459352324,0.01840893938549089
4254.0,170.16,2.0,-30.464896584374447,-2.742513233955562,-30.464896584374447,-2.742513233955562,4.638260661929275,0.011243393459352324,0.01840893938549089
4255.0,170.20000000000002,2.0,-30.475786292680546,-2.5923153768091725,-30.475786292680546,-2.5923153768091725,4.6425046819505145,0.011243393459352324,0.01840893938549089
4256.0,170.24,2.0,-30.486038143929125,-2.4420726256026604,-30.486038143929125,-2.4420726256026604,4.646748701971755,0.011243393459352324,0.01840893938549089
4257.0,170.28,2.0,-30.495651947993405,-2.2917877706488468,-30.495651947993405,-2.2917877706488468,4.650992721992996,0.011243393459352324,0.01840893938549089
4258.0,170.32,2.0,-30.504627527288115,-2.1414636030856053,-30.504627527288115,-2.1414636030856053,4.655236742014235,0.011243393459352324,0.01840893938549089
4259.0,170.36,2.0,-30.51296471677311,-1.9911029148181485,-30.51296471677311,-1.9911029148181485,4.659480762035476,0.011243393459352324,0.01840893938549089
4260.0,170.4,2.0,-30.520663363956817,-1.8407084984613076,-30.520663363956817,-1.8407084984613076,4.663724782056716,0.011243393459352324,0.01840893938549089
4261.0,170.44,2.0,-30.527723328899263,-1.6902831472817894,-30.527723328899263,-1.6902831472817894,4.667968802077956,0.011243393459352324,0.01840893938549089
4262.0,170.48,2.0,-30.534144484215016,-1.5398296551404216,-30.534144484215016,-1.5398296551404216,4.672212822099196,0.011243393459352324,0.01840893938549089
4263.0,170.52,2.0,-30.53992671507566,-1.3893508164343877,-30.53992671507566,-1.3893508164343877,4.676456842120436,0.011243393459352324,0.01840893938549089
4264.0,170.56,2.0,-30.54506991921219,-1.238849426039448,-30.54506991921219,-1.238849426039448,4.680700862141676,0.011243393459352324,0.01840893938549089
4265.0,170.6,2.0,-30.54957400691695,-1.0883282792521505,-30.54957400691695,-1.0883282792521505,4.684944882162916,0.011243393459352324,0.01840893938549089
4266.0,170.64000000000001,2.0,-30.553438901045475,-0.9377901717320345,-30.553438901045475,-0.9377901717320345,4.689188902184156,0.011243393459352324,0.01840893938549089
4267.0,170.68,2.0,-30.556664537017934,-0.7872378994438269,-30.556664537017934,-0.7872378994438269,4.693432922205397,0.011243393459352324,0.01840893938549089
4268.0,170.72,2.0,-30.559250862820345,-0.6366742585996311,-30.559250862820345,-0.6366742585996311,4.697676942226638,0.011243393459352324,0.01840893938549089
4269.0,170.76,2.0,-30.56119783900555,-0.4861020456011108,-30.56119783900555,-0.4861020456011108,4.701920962247877,0.011243393459352324,0.01840893938549089
4270.0,170.8,2.0,-30.562505438693847,-0.3355240569816718,-30.562505438693847,-0.3355240569816718,4.706164982269117,0.011243393459352324,0.01840893938549089
4271.0,170.84,2.0,-30.56317364757344,-0.18494308934864112,-30.56317364757344,-0.18494308934864112,4.7104090022903575,0.011243393459352324,0.01840893938549089
4272.0,170.88,2.0,-30.563202463900524,-0.03436193932544381,-30.563202463900524,-0.03436193932544381,4.714653022311597,0.011243393459352324,0.01840893938549089
4273.0,170.92000000000002,2.0,-30.56259189849921,0.11621659650621843,-30.56259189849921,0.11621659650621843,4.718897042332838,0.011243393459352324,0.01840893938549089
4274.0,170.96,2.0,-30.561341974761024,0.26678972166418774,-30.561341974761024,0.26678972166418774,4.723141062354078,0.011243393459352324,0.01840893938549089
4275.0,171.0,2.0,-30.559452728644317,0.4173546398236674,-30.559452728644317,0.4173546398236674,4.727385082375318,0.011243393459352324,0.01840893938549089
4276.0,171.04,2.0,-30.556924208673244,0.5679085548750353,-30.556924208673244,0.5679085548750353,4.731629102396559,0.011243393459352324,0.01840893938549089
4277.0,171.08,2.0,-30.55375647593659,0.7184486709816515,-30.55375647593659,0.7184486709816515,4.735873122417798,0.011243393459352324,0.01840893938549089
4278.0,171.12,2.0,-30.549949604086237,0.8689721926376596,-30.549949604086237,0.8689721926376596,4.740117142439038,0.011243393459352324,0.01840893938549089
4279.0,171.16,2.0,-30.54550367933541,1.0194763247257785,-30.54550367933541,1.0194763247257785,4.744361162460279,0.011243393459352324,0.01840893938549089
4280.0,171.20000000000002,2.0,-30.540418800456656,1.1699582725750883,-30.540418800456656,1.1699582725750883,4.748605182481518,0.011243393459352324,0.01840893938549089
4281.0,171.24,2.0,-30.53469507877951,1.3204152420188005,-30.53469507877951,1.3204152420188005,4.752849202502759,0.011243393459352324,0.01840893938549089
4282.0,171.28,2.0,-30.528332638187926,1.4708444394520206,-30.528332638187926,1.4708444394520206,4.757093222523999,0.011243393459352324,0.01840893938549089
4283.0,171.32,2.0,-30.52133161511744,1.6212430718894961,-30.52133161511744,1.6212430718894961,4.761337242545239,0.011243393459352324,0.01840893938549089
4284.0,171.36,2.0,-30.513692158552033,1.7716083470233488,-30.513692158552033,1.7716083470233488,4.76558126256648,0.011243393459352324,0.01840893938549089
4285.0,171.4,2.0,-30.505414430020732,1.9219374732807928,-30.505414430020732,1.9219374732807928,4.769825282587719,0.011243393459352324,0.01840893938549089
4286.0,171.44,2.0,-30.496498603593977,2.072227659881834,-30.496498603593977,2.072227659881834,4.774069302608959,0.011243393459352324,0.01840893938549089
4287.0,171.48,2.0,-30.486944865879643,2.222476116896954,-30.486944865879643,2.222476116896954,4.778313322630199,0.011243393459352324,0.01840893938549089
4288.0,171.52,2.0,-30.47675341601889,2.37268005530477,-30.47675341601889,2.37268005530477,4.782557342651439,0.011243393459352324,0.01840893938549089
4289.0,171.56,2.0,-30.46592446568165,2.522836687049678,-30.46592446568165,2.522836687049678,4.786801362672679,0.011243393459352324,0.01840893938549089
4290.0,171.6,2.0,-30.454458239061886,2.6729432250994707,-30.454458239061886,2.6729432250994707,4.7910453826939206,0.011243393459352324,0.01840893938549089
4291.0,171.64000000000001,2.0,-30.442354972872607,2.8229968835029333,-30.442354972872607,2.8229968835029333,4.79528940271516,0.011243393459352324,0.01840893938549089
4292.0,171.68,2.0,-30.429614916340533,2.9729948774474146,-30.429614916340533,2.9729948774474146,4.799533422736401,0.011243393459352324,0.01840893938549089
4293.0,171.72,2.0,-30.4162383312006,3.1229344233163716,-30.4162383312006,3.1229344233163716,4.8037774427576405,0.011243393459352324,0.01840893938549089
4294.0,171.76,2.0,-30.402225491690086,3.272812738746886,-30.402225491690086,3.272812738746886,4.80802146277888,0.011243393459352324,0.01840893938549089
4295.0,171.8,2.0,-30.387576684542534,3.4226270426871523,-30.387576684542534,3.4226270426871523,4.81226548280012,0.011243393459352324,0.01840893938549089
4296.0,171.84,2.0,-30.372292208981413,3.5723745554539397,-30.372292208981413,3.5723745554539397,4.8165095028213605,0.011243393459352324,0.01840893938549089
4297.0,171.88,2.0,-30.35637237671343,3.7220524987900148,-30.35637237671343,3.7220524987900148,4.820753522842601,0.011243393459352324,0.01840893938549089
4298.0,171.92000000000002,2.0,-30.339817511921687,3.8716580959215383,-30.339817511921687,3.8716580959215383,4.824997542863841,0.011243393459352324,0.01840893938549089
4299.0,171.96,2.0,-30.322627951258475,4.021188571615427,-30.322627951258475,4.021188571615427,4.82924156288508,0.011243393459352324,0.01840893938549089
4300.0,172.0,2.0,-30.304804043837834,4.170641152236679,-30.304804043837834,4.170641152236679,4.833485582906321,0.011243393459352324,0.01840893938549089
4301.0,172.04,2.0,-30.28634615122786,4.320013065805662,-30.28634615122786,4.320013065805662,4.837729602927562,0.011243393459352324,0.01840893938549089
4302.0,172.08,2.0,-30.267254647442723,4.469301542055365,-30.267254647442723,4.469301542055365,4.841973622948801,0.011243393459352324,0.01840893938549089
4303.0,172.12,2.0,-30.24752991893441,4.6185038124886155,-30.24752991893441,4.6185038124886155,4.846217642970041,0.011243393459352324,0.01840893938549089
4304.0,172.16,2.0,-30.227172364584213,4.767617110435245,-30.227172364584213,4.767617110435245,4.850461662991282,0.011243393459352324,0.01840893938549089
4305.0,172.20000000000002,2.0,-30.206182395693975,4.916638671109229,-30.206182395693975,4.916638671109229,4.854705683012522,0.011243393459352324,0.01840893938549089
4306.0,172.24,2.0,-30.184560435976987,5.065565731665766,-30.184560435976987,5.065565731665766,4.858949703033762,0.011243393459352324,0.01840893938549089
4307.0,172.28,2.0,-30.162306921548737,5.214395531258326,-30.162306921548737,5.214395531258326,4.863193723055002,0.011243393459352324,0.01840893938549089
4308.0,172.32,2.0,-30.13942230091726,5.363125311095655,-30.13942230091726,5.363125311095655,4.867437743076242,0.011243393459352324,0.01840893938549089
4309.0,172.36,2.0,-30.115907034973333,5.511752314498717,-30.115907034973333,5.511752314498717,4.871681763097483,0.011243393459352324,0.01840893938549089
4310.0,172.4,2.0,-30.09176159698033,5.660273786957609,-30.09176159698033,5.660273786957609,4.875925783118722,0.011243393459352324,0.01840893938549089
4311.0,172.44,2.0,-30.066986472563855,5.808686976188407,-30.066986472563855,5.808686976188407,4.880169803139962,0.011243393459352324,0.01840893938549089
4312.0,172.48,2.0,-30.041582159701086,5.95698913218998,-30.041582159701086,5.95698913218998,4.884413823161203,0.011243393459352324,0.01840893938549089
4313.0,172.52,2.0,-30.015549168709818,6.105177507300735,-30.015549168709818,6.105177507300735,4.888657843182443,0.011243393459352324,0.01840893938549089
4314.0,172.56,2.0,-29.988888022237358,6.253249356255325,-29.988888022237358,6.253249356255325,4.892901863203684,0.011243393459352324,0.01840893938549089
4315.0,172.6,2.0,-29.96159925524902,6.40120193624129,-29.96159925524902,6.40120193624129,4.8971458832249235,0.011243393459352324,0.01840893938549089
4316.0,172.64000000000001,2.0,-29.933683415016397,6.549032506955652,-29.933683415016397,6.549032506955652,4.901389903246163,0.011243393459352324,0.01840893938549089
4317.0,172.68,2.0,-29.90617900353528,6.692854570347504,-29.90617900353528,6.692854570347504,4.903246119762052,-0.044497349754200985,0.015472129279038594
4318.0,172.72,2.0,-29.87882598974622,6.834446705963228,-29.87882598974622,6.834446705963228,4.9049848638736835,-0.09035082598534967,0.008662179579732723
4319.0,172.76,2.0,-29.851695200336643,6.973418902409799,-29.851695200336643,6.973418902409799,4.9067610611647705,-0.13620430221649835,0.0018522298804268505
4320.0,172.8,2.0,-29.823926745823723,7.115619380179405,-29.823926745823723,7.115619380179405,4.908799387761764,-0.18587873683999845,-0.005073385296624055
4321.0,172.84,2.0,-29.795895739210795,7.255303138136393,-29.795895739210795,7.255303138136393,4.910699872198449,-0.2357431858959195,-0.012004258081297396
4322.0,172.88,2.0,-29.767069300590435,7.396509216346369,-29.767069300590435,7.396509216346369,4.912690469746025,-0.2866005076150851,-0.01896526107282826
4323.0,172.92000000000002,2.0,-29.737570796287166,7.53950610725974,-29.737570796287166,7.53950610725974,4.914634660539857,-0.36393887366903055,-0.02024703051441895
4324.0,172.96,2.0,-29.691752998364933,7.702447896744921,-29.691752998364933,7.702447896744921,4.915984165624538,-0.41230622772521086,-0.02674941659215903
4325.0,173.0,2.0,-29.646318627031764,7.862485257044829,-29.646318627031764,7.862485257044829,4.917346393863431,-0.46067358178139123,-0.03325180266989912
4326.0,173.04,1.0,-29.601270516742733,8.019617892908624,-29.601270516742733,8.019617892908624,4.918721345256538,-0.5090409358375715,-0.039754188747639196
4327.0,173.08,0.0,-29.556611532071578,8.173845390866042,-29.556611532071578,8.173845390866042,4.920109019803858,-0.5574082898937519,-0.04625657482537928
4328.0,173.12,0.0,-29.51234456938147,8.325167219625987,-29.51234456938147,8.325167219625987,4.921509417505392,-0.6057756439499322,-0.052758960903119365
4329.0,173.16,1.0,-29.468472558491623,8.473582730492783,-29.468472558491623,8.473582730492783,4.922922538361139,-0.6541429980061124,-0.059261346980859456
4330.0,173.20000000000002,0.0,-29.424998464339474,8.61909115780001,-29.424998464339474,8.61909115780001,4.9243483823710985,-0.7025103520622927,-0.06576373305859953
4331.0,173.24,1.0,-29.381925288638303,8.76169161936191,-29.381925288638303,8.76169161936191,4.925786949535272,-0.750877706118473,-0.07226611913633961
4332.0,173.28,1.0,-29.3392560715302,8.901383116942306,-29.3392560715302,8.901383116942306,4.92723823985366,-0.7992450601746534,-0.0787685052140797
4333.0,173.32,0.0,-29.2969938932341,9.03816453674097,-29.2969938932341,9.03816453674097,4.928702253326259,-0.8476124142308337,-0.08527089129181978
4334.0,173.36,0.0,-29.255141875688746,9.172034649897444,-29.255141875688746,9.172034649897444,4.930178989953072,-0.8959797682870141,-0.09177327736955987
4335.0,173.4,0.0,-29.21370318419048,9.302992113012204,-29.21370318419048,9.302992113012204,4.931668449734099,-0.9443471223431944,-0.09827566344729995
4336.0,173.44,0.0,-29.172681029025604,9.431035468685156,-29.172681029025604,9.431035468685156,4.933170632669339,-0.9927144763993747,-0.10477804952504002
4337.0,173.48,0.0,-29.131040724667354,9.56004690638535,-29.131040724667354,9.56004690638535,4.937073342264143,-0.9853410872420015,-0.10834362549632781
4338.0,173.52,0.0,-29.089046179164153,9.688243427735209,-29.089046179164153,9.688243427735209,4.9411062474174186,-0.9878549650670332,-0.10803606187476203
4339.0,173.56,0.0,-29.046630504940186,9.816010515693787,-29.046630504940186,9.816010515693787,4.945114422545451,-0.990368842892065,-0.10772849825319623
4340.0,173.6,0.0,-29.004657594308913,9.937495312395749,-29.004657594308913,9.937495312395749,4.94887319152179,-0.9890617623247451,-0.10730526915388543
4341.0,173.64000000000001,0.0,-28.933643021133264,10.120753326543541,-28.933643021133264,10.120753326543541,4.95669522030998,-0.7004025529289027,-0.10684970292632993
4342.0,173.68,0.0,-28.86044306730607,10.301528357624946,-28.86044306730607,10.301528357624946,4.9642365678067835,-0.5635068548240367,-0.10416925834355613
4343.0,173.72,0.0,-28.787212044611145,10.47882038704475,-28.787212044611145,10.47882038704475,4.971584632705359,-0.4333010145928588,-0.10338605911553414
4344.0,173.76,0.0,-28.726788083299418,10.641570321484204,-28.726788083299418,10.641570321484204,4.979304859128067,-0.3320661863594462,-0.09738224325136276
4345.0,173.8,0.0,-28.662501846607107,10.812634105763992,-28.662501846607107,10.812634105763992,4.9867898382115445,-0.23083135812603356,-0.09137842738719137
4346.0,173.84,0.0,-28.594383857098684,10.992018787593357,-28.594383857098684,10.992018787593357,4.99403956995579,-0.12959652989262088,-0.08537461152301999
4347.0,173.88,0.0,-28.52820931135161,11.165278872601938,-28.52820931135161,11.165278872601938,5.000924824465577,-0.057206572020144064,-0.0793751450804438
4348.0,173.92000000000002,0.0,-28.460473206438575,11.3398572926204,-28.460473206438575,11.3398572926204,5.007440610359053,-0.011047851803050502,-0.07326530497893564
4349.0,173.96,0.0,-28.389864047139575,11.52072595229659,-28.389864047139575,11.52072595229659,5.013890944379745,-0.017949501513396617,-0.06279585513566958
4350.0,174.0,1.0,-28.3186057414713,11.701521056111229,-28.3186057414713,11.701521056111229,5.022297006539045,0.030578677965477974,-0.05674106276446476
4351.0,174.04,1.0,-28.244853390465106,11.886360798332623,-28.244853390465106,11.886360798332623,5.030814203124445,0.07910685744435256,-0.05068627039325994
4352.0,174.08,0.0,-28.168578049534553,12.075228528822809,-28.168578049534553,12.075228528822809,5.039442534135944,0.12763503692322714,-0.04463147802205512
4353.0,174.12,0.0,-28.089750868573823,12.268107464367077,-28.089750868573823,12.268107464367077,5.0481819995735435,0.17616321640210172,-0.03857668565085029
4354.0,174.16,0.0,-28.00834309230517,12.464980689150613,-28.00834309230517,12.464980689150613,5.0570325994372425,0.22469139588097634,-0.03252189327964547
4355.0,174.20000000000002,0.0,-27.924326060624736,12.66583115523262,-27.924326060624736,12.66583115523262,5.065994333727041,0.2732195753598509,-0.02646710090844065
4356.0,174.24,1.0,-27.837671208946524,12.870641683017874,-27.837671208946524,12.870641683017874,5.0750672024429395,0.32174775483872553,-0.020412308537235822
4357.0,174.28,0.0,-27.748350068544816,13.079394961725768,-27.748350068544816,13.079394961725768,5.0842512055849385,0.3702759343176001,-0.014357516166031
4358.0,174.32,2.0,-27.656334266895037,13.29207354985682,-27.656334266895037,13.29207354985682,5.093546343153037,0.41880411379647475,-0.008302723794826177
4359.0,174.36,2.0,-27.561595528013004,13.50865987565663,-27.561595528013004,13.50865987565663,5.102952615147235,0.4673322932753493,-0.002247931423621354
4360.0,174.4,2.0,-27.464105672792794,13.729136237577345,-27.464105672792794,13.729136237577345,5.112470021567532,0.5158604727542239,0.0038068609475834687
4361.0,174.44,2.0,-27.392950000616487,13.891169551538052,-27.392950000616487,13.891169551538052,5.118185867916601,0.2772265378369968,0.009834573798166074
4362.0,174.48,2.0,-27.32178126018898,14.054954165032047,-27.32178126018898,14.054954165032047,5.124216140026479,0.19134898687399066,0.01366753850038784
4363.0,174.52,2.0,-27.24829809044447,14.22119855597989,-27.24829809044447,14.22119855597989,5.130609959068641,0.1386423381194526,0.013718515007421286
4364.0,174.56,2.0,-27.175286074364948,14.382784449519335,-27.175286074364948,14.382784449519335,5.137350159876136,0.08593568936491454,0.013769491514454734
4365.0,174.6,2.0,-27.102688483951045,14.539681713382667,-27.102688483951045,14.539681713382667,5.144436742448962,0.03322904061037648,0.01382046802148818
4366.0,174.64000000000001,2.0,-27.03044878966157,14.691859848226832,-27.03044878966157,14.691859848226832,5.151869706787119,-0.019477608144161572,0.013871444528521626
4367.0,174.68,2.0,-26.95276593173396,14.853740784552409,-26.95276593173396,14.853740784552409,5.159778282785833,-0.04333938653776381,0.013926770457150257
4368.0,174.72,2.0,-26.873119193899576,15.017857915263553,-26.873119193899576,15.017857915263553,5.168167461826959,-0.04096992727598279,0.013871722726846914
4369.0,174.76,2.0,-26.792794496364507,15.179215549888792,-26.792794496364507,15.179215549888792,5.176733227166968,0.014459901913237871,0.009457065254785693
4370.0,174.8,2.0,-26.70954250046886,15.34415358839862,-26.70954250046886,15.34415358839862,5.183454398794471,0.014459901913237871,0.009457065254785693
4371.0,174.84,2.0,-26.625182819092863,15.508529832080422,-26.625182819092863,15.508529832080422,5.190175570421972,0.014459901913237871,0.009457065254785693
4372.0,174.88,2.0,-26.539719255469286,15.672336818558241,-26.539719255469286,15.672336818558241,5.196896742049474,0.014459901913237871,0.009457065254785693
4373.0,174.92000000000002,2.0,-26.45315566326075,15.835567111285465,-26.45315566326075,15.835567111285465,5.203617913676975,0.014459901913237871,0.009457065254785693
4374.0,174.96,2.0,-26.365495946383668,15.99821329988668,-26.365495946383668,15.99821329988668,5.2103390853044775,0.014459901913237871,0.009457065254785693
4375.0,175.0,2.0,-26.27674405883003,16.160268000498306,-26.27674405883003,16.160268000498306,5.217060256931979,0.014459901913237871,0.009457065254785693
4376.0,175.04,2.0,-26.186904004486742,16.321723856107997,-26.186904004486742,16.321723856107997,5.223781428559481,0.014459901913237871,0.009457065254785693
4377.0,175.08,2.0,-26.095979836952722,16.48257353689285,-26.095979836952722,16.48257353689285,5.230502600186982,0.014459901913237871,0.009457065254785693
4378.0,175.12,2.0,-26.003975659353692,16.642809740556338,-26.003975659353692,16.642809740556338,5.237223771814484,0.014459901913237871,0.009457065254785693
4379.0,175.16,2.0,-25.91089562415464,16.802425192663957,-25.91089562415464,16.802425192663957,5.243944943441987,0.014459901913237871,0.009457065254785693
4380.0,175.20000000000002,2.0,-25.816743932970063,16.961412646977646,-25.816743932970063,16.961412646977646,5.250666115069488,0.014459901913237871,0.009457065254785693
4381.0,175.24,2.0,-25.721524836371884,17.11976488578885,-25.721524836371884,17.11976488578885,5.25738728669699,0.014459901913237871,0.009457065254785693
4382.0,175.28,2.0,-25.62524263369512,17.277474720250318,-25.62524263369512,17.277474720250318,5.2641084583244915,0.014459901913237871,0.009457065254785693
4383.0,175.32,2.0,-25.527901672841306,17.43453499070655,-25.527901672841306,17.43453499070655,5.270829629951993,0.014459901913237871,0.009457065254785693
4384.0,175.36,2.0,-25.429506350079677,17.5909385670229,-25.429506350079677,17.5909385670229,5.277550801579495,0.014459901913237871,0.009457065254785693
4385.0,175.4,2.0,-25.330061109846078,17.746678348913335,-25.330061109846078,17.746678348913335,5.284271973206996,0.014459901913237871,0.009457065254785693
4386.0,175.44,2.0,-25.229570444539693,17.901747266266796,-25.229570444539693,17.901747266266796,5.2909931448344985,0.014459901913237871,0.009457065254785693
4387.0,175.48,2.0,-25.128038894317516,18.056138279472208,-25.128038894317516,18.056138279472208,5.297714316462001,0.014459901913237871,0.009457065254785693
4388.0,175.52,2.0,-25.025471046886643,18.20984437974204,-25.025471046886643,18.20984437974204,5.304435488089502,0.014459901913237871,0.009457065254785693
4389.0,175.56,2.0,-24.921871537294344,18.362858589434488,-24.921871537294344,18.362858589434488,5.311156659717003,0.014459901913237871,0.009457065254785693
4390.0,175.6,2.0,-24.817245047715968,18.515173962374195,-24.817245047715968,18.515173962374195,5.317877831344505,0.014459901913237871,0.009457065254785693
4391.0,175.64000000000001,2.0,-24.711596307240633,18.666783584171533,-24.711596307240633,18.666783584171533,5.324599002972008,0.014459901913237871,0.009457065254785693
4392.0,175.68,2.0,-24.604930091654786,18.817680572540432,-24.604930091654786,18.817680572540432,5.331320174599509,0.014459901913237871,0.009457065254785693
4393.0,175.72,2.0,-24.497251223223582,18.967858077614693,-24.497251223223582,18.967858077614693,5.33804134622701,0.014459901913237871,0.009457065254785693
4394.0,175.76,2.0,-24.38856457047012,19.11730928226287,-24.38856457047012,19.11730928226287,5.344762517854512,0.014459901913237871,0.009457065254785693
4395.0,175.8,2.0,-24.27887504795253,19.266027402401576,-24.27887504795253,19.266027402401576,5.351483689482015,0.014459901913237871,0.009457065254785693
4396.0,175.84,2.0,-24.168187616038942,19.414005687307316,-24.168187616038942,19.414005687307316,5.358204861109516,0.014459901913237871,0.009457065254785693
4397.0,175.88,2.0,-24.056507280680346,19.561237419926762,-24.056507280680346,19.561237419926762,5.364926032737017,0.014459901913237871,0.009457065254785693
4398.0,175.92000000000002,2.0,-23.943839093181307,19.707715917185475,-23.943839093181307,19.707715917185475,5.371647204364519,0.014459901913237871,0.009457065254785693
4399.0,175.96,2.0,-23.830188149968627,19.85343453029507,-23.830188149968627,19.85343453029507,5.378368375992021,0.014459901913237871,0.009457065254785693
4400.0,176.0,2.0,-23.715559592357895,19.9983866450588,-23.715559592357895,19.9983866450588,5.385089547619523,0.014459901913237871,0.009457065254785693
4401.0,176.04,2.0,-23.599958606317973,20.14256568217554,-23.599958606317973,20.14256568217554,5.391810719247024,0.014459901913237871,0.009457065254785693
4402.0,176.08,2.0,-23.48339042223339,20.285965097542164,-23.48339042223339,20.285965097542164,5.3985318908745255,0.014459901913237871,0.009457065254785693
4403.0,176.12,2.0,-23.36586031466475,20.42857838255429,-23.36586031466475,20.42857838255429,5.4052530625020285,0.014459901913237871,0.009457065254785693
4404.0,176.16,2.0,-23.247373602106983,20.57039906440543,-23.247373602106983,20.57039906440543,5.411974234129529,0.014459901913237871,0.009457065254785693
4405.0,176.20000000000002,2.0,-23.127935646745705,20.71142070638443,-23.127935646745705,20.71142070638443,5.418695405757032,0.014459901913237871,0.009457065254785693
4406.0,176.24,2.0,-23.00755185421143,20.851636908171287,-23.00755185421143,20.851636908171287,5.425416577384533,0.014459901913237871,0.009457065254785693
4407.0,176.28,2.0,-22.886227673331874,20.99104130613127,-22.886227673331874,20.99104130613127,5.432137749012035,0.014459901913237871,0.009457065254785693
4408.0,176.32,2.0,-22.76396859588217,21.129627573607358,-22.76396859588217,21.129627573607358,5.438858920639537,0.014459901913237871,0.009457065254785693
4409.0,176.36,2.0,-22.640780156333182,21.26738942121097,-22.640780156333182,21.26738942121097,5.445580092267038,0.014459901913237871,0.009457065254785693
4410.0,176.4,2.0,-22.516667931597798,21.40432059711099,-22.516667931597798,21.40432059711099,5.45230126389454,0.014459901913237871,0.009457065254785693
4411.0,176.44,2.0,-22.391637540775257,21.540414887321003,-22.391637540775257,21.540414887321003,5.459022435522042,0.014459901913237871,0.009457065254785693
4412.0,176.48,2.0,-22.26569464489356,21.675666115984885,-22.26569464489356,21.675666115984885,5.465743607149543,0.014459901913237871,0.009457065254785693
4413.0,176.52,2.0,-22.138844946649904,21.81006814566053,-22.138844946649904,21.81006814566053,5.472464778777045,0.014459901913237871,0.009457065254785693
4414.0,176.56,2.0,-22.011094190149215,21.943614877601867,-22.011094190149215,21.943614877601867,5.479185950404547,0.014459901913237871,0.009457065254785693
4415.0,176.6,2.0,-21.882448160640767,22.076300252039108,-21.882448160640767,22.076300252039108,5.4859071220320486,0.014459901913237871,0.009457065254785693
4416.0,176.64000000000001,2.0,-21.752912684252856,22.2081182484571,-21.752912684252856,22.2081182484571,5.492628293659551,0.014459901913237871,0.009457065254785693
4417.0,176.68,2.0,-21.62249362772568,22.339062885872007,-21.62249362772568,22.339062885872007,5.499349465287052,0.014459901913237871,0.009457065254785693
4418.0,176.72,2.0,-21.49119689814223,22.469128223106036,-21.49119689814223,22.469128223106036,5.506070636914554,0.014459901913237871,0.009457065254785693
4419.0,176.76,2.0,-21.35902844265739,22.598308359060418,-21.35902844265739,22.598308359060418,5.5127918085420555,0.014459901913237871,0.009457065254785693
4420.0,176.8,2.0,-21.225994248225156,22.726597432986477,-21.225994248225156,22.726597432986477,5.519512980169557,0.014459901913237871,0.009457065254785693
4421.0,176.84,2.0,-21.09210034132403,22.853989624754895,-21.09210034132403,22.853989624754895,5.526234151797059,0.014459901913237871,0.009457065254785693
4422.0,176.88,2.0,-20.957352787680563,22.98047915512306,-20.957352787680563,22.98047915512306,5.532955323424561,0.014459901913237871,0.009457065254785693
4423.0,176.92000000000002,2.0,-20.82175769199112,23.10606028600052,-20.82175769199112,23.10606028600052,5.5396764950520625,0.014459901913237871,0.009457065254785693
4424.0,176.96,2.0,-20.68532119764182,23.230727320712596,-20.68532119764182,23.230727320712596,5.546397666679565,0.014459901913237871,0.009457065254785693
4425.0,177.0,2.0,-20.548049486426674,23.354474604262002,-20.548049486426674,23.354474604262002,5.553118838307066,0.014459901913237871,0.009457065254785693
4426.0,177.04,2.0,-20.409948778264,23.477296523588624,-20.409948778264,23.477296523588624,5.559840009934567,0.014459901913237871,0.009457065254785693
4427.0,177.08,2.0,-20.271025330910998,23.599187507827285,-20.271025330910998,23.599187507827285,5.5665611815620695,0.014459901913237871,0.009457065254785693
4428.0,177.12,2.0,-20.131285439676677,23.720142028563632,-20.131285439676677,23.720142028563632,5.573282353189571,0.014459901913237871,0.009457065254785693
4429.0,177.16,2.0,-19.990735437132944,23.840154600088006,-19.990735437132944,23.840154600088006,5.580003524817073,0.014459901913237871,0.009457065254785693
4430.0,177.20000000000002,2.0,-19.84938169282403,23.959219779647377,-19.84938169282403,23.959219779647377,5.586724696444575,0.014459901913237871,0.009457065254785693
4431.0,177.24,2.0,-19.707230612974218,24.0773321676953,-19.707230612974218,24.0773321676953,5.593445868072076,0.014459901913237871,0.009457065254785693
4432.0,177.28,2.0,-19.56428864019383,24.194486408139817,-19.56428864019383,24.194486408139817,5.600167039699579,0.014459901913237871,0.009457065254785693
4433.0,177.32,2.0,-19.42056225318357,24.310677188589437,-19.42056225318357,24.310677188589437,5.60688821132708,0.014459901913237871,0.009457065254785693
4434.0,177.36,2.0,-19.276057966437186,24.42589924059705,-19.276057966437186,24.42589924059705,5.613609382954582,0.014459901913237871,0.009457065254785693
4435.0,177.4,2.0,-19.130782329942466,24.540147339901786,-19.130782329942466,24.540147339901786,5.620330554582083,0.014459901913237871,0.009457065254785693
4436.0,177.44,2.0,-18.984741928880634,24.653416306668923,-18.984741928880634,24.653416306668923,5.627051726209586,0.014459901913237871,0.009457065254785693
4437.0,177.48,2.0,-18.83794338332408,24.765701005727628,-18.83794338332408,24.765701005727628,5.633772897837087,0.014459901913237871,0.009457065254785693
4438.0,177.52,2.0,-18.69039334793249,24.876996346806738,-18.69039334793249,24.876996346806738,5.640494069464589,0.014459901913237871,0.009457065254785693
4439.0,177.56,2.0,-18.542098511647378,24.9872972847684,-18.542098511647378,24.9872972847684,5.64721524109209,0.014459901913237871,0.009457065254785693
4440.0,177.6,2.0,-18.393065597385064,25.09659881983966,-18.393065597385064,25.09659881983966,5.653936412719593,0.014459901913237871,0.009457065254785693
4441.0,177.64000000000001,2.0,-18.24330136172803,25.20489599784195,-18.24330136172803,25.20489599784195,5.660657584347094,0.014459901913237871,0.009457065254785693
4442.0,177.68,2.0,-18.092812594614763,25.312183910418447,-18.092812594614763,25.312183910418447,5.667378755974595,0.014459901913237871,0.009457065254785693
4443.0,177.72,2.0,-17.94160611902803,25.418457695259367,-17.94160611902803,25.418457695259367,5.674099927602098,0.014459901913237871,0.009457065254785693
4444.0,177.76,2.0,-17.789688790681673,25.523712536325068,-17.789688790681673,25.523712536325068,5.6808210992295995,0.014459901913237871,0.009457065254785693
4445.0,177.8,2.0,-17.63706749770581,25.62794366406706,-17.63706749770581,25.62794366406706,5.687542270857102,0.014459901913237871,0.009457065254785693
4446.0,177.84,2.0,-17.483749160330643,25.73114635564687,-17.483749160330643,25.73114635564687,5.694263442484603,0.014459901913237871,0.009457065254785693
4447.0,177.88,2.0,-17.329740730568695,25.83331593515272,-17.329740730568695,25.83331593515272,5.700984614112104,0.014459901913237871,0.009457065254785693
4448.0,177.92000000000002,2.0,-17.175049191895624,25.934447773814025,-17.175049191895624,25.934447773814025,5.7077057857396065,0.014459901913237871,0.009457065254785693
4449.0,177.96,2.0,-17.01968155892959,26.03453729021382,-17.01968155892959,26.03453729021382,5.714426957367108,0.014459901913237871,0.009457065254785693
4450.0,178.0,2.0,-16.86364487710917,26.13357995049882,-16.86364487710917,26.13357995049882,5.72114812899461,0.014459901913237871,0.009457065254785693
4451.0,178.04,2.0,-16.70694622236982,26.23157126858745,-16.70694622236982,26.23157126858745,5.727869300622112,0.014459901913237871,0.009457065254785693
4452.0,178.08,2.0,-16.549592700819005,26.32850680637559,-16.549592700819005,26.32850680637559,5.7345904722496135,0.014459901913237871,0.009457065254785693
4453.0,178.12,2.0,-16.391591448409876,26.424382173940092,-16.391591448409876,26.424382173940092,5.741311643877115,0.014459901913237871,0.009457065254785693
4454.0,178.16,2.0,-16.232949630613575,26.5191930297401,-16.232949630613575,26.5191930297401,5.748032815504617,0.014459901913237871,0.009457065254785693
4455.0,178.20000000000002,2.0,-16.073674442090216,26.612935080816165,-16.073674442090216,26.612935080816165,5.754753987132119,0.014459901913237871,0.009457065254785693
4456.0,178.24,2.0,-15.913773106358462,26.70560408298701,-15.913773106358462,26.70560408298701,5.7614751587596205,0.014459901913237871,0.009457065254785693
4457.0,178.28,2.0,-15.75325287546383,26.79719584104415,-15.75325287546383,26.79719584104415,5.768196330387122,0.014459901913237871,0.009457065254785693
4458.0,178.32,2.0,-15.592121029645648,26.88770620894424,-15.592121029645648,26.88770620894424,5.774917502014624,0.014459901913237871,0.009457065254785693
4459.0,178.36,2.0,-15.4303848770027,26.97713108999905,-15.4303848770027,26.97713108999905,5.781638673642126,0.014459901913237871,0.009457065254785693
4460.0,178.4,2.0,-15.26805175315763,27.065466437063275,-15.26805175315763,27.065466437063275,5.788359845269627,0.014459901913237871,0.009457065254785693
4461.0,178.44,2.0,-15.105129020920009,27.152708252720004,-15.105129020920009,27.152708252720004,5.795081016897129,0.014459901913237871,0.009457065254785693
4462.0,178.48,2.0,-14.941624069948237,27.238852589463892,-14.941624069948237,27.238852589463892,5.801802188524631,0.014459901913237871,0.009457065254785693
4463.0,178.52,2.0,-14.777544316410125,27.323895549882025,-14.777544316410125,27.323895549882025,5.808523360152132,0.014459901913237871,0.009457065254785693
4464.0,178.56,2.0,-14.612897202642301,27.407833286832506,-14.612897202642301,27.407833286832506,5.815244531779634,0.014459901913237871,0.009457065254785693
4465.0,178.6,2.0,-14.447690196808395,27.49066200362065,-14.447690196808395,27.49066200362065,5.821965703407136,0.014459901913237871,0.009457065254785693
4466.0,178.64000000000001,2.0,-14.281930792556045,27.572377954172907,-14.281930792556045,27.572377954172907,5.828686875034637,0.014459901913237871,0.009457065254785693
4467.0,178.68,2.0,-14.115626508672701,27.652977443208442,-14.115626508672701,27.652977443208442,5.83540804666214,0.014459901913237871,0.009457065254785693
4468.0,178.72,2.0,-13.948784888740317,27.732456826408303,-13.948784888740317,27.732456826408303,5.8421292182896405,0.014459901913237871,0.009457065254785693
4469.0,178.76,2.0,-13.781413500788847,27.810812510582355,-13.781413500788847,27.810812510582355,5.848850389917144,0.014459901913237871,0.009457065254785693
4470.0,178.8,2.0,-13.613519936948654,27.888040953833695,-13.613519936948654,27.888040953833695,5.855571561544645,0.014459901913237871,0.009457065254785693
4471.0,178.84,2.0,-13.4451118131018,27.964138665720846,-13.4451118131018,27.964138665720846,5.862292733172146,0.014459901913237871,0.009457065254785693
4472.0,178.88,2.0,-13.276196768532234,28.03910220741749,-13.276196768532234,28.03910220741749,5.869013904799648,0.014459901913237871,0.009457065254785693
4473.0,178.92000000000002,2.0,-13.106782465574899,28.112928191869816,-13.106782465574899,28.112928191869816,5.87573507642715,0.014459901913237871,0.009457065254785693
4474.0,178.96,2.0,-12.93687658926379,28.1856132839515,-12.93687658926379,28.1856132839515,5.882456248054652,0.014459901913237871,0.009457065254785693
4475.0,179.0,2.0,-12.766486846978975,28.25715420061631,-12.766486846978975,28.25715420061631,5.889177419682153,0.014459901913237871,0.009457065254785693
4476.0,179.04,2.0,-12.595620968092557,28.327547711048215,-12.595620968092557,28.327547711048215,5.895898591309654,0.014459901913237871,0.009457065254785693
4477.0,179.08,2.0,-12.424286703613657,28.396790636809207,-12.424286703613657,28.396790636809207,5.902619762937157,0.014459901913237871,0.009457065254785693
4478.0,179.12,2.0,-12.25249182583237,28.464879851984563,-12.25249182583237,28.464879851984563,5.909340934564659,0.014459901913237871,0.009457065254785693
4479.0,179.16,2.0,-12.08024412796277,28.5318122833258,-12.08024412796277,28.5318122833258,5.91606210619216,0.014459901913237871,0.009457065254785693
4480.0,179.20000000000002,2.0,-11.907551423784941,28.597584910391127,-11.907551423784941,28.597584910391127,5.922783277819662,0.014459901913237871,0.009457065254785693
4481.0,179.24,2.0,-11.734421547286058,28.662194765683477,-11.734421547286058,28.662194765683477,5.929504449447164,0.014459901913237871,0.009457065254785693
4482.0,179.28,2.0,-11.560862352300543,28.725638934786094,-11.560862352300543,28.725638934786094,5.936225621074666,0.014459901913237871,0.009457065254785693
4483.0,179.32,2.0,-11.386881712149313,28.78791455649566,-11.386881712149313,28.78791455649566,5.942946792702167,0.014459901913237871,0.009457065254785693
4484.0,179.36,2.0,-11.21248751927812,28.849018822952996,-11.21248751927812,28.849018822952996,5.949667964329668,0.014459901913237871,0.009457065254785693
4485.0,179.4,2.0,-11.037687684895033,28.908948979771186,-11.037687684895033,28.908948979771186,5.956389135957171,0.014459901913237871,0.009457065254785693
4486.0,179.44,2.0,-10.862490138607033,28.967702326161437,-10.862490138607033,28.967702326161437,5.963110307584673,0.014459901913237871,0.009457065254785693
4487.0,179.48,2.0,-10.686902828055787,29.02527621505621,-10.686902828055787,29.02527621505621,5.969831479212174,0.014459901913237871,0.009457065254785693
4488.0,179.52,2.0,-10.510933718552568,29.081668053230096,-10.510933718552568,29.081668053230096,5.976552650839676,0.014459901913237871,0.009457065254785693
4489.0,179.56,2.0,-10.33459079271239,29.13687530141804,-10.33459079271239,29.13687530141804,5.9832738224671775,0.014459901913237871,0.009457065254785693
4490.0,179.6,2.0,-10.15788205008734,29.190895474431176,-10.15788205008734,29.190895474431176,5.989994994094679,0.014459901913237871,0.009457065254785693
4491.0,179.64000000000001,2.0,-9.980815506799111,29.243726141270088,-9.980815506799111,29.243726141270088,5.996716165722181,0.014459901913237871,0.009457065254785693
4492.0,179.68,2.0,-9.803399195170817,29.295364925235624,-9.803399195170817,29.295364925235624,6.003437337349682,0.014459901913237871,0.009457065254785693
4493.0,179.72,2.0,-9.625641163358035,29.34580950403717,-9.625641163358035,29.34580950403717,6.0101585089771845,0.014459901913237871,0.009457065254785693
4494.0,179.76,2.0,-9.447549474979112,29.39505760989841,-9.447549474979112,29.39505760989841,6.016879680604687,0.014459901913237871,0.009457065254785693
4495.0,179.8,2.0,-9.269132208744807,29.443107029660574,-9.269132208744807,29.443107029660574,6.023600852232188,0.014459901913237871,0.009457065254785693
4496.0,179.84,2.0,-9.090397458087198,29.489955604883203,-9.090397458087198,29.489955604883203,6.03032202385969,0.014459901913237871,0.009457065254785693
4497.0,179.88,2.0,-8.91135333078793,29.53560123194226,-8.91135333078793,29.53560123194226,6.0370431954871915,0.014459901913237871,0.009457065254785693
4498.0,179.92000000000002,2.0,-8.732007948605823,29.58004186212586,-8.732007948605823,29.58004186212586,6.043764367114694,0.014459901913237871,0.009457065254785693
4499.0,179.96,2.0,-8.552369446903809,29.62327550172738,-8.552369446903809,29.62327550172738,6.050485538742195,0.014459901913237871,0.009457065254785693
4500.0,180.0,2.0,-8.37244597427527,29.66530021213602,-8.37244597427527,29.66530021213602,6.057206710369697,0.014459901913237871,0.009457065254785693
4501.0,180.04,2.0,-8.192245692169767,29.70611410992487,-8.192245692169767,29.70611410992487,6.0639278819971985,0.014459901913237871,0.009457065254785693
4502.0,180.08,2.0,-8.011776774518179,29.745715366936366,-8.011776774518179,29.745715366936366,6.070649053624701,0.014459901913237871,0.009457065254785693
4503.0,180.12,2.0,-7.8310474073572625,29.784102210365244,-7.8310474073572625,29.784102210365244,6.077370225252202,0.014459901913237871,0.009457065254785693
4504.0,180.16,2.0,-7.650065788453688,29.821272922838894,-7.650065788453688,29.821272922838894,6.084091396879704,0.014459901913237871,0.009457065254785693
4505.0,180.20000000000002,2.0,-7.468840126927498,29.857225842495183,-7.468840126927498,29.857225842495183,6.090812568507205,0.014459901913237871,0.009457065254785693
4506.0,180.24,2.0,-7.287378642875092,29.891959363057715,-7.287378642875092,29.891959363057715,6.097533740134707,0.014459901913237871,0.009457065254785693
4507.0,180.28,2.0,-7.105689566991677,29.925471933908494,-7.105689566991677,29.925471933908494,6.10425491176221,0.014459901913237871,0.009457065254785693
4508.0,180.32,2.0,-6.923781140193259,29.95776206015804,-6.923781140193259,29.95776206015804,6.110976083389711,0.014459901913237871,0.009457065254785693
4509.0,180.36,2.0,-6.741661613238153,29.988828302712896,-6.741661613238153,29.988828302712896,6.117697255017213,0.014459901913237871,0.009457065254785693
4510.0,180.4,2.0,-6.559339246348055,30.01866927834063,-6.559339246348055,30.01866927834063,6.124418426644715,0.014459901913237871,0.009457065254785693
4511.0,180.44,2.0,-6.376822308828686,30.04728365973215,-6.376822308828686,30.04728365973215,6.131139598272216,0.014459901913237871,0.009457065254785693
4512.0,180.48,2.0,-6.194119078690014,30.074670175561543,-6.194119078690014,30.074670175561543,6.137860769899718,0.014459901913237871,0.009457065254785693
4513.0,180.52,2.0,-6.0112378422660955,30.10082761054324,-6.0112378422660955,30.10082761054324,6.144581941527219,0.014459901913237871,0.009457065254785693
4514.0,180.56,2.0,-5.8281868938345225,30.12575480548666,-5.8281868938345225,30.12575480548666,6.151303113154722,0.014459901913237871,0.009457065254785693
4515.0,180.6,2.0,-5.644974535235532,30.14945065734822,-5.644974535235532,30.14945065734822,6.158024284782224,0.014459901913237871,0.009457065254785693
4516.0,180.64000000000001,2.0,-5.461609075490754,30.171914119280707,-5.461609075490754,30.171914119280707,6.164745456409725,0.014459901913237871,0.009457065254785693
4517.0,180.68,2.0,-5.278098830421648,30.193144200680223,-5.278098830421648,30.193144200680223,6.171466628037226,0.014459901913237871,0.009457065254785693
4518.0,180.72,2.0,-5.094452122267632,30.213139967230312,-5.094452122267632,30.213139967230312,6.1781877996647285,0.014459901913237871,0.009457065254785693
4519.0,180.76,2.0,-4.910677279303922,30.231900540943638,-4.910677279303922,30.231900540943638,6.027829338612741,0.014459901913237871,0.009457065254785693
4520.0,180.8,2.0,-4.726782635459096,30.249425100201016,-4.726782635459096,30.249425100201016,5.877470877560752,0.014459901913237871,0.009457065254785693
4521.0,180.84,2.0,-4.542776529932416,30.265712879787817,-4.542776529932416,30.265712879787817,5.727112416508765,0.014459901913237871,0.009457065254785693
4522.0,180.88,2.0,-4.358667306810907,30.28076317092778,-4.358667306810907,30.28076317092778,5.576753955456777,0.014459901913237871,0.009457065254785693
4523.0,180.92000000000002,2.0,-4.174463314686226,30.294575321314273,-4.174463314686226,30.294575321314273,5.4263954944047885,0.014459901913237871,0.009457065254785693
4524.0,180.96,2.0,-3.9901729062713187,30.30714873513883,-3.9901729062713187,30.30714873513883,5.276037033352801,0.014459901913237871,0.009457065254785693
4525.0,181.0,2.0,-3.8058044380169127,30.318482873117205,-3.8058044380169127,30.318482873117205,5.125678572300813,0.014459901913237871,0.009457065254785693
4526.0,181.04,2.0,-3.621366269727833,30.3285772525127,-3.621366269727833,30.3285772525127,4.975320111248825,0.014459901913237871,0.009457065254785693
4527.0,181.08,2.0,-3.43686676417918,30.337431447156966,-3.43686676417918,30.337431447156966,4.824961650196837,0.014459901913237871,0.009457065254785693
4528.0,181.12,2.0,-3.252314286732374,30.34504508746815,-3.252314286732374,30.34504508746815,4.6746031891448485,0.014459901913237871,0.009457065254785693
4529.0,181.16,2.0,-3.067717204951094,30.351417860466437,-3.067717204951094,30.351417860466437,4.524244728092862,0.014459901913237871,0.009457065254785693
4530.0,181.20000000000002,2.0,-2.883083888217121,30.35654950978698,-2.883083888217121,30.35654950978698,4.373886267040874,0.014459901913237871,0.009457065254785693
4531.0,181.24,2.0,-2.69842270734611,30.360439835690226,-2.69842270734611,30.360439835690226,4.0664481733093965,0.014459901913237871,0.009457065254785693
4532.0,181.28,2.0,-2.513742034203304,30.36308869506958,-2.513742034203304,30.36308869506958,3.7590100795779184,0.014459901913237871,0.009457065254785693
4533.0,181.32,2.0,-2.329050241319209,30.364496001456512,-2.329050241319209,30.364496001456512,3.4515719858464413,0.014459901913237871,0.009457065254785693
4534.0,181.36,2.0,-2.1491722654232133,30.36492495807127,-2.1491722654232133,30.36492495807127,3.2955272139002068,0.05266542527197404,0.008093082381276467
4535.0,181.4,2.0,-1.9724877465018504,30.366362158304202,-1.9724877465018504,30.366362158304202,3.1392120137359893,0.08726375131513978,0.00853626586755982
4536.0,181.44,2.0,-1.795065046436338,30.36537299210687,-1.795065046436338,30.36537299210687,2.9840667139141956,0.12295846332449475,0.007862129134521601
4537.0,181.48,2.0,-1.6168954916481137,30.364947702881608,-1.6168954916481137,30.364947702881608,2.8287042766103943,0.14787401409568685,0.007724293206945379
4538.0,181.52,2.0,-1.4381757496917085,30.364282025609725,-1.4381757496917085,30.364282025609725,2.6731286163194006,0.1727895648668789,0.007586457279369156
4539.0,181.56,2.0,-1.2621381515102768,30.362189127204044,-1.2621381515102768,30.362189127204044,2.6751133223384196,0.1723917356532363,0.006523240383411353
4540.0,181.6,2.0,-1.0871176480537932,30.36168456390609,-1.0871176480537932,30.36168456390609,2.6768703114676358,0.16701744059102944,0.005970042159243999
4541.0,181.64000000000001,2.0,-0.9155690487996464,30.359641971845452,-0.9155690487996464,30.359641971845452,2.6784698826726117,0.14536822620371392,0.005172702919352094
4542.0,181.68,2.0,-0.7473834329241615,30.357862880534917,-0.7473834329241615,30.357862880534917,2.6797795952505625,0.12436125011349279,0.004175580505110925
4543.0,181.72,1.0,-0.5806216089049593,30.35599723939303,-0.5806216089049593,30.35599723939303,2.6808737769926645,0.08703614235568159,0.0030429839174262907
4544.0,181.76,1.0,-0.4126881549536828,30.354231939294344,-0.4126881549536828,30.354231939294344,2.6817065027768496,0.0442725160974866,0.0018226672510544286
4545.0,181.8,1.0,-0.24469535871179052,30.353329462420902,-0.24469535871179052,30.353329462420902,2.6829641138312055,-0.0013020369594407444,-0.00199646908589956
4546.0,181.84,0.0,-0.07857448420175173,30.35217427268451,-0.07857448420175173,30.35217427268451,2.6840477326299608,-0.04687659001636809,-0.005815605422853548
4547.0,181.88,0.0,0.08567308421857905,30.35079984667861,0.08567308421857905,30.35079984667861,2.684957359173114,-0.09245114307329544,-0.009634741759807535
4548.0,181.92000000000002,1.0,0.2480462200285382,30.34923966674187,0.2480462200285382,30.34923966674187,2.685692993460667,-0.13802569613022278,-0.013453878096761523
4549.0,181.96,1.0,0.4085440545589174,30.34752721907298,0.4085440545589174,30.34752721907298,2.6862546354926193,-0.18360024918715015,-0.01727301443371551
4550.0,182.0,1.0,0.567165976992612,30.34569599184555,0.567165976992612,30.34569599184555,2.68664228526897,-0.22917480224407746,-0.021092150770669504
4551.0,182.04,0.0,0.7239116343516548,30.34377947332315,0.7239116343516548,30.34377947332315,2.84393557546921,-0.27474935530100486,-0.02491128710762349
4552.0,182.08,1.0,0.8954092855985204,30.345017595419687,0.8954092855985204,30.345017595419687,2.866414369087093,-0.2812989969593324,-0.024063696144894595
4553.0,182.12,1.0,1.0660665636565148,30.344831285646258,1.0660665636565148,30.344831285646258,2.886771895996173,-0.2869638467725726,-0.023235106304118285
4554.0,182.16,0.0,1.252321297591902,30.341513053774342,1.252321297591902,30.341513053774342,2.7559175895475265,-0.3011531821012804,-0.019902663802960394
4555.0,182.20000000000002,0.0,1.4388833664413279,30.33291827708852,1.4388833664413279,30.33291827708852,2.625299348287481,-0.31173532011441785,-0.018377387661595072
4556.0,182.24,0.0,1.6217897713164162,30.322506210691678,1.6217897713164162,30.322506210691678,2.493476843655627,-0.3234138440937446,-0.015734791300908175
4557.0,182.28,0.0,1.8010006521294488,30.30731149345278,1.8010006521294488,30.30731149345278,2.3618371134763967,-0.32431320683490844,-0.013628495745683278
4558.0,182.32,0.0,1.9766816660143287,30.288163508772243,1.9766816660143287,30.288163508772243,2.230376243254975,-0.3252125695760722,-0.011522200190458378
4559.0,182.36,0.0,2.1520343114038054,30.266274443108607,2.1520343114038054,30.266274443108607,2.0984002763736465,-0.3007985523324013,-0.008490523666851898
4560.0,182.4,0.0,2.3253628864628832,30.238654327446437,2.3253628864628832,30.238654327446437,1.9666176633527368,-0.27140806924016614,-0.005968865815035867
4561.0,182.44,1.0,2.4990917294180024,30.2084553455878,2.4990917294180024,30.2084553455878,1.834958105226684,-0.2257426668228224,-0.0032030669474952867
4562.0,182.48,1.0,2.6730816315304358,30.173902019493823,2.6730816315304358,30.173902019493823,1.703554042698272,-0.18071950270257298,-0.00023748490560544165
4563.0,182.52,0.0,2.8453632984936874,30.135370681584725,2.8453632984936874,30.135370681584725,1.5723311479763253,-0.11937820691473351,0.0028635713097278697
4564.0,182.56,0.0,3.0327682366749573,30.117100329733898,3.0327682366749573,30.117100329733898,1.4226677471148421,-0.05170752145720838,0.00507229390953656
4565.0,182.6,0.0,3.2188481386265115,30.096698478292,3.2188481386265115,30.096698478292,1.272107468130352,0.017932602458248615,0.010002012278688239
4566.0,182.64000000000001,0.0,3.406383931960916,30.07500975036276,3.406383931960916,30.07500975036276,1.1215286418106882,0.08084937492887598,0.015984055086913595
4567.0,182.68,0.0,3.594553470207991,30.05235730053825,3.594553470207991,30.05235730053825,0.9710025698378881,0.14376614739950333,0.021966097895138956
4568.0,182.72,0.0,3.7809708848227026,30.029545181771574,3.7809708848227026,30.029545181771574,0.8200068003019771,0.21147738942977723,0.027657926904120424
4569.0,182.76,0.0,3.970435959460913,30.00550551169145,3.970435959460913,30.00550551169145,0.6690062753726763,0.2629634019652832,0.033913875147063094
4570.0,182.8,0.0,4.161370000614098,29.980439518535313,4.161370000614098,29.980439518535313,0.5180243314689107,0.31444941450078934,0.04016982339000576
4571.0,182.84,0.0,4.352695770985482,29.954335836866314,4.352695770985482,29.954335836866314,0.3669278126239326,0.35497798923565194,0.045884671001865905
4572.0,182.88,0.0,4.53081525332756,29.924414831743587,4.53081525332756,29.924414831743587,0.35037321335848726,0.3499338806321767,0.04689516515551286
4573.0,182.92000000000002,1.0,4.706163819754247,29.895396691774103,4.706163819754247,29.895396691774103,0.3356360032999235,0.342238293802354,0.047879093212693985
4574.0,182.96,1.0,4.869618080239439,29.869002724006283,4.869618080239439,29.869002724006283,0.3204698281068409,0.3051896459076316,0.047736521957791045
4575.0,183.0,0.0,5.03377332493116,29.8436017714419,5.03377332493116,29.8436017714419,0.3050164014878472,0.26529455122930723,0.04756463465188373
4576.0,183.04,0.0,5.19975732938943,29.82120615094258,5.19975732938943,29.82120615094258,0.28932238326384524,0.22751102076947852,0.04726706891039273
4577.0,183.08,1.0,5.363423858316713,29.80152285882026,5.363423858316713,29.80152285882026,0.27334711289158337,0.1807041757375099,0.046883267996362506
4578.0,183.12,0.0,5.524545561343316,29.784982369759938,5.524545561343316,29.784982369759938,0.25686633267632847,0.13079749657181958,0.04306547387783889
4579.0,183.16,0.0,5.687845225480355,29.7707755699491,5.687845225480355,29.7707755699491,0.24034979379160654,0.08089081740612922,0.03924767975931528
4580.0,183.20000000000002,1.0,5.853343263561553,29.75889320616357,5.853343263561553,29.75889320616357,0.22379749623741754,0.030984138240438885,0.03542988564079167
4581.0,183.24,1.0,6.021060066463955,29.74932585123785,6.021060066463955,29.74932585123785,0.2072094400137614,-0.018922540925251453,0.03161209152226806
4582.0,183.28,1.0,6.191016001650466,29.74206390391318,6.191016001650466,29.74206390391318,0.19058562512063826,-0.06882922009094179,0.027794297403744443
4583.0,183.32,1.0,6.36323141170912,29.73709758869777,6.36323141170912,29.73709758869777,0.17392605155804802,-0.11873589925663212,0.023976503285220833
4584.0,183.36,1.0,6.519299209711993,29.709812983553057,6.519299209711993,29.709812983553057,0.17595530916192076,-0.14329407865813698,0.02256353205743239
4585.0,183.4,1.0,6.676767483655155,29.681841617151907,6.676767483655155,29.681841617151907,0.1784434286876399,-0.16701076971884132,0.021028384730883087
4586.0,183.44,1.0,6.834774090645624,29.65345600742476,6.834774090645624,29.65345600742476,0.18111095687314352,-0.18400410933471603,0.018440912965260105
4587.0,183.48,0.0,6.9941301105057265,29.624301207563455,6.9941301105057265,29.624301207563455,0.18388659203639474,-0.20099744895059074,0.015853441199637122
4588.0,183.52,0.0,7.157210116096627,29.593541445772548,7.157210116096627,29.593541445772548,0.18729278608736785,-0.22278525812611197,0.013556183233258032
4589.0,183.56,0.0,7.319202799529357,29.562212960524455,7.319202799529357,29.562212960524455,0.19086459685634174,-0.22834783780686543,0.010694806032917739
4590.0,183.6,0.0,7.481675102027536,29.530082956192768,7.481675102027536,29.530082956192768,0.19457868792439142,-0.23391041748761884,0.007833428832577448
4591.0,183.64000000000001,0.0,7.645692281059281,29.497131308898428,7.645692281059281,29.497131308898428,0.1985682152582646,-0.22851555936772874,0.005513152263319676
4592.0,183.68,0.0,7.808211792890466,29.462899798454117,7.808211792890466,29.462899798454117,0.20281718866397172,-0.2165729293081006,0.0032305018525922114
4593.0,183.72,2.0,7.974378361741216,29.42724946303764,7.974378361741216,29.42724946303764,0.2073569086406105,-0.2028636128672125,0.000993418660283165
4594.0,183.76,2.0,8.141681873509189,29.389905484255713,8.141681873509189,29.389905484255713,0.2121309743932604,-0.18948227320469307,-0.0012570350068141871
4595.0,183.8,2.0,8.311176219553541,29.352659383563854,8.311176219553541,29.352659383563854,0.21721352367021537,-0.17325448675857172,-0.003478172622907158
4596.0,183.84,2.0,8.481744438854175,29.313476667323698,8.481744438854175,29.313476667323698,0.22255789665057243,-0.15913826453094596,-0.005573631803416443
4597.0,183.88,2.0,8.657543441062185,29.27262805802973,8.657543441062185,29.27262805802973,0.22820475387758324,-0.13599872773118032,-0.007582855811386513
4598.0,183.92000000000002,2.0,8.838811109744222,29.229660696142012,8.838811109744222,29.229660696142012,0.23437835304598095,-0.10975935679769296,-0.006158086614863191
4599.0,183.96,2.0,9.020835048962486,29.185361207720945,9.020835048962486,29.185361207720945,0.24060894298223962,-0.08351998586420559,-0.004733317418339868
4600.0,184.0,2.0,9.203605093869125,29.139716256114287,9.203605093869125,29.139716256114287,0.24689652368635912,-0.05728061493071823,-0.0033085482218165444
4601.0,184.04,2.0,9.387110957525046,29.092712577268447,9.387110957525046,29.092712577268447,0.2532410951583396,-0.03104124399723087,-0.001883779025293221
4602.0,184.08,2.0,9.571342231400312,29.044336980670714,9.571342231400312,29.044336980670714,0.25964265739818104,-0.004801873063743511,-0.0004590098287698977
4603.0,184.12,2.0,9.756288385881286,28.994576350288064,9.756288385881286,28.994576350288064,0.2661012104058834,0.021437497869743805,0.0009657593677534354
4604.0,184.16,2.0,9.94090932994104,28.943622239952695,9.94090932994104,28.943622239952695,0.2725597634135858,0.021437497869743805,0.0009657593677534354
4605.0,184.20000000000002,2.0,10.125197361718481,28.891476774839113,10.125197361718481,28.891476774839113,0.27901831642128816,0.021437497869743805,0.0009657593677534354
4606.0,184.24,2.0,10.309144793238534,28.83814212982532,10.309144793238534,28.83814212982532,0.28547686942899053,0.021437497869743805,0.0009657593677534354
4607.0,184.28,2.0,10.492743950732908,28.78362052940209,10.492743950732908,28.78362052940209,0.2919354224366929,0.021437497869743805,0.0009657593677534354
4608.0,184.32,2.0,10.675987174960271,28.727914247580184,10.675987174960271,28.727914247580184,0.2983939754443953,0.021437497869743805,0.0009657593677534354
4609.0,184.36,2.0,10.858866821525822,28.671025607795475,10.858866821525822,28.671025607795475,0.30485252845209765,0.021437497869743805,0.0009657593677534354
4610.0,184.4,2.0,11.041375261200235,28.61295698281207,11.041375261200235,28.61295698281207,0.3113110814598,0.021437497869743805,0.0009657593677534354
4611.0,184.44,2.0,11.223504880237975,28.55371079462325,11.223504880237975,28.55371079462325,0.3177696344675024,0.021437497869743805,0.0009657593677534354
4612.0,184.48,2.0,11.405248080694967,28.493289514350533,11.405248080694967,28.493289514350533,0.32422818747520477,0.021437497869743805,0.0009657593677534354
4613.0,184.52,2.0,11.586597280745611,28.431695662140516,11.586597280745611,28.431695662140516,0.33068674048290714,0.021437497869743805,0.0009657593677534354
4614.0,184.56,2.0,11.767544914999117,28.368931807059766,11.767544914999117,28.368931807059766,0.3371452934906095,0.021437497869743805,0.0009657593677534354
4615.0,184.6,2.0,11.948083434815151,28.30500056698768,11.948083434815151,28.30500056698768,0.3436038464983119,0.021437497869743805,0.0009657593677534354
4616.0,184.64000000000001,2.0,12.128205308618806,28.23990460850724,12.128205308618806,28.23990460850724,0.35006239950601425,0.021437497869743805,0.0009657593677534354
4617.0,184.68,2.0,12.307903022214827,28.17364664679377,12.307903022214827,28.17364664679377,0.3565209525137166,0.021437497869743805,0.0009657593677534354
4618.0,184.72,2.0,12.487169079101132,28.106229445501718,12.487169079101132,28.106229445501718,0.362979505521419,0.021437497869743805,0.0009657593677534354
4619.0,184.76,2.0,12.665996000781599,28.037655816649306,12.665996000781599,28.037655816649306,0.36943805852912137,0.021437497869743805,0.0009657593677534354
4620.0,184.8,2.0,12.844376327078075,27.96792862050126,12.844376327078075,27.96792862050126,0.37589661153682374,0.021437497869743805,0.0009657593677534354
4621.0,184.84,2.0,13.022302616441667,27.897050765449485,13.022302616441667,27.897050765449485,0.3823551645445261,0.021437497869743805,0.0009657593677534354
4622.0,184.88,2.0,13.199767446263195,27.82502520789172,13.199767446263195,27.82502520789172,0.3888137175522285,0.021437497869743805,0.0009657593677534354
4623.0,184.92000000000002,2.0,13.376763413182914,27.75185495210821,13.376763413182914,27.75185495210821,0.39527227055993086,0.021437497869743805,0.0009657593677534354
4624.0,184.96,2.0,13.553283133399395,27.6775430501364,13.553283133399395,27.6775430501364,0.40173082356763323,0.021437497869743805,0.0009657593677534354
4625.0,185.0,2.0,13.729319242977601,27.602092601643562,13.729319242977601,27.602092601643562,0.4081893765753356,0.021437497869743805,0.0009657593677534354
4626.0,185.04,2.0,13.904864398156144,27.525506753797533,13.904864398156144,27.525506753797533,0.414647929583038,0.021437497869743805,0.0009657593677534354
4627.0,185.08,2.0,14.079911275653675,27.44778870113541,14.079911275653675,27.44778870113541,0.42110648259074035,0.021437497869743805,0.0009657593677534354
4628.0,185.12,2.0,14.254452572974449,27.368941685430258,14.254452572974449,27.368941685430258,0.4275650355984427,0.021437497869743805,0.0009657593677534354
4629.0,185.16,2.0,14.42848100871301,27.288968995555898,14.42848100871301,27.288968995555898,0.4340235886061451,0.021437497869743805,0.0009657593677534354
4630.0,185.20000000000002,2.0,14.601989322857985,27.20787396734969,14.601989322857985,27.20787396734969,0.4404821416138474,0.021437497869743805,0.0009657593677534354
4631.0,185.24,2.0,14.774970277095012,27.125659983473362,14.774970277095012,27.125659983473362,0.44694069462154984,0.021437497869743805,0.0009657593677534354
4632.0,185.28,2.0,14.94741665510872,27.042330473271896,14.94741665510872,27.042330473271896,0.45339924762925216,0.021437497869743805,0.0009657593677534354
4633.0,185.32,2.0,15.11932126288385,26.957888912630477,15.11932126288385,26.957888912630477,0.4598578006369546,0.021437497869743805,0.0009657593677534354
4634.0,185.36,2.0,15.290676929005395,26.87233882382945,15.290676929005395,26.87233882382945,0.46631635364465696,0.021437497869743805,0.0009657593677534354
4635.0,185.4,2.0,15.461476504957815,26.785683775397406,15.461476504957815,26.785683775397406,0.47277490665235933,0.021437497869743805,0.0009657593677534354
4636.0,185.44,2.0,15.631712865423305,26.69792738196229,15.631712865423305,26.69792738196229,0.47923345966006164,0.021437497869743805,0.0009657593677534354
4637.0,185.48,2.0,15.801378908579087,26.609073304100626,15.801378908579087,26.609073304100626,0.48569201266776396,0.021437497869743805,0.0009657593677534354
4638.0,185.52,2.0,15.970467556393714,26.51912524818477,15.970467556393714,26.51912524818477,0.4921505656754664,0.021437497869743805,0.0009657593677534354
4639.0,185.56,2.0,16.1389717549224,26.4280869662283,16.1389717549224,26.4280869662283,0.4986091186831686,0.021437497869743805,0.0009657593677534354
4640.0,185.6,2.0,16.30688447460132,26.3359622557295,16.30688447460132,26.3359622557295,0.5050676716908711,0.021437497869743805,0.0009657593677534354
4641.0,185.64000000000001,2.0,16.47419871054092,26.242754959512887,16.47419871054092,26.242754959512887,0.5115262246985733,0.021437497869743805,0.0009657593677534354
4642.0,185.68,2.0,16.640907482818196,26.148468965568945,16.640907482818196,26.148468965568945,0.5179847777062757,0.021437497869743805,0.0009657593677534354
4643.0,185.72,2.0,16.807003836767883,26.0531082068919,16.807003836767883,26.0531082068919,0.524443330713978,0.021437497869743805,0.0009657593677534354
4644.0,185.76,2.0,16.97248084327266,25.956676661315612,16.97248084327266,25.956676661315612,0.5309018837216803,0.021437497869743805,0.0009657593677534354
4645.0,185.8,2.0,17.137331599052256,25.859178351347662,17.137331599052256,25.859178351347662,0.5373604367293827,0.021437497869743805,0.0009657593677534354
4646.0,185.84,2.0,17.301549226951458,25.76061734400151,17.301549226951458,25.76061734400151,0.5438189897370851,0.021437497869743805,0.0009657593677534354
4647.0,185.88,2.0,17.46512687622706,25.660997750626812,17.46512687622706,25.660997750626812,0.5502775427447875,0.021437497869743805,0.0009657593677534354
4648.0,185.92000000000002,2.0,17.628057722833706,25.56032372673794,17.628057722833706,25.56032372673794,0.5567360957524896,0.021437497869743805,0.0009657593677534354
4649.0,185.96,2.0,17.790334969708603,25.458599471840575,17.790334969708603,25.458599471840575,0.5631946487601921,0.021437497869743805,0.0009657593677534354
4650.0,186.0,2.0,17.95195184705512,25.355829229256493,17.95195184705512,25.355829229256493,0.5696532017678944,0.021437497869743805,0.0009657593677534354
4651.0,186.04,2.0,18.112901612625258,25.252017285946586,18.112901612625258,25.252017285946586,0.5761117547755966,0.021437497869743805,0.0009657593677534354
4652.0,186.08,2.0,18.27317755200094,25.14716797233196,18.27317755200094,25.14716797233196,0.582570307783299,0.021437497869743805,0.0009657593677534354
4653.0,186.12,2.0,18.432772978874183,25.041285662113296,18.432772978874183,25.041285662113296,0.5890288607910013,0.021437497869743805,0.0009657593677534354
4654.0,186.16,2.0,18.591681235326043,24.934374772088372,18.591681235326043,24.934374772088372,0.5954874137987035,0.021437497869743805,0.0009657593677534354
4655.0,186.20000000000002,2.0,18.74989569210444,24.82643976196779,18.74989569210444,24.82643976196779,0.601945966806406,0.021437497869743805,0.0009657593677534354
4656.0,186.24,2.0,18.907409748900736,24.717485134188927,18.907409748900736,24.717485134188927,0.6084045198141083,0.021437497869743805,0.0009657593677534354
4657.0,186.28,2.0,19.064216834625114,24.60751543372807,19.064216834625114,24.60751543372807,0.6148630728218105,0.021437497869743805,0.0009657593677534354
4658.0,186.32,2.0,19.220310407680763,24.49653524791082,19.220310407680763,24.49653524791082,0.6213216258295129,0.021437497869743805,0.0009657593677534354
4659.0,186.36,2.0,19.375683956236816,24.384549206220704,19.375683956236816,24.384549206220704,0.6277801788372152,0.021437497869743805,0.0009657593677534354
4660.0,186.4,2.0,19.530330998500034,24.27156198010602,19.530330998500034,24.27156198010602,0.6342387318449175,0.021437497869743805,0.0009657593677534354
4661.0,186.44,2.0,19.68424508298525,24.15757828278494,19.68424508298525,24.15757828278494,0.6406972848526198,0.021437497869743805,0.0009657593677534354
4662.0,186.48,2.0,19.837419788784565,24.042602869048885,19.837419788784565,24.042602869048885,0.6471558378603222,0.021437497869743805,0.0009657593677534354
4663.0,186.52,2.0,19.989848725835223,23.926640535064156,19.989848725835223,23.926640535064156,0.6536143908680245,0.021437497869743805,0.0009657593677534354
4664.0,186.56,2.0,20.14152553518625,23.809696118171804,20.14152553518625,23.809696118171804,0.6600729438757268,0.021437497869743805,0.0009657593677534354
4665.0,186.6,2.0,20.29244388926376,23.691774496685845,20.29244388926376,23.691774496685845,0.666531496883429,0.021437497869743805,0.0009657593677534354
4666.0,186.64000000000001,2.0,20.44259749213497,23.572880589689724,20.44259749213497,23.572880589689724,0.6729900498911314,0.021437497869743805,0.0009657593677534354
4667.0,186.68,2.0,20.591980079770867,23.453019356831085,20.591980079770867,23.453019356831085,0.6794486028988338,0.021437497869743805,0.0009657593677534354
4668.0,186.72,2.0,20.7405854203076,23.332195798114842,20.7405854203076,23.332195798114842,0.6859071559065361,0.021437497869743805,0.0009657593677534354
4669.0,186.76,2.0,20.88840731430647,23.210414953694574,20.88840731430647,23.210414953694574,0.6923657089142383,0.021437497869743805,0.0009657593677534354
4670.0,186.8,2.0,21.035439595012598,23.087681903662276,21.035439595012598,23.087681903662276,0.6988242619219407,0.021437497869743805,0.0009657593677534354
4671.0,186.84,2.0,21.181676128612214,22.96400176783636,21.181676128612214,22.96400176783636,0.7052828149296431,0.021437497869743805,0.0009657593677534354
4672.0,186.88,2.0,21.32711081448861,22.83937970554811,21.32711081448861,22.83937970554811,0.7117413679373453,0.021437497869743805,0.0009657593677534354
4673.0,186.92000000000002,2.0,21.471737585476628,22.713820915426375,21.471737585476628,22.713820915426375,0.7181999209450477,0.021437497869743805,0.0009657593677534354
4674.0,186.96,2.0,21.615550408115872,22.587330635180713,21.615550408115872,22.587330635180713,0.72465847395275,0.021437497869743805,0.0009657593677534354
4675.0,187.0,2.0,21.758543282902373,22.459914141382846,21.758543282902373,22.459914141382846,0.7311170269604522,0.021437497869743805,0.0009657593677534354
4676.0,187.04,2.0,21.900710244538956,22.331576749246523,21.900710244538956,22.331576749246523,0.7375755799681546,0.021437497869743805,0.0009657593677534354
4677.0,187.08,2.0,22.04204536218412,22.202323812405783,22.04204536218412,22.202323812405783,0.7440341329758569,0.021437497869743805,0.0009657593677534354
4678.0,187.12,2.0,22.182542739699485,22.07216072269155,22.182542739699485,22.07216072269155,0.7504926859835592,0.021437497869743805,0.0009657593677534354
4679.0,187.16,2.0,22.322196515895815,21.941092909906715,22.322196515895815,21.941092909906715,0.7569512389912616,0.021437497869743805,0.0009657593677534354
4680.0,187.20000000000002,2.0,22.46100086477754,21.809125841599588,22.46100086477754,21.809125841599588,0.7634097919989639,0.021437497869743805,0.0009657593677534354
4681.0,187.24,2.0,22.598949995785876,21.676265022835775,22.598949995785876,21.676265022835775,0.7698683450066661,0.021437497869743805,0.0009657593677534354
4682.0,187.28,2.0,22.73603815404038,21.542515995968518,22.73603815404038,21.542515995968518,0.7763268980143685,0.021437497869743805,0.0009657593677534354
4683.0,187.32,2.0,22.872259620579108,21.40788434040744,22.872259620579108,21.40788434040744,0.7827854510220708,0.021437497869743805,0.0009657593677534354
4684.0,187.36,2.0,23.007608712597193,21.272375672385767,23.007608712597193,21.272375672385767,0.7892440040297731,0.021437497869743805,0.0009657593677534354
4685.0,187.4,2.0,23.142079783683975,21.135995644726027,23.142079783683975,21.135995644726027,0.7957025570374754,0.021437497869743805,0.0009657593677534354
4686.0,187.44,2.0,23.275667224058573,20.998749946604185,23.275667224058573,20.998749946604185,0.8021611100451776,0.021437497869743805,0.0009657593677534354
4687.0,187.48,2.0,23.408365460803964,20.860644303312295,23.408365460803964,20.860644303312295,0.80861966305288,0.021437497869743805,0.0009657593677534354
4688.0,187.52,2.0,23.540168958099468,20.721684476019625,23.540168958099468,20.721684476019625,0.8150782160605823,0.021437497869743805,0.0009657593677534354
4689.0,187.56,2.0,23.67107221745176,20.581876261532297,23.67107221745176,20.581876261532297,0.8215367690682847,0.021437497869743805,0.0009657593677534354
4690.0,187.6,2.0,23.801069777924262,20.441225492051423,23.801069777924262,20.441225492051423,0.827995322075987,0.021437497869743805,0.0009657593677534354
4691.0,187.64000000000001,2.0,23.930156216364995,20.299738034929792,23.930156216364995,20.299738034929792,0.8344538750836893,0.021437497869743805,0.0009657593677534354
4692.0,187.68,2.0,24.058326147632858,20.157419792427056,24.058326147632858,20.157419792427056,0.8409124280913917,0.021437497869743805,0.0009657593677534354
4693.0,187.72,2.0,24.185574224822314,20.0142767014635,24.185574224822314,20.0142767014635,0.8473709810990939,0.021437497869743805,0.0009657593677534354
4694.0,187.76,2.0,24.311895139486463,19.87031473337232,24.311895139486463,19.87031473337232,0.8538295341067963,0.021437497869743805,0.0009657593677534354
4695.0,187.8,2.0,24.437283621858548,19.72553989365051,24.437283621858548,19.72553989365051,0.8602880871144987,0.021437497869743805,0.0009657593677534354
4696.0,187.84,2.0,24.56173444107182,19.57995822170827,24.56173444107182,19.57995822170827,0.8667466401222009,0.021437497869743805,0.0009657593677534354
4697.0,187.88,2.0,24.685242405377785,19.433575790617066,24.685242405377785,19.433575790617066,0.8732051931299033,0.021437497869743805,0.0009657593677534354
4698.0,187.92000000000002,2.0,24.80780236236282,19.28639870685624,24.80780236236282,19.28639870685624,0.8796637461376055,0.021437497869743805,0.0009657593677534354
4699.0,187.96,2.0,24.92940919916315,19.13843311005822,24.92940919916315,19.13843311005822,0.8861222991453079,0.021437497869743805,0.0009657593677534354
4700.0,188.0,2.0,25.05005784267818,18.989685172752367,25.05005784267818,18.989685172752367,0.8925808521530101,0.021437497869743805,0.0009657593677534354
4701.0,188.04,2.0,25.169743259782134,18.840161100107473,25.169743259782134,18.840161100107473,0.8990394051607126,0.021437497869743805,0.0009657593677534354
4702.0,188.08,2.0,25.288460457534104,18.689867129672834,25.288460457534104,18.689867129672834,0.9054979581684147,0.021437497869743805,0.0009657593677534354
4703.0,188.12,2.0,25.406204483386315,18.538809531118016,25.406204483386315,18.538809531118016,0.9119565111761172,0.021437497869743805,0.0009657593677534354
4704.0,188.16,2.0,25.522970425390803,18.38699460597129,25.522970425390803,18.38699460597129,0.9184150641838196,0.021437497869743805,0.0009657593677534354
4705.0,188.20000000000002,2.0,25.638753412404316,18.234428687356704,25.638753412404316,18.234428687356704,0.9248736171915217,0.021437497869743805,0.0009657593677534354
4706.0,188.24,2.0,25.75354861429161,18.08111813972984,25.75354861429161,18.08111813972984,0.9313321701992241,0.021437497869743805,0.0009657593677534354
4707.0,188.28,2.0,25.867351242126926,17.927069358612307,25.867351242126926,17.927069358612307,0.9377907232069264,0.021437497869743805,0.0009657593677534354
4708.0,188.32,2.0,25.98015654839382,17.772288770324884,25.98015654839382,17.772288770324884,0.9442492762146287,0.021437497869743805,0.0009657593677534354
4709.0,188.36,2.0,26.091959827183235,17.616782831719398,26.091959827183235,17.616782831719398,0.950707829222331,0.021437497869743805,0.0009657593677534354
4710.0,188.4,2.0,26.20275641438987,17.460558029909347,26.20275641438987,17.460558029909347,0.9571663822300334,0.021437497869743805,0.0009657593677534354
4711.0,188.44,2.0,26.312541687906748,17.303620881999237,26.312541687906748,17.303620881999237,0.9636249352377358,0.021437497869743805,0.0009657593677534354
4712.0,188.48,2.0,26.42131106781809,17.145977934812663,26.42131106781809,17.145977934812663,0.970083488245438,0.021437497869743805,0.0009657593677534354
4713.0,188.52,2.0,26.529060016590382,16.987635764619178,26.529060016590382,16.987635764619178,0.9765420412531404,0.021437497869743805,0.0009657593677534354
4714.0,188.56,2.0,26.635784039261704,16.8286009768599,26.635784039261704,16.8286009768599,0.9830005942608426,0.021437497869743805,0.0009657593677534354
4715.0,188.6,2.0,26.741478683629293,16.668880205871936,26.741478683629293,16.668880205871936,0.989459147268545,0.021437497869743805,0.0009657593677534354
4716.0,188.64000000000001,2.0,26.846139540435264,16.50848011461158,26.846139540435264,16.50848011461158,0.9959177002762474,0.021437497869743805,0.0009657593677534354
4717.0,188.68,2.0,26.9497622435506,16.34740739437629,26.9497622435506,16.34740739437629,1.0023762532839497,0.021437497869743805,0.0009657593677534354
4718.0,188.72,2.0,27.052342470157317,16.18566876452556,27.052342470157317,16.18566876452556,1.0088348062916521,0.021437497869743805,0.0009657593677534354
4719.0,188.76,2.0,27.153875940928817,16.023270972200535,27.153875940928817,16.023270972200535,1.0152933592993543,0.021437497869743805,0.0009657593677534354
4720.0,188.8,2.0,27.254358420208455,15.860220792042517,27.254358420208455,15.860220792042517,1.0217519123070569,0.021437497869743805,0.0009657593677534354
4721.0,188.84,2.0,27.353785716186234,15.696525025910327,27.353785716186234,15.696525025910327,1.0282104653147592,0.021437497869743805,0.0009657593677534354
4722.0,188.88,2.0,27.452153681073714,15.532190502596482,27.452153681073714,15.532190502596482,1.0346690183224616,0.021437497869743805,0.0009657593677534354
4723.0,188.92000000000002,2.0,27.549458211277074,15.367224077542314,27.549458211277074,15.367224077542314,1.0411275713301638,0.021437497869743805,0.0009657593677534354
4724.0,188.96,2.0,27.6456952475683,15.20163263255193,27.6456952475683,15.20163263255193,1.0475861243378661,0.021437497869743805,0.0009657593677534354
4725.0,189.0,2.0,27.74086077525459,15.035423075505085,27.74086077525459,15.035423075505085,1.0540446773455687,0.021437497869743805,0.0009657593677534354
4726.0,189.04,2.0,27.83495082434581,14.868602340068971,27.83495082434581,14.868602340068971,1.0605032303532709,0.021437497869743805,0.0009657593677534354
4727.0,189.08,2.0,27.927961469720184,14.70117738540894,27.927961469720184,14.70117738540894,1.0669617833609732,0.021437497869743805,0.0009657593677534354
4728.0,189.12,2.0,28.019888831288007,14.533155195898127,28.019888831288007,14.533155195898127,1.0734203363686756,0.021437497869743805,0.0009657593677534354
4729.0,189.16,2.0,28.11072907415356,14.364542780826067,28.11072907415356,14.364542780826067,1.0798788893763782,0.021437497869743805,0.0009657593677534354
4730.0,189.20000000000002,2.0,28.200478408775126,14.195347174106242,28.200478408775126,14.195347174106242,1.0863374423840804,0.021437497869743805,0.0009657593677534354
4731.0,189.24,2.0,28.289133091123063,14.02557543398261,28.289133091123063,14.02557543398261,1.0927959953917827,0.021437497869743805,0.0009657593677534354
4732.0,189.28,2.0,28.37668942283604,13.855234642735104,28.37668942283604,13.855234642735104,1.0992545483994853,0.021437497869743805,0.0009657593677534354
4733.0,189.32,2.0,28.463143751375345,13.684331906384173,28.463143751375345,13.684331906384173,1.1057131014071877,0.021437497869743805,0.0009657593677534354
4734.0,189.36,2.0,28.54849247017726,13.51287435439427,28.54849247017726,13.51287435439427,1.1121716544148899,0.021437497869743805,0.0009657593677534354
4735.0,189.4,2.0,28.632732018803534,13.34086913937642,28.632732018803534,13.34086913937642,1.1186302074225924,0.021437497869743805,0.0009657593677534354
4736.0,189.44,2.0,28.715858883089957,13.168323436789763,28.715858883089957,13.168323436789763,1.1250887604302948,0.021437497869743805,0.0009657593677534354
4737.0,189.48,2.0,28.797869595292962,12.99524444464221,28.797869595292962,12.99524444464221,1.1315473134379972,0.021437497869743805,0.0009657593677534354
4738.0,189.52,2.0,28.878760734234305,12.821639383190103,28.878760734234305,12.821639383190103,1.1380058664456993,0.021437497869743805,0.0009657593677534354
4739.0,189.56,2.0,28.9585289254438,12.647515494636973,28.9585289254438,12.647515494636973,1.144464419453402,0.021437497869743805,0.0009657593677534354
4740.0,189.6,2.0,29.03717084130013,12.47288004283138,29.03717084130013,12.47288004283138,1.1509229724611043,0.021437497869743805,0.0009657593677534354
4741.0,189.64000000000001,2.0,29.11468320116968,12.297740312963837,29.11468320116968,12.297740312963837,1.1573815254688065,0.021437497869743805,0.0009657593677534354
4742.0,189.68,2.0,29.19106277154338,12.122103611262874,29.19106277154338,12.122103611262874,1.1638400784765088,0.021437497869743805,0.0009657593677534354
4743.0,189.72,2.0,29.26630636617163,11.945977264690178,29.26630636617163,11.945977264690178,1.1702986314842114,0.021437497869743805,0.0009657593677534354
4744.0,189.76,2.0,29.340410846197273,11.769368620634918,29.340410846197273,11.769368620634918,1.1767571844919138,0.021437497869743805,0.0009657593677534354
4745.0,189.8,2.0,29.413373120286497,11.592285046607168,29.413373120286497,11.592285046607168,1.1832157374996162,0.021437497869743805,0.0009657593677534354
4746.0,189.84,2.0,29.485190144757848,11.414733929930538,29.485190144757848,11.414733929930538,1.1896742905073183,0.021437497869743805,0.0009657593677534354
4747.0,189.88,2.0,29.555858923709195,11.236722677433947,29.555858923709195,11.236722677433947,1.1961328435150207,0.021437497869743805,0.0009657593677534354
4748.0,189.92000000000002,2.0,29.625376509142757,11.058258715142586,29.625376509142757,11.058258715142586,1.2025913965227233,0.021437497869743805,0.0009657593677534354
4749.0,189.96,2.0,29.693740001088067,10.87934948796809,29.693740001088067,10.87934948796809,1.2090499495304257,0.021437497869743805,0.0009657593677534354
4750.0,190.0,2.0,29.760946547722956,10.700002459397925,29.760946547722956,10.700002459397925,1.2155085025381278,0.021437497869743805,0.0009657593677534354
4751.0,190.04,2.0,29.826993345492582,10.520225111183972,29.826993345492582,10.520225111183972,1.2219670555458302,0.021437497869743805,0.0009657593677534354
4752.0,190.08,2.0,29.891877639226358,10.340024943030395,29.891877639226358,10.340024943030395,1.2284256085535328,0.021437497869743805,0.0009657593677534354
4753.0,190.12,2.0,29.95559672225291,10.159409472280704,29.95559672225291,10.159409472280704,1.2348841615612351,0.021437497869743805,0.0009657593677534354
4754.0,190.16,2.0,30.018147936513003,9.978386233604144,30.018147936513003,9.978386233604144,1.2413427145689375,0.021437497869743805,0.0009657593677534354
4755.0,190.20000000000002,2.0,30.07952867267046,9.796962778681301,30.07952867267046,9.796962778681301,1.2478012675766397,0.021437497869743805,0.0009657593677534354
4756.0,190.24,2.0,30.139736370220994,9.615146675889044,30.139736370220994,9.615146675889044,1.254259820584342,0.021437497869743805,0.0009657593677534354
4757.0,190.28,2.0,30.198768517599042,9.432945509984744,30.198768517599042,9.432945509984744,1.2607183735920446,0.021437497869743805,0.0009657593677534354
4758.0,190.32,2.0,30.25662265228258,9.250366881789823,30.25662265228258,9.250366881789823,1.2671769265997468,0.021437497869743805,0.0009657593677534354
4759.0,190.36,2.0,30.313296360895816,9.067418407872621,30.313296360895816,9.067418407872621,1.2736354796074492,0.021437497869743805,0.0009657593677534354
4760.0,190.4,2.0,30.36878727930992,8.884107720230626,30.36878727930992,8.884107720230626,1.2800940326151515,0.021437497869743805,0.0009657593677534354
4761.0,190.44,2.0,30.423093092741617,8.700442465972028,30.423093092741617,8.700442465972028,1.2865525856228541,0.021437497869743805,0.0009657593677534354
4762.0,190.48,2.0,30.476211535849806,8.51643030699668,30.476211535849806,8.51643030699668,1.2930111386305563,0.021437497869743805,0.0009657593677534354
4763.0,190.52,2.0,30.528140392830032,8.332078919676416,30.528140392830032,8.332078919676416,1.2994696916382587,0.021437497869743805,0.0009657593677534354
4764.0,190.56,2.0,30.578877497506955,8.147395994534763,30.578877497506955,8.147395994534763,1.3059282446459612,0.021437497869743805,0.0009657593677534354
4765.0,190.6,2.0,30.628420733424697,7.962389235926094,30.628420733424697,7.962389235926094,1.3123867976536636,0.021437497869743805,0.0009657593677534354
4766.0,190.64000000000001,2.0,30.67676803393518,7.777066361714158,30.67676803393518,7.777066361714158,1.3188453506613658,0.021437497869743805,0.0009657593677534354
4767.0,190.68,2.0,30.723917382284306,7.591435102950089,30.723917382284306,7.591435102950089,1.3253039036690684,0.021437497869743805,0.0009657593677534354
4768.0,190.72,2.0,30.76986681169613,7.405503203549839,30.76986681169613,7.405503203549839,1.3317624566767707,0.021437497869743805,0.0009657593677534354
4769.0,190.76,2.0,30.814614405454883,7.21927841997108,30.814614405454883,7.21927841997108,1.338221009684473,0.021437497869743805,0.0009657593677534354
4770.0,190.8,2.0,30.858158296984946,7.032768520889583,30.858158296984946,7.032768520889583,1.3446795626921753,0.021437497869743805,0.0009657593677534354
4771.0,190.84,2.0,30.90049666992877,6.845981286875096,30.90049666992877,6.845981286875096,1.3511381156998779,0.021437497869743805,0.0009657593677534354
4772.0,190.88,2.0,30.94162775822256,6.658924510066711,30.94162775822256,6.658924510066711,1.3575966687075802,0.021437497869743805,0.0009657593677534354
4773.0,190.92000000000002,2.0,30.981549846170015,6.47160599384776,30.981549846170015,6.47160599384776,1.3640552217152824,0.021437497869743805,0.0009657593677534354
4774.0,190.96,2.0,31.020261268513917,6.284033552520233,31.020261268513917,6.284033552520233,1.3705137747229847,0.021437497869743805,0.0009657593677534354
4775.0,191.0,2.0,31.05776041050555,6.0962150109787485,31.05776041050555,6.0962150109787485,1.3769723277306873,0.021437497869743805,0.0009657593677534354
4776.0,191.04,2.0,31.09404570797213,5.908158204384075,31.09404570797213,5.908158204384075,1.3834308807383897,0.021437497869743805,0.0009657593677534354
4777.0,191.08,2.0,31.12911564738199,5.719870977836235,31.12911564738199,5.719870977836235,1.389889433746092,0.021437497869743805,0.0009657593677534354
4778.0,191.12,2.0,31.162968765907767,5.5313611860471745,31.162968765907767,5.5313611860471745,1.3963479867537942,0.021437497869743805,0.0009657593677534354
4779.0,191.16,2.0,31.195603651487424,5.342636693013056,31.195603651487424,5.342636693013056,1.4028065397614966,0.021437497869743805,0.0009657593677534354
4780.0,191.20000000000002,2.0,31.227018942883156,5.153705371686144,31.227018942883156,5.153705371686144,1.4092650927691992,0.021437497869743805,0.0009657593677534354
4781.0,191.24,2.0,31.257213329738143,4.964575103646328,31.257213329738143,4.964575103646328,1.4157236457769016,0.021437497869743805,0.0009657593677534354
4782.0,191.28,2.0,31.286185552631263,4.775253778772285,31.286185552631263,4.775253778772285,1.4221821987846037,0.021437497869743805,0.0009657593677534354
4783.0,191.32,2.0,31.313934403129615,4.585749294912287,31.313934403129615,4.585749294912287,1.428640751792306,0.021437497869743805,0.0009657593677534354
4784.0,191.36,2.0,31.340458723838907,4.3960695575546875,31.340458723838907,4.3960695575546875,1.4350993048000087,0.021437497869743805,0.0009657593677534354
4785.0,191.4,2.0,31.365757408451763,4.206222479498082,31.365757408451763,4.206222479498082,1.441557857807711,0.021437497869743805,0.0009657593677534354
4786.0,191.44,2.0,31.389829401793868,4.016215980521164,31.389829401793868,4.016215980521164,1.4480164108154134,0.021437497869743805,0.0009657593677534354
4787.0,191.48000000000002,2.0,31.412673699867973,3.8260579870522933,31.412673699867973,3.8260579870522933,1.4544749638231156,0.021437497869743805,0.0009657593677534354
4788.0,191.52,2.0,31.43428934989579,3.635756431838788,31.43428934989579,3.635756431838788,1.460933516830818,0.021437497869743805,0.0009657593677534354
4789.0,191.56,2.0,31.454675450357723,3.445319253615943,31.454675450357723,3.445319253615943,1.4673920698385206,0.021437497869743805,0.0009657593677534354
4790.0,191.6,2.0,31.47383115103049,3.2547543967758075,31.47383115103049,3.2547543967758075,1.4738506228462227,0.021437497869743805,0.0009657593677534354
4791.0,191.64000000000001,2.0,31.49175565302256,3.06406981103573,31.49175565302256,3.06406981103573,1.480309175853925,0.021437497869743805,0.0009657593677534354
4792.0,191.68,2.0,31.50844820880751,2.8732734511066687,31.50844820880751,2.8732734511066687,1.4867677288616274,0.021437497869743805,0.0009657593677534354
4793.0,191.72,2.0,31.523908122255175,2.6823732763613046,31.523908122255175,2.6823732763613046,1.49322628186933,0.021437497869743805,0.0009657593677534354
4794.0,191.76,2.0,31.538134748660696,2.4913772505019547,31.538134748660696,2.4913772505019547,1.4996848348770322,0.021437497869743805,0.0009657593677534354
4795.0,191.8,2.0,31.551127494771414,2.300293341228307,31.551127494771414,2.300293341228307,1.5061433878847346,0.021437497869743805,0.0009657593677534354
4796.0,191.84,2.0,31.562885818811594,2.109129519904986,31.562885818811594,2.109129519904986,1.5126019408924372,0.021437497869743805,0.0009657593677534354
4797.0,191.88,2.0,31.573409230505046,1.9178937612289695,31.573409230505046,1.9178937612289695,1.5190604939001395,0.021437497869743805,0.0009657593677534354
4798.0,191.92000000000002,2.0,31.58269729109555,1.7265940428968622,31.58269729109555,1.7265940428968622,1.5255190469078417,0.021437497869743805,0.0009657593677534354
4799.0,191.96,2.0,31.590749613365155,1.5352383452720475,31.590749613365155,1.5352383452720475,1.5319775999155443,0.021437497869743805,0.0009657593677534354
4800.0,192.0,2.0,31.597565861650317,1.3438346510517256,31.597565861650317,1.3438346510517256,1.5384361529232466,0.021437497869743805,0.0009657593677534354
4801.0,192.04,2.0,31.60314575185593,1.1523909449338559,31.60314575185593,1.1523909449338559,1.544894705930949,0.021437497869743805,0.0009657593677534354
4802.0,192.08,2.0,31.607489051467127,0.9609152132840151,31.607489051467127,0.9609152132840151,1.5513532589386512,0.021437497869743805,0.0009657593677534354
4803.0,192.12,2.0,31.610595579558975,0.7694154438021867,31.610595579558975,0.7694154438021867,1.5578118119463538,0.021437497869743805,0.0009657593677534354
4804.0,192.16,2.0,31.612465206804046,0.5778996251894937,31.612465206804046,0.5778996251894937,1.5642703649540561,0.021437497869743805,0.0009657593677534354
4805.0,192.20000000000002,2.0,31.613097855477758,0.38637574681489073,31.613097855477758,0.38637574681489073,1.5707289179617583,0.021437497869743805,0.0009657593677534354
4806.0,192.24,2.0,31.61249349946163,0.1948517983818275,31.61249349946163,0.1948517983818275,1.5771874709694607,0.021437497869743805,0.0009657593677534354
4807.0,192.28,2.0,31.610652164244375,0.0033357695948992294,31.610652164244375,0.0033357695948992294,1.5836460239771633,0.021437497869743805,0.0009657593677534354
4808.0,192.32,2.0,31.607573926920782,-0.18816435017350402,31.607573926920782,-0.18816435017350402,1.5901045769848656,0.021437497869743805,0.0009657593677534354
4809.0,192.36,2.0,31.60325891618853,-0.3796405722165329,31.60325891618853,-0.3796405722165329,1.596563129992568,0.021437497869743805,0.0009657593677534354
4810.0,192.4,2.0,31.597707312342795,-0.5710849088261872,31.597707312342795,-0.5710849088261872,1.6030216830002704,0.021437497869743805,0.0009657593677534354
4811.0,192.44,2.0,31.590919347268688,-0.7624893736265825,31.590919347268688,-0.7624893736265825,1.6094802360079725,0.021437497869743805,0.0009657593677534354
4812.0,192.48000000000002,2.0,31.582895304431617,-0.9538459819071606,31.582895304431617,-0.9538459819071606,1.6159387890156751,0.021437497869743805,0.0009657593677534354
4813.0,192.52,2.0,31.573635518865398,-1.1451467509558315,31.573635518865398,-1.1451467509558315,1.6223973420233775,0.021437497869743805,0.0009657593677534354
4814.0,192.56,2.0,31.563140377158312,-1.3363837003920298,31.563140377158312,-1.3363837003920298,1.6288558950310796,0.021437497869743805,0.0009657593677534354
4815.0,192.6,2.0,31.551410317436904,-1.5275488524996768,31.551410317436904,-1.5275488524996768,1.6353144480387822,0.021437497869743805,0.0009657593677534354
4816.0,192.64000000000001,2.0,31.538445829347758,-1.7186342325600286,31.538445829347758,-1.7186342325600286,1.6417730010464844,0.021437497869743805,0.0009657593677534354
4817.0,192.68,2.0,31.524247454037003,-1.9096318691844005,31.524247454037003,-1.9096318691844005,1.648231554054187,0.021437497869743805,0.0009657593677534354
4818.0,192.72,2.0,31.50881578412775,-2.1005337946467524,31.50881578412775,-2.1005337946467524,1.6546901070618893,0.021437497869743805,0.0009657593677534354
4819.0,192.76,2.0,31.492151463695336,-2.2913320452161194,31.492151463695336,-2.2913320452161194,1.6611486600695915,0.021437497869743805,0.0009657593677534354
4820.0,192.8,2.0,31.47425518824046,-2.482018661488879,31.47425518824046,-2.482018661488879,1.667607213077294,0.021437497869743805,0.0009657593677534354
4821.0,192.84,2.0,31.455127704660118,-2.6725856887208335,31.455127704660118,-2.6725856887208335,1.6740657660849962,0.021437497869743805,0.0009657593677534354
4822.0,192.88,2.0,31.434769811216455,-2.863025177159103,31.434769811216455,-2.863025177159103,1.6805243190926986,0.021437497869743805,0.0009657593677534354
4823.0,192.92000000000002,2.0,31.413182357503445,-3.053329182373805,31.413182357503445,-3.053329182373805,1.6869828721004012,0.021437497869743805,0.0009657593677534354
4824.0,192.96,2.0,31.390366244411403,-3.2434897655895147,31.390366244411403,-3.2434897655895147,1.6934414251081034,0.021437497869743805,0.0009657593677534354
4825.0,193.0,2.0,31.366322424089436,-3.4334989940164897,31.366322424089436,-3.4334989940164897,1.699899978115806,0.021437497869743805,0.0009657593677534354
4826.0,193.04,2.0,31.34105189990563,-3.6233489411816393,31.34105189990563,-3.6233489411816393,1.7063585311235083,0.021437497869743805,0.0009657593677534354
4827.0,193.08,2.0,31.31455572640524,-3.8130316872592416,31.31455572640524,-3.8130316872592416,1.7128170841312105,0.021437497869743805,0.0009657593677534354
4828.0,193.12,2.0,31.286835009266632,-4.00253931940137,31.286835009266632,-4.00253931940137,1.719275637138913,0.021437497869743805,0.0009657593677534354
4829.0,193.16,2.0,31.25789090525518,-4.191863932068038,31.25789090525518,-4.191863932068038,1.7257341901466152,0.021437497869743805,0.0009657593677534354
4830.0,193.20000000000002,2.0,31.227724622174925,-4.380997627357035,31.227724622174925,-4.380997627357035,1.7321927431543176,0.021437497869743805,0.0009657593677534354
4831.0,193.24,2.0,31.196337418818235,-4.56993251533344,31.196337418818235,-4.56993251533344,1.7386512961620202,0.021437497869743805,0.0009657593677534354
4832.0,193.28,2.0,31.16373060491322,-4.758660714358813,31.16373060491322,-4.758660714358813,1.7451098491697228,0.021437497869743805,0.0009657593677534354
4833.0,193.32,2.0,31.12990554106911,-4.947174351420032,31.12990554106911,-4.947174351420032,1.751568402177425,0.021437497869743805,0.0009657593677534354
4834.0,193.36,2.0,31.09486363871944,-5.1354655624577665,31.09486363871944,-5.1354655624577665,1.7580269551851273,0.021437497869743805,0.0009657593677534354
4835.0,193.4,2.0,31.05860636006317,-5.323526492694589,31.05860636006317,-5.323526492694589,1.7644855081928295,0.021437497869743805,0.0009657593677534354
4836.0,193.44,2.0,31.02113521800364,-5.51134929696269,31.02113521800364,-5.51134929696269,1.7709440612005316,0.021437497869743805,0.0009657593677534354
4837.0,193.48000000000002,2.0,30.982451776085448,-5.698926140031195,30.982451776085448,-5.698926140031195,1.7774026142082342,0.021437497869743805,0.0009657593677534354
4838.0,193.52,2.0,30.942557648429204,-5.886249196933063,30.942557648429204,-5.886249196933063,1.7838611672159366,0.021437497869743805,0.0009657593677534354
4839.0,193.56,2.0,30.90145449966415,-6.073310653291569,30.90145449966415,-6.073310653291569,1.7903197202236387,0.021437497869743805,0.0009657593677534354
4840.0,193.6,2.0,30.859144044858716,-6.2601027056463225,30.859144044858716,-6.2601027056463225,1.7967782732313413,0.021437497869743805,0.0009657593677534354
4841.0,193.64000000000001,2.0,30.81562804944891,-6.446617561778856,30.81562804944891,-6.446617561778856,1.803236826239044,0.021437497869743805,0.0009657593677534354
4842.0,193.68,2.0,30.77090832916469,-6.632847441037727,30.77090832916469,-6.632847441037727,1.809695379246746,0.021437497869743805,0.0009657593677534354
4843.0,193.72,2.0,30.724986749954155,-6.818784574663137,30.724986749954155,-6.818784574663137,1.8161539322544489,0.021437497869743805,0.0009657593677534354
4844.0,193.76,2.0,30.67786522790569,-7.004421206111064,30.67786522790569,-7.004421206111064,1.822612485262151,0.021437497869743805,0.0009657593677534354
4845.0,193.8,2.0,30.629545729168,-7.189749591376885,30.629545729168,-7.189749591376885,1.8290710382698532,0.021437497869743805,0.0009657593677534354
4846.0,193.84,2.0,30.580030269868082,-7.37476199931846,30.580030269868082,-7.37476199931846,1.8355295912775556,0.021437497869743805,0.0009657593677534354
4847.0,193.88,2.0,30.529320916027054,-7.559450711978696,30.529320916027054,-7.559450711978696,1.8419881442852581,0.021437497869743805,0.0009657593677534354
4848.0,193.92000000000002,2.0,30.477419783473955,-7.7438080249075565,30.477419783473955,-7.7438080249075565,1.8484466972929603,0.021437497869743805,0.0009657593677534354
4849.0,193.96,2.0,30.424329037757467,-7.927826247483502,30.424329037757467,-7.927826247483502,1.8549052503006629,0.021437497869743805,0.0009657593677534354
4850.0,194.0,2.0,30.370050894055527,-8.111497703234354,30.370050894055527,-8.111497703234354,1.861363803308365,0.021437497869743805,0.0009657593677534354
4851.0,194.04,2.0,30.314587617082886,-8.29481473015758,30.314587617082886,-8.29481473015758,1.8678223563160674,0.021437497869743805,0.0009657593677534354
4852.0,194.08,2.0,30.25794152099661,-8.477769681039954,30.25794152099661,-8.477769681039954,1.87428090932377,0.021437497869743805,0.0009657593677534354
4853.0,194.12,2.0,30.200114969299506,-8.660354923776623,30.200114969299506,-8.660354923776623,1.8807394623314722,0.021437497869743805,0.0009657593677534354
4854.0,194.16,2.0,30.141110374741487,-8.842562841689524,30.141110374741487,-8.842562841689524,1.8871980153391745,0.021437497869743805,0.0009657593677534354
4855.0,194.20000000000002,2.0,30.08093019921891,-9.024385833845168,30.08093019921891,-9.024385833845168,1.8936565683468771,0.021437497869743805,0.0009657593677534354
4856.0,194.24,2.0,30.019576953671823,-9.205816315371765,30.019576953671823,-9.205816315371765,1.9001151213545797,0.021437497869743805,0.0009657593677534354
4857.0,194.28,2.0,29.957053197979167,-9.38684671777567,29.957053197979167,-9.38684671777567,1.9065736743622819,0.021437497869743805,0.0009657593677534354
4858.0,194.32,2.0,29.89336154085201,-9.567469489257165,29.89336154085201,-9.567469489257165,1.913032227369984,0.021437497869743805,0.0009657593677534354
4859.0,194.36,2.0,29.828504639724628,-9.747677095025521,29.828504639724628,-9.747677095025521,1.9194907803776864,0.021437497869743805,0.0009657593677534354
4860.0,194.4,2.0,29.76248520064363,-9.92746201761337,29.76248520064363,-9.92746201761337,1.925949333385389,0.021437497869743805,0.0009657593677534354
4861.0,194.44,2.0,29.695305978155055,-10.10681675719034,29.695305978155055,-10.10681675719034,1.9324078863930914,0.021437497869743805,0.0009657593677534354
4862.0,194.48000000000002,2.0,29.626969775189423,-10.285733831875957,29.626969775189423,-10.285733831875957,1.9388664394007935,0.021437497869743805,0.0009657593677534354
4863.0,194.52,2.0,29.557479442944732,-10.464205778051811,29.557479442944732,-10.464205778051811,1.9453249924084957,0.021437497869743805,0.0009657593677534354
4864.0,194.56,2.0,29.486837880767535,-10.64222515067294,29.486837880767535,-10.64222515067294,1.9517835454161983,0.021437497869743805,0.0009657593677534354
4865.0,194.6,2.0,29.41504803603192,-10.819784523578452,29.41504803603192,-10.819784523578452,1.9582420984239008,0.021437497869743805,0.0009657593677534354
4866.0,194.64000000000001,2.0,29.342112904016528,-10.996876489801348,29.342112904016528,-10.996876489801348,1.964700651431603,0.021437497869743805,0.0009657593677534354
4867.0,194.68,2.0,29.268035527779546,-11.173493661877568,29.268035527779546,-11.173493661877568,1.9711592044393051,0.021437497869743805,0.0009657593677534354
4868.0,194.72,2.0,29.19281899803179,-11.349628672154186,29.19281899803179,-11.349628672154186,1.9776177574470075,0.021437497869743805,0.0009657593677534354
4869.0,194.76,2.0,29.116466453007614,-11.525274173096808,29.116466453007614,-11.525274173096808,1.9840763104547101,0.021437497869743805,0.0009657593677534354
4870.0,194.8,2.0,29.038981078334093,-11.700422837596129,29.038981078334093,-11.700422837596129,1.9905348634624125,0.021437497869743805,0.0009657593677534354
4871.0,194.84,2.0,28.960366106897975,-11.875067359273611,28.960366106897975,-11.875067359273611,1.9969934164701146,0.021437497869743805,0.0009657593677534354
4872.0,194.88,2.0,28.880624818710864,-12.049200452786332,28.880624818710864,-12.049200452786332,2.003451969477817,0.021437497869743805,0.0009657593677534354
4873.0,194.92000000000002,2.0,28.79976054077228,-12.222814854130926,28.79976054077228,-12.222814854130926,2.0099105224855194,0.021437497869743805,0.0009657593677534354
4874.0,194.96,2.0,28.717776646930893,-12.395903320946655,28.717776646930893,-12.395903320946655,2.016369075493222,0.021437497869743805,0.0009657593677534354
4875.0,195.0,2.0,28.63467655774368,-12.568458632817563,28.63467655774368,-12.568458632817563,2.022827628500924,0.021437497869743805,0.0009657593677534354
4876.0,195.04,2.0,28.550463740333235,-12.740473591573728,28.550463740333235,-12.740473591573728,2.0292861815086267,0.021437497869743805,0.0009657593677534354
4877.0,195.08,2.0,28.465141708243085,-12.91194102159157,28.465141708243085,-12.91194102159157,2.035744734516329,0.021437497869743805,0.0009657593677534354
4878.0,195.12,2.0,28.378714021291024,-13.082853770093227,28.378714021291024,-13.082853770093227,2.042203287524031,0.021437497869743805,0.0009657593677534354
4879.0,195.16,2.0,28.29118428542065,-13.253204707444974,28.29118428542065,-13.253204707444974,2.0486618405317336,0.021437497869743805,0.0009657593677534354
4880.0,195.20000000000002,2.0,28.20255615255085,-13.422986727454685,28.20255615255085,-13.422986727454685,2.0551203935394358,0.021437497869743805,0.0009657593677534354
4881.0,195.24,2.0,28.11283332042342,-13.592192747668316,28.11283332042342,-13.592192747668316,2.0615789465471384,0.021437497869743805,0.0009657593677534354
4882.0,195.28,2.0,28.022019532448752,-13.76081570966537,28.022019532448752,-13.76081570966537,2.0680374995548405,0.021437497869743805,0.0009657593677534354
4883.0,195.32,2.0,27.93011857754965,-13.9288485793534,27.93011857754965,-13.9288485793534,2.074496052562543,0.021437497869743805,0.0009657593677534354
4884.0,195.36,2.0,27.837134290003224,-14.096284347261474,27.837134290003224,-14.096284347261474,2.0809546055702457,0.021437497869743805,0.0009657593677534354
4885.0,195.4,2.0,27.74307054928088,-14.263116028832608,27.74307054928088,-14.263116028832608,2.087413158577948,0.021437497869743805,0.0009657593677534354
4886.0,195.44,2.0,27.64793127988646,-14.429336664715175,27.64793127988646,-14.429336664715175,2.09387171158565,0.021437497869743805,0.0009657593677534354
4887.0,195.48000000000002,2.0,27.55172045119246,-14.594939321053257,27.55172045119246,-14.594939321053257,2.1003302645933526,0.021437497869743805,0.0009657593677534354
4888.0,195.52,2.0,27.454442077274404,-14.75991708977592,27.454442077274404,-14.75991708977592,2.106788817601055,0.021437497869743805,0.0009657593677534354
4889.0,195.56,2.0,27.356100216743368,-14.92426308888543,27.356100216743368,-14.92426308888543,2.1132473706087573,0.021437497869743805,0.0009657593677534354
4890.0,195.6,2.0,27.256698972576565,-15.087970462744385,27.256698972576565,-15.087970462744385,2.1197059236164595,0.021437497869743805,0.0009657593677534354
4891.0,195.64000000000001,2.0,27.156242491946223,-15.251032382361705,27.156242491946223,-15.251032382361705,2.126164476624162,0.021437497869743805,0.0009657593677534354
4892.0,195.68,2.0,27.054734966046453,-15.413442045677584,27.054734966046453,-15.413442045677584,2.1326230296318647,0.021437497869743805,0.0009657593677534354
4893.0,195.72,2.0,26.952180629918416,-15.575192677847244,26.952180629918416,-15.575192677847244,2.139081582639567,0.021437497869743805,0.0009657593677534354
4894.0,195.76,2.0,26.848583762273574,-15.736277531523593,26.848583762273574,-15.736277531523593,2.145540135647269,0.021437497869743805,0.0009657593677534354
4895.0,195.8,2.0,26.74394868531518,-15.896689887138729,26.74394868531518,-15.896689887138729,2.1519986886549716,0.021437497869743805,0.0009657593677534354
4896.0,195.84,2.0,26.638279764557875,-16.05642305318429,26.638279764557875,-16.05642305318429,2.1584572416626737,0.021437497869743805,0.0009657593677534354
4897.0,195.88,2.0,26.531581408645593,-16.215470366490617,26.531581408645593,-16.215470366490617,2.164915794670376,0.021437497869743805,0.0009657593677534354
4898.0,195.92000000000002,2.0,26.42385806916754,-16.373825192504746,26.42385806916754,-16.373825192504746,2.171374347678079,0.021437497869743805,0.0009657593677534354
4899.0,195.96,2.0,26.31511424047249,-16.53148092556721,26.31511424047249,-16.53148092556721,2.177832900685781,0.021437497869743805,0.0009657593677534354
4900.0,196.0,2.0,26.205354459481207,-16.688430989187612,26.205354459481207,-16.688430989187612,2.1842914536934837,0.021437497869743805,0.0009657593677534354
4901.0,196.04,2.0,26.094583305497157,-16.844668836319013,26.094583305497157,-16.844668836319013,2.190750006701186,0.021437497869743805,0.0009657593677534354
4902.0,196.08,2.0,25.982805400015422,-17.000187949631083,25.982805400015422,-17.000187949631083,2.197208559708888,0.021437497869743805,0.0009657593677534354
4903.0,196.12,2.0,25.870025406529855,-17.154981841781975,25.870025406529855,-17.154981841781975,2.2036671127165905,0.03189162898903701,0.0019546050938126546
4904.0,196.16,2.0,25.756519644184117,-17.30872603044842,25.756519644184117,-17.30872603044842,2.2100861118952504,0.042345760108330174,0.0029434508198718833
4905.0,196.20000000000002,2.0,25.642300186765546,-17.461420245604124,25.642300186765546,-17.461420245604124,2.216465557244868,0.05279989122762334,0.003932296545931112
4906.0,196.24,2.0,25.52737908841787,-17.61306432047426,25.52737908841787,-17.61306432047426,2.222805448765443,0.0632540223469165,0.004921142271990341
4907.0,196.28,2.0,25.41176838285419,-17.763658191305126,25.41176838285419,-17.763658191305126,2.229105786456976,0.07370815346620967,0.005909987998049569
4908.0,196.32,2.0,25.295905257644062,-17.91272725413095,25.295905257644062,-17.91272725413095,2.235311926797894,0.06823157884224418,0.005532745684788611
4909.0,196.36,2.0,25.179811543375443,-18.060280549345872,25.179811543375443,-18.060280549345872,2.2414238697881963,0.06275500421827869,0.005155503371527652
4910.0,196.4,2.0,25.06350896335582,-18.206327312495812,25.06350896335582,-18.206327312495812,2.247441615427884,0.057278429594313195,0.004778261058266693
4911.0,196.44,2.0,24.94701913210655,-18.350876973360222,24.94701913210655,-18.350876973360222,2.253365163716956,0.051801854970347706,0.004401018745005735
4912.0,196.48000000000002,2.0,24.83036355386429,-18.493939155022982,24.83036355386429,-18.493939155022982,2.259194514655413,0.04632528034638221,0.004023776431744776
4913.0,196.52,2.0,24.71356362108937,-18.63552367293256,24.71356362108937,-18.63552367293256,2.264929668243255,0.04084870572241672,0.0036465341184838173
4914.0,196.56,2.0,24.59664061298135,-18.775640533951396,24.59664061298135,-18.775640533951396,2.2705706244804813,0.035372131098451234,0.0032692918052228586
4915.0,196.6,2.0,24.479615694001772,-18.914299935394606,24.479615694001772,-18.914299935394606,2.276117383367093,0.02989555647448574,0.0028920494919619
4916.0,196.64000000000001,2.0,24.362509912404178,-19.051512264058076,24.362509912404178,-19.051512264058076,2.2815699449030893,0.02441898185052025,0.002514807178700941
4917.0,196.68,2.0,24.24534419877147,-19.18728809523595,24.24534419877147,-19.18728809523595,2.2869283090884704,0.01894240722655476,0.0021375648654399825
4918.0,196.72,2.0,24.128139364560713,-19.321638191727608,24.128139364560713,-19.321638191727608,2.292192475923236,0.013465832602589267,0.0017603225521790236
4919.0,196.76,2.0,24.010916100655415,-19.454573502834155,24.010916100655415,-19.454573502834155,2.297362445407387,0.007989257978623775,0.0013830802389180649
4920.0,196.8,2.0,23.893694975925378,-19.5861051633445,23.893694975925378,-19.5861051633445,2.3024382175409226,0.002512683354658285,0.0010058379256571062
4921.0,196.84,2.0,23.77649643579419,-19.716244492511052,23.77649643579419,-19.716244492511052,2.307419792323843,-0.002963891269307206,0.0006285956123961475
4922.0,196.88,2.0,23.65934080081442,-19.84500299301512,23.65934080081442,-19.84500299301512,2.3123071697561484,-0.008440465893272697,0.00025135329913518885
4923.0,196.92000000000002,2.0,23.542248265250613,-19.972392349922053,23.542248265250613,-19.972392349922053,2.317100349837838,-0.024371171636531352,-0.0011147347401849986
4924.0,196.96,2.0,23.424967281824507,-20.09874245486673,23.424967281824507,-20.09874245486673,2.3218388863979555,-0.040301877379790005,-0.002480822779505186
4925.0,197.0,2.0,23.307510461123556,-20.224059197979354,23.307510461123556,-20.224059197979354,2.3265227794365,-0.056232583123048664,-0.0038469108188253732
4926.0,197.04,2.0,23.189890344296927,-20.348348576123747,23.189890344296927,-20.348348576123747,2.3311520289534715,-0.07216328886630732,-0.005212998858145561
4927.0,197.08,2.0,23.072119402257535,-20.47161669230918,23.072119402257535,-20.47161669230918,2.3357266349488706,-0.08809399460956602,-0.0065790868974657385
4928.0,197.12,2.0,22.95378485981638,-20.59434439809381,22.95378485981638,-20.59434439809381,2.3403012409442696,-0.08809399460956602,-0.0065790868974657385
4929.0,197.16,2.0,22.83488920494853,-20.71652910817165,22.83488920494853,-20.71652910817165,2.344875846939668,-0.08809399460956602,-0.0065790868974657385
4930.0,197.20000000000002,2.0,22.71543493752649,-20.83816824872853,22.71543493752649,-20.83816824872853,2.3494504529350673,-0.08809399460956602,-0.0065790868974657385
4931.0,197.24,2.0,22.59542456926699,-20.95925925749703,22.59542456926699,-20.95925925749703,2.354025058930466,-0.08809399460956602,-0.0065790868974657385
4932.0,197.28,2.0,22.474860623677436,-21.079799583811166,22.474860623677436,-21.079799583811166,2.3585996649258645,-0.08809399460956602,-0.0065790868974657385
4933.0,197.32,2.0,22.353745636002188,-21.19978668866078,22.353745636002188,-21.19978668866078,2.3631742709212635,-0.08809399460956602,-0.0065790868974657385
4934.0,197.36,2.0,22.232082153168538,-21.31921804474576,22.232082153168538,-21.31921804474576,2.367748876916662,-0.08809399460956602,-0.0065790868974657385
4935.0,197.4,2.0,22.109872733732423,-21.43809113652996,22.109872733732423,-21.43809113652996,2.372323482912061,-0.08809399460956602,-0.0065790868974657385
4936.0,197.44,2.0,21.987119947823963,-21.556403460294852,21.987119947823963,-21.556403460294852,2.37689808890746,-0.08809399460956602,-0.0065790868974657385
4937.0,197.48000000000002,2.0,21.863826377092657,-21.674152524192984,21.863826377092657,-21.674152524192984,2.381472694902859,-0.08809399460956602,-0.0065790868974657385
4938.0,197.52,2.0,21.739994614652392,-21.79133584830111,21.739994614652392,-21.79133584830111,2.386047300898258,-0.08809399460956602,-0.0065790868974657385
4939.0,197.56,2.0,21.615627265026205,-21.907950964673127,21.615627265026205,-21.907950964673127,2.3906219068936565,-0.08809399460956602,-0.0065790868974657385
4940.0,197.6,2.0,21.490726944090767,-22.023995417392733,21.490726944090767,-22.023995417392733,2.395196512889055,-0.08809399460956602,-0.0065790868974657385
4941.0,197.64000000000001,2.0,21.365296279020637,-22.139466762625794,21.365296279020637,-22.139466762625794,2.399771118884454,-0.08809399460956602,-0.0065790868974657385
4942.0,197.68,2.0,21.239337908232297,-22.254362568672533,21.239337908232297,-22.254362568672533,2.404345724879853,-0.08809399460956602,-0.0065790868974657385
4943.0,197.72,2.0,21.11285448132791,-22.368680416019348,21.11285448132791,-22.368680416019348,2.408920330875252,-0.08809399460956602,-0.0065790868974657385
4944.0,197.76,2.0,20.985848659038865,-22.482417897390476,20.985848659038865,-22.482417897390476,2.4134949368706504,-0.08809399460956602,-0.0065790868974657385
4945.0,197.8,2.0,20.85832311316906,-22.595572617799327,20.85832311316906,-22.595572617799327,2.4180695428660495,-0.08809399460956602,-0.0065790868974657385
4946.0,197.84,2.0,20.730280526537978,-22.708142194599564,20.730280526537978,-22.708142194599564,2.4226441488614485,-0.08809399460956602,-0.0065790868974657385
4947.0,197.88,2.0,20.601723592923484,-22.820124257535962,20.601723592923484,-22.820124257535962,2.427218754856847,-0.08809399460956602,-0.0065790868974657385
4948.0,197.92000000000002,2.0,20.472655017004428,-22.931516448794937,20.472655017004428,-22.931516448794937,2.4317933608522457,-0.08809399460956602,-0.0065790868974657385
4949.0,197.96,2.0,20.343077514303,-23.04231642305485,20.343077514303,-23.04231642305485,2.436367966847645,-0.08809399460956602,-0.0065790868974657385
4950.0,198.0,2.0,20.212993811126843,-23.152521847536033,20.212993811126843,-23.152521847536033,2.4409425728430434,-0.08809399460956602,-0.0065790868974657385
4951.0,198.04,2.0,20.082406644510918,-23.26213040205055,20.082406644510918,-23.26213040205055,2.4455171788384424,-0.08809399460956602,-0.0065790868974657385
4952.0,198.08,2.0,19.951318762159207,-23.37113977905166,19.951318762159207,-23.37113977905166,2.4500917848338415,-0.08809399460956602,-0.0065790868974657385
4953.0,198.12,2.0,19.819732922386105,-23.479547683683077,19.819732922386105,-23.479547683683077,2.4546663908292397,-0.08809399460956602,-0.0065790868974657385
4954.0,198.16,2.0,19.68765189405764,-23.587351833827867,19.68765189405764,-23.587351833827867,2.459240996824639,-0.08809399460956602,-0.0065790868974657385
4955.0,198.20000000000002,2.0,19.55507845653243,-23.694549960157136,19.55507845653243,-23.694549960157136,2.4638156028200373,-0.08809399460956602,-0.0065790868974657385
4956.0,198.24,2.0,19.42201539960245,-23.801139806178433,19.42201539960245,-23.801139806178433,2.4683902088154364,-0.08809399460956602,-0.0065790868974657385
4957.0,198.28,2.0,19.28846552343355,-23.907119128283853,19.28846552343355,-23.907119128283853,2.4729648148108354,-0.08809399460956602,-0.0065790868974657385
4958.0,198.32,2.0,19.15443163850576,-24.0124856957979,19.15443163850576,-24.0124856957979,2.477539420806234,-0.08809399460956602,-0.0065790868974657385
4959.0,198.36,2.0,19.01991656555335,-24.117237291025027,19.01991656555335,-24.117237291025027,2.482114026801633,-0.08809399460956602,-0.0065790868974657385
4960.0,198.4,2.0,18.88492313550472,-24.221371709296953,18.88492313550472,-24.221371709296953,2.4866886327970317,-0.08809399460956602,-0.0065790868974657385
4961.0,198.44,2.0,18.749454189422043,-24.32488675901965,18.749454189422043,-24.32488675901965,2.4912632387924303,-0.08809399460956602,-0.0065790868974657385
4962.0,198.48000000000002,2.0,18.613512578440655,-24.427780261720066,18.613512578440655,-24.427780261720066,2.4958378447878293,-0.08809399460956602,-0.0065790868974657385
4963.0,198.52,2.0,18.477101163708316,-24.530050052092605,18.477101163708316,-24.530050052092605,2.5004124507832284,-0.08809399460956602,-0.0065790868974657385
4964.0,198.56,2.0,18.340222816324147,-24.63169397804524,18.340222816324147,-24.63169397804524,2.504987056778627,-0.08809399460956602,-0.0065790868974657385
4965.0,198.6,2.0,18.20288041727745,-24.732709900745437,18.20288041727745,-24.732709900745437,2.5095616627740256,-0.08809399460956602,-0.0065790868974657385
4966.0,198.64000000000001,2.0,18.06507685738627,-24.83309569466573,18.06507685738627,-24.83309569466573,2.5141362687694246,-0.08809399460956602,-0.0065790868974657385
4967.0,198.68,2.0,17.926815037235748,-24.93284924762902,17.926815037235748,-24.93284924762902,2.5187108747648237,-0.08809399460956602,-0.0065790868974657385
4968.0,198.72,2.0,17.788097867116257,-25.031968460853626,17.788097867116257,-25.031968460853626,2.5232854807602227,-0.08809399460956602,-0.0065790868974657385
4969.0,198.76,2.0,17.648928266961356,-25.130451248997996,17.648928266961356,-25.130451248997996,2.527860086755621,-0.08809399460956602,-0.0065790868974657385
4970.0,198.8,2.0,17.509309166285536,-25.228295540205178,17.509309166285536,-25.228295540205178,2.53243469275102,-0.08809399460956602,-0.0065790868974657385
4971.0,198.84,2.0,17.369243504121712,-25.32549927614695,17.369243504121712,-25.32549927614695,2.537009298746419,-0.08809399460956602,-0.0065790868974657385
4972.0,198.88,2.0,17.22873422895858,-25.4220604120677,17.22873422895858,-25.4220604120677,2.5415839047418176,-0.08809399460956602,-0.0065790868974657385
4973.0,198.92000000000002,2.0,17.08778429867771,-25.517976916828026,17.08778429867771,-25.517976916828026,2.5461585107372167,-0.08809399460956602,-0.0065790868974657385
4974.0,198.96,2.0,16.946396680490498,-25.613246772947967,16.946396680490498,-25.613246772947967,2.5507331167326153,-0.08809399460956602,-0.0065790868974657385
4975.0,199.0,2.0,16.804574350874844,-25.70786797665006,16.804574350874844,-25.70786797665006,2.5553077227280143,-0.08809399460956602,-0.0065790868974657385
4976.0,199.04,2.0,16.662320295511712,-25.801838537901972,16.662320295511712,-25.801838537901972,2.559882328723413,-0.08809399460956602,-0.0065790868974657385
4977.0,199.08,2.0,16.519637509221422,-25.89515648045895,16.519637509221422,-25.89515648045895,2.5644569347188115,-0.08809399460956602,-0.0065790868974657385
4978.0,199.12,2.0,16.376528995899793,-25.9878198419059,16.376528995899793,-25.9878198419059,2.5690315407142106,-0.08809399460956602,-0.0065790868974657385
4979.0,199.16,2.0,16.232997768454076,-26.079826673699216,16.232997768454076,-26.079826673699216,2.573606146709609,-0.08809399460956602,-0.0065790868974657385
4980.0,199.20000000000002,2.0,16.08904684873869,-26.171175041208272,16.08904684873869,-26.171175041208272,2.5781807527050082,-0.08809399460956602,-0.0065790868974657385
4981.0,199.24,2.0,15.944679267490764,-26.261863023756643,15.944679267490764,-26.261863023756643,2.5827553587004073,-0.08809399460956602,-0.0065790868974657385
4982.0,199.28,2.0,15.799898064265497,-26.351888714663023,15.799898064265497,-26.351888714663023,2.587329964695806,-0.08809399460956602,-0.0065790868974657385
4983.0,199.32,2.0,15.654706287371337,-26.441250221281837,15.654706287371337,-26.441250221281837,2.591904570691205,-0.08809399460956602,-0.0065790868974657385
4984.0,199.36,2.0,15.509106993804943,-26.529945665043545,15.509106993804943,-26.529945665043545,2.5964791766866036,-0.08809399460956602,-0.0065790868974657385
4985.0,199.4,2.0,15.363103249185993,-26.617973181494655,15.363103249185993,-26.617973181494655,2.601053782682002,-0.08809399460956602,-0.0065790868974657385
4986.0,199.44,2.0,15.216698127691782,-26.705330920337435,15.216698127691782,-26.705330920337435,2.605628388677401,-0.08809399460956602,-0.0065790868974657385
4987.0,199.48000000000002,2.0,15.069894711991662,-26.792017045469304,15.069894711991662,-26.792017045469304,2.6102029946728003,-0.08809399460956602,-0.0065790868974657385
4988.0,199.52,2.0,14.922696093181276,-26.878029735021954,14.922696093181276,-26.878029735021954,2.614777600668199,-0.08809399460956602,-0.0065790868974657385
4989.0,199.56,2.0,14.77510537071662,-26.963367181400105,14.77510537071662,-26.963367181400105,2.619352206663598,-0.08809399460956602,-0.0065790868974657385
4990.0,199.6,2.0,14.627125652347932,-27.04802759132002,14.627125652347932,-27.04802759132002,2.6239268126589965,-0.08809399460956602,-0.0065790868974657385
4991.0,199.64000000000001,2.0,14.478760054053392,-27.132009185847686,14.478760054053392,-27.132009185847686,2.6285014186543956,-0.08809399460956602,-0.0065790868974657385
4992.0,199.68,2.0,14.330011699972673,-27.215310200436658,14.330011699972673,-27.215310200436658,2.6330760246497946,-0.08809399460956602,-0.0065790868974657385
4993.0,199.72,2.0,14.18088372234026,-27.297928884965643,14.18088372234026,-27.297928884965643,2.6376506306451932,-0.08809399460956602,-0.0065790868974657385
4994.0,199.76,2.0,14.03137926141867,-27.379863503775756,14.03137926141867,-27.379863503775756,2.6422252366405923,-0.08809399460956602,-0.0065790868974657385
4995.0,199.8,2.0,13.88150146543143,-27.46111233570743,13.88150146543143,-27.46111233570743,2.646799842635991,-0.08809399460956602,-0.0065790868974657385
4996.0,199.84,2.0,13.73125349049594,-27.541673674137094,13.73125349049594,-27.541673674137094,2.6513744486313895,-0.08809399460956602,-0.0065790868974657385
4997.0,199.88,2.0,13.580638500556129,-27.62154582701345,13.580638500556129,-27.62154582701345,2.6559490546267885,-0.08809399460956602,-0.0065790868974657385
4998.0,199.92000000000002,2.0,13.429659667314965,-27.70072711689351,13.429659667314965,-27.70072711689351,2.660523660622187,-0.08809399460956602,-0.0065790868974657385
4999.0,199.96,2.0,13.278320170166793,-27.779215880978256,13.278320170166793,-27.779215880978256,2.665098266617586,-0.08809399460956602,-0.0065790868974657385
5000.0,200.0,2.0,13.126623196129497,-27.857010471148033,13.126623196129497,-27.857010471148033,2.669672872612985,-0.08809399460956602,-0.0065790868974657385
5001.0,200.04,2.0,12.974571939776519,-27.934109253997633,12.974571939776519,-27.934109253997633,2.674247478608384,-0.08809399460956602,-0.0065790868974657385
5002.0,200.08,2.0,12.8221696031687,-28.010510610871012,12.8221696031687,-28.010510610871012,2.678822084603783,-0.08809399460956602,-0.0065790868974657385
5003.0,200.12,2.0,12.669419395785972,-28.08621293789571,12.669419395785972,-28.08621293789571,2.6833966905991815,-0.08809399460956602,-0.0065790868974657385
5004.0,200.16,2.0,12.516324534458882,-28.161214646017022,12.516324534458882,-28.161214646017022,2.68797129659458,-0.08809399460956602,-0.0065790868974657385
5005.0,200.20000000000002,2.0,12.362888243299956,-28.235514161031727,12.362888243299956,-28.235514161031727,2.692545902589979,-0.08809399460956602,-0.0065790868974657385
5006.0,200.24,2.0,12.209113753634929,-28.309109923621584,12.209113753634929,-28.309109923621584,2.697120508585378,-0.08809399460956602,-0.0065790868974657385
5007.0,200.28,2.0,12.055004303933796,-28.38200038938652,12.055004303933796,-28.38200038938652,2.701695114580777,-0.08809399460956602,-0.0065790868974657385
5008.0,200.32,2.0,11.900563139741715,-28.454184028877414,11.900563139741715,-28.454184028877414,2.7062697205761754,-0.08809399460956602,-0.0065790868974657385
5009.0,200.36,2.0,11.745793513609776,-28.525659327628667,11.745793513609776,-28.525659327628667,2.7108443265715745,-0.08809399460956602,-0.0065790868974657385
5010.0,200.4,2.0,11.590698685025595,-28.596424786190322,11.590698685025595,-28.596424786190322,2.7154189325669735,-0.08809399460956602,-0.0065790868974657385
5011.0,200.44,2.0,11.435281920343774,-28.666478920160028,11.435281920343774,-28.666478920160028,2.719993538562372,-0.08809399460956602,-0.0065790868974657385
5012.0,200.48000000000002,2.0,11.279546492716221,-28.735820260214503,11.279546492716221,-28.735820260214503,2.7245681445577707,-0.08809399460956602,-0.0065790868974657385
5013.0,200.52,2.0,11.123495682022305,-28.804447352140812,11.123495682022305,-28.804447352140812,2.72914275055317,-0.08809399460956602,-0.0065790868974657385
5014.0,200.56,2.0,10.967132774798882,-28.87235875686722,10.967132774798882,-28.87235875686722,2.7337173565485684,-0.08809399460956602,-0.0065790868974657385
5015.0,200.6,2.0,10.810461064170173,-28.939553050493835,10.810461064170173,-28.939553050493835,2.7382919625439675,-0.08809399460956602,-0.0065790868974657385
5016.0,200.64000000000001,2.0,10.653483849777505,-29.006028824322776,10.653483849777505,-29.006028824322776,2.7428665685393665,-0.08809399460956602,-0.0065790868974657385
5017.0,200.68,2.0,10.496204437708906,-29.071784684888165,10.496204437708906,-29.071784684888165,2.7474411745347647,-0.08809399460956602,-0.0065790868974657385
5018.0,200.72,2.0,10.33862614042857,-29.136819253985664,10.33862614042857,-29.136819253985664,2.752015780530164,-0.08809399460956602,-0.0065790868974657385
5019.0,200.76,2.0,10.180752276706182,-29.201131168701796,10.180752276706182,-29.201131168701796,2.7565903865255623,-0.08809399460956602,-0.0065790868974657385
5020.0,200.8,2.0,10.0225861715461,-29.26471908144284,10.0225861715461,-29.26471908144284,2.7611649925209614,-0.08809399460956602,-0.0065790868974657385
5021.0,200.84,2.0,9.864131156116432,-29.32758165996346,9.864131156116432,-29.32758165996346,2.7657395985163604,-0.08809399460956602,-0.0065790868974657385
5022.0,200.88,2.0,9.705390567677934,-29.38971758739499,9.705390567677934,-29.38971758739499,2.770314204511759,-0.08809399460956602,-0.0065790868974657385
5023.0,200.92000000000002,2.0,9.546367749512832,-29.451125562273383,9.546367749512832,-29.451125562273383,2.774888810507158,-0.08809399460956602,-0.0065790868974657385
5024.0,200.96,2.0,9.387066050853464,-29.51180429856682,9.387066050853464,-29.51180429856682,2.7794634165025567,-0.08809399460956602,-0.0065790868974657385
5025.0,201.0,2.0,9.227488826810841,-29.571752525703005,9.227488826810841,-29.571752525703005,2.7840380224979553,-0.08809399460956602,-0.0065790868974657385
5026.0,201.04,2.0,9.06763943830305,-29.630968988596134,9.06763943830305,-29.630968988596134,2.7886126284933543,-0.08809399460956602,-0.0065790868974657385
5027.0,201.08,2.0,8.91147511618701,-29.68810896766727,8.91147511618701,-29.68810896766727,2.79415722534549,-0.09300231554278854,-0.009266119757736628
5028.0,201.12,2.0,8.75518540474871,-29.744305081372705,8.75518540474871,-29.744305081372705,2.799594340883215,-0.027282437687062233,-0.008049685796347805
5029.0,201.16,2.0,8.60149920765489,-29.798808990516534,8.60149920765489,-29.798808990516534,2.8047678364336623,0.03843744016866407,-0.006833251834958982
5030.0,201.20000000000002,2.0,8.451049684285543,-29.84970845232603,8.451049684285543,-29.84970845232603,2.809731358810711,0.08720108648579288,-0.0056481081370222735
5031.0,201.24,2.0,8.294111880092853,-29.901252679957132,8.294111880092853,-29.901252679957132,2.8148239742747045,0.12957193078404033,-0.0037211550926010474
5032.0,201.28,2.0,8.141180996929567,-29.95110984521538,8.141180996929567,-29.95110984521538,2.8196090614277645,0.16348637375834651,-0.0017995561541100376
5033.0,201.32,2.0,8.000034124627344,-30.0001660393164,8.000034124627344,-30.0001660393164,2.8234889045850933,0.19993691499164118,0.0022087175067192345
5034.0,201.36,2.0,7.835590403361121,-30.049668021044674,7.835590403361121,-30.049668021044674,2.828511493873242,0.22171983824300154,0.004166781465200093
5035.0,201.4,2.0,7.69831121132947,-30.095015939566395,7.69831121132947,-30.095015939566395,2.8319978766286606,0.2539805180852812,0.008218758262668577
5036.0,201.44,1.0,7.5104519770529805,-30.14480447119027,7.5104519770529805,-30.14480447119027,2.838127288259367,0.2545237401017576,0.008179587806663492
5037.0,201.48000000000002,0.0,7.377688367856028,-30.18732532127213,7.377688367856028,-30.18732532127213,2.8415032189869427,0.3267553392421493,0.01830808353586396
5038.0,201.52,0.0,7.249810331535831,-30.228019497402965,7.249810331535831,-30.228019497402965,2.8449642155015136,0.32887713039420374,0.018563089612716382
5039.0,201.56,1.0,7.1213099603766965,-30.26825787462995,7.1213099603766965,-30.26825787462995,2.8486756672984535,0.3309989215462582,0.01881809568956881
5040.0,201.6,0.0,6.992177531310924,-30.30799424617165,6.992177531310924,-30.30799424617165,2.8526375743777628,0.3331207126983127,0.019073101766421234
5041.0,201.64000000000001,1.0,6.8624039486597255,-30.347182250292754,6.8624039486597255,-30.347182250292754,2.856849936739441,0.3352425038503672,0.019328107843273656
5042.0,201.68,1.0,6.731980745879696,-30.38577537716892,6.731980745879696,-30.38577537716892,2.861312754383489,0.3373642950024217,0.01958311392012608
5043.0,201.72,1.0,6.600900087239495,-30.423726975769387,6.600900087239495,-30.423726975769387,2.8660260273099056,0.3394860861544762,0.019838119996978505
5044.0,201.76,1.0,6.4691547694266,-30.460990260756642,6.4691547694266,-30.460990260756642,2.870989755518692,0.34160787730653064,0.02009312607383093
5045.0,201.8,1.0,6.336738223083961,-30.497518319402474,6.336738223083961,-30.497518319402474,2.8762039390098475,0.34372966845858516,0.020348132150683353
5046.0,201.84,2.0,6.203644514276362,-30.533264118519668,6.203644514276362,-30.533264118519668,2.881668577783372,0.3458514596106396,0.02060313822753578
5047.0,201.88,2.0,6.065914481682934,-30.569523991414986,6.065914481682934,-30.569523991414986,2.886413680982529,0.3528815716959167,0.023545177164659085
5048.0,201.92000000000002,2.0,5.927357294360471,-30.605116842348043,5.927357294360471,-30.605116842348043,2.8915167207784664,0.2892834849922449,0.022583749280122682
5049.0,201.96,2.0,5.7852434069744945,-30.640742449219353,5.7852434069744945,-30.640742449219353,2.8971338358440497,0.22568539828857306,0.021622321395586286
5050.0,202.0,2.0,5.638939664578538,-30.678264416508064,5.638939664578538,-30.678264416508064,2.903211379365401,0.17904354312349874,0.020692183774502
5051.0,202.04,2.0,5.498171673295898,-30.71338482279142,5.498171673295898,-30.71338482279142,2.9094102850821777,0.13879448997730576,0.0190202368069332
5052.0,202.08,2.0,5.352445530960784,-30.74838672506005,5.352445530960784,-30.74838672506005,2.916167174392257,0.10700183815505407,0.017353643945294615
5053.0,202.12,2.0,5.193986096438153,-30.782335205004067,5.193986096438153,-30.782335205004067,2.924079762980436,0.07267308807381387,0.013600376361317768
5054.0,202.16,2.0,5.057876828086135,-30.813934627910747,5.057876828086135,-30.813934627910747,2.9311000607201647,0.053011955974508015,0.01189731847968933
5055.0,202.20000000000002,2.0,4.893659596830939,-30.847735926917103,4.893659596830939,-30.847735926917103,2.9399070202749926,0.022873067284282837,0.008100347759073274
5056.0,202.24,2.0,4.7790828745521585,-30.875095473322922,4.7790828745521585,-30.875095473322922,2.946321406236902,0.02445163641986095,0.008394524291930782
5057.0,202.28,2.0,4.608475546212985,-30.907672581767635,4.608475546212985,-30.907672581767635,2.9557397283843114,-0.04565817156847629,-0.0014789653604172504
5058.0,202.32,2.0,4.432052868731382,-30.939977244130734,4.432052868731382,-30.939977244130734,2.965323440027095,-0.04565817156847629,-0.0014789653604172504
5059.0,202.36,2.0,4.2553286074342385,-30.970589571405434,4.2553286074342385,-30.970589571405434,2.9749071516698784,-0.04565817156847629,-0.0014789653604172504
5060.0,202.4,2.0,4.078318996292975,-30.99950675008365,4.078318996292975,-30.99950675008365,2.984490863312662,-0.04565817156847629,-0.0014789653604172504
5061.0,202.44,2.0,3.901040295507177,-31.026726122386357,3.901040295507177,-31.026726122386357,2.9940745749554454,-0.04565817156847629,-0.0014789653604172504
5062.0,202.48000000000002,2.0,3.723508790010692,-31.0522451865079,3.723508790010692,-31.0522451865079,3.003658286598229,-0.04565817156847629,-0.0014789653604172504
5063.0,202.52,2.0,3.5461951288556444,-31.070893769965345,3.5461951288556444,-31.070893769965345,3.013267449254514,-0.025936040148665945,-0.0004207323125667295
5064.0,202.56,2.0,3.368993956808956,-31.092933565419507,3.368993956808956,-31.092933565419507,3.023126833934979,-0.006212201360697505,-0.007312558254597442
5065.0,202.6,2.0,3.192376106005341,-31.113160984799368,3.192376106005341,-31.113160984799368,3.0332618916531247,0.013511637427270934,-0.014204384196628155
5066.0,202.64000000000001,2.0,3.01635926580622,-31.131540424845593,3.01635926580622,-31.131540424845593,3.043672622408952,0.033235476215239375,-0.02109621013865887
5067.0,202.68,2.0,2.840962321965207,-31.14803646942864,2.840962321965207,-31.14803646942864,3.05435902620246,0.05295931500320781,-0.02798803608068958
5068.0,202.72,2.0,2.6662053542670767,-31.162613918722975,2.6662053542670767,-31.162613918722975,3.06532110303365,0.07268315379117625,-0.034879862022720295
5069.0,202.76,2.0,2.492109633520905,-31.175237818342897,2.492109633520905,-31.175237818342897,3.076558852902521,0.09240699257914468,-0.04177168796475101
5070.0,202.8,2.0,2.32343825453376,-31.186108870451186,2.32343825453376,-31.186108870451186,3.0831009123302784,0.09365994314800305,-0.041444392706290877
5071.0,202.84,2.0,2.1610724543365754,-31.194091280548783,2.1610724543365754,-31.194091280548783,3.0871789029692143,0.07771828505102849,-0.03310574107470406
5072.0,202.88,2.0,1.9994838310559704,-31.2012441798883,1.9994838310559704,-31.2012441798883,3.091500877238925,0.06177662695405395,-0.02476708944311725
5073.0,202.92000000000002,2.0,1.8386750187644334,-31.20754046723992,1.8386750187644334,-31.20754046723992,3.0960668351394123,0.04583496885707939,-0.016428437811530434
5074.0,202.96,2.0,1.678649742770504,-31.212952966971784,1.678649742770504,-31.212952966971784,3.1008767766706753,0.029893310760104836,-0.00808978617994362
5075.0,203.0,2.0,1.5194128221989613,-31.217454457857052,1.5194128221989613,-31.217454457857052,3.105930701832714,0.013951652663130282,0.00024886545164319455
5076.0,203.04,2.0,1.3609701719015193,-31.221017701940468,1.3609701719015193,-31.221017701940468,3.1112286106255285,-0.0019900054338442717,0.008587517083230009
5077.0,203.08,2.0,1.2040931432043744,-31.21882103509654,1.2040931432043744,-31.21882103509654,3.1161562546913277,-0.019833504669662556,0.011863877552379594
5078.0,203.12,2.0,1.0476618554715107,-31.217451354138927,1.0476618554715107,-31.217451354138927,3.1213588895050033,-0.027798777840842687,0.01738620159403731
5079.0,203.16,1.0,0.8925218544428208,-31.215181291697995,0.8925218544428208,-31.215181291697995,3.126513177760057,-0.03576405101202282,0.022908525635695027
5080.0,203.20000000000002,0.0,0.7386800387160776,-31.212032418926675,0.7386800387160776,-31.212032418926675,3.131619119456489,-0.04372932418320295,0.028430849677352744
5081.0,203.24,0.0,0.5861431681564653,-31.208026364635355,0.5861431681564653,-31.208026364635355,3.136676714594299,-0.05169459735438309,0.03395317371901046
5082.0,203.28,0.0,0.4349178633760524,-31.20318481564261,0.4349178633760524,-31.20318481564261,3.1416859631734866,-0.05965987052556321,0.03947549776066818
5083.0,203.32,0.0,0.2845562643045078,-31.20269734400153,0.2845562643045078,-31.20269734400153,3.1466214141805504,-0.08734727511655364,0.04393958875447536
5084.0,203.36,0.0,0.13518639651666936,-31.196321871734227,0.13518639651666936,-31.196321871734227,3.151258296604813,-0.11503638707570223,0.056353738738163794
5085.0,203.4,0.0,-0.013640022526807238,-31.18928181724233,-0.013640022526807238,-31.18928181724233,3.1555711594327724,-0.1427254990348508,0.06876788872185222
5086.0,203.44,1.0,-0.1619182554749627,-31.181632830277003,-0.1619182554749627,-31.181632830277003,3.1595600026644286,-0.17041461099399938,0.08118203870554067
5087.0,203.48000000000002,0.0,-0.3137442560930015,-31.172323831492996,-0.3137442560930015,-31.172323831492996,3.1620695366377753,-0.18936945929006715,0.09103400397586404
5088.0,203.52,0.0,-0.46421271256247537,-31.162538733422082,-0.46421271256247537,-31.162538733422082,3.1641846263917954,-0.1933202240429524,0.10006840945678822
5089.0,203.56,0.0,-0.6165858643805189,-31.153196552080203,-0.6165858643805189,-31.153196552080203,3.1658743042813065,-0.19037732792794732,0.1093351484400034
5090.0,203.6,0.0,-0.7737646666449471,-31.14340867468031,-0.7737646666449471,-31.14340867468031,3.1720373327298494,-0.1689635435938322,0.11138276622272773
5091.0,203.64000000000001,0.0,-0.9366130332246441,-31.13435200490813,-0.9366130332246441,-31.13435200490813,3.1804420900851325,-0.13035515059388414,0.1054190276323254
5092.0,203.68,0.0,-1.099585793000712,-31.12400866928479,-1.099585793000712,-31.12400866928479,3.188380523927559,-0.09174675759393607,0.09945528904192304
5093.0,203.72,0.0,-1.2596990437793198,-31.11197573005764,-1.2596990437793198,-31.11197573005764,3.1952507998786293,-0.058030513360385026,0.09203253844851196
5094.0,203.76,0.0,-1.421495946102236,-31.101012644747954,-1.421495946102236,-31.101012644747954,3.201697488994328,-0.01944624786648918,0.08397551368778469
5095.0,203.8,0.0,-1.5858305902457503,-31.090721353672546,-1.5858305902457503,-31.090721353672546,3.2074883586184355,0.025259795127188185,0.07550043321291378
5096.0,203.84,1.0,-1.7500718615308828,-31.079583592817198,-1.7500718615308828,-31.079583592817198,3.2127344514926355,0.06996583812086554,0.06702535273804286
5097.0,203.88,1.0,-1.914979177388086,-31.072478139505375,-1.914979177388086,-31.072478139505375,3.2180500159747196,0.11657372225338665,0.06361256342560917
5098.0,203.92000000000002,0.0,-2.076927479801995,-31.06456848541967,-2.076927479801995,-31.06456848541967,3.2226971119467707,0.14913566158556904,0.05793486753959185
5099.0,203.96,0.0,-2.245014775274627,-31.05279882423004,-2.245014775274627,-31.05279882423004,3.226857709130127,0.1814546014619939,0.051036630124657846
5100.0,204.0,0.0,-2.4133179111172045,-31.04040629172809,-2.4133179111172045,-31.04040629172809,3.2308139236940874,0.21377354133841875,0.04413839270972384
5101.0,204.04,0.0,-2.581833740804272,-31.027420543418977,-2.581833740804272,-31.027420543418977,3.234565755638652,0.24609248121484367,0.037240155294789835
5102.0,204.08,1.0,-2.7505596395602514,-31.013871249096656,-2.7505596395602514,-31.013871249096656,3.2381132049638204,0.27841142109126854,0.030341917879855823
5103.0,204.12,1.0,-2.91999699366936,-30.99626119984393,-2.91999699366936,-30.99626119984393,3.2423348169685875,0.3067899161502695,0.02464564700343596
5104.0,204.16,0.0,-3.089166609781762,-30.977315887061955,-3.089166609781762,-30.977315887061955,3.246573748230201,0.32685324034992996,0.018800901204666647
5105.0,204.20000000000002,0.0,-3.2561404777181577,-30.958145067728974,-3.2561404777181577,-30.958145067728974,3.250403965523293,0.3398605166283445,0.012807005041197892
5106.0,204.24,0.0,-3.4222316542902633,-30.93857405616406,-3.4222316542902633,-30.93857405616406,3.2540783422740267,0.34368865328826664,0.006617663593524647
5107.0,204.28,1.0,-3.5833670816305982,-30.921722656543672,-3.5833670816305982,-30.921722656543672,3.258551228169746,0.3388210924041806,0.0030502173426304674
5108.0,204.32,0.0,-3.744058414367106,-30.904805817714113,-3.744058414367106,-30.904805817714113,3.262860101700562,0.3175722471689895,0.0003215894916997079
5109.0,204.36,0.0,-3.9019728002065603,-30.885294695985113,-3.9019728002065603,-30.885294695985113,3.266977901140468,0.2874234874506803,-0.0027577994547781765
5110.0,204.4,0.0,-4.05954451089579,-30.86501703077288,-4.05954451089579,-30.86501703077288,3.2710219456938505,0.2515201044633108,-0.006096472182388242
5111.0,204.44,0.0,-4.218477569667984,-30.84577730868373,-4.218477569667984,-30.84577730868373,3.274921040174649,0.21152891247699274,-0.00961920365065809
5112.0,204.48000000000002,1.0,-4.3773472482916,-30.823875382249764,-4.3773472482916,-30.823875382249764,3.278679896789641,0.16618970371238634,-0.013457829104844688
5113.0,204.52,1.0,-4.541238878880625,-30.802769603780035,-4.541238878880625,-30.802769603780035,3.2828902534214643,0.1238127142504593,-0.01593926442085745
5114.0,204.56,1.0,-4.702421794776496,-30.777633045241267,-4.702421794776496,-30.777633045241267,3.286864074848811,0.07485551744670224,-0.01815690119895407
5115.0,204.6,1.0,-4.8618109186191925,-30.75003131122063,-4.8618109186191925,-30.75003131122063,3.2908623328763715,0.022543296183404376,-0.019994078335703
5116.0,204.64000000000001,1.0,-5.025889731528286,-30.72232006437841,-5.025889731528286,-30.72232006437841,3.2935450075754766,-0.0005832372924530482,-0.027739783368915492
5117.0,204.68,1.0,-5.189716364133104,-30.694118368198748,-5.189716364133104,-30.694118368198748,3.2965904041266407,-0.023709770768310472,-0.035485488402127986
5118.0,204.72,1.0,-5.355772454946336,-30.663678329164917,-5.355772454946336,-30.663678329164917,3.300091207172889,-0.042668585508467353,-0.043212250434264986
5119.0,204.76,1.0,-5.515781623021624,-30.635785928357866,-5.515781623021624,-30.635785928357866,3.304188784299381,-0.06138440079286671,-0.04971847093748529
5120.0,204.8,1.0,-5.6756496229145,-30.607185590376407,-5.6756496229145,-30.607185590376407,3.3086010193368187,-0.08010021607726606,-0.0562246914407056
5121.0,204.84,1.0,-5.835361692765494,-30.577829498292203,-5.835361692765494,-30.577829498292203,3.313327912285203,-0.09881603136166542,-0.06273091194392591
5122.0,204.88,1.0,-5.994902043476321,-30.547670110321878,-5.994902043476321,-30.547670110321878,3.3183694631445326,-0.11753184664606475,-0.0692371324471462
5123.0,204.92000000000002,1.0,-6.153750374388254,-30.520187063991,-6.153750374388254,-30.520187063991,3.3228471266158137,-0.13230721711304028,-0.07694531948888066
5124.0,204.96,1.0,-6.312866469188379,-30.49263760818078,-6.312866469188379,-30.49263760818078,3.327417746121798,-0.1387674167206752,-0.08450503160826565
5125.0,205.0,0.0,-6.474158438539919,-30.463895048853647,-6.474158438539919,-30.463895048853647,3.3325073548878534,-0.13817156840706418,-0.09191559336295121
5126.0,205.04,0.0,-6.636292841917607,-30.43411746817754,-6.636292841917607,-30.43411746817754,3.337863079487817,-0.12839658047496078,-0.09913070983343228
5127.0,205.08,0.0,-6.80510935303319,-30.39665068568366,-6.80510935303319,-30.39665068568366,3.3445340839841924,-0.11336621911009906,-0.1053461165159891
5128.0,205.12,0.0,-6.9753705611331585,-30.35918105174498,-6.9753705611331585,-30.35918105174498,3.3511652472003326,-0.08536926348533398,-0.11024049335464321
5129.0,205.16,0.0,-7.142671629388646,-30.322110157140266,-7.142671629388646,-30.322110157140266,3.357782930172521,-0.09231138513865884,-0.1134729949949587
5130.0,205.20000000000002,0.0,-7.304427764110201,-30.28658081134776,-7.304427764110201,-30.28658081134776,3.364012206941733,-0.13125276834964567,-0.11357024123617258
5131.0,205.24,0.0,-7.467409197493451,-30.24728891087314,-7.467409197493451,-30.24728891087314,3.370483631113884,-0.1661063425616839,-0.11348342873672664
5132.0,205.28,0.0,-7.6330183961834095,-30.20790016098595,-7.6330183961834095,-30.20790016098595,3.3771924904821953,-0.1956118999954338,-0.11308072225136394
5133.0,205.32,0.0,-7.799694773501045,-30.166449215734495,-7.799694773501045,-30.166449215734495,3.384032297932012,-0.22586912635722917,-0.11246888277657216
5134.0,205.36,0.0,-7.963900969242708,-30.121109351525014,-7.963900969242708,-30.121109351525014,3.391219886789571,-0.24185987255566116,-0.1128783390763122
5135.0,205.4,0.0,-8.129466732077207,-30.076265945718596,-8.129466732077207,-30.076265945718596,3.398312806695359,-0.3131363355567141,-0.1090919887888138
5136.0,205.44,1.0,-8.286477367696948,-30.031137052061418,-8.286477367696948,-30.031137052061418,3.407173435940065,-0.8068829060111575,-0.11506016552059409
5137.0,205.48000000000002,1.0,-8.46177532026307,-29.976401560979077,-8.46177532026307,-29.976401560979077,3.4163430538066932,-1.3006294764656012,-0.12102834225237431
5138.0,205.52,1.0,-8.655086918041487,-29.911505747604377,-8.655086918041487,-29.911505747604377,3.4258216602952443,-1.794376046920045,-0.12699651898415457
5139.0,205.56,0.0,-8.86612242619934,-29.835903863761065,-8.86612242619934,-29.835903863761065,3.4356092554057183,-2.2881226173744884,-0.13296469571593478
5140.0,205.6,0.0,-9.09457627968171,-29.749058597732482,-9.09457627968171,-29.749058597732482,3.445705839138115,-2.781869187828932,-0.13893287244771502
5141.0,205.64000000000001,0.0,-9.340127329132914,-29.650441527251026,-9.340127329132914,-29.650441527251026,3.456111411492434,-3.275615758283375,-0.14490104917949526
5142.0,205.68,1.0,-9.60243909966567,-29.53953356534053,-9.60243909966567,-29.53953356534053,3.4668259724686754,-3.769362328737819,-0.1508692259112755
5143.0,205.72,1.0,-9.881160062271015,-29.415825398649286,-9.881160062271015,-29.415825398649286,3.4778495220668404,-4.263108899192263,-0.15683740264305573
5144.0,205.76,2.0,-10.175923917651705,-29.27881791791757,-10.175923917651705,-29.27881791791757,3.489182060286928,-4.756855469646706,-0.162805579374836
5145.0,205.8,2.0,-10.486349892251853,-29.128022640229723,-10.486349892251853,-29.128022640229723,3.500823587128938,-5.25060204010115,-0.1687737561066162
5146.0,205.84,2.0,-10.812043046245698,-28.962962122707314,-10.812043046245698,-28.962962122707314,3.5127741025928714,-5.744348610555593,-0.17474193283839648
5147.0,205.88,2.0,-11.146707745684154,-28.78779524303974,-11.146707745684154,-28.78779524303974,3.524185382590885,-6.243389120561868,-0.18176952984151495
5148.0,205.92000000000002,2.0,-11.495529327807564,-28.59602240777047,-11.495529327807564,-28.59602240777047,3.536290204770533,-6.754019024020122,-0.1901394152991004
5149.0,205.96,2.0,-11.861525193048612,-28.388450036242478,-11.861525193048612,-28.388450036242478,3.5491202374667226,-7.227703596585061,-0.2000527483617683
5150.0,206.0,2.0,-12.24621553558663,-28.16237191488767,-12.24621553558663,-28.16237191488767,3.563005688489342,-7.663634284323275,-0.2128420530424057
5151.0,206.04,2.0,-12.640638181126771,-27.92083654948825,-12.640638181126771,-27.92083654948825,3.5773871994185398,-8.099564972061492,-0.2256313577230431
5152.0,206.08,2.0,-13.044314527412931,-27.663441062053863,-13.044314527412931,-27.663441062053863,3.5922647702543165,-8.535495659799706,-0.23842066240368048
5153.0,206.12,2.0,-13.45617673490096,-27.38874071751702,-13.45617673490096,-27.38874071751702,3.607754984607186,-8.96874474914616,-0.2513172782089121
5154.0,206.16,2.0,-13.88241217129622,-27.10028975666957,-13.88241217129622,-27.10028975666957,3.6236844733162363,-9.41454813257449,-0.26282212261021176
5155.0,206.20000000000002,2.0,-14.316874490053712,-26.79221032082784,-14.316874490053712,-26.79221032082784,3.640466947592509,-9.80783255224044,-0.278485177525954
5156.0,206.24,2.0,-14.765068772354871,-26.464137330024368,-14.765068772354871,-26.464137330024368,3.6574690063323025,-9.80783255224044,-0.278485177525954
5157.0,206.28,2.0,-15.20453289001128,-26.12539445255219,-15.20453289001128,-26.12539445255219,3.6744710650720953,-9.80783255224044,-0.278485177525954
5158.0,206.32,2.0,-15.63498068091639,-25.776227551199963,-15.63498068091639,-25.776227551199963,3.69147312381189,-9.80783255224044,-0.278485177525954
5159.0,206.36,2.0,-16.05613299060804,-25.416890381245622,-16.05613299060804,-25.416890381245622,3.7084751825516826,-9.80783255224044,-0.278485177525954
5160.0,206.4,2.0,-16.4677178912069,-25.04764439029195,-16.4677178912069,-25.04764439029195,3.7254772412914767,-9.80783255224044,-0.278485177525954
5161.0,206.44,2.0,-16.869470894636915,-24.66875851202312,-16.869470894636915,-24.66875851202312,3.7424793000312704,-9.80783255224044,-0.278485177525954
5162.0,206.48000000000002,2.0,-17.26113515995896,-24.280508954045466,-17.26113515995896,-24.280508954045466,3.759481358771064,-9.80783255224044,-0.278485177525954
5163.0,206.52,2.0,-17.642461694653505,-23.883178979980467,-17.642461694653505,-23.883178979980467,3.7764834175108577,-9.80783255224044,-0.278485177525954
5164.0,206.56,2.0,-18.013209549693105,-23.47705868598252,-18.013209549693105,-23.47705868598252,3.7934854762506505,-9.80783255224044,-0.278485177525954
5165.0,206.6,2.0,-18.373146008250185,-23.062444771858353,-18.373146008250185,-23.062444771858353,3.8104875349904446,-9.80783255224044,-0.278485177525954
5166.0,206.64000000000001,2.0,-18.722046767890852,-22.639640306969405,-18.722046767890852,-22.639640306969405,3.8274895937302373,-9.80783255224044,-0.278485177525954
5167.0,206.68,2.0,-19.05969611611044,-22.208954491102443,-19.05969611611044,-22.208954491102443,3.844491652470031,-9.80783255224044,-0.278485177525954
5168.0,206.72,2.0,-19.385887099071983,-21.770702410497805,-19.385887099071983,-21.770702410497805,3.8614937112098247,-9.80783255224044,-0.278485177525954
5169.0,206.76,2.0,-19.70042168341388,-21.32520478922836,-19.70042168341388,-21.32520478922836,3.8784957699496183,-9.80783255224044,-0.278485177525954
5170.0,206.8,2.0,-20.003110910998885,-20.872787736126163,-20.003110910998885,-20.872787736126163,3.895497828689412,-9.80783255224044,-0.278485177525954
5171.0,206.84,2.0,-20.293775046481816,-20.41378248745703,-20.293775046481816,-20.41378248745703,3.912499887429205,-9.80783255224044,-0.278485177525954
5172.0,206.88,2.0,-20.572243717579237,-19.948525145546895,-20.572243717579237,-19.948525145546895,3.9295019461689984,-9.80783255224044,-0.278485177525954
5173.0,206.92000000000002,2.0,-20.83835604793014,-19.47735641356683,-20.83835604793014,-19.47735641356683,3.9465040049087916,-9.80783255224044,-0.278485177525954
5174.0,206.96,2.0,-21.091960782442406,-19.000621326686762,-21.091960782442406,-19.000621326686762,3.9635060636485853,-9.80783255224044,-0.278485177525954
5175.0,207.0,2.0,-21.332916405025962,-18.51866897981066,-21.332916405025962,-18.51866897981066,3.980508122388378,-9.80783255224044,-0.278485177525954
5176.0,207.04,2.0,-21.56109124861934,-18.031852252108916,-21.56109124861934,-18.031852252108916,3.9975101811281717,-9.80783255224044,-0.278485177525954
5177.0,207.08,2.0,-21.776363597422765,-17.540527528565885,-21.776363597422765,-17.540527528565885,4.014512239867966,-9.80783255224044,-0.278485177525954
5178.0,207.12,2.0,-21.97862178125662,-17.045054418763108,-21.97862178125662,-17.045054418763108,4.031514298607759,-9.80783255224044,-0.278485177525954
5179.0,207.16,2.0,-22.16776426197094,-16.545795473120883,-22.16776426197094,-16.545795473120883,4.048516357347553,-9.80783255224044,-0.278485177525954
5180.0,207.20000000000002,2.0,-22.34369971183734,-16.043115896822872,-22.34369971183734,-16.043115896822872,4.065518416087346,-9.80783255224044,-0.278485177525954
5181.0,207.24,2.0,-22.506347083861453,-15.537383261650163,-22.506347083861453,-15.537383261650163,4.082520474827139,-9.80783255224044,-0.278485177525954
5182.0,207.28,2.0,-22.65563567396034,-15.028967215953084,-22.65563567396034,-15.028967215953084,4.099522533566932,-9.80783255224044,-0.278485177525954
5183.0,207.32,2.0,-22.791505174955535,-14.518239192990265,-22.791505174955535,-14.518239192990265,4.116524592306726,-9.80783255224044,-0.278485177525954
5184.0,207.36,2.0,-22.913905722339223,-14.005572117865967,-22.913905722339223,-14.005572117865967,4.13352665104652,-9.80783255224044,-0.278485177525954
5185.0,207.4,2.0,-23.02279793177723,-13.491340113297678,-23.02279793177723,-13.491340113297678,4.150528709786313,-9.80783255224044,-0.278485177525954
5186.0,207.44,2.0,-23.118152928319283,-12.975918204446952,-23.118152928319283,-12.975918204446952,4.167530768526107,-9.80783255224044,-0.278485177525954
5187.0,207.48000000000002,2.0,-23.19995236729344,-12.45968202304718,-23.19995236729344,-12.45968202304718,4.184532827265899,-9.80783255224044,-0.278485177525954
5188.0,207.52,2.0,-23.26818844686823,-11.94300751106255,-23.26818844686823,-11.94300751106255,4.201534886005693,-9.80783255224044,-0.278485177525954
5189.0,207.56,2.0,-23.322863912272584,-11.426270624112874,-23.322863912272584,-11.426270624112874,4.218536944745487,-9.80783255224044,-0.278485177525954
5190.0,207.6,2.0,-23.363992051670344,-10.909847034899022,-23.363992051670344,-10.909847034899022,4.235539003485281,-9.80783255224044,-0.278485177525954
5191.0,207.64000000000001,2.0,-23.391596683692647,-10.394111836863841,-23.391596683692647,-10.394111836863841,4.252541062225074,-9.80783255224044,-0.278485177525954
5192.0,207.68,2.0,-23.405712136638094,-9.879439248323168,-23.405712136638094,-9.879439248323168,4.269543120964867,-9.80783255224044,-0.278485177525954
5193.0,207.72,2.0,-23.406383219357327,-9.366202317301166,-23.406383219357327,-9.366202317301166,4.28654517970466,-9.80783255224044,-0.278485177525954
5194.0,207.76,2.0,-23.393665183845027,-8.854772627303733,-23.393665183845027,-8.854772627303733,4.3035472384444535,-9.80783255224044,-0.278485177525954
5195.0,207.8,2.0,-23.367623679569153,-8.345520004262886,-23.367623679569153,-8.345520004262886,4.3205492971842485,-9.80783255224044,-0.278485177525954
5196.0,207.84,2.0,-23.3283346995735,-7.838812224884185,-23.3283346995735,-7.838812224884185,4.337551355924041,-9.80783255224044,-0.278485177525954
5197.0,207.88,2.0,-23.275884518396474,-7.335014726628087,-23.275884518396474,-7.335014726628087,4.354553414663834,-9.80783255224044,-0.278485177525954
5198.0,207.92000000000002,2.0,-23.210369621855204,-6.834490319554867,-23.210369621855204,-6.834490319554867,4.371555473403627,-9.80783255224044,-0.278485177525954
5199.0,207.96,2.0,-23.13189662875069,-6.337598900261242,-23.13189662875069,-6.337598900261242,4.388557532143421,-9.80783255224044,-0.278485177525954
5200.0,208.0,2.0,-23.0405822045561,-5.844697168135187,-23.0405822045561,-5.844697168135187,4.405559590883215,-9.80783255224044,-0.278485177525954
5201.0,208.04,2.0,-22.936552967156526,-5.356138344153601,-22.936552967156526,-5.356138344153601,4.422561649623008,-9.80783255224044,-0.278485177525954
5202.0,208.08,2.0,-22.819945384715048,-4.872271892445454,-22.819945384715048,-4.872271892445454,4.439563708362802,-9.80783255224044,-0.278485177525954
5203.0,208.12,2.0,-22.69090566574591,-4.393443244840858,-22.69090566574591,-4.393443244840858,4.456565767102595,-9.80783255224044,-0.278485177525954
5204.0,208.16,2.0,-22.549589641481987,-3.919993528624169,-22.549589641481987,-3.919993528624169,4.473567825842389,-9.80783255224044,-0.278485177525954
5205.0,208.20000000000002,2.0,-22.396162640629804,-3.452259297706621,-22.396162640629804,-3.452259297706621,4.4905698845821815,-9.80783255224044,-0.278485177525954
5206.0,208.24,2.0,-22.230799356611254,-2.990572267431383,-22.230799356611254,-2.990572267431383,4.507571943321976,-9.80783255224044,-0.278485177525954
5207.0,208.28,2.0,-22.053683707397262,-2.535259053220951,-22.053683707397262,-2.535259053220951,4.524574002061769,-9.80783255224044,-0.278485177525954
5208.0,208.32,2.0,-21.865008688044465,-2.0866409132738206,-21.865008688044465,-2.0866409132738206,4.541576060801562,-9.80783255224044,-0.278485177525954
5209.0,208.36,2.0,-21.66497621605172,-1.645033495514135,-21.66497621605172,-1.645033495514135,4.558578119541355,-9.80783255224044,-0.278485177525954
5210.0,208.4,2.0,-21.453796969658967,-1.2107465889946645,-21.453796969658967,-1.2107465889946645,4.5755801782811485,-9.80783255224044,-0.278485177525954
5211.0,208.44,2.0,-21.231690219216556,-0.7840838799499158,-21.231690219216556,-0.7840838799499158,4.592582237020943,-9.80783255224044,-0.278485177525954
5212.0,208.48000000000002,2.0,-20.99888365175867,-0.36534271269251495,-20.99888365175867,-0.36534271269251495,4.609584295760736,-9.80783255224044,-0.278485177525954
5213.0,208.52,2.0,-20.75561318891977,0.04518614445784559,-20.75561318891977,0.04518614445784559,4.62658635450053,-9.80783255224044,-0.278485177525954
5214.0,208.56,2.0,-20.502122798338334,0.4472187280275818,-20.502122798338334,0.4472187280275818,4.643588413240322,-9.80783255224044,-0.278485177525954
5215.0,208.6,2.0,-20.23866429869735,0.8404781028433398,-20.23866429869735,0.8404781028433398,4.660590471980116,-9.80783255224044,-0.278485177525954
5216.0,208.64000000000001,2.0,-19.96549715855591,1.2246945799101603,-19.96549715855591,1.2246945799101603,4.67759253071991,-9.80783255224044,-0.278485177525954
5217.0,208.68,2.0,-19.68288828913135,1.5996059285411977,-19.68288828913135,1.5996059285411977,4.694594589459703,-9.80783255224044,-0.278485177525954
5218.0,208.72,2.0,-19.39111183119607,1.9649575825710641,-19.39111183119607,1.9649575825710641,4.711596648199497,-9.80783255224044,-0.278485177525954
5219.0,208.76,2.0,-19.090448936257847,2.320502840489545,-19.090448936257847,2.320502840489545,4.72859870693929,-9.80783255224044,-0.278485177525954
5220.0,208.8,2.0,-18.78118754219691,2.666003059337254,-18.78118754219691,2.666003059337254,4.745600765679083,-9.80783255224044,-0.278485177525954
5221.0,208.84,2.0,-18.46362214353769,3.0012278422097363,-18.46362214353769,3.0012278422097363,4.762602824418877,-9.80783255224044,-0.278485177525954
5222.0,208.88,2.0,-18.138053556536974,3.325955219221585,-18.138053556536974,3.325955219221585,4.779604883158671,-9.80783255224044,-0.278485177525954
5223.0,208.92000000000002,2.0,-17.80478867927479,3.6399718217873187,-17.80478867927479,3.6399718217873187,4.796606941898464,-9.80783255224044,-0.278485177525954
5224.0,208.96,2.0,-17.464140246937887,3.9430730500810576,-17.464140246937887,3.9430730500810576,4.813609000638257,-9.80783255224044,-0.278485177525954
5225.0,209.0,2.0,-17.116426582489726,4.235063233542455,-17.116426582489726,4.235063233542455,4.83061105937805,-9.80783255224044,-0.278485177525954
5226.0,209.04,2.0,-16.76197134292451,4.515755784301804,-16.76197134292451,4.515755784301804,4.8476131181178435,-9.80783255224044,-0.278485177525954
5227.0,209.08,2.0,-16.401103261306172,4.7849733434029105,-16.401103261306172,4.7849733434029105,4.864615176857638,-9.80783255224044,-0.278485177525954
5228.0,209.12,2.0,-16.034155884796725,5.042547919707966,-16.034155884796725,5.042547919707966,4.881617235597431,-9.80783255224044,-0.278485177525954
5229.0,209.16,2.0,-15.661467308881456,5.288321021374488,-15.661467308881456,5.288321021374488,4.898619294337225,-9.80783255224044,-0.278485177525954
5230.0,209.20000000000002,2.0,-15.28337990800145,5.5221437798002615,-15.28337990800145,5.5221437798002615,4.915621353077018,-9.80783255224044,-0.278485177525954
5231.0,209.24,2.0,-14.90024006280691,5.743877065938202,-14.90024006280691,5.743877065938202,4.932623411816811,-9.80783255224044,-0.278485177525954
5232.0,209.28,2.0,-14.512397884247187,5.953391598889043,-14.512397884247187,5.953391598889043,4.9496254705566045,-9.80783255224044,-0.278485177525954
5233.0,209.32,2.0,-14.120206934716148,6.150568046685967,-14.120206934716148,6.150568046685967,4.966627529296398,-9.80783255224044,-0.278485177525954
5234.0,209.36,2.0,-13.724023946473764,6.3352971191913685,-13.724023946473764,6.3352971191913685,4.826549955356702,-9.80783255224044,-0.278485177525954
5235.0,209.4,2.0,-13.324208537566879,6.507479653032282,-13.324208537566879,6.507479653032282,4.686472381417006,-9.80783255224044,-0.278485177525954
5236.0,209.44,2.0,-12.921122925474268,6.667026688507247,-12.921122925474268,6.667026688507247,4.54639480747731,-9.80783255224044,-0.278485177525954
5237.0,209.48000000000002,2.0,-12.515131638702716,6.813859538403773,-12.515131638702716,6.813859538403773,4.406317233537614,-9.80783255224044,-0.278485177525954
5238.0,209.52,2.0,-12.10660122656262,6.947909848671969,-12.10660122656262,6.947909848671969,4.266239659597917,-9.80783255224044,-0.278485177525954
5239.0,209.56,2.0,-11.695899967352968,7.069119650906319,-11.695899967352968,7.069119650906319,4.126162085658221,-9.80783255224044,-0.278485177525954
5240.0,209.6,2.0,-11.283397575186786,7.177441406594154,-11.283397575186786,7.177441406594154,3.986084511718525,-9.80783255224044,-0.278485177525954
5241.0,209.64000000000001,2.0,-10.869464905689396,7.272838043095783,-10.869464905689396,7.272838043095783,3.846006937778829,-9.80783255224044,-0.278485177525954
5242.0,209.68,2.0,-10.454473660802424,7.355282981327875,-10.454473660802424,7.355282981327875,3.7059293638391333,-9.80783255224044,-0.278485177525954
5243.0,209.72,2.0,-10.038796092927523,7.424760155128226,-10.038796092927523,7.424760155128226,3.565851789899437,-9.80783255224044,-0.278485177525954
5244.0,209.76,2.0,-9.622804708644052,7.481264022286635,-9.622804708644052,7.481264022286635,3.4257742159597413,-9.80783255224044,-0.278485177525954
5245.0,209.8,2.0,-9.20687197223543,7.5247995672331935,-9.20687197223543,7.5247995672331935,3.285696642020045,-9.80783255224044,-0.278485177525954
5246.0,209.84,2.0,-8.791370009258971,7.555382295381949,-8.791370009258971,7.555382295381949,3.1456190680803493,-9.80783255224044,-0.278485177525954
5247.0,209.88,2.0,-8.376670310394008,7.573038219134458,-8.376670310394008,7.573038219134458,3.005541494140653,-9.80783255224044,-0.278485177525954
5248.0,209.92000000000002,2.0,-7.963143435802867,7.577803835554367,-7.963143435802867,7.577803835554367,2.8654639202009573,-9.80783255224044,-0.278485177525954
5249.0,209.96,2.0,-7.551158720238836,7.5697260957307915,-7.551158720238836,7.5697260957307915,2.7253863462612613,-9.80783255224044,-0.278485177525954
5250.0,210.0,2.0,-7.141083979134746,7.548862365854771,-7.141083979134746,7.548862365854771,2.5853087723215653,-9.80783255224044,-0.278485177525954
5251.0,210.04,2.0,-6.733285215904914,7.515280380039712,-6.733285215904914,7.515280380039712,2.4452311983818698,-9.80783255224044,-0.278485177525954
5252.0,210.08,2.0,-6.32812633069231,7.469058184923246,-6.32812633069231,7.469058184923246,2.3051536244421738,-9.80783255224044,-0.278485177525954
5253.0,210.12,2.0,-5.925968830791616,7.410284076094395,-5.925968830791616,7.410284076094395,2.165076050502478,-9.80783255224044,-0.278485177525954
5254.0,210.16,2.0,-5.527171542977564,7.339056526396485,-5.527171542977564,7.339056526396485,2.182078109242272,-9.80783255224044,-0.278485177525954
5255.0,210.20000000000002,2.0,-5.132090327966376,7.255484106162636,-5.132090327966376,7.255484106162636,2.1990801679820655,-9.80783255224044,-0.278485177525954
5256.0,210.24,2.0,-4.741077797236491,7.15968539544704,-4.741077797236491,7.15968539544704,2.216082226721859,-9.80783255224044,-0.278485177525954
5257.0,210.28,2.0,-4.3544830324328725,7.051788888321606,-4.3544830324328725,7.051788888321606,2.2330842854616533,-9.80783255224044,-0.278485177525954
5258.0,210.32,2.0,-3.9726513075771175,6.9319328893138135,-3.9726513075771175,6.9319328893138135,2.2500863442014474,-9.80783255224044,-0.278485177525954
5259.0,210.36,2.0,-3.5959238143034353,6.8002654020678595,-3.5959238143034353,6.8002654020678595,2.2670884029412415,-9.80783255224044,-0.278485177525954
5260.0,210.4,2.0,-3.2246373903380885,6.656944010317304,-3.2246373903380885,6.656944010317304,2.2840904616810347,-9.80783255224044,-0.278485177525954
5261.0,210.44,2.0,-2.859124251437367,6.502135751263556,-2.859124251437367,6.502135751263556,2.301092520420829,-9.80783255224044,-0.278485177525954
5262.0,210.48000000000002,2.0,-2.4997117269964364,6.336016981460537,-2.4997117269964364,6.336016981460537,2.318094579160623,-9.80783255224044,-0.278485177525954
5263.0,210.52,2.0,-2.1467219995384386,6.15877323531175,-2.1467219995384386,6.15877323531175,2.3350966379004165,-9.80783255224044,-0.278485177525954
5264.0,210.56,2.0,-1.8004718482902196,5.970599076291938,-1.8004718482902196,5.970599076291938,2.3520986966402107,-9.80783255224044,-0.278485177525954
5265.0,210.6,2.0,-1.4612723970477592,5.771697941011139,-1.4612723970477592,5.771697941011139,2.3691007553800043,-9.80783255224044,-0.278485177525954
5266.0,210.64000000000001,2.0,-1.1294288665310372,5.562281976244748,-1.1294288665310372,5.562281976244748,2.3861028141197984,-9.80783255224044,-0.278485177525954
5267.0,210.68,2.0,-0.8052403314244623,5.342571869058662,-0.8052403314244623,5.342571869058662,2.4031048728595925,-9.80783255224044,-0.278485177525954
5268.0,210.72,2.0,-0.4889994822953242,5.112796670164121,-0.4889994822953242,5.112796670164121,2.4201069315993857,-9.80783255224044,-0.278485177525954
5269.0,210.76,2.0,-0.1809923925788314,4.873193610642175,-0.1809923925788314,4.873193610642175,2.4371089903391803,-9.80783255224044,-0.278485177525954
5270.0,210.8,2.0,0.11850170918569107,4.624007912182986,0.11850170918569107,4.624007912182986,2.454111049078974,-9.80783255224044,-0.278485177525954
5271.0,210.84,2.0,0.40921066168704295,4.365492590990302,0.40921066168704295,4.365492590990302,2.4711131078187676,-9.80783255224044,-0.278485177525954
5272.0,210.88,2.0,0.6908695875667225,4.097908255506448,0.6908695875667225,4.097908255506448,2.4881151665585617,-9.80783255224044,-0.278485177525954
5273.0,210.92000000000002,2.0,0.9632211043641707,3.8215228981180793,0.9632211043641707,3.8215228981180793,2.5051172252983553,-9.80783255224044,-0.278485177525954
5274.0,210.96,2.0,1.226015529515599,3.536611681007712,1.226015529515599,3.536611681007712,2.5221192840381494,-9.80783255224044,-0.278485177525954
5275.0,211.0,2.0,1.4790110792440223,3.2434567163206873,1.4790110792440223,3.2434567163206873,2.5391213427779435,-9.80783255224044,-0.278485177525954
5276.0,211.04,2.0,1.7219740611829621,2.9423468408216946,1.7219740611829621,2.9423468408216946,2.556123401517737,-9.80783255224044,-0.278485177525954
5277.0,211.08,2.0,1.954679060581236,2.6335773852194024,1.954679060581236,2.6335773852194024,2.573125460257531,-9.80783255224044,-0.278485177525954
5278.0,211.12,2.0,2.1769091199413504,2.3174499383418996,2.1769091199413504,2.3174499383418996,2.590127518997325,-9.80783255224044,-0.278485177525954
5279.0,211.16,2.0,2.3884559119491917,1.9942721063497852,2.3884559119491917,1.9942721063497852,2.6071295777371186,-9.80783255224044,-0.278485177525954
5280.0,211.20000000000002,2.0,2.5891199055580496,1.6643572671776394,2.5891199055580496,1.6643572671776394,2.6241316364769127,-9.80783255224044,-0.278485177525954
5281.0,211.24,2.0,2.7787105250954,1.3280243203984021,2.7787105250954,1.3280243203984021,2.6411336952167064,-9.80783255224044,-0.278485177525954
5282.0,211.28,2.0,2.957046302266426,0.985597432708806,2.957046302266426,0.985597432708806,2.6581357539565,-9.80783255224044,-0.278485177525954
5283.0,211.32,2.0,3.1239550209338653,0.6374057792374789,3.1239550209338653,0.6374057792374789,2.6751378126962946,-9.80783255224044,-0.278485177525954
5284.0,211.36,2.0,3.279273854559493,0.2837832808806422,3.279273854559493,0.2837832808806422,2.6921398714360882,-9.80783255224044,-0.278485177525954
5285.0,211.4,2.0,3.4228494961983733,-0.07493166212652762,3.4228494961983733,-0.07493166212652762,2.709141930175882,-9.80783255224044,-0.278485177525954
5286.0,211.44,2.0,3.5545382809428974,-0.4383964401918239,3.5545382809428974,-0.4383964401918239,2.726143988915676,-9.80783255224044,-0.278485177525954
5287.0,211.48000000000002,2.0,3.674206300719605,-0.8062645076873535,3.674206300719605,-0.8062645076873535,2.7431460476554697,-9.80783255224044,-0.278485177525954
5288.0,211.52,2.0,3.7817295113478644,-1.1781856593937925,3.7817295113478644,-1.1781856593937925,2.7601481063952638,-9.80783255224044,-0.278485177525954
5289.0,211.56,2.0,3.876993831775573,-1.553806309848569,3.876993831775573,-1.553806309848569,2.7771501651350574,-9.80783255224044,-0.278485177525954
5290.0,211.6,2.0,3.9598952354132835,-1.9327697753766924,3.9598952354132835,-1.9327697753766924,2.7941522238748515,-9.80783255224044,-0.278485177525954
5291.0,211.64000000000001,2.0,4.030339833494375,-2.3147165585808205,4.030339833494375,-2.3147165585808205,2.8111542826146456,-9.80783255224044,-0.278485177525954
5292.0,211.68,2.0,4.088243950395248,-2.6992846350652107,4.088243950395248,-2.6992846350652107,2.8281563413544393,-9.80783255224044,-0.278485177525954
5293.0,211.72,2.0,4.133534190855825,-3.086109742166428,4.133534190855825,-3.086109742166428,2.8451584000942334,-9.80783255224044,-0.278485177525954
5294.0,211.76,2.0,4.1661474990471445,-3.4748256694621062,4.1661474990471445,-3.4748256694621062,2.862160458834027,-9.80783255224044,-0.278485177525954
5295.0,211.8,2.0,4.186031209439193,-3.8650645508276282,4.186031209439193,-3.8650645508276282,2.8791625175738207,-9.80783255224044,-0.278485177525954
5296.0,211.84,2.0,4.1931430894286885,-4.256457157809381,4.1931430894286885,-4.256457157809381,2.896164576313615,-9.80783255224044,-0.278485177525954
5297.0,211.88,2.0,4.187451373693022,-4.648633194082209,4.187451373693022,-4.648633194082209,2.9131666350534084,-9.80783255224044,-0.278485177525954
5298.0,211.92000000000002,2.0,4.168934790243116,-5.041221590757793,4.168934790243116,-5.041221590757793,2.9301686937932026,-9.80783255224044,-0.278485177525954
5299.0,211.96,2.0,4.137582578154545,-5.4338508023100545,4.137582578154545,-5.4338508023100545,2.947170752532996,-9.80783255224044,-0.278485177525954
5300.0,212.0,2.0,4.093394496962835,-5.8261491028831545,4.093394496962835,-5.8261491028831545,2.9641728112727903,-9.80783255224044,-0.278485177525954
5301.0,212.04,2.0,4.036380827715495,-6.217744882747388,4.036380827715495,-6.217744882747388,2.981174870012584,-9.80783255224044,-0.278485177525954
5302.0,212.08,2.0,3.9665623656798785,-6.608266944668131,3.9665623656798785,-6.608266944668131,2.998176928752378,-9.80783255224044,-0.278485177525954
5303.0,212.12,2.0,3.8839704047126746,-6.997344799953085,3.8839704047126746,-6.997344799953085,3.0151789874921717,-9.80783255224044,-0.278485177525954
5304.0,212.16,2.0,3.788646713303322,-7.3846089639432915,3.788646713303322,-7.3846089639432915,3.032181046231966,-9.80783255224044,-0.278485177525954
5305.0,212.20000000000002,2.0,3.6806435023103283,-7.769691250713883,3.6806435023103283,-7.769691250713883,3.0491831049717595,-9.80783255224044,-0.278485177525954
5306.0,212.24,2.0,3.560023384415996,-8.152225066751084,3.560023384415996,-8.152225066751084,3.066185163711553,-9.80783255224044,-0.278485177525954
5307.0,212.28,2.0,3.426859325331641,-8.531845703372872,3.426859325331641,-8.531845703372872,3.0831872224513472,-9.80783255224044,-0.278485177525954
5308.0,212.32,2.0,3.2812345867919177,-8.908190627661615,3.2812345867919177,-8.908190627661615,3.100189281191141,-9.80783255224044,-0.278485177525954
5309.0,212.36,2.0,3.1232426613833684,-9.280899771678284,3.1232426613833684,-9.280899771678284,3.117191339930935,-9.80783255224044,-0.278485177525954
5310.0,212.4,2.0,2.9529871992587666,-9.649615819729078,2.9529871992587666,-9.649615819729078,3.134193398670729,-9.80783255224044,-0.278485177525954
5311.0,212.44,2.0,2.7705819267952814,-10.01398449345695,2.7705819267952814,-10.01398449345695,3.1511954574105228,-9.80783255224044,-0.278485177525954
5312.0,212.48000000000002,2.0,2.5761505572608367,-10.373654834532191,2.5761505572608367,-10.373654834532191,3.168197516150317,-9.80783255224044,-0.278485177525954
5313.0,212.52,2.0,2.3698266935593906,-10.728279484718103,2.3698266935593906,-10.728279484718103,3.1851995748901105,-9.80783255224044,-0.278485177525954
5314.0,212.56,2.0,2.1517537231321184,-11.077514963089985,2.1517537231321184,-11.077514963089985,3.2022016336299046,-9.80783255224044,-0.278485177525954
5315.0,212.6,2.0,1.922084705097716,-11.421021940187732,1.922084705097716,-11.421021940187732,3.2192036923696983,-9.80783255224044,-0.278485177525954
5316.0,212.64000000000001,2.0,1.680982249721147,-11.758465508884957,1.680982249721147,-11.758465508884957,3.2362057511094924,-9.80783255224044,-0.278485177525954
5317.0,212.68,2.0,1.4286183903062921,-12.08951545176001,1.4286183903062921,-12.08951545176001,3.253207809849286,-9.80783255224044,-0.278485177525954
5318.0,212.72,2.0,1.1651744476138917,-12.41384650475713,1.1651744476138917,-12.41384650475713,3.27020986858908,-9.80783255224044,-0.278485177525954
5319.0,212.76,2.0,0.8908408869121477,-12.731138616928828,0.8908408869121477,-12.731138616928828,3.287211927328874,-9.80783255224044,-0.278485177525954
5320.0,212.8,2.0,0.6058171677731528,-13.041077206053776,0.6058171677731528,-13.041077206053776,3.3042139860686675,-9.80783255224044,-0.278485177525954
5321.0,212.84,2.0,0.31031158673407405,-13.343353409927673,0.31031158673407405,-13.343353409927673,3.3212160448084616,-9.80783255224044,-0.278485177525954
5322.0,212.88,2.0,0.004541112947662995,-13.637664333128034,0.004541112947662995,-13.637664333128034,3.338218103548256,-9.80783255224044,-0.278485177525954
5323.0,212.92000000000002,2.0,-0.31126878304778094,-13.923713289057442,-0.31126878304778094,-13.923713289057442,3.3552201622880498,-9.80783255224044,-0.278485177525954
5324.0,212.96,2.0,-0.6368843073034183,-14.201210037073448,-0.6368843073034183,-14.201210037073448,3.372222221027843,-9.80783255224044,-0.278485177525954
5325.0,213.0,2.0,-0.9720635270389313,-14.469871014517333,-0.9720635270389313,-14.469871014517333,3.3892242797676375,-9.80783255224044,-0.278485177525954
5326.0,213.04,2.0,-1.316556561679495,-14.729419563457887,-1.316556561679495,-14.729419563457887,3.406226338507431,-9.80783255224044,-0.278485177525954
5327.0,213.08,2.0,-1.670105780199392,-14.979586151970569,-1.670105780199392,-14.979586151970569,3.4232283972472253,-9.80783255224044,-0.278485177525954
5328.0,213.12,2.0,-2.032446004616019,-15.220108589776746,-2.032446004616019,-15.220108589776746,3.440230455987019,-9.80783255224044,-0.278485177525954
5329.0,213.16,2.0,-2.403304719473156,-15.450732238072181,-2.403304719473156,-15.450732238072181,3.457232514726813,-9.80783255224044,-0.278485177525954
5330.0,213.20000000000002,2.0,-2.782402287147629,-15.671210213378533,-2.782402287147629,-15.671210213378533,3.4742345734666067,-9.80783255224044,-0.278485177525954
5331.0,213.24,2.0,-3.169452168808882,-15.881303585256337,-3.169452168808882,-15.881303585256337,3.4912366322064003,-9.80783255224044,-0.278485177525954
5332.0,213.28,2.0,-3.5641611508565005,-16.080781567722887,-3.5641611508565005,-16.080781567722887,3.5082386909461944,-9.80783255224044,-0.278485177525954
5333.0,213.32,2.0,-3.9662295766563957,-16.269421704223284,-3.9662295766563957,-16.269421704223284,3.525240749685988,-9.80783255224044,-0.278485177525954
5334.0,213.36,2.0,-4.375351583392135,-16.447010046008145,-4.375351583392135,-16.447010046008145,3.542242808425782,-9.80783255224044,-0.278485177525954
5335.0,213.4,2.0,-4.791215343843907,-16.613341323776638,-4.791215343843907,-16.613341323776638,3.559244867165576,-9.80783255224044,-0.278485177525954
5336.0,213.44,2.0,-5.213503312903636,-16.76821911244883,-5.213503312903636,-16.76821911244883,3.5762469259053704,-9.80783255224044,-0.278485177525954
5337.0,213.48000000000002,2.0,-5.641892478631084,-16.911455988936805,-5.641892478631084,-16.911455988936805,3.5932489846451636,-9.80783255224044,-0.278485177525954
5338.0,213.52,2.0,-6.0760546176521055,-17.042873682789516,-6.0760546176521055,-17.042873682789516,3.6102510433849573,-9.80783255224044,-0.278485177525954
5339.0,213.56,2.0,-6.51565655469687,-17.162303219592026,-6.51565655469687,-17.162303219592026,3.627253102124751,-9.80783255224044,-0.278485177525954
5340.0,213.6,2.0,-6.960360426072491,-17.269585057005493,-6.960360426072491,-17.269585057005493,3.644255160864545,-9.80783255224044,-0.278485177525954
5341.0,213.64000000000001,2.0,-7.409823946861458,-17.36456921334007,-7.409823946861458,-17.36456921334007,3.6612572196043396,-9.80783255224044,-0.278485177525954
5342.0,213.68,2.0,-7.863700681634308,-17.447115388558913,-7.863700681634308,-17.447115388558913,3.6782592783441332,-9.80783255224044,-0.278485177525954
5343.0,213.72,2.0,-8.32164031846212,-17.517093077617254,-8.32164031846212,-17.517093077617254,3.6952613370839273,-9.80783255224044,-0.278485177525954
5344.0,213.76,2.0,-8.783288946011918,-17.574381676046876,-8.783288946011918,-17.574381676046876,3.712263395823721,-9.80783255224044,-0.278485177525954
5345.0,213.8,2.0,-9.248289333505532,-17.618870577702136,-9.248289333505532,-17.618870577702136,3.7292654545635147,-9.80783255224044,-0.278485177525954
5346.0,213.84,2.0,-9.71628121332022,-17.650459264590218,-9.71628121332022,-17.650459264590218,3.7462675133033088,-9.80783255224044,-0.278485177525954
5347.0,213.88,2.0,-10.186901566007302,-17.669057388714265,-10.186901566007302,-17.669057388714265,3.7632695720431024,-9.80783255224044,-0.278485177525954
5348.0,213.92000000000002,2.0,-10.659784907503088,-17.67458484586459,-10.659784907503088,-17.67458484586459,3.7802716307828965,-9.80783255224044,-0.278485177525954
5349.0,213.96,2.0,-11.134563578304691,-17.666971841299404,-11.134563578304691,-17.666971841299404,3.79727368952269,-9.80783255224044,-0.278485177525954
5350.0,214.0,2.0,-11.61086803438171,-17.64615894726302,-11.61086803438171,-17.64615894726302,3.814275748262484,-9.80783255224044,-0.278485177525954
5351.0,214.04,2.0,-12.088327139593448,-17.612097152295867,-12.088327139593448,-17.612097152295867,3.831277807002278,-9.80783255224044,-0.278485177525954
5352.0,214.08,2.0,-12.566568459380097,-17.564747902297164,-12.566568459380097,-17.564747902297164,3.8482798657420716,-9.80783255224044,-0.278485177525954
5353.0,214.12,2.0,-13.045218555495325,-17.50408313330777,-13.045218555495325,-17.50408313330777,3.8652819244818657,-9.80783255224044,-0.278485177525954
5354.0,214.16,2.0,-13.52390328154689,-17.43008529598706,-13.52390328154689,-17.43008529598706,3.8822839832216594,-9.80783255224044,-0.278485177525954
5355.0,214.20000000000002,2.0,-14.00224807911122,-17.342747371764368,-14.00224807911122,-17.342747371764368,3.899286041961453,-9.80783255224044,-0.278485177525954
5356.0,214.24,2.0,-14.479878274187518,-17.242072880652263,-14.479878274187518,-17.242072880652263,3.916288100701247,-9.80783255224044,-0.278485177525954
5357.0,214.28,2.0,-14.956419373756608,-17.12807588071518,-14.956419373756608,-17.12807588071518,3.9332901594410408,-9.80783255224044,-0.278485177525954
5358.0,214.32,2.0,-15.431497362209678,-17.00078095919399,-15.431497362209678,-17.00078095919399,3.9502922181808353,-9.80783255224044,-0.278485177525954
5359.0,214.36,2.0,-15.904738997412233,-16.86022321529321,-15.904738997412233,-16.86022321529321,3.9672942769206294,-9.80783255224044,-0.278485177525954
5360.0,214.4,2.0,-16.375772106168746,-16.70644823464466,-16.375772106168746,-16.70644823464466,3.984296335660423,-9.80783255224044,-0.278485177525954
5361.0,214.44,2.0,-16.844225878854086,-16.539512055467473,-16.844225878854086,-16.539512055467473,4.001298394400217,-9.80783255224044,-0.278485177525954
5362.0,214.48000000000002,2.0,-17.309731162978398,-16.359481126451353,-17.309731162978398,-16.359481126451353,4.01830045314001,-9.80783255224044,-0.278485177525954
5363.0,214.52,2.0,-17.77192075545294,-16.166432256396288,-17.77192075545294,-16.166432256396288,4.035302511879804,-9.80783255224044,-0.278485177525954
5364.0,214.56,2.0,-18.230429693325476,-15.960452555648484,-18.230429693325476,-15.960452555648484,4.052304570619599,-9.80783255224044,-0.278485177525954
5365.0,214.6,2.0,-18.684895542754973,-15.741639369378897,-18.684895542754973,-15.741639369378897,4.069306629359393,-9.80783255224044,-0.278485177525954
5366.0,214.64000000000001,2.0,-19.13495868599678,-15.510100202757068,-19.13495868599678,-15.510100202757068,4.086308688099186,-9.80783255224044,-0.278485177525954
5367.0,214.68,2.0,-19.580262606170997,-15.265952638079451,-19.580262606170997,-15.265952638079451,4.1033107468389804,-9.80783255224044,-0.278485177525954
5368.0,214.72,2.0,-20.02045416958859,-15.009324243917783,-20.02045416958859,-15.009324243917783,4.120312805578774,-9.80783255224044,-0.278485177525954
5369.0,214.76,2.0,-20.455183905411623,-14.740352476359362,-20.455183905411623,-14.740352476359362,4.137314864318568,-9.80783255224044,-0.278485177525954
5370.0,214.8,2.0,-20.884106282426153,-14.459184572417357,-20.884106282426153,-14.459184572417357,4.154316923058362,-9.80783255224044,-0.278485177525954
5371.0,214.84,2.0,-21.306879982708672,-14.165977435695487,-21.306879982708672,-14.165977435695487,4.171318981798156,-9.80783255224044,-0.278485177525954
5372.0,214.88,2.0,-21.723168171969277,-13.86089751439755,-21.723168171969277,-13.86089751439755,4.188321040537949,-9.80783255224044,-0.278485177525954
5373.0,214.92000000000002,2.0,-22.13263876635762,-13.544120671778263,-22.13263876635762,-13.544120671778263,4.205323099277743,-9.80783255224044,-0.278485177525954
5374.0,214.96,2.0,-22.534964695520202,-13.215832049138006,-22.534964695520202,-13.215832049138006,4.222325158017537,-9.80783255224044,-0.278485177525954
5375.0,215.0,2.0,-22.929824161700814,-12.876225921469848,-22.929824161700814,-12.876225921469848,4.2393272167573315,-9.80783255224044,-0.278485177525954
5376.0,215.04,2.0,-23.316900894678913,-12.525505545873052,-23.316900894678913,-12.525505545873052,4.256329275497125,-9.80783255224044,-0.278485177525954
5377.0,215.08,2.0,-23.695884402343975,-12.163883002853103,-23.695884402343975,-12.163883002853103,4.27333133423692,-9.80783255224044,-0.278485177525954
5378.0,215.12,2.0,-24.066470216707543,-11.791579030633773,-24.066470216707543,-11.791579030633773,4.290333392976713,-9.80783255224044,-0.278485177525954
5379.0,215.16,2.0,-24.428360135157963,-11.408822852612408,-24.428360135157963,-11.408822852612408,4.307335451716506,-9.80783255224044,-0.278485177525954
5380.0,215.20000000000002,2.0,-24.781262456766928,-11.01585199809498,-24.781262456766928,-11.01585199809498,4.3243375104563,-9.80783255224044,-0.278485177525954
5381.0,215.24,2.0,-25.124892213460583,-10.612912116452758,-25.124892213460583,-10.612912116452758,4.341339569196094,-9.80783255224044,-0.278485177525954
5382.0,215.28,2.0,-25.458971395872176,-10.200256784847735,-25.458971395872176,-10.200256784847735,4.3583416279358875,-9.80783255224044,-0.278485177525954
5383.0,215.32,2.0,-25.78322917369736,-9.778147309678948,-25.78322917369736,-9.778147309678948,4.3753436866756825,-9.80783255224044,-0.278485177525954
5384.0,215.36,2.0,-26.097402110377722,-9.346852521906895,-26.097402110377722,-9.346852521906895,4.392345745415476,-9.80783255224044,-0.278485177525954
5385.0,215.4,2.0,-26.40123437194236,-8.906648566417994,-26.40123437194236,-8.906648566417994,4.409347804155269,-9.80783255224044,-0.278485177525954
5386.0,215.44,2.0,-26.694477929842378,-8.457818685595853,-26.694477929842378,-8.457818685595853,4.426349862895063,-9.80783255224044,-0.278485177525954
5387.0,215.48000000000002,2.0,-26.976892757617385,-8.000652997270658,-26.976892757617385,-8.000652997270658,4.443351921634857,-9.80783255224044,-0.278485177525954
5388.0,215.52,2.0,-27.24824702123845,-7.535448267222398,-27.24824702123845,-7.535448267222398,4.46035398037465,-9.80783255224044,-0.278485177525954
5389.0,215.56,2.0,-27.508317262976696,-7.062507676418076,-27.508317262976696,-7.062507676418076,4.4773560391144445,-9.80783255224044,-0.278485177525954
5390.0,215.6,2.0,-27.756888578651967,-6.582140583167062,-27.756888578651967,-6.582140583167062,4.494358097854238,-9.80783255224044,-0.278485177525954
5391.0,215.64000000000001,2.0,-27.993754788121073,-6.094662280382947,-27.993754788121073,-6.094662280382947,4.511360156594032,-9.80783255224044,-0.278485177525954
5392.0,215.68,2.0,-28.218718598870776,-5.60039374814397,-28.218718598870776,-5.60039374814397,4.528362215333826,-9.80783255224044,-0.278485177525954
5393.0,215.72,2.0,-28.431591762585818,-5.0996614017479445,-28.431591762585818,-5.0996614017479445,4.545364274073619,-9.80783255224044,-0.278485177525954
5394.0,215.76,2.0,-28.63219522456805,-4.592796835461063,-28.63219522456805,-4.592796835461063,4.562366332813413,-9.80783255224044,-0.278485177525954
5395.0,215.8,2.0,-28.820359265888335,-4.080136562163478,-28.820359265888335,-4.080136562163478,4.579368391553206,-9.80783255224044,-0.278485177525954
5396.0,215.84,2.0,-28.995923638158576,-3.562021749097723,-28.995923638158576,-3.562021749097723,4.596370450293,-9.80783255224044,-0.278485177525954
5397.0,215.88,2.0,-29.15873769081727,-3.0387979499291644,-29.15873769081727,-3.0387979499291644,4.613372509032794,-9.80783255224044,-0.278485177525954
5398.0,215.92000000000002,2.0,-29.308660490827616,-2.5108148333305884,-29.308660490827616,-2.5108148333305884,4.630374567772588,-9.80783255224044,-0.278485177525954
5399.0,215.96,2.0,-29.445560934693468,-1.978425908305768,-29.445560934693468,-1.978425908305768,4.647376626512381,-9.80783255224044,-0.278485177525954
5400.0,216.0,2.0,-29.569317852704444,-1.441988246469467,-29.569317852704444,-1.441988246469467,4.664378685252175,-9.80783255224044,-0.278485177525954
5401.0,216.04,2.0,-29.679820105327508,-0.9018622015037032,-29.679820105327508,-0.9018622015037032,4.681380743991968,-9.80783255224044,-0.278485177525954
5402.0,216.08,2.0,-29.776966671668806,-0.358411126012372,-29.776966671668806,-0.358411126012372,4.6983828027317625,-9.80783255224044,-0.278485177525954
5403.0,216.12,2.0,-29.86066672993561,0.18799891400162988,-29.86066672993561,0.18799891400162988,4.715384861471556,-9.80783255224044,-0.278485177525954
5404.0,216.16,2.0,-29.930839729834666,0.7369994268107573,-29.930839729834666,0.7369994268107573,4.732386920211349,-9.80783255224044,-0.278485177525954
5405.0,216.20000000000002,2.0,-29.98741545684959,1.2882197845609136,-29.98741545684959,1.2882197845609136,4.749388978951143,-9.80783255224044,-0.278485177525954
5406.0,216.24,2.0,-30.030334088346372,1.8412875145640366,-30.030334088346372,1.8412875145640366,4.766391037690937,-9.80783255224044,-0.278485177525954
5407.0,216.28,2.0,-30.059546241462623,2.3958285920545785,-30.059546241462623,2.3958285920545785,4.78339309643073,-9.29392655362725,-0.2795509910774355
5408.0,216.32,2.0,-30.07887928197017,2.9312783508286953,-30.07887928197017,2.9312783508286953,4.800437787712584,-8.78002055501406,-0.2806168046289169
5409.0,216.36,2.0,-30.088865706935373,3.4473760593870346,-30.088865706935373,3.4473760593870346,4.817525111536495,-8.266114556400868,-0.28168261818039847
5410.0,216.4,2.0,-30.090045115169694,3.9438758868825827,-30.090045115169694,3.9438758868825827,4.834655067902467,-7.75220855778768,-0.2827484317318799
5411.0,216.44,2.0,-30.082963790258855,4.420547097951232,-30.082963790258855,4.420547097951232,4.851827656810498,-7.23830255917449,-0.2838142452833614
5412.0,216.48000000000002,2.0,-30.06817427823675,4.8771742358821,-30.06817427823675,4.8771742358821,4.869042878260588,-6.7243965605613,-0.2848800588348429
5413.0,216.52,2.0,-30.04766505521919,5.30946637256725,-30.04766505521919,5.30946637256725,4.883523511744205,-6.19847216230134,-0.2780548749764832
5414.0,216.56,2.0,-29.77154842210236,5.246065161972695,-29.77154842210236,5.246065161972695,4.878296288305285,-5.687697511838827,-0.2765339456124879
5415.0,216.6,2.0,-29.739913497580766,5.636552571790571,-29.739913497580766,5.636552571790571,4.891326796292733,-5.176088891722537,-0.2715382771539896
5416.0,216.64000000000001,2.0,-29.58113064310631,5.769211354585296,-29.58113064310631,5.769211354585296,4.894049830690529,-4.666430525931084,-0.26785099328447687
5417.0,216.68,2.0,-29.540500225089357,6.119895737719186,-29.540500225089357,6.119895737719186,4.905592732285294,-4.1600887729018785,-0.26289189911911487
5418.0,216.72,2.0,-29.433719729949935,6.331585954404341,-29.433719729949935,6.331585954404341,4.911566708633069,-3.657038900325454,-0.2590080293720688
5419.0,216.76,2.0,-29.38466107871978,6.641022135785204,-29.38466107871978,6.641022135785204,4.921690287155643,-3.166245276531951,-0.2557564170190264
5420.0,216.8,2.0,-29.3326747213569,6.928920896512537,-29.3326747213569,6.928920896512537,4.930923374134555,-2.6882502169398674,-0.2536811580171585
5421.0,216.84,2.0,-29.27637997451535,7.197351329662399,-29.27637997451535,7.197351329662399,4.939811532913459,-2.217664836172022,-0.25238710557935745
5422.0,216.88,1.0,-29.22073870084846,7.441626095124188,-29.22073870084846,7.441626095124188,4.946548451352191,-1.7535442200319047,-0.23284364101537952
5423.0,216.92000000000002,1.0,-29.16480489619257,7.666658471075958,-29.16480489619257,7.666658471075958,4.953002249856494,-1.2894236038917872,-0.2133001764514017
5424.0,216.96,1.0,-29.109179722282533,7.872469781033212,-29.109179722282533,7.872469781033212,4.9591729284263675,-0.8253029877516702,-0.19375671188742385
5425.0,217.0,1.0,-29.054463194002643,8.059099188860197,-29.054463194002643,8.059099188860197,4.965060487061811,-0.3611823716115532,-0.17421324732344598
5426.0,217.04,1.0,-29.00125366406549,8.226603655031802,-29.00125366406549,8.226603655031802,4.970664925762823,0.10293824452856395,-0.15466978275946813
5427.0,217.08,1.0,-28.950147309191046,8.37505787820684,-28.950147309191046,8.37505787820684,4.975986244529406,0.053152862055491135,-0.13406050464400882
5428.0,217.12,1.0,-28.89787134897437,8.524743605511166,-28.89787134897437,8.524743605511166,4.9809818108195,0.003367479582418331,-0.11345122652854947
5429.0,217.16,0.0,-28.84445518500047,8.675655263737786,-28.84445518500047,8.675655263737786,4.985651624633105,-0.04641790289065447,-0.0928419484130901
5430.0,217.20000000000002,1.0,-28.789927946601203,8.82778918700147,-28.789927946601203,8.82778918700147,4.989995685970221,-0.09620328536372727,-0.07223267029763078
5431.0,217.24,0.0,-28.734318418858038,8.981143601620095,-28.734318418858038,8.981143601620095,4.994013994830848,-0.14598866783680006,-0.05162339218217142
5432.0,217.28,0.0,-28.677654971180214,9.135718608626856,-28.677654971180214,9.135718608626856,4.997706551214985,-0.19577405030987288,-0.03101411406671209
5433.0,217.32,0.0,-28.618535391543134,9.295607085345939,-28.618535391543134,9.295607085345939,5.003850575631167,-0.25757783242971566,-0.018295833361093913
5434.0,217.36,0.0,-28.807438489685087,9.931986769173538,-28.807438489685087,9.931986769173538,5.029419337035454,-0.304231866752111,-0.00027329816111137245
5435.0,217.4,0.0,-28.736401137933008,10.105203436608404,-28.736401137933008,10.105203436608404,5.035496066367012,-0.17717875779973408,0.008697023625155023
5436.0,217.44,0.0,-28.7833932221698,10.523169701381756,-28.7833932221698,10.523169701381756,5.051374050381023,-0.04817539452251964,0.018975730000406935
5437.0,217.48000000000002,0.0,-28.70617127505245,10.704531041454914,-28.70617127505245,10.704531041454914,5.057921099922864,-0.06359325643089195,0.027861416879750123
5438.0,217.52,0.0,-28.689669149161993,11.006213167734488,-28.689669149161993,11.006213167734488,5.069526007436496,-0.07571923788648434,0.03782232817740917
5439.0,217.56,0.0,-28.61064816480151,11.191400498921968,-28.61064816480151,11.191400498921968,5.076470245500126,-0.07558897055915526,0.0484154968690719
5440.0,217.6,0.0,-28.530392485461213,11.379319618594737,-28.530392485461213,11.379319618594737,5.083793907832218,-0.0626601390304069,0.06018501891190915
5441.0,217.64000000000001,0.0,-28.4509182488627,11.56786330796276,-28.4509182488627,11.56786330796276,5.090951431089118,-0.042321628677420196,0.07273574751881318
5442.0,217.68,0.0,-28.367899355926433,11.761699470155929,-28.367899355926433,11.761699470155929,5.099749127410988,-0.015518353696705001,0.06703706399954046
5443.0,217.72,0.0,-28.282917351737836,11.955914076414555,-28.282917351737836,11.955914076414555,5.108318876392087,0.011284921284010197,0.061338380480267726
5444.0,217.76,1.0,-28.196005861283624,12.150503721699625,-28.196005861283624,12.150503721699625,5.1166606780324155,0.03808819626472539,0.05563969696099502
5445.0,217.8,0.0,-28.10719837137696,12.34546579734839,-28.10719837137696,12.34546579734839,5.124774532331973,0.06489147124544059,0.04994101344172229
5446.0,217.84,2.0,-28.01652821630098,12.54079848751365,-28.01652821630098,12.54079848751365,5.132660439290759,0.09169474622615578,0.044242329922449565
5447.0,217.88,2.0,-27.924028563519165,12.736500765364337,-27.924028563519165,12.736500765364337,5.140318398908774,0.11849802120687099,0.03854364640317684
5448.0,217.92000000000002,2.0,-27.829732399456354,12.932572389048612,-27.829732399456354,12.932572389048612,5.147748411186019,0.1453012961875862,0.032844962883904115
5449.0,217.96,2.0,-27.733672515354236,13.129013897420577,-27.733672515354236,13.129013897420577,5.154950476122492,0.17210457116830138,0.027146279364631393
5450.0,218.0,2.0,-27.635881493205154,13.325826605531972,-27.635881493205154,13.325826605531972,5.1619245937181955,0.19890784614901658,0.021447595845358672
5451.0,218.04,2.0,-27.53639169176797,13.523012599890114,-27.53639169176797,13.523012599890114,5.168670763973127,0.22571112112973174,0.015748912326085947
5452.0,218.08,2.0,-27.43523523266985,13.720574733483508,-27.43523523266985,13.720574733483508,5.175188986887288,0.25251439611044696,0.010050228806813223
5453.0,218.12,2.0,-27.332443986597564,13.918516620576572,-27.332443986597564,13.918516620576572,5.1814792624606785,0.2793176710911622,0.004351545287540499
5454.0,218.16,2.0,-27.228049559582182,14.116842631274954,-27.228049559582182,14.116842631274954,5.187541590693297,0.30612094607187734,-0.0013471382317322242
5455.0,218.20000000000002,2.0,-27.130552739861535,14.305467098054056,-27.130552739861535,14.305467098054056,5.1943271522970775,0.15838310812404222,-0.001468347431791773
5456.0,218.24,2.0,-27.034243599598973,14.488055148996299,-27.034243599598973,14.488055148996299,5.201107865532856,0.010645270176206978,-0.0015895566318513132
5457.0,218.28,2.0,-26.93669857446332,14.669986078603316,-26.93669857446332,14.669986078603316,5.2078885787686335,0.010645270176206978,-0.0015895566318513132
5458.0,218.32,2.0,-26.837922148198107,14.851251520917964,-26.837922148198107,14.851251520917964,5.214669292004411,0.010645270176206978,-0.0015895566318513132
5459.0,218.36,2.0,-26.73791886118188,15.031843140578303,-26.73791886118188,15.031843140578303,5.2214500052401895,0.010645270176206978,-0.0015895566318513132
5460.0,218.4,2.0,-26.63669331021946,15.21175263320103,-26.63669331021946,15.21175263320103,5.2282307184759675,0.010645270176206978,-0.0015895566318513132
5461.0,218.44,2.0,-26.534250148330546,15.390971725763475,-26.534250148330546,15.390971725763475,5.2350114317117455,0.010645270176206978,-0.0015895566318513132
5462.0,218.48000000000002,2.0,-26.430594084535755,15.56949217698418,-26.430594084535755,15.56949217698418,5.2417921449475235,0.010645270176206978,-0.0015895566318513132
5463.0,218.52,2.0,-26.3257298836401,15.747305777701987,-26.3257298836401,15.747305777701987,5.2485728581833015,0.010645270176206978,-0.0015895566318513132
5464.0,218.56,2.0,-26.219662366013882,15.92440435125367,-26.219662366013882,15.92440435125367,5.2553535714190796,0.010645270176206978,-0.0015895566318513132
5465.0,218.6,2.0,-26.112396407371012,16.100779753850077,-26.112396407371012,16.100779753850077,5.2621342846548576,0.010645270176206978,-0.0015895566318513132
5466.0,218.64000000000001,2.0,-26.003936938544825,16.27642387495073,-26.003936938544825,16.27642387495073,5.2689149978906356,0.010645270176206978,-0.0015895566318513132
5467.0,218.68,2.0,-25.894288945261348,16.45132863763693,-25.894288945261348,16.45132863763693,5.275695711126414,0.010645270176206978,-0.0015895566318513132
5468.0,218.72,2.0,-25.783457467910004,16.625485998983294,-25.783457467910004,16.625485998983294,5.282476424362192,0.010645270176206978,-0.0015895566318513132
5469.0,218.76,2.0,-25.671447601311847,16.798887950427748,-25.671447601311847,16.798887950427748,5.28925713759797,0.010645270176206978,-0.0015895566318513132
5470.0,218.8,2.0,-25.55826449448528,16.971526518139903,-25.55826449448528,16.971526518139903,5.296037850833747,0.010645270176206978,-0.0015895566318513132
5471.0,218.84,2.0,-25.443913350409254,17.143393763387884,-25.443913350409254,17.143393763387884,5.302818564069526,0.010645270176206978,-0.0015895566318513132
5472.0,218.88,2.0,-25.32839942578402,17.314481782903513,-25.32839942578402,17.314481782903513,5.309599277305304,0.010645270176206978,-0.0015895566318513132
5473.0,218.92000000000002,2.0,-25.21172803078941,17.48478270924584,-25.21172803078941,17.48478270924584,5.316379990541082,0.010645270176206978,-0.0015895566318513132
5474.0,218.96,2.0,-25.093904528840604,17.654288711163098,-25.093904528840604,17.654288711163098,5.32316070377686,0.010645270176206978,-0.0015895566318513132
5475.0,219.0,2.0,-24.97493433634152,17.822991993952904,-24.97493433634152,17.822991993952904,5.329941417012638,0.010645270176206978,-0.0015895566318513132
5476.0,219.04,2.0,-24.85482292243571,17.990884799820847,-24.85482292243571,17.990884799820847,5.336722130248416,0.010645270176206978,-0.0015895566318513132
5477.0,219.08,2.0,-24.733575808754868,18.157959408237357,-24.733575808754868,18.157959408237357,5.343502843484194,0.010645270176206978,-0.0015895566318513132
5478.0,219.12,2.0,-24.611198569164888,18.32420813629285,-24.611198569164888,18.32420813629285,5.350283556719972,0.010645270176206978,-0.0015895566318513132
5479.0,219.16,2.0,-24.487696829509552,18.48962333905114,-24.487696829509552,18.48962333905114,5.35706426995575,0.010645270176206978,-0.0015895566318513132
5480.0,219.20000000000002,2.0,-24.363076267351808,18.65419740990113,-24.363076267351808,18.65419740990113,5.363844983191528,0.010645270176206978,-0.0015895566318513132
5481.0,219.24,2.0,-24.237342611712663,18.817922780906724,-24.237342611712663,18.817922780906724,5.370625696427306,0.010645270176206978,-0.0015895566318513132
5482.0,219.28,2.0,-24.11050164280773,18.98079192315495,-24.11050164280773,18.98079192315495,5.377406409663084,0.010645270176206978,-0.0015895566318513132
5483.0,219.32,2.0,-23.982559191781405,19.14279734710231,-23.982559191781405,19.14279734710231,5.384187122898862,0.010645270176206978,-0.0015895566318513132
5484.0,219.36,2.0,-23.853521140438694,19.3039316029193,-23.853521140438694,19.3039316029193,5.39096783613464,0.010645270176206978,-0.0015895566318513132
5485.0,219.4,2.0,-23.723393420974713,19.464187280833112,-23.723393420974713,19.464187280833112,5.397748549370418,0.010645270176206978,-0.0015895566318513132
5486.0,219.44,2.0,-23.592182015701912,19.623557011468503,-23.592182015701912,19.623557011468503,5.404529262606195,0.010645270176206978,-0.0015895566318513132
5487.0,219.48000000000002,2.0,-23.4598929567749,19.782033466186775,-23.4598929567749,19.782033466186775,5.411309975841974,0.010645270176206978,-0.0015895566318513132
5488.0,219.52,2.0,-23.326532325913085,19.93960935742293,-23.326532325913085,19.93960935742293,5.4180906890777525,0.010645270176206978,-0.0015895566318513132
5489.0,219.56,2.0,-23.192106254120937,20.096277439020888,-23.192106254120937,20.096277439020888,5.42487140231353,0.010645270176206978,-0.0015895566318513132
5490.0,219.6,2.0,-23.056620921406058,20.252030506566815,-23.056620921406058,20.252030506566815,5.431652115549307,0.010645270176206978,-0.0015895566318513132
5491.0,219.64000000000001,2.0,-22.920082556494954,20.406861397720558,-22.920082556494954,20.406861397720558,5.438432828785086,0.010645270176206978,-0.0015895566318513132
5492.0,219.68,2.0,-22.782497436546585,20.5607629925451,-22.782497436546585,20.5607629925451,5.445213542020864,0.010645270176206978,-0.0015895566318513132
5493.0,219.72,2.0,-22.643871886863668,20.713728213834106,-22.643871886863668,20.713728213834106,5.451994255256642,0.010645270176206978,-0.0015895566318513132
5494.0,219.76,2.0,-22.504212280601788,20.865750027437464,-22.504212280601788,20.865750027437464,5.45877496849242,0.010645270176206978,-0.0015895566318513132
5495.0,219.8,2.0,-22.363525038476293,21.0168214425849,-22.363525038476293,21.0168214425849,5.465555681728198,0.010645270176206978,-0.0015895566318513132
5496.0,219.84,2.0,-22.22181662846701,21.166935512207512,-22.22181662846701,21.166935512207512,5.472336394963976,0.010645270176206978,-0.0015895566318513132
5497.0,219.88,2.0,-22.079093565520758,21.31608533325741,-22.079093565520758,21.31608533325741,5.479117108199754,0.010645270176206978,-0.0015895566318513132
5498.0,219.92000000000002,2.0,-21.935362411251752,21.46426404702519,-21.935362411251752,21.46426404702519,5.485897821435532,0.010645270176206978,-0.0015895566318513132
5499.0,219.96,2.0,-21.790629773639814,21.61146483945553,-21.790629773639814,21.61146483945553,5.49267853467131,0.010645270176206978,-0.0015895566318513132
5500.0,220.0,2.0,-21.64490230672647,21.75768094146057,-21.64490230672647,21.75768094146057,5.499459247907088,0.010645270176206978,-0.0015895566318513132
5501.0,220.04,2.0,-21.498186710308918,21.902905629231363,-21.498186710308918,21.902905629231363,5.506239961142866,0.010645270176206978,-0.0015895566318513132
5502.0,220.08,2.0,-21.35048972963191,22.047132224547134,-21.35048972963191,22.047132224547134,5.513020674378643,0.010645270176206978,-0.0015895566318513132
5503.0,220.12,2.0,-21.201818155077525,22.19035409508251,-21.201818155077525,22.19035409508251,5.519801387614422,0.010645270176206978,-0.0015895566318513132
5504.0,220.16,2.0,-21.05217882185287,22.332564654712627,-21.05217882185287,22.332564654712627,5.5265821008502,0.010645270176206978,-0.0015895566318513132
5505.0,220.20000000000002,2.0,-20.901578609675727,22.47375736381608,-20.901578609675727,22.47375736381608,5.533362814085978,0.010645270176206978,-0.0015895566318513132
5506.0,220.24,2.0,-20.750024442458113,22.613925729575765,-20.750024442458113,22.613925729575765,5.540143527321756,0.010645270176206978,-0.0015895566318513132
5507.0,220.28,2.0,-20.59752328798789,22.75306330627758,-20.59752328798789,22.75306330627758,5.546924240557534,0.010645270176206978,-0.0015895566318513132
5508.0,220.32,2.0,-20.444082157608257,22.8911636956069,-20.444082157608257,22.8911636956069,5.553704953793312,0.010645270176206978,-0.0015895566318513132
5509.0,220.36,2.0,-20.289708105895322,23.02822054694294,-20.289708105895322,23.02822054694294,5.56048566702909,0.010645270176206978,-0.0015895566318513132
5510.0,220.4,2.0,-20.134408230333616,23.164227557650886,-20.134408230333616,23.164227557650886,5.567266380264868,0.010645270176206978,-0.0015895566318513132
5511.0,220.44,2.0,-19.978189670989693,23.29917847337182,-19.978189670989693,23.29917847337182,5.574047093500646,0.010645270176206978,-0.0015895566318513132
5512.0,220.48000000000002,2.0,-19.821059610183717,23.43306708831045,-19.821059610183717,23.43306708831045,5.580827806736424,0.010645270176206978,-0.0015895566318513132
5513.0,220.52,2.0,-19.663025272159157,23.565887245520564,-19.663025272159157,23.565887245520564,5.587608519972202,0.010645270176206978,-0.0015895566318513132
5514.0,220.56,2.0,-19.504093922750506,23.697632837188277,-19.504093922750506,23.697632837188277,5.59438923320798,0.010645270176206978,-0.0015895566318513132
5515.0,220.6,2.0,-19.344272869049117,23.828297804912985,-19.344272869049117,23.828297804912985,5.601169946443758,0.010645270176206978,-0.0015895566318513132
5516.0,220.64000000000001,2.0,-19.183569459067133,23.957876139986087,-19.183569459067133,23.957876139986087,5.607950659679536,0.010645270176206978,-0.0015895566318513132
5517.0,220.68,2.0,-19.02199108139952,24.086361883667372,-19.02199108139952,24.086361883667372,5.614731372915314,0.010645270176206978,-0.0015895566318513132
5518.0,220.72,2.0,-18.85954516488426,24.213749127459156,-18.85954516488426,24.213749127459156,5.621512086151091,0.010645270176206978,-0.0015895566318513132
5519.0,220.76,2.0,-18.696239178260676,24.340032013378043,-18.696239178260676,24.340032013378043,5.62829279938687,0.010645270176206978,-0.0015895566318513132
5520.0,220.8,2.0,-18.53208062982591,24.46520473422446,-18.53208062982591,24.46520473422446,5.6350735126226486,0.010645270176206978,-0.0015895566318513132
5521.0,220.84,2.0,-18.3670770670896,24.58926153384974,-18.3670770670896,24.58926153384974,5.641854225858426,0.010645270176206978,-0.0015895566318513132
5522.0,220.88,2.0,-18.20123607642676,24.71219670742096,-18.20123607642676,24.71219670742096,5.648634939094203,0.010645270176206978,-0.0015895566318513132
5523.0,220.92000000000002,2.0,-18.034565282728828,24.834004601683354,-18.034565282728828,24.834004601683354,5.655415652329982,0.010645270176206978,-0.0015895566318513132
5524.0,220.96,2.0,-17.86707234905301,24.95467961522037,-17.86707234905301,24.95467961522037,5.66219636556576,0.010645270176206978,-0.0015895566318513132
5525.0,221.0,2.0,-17.6987649762698,25.07421619871136,-17.6987649762698,25.07421619871136,5.668977078801538,0.010645270176206978,-0.0015895566318513132
5526.0,221.04,2.0,-17.5296509027088,25.19260885518684,-17.5296509027088,25.19260885518684,5.675757792037316,0.010645270176206978,-0.0015895566318513132
5527.0,221.08,2.0,-17.35973790380281,25.30985214028137,-17.35973790380281,25.30985214028137,5.682538505273094,0.010645270176206978,-0.0015895566318513132
5528.0,221.12,2.0,-17.18903379173021,25.425940662484027,-17.18903379173021,25.425940662484027,5.689319218508872,0.010645270176206978,-0.0015895566318513132
5529.0,221.16,2.0,-17.01754641505564,25.540869083386372,-17.01754641505564,25.540869083386372,5.69609993174465,0.010645270176206978,-0.0015895566318513132
5530.0,221.20000000000002,2.0,-16.84528365836902,25.654632117928077,-16.84528365836902,25.654632117928077,5.702880644980428,0.010645270176206978,-0.0015895566318513132
5531.0,221.24,2.0,-16.6722534419229,25.76722453464003,-16.6722534419229,25.76722453464003,5.709661358216206,0.010645270176206978,-0.0015895566318513132
5532.0,221.28,2.0,-16.498463721268205,25.87864115588497,-16.498463721268205,25.87864115588497,5.716442071451984,0.010645270176206978,-0.0015895566318513132
5533.0,221.32,2.0,-16.323922486888286,25.988876858095715,-16.323922486888286,25.988876858095715,5.723222784687762,0.010645270176206978,-0.0015895566318513132
5534.0,221.36,2.0,-16.148637763831424,26.097926572010806,-16.148637763831424,26.097926572010806,5.730003497923539,0.010645270176206978,-0.0015895566318513132
5535.0,221.4,2.0,-15.972617611341747,26.205785282907737,-15.972617611341747,26.205785282907737,5.736784211159318,0.010645270176206978,-0.0015895566318513132
5536.0,221.44,2.0,-15.795870122488509,26.31244803083363,-15.795870122488509,26.31244803083363,5.743564924395096,0.010645270176206978,-0.0015895566318513132
5537.0,221.48000000000002,2.0,-15.618403423793893,26.41790991083339,-15.618403423793893,26.41790991083339,5.750345637630874,0.010645270176206978,-0.0015895566318513132
5538.0,221.52,2.0,-15.440225674859215,26.522166073175356,-15.440225674859215,26.522166073175356,5.757126350866652,0.010645270176206978,-0.0015895566318513132
5539.0,221.56,2.0,-15.261345067989627,26.62521172357441,-15.261345067989627,26.62521172357441,5.76390706410243,0.010645270176206978,-0.0015895566318513132
5540.0,221.6,2.0,-15.08176982781734,26.727042123412485,-15.08176982781734,26.727042123412485,5.770687777338208,0.010645270176206978,-0.0015895566318513132
5541.0,221.64000000000001,2.0,-14.90150821092331,26.827652589956593,-14.90150821092331,26.827652589956593,5.777468490573986,0.010645270176206978,-0.0015895566318513132
5542.0,221.68,2.0,-14.72056850545749,26.927038496574188,-14.72056850545749,26.927038496574188,5.784249203809764,0.010645270176206978,-0.0015895566318513132
5543.0,221.72,2.0,-14.538959030757628,27.025195272946057,-14.538959030757628,27.025195272946057,5.791029917045542,0.010645270176206978,-0.0015895566318513132
5544.0,221.76,2.0,-14.356688136966605,27.12211840527653,-14.356688136966605,27.12211840527653,5.79781063028132,0.010645270176206978,-0.0015895566318513132
5545.0,221.8,2.0,-14.17376420464839,27.217803436501118,-14.17376420464839,27.217803436501118,5.804591343517098,0.010645270176206978,-0.0015895566318513132
5546.0,221.84,2.0,-13.990195644402556,27.31224596649156,-13.990195644402556,27.31224596649156,5.811372056752876,0.010645270176206978,-0.0015895566318513132
5547.0,221.88,2.0,-13.805990896477464,27.40544165225823,-13.805990896477464,27.40544165225823,5.818152769988654,0.010645270176206978,-0.0015895566318513132
5548.0,221.92000000000002,2.0,-13.62115843038203,27.49738620814992,-13.62115843038203,27.49738620814992,5.824933483224432,0.010645270176206978,-0.0015895566318513132
5549.0,221.96,2.0,-13.435706744496184,27.588075406051,-13.435706744496184,27.588075406051,5.83171419646021,0.010645270176206978,-0.0015895566318513132
5550.0,222.0,2.0,-13.24964436567998,27.6775050755759,-13.24964436567998,27.6775050755759,5.838494909695987,0.010645270176206978,-0.0015895566318513132
5551.0,222.04,2.0,-13.062979848881406,27.765671104260974,-13.062979848881406,27.765671104260974,5.845275622931766,0.010645270176206978,-0.0015895566318513132
5552.0,222.08,2.0,-12.875721776742902,27.85256943775365,-12.875721776742902,27.85256943775365,5.852056336167545,0.010645270176206978,-0.0015895566318513132
5553.0,222.12,2.0,-12.687878759206589,27.938196079998978,-12.687878759206589,27.938196079998978,5.858837049403322,0.010645270176206978,-0.0015895566318513132
5554.0,222.16,2.0,-12.499459433118266,28.02254709342342,-12.499459433118266,28.02254709342342,5.865617762639099,0.010645270176206978,-0.0015895566318513132
5555.0,222.20000000000002,2.0,-12.310472461830148,28.105618599115985,-12.310472461830148,28.105618599115985,5.872398475874878,0.010645270176206978,-0.0015895566318513132
5556.0,222.24,2.0,-12.120926534802397,28.18740677700672,-12.120926534802397,28.18740677700672,5.879179189110656,0.010645270176206978,-0.0015895566318513132
5557.0,222.28,2.0,-11.930830367203443,28.267907866042343,-11.930830367203443,28.267907866042343,5.885959902346434,0.010645270176206978,-0.0015895566318513132
5558.0,222.32,2.0,-11.740192699509132,28.347118164359348,-11.740192699509132,28.347118164359348,5.892740615582212,0.010645270176206978,-0.0015895566318513132
5559.0,222.36,2.0,-11.5490222971007,28.425034029454242,-11.5490222971007,28.425034029454242,5.89952132881799,0.010645270176206978,-0.0015895566318513132
5560.0,222.4,2.0,-11.35732794986161,28.50165187835112,-11.35732794986161,28.50165187835112,5.906302042053768,0.010645270176206978,-0.0015895566318513132
5561.0,222.44,2.0,-11.165118471773244,28.576968187766493,-11.165118471773244,28.576968187766493,5.913082755289546,0.010645270176206978,-0.0015895566318513132
5562.0,222.48000000000002,2.0,-10.972402700509528,28.650979494271365,-10.972402700509528,28.650979494271365,5.919863468525324,0.010645270176206978,-0.0015895566318513132
5563.0,222.52,2.0,-10.779189497030401,28.72368239445053,-10.779189497030401,28.72368239445053,5.926644181761102,0.010645270176206978,-0.0015895566318513132
5564.0,222.56,2.0,-10.58548774517428,28.79507354505917,-10.58548774517428,28.79507354505917,5.93342489499688,0.010645270176206978,-0.0015895566318513132
5565.0,222.6,2.0,-10.39130635124943,28.865149663176624,-10.39130635124943,28.865149663176624,5.940205608232658,0.010645270176206978,-0.0015895566318513132
5566.0,222.64000000000001,2.0,-10.196654243624305,28.93390752635741,-10.196654243624305,28.93390752635741,5.946986321468435,0.010645270176206978,-0.0015895566318513132
5567.0,222.68,2.0,-10.001540372316903,29.001343972779466,-10.001540372316903,29.001343972779466,5.953767034704214,0.010645270176206978,-0.0015895566318513132
5568.0,222.72,2.0,-9.805973708583078,29.0674559013896,-9.805973708583078,29.0674559013896,5.960547747939992,0.010645270176206978,-0.0015895566318513132
5569.0,222.76,2.0,-9.609963244503918,29.13224027204611,-9.609963244503918,29.13224027204611,5.96732846117577,0.010645270176206978,-0.0015895566318513132
5570.0,222.8,2.0,-9.413517992572144,29.19569410565871,-9.413517992572144,29.19569410565871,5.974109174411548,0.010645270176206978,-0.0015895566318513132
5571.0,222.84,2.0,-9.216646985277567,29.25781448432546,-9.216646985277567,29.25781448432546,5.980889887647326,0.010645270176206978,-0.0015895566318513132
5572.0,222.88,2.0,-9.019359274691638,29.318598551467108,-9.019359274691638,29.318598551467108,5.987670600883104,0.010645270176206978,-0.0015895566318513132
5573.0,222.92000000000002,2.0,-8.82166393205108,29.378043511958403,-8.82166393205108,29.378043511958403,5.994451314118882,0.010645270176206978,-0.0015895566318513132
5574.0,222.96,2.0,-8.623570047340664,29.436146632256715,-8.623570047340664,29.436146632256715,6.00123202735466,0.010645270176206978,-0.0015895566318513132
5575.0,223.0,2.0,-8.42508672887509,29.492905240527783,-8.42508672887509,29.492905240527783,6.008012740590438,0.010645270176206978,-0.0015895566318513132
5576.0,223.04,2.0,-8.226223102880052,29.548316726768597,-8.226223102880052,29.548316726768597,6.014793453826216,0.010645270176206978,-0.0015895566318513132
5577.0,223.08,2.0,-8.026988313072465,29.602378542927493,-8.026988313072465,29.602378542927493,6.021574167061994,0.010645270176206978,-0.0015895566318513132
5578.0,223.12,2.0,-7.8273915202398925,29.655088203021325,-7.8273915202398925,29.655088203021325,6.028354880297772,0.010645270176206978,-0.0015895566318513132
5579.0,223.16,2.0,-7.6274419018191795,29.706443283249847,-7.6274419018191795,29.706443283249847,6.03513559353355,0.010645270176206978,-0.0015895566318513132
5580.0,223.20000000000002,2.0,-7.42714865147434,29.75644142210721,-7.42714865147434,29.75644142210721,6.041916306769328,0.010645270176206978,-0.0015895566318513132
5581.0,223.24,2.0,-7.226520978673672,29.805080320490568,-7.226520978673672,29.805080320490568,6.048697020005106,0.010645270176206978,-0.0015895566318513132
5582.0,223.28,2.0,-7.025568108266159,29.852357741805854,-7.025568108266159,29.852357741805854,6.055477733240883,0.010645270176206978,-0.0015895566318513132
5583.0,223.32,2.0,-6.824299280057174,29.898271512070675,-6.824299280057174,29.898271512070675,6.062258446476662,0.010645270176206978,-0.0015895566318513132
5584.0,223.36,2.0,-6.622723748383473,29.94281952001429,-6.622723748383473,29.94281952001429,6.069039159712441,0.010645270176206978,-0.0015895566318513132
5585.0,223.4,2.0,-6.420850781687532,29.985999717174735,-6.420850781687532,29.985999717174735,6.075819872948218,0.010645270176206978,-0.0015895566318513132
5586.0,223.44,2.0,-6.218689662091241,30.02781011799305,-6.218689662091241,30.02781011799305,6.082600586183995,0.010645270176206978,-0.0015895566318513132
5587.0,223.48000000000002,2.0,-6.0162496849689555,30.06824879990463,-6.0162496849689555,30.06824879990463,6.089381299419774,0.010645270176206978,-0.0015895566318513132
5588.0,223.52,2.0,-5.813540158519947,30.107313903427638,-5.813540158519947,30.107313903427638,6.096162012655552,0.010645270176206978,-0.0015895566318513132
5589.0,223.56,2.0,-5.6105704033402635,30.145003632248557,-5.6105704033402635,30.145003632248557,6.10294272589133,0.010645270176206978,-0.0015895566318513132
5590.0,223.6,2.0,-5.407349751994008,30.181316253304793,-5.407349751994008,30.181316253304793,6.109723439127108,0.010645270176206978,-0.0015895566318513132
5591.0,223.64000000000001,2.0,-5.20388754858409,30.21625009686444,-5.20388754858409,30.21625009686444,6.116504152362886,0.010645270176206978,-0.0015895566318513132
5592.0,223.68,2.0,-5.0001931483224205,30.24980355660302,-5.0001931483224205,30.24980355660302,6.123284865598664,0.010645270176206978,-0.0015895566318513132
5593.0,223.72,2.0,-4.796275917099608,30.281975089677434,-4.796275917099608,30.281975089677434,6.130065578834442,0.010645270176206978,-0.0015895566318513132
5594.0,223.76,2.0,-4.59214523105417,30.31276321679689,-4.59214523105417,30.31276321679689,6.13684629207022,0.010645270176206978,-0.0015895566318513132
5595.0,223.8,2.0,-4.387810476141255,30.342166522290956,-4.387810476141255,30.342166522290956,6.143627005305998,0.010645270176206978,-0.0015895566318513132
5596.0,223.84,2.0,-4.183281047700936,30.37018365417469,-4.183281047700936,30.37018365417469,6.150407718541776,0.010645270176206978,-0.0015895566318513132
5597.0,223.88,2.0,-3.9785663500260426,30.396813324210807,-3.9785663500260426,30.396813324210807,6.157188431777554,0.010645270176206978,-0.0015895566318513132
5598.0,223.92000000000002,2.0,-3.7736757959296177,30.42205430796895,-3.7736757959296177,30.42205430796895,6.163969145013331,0.010645270176206978,-0.0015895566318513132
5599.0,223.96,2.0,-3.568618806311946,30.445905444881987,-3.568618806311946,30.445905444881987,6.17074985824911,0.010645270176206978,-0.0015895566318513132
5600.0,224.0,2.0,-3.363404809727237,30.468365638299428,-3.363404809727237,30.468365638299428,6.177530571484888,0.010645270176206978,-0.0015895566318513132
5601.0,224.04,2.0,-3.1580432419499442,30.48943385553783,-3.1580432419499442,30.48943385553783,6.184311284720666,0.010645270176206978,-0.0015895566318513132
5602.0,224.08,2.0,-2.95254354554075,30.509109127928305,-2.95254354554075,30.509109127928305,6.191091997956444,0.010645270176206978,-0.0015895566318513132
5603.0,224.12,2.0,-2.746915169412246,30.5273905508611,-2.746915169412246,30.5273905508611,6.197872711192222,0.010645270176206978,-0.0015895566318513132
5604.0,224.16,2.0,-2.5411675683943193,30.544277283827153,-2.5411675683943193,30.544277283827153,6.204653424428,0.010645270176206978,-0.0015895566318513132
5605.0,224.20000000000002,2.0,-2.3353102027992607,30.559768550456788,-2.3353102027992607,30.559768550456788,6.211434137663778,0.010645270176206978,-0.0015895566318513132
5606.0,224.24,2.0,-2.129352537986626,30.573863638555423,-2.129352537986626,30.573863638555423,6.061135218220066,0.010645270176206978,-0.0015895566318513132
5607.0,224.28,2.0,-1.9233040439278652,30.586561900136285,-1.9233040439278652,30.586561900136285,5.753756666096865,0.010645270176206978,-0.0015895566318513132
5608.0,224.32,2.0,-1.7171741947707386,30.597862751450265,-1.7171741947707386,30.597862751450265,5.446378113973664,0.010645270176206978,-0.0015895566318513132
5609.0,224.36,2.0,-1.5109724684035382,30.607765673012704,-1.5109724684035382,30.607765673012704,5.138999561850462,0.010645270176206978,-0.0015895566318513132
5610.0,224.4,2.0,-1.3047083460191415,30.616270209627334,-1.3047083460191415,30.616270209627334,4.831621009727261,0.010645270176206978,-0.0015895566318513132
5611.0,224.44,2.0,-1.0983913116789106,30.623375970407174,-1.0983913116789106,30.623375970407174,4.52424245760406,0.010645270176206978,-0.0015895566318513132
5612.0,224.48000000000002,2.0,-0.8920308518764598,30.62908262879253,-0.8920308518764598,30.62908262879253,4.216863905480858,0.010645270176206978,-0.0015895566318513132
5613.0,224.52,2.0,-0.6856364551013119,30.63338992256597,-0.6856364551013119,30.63338992256597,3.9094853533576575,0.010645270176206978,-0.0015895566318513132
5614.0,224.56,2.0,-0.4792176114024619,30.636297653864414,-0.4792176114024619,30.636297653864414,3.6021068012344557,0.010645270176206978,-0.0015895566318513132
5615.0,224.6,2.0,-0.27278381195187007,30.63780568918822,-0.27278381195187007,30.63780568918822,3.2947282491112544,0.010645270176206978,-0.0015895566318513132
5616.0,224.64000000000001,2.0,-0.0663445486079025,30.637913959407275,-0.0663445486079025,30.637913959407275,2.987349696988053,0.010645270176206978,-0.0015895566318513132
5617.0,224.68,2.0,0.14009068652125944,30.636622459764236,0.14009068652125944,30.636622459764236,2.6799711448648518,0.010645270176206978,-0.0015895566318513132
5618.0,224.72,2.0,0.34651240151422114,30.633931249874678,0.34651240151422114,30.633931249874678,2.3725925927416505,0.010645270176206978,-0.0015895566318513132
5619.0,224.76,2.0,0.552911105072968,30.629840453724363,0.552911105072968,30.629840453724363,2.065214040618449,0.010645270176206978,-0.0015895566318513132
5620.0,224.8,2.0,0.7605291029024551,30.624208827852023,0.7605291029024551,30.624208827852023,1.7579175332078225,-0.01205225706637909,0.00015464267991460723
5621.0,224.84,2.0,0.9677508556074453,30.617246065373593,0.9677508556074453,30.617246065373593,1.4504707961996486,-0.034562519840697734,0.0018592648042232937
5622.0,224.88,2.0,1.1750516372079052,30.608561360437534,1.1750516372079052,30.608561360437534,1.1428513772993565,-0.057003715318054926,0.003549139608907763
5623.0,224.92000000000002,2.0,1.3836991239013785,30.599844659651286,1.3836991239013785,30.599844659651286,0.8353099415896355,-0.07576963123013188,0.004585106713217319
5624.0,224.96,2.0,1.5930269665054229,30.5896876625505,1.5930269665054229,30.5896876625505,0.5277270671957417,-0.09453554714220883,0.005621073817526874
5625.0,225.0,2.0,1.8030265351084709,30.578095460697476,1.8030265351084709,30.578095460697476,0.22010275411767571,-0.11330146305428576,0.00665704092183643
5626.0,225.04,2.0,2.013689285209602,30.565073197883766,2.013689285209602,30.565073197883766,0.06951663503492697,-0.13206737896636273,0.007693008026145985
5627.0,225.08,2.0,2.2250067580375896,30.550626069283375,2.2250067580375896,30.550626069283375,0.07596870994749551,-0.15083329487843966,0.00872897513045554
5628.0,225.12,2.0,2.436970580862794,30.5347593206039,2.436970580862794,30.5347593206039,0.08237934617589167,-0.1695992107905166,0.009764942234765097
5629.0,225.16,2.0,2.644463951655334,30.518257584701423,2.644463951655334,30.518257584701423,0.08729229476101066,-0.18687191279953222,0.016784344517492965
5630.0,225.20000000000002,2.0,2.85205362852811,30.501361396951108,2.85205362852811,30.501361396951108,0.09186859700966485,-0.2041452304118465,0.023800215140132846
5631.0,225.24,2.0,3.054528346722239,30.48426288565874,3.054528346722239,30.48426288565874,0.09536650595828453,-0.20941909580768403,0.02967557426820012
5632.0,225.28,2.0,3.2572795302899444,30.466409020469804,3.2572795302899444,30.466409020469804,0.09910789614899704,-0.21469296120352155,0.0355509333962674
5633.0,225.32,2.0,3.460295677012642,30.447747310999297,3.460295677012642,30.447747310999297,0.10309276758180244,-0.21996682659935907,0.04142629252433469
5634.0,225.36,2.0,3.663564116925798,30.42822545521522,3.663564116925798,30.42822545521522,0.10732112025670064,-0.22524069199519658,0.047301651652401966
5635.0,225.4,2.0,3.867071015498476,30.407791360482275,3.867071015498476,30.407791360482275,0.11179295417369176,-0.2305145573910341,0.05317701078046925
5636.0,225.44,2.0,4.0708013771684985,30.38639316455133,4.0708013771684985,30.38639316455133,0.1165082693327757,-0.23578842278687162,0.05905236990853653
5637.0,225.48000000000002,2.0,4.285276474709052,30.361891078382094,4.285276474709052,30.361891078382094,0.12157606614112929,0.027496159229265026,0.06765273921602336
5638.0,225.52,1.0,4.510428795085159,30.333994352163053,4.510428795085159,30.333994352163053,0.1269963445987525,0.29078074124540165,0.07625310852351017
5639.0,225.56,1.0,4.746184382259387,30.30241369858739,4.746184382259387,30.30241369858739,0.13276910470564537,0.5540653232615383,0.084853477830997
5640.0,225.6,0.0,4.99121107285323,30.267002860336163,4.99121107285323,30.267002860336163,0.1388123017492335,0.8400474325202613,0.0917096478267179
5641.0,225.64000000000001,0.0,5.247028173104715,30.22726644103547,5.247028173104715,30.22726644103547,0.145358210039638,1.1258422773107164,0.09860539500989603
5642.0,225.68,0.0,5.513057838006279,30.18331147503998,5.513057838006279,30.18331147503998,0.15242928187143062,1.4115680548042104,0.10551588951269837
5643.0,225.72,0.0,5.787923522978581,30.133166309444825,5.787923522978581,30.133166309444825,0.15977485216192194,1.6936185527324237,0.11308029171587564
5644.0,225.76,0.0,6.072176454630093,30.07795973619708,6.072176454630093,30.07795973619708,0.1675143427858553,1.9756690506606376,0.1206446939190529
5645.0,225.8,0.0,6.365703932055849,30.017409484663098,6.365703932055849,30.017409484663098,0.1756477537432307,2.257719548588851,0.1282090961222302
5646.0,225.84,2.0,6.668387009375431,29.951235692120257,6.668387009375431,29.951235692120257,0.1841750850340481,2.5397700465170647,0.13577349832540747
5647.0,225.88,2.0,6.980100546799209,29.879161034270375,6.980100546799209,29.879161034270375,0.19309633665830753,2.821820544445278,0.14333790052858472
5648.0,225.92000000000002,2.0,7.300713264387542,29.800910854671578,7.300713264387542,29.800910854671578,0.20241150861600898,3.103871042373492,0.15090230273176197
5649.0,225.96,2.0,7.635196314126548,29.715433955567683,7.635196314126548,29.715433955567683,0.21357684986625722,3.384428326398644,0.15248326975652093
5650.0,226.0,2.0,7.978831349857877,29.622226208767948,7.978831349857877,29.622226208767948,0.2254313191022399,3.664986226027095,0.15406776844136788
5651.0,226.04,2.0,8.336672172279702,29.520834990237926,8.336672172279702,29.520834990237926,0.23871666328752675,3.9335446734390693,0.15679277862078742
5652.0,226.08,2.0,8.703164081837626,29.411556055390765,8.703164081837626,29.411556055390765,0.2521110078799904,4.202103120851044,0.15951778880020698
5653.0,226.12,2.0,9.078149560940368,29.29418796280263,9.078149560940368,29.29418796280263,0.2656143528796308,4.470661568263018,0.1622427989796265
5654.0,226.16,2.0,9.461466585100107,29.168532546766567,9.461466585100107,29.168532546766567,0.2792266982864481,4.739220015674992,0.16496780915904605
5655.0,226.20000000000002,2.0,9.852948691920078,29.034395015726158,9.852948691920078,29.034395015726158,0.29294804410044206,5.007778463086966,0.1676928193384656
5656.0,226.24,2.0,10.25242505219774,28.891584049251954,10.25242505219774,28.891584049251954,0.3067783903216128,5.27633691049894,0.17041782951788514
5657.0,226.28,2.0,10.649183117636097,28.74200007162243,10.649183117636097,28.74200007162243,0.32060873654278355,5.27633691049894,0.17041782951788514
5658.0,226.32,2.0,11.043093754471908,28.585698400595323,11.043093754471908,28.585698400595323,0.33443908276395434,5.27633691049894,0.17041782951788514
5659.0,226.36,2.0,11.434028982527682,28.422736937260925,11.434028982527682,28.422736937260925,0.34826942898512514,5.27633691049894,0.17041782951788514
5660.0,226.4,2.0,11.82186202780323,28.253176141789016,11.82186202780323,28.253176141789016,0.3620997752062959,5.27633691049894,0.17041782951788514
5661.0,226.44,2.0,12.206467374556075,28.077079008098714,12.206467374556075,28.077079008098714,0.3759301214274667,5.27633691049894,0.17041782951788514
5662.0,226.48000000000002,2.0,12.58772081684868,27.894511037461836,12.58772081684868,27.894511037461836,0.3897604676486374,5.27633691049894,0.17041782951788514
5663.0,226.52,2.0,12.965499509540539,27.70554021105126,12.965499509540539,27.70554021105126,0.4035908138698082,5.27633691049894,0.17041782951788514
5664.0,226.56,2.0,13.339682018703552,27.510236961445763,13.339682018703552,27.510236961445763,0.4174211600909789,5.27633691049894,0.17041782951788514
5665.0,226.6,2.0,13.710148371439255,27.308674143103605,13.710148371439255,27.308674143103605,0.4312515063121497,5.27633691049894,0.17041782951788514
5666.0,226.64000000000001,2.0,14.076780105076779,27.10092700181725,14.076780105076779,27.10092700181725,0.44508185253332055,5.27633691049894,0.17041782951788514
5667.0,226.68,2.0,14.439460315730642,26.88707314316244,14.439460315730642,26.88707314316244,0.4589121987544913,5.27633691049894,0.17041782951788514
5668.0,226.72,2.0,14.798073706197812,26.667192499954854,14.798073706197812,26.667192499954854,0.47274254497566204,5.27633691049894,0.17041782951788514
5669.0,226.76,2.0,15.152506633173667,26.441367298728274,15.152506633173667,26.441367298728274,0.48657289119683284,5.27633691049894,0.17041782951788514
5670.0,226.8,2.0,15.502647153766839,26.209682025248565,15.502647153766839,26.209682025248565,0.5004032374180036,5.27633691049894,0.17041782951788514
5671.0,226.84,2.0,15.848385071293245,25.97222338907805,15.848385071293245,25.97222338907805,0.5142335836391744,5.27633691049894,0.17041782951788514
5672.0,226.88,2.0,16.189611980329808,25.729080287205413,16.189611980329808,25.729080287205413,0.5280639298603451,5.27633691049894,0.17041782951788514
5673.0,226.92000000000002,2.0,16.526221311008822,25.480343766756636,16.526221311008822,25.480343766756636,0.5418942760815159,5.27633691049894,0.17041782951788514
5674.0,226.96,2.0,16.85810837253414,25.226106986802726,16.85810837253414,25.226106986802726,0.5557246223026866,5.27633691049894,0.17041782951788514
5675.0,227.0,2.0,17.185170395900716,24.96646517928061,17.185170395900716,24.96646517928061,0.5695549685238575,5.27633691049894,0.17041782951788514
5676.0,227.04,2.0,17.507306575799426,24.70151560904373,17.507306575799426,24.70151560904373,0.5833853147450282,5.27633691049894,0.17041782951788514
5677.0,227.08,2.0,17.824418111689376,24.43135753305942,17.824418111689376,24.43135753305942,0.597215660966199,5.27633691049894,0.17041782951788514
5678.0,227.12,2.0,18.136408248020256,24.156092158770306,18.136408248020256,24.156092158770306,0.6110460071873698,5.27633691049894,0.17041782951788514
5679.0,227.16,2.0,18.44318231358774,23.87582260163759,18.44318231358774,23.87582260163759,0.6248763534085405,5.27633691049894,0.17041782951788514
5680.0,227.20000000000002,2.0,18.744647760005208,23.590653841884187,18.744647760005208,23.590653841884187,0.6387066996297113,5.27633691049894,0.17041782951788514
5681.0,227.24,2.0,19.040714199275488,23.300692680456116,19.040714199275488,23.300692680456116,0.6525370458508821,5.27633691049894,0.17041782951788514
5682.0,227.28,2.0,19.331293440446707,23.006047694220975,19.331293440446707,23.006047694220975,0.6663673920720529,5.27633691049894,0.17041782951788514
5683.0,227.32,2.0,19.61629952533675,22.70682919042243,19.61629952533675,22.70682919042243,0.6801977382932236,5.27633691049894,0.17041782951788514
5684.0,227.36,2.0,19.895648763311048,22.403149160410226,19.895648763311048,22.403149160410226,0.6940280845143945,5.27633691049894,0.17041782951788514
5685.0,227.4,2.0,20.16925976509921,22.095121232665328,20.16925976509921,22.095121232665328,0.7078584307355652,5.27633691049894,0.17041782951788514
5686.0,227.44,2.0,20.4370534756359,21.782860625140174,20.4370534756359,21.782860625140174,0.721688776956736,5.27633691049894,0.17041782951788514
5687.0,227.48000000000002,2.0,20.698953205912243,21.466484096934376,20.698953205912243,21.466484096934376,0.7355191231779067,5.27633691049894,0.17041782951788514
5688.0,227.52,2.0,20.95488466382423,21.146109899326397,20.95488466382423,21.146109899326397,0.7493494693990774,5.27633691049894,0.17041782951788514
5689.0,227.56,2.0,21.20477598400499,20.82185772618201,21.20477598400499,20.82185772618201,0.7631798156202482,5.27633691049894,0.17041782951788514
5690.0,227.6,2.0,21.448557756628382,20.493848663760723,21.448557756628382,20.493848663760723,0.777010161841419,5.27633691049894,0.17041782951788514
5691.0,227.64000000000001,2.0,21.68616305517171,20.1622051399414,21.68616305517171,20.1622051399414,0.7908405080625898,5.27633691049894,0.17041782951788514
5692.0,227.68,2.0,21.917527463125765,19.82705087288881,21.917527463125765,19.82705087288881,0.8046708542837606,5.27633691049894,0.17041782951788514
5693.0,227.72,2.0,22.14258909964095,19.48851081918288,22.14258909964095,19.48851081918288,0.8185012005049312,5.27633691049894,0.17041782951788514
5694.0,227.76,2.0,22.361288644098632,19.14671112143269,22.361288644098632,19.14671112143269,0.8323315467261022,5.27633691049894,0.17041782951788514
5695.0,227.8,2.0,22.573569359597293,18.801779055397585,22.573569359597293,18.801779055397585,0.846161892947273,5.27633691049894,0.17041782951788514
5696.0,227.84,2.0,22.77937711534365,18.453842976637826,22.77937711534365,18.453842976637826,0.8599922391684437,5.27633691049894,0.17041782951788514
5697.0,227.88,2.0,22.978660407939163,18.103032266717502,22.978660407939163,18.103032266717502,0.8738225853896144,5.27633691049894,0.17041782951788514
5698.0,227.92000000000002,2.0,23.17137038155308,17.749477278982614,23.17137038155308,17.749477278982614,0.8876529316107851,5.27633691049894,0.17041782951788514
5699.0,227.96,2.0,23.357460846973378,17.39330928393735,23.357460846973378,17.39330928393735,0.9014832778319558,5.27633691049894,0.17041782951788514
5700.0,228.0,2.0,23.536888299527682,17.034660414241845,23.536888299527682,17.034660414241845,0.9153136240531266,5.27633691049894,0.17041782951788514
5701.0,228.04,2.0,23.709611935866487,16.673663609354797,23.709611935866487,16.673663609354797,0.9291439702742974,5.27633691049894,0.17041782951788514
5702.0,228.08,2.0,23.875593669601766,16.31045255984446,23.875593669601766,16.31045255984446,0.9429743164954681,5.27633691049894,0.17041782951788514
5703.0,228.12,2.0,24.03479814579423,15.94516165139178,24.03479814579423,15.94516165139178,0.9568046627166389,5.27633691049894,0.17041782951788514
5704.0,228.16,2.0,24.187192754283263,15.577925908509409,24.187192754283263,15.577925908509409,0.9706350089378096,5.27633691049894,0.17041782951788514
5705.0,228.20000000000002,2.0,24.33274764185386,15.208880938000627,24.33274764185386,15.208880938000627,0.9844653551589804,5.27633691049894,0.17041782951788514
5706.0,228.24,2.0,24.471435723235537,14.838162872182153,24.471435723235537,14.838162872182153,0.9982957013801512,5.27633691049894,0.17041782951788514
5707.0,228.28,2.0,24.603232690928557,14.465908311895017,24.603232690928557,14.465908311895017,1.0121260476013219,5.27633691049894,0.17041782951788514
5708.0,228.32,2.0,24.72811702385336,14.092254269327771,24.72811702385336,14.092254269327771,1.0259563938224927,5.27633691049894,0.17041782951788514
5709.0,228.36,2.0,24.84606999481965,13.717338110676318,24.84606999481965,13.717338110676318,1.0397867400436633,5.27633691049894,0.17041782951788514
5710.0,228.4,2.0,24.95707567681201,13.341297498664755,24.95707567681201,13.341297498664755,1.0536170862648342,5.27633691049894,0.17041782951788514
5711.0,228.44,2.0,25.061120948089386,12.964270334951703,25.061120948089386,12.964270334951703,1.0674474324860048,5.27633691049894,0.17041782951788514
5712.0,228.48000000000002,2.0,25.158195496096493,12.58639470244663,25.158195496096493,12.58639470244663,1.0812777787071757,5.27633691049894,0.17041782951788514
5713.0,228.52,2.0,25.248291820185415,12.20780880756061,25.248291820185415,12.20780880756061,1.0951081249283463,5.27633691049894,0.17041782951788514
5714.0,228.56,2.0,25.33140523314639,11.82865092241624,25.33140523314639,11.82865092241624,1.1089384711495172,5.27633691049894,0.17041782951788514
5715.0,228.6,2.0,25.40753386154723,11.449059327041146,25.40753386154723,11.449059327041146,1.1227688173706878,5.27633691049894,0.17041782951788514
5716.0,228.64000000000001,2.0,25.476678644881222,11.069172251569737,25.476678644881222,11.069172251569737,1.1365991635918584,5.27633691049894,0.17041782951788514
5717.0,228.68,2.0,25.538843333524095,10.689127818477802,25.538843333524095,10.689127818477802,1.1504295098130293,5.27633691049894,0.17041782951788514
5718.0,228.72,2.0,25.594034485500856,10.309063984874452,25.594034485500856,10.309063984874452,1.1642598560342001,5.27633691049894,0.17041782951788514
5719.0,228.76,2.0,25.642261462064035,9.92911848487603,25.642261462064035,9.92911848487603,1.1780902022553708,5.27633691049894,0.17041782951788514
5720.0,228.8,2.0,25.683536422085336,9.549428772086419,25.683536422085336,9.549428772086419,1.1919205484765416,5.27633691049894,0.17041782951788514
5721.0,228.84,2.0,25.717874315263067,9.170131962208274,25.717874315263067,9.170131962208274,1.2057508946977122,5.27633691049894,0.17041782951788514
5722.0,228.88,2.0,25.745292874148397,8.791364775809537,25.745292874148397,8.791364775809537,1.219581240918883,5.27633691049894,0.17041782951788514
5723.0,228.92000000000002,2.0,25.765812604993904,8.413263481269613,25.765812604993904,8.413263481269613,1.2334115871400537,5.27633691049894,0.17041782951788514
5724.0,228.96,2.0,25.77945677742836,8.035963837929401,25.77945677742836,8.035963837929401,1.2472419333612246,5.27633691049894,0.17041782951788514
5725.0,229.0,2.0,25.786251412962315,7.659601039469452,25.786251412962315,7.659601039469452,1.2610722795823952,5.27633691049894,0.17041782951788514
5726.0,229.04,2.0,25.786225272329325,7.284309657540236,25.786225272329325,7.284309657540236,1.274902625803566,5.27633691049894,0.17041782951788514
5727.0,229.08,2.0,25.779409841668418,6.91022358566854,25.779409841668418,6.91022358566854,1.2887329720247367,5.27633691049894,0.17041782951788514
5728.0,229.12,2.0,25.765839317553734,6.537475983463831,25.765839317553734,6.537475983463831,1.3025633182459075,5.27633691049894,0.17041782951788514
5729.0,229.16,2.0,25.745550590877762,6.1661992211483065,25.745550590877762,6.1661992211483065,1.3163936644670784,5.27633691049894,0.17041782951788514
5730.0,229.20000000000002,2.0,25.71858322959513,5.7965248244342025,25.71858322959513,5.7965248244342025,1.330224010688249,5.27633691049894,0.17041782951788514
5731.0,229.24,2.0,25.684979460334386,5.4285834197718135,25.684979460334386,5.4285834197718135,1.3440543569094199,5.27633691049894,0.17041782951788514
5732.0,229.28,2.0,25.64478414888576,5.062504679991493,25.64478414888576,5.062504679991493,1.3578847031305907,5.27633691049894,0.17041782951788514
5733.0,229.32,2.0,25.598044779573122,4.6984172703627305,25.598044779573122,4.6984172703627305,1.3717150493517614,5.27633691049894,0.17041782951788514
5734.0,229.36,2.0,25.544811433519182,4.33644879509324,25.544811433519182,4.33644879509324,1.3855453955729322,5.27633691049894,0.17041782951788514
5735.0,229.4,2.0,25.485136765813177,3.9767257442908126,25.485136765813177,3.9767257442908126,1.399375741794103,5.27633691049894,0.17041782951788514
5736.0,229.44,2.0,25.419075981590858,3.619373441410456,25.419075981590858,3.619373441410456,1.413206088015274,5.27633691049894,0.17041782951788514
5737.0,229.48000000000002,2.0,25.346686811037074,3.2645159912091657,25.346686811037074,3.2645159912091657,1.4270364342364448,5.27633691049894,0.17041782951788514
5738.0,229.52,2.0,25.268029483321662,2.9122762282304495,25.268029483321662,2.9122762282304495,1.4408667804576154,5.27633691049894,0.17041782951788514
5739.0,229.56,2.0,25.183166699479848,2.5627756658404937,25.183166699479848,2.5627756658404937,1.4546971266787863,5.27633691049894,0.17041782951788514
5740.0,229.6,2.0,25.09216360424873,2.2161344458376204,25.09216360424873,2.2161344458376204,1.468527472899957,5.27633691049894,0.17041782951788514
5741.0,229.64000000000001,2.0,24.995087756871996,1.8724712886564618,24.995087756871996,1.8724712886564618,1.482357819121128,5.27633691049894,0.17041782951788514
5742.0,229.68,2.0,24.89200910088537,1.5319034441879993,24.89200910088537,1.5319034441879993,1.4961881653422988,5.27633691049894,0.17041782951788514
5743.0,229.72,2.0,24.782999932895677,1.1945466432363603,24.782999932895677,1.1945466432363603,1.5100185115634697,5.27633691049894,0.17041782951788514
5744.0,229.76,2.0,24.668134870366995,0.8605150496330035,24.668134870366995,0.8605150496330035,1.5238488577846403,5.27633691049894,0.17041782951788514
5745.0,229.8,2.0,24.54749081842764,0.5299212130286273,24.54749081842764,0.5299212130286273,1.5376792040058116,5.27633691049894,0.17041782951788514
5746.0,229.84,2.0,24.421146935712194,0.2028760223828554,24.421146935712194,0.2028760223828554,1.551509550226982,5.27633691049894,0.17041782951788514
5747.0,229.88,2.0,24.289184599253268,-0.1205113398285425,24.289184599253268,-0.1205113398285425,1.5653398964481533,5.27633691049894,0.17041782951788514
5748.0,229.92000000000002,2.0,24.151687368437955,-0.4401334426694522,24.151687368437955,-0.4401334426694522,1.579170242669324,5.27633691049894,0.17041782951788514
5749.0,229.96,2.0,24.008740948044434,-0.7558846510431004,24.008740948044434,-0.7558846510431004,1.5930005888904948,5.27633691049894,0.17041782951788514
5750.0,230.0,2.0,23.860433150374593,-1.0676611692168165,23.860433150374593,-1.0676611692168165,1.6068309351116656,5.27633691049894,0.17041782951788514
5751.0,230.04,2.0,23.706853856498796,-1.3753610835533894,23.706853856498796,-1.3753610835533894,1.6206612813328363,5.27633691049894,0.17041782951788514
5752.0,230.08,2.0,23.54809497662946,-1.6788844044308777,23.54809497662946,-1.6788844044308777,1.6344916275540071,5.27633691049894,0.17041782951788514
5753.0,230.12,2.0,23.38425040964033,-1.9781331073330808,23.38425040964033,-1.9781331073330808,1.6483219737751782,5.27633691049894,0.17041782951788514
5754.0,230.16,2.0,23.215416001748828,-2.273011173093226,23.215416001748828,-2.273011173093226,1.662152319996349,5.27633691049894,0.17041782951788514
5755.0,230.20000000000002,2.0,23.04168950437912,-2.563424627273796,23.04168950437912,-2.563424627273796,1.6759826662175201,5.27633691049894,0.17041782951788514
5756.0,230.24,2.0,22.863170531223926,-2.8492815786657872,22.863170531223926,-2.8492815786657872,1.6898130124386905,5.27633691049894,0.17041782951788514
5757.0,230.28,2.0,22.679960514523472,-3.130492256891055,22.679960514523472,-3.130492256891055,1.7036433586598616,5.27633691049894,0.17041782951788514
5758.0,230.32,2.0,22.492162660580238,-3.406969049091805,22.492162660580238,-3.406969049091805,1.7174737048810325,5.27633691049894,0.17041782951788514
5759.0,230.36,2.0,22.299881904528554,-3.678626535691663,22.299881904528554,-3.678626535691663,1.7313040511022035,5.27633691049894,0.17041782951788514
5760.0,230.4,2.0,22.103224864378397,-3.9453815252131568,22.103224864378397,-3.9453815252131568,1.745134397323374,5.27633691049894,0.17041782951788514
5761.0,230.44,2.0,21.90229979435299,-4.20715308813684,21.90229979435299,-4.20715308813684,1.758964743544545,5.27633691049894,0.17041782951788514
5762.0,230.48000000000002,2.0,21.697216537540225,-4.463862589787724,21.697216537540225,-4.463862589787724,1.7727950897657159,5.27633691049894,0.17041782951788514
5763.0,230.52,2.0,21.488086477878092,-4.715433722235046,21.488086477878092,-4.715433722235046,1.786625435986887,5.27633691049894,0.17041782951788514
5764.0,230.56,2.0,21.27502249149467,-4.961792535191891,21.27502249149467,-4.961792535191891,1.8004557822080574,5.27633691049894,0.17041782951788514
5765.0,230.6,2.0,21.05813889742347,-5.202867465901539,21.05813889742347,-5.202867465901539,1.8142861284292284,5.27633691049894,0.17041782951788514
5766.0,230.64000000000001,2.0,20.83755140771522,-5.4385893679979125,20.83755140771522,-5.4385893679979125,1.8281164746503993,5.27633691049894,0.17041782951788514
5767.0,230.68,2.0,20.613377076967375,-5.668891539327875,20.613377076967375,-5.668891539327875,1.8419468208715704,5.27633691049894,0.17041782951788514
5768.0,230.72,2.0,20.38573425129295,-5.893709748723615,20.38573425129295,-5.893709748723615,1.8557771670927408,5.27633691049894,0.17041782951788514
5769.0,230.76,2.0,20.154742516750506,-6.112982261713789,20.154742516750506,-6.112982261713789,1.8696075133139118,5.27633691049894,0.17041782951788514
5770.0,230.8,2.0,19.920522647257265,-6.326649865162525,19.920522647257265,-6.326649865162525,1.8834378595350827,5.27633691049894,0.17041782951788514
5771.0,230.84,2.0,19.68319655200768,-6.534655890825896,19.68319655200768,-6.534655890825896,1.8972682057562538,5.27633691049894,0.17041782951788514
5772.0,230.88,2.0,19.44288722241988,-6.7369462378158715,19.44288722241988,-6.7369462378158715,1.9110985519774246,5.27633691049894,0.17041782951788514
5773.0,230.92000000000002,2.0,19.19971867863269,-6.933469393962284,19.19971867863269,-6.933469393962284,1.9249288981985953,5.27633691049894,0.17041782951788514
5774.0,230.96,2.0,18.95381591557607,-7.1241764560637675,18.95381591557607,-7.1241764560637675,1.938759244419766,5.27633691049894,0.17041782951788514
5775.0,231.0,2.0,18.70530484863801,-7.309021149019122,18.70530484863801,-7.309021149019122,1.9525895906409367,5.27633691049894,0.17041782951788514
5776.0,231.04,2.0,18.454312258951145,-7.487959843831055,18.454312258951145,-7.487959843831055,1.966419936862108,5.27633691049894,0.17041782951788514
5777.0,231.08,2.0,18.200965738322353,-7.660951574474668,18.200965738322353,-7.660951574474668,1.9802502830832787,5.27633691049894,0.17041782951788514
5778.0,231.12,2.0,17.945393633828992,-7.8279580536236235,17.945393633828992,-7.8279580536236235,1.9940806293044495,5.27633691049894,0.17041782951788514
5779.0,231.16,2.0,17.68772499210536,-7.988943687227355,17.68772499210536,-7.988943687227355,2.00791097552562,5.27633691049894,0.17041782951788514
5780.0,231.20000000000002,2.0,17.4280895033432,-8.143875587933183,17.4280895033432,-8.143875587933183,2.0217413217467914,5.27633691049894,0.17041782951788514
5781.0,231.24,2.0,17.166617445030184,-8.292723587347734,17.166617445030184,-8.292723587347734,2.035571667967962,5.27633691049894,0.17041782951788514
5782.0,231.28,2.0,16.903439625450368,-8.435460247132468,16.903439625450368,-8.435460247132468,2.049402014189133,5.27633691049894,0.17041782951788514
5783.0,231.32,2.0,16.638687326970814,-8.572060868928746,16.638687326970814,-8.572060868928746,2.0632323604103036,5.27633691049894,0.17041782951788514
5784.0,231.36,2.0,16.37249224913854,-8.702503503108206,16.37249224913854,-8.702503503108206,2.0770627066314744,5.27633691049894,0.17041782951788514
5785.0,231.4,2.0,16.104986451612127,-8.826768956344887,16.104986451612127,-8.826768956344887,2.0908930528526457,5.27633691049894,0.17041782951788514
5786.0,231.44,2.0,15.836302296952377,-8.94484079800591,15.836302296952377,-8.94484079800591,2.1047233990738166,5.27633691049894,0.17041782951788514
5787.0,231.48000000000002,2.0,15.566572393296397,-9.05670536535808,15.566572393296397,-9.05670536535808,2.1185537452949874,5.27633691049894,0.17041782951788514
5788.0,231.52,2.0,15.295929536939667,-9.16235176758833,15.295929536939667,-9.16235176758833,2.132384091516158,5.27633691049894,0.17041782951788514
5789.0,231.56,2.0,15.024506654850537,-9.2617718886363,15.024506654850537,-9.2617718886363,2.1462144377373287,5.27633691049894,0.17041782951788514
5790.0,231.6,2.0,14.752436747141761,-9.35496038883801,14.752436747141761,-9.35496038883801,2.1600447839584995,5.27633691049894,0.17041782951788514
5791.0,231.64000000000001,2.0,14.479852829523589,-9.441914705379961,14.479852829523589,-9.441914705379961,2.173875130179671,5.27633691049894,0.17041782951788514
5792.0,231.68,2.0,14.206887875763034,-9.522635051563594,14.206887875763034,-9.522635051563594,2.1877054764008412,5.27633691049894,0.17041782951788514
5793.0,231.72,2.0,13.933674760173838,-9.597124414880492,13.933674760173838,-9.597124414880492,2.201535822622012,5.27633691049894,0.17041782951788514
5794.0,231.76,2.0,13.660346200161726,-9.665388553899245,13.660346200161726,-9.665388553899245,2.2153661688431834,5.27633691049894,0.17041782951788514
5795.0,231.8,2.0,13.387034698849476,-9.727435993965384,13.387034698849476,-9.727435993965384,2.2291965150643542,5.27633691049894,0.17041782951788514
5796.0,231.84,2.0,13.11387248780627,-9.783278021716331,13.11387248780627,-9.783278021716331,2.2430268612855246,5.27633691049894,0.17041782951788514
5797.0,231.88,2.0,12.840991469905854,-9.83292867841376,12.840991469905854,-9.83292867841376,2.256857207506696,5.27633691049894,0.17041782951788514
5798.0,231.92000000000002,2.0,12.568523162337797,-9.876404752096336,12.568523162337797,-9.876404752096336,2.270687553727867,5.27633691049894,0.17041782951788514
5799.0,231.96,2.0,12.296598639796281,-9.91372576855625,12.296598639796281,-9.91372576855625,2.2845178999490376,5.27633691049894,0.17041782951788514
5800.0,232.0,2.0,12.025348477870612,-9.944913981143495,12.025348477870612,-9.944913981143495,2.298348246170208,5.27633691049894,0.17041782951788514
5801.0,232.04,2.0,11.75490269666164,-9.96999435940231,11.75490269666164,-9.96999435940231,2.312178592391379,5.27633691049894,0.17041782951788514
5802.0,232.08,2.0,11.485390704648179,-9.988994576544753,11.485390704648179,-9.988994576544753,2.32600893861255,5.27633691049894,0.17041782951788514
5803.0,232.12,2.0,11.21694124282735,-10.001944995766808,11.21694124282735,-10.001944995766808,2.339839284833721,5.27633691049894,0.17041782951788514
5804.0,232.16,2.0,10.949682329152722,-10.008878655412968,10.949682329152722,-10.008878655412968,2.353669631054892,5.27633691049894,0.17041782951788514
5805.0,232.20000000000002,2.0,10.683741203293968,-10.009831252995706,10.683741203293968,-10.009831252995706,2.3674999772760623,5.27633691049894,0.17041782951788514
5806.0,232.24,2.0,10.419244271741611,-10.004841128076748,10.419244271741611,-10.004841128076748,2.3813303234972336,5.27633691049894,0.17041782951788514
5807.0,232.28,2.0,10.156317053280286,-9.993949244017529,10.156317053280286,-9.993949244017529,2.395160669718404,5.27633691049894,0.17041782951788514
5808.0,232.32,2.0,9.895084124853808,-9.977199168606692,9.895084124853808,-9.977199168606692,2.4089910159395753,5.27633691049894,0.17041782951788514
5809.0,232.36,2.0,9.63566906784515,-9.954637053573029,9.63566906784515,-9.954637053573029,2.4228213621607457,5.27633691049894,0.17041782951788514
5810.0,232.4,2.0,9.378194414794255,-9.926311612992635,9.378194414794255,-9.926311612992635,2.436651708381917,5.27633691049894,0.17041782951788514
5811.0,232.44,2.0,9.12278159657642,-9.892274100599613,9.12278159657642,-9.892274100599613,2.4504820546030874,5.27633691049894,0.17041782951788514
5812.0,232.48000000000002,2.0,8.869550890063836,-9.852578286010083,8.869550890063836,-9.852578286010083,2.4643124008242587,5.27633691049894,0.17041782951788514
5813.0,232.52,2.0,8.618621366292556,-9.807280429869719,8.618621366292556,-9.807280429869719,2.478142747045429,5.27633691049894,0.17041782951788514
5814.0,232.56,2.0,8.37011083915708,-9.756439257935519,8.37011083915708,-9.756439257935519,2.4919730932666004,5.27633691049894,0.17041782951788514
5815.0,232.6,2.0,8.124135814654418,-9.700115934102936,8.124135814654418,-9.700115934102936,2.505803439487771,5.27633691049894,0.17041782951788514
5816.0,232.64000000000001,2.0,7.880811440699295,-9.638374032389985,7.880811440699295,-9.638374032389985,2.5196337857089417,5.27633691049894,0.17041782951788514
5817.0,232.68,2.0,7.640251457531953,-9.571279507890317,7.640251457531953,-9.571279507890317,2.5334641319301126,5.27633691049894,0.17041782951788514
5818.0,232.72,2.0,7.402568148739645,-9.498900666707815,7.402568148739645,-9.498900666707815,2.547294478151284,5.27633691049894,0.17041782951788514
5819.0,232.76,2.0,7.167872292912802,-9.421308134885546,7.167872292912802,-9.421308134885546,2.5611248243724547,5.27633691049894,0.17041782951788514
5820.0,232.8,2.0,6.936273115956446,-9.338574826342466,6.936273115956446,-9.338574826342466,2.574955170593625,5.27633691049894,0.17041782951788514
5821.0,232.84,2.0,6.707878244077248,-9.250775909831596,6.707878244077248,-9.250775909831596,2.588785516814796,5.27633691049894,0.17041782951788514
5822.0,232.88,2.0,6.482793657466241,-9.15798877493391,6.482793657466241,-9.15798877493391,2.602615863035967,5.27633691049894,0.17041782951788514
5823.0,232.92000000000002,2.0,6.261123644696997,-9.060292997102469,6.261123644696997,-9.060292997102469,2.616446209257138,5.27633691049894,0.17041782951788514
5824.0,232.96,2.0,6.042970757858727,-8.957770301771813,6.042970757858727,-8.957770301771813,2.6302765554783085,5.27633691049894,0.17041782951788514
5825.0,233.0,2.0,5.8284357684434145,-8.850504527548065,5.8284357684434145,-8.850504527548065,2.6441069016994794,5.27633691049894,0.17041782951788514
5826.0,233.04,2.0,5.61761762400584,-8.738581588495432,5.61761762400584,-8.738581588495432,2.6579372479206507,5.27633691049894,0.17041782951788514
5827.0,233.08,2.0,5.410613405614989,-8.622089435535367,5.410613405614989,-8.622089435535367,2.6717675941418215,5.27633691049894,0.17041782951788514
5828.0,233.12,2.0,5.20751828611497,-8.50111801697491,5.20751828611497,-8.50111801697491,2.685597940362992,5.27633691049894,0.17041782951788514
5829.0,233.16,2.0,5.008425489213297,-8.37575923818111,5.008425489213297,-8.37575923818111,2.6994282865841632,5.27633691049894,0.17041782951788514
5830.0,233.20000000000002,2.0,4.813426249413951,-8.246106920418868,4.813426249413951,-8.246106920418868,2.713258632805334,5.27633691049894,0.17041782951788514
5831.0,233.24,2.0,4.622609772812343,-8.112256758869783,4.622609772812343,-8.112256758869783,2.727088979026505,5.27633691049894,0.17041782951788514
5832.0,233.28,2.0,4.436063198768905,-7.97430627985006,4.436063198768905,-7.97430627985006,2.7409193252476753,5.27633691049894,0.17041782951788514
5833.0,233.32,2.0,4.253871562477642,-7.8323547972457535,4.253871562477642,-7.8323547972457535,2.754749671468846,5.27633691049894,0.17041782951788514
5834.0,233.36,2.0,4.07611775844564,-7.686503368184061,4.07611775844564,-7.686503368184061,2.7685800176900175,5.27633691049894,0.17041782951788514
5835.0,233.4,2.0,3.9028825048990967,-7.53685474795964,3.9028825048990967,-7.53685474795964,2.7824103639111883,5.27633691049894,0.17041782951788514
5836.0,233.44,2.0,3.734244309131063,-7.383513344235264,3.734244309131063,-7.383513344235264,2.796240710132359,5.27633691049894,0.17041782951788514
5837.0,233.48000000000002,2.0,3.5702794338056862,-7.22658517053644,3.5702794338056862,-7.22658517053644,2.8100710563535296,5.27633691049894,0.17041782951788514
5838.0,233.52,2.0,3.411061864233318,-7.066177799059915,3.411061864233318,-7.066177799059915,2.823901402574701,5.27633691049894,0.17041782951788514
5839.0,233.56,2.0,3.2566632766304577,-6.9024003128162805,3.2566632766304577,-6.9024003128162805,2.8377317487958713,5.27633691049894,0.17041782951788514
5840.0,233.6,2.0,3.1071530073780713,-6.735363257127169,3.1071530073780713,-6.735363257127169,2.8515620950170426,5.27633691049894,0.17041782951788514
5841.0,233.64000000000001,2.0,2.9625980232913904,-6.565178590497844,2.9625980232913904,-6.565178590497844,2.865392441238213,5.27633691049894,0.17041782951788514
5842.0,233.68,2.0,2.8230628929138843,-6.3919596348861845,2.8230628929138843,-6.3919596348861845,2.8792227874593843,5.27633691049894,0.17041782951788514
5843.0,233.72,2.0,2.6886097588476447,-6.215821025389393,2.6886097588476447,-6.215821025389393,2.8930531336805547,5.27633691049894,0.17041782951788514
5844.0,233.76,2.0,2.559298311131985,-6.036878659369963,2.559298311131985,-6.036878659369963,2.906883479901726,5.27633691049894,0.17041782951788514
5845.0,233.8,2.0,2.435185761681609,-5.855249645042692,2.435185761681609,-5.855249645042692,2.9207138261228964,5.27633691049894,0.17041782951788514
5846.0,233.84,2.0,2.316326819795256,-5.6710522495447515,2.316326819795256,-5.6710522495447515,2.9345441723440677,5.27633691049894,0.17041782951788514
5847.0,233.88,2.0,2.202773668745261,-5.484405846511059,2.202773668745261,-5.484405846511059,2.948374518565238,5.27633691049894,0.17041782951788514
5848.0,233.92000000000002,2.0,2.0945759434580173,-5.295430863177391,2.0945759434580173,-5.295430863177391,2.962204864786409,5.27633691049894,0.17041782951788514
5849.0,233.96,2.0,1.9917807092948607,-5.104248727033883,1.9917807092948607,-5.104248727033883,2.97603521100758,5.27633691049894,0.17041782951788514
5850.0,234.0,2.0,1.8944324419424199,-4.91098181205177,1.8944324419424199,-4.91098181205177,2.989865557228751,5.27633691049894,0.17041782951788514
5851.0,234.04,2.0,1.8025730084210132,-4.71575338450637,1.8025730084210132,-4.71575338450637,3.003695903449922,5.27633691049894,0.17041782951788514
5852.0,234.08,2.0,1.716241649219184,-4.518687548419523,1.716241649219184,-4.518687548419523,3.0175262496710924,5.27633691049894,0.17041782951788514
5853.0,234.12,2.0,1.6354749615619943,-4.319909190644827,1.6354749615619943,-4.319909190644827,3.0313565958922633,5.27633691049894,0.17041782951788514
5854.0,234.16,2.0,1.5603068838202083,-4.119543925619185,1.5603068838202083,-4.119543925619185,3.045186942113434,5.27633691049894,0.17041782951788514
5855.0,234.20000000000002,2.0,1.490768681067012,-3.9177180398043125,1.490768681067012,-3.9177180398043125,3.0590172883346054,5.27633691049894,0.17041782951788514
5856.0,234.24,2.0,1.426888931788423,-3.7145584358420023,1.426888931788423,-3.7145584358420023,3.072847634555776,5.27633691049894,0.17041782951788514
5857.0,234.28,2.0,1.3686935157530593,-3.5101925764470145,1.3686935157530593,-3.5101925764470145,3.0866779807769467,5.27633691049894,0.17041782951788514
5858.0,234.32,2.0,1.3162056030464253,-3.3047484280616546,1.3162056030464253,-3.3047484280616546,3.100508326998118,5.27633691049894,0.17041782951788514
5859.0,234.36,2.0,1.2694456442743973,-3.0983544042961197,1.2694456442743973,-3.0983544042961197,3.114338673219289,5.27633691049894,0.17041782951788514
5860.0,234.4,2.0,1.2284313619400733,-2.891139309178849,1.2284313619400733,-2.891139309178849,3.128169019440459,5.27633691049894,0.17041782951788514
5861.0,234.44,2.0,1.1931777429976609,-2.68323228024115,1.1931777429976609,-2.68323228024115,3.1419993656616305,5.27633691049894,0.17041782951788514
5862.0,234.48000000000002,2.0,1.163697032586573,-2.474762731460472,1.163697032586573,-2.474762731460472,3.1558297118828014,5.27633691049894,0.17041782951788514
5863.0,234.52,2.0,1.1399987289483937,-2.2658602960867458,1.1399987289483937,-2.2658602960867458,3.1696600581039722,5.27633691049894,0.17041782951788514
5864.0,234.56,2.0,1.1220895795288774,-2.05665476937626,1.1220895795288774,-2.05665476937626,3.1834904043251426,5.27633691049894,0.17041782951788514
5865.0,234.6,2.0,1.1099735782666342,-1.8472760512575834,1.1099735782666342,-1.8472760512575834,3.1973207505463135,5.27633691049894,0.17041782951788514
5866.0,234.64000000000001,2.0,1.1036519640696463,-1.6378540889540745,1.1036519640696463,-1.6378540889540745,3.211151096767485,5.27633691049894,0.17041782951788514
5867.0,234.68,2.0,1.1031232204802632,-1.4285188195875338,1.1031232204802632,-1.4285188195875338,3.2249814429886556,5.27633691049894,0.17041782951788514
5868.0,234.72,2.0,1.1083830765288012,-1.2194001127875693,1.1083830765288012,-1.2194001127875693,3.2388117892098265,5.27633691049894,0.17041782951788514
5869.0,234.76,2.0,1.1194245087753774,-1.0106277133312325,1.1194245087753774,-1.0106277133312325,3.252642135430997,5.27633691049894,0.17041782951788514
5870.0,234.8,2.0,1.136237744539097,-0.8023311838374761,1.136237744539097,-0.8023311838374761,3.2664724816521677,5.27633691049894,0.17041782951788514
5871.0,234.84,2.0,1.1588102663132043,-0.5946398475409658,1.1588102663132043,-0.5946398475409658,3.2803028278733386,5.27633691049894,0.17041782951788514
5872.0,234.88,2.0,1.1871268173643026,-0.38768273116973295,1.1871268173643026,-0.38768273116973295,3.2941331740945095,5.27633691049894,0.17041782951788514
5873.0,234.92000000000002,2.0,1.2211694085132447,-0.18158850795111797,1.2211694085132447,-0.18158850795111797,3.3079635203156803,5.27633691049894,0.17041782951788514
5874.0,234.96,2.0,1.260917326094792,0.023514559229599198,1.260917326094792,0.023514559229599198,3.3217938665368516,5.27633691049894,0.17041782951788514
5875.0,235.0,2.0,1.3063471410926257,0.2274986744935564,1.3063471410926257,0.2274986744935564,3.3356242127580225,5.27633691049894,0.17041782951788514
5876.0,235.04,2.0,1.3574327194458147,0.4302365654313989,1.3574327194458147,0.4302365654313989,3.3494545589791933,5.27633691049894,0.17041782951788514
5877.0,235.08,2.0,1.4141452335223172,0.6316015393409352,1.4141452335223172,0.6316015393409352,3.3632849052003637,5.27633691049894,0.17041782951788514
5878.0,235.12,2.0,1.4764531747546197,0.8314675392152887,1.4764531747546197,0.8314675392152887,3.377115251421535,5.27633691049894,0.17041782951788514
5879.0,235.16,2.0,1.5443223674321018,1.029709199457579,1.5443223674321018,1.029709199457579,3.3909455976427054,5.27633691049894,0.17041782951788514
5880.0,235.20000000000002,2.0,1.617715983644236,1.2262019012982885,1.617715983644236,1.2262019012982885,3.4047759438638763,5.27633691049894,0.17041782951788514
5881.0,235.24,2.0,1.6965945593682281,1.4208218278915885,1.6965945593682281,1.4208218278915885,3.418606290085047,5.27633691049894,0.17041782951788514
5882.0,235.28,2.0,1.7809160116942266,1.6134460190670457,1.7809160116942266,1.6134460190670457,3.4324366363062184,5.27633691049894,0.17041782951788514
5883.0,235.32,2.0,1.870635657180734,1.8039524257132704,1.870635657180734,1.8039524257132704,3.4462669825273893,5.27633691049894,0.17041782951788514
5884.0,235.36,2.0,1.9657062313323792,1.9922199637702267,1.9657062313323792,1.9922199637702267,3.46009732874856,5.27633691049894,0.17041782951788514
5885.0,235.4,2.0,2.066077909191721,2.1781285678070876,2.066077909191721,2.1781285678070876,3.473927674969731,5.27633691049894,0.17041782951788514
5886.0,235.44,2.0,2.171698327036288,2.361559244162711,2.171698327036288,2.361559244162711,3.487758021190902,5.27633691049894,0.17041782951788514
5887.0,235.48000000000002,2.0,2.2825126051715845,2.5423941236259746,2.2825126051715845,2.5423941236259746,3.5015883674120722,5.27633691049894,0.17041782951788514
5888.0,235.52,2.0,2.3984633718103128,2.7205165136334193,2.3984633718103128,2.7205165136334193,3.515418713633243,5.27633691049894,0.17041782951788514
5889.0,235.56,2.0,2.5194907880276225,2.8958109499618625,2.5194907880276225,2.8958109499618625,3.529249059854414,5.27633691049894,0.17041782951788514
5890.0,235.6,2.0,2.6455325737817152,3.0681632478938368,2.6455325737817152,3.0681632478938368,3.5430794060755852,5.27633691049894,0.17041782951788514
5891.0,235.64000000000001,2.0,2.776524034988688,3.237460552833961,2.776524034988688,3.237460552833961,3.556909752296755,5.27633691049894,0.17041782951788514
5892.0,235.68,2.0,2.9123980916400507,3.403591390354555,2.9123980916400507,3.403591390354555,3.570740098517927,5.27633691049894,0.17041782951788514
5893.0,235.72,2.0,3.0530853069509036,3.566445715649087,3.0530853069509036,3.566445715649087,3.584570444739098,5.27633691049894,0.17041782951788514
5894.0,235.76,2.0,3.198513917526325,3.725914962372259,3.198513917526325,3.725914962372259,3.5984007909602687,5.27633691049894,0.17041782951788514
5895.0,235.8,2.0,3.348609864533072,3.881892090845839,3.348609864533072,3.881892090845839,3.612231137181439,5.27633691049894,0.17041782951788514
5896.0,235.84,2.0,3.503296825863294,4.034271635609558,3.503296825863294,4.034271635609558,3.62606148340261,5.27633691049894,0.17041782951788514
5897.0,235.88,2.0,3.6624962492765016,4.182949752296758,3.6624962492765016,4.182949752296758,3.6398918296237808,5.27633691049894,0.17041782951788514
5898.0,235.92000000000002,2.0,3.826127386505643,4.327824263814664,3.826127386505643,4.327824263814664,3.653722175844952,5.27633691049894,0.17041782951788514
5899.0,235.96,2.0,3.994107328312725,4.468794705809535,3.994107328312725,4.468794705809535,3.667552522066123,5.27633691049894,0.17041782951788514
5900.0,236.0,2.0,4.16635104047898,4.6057623713972085,4.16635104047898,4.6057623713972085,3.681382868287293,5.27633691049894,0.17041782951788514
5901.0,236.04,2.0,4.342771400714232,4.738630355139856,4.342771400714232,4.738630355139856,3.6952132145084646,5.27633691049894,0.17041782951788514
5902.0,236.08,2.0,4.52327923646968,4.8673035962501565,4.52327923646968,4.8673035962501565,3.709043560729635,5.27633691049894,0.17041782951788514
5903.0,236.12,2.0,4.707783363637951,4.991688921004329,4.707783363637951,4.991688921004329,3.722873906950806,5.27633691049894,0.17041782951788514
5904.0,236.16,2.0,4.896190626123888,5.111695084345874,4.896190626123888,5.111695084345874,3.7367042531719767,5.27633691049894,0.17041782951788514
5905.0,236.20000000000002,2.0,5.088405936269172,5.227232810662201,5.088405936269172,5.227232810662201,3.7505345993931476,5.27633691049894,0.17041782951788514
5906.0,236.24,2.0,5.284332316113521,5.338214833716654,5.284332316113521,5.338214833716654,3.764364945614319,5.27633691049894,0.17041782951788514
5907.0,236.28,2.0,5.483870939474814,5.444555935718823,5.483870939474814,5.444555935718823,3.7781952918354897,5.27633691049894,0.17041782951788514
5908.0,236.32,2.0,5.686921174830202,5.546172985516408,5.686921174830202,5.546172985516408,3.7920256380566606,5.27633691049894,0.17041782951788514
5909.0,236.36,2.0,5.89338062897985,5.642984975892236,5.89338062897985,5.642984975892236,3.8058559842778314,5.27633691049894,0.17041782951788514
5910.0,236.4,2.0,6.103145191474702,5.734913059950471,6.103145191474702,5.734913059950471,3.819686330499002,5.27633691049894,0.17041782951788514
5911.0,236.44,2.0,6.316109079789247,5.8218805865763965,6.316109079789247,5.8218805865763965,3.8335166767201736,5.27633691049894,0.17041782951788514
5912.0,236.48000000000002,2.0,6.532164885220027,5.903813134954562,6.532164885220027,5.903813134954562,3.8473470229413436,5.27633691049894,0.17041782951788514
5913.0,236.52,2.0,6.751203619490259,5.980638548130496,6.751203619490259,5.980638548130496,3.8611773691625144,5.27633691049894,0.17041782951788514
5914.0,236.56,2.0,6.973114762040683,6.052286965601594,6.973114762040683,6.052286965601594,3.8750077153836857,5.27633691049894,0.17041782951788514
5915.0,236.6,2.0,7.197786307986401,6.118690854923181,7.197786307986401,6.118690854923181,3.8888380616048566,5.27633691049894,0.17041782951788514
5916.0,236.64000000000001,2.0,7.425104816719282,6.179785042316196,7.425104816719282,6.179785042316196,3.9026684078260274,5.27633691049894,0.17041782951788514
5917.0,236.68,2.0,7.654955461135097,6.2355067422633645,7.654955461135097,6.2355067422633645,3.916498754047198,5.27633691049894,0.17041782951788514
5918.0,236.72,2.0,7.887222077464426,6.285795586081147,7.887222077464426,6.285795586081147,3.9303291002683687,5.27633691049894,0.17041782951788514
5919.0,236.76,2.0,8.121787215686005,6.330593649455196,8.121787215686005,6.330593649455196,3.9441594464895395,5.27633691049894,0.17041782951788514
5920.0,236.8,2.0,8.358532190500998,6.369845478927494,8.358532190500998,6.369845478927494,3.9579897927107113,5.27633691049894,0.17041782951788514
5921.0,236.84,2.0,8.597337132846416,6.403498117323804,8.597337132846416,6.403498117323804,3.9718201389318812,5.27633691049894,0.17041782951788514
5922.0,236.88,2.0,8.838081041925687,6.431501128110481,8.838081041925687,6.431501128110481,3.9856504851530525,5.27633691049894,0.17041782951788514
5923.0,236.92000000000002,2.0,9.08064183773412,6.453806618670205,9.08064183773412,6.453806618670205,3.9994808313742234,5.27633691049894,0.17041782951788514
5924.0,236.96,2.0,9.324896414056882,6.470369262486595,9.324896414056882,6.470369262486595,4.013311177595393,5.27633691049894,0.17041782951788514
5925.0,237.0,2.0,9.570720691916781,6.481146320228189,9.570720691916781,6.481146320228189,4.027141523816565,5.27633691049894,0.17041782951788514
5926.0,237.04,2.0,9.817989673449087,6.486097659722691,9.817989673449087,6.486097659722691,4.040971870037735,5.27633691049894,0.17041782951788514
5927.0,237.08,2.0,10.066577496180319,6.485185774812902,10.066577496180319,6.485185774812902,4.054802216258906,5.27633691049894,0.17041782951788514
5928.0,237.12,2.0,10.316357487687863,6.478375803086192,10.316357487687863,6.478375803086192,4.068632562480078,5.27633691049894,0.17041782951788514
5929.0,237.16,2.0,10.567202220617034,6.4656355424699,10.567202220617034,6.4656355424699,4.082462908701248,5.27633691049894,0.17041782951788514
5930.0,237.20000000000002,2.0,10.818983568032097,6.446935466685463,10.818983568032097,6.446935466685463,4.096293254922419,5.27633691049894,0.17041782951788514
5931.0,237.24,2.0,11.071572759077586,6.422248739554635,11.071572759077586,6.422248739554635,3.9530439684641,5.27633691049894,0.17041782951788514
5932.0,237.28,2.0,11.324840434926164,6.391551228151593,11.324840434926164,6.391551228151593,3.8097946820057813,5.27633691049894,0.17041782951788514
5933.0,237.32,2.0,11.578656704989111,6.354821514795249,11.578656704989111,6.354821514795249,3.6665453955474625,5.27633691049894,0.17041782951788514
5934.0,237.36,2.0,11.8328912033654,6.312040907876566,11.8328912033654,6.312040907876566,3.5232961090891437,5.27633691049894,0.17041782951788514
5935.0,237.4,2.0,12.087413145505305,6.263193451516182,12.087413145505305,6.263193451516182,3.3800468226308253,5.27633691049894,0.17041782951788514
5936.0,237.44,2.0,12.342091385064277,6.2082659340481445,12.342091385064277,6.2082659340481445,3.2367975361725065,5.27633691049894,0.17041782951788514
5937.0,237.48000000000002,2.0,12.596794470922811,6.147247895326048,12.596794470922811,6.147247895326048,3.0935482497141877,5.27633691049894,0.17041782951788514
5938.0,237.52,2.0,12.851390704347967,6.080131632848389,12.851390704347967,6.080131632848389,2.950298963255869,5.27633691049894,0.17041782951788514
5939.0,237.56,2.0,13.105748196272085,6.006912206700433,13.105748196272085,6.006912206700433,2.8070496767975497,5.27633691049894,0.17041782951788514
5940.0,237.6,2.0,13.35973492466427,5.927587443310413,13.35973492466427,5.927587443310413,2.663800390339231,5.27633691049894,0.17041782951788514
5941.0,237.64000000000001,2.0,13.613218791970061,5.842157938018383,13.613218791970061,5.842157938018383,2.520551103880912,5.27633691049894,0.17041782951788514
5942.0,237.68,2.0,13.866067682594826,5.750627056456535,13.866067682594826,5.750627056456535,2.3773018174225933,5.27633691049894,0.17041782951788514
5943.0,237.72,2.0,14.118149520406257,5.653000934740318,14.118149520406257,5.653000934740318,2.2340525309642745,5.27633691049894,0.17041782951788514
5944.0,237.76,2.0,14.369332326231415,5.549288478470208,14.369332326231415,5.549288478470208,2.0908032445059552,5.27633691049894,0.17041782951788514
5945.0,237.8,2.0,14.619484275323774,5.439501360544456,14.619484275323774,5.439501360544456,1.9475539580476364,5.27633691049894,0.17041782951788514
5946.0,237.84,2.0,14.868473754775673,5.323654017783682,14.868473754775673,5.323654017783682,1.8043046715893176,5.27633691049894,0.17041782951788514
5947.0,237.88,2.0,15.116169420851666,5.201763646368668,15.116169420851666,5.201763646368668,1.6610553851309988,5.27633691049894,0.17041782951788514
5948.0,237.92000000000002,2.0,15.362440256218282,5.073850196093216,15.362440256218282,5.073850196093216,1.5178060986726798,5.27633691049894,0.17041782951788514
5949.0,237.96,2.0,15.60715562704568,4.9399363634344535,15.60715562704568,4.9399363634344535,1.3745568122143612,5.27633691049894,0.17041782951788514
5950.0,238.0,2.0,15.850185339956871,4.8000475834434475,15.850185339956871,4.8000475834434475,1.231307525756042,5.27633691049894,0.17041782951788514
5951.0,238.04,2.0,16.09139969880011,4.654212020459517,16.09139969880011,4.654212020459517,1.245137871977213,5.27633691049894,0.17041782951788514
5952.0,238.08,2.0,16.33066956122023,4.50246055765212,16.33066956122023,4.50246055765212,1.2589682181983837,5.27633691049894,0.17041782951788514
5953.0,238.12,2.0,16.567866395004717,4.34482678539471,16.567866395004717,4.34482678539471,1.2727985644195545,5.27633691049894,0.17041782951788514
5954.0,238.16,2.0,16.802862334180443,4.181346988475417,16.802862334180443,4.181346988475417,1.2866289106407252,5.27633691049894,0.17041782951788514
5955.0,238.20000000000002,2.0,17.035530234837125,4.01206013214996,17.035530234837125,4.01206013214996,1.3004592568618958,5.27633691049894,0.17041782951788514
5956.0,238.24,2.0,17.265743730653547,3.8370078470426434,17.265743730653547,3.8370078470426434,1.3142896030830666,5.27633691049894,0.17041782951788514
5957.0,238.28,2.0,17.49337728810295,3.656234412901791,17.49337728810295,3.656234412901791,1.3281199493042375,5.27633691049894,0.17041782951788514
5958.0,238.32,2.0,17.718306261313845,3.4697867412164975,17.718306261313845,3.4697867412164975,1.341950295525408,5.27633691049894,0.17041782951788514
5959.0,238.36,2.0,17.940406946562913,3.2777143567020084,17.940406946562913,3.2777143567020084,1.3557806417465788,5.27633691049894,0.17041782951788514
5960.0,238.4,2.0,18.15955663637664,3.0800693776615553,18.15955663637664,3.0800693776615553,1.3696109879677496,5.27633691049894,0.17041782951788514
5961.0,238.44,2.0,18.37563367321853,2.876906495232952,18.37563367321853,2.876906495232952,1.3834413341889205,5.27633691049894,0.17041782951788514
5962.0,238.48000000000002,2.0,18.588517502739048,2.668282951528718,18.588517502739048,2.668282951528718,1.3972716804100913,5.27633691049894,0.17041782951788514
5963.0,238.52,2.0,18.79808872656538,2.454258516678982,18.79808872656538,2.454258516678982,1.4111020266312617,5.27633691049894,0.17041782951788514
5964.0,238.56,2.0,19.00422915460856,2.2348954647868746,19.00422915460856,2.2348954647868746,1.4249323728524326,5.27633691049894,0.17041782951788514
5965.0,238.6,2.0,19.206821856865535,2.0102585488065983,19.206821856865535,2.0102585488065983,1.4387627190736034,5.27633691049894,0.17041782951788514
5966.0,238.64000000000001,2.0,19.40575121469403,1.780414974354806,19.40575121469403,1.780414974354806,1.4525930652947738,5.27633691049894,0.17041782951788514
5967.0,238.68,2.0,19.60090297153829,1.5454343724663833,19.60090297153829,1.5454343724663833,1.466423411515945,5.27633691049894,0.17041782951788514
5968.0,238.72,2.0,19.79216428308398,1.3053887713061856,19.79216428308398,1.3053887713061856,1.4802537577371155,5.27633691049894,0.17041782951788514
5969.0,238.76,2.0,19.979423766820844,1.060352566848712,19.979423766820844,1.060352566848712,1.4940841039582862,5.27633691049894,0.17041782951788514
5970.0,238.8,2.0,20.162571550991863,0.810402492538152,20.162571550991863,0.810402492538152,1.5079144501794572,5.27633691049894,0.17041782951788514
5971.0,238.84,2.0,20.34149932290801,0.5556175879416705,20.34149932290801,0.5556175879416705,1.5217447964006279,5.27633691049894,0.17041782951788514
5972.0,238.88,2.0,20.516100376607934,0.2960791664092234,20.516100376607934,0.2960791664092234,1.5355751426217985,5.27633691049894,0.17041782951788514
5973.0,238.92000000000002,2.0,20.68626965984214,0.03187078175362679,20.68626965984214,0.03187078175362679,1.5494054888429691,5.27633691049894,0.17041782951788514
5974.0,238.96,2.0,20.851903820361652,-0.23692180603498264,20.851903820361652,-0.23692180603498264,1.5632358350641398,5.27633691049894,0.17041782951788514
5975.0,239.0,2.0,21.012901251491233,-0.5102106660257493,21.012901251491233,-0.5102106660257493,1.5770661812853108,5.27633691049894,0.17041782951788514
5976.0,239.04,2.0,21.169162136967774,-0.7879057325198027,21.169162136967774,-0.7879057325198027,1.5908965275064815,5.27633691049894,0.17041782951788514
5977.0,239.08,2.0,21.32058849502459,-1.0699148421437104,21.32058849502459,-1.0699148421437104,1.604726873727652,5.27633691049894,0.17041782951788514
5978.0,239.12,2.0,21.467084221702784,-1.3561437718479314,21.467084221702784,-1.3561437718479314,1.6185572199488232,5.27633691049894,0.17041782951788514
5979.0,239.16,2.0,21.60855513337112,-1.6464962777941359,21.60855513337112,-1.6464962777941359,1.6323875661699936,5.27633691049894,0.17041782951788514
5980.0,239.20000000000002,2.0,21.744909008436238,-1.9408741351148737,21.744909008436238,-1.9408741351148737,1.6462179123911647,5.27633691049894,0.17041782951788514
5981.0,239.24,2.0,21.876055628225338,-2.2391771785287093,21.876055628225338,-2.2391771785287093,1.6600482586123353,5.27633691049894,0.17041782951788514
5982.0,239.28,2.0,22.001906817023766,-2.5413033437935693,22.001906817023766,-2.5413033437935693,1.6738786048335057,5.27633691049894,0.17041782951788514
5983.0,239.32,2.0,22.122376481250512,-2.847148709980692,22.122376481250512,-2.847148709980692,1.6877089510546768,5.27633691049894,0.17041782951788514
5984.0,239.36,2.0,22.237380647754637,-3.15660754255122,22.237380647754637,-3.15660754255122,1.7015392972758474,5.27633691049894,0.17041782951788514
5985.0,239.4,2.0,22.34683750121642,-3.469572337217136,22.34683750121642,-3.469572337217136,1.7153696434970178,5.27633691049894,0.17041782951788514
5986.0,239.44,2.0,22.450667420637053,-3.7859338645678937,22.450667420637053,-3.7859338645678937,1.729199989718189,5.27633691049894,0.17041782951788514
5987.0,239.48000000000002,2.0,22.54879301490135,-4.105581215443798,22.54879301490135,-4.105581215443798,1.7430303359393597,5.27633691049894,0.17041782951788514
5988.0,239.52,2.0,22.641139157398165,-4.428401847036826,22.641139157398165,-4.428401847036826,1.7568606821605308,5.27633691049894,0.17041782951788514
5989.0,239.56,2.0,22.727633019683733,-4.75428162969932,22.727633019683733,-4.75428162969932,1.7706910283817012,5.27633691049894,0.17041782951788514
5990.0,239.6,2.0,22.808204104173445,-5.083104894440639,22.808204104173445,-5.083104894440639,1.7845213746028719,5.27633691049894,0.17041782951788514
5991.0,239.64000000000001,2.0,22.882784275848103,-5.414754481091581,22.882784275848103,-5.414754481091581,1.7983517208240425,5.27633691049894,0.17041782951788514
5992.0,239.68,2.0,22.951307792961007,-5.749111787116108,22.951307792961007,-5.749111787116108,1.8121820670452133,5.27633691049894,0.17041782951788514
5993.0,239.72,2.0,23.013711336732747,-6.086056817049618,23.013711336732747,-6.086056817049618,1.8260124132663844,5.27633691049894,0.17041782951788514
5994.0,239.76,2.0,23.069934040020875,-6.4254682325427295,23.069934040020875,-6.4254682325427295,1.8398427594875546,5.27633691049894,0.17041782951788514
5995.0,239.8,2.0,23.119917514952313,-6.767223402989339,23.119917514952313,-6.767223402989339,1.853673105708726,5.27633691049894,0.17041782951788514
5996.0,239.84,2.0,23.16360587950642,-7.11119845671737,23.16360587950642,-7.11119845671737,1.8675034519298965,5.27633691049894,0.17041782951788514
5997.0,239.88,2.0,23.200945783037504,-7.4572683327204885,23.200945783037504,-7.4572683327204885,1.8813337981510672,5.27633691049894,0.17041782951788514
5998.0,239.92000000000002,2.0,23.23188643072569,-7.805306832908775,23.23188643072569,-7.805306832908775,1.895164144372238,5.27633691049894,0.17041782951788514
5999.0,239.96,2.0,23.256379606945693,-8.155186674856107,23.256379606945693,-8.155186674856107,1.9089944905934086,5.27633691049894,0.17041782951788514
6000.0,240.0,2.0,23.274379697543388,-8.50677954502186,23.274379697543388,-8.50677954502186,1.9228248368145795,5.27633691049894,0.17041782951788514
6001.0,240.04,2.0,23.285843711010713,-8.859956152424248,23.285843711010713,-8.859956152424248,1.9366551830357501,5.27633691049894,0.17041782951788514
6002.0,240.08,2.0,23.290731298549666,-9.2145862827425,23.290731298549666,-9.2145862827425,1.9504855292569208,5.27633691049894,0.17041782951788514
6003.0,240.12,2.0,23.289004773016817,-9.570538852824868,23.289004773016817,-9.570538852824868,1.9643158754780914,5.27633691049894,0.17041782951788514
6004.0,240.16,2.0,23.280629126740205,-9.927681965579234,23.280629126740205,-9.927681965579234,1.9781462216992622,5.27633691049894,0.17041782951788514
6005.0,240.20000000000002,2.0,23.26557204820085,-10.285882965223026,23.26557204820085,-10.285882965223026,1.991976567920433,5.27633691049894,0.17041782951788514
6006.0,240.24,2.0,23.243803937571776,-10.645008492868893,23.243803937571776,-10.645008492868893,2.005806914141604,5.27633691049894,0.17041782951788514
6007.0,240.28,2.0,23.21529792110778,-11.004924542422502,23.21529792110778,-11.004924542422502,2.0196372603627744,5.27633691049894,0.17041782951788514
6008.0,240.32,2.0,23.180029864379723,-11.365496516768703,23.180029864379723,-11.365496516768703,2.033467606583945,5.27633691049894,0.17041782951788514
6009.0,240.36,2.0,23.13797838434766,-11.726589284222099,23.13797838434766,-11.726589284222099,2.047297952805116,5.27633691049894,0.17041782951788514
6010.0,240.4,2.0,23.089124860267525,-12.088067235218077,23.089124860267525,-12.088067235218077,2.061128299026287,5.27633691049894,0.17041782951788514
6011.0,240.44,2.0,23.033453443426644,-12.449794339220107,23.033453443426644,-12.449794339220107,2.0749586452474573,5.27633691049894,0.17041782951788514
6012.0,240.48000000000002,2.0,22.970951065703854,-12.811634201819135,22.970951065703854,-12.811634201819135,2.088788991468628,5.27633691049894,0.17041782951788514
6013.0,240.52,2.0,22.90160744695051,-13.173450122000784,22.90160744695051,-13.173450122000784,2.102619337689799,5.27633691049894,0.17041782951788514
6014.0,240.56,2.0,22.82541510118907,-13.535105149555937,22.82541510118907,-13.535105149555937,2.11644968391097,5.27633691049894,0.17041782951788514
6015.0,240.6,2.0,22.742369341626606,-13.896462142610343,22.742369341626606,-13.896462142610343,2.1302800301321403,5.27633691049894,0.17041782951788514
6016.0,240.64000000000001,2.0,22.65246828448095,-14.25738382524872,22.65246828448095,-14.25738382524872,2.144110376353311,5.27633691049894,0.17041782951788514
6017.0,240.68,2.0,22.55571285161784,-14.617732845208812,22.55571285161784,-14.617732845208812,2.157940722574482,5.27633691049894,0.17041782951788514
6018.0,240.72,2.0,22.45210677199774,-14.977371831620932,22.45210677199774,-14.977371831620932,2.1717710687956524,5.27633691049894,0.17041782951788514
6019.0,240.76,2.0,22.3416565819317,-15.336163452768293,22.3416565819317,-15.336163452768293,2.1856014150168233,5.27633691049894,0.17041782951788514
6020.0,240.8,2.0,22.22437162414607,-15.693970473843686,22.22437162414607,-15.693970473843686,2.199431761237994,5.27633691049894,0.17041782951788514
6021.0,240.84,2.0,22.100264045656285,-16.050655814677775,22.100264045656285,-16.050655814677775,2.2132621074591645,5.27633691049894,0.17041782951788514
6022.0,240.88,2.0,21.969348794450678,-16.406082607414575,21.969348794450678,-16.406082607414575,2.227092453680336,5.27633691049894,0.17041782951788514
6023.0,240.92000000000002,2.0,21.831643614985474,-16.760114254109443,21.831643614985474,-16.760114254109443,2.2409227999015062,5.27633691049894,0.17041782951788514
6024.0,240.96,2.0,21.68716904249295,-17.11261448422517,21.68716904249295,-17.11261448422517,2.254753146122677,5.27633691049894,0.17041782951788514
6025.0,241.0,2.0,21.535948396104992,-17.46344741200165,21.535948396104992,-17.46344741200165,2.268583492343848,5.27633691049894,0.17041782951788514
6026.0,241.04,2.0,21.37800777079492,-17.81247759367466,21.37800777079492,-17.81247759367466,2.282413838565019,5.27633691049894,0.17041782951788514
6027.0,241.08,2.0,21.213376028140946,-18.15957008451951,21.213376028140946,-18.15957008451951,2.296244184786189,5.27633691049894,0.17041782951788514
6028.0,241.12,2.0,21.042084785915083,-18.50459049569516,21.042084785915083,-18.50459049569516,2.31007453100736,5.27633691049894,0.17041782951788514
6029.0,241.16,2.0,20.86416840650184,-18.847405050864708,20.86416840650184,-18.847405050864708,2.323904877228531,5.27633691049894,0.17041782951788514
6030.0,241.20000000000002,2.0,20.67966398415158,-19.18788064256804,20.67966398415158,-19.18788064256804,2.3377352234497013,5.27633691049894,0.17041782951788514
6031.0,241.24,2.0,20.488611331073862,-19.525884888322764,20.488611331073862,-19.525884888322764,2.3515655696708726,5.27633691049894,0.17041782951788514
6032.0,241.28,2.0,20.291052962376604,-19.861286186429417,20.291052962376604,-19.861286186429417,2.3653959158920435,5.27633691049894,0.17041782951788514
6033.0,241.32,2.0,20.08703407985738,-20.19395377145729,20.08703407985738,-20.19395377145729,2.379226262113214,5.27633691049894,0.17041782951788514
6034.0,241.36,2.0,19.87660255465369,-20.523757769387224,19.87660255465369,-20.523757769387224,2.3930566083343847,5.27633691049894,0.17041782951788514
6035.0,241.4,2.0,19.6598089087595,-20.85056925238782,19.6598089087595,-20.85056925238782,2.4068869545555556,5.27633691049894,0.17041782951788514
6036.0,241.44,2.0,19.436706295415835,-21.174260293201876,19.436706295415835,-21.174260293201876,2.4207173007767264,5.27633691049894,0.17041782951788514
6037.0,241.48000000000002,2.0,19.20735047838364,-21.49470401911978,19.20735047838364,-21.49470401911978,2.4345476469978973,5.27633691049894,0.17041782951788514
6038.0,241.52,2.0,18.971799810107747,-21.811774665516957,18.971799810107747,-21.811774665516957,2.4483779932190677,5.27633691049894,0.17041782951788514
6039.0,241.56,2.0,18.730115208781104,-22.125347628932502,18.730115208781104,-22.125347628932502,2.462208339440239,5.27633691049894,0.17041782951788514
6040.0,241.6,2.0,18.482360134318903,-22.43529951966648,18.482360134318903,-22.43529951966648,2.4760386856614094,5.27633691049894,0.17041782951788514
6041.0,241.64000000000001,2.0,18.228600563252876,-22.741508213873423,18.228600563252876,-22.741508213873423,2.4898690318825802,5.27633691049894,0.17041782951788514
6042.0,241.68,2.0,17.968904962556213,-23.04385290512989,17.968904962556213,-23.04385290512989,2.503699378103751,5.27633691049894,0.17041782951788514
6043.0,241.72,2.0,17.703344262410326,-23.342214155454112,17.703344262410326,-23.342214155454112,2.517529724324922,5.27633691049894,0.17041782951788514
6044.0,241.76,2.0,17.43199182792481,-23.636473945756016,17.43199182792481,-23.636473945756016,2.531360070546093,5.27633691049894,0.17041782951788514
6045.0,241.8,2.0,17.154923429822716,-23.92651572569607,17.154923429822716,-23.92651572569607,2.5451904167672637,5.27633691049894,0.17041782951788514
6046.0,241.84,2.0,16.872217214103372,-24.212224462931886,16.872217214103372,-24.212224462931886,2.5590207629884345,5.27633691049894,0.17041782951788514
6047.0,241.88,2.0,16.58395367069578,-24.49348669173137,16.58395367069578,-24.49348669173137,2.572851109209606,5.27633691049894,0.17041782951788514
6048.0,241.92000000000002,2.0,16.290215601115648,-24.77019056093195,16.290215601115648,-24.77019056093195,2.586681455430776,5.27633691049894,0.17041782951788514
6049.0,241.96,2.0,15.991088085139921,-25.042225881225306,15.991088085139921,-25.042225881225306,2.600511801651947,5.27633691049894,0.17041782951788514
6050.0,242.0,2.0,15.686658446512828,-25.309484171747513,15.686658446512828,-25.309484171747513,2.614342147873118,5.27633691049894,0.17041782951788514
6051.0,242.04,2.0,15.377016217697967,-25.57185870595477,15.377016217697967,-25.57185870595477,2.6281724940942888,5.27633691049894,0.17041782951788514
6052.0,242.08,2.0,15.06225310369141,-25.82924455676515,15.06225310369141,-25.82924455676515,2.6420028403154596,5.27633691049894,0.17041782951788514
6053.0,242.12,2.0,14.742462944911097,-26.08153864094718,14.742462944911097,-26.08153864094718,2.6558331865366305,5.27633691049894,0.17041782951788514
6054.0,242.16,2.0,14.417741679178297,-26.328639762736266,14.417741679178297,-26.328639762736266,2.6696635327578013,5.27633691049894,0.17041782951788514
6055.0,242.20000000000002,2.0,14.088187302807185,-26.570448656660517,14.088187302807185,-26.570448656660517,2.683493878978972,5.27633691049894,0.17041782951788514
6056.0,242.24,2.0,13.753899830819076,-26.80686802955762,13.753899830819076,-26.80686802955762,2.697324225200143,5.27633691049894,0.17041782951788514
6057.0,242.28,2.0,13.414981256298152,-27.037802601764856,13.414981256298152,-27.037802601764856,2.7111545714213134,5.27633691049894,0.17041782951788514
6058.0,242.32,2.0,13.071535508905914,-27.26315914746484,13.071535508905914,-27.26315914746484,2.7249849176424847,5.27633691049894,0.17041782951788514
6059.0,242.36,2.0,12.723668412571957,-27.482846534169692,12.723668412571957,-27.482846534169692,2.7388152638636556,5.27633691049894,0.17041782951788514
6060.0,242.4,2.0,12.371487642378982,-27.69677576132677,12.371487642378982,-27.69677576132677,2.7526456100848264,5.27633691049894,0.17041782951788514
6061.0,242.44,2.0,12.015102680660354,-27.904859998029718,12.015102680660354,-27.904859998029718,2.7664759563059973,5.27633691049894,0.17041782951788514
6062.0,242.48000000000002,2.0,11.654624772328798,-28.107014619818578,11.654624772328798,-28.107014619818578,2.780306302527168,5.27633691049894,0.17041782951788514
6063.0,242.52,2.0,11.290166879455203,-28.30315724455334,11.290166879455203,-28.30315724455334,2.7941366487483394,5.27633691049894,0.17041782951788514
6064.0,242.56,2.0,10.92184363511676,-28.493207767345687,10.92184363511676,-28.493207767345687,2.80796699496951,5.27633691049894,0.17041782951788514
6065.0,242.6,2.0,10.549771296534065,-28.67708839453403,10.549771296534065,-28.67708839453403,2.8217973411906807,5.27633691049894,0.17041782951788514
6066.0,242.64000000000001,2.0,10.174067697517005,-28.854723676687332,10.174067697517005,-28.854723676687332,2.8356276874118516,5.27633691049894,0.17041782951788514
6067.0,242.68,2.0,9.794852200239646,-29.02604054062373,9.794852200239646,-29.02604054062373,2.8494580336330224,5.27633691049894,0.17041782951788514
6068.0,242.72,2.0,9.412245646364557,-29.190968320430187,9.412245646364557,-29.190968320430187,2.8632883798541933,5.27633691049894,0.17041782951788514
6069.0,242.76,2.0,9.026370307537315,-29.349438787470138,9.026370307537315,-29.349438787470138,2.877118726075364,5.27633691049894,0.17041782951788514
6070.0,242.8,2.0,8.63734983527219,-29.501386179366158,8.63734983527219,-29.501386179366158,2.890949072296535,5.27633691049894,0.17041782951788514
6071.0,242.84,2.0,8.245309210250294,-29.64674722794544,8.245309210250294,-29.64674722794544,2.904779418517706,5.27633691049894,0.17041782951788514
6072.0,242.88,2.0,7.850374691051681,-29.785461186136075,7.850374691051681,-29.785461186136075,2.9186097647388767,5.27633691049894,0.17041782951788514
6073.0,242.92000000000002,2.0,7.452673762343162,-29.917469853802753,7.452673762343162,-29.917469853802753,2.932440110960047,5.27633691049894,0.17041782951788514
6074.0,242.96,2.0,7.052335082543841,-30.042717602510855,7.052335082543841,-30.042717602510855,2.9462704571812184,5.27633691049894,0.17041782951788514
6075.0,243.0,2.0,6.64948843099056,-30.161151399208325,6.64948843099056,-30.161151399208325,2.9601008034023892,5.27633691049894,0.17041782951788514
6076.0,243.04,2.0,6.244264654625687,-30.27272082881526,6.244264654625687,-30.27272082881526,2.97393114962356,5.27633691049894,0.17041782951788514
6077.0,243.08,2.0,5.836795614229878,-30.377378115711686,5.836795614229878,-30.377378115711686,2.987761495844731,5.27633691049894,0.17041782951788514
6078.0,243.12,2.0,5.427214130222616,-30.47507814411418,5.427214130222616,-30.47507814411418,3.001591842065902,5.27633691049894,0.17041782951788514
6079.0,243.16,2.0,5.015653928053566,-30.56577847733276,5.015653928053566,-30.56577847733276,3.015422188287073,5.27633691049894,0.17041782951788514
6080.0,243.20000000000002,2.0,4.602249583207886,-30.64943937589991,4.602249583207886,-30.64943937589991,3.0292525345082435,5.27633691049894,0.17041782951788514
6081.0,243.24,2.0,4.187136465848872,-30.726023814563735,4.187136465848872,-30.726023814563735,3.0430828807294144,5.27633691049894,0.17041782951788514
6082.0,243.28,2.0,3.770450685121414,-30.795497498138417,3.770450685121414,-30.795497498138417,3.056913226950585,5.27633691049894,0.17041782951788514
6083.0,243.32,2.0,3.3523290331399216,-30.857828876204746,3.3523290331399216,-30.857828876204746,3.070743573171756,5.27633691049894,0.17041782951788514
6084.0,243.36,2.0,2.9329089286844856,-30.912989156654838,2.9329089286844856,-30.912989156654838,3.084573919392927,5.27633691049894,0.17041782951788514
6085.0,243.4,2.0,2.5123283606291897,-30.960952318075094,2.5123283606291897,-30.960952318075094,3.0984042656140978,5.27633691049894,0.17041782951788514
6086.0,243.44,2.0,2.0907258311265773,-31.00169512096203,2.0907258311265773,-31.00169512096203,3.1122346118352686,5.27633691049894,0.17041782951788514
6087.0,243.48000000000002,2.0,1.6682402985724079,-31.035197117766426,1.6682402985724079,-31.035197117766426,3.1260649580564395,5.27633691049894,0.17041782951788514
6088.0,243.52,2.0,1.2450111203748997,-31.061440661761274,1.2450111203748997,-31.061440661761274,3.1398953042776103,5.27633691049894,0.17041782951788514
6089.0,243.56,2.0,0.8211779955527815,-31.080410914729903,0.8211779955527815,-31.080410914729903,3.1537256504987807,5.27633691049894,0.17041782951788514
6090.0,243.6,2.0,0.4127357952812331,-31.094071683652267,0.4127357952812331,-31.094071683652267,3.1680057055662263,5.014377295213391,0.15763879377058082
6091.0,243.64000000000001,2.0,0.01435397467671098,-31.101850288521092,0.01435397467671098,-31.101850288521092,3.1817745992037794,4.790350347031156,0.14771047083234862
6092.0,243.68,2.0,-0.372389378325907,-31.104360501256803,-0.372389378325907,-31.104360501256803,3.194918302899077,4.5663233988489225,0.13778214789411647
6093.0,243.72,2.0,-0.7474165972244948,-31.101950448422485,-0.7474165972244948,-31.101950448422485,3.2074368166521197,4.342296450666689,0.12785382495588427
6094.0,243.76,2.0,-1.110656894959757,-31.094969780346343,-1.110656894959757,-31.094969780346343,3.219330140462907,4.118269502484454,0.11792550201765209
6095.0,243.8,2.0,-1.4586854364698127,-31.083153473012192,-1.4586854364698127,-31.083153473012192,3.2306581813537085,3.8704416212139527,0.10796159811461807
6096.0,243.84,2.0,-1.7946338208386414,-31.06808999437036,-1.7946338208386414,-31.06808999437036,3.2413911946103697,3.6137894210046397,0.0983394773707715
6097.0,243.88,2.0,-2.1160763193263383,-31.049909658676476,-2.1160763193263383,-31.049909658676476,3.2514496387197576,3.3543041073027915,0.08864825782575939
6098.0,243.92000000000002,2.0,-2.4243485597093684,-31.030614487067453,-2.4243485597093684,-31.030614487067453,3.2608933512931606,3.0909494425184634,0.07890811503361503
6099.0,243.96,1.0,-2.7192722118064,-31.007542635511747,-2.7192722118064,-31.007542635511747,3.269755143005925,2.8222468621243335,0.06904964773688824
6100.0,244.0,0.0,-2.999471480878376,-30.982944142719468,-2.999471480878376,-30.982944142719468,3.2779727570630754,2.5489287298789716,0.05914126425930666
6101.0,244.04,0.0,-3.2687174817110027,-30.955902284142546,-3.2687174817110027,-30.955902284142546,3.285665047169277,2.267519720481988,0.04909272275948938
6102.0,244.08,0.0,-3.5251426898913025,-30.927371474779704,-3.5251426898913025,-30.927371474779704,3.292786774416536,1.978349420373101,0.038810432616712014
6103.0,244.12,0.0,-3.770621397685671,-30.89700690707995,-3.770621397685671,-30.89700690707995,3.299325382092937,1.6849556089882742,0.028586208111043787
6104.0,244.16,1.0,-4.005924872410526,-30.866489936065584,-4.005924872410526,-30.866489936065584,3.3052574096050753,1.3889329473753316,0.018271043241487074
6105.0,244.20000000000002,1.0,-4.224889103282911,-30.835224367152126,-4.224889103282911,-30.835224367152126,3.3105967443869018,1.0914148486696218,0.00791256889397857
6106.0,244.24,1.0,-4.433427457201279,-30.804152191585747,-4.433427457201279,-30.804152191585747,3.315285742675182,0.7955408191663771,-0.002581066660270271
6107.0,244.28,1.0,-4.62702341418522,-30.77207540442533,-4.62702341418522,-30.77207540442533,3.319383695139057,0.49980244544334224,-0.013104491719294616
6108.0,244.32,1.0,-4.808776765777261,-30.738223394762564,-4.808776765777261,-30.738223394762564,3.3227737696423936,0.2091142296323131,-0.02390565130032092
6109.0,244.36,1.0,-4.975349435006154,-30.707698133498656,-4.975349435006154,-30.707698133498656,3.3255811493504943,-0.08423517719322626,-0.03482087664696017
6110.0,244.4,1.0,-5.1741511240012885,-30.67014790025909,-5.1741511240012885,-30.67014790025909,3.3264529398101113,-0.03431149501143536,-0.03933779552069265
6111.0,244.44,0.0,-5.367226785678314,-30.633508502173186,-5.367226785678314,-30.633508502173186,3.32752345979762,-0.02232047993296,-0.04670542720349727
6112.0,244.48000000000002,1.0,-5.556066715916218,-30.597499371276193,-5.556066715916218,-30.597499371276193,3.3289067378253825,-0.01032946485448465,-0.05407305888630189
6113.0,244.52,1.0,-5.74066734021224,-30.562107315750154,-5.74066734021224,-30.562107315750154,3.3306027738934,0.0016615502239907044,-0.061440690569106504
6114.0,244.56,1.0,-5.9210247897417245,-30.527319216879754,-5.9210247897417245,-30.527319216879754,3.3326115680016706,0.013652565302466058,-0.06880832225191112
6115.0,244.6,1.0,-6.100495860098908,-30.49373809257086,-6.100495860098908,-30.49373809257086,3.3348732131279277,0.04944451346920857,-0.07614037296991391
6116.0,244.64000000000001,1.0,-6.275887557656141,-30.460114795836972,-6.275887557656141,-30.460114795836972,3.3374174539863226,0.09406078057476333,-0.08381420684710415
6117.0,244.68,1.0,-6.44957088724167,-30.426659524704036,-6.44957088724167,-30.426659524704036,3.340323832089991,0.14151016117285248,-0.09141894192312885
6118.0,244.72,1.0,-6.634209380113933,-30.387044653352397,-6.634209380113933,-30.387044653352397,3.3449996851981174,0.21438367888037374,-0.09647371337775491
6119.0,244.76,0.0,-6.826063653859438,-30.346359880735015,-6.826063653859438,-30.346359880735015,3.348843681470644,0.2939125612060204,-0.09949958207338998
6120.0,244.8,0.0,-7.017069062993409,-30.30494386495991,-7.017069062993409,-30.30494386495991,3.3530430419815778,0.3780569953828994,-0.10247553458817027
6121.0,244.84,0.0,-7.204084009275688,-30.264673189460346,-7.204084009275688,-30.264673189460346,3.357488442684083,0.4845716164851253,-0.10537877585646152
6122.0,244.88,0.0,-7.397186687226734,-30.219392117584903,-7.397186687226734,-30.219392117584903,3.361351867446877,0.6001104338723794,-0.10766766831496652
6123.0,244.92000000000002,0.0,-7.586113645583817,-30.1745997394563,-7.586113645583817,-30.1745997394563,3.3654916764856204,0.7198727625355733,-0.11001462641058066
6124.0,244.96,0.0,-7.769869476694419,-30.128693226750208,-7.769869476694419,-30.128693226750208,3.3698602197073484,0.8470569962981009,-0.11231531440492275
6125.0,245.0,0.0,-7.731685642177167,-30.088190322017926,-7.731685642177167,-30.088190322017926,3.3666222130418006,0.9466430431670133,-0.11302676786376513
6126.0,245.04,0.0,-7.915273457624451,-30.03781051688739,-7.915273457624451,-30.03781051688739,3.371268387764471,1.1069451163079909,-0.11363373255282572
6127.0,245.08,1.0,-8.098811299458257,-29.988474960887782,-8.098811299458257,-29.988474960887782,3.379074848757918,1.1070256403953238,-0.11600719909371948
6128.0,245.12,0.0,-8.28629050253458,-29.937914918174453,-8.28629050253458,-29.937914918174453,3.3874131328656825,1.1020560065706506,-0.11810293111261132
6129.0,245.16,0.0,-8.481026312787375,-29.881254178076937,-8.481026312787375,-29.881254178076937,3.3961580569224608,1.099747563760488,-0.1200845973658902
6130.0,245.20000000000002,1.0,-8.651446491303194,-29.827094390509576,-8.651446491303194,-29.827094390509576,3.4062128065352275,1.016125647228545,-0.11568553434477154
6131.0,245.24,0.0,-8.830023305662824,-29.768288863558563,-8.830023305662824,-29.768288863558563,3.4164039332037732,0.9325037306966018,-0.11128647132365284
6132.0,245.28,0.0,-9.01669753535488,-29.704723410387338,-9.01669753535488,-29.704723410387338,3.4267314369280983,0.8488818141646582,-0.10688740830253415
6133.0,245.32,1.0,-9.211408677036063,-29.636284577596776,-9.211408677036063,-29.636284577596776,3.437195317708203,0.7652598976327151,-0.10248834528141548
6134.0,245.36,1.0,-9.414094954063183,-29.562859660611185,-9.414094954063183,-29.562859660611185,3.447795575544086,0.6816379811007719,-0.09808928226029681
6135.0,245.4,2.0,-9.62469332621932,-29.484336718936703,-9.62469332621932,-29.484336718936703,3.4585322104357497,0.5980160645688286,-0.09369021923917814
6136.0,245.44,2.0,-9.843139499632446,-29.400604591289444,-9.843139499632446,-29.400604591289444,3.469405222383192,0.5143941480368854,-0.08929115621805947
6137.0,245.48000000000002,2.0,-10.069367936884651,-29.311552910591047,-10.069367936884651,-29.311552910591047,3.480414611386414,0.43077223150494204,-0.08489209319694077
6138.0,245.52,2.0,-10.289264677893392,-29.221739290859176,-10.289264677893392,-29.221739290859176,3.4900932020749402,0.32559552894604676,-0.08299407055008848
6139.0,245.56,2.0,-10.50663812505067,-29.12896962867262,-10.50663812505067,-29.12896962867262,3.5010095156134846,0.21911137737882802,-0.08300662615764473
6140.0,245.6,2.0,-10.730824927142173,-29.030890598393533,-10.730824927142173,-29.030890598393533,3.5120385877230134,0.1126272258116093,-0.08301918176520098
6141.0,245.64000000000001,2.0,-10.96109732021667,-28.926779209049602,-10.96109732021667,-28.926779209049602,3.5231708887456983,-0.008136235529334856,-0.0829642905970106
6142.0,245.68,2.0,-11.189151953401428,-28.82207502358532,-11.189151953401428,-28.82207502358532,3.535279673720815,-0.13016260244340416,-0.08328999959564636
6143.0,245.72,2.0,-11.423290891509403,-28.711863250396753,-11.423290891509403,-28.711863250396753,3.547519139144621,-0.2521889693574735,-0.0836157085942821
6144.0,245.76,2.0,-11.663656784544738,-28.596305979434057,-11.663656784544738,-28.596305979434057,3.5599603957034818,-0.37900839114276036,-0.08389674733030146
6145.0,245.8,2.0,-12.133106309784646,-28.469723280827168,-12.133106309784646,-28.469723280827168,3.5804248400337086,-0.47673418894166514,-0.08572371112386869
6146.0,245.84,2.0,-12.381944543210192,-28.346696166836693,-12.381944543210192,-28.346696166836693,3.593479384623042,-0.6368200822150998,-0.08752000248047737
6147.0,245.88,2.0,-12.636445026443912,-28.217744740514235,-12.636445026443912,-28.217744740514235,3.6037886339197827,-0.6368200822150998,-0.08752000248047737
6148.0,245.92000000000002,2.0,-12.889457677295066,-28.086152224159015,-12.889457677295066,-28.086152224159015,3.614097883216523,-0.6368200822150998,-0.08752000248047737
6149.0,245.96,2.0,-13.140952021022738,-27.95193723638635,-13.140952021022738,-27.95193723638635,3.6244071325132636,-0.6368200822150998,-0.08752000248047737
6150.0,246.0,2.0,-13.390897827932392,-27.815118775062267,-13.390897827932392,-27.815118775062267,3.634716381810004,-0.6368200822150998,-0.08752000248047737
6151.0,246.04,2.0,-13.639265118319074,-27.67571621398626,-13.639265118319074,-27.67571621398626,3.645025631106745,-0.6368200822150998,-0.08752000248047737
6152.0,246.08,2.0,-13.886024167365013,-27.533749299507882,-13.886024167365013,-27.533749299507882,3.6553348804034846,-0.6368200822150998,-0.08752000248047737
6153.0,246.12,2.0,-14.131145509990782,-27.389238147077926,-14.131145509990782,-27.389238147077926,3.665644129700225,-0.6368200822150998,-0.08752000248047737
6154.0,246.16,2.0,-14.374599945659053,-27.242203237734678,-14.374599945659053,-27.242203237734678,3.675953378996966,-0.6368200822150998,-0.08752000248047737
6155.0,246.20000000000002,2.0,-14.616358543130167,-27.092665414526103,-14.616358543130167,-27.092665414526103,3.6862626282937065,-0.6368200822150998,-0.08752000248047737
6156.0,246.24,2.0,-14.856392645168558,-26.940645878868413,-14.856392645168558,-26.940645878868413,3.696571877590448,-0.6368200822150998,-0.08752000248047737
6157.0,246.28,2.0,-15.094673873199236,-26.786166186841918,-15.094673873199236,-26.786166186841918,3.7068811268871875,-0.6368200822150998,-0.08752000248047737
6158.0,246.32,2.0,-15.331174131913457,-26.629248245424606,-15.331174131913457,-26.629248245424606,3.717190376183928,-0.6368200822150998,-0.08752000248047737
6159.0,246.36,2.0,-15.565865613822698,-26.46991430866442,-15.565865613822698,-26.46991430866442,3.727499625480669,-0.6368200822150998,-0.08752000248047737
6160.0,246.4,2.0,-15.798720803760194,-26.308186973790697,-15.798720803760194,-26.308186973790697,3.7378088747774094,-0.6368200822150998,-0.08752000248047737
6161.0,246.44,2.0,-16.029712483329114,-26.144089177265688,-16.029712483329114,-26.144089177265688,3.74811812407415,-0.6368200822150998,-0.08752000248047737
6162.0,246.48000000000002,2.0,-16.25881373529668,-25.97764419077676,-16.25881373529668,-25.97764419077676,3.75842737337089,-0.6368200822150998,-0.08752000248047737
6163.0,246.52,2.0,-16.485997947933292,-25.808875617170134,-16.485997947933292,-25.808875617170134,3.7687366226676304,-0.6368200822150998,-0.08752000248047737
6164.0,246.56,2.0,-16.711238819295982,-25.637807386326806,-16.711238819295982,-25.637807386326806,3.779045871964371,-0.6368200822150998,-0.08752000248047737
6165.0,246.6,2.0,-16.93451036145538,-25.464463750981533,-16.93451036145538,-25.464463750981533,3.7893551212611114,-0.6368200822150998,-0.08752000248047737
6166.0,246.64000000000001,2.0,-17.15578690466539,-25.288869282485596,-17.15578690466539,-25.288869282485596,3.799664370557852,-0.6368200822150998,-0.08752000248047737
6167.0,246.68,2.0,-17.375043101474866,-25.111048866514107,-17.375043101474866,-25.111048866514107,3.809973619854593,-0.6368200822150998,-0.08752000248047737
6168.0,246.72,2.0,-17.592253930780508,-24.931027698718765,-17.592253930780508,-24.931027698718765,3.8202828691513333,-0.6368200822150998,-0.08752000248047737
6169.0,246.76000000000002,2.0,-17.80739470182025,-24.748831280326744,-17.80739470182025,-24.748831280326744,3.830592118448074,-0.6368200822150998,-0.08752000248047737
6170.0,246.8,2.0,-18.02044105810643,-24.564485413686626,-18.02044105810643,-24.564485413686626,3.8409013677448143,-0.6368200822150998,-0.08752000248047737
6171.0,246.84,2.0,-18.231368981298004,-24.37801619776219,-18.231368981298004,-24.37801619776219,3.8512106170415543,-0.6368200822150998,-0.08752000248047737
6172.0,246.88,2.0,-18.440154795011114,-24.18945002357482,-18.440154795011114,-24.18945002357482,3.8615198663382957,-0.6368200822150998,-0.08752000248047737
6173.0,246.92000000000002,2.0,-18.646775168567295,-23.998813569595548,-18.646775168567295,-23.998813569595548,3.871829115635036,-0.6368200822150998,-0.08752000248047737
6174.0,246.96,2.0,-18.85120712067873,-23.80613379708739,-18.85120712067873,-23.80613379708739,3.8821383649317758,-0.6368200822150998,-0.08752000248047737
6175.0,247.0,2.0,-19.05342802306971,-23.61143794539901,-19.05342802306971,-23.61143794539901,3.8924476142285167,-0.6368200822150998,-0.08752000248047737
6176.0,247.04,2.0,-19.253415604033883,-23.41475352721049,-19.253415604033883,-23.41475352721049,3.902756863525257,-0.6368200822150998,-0.08752000248047737
6177.0,247.08,2.0,-19.4511479519264,-23.216108323732147,-19.4511479519264,-23.216108323732147,3.913066112821997,-0.6368200822150998,-0.08752000248047737
6178.0,247.12,2.0,-19.646603518590506,-23.015530379857232,-19.646603518590506,-23.015530379857232,3.923375362118738,-0.6368200822150998,-0.08752000248047737
6179.0,247.16,2.0,-19.839761122717913,-22.813047999269518,-19.839761122717913,-22.813047999269518,3.933684611415478,-0.6368200822150998,-0.08752000248047737
6180.0,247.20000000000002,2.0,-20.030599953142264,-22.608689739506534,-20.030599953142264,-22.608689739506534,3.9439938607122187,-0.6368200822150998,-0.08752000248047737
6181.0,247.24,2.0,-20.21909957206525,-22.40248440697954,-20.21909957206525,-22.40248440697954,3.954303110008959,-0.6368200822150998,-0.08752000248047737
6182.0,247.28,2.0,-20.405239918214622,-22.194461051951034,-20.405239918214622,-22.194461051951034,3.9646123593056997,-0.6368200822150998,-0.08752000248047737
6183.0,247.32,2.0,-20.589001309933693,-21.9846489634708,-20.589001309933693,-21.9846489634708,3.9749216086024406,-0.6368200822150998,-0.08752000248047737
6184.0,247.36,2.0,-20.770364448201683,-21.773077664271394,-20.770364448201683,-21.773077664271394,3.985230857899181,-0.6368200822150998,-0.08752000248047737
6185.0,247.4,2.0,-20.94931041958433,-21.559776905624087,-20.94931041958433,-21.559776905624087,3.9955401071959216,-0.6368200822150998,-0.08752000248047737
6186.0,247.44,2.0,-21.125820699114392,-21.344776662156136,-21.125820699114392,-21.344776662156136,4.0058493564926625,-0.6368200822150998,-0.08752000248047737
6187.0,247.48000000000002,2.0,-21.29987715310134,-21.12810712663043,-21.29987715310134,-21.12810712663043,4.0161586057894025,-0.6368200822150998,-0.08752000248047737
6188.0,247.52,2.0,-21.47146204186985,-20.90979870468841,-21.47146204186985,-20.90979870468841,4.026467855086143,-0.6368200822150998,-0.08752000248047737
6189.0,247.56,2.0,-21.64055802242659,-20.68988200955733,-21.64055802242659,-20.68988200955733,4.0367771043828835,-0.6368200822150998,-0.08752000248047737
6190.0,247.6,2.0,-21.80714815105482,-20.46838785672274,-21.80714815105482,-20.46838785672274,4.0470863536796235,-0.6368200822150998,-0.08752000248047737
6191.0,247.64000000000001,2.0,-21.97121588583632,-20.245347258567264,-21.97121588583632,-20.245347258567264,4.0573956029763645,-0.6368200822150998,-0.08752000248047737
6192.0,247.68,2.0,-22.1327450891002,-20.02079141897666,-22.1327450891002,-20.02079141897666,4.0677048522731045,-0.6368200822150998,-0.08752000248047737
6193.0,247.72,2.0,-22.291720029798256,-19.794751727914118,-22.291720029798256,-19.794751727914118,4.0780141015698455,-0.6368200822150998,-0.08752000248047737
6194.0,247.76000000000002,2.0,-22.44812538580625,-19.567259755963875,-22.44812538580625,-19.567259755963875,4.088323350866586,-0.6368200822150998,-0.08752000248047737
6195.0,247.8,2.0,-22.601946246150938,-19.3383472488451,-22.601946246150938,-19.3383472488451,4.098632600163326,-0.6368200822150998,-0.08752000248047737
6196.0,247.84,2.0,-22.753168113162282,-19.1080461218971,-22.753168113162282,-19.1080461218971,4.108941849460067,-0.6368200822150998,-0.08752000248047737
6197.0,247.88,2.0,-22.901776904550537,-18.876388454536915,-22.901776904550537,-18.876388454536915,4.119251098756807,-0.6368200822150998,-0.08752000248047737
6198.0,247.92000000000002,2.0,-23.047758955407847,-18.643406484690225,-23.047758955407847,-18.643406484690225,4.129560348053547,-0.6368200822150998,-0.08752000248047737
6199.0,247.96,2.0,-23.191101020134013,-18.409132603196724,-23.191101020134013,-18.409132603196724,4.139869597350288,-0.6368200822150998,-0.08752000248047737
6200.0,248.0,2.0,-23.331790274286035,-18.17359934819093,-23.331790274286035,-18.17359934819093,4.150178846647028,-0.6368200822150998,-0.08752000248047737
6201.0,248.04,2.0,-23.469814316351183,-17.936839399459505,-23.469814316351183,-17.936839399459505,4.160488095943769,-0.6368200822150998,-0.08752000248047737
6202.0,248.08,2.0,-23.605161169443257,-17.6988855727761,-23.605161169443257,-17.6988855727761,4.17079734524051,-0.6368200822150998,-0.08752000248047737
6203.0,248.12,2.0,-23.737819282921713,-17.459770814214856,-23.737819282921713,-17.459770814214856,4.18110659453725,-0.6368200822150998,-0.08752000248047737
6204.0,248.16,2.0,-23.867777533933438,-17.219528194443523,-23.867777533933438,-17.219528194443523,4.19141584383399,-0.6368200822150998,-0.08752000248047737
6205.0,248.20000000000002,2.0,-23.99502522887687,-16.978190902997333,-23.99502522887687,-16.978190902997333,4.201725093130731,-0.6368200822150998,-0.08752000248047737
6206.0,248.24,2.0,-24.119552104788205,-16.735792242534647,-24.119552104788205,-16.735792242534647,4.212034342427471,-0.6368200822150998,-0.08752000248047737
6207.0,248.28,2.0,-24.24134833064953,-16.492365623075464,-24.24134833064953,-16.492365623075464,4.222343591724212,-0.6368200822150998,-0.08752000248047737
6208.0,248.32,2.0,-24.36040450861853,-16.247944556223892,-24.36040450861853,-16.247944556223892,4.232652841020952,-0.6368200822150998,-0.08752000248047737
6209.0,248.36,2.0,-24.476711675179704,-16.002562649375562,-24.476711675179704,-16.002562649375562,4.242962090317693,-0.6368200822150998,-0.08752000248047737
6210.0,248.4,2.0,-24.590261302216824,-15.756253599911187,-24.590261302216824,-15.756253599911187,4.253271339614433,-0.6368200822150998,-0.08752000248047737
6211.0,248.44,2.0,-24.701045298006456,-15.509051189377242,-24.701045298006456,-15.509051189377242,4.263580588911173,-0.6368200822150998,-0.08752000248047737
6212.0,248.48000000000002,2.0,-24.809056008132437,-15.260989277654906,-24.809056008132437,-15.260989277654906,4.273889838207915,-0.6368200822150998,-0.08752000248047737
6213.0,248.52,2.0,-24.914286216321102,-15.012101797118328,-24.914286216321102,-15.012101797118328,4.284199087504655,-0.6368200822150998,-0.08752000248047737
6214.0,248.56,2.0,-25.016729145197168,-14.762422746783296,-25.016729145197168,-14.762422746783296,4.294508336801395,-0.6368200822150998,-0.08752000248047737
6215.0,248.6,2.0,-25.116378456960156,-14.511986186447427,-25.116378456960156,-14.511986186447427,4.304817586098136,-0.6368200822150998,-0.08752000248047737
6216.0,248.64000000000001,2.0,-25.21322825398123,-14.260826230822918,-25.21322825398123,-14.260826230822918,4.315126835394876,-0.6368200822150998,-0.08752000248047737
6217.0,248.68,2.0,-25.307273079320414,-14.008977043662991,-25.307273079320414,-14.008977043662991,4.325436084691616,-0.6368200822150998,-0.08752000248047737
6218.0,248.72,2.0,-25.398507917164018,-13.756472831883121,-25.398507917164018,-13.756472831883121,4.335745333988357,-0.6368200822150998,-0.08752000248047737
6219.0,248.76000000000002,2.0,-25.486928193182372,-13.50334783967808,-25.486928193182372,-13.50334783967808,4.346054583285097,-0.6368200822150998,-0.08752000248047737
6220.0,248.8,2.0,-25.572529774807673,-13.249636342635998,-25.572529774807673,-13.249636342635998,4.356363832581838,-0.6368200822150998,-0.08752000248047737
6221.0,248.84,2.0,-25.655308971432003,-12.995372641850404,-25.655308971432003,-12.995372641850404,4.366673081878579,-0.6368200822150998,-0.08752000248047737
6222.0,248.88,2.0,-25.73526253452551,-12.740591058031452,-25.73526253452551,-12.740591058031452,4.376982331175319,-0.6368200822150998,-0.08752000248047737
6223.0,248.92000000000002,2.0,-25.8123876576747,-12.48532592561736,-25.8123876576747,-12.48532592561736,4.387291580472059,-0.6368200822150998,-0.08752000248047737
6224.0,248.96,2.0,-25.886681976540956,-12.229611586887172,-25.886681976540956,-12.229611586887172,4.3976008297688,-0.6368200822150998,-0.08752000248047737
6225.0,249.0,2.0,-25.95814356873918,-11.97348238607594,-25.95814356873918,-11.97348238607594,4.407910079065541,-0.6368200822150998,-0.08752000248047737
6226.0,249.04,2.0,-26.026770953636778,-11.71697266349342,-26.026770953636778,-11.71697266349342,4.418219328362281,-0.6368200822150998,-0.08752000248047737
6227.0,249.08,2.0,-26.092563092072858,-11.460116749647344,-26.092563092072858,-11.460116749647344,4.428528577659021,-0.6368200822150998,-0.08752000248047737
6228.0,249.12,2.0,-26.155519385997916,-11.202948959372414,-26.155519385997916,-11.202948959372414,4.438837826955762,-0.6368200822150998,-0.08752000248047737
6229.0,249.16,2.0,-26.215639678034,-10.945503585966026,-26.215639678034,-10.945503585966026,4.449147076252503,-0.6368200822150998,-0.08752000248047737
6230.0,249.20000000000002,2.0,-26.272924250955384,-10.687814895331915,-26.272924250955384,-10.687814895331915,4.459456325549243,-0.6368200822150998,-0.08752000248047737
6231.0,249.24,2.0,-26.32737382709011,-10.429917120132696,-26.32737382709011,-10.429917120132696,4.469765574845984,-0.6368200822150998,-0.08752000248047737
6232.0,249.28,2.0,-26.378989567642265,-10.171844453952462,-26.378989567642265,-10.171844453952462,4.480074824142724,-0.6368200822150998,-0.08752000248047737
6233.0,249.32,2.0,-26.42777307193536,-9.913631045470488,-26.42777307193536,-9.913631045470488,4.490384073439465,-0.6368200822150998,-0.08752000248047737
6234.0,249.36,2.0,-26.47372637657687,-9.65531099264714,-26.47372637657687,-9.65531099264714,4.500693322736206,-0.6368200822150998,-0.08752000248047737
6235.0,249.4,2.0,-26.516851954544126,-9.396918336923028,-26.516851954544126,-9.396918336923028,4.511002572032945,-0.6368200822150998,-0.08752000248047737
6236.0,249.44,2.0,-26.557152714191812,-9.138487057432517,-26.557152714191812,-9.138487057432517,4.521311821329687,-0.6368200822150998,-0.08752000248047737
6237.0,249.48000000000002,2.0,-26.594631998181235,-8.880051065232651,-26.594631998181235,-8.880051065232651,4.531621070626427,-0.6368200822150998,-0.08752000248047737
6238.0,249.52,2.0,-26.62929358233158,-8.621644197548557,-26.62929358233158,-8.621644197548557,4.541930319923167,-0.6368200822150998,-0.08752000248047737
6239.0,249.56,2.0,-26.661141674393473,-8.363300212036375,-26.661141674393473,-8.363300212036375,4.552239569219908,-0.6368200822150998,-0.08752000248047737
6240.0,249.6,2.0,-26.690180912745,-8.105052781064833,-26.690180912745,-8.105052781064833,4.562548818516648,-0.6368200822150998,-0.08752000248047737
6241.0,249.64000000000001,2.0,-26.716416365010552,-7.846935486016443,-26.716416365010552,-7.846935486016443,4.572858067813388,-0.6368200822150998,-0.08752000248047737
6242.0,249.68,2.0,-26.73985352660272,-7.588981811609443,-26.73985352660272,-7.588981811609443,4.58316731711013,-0.6368200822150998,-0.08752000248047737
6243.0,249.72,2.0,-26.760498319187555,-7.331225140241488,-26.760498319187555,-7.331225140241488,4.59347656640687,-0.6368200822150998,-0.08752000248047737
6244.0,249.76000000000002,2.0,-26.778357089073545,-7.073698746356162,-26.778357089073545,-7.073698746356162,4.60378581570361,-0.6368200822150998,-0.08752000248047737
6245.0,249.8,2.0,-26.79343660552459,-6.816435790833334,-26.79343660552459,-6.816435790833334,4.614095065000351,-0.6368200822150998,-0.08752000248047737
6246.0,249.84,2.0,-26.805744058997323,-6.559469315404404,-26.805744058997323,-6.559469315404404,4.624404314297091,-0.6368200822150998,-0.08752000248047737
6247.0,249.88,2.0,-26.81528705930316,-6.302832237093468,-26.81528705930316,-6.302832237093468,4.634713563593832,-0.6368200822150998,-0.08752000248047737
6248.0,249.92000000000002,2.0,-26.822073633695464,-6.046557342685421,-26.822073633695464,-6.046557342685421,4.645022812890572,-0.6368200822150998,-0.08752000248047737
6249.0,249.96,2.0,-26.82611222488215,-5.790677283222027,-26.82611222488215,-5.790677283222027,4.655332062187313,-0.6368200822150998,-0.08752000248047737
6250.0,250.0,2.0,-26.827411688964172,-5.535224568526968,-26.827411688964172,-5.535224568526968,4.665641311484054,-0.6368200822150998,-0.08752000248047737
6251.0,250.04,2.0,-26.82598129330035,-5.280231561760882,-26.82598129330035,-5.280231561760882,4.675950560780794,-0.6368200822150998,-0.08752000248047737
6252.0,250.08,2.0,-26.82183071429883,-5.025730474007388,-26.82183071429883,-5.025730474007388,4.686259810077534,-0.6368200822150998,-0.08752000248047737
6253.0,250.12,2.0,-26.814970035135776,-4.771753358891103,-26.814970035135776,-4.771753358891103,4.696569059374275,-0.6368200822150998,-0.08752000248047737
6254.0,250.16,2.0,-26.80540974340164,-4.518332107228639,-26.80540974340164,-4.518332107228639,4.706878308671015,-0.6368200822150998,-0.08752000248047737
6255.0,250.20000000000002,2.0,-26.79316072867555,-4.265498441713563,-26.79316072867555,-4.265498441713563,4.717187557967756,-0.6368200822150998,-0.08752000248047737
6256.0,250.24,2.0,-26.778234280028222,-4.013283911636298,-26.778234280028222,-4.013283911636298,4.727496807264496,-0.6368200822150998,-0.08752000248047737
6257.0,250.28,2.0,-26.760642083453966,-3.76171988763995,-26.760642083453966,-3.76171988763995,4.7378060565612365,-0.6368200822150998,-0.08752000248047737
6258.0,250.32,2.0,-26.740396219232252,-3.510837556512988,-26.740396219232252,-3.510837556512988,4.7481153058579775,-0.6368200822150998,-0.08752000248047737
6259.0,250.36,2.0,-26.71750915921938,-3.2606679160197904,-26.71750915921938,-3.2606679160197904,4.7584245551547175,-0.6368200822150998,-0.08752000248047737
6260.0,250.4,2.0,-26.69199376407074,-3.0112417697699505,-26.69199376407074,-3.0112417697699505,4.7687338044514584,-0.6368200822150998,-0.08752000248047737
6261.0,250.44,2.0,-26.66386328039433,-2.762589722127327,-26.66386328039433,-2.762589722127327,4.7790430537481985,-0.6368200822150998,-0.08752000248047737
6262.0,250.48000000000002,2.0,-26.633131337835927,-2.514742173159748,-26.633131337835927,-2.514742173159748,4.7893523030449385,-0.6368200822150998,-0.08752000248047737
6263.0,250.52,2.0,-26.5998119460966,-2.267729313630305,-26.5998119460966,-2.267729313630305,4.7996615523416795,-0.6368200822150998,-0.08752000248047737
6264.0,250.56,2.0,-26.563919491883162,-2.0215811200311564,-26.563919491883162,-2.0215811200311564,4.8099708016384195,-0.6368200822150998,-0.08752000248047737
6265.0,250.6,2.0,-26.525468735792042,-1.7763273496607481,-26.525468735792042,-1.7763273496607481,4.82028005093516,-0.6368200822150998,-0.08752000248047737
6266.0,250.64000000000001,2.0,-26.484474809127363,-1.5319975357453544,-26.484474809127363,-1.5319975357453544,4.830589300231901,-0.6368200822150998,-0.08752000248047737
6267.0,250.68,2.0,-26.440953210653646,-1.2886209826058301,-26.440953210653646,-1.2886209826058301,4.840898549528641,-0.6368200822150998,-0.08752000248047737
6268.0,250.72,2.0,-26.394919803283972,-1.0462267608704645,-26.394919803283972,-1.0462267608704645,4.8512077988253814,-0.6368200822150998,-0.08752000248047737
6269.0,250.76000000000002,2.0,-26.34639081070411,-0.8048437027348061,-26.34639081070411,-0.8048437027348061,4.861517048122122,-0.6368200822150998,-0.08752000248047737
6270.0,250.8,2.0,-26.29538281393336,-0.5645003972693301,-26.29538281393336,-0.5645003972693301,4.871826297418862,-0.6368200822150998,-0.08752000248047737
6271.0,250.84,2.0,-26.24191274782271,-0.32522518577580334,-26.24191274782271,-0.32522518577580334,4.882135546715603,-0.6368200822150998,-0.08752000248047737
6272.0,250.88,2.0,-26.185997897491028,-0.0870461571931953,-26.185997897491028,-0.0870461571931953,4.892444796012343,-0.6368200822150998,-0.08752000248047737
6273.0,250.92000000000002,2.0,-26.127655894700034,0.15000885644602505,-26.127655894700034,0.15000885644602505,4.902754045309084,-0.6368200822150998,-0.08752000248047737
6274.0,250.96,2.0,-26.06690471416864,0.3859122845083794,-26.06690471416864,0.3859122845083794,4.913063294605824,-0.6368200822150998,-0.08752000248047737
6275.0,251.0,2.0,-26.003762669827466,0.620636822199837,-26.003762669827466,0.620636822199837,4.923372543902564,-0.6368200822150998,-0.08752000248047737
6276.0,251.04,2.0,-25.938248411014275,0.8541554349534304,-25.938248411014275,0.8541554349534304,4.933681793199306,-0.6368200822150998,-0.08752000248047737
6277.0,251.08,2.0,-25.870380918610966,1.08644136276323,-25.870380918610966,1.08644136276323,4.943991042496046,-0.6368200822150998,-0.08752000248047737
6278.0,251.12,2.0,-25.800179501122976,1.3174681244638893,-25.800179501122976,1.3174681244638893,4.954300291792786,-0.6368200822150998,-0.08752000248047737
6279.0,251.16,2.0,-25.727663790701847,1.5472095219549862,-25.727663790701847,1.5472095219549862,4.964609541089527,-0.6368200822150998,-0.08752000248047737
6280.0,251.20000000000002,2.0,-25.652853739111617,1.775639644369384,-25.652853739111617,1.775639644369384,4.974918790386267,-0.6368200822150998,-0.08752000248047737
6281.0,251.24,2.0,-25.575769613639967,2.002732872184869,-25.575769613639967,2.002732872184869,4.985228039683007,-0.6368200822150998,-0.08752000248047737
6282.0,251.28,2.0,-25.496431992954836,2.2284638812783046,-25.496431992954836,2.2284638812783046,4.995537288979748,-0.6368200822150998,-0.08752000248047737
6283.0,251.32,2.0,-25.41486176290732,2.4528076469215803,-25.41486176290732,2.4528076469215803,5.005846538276488,-0.6368200822150998,-0.08752000248047737
6284.0,251.36,2.0,-25.33108011228165,2.6757394477186205,-25.33108011228165,2.6757394477186205,5.016155787573229,-0.6368200822150998,-0.08752000248047737
6285.0,251.4,2.0,-25.24510852849312,2.897234869482749,-25.24510852849312,2.897234869482749,5.02646503686997,-0.6368200822150998,-0.08752000248047737
6286.0,251.44,2.0,-25.15696879323475,3.117269809053712,-25.15696879323475,3.117269809053712,5.03677428616671,-0.6368200822150998,-0.08752000248047737
6287.0,251.48000000000002,2.0,-25.06668297807355,3.335820478053649,-25.06668297807355,3.335820478053649,5.04708353546345,-0.6368200822150998,-0.08752000248047737
6288.0,251.52,2.0,-24.974273439997248,3.5528634065813707,-24.974273439997248,3.5528634065813707,5.057392784760191,-0.6368200822150998,-0.08752000248047737
6289.0,251.56,2.0,-24.879762816912283,3.7683754468442388,-24.879762816912283,3.7683754468442388,5.067702034056932,-0.6368200822150998,-0.08752000248047737
6290.0,251.6,2.0,-24.783174023094016,3.9823337767270246,-24.783174023094016,3.9823337767270246,5.078011283353672,-0.6368200822150998,-0.08752000248047737
6291.0,251.64000000000001,2.0,-24.684530244590007,4.19471590329709,-24.684530244590007,4.19471590329709,5.088320532650412,-0.6368200822150998,-0.08752000248047737
6292.0,251.68,2.0,-24.583854934577175,4.405499666245263,-24.583854934577175,4.405499666245263,5.098629781947153,-0.6368200822150998,-0.08752000248047737
6293.0,251.72,2.0,-24.48117180867385,4.6146632412617965,-24.48117180867385,4.6146632412617965,5.108939031243894,-0.6368200822150998,-0.08752000248047737
6294.0,251.76000000000002,2.0,-24.376504840207566,4.822185143346799,-24.376504840207566,4.822185143346799,5.119248280540634,-0.6368200822150998,-0.08752000248047737
6295.0,251.8,2.0,-24.269878255439473,5.028044230054552,-24.269878255439473,5.028044230054552,5.129557529837375,-0.6368200822150998,-0.08752000248047737
6296.0,251.84,2.0,-24.16131652874636,5.232219704671129,-24.16131652874636,5.232219704671129,5.139866779134115,-0.6368200822150998,-0.08752000248047737
6297.0,251.88,2.0,-24.050844377761173,5.434691119324753,-24.050844377761173,5.434691119324753,5.150176028430856,-0.6368200822150998,-0.08752000248047737
6298.0,251.92000000000002,2.0,-23.93848675847295,5.635438378028338,-23.93848675847295,5.635438378028338,5.160485277727597,-0.6368200822150998,-0.08752000248047737
6299.0,251.96,2.0,-23.82426886028718,5.834441739653678,-23.82426886028718,5.834441739653678,5.170794527024336,-0.6368200822150998,-0.08752000248047737
6300.0,252.0,2.0,-23.708216101047455,6.031681820836742,-23.708216101047455,6.031681820836742,5.181103776321078,-0.6368200822150998,-0.08752000248047737
6301.0,252.04,2.0,-23.590354122019423,6.227139598813589,-23.590354122019423,6.227139598813589,5.191413025617818,-0.6368200822150998,-0.08752000248047737
6302.0,252.08,2.0,-23.47070878283802,6.42079641418636,-23.47070878283802,6.42079641418636,5.201722274914558,-0.6368200822150998,-0.08752000248047737
6303.0,252.12,2.0,-23.349306156418887,6.61263397361891,-23.349306156418887,6.61263397361891,5.212031524211299,-0.6368200822150998,-0.08752000248047737
6304.0,252.16,2.0,-23.226172523835036,6.802634352461555,-23.226172523835036,6.802634352461555,5.222340773508039,-0.6368200822150998,-0.08752000248047737
6305.0,252.20000000000002,2.0,-23.10133436915965,6.990779997304517,-23.10133436915965,6.990779997304517,5.232650022804779,-0.6368200822150998,-0.08752000248047737
6306.0,252.24,2.0,-22.974818374276126,7.177053728459595,-22.974818374276126,7.177053728459595,5.242959272101521,-0.6368200822150998,-0.08752000248047737
6307.0,252.28,2.0,-22.84665141365621,7.361438742369619,-22.84665141365621,7.361438742369619,5.253268521398261,-0.6368200822150998,-0.08752000248047737
6308.0,252.32,2.0,-22.716860549107423,7.543918613945317,-22.716860549107423,7.543918613945317,5.263577770695001,-0.6368200822150998,-0.08752000248047737
6309.0,252.36,2.0,-22.585473024490515,7.724477298829129,-22.585473024490515,7.724477298829129,5.273887019991742,-0.6368200822150998,-0.08752000248047737
6310.0,252.4,2.0,-22.452516260408288,7.903099135585604,-22.452516260408288,7.903099135585604,5.284196269288482,-0.6368200822150998,-0.08752000248047737
6311.0,252.44,2.0,-22.318017848866496,8.079768847818027,-22.318017848866496,8.079768847818027,5.294505518585223,-0.6368200822150998,-0.08752000248047737
6312.0,252.48000000000002,2.0,-22.182005547908055,8.254471546210851,-22.182005547908055,8.254471546210851,5.304814767881963,-0.6368200822150998,-0.08752000248047737
6313.0,252.52,2.0,-22.04450727622151,8.427192730497662,-22.04450727622151,8.427192730497662,5.315124017178704,-0.6368200822150998,-0.08752000248047737
6314.0,252.56,2.0,-21.905551107724776,8.597918291354265,-21.905551107724776,8.597918291354265,5.325433266475445,-0.6368200822150998,-0.08752000248047737
6315.0,252.6,2.0,-21.765165266125244,8.766634512216637,-21.765165266125244,8.766634512216637,5.335742515772185,-0.6368200822150998,-0.08752000248047737
6316.0,252.64000000000001,2.0,-21.623378119457268,8.933328071023384,-21.623378119457268,8.933328071023384,5.346051765068925,-0.6368200822150998,-0.08752000248047737
6317.0,252.68,2.0,-21.480218174598026,9.097986041882468,-21.480218174598026,9.097986041882468,5.356361014365666,-0.6368200822150998,-0.08752000248047737
6318.0,252.72,2.0,-21.335714071762922,9.260595896661858,-21.335714071762922,9.260595896661858,5.366670263662406,-0.6368200822150998,-0.08752000248047737
6319.0,252.76000000000002,2.0,-21.18989457898147,9.42114550650393,-21.18989457898147,9.42114550650393,5.376979512959147,-0.6368200822150998,-0.08752000248047737
6320.0,252.8,2.0,-21.04278858655477,9.579623143263253,-21.04278858655477,9.579623143263253,5.387288762255887,-0.6368200822150998,-0.08752000248047737
6321.0,252.84,2.0,-20.894425101495635,9.736017480867662,-20.894425101495635,9.736017480867662,5.397598011552628,-0.6368200822150998,-0.08752000248047737
6322.0,252.88,2.0,-20.744833241952406,9.890317596602273,-20.744833241952406,9.890317596602273,5.407907260849369,-0.6368200822150998,-0.08752000248047737
6323.0,252.92000000000002,2.0,-20.594042231617564,10.042512972316317,-20.594042231617564,10.042512972316317,5.418216510146109,-0.6368200822150998,-0.08752000248047737
6324.0,252.96,2.0,-20.442081394122134,10.192593495552583,-20.442081394122134,10.192593495552583,5.27144612676336,-0.6368200822150998,-0.08752000248047737
6325.0,253.0,2.0,-20.28898014741706,10.34054946059928,-20.28898014741706,10.34054946059928,5.12467574338061,-0.6368200822150998,-0.08752000248047737
6326.0,253.04,2.0,-20.1347679981425,10.486371569464165,-20.1347679981425,10.486371569464165,4.977905359997861,-0.6368200822150998,-0.08752000248047737
6327.0,253.08,2.0,-19.979474535986224,10.63005093277081,-19.979474535986224,10.63005093277081,4.831134976615112,-0.6368200822150998,-0.08752000248047737
6328.0,253.12,2.0,-19.82312942803211,10.771579070576852,-19.82312942803211,10.771579070576852,4.684364593232362,-0.6368200822150998,-0.08752000248047737
6329.0,253.16,2.0,-19.6657624130999,10.91094791311412,-19.6657624130999,10.91094791311412,4.537594209849614,-0.6368200822150998,-0.08752000248047737
6330.0,253.20000000000002,2.0,-19.50740329607716,11.048149801450554,-19.50740329607716,11.048149801450554,4.390823826466865,-0.6368200822150998,-0.08752000248047737
6331.0,253.24,2.0,-19.348081942244725,11.183177488073802,-19.348081942244725,11.183177488073802,4.244053443084114,-0.6368200822150998,-0.08752000248047737
6332.0,253.28,2.0,-19.187828271596494,11.316024137396445,-19.187828271596494,11.316024137396445,4.097283059701366,-0.6368200822150998,-0.08752000248047737
6333.0,253.32,2.0,-19.026672253154832,11.44668332618279,-19.026672253154832,11.44668332618279,3.950512676318616,-0.6368200822150998,-0.08752000248047737
6334.0,253.36,2.0,-18.864643899282548,11.575149043897182,-18.864643899282548,11.575149043897182,3.803742292935867,-0.6368200822150998,-0.08752000248047737
6335.0,253.4,2.0,-18.7017732599926,11.701415692973836,-18.7017732599926,11.701415692973836,3.6569719095531177,-0.6368200822150998,-0.08752000248047737
6336.0,253.44,2.0,-18.538090417256576,11.825478089008115,-18.538090417256576,11.825478089008115,3.510201526170369,-0.6368200822150998,-0.08752000248047737
6337.0,253.48000000000002,2.0,-18.373625479313045,11.947331460869359,-18.373625479313045,11.947331460869359,3.36343114278762,-0.6368200822150998,-0.08752000248047737
6338.0,253.52,2.0,-18.208408574976865,12.066971450735176,-18.208408574976865,12.066971450735176,3.2166607594048706,-0.6368200822150998,-0.08752000248047737
6339.0,253.56,2.0,-18.042469847950525,12.184394114047304,-18.042469847950525,12.184394114047304,3.0698903760221214,-0.6368200822150998,-0.08752000248047737
6340.0,253.6,2.0,-17.87583945113861,12.299595919389072,-17.87583945113861,12.299595919389072,2.9231199926393723,-0.6368200822150998,-0.08752000248047737
6341.0,253.64000000000001,2.0,-17.708547540966435,12.412573748284494,-17.708547540966435,12.412573748284494,2.7763496092566227,-0.6368200822150998,-0.08752000248047737
6342.0,253.68,2.0,-17.540624271704036,12.523324894919138,-17.540624271704036,12.523324894919138,2.629579225873873,-0.6368200822150998,-0.08752000248047737
6343.0,253.72,2.0,-17.37209978979642,12.631847065782797,-17.37209978979642,12.631847065782797,2.4828088424911243,-0.6368200822150998,-0.08752000248047737
6344.0,253.76000000000002,2.0,-17.20300422820133,12.73813837923411,-17.20300422820133,12.73813837923411,2.4931180917878644,-0.6368200822150998,-0.08752000248047737
6345.0,253.8,2.0,-17.033367700735475,12.842197364987252,-17.033367700735475,12.842197364987252,2.5034273410846053,-0.6368200822150998,-0.08752000248047737
6346.0,253.84,2.0,-16.86322029643038,12.944022963520819,-16.86322029643038,12.944022963520819,2.5137365903813453,-0.6368200822150998,-0.08752000248047737
6347.0,253.88,2.0,-16.69259207389888,13.04361452540908,-16.69259207389888,13.04361452540908,2.5240458396780854,-0.6368200822150998,-0.08752000248047737
6348.0,253.92000000000002,2.0,-16.52151305571332,13.140971810575726,-16.52151305571332,13.140971810575726,2.5343550889748263,-0.6368200822150998,-0.08752000248047737
6349.0,253.96,2.0,-16.350013222796598,13.236094987470363,-16.350013222796598,13.236094987470363,2.544664338271567,-0.6368200822150998,-0.08752000248047737
6350.0,254.0,2.0,-16.178122508827016,13.328984632167874,-16.178122508827016,13.328984632167874,2.554973587568307,-0.6368200822150998,-0.08752000248047737
6351.0,254.04,2.0,-16.005870794658087,13.419641727390907,-16.005870794658087,13.419641727390907,2.5652828368650473,-0.6368200822150998,-0.08752000248047737
6352.0,254.08,2.0,-15.833287902754313,13.508067661455726,-15.833287902754313,13.508067661455726,2.575592086161788,-0.6368200822150998,-0.08752000248047737
6353.0,254.12,2.0,-15.660403591643984,13.594264227141613,-15.660403591643984,13.594264227141613,2.5859013354585283,-0.6368200822150998,-0.08752000248047737
6354.0,254.16,2.0,-15.487247550390071,13.678233620484125,-15.487247550390071,13.678233620484125,2.5962105847552683,-0.6368200822150998,-0.08752000248047737
6355.0,254.20000000000002,2.0,-15.313849393080256,13.759978439492453,-15.313849393080256,13.759978439492453,2.6065198340520093,-0.6368200822150998,-0.08752000248047737
6356.0,254.24,2.0,-15.140238653337136,13.839501682791205,-15.140238653337136,13.839501682791205,2.6168290833487498,-0.6368200822150998,-0.08752000248047737
6357.0,254.28,2.0,-14.966444778849626,13.916806748186819,-14.966444778849626,13.916806748186819,2.62713833264549,-0.6368200822150998,-0.08752000248047737
6358.0,254.32,2.0,-14.792497125926655,13.99189743115905,-14.792497125926655,13.99189743115905,2.6374475819422303,-0.6368200822150998,-0.08752000248047737
6359.0,254.36,2.0,-14.618424954074097,14.06477792327775,-14.618424954074097,14.06477792327775,2.6477568312389708,-0.6368200822150998,-0.08752000248047737
6360.0,254.4,2.0,-14.444257420596028,14.135452810545328,-14.444257420596028,14.135452810545328,2.658066080535711,-0.6368200822150998,-0.08752000248047737
6361.0,254.44,2.0,-14.270023575221344,14.203927071665262,-14.270023575221344,14.203927071665262,2.6683753298324513,-0.6368200822150998,-0.08752000248047737
6362.0,254.48000000000002,2.0,-14.09575235475667,14.270206076236988,-14.09575235475667,14.270206076236988,2.6786845791291922,-0.6368200822150998,-0.08752000248047737
6363.0,254.52,2.0,-13.921472577766659,14.334295582877587,-13.921472577766659,14.334295582877587,2.6889938284259323,-0.6368200822150998,-0.08752000248047737
6364.0,254.56,2.0,-13.747212939282658,14.396201737270648,-13.747212939282658,14.396201737270648,2.6993030777226723,-0.6368200822150998,-0.08752000248047737
6365.0,254.6,2.0,-13.573002005540719,14.45593107014274,-13.573002005540719,14.45593107014274,2.7096123270194132,-0.6368200822150998,-0.08752000248047737
6366.0,254.64000000000001,2.0,-13.398868208749956,14.513490495167892,-13.398868208749956,14.513490495167892,2.7199215763161533,-0.6368200822150998,-0.08752000248047737
6367.0,254.68,2.0,-13.224839841892285,14.568887306800525,-13.224839841892285,14.568887306800525,2.7302308256128938,-0.6368200822150998,-0.08752000248047737
6368.0,254.72,2.0,-13.050945053554447,14.622129178037317,-13.050945053554447,14.622129178037317,2.7405400749096342,-0.6368200822150998,-0.08752000248047737
6369.0,254.76000000000002,2.0,-12.877211842793347,14.67322415810843,-12.877211842793347,14.67322415810843,2.7508493242063743,-0.6368200822150998,-0.08752000248047737
6370.0,254.8,2.0,-12.70366805403567,14.722180670098595,-12.70366805403567,14.722180670098595,2.761158573503115,-0.6368200822150998,-0.08752000248047737
6371.0,254.84,2.0,-12.53034137201271,14.769007508498555,-12.53034137201271,14.769007508498555,2.7714678227998553,-0.6368200822150998,-0.08752000248047737
6372.0,254.88,2.0,-12.3572593167314,14.813713836687366,-12.3572593167314,14.813713836687366,2.7817770720965957,-0.6368200822150998,-0.08752000248047737
6373.0,254.92000000000002,2.0,-12.184449238482447,14.856309184346054,-12.184449238482447,14.856309184346054,2.7920863213933362,-0.6368200822150998,-0.08752000248047737
6374.0,254.96,2.0,-12.011938312886578,14.896803444803208,-12.011938312886578,14.896803444803208,2.8023955706900763,-0.6368200822150998,-0.08752000248047737
6375.0,255.0,2.0,-11.839753535979753,14.935206872312998,-11.839753535979753,14.935206872312998,2.8127048199868168,-0.6368200822150998,-0.08752000248047737
6376.0,255.04,2.0,-11.66792171933833,14.971530079266225,-11.66792171933833,14.971530079266225,2.8230140692835577,-0.6368200822150998,-0.08752000248047737
6377.0,255.08,2.0,-11.496469485245076,15.005784033334939,-11.496469485245076,15.005784033334939,2.8333233185802973,-0.6368200822150998,-0.08752000248047737
6378.0,255.12,2.0,-11.32542326189691,15.037980054551221,-11.32542326189691,15.037980054551221,2.843632567877038,-0.6368200822150998,-0.08752000248047737
6379.0,255.16,2.0,-11.154809278655335,15.06812981232074,-11.154809278655335,15.06812981232074,2.8539418171737787,-0.6368200822150998,-0.08752000248047737
6380.0,255.20000000000002,2.0,-10.984653561340396,15.096245322371662,-10.984653561340396,15.096245322371662,2.8642510664705187,-0.6368200822150998,-0.08752000248047737
6381.0,255.24,2.0,-10.814981927569077,15.12233894363953,-10.814981927569077,15.12233894363953,2.8745603157672592,-0.6368200822150998,-0.08752000248047737
6382.0,255.28,2.0,-10.645819982139008,15.14642337508883,-10.645819982139008,15.14642337508883,2.8848695650639997,-0.6368200822150998,-0.08752000248047737
6383.0,255.32,2.0,-10.477193112458336,15.168511652471727,-10.477193112458336,15.168511652471727,2.8951788143607398,-0.6368200822150998,-0.08752000248047737
6384.0,255.36,2.0,-10.309126484022638,15.188617145024802,-10.309126484022638,15.188617145024802,2.9054880636574802,-0.6368200822150998,-0.08752000248047737
6385.0,255.4,2.0,-10.141645035939707,15.206753552104326,-10.141645035939707,15.206753552104326,2.9157973129542207,-0.6368200822150998,-0.08752000248047737
6386.0,255.44,2.0,-9.974773476503055,15.222934899760833,-9.974773476503055,15.222934899760833,2.926106562250961,-0.6368200822150998,-0.08752000248047737
6387.0,255.48000000000002,2.0,-9.808536278814952,15.237175537253645,-9.808536278814952,15.237175537253645,2.9364158115477013,-0.6368200822150998,-0.08752000248047737
6388.0,255.52,2.0,-9.642957676459861,15.249490133506034,-9.642957676459861,15.249490133506034,2.946725060844442,-0.6368200822150998,-0.08752000248047737
6389.0,255.56,2.0,-9.478061659228999,15.259893673501788,-9.478061659228999,15.259893673501788,2.957034310141182,-0.6368200822150998,-0.08752000248047737
6390.0,255.6,2.0,-9.313871968896919,15.26840145462386,-9.313871968896919,15.26840145462386,2.9673435594379223,-0.6368200822150998,-0.08752000248047737
6391.0,255.64000000000001,2.0,-9.150412095050822,15.275029082935868,-9.150412095050822,15.275029082935868,2.977652808734663,-0.6368200822150998,-0.08752000248047737
6392.0,255.68,2.0,-8.987705270973425,15.27979246940715,-8.987705270973425,15.27979246940715,2.9879620580314032,-0.6368200822150998,-0.08752000248047737
6393.0,255.72,2.0,-8.825774469580145,15.282707826082179,-8.825774469580145,15.282707826082179,2.9982713073281437,-0.6368200822150998,-0.08752000248047737
6394.0,255.76000000000002,2.0,-8.664642399411328,15.283791662195066,-8.664642399411328,15.283791662195066,3.008580556624884,-0.6368200822150998,-0.08752000248047737
6395.0,255.8,2.0,-8.504331500680312,15.28306078022997,-8.504331500680312,15.28306078022997,3.0188898059216247,-0.6368200822150998,-0.08752000248047737
6396.0,255.84,2.0,-8.344863941378044,15.280532271928152,-8.344863941378044,15.280532271928152,3.0291990552183647,-0.6368200822150998,-0.08752000248047737
6397.0,255.88,2.0,-8.18626161343495,15.276223514242513,-8.18626161343495,15.276223514242513,3.0395083045151052,-0.6368200822150998,-0.08752000248047737
6398.0,255.92000000000002,2.0,-8.028546128940826,15.270152165240422,-8.028546128940826,15.270152165240422,3.0498175538118457,-0.6368200822150998,-0.08752000248047737
6399.0,255.96,2.0,-7.871738816423386,15.26233615995558,-7.871738816423386,15.26233615995558,3.0601268031085858,-0.6368200822150998,-0.08752000248047737
6400.0,256.0,2.0,-7.71586071718623,15.252793706189909,-7.71586071718623,15.252793706189909,3.0704360524053262,-0.6368200822150998,-0.08752000248047737
6401.0,256.04,2.0,-7.5609325817068465,15.241543280266095,-7.5609325817068465,15.241543280266095,3.0807453017020667,-0.6368200822150998,-0.08752000248047737
6402.0,256.08,2.0,-7.406974866095365,15.228603622731788,-7.406974866095365,15.228603622731788,3.0910545509988068,-0.6368200822150998,-0.08752000248047737
6403.0,256.12,2.0,-7.254007728614686,15.213993734016276,-7.254007728614686,15.213993734016276,3.1013638002955473,-0.6368200822150998,-0.08752000248047737
6404.0,256.16,2.0,-7.102051026262639,15.197732870040443,-7.102051026262639,15.197732870040443,3.1116730495922877,-0.6368200822150998,-0.08752000248047737
6405.0,256.2,2.0,-6.951124311416821,15.179840537780933,-6.951124311416821,15.179840537780933,3.1219822988890282,-0.6368200822150998,-0.08752000248047737
6406.0,256.24,2.0,-6.801246828542695,15.160336490789433,-6.801246828542695,15.160336490789433,3.1322915481857683,-0.6368200822150998,-0.08752000248047737
6407.0,256.28000000000003,2.0,-6.652437510965603,15.139240724667852,-6.652437510965603,15.139240724667852,3.142600797482509,-0.6368200822150998,-0.08752000248047737
6408.0,256.32,2.0,-6.504714977707245,15.116573472500438,-6.504714977707245,15.116573472500438,3.1529100467792492,-0.6368200822150998,-0.08752000248047737
6409.0,256.36,2.0,-6.358097530387236,15.092355200243617,-6.358097530387236,15.092355200243617,3.1632192960759897,-0.6368200822150998,-0.08752000248047737
6410.0,256.4,2.0,-6.212603150190305,15.066606602074534,-6.212603150190305,15.066606602074534,3.17352854537273,-0.6368200822150998,-0.08752000248047737
6411.0,256.44,2.0,-6.068249494899681,15.03934859569921,-6.068249494899681,15.03934859569921,3.1838377946694707,-0.6368200822150998,-0.08752000248047737
6412.0,256.48,2.0,-5.925053895997224,15.01060231762122,-5.925053895997224,15.01060231762122,3.1941470439662107,-0.6368200822150998,-0.08752000248047737
6413.0,256.52,2.0,-5.783033355830829,14.980389118371871,-5.783033355830829,14.980389118371871,3.2044562932629512,-0.6368200822150998,-0.08752000248047737
6414.0,256.56,2.0,-5.642204544849614,14.94873055770276,-5.642204544849614,14.94873055770276,3.2147655425596917,-0.6368200822150998,-0.08752000248047737
6415.0,256.6,2.0,-5.502583798907408,14.915648399741727,-5.502583798907408,14.915648399741727,3.2250747918564313,-0.6368200822150998,-0.08752000248047737
6416.0,256.64,2.0,-5.364187116635025,14.881164608113139,-5.364187116635025,14.881164608113139,3.2353840411531727,-0.6368200822150998,-0.08752000248047737
6417.0,256.68,2.0,-5.2270301568817965,14.845301341023434,-5.2270301568817965,14.845301341023434,3.2456932904499127,-0.6368200822150998,-0.08752000248047737
6418.0,256.72,2.0,-5.091128236226852,14.808080946312964,-5.091128236226852,14.808080946312964,3.256002539746653,-0.6368200822150998,-0.08752000248047737
6419.0,256.76,2.0,-4.956496326560552,14.76952595647506,-4.956496326560552,14.76952595647506,3.2663117890433937,-0.6368200822150998,-0.08752000248047737
6420.0,256.8,2.0,-4.8231490527365795,14.729659083643309,-4.8231490527365795,14.729659083643309,3.2766210383401337,-0.6368200822150998,-0.08752000248047737
6421.0,256.84000000000003,2.0,-4.691100690295034,14.68850321454805,-4.691100690295034,14.68850321454805,3.2869302876368742,-0.6368200822150998,-0.08752000248047737
6422.0,256.88,2.0,-4.560365163257013,14.646081405443098,-4.560365163257013,14.646081405443098,3.2972395369336147,-0.6368200822150998,-0.08752000248047737
6423.0,256.92,2.0,-4.430956041991032,14.60241687700363,-4.430956041991032,14.60241687700363,3.3075487862303548,-0.6368200822150998,-0.08752000248047737
6424.0,256.96,2.0,-4.302886541151671,14.557533009196334,-4.302886541151671,14.557533009196334,3.3178580355270952,-0.6368200822150998,-0.08752000248047737
6425.0,257.0,2.0,-4.176169517690842,14.511453336122731,-4.176169517690842,14.511453336122731,3.3281672848238357,-0.6368200822150998,-0.08752000248047737
6426.0,257.04,2.0,-4.050817468941996,14.464201540836783,-4.050817468941996,14.464201540836783,3.338476534120576,-0.6368200822150998,-0.08752000248047737
6427.0,257.08,2.0,-3.9268425307776376,14.415801450137725,-3.9268425307776376,14.415801450137725,3.3487857834173163,-0.6368200822150998,-0.08752000248047737
6428.0,257.12,2.0,-3.804256475840462,14.366277029339187,-3.804256475840462,14.366277029339187,3.3590950327140567,-0.6368200822150998,-0.08752000248047737
6429.0,257.16,2.0,-3.683070711848427,14.315652377015661,-3.683070711848427,14.315652377015661,3.3694042820107972,-0.6368200822150998,-0.08752000248047737
6430.0,257.2,2.0,-3.563296279974061,14.263951719727284,-3.563296279974061,14.263951719727284,3.3797135313075373,-0.6368200822150998,-0.08752000248047737
6431.0,257.24,2.0,-3.4449438532982852,14.211199406724,-3.4449438532982852,14.211199406724,3.3900227806042778,-0.6368200822150998,-0.08752000248047737
6432.0,257.28000000000003,2.0,-3.3280237353390256,14.15741990463018,-3.3280237353390256,14.15741990463018,3.4003320299010182,-0.6368200822150998,-0.08752000248047737
6433.0,257.32,2.0,-3.2125458586548623,14.102637792110679,-3.2125458586548623,14.102637792110679,3.410641279197759,-0.6368200822150998,-0.08752000248047737
6434.0,257.36,2.0,-3.0985197835239626,14.046877754519462,-3.0985197835239626,14.046877754519462,3.4209505284944988,-0.6368200822150998,-0.08752000248047737
6435.0,257.4,2.0,-2.985954696698518,13.990164578531733,-2.985954696698518,13.990164578531733,3.4312597777912393,-0.6368200822150998,-0.08752000248047737
6436.0,257.44,2.0,-2.874859410234899,13.932523146760744,-2.874859410234899,13.932523146760744,3.44156902708798,-0.6368200822150998,-0.08752000248047737
6437.0,257.48,2.0,-2.7652423603997236,13.873978432360266,-2.7652423603997236,13.873978432360266,3.4518782763847207,-0.6368200822150998,-0.08752000248047737
6438.0,257.52,2.0,-2.657111606652017,13.814555493613804,-2.657111606652017,13.814555493613804,3.4621875256814603,-0.6368200822150998,-0.08752000248047737
6439.0,257.56,2.0,-2.5504748307016363,13.754279468511603,-2.5504748307016363,13.754279468511603,3.472496774978201,-0.6368200822150998,-0.08752000248047737
6440.0,257.6,2.0,-2.4453393356441073,13.693175569316551,-2.4453393356441073,13.693175569316551,3.4828060242749417,-0.6368200822150998,-0.08752000248047737
6441.0,257.64,2.0,-2.341712045172008,13.631269077119992,-2.341712045172008,13.631269077119992,3.4931152735716813,-0.6368200822150998,-0.08752000248047737
6442.0,257.68,2.0,-2.2395995028630304,13.568585336388546,-2.2395995028630304,13.568585336388546,3.503424522868422,-0.6368200822150998,-0.08752000248047737
6443.0,257.72,2.0,-2.139007871544817,13.505149749503001,-2.139007871544817,13.505149749503001,3.5137337721651627,-0.6368200822150998,-0.08752000248047737
6444.0,257.76,2.0,-2.039942932736677,13.440987771290358,-2.039942932736677,13.440987771290358,3.524043021461903,-0.6368200822150998,-0.08752000248047737
6445.0,257.8,2.0,-1.9424100861682452,13.37612490355006,-1.9424100861682452,13.37612490355006,3.534352270758643,-0.6368200822150998,-0.08752000248047737
6446.0,257.84000000000003,2.0,-1.8464143493751592,13.310586689575548,-1.8464143493751592,13.310586689575548,3.5446615200553837,-0.6368200822150998,-0.08752000248047737
6447.0,257.88,2.0,-1.7519603573718008,13.244398708672128,-1.7519603573718008,13.244398708672128,3.554970769352124,-0.6368200822150998,-0.08752000248047737
6448.0,257.92,2.0,-1.659052362401128,13.177586570672329,-1.659052362401128,13.177586570672329,3.5652800186488647,-0.6368200822150998,-0.08752000248047737
6449.0,257.96,2.0,-1.5676942337616222,13.110175910449708,-1.5676942337616222,13.110175910449708,3.5755892679456047,-0.6368200822150998,-0.08752000248047737
6450.0,258.0,2.0,-1.4778894577113522,13.04219238243228,-1.4778894577113522,13.04219238243228,3.585898517242345,-0.6368200822150998,-0.08752000248047737
6451.0,258.04,2.0,-1.3896411374491457,12.973661655116583,-1.3896411374491457,12.973661655116583,3.5962077665390857,-0.6368200822150998,-0.08752000248047737
6452.0,258.08,2.0,-1.3029519931728366,12.904609405583486,-1.3029519931728366,12.904609405583486,3.6065170158358257,-0.6368200822150998,-0.08752000248047737
6453.0,258.12,2.0,-1.2178243622145508,12.83506131401677,-1.2178243622145508,12.83506131401677,3.6168262651325653,-0.6368200822150998,-0.08752000248047737
6454.0,258.16,2.0,-1.134260199252977,12.765043058225631,-1.134260199252977,12.765043058225631,3.6271355144293067,-0.6368200822150998,-0.08752000248047737
6455.0,258.2,2.0,-1.0522610766025449,12.694580308172087,-1.0522610766025449,12.694580308172087,3.6374447637260467,-0.6368200822150998,-0.08752000248047737
6456.0,258.24,2.0,-0.971828184579428,12.623698720504425,-0.971828184579428,12.623698720504425,3.6477540130227872,-0.6368200822150998,-0.08752000248047737
6457.0,258.28000000000003,2.0,-0.8929623319442739,12.55242393309772,-0.8929623319442739,12.55242393309772,3.6580632623195277,-0.6368200822150998,-0.08752000248047737
6458.0,258.32,2.0,-0.8156639464215398,12.480781559602525,-0.8156639464215398,12.480781559602525,3.6683725116162678,-0.6368200822150998,-0.08752000248047737
6459.0,258.36,2.0,-0.7399330752953096,12.40879718400276,-0.7399330752953096,12.40879718400276,3.6786817609130082,-0.6368200822150998,-0.08752000248047737
6460.0,258.4,2.0,-0.6657693860814415,12.336496355183897,-0.6657693860814415,12.336496355183897,3.6889910102097487,-0.6368200822150998,-0.08752000248047737
6461.0,258.44,2.0,-0.5931721672758918,12.263904581512485,-0.5931721672758918,12.263904581512485,3.699300259506489,-0.6368200822150998,-0.08752000248047737
6462.0,258.48,2.0,-0.5221403291790365,12.191047325428077,-0.5221403291790365,12.191047325428077,3.7096095088032293,-0.6368200822150998,-0.08752000248047737
6463.0,258.52,2.0,-0.45267240479580356,12.117949998048624,-0.45267240479580356,12.117949998048624,3.7199187580999697,-0.6368200822150998,-0.08752000248047737
6464.0,258.56,2.0,-0.3847665508114108,12.044637953790367,-0.3847665508114108,12.044637953790367,3.7302280073967102,-0.6368200822150998,-0.08752000248047737
6465.0,258.6,2.0,-0.3184205486424935,11.97113648500332,-0.3184205486424935,11.97113648500332,3.740537256693451,-0.6368200822150998,-0.08752000248047737
6466.0,258.64,2.0,-0.2536318055633848,11.897470816623331,-0.2536318055633848,11.897470816623331,3.7508465059901908,-0.6368200822150998,-0.08752000248047737
6467.0,258.68,2.0,-0.19039735590730622,11.82366610084183,-0.19039735590730622,11.82366610084183,3.7611557552869312,-0.6368200822150998,-0.08752000248047737
6468.0,258.72,2.0,-0.12871386234220142,11.74974741179426,-0.12871386234220142,11.74974741179426,3.7714650045836713,-0.6368200822150998,-0.08752000248047737
6469.0,258.76,2.0,-0.06857761722094206,11.675739740268238,-0.06857761722094206,11.675739740268238,3.7817742538804118,-0.6368200822150998,-0.08752000248047737
6470.0,258.8,2.0,-0.009984544005611351,11.601667988432496,-0.009984544005611351,11.601667988432496,3.7920835031771523,-0.6368200822150998,-0.08752000248047737
6471.0,258.84000000000003,2.0,0.04706980123443829,11.527556964587603,0.04706980123443829,11.527556964587603,3.802392752473893,-0.6368200822150998,-0.08752000248047737
6472.0,258.88,2.0,0.10259022825107192,11.453431377939522,0.10259022825107192,11.453431377939522,3.8127020017706337,-0.6368200822150998,-0.08752000248047737
6473.0,258.92,2.0,0.15658191097273705,11.37931583339699,0.15658191097273705,11.37931583339699,3.823011251067374,-0.6368200822150998,-0.08752000248047737
6474.0,258.96,2.0,0.20905038578705498,11.305234826393761,0.20905038578705498,11.305234826393761,3.833320500364114,-0.6368200822150998,-0.08752000248047737
6475.0,259.0,2.0,0.2600015497509979,11.231212737736723,0.2600015497509979,11.231212737736723,3.8436297496608547,-0.6368200822150998,-0.08752000248047737
6476.0,259.04,2.0,0.3094416587290295,11.15727382848086,0.3094416587290295,11.15727382848086,3.853938998957595,-0.6368200822150998,-0.08752000248047737
6477.0,259.08,2.0,0.3573773254595965,11.083442234832107,0.3573773254595965,11.083442234832107,3.864248248254335,-0.6368200822150998,-0.08752000248047737
6478.0,259.12,2.0,0.4038155175503748,11.009741963079055,0.4038155175503748,11.009741963079055,3.874557497551076,-0.6368200822150998,-0.08752000248047737
6479.0,259.16,2.0,0.448763555402688,10.936196884554501,0.448763555402688,10.936196884554501,3.884866746847816,-0.6368200822150998,-0.08752000248047737
6480.0,259.2,2.0,0.4922291100655265,10.862830730627854,0.4922291100655265,10.862830730627854,3.8951759961445567,-0.6368200822150998,-0.08752000248047737
6481.0,259.24,2.0,0.5342202010196141,10.789667087729322,0.5342202010196141,10.789667087729322,3.905485245441297,-0.6368200822150998,-0.08752000248047737
6482.0,259.28000000000003,2.0,0.5747451938919769,10.716729392406895,0.5747451938919769,10.716729392406895,3.915794494738037,-0.6368200822150998,-0.08752000248047737
6483.0,259.32,2.0,0.6138127981014866,10.64404092641707,0.6138127981014866,10.64404092641707,3.9261037440347777,-0.6368200822150998,-0.08752000248047737
6484.0,259.36,2.0,0.6514320644358635,10.571624811850262,0.6514320644358635,10.571624811850262,3.936412993331518,-0.6368200822150998,-0.08752000248047737
6485.0,259.4,2.0,0.6876123825606347,10.499504006291879,0.6876123825606347,10.499504006291879,3.946722242628259,-0.6368200822150998,-0.08752000248047737
6486.0,259.44,2.0,0.722363478460559,10.427701298019977,0.722363478460559,10.427701298019977,3.9570314919249996,-0.6368200822150998,-0.08752000248047737
6487.0,259.48,2.0,0.7556954118140418,10.356239301240455,0.7556954118140418,10.356239301240455,3.967340741221739,-0.6368200822150998,-0.08752000248047737
6488.0,259.52,2.0,0.787618573301077,10.285140451360686,0.787618573301077,10.285140451360686,3.9776499905184806,-0.6368200822150998,-0.08752000248047737
6489.0,259.56,2.0,0.8181436818452644,10.214427000302537,0.8181436818452644,10.214427000302537,3.987959239815221,-0.6368200822150998,-0.08752000248047737
6490.0,259.6,2.0,0.8472817817904648,10.144121011855683,0.8472817817904648,10.144121011855683,3.998268489111961,-0.6368200822150998,-0.08752000248047737
6491.0,259.64,2.0,0.875044240012668,10.07424435707209,0.875044240012668,10.07424435707209,4.008577738408702,-0.6368200822150998,-0.08752000248047737
6492.0,259.68,2.0,0.9014427429676604,10.004818709702617,0.9014427429676604,10.004818709702617,4.018886987705442,-0.6368200822150998,-0.08752000248047737
6493.0,259.72,2.0,0.9264892936750897,9.93586554167658,0.9264892936750897,9.93586554167658,4.029196237002183,-0.6368200822150998,-0.08752000248047737
6494.0,259.76,2.0,0.9501962086395428,9.867406118625173,0.9501962086395428,9.867406118625173,4.039505486298923,-0.6368200822150998,-0.08752000248047737
6495.0,259.8,2.0,0.9725761147092562,9.799461495449624,0.9725761147092562,9.799461495449624,4.049814735595664,-0.6368200822150998,-0.08752000248047737
6496.0,259.84000000000003,2.0,0.9936419458730974,9.732052511934954,0.9936419458730974,9.732052511934954,4.060123984892404,-0.6368200822150998,-0.08752000248047737
6497.0,259.88,2.0,1.0134069399964625,9.665199788410156,1.0134069399964625,9.665199788410156,4.070433234189144,-0.6368200822150998,-0.08752000248047737
6498.0,259.92,2.0,1.0318846354967544,9.59892372145569,1.0318846354967544,9.59892372145569,4.080742483485885,-0.6368200822150998,-0.08752000248047737
6499.0,259.96,2.0,1.0490888679591066,9.533244479659096,1.0490888679591066,9.533244479659096,4.091051732782626,-0.6368200822150998,-0.08752000248047737
6500.0,260.0,2.0,1.0650337666930387,9.468181999419551,1.0650337666930387,9.468181999419551,4.101360982079366,-0.6368200822150998,-0.08752000248047737
6501.0,260.04,2.0,1.0797337512307377,9.403755980802206,1.0797337512307377,9.403755980802206,4.111670231376107,-0.6368200822150998,-0.08752000248047737
6502.0,260.08,2.0,1.0932035277676688,9.33998588344309,1.0932035277676688,9.33998588344309,4.121979480672847,-0.6368200822150998,-0.08752000248047737
6503.0,260.12,2.0,1.1054580855462341,9.276890922505398,1.1054580855462341,9.276890922505398,4.132288729969588,-0.6368200822150998,-0.08752000248047737
6504.0,260.16,2.0,1.1165126931832041,9.214490064687915,1.1165126931832041,9.214490064687915,4.142597979266328,-0.6368200822150998,-0.08752000248047737
6505.0,260.2,2.0,1.1263828949416606,9.1528020242864,1.1263828949416606,9.1528020242864,4.152907228563068,-0.6368200822150998,-0.08752000248047737
6506.0,260.24,2.0,1.1350845069482027,9.091845259308652,1.1350845069482027,9.091845259308652,4.163216477859809,-0.6368200822150998,-0.08752000248047737
6507.0,260.28000000000003,2.0,1.1426336133561714,9.031637967644041,1.1426336133561714,9.031637967644041,4.17352572715655,-0.6368200822150998,-0.08752000248047737
6508.0,260.32,2.0,1.1490465624556654,8.972198083288237,1.1490465624556654,8.972198083288237,4.18383497645329,-0.6368200822150998,-0.08752000248047737
6509.0,260.36,2.0,1.1543399627311262,8.91354327262388,1.1543399627311262,8.91354327262388,4.19414422575003,-0.6368200822150998,-0.08752000248047737
6510.0,260.4,2.0,1.1585306788672824,8.855690930757898,1.1585306788672824,8.855690930757898,4.204453475046771,-0.6368200822150998,-0.08752000248047737
6511.0,260.44,2.0,1.1616358277042576,8.798658177916215,1.1616358277042576,8.798658177916215,4.214762724343512,-0.6368200822150998,-0.08752000248047737
6512.0,260.48,2.0,1.1636727741426434,8.742461855896494,1.1636727741426434,8.742461855896494,4.225071973640252,-0.6368200822150998,-0.08752000248047737
6513.0,260.52,2.0,1.1646591269993667,8.687118524579686,1.1646591269993667,8.687118524579686,4.235381222936992,-0.6368200822150998,-0.08752000248047737
6514.0,260.56,2.0,1.1646127348151727,8.63264445850099,1.1646127348151727,8.63264445850099,4.245690472233733,-0.6368200822150998,-0.08752000248047737
6515.0,260.6,2.0,1.163551681614564,8.579055643480922,1.163551681614564,8.579055643480922,4.255999721530474,-0.6368200822150998,-0.08752000248047737
6516.0,260.64,2.0,1.1614942826190462,8.526367773317157,1.1614942826190462,8.526367773317157,4.266308970827214,-0.6368200822150998,-0.08752000248047737
6517.0,260.68,2.0,1.158459079914533,8.474596246537752,1.158459079914533,8.474596246537752,4.276618220123955,-0.6368200822150998,-0.08752000248047737
6518.0,260.72,2.0,1.1544648380737739,8.423756163216435,1.1544648380737739,8.423756163216435,4.286927469420695,-0.6368200822150998,-0.08752000248047737
6519.0,260.76,2.0,1.1495305397346878,8.373862321850513,1.1495305397346878,8.373862321850513,4.297236718717436,-0.6368200822150998,-0.08752000248047737
6520.0,260.8,2.0,1.143675381135472,8.324929216302072,1.143675381135472,8.324929216302072,4.307545968014176,-0.6368200822150998,-0.08752000248047737
6521.0,260.84000000000003,2.0,1.1369187676073877,8.276971032803003,1.1369187676073877,8.276971032803003,4.317855217310916,-0.6368200822150998,-0.08752000248047737
6522.0,260.88,2.0,1.1292803090261152,8.230001647024485,1.1292803090261152,8.230001647024485,4.3281644666076575,-0.6368200822150998,-0.08752000248047737
6523.0,260.92,2.0,1.1207798152225887,8.184034621211463,1.1207798152225887,8.184034621211463,4.338473715904398,-0.6368200822150998,-0.08752000248047737
6524.0,260.96,2.0,1.1114372913542208,8.139083201382698,1.1114372913542208,8.139083201382698,4.348782965201138,-0.6368200822150998,-0.08752000248047737
6525.0,261.0,2.0,1.1012729332374467,8.0951603145969,1.1012729332374467,8.0951603145969,4.3590922144978785,-0.6368200822150998,-0.08752000248047737
6526.0,261.04,2.0,1.090307122642508,8.052278566285535,1.090307122642508,8.052278566285535,4.369401463794619,-0.6368200822150998,-0.08752000248047737
6527.0,261.08,2.0,1.078560422551422,8.010450237652755,1.078560422551422,8.010450237652755,4.379710713091359,-0.6368200822150998,-0.08752000248047737
6528.0,261.12,2.0,1.066053572380073,7.9696872831429975,1.066053572380073,7.9696872831429975,4.3900199623881,-0.6368200822150998,-0.08752000248047737
6529.0,261.16,2.0,1.0528074831653842,7.930001327976744,1.0528074831653842,7.930001327976744,4.4003292116848405,-0.6368200822150998,-0.08752000248047737
6530.0,261.2,2.0,1.0388432327185202,7.891403665754909,1.0388432327185202,7.891403665754909,4.4106384609815805,-0.6368200822150998,-0.08752000248047737
6531.0,261.24,2.0,1.0241820607450878,7.853905256132303,1.0241820607450878,7.853905256132303,4.4209477102783215,-0.6368200822150998,-0.08752000248047737
6532.0,261.28000000000003,2.0,1.0088453639333086,7.817516722560681,1.0088453639333086,7.817516722560681,4.4312569595750615,-0.6368200822150998,-0.08752000248047737
6533.0,261.32,2.0,0.9928546910111337,7.782248350101736,0.9928546910111337,7.782248350101736,4.441566208871802,-0.6368200822150998,-0.08752000248047737
6534.0,261.36,2.0,0.9762317377732888,7.7481100833105305,0.9762317377732888,7.7481100833105305,4.4518754581685425,-0.6368200822150998,-0.08752000248047737
6535.0,261.4,2.0,0.9589983420792336,7.71511152418974,0.9589983420792336,7.71511152418974,4.462184707465283,-0.6368200822150998,-0.08752000248047737
6536.0,261.44,2.0,0.9411764788230336,7.68326193021511,0.9411764788230336,7.68326193021511,4.472493956762024,-0.6368200822150998,-0.08752000248047737
6537.0,261.48,2.0,0.922788254876141,7.652570212432522,0.922788254876141,7.652570212432522,4.482803206058764,-0.6368200822150998,-0.08752000248047737
6538.0,261.52,2.0,0.9038559040040905,7.623044933627017,0.9038559040040905,7.623044933627017,4.493112455355504,-0.6368200822150998,-0.08752000248047737
6539.0,261.56,2.0,0.8844017817581186,7.594694306564172,0.8844017817581186,7.594694306564172,4.503421704652245,-0.6368200822150998,-0.08752000248047737
6540.0,261.6,2.0,0.8644483603427228,7.567526192304101,0.8644483603427228,7.567526192304101,4.513730953948986,-0.6368200822150998,-0.08752000248047737
6541.0,261.64,2.0,0.8440182234601776,7.541548098588497,0.8440182234601776,7.541548098588497,4.524040203245726,-0.6368200822150998,-0.08752000248047737
6542.0,261.68,2.0,0.8231340611330331,7.51676717830094,0.8231340611330331,7.51676717830094,4.534349452542466,-0.6368200822150998,-0.08752000248047737
6543.0,261.72,2.0,0.8018186645056206,7.49319022800084,0.8018186645056206,7.49319022800084,4.544658701839207,-0.6368200822150998,-0.08752000248047737
6544.0,261.76,2.0,0.780094920625601,7.4708236865312525,0.780094920625601,7.4708236865312525,4.554967951135948,-0.6368200822150998,-0.08752000248047737
6545.0,261.8,2.0,0.7579858072065907,7.449673633700866,0.7579858072065907,7.449673633700866,4.565277200432688,-0.6368200822150998,-0.08752000248047737
6546.0,261.84000000000003,2.0,0.7355143873728998,7.429745789040384,0.7355143873728998,7.429745789040384,4.575586449729428,-0.6368200822150998,-0.08752000248047737
6547.0,261.88,2.0,0.7127038043874327,7.411045510633597,0.7127038043874327,7.411045510633597,4.585895699026169,-0.6368200822150998,-0.08752000248047737
6548.0,261.92,2.0,0.6895772763637915,7.393577794023306,0.6895772763637915,7.393577794023306,4.43912531564342,-0.6368200822150998,-0.08752000248047737
6549.0,261.96,2.0,0.6661580909636323,7.377347271192359,0.6661580909636323,7.377347271192359,4.29235493226067,-0.6368200822150998,-0.08752000248047737
6550.0,262.0,2.0,0.6424696000803292,7.3623582096199645,0.6424696000803292,7.3623582096199645,4.145584548877922,-0.6368200822150998,-0.08752000248047737
6551.0,262.04,2.0,0.6185352145099955,7.348614511413504,0.6185352145099955,7.348614511413504,3.9988141654951717,-0.6368200822150998,-0.08752000248047737
6552.0,262.08,2.0,0.5943783986109243,7.3361197125159645,0.5943783986109243,7.3361197125159645,3.8520437821124234,-0.6368200822150998,-0.08752000248047737
6553.0,262.12,2.0,0.5700226649525022,7.324876981989182,0.5700226649525022,7.324876981989182,3.705273398729674,-0.6368200822150998,-0.08752000248047737
6554.0,262.16,2.0,0.5454915689546631,7.314889121373007,0.5454915689546631,7.314889121373007,3.5585030153469246,-0.6368200822150998,-0.08752000248047737
6555.0,262.2,2.0,0.520808703518939,7.306158564120546,0.520808703518939,7.306158564120546,3.4117326319641754,-0.6368200822150998,-0.08752000248047737
6556.0,262.24,2.0,0.49599769365217783,7.298687375109556,0.49599769365217783,7.298687375109556,3.2649622485814263,-0.6368200822150998,-0.08752000248047737
6557.0,262.28000000000003,2.0,0.4710821910839901,7.292477250230116,0.4710821910839901,7.292477250230116,3.1181918651986775,-0.6368200822150998,-0.08752000248047737
6558.0,262.32,2.0,0.44608586887899404,7.287529516048624,0.44608586887899404,7.287529516048624,2.971421481815928,-0.6368200822150998,-0.08752000248047737
6559.0,262.36,2.0,0.4210324160449271,7.283845129548216,0.4210324160449271,7.283845129548216,2.8246510984331787,-0.6368200822150998,-0.08752000248047737
6560.0,262.4,2.0,0.3959455321376907,7.281424677945634,0.3959455321376907,7.281424677945634,2.6778807150504296,-0.6368200822150998,-0.08752000248047737
6561.0,262.44,2.0,0.37084892186440155,7.280268378584583,0.37084892186440155,7.280268378584583,2.5311103316676804,-0.6368200822150998,-0.08752000248047737
6562.0,262.48,2.0,0.3457662896855155,7.280376078905609,0.3457662896855155,7.280376078905609,2.3843399482849312,-0.6368200822150998,-0.08752000248047737
6563.0,262.52,2.0,0.3207213344170967,7.281747256492485,0.3207213344170967,7.281747256492485,2.237569564902182,-0.6368200822150998,-0.08752000248047737
6564.0,262.56,2.0,0.2957377438343014,7.284381019195114,0.2957377438343014,7.284381019195114,2.090799181519433,-0.6368200822150998,-0.08752000248047737
6565.0,262.6,2.0,0.27083918927714556,7.288276105328892,0.27083918927714556,7.288276105328892,1.944028798136684,-0.6368200822150998,-0.08752000248047737
6566.0,262.64,2.0,0.24604932025962692,7.293430883950554,0.24604932025962692,7.293430883950554,1.7972584147539348,-0.6368200822150998,-0.08752000248047737
6567.0,262.68,2.0,0.22139175908326894,7.299843355210369,0.22139175908326894,7.299843355210369,1.6504880313711854,-0.6368200822150998,-0.08752000248047737
6568.0,262.72,2.0,0.19689009545615552,7.307511150780674,0.19689009545615552,7.307511150780674,1.660797280667926,-0.6368200822150998,-0.08752000248047737
6569.0,262.76,2.0,0.172567881118523,7.316431534360648,0.172567881118523,7.316431534360648,1.6711065299646664,-0.6368200822150998,-0.08752000248047737
6570.0,262.8,2.0,0.14844862447597457,7.326601402257215,0.14844862447597457,7.326601402257215,1.6814157792614068,-0.6368200822150998,-0.08752000248047737
6571.0,262.84000000000003,2.0,0.124555785241382,7.338017284041969,0.124555785241382,7.338017284041969,1.6917250285581473,-0.6368200822150998,-0.08752000248047737
6572.0,262.88,2.0,0.10091276908653628,7.3506753432840055,0.10091276908653628,7.3506753432840055,1.7020342778548876,-0.6368200822150998,-0.08752000248047737
6573.0,262.92,2.0,0.07754292230460853,7.364571378358491,0.07754292230460853,7.364571378358491,1.7123435271516283,-0.6368200822150998,-0.08752000248047737
6574.0,262.96,2.0,0.054469526484478684,7.379700823330846,0.054469526484478684,7.379700823330846,1.7226527764483688,-0.6368200822150998,-0.08752000248047737
6575.0,263.0,2.0,0.031715793197989006,7.3960587489163245,0.031715793197989006,7.3960587489163245,1.732962025745109,-0.6368200822150998,-0.08752000248047737
6576.0,263.04,2.0,0.009304858701175511,7.4136398635148595,0.009304858701175511,7.4136398635148595,1.7432712750418495,-0.6368200822150998,-0.08752000248047737
6577.0,263.08,2.0,-0.012740221349471514,7.432438514320914,-0.012740221349471514,7.432438514320914,1.7535805243385898,-0.6368200822150998,-0.08752000248047737
6578.0,263.12,2.0,-0.034396477164669724,7.452448688508165,-0.034396477164669724,7.452448688508165,1.7638897736353307,-0.6368200822150998,-0.08752000248047737
6579.0,263.16,2.0,-0.055641030072885025,7.4736640144887705,-0.055641030072885025,7.4736640144887705,1.774199022932071,-0.6368200822150998,-0.08752000248047737
6580.0,263.2,2.0,-0.07645109775270786,7.496077763246975,-0.07645109775270786,7.496077763246975,1.7845082722288115,-0.6368200822150998,-0.08752000248047737
6581.0,263.24,2.0,-0.09680399944602766,7.519682849746795,-0.09680399944602766,7.519682849746795,1.7948175215255517,-0.6368200822150998,-0.08752000248047737
6582.0,263.28000000000003,2.0,-0.11667716115097075,7.5444718344135255,-0.11667716115097075,7.5444718344135255,1.8051267708222922,-0.6368200822150998,-0.08752000248047737
6583.0,263.32,2.0,-0.13604812079357134,7.570436924688735,-0.13604812079357134,7.570436924688735,1.8154360201190325,-0.6368200822150998,-0.08752000248047737
6584.0,263.36,2.0,-0.15489453337714876,7.597569976658505,-0.15489453337714876,7.597569976658505,1.8257452694157734,-0.6368200822150998,-0.08752000248047737
6585.0,263.4,2.0,-0.1731941761083694,7.625862496754555,-0.1731941761083694,7.625862496754555,1.8360545187125137,-0.6368200822150998,-0.08752000248047737
6586.0,263.44,2.0,-0.19092495349897493,7.655305643527934,-0.19092495349897493,7.655305643527934,1.8463637680092542,-0.6368200822150998,-0.08752000248047737
6587.0,263.48,2.0,-0.20806490244216422,7.685890229494933,-0.20806490244216422,7.685890229494933,1.8566730173059949,-0.6368200822150998,-0.08752000248047737
6588.0,263.52,2.0,-0.22459219726262095,7.717606723054868,-0.22459219726262095,7.717606723054868,1.8669822666027351,-0.6368200822150998,-0.08752000248047737
6589.0,263.56,2.0,-0.24048515473918322,7.7504452504793395,-0.24048515473918322,7.7504452504793395,1.8772915158994756,-0.6368200822150998,-0.08752000248047737
6590.0,263.6,2.0,-0.2557222390991586,7.784395597972602,-0.2557222390991586,7.784395597972602,1.887600765196216,-0.6368200822150998,-0.08752000248047737
6591.0,263.64,2.0,-0.27028206698329066,7.81944721380263,-0.27028206698329066,7.81944721380263,1.8979100144929564,-0.6368200822150998,-0.08752000248047737
6592.0,263.68,2.0,-0.2841434123803919,7.85558921050247,-0.2841434123803919,7.85558921050247,1.908219263789697,-0.6368200822150998,-0.08752000248047737
6593.0,263.72,2.0,-0.2972852115306617,7.892810367141449,-0.2972852115306617,7.892810367141449,1.9185285130864376,-0.6368200822150998,-0.08752000248047737
6594.0,263.76,2.0,-0.3096865677967133,7.931099131665796,-0.3096865677967133,7.931099131665796,1.9288377623831778,-0.6368200822150998,-0.08752000248047737
6595.0,263.8,2.0,-0.3213267565013441,7.970443623308232,-0.3213267565013441,7.970443623308232,1.9391470116799183,-0.6368200822150998,-0.08752000248047737
6596.0,263.84000000000003,2.0,-0.3321852297310838,8.010831635066026,-0.3321852297310838,8.010831635066026,1.949456260976659,-0.6368200822150998,-0.08752000248047737
6597.0,263.88,2.0,-0.34224162110456724,8.052250636247086,-0.34224162110456724,8.052250636247086,1.959765510273399,-0.6368200822150998,-0.08752000248047737
6598.0,263.92,2.0,-0.3514757505047824,8.094687775083552,-0.3514757505047824,8.094687775083552,1.9700747595701393,-0.6368200822150998,-0.08752000248047737
6599.0,263.96,2.0,-0.35986762877425127,8.138129881412372,-0.35986762877425127,8.138129881412372,1.98038400886688,-0.6368200822150998,-0.08752000248047737
6600.0,264.0,2.0,-0.3673974623722095,8.18256346942239,-0.3673974623722095,8.18256346942239,1.9906932581636205,-0.6368200822150998,-0.08752000248047737
6601.0,264.04,2.0,-0.3740456579928575,8.22797474046737,-0.3740456579928575,8.22797474046737,2.001002507460361,-0.6368200822150998,-0.08752000248047737
6602.0,264.08,2.0,-0.3797928271437625,8.274349585944396,-0.3797928271437625,8.274349585944396,2.0113117567571015,-0.6368200822150998,-0.08752000248047737
6603.0,264.12,2.0,-0.3846197906835002,8.321673590237138,-0.3846197906835002,8.321673590237138,2.021621006053842,-0.6368200822150998,-0.08752000248047737
6604.0,264.16,2.0,-0.38850758331763124,8.369932033723382,-0.38850758331763124,8.369932033723382,2.031930255350582,-0.6368200822150998,-0.08752000248047737
6605.0,264.2,2.0,-0.3914374580521157,8.419109895846214,-0.3914374580521157,8.419109895846214,2.042239504647323,-0.6368200822150998,-0.08752000248047737
6606.0,264.24,2.0,-0.39339089060327886,8.46919185824831,-0.39339089060327886,8.46919185824831,2.0525487539440634,-0.6368200822150998,-0.08752000248047737
6607.0,264.28000000000003,2.0,-0.3943495837634472,8.520162307968691,-0.3943495837634472,8.520162307968691,2.062858003240804,-0.6368200822150998,-0.08752000248047737
6608.0,264.32,2.0,-0.39429547172138407,8.572005340701317,-0.39429547172138407,8.572005340701317,2.073167252537544,-0.6368200822150998,-0.08752000248047737
6609.0,264.36,2.0,-0.3932107243366623,8.624704764114911,-0.3932107243366623,8.624704764114911,2.0834765018342845,-0.6368200822150998,-0.08752000248047737
6610.0,264.4,2.0,-0.3910777513671205,8.678244101233336,-0.3910777513671205,8.678244101233336,2.0937857511310254,-0.6368200822150998,-0.08752000248047737
6611.0,264.44,2.0,-0.3878792066485577,8.732606593875897,-0.3878792066485577,8.732606593875897,2.1040950004277654,-0.6368200822150998,-0.08752000248047737
6612.0,264.48,2.0,-0.38359799222583224,8.787775206156862,-0.38359799222583224,8.787775206156862,2.114404249724506,-0.6368200822150998,-0.08752000248047737
6613.0,264.52,2.0,-0.37821726243453757,8.843732628043565,-0.37821726243453757,8.843732628043565,2.1247134990212464,-0.6368200822150998,-0.08752000248047737
6614.0,264.56,2.0,-0.371720427932439,8.900461278972353,-0.371720427932439,8.900461278972353,2.135022748317987,-0.6368200822150998,-0.08752000248047737
6615.0,264.6,2.0,-0.36409115967986516,8.957943311521706,-0.36409115967986516,8.957943311521706,2.1453319976147274,-0.6368200822150998,-0.08752000248047737
6616.0,264.64,2.0,-0.3553133928682564,9.01616061514181,-0.3553133928682564,9.01616061514181,2.1556412469114674,-0.6368200822150998,-0.08752000248047737
6617.0,264.68,2.0,-0.3453713307960833,9.075094819939826,-0.3453713307960833,9.075094819939826,2.1659504962082083,-0.6368200822150998,-0.08752000248047737
6618.0,264.72,2.0,-0.33424944869135864,9.134727300520158,-0.33424944869135864,9.134727300520158,2.176259745504949,-0.6368200822150998,-0.08752000248047737
6619.0,264.76,2.0,-0.32193249747997676,9.195039179878956,-0.32193249747997676,9.195039179878956,2.1865689948016893,-0.6368200822150998,-0.08752000248047737
6620.0,264.8,2.0,-0.3084055074991224,9.256011333352086,-0.3084055074991224,9.256011333352086,2.19687824409843,-0.6368200822150998,-0.08752000248047737
6621.0,264.84000000000003,2.0,-0.29365379215500637,9.31762439261582,-0.29365379215500637,9.31762439261582,2.2071874933951703,-0.6368200822150998,-0.08752000248047737
6622.0,264.88,2.0,-0.27766295152419057,9.379858749739427,-0.27766295152419057,9.379858749739427,2.2174967426919108,-0.6368200822150998,-0.08752000248047737
6623.0,264.92,2.0,-0.26041887589777957,9.442694561288928,-0.26041887589777957,9.442694561288928,2.2278059919886513,-0.6368200822150998,-0.08752000248047737
6624.0,264.96,2.0,-0.2419077492677663,9.506111752481182,-0.2419077492677663,9.506111752481182,2.2381152412853917,-0.6368200822150998,-0.08752000248047737
6625.0,265.0,2.0,-0.2221160527548291,9.570090021387491,-0.2221160527548291,9.570090021387491,2.2484244905821322,-0.6368200822150998,-0.08752000248047737
6626.0,265.04,2.0,-0.2010305679768906,9.634608843185926,-0.2010305679768906,9.634608843185926,2.2587337398788727,-0.6368200822150998,-0.08752000248047737
6627.0,265.08,2.0,-0.1786383803577579,9.699647474461525,-0.1786383803577579,9.699647474461525,2.2690429891756128,-0.6368200822150998,-0.08752000248047737
6628.0,265.12,2.0,-0.1549268823751786,9.76518495755354,-0.1549268823751786,9.76518495755354,2.2793522384723532,-0.6368200822150998,-0.08752000248047737
6629.0,265.16,2.0,-0.12988377674765514,9.831200124948875,-0.12988377674765514,9.831200124948875,2.289661487769094,-0.6368200822150998,-0.08752000248047737
6630.0,265.2,2.0,-0.10349707955937397,9.897671603720873,-0.10349707955937397,9.897671603720873,2.2999707370658347,-0.6368200822150998,-0.08752000248047737
6631.0,265.24,2.0,-0.07575512332261783,9.964577820012565,-0.07575512332261783,9.964577820012565,2.310279986362575,-0.6368200822150998,-0.08752000248047737
6632.0,265.28000000000003,2.0,-0.04664655997704044,10.03189700356352,-0.04664655997704044,10.03189700356352,2.320589235659315,-0.6368200822150998,-0.08752000248047737
6633.0,265.32,2.0,-0.016160363825196013,10.099607192279432,-0.016160363825196013,10.099607192279432,2.330898484956056,-0.6368200822150998,-0.08752000248047737
6634.0,265.36,2.0,0.015714165596271902,10.1676862368435,0.015714165596271902,10.1676862368435,2.3412077342527966,-0.6368200822150998,-0.08752000248047737
6635.0,265.4,2.0,0.04898740071036576,10.236111805368777,0.04898740071036576,10.236111805368777,2.351516983549537,-0.6368200822150998,-0.08752000248047737
6636.0,265.44,2.0,0.08366938315896384,10.304861388090503,0.08366938315896384,10.304861388090503,2.361826232846277,-0.6368200822150998,-0.08752000248047737
6637.0,265.48,2.0,0.11976982112810282,10.37391230209756,0.11976982112810282,10.37391230209756,2.372135482143018,-0.6368200822150998,-0.08752000248047737
6638.0,265.52,2.0,0.15729808673985843,10.443241696102124,0.15729808673985843,10.443241696102124,2.3824447314397585,-0.6368200822150998,-0.08752000248047737
6639.0,265.56,2.0,0.19626321351135684,10.512826555246534,0.19626321351135684,10.512826555246534,2.392753980736499,-0.6368200822150998,-0.08752000248047737
6640.0,265.6,2.0,0.23667389388143567,10.58264370594652,0.23667389388143567,10.58264370594652,2.403063230033239,-0.6368200822150998,-0.08752000248047737
6641.0,265.64,2.0,0.27853847680546195,10.652669820769765,0.27853847680546195,10.652669820769765,2.41337247932998,-0.6368200822150998,-0.08752000248047737
6642.0,265.68,2.0,0.32186496541879983,10.722881423348902,0.32186496541879983,10.722881423348902,2.42368172862672,-0.6368200822150998,-0.08752000248047737
6643.0,265.72,2.0,0.3666610147694082,10.793254893327981,0.3666610147694082,10.793254893327981,2.4339909779234605,-0.6368200822150998,-0.08752000248047737
6644.0,265.76,2.0,0.41293392962003556,10.863766471341412,0.41293392962003556,10.863766471341412,2.444300227220201,-0.6368200822150998,-0.08752000248047737
6645.0,265.8,2.0,0.4606906623204643,10.93439226402444,0.4606906623204643,10.93439226402444,2.4546094765169415,-0.6368200822150998,-0.08752000248047737
6646.0,265.84000000000003,2.0,0.5099378107502457,11.005108249054171,0.5099378107502457,11.005108249054171,2.464918725813682,-0.6368200822150998,-0.08752000248047737
6647.0,265.88,2.0,0.5606816163323507,11.075890280220156,0.5606816163323507,11.075890280220156,2.4752279751104225,-0.6368200822150998,-0.08752000248047737
6648.0,265.92,2.0,0.6129279621181494,11.146714092523549,0.6129279621181494,11.146714092523549,2.485537224407163,-0.6368200822150998,-0.08752000248047737
6649.0,265.96,2.0,0.6666823709441189,11.217555307303831,0.6666823709441189,11.217555307303831,2.495846473703904,-0.6368200822150998,-0.08752000248047737
6650.0,266.0,2.0,0.7219500036606632,11.288389437392143,0.7219500036606632,11.288389437392143,2.506155723000644,-0.6368200822150998,-0.08752000248047737
6651.0,266.04,2.0,0.7787356574334167,11.359191892290134,0.7787356574334167,11.359191892290134,2.5164649722973844,-0.6368200822150998,-0.08752000248047737
6652.0,266.08,2.0,0.837043764117389,11.429937983373435,0.837043764117389,11.429937983373435,2.526774221594125,-0.6368200822150998,-0.08752000248047737
6653.0,266.12,2.0,0.8968783887042928,11.500602929118612,0.8968783887042928,11.500602929118612,2.537083470890866,-0.6368200822150998,-0.08752000248047737
6654.0,266.16,2.0,0.9582432278433852,11.571161860352692,0.9582432278433852,11.571161860352692,2.5473927201876063,-0.6368200822150998,-0.08752000248047737
6655.0,266.2,2.0,1.0211416084361358,11.641589825524147,1.0211416084361358,11.641589825524147,2.5577019694843464,-0.6368200822150998,-0.08752000248047737
6656.0,266.24,2.0,1.085576486305023,11.711861795994364,1.085576486305023,11.711861795994364,2.568011218781087,-0.6368200822150998,-0.08752000248047737
6657.0,266.28000000000003,2.0,1.1515504449367457,11.781952671348563,1.1515504449367457,11.781952671348563,2.5783204680778278,-0.6368200822150998,-0.08752000248047737
6658.0,266.32,2.0,1.219065694300117,11.851837284725061,1.219065694300117,11.851837284725061,2.5886297173745683,-0.6368200822150998,-0.08752000248047737
6659.0,266.36,2.0,1.2881240697389063,11.921490408161945,1.2881240697389063,11.921490408161945,2.5989389666713083,-0.6368200822150998,-0.08752000248047737
6660.0,266.4,2.0,1.3587270309398645,11.990886757960016,1.3587270309398645,11.990886757960016,2.609248215968049,-0.6368200822150998,-0.08752000248047737
6661.0,266.44,2.0,1.4308756609761633,12.06000100006101,1.4308756609761633,12.06000100006101,2.6195574652647897,-0.6368200822150998,-0.08752000248047737
6662.0,266.48,2.0,1.5045706654264666,12.128807755440025,1.5045706654264666,12.128807755440025,2.62986671456153,-0.6368200822150998,-0.08752000248047737
6663.0,266.52,2.0,1.5798123715698256,12.197281605511094,1.5798123715698256,12.197281605511094,2.6401759638582707,-0.6368200822150998,-0.08752000248047737
6664.0,266.56,2.0,1.6566007276565888,12.265397097544868,1.6566007276565888,12.265397097544868,2.6504852131550107,-0.6368200822150998,-0.08752000248047737
6665.0,266.6,2.0,1.7349353022554932,12.33312875009733,1.7349353022554932,12.33312875009733,2.6607944624517517,-0.6368200822150998,-0.08752000248047737
6666.0,266.64,2.0,1.8148152836770948,12.400451058448478,1.8148152836770948,12.400451058448478,2.671103711748492,-0.6368200822150998,-0.08752000248047737
6667.0,266.68,2.0,1.8962394794736739,12.467338500049932,1.8962394794736739,12.467338500049932,2.6814129610452326,-0.6368200822150998,-0.08752000248047737
6668.0,266.72,2.0,1.9792063160157496,12.533765539980376,1.9792063160157496,12.533765539980376,2.6917222103419727,-0.6368200822150998,-0.08752000248047737
6669.0,266.76,2.0,2.0637138381453033,12.59970663640779,2.0637138381453033,12.59970663640779,2.7020314596387136,-0.6368200822150998,-0.08752000248047737
6670.0,266.8,2.0,2.1497597089058162,12.665136246057365,2.1497597089058162,12.665136246057365,2.712340708935454,-0.6368200822150998,-0.08752000248047737
6671.0,266.84000000000003,2.0,2.2373412093492,12.730028829684096,2.2373412093492,12.730028829684096,2.7226499582321946,-0.6368200822150998,-0.08752000248047737
6672.0,266.88,2.0,2.3264552384196824,12.7943588575489,2.3264552384196824,12.7943588575489,2.7329592075289346,-0.6368200822150998,-0.08752000248047737
6673.0,266.92,2.0,2.417098312914707,12.858100814897261,2.417098312914707,12.858100814897261,2.7432684568256755,-0.6368200822150998,-0.08752000248047737
6674.0,266.96,2.0,2.509266567522878,12.921229207439264,2.509266567522878,12.921229207439264,2.7535777061224156,-0.6368200822150998,-0.08752000248047737
6675.0,267.0,2.0,2.6029557549389724,12.983718566830017,2.6029557549389724,12.983718566830017,2.763886955419156,-0.6368200822150998,-0.08752000248047737
6676.0,267.04,2.0,2.6981612460560322,13.045543456149312,2.6981612460560322,13.045543456149312,2.7741962047158966,-0.6368200822150998,-0.08752000248047737
6677.0,267.08,2.0,2.7948780302345186,13.106678475379482,2.7948780302345186,13.106678475379482,2.784505454012637,-0.6368200822150998,-0.08752000248047737
6678.0,267.12,2.0,2.8931007156485125,13.16709826688043,2.8931007156485125,13.16709826688043,2.7948147033093775,-0.6368200822150998,-0.08752000248047737
6679.0,267.16,2.0,2.9928235297089274,13.226777520860656,2.9928235297089274,13.226777520860656,2.805123952606118,-0.6368200822150998,-0.08752000248047737
6680.0,267.2,2.0,3.0940403195636668,13.285690980843299,3.0940403195636668,13.285690980843299,2.8154332019028585,-0.6368200822150998,-0.08752000248047737
6681.0,267.24,2.0,3.1967445526746787,13.343813449126063,3.1967445526746787,13.343813449126063,2.8257424511995994,-0.6368200822150998,-0.08752000248047737
6682.0,267.28000000000003,2.0,3.3009293174718053,13.401119792234002,3.3009293174718053,13.401119792234002,2.8360517004963395,-0.6368200822150998,-0.08752000248047737
6683.0,267.32,2.0,3.4065873240833455,13.457584946364056,3.4065873240833455,13.457584946364056,2.84636094979308,-0.6368200822150998,-0.08752000248047737
6684.0,267.36,2.0,3.513710905143212,13.513183922820293,3.513710905143212,13.513183922820293,2.8566701990898204,-0.6368200822150998,-0.08752000248047737
6685.0,267.4,2.0,3.6222920166745505,13.56789181343876,3.6222920166745505,13.56789181343876,2.8669794483865614,-0.6368200822150998,-0.08752000248047737
6686.0,267.44,2.0,3.732322239049698,13.621683796000948,3.732322239049698,13.621683796000948,2.877288697683302,-0.6368200822150998,-0.08752000248047737
6687.0,267.48,2.0,3.8437927780262937,13.674535139634704,3.8437927780262937,13.674535139634704,2.887597946980042,-0.6368200822150998,-0.08752000248047737
6688.0,267.52,2.0,3.956694465859406,13.726421210201625,3.956694465859406,13.726421210201625,2.8979071962767824,-0.6368200822150998,-0.08752000248047737
6689.0,267.56,2.0,4.071017762489457,13.777317475669815,4.071017762489457,13.777317475669815,2.9082164455735233,-0.6368200822150998,-0.08752000248047737
6690.0,267.6,2.0,4.186752756805772,13.82719951147097,4.186752756805772,13.82719951147097,2.918525694870264,-0.6368200822150998,-0.08752000248047737
6691.0,267.64,2.0,4.30388916798552,13.876043005840756,4.30388916798552,13.876043005840756,2.928834944167004,-0.6368200822150998,-0.08752000248047737
6692.0,267.68,2.0,4.4224163469078155,13.923823765141378,4.4224163469078155,13.923823765141378,2.9391441934637443,-0.6368200822150998,-0.08752000248047737
6693.0,267.72,2.0,4.542323277642758,13.970517719165366,4.542323277642758,13.970517719165366,2.9494534427604853,-0.6368200822150998,-0.08752000248047737
6694.0,267.76,2.0,4.663598579015122,14.016100926419446,4.663598579015122,14.016100926419446,2.9597626920572258,-0.6368200822150998,-0.08752000248047737
6695.0,267.8,2.0,4.786230506242444,14.060549579387565,4.786230506242444,14.060549579387565,2.9700719413539662,-0.6368200822150998,-0.08752000248047737
6696.0,267.84000000000003,2.0,4.910206952647211,14.103840009771911,4.910206952647211,14.103840009771911,2.9803811906507063,-0.6368200822150998,-0.08752000248047737
6697.0,267.88,2.0,5.03551545144285,14.145948693711011,5.03551545144285,14.145948693711011,2.990690439947447,-0.6368200822150998,-0.08752000248047737
6698.0,267.92,2.0,5.162143177593203,14.18685225697379,5.162143177593203,14.18685225697379,3.0009996892441877,-0.6368200822150998,-0.08752000248047737
6699.0,267.96,2.0,5.2900769497451545,14.226527480128627,5.2900769497451545,14.226527480128627,3.011308938540928,-0.6368200822150998,-0.08752000248047737
6700.0,268.0,2.0,5.419303232234066,14.264951303686356,5.419303232234066,14.264951303686356,3.0216181878376682,-0.6368200822150998,-0.08752000248047737
6701.0,268.04,2.0,5.549808137161671,14.302100833216205,5.549808137161671,14.302100833216205,3.031927437134409,-0.6368200822150998,-0.08752000248047737
6702.0,268.08,2.0,5.681577426546026,14.33795334443369,5.681577426546026,14.33795334443369,3.0422366864311496,-0.6368200822150998,-0.08752000248047737
6703.0,268.12,2.0,5.814596514543184,14.372486288259406,5.814596514543184,14.372486288259406,3.0525459357278897,-0.6368200822150998,-0.08752000248047737
6704.0,268.16,2.0,5.948850469740121,14.405677295847772,5.948850469740121,14.405677295847772,3.06285518502463,-0.6368200822150998,-0.08752000248047737
6705.0,268.2,2.0,6.084324017518567,14.437504183584716,6.084324017518567,14.437504183584716,3.073164434321371,-0.6368200822150998,-0.08752000248047737
6706.0,268.24,2.0,6.221001542489267,14.467944958053277,6.221001542489267,14.467944958053277,3.083473683618111,-0.6368200822150998,-0.08752000248047737
6707.0,268.28000000000003,2.0,6.358867090996254,14.496977820966226,6.358867090996254,14.496977820966226,3.0937829329148516,-0.6368200822150998,-0.08752000248047737
6708.0,268.32,2.0,6.497904373690668,14.524581174064645,6.497904373690668,14.524581174064645,3.104092182211592,-0.6368200822150998,-0.08752000248047737
6709.0,268.36,2.0,6.638096768173649,14.550733623981538,6.638096768173649,14.550733623981538,3.1144014315083326,-0.6368200822150998,-0.08752000248047737
6710.0,268.4,2.0,6.779427321707848,14.57541398706952,6.779427321707848,14.57541398706952,3.124710680805073,-0.6368200822150998,-0.08752000248047737
6711.0,268.44,2.0,6.921878753997004,14.598601294191619,6.921878753997004,14.598601294191619,3.1350199301018136,-0.6368200822150998,-0.08752000248047737
6712.0,268.48,2.0,7.065433460033151,14.620274795474199,7.065433460033151,14.620274795474199,3.145329179398554,-0.6368200822150998,-0.08752000248047737
6713.0,268.52,2.0,7.210073513010869,14.640413965021143,7.210073513010869,14.640413965021143,3.1556384286952945,-0.6368200822150998,-0.08752000248047737
6714.0,268.56,2.0,7.355780667308082,14.65899850558831,7.355780667308082,14.65899850558831,3.165947677992035,-0.6368200822150998,-0.08752000248047737
6715.0,268.6,2.0,7.502536361532833,14.676008353217332,7.502536361532833,14.676008353217332,3.1762569272887755,-0.6368200822150998,-0.08752000248047737
6716.0,268.64,2.0,7.6503217216355015,14.69142368182789,7.6503217216355015,14.69142368182789,3.186566176585516,-0.6368200822150998,-0.08752000248047737
6717.0,268.68,2.0,7.799117564085852,14.705224907767464,7.799117564085852,14.705224907767464,3.196875425882257,-0.6368200822150998,-0.08752000248047737
6718.0,268.72,2.0,7.948904399114359,14.717392694317743,7.948904399114359,14.717392694317743,3.207184675178997,-0.6368200822150998,-0.08752000248047737
6719.0,268.76,2.0,8.099662434017205,14.727907956156761,8.099662434017205,14.727907956156761,3.2174939244757375,-0.6368200822150998,-0.08752000248047737
6720.0,268.8,2.0,8.251371576524317,14.736751863775874,8.251371576524317,14.736751863775874,3.227803173772478,-0.6368200822150998,-0.08752000248047737
6721.0,268.84000000000003,2.0,8.404011438229853,14.743905847850684,8.404011438229853,14.743905847850684,3.238112423069218,-0.6368200822150998,-0.08752000248047737
6722.0,268.88,2.0,8.557561338084472,14.749351603565078,8.557561338084472,14.749351603565078,3.2484216723659585,-0.6368200822150998,-0.08752000248047737
6723.0,268.92,2.0,8.71200030594876,14.753071094887492,8.71200030594876,14.753071094887492,3.2587309216627,-0.6368200822150998,-0.08752000248047737
6724.0,268.96,2.0,8.867307086207136,14.75504655879855,8.867307086207136,14.75504655879855,3.26904017095944,-0.6368200822150998,-0.08752000248047737
6725.0,269.0,2.0,9.023460141441591,14.755260509469252,9.023460141441591,14.755260509469252,3.2793494202561804,-0.6368200822150998,-0.08752000248047737
6726.0,269.04,2.0,9.180437656164548,14.753695742388862,9.180437656164548,14.753695742388862,3.289658669552921,-0.6368200822150998,-0.08752000248047737
6727.0,269.08,2.0,9.33821754061017,14.750335338441676,9.33821754061017,14.750335338441676,3.2999679188496613,-0.6368200822150998,-0.08752000248047737
6728.0,269.12,2.0,9.496777434583397,14.74516266793185,9.496777434583397,14.74516266793185,3.310277168146402,-0.6368200822150998,-0.08752000248047737
6729.0,269.16,2.0,9.656094711365999,14.738161394555515,9.656094711365999,14.738161394555515,3.3205864174431428,-0.6368200822150998,-0.08752000248047737
6730.0,269.2,2.0,9.81614648167893,14.729315479319329,9.81614648167893,14.729315479319329,3.3308956667398824,-0.6368200822150998,-0.08752000248047737
6731.0,269.24,2.0,9.97690959770022,14.718609184404707,9.97690959770022,14.718609184404707,3.341204916036623,-0.6368200822150998,-0.08752000248047737
6732.0,269.28000000000003,2.0,10.138360657137664,14.706027076977014,10.138360657137664,14.706027076977014,3.3515141653333638,-0.6368200822150998,-0.08752000248047737
6733.0,269.32,2.0,10.30047600735556,14.69155403293884,10.30047600735556,14.69155403293884,3.3618234146301043,-0.6368200822150998,-0.08752000248047737
6734.0,269.36,2.0,10.463231749554705,14.67517524062669,10.463231749554705,14.67517524062669,3.3721326639268447,-0.6368200822150998,-0.08752000248047737
6735.0,269.4,2.0,10.62660374300488,14.656876204450331,10.62660374300488,14.656876204450331,3.3824419132235852,-0.6368200822150998,-0.08752000248047737
6736.0,269.44,2.0,10.79056760932903,14.636642748474046,10.79056760932903,14.636642748474046,3.3927511625203253,-0.6368200822150998,-0.08752000248047737
6737.0,269.48,2.0,10.955098736838327,14.61446101993908,10.955098736838327,14.61446101993908,3.4030604118170658,-0.6368200822150998,-0.08752000248047737
6738.0,269.52,2.0,11.120172284917327,14.590317492726593,11.120172284917327,14.590317492726593,3.4133696611138062,-0.6368200822150998,-0.08752000248047737
6739.0,269.56,2.0,11.285763188458361,14.564198970760364,11.285763188458361,14.564198970760364,3.4236789104105476,-0.6368200822150998,-0.08752000248047737
6740.0,269.6,2.0,11.45184616234437,14.536092591348623,11.45184616234437,14.536092591348623,3.433988159707288,-0.6368200822150998,-0.08752000248047737
6741.0,269.64,2.0,11.618395705979314,14.505985828464313,11.618395705979314,14.505985828464313,3.444297409004028,-0.6368200822150998,-0.08752000248047737
6742.0,269.68,2.0,11.785386107865325,14.47386649596309,11.785386107865325,14.47386649596309,3.4546066583007686,-0.6368200822150998,-0.08752000248047737
6743.0,269.72,2.0,11.95279145022571,14.43972275073844,11.95279145022571,14.43972275073844,3.464915907597509,-0.6368200822150998,-0.08752000248047737
6744.0,269.76,2.0,12.120585613673,14.403543095813276,12.120585613673,14.403543095813276,3.475225156894249,-0.6368200822150998,-0.08752000248047737
6745.0,269.8,2.0,12.288742281921076,14.365316383367363,12.288742281921076,14.365316383367363,3.4855344061909896,-0.6368200822150998,-0.08752000248047737
6746.0,269.84000000000003,2.0,12.45723494654057,14.325031817699962,12.45723494654057,14.325031817699962,3.495843655487731,-0.6368200822150998,-0.08752000248047737
6747.0,269.88,2.0,12.62603691175661,14.282678958127125,12.62603691175661,14.282678958127125,3.5061529047844715,-0.6368200822150998,-0.08752000248047737
6748.0,269.92,2.0,12.795121299288002,14.238247721812959,12.795121299288002,14.238247721812959,3.516462154081212,-0.6368200822150998,-0.08752000248047737
6749.0,269.96,2.0,12.964461053226936,14.19172838653443,12.964461053226936,14.19172838653443,3.526771403377952,-0.6368200822150998,-0.08752000248047737
6750.0,270.0,2.0,13.13402894495832,14.143111593378944,13.13402894495832,14.143111593378944,3.5370806526746925,-0.6368200822150998,-0.08752000248047737
6751.0,270.04,2.0,13.303797578117795,14.092388349374357,13.303797578117795,14.092388349374357,3.547389901971433,-0.6368200822150998,-0.08752000248047737
6752.0,270.08,2.0,13.473739393587493,14.039550030050702,13.473739393587493,14.039550030050702,3.557699151268173,-0.6368200822150998,-0.08752000248047737
6753.0,270.12,2.0,13.643826674528622,13.984588381933218,13.643826674528622,13.984588381933218,3.5680084005649144,-0.6368200822150998,-0.08752000248047737
6754.0,270.16,2.0,13.814031551449895,13.927495524966114,13.814031551449895,13.927495524966114,3.578317649861654,-0.6368200822150998,-0.08752000248047737
6755.0,270.2,2.0,13.984326007310855,13.868263954866574,13.984326007310855,13.868263954866574,3.5886268991583945,-0.6368200822150998,-0.08752000248047737
6756.0,270.24,2.0,14.154681882659185,13.80688654540852,14.154681882659185,13.80688654540852,3.598936148455136,-0.6368200822150998,-0.08752000248047737
6757.0,270.28000000000003,2.0,14.325070880800912,13.743356550635673,14.325070880800912,13.743356550635673,3.6092453977518764,-0.6368200822150998,-0.08752000248047737
6758.0,270.32,2.0,14.495464573002682,13.677667607003395,14.495464573002682,13.677667607003395,3.6195546470486164,-0.6368200822150998,-0.08752000248047737
6759.0,270.36,2.0,14.665834403724986,13.609813735448961,14.665834403724986,13.609813735448961,3.6298638963453564,-0.6368200822150998,-0.08752000248047737
6760.0,270.4,2.0,14.836151695885444,13.539789343389714,14.836151695885444,13.539789343389714,3.640173145642097,-0.6368200822150998,-0.08752000248047737
6761.0,270.44,2.0,15.006387656151094,13.467589226648759,15.006387656151094,13.467589226648759,3.6504823949388383,-0.6368200822150998,-0.08752000248047737
6762.0,270.48,2.0,15.176513380258706,13.393208571307772,15.176513380258706,13.393208571307772,3.660791644235579,-0.6368200822150998,-0.08752000248047737
6763.0,270.52,2.0,15.346499858362126,13.31664295548652,15.346499858362126,13.31664295548652,3.6711008935323184,-0.6368200822150998,-0.08752000248047737
6764.0,270.56,2.0,15.516317980405603,13.237888351048719,15.516317980405603,13.237888351048719,3.6814101428290598,-0.6368200822150998,-0.08752000248047737
6765.0,270.6,2.0,15.685938541522143,13.156941125233848,15.685938541522143,13.156941125233848,3.6917193921258,-0.6368200822150998,-0.08752000248047737
6766.0,270.64,2.0,15.855332247455769,13.073798042214616,15.855332247455769,13.073798042214616,3.7020286414225403,-0.6368200822150998,-0.08752000248047737
6767.0,270.68,2.0,16.024469720006778,12.988456264579678,16.024469720006778,12.988456264579678,3.7123378907192808,-0.6368200822150998,-0.08752000248047737
6768.0,270.72,2.0,16.193321502498865,12.90091335474134,16.193321502498865,12.90091335474134,3.722647140016021,-0.6368200822150998,-0.08752000248047737
6769.0,270.76,2.0,16.361858065267135,12.81116727626789,16.361858065267135,12.81116727626789,3.7329563893127613,-0.6368200822150998,-0.08752000248047737
6770.0,270.8,2.0,16.53004981116594,12.719216395140304,16.53004981116594,12.719216395140304,3.743265638609502,-0.6368200822150998,-0.08752000248047737
6771.0,270.84000000000003,2.0,16.697867081095495,12.625059480933029,16.697867081095495,12.625059480933029,3.753574887906243,-0.6368200822150998,-0.08752000248047737
6772.0,270.88,2.0,16.865280159546234,12.52869570791857,16.865280159546234,12.52869570791857,3.7638841372029836,-0.6368200822150998,-0.08752000248047737
6773.0,270.92,2.0,17.032259280159856,12.430124656095641,17.032259280159856,12.430124656095641,3.7741933864997237,-0.6368200822150998,-0.08752000248047737
6774.0,270.96,2.0,17.19877463130598,12.329346312140641,17.19877463130598,12.329346312140641,3.784502635796464,-0.6368200822150998,-0.08752000248047737
6775.0,271.0,2.0,17.364796361673402,12.226361070282234,17.364796361673402,12.226361070282234,3.7948118850932047,-0.6368200822150998,-0.08752000248047737
6776.0,271.04,2.0,17.530294585874813,12.121169733098817,17.530294585874813,12.121169733098817,3.8051211343899447,-0.6368200822150998,-0.08752000248047737
6777.0,271.08,2.0,17.695239390064007,12.013773512238718,17.695239390064007,12.013773512238718,3.815430383686685,-0.6368200822150998,-0.08752000248047737
6778.0,271.12,2.0,17.859600837564425,11.904174029062867,17.859600837564425,11.904174029062867,3.8257396329834266,-0.6368200822150998,-0.08752000248047737
6779.0,271.16,2.0,18.023348974508036,11.79237331520989,18.023348974508036,11.79237331520989,3.6789692496006774,-0.6368200822150998,-0.08752000248047737
6780.0,271.2,2.0,18.186453835483427,11.67837381308337,18.186453835483427,11.67837381308337,3.532198866217928,-0.6368200822150998,-0.08752000248047737
6781.0,271.24,2.0,18.34888544919205,11.562178376261212,18.34888544919205,11.562178376261212,3.385428482835178,-0.6368200822150998,-0.08752000248047737
6782.0,271.28000000000003,2.0,18.510613844111585,11.443790269826962,18.510613844111585,11.443790269826962,3.2386580994524294,-0.6368200822150998,-0.08752000248047737
6783.0,271.32,2.0,18.671609054165266,11.323213170622989,18.671609054165266,11.323213170622989,3.0918877160696803,-0.6368200822150998,-0.08752000248047737
6784.0,271.36,2.0,18.831841124396146,11.200451167425422,18.831841124396146,11.200451167425422,2.945117332686931,-0.6368200822150998,-0.08752000248047737
6785.0,271.4,2.0,18.991280116645243,11.075508761040805,18.991280116645243,11.075508761040805,2.7983469493041815,-0.6368200822150998,-0.08752000248047737
6786.0,271.44,2.0,19.149896115232387,10.94839086432437,19.149896115232387,10.94839086432437,2.6515765659214323,-0.6368200822150998,-0.08752000248047737
6787.0,271.48,2.0,19.307659232638795,10.819102802119904,19.307659232638795,10.819102802119904,2.5048061825386836,-0.6368200822150998,-0.08752000248047737
6788.0,271.52,2.0,19.46453961519024,10.687650311121189,19.46453961519024,10.687650311121189,2.3580357991559344,-0.6368200822150998,-0.08752000248047737
6789.0,271.56,2.0,19.62050744873972,10.554039539654976,19.62050744873972,10.554039539654976,2.211265415773185,-0.6368200822150998,-0.08752000248047737
6790.0,271.6,2.0,19.775532964348564,10.41827704738552,19.775532964348564,10.41827704738552,2.0644950323904356,-0.6368200822150998,-0.08752000248047737
6791.0,271.64,2.0,19.92958644396492,10.280369804940676,19.92958644396492,10.280369804940676,1.9177246490076865,-0.6368200822150998,-0.08752000248047737
6792.0,271.68,2.0,20.082638226098442,10.140325193459585,20.082638226098442,10.140325193459585,1.7709542656249373,-0.6368200822150998,-0.08752000248047737
6793.0,271.72,2.0,20.234658711490233,9.998151004062013,20.234658711490233,9.998151004062013,1.624183882242188,-0.6368200822150998,-0.08752000248047737
6794.0,271.76,2.0,20.385618368776864,9.853855437239378,20.385618368776864,9.853855437239378,1.4774134988594387,-0.6368200822150998,-0.08752000248047737
6795.0,271.8,2.0,20.535487740147374,9.707447102167563,20.535487740147374,9.707447102167563,1.3306431154766893,-0.6368200822150998,-0.08752000248047737
6796.0,271.84000000000003,2.0,20.68423744699229,9.558935015941602,20.68423744699229,9.558935015941602,1.1838727320939402,-0.6368200822150998,-0.08752000248047737
6797.0,271.88,2.0,20.83183819554344,9.408328602732315,20.83183819554344,9.408328602732315,1.037102348711191,-0.6368200822150998,-0.08752000248047737
6798.0,271.92,2.0,20.97826078250359,9.255637692865074,20.97826078250359,9.255637692865074,0.8903319653284416,-0.6368200822150998,-0.08752000248047737
6799.0,271.96,2.0,21.123476100664764,9.100872521820753,21.123476100664764,9.100872521820753,0.9006412146251821,-0.6368200822150998,-0.08752000248047737
6800.0,272.0,2.0,21.267455144514237,8.944043729159096,21.267455144514237,8.944043729159096,0.9109504639219225,-0.6368200822150998,-0.08752000248047737
6801.0,272.04,2.0,21.410169015827044,8.785162357364607,21.410169015827044,8.785162357364607,0.9212597132186628,-0.6368200822150998,-0.08752000248047737
6802.0,272.08,2.0,21.551588929244037,8.624239850615158,21.551588929244037,8.624239850615158,0.9315689625154034,-0.6368200822150998,-0.08752000248047737
6803.0,272.12,2.0,21.69168621783432,8.461288053473531,21.69168621783432,8.461288053473531,0.9418782118121438,-0.6368200822150998,-0.08752000248047737
6804.0,272.16,2.0,21.83043233864107,8.296319209502077,21.83043233864107,8.296319209502077,0.9521874611088842,-0.6368200822150998,-0.08752000248047737
6805.0,272.2,2.0,21.967798878209678,8.129345959800716,21.967798878209678,8.129345959800716,0.9624967104056245,-0.6368200822150998,-0.08752000248047737
6806.0,272.24,2.0,22.10375755809709,7.960381341468542,22.10375755809709,7.960381341468542,0.9728059597023648,-0.6368200822150998,-0.08752000248047737
6807.0,272.28000000000003,2.0,22.238280240361387,7.789438785989255,22.238280240361387,7.789438785989255,0.9831152089991052,-0.6368200822150998,-0.08752000248047737
6808.0,272.32,2.0,22.371338933030465,7.616532117540703,22.371338933030465,7.616532117540703,0.9934244582958458,-0.6368200822150998,-0.08752000248047737
6809.0,272.36,2.0,22.502905795548823,7.441675551228829,22.502905795548823,7.441675551228829,1.0037337075925863,-0.6368200822150998,-0.08752000248047737
6810.0,272.4,2.0,22.63295314420139,7.264883691246281,22.63295314420139,7.264883691246281,1.0140429568893266,-0.6368200822150998,-0.08752000248047737
6811.0,272.44,2.0,22.761453457513362,7.086171528956041,22.761453457513362,7.086171528956041,1.024352206186067,-0.6368200822150998,-0.08752000248047737
6812.0,272.48,2.0,22.888379381625015,6.905554440900356,22.888379381625015,6.905554440900356,1.0346614554828073,-0.6368200822150998,-0.08752000248047737
6813.0,272.52,2.0,23.01370373564044,6.723048186735359,23.01370373564044,6.723048186735359,1.0449707047795478,-0.6368200822150998,-0.08752000248047737
6814.0,272.56,2.0,23.137399516949223,6.538668907091678,23.137399516949223,6.538668907091678,1.0552799540762883,-0.6368200822150998,-0.08752000248047737
6815.0,272.6,2.0,23.25943990651999,6.352433121361445,23.25943990651999,6.352433121361445,1.0655892033730285,-0.6368200822150998,-0.08752000248047737
6816.0,272.64,2.0,23.37979827416482,6.164357725412066,23.37979827416482,6.164357725412066,1.075898452669769,-0.6368200822150998,-0.08752000248047737
6817.0,272.68,2.0,23.498448183773583,5.974459989227155,23.498448183773583,5.974459989227155,1.0862077019665093,-0.6368200822150998,-0.08752000248047737
6818.0,272.72,2.0,23.615363398517054,5.7827575544750385,23.615363398517054,5.7827575544750385,1.0965169512632498,-0.6368200822150998,-0.08752000248047737
6819.0,272.76,2.0,23.73051788601797,5.5892684320052535,23.73051788601797,5.5892684320052535,1.1068262005599903,-0.6368200822150998,-0.08752000248047737
6820.0,272.8,2.0,23.84388582348887,5.39401099927348,23.84388582348887,5.39401099927348,1.1171354498567305,-0.6368200822150998,-0.08752000248047737
6821.0,272.84000000000003,2.0,23.955441602835883,5.19700399769536,23.955441602835883,5.19700399769536,1.127444699153471,-0.6368200822150998,-0.08752000248047737
6822.0,272.88,2.0,24.065159835727396,4.998266529929663,24.065159835727396,4.998266529929663,1.1377539484502113,-0.6368200822150998,-0.08752000248047737
6823.0,272.92,2.0,24.17301535862661,4.797818057091279,24.17301535862661,4.797818057091279,1.1480631977469515,-0.6368200822150998,-0.08752000248047737
6824.0,272.96,2.0,24.278983237787095,4.595678395894531,24.278983237787095,4.595678395894531,1.158372447043692,-0.6368200822150998,-0.08752000248047737
6825.0,273.0,2.0,24.38303877421028,4.391867715727313,24.38303877421028,4.391867715727313,1.1686816963404325,-0.6368200822150998,-0.08752000248047737
6826.0,273.04,2.0,24.48515750856406,4.186406535656573,24.48515750856406,4.186406535656573,1.178990945637173,-0.6368200822150998,-0.08752000248047737
6827.0,273.08,2.0,24.585315226061418,3.97931572136566,24.585315226061418,3.97931572136566,1.1893001949339133,-0.6368200822150998,-0.08752000248047737
6828.0,273.12,2.0,24.68348796129821,3.7706164820241064,24.68348796129821,3.7706164820241064,1.1996094442306535,-0.6368200822150998,-0.08752000248047737
6829.0,273.16,2.0,24.77965200304921,3.560330367090377,24.77965200304921,3.560330367090377,1.209918693527394,-0.6368200822150998,-0.08752000248047737
6830.0,273.2,2.0,24.873783899021397,3.3484792630481612,24.873783899021397,3.3484792630481612,1.2202279428241343,-0.6368200822150998,-0.08752000248047737
6831.0,273.24,2.0,24.965860460563615,3.135085390076812,24.965860460563615,3.135085390076812,1.2305371921208748,-0.6368200822150998,-0.08752000248047737
6832.0,273.28000000000003,2.0,25.05585876733175,2.920171298656491,25.05585876733175,2.920171298656491,1.2408464414176152,-0.6368200822150998,-0.08752000248047737
6833.0,273.32,2.0,25.143756171908397,2.7037598661086655,25.143756171908397,2.7037598661086655,1.2511556907143555,-0.6368200822150998,-0.08752000248047737
6834.0,273.36,2.0,25.229530304376254,2.4858742930725493,25.229530304376254,2.4858742930725493,1.261464940011096,-0.6368200822150998,-0.08752000248047737
6835.0,273.40000000000003,2.0,25.313159076844272,2.266538099918139,25.313159076844272,2.266538099918139,1.2717741893078363,-0.6368200822150998,-0.08752000248047737
6836.0,273.44,2.0,25.39462068792573,2.0457751230964805,25.39462068792573,2.0457751230964805,1.2820834386045767,-0.6368200822150998,-0.08752000248047737
6837.0,273.48,2.0,25.473893627167357,1.8236095114278292,25.473893627167357,1.8236095114278292,1.292392687901317,-0.6368200822150998,-0.08752000248047737
6838.0,273.52,2.0,25.550956679428616,1.6000657223283685,25.550956679428616,1.6000657223283685,1.3027019371980573,-0.6368200822150998,-0.08752000248047737
6839.0,273.56,2.0,25.625788929210366,1.3751685179761701,25.625788929210366,1.3751685179761701,1.313011186494798,-0.6368200822150998,-0.08752000248047737
6840.0,273.6,2.0,25.69836976493199,1.1489429614170894,25.69836976493199,1.1489429614170894,1.3233204357915382,-0.6368200822150998,-0.08752000248047737
6841.0,273.64,2.0,25.768678883156223,0.9214144126112995,25.768678883156223,0.9214144126112995,1.3336296850882785,-0.6368200822150998,-0.08752000248047737
6842.0,273.68,2.0,25.836696292760813,0.6926085244211769,25.836696292760813,0.6926085244211769,1.3439389343850188,-0.6368200822150998,-0.08752000248047737
6843.0,273.72,2.0,25.902402319056232,0.4625512385412719,25.902402319056232,0.4625512385412719,1.3542481836817593,-0.6368200822150998,-0.08752000248047737
6844.0,273.76,2.0,25.965777607848622,0.23126878137109483,25.965777607848622,0.23126878137109483,1.3645574329784997,-0.6368200822150998,-0.08752000248047737
6845.0,273.8,2.0,26.026803129447217,-0.0012123401685277591,26.026803129447217,-0.0012123401685277591,1.3748666822752402,-0.6368200822150998,-0.08752000248047737
6846.0,273.84000000000003,2.0,26.085460182615417,-0.23486534287476904,26.085460182615417,-0.23486534287476904,1.3851759315719803,-0.6368200822150998,-0.08752000248047737
6847.0,273.88,2.0,26.141730398464784,-0.469663171557019,26.141730398464784,-0.469663171557019,1.3954851808687208,-0.6368200822150998,-0.08752000248047737
6848.0,273.92,2.0,26.195595744291165,-0.7055785033852218,26.195595744291165,-0.7055785033852218,1.4057944301654612,-0.6368200822150998,-0.08752000248047737
6849.0,273.96,2.0,26.247038527352267,-0.9425837522915405,26.247038527352267,-0.9425837522915405,1.4161036794622015,-0.6368200822150998,-0.08752000248047737
6850.0,274.0,2.0,26.296041398585807,-1.1806510734245488,26.296041398585807,-1.1806510734245488,1.426412928758942,-0.6368200822150998,-0.08752000248047737
6851.0,274.04,2.0,26.342587356267728,-1.4197523676551373,26.342587356267728,-1.4197523676551373,1.4367221780556823,-0.6368200822150998,-0.08752000248047737
6852.0,274.08,2.0,26.38665974960952,-1.65985928613331,26.38665974960952,-1.65985928613331,1.4470314273524227,-0.6368200822150998,-0.08752000248047737
6853.0,274.12,2.0,26.42824228229415,-1.9009432348950441,26.42824228229415,-1.9009432348950441,1.4573406766491632,-0.6368200822150998,-0.08752000248047737
6854.0,274.16,2.0,26.467319015949766,-2.142975379518364,26.467319015949766,-2.142975379518364,1.4676499259459033,-0.6368200822150998,-0.08752000248047737
6855.0,274.2,2.0,26.503874373560613,-2.3859266498277907,26.503874373560613,-2.3859266498277907,1.477959175242644,-0.6368200822150998,-0.08752000248047737
6856.0,274.24,2.0,26.537893142814397,-2.629767744646288,26.537893142814397,-2.629767744646288,1.4882684245393842,-0.6368200822150998,-0.08752000248047737
6857.0,274.28000000000003,2.0,26.569360479385455,-2.874469136593856,26.569360479385455,-2.874469136593856,1.4985776738361245,-0.6368200822150998,-0.08752000248047737
6858.0,274.32,2.0,26.598261910153195,-3.120001076931879,26.598261910153195,-3.120001076931879,1.508886923132865,-0.6368200822150998,-0.08752000248047737
6859.0,274.36,2.0,26.624583336355016,-3.3663336004523465,26.624583336355016,-3.3663336004523465,1.5191961724296053,-0.6368200822150998,-0.08752000248047737
6860.0,274.40000000000003,2.0,26.648311036673164,-3.613436530411048,26.648311036673164,-3.613436530411048,1.5295054217263457,-0.6368200822150998,-0.08752000248047737
6861.0,274.44,2.0,26.669431670254987,-3.861279483503845,26.669431670254987,-3.861279483503845,1.5398146710230862,-0.6368200822150998,-0.08752000248047737
6862.0,274.48,2.0,26.687932279665837,-4.109831874885091,26.687932279665837,-4.109831874885091,1.5501239203198265,-0.6368200822150998,-0.08752000248047737
6863.0,274.52,2.0,26.703800293774172,-4.3590629232273,26.703800293774172,-4.3590629232273,1.5604331696165668,-0.6368200822150998,-0.08752000248047737
6864.0,274.56,2.0,26.71702353056824,-4.608941655821111,26.71702353056824,-4.608941655821111,1.5707424189133072,-0.6368200822150998,-0.08752000248047737
6865.0,274.6,2.0,26.727590199903762,-4.859436913714637,26.727590199903762,-4.859436913714637,1.5810516682100475,-0.6368200822150998,-0.08752000248047737
6866.0,274.64,2.0,26.73548890618212,-5.110517356891233,26.73548890618212,-5.110517356891233,1.591360917506788,-0.6368200822150998,-0.08752000248047737
6867.0,274.68,2.0,26.7407086509585,-5.362151469484731,26.7407086509585,-5.362151469484731,1.6016701668035283,-0.6368200822150998,-0.08752000248047737
6868.0,274.72,2.0,26.74323883547941,-5.614307565031206,26.74323883547941,-5.614307565031206,1.6119794161002687,-0.6368200822150998,-0.08752000248047737
6869.0,274.76,2.0,26.743069263149255,-5.866953791756282,26.743069263149255,-5.866953791756282,1.622288665397009,-0.6368200822150998,-0.08752000248047737
6870.0,274.8,2.0,26.740190141925172,-6.120058137897011,26.740190141925172,-6.120058137897011,1.6325979146937495,-0.6368200822150998,-0.08752000248047737
6871.0,274.84000000000003,2.0,26.734592086639992,-6.373588437057352,26.734592086639992,-6.373588437057352,1.6429071639904897,-0.6368200822150998,-0.08752000248047737
6872.0,274.88,2.0,26.726266121252614,-6.627512373596261,26.726266121252614,-6.627512373596261,1.65321641328723,-0.6368200822150998,-0.08752000248047737
6873.0,274.92,2.0,26.7152036810254,-6.881797488047387,26.7152036810254,-6.881797488047387,1.6635256625839705,-0.6368200822150998,-0.08752000248047737
6874.0,274.96,2.0,26.701396614628266,-7.136411182569394,26.701396614628266,-7.136411182569394,1.6738349118807108,-0.6368200822150998,-0.08752000248047737
6875.0,275.0,2.0,26.68483718616888,-7.391320726425894,26.68483718616888,-7.391320726425894,1.6841441611774512,-0.6368200822150998,-0.08752000248047737
6876.0,275.04,2.0,26.665518077148676,-7.646493261493971,26.665518077148676,-7.646493261493971,1.694453410474192,-0.6368200822150998,-0.08752000248047737
6877.0,275.08,2.0,26.64343238834423,-7.901895807800304,26.64343238834423,-7.901895807800304,1.7047626597709322,-0.6368200822150998,-0.08752000248047737
6878.0,275.12,2.0,26.618573641613658,-8.157495269083833,26.618573641613658,-8.157495269083833,1.7150719090676723,-0.6368200822150998,-0.08752000248047737
6879.0,275.16,2.0,26.590935781627632,-8.41325843838398,26.590935781627632,-8.41325843838398,1.725381158364413,-0.6368200822150998,-0.08752000248047737
6880.0,275.2,2.0,26.560513177524655,-8.669152003653362,26.560513177524655,-8.669152003653362,1.7356904076611535,-0.6368200822150998,-0.08752000248047737
6881.0,275.24,2.0,26.52730062449034,-8.925142553393965,26.52730062449034,-8.925142553393965,1.7459996569578933,-0.6368200822150998,-0.08752000248047737
6882.0,275.28000000000003,2.0,26.49129334526021,-9.181196582315751,26.49129334526021,-9.181196582315751,1.756308906254634,-0.6368200822150998,-0.08752000248047737
6883.0,275.32,2.0,26.452486991545904,-9.43728049701664,26.452486991545904,-9.43728049701664,1.7666181555513745,-0.6368200822150998,-0.08752000248047737
6884.0,275.36,2.0,26.410877645384325,-9.693360621682821,26.410877645384325,-9.693360621682821,1.7769274048481147,-0.6368200822150998,-0.08752000248047737
6885.0,275.40000000000003,2.0,26.366461820409523,-9.949403203808325,26.366461820409523,-9.949403203808325,1.7872366541448552,-0.6368200822150998,-0.08752000248047737
6886.0,275.44,2.0,26.319236463047098,-10.205374419932834,26.319236463047098,-10.205374419932834,1.7975459034415953,-0.6368200822150998,-0.08752000248047737
6887.0,275.48,2.0,26.269198953630724,-10.461240381396625,26.269198953630724,-10.461240381396625,1.8078551527383357,-0.6368200822150998,-0.08752000248047737
6888.0,275.52,2.0,26.216347107440697,-10.716967140111597,26.216347107440697,-10.716967140111597,1.818164402035076,-0.6368200822150998,-0.08752000248047737
6889.0,275.56,2.0,26.160679175664246,-10.972520694347356,26.160679175664246,-10.972520694347356,1.8284736513318165,-0.6368200822150998,-0.08752000248047737
6890.0,275.6,2.0,26.102193846277334,-11.227866994531183,26.102193846277334,-11.227866994531183,1.8387829006285572,-0.6368200822150998,-0.08752000248047737
6891.0,275.64,2.0,26.040890244847855,-11.482971949060943,26.040890244847855,-11.482971949060943,1.849092149925297,-0.6368200822150998,-0.08752000248047737
6892.0,275.68,2.0,25.976767935259954,-11.737801430129736,25.976767935259954,-11.737801430129736,1.8594013992220375,-0.6368200822150998,-0.08752000248047737
6893.0,275.72,2.0,25.909826920359386,-11.992321279561299,25.909826920359386,-11.992321279561299,1.8697106485187782,-0.6368200822150998,-0.08752000248047737
6894.0,275.76,2.0,25.84006764251972,-12.246497314655034,25.84006764251972,-12.246497314655034,1.8800198978155183,-0.6368200822150998,-0.08752000248047737
6895.0,275.8,2.0,25.76749098412926,-12.50029533403957,25.76749098412926,-12.50029533403957,1.8903291471122585,-0.6368200822150998,-0.08752000248047737
6896.0,275.84000000000003,2.0,25.69209826799854,-12.75368112353382,25.69209826799854,-12.75368112353382,1.9006383964089992,-0.6368200822150998,-0.08752000248047737
6897.0,275.88,2.0,25.613891257688387,-13.006620462014387,25.613891257688387,-13.006620462014387,1.9109476457057397,-0.6368200822150998,-0.08752000248047737
6898.0,275.92,2.0,25.532872157758312,-13.259079127288297,25.532872157758312,-13.259079127288297,1.92125689500248,-0.6368200822150998,-0.08752000248047737
6899.0,275.96,2.0,25.44904361393528,-13.511022901969886,25.44904361393528,-13.511022901969886,1.9315661442992202,-0.6368200822150998,-0.08752000248047737
6900.0,276.0,2.0,25.362408713202743,-13.762417579360838,25.362408713202743,-13.762417579360838,1.9418753935959603,-0.6368200822150998,-0.08752000248047737
6901.0,276.04,2.0,25.2729709838099,-14.013228969332209,25.2729709838099,-14.013228969332209,1.9521846428927012,-0.6368200822150998,-0.08752000248047737
6902.0,276.08,2.0,25.18073439520114,-14.263422904207417,25.18073439520114,-14.263422904207417,1.9624938921894415,-0.6368200822150998,-0.08752000248047737
6903.0,276.12,2.0,25.085703357865718,-14.512965244645017,25.085703357865718,-14.512965244645017,1.9728031414861817,-0.6368200822150998,-0.08752000248047737
6904.0,276.16,2.0,24.98788272310756,-14.761821885520249,24.98788272310756,-14.761821885520249,1.9831123907829222,-0.6368200822150998,-0.08752000248047737
6905.0,276.2,2.0,24.887277782735293,-15.009958761804233,24.887277782735293,-15.009958761804233,1.9934216400796625,-0.6368200822150998,-0.08752000248047737
6906.0,276.24,2.0,24.78389426867252,-15.257341854439716,24.78389426867252,-15.257341854439716,2.003730889376403,-0.6368200822150998,-0.08752000248047737
6907.0,276.28000000000003,2.0,24.677738352488333,-15.503937196212268,24.677738352488333,-15.503937196212268,2.0140401386731432,-0.6368200822150998,-0.08752000248047737
6908.0,276.32,2.0,24.568816644848226,-15.749710877615883,24.568816644848226,-15.749710877615883,2.0243493879698837,-0.6368200822150998,-0.08752000248047737
6909.0,276.36,2.0,24.457136194885354,-15.99462905271183,24.457136194885354,-15.99462905271183,2.034658637266624,-0.6368200822150998,-0.08752000248047737
6910.0,276.40000000000003,2.0,24.342704489492334,-16.238657944979735,24.342704489492334,-16.238657944979735,2.0449678865633643,-0.6368200822150998,-0.08752000248047737
6911.0,276.44,2.0,24.225529452533653,-16.48176385315973,24.225529452533653,-16.48176385315973,2.0552771358601047,-0.6368200822150998,-0.08752000248047737
6912.0,276.48,2.0,24.1056194439788,-16.72391315708465,24.1056194439788,-16.72391315708465,2.0655863851568452,-0.6368200822150998,-0.08752000248047737
6913.0,276.52,2.0,23.982983258956246,-16.96507232350114,23.982983258956246,-16.96507232350114,2.0758956344535857,-0.6368200822150998,-0.08752000248047737
6914.0,276.56,2.0,23.857630126728495,-17.205207911878656,23.857630126728495,-17.205207911878656,2.0862048837503258,-0.6368200822150998,-0.08752000248047737
6915.0,276.6,2.0,23.72956970958823,-17.444286580205198,23.72956970958823,-17.444286580205198,2.0965141330470667,-0.6368200822150998,-0.08752000248047737
6916.0,276.64,2.0,23.598812101675914,-17.682275090768734,23.598812101675914,-17.682275090768734,2.1068233823438067,-0.6368200822150998,-0.08752000248047737
6917.0,276.68,2.0,23.46536782771887,-17.91914031592328,23.46536782771887,-17.91914031592328,2.1171326316405468,-0.6368200822150998,-0.08752000248047737
6918.0,276.72,2.0,23.329247841692187,-18.154849243838495,23.329247841692187,-18.154849243838495,2.1274418809372877,-0.6368200822150998,-0.08752000248047737
6919.0,276.76,2.0,23.190463525401547,-18.389368984231748,23.190463525401547,-18.389368984231748,2.1377511302340277,-0.6368200822150998,-0.08752000248047737
6920.0,276.8,2.0,23.049026686988366,-18.62266677408161,23.049026686988366,-18.62266677408161,2.1480603795307682,-0.6368200822150998,-0.08752000248047737
6921.0,276.84000000000003,2.0,22.904949559357345,-18.854709983321676,22.904949559357345,-18.854709983321676,2.1583696288275087,-0.6368200822150998,-0.08752000248047737
6922.0,276.88,2.0,22.75824479852681,-19.085466120513665,22.75824479852681,-19.085466120513665,2.168678878124249,-0.6368200822150998,-0.08752000248047737
6923.0,276.92,2.0,22.608925481902084,-19.314902838498774,22.608925481902084,-19.314902838498774,2.1789881274209892,-0.6368200822150998,-0.08752000248047737
6924.0,276.96,2.0,22.457005106472167,-19.54298794002618,22.457005106472167,-19.54298794002618,2.1892973767177297,-0.6368200822150998,-0.08752000248047737
6925.0,277.0,2.0,22.302497586930105,-19.76968938335766,22.302497586930105,-19.76968938335766,2.1996066260144698,-0.6368200822150998,-0.08752000248047737
6926.0,277.04,2.0,22.14541725371726,-19.994975287847335,22.14541725371726,-19.994975287847335,2.2099158753112103,-0.6368200822150998,-0.08752000248047737
6927.0,277.08,2.0,21.985778850991977,-20.21881393949541,21.985778850991977,-20.21881393949541,2.2202251246079507,-0.6368200822150998,-0.08752000248047737
6928.0,277.12,2.0,21.82359753452284,-20.441173796474942,21.82359753452284,-20.441173796474942,2.2305343739046912,-0.6368200822150998,-0.08752000248047737
6929.0,277.16,2.0,21.658888869507003,-20.6620234946306,21.658888869507003,-20.6620234946306,2.2408436232014317,-0.6368200822150998,-0.08752000248047737
6930.0,277.2,2.0,21.491668828313927,-20.881331852948346,21.491668828313927,-20.881331852948346,2.2511528724981718,-0.6368200822150998,-0.08752000248047737
6931.0,277.24,2.0,21.321953788154946,-21.099067878995072,21.321953788154946,-21.099067878995072,2.2614621217949127,-0.6368200822150998,-0.08752000248047737
6932.0,277.28000000000003,2.0,21.149760528679032,-21.31520077432715,21.149760528679032,-21.31520077432715,2.271771371091653,-0.6368200822150998,-0.08752000248047737
6933.0,277.32,2.0,20.975106229495232,-21.529699939866894,20.975106229495232,-21.529699939866894,2.282080620388393,-0.6368200822150998,-0.08752000248047737
6934.0,277.36,2.0,20.798008467622196,-21.742534981245935,20.798008467622196,-21.742534981245935,2.2923898696851337,-0.6368200822150998,-0.08752000248047737
6935.0,277.40000000000003,2.0,20.61848521486524,-21.95367571411449,20.61848521486524,-21.95367571411449,2.302699118981874,-0.6368200822150998,-0.08752000248047737
6936.0,277.44,2.0,20.436554835121427,-22.163092169415584,20.436554835121427,-22.163092169415584,2.3130083682786142,-0.6368200822150998,-0.08752000248047737
6937.0,277.48,2.0,20.252236081613113,-22.37075459862319,20.252236081613113,-22.37075459862319,2.3233176175753547,-0.6368200822150998,-0.08752000248047737
6938.0,277.52,2.0,20.06554809405052,-22.576633478943336,20.06554809405052,-22.576633478943336,2.3336268668720956,-0.6368200822150998,-0.08752000248047737
6939.0,277.56,2.0,19.876510395723766,-22.780699518477203,19.876510395723766,-22.780699518477203,2.343936116168836,-0.6368200822150998,-0.08752000248047737
6940.0,277.6,2.0,19.685142890524915,-22.98292366134526,19.685142890524915,-22.98292366134526,2.354245365465576,-0.6368200822150998,-0.08752000248047737
6941.0,277.64,2.0,19.491465859900558,-23.183277092771466,19.491465859900558,-23.183277092771466,2.3645546147623167,-0.6368200822150998,-0.08752000248047737
6942.0,277.68,2.0,19.295499959735523,-23.38173124412659,19.295499959735523,-23.38173124412659,2.374863864059057,-0.6368200822150998,-0.08752000248047737
6943.0,277.72,2.0,19.097266217168176,-23.578257797929734,19.097266217168176,-23.578257797929734,2.3851731133557976,-0.6368200822150998,-0.08752000248047737
6944.0,277.76,2.0,18.896786027337992,-23.772828692807103,18.896786027337992,-23.772828692807103,2.395482362652538,-0.6368200822150998,-0.08752000248047737
6945.0,277.8,2.0,18.694081150065927,-23.96541612840707,18.694081150065927,-23.96541612840707,2.4057916119492786,-0.6368200822150998,-0.08752000248047737
6946.0,277.84000000000003,2.0,18.48917370646817,-24.155992570270694,18.48917370646817,-24.155992570270694,2.4161008612460195,-0.6368200822150998,-0.08752000248047737
6947.0,277.88,2.0,18.282086175503917,-24.34453075465672,18.282086175503917,-24.34453075465672,2.4264101105427596,-0.6368200822150998,-0.08752000248047737
6948.0,277.92,2.0,18.072841390457825,-24.531003693320162,18.072841390457825,-24.531003693320162,2.4367193598395,-0.6368200822150998,-0.08752000248047737
6949.0,277.96,2.0,17.861462535357667,-24.715384678243616,17.861462535357667,-24.715384678243616,2.4470286091362405,-0.6368200822150998,-0.08752000248047737
6950.0,278.0,2.0,17.647973141327977,-24.8976472863204,17.647973141327977,-24.8976472863204,2.4573378584329815,-0.6368200822150998,-0.08752000248047737
6951.0,278.04,2.0,17.432397082880225,-25.07776538398861,17.432397082880225,-25.07776538398861,2.4676471077297215,-0.6368200822150998,-0.08752000248047737
6952.0,278.08,2.0,17.214758574140273,-25.255713131815305,17.214758574140273,-25.255713131815305,2.477956357026462,-0.6368200822150998,-0.08752000248047737
6953.0,278.12,2.0,16.99508216501377,-25.431464989029905,16.99508216501377,-25.431464989029905,2.4882656063232025,-0.6368200822150998,-0.08752000248047737
6954.0,278.16,2.0,16.77339273729013,-25.604995718005945,16.77339273729013,-25.604995718005945,2.4985748556199434,-0.6368200822150998,-0.08752000248047737
6955.0,278.2,2.0,16.549715500685924,-25.77628038869043,16.549715500685924,-25.77628038869043,2.508884104916684,-0.6368200822150998,-0.08752000248047737
6956.0,278.24,2.0,16.32407598882824,-25.945294382979863,16.32407598882824,-25.945294382979863,2.519193354213424,-0.6368200822150998,-0.08752000248047737
6957.0,278.28000000000003,2.0,16.096500055178918,-26.11201339904219,16.096500055178918,-26.11201339904219,2.5295026035101644,-0.6368200822150998,-0.08752000248047737
6958.0,278.32,2.0,15.867013868900216,-26.276413455583857,15.867013868900216,-26.276413455583857,2.5398118528069054,-0.6368200822150998,-0.08752000248047737
6959.0,278.36,2.0,15.635643910662827,-26.43847089606114,15.635643910662827,-26.43847089606114,2.550121102103646,-0.6368200822150998,-0.08752000248047737
6960.0,278.40000000000003,2.0,15.402416968396903,-26.598162392835018,15.402416968396903,-26.598162392835018,2.5604303514003863,-0.6368200822150998,-0.08752000248047737
6961.0,278.44,2.0,15.16736013298689,-26.75546495126873,15.16736013298689,-26.75546495126873,2.5707396006971264,-0.6368200822150998,-0.08752000248047737
6962.0,278.48,2.0,14.930500793910946,-26.910355913767386,14.930500793910946,-26.910355913767386,2.5810488499938673,-0.6368200822150998,-0.08752000248047737
6963.0,278.52,2.0,14.691866634825805,-27.0628129637587,14.691866634825805,-27.0628129637587,2.591358099290608,-0.6368200822150998,-0.08752000248047737
6964.0,278.56,2.0,14.45148562909776,-27.21281412961428,14.45148562909776,-27.21281412961428,2.6016673485873483,-0.6368200822150998,-0.08752000248047737
6965.0,278.6,2.0,14.209386035280705,-27.360337788510606,14.209386035280705,-27.360337788510606,2.6119765978840888,-0.6368200822150998,-0.08752000248047737
6966.0,278.64,2.0,13.965596392541988,-27.50536267022906,13.965596392541988,-27.50536267022906,2.6222858471808292,-0.6368200822150998,-0.08752000248047737
6967.0,278.68,2.0,13.72014551603696,-27.64786786089423,13.72014551603696,-27.64786786089423,2.6325950964775697,-0.6368200822150998,-0.08752000248047737
6968.0,278.72,2.0,13.473062492232998,-27.78783280664988,13.473062492232998,-27.78783280664988,2.6429043457743098,-0.6368200822150998,-0.08752000248047737
6969.0,278.76,2.0,13.22437667418392,-27.925237317271787,13.22437667418392,-27.925237317271787,2.6532135950710503,-0.6368200822150998,-0.08752000248047737
6970.0,278.8,2.0,12.974117676755636,-28.060061569716886,12.974117676755636,-28.060061569716886,2.663522844367791,-0.6368200822150998,-0.08752000248047737
6971.0,278.84000000000003,2.0,12.722315371803868,-28.192286111607938,12.722315371803868,-28.192286111607938,2.6738320936645317,-0.6368200822150998,-0.08752000248047737
6972.0,278.88,2.0,12.468999883304887,-28.321891864653217,12.468999883304887,-28.321891864653217,2.6841413429612717,-0.6368200822150998,-0.08752000248047737
6973.0,278.92,2.0,12.214201582440111,-28.448860128000423,12.214201582440111,-28.448860128000423,2.694450592258012,-0.6368200822150998,-0.08752000248047737
6974.0,278.96,2.0,11.957951082635468,-28.57317258152428,11.957951082635468,-28.57317258152428,2.7047598415547527,-0.6368200822150998,-0.08752000248047737
6975.0,279.0,2.0,11.700279234556458,-28.694811289047248,11.700279234556458,-28.694811289047248,2.715069090851493,-0.6368200822150998,-0.08752000248047737
6976.0,279.04,2.0,11.441217121059783,-28.813758701492635,11.441217121059783,-28.813758701492635,2.7253783401482337,-0.6368200822150998,-0.08752000248047737
6977.0,279.08,2.0,11.180796052102531,-28.92999765996957,11.180796052102531,-28.92999765996957,2.735687589444974,-0.6368200822150998,-0.08752000248047737
6978.0,279.12,2.0,10.914028180770305,-29.045421897107286,10.914028180770305,-29.045421897107286,2.74794949445375,-0.5361365787298668,-0.08261748045885509
6979.0,279.16,2.0,10.653704488230611,-29.15515205355706,10.653704488230611,-29.15515205355706,2.758192695504772,-0.4633077391050594,-0.08096627431589178
6980.0,279.2,2.0,10.394856269144473,-29.261132486596477,10.394856269144473,-29.261132486596477,2.7683698483100754,-0.3904788994802522,-0.07931506817292847
6981.0,279.24,2.0,10.13753357733023,-29.3633977611138,10.13753357733023,-29.3633977611138,2.7784809528696606,-0.3176500598554449,-0.07766386202996514
6982.0,279.28000000000003,2.0,9.881785836959633,-29.461983137702788,9.881785836959633,-29.461983137702788,2.788526009183527,-0.24482122023063768,-0.07601265588700185
6983.0,279.32,2.0,9.62766183275309,-29.556924562298803,9.62766183275309,-29.556924562298803,2.7985050172516748,-0.17199238060583039,-0.07436144974403854
6984.0,279.36,2.0,9.37520970033658,-29.648258655676454,9.37520970033658,-29.648258655676454,2.808417977074104,-0.09916354098102313,-0.07271024360107523
6985.0,279.40000000000003,2.0,9.124476916762179,-29.736022702811347,9.124476916762179,-29.736022702811347,2.8182648886508144,-0.02633470135621587,-0.0710590374581119
6986.0,279.44,2.0,8.875510291194093,-29.8202546421082,8.875510291194093,-29.8202546421082,2.828045751981807,0.04649413826859139,-0.0694078313151486
6987.0,279.48,2.0,8.634834414291756,-29.899968820324613,8.634834414291756,-29.899968820324613,2.833873653534067,0.06733773197698294,-0.06310500713708077
6988.0,279.52,2.0,8.196180530629208,-29.96431312727275,8.196180530629208,-29.96431312727275,2.8466249273634094,0.0977687613401333,-0.05985659657111725
6989.0,279.56,2.0,7.7610588195179275,-30.024399852549116,7.7610588195179275,-30.024399852549116,2.8593740411239534,0.12819979070328366,-0.05660818600515373
6990.0,279.6,2.0,7.329518894604741,-30.080268126637897,7.329518894604741,-30.080268126637897,2.872120994815699,0.15863082006643403,-0.053359775439190224
6991.0,279.64,2.0,7.037042356403207,-30.139797299242854,7.037042356403207,-30.139797299242854,2.879278024695536,0.18176125767731713,-0.048061992324119424
6992.0,279.68,2.0,6.620119732666959,-30.187414464194667,6.620119732666959,-30.187414464194667,2.8925243815757815,0.029503780482234586,-0.032220498605732964
6993.0,279.72,2.0,6.214229086476652,-30.231117869905155,6.214229086476652,-30.231117869905155,2.906272301713325,-0.122753696712848,-0.016379004887346504
6994.0,279.76,2.0,5.8194127414770715,-30.27106669632615,5.8194127414770715,-30.27106669632615,2.920521785108167,-0.27501117390793056,-0.000537511168960042
6995.0,279.8,2.0,5.4357098508600314,-30.307420562660838,5.4357098508600314,-30.307420562660838,2.935272831760307,-0.42726865110301315,0.015303982549426418
6996.0,279.84000000000003,1.0,5.063156394780821,-30.34033945071879,5.063156394780821,-30.34033945071879,2.950525441669746,-0.5795261282980957,0.031145476267812878
6997.0,279.88,1.0,4.701785179818308,-30.36998362834554,4.701785179818308,-30.36998362834554,2.966279614836483,-0.7317836054931781,0.04698696998619934
6998.0,279.92,0.0,4.356645219313565,-30.39460307466583,4.356645219313565,-30.39460307466583,2.9805826955484838,-0.9847245861734937,0.0579259416829635
6999.0,279.96,0.0,4.015003746775322,-30.419221390278626,4.015003746775322,-30.419221390278626,2.997406043475536,-1.2098109029933837,0.07211622925838665
7000.0,280.0,1.0,3.681884730812262,-30.442038915525586,3.681884730812262,-30.442038915525586,3.0147970029056053,-1.4348972198132735,0.08630651683380981
7001.0,280.04,2.0,3.3572904317896253,-30.463166166611195,3.3572904317896253,-30.463166166611195,3.0327555738386915,-1.6599835366331632,0.10049680440923296
7002.0,280.08,2.0,3.041220794919716,-30.482713274899748,3.041220794919716,-30.482713274899748,3.051281756274795,-1.8850698534530532,0.1146870919846561
7003.0,280.12,2.0,2.7336734663076316,-30.50078992501391,2.7336734663076316,-30.50078992501391,3.070375550213915,-2.1101561702729428,0.12887737956007925
7004.0,280.16,2.0,2.434643810776295,-30.51750529346931,2.434643810776295,-30.51750529346931,3.0900369556560525,-2.3352424870928328,0.1430676671355024
7005.0,280.2,2.0,2.14412493145381,-30.532967987897184,2.14412493145381,-30.532967987897184,3.1102659726012067,-2.5603288039127223,0.15725795471092555
7006.0,280.24,2.0,1.8621076911046839,-30.547285986906683,1.8621076911046839,-30.547285986906683,3.1310626010493774,-2.7854151207326123,0.1714482422863487
7007.0,280.28000000000003,2.0,1.5821022766552502,-30.56159081481108,1.5821022766552502,-30.56159081481108,3.156313754533579,-2.9585161916360865,0.18098691182666732
7008.0,280.32,2.0,1.510409342554423,-30.586880337188312,1.510409342554423,-30.586880337188312,3.1751430989979967,-3.1412046981943194,0.19357999497909026
7009.0,280.36,2.0,1.4455477475814609,-30.612187835077993,1.4455477475814609,-30.612187835077993,3.194476166788511,-3.3113309902373076,0.21041017108867313
7010.0,280.40000000000003,2.0,1.3879972845867763,-30.637636023110076,1.3879972845867763,-30.637636023110076,3.214143474186836,-3.481457282280295,0.22724034719825595
7011.0,280.44,2.0,1.2022932886011821,-30.655089170571642,1.2022932886011821,-30.655089170571642,3.239608906270304,-3.6441144882778973,0.24202538899109055
7012.0,280.48,2.0,1.1462618441428847,-30.681584587865178,1.1462618441428847,-30.681584587865178,3.2591585883717094,-3.615295052070671,0.24674363009892208
7013.0,280.52,2.0,1.0908045265251345,-30.708488670709123,1.0908045265251345,-30.708488670709123,3.278519540828801,-3.5864756158634434,0.2514618712067536
7014.0,280.56,2.0,1.0358929748154748,-30.73582718682191,1.0358929748154748,-30.73582718682191,3.2976917636415797,-3.5576561796562167,0.25618011231458515
7015.0,280.6,2.0,0.9814987167253779,-30.763624869804147,0.9814987167253779,-30.763624869804147,3.316675256810045,-3.52883674344899,0.26089835342241663
7016.0,280.64,2.0,0.9275932012292453,-30.791905426089148,0.9275932012292453,-30.791905426089148,3.335470020334197,-3.5000173072417633,0.2656165945302481
7017.0,280.68,2.0,0.8741478308450421,-30.82069154287534,0.8741478308450421,-30.82069154287534,3.3540760542140355,-3.471197871034537,0.2703348356380796
7018.0,280.72,2.0,0.8211339935474975,-30.85000489702879,0.8211339935474975,-30.85000489702879,3.372493358449561,-3.4423784348273103,0.2750530767459111
7019.0,280.76,2.0,0.7685230942851723,-30.87986616494324,0.7685230942851723,-30.87986616494324,3.3907219330407736,-3.4135589986200827,0.27977131785374265
7020.0,280.8,2.0,0.716286586073106,-30.910295033344152,0.716286586073106,-30.910295033344152,3.408761777987672,-3.384739562412856,0.28448955896157413
7021.0,280.84000000000003,2.0,0.660974722500268,-30.93788002512067,0.660974722500268,-30.93788002512067,3.404411635723195,-3.2045554487349697,0.2790044444439451
7022.0,280.88,2.0,0.5975719664422653,-30.96552546586716,0.5975719664422653,-30.96552546586716,3.398719084105003,-3.033475013182222,0.26767689032834957
7023.0,280.92,2.0,0.5290123198472549,-30.99185361836944,0.5290123198472549,-30.99185361836944,3.392663366201397,-2.862394577629474,0.256349336212754
7024.0,280.96,2.0,0.4553265588873794,-31.016750191417987,0.4553265588873794,-31.016750191417987,3.3862444820123785,-2.691314142076726,0.24502178209715844
7025.0,281.0,2.0,0.37654816114559597,-31.04010172556242,0.37654816114559597,-31.04010172556242,3.3794624315379473,-2.5202337065239777,0.23369422798156286
7026.0,281.04,2.0,0.2927132814758173,-31.061795661965938,0.2927132814758173,-31.061795661965938,3.372317214778102,-2.3491532709712297,0.22236667386596726
7027.0,281.08,2.0,0.2038607260002187,-31.081720410537866,0.2038607260002187,-31.081720410537866,3.3648088317328444,-2.1780728354184817,0.21103911975037168
7028.0,281.12,2.0,0.11003192426556356,-31.09976541729169,0.11003192426556356,-31.09976541729169,3.3569372824021735,-2.0069923998657333,0.19971156563477613
7029.0,281.16,2.0,0.006520457485432363,-31.1194545636559,0.006520457485432363,-31.1194545636559,3.345774522504436,-1.8142788380995483,0.17840638043646034
7030.0,281.2,1.0,-0.10276446199465764,-31.13724072105585,-0.10276446199465764,-31.13724072105585,3.333983332499978,-1.626593914040404,0.15811751342770322
7031.0,281.24,0.0,-0.21893154821900254,-31.154183891095716,-0.21893154821900254,-31.154183891095716,3.3208456641998567,-1.4588165594409221,0.13811962505444914
7032.0,281.28000000000003,0.0,-0.3361506779086211,-31.168558227553405,-0.3361506779086211,-31.168558227553405,3.3073711213087784,-1.307127932240304,0.1176448267628825
7033.0,281.32,0.0,-0.46073945432198055,-31.181074238453654,-0.46073945432198055,-31.181074238453654,3.293420447232104,-1.1554393050396858,0.09717002847131587
7034.0,281.36,0.0,-0.5926508737763287,-31.191622889167114,-0.5926508737763287,-31.191622889167114,3.2789936419698336,-1.0037506778390675,0.07669523017974925
7035.0,281.40000000000003,0.0,-0.7326314479559028,-31.19941132424962,-0.7326314479559028,-31.19941132424962,3.263713869108129,-0.8564687534656793,0.055564558211868106
7036.0,281.44,0.0,-0.8842906862563138,-31.20896876782267,-0.8842906862563138,-31.20896876782267,3.248858189994121,-0.698808959602871,0.03648633339140563
7037.0,281.48,0.0,-1.042512978159137,-31.216213399437624,-1.042512978159137,-31.216213399437624,3.2334180468615665,-0.541149165740063,0.017408108570943152
7038.0,281.52,1.0,-1.207244030573834,-31.221065337410444,-1.207244030573834,-31.221065337410444,3.2173934397104658,-0.38348937187725474,-0.0016701162495193274
7039.0,281.56,1.0,-1.3784278351283592,-31.223446224120988,-1.3784278351283592,-31.223446224120988,3.2007843685408197,-0.22582957801444659,-0.02074834106998181
7040.0,281.6,0.0,-1.556006713087776,-31.223279271645207,-1.556006713087776,-31.223279271645207,3.1835908333526284,-0.06816978415163841,-0.03982656589044429
7041.0,281.64,0.0,-1.7365000834348823,-31.223919491949538,-1.7365000834348823,-31.223919491949538,3.1880140917129536,-0.061874667759489334,-0.04870143508544625
7042.0,281.68,0.0,-1.914859888890677,-31.222406785913385,-1.914859888890677,-31.222406785913385,3.193006565764135,-0.04647587324220244,-0.051733864682481645
7043.0,281.72,0.0,-2.0939859447284137,-31.220063863892467,-2.0939859447284137,-31.220063863892467,3.197589012437871,-0.031077078724915542,-0.054766294279517035
7044.0,281.76,1.0,-2.273873194657842,-31.21695079138899,-2.273873194657842,-31.21695079138899,3.201761431734161,-0.015678284207628644,-0.057798723876552424
7045.0,281.8,0.0,-2.4545176604322188,-31.213127657163227,-2.4545176604322188,-31.213127657163227,3.2055238236530044,-0.00027948969034174986,-0.06083115347358784
7046.0,281.84000000000003,0.0,-2.638551541767721,-31.206973067764217,-2.638551541767721,-31.206973067764217,3.210675715835309,0.03457882488627271,-0.06052780886061541
7047.0,281.88,0.0,-2.822868379842394,-31.198136326462524,-2.822868379842394,-31.198136326462524,3.2155268955606013,0.0742468605406695,-0.059933177533964876
7048.0,281.92,0.0,-3.0040671920469215,-31.188771619633894,-3.0040671920469215,-31.188771619633894,3.2198242521176454,0.1112694779126779,-0.05890113442936621
7049.0,281.96,0.0,-3.181611058141896,-31.176506415487076,-3.181611058141896,-31.176506415487076,3.2267134565245668,0.11232164968076412,-0.05193193617271813
7050.0,282.0,0.0,-3.361016603573165,-31.162319100531157,-3.361016603573165,-31.162319100531157,3.233657191615027,0.11443214761448746,-0.04544948770248295
7051.0,282.04,0.0,-3.5374348590681293,-31.145123718317514,-3.5374348590681293,-31.145123718317514,3.241389026286633,0.12982241501079453,-0.03940576936262282
7052.0,282.08,0.0,-3.715006064627641,-31.125500906783667,-3.715006064627641,-31.125500906783667,3.2491937620567635,0.1363330344496325,-0.03333454730032851
7053.0,282.12,0.0,-3.892490620910407,-31.106479637877072,-3.892490620910407,-31.106479637877072,3.256738572881951,0.1393641932145035,-0.027026081363391054
7054.0,282.16,0.0,-4.068094803371528,-31.085991951072295,-4.068094803371528,-31.085991951072295,3.264227996867329,0.1373353345356415,-0.020786694081237074
7055.0,282.2,1.0,-4.24410899260913,-31.06590632309936,-4.24410899260913,-31.06590632309936,3.2718608423410402,0.1391001416742213,-0.013694458327991672
7056.0,282.24,1.0,-4.412352084640566,-31.041072358268217,-4.412352084640566,-31.041072358268217,3.2784140672047783,0.12808993013741782,-0.008928498516190052
7057.0,282.28000000000003,1.0,-4.58067027647915,-31.01786981457953,-4.58067027647915,-31.01786981457953,3.2848469285205666,0.10651575159028266,-0.0043044817112915966
7058.0,282.32,1.0,-4.745475604440098,-30.99382788008695,-4.745475604440098,-30.99382788008695,3.291285353293733,0.07868117487640862,-4.373742099339842e-05
7059.0,282.36,0.0,-4.9113928594970275,-30.968108713767293,-4.9113928594970275,-30.968108713767293,3.2976151234855258,0.03943126444756986,0.0040918968189291504
7060.0,282.40000000000003,1.0,-5.070791076509247,-30.50221943486659,-5.070791076509247,-30.50221943486659,3.3579237240596753,0.04130351673843767,-0.0008685033765407829
7061.0,282.44,1.0,-5.222603357215979,-30.03430109265891,-5.222603357215979,-30.03430109265891,3.4185744346190794,0.04317576902930549,-0.005828903572010716
7062.0,282.48,1.0,-5.366792797134381,-29.56442195348074,-5.366792797134381,-29.56442195348074,3.479567255163738,0.045048021320173305,-0.01078930376748065
7063.0,282.52,1.0,-5.503323466857244,-29.09265095631712,-5.503323466857244,-29.09265095631712,3.540902185693652,0.04692027361104112,-0.015749703962950584
7064.0,282.56,1.0,-5.632160424207204,-28.619057696627927,-5.632160424207204,-28.619057696627927,3.6025792262088197,0.04879252590190893,-0.020710104158420516
7065.0,282.6,1.0,-5.753269726108733,-28.143712409956258,-5.753269726108733,-28.143712409956258,3.664598376709243,0.05066477819277675,-0.02567050435389045
7066.0,282.64,1.0,-5.873951010903941,-27.66372258069209,-5.873951010903941,-27.66372258069209,3.7261011159648127,0.06063119005656864,-0.03313055233508204
7067.0,282.68,1.0,-5.988749864130119,-27.183008595505875,-5.988749864130119,-27.183008595505875,3.7878200777112467,0.06352071569311009,-0.04096118675857932
7068.0,282.72,1.0,-6.097413987208795,-26.7001410914662,-6.097413987208795,-26.7001410914662,3.8499145196457887,0.07053372917646744,-0.04918447278167713
7069.0,282.76,0.0,-6.198893564357389,-26.21423325004742,-6.198893564357389,-26.21423325004742,3.9123093040948773,0.07932184753506437,-0.05760437583126408
7070.0,282.8,0.0,-6.292006924045023,-25.727850970221375,-6.292006924045023,-25.727850970221375,3.9750484514827895,0.09208027743506565,-0.06655384728399671
7071.0,282.84000000000003,0.0,-6.381736620064011,-25.241804059405787,-6.381736620064011,-25.241804059405787,4.037870160351501,0.11531568513685193,-0.07592737269004672
7072.0,282.88,0.0,-6.462858680880705,-24.7537387111616,-6.462858680880705,-24.7537387111616,4.100831119260708,0.14758749406721972,-0.08553231370167753
7073.0,282.92,0.0,-6.534721593218495,-24.26429988175113,-6.534721593218495,-24.26429988175113,4.164113826865149,0.183613789642965,-0.09549271358192171
7074.0,282.96,0.0,-6.601240253389909,-23.773537235079953,-6.601240253389909,-23.773537235079953,4.227620581667884,0.22437063975716737,-0.1055925760805257
7075.0,283.0,1.0,-6.657480072086413,-23.282070191431124,-6.657480072086413,-23.282070191431124,4.291438250939546,0.26587803986686326,-0.11594852087089173
7076.0,283.04,1.0,-6.708764266780332,-22.789089915912164,-6.708764266780332,-22.789089915912164,4.355564427209824,0.3096178577098846,-0.12613490750380427
7077.0,283.08,1.0,-6.752980766895926,-22.292476497303195,-6.752980766895926,-22.292476497303195,4.420134675948281,0.36392164256323756,-0.13617935112981366
7078.0,283.12,0.0,-6.793691836967677,-21.794775556243,-6.793691836967677,-21.794775556243,4.485023070149589,0.4244858255833295,-0.14586052224122276
7079.0,283.16,0.0,-6.82624812629807,-21.29690016561486,-6.82624812629807,-21.29690016561486,4.550343827852499,0.49646534231838607,-0.15541658330225624
7080.0,283.2,1.0,-6.858257187160635,-21.23741884205914,-6.858257187160635,-21.23741884205914,4.562009464093283,0.5273226963337361,-0.15587660992789726
7081.0,283.24,1.0,-6.89076365890188,-21.17826655694152,-6.89076365890188,-21.17826655694152,4.57365669926904,0.5581800503490861,-0.15633663655353824
7082.0,283.28000000000003,1.0,-6.923783347803021,-21.119451429920034,-6.923783347803021,-21.119451429920034,4.585285533379772,0.5890374043644361,-0.15679666317917923
7083.0,283.32,1.0,-6.957332252203325,-21.0609812538407,-6.957332252203325,-21.0609812538407,4.596895966425477,0.619894758379786,-0.15725668980482022
7084.0,283.36,1.0,-6.9914265564261795,-21.002863491279257,-6.9914265564261795,-21.002863491279257,4.608487998406159,0.6507521123951361,-0.1577167164304612
7085.0,283.40000000000003,1.0,-7.026082624644582,-20.945105271193377,-7.026082624644582,-20.945105271193377,4.620061629321812,0.6816094664104861,-0.15817674305610221
7086.0,283.44,0.0,-7.05141919694799,-20.891336254155156,-7.05141919694799,-20.891336254155156,4.630802692815672,0.6767604568202071,-0.15991310180573556
7087.0,283.48,0.0,-7.074659177156862,-20.837418409952825,-7.074659177156862,-20.837418409952825,4.641553836319086,0.6740887322897846,-0.1615830726419548
7088.0,283.52,0.0,-7.098311896278071,-20.78635710912851,-7.098311896278071,-20.78635710912851,4.652189549904195,0.6695195760550859,-0.1633101666132385
7089.0,283.56,0.0,-7.121255701592242,-20.736171929126208,-7.121255701592242,-20.736171929126208,4.662756179730453,0.6649504198203873,-0.16503726058452217
7090.0,283.6,0.0,-7.143512853509494,-20.686884113528894,-7.143512853509494,-20.686884113528894,4.67325372579786,0.6603812635856887,-0.16676435455580585
7091.0,283.64,0.0,-7.163779190323757,-20.638147452705503,-7.163779190323757,-20.638147452705503,4.684052347521554,0.6517944352531655,-0.16792388131125924
7092.0,283.68,0.0,-7.183209000066777,-20.59217879626763,-7.183209000066777,-20.59217879626763,4.6948355749746415,0.6430508536495299,-0.16887949618356604
7093.0,283.72,0.0,-7.203681884266864,-20.545412240822543,-7.203681884266864,-20.545412240822543,4.705753735545851,0.6340322460744838,-0.1697168960619026
7094.0,283.76,0.0,-7.223066736731726,-20.499974245248946,-7.223066736731726,-20.499974245248946,4.716699992626992,0.6253431014047135,-0.17034575466709584
7095.0,283.8,1.0,-7.24320369193827,-20.45417034910252,-7.24320369193827,-20.45417034910252,4.727765507033125,0.616516443749238,-0.17091550577530398
7096.0,283.84000000000003,1.0,-7.263282981388367,-20.409432623293057,-7.263282981388367,-20.409432623293057,4.738898666985735,0.6078545175464005,-0.17138098624694048
7097.0,283.88,1.0,-7.282627402948611,-20.36558661787803,-7.282627402948611,-20.36558661787803,4.75001320771948,0.5991925913435628,-0.171846466718577
7098.0,283.92,0.0,-7.301257765554323,-20.322642521547994,-7.301257765554323,-20.322642521547994,4.76110912923436,0.5905306651407253,-0.17231194719021348
7099.0,283.96,0.0,-7.319195001425695,-20.280610141157485,-7.319195001425695,-20.280610141157485,4.772186431530375,0.5818687389378876,-0.17277742766185
7100.0,284.0,0.0,-7.336460159212736,-20.2394989000046,-7.336460159212736,-20.2394989000046,4.783245114607523,0.57320681273505,-0.17324290813348647
7101.0,284.04,0.0,-7.353074397113088,-20.19931783623382,-7.353074397113088,-20.19931783623382,4.637205545786317,0.5645448865322125,-0.173708388605123
7102.0,284.08,0.0,-7.369058975964916,-20.160075601362514,-7.369058975964916,-20.160075601362514,4.491147357746245,0.5558829603293749,-0.1741738690767595
7103.0,284.12,0.0,-7.384435252317125,-20.12178045893157,-7.384435252317125,-20.12178045893157,4.345070550487308,0.5472210341265373,-0.17463934954839597
7104.0,284.16,0.0,-7.399224671479132,-20.08444028328049,-7.399224671479132,-20.08444028328049,4.198975124009506,0.5385591079236998,-0.17510483002003246
7105.0,284.2,0.0,-7.4134487605523915,-20.048062558447295,-7.4134487605523915,-20.048062558447295,4.052861078312837,0.5298971817208622,-0.175570310491669
7106.0,284.24,0.0,-7.427059248485674,-20.01367637316917,-7.427059248485674,-20.01367637316917,3.906601573343275,0.529387939491402,-0.1755955852635993
7107.0,284.28000000000003,0.0,-7.441398746766652,-19.98199477447581,-7.441398746766652,-19.98199477447581,3.760311540654223,0.5289685773515533,-0.17560794822031608
7108.0,284.32,0.0,-7.457618179735247,-19.949432105254957,-7.457618179735247,-19.949432105254957,3.6142103431875325,0.5289685773515533,-0.17560794822031608
7109.0,284.36,0.0,-7.473684796966258,-19.917739136247096,-7.473684796966258,-19.917739136247096,3.4681091457208417,0.5289685773515533,-0.17560794822031608
7110.0,284.40000000000003,0.0,-7.489618848505101,-19.886916744451703,-7.489618848505101,-19.886916744451703,3.3220079482541514,0.5289685773515533,-0.17560794822031608
7111.0,284.44,0.0,-7.505440590015039,-19.856965424135975,-7.505440590015039,-19.856965424135975,3.1759067507874605,0.5289685773515533,-0.17560794822031608
7112.0,284.48,0.0,-7.521170275815071,-19.827885286823122,-7.521170275815071,-19.827885286823122,3.0298055533207693,0.5289685773515533,-0.17560794822031608
7113.0,284.52,0.0,-7.53682815191886,-19.79967606140621,-7.53682815191886,-19.79967606140621,2.8837043558540794,0.5289685773515533,-0.17560794822031608
7114.0,284.56,0.0,-7.552434449076939,-19.77233709438765,-7.552434449076939,-19.77233709438765,2.737603158387388,0.5289685773515533,-0.17560794822031608
7115.0,284.6,0.0,-7.568009375824481,-19.745867350244133,-7.568009375824481,-19.745867350244133,2.5915019609206977,0.5289685773515533,-0.17560794822031608
7116.0,284.64,0.0,-7.583573111536846,-19.72026541191696,-7.583573111536846,-19.72026541191696,2.445400763454007,0.5289685773515533,-0.17560794822031608
7117.0,284.68,0.0,-7.599145799495242,-19.69552948142757,-7.599145799495242,-19.69552948142757,2.299299565987316,0.5289685773515533,-0.17560794822031608
7118.0,284.72,0.0,-7.6147475399646485,-19.671657380618097,-7.6147475399646485,-19.671657380618097,2.1531983685206253,0.5289685773515533,-0.17560794822031608
7119.0,284.76,0.0,-7.63039838328636,-19.648646552016693,-7.63039838328636,-19.648646552016693,2.0070971710539345,0.5289685773515533,-0.17560794822031608
7120.0,284.8,0.0,-7.646118322987306,-19.626494059827316,-7.646118322987306,-19.626494059827316,1.8609959735872441,0.5289685773515533,-0.17560794822031608
7121.0,284.84000000000003,0.0,-7.66192728890844,-19.60519659104369,-7.66192728890844,-19.60519659104369,1.871974408800043,0.5289685773515533,-0.17560794822031608
7122.0,284.88,0.0,-7.677845140354412,-19.584750456687086,-7.677845140354412,-19.584750456687086,1.882952844012842,0.5289685773515533,-0.17560794822031608
7123.0,284.92,0.0,-7.6938916592667566,-19.565151593167478,-7.6938916592667566,-19.565151593167478,1.8939312792256409,0.5289685773515533,-0.17560794822031608
7124.0,284.96,0.0,-7.710086543422794,-19.546395563767625,-7.710086543422794,-19.546395563767625,1.9049097144384401,0.5289685773515533,-0.17560794822031608
7125.0,285.0,0.0,-7.726449399662501,-19.528477560249677,-7.726449399662501,-19.528477560249677,1.915888149651239,0.5289685773515533,-0.17560794822031608
7126.0,285.04,0.0,-7.742999737145491,-19.51139240458368,-7.742999737145491,-19.51139240458368,1.926866584864038,0.5289685773515533,-0.17560794822031608
7127.0,285.08,0.0,-7.759756960640358,-19.495134550797495,-7.759756960640358,-19.495134550797495,1.937845020076837,0.5289685773515533,-0.17560794822031608
7128.0,285.12,0.0,-7.776740363848511,-19.479698086947444,-7.776740363848511,-19.479698086947444,1.9488234552896357,0.5289685773515533,-0.17560794822031608
7129.0,285.16,0.0,-7.79396912276471,-19.465076737209166,-7.79396912276471,-19.465076737209166,1.9598018905024346,0.5289685773515533,-0.17560794822031608
7130.0,285.2,0.0,-7.811462289076433,-19.45126386408787,-7.811462289076433,-19.45126386408787,1.9707803257152339,0.5289685773515533,-0.17560794822031608
7131.0,285.24,0.0,-7.829238783604225,-19.438252470747365,-7.829238783604225,-19.438252470747365,1.9817587609280327,0.5289685773515533,-0.17560794822031608
7132.0,285.28000000000003,0.0,-7.847317389785187,-19.42603520345703,-7.847317389785187,-19.42603520345703,1.992737196140832,0.5289685773515533,-0.17560794822031608
7133.0,285.32,0.0,-7.865716747201684,-19.414604354156022,-7.865716747201684,-19.414604354156022,2.003715631353631,0.5289685773515533,-0.17560794822031608
7134.0,285.36,0.0,-7.884455345157397,-19.4039518631338,-7.884455345157397,-19.4039518631338,2.01469406656643,0.5289685773515533,-0.17560794822031608
7135.0,285.40000000000003,0.0,-7.903551516302805,-19.394069321826112,-7.903551516302805,-19.394069321826112,2.025672501779229,0.5289685773515533,-0.17560794822031608
7136.0,285.44,0.0,-7.923023430312168,-19.384947975725606,-7.923023430312168,-19.384947975725606,2.036650936992028,0.5289685773515533,-0.17560794822031608
7137.0,285.48,0.0,-7.942889087614061,-19.376578727406027,-7.942889087614061,-19.376578727406027,2.047629372204827,0.5289685773515533,-0.17560794822031608
7138.0,285.52,0.0,-7.963166313177513,-19.36895213965905,-7.963166313177513,-19.36895213965905,2.058607807417626,0.5289685773515533,-0.17560794822031608
7139.0,285.56,0.0,-7.983872750355734,-19.362058438742757,-7.983872750355734,-19.362058438742757,2.069586242630425,0.5289685773515533,-0.17560794822031608
7140.0,285.6,0.0,-8.00502585478949,-19.355887517740673,-8.00502585478949,-19.355887517740673,2.0805646778432236,0.5289685773515533,-0.17560794822031608
7141.0,285.64,0.0,-8.026642888372038,-19.350428940030262,-8.026642888372038,-19.350428940030262,2.091543113056023,0.5289685773515533,-0.17560794822031608
7142.0,285.68,0.0,-8.048740913277655,-19.345671942859813,-8.048740913277655,-19.345671942859813,2.1025215482688218,0.5289685773515533,-0.17560794822031608
7143.0,285.72,0.0,-8.071336786055632,-19.34160544103242,-8.071336786055632,-19.34160544103242,2.113499983481621,0.5289685773515533,-0.17560794822031608
7144.0,285.76,0.0,-8.094447151791709,-19.33821803069608,-8.094447151791709,-19.33821803069608,2.12447841869442,0.5289685773515533,-0.17560794822031608
7145.0,285.8,0.0,-8.118088438338814,-19.335497993238427,-8.118088438338814,-19.335497993238427,2.1354568539072187,0.5289685773515533,-0.17560794822031608
7146.0,285.84000000000003,0.0,-8.142276850619018,-19.33343329928502,-8.142276850619018,-19.33343329928502,2.146435289120018,0.5289685773515533,-0.17560794822031608
7147.0,285.88,0.0,-8.167028364998488,-19.332011612799818,-8.167028364998488,-19.332011612799818,2.157413724332817,0.5289685773515533,-0.17560794822031608
7148.0,285.92,0.0,-8.19235872373737,-19.331220295286492,-8.19235872373737,-19.331220295286492,2.1683921595456157,0.5289685773515533,-0.17560794822031608
7149.0,285.96,0.0,-8.218283429516308,-19.33104641008928,-8.218283429516308,-19.33104641008928,2.179370594758415,0.5289685773515533,-0.17560794822031608
7150.0,286.0,0.0,-8.244817740041443,-19.331476726791845,-8.244817740041443,-19.331476726791845,2.190349029971214,0.5289685773515533,-0.17560794822031608
7151.0,286.04,0.0,-8.271976662729617,-19.332497725712937,-8.271976662729617,-19.332497725712937,2.201327465184013,0.5289685773515533,-0.17560794822031608
7152.0,286.08,0.0,-8.299774949475522,-19.334095602497136,-8.299774949475522,-19.334095602497136,2.212305900396812,0.5289685773515533,-0.17560794822031608
7153.0,286.12,0.0,-8.328227091502479,-19.336256272799403,-8.328227091502479,-19.336256272799403,2.2232843356096113,0.5289685773515533,-0.17560794822031608
7154.0,286.16,0.0,-8.35734731429855,-19.338965377061772,-8.35734731429855,-19.338965377061772,2.23426277082241,0.5289685773515533,-0.17560794822031608
7155.0,286.2,0.0,-8.387149572639611,-19.34220828538071,-8.387149572639611,-19.34220828538071,2.245241206035209,0.5289685773515533,-0.17560794822031608
7156.0,286.24,0.0,-8.417647545700998,-19.34597010246356,-8.417647545700998,-19.34597010246356,2.2562196412480082,0.5289685773515533,-0.17560794822031608
7157.0,286.28000000000003,0.0,-8.448854632259325,-19.350235672672383,-8.448854632259325,-19.350235672672383,2.267198076460807,0.5289685773515533,-0.17560794822031608
7158.0,286.32,0.0,-8.480783945986051,-19.35498958515369,-8.480783945986051,-19.35498958515369,2.278176511673606,0.5289685773515533,-0.17560794822031608
7159.0,286.36,0.0,-8.513448310834303,-19.36021617905225,-8.513448310834303,-19.36021617905225,2.2891549468864048,0.5289685773515533,-0.17560794822031608
7160.0,286.40000000000003,0.0,-8.54686025652045,-19.365899548807427,-8.54686025652045,-19.365899548807427,2.3001333820992036,0.5289685773515533,-0.17560794822031608
7161.0,286.44,0.0,-8.581032014101938,-19.372023549530176,-8.581032014101938,-19.372023549530176,2.311111817312003,0.5289685773515533,-0.17560794822031608
7162.0,286.48,0.0,-8.615975511652778,-19.378571802459113,-8.615975511652778,-19.378571802459113,2.322090252524802,0.5289685773515533,-0.17560794822031608
7163.0,286.52,0.0,-8.651702370038127,-19.38552770049375,-8.651702370038127,-19.38552770049375,2.3330686877376006,0.5289685773515533,-0.17560794822031608
7164.0,286.56,0.0,-8.688223898789312,-19.392874413803156,-8.688223898789312,-19.392874413803156,2.3440471229504,0.5289685773515533,-0.17560794822031608
7165.0,286.6,0.0,-8.725551092080675,-19.400594895508245,-8.725551092080675,-19.400594895508245,2.355025558163199,0.5289685773515533,-0.17560794822031608
7166.0,286.64,0.0,-8.763694624809503,-19.40867188743581,-8.763694624809503,-19.40867188743581,2.366003993375998,0.5289685773515533,-0.17560794822031608
7167.0,286.68,0.0,-8.80266484878035,-19.417087925942422,-8.80266484878035,-19.417087925942422,2.376982428588797,0.5289685773515533,-0.17560794822031608
7168.0,286.72,0.0,-8.842471788994995,-19.42582534780638,-8.842471788994995,-19.42582534780638,2.387960863801596,0.5289685773515533,-0.17560794822031608
7169.0,286.76,0.0,-8.88312514004922,-19.43486629618566,-8.88312514004922,-19.43486629618566,2.398939299014395,0.5289685773515533,-0.17560794822031608
7170.0,286.8,0.0,-8.9246342626376,-19.444192726640118,-8.9246342626376,-19.444192726640118,2.409917734227194,0.5289685773515533,-0.17560794822031608
7171.0,286.84000000000003,0.0,-8.967008180167447,-19.453786413215795,-8.967008180167447,-19.453786413215795,2.4208961694399926,0.5289685773515533,-0.17560794822031608
7172.0,286.88,0.0,-9.01025557548299,-19.463628954589492,-9.01025557548299,-19.463628954589492,2.4318746046527915,0.5289685773515533,-0.17560794822031608
7173.0,286.92,0.0,-9.05438478770088,-19.473701780271558,-9.05438478770088,-19.473701780271558,2.4428530398655903,0.5289685773515533,-0.17560794822031608
7174.0,286.96,0.0,-9.099403809158037,-19.483986156864866,-9.099403809158037,-19.483986156864866,2.4538314750783896,0.5289685773515533,-0.17560794822031608
7175.0,287.0,0.0,-9.145320282472845,-19.494463194378007,-9.145320282472845,-19.494463194378007,2.464809910291189,0.5289685773515533,-0.17560794822031608
7176.0,287.04,0.0,-9.19214149772063,-19.505113852590558,-9.19214149772063,-19.505113852590558,2.4757883455039877,0.5289685773515533,-0.17560794822031608
7177.0,287.08,0.0,-9.239874389724388,-19.515918947468474,-9.239874389724388,-19.515918947468474,2.486766780716786,0.5289685773515533,-0.17560794822031608
7178.0,287.12,0.0,-9.288525535461584,-19.526859157627396,-9.288525535461584,-19.526859157627396,2.4977452159295854,0.5289685773515533,-0.17560794822031608
7179.0,287.16,0.0,-9.33810115158792,-19.537915030841873,-9.33810115158792,-19.537915030841873,2.5087236511423843,0.5289685773515533,-0.17560794822031608
7180.0,287.2,0.0,-9.388607092078864,-19.54906699059834,-9.388607092078864,-19.54906699059834,2.5197020863551836,0.5289685773515533,-0.17560794822031608
7181.0,287.24,0.0,-9.440048845989683,-19.560295342689745,-9.440048845989683,-19.560295342689745,2.5306805215679824,0.5289685773515533,-0.17560794822031608
7182.0,287.28000000000003,0.0,-9.492431535334761,-19.57158028184964,-9.492431535334761,-19.57158028184964,2.5416589567807812,0.5289685773515533,-0.17560794822031608
7183.0,287.32,0.0,-9.545759913086854,-19.582901898423668,-9.545759913086854,-19.582901898423668,2.5526373919935805,0.5289685773515533,-0.17560794822031608
7184.0,287.36,0.0,-9.600038361296956,-19.594240185076163,-9.600038361296956,-19.594240185076163,2.5636158272063794,0.5289685773515533,-0.17560794822031608
7185.0,287.40000000000003,0.0,-9.655270889335378,-19.605575043529804,-9.655270889335378,-19.605575043529804,2.574594262419178,0.5289685773515533,-0.17560794822031608
7186.0,287.44,0.0,-9.711461132254621,-19.616886291336044,-9.711461132254621,-19.616886291336044,2.585572697631977,0.5289685773515533,-0.17560794822031608
7187.0,287.48,0.0,-9.768612349274596,-19.628153668674184,-9.768612349274596,-19.628153668674184,2.596551132844776,0.5289685773515533,-0.17560794822031608
7188.0,287.52,0.0,-9.82672742239065,-19.6393568451768,-9.82672742239065,-19.6393568451768,2.6075295680575747,0.5289685773515533,-0.17560794822031608
7189.0,287.56,0.0,-9.885808855104887,-19.650475426779433,-9.885808855104887,-19.650475426779433,2.6185080032703736,0.5289685773515533,-0.17560794822031608
7190.0,287.6,0.0,-9.945858771281186,-19.661488962592163,-9.945858771281186,-19.661488962592163,2.6294864384831724,0.5289685773515533,-0.17560794822031608
7191.0,287.64,0.0,-10.0068789141243,-19.672376951790973,-10.0068789141243,-19.672376951790973,2.640464873695972,0.5289685773515533,-0.17560794822031608
7192.0,287.68,0.0,-10.068870645283354,-19.683118850526604,-10.068870645283354,-19.683118850526604,2.651443308908771,0.5289685773515533,-0.17560794822031608
7193.0,287.72,0.0,-10.13183494408007,-19.69369407884863,-10.13183494408007,-19.69369407884863,2.66242174412157,0.5289685773515533,-0.17560794822031608
7194.0,287.76,0.0,-10.195772406861934,-19.704082027642563,-10.195772406861934,-19.704082027642563,2.6734001793343687,0.5289685773515533,-0.17560794822031608
7195.0,287.8,0.0,-10.260683246480555,-19.714262065577724,-10.260683246480555,-19.714262065577724,2.6843786145471675,0.5289685773515533,-0.17560794822031608
7196.0,287.84000000000003,0.0,-10.326567291895378,-19.724213546063574,-10.326567291895378,-19.724213546063574,2.6953570497599664,0.5289685773515533,-0.17560794822031608
7197.0,287.88,0.0,-10.393423987902871,-19.733915814212303,-10.393423987902871,-19.733915814212303,2.706335484972766,0.5289685773515533,-0.17560794822031608
7198.0,287.92,0.0,-10.461252394991293,-19.743348213805394,-10.461252394991293,-19.743348213805394,2.717313920185565,0.5289685773515533,-0.17560794822031608
7199.0,287.96,0.0,-10.530051189321114,-19.752490094261915,-10.530051189321114,-19.752490094261915,2.728292355398364,0.5289685773515533,-0.17560794822031608
7200.0,288.0,0.0,-10.599818662831034,-19.76132081760624,-10.599818662831034,-19.76132081760624,2.7392707906111626,0.5289685773515533,-0.17560794822031608
7201.0,288.04,0.0,-10.670552723469664,-19.76981976543296,-10.670552723469664,-19.76981976543296,2.7502492258239615,0.5289685773515533,-0.17560794822031608
7202.0,288.08,0.0,-10.742250895552708,-19.77796634586675,-10.742250895552708,-19.77796634586675,2.7612276610367603,0.5289685773515533,-0.17560794822031608
7203.0,288.12,0.0,-10.814910320245607,-19.785740000514885,-10.814910320245607,-19.785740000514885,2.772206096249559,0.5289685773515533,-0.17560794822031608
7204.0,288.16,0.0,-10.88852775617145,-19.793120211410148,-10.88852775617145,-19.793120211410148,2.783184531462358,0.5289685773515533,-0.17560794822031608
7205.0,288.2,0.0,-10.963099580143963,-19.800086507941945,-10.963099580143963,-19.800086507941945,2.7941629666751573,0.5289685773515533,-0.17560794822031608
7206.0,288.24,0.0,-11.038621788025383,-19.806618473773263,-11.038621788025383,-19.806618473773263,2.805141401887956,0.5289685773515533,-0.17560794822031608
7207.0,288.28000000000003,0.0,-11.115089995708884,-19.812695753741334,-11.115089995708884,-19.812695753741334,2.816119837100755,0.5289685773515533,-0.17560794822031608
7208.0,288.32,0.0,-11.192499440225301,-19.818298060739718,-11.192499440225301,-19.818298060739718,2.8270982723135543,0.5289685773515533,-0.17560794822031608
7209.0,288.36,0.0,-11.270844980973738,-19.823405182579513,-11.270844980973738,-19.823405182579513,2.838076707526353,0.5289685773515533,-0.17560794822031608
7210.0,288.40000000000003,0.0,-11.350121101075729,-19.827996988827607,-11.350121101075729,-19.827996988827607,2.849055142739152,0.5289685773515533,-0.17560794822031608
7211.0,288.44,0.0,-11.43032190885246,-19.83205343761958,-11.43032190885246,-19.83205343761958,2.860033577951951,0.5289685773515533,-0.17560794822031608
7212.0,288.48,0.0,-11.511441139424628,-19.83555458244519,-11.511441139424628,-19.83555458244519,2.87101201316475,0.5289685773515533,-0.17560794822031608
7213.0,288.52,0.0,-11.59347215643438,-19.838480578904157,-11.59347215643438,-19.838480578904157,2.881990448377549,0.5289685773515533,-0.17560794822031608
7214.0,288.56,0.0,-11.676407953888818,-19.84081169143004,-11.676407953888818,-19.84081169143004,2.8929688835903478,0.5289685773515533,-0.17560794822031608
7215.0,288.6,0.0,-11.76024115812444,-19.84252829998012,-11.76024115812444,-19.84252829998012,2.903947318803147,0.5289685773515533,-0.17560794822031608
7216.0,288.64,0.0,-11.844964029891912,-19.843610906688987,-11.844964029891912,-19.843610906688987,2.914925754015946,0.5289685773515533,-0.17560794822031608
7217.0,288.68,0.0,-11.930568466560498,-19.844040142483777,-11.930568466560498,-19.844040142483777,2.9259041892287447,0.5289685773515533,-0.17560794822031608
7218.0,288.72,0.0,-12.01704600444142,-19.843796773658852,-12.01704600444142,-19.843796773658852,2.9368826244415436,0.5289685773515533,-0.17560794822031608
7219.0,288.76,0.0,-12.104387821229412,-19.842861708407785,-12.104387821229412,-19.842861708407785,2.9478610596543424,0.5289685773515533,-0.17560794822031608
7220.0,288.8,0.0,-12.192584738561703,-19.84121600331059,-12.192584738561703,-19.84121600331059,2.9588394948671417,0.5289685773515533,-0.17560794822031608
7221.0,288.84000000000003,0.0,-12.281627224693539,-19.838840869774003,-12.281627224693539,-19.838840869774003,2.9698179300799405,0.5289685773515533,-0.17560794822031608
7222.0,288.88,0.0,-13.256090327639104,-19.67435545629384,-13.256090327639104,-19.67435545629384,3.025705367624789,0.7224664910585119,-0.1618876485386871
7223.0,288.92,0.0,-14.232329838123741,-19.50313060003158,-14.232329838123741,-19.50313060003158,3.081241659509353,0.9159644047654704,-0.14816734885705807
7224.0,288.96,0.0,-15.210274046380562,-19.32517251714102,-15.210274046380562,-19.32517251714102,3.136426805733631,1.109462318472429,-0.13444704917542907
7225.0,289.0,0.0,-16.189851512482132,-19.1404885160719,-16.189851512482132,-19.1404885160719,3.1912608062976244,1.3029602321793876,-0.12072674949380005
7226.0,289.04,0.0,-17.17099108517754,-18.949086991958335,-17.17099108517754,-18.949086991958335,3.2457436612013333,1.496458145886346,-0.10700644981217104
7227.0,289.08,0.0,-18.153621920623117,-18.750977420672115,-18.153621920623117,-18.750977420672115,3.2998753704447568,1.6899560595933045,-0.09328615013054205
7228.0,289.12,0.0,-19.1376735010008,-18.546170352542877,-19.1376735010008,-18.546170352542877,3.3536559340278957,1.8834539733002629,-0.07956585044891304
7229.0,289.16,0.0,-20.123075653018226,-18.33467740574728,-20.123075653018226,-18.33467740574728,3.407085351950749,2.0769518870072217,-0.06584555076728402
7230.0,289.2,0.0,-21.1097585662845,-18.116511259369332,-21.1097585662845,-18.116511259369332,3.4601636242133176,2.27044980071418,-0.05212525108565501
7231.0,289.24,0.0,-22.09765281155592,-17.891685646134157,-22.09765281155592,-17.891685646134157,3.5128907508156013,2.4639477144211384,-0.038404951404026014
7232.0,289.28000000000003,0.0,-23.086689358845653,-17.660215344817665,-23.086689358845653,-17.660215344817665,3.5652667317575997,2.657445628128097,-0.024684651722397
7233.0,289.32,0.0,-24.07679959539169,-17.42211617233455,-24.07679959539169,-17.42211617233455,3.6172915670393144,2.8509435418350555,-0.01096435204076799
7234.0,289.36,0.0,-25.06791534347725,-17.17740497550733,-25.06791534347725,-17.17740497550733,3.668965256660743,3.044441455542014,0.0027559476408610174
7235.0,289.40000000000003,0.0,-26.05996887809793,-16.92609962251904,-26.05996887809793,-16.92609962251904,3.720287800621887,3.2379393692489726,0.016476247322490027
7236.0,289.44,0.0,-27.05289294447,-16.66821899405249,-27.05289294447,-16.66821899405249,3.7712591989227455,3.431437282955932,0.030196547004119036
7237.0,289.48,0.0,-28.04662077537415,-16.40378297411892,-28.04662077537415,-16.40378297411892,3.821879451563319,3.6249351966628893,0.043916846685748044
7238.0,289.52,0.0,-29.04108610832926,-16.13281244057916,-29.04108610832926,-16.13281244057916,3.8721485585436084,3.818433110369848,0.05763714636737706
7239.0,289.56,0.0,-30.03622320259054,-15.85532925536034,-30.03622320259054,-15.85532925536034,3.9220665198636127,4.011931024076807,0.07135744604900607
7240.0,289.6,0.0,-31.031966855966754,-15.571356254371432,-31.031966855966754,-15.571356254371432,3.9716333355233315,4.205428937783765,0.08507774573063506
7241.0,289.64,0.0,-32.02825242145103,-15.280917237120857,-32.02825242145103,-15.280917237120857,4.0208490055227655,4.398926851490724,0.09879804541226408
7242.0,289.68,0.0,-32.140430893310416,-15.14539918016862,-32.140430893310416,-15.14539918016862,4.024804527529866,4.398926851490724,0.09879804541226408
7243.0,289.72,0.0,-32.2520727632819,-15.009438480922132,-32.2520727632819,-15.009438480922132,4.028760049536966,4.398926851490724,0.09879804541226408
7244.0,289.76,0.0,-32.36317628283588,-14.873037262341484,-32.36317628283588,-14.873037262341484,4.032715571544065,4.398926851490724,0.09879804541226408
7245.0,289.8,0.0,-32.473739711810154,-14.736197654328887,-32.473739711810154,-14.736197654328887,4.036671093551165,4.398926851490724,0.09879804541226408
7246.0,289.84000000000003,0.0,-32.58376131843814,-14.598921793696238,-32.58376131843814,-14.598921793696238,4.040626615558264,4.398926851490724,0.09879804541226408
7247.0,289.88,0.0,-32.69323937937694,-14.46121182413257,-32.69323937937694,-14.46121182413257,4.0445821375653646,4.398926851490724,0.09879804541226408
7248.0,289.92,0.0,-32.80217217973531,-14.3230698961714,-32.80217217973531,-14.3230698961714,4.048537659572464,4.398926851490724,0.09879804541226408
7249.0,289.96,0.0,-32.9105580131015,-14.18449816715794,-32.9105580131015,-14.18449816715794,4.052493181579564,4.398926851490724,0.09879804541226408
7250.0,290.0,0.0,-33.018395181571016,-14.045498801216159,-33.018395181571016,-14.045498801216159,4.056448703586663,4.398926851490724,0.09879804541226408
7251.0,290.04,0.0,-33.1256819957742,-13.90607396921576,-33.1256819957742,-13.90607396921576,4.060404225593763,4.398926851490724,0.09879804541226408
7252.0,290.08,0.0,-33.23241677490375,-13.766225848739001,-33.23241677490375,-13.766225848739001,4.0643597476008635,4.398926851490724,0.09879804541226408
7253.0,290.12,0.0,-33.33859784674207,-13.62595662404741,-33.33859784674207,-13.62595662404741,4.068315269607963,4.398926851490724,0.09879804541226408
7254.0,290.16,0.0,-33.444223547688516,-13.485268486048366,-33.444223547688516,-13.485268486048366,4.072270791615063,4.398926851490724,0.09879804541226408
7255.0,290.2,0.0,-33.549292222786576,-13.34416363226156,-33.549292222786576,-13.34416363226156,4.076226313622162,4.398926851490724,0.09879804541226408
7256.0,290.24,0.0,-33.65380222575083,-13.202644266785331,-33.65380222575083,-13.202644266785331,4.080181835629262,4.398926851490724,0.09879804541226408
7257.0,290.28000000000003,0.0,-33.75775191899386,-13.060712600262866,-33.75775191899386,-13.060712600262866,4.084137357636362,4.398926851490724,0.09879804541226408
7258.0,290.32,0.0,-33.861139673652985,-12.918370849848316,-33.861139673652985,-12.918370849848316,4.088092879643462,4.398926851490724,0.09879804541226408
7259.0,290.36,0.0,-33.963963869616926,-12.77562123917274,-33.963963869616926,-12.77562123917274,4.092048401650561,4.398926851490724,0.09879804541226408
7260.0,290.40000000000003,0.0,-34.0662228955523,-12.632465998309963,-34.0662228955523,-12.632465998309963,4.096003923657661,4.398926851490724,0.09879804541226408
7261.0,290.44,0.0,-34.167915148930014,-12.488907363742289,-34.167915148930014,-12.488907363742289,4.099959445664761,4.398926851490724,0.09879804541226408
7262.0,290.48,0.0,-34.269039036051524,-12.344947578326108,-34.269039036051524,-12.344947578326108,4.1039149676718605,4.398926851490724,0.09879804541226408
7263.0,290.52,0.0,-34.369592972074926,-12.200588891257373,-34.369592972074926,-12.200588891257373,4.107870489678961,4.398926851490724,0.09879804541226408
7264.0,290.56,0.0,-34.46957538104104,-12.05583355803696,-34.46957538104104,-12.05583355803696,4.111826011686061,4.398926851490724,0.09879804541226408
7265.0,290.6,0.0,-34.568984695899175,-11.910683840435903,-34.568984695899175,-11.910683840435903,4.11578153369316,4.398926851490724,0.09879804541226408
7266.0,290.64,0.0,-34.667819358532945,-11.765142006460511,-34.667819358532945,-11.765142006460511,4.11973705570026,4.398926851490724,0.09879804541226408
7267.0,290.68,0.0,-34.76607781978586,-11.619210330317374,-34.76607781978586,-11.619210330317374,4.123692577707359,4.398926851490724,0.09879804541226408
7268.0,290.72,0.0,-34.86375853948679,-11.472891092378228,-34.86375853948679,-11.472891092378228,4.12764809971446,4.398926851490724,0.09879804541226408
7269.0,290.76,0.0,-34.960859986475306,-11.326186579144725,-34.960859986475306,-11.326186579144725,4.131603621721559,4.398926851490724,0.09879804541226408
7270.0,290.8,0.0,-35.05738063862691,-11.179099083213064,-35.05738063862691,-11.179099083213064,4.135559143728659,4.398926851490724,0.09879804541226408
7271.0,290.84000000000003,0.0,-35.15331898287811,-11.031630903238526,-35.15331898287811,-11.031630903238526,4.139514665735758,4.398926851490724,0.09879804541226408
7272.0,290.88,0.0,-35.24867351525133,-10.88378434389986,-35.24867351525133,-10.88378434389986,4.143470187742858,4.398926851490724,0.09879804541226408
7273.0,290.92,0.0,-35.34344274087976,-10.735561715863591,-35.34344274087976,-10.735561715863591,4.1474257097499585,4.398926851490724,0.09879804541226408
7274.0,290.96,0.0,-35.43762517403197,-10.586965335748173,-35.43762517403197,-10.586965335748173,4.151381231757059,4.398926851490724,0.09879804541226408
7275.0,291.0,0.0,-35.5312193381365,-10.437997526088052,-35.5312193381365,-10.437997526088052,4.155336753764158,4.398926851490724,0.09879804541226408
7276.0,291.04,0.0,-35.62422376580621,-10.288660615297601,-35.62422376580621,-10.288660615297601,4.159292275771258,4.398926851490724,0.09879804541226408
7277.0,291.08,0.0,-35.7166369988625,-10.138956937634946,-35.7166369988625,-10.138956937634946,4.163247797778357,4.398926851490724,0.09879804541226408
7278.0,291.12,0.0,-35.80845758835954,-9.98888883316566,-35.80845758835954,-9.98888883316566,4.167203319785457,4.398926851490724,0.09879804541226408
7279.0,291.16,0.0,-35.899684094608105,-9.838458647726373,-35.899684094608105,-9.838458647726373,4.171158841792557,4.398926851490724,0.09879804541226408
7280.0,291.2,0.0,-35.990315087199505,-9.687668732888246,-35.990315087199505,-9.687668732888246,4.175114363799657,4.398926851490724,0.09879804541226408
7281.0,291.24,0.0,-36.03637809922492,-9.612718490722395,-36.03637809922492,-9.612718490722395,4.177092124803207,4.398926851490724,0.09879804541226408
7282.0,291.28000000000003,0.0,-36.08224413711346,-9.537645778884212,-36.08224413711346,-9.537645778884212,4.179069885806757,4.398926851490724,0.09879804541226408
7283.0,291.32,0.0,-36.12791283555568,-9.462451180610865,-36.12791283555568,-9.462451180610865,4.181047646810306,4.398926851490724,0.09879804541226408
7284.0,291.36,0.0,-36.173383831084216,-9.387135280308588,-36.173383831084216,-9.387135280308588,4.183025407813856,4.398926851490724,0.09879804541226408
7285.0,291.40000000000003,0.0,-36.21865676207785,-9.311698663546629,-36.21865676207785,-9.311698663546629,4.185003168817406,4.398926851490724,0.09879804541226408
7286.0,291.44,0.0,-36.26373126876549,-9.236141917051205,-36.26373126876549,-9.236141917051205,4.186980929820956,4.398926851490724,0.09879804541226408
7287.0,291.48,0.0,-36.30860699323018,-9.160465628699425,-36.30860699323018,-9.160465628699425,4.1889586908245064,4.398926851490724,0.09879804541226408
7288.0,291.52,0.0,-36.35328357941305,-9.08467038751319,-36.35328357941305,-9.08467038751319,4.190936451828056,4.398926851490724,0.09879804541226408
7289.0,291.56,0.0,-36.39776067311732,-9.008756783653109,-36.39776067311732,-9.008756783653109,4.192914212831607,4.398926851490724,0.09879804541226408
