0	[[[2053.8    1038.6001  701.76  ]]]
1	[[[2052.6    1038.6001  701.84  ]]]
2	[[[2051.4001  1038.6001   923.04004]]]
3	[[[2052.6     1039.8      929.80005]]]
4	[[[2051.4001  1038.6001   923.04004]]]
5	[[[2050.2002 1042.2001  926.88  ]]]
6	[[[2052.6  1039.8   929.48]]]
7	[[[2053.8    1036.2001  699.52  ]]]
8	[[[2051.4001  1037.4      939.80005]]]
9	[[[2052.6 1037.4  697.6]]]
10	[[[2052.6  1041.    699.76]]]
11	[[[2051.4001 1039.8     930.2   ]]]
12	[[[2050.2002 1037.4     929.24  ]]]
13	[[[2051.4001 1039.8     929.88  ]]]
14	[[[2051.4001 1037.4     701.96  ]]]
15	[[[2052.6    1038.6001  701.04  ]]]
16	[[[2049.     1036.2001  700.16  ]]]
17	[[[2052.6  1037.4   697.16]]]
18	[[[2051.4001 1039.8     930.52  ]]]
19	[[[2050.2002 1038.6001  929.32  ]]]
20	[[[2051.4001 1039.8     929.64  ]]]
21	[[[2052.6  1041.    699.64]]]
22	[[[2051.4001 1038.6001  702.28  ]]]
23	[[[2055.      1041.       926.56006]]]
24	[[[2051.4001 1039.8     923.6   ]]]
25	[[[2052.6    1038.6001  697.56  ]]]
26	[[[2052.6    1038.6001  701.84  ]]]
27	[[[2052.6 1039.8  701.8]]]
28	[[[2051.4001 1041.      929.32  ]]]
29	[[[2052.6  1041.    929.88]]]
30	[[[2051.4001 1039.8     923.2   ]]]
31	[[[2056.2002  1042.2001   926.92004]]]
32	[[[2052.6  1041.    702.16]]]
33	[[[2047.8  1041.    926.32]]]
34	[[[2052.6  1041.    701.96]]]
35	[[[2053.8    1042.2001  930.6   ]]]
36	[[[2053.8  1043.4   699.56]]]
37	[[[2052.6  1041.    701.84]]]
38	[[[2053.8  1041.    697.28]]]
39	[[[2051.4001 1042.2001  929.64  ]]]
40	[[[2050.2002  1044.6001   926.56006]]]
41	[[[2052.6 1041.   701.8]]]
42	[[[2051.4001 1041.      922.96  ]]]
43	[[[2052.6    1042.2001  697.92  ]]]
44	[[[2051.4001 1041.      923.36  ]]]
45	[[[2051.4001  1042.2001   928.80005]]]
46	[[[2053.8  1041.    697.36]]]
47	[[[2052.6  1041.    701.72]]]
48	[[[2053.8    1044.6001  699.56  ]]]
49	[[[2051.4001 1042.2001  923.28  ]]]
50	[[[2052.6    1042.2001  701.88  ]]]
51	[[[2052.6    1042.2001  701.64  ]]]
52	[[[2051.4001  1043.4      928.80005]]]
53	[[[2052.6  1043.4   929.12]]]
54	[[[2053.8    1042.2001  701.28  ]]]
55	[[[2055.   1041.    699.56]]]
56	[[[2051.4001  1042.2001   923.04004]]]
57	[[[2053.8    1042.2001  697.2   ]]]
58	[[[2052.6    1042.2001  701.96  ]]]
59	[[[2052.6    1042.2001  697.48  ]]]
60	[[[2052.6  1043.4   702.04]]]
61	[[[2051.4001 1043.4     928.96  ]]]
62	[[[2052.6    1044.6001  929.64  ]]]
63	[[[2053.8    1042.2001  697.2   ]]]
64	[[[2052.6    1042.2001  701.64  ]]]
65	[[[2052.6    1042.2001  701.68  ]]]
66	[[[2053.8  1043.4   701.32]]]
67	[[[2051.4001 1044.6001  929.12  ]]]
68	[[[2051.4001  1043.4      922.83997]]]
69	[[[2051.4001  1044.6001   928.80005]]]
70	[[[2052.6 1043.4  701.6]]]
71	[[[2051.4001  1043.4      929.04004]]]
72	[[[2051.4001 1039.8     925.36  ]]]
73	[[[2051.4001 1048.2001  926.48  ]]]
74	[[[2052.6 1043.4  701.8]]]
75	[[[2052.6  1043.4   701.48]]]
76	[[[2051.4001 1044.6001  929.48  ]]]
77	[[[2053.8  1041.    698.92]]]
78	[[[2053.8  1045.8   699.36]]]
79	[[[2047.8     1044.6001   925.92004]]]
80	[[[2050.2002  1048.2001   926.80005]]]
81	[[[2051.4001 1043.4     922.52  ]]]
82	[[[2050.2002 1044.6001  928.88  ]]]
83	[[[2050.2002 1042.2001  699.64  ]]]
84	[[[2052.6  1043.4   701.56]]]
85	[[[2052.6  1043.4   701.32]]]
86	[[[2052.6 1043.4  701.2]]]
87	[[[2051.4001  1044.6001   928.56006]]]
88	[[[2051.4001 1044.6001  928.64  ]]]
89	[[[2050.2002 1044.6001  928.96  ]]]
90	[[[2052.6  1043.4   697.04]]]
91	[[[2052.6  1043.4   701.12]]]
92	[[[2052.6    1044.6001  701.52  ]]]
93	[[[2052.6    1044.6001  701.2   ]]]
94	[[[2052.6  1043.4   696.76]]]
95	[[[2049.   1043.4   698.84]]]
96	[[[2050.2002 1044.6001  929.08  ]]]
97	[[[2052.6 1043.4  696.8]]]
98	[[[2052.6  1043.4   696.76]]]
99	[[[2052.6 1043.4  696.6]]]
100	[[[2050.2002 1047.      926.08  ]]]
101	[[[2050.2002  1044.6001   929.04004]]]
102	[[[2053.8  1041.    699.16]]]
103	[[[2052.6  1043.4   701.24]]]
104	[[[2052.6  1043.4   696.96]]]
105	[[[2052.6    1044.6001  929.08  ]]]
106	[[[2055.   1047.    927.08]]]
107	[[[2051.4001 1044.6001  928.64  ]]]
108	[[[2052.6  1045.8   699.04]]]
109	[[[2052.6    1044.6001  929.32  ]]]
110	[[[2051.4001 1044.6001  928.64  ]]]
111	[[[2051.4001 1044.6001  928.64  ]]]
112	[[[2051.4001 1043.4     922.36  ]]]
113	[[[2052.6  1043.4   701.36]]]
114	[[[2051.4001  1042.2001   922.16003]]]
115	[[[2052.6  1039.8   698.56]]]
116	[[[2050.2002 1041.      699.24  ]]]
117	[[[2051.4001 1042.2001  922.48  ]]]
118	[[[2051.4001 1044.6001  698.84  ]]]
119	[[[2053.8    1042.2001  700.8   ]]]
120	[[[2051.4001 1042.2001  922.6   ]]]
121	[[[2051.4001 1042.2001  928.4   ]]]
122	[[[2051.4001 1045.8     925.76  ]]]
123	[[[2051.4001 1042.2001  922.48  ]]]
124	[[[2051.4001 1042.2001  928.32  ]]]
125	[[[2051.4001 1042.2001  928.64  ]]]
126	[[[2051.4001  1041.       922.04004]]]
127	[[[2053.8  1043.4   698.84]]]
128	[[[2051.4001  1042.2001   928.80005]]]
129	[[[2052.6  1041.    700.96]]]
130	[[[2051.4001  1044.6001   925.80005]]]
131	[[[2052.6    1042.2001  928.64  ]]]
132	[[[2052.6    1042.2001  928.88  ]]]
133	[[[2052.6    1042.2001  929.28  ]]]
134	[[[2051.4001 1041.      922.28  ]]]
135	[[[2053.8  1037.4   698.24]]]
136	[[[2050.2002 1043.4     925.36  ]]]
137	[[[2050.2002 1039.8     699.08  ]]]
138	[[[2052.6  1041.    929.32]]]
139	[[[2051.4001 1039.8     696.72  ]]]
140	[[[2052.6  1039.8   700.76]]]
141	[[[2050.2002  1038.6001   928.56006]]]
142	[[[2050.2002 1038.6001  699.    ]]]
143	[[[2053.8  1037.4   698.48]]]
144	[[[2051.4001 1039.8     696.88  ]]]
145	[[[2052.6    1038.6001  697.    ]]]
146	[[[2052.6  1037.4   925.68]]]
147	[[[2052.6 1039.8  701.2]]]
148	[[[2051.4001 1041.      929.12  ]]]
149	[[[2051.4001 1039.8     928.12  ]]]
150	[[[2050.2002 1037.4     699.16  ]]]
151	[[[2051.4001 1039.8     928.08  ]]]
152	[[[2052.6  1039.8   701.32]]]
153	[[[2051.4001 1038.6001  922.12  ]]]
154	[[[2051.4001 1038.6001  938.88  ]]]
155	[[[2051.4001 1039.8     922.36  ]]]
156	[[[2052.6  1039.8   701.16]]]
157	[[[2052.6  1041.    698.76]]]
158	[[[2050.2002 1038.6001  928.32  ]]]
159	[[[2051.4001 1038.6001  696.84  ]]]
160	[[[2052.6    1038.6001  700.76  ]]]
161	[[[2051.4001 1039.8     928.4   ]]]
162	[[[2052.6  1041.    698.96]]]
163	[[[2052.6    1038.6001  696.6   ]]]
164	[[[2051.4001 1035.      925.12  ]]]
165	[[[2051.4001  1039.8      929.16003]]]
166	[[[2051.4001 1039.8     928.48  ]]]
167	[[[2051.4001 1041.      698.28  ]]]
168	[[[2051.4001 1039.8     929.4   ]]]
169	[[[2051.4001 1038.6001  701.24  ]]]
170	[[[2052.6  1041.    699.16]]]
171	[[[2052.6    1038.6001  700.72  ]]]
172	[[[2051.4001 1038.6001  701.04  ]]]
173	[[[2051.4001 1037.4     701.24  ]]]
174	[[[2051.4001 1037.4     701.08  ]]]
175	[[[2050.2002 1038.6001  928.32  ]]]
176	[[[2051.4001 1039.8     928.4   ]]]
177	[[[2051.4001 1039.8     929.08  ]]]
178	[[[2051.4001 1038.6001  701.24  ]]]
179	[[[2049.     1042.2001  925.68  ]]]
180	[[[2049.     1042.2001  925.4   ]]]
181	[[[2052.6    1038.6001  700.92  ]]]
182	[[[2050.2002 1038.6001  922.56  ]]]
183	[[[2051.4001  1039.8      928.72003]]]
184	[[[2051.4001 1038.6001  700.84  ]]]
185	[[[2051.4001 1041.      698.72  ]]]
186	[[[2049.   1037.4   928.32]]]
187	[[[2049.     1038.6001  922.12  ]]]
188	[[[2047.8    1038.6001  698.36  ]]]
189	[[[2050.2002 1039.8     929.08  ]]]
190	[[[2050.2002 1038.6001  701.16  ]]]
191	[[[2050.2002  1039.8      929.04004]]]
192	[[[2047.8     1039.8      928.16003]]]
193	[[[2047.8    1042.2001  926.08  ]]]
194	[[[2050.2002 1039.8     700.64  ]]]
195	[[[2047.8  1039.8   928.32]]]
196	[[[2047.8 1043.4  926. ]]]
197	[[[2047.8     1039.8      928.72003]]]
198	[[[2049.   1041.    928.96]]]
199	[[[2049.   1039.8   922.12]]]
200	[[[2050.2002 1039.8     696.32  ]]]
201	[[[2050.2002 1041.      928.32  ]]]
202	[[[2050.2002 1041.      929.32  ]]]
203	[[[2050.2002 1041.      929.32  ]]]
204	[[[2050.2002 1041.      928.96  ]]]
205	[[[2049.   1039.8   700.96]]]
206	[[[2050.2002 1039.8     700.68  ]]]
207	[[[2047.8  1039.8   922.28]]]
208	[[[2050.2002 1041.      700.48  ]]]
209	[[[2049.   1041.    696.16]]]
210	[[[2049.     1042.2001  928.48  ]]]
211	[[[2047.8  1041.    927.64]]]
212	[[[2050.2002 1041.      696.24  ]]]
213	[[[2050.2002 1041.      696.2   ]]]
214	[[[2047.8     1041.       922.16003]]]
215	[[[2047.8    1042.2001  928.08  ]]]
216	[[[2047.8  1043.4   928.32]]]
217	[[[2047.8     1042.2001   921.72003]]]
218	[[[2047.8    1042.2001  938.32  ]]]
219	[[[2049.   1043.4   700.36]]]
220	[[[2049.     1044.6001  928.76  ]]]
221	[[[2047.8    1042.2001  921.12  ]]]
222	[[[2047.8    1044.6001  928.4   ]]]
223	[[[2049.  1043.4  700.6]]]
224	[[[2047.8    1044.6001  928.    ]]]
225	[[[2050.2002 1041.      697.6   ]]]
226	[[[2046.6001 1044.6001  927.84  ]]]
227	[[[2049.   1043.4   695.96]]]
228	[[[2046.6001  1044.6001   927.72003]]]
229	[[[2047.8    1044.6001  700.72  ]]]
230	[[[2046.6001 1044.6001  927.4   ]]]
231	[[[2046.6001 1045.8     927.08  ]]]
232	[[[2045.4    1048.2001  925.2   ]]]
233	[[[2046.6001 1044.6001  921.8   ]]]
234	[[[2046.6001 1041.      923.88  ]]]
235	[[[2046.6001  1044.6001   920.92004]]]
236	[[[2049.     1042.2001  698.28  ]]]
237	[[[2043.0001 1045.8     924.44  ]]]
238	[[[2045.4    1044.6001  698.2   ]]]
239	[[[2047.8     1047.       928.16003]]]
240	[[[2046.6001 1044.6001  937.88  ]]]
241	[[[2047.8    1044.6001  700.36  ]]]
242	[[[2049.     1048.2001  698.28  ]]]
243	[[[2046.6001 1045.8     921.24  ]]]
244	[[[2049.     1048.2001  697.88  ]]]
245	[[[2047.8 1047.   700.4]]]
246	[[[2046.6001  1047.       921.16003]]]
247	[[[2047.8    1048.2001  927.76  ]]]
248	[[[2046.6001 1047.      921.12  ]]]
249	[[[2046.6001 1047.      921.48  ]]]
250	[[[2047.8 1047.   700.2]]]
251	[[[2046.6001 1047.      921.24  ]]]
252	[[[2046.6001  1048.2001   927.16003]]]
253	[[[2047.8  1047.    700.12]]]
254	[[[2046.6001 1044.6001  923.88  ]]]
255	[[[2046.6001 1049.4     927.08  ]]]
256	[[[2047.8  1049.4   927.44]]]
257	[[[2046.6001 1048.2001  926.84  ]]]
258	[[[2046.6001 1048.2001  920.8   ]]]
259	[[[2047.8    1048.2001  700.    ]]]
260	[[[2046.6001 1049.4     920.8   ]]]
261	[[[2046.6001 1049.4     937.64  ]]]
262	[[[2049.   1049.4   699.92]]]
263	[[[2046.6001  1049.4      920.92004]]]
264	[[[2047.8    1050.6001  695.52  ]]]
265	[[[2047.8  1049.4   699.96]]]
266	[[[2046.6001 1050.6001  920.8   ]]]
267	[[[2047.8 1051.8  927.4]]]
268	[[[2049.   1047.    697.44]]]
269	[[[2046.6001 1050.6001  920.84  ]]]
270	[[[2046.6001 1051.8     927.32  ]]]
271	[[[2047.8    1050.6001  700.16  ]]]
272	[[[2047.8  1051.8   928.08]]]
273	[[[2046.6001 1051.8     927.76  ]]]
274	[[[2047.8  1049.4   699.92]]]
275	[[[2046.6001  1049.4      921.16003]]]
276	[[[2047.8    1050.6001  700.32  ]]]
277	[[[2047.8  1049.4   699.96]]]
278	[[[2047.8  1049.4   700.08]]]
279	[[[2047.8  1053.    697.44]]]
280	[[[2047.8  1049.4   700.36]]]
281	[[[2049.   1049.4   699.76]]]
282	[[[2043.0001 1049.4     924.44  ]]]
283	[[[2046.6001 1050.6001  926.76  ]]]
284	[[[2049.   1047.    697.52]]]
285	[[[2047.8  1051.8   927.76]]]
286	[[[2046.6001 1047.      923.64  ]]]
287	[[[2047.8    1050.6001  695.6   ]]]
288	[[[2043.0001 1051.8     924.44  ]]]
289	[[[2046.6001 1054.2001  925.12  ]]]
290	[[[2049.   1053.    698.08]]]
291	[[[2046.6001 1054.2001  924.8   ]]]
292	[[[2046.6001 1049.4     927.    ]]]
293	[[[2047.8  1051.8   927.76]]]
294	[[[2049.  1053.   698.2]]]
295	[[[2047.8  1053.    697.64]]]
296	[[[2047.8  1051.8   928.08]]]
297	[[[2049.     1050.6001  695.88  ]]]
298	[[[2047.8  1053.    697.56]]]
299	[[[2047.8    1050.6001  700.68  ]]]
300	[[[2046.6001 1050.6001  927.24  ]]]
301	[[[2049.     1050.6001  695.88  ]]]
302	[[[2047.8    1050.6001  700.56  ]]]
303	[[[2046.6001 1050.6001  927.28  ]]]
304	[[[2046.6001  1050.6001   938.16003]]]
305	[[[2047.8  1051.8   700.84]]]
306	[[[2049.     1050.6001  695.88  ]]]
307	[[[2049.  1051.8  700.2]]]
308	[[[2046.6001 1051.8     921.8   ]]]
309	[[[2047.8  1051.8   700.68]]]
310	[[[2047.8 1053.   928.4]]]
311	[[[2047.8    1054.2001  697.88  ]]]
312	[[[2047.8  1051.8   700.72]]]
313	[[[2047.8 1051.8  700.6]]]
314	[[[2047.8 1051.8  700.8]]]
315	[[[2046.6001  1053.       922.04004]]]
316	[[[2046.6001  1053.       927.56006]]]
317	[[[2049.   1055.4   698.68]]]
318	[[[2046.6001 1053.      928.32  ]]]
319	[[[2049.   1055.4   698.64]]]
320	[[[2046.6001 1053.      922.12  ]]]
321	[[[2047.8    1054.2001  928.64  ]]]
322	[[[2049.   1055.4   698.76]]]
323	[[[2049.   1053.    700.88]]]
324	[[[2047.8  1053.    938.64]]]
325	[[[2049.     1054.2001  701.36  ]]]
326	[[[2050.2002 1053.      700.68  ]]]
327	[[[2044.2001 1054.2001  925.32  ]]]
328	[[[2047.8  1053.    922.12]]]
329	[[[2049.     1054.2001  700.88  ]]]
330	[[[2047.8    1054.2001  922.2   ]]]
331	[[[2050.2002 1050.6001  698.32  ]]]
332	[[[2049.  1053.   701.2]]]
333	[[[2050.2002 1054.2001  700.84  ]]]
334	[[[2050.2002 1050.6001  698.6   ]]]
335	[[[2049.     1054.2001  701.44  ]]]
336	[[[2047.8     1054.2001   928.72003]]]
337	[[[2049.   1055.4   928.96]]]
338	[[[2053.8  1057.8   933.68]]]
339	[[[2047.8    1054.2001  922.36  ]]]
340	[[[2050.2002 1054.2001  700.96  ]]]
341	[[[2049.     1054.2001  701.4   ]]]
342	[[[2047.8    1054.2001  928.4   ]]]
343	[[[2050.2002 1056.6001  698.92  ]]]
344	[[[2047.8  1055.4   928.64]]]
345	[[[2049.      1055.4      923.04004]]]
346	[[[2050.2002 1055.4     701.32  ]]]
347	[[[2049.     1056.6001  928.88  ]]]
348	[[[2050.2002 1056.6001  929.96  ]]]
349	[[[2049.     1056.6001  928.4   ]]]
350	[[[2049.     1056.6001  929.08  ]]]
351	[[[2050.2002 1056.6001  701.4   ]]]
352	[[[2050.2002 1057.8     929.96  ]]]
353	[[[2050.2002 1056.6001  701.48  ]]]
354	[[[2050.2002  1057.8      929.04004]]]
355	[[[2050.2002 1056.6001  701.44  ]]]
356	[[[2049.      1056.6001   939.72003]]]
357	[[[2051.4001 1059.      699.52  ]]]
358	[[[2049.   1057.8   929.08]]]
359	[[[2051.4001 1056.6001  697.12  ]]]
360	[[[2053.8     1059.       926.92004]]]
361	[[[2051.4001 1057.8     701.44  ]]]
362	[[[2051.4001 1059.      930.12  ]]]
363	[[[2051.4001 1060.2001  699.52  ]]]
364	[[[2050.2002 1057.8     697.04  ]]]
365	[[[2051.4001 1057.8     701.72  ]]]
366	[[[2051.4001 1057.8     701.48  ]]]
367	[[[2051.4001 1057.8     702.12  ]]]
368	[[[2046.6001 1059.      925.68  ]]]
369	[[[2052.6    1060.2001  699.84  ]]]
370	[[[2050.2002 1060.2001  699.16  ]]]
371	[[[2051.4001 1059.      701.68  ]]]
372	[[[2051.4001 1057.8     701.72  ]]]
373	[[[2050.2002 1062.6001  927.    ]]]
374	[[[2049.     1062.6001  927.    ]]]
375	[[[2050.2002 1060.2001  930.32  ]]]
376	[[[2051.4001 1057.8     697.12  ]]]
377	[[[2051.4001 1057.8     701.64  ]]]
378	[[[2050.2002  1059.       929.16003]]]
379	[[[2046.6001 1057.8     927.    ]]]
380	[[[2056.2002 1060.2001  933.6   ]]]
381	[[[2050.2002 1060.2001  929.88  ]]]
382	[[[2052.6  1059.    701.44]]]
383	[[[2051.4001 1060.2001  929.32  ]]]
384	[[[2050.2002 1062.6001  926.88  ]]]
385	[[[2050.2002 1059.      923.68  ]]]
386	[[[2052.6  1059.    697.56]]]
387	[[[2049.      1062.6001   926.56006]]]
388	[[[2050.2002  1060.2001   929.56006]]]
389	[[[2055.   1061.4   926.88]]]
390	[[[2047.8    1060.2001  926.28  ]]]
391	[[[2052.6  1061.4   930.12]]]
392	[[[2052.6  1059.    697.64]]]
393	[[[2052.6    1060.2001  701.72  ]]]
394	[[[2050.2002 1059.      929.48  ]]]
395	[[[2051.4001 1056.6001  926.64  ]]]
396	[[[2052.6    1060.2001  702.12  ]]]
397	[[[2052.6    1062.6001  700.    ]]]
398	[[[2050.2002 1060.2001  929.52  ]]]
399	[[[2051.4001 1060.2001  929.32  ]]]
400	[[[2051.4001 1062.6001  699.64  ]]]
401	[[[2051.4001 1059.      697.52  ]]]
402	[[[2052.6 1059.   697.8]]]
403	[[[2047.8  1061.4   926.24]]]
404	[[[2052.6    1060.2001  702.08  ]]]
405	[[[2051.4001 1060.2001  929.48  ]]]
406	[[[2051.4001 1061.4     930.44  ]]]
407	[[[2053.8    1062.6001  699.84  ]]]
408	[[[2052.6    1060.2001  702.12  ]]]
409	[[[2053.8    1062.6001  700.28  ]]]
410	[[[2050.2002 1059.      700.04  ]]]
411	[[[2050.2002 1060.2001  929.6   ]]]
412	[[[2051.4001  1061.4      929.92004]]]
413	[[[2051.4001 1060.2001  923.68  ]]]
414	[[[2051.4001 1060.2001  929.28  ]]]
415	[[[2050.2002 1063.8     926.96  ]]]
416	[[[2052.6    1060.2001  701.96  ]]]
417	[[[2051.4001 1061.4     929.36  ]]]
418	[[[2053.8    1060.2001  701.76  ]]]
419	[[[2052.6    1060.2001  702.    ]]]
420	[[[2053.8    1056.6001  699.28  ]]]
421	[[[2055.   1063.8   928.32]]]
422	[[[2051.4001  1060.2001   923.92004]]]
423	[[[2052.6    1060.2001  698.04  ]]]
424	[[[2053.8  1059.    697.44]]]
425	[[[2052.6 1059.   697.6]]]
426	[[[2051.4001 1060.2001  929.2   ]]]
427	[[[2052.6    1060.2001  930.    ]]]
428	[[[2052.6    1060.2001  929.68  ]]]
429	[[[2052.6    1060.2001  702.88  ]]]
430	[[[2053.8    1056.6001  699.92  ]]]
431	[[[2050.2002 1062.6001  927.24  ]]]
432	[[[2051.4001 1062.6001  927.24  ]]]
433	[[[2049.      1061.4      928.04004]]]
434	[[[2051.4001  1062.6001   927.04004]]]
435	[[[2052.6  1059.    697.76]]]
436	[[[2053.8  1061.4   699.92]]]
437	[[[2052.6  1059.    697.64]]]
438	[[[2053.8  1057.8   697.84]]]
439	[[[2052.6     1060.2001   929.80005]]]
440	[[[2053.8  1059.    697.64]]]
441	[[[2053.8  1057.8   701.96]]]
442	[[[2052.6  1059.    923.28]]]
443	[[[2049.   1061.4   928.32]]]
444	[[[2055. 1059.  702.]]]
445	[[[2052.6     1060.2001   929.56006]]]
446	[[[2053.8  1059.    697.56]]]
447	[[[2053.8    1060.2001  929.96  ]]]
448	[[[2053.8  1059.    697.36]]]
449	[[[2052.6 1059.   923.6]]]
450	[[[2052.6  1059.    923.76]]]
451	[[[2052.6  1059.    924.12]]]
452	[[[2044.2001 1057.8     931.64  ]]]
453	[[[2053.8 1059.   697.6]]]
454	[[[2052.6 1059.   923.6]]]
455	[[[2055.   1059.    701.72]]]
456	[[[2053.8  1059.    702.72]]]
457	[[[2055.   1059.    701.88]]]
458	[[[2053.8  1057.8   697.64]]]
459	[[[2053.8  1059.    929.64]]]
460	[[[2055.   1055.4   700.16]]]
461	[[[2053.8  1059.    929.96]]]
462	[[[2055.   1059.    702.56]]]
463	[[[2055.   1057.8   702.12]]]
464	[[[2055.   1057.8   702.24]]]
465	[[[2053.8     1059.       923.72003]]]
466	[[[2053.8     1059.       923.92004]]]
467	[[[2053.8     1057.8      924.04004]]]
468	[[[2055.   1059.    702.72]]]
469	[[[2051.4001  1059.       926.56006]]]
470	[[[2051.4001  1059.       926.56006]]]
471	[[[2053.8 1059.   930.2]]]
472	[[[2052.6     1061.4      926.92004]]]
473	[[[2053.8  1059.    930.44]]]
474	[[[2055.   1055.4   699.96]]]
475	[[[2053.8     1057.8      923.83997]]]
476	[[[2051.4001  1059.       926.72003]]]
477	[[[2053.8     1057.8      929.92004]]]
478	[[[2053.8 1057.8  924. ]]]
479	[[[2056.2002 1057.8     702.    ]]]
480	[[[2055.   1057.8   702.36]]]
481	[[[2055.   1057.8   702.64]]]
482	[[[2056.2002 1057.8     701.88  ]]]
483	[[[2053.8  1057.8   930.12]]]
484	[[[2056.2002 1057.8     702.    ]]]
485	[[[2055.     1056.6001  697.36  ]]]
486	[[[2056.2002 1060.2001  700.52  ]]]
487	[[[2057.4001 1055.4     699.8   ]]]
488	[[[2055.     1056.6001  702.2   ]]]
489	[[[2057.4001 1054.2001  699.84  ]]]
490	[[[2055.     1056.6001  702.48  ]]]
491	[[[2053.8    1056.6001  929.68  ]]]
492	[[[2056.2002 1056.6001  697.84  ]]]
493	[[[2055.     1056.6001  923.76  ]]]
494	[[[2053.8     1060.2001   927.04004]]]
495	[[[2056.2002 1059.      700.12  ]]]
496	[[[2055.     1056.6001  924.08  ]]]
497	[[[2056.2002 1055.4     698.2   ]]]
498	[[[2056.2002 1056.6001  702.36  ]]]
499	[[[2051.4001 1056.6001  927.24  ]]]
500	[[[2056.2002 1057.8     930.2   ]]]
501	[[[2055.   1053.    926.48]]]
502	[[[2056.2002 1057.8     930.08  ]]]
503	[[[2057.4001 1056.6001  702.04  ]]]
504	[[[2051.4001 1059.      928.48  ]]]
505	[[[2055.     1056.6001  929.68  ]]]
506	[[[2057.4001 1055.4     702.96  ]]]
507	[[[2057.4001 1056.6001  697.6   ]]]
508	[[[2056.2002  1053.       926.72003]]]
509	[[[2055.   1057.8   930.12]]]
510	[[[2057.4001 1057.8     930.36  ]]]
511	[[[2057.4001 1057.8     930.6   ]]]
512	[[[2057.4001  1054.2001   926.92004]]]
513	[[[2057.4001 1057.8     930.88  ]]]
514	[[[2063.4001 1061.4     932.28  ]]]
515	[[[2055.     1060.2001  927.88  ]]]
516	[[[2057.4001 1057.8     930.52  ]]]
517	[[[2056.2002 1056.6001  924.28  ]]]
518	[[[2056.2002 1056.6001  929.88  ]]]
519	[[[2056.2002  1055.4      923.83997]]]
520	[[[2057.4001 1055.4     697.92  ]]]
521	[[[2058.6  1053.    699.72]]]
522	[[[2056.2002  1056.6001   923.92004]]]
523	[[[2057.4001 1056.6001  702.56  ]]]
524	[[[2052.6  1059.    928.32]]]
525	[[[2056.2002 1056.6001  924.28  ]]]
526	[[[2057.4001 1057.8     930.2   ]]]
527	[[[2058.6  1059.    700.08]]]
528	[[[2055.   1055.4   700.28]]]
529	[[[2057.4001 1056.6001  702.36  ]]]
530	[[[2058.6  1053.    699.52]]]
531	[[[2055.   1055.4   699.92]]]
532	[[[2057.4001 1057.8     929.88  ]]]
533	[[[2057.4001 1056.6001  702.24  ]]]
534	[[[2058.6  1059.    700.04]]]
535	[[[2056.2002 1056.6001  923.6   ]]]
536	[[[2058.6    1056.6001  697.76  ]]]
537	[[[2057.4001 1056.6001  698.12  ]]]
538	[[[2055.      1060.2001   927.80005]]]
539	[[[2057.4001 1056.6001  702.2   ]]]
540	[[[2058.6    1054.2001  926.96  ]]]
541	[[[2056.2002 1056.6001  929.88  ]]]
542	[[[2052.6     1056.6001   926.92004]]]
543	[[[2057.4001 1056.6001  702.32  ]]]
544	[[[2052.6     1055.4      927.16003]]]
545	[[[2055.     1060.2001  927.48  ]]]
546	[[[2057.4001 1055.4     702.2   ]]]
547	[[[2057.4001 1055.4     702.08  ]]]
548	[[[2056.2002  1056.6001   923.83997]]]
549	[[[2057.4001 1055.4     702.24  ]]]
550	[[[2056.2002 1055.4     924.08  ]]]
551	[[[2057.4001 1055.4     697.68  ]]]
552	[[[2057.4001 1055.4     697.68  ]]]
553	[[[2058.6  1053.    700.24]]]
554	[[[2053.8     1056.6001   926.72003]]]
555	[[[2056.2002 1056.6001  930.36  ]]]
556	[[[2058.6    1056.6001  702.36  ]]]
557	[[[2058.6    1056.6001  702.52  ]]]
558	[[[2057.4001  1056.6001   930.04004]]]
559	[[[2057.4001  1056.6001   929.80005]]]
560	[[[2057.4001 1055.4     940.44  ]]]
561	[[[2055.      1057.8      926.80005]]]
562	[[[2057.4001 1057.8     930.2   ]]]
563	[[[2058.6  1057.8   930.76]]]
564	[[[2057.4001 1057.8     930.12  ]]]
565	[[[2058.6     1056.6001   697.44   ]
  [ 771.00006 1195.8      656.88   ]]]
566	[[[2059.8    1056.6001  697.68  ]]]
567	[[[2057.4001 1057.8     930.36  ]]]
568	[[[2058.6    1056.6001  924.08  ]]]
569	[[[2059.8  1057.8   930.12]]]
570	[[[2061.     1056.6001  701.92  ]]]
571	[[[2055.     1056.6001  927.    ]]]
572	[[[2058.6     1056.6001   923.72003]]]
573	[[[2059.8  1057.8   697.56]]]
574	[[[2061.     1054.2001  699.72  ]]]
575	[[[2058.6  1061.4   927.24]]]
576	[[[2058.6     1057.8      929.56006]]]
577	[[[2057.4001  1061.4      927.16003]]]
578	[[[2058.6  1059.    929.68]]]
579	[[[2061.  1057.8  701.8]]]
580	[[[2063.4001 1060.2001  927.32  ]]]
581	[[[2059.8 1061.4  699.4]]]
582	[[[2061.   1057.8   697.52]]]
583	[[[2059.8  1057.8   702.32]]]
584	[[[2058.6     1059.       929.56006]]]
585	[[[2059.8 1057.8  702.4]]]
586	[[[2058.6     1060.2001   929.56006]]]
587	[[[2059.8    1060.2001  930.12  ]]]
588	[[[2059.8    1060.2001  929.36  ]]]
589	[[[2058.6    1060.2001  929.48  ]]]
590	[[[2061.   1059.    697.56]]]
591	[[[2059.8 1059.   697.4]]]
592	[[[2058.6  1059.    929.36]]]
593	[[[2061.   1059.    697.56]]]
594	[[[2059.8    1060.2001  697.68  ]]]
595	[[[2059.8     1061.4      929.72003]]]
596	[[[2058.6  1061.4   929.28]]]
597	[[[2058.6 1061.4  929.6]]]
598	[[[2061.     1060.2001  701.72  ]]]
599	[[[2059.8    1060.2001  697.28  ]]]
600	[[[2059.8     1061.4      923.80005]]]
601	[[[2059.8  1061.4   697.52]]]
602	[[[2059.8     1065.       926.92004]]]
603	[[[2058.6 1061.4  923.6]]]
604	[[[2061.   1061.4   697.36]]]
605	[[[2058.6  1065.    927.24]]]
606	[[[2058.6    1062.6001  929.48  ]]]
607	[[[2062.2002 1062.6001  926.24  ]]]
608	[[[2058.6  1061.4   923.52]]]
609	[[[2059.8  1061.4   697.48]]]
610	[[[2063.4001 1065.      927.24  ]]]
611	[[[2061.     1062.6001  702.04  ]]]
612	[[[2059.8  1065.    699.44]]]
613	[[[2061.      1063.8      930.56006]]]
614	[[[2061.     1062.6001  702.12  ]]]
615	[[[2059.8  1063.8   929.88]]]
616	[[[2059.8  1063.8   930.12]]]
617	[[[2058.6     1066.2001   927.16003]]]
618	[[[2061.     1062.6001  702.    ]]]
619	[[[2062.2002 1065.      700.04  ]]]
620	[[[2056.2002  1062.6001   926.56006]]]
621	[[[2056.2002 1063.8     926.48  ]]]
622	[[[2061.     1066.2001  700.12  ]]]
623	[[[2061.     1066.2001  700.04  ]]]
624	[[[2061.   1063.8   702.12]]]
625	[[[2061.   1061.4   926.64]]]
626	[[[2059.8     1065.       929.92004]]]
627	[[[2062.2002 1066.2001  700.4   ]]]
628	[[[2059.8  1063.8   929.52]]]
629	[[[2061.   1063.8   701.92]]]
630	[[[2062.2002 1063.8     702.08  ]]]
631	[[[2059.8 1065.   930.2]]]
632	[[[2061.   1063.8   702.44]]]
633	[[[2062.2002 1063.8     697.6   ]]]
634	[[[2062.2002 1065.      697.24  ]]]
635	[[[2062.2002 1063.8     697.52  ]]]
636	[[[2059.8  1065.    929.36]]]
637	[[[2061.  1063.8  702.4]]]
638	[[[2061.   1063.8   702.52]]]
639	[[[2063.4001 1061.4     699.84  ]]]
640	[[[2062.2002 1061.4     699.96  ]]]
641	[[[2062.2002 1063.8     697.6   ]]]
642	[[[2058.6  1063.8   699.48]]]
643	[[[2059.8  1063.8   929.68]]]
644	[[[2062.2002 1063.8     697.48  ]]]
645	[[[2062.2002 1061.4     699.28  ]]]
646	[[[2061.   1063.8   702.24]]]
647	[[[2061.   1065.    702.52]]]
648	[[[2059.8 1065.   924. ]]]
649	[[[2059.8     1065.       929.92004]]]
650	[[[2059.8  1065.    929.52]]]
651	[[[2061.   1065.    697.44]]]
652	[[[2062.2002  1066.2001   930.92004]]]
653	[[[2059.8     1065.       923.56006]]]
654	[[[2057.4001 1067.4     926.96  ]]]
655	[[[2061.  1063.8  697.8]]]
656	[[[2061.   1063.8   697.84]]]
657	[[[2059.8 1065.   924. ]]]
658	[[[2058.6 1063.8  929.6]]]
659	[[[2058.6     1065.       930.04004]]]
660	[[[2059.8  1065.    929.52]]]
661	[[[2059.8  1061.4   926.68]]]
662	[[[2058.6     1065.       929.56006]]]
663	[[[2058.6  1065.    929.88]]]
664	[[[2058.6  1065.    929.88]]]
665	[[[2058.6     1066.2001   930.56006]]]
666	[[[2061.   1067.4   700.24]]]
667	[[[2062.2002 1066.2001  700.56  ]]]
668	[[[2061.   1065.    697.68]]]
669	[[[2057.4001  1068.6001   927.72003]]]
670	[[[2059.8  1063.8   702.52]]]
671	[[[2059.8     1066.2001   930.04004]]]
672	[[[2059.8 1063.8  702.4]]]
673	[[[2059.8    1066.2001  931.12  ]]]
674	[[[2061.   1063.8   702.68]]]
675	[[[2058.6  1063.8   929.88]]]
676	[[[2061.   1065.    702.08]]]
677	[[[2059.8  1063.8   702.52]]]
678	[[[2061.  1065.   702.2]]]
679	[[[2061.   1063.8   698.08]]]
680	[[[2061.   1063.8   698.08]]]
681	[[[2059.8  1063.8   702.88]]]
682	[[[2059.8    1066.2001  699.92  ]]]
683	[[[2059.8 1065.   930.6]]]
684	[[[2058.6     1063.8      924.72003]]]
685	[[[2058.6     1063.8      924.80005]]]
686	[[[2059.8    1062.6001  698.04  ]]]
687	[[[2058.6  1063.8   930.44]]]
688	[[[2058.6     1063.8      924.83997]]]
689	[[[2059.8 1065.   931.2]]]
690	[[[2058.6  1063.8   930.68]]]
691	[[[2055.   1063.8   927.48]]]
692	[[[2063.4001 1066.2001  928.4   ]]]
693	[[[2057.4001 1067.4     928.08  ]]]
694	[[[2061.   1063.8   698.16]]]
695	[[[2059.8     1062.6001   928.56006]]]
696	[[[2058.6 1063.8  924.6]]]
697	[[[2061.   1065.    702.52]]]
698	[[[2058.6 1063.8  924.6]]]
699	[[[2059.8  1065.    703.04]]]
700	[[[2061.  1063.8  698.2]]]
701	[[[2058.6     1068.6001   927.80005]]]
702	[[[2059.8     1066.2001   931.83997]]]
703	[[[2058.6 1063.8  924.6]]]
704	[[[2061.  1061.4  700.8]]]
705	[[[2058.6     1063.8      930.83997]]]
706	[[[2057.4001 1063.8     700.64  ]]]
707	[[[2058.6  1065.    930.44]]]
708	[[[2061.   1063.8   698.48]]]
709	[[[2061.  1065.   702.8]]]
710	[[[2058.6 1065.   924.6]]]
711	[[[2058.6     1065.       930.56006]]]
712	[[[2058.6  1065.    930.44]]]
713	[[[2059.8  1063.8   698.28]]]
714	[[[2063.4001  1066.2001   928.04004]]]
715	[[[2056.2002 1066.2001  927.96  ]]]
716	[[[2058.6  1065.    930.68]]]
717	[[[2059.8    1066.2001  931.36  ]]]
718	[[[2056.2002 1066.2001  927.96  ]]]
719	[[[2059.8  1063.8   702.96]]]
720	[[[2061.   1065.    702.72]]]
721	[[[2056.2002 1066.2001  927.48  ]]]
722	[[[2059.8  1065.    702.72]]]
723	[[[2057.4001 1063.8     700.84  ]]]
724	[[[2059.8  1065.    702.72]]]
725	[[[2061.   1065.    698.16]]]
726	[[[2058.6  1065.    924.76]]]
727	[[[2059.8  1065.    702.76]]]
728	[[[2055.   1065.    927.48]]]
729	[[[2061.  1065.   702.6]]]
730	[[[2059.8    1066.2001  698.68  ]]]
731	[[[2058.6     1066.2001   924.83997]]]
732	[[[2059.8     1063.8      927.72003]]]
733	[[[2057.4001 1069.8     928.36  ]]]
734	[[[2058.6     1067.4      930.04004]]]
735	[[[2058.6  1067.4   930.36]]]
736	[[[2059.8  1067.4   703.16]]]
737	[[[2059.8    1066.2001  702.72  ]]]
738	[[[2059.8     1068.6001   930.92004]]]
739	[[[2059.8  1067.4   702.96]]]
740	[[[2061.  1067.4  702.8]]]
741	[[[2058.6     1071.       927.72003]]]
742	[[[2058.6     1068.6001   930.04004]]]
743	[[[2058.6     1068.6001   930.04004]]]
744	[[[2059.8  1067.4   702.68]]]
745	[[[2059.8  1067.4   702.76]]]
746	[[[2059.8  1067.4   697.72]]]
747	[[[2059.8  1069.8   931.24]]]
748	[[[2059.8  1067.4   702.64]]]
749	[[[2062.2002 1066.2001  700.64  ]]]
750	[[[2062.2002 1066.2001  700.76  ]]]
751	[[[2059.8    1068.6001  702.48  ]]]
752	[[[2058.6  1069.8   930.52]]]
753	[[[2058.6     1068.6001   924.04004]]]
754	[[[2059.8    1068.6001  702.52  ]]]
755	[[[2059.8    1068.6001  702.48  ]]]
756	[[[2057.4001 1073.4     927.64  ]]]
757	[[[2055.   1069.8   927.32]]]
758	[[[2059.8    1066.2001  700.32  ]]]
759	[[[2059.8    1066.2001  700.52  ]]]
760	[[[2059.8  1069.8   702.56]]]
761	[[[2053.8  1069.8   926.76]]]
762	[[[2061.     1066.2001  699.76  ]]]
763	[[[2057.4001 1069.8     924.36  ]]]
764	[[[2058.6     1071.       930.04004]]]
765	[[[2056.2002 1069.8     700.08  ]]]
766	[[[2059.8    1072.2001  700.08  ]]]
767	[[[2058.6 1069.8  697.6]]]
768	[[[2059.8  1069.8   697.88]]]
769	[[[2059.8  1069.8   697.84]]]
770	[[[2058.6  1069.8   698.12]]]
771	[[[2056.2002 1069.8     700.52  ]]]
772	[[[2058.6  1069.8   698.12]]]
773	[[[2057.4001 1069.8     923.6   ]]]
774	[[[2059.8    1072.2001  700.24  ]]]
775	[[[2058.6  1069.8   702.32]]]
776	[[[2059.8  1069.8   702.16]]]
777	[[[2059.8    1072.2001  700.48  ]]]
778	[[[2058.6    1072.2001  931.12  ]]]
779	[[[2057.4001 1071.      930.12  ]]]
780	[[[2058.6 1073.4  700.4]]]
781	[[[2058.6    1072.2001  930.28  ]]]
782	[[[2057.4001 1072.2001  930.44  ]]]
783	[[[2058.6    1072.2001  931.12  ]]]
784	[[[2058.6  1069.8   698.32]]]
785	[[[2056.2002 1071.      924.08  ]]]
786	[[[2057.4001 1071.      698.    ]]]
787	[[[2053.8     1072.2001   926.83997]]]
788	[[[2057.4001 1071.      697.96  ]]]
789	[[[2058.6  1073.4   700.56]]]
790	[[[2057.4001  1072.2001   929.56006]]]
791	[[[2052.6     1069.8      927.56006]]]
792	[[[2057.4001 1072.2001  929.76  ]]]
793	[[[2056.2002 1075.8     927.48  ]]]
794	[[[2061.      1073.4      928.16003]]]
795	[[[2057.4001 1071.      698.04  ]]]
796	[[[2058.6  1071.    702.12]]]
797	[[[2057.4001 1071.      702.2   ]]]
798	[[[2056.2002 1071.      940.36  ]]]
799	[[[2056.2002  1072.2001   929.80005]]]
800	[[[2058.6    1068.6001  699.68  ]]]
801	[[[2056.2002  1072.2001   930.04004]]]
802	[[[2057.4001 1074.6001  700.28  ]]]
803	[[[2056.2002 1072.2001  924.    ]]]
804	[[[2056.2002 1073.4     929.6   ]]]
805	[[[2056.2002 1073.4     924.24  ]]]
806	[[[2056.2002  1072.2001   940.80005]]]
807	[[[2057.4001 1071.      702.44  ]]]
808	[[[2057.4001  1073.4      930.92004]]]
809	[[[2057.4001 1071.      702.44  ]]]
810	[[[2058.6  1069.8   700.28]]]
811	[[[2056.2002  1072.2001   923.83997]]]
812	[[[2056.2002 1074.6001  700.24  ]]]
813	[[[2057.4001  1072.2001   702.4    ]
  [ 978.60004 1291.8      670.72   ]]]
814	[[[2057.4001 1073.4     702.36  ]]]
815	[[[2056.2002 1072.2001  697.88  ]]]
816	[[[2056.2002  1073.4      930.04004]]]
817	[[[2055.      1072.2001   930.04004]]]
818	[[[2056.2002 1073.4     930.28  ]]]
819	[[[2056.2002 1072.2001  924.    ]]]
820	[[[2058.6  1069.8   699.64]]]
821	[[[2056.2002 1072.2001  697.96  ]]]
822	[[[2057.4001 1075.8     700.56  ]]]
823	[[[2057.4001 1072.2001  697.92  ]]]
824	[[[2058.6  1069.8   699.52]]]
825	[[[2056.2002 1074.6001  930.68  ]]]
826	[[[2056.2002 1073.4     930.12  ]]]
827	[[[2056.2002 1074.6001  930.44  ]]]
828	[[[2056.2002 1073.4     924.08  ]]]
829	[[[2056.2002 1073.4     924.4   ]]]
830	[[[2057.4001 1073.4     697.92  ]]]
831	[[[2056.2002 1074.6001  931.    ]]]
832	[[[2056.2002  1073.4      930.04004]]]
833	[[[2056.2002 1074.6001  930.44  ]]]
834	[[[2055.   1073.4   930.52]]]
835	[[[2056.2002 1074.6001  930.    ]]]
836	[[[2056.2002 1074.6001  931.2   ]]]
837	[[[2055.      1073.4      924.83997]]]
838	[[[2055.   1073.4   924.76]]]
839	[[[2057.4001 1073.4     697.64  ]]]
840	[[[2056.2002 1073.4     698.52  ]]]
841	[[[2055.   1073.4   930.48]]]
842	[[[2058.6    1074.6001  700.44  ]]]
843	[[[2056.2002 1073.4     702.68  ]]]
844	[[[2056.2002 1073.4     703.08  ]]]
845	[[[2056.2002 1074.6001  930.52  ]]]
846	[[[2053.8  1073.4   700.52]]]
847	[[[2055.   1073.4   924.52]]]
848	[[[2056.2002 1075.8     700.04  ]]]
849	[[[2056.2002 1073.4     698.08  ]]]
850	[[[2056.2002 1073.4     703.08  ]]]
851	[[[2057.4001 1074.6001  697.64  ]]]
852	[[[2056.2002 1073.4     697.88  ]]]
853	[[[2055.   1073.4   924.76]]]
854	[[[2056.2002 1075.8     931.36  ]]]
855	[[[2056.2002  1075.8      931.56006]]]
856	[[[2055.     1074.6001  924.68  ]]]
857	[[[2055.   1075.8   930.28]]]
858	[[[2056.2002 1074.6001  698.24  ]]]
859	[[[2055.     1074.6001  924.24  ]]]
860	[[[2057.4001 1073.4     698.2   ]]]
861	[[[2053.8  1073.4   700.68]]]
862	[[[2056.2002 1072.2001  928.36  ]]]
863	[[[2053.8     1075.8      930.92004]]]
864	[[[2057.4001 1072.2001  700.52  ]]]
865	[[[2056.2002 1073.4     698.64  ]]]
866	[[[2056.2002 1074.6001  702.68  ]]]
867	[[[2057.4001 1072.2001  700.72  ]]]
868	[[[2056.2002 1074.6001  702.84  ]]]
869	[[[2053.8 1073.4  700.8]]]
870	[[[2055.   1077.    700.48]
  [ 946.2  1255.8   794.44]]]
871	[[[2056.2002 1074.6001  702.84  ]]]
872	[[[2056.2002 1074.6001  702.68  ]]]
873	[[[2056.2002  1075.8      931.04004]]]
874	[[[2056.2002 1075.8     931.36  ]]]
875	[[[2056.2002 1074.6001  702.84  ]]]
876	[[[2051.4001  1075.8      927.72003]]]
877	[[[2053.8     1078.2001   927.72003]]]
878	[[[2057.4001 1077.      700.92  ]]]
879	[[[2056.2002 1074.6001  703.    ]]]
880	[[[2051.4001  1075.8      928.04004]]]
881	[[[2053.8    1074.6001  931.    ]]]
882	[[[2053.8     1078.2001   927.72003]]]
883	[[[2053.8     1078.2001   928.16003]]]
884	[[[2056.2002 1073.4     702.52  ]]]
885	[[[2056.2002 1077.      700.52  ]]]
886	[[[2052.6  1073.4   700.84]]]
887	[[[2055.   1071.    700.88]]]
888	[[[2056.2002 1073.4     702.6   ]]]
889	[[[2056.2002 1073.4     698.24  ]]]
890	[[[2057.4001 1071.      700.2   ]]]
891	[[[2053.8  1073.4   924.68]]]
892	[[[2055.     1072.2001  702.8   ]]]
893	[[[2056.2002 1072.2001  702.48  ]]]
894	[[[2053.8    1072.2001  924.6   ]]]
895	[[[2053.8  1073.4   930.12]]]
896	[[[2055.  1073.4  931. ]]]
897	[[[2055.     1072.2001  698.24  ]]]
898	[[[2055.   1073.4   931.68]]]
899	[[[2053.8     1072.2001   930.83997]]]
900	[[[2056.2002 1068.6001  700.    ]]]
901	[[[2053.8    1072.2001  924.68  ]]]
902	[[[2055.     1072.2001  930.64  ]]]
903	[[[2056.2002 1073.4     700.76  ]]]
904	[[[2050.2002 1069.8     928.64  ]]]
905	[[[2053.8     1074.6001   927.80005]]]
906	[[[2055.   1071.    703.04]]]
907	[[[2053.8 1069.8  924.4]]]
908	[[[2056.2002 1069.8     702.6   ]]]
909	[[[2050.2002  1069.8      927.72003]]]
910	[[[2055.      1067.4      927.80005]]]
911	[[[2056.2002 1072.2001  700.92  ]]]
912	[[[2056.2002 1072.2001  700.92  ]]]
913	[[[2052.6  1073.4   928.48]]]
914	[[[2053.8  1069.8   924.52]]]
915	[[[2053.8     1069.8      924.83997]]]
916	[[[2056.2002 1068.6001  702.56  ]]]
917	[[[2056.2002 1068.6001  698.28  ]]]
918	[[[2053.8 1069.8  931. ]]]
919	[[[2052.6    1068.6001  931.12  ]]]
920	[[[2052.6     1072.2001   928.04004]]]
921	[[[2053.8    1068.6001  930.76  ]]]
922	[[[2050.2002 1067.4     928.4   ]]]
923	[[[2055.     1068.6001  703.2   ]]]
924	[[[2052.6     1071.       928.04004]]]
925	[[[2052.6    1068.6001  930.68  ]]]
926	[[[2053.8    1068.6001  931.08  ]]]
927	[[[2053.8    1068.6001  930.36  ]]]
928	[[[2050.2002 1068.6001  927.48  ]]]
929	[[[2055.   1067.4   698.52]]]
930	[[[2053.8  1067.4   703.28]]]
931	[[[2053.8  1067.4   698.68]]]
932	[[[2055.     1068.6001  931.6   ]]]
933	[[[2055. 1065.  928.]]]
934	[[[2050.2002 1069.8     929.32  ]]]
935	[[[2055.   1067.4   703.08]]]
936	[[[2058.6    1068.6001  928.88  ]]]
937	[[[2053.8    1066.2001  924.28  ]]]
938	[[[2053.8    1066.2001  941.08  ]]]
939	[[[2055.   1067.4   931.08]]]
940	[[[2055.     1066.2001  702.96  ]]]
941	[[[2053.8    1066.2001  924.6   ]]]
942	[[[2055.     1066.2001  702.96  ]]]
943	[[[2053.8     1066.2001   924.92004]]]
944	[[[2055.     1066.2001  702.96  ]]]
945	[[[2055.     1062.6001  700.64  ]]]
946	[[[2053.8    1066.2001  930.2   ]]]
947	[[[2050.2002 1067.4     928.88  ]]]
948	[[[2055.   1065.    702.84]]]
949	[[[2053.8  1065.    930.36]]]
950	[[[2055.     1066.2001  931.52  ]]]
951	[[[2053.8 1063.8  924.2]]]
952	[[[2053.8 1063.8  924.4]]]
953	[[[2055.  1067.4  700. ]]]
954	[[[2056.2002 1063.8     702.32  ]]]
955	[[[2056.2002 1061.4     700.44  ]]]
956	[[[2053.8 1065.   930.2]]]
957	[[[2053.8  1063.8   924.68]]]
958	[[[2052.6     1067.4      927.80005]]]
959	[[[2053.8 1063.8  930.2]]]
960	[[[2052.6  1067.4   927.96]]]
961	[[[2057.4001 1065.      928.36  ]]]
962	[[[2055.   1063.8   931.28]]]
963	[[[2053.8    1062.6001  924.24  ]]]
964	[[[2061.   1067.4   932.52]]]
965	[[[2052.6    1062.6001  930.96  ]]]
966	[[[2053.8  1061.4   703.04]]]
967	[[[2053.8    1062.6001  924.52  ]]]
968	[[[2052.6     1065.       927.16003]]]
969	[[[2053.8  1061.4   698.36]]]
970	[[[2052.6  1061.4   930.44]]]
971	[[[2055.  1063.8  700.6]]]
972	[[[2053.8    1062.6001  931.28  ]]]
973	[[[2052.6    1060.2001  930.44  ]]]
974	[[[2053.8    1060.2001  702.76  ]]]
975	[[[2053.8    1060.2001  702.88  ]]]
976	[[[2050.2002  1062.6001   927.80005]]]
977	[[[2052.6    1060.2001  930.44  ]]]
978	[[[2053.8    1060.2001  702.88  ]]]
979	[[[2053.8  1061.4   931.12]]]
980	[[[2052.6    1060.2001  930.2   ]]]
981	[[[2058.6     1061.4      934.72003]]]
982	[[[2057.4001 1061.4     927.48  ]]]
983	[[[2052.6     1059.       924.16003]]]
984	[[[2052.6     1060.2001   929.80005]]]
985	[[[2052.6    1060.2001  930.44  ]]]
986	[[[2052.6  1059.    924.52]]]
987	[[[2053.8  1059.    702.72]]]
988	[[[2052.6  1059.    924.52]]]
989	[[[2055.   1059.    702.76]]]
990	[[[2055.   1059.    698.24]]]
991	[[[2053.8    1060.2001  930.2   ]]]
992	[[[2053.8    1060.2001  930.32  ]]]
993	[[[2055.   1059.    697.68]]]
994	[[[2055.     1056.6001  700.16  ]]]
995	[[[2053.8     1059.       923.83997]]]
996	[[[2053.8     1059.       923.83997]]]
997	[[[2055.   1059.    702.48]]]
998	[[[2055.   1059.    697.68]]]
999	[[[2053.8    1062.6001  927.48  ]]]
1000	[[[2055.  1059.   702.2]]]
1001	[[[2053.8    1060.2001  930.88  ]]]
1002	[[[2055.   1061.4   700.32]]]
1003	[[[2055.   1059.    702.48]]]
1004	[[[2049.      1059.       926.80005]]]
1005	[[[2051.4001  1061.4      926.72003]]]
1006	[[[2053.8  1057.8   697.64]]]
1007	[[[2055.     1056.6001  927.48  ]]]
1008	[[[2053.8  1061.4   699.68]]]
1009	[[[2053.8  1059.    702.52]]]
1010	[[[2055.   1057.8   702.52]]]
1011	[[[2053.8  1057.8   697.56]]]
1012	[[[2053.8     1060.2001   930.83997]]]
1013	[[[2055.  1055.4  699.6]]]
1014	[[[2055.   1057.8   697.92]]]
1015	[[[2053.8    1060.2001  931.    ]]]
1016	[[[2053.8     1060.2001   930.96   ]
  [ 909.00006 1255.8      779.16003]]]
1017	[[[2052.6 1057.8  923.4]]]
1018	[[[2053.8  1059.    702.84]]]
1019	[[[2055.   1057.8   697.88]]]
1020	[[[2055.   1057.8   697.72]]]
1021	[[[2055.   1057.8   697.76]]]
1022	[[[2053.8  1057.8   702.64]]]
1023	[[[2055.     1060.2001  700.04  ]]]
1024	[[[2052.6     1059.       924.04004]]]
1025	[[[2055.   1055.4   699.44]]]
1026	[[[2050.2002 1061.4     927.48  ]]]
1027	[[[2056.2002  1060.2001   927.80005]]]
1028	[[[2053.8  1057.8   702.04]]]
1029	[[[2051.4001 1057.8     924.08  ]]]
1030	[[[2053.8    1060.2001  699.96  ]]]
1031	[[[2051.4001  1061.4      927.16003]]]
1032	[[[2052.6    1060.2001  699.76  ]]]
1033	[[[2053.8  1057.8   697.88]]]
1034	[[[2049.      1059.       926.80005]]]
1035	[[[2051.4001  1057.8      924.16003]]]
1036	[[[2053.8  1059.    930.44]]]
1037	[[[2052.6     1057.8      929.56006]]]
1038	[[[2052.6  1057.8   924.08]]]
1039	[[[2053.8  1057.8   702.44]]]
1040	[[[2053.8  1057.8   702.44]]]
1041	[[[2053.8    1056.6001  698.    ]]]
1042	[[[2053.8    1056.6001  698.04  ]]]
1043	[[[2056.2002 1059.      927.88  ]]]
1044	[[[2053.8    1056.6001  702.36  ]]]
1045	[[[2053.8  1059.    699.84]]]
1046	[[[2053.8    1056.6001  702.36  ]]]
1047	[[[2055.   1059.    700.32]]]
1048	[[[2053.8    1056.6001  702.16  ]]]
1049	[[[2053.8    1056.6001  702.36  ]]]
1050	[[[2052.6 1053.   926.2]]]
1051	[[[2053.8  1059.    700.16]]]
1052	[[[2053.8  1057.8   930.44]]]
1053	[[[2053.8    1056.6001  702.32  ]]]
1054	[[[2052.6    1056.6001  702.68  ]]]
1055	[[[2051.4001  1056.6001   924.16003]]]
1056	[[[2052.6  1055.4   697.76]]]
1057	[[[2050.2002 1055.4     699.96  ]]]
1058	[[[2051.4001  1056.6001   929.56006]]]
1059	[[[2052.6    1056.6001  929.88  ]]]
1060	[[[2052.6  1055.4   697.76]]]
1061	[[[2050.2002 1055.4     699.96  ]]]
1062	[[[2051.4001  1055.4      929.56006]]]
1063	[[[2057.4001 1059.      934.64  ]]]
1064	[[[2053.8  1055.4   702.08]]]
1065	[[[2055.   1053.    699.52]]]
1066	[[[2051.4001 1056.6001  929.48  ]]]
1067	[[[2053.8  1055.4   697.68]]]
1068	[[[2053.8  1055.4   702.08]]]
1069	[[[2055.      1056.6001   926.16003]]]
1070	[[[2052.6  1055.4   702.16]]]
1071	[[[2056.2002 1057.8     927.88  ]]]
1072	[[[2052.6  1055.4   697.56]]]
1073	[[[2051.4001  1055.4      923.83997]]]
1074	[[[2053.8 1057.8  699.8]]]
1075	[[[2051.4001  1055.4      923.83997]]]
1076	[[[2051.4001 1056.6001  923.52  ]]]
1077	[[[2047.8     1055.4      926.83997]]]
1078	[[[2052.6  1055.4   702.16]]]
1079	[[[2053.8 1055.4  701.8]]]
1080	[[[2052.6     1055.4      702.16003]]]
1081	[[[2051.4001 1056.6001  929.96  ]]]
1082	[[[2053.8  1051.8   699.32]]]
1083	[[[2051.4001 1055.4     923.88  ]]]
1084	[[[2052.6    1054.2001  702.16  ]]]
1085	[[[2053.8 1057.8  700.2]]]
1086	[[[2052.6    1056.6001  929.96  ]]]
1087	[[[2053.8  1051.8   699.48]]]
1088	[[[2051.4001 1059.      926.76  ]]]
1089	[[[2052.6    1054.2001  702.08  ]]]
1090	[[[2051.4001  1055.4      924.04004]]]
1091	[[[2052.6  1055.4   702.44]]]
1092	[[[2050.2002 1057.8     927.08  ]]]
1093	[[[2053.8  1055.4   701.88]]]
1094	[[[2053.8 1055.4  702. ]]]
1095	[[[2052.6  1055.4   702.08]]]
1096	[[[2055.  1053.   699.6]]]
1097	[[[2051.4001 1056.6001  929.64  ]]]
1098	[[[2053.8  1057.8   700.12]]]
1099	[[[2052.6  1055.4   702.28]]]
1100	[[[2051.4001  1055.4      924.04004]]]
1101	[[[2051.4001 1056.6001  929.64  ]]]
1102	[[[2052.6    1056.6001  930.6   ]]]
1103	[[[2052.6  1055.4   702.12]]]
1104	[[[2055.  1053.   700.2]]]
1105	[[[2047.8  1055.4   926.44]]]
1106	[[[2051.4001 1056.6001  929.64  ]]]
1107	[[[2050.2002 1059.      927.32  ]]]
1108	[[[2052.6    1056.6001  929.96  ]]]
1109	[[[2050.2002 1057.8     927.    ]]]
1110	[[[2050.2002 1053.      700.08  ]]]
1111	[[[2051.4001  1054.2001   940.04004]]]
1112	[[[2051.4001 1054.2001  923.2   ]]]
1113	[[[2052.6    1054.2001  702.04  ]]]
1114	[[[2052.6    1054.2001  701.96  ]]]
1115	[[[2051.4001 1054.2001  923.88  ]]]
1116	[[[2051.4001  1055.4      929.72003]]]
1117	[[[2047.8  1055.4   927.08]]]
1118	[[[2051.4001 1055.4     929.96  ]]]
1119	[[[2053.8    1054.2001  701.56  ]]]
1120	[[[2051.4001 1055.4     929.64  ]]]
1121	[[[2053.8    1056.6001  700.    ]]]
1122	[[[2047.8    1056.6001  927.28  ]]]
1123	[[[2051.4001 1054.2001  923.8   ]]]
1124	[[[2053.8    1054.2001  701.72  ]]]
1125	[[[2052.6  1055.4   702.12]]]
1126	[[[2055.  1053.   699.8]]]
1127	[[[2052.6    1054.2001  702.08  ]]]
1128	[[[2051.4001 1055.4     929.96  ]]]
1129	[[[2051.4001 1059.      927.64  ]]]
1130	[[[2056.2002 1056.6001  927.    ]]]
1131	[[[2050.2002 1057.8     926.64  ]]]
1132	[[[2052.6    1054.2001  702.16  ]]]
1133	[[[2053.8    1056.6001  699.52  ]]]
1134	[[[2050.2002 1053.      700.2   ]]]
1135	[[[2052.6    1054.2001  702.04  ]]]
1136	[[[2052.6  1055.4   929.88]]]
1137	[[[2053.8    1056.6001  699.8   ]]]
1138	[[[2050.2002 1055.4     929.4   ]]]
1139	[[[2052.6    1054.2001  697.52  ]]]
1140	[[[2052.6    1056.6001  929.88  ]]]
1141	[[[2052.6 1057.8  699.6]]]
1142	[[[2052.6  1055.4   701.76]]]
1143	[[[2050.2002  1055.4      928.92004]]]
1144	[[[2052.6 1057.8  699.6]]]
1145	[[[2050.2002 1054.2001  699.64  ]]]
1146	[[[2051.4001 1055.4     922.8   ]]]
1147	[[[2050.2002 1054.2001  699.84  ]]]
1148	[[[2051.4001 1055.4     697.08  ]]]
1149	[[[2052.6  1057.8   699.64]]]
1150	[[[2051.4001 1055.4     923.36  ]]]
1151	[[[2051.4001 1055.4     696.96  ]]]
1152	[[[2052.6  1055.4   697.32]]]
1153	[[[2050.2002 1055.4     923.12  ]]]
1154	[[[2050.2002 1056.6001  929.4   ]]]
1155	[[[2053.8  1057.8   699.76]]]
1156	[[[2053.8 1053.   698.8]]]
1157	[[[2051.4001 1053.      926.    ]]]
1158	[[[2050.2002 1056.6001  928.76  ]]]
1159	[[[2053.8  1057.8   699.52]]]
1160	[[[2052.6  1057.8   699.28]]]
1161	[[[2052.6 1055.4  697. ]]]
1162	[[[2050.2002 1059.      926.08  ]]]
1163	[[[2052.6  1055.4   696.76]]]
1164	[[[2053.8  1053.    698.84]]]
1165	[[[2051.4001 1056.6001  929.    ]]]
1166	[[[2050.2002  1055.4      923.04004]]]
1167	[[[2052.6    1054.2001  701.52  ]]]
1168	[[[2050.2002 1059.      926.32  ]]]
1169	[[[2053.8 1051.8  698.8]]]
1170	[[[2052.6    1054.2001  701.48  ]]]
1171	[[[2051.4001 1054.2001  696.88  ]]]
1172	[[[2051.4001  1055.4      923.04004]]]
1173	[[[2052.6  1055.4   701.56]]]
1174	[[[2053.8  1051.8   698.68]]]
1175	[[[2051.4001  1055.4      923.04004]]]
1176	[[[2052.6    1054.2001  701.2   ]]]
1177	[[[2055.   1053.    699.44]]]
1178	[[[2052.6    1054.2001  701.24  ]]]
1179	[[[2052.6    1054.2001  701.2   ]]]
1180	[[[2051.4001 1051.8     699.28  ]]]
1181	[[[2051.4001 1054.2001  697.    ]]]
1182	[[[2052.6    1054.2001  696.92  ]]]
1183	[[[2051.4001 1055.4     928.88  ]]]
1184	[[[2051.4001 1054.2001  696.88  ]]]
1185	[[[2050.2002  1055.4      928.56006]]]
1186	[[[2052.6    1056.6001  699.24  ]]]
1187	[[[2051.4001 1054.2001  697.08  ]]]
1188	[[[2050.2002 1055.4     928.76  ]]]
1189	[[[2052.6    1054.2001  696.92  ]]]
1190	[[[2051.4001 1054.2001  696.84  ]]]
1191	[[[2047.8     1056.6001   925.92004]]]
1192	[[[2051.4001  1051.8      925.16003]]]
1193	[[[2050.2002  1055.4      928.80005]]]
1194	[[[2052.6  1055.4   700.96]]]
1195	[[[2052.6    1054.2001  696.96  ]]]
1196	[[[2053.8 1051.8  698.4]]]
1197	[[[2051.4001 1055.4     928.36  ]]]
1198	[[[2051.4001 1054.2001  921.96  ]]]
1199	[[[2051.4001  1054.2001   938.80005]]]
1200	[[[2053.8     1056.6001   925.16003]]]
1201	[[[2051.4001 1056.6001  928.4   ]]]
1202	[[[2052.6  1055.4   701.28]]]
1203	[[[2051.4001  1055.4      922.72003]]]
1204	[[[2047.8    1056.6001  925.36  ]]]
1205	[[[2052.6    1056.6001  928.88  ]]]
1206	[[[2052.6  1055.4   701.16]]]
1207	[[[2053.8  1057.8   699.04]]]
1208	[[[2051.4001 1055.4     922.52  ]]]
1209	[[[2051.4001 1056.6001  928.24  ]]]
1210	[[[2052.6  1055.4   701.44]]]
1211	[[[2051.4001  1051.8      925.04004]]]
1212	[[[2047.8  1055.4   925.68]]]
1213	[[[2050.2002 1059.      926.32  ]]]
1214	[[[2051.4001 1055.4     928.2   ]]]
1215	[[[2051.4001 1055.4     928.    ]]]
1216	[[[2053.8     1055.4      700.8    ]
  [ 867.00006 1129.8      818.76   ]]]
1217	[[[2052.6    1054.2001  701.04  ]]]
1218	[[[2052.6  1055.4   697.04]]]
1219	[[[2052.6    1056.6001  929.28  ]]]
1220	[[[2050.2002 1057.8     925.68  ]]]
1221	[[[2051.4001  1054.2001   922.72003]]]
1222	[[[2052.6    1056.6001  929.64  ]]]
1223	[[[2051.4001 1055.4     922.68  ]]]
1224	[[[2052.6    1056.6001  929.    ]]]
1225	[[[2052.6  1055.4   696.52]]]
1226	[[[2052.6  1055.4   700.96]]]
1227	[[[2055.     1054.2001  698.96  ]]]
1228	[[[2052.6  1057.8   929.32]]]
1229	[[[2052.6  1057.8   928.64]]]
1230	[[[2053.8  1057.8   928.88]]]
1231	[[[2052.6     1057.8      928.72003]]]
1232	[[[2051.4001 1056.6001  928.4   ]]]
1233	[[[2051.4001 1061.4     925.76  ]]]
1234	[[[2051.4001 1057.8     922.44  ]]]
1235	[[[2051.4001  1057.8      922.04004]]]
1236	[[[2052.6  1057.8   696.76]]]
1237	[[[2049. 1059.  925.]]]
1238	[[[2053.8    1060.2001  698.76  ]]]
1239	[[[2053.8 1055.4  699. ]]]
1240	[[[2052.6 1057.8  921.8]]]
1241	[[[2053.8  1059.    700.92]]]
1242	[[[2051.4001 1057.8     699.12  ]]]
1243	[[[2052.6  1059.    928.32]]]
1244	[[[2052.6    1060.2001  929.    ]]]
1245	[[[2053.8    1060.2001  928.52  ]]]
1246	[[[2052.6     1057.8      921.72003]]]
1247	[[[2052.6    1060.2001  928.24  ]]]
1248	[[[2055.     1056.6001  698.6   ]]]
1249	[[[2053.8  1057.8   700.96]]]
1250	[[[2052.6  1057.8   938.88]]]
1251	[[[2053.8    1060.2001  928.96  ]]]
1252	[[[2053.8  1059.    696.96]]]
1253	[[[2053.8  1057.8   696.68]]]
1254	[[[2053.8  1057.8   696.96]]]
1255	[[[2053.8 1057.8  697. ]]]
1256	[[[2051.4001  1062.6001   925.92004]]]
1257	[[[2051.4001 1059.      929.12  ]]]
1258	[[[2053.8  1055.4   699.12]]]
1259	[[[2049.      1059.       925.16003]]]
1260	[[[2051.4001 1056.6001  699.16  ]]]
1261	[[[2051.4001 1062.6001  925.76  ]]]
1262	[[[2053.8  1057.8   696.72]]]
1263	[[[2053.8  1057.8   696.76]]]
1264	[[[2052.6    1060.2001  929.    ]]]
1265	[[[2053.8  1059.    701.28]]]
1266	[[[2053.8  1059.    701.32]]]
1267	[[[2052.6    1060.2001  928.32  ]]]
1268	[[[2052.6  1055.4   925.32]]]
1269	[[[2053.8    1060.2001  928.64  ]]]
1270	[[[2052.6  1059.    922.28]]]
1271	[[[2057.4001 1060.2001  926.88  ]]]
1272	[[[2055.   1059.    696.68]]]
1273	[[[2053.8  1059.    701.24]]]
1274	[[[2050.2002  1062.6001   926.16003]]]
1275	[[[2053.8  1059.    701.28]]]
1276	[[[2053.8  1061.4   929.44]]]
1277	[[[2053.8  1059.    697.12]]]
1278	[[[2053.8  1061.4   928.96]]]
1279	[[[2053.8    1060.2001  701.64  ]]]
1280	[[[2052.6    1060.2001  928.64  ]]]
1281	[[[2053.8  1059.    701.36]]]
1282	[[[2052.6 1059.   922.6]]]
1283	[[[2055.   1059.    701.24]]]
1284	[[[2051.4001 1059.      928.88  ]]]
1285	[[[2051.4001 1057.8     699.4   ]]]
1286	[[[2055.   1059.    701.28]]]
1287	[[[2056.2002  1062.6001   927.72003]]]
1288	[[[2052.6     1059.       922.83997]]]
1289	[[[2053.8    1060.2001  930.    ]]]
1290	[[[2055.   1059.    701.48]]]
1291	[[[2053.8 1059.   701.6]]]
1292	[[[2055.   1059.    701.28]]]
1293	[[[2052.6    1060.2001  929.64  ]]]
1294	[[[2053.8    1060.2001  929.88  ]]]
1295	[[[2053.8    1060.2001  929.12  ]]]
1296	[[[2052.6     1059.       929.04004]]]
1297	[[[2053.8  1057.8   701.68]]]
1298	[[[2052.6  1059.    923.28]]]
1299	[[[2053.8    1060.2001  929.64  ]]]
1300	[[[2053.8    1060.2001  929.44  ]]]
1301	[[[2051.4001 1057.8     699.92  ]]]
1302	[[[2055.   1059.    697.16]]]
1303	[[[2055.   1059.    701.48]]]
1304	[[[2051.4001 1062.6001  926.88  ]]]
1305	[[[2055.   1061.4   699.64]]]
1306	[[[2055.   1059.    701.72]]]
1307	[[[2053.8  1059.    923.36]]]
1308	[[[2052.6    1062.6001  926.76  ]]]
1309	[[[2056.2002 1061.4     699.6   ]]]
1310	[[[2058.6 1061.4  927. ]]]
1311	[[[2053.8    1060.2001  923.36  ]]]
1312	[[[2055.   1059.    697.44]]]
1313	[[[2053.8  1059.    923.48]]]
1314	[[[2056.2002 1059.      697.28  ]]]
1315	[[[2055.   1059.    701.88]]]
1316	[[[2056.2002 1060.2001  701.76  ]]]
1317	[[[2057.4001 1063.8     928.32  ]]]
1318	[[[2055.     1060.2001  697.52  ]]]
1319	[[[2053.8    1060.2001  928.96  ]]]
1320	[[[2055.     1060.2001  929.12  ]]]
1321	[[[2056.2002 1060.2001  701.8   ]]]
1322	[[[2051.4001 1060.2001  926.    ]]]
1323	[[[2055.   1063.8   926.68]]]
1324	[[[2055.     1060.2001  929.32  ]]]
1325	[[[2057.4001 1056.6001  699.12  ]]]
1326	[[[2055.     1060.2001  928.88  ]]]
1327	[[[2056.2002 1062.6001  699.16  ]]]
1328	[[[2055.   1061.4   699.52]]]
1329	[[[2056.2002 1059.      697.12  ]]]
1330	[[[2057.4001 1059.      697.04  ]]]
1331	[[[2057.4001 1059.      697.48  ]]]
1332	[[[2057.4001 1059.      701.52  ]]]
1333	[[[2055.   1059.    923.28]]]
1334	[[[2056.2002 1059.      701.88  ]]]
1335	[[[2056.2002 1061.4     929.68  ]]]
1336	[[[2057.4001 1061.4     930.    ]]]
1337	[[[2057.4001 1061.4     930.12  ]]]
1338	[[[2057.4001 1061.4     930.36  ]]]
1339	[[[2057.4001 1060.2001  701.56  ]]]
1340	[[[2055.      1063.8      927.04004]]]
1341	[[[2056.2002  1061.4      928.92004]]]
1342	[[[2056.2002 1060.2001  923.32  ]]]
1343	[[[2057.4001 1060.2001  701.56  ]]]
1344	[[[2055.     1060.2001  929.36  ]]]
1345	[[[2055.     1060.2001  923.36  ]]]
1346	[[[2055.      1060.2001   928.92004]]]
1347	[[[2053.8  1063.8   926.88]]]
1348	[[[2055.      1060.2001   928.83997]]]
1349	[[[2053.8  1063.8   926.64]]]
1350	[[[2053.8    1060.2001  699.8   ]]]
1351	[[[2057.4001 1061.4     697.4   ]]]
1352	[[[2057.4001 1063.8     699.4   ]]]
1353	[[[2055.  1061.4  923.4]]]
1354	[[[2056.2002 1062.6001  928.96  ]]]
1355	[[[2056.2002 1061.4     702.12  ]]]
1356	[[[2057.4001 1065.      699.4   ]]]
1357	[[[2055.      1062.6001   929.16003]]]
1358	[[[2053.8  1061.4   699.48]]]
1359	[[[2056.2002 1061.4     696.8   ]]]
1360	[[[2057.4001 1063.8     929.6   ]]]
1361	[[[2057.4001 1062.6001  701.72  ]]]
1362	[[[2056.2002 1063.8     928.96  ]]]
1363	[[[2056.2002 1062.6001  701.92  ]]]
1364	[[[2057.4001 1062.6001  702.    ]]]
1365	[[[2057.4001 1062.6001  696.96  ]]]
1366	[[[2056.2002 1063.8     929.12  ]]]
1367	[[[2056.2002 1065.      929.36  ]]]
1368	[[[2055.   1063.8   923.08]]]
1369	[[[2057.4001  1065.       930.04004]]]
1370	[[[2057.4001 1065.      930.68  ]]]
1371	[[[2057.4001 1062.6001  697.32  ]]]
1372	[[[2056.2002 1063.8     697.48  ]]]
1373	[[[2056.2002 1063.8     697.52  ]]]
1374	[[[2055.      1065.       928.80005]]]
1375	[[[2056.2002 1061.4     926.08  ]]]
1376	[[[2056.2002 1063.8     697.52  ]]]
1377	[[[2055.     1068.6001  927.12  ]]]
1378	[[[2053.8  1067.4   926.48]]]
1379	[[[2057.4001 1063.8     701.76  ]]]
1380	[[[2057.4001 1066.2001  930.68  ]]]
1381	[[[2056.2002 1066.2001  928.84  ]]]
1382	[[[2056.2002 1065.      923.44  ]]]
1383	[[[2055.  1065.   929.4]]]
1384	[[[2055.     1066.2001  929.64  ]]]
1385	[[[2057.4001 1067.4     699.68  ]]]
1386	[[[2057.4001 1065.      702.16  ]]]
1387	[[[2057.4001 1065.      697.28  ]]]
1388	[[[2056.2002 1066.2001  929.32  ]]]
1389	[[[2056.2002 1066.2001  929.32  ]]]
1390	[[[2056.2002 1066.2001  923.36  ]]]
1391	[[[2057.4001 1066.2001  702.28  ]]]
1392	[[[2052.6  1067.4   926.88]]]
1393	[[[2056.2002  1067.4      929.56006]]]
1394	[[[2055.      1067.4      929.56006]]]
1395	[[[2058.6    1066.2001  702.08  ]]]
1396	[[[2057.4001 1067.4     702.76  ]]]
1397	[[[2056.2002  1067.4      929.56006]]]
1398	[[[2055. 1071.  927.]]]
1399	[[[2058.6  1063.8   699.68]]]
1400	[[[2057.4001 1067.4     702.56  ]]]
1401	[[[2056.2002  1067.4      924.16003]]]
1402	[[[2056.2002 1067.4     940.36  ]]]
1403	[[[2056.2002 1067.4     923.52  ]]]
1404	[[[2058.6 1065.   699.6]]]
1405	[[[2052.6    1068.6001  927.08  ]]]
1406	[[[2057.4001 1068.6001  702.8   ]]]
1407	[[[2057.4001 1069.8     930.68  ]]]
1408	[[[2057.4001 1069.8     930.36  ]]]
1409	[[[2056.2002 1072.2001  927.4   ]]]
1410	[[[2058.6    1068.6001  702.56  ]]]
1411	[[[2056.2002 1069.8     930.44  ]]]
1412	[[[2058.6  1069.8   931.12]]]
1413	[[[2056.2002  1068.6001   930.04004]]]
1414	[[[2056.2002 1068.6001  924.08  ]]]
1415	[[[2057.4001 1068.6001  698.36  ]]]
1416	[[[2061.   1069.8   927.96]]]
1417	[[[2056.2002  1069.8      930.83997]]]
1418	[[[2058.6    1068.6001  698.08  ]]]
1419	[[[2056.2002 1072.2001  927.44  ]]]
1420	[[[2057.4001 1068.6001  698.52  ]]]
1421	[[[2057.4001  1069.8      930.83997]]]
1422	[[[2056.2002  1068.6001   929.83997]]]
1423	[[[2056.2002 1067.4     930.52  ]]]
1424	[[[2056.2002  1068.6001   929.92004]]]
1425	[[[2056.2002  1068.6001   929.83997]]]
1426	[[[2057.4001 1068.6001  702.8   ]]]
1427	[[[2056.2002 1068.6001  924.24  ]]]
1428	[[[2057.4001 1067.4     697.76  ]]]
1429	[[[2056.2002 1072.2001  928.2   ]]]
1430	[[[2056.2002 1068.6001  930.6   ]]]
1431	[[[2056.2002  1068.6001   930.04004]]]
1432	[[[2057.4001 1067.4     924.08  ]]]
1433	[[[2058.6    1068.6001  930.68  ]]]
1434	[[[2058.6  1063.8   699.96]]]
1435	[[[2058.6 1067.4  702.4]]]
1436	[[[2058.6    1068.6001  931.    ]]]
1437	[[[2059.8  1067.4   702.56]]]
1438	[[[2053.8    1068.6001  927.4   ]]]
1439	[[[2058.6    1068.6001  698.4   ]]]
1440	[[[2057.4001  1068.6001   924.80005]]]
1441	[[[2057.4001 1067.4     924.4   ]]]
1442	[[[2059.8  1067.4   697.96]]]
1443	[[[2058.6  1067.4   697.88]]]
1444	[[[2059.8    1068.6001  702.2   ]]]
1445	[[[2057.4001 1067.4     930.68  ]]]
1446	[[[2057.4001 1067.4     924.4   ]]]
1447	[[[2053.8     1067.4      927.72003]]]
1448	[[[2057.4001  1067.4      924.83997]]]
1449	[[[2059.8 1067.4  698.4]]]
1450	[[[2059.8  1067.4   702.68]]]
1451	[[[2058.6    1068.6001  924.6   ]]]
1452	[[[2058.6     1068.6001   924.92004]]]
1453	[[[2059.8    1068.6001  702.88  ]]]
1454	[[[2058.6  1065.    927.48]]]
1455	[[[2061.   1065.    700.28]]]
1456	[[[2059.8  1065.    700.92]]]
1457	[[[2058.6  1067.4   698.08]]]
1458	[[[2059.8  1069.8   931.36]]]
1459	[[[2058.6    1068.6001  930.68  ]]]
1460	[[[2057.4001 1067.4     700.88  ]]]
1461	[[[2057.4001 1068.6001  700.24  ]]]
1462	[[[2058.6    1068.6001  924.76  ]]]
1463	[[[2059.8    1068.6001  702.96  ]]]
1464	[[[2058.6  1069.8   930.68]]]
1465	[[[2058.6     1068.6001   941.16003]]]
1466	[[[2059.8  1069.8   698.24]]]
1467	[[[2059.8    1068.6001  703.16  ]]]
1468	[[[2061.   1069.8   702.76]]]
1469	[[[2058.6  1069.8   925.08]]]
1470	[[[2059.8  1069.8   703.44]]]
1471	[[[2059.8  1069.8   698.84]]]
1472	[[[2059.8  1071.    931.36]]]
1473	[[[2061.   1069.8   702.68]]]
1474	[[[2061.   1069.8   698.48]]]
1475	[[[2057.4001 1069.8     700.32  ]]]
1476	[[[2056.2002 1071.      927.6   ]]]
1477	[[[2058.6 1071.   925. ]]]
1478	[[[2058.6  1071.    930.68]]]
1479	[[[2061.   1069.8   698.64]]]
1480	[[[2061.     1072.2001  932.    ]]]
1481	[[[2059.8    1072.2001  930.6   ]]]
1482	[[[2058.6 1071.   925. ]]]
1483	[[[2061.   1069.8   702.88]]]
1484	[[[2059.8    1072.2001  930.68  ]]]
1485	[[[2061.     1072.2001  932.    ]]]
1486	[[[2057.4001 1074.6001  928.28  ]]]
1487	[[[2061.      1072.2001   931.92004]]]
1488	[[[2059.8     1072.2001   930.92004]]]
1489	[[[2061.     1072.2001  931.48  ]]]
1490	[[[2059.8     1071.       924.92004]]]
1491	[[[2058.6     1071.       930.83997]]]
1492	[[[2062.2002 1068.6001  700.76  ]]]
1493	[[[2061.     1068.6001  700.8   ]]]
1494	[[[2058.6    1072.2001  930.6   ]]]
1495	[[[2061.   1071.    698.52]]]
1496	[[[2059.8  1073.4   931.24]]]
1497	[[[2062.2002 1069.8     700.72  ]]]
1498	[[[2057.4001 1072.2001  700.4   ]]]
1499	[[[2059.8    1072.2001  698.32  ]]]
1500	[[[2062.2002 1069.8     700.6   ]]]
1501	[[[2059.8 1073.4  931.2]]]
1502	[[[2059.8    1072.2001  703.36  ]]]
1503	[[[2059.8    1072.2001  703.28  ]]]
1504	[[[2061.     1072.2001  698.44  ]]]
1505	[[[2057.4001 1072.2001  700.24  ]]]
1506	[[[2057.4001  1075.8      927.80005]]]
1507	[[[2061.   1073.4   702.56]]]
1508	[[[2058.6     1073.4      930.83997]]]
1509	[[[2058.6     1073.4      925.16003]]]
1510	[[[2058.6  1073.4   924.48]]]
1511	[[[2059.8  1073.4   698.08]]]
1512	[[[2061.  1073.4  702.8]]]
1513	[[[2058.6  1073.4   924.64]]]
1514	[[[2058.6    1074.6001  931.36  ]]]
1515	[[[2058.6  1073.4   924.64]]]
1516	[[[2056.2002 1074.6001  927.96  ]]]
1517	[[[2057.4001 1077.      928.52  ]]]
1518	[[[2058.6  1073.4   941.48]]]
1519	[[[2057.4001 1072.2001  700.4   ]]]
1520	[[[2061.   1075.8   700.84]]]
1521	[[[2061.      1074.6001   930.92004]]]
1522	[[[2059.8 1073.4  698.2]]]
1523	[[[2059.8  1073.4   703.16]]]
1524	[[[2059.8     1074.6001   924.83997]]]
1525	[[[2058.6    1074.6001  930.76  ]]]
1526	[[[2058.6     1073.4      930.80005]]]
1527	[[[2061.  1073.4  698.6]]]
1528	[[[2057.4001 1073.4     700.36  ]]]
1529	[[[2063.4001 1075.8     928.12  ]]]
1530	[[[2059.8     1074.6001   930.92004]]]
1531	[[[2059.8    1074.6001  925.    ]]]
1532	[[[2061.   1071.    700.84]]]
1533	[[[2058.6     1078.2001   928.72003]]]
1534	[[[2059.8  1073.4   924.76]]]
1535	[[[2056.2002  1074.6001   927.56006]]]
1536	[[[2059.8     1074.6001   931.16003]]]
1537	[[[2061.   1075.8   700.92]]]
1538	[[[2059.8  1073.4   930.52]]]
1539	[[[2059.8     1074.6001   931.16003]]]
1540	[[[2059.8     1073.4      930.6    ]
  [ 919.80005 1285.8      788.04004]]]
1541	[[[2059.8     1072.2001   924.56006]]]
1542	[[[2056.2002  1074.6001   928.83997]]]
1543	[[[2062.2002 1069.8     700.92  ]]]
1544	[[[2059.8  1073.4   931.48]]]
1545	[[[2062.2002 1072.2001  702.84  ]]]
1546	[[[2059.8  1073.4   931.08]]]
1547	[[[2056.2002 1072.2001  927.44  ]]]
1548	[[[2059.8    1072.2001  925.    ]]]
1549	[[[2059.8     1072.2001   924.92004]]]
1550	[[[2062.2002 1068.6001  700.72  ]]]
1551	[[[2058.6     1071.       931.16003]]]
1552	[[[2059.8  1073.4   700.64]]]
1553	[[[2058.6     1071.       930.83997]]]
1554	[[[2059.8  1067.4   927.52]]]
1555	[[[2059.8    1072.2001  931.08  ]]]
1556	[[[2061.   1069.8   698.36]]]
1557	[[[2061.     1072.2001  700.84  ]]]
1558	[[[2058.6     1069.8      930.92004]]]
1559	[[[2058.6  1069.8   931.48]]]
1560	[[[2058.6     1069.8      931.16003]]]
1561	[[[2061.   1069.8   703.16]]]
1562	[[[2059.8  1069.8   703.56]]]
1563	[[[2059.8     1069.8      924.92004]]]
1564	[[[2061.   1069.8   703.24]]]
1565	[[[2059.8  1069.8   925.48]]]
1566	[[[2059.8  1069.8   699.04]]]
1567	[[[2058.6  1073.4   928.12]]]
1568	[[[2059.8  1069.8   925.52]]]
1569	[[[2061.  1071.   703.4]]]
1570	[[[2061.     1072.2001  931.44  ]]]
1571	[[[2056.2002  1071.       928.04004]]]
1572	[[[2061.     1072.2001  931.76  ]]]
1573	[[[2059.8  1069.8   925.08]]]
1574	[[[2056.2002 1073.4     930.12  ]]]
1575	[[[2059.8  1069.8   931.12]]]
1576	[[[2059.8  1069.8   925.64]]]
1577	[[[2063.4001 1075.8     931.76  ]]]
1578	[[[2059.8  1069.8   925.76]]]
1579	[[[2058.6    1068.6001  701.56  ]]]
1580	[[[2059.8  1071.    931.12]]]
1581	[[[2056.2002 1071.      928.48  ]]]
1582	[[[2057.4001 1071.      928.48  ]]]
1583	[[[2062.2002 1066.2001  700.84  ]]]
1584	[[[2061.   1069.8   698.92]]]
1585	[[[2061.   1071.    931.52]]]
1586	[[[2062.2002 1069.8     703.24  ]]]
1587	[[[2059.8    1068.6001  931.44  ]]]
1588	[[[2062.2002 1068.6001  698.88  ]]]
1589	[[[2059.8  1069.8   931.32]]]
1590	[[[2062.2002 1068.6001  698.96  ]]]
1591	[[[2062.2002 1066.2001  701.6   ]]]
1592	[[[2061.     1068.6001  698.76  ]]]
1593	[[[2061.   1069.8   698.96]]]
1594	[[[2057.4001 1071.      928.88  ]]]
1595	[[[2061.   1071.    932.08]]]
1596	[[[2062.2002 1068.6001  699.04  ]]]
1597	[[[2061.   1069.8   931.52]]]
1598	[[[2058.6    1072.2001  929.24  ]]]
1599	[[[2062.2002 1068.6001  703.24  ]]]
1600	[[[2059.8  1069.8   932.08]]]
1601	[[[2061.   1069.8   932.08]]]
1602	[[[2056.2002 1067.4     929.12  ]]]
1603	[[[2062.2002 1071.      701.6   ]]]
1604	[[[2061.     1068.6001  703.56  ]]]
1605	[[[2059.8     1072.2001   928.80005]]]
1606	[[[2059.8  1069.8   931.52]]]
1607	[[[2061.     1068.6001  703.68  ]]]
1608	[[[2061.     1068.6001  703.6   ]]]
1609	[[[2059.8    1068.6001  925.4   ]]]
1610	[[[2058.6    1068.6001  925.76  ]]]
1611	[[[2059.8    1072.2001  929.36  ]]]
1612	[[[2059.8    1068.6001  931.44  ]]]
1613	[[[2059.8    1068.6001  925.64  ]]]
1614	[[[2058.6    1068.6001  932.    ]]]
1615	[[[2061.   1069.8   701.44]]]
1616	[[[2061.   1067.4   703.56]]]
1617	[[[2058.6    1066.2001  701.32  ]]]
1618	[[[2061.   1069.8   701.32]]]
1619	[[[2061.      1065.       928.56006]]]
1620	[[[2059.8    1068.6001  932.32  ]]]
1621	[[[2061.     1066.2001  703.24  ]]]
1622	[[[2061.   1069.8   701.08]]]
1623	[[[2061.  1069.8  701.4]]]
1624	[[[2061.   1067.4   703.16]]]
1625	[[[2058.6  1067.4   931.28]]]
1626	[[[2059.8    1068.6001  931.44  ]]]
1627	[[[2059.8    1066.2001  698.4   ]]]
1628	[[[2058.6     1069.8      928.56006]]]
1629	[[[2061.   1067.4   931.96]]]
1630	[[[2059.8 1067.4  931.2]]]
1631	[[[2056.2002 1067.4     928.    ]]]
1632	[[[2059.8    1066.2001  699.16  ]]]
1633	[[[2057.4001  1069.8      928.56006]]]
1634	[[[2059.8    1066.2001  930.76  ]]]
1635	[[[2059.8    1066.2001  698.92  ]]]
1636	[[[2058.6    1066.2001  930.76  ]]]
1637	[[[2061.     1066.2001  702.76  ]]]
1638	[[[2058.6  1069.8   927.88]]]
1639	[[[2059.8  1067.4   931.52]]]
1640	[[[2059.8    1066.2001  703.4   ]]]
1641	[[[2059.8    1066.2001  703.16  ]]]
1642	[[[2058.6     1066.2001   924.92004]]]
1643	[[[2063.4001 1069.8     935.48  ]]]
1644	[[[2061.     1066.2001  702.36  ]]]
1645	[[[2059.8    1066.2001  698.08  ]]]
1646	[[[2061.     1066.2001  702.44  ]]]
1647	[[[2055.      1068.6001   928.80005]]]
1648	[[[2059.8    1066.2001  698.08  ]]]
1649	[[[2058.6    1066.2001  924.28  ]]]
1650	[[[2061.     1066.2001  697.96  ]]]
1651	[[[2057.4001 1066.2001  700.24  ]]]
1652	[[[2057.4001 1066.2001  700.68  ]]]
1653	[[[2055.   1067.4   927.32]]]
1654	[[[2059.8  1067.4   702.72]]]
1655	[[[2059.8  1067.4   702.56]]]
1656	[[[2059.8  1067.4   702.64]]]
1657	[[[2059.8    1066.2001  702.4   ]]]
1658	[[[2057.4001 1067.4     930.36  ]]]
1659	[[[2058.6     1063.8      927.16003]]]
1660	[[[2057.4001 1071.      927.48  ]]]
1661	[[[2059.8 1063.8  699.8]]]
1662	[[[2057.4001 1066.2001  700.44  ]]]
1663	[[[2062.2002 1069.8     927.64  ]]]
1664	[[[2059.8  1067.4   702.28]]]
1665	[[[2057.4001  1067.4      923.83997]]]
1666	[[[2058.6 1067.4  702.2]]]
1667	[[[2058.6    1068.6001  929.48  ]]]
1668	[[[2053.8     1067.4      926.83997]]]
1669	[[[2058.6    1066.2001  702.2   ]]]
1670	[[[2057.4001 1067.4     929.48  ]]]
1671	[[[2058.6    1066.2001  702.44  ]]]
1672	[[[2056.2002 1066.2001  699.24  ]]]
1673	[[[2056.2002 1066.2001  699.6   ]]]
1674	[[[2059.8    1068.6001  699.88  ]]]
1675	[[[2059.8    1062.6001  699.36  ]]]
1676	[[[2059.8    1066.2001  701.6   ]]]
1677	[[[2059.8    1062.6001  699.52  ]]]
1678	[[[2058.6 1067.4  929.8]]]
1679	[[[2059.8    1062.6001  699.24  ]]]
1680	[[[2058.6  1065.    702.08]]]
1681	[[[2056.2002 1069.8     926.8   ]]]
1682	[[[2057.4001 1069.8     927.36  ]]]
1683	[[[2059.8    1062.6001  698.88  ]]]
1684	[[[2058.6    1062.6001  699.88  ]]]
1685	[[[2058.6  1065.    701.96]]]
1686	[[[2057.4001 1065.      923.64  ]]]
1687	[[[2059.8  1067.4   699.92]]]
1688	[[[2057.4001 1066.2001  923.4   ]]]
1689	[[[2058.6  1065.    701.52]]]
1690	[[[2056.2002 1065.      929.68  ]]]
1691	[[[2058.6  1063.8   697.56]]]
1692	[[[2058.6  1063.8   701.84]]]
1693	[[[2056.2002 1065.      928.8   ]]]
1694	[[[2057.4001 1065.      923.56  ]]]
1695	[[[2056.2002 1063.8     699.52  ]]]
1696	[[[2057.4001  1065.       929.72003]]]
1697	[[[2058.6  1063.8   701.84]]]
1698	[[[2056.2002  1063.8      929.16003]]]
1699	[[[2057.4001 1062.6001  697.2   ]]]
1700	[[[2056.2002 1063.8     929.4   ]]]
1701	[[[2056.2002 1067.4     926.44  ]]]
1702	[[[2057.4001  1063.8      929.16003]]]
1703	[[[2058.6     1063.8      930.04004]]]
1704	[[[2058.6    1062.6001  701.88  ]]]
1705	[[[2057.4001 1062.6001  923.88  ]]]
1706	[[[2062.2002  1063.8      927.72003]]]
1707	[[[2057.4001 1062.6001  929.4   ]]]
1708	[[[2056.2002 1065.      926.76  ]]]
1709	[[[2057.4001 1061.4     923.44  ]]]
1710	[[[2057.4001 1062.6001  929.52  ]]]
1711	[[[2057.4001 1061.4     929.56  ]]]
1712	[[[2057.4001 1061.4     923.88  ]]]
1713	[[[2057.4001  1060.2001   940.04004]]]
1714	[[[2057.4001 1060.2001  923.56  ]]]
1715	[[[2058.6    1060.2001  702.36  ]]]
1716	[[[2058.6  1059.    697.04]]]
1717	[[[2059.8  1059.    697.48]]]
1718	[[[2057.4001 1060.2001  929.64  ]]]
1719	[[[2058.6    1062.6001  699.32  ]]]
1720	[[[2057.4001 1059.      923.76  ]]]
1721	[[[2059.8  1057.8   697.76]]]
1722	[[[2057.4001  1059.       929.72003]]]
1723	[[[2059.8  1057.8   701.84]]]
1724	[[[2058.6  1057.8   702.48]]]
1725	[[[2057.4001  1057.8      929.72003]]]
1726	[[[2059.8    1060.2001  699.88  ]]]
1727	[[[2058.6    1060.2001  699.4   ]]]
1728	[[[2058.6 1057.8  702.2]]]
1729	[[[2057.4001 1057.8     923.6   ]
  [ 928.2    1303.8     684.68  ]]]
1730	[[[2059.8    1060.2001  700.12  ]]]
1731	[[[2059.8 1057.8  701.8]]]
1732	[[[2059.8 1057.8  702. ]]]
1733	[[[2062.2002 1059.      927.32  ]]]
1734	[[[2058.6 1057.8  930.2]]]
1735	[[[2059.8    1056.6001  697.68  ]]]
1736	[[[2056.2002 1055.4     700.44  ]]]
1737	[[[2059.8 1059.   699.8]]]
1738	[[[2058.6    1056.6001  702.24  ]]]
1739	[[[2059.8  1059.    700.04]]]
1740	[[[2057.4001 1061.4     927.36  ]]]
1741	[[[2059.8    1056.6001  702.32  ]]]
1742	[[[2061.     1054.2001  700.2   ]]]
1743	[[[2057.4001 1055.4     923.36  ]]]
1744	[[[2058.6  1057.8   930.64]]]
1745	[[[2058.6  1055.4   702.24]]]
1746	[[[2058.6  1055.4   701.92]]]
1747	[[[2059.8 1057.8  699.8]]]
1748	[[[2062.2002 1059.      934.4   ]]]
1749	[[[2057.4001 1056.6001  929.44  ]]]
1750	[[[2062.2002 1056.6001  927.48  ]]]
1751	[[[2058.6 1057.8  700. ]]]
1752	[[[2059.8  1051.8   699.44]]]
1753	[[[2057.4001  1055.4      923.83997]]]
1754	[[[2058.6    1054.2001  702.24  ]]]
1755	[[[2058.6     1056.6001   930.56006]]]
1756	[[[2059.8  1057.8   700.24]]]
1757	[[[2053.8    1054.2001  927.48  ]]]
1758	[[[2059.8    1056.6001  930.52  ]]]
1759	[[[2057.4001 1059.      927.24  ]]]
1760	[[[2057.4001 1055.4     929.88  ]]]
1761	[[[2058.6  1055.4   697.84]]]
1762	[[[2059.8  1053.    699.64]]]
1763	[[[2058.6    1056.6001  930.2   ]]]
1764	[[[2059.8    1056.6001  930.44  ]]]
1765	[[[2058.6  1055.4   929.52]]]
1766	[[[2059.8  1055.4   702.24]]]
1767	[[[2059.8  1055.4   702.08]]]
1768	[[[2063.4001 1056.6001  927.24  ]]]
1769	[[[2058.6     1055.4      924.04004]]]
1770	[[[2059.8 1055.4  702.2]]]
1771	[[[2058.6    1056.6001  930.48  ]]]
1772	[[[2058.6    1056.6001  930.4   ]]]
1773	[[[2057.4001 1059.      927.    ]]]
1774	[[[2059.8    1054.2001  697.92  ]]]
1775	[[[2058.6    1056.6001  929.76  ]]]
1776	[[[2058.6  1055.4   923.52]]]
1777	[[[2059.8  1055.4   697.28]]]
1778	[[[2059.8  1055.4   701.96]]]
1779	[[[2061.     1056.6001  699.64  ]]]
1780	[[[2061.     1056.6001  699.72  ]]]
1781	[[[2058.6    1056.6001  699.56  ]]]
1782	[[[2058.6     1054.2001   939.92004]]]
1783	[[[2063.4001 1057.8     934.32  ]]]
1784	[[[2055.     1056.6001  927.4   ]]]
1785	[[[2059.8     1051.8      926.72003]]]
1786	[[[2059.8    1050.6001  699.76  ]]]
1787	[[[2056.2002 1055.4     926.4   ]]]
1788	[[[2058.6  1053.    702.12]]]
1789	[[[2057.4001 1053.      929.12  ]]]
1790	[[[2057.4001 1053.      929.36  ]]]
1791	[[[2059.8    1054.2001  930.36  ]]]
1792	[[[2059.8  1051.8   697.52]]]
1793	[[[2057.4001  1053.       929.04004]]]
1794	[[[2059.8  1051.8   697.32]]]
1795	[[[2059.8  1051.8   697.12]]]
1796	[[[2058.6     1053.       929.04004]]]
1797	[[[2058.6  1053.    929.36]]]
1798	[[[2056.2002  1055.4      926.83997]]]
1799	[[[2058.6    1048.2001  926.4   ]]]
1800	[[[2059.8  1051.8   701.28]]]
1801	[[[2058.6  1051.8   697.16]]]
1802	[[[2058.6    1054.2001  698.96  ]]]
1803	[[[2057.4001 1053.      929.12  ]]]
1804	[[[2056.2002 1051.8     699.36  ]]]
1805	[[[2058.6  1051.8   697.04]]]
1806	[[[2059.8 1053.   930. ]]]
1807	[[[2058.6     1048.2001   926.16003]]]
1808	[[[2061.   1049.4   699.24]]]
1809	[[[2059.8  1051.8   701.88]]]
1810	[[[2057.4001 1051.8     929.12  ]]]
1811	[[[2062.2002 1054.2001  927.88  ]]]
1812	[[[2058.6     1050.6001   928.80005]]]
1813	[[[2059.8    1050.6001  701.76  ]]]
1814	[[[2058.6    1050.6001  929.28  ]]]
1815	[[[2059.8  1049.4   701.68]]]
1816	[[[2059.8  1049.4   701.44]]]
1817	[[[2059.8  1047.    699.68]]]
1818	[[[2059.8     1050.6001   929.72003]]]
1819	[[[2056.2002 1049.4     699.4   ]]]
1820	[[[2059.8 1049.4  701.4]]]
1821	[[[2059.8  1051.8   699.12]]]
1822	[[[2059.8  1051.8   699.68]]]
1823	[[[2056.2002 1051.8     926.48  ]]]
1824	[[[2059.8 1049.4  697.2]]]
1825	[[[2059.8    1048.2001  701.6   ]]]
1826	[[[2059.8  1049.4   697.24]]]
1827	[[[2059.8     1050.6001   930.04004]]]
1828	[[[2058.6     1048.2001   928.72003]]]
1829	[[[2058.6    1048.2001  939.6   ]]]
1830	[[[2056.2002 1051.8     926.96  ]]]
1831	[[[2061.     1050.6001  699.56  ]]]
1832	[[[2058.6     1048.2001   928.80005]]]
1833	[[[2055.      1050.6001   927.80005]]]
1834	[[[2057.4001 1048.2001  699.28  ]]]
1835	[[[2055.  1047.   926.4]]]
1836	[[[2061.   1049.4   699.64]]]
1837	[[[2058.6  1047.    923.52]]]
1838	[[[2063.4001 1049.4     933.76  ]]]
1839	[[[2062.2002 1048.2001  926.48  ]]]
1840	[[[2055.      1047.       926.16003]]]
1841	[[[2058.6  1045.8   702.04]]]
1842	[[[2058.6    1048.2001  699.24  ]]]
1843	[[[2061.   1043.4   699.36]]]
1844	[[[2059.8  1045.8   701.68]]]
1845	[[[2057.4001 1043.4     699.84  ]]]
1846	[[[2058.6    1044.6001  923.28  ]]]
1847	[[[2058.6     1044.6001   923.16003]]]
1848	[[[2058.6    1044.6001  923.52  ]]]
1849	[[[2059.8  1045.8   930.36]]]
1850	[[[2061.     1042.2001  699.56  ]]]
1851	[[[2058.6    1044.6001  702.12  ]]]
1852	[[[2058.6  1045.8   929.12]]]
1853	[[[2057.4001 1043.4     929.24  ]]]
1854	[[[2058.6  1043.4   696.92]
  [ 881.4  1307.4   679.64]]]
1855	[[[2057.4001  1043.4      928.80005]]]
1856	[[[2057.4001 1044.6001  923.2   ]]]
1857	[[[2059.8  1043.4   697.28]]]
1858	[[[2059.8  1043.4   697.28]]]
1859	[[[2059.8  1045.8   699.44]]]
1860	[[[2057.4001  1043.4      929.04004]]]
1861	[[[2058.6  1045.8   699.28]]]
1862	[[[2059.8 1043.4  701.6]]]
1863	[[[2058.6    1044.6001  929.88  ]]]
1864	[[[2058.6     1043.4      923.04004]]]
1865	[[[2059.8  1043.4   701.68]]]
1866	[[[2059.8    1042.2001  701.48  ]]]
1867	[[[2059.8    1042.2001  697.2   ]]]
1868	[[[2059.8  1039.8   699.52]]]
1869	[[[2058.6     1042.2001   923.16003]]]
1870	[[[2062.2002  1044.6001   927.16003]]]
1871	[[[2062.2002 1043.4     699.56  ]]]
1872	[[[2061.   1039.8   699.44]]]
1873	[[[2057.4001  1045.8      926.80005]]]
1874	[[[2059.8  1041.    701.52]]]
1875	[[[2061.  1043.4  699.4]]]
1876	[[[2058.6 1041.   939.6]]]
1877	[[[2059.8    1042.2001  929.6   ]]]
1878	[[[2058.6  1041.    923.08]]]
1879	[[[2057.4001 1039.8     699.48  ]]]
1880	[[[2059.8 1039.8  701.8]]]
1881	[[[2058.6  1039.8   922.76]]]
1882	[[[2062.2002  1042.2001   926.80005]]]
1883	[[[2059.8  1039.8   701.68]]]
1884	[[[2062.2002 1042.2001  927.48  ]]]
1885	[[[2059.8  1041.    929.44]]]
1886	[[[2056.2002 1039.8     699.56  ]]]
1887	[[[2059.8    1038.6001  697.24  ]]]
1888	[[[2058.6    1038.6001  697.16  ]]]
1889	[[[2057.4001 1039.8     929.12  ]]]
1890	[[[2059.8     1039.8      930.04004]]]
1891	[[[2059.8    1038.6001  697.08  ]]]
1892	[[[2058.6  1039.8   929.96]]]
1893	[[[2057.4001 1037.4     922.6   ]]]
1894	[[[2058.6    1038.6001  697.16  ]]]
1895	[[[2053.8  1037.4   926.48]]]
1896	[[[2059.8  1037.4   701.08]]]
1897	[[[2059.8 1037.4  701.2]]]
1898	[[[2057.4001  1038.6001   929.72003]]]
1899	[[[2059.8  1039.8   699.44]]]
1900	[[[2058.6    1038.6001  929.28  ]]]
1901	[[[2057.4001 1037.4     922.68  ]]]
1902	[[[2058.6  1037.4   701.52]]]
1903	[[[2059.8    1036.2001  701.28  ]]]
1904	[[[2058.6    1036.2001  701.48  ]]]
1905	[[[2057.4001 1038.6001  699.12  ]]]
1906	[[[2057.4001  1037.4      929.16003]]]
1907	[[[2056.2002 1038.6001  925.64  ]]]
1908	[[[2057.4001 1036.2001  697.2   ]]]
1909	[[[2056.2002  1036.2001   929.04004]]]
1910	[[[2056.2002  1036.2001   928.80005]]]
1911	[[[2056.2002 1035.      939.36  ]]]
1912	[[[2057.4001 1036.2001  928.88  ]]]
1913	[[[2058.6 1035.   697. ]]]
1914	[[[2058.6     1035.       697.     ]
  [ 787.80005 1159.8      663.04   ]]]
1915	[[[2055.     1038.6001  927.    ]]]
1916	[[[2056.2002 1033.8     928.96  ]]]
1917	[[[2055.  1033.8  699.6]]]
1918	[[[2058.6 1033.8  696.8]]]
1919	[[[2056.2002  1035.       922.83997]]]
1920	[[[2057.4001 1033.8     701.28  ]]]
1921	[[[2056.2002  1033.8      922.72003]]]
1922	[[[2057.4001 1033.8     701.32  ]]]
1923	[[[2056.2002 1030.2001  925.68  ]]]
1924	[[[2057.4001  1035.       929.72003]]]
1925	[[[2057.4001 1032.6001  701.52  ]]]
1926	[[[2056.2002 1032.6001  939.44  ]]]
1927	[[[2057.4001 1033.8     701.76  ]]]
1928	[[[2056.2002 1032.6001  928.48  ]]]
1929	[[[2055.     1036.2001  926.36  ]]]
1930	[[[2056.2002 1032.6001  939.36  ]]]
1931	[[[2057.4001 1033.8     701.6   ]]]
1932	[[[2056.2002 1033.8     929.12  ]]]
1933	[[[2056.2002  1032.6001   922.72003]]]
1934	[[[2056.2002 1033.8     928.96  ]]]
1935	[[[2055.     1032.6001  928.52  ]]]
1936	[[[2057.4001 1032.6001  701.8   ]]]
1937	[[[2056.2002 1032.6001  701.88  ]]]
1938	[[[2057.4001 1032.6001  701.16  ]]]
1939	[[[2056.2002 1033.8     929.2   ]]]
1940	[[[2056.2002 1032.6001  701.56  ]]]
1941	[[[2057.4001 1031.4     701.32  ]]]
1942	[[[2057.4001 1035.      699.28  ]]]
1943	[[[2057.4001 1035.      699.72  ]]]
1944	[[[2058.6    1030.2001  699.16  ]]]
1945	[[[2056.2002 1031.4     701.68  ]]]
1946	[[[2053.8     1035.       925.92004]]]
1947	[[[2051.4001  1031.4      925.92004]]]
1948	[[[2061.      1033.8      933.16003]]]
1949	[[[2057.4001 1029.      699.08  ]]]
1950	[[[2057.4001 1031.4     701.2   ]]]
1951	[[[2056.2002 1031.4     701.88  ]]]
1952	[[[2056.2002 1031.4     701.6   ]]]
1953	[[[2055.   1031.4   922.96]]]
1954	[[[2056.2002 1031.4     701.72  ]]]
1955	[[[2056.2002 1033.8     698.8   ]]]
1956	[[[2058.6  1027.8   699.32]]]
1957	[[[2056.2002 1030.2001  701.72  ]]]
1958	[[[2059.8     1031.4      926.72003]]]
1959	[[[2055.     1030.2001  923.    ]]]
1960	[[[2057.4001 1029.      701.44  ]]]
1961	[[[2058.6    1026.6001  698.84  ]]]
1962	[[[2057.4001 1029.      697.08  ]]]
1963	[[[2056.2002  1030.2001   928.80005]]]
1964	[[[2057.4001 1029.      701.24  ]]]
1965	[[[2057.4001 1030.2001  929.76  ]]]
1966	[[[2055.   1027.8   699.64]]]
1967	[[[2056.2002 1030.2001  929.12  ]]]
1968	[[[2056.2002  1029.       928.56006]]]
1969	[[[2056.2002 1029.      928.48  ]]]
1970	[[[2056.2002 1030.2001  929.76  ]]]
1971	[[[2058.6  1029.    701.32]]]
1972	[[[2058.6  1031.4   699.56]]]
1973	[[[2052.6     1031.4      927.56006]]]
1974	[[[2053.8    1032.6001  926.48  ]]]
1975	[[[2056.2002 1029.      696.76  ]]]
1976	[[[2058.6    1026.6001  699.12  ]]]
1977	[[[2057.4001  1030.2001   929.56006]]]
1978	[[[2055.      1027.8      928.80005]]]
1979	[[[2057.4001 1029.      696.56  ]]]
1980	[[[2057.4001  1030.2001   929.92004]]]
1981	[[[2057.4001 1025.4     698.6   ]]]
1982	[[[2056.2002 1030.2001  928.96  ]]]
1983	[[[2056.2002 1029.      701.8   ]]]
1984	[[[2056.2002 1030.2001  929.64  ]]]
1985	[[[2057.4001 1031.4     699.28  ]]]
1986	[[[2051.4001  1029.       925.92004]]]
1987	[[[2057.4001 1031.4     699.24  ]]]
1988	[[[2056.2002 1030.2001  929.2   ]]]
1989	[[[2056.2002 1029.      701.72  ]]]
1990	[[[2053.8    1032.6001  926.68  ]]]
1991	[[[2053.8    1032.6001  926.24  ]]]
1992	[[[2056.2002 1029.      701.12  ]]]
1993	[[[2052.6  1029.    698.72]]]
1994	[[[2055.  1029.   701.8]]]
1995	[[[2056.2002 1031.4     699.6   ]]]
1996	[[[2052.6    1032.6001  926.    ]]]
1997	[[[2055.     1030.2001  929.2   ]]]
1998	[[[2053.8  1027.8   939.12]]]
1999	[[[2053.8  1029.    922.36]]]
2000	[[[2056.2002 1029.      701.    ]]]
2001	[[[2055. 1029.  697.]]]
2002	[[[2055.     1030.2001  928.64  ]]]
2003	[[[2056.2002 1029.      701.04  ]]]
2004	[[[2056.2002 1029.      700.96  ]]]
2005	[[[2055.   1029.    701.72]]]
2006	[[[2055.   1029.    696.64]]]
2007	[[[2057.4001 1026.6001  698.76  ]]]
2008	[[[2053.8 1027.8  922.4]]]
2009	[[[2055.   1031.4   698.76]]]
2010	[[[2052.6     1032.6001   926.16003]]]
2011	[[[2056.2002 1031.4     699.52  ]]]
2012	[[[2055.     1030.2001  928.96  ]]]
2013	[[[2056.2002 1026.6001  699.04  ]]]
2014	[[[2053.8 1029.   922.8]]]
2015	[[[2053.8    1030.2001  929.    ]]]
2016	[[[2050.2002  1031.4      926.56006]]]
2017	[[[2053.8 1029.   928.2]]]
2018	[[[2052.6    1032.6001  926.24  ]]]
2019	[[[2053.8  1025.4   925.28]]]
2020	[[[2053.8 1029.   922.6]]]
2021	[[[2055.  1029.   696.6]]]
2022	[[[2055.   1029.    696.64]]]
2023	[[[2055.   1029.    701.16]]]
2024	[[[2053.8 1027.8  922.6]]]
2025	[[[2053.8  1027.8   939.12]]]
2026	[[[2053.8  1027.8   928.24]]]
2027	[[[2053.8  1027.8   922.52]]]
2028	[[[2053.8  1027.8   939.12]
  [ 976.2  1243.8   841.44]]]
2029	[[[2052.6  1027.8   699.12]]]
2030	[[[2053.8     1029.       928.56006]]]
2031	[[[2053.8  1027.8   922.28]]]
2032	[[[2053.8  1029.    928.88]]]
2033	[[[2050.2002  1030.2001   926.56006]]]
2034	[[[2059.8     1030.2001   932.83997]]]
2035	[[[2053.8 1027.8  922.6]]]
2036	[[[2056.2002 1025.4     699.    ]]]
2037	[[[2056.2002 1025.4     699.04  ]]]
2038	[[[2050.2002 1027.8     925.36  ]]]
2039	[[[2053.8     1027.8      922.72003]]]
2040	[[[2056.2002 1027.8     696.56  ]]]
2041	[[[2053.8     1029.       928.72003]]]
2042	[[[2053.8 1029.   928. ]]]
2043	[[[2055.  1027.8  701. ]]]
2044	[[[2053.8  1029.    928.96]]]
2045	[[[2056.2002 1031.4     698.88  ]]]
2046	[[[2056.2002 1027.8     696.4   ]]]
2047	[[[2055.   1029.    701.04]]]
2048	[[[2053.8  1027.8   922.52]]]
2049	[[[2053.8  1027.8   928.12]
  [ 881.4  1153.8   786.88]]]
2050	[[[2053.8  1029.    927.88]]]
2051	[[[2053.8  1029.    928.32]]]
2052	[[[2053.8 1029.   928.2]]]
2053	[[[2055.  1027.8  701. ]]]
2054	[[[2055.   1029.    701.16]]]
2055	[[[2055.   1031.4   698.12]]]
2056	[[[2053.8  1029.    927.64]]]
2057	[[[2056.2002 1027.8     696.36  ]]]
2058	[[[2053.8 1029.   928. ]]]
2059	[[[2053.8  1027.8   921.96]]]
2060	[[[2056.2002 1027.8     696.36  ]]]
2061	[[[2055.   1029.    928.96]]]
2062	[[[2053.8  1027.8   922.36]]]
2063	[[[2056.2002 1027.8     696.28  ]]]
2064	[[[2050.2002  1027.8      924.80005]]]
2065	[[[2053.8  1029.    927.88]]]
2066	[[[2053.8 1031.4  925.6]]]
2067	[[[2056.2002 1027.8     696.04  ]]]
2068	[[[2056.2002 1027.8     696.52  ]]]
2069	[[[2056.2002 1027.8     696.48  ]]]
2070	[[[2053.8  1027.8   928.12]]]
2071	[[[2058.6    1030.2001  925.44  ]]]
2072	[[[2058.6    1030.2001  925.6   ]]]
2073	[[[2055.   1029.    700.76]]]
2074	[[[2056.2002 1029.      696.36  ]]]
2075	[[[2056.2002 1026.6001  698.52  ]]]
2076	[[[2053.8    1030.2001  928.32  ]]]
2077	[[[2062.2002 1033.8     930.12  ]]]
2078	[[[2056.2002  1030.2001   928.56006]]]
2079	[[[2056.2002 1029.      700.8   ]]]
2080	[[[2053.8     1030.2001   927.92004]]]
2081	[[[2056.2002 1029.      696.36  ]]]
2082	[[[2057.4001 1031.4     698.72  ]]]
2083	[[[2053.8  1029.    698.52]]]
2084	[[[2055.      1029.       927.56006]]]
2085	[[[2057.4001 1029.      700.32  ]]]
2086	[[[2056.2002 1030.2001  700.84  ]]]
2087	[[[2056.2002 1029.      700.72  ]]]
2088	[[[2055.   1029.    938.36]]]
2089	[[[2053.8  1027.8   698.92]]]
2090	[[[2055.     1030.2001  927.48  ]]]
2091	[[[2056.2002 1029.      700.56  ]]]
2092	[[[2056.2002 1029.      700.6   ]]]
2093	[[[2056.2002 1030.2001  700.72  ]]]
2094	[[[2056.2002 1030.2001  701.04  ]]]
2095	[[[2053.8     1033.8      925.16003]]]
2096	[[[2056.2002 1030.2001  700.8   ]]]
2097	[[[2056.2002 1032.6001  698.6   ]]]
2098	[[[2062.2002  1035.       929.56006]]]
2099	[[[2056.2002 1032.6001  698.6   ]]]
2100	[[[2056.2002 1031.4     928.48  ]]]
2101	[[[2055.     1030.2001  921.48  ]]]
2102	[[[2056.2002 1030.2001  700.8   ]]]
2103	[[[2053.8  1033.8   925.32]]]
2104	[[[2053.8  1029.    698.92]]]
2105	[[[2056.2002 1030.2001  700.76  ]]]
2106	[[[2057.4001 1031.4     700.32  ]]]
2107	[[[2056.2002 1030.2001  700.72  ]]]
2108	[[[2056.2002 1031.4     700.72  ]]]
2109	[[[2056.2002 1030.2001  700.84  ]]]
2110	[[[2056.2002 1027.8     924.68  ]]]
2111	[[[2056.2002 1027.8     924.28  ]]]
2112	[[[2058.6  1031.4   700.52]]]
2113	[[[2057.4001 1031.4     700.84  ]]]
2114	[[[2057.4001 1030.2001  700.48  ]]]
2115	[[[2056.2002 1030.2001  921.28  ]]]
2116	[[[2056.2002 1030.2001  921.4   ]]]
2117	[[[2057.4001 1032.6001  928.24  ]]]
2118	[[[2058.6 1033.8  698. ]]]
2119	[[[2058.6     1032.6001   928.80005]]]
2120	[[[2056.2002  1031.4      921.72003]]]
2121	[[[2056.2002 1031.4     921.8   ]]]
2122	[[[2057.4001 1031.4     696.16  ]]]
2123	[[[2056.2002 1035.      925.6   ]]]
2124	[[[2057.4001  1031.4      922.04004]]]
2125	[[[2058.6  1031.4   700.64]]]
2126	[[[2058.6  1031.4   700.68]]]
2127	[[[2058.6    1030.2001  696.16  ]]]
2128	[[[2058.6    1032.6001  928.64  ]]]
2129	[[[2058.6    1032.6001  927.64  ]]]
2130	[[[2057.4001 1031.4     921.32  ]]]
2131	[[[2058.6 1031.4  700.6]]]
2132	[[[2058.6     1027.8      924.16003]]]
2133	[[[2056.2002 1035.      925.68  ]]]
2134	[[[2059.8  1031.4   700.28]]]
2135	[[[2058.6  1031.4   696.08]]]
2136	[[[2059.8  1031.4   696.24]]]
2137	[[[2062.2002 1033.8     925.36  ]]]
2138	[[[2059.8  1033.8   698.36]]]
2139	[[[2057.4001 1031.4     927.32  ]]]
2140	[[[2058.6  1031.4   696.24]]]
2141	[[[2059.8  1033.8   698.08]]]
2142	[[[2059.8     1032.6001   928.56006]]]
2143	[[[2057.4001  1032.6001   927.56006]]]
2144	[[[2055.     1032.6001  924.6   ]]]
2145	[[[2057.4001 1035.      924.6   ]]]
2146	[[[2058.6     1029.       924.92004]]]
2147	[[[2058.6  1031.4   921.52]]]
2148	[[[2055.   1035.    926.32]]]
2149	[[[2058.6    1032.6001  927.48  ]]]
2150	[[[2059.8     1033.8      928.16003]]]
2151	[[[2058.6     1032.6001   922.04004]]]
2152	[[[2058.6     1033.8      927.16003]]]
2153	[[[2058.6 1033.8  927. ]]]
2154	[[[2058.6    1032.6001  921.6   ]]]
2155	[[[2059.8    1032.6001  695.8   ]]]
2156	[[[2061.   1033.8   700.36]]]
2157	[[[2061.     1032.6001  696.    ]]]
2158	[[[2061.   1033.8   700.24]]]
2159	[[[2058.6 1033.8  921.6]]]
2160	[[[2058.6     1033.8      927.16003]]]
2161	[[[2058.6  1033.8   927.88]]]
2162	[[[2059.8  1033.8   921.64]]]
2163	[[[2059.8  1033.8   927.64]]]
2164	[[[2059.8    1036.2001  698.12  ]]]
2165	[[[2059.8  1035.    927.32]]]
2166	[[[2061.  1033.8  700.6]]]
2167	[[[2061.  1033.8  700.6]]]
2168	[[[2058.6  1037.4   925.36]]]
2169	[[[2061.   1033.8   700.52]]]
2170	[[[2058.6 1037.4  925. ]]]
2171	[[[2062.2002 1031.4     698.44  ]]]
2172	[[[2063.4001 1037.4     926.32  ]]]
2173	[[[2058.6    1032.6001  698.52  ]]]
2174	[[[2059.8     1033.8      921.72003]]]
2175	[[[2061.   1031.4   698.52]]]
2176	[[[2061.     1036.2001  928.48  ]]]
2177	[[[2062.2002 1033.8     700.24  ]]]
2178	[[[2061.   1035.    695.84]]]
2179	[[[2059.8     1033.8      927.80005]]]
2180	[[[2058.6  1033.8   697.96]]]
2181	[[[2059.8     1035.       927.80005]]]
2182	[[[2062.2002 1037.4     698.24  ]]]
2183	[[[2057.4001 1036.2001  924.44  ]]]
2184	[[[2059.8     1035.       927.72003]]]
2185	[[[2061.   1035.    921.64]]]
2186	[[[2062.2002 1036.2001  700.64  ]]]
2187	[[[2061.   1035.    921.64]]]
2188	[[[2061.     1036.2001  921.44  ]]]
2189	[[[2059.8     1039.8      924.83997]]]
2190	[[[2059.8  1039.8   925.52]]]
2191	[[[2067.      1042.2001   929.56006]]]
2192	[[[2063.4001 1038.6001  698.24  ]]]
2193	[[[2061.      1037.4      927.72003]]]
2194	[[[2062.2002 1036.2001  696.32  ]]]
2195	[[[2059.8    1036.2001  697.88  ]]]
2196	[[[2064.6  1035.    698.28]]]
2197	[[[2063.4001 1036.2001  695.92  ]]]
2198	[[[2062.2002 1038.6001  927.64  ]]]
2199	[[[2063.4001 1037.4     700.12  ]]]
2200	[[[2063.4001 1036.2001  695.96  ]]]
2201	[[[2063.4001 1038.6001  928.88  ]]]
2202	[[[2063.4001 1036.2001  696.24  ]]]
2203	[[[2062.2002  1038.6001   928.16003]]]
2204	[[[2062.2002 1038.6001  927.48  ]]]
2205	[[[2063.4001 1038.6001  928.24  ]]]
2206	[[[2063.4001 1039.8     698.16  ]]]
2207	[[[2062.2002  1038.6001   927.72003]
  [ 951.00006 1255.8      807.6    ]]]
2208	[[[2062.2002  1037.4      921.83997]]]
2209	[[[2062.2002  1038.6001   927.80005]]]
2210	[[[2062.2002  1037.4      938.04004]]]
2211	[[[2062.2002 1037.4     921.64  ]]]
2212	[[[2062.2002 1037.4     937.96  ]]]
2213	[[[2063.4001 1039.8     928.32  ]]]
2214	[[[2063.4001 1041.      698.36  ]]]
2215	[[[2062.2002 1039.8     928.2   ]]]
2216	[[[2062.2002 1039.8     927.4   ]]]
2217	[[[2063.4001 1039.8     927.84  ]]]
2218	[[[2061.     1042.2001  925.2   ]]]
2219	[[[2063.4001 1038.6001  700.76  ]]]
2220	[[[2062.2002  1038.6001   937.92004]]]
2221	[[[2058.6    1038.6001  924.36  ]]]
2222	[[[2062.2002 1039.8     926.68  ]]]
2223	[[[2064.6    1038.6001  695.88  ]]]
2224	[[[2062.2002 1038.6001  921.64  ]]]
2225	[[[2063.4001 1039.8     700.76  ]]]
2226	[[[2064.6  1039.8   700.36]]]
2227	[[[2065.8  1037.4   697.96]]]
2228	[[[2062.2002  1043.4      924.83997]]]
2229	[[[2064.6  1041.    927.88]]]
2230	[[[2063.4001 1039.8     921.2   ]]]
2231	[[[2064.6 1041.   928. ]]]
2232	[[[2065.8    1042.2001  698.32  ]]]
2233	[[[2063.4001 1041.      927.32  ]]]
2234	[[[2065.8  1037.4   697.52]]]
2235	[[[2062.2002 1041.      697.68  ]]]
2236	[[[2064.6 1041.   696.2]]]
2237	[[[2067.     1044.6001  926.    ]]]
2238	[[[2064.6  1041.    700.56]]]
2239	[[[2065.8    1038.6001  697.44  ]]]
2240	[[[2064.6  1041.    700.28]]]
2241	[[[2067.   1039.8   698.52]]]
2242	[[[2063.4001  1042.2001   937.80005]]]
2243	[[[2065.8    1042.2001  700.12  ]]]
2244	[[[2065.8 1043.4  699.8]]]
2245	[[[2063.4001  1042.2001   937.56006]]]
2246	[[[2065.8  1039.8   697.84]]]
2247	[[[2064.6    1044.6001  927.64  ]]]
2248	[[[2065.8  1045.8   698.04]]]
2249	[[[2064.6    1044.6001  927.24  ]]]
2250	[[[2063.4001  1044.6001   927.56006]]]
2251	[[[2062.2002 1048.2001  924.76  ]]]
2252	[[[2065.8  1047.    698.48]]]
2253	[[[2063.4001 1043.4     927.32  ]]]
2254	[[[2064.6    1044.6001  700.52  ]]]
2255	[[[2065.8    1042.2001  698.    ]]]
2256	[[[2065.8    1044.6001  699.92  ]]]
2257	[[[2064.6     1049.4      925.56006]]]
2258	[[[2064.6  1045.8   927.24]]]
2259	[[[2068.2002  1047.       924.92004]]]
2260	[[[2064.6  1047.    927.32]]]
2261	[[[2065.8    1048.2001  698.2   ]]]
2262	[[[2064.6  1045.8   921.28]]]
2263	[[[2063.4001  1045.8      921.56006]]]
2264	[[[2065.8    1044.6001  695.92  ]]]
2265	[[[2065.8    1048.2001  698.12  ]]]
2266	[[[2067.  1043.4  698. ]]]
2267	[[[2065.8  1045.8   700.44]]]
2268	[[[2065.8  1045.8   700.04]]]
2269	[[[2062.2002 1045.8     697.64  ]]]
2270	[[[2063.4001 1049.4     925.    ]]]
2271	[[[2068.2002 1048.2001  925.08  ]]]
2272	[[[2065.8     1048.2001   927.80005]]]
2273	[[[2065.8 1047.   700.2]]]
2274	[[[2063.4001 1047.      926.96  ]]]
2275	[[[2064.6    1048.2001  697.8   ]]]
2276	[[[2065.8 1047.   700.6]]]
2277	[[[2063.4001 1050.6001  924.76  ]]]
2278	[[[2064.6     1047.       921.56006]]]
2279	[[[2065.8  1045.8   695.84]]]
2280	[[[2062.2002 1049.4     924.    ]]]
2281	[[[2065.8  1047.    699.84]]]
2282	[[[2064.6     1048.2001   926.92004]]]
2283	[[[2065.8  1049.4   698.12]]]
2284	[[[2063.4001  1050.6001   924.83997]]]
2285	[[[2064.6    1048.2001  927.88  ]]]
2286	[[[2064.6  1047.    696.04]]]
2287	[[[2065.8  1047.    700.48]]]
2288	[[[2064.6    1048.2001  921.2   ]]]
2289	[[[2065.8    1044.6001  697.92  ]]]
2290	[[[2061.   1047.    924.52]]]
2291	[[[2065.8  1047.    700.44]]]
2292	[[[2064.6     1048.2001   927.16003]]]
2293	[[[2065.8     1048.2001   927.80005]]]
2294	[[[2065.8    1048.2001  700.36  ]]]
2295	[[[2063.4001  1050.6001   924.83997]]]
2296	[[[2065.8    1048.2001  700.28  ]]]
2297	[[[2065.8  1047.    695.96]]]
2298	[[[2065.8  1049.4   928.44]]]
2299	[[[2065.8 1047.   700.4]]]
2300	[[[2065.8  1047.    700.24]]]
2301	[[[2065.8  1047.    700.24]]]
2302	[[[2064.6     1047.       937.72003]]]
2303	[[[2065.8  1047.    700.28]]]
2304	[[[2064.6     1048.2001   927.56006]]]
2305	[[[2064.6     1048.2001   926.80005]]]
2306	[[[2064.6    1048.2001  921.52  ]]]
2307	[[[2062.2002 1050.6001  924.52  ]]]
2308	[[[2064.6  1047.    700.48]]]
2309	[[[2063.4001 1047.      921.76  ]]]
2310	[[[2063.4001  1048.2001   928.04004]]]
2311	[[[2065.8  1047.    695.84]]]
2312	[[[2063.4001 1047.      921.64  ]]]
2313	[[[2064.6  1047.    700.48]]]
2314	[[[2065.8  1049.4   698.28]]]
2315	[[[2064.6    1048.2001  928.12  ]]]
2316	[[[2064.6 1047.   700.4]]]
2317	[[[2063.4001 1045.8     921.28  ]]]
2318	[[[2064.6  1045.8   700.32]]]
2319	[[[2064.6  1045.8   700.32]]]
2320	[[[2065.8 1043.4  697.4]]]
2321	[[[2065.8  1043.4   697.88]]]
2322	[[[2064.6  1045.8   700.08]]]
2323	[[[2062.2002 1045.8     921.2   ]]]
2324	[[[2064.6    1048.2001  698.08  ]]]
2325	[[[2064.6     1047.       927.56006]]]
2326	[[[2064.6    1044.6001  701.08  ]]]
2327	[[[2063.4001 1045.8     700.52  ]]]
2328	[[[2063.4001 1047.      927.48  ]]]
2329	[[[2068.2002 1048.2001  931.76  ]]]
2330	[[[2064.6 1045.8  695.8]]]
2331	[[[2065.8    1048.2001  698.    ]]]
2332	[[[2068.2002 1049.4     931.44  ]]]
2333	[[[2062.2002 1045.8     920.96  ]]]
2334	[[[2063.4001 1047.      927.48  ]]]
2335	[[[2062.2002 1045.8     920.88  ]]]
2336	[[[2064.6 1045.8  695.6]]]
2337	[[[2062.2002 1047.      921.44  ]]]
2338	[[[2064.6  1045.8   695.72]]]
2339	[[[2064.6  1045.8   695.76]]]
2340	[[[2063.4001  1048.2001   927.83997]]]
2341	[[[2062.2002  1047.       926.80005]]]
2342	[[[2065.8    1044.6001  697.92  ]]]
2343	[[[2063.4001 1047.      700.56  ]]]
2344	[[[2063.4001 1045.8     695.24  ]]]
2345	[[[2064.6  1049.4   698.16]]]
2346	[[[2062.2002 1047.      921.44  ]]]
2347	[[[2058.6  1045.8   924.76]]]
2348	[[[2064.6 1047.   695.6]]]
2349	[[[2062.2002  1047.       920.80005]]]
2350	[[[2064.6  1049.4   698.24]]]
2351	[[[2063.4001 1045.8     695.24  ]]]
2352	[[[2064.6  1045.8   695.56]]]
2353	[[[2062.2002 1045.8     921.2   ]]]
2354	[[[2064.6  1045.8   695.44]]]
2355	[[[2064.6  1045.8   695.36]]]
2356	[[[2063.4001  1048.2001   927.80005]]]
2357	[[[2062.2002 1045.8     937.4   ]]]
2358	[[[2063.4001  1048.2001   927.80005]]]
2359	[[[2062.2002 1045.8     937.36  ]]]
2360	[[[2062.2002  1047.       926.80005]]]
2361	[[[2063.4001 1047.      695.48  ]]]
2362	[[[2063.4001 1045.8     700.32  ]]]
2363	[[[2063.4001 1045.8     699.96  ]]]
2364	[[[2063.4001 1049.4     697.32  ]]]
2365	[[[2062.2002 1047.      921.2   ]]]
2366	[[[2064.6  1045.8   699.76]]]
2367	[[[2062.2002 1047.      927.12  ]]]
2368	[[[2062.2002 1045.8     920.88  ]]]
2369	[[[2063.4001 1045.8     695.52  ]]]
2370	[[[2064.6 1045.8  699.6]]]
2371	[[[2063.4001 1045.8     699.92  ]]]
2372	[[[2061.     1048.2001  924.36  ]]]
2373	[[[2062.2002 1045.8     927.24  ]]]
2374	[[[2063.4001 1044.6001  695.76  ]]]
2375	[[[2062.2002  1044.6001   926.80005]]]
2376	[[[2061.  1043.4  698.4]]]
2377	[[[2061.      1045.8      927.16003]]]
2378	[[[2062.2002 1045.8     927.48  ]]]
2379	[[[2061.   1045.8   927.48]]]
2380	[[[2062.2002 1044.6001  921.12  ]]]
2381	[[[2063.4001  1045.8      927.72003]]]
2382	[[[2062.2002 1045.8     927.36  ]]]
2383	[[[2062.2002 1045.8     927.4   ]]]
2384	[[[2064.6  1045.8   923.76]]]
2385	[[[2063.4001  1045.8      928.04004]]]
2386	[[[2063.4001 1044.6001  699.84  ]]]
2387	[[[2063.4001 1044.6001  699.8   ]]]
2388	[[[2062.2002 1045.8     928.36  ]]]
2389	[[[2062.2002 1044.6001  700.48  ]]]
2390	[[[2059.8  1043.4   697.76]]]
2391	[[[2062.2002 1043.4     700.56  ]]]
2392	[[[2061.  1043.4  921. ]]]
2393	[[[2063.4001 1045.8     697.92  ]]]
2394	[[[2063.4001 1043.4     695.64  ]]]
2395	[[[2059.8  1047.    924.76]]]
2396	[[[2062.2002 1042.2001  700.52  ]]]
2397	[[[2063.4001 1045.8     698.44  ]]]
2398	[[[2063.4001 1042.2001  695.8   ]]]
2399	[[[2062.2002 1042.2001  695.6   ]]]
2400	[[[2061.   1043.4   921.28]]]
2401	[[[2062.2002 1042.2001  695.92  ]]]
2402	[[[2057.4001 1043.4     924.28  ]]]
2403	[[[2059.8     1043.4      927.80005]]]
2404	[[[2061.     1042.2001  695.68  ]]]
2405	[[[2062.2002 1043.4     928.24  ]]]
2406	[[[2062.2002 1042.2001  695.84  ]]]
2407	[[[2061.   1043.4   928.12]]]
2408	[[[2059.8     1045.8      924.83997]]]
2409	[[[2059.8     1042.2001   927.80005]]]
2410	[[[2062.2002 1043.4     697.96  ]]]
2411	[[[2062.2002 1041.      695.96  ]]]
2412	[[[2059.8  1041.    921.64]]]
2413	[[[2061.  1041.   695.6]]]
2414	[[[2061.     1042.2001  927.48  ]]]
2415	[[[2057.4001 1042.2001  924.4   ]]]
2416	[[[2058.6 1043.4  924.4]]]
2417	[[[2061.   1039.8   696.12]]]
2418	[[[2059.8 1039.8  921.2]]]
2419	[[[2059.8    1038.6001  921.52  ]]]
2420	[[[2058.6    1038.6001  698.2   ]]]
2421	[[[2056.2002 1039.8     924.4   ]]]
2422	[[[2061.     1036.2001  698.32  ]]]
2423	[[[2056.2002  1041.       925.72003]]]
2424	[[[2061.      1036.2001   924.83997]]]
2425	[[[2057.4001 1047.      930.12  ]]]
2426	[[[2059.8    1038.6001  921.44  ]]]
2427	[[[2061.   1039.8   928.12]]]
2428	[[[2059.8  1037.4   921.88]]]
2429	[[[2061.      1039.8      928.16003]]]
2430	[[[2062.2002 1037.4     700.2   ]]]
2431	[[[2059.8    1042.2001  925.24  ]]]
2432	[[[2063.4001 1038.6001  698.84  ]]]
2433	[[[2062.2002 1033.8     698.04  ]]]
2434	[[[2061.   1037.4   701.04]]]
2435	[[[2063.4001 1035.      698.44  ]]]
2436	[[[2061.     1036.2001  700.76  ]]]
2437	[[[2059.8 1037.4  927.4]]]
2438	[[[2059.8    1036.2001  922.    ]]]
2439	[[[2062.2002 1036.2001  696.12  ]]]
2440	[[[2061.      1037.4      928.04004]]]
2441	[[[2059.8     1036.2001   922.04004]]]
2442	[[[2062.2002 1036.2001  696.12  ]]]
2443	[[[2059.8    1036.2001  921.76  ]]]
2444	[[[2059.8     1036.2001   927.72003]]]
2445	[[[2061.   1035.    700.88]]]
2446	[[[2063.4001 1033.8     698.68  ]]]
2447	[[[2059.8    1036.2001  927.96  ]]]
2448	[[[2064.6     1038.6001   932.92004]]]
2449	[[[2059.8    1036.2001  928.52  ]]]
2450	[[[2061.   1033.8   696.84]]]
2451	[[[2059.8  1033.8   921.28]]]
2452	[[[2061.  1033.8  700.8]]]
2453	[[[2058.6  1033.8   698.88]]]
2454	[[[2061.  1033.8  700.8]]]
2455	[[[2059.8 1033.8  922. ]]]
2456	[[[2061.   1033.8   700.72]]]
2457	[[[2059.8  1033.8   927.96]]]
2458	[[[2061.   1033.8   701.16]]]
2459	[[[2059.8  1033.8   922.32]]]
2460	[[[2061.   1033.8   701.04]]]
2461	[[[2061.   1033.8   700.84]]]
2462	[[[2059.8    1032.6001  696.4   ]]]
2463	[[[2061.     1036.2001  699.04  ]]]
2464	[[[2061.   1033.8   701.28]]]
2465	[[[2059.8    1032.6001  921.76  ]]]
2466	[[[2061.   1033.8   701.16]]]
2467	[[[2061.   1033.8   701.12]]]
2468	[[[2062.2002 1035.      924.76  ]]]
2469	[[[2059.8    1032.6001  922.44  ]]]
2470	[[[2059.8     1032.6001   928.04004]]]
2471	[[[2062.2002 1030.2001  698.48  ]]]
2472	[[[2061.   1033.8   701.28]]]
2473	[[[2061.     1032.6001  696.84  ]]]
2474	[[[2058.6    1032.6001  699.16  ]]]
2475	[[[2059.8  1033.8   928.12]]]
2476	[[[2061.     1032.6001  701.2   ]]]
2477	[[[2061.   1033.8   929.44]]]
2478	[[[2059.8  1033.8   929.12]]]
2479	[[[2062.2002  1033.8      924.83997]]]
2480	[[[2059.8     1032.6001   928.56006]]]
2481	[[[2058.6    1032.6001  928.12  ]]]
2482	[[[2058.6    1030.2001  699.24  ]]]
2483	[[[2061.  1031.4  701. ]]]
2484	[[[2058.6  1031.4   922.76]]]
2485	[[[2059.8 1031.4  697. ]]]
2486	[[[2059.8     1032.6001   928.80005]]]
2487	[[[2059.8  1033.8   698.36]]]
2488	[[[2058.6    1030.2001  922.76  ]]]
2489	[[[2059.8  1031.4   701.52]]]
2490	[[[2058.6     1031.4      922.92004]]]
2491	[[[2061.   1027.8   698.52]]]
2492	[[[2059.8    1030.2001  701.64  ]]]
2493	[[[2059.8    1032.6001  929.68  ]]]
2494	[[[2058.6     1031.4      928.72003]]]
2495	[[[2061.     1030.2001  696.88  ]]]
2496	[[[2059.8    1026.6001  925.64  ]]]
2497	[[[2061.     1030.2001  701.36  ]]]
2498	[[[2061.     1032.6001  699.56  ]]]
2499	[[[2058.6  1031.4   928.96]]]
2500	[[[2058.6    1030.2001  928.96  ]]]
2501	[[[2061.     1032.6001  699.44  ]]]
2502	[[[2059.8    1026.6001  925.64  ]]]
2503	[[[2061.     1030.2001  697.04  ]]]
2504	[[[2061.     1030.2001  701.52  ]]]
2505	[[[2059.8    1032.6001  699.16  ]]]
2506	[[[2061.   1029.    701.36]]]
2507	[[[2062.2002 1026.6001  698.56  ]]]
2508	[[[2059.8    1030.2001  923.08  ]]]
2509	[[[2059.8    1030.2001  923.08  ]]]
2510	[[[2059.8 1029.   939.6]]]
2511	[[[2059.8    1030.2001  928.48  ]]]
2512	[[[2059.8 1029.   923.4]]]
2513	[[[2061.   1029.    697.36]]]
2514	[[[2056.2002 1029.      925.52  ]]]
2515	[[[2062.2002 1031.4     699.48  ]]]
2516	[[[2061.   1029.    701.84]]]
2517	[[[2062.2002 1031.4     699.2   ]]]
2518	[[[2061.      1030.2001   929.80005]]]
2519	[[[2061.     1030.2001  929.2   ]]]
2520	[[[2062.2002  1030.2001   929.80005]]]
2521	[[[2059.8     1029.       929.04004]]]
2522	[[[2059.8  1029.    923.36]]]
2523	[[[2057.4001 1030.2001  926.    ]]]
2524	[[[2059.8    1030.2001  929.    ]]]
2525	[[[2068.2002 1033.8     931.64  ]]]
2526	[[[2059.8  1027.8   699.92]]]
2527	[[[2058.6 1029.   699. ]]]
2528	[[[2061.   1029.    702.12]]]
2529	[[[2058.6    1032.6001  926.48  ]]]
2530	[[[2061.   1029.    701.92]]]
2531	[[[2061.  1029.   701.8]]]
2532	[[[2062.2002 1030.2001  701.48  ]]]
2533	[[[2062.2002 1030.2001  701.6   ]]]
2534	[[[2062.2002 1029.      701.64  ]]]
2535	[[[2057.4001  1030.2001   925.92004]]]
2536	[[[2062.2002 1029.      701.72  ]]]
2537	[[[2062.2002 1030.2001  702.    ]]]
2538	[[[2061.     1030.2001  923.28  ]]]
2539	[[[2062.2002 1026.6001  699.6   ]]]
2540	[[[2061.      1030.2001   928.92004]]]
2541	[[[2059.8  1027.8   699.64]]]
2542	[[[2061. 1029.  923.]]]
2543	[[[2061.   1029.    922.76]]]
2544	[[[2061.      1031.4      929.04004]]]
2545	[[[2063.4001 1031.4     925.32  ]]]
2546	[[[2062.2002 1031.4     929.6   ]]]
2547	[[[2062.2002 1030.2001  701.24  ]]]
2548	[[[2062.2002 1030.2001  697.2   ]]]
2549	[[[2059.8 1031.4  928.6]]]
2550	[[[2059.8     1030.2001   922.92004]]]
2551	[[[2063.4001  1033.8      927.04004]]]
2552	[[[2058.6    1030.2001  699.24  ]]]
2553	[[[2061.   1031.4   701.32]]]
2554	[[[2061.   1031.4   701.24]]]
2555	[[[2058.6 1031.4  923.2]]]
2556	[[[2057.4001  1033.8      925.92004]]]
2557	[[[2058.6    1030.2001  699.36  ]]]
2558	[[[2058.6     1031.4      922.83997]]]
2559	[[[2059.8     1032.6001   928.80005]]]
2560	[[[2061.     1032.6001  701.32  ]]]
2561	[[[2061.     1032.6001  701.6   ]]]
2562	[[[2059.8    1032.6001  922.52  ]]]
2563	[[[2059.8     1033.8      928.80005]]]
2564	[[[2058.6     1033.8      928.72003]]]
2565	[[[2061.     1032.6001  701.32  ]]]
2566	[[[2059.8  1033.8   928.36]]]
2567	[[[2061.   1035.    929.44]]]
2568	[[[2061.   1035.    929.36]]]
2569	[[[2061.   1033.8   696.84]]]
2570	[[[2063.4001 1036.2001  926.6   ]]]
2571	[[[2059.8 1033.8  697. ]]]
2572	[[[2058.6  1033.8   922.44]]]
2573	[[[2058.6     1033.8      928.56006]]]
2574	[[[2061.   1033.8   696.88]]]
2575	[[[2056.2002  1036.2001   925.92004]]]
2576	[[[2059.8    1036.2001  929.32  ]]]
2577	[[[2059.8  1035.    922.28]]]
2578	[[[2063.4001 1041.      934.48  ]]]
2579	[[[2061.   1035.    701.76]]]
2580	[[[2061.   1035.    701.28]]]
2581	[[[2061.   1035.    701.08]]]
2582	[[[2058.6    1038.6001  926.12  ]]]
2583	[[[2056.2002 1036.2001  925.76  ]]]
2584	[[[2061.      1037.4      929.72003]]]
2585	[[[2061.     1036.2001  696.68  ]]]
2586	[[[2061.     1036.2001  696.92  ]]]
2587	[[[2059.8     1036.2001   922.72003]]]
2588	[[[2061.   1037.4   929.08]]]
2589	[[[2062.2002 1037.4     929.84  ]]]
2590	[[[2061.     1036.2001  696.96  ]]]
2591	[[[2061.     1036.2001  696.68  ]]]
2592	[[[2062.2002 1033.8     699.32  ]]]
2593	[[[2059.8    1036.2001  922.8   ]]]
2594	[[[2059.8    1036.2001  928.6   ]]]
2595	[[[2062.2002 1037.4     700.96  ]]]
2596	[[[2062.2002 1039.8     699.16  ]]]
2597	[[[2059.8  1037.4   928.32]]]
2598	[[[2061.   1035.    925.36]]]
2599	[[[2062.2002 1037.4     700.88  ]]]
2600	[[[2061.   1037.4   696.52]]]
2601	[[[2056.2002 1038.6001  925.68  ]]]
2602	[[[2061.  1039.8  929. ]]]
2603	[[[2061.  1039.8  929.2]]]
2604	[[[2059.8 1039.8  929.2]]]
2605	[[[2061.     1038.6001  701.    ]]]
2606	[[[2059.8    1038.6001  928.24  ]]]
2607	[[[2059.8  1039.8   922.48]]]
2608	[[[2062.2002 1038.6001  696.68  ]]]
2609	[[[2061.     1038.6001  701.36  ]]]
2610	[[[2059.8    1036.2001  925.48  ]]]
2611	[[[2059.8     1043.4      925.72003]]]
2612	[[[2059.8  1039.8   922.48]]]
2613	[[[2059.8  1039.8   922.88]]]
2614	[[[2062.2002 1039.8     700.84  ]]]
2615	[[[2059.8 1041.   922.6]]]
2616	[[[2059.8     1041.       922.83997]]]
2617	[[[2059.8  1041.    922.52]]]
2618	[[[2059.8     1041.       922.72003]]]
2619	[[[2059.8  1041.    938.96]]]
2620	[[[2064.6     1044.6001   933.04004]]]
2621	[[[2059.8 1041.   922.8]]]
2622	[[[2059.8     1042.2001   922.72003]]]
2623	[[[2061.     1042.2001  701.12  ]]]
2624	[[[2061.     1042.2001  701.16  ]]]
2625	[[[2059.8    1042.2001  701.36  ]]]
2626	[[[2059.8    1042.2001  701.32  ]]]
2627	[[[2059.8    1042.2001  701.36  ]]]
2628	[[[2059.8    1042.2001  701.2   ]]]
2629	[[[2059.8  1043.4   928.32]]]
2630	[[[2061.     1042.2001  700.92  ]]]
2631	[[[2061.   1043.4   700.84]]]
2632	[[[2059.8  1043.4   696.92]]]
2633	[[[2061.  1043.4  696.8]]]
2634	[[[2059.8  1045.8   698.32]]]
2635	[[[2067.     1048.2001  930.96  ]]]
2636	[[[2058.6    1044.6001  927.96  ]]]
2637	[[[2059.8    1044.6001  701.36  ]]]
2638	[[[2059.8    1044.6001  922.52  ]]]
2639	[[[2058.6  1043.4   928.96]]]
2640	[[[2061.      1042.2001   925.92004]]]
2641	[[[2059.8  1045.8   929.44]]]
2642	[[[2059.8  1045.8   929.48]]]
2643	[[[2059.8    1044.6001  922.52  ]]]
2644	[[[2059.8     1044.6001   922.72003]]]
2645	[[[2059.8    1044.6001  922.6   ]]]
2646	[[[2059.8    1044.6001  922.6   ]]]
2647	[[[2059.8  1045.8   928.24]]]
2648	[[[2063.4001  1047.       925.92004]]]
2649	[[[2061.   1045.8   700.68]]]
2650	[[[2059.8  1045.8   697.04]]]
2651	[[[2058.6 1045.8  922.6]]]
2652	[[[2061.   1045.8   696.72]]]
2653	[[[2061.   1045.8   700.96]]]
2654	[[[2059.8 1045.8  696.4]]]
2655	[[[2059.8  1045.8   701.16]]]
2656	[[[2058.6 1045.8  922.2]]]
2657	[[[2058.6     1045.8      922.83997]]]
2658	[[[2058.6     1047.       928.80005]]]
2659	[[[2059.8    1048.2001  929.12  ]]]
2660	[[[2058.6  1045.8   922.28]]]
2661	[[[2058.6     1045.8      938.80005]]]
2662	[[[2057.4001 1044.6001  699.44  ]]]
2663	[[[2059.8  1043.4   698.96]]]
2664	[[[2057.4001  1050.6001   925.92004]]]
2665	[[[2058.6     1045.8      938.80005]]]
2666	[[[2058.6     1047.       922.72003]]]
2667	[[[2058.6    1050.6001  926.32  ]]]
2668	[[[2057.4001 1044.6001  699.16  ]]]
2669	[[[2056.2002 1049.4     925.68  ]]]
2670	[[[2059.8  1045.8   701.08]]]
2671	[[[2058.6  1047.    928.64]]]
2672	[[[2058.6  1045.8   922.48]]]
2673	[[[2059.8 1045.8  701.2]]]
2674	[[[2058.6     1047.       922.16003]]]
2675	[[[2058.6     1045.8      922.04004]]]
2676	[[[2059.8  1047.    701.28]]]
2677	[[[2059.8    1048.2001  929.64  ]]]
2678	[[[2059.8  1047.    700.88]]]
2679	[[[2059.8  1047.    701.08]]]
2680	[[[2057.4001 1047.      928.    ]]]
2681	[[[2059.8  1047.    701.32]]]
2682	[[[2057.4001  1047.       928.56006]]]
2683	[[[2059.8  1045.8   696.68]]]
2684	[[[2059.8  1045.8   700.88]]]
2685	[[[2061.     1048.2001  699.2   ]]]
2686	[[[2062.2002  1048.2001   926.16003]]]
2687	[[[2059.8  1047.    701.36]]]
2688	[[[2059.8    1048.2001  929.12  ]]]
2689	[[[2061.   1043.4   698.16]]]
2690	[[[2062.2002  1048.2001   926.16003]]]
2691	[[[2059.8  1043.4   699.04]]]
2692	[[[2055.   1047.    925.52]]]
2693	[[[2059.8  1045.8   701.16]]]
2694	[[[2059.8    1048.2001  698.96  ]]]
2695	[[[2059.8  1045.8   701.12]]]
2696	[[[2058.6  1045.8   922.44]]]
2697	[[[2058.6  1045.8   922.36]]]
2698	[[[2057.4001  1047.       928.04004]]]
2699	[[[2058.6 1043.4  925.4]]]
2700	[[[2058.6  1047.    922.76]]]
2701	[[[2059.8    1048.2001  929.    ]]]
2702	[[[2059.8  1047.    700.92]]]
2703	[[[2059.8  1047.    701.08]]]
2704	[[[2059.8  1047.    701.04]]]
2705	[[[2059.8  1047.    701.16]]]
2706	[[[2059.8  1045.8   701.24]]]
2707	[[[2058.6    1048.2001  929.12  ]]]
2708	[[[2059.8    1048.2001  929.12  ]]]
2709	[[[2057.4001  1050.6001   926.16003]]]
2710	[[[2053.8     1047.       924.83997]]]
2711	[[[2059.8  1047.    701.16]]]
2712	[[[2058.6    1048.2001  697.04  ]]]
2713	[[[2058.6     1047.       939.04004]]]
2714	[[[2061.     1044.6001  698.6   ]]]
2715	[[[2059.8 1047.   701.2]]]
2716	[[[2059.8    1048.2001  701.24  ]]]
2717	[[[2058.6  1049.4   929.12]]]
2718	[[[2059.8 1049.4  929.2]]]
2719	[[[2059.8     1049.4      928.56006]]]
2720	[[[2059.8    1048.2001  701.28  ]]]
2721	[[[2059.8    1048.2001  701.2   ]]]
2722	[[[2058.6    1048.2001  922.96  ]]]
2723	[[[2061.     1050.6001  698.92  ]]]
2724	[[[2059.8     1050.6001   928.56006]]]
2725	[[[2058.6     1049.4      928.56006]]]
2726	[[[2058.6    1050.6001  929.    ]]]
2727	[[[2061.   1051.8   698.68]]]
2728	[[[2059.8  1045.8   925.24]]]
2729	[[[2061.   1047.    699.04]]]
2730	[[[2061.   1049.4   700.76]]]
2731	[[[2059.8    1050.6001  928.4   ]]]
2732	[[[2061.   1047.    699.04]]]
2733	[[[2061.   1049.4   696.64]]]
2734	[[[2058.6    1050.6001  928.64  ]]]
2735	[[[2058.6  1049.4   938.88]]]
2736	[[[2061.  1049.4  696.6]]]
2737	[[[2058.6     1050.6001   928.56006]]]
2738	[[[2058.6  1049.4   922.28]]]
2739	[[[2061.   1049.4   696.64]]]
2740	[[[2058.6  1049.4   938.88]]]
2741	[[[2058.6     1053.       924.92004]]]
2742	[[[2055.     1050.6001  925.68  ]]]
2743	[[[2057.4001 1049.4     698.28  ]]]
2744	[[[2058.6  1049.4   922.28]]]
2745	[[[2058.6     1050.6001   928.56006]]]
2746	[[[2058.6    1048.2001  699.04  ]]]
2747	[[[2059.8    1050.6001  928.2   ]]]
2748	[[[2061.   1049.4   696.64]]]
2749	[[[2061.     1048.2001  701.68  ]]]
2750	[[[2059.8  1049.4   701.16]]]
2751	[[[2059.8     1050.6001   928.56006]]]
2752	[[[2059.8     1045.8      925.16003]]]
2753	[[[2059.8    1048.2001  701.08  ]]]
2754	[[[2057.4001  1051.8      925.83997]]]
2755	[[[2059.8    1048.2001  701.    ]]]
2756	[[[2061.     1048.2001  700.68  ]]]
2757	[[[2062.2002 1051.8     926.6   ]]]
2758	[[[2059.8    1048.2001  701.24  ]]]
2759	[[[2059.8    1048.2001  700.96  ]]]
2760	[[[2059.8 1045.8  925.4]]]
2761	[[[2058.6  1049.4   928.08]]]
2762	[[[2058.6     1048.2001   922.04004]]]
2763	[[[2059.8  1049.4   928.44]]]
2764	[[[2056.2002  1051.8      925.92004]]]
2765	[[[2061.   1045.8   698.76]]]
2766	[[[2059.8    1048.2001  701.16  ]]]
2767	[[[2055.   1049.4   925.52]]]
2768	[[[2059.8 1047.   701.8]]]
2769	[[[2058.6     1049.4      927.80005]]]
2770	[[[2058.6     1044.6001   924.92004]]]
2771	[[[2058.6    1050.6001  698.4   ]]]
2772	[[[2056.2002  1051.8      925.83997]]]
2773	[[[2057.4001 1053.      925.6   ]]]
2774	[[[2057.4001 1048.2001  921.96  ]]]
2775	[[[2058.6    1048.2001  701.16  ]]]
2776	[[[2059.8    1048.2001  700.76  ]]]
2777	[[[2057.4001 1049.4     927.88  ]]]
2778	[[[2059.8  1045.8   698.68]]]
2779	[[[2059.8    1048.2001  696.6   ]]]
2780	[[[2057.4001  1048.2001   928.56006]]]
2781	[[[2059.8 1049.4  700.6]]]
2782	[[[2059.8 1049.4  700.6]]]
2783	[[[2058.6    1049.4     701.36  ]
  [ 904.2    1314.6001  691.04  ]]]
2784	[[[2058.6    1048.2001  701.2   ]]]
2785	[[[2058.6    1050.6001  928.88  ]]]
2786	[[[2059.8    1048.2001  696.36  ]]]
2787	[[[2057.4001 1049.4     927.88  ]]]
2788	[[[2058.6  1049.4   701.16]]]
2789	[[[2058.6    1050.6001  929.2   ]]]
2790	[[[2058.6    1050.6001  929.36  ]]]
2791	[[[2057.4001 1050.6001  929.08  ]]]
2792	[[[2058.6    1050.6001  928.96  ]]]
2793	[[[2057.4001 1053.      925.76  ]]]
2794	[[[2059.8 1051.8  699. ]]]
2795	[[[2057.4001 1050.6001  928.64  ]]]
2796	[[[2058.6 1049.4  701.2]]]
2797	[[[2058.6     1050.6001   928.56006]]]
2798	[[[2059.8  1049.4   696.64]]]
2799	[[[2057.4001 1049.4     922.28  ]]]
2800	[[[2058.6 1049.4  701.2]]]
2801	[[[2058.6 1049.4  697. ]]]
2802	[[[2058.6    1050.6001  701.32  ]]]
2803	[[[2059.8    1050.6001  700.96  ]]]
2804	[[[2059.8    1050.6001  700.84  ]]]
2805	[[[2059.8 1053.   699. ]]]
2806	[[[2059.8  1053.    699.16]]]
2807	[[[2058.6    1050.6001  701.48  ]]]
2808	[[[2059.8    1050.6001  696.64  ]]]
2809	[[[2057.4001 1050.6001  922.28  ]]]
2810	[[[2057.4001 1050.6001  922.96  ]]]
2811	[[[2059.8    1050.6001  696.6   ]]]
2812	[[[2058.6  1051.8   701.44]]]
2813	[[[2058.6  1053.    928.64]]]
2814	[[[2059.8    1050.6001  696.68  ]]]
2815	[[[2058.6  1051.8   701.44]]]
2816	[[[2057.4001 1051.8     923.    ]]]
2817	[[[2059.8  1051.8   700.92]]]
2818	[[[2057.4001  1050.6001   929.04004]]]
2819	[[[2058.6  1051.8   696.92]]]
2820	[[[2059.8    1054.2001  699.52  ]]]
2821	[[[2059.8    1054.2001  699.44  ]]]
2822	[[[2059.8    1054.2001  699.36  ]]]
2823	[[[2062.2002 1054.2001  926.4   ]]]
2824	[[[2059.8  1051.8   701.48]]]
2825	[[[2058.6     1053.       928.80005]]]
2826	[[[2058.6  1051.8   922.52]]]
2827	[[[2055.      1053.       925.80005]]]
2828	[[[2057.4001 1050.6001  699.56  ]]]
2829	[[[2059.8 1051.8  697.4]]]
2830	[[[2058.6     1053.       929.04004]]]
2831	[[[2058.6  1051.8   939.36]]]
2832	[[[2059.8  1051.8   701.68]]]
2833	[[[2059.8  1051.8   701.56]]]
2834	[[[2059.8    1054.2001  930.2   ]]]
2835	[[[2061.   1049.4   699.08]]]
2836	[[[2058.6    1054.2001  929.88  ]]]
2837	[[[2061.   1053.    701.44]]]
2838	[[[2058.6  1053.    923.28]]]
2839	[[[2058.6    1054.2001  929.2   ]]]
2840	[[[2059.8     1050.6001   925.92004]]]
2841	[[[2059.8 1053.   701.8]]]
2842	[[[2061.     1050.6001  699.32  ]]]
2843	[[[2058.6     1054.2001   928.80005]]]
2844	[[[2059.8    1054.2001  702.12  ]]]
2845	[[[2059.8  1053.    701.96]]]
2846	[[[2063.4001 1056.6001  927.24  ]]]
2847	[[[2059.8    1054.2001  702.16  ]]]
2848	[[[2061.   1053.    697.52]]]
2849	[[[2061.     1054.2001  701.72  ]]]
2850	[[[2058.6    1054.2001  929.36  ]]]
2851	[[[2059.8    1054.2001  702.08  ]]]
2852	[[[2059.8 1055.4  923.6]]]
2853	[[[2062.2002 1051.8     699.36  ]]]
2854	[[[2061.  1055.4  930.2]]]
2855	[[[2061.     1054.2001  701.88  ]]]
2856	[[[2058.6  1055.4   929.12]]]
2857	[[[2063.4001 1056.6001  927.36  ]]]
2858	[[[2058.6     1054.2001   929.56006]]]
2859	[[[2058.6  1055.4   930.12]]]
2860	[[[2058.6  1055.4   929.36]]]
2861	[[[2061.   1051.8   699.96]]]
2862	[[[2059.8  1055.4   929.44]]]
2863	[[[2059.8    1054.2001  923.28  ]]]
2864	[[[2061.     1054.2001  701.92  ]]]
2865	[[[2062.2002 1056.6001  700.08  ]]]
2866	[[[2059.8    1054.2001  697.88  ]]]
2867	[[[2061.     1054.2001  697.68  ]]]
2868	[[[2062.2002 1056.6001  700.04  ]]]
2869	[[[2059.8    1056.6001  930.52  ]]]
2870	[[[2059.8    1054.2001  923.36  ]]]
2871	[[[2062.2002 1051.8     699.68  ]]]
2872	[[[2056.2002 1057.8     928.32  ]]]
2873	[[[2059.8    1054.2001  697.72  ]]]
2874	[[[2061.     1054.2001  702.    ]]]
2875	[[[2061.     1054.2001  702.12  ]]]
2876	[[[2059.8    1054.2001  923.68  ]]]
2877	[[[2062.2002 1051.8     699.72  ]]]
2878	[[[2061.     1054.2001  702.04  ]]]
2879	[[[2058.6  1055.4   929.96]]]
2880	[[[2059.8  1055.4   929.52]]]
2881	[[[2061.     1054.2001  702.04  ]]]
2882	[[[2061.     1056.6001  699.84  ]]]
2883	[[[2059.8     1055.4      930.04004]]]
2884	[[[2059.8    1054.2001  697.84  ]]]
2885	[[[2058.6     1054.2001   923.72003]]]
2886	[[[2058.6    1054.2001  929.52  ]]]
2887	[[[2061.     1054.2001  697.72  ]]]
2888	[[[2058.6     1057.8      926.92004]]]
2889	[[[2061.     1054.2001  701.96  ]]]
2890	[[[2057.4001 1057.8     927.    ]]]
2891	[[[2059.8    1054.2001  697.96  ]]]
2892	[[[2059.8    1054.2001  697.8   ]]]
2893	[[[2061.     1054.2001  697.68  ]]]
2894	[[[2059.8    1054.2001  697.92  ]]]
2895	[[[2059.8    1054.2001  697.8   ]]]
2896	[[[2059.8     1054.2001   924.16003]]]
2897	[[[2061.   1053.    701.88]]]
2898	[[[2057.4001 1056.6001  927.24  ]]]
2899	[[[2061. 1053.  702.]]]
2900	[[[2059.8 1053.   697.6]]]
2901	[[[2059.8    1054.2001  930.12  ]]]
2902	[[[2061.   1051.8   697.92]]]
2903	[[[2061.   1053.    702.04]]]
2904	[[[2057.4001 1055.4     927.48  ]]]
2905	[[[2059.8     1053.       924.16003]]]
2906	[[[2059.8  1051.8   702.32]]]
2907	[[[2059.8     1053.       929.80005]]]
2908	[[[2059.8  1051.8   702.24]]]
2909	[[[2058.6     1053.       929.72003]]]
2910	[[[2061.     1054.2001  700.44  ]]]
2911	[[[2059.8    1050.6001  702.4   ]]]
2912	[[[2055.     1050.6001  927.24  ]]]
2913	[[[2057.4001 1055.4     927.48  ]]]
2914	[[[2059.8  1051.8   702.56]]]
2915	[[[2059.8 1051.8  702.4]]]
2916	[[[2059.8    1050.6001  698.04  ]]]
2917	[[[2059.8    1054.2001  700.2   ]]]
2918	[[[2059.8 1053.   930.2]]]
2919	[[[2057.4001 1053.      930.2   ]]]
2920	[[[2059.8  1051.8   702.08]]]
2921	[[[2058.6  1051.8   698.04]]]
2922	[[[2058.6  1051.8   702.32]]]
2923	[[[2053.8     1051.8      926.56006]]]
2924	[[[2058.6  1051.8   702.68]]]
2925	[[[2058.6  1051.8   702.52]]]
2926	[[[2058.6  1051.8   697.96]]]
2927	[[[2057.4001 1053.      930.44  ]]]
2928	[[[2059.8    1054.2001  700.28  ]]]
2929	[[[2059.8    1054.2001  700.36  ]]]
2930	[[[2058.6  1053.    930.64]]]
2931	[[[2057.4001  1055.4      927.92004]]]
2932	[[[2062.2002  1053.       927.56006]]]
2933	[[[2057.4001  1055.4      927.56006]]]
2934	[[[2058.6  1053.    930.96]]]
2935	[[[2059.8  1053.    930.96]]]
2936	[[[2059.8  1051.8   702.36]]]
2937	[[[2058.6     1048.2001   926.56006]]]
2938	[[[2059.8    1050.6001  697.72  ]]]
2939	[[[2057.4001  1051.8      929.56006]]]
2940	[[[2059.8    1050.6001  697.88  ]]]
2941	[[[2058.6 1049.4  931.6]]]
2942	[[[2058.6  1051.8   698.04]]]
2943	[[[2058.6 1051.8  698.2]]]
2944	[[[2057.4001 1051.8     929.64  ]]]
2945	[[[2059.8  1053.    930.52]]]
2946	[[[2058.6 1053.   931.2]]]
2947	[[[2058.6 1051.8  698.2]]]
2948	[[[2057.4001  1055.4      927.80005]]]
2949	[[[2058.6 1053.   931.2]]]
2950	[[[2057.4001 1051.8     924.44  ]]]
2951	[[[2059.8    1054.2001  700.56  ]]]
2952	[[[2059.8  1051.8   702.28]]]
2953	[[[2059.8    1050.6001  698.04  ]]]
2954	[[[2057.4001 1051.8     929.88  ]]]
2955	[[[2059.8    1050.6001  702.36  ]]]
2956	[[[2059.8  1051.8   930.76]]]
2957	[[[2059.8    1048.2001  700.08  ]]]
2958	[[[2059.8  1053.    700.16]]]
2959	[[[2059.8    1050.6001  702.4   ]]]
2960	[[[2059.8  1053.    700.12]]]
2961	[[[2057.4001 1051.8     930.64  ]]]
2962	[[[2058.6    1050.6001  698.36  ]]]
2963	[[[2058.6  1051.8   929.88]]]
2964	[[[2057.4001  1050.6001   923.92004]]]
2965	[[[2059.8 1053.   700.4]]]
2966	[[[2058.6     1051.8      930.72003]]]
2967	[[[2058.6    1050.6001  702.6   ]]]
2968	[[[2059.8  1053.    700.32]]]
2969	[[[2059.8  1051.8   931.28]]]
2970	[[[2059.8 1053.   700.4]]]
2971	[[[2059.8    1050.6001  702.2   ]]]
2972	[[[2057.4001  1050.6001   929.72003]]]
2973	[[[2059.8  1049.4   698.04]]]
2974	[[[2058.6    1050.6001  923.8   ]]]
2975	[[[2056.2002 1049.4     700.16  ]]]
2976	[[[2053.8    1050.6001  927.4   ]]]
2977	[[[2057.4001 1050.6001  929.96  ]]]
2978	[[[2059.8  1047.    700.12]]]
2979	[[[2058.6  1049.4   702.44]]]
2980	[[[2058.6    1050.6001  929.96  ]]]
2981	[[[2059.8 1049.4  697.8]]]
2982	[[[2058.6    1048.2001  697.52  ]]]
2983	[[[2059.8 1049.4  697.6]]]
2984	[[[2059.8  1049.4   702.36]]]
2985	[[[2059.8    1050.6001  930.96  ]]]
2986	[[[2059.8  1049.4   701.96]]]
2987	[[[2057.4001 1049.4     930.28  ]]]
2988	[[[2055.      1049.4      926.56006]]]
2989	[[[2059.8    1048.2001  697.8   ]]]
2990	[[[2059.8    1044.6001  699.44  ]]]
2991	[[[2057.4001 1048.2001  929.96  ]]]
2992	[[[2058.6    1048.2001  702.56  ]]]
2993	[[[2057.4001 1048.2001  929.88  ]]]
2994	[[[2061.   1045.8   700.12]]]
2995	[[[2058.6    1048.2001  702.52  ]]]
2996	[[[2053.8  1047.    927.24]]]
2997	[[[2059.8  1049.4   699.84]]]
2998	[[[2057.4001 1048.2001  929.96  ]]]
2999	[[[2058.6  1047.    702.32]]]
3000	[[[2058.6  1047.    697.24]]]
3001	[[[2057.4001 1047.      929.32  ]]]
3002	[[[2057.4001 1047.      929.2   ]]]
3003	[[[2057.4001 1047.      929.96  ]]]
3004	[[[2057.4001 1045.8     923.28  ]]]
3005	[[[2058.6 1047.   930.2]]]
3006	[[[2058.6  1045.8   701.96]]]
3007	[[[2056.2002 1044.6001  923.52  ]]]
3008	[[[2057.4001 1047.      930.44  ]]]
3009	[[[2059.8    1042.2001  698.92  ]]]
3010	[[[2057.4001 1045.8     929.76  ]]]
3011	[[[2058.6  1045.8   930.36]]]
3012	[[[2058.6    1044.6001  697.2   ]]]
3013	[[[2056.2002 1043.4     699.84  ]]]
3014	[[[2058.6    1044.6001  701.8   ]]]
3015	[[[2058.6  1045.8   930.12]]]
3016	[[[2058.6  1041.    699.12]]]
3017	[[[2057.4001 1045.8     929.76  ]]]
3018	[[[2057.4001 1045.8     930.    ]]]
3019	[[[2057.4001  1045.8      929.04004]]]
3020	[[[2058.6 1043.4  697.6]]]
3021	[[[2058.6    1044.6001  701.84  ]]]
3022	[[[2058.6    1044.6001  701.64  ]]]
3023	[[[2057.4001 1044.6001  697.4   ]]]
3024	[[[2056.2002 1043.4     929.44  ]]]
3025	[[[2058.6 1043.4  697.4]]]
3026	[[[2058.6  1043.4   697.04]]]
3027	[[[2058.6 1043.4  697.4]]]
3028	[[[2056.2002 1044.6001  929.64  ]]]
3029	[[[2058.6  1043.4   701.56]]]
3030	[[[2058.6    1044.6001  701.64  ]]]
3031	[[[2059.8 1045.8  699.8]]]
3032	[[[2057.4001  1048.2001   927.56006]]]
3033	[[[2058.6  1045.8   699.48]]]
3034	[[[2057.4001 1044.6001  929.64  ]]]
3035	[[[2057.4001 1043.4     697.28  ]]]
3036	[[[2056.2002 1043.4     923.6   ]]]
3037	[[[2057.4001 1043.4     697.2   ]]]
3038	[[[2058.6    1044.6001  930.4   ]]]
3039	[[[2058.6  1039.8   698.84]]]
3040	[[[2057.4001  1044.6001   929.72003]]]
3041	[[[2056.2002 1042.2001  929.4   ]]]
3042	[[[2056.2002 1042.2001  929.12  ]]]
3043	[[[2058.6  1043.4   701.36]]]
3044	[[[2055.   1045.8   927.08]]]
3045	[[[2058.6    1042.2001  701.48  ]]]
3046	[[[2056.2002 1043.4     929.44  ]]]
3047	[[[2057.4001 1042.2001  702.16  ]]]
3048	[[[2057.4001 1042.2001  701.76  ]]]
3049	[[[2057.4001 1042.2001  701.64  ]]]
3050	[[[2058.6    1042.2001  701.36  ]]]
3051	[[[2057.4001 1042.2001  697.04  ]]]
3052	[[[2056.2002 1042.2001  923.12  ]]]
3053	[[[2056.2002  1042.2001   928.80005]]]
3054	[[[2057.4001  1043.4      928.80005]]]
3055	[[[2056.2002  1042.2001   928.80005]]]
3056	[[[2061.      1044.6001   927.16003]]]
3057	[[[2058.6    1042.2001  701.4   ]]]
3058	[[[2056.2002 1042.2001  923.28  ]]]
3059	[[[2058.6    1044.6001  699.2   ]]]
3060	[[[2056.2002 1042.2001  923.08  ]]]
3061	[[[2058.6    1042.2001  701.52  ]]]
3062	[[[2058.6    1042.2001  701.2   ]]]
3063	[[[2058.6    1044.6001  699.48  ]]]
3064	[[[2058.6    1042.2001  701.52  ]]]
3065	[[[2058.6    1042.2001  701.48  ]]]
3066	[[[2057.4001 1043.4     929.2   ]]]
3067	[[[2053.8     1042.2001   925.92004]]]
3068	[[[2057.4001  1042.2001   928.56006]]]
3069	[[[2058.6  1041.    701.24]]]
3070	[[[2057.4001 1041.      922.28  ]]]
3071	[[[2057.4001 1041.      697.    ]]]
3072	[[[2057.4001 1042.2001  928.68  ]]]
3073	[[[2058.6  1041.    696.88]]]
3074	[[[2057.4001 1042.2001  929.28  ]]]
3075	[[[2058.6  1041.    696.76]]]
3076	[[[2057.4001 1041.      701.4   ]]]
3077	[[[2058.6  1041.    696.96]]]
3078	[[[2056.2002  1042.2001   928.83997]]]
3079	[[[2058.6  1041.    696.96]]]
3080	[[[2058.6 1041.   696.8]]]
3081	[[[2057.4001 1039.8     700.68  ]]]
3082	[[[2058.6  1043.4   699.16]]]
3083	[[[2057.4001 1041.      701.6   ]]]
3084	[[[2057.4001 1041.      701.6   ]]]
3085	[[[2056.2002 1039.8     922.52  ]]]
3086	[[[2058.6     1044.6001   927.16003]]]
3087	[[[2058.6  1041.    700.96]]]
3088	[[[2057.4001 1039.8     922.2   ]]]
3089	[[[2057.4001  1044.6001   925.92004]]]
3090	[[[2057.4001 1039.8     922.44  ]]]
3091	[[[2057.4001 1039.8     922.52  ]]]
3092	[[[2056.2002 1038.6001  699.16  ]]]
3093	[[[2056.2002 1039.8     922.76  ]]]
3094	[[[2058.6  1037.4   925.48]]]
3095	[[[2056.2002 1038.6001  928.44  ]]]
3096	[[[2057.4001 1039.8     701.48  ]]]
3097	[[[2057.4001 1041.      929.12  ]]]
3098	[[[2056.2002  1039.8      922.72003]]]
3099	[[[2058.6  1039.8   701.12]]]
3100	[[[2058.6    1038.6001  696.84  ]]]
3101	[[[2058.6  1039.8   701.32]]]
3102	[[[2057.4001  1036.2001   925.16003]]]
3103	[[[2058.6    1038.6001  696.84  ]]]
3104	[[[2058.6    1038.6001  701.04  ]]]
3105	[[[2058.6    1038.6001  700.92  ]]]
3106	[[[2059.8  1041.    698.88]]]
3107	[[[2058.6    1036.2001  698.8   ]]]
3108	[[[2053.8  1039.8   925.68]]]
3109	[[[2058.6  1041.    698.64]]]
3110	[[[2058.6    1038.6001  696.6   ]]]
3111	[[[2058.6    1038.6001  696.32  ]]]
3112	[[[2058.6  1039.8   929.32]]]
3113	[[[2057.4001 1038.6001  696.44  ]]]
3114	[[[2057.4001 1038.6001  696.4   ]]]
3115	[[[2058.6    1038.6001  696.32  ]]]
3116	[[[2056.2002  1037.4      922.04004]]]
3117	[[[2058.6  1039.8   929.44]]]
3118	[[[2056.2002 1037.4     922.28  ]]]
3119	[[[2058.6    1038.6001  700.4   ]]]
3120	[[[2056.2002  1038.6001   928.04004]]]
3121	[[[2059.8     1041.       926.72003]]]
3122	[[[2057.4001 1037.4     701.04  ]]]
3123	[[[2057.4001 1037.4     701.08  ]]]
3124	[[[2056.2002 1037.4     922.12  ]]]
3125	[[[2056.2002  1038.6001   928.04004]]]
3126	[[[2057.4001 1038.6001  929.12  ]]]
3127	[[[2056.2002 1038.6001  927.96  ]]]
3128	[[[2057.4001  1038.6001   928.72003]]]
3129	[[[2056.2002 1037.4     922.52  ]]]
3130	[[[2056.2002 1041.      925.64  ]]]
3131	[[[2057.4001 1038.6001  928.36  ]]]
3132	[[[2059.8  1035.    698.88]]]
3133	[[[2057.4001 1037.4     701.56  ]]]
3134	[[[2059.8  1035.    698.84]]]
3135	[[[2052.6     1037.4      925.16003]]]
3136	[[[2056.2002 1036.2001  922.44  ]]]
3137	[[[2055.      1039.8      925.92004]]]
3138	[[[2056.2002 1037.4     929.12  ]]]
3139	[[[2056.2002 1036.2001  928.48  ]]]
3140	[[[2058.6  1035.    696.44]]]
3141	[[[2056.2002 1035.      928.12  ]]]
3142	[[[2058.6  1035.    696.44]]]
3143	[[[2057.4001 1036.2001  701.56  ]]]
3144	[[[2055.  1035.   698.6]]]
3145	[[[2056.2002 1036.2001  922.44  ]]]
3146	[[[2057.4001  1036.2001   927.80005]]]
3147	[[[2058.6  1037.4   698.56]]]
3148	[[[2056.2002  1036.2001   928.56006]]]
3149	[[[2058.6  1035.    700.76]]]
3150	[[[2058.6     1036.2001   928.80005]]]
3151	[[[2053.8     1036.2001   924.83997]]]
3152	[[[2057.4001 1035.      928.24  ]]]
3153	[[[2057.4001 1035.      921.96  ]]]
3154	[[[2058.6  1035.    696.32]]]
3155	[[[2057.4001  1038.6001   925.72003]]]
3156	[[[2058.6  1033.8   700.88]]]
3157	[[[2059.8    1036.2001  699.16  ]]]
3158	[[[2058.6     1035.       929.04004]]]
3159	[[[2057.4001  1035.       928.16003]]]
3160	[[[2058.6  1035.    928.48]]]
3161	[[[2057.4001  1035.       928.04004]]]
3162	[[[2058.6  1033.8   701.08]]]
3163	[[[2061.     1036.2001  926.64  ]]]
3164	[[[2058.6  1035.    928.88]]]
3165	[[[2056.2002 1031.4     698.92  ]]]
3166	[[[2056.2002 1033.8     928.32  ]]]
3167	[[[2058.6  1033.8   701.16]]]
3168	[[[2058.6    1032.6001  700.92  ]]]
3169	[[[2058.6    1032.6001  701.04  ]]]
3170	[[[2058.6    1032.6001  701.2   ]]]
3171	[[[2057.4001  1033.8      927.80005]]]
3172	[[[2058.6  1033.8   696.28]]]
3173	[[[2058.6    1032.6001  701.04  ]]]
3174	[[[2058.6    1036.2001  698.04  ]]]
3175	[[[2058.6  1033.8   696.24]]]
3176	[[[2059.8    1032.6001  696.36  ]]]
3177	[[[2056.2002 1032.6001  698.36  ]]]
3178	[[[2058.6    1032.6001  696.    ]]]
3179	[[[2058.6    1032.6001  696.2   ]]]
3180	[[[2058.6  1033.8   696.24]]]
3181	[[[2057.4001 1033.8     922.2   ]]]
3182	[[[2057.4001 1036.2001  925.4   ]]]
3183	[[[2057.4001 1032.6001  922.36  ]]]
3184	[[[2056.2002 1036.2001  925.96  ]]]
3185	[[[2058.6    1032.6001  696.04  ]]]
3186	[[[2057.4001 1033.8     927.96  ]]]
3187	[[[2058.6  1033.8   922.12]]]
3188	[[[2059.8    1032.6001  700.52  ]]]
3189	[[[2055.  1033.8  925.4]]]
3190	[[[2059.8    1032.6001  700.84  ]]]
3191	[[[2059.8  1035.    698.68]]]
3192	[[[2059.8     1032.6001   700.84   ]
  [ 937.80005 1267.8      792.52   ]]]
3193	[[[2059.8  1033.8   928.48]]]
3194	[[[2059.8  1031.4   700.64]]]
3195	[[[2058.6  1031.4   921.52]]]
3196	[[[2061.   1033.8   698.56]]]
3197	[[[2059.8 1031.4  701. ]]]
3198	[[[2059.8    1032.6001  928.36  ]]]
3199	[[[2062.2002 1033.8     925.64  ]]]
3200	[[[2058.6    1032.6001  928.36  ]]]
3201	[[[2059.8    1030.2001  701.    ]]]
3202	[[[2059.8  1031.4   700.72]]]
3203	[[[2058.6    1030.2001  921.36  ]]]
3204	[[[2058.6  1031.4   927.28]]]
3205	[[[2058.6    1030.2001  927.48  ]]]
3206	[[[2058.6     1031.4      927.80005]]]
3207	[[[2059.8    1032.6001  698.6   ]]]
3208	[[[2059.8    1030.2001  700.64  ]]]
3209	[[[2059.8    1030.2001  700.92  ]]]
3210	[[[2059.8    1030.2001  700.72  ]]]
3211	[[[2058.6    1030.2001  927.64  ]]]
3212	[[[2058.6  1031.4   928.32]]]
3213	[[[2059.8    1030.2001  700.84  ]]]
3214	[[[2057.4001 1030.2001  927.88  ]]]
3215	[[[2058.6    1030.2001  927.88  ]]]
3216	[[[2058.6    1030.2001  927.12  ]]]
3217	[[[2058.6     1033.8      925.16003]]]
3218	[[[2063.4001  1030.2001   925.83997]]]
3219	[[[2058.6     1029.       921.83997]]]
3220	[[[2058.6     1029.       927.80005]]]
3221	[[[2058.6    1030.2001  927.48  ]]]
3222	[[[2057.4001  1032.6001   924.83997]]]
3223	[[[2062.2002  1030.2001   925.16003]]]
3224	[[[2058.6  1029.    921.96]]]
3225	[[[2059.8  1027.8   700.36]]]
3226	[[[2057.4001 1029.      928.12  ]]]
3227	[[[2061.  1025.4  698.2]]]
3228	[[[2058.6  1027.8   921.52]]]
3229	[[[2057.4001 1026.6001  698.6   ]]]
3230	[[[2061.   1027.8   700.48]]]
3231	[[[2058.6    1026.6001  921.2   ]]]
3232	[[[2059.8    1026.6001  700.44  ]]]
3233	[[[2057.4001 1031.4     925.48  ]]]
3234	[[[2059.8  1027.8   700.72]]]
3235	[[[2059.8  1027.8   700.64]]]
3236	[[[2058.6     1026.6001   938.04004]]]
3237	[[[2057.4001 1025.4     698.44  ]]]
3238	[[[2059.8    1026.6001  700.52  ]]]
3239	[[[2059.8    1026.6001  696.04  ]]]
3240	[[[2058.6 1027.8  927.4]]]
3241	[[[2058.6  1027.8   921.64]]]
3242	[[[2058.6    1026.6001  921.44  ]]]
3243	[[[2058.6  1027.8   921.64]]]
3244	[[[2059.8  1027.8   700.56]]]
3245	[[[2059.8    1030.2001  697.64  ]]]
3246	[[[2059.8    1026.6001  700.48  ]]]
3247	[[[2059.8     1027.8      927.72003]]]
3248	[[[2059.8     1027.8      927.72003]]]
3249	[[[2058.6     1026.6001   927.72003]]]
3250	[[[2058.6    1026.6001  927.28  ]]]
3251	[[[2061.   1027.8   928.36]]]
3252	[[[2061.   1029.    698.48]]]
3253	[[[2061.  1025.4  696. ]]]
3254	[[[2061.   1025.4   700.16]]]
3255	[[[2059.8     1027.8      927.72003]]]
3256	[[[2061.      1027.8      928.72003]]]
3257	[[[2063.4001 1027.8     925.4   ]]]
3258	[[[2061.     1026.6001  700.72  ]]]
3259	[[[2062.2002 1025.4     700.28  ]]]
3260	[[[2062.2002 1025.4     700.2   ]]]
3261	[[[2062.2002 1025.4     700.04  ]]]
3262	[[[2061.   1025.4   696.24]]]
3263	[[[2061.   1025.4   700.28]]]
3264	[[[2058.6 1029.   925. ]]]
3265	[[[2059.8  1025.4   921.44]]]
3266	[[[2061.   1025.4   700.84]]]
3267	[[[2061.     1026.6001  928.28  ]]]
3268	[[[2062.2002 1025.4     700.04  ]]]
3269	[[[2061.   1025.4   700.24]]]
3270	[[[2059.8  1025.4   921.28]]]
3271	[[[2061.     1026.6001  928.36  ]]]
3272	[[[2061.     1026.6001  927.64  ]]]
3273	[[[2056.2002 1024.2001  924.96  ]]]
3274	[[[2059.8  1025.4   921.44]]]
3275	[[[2061.      1021.80005  697.68   ]]]
3276	[[[2061.     1024.2001  696.12  ]]]
3277	[[[2059.8     1026.6001   928.04004]]]
3278	[[[2061.   1025.4   700.52]]]
3279	[[[2061.     1024.2001  700.24  ]]]
3280	[[[2057.4001  1027.8      924.56006]]]
3281	[[[2059.8 1025.4  927.2]]]
3282	[[[2061.   1025.4   700.52]]]
3283	[[[2061.  1025.4  700.2]]]
3284	[[[2061.      1026.6001   928.72003]]]
3285	[[[2059.8 1025.4  927.4]]]
3286	[[[2061.     1024.2001  696.12  ]]]
3287	[[[2062.2002  1021.80005  697.84   ]]]
3288	[[[2061.  1027.8  698.4]]]
3289	[[[2059.8    1024.2001  921.2   ]]]
3290	[[[2061.  1025.4  700.4]]]
3291	[[[2062.2002  1021.80005  697.84   ]]]
3292	[[[2059.8    1026.6001  927.88  ]]]
3293	[[[2057.4001 1024.2001  698.2   ]]]
3294	[[[2058.6     1025.4      927.56006]]]
3295	[[[2068.2002 1026.6001  928.88  ]]]
3296	[[[2059.8    1026.6001  928.32  ]]]
3297	[[[2062.2002  1023.00006  698.2    ]]]
3298	[[[2061.  1025.4  700.2]]]
3299	[[[2059.8     1021.80005  924.6    ]]]
3300	[[[2059.8  1027.8   697.76]]]
3301	[[[2059.8     1025.4      921.72003]]]
3302	[[[2059.8    1026.6001  928.52  ]]]
3303	[[[2061.     1024.2001  696.    ]]]
3304	[[[2061.   1025.4   700.04]]]
3305	[[[2061.     1024.2001  695.96  ]]]
3306	[[[2059.8    1024.2001  695.44  ]]]
3307	[[[2061.      1026.6001   928.56006]]]
3308	[[[2059.8    1026.6001  927.48  ]]]
3309	[[[2061.     1024.2001  696.    ]]]
3310	[[[2061.   1025.4   700.12]]]
3311	[[[2061.     1024.2001  695.52  ]]]
3312	[[[2058.6     1025.4      927.04004]]]
3313	[[[2059.8    1024.2001  700.44  ]]]
3314	[[[2059.8    1024.2001  700.52  ]]]
3315	[[[2061.     1026.6001  928.36  ]]]
3316	[[[2058.6 1025.4  921.2]]]
3317	[[[2059.8  1025.4   695.76]]]
3318	[[[2063.4001 1029.      932.08  ]]]
3319	[[[2059.8  1025.4   700.24]]]
3320	[[[2057.4001 1024.2001  698.32  ]]]
3321	[[[2059.8  1025.4   700.24]]]
3322	[[[2059.8 1025.4  700.2]]]
3323	[[[2058.6     1025.4      921.80005]]]
3324	[[[2058.6     1024.2001   920.80005]]]
3325	[[[2059.8  1025.4   700.44]]]
3326	[[[2059.8  1025.4   696.04]]]
3327	[[[2059.8    1026.6001  927.28  ]]]
3328	[[[2059.8  1029.    697.48]]]
3329	[[[2059.8  1025.4   700.36]]]
3330	[[[2059.8    1026.6001  927.44  ]]]
3331	[[[2059.8    1026.6001  700.48  ]]]
3332	[[[2059.8    1026.6001  700.4   ]]]
3333	[[[2058.6  1029.    924.08]]]
3334	[[[2059.8     1027.8      927.72003]]]
3335	[[[2059.8     1027.8      928.04004]]]
3336	[[[2059.8  1027.8   927.28]]]
3337	[[[2059.8    1026.6001  700.56  ]]]
3338	[[[2059.8     1027.8      927.72003]]]
3339	[[[2061.     1026.6001  700.24  ]]]
3340	[[[2058.6 1025.4  927.4]]]
3341	[[[2059.8    1026.6001  700.48  ]]]
3342	[[[2059.8    1026.6001  700.28  ]]]
3343	[[[2058.6     1023.00006  923.6    ]]]
3344	[[[2058.6    1026.6001  920.96  ]]]
3345	[[[2058.6    1026.6001  921.52  ]]]
3346	[[[2059.8    1026.6001  700.32  ]]]
3347	[[[2059.8    1026.6001  700.24  ]]]
3348	[[[2059.8    1026.6001  700.28  ]]]
3349	[[[2059.8  1027.8   700.36]]]
3350	[[[2058.6 1027.8  921.4]]]
3351	[[[2059.8  1027.8   695.72]]]
3352	[[[2062.2002 1029.      698.44  ]]]
3353	[[[2059.8  1029.    927.32]]]
3354	[[[2059.8  1029.    927.32]]]
3355	[[[2058.6  1027.8   921.08]]]
3356	[[[2061.   1025.4   698.04]]]
3357	[[[2059.8  1029.    927.68]]]
3358	[[[2059.8    1030.2001  698.16  ]]]
3359	[[[2059.8  1029.    927.96]]]
3360	[[[2059.8  1027.8   700.36]]]
3361	[[[2058.6  1027.8   921.48]]]
3362	[[[2059.8 1029.   928. ]]]
3363	[[[2059.8 1029.   928. ]]]
3364	[[[2061.     1030.2001  698.24  ]]]
3365	[[[2059.8  1029.    927.68]]]
3366	[[[2059.8    1030.2001  698.08  ]]]
3367	[[[2058.6  1027.8   696.04]]]
3368	[[[2056.2002 1027.8     697.84  ]]]
3369	[[[2059.8 1027.8  695.8]]]
3370	[[[2057.4001 1027.8     921.6   ]]]
3371	[[[2059.8  1027.8   695.64]]]
3372	[[[2058.6  1027.8   700.56]]]
3373	[[[2059.8  1027.8   695.76]]]
3374	[[[2059.8    1030.2001  698.12  ]]]
3375	[[[2059.8  1027.8   695.76]]]
3376	[[[2057.4001 1026.6001  927.24  ]]]
3377	[[[2058.6  1027.8   700.52]]]
3378	[[[2059.8 1027.8  695.6]]]
3379	[[[2058.6     1029.       927.16003]]]
3380	[[[2058.6  1027.8   700.48]]]
3381	[[[2058.6  1027.8   700.64]]]
3382	[[[2059.8 1029.   699.8]]]
3383	[[[2059.8  1027.8   695.92]]]
3384	[[[2059.8    1030.2001  928.    ]]]
3385	[[[2057.4001 1027.8     927.24  ]]]
3386	[[[2058.6  1027.8   700.32]]]
3387	[[[2058.6  1027.8   700.24]]]
3388	[[[2058.6  1025.4   698.08]]]
3389	[[[2056.2002 1026.6001  698.68  ]]]
3390	[[[2058.6  1027.8   700.48]]]
3391	[[[2056.2002 1027.8     697.56  ]]]
3392	[[[2057.4001 1029.      927.48  ]]]
3393	[[[2058.6  1027.8   700.32]]]
3394	[[[2059.8  1027.8   699.96]]]
3395	[[[2058.6  1027.8   700.32]]]
3396	[[[2057.4001 1027.8     921.12  ]]]
3397	[[[2056.2002 1031.4     924.6   ]]]
3398	[[[2058.6     1029.       928.16003]]]
3399	[[[2058.6 1027.8  699.8]]]
3400	[[[2058.6    1030.2001  698.32  ]]]
3401	[[[2057.4001 1027.8     700.52  ]]]
3402	[[[2057.4001 1025.4     698.12  ]]]
3403	[[[2057.4001 1029.      927.48  ]]]
3404	[[[2058.6    1030.2001  697.68  ]]]
3405	[[[2058.6 1027.8  695.8]]]
3406	[[[2055.  1027.8  697.6]]]
3407	[[[2057.4001  1030.2001   927.92004]]]
3408	[[[2061.      1030.2001   924.83997]]]
3409	[[[2056.2002  1027.8      927.16003]]]
3410	[[[2056.2002 1029.      927.12  ]]]
3411	[[[2056.2002  1029.       926.72003]]]
3412	[[[2056.2002  1027.8      927.16003]]]
3413	[[[2055.   1027.8   697.68]]]
3414	[[[2058.6  1027.8   695.52]]]
3415	[[[2056.2002 1029.      926.6   ]]]
3416	[[[2057.4001 1029.      695.44  ]]]
3417	[[[2057.4001 1029.      700.08  ]]]
3418	[[[2057.4001 1027.8     700.08  ]]]
3419	[[[2056.2002  1027.8      921.04004]]]
3420	[[[2056.2002 1030.2001  927.88  ]]]
3421	[[[2057.4001 1029.      700.16  ]]]
3422	[[[2056.2002 1030.2001  927.24  ]]]
3423	[[[2057.4001  1030.2001   927.72003]]]
3424	[[[2059.8    1030.2001  924.44  ]]]
3425	[[[2055.     1030.2001  927.32  ]]]
3426	[[[2056.2002 1030.2001  926.6   ]]]
3427	[[[2059.8    1032.6001  925.28  ]]]
3428	[[[2056.2002 1030.2001  921.08  ]]]
3429	[[[2055.   1029.    698.04]]]
3430	[[[2055.     1032.6001  924.36  ]]]
3431	[[[2057.4001 1031.4     927.44  ]]]
3432	[[[2053.8     1031.4      924.04004]]]
3433	[[[2057.4001 1030.2001  700.24  ]]]
3434	[[[2052.6    1030.2001  924.12  ]]]
3435	[[[2055.   1029.    697.64]]]
3436	[[[2055.     1032.6001  924.36  ]]]
3437	[[[2056.2002 1030.2001  926.88  ]]]
3438	[[[2055.   1027.8   698.16]]]
3439	[[[2056.2002  1029.       921.04004]]]
3440	[[[2056.2002 1030.2001  927.76  ]]]
3441	[[[2055.      1029.       926.56006]]]
3442	[[[2056.2002 1029.      921.28  ]]]
3443	[[[2057.4001 1027.8     695.76  ]]]
3444	[[[2055.   1029.    927.08]]]
3445	[[[2057.4001 1027.8     699.88  ]]]
3446	[[[2056.2002 1029.      927.36  ]]]
3447	[[[2064.6     1030.2001   928.56006]]]
3448	[[[2057.4001 1030.2001  928.12  ]]]
3449	[[[2059.8  1029.    698.12]]]
3450	[[[2056.2002 1032.6001  924.52  ]]]
3451	[[[2055.     1026.6001  698.24  ]]]
3452	[[[2057.4001 1030.2001  698.08  ]]]
3453	[[[2055.   1027.8   926.96]]]
3454	[[[2057.4001 1029.      927.48  ]]]
3455	[[[2057.4001 1027.8     700.16  ]]]
3456	[[[2057.4001 1027.8     700.2   ]]]
3457	[[[2057.4001 1027.8     700.08  ]]]
3458	[[[2057.4001 1026.6001  699.88  ]]]
3459	[[[2055.     1030.2001  924.64  ]]]
3460	[[[2057.4001 1029.      927.2   ]]]
3461	[[[2057.4001  1029.       927.72003]]]
3462	[[[2055.     1030.2001  924.    ]]]
3463	[[[2058.6  1029.    697.96]]]
3464	[[[2057.4001 1026.6001  700.44  ]]]
3465	[[[2057.4001  1027.8      927.56006]]]
3466	[[[2056.2002 1026.6001  927.    ]]]
3467	[[[2055.   1025.4   698.04]]]
3468	[[[2057.4001 1027.8     927.48  ]]]
3469	[[[2058.6     1023.00006  697.68   ]]]
3470	[[[2056.2002 1026.6001  920.88  ]]]
3471	[[[2056.2002  1025.4      937.56006]]]
3472	[[[2056.2002 1026.6001  927.    ]]]
3473	[[[2058.6     1023.00006  697.8    ]]]
3474	[[[2056.2002 1026.6001  927.44  ]]]
3475	[[[2058.6     1023.00006  697.96   ]]]
3476	[[[2056.2002 1025.4     921.36  ]]]
3477	[[[2058.6  1027.8   697.88]]]
3478	[[[2057.4001 1026.6001  927.64  ]]]
3479	[[[2057.4001 1025.4     700.04  ]]]
3480	[[[2057.4001 1024.2001  700.16  ]]]
3481	[[[2057.4001  1026.6001   927.56006]]]
3482	[[[2056.2002  1027.8      928.80005]]]
3483	[[[2057.4001 1026.6001  927.24  ]]]
3484	[[[2056.2002  1024.2001   921.04004]]]
3485	[[[2057.4001 1026.6001  927.32  ]]]
3486	[[[2056.2002 1025.4     927.    ]]]
3487	[[[2059.8     1029.       925.92004]]]
3488	[[[2052.6     1026.6001   924.04004]]]
3489	[[[2057.4001 1027.8     698.12  ]]]
3490	[[[2052.6     1027.8      925.16003]]]
3491	[[[2055. 1029.  925.]]]
3492	[[[2058.6  1025.4   695.56]]]
3493	[[[2056.2002 1026.6001  927.24  ]]]
3494	[[[2056.2002  1026.6001   926.80005]]]
3495	[[[2061.  1027.8  924.6]]]
3496	[[[2057.4001 1027.8     927.48  ]]]
3497	[[[2056.2002 1030.2001  924.2   ]]]
3498	[[[2056.2002  1030.2001   924.83997]]]
3499	[[[2057.4001 1026.6001  700.56  ]]]
3500	[[[2058.6  1029.    698.08]]]
3501	[[[2057.4001 1027.8     927.4   ]]]
3502	[[[2058.6     1027.8      927.56006]]]
3503	[[[2053.8  1025.4   924.52]]]
3504	[[[2057.4001 1026.6001  920.88  ]]]
3505	[[[2058.6     1027.8      928.04004]]]
3506	[[[2056.2002 1030.2001  924.4   ]]]
3507	[[[2056.2002 1027.8     927.28  ]]]
3508	[[[2058.6     1027.8      927.80005]]]
3509	[[[2058.6  1029.    698.04]]]
3510	[[[2057.4001  1027.8      927.80005]]]
3511	[[[2056.2002  1026.6001   926.72003]]]
3512	[[[2058.6    1026.6001  695.72  ]]]
3513	[[[2056.2002 1030.2001  924.4   ]]]
3514	[[[2053.8    1026.6001  924.4   ]]]
3515	[[[2056.2002 1026.6001  927.48  ]]]
3516	[[[2057.4001 1027.8     927.48  ]]]
3517	[[[2058.6    1026.6001  700.    ]]]
3518	[[[2057.4001  1026.6001   927.04004]]]
3519	[[[2058.6    1026.6001  695.24  ]]]
3520	[[[2052.6    1026.6001  924.08  ]]]
3521	[[[2057.4001 1027.8     927.48  ]]]
3522	[[[2057.4001 1026.6001  700.28  ]]]
3523	[[[2057.4001  1027.8      927.72003]]]
3524	[[[2058.6  1029.    697.88]]]
3525	[[[2057.4001 1027.8     927.48  ]]]
3526	[[[2058.6     1027.8      927.72003]]]
3527	[[[2057.4001 1026.6001  700.68  ]]]
3528	[[[2056.2002 1026.6001  921.52  ]]]
3529	[[[2056.2002  1026.6001   927.04004]]]
3530	[[[2057.4001 1026.6001  700.08  ]]]
3531	[[[2055.     1030.2001  924.6   ]]]
3532	[[[2056.2002  1026.6001   926.92004]]]
3533	[[[2056.2002 1026.6001  920.96  ]]]
3534	[[[2059.8  1031.4   926.24]]]
3535	[[[2057.4001 1027.8     695.84  ]]]
3536	[[[2058.6    1026.6001  700.04  ]]]
3537	[[[2057.4001  1029.       927.72003]]]
3538	[[[2058.6    1026.6001  695.6   ]]]
3539	[[[2056.2002 1027.8     921.4   ]]]
3540	[[[2058.6    1026.6001  695.68  ]]]
3541	[[[2056.2002 1027.8     927.    ]]]
3542	[[[2058.6 1027.8  695.8]]]
3543	[[[2058.6  1029.    928.44]]]
3544	[[[2058.6  1027.8   695.76]]]
3545	[[[2057.4001 1027.8     695.52  ]]]
3546	[[[2057.4001  1029.       927.56006]]]
3547	[[[2058.6 1027.8  700.2]]]
3548	[[[2056.2002  1027.8      921.04004]]]
3549	[[[2056.2002 1027.8     920.88  ]]]
3550	[[[2056.2002 1027.8     927.32  ]]]
3551	[[[2057.4001 1025.4     924.    ]]]
3552	[[[2058.6  1027.8   699.96]]]
3553	[[[2056.2002 1026.6001  698.4   ]]]
3554	[[[2057.4001 1027.8     921.2   ]]]
3555	[[[2058.6  1027.8   695.36]]]
3556	[[[2057.4001  1029.       926.56006]]]
3557	[[[2056.2002 1027.8     927.24  ]]]
3558	[[[2057.4001 1027.8     700.6   ]]]
3559	[[[2056.2002  1027.8      921.64   ]
  [ 882.60004 1105.8      714.4    ]]]
3560	[[[2057.4001 1027.8     695.48  ]]]
3561	[[[2056.2002 1027.8     921.2   ]]]
3562	[[[2057.4001  1029.       927.80005]]]
3563	[[[2056.2002 1032.6001  924.28  ]]]
3564	[[[2055.   1027.8   698.08]]]
3565	[[[2056.2002 1027.8     921.08  ]]]
3566	[[[2056.2002 1029.      921.4   ]]]
3567	[[[2056.2002 1027.8     927.32  ]]]
3568	[[[2058.6 1027.8  700.4]]]
3569	[[[2061.      1030.2001   924.92004]]]
3570	[[[2058.6  1027.8   700.48]]]
3571	[[[2057.4001 1027.8     695.8   ]]]
3572	[[[2064.6    1032.6001  929.28  ]]]
3573	[[[2057.4001 1027.8     695.88  ]]]
3574	[[[2057.4001 1027.8     695.72  ]]]
3575	[[[2058.6  1027.8   695.36]]]
3576	[[[2057.4001 1027.8     696.04  ]]]
3577	[[[2056.2002 1027.8     927.4   ]]]
3578	[[[2057.4001 1030.2001  927.96  ]]]
3579	[[[2058.6 1027.8  700.6]]]
3580	[[[2057.4001 1029.      695.8   ]]]
3581	[[[2056.2002 1027.8     927.12  ]]]
3582	[[[2058.6  1029.    695.16]]]
3583	[[[2056.2002  1029.       926.72003]]]
3584	[[[2058.6 1029.   700.4]]]
3585	[[[2057.4001  1029.       926.83997]]]
3586	[[[2057.4001 1029.      927.48  ]]]
3587	[[[2058.6  1027.8   699.92]]]
3588	[[[2055.   1027.8   697.52]]]
3589	[[[2058.6    1030.2001  697.72  ]]]
3590	[[[2057.4001 1027.8     695.48  ]]]
3591	[[[2057.4001 1027.8     695.32  ]]]
3592	[[[2056.2002  1027.8      927.04004]]]
3593	[[[2056.2002  1032.6001   924.16003]]]
3594	[[[2056.2002 1027.8     921.52  ]]]
3595	[[[2056.2002  1029.       926.72003]]]
3596	[[[2057.4001 1027.8     700.24  ]]]
3597	[[[2057.4001 1025.4     924.52  ]]]
3598	[[[2057.4001  1029.       927.04004]]]
3599	[[[2056.2002 1027.8     921.52  ]]]
3600	[[[2052.6  1029.    924.44]]]
3601	[[[2057.4001  1029.       927.56006]]]
3602	[[[2052.6  1027.8   924.36]]]
3603	[[[2055.   1031.4   924.12]]]
3604	[[[2058.6  1027.8   695.52]]]
3605	[[[2055.   1031.4   924.68]]]
3606	[[[2056.2002  1027.8      937.56006]]]
3607	[[[2056.2002 1027.8     921.64  ]]]
3608	[[[2057.4001 1027.8     696.    ]]]
3609	[[[2058.6  1027.8   695.72]]]
3610	[[[2056.2002 1027.8     921.2   ]]]
3611	[[[2056.2002 1029.      926.88  ]]]
3612	[[[2056.2002  1027.8      926.92004]]]
3613	[[[2057.4001 1030.2001  927.88  ]]]
3614	[[[2057.4001 1029.      700.36  ]]]
3615	[[[2056.2002  1029.       927.56006]]]
3616	[[[2057.4001 1027.8     700.    ]]]
3617	[[[2055.   1029.    927.48]]]
3618	[[[2057.4001 1027.8     700.6   ]]]
3619	[[[2058.6  1027.8   695.68]]]
3620	[[[2057.4001 1027.8     700.2   ]]]
3621	[[[2057.4001  1030.2001   928.04004]]]
3622	[[[2057.4001  1030.2001   927.56006]]]
3623	[[[2057.4001 1027.8     700.6   ]]]
3624	[[[2057.4001 1029.      700.76  ]]]
3625	[[[2057.4001 1027.8     700.4   ]]]
3626	[[[2056.2002 1027.8     937.48  ]]]
3627	[[[2056.2002 1029.      927.24  ]]]
3628	[[[2061.      1030.2001   925.56006]]]
3629	[[[2057.4001 1030.2001  928.24  ]]]
3630	[[[2057.4001 1027.8     700.2   ]]]
3631	[[[2057.4001  1030.2001   927.80005]]]
3632	[[[2057.4001 1029.      700.56  ]]]
3633	[[[2057.4001 1027.8     700.24  ]]]
3634	[[[2055.   1027.8   927.64]]]
3635	[[[2055.   1029.    927.24]]]
3636	[[[2052.6     1029.       923.92004]]]
3637	[[[2056.2002 1029.      921.76  ]]]
3638	[[[2055.      1027.8      927.04004]]]
3639	[[[2056.2002 1030.2001  928.12  ]]]
3640	[[[2059.8    1030.2001  925.4   ]]]
3641	[[[2052.6  1031.4   925.96]]]
3642	[[[2053.8 1027.8  697.8]]]
3643	[[[2057.4001 1027.8     695.96  ]]]
3644	[[[2056.2002 1029.      927.48  ]]]
3645	[[[2056.2002 1027.8     695.64  ]]]
3646	[[[2058.6    1026.6001  698.    ]]]
3647	[[[2056.2002 1029.      695.72  ]]]
3648	[[[2056.2002 1029.      700.68  ]]]
3649	[[[2056.2002 1029.      700.76  ]]]
3650	[[[2055.   1029.    927.32]]]
3651	[[[2057.4001  1030.2001   927.92004]]]
3652	[[[2056.2002  1030.2001   927.56006]]]
3653	[[[2056.2002 1029.      700.56  ]]]
3654	[[[2052.6    1030.2001  924.48  ]]]
3655	[[[2055.      1029.       927.56006]]]
3656	[[[2053.8    1030.2001  698.28  ]]]
3657	[[[2061.     1032.6001  932.08  ]]]
3658	[[[2056.2002 1030.2001  700.8   ]]]
3659	[[[2057.4001 1030.2001  700.32  ]]]
3660	[[[2055.     1030.2001  927.24  ]]]
3661	[[[2057.4001 1032.6001  697.96  ]]]
3662	[[[2057.4001  1031.4      927.72003]]]
3663	[[[2056.2002 1031.4     927.48  ]]]
3664	[[[2057.4001 1030.2001  696.16  ]]]
3665	[[[2057.4001 1030.2001  696.2   ]]]
3666	[[[2058.6    1032.6001  698.    ]]]
3667	[[[2058.6    1032.6001  698.    ]]]
3668	[[[2057.4001 1030.2001  700.56  ]]]
3669	[[[2057.4001 1030.2001  700.6   ]]]
3670	[[[2052.6  1031.4   924.52]]]
3671	[[[2056.2002 1030.2001  938.12  ]]]
3672	[[[2057.4001 1030.2001  700.6   ]]]
3673	[[[2057.4001 1030.2001  700.6   ]]]
3674	[[[2058.6    1032.6001  698.52  ]]]
3675	[[[2055.   1033.8   925.24]]]
3676	[[[2055.   1029.    698.72]]]
3677	[[[2056.2002 1030.2001  921.52  ]]]
3678	[[[2056.2002  1030.2001   921.72003]]]
3679	[[[2057.4001 1030.2001  700.8   ]]]
3680	[[[2056.2002 1031.4     927.88  ]]]
3681	[[[2056.2002 1030.2001  921.6   ]]]
3682	[[[2058.6    1026.6001  697.52  ]]]
3683	[[[2056.2002 1030.2001  927.24  ]]]
3684	[[[2055.     1030.2001  697.76  ]]]
3685	[[[2056.2002 1033.8     925.    ]]]
3686	[[[2056.2002 1030.2001  921.6   ]]]
3687	[[[2058.6    1030.2001  700.04  ]]]
3688	[[[2056.2002 1030.2001  927.24  ]]]
3689	[[[2058.6    1030.2001  695.96  ]]]
3690	[[[2057.4001  1031.4      928.04004]]]
3691	[[[2056.2002 1029.      921.08  ]]]
3692	[[[2056.2002 1033.8     925.36  ]]]
3693	[[[2058.6    1026.6001  697.72  ]]]
3694	[[[2061.   1031.4   925.68]]]
3695	[[[2057.4001 1030.2001  700.6   ]]]
3696	[[[2056.2002 1031.4     928.2   ]]]
3697	[[[2057.4001 1030.2001  700.84  ]]]
3698	[[[2058.6     1031.4      928.80005]]]
3699	[[[2058.6    1026.6001  697.6   ]]]
3700	[[[2061.   1031.4   925.28]]]
3701	[[[2053.8    1030.2001  924.6   ]]]
3702	[[[2057.4001 1030.2001  700.84  ]]]
3703	[[[2053.8    1030.2001  924.68  ]]]
3704	[[[2058.6    1030.2001  700.32  ]]]
3705	[[[2056.2002  1029.       927.56006]]]
3706	[[[2057.4001  1029.       937.80005]]]
3707	[[[2056.2002 1030.2001  927.32  ]]]
3708	[[[2058.6    1030.2001  927.88  ]]]
3709	[[[2057.4001 1029.      696.24  ]]]
3710	[[[2058.6  1031.4   698.12]]]
3711	[[[2058.6  1029.    700.56]]]
3712	[[[2058.6  1029.    700.36]]]
3713	[[[2056.2002 1032.6001  925.24  ]]]
3714	[[[2057.4001 1025.4     924.52  ]]]
3715	[[[2058.6  1029.    700.16]]]
3716	[[[2056.2002 1027.8     698.76  ]]]
3717	[[[2058.6    1030.2001  928.68  ]]]
3718	[[[2058.6  1027.8   700.24]]]
3719	[[[2058.6  1029.    700.64]]]
3720	[[[2057.4001  1030.2001   928.16003]]]
3721	[[[2057.4001 1029.      921.88  ]]]
3722	[[[2053.8     1030.2001   925.16003]]]
3723	[[[2056.2002  1032.6001   924.92004]]]
3724	[[[2056.2002  1032.6001   924.92004]]]
3725	[[[2057.4001 1027.8     921.32  ]]]
3726	[[[2058.6     1030.2001   928.56006]]]
3727	[[[2057.4001  1032.6001   924.92004]]]
3728	[[[2057.4001 1030.2001  928.2   ]]]
3729	[[[2056.2002  1029.       927.92004]]]
3730	[[[2058.6  1029.    700.28]]]
3731	[[[2058.6  1027.8   696.12]]]
3732	[[[2056.2002  1032.6001   925.56006]]]
3733	[[[2056.2002 1029.      927.48  ]]]
3734	[[[2053.8  1031.4   926.24]]]
3735	[[[2058.6  1031.4   698.56]]]
3736	[[[2057.4001 1029.      700.72  ]]]
3737	[[[2056.2002 1029.      927.4   ]]]
3738	[[[2058.6  1029.    700.08]]]
3739	[[[2059.8    1026.6001  698.32  ]]]
3740	[[[2052.6  1029.    925.08]]]
3741	[[[2056.2002  1030.2001   927.04004]]]
3742	[[[2056.2002 1029.      921.52  ]]]
3743	[[[2058.6  1029.    695.96]]]
3744	[[[2056.2002  1030.2001   927.16003]]]
3745	[[[2058.6    1030.2001  700.16  ]]]
3746	[[[2056.2002 1030.2001  921.4   ]]]
3747	[[[2058.6    1030.2001  700.2   ]]]
3748	[[[2056.2002 1030.2001  921.48  ]]]
3749	[[[2057.4001 1026.6001  924.8   ]]]
3750	[[[2058.6     1031.4      928.72003]]]
3751	[[[2058.6     1032.6001   698.52   ]
  [ 876.60004 1135.8      781.8    ]]]
3752	[[[2056.2002 1030.2001  927.4   ]]]
3753	[[[2058.6    1030.2001  700.36  ]]]
3754	[[[2057.4001 1030.2001  696.52  ]]]
3755	[[[2059.8    1026.6001  697.72  ]]]
3756	[[[2057.4001  1031.4      927.80005]]]
3757	[[[2057.4001 1030.2001  921.4   ]]]
3758	[[[2058.6    1032.6001  698.48  ]]]
3759	[[[2058.6  1029.    700.88]]]
3760	[[[2058.6    1030.2001  700.6   ]]]
3761	[[[2057.4001  1030.2001   921.72003]]]
3762	[[[2058.6  1029.    696.12]]]
3763	[[[2058.6    1026.6001  698.36  ]]]
3764	[[[2058.6  1031.4   698.16]]]
3765	[[[2053.8     1030.2001   924.83997]]]
3766	[[[2057.4001 1032.6001  924.52  ]]]
3767	[[[2064.6  1033.8   929.88]]]
3768	[[[2059.8    1030.2001  924.28  ]]]
3769	[[[2064.6  1033.8   929.88]]]
3770	[[[2056.2002 1029.      921.4   ]]]
3771	[[[2057.4001 1029.      700.48  ]]]
3772	[[[2058.6    1026.6001  698.28  ]]]
3773	[[[2055.   1029.    697.84]]]
3774	[[[2057.4001 1029.      700.88  ]]]
3775	[[[2058.6  1029.    700.64]]]
3776	[[[2058.6  1033.8   926.24]]]
3777	[[[2056.2002 1030.2001  928.2   ]]]
3778	[[[2057.4001 1029.      700.88  ]]]
3779	[[[2058.6    1026.6001  698.52  ]]]
3780	[[[2059.8    1026.6001  698.4   ]]]
3781	[[[2058.6  1029.    700.28]]]
3782	[[[2056.2002 1032.6001  925.    ]]]
3783	[[[2057.4001 1029.      696.28  ]]]
3784	[[[2057.4001 1025.4     924.44  ]]]
3785	[[[2057.4001 1030.2001  927.88  ]]]
3786	[[[2056.2002  1029.       922.04004]]]
3787	[[[2058.6     1030.2001   928.56006]]]
3788	[[[2056.2002 1027.8     698.76  ]]]
3789	[[[2057.4001 1025.4     924.28  ]]]
3790	[[[2057.4001  1029.       927.80005]]]
3791	[[[2059.8  1033.8   932.76]]]
3792	[[[2053.8     1029.       924.92004]]]
3793	[[[2057.4001 1029.      927.48  ]]]
3794	[[[2059.8    1030.2001  698.4   ]]]
3795	[[[2057.4001 1027.8     938.44  ]]]
3796	[[[2058.6  1027.8   700.72]]]
3797	[[[2057.4001 1032.6001  925.6   ]]]
3798	[[[2055.     1030.2001  925.52  ]]]
3799	[[[2057.4001 1027.8     938.44  ]]]
3800	[[[2058.6  1027.8   696.08]]]
3801	[[[2062.2002 1030.2001  925.48  ]]]
3802	[[[2057.4001 1027.8     922.12  ]]]
3803	[[[2057.4001 1029.      928.12  ]]]
3804	[[[2058.6  1027.8   696.08]]]
3805	[[[2057.4001 1029.      928.24  ]]]
3806	[[[2058.6 1027.8  696. ]]]
3807	[[[2058.6  1027.8   700.84]]]
3808	[[[2058.6  1027.8   701.08]]]
3809	[[[2058.6  1027.8   700.88]]]
3810	[[[2058.6  1029.    700.92]]]
3811	[[[2055.     1030.2001  925.12  ]]]
3812	[[[2057.4001 1029.      927.96  ]]]
3813	[[[2053.8     1029.       924.92004]]]
3814	[[[2057.4001  1027.8      922.04004]]]
3815	[[[2058.6    1030.2001  928.32  ]]]
3816	[[[2057.4001 1029.      922.2   ]]]
3817	[[[2058.6  1027.8   700.88]]]
3818	[[[2057.4001  1030.2001   928.04004]]]
3819	[[[2062.2002  1030.2001   925.80005]]]
3820	[[[2057.4001 1032.6001  925.52  ]]]
3821	[[[2059.8  1029.    696.36]]]
3822	[[[2059.8 1029.   696.4]]]
3823	[[[2056.2002 1029.      698.64  ]]]
3824	[[[2059.8  1031.4   698.64]]]
3825	[[[2057.4001 1029.      938.6   ]]]
3826	[[[2061.     1032.6001  926.48  ]]]
3827	[[[2059.8  1029.    700.52]]]
3828	[[[2056.2002 1032.6001  925.96  ]]]
3829	[[[2062.2002 1030.2001  926.32  ]]]
3830	[[[2058.6  1029.    696.28]]]
3831	[[[2058.6    1030.2001  928.4   ]]]
3832	[[[2057.4001  1032.6001   925.83997]]]
3833	[[[2059.8    1030.2001  929.24  ]]]
3834	[[[2059.8    1030.2001  928.88  ]]]
3835	[[[2059.8  1029.    700.44]]]
3836	[[[2058.6  1031.4   698.36]]]
3837	[[[2059.8  1029.    700.68]]]
3838	[[[2058.6     1030.2001   928.80005]]]
3839	[[[2057.4001 1027.8     938.28  ]]]
3840	[[[2056.2002 1032.6001  925.4   ]]]
3841	[[[2057.4001 1029.      921.96  ]]]
3842	[[[2057.4001 1029.      922.2   ]]]
3843	[[[2058.6  1027.8   701.08]]]
3844	[[[2058.6  1027.8   700.92]]]
3845	[[[2059.8  1027.8   701.48]]]
3846	[[[2058.6  1029.    700.88]]]
3847	[[[2058.6     1025.4      925.16003]]]
3848	[[[2057.4001 1029.      921.96  ]]]
3849	[[[2059.8  1027.8   696.36]]]
3850	[[[2059.8  1029.    700.96]]]
3851	[[[2058.6  1029.    701.52]]]
3852	[[[2059.8    1030.2001  929.12  ]]]
3853	[[[2058.6    1030.2001  928.88  ]]]
3854	[[[2058.6    1030.2001  928.24  ]]]
3855	[[[2058.6    1030.2001  928.36  ]]]
3856	[[[2058.6  1029.    922.52]]]
3857	[[[2061.   1031.4   699.08]]]
3858	[[[2059.8  1029.    700.96]]]
3859	[[[2058.6    1030.2001  929.24  ]]]
3860	[[[2059.8  1029.    701.08]]]
3861	[[[2059.8 1029.   700.6]]]
3862	[[[2058.6  1029.    701.52]]]
3863	[[[2063.4001 1030.2001  932.76  ]]]
3864	[[[2056.2002 1029.      698.64  ]]]
3865	[[[2058.6  1029.    701.28]]]
3866	[[[2059.8    1030.2001  928.96  ]]]
3867	[[[2057.4001 1032.6001  925.48  ]]]
3868	[[[2056.2002 1032.6001  925.48  ]]]
3869	[[[2058.6 1029.   701.4]]]
3870	[[[2059.8  1031.4   698.68]]]
3871	[[[2056.2002 1032.6001  925.88  ]]]
3872	[[[2056.2002 1029.      698.96  ]]]
3873	[[[2059.8  1029.    696.52]]]
3874	[[[2059.8    1026.6001  698.04  ]]]
3875	[[[2058.6  1031.4   928.48]]]
3876	[[[2053.8     1030.2001   924.92004]]]
3877	[[[2057.4001 1029.      922.12  ]]]
3878	[[[2058.6  1031.4   928.32]]]
3879	[[[2057.4001 1029.      922.2   ]]]
3880	[[[2056.2002 1029.      698.8   ]]]
3881	[[[2059.8    1030.2001  700.72  ]]]
3882	[[[2058.6    1030.2001  701.44  ]]]
3883	[[[2057.4001 1030.2001  928.24  ]]]
3884	[[[2058.6    1030.2001  700.96  ]]]
3885	[[[2057.4001 1030.2001  928.24  ]]]
3886	[[[2058.6    1030.2001  701.32  ]]]
3887	[[[2057.4001 1029.      921.96  ]]]
3888	[[[2058.6 1031.4  929.2]]]
3889	[[[2058.6  1031.4   928.88]]]
3890	[[[2059.8  1029.    696.36]]]
3891	[[[2057.4001 1029.      927.88  ]]]
3892	[[[2058.6  1029.    696.28]]]
3893	[[[2058.6  1029.    696.08]]]
3894	[[[2062.2002  1033.8      932.83997]]]
3895	[[[2058.6    1030.2001  701.2   ]]]
3896	[[[2058.6    1030.2001  701.4   ]]]
3897	[[[2058.6    1030.2001  701.32  ]]]
3898	[[[2059.8    1030.2001  696.48  ]]]
3899	[[[2058.6    1030.2001  701.4   ]]]
3900	[[[2057.4001 1030.2001  922.    ]]]
3901	[[[2059.8    1030.2001  696.56  ]]]
3902	[[[2059.8    1030.2001  700.52  ]]]
3903	[[[2058.6    1030.2001  700.68  ]]]
3904	[[[2057.4001 1030.2001  938.6   ]]]
3905	[[[2058.6    1030.2001  696.6   ]]]
3906	[[[2057.4001 1030.2001  921.76  ]]]
3907	[[[2058.6    1030.2001  700.6   ]]]
3908	[[[2058.6 1031.4  700.8]]]
3909	[[[2058.6     1032.6001   928.80005]]]
3910	[[[2057.4001 1031.4     696.4   ]]]
3911	[[[2057.4001 1030.2001  696.32  ]]]
3912	[[[2058.6    1030.2001  696.12  ]]]
3913	[[[2058.6  1031.4   700.24]]]
3914	[[[2057.4001 1031.4     696.16  ]]]
3915	[[[2057.4001 1031.4     696.28  ]]]
3916	[[[2056.2002  1031.4      927.80005]]]
3917	[[[2057.4001 1031.4     696.36  ]]]
3918	[[[2057.4001 1031.4     696.08  ]]]
3919	[[[2058.6 1031.4  696.2]]]
3920	[[[2058.6  1031.4   700.52]]]
3921	[[[2055. 1035.  926.]]]
3922	[[[2058.6  1031.4   696.24]]]
3923	[[[2058.6  1033.8   698.44]]]
3924	[[[2058.6 1031.4  700.4]]]
3925	[[[2057.4001 1032.6001  927.4   ]]]
3926	[[[2058.6  1031.4   696.24]]]
3927	[[[2056.2002  1032.6001   928.04004]]]
3928	[[[2057.4001 1033.8     928.36  ]]]
3929	[[[2058.6  1033.8   928.48]]]
3930	[[[2056.2002  1036.2001   925.16003]]]
3931	[[[2058.6    1032.6001  700.64  ]]]
3932	[[[2057.4001 1032.6001  696.2   ]]]
3933	[[[2058.6  1033.8   928.24]]]
3934	[[[2058.6    1032.6001  700.72  ]]]
3935	[[[2062.2002 1036.2001  932.44  ]]]
3936	[[[2058.6  1031.4   696.28]]]
3937	[[[2053.8  1033.8   924.36]]]
3938	[[[2058.6  1035.    698.32]]]
3939	[[[2057.4001 1032.6001  696.2   ]]]
3940	[[[2058.6  1035.    698.24]]]
3941	[[[2056.2002 1032.6001  921.88  ]]]
3942	[[[2057.4001 1032.6001  696.16  ]]]
3943	[[[2057.4001  1033.8      927.56006]]]
3944	[[[2058.6    1032.6001  696.08  ]]]
3945	[[[2056.2002 1036.2001  924.6   ]]]
3946	[[[2062.2002 1035.      931.76  ]]]
3947	[[[2058.6 1033.8  928. ]]]
3948	[[[2056.2002  1032.6001   927.16003]]]
3949	[[[2057.4001 1032.6001  700.4   ]]]
3950	[[[2057.4001 1032.6001  696.16  ]]]
3951	[[[2058.6    1032.6001  700.04  ]]]
3952	[[[2055.  1031.4  697.8]]]
3953	[[[2056.2002  1031.4      927.04004]]]
3954	[[[2057.4001 1032.6001  700.64  ]]]
3955	[[[2057.4001 1031.4     700.56  ]]]
3956	[[[2056.2002 1036.2001  924.4   ]]]
3957	[[[2062.2002 1033.8     931.68  ]]]
3958	[[[2056.2002 1032.6001  921.44  ]]]
3959	[[[2057.4001 1032.6001  700.52  ]]]
3960	[[[2057.4001 1031.4     700.28  ]]]
3961	[[[2056.2002  1032.6001   927.56006]]]
3962	[[[2056.2002 1032.6001  921.2   ]]]
3963	[[[2056.2002  1031.4      937.80005]]]
3964	[[[2052.6     1033.8      925.83997]]]
3965	[[[2057.4001  1032.6001   927.80005]]]
3966	[[[2058.6  1029.    698.12]]]
3967	[[[2052.6  1031.4   924.52]]]
3968	[[[2058.6  1033.8   698.16]]]
3969	[[[2056.2002 1031.4     921.12  ]]]
3970	[[[2056.2002 1031.4     921.52  ]]]
3971	[[[2056.2002 1027.8     923.96  ]]]
3972	[[[2057.4001 1033.8     698.    ]]]
3973	[[[2056.2002 1031.4     921.12  ]]]
3974	[[[2056.2002  1032.6001   928.04004]]]
3975	[[[2058.6  1031.4   699.96]]]
3976	[[[2058.6  1029.    698.32]]]
3977	[[[2056.2002 1032.6001  927.32  ]]]
3978	[[[2055.   1031.4   698.36]]]
3979	[[[2055.      1035.       924.92004]]]
3980	[[[2058.6  1033.8   698.12]]]
3981	[[[2056.2002 1032.6001  927.24  ]]]
3982	[[[2057.4001 1031.4     700.24  ]]]
3983	[[[2056.2002 1032.6001  921.28  ]]]
3984	[[[2055.  1031.4  698.4]]]
3985	[[[2056.2002 1032.6001  938.12  ]]]
3986	[[[2052.6  1033.8   924.76]]]
3987	[[[2057.4001 1031.4     700.24  ]]]
3988	[[[2055.      1036.2001   924.72003]]]
3989	[[[2052.6    1032.6001  924.6   ]]]
3990	[[[2056.2002  1031.4      937.72003]]]
3991	[[[2055.      1036.2001   924.83997]]]
3992	[[[2059.8    1030.2001  698.32  ]]]
3993	[[[2057.4001 1029.      697.88  ]]]
3994	[[[2056.2002 1032.6001  927.    ]]]
3995	[[[2061.     1038.6001  929.64  ]]]
3996	[[[2057.4001 1031.4     695.72  ]]]
3997	[[[2056.2002 1032.6001  921.64  ]]]
3998	[[[2056.2002 1031.4     700.48  ]]]
3999	[[[2052.6     1032.6001   924.16003]]]
4000	[[[2057.4001 1032.6001  700.16  ]]]
4001	[[[2055.      1032.6001   927.16003]]]
4002	[[[2056.2002 1031.4     700.36  ]]]
4003	[[[2056.2002 1029.      924.24  ]]]
4004	[[[2057.4001 1032.6001  700.28  ]]]
4005	[[[2055.     1036.2001  924.6   ]]]
4006	[[[2057.4001 1032.6001  700.32  ]]]
4007	[[[2056.2002  1031.4      920.72003]]]
4008	[[[2056.2002  1033.8      927.80005]]]
4009	[[[2057.4001 1031.4     700.16  ]]]
4010	[[[2052.6  1035.    925.68]]]
4011	[[[2061.     1036.2001  931.6   ]]]
4012	[[[2058.6    1030.2001  698.12  ]]]
4013	[[[2052.6     1033.8      924.04004]]]
4014	[[[2055.     1036.2001  924.44  ]]]
4015	[[[2056.2002 1030.2001  697.88  ]]]
4016	[[[2056.2002 1032.6001  700.56  ]]]
4017	[[[2057.4001 1032.6001  699.92  ]
  [ 941.4    1273.8     689.72  ]]]
4018	[[[2056.2002 1032.6001  695.64  ]]]
4019	[[[2059.8    1036.2001  925.68  ]]]
4020	[[[2056.2002 1032.6001  695.36  ]]]
4021	[[[2052.6     1033.8      924.12   ]
  [ 972.60004 1123.8      877.92004]]]
4022	[[[2056.2002 1033.8     926.96  ]]]
4023	[[[2056.2002 1035.      927.36  ]]]
4024	[[[2057.4001 1033.8     700.4   ]]]
4025	[[[2056.2002  1035.       926.92004]]]
4026	[[[2056.2002 1033.8     700.32  ]]]
4027	[[[2055.      1035.       926.80005]]]
4028	[[[2056.2002  1035.       926.56006]]]
4029	[[[2053.8  1033.8   697.52]]]
4030	[[[2056.2002 1035.      920.96  ]]]
4031	[[[2057.4001  1036.2001   927.56006]]]
4032	[[[2055.      1035.       927.16003]]]
4033	[[[2056.2002 1035.      700.36  ]]]
4034	[[[2056.2002 1035.      700.12  ]]]
4035	[[[2059.8     1037.4      924.83997]]]
4036	[[[2056.2002  1037.4      927.56006]]]
4037	[[[2057.4001 1035.      695.52  ]]]
4038	[[[2057.4001 1038.6001  698.08  ]]]
4039	[[[2056.2002 1037.4     927.96  ]]]
4040	[[[2057.4001 1036.2001  699.72  ]]]
4041	[[[2057.4001 1032.6001  697.28  ]]]
4042	[[[2057.4001  1037.4      928.04004]]]
4043	[[[2055.     1036.2001  926.76  ]]]
4044	[[[2055.      1037.4      926.72003]]]
4045	[[[2056.2002 1036.2001  695.2   ]]]
4046	[[[2056.2002  1037.4      926.72003]]]
4047	[[[2055.      1039.8      928.80005]]]
4048	[[[2057.4001 1037.4     699.64  ]]]
4049	[[[2057.4001 1033.8     697.36  ]]]
4050	[[[2055.     1038.6001  927.24  ]]]
4051	[[[2056.2002 1037.4     695.24  ]]]
4052	[[[2055.      1038.6001   926.80005]]]
4053	[[[2056.2002 1037.4     699.84  ]]]
4054	[[[2056.2002 1037.4     700.    ]]]
4055	[[[2056.2002 1037.4     699.8   ]]]
4056	[[[2052.6  1041.    923.76]]]
4057	[[[2056.2002 1036.2001  924.2   ]]]
4058	[[[2056.2002 1037.4     699.68  ]]]
4059	[[[2056.2002 1037.4     695.24  ]]]
4060	[[[2056.2002 1039.8     926.48  ]]]
4061	[[[2055.      1039.8      926.72003]]]
4062	[[[2053.8 1037.4  697.8]]]
4063	[[[2056.2002  1039.8      927.04004]]]
4064	[[[2055.      1038.6001   920.80005]]]
4065	[[[2056.2002 1038.6001  700.    ]]]
4066	[[[2055.      1038.6001   936.80005]]]
4067	[[[2056.2002 1041.      927.48  ]]]
4068	[[[2057.4001 1041.      697.36  ]]]
4069	[[[2056.2002 1038.6001  699.48  ]]]
4070	[[[2056.2002 1041.      697.52  ]]]
4071	[[[2051.4001 1038.6001  923.52  ]]]
4072	[[[2055.      1038.6001   937.04004]]]
4073	[[[2057.4001 1038.6001  699.28  ]]]
4074	[[[2057.4001 1041.      697.52  ]]]
4075	[[[2055.  1039.8  920.2]]]
4076	[[[2055.     1038.6001  920.64  ]]]
4077	[[[2056.2002 1038.6001  699.28  ]]]
4078	[[[2055.      1038.6001   920.56006]]]
4079	[[[2055.   1039.8   925.96]]]
4080	[[[2053.8    1038.6001  926.2   ]]]
4081	[[[2056.2002 1037.4     695.4   ]]]
4082	[[[2056.2002 1039.8     927.4   ]]]
4083	[[[2055.      1039.8      925.92004]]]
4084	[[[2055.      1039.8      926.72003]]]
4085	[[[2053.8    1038.6001  920.12  ]]]
4086	[[[2055.     1038.6001  699.8   ]]]
4087	[[[2053.8    1042.2001  924.08  ]]]
4088	[[[2056.2002 1038.6001  695.08  ]]]
4089	[[[2056.2002 1038.6001  699.28  ]]]
4090	[[[2055.   1039.8   926.32]]]
4091	[[[2055.     1038.6001  699.84  ]]]
4092	[[[2053.8  1043.4   923.76]]]
4093	[[[2053.8    1038.6001  920.36  ]]]
4094	[[[2055.     1038.6001  699.6   ]]]
4095	[[[2057.4001 1036.2001  697.04  ]]]
4096	[[[2055.   1039.8   926.48]]]
4097	[[[2056.2002 1041.      927.24  ]]]
4098	[[[2053.8 1039.8  920.4]]]
4099	[[[2056.2002 1042.2001  697.64  ]]]
4100	[[[2053.8     1041.       926.72003]]]
4101	[[[2055.      1041.       926.80005]]]
4102	[[[2053.8  1039.8   920.12]]]
4103	[[[2053.8     1041.       926.72003]]]
4104	[[[2055.  1039.8  699.6]]]
4105	[[[2055.   1041.    926.08]]]
4106	[[[2053.8     1042.2001   927.56006]]]
4107	[[[2055.   1041.    699.96]]]
4108	[[[2052.6    1044.6001  924.52  ]]]
4109	[[[2053.8     1039.8      937.04004]]]
4110	[[[2058.6    1044.6001  931.32  ]]]
4111	[[[2057.4001 1042.2001  697.68  ]]]
4112	[[[2056.2002 1042.2001  927.4   ]]]
4113	[[[2056.2002 1043.4     697.68  ]]]
4114	[[[2055.  1043.4  927.4]]]
4115	[[[2052.6  1045.8   924.52]]]
4116	[[[2050.2002  1044.6001   924.83997]]]
4117	[[[2053.8     1042.2001   926.72003]]]
4118	[[[2056.2002 1042.2001  699.72  ]]]
4119	[[[2055.     1042.2001  699.76  ]]]
4120	[[[2050.2002 1042.2001  923.6   ]]]
4121	[[[2055.     1042.2001  695.72  ]]]
4122	[[[2053.8  1039.8   923.68]]]
4123	[[[2056.2002 1043.4     699.52  ]]]
4124	[[[2053.8 1043.4  926.6]]]
4125	[[[2055.   1043.4   695.88]]]
4126	[[[2053.8  1043.4   921.32]]]
4127	[[[2062.2002  1048.2001   929.04004]]]
4128	[[[2053.8     1044.6001   927.56006]]]
4129	[[[2056.2002 1043.4     695.56  ]]]
4130	[[[2055.   1043.4   695.36]]]
4131	[[[2053.8    1044.6001  927.24  ]]]
4132	[[[2055.     1044.6001  927.48  ]]]
4133	[[[2056.2002 1043.4     695.6   ]]]
4134	[[[2055.     1044.6001  927.12  ]]]
4135	[[[2056.2002 1042.2001  696.44  ]]]
4136	[[[2053.8 1043.4  921.2]]]
4137	[[[2056.2002  1044.6001   928.16003]]]
4138	[[[2052.6  1043.4   697.88]]]
4139	[[[2056.2002 1043.4     699.88  ]]]
4140	[[[2055.     1044.6001  927.4   ]]]
4141	[[[2053.8     1044.6001   926.83997]]]
4142	[[[2055.     1044.6001  927.68  ]]]
4143	[[[2053.8     1044.6001   927.80005]]]
4144	[[[2056.2002 1043.4     695.88  ]]]
4145	[[[2056.2002 1048.2001  925.68  ]]]
4146	[[[2053.8     1043.4      927.56006]]]
4147	[[[2053.8    1048.2001  924.6   ]]]
4148	[[[2055.   1043.4   700.64]]]
4149	[[[2056.2002 1043.4     695.88  ]]]
4150	[[[2053.8    1048.2001  925.24  ]]]
4151	[[[2056.2002 1045.8     697.96  ]]]
4152	[[[2053.8 1043.4  921.2]]]
4153	[[[2053.8     1044.6001   927.72003]]]
4154	[[[2056.2002 1045.8     698.2   ]]]
4155	[[[2056.2002 1043.4     700.2   ]]]
4156	[[[2053.8  1043.4   921.76]]]
4157	[[[2053.8  1043.4   921.36]]]
4158	[[[2056.2002 1043.4     700.2   ]]]
4159	[[[2053.8    1044.6001  927.24  ]]]
4160	[[[2056.2002  1044.6001   928.56006]]]
4161	[[[2056.2002 1043.4     700.    ]]]
4162	[[[2051.4001 1044.6001  924.44  ]]]
4163	[[[2056.2002 1042.2001  696.    ]]]
4164	[[[2053.8  1043.4   927.24]]]
4165	[[[2055.     1044.6001  928.48  ]]]
4166	[[[2055.   1043.4   927.36]]]
4167	[[[2056.2002 1042.2001  700.16  ]]]
4168	[[[2053.8     1042.2001   927.80005]]]
4169	[[[2053.8     1047.       924.83997]]]
4170	[[[2056.2002 1044.6001  698.16  ]]]
4171	[[[2057.4001 1044.6001  698.6   ]]]
4172	[[[2062.2002 1048.2001  929.68  ]]]
4173	[[[2056.2002 1042.2001  700.32  ]]]
4174	[[[2053.8    1042.2001  928.12  ]]]
4175	[[[2057.4001 1044.6001  698.56  ]]]
4176	[[[2055.   1043.4   927.48]]]
4177	[[[2053.8    1042.2001  927.64  ]]]
4178	[[[2056.2002 1042.2001  696.12  ]]]
4179	[[[2056.2002 1044.6001  698.2   ]]]
4180	[[[2056.2002 1039.8     698.24  ]]]
4181	[[[2051.4001 1043.4     925.24  ]]]
4182	[[[2056.2002 1044.6001  698.28  ]]]
4183	[[[2053.8     1042.2001   927.80005]]]
4184	[[[2053.8     1043.4      927.80005]]]
4185	[[[2058.6     1044.6001   925.56006]]]
4186	[[[2058.6    1044.6001  925.24  ]]]
4187	[[[2055.     1042.2001  696.08  ]]]
4188	[[[2050.2002  1044.6001   925.92004]]]
4189	[[[2053.8     1042.2001   922.04004]]]
4190	[[[2053.8    1042.2001  927.64  ]]]
4191	[[[2053.8  1043.4   927.12]]]
4192	[[[2056.2002 1042.2001  696.2   ]]]
4193	[[[2055.   1043.4   928.44]]]
4194	[[[2055.   1041.    700.84]]]
4195	[[[2055.   1041.    700.64]]]
4196	[[[2053.8     1042.2001   928.16003]]]
4197	[[[2055.     1044.6001  697.92  ]]]
4198	[[[2050.2002 1042.2001  925.08  ]]]
4199	[[[2050.2002 1039.8     925.08  ]]]
4200	[[[2055.   1043.4   698.56]]]
4201	[[[2055.   1041.    700.96]]]
4202	[[[2053.8     1044.6001   925.72003]]]
4203	[[[2055.  1039.8  695.8]]]
4204	[[[2056.2002 1037.4     698.    ]]]
4205	[[[2053.8  1041.    921.76]]]
4206	[[[2055.     1042.2001  928.36  ]]]
4207	[[[2053.8     1041.       928.04004]]]
4208	[[[2055.   1041.    696.44]]]
4209	[[[2053.8  1041.    922.12]]]
4210	[[[2055.   1041.    700.96]]]
4211	[[[2056.2002 1039.8     696.2   ]]]
4212	[[[2055.   1041.    928.36]]]
4213	[[[2055.  1039.8  696.4]]]
4214	[[[2055.      1041.       927.92004]]]
4215	[[[2053.8  1039.8   922.12]]]
4216	[[[2056.2002 1039.8     700.52  ]]]
4217	[[[2056.2002 1038.6001  696.2   ]]]
4218	[[[2052.6    1038.6001  698.6   ]]]
4219	[[[2059.8    1042.2001  932.96  ]]]
4220	[[[2055.   1041.    698.36]]]
4221	[[[2052.6    1038.6001  698.76  ]]]
4222	[[[2052.6    1038.6001  698.76  ]]]
4223	[[[2053.8  1039.8   927.64]]]
4224	[[[2056.2002 1038.6001  700.88  ]]]
4225	[[[2058.6     1041.       925.80005]]]
4226	[[[2057.4001 1041.      698.72  ]]]
4227	[[[2053.8    1042.2001  925.6   ]]]
4228	[[[2055.     1038.6001  921.96  ]]]
4229	[[[2056.2002 1038.6001  696.44  ]]]
4230	[[[2052.6    1038.6001  698.4   ]]]
4231	[[[2053.8     1038.6001   921.83997]]]
4232	[[[2052.6    1042.2001  925.4   ]]]
4233	[[[2053.8  1039.8   928.44]]]
4234	[[[2053.8    1038.6001  922.48  ]]]
4235	[[[2053.8  1039.8   927.88]]]
4236	[[[2056.2002 1036.2001  698.84  ]]]
4237	[[[2055.     1038.6001  696.24  ]]]
4238	[[[2055.     1038.6001  696.24  ]]]
4239	[[[2053.8  1043.4   925.52]]]
4240	[[[2053.8    1038.6001  921.96  ]]]
4241	[[[2056.2002 1038.6001  696.44  ]]]
4242	[[[2055.   1039.8   928.48]]]
4243	[[[2056.2002 1038.6001  700.56  ]]]
4244	[[[2053.8    1038.6001  922.2   ]]]
4245	[[[2055.   1039.8   928.84]]]
4246	[[[2053.8    1038.6001  922.28  ]]]
4247	[[[2055.   1037.4   701.12]]]
4248	[[[2053.8     1038.6001   922.04004]]]
4249	[[[2056.2002 1035.      698.16  ]]]
4250	[[[2055.     1038.6001  701.08  ]]]
4251	[[[2053.8     1037.4      938.56006]]]
4252	[[[2053.8 1037.4  938.6]]]
4253	[[[2050.2002 1038.6001  925.    ]]]
4254	[[[2055.      1039.8      928.72003]]]
4255	[[[2053.8    1038.6001  922.36  ]]]
4256	[[[2052.6  1037.4   698.84]]]
4257	[[[2056.2002 1041.      699.    ]]]
4258	[[[2055.   1041.    698.72]]]
4259	[[[2055.     1038.6001  700.64  ]]]
4260	[[[2053.8     1039.8      927.72003]]]
4261	[[[2052.6     1039.8      927.80005]]]
4262	[[[2055.     1038.6001  696.56  ]]]
4263	[[[2052.6     1039.8      928.04004]]]
4264	[[[2053.8    1038.6001  696.36  ]]]
4265	[[[2053.8  1039.8   927.88]]]
4266	[[[2052.6  1039.8   928.32]]]
4267	[[[2055.      1039.8      928.56006]]]
4268	[[[2053.8     1039.8      928.56006]]]
4269	[[[2053.8     1039.8      927.80005]]]
4270	[[[2055.     1038.6001  696.4   ]]]
4271	[[[2056.2002  1042.2001   926.16003]]]
4272	[[[2053.8    1038.6001  696.56  ]]]
4273	[[[2055.     1036.2001  698.6   ]]]
4274	[[[2055.   1041.    698.64]]]
4275	[[[2053.8    1038.6001  700.88  ]]]
4276	[[[2052.6    1038.6001  921.96  ]]]
4277	[[[2052.6     1037.4      927.56006]]]
4278	[[[2052.6    1038.6001  928.12  ]]]
4279	[[[2052.6 1037.4  922.4]]]
4280	[[[2055.   1037.4   700.36]]]
4281	[[[2053.8  1037.4   700.88]]]
4282	[[[2051.4001  1041.       925.80005]]]
4283	[[[2051.4001 1036.2001  698.96  ]]]
4284	[[[2052.6  1037.4   927.96]]]
4285	[[[2053.8    1038.6001  928.96  ]]]
4286	[[[2053.8    1036.2001  700.64  ]]]
4287	[[[2055.     1036.2001  700.72  ]]]
4288	[[[2053.8    1036.2001  700.68  ]]]
4289	[[[2052.6     1037.4      921.80005]]]
4290	[[[2052.6  1037.4   921.96]]]
4291	[[[2051.4001 1037.4     928.12  ]]]
4292	[[[2051.4001  1037.4      927.80005]]]
4293	[[[2053.8    1036.2001  696.36  ]]]
4294	[[[2052.6  1037.4   701.08]]]
4295	[[[2052.6  1037.4   701.24]]]
4296	[[[2051.4001 1036.2001  922.28  ]]]
4297	[[[2051.4001 1036.2001  921.64  ]]]
4298	[[[2053.8    1036.2001  700.48  ]]]
4299	[[[2056.2002 1039.8     932.6   ]]]
4300	[[[2052.6    1036.2001  700.96  ]]]
4301	[[[2052.6    1036.2001  700.96  ]]]
4302	[[[2051.4001  1036.2001   921.72003]]]
4303	[[[2052.6    1032.6001  697.84  ]]]
4304	[[[2052.6  1035.    700.84]]]
4305	[[[2052.6    1036.2001  701.12  ]]]
4306	[[[2051.4001  1036.2001   922.04004]]]
4307	[[[2052.6 1035.   701. ]]]
4308	[[[2055.     1038.6001  926.76  ]]]
4309	[[[2055.  1033.8  699. ]]]
4310	[[[2052.6  1035.    700.84]]]
4311	[[[2052.6 1035.   701. ]]]
4312	[[[2047.8     1036.2001   925.16003]]]
4313	[[[2047.8     1033.8      925.83997]]]
4314	[[[2052.6    1036.2001  928.36  ]]]
4315	[[[2052.6  1035.    700.88]]]
4316	[[[2051.4001 1035.      696.68  ]]]
4317	[[[2052.6    1032.6001  925.44  ]]]
4318	[[[2051.4001  1036.2001   928.56006]]]
4319	[[[2052.6  1035.    700.92]]]
4320	[[[2051.4001 1036.2001  928.12  ]]]
4321	[[[2051.4001 1036.2001  928.96  ]]]
4322	[[[2050.2002 1033.8     699.2   ]]]
4323	[[[2053.8  1037.4   699.12]]]
4324	[[[2051.4001 1036.2001  928.48  ]]]
4325	[[[2052.6     1036.2001   928.80005]]]
4326	[[[2051.4001 1035.      922.2   ]]]
4327	[[[2053.8  1037.4   698.52]]]
4328	[[[2053.8  1035.    700.64]]]
4329	[[[2053.8  1035.    696.48]]]
4330	[[[2053.8  1035.    700.96]]]
4331	[[[2053.8  1035.    700.72]]]
4332	[[[2053.8  1035.    696.48]]]
4333	[[[2053.8  1035.    696.56]]]
4334	[[[2051.4001 1035.      928.24  ]]]
4335	[[[2051.4001 1035.      922.2   ]]]
4336	[[[2051.4001 1033.8     699.04  ]]]
4337	[[[2053.8  1033.8   696.72]]]
4338	[[[2053.8  1035.    701.08]]]
4339	[[[2056.2002  1037.4      926.83997]]]
4340	[[[2052.6    1036.2001  928.96  ]]]
4341	[[[2053.8  1035.    701.16]]]
4342	[[[2052.6  1035.    922.12]]]
4343	[[[2052.6  1035.    922.52]]]
4344	[[[2053.8     1036.2001   928.72003]]]
4345	[[[2052.6  1033.8   921.76]]]
4346	[[[2053.8  1035.    700.92]]]
4347	[[[2053.8  1033.8   700.88]]]
4348	[[[2052.6     1033.8      928.04004]]]
4349	[[[2052.6     1035.       928.72003]]]
4350	[[[2053.8  1033.8   696.64]]]
4351	[[[2055.   1033.8   701.12]]]
4352	[[[2052.6     1037.4      925.83997]]]
4353	[[[2053.8  1035.    928.88]]]
4354	[[[2053.8     1033.8      922.16003]]]
4355	[[[2053.8  1033.8   928.12]]]
4356	[[[2055.     1036.2001  698.92  ]]]
4357	[[[2052.6 1037.4  926. ]]]
4358	[[[2053.8  1033.8   921.96]]]
4359	[[[2053.8  1033.8   922.28]]]
4360	[[[2056.2002 1033.8     701.08  ]]]
4361	[[[2055.   1033.8   701.04]]]
4362	[[[2053.8     1035.       928.80005]]]
4363	[[[2053.8  1033.8   922.52]]]
4364	[[[2055.      1035.       929.04004]]]
4365	[[[2053.8 1033.8  922.2]]]
4366	[[[2055.  1035.   929.2]]]
4367	[[[2055.     1036.2001  699.    ]]]
4368	[[[2055.      1035.       929.56006]]]
4369	[[[2055.   1033.8   701.24]]]
4370	[[[2053.8 1033.8  922.2]]]
4371	[[[2055.  1033.8  701.2]]]
4372	[[[2053.8  1033.8   922.28]]]
4373	[[[2053.8     1033.8      922.72003]]]
4374	[[[2055.  1033.8  701.2]]]
4375	[[[2050.2002  1033.8      925.92004]]]
4376	[[[2052.6  1035.    929.12]]]
4377	[[[2052.6  1033.8   928.88]]]
4378	[[[2052.6 1035.   928.4]]]
4379	[[[2055.   1033.8   701.28]]]
4380	[[[2055.   1035.    929.36]]]
4381	[[[2052.6  1037.4   926.24]]]
4382	[[[2053.8  1033.8   922.12]]]
4383	[[[2055.      1035.       929.80005]]]
4384	[[[2052.6 1037.4  926.4]]]
4385	[[[2055.     1032.6001  701.    ]]]
4386	[[[2055.     1032.6001  697.    ]]]
4387	[[[2052.6  1033.8   929.12]]]
4388	[[[2052.6     1037.4      925.83997]]]
4389	[[[2053.8  1033.8   928.36]]]
4390	[[[2055.     1032.6001  701.4   ]]]
4391	[[[2053.8 1033.8  922.8]]]
4392	[[[2052.6  1033.8   928.88]]]
4393	[[[2053.8    1032.6001  922.4   ]]]
4394	[[[2052.6    1032.6001  922.64  ]]]
4395	[[[2053.8    1032.6001  701.2   ]]]
4396	[[[2055.   1029.    698.44]]]
4397	[[[2056.2002 1035.      699.28  ]]]
4398	[[[2055.     1032.6001  696.44  ]]]
4399	[[[2053.8  1033.8   928.48]]]
4400	[[[2053.8     1033.8      928.80005]]]
4401	[[[2055.     1032.6001  701.16  ]]]
4402	[[[2056.2002 1035.      698.96  ]]]
4403	[[[2053.8  1033.8   928.68]]]
4404	[[[2053.8     1033.8      928.80005]]]
4405	[[[2053.8    1032.6001  922.52  ]]]
4406	[[[2055.     1032.6001  701.4   ]]]
4407	[[[2052.6    1032.6001  698.8   ]]]
4408	[[[2056.2002 1035.      699.04  ]]]
4409	[[[2053.8    1032.6001  922.76  ]]]
4410	[[[2050.2002 1033.8     925.32  ]]]
4411	[[[2053.8    1032.6001  939.12  ]]]
4412	[[[2055.     1032.6001  701.04  ]]]
4413	[[[2056.2002 1032.6001  700.72  ]]]
4414	[[[2055.     1036.2001  698.44  ]]]
4415	[[[2055.   1035.    928.48]]]
4416	[[[2055.  1033.8  696.4]]]
4417	[[[2056.2002 1036.2001  699.04  ]]]
4418	[[[2055.   1035.    928.96]]]
4419	[[[2053.8     1035.       928.56006]]]
4420	[[[2055. 1035.  929.]]]
4421	[[[2058.6  1037.4   933.08]]]
4422	[[[2053.8 1033.8  922.2]]]
4423	[[[2056.2002 1033.8     700.76  ]]]
4424	[[[2053.8 1035.   922.2]]]
4425	[[[2053.8     1033.8      927.72003]]]
4426	[[[2055.   1033.8   700.88]]]
4427	[[[2057.4001  1036.2001   925.92004]]]
4428	[[[2053.8  1035.    922.28]]]
4429	[[[2053.8    1036.2001  928.88  ]]]
4430	[[[2055.   1035.    700.88]]]
4431	[[[2055.   1035.    701.04]]]
4432	[[[2055.   1035.    700.68]]]
4433	[[[2056.2002 1037.4     698.48  ]]]
4434	[[[2055.   1035.    700.52]]]
4435	[[[2055.     1036.2001  700.92  ]]]
4436	[[[2052.6  1035.    698.84]]]
4437	[[[2056.2002 1036.2001  700.76  ]]]
4438	[[[2057.4001  1039.8      926.16003]]]
4439	[[[2053.8     1036.2001   921.80005]]]
4440	[[[2053.8     1036.2001   921.80005]]]
4441	[[[2053.8 1037.4  922.2]]]
4442	[[[2056.2002  1038.6001   929.04004]]]
4443	[[[2053.8     1037.4      927.80005]]]
4444	[[[2055.      1038.6001   928.80005]]]
4445	[[[2056.2002 1038.6001  928.68  ]]]
4446	[[[2055.   1037.4   700.64]]]
4447	[[[2055.     1036.2001  695.64  ]]]
4448	[[[2056.2002 1033.8     697.88  ]]]
4449	[[[2055.   1037.4   700.84]]]
4450	[[[2056.2002 1039.8     698.72  ]]]
4451	[[[2053.8    1038.6001  927.6   ]]]
4452	[[[2053.8  1037.4   921.76]]]
4453	[[[2053.8  1037.4   938.12]]]
4454	[[[2057.4001  1039.8      925.16003]]]
4455	[[[2055.     1038.6001  700.96  ]]]
4456	[[[2053.8  1037.4   921.96]]]
4457	[[[2055.      1039.8      928.56006]]]
4458	[[[2053.8    1038.6001  921.96  ]]]
4459	[[[2055.  1039.8  928.2]]]
4460	[[[2056.2002 1038.6001  696.04  ]]]
4461	[[[2055.      1039.8      927.92004]]]
4462	[[[2056.2002 1038.6001  695.96  ]]]
4463	[[[2058.6     1041.       925.16003]]]
4464	[[[2056.2002 1038.6001  696.2   ]]]
4465	[[[2062.2002 1044.6001  929.76  ]]]
4466	[[[2056.2002 1042.2001  698.52  ]]]
4467	[[[2055.   1041.    927.64]]]
4468	[[[2057.4001 1042.2001  698.48  ]]]
4469	[[[2056.2002 1039.8     700.52  ]]]
4470	[[[2056.2002 1039.8     700.28  ]]]
4471	[[[2057.4001 1042.2001  698.32  ]]]
4472	[[[2056.2002 1041.      700.52  ]]]
4473	[[[2058.6     1042.2001   925.16003]]]
4474	[[[2053.8  1041.    927.48]]]
4475	[[[2053.8  1039.8   698.68]]]
4476	[[[2056.2002 1042.2001  928.68  ]]]
4477	[[[2056.2002 1038.6001  924.52  ]]]
4478	[[[2056.2002 1041.      700.56  ]]]
4479	[[[2053.8  1039.8   698.48]]]
4480	[[[2056.2002 1042.2001  927.64  ]]]
4481	[[[2056.2002 1042.2001  700.32  ]]]
4482	[[[2053.8    1042.2001  921.64  ]]]
4483	[[[2055.     1042.2001  921.4   ]]]
4484	[[[2055.   1043.4   927.88]]]
4485	[[[2056.2002 1043.4     927.88  ]]]
4486	[[[2053.8    1042.2001  921.28  ]]]
4487	[[[2053.8    1042.2001  927.32  ]]]
4488	[[[2053.8    1042.2001  927.    ]]]
4489	[[[2053.8  1045.8   924.28]]]
4490	[[[2055.     1042.2001  700.32  ]]]
4491	[[[2053.8    1042.2001  927.24  ]]]
4492	[[[2056.2002 1042.2001  695.72  ]]]
4493	[[[2056.2002 1042.2001  695.76  ]]]
4494	[[[2055.   1043.4   700.76]]]
4495	[[[2053.8 1043.4  927. ]]]
4496	[[[2058.6    1044.6001  925.24  ]]]
4497	[[[2056.2002 1043.4     695.8   ]]]
4498	[[[2053.8    1044.6001  927.68  ]]]
4499	[[[2055.   1045.8   697.52]]]
4500	[[[2053.8    1048.2001  924.24  ]]]
4501	[[[2052.6    1042.2001  697.88  ]]]
4502	[[[2053.8    1044.6001  927.32  ]]]
4503	[[[2053.8    1048.2001  924.36  ]]]
4504	[[[2056.2002 1041.      697.68  ]]]
4505	[[[2055.  1045.8  927. ]]]
4506	[[[2055.     1044.6001  695.28  ]]]
4507	[[[2055.   1043.4   700.28]]]
4508	[[[2055.     1044.6001  700.04  ]]]
4509	[[[2050.2002 1045.8     924.    ]]]
4510	[[[2057.4001 1047.      924.68  ]]]
4511	[[[2053.8  1045.8   926.68]]]
4512	[[[2053.8     1045.8      926.92004]]]
4513	[[[2055.     1042.2001  697.56  ]]]
4514	[[[2053.8  1045.8   921.28]]]
4515	[[[2053.8  1045.8   926.68]]]
4516	[[[2053.8  1045.8   920.96]]]
4517	[[[2052.6 1049.4  924.6]]]
4518	[[[2053.8  1045.8   695.64]]]
4519	[[[2053.8  1045.8   695.36]]]
4520	[[[2053.8 1045.8  695.4]]]
4521	[[[2052.6  1045.8   920.96]]]
4522	[[[2052.6  1045.8   920.96]]]
4523	[[[2052.6 1047.   927. ]]]
4524	[[[2055.     1048.2001  697.96  ]]]
4525	[[[2053.8  1045.8   699.92]]]
4526	[[[2056.2002 1047.      697.72  ]]]
4527	[[[2053.8  1045.8   699.88]]]
4528	[[[2055.     1048.2001  697.72  ]]]
4529	[[[2053.8  1047.    927.32]]]
4530	[[[2053.8    1048.2001  698.    ]]]
4531	[[[2053.8  1047.    927.48]]]
4532	[[[2053.8  1045.8   699.48]]]
4533	[[[2052.6    1044.6001  695.2   ]]]
4534	[[[2052.6  1045.8   926.76]]]
4535	[[[2052.6  1045.8   700.28]]]
4536	[[[2051.4001 1045.8     926.44  ]]]
4537	[[[2051.4001  1045.8      926.92004]]]
4538	[[[2053.8    1042.2001  697.04  ]]]
4539	[[[2052.6    1044.6001  700.    ]]]
4540	[[[2052.6  1047.    927.52]]]
4541	[[[2053.8  1045.8   699.36]]]
4542	[[[2053.8    1042.2001  697.12  ]]]
4543	[[[2052.6    1044.6001  699.88  ]]]
4544	[[[2052.6    1044.6001  699.88  ]]]
4545	[[[2051.4001 1049.4     924.56  ]]]
4546	[[[2052.6    1044.6001  699.8   ]]]
4547	[[[2052.6 1045.8  700.2]]]
4548	[[[2051.4001 1044.6001  920.48  ]]]
4549	[[[2053.8    1044.6001  699.4   ]]]
4550	[[[2051.4001 1044.6001  920.48  ]]]
4551	[[[2052.6  1047.    927.44]]]
4552	[[[2052.6    1044.6001  699.76  ]]]
4553	[[[2051.4001 1044.6001  695.56  ]]]
4554	[[[2056.2002 1048.2001  931.28  ]]]
4555	[[[2051.4001 1042.2001  923.48  ]]]
4556	[[[2051.4001 1045.8     926.76  ]]]
4557	[[[2052.6    1044.6001  699.88  ]]]
4558	[[[2052.6  1047.    697.48]]]
4559	[[[2051.4001 1045.8     926.44  ]]]
4560	[[[2050.2002 1045.8     926.24  ]]]
4561	[[[2052.6    1044.6001  699.44  ]]]
4562	[[[2051.4001 1045.8     926.44  ]]]
4563	[[[2053.8    1042.2001  697.32  ]]]
4564	[[[2052.6  1045.8   927.32]]]
4565	[[[2052.6  1043.4   699.36]]]
4566	[[[2049.   1043.4   697.36]]]
4567	[[[2052.6  1043.4   695.28]]]
4568	[[[2050.2002  1043.4      926.56006]]]
4569	[[[2051.4001 1044.6001  926.    ]]]
4570	[[[2055.      1045.8      923.92004]]]
4571	[[[2052.6  1043.4   699.56]]]
4572	[[[2052.6  1045.8   927.32]]]
4573	[[[2047.8  1045.8   924.44]]]
4574	[[[2052.6    1044.6001  700.04  ]]]
4575	[[[2050.2002 1048.2001  923.6   ]]]
4576	[[[2051.4001 1044.6001  920.64  ]]]
4577	[[[2051.4001 1045.8     926.24  ]]]
4578	[[[2051.4001 1044.6001  937.2   ]]]
4579	[[[2052.6  1045.8   927.76]]]
4580	[[[2052.6 1045.8  927. ]]]
4581	[[[2051.4001 1045.8     926.64  ]]]
4582	[[[2051.4001  1044.6001   920.72003]]]
4583	[[[2050.2002 1048.2001  924.36  ]]]
4584	[[[2050.2002 1048.2001  923.48  ]]]
4585	[[[2053.8    1044.6001  699.72  ]]]
4586	[[[2055.   1047.    924.12]]]
4587	[[[2050.2002 1045.8     926.32  ]]]
4588	[[[2051.4001 1044.6001  937.08  ]]]
4589	[[[2047.8 1045.8  923.6]]]
4590	[[[2051.4001 1045.8     920.4   ]]]
4591	[[[2051.4001 1045.8     920.4   ]]]
4592	[[[2051.4001 1047.      926.32  ]]]
4593	[[[2052.6    1044.6001  699.8   ]]]
4594	[[[2051.4001 1045.8     920.56  ]]]
4595	[[[2051.4001 1047.      926.96  ]]]
4596	[[[2053.8  1045.8   694.72]]]
4597	[[[2051.4001 1047.      927.28  ]]]
4598	[[[2051.4001 1045.8     921.    ]]]
4599	[[[2052.6  1045.8   695.52]]]
4600	[[[2051.4001  1045.8      920.92004]]]
4601	[[[2052.6    1044.6001  699.32  ]]]
4602	[[[2052.6 1043.4  697.8]]]
4603	[[[2055.   1049.4   924.84]]]
4604	[[[2051.4001 1049.4     923.24  ]]]
4605	[[[2050.2002 1049.4     924.12  ]]]
4606	[[[2047.8     1047.       923.92004]]]
4607	[[[2051.4001 1047.      926.24  ]]]
4608	[[[2051.4001 1047.      920.8   ]]]
4609	[[[2051.4001 1045.8     920.88  ]]]
4610	[[[2052.6 1045.8  700. ]]]
4611	[[[2056.2002 1048.2001  924.44  ]]]
4612	[[[2051.4001 1047.      926.68  ]]]
4613	[[[2056.2002 1048.2001  925.    ]]]
4614	[[[2051.4001 1047.      926.68  ]]]
4615	[[[2056.2002 1048.2001  924.28  ]]]
4616	[[[2057.4001 1049.4     931.76  ]]]
4617	[[[2050.2002 1045.8     697.36  ]]]
4618	[[[2053.8  1045.8   695.32]]]
4619	[[[2053.8    1048.2001  697.8   ]]]
4620	[[[2053.8  1045.8   699.88]]]
4621	[[[2052.6     1049.4      923.83997]]]
4622	[[[2055.     1048.2001  697.96  ]]]
4623	[[[2053.8  1045.8   699.92]]]
4624	[[[2051.4001 1050.6001  924.52  ]]]
4625	[[[2052.6  1045.8   937.48]]]
4626	[[[2052.6  1047.    920.96]]]
4627	[[[2053.8  1047.    927.08]]]
4628	[[[2053.8 1045.8  700. ]]]
4629	[[[2053.8  1045.8   700.04]]]
4630	[[[2053.8  1047.    927.48]]]
4631	[[[2051.4001 1044.6001  697.96  ]]]
4632	[[[2053.8     1047.       927.80005]]]
4633	[[[2053.8    1044.6001  700.    ]]]
4634	[[[2056.2002 1047.      924.6   ]]]
4635	[[[2053.8    1042.2001  697.84  ]]]
4636	[[[2053.8    1044.6001  699.96  ]]]
4637	[[[2052.6     1044.6001   926.80005]]]
4638	[[[2055.   1045.8   928.44]]]
4639	[[[2053.8  1043.4   700.32]]]
4640	[[[2057.4001  1045.8      924.83997]]]
4641	[[[2052.6  1043.4   920.88]]]
4642	[[[2053.8  1045.8   928.12]]]
4643	[[[2053.8     1044.6001   926.92004]]]
4644	[[[2055.   1043.4   695.64]]]
4645	[[[2051.4001 1047.      924.6   ]]]
4646	[[[2055.   1043.4   695.68]]]
4647	[[[2052.6     1043.4      921.72003]]]
4648	[[[2052.6     1043.4      921.72003]
  [ 933.00006 1279.8      788.4    ]]]
4649	[[[2053.8    1044.6001  928.4   ]]]
4650	[[[2053.8    1044.6001  928.32  ]]]
4651	[[[2053.8    1044.6001  928.    ]]]
4652	[[[2052.6     1043.4      926.80005]]]
4653	[[[2052.6    1042.2001  921.2   ]]]
4654	[[[2053.8    1042.2001  700.6   ]]]
4655	[[[2053.8  1043.4   928.12]]]
4656	[[[2052.6    1042.2001  938.2   ]]]
4657	[[[2053.8    1042.2001  700.6   ]]]
4658	[[[2055.     1042.2001  699.88  ]]]
4659	[[[2055.   1041.    695.88]]]
4660	[[[2049.  1039.8  925. ]]]
4661	[[[2052.6  1041.    927.12]]]
4662	[[[2052.6     1042.2001   927.72003]]]
4663	[[[2053.8 1043.4  697.8]]]
4664	[[[2055.  1041.   700.2]]]
4665	[[[2053.8    1042.2001  928.36  ]]]
4666	[[[2053.8  1039.8   700.84]]]
4667	[[[2053.8 1041.   927. ]]]
4668	[[[2052.6  1041.    927.24]]]
4669	[[[2055.   1041.    928.12]]]
4670	[[[2052.6  1041.    928.08]]]
4671	[[[2055.     1042.2001  698.48  ]]]
4672	[[[2057.4001 1042.2001  925.68  ]]]
4673	[[[2053.8 1039.8  696.4]]]
4674	[[[2053.8 1039.8  921.4]]]
4675	[[[2055.   1039.8   700.36]]]
4676	[[[2050.2002 1039.8     924.52  ]]]
4677	[[[2057.4001 1041.      925.48  ]]]
4678	[[[2052.6    1038.6001  927.64  ]]]
4679	[[[2055.     1038.6001  696.16  ]]]
4680	[[[2053.8    1036.2001  698.44  ]]]
4681	[[[2055.      1039.8      928.72003]]]
4682	[[[2055.     1038.6001  700.68  ]]]
4683	[[[2053.8     1035.       924.16003]]]
4684	[[[2052.6    1038.6001  928.4   ]]]
4685	[[[2053.8    1038.6001  921.96  ]]]
4686	[[[2055.   1037.4   700.44]]]
4687	[[[2056.2002 1035.      698.32  ]]]
4688	[[[2053.8    1038.6001  927.68  ]]]
4689	[[[2055.   1037.4   695.84]]]
4690	[[[2056.2002 1037.4     700.28  ]]]
4691	[[[2055.      1038.6001   928.04004]]]
4692	[[[2053.8 1037.4  927.6]]]
4693	[[[2055.     1038.6001  928.28  ]]]
4694	[[[2053.8    1036.2001  938.28  ]]]
4695	[[[2055.     1036.2001  696.04  ]]]
4696	[[[2055.   1037.4   927.48]]]
4697	[[[2055.     1038.6001  698.08  ]]]
4698	[[[2055.   1037.4   928.48]]]
4699	[[[2056.2002 1036.2001  700.44  ]]]
4700	[[[2056.2002 1035.      696.12  ]]]
4701	[[[2050.2002  1036.2001   924.83997]]]
4702	[[[2059.8 1037.4  932. ]]]
4703	[[[2053.8     1036.2001   927.72003]]]
4704	[[[2053.8  1035.    927.48]]]
4705	[[[2055.   1035.    700.92]]]
4706	[[[2056.2002 1035.      696.12  ]]]
4707	[[[2056.2002 1035.      696.28  ]]]
4708	[[[2052.6  1033.8   698.24]]]
4709	[[[2053.8  1035.    921.96]]]
4710	[[[2055.   1035.    696.08]]]
4711	[[[2053.8     1035.       927.56006]]]
4712	[[[2053.8  1035.    927.48]]]
4713	[[[2056.2002 1033.8     700.48  ]]]
4714	[[[2052.6  1037.4   925.48]]]
4715	[[[2056.2002 1033.8     696.    ]]]
4716	[[[2056.2002 1033.8     700.6   ]]]
4717	[[[2056.2002 1035.      927.88  ]]]
4718	[[[2053.8    1036.2001  925.08  ]]]
4719	[[[2056.2002 1033.8     928.48  ]]]
4720	[[[2056.2002 1032.6001  696.28  ]]]
4721	[[[2058.6 1033.8  925.6]]]
4722	[[[2057.4001 1033.8     698.52  ]]]
4723	[[[2056.2002 1032.6001  928.64  ]]]
4724	[[[2058.6    1030.2001  698.6   ]]]
4725	[[[2056.2002 1031.4     700.48  ]]]
4726	[[[2055.   1031.4   927.64]]]
4727	[[[2052.6    1032.6001  924.64  ]]]
4728	[[[2055.     1032.6001  927.6   ]]]
4729	[[[2055.     1032.6001  928.28  ]]]
4730	[[[2056.2002 1030.2001  695.56  ]]]
4731	[[[2055.      1031.4      927.72003]]]
4732	[[[2056.2002  1032.6001   928.80005]]]
4733	[[[2059.8     1032.6001   925.80005]]]
4734	[[[2055.     1030.2001  938.36  ]]]
4735	[[[2057.4001 1030.2001  696.16  ]]]
4736	[[[2057.4001 1030.2001  696.24  ]]]
4737	[[[2056.2002 1030.2001  701.04  ]]]
4738	[[[2056.2002 1032.6001  698.    ]]]
4739	[[[2057.4001 1030.2001  700.32  ]]]
4740	[[[2057.4001  1027.8      925.16003]]]
4741	[[[2057.4001  1031.4      928.80005]]]
4742	[[[2057.4001 1031.4     928.48  ]]]
4743	[[[2056.2002 1031.4     928.2   ]]]
4744	[[[2056.2002 1030.2001  696.08  ]]]
4745	[[[2056.2002 1030.2001  696.08  ]]]
4746	[[[2055.   1029.    921.96]]]
4747	[[[2055.   1029.    921.96]]]
4748	[[[2051.4001 1030.2001  924.6   ]]]
4749	[[[2055.   1031.4   929.32]]]
4750	[[[2056.2002  1030.2001   927.80005]]]
4751	[[[2057.4001 1031.4     698.64  ]]]
4752	[[[2053.8  1027.8   698.12]]]
4753	[[[2056.2002 1025.4     924.76  ]]]
4754	[[[2056.2002 1027.8     700.88  ]]]
4755	[[[2056.2002 1029.      700.64  ]]]
4756	[[[2055.  1029.   927.4]]]
4757	[[[2057.4001 1031.4     698.36  ]]]
4758	[[[2055.      1032.6001   925.16003]]]
4759	[[[2057.4001 1030.2001  928.68  ]]]
4760	[[[2055.   1029.    927.48]]]
4761	[[[2056.2002  1030.2001   927.72003]]]
4762	[[[2053.8  1027.8   697.96]]]
4763	[[[2056.2002 1030.2001  928.12  ]]]
4764	[[[2055.      1029.       921.80005]]]
4765	[[[2056.2002 1029.      696.    ]]]
4766	[[[2056.2002 1029.      695.96  ]]]
4767	[[[2055.     1032.6001  925.48  ]]]
4768	[[[2056.2002 1029.      695.92  ]]]
4769	[[[2056.2002 1029.      696.    ]]]
4770	[[[2056.2002 1030.2001  928.2   ]]]
4771	[[[2056.2002 1027.8     700.8   ]]]
4772	[[[2056.2002  1029.       927.56006]]]
4773	[[[2056.2002 1027.8     701.    ]]]
4774	[[[2057.4001 1027.8     695.64  ]]]
4775	[[[2057.4001 1030.2001  698.52  ]]]
4776	[[[2057.4001  1029.       928.80005]]]
4777	[[[2057.4001 1026.6001  696.    ]]]
4778	[[[2057.4001 1026.6001  696.    ]]]
4779	[[[2059.8  1029.    925.36]]]
4780	[[[2056.2002  1029.       927.80005]]]
4781	[[[2055.      1026.6001   938.04004]]]
4782	[[[2057.4001 1024.2001  698.44  ]]]
4783	[[[2053.8    1030.2001  925.08  ]]]
4784	[[[2056.2002 1026.6001  701.04  ]]]
4785	[[[2056.2002 1026.6001  701.04  ]]]
4786	[[[2055.     1026.6001  921.68  ]]]
4787	[[[2053.8    1030.2001  925.64  ]]]
4788	[[[2055.     1026.6001  921.36  ]]]
4789	[[[2055.     1026.6001  921.68  ]]]
4790	[[[2055.  1025.4  926.4]]]
4791	[[[2055.   1027.8   927.96]]]
4792	[[[2055.   1027.8   928.28]]]
4793	[[[2055.     1026.6001  921.36  ]]]
4794	[[[2055.      1027.8      928.04004]]]
4795	[[[2055.     1026.6001  927.64  ]]]
4796	[[[2055.     1026.6001  921.44  ]]]
4797	[[[2055.  1029.   929.6]]]
4798	[[[2055.      1027.8      928.04004]]]
4799	[[[2056.2002 1025.4     695.8   ]]]
4800	[[[2056.2002  1023.00006  924.80005]]]
4801	[[[2056.2002 1027.8     927.96  ]]]
4802	[[[2059.8     1027.8      925.56006]]]
4803	[[[2055.      1025.4      927.56006]]]
4804	[[[2055.   1025.4   938.52]]]
4805	[[[2056.2002  1026.6001   927.83997]]]
4806	[[[2056.2002 1025.4     700.88  ]]]
4807	[[[2053.8 1025.4  698. ]]]
4808	[[[2056.2002 1026.6001  922.    ]]]
4809	[[[2056.2002  1023.00006  698.64   ]]]
4810	[[[2052.6    1026.6001  925.24  ]]]
4811	[[[2055.     1024.2001  698.72  ]]]
4812	[[[2056.2002 1026.6001  927.52  ]]]
4813	[[[2056.2002  1025.4      921.83997]]]
4814	[[[2052.6 1027.8  926.2]]]
4815	[[[2057.4001 1025.4     701.    ]]]
4816	[[[2057.4001 1026.6001  928.2   ]]]
4817	[[[2057.4001 1026.6001  928.6   ]]]
4818	[[[2055.   1025.4   698.08]]]
4819	[[[2057.4001 1026.6001  928.28  ]]]
4820	[[[2058.6 1027.8  698.6]]]
4821	[[[2056.2002  1025.4      927.88   ]
  [ 951.00006 1237.8      662.56   ]]]
4822	[[[2057.4001 1026.6001  927.96  ]]]
4823	[[[2058.6 1025.4  700.4]]]
4824	[[[2056.2002 1024.2001  698.96  ]]]
4825	[[[2058.6    1026.6001  928.64  ]]]
4826	[[[2059.8     1023.00006  698.08   ]]]
4827	[[[2057.4001 1026.6001  927.64  ]]]
4828	[[[2053.8    1026.6001  924.96  ]]]
4829	[[[2064.6     1030.2001   930.16003]]]
4830	[[[2056.2002  1026.6001   927.80005]]]
4831	[[[2057.4001  1026.6001   927.72003]]]
4832	[[[2058.6    1026.6001  700.56  ]]]
4833	[[[2056.2002  1026.6001   927.72003]]]
4834	[[[2057.4001 1026.6001  921.76  ]]]
4835	[[[2056.2002 1030.2001  925.32  ]]]
4836	[[[2056.2002 1030.2001  925.64  ]]]
4837	[[[2056.2002 1026.6001  927.64  ]]]
4838	[[[2056.2002 1026.6001  927.52  ]]]
4839	[[[2052.6     1027.8      925.56006]]]
4840	[[[2057.4001 1026.6001  701.    ]]]
4841	[[[2057.4001  1023.00006  698.52   ]]]
4842	[[[2058.6  1027.8   698.32]]]
4843	[[[2056.2002  1029.       924.56006]]]
4844	[[[2058.6     1021.80005  697.64   ]]]
4845	[[[2058.6 1025.4  696. ]]]
4846	[[[2057.4001 1026.6001  928.2   ]]]
4847	[[[2057.4001 1025.4     700.88  ]]]
4848	[[[2056.2002  1025.4      922.04004]]]
4849	[[[2062.2002 1027.8     932.24  ]]]
4850	[[[2055.  1025.4  697.8]]]
4851	[[[2058.6     1023.00006  698.36   ]]]
4852	[[[2056.2002 1025.4     927.88  ]]]
4853	[[[2057.4001 1026.6001  928.52  ]]]
4854	[[[2057.4001 1026.6001  927.64  ]]]
4855	[[[2058.6  1027.8   698.76]]]
4856	[[[2055.   1029.    925.32]]]
4857	[[[2057.4001 1025.4     701.    ]]]
4858	[[[2057.4001  1023.00006  929.36   ]]]
4859	[[[2061.      1026.6001   925.72003]]]
4860	[[[2056.2002 1024.2001  938.4   ]]]
4861	[[[2058.6    1024.2001  700.84  ]]]
4862	[[[2057.4001 1025.4     701.    ]]]
4863	[[[2057.4001 1024.2001  700.84  ]]]
4864	[[[2058.6    1024.2001  696.2   ]]]
4865	[[[2057.4001 1024.2001  700.88  ]]]
4866	[[[2058.6    1024.2001  696.16  ]]]
4867	[[[2057.4001 1025.4     927.64  ]]]
4868	[[[2059.8     1021.80005  697.72   ]]]
4869	[[[2056.2002 1029.      925.12  ]]]
4870	[[[2059.8     1021.80005  697.72   ]]]
4871	[[[2057.4001 1024.2001  921.68  ]]]
4872	[[[2056.2002 1025.4     927.44  ]]]
4873	[[[2057.4001 1024.2001  700.84  ]]]
4874	[[[2058.6    1024.2001  700.36  ]]]
4875	[[[2057.4001 1025.4     927.6   ]]]
4876	[[[2058.6     1026.6001   928.04004]]]
4877	[[[2058.6  1025.4   700.56]]]
4878	[[[2058.6    1024.2001  696.16  ]]]
4879	[[[2057.4001  1025.4      921.92004]]]
4880	[[[2057.4001  1026.6001   928.04004]]]
4881	[[[2058.6     1026.6001   928.83997]]]
4882	[[[2057.4001 1025.4     922.    ]]]
4883	[[[2057.4001 1026.6001  928.28  ]]]
4884	[[[2058.6 1025.4  700.4]]]
4885	[[[2061.   1029.    926.64]]]
4886	[[[2056.2002 1025.4     697.8   ]]]
4887	[[[2058.6    1026.6001  928.52  ]]]
4888	[[[2057.4001 1024.2001  937.76  ]]]
4889	[[[2057.4001 1024.2001  921.36  ]]]
4890	[[[2057.4001  1021.80005  924.24   ]]]
4891	[[[2062.2002 1026.6001  925.08  ]]]
4892	[[[2059.8    1024.2001  696.    ]]]
4893	[[[2059.8  1025.4   695.08]]]
4894	[[[2059.8    1024.2001  700.44  ]]]
4895	[[[2056.2002 1024.2001  698.08  ]]]
4896	[[[2058.6 1025.4  700.8]]]
4897	[[[2057.4001 1024.2001  921.36  ]]]
4898	[[[2055.     1026.6001  924.44  ]]]
4899	[[[2058.6  1025.4   700.84]]]
4900	[[[2057.4001 1024.2001  921.12  ]]]
4901	[[[2058.6    1024.2001  700.48  ]]]
4902	[[[2057.4001  1025.4      921.80005]]]
4903	[[[2058.6    1024.2001  700.52  ]]]
4904	[[[2058.6  1025.4   700.72]]]
4905	[[[2058.6    1024.2001  700.76  ]]]
4906	[[[2058.6  1025.4   700.52]]]
4907	[[[2057.4001 1024.2001  937.6   ]]]
4908	[[[2058.6    1024.2001  700.56  ]]]
4909	[[[2056.2002 1029.      925.52  ]]]
4910	[[[2056.2002  1029.       924.83997]]]
4911	[[[2058.6    1024.2001  696.12  ]]]
4912	[[[2058.6  1025.4   700.52]]]
4913	[[[2057.4001  1025.4      921.80005]]]
4914	[[[2057.4001 1025.4     921.36  ]]]
4915	[[[2058.6 1025.4  700.8]]]
4916	[[[2057.4001 1026.6001  927.6   ]]]
4917	[[[2064.6    1030.2001  929.6   ]]]
4918	[[[2059.8  1025.4   700.32]]]
4919	[[[2053.8 1025.4  924.4]]]
4920	[[[2057.4001 1025.4     921.36  ]]]
4921	[[[2057.4001 1025.4     921.64  ]]]
4922	[[[2058.6    1026.6001  928.48  ]]]
4923	[[[2058.6  1025.4   695.88]]]
4924	[[[2062.2002 1027.8     925.4   ]]]
4925	[[[2058.6  1025.4   700.76]]]
4926	[[[2058.6    1026.6001  928.6   ]]]
4927	[[[2059.8  1027.8   698.56]]]
4928	[[[2058.6  1025.4   700.88]]]
4929	[[[2057.4001 1026.6001  927.64  ]]]
4930	[[[2059.8     1021.80005  698.     ]]]
4931	[[[2056.2002 1024.2001  698.88  ]]]
4932	[[[2057.4001 1024.2001  937.96  ]]]
4933	[[[2058.6  1025.4   700.88]]]
4934	[[[2058.6    1026.6001  927.64  ]]]
4935	[[[2058.6    1024.2001  700.52  ]]]
4936	[[[2058.6    1024.2001  700.72  ]]]
4937	[[[2057.4001 1025.4     921.76  ]]]
4938	[[[2059.8 1025.4  700. ]]]
4939	[[[2059.8  1025.4   700.16]]]
4940	[[[2059.8    1024.2001  696.2   ]]]
4941	[[[2057.4001 1024.2001  921.68  ]]]
4942	[[[2059.8    1024.2001  695.92  ]]]
4943	[[[2057.4001 1024.2001  921.36  ]]]
4944	[[[2057.4001 1024.2001  921.44  ]]]
4945	[[[2058.6    1024.2001  700.76  ]]]
4946	[[[2057.4001 1024.2001  921.44  ]]]
4947	[[[2057.4001 1024.2001  921.68  ]]]
4948	[[[2057.4001 1025.4     921.44  ]]]
4949	[[[2059.8    1024.2001  695.88  ]]]
4950	[[[2059.8  1025.4   700.36]]]
4951	[[[2059.8  1027.8   698.52]]]
4952	[[[2058.6  1025.4   696.28]]]
4953	[[[2057.4001 1025.4     921.88  ]]]
4954	[[[2062.2002 1026.6001  925.6   ]]]
4955	[[[2057.4001  1025.4      927.56006]]]
4956	[[[2058.6    1024.2001  700.6   ]]]
4957	[[[2056.2002 1024.2001  698.56  ]]]
4958	[[[2058.6     1026.6001   928.56006]]]
4959	[[[2059.8     1021.80005  697.64   ]]]
4960	[[[2059.8  1025.4   700.16]]]
4961	[[[2058.6  1025.4   700.68]]]
4962	[[[2059.8  1025.4   700.12]]]
4963	[[[2058.6    1024.2001  700.28  ]]]
4964	[[[2059.8  1025.4   700.12]]]
4965	[[[2058.6  1025.4   700.76]]]
4966	[[[2058.6  1025.4   700.76]]]
4967	[[[2058.6    1026.6001  928.12  ]]]
4968	[[[2058.6 1025.4  700.8]]]
4969	[[[2056.2002 1025.4     698.04  ]]]
4970	[[[2057.4001 1026.6001  921.52  ]]]
4971	[[[2058.6    1026.6001  700.64  ]]]
4972	[[[2058.6    1026.6001  700.64  ]]]
4973	[[[2057.4001  1026.6001   927.72003]]]
4974	[[[2058.6  1027.8   928.12]]]
4975	[[[2057.4001 1030.2001  925.4   ]]]
4976	[[[2057.4001  1025.4      927.72003]]]
4977	[[[2059.8     1023.00006  697.56   ]]]
4978	[[[2058.6    1026.6001  700.68  ]]]
4979	[[[2058.6  1027.8   927.52]]]
4980	[[[2057.4001 1026.6001  927.52  ]]]
4981	[[[2058.6    1026.6001  700.64  ]]]
4982	[[[2057.4001 1026.6001  927.48  ]]]
4983	[[[2061.     1024.2001  698.24  ]]]
4984	[[[2058.6  1027.8   927.48]]]
4985	[[[2058.6    1026.6001  696.24  ]]]
4986	[[[2059.8     1027.8      928.04004]]]
4987	[[[2058.6    1026.6001  696.24  ]]]
4988	[[[2059.8    1026.6001  700.56  ]]]
4989	[[[2059.8 1029.   698. ]]]
4990	[[[2057.4001 1025.4     698.6   ]]]
4991	[[[2059.8    1026.6001  696.16  ]]]
4992	[[[2057.4001 1025.4     698.56  ]]]
4993	[[[2057.4001  1026.6001   927.72003]]]
4994	[[[2058.6    1026.6001  921.68  ]]]
4995	[[[2059.8  1027.8   700.64]]]
4996	[[[2058.6  1031.4   925.32]]]
4997	[[[2058.6     1026.6001   938.04004]]]
4998	[[[2063.4001  1029.       925.16003]]]
4999	[[[2059.8     1029.       927.80005]]]
5000	[[[2061.   1027.8   700.08]]]
5001	[[[2058.6  1031.4   924.96]]]
5002	[[[2058.6     1027.8      927.16003]]]
5003	[[[2059.8     1029.       927.72003]]]
5004	[[[2059.8 1029.   927.4]]]
5005	[[[2059.8     1029.       927.72003]]]
5006	[[[2058.6  1027.8   927.12]]]
5007	[[[2059.8     1029.       927.56006]]]
5008	[[[2059.8  1027.8   695.88]]]
5009	[[[2059.8     1029.       927.80005]]]
5010	[[[2059.8     1029.       928.04004]]]
5011	[[[2059.8  1027.8   700.36]]]
5012	[[[2058.6     1029.       927.56006]]]
5013	[[[2058.6     1027.8      927.56006]]]
5014	[[[2059.8     1029.       927.16003]]]
5015	[[[2059.8  1027.8   921.44]]]
5016	[[[2061.      1029.       927.80005]]]
5017	[[[2061.   1027.8   700.16]]]
5018	[[[2061.   1027.8   700.08]]]
5019	[[[2059.8     1029.       927.56006]]]
5020	[[[2061.     1030.2001  698.12  ]]]
5021	[[[2058.6  1027.8   927.48]]]
5022	[[[2058.6  1027.8   927.24]]]
5023	[[[2059.8     1029.       926.83997]]]
5024	[[[2061.   1027.8   700.32]]]
5025	[[[2057.4001 1030.2001  924.32  ]]]
5026	[[[2061.      1030.2001   928.04004]]]
5027	[[[2063.4001  1031.4      925.83997]]]
5028	[[[2059.8  1029.    921.28]]]
5029	[[[2061.     1030.2001  928.24  ]]]
5030	[[[2056.2002 1030.2001  925.6   ]]]
5031	[[[2059.8  1027.8   927.24]]]
5032	[[[2059.8  1029.    921.64]]]
5033	[[[2062.2002 1027.8     696.04  ]]]
5034	[[[2059.8  1027.8   698.28]]]
5035	[[[2062.2002 1029.      700.2   ]]]
5036	[[[2062.2002 1030.2001  928.48  ]]]
5037	[[[2061.     1030.2001  928.12  ]]]
5038	[[[2062.2002 1029.      700.2   ]]]
5039	[[[2062.2002  1030.2001   928.56006]]]
5040	[[[2062.2002 1029.      700.36  ]]]
5041	[[[2063.4001 1026.6001  697.68  ]]]
5042	[[[2062.2002 1030.2001  700.76  ]]]
5043	[[[2062.2002 1030.2001  696.24  ]]]
5044	[[[2062.2002 1030.2001  700.32  ]]]
5045	[[[2061.     1030.2001  927.64  ]]]
5046	[[[2062.2002 1030.2001  695.8   ]]]
5047	[[[2062.2002 1031.4     928.    ]]]
5048	[[[2063.4001 1030.2001  700.04  ]]]
5049	[[[2062.2002 1029.      700.36  ]]]
5050	[[[2062.2002 1030.2001  700.44  ]]]
5051	[[[2061.   1029.    938.12]]]
5052	[[[2063.4001 1030.2001  695.72  ]]]
5053	[[[2062.2002 1029.      695.52  ]]]
5054	[[[2062.2002  1026.6001   924.16003]]]
5055	[[[2063.4001 1030.2001  695.68  ]]]
5056	[[[2063.4001 1030.2001  700.12  ]]]
5057	[[[2062.2002 1031.4     928.24  ]]]
5058	[[[2061.      1031.4      927.92004]]]
5059	[[[2062.2002 1031.4     927.24  ]]]
5060	[[[2061.      1030.2001   927.80005]]]
5061	[[[2062.2002 1031.4     927.64  ]]]
5062	[[[2065.8  1033.8   925.08]]]
5063	[[[2062.2002 1030.2001  700.72  ]]]
5064	[[[2063.4001 1030.2001  700.24  ]]]
5065	[[[2063.4001 1027.8     698.48  ]]]
5066	[[[2063.4001 1030.2001  700.12  ]]]
5067	[[[2062.2002 1030.2001  695.84  ]]]
5068	[[[2057.4001 1030.2001  924.32  ]]]
5069	[[[2062.2002 1031.4     927.4   ]]]
5070	[[[2059.8    1030.2001  697.96  ]]]
5071	[[[2061.   1031.4   926.96]]]
5072	[[[2059.8    1030.2001  697.96  ]]]
5073	[[[2062.2002  1031.4      927.72003]]]
5074	[[[2062.2002 1030.2001  695.76  ]]]
5075	[[[2061.     1030.2001  921.44  ]]]
5076	[[[2061.      1031.4      927.16003]]]
5077	[[[2062.2002  1031.4      927.80005]]]
5078	[[[2062.2002 1030.2001  700.92  ]]]
5079	[[[2063.4001 1030.2001  695.84  ]]]
5080	[[[2063.4001 1030.2001  695.88  ]]]
5081	[[[2063.4001 1027.8     698.24  ]]]
5082	[[[2063.4001 1030.2001  696.08  ]]]
5083	[[[2061.   1031.4   928.12]]]
5084	[[[2062.2002 1030.2001  700.92  ]]]
5085	[[[2057.4001 1029.      925.24  ]]]
5086	[[[2061.      1030.2001   927.56006]]]
5087	[[[2063.4001 1031.4     700.24  ]]]
5088	[[[2062.2002  1031.4      927.56006]]]
5089	[[[2062.2002 1032.6001  928.64  ]]]
5090	[[[2063.4001 1030.2001  696.24  ]]]
5091	[[[2061.      1031.4      927.80005]]]
5092	[[[2063.4001 1032.6001  928.88  ]]]
5093	[[[2064.6  1027.8   697.64]]]
5094	[[[2063.4001 1031.4     700.44  ]]]
5095	[[[2063.4001 1031.4     700.76  ]]]
5096	[[[2065.8  1033.8   926.32]]]
5097	[[[2065.8    1032.6001  925.36  ]]]
5098	[[[2065.8    1032.6001  925.36  ]]]
5099	[[[2061.  1031.4  927. ]]]
5100	[[[2063.4001 1031.4     700.52  ]]]
5101	[[[2063.4001 1031.4     700.56  ]]]
5102	[[[2063.4001 1033.8     698.76  ]]]
5103	[[[2061.     1030.2001  927.48  ]]]
5104	[[[2062.2002 1031.4     921.64  ]]]
5105	[[[2062.2002 1032.6001  928.12  ]]]
5106	[[[2062.2002 1031.4     696.44  ]]]
5107	[[[2062.2002  1032.6001   928.56006]]]
5108	[[[2063.4001 1033.8     698.72  ]]]
5109	[[[2062.2002 1032.6001  928.64  ]]]
5110	[[[2058.6    1032.6001  925.68  ]]]
5111	[[[2063.4001 1030.2001  696.32  ]]]
5112	[[[2065.8 1033.8  926. ]]]
5113	[[[2069.4001 1035.      929.88  ]]]
5114	[[[2061.      1030.2001   927.80005]]]
5115	[[[2062.2002 1030.2001  700.64  ]]]
5116	[[[2059.8    1030.2001  698.12  ]]]
5117	[[[2062.2002 1030.2001  700.84  ]]]
5118	[[[2062.2002 1030.2001  700.96  ]]]
5119	[[[2062.2002 1031.4     928.12  ]]]
5120	[[[2062.2002 1030.2001  700.96  ]]]
5121	[[[2061.      1033.8      924.83997]]]
5122	[[[2062.2002 1031.4     928.44  ]]]
5123	[[[2058.6    1030.2001  925.08  ]]]
5124	[[[2062.2002 1029.      938.36  ]]]
5125	[[[2062.2002  1026.6001   924.83997]]]
5126	[[[2062.2002  1029.       938.04004]]]
5127	[[[2064.6    1030.2001  695.48  ]]]
5128	[[[2062.2002 1030.2001  921.88  ]]]
5129	[[[2063.4001 1029.      700.92  ]]]
5130	[[[2063.4001 1031.4     698.72  ]]]
5131	[[[2062.2002 1030.2001  928.24  ]]]
5132	[[[2062.2002  1030.2001   927.88   ]
  [ 987.00006 1177.8      865.84   ]]]
5133	[[[2062.2002 1029.      921.64  ]]]
5134	[[[2062.2002 1030.2001  928.2   ]]]
5135	[[[2063.4001 1027.8     700.6   ]]]
5136	[[[2058.6  1031.4   926.48]]]
5137	[[[2058.6     1030.2001   924.83997]]]
5138	[[[2058.6     1029.       924.83997]]]
5139	[[[2063.4001 1029.      700.84  ]]]
5140	[[[2059.8  1027.8   698.04]]]
5141	[[[2061.     1032.6001  926.08  ]]]
5142	[[[2061.   1027.8   921.64]]]
5143	[[[2062.2002 1029.      928.    ]]]
5144	[[[2061.      1027.8      922.04004]]]
5145	[[[2063.4001 1027.8     696.36  ]]]
5146	[[[2065.8     1030.2001   925.92004]]]
5147	[[[2063.4001 1030.2001  698.52  ]]]
5148	[[[2062.2002 1027.8     700.88  ]]]
5149	[[[2061.      1029.       928.04004]]]
5150	[[[2061.      1029.       928.04004]]]
5151	[[[2063.4001 1033.8     932.64  ]]]
5152	[[[2062.2002 1027.8     696.64  ]]]
5153	[[[2062.2002 1027.8     700.88  ]]]
5154	[[[2062.2002 1027.8     696.48  ]]]
5155	[[[2064.6     1030.2001   925.83997]]]
5156	[[[2059.8     1029.       928.04004]]]
5157	[[[2061.      1027.8      938.72003]]]
5158	[[[2063.4001 1025.4     698.28  ]]]
5159	[[[2063.4001 1025.4     698.32  ]]]
5160	[[[2059.8  1027.8   928.12]]]
5161	[[[2059.8  1029.    928.64]]]
5162	[[[2059.8    1026.6001  699.24  ]]]
5163	[[[2062.2002 1029.      929.08  ]]]
5164	[[[2062.2002 1027.8     700.84  ]]]
5165	[[[2061.   1029.    928.08]]]
5166	[[[2062.2002 1027.8     701.16  ]]]
5167	[[[2057.4001  1029.       925.04004]]]
5168	[[[2059.8 1027.8  928.4]]]
5169	[[[2061.  1027.8  928. ]]]
5170	[[[2061.   1031.4   926.36]]]
5171	[[[2059.8  1027.8   928.32]]]
5172	[[[2061.   1027.8   701.36]]]
5173	[[[2061.     1024.2001  698.72  ]]]
5174	[[[2059.8     1027.8      928.56006]]]
5175	[[[2061.     1024.2001  698.96  ]]]
5176	[[[2059.8     1026.6001   939.04004]]]
5177	[[[2062.2002 1026.6001  696.56  ]]]
5178	[[[2062.2002 1026.6001  700.96  ]]]
5179	[[[2057.4001 1029.      925.48  ]]]
5180	[[[2064.6    1030.2001  933.08  ]]]
5181	[[[2061.     1026.6001  700.84  ]]]
5182	[[[2061.   1027.8   928.96]]]
5183	[[[2061.     1024.2001  925.64  ]]]
5184	[[[2058.6    1026.6001  928.64  ]]]
5185	[[[2061.     1026.6001  701.2   ]]]
5186	[[[2061.   1027.8   929.36]]]
5187	[[[2061.  1027.8  929.6]]]
5188	[[[2059.8     1027.8      929.04004]]]
5189	[[[2059.8     1027.8      929.04004]]]
5190	[[[2058.6 1027.8  928.2]]]
5191	[[[2058.6  1027.8   929.12]]]
5192	[[[2058.6 1027.8  928.4]]]
5193	[[[2064.6    1030.2001  933.32  ]]]
5194	[[[2058.6    1026.6001  928.28  ]]]
5195	[[[2059.8    1026.6001  701.12  ]]]
5196	[[[2059.8    1026.6001  701.4   ]]]
5197	[[[2057.4001 1026.6001  698.48  ]]]
5198	[[[2061.     1026.6001  696.64  ]]]
5199	[[[2061.   1027.8   701.04]]]
5200	[[[2057.4001 1026.6001  698.52  ]]]
5201	[[[2061.   1029.    929.36]]]
5202	[[[2059.8  1027.8   701.56]]]
5203	[[[2057.4001  1031.4      925.83997]]]
5204	[[[2056.2002 1029.      925.52  ]]]
5205	[[[2059.8  1027.8   701.56]]]
5206	[[[2058.6     1026.6001   928.80005]]]
5207	[[[2061.   1027.8   701.24]]]
5208	[[[2061.     1024.2001  698.92  ]]]
5209	[[[2058.6     1026.6001   928.80005]]]
5210	[[[2059.8  1029.    929.44]]]
5211	[[[2061.  1027.8  701. ]]]
5212	[[[2059.8     1026.6001   938.72003]]]
5213	[[[2061.     1026.6001  701.16  ]]]
5214	[[[2061.     1026.6001  701.2   ]]]
5215	[[[2059.8    1026.6001  922.2   ]]]
5216	[[[2059.8  1027.8   928.36]]]
5217	[[[2061.     1026.6001  701.2   ]]]
5218	[[[2059.8  1027.8   928.36]]]
5219	[[[2057.4001 1030.2001  926.08  ]]]
5220	[[[2057.4001 1026.6001  698.64  ]]]
5221	[[[2059.8    1026.6001  701.36  ]]]
5222	[[[2058.6  1027.8   928.36]]]
5223	[[[2061.     1026.6001  696.76  ]]]
5224	[[[2059.8    1026.6001  696.64  ]]]
5225	[[[2063.4001  1029.       926.80005]]]
5226	[[[2057.4001  1030.2001   926.72003]]]
5227	[[[2058.6    1026.6001  922.44  ]]]
5228	[[[2058.6    1026.6001  922.76  ]]]
5229	[[[2058.6  1027.8   928.68]]]
5230	[[[2061.   1027.8   700.88]]]
5231	[[[2059.8    1026.6001  701.28  ]]]
5232	[[[2061.   1027.8   700.84]]]
5233	[[[2059.8     1029.       929.72003]]]
5234	[[[2061.     1026.6001  696.72  ]]]
5235	[[[2061.     1026.6001  696.64  ]]]
5236	[[[2058.6  1027.8   928.96]]]
5237	[[[2063.4001 1029.      926.    ]]]
5238	[[[2058.6  1027.8   922.44]]]
5239	[[[2059.8  1029.    929.36]]]
5240	[[[2058.6     1027.8      928.72003]]]
5241	[[[2061.   1027.8   696.28]]]
5242	[[[2059.8  1027.8   701.64]]]
5243	[[[2059.8  1029.    929.12]]]
5244	[[[2058.6     1027.8      922.83997]]]
5245	[[[2055.   1029.    926.08]]]
5246	[[[2062.2002 1030.2001  926.4   ]]]
5247	[[[2062.2002  1031.4      927.04004]]]
5248	[[[2059.8  1027.8   696.88]]]
5249	[[[2057.4001  1027.8      928.04004]]]
5250	[[[2059.8  1029.    701.56]]]
5251	[[[2058.6     1029.       928.56006]]]
5252	[[[2062.2002 1031.4     926.48  ]]]
5253	[[[2059.8  1027.8   701.36]]]
5254	[[[2057.4001  1029.       928.56006]]]
5255	[[[2059.8  1029.    701.52]]]
5256	[[[2059.8  1029.    701.16]]]
5257	[[[2059.8  1031.4   698.84]]]
5258	[[[2057.4001 1027.8     699.08  ]
  [ 983.4    1237.8     835.4   ]]]
5259	[[[2061.   1029.    696.32]]]
5260	[[[2057.4001 1032.6001  925.52  ]]]
5261	[[[2057.4001  1032.6001   925.80005]]]
5262	[[[2058.6    1030.2001  928.24  ]]]
5263	[[[2058.6     1026.6001   925.16003]]]
5264	[[[2057.4001 1030.2001  922.2   ]]]
5265	[[[2058.6    1026.6001  925.28  ]]]
5266	[[[2057.4001 1033.8     925.6   ]]]
5267	[[[2057.4001 1030.2001  922.12  ]]]
5268	[[[2057.4001 1030.2001  938.68  ]]]
5269	[[[2059.8    1030.2001  700.64  ]]]
5270	[[[2056.2002 1030.2001  698.64  ]]]
5271	[[[2057.4001 1030.2001  938.36  ]]]
5272	[[[2058.6    1030.2001  700.72  ]]]
5273	[[[2057.4001 1030.2001  938.36  ]]]
5274	[[[2057.4001  1031.4      927.92004]]]
5275	[[[2057.4001  1027.8      924.83997]]]
5276	[[[2056.2002 1035.      925.4   ]]]
5277	[[[2057.4001  1031.4      927.80005]]]
5278	[[[2056.2002  1033.8      925.16003]]]
5279	[[[2053.8     1033.8      926.16003]]]
5280	[[[2058.6    1030.2001  696.32  ]]]
5281	[[[2058.6    1032.6001  928.24  ]]]
5282	[[[2058.6    1032.6001  928.48  ]]]
5283	[[[2058.6    1030.2001  701.04  ]]]
5284	[[[2058.6  1031.4   700.36]]]
5285	[[[2057.4001  1032.6001   928.16003]]]
5286	[[[2057.4001  1032.6001   928.04004]
  [ 976.2     1231.8      840.92004]]]
5287	[[[2058.6    1032.6001  928.4   ]]]
5288	[[[2056.2002  1031.4      921.80005]]]
5289	[[[2056.2002  1035.       925.16003]]]
5290	[[[2057.4001 1031.4     700.8   ]]]
5291	[[[2057.4001 1030.2001  700.64  ]]]
5292	[[[2056.2002  1027.8      924.16003]]]
5293	[[[2056.2002 1032.6001  927.88  ]]]
5294	[[[2055.     1032.6001  927.88  ]]]
5295	[[[2057.4001 1032.6001  700.68  ]]]
5296	[[[2057.4001 1031.4     700.52  ]]]
5297	[[[2056.2002  1032.6001   921.56006]]]
5298	[[[2056.2002 1029.      924.28  ]]]
5299	[[[2056.2002 1032.6001  921.48  ]]]
5300	[[[2057.4001 1032.6001  700.44  ]]]
5301	[[[2057.4001 1032.6001  700.4   ]]]
5302	[[[2056.2002 1033.8     927.48  ]]]
5303	[[[2063.4001 1037.4     929.96  ]]]
5304	[[[2056.2002 1032.6001  695.76  ]]]
5305	[[[2056.2002 1032.6001  695.84  ]]]
5306	[[[2056.2002 1032.6001  695.56  ]]]
5307	[[[2056.2002 1032.6001  700.72  ]]]
5308	[[[2056.2002 1031.4     695.4   ]]]
5309	[[[2057.4001 1031.4     695.72  ]]]
5310	[[[2056.2002 1032.6001  695.68  ]]]
5311	[[[2057.4001 1029.      697.56  ]]]
5312	[[[2056.2002 1033.8     927.32  ]]]
5313	[[[2056.2002 1033.8     927.64  ]]]
5314	[[[2056.2002 1032.6001  700.32  ]]]
5315	[[[2056.2002 1033.8     927.88  ]]]
5316	[[[2056.2002 1031.4     700.2   ]]]
5317	[[[2053.8    1032.6001  927.    ]]]
5318	[[[2055.     1032.6001  927.    ]]]
5319	[[[2052.6  1035.    924.24]]]
5320	[[[2053.8    1032.6001  921.28  ]]]
5321	[[[2050.2002  1032.6001   923.92004]]]
5322	[[[2059.8    1032.6001  931.52  ]]]
5323	[[[2055.   1033.8   697.96]]]
5324	[[[2052.6  1035.    924.52]]]
5325	[[[2055.   1031.4   700.16]]]
5326	[[[2056.2002 1031.4     699.88  ]]]
5327	[[[2052.6  1035.    924.52]]]
5328	[[[2053.8    1030.2001  937.6   ]]]
5329	[[[2052.6    1030.2001  697.96  ]]]
5330	[[[2056.2002 1027.8     697.68  ]]]
5331	[[[2053.8  1031.4   921.44]]]
5332	[[[2053.8     1032.6001   927.80005]]]
5333	[[[2053.8     1032.6001   927.72003]]]
5334	[[[2052.6  1035.    924.32]]]
5335	[[[2049.     1032.6001  925.08  ]]]
5336	[[[2055.   1033.8   698.36]]]
5337	[[[2053.8    1030.2001  700.28  ]]]
5338	[[[2052.6     1031.4      926.92004]]]
5339	[[[2052.6     1035.       924.72003]]]
5340	[[[2052.6    1030.2001  921.52  ]]]
5341	[[[2053.8    1030.2001  700.48  ]]]
5342	[[[2055.     1030.2001  695.8   ]]]
5343	[[[2052.6  1031.4   921.32]]]
5344	[[[2052.6  1031.4   921.28]]]
5345	[[[2052.6     1035.       924.83997]]]
5346	[[[2052.6     1030.2001   921.56006]]]
5347	[[[2052.6     1030.2001   937.72003]]]
5348	[[[2053.8 1031.4  700.8]]]
5349	[[[2052.6 1031.4  921.2]]]
5350	[[[2052.6  1031.4   921.44]]]
5351	[[[2052.6  1031.4   921.12]]]
5352	[[[2052.6  1031.4   927.48]]]
5353	[[[2051.4001 1030.2001  927.48  ]]]
5354	[[[2052.6  1031.4   921.28]]]
5355	[[[2051.4001 1029.      698.44  ]]]
5356	[[[2052.6  1031.4   921.32]]]
5357	[[[2053.8 1031.4  700.6]]]
5358	[[[2056.2002  1033.8      925.80005]]]
5359	[[[2053.8  1033.8   697.56]]]
5360	[[[2051.4001  1033.8      925.16003]]]
5361	[[[2052.6    1030.2001  921.28  ]]]
5362	[[[2052.6     1031.4      927.56006]]]
5363	[[[2053.8     1031.4      927.92004]]]
5364	[[[2052.6     1033.8      924.83997]]]
5365	[[[2052.6     1030.2001   927.56006]]]
5366	[[[2053.8  1029.    700.76]]]
5367	[[[2053.8  1029.    700.44]
  [ 952.2  1225.8   808.44]]]
5368	[[[2052.6    1030.2001  921.64  ]]]
5369	[[[2055.   1029.    700.48]]]
5370	[[[2053.8     1026.6001   698.4    ]
  [ 966.60004 1237.8      676.68   ]]]
5371	[[[2052.6    1030.2001  928.24  ]]]
5372	[[[2053.8  1029.    700.48]]]
5373	[[[2052.6    1030.2001  927.24  ]]]
5374	[[[2053.8  1029.    700.76]]]
5375	[[[2052.6  1027.8   921.28]]]
5376	[[[2053.8  1029.    700.68]]]
5377	[[[2055.   1027.8   696.28]]]
5378	[[[2053.8  1027.8   696.24]]]
5379	[[[2052.6  1029.    927.88]]]
5380	[[[2055.   1027.8   700.32]]]
5381	[[[2053.8  1027.8   700.68]]]
5382	[[[2052.6  1027.8   922.12]]]
5383	[[[2053.8  1027.8   701.16]]]
5384	[[[2055.   1027.8   696.44]]]
5385	[[[2053.8 1027.8  696.2]]]
5386	[[[2053.8  1027.8   696.12]]]
5387	[[[2055.  1027.8  696. ]]]
5388	[[[2055.  1027.8  700.6]]]
5389	[[[2053.8  1027.8   696.52]]]
5390	[[[2055.   1027.8   700.72]]]
5391	[[[2053.8  1029.    928.88]]]
5392	[[[2055.     1026.6001  696.08  ]]]
5393	[[[2052.6    1026.6001  927.88  ]]]
5394	[[[2053.8  1027.8   922.28]]]
5395	[[[2052.6  1027.8   927.88]]]
5396	[[[2052.6     1031.4      925.92004]]]
5397	[[[2052.6    1026.6001  928.    ]]]
5398	[[[2052.6    1030.2001  925.36  ]]]
5399	[[[2053.8    1026.6001  696.28  ]]]
5400	[[[2053.8    1026.6001  938.76  ]]]
5401	[[[2052.6  1025.4   698.84]]]
5402	[[[2055.   1029.    698.88]]]
5403	[[[2053.8    1026.6001  922.4   ]]]
5404	[[[2053.8     1027.8      928.72003]]]
5405	[[[2050.2002 1027.8     925.44  ]]]
5406	[[[2053.8  1025.4   696.24]]]
5407	[[[2053.8  1025.4   701.32]]]
5408	[[[2053.8  1025.4   701.44]]]
5409	[[[2051.4001 1029.      925.68  ]]]
5410	[[[2052.6    1030.2001  926.    ]]]
5411	[[[2056.2002  1026.6001   924.92004]]]
5412	[[[2053.8    1026.6001  929.28  ]]]
5413	[[[2052.6  1025.4   928.48]]]
5414	[[[2050.2002 1025.4     925.08  ]]]
5415	[[[2057.4001 1027.8     926.32  ]]]
5416	[[[2051.4001  1029.       926.16003]]]
5417	[[[2055.  1025.4  696.8]]]
5418	[[[2052.6  1025.4   922.24]]]
5419	[[[2055.  1025.4  701.2]]]
5420	[[[2053.8  1025.4   928.36]]]
5421	[[[2052.6  1029.    925.64]]]
5422	[[[2052.6    1024.2001  699.52  ]]]
5423	[[[2053.8    1024.2001  938.76  ]]]
5424	[[[2053.8     1024.2001   938.83997]]]
5425	[[[2053.8  1025.4   928.52]]]
5426	[[[2053.8    1024.2001  922.76  ]]]
5427	[[[2055.   1025.4   701.44]]]
5428	[[[2053.8     1024.2001   938.83997]]]
5429	[[[2055.  1025.4  701.6]]]
5430	[[[2053.8     1024.2001   922.16003]]]
5431	[[[2052.6  1027.8   925.76]]]
5432	[[[2053.8    1024.2001  939.24  ]]]
5433	[[[2055.  1025.4  697.4]]]
5434	[[[2053.8  1025.4   928.36]]]
5435	[[[2056.2002 1024.2001  701.24  ]]]
5436	[[[2055.     1026.6001  698.84  ]]]
5437	[[[2051.4001  1025.4      925.83997]]]
5438	[[[2057.4001 1026.6001  699.16  ]]]
5439	[[[2056.2002 1025.4     928.68  ]]]
5440	[[[2055.     1024.2001  928.36  ]]]
5441	[[[2055.     1024.2001  922.44  ]]]
5442	[[[2055.     1024.2001  922.76  ]]]
5443	[[[2056.2002 1025.4     929.68  ]]]
5444	[[[2056.2002 1025.4     929.36  ]]]
5445	[[[2056.2002 1024.2001  701.48  ]]]
5446	[[[2056.2002  1023.00006  701.4    ]]]
5447	[[[2056.2002 1025.4     929.36  ]]]
5448	[[[2055.     1024.2001  928.64  ]]]
5449	[[[2055.     1024.2001  928.28  ]]]
5450	[[[2055.     1024.2001  928.68  ]]]
5451	[[[2056.2002  1023.00006  701.12   ]]]
5452	[[[2055.      1023.00006  701.24   ]]]
5453	[[[2053.8     1023.00006  922.76   ]]]
5454	[[[2056.2002  1024.2001   929.56006]]]
5455	[[[2056.2002  1023.00006  701.2    ]]]
5456	[[[2053.8     1023.00006  939.36   ]]]
5457	[[[2055.      1023.00006  701.28   ]]]
5458	[[[2053.8 1025.4  699. ]]]
5459	[[[2058.6 1025.4  927.4]]]
5460	[[[2051.4001 1026.6001  926.4   ]]]
5461	[[[2053.8     1023.00006  701.8    ]]]
5462	[[[2050.2002  1025.4      926.16003]]]
5463	[[[2052.6     1023.00006  928.88   ]]]
5464	[[[2052.6     1021.80005  699.48   ]]]
5465	[[[2052.6     1024.2001   928.56006]]]
5466	[[[2057.4001 1025.4     926.32  ]]]
5467	[[[2053.8     1023.00006  922.92004]]]
5468	[[[2055.      1023.00006  701.48   ]]]
5469	[[[2053.8     1023.00006  928.72003]]]
5470	[[[2055.      1023.00006  701.44   ]]]
5471	[[[2053.8     1023.00006  928.88   ]]]
5472	[[[2052.6     1023.00006  699.28   ]]]
5473	[[[2050.2002  1023.00006  925.68   ]]]
5474	[[[2053.8    1026.6001  926.08  ]]]
5475	[[[2057.4001 1026.6001  927.52  ]]]
5476	[[[2055.     1024.2001  929.2   ]]]
5477	[[[2056.2002  1023.00006  697.32   ]]]
5478	[[[2055.      1024.2001   929.72003]]]
5479	[[[2055.      1023.00006  696.92   ]]]
5480	[[[2055.     1024.2001  929.32  ]]]
5481	[[[2053.8    1024.2001  929.08  ]]]
5482	[[[2055.   1025.4   699.16]]]
5483	[[[2055.      1023.00006  702.24   ]]]
5484	[[[2056.2002 1024.2001  930.32  ]]]
5485	[[[2057.4001  1023.00006  701.68   ]]]
5486	[[[2053.8    1026.6001  927.24  ]]]
5487	[[[2053.8     1023.00006  699.24   ]]]
5488	[[[2055.     1024.2001  929.52  ]]]
5489	[[[2051.4001  1024.2001   926.56006]]]
5490	[[[2055.      1023.00006  923.44   ]]]
5491	[[[2053.8     1026.6001   926.92004]]]
5492	[[[2055.      1023.00006  923.28   ]]]
5493	[[[2055.     1024.2001  929.2   ]]]
5494	[[[2055.     1024.2001  923.28  ]]]
5495	[[[2056.2002  1023.00006  697.4    ]]]
5496	[[[2055.      1023.00006  922.92004]]]
5497	[[[2055.     1024.2001  928.96  ]]]
5498	[[[2057.4001  1023.00006  701.4    ]]]
5499	[[[2053.8     1023.00006  699.2    ]]]
5500	[[[2055.      1023.00006  922.96   ]]]
5501	[[[2057.4001 1025.4     699.8   ]]]
5502	[[[2051.4001 1024.2001  926.4   ]]]
5503	[[[2059.8     1025.4      926.72003]]]
5504	[[[2058.6     1020.60004  699.6    ]]]
5505	[[[2057.4001  1020.60004  699.4    ]]]
5506	[[[2057.4001 1025.4     699.24  ]]]
5507	[[[2051.4001 1025.4     927.48  ]]]
5508	[[[2057.4001  1020.60004  699.6    ]]]
5509	[[[2057.4001  1023.00006  697.12   ]]]
5510	[[[2055.      1023.00006  922.72003]]]
5511	[[[2056.2002 1025.4     929.44  ]]]
5512	[[[2057.4001  1023.00006  701.24   ]]]
5513	[[[2055.      1024.2001   929.04004]]]
5514	[[[2055.      1024.2001   928.80005]]]
5515	[[[2056.2002 1025.4     930.    ]]]
5516	[[[2056.2002 1024.2001  701.48  ]]]
5517	[[[2053.8    1024.2001  929.44  ]]]
5518	[[[2053.8     1027.8      926.72003]]]
5519	[[[2053.8     1023.00006  699.68   ]]]
5520	[[[2053.8  1025.4   929.28]]]
5521	[[[2053.8    1026.6001  930.52  ]]]
5522	[[[2055.     1024.2001  696.92  ]]]
5523	[[[2055.     1024.2001  702.08  ]]]
5524	[[[2058.6     1026.6001   927.04004]]]
5525	[[[2055.     1024.2001  696.84  ]]]
5526	[[[2055.   1025.4   702.16]]]
5527	[[[2053.8  1025.4   922.76]]]
5528	[[[2055.     1024.2001  701.36  ]]]
5529	[[[2052.6  1025.4   929.12]]]
5530	[[[2052.6     1025.4      928.72003]]]
5531	[[[2053.8 1025.4  923.2]]]
5532	[[[2056.2002  1023.00006  699.     ]]]
5533	[[[2057.4001 1027.8     926.48  ]]]
5534	[[[2055.   1027.8   699.52]]]
5535	[[[2052.6  1029.    926.32]]]
5536	[[[2053.8  1025.4   701.52]]]
5537	[[[2053.8     1026.6001   929.80005]]]
5538	[[[2052.6  1025.4   928.88]]]
5539	[[[2053.8    1026.6001  928.96  ]]]
5540	[[[2057.4001  1027.8      926.72003]]]
5541	[[[2053.8 1025.4  701.8]]]
5542	[[[2053.8     1021.80005  925.56006]]]
5543	[[[2049.   1025.4   925.32]]]
5544	[[[2053.8    1024.2001  696.36  ]]]
5545	[[[2055.      1026.6001   929.80005]]]
5546	[[[2055.      1023.00006  699.04   ]]]
5547	[[[2055.      1023.00006  699.16   ]]]
5548	[[[2052.6     1026.6001   929.04004]]]
5549	[[[2053.8  1027.8   929.36]]]
5550	[[[2053.8    1026.6001  701.32  ]]]
5551	[[[2052.6    1026.6001  928.64  ]]]
5552	[[[2053.8     1027.8      928.56006]]]
5553	[[[2052.6    1026.6001  928.44  ]]]
5554	[[[2053.8  1025.4   701.28]]]
5555	[[[2052.6    1026.6001  928.24  ]]]
5556	[[[2053.8    1026.6001  701.16  ]]]
5557	[[[2051.4001 1024.2001  699.32  ]]]
5558	[[[2053.8 1025.4  701. ]]]
5559	[[[2055.   1031.4   933.28]]]
5560	[[[2053.8     1023.00006  699.12   ]]]
5561	[[[2053.8    1026.6001  701.    ]]]
5562	[[[2051.4001 1025.4     698.84  ]]]
5563	[[[2051.4001 1026.6001  928.24  ]]]
5564	[[[2053.8  1027.8   928.88]]]
5565	[[[2052.6     1023.00006  924.92004]]]
5566	[[[2052.6     1023.00006  924.92004]]]
5567	[[[2051.4001  1026.6001   927.80005]]]
5568	[[[2052.6  1025.4   696.24]]]
5569	[[[2052.6    1026.6001  696.48  ]]]
5570	[[[2052.6    1026.6001  701.    ]]]
5571	[[[2051.4001 1026.6001  922.52  ]]]
5572	[[[2051.4001 1027.8     927.96  ]]]
5573	[[[2056.2002  1029.       925.72003]]]
5574	[[[2053.8    1026.6001  696.2   ]]]
5575	[[[2052.6    1026.6001  700.88  ]]]
5576	[[[2052.6    1026.6001  700.84  ]]]
5577	[[[2052.6  1027.8   696.28]]]
5578	[[[2053.8  1027.8   700.52]]]
5579	[[[2052.6     1024.2001   925.16003]]]
5580	[[[2052.6 1027.8  701. ]]]
5581	[[[2052.6  1027.8   701.12]]]
5582	[[[2053.8  1027.8   696.28]]]
5583	[[[2053.8  1029.    700.64]]]
5584	[[[2052.6  1029.    700.92]]]
5585	[[[2052.6     1030.2001   928.56006]]]
5586	[[[2051.4001 1027.8     938.44  ]]]
5587	[[[2052.6     1030.2001   928.56006]]]
5588	[[[2049.      1029.       924.16003]]]
5589	[[[2053.8  1025.4   698.04]]]
5590	[[[2053.8  1031.4   698.68]]]
5591	[[[2052.6  1029.    700.68]]]
5592	[[[2051.4001 1027.8     920.88  ]]]
5593	[[[2052.6  1029.    700.72]]]
5594	[[[2051.4001 1030.2001  928.52  ]]]
5595	[[[2053.8  1025.4   697.92]]]
5596	[[[2052.6 1029.   700.8]]]
5597	[[[2052.6  1029.    700.72]]]
5598	[[[2051.4001 1029.      921.76  ]]]
5599	[[[2052.6  1029.    700.84]]]
5600	[[[2056.2002 1030.2001  925.48  ]]]
5601	[[[2047.8 1029.   924.4]]]
5602	[[[2047.8    1030.2001  924.76  ]]]
5603	[[[2047.8  1029.    924.76]]]
5604	[[[2053.8  1031.4   698.28]]]
5605	[[[2055.   1033.8   932.76]]]
5606	[[[2051.4001 1033.8     925.08  ]]]
5607	[[[2052.6  1029.    700.44]]]
5608	[[[2053.8  1031.4   698.36]]]
5609	[[[2052.6    1030.2001  700.52  ]]]
5610	[[[2051.4001  1030.2001   927.72003]]]
5611	[[[2055.     1032.6001  926.    ]]]
5612	[[[2046.6001 1029.      924.24  ]]]
5613	[[[2051.4001 1029.      921.6   ]]]
5614	[[[2051.4001 1029.      695.84  ]]]
5615	[[[2052.6  1029.    700.44]]]
5616	[[[2051.4001 1029.      700.96  ]]]
5617	[[[2052.6  1029.    700.64]]]
5618	[[[2050.2002  1027.8      927.72003]]]
5619	[[[2055.      1031.4      925.72003]]]
5620	[[[2050.2002  1029.       928.04004]]]
5621	[[[2051.4001 1029.      921.44  ]]]
5622	[[[2049.   1031.4   925.08]]]
5623	[[[2051.4001 1029.      701.    ]]]
5624	[[[2051.4001 1027.8     921.36  ]]]
5625	[[[2052.6  1029.    701.  ]
  [ 983.4  1231.8   843.56]]]
5626	[[[2052.6  1029.    700.76]]]
5627	[[[2051.4001  1030.2001   927.72003]]]
5628	[[[2051.4001 1029.      921.68  ]]]
5629	[[[2051.4001 1030.2001  927.96  ]]]
5630	[[[2051.4001  1030.2001   928.04004]]]
5631	[[[2051.4001 1029.      922.08  ]]]
5632	[[[2051.4001 1030.2001  927.48  ]]]
5633	[[[2051.4001 1030.2001  921.76  ]]]
5634	[[[2056.2002 1033.8     932.24  ]]]
5635	[[[2051.4001 1029.      921.76  ]]]
5636	[[[2051.4001 1029.      938.44  ]]]
5637	[[[2052.6  1031.4   928.64]]]
5638	[[[2053.8    1030.2001  700.28  ]]]
5639	[[[2052.6    1030.2001  700.72  ]]]
5640	[[[2053.8    1030.2001  700.32  ]]]
5641	[[[2050.2002  1033.8      925.83997]]]
5642	[[[2052.6    1030.2001  700.56  ]]]
5643	[[[2053.8  1027.8   698.12]]]
5644	[[[2047.8  1031.4   924.76]]]
5645	[[[2052.6     1032.6001   927.72003]]]
5646	[[[2051.4001 1032.6001  928.6   ]]]
5647	[[[2052.6    1032.6001  927.6   ]]]
5648	[[[2053.8  1031.4   696.24]]]
5649	[[[2056.2002 1033.8     925.4   ]]]
5650	[[[2051.4001 1030.2001  698.84  ]]]
5651	[[[2052.6    1032.6001  922.    ]]]
5652	[[[2051.4001 1032.6001  927.6   ]]]
5653	[[[2053.8  1035.    698.68]]]
5654	[[[2052.6  1035.    698.16]]]
5655	[[[2052.6  1033.8   927.96]]]
5656	[[[2053.8  1035.    698.24]]]
5657	[[[2051.4001 1037.4     925.4   ]]]
5658	[[[2053.8    1032.6001  696.    ]]]
5659	[[[2052.6     1035.       928.16003]]]
5660	[[[2053.8  1033.8   700.16]]]
5661	[[[2053.8  1033.8   696.12]]]
5662	[[[2051.4001 1033.8     927.48  ]]]
5663	[[[2052.6  1035.    928.48]]]
5664	[[[2052.6 1033.8  700.6]]]
5665	[[[2051.4001 1035.      927.4   ]]]
5666	[[[2051.4001 1036.2001  928.4   ]]]
5667	[[[2051.4001 1035.      927.4   ]]]
5668	[[[2052.6  1035.    700.44]]]
5669	[[[2052.6  1035.    700.72]]]
5670	[[[2052.6  1035.    700.52]]]
5671	[[[2052.6  1035.    700.44]]]
5672	[[[2052.6  1037.4   698.48]]]
5673	[[[2051.4001  1036.2001   927.80005]]]
5674	[[[2051.4001  1036.2001   927.72003]]]
5675	[[[2051.4001  1036.2001   927.72003]]]
5676	[[[2051.4001 1035.      700.96  ]]]
5677	[[[2050.2002 1035.      921.44  ]]]
5678	[[[2050.2002 1035.      921.36  ]]]
5679	[[[2049.   1033.8   698.48]]]
5680	[[[2051.4001 1035.      700.32  ]]]
5681	[[[2051.4001 1035.      700.12  ]]]
5682	[[[2049.     1038.6001  925.08  ]]]
5683	[[[2049.   1035.    921.12]]]
5684	[[[2051.4001 1035.      695.64  ]]]
5685	[[[2050.2002 1035.      695.6   ]]]
5686	[[[2046.6001 1038.6001  924.76  ]]]
5687	[[[2045.4    1036.2001  924.44  ]]]
5688	[[[2052.6  1037.4   698.48]]]
5689	[[[2050.2002  1033.8      924.83997]]]
5690	[[[2049.      1037.4      927.80005]]]
5691	[[[2049.      1036.2001   927.16003]]]
5692	[[[2050.2002 1036.2001  700.36  ]]]
5693	[[[2049.      1037.4      928.04004]]]
5694	[[[2047.8     1036.2001   927.04004]]]
5695	[[[2047.8    1036.2001  927.4   ]]]
5696	[[[2049.      1035.       920.72003]]]
5697	[[[2050.2002 1038.6001  698.2   ]]]
5698	[[[2050.2002 1035.      696.04  ]]]
5699	[[[2050.2002 1037.4     927.48  ]]]
5700	[[[2047.8     1039.8      924.56006]]]
5701	[[[2050.2002 1038.6001  698.16  ]]]
5702	[[[2050.2002 1037.4     928.24  ]]]
5703	[[[2050.2002 1035.      696.    ]]]
5704	[[[2050.2002 1037.4     928.12  ]]]
5705	[[[2049.      1036.2001   921.56006]]]
5706	[[[2050.2002 1036.2001  699.92  ]]]
5707	[[[2050.2002  1037.4      928.16003]]]
5708	[[[2050.2002 1036.2001  700.08  ]]]
5709	[[[2050.2002  1037.4      927.16003]]]
5710	[[[2049.     1036.2001  921.12  ]]]
5711	[[[2050.2002 1036.2001  700.04  ]]]
5712	[[[2050.2002 1036.2001  695.88  ]]]
5713	[[[2050.2002 1036.2001  700.08  ]]]
5714	[[[2050.2002 1036.2001  695.84  ]]]
5715	[[[2045.4  1037.4   924.08]]]
5716	[[[2049.   1037.4   927.36]]]
5717	[[[2050.2002 1037.4     700.24  ]]]
5718	[[[2051.4001 1033.8     697.8   ]]]
5719	[[[2049.   1037.4   920.88]]]
5720	[[[2049.     1036.2001  920.88  ]]]
5721	[[[2051.4001 1033.8     697.32  ]]]
5722	[[[2049.     1036.2001  937.48  ]]]
5723	[[[2050.2002 1037.4     700.4   ]]]
5724	[[[2056.2002 1042.2001  929.24  ]]]
5725	[[[2049.   1037.4   920.88]]]
5726	[[[2052.6    1038.6001  924.36  ]]]
5727	[[[2051.4001 1038.6001  923.28  ]]]
5728	[[[2049.      1038.6001   927.56006]]]
5729	[[[2049.     1038.6001  927.2   ]]]
5730	[[[2050.2002  1035.       923.83997]]]
5731	[[[2050.2002 1039.8     697.6   ]]]
5732	[[[2050.2002 1038.6001  927.32  ]]]
5733	[[[2049.   1037.4   920.96]]]
5734	[[[2050.2002 1036.2001  699.92  ]]]
5735	[[[2049.      1037.4      920.72003]]]
5736	[[[2050.2002 1038.6001  927.32  ]]]
5737	[[[2050.2002 1037.4     699.64  ]]]
5738	[[[2049.      1038.6001   927.56006]]]
5739	[[[2050.2002 1038.6001  927.48  ]]]
5740	[[[2046.6001  1039.8      923.92004]]]
5741	[[[2050.2002 1037.4     699.76  ]]]
5742	[[[2051.4001 1039.8     697.88  ]]]
5743	[[[2050.2002 1038.6001  699.96  ]]]
5744	[[[2047.8    1038.6001  926.48  ]]]
5745	[[[2050.2002 1038.6001  695.28  ]]]
5746	[[[2046.6001 1041.      923.76  ]]]
5747	[[[2047.8    1038.6001  920.76  ]]]
5748	[[[2049.     1038.6001  920.64  ]]]
5749	[[[2050.2002 1038.6001  695.48  ]]]
5750	[[[2052.6 1041.   924.6]]]
5751	[[[2049.      1039.8      926.92004]]]
5752	[[[2045.4     1042.2001   925.16003]]]
5753	[[[2047.8  1039.8   926.48]]]
5754	[[[2049.   1041.    926.96]]]
5755	[[[2049.   1039.8   920.88]]]
5756	[[[2050.2002 1039.8     695.16  ]]]
5757	[[[2049.  1039.8  926.4]]]
5758	[[[2050.2002 1039.8     699.68  ]]]
5759	[[[2050.2002 1041.      927.96  ]]]
5760	[[[2045.4     1039.8      923.16003]]]
5761	[[[2051.4001 1036.2001  697.12  ]]]
5762	[[[2050.2002 1042.2001  697.72  ]]]
5763	[[[2049.   1041.    927.28]]]
5764	[[[2050.2002 1039.8     700.    ]]]
5765	[[[2049.   1039.8   937.28]]]
5766	[[[2050.2002 1038.6001  695.8   ]]]
5767	[[[2050.2002 1041.      927.28  ]]]
5768	[[[2050.2002 1042.2001  927.28  ]]]
5769	[[[2050.2002 1039.8     700.    ]]]
5770	[[[2051.4001 1039.8     699.96  ]]]
5771	[[[2050.2002 1039.8     699.96  ]]]
5772	[[[2049.  1039.8  926.4]]]
5773	[[[2049.  1041.   926.4]]]
5774	[[[2051.4001 1039.8     695.48  ]]]
5775	[[[2051.4001 1039.8     695.32  ]]]
5776	[[[2049.     1038.6001  698.    ]]]
5777	[[[2051.4001 1039.8     699.68  ]]]
5778	[[[2049.      1041.       926.80005]]]
5779	[[[2053.8    1042.2001  924.6   ]]]
5780	[[[2050.2002 1039.8     695.2   ]]]
5781	[[[2050.2002 1039.8     695.52  ]]]
5782	[[[2050.2002 1039.8     700.12  ]]]
5783	[[[2045.4  1041.    923.36]]]
5784	[[[2047.8    1044.6001  924.6   ]]]
5785	[[[2050.2002 1041.      700.2   ]]]
5786	[[[2051.4001 1042.2001  928.    ]]]
5787	[[[2051.4001 1037.4     697.36  ]]]
5788	[[[2050.2002 1041.      700.24  ]]]
5789	[[[2051.4001 1041.      699.68  ]]]
5790	[[[2051.4001 1043.4     698.08  ]]]
5791	[[[2050.2002 1044.6001  924.52  ]]]
5792	[[[2051.4001 1042.2001  927.64  ]]]
5793	[[[2051.4001 1042.2001  927.4   ]]]
5794	[[[2051.4001 1042.2001  927.4   ]]]
5795	[[[2050.2002  1041.       920.72003]]]
5796	[[[2055.     1042.2001  925.24  ]]]
5797	[[[2051.4001 1041.      700.04  ]]]
5798	[[[2052.6  1041.    699.84]]]
5799	[[[2050.2002 1042.2001  927.32  ]]]
5800	[[[2055.   1043.4   925.08]]]
5801	[[[2051.4001 1041.      700.08  ]]]
5802	[[[2051.4001 1042.2001  695.64  ]]]
5803	[[[2051.4001 1042.2001  695.64  ]]]
5804	[[[2051.4001 1041.      695.44  ]]]
5805	[[[2050.2002 1041.      927.4   ]]]
5806	[[[2051.4001 1043.4     928.24  ]]]
5807	[[[2051.4001 1042.2001  920.96  ]]]
5808	[[[2052.6 1041.   700.6]]]
5809	[[[2050.2002 1042.2001  921.52  ]]]
5810	[[[2052.6     1043.4      927.72003]]]
5811	[[[2052.6     1043.4      927.80005]]]
5812	[[[2052.6    1042.2001  700.48  ]]]
5813	[[[2053.8    1042.2001  695.44  ]]]
5814	[[[2050.2002 1045.8     925.48  ]]]
5815	[[[2050.2002  1045.8      925.16003]]]
5816	[[[2052.6    1044.6001  697.64  ]]]
5817	[[[2053.8    1042.2001  700.72  ]]]
5818	[[[2052.6    1042.2001  695.68  ]]]
5819	[[[2053.8    1042.2001  695.96  ]]]
5820	[[[2051.4001 1047.      924.88  ]]]
5821	[[[2052.6    1042.2001  695.84  ]]]
5822	[[[2053.8    1042.2001  696.04  ]]]
5823	[[[2051.4001  1045.8      924.92004]]]
5824	[[[2050.2002  1045.8      924.92004]]]
5825	[[[2053.8    1042.2001  700.12  ]]]
5826	[[[2052.6    1044.6001  697.8   ]]]
5827	[[[2053.8    1042.2001  700.28  ]]]
5828	[[[2051.4001  1042.2001   927.56006]]]
5829	[[[2053.8     1043.4      928.56006]]]
5830	[[[2052.6     1043.4      928.56006]]]
5831	[[[2051.4001 1045.8     925.68  ]]]
5832	[[[2052.6    1042.2001  700.84  ]]]
5833	[[[2052.6     1043.4      928.56006]]]
5834	[[[2053.8    1042.2001  700.2   ]]]
5835	[[[2051.4001 1042.2001  921.88  ]]]
5836	[[[2053.8 1041.   700.6]]]
5837	[[[2051.4001 1044.6001  924.68  ]]]
5838	[[[2056.2002  1042.2001   925.56006]]]
5839	[[[2056.2002  1043.4      925.92004]]]
5840	[[[2053.8  1041.    700.36]]]
5841	[[[2051.4001 1042.2001  927.88  ]]]
5842	[[[2052.6 1041.   700.8]]]
5843	[[[2053.8  1041.    696.08]]]
5844	[[[2052.6  1041.    696.32]]]
5845	[[[2051.4001 1042.2001  927.88  ]]]
5846	[[[2052.6  1041.    700.72]]]
5847	[[[2051.4001  1042.2001   922.04004]]]
5848	[[[2052.6  1041.    696.16]]]
5849	[[[2053.8  1041.    696.32]]]
5850	[[[2053.8 1041.   700.6]]]
5851	[[[2051.4001 1042.2001  922.2   ]]]
5852	[[[2051.4001 1041.      928.4   ]]]
5853	[[[2051.4001 1041.      927.76  ]]]
5854	[[[2056.2002 1043.4     925.44  ]]]
5855	[[[2053.8    1038.6001  698.36  ]]]
5856	[[[2052.6     1042.2001   922.04004]]]
5857	[[[2052.6 1041.   921.8]]]
5858	[[[2049.   1043.4   925.68]]]
5859	[[[2055.   1041.    700.76]]]
5860	[[[2053.8  1041.    700.92]]]
5861	[[[2052.6    1042.2001  928.64  ]]]
5862	[[[2052.6     1042.2001   928.56006]]]
5863	[[[2052.6     1042.2001   927.56006]]]
5864	[[[2053.8    1042.2001  928.88  ]]]
5865	[[[2053.8  1041.    701.08]]]
5866	[[[2052.6 1041.   922.6]]]
5867	[[[2055.   1043.4   699.44]]]
5868	[[[2055.  1037.4  698.8]]]
5869	[[[2052.6    1044.6001  926.32  ]]]
5870	[[[2053.8  1039.8   700.88]]]
5871	[[[2052.6  1039.8   922.28]]]
5872	[[[2053.8     1041.       928.56006]]]
5873	[[[2053.8  1041.    929.28]]]
5874	[[[2052.6     1039.8      922.72003]]]
5875	[[[2055.   1039.8   700.72]]]
5876	[[[2052.6 1039.8  922.8]]]
5877	[[[2049.      1039.8      925.04004]]]
5878	[[[2053.8  1041.    928.64]]]
5879	[[[2049.     1042.2001  926.76  ]]]
5880	[[[2052.6  1041.    929.32]]]
5881	[[[2052.6 1039.8  939.2]]]
5882	[[[2053.8  1037.4   925.68]]]
5883	[[[2053.8 1041.   929.4]]]
5884	[[[2053.8  1041.    929.28]]]
5885	[[[2052.6  1039.8   928.64]]]
5886	[[[2053.8 1041.   929. ]]]
5887	[[[2053.8    1038.6001  701.24  ]]]
5888	[[[2053.8  1039.8   701.44]]]
5889	[[[2053.8 1039.8  701.2]]]
5890	[[[2052.6  1039.8   928.32]]]
5891	[[[2052.6     1039.8      928.56006]]]
5892	[[[2051.4001 1041.      928.88  ]]]
5893	[[[2053.8  1041.    929.64]]]
5894	[[[2049.     1042.2001  926.88  ]]]
5895	[[[2052.6  1039.8   922.28]]]
5896	[[[2053.8 1037.4  699.2]]]
5897	[[[2052.6 1039.8  922.6]]]
5898	[[[2052.6  1041.    928.48]]]
5899	[[[2053.8  1041.    701.16]]]
5900	[[[2055.  1037.4  698.6]]]
5901	[[[2053.8  1039.8   696.48]]]
5902	[[[2053.8  1041.    701.52]]]
5903	[[[2049.      1039.8      926.56006]]]
5904	[[[2053.8  1041.    701.28]]]
5905	[[[2053.8     1042.2001   928.80005]]]
5906	[[[2057.4001 1042.2001  926.48  ]]]
5907	[[[2055.   1039.8   701.28]]]
5908	[[[2050.2002 1041.      925.24  ]]]
5909	[[[2053.8  1041.    928.68]]]
5910	[[[2055.      1041.       929.04004]]]
5911	[[[2055.   1039.8   701.32]]]
5912	[[[2053.8  1041.    928.96]]]
5913	[[[2050.2002 1041.      925.6   ]]]
5914	[[[2053.8  1041.    928.64]]]
5915	[[[2053.8 1039.8  922.6]]]
5916	[[[2053.8  1039.8   922.96]]]
5917	[[[2055.   1041.    929.12]]]
5918	[[[2055.      1041.       929.56006]]]
5919	[[[2055.     1038.6001  701.16  ]]]
5920	[[[2053.8    1038.6001  938.88  ]]]
5921	[[[2053.8     1039.8      922.72003]]]
5922	[[[2056.2002 1038.6001  696.72  ]]]
5923	[[[2053.8    1038.6001  922.28  ]]]
5924	[[[2053.8  1039.8   922.28]]]
5925	[[[2057.4001 1042.2001  926.68  ]]]
5926	[[[2055.     1036.2001  699.08  ]]]
5927	[[[2055.     1038.6001  701.2   ]]]
5928	[[[2053.8  1039.8   928.96]]]
5929	[[[2057.4001 1041.      926.24  ]]]
5930	[[[2056.2002 1041.      699.32  ]]]
5931	[[[2055.     1038.6001  700.92  ]]]
5932	[[[2052.6    1038.6001  922.28  ]]]
5933	[[[2052.6    1038.6001  922.6   ]]]
5934	[[[2052.6  1039.8   929.12]]]
5935	[[[2053.8     1039.8      928.80005]]]
5936	[[[2053.8  1039.8   928.88]]]
5937	[[[2055.   1037.4   701.16]]]
5938	[[[2053.8    1038.6001  922.28  ]]]
5939	[[[2055.   1037.4   700.88]]]
5940	[[[2052.6  1039.8   929.12]]]
5941	[[[2052.6    1038.6001  928.64  ]]]
5942	[[[2052.6     1042.2001   926.16003]]]
5943	[[[2053.8    1038.6001  696.92  ]]]
5944	[[[2053.8    1038.6001  701.4   ]]]
5945	[[[2052.6     1038.6001   922.04004]]]
5946	[[[2053.8    1042.2001  925.6   ]]]
5947	[[[2053.8  1035.    925.28]]]
5948	[[[2055.  1041.   698.8]]]
5949	[[[2052.6    1042.2001  925.36  ]]]
5950	[[[2056.2002 1036.2001  698.88  ]]]
5951	[[[2053.8 1039.8  928.4]]]
5952	[[[2052.6    1038.6001  928.32  ]]]
5953	[[[2052.6    1038.6001  928.32  ]]]
5954	[[[2052.6    1042.2001  925.68  ]]]
5955	[[[2055.   1037.4   696.44]]]
5956	[[[2052.6  1037.4   938.88]]]
5957	[[[2052.6    1038.6001  928.    ]]]
5958	[[[2053.8  1037.4   701.16]]]
5959	[[[2052.6  1037.4   922.36]]]
5960	[[[2053.8  1037.4   701.16]]]
5961	[[[2050.2002 1038.6001  925.2   ]]]
5962	[[[2052.6    1038.6001  928.4   ]]]
5963	[[[2053.8     1038.6001   928.16003]]]
5964	[[[2052.6  1037.4   922.12]]]
5965	[[[2052.6     1037.4      921.72003]]]
5966	[[[2049.     1036.2001  925.12  ]]]
5967	[[[2053.8    1036.2001  701.08  ]]]
5968	[[[2052.6     1036.2001   922.04004]]]
5969	[[[2052.6 1033.8  925. ]]]
5970	[[[2056.2002 1038.6001  925.68  ]]]
5971	[[[2051.4001  1037.4      927.80005]]]
5972	[[[2056.2002 1038.6001  926.08  ]]]
5973	[[[2055.     1038.6001  698.92  ]]]
5974	[[[2051.4001 1036.2001  928.48  ]]]
5975	[[[2051.4001  1037.4      928.72003]]]
5976	[[[2056.2002 1038.6001  925.44  ]]]
5977	[[[2050.2002 1036.2001  698.64  ]]]
5978	[[[2052.6  1037.4   928.08]]]
5979	[[[2052.6  1037.4   929.08]]]
5980	[[[2053.8    1036.2001  700.72  ]]]
5981	[[[2051.4001 1036.2001  928.08  ]]]
5982	[[[2052.6 1037.4  928.4]]]
5983	[[[2051.4001  1036.2001   928.72003]]]
5984	[[[2052.6  1035.    701.12]]]
5985	[[[2051.4001 1038.6001  925.44  ]]]
5986	[[[2052.6  1033.8   696.32]]]
5987	[[[2051.4001 1033.8     922.48  ]]]
5988	[[[2052.6 1031.4  925.4]]]
5989	[[[2047.8  1035.    925.52]]]
5990	[[[2051.4001 1035.      928.64  ]]]
5991	[[[2052.6  1035.    928.24]]]
5992	[[[2050.2002 1033.8     698.48  ]]]
5993	[[[2052.6  1035.    928.12]]]
5994	[[[2051.4001  1035.       922.72003]]]
5995	[[[2051.4001 1035.      928.24  ]]]
5996	[[[2056.2002  1036.2001   925.92004]]]
5997	[[[2053.8 1033.8  696.8]
  [ 971.4 1255.8  820.4]]]
5998	[[[2053.8  1033.8   696.68]]]
5999	[[[2052.6    1036.2001  929.24  ]]]
6000	[[[2052.6  1035.    928.32]]]
6001	[[[2051.4001  1038.6001   925.80005]]]
6002	[[[2052.6    1036.2001  929.28  ]]]
6003	[[[2052.6     1035.       922.72003]]]
6004	[[[2053.8  1037.4   699.08]]]
6005	[[[2051.4001 1035.      928.88  ]]]
6006	[[[2052.6    1036.2001  928.2   ]]]
6007	[[[2053.8  1035.    701.28]]]
6008	[[[2052.6  1035.    928.24]]]
6009	[[[2051.4001 1033.8     699.52  ]]]
6010	[[[2053.8  1033.8   701.24]]]
6011	[[[2053.8 1033.8  701.2]]]
6012	[[[2055.  1031.4  698.4]]]
6013	[[[2051.4001 1035.      928.48  ]]]
6014	[[[2056.2002 1037.4     926.88  ]]]
6015	[[[2055.   1031.4   698.76]]]
6016	[[[2053.8  1033.8   701.24]]]
6017	[[[2053.8  1033.8   696.96]]]
6018	[[[2053.8  1033.8   701.04]]]
6019	[[[2051.4001 1035.      928.64  ]]]
6020	[[[2053.8    1032.6001  701.2   ]]]
6021	[[[2058.6     1039.8      930.83997]]]
6022	[[[2052.6    1032.6001  928.    ]]]
6023	[[[2056.2002 1036.2001  926.68  ]]]
6024	[[[2055.      1030.2001   698.36   ]
  [ 969.00006 1195.8      878.48   ]]]
6025	[[[2052.6  1033.8   928.96]]]
6026	[[[2053.8    1032.6001  701.16  ]]]
6027	[[[2055.     1032.6001  701.08  ]]]
6028	[[[2052.6  1033.8   929.32]]]
6029	[[[2052.6     1033.8      928.56006]]]
6030	[[[2053.8    1032.6001  696.44  ]]]
6031	[[[2053.8 1035.   698.4]]]
6032	[[[2053.8    1032.6001  701.44  ]]]
6033	[[[2053.8  1033.8   929.32]]]
6034	[[[2055. 1029.  699.]]]
6035	[[[2052.6    1032.6001  928.32  ]]]
6036	[[[2053.8  1031.4   701.48]]]
6037	[[[2053.8    1032.6001  928.88  ]]]
6038	[[[2052.6    1032.6001  929.32  ]]]
6039	[[[2053.8  1031.4   697.12]]]
6040	[[[2058.6  1037.4   931.12]]]
6041	[[[2053.8 1031.4  701.4]]]
6042	[[[2052.6  1031.4   928.64]]]
6043	[[[2053.8  1031.4   701.32]]]
6044	[[[2052.6    1030.2001  939.12  ]]]
6045	[[[2052.6  1031.4   928.88]]]
6046	[[[2049.   1029.    926.48]
  [ 952.2  1249.8   812.96]]]
6047	[[[2052.6  1031.4   928.48]]]
6048	[[[2055.     1032.6001  699.32  ]]]
6049	[[[2053.8    1030.2001  701.32  ]]]
6050	[[[2052.6  1031.4   929.12]]]
6051	[[[2053.8    1030.2001  697.32  ]]]
6052	[[[2052.6    1030.2001  923.28  ]]]
6053	[[[2055.     1032.6001  699.44  ]]]
6054	[[[2051.4001 1030.2001  929.24  ]]]
6055	[[[2052.6  1031.4   929.44]]]
6056	[[[2053.8    1030.2001  701.64  ]]]
6057	[[[2053.8    1030.2001  701.68  ]]]
6058	[[[2053.8  1029.    697.04]]]
6059	[[[2052.6    1030.2001  929.24  ]]]
6060	[[[2052.6    1030.2001  923.08  ]]]
6061	[[[2053.8    1030.2001  702.    ]]]
6062	[[[2053.8  1031.4   699.36]]]
6063	[[[2052.6    1030.2001  928.64  ]]]
6064	[[[2053.8    1030.2001  929.96  ]]]
6065	[[[2053.8  1029.    701.44]]]
6066	[[[2051.4001 1030.2001  929.32  ]]]
6067	[[[2051.4001 1031.4     930.6   ]]]
6068	[[[2053.8  1027.8   697.28]]]
6069	[[[2053.8  1029.    701.12]]]
6070	[[[2052.6  1027.8   701.56]]]
6071	[[[2052.6  1027.8   696.96]]]
6072	[[[2052.6  1029.    929.32]]]
6073	[[[2051.4001  1024.2001   925.56006]]]
6074	[[[2052.6 1027.8  701.4]]]
6075	[[[2052.6    1026.6001  701.32  ]]]
6076	[[[2052.6  1027.8   701.56]]]
6077	[[[2052.6 1025.4  930.6]]]
6078	[[[2051.4001  1027.8      922.92004]]]
6079	[[[2051.4001 1030.2001  926.    ]]]
6080	[[[2052.6  1027.8   929.32]]]
6081	[[[2052.6    1026.6001  697.08  ]]]
6082	[[[2052.6    1026.6001  701.72  ]]]
6083	[[[2051.4001 1026.6001  928.64  ]]]
6084	[[[2051.4001 1030.2001  926.68  ]]]
6085	[[[2050.2002  1029.       926.16003]]]
6086	[[[2052.6    1026.6001  923.28  ]]]
6087	[[[2053.8  1025.4   697.12]]]
6088	[[[2056.2002 1027.8     926.6   ]]]
6089	[[[2052.6  1025.4   701.92]]]
6090	[[[2051.4001 1025.4     922.76  ]]]
6091	[[[2051.4001 1026.6001  929.08  ]]]
6092	[[[2052.6    1026.6001  928.96  ]]]
6093	[[[2052.6  1027.8   698.88]]]
6094	[[[2053.8     1026.6001   929.56006]]]
6095	[[[2052.6     1021.80005  925.83997]]]
6096	[[[2052.6 1025.4  697.2]]]
6097	[[[2053.8  1027.8   699.56]]]
6098	[[[2053.8    1026.6001  929.28  ]]]
6099	[[[2052.6  1025.4   922.88]]]
6100	[[[2051.4001  1026.6001   929.56006]]]
6101	[[[2050.2002  1029.       926.16003]]]
6102	[[[2051.4001 1026.6001  929.44  ]]]
6103	[[[2053.8 1025.4  701.2]]]
6104	[[[2051.4001  1026.6001   922.83997]]]
6105	[[[2051.4001 1025.4     923.2   ]]]
6106	[[[2053.8     1023.00006  699.36   ]]]
6107	[[[2051.4001 1030.2001  926.08  ]]]
6108	[[[2049.      1027.8      925.80005]]]
6109	[[[2051.4001 1025.4     922.44  ]]]
6110	[[[2051.4001 1030.2001  926.24  ]]]
6111	[[[2051.4001 1026.6001  929.28  ]]]
6112	[[[2053.8 1025.4  701.4]]]
6113	[[[2052.6 1025.4  701.6]]]
6114	[[[2052.6  1025.4   701.56]]]
6115	[[[2051.4001  1026.6001   928.80005]]]
6116	[[[2052.6  1025.4   701.64]]]
6117	[[[2053.8 1025.4  696.8]]]
6118	[[[2052.6 1025.4  701.6]]]
6119	[[[2047.8     1026.6001   925.92004]]]
6120	[[[2051.4001  1025.4      939.16003]]]
6121	[[[2052.6  1025.4   701.64]]]
6122	[[[2052.6  1025.4   701.36]]]
6123	[[[2051.4001 1026.6001  922.6   ]]]
6124	[[[2053.8  1029.    699.24]]]
6125	[[[2052.6     1027.8      928.80005]]]
6126	[[[2053.8  1029.    699.24]]]
6127	[[[2052.6    1026.6001  701.52  ]]]
6128	[[[2053.8  1025.4   702.04]]]
6129	[[[2052.6  1027.8   928.88]]]
6130	[[[2053.8  1027.8   930.12]]]
6131	[[[2052.6    1026.6001  697.28  ]]]
6132	[[[2051.4001  1026.6001   928.56006]]]
6133	[[[2052.6    1024.2001  925.68  ]]]
6134	[[[2053.8  1027.8   696.48]]]
6135	[[[2052.6  1029.    929.12]]]
6136	[[[2052.6  1027.8   696.96]]]
6137	[[[2053.8    1030.2001  699.04  ]]]
6138	[[[2052.6  1027.8   701.48]]]
6139	[[[2051.4001  1029.       928.56006]]]
6140	[[[2051.4001  1029.       928.80005]]]
6141	[[[2052.6    1030.2001  929.88  ]]]
6142	[[[2053.8    1030.2001  929.96  ]]]
6143	[[[2052.6  1027.8   701.16]]]
6144	[[[2052.6  1029.    701.64]]]
6145	[[[2051.4001 1030.2001  928.88  ]]]
6146	[[[2049.     1030.2001  926.    ]]]
6147	[[[2053.8  1029.    697.08]]]
6148	[[[2052.6  1029.    696.92]]]
6149	[[[2052.6    1030.2001  701.84  ]]]
6150	[[[2051.4001 1029.      928.64  ]]]
6151	[[[2053.8    1030.2001  701.04  ]]]
6152	[[[2053.8    1030.2001  701.48  ]]]
6153	[[[2052.6 1031.4  929.4]]]
6154	[[[2052.6     1031.4      929.72003]]]
6155	[[[2052.6  1031.4   929.64]]]
6156	[[[2053.8    1032.6001  699.16  ]]]
6157	[[[2052.6  1031.4   929.52]]]
6158	[[[2053.8    1030.2001  701.08  ]]]
6159	[[[2052.6    1032.6001  698.8   ]]]
6160	[[[2052.6  1031.4   929.36]]]
6161	[[[2051.4001 1030.2001  939.52  ]]]
6162	[[[2047.8     1031.4      925.56006]]]
6163	[[[2053.8  1031.4   696.36]]]
6164	[[[2052.6  1031.4   701.88]]]
6165	[[[2052.6    1032.6001  929.12  ]]]
6166	[[[2051.4001 1031.4     922.76  ]]]
6167	[[[2050.2002 1031.4     698.6   ]]]
6168	[[[2052.6  1031.4   701.48]]]
6169	[[[2051.4001 1031.4     922.44  ]]]
6170	[[[2051.4001 1032.6001  928.44  ]]]
6171	[[[2051.4001 1031.4     928.48  ]]]
6172	[[[2052.6     1036.2001   926.16003]]]
6173	[[[2052.6  1035.    698.52]]]
6174	[[[2053.8    1032.6001  700.88  ]]]
6175	[[[2052.6    1032.6001  701.56  ]]]
6176	[[[2051.4001 1032.6001  922.28  ]]]
6177	[[[2053.8    1032.6001  700.96  ]]]
6178	[[[2052.6    1032.6001  701.44  ]]]
6179	[[[2052.6  1033.8   928.24]]]
6180	[[[2056.2002  1035.       926.16003]]]
6181	[[[2052.6    1032.6001  922.28  ]]]
6182	[[[2053.8  1033.8   701.48]]]
6183	[[[2053.8  1035.    929.08]]]
6184	[[[2051.4001 1037.4     925.76  ]]]
6185	[[[2053.8    1032.6001  701.4   ]]]
6186	[[[2052.6  1033.8   922.48]]]
6187	[[[2053.8  1035.    928.96]]]
6188	[[[2053.8    1032.6001  701.16  ]]]
6189	[[[2057.4001  1037.4      933.04004]]]
6190	[[[2053.8    1032.6001  701.28  ]]]
6191	[[[2052.6     1033.8      922.04004]]]
6192	[[[2052.6  1035.    929.28]]]
6193	[[[2053.8  1035.    928.64]]]
6194	[[[2049.  1033.8  925. ]]]
6195	[[[2051.4001 1037.4     926.    ]]]
6196	[[[2051.4001 1032.6001  698.88  ]]]
6197	[[[2052.6  1033.8   922.36]]]
6198	[[[2053.8 1035.   928.4]]]
6199	[[[2053.8  1033.8   696.32]]]
6200	[[[2053.8     1035.       928.72003]]]
6201	[[[2053.8  1033.8   696.68]]]
6202	[[[2052.6  1033.8   701.28]]]
6203	[[[2052.6  1033.8   701.36]]]
6204	[[[2053.8    1036.2001  698.8   ]]]
6205	[[[2052.6 1033.8  701.4]]]
6206	[[[2052.6 1033.8  700.8]]]
6207	[[[2051.4001 1037.4     926.12  ]]]
6208	[[[2051.4001 1035.      928.08  ]]]
6209	[[[2053.8  1033.8   700.76]]]
6210	[[[2050.2002 1032.6001  698.88  ]]]
6211	[[[2052.6 1033.8  696.6]]]
6212	[[[2050.2002 1037.4     925.52  ]]]
6213	[[[2051.4001 1033.8     927.84  ]]]
6214	[[[2051.4001 1033.8     696.88  ]]]
6215	[[[2052.6  1033.8   700.64]]]
6216	[[[2052.6    1032.6001  696.4   ]]]
6217	[[[2052.6  1033.8   700.64]]]
6218	[[[2050.2002 1035.      928.4   ]]]
6219	[[[2051.4001 1035.      927.84  ]]]
6220	[[[2051.4001 1033.8     922.12  ]]]
6221	[[[2050.2002 1033.8     927.64  ]]]
6222	[[[2049.   1033.8   698.12]]]
6223	[[[2052.6  1033.8   700.76]]]
6224	[[[2050.2002 1036.2001  929.64  ]]]
6225	[[[2052.6  1035.    928.12]]]
6226	[[[2051.4001  1033.8      927.56006]]]
6227	[[[2052.6    1032.6001  696.24  ]]]
6228	[[[2051.4001 1035.      928.32  ]]]
6229	[[[2052.6    1032.6001  696.12  ]]]
6230	[[[2050.2002  1033.8      927.56006]]]
6231	[[[2052.6  1033.8   700.48]]]
6232	[[[2051.4001 1033.8     700.84  ]]]
6233	[[[2052.6 1033.8  700.4]]]
6234	[[[2051.4001 1035.      928.44  ]]]
6235	[[[2052.6  1033.8   695.64]]]
6236	[[[2051.4001  1033.8      927.80005]]]
6237	[[[2051.4001 1033.8     696.84  ]]]
6238	[[[2052.6    1032.6001  700.72  ]]]
6239	[[[2050.2002 1033.8     927.88  ]]]
6240	[[[2051.4001 1032.6001  700.92  ]]]
6241	[[[2051.4001 1032.6001  701.04  ]]]
6242	[[[2050.2002  1032.6001   927.56006]]]
6243	[[[2051.4001 1035.      698.48  ]]]
6244	[[[2051.4001 1033.8     928.12  ]]]
6245	[[[2052.6    1030.2001  698.32  ]]]
6246	[[[2051.4001 1035.      698.48  ]]]
6247	[[[2051.4001 1032.6001  700.12  ]]]
6248	[[[2049.      1033.8      927.56006]]]
6249	[[[2051.4001 1035.      698.32  ]]]
6250	[[[2049.     1032.6001  921.36  ]]]
6251	[[[2049.      1036.2001   925.56006]]]
6252	[[[2049.     1032.6001  921.48  ]]]
6253	[[[2049.   1031.4   921.48]]]
6254	[[[2053.8 1033.8  925. ]]]
6255	[[[2049.      1033.8      928.56006]]]
6256	[[[2051.4001 1032.6001  700.12  ]]]
6257	[[[2050.2002 1031.4     700.76  ]]]
6258	[[[2049.     1032.6001  927.44  ]]]
6259	[[[2050.2002 1031.4     695.84  ]]]
6260	[[[2050.2002 1032.6001  695.56  ]]]
6261	[[[2049.   1031.4   937.64]]]
6262	[[[2050.2002  1033.8      927.56006]]]
6263	[[[2047.8    1036.2001  925.2   ]]]
6264	[[[2046.6001 1036.2001  924.76  ]]]
6265	[[[2049.     1032.6001  700.12  ]]]
6266	[[[2047.8    1032.6001  927.08  ]]]
6267	[[[2049.  1033.8  928. ]]]
6268	[[[2047.8  1033.8   927.32]]]
6269	[[[2049.     1032.6001  700.24  ]]]
6270	[[[2047.8     1033.8      926.83997]]]
6271	[[[2046.6001  1032.6001   921.16003]]]
6272	[[[2047.8  1033.8   926.68]]]
6273	[[[2049.     1032.6001  699.96  ]]]
6274	[[[2046.6001 1033.8     926.76  ]]]
6275	[[[2046.6001 1033.8     927.48  ]]]
6276	[[[2047.8  1035.    697.28]]]
6277	[[[2046.6001 1032.6001  921.2   ]]]
6278	[[[2047.8    1032.6001  700.48  ]]]
6279	[[[2046.6001  1033.8      926.56006]]]
6280	[[[2047.8    1032.6001  700.08  ]]]
6281	[[[2046.6001 1033.8     927.24  ]]]
6282	[[[2044.2001 1032.6001  697.92  ]]]
6283	[[[2050.2002  1033.8      924.92004]]]
6284	[[[2045.4     1032.6001   926.92004]]]
6285	[[[2041.8    1032.6001  924.24  ]]]
6286	[[[2045.4    1032.6001  921.28  ]]]
6287	[[[2045.4    1032.6001  921.32  ]]]
6288	[[[2046.6001 1032.6001  695.32  ]]]
6289	[[[2045.4     1033.8      926.92004]]]
6290	[[[2047.8    1032.6001  695.56  ]]]
6291	[[[2047.8     1033.8      927.56006]]]
6292	[[[2045.4    1032.6001  920.96  ]]]
6293	[[[2047.8     1033.8      927.56006]]]
6294	[[[2047.8    1032.6001  699.92  ]]]
6295	[[[2046.6001 1032.6001  695.32  ]]]
6296	[[[2047.8    1032.6001  699.68  ]]]
6297	[[[2045.4     1032.6001   926.80005]]]
6298	[[[2047.8     1030.2001   924.16003]]]
6299	[[[2047.8  1033.8   927.32]]]
6300	[[[2047.8    1032.6001  699.6   ]]]
6301	[[[2047.8  1031.4   695.32]]]
6302	[[[2047.8  1031.4   695.36]]]
6303	[[[2047.8  1031.4   695.12]]]
6304	[[[2045.4  1031.4   920.32]]]
6305	[[[2044.2001  1036.2001   923.83997]]]
6306	[[[2046.6001 1031.4     699.96  ]]]
6307	[[[2046.6001 1035.      697.44  ]]]
6308	[[[2044.2001 1031.4     698.    ]]]
6309	[[[2047.8    1030.2001  697.52  ]]]
6310	[[[2045.4    1032.6001  937.12  ]]]
6311	[[[2046.6001 1035.      697.44  ]]]
6312	[[[2044.2001 1031.4     697.96  ]]]
6313	[[[2047.8    1030.2001  697.28  ]]]
6314	[[[2046.6001 1031.4     699.52  ]]]
6315	[[[2046.6001 1035.      697.4   ]]]
6316	[[[2044.2001 1032.6001  926.32  ]]]
6317	[[[2045.4 1033.8  927. ]]]
6318	[[[2044.2001 1032.6001  926.32  ]]]
6319	[[[2046.6001  1033.8      927.80005]]]
6320	[[[2044.2001 1032.6001  926.    ]]]
6321	[[[2045.4  1033.8   926.32]]]
6322	[[[2045.4    1032.6001  920.32  ]]]
6323	[[[2045.4 1033.8  927. ]]]
6324	[[[2046.6001 1033.8     926.68  ]]]
6325	[[[2044.2001 1032.6001  926.08  ]]]
6326	[[[2046.6001 1032.6001  699.6   ]]]
6327	[[[2046.6001 1032.6001  699.6   ]]]
6328	[[[2044.2001  1032.6001   920.16003]]]
6329	[[[2045.4    1032.6001  699.84  ]]]
6330	[[[2046.6001 1031.4     695.16  ]]]
6331	[[[2045.4 1033.8  926. ]]]
6332	[[[2045.4    1032.6001  699.76  ]]]
6333	[[[2045.4    1032.6001  699.76  ]]]
6334	[[[2046.6001 1032.6001  695.    ]]]
6335	[[[2044.2001 1033.8     925.6   ]]]
6336	[[[2040.6001 1031.4     923.52  ]]]
6337	[[[2045.4    1032.6001  699.8   ]]]
6338	[[[2044.2001  1032.6001   920.16003]]]
6339	[[[2045.4  1033.8   926.64]]]
6340	[[[2045.4    1032.6001  694.88  ]]]
6341	[[[2046.6001 1032.6001  699.32  ]]]
6342	[[[2044.2001 1033.8     926.76  ]]]
6343	[[[2045.4  1031.4   699.56]]]
6344	[[[2046.6001 1035.      697.4   ]]]
6345	[[[2043.0001 1036.2001  923.28  ]]]
6346	[[[2044.2001  1032.6001   920.16003]]]
6347	[[[2044.2001 1033.8     927.08  ]]]
6348	[[[2045.4  1031.4   699.88]]]
6349	[[[2045.4    1032.6001  694.88  ]]]
6350	[[[2044.2001 1032.6001  695.    ]]]
6351	[[[2043.0001 1033.8     927.32  ]]]
6352	[[[2050.2002 1037.4     928.32  ]]]
6353	[[[2044.2001 1032.6001  699.6   ]]]
6354	[[[2044.2001 1032.6001  695.04  ]]]
6355	[[[2041.8  1031.4   926.24]]]
6356	[[[2044.2001 1032.6001  699.44  ]]]
6357	[[[2045.4    1030.2001  697.28  ]]]
6358	[[[2045.4     1030.2001   697.12   ]
  [ 927.00006 1273.8      692.68   ]]]
6359	[[[2044.2001 1032.6001  699.32  ]]]
6360	[[[2041.8 1033.8  926.4]]]
6361	[[[2044.2001 1032.6001  699.28  ]]]
6362	[[[2044.2001 1032.6001  699.24  ]]]
6363	[[[2040.6001 1036.2001  923.68  ]]]
6364	[[[2041.8  1033.8   926.36]]]
6365	[[[2041.8  1033.8   926.24]]]
6366	[[[2044.2001 1032.6001  695.12  ]]]
6367	[[[2046.6001  1033.8      923.83997]]]
6368	[[[2044.2001 1032.6001  695.12  ]]]
6369	[[[2044.2001 1030.2001  696.92  ]]]
6370	[[[2040.6001 1031.4     697.32  ]]]
6371	[[[2043.0001 1032.6001  699.48  ]]]
6372	[[[2049.   1037.4   928.44]]]
6373	[[[2043.0001  1033.8      927.04004]]]
6374	[[[2040.6001 1036.2001  923.52  ]]]
6375	[[[2040.6001  1035.       923.16003]]]
6376	[[[2041.8  1031.4   920.12]]]
6377	[[[2043.0001 1031.4     699.44  ]]]
6378	[[[2038.2001 1032.6001  923.28  ]]]
6379	[[[2041.8    1032.6001  920.32  ]]]
6380	[[[2044.2001 1033.8     697.6   ]]]
6381	[[[2041.8     1032.6001   925.92004]]]
6382	[[[2043.0001 1033.8     696.96  ]]]
6383	[[[2041.8     1032.6001   926.92004]]]
6384	[[[2040.6001 1031.4     920.32  ]]]
6385	[[[2040.6001 1031.4     920.4   ]]]
6386	[[[2040.6001  1031.4      920.72003]]]
6387	[[[2040.6001 1030.2001  920.4   ]]]
6388	[[[2041.8  1029.    928.32]]]
6389	[[[2037.0001 1032.6001  924.6   ]]]
6390	[[[2043.0001 1027.8     697.28  ]]]
6391	[[[2040.6001 1030.2001  936.76  ]]]
6392	[[[2040.6001 1031.4     920.48  ]]]
6393	[[[2037.0001 1031.4     923.44  ]]]
6394	[[[2041.8    1030.2001  695.36  ]]]
6395	[[[2038.2001 1031.4     923.68  ]]]
6396	[[[2039.4  1033.8   923.68]]]
6397	[[[2040.6001 1030.2001  926.44  ]]]
6398	[[[2041.8  1029.    695.32]]]
6399	[[[2041.8  1029.    699.64]]]
6400	[[[2043.0001 1031.4     697.64  ]]]
6401	[[[2041.8  1029.    695.28]]]
6402	[[[2041.8  1029.    695.04]]]
6403	[[[2045.4 1031.4  925. ]]]
6404	[[[2040.6001 1030.2001  926.68  ]]]
6405	[[[2041.8  1029.    695.28]]]
6406	[[[2040.6001 1030.2001  926.44  ]]]
6407	[[[2039.4     1032.6001   923.92004]]]
6408	[[[2041.8  1029.    695.36]]]
6409	[[[2037.0001 1027.8     924.28  ]]]
6410	[[[2041.8  1031.4   927.32]]]
6411	[[[2041.8 1029.   695.2]
  [ 965.4 1225.8  844. ]]]
6412	[[[2041.8     1030.2001   926.83997]]]
6413	[[[2041.8  1029.    695.52]]]
6414	[[[2041.8     1030.2001   927.80005]]]
6415	[[[2041.8  1029.    700.08]]]
6416	[[[2044.2001 1032.6001  925.4   ]]]
6417	[[[2041.8  1029.    699.88]]]
6418	[[[2041.8     1030.2001   928.04004]]]
6419	[[[2040.6001  1029.       926.80005]]]
6420	[[[2043.0001 1031.4     698.12  ]]]
6421	[[[2037.0001 1027.8     924.6   ]]]
6422	[[[2041.8  1031.4   697.92]]]
6423	[[[2040.6001 1029.      921.2   ]]]
6424	[[[2040.6001 1029.      921.52  ]]]
6425	[[[2043.0001 1027.8     695.52  ]]]
6426	[[[2041.8    1030.2001  928.12  ]]]
6427	[[[2040.6001 1029.      921.44  ]]]
6428	[[[2041.8  1029.    700.52]]]
6429	[[[2041.8  1029.    695.44]]]
6430	[[[2041.8    1030.2001  927.88  ]]]
6431	[[[2043.0001 1029.      695.28  ]]]
6432	[[[2040.6001 1033.8     924.36  ]]]
6433	[[[2043.0001 1029.      700.6   ]]]
6434	[[[2040.6001 1029.      921.4   ]]]
6435	[[[2040.6001 1030.2001  927.76  ]]]
6436	[[[2041.8  1029.    695.72]]]
6437	[[[2045.4  1031.4   924.68]]]
6438	[[[2043.0001 1029.      695.96  ]]]
6439	[[[2045.4     1031.4      924.92004]]]
6440	[[[2041.8    1030.2001  927.32  ]]]
6441	[[[2041.8  1029.    937.88]]]
6442	[[[2043.0001 1029.      700.04  ]]]
6443	[[[2050.2002 1031.4     928.64  ]]]
6444	[[[2041.8    1030.2001  921.08  ]]]
6445	[[[2041.8 1033.8  924.6]]]
6446	[[[2043.0001 1030.2001  696.16  ]]]
6447	[[[2044.2001 1030.2001  699.88  ]]]
6448	[[[2044.2001 1032.6001  698.36  ]]]
6449	[[[2041.8  1029.    698.28]]]
6450	[[[2044.2001  1031.4      927.92004]]]
6451	[[[2044.2001 1031.4     927.96  ]]]
6452	[[[2041.8  1031.4   927.68]]]
6453	[[[2044.2001 1030.2001  695.56  ]]]
6454	[[[2043.0001 1031.4     920.96  ]]]
6455	[[[2044.2001 1030.2001  695.92  ]]]
6456	[[[2044.2001  1032.6001   927.80005]]]
6457	[[[2041.8     1032.6001   927.80005]]]
6458	[[[2041.8 1031.4  927.4]]]
6459	[[[2044.2001 1031.4     700.36  ]]]
6460	[[[2044.2001  1032.6001   928.04004]]]
6461	[[[2043.0001 1032.6001  927.4   ]]]
6462	[[[2044.2001  1032.6001   927.80005]]]
6463	[[[2043.0001  1032.6001   927.04004]]]
6464	[[[2044.2001 1031.4     700.16  ]]]
6465	[[[2044.2001 1031.4     695.96  ]]]
6466	[[[2045.4    1032.6001  699.88  ]]]
6467	[[[2047.8     1033.8      924.92004]]]
6468	[[[2043.0001 1032.6001  927.48  ]]]
6469	[[[2043.0001  1033.8      928.16003]]]
6470	[[[2043.0001  1032.6001   921.56006]]]
6471	[[[2044.2001 1032.6001  695.92  ]]]
6472	[[[2045.4  1035.    698.12]]]
6473	[[[2044.2001  1033.8      927.80005]]]
6474	[[[2044.2001 1033.8     927.48  ]]]
6475	[[[2043.0001  1037.4      924.83997]]]
6476	[[[2043.0001  1035.       928.16003]]]
6477	[[[2045.4    1032.6001  700.88  ]]]
6478	[[[2043.0001 1037.4     924.52  ]]]
6479	[[[2045.4  1033.8   700.68]]]
6480	[[[2045.4     1035.       928.04004]]]
6481	[[[2043.0001 1035.      927.    ]]]
6482	[[[2045.4  1035.    700.56]]]
6483	[[[2045.4  1035.    696.08]]]
6484	[[[2045.4    1036.2001  928.32  ]]]
6485	[[[2044.2001 1035.      927.32  ]]]
6486	[[[2046.6001 1037.4     698.48  ]]]
6487	[[[2046.6001 1037.4     698.4   ]]]
6488	[[[2045.4  1035.    695.88]]]
6489	[[[2046.6001 1035.      695.76  ]]]
6490	[[[2044.2001  1035.       927.16003]]]
6491	[[[2046.6001  1036.2001   928.04004]]]
6492	[[[2041.8    1036.2001  924.4   ]]]
6493	[[[2050.2002 1038.6001  932.44  ]]]
6494	[[[2044.2001  1036.2001   928.16003]]]
6495	[[[2045.4     1036.2001   927.80005]]]
6496	[[[2047.8  1037.4   698.24]]]
6497	[[[2046.6001 1035.      700.68  ]]]
6498	[[[2046.6001  1036.2001   928.04004]]]
6499	[[[2046.6001 1035.      695.92  ]]]
6500	[[[2046.6001 1035.      700.72  ]]]
6501	[[[2046.6001 1035.      700.44  ]]]
6502	[[[2046.6001 1035.      700.48  ]]]
6503	[[[2047.8  1035.    695.84]]]
6504	[[[2047.8  1035.    695.96]]]
6505	[[[2045.4     1036.2001   921.72003]]]
6506	[[[2045.4     1036.2001   927.56006]]]
6507	[[[2046.6001 1036.2001  700.84  ]]]
6508	[[[2046.6001 1035.      921.28  ]]]
6509	[[[2049.   1037.4   698.56]]]
6510	[[[2046.6001  1036.2001   927.16003]]]
6511	[[[2045.4    1036.2001  927.4   ]]]
6512	[[[2046.6001 1036.2001  696.4   ]]]
6513	[[[2046.6001  1036.2001   922.04004]]]
6514	[[[2047.8    1032.6001  698.52  ]]]
6515	[[[2047.8  1035.    700.52]]]
6516	[[[2046.6001 1035.      696.32  ]]]
6517	[[[2046.6001 1035.      927.48  ]]]
6518	[[[2047.8     1036.2001   928.56006]]]
6519	[[[2049.   1037.4   698.76]]]
6520	[[[2046.6001 1035.      921.88  ]]]
6521	[[[2046.6001 1032.6001  924.48  ]]]
6522	[[[2046.6001 1035.      938.28  ]]]
6523	[[[2047.8    1036.2001  700.84  ]]]
6524	[[[2046.6001  1036.2001   928.04004]]]
6525	[[[2046.6001 1035.      938.52  ]]]
6526	[[[2047.8  1037.4   928.68]
  [ 970.2  1231.8   846.84]]]
6527	[[[2047.8 1035.   700.8]]]
6528	[[[2047.8     1037.4      928.80005]]]
6529	[[[2045.4  1033.8   698.84]]]
6530	[[[2047.8    1036.2001  701.08  ]]]
6531	[[[2046.6001 1036.2001  922.28  ]]]
6532	[[[2047.8  1035.    696.52]]]
6533	[[[2046.6001  1032.6001   924.83997]]]
6534	[[[2045.4    1036.2001  698.56  ]]]
6535	[[[2047.8    1036.2001  696.28  ]]]
6536	[[[2047.8    1036.2001  696.6   ]]]
6537	[[[2046.6001  1036.2001   921.88   ]
  [ 973.80005 1255.8      826.83997]]]
6538	[[[2046.6001 1037.4     928.36  ]]]
6539	[[[2046.6001 1037.4     928.6   ]]]
6540	[[[2049.     1036.2001  696.56  ]]]
6541	[[[2046.6001 1036.2001  922.28  ]]]
6542	[[[2047.8  1037.4   927.88]]]
6543	[[[2045.4    1036.2001  698.48  ]]]
6544	[[[2049.     1036.2001  696.56  ]]]
6545	[[[2049.      1037.4      928.83997]]]
6546	[[[2046.6001 1037.4     928.52  ]]]
6547	[[[2049.     1036.2001  700.92  ]]]
6548	[[[2044.2001 1037.4     925.24  ]]]
6549	[[[2047.8    1036.2001  696.44  ]]]
6550	[[[2046.6001 1037.4     928.44  ]]]
6551	[[[2047.8     1037.4      927.80005]]]
6552	[[[2047.8  1037.4   928.12]]]
6553	[[[2044.2001 1037.4     925.12  ]]]
6554	[[[2050.2002 1036.2001  700.84  ]]]
6555	[[[2049.   1037.4   929.36]]]
6556	[[[2049.   1035.    701.04]]]
6557	[[[2049.     1036.2001  696.56  ]]]
6558	[[[2046.6001 1039.8     925.76  ]]]
6559	[[[2047.8     1037.4      928.04004]]]
6560	[[[2049.     1036.2001  696.76  ]]]
6561	[[[2047.8    1036.2001  922.44  ]]]
6562	[[[2049.      1037.4      928.72003]]]
6563	[[[2050.2002 1035.      701.12  ]]]
6564	[[[2047.8  1039.8   925.76]]]
6565	[[[2050.2002 1035.      696.8   ]]]
6566	[[[2047.8  1035.    698.92]]]
6567	[[[2050.2002 1035.      696.64  ]]]
6568	[[[2049.      1035.       928.04004]]]
6569	[[[2051.4001 1035.      696.68  ]]]
6570	[[[2050.2002 1035.      701.12  ]]]
6571	[[[2049.      1035.       922.72003]]]
6572	[[[2050.2002 1036.2001  928.64  ]]]
6573	[[[2050.2002 1036.2001  928.24  ]]]
6574	[[[2050.2002 1035.      928.32  ]]]
6575	[[[2051.4001  1036.2001   929.56006]]]
6576	[[[2049.      1038.6001   925.92004]]]
6577	[[[2050.2002 1035.      928.44  ]]]
6578	[[[2050.2002 1037.4     930.12  ]]]
6579	[[[2052.6  1033.8   696.88]]]
6580	[[[2052.6  1033.8   697.04]]]
6581	[[[2051.4001 1033.8     922.2   ]]]
6582	[[[2053.8  1033.8   701.12]]]
6583	[[[2051.4001 1033.8     922.52  ]]]
6584	[[[2052.6  1035.    929.12]]]
6585	[[[2053.8  1033.8   696.56]]]
6586	[[[2051.4001 1033.8     922.52  ]]]
6587	[[[2051.4001  1037.4      926.16003]]]
6588	[[[2051.4001 1033.8     928.48  ]]]
6589	[[[2052.6    1030.2001  925.08  ]]]
6590	[[[2052.6    1032.6001  922.44  ]]]
6591	[[[2052.6 1037.4  926.4]]]
6592	[[[2053.8    1032.6001  701.32  ]]]
6593	[[[2053.8    1032.6001  701.32  ]]]
6594	[[[2053.8    1032.6001  701.6   ]]]
6595	[[[2055.     1030.2001  699.    ]]]
6596	[[[2052.6    1032.6001  939.28  ]]]
6597	[[[2055.     1032.6001  701.16  ]]]
6598	[[[2055.   1035.    699.44]]]
6599	[[[2055.   1031.4   702.28]]]
6600	[[[2055.     1032.6001  701.32  ]]]
6601	[[[2053.8  1033.8   928.88]]]
6602	[[[2055.   1031.4   697.16]]]
6603	[[[2050.2002 1032.6001  925.6   ]]]
6604	[[[2052.6     1035.       926.16003]]]
6605	[[[2058.6  1033.8   926.48]]]
6606	[[[2056.2002 1031.4     701.24  ]]]
6607	[[[2053.8  1031.4   939.36]]]
6608	[[[2053.8     1031.4      928.80005]]]
6609	[[[2055.   1033.8   698.76]]]
6610	[[[2055.  1031.4  696.8]]]
6611	[[[2055.     1032.6001  928.44  ]]]
6612	[[[2055.      1031.4      922.83997]]]
6613	[[[2056.2002 1031.4     701.36  ]]]
6614	[[[2055.   1027.8   925.64]]]
6615	[[[2056.2002 1032.6001  929.36  ]]]
6616	[[[2053.8  1033.8   926.08]]]
6617	[[[2056.2002 1030.2001  696.92  ]]]
6618	[[[2053.8     1033.8      926.16003]]]
6619	[[[2055.   1031.4   929.48]]]
6620	[[[2057.4001 1032.6001  699.2   ]]]
6621	[[[2057.4001 1032.6001  699.4   ]]]
6622	[[[2057.4001 1030.2001  701.16  ]]]
6623	[[[2056.2002 1030.2001  697.08  ]]]
6624	[[[2055.     1030.2001  922.96  ]]]
6625	[[[2056.2002  1030.2001   922.83997]]]
6626	[[[2057.4001 1029.      697.08  ]]]
6627	[[[2056.2002  1030.2001   928.56006]]]
6628	[[[2058.6  1029.    696.72]]]
6629	[[[2057.4001 1030.2001  929.24  ]]]
6630	[[[2055.      1032.6001   926.16003]]]
6631	[[[2058.6 1029.   701.2]]]
6632	[[[2057.4001 1030.2001  929.96  ]]]
6633	[[[2056.2002 1030.2001  929.96  ]]]
6634	[[[2052.6 1029.   926. ]]]
6635	[[[2057.4001 1029.      701.48  ]]]
6636	[[[2056.2002 1029.      928.64  ]]]
6637	[[[2056.2002 1027.8     928.88  ]]]
6638	[[[2057.4001 1029.      701.68  ]]]
6639	[[[2058.6  1027.8   701.72]]]
6640	[[[2057.4001  1030.2001   929.56006]]]
6641	[[[2057.4001 1027.8     701.8   ]]]
6642	[[[2058.6  1025.4   699.24]]]
6643	[[[2058.6  1027.8   701.68]]]
6644	[[[2057.4001 1027.8     701.44  ]]]
6645	[[[2057.4001 1027.8     701.6   ]]]
6646	[[[2058.6  1027.8   701.24]]]
6647	[[[2056.2002 1027.8     922.64  ]]]
6648	[[[2058.6  1027.8   697.04]]]
6649	[[[2057.4001 1029.      929.88  ]]]
6650	[[[2057.4001 1026.6001  701.8   ]]]
6651	[[[2056.2002 1026.6001  922.52  ]]]
6652	[[[2055.   1031.4   926.48]]]
6653	[[[2056.2002  1029.       929.92004]]]
6654	[[[2059.8  1029.    926.28]]]
6655	[[[2055.     1030.2001  926.4   ]]]
6656	[[[2056.2002 1026.6001  923.08  ]]]
6657	[[[2055.     1030.2001  926.64  ]]]
6658	[[[2056.2002  1026.6001   922.56006]]]
6659	[[[2058.6    1024.2001  699.2   ]]]
6660	[[[2057.4001 1025.4     696.6   ]]]
6661	[[[2057.4001 1026.6001  701.92  ]]]
6662	[[[2058.6    1026.6001  701.08  ]]]
6663	[[[2057.4001 1025.4     701.72  ]]]
6664	[[[2057.4001 1025.4     701.6   ]]]
6665	[[[2056.2002 1025.4     923.08  ]]]
6666	[[[2058.6    1026.6001  700.8   ]]]
6667	[[[2058.6     1023.00006  699.32   ]]]
6668	[[[2058.6    1026.6001  929.6   ]]]
6669	[[[2058.6    1026.6001  929.28  ]]]
6670	[[[2057.4001 1025.4     701.68  ]]]
6671	[[[2058.6 1025.4  696.8]]]
6672	[[[2058.6  1027.8   699.12]]]
6673	[[[2058.6    1024.2001  697.6   ]]]
6674	[[[2058.6  1025.4   701.52]]]
6675	[[[2055.      1027.8      925.72003]]]
6676	[[[2058.6  1025.4   701.52]]]
6677	[[[2058.6    1024.2001  701.24  ]]]
6678	[[[2057.4001  1025.4      928.80005]]]
6679	[[[2053.8  1025.4   925.52]]]
6680	[[[2058.6    1024.2001  701.36  ]]]
6681	[[[2057.4001 1024.2001  696.92  ]]]
6682	[[[2057.4001  1025.4      928.56006]]]
6683	[[[2059.8    1024.2001  701.2   ]]]
6684	[[[2058.6    1026.6001  699.32  ]]]
6685	[[[2059.8     1020.60004  698.84   ]]]
6686	[[[2057.4001  1024.2001   928.56006]]]
6687	[[[2058.6  1025.4   929.64]]]
6688	[[[2057.4001  1027.8      925.92004]]]
6689	[[[2058.6     1021.80005  930.28   ]]]
6690	[[[2058.6    1024.2001  701.8   ]]]
6691	[[[2056.2002 1026.6001  926.    ]]]
6692	[[[2059.8     1020.60004  699.24   ]]]
6693	[[[2056.2002  1021.80005  699.52   ]]]
6694	[[[2058.6     1023.00006  701.6    ]
  [ 981.00006 1105.8      891.44   ]]]
6695	[[[2058.6    1024.2001  701.96  ]]]
6696	[[[2057.4001  1023.00006  922.6    ]]]
6697	[[[2057.4001  1023.00006  922.72003]]]
6698	[[[2062.2002 1024.2001  926.68  ]]]
6699	[[[2058.6     1023.00006  701.6    ]]]
6700	[[[2057.4001 1024.2001  928.96  ]]]
6701	[[[2059.8    1024.2001  930.08  ]]]
6702	[[[2059.8     1023.00006  701.08   ]]]
6703	[[[2059.8 1019.4  699. ]]]
6704	[[[2059.8     1023.00006  696.52   ]]]
6705	[[[2058.6    1024.2001  928.96  ]]]
6706	[[[2058.6    1024.2001  929.64  ]]]
6707	[[[2057.4001  1021.80005  938.88   ]]]
6708	[[[2057.4001  1023.00006  922.72003]]]
6709	[[[2058.6     1023.00006  701.6    ]]]
6710	[[[2058.6    1024.2001  928.88  ]]]
6711	[[[2057.4001  1021.80005  939.44   ]]]
6712	[[[2062.2002  1024.2001   926.56006]]]
6713	[[[2059.8     1021.80005  701.28   ]]]
6714	[[[2057.4001  1023.00006  929.12   ]]]
6715	[[[2059.8     1021.80005  696.92   ]]]
6716	[[[2058.6     1021.80005  701.16   ]]]
6717	[[[2058.6    1024.2001  929.32  ]]]
6718	[[[2059.8     1021.80005  697.24   ]]]
6719	[[[2059.8     1021.80005  701.24   ]]]
6720	[[[2059.8    1024.2001  929.44  ]]]
6721	[[[2058.6    1026.6001  926.    ]]]
6722	[[[2057.4001  1026.6001   926.16003]]]
6723	[[[2058.6     1021.80005  922.28   ]]]
6724	[[[2059.8     1023.00006  701.64   ]]]
6725	[[[2062.2002 1024.2001  926.36  ]]]
6726	[[[2059.8     1023.00006  929.2    ]]]
6727	[[[2058.6     1021.80005  922.6    ]]]
6728	[[[2058.6     1021.80005  922.28   ]]]
6729	[[[2058.6     1023.00006  929.44   ]]]
6730	[[[2059.8     1021.80005  701.24   ]]]
6731	[[[2058.6     1021.80005  922.64   ]]]
6732	[[[2057.4001  1025.4      926.56006]]]
6733	[[[2058.6     1021.80005  922.96   ]]]
6734	[[[2059.8     1021.80005  701.24   ]]]
6735	[[[2057.4001 1025.4     926.24  ]]]
6736	[[[2059.8     1021.80005  696.6    ]]]
6737	[[[2059.8     1021.80005  701.24   ]]]
6738	[[[2058.6     1021.80005  922.96   ]]]
6739	[[[2057.4001 1024.2001  925.68  ]]]
6740	[[[2058.6     1021.80005  928.32   ]]]
6741	[[[2059.8     1021.80005  696.96   ]]]
6742	[[[2058.6     1021.80005  928.64   ]]]
6743	[[[2059.8     1023.00006  929.32   ]]]
6744	[[[2059.8     1021.80005  696.92   ]]]
6745	[[[2059.8     1020.60004  696.64   ]]]
6746	[[[2059.8     1021.80005  928.24   ]]]
6747	[[[2059.8     1021.80005  701.56   ]]]
6748	[[[2061.      1021.80005  701.52   ]]]
6749	[[[2059.8     1021.80005  928.64   ]]]
6750	[[[2059.8     1020.60004  696.96   ]]]
6751	[[[2058.6     1021.80005  928.64   ]]]
6752	[[[2061.      1021.80005  701.52   ]]]
6753	[[[2059.8     1020.60004  922.16003]]]
6754	[[[2058.6    1024.2001  925.68  ]]]
6755	[[[2059.8     1020.60004  938.96   ]]]
6756	[[[2059.8     1020.60004  938.88   ]]]
6757	[[[2062.2002  1020.60004  700.88   ]]]
6758	[[[2059.8     1021.80005  928.4    ]]]
6759	[[[2059.8 1025.4  926. ]]]
6760	[[[2062.2002  1020.60004  696.56   ]]]
6761	[[[2064.6     1023.00006  925.76   ]]]
6762	[[[2059.8    1024.2001  925.76  ]]]
6763	[[[2059.8     1021.80005  928.76   ]]]
6764	[[[2059.8     1020.60004  928.16003]]]
6765	[[[2062.2002  1021.80005  928.56006]]]
6766	[[[2063.4001  1023.00006  699.     ]]]
6767	[[[2063.4001  1020.60004  700.92   ]]]
6768	[[[2061.      1020.60004  922.28   ]]]
6769	[[[2061.      1021.80005  928.44   ]]]
6770	[[[2061.      1021.80005  928.24   ]]]
6771	[[[2062.2002  1020.60004  701.16   ]]]
6772	[[[2062.2002  1020.60004  696.8    ]]]
6773	[[[2061.      1020.60004  922.36   ]]]
6774	[[[2062.2002  1020.60004  696.72   ]]]
6775	[[[2061.      1020.60004  922.28   ]]]
6776	[[[2061.      1021.80005  928.08   ]]]
6777	[[[2062.2002  1021.80005  928.72003]]]
6778	[[[2063.4001 1018.2     698.48  ]]]
6779	[[[2063.4001  1023.00006  698.76   ]]]
6780	[[[2061.      1020.60004  938.96   ]]]
6781	[[[2062.2002  1020.60004  700.84   ]]]
6782	[[[2063.4001  1020.60004  700.72   ]]]
6783	[[[2061.      1021.80005  928.     ]]]
6784	[[[2059.8    1024.2001  926.    ]]]
6785	[[[2062.2002  1021.80005  701.48   ]]]
6786	[[[2063.4001  1020.60004  696.6    ]]]
6787	[[[2062.2002  1021.80005  696.76   ]]]
6788	[[[2061.      1021.80005  928.32   ]]]
6789	[[[2061.      1020.60004  922.04004]]]
6790	[[[2061.      1025.4      925.92004]]]
6791	[[[2062.2002  1021.80005  701.04   ]]]
6792	[[[2064.6    1024.2001  926.48  ]]]
6793	[[[2067.      1023.00006  932.83997]]]
6794	[[[2059.8     1024.2001   926.16003]]]
6795	[[[2062.2002  1021.80005  928.24   ]]]
6796	[[[2063.4001  1020.60004  696.44   ]]]
6797	[[[2062.2002  1021.80005  928.32   ]]]
6798	[[[2062.2002  1020.60004  700.84   ]]]
6799	[[[2063.4001 1018.2     698.32  ]]]
6800	[[[2057.4001  1021.80005  925.04004]]]
6801	[[[2063.4001  1020.60004  700.92   ]]]
6802	[[[2062.2002  1017.00006  924.68   ]]]
6803	[[[2065.8     1023.00006  926.32   ]]]
6804	[[[2062.2002  1023.00006  929.32   ]]]
6805	[[[2061.      1021.80005  922.36   ]]]
6806	[[[2063.4001  1020.60004  696.44   ]]]
6807	[[[2063.4001  1020.60004  696.4    ]]]
6808	[[[2064.6     1023.00006  698.92   ]]]
6809	[[[2062.2002  1021.80005  701.08   ]]]
6810	[[[2062.2002  1023.00006  928.56006]]]
6811	[[[2061.   1025.4   925.44]]]
6812	[[[2062.2002  1020.60004  696.52   ]]]
6813	[[[2063.4001  1020.60004  700.56   ]]]
6814	[[[2065.8     1023.00006  926.     ]]]
6815	[[[2063.4001  1023.00006  698.48   ]]]
6816	[[[2059.8    1024.2001  925.68  ]]]
6817	[[[2061.      1021.80005  921.72003]]]
6818	[[[2062.2002  1020.60004  696.64   ]]]
6819	[[[2063.4001  1021.80005  695.72   ]]]
6820	[[[2061.      1021.80005  921.64   ]]]
6821	[[[2062.2002  1021.80005  922.28   ]]]
6822	[[[2063.4001  1020.60004  696.16   ]]]
6823	[[[2062.2002  1021.80005  927.80005]]]
6824	[[[2061.      1021.80005  928.2    ]]]
6825	[[[2061.   1025.4   925.48]]]
6826	[[[2061.      1021.80005  921.96   ]]]
6827	[[[2063.4001  1023.00006  698.36   ]]]
6828	[[[2062.2002  1021.80005  928.     ]]]
6829	[[[2063.4001  1023.00006  698.48   ]]]
6830	[[[2063.4001 1018.2     698.4   ]]]
6831	[[[2061.      1020.60004  938.52   ]]]
6832	[[[2061.      1021.80005  927.64   ]]]
6833	[[[2063.4001 1018.2     698.2   ]]]
6834	[[[2062.2002  1020.60004  696.36   ]]]
6835	[[[2061.      1020.60004  700.72   ]]]
6836	[[[2061.      1020.60004  700.96   ]]]
6837	[[[2059.8     1021.80005  928.     ]]]
6838	[[[2059.8     1021.80005  927.24   ]]]
6839	[[[2059.8     1021.80005  927.56006]]]
6840	[[[2062.2002  1020.60004  700.84   ]]]
6841	[[[2059.8     1021.80005  927.32   ]]]
6842	[[[2061.  1018.2  924.6]]]
6843	[[[2061.      1020.60004  700.72   ]]]
6844	[[[2059.8     1021.80005  927.32   ]]]
6845	[[[2061.      1021.80005  928.32   ]]]
6846	[[[2058.6    1024.2001  925.44  ]]]
6847	[[[2061.      1020.60004  695.8    ]]]
6848	[[[2059.8     1021.80005  927.24   ]]]
6849	[[[2061.      1023.00006  928.64   ]]]
6850	[[[2061.      1020.60004  700.2    ]]]
6851	[[[2058.6     1021.80005  927.24   ]]]
6852	[[[2058.6     1021.80005  927.24   ]]]
6853	[[[2059.8     1020.60004  700.4    ]]]
6854	[[[2061.      1020.60004  700.12   ]]]
6855	[[[2059.8     1021.80005  700.56   ]]]
6856	[[[2063.4001  1023.00006  925.16003]]]
6857	[[[2059.8     1021.80005  695.96   ]]]
6858	[[[2059.8     1020.60004  700.4    ]]]
6859	[[[2059.8     1021.80005  700.4    ]]]
6860	[[[2059.8    1024.2001  698.08  ]]]
6861	[[[2058.6     1021.80005  927.24   ]]]
6862	[[[2059.8     1020.60004  700.2    ]]]
6863	[[[2057.4001  1020.60004  698.04   ]]]
6864	[[[2062.2002  1023.00006  698.56   ]]]
6865	[[[2058.6     1021.80005  927.16003]]]
6866	[[[2057.4001  1025.4      924.83997]]]
6867	[[[2059.8     1021.80005  700.16   ]]]
6868	[[[2059.8     1021.80005  700.04   ]]]
6869	[[[2057.4001  1020.60004  698.4    ]]]
6870	[[[2055.      1023.00006  923.76   ]]]
6871	[[[2062.2002 1024.2001  924.68  ]]]
6872	[[[2058.6     1023.00006  927.     ]]]
6873	[[[2059.8     1021.80005  700.04   ]]]
6874	[[[2058.6     1023.00006  927.56006]]]
6875	[[[2058.6     1024.2001   927.92004]]]
6876	[[[2058.6     1021.80005  700.16   ]]]
6877	[[[2057.4001  1021.80005  926.83997]]]
6878	[[[2057.4001  1026.6001   924.83997]]]
6879	[[[2059.8     1021.80005  695.52   ]]]
6880	[[[2057.4001  1021.80005  920.68   ]]]
6881	[[[2058.6     1021.80005  699.96   ]]]
6882	[[[2058.6     1023.00006  695.24   ]]]
6883	[[[2056.2002 1026.6001  924.6   ]]]
6884	[[[2055.     1026.6001  924.52  ]]]
6885	[[[2052.6  1025.4   925.24]]]
6886	[[[2056.2002 1027.8     924.76  ]]]
6887	[[[2056.2002  1023.00006  920.88   ]]]
6888	[[[2057.4001  1025.4      926.83997]]]
6889	[[[2061.   1025.4   924.52]]]
6890	[[[2057.4001  1025.4      926.80005]]]
6891	[[[2057.4001 1024.2001  699.72  ]]]
6892	[[[2056.2002  1020.60004  923.28   ]]]
6893	[[[2056.2002 1024.2001  920.96  ]]]
6894	[[[2056.2002 1024.2001  920.88  ]]]
6895	[[[2057.4001 1024.2001  699.68  ]]]
6896	[[[2053.8    1024.2001  697.08  ]]]
6897	[[[2056.2002  1025.4      920.80005]]]
6898	[[[2055.  1029.   924.4]]]
6899	[[[2057.4001 1025.4     699.48  ]]]
6900	[[[2053.8 1029.   924.4]]]
6901	[[[2057.4001 1027.8     697.52  ]]]
6902	[[[2055.     1026.6001  926.24  ]]]
6903	[[[2055.     1026.6001  920.64  ]]]
6904	[[[2056.2002 1025.4     695.48  ]]]
6905	[[[2051.4001  1026.6001   923.92004]]]
6906	[[[2055.      1025.4      937.16003]]]
6907	[[[2053.8    1024.2001  697.4   ]]]
6908	[[[2057.4001 1025.4     699.4   ]]]
6909	[[[2055.  1025.4  920.2]]]
6910	[[[2056.2002 1025.4     699.44  ]]]
6911	[[[2053.8     1029.       924.16003]]]
6912	[[[2058.6  1029.    924.28]]]
6913	[[[2056.2002 1026.6001  699.6   ]]]
6914	[[[2055.   1027.8   927.08]]]
6915	[[[2056.2002 1025.4     695.04  ]]]
6916	[[[2055.      1027.8      926.56006]]]
6917	[[[2053.8    1026.6001  920.36  ]]]
6918	[[[2056.2002 1026.6001  694.64  ]]]
6919	[[[2055.     1026.6001  699.8   ]]]
6920	[[[2053.8    1026.6001  919.96  ]]]
6921	[[[2055.     1026.6001  699.32  ]]]
6922	[[[2055.   1027.8   695.08]]]
6923	[[[2053.8  1029.    926.48]]]
6924	[[[2052.6    1026.6001  697.44  ]]]
6925	[[[2052.6  1029.    926.44]]]
6926	[[[2056.2002 1027.8     699.12  ]]]
6927	[[[2058.6  1029.    924.32]]]
6928	[[[2061.  1033.8  928.4]]]
6929	[[[2053.8 1029.   926.4]]]
6930	[[[2055.     1026.6001  923.44  ]]]
6931	[[[2055.     1030.2001  926.48  ]]]
6932	[[[2053.8 1029.   694.8]]]
6933	[[[2052.6    1030.2001  926.24  ]]]
6934	[[[2052.6    1030.2001  926.24  ]]]
6935	[[[2053.8     1031.4      926.16003]]]
6936	[[[2053.8    1030.2001  699.32  ]]]
6937	[[[2055.     1032.6001  696.96  ]]]
6938	[[[2061.   1035.    928.48]]]
6939	[[[2053.8    1030.2001  699.48  ]]]
6940	[[[2053.8    1030.2001  699.56  ]]]
6941	[[[2053.8  1031.4   694.72]]]
6942	[[[2053.8    1030.2001  694.92  ]]]
6943	[[[2053.8    1032.6001  927.24  ]]]
6944	[[[2051.4001 1035.      923.6   ]]]
6945	[[[2051.4001 1035.      923.52  ]]]
6946	[[[2051.4001  1032.6001   925.92004]]]
6947	[[[2051.4001 1032.6001  926.48  ]]]
6948	[[[2051.4001  1035.       923.16003]]]
6949	[[[2053.8    1032.6001  698.8   ]]]
6950	[[[2053.8    1032.6001  698.84  ]]]
6951	[[[2051.4001 1031.4     936.48  ]]]
6952	[[[2051.4001 1033.8     926.6   ]]]
6953	[[[2053.8  1029.    697.12]]]
6954	[[[2050.2002  1036.2001   923.92004]]]
6955	[[[2052.6  1031.4   695.08]]]
6956	[[[2052.6  1031.4   694.96]]]
6957	[[[2051.4001  1033.8      926.92004]]]
6958	[[[2051.4001 1032.6001  695.12  ]]]
6959	[[[2051.4001 1032.6001  695.36  ]
  [ 904.2    1183.8     794.24  ]]]
6960	[[[2052.6     1033.8      926.72003]]]
6961	[[[2053.8    1030.2001  696.96  ]]]
6962	[[[2050.2002 1033.8     926.    ]]]
6963	[[[2055.   1035.    924.36]]]
6964	[[[2051.4001 1033.8     926.24  ]]]
6965	[[[2052.6    1032.6001  695.08  ]]]
6966	[[[2050.2002  1032.6001   925.83997]]]
6967	[[[2050.2002  1032.6001   920.56006]]]
6968	[[[2050.2002 1033.8     920.32  ]]]
6969	[[[2050.2002  1037.4      923.83997]]]
6970	[[[2050.2002 1033.8     926.24  ]]]
6971	[[[2050.2002 1033.8     920.08  ]]]
6972	[[[2052.6  1033.8   699.52]]]
6973	[[[2052.6  1033.8   699.28]]]
6974	[[[2052.6    1030.2001  697.04  ]]]
6975	[[[2051.4001 1035.      927.08  ]]]
6976	[[[2050.2002 1033.8     920.32  ]]]
6977	[[[2051.4001 1033.8     699.72  ]]]
6978	[[[2055.      1035.       923.83997]]]
6979	[[[2050.2002 1033.8     920.32  ]]]
6980	[[[2051.4001  1036.2001   926.56006]]]
6981	[[[2051.4001  1036.2001   926.56006]]]
6982	[[[2051.4001 1033.8     695.24  ]]]
6983	[[[2050.2002  1036.2001   926.92004]]]
6984	[[[2051.4001 1035.      699.8   ]]]
6985	[[[2051.4001 1032.6001  923.6   ]]]
6986	[[[2049.   1035.    920.28]]]
6987	[[[2049.   1035.    926.24]]]
6988	[[[2050.2002 1035.      699.96  ]]]
6989	[[[2050.2002 1035.      700.04  ]]]
6990	[[[2051.4001 1035.      699.28  ]]]
6991	[[[2050.2002 1036.2001  926.24  ]]]
6992	[[[2050.2002 1035.      699.68  ]]]
6993	[[[2050.2002 1035.      695.44  ]]]
6994	[[[2050.2002 1033.8     695.08  ]]]
6995	[[[2051.4001 1033.8     694.92  ]]]
6996	[[[2049.   1035.    920.64]]]
6997	[[[2049.   1035.    926.24]]]
6998	[[[2050.2002  1036.2001   926.56006]]]
6999	[[[2050.2002 1033.8     699.4   ]]]
7000	[[[2050.2002 1035.      695.48  ]]]
7001	[[[2053.8     1036.2001   923.92004]]]
7002	[[[2050.2002 1033.8     699.72  ]]]
7003	[[[2049.   1035.    920.08]]]
7004	[[[2050.2002 1035.      699.48  ]]]
7005	[[[2050.2002  1036.2001   927.56006]]]
7006	[[[2049.     1036.2001  926.24  ]]]
7007	[[[2049.  1035.   695.6]]]
7008	[[[2045.4    1036.2001  923.6   ]]]
7009	[[[2049.  1037.4  927. ]]]
7010	[[[2049.     1036.2001  926.32  ]]]
7011	[[[2049.     1036.2001  926.24  ]]]
7012	[[[2049.      1036.2001   926.92004]]]
7013	[[[2050.2002 1036.2001  700.04  ]]]
7014	[[[2047.8    1036.2001  920.28  ]]]
7015	[[[2047.8  1039.8   924.12]]]
7016	[[[2049.   1037.4   926.76]]]
7017	[[[2047.8  1039.8   924.44]]]
7018	[[[2046.6001 1039.8     924.12  ]]]
7019	[[[2047.8     1037.4      920.72003]]]
7020	[[[2047.8    1036.2001  920.32  ]]]
7021	[[[2050.2002 1036.2001  699.88  ]]]
7022	[[[2046.6001 1035.      698.04  ]]]
7023	[[[2047.8    1036.2001  920.84  ]]]
7024	[[[2049.   1035.    695.76]]]
7025	[[[2046.6001 1036.2001  926.84  ]]]
7026	[[[2049.   1033.8   697.92]]]
7027	[[[2047.8 1037.4  920.8]]]
7028	[[[2046.6001 1041.      924.8   ]]]
7029	[[[2049.     1038.6001  928.    ]]]
7030	[[[2047.8    1038.6001  927.    ]]]
7031	[[[2049.   1039.8   698.12]]]
7032	[[[2049.  1039.8  697.6]]]
7033	[[[2047.8    1036.2001  695.    ]]]
7034	[[[2049.   1039.8   697.96]]]
7035	[[[2046.6001  1037.4      920.72003]]]
7036	[[[2046.6001 1038.6001  927.32  ]]]
7037	[[[2047.8 1039.8  928. ]]]
7038	[[[2046.6001  1042.2001   924.92004]]]
7039	[[[2046.6001 1038.6001  921.28  ]]]
7040	[[[2050.2002 1036.2001  697.88  ]]]
7041	[[[2050.2002 1035.      697.64  ]]]
7042	[[[2047.8    1038.6001  927.24  ]]]
7043	[[[2047.8    1038.6001  696.    ]]]
7044	[[[2047.8  1039.8   927.24]]]
7045	[[[2047.8    1038.6001  700.52  ]]]
7046	[[[2046.6001 1038.6001  921.8   ]]]
7047	[[[2047.8    1038.6001  695.96  ]]]
7048	[[[2046.6001 1039.8     927.32  ]]]
7049	[[[2047.8    1038.6001  700.4   ]]]
7050	[[[2044.2001 1039.8     924.6   ]]]
7051	[[[2046.6001 1039.8     927.4   ]]]
7052	[[[2049.   1039.8   700.08]]]
7053	[[[2049.  1039.8  700.2]]]
7054	[[[2049.     1042.2001  698.28  ]]]
7055	[[[2049.   1039.8   695.88]]]
7056	[[[2043.0001 1039.8     924.68  ]]]
7057	[[[2045.4  1039.8   697.68]]]
7058	[[[2049.   1039.8   695.84]]]
7059	[[[2047.8 1039.8  701. ]]]
7060	[[[2047.8  1039.8   695.88]]]
7061	[[[2049.   1039.8   696.08]]]
7062	[[[2049.   1039.8   695.68]]]
7063	[[[2049.     1042.2001  698.12  ]]]
7064	[[[2044.2001 1041.      925.12  ]]]
7065	[[[2049.   1039.8   700.36]]]
7066	[[[2046.6001 1041.      928.32  ]]]
7067	[[[2047.8  1041.    927.96]]]
7068	[[[2046.6001 1039.8     921.48  ]]]
7069	[[[2049.   1039.8   695.84]]]
7070	[[[2047.8  1041.    927.64]]]
7071	[[[2046.6001 1041.      927.64  ]]]
7072	[[[2049.   1037.4   698.36]]]
7073	[[[2049.   1039.8   700.92]]]
7074	[[[2049.   1039.8   700.64]]]
7075	[[[2047.8     1041.       922.04004]]]
7076	[[[2050.2002 1039.8     700.84  ]]]
7077	[[[2049.     1042.2001  928.08  ]]]
7078	[[[2050.2002 1039.8     695.72  ]]]
7079	[[[2049.   1041.    695.96]]]
7080	[[[2050.2002 1041.      695.64  ]]]
7081	[[[2049.   1041.    700.44]]]
7082	[[[2047.8     1041.       921.48   ]
  [ 945.00006 1135.8      859.44   ]]]
7083	[[[2044.2001 1041.      925.2   ]]]
7084	[[[2049.     1038.6001  698.32  ]]]
7085	[[[2051.4001 1044.6001  925.76  ]]]
7086	[[[2047.8 1041.   938.2]]]
7087	[[[2047.8    1042.2001  921.48  ]]]
7088	[[[2050.2002 1044.6001  698.44  ]]]
7089	[[[2049.  1043.4  927.4]]]
7090	[[[2047.8    1042.2001  921.4   ]]]
7091	[[[2047.8    1042.2001  938.12  ]]]
7092	[[[2050.2002 1042.2001  700.12  ]]]
7093	[[[2050.2002 1042.2001  695.76  ]]]
7094	[[[2049.     1042.2001  695.64  ]]]
7095	[[[2044.2001 1043.4     924.76  ]]]
7096	[[[2049.     1042.2001  695.76  ]]]
7097	[[[2047.8  1043.4   921.48]]]
7098	[[[2046.6001  1047.       925.04004]
  [ 948.60004 1291.8      704.6    ]]]
7099	[[[2050.2002 1044.6001  699.84  ]]]
7100	[[[2047.8     1044.6001   927.56006]]]
7101	[[[2050.2002 1043.4     700.84  ]]]
7102	[[[2047.8    1044.6001  927.24  ]]]
7103	[[[2049.   1045.8   927.88]]]
7104	[[[2049.     1044.6001  700.52  ]]]
7105	[[[2044.2001 1047.      925.68  ]]]
7106	[[[2047.8     1044.6001   937.80005]]]
7107	[[[2051.4001 1049.4     926.24  ]]]
7108	[[[2049.  1045.8  701. ]]]
7109	[[[2050.2002 1045.8     700.44  ]]]
7110	[[[2047.8  1045.8   921.52]]]
7111	[[[2049.   1043.4   924.76]]]
7112	[[[2051.4001 1047.      924.12  ]]]
7113	[[[2050.2002 1045.8     695.6   ]]]
7114	[[[2047.8  1045.8   937.96]]]
7115	[[[2050.2002 1045.8     695.56  ]]]
7116	[[[2049.      1048.2001   927.72003]]]
7117	[[[2047.8  1045.8   927.76]]]
7118	[[[2049.     1048.2001  927.32  ]]]
7119	[[[2050.2002 1048.2001  927.52  ]]]
7120	[[[2050.2002 1048.2001  927.76  ]]]
7121	[[[2050.2002 1047.      695.52  ]]]
7122	[[[2050.2002 1047.      695.76  ]]]
7123	[[[2049.  1047.   700.6]]]
7124	[[[2050.2002 1044.6001  698.12  ]]]
7125	[[[2047.8  1047.    698.04]]]
7126	[[[2050.2002 1048.2001  700.48  ]]]
7127	[[[2051.4001 1048.2001  700.24  ]]]
7128	[[[2051.4001 1050.6001  698.28  ]]]
7129	[[[2050.2002 1048.2001  700.72  ]]]
7130	[[[2050.2002 1047.      700.2   ]]]
7131	[[[2052.6  1051.8   925.84]]]
7132	[[[2050.2002 1045.8     924.28  ]]]
7133	[[[2052.6  1051.8   925.88]]]
7134	[[[2049.     1048.2001  937.76  ]]]
7135	[[[2049.      1050.6001   927.92004]]]
7136	[[[2050.2002 1048.2001  695.76  ]]]
7137	[[[2050.2002 1048.2001  700.28  ]]]
7138	[[[2047.8  1053.    925.52]]]
7139	[[[2049.      1050.6001   928.16003]]]
7140	[[[2050.2002 1049.4     700.48  ]]]
7141	[[[2051.4001 1051.8     698.44  ]]]
7142	[[[2045.4  1051.8   925.64]]]
7143	[[[2045.4    1048.2001  925.    ]]]
7144	[[[2049.      1051.8      928.92004]]]
7145	[[[2049.  1049.4  922. ]]]
7146	[[[2051.4001 1051.8     698.44  ]]]
7147	[[[2052.6  1053.    926.08]]]
7148	[[[2049.     1050.6001  927.32  ]]]
7149	[[[2049.   1049.4   938.08]]]
7150	[[[2049.   1049.4   927.52]]]
7151	[[[2050.2002 1049.4     700.92  ]]]
7152	[[[2051.4001 1050.6001  700.36  ]]]
7153	[[[2052.6 1047.   698.2]]]
7154	[[[2049.     1050.6001  921.8   ]]]
7155	[[[2047.8  1049.4   698.52]]]
7156	[[[2051.4001 1049.4     700.76  ]]]
7157	[[[2049.     1054.2001  925.36  ]]]
7158	[[[2051.4001 1050.6001  700.56  ]]]
7159	[[[2050.2002 1050.6001  921.96  ]]]
7160	[[[2051.4001 1049.4     696.32  ]]]
7161	[[[2052.6    1048.2001  698.    ]]]
7162	[[[2050.2002 1051.8     927.32  ]]]
7163	[[[2050.2002 1050.6001  921.52  ]]]
7164	[[[2050.2002  1051.8      927.56006]]]
7165	[[[2051.4001 1050.6001  700.8   ]]]
7166	[[[2051.4001 1051.8     927.96  ]]]
7167	[[[2055.   1053.    925.24]]]
7168	[[[2052.6    1050.6001  700.36  ]]]
7169	[[[2051.4001 1050.6001  700.84  ]]]
7170	[[[2051.4001 1051.8     928.12  ]]]
7171	[[[2051.4001  1051.8      928.72003]]]
7172	[[[2052.6    1050.6001  696.28  ]]]
7173	[[[2052.6    1050.6001  700.96  ]]]
7174	[[[2051.4001 1047.      924.76  ]]]
7175	[[[2056.2002 1051.8     926.08  ]]]
7176	[[[2052.6  1051.8   928.64]]]
7177	[[[2056.2002 1051.8     926.    ]]]
7178	[[[2051.4001 1049.4     938.64  ]]]
7179	[[[2052.6    1054.2001  926.76  ]]]
7180	[[[2052.6 1051.8  928.4]]]
7181	[[[2053.8  1051.8   699.08]]]
7182	[[[2053.8  1051.8   699.12]]]
7183	[[[2055.     1044.6001  933.36  ]]]
7184	[[[2053.8  1051.8   698.72]]]
7185	[[[2051.4001 1049.4     922.48  ]]]
7186	[[[2051.4001 1050.6001  928.08  ]]]
7187	[[[2052.6  1049.4   701.08]]]
7188	[[[2051.4001 1049.4     939.12  ]]]
7189	[[[2051.4001 1050.6001  928.64  ]]]
7190	[[[2047.8    1048.2001  925.76  ]]]
7191	[[[2050.2002 1048.2001  699.44  ]]]
7192	[[[2056.2002 1051.8     926.64  ]]]
7193	[[[2050.2002 1053.      925.68  ]]]
7194	[[[2052.6  1049.4   697.16]]]
7195	[[[2047.8    1050.6001  926.    ]]]
7196	[[[2055.     1048.2001  699.2   ]]]
7197	[[[2053.8  1049.4   701.16]]]
7198	[[[2051.4001 1050.6001  928.64  ]]]
7199	[[[2052.6  1053.    698.84]]]
7200	[[[2053.8  1049.4   696.96]]]
7201	[[[2053.8     1051.8      930.16003]]]
7202	[[[2053.8 1051.8  929.4]]]
7203	[[[2052.6     1050.6001   928.72003]]]
7204	[[[2052.6    1050.6001  928.76  ]]]
7205	[[[2053.8    1050.6001  701.68  ]]]
7206	[[[2052.6     1051.8      929.72003]]]
7207	[[[2053.8     1051.8      929.72003]]]
7208	[[[2052.6    1054.2001  926.44  ]]]
7209	[[[2052.6    1050.6001  929.08  ]]]
7210	[[[2053.8    1050.6001  702.04  ]]]
7211	[[[2052.6    1054.2001  926.64  ]]]
7212	[[[2053.8  1051.8   923.12]]]
7213	[[[2053.8     1051.8      929.04004]]]
7214	[[[2055.     1050.6001  701.68  ]]]
7215	[[[2053.8 1051.8  923.8]]]
7216	[[[2056.2002 1051.8     696.92  ]]]
7217	[[[2053.8  1051.8   923.44]]]
7218	[[[2056.2002 1053.      930.36  ]]]
7219	[[[2056.2002 1051.8     701.8   ]]]
7220	[[[2056.2002 1051.8     702.    ]]]
7221	[[[2056.2002 1054.2001  699.88  ]]]
7222	[[[2053.8     1051.8      929.56006]]]
7223	[[[2053.8 1051.8  929.2]]]
7224	[[[2056.2002 1054.2001  699.44  ]]]
7225	[[[2058.6  1055.4   927.96]]]
7226	[[[2057.4001 1051.8     701.8   ]]]
7227	[[[2053.8  1055.4   926.64]]]
7228	[[[2059.8  1053.    927.08]]]
7229	[[[2056.2002 1051.8     697.64  ]]]
7230	[[[2055.   1051.8   940.12]]]
7231	[[[2055.   1051.8   923.24]]]
7232	[[[2055.  1053.   923.8]]]
7233	[[[2053.8  1051.8   699.72]]]
7234	[[[2056.2002 1051.8     702.24  ]]]
7235	[[[2056.2002 1053.      930.2   ]]]
7236	[[[2057.4001 1051.8     697.48  ]]]
7237	[[[2057.4001 1051.8     697.48  ]]]
7238	[[[2057.4001 1051.8     702.48  ]]]
7239	[[[2057.4001  1054.2001   930.56006]]]
7240	[[[2058.6    1054.2001  699.96  ]]]
7241	[[[2056.2002 1051.8     923.28  ]]]
7242	[[[2056.2002 1051.8     923.28  ]]]
7243	[[[2056.2002 1053.      923.36  ]]]
7244	[[[2057.4001 1053.      702.32  ]]]
7245	[[[2056.2002 1053.      929.88  ]]]
7246	[[[2057.4001 1053.      702.48  ]]]
7247	[[[2056.2002 1054.2001  930.2   ]]]
7248	[[[2057.4001 1053.      702.36  ]]]
7249	[[[2059.8    1050.6001  699.76  ]]]
7250	[[[2056.2002 1056.6001  927.24  ]]]
7251	[[[2058.6  1053.    702.24]]]
7252	[[[2061.     1056.6001  928.12  ]]]
7253	[[[2059.8    1050.6001  700.    ]]]
7254	[[[2057.4001 1054.2001  923.52  ]]]
7255	[[[2056.2002  1056.6001   926.92004]]]
7256	[[[2058.6  1053.    701.88]]]
7257	[[[2057.4001 1054.2001  929.44  ]]]
7258	[[[2056.2002  1057.8      927.56006]]]
7259	[[[2057.4001 1053.      702.36  ]]]
7260	[[[2056.2002 1054.2001  929.36  ]]]
7261	[[[2056.2002 1053.      929.64  ]]]
7262	[[[2056.2002 1053.      929.88  ]]]
7263	[[[2056.2002 1053.      929.52  ]]]
7264	[[[2058.6  1055.4   699.88]]]
7265	[[[2053.8     1054.2001   926.92004]]]
7266	[[[2057.4001 1053.      923.6   ]]]
7267	[[[2057.4001 1051.8     697.36  ]]]
7268	[[[2057.4001 1051.8     702.    ]]]
7269	[[[2057.4001 1053.      923.6   ]]]
7270	[[[2056.2002 1051.8     929.12  ]]]
7271	[[[2061.      1053.       927.16003]]]
7272	[[[2057.4001 1054.2001  930.52  ]]]
7273	[[[2058.6  1053.    701.76]]]
7274	[[[2058.6  1051.8   701.64]]]
7275	[[[2057.4001 1053.      929.2   ]]]
7276	[[[2058.6  1051.8   697.44]]]
7277	[[[2057.4001 1051.8     702.24  ]]]
7278	[[[2061.   1053.    699.84]]]
7279	[[[2058.6 1051.8  697.4]]]
7280	[[[2058.6  1051.8   701.56]]]
7281	[[[2058.6    1050.6001  697.6   ]]]
7282	[[[2057.4001 1051.8     701.84  ]]]
7283	[[[2057.4001 1054.2001  699.28  ]]]
7284	[[[2057.4001 1050.6001  696.88  ]]]
7285	[[[2057.4001 1051.8     702.36  ]]]
7286	[[[2057.4001 1050.6001  702.12  ]]]
7287	[[[2057.4001 1053.      929.88  ]]]
7288	[[[2057.4001 1054.2001  699.2   ]]]
7289	[[[2056.2002 1051.8     923.28  ]]]
7290	[[[2056.2002 1051.8     929.36  ]]]
7291	[[[2058.6    1050.6001  697.12  ]]]
7292	[[[2056.2002 1050.6001  940.08  ]]]
7293	[[[2061.     1054.2001  934.48  ]]]
7294	[[[2056.2002 1050.6001  923.6   ]]]
7295	[[[2056.2002 1051.8     929.88  ]]]
7296	[[[2055.   1051.8   929.44]]]
7297	[[[2057.4001 1050.6001  697.36  ]]]
7298	[[[2056.2002 1051.8     929.44  ]]]
7299	[[[2056.2002 1050.6001  702.08  ]]]
7300	[[[2056.2002 1051.8     929.12  ]]]
7301	[[[2056.2002 1050.6001  697.8   ]]]
7302	[[[2055.     1050.6001  923.44  ]]]
7303	[[[2057.4001 1050.6001  697.12  ]]]
7304	[[[2057.4001 1050.6001  697.36  ]]]
7305	[[[2055.     1050.6001  929.44  ]]]
7306	[[[2055.     1050.6001  923.2   ]]]
7307	[[[2055.     1050.6001  929.24  ]]]
7308	[[[2057.4001 1048.2001  699.72  ]]]
7309	[[[2051.4001  1050.6001   926.92004]]]
7310	[[[2056.2002 1053.      699.28  ]]]
7311	[[[2057.4001 1050.6001  697.24  ]]]
7312	[[[2055.     1050.6001  923.28  ]]]
7313	[[[2057.4001 1050.6001  701.76  ]]]
7314	[[[2052.6     1051.8      926.80005]]]
7315	[[[2057.4001 1048.2001  699.68  ]]]
7316	[[[2058.6    1050.6001  701.6   ]]]
7317	[[[2057.4001 1050.6001  701.92  ]]]
7318	[[[2056.2002 1051.8     929.12  ]]]
7319	[[[2057.4001 1050.6001  701.92  ]]]
7320	[[[2057.4001 1051.8     702.2   ]]]
7321	[[[2056.2002 1051.8     923.44  ]]]
7322	[[[2057.4001 1050.6001  701.88  ]]]
7323	[[[2056.2002 1051.8     923.36  ]]]
7324	[[[2056.2002 1053.      929.64  ]]]
7325	[[[2057.4001 1051.8     701.92  ]]]
7326	[[[2056.2002 1051.8     923.44  ]]]
7327	[[[2057.4001 1053.      930.2   ]]]
7328	[[[2057.4001  1053.       930.56006]]]
7329	[[[2057.4001 1053.      930.52  ]]]
7330	[[[2057.4001 1054.2001  699.24  ]]]
7331	[[[2057.4001 1053.      930.52  ]]]
7332	[[[2056.2002 1051.8     923.68  ]]]
7333	[[[2056.2002  1055.4      926.92004]]]
7334	[[[2057.4001 1050.6001  701.76  ]]]
7335	[[[2057.4001 1050.6001  697.16  ]]]
7336	[[[2056.2002 1048.2001  926.24  ]]]
7337	[[[2055.   1051.8   923.28]]]
7338	[[[2056.2002 1051.8     923.6   ]]]
7339	[[[2057.4001 1053.      929.88  ]]]
7340	[[[2057.4001 1053.      929.88  ]]]
7341	[[[2056.2002  1051.8      697.44   ]
  [ 918.60004 1285.8      685.32   ]]]
7342	[[[2055.   1053.    929.76]]]
7343	[[[2055.   1051.8   929.48]]]
7344	[[[2057.4001 1051.8     701.48  ]]]
7345	[[[2056.2002 1051.8     697.36  ]]]
7346	[[[2056.2002 1050.6001  701.96  ]]]
7347	[[[2055.   1051.8   923.52]]]
7348	[[[2056.2002 1051.8     697.6   ]]]
7349	[[[2056.2002 1051.8     701.72  ]]]
7350	[[[2056.2002 1053.      929.28  ]]]
7351	[[[2056.2002 1051.8     701.56  ]]]
7352	[[[2056.2002 1051.8     701.64  ]]]
7353	[[[2056.2002 1051.8     697.44  ]]]
7354	[[[2057.4001 1054.2001  699.72  ]]]
7355	[[[2059.8     1054.2001   926.92004]]]
7356	[[[2056.2002 1050.6001  697.16  ]]]
7357	[[[2056.2002 1053.      929.36  ]]]
7358	[[[2056.2002 1051.8     701.56  ]]]
7359	[[[2055.   1051.8   939.68]]]
7360	[[[2056.2002 1051.8     697.44  ]]]
7361	[[[2056.2002 1054.2001  699.2   ]]]
7362	[[[2057.4001 1054.2001  699.44  ]]]
7363	[[[2051.4001 1054.2001  927.48  ]]]
7364	[[[2053.8    1050.6001  699.48  ]]]
7365	[[[2057.4001 1054.2001  699.36  ]]]
7366	[[[2057.4001  1053.       929.80005]]]
7367	[[[2056.2002 1051.8     697.4   ]]]
7368	[[[2057.4001 1049.4     699.36  ]]]
7369	[[[2057.4001 1051.8     697.08  ]]]
7370	[[[2057.4001 1051.8     701.6   ]]]
7371	[[[2057.4001 1049.4     699.48  ]]]
7372	[[[2056.2002 1051.8     701.92  ]]]
7373	[[[2055.   1051.8   939.36]]]
7374	[[[2057.4001 1051.8     697.    ]]]
7375	[[[2055.      1056.6001   926.56006]]]
7376	[[[2056.2002 1051.8     701.48  ]]]
7377	[[[2055.   1053.    923.28]]]
7378	[[[2056.2002 1053.      702.    ]]]
7379	[[[2058.6    1056.6001  927.32  ]]]
7380	[[[2056.2002 1053.      701.48  ]]]
7381	[[[2057.4001 1050.6001  699.04  ]]]
7382	[[[2057.4001 1053.      701.6   ]]]
7383	[[[2051.4001  1055.4      927.16003]]]
7384	[[[2055.   1053.    923.12]]]
7385	[[[2056.2002 1053.      701.24  ]]]
7386	[[[2055.      1053.       922.72003]]]
7387	[[[2057.4001 1053.      701.28  ]]]
7388	[[[2055.     1054.2001  928.64  ]]]
7389	[[[2057.4001 1055.4     699.52  ]]]
7390	[[[2053.8  1051.8   699.48]]]
7391	[[[2056.2002 1051.8     696.72  ]]]
7392	[[[2059.8  1055.4   926.68]]]
7393	[[[2056.2002 1054.2001  929.64  ]]]
7394	[[[2053.8     1056.6001   926.56006]]]
7395	[[[2056.2002 1054.2001  928.88  ]]]
7396	[[[2055.      1054.2001   922.72003]]]
7397	[[[2056.2002  1054.2001   929.56006]]]
7398	[[[2055.     1054.2001  928.32  ]]]
7399	[[[2055.      1054.2001   928.72003]]]
7400	[[[2056.2002 1050.6001  699.32  ]]]
7401	[[[2055.      1054.2001   928.72003]]]
7402	[[[2053.8    1054.2001  928.64  ]]]
7403	[[[2052.6    1056.6001  925.76  ]]]
7404	[[[2055.   1055.4   929.64]]]
7405	[[[2055.   1053.    701.24]]]
7406	[[[2056.2002 1054.2001  696.72  ]]]
7407	[[[2053.8    1054.2001  922.96  ]]]
7408	[[[2055.     1054.2001  701.16  ]]]
7409	[[[2056.2002 1054.2001  700.84  ]]]
7410	[[[2058.6  1055.4   926.64]]]
7411	[[[2057.4001  1057.8      926.72003]]]
7412	[[[2055.     1054.2001  701.64  ]]]
7413	[[[2055.     1054.2001  696.68  ]]]
7414	[[[2050.2002  1056.6001   926.80005]]]
7415	[[[2055.     1056.6001  699.16  ]]]
7416	[[[2053.8 1055.4  929.2]]]
7417	[[[2055.     1054.2001  701.24  ]]]
7418	[[[2057.4001 1055.4     699.04  ]]]
7419	[[[2052.6  1055.4   928.28]]]
7420	[[[2055.   1055.4   929.44]]]
7421	[[[2055.     1054.2001  696.72  ]]]
7422	[[[2055.     1054.2001  700.92  ]]]
7423	[[[2053.8  1055.4   928.88]]]
7424	[[[2053.8    1054.2001  701.64  ]]]
7425	[[[2050.2002 1055.4     925.6   ]]]
7426	[[[2051.4001 1054.2001  698.68  ]]]
7427	[[[2053.8  1055.4   928.88]]]
7428	[[[2053.8 1055.4  928. ]]]
7429	[[[2052.6    1054.2001  928.32  ]]]
7430	[[[2052.6    1054.2001  928.4   ]]]
7431	[[[2052.6    1054.2001  922.48  ]]]
7432	[[[2053.8    1054.2001  701.    ]]]
7433	[[[2053.8    1054.2001  701.12  ]]]
7434	[[[2053.8    1054.2001  696.92  ]]]
7435	[[[2052.6    1054.2001  696.84  ]]]
7436	[[[2051.4001 1054.2001  928.48  ]]]
7437	[[[2053.8    1056.6001  698.76  ]]]
7438	[[[2051.4001 1055.4     928.88  ]]]
7439	[[[2052.6    1054.2001  701.6   ]]]
7440	[[[2053.8    1054.2001  701.24  ]]]
7441	[[[2050.2002 1053.      699.2   ]]]
7442	[[[2052.6  1053.    701.16]]]
7443	[[[2055.  1055.4  926. ]]]
7444	[[[2052.6 1053.   701.2]]]
7445	[[[2052.6    1054.2001  701.04  ]]]
7446	[[[2051.4001 1055.4     929.2   ]]]
7447	[[[2052.6    1056.6001  699.4   ]]]
7448	[[[2053.8    1050.6001  698.32  ]]]
7449	[[[2051.4001 1053.      696.96  ]]]
7450	[[[2050.2002 1057.8     925.36  ]]]
7451	[[[2050.2002 1054.2001  928.    ]]]
7452	[[[2051.4001  1054.2001   922.6    ]
  [ 876.60004 1171.8      785.32   ]]]
7453	[[[2050.2002 1054.2001  927.88  ]]]
7454	[[[2051.4001 1053.      701.32  ]]]
7455	[[[2052.6  1055.4   698.92]]]
7456	[[[2047.8    1054.2001  925.44  ]]]
7457	[[[2052.6  1053.    701.48]]]
7458	[[[2051.4001  1054.2001   928.72003]]]
7459	[[[2050.2002 1054.2001  928.32  ]]]
7460	[[[2050.2002 1054.2001  928.64  ]]]
7461	[[[2051.4001 1054.2001  928.64  ]]]
7462	[[[2051.4001 1050.6001  699.    ]]]
7463	[[[2052.6  1053.    701.32]]]
7464	[[[2050.2002 1053.      922.48  ]]]
7465	[[[2052.6 1053.   701.4]]]
7466	[[[2049.   1053.    698.44]]]
7467	[[[2051.4001 1053.      696.48  ]]]
7468	[[[2052.6  1053.    696.12]]]
7469	[[[2051.4001 1054.2001  928.84  ]]]
7470	[[[2051.4001 1054.2001  929.    ]]]
7471	[[[2049.     1056.6001  925.6   ]]]
7472	[[[2050.2002 1054.2001  928.24  ]]]
7473	[[[2050.2002 1055.4     929.32  ]]]
7474	[[[2049.   1057.8   925.96]]]
7475	[[[2050.2002 1055.4     928.48  ]]]
7476	[[[2052.6  1059.    932.88]]]
7477	[[[2051.4001 1055.4     928.96  ]]]
7478	[[[2051.4001 1050.6001  698.76  ]]]
7479	[[[2049.     1054.2001  927.76  ]]]
7480	[[[2053.8 1055.4  926. ]]]
7481	[[[2051.4001 1054.2001  701.16  ]]]
7482	[[[2049.      1054.2001   928.56006]]]
7483	[[[2053.8    1056.6001  926.32  ]]]
7484	[[[2051.4001 1055.4     928.4   ]]]
7485	[[[2052.6  1051.8   698.76]]]
7486	[[[2051.4001 1054.2001  696.36  ]]]
7487	[[[2050.2002  1054.2001   922.16003]]]
7488	[[[2049.     1054.2001  928.    ]]]
7489	[[[2050.2002 1054.2001  701.2   ]]]
7490	[[[2050.2002 1055.4     928.32  ]]]
7491	[[[2051.4001 1054.2001  696.36  ]]]
7492	[[[2051.4001 1054.2001  696.36  ]]]
7493	[[[2051.4001 1054.2001  696.28  ]]]
7494	[[[2049.      1054.2001   928.72003]]]
7495	[[[2051.4001 1056.6001  698.8   ]]]
7496	[[[2051.4001 1054.2001  701.32  ]]]
7497	[[[2051.4001 1054.2001  701.2   ]]]
7498	[[[2051.4001 1054.2001  701.44  ]]]
7499	[[[2049.      1055.4      928.72003]]]
7500	[[[2050.2002  1055.4      928.56006]]]
7501	[[[2050.2002 1056.6001  929.24  ]]]
7502	[[[2050.2002 1055.4     922.64  ]]]
7503	[[[2051.4001 1054.2001  696.6   ]]]
7504	[[[2051.4001 1054.2001  701.28  ]]]
7505	[[[2050.2002 1055.4     928.64  ]]]
7506	[[[2051.4001 1056.6001  928.88  ]]]
7507	[[[2049.      1055.4      928.56006]]]
7508	[[[2049.   1057.8   925.36]]]
7509	[[[2050.2002 1056.6001  929.52  ]]]
7510	[[[2050.2002 1055.4     922.52  ]]]
7511	[[[2051.4001 1054.2001  696.8   ]]]
7512	[[[2050.2002 1054.2001  696.4   ]]]
7513	[[[2051.4001 1055.4     700.96  ]]]
7514	[[[2050.2002 1057.8     698.8   ]]]
7515	[[[2051.4001 1055.4     700.76  ]]]
7516	[[[2049.      1056.6001   929.16003]]]
7517	[[[2050.2002 1056.6001  929.4   ]]]
7518	[[[2050.2002 1056.6001  928.84  ]]]
