0	[[[2189.4001  983.4     705.44  ]]]
1	[[[2191.8   983.4   708.44]]]
2	[[[2191.8   983.4   708.44]]]
3	[[[2188.2002   985.80005  938.8    ]]]
4	[[[2189.4001   984.60004  937.48   ]]]
5	[[[2189.4001   984.60004  705.04   ]]]
6	[[[2189.4001   985.80005  938.04004]]]
7	[[[2188.2002   985.80005  937.72003]]]
8	[[[2185.8      985.80005  933.76   ]]]
9	[[[2188.2002   985.80005  937.4    ]]]
10	[[[2188.2002   984.60004  931.28   ]]]
11	[[[2188.2002   987.00006  937.96   ]]]
12	[[[2188.2002   985.80005  937.08   ]]]
13	[[[2189.4001  982.2     934.68  ]]]
14	[[[2191.8      985.80005  703.44   ]]]
15	[[[2191.8      984.60004  708.2    ]]]
16	[[[2188.2002   985.80005  937.08   ]]]
17	[[[2188.2002   985.80005  937.16003]]]
18	[[[2188.2002  988.2     938.08  ]]]
19	[[[2189.4001   987.00006  937.4    ]]]
20	[[[2187.       985.80005  936.84   ]]]
21	[[[2191.8      985.80005  708.44   ]]]
22	[[[2189.4001   987.00006  937.92004]]]
23	[[[2191.8      985.80005  708.48   ]]]
24	[[[2193.    988.2   705.88]]]
25	[[[2191.8      985.80005  708.52   ]]]
26	[[[2189.4001  988.2     938.48  ]]]
27	[[[2188.2002   987.00006  937.48   ]]]
28	[[[2190.6      987.00006  704.08   ]]]
29	[[[2191.8      987.00006  708.48   ]]]
30	[[[2191.8   989.4   706.44]]]
31	[[[2187.    988.2   937.84]]]
32	[[[2189.4001  988.2     937.84  ]]]
33	[[[2187.       988.2      936.92004]]]
34	[[[2189.4001  988.2     937.68  ]]]
35	[[[2190.6      987.00006  707.92   ]]]
36	[[[2184.6   989.4   933.88]]]
37	[[[2191.8      990.60004  705.88   ]]]
38	[[[2188.2002  988.2     931.88  ]]]
39	[[[2190.6      987.00006  702.92   ]]]
40	[[[2187.       988.2      937.72003]]]
41	[[[2188.2002  988.2     937.48  ]]]
42	[[[2188.2002  988.2     931.56  ]]]
43	[[[2191.8      987.00006  708.64   ]]]
44	[[[2191.8  988.2  707.6]]]
45	[[[2188.2002   989.4      938.80005]]]
46	[[[2187.       987.00006  936.6    ]]]
47	[[[2188.2002  989.4     938.48  ]]]
48	[[[2191.8      987.00006  704.04   ]]]
49	[[[2190.6   988.2   708.68]]]
50	[[[2188.2002   989.4      938.80005]]]
51	[[[2189.4001  989.4     937.8   ]]]
52	[[[2188.2002   988.2      948.56006]]]
53	[[[2188.2002  989.4     938.96  ]]]
54	[[[2188.2002   990.60004  938.72003]]]
55	[[[2188.2002  988.2     931.48  ]]]
56	[[[2188.2002   989.4      938.16003]]]
57	[[[2191.8  988.2  703.8]]]
58	[[[2191.8   988.2   708.24]]]
59	[[[2189.4001   990.60004  938.24   ]]]
60	[[[2189.4001  989.4     931.8   ]]]
61	[[[2190.6   989.4   938.28]]]
62	[[[2193.    988.2   703.88]]]
63	[[[2189.4001   987.00006  935.68   ]]]
64	[[[2193.    989.4   708.52]]]
65	[[[2189.4001   989.4      937.92004]]]
66	[[[2190.6      990.60004  939.     ]]]
67	[[[2194.2002  989.4     708.24  ]]]
68	[[[2189.4001   990.60004  938.36   ]]]
69	[[[2195.4001   991.80005  706.44   ]]]
70	[[[2194.2002  989.4     703.96  ]]]
71	[[[2190.6   989.4   931.84]]]
72	[[[2190.6      991.80005  939.4    ]]]
73	[[[2191.8      990.60004  938.32   ]]]
74	[[[2195.4001   991.80005  706.6    ]]]
75	[[[2194.2002  989.4     704.36  ]]]
76	[[[2191.8      990.60004  938.44   ]]]
77	[[[2191.8      991.80005  939.     ]]]
78	[[[2191.8      991.80005  938.68   ]]]
79	[[[2190.6      991.80005  938.24   ]]]
80	[[[2193.       991.80005  939.     ]]]
81	[[[2191.8      990.60004  932.48   ]]]
82	[[[2195.4001   990.60004  703.52   ]]]
83	[[[2193.       990.60004  938.76   ]]]
84	[[[2191.8   994.2   935.88]]]
85	[[[2191.8      990.60004  938.08   ]]]
86	[[[2190.6      991.80005  938.68   ]]]
87	[[[2190.6   989.4   938.08]]]
88	[[[2194.2002  989.4     708.56  ]]]
89	[[[2190.6      991.80005  938.76   ]]]
90	[[[2191.8      990.60004  938.     ]]]
91	[[[2191.8      991.80005  939.4    ]]]
92	[[[2191.8      990.60004  938.4    ]]]
93	[[[2194.2002   990.60004  709.28   ]]]
94	[[[2190.6   988.2   936.36]]]
95	[[[2191.8      987.00006  935.72003]]]
96	[[[2190.6   989.4   938.24]]]
97	[[[2190.6      990.60004  938.16003]]]
98	[[[2194.2002  989.4     709.04  ]]]
99	[[[2190.6      987.00006  935.6    ]]]
100	[[[2193.    989.4   704.64]]]
101	[[[2190.6  989.4  932.4]]]
102	[[[2190.6   989.4   932.64]]]
103	[[[2191.8      990.60004  938.56   ]]]
104	[[[2194.2002  989.4     709.04  ]]]
105	[[[2189.4001   990.60004  939.     ]]]
106	[[[2194.2002  989.4     704.32  ]]]
107	[[[2189.4001  989.4     938.24  ]]]
108	[[[2189.4001  989.4     938.68  ]]]
109	[[[2190.6      985.80005  935.28   ]]]
110	[[[2193.    988.2   708.84]]]
111	[[[2194.2002  989.4     708.28  ]]]
112	[[[2193.   988.2  709. ]]]
113	[[[2189.4001  989.4     938.56  ]]]
114	[[[2189.4001  989.4     939.32  ]]]
115	[[[2189.4001  988.2     938.56  ]]]
116	[[[2189.4001   990.60004  940.2    ]]]
117	[[[2193.       985.80005  707.16   ]]]
118	[[[2189.4001   987.00006  948.56006]]]
119	[[[2189.4001  989.4     938.6   ]]]
120	[[[2190.6      988.2      938.72003]]]
121	[[[2190.6      987.00006  706.8    ]]]
122	[[[2193.    988.2   704.08]]]
123	[[[2189.4001   988.2      938.16003]]]
124	[[[2193.       984.60004  706.92   ]]]
125	[[[2193.       987.00006  709.36   ]]]
126	[[[2189.4001   988.2      938.92004]]]
127	[[[2190.6   989.4   938.56]]]
128	[[[2188.2002  988.2     938.24  ]]]
129	[[[2189.4001  988.2     939.    ]]]
130	[[[2191.8      987.00006  704.24   ]]]
131	[[[2191.8      987.00006  709.12   ]]]
132	[[[2188.2002  988.2     939.56  ]]]
133	[[[2191.8      987.00006  709.36   ]]]
134	[[[2189.4001   987.00006  938.36   ]]]
135	[[[2188.2002   984.60004  936.36   ]]]
136	[[[2188.2002   987.00006  938.32   ]]]
137	[[[2191.8      985.80005  709.12   ]]]
138	[[[2191.8      985.80005  708.72   ]]]
139	[[[2189.4001   987.00006  939.     ]]]
140	[[[2189.4001   987.00006  939.24   ]]]
141	[[[2191.8      985.80005  704.32   ]]]
142	[[[2189.4001  988.2     938.68  ]]]
143	[[[2191.8      985.80005  704.32   ]]]
144	[[[2189.4001   987.00006  938.76   ]]]
145	[[[2191.8      987.00006  936.12   ]]]
146	[[[2188.2002   985.80005  938.44   ]]]
147	[[[2190.6      984.60004  709.04   ]]]
148	[[[2187.       985.80005  938.84   ]]]
149	[[[2187.       987.00006  939.4    ]]]
150	[[[2187.       984.60004  937.92004]]]
151	[[[2189.4001  989.4     937.44  ]]]
152	[[[2187.       984.60004  932.16003]]]
153	[[[2188.2002   985.80005  938.52   ]]]
154	[[[2187.       982.2      936.04004]]]
155	[[[2187.       984.60004  932.08   ]]]
156	[[[2189.4001   985.80005  939.32   ]]]
157	[[[2187.       984.60004  937.6    ]]]
158	[[[2190.6      984.60004  704.2    ]]]
159	[[[2187.       984.60004  937.92004]]]
160	[[[2188.2002   985.80005  938.92004]]]
161	[[[2189.4001   984.60004  709.08   ]]]
162	[[[2187.   989.4  936. ]]]
163	[[[2187.       985.80005  938.48   ]]]
164	[[[2185.8      984.60004  938.48   ]]]
165	[[[2185.8      984.60004  937.56   ]]]
166	[[[2185.8      984.60004  937.68   ]]]
167	[[[2185.8      984.60004  937.92004]]]
168	[[[2187.       985.80005  938.     ]]]
169	[[[2188.2002   985.80005  939.     ]]]
170	[[[2185.8      985.80005  938.56   ]]]
171	[[[2187.       987.00006  939.24   ]]]
172	[[[2187.       985.80005  932.4    ]]]
173	[[[2185.8      987.00006  939.04004]]]
174	[[[2187.       985.80005  932.52   ]]]
175	[[[2187.       987.00006  939.24   ]]]
176	[[[2185.8      987.00006  938.48   ]]]
177	[[[2189.4001   985.80005  704.16   ]]]
178	[[[2190.6      985.80005  708.4    ]]]
179	[[[2185.8      987.00006  937.48   ]]]
180	[[[2185.8      985.80005  937.76   ]]]
181	[[[2185.8      985.80005  938.     ]]]
182	[[[2185.8      988.2      938.92004]]]
183	[[[2190.6   988.2   706.84]]]
184	[[[2183.4001   987.00006  934.44   ]]]
185	[[[2187.       988.2      938.92004]]]
186	[[[2182.2002  988.2     935.84  ]]]
187	[[[2187.    983.4   934.96]]]
188	[[[2187.       988.2      937.92004]]]
189	[[[2189.4001   985.80005  708.6    ]]]
190	[[[2189.4001   985.80005  703.96   ]]]
191	[[[2190.6      985.80005  708.96   ]]]
192	[[[2188.2002   990.60004  936.92004]]]
193	[[[2187.       987.00006  937.72003]]]
194	[[[2187.    988.2   939.12]]]
195	[[[2185.8   988.2   938.48]]]
196	[[[2187.       987.00006  938.16003]]]
197	[[[2185.8      988.2      939.16003]]]
198	[[[2185.8      988.2      938.16003]]]
199	[[[2189.4001   985.80005  708.4    ]]]
200	[[[2187.    988.2   938.48]]]
201	[[[2189.4001   987.00006  703.68   ]]]
202	[[[2189.4001   985.80005  703.88   ]]]
203	[[[2185.8      987.00006  938.16003]]]
204	[[[2189.4001   987.00006  704.28   ]]]
205	[[[2183.4001  988.2     934.6   ]]]
206	[[[2185.8   988.2   937.84]]]
207	[[[2185.8      987.00006  937.92004]]]
208	[[[2184.6      988.2      938.16003]]]
209	[[[2189.4001   987.00006  704.16   ]]]
210	[[[2189.4001   985.80005  703.16   ]]]
211	[[[2187.       988.2      937.92004]]]
212	[[[2187.       988.2      938.92004]]]
213	[[[2182.2002   987.00006  934.6    ]]]
214	[[[2184.6      988.2      937.92004]]]
215	[[[2182.2002   987.00006  934.84   ]]]
216	[[[2187.    988.2   938.48]]]
217	[[[2189.4001   987.00006  703.76   ]]]
218	[[[2190.6   989.4   706.76]]]
219	[[[2185.8   988.2   937.68]]]
220	[[[2187.       991.80005  936.36   ]]]
221	[[[2185.8   989.4   938.64]]]
222	[[[2184.6   988.2   938.24]]]
223	[[[2182.2002   988.2      935.04004]]]
224	[[[2189.4001   987.00006  708.4    ]]]
225	[[[2189.4001   987.00006  708.52   ]]]
226	[[[2185.8   988.2   937.68]]]
227	[[[2187.    989.4   938.32]]]
228	[[[2185.8  988.2  938. ]]]
229	[[[2189.4001   987.00006  703.92   ]]]
230	[[[2184.6   988.2   938.24]]]
231	[[[2189.4001   987.00006  704.     ]]]
232	[[[2189.4001   987.00006  708.44   ]]]
233	[[[2188.2002   987.00006  708.76   ]]]
234	[[[2184.6      987.00006  937.92004]]]
235	[[[2189.4001   985.80005  708.2    ]]]
236	[[[2185.8   988.2   938.88]]]
237	[[[2184.6      985.80005  936.92004]]]
238	[[[2185.8      987.00006  937.68   ]]]
239	[[[2187.       984.60004  706.52   ]]]
240	[[[2187.       988.2      937.72003]]]
241	[[[2187.    988.2   937.76]]]
242	[[[2185.8   988.2   938.32]]]
243	[[[2182.2002   987.00006  934.68   ]]]
244	[[[2189.4001   985.80005  708.68   ]]]
245	[[[2189.4001   985.80005  708.68   ]]]
246	[[[2185.8      987.00006  937.24   ]]]
247	[[[2189.4001   985.80005  703.8    ]]]
248	[[[2190.6      985.80005  703.72   ]]]
249	[[[2187.    988.2   937.84]]]
250	[[[2187.    988.2   938.48]]]
251	[[[2185.8      985.80005  937.4    ]]]
252	[[[2187.       987.00006  937.28   ]]]
253	[[[2185.8      987.00006  937.92004]]]
254	[[[2185.8   988.2   938.08]]]
255	[[[2187.       987.00006  937.52   ]]]
256	[[[2190.6      985.80005  708.48   ]]]
257	[[[2189.4001   985.80005  708.32   ]]]
258	[[[2187.    988.2   938.64]]]
259	[[[2183.4001   987.00006  934.     ]]]
260	[[[2189.4001   987.00006  704.08   ]]]
261	[[[2187.    988.2   938.08]]]
262	[[[2187.    988.2   937.96]]]
263	[[[2189.4001   985.80005  708.2    ]]]
264	[[[2185.8      985.80005  937.08   ]]]
265	[[[2190.6      985.80005  703.48   ]]]
266	[[[2185.8      987.00006  937.96   ]]]
267	[[[2187.    988.2   938.48]]]
268	[[[2185.8      987.00006  937.08   ]]]
269	[[[2185.8   988.2   938.48]]]
270	[[[2185.8      987.00006  937.56006]]]
271	[[[2187.    988.2   938.48]]]
272	[[[2187.       987.00006  931.56   ]]]
273	[[[2188.2002   991.80005  936.4    ]]]
274	[[[2188.2002   988.2      938.16003]]]
275	[[[2187.       987.00006  931.56   ]]]
276	[[[2185.8   988.2   938.48]]]
277	[[[2185.8      987.00006  937.84   ]]]
278	[[[2188.2002   987.00006  937.6    ]]]
279	[[[2188.2002   989.4      938.16003]]]
280	[[[2185.8      987.00006  937.6    ]]]
281	[[[2187.       991.80005  935.28   ]]]
282	[[[2185.8      987.00006  937.52   ]]]
283	[[[2188.2002  988.2     937.32  ]]]
284	[[[2185.8      988.2      937.72003]]]
285	[[[2188.2002   988.2      938.16003]]]
286	[[[2187.       988.2      937.72003]]]
287	[[[2190.6      987.00006  703.64   ]]]
288	[[[2189.4001   987.00006  708.08   ]]]
289	[[[2188.2002  988.2     937.84  ]]]
290	[[[2187.    989.4   937.84]]]
291	[[[2187.       988.2      937.72003]]]
292	[[[2187.       990.60004  934.88   ]]]
293	[[[2190.6      987.00006  707.84   ]]]
294	[[[2187.   988.2  937.8]]]
295	[[[2187.       988.2      938.16003]]]
296	[[[2188.2002   990.60004  935.84   ]]]
297	[[[2187.       988.2      938.16003]]]
298	[[[2190.6      985.80005  708.28   ]]]
299	[[[2187.       984.60004  938.48   ]]]
300	[[[2185.8      987.00006  936.68   ]]]
301	[[[2191.8   988.2   705.84]]]
302	[[[2190.6   988.2   705.96]]]
303	[[[2185.8      987.00006  936.84   ]]]
304	[[[2185.8      987.00006  937.16003]]]
305	[[[2189.4001   985.80005  703.56   ]]]
306	[[[2187.       987.00006  937.52   ]]]
307	[[[2185.8      987.00006  937.56006]]]
308	[[[2189.4001   985.80005  703.68   ]]]
309	[[[2184.6      987.00006  938.04004]]]
310	[[[2182.2002   987.00006  934.     ]]]
311	[[[2189.4001   985.80005  703.08   ]]]
312	[[[2189.4001   985.80005  707.68   ]]]
313	[[[2189.4001   985.80005  707.72   ]]]
314	[[[2187.       990.60004  936.24   ]]]
315	[[[2184.6      985.80005  937.16003]]]
316	[[[2185.8      987.00006  937.08   ]]]
317	[[[2189.4001  988.2     705.84  ]]]
318	[[[2188.2002   985.80005  708.32   ]]]
319	[[[2184.6   988.2   937.88]]]
320	[[[2185.8   988.2   937.64]]]
321	[[[2185.8      988.2      937.56006]]]
322	[[[2184.6      987.00006  936.64   ]]]
323	[[[2184.6      985.80005  937.08   ]]]
324	[[[2184.6   988.2   938.28]]]
325	[[[2184.6   988.2   938.44]]]
326	[[[2184.6      987.00006  936.56006]]]
327	[[[2185.8      988.2      937.72003]]]
328	[[[2183.4001   987.00006  936.76   ]]]
329	[[[2188.2002   985.80005  703.36   ]]]
330	[[[2183.4001   987.00006  936.83997]]]
331	[[[2183.4001  988.2     937.4   ]]]
332	[[[2184.6      987.00006  937.08   ]]]
333	[[[2184.6      987.00006  936.92004]]]
334	[[[2188.2002   987.00006  707.88   ]]]
335	[[[2184.6   988.2   937.84]]]
336	[[[2187.       987.00006  703.72   ]]]
337	[[[2188.2002   987.00006  708.12   ]]]
338	[[[2184.6  989.4  938.4]]]
339	[[[2183.4001   987.00006  936.84   ]]]
340	[[[2183.4001  988.2     936.76  ]]]
341	[[[2183.4001  988.2     937.4   ]]]
342	[[[2184.6  989.4  937.8]]]
343	[[[2184.6      988.2      936.92004]]]
344	[[[2187.       987.00006  707.68   ]]]
345	[[[2183.4001   987.00006  936.92004]]]
346	[[[2187.       987.00006  707.72   ]]]
347	[[[2184.6   988.2   936.52]]]
348	[[[2183.4001  988.2     936.6   ]]]
349	[[[2184.6   988.2   936.52]]]
350	[[[2187.       987.00006  702.84   ]]]
351	[[[2184.6   989.4   936.84]]]
352	[[[2187.    988.2   702.88]]]
353	[[[2184.6      984.60004  934.12   ]]]
354	[[[2183.4001   989.4      937.92004]]]
355	[[[2187.       987.00006  702.88   ]]]
356	[[[2183.4001   987.00006  936.16003]]]
357	[[[2184.6      989.4      937.16003]]]
358	[[[2183.4001  989.4     936.76  ]]]
359	[[[2187.    988.2   702.84]]]
360	[[[2184.6   989.4   936.64]]]
361	[[[2184.6   988.2   930.68]]]
362	[[[2184.6      989.4      936.92004]]]
363	[[[2184.6  989.4  937.6]]]
364	[[[2183.4001   987.00006  930.32   ]]]
365	[[[2184.6   989.4   936.84]]]
366	[[[2183.4001   984.60004  933.96   ]]]
367	[[[2183.4001  988.2     936.36  ]]]
368	[[[2184.6      988.2      937.16003]]]
369	[[[2183.4001   987.00006  930.8    ]]]
370	[[[2183.4001  988.2     936.4   ]]]
371	[[[2183.4001  988.2     937.48  ]]]
372	[[[2182.2002   987.00006  937.16003]]]
373	[[[2182.2002   987.00006  937.16003]]]
374	[[[2188.2002  988.2     705.56  ]]]
375	[[[2183.4001   987.00006  936.76   ]]]
376	[[[2183.4001   985.80005  930.64   ]]]
377	[[[2187.       985.80005  703.24   ]]]
378	[[[2184.6  988.2  936.6]]]
379	[[[2187.       985.80005  707.48   ]]]
380	[[[2184.6      987.00006  937.16003]]]
381	[[[2187.       984.60004  706.96   ]]]
382	[[[2188.2002   987.00006  705.72   ]]]
383	[[[2183.4001  982.2     933.28  ]]]
384	[[[2184.6      987.00006  936.92004]]]
385	[[[2182.2002   985.80005  936.84   ]]]
386	[[[2182.2002   985.80005  936.92004]]]
387	[[[2183.4001   982.2      934.04004]]]
388	[[[2183.4001   985.80005  936.92004]]]
389	[[[2184.6   989.4   935.28]]]
390	[[[2187.       984.60004  707.2    ]]]
391	[[[2182.2002   985.80005  937.44   ]]]
392	[[[2183.4001   985.80005  936.68   ]]]
393	[[[2182.2002  988.2     934.68  ]]]
394	[[[2182.2002   985.80005  936.92004]]]
395	[[[2182.2002   984.60004  936.36   ]]]
396	[[[2185.8   983.4   707.04]]]
397	[[[2183.4001   985.80005  937.36   ]]]
398	[[[2182.2002   985.80005  936.68   ]]]
399	[[[2183.4001   985.80005  937.6    ]]]
400	[[[2182.2002  988.2     934.28  ]]]
401	[[[2183.4001   985.80005  936.36   ]]]
402	[[[2187.       985.80005  705.32   ]]]
403	[[[2183.4001   984.60004  936.64   ]]]
404	[[[2185.8   983.4   702.68]]]
405	[[[2182.2002   985.80005  937.92004]]]
406	[[[2183.4001  983.4     704.76  ]]]
407	[[[2182.2002   985.80005  937.4    ]]]
408	[[[2182.2002  983.4     936.    ]]]
409	[[[2187.       985.80005  705.92   ]]]
410	[[[2182.2002   984.60004  936.52   ]]]
411	[[[2183.4001   985.80005  937.48   ]]]
412	[[[2185.8   983.4   702.64]]]
413	[[[2185.8   983.4   702.84]]]
414	[[[2182.2002   985.80005  937.6    ]]]
415	[[[2184.6   988.2   935.28]]]
416	[[[2185.8  983.4  702.8]]]
417	[[[2185.8      984.60004  702.88   ]]]
418	[[[2185.8      987.00006  705.12   ]]]
419	[[[2185.8   983.4   702.88]]]
420	[[[2182.2002  983.4     930.08  ]]]
421	[[[2178.6      983.4      933.72003]]]
422	[[[2182.2002   984.60004  936.04004]]]
423	[[[2185.8   983.4   702.88]]]
424	[[[2185.8      985.80005  934.52   ]]]
425	[[[2183.4001   984.60004  936.92004]]]
426	[[[2182.2002   979.80005  933.2    ]]]
427	[[[2182.2002   984.60004  937.48   ]]]
428	[[[2183.4001  983.4     936.6   ]]]
429	[[[2183.4001  983.4     936.6   ]]]
430	[[[2185.8   982.2   707.32]]]
431	[[[2183.4001  983.4     936.6   ]]]
432	[[[2187.       984.60004  705.76   ]]]
433	[[[2183.4001  983.4     936.6   ]]]
434	[[[2185.8   982.2   702.72]]]
435	[[[2182.2002  983.4     936.6   ]]]
436	[[[2181.   982.2  935.6]]]
437	[[[2185.8   982.2   702.56]]]
438	[[[2178.6   983.4   933.28]]]
439	[[[2183.4001   984.60004  936.92004]]]
440	[[[2181.       987.00006  934.44   ]]]
441	[[[2182.2002   984.60004  936.6    ]]]
442	[[[2185.8  982.2  707.2]]]
443	[[[2182.2002   979.80005  933.64   ]]]
444	[[[2182.2002  983.4     930.32  ]]]
445	[[[2183.4001   987.00006  935.28   ]]]
446	[[[2182.2002   984.60004  936.92004]]]
447	[[[2183.4001  983.4     936.84  ]]]
448	[[[2182.2002  983.4     930.68  ]]]
449	[[[2182.2002  983.4     947.32  ]]]
450	[[[2181.    982.2   936.24]]]
451	[[[2182.2002   984.60004  937.04004]]]
452	[[[2181.       984.60004  936.92004]]]
453	[[[2185.8   982.2   703.16]]]
454	[[[2181.    983.4   936.84]]]
455	[[[2183.4001  983.4     704.28  ]]]
456	[[[2185.8   982.2   702.64]]]
457	[[[2183.4001   983.4      937.16003]]]
458	[[[2187.       979.80005  704.52   ]]]
459	[[[2183.4001   983.4      936.92004]]]
460	[[[2182.2002  983.4     936.28  ]]]
461	[[[2182.2002   984.60004  936.92004]]]
462	[[[2184.6      981.00006  705.8    ]]]
463	[[[2182.2002   984.60004  936.36   ]]]
464	[[[2179.8      984.60004  933.64   ]]]
465	[[[2187.       985.80005  705.24   ]]]
466	[[[2185.8      987.00006  935.52   ]]]
467	[[[2185.8   983.4   707.48]]]
468	[[[2187.    983.4   707.28]]]
469	[[[2185.8   983.4   703.12]]]
470	[[[2183.4001   984.60004  936.92004]]]
471	[[[2182.2002   983.4      936.92004]]]
472	[[[2182.2002   984.60004  937.4    ]]]
473	[[[2182.2002   984.60004  937.6    ]]]
474	[[[2182.2002   983.4      936.16003]]]
475	[[[2181.       984.60004  937.16003]]]
476	[[[2182.2002   984.60004  937.32   ]]]
477	[[[2185.8   982.2   707.24]]]
478	[[[2182.2002   987.00006  934.44   ]]]
479	[[[2185.8   983.4   703.12]]]
480	[[[2185.8   983.4   703.08]]]
481	[[[2182.2002   984.60004  937.36   ]]]
482	[[[2185.8   983.4   702.92]]]
483	[[[2182.2002   983.4      936.92004]]]
484	[[[2182.2002   981.00006  934.36   ]]]
485	[[[2182.2002  983.4     930.96  ]]]
486	[[[2182.2002   984.60004  937.6    ]]]
487	[[[2182.2002  983.4     936.6   ]]]
488	[[[2183.4001   984.60004  937.08   ]]]
489	[[[2185.8   983.4   703.12]]]
490	[[[2182.2002   985.80005  938.16003]]]
491	[[[2183.4001   984.60004  937.16003]]]
492	[[[2182.2002  988.2     934.6   ]]]
493	[[[2181.       988.2      934.72003]]]
494	[[[2182.2002   985.80005  937.48   ]]]
495	[[[2184.6      984.60004  708.36   ]]]
496	[[[2185.8   983.4   703.28]]]
497	[[[2181.       984.60004  937.     ]]]
498	[[[2184.6      984.60004  703.4    ]]]
499	[[[2182.2002   985.80005  937.6    ]]]
500	[[[2184.6  988.2  935.6]]]
501	[[[2184.6      984.60004  703.32   ]]]
502	[[[2184.6   983.4   703.12]]]
503	[[[2182.2002   984.60004  931.48   ]]]
504	[[[2185.8      984.60004  707.44   ]]]
505	[[[2178.6      984.60004  933.96   ]]]
506	[[[2181.       984.60004  937.24   ]]]
507	[[[2185.8      984.60004  708.2    ]]]
508	[[[2183.4001   984.60004  937.6    ]]]
509	[[[2182.2002   985.80005  938.24   ]]]
510	[[[2181.       984.60004  937.32   ]]]
511	[[[2182.2002   985.80005  938.08   ]]]
512	[[[2182.2002   984.60004  931.16003]]]
513	[[[2187.       985.80005  706.12   ]]]
514	[[[2185.8   983.4   708.12]]]
515	[[[2183.4001   984.60004  937.92004]]]
516	[[[2185.8   983.4   703.72]]]
517	[[[2182.2002   985.80005  938.88   ]]]
518	[[[2185.8   983.4   708.44]]]
519	[[[2182.2002  983.4     937.08  ]]]
520	[[[2185.8   983.4   703.84]]]
521	[[[2185.8   982.2   703.48]]]
522	[[[2185.8   983.4   708.04]]]
523	[[[2182.2002  982.2     947.64  ]]]
524	[[[2182.2002  983.4     931.2   ]]]
525	[[[2185.8  982.2  703.8]]]
526	[[[2185.8  982.2  703.8]]]
527	[[[2182.2002   983.4      937.92004]]]
528	[[[2184.6      983.4      938.16003]]]
529	[[[2182.2002   982.2      937.72003]]]
530	[[[2183.4001  983.4     937.8   ]]]
531	[[[2182.2002   983.4      937.92004]]]
532	[[[2183.4001  983.4     938.24  ]]]
533	[[[2183.4001  982.2     931.32  ]]]
534	[[[2183.4001  983.4     937.6   ]]]
535	[[[2185.8   982.2   704.24]]]
536	[[[2183.4001  982.2     937.24  ]]]
537	[[[2182.2002  983.4     937.68  ]]]
538	[[[2183.4001  983.4     938.24  ]]]
539	[[[2183.4001  982.2     937.6   ]]]
540	[[[2187.       981.00006  708.04   ]]]
541	[[[2183.4001   981.00006  931.08   ]]]
542	[[[2184.6  982.2  937. ]]]
543	[[[2187.       981.00006  703.52   ]]]
544	[[[2184.6   983.4   938.24]]]
545	[[[2183.4001  983.4     938.64  ]]]
546	[[[2188.2002   981.00006  703.92   ]]]
547	[[[2187.       981.00006  703.92   ]]]
548	[[[2187.       984.60004  935.6    ]]]
549	[[[2187.       981.00006  703.6    ]]]
550	[[[2183.4001   982.2      937.16003]]]
551	[[[2184.6      983.4      938.16003]]]
552	[[[2183.4001   982.2      937.92004]]]
553	[[[2188.2002   981.00006  708.16   ]]]
554	[[[2184.6   982.2   937.68]]]
555	[[[2184.6      981.00006  936.84   ]]]
556	[[[2187.       981.00006  708.04   ]]]
557	[[[2187.       981.00006  703.76   ]]]
558	[[[2187.       979.80005  703.48   ]]]
559	[[[2184.6   982.2   938.56]]]
560	[[[2187.       979.80005  708.12   ]]]
561	[[[2183.4001   981.00006  937.36   ]]]
562	[[[2183.4001   981.00006  937.     ]]]
563	[[[2184.6   982.2   937.68]]]
564	[[[2184.6      981.00006  937.36   ]]]
565	[[[2183.4001   979.80005  931.16003]]]
566	[[[2187.       979.80005  708.2    ]]]
567	[[[2183.4001   981.00006  936.88   ]]]
568	[[[2184.6   982.2   938.52]]]
569	[[[2188.2002   981.00006  707.52   ]]]
570	[[[2184.6   982.2   938.24]]]
571	[[[2183.4001   979.80005  937.2    ]]]
572	[[[2184.6      984.60004  935.88   ]]]
573	[[[2185.8      981.00006  937.88   ]]]
574	[[[2184.6   982.2   937.76]]]
575	[[[2183.4001   981.00006  938.     ]]]
576	[[[2184.6   982.2   938.52]]]
577	[[[2188.2002   979.80005  703.92   ]]]
578	[[[2185.8      981.00006  937.76   ]]]
579	[[[2188.2002   979.80005  703.92   ]]]
580	[[[2188.2002  977.4     706.32  ]]]
581	[[[2185.8   982.2   937.76]]]
582	[[[2188.2002   979.80005  708.64   ]]]
583	[[[2188.2002   979.80005  703.92   ]]]
584	[[[2188.2002   979.80005  708.32   ]]]
585	[[[2188.2002   979.80005  708.4    ]]]
586	[[[2188.2002   981.00006  934.88   ]]]
587	[[[2181.       981.00006  934.6    ]]]
588	[[[2183.4001   979.80005  937.56   ]]]
589	[[[2184.6      979.80005  931.84   ]]]
590	[[[2184.6      979.80005  948.48   ]]]
591	[[[2187.       979.80005  703.96   ]]]
592	[[[2183.4001   981.00006  938.52   ]]]
593	[[[2184.6      979.80005  938.2    ]]]
594	[[[2183.4001   979.80005  937.76   ]]]
595	[[[2183.4001   981.00006  938.84   ]]]
596	[[[2184.6      981.00006  937.84   ]]]
597	[[[2179.8      979.80005  934.8    ]]]
598	[[[2183.4001   979.80005  937.52   ]]]
599	[[[2183.4001  976.2     934.24  ]]]
600	[[[2183.4001   981.00006  937.92004]]]
601	[[[2179.8      979.80005  934.88   ]]]
602	[[[2183.4001   981.00006  937.84   ]]]
603	[[[2185.8      979.80005  938.92004]]]
604	[[[2184.6   976.2   934.88]]]
605	[[[2183.4001   979.80005  937.84   ]]]
606	[[[2183.4001   979.80005  931.68   ]]]
607	[[[2179.8      979.80005  934.8    ]]]
608	[[[2187.       978.60004  708.12   ]]]
609	[[[2183.4001   978.60004  937.76   ]]]
610	[[[2183.4001   981.00006  939.     ]]]
611	[[[2184.6      979.80005  937.32   ]]]
612	[[[2183.4001   981.00006  938.76   ]]]
613	[[[2183.4001   981.00006  939.     ]]]
614	[[[2188.2002   978.60004  708.8    ]]]
615	[[[2187.       978.60004  703.44   ]]]
616	[[[2184.6   983.4   935.88]]]
617	[[[2187.       979.80005  703.72   ]]]
618	[[[2181.       979.80005  934.48   ]]]
619	[[[2187.       984.60004  937.12   ]]]
620	[[[2184.6      981.00006  937.68   ]]]
621	[[[2188.2002   981.00006  702.8    ]]]
622	[[[2181.       981.00006  934.36   ]]]
623	[[[2184.6      984.60004  936.04004]]]
624	[[[2188.2002  982.2     706.32  ]]]
625	[[[2183.4001   981.00006  937.76   ]]]
626	[[[2187.       979.80005  708.2    ]]]
627	[[[2188.2002  982.2     706.32  ]]]
628	[[[2188.2002   979.80005  703.96   ]]]
629	[[[2184.6  982.2  938. ]]]
630	[[[2183.4001   982.2      938.16003]]]
631	[[[2187.       979.80005  703.76   ]]]
632	[[[2183.4001   981.00006  937.76   ]]]
633	[[[2182.2002   981.00006  938.     ]]]
634	[[[2183.4001  982.2     937.68  ]]]
635	[[[2187.    982.2   934.48]]]
636	[[[2187.       981.00006  704.04   ]]]
637	[[[2184.6   982.2   938.24]]]
638	[[[2188.2002   981.00006  703.32   ]]]
639	[[[2184.6  982.2  938.6]]]
640	[[[2183.4001   981.00006  937.28   ]]]
641	[[[2188.2002   981.00006  707.72   ]]]
642	[[[2188.2002   981.00006  707.88   ]]]
643	[[[2184.6  982.2  938.4]]]
644	[[[2184.6      981.00006  937.36   ]]]
645	[[[2185.8      981.00006  938.24   ]]]
646	[[[2188.2002   979.80005  708.44   ]]]
647	[[[2184.6      981.00006  937.36   ]]]
648	[[[2183.4001   981.00006  937.76   ]]]
649	[[[2183.4001   981.00006  937.76   ]]]
650	[[[2184.6      979.80005  936.68   ]]]
651	[[[2185.8      984.60004  936.12   ]]]
652	[[[2188.2002   981.00006  707.8    ]]]
653	[[[2188.2002   979.80005  703.32   ]]]
654	[[[2188.2002   981.00006  708.08   ]]]
655	[[[2184.6   982.2   937.68]]]
656	[[[2184.6      984.60004  935.04004]]]
657	[[[2184.6      981.00006  937.36   ]]]
658	[[[2184.6      981.00006  936.92004]]]
659	[[[2187.       981.00006  937.44   ]]]
660	[[[2188.2002   979.80005  703.68   ]]]
661	[[[2184.6      979.80005  936.36   ]]]
662	[[[2189.4001   981.00006  934.64   ]]]
663	[[[2184.6      979.80005  936.64   ]]]
664	[[[2184.6      979.80005  930.92004]]]
665	[[[2184.6  982.2  938.2]]]
666	[[[2184.6      981.00006  937.52   ]]]
667	[[[2189.4001   979.80005  707.44   ]]]
668	[[[2184.6      979.80005  930.84   ]]]
669	[[[2185.8      981.00006  937.6    ]]]
670	[[[2189.4001   981.00006  934.64   ]]]
671	[[[2185.8      978.60004  705.72   ]]]
672	[[[2184.6      981.00006  937.36   ]]]
673	[[[2189.4001  982.2     706.04  ]]]
674	[[[2188.2002   979.80005  707.84   ]]]
675	[[[2184.6      979.80005  936.28   ]]]
676	[[[2184.6      979.80005  947.68   ]]]
677	[[[2185.8      981.00006  937.04004]]]
678	[[[2185.8   982.2   936.68]]]
679	[[[2184.6  982.2  937.6]]]
680	[[[2184.6   982.2   937.24]]]
681	[[[2189.4001  982.2     705.92  ]]]
682	[[[2185.8      981.00006  936.68   ]]]
683	[[[2189.4001  982.2     705.56  ]]]
684	[[[2184.6      981.00006  936.68   ]]]
685	[[[2182.2002   981.00006  933.72003]]]
686	[[[2184.6      981.00006  936.92004]]]
687	[[[2188.2002   979.80005  707.6    ]]]
688	[[[2181.       981.00006  934.12   ]]]
689	[[[2184.6   982.2   937.28]]]
690	[[[2184.6      982.2      938.04004]]]
691	[[[2184.6      979.80005  930.6    ]]]
692	[[[2188.2002   979.80005  703.16   ]]]
693	[[[2188.2002   979.80005  707.84   ]]]
694	[[[2188.2002   979.80005  703.24   ]]]
695	[[[2184.6      982.2      937.16003]]]
696	[[[2188.2002   979.80005  703.24   ]]]
697	[[[2188.2002   981.00006  707.48   ]]]
698	[[[2188.2002   979.80005  707.88   ]]]
699	[[[2185.8      981.00006  937.44   ]]]
700	[[[2184.6  982.2  937.8]]]
701	[[[2188.2002   979.80005  703.4    ]]]
702	[[[2183.4001   981.00006  937.44   ]]]
703	[[[2184.6      979.80005  930.92004]]]
704	[[[2184.6      981.00006  936.64   ]]]
705	[[[2184.6      981.00006  936.92004]]]
706	[[[2184.6      979.80005  936.84   ]]]
707	[[[2188.2002  982.2     934.56  ]]]
708	[[[2184.6      979.80005  936.28   ]]]
709	[[[2183.4001   981.00006  937.08   ]]]
710	[[[2187.       978.60004  702.76   ]]]
711	[[[2187.       979.80005  707.64   ]]]
712	[[[2187.       979.80005  703.64   ]]]
713	[[[2185.8      981.00006  937.64   ]]]
714	[[[2184.6      979.80005  931.     ]]]
715	[[[2184.6      978.60004  938.28   ]]]
716	[[[2184.6      981.00006  937.76   ]]]
717	[[[2184.6   982.2   937.52]]]
718	[[[2182.2002   984.60004  935.12   ]]]
719	[[[2187.       979.80005  708.08   ]]]
720	[[[2187.       979.80005  703.16   ]]]
721	[[[2183.4001  982.2     938.28  ]]]
722	[[[2183.4001   981.00006  936.76   ]]]
723	[[[2182.2002  982.2     938.28  ]]]
724	[[[2183.4001   981.00006  937.44   ]]]
725	[[[2183.4001  982.2     937.76  ]]]
726	[[[2185.8      979.80005  707.76   ]]]
727	[[[2182.2002   981.00006  931.08   ]]]
728	[[[2182.2002  983.4     938.64  ]]]
729	[[[2185.8      979.80005  702.76   ]]]
730	[[[2182.2002   981.00006  936.6    ]]]
731	[[[2183.4001  982.2     937.68  ]]]
732	[[[2182.2002   981.00006  937.     ]]]
733	[[[2183.4001   981.00006  931.48   ]]]
734	[[[2183.4001   982.2      936.92004]]]
735	[[[2183.4001  982.2     936.76  ]]]
736	[[[2182.2002  982.2     937.32  ]]]
737	[[[2183.4001  982.2     936.68  ]]]
738	[[[2183.4001   981.00006  931.16003]]]
739	[[[2184.6   982.2   937.76]]]
740	[[[2182.2002  982.2     937.52  ]]]
741	[[[2183.4001  983.4     938.44  ]]]
742	[[[2183.4001   985.80005  934.8    ]]]
743	[[[2183.4001  982.2     937.24  ]]]
744	[[[2183.4001   985.80005  934.88   ]]]
745	[[[2187.       981.00006  708.32   ]]]
746	[[[2187.       981.00006  708.36   ]]]
747	[[[2184.6  982.2  937. ]]]
748	[[[2182.2002  982.2     937.44  ]
  [1027.8    1069.8     850.32  ]]]
749	[[[2187.       981.00006  708.     ]]]
750	[[[2183.4001  983.4     938.48  ]]]
751	[[[2187.       981.00006  703.72   ]]]
752	[[[2187.       981.00006  703.72   ]]]
753	[[[2187.       981.00006  703.32   ]]]
754	[[[2184.6   983.4   938.08]]]
755	[[[2183.4001  982.2     936.88  ]]]
756	[[[2187.    982.2   703.64]]]
757	[[[2183.4001  982.2     936.88  ]]]
758	[[[2183.4001  982.2     937.36  ]]]
759	[[[2187.    982.2   707.88]]]
760	[[[2185.8      985.80005  935.76   ]]]
761	[[[2183.4001  983.4     937.2   ]]]
762	[[[2187.   982.2  708.2]]]
763	[[[2187.    982.2   703.56]]]
764	[[[2184.6   983.4   937.76]]]
765	[[[2187.       985.80005  935.48   ]]]
766	[[[2183.4001  982.2     948.32  ]]]
767	[[[2185.8   983.4   938.76]]]
768	[[[2184.6      984.60004  937.76   ]]]
769	[[[2184.6      982.2      931.92004]]]
770	[[[2183.4001  982.2     931.4   ]]]
771	[[[2184.6      981.00006  706.08   ]]]
772	[[[2187.    982.2   703.92]]]
773	[[[2183.4001  982.2     931.48  ]]]
774	[[[2183.4001   984.60004  937.92004]]]
775	[[[2187.    983.4   703.64]]]
776	[[[2187.       987.00006  936.6    ]]]
777	[[[2183.4001   984.60004  938.76   ]]]
778	[[[2187.    982.2   703.64]]]
779	[[[2183.4001   983.4      937.04004]]]
780	[[[2185.8  983.4  938. ]]]
781	[[[2184.6      984.60004  937.84   ]]]
782	[[[2184.6      984.60004  937.76   ]]]
783	[[[2183.4001   984.60004  938.68   ]]]
784	[[[2183.4001   984.60004  938.44   ]]]
785	[[[2182.2002  982.2     937.24  ]]]
786	[[[2184.6      984.60004  937.92004]]]
787	[[[2187.   982.2  703.6]]]
788	[[[2187.    982.2   708.12]]]
789	[[[2182.2002  983.4     938.24  ]]]
790	[[[2185.8  982.2  703.8]]]
791	[[[2185.8   982.2   703.76]]]
792	[[[2182.2002  983.4     937.84  ]]]
793	[[[2182.2002  983.4     938.    ]]]
794	[[[2185.8   982.2   708.52]]]
795	[[[2185.8   982.2   703.76]]]
796	[[[2182.2002   979.80005  935.04004]]]
797	[[[2182.2002   984.60004  938.32   ]]]
798	[[[2185.8  982.2  708.4]]]
799	[[[2181.       985.80005  935.6    ]]]
800	[[[2185.8   982.2   703.72]]]
801	[[[2187.       984.60004  706.72   ]]]
802	[[[2182.2002   984.60004  938.8    ]]]
803	[[[2181.    982.2   937.84]]]
804	[[[2182.2002  982.2     931.88  ]]]
805	[[[2185.8   982.2   708.32]]]
806	[[[2181.    983.4   938.24]]]
807	[[[2182.2002   983.4      938.16003]]]
808	[[[2178.6   982.2   934.68]]]
809	[[[2182.2002   985.80005  935.44   ]]]
810	[[[2182.2002   983.4      937.80005]]]
811	[[[2182.2002  983.4     938.32  ]]]
812	[[[2182.2002  982.2     948.68  ]]]
813	[[[2183.4001  983.4     938.32  ]]]
814	[[[2182.2002   983.4      938.92004]]]
815	[[[2181.    983.4   938.32]]]
816	[[[2181.       981.00006  937.68   ]]]
817	[[[2181.       982.2      937.92004]]]
818	[[[2178.6      982.2      934.72003]]]
819	[[[2185.8      981.00006  703.84   ]]]
820	[[[2183.4001   983.4      938.16003]]]
821	[[[2183.4001  982.2     705.4   ]]]
822	[[[2183.4001  983.4     938.24  ]]]
823	[[[2183.4001  983.4     938.24  ]]]
824	[[[2183.4001   983.4      937.92004]
  [ 952.2     1057.8      790.08   ]]]
825	[[[2185.8   982.2   704.08]]]
826	[[[2182.2002  983.4     938.48  ]]]
827	[[[2183.4001   984.60004  937.84   ]]]
828	[[[2187.    982.2   703.96]]]
829	[[[2182.2002   982.2      937.16003]]]
830	[[[2181.       985.80005  934.84   ]]]
831	[[[2185.8   983.4   708.48]]]
832	[[[2188.2002   984.60004  706.52   ]]]
833	[[[2184.6      984.60004  938.16003]]]
834	[[[2182.2002   984.60004  937.92004]]]
835	[[[2187.   983.4  708.2]]]
836	[[[2182.2002  983.4     937.8   ]]]
837	[[[2185.8   983.4   703.84]]]
838	[[[2182.2002  983.4     937.84  ]]]
839	[[[2187.   983.4  708.2]]]
840	[[[2185.8   982.2   702.92]]]
841	[[[2183.4001   984.60004  937.2    ]]]
842	[[[2187.    983.4   703.76]]]
843	[[[2185.8   983.4   708.88]]]
844	[[[2185.8   983.4   704.08]]]
845	[[[2182.2002   985.80005  939.32   ]]]
846	[[[2183.4001   983.4      931.72003]]]
847	[[[2184.6   983.4   937.84]]]
848	[[[2185.8   983.4   703.92]]]
849	[[[2187.    983.4   708.28]]]
850	[[[2183.4001  988.2     935.56  ]]]
851	[[[2185.8  983.4  703.6]]]
852	[[[2183.4001   985.80005  938.76   ]]]
853	[[[2183.4001   985.80005  938.     ]]]
854	[[[2183.4001   985.80005  938.08   ]]]
855	[[[2183.4001   985.80005  938.2    ]]]
856	[[[2185.8      984.60004  703.76   ]]]
857	[[[2183.4001  982.2     706.32  ]]]
858	[[[2183.4001   985.80005  938.76   ]]]
859	[[[2178.6      984.60004  934.48   ]]]
860	[[[2185.8      984.60004  708.4    ]]]
861	[[[2182.2002   985.80005  937.68   ]]]
862	[[[2182.2002   985.80005  938.08   ]]]
863	[[[2182.2002   984.60004  931.64   ]]]
864	[[[2185.8      985.80005  934.96   ]]]
865	[[[2185.8   983.4   708.16]]]
866	[[[2182.2002   984.60004  937.76   ]]]
867	[[[2185.8      985.80005  706.32   ]]]
868	[[[2185.8      985.80005  706.24   ]]]
869	[[[2185.8  983.4  708.2]]]
870	[[[2181.       983.4      936.92004]]]
871	[[[2182.2002   984.60004  937.44   ]]]
872	[[[2182.2002   984.60004  937.92004]]]
873	[[[2181.       985.80005  938.6    ]]]
874	[[[2182.2002   985.80005  937.56   ]]]
875	[[[2182.2002   988.2      936.04004]]]
876	[[[2184.6      981.00006  936.28   ]]]
877	[[[2184.6      984.60004  708.04   ]]]
878	[[[2181.       985.80005  938.24   ]]]
879	[[[2179.8      984.60004  937.56   ]]]
880	[[[2181.       985.80005  938.68   ]]]
881	[[[2179.8      984.60004  937.92004]
  [ 985.80005 1069.8      932.64   ]]]
882	[[[2183.4001  983.4     704.04  ]]]
883	[[[2179.8      984.60004  937.92004]]]
884	[[[2183.4001  983.4     703.96  ]]]
885	[[[2179.8      984.60004  937.92004]]]
886	[[[2181.       984.60004  937.68   ]]]
887	[[[2184.6      984.60004  934.96   ]]]
888	[[[2179.8      984.60004  938.     ]]]
889	[[[2179.8      984.60004  938.24   ]]]
890	[[[2181.   983.4  932.2]]]
891	[[[2183.4001  982.2     707.92  ]]]
892	[[[2179.8      984.60004  938.24   ]]]
893	[[[2179.8   983.4   948.56]]]
894	[[[2183.4001  983.4     708.76  ]]]
895	[[[2179.8      981.00006  934.92004]]]
896	[[[2179.8      985.80005  939.32   ]]]
897	[[[2181.       985.80005  938.44   ]]]
898	[[[2181.       984.60004  938.     ]]]
899	[[[2181.       981.00006  935.04004]]]
900	[[[2179.8   983.4   948.48]]]
901	[[[2181.       984.60004  938.4    ]]]
902	[[[2179.8   983.4   931.84]]]
903	[[[2179.8      984.60004  938.08   ]]]
904	[[[2183.4001  983.4     703.56  ]]]
905	[[[2179.8      984.60004  938.24   ]]]
906	[[[2183.4001  983.4     707.8   ]]]
907	[[[2183.4001   985.80005  706.44   ]]]
908	[[[2179.8      984.60004  938.4    ]]]
909	[[[2181.   983.4  938. ]]]
910	[[[2178.6      987.00006  935.44   ]]]
911	[[[2183.4001   985.80005  706.08   ]]]
912	[[[2182.2002  982.2     708.2   ]]]
913	[[[2182.2002  982.2     703.44  ]]]
914	[[[2179.8      984.60004  938.72003]]]
915	[[[2178.6      984.60004  937.84   ]]]
916	[[[2182.2002  982.2     708.04  ]]]
917	[[[2179.8   983.4   937.84]]]
918	[[[2179.8      984.60004  938.16003]]]
919	[[[2178.6  982.2  937.6]]]
920	[[[2179.8      983.4      937.92004]]]
921	[[[2175.   983.4  934.6]]]
922	[[[2178.6  982.2  937.6]]]
923	[[[2179.8   983.4   938.48]]]
924	[[[2181.       979.80005  706.88   ]]]
925	[[[2181.       979.80005  706.84   ]]]
926	[[[2183.4001   984.60004  706.28   ]]]
927	[[[2182.2002  982.2     703.92  ]]]
928	[[[2182.2002  982.2     703.92  ]]]
929	[[[2179.8      979.80005  935.04004]]]
930	[[[2178.6      983.4      937.72003]]]
931	[[[2178.6      984.60004  938.52   ]]]
932	[[[2179.8   983.4   938.76]]]
933	[[[2182.2002  983.4     708.    ]]]
934	[[[2182.2002  982.2     708.6   ]]]
935	[[[2181.   982.2  708. ]]]
936	[[[2177.4001  983.4     937.36  ]]]
937	[[[2178.6      984.60004  939.08   ]]]
938	[[[2181.    982.2   703.64]]]
939	[[[2177.4001  983.4     937.36  ]]]
940	[[[2181.    983.4   708.28]]]
941	[[[2177.4001   983.4      938.16003]]]
942	[[[2179.8   983.4   937.84]]]
943	[[[2181.       987.00006  936.44   ]]]
944	[[[2177.4001   984.60004  938.76   ]]]
945	[[[2177.4001   984.60004  937.8    ]]]
946	[[[2178.6      985.80005  938.16003]]]
947	[[[2177.4001   984.60004  937.84   ]]]
948	[[[2173.8      984.60004  934.84   ]]]
949	[[[2178.6      984.60004  938.32   ]]]
950	[[[2182.2002   985.80005  706.8    ]]]
951	[[[2182.2002   985.80005  706.36   ]]]
952	[[[2177.4001   985.80005  938.16003]]]
953	[[[2179.8   982.2   707.56]]]
954	[[[2181.    983.4   708.84]]]
955	[[[2177.4001   985.80005  939.24   ]]]
956	[[[2181.    983.4   708.48]]]
957	[[[2176.2002  983.4     937.28  ]]]
958	[[[2181.       984.60004  707.96   ]]]
959	[[[2181.       981.00006  706.36   ]]]
960	[[[2177.4001   981.00006  935.2    ]]]
961	[[[2177.4001   984.60004  937.52   ]]]
962	[[[2177.4001   984.60004  937.76   ]]]
963	[[[2173.8      985.80005  934.56   ]]]
964	[[[2176.2002  983.4     937.6   ]]]
965	[[[2177.4001   985.80005  939.12   ]]]
966	[[[2181.       987.00006  706.56   ]]]
967	[[[2178.6      985.80005  938.     ]]]
968	[[[2179.8      984.60004  703.96   ]]]
969	[[[2176.2002  989.4     935.68  ]]]
970	[[[2176.2002   985.80005  937.92004]]]
971	[[[2175.       985.80005  938.88   ]]]
972	[[[2177.4001   985.80005  937.8    ]]]
973	[[[2175.   988.2  935.2]]]
974	[[[2177.4001   985.80005  937.56   ]]]
975	[[[2176.2002   985.80005  937.6    ]]]
976	[[[2179.8      984.60004  708.68   ]]]
977	[[[2177.4001   987.00006  938.32   ]]]
978	[[[2177.4001   985.80005  938.04004]]]
979	[[[2176.2002   987.00006  938.92004]]]
980	[[[2176.2002   987.00006  939.08   ]]]
981	[[[2178.6      985.80005  938.2    ]]]
982	[[[2177.4001   984.60004  938.84   ]]]
983	[[[2177.4001   987.00006  938.08   ]]]
984	[[[2177.4001   985.80005  932.32   ]]]
985	[[[2177.4001   987.00006  938.56   ]]]
986	[[[2177.4001  988.2     938.32  ]]]
987	[[[2176.2002   985.80005  937.6    ]]]
988	[[[2177.4001  988.2     938.32  ]]]
989	[[[2181.    988.2   706.68]]]
990	[[[2179.8      985.80005  703.92   ]]]
991	[[[2179.8      985.80005  703.92   ]]]
992	[[[2176.2002  988.2     939.32  ]]]
993	[[[2176.2002  988.2     939.    ]]]
994	[[[2178.6   988.2   937.76]]]
995	[[[2181.    988.2   706.44]]]
996	[[[2177.4001   987.00006  937.4    ]]]
997	[[[2181.    988.2   706.44]]]
998	[[[2179.8      985.80005  708.88   ]]]
999	[[[2177.4001   987.00006  938.4    ]]]
1000	[[[2181.       985.80005  703.72   ]]]
1001	[[[2176.2002   985.80005  938.04004]]]
1002	[[[2181.       985.80005  708.2    ]]]
1003	[[[2178.6      985.80005  938.16003]]]
1004	[[[2178.6      985.80005  937.84   ]]]
1005	[[[2181.       984.60004  704.     ]]]
1006	[[[2177.4001   985.80005  938.16003]]]
1007	[[[2177.4001   985.80005  938.24   ]]]
1008	[[[2177.4001   984.60004  931.64   ]]]
1009	[[[2177.4001   985.80005  938.16003]]]
1010	[[[2178.6      985.80005  938.24   ]]]
1011	[[[2177.4001   985.80005  937.52   ]]]
1012	[[[2181.       984.60004  708.72   ]]]
1013	[[[2177.4001   985.80005  931.88   ]]]
1014	[[[2178.6      987.00006  938.84   ]]]
1015	[[[2176.2002   985.80005  938.16003]]]
1016	[[[2178.6      985.80005  937.8    ]]]
1017	[[[2181.       985.80005  703.8    ]]]
1018	[[[2178.6      990.60004  936.28   ]]]
1019	[[[2177.4001   985.80005  948.72003]]]
1020	[[[2181.       985.80005  708.56   ]]]
1021	[[[2178.6      985.80005  937.84   ]]]
1022	[[[2176.2002   987.00006  938.32   ]]]
1023	[[[2177.4001   987.00006  938.2    ]]]
1024	[[[2173.8   988.2   935.52]]]
1025	[[[2177.4001  983.4     934.52  ]]]
1026	[[[2176.2002   990.60004  936.16003]]]
1027	[[[2178.6      987.00006  938.8    ]]]
1028	[[[2181.       987.00006  703.8    ]]]
1029	[[[2178.6      987.00006  937.92004]]]
1030	[[[2178.6  988.2  938.8]]]
1031	[[[2178.6      987.00006  938.32   ]]]
1032	[[[2177.4001   985.80005  937.68   ]]]
1033	[[[2173.8      985.80005  935.2    ]]]
1034	[[[2173.8      987.00006  934.72003]]]
1035	[[[2173.8      987.00006  935.12   ]]]
1036	[[[2181.       987.00006  703.52   ]]]
1037	[[[2177.4001   990.60004  935.68   ]]]
1038	[[[2178.6   988.2   938.48]]]
1039	[[[2181.       985.80005  708.6    ]]]
1040	[[[2178.6      990.60004  936.92004]]]
1041	[[[2177.4001  983.4     934.88  ]]]
1042	[[[2177.4001   987.00006  937.32   ]]]
1043	[[[2181.       985.80005  708.84   ]]]
1044	[[[2177.4001   985.80005  937.92004]]]
1045	[[[2177.4001   987.00006  938.48   ]]]
1046	[[[2181.       985.80005  708.84   ]]]
1047	[[[2181.       985.80005  704.24   ]]]
1048	[[[2177.4001   987.00006  938.24   ]]]
1049	[[[2178.6      987.00006  938.68   ]]]
1050	[[[2181.       985.80005  708.76   ]]]
1051	[[[2178.6   988.2   938.08]]]
1052	[[[2178.6      987.00006  938.76   ]]]
1053	[[[2177.4001  988.2     939.08  ]]]
1054	[[[2177.4001  988.2     939.32  ]]]
1055	[[[2178.6      987.00006  938.56   ]]]
1056	[[[2175.       987.00006  934.36   ]]]
1057	[[[2177.4001   987.00006  937.92004]]]
1058	[[[2182.2002  988.2     706.44  ]]]
1059	[[[2177.4001   987.00006  937.92004]]]
1060	[[[2181.       985.80005  708.44   ]]]
1061	[[[2177.4001  988.2     939.24  ]]]
1062	[[[2178.6      987.00006  937.8    ]]]
1063	[[[2178.6      990.60004  936.28   ]]]
1064	[[[2178.6   988.2   938.24]]]
1065	[[[2179.8  988.2  938.4]]]
1066	[[[2178.6   988.2   938.48]]]
1067	[[[2182.2002  989.4     706.52  ]]]
1068	[[[2182.2002   987.00006  708.44   ]]]
1069	[[[2178.6   988.2   938.48]]]
1070	[[[2179.8   989.4   938.64]]]
1071	[[[2177.4001   988.2      938.72003]]]
1072	[[[2178.6      987.00006  937.64   ]]]
1073	[[[2181.       987.00006  709.52   ]]]
1074	[[[2182.2002   987.00006  708.96   ]]]
1075	[[[2178.6   988.2   937.64]]]
1076	[[[2179.8  988.2  938.8]]]
1077	[[[2182.2002   987.00006  704.36   ]]]
1078	[[[2178.6      991.80005  936.2    ]]]
1079	[[[2181.       984.60004  706.8    ]]]
1080	[[[2179.8      988.2      937.80005]]]
1081	[[[2179.8  988.2  939. ]]]
1082	[[[2178.6  988.2  939. ]]]
1083	[[[2182.2002   987.00006  708.88   ]]]
1084	[[[2179.8      988.2      937.92004]]]
1085	[[[2176.2002  988.2     935.2   ]]]
1086	[[[2179.8   988.2   938.48]]]
1087	[[[2182.2002   987.00006  704.16   ]]]
1088	[[[2182.2002   987.00006  708.8    ]]]
1089	[[[2178.6      987.00006  937.88   ]]]
1090	[[[2178.6      987.00006  938.32   ]]]
1091	[[[2179.8   988.2   939.12]]]
1092	[[[2176.2002  988.2     935.2   ]]]
1093	[[[2182.2002   985.80005  703.32   ]]]
1094	[[[2182.2002   987.00006  708.52   ]]]
1095	[[[2178.6      988.2      937.92004]]]
1096	[[[2178.6      987.00006  938.16003]]]
1097	[[[2183.4001   987.00006  703.92   ]]]
1098	[[[2182.2002   990.60004  936.52   ]]]
1099	[[[2181.    988.2   938.84]]]
1100	[[[2178.6   988.2   938.08]]]
1101	[[[2182.2002   987.00006  704.4    ]]]
1102	[[[2179.8      984.60004  935.2    ]]]
1103	[[[2181.    988.2   938.48]]]
1104	[[[2183.4001   987.00006  704.     ]]]
1105	[[[2182.2002  988.2     708.88  ]]]
1106	[[[2183.4001   987.00006  708.48   ]]]
1107	[[[2183.4001   987.00006  703.96   ]]]
1108	[[[2181.   989.4  938.4]]]
1109	[[[2179.8  989.4  938.4]]]
1110	[[[2183.4001  988.2     704.04  ]]]
1111	[[[2179.8   989.4   938.84]]]
1112	[[[2179.8   989.4   939.24]]]
1113	[[[2183.4001  988.2     704.16  ]]]
1114	[[[2178.6      988.2      938.16003]]]
1115	[[[2178.6   988.2   938.48]]]
1116	[[[2179.8  988.2  932.2]]]
1117	[[[2179.8      987.00006  931.96   ]]]
1118	[[[2183.4001   987.00006  704.32   ]]]
1119	[[[2183.4001   987.00006  703.92   ]]]
1120	[[[2179.8   989.4   938.48]]]
1121	[[[2183.4001   987.00006  703.92   ]]]
1122	[[[2184.6   989.4   706.84]]]
1123	[[[2179.8   989.4   938.48]]]
1124	[[[2178.6   988.2   938.56]]]
1125	[[[2179.8      988.2      938.16003]]]
1126	[[[2179.8   989.4   939.08]]]
1127	[[[2179.8   989.4   939.48]]]
1128	[[[2179.8   988.2   931.96]]]
1129	[[[2179.8   989.4   939.32]]]
1130	[[[2184.6  989.4  707.2]]]
1131	[[[2179.8   988.2   932.24]]]
1132	[[[2179.8   988.2   937.84]]]
1133	[[[2176.2002  988.2     934.84  ]]]
1134	[[[2179.8      991.80005  936.2    ]]]
1135	[[[2183.4001  988.2     708.36  ]]]
1136	[[[2183.4001  988.2     708.8   ]]]
1137	[[[2178.6      987.00006  937.48   ]]]
1138	[[[2184.6   989.4   706.68]]]
1139	[[[2178.6      991.80005  935.84   ]]]
1140	[[[2178.6      988.2      938.72003]]]
1141	[[[2179.8      987.00006  949.     ]]]
1142	[[[2183.4001   987.00006  704.44   ]]]
1143	[[[2183.4001   987.00006  708.52   ]]]
1144	[[[2176.2002  988.2     935.4   ]]]
1145	[[[2179.8      987.00006  937.84   ]]]
1146	[[[2178.6      987.00006  938.92004]]]
1147	[[[2179.8   988.2   939.32]]]
1148	[[[2173.8   989.4   943.52]]]
1149	[[[2183.4001  989.4     936.44  ]]]
1150	[[[2179.8      987.00006  937.72003]]]
1151	[[[2177.4001   987.00006  934.76   ]]]
1152	[[[2179.8  988.2  939.4]]]
1153	[[[2179.8      987.00006  939.04004]]]
1154	[[[2183.4001   985.80005  704.4    ]]]
1155	[[[2181.       985.80005  949.32   ]]]
1156	[[[2183.4001   985.80005  704.08   ]]]
1157	[[[2183.4001   985.80005  704.04   ]]]
1158	[[[2182.2002   985.80005  704.52   ]]]
1159	[[[2176.2002   985.80005  935.     ]]]
1160	[[[2182.2002   985.80005  704.6    ]]]
1161	[[[2183.4001   985.80005  704.28   ]]]
1162	[[[2184.6   988.2   706.64]]]
1163	[[[2178.6      985.80005  938.4    ]]]
1164	[[[2178.6      987.00006  938.64   ]]]
1165	[[[2179.8      985.80005  938.08   ]]]
1166	[[[2179.8      987.00006  939.48   ]]]
1167	[[[2178.6      985.80005  938.4    ]]]
1168	[[[2181.       987.00006  938.56   ]]]
1169	[[[2181.       985.80005  938.     ]]]
1170	[[[2181.       987.00006  938.16003]]]
1171	[[[2182.2002   985.80005  938.52   ]]]
1172	[[[2179.8      985.80005  938.4    ]]]
1173	[[[2181.       985.80005  938.4    ]]]
1174	[[[2183.4001  983.4     704.    ]]]
1175	[[[2179.8      984.60004  937.68   ]]]
1176	[[[2181.       981.00006  935.36   ]]]
1177	[[[2184.6      987.00006  706.84   ]]]
1178	[[[2184.6      985.80005  935.36   ]]]
1179	[[[2179.8      984.60004  937.76   ]]]
1180	[[[2183.4001   984.60004  704.44   ]]]
1181	[[[2179.8      985.80005  939.4    ]]]
1182	[[[2183.4001  983.4     708.2   ]]]
1183	[[[2179.8   988.2   935.28]]]
1184	[[[2179.8      984.60004  937.44   ]]]
1185	[[[2179.8      985.80005  938.44   ]]]
1186	[[[2176.2002   984.60004  934.8    ]]]
1187	[[[2183.4001   984.60004  708.64   ]]]
1188	[[[2181.       985.80005  939.08   ]]]
1189	[[[2176.2002   984.60004  934.8    ]]]
1190	[[[2183.4001   984.60004  708.36   ]]]
1191	[[[2179.8      987.00006  939.32   ]]]
1192	[[[2183.4001  983.4     708.28  ]]]
1193	[[[2179.8      985.80005  938.24   ]]]
1194	[[[2184.6      987.00006  706.28   ]]]
1195	[[[2182.2002   985.80005  938.4    ]]]
1196	[[[2182.2002  982.2     707.12  ]]]
1197	[[[2179.8      984.60004  938.     ]]]
1198	[[[2183.4001   984.60004  704.2    ]]]
1199	[[[2176.2002   984.60004  934.28   ]]]
1200	[[[2181.       985.80005  938.4    ]]]
1201	[[[2181.       985.80005  937.96   ]]]
1202	[[[2178.6      985.80005  938.92004]]]
1203	[[[2181.    982.2   935.36]]]
1204	[[[2182.2002   985.80005  938.52   ]]]
1205	[[[2176.2002   985.80005  935.04004]]]
1206	[[[2179.8      984.60004  931.96   ]]]
1207	[[[2179.8      984.60004  938.     ]]]
1208	[[[2183.4001   984.60004  704.08   ]]]
1209	[[[2181.       985.80005  938.76   ]]]
1210	[[[2181.       984.60004  705.68   ]]]
1211	[[[2181.    983.4   706.28]]]
1212	[[[2178.6      985.80005  938.24   ]]]
1213	[[[2179.8      984.60004  938.08   ]]]
1214	[[[2182.2002   984.60004  704.44   ]]]
1215	[[[2183.4001  983.4     704.08  ]]]
1216	[[[2182.2002  988.2     937.    ]]]
1217	[[[2183.4001  983.4     708.28  ]]]
1218	[[[2183.4001  983.4     703.76  ]]]
1219	[[[2181.       985.80005  938.48   ]]]
1220	[[[2182.2002   984.60004  708.68   ]]]
1221	[[[2179.8      985.80005  938.16003]]]
1222	[[[2179.8      985.80005  938.64   ]]]
1223	[[[2183.4001  983.4     704.08  ]]]
1224	[[[2181.       985.80005  938.92004]]]
1225	[[[2183.4001   984.60004  707.96   ]]]
1226	[[[2179.8      984.60004  938.16003]]]
1227	[[[2178.6   983.4   937.96]]]
1228	[[[2176.2002   984.60004  934.76   ]]]
1229	[[[2179.8      983.4      931.80005]]]
1230	[[[2183.4001  983.4     704.    ]]]
1231	[[[2183.4001  983.4     704.24  ]]]
1232	[[[2179.8  983.4  931.8]]]
1233	[[[2179.8      981.00006  935.68   ]]]
1234	[[[2179.8   983.4   938.36]]]
1235	[[[2183.4001  983.4     704.2   ]]]
1236	[[[2178.6      984.60004  939.     ]]]
1237	[[[2179.8  983.4  938. ]]]
1238	[[[2183.4001   987.00006  936.68   ]]]
1239	[[[2183.4001  983.4     704.    ]]]
1240	[[[2179.8      984.60004  938.44   ]]]
1241	[[[2179.8   982.2   931.84]]]
1242	[[[2181.    983.4   932.48]]]
1243	[[[2179.8      984.60004  938.68   ]]]
1244	[[[2178.6      984.60004  939.     ]]]
1245	[[[2181.       984.60004  938.68   ]]]
1246	[[[2179.8  983.4  938. ]]]
1247	[[[2184.6      984.60004  706.88   ]]]
1248	[[[2178.6   983.4   938.24]]]
1249	[[[2176.2002  983.4     935.28  ]]]
1250	[[[2182.2002  982.2     704.36  ]]]
1251	[[[2179.8   982.2   932.44]]]
1252	[[[2183.4001  982.2     704.36  ]]]
1253	[[[2179.8   983.4   938.88]]]
1254	[[[2182.2002   981.00006  703.52   ]]]
1255	[[[2182.2002  982.2     709.48  ]]]
1256	[[[2182.2002   979.80005  707.52   ]]]
1257	[[[2181.    982.2   933.08]]]
1258	[[[2181.    982.2   706.28]]]
1259	[[[2179.8   983.4   939.56]]]
1260	[[[2179.8   983.4   939.28]]]
1261	[[[2181.    982.2   705.76]]]
1262	[[[2183.4001   981.00006  704.52   ]]]
1263	[[[2178.6   982.2   938.64]]]
1264	[[[2184.6   983.4   706.88]]]
1265	[[[2181.    982.2   938.48]]]
1266	[[[2179.8      981.00006  938.48   ]]]
1267	[[[2183.4001   981.00006  704.4    ]]]
1268	[[[2179.8      984.60004  936.08   ]]]
1269	[[[2183.4001   979.80005  708.96   ]]]
1270	[[[2179.8      981.00006  938.48   ]]]
1271	[[[2183.4001   981.00006  708.76   ]]]
1272	[[[2179.8      979.80005  932.56   ]]]
1273	[[[2181.    982.2   939.12]]]
1274	[[[2184.6   982.2   707.04]]]
1275	[[[2184.6      979.80005  709.48   ]]]
1276	[[[2179.8      981.00006  939.04004]]]
1277	[[[2182.2002  977.4     707.56  ]]]
1278	[[[2179.8      979.80005  949.4    ]]]
1279	[[[2179.8      979.80005  938.16003]]]
1280	[[[2176.2002   979.80005  935.52   ]]]
1281	[[[2178.6      979.80005  938.80005]]]
1282	[[[2178.6      979.80005  939.16003]]]
1283	[[[2179.8      979.80005  938.72003]]]
1284	[[[2179.8      981.00006  939.48   ]]]
1285	[[[2183.4001   978.60004  704.32   ]]]
1286	[[[2182.2002   978.60004  705.     ]]]
1287	[[[2178.6      979.80005  938.8    ]]]
1288	[[[2183.4001   978.60004  704.32   ]]]
1289	[[[2179.8      981.00006  939.72003]]]
1290	[[[2181.       979.80005  938.72003]]]
1291	[[[2179.8      978.60004  937.76   ]]]
1292	[[[2178.6      978.60004  938.24   ]]]
1293	[[[2178.6      979.80005  938.56   ]]]
1294	[[[2179.8      981.00006  939.24   ]]]
1295	[[[2178.6      981.00006  939.24   ]]]
1296	[[[2178.6      979.80005  938.92004]]]
1297	[[[2179.8      979.80005  938.16003]]]
1298	[[[2176.2002   979.80005  934.92004]]]
1299	[[[2178.6      979.80005  938.     ]]]
1300	[[[2179.8      981.00006  939.24   ]]]
1301	[[[2178.6      979.80005  938.88   ]]]
1302	[[[2179.8      981.00006  939.     ]]]
1303	[[[2181.       979.80005  939.24   ]]]
1304	[[[2178.6      979.80005  932.48   ]]]
1305	[[[2182.2002   978.60004  704.48   ]]]
1306	[[[2179.8   976.2   935.52]]]
1307	[[[2178.6   983.4   936.08]]]
1308	[[[2182.2002  976.2     706.76  ]]]
1309	[[[2178.6      979.80005  938.24   ]]]
1310	[[[2182.2002   978.60004  704.6    ]]]
1311	[[[2179.8      979.80005  939.16003]]]
1312	[[[2179.8      979.80005  939.16003]]]
1313	[[[2182.2002  977.4     708.48  ]]]
1314	[[[2178.6      978.60004  938.4    ]]]
1315	[[[2178.6      979.80005  938.8    ]]]
1316	[[[2178.6   976.2   939.48]]]
1317	[[[2178.6      978.60004  938.8    ]]]
1318	[[[2177.4001  977.4     938.48  ]]]
1319	[[[2178.6      978.60004  938.48   ]]]
1320	[[[2182.2002  977.4     709.12  ]]]
1321	[[[2182.2002   979.80005  706.84   ]]]
1322	[[[2178.6  977.4  938. ]]]
1323	[[[2178.6   977.4   938.24]]]
1324	[[[2182.2002   979.80005  706.88   ]]]
1325	[[[2177.4001   978.60004  939.     ]]]
1326	[[[2178.6      978.60004  939.     ]]]
1327	[[[2177.4001   978.60004  939.     ]]]
1328	[[[2177.4001   978.60004  938.92004]]]
1329	[[[2176.2002   978.60004  939.24   ]]]
1330	[[[2178.6      979.80005  938.68   ]]]
1331	[[[2178.6   976.2   706.56]]]
1332	[[[2177.4001  977.4     932.4   ]]]
1333	[[[2177.4001  977.4     949.    ]]]
1334	[[[2177.4001   979.80005  940.     ]]]
1335	[[[2178.6      978.60004  938.56   ]]]
1336	[[[2176.2002   978.60004  938.56   ]]]
1337	[[[2177.4001   978.60004  938.48   ]]]
1338	[[[2177.4001   978.60004  937.92004]]]
1339	[[[2181.    977.4   704.36]]]
1340	[[[2177.4001  977.4     937.8   ]]]
1341	[[[2181.    977.4   708.96]]]
1342	[[[2181.    977.4   704.24]]]
1343	[[[2173.8      978.60004  935.52   ]]]
1344	[[[2178.6   982.2   936.44]]]
1345	[[[2178.6  976.2  707. ]]]
1346	[[[2177.4001   975.00006  935.28   ]]]
1347	[[[2177.4001   979.80005  938.92004]]]
1348	[[[2178.6   982.2   936.84]]]
1349	[[[2178.6      979.80005  938.76   ]]]
1350	[[[2177.4001   978.60004  932.6    ]]]
1351	[[[2177.4001   979.80005  939.64   ]]]
1352	[[[2177.4001   979.80005  939.24   ]]]
1353	[[[2176.2002   979.80005  939.32   ]]]
1354	[[[2176.2002   978.60004  937.92004]]]
1355	[[[2177.4001   978.60004  937.92004]]]
1356	[[[2176.2002   978.60004  938.8    ]]]
1357	[[[2178.6      979.80005  938.80005]]]
1358	[[[2176.2002   978.60004  938.24   ]]]
1359	[[[2177.4001   979.80005  939.16003]]]
1360	[[[2179.8      978.60004  709.12   ]]]
1361	[[[2176.2002   978.60004  938.4    ]]]
1362	[[[2177.4001   979.80005  939.16003]]]
1363	[[[2177.4001   978.60004  932.88   ]]]
1364	[[[2179.8      978.60004  709.     ]]]
1365	[[[2176.2002   978.60004  937.6    ]]]
1366	[[[2177.4001   979.80005  938.16003]]]
1367	[[[2177.4001   981.00006  938.88   ]]]
1368	[[[2181.       981.00006  706.64   ]]]
1369	[[[2181.       981.00006  707.04   ]]]
1370	[[[2179.8      978.60004  704.4    ]]]
1371	[[[2176.2002  983.4     936.28  ]]]
1372	[[[2175.       979.80005  938.8    ]]]
1373	[[[2176.2002   979.80005  938.6    ]]]
1374	[[[2176.2002   979.80005  938.24   ]]]
1375	[[[2176.2002   979.80005  937.92004]]]
1376	[[[2176.2002   979.80005  937.84   ]]]
1377	[[[2176.2002   978.60004  937.52   ]]]
1378	[[[2177.4001   981.00006  938.48   ]]]
1379	[[[2176.2002   982.2      939.80005]]]
1380	[[[2177.4001  982.2     938.44  ]]]
1381	[[[2179.8      979.80005  708.96   ]]]
1382	[[[2179.8      978.60004  703.64   ]]]
1383	[[[2176.2002   979.80005  938.24   ]]]
1384	[[[2179.8      979.80005  704.4    ]]]
1385	[[[2176.2002  982.2     939.4   ]]]
1386	[[[2177.4001   984.60004  936.76   ]]]
1387	[[[2177.4001   981.00006  938.56006]]]
1388	[[[2177.4001  982.2     938.4   ]]]
1389	[[[2179.8      981.00006  703.96   ]]]
1390	[[[2176.2002   981.00006  938.28   ]]]
1391	[[[2177.4001   981.00006  938.72003]]]
1392	[[[2179.8      981.00006  704.12   ]]]
1393	[[[2176.2002  982.2     938.88  ]]]
1394	[[[2172.6      981.00006  934.68   ]]]
1395	[[[2178.6      981.00006  709.04   ]]]
1396	[[[2179.8      981.00006  703.96   ]]]
1397	[[[2175.       984.60004  935.32   ]]]
1398	[[[2176.2002  982.2     938.08  ]]]
1399	[[[2179.8      981.00006  704.08   ]]]
1400	[[[2176.2002   982.2      939.16003]]]
1401	[[[2177.4001   982.2      938.16003]]]
1402	[[[2176.2002   982.2      938.72003]]]
1403	[[[2179.8      981.00006  708.76   ]]]
1404	[[[2176.2002   983.4      939.72003]]]
1405	[[[2177.4001  982.2     938.24  ]]]
1406	[[[2177.4001  982.2     938.96  ]]]
1407	[[[2175.   982.2  938.4]]]
1408	[[[2179.8      979.80005  708.52   ]]]
1409	[[[2179.8      981.00006  708.84   ]]]
1410	[[[2176.2002  982.2     938.52  ]]]
1411	[[[2176.2002   982.2      937.92004]]]
1412	[[[2176.2002  982.2     932.2   ]]]
1413	[[[2179.8      981.00006  704.24   ]]]
1414	[[[2179.8      981.00006  704.24   ]]]
1415	[[[2177.4001  983.4     938.32  ]]]
1416	[[[2176.2002  982.2     937.88  ]]]
1417	[[[2179.8      983.4      935.92004]]]
1418	[[[2175.    982.2   938.32]]]
1419	[[[2177.4001   987.00006  936.32   ]]]
1420	[[[2175.    982.2   938.08]]]
1421	[[[2179.8   982.2   708.88]]]
1422	[[[2177.4001  982.2     938.32  ]]]
1423	[[[2179.8      981.00006  704.2    ]]]
1424	[[[2177.4001  983.4     938.32  ]]]
1425	[[[2181.   983.4  936. ]]]
1426	[[[2177.4001  982.2     938.28  ]]]
1427	[[[2177.4001   978.60004  935.68   ]]]
1428	[[[2179.8      981.00006  708.68   ]]]
1429	[[[2177.4001  983.4     938.96  ]]]
1430	[[[2177.4001  982.2     938.32  ]]]
1431	[[[2181.       981.00006  703.92   ]]]
1432	[[[2179.8      978.60004  706.8    ]]]
1433	[[[2181.       981.00006  708.44   ]]]
1434	[[[2177.4001   982.2      937.80005]]]
1435	[[[2181.       981.00006  703.96   ]]]
1436	[[[2176.2002  983.4     939.64  ]]]
1437	[[[2179.8      979.80005  703.48   ]]]
1438	[[[2177.4001   981.00006  932.36   ]]]
1439	[[[2181.    983.4   706.44]]]
1440	[[[2177.4001  982.2     939.28  ]]]
1441	[[[2176.2002  982.2     939.24  ]]]
1442	[[[2177.4001  983.4     938.24  ]]]
1443	[[[2176.2002  982.2     938.24  ]]]
1444	[[[2181.   983.4  706.8]]]
1445	[[[2178.6      985.80005  937.08   ]]]
1446	[[[2176.2002  983.4     939.56  ]]]
1447	[[[2176.2002   981.00006  948.80005]]]
1448	[[[2176.2002  982.2     938.4   ]]]
1449	[[[2176.2002  982.2     938.    ]]]
1450	[[[2177.4001   982.2      938.16003]]]
1451	[[[2177.4001  983.4     938.48  ]]]
1452	[[[2176.2002  982.2     932.2   ]]]
1453	[[[2176.2002   983.4      939.04004]]]
1454	[[[2181.       984.60004  706.72   ]]]
1455	[[[2176.2002  982.2     932.12  ]]]
1456	[[[2179.8  982.2  708.8]]]
1457	[[[2176.2002   984.60004  939.4    ]]]
1458	[[[2177.4001  983.4     938.48  ]]]
1459	[[[2177.4001  983.4     938.64  ]]]
1460	[[[2179.8  982.2  704.2]]]
1461	[[[2179.8   982.2   703.88]]]
1462	[[[2178.6   982.2   709.16]]]
1463	[[[2175.       982.2      937.72003]]]
1464	[[[2175.    982.2   937.48]]]
1465	[[[2175.    983.4   938.64]]]
1466	[[[2179.8      984.60004  706.44   ]]]
1467	[[[2175.    982.2   937.64]]]
1468	[[[2176.2002  983.4     938.4   ]]]
1469	[[[2178.6      981.00006  708.76   ]]]
1470	[[[2175.    983.4   938.96]]]
1471	[[[2173.8      981.00006  937.92004]]]
1472	[[[2178.6      981.00006  704.12   ]]]
1473	[[[2173.8      982.2      938.92004]]]
1474	[[[2172.6   983.4   934.96]]]
1475	[[[2176.2002  982.2     938.64  ]]]
1476	[[[2176.2002   981.00006  938.32   ]]]
1477	[[[2175.       981.00006  937.84   ]]]
1478	[[[2171.4001   981.00006  935.2    ]]]
1479	[[[2175.       982.2      938.56006]]]
1480	[[[2175.       981.00006  948.96   ]]]
1481	[[[2175.       982.2      939.16003]]]
1482	[[[2173.8   982.2   938.64]]]
1483	[[[2176.2002  982.2     938.4   ]]]
1484	[[[2178.6      979.80005  703.72   ]]]
1485	[[[2176.2002  982.2     938.88  ]]]
1486	[[[2173.8      982.2      939.04004]]]
1487	[[[2176.2002   981.00006  938.96   ]]]
1488	[[[2176.2002   982.2      938.16003]]]
1489	[[[2178.6      981.00006  704.2    ]]]
1490	[[[2178.6      979.80005  704.16   ]]]
1491	[[[2171.4001   981.00006  935.08   ]]]
1492	[[[2175.    982.2   938.64]]]
1493	[[[2176.2002  982.2     938.4   ]]]
1494	[[[2178.6      981.00006  708.6    ]]]
1495	[[[2176.2002   982.2      938.72003]]]
1496	[[[2178.6      979.80005  703.64   ]]]
1497	[[[2178.6      979.80005  708.72   ]]]
1498	[[[2175.    982.2   938.84]]]
1499	[[[2178.6      981.00006  703.92   ]]]
1500	[[[2175.       981.00006  932.36   ]]]
1501	[[[2175.       979.80005  932.16003]]]
1502	[[[2175.       981.00006  938.56   ]]]
1503	[[[2176.2002   981.00006  938.64   ]]]
1504	[[[2171.4001   979.80005  935.36   ]]]
1505	[[[2175.    982.2   939.56]]]
1506	[[[2176.2002   981.00006  939.32   ]]]
1507	[[[2176.2002   984.60004  936.92004]]]
1508	[[[2176.2002   981.00006  938.80005]]]
1509	[[[2175.       981.00006  938.6    ]]]
1510	[[[2175.       979.80005  932.4    ]]]
1511	[[[2176.2002   978.60004  706.4    ]]]
1512	[[[2178.6      979.80005  708.84   ]]]
1513	[[[2179.8   982.2   707.08]]]
1514	[[[2176.2002   981.00006  939.08   ]]]
1515	[[[2173.8      979.80005  938.48   ]]]
1516	[[[2173.8      979.80005  938.32   ]]]
1517	[[[2178.6   982.2   706.76]]]
1518	[[[2175.    983.4   936.44]]]
1519	[[[2173.8      979.80005  938.68   ]]]
1520	[[[2173.8      979.80005  938.12   ]]]
1521	[[[2171.4001   979.80005  935.24   ]]]
1522	[[[2175.       979.80005  938.2    ]]]
1523	[[[2171.4001   979.80005  935.2    ]]]
1524	[[[2178.6      978.60004  709.44   ]]]
1525	[[[2173.8      979.80005  939.52   ]]]
1526	[[[2177.4001   978.60004  704.68   ]]]
1527	[[[2176.2002   979.80005  938.96   ]]]
1528	[[[2173.8      979.80005  938.96   ]]]
1529	[[[2176.2002   979.80005  939.52   ]]]
1530	[[[2175.       979.80005  939.4    ]]]
1531	[[[2173.8      978.60004  938.6    ]]]
1532	[[[2175.       979.80005  939.28   ]]]
1533	[[[2175.   977.4  937.6]]]
1534	[[[2175.       978.60004  933.     ]]]
1535	[[[2176.2002   979.80005  939.28   ]]]
1536	[[[2175.   977.4  939.6]]]
1537	[[[2175.       978.60004  938.28   ]]]
1538	[[[2175.       978.60004  938.84   ]]]
1539	[[[2173.8      978.60004  938.28   ]]]
1540	[[[2172.6      978.60004  938.92004]]]
1541	[[[2173.8      978.60004  949.52   ]]]
1542	[[[2173.8      981.00006  939.6    ]]]
1543	[[[2172.6      978.60004  938.04004]]]
1544	[[[2173.8      978.60004  938.16003]]]
1545	[[[2173.8      979.80005  939.92004]]]
1546	[[[2175.       979.80005  938.84   ]]]
1547	[[[2172.6      978.60004  938.76   ]]]
1548	[[[2172.6   982.2   936.12]]]
1549	[[[2176.2002  977.4     708.2   ]]]
1550	[[[2172.6      978.60004  932.56   ]]]
1551	[[[2176.2002  977.4     708.56  ]]]
1552	[[[2176.2002   978.60004  704.68   ]]]
1553	[[[2176.2002   978.60004  708.6    ]]]
1554	[[[2173.8      979.80005  938.68   ]]]
1555	[[[2177.4001   979.80005  706.92   ]]]
1556	[[[2176.2002   979.80005  936.04004]]]
1557	[[[2173.8      978.60004  938.56   ]]]
1558	[[[2177.4001   979.80005  707.28   ]]]
1559	[[[2173.8      978.60004  938.84   ]]]
1560	[[[2176.2002  977.4     704.28  ]]]
1561	[[[2172.6  977.4  933. ]]]
1562	[[[2172.6      978.60004  938.68   ]]]
1563	[[[2170.2002   978.60004  939.28   ]]]
1564	[[[2172.6      975.00006  935.96   ]]]
1565	[[[2172.6      978.60004  938.92004]]]
1566	[[[2172.6      977.4      938.92004]]]
1567	[[[2172.6   982.2   936.64]]]
1568	[[[2171.4001   975.00006  935.92004]]]
1569	[[[2171.4001   978.60004  938.84   ]]]
1570	[[[2170.2002   978.60004  938.84   ]]]
1571	[[[2170.2002  977.4     938.44  ]]]
1572	[[[2175.    977.4   704.48]]]
1573	[[[2175.    977.4   704.48]]]
1574	[[[2171.4001  977.4     932.48  ]]]
1575	[[[2170.2002   978.60004  938.64   ]]]
1576	[[[2170.2002  977.4     938.24  ]]]
1577	[[[2171.4001   978.60004  938.36   ]]]
1578	[[[2175.       978.60004  935.88   ]]]
1579	[[[2173.8   977.4   704.76]]]
1580	[[[2170.2002   978.60004  939.4    ]]]
1581	[[[2176.2002   975.00006  706.36   ]]]
1582	[[[2170.2002  977.4     938.64  ]]]
1583	[[[2166.6   977.4   935.12]]]
1584	[[[2173.8  976.2  708.4]]]
1585	[[[2171.4001   978.60004  938.32   ]]]
1586	[[[2173.8   976.2   708.84]]]
1587	[[[2173.8  977.4  708.8]]]
1588	[[[2170.2002   978.60004  939.     ]]]
1589	[[[2173.8   976.2   708.48]]]
1590	[[[2173.8   976.2   708.84]]]
1591	[[[2171.4001   978.60004  938.28   ]]]
1592	[[[2170.2002  976.2     932.32  ]]]
1593	[[[2171.4001   975.00006  940.     ]]]
1594	[[[2170.2002   978.60004  939.16003]]]
1595	[[[2173.8   977.4   703.92]]]
1596	[[[2170.2002  976.2     937.88  ]]]
1597	[[[2171.4001  976.2     706.36  ]]]
1598	[[[2170.2002  977.4     938.52  ]]]
1599	[[[2170.2002   976.2      932.16003]]]
1600	[[[2171.4001  977.4     938.08  ]]]
1601	[[[2171.4001  977.4     938.2   ]]]
1602	[[[2170.2002  976.2     937.76  ]]]
1603	[[[2171.4001  977.4     938.32  ]]]
1604	[[[2167.8   977.4   935.12]]]
1605	[[[2175.    976.2   708.92]]]
1606	[[[2170.2002  976.2     937.48  ]]]
1607	[[[2171.4001  976.2     705.72  ]]]
1608	[[[2171.4001  977.4     938.76  ]]]
1609	[[[2173.8      975.00006  708.2    ]]]
1610	[[[2171.4001  976.2     937.76  ]]]
1611	[[[2173.8      975.00006  703.6    ]]]
1612	[[[2170.2002  976.2     937.76  ]]]
1613	[[[2170.2002  976.2     938.12  ]]]
1614	[[[2167.8  976.2  934.6]]]
1615	[[[2170.2002  976.2     938.    ]]]
1616	[[[2171.4001  976.2     705.76  ]]]
1617	[[[2171.4001  977.4     939.    ]]]
1618	[[[2170.2002  976.2     931.96  ]]]
1619	[[[2170.2002  976.2     938.    ]]]
1620	[[[2170.2002   972.60004  935.16003]]]
1621	[[[2173.8      978.60004  936.28   ]]]
1622	[[[2173.8   976.2   708.64]]]
1623	[[[2170.2002  976.2     938.    ]]]
1624	[[[2170.2002  976.2     938.    ]]]
1625	[[[2170.2002   975.00006  937.76   ]]]
1626	[[[2171.4001  977.4     938.76  ]]]
1627	[[[2170.2002   976.2      937.92004]]]
1628	[[[2171.4001   979.80005  936.6    ]]]
1629	[[[2170.2002   977.4      938.72003]]]
1630	[[[2173.8   976.2   703.52]]]
1631	[[[2170.2002   975.00006  937.24   ]]]
1632	[[[2173.8      975.00006  703.8    ]]]
1633	[[[2169.       975.00006  938.24   ]]]
1634	[[[2170.2002  977.4     939.24  ]]]
1635	[[[2171.4001   977.4      937.92004]]]
1636	[[[2171.4001   979.80005  936.6    ]]]
1637	[[[2170.2002  977.4     938.76  ]]]
1638	[[[2170.2002  976.2     938.24  ]]]
1639	[[[2169.       979.80005  935.36   ]]]
1640	[[[2169.       976.2      937.92004]]]
1641	[[[2169.    976.2   937.68]]]
1642	[[[2170.2002  977.4     938.76  ]]]
1643	[[[2172.6   976.2   708.68]]]
1644	[[[2170.2002  977.4     938.52  ]]]
1645	[[[2169.   976.2  938.2]]]
1646	[[[2172.6      975.00006  703.28   ]]]
1647	[[[2170.2002  977.4     938.    ]]]
1648	[[[2171.4001  977.4     938.6   ]]]
1649	[[[2170.2002  976.2     937.6   ]]]
1650	[[[2172.6   976.2   703.96]]]
1651	[[[2172.6      972.60004  935.96   ]]]
1652	[[[2170.2002   973.80005  935.4    ]]]
1653	[[[2171.4001  976.2     938.6   ]]]
1654	[[[2170.2002  976.2     931.76  ]]]
1655	[[[2169.    977.4   937.52]]]
1656	[[[2170.2002  976.2     948.52  ]]]
1657	[[[2173.8      978.60004  935.72003]]]
1658	[[[2170.2002  976.2     937.6   ]]]
1659	[[[2173.8   977.4   934.64]]]
1660	[[[2170.2002  977.4     938.28  ]]]
1661	[[[2171.4001  977.4     938.68  ]]]
1662	[[[2170.2002  976.2     931.32  ]]]
1663	[[[2170.2002  977.4     938.28  ]]]
1664	[[[2166.6      977.4      935.04004]]]
1665	[[[2170.2002  977.4     937.2   ]]]
1666	[[[2175.       978.60004  706.56   ]]]
1667	[[[2171.4001   975.00006  939.2    ]]]
1668	[[[2171.4001   978.60004  938.08   ]]]
1669	[[[2173.8      978.60004  935.     ]]]
1670	[[[2170.2002   978.60004  937.76   ]]]
1671	[[[2170.2002   978.60004  938.68   ]]]
1672	[[[2171.4001   981.00006  936.36   ]]]
1673	[[[2170.2002   978.60004  938.44   ]]]
1674	[[[2170.2002   981.00006  935.04004]]]
1675	[[[2173.8  977.4  703.8]]]
1676	[[[2170.2002  977.4     937.68  ]]]
1677	[[[2169.       978.60004  938.08   ]]]
1678	[[[2173.8   977.4   704.08]]]
1679	[[[2170.2002   978.60004  938.6    ]]]
1680	[[[2171.4001   978.60004  938.32   ]]]
1681	[[[2170.2002   978.60004  938.04004]]]
1682	[[[2172.6      978.60004  938.04004]]]
1683	[[[2175.       978.60004  935.08   ]]]
1684	[[[2171.4001   979.80005  938.04004]]]
1685	[[[2171.4001   979.80005  938.28   ]]]
1686	[[[2175.       979.80005  934.96   ]]]
1687	[[[2167.8      978.60004  934.64   ]]]
1688	[[[2175.       979.80005  934.88   ]]]
1689	[[[2171.4001   981.00006  938.2    ]]]
1690	[[[2172.6      979.80005  938.2    ]]]
1691	[[[2171.4001   979.80005  937.12   ]]]
1692	[[[2175.       981.00006  706.08   ]]]
1693	[[[2172.6   983.4   936.44]]]
1694	[[[2170.2002   978.60004  936.88   ]]]
1695	[[[2173.8      978.60004  708.16   ]]]
1696	[[[2175.       978.60004  708.52   ]]]
1697	[[[2171.4001   979.80005  937.84   ]]]
1698	[[[2171.4001  977.4     938.84  ]]]
1699	[[[2172.6      979.80005  937.44   ]]]
1700	[[[2171.4001   981.00006  938.84   ]]]
1701	[[[2167.8      979.80005  934.56   ]]]
1702	[[[2171.4001   978.60004  931.64   ]]]
1703	[[[2171.4001   978.60004  937.     ]]]
1704	[[[2172.6      979.80005  938.     ]]]
1705	[[[2170.2002   979.80005  937.84   ]]]
1706	[[[2172.6      979.80005  938.52   ]
  [1101.      1051.8      938.52   ]]]
1707	[[[2171.4001   979.80005  937.84   ]]]
1708	[[[2172.6      979.80005  937.52   ]]]
1709	[[[2176.2002   979.80005  934.56   ]]]
1710	[[[2173.8  982.2  935.6]]]
1711	[[[2171.4001   978.60004  937.52   ]]]
1712	[[[2172.6      979.80005  937.2    ]]]
1713	[[[2171.4001   978.60004  936.64   ]]]
1714	[[[2172.6      981.00006  938.32   ]]]
1715	[[[2176.2002   979.80005  703.24   ]]]
1716	[[[2172.6      981.00006  938.12   ]]]
1717	[[[2172.6   983.4   935.48]]]
1718	[[[2173.8      981.00006  937.92004]]]
1719	[[[2172.6      984.60004  935.6    ]]]
1720	[[[2176.2002   979.80005  703.4    ]]]
1721	[[[2176.2002   979.80005  708.68   ]]]
1722	[[[2171.4001   979.80005  937.44   ]]]
1723	[[[2176.2002   979.80005  708.52   ]]]
1724	[[[2171.4001   979.80005  937.36   ]]]
1725	[[[2175.    977.4   706.56]]]
1726	[[[2171.4001   979.80005  937.6    ]]]
1727	[[[2172.6      981.00006  937.6    ]]]
1728	[[[2173.8      981.00006  938.08   ]]]
1729	[[[2171.4001   981.00006  938.16003]]]
1730	[[[2173.8      981.00006  938.24   ]]]
1731	[[[2172.6      981.00006  937.92004]]]
1732	[[[2173.8      981.00006  937.92004]]]
1733	[[[2173.8      981.00006  937.92004]]]
1734	[[[2173.8      979.80005  937.76   ]]]
1735	[[[2172.6  983.4  935.6]]]
1736	[[[2171.4001   979.80005  937.32   ]]]
1737	[[[2172.6      982.2      938.92004]]]
1738	[[[2177.4001  977.4     705.56  ]]]
1739	[[[2171.4001   981.00006  938.24   ]]]
1740	[[[2177.4001  982.2     706.04  ]]]
1741	[[[2176.2002   979.80005  703.56   ]]]
1742	[[[2177.4001  982.2     706.    ]]]
1743	[[[2171.4001   979.80005  937.44   ]]]
1744	[[[2176.2002   979.80005  708.08   ]]]
1745	[[[2175.       979.80005  708.64   ]]]
1746	[[[2176.2002   979.80005  703.92   ]]]
1747	[[[2176.2002   978.60004  703.4    ]]]
1748	[[[2173.8      979.80005  938.36   ]]]
1749	[[[2176.2002   979.80005  708.2    ]]]
1750	[[[2173.8      979.80005  938.56   ]]]
1751	[[[2172.6      979.80005  937.24   ]]]
1752	[[[2176.2002   979.80005  703.76   ]]]
1753	[[[2169.       979.80005  934.6    ]]]
1754	[[[2173.8      979.80005  705.6    ]]]
1755	[[[2176.2002   979.80005  708.36   ]]]
1756	[[[2176.2002   979.80005  708.36   ]]]
1757	[[[2175.       981.00006  938.92004]]]
1758	[[[2177.4001  982.2     706.44  ]]]
1759	[[[2177.4001   979.80005  703.88   ]]]
1760	[[[2170.2002   979.80005  934.44   ]]]
1761	[[[2177.4001  982.2     706.6   ]]]
1762	[[[2173.8      979.80005  931.84   ]]]
1763	[[[2177.4001   979.80005  708.92   ]]]
1764	[[[2175.    982.2   937.96]]]
1765	[[[2173.8  982.2  938. ]]]
1766	[[[2172.6      979.80005  937.52   ]]]
1767	[[[2175.       981.00006  937.84   ]]]
1768	[[[2173.8      981.00006  938.44   ]]]
1769	[[[2173.8      981.00006  938.28   ]]]
1770	[[[2173.8      981.00006  937.76   ]]]
1771	[[[2173.8   982.2   938.36]]]
1772	[[[2171.4001   981.00006  938.36   ]]]
1773	[[[2173.8      979.80005  936.72003]]]
1774	[[[2173.8  982.2  938.6]]]
1775	[[[2172.6      979.80005  937.28   ]]]
1776	[[[2172.6      979.80005  937.2    ]]]
1777	[[[2172.6   982.2   938.76]]]
1778	[[[2175.       979.80005  708.84   ]]]
1779	[[[2172.6      981.00006  938.6    ]]]
1780	[[[2172.6      979.80005  937.6    ]]]
1781	[[[2176.2002   979.80005  703.92   ]]]
1782	[[[2172.6   977.4   935.68]]]
1783	[[[2171.4001   979.80005  937.68   ]]]
1784	[[[2172.6      981.00006  938.     ]]]
1785	[[[2175.       979.80005  708.92   ]]]
1786	[[[2173.8      981.00006  937.68   ]]]
1787	[[[2172.6      979.80005  937.76   ]]]
1788	[[[2173.8      979.80005  938.28   ]]]
1789	[[[2171.4001   979.80005  937.64   ]]]
1790	[[[2173.8      981.00006  938.28   ]]]
1791	[[[2171.4001   979.80005  937.96   ]]]
1792	[[[2172.6      979.80005  937.2    ]]]
1793	[[[2169.       979.80005  934.64   ]]]
1794	[[[2173.8  983.4  936.2]]]
1795	[[[2173.8   983.4   935.88]]]
1796	[[[2173.8      979.80005  937.92004]]]
1797	[[[2173.8      979.80005  938.52   ]]]
1798	[[[2172.6      981.00006  937.84   ]]]
1799	[[[2173.8      981.00006  938.04004]]]
1800	[[[2172.6      979.80005  931.88   ]]]
1801	[[[2172.6   982.2   938.68]]]
1802	[[[2173.8      981.00006  938.52   ]]]
1803	[[[2171.4001   981.00006  938.52   ]]]
1804	[[[2176.2002  982.2     935.64  ]]]
1805	[[[2171.4001   979.80005  937.44   ]]]
1806	[[[2172.6      979.80005  931.64   ]]]
1807	[[[2172.6      981.00006  938.24   ]]]
1808	[[[2172.6      979.80005  931.32   ]]]
1809	[[[2172.6      981.00006  938.24   ]]]
1810	[[[2172.6      981.00006  938.32   ]]]
1811	[[[2176.2002   979.80005  707.72   ]]]
1812	[[[2176.2002   979.80005  707.72   ]]]
1813	[[[2171.4001   979.80005  938.     ]]]
1814	[[[2173.8      981.00006  937.92004]]]
1815	[[[2177.4001   981.00006  706.52   ]]]
1816	[[[2172.6      979.80005  938.24   ]]]
1817	[[[2172.6      979.80005  936.92004]]]
1818	[[[2171.4001   979.80005  937.8    ]]]
1819	[[[2171.4001   981.00006  938.16003]]]
1820	[[[2172.6      979.80005  931.88   ]]]
1821	[[[2172.6      981.00006  938.8    ]]]
1822	[[[2171.4001   981.00006  938.68   ]]]
1823	[[[2172.6      978.60004  936.12   ]]]
1824	[[[2172.6  983.4  935.2]]]
1825	[[[2172.6      979.80005  936.92004]]]
1826	[[[2172.6      979.80005  937.     ]]]
1827	[[[2173.8      979.80005  938.     ]]]
1828	[[[2172.6      977.4      936.04004]]]
1829	[[[2172.6      979.80005  938.     ]]]
1830	[[[2172.6      978.60004  931.44   ]]]
1831	[[[2173.8      979.80005  938.12   ]]]
1832	[[[2175.       979.80005  938.76   ]]]
1833	[[[2173.8      979.80005  938.12   ]]]
1834	[[[2172.6      978.60004  937.72003]]]
1835	[[[2175.       979.80005  938.76   ]]]
1836	[[[2173.8      978.60004  931.6    ]]]
1837	[[[2173.8      979.80005  938.2    ]]]
1838	[[[2173.8      979.80005  937.52   ]]]
1839	[[[2173.8   977.4   938.52]]]
1840	[[[2172.6      979.80005  937.84   ]]]
1841	[[[2173.8   982.2   935.56]]]
1842	[[[2172.6      979.80005  937.76   ]]]
1843	[[[2176.2002  982.2     935.32  ]]]
1844	[[[2173.8      978.60004  937.44   ]]]
1845	[[[2173.8      979.80005  937.88   ]]]
1846	[[[2175.       978.60004  708.28   ]]]
1847	[[[2173.8      978.60004  937.2    ]]]
1848	[[[2171.4001   978.60004  936.68   ]]]
1849	[[[2173.8      979.80005  937.6    ]]]
1850	[[[2172.6      978.60004  948.     ]]]
1851	[[[2171.4001   979.80005  937.96   ]]]
1852	[[[2172.6      978.60004  948.04004]]]
1853	[[[2172.6      981.00006  938.36   ]]]
1854	[[[2172.6   977.4   935.88]]]
1855	[[[2172.6      978.60004  931.52   ]]]
1856	[[[2172.6      978.60004  931.36   ]]]
1857	[[[2173.8      979.80005  937.52   ]]]
1858	[[[2176.2002   978.60004  703.44   ]]]
1859	[[[2176.2002   978.60004  703.4    ]]]
1860	[[[2176.2002   978.60004  703.64   ]]]
1861	[[[2169.       979.80005  934.     ]]]
1862	[[[2172.6      978.60004  948.08   ]]]
1863	[[[2176.2002   979.80005  707.72   ]]]
1864	[[[2175.    983.4   936.12]]]
1865	[[[2171.4001   979.80005  937.68   ]]]
1866	[[[2169.       979.80005  934.48   ]]]
1867	[[[2169.       979.80005  934.04004]]]
1868	[[[2173.8      981.00006  938.36   ]]]
1869	[[[2176.2002   981.00006  934.8    ]]]
1870	[[[2173.8      979.80005  937.88   ]]]
1871	[[[2176.2002   978.60004  708.28   ]]]
1872	[[[2171.4001   978.60004  937.32   ]]]
1873	[[[2172.6   976.2   934.88]]]
1874	[[[2172.6      979.80005  937.36   ]]]
1875	[[[2173.8   977.4   706.12]]]
1876	[[[2171.4001   978.60004  937.44   ]]]
1877	[[[2172.6      979.80005  937.88   ]]]
1878	[[[2176.2002   979.80005  934.6    ]]]
1879	[[[2176.2002  977.4     708.24  ]]]
1880	[[[2176.2002  977.4     707.72  ]]]
1881	[[[2172.6      978.60004  931.56   ]]]
1882	[[[2172.6      979.80005  938.24   ]]]
1883	[[[2172.6      979.80005  938.16003]]]
1884	[[[2171.4001   979.80005  938.4    ]]]
1885	[[[2172.6      978.60004  931.64   ]]]
1886	[[[2176.2002   981.00006  706.24   ]]]
1887	[[[2176.2002   978.60004  703.36   ]]]
1888	[[[2176.2002   978.60004  707.96   ]]]
1889	[[[2172.6      979.80005  937.24   ]]]
1890	[[[2172.6      981.00006  938.48   ]]]
1891	[[[2176.2002   981.00006  934.64   ]]]
1892	[[[2175.       978.60004  708.12   ]]]
1893	[[[2171.4001   981.00006  937.92004]]]
1894	[[[2175.       978.60004  703.36   ]]]
1895	[[[2172.6      981.00006  937.68   ]]]
1896	[[[2170.2002   981.00006  938.08   ]]]
1897	[[[2171.4001   981.00006  937.76   ]]]
1898	[[[2170.2002   981.00006  937.68   ]]]
1899	[[[2172.6   977.4   934.84]]]
1900	[[[2175.       979.80005  703.36   ]]]
1901	[[[2172.6      981.00006  938.08   ]]]
1902	[[[2175.       979.80005  708.32   ]]]
1903	[[[2173.8      979.80005  708.2    ]]]
1904	[[[2172.6   982.2   937.24]]]
1905	[[[2171.4001   978.60004  935.6    ]]]
1906	[[[2175.       979.80005  708.08   ]]]
1907	[[[2172.6      981.00006  705.48   ]]]
1908	[[[2173.8      981.00006  708.44   ]]]
1909	[[[2170.2002   981.00006  937.16003]]]
1910	[[[2172.6      982.2      937.92004]]]
1911	[[[2171.4001   981.00006  931.96   ]]]
1912	[[[2171.4001   982.2      938.04004]]]
1913	[[[2175.       981.00006  708.24   ]]]
1914	[[[2175.       979.80005  708.4    ]]]
1915	[[[2175.       981.00006  703.56   ]]]
1916	[[[2170.2002   981.00006  936.84   ]]]
1917	[[[2171.4001   981.00006  937.16003]]]
1918	[[[2175.       979.80005  708.48   ]
  [1074.6001  1171.8      899.4    ]]]
1919	[[[2171.4001  982.2     938.32  ]]]
1920	[[[2172.6   982.2   937.84]]]
1921	[[[2172.6      981.00006  938.44   ]]]
1922	[[[2171.4001   978.60004  935.68   ]]]
1923	[[[2170.2002   981.00006  938.     ]]]
1924	[[[2171.4001   981.00006  937.68   ]]]
1925	[[[2170.2002   981.00006  937.36   ]]]
1926	[[[2173.8      979.80005  708.56   ]]]
1927	[[[2171.4001   982.2      937.92004]]]
1928	[[[2172.6      981.00006  938.32   ]]]
1929	[[[2171.4001  977.4     934.48  ]]]
1930	[[[2171.4001   979.80005  705.44   ]]]
1931	[[[2170.2002   981.00006  938.     ]]]
1932	[[[2171.4001   981.00006  937.92004]]]
1933	[[[2170.2002  982.2     938.    ]]]
1934	[[[2170.2002   979.80005  931.32   ]]]
1935	[[[2170.2002  982.2     938.44  ]]]
1936	[[[2170.2002   981.00006  938.     ]]]
1937	[[[2170.2002   979.80005  931.64   ]]]
1938	[[[2170.2002   981.00006  936.92004]]]
1939	[[[2171.4001  982.2     938.24  ]]]
1940	[[[2173.8   976.2   705.56]]]
1941	[[[2172.6   983.4   935.76]]]
1942	[[[2173.8      979.80005  703.44   ]]]
1943	[[[2170.2002   979.80005  937.48   ]]]
1944	[[[2170.2002   981.00006  937.92004]]]
1945	[[[2170.2002  982.2     938.24  ]]]
1946	[[[2170.2002   981.00006  938.24   ]]]
1947	[[[2170.2002   979.80005  937.48   ]]]
1948	[[[2170.2002   981.00006  938.44   ]]]
1949	[[[2170.2002   981.00006  938.32   ]]]
1950	[[[2169.       979.80005  937.76   ]]]
1951	[[[2171.4001   981.00006  938.44   ]]]
1952	[[[2171.4001   979.80005  938.32   ]]]
1953	[[[2170.2002   981.00006  938.08   ]]]
1954	[[[2173.8      978.60004  703.6    ]]]
1955	[[[2170.2002   979.80005  931.64   ]]]
1956	[[[2169.       979.80005  937.8    ]]]
1957	[[[2169.       979.80005  937.4    ]]]
1958	[[[2169.       979.80005  937.92004]]]
1959	[[[2172.6      978.60004  708.48   ]]]
1960	[[[2173.8      978.60004  708.52   ]]]
1961	[[[2166.6      982.2      936.16003]]]
1962	[[[2172.6      978.60004  708.44   ]]]
1963	[[[2173.8      981.00006  706.28   ]]]
1964	[[[2169.       978.60004  937.28   ]]]
1965	[[[2173.8      981.00006  706.32   ]]]
1966	[[[2170.2002  976.2     934.84  ]]]
1967	[[[2170.2002   979.80005  938.4    ]]]
1968	[[[2172.6      978.60004  703.56   ]]]
1969	[[[2170.2002   975.00006  934.68   ]]]
1970	[[[2170.2002   978.60004  937.4    ]]]
1971	[[[2173.8      979.80005  706.2    ]]]
1972	[[[2167.8      978.60004  937.64   ]]]
1973	[[[2171.4001  977.4     708.88  ]]]
1974	[[[2170.2002   978.60004  937.72003]]]
1975	[[[2172.6   977.4   703.48]]]
1976	[[[2169.       978.60004  938.48   ]]]
1977	[[[2169.    976.2   937.48]]]
1978	[[[2169.       978.60004  938.72003]]]
1979	[[[2169.       977.4      938.04004]]]
1980	[[[2165.4001  976.2     934.76  ]]]
1981	[[[2167.8      976.2      937.16003]]]
1982	[[[2171.4001  976.2     703.96  ]]]
1983	[[[2172.6      975.00006  708.64   ]]]
1984	[[[2171.4001  976.2     708.76  ]]]
1985	[[[2171.4001   975.00006  703.64   ]]]
1986	[[[2171.4001  976.2     703.6   ]]]
1987	[[[2169.       975.00006  706.     ]]]
1988	[[[2167.8  976.2  937.4]]]
1989	[[[2167.8      977.4      938.72003]]]
1990	[[[2169.    977.4   937.96]]]
1991	[[[2167.8   977.4   938.64]]]
1992	[[[2166.6  976.2  938.4]]]
1993	[[[2171.4001   975.00006  708.48   ]]]
1994	[[[2169.    976.2   937.84]]]
1995	[[[2171.4001  976.2     708.08  ]]]
1996	[[[2171.4001   975.00006  704.04   ]]]
1997	[[[2166.6  976.2  938.4]]]
1998	[[[2167.8   976.2   938.08]]]
1999	[[[2167.8      975.00006  931.72003]]]
2000	[[[2166.6   976.2   938.68]]]
2001	[[[2167.8      979.80005  935.68   ]]]
2002	[[[2167.8   977.4   938.64]]]
2003	[[[2167.8      975.00006  937.68   ]]]
2004	[[[2169.    976.2   937.68]]]
2005	[[[2171.4001  976.2     708.32  ]]]
2006	[[[2164.2002  976.2     934.6   ]]]
2007	[[[2169.    976.2   937.24]]]
2008	[[[2171.4001   975.00006  703.8    ]]]
2009	[[[2166.6  976.2  938.4]]]
2010	[[[2167.8   976.2   937.84]]]
2011	[[[2171.4001   977.4      935.04004]]]
2012	[[[2166.6   977.4   938.56]]]
2013	[[[2169.       977.4      937.92004]]]
2014	[[[2167.8   976.2   937.24]]]
2015	[[[2171.4001  977.4     934.96  ]]]
2016	[[[2167.8      975.00006  936.6    ]]]
2017	[[[2171.4001  976.2     703.84  ]]]
2018	[[[2171.4001  976.2     703.92  ]]]
2019	[[[2167.8   977.4   938.24]]]
2020	[[[2172.6      978.60004  706.52   ]]]
2021	[[[2167.8   976.2   931.64]]]
2022	[[[2167.8      981.00006  935.84   ]]]
2023	[[[2170.2002   981.00006  936.52   ]]]
2024	[[[2171.4001   978.60004  935.2    ]]]
2025	[[[2167.8   977.4   931.88]]]
2026	[[[2170.2002   981.00006  936.2    ]]]
2027	[[[2172.6      975.00006  705.56   ]]]
2028	[[[2171.4001   978.60004  935.2    ]]]
2029	[[[2169.       979.80005  937.4    ]]]
2030	[[[2166.6      978.60004  938.72003]]]
2031	[[[2166.6      981.00006  935.52   ]]]
2032	[[[2167.8      982.2      935.16003]]]
2033	[[[2167.8      975.00006  935.08   ]]]
2034	[[[2169.       975.00006  934.6    ]]]
2035	[[[2171.4001  977.4     703.76  ]]]
2036	[[[2167.8      981.00006  939.16003]]]
2037	[[[2167.8   976.2   935.28]]]
2038	[[[2169.       978.60004  937.52   ]]]
2039	[[[2170.2002   978.60004  938.16003]]]
2040	[[[2172.6      981.00006  706.48   ]]]
2041	[[[2169.       979.80005  937.16003]]]
2042	[[[2169.       981.00006  938.32   ]]]
2043	[[[2169.       981.00006  938.16003]]]
2044	[[[2167.8      981.00006  938.6    ]]]
2045	[[[2170.2002   979.80005  938.16003]]]
2046	[[[2169.       981.00006  938.8    ]]]
2047	[[[2169.       979.80005  937.72003]]]
2048	[[[2167.8      978.60004  936.84   ]]]
2049	[[[2172.6      978.60004  707.92   ]]]
2050	[[[2169.    983.4   935.08]]]
2051	[[[2170.2002   981.00006  937.72003]]]
2052	[[[2172.6      979.80005  703.36   ]]]
2053	[[[2169.       979.80005  948.4    ]]]
2054	[[[2170.2002   979.80005  937.4    ]]]
2055	[[[2170.2002   981.00006  937.92004]]]
2056	[[[2171.4001   979.80005  708.72   ]]]
2057	[[[2173.8   982.2   706.28]]]
2058	[[[2170.2002   979.80005  937.24   ]]]
2059	[[[2170.2002   981.00006  937.64   ]]]
2060	[[[2165.4001   979.80005  934.28   ]]]
2061	[[[2170.2002   981.00006  937.92004]]]
2062	[[[2170.2002   981.00006  937.6    ]]]
2063	[[[2172.6      979.80005  703.72   ]]]
2064	[[[2169.       979.80005  937.24   ]]]
2065	[[[2169.       979.80005  931.32   ]]]
2066	[[[2170.2002   978.60004  705.76   ]]]
2067	[[[2173.8  982.2  706. ]]]
2068	[[[2169.    982.2   938.56]]]
2069	[[[2170.2002   981.00006  937.4    ]]]
2070	[[[2170.2002   979.80005  931.72003]]]
2071	[[[2170.2002   981.00006  938.4    ]]]
2072	[[[2169.    977.4   934.52]]]
2073	[[[2173.8   982.2   706.36]]]
2074	[[[2173.8      979.80005  708.4    ]]]
2075	[[[2173.8  982.2  706.4]]]
2076	[[[2170.2002   981.00006  938.08   ]]]
2077	[[[2169.    982.2   937.96]]]
2078	[[[2167.8      984.60004  935.36   ]]]
2079	[[[2172.6      981.00006  708.08   ]]]
2080	[[[2170.2002  982.2     937.64  ]]]
2081	[[[2169.       984.60004  934.84   ]]]
2082	[[[2172.6      979.80005  707.84   ]]]
2083	[[[2169.       979.80005  936.76   ]]]
2084	[[[2173.8  982.2  706. ]]]
2085	[[[2172.6      979.80005  707.88   ]]]
2086	[[[2169.       984.60004  935.48   ]]]
2087	[[[2169.       984.60004  935.     ]]]
2088	[[[2170.2002   981.00006  937.4    ]]]
2089	[[[2172.6      979.80005  703.44   ]]]
2090	[[[2169.   983.4  938.4]]]
2091	[[[2170.2002  982.2     937.48  ]]]
2092	[[[2172.6   982.2   934.44]]]
2093	[[[2169.    977.4   933.68]]]
2094	[[[2169.   983.4  938.4]]]
2095	[[[2169.       981.00006  947.76   ]]]
2096	[[[2170.2002  982.2     938.    ]]]
2097	[[[2170.2002   982.2      937.16003]]]
2098	[[[2172.6      981.00006  703.68   ]]]
2099	[[[2170.2002  983.4     937.48  ]]]
2100	[[[2170.2002   979.80005  705.68   ]]]
2101	[[[2172.6      981.00006  703.6    ]]]
2102	[[[2170.2002   985.80005  935.6    ]]]
2103	[[[2172.6      981.00006  703.68   ]]]
2104	[[[2170.2002   983.4      937.92004]]]
2105	[[[2173.8      981.00006  707.88   ]]]
2106	[[[2169.    983.4   937.32]]]
2107	[[[2169.    983.4   937.68]]]
2108	[[[2166.6      984.60004  935.04004]]]
2109	[[[2173.8      981.00006  707.56   ]]]
2110	[[[2170.2002  982.2     931.08  ]]]
2111	[[[2170.2002   983.4      938.16003]]]
2112	[[[2172.6   982.2   703.72]]]
2113	[[[2171.4001  982.2     937.    ]]]
2114	[[[2171.4001  983.4     937.12  ]]]
2115	[[[2173.8   982.2   708.08]]]
2116	[[[2169.       983.4      937.16003]]]
2117	[[[2173.8   982.2   707.64]]]
2118	[[[2171.4001  982.2     936.84  ]]]
2119	[[[2173.8   983.4   702.64]]]
2120	[[[2170.2002   984.60004  936.92004]]]
2121	[[[2170.2002   984.60004  936.84   ]]]
2122	[[[2169.       984.60004  937.8    ]]]
2123	[[[2171.4001  988.2     935.84  ]]]
2124	[[[2172.6   983.4   703.52]]]
2125	[[[2173.8   983.4   708.08]]]
2126	[[[2173.8   983.4   707.44]]]
2127	[[[2173.8      985.80005  934.28   ]]]
2128	[[[2170.2002   984.60004  930.76   ]]]
2129	[[[2172.6      984.60004  707.68   ]]]
2130	[[[2169.       984.60004  936.08   ]]]
2131	[[[2171.4001   985.80005  937.76   ]]]
2132	[[[2170.2002   981.00006  933.8    ]]]
2133	[[[2172.6   983.4   707.32]]]
2134	[[[2169.       985.80005  936.68   ]]]
2135	[[[2172.6   983.4   707.44]]]
2136	[[[2169.       985.80005  937.12   ]]]
2137	[[[2169.       984.60004  947.48   ]]]
2138	[[[2173.8      987.00006  705.84   ]]]
2139	[[[2169.       984.60004  930.32   ]]]
2140	[[[2170.2002   987.00006  937.36   ]]]
2141	[[[2172.6      984.60004  707.92   ]]]
2142	[[[2169.       985.80005  936.04004]]]
2143	[[[2169.       987.00006  937.32   ]]]
2144	[[[2169.       984.60004  930.08   ]]]
2145	[[[2167.8      987.00006  937.36   ]]]
2146	[[[2172.6      985.80005  703.08   ]]]
2147	[[[2167.8      987.00006  937.56   ]]]
2148	[[[2172.6   988.2   705.56]]]
2149	[[[2172.6      985.80005  707.72   ]]]
2150	[[[2169.       987.00006  936.76   ]]]
2151	[[[2171.4001   985.80005  707.76   ]]]
2152	[[[2172.6      985.80005  707.48   ]]]
2153	[[[2169.       987.00006  936.08   ]]]
2154	[[[2172.6      985.80005  702.68   ]]]
2155	[[[2172.6      987.00006  702.68   ]]]
2156	[[[2167.8      987.00006  936.08   ]]]
2157	[[[2167.8   988.2   937.32]]]
2158	[[[2171.4001   987.00006  702.88   ]]]
2159	[[[2171.4001   987.00006  702.92   ]]]
2160	[[[2167.8  988.2  937. ]]]
2161	[[[2169.    988.2   937.32]]]
2162	[[[2169.    989.4   936.52]]]
2163	[[[2167.8  988.2  936.2]]]
2164	[[[2165.4001  988.2     933.12  ]]]
2165	[[[2169.    988.2   936.44]]]
2166	[[[2171.4001  988.2     707.48  ]]]
2167	[[[2169.    989.4   937.64]]]
2168	[[[2169.       990.60004  937.     ]]]
2169	[[[2167.8   989.4   936.32]]]
2170	[[[2172.6   988.2   707.52]]]
2171	[[[2165.4001  989.4     932.68  ]]]
2172	[[[2171.4001  988.2     707.68  ]]]
2173	[[[2165.4001  989.4     933.12  ]]]
2174	[[[2169.    988.2   705.24]]]
2175	[[[2169.    989.4   936.28]]]
2176	[[[2169.    989.4   936.24]]]
2177	[[[2171.4001  988.2     707.08  ]]]
2178	[[[2167.8  989.4  936.6]]]
2179	[[[2167.8      990.60004  936.6    ]]]
2180	[[[2169.       990.60004  936.52   ]]]
2181	[[[2167.8      990.60004  936.76   ]]]
2182	[[[2171.4001  989.4     707.2   ]]]
2183	[[[2167.8  989.4  936. ]]]
2184	[[[2170.2002   993.00006  935.     ]]]
2185	[[[2167.8  989.4  936. ]]]
2186	[[[2171.4001  988.2     702.72  ]]]
2187	[[[2169.       990.60004  936.64   ]]]
2188	[[[2171.4001   991.80005  934.36   ]]]
2189	[[[2166.6   989.4   936.32]]]
2190	[[[2167.8      987.00006  934.28   ]]]
2191	[[[2169.   989.4  937.2]]]
2192	[[[2169.       993.00006  934.68   ]]]
2193	[[[2166.6   989.4   936.08]]]
2194	[[[2167.8      990.60004  937.08   ]]]
2195	[[[2166.6   989.4   936.32]]]
2196	[[[2171.4001  988.2     707.6   ]]]
2197	[[[2167.8      990.60004  937.     ]]]
2198	[[[2166.6      990.60004  937.     ]]]
2199	[[[2170.2002  988.2     707.32  ]]]
2200	[[[2171.4001   990.60004  705.32   ]]]
2201	[[[2166.6      990.60004  937.64   ]]]
2202	[[[2166.6   989.4   935.76]]]
2203	[[[2170.2002   987.00006  706.68   ]]]
2204	[[[2170.2002  988.2     702.56  ]]]
2205	[[[2171.4001   990.60004  705.12   ]]]
2206	[[[2166.6  989.4  936.6]]]
2207	[[[2166.6   988.2   930.12]]]
2208	[[[2167.8      989.4      936.92004]]]
2209	[[[2166.6      989.4      936.92004]]]
2210	[[[2166.6      988.2      935.92004]]]
2211	[[[2167.8   989.4   935.96]]]
2212	[[[2167.8      990.60004  937.24   ]]]
2213	[[[2170.2002   991.80005  934.96   ]]]
2214	[[[2170.2002   987.00006  706.88   ]]]
2215	[[[2166.6   989.4   936.76]]]
2216	[[[2170.2002   987.00006  706.84   ]]]
2217	[[[2167.8      993.00006  934.6    ]]]
2218	[[[2166.6      988.2      935.92004]]]
2219	[[[2166.6  988.2  935.6]]]
2220	[[[2166.6      988.2      930.04004]]]
2221	[[[2166.6      985.80005  934.28   ]]]
2222	[[[2166.6   989.4   937.24]]]
2223	[[[2169.       984.60004  705.44   ]]]
2224	[[[2166.6   988.2   930.08]]]
2225	[[[2167.8  988.2  936.6]]]
2226	[[[2170.2002   987.00006  707.52   ]]]
2227	[[[2170.2002   987.00006  707.44   ]]]
2228	[[[2166.6      984.60004  933.76   ]]]
2229	[[[2165.4001  988.2     936.08  ]]]
2230	[[[2163.       987.00006  933.12   ]]]
2231	[[[2169.       987.00006  707.44   ]]]
2232	[[[2167.8   988.2   936.64]]]
2233	[[[2170.2002   987.00006  707.08   ]]]
2234	[[[2165.4001   990.60004  934.     ]]]
2235	[[[2167.8  988.2  936.4]]]
2236	[[[2170.2002   985.80005  707.4    ]]]
2237	[[[2166.6      987.00006  935.96   ]]]
2238	[[[2170.2002   987.00006  702.4    ]]]
2239	[[[2171.4001   985.80005  702.72   ]]]
2240	[[[2167.8      987.00006  936.36   ]]]
2241	[[[2167.8      987.00006  936.24   ]]]
2242	[[[2163.       985.80005  932.64   ]]]
2243	[[[2166.6      987.00006  936.36   ]]]
2244	[[[2167.8      984.60004  704.56   ]]]
2245	[[[2170.2002   984.60004  702.08   ]]]
2246	[[[2167.8      987.00006  936.92004]]]
2247	[[[2167.8      985.80005  704.08   ]]]
2248	[[[2170.2002   985.80005  706.76   ]]]
2249	[[[2167.8      985.80005  936.12   ]]]
2250	[[[2170.2002   984.60004  702.28   ]]]
2251	[[[2163.       985.80005  932.68   ]]]
2252	[[[2167.8      987.00006  936.44   ]]]
2253	[[[2165.4001   985.80005  936.12   ]]]
2254	[[[2165.4001  988.2     933.48  ]]]
2255	[[[2170.2002   984.60004  702.36   ]]]
2256	[[[2167.8      985.80005  936.12   ]]]
2257	[[[2165.4001   985.80005  936.04004]]]
2258	[[[2161.8      984.60004  932.4    ]]]
2259	[[[2169.       984.60004  706.76   ]]]
2260	[[[2169.       984.60004  702.24   ]]]
2261	[[[2166.6      987.00006  936.6    ]]]
2262	[[[2169.    983.4   705.96]]]
2263	[[[2166.6      985.80005  936.24   ]]]
2264	[[[2170.2002   984.60004  702.44   ]]]
2265	[[[2160.6  988.2  941.2]]]
2266	[[[2166.6      985.80005  936.6    ]]]
2267	[[[2166.6      985.80005  936.28   ]]]
2268	[[[2169.       984.60004  707.2    ]]]
2269	[[[2167.8   988.2   933.96]]]
2270	[[[2166.6      984.60004  935.84   ]]]
2271	[[[2166.6      985.80005  935.84   ]]]
2272	[[[2169.       984.60004  702.52   ]]]
2273	[[[2165.4001   985.80005  935.76   ]]]
2274	[[[2169.       984.60004  702.16   ]]]
2275	[[[2166.6      985.80005  936.52   ]]]
2276	[[[2166.6      985.80005  936.24   ]]]
2277	[[[2167.8      988.2      934.04004]]]
2278	[[[2169.       984.60004  702.44   ]]]
2279	[[[2165.4001   985.80005  935.76   ]]]
2280	[[[2169.   983.4  702. ]]]
2281	[[[2165.4001   985.80005  936.2    ]]]
2282	[[[2167.8      985.80005  937.2    ]]]
2283	[[[2167.8      984.60004  702.4    ]]]
2284	[[[2167.8      984.60004  706.88   ]]]
2285	[[[2164.2002   985.80005  936.32   ]]]
2286	[[[2169.       984.60004  706.6    ]]]
2287	[[[2165.4001   985.80005  936.24   ]]]
2288	[[[2164.2002   985.80005  935.64   ]]]
2289	[[[2165.4001   985.80005  936.     ]]]
2290	[[[2164.2002   984.60004  935.     ]]]
2291	[[[2166.6      984.60004  936.     ]]]
2292	[[[2165.4001   985.80005  936.24   ]]]
2293	[[[2164.2002   985.80005  935.72003]]]
2294	[[[2164.2002   985.80005  935.16003]]]
2295	[[[2167.8      984.60004  702.48   ]]]
2296	[[[2167.8   983.4   705.84]]]
2297	[[[2164.2002   984.60004  929.28   ]]]
2298	[[[2165.4001   984.60004  946.48   ]]]
2299	[[[2164.2002   984.60004  935.32   ]]]
2300	[[[2163.       985.80005  936.     ]]]
2301	[[[2167.8      984.60004  706.6    ]]]
2302	[[[2164.2002   984.60004  935.68   ]]]
2303	[[[2165.4001  988.2     933.6   ]]]
2304	[[[2164.2002   985.80005  935.44   ]]]
2305	[[[2164.2002   987.00006  936.96   ]]]
2306	[[[2164.2002   984.60004  934.76   ]]]
2307	[[[2163.       984.60004  935.76   ]]]
2308	[[[2165.4001   985.80005  935.76   ]]]
2309	[[[2165.4001   984.60004  935.56006]]]
2310	[[[2167.8   983.4   706.72]]]
2311	[[[2164.2002   985.80005  936.52   ]]]
2312	[[[2165.4001   984.60004  936.12   ]]]
2313	[[[2160.6      984.60004  932.16003]]]
2314	[[[2164.2002   985.80005  936.4    ]]]
2315	[[[2167.8   983.4   702.12]]]
2316	[[[2165.4001   984.60004  936.52   ]]]
2317	[[[2166.6   983.4   706.96]]]
2318	[[[2164.2002  982.2     934.12  ]]]
2319	[[[2163.   983.4  935.6]]]
2320	[[[2166.6   982.2   702.24]]]
2321	[[[2167.8  982.2  706.6]]]
2322	[[[2167.8      984.60004  704.76   ]]]
2323	[[[2164.2002  983.4     936.    ]]]
2324	[[[2167.8   982.2   702.12]]]
2325	[[[2164.2002  983.4     935.76  ]]]
2326	[[[2163.       978.60004  932.04004]]]
2327	[[[2164.2002  983.4     936.    ]]]
2328	[[[2164.2002  983.4     936.48  ]]]
2329	[[[2166.6   982.2   702.44]]]
2330	[[[2167.8  982.2  706.6]]]
2331	[[[2163.       979.80005  933.28   ]]]
2332	[[[2163.    982.2   935.24]]]
2333	[[[2166.6   982.2   706.96]]]
2334	[[[2164.2002   978.60004  932.92004]]]
2335	[[[2163.       982.2      935.92004]]]
2336	[[[2164.2002  982.2     936.32  ]]]
2337	[[[2163.   982.2  936. ]]]
2338	[[[2163.   982.2  936. ]]]
2339	[[[2164.2002  983.4     937.    ]]]
2340	[[[2164.2002   982.2      935.80005]]]
2341	[[[2164.2002  983.4     936.84  ]]]
2342	[[[2163.       981.00006  935.4    ]]]
2343	[[[2164.2002  983.4     936.08  ]]]
2344	[[[2166.6      981.00006  702.44   ]]]
2345	[[[2166.6      981.00006  702.52   ]]]
2346	[[[2163.       982.2      935.92004]]]
2347	[[[2161.8   982.2   935.84]]]
2348	[[[2163.       981.00006  935.68   ]]]
2349	[[[2163.    982.2   936.08]]]
2350	[[[2165.4001   981.00006  707.     ]]]
2351	[[[2166.6      981.00006  702.44   ]]]
2352	[[[2164.2002  982.2     936.2   ]]]
2353	[[[2161.8      981.00006  935.76   ]]]
2354	[[[2165.4001   984.60004  934.36   ]]]
2355	[[[2163.       981.00006  935.56006]]]
2356	[[[2163.       979.80005  935.32   ]]]
2357	[[[2164.2002  982.2     936.    ]]]
2358	[[[2159.4001   981.00006  932.68   ]]]
2359	[[[2163.    982.2   936.32]]]
2360	[[[2161.8      981.00006  935.76   ]]]
2361	[[[2164.2002   984.60004  934.44   ]]]
2362	[[[2163.       982.2      936.92004]]]
2363	[[[2163.   982.2  936.4]]]
2364	[[[2167.8   982.2   933.44]]]
2365	[[[2166.6      981.00006  702.4    ]]]
2366	[[[2164.2002   979.80005  704.52   ]]]
2367	[[[2163.   982.2  937.4]]]
2368	[[[2167.8   982.2   705.32]]]
2369	[[[2164.2002   981.00006  936.32   ]]]
2370	[[[2163.       979.80005  935.92004]]]
2371	[[[2164.2002   981.00006  935.96   ]]]
2372	[[[2163.       981.00006  936.36   ]]]
2373	[[[2163.       981.00006  935.96   ]]]
2374	[[[2163.       979.80005  935.92004]]]
2375	[[[2163.    977.4   933.88]]]
2376	[[[2163.       979.80005  930.08   ]]]
2377	[[[2167.8   982.2   705.48]]]
2378	[[[2164.2002   979.80005  935.72003]]]
2379	[[[2166.6      979.80005  702.36   ]]]
2380	[[[2167.8   982.2   705.48]]]
2381	[[[2164.2002   981.00006  936.6    ]]]
2382	[[[2161.8      979.80005  936.04004]]]
2383	[[[2164.2002   979.80005  936.04004]]]
2384	[[[2166.6      978.60004  706.76   ]]]
2385	[[[2166.6      979.80005  702.36   ]]]
2386	[[[2163.   976.2  933.4]]]
2387	[[[2166.6      979.80005  702.76   ]]]
2388	[[[2165.4001   979.80005  707.76   ]]]
2389	[[[2161.8      981.00006  937.24   ]]]
2390	[[[2166.6      978.60004  707.44   ]]]
2391	[[[2164.2002   979.80005  935.84   ]]]
2392	[[[2166.6      978.60004  707.36   ]]]
2393	[[[2163.       981.00006  937.48   ]]]
2394	[[[2161.8      979.80005  936.84   ]]]
2395	[[[2164.2002   979.80005  936.68   ]]]
2396	[[[2166.6      978.60004  702.6    ]]]
2397	[[[2164.2002  976.2     933.2   ]]]
2398	[[[2164.2002  976.2     933.2   ]]]
2399	[[[2169.       981.00006  705.52   ]]]
2400	[[[2164.2002   981.00006  936.88   ]]]
2401	[[[2164.2002   981.00006  936.92004]]]
2402	[[[2166.6      979.80005  707.48   ]]]
2403	[[[2164.2002   979.80005  936.4    ]]]
2404	[[[2163.       979.80005  936.2    ]]]
2405	[[[2166.6      978.60004  702.6    ]]]
2406	[[[2164.2002  976.2     933.2   ]]]
2407	[[[2163.       979.80005  935.76   ]]]
2408	[[[2164.2002   979.80005  936.08   ]]]
2409	[[[2167.8      978.60004  707.44   ]]]
2410	[[[2164.2002   978.60004  930.24   ]]]
2411	[[[2166.6      978.60004  707.64   ]]]
2412	[[[2167.8      978.60004  707.72   ]]]
2413	[[[2164.2002   978.60004  930.8    ]]]
2414	[[[2165.4001   979.80005  936.64   ]]]
2415	[[[2164.2002   979.80005  937.48   ]]]
2416	[[[2163.    982.2   933.88]]]
2417	[[[2163.       978.60004  936.08   ]]]
2418	[[[2165.4001   978.60004  936.44   ]]]
2419	[[[2167.8      979.80005  933.88   ]]]
2420	[[[2163.       978.60004  936.44   ]]]
2421	[[[2164.2002   979.80005  936.64   ]]]
2422	[[[2164.2002   977.4      935.16003]]]
2423	[[[2164.2002   979.80005  936.68   ]]]
2424	[[[2169.   976.2  704.8]]]
2425	[[[2164.2002   978.60004  930.8    ]]]
2426	[[[2166.6   982.2   935.36]]]
2427	[[[2166.6      978.60004  707.52   ]]]
2428	[[[2165.4001   982.2      934.92004]]]
2429	[[[2164.2002   978.60004  936.76   ]]]
2430	[[[2161.8      981.00006  933.92004]]]
2431	[[[2163.       979.80005  936.92004]]]
2432	[[[2166.6   977.4   702.96]]]
2433	[[[2166.6  977.4  707. ]]]
2434	[[[2165.4001  982.2     935.08  ]]]
2435	[[[2167.8      978.60004  934.08   ]]]
2436	[[[2164.2002   979.80005  936.8    ]]]
2437	[[[2167.8   977.4   707.64]]]
2438	[[[2166.6   977.4   703.24]]]
2439	[[[2167.8   977.4   702.92]]]
2440	[[[2161.8      978.60004  937.4    ]]]
2441	[[[2164.2002   979.80005  937.48   ]]]
2442	[[[2164.2002   978.60004  937.28   ]]]
2443	[[[2164.2002  976.2     705.32  ]]]
2444	[[[2163.       979.80005  937.92004]]]
2445	[[[2164.2002   978.60004  937.     ]]]
2446	[[[2164.2002  982.2     935.44  ]]]
2447	[[[2163.       978.60004  937.6    ]]]
2448	[[[2164.2002   978.60004  937.28   ]]]
2449	[[[2161.8      978.60004  937.36   ]]]
2450	[[[2166.6   977.4   703.24]]]
2451	[[[2164.2002   979.80005  936.84   ]]]
2452	[[[2165.4001   975.00006  706.04   ]]]
2453	[[[2163.       978.60004  937.24   ]]]
2454	[[[2164.2002   979.80005  937.28   ]]]
2455	[[[2163.   977.4  930.8]]]
2456	[[[2164.2002   978.60004  936.84   ]]]
2457	[[[2166.6   976.2   707.36]]]
2458	[[[2163.       978.60004  936.92004]]]
2459	[[[2166.6   976.2   707.44]]]
2460	[[[2164.2002   982.2      935.56006]]]
2461	[[[2159.4001   977.4      933.72003]]]
2462	[[[2159.4001   977.4      933.72003]]]
2463	[[[2163.   977.4  937. ]]]
2464	[[[2163.   977.4  936.4]]]
2465	[[[2166.6   976.2   702.96]]]
2466	[[[2163.       978.60004  938.16003]]]
2467	[[[2163.    977.4   937.08]]]
2468	[[[2163.       978.60004  938.08   ]]]
2469	[[[2161.8   976.2   936.84]]]
2470	[[[2166.6      978.60004  705.8    ]]]
2471	[[[2161.8   976.2   937.08]]]
2472	[[[2163.    976.2   947.64]]]
2473	[[[2166.6  976.2  703.4]]]
2474	[[[2159.4001  977.4     934.08  ]]]
2475	[[[2163.    976.2   937.08]]]
2476	[[[2161.8   977.4   937.32]]]
2477	[[[2166.6      973.80005  706.     ]]]
2478	[[[2164.2002   978.60004  938.48   ]]]
2479	[[[2163.       978.60004  937.48   ]]]
2480	[[[2164.2002  977.4     936.84  ]]]
2481	[[[2169.       978.60004  706.2    ]]]
2482	[[[2163.       978.60004  937.4    ]]]
2483	[[[2166.6   976.2   702.68]]]
2484	[[[2167.8   977.4   703.04]]]
2485	[[[2166.6   977.4   703.92]]]
2486	[[[2165.4001  977.4     937.8   ]]]
2487	[[[2163.       978.60004  937.4    ]]]
2488	[[[2164.2002   978.60004  937.72003]]]
2489	[[[2164.2002   978.60004  936.84   ]]]
2490	[[[2163.       978.60004  936.88   ]]]
2491	[[[2167.8   977.4   707.68]]]
2492	[[[2167.8      979.80005  934.84   ]]]
2493	[[[2169.       979.80005  706.     ]]]
2494	[[[2163.       979.80005  937.68   ]]]
2495	[[[2164.2002   978.60004  937.28   ]]]
2496	[[[2164.2002   979.80005  938.48   ]]]
2497	[[[2167.8      978.60004  703.88   ]
  [1048.2001  1081.8      850.64   ]]]
2498	[[[2165.4001   981.00006  937.84   ]]]
2499	[[[2165.4001   979.80005  937.6    ]]]
2500	[[[2165.4001   981.00006  937.36   ]]]
2501	[[[2167.8      978.60004  703.64   ]]]
2502	[[[2164.2002   981.00006  937.76   ]]]
2503	[[[2164.2002   979.80005  936.92004]]]
2504	[[[2167.8      978.60004  708.04   ]]]
2505	[[[2164.2002   979.80005  937.08   ]]]
2506	[[[2167.8      979.80005  703.64   ]]]
2507	[[[2169.       979.80005  703.44   ]]]
2508	[[[2167.8      979.80005  708.68   ]]]
2509	[[[2169.       979.80005  703.52   ]]]
2510	[[[2169.       979.80005  703.6    ]]]
2511	[[[2169.       979.80005  703.8    ]]]
2512	[[[2165.4001   981.00006  937.92004]]]
2513	[[[2169.    983.4   936.12]]]
2514	[[[2170.2002   979.80005  708.44   ]]]
2515	[[[2169.    977.4   706.52]]]
2516	[[[2169.       979.80005  708.6    ]]]
2517	[[[2166.6      981.00006  936.8    ]]]
2518	[[[2166.6      981.00006  937.08   ]]]
2519	[[[2166.6      981.00006  937.92004]]]
2520	[[[2171.4001  982.2     706.6   ]]]
2521	[[[2166.6      981.00006  937.28   ]]]
2522	[[[2171.4001  982.2     706.12  ]]]
2523	[[[2166.6      981.00006  937.96   ]]]
2524	[[[2167.8      981.00006  937.28   ]]]
2525	[[[2171.4001   979.80005  703.48   ]]]
2526	[[[2166.6      979.80005  937.36   ]]]
2527	[[[2171.4001   979.80005  703.48   ]]]
2528	[[[2167.8      979.80005  931.76   ]]]
2529	[[[2167.8      979.80005  937.12   ]]]
2530	[[[2164.2002   979.80005  934.36   ]]]
2531	[[[2171.4001   979.80005  703.48   ]]]
2532	[[[2167.8      981.00006  938.24   ]]]
2533	[[[2171.4001   979.80005  703.72   ]]]
2534	[[[2171.4001   979.80005  703.76   ]]]
2535	[[[2167.8      981.00006  937.56   ]]]
2536	[[[2169.       981.00006  937.84   ]]]
2537	[[[2170.2002   979.80005  938.24   ]]]
2538	[[[2167.8      979.80005  937.68   ]]]
2539	[[[2171.4001   978.60004  707.92   ]]]
2540	[[[2171.4001   979.80005  708.44   ]]]
2541	[[[2169.       979.80005  931.72003]]]
2542	[[[2169.       979.80005  937.36   ]]]
2543	[[[2172.6      978.60004  703.32   ]]]
2544	[[[2169.       979.80005  931.64   ]]]
2545	[[[2169.       979.80005  937.6    ]]]
2546	[[[2169.       981.00006  937.92004]]]
2547	[[[2169.       979.80005  931.64   ]]]
2548	[[[2169.       979.80005  937.24   ]]]
2549	[[[2169.       981.00006  938.16003]]]
2550	[[[2173.8      981.00006  706.12   ]]]
2551	[[[2169.       979.80005  938.4    ]]]
2552	[[[2167.8      979.80005  938.36   ]]]
2553	[[[2170.2002   979.80005  938.32   ]]]
2554	[[[2170.2002   979.80005  938.32   ]]]
2555	[[[2172.6      978.60004  703.8    ]]]
2556	[[[2170.2002   979.80005  937.28   ]]]
2557	[[[2169.       981.00006  938.88   ]]]
2558	[[[2170.2002   979.80005  937.36   ]]]
2559	[[[2166.6      979.80005  934.8    ]]]
2560	[[[2173.8      979.80005  703.64   ]]]
2561	[[[2171.4001   979.80005  937.2    ]]]
2562	[[[2170.2002   979.80005  931.72003]]]
2563	[[[2171.4001   981.00006  938.76   ]]]
2564	[[[2173.8      979.80005  708.64   ]]]
2565	[[[2171.4001   981.00006  938.76   ]]]
2566	[[[2173.8      979.80005  708.28   ]]]
2567	[[[2173.8      979.80005  708.44   ]]]
2568	[[[2170.2002   979.80005  937.08   ]]]
2569	[[[2171.4001  982.2     938.76  ]]]
2570	[[[2172.6      982.2      938.72003]]]
2571	[[[2173.8      981.00006  938.68   ]]]
2572	[[[2176.2002  982.2     935.2   ]]]
2573	[[[2171.4001   981.00006  937.52   ]]]
2574	[[[2173.8      981.00006  938.76   ]]]
2575	[[[2175.       979.80005  708.48   ]]]
2576	[[[2172.6      981.00006  937.84   ]]]
2577	[[[2171.4001   981.00006  937.88   ]]]
2578	[[[2172.6      981.00006  937.52   ]]]
2579	[[[2173.8      979.80005  937.96   ]]]
2580	[[[2173.8      979.80005  938.     ]]]
2581	[[[2172.6      981.00006  938.6    ]]]
2582	[[[2172.6      979.80005  937.72003]]]
2583	[[[2172.6      979.80005  937.52   ]]]
2584	[[[2172.6      981.00006  938.76   ]]]
2585	[[[2171.4001   979.80005  937.76   ]]]
2586	[[[2175.       981.00006  939.44   ]]]
2587	[[[2172.6      981.00006  938.92004]]]
2588	[[[2176.2002   979.80005  703.96   ]]]
2589	[[[2170.2002   981.00006  934.36   ]]]
2590	[[[2177.4001  982.2     706.84  ]]]
2591	[[[2176.2002   979.80005  703.96   ]]]
2592	[[[2172.6      981.00006  938.76   ]]]
2593	[[[2172.6      981.00006  937.44   ]]]
2594	[[[2176.2002   979.80005  704.     ]]]
2595	[[[2173.8      981.00006  938.     ]]]
2596	[[[2177.4001  982.2     706.92  ]]]
2597	[[[2172.6      982.2      938.92004]]]
2598	[[[2177.4001  982.2     706.88  ]]]
2599	[[[2172.6      981.00006  938.76   ]]]
2600	[[[2175.    982.2   938.32]]]
2601	[[[2172.6      981.00006  938.32   ]]]
2602	[[[2175.       981.00006  938.56   ]]]
2603	[[[2173.8      979.80005  932.32   ]]]
2604	[[[2177.4001   979.80005  703.96   ]]]
2605	[[[2172.6      981.00006  938.68   ]]]
2606	[[[2177.4001   979.80005  704.04   ]]]
2607	[[[2175.    982.2   938.64]]]
2608	[[[2175.       981.00006  938.36   ]]]
2609	[[[2170.2002   979.80005  935.04004]]]
2610	[[[2173.8      981.00006  938.16003]]]
2611	[[[2176.2002   981.00006  938.52   ]
  [1126.2001  1099.8      906.84   ]]]
2612	[[[2175.       984.60004  936.52   ]]]
2613	[[[2176.2002   981.00006  938.44   ]]]
2614	[[[2177.4001   979.80005  708.68   ]]]
2615	[[[2177.4001  977.4     706.88  ]]]
2616	[[[2173.8   982.2   939.48]]]
2617	[[[2173.8      984.60004  936.16003]]]
2618	[[[2173.8      981.00006  938.24   ]]]
2619	[[[2175.       982.2      938.80005]]]
2620	[[[2173.8      981.00006  937.84   ]]]
2621	[[[2175.       981.00006  938.48   ]]]
2622	[[[2177.4001   979.80005  709.04   ]]]
2623	[[[2173.8      981.00006  938.48   ]]]
2624	[[[2175.       984.60004  936.52   ]]]
2625	[[[2173.8      979.80005  937.84   ]]]
2626	[[[2178.6      979.80005  709.28   ]]]
2627	[[[2178.6      979.80005  708.68   ]]]
2628	[[[2173.8      981.00006  938.8    ]]]
2629	[[[2176.2002   981.00006  938.68   ]]]
2630	[[[2173.8   982.2   938.76]]]
2631	[[[2178.6  982.2  936. ]]]
2632	[[[2176.2002   978.60004  707.04   ]]]
2633	[[[2176.2002  982.2     939.32  ]]]
2634	[[[2175.    982.2   939.64]]]
2635	[[[2176.2002   982.2      938.92004]]]
2636	[[[2178.6      981.00006  704.32   ]]]
2637	[[[2175.       981.00006  938.24   ]]]
2638	[[[2175.    982.2   939.08]]]
2639	[[[2178.6      981.00006  704.36   ]]]
2640	[[[2173.8   982.2   939.28]]]
2641	[[[2173.8      981.00006  938.     ]]]
2642	[[[2171.4001  982.2     935.8   ]]]
2643	[[[2178.6      981.00006  704.4    ]]]
2644	[[[2175.    982.2   938.76]]]
2645	[[[2178.6   983.4   706.96]]]
2646	[[[2176.2002  982.2     939.56  ]]]
2647	[[[2176.2002   985.80005  937.36   ]]]
2648	[[[2171.4001   982.2      935.92004]]]
2649	[[[2176.2002   978.60004  935.6    ]]]
2650	[[[2175.       981.00006  938.32   ]]]
2651	[[[2178.6      981.00006  708.96   ]]]
2652	[[[2175.       981.00006  938.36   ]]]
2653	[[[2176.2002  982.2     939.    ]]]
2654	[[[2177.4001  982.2     939.24  ]]]
2655	[[[2175.       981.00006  938.56   ]]]
2656	[[[2176.2002  983.4     939.    ]]]
2657	[[[2179.8   982.2   936.12]]]
2658	[[[2173.8      985.80005  936.76   ]]]
2659	[[[2175.    982.2   938.76]]]
2660	[[[2176.2002  983.4     939.4   ]]]
2661	[[[2179.8      981.00006  704.8    ]]]
2662	[[[2175.    982.2   938.36]]]
2663	[[[2177.4001  982.2     938.8   ]]]
2664	[[[2178.6   982.2   709.56]]]
2665	[[[2179.8   982.2   709.04]]]
2666	[[[2176.2002   982.2      932.72003]]]
2667	[[[2175.    982.2   938.68]]]
2668	[[[2176.2002   984.60004  940.32   ]]]
2669	[[[2175.   983.4  939. ]]]
2670	[[[2176.2002  982.2     949.4   ]]]
2671	[[[2177.4001   982.2      949.72003]]]
2672	[[[2172.6   982.2   935.52]]]
2673	[[[2177.4001  982.2     938.44  ]]]
2674	[[[2179.8   982.2   704.52]]]
2675	[[[2179.8   982.2   704.68]]]
2676	[[[2176.2002   981.00006  938.92004]]]
2677	[[[2176.2002   982.2      938.92004]]]
2678	[[[2177.4001   982.2      932.72003]]]
2679	[[[2177.4001  983.4     939.56  ]]]
2680	[[[2177.4001  983.4     939.32  ]]]
2681	[[[2179.8      978.60004  707.12   ]]]
2682	[[[2176.2002  982.2     939.    ]]]
2683	[[[2177.4001  983.4     939.32  ]]]
2684	[[[2178.6      981.00006  939.     ]]]
2685	[[[2177.4001   981.00006  949.56006]]]
2686	[[[2177.4001  982.2     939.48  ]]]
2687	[[[2178.6      985.80005  937.36   ]]]
2688	[[[2177.4001  983.4     940.    ]]]
2689	[[[2181.       981.00006  704.64   ]]]
2690	[[[2181.       981.00006  709.52   ]]]
2691	[[[2177.4001   981.00006  938.36   ]]]
2692	[[[2181.       981.00006  704.44   ]]]
2693	[[[2177.4001   981.00006  939.     ]]]
2694	[[[2178.6   983.4   939.32]]]
2695	[[[2181.       984.60004  937.36   ]]]
2696	[[[2173.8      981.00006  936.04004]]]
2697	[[[2176.2002  982.2     939.56  ]]]
2698	[[[2181.       981.00006  704.92   ]]]
2699	[[[2178.6   982.2   939.68]]]
2700	[[[2177.4001   982.2      939.80005]]]
2701	[[[2178.6  982.2  939.6]]]
2702	[[[2178.6  982.2  939. ]]]
2703	[[[2178.6      981.00006  933.04004]]]
2704	[[[2181.       981.00006  709.4    ]]]
2705	[[[2177.4001  982.2     940.    ]]]
2706	[[[2181.       981.00006  709.4    ]]]
2707	[[[2179.8      981.00006  939.     ]]]
2708	[[[2178.6      981.00006  949.88   ]]]
2709	[[[2178.6      981.00006  938.44   ]]]
2710	[[[2178.6   982.2   940.32]]]
2711	[[[2179.8   982.2   939.64]]]
2712	[[[2178.6  982.2  940. ]]]
2713	[[[2182.2002   979.80005  709.48   ]]]
2714	[[[2182.2002   981.00006  704.72   ]]]
2715	[[[2182.2002   979.80005  709.08   ]]]
2716	[[[2182.2002   979.80005  709.     ]]]
2717	[[[2179.8   982.2   939.24]]]
2718	[[[2182.2002   981.00006  705.24   ]]]
2719	[[[2176.2002  982.2     936.    ]]]
2720	[[[2182.2002   981.00006  709.44   ]]]
2721	[[[2182.2002   978.60004  707.48   ]]]
2722	[[[2178.6  982.2  939. ]]]
2723	[[[2182.2002   981.00006  710.04   ]]]
2724	[[[2179.8      983.4      939.92004]]]
2725	[[[2178.6   982.2   939.56]]]
2726	[[[2182.2002   981.00006  709.64   ]]]
2727	[[[2184.6   983.4   707.64]]]
2728	[[[2179.8      978.60004  936.36   ]]]
2729	[[[2183.4001   981.00006  704.96   ]]]
2730	[[[2179.8      978.60004  936.6    ]]]
2731	[[[2181.    983.4   939.28]]]
2732	[[[2179.8   982.2   938.84]]]
2733	[[[2179.8   982.2   939.08]]]
2734	[[[2176.2002   981.00006  936.68   ]]]
2735	[[[2183.4001   981.00006  709.24   ]]]
2736	[[[2183.4001   981.00006  704.8    ]]]
2737	[[[2179.8      981.00006  939.     ]]]
2738	[[[2178.6   982.2   940.32]]]
2739	[[[2183.4001   981.00006  704.96   ]]]
2740	[[[2179.8      981.00006  939.     ]]]
2741	[[[2176.2002  983.4     936.8   ]]]
2742	[[[2179.8   982.2   938.88]]]
2743	[[[2181.    982.2   939.56]]]
2744	[[[2177.4001  982.2     936.28  ]]]
2745	[[[2182.2002  982.2     939.88  ]]]
2746	[[[2179.8   982.2   939.88]]]
2747	[[[2184.6  982.2  704.2]]]
2748	[[[2179.8      982.2      939.92004]]]
2749	[[[2181.       982.2      939.16003]]]
2750	[[[2181.    982.2   933.44]]]
2751	[[[2182.2002   983.4      939.72003]]]
2752	[[[2181.    982.2   933.52]]]
2753	[[[2184.6      981.00006  709.6    ]]]
2754	[[[2181.   982.2  933.2]]]
2755	[[[2182.2002   982.2      939.80005]]]
2756	[[[2184.6      981.00006  704.92   ]]]
2757	[[[2182.2002  982.2     939.56  ]]]
2758	[[[2184.6   982.2   709.28]]]
2759	[[[2181.    983.4   939.88]]]
2760	[[[2181.       983.4      939.80005]]]
2761	[[[2182.2002  982.2     939.4   ]]]
2762	[[[2183.4001  982.2     710.12  ]]]
2763	[[[2181.       979.80005  937.12   ]]]
2764	[[[2184.6   982.2   704.88]]]
2765	[[[2183.4001  982.2     709.72  ]]]
2766	[[[2182.2002  983.4     939.8   ]]]
2767	[[[2184.6   982.2   705.28]]]
2768	[[[2181.       979.80005  936.6    ]]]
2769	[[[2182.2002  983.4     939.64  ]]]
2770	[[[2179.8   983.4   939.56]]]
2771	[[[2184.6   982.2   709.92]]]
2772	[[[2181.    983.4   939.32]]]
2773	[[[2184.6   982.2   704.92]]]
2774	[[[2181.   983.4  939. ]]]
2775	[[[2182.2002   984.60004  940.56   ]]]
2776	[[[2184.6   982.2   704.84]]]
2777	[[[2182.2002   984.60004  940.56   ]]]
2778	[[[2184.6      979.80005  707.68   ]]]
2779	[[[2182.2002   984.60004  940.     ]]]
2780	[[[2184.6  982.2  705.2]]]
2781	[[[2179.8  983.4  939.8]]]
2782	[[[2182.2002   983.4      940.16003]]]
2783	[[[2182.2002   984.60004  940.32   ]]]
2784	[[[2181.       984.60004  940.4    ]]]
2785	[[[2182.2002   984.60004  940.08   ]]]
2786	[[[2184.6   982.2   709.28]]]
2787	[[[2185.8      985.80005  707.8    ]]]
2788	[[[2184.6   983.4   709.44]]]
2789	[[[2181.    983.4   933.48]]]
2790	[[[2179.8      984.60004  940.2    ]]]
2791	[[[2182.2002  983.4     933.88  ]]]
2792	[[[2182.2002   984.60004  940.4    ]]]
2793	[[[2184.6  983.4  705.4]]]
2794	[[[2182.2002   984.60004  939.56   ]]]
2795	[[[2184.6   983.4   705.44]]]
2796	[[[2184.6   983.4   704.96]]]
2797	[[[2182.2002   985.80005  939.84   ]]]
2798	[[[2185.8      985.80005  707.52   ]]]
2799	[[[2184.6   983.4   709.96]]]
2800	[[[2182.2002   984.60004  939.08   ]]]
2801	[[[2184.6   983.4   709.88]]]
2802	[[[2184.6      984.60004  709.64   ]]]
2803	[[[2183.4001   988.2      938.16003]]]
2804	[[[2183.4001  988.2     938.32  ]]]
2805	[[[2184.6  983.4  709.6]]]
2806	[[[2187.       985.80005  707.8    ]]]
2807	[[[2185.8      984.60004  709.4    ]]]
2808	[[[2184.6      984.60004  710.2    ]]]
2809	[[[2182.2002   984.60004  933.4    ]]]
2810	[[[2182.2002   985.80005  940.64   ]]]
2811	[[[2182.2002   984.60004  939.16003]]]
2812	[[[2182.2002   985.80005  939.32   ]]]
2813	[[[2182.2002   984.60004  950.4    ]]]
2814	[[[2185.8      984.60004  705.44   ]]]
2815	[[[2181.       985.80005  940.32   ]]]
2816	[[[2185.8      984.60004  705.2    ]]]
2817	[[[2184.6      984.60004  709.96   ]]]
2818	[[[2183.4001   985.80005  939.76   ]]]
2819	[[[2187.       987.00006  707.88   ]]]
2820	[[[2185.8      984.60004  705.24   ]]]
2821	[[[2183.4001   985.80005  940.16003]]]
2822	[[[2181.       985.80005  939.76   ]]]
2823	[[[2183.4001   985.80005  939.96   ]]]
2824	[[[2185.8      984.60004  705.     ]]]
2825	[[[2183.4001   985.80005  940.2    ]]]
2826	[[[2183.4001   987.00006  939.8    ]]]
2827	[[[2182.2002   985.80005  933.64   ]]]
2828	[[[2182.2002  988.2     941.2   ]]]
2829	[[[2182.2002   985.80005  939.68   ]]]
2830	[[[2185.8      985.80005  705.6    ]]]
2831	[[[2182.2002   987.00006  940.08   ]]]
2832	[[[2183.4001   987.00006  940.64   ]]]
2833	[[[2184.6      987.00006  940.24   ]]]
2834	[[[2183.4001  988.2     940.88  ]]]
2835	[[[2183.4001   987.00006  940.72003]]]
2836	[[[2182.2002   985.80005  939.32   ]]]
2837	[[[2183.4001  988.2     940.76  ]]]
2838	[[[2183.4001   985.80005  933.88   ]]]
2839	[[[2183.4001  983.4     937.56  ]]]
2840	[[[2182.2002   987.00006  940.56   ]]]
2841	[[[2182.2002   987.00006  940.56   ]]]
2842	[[[2187.       984.60004  705.12   ]]]
2843	[[[2183.4001   985.80005  934.2    ]]]
2844	[[[2183.4001   987.00006  940.2    ]]]
2845	[[[2187.       984.60004  705.48   ]]]
2846	[[[2184.6      985.80005  939.92004]]]
2847	[[[2185.8      985.80005  710.2    ]]]
2848	[[[2183.4001   985.80005  950.88   ]]]
2849	[[[2184.6      985.80005  934.28   ]]]
2850	[[[2183.4001  983.4     937.24  ]]]
2851	[[[2183.4001   985.80005  939.52   ]]]
2852	[[[2183.4001   987.00006  939.76   ]]]
2853	[[[2183.4001   985.80005  940.     ]]]
2854	[[[2184.6   988.2   940.56]]]
2855	[[[2187.       985.80005  710.08   ]]]
2856	[[[2184.6   983.4   937.28]]]
2857	[[[2184.6      990.60004  937.6    ]]]
2858	[[[2187.       990.60004  938.88   ]]]
2859	[[[2183.4001  988.2     940.88  ]]]
2860	[[[2185.8   988.2   940.48]]]
2861	[[[2184.6      988.2      940.80005]]]
2862	[[[2184.6      985.80005  933.96   ]]]
2863	[[[2188.2002   985.80005  705.48   ]]]
2864	[[[2184.6   988.2   940.64]]]
2865	[[[2184.6   989.4   941.48]]]
2866	[[[2185.8  988.2  940.2]]]
2867	[[[2184.6  988.2  941.2]]]
2868	[[[2188.2002   985.80005  705.64   ]]]
2869	[[[2185.8   988.2   940.56]]]
2870	[[[2185.8      987.00006  939.88   ]]]
2871	[[[2185.8   988.2   941.24]]]
2872	[[[2188.2002   985.80005  709.88   ]]]
2873	[[[2185.8  988.2  940.8]]]
2874	[[[2187.       987.00006  940.56   ]]]
2875	[[[2188.2002   985.80005  709.92   ]
  [1087.8     1183.8      730.56   ]]]
2876	[[[2185.8      987.00006  934.28   ]]]
2877	[[[2188.2002   985.80005  710.12   ]]]
2878	[[[2184.6      987.00006  940.12   ]]]
2879	[[[2185.8      987.00006  940.04004]]]
2880	[[[2185.8      987.00006  940.24   ]]]
2881	[[[2183.4001   990.60004  938.24   ]]]
2882	[[[2185.8  988.2  941.2]]]
2883	[[[2188.2002   985.80005  710.12   ]]]
2884	[[[2185.8  988.2  941.2]]]
2885	[[[2185.8      987.00006  934.28   ]]]
2886	[[[2184.6      990.60004  938.24   ]]]
2887	[[[2189.4001  988.2     937.6   ]]]
2888	[[[2185.8      987.00006  951.12   ]]]
2889	[[[2187.       987.00006  940.80005]]]
2890	[[[2187.       988.2      940.80005]]]
2891	[[[2187.    988.2   940.48]]]
2892	[[[2187.    988.2   940.44]]]
2893	[[[2189.4001   985.80005  710.     ]]]
2894	[[[2182.2002   987.00006  936.72003]]]
2895	[[[2189.4001   985.80005  710.52   ]]]
2896	[[[2184.6      988.2      941.04004]]]
2897	[[[2185.8      984.60004  938.48   ]]]
2898	[[[2188.2002   987.00006  710.24   ]]]
2899	[[[2187.    988.2   940.36]]]
2900	[[[2184.6      988.2      940.80005]]]
2901	[[[2185.8      987.00006  934.2    ]]]
2902	[[[2189.4001   987.00006  705.76   ]]]
2903	[[[2189.4001   987.00006  705.56   ]]]
2904	[[[2185.8      988.2      940.80005]]]
2905	[[[2187.       988.2      941.04004]]]
2906	[[[2189.4001   987.00006  705.76   ]]]
2907	[[[2184.6   988.2   940.56]]]
2908	[[[2185.8      987.00006  951.12   ]]]
2909	[[[2187.    988.2   940.56]]]
2910	[[[2188.2002   987.00006  710.72   ]]]
2911	[[[2184.6   988.2   941.32]]]
2912	[[[2185.8   988.2   940.64]]]
2913	[[[2185.8   988.2   940.96]]]
2914	[[[2187.    988.2   940.56]]]
2915	[[[2182.2002   987.00006  937.16003]]]
2916	[[[2185.8      988.2      940.80005]]]
2917	[[[2187.    988.2   941.36]]]
2918	[[[2187.       987.00006  940.56   ]]]
2919	[[[2185.8   988.2   940.48]]]
2920	[[[2187.       987.00006  940.64   ]]]
2921	[[[2185.8  988.2  940.8]]]
2922	[[[2187.   988.2  941.2]]]
2923	[[[2190.6   988.2   708.16]]]
2924	[[[2184.6      987.00006  940.88   ]]]
2925	[[[2185.8      987.00006  939.8    ]]]
2926	[[[2187.    988.2   941.12]]]
2927	[[[2185.8   988.2   940.64]]]
2928	[[[2182.2002   987.00006  937.6    ]]]
2929	[[[2189.4001   987.00006  710.44   ]]]
2930	[[[2189.4001   985.80005  705.76   ]]]
2931	[[[2185.8   988.2   940.88]]]
2932	[[[2185.8      987.00006  940.24   ]]]
2933	[[[2187.    988.2   940.24]]]
2934	[[[2189.4001   985.80005  705.72   ]]]
2935	[[[2187.    989.4   940.64]]]
2936	[[[2185.8   988.2   939.88]]]
2937	[[[2185.8   988.2   940.88]]]
2938	[[[2189.4001   987.00006  710.32   ]]]
2939	[[[2185.8   988.2   940.88]]]
2940	[[[2187.    988.2   940.36]]]
2941	[[[2182.2002  988.2     937.36  ]]]
2942	[[[2187.   989.4  941.2]]]
2943	[[[2189.4001   984.60004  708.36   ]]]
2944	[[[2187.    988.2   940.24]]]
2945	[[[2187.    988.2   940.56]]]
2946	[[[2187.    988.2   940.88]]]
2947	[[[2187.    989.4   940.48]]]
2948	[[[2185.8      991.80005  938.08   ]]]
2949	[[[2187.       988.2      939.80005]]]
2950	[[[2187.       989.4      941.04004]]]
2951	[[[2185.8   988.2   940.48]]]
2952	[[[2187.    988.2   934.52]]]
2953	[[[2188.2002  989.4     941.36  ]]]
2954	[[[2187.    989.4   941.44]]]
2955	[[[2182.2002  988.2     937.4   ]]]
2956	[[[2185.8      988.2      939.72003]]]
2957	[[[2185.8   988.2   940.12]]]
2958	[[[2185.8   989.4   941.12]]]
2959	[[[2185.8      988.2      940.72003]]]
2960	[[[2187.    988.2   707.72]]]
2961	[[[2187.    988.2   940.88]]]
2962	[[[2187.    989.4   940.88]]]
2963	[[[2187.       988.2      940.16003]]]
2964	[[[2185.8  988.2  934.2]]]
2965	[[[2185.8      990.60004  941.2    ]]]
2966	[[[2185.8   989.4   940.88]]]
2967	[[[2185.8   988.2   951.12]]]
2968	[[[2185.8   988.2   939.88]]]
2969	[[[2189.4001  988.2     710.68  ]]]
2970	[[[2185.8   989.4   941.36]]]
2971	[[[2185.8   989.4   940.32]]]
2972	[[[2187.    989.4   940.96]]]
2973	[[[2189.4001  988.2     706.16  ]]]
2974	[[[2185.8   989.4   940.88]]]
2975	[[[2187.   988.2  707.6]]]
2976	[[[2187.   989.4  941.2]]]
2977	[[[2187.       987.00006  708.6    ]]]
2978	[[[2189.4001   991.80005  938.68   ]]]
2979	[[[2185.8  989.4  940.8]]]
2980	[[[2189.4001   987.00006  709.96   ]]]
2981	[[[2189.4001   991.80005  939.48   ]]]
2982	[[[2187.    988.2   940.24]]]
2983	[[[2185.8   988.2   940.56]]]
2984	[[[2185.8   989.4   941.56]]]
2985	[[[2190.6      987.00006  710.12   ]]]
2986	[[[2191.8  989.4  708.8]]]
2987	[[[2187.    988.2   934.28]]]
2988	[[[2188.2002  988.2     940.8   ]]]
2989	[[[2189.4001   987.00006  710.6    ]]]
2990	[[[2187.    989.4   941.28]]]
2991	[[[2190.6  989.4  708.8]]]
2992	[[[2185.8  988.2  940. ]]]
2993	[[[2185.8   989.4   941.12]]]
2994	[[[2187.       984.60004  937.36   ]]]
2995	[[[2185.8      987.00006  940.32   ]]]
2996	[[[2189.4001   990.60004  938.68   ]]]
2997	[[[2189.4001   987.00006  706.     ]]]
2998	[[[2190.6  989.4  708.4]]]
2999	[[[2189.4001   987.00006  710.56   ]]]
3000	[[[2187.       989.4      940.83997]]]
3001	[[[2185.8   989.4   942.08]]]
3002	[[[2185.8      991.80005  938.2    ]]]
3003	[[[2187.       987.00006  708.08   ]]]
3004	[[[2189.4001   987.00006  710.28   ]]]
3005	[[[2185.8   988.2   940.64]]]
3006	[[[2184.6   988.2   941.32]]]
3007	[[[2189.4001  988.2     710.56  ]]]
3008	[[[2189.4001   987.00006  710.24   ]]]
3009	[[[2189.4001   987.00006  706.     ]]]
3010	[[[2190.6   989.4   708.48]]]
3011	[[[2190.6   989.4   708.48]]]
3012	[[[2184.6   988.2   940.96]]]
3013	[[[2184.6   988.2   940.76]]]
3014	[[[2182.2002  988.2     937.28  ]]]
3015	[[[2184.6  988.2  941.2]]]
3016	[[[2185.8      987.00006  940.32   ]]]
3017	[[[2189.4001  989.4     708.44  ]]]
3018	[[[2188.2002   987.00006  710.64   ]]]
3019	[[[2185.8  988.2  941.2]]]
3020	[[[2185.8   989.4   941.64]]]
3021	[[[2187.       987.00006  941.     ]]]
3022	[[[2185.8   988.2   940.64]]]
3023	[[[2185.8   988.2   941.08]]]
3024	[[[2184.6   988.2   940.88]]]
3025	[[[2189.4001   987.00006  710.8    ]]]
3026	[[[2185.8   988.2   934.88]]]
3027	[[[2189.4001   987.00006  710.56   ]]]
3028	[[[2187.   989.4  941.4]]]
3029	[[[2185.8      984.60004  937.52   ]]]
3030	[[[2185.8      987.00006  934.76   ]]]
3031	[[[2187.       988.2      940.92004]]]
3032	[[[2188.2002   987.00006  710.6    ]]]
3033	[[[2182.2002  988.2     937.68  ]]]
3034	[[[2190.6      984.60004  708.28   ]]]
3035	[[[2187.       988.2      941.16003]]]
3036	[[[2185.8   988.2   941.12]]]
3037	[[[2185.8   989.4   941.64]]]
3038	[[[2185.8      988.2      941.04004]]]
3039	[[[2188.2002   985.80005  709.88   ]]]
3040	[[[2189.4001   987.00006  705.96   ]]]
3041	[[[2185.8   988.2   941.12]]]
3042	[[[2187.       988.2      941.80005]]]
3043	[[[2187.    988.2   941.44]]]
3044	[[[2185.8      987.00006  934.84   ]]]
3045	[[[2185.8   988.2   941.12]]]
3046	[[[2185.8  988.2  941.2]]]
3047	[[[2188.2002   987.00006  710.32   ]]]
3048	[[[2189.4001  988.2     708.68  ]]]
3049	[[[2184.6      987.00006  940.48   ]]]
3050	[[[2187.       990.60004  939.36   ]]]
3051	[[[2188.2002   985.80005  705.96   ]]]
3052	[[[2188.2002   985.80005  706.16   ]]]
3053	[[[2184.6  988.2  942. ]]]
3054	[[[2181.       987.00006  937.84   ]]]
3055	[[[2184.6      985.80005  935.08   ]]]
3056	[[[2184.6   988.2   941.36]]]
3057	[[[2184.6      987.00006  941.04004]]]
3058	[[[2184.6   983.4   937.76]]]
3059	[[[2183.4001  988.2     942.36  ]]]
3060	[[[2184.6      987.00006  941.2    ]]]
3061	[[[2179.8      987.00006  937.92004]]]
3062	[[[2187.       984.60004  706.04   ]]]
3063	[[[2183.4001   987.00006  941.80005]]]
3064	[[[2183.4001   984.60004  934.44   ]]]
3065	[[[2183.4001   985.80005  940.72003]]]
3066	[[[2187.       984.60004  710.56   ]]]
3067	[[[2187.       984.60004  710.56   ]]]
3068	[[[2187.       984.60004  706.32   ]]]
3069	[[[2184.6      985.80005  940.88   ]]]
3070	[[[2183.4001   984.60004  951.52   ]]]
3071	[[[2184.6      985.80005  940.88   ]]]
3072	[[[2183.4001   984.60004  940.2    ]]]
3073	[[[2183.4001   987.00006  942.2    ]]]
3074	[[[2179.8      984.60004  937.92004]]]
3075	[[[2183.4001   984.60004  940.56   ]]]
3076	[[[2183.4001   984.60004  940.72003]]]
3077	[[[2188.2002   985.80005  708.76   ]]]
3078	[[[2182.2002   984.60004  941.32   ]]]
3079	[[[2183.4001  983.4     940.12  ]]]
3080	[[[2188.2002   985.80005  708.84   ]]]
3081	[[[2184.6      985.80005  941.08   ]]]
3082	[[[2184.6   988.2   939.32]]]
3083	[[[2184.6      984.60004  940.64   ]]]
3084	[[[2187.    983.4   710.44]]]
3085	[[[2184.6      984.60004  940.84   ]]]
3086	[[[2187.    982.2   710.16]]]
3087	[[[2185.8  983.4  711. ]]]
3088	[[[2184.6      979.80005  937.52   ]]]
3089	[[[2183.4001   984.60004  942.08   ]]]
3090	[[[2184.6      981.00006  708.2    ]]]
3091	[[[2184.6   983.4   940.84]]]
3092	[[[2183.4001  982.2     934.64  ]]]
3093	[[[2182.2002  982.2     940.24  ]]]
3094	[[[2187.       981.00006  710.48   ]]]
3095	[[[2183.4001   983.4      941.04004]]]
3096	[[[2183.4001   984.60004  941.76   ]]]
3097	[[[2187.    982.2   705.92]]]
3098	[[[2187.    982.2   705.68]]]
3099	[[[2182.2002  983.4     941.52  ]]]
3100	[[[2182.2002  982.2     940.84  ]]]
3101	[[[2183.4001   979.80005  938.     ]]]
3102	[[[2185.8  982.2  710.8]]]
3103	[[[2188.2002   984.60004  708.92   ]]]
3104	[[[2182.2002   984.60004  940.88   ]]]
3105	[[[2185.8   982.2   710.56]]]
3106	[[[2183.4001  983.4     934.28  ]]]
3107	[[[2185.8   983.4   711.04]]]
3108	[[[2184.6      987.00006  938.92004]]]
3109	[[[2183.4001   984.60004  940.88   ]]]
3110	[[[2185.8   983.4   710.56]]]
3111	[[[2185.8   982.2   710.36]]]
3112	[[[2184.6   983.4   940.88]]]
3113	[[[2183.4001  983.4     940.    ]]]
3114	[[[2185.8  983.4  710.4]]]
3115	[[[2183.4001  983.4     939.88  ]]]
3116	[[[2181.    983.4   940.48]]]
3117	[[[2183.4001  983.4     934.48  ]]]
3118	[[[2182.2002   984.60004  941.4    ]]]
3119	[[[2185.8      984.60004  937.2    ]]]
3120	[[[2185.8      979.80005  708.56   ]]]
3121	[[[2187.       984.60004  708.8    ]]]
3122	[[[2185.8  982.2  710.2]]]
3123	[[[2183.4001   987.00006  938.92004]]]
3124	[[[2182.2002   984.60004  941.6    ]]]
3125	[[[2183.4001  983.4     940.4   ]]]
3126	[[[2182.2002  983.4     934.32  ]]]
3127	[[[2183.4001   984.60004  941.16003]]]
3128	[[[2182.2002   984.60004  941.16003]]]
3129	[[[2185.8   982.2   705.96]]]
3130	[[[2182.2002  983.4     939.76  ]]]
3131	[[[2183.4001  983.4     940.52  ]]]
3132	[[[2183.4001  983.4     940.32  ]]]
3133	[[[2185.8   982.2   710.64]]]
3134	[[[2183.4001   983.4      940.72003]]]
3135	[[[2185.8   982.2   705.96]]]
3136	[[[2185.8      985.80005  937.84   ]]]
3137	[[[2182.2002   984.60004  941.04004]]]
3138	[[[2183.4001  983.4     940.52  ]]]
3139	[[[2185.8  983.4  709.8]]]
3140	[[[2181.    983.4   939.84]]]
3141	[[[2184.6  982.2  705.6]]]
3142	[[[2181.   983.4  940.4]]]
3143	[[[2184.6   982.2   710.24]]]
3144	[[[2184.6   982.2   710.72]]]
3145	[[[2182.2002  983.4     940.12  ]]]
3146	[[[2181.    983.4   940.08]]]
3147	[[[2182.2002   984.60004  941.12   ]]]
3148	[[[2181.    983.4   939.96]]]
3149	[[[2182.2002  982.2     933.8   ]]]
3150	[[[2185.8   982.2   709.92]]]
3151	[[[2184.6   982.2   710.08]]]
3152	[[[2182.2002   982.2      933.92004]]]
3153	[[[2181.       983.4      940.16003]]]
3154	[[[2182.2002  982.2     934.56  ]]]
3155	[[[2182.2002   987.00006  938.84   ]]]
3156	[[[2183.4001  983.4     941.56  ]]]
3157	[[[2179.8   983.4   940.48]]]
3158	[[[2181.       984.60004  941.08   ]]]
3159	[[[2184.6   983.4   937.12]]]
3160	[[[2181.       984.60004  940.96   ]]]
3161	[[[2179.8      984.60004  941.4    ]]]
3162	[[[2183.4001  982.2     710.32  ]]]
3163	[[[2181.   982.2  934.2]]]
3164	[[[2179.8   982.2   940.08]]]
3165	[[[2182.2002   983.4      940.92004]]]
3166	[[[2179.8   982.2   939.44]]]
3167	[[[2179.8      979.80005  937.44   ]]]
3168	[[[2183.4001  982.2     710.4   ]]]
3169	[[[2183.4001  982.2     705.56  ]]]
3170	[[[2183.4001  982.2     705.6   ]]]
3171	[[[2179.8   982.2   939.76]]]
3172	[[[2179.8   983.4   940.08]]]
3173	[[[2179.8  983.4  940.4]]]
3174	[[[2179.8   982.2   939.84]]]
3175	[[[2179.8   982.2   934.12]]]
3176	[[[2179.8   983.4   939.84]]]
3177	[[[2181.   982.2  939.6]]]
3178	[[[2178.6      982.2      939.16003]]]
3179	[[[2179.8   983.4   940.52]]]
3180	[[[2178.6   982.2   939.76]]]
3181	[[[2178.6   983.4   939.68]]]
3182	[[[2181.       987.00006  939.16003]]]
3183	[[[2179.8      985.80005  937.52   ]]]
3184	[[[2178.6   982.2   939.52]]]
3185	[[[2182.2002  982.2     705.68  ]]]
3186	[[[2183.4001   984.60004  708.16   ]]]
3187	[[[2182.2002  982.2     705.64  ]]]
3188	[[[2182.2002  982.2     705.6   ]]]
3189	[[[2178.6      984.60004  941.32   ]]]
3190	[[[2179.8      984.60004  940.     ]]]
3191	[[[2178.6      984.60004  940.96   ]]]
3192	[[[2177.4001   985.80005  937.36   ]]]
3193	[[[2177.4001  983.4     940.4   ]]]
3194	[[[2178.6  983.4  933.8]]]
3195	[[[2183.4001   984.60004  708.24   ]]]
3196	[[[2172.6      985.80005  945.24   ]]]
3197	[[[2178.6      983.4      933.72003]]]
3198	[[[2179.8   983.4   939.96]]]
3199	[[[2178.6      982.2      934.04004]]]
3200	[[[2178.6      984.60004  941.08   ]]]
3201	[[[2178.6   982.2   950.56]]]
3202	[[[2178.6   983.4   940.08]]]
3203	[[[2181.   982.2  710.4]]]
3204	[[[2178.6   982.2   934.12]]]
3205	[[[2178.6  982.2  933.8]]]
3206	[[[2178.6   983.4   940.32]]]
3207	[[[2181.    982.2   710.04]]]
3208	[[[2177.4001  982.2     939.96  ]]]
3209	[[[2181.       979.80005  709.12   ]]]
3210	[[[2177.4001   982.2      940.04004]]]
3211	[[[2178.6      978.60004  936.88   ]]]
3212	[[[2175.       981.00006  936.28   ]]]
3213	[[[2177.4001   981.00006  939.36   ]]]
3214	[[[2181.       981.00006  705.68   ]]]
3215	[[[2182.2002  983.4     708.    ]]]
3216	[[[2177.4001  982.2     940.52  ]]]
3217	[[[2178.6      981.00006  706.8    ]]]
3218	[[[2177.4001   981.00006  933.48   ]]]
3219	[[[2181.       984.60004  937.84   ]]]
3220	[[[2178.6      982.2      940.16003]]]
3221	[[[2177.4001  982.2     939.64  ]]]
3222	[[[2177.4001  982.2     939.24  ]]]
3223	[[[2181.       981.00006  705.36   ]]]
3224	[[[2181.       981.00006  705.4    ]]]
3225	[[[2179.8      981.00006  709.92   ]]]
3226	[[[2176.2002  982.2     939.44  ]]]
3227	[[[2181.       981.00006  709.76   ]]]
3228	[[[2178.6   983.4   940.08]]]
3229	[[[2182.2002  983.4     707.6   ]]]
3230	[[[2178.6  982.2  939.4]]]
3231	[[[2177.4001  982.2     939.44  ]]]
3232	[[[2181.    982.2   704.48]]]
3233	[[[2179.8      981.00006  709.08   ]]]
3234	[[[2179.8   982.2   709.96]]]
3235	[[[2179.8      981.00006  709.08   ]]]
3236	[[[2176.2002  983.4     939.76  ]]]
3237	[[[2181.       984.60004  707.32   ]]]
3238	[[[2176.2002  983.4     939.64  ]]]
3239	[[[2172.6  982.2  936.6]]]
3240	[[[2176.2002   982.2      938.80005]]]
3241	[[[2178.6   982.2   709.44]]]
3242	[[[2176.2002   984.60004  940.4    ]]]
3243	[[[2177.4001   987.00006  938.2    ]]]
3244	[[[2179.8   982.2   709.76]]]
3245	[[[2172.6  982.2  935.8]]]
3246	[[[2178.6      981.00006  704.56   ]]]
3247	[[[2176.2002  982.2     933.64  ]]]
3248	[[[2175.   982.2  938.8]]]
3249	[[[2177.4001  983.4     939.64  ]]]
3250	[[[2177.4001  983.4     940.    ]]]
3251	[[[2176.2002  982.2     933.4   ]]]
3252	[[[2175.    982.2   939.24]]]
3253	[[[2179.8      981.00006  709.32   ]]]
3254	[[[2175.   982.2  939. ]]]
3255	[[[2179.8  983.4  937. ]]]
3256	[[[2176.2002  982.2     938.68  ]]]
3257	[[[2176.2002  982.2     939.08  ]]]
3258	[[[2176.2002  982.2     939.24  ]]]
3259	[[[2176.2002   982.2      933.04004]]]
3260	[[[2175.    982.2   938.32]]]
3261	[[[2176.2002  983.4     939.32  ]]]
3262	[[[2175.   983.4  940.2]]]
3263	[[[2176.2002  982.2     939.48  ]]]
3264	[[[2176.2002   983.4      939.16003]]]
3265	[[[2175.       983.4      939.72003]]]
3266	[[[2176.2002  982.2     939.12  ]]]
3267	[[[2171.4001  982.2     935.68  ]]]
3268	[[[2175.       978.60004  936.4    ]]]
3269	[[[2175.    983.4   939.48]]]
3270	[[[2177.4001   981.00006  709.16   ]]]
3271	[[[2175.   982.2  939. ]]]
3272	[[[2177.4001  982.2     709.28  ]]]
3273	[[[2175.       987.00006  937.12   ]]]
3274	[[[2178.6      984.60004  707.     ]]]
3275	[[[2173.8   983.4   940.08]]]
3276	[[[2175.    983.4   939.32]]]
3277	[[[2172.6   983.4   939.88]]]
3278	[[[2173.8      984.60004  939.64   ]]]
3279	[[[2173.8      984.60004  940.32   ]]]
3280	[[[2175.       987.00006  937.52   ]]]
3281	[[[2173.8      983.4      932.72003]]]
3282	[[[2176.2002  983.4     705.28  ]]]
3283	[[[2175.       984.60004  939.48   ]]]
3284	[[[2173.8      985.80005  940.56   ]
  [1014.60004 1051.8      864.     ]]]
3285	[[[2172.6   982.2   938.32]]]
3286	[[[2173.8      985.80005  939.96   ]]]
3287	[[[2175.       984.60004  939.32   ]]]
3288	[[[2175.       984.60004  939.56   ]]]
3289	[[[2173.8      984.60004  938.68   ]]]
3290	[[[2176.2002  983.4     705.16  ]]]
3291	[[[2176.2002  983.4     709.24  ]]]
3292	[[[2175.       984.60004  939.08   ]]]
3293	[[[2173.8      983.4      933.04004]]]
3294	[[[2176.2002  983.4     709.48  ]]]
3295	[[[2170.2002   984.60004  935.8    ]]]
3296	[[[2173.8      984.60004  932.72003]]]
3297	[[[2173.8      985.80005  939.08   ]]]
3298	[[[2177.4001  983.4     704.24  ]]]
3299	[[[2176.2002   984.60004  705.08   ]]]
3300	[[[2173.8      984.60004  938.72003]]]
3301	[[[2173.8      985.80005  939.56   ]]]
3302	[[[2170.2002   984.60004  935.44   ]]]
3303	[[[2172.6      984.60004  939.08   ]]]
3304	[[[2173.8      984.60004  933.04004]]]
3305	[[[2175.       984.60004  706.     ]]]
3306	[[[2173.8      988.2      936.92004]]]
3307	[[[2172.6      985.80005  939.64   ]]]
3308	[[[2173.8      985.80005  939.24   ]]]
3309	[[[2172.6      982.2      935.92004]]]
3310	[[[2173.8      985.80005  939.24   ]]]
3311	[[[2176.2002   984.60004  704.32   ]]]
3312	[[[2172.6      984.60004  937.92004]]]
3313	[[[2176.2002   984.60004  704.12   ]]]
3314	[[[2172.6      985.80005  939.32   ]]]
3315	[[[2173.8      987.00006  938.32   ]]]
3316	[[[2173.8      985.80005  938.68   ]]]
3317	[[[2176.2002  983.4     704.04  ]]]
3318	[[[2172.6      985.80005  939.16003]]]
3319	[[[2176.2002   984.60004  704.36   ]]]
3320	[[[2171.4001  982.2     935.96  ]]]
3321	[[[2172.6      985.80005  939.48   ]]]
3322	[[[2172.6      985.80005  938.8    ]]]
3323	[[[2172.6      984.60004  932.56   ]]]
3324	[[[2176.2002   985.80005  935.6    ]]]
3325	[[[2176.2002  983.4     704.24  ]]]
3326	[[[2172.6      985.80005  938.48   ]]]
3327	[[[2176.2002   985.80005  935.76   ]]]
3328	[[[2176.2002   985.80005  707.28   ]]]
3329	[[[2171.4001   984.60004  932.2    ]]]
3330	[[[2175.    983.4   708.76]]]
3331	[[[2175.    983.4   708.48]]]
3332	[[[2169.       987.00006  936.36   ]]]
3333	[[[2172.6      984.60004  938.     ]]]
3334	[[[2172.6   982.2   936.36]]]
3335	[[[2175.   983.4  708.8]]]
3336	[[[2172.6      981.00006  935.28   ]]]
3337	[[[2171.4001   983.4      937.92004]]]
3338	[[[2171.4001   984.60004  938.24   ]]]
3339	[[[2176.2002   985.80005  706.2    ]]]
3340	[[[2171.4001   983.4      937.72003]]]
3341	[[[2172.6   983.4   931.88]]]
3342	[[[2176.2002  982.2     708.68  ]]]
3343	[[[2173.8      985.80005  938.16003]]]
3344	[[[2172.6      984.60004  938.48   ]]]
3345	[[[2173.8      984.60004  938.4    ]]]
3346	[[[2169.    983.4   934.96]]]
3347	[[[2176.2002  982.2     708.64  ]]]
3348	[[[2170.2002  983.4     934.52  ]]]
3349	[[[2176.2002  982.2     708.6   ]]]
3350	[[[2172.6  983.4  937.6]]]
3351	[[[2173.8      983.4      938.16003]]]
3352	[[[2172.6      984.60004  938.56   ]]]
3353	[[[2173.8      981.00006  706.36   ]]]
3354	[[[2172.6   983.4   938.24]]]
3355	[[[2172.6      984.60004  939.08   ]]]
3356	[[[2176.2002  982.2     704.28  ]]]
3357	[[[2173.8      979.80005  934.92004]]]
3358	[[[2173.8      979.80005  935.28   ]]]
3359	[[[2176.2002  982.2     704.04  ]]]
3360	[[[2170.2002  983.4     934.76  ]]]
3361	[[[2172.6   983.4   938.44]]]
3362	[[[2176.2002  982.2     708.52  ]]]
3363	[[[2172.6      984.60004  939.     ]]]
3364	[[[2170.2002  983.4     934.52  ]]]
3365	[[[2172.6   982.2   937.76]]]
3366	[[[2172.6  982.2  937.8]]]
3367	[[[2175.   983.4  939. ]]]
3368	[[[2173.8  982.2  931.8]]]
3369	[[[2172.6   982.2   937.84]]]
3370	[[[2176.2002  982.2     708.56  ]]]
3371	[[[2173.8   983.4   938.32]]]
3372	[[[2173.8   982.2   932.32]]]
3373	[[[2176.2002  982.2     708.52  ]]]
3374	[[[2172.6      985.80005  935.84   ]]]
3375	[[[2175.       983.4      938.72003]]]
3376	[[[2172.6   983.4   938.68]]]
3377	[[[2177.4001   981.00006  704.12   ]]]
3378	[[[2173.8      981.00006  932.12   ]]]
3379	[[[2173.8   982.2   937.76]]]
3380	[[[2177.4001   981.00006  708.6    ]]]
3381	[[[2178.6   983.4   706.76]]]
3382	[[[2173.8   983.4   939.28]]]
3383	[[[2177.4001   981.00006  704.36   ]]]
3384	[[[2175.       981.00006  932.52   ]]]
3385	[[[2173.8      981.00006  937.56006]]]
3386	[[[2177.4001   981.00006  704.36   ]]]
3387	[[[2172.6      982.2      938.72003]]]
3388	[[[2177.4001   981.00006  704.08   ]]]
3389	[[[2173.8   983.4   938.96]]]
3390	[[[2178.6   983.4   706.44]]]
3391	[[[2173.8      982.2      937.92004]]]
3392	[[[2173.8      978.60004  935.12   ]]]
3393	[[[2172.6      982.2      938.72003]]]
3394	[[[2173.8   982.2   938.84]]]
3395	[[[2178.6   983.4   707.04]]]
3396	[[[2175.    982.2   938.88]]]
3397	[[[2175.       979.80005  939.64   ]]]
3398	[[[2173.8      979.80005  935.72003]]]
3399	[[[2173.8   983.4   939.28]]]
3400	[[[2173.8   982.2   937.88]]]
3401	[[[2172.6      982.2      938.16003]]]
3402	[[[2173.8   982.2   932.12]]]
3403	[[[2177.4001  982.2     708.36  ]]]
3404	[[[2173.8   982.2   948.96]]]
3405	[[[2177.4001   981.00006  703.52   ]]]
3406	[[[2177.4001   981.00006  708.44   ]]]
3407	[[[2173.8      979.80005  935.36   ]]]
3408	[[[2177.4001  982.2     704.16  ]]]
3409	[[[2173.8      982.2      937.92004]]]
3410	[[[2177.4001  982.2     704.44  ]]]
3411	[[[2177.4001  982.2     704.48  ]]]
3412	[[[2173.8   983.4   937.68]]]
3413	[[[2177.4001  982.2     703.92  ]]]
3414	[[[2177.4001  982.2     704.12  ]]]
3415	[[[2173.8      984.60004  938.72003]]]
3416	[[[2178.6   982.2   709.04]]]
3417	[[[2176.2002  983.4     938.4   ]]]
3418	[[[2175.       983.4      937.72003]]]
3419	[[[2175.       984.60004  938.16003]]]
3420	[[[2176.2002   984.60004  938.36   ]]]
3421	[[[2176.2002  983.4     938.8   ]]]
3422	[[[2179.8      984.60004  706.52   ]]]
3423	[[[2175.    982.2   705.76]]]
3424	[[[2177.4001  982.2     708.8   ]]]
3425	[[[2173.8   982.2   937.76]]]
3426	[[[2173.8   982.2   937.32]]]
3427	[[[2175.    983.4   938.32]]]
3428	[[[2175.       983.4      938.16003]]]
3429	[[[2176.2002   987.00006  936.48   ]]]
3430	[[[2177.4001   981.00006  703.24   ]]]
3431	[[[2178.6   982.2   704.12]]]
3432	[[[2173.8   982.2   937.32]]]
3433	[[[2176.2002   984.60004  938.96   ]]]
3434	[[[2176.2002   985.80005  937.96   ]]]
3435	[[[2176.2002   985.80005  938.32   ]]]
3436	[[[2173.8   983.4   937.64]]]
3437	[[[2178.6   983.4   708.36]]]
3438	[[[2177.4001  983.4     708.8   ]]]
3439	[[[2176.2002   984.60004  937.8    ]]]
3440	[[[2173.8      984.60004  938.16003]]]
3441	[[[2178.6      985.80005  706.4    ]]]
3442	[[[2179.8      985.80005  706.76   ]]]
3443	[[[2176.2002   985.80005  937.92004]]]
3444	[[[2175.       984.60004  937.48   ]]]
3445	[[[2176.2002   981.00006  935.16003]]]
3446	[[[2176.2002   985.80005  938.4    ]]]
3447	[[[2176.2002   988.2      936.16003]]]
3448	[[[2175.       985.80005  938.24   ]]]
3449	[[[2178.6   983.4   708.12]]]
3450	[[[2179.8  983.4  704. ]]]
3451	[[[2176.2002   985.80005  938.76   ]]]
3452	[[[2176.2002   988.2      936.04004]]]
3453	[[[2179.8  983.4  708.6]]]
3454	[[[2178.6      984.60004  708.56   ]]]
3455	[[[2175.       985.80005  938.92004]]]
3456	[[[2177.4001  988.2     936.28  ]]]
3457	[[[2179.8      984.60004  708.     ]]]
3458	[[[2176.2002   985.80005  938.6    ]]]
3459	[[[2172.6      984.60004  934.6    ]]]
3460	[[[2175.       985.80005  938.     ]]]
3461	[[[2177.4001   985.80005  938.     ]]]
3462	[[[2176.2002   987.00006  938.92004]]]
3463	[[[2176.2002   982.2      935.04004]]]
3464	[[[2177.4001   985.80005  937.84   ]]]
3465	[[[2177.4001   985.80005  937.84   ]]]
3466	[[[2179.8      984.60004  708.68   ]]]
3467	[[[2176.2002   984.60004  937.16003]]]
3468	[[[2176.2002   987.00006  938.84   ]]]
3469	[[[2179.8      984.60004  703.64   ]]]
3470	[[[2176.2002   985.80005  931.56   ]]]
3471	[[[2181.       987.00006  706.16   ]]]
3472	[[[2178.6      985.80005  703.8    ]]]
3473	[[[2176.2002   985.80005  931.64   ]]]
3474	[[[2176.2002   985.80005  937.56   ]]]
3475	[[[2179.8      984.60004  703.72   ]]]
3476	[[[2176.2002   985.80005  937.56   ]]]
3477	[[[2178.6   989.4   935.84]]]
3478	[[[2176.2002   987.00006  938.48   ]]]
3479	[[[2176.2002   985.80005  931.56   ]]]
3480	[[[2176.2002   985.80005  948.36   ]]]
3481	[[[2176.2002   985.80005  705.76   ]]]
3482	[[[2175.       987.00006  937.92004]]]
3483	[[[2179.8      984.60004  703.68   ]]]
3484	[[[2178.6      985.80005  703.76   ]]]
3485	[[[2176.2002  983.4     935.08  ]]]
3486	[[[2176.2002  988.2     938.4   ]]]
3487	[[[2178.6      985.80005  708.2    ]]]
3488	[[[2175.       985.80005  936.76   ]]]
3489	[[[2178.6   989.4   936.08]]]
3490	[[[2176.2002   987.00006  937.72003]]]
3491	[[[2178.6      985.80005  707.92   ]]]
3492	[[[2179.8      985.80005  707.92   ]]]
3493	[[[2179.8      985.80005  703.2    ]]]
3494	[[[2179.8      985.80005  703.2    ]]]
3495	[[[2177.4001  988.2     937.32  ]]]
3496	[[[2178.6      985.80005  703.68   ]]]
3497	[[[2178.6      985.80005  703.8    ]]]
3498	[[[2175.    988.2   938.48]]]
3499	[[[2178.6      985.80005  707.84   ]]]
3500	[[[2178.6  989.4  935.4]]]
3501	[[[2176.2002  988.2     937.4   ]]]
3502	[[[2178.6      987.00006  708.28   ]]]
3503	[[[2176.2002   988.2      938.16003]]]
3504	[[[2175.    988.2   937.64]]]
3505	[[[2173.8   988.2   937.88]]]
3506	[[[2178.6      987.00006  707.84   ]]]
3507	[[[2175.    988.2   937.24]]]
3508	[[[2175.    988.2   937.96]]]
3509	[[[2175.       990.60004  935.32   ]]]
3510	[[[2178.6      987.00006  708.04   ]]]
3511	[[[2176.2002   988.2      937.16003]]]
3512	[[[2175.   988.2  937.2]]]
3513	[[[2176.2002   987.00006  937.56006]]]
3514	[[[2178.6      985.80005  703.36   ]]]
3515	[[[2173.8  988.2  938. ]]]
3516	[[[2178.6      987.00006  707.88   ]]]
3517	[[[2178.6      987.00006  703.64   ]]]
3518	[[[2178.6      985.80005  707.32   ]]]
3519	[[[2176.2002   988.2      938.16003]]]
3520	[[[2178.6      985.80005  707.52   ]]]
3521	[[[2176.2002   987.00006  936.56006]]]
3522	[[[2178.6      987.00006  703.64   ]]]
3523	[[[2179.8      985.80005  708.44   ]]]
3524	[[[2178.6      987.00006  708.2    ]]]
3525	[[[2176.2002   987.00006  931.04004]]]
3526	[[[2176.2002  988.2     937.88  ]]]
3527	[[[2176.2002   987.00006  931.16003]]]
3528	[[[2177.4001  988.2     938.08  ]]]
3529	[[[2179.8      985.80005  703.12   ]]]
3530	[[[2179.8      985.80005  708.24   ]]]
3531	[[[2176.2002   987.00006  931.28   ]]]
3532	[[[2179.8      985.80005  703.16   ]]]
3533	[[[2179.8      985.80005  703.2    ]]]
3534	[[[2179.8      985.80005  708.08   ]]]
3535	[[[2178.6      985.80005  703.56   ]]]
3536	[[[2176.2002  988.2     937.48  ]]]
3537	[[[2175.       985.80005  937.28   ]]]
3538	[[[2175.       985.80005  936.76   ]]]
3539	[[[2171.4001   987.00006  934.12   ]]]
3540	[[[2175.    988.2   938.24]]]
3541	[[[2175.       987.00006  936.84   ]]]
3542	[[[2178.6      985.80005  703.6    ]
  [1039.8     1273.8      706.48   ]]]
3543	[[[2178.6  988.2  935. ]]]
3544	[[[2175.       990.60004  934.84   ]]]
3545	[[[2176.2002  988.2     937.32  ]]]
3546	[[[2176.2002   988.2      937.56006]]]
3547	[[[2176.2002   987.00006  937.64   ]]]
3548	[[[2175.       987.00006  931.68   ]]]
3549	[[[2175.       987.00006  948.12   ]]]
3550	[[[2175.       987.00006  937.32   ]]]
3551	[[[2175.       987.00006  937.     ]]]
3552	[[[2175.       987.00006  948.12   ]]]
3553	[[[2175.    988.2   938.08]]]
3554	[[[2175.       987.00006  937.     ]]]
3555	[[[2177.4001   985.80005  703.72   ]]]
3556	[[[2177.4001   985.80005  707.8    ]]]
3557	[[[2175.    988.2   938.12]]]
3558	[[[2178.6      987.00006  707.6    ]]]
3559	[[[2173.8      987.00006  937.56006]]]
3560	[[[2177.4001   985.80005  703.76   ]]]
3561	[[[2173.8      985.80005  937.32   ]]]
3562	[[[2175.       987.00006  937.64   ]]]
3563	[[[2176.2002   988.2      937.72003]]]
3564	[[[2178.6      985.80005  708.16   ]]]
3565	[[[2177.4001   989.4      936.16003]]]
3566	[[[2175.       985.80005  931.72003]]]
3567	[[[2176.2002   987.00006  938.48   ]]]
3568	[[[2175.       987.00006  938.08   ]]]
3569	[[[2176.2002   985.80005  937.64   ]]]
3570	[[[2175.       985.80005  948.28   ]]]
3571	[[[2178.6      984.60004  703.24   ]]]
3572	[[[2175.       987.00006  937.92004]]]
3573	[[[2175.       987.00006  937.84   ]]]
3574	[[[2175.       985.80005  937.16003]]]
3575	[[[2178.6      985.80005  703.76   ]]]
3576	[[[2179.8      985.80005  707.84   ]]]
3577	[[[2175.       987.00006  938.16003]]]
3578	[[[2175.       987.00006  937.4    ]]]
3579	[[[2176.2002  982.2     934.44  ]]]
3580	[[[2175.       987.00006  937.92004]]]
3581	[[[2175.   989.4  935.6]]]
3582	[[[2175.       985.80005  937.48   ]]]
3583	[[[2176.2002   985.80005  931.72003]]]
3584	[[[2177.4001   985.80005  938.16003]]]
3585	[[[2181.       987.00006  706.28   ]]]
3586	[[[2178.6      984.60004  708.16   ]]]
3587	[[[2172.6      985.80005  934.52   ]]]
3588	[[[2176.2002   987.00006  938.4    ]]]
3589	[[[2176.2002   985.80005  937.08   ]]]
3590	[[[2176.2002   985.80005  937.4    ]]]
3591	[[[2177.4001   985.80005  937.72003]]]
3592	[[[2176.2002   987.00006  938.4    ]]]
3593	[[[2177.4001   987.00006  937.72003]]]
3594	[[[2179.8      984.60004  703.52   ]]]
3595	[[[2179.8      984.60004  707.84   ]]]
3596	[[[2181.    988.2   705.76]]]
3597	[[[2177.4001   987.00006  937.64   ]]]
3598	[[[2179.8      985.80005  703.92   ]]]
3599	[[[2177.4001  983.4     934.84  ]]]
3600	[[[2176.2002   987.00006  937.88   ]]]
3601	[[[2181.    988.2   705.68]]]
3602	[[[2177.4001   987.00006  938.24   ]]]
3603	[[[2177.4001   985.80005  937.     ]]]
3604	[[[2177.4001   985.80005  931.32   ]]]
3605	[[[2182.2002  988.2     706.44  ]]]
3606	[[[2178.6      987.00006  937.8    ]]]
3607	[[[2177.4001   987.00006  937.4    ]]]
3608	[[[2176.2002   987.00006  937.92004]]]
3609	[[[2177.4001   987.00006  937.36   ]]]
3610	[[[2177.4001  988.2     937.8   ]]]
3611	[[[2178.6      987.00006  937.64   ]]]
3612	[[[2178.6      987.00006  937.56   ]]]
3613	[[[2176.2002  988.2     937.36  ]]]
3614	[[[2181.       987.00006  702.84   ]]]
3615	[[[2181.    989.4   705.92]]]
3616	[[[2179.8      987.00006  708.     ]]]
3617	[[[2179.8      985.80005  707.64   ]]]
3618	[[[2177.4001   987.00006  931.56   ]]]
3619	[[[2179.8      987.00006  703.6    ]]]
3620	[[[2177.4001   988.2      937.16003]]]
3621	[[[2172.6      987.00006  934.28   ]]]
3622	[[[2176.2002   987.00006  937.16003]]]
3623	[[[2176.2002  989.4     938.48  ]]]
3624	[[[2177.4001  988.2     937.08  ]]]
3625	[[[2177.4001  988.2     937.76  ]]]
3626	[[[2176.2002   988.2      938.04004]]]
3627	[[[2179.8      985.80005  703.2    ]]]
3628	[[[2181.    988.2   705.76]]]
3629	[[[2178.6      985.80005  708.16   ]]]
3630	[[[2176.2002  983.4     934.52  ]]]
3631	[[[2176.2002   985.80005  930.96   ]]]
3632	[[[2176.2002   985.80005  931.     ]]]
3633	[[[2176.2002   987.00006  931.04004]]]
3634	[[[2176.2002   985.80005  930.92004]]]
3635	[[[2172.6      987.00006  934.28   ]]]
3636	[[[2181.    988.2   705.96]]]
3637	[[[2176.2002   987.00006  936.76   ]]]
3638	[[[2178.6      985.80005  703.28   ]]]
3639	[[[2177.4001   987.00006  937.32   ]]]
3640	[[[2179.8      985.80005  708.24   ]]]
3641	[[[2178.6      985.80005  707.8    ]]]
3642	[[[2172.6      987.00006  933.76   ]]]
3643	[[[2178.6      987.00006  707.76   ]]]
3644	[[[2175.   988.2  938.4]]]
3645	[[[2176.2002   990.60004  935.08   ]]]
3646	[[[2175.       987.00006  936.88   ]]]
3647	[[[2179.8      985.80005  703.36   ]]]
3648	[[[2171.4001   987.00006  934.36   ]]]
3649	[[[2176.2002   987.00006  937.64   ]]]
3650	[[[2175.       985.80005  936.4    ]]]
3651	[[[2179.8   983.4   705.52]]]
3652	[[[2179.8   988.2   705.96]]]
3653	[[[2175.    988.2   938.08]]]
3654	[[[2175.       987.00006  936.56006]]]
3655	[[[2175.       987.00006  937.32   ]]]
3656	[[[2173.8   988.2   937.32]]]
3657	[[[2175.       988.2      937.72003]]]
3658	[[[2178.6      987.00006  703.64   ]]]
3659	[[[2173.8      988.2      938.04004]]]
3660	[[[2178.6      985.80005  702.72   ]]]
3661	[[[2176.2002  988.2     938.24  ]]]
3662	[[[2176.2002  988.2     938.24  ]]]
3663	[[[2176.2002  988.2     937.84  ]]]
3664	[[[2177.4001   987.00006  708.44   ]]]
3665	[[[2175.       988.2      936.72003]]]
3666	[[[2176.2002   988.2      937.16003]]]
3667	[[[2173.8      987.00006  936.4    ]]]
3668	[[[2178.6      984.60004  705.96   ]]]
3669	[[[2176.2002   989.4      938.16003]]]
3670	[[[2175.       988.2      931.16003]]]
3671	[[[2178.6   988.2   703.64]]]
3672	[[[2175.   988.2  937. ]]]
3673	[[[2171.4001  988.2     934.24  ]]]
3674	[[[2173.8   989.4   937.84]]]
3675	[[[2178.6   988.2   703.16]]]
3676	[[[2175.       990.60004  938.08   ]]]
3677	[[[2173.8      990.60004  938.16003]]]
3678	[[[2175.   989.4  937. ]]]
3679	[[[2176.2002   989.4      937.72003]]]
3680	[[[2171.4001  989.4     933.88  ]]]
3681	[[[2178.6   988.2   703.08]]]
3682	[[[2178.6   989.4   708.04]]]
3683	[[[2175.       987.00006  934.2    ]]]
3684	[[[2177.4001  989.4     707.96  ]]]
3685	[[[2177.4001  989.4     708.12  ]]]
3686	[[[2173.8      991.80005  938.6    ]]]
3687	[[[2177.4001  989.4     703.64  ]]]
3688	[[[2173.8      990.60004  937.16003]]]
3689	[[[2178.6   989.4   708.12]]]
3690	[[[2178.6      991.80005  934.48   ]]]
3691	[[[2173.8      990.60004  937.     ]]]
3692	[[[2177.4001   990.60004  703.6    ]]]
3693	[[[2173.8      993.00006  938.68   ]]]
3694	[[[2175.       991.80005  937.92004]]]
3695	[[[2175.       993.00006  938.     ]]]
3696	[[[2175.       991.80005  937.28   ]]]
3697	[[[2178.6      990.60004  708.52   ]]]
3698	[[[2177.4001   990.60004  708.16   ]]]
3699	[[[2173.8      991.80005  936.68   ]]]
3700	[[[2177.4001   994.2      935.04004]]]
3701	[[[2175.       991.80005  705.12   ]]]
3702	[[[2170.2002   993.00006  934.72003]]]
3703	[[[2173.8      993.00006  937.68   ]]]
3704	[[[2177.4001   990.60004  707.8    ]]]
3705	[[[2173.8      993.00006  937.24   ]]]
3706	[[[2178.6   994.2   706.52]]]
3707	[[[2177.4001   991.80005  708.52   ]]]
3708	[[[2173.8   994.2   938.68]]]
3709	[[[2178.6      991.80005  703.48   ]]]
3710	[[[2173.8      993.00006  937.36   ]]]
3711	[[[2175.    994.2   938.24]]]
3712	[[[2175.    994.2   938.24]]]
3713	[[[2173.8   994.2   938.24]]]
3714	[[[2173.8   994.2   937.84]]]
3715	[[[2177.4001   993.00006  708.32   ]]]
3716	[[[2173.8   994.2   938.24]]]
3717	[[[2173.8  994.2  937.6]]]
3718	[[[2178.6   994.2   934.64]]]
3719	[[[2178.6      993.00006  703.44   ]]]
3720	[[[2175.    994.2   937.44]]]
3721	[[[2176.2002  994.2     937.76  ]]]
3722	[[[2175.   994.2  938. ]]]
3723	[[[2173.8   994.2   937.68]]]
3724	[[[2173.8      993.00006  937.36   ]]]
3725	[[[2173.8   994.2   937.28]]]
3726	[[[2175.   994.2  937.8]]]
3727	[[[2177.4001   993.00006  708.4    ]]]
3728	[[[2176.2002  994.2     938.    ]]]
3729	[[[2175.       993.00006  948.48   ]]]
3730	[[[2175.    994.2   937.84]]]
3731	[[[2177.4001   991.80005  708.04   ]]]
3732	[[[2175.       996.60004  935.6    ]]]
3733	[[[2175.       993.00006  937.72003]]]
3734	[[[2173.8      993.00006  937.24   ]]]
3735	[[[2175.    994.2   938.24]]]
3736	[[[2175.       993.00006  937.56   ]]]
3737	[[[2175.    994.2   938.24]]]
3738	[[[2173.8      993.00006  938.24   ]]]
3739	[[[2173.8      993.00006  938.24   ]]]
3740	[[[2176.2002   991.80005  938.     ]]]
3741	[[[2178.6   994.2   706.32]]]
3742	[[[2173.8      993.00006  937.04004]]]
3743	[[[2175.   994.2  939. ]]]
3744	[[[2173.8      993.00006  938.     ]]]
3745	[[[2173.8   994.2   939.32]]]
3746	[[[2175.       993.00006  938.     ]]]
3747	[[[2175.       993.00006  938.32   ]]]
3748	[[[2173.8      991.80005  937.44   ]]]
3749	[[[2175.       991.80005  932.4    ]]]
3750	[[[2172.6      993.00006  938.48   ]]]
3751	[[[2177.4001   991.80005  708.56   ]]]
3752	[[[2175.    994.2   938.84]]]
3753	[[[2177.4001   996.60004  937.12   ]]]
3754	[[[2178.6      991.80005  707.84   ]]]
3755	[[[2176.2002   996.60004  936.8    ]]]
3756	[[[2175.       993.00006  937.68   ]]]
3757	[[[2178.6   994.2   706.72]]]
3758	[[[2172.6      993.00006  938.56   ]]]
3759	[[[2175.       993.00006  937.44   ]]]
3760	[[[2176.2002   996.60004  936.36   ]]]
3761	[[[2178.6   994.2   706.68]]]
3762	[[[2175.       991.80005  931.64   ]]]
3763	[[[2173.8      993.00006  937.56   ]]]
3764	[[[2175.    994.2   938.24]]]
3765	[[[2175.       994.2      938.92004]]]
3766	[[[2177.4001   996.60004  937.16003]]]
3767	[[[2176.2002   991.80005  938.16003]]]
3768	[[[2177.4001   991.80005  708.92   ]]]
3769	[[[2175.       991.80005  932.2    ]]]
3770	[[[2177.4001  995.4     936.6   ]]]
3771	[[[2175.       993.00006  938.6    ]]]
3772	[[[2173.8      991.80005  938.     ]]]
3773	[[[2178.6      991.80005  708.16   ]]]
3774	[[[2175.       993.00006  939.12   ]]]
3775	[[[2175.       991.80005  932.28   ]]]
3776	[[[2175.       988.2      934.92004]]]
3777	[[[2175.       991.80005  938.16003]]]
3778	[[[2178.6      990.60004  704.04   ]]]
3779	[[[2175.       990.60004  948.80005]]]
3780	[[[2178.6      990.60004  709.04   ]]]
3781	[[[2175.       990.60004  948.88   ]]]
3782	[[[2175.    994.2   936.36]]]
3783	[[[2176.2002   991.80005  938.24   ]]]
3784	[[[2175.       993.00006  939.16003]]]
3785	[[[2175.       991.80005  938.8    ]]]
3786	[[[2178.6      990.60004  708.16   ]]]
3787	[[[2175.       990.60004  937.6    ]]]
3788	[[[2178.6   989.4   708.96]]]
3789	[[[2175.       991.80005  938.56   ]]]
3790	[[[2176.2002  994.2     937.24  ]]]
3791	[[[2177.4001  988.2     703.64  ]]]
3792	[[[2173.8      990.60004  938.24   ]]]
3793	[[[2177.4001  989.4     704.2   ]]]
3794	[[[2171.4001   990.60004  934.72003]]]
3795	[[[2177.4001  988.2     708.52  ]]]
3796	[[[2173.8      991.80005  939.32   ]]]
3797	[[[2171.4001   990.60004  935.04004]]]
3798	[[[2173.8     988.2     938.    ]
  [1098.6001 1087.8     926.12  ]]]
3799	[[[2173.8   989.4   938.56]]]
3800	[[[2173.8      990.60004  939.24   ]]]
3801	[[[2173.8   989.4   938.84]]]
3802	[[[2175.    989.4   937.84]]]
3803	[[[2176.2002   990.60004  938.48   ]]]
3804	[[[2175.       990.60004  939.04004]]]
3805	[[[2173.8      990.60004  939.48   ]]]
3806	[[[2171.4001  989.4     935.2   ]]]
3807	[[[2175.       985.80005  935.52   ]]]
3808	[[[2179.8      990.60004  707.08   ]]]
3809	[[[2175.    988.2   948.48]]]
3810	[[[2175.       987.00006  936.     ]]]
3811	[[[2179.8      990.60004  706.68   ]]]
3812	[[[2175.       991.80005  939.44   ]]]
3813	[[[2175.       990.60004  939.     ]]]
3814	[[[2178.6   988.2   708.28]]]
3815	[[[2176.2002   990.60004  938.24   ]]]
3816	[[[2178.6   989.4   703.96]]]
3817	[[[2178.6  989.4  709. ]]]
3818	[[[2179.8   988.2   703.88]]]
3819	[[[2179.8   988.2   703.88]]]
3820	[[[2179.8   988.2   703.96]]]
3821	[[[2177.4001   990.60004  938.92004]]]
3822	[[[2176.2002   988.2      948.72003]]]
3823	[[[2177.4001   990.60004  938.92004]]]
3824	[[[2176.2002  989.4     938.24  ]]]
3825	[[[2179.8   988.2   704.28]]]
3826	[[[2176.2002   988.2      937.92004]]]
3827	[[[2181.    988.2   708.84]]]
3828	[[[2178.6   989.4   938.56]]]
3829	[[[2179.8   988.2   708.44]]]
3830	[[[2176.2002   990.60004  938.36   ]]]
3831	[[[2176.2002  989.4     937.68  ]]]
3832	[[[2176.2002   990.60004  938.24   ]]]
3833	[[[2181.    989.4   703.64]]]
3834	[[[2173.8      990.60004  934.88   ]]]
3835	[[[2177.4001   991.80005  938.92004]]]
3836	[[[2175.       990.60004  934.2    ]]]
3837	[[[2181.    989.4   704.32]]]
3838	[[[2178.6      990.60004  938.16003]]]
3839	[[[2181.       987.00006  706.68   ]]]
3840	[[[2177.4001  989.4     937.64  ]]]
3841	[[[2178.6      990.60004  938.08   ]]]
3842	[[[2177.4001   990.60004  937.68   ]]]
3843	[[[2177.4001   990.60004  937.6    ]]]
3844	[[[2182.2002   990.60004  703.56   ]]]
3845	[[[2182.2002  989.4     708.68  ]]]
3846	[[[2177.4001   991.80005  938.24   ]]]
3847	[[[2178.6      990.60004  931.96   ]]]
3848	[[[2178.6      991.80005  937.92004]]]
3849	[[[2177.4001   993.00006  938.24   ]]]
3850	[[[2178.6   994.2   939.48]
  [1069.8  1081.8   874.8 ]]]
3851	[[[2178.6      993.00006  938.48   ]]]
3852	[[[2178.6      991.80005  937.     ]]]
3853	[[[2179.8      993.00006  937.48   ]]]
3854	[[[2182.2002   995.4      936.04004]]]
3855	[[[2182.2002   991.80005  708.36   ]]]
3856	[[[2178.6      993.00006  938.     ]]]
3857	[[[2178.6      993.00006  938.32   ]]]
3858	[[[2181.       993.00006  938.36   ]]]
3859	[[[2178.6      991.80005  937.68   ]]]
3860	[[[2179.8   989.4   934.48]]]
3861	[[[2176.2002   993.00006  934.48   ]]]
3862	[[[2179.8   994.2   937.76]]]
3863	[[[2179.8      993.00006  937.68   ]]]
3864	[[[2179.8      993.00006  937.04004]]]
3865	[[[2183.4001   991.80005  703.76   ]]]
3866	[[[2179.8   994.2   938.24]]]
3867	[[[2179.8      996.60004  935.6    ]]]
3868	[[[2181.       993.00006  937.68   ]]]
3869	[[[2183.4001   993.00006  703.48   ]]]
3870	[[[2179.8   994.2   937.84]]]
3871	[[[2179.8   994.2   936.88]]]
3872	[[[2179.8      993.00006  931.16003]]]
3873	[[[2179.8  995.4  938.2]]]
3874	[[[2183.4001   993.00006  703.6    ]]]
3875	[[[2183.4001   993.00006  703.32   ]]]
3876	[[[2182.2002   997.80005  936.12   ]]]
3877	[[[2183.4001   993.00006  708.36   ]]]
3878	[[[2179.8   995.4   937.68]]]
3879	[[[2181.    994.2   937.36]]]
3880	[[[2181.   995.4  938. ]]]
3881	[[[2181.    995.4   938.32]]]
3882	[[[2179.8      995.4      936.92004]]]
3883	[[[2178.6   995.4   937.24]]]
3884	[[[2179.8      996.60004  937.6    ]]]
3885	[[[2178.6   995.4   937.44]]]
3886	[[[2178.6      995.4      931.16003]]]
3887	[[[2177.4001   996.60004  938.08   ]]]
3888	[[[2179.8      996.60004  938.32   ]]]
3889	[[[2183.4001   997.80005  706.12   ]]]
3890	[[[2179.8      996.60004  937.12   ]]]
3891	[[[2183.4001   997.80005  706.16   ]]]
3892	[[[2179.8      996.60004  936.8    ]]]
3893	[[[2182.2002   996.60004  708.28   ]]]
3894	[[[2178.6      996.60004  937.76   ]]]
3895	[[[2178.6   995.4   936.76]]]
3896	[[[2179.8      997.80005  938.2    ]]]
3897	[[[2179.8      996.60004  937.76   ]]]
3898	[[[2178.6      997.80005  938.08   ]]]
3899	[[[2178.6      996.60004  937.44   ]]]
3900	[[[2179.8      997.80005  937.68   ]]]
3901	[[[2181.       997.80005  938.2    ]]]
3902	[[[2183.4001   997.80005  706.44   ]]]
3903	[[[2179.8      996.60004  937.84   ]]]
3904	[[[2178.6      996.60004  937.52   ]]]
3905	[[[2178.6   995.4   937.44]]]
3906	[[[2179.8      996.60004  937.24   ]]]
3907	[[[2182.2002  1000.2      935.92004]]]
3908	[[[2179.8      997.80005  937.68   ]]]
3909	[[[2182.2002  994.2     707.72  ]]]
3910	[[[2183.4001   997.80005  706.12   ]]]
3911	[[[2182.2002  995.4     708.68  ]]]
3912	[[[2182.2002  995.4     703.64  ]]]
3913	[[[2178.6      999.00006  934.8    ]]]
3914	[[[2178.6      996.60004  937.12   ]]]
3915	[[[2179.8      996.60004  938.24   ]]]
3916	[[[2178.6  995.4  937.2]]]
3917	[[[2182.2002  995.4     708.28  ]]]
3918	[[[2178.6   995.4   937.12]]]
3919	[[[2179.8      996.60004  937.6    ]]]
3920	[[[2183.4001   996.60004  706.48   ]]]
3921	[[[2178.6      999.00006  935.44   ]]]
3922	[[[2181.    995.4   708.76]]]
3923	[[[2182.2002  995.4     707.88  ]]]
3924	[[[2179.8      999.00006  936.44   ]]]
3925	[[[2179.8      996.60004  937.76   ]]]
3926	[[[2182.2002  994.2     703.56  ]]]
3927	[[[2177.4001  995.4     938.76  ]]]
3928	[[[2178.6   994.2   937.44]]]
3929	[[[2179.8   995.4   938.12]]]
3930	[[[2182.2002  994.2     708.56  ]]]
3931	[[[2178.6   994.2   937.76]]]
3932	[[[2178.6  995.4  938. ]]]
3933	[[[2179.8   995.4   938.68]]]
3934	[[[2182.2002  994.2     704.    ]]]
3935	[[[2181.       997.80005  936.76   ]]]
3936	[[[2177.4001   996.60004  940.08   ]]]
3937	[[[2178.6  994.2  938. ]]]
3938	[[[2177.4001  995.4     939.08  ]]]
3939	[[[2177.4001  995.4     938.64  ]]]
3940	[[[2182.2002  994.2     703.68  ]]]
3941	[[[2177.4001  994.2     938.68  ]]]
3942	[[[2177.4001  995.4     939.56  ]]]
3943	[[[2178.6  994.2  938. ]]]
3944	[[[2179.8      994.2      938.92004]]]
3945	[[[2181.   994.2  709.2]]]
3946	[[[2181.       997.80005  937.24   ]]]
3947	[[[2178.6      994.2      937.92004]]]
3948	[[[2179.8      997.80005  937.24   ]]]
3949	[[[2178.6      991.80005  936.6    ]]]
3950	[[[2178.6      994.2      937.92004]]]
3951	[[[2177.4001  994.2     939.32  ]]]
3952	[[[2178.6   994.2   938.68]]]
3953	[[[2178.6      993.00006  937.6    ]]]
3954	[[[2178.6      997.80005  936.68   ]]]
3955	[[[2177.4001  995.4     939.88  ]]]
3956	[[[2177.4001  995.4     939.96  ]]]
3957	[[[2178.6   994.2   939.08]]]
3958	[[[2177.4001  994.2     939.    ]]]
3959	[[[2178.6   995.4   939.08]]]
3960	[[[2181.    994.2   704.44]]]
3961	[[[2178.6   994.2   939.52]]]
3962	[[[2181.    994.2   708.88]]]
3963	[[[2178.6   994.2   938.76]]]
3964	[[[2181.       993.00006  709.44   ]]]
3965	[[[2176.2002  994.2     938.76  ]]]
3966	[[[2177.4001  995.4     939.68  ]]]
3967	[[[2178.6   995.4   939.88]]]
3968	[[[2181.       993.00006  705.08   ]]]
3969	[[[2177.4001   990.60004  936.04004]]]
3970	[[[2178.6   994.2   939.32]]]
3971	[[[2182.2002   993.00006  704.72   ]]]
3972	[[[2179.8   994.2   939.64]]]
3973	[[[2182.2002   993.00006  705.08   ]]]
3974	[[[2178.6      993.00006  932.72003]]]
3975	[[[2179.8   995.4   939.68]]]
3976	[[[2178.6   994.2   938.64]]]
3977	[[[2182.2002  994.2     709.52  ]]]
3978	[[[2178.6   994.2   939.56]]]
3979	[[[2179.8   994.2   939.32]]]
3980	[[[2178.6      993.00006  938.44   ]]]
3981	[[[2176.2002   993.00006  936.6    ]]]
3982	[[[2178.6   994.2   938.88]]]
3983	[[[2179.8   994.2   939.44]]]
3984	[[[2176.2002   993.00006  936.6    ]]]
3985	[[[2181.       990.60004  936.6    ]]]
3986	[[[2184.6      993.00006  705.24   ]]]
3987	[[[2184.6      993.00006  709.88   ]]]
3988	[[[2184.6      993.00006  709.88   ]]]
3989	[[[2183.4001  994.2     709.92  ]]]
3990	[[[2184.6      993.00006  704.96   ]]]
3991	[[[2181.    994.2   939.08]]]
3992	[[[2181.   995.4  939.4]]]
3993	[[[2181.       997.80005  937.12   ]]]
3994	[[[2185.8   995.4   708.04]]]
3995	[[[2179.8      993.00006  938.48   ]]]
3996	[[[2179.8   994.2   939.24]]]
3997	[[[2184.6      991.80005  709.72   ]]]
3998	[[[2181.    995.4   940.56]]]
3999	[[[2184.6      993.00006  704.96   ]]]
4000	[[[2179.8   994.2   939.64]]]
4001	[[[2182.2002  994.2     939.48  ]]]
4002	[[[2181.    995.4   940.64]]]
4003	[[[2184.6   995.4   707.72]]]
4004	[[[2182.2002   993.00006  706.44   ]]]
4005	[[[2184.6      993.00006  704.84   ]]]
4006	[[[2185.8   995.4   707.44]]]
4007	[[[2181.       993.00006  949.80005]]]
4008	[[[2185.8   995.4   707.44]]]
4009	[[[2182.2002  994.2     940.    ]]]
4010	[[[2182.2002  994.2     939.24  ]]]
4011	[[[2181.    995.4   939.68]]]
4012	[[[2181.       993.00006  949.80005]]]
4013	[[[2184.6      993.00006  705.16   ]]]
4014	[[[2184.6      991.80005  709.16   ]]]
4015	[[[2179.8      993.00006  939.24   ]]]
4016	[[[2182.2002  994.2     939.64  ]]]
4017	[[[2182.2002  994.2     939.64  ]]]
4018	[[[2182.2002  994.2     939.32  ]]]
4019	[[[2177.4001   993.00006  936.     ]]]
4020	[[[2181.       991.80005  933.2    ]]]
4021	[[[2181.       991.80005  933.24   ]]]
4022	[[[2181.       993.00006  938.52   ]]]
4023	[[[2181.       991.80005  933.24   ]]]
4024	[[[2184.6      991.80005  704.52   ]]]
4025	[[[2182.2002   993.00006  939.32   ]]]
4026	[[[2183.4001   991.80005  709.44   ]]]
4027	[[[2181.       993.00006  938.76   ]]]
4028	[[[2184.6      991.80005  709.04   ]]]
4029	[[[2184.6      991.80005  704.8    ]]]
4030	[[[2181.       993.00006  939.4    ]]]
4031	[[[2182.2002   993.00006  939.08   ]]]
4032	[[[2184.6      991.80005  704.72   ]]]
4033	[[[2182.2002   993.00006  939.32   ]]]
4034	[[[2184.6      990.60004  708.72   ]]]
4035	[[[2182.2002   993.00006  939.64   ]]]
4036	[[[2183.4001   991.80005  939.32   ]]]
4037	[[[2182.2002   993.00006  939.     ]]]
4038	[[[2182.2002   993.00006  938.8    ]]]
4039	[[[2182.2002   993.00006  939.32   ]]]
4040	[[[2182.2002   993.00006  939.64   ]]]
4041	[[[2185.8      991.80005  703.96   ]]]
4042	[[[2183.4001   991.80005  938.44   ]]]
4043	[[[2183.4001   991.80005  939.08   ]]]
4044	[[[2185.8   994.2   936.68]]]
4045	[[[2181.       991.80005  938.68   ]]]
4046	[[[2185.8      990.60004  704.52   ]]]
4047	[[[2182.2002   993.00006  939.24   ]]]
4048	[[[2183.4001   993.00006  939.68   ]]]
4049	[[[2184.6      991.80005  938.64   ]]]
4050	[[[2185.8      991.80005  709.2    ]]]
4051	[[[2182.2002   993.00006  939.52   ]]]
4052	[[[2185.8      990.60004  708.8    ]]]
4053	[[[2182.2002   993.00006  939.08   ]]]
4054	[[[2185.8      990.60004  708.76   ]]]
4055	[[[2185.8      991.80005  709.     ]]]
4056	[[[2184.6      993.00006  939.     ]]]
4057	[[[2183.4001   991.80005  938.32   ]]]
4058	[[[2183.4001   991.80005  938.08   ]]]
4059	[[[2184.6      990.60004  706.44   ]]]
4060	[[[2183.4001   993.00006  939.     ]]]
4061	[[[2183.4001  995.4     936.12  ]]]
4062	[[[2182.2002   993.00006  938.6    ]]]
4063	[[[2183.4001   993.00006  938.24   ]]]
4064	[[[2179.8      991.80005  935.04004]]]
4065	[[[2183.4001   993.00006  939.24   ]]]
4066	[[[2187.       990.60004  704.08   ]]]
4067	[[[2187.       990.60004  703.76   ]]]
4068	[[[2187.       990.60004  704.32   ]]]
4069	[[[2184.6      993.00006  939.24   ]]]
4070	[[[2184.6      991.80005  937.92004]]]
4071	[[[2188.2002   990.60004  708.96   ]]]
4072	[[[2179.8      991.80005  935.28   ]]]
4073	[[[2183.4001   991.80005  948.80005]]]
4074	[[[2187.       990.60004  703.8    ]]]
4075	[[[2179.8      991.80005  934.84   ]]]
4076	[[[2183.4001   991.80005  948.72003]]]
4077	[[[2183.4001   990.60004  948.16003]]]
4078	[[[2187.       990.60004  703.84   ]]]
4079	[[[2187.       994.2      936.04004]]]
4080	[[[2183.4001   990.60004  931.72003]]]
4081	[[[2188.2002   993.00006  706.36   ]]]
4082	[[[2184.6      991.80005  938.     ]]]
4083	[[[2183.4001   993.00006  938.68   ]]]
4084	[[[2183.4001   991.80005  938.     ]]]
4085	[[[2188.2002   990.60004  708.52   ]]]
4086	[[[2184.6      991.80005  948.48   ]]]
4087	[[[2185.8      993.00006  938.24   ]]]
4088	[[[2184.6      993.00006  937.92004]]]
4089	[[[2184.6      991.80005  931.96   ]]]
4090	[[[2188.2002   991.80005  708.52   ]]]
4091	[[[2185.8      994.2      937.92004]]]
4092	[[[2188.2002   991.80005  708.56   ]]]
4093	[[[2184.6      993.00006  938.16003]]]
4094	[[[2184.6      993.00006  937.8    ]]]
4095	[[[2189.4001  994.2     706.28  ]]]
4096	[[[2185.8      991.80005  937.92004]]]
4097	[[[2184.6      993.00006  937.84   ]]]
4098	[[[2185.8      993.00006  938.48   ]]]
4099	[[[2188.2002   991.80005  703.64   ]]]
4100	[[[2184.6      991.80005  937.16003]]]
4101	[[[2181.       993.00006  934.52   ]]]
4102	[[[2184.6      993.00006  937.6    ]]]
4103	[[[2184.6      993.00006  937.28   ]]]
4104	[[[2185.8   994.2   937.48]]]
4105	[[[2185.8      993.00006  937.24   ]]]
4106	[[[2188.2002   991.80005  703.88   ]]]
4107	[[[2185.8      993.00006  937.6    ]]]
4108	[[[2185.8      993.00006  937.56   ]]]
4109	[[[2188.2002   990.60004  707.88   ]]]
4110	[[[2184.6      991.80005  936.76   ]]]
4111	[[[2188.2002   990.60004  703.44   ]]]
4112	[[[2184.6      991.80005  931.08   ]]]
4113	[[[2183.4001   991.80005  937.68   ]]]
4114	[[[2185.8      991.80005  937.36   ]]]
4115	[[[2184.6      991.80005  937.24   ]]]
4116	[[[2182.2002   991.80005  933.72003]]]
4117	[[[2188.2002   991.80005  708.28   ]]]
4118	[[[2185.8      991.80005  931.16003]]]
4119	[[[2185.8      991.80005  936.68   ]]]
4120	[[[2189.4001   993.00006  705.92   ]]]
4121	[[[2181.       991.80005  934.48   ]]]
4122	[[[2184.6      990.60004  936.44   ]]]
4123	[[[2188.2002   993.00006  934.56   ]]]
4124	[[[2184.6      991.80005  936.88   ]]]
4125	[[[2188.2002   991.80005  707.64   ]]]
4126	[[[2185.8      991.80005  937.2    ]]]
4127	[[[2185.8      993.00006  938.4    ]]]
4128	[[[2185.8      993.00006  938.12   ]]]
4129	[[[2188.2002   990.60004  703.16   ]]]
4130	[[[2188.2002   991.80005  707.92   ]]]
4131	[[[2185.8      991.80005  936.76   ]]]
4132	[[[2184.6      991.80005  937.12   ]]]
4133	[[[2188.2002   990.60004  707.68   ]]]
4134	[[[2184.6      990.60004  936.76   ]]]
4135	[[[2188.2002   990.60004  703.52   ]]]
4136	[[[2184.6      990.60004  937.12   ]]]
4137	[[[2184.6      991.80005  937.32   ]]]
4138	[[[2184.6      990.60004  931.08   ]]]
4139	[[[2185.8      990.60004  936.68   ]]]
4140	[[[2183.4001   990.60004  937.16003]]]
4141	[[[2184.6   989.4   930.84]]]
4142	[[[2184.6   989.4   931.08]]]
4143	[[[2184.6      991.80005  938.     ]]]
4144	[[[2184.6      990.60004  936.68   ]]]
4145	[[[2185.8      991.80005  937.32   ]]]
4146	[[[2183.4001   990.60004  937.24   ]]]
4147	[[[2185.8      990.60004  937.68   ]]]
4148	[[[2184.6      991.80005  937.84   ]]]
4149	[[[2185.8      990.60004  937.32   ]]]
4150	[[[2185.8      990.60004  936.92004]]]
4151	[[[2188.2002  989.4     707.64  ]]]
4152	[[[2184.6      993.00006  934.72003]]]
4153	[[[2185.8      990.60004  937.76   ]]]
4154	[[[2188.2002  988.2     707.84  ]]]
4155	[[[2184.6   989.4   936.44]]]
4156	[[[2185.8   989.4   937.12]]]
4157	[[[2185.8      990.60004  937.     ]]]
4158	[[[2184.6      990.60004  937.76   ]]]
4159	[[[2184.6  989.4  937. ]]]
4160	[[[2184.6   988.2   936.28]]]
4161	[[[2184.6      989.4      937.04004]]]
4162	[[[2185.8   988.2   931.32]]]
4163	[[[2189.4001   990.60004  705.16   ]]]
4164	[[[2185.8  988.2  931. ]]]
4165	[[[2188.2002  988.2     707.56  ]]]
4166	[[[2188.2002  988.2     707.84  ]]]
4167	[[[2189.4001   990.60004  705.32   ]]]
4168	[[[2185.8      987.00006  705.32   ]]]
4169	[[[2188.2002   987.00006  707.     ]]]
4170	[[[2187.    988.2   937.12]]]
4171	[[[2188.2002  988.2     707.52  ]]]
4172	[[[2188.2002   987.00006  707.32   ]]]
4173	[[[2184.6      989.4      936.92004]]]
4174	[[[2185.8      985.80005  933.96   ]]]
4175	[[[2183.4001   989.4      936.92004]]]
4176	[[[2185.8      990.60004  936.6    ]]]
4177	[[[2184.6   988.2   930.32]]]
4178	[[[2185.8      985.80005  933.84   ]]]
4179	[[[2184.6      989.4      935.92004]]]
4180	[[[2188.2002  988.2     703.08  ]]]
4181	[[[2188.2002  988.2     707.88  ]]]
4182	[[[2187.    988.2   703.44]]]
4183	[[[2187.    988.2   707.68]]]
4184	[[[2185.8   989.4   937.68]]]
4185	[[[2183.4001   984.60004  932.96   ]]]
4186	[[[2187.       985.80005  705.48   ]]]
4187	[[[2187.    988.2   707.76]]]
4188	[[[2182.2002  989.4     937.24  ]]]
4189	[[[2185.8   988.2   707.44]]]
4190	[[[2182.2002   993.00006  934.64   ]]]
4191	[[[2182.2002  988.2     930.56  ]]]
4192	[[[2182.2002   993.00006  934.84   ]]]
4193	[[[2185.8   989.4   707.28]]]
4194	[[[2185.8  988.2  703. ]]]
4195	[[[2181.       990.60004  936.92004]]]
4196	[[[2183.4001   990.60004  937.     ]]]
4197	[[[2184.6   989.4   707.88]]]
4198	[[[2182.2002   990.60004  938.     ]]]
4199	[[[2184.6   988.2   707.32]]]
4200	[[[2182.2002   989.4      931.16003]]]
4201	[[[2184.6  989.4  703.2]]]
4202	[[[2181.       993.00006  934.48   ]]]
4203	[[[2179.8   989.4   936.44]]]
4204	[[[2181.    989.4   936.68]]]
4205	[[[2181.       993.00006  935.28   ]]]
4206	[[[2184.6  988.2  708.2]]]
4207	[[[2181.       985.80005  933.6    ]]]
4208	[[[2178.6  989.4  937.6]]]
4209	[[[2179.8      988.2      936.16003]]]
4210	[[[2179.8   988.2   930.68]]]
4211	[[[2184.6      990.60004  706.08   ]]]
4212	[[[2183.4001  989.4     703.16  ]]]
4213	[[[2179.8      991.80005  938.     ]]]
4214	[[[2183.4001  988.2     703.12  ]]]
4215	[[[2181.       990.60004  937.24   ]]]
4216	[[[2179.8      990.60004  937.6    ]]]
4217	[[[2182.2002  989.4     708.2   ]]]
4218	[[[2183.4001   991.80005  705.44   ]]]
4219	[[[2179.8  989.4  937.6]]]
4220	[[[2179.8  989.4  937. ]]]
4221	[[[2179.8   989.4   937.32]]]
4222	[[[2182.2002  988.2     703.28  ]]]
4223	[[[2179.8   989.4   937.36]]]
4224	[[[2183.4001   990.60004  706.24   ]]]
4225	[[[2175.       989.4      933.72003]]]
4226	[[[2178.6      985.80005  934.36   ]]]
4227	[[[2178.6   989.4   936.68]]]
4228	[[[2179.8   988.2   937.36]]]
4229	[[[2178.6      990.60004  937.76   ]]]
4230	[[[2179.8      989.4      938.16003]]]
4231	[[[2179.8  989.4  938.2]]]
4232	[[[2179.8      989.4      937.92004]]]
4233	[[[2178.6   989.4   937.44]]]
4234	[[[2177.4001   991.80005  939.08   ]]]
4235	[[[2176.2002   990.60004  937.68   ]]]
4236	[[[2177.4001   990.60004  937.32   ]]]
4237	[[[2173.8   989.4   934.36]]]
4238	[[[2181.   988.2  707.8]]]
4239	[[[2173.8      990.60004  934.52   ]]]
4240	[[[2176.2002  989.4     937.8   ]]]
4241	[[[2176.2002  989.4     937.24  ]]]
4242	[[[2181.    989.4   707.84]]]
4243	[[[2177.4001  989.4     937.12  ]]]
4244	[[[2176.2002  988.2     936.36  ]]]
4245	[[[2178.6      990.60004  937.76   ]]]
4246	[[[2176.2002   990.60004  938.44   ]]]
4247	[[[2177.4001  989.4     931.64  ]]]
4248	[[[2173.8      989.4      934.04004]]]
4249	[[[2176.2002   990.60004  938.4    ]]]
4250	[[[2177.4001   990.60004  938.     ]]]
4251	[[[2176.2002   989.4      937.04004]]]
4252	[[[2179.8  989.4  708.2]]]
4253	[[[2176.2002  989.4     936.76  ]]]
4254	[[[2177.4001  988.2     938.84  ]]]
4255	[[[2177.4001  989.4     938.2   ]]]
4256	[[[2177.4001   990.60004  937.84   ]]]
4257	[[[2176.2002   990.60004  938.32   ]]]
4258	[[[2176.2002  988.2     948.08  ]]]
4259	[[[2176.2002   987.00006  938.68   ]]]
4260	[[[2179.8   988.2   703.48]]]
4261	[[[2178.6      991.80005  936.28   ]]]
4262	[[[2175.    988.2   937.12]]]
4263	[[[2175.    989.4   937.88]]]
4264	[[[2173.8   988.2   937.44]]]
4265	[[[2171.4001  988.2     934.8   ]]]
4266	[[[2176.2002  988.2     938.32  ]]]
4267	[[[2175.       987.00006  705.48   ]]]
4268	[[[2175.   988.2  938. ]]]
4269	[[[2175.   989.4  939. ]]]
4270	[[[2177.4001   987.00006  708.36   ]]]
4271	[[[2173.8      987.00006  948.48   ]]]
4272	[[[2175.   988.2  937.6]]]
4273	[[[2173.8      988.2      937.92004]]]
4274	[[[2173.8      987.00006  937.4    ]]]
4275	[[[2173.8      987.00006  931.64   ]]]
4276	[[[2173.8  988.2  938. ]]]
4277	[[[2172.6   988.2   938.68]]]
4278	[[[2177.4001   987.00006  704.     ]]]
4279	[[[2173.8  988.2  938. ]]]
4280	[[[2173.8      990.60004  936.36   ]]]
4281	[[[2175.    988.2   938.32]]]
4282	[[[2173.8      983.4      935.04004]]]
4283	[[[2177.4001   985.80005  703.72   ]]]
4284	[[[2177.4001   985.80005  708.56   ]]]
4285	[[[2172.6      987.00006  932.04004]]]
4286	[[[2176.2002   985.80005  708.4    ]]]
4287	[[[2172.6      987.00006  938.24   ]]]
4288	[[[2176.2002   984.60004  708.4    ]]]
4289	[[[2176.2002   985.80005  708.68   ]]]
4290	[[[2173.8      987.00006  939.04004]]]
4291	[[[2173.8      987.00006  938.36   ]]]
4292	[[[2173.8      985.80005  938.64   ]]]
4293	[[[2176.2002   985.80005  703.96   ]]]
4294	[[[2172.6      987.00006  939.     ]]]
4295	[[[2175.       984.60004  708.48   ]]]
4296	[[[2175.       984.60004  708.56   ]]]
4297	[[[2175.       984.60004  708.52   ]]]
4298	[[[2175.       985.80005  708.32   ]]]
4299	[[[2175.       984.60004  704.32   ]]]
4300	[[[2171.4001   985.80005  938.48   ]]]
4301	[[[2175.       984.60004  704.08   ]]]
4302	[[[2172.6      985.80005  938.24   ]]]
4303	[[[2170.2002   984.60004  937.92004]]]
4304	[[[2171.4001   985.80005  938.     ]]]
4305	[[[2171.4001   987.00006  938.68   ]]]
4306	[[[2173.8      984.60004  708.88   ]]]
4307	[[[2172.6      984.60004  939.     ]]]
4308	[[[2171.4001   985.80005  939.     ]]]
4309	[[[2173.8   983.4   704.48]]]
4310	[[[2173.8   983.4   704.44]]]
4311	[[[2169.       984.60004  939.08   ]]]
4312	[[[2171.4001   984.60004  938.52   ]]]
4313	[[[2173.8      985.80005  706.68   ]]]
4314	[[[2173.8      985.80005  706.6    ]]]
4315	[[[2170.2002   985.80005  938.76   ]]]
4316	[[[2169.       984.60004  938.84   ]]]
4317	[[[2170.2002   985.80005  938.92004]]]
4318	[[[2173.8      985.80005  706.76   ]]]
4319	[[[2172.6   983.4   704.68]]]
4320	[[[2170.2002   984.60004  938.8    ]]]
4321	[[[2169.       985.80005  938.72003]]]
4322	[[[2169.       984.60004  938.52   ]]]
4323	[[[2170.2002   985.80005  938.84   ]]]
4324	[[[2170.2002  982.2     939.88  ]]]
4325	[[[2169.       984.60004  937.88   ]]]
4326	[[[2170.2002   984.60004  938.6    ]]]
4327	[[[2169.   988.2  936.2]]]
4328	[[[2167.8      984.60004  938.44   ]]]
4329	[[[2170.2002   985.80005  939.36   ]]]
4330	[[[2172.6      985.80005  936.12   ]]]
4331	[[[2169.       984.60004  938.6    ]]]
4332	[[[2170.2002   984.60004  938.32   ]]]
4333	[[[2172.6   982.2   703.88]]]
4334	[[[2172.6  983.4  704.4]]]
4335	[[[2169.    983.4   938.32]]]
4336	[[[2173.8   983.4   708.64]]]
4337	[[[2170.2002   985.80005  939.56   ]]]
4338	[[[2169.    983.4   938.24]]]
4339	[[[2173.8      985.80005  707.12   ]]]
4340	[[[2169.       984.60004  938.8    ]]]
4341	[[[2172.6   983.4   704.44]]]
4342	[[[2170.2002   985.80005  939.56   ]]]
4343	[[[2170.2002   984.60004  938.92004]]]
4344	[[[2165.4001  983.4     935.28  ]]]
4345	[[[2169.       981.00006  935.6    ]]]
4346	[[[2172.6   982.2   703.92]]]
4347	[[[2167.8      984.60004  939.24   ]]]
4348	[[[2169.    983.4   938.48]]]
4349	[[[2172.6   982.2   704.08]]]
4350	[[[2170.2002   984.60004  939.16003]]]
4351	[[[2169.   983.4  937.6]]]
4352	[[[2169.       984.60004  939.08   ]]]
4353	[[[2172.6   982.2   704.12]]]
4354	[[[2172.6   982.2   704.16]]]
4355	[[[2172.6      985.80005  936.28   ]]]
4356	[[[2169.    983.4   938.48]]]
4357	[[[2169.    983.4   932.56]]]
4358	[[[2172.6   982.2   703.92]]]
4359	[[[2172.6  982.2  708.4]]]
4360	[[[2169.       984.60004  938.72003]]]
4361	[[[2172.6  983.4  708.6]]]
4362	[[[2169.    982.2   932.12]]]
4363	[[[2170.2002  983.4     932.76  ]]]
4364	[[[2170.2002   979.80005  935.6    ]]]
4365	[[[2173.8  982.2  709. ]]]
4366	[[[2170.2002   984.60004  939.48   ]]]
4367	[[[2170.2002  983.4     938.56  ]]]
4368	[[[2170.2002  982.2     932.12  ]]]
4369	[[[2170.2002  983.4     938.4   ]]]
4370	[[[2173.8   982.2   708.56]]]
4371	[[[2170.2002   984.60004  939.48   ]]]
4372	[[[2170.2002   983.4      938.04004]]]
4373	[[[2170.2002   979.80005  935.52   ]]]
4374	[[[2170.2002   979.80005  935.84   ]]]
4375	[[[2170.2002   983.4      938.16003]]]
4376	[[[2171.4001   983.4      938.16003]]]
4377	[[[2173.8   983.4   708.92]]]
4378	[[[2175.    982.2   709.28]]]
4379	[[[2173.8  982.2  708.6]]]
4380	[[[2171.4001   984.60004  939.52   ]]]
4381	[[[2175.   982.2  709.4]]]
4382	[[[2173.8   982.2   704.24]]]
4383	[[[2170.2002  983.4     938.8   ]]]
4384	[[[2170.2002  983.4     938.48  ]]]
4385	[[[2171.4001   984.60004  938.92004]]]
4386	[[[2170.2002   984.60004  939.     ]]]
4387	[[[2171.4001   984.60004  938.36   ]]]
4388	[[[2175.   982.2  709. ]]]
4389	[[[2175.   982.2  709. ]]]
4390	[[[2175.    982.2   708.44]]]
4391	[[[2171.4001   979.80005  936.12   ]]]
4392	[[[2171.4001  983.4     938.76  ]]]
4393	[[[2167.8   982.2   935.12]]]
4394	[[[2173.8      985.80005  937.12   ]]]
4395	[[[2171.4001  983.4     939.08  ]]]
4396	[[[2171.4001  982.2     938.44  ]]]
4397	[[[2171.4001  982.2     938.12  ]]]
4398	[[[2172.6   982.2   938.76]]]
4399	[[[2172.6   982.2   939.24]]]
4400	[[[2171.4001  983.4     939.08  ]]]
4401	[[[2165.4001   984.60004  943.84   ]]]
4402	[[[2176.2002  983.4     707.04  ]]]
4403	[[[2170.2002  982.2     938.56  ]]]
4404	[[[2167.8   982.2   935.52]]]
4405	[[[2171.4001   982.2      937.92004]]]
4406	[[[2173.8      985.80005  937.24   ]]]
4407	[[[2167.8   982.2   935.48]]]
4408	[[[2175.   982.2  708.8]]]
4409	[[[2175.    982.2   704.72]]]
4410	[[[2172.6   983.4   939.24]]]
4411	[[[2171.4001   979.80005  936.04004]]]
4412	[[[2172.6      984.60004  938.84   ]]]
4413	[[[2171.4001  983.4     939.2   ]]]
4414	[[[2172.6      984.60004  939.4    ]]]
4415	[[[2170.2002  983.4     938.84  ]]]
4416	[[[2175.    982.2   709.28]]]
4417	[[[2170.2002  982.2     938.84  ]]]
4418	[[[2171.4001   983.4      939.16003]]]
4419	[[[2171.4001   983.4      939.16003]]]
4420	[[[2175.   982.2  709.2]]]
4421	[[[2171.4001   984.60004  939.76   ]]]
4422	[[[2170.2002  983.4     939.52  ]]]
4423	[[[2171.4001  983.4     939.2   ]]]
4424	[[[2175.    982.2   704.76]]]
4425	[[[2175.    982.2   704.72]]]
4426	[[[2170.2002  983.4     939.32  ]]]
4427	[[[2170.2002  983.4     939.56  ]]]
4428	[[[2171.4001  983.4     939.08  ]]]
4429	[[[2172.6      984.60004  939.32   ]]]
4430	[[[2172.6      984.60004  939.16003]]]
4431	[[[2172.6   983.4   939.48]]]
4432	[[[2171.4001  983.4     938.84  ]]]
4433	[[[2175.    982.2   704.48]]]
4434	[[[2171.4001  983.4     949.64  ]]]
4435	[[[2170.2002   984.60004  939.64   ]]]
4436	[[[2175.    983.4   704.72]]]
4437	[[[2175.    983.4   709.24]]]
4438	[[[2175.    982.2   704.08]]]
4439	[[[2171.4001   985.80005  940.4    ]]]
4440	[[[2175.   983.4  705. ]]]
4441	[[[2171.4001   984.60004  938.52   ]]]
4442	[[[2170.2002   984.60004  939.4    ]]]
4443	[[[2170.2002   984.60004  939.52   ]]]
4444	[[[2171.4001   984.60004  939.16003]]]
4445	[[[2167.8      984.60004  935.88   ]]]
4446	[[[2175.    983.4   704.72]]]
4447	[[[2172.6      985.80005  939.08   ]]]
4448	[[[2175.    983.4   704.76]]]
4449	[[[2170.2002   984.60004  939.08   ]]]
4450	[[[2170.2002   984.60004  939.4    ]]]
4451	[[[2170.2002   985.80005  939.56   ]]]
4452	[[[2171.4001   984.60004  938.56   ]]]
4453	[[[2171.4001   985.80005  939.48   ]]]
4454	[[[2167.8      984.60004  936.     ]]]
4455	[[[2172.6      985.80005  939.24   ]]]
4456	[[[2171.4001   985.80005  939.56   ]]]
4457	[[[2171.4001   988.2      936.92004]]]
4458	[[[2171.4001   984.60004  938.48   ]]]
4459	[[[2176.2002   985.80005  707.68   ]]]
4460	[[[2175.    983.4   709.56]]]
4461	[[[2171.4001  983.4     938.48  ]]]
4462	[[[2175.    983.4   704.96]]]
4463	[[[2175.    982.2   708.72]]]
4464	[[[2175.       984.60004  935.84   ]]]
4465	[[[2172.6      984.60004  939.80005]]]
4466	[[[2172.6      985.80005  939.48   ]]]
4467	[[[2175.    983.4   709.28]]]
4468	[[[2171.4001   984.60004  938.8    ]]]
4469	[[[2171.4001   984.60004  938.72003]]]
4470	[[[2175.       981.00006  707.56   ]]]
4471	[[[2171.4001   984.60004  939.24   ]]]
4472	[[[2172.6      985.80005  939.48   ]]]
4473	[[[2175.    983.4   705.28]]]
4474	[[[2175.    983.4   709.48]]]
4475	[[[2176.2002   985.80005  707.64   ]]]
4476	[[[2173.8   983.4   939.48]]]
4477	[[[2176.2002   985.80005  707.44   ]]]
4478	[[[2171.4001  983.4     938.84  ]]]
4479	[[[2171.4001   984.60004  939.80005]]]
4480	[[[2170.2002   984.60004  939.8    ]]]
4481	[[[2171.4001   984.60004  940.32   ]]]
4482	[[[2171.4001  983.4     939.12  ]]]
4483	[[[2171.4001  983.4     938.68  ]]]
4484	[[[2170.2002   983.4      940.16003]]]
4485	[[[2172.6   983.4   939.32]]]
4486	[[[2171.4001   983.4      939.16003]]]
4487	[[[2172.6      984.60004  939.16003]]]
4488	[[[2172.6      984.60004  939.48   ]]]
4489	[[[2176.2002   984.60004  707.52   ]]]
4490	[[[2176.2002   984.60004  707.28   ]]]
4491	[[[2171.4001  982.2     949.88  ]]]
4492	[[[2172.6   983.4   939.48]]]
4493	[[[2171.4001  983.4     940.48  ]]]
4494	[[[2175.       981.00006  704.96   ]]]
4495	[[[2171.4001  982.2     950.12  ]]]
4496	[[[2171.4001  982.2     939.48  ]]]
4497	[[[2171.4001  983.4     940.64  ]]]
4498	[[[2172.6      981.00006  939.24   ]]]
4499	[[[2175.       981.00006  705.12   ]]]
4500	[[[2170.2002   982.2      939.72003]]]
4501	[[[2172.6      981.00006  933.56   ]]]
4502	[[[2171.4001   981.00006  933.     ]]]
4503	[[[2172.6   982.2   939.08]]]
4504	[[[2171.4001   981.00006  938.76   ]]]
4505	[[[2175.       981.00006  705.16   ]]]
4506	[[[2173.8      982.2      939.80005]]]
4507	[[[2172.6      983.4      939.72003]]]
4508	[[[2171.4001  983.4     940.32  ]]]
4509	[[[2172.6      982.2      939.72003]]]
4510	[[[2169.    982.2   935.68]]]
4511	[[[2176.2002  982.2     709.08  ]]]
4512	[[[2172.6   982.2   933.28]]]
4513	[[[2172.6   983.4   939.32]]]
4514	[[[2175.    982.2   710.04]]]
4515	[[[2171.4001  982.2     939.68  ]]]
4516	[[[2172.6   982.2   938.76]]]
4517	[[[2172.6      984.60004  940.08   ]]]
4518	[[[2176.2002  982.2     704.76  ]]]
4519	[[[2173.8   983.4   939.76]]]
4520	[[[2172.6   982.2   938.68]]]
4521	[[[2172.6      982.2      949.92004]]]
4522	[[[2172.6  983.4  939. ]]]
4523	[[[2173.8   983.4   940.24]]]
4524	[[[2176.2002  982.2     709.44  ]]]
4525	[[[2172.6   982.2   939.24]]]
4526	[[[2172.6   983.4   939.56]]]
4527	[[[2176.2002  982.2     710.    ]]]
4528	[[[2177.4001  982.2     709.8   ]]]
4529	[[[2172.6   983.4   939.32]]]
4530	[[[2175.       981.00006  707.36   ]]]
4531	[[[2173.8   983.4   938.68]]]
4532	[[[2173.8      984.60004  940.64   ]]]
4533	[[[2178.6      984.60004  707.64   ]]]
4534	[[[2177.4001   984.60004  936.36   ]]]
4535	[[[2177.4001  983.4     709.36  ]]]
4536	[[[2173.8      984.60004  939.64   ]]]
4537	[[[2172.6   983.4   939.32]]]
4538	[[[2170.2002   983.4      935.92004]]]
4539	[[[2175.       984.60004  939.56   ]]]
4540	[[[2175.       983.4      938.92004]]]
4541	[[[2178.6   983.4   709.68]]]
4542	[[[2177.4001  982.2     709.2   ]]]
4543	[[[2176.2002   984.60004  940.     ]]]
4544	[[[2173.8      984.60004  939.92004]]]
4545	[[[2173.8      984.60004  939.56   ]]]
4546	[[[2173.8   983.4   939.24]]]
4547	[[[2178.6   983.4   705.12]]]
4548	[[[2175.       981.00006  936.16003]]]
4549	[[[2173.8   983.4   938.48]]]
4550	[[[2178.6      985.80005  707.56   ]]]
4551	[[[2171.4001   984.60004  935.84   ]]]
4552	[[[2175.       984.60004  939.04004]]]
4553	[[[2178.6      985.80005  936.84   ]]]
4554	[[[2177.4001  983.4     704.84  ]]]
4555	[[[2176.2002   985.80005  940.04004]]]
4556	[[[2171.4001   985.80005  936.08   ]]]
4557	[[[2173.8      984.60004  939.16003]]]
4558	[[[2175.       985.80005  939.4    ]]]
4559	[[[2178.6   983.4   709.72]]]
4560	[[[2176.2002   985.80005  939.88   ]]]
4561	[[[2175.       984.60004  939.16003]]]
4562	[[[2175.       981.00006  936.16003]]]
4563	[[[2175.       984.60004  939.04004]]]
4564	[[[2178.6      987.00006  937.48   ]]]
4565	[[[2175.       985.80005  940.04004]]]
4566	[[[2176.2002   985.80005  939.56   ]]]
4567	[[[2179.8   983.4   709.92]]]
4568	[[[2178.6   983.4   709.92]]]
4569	[[[2177.4001   984.60004  939.68   ]]]
4570	[[[2179.8   983.4   709.88]]]
4571	[[[2176.2002   985.80005  940.04004]]]
4572	[[[2179.8      985.80005  707.4    ]]]
4573	[[[2178.6   983.4   709.48]]]
4574	[[[2178.6   983.4   709.64]]]
4575	[[[2176.2002   984.60004  939.80005]]]
4576	[[[2179.8   983.4   704.76]]]
4577	[[[2176.2002   985.80005  940.56   ]]]
4578	[[[2179.8  983.4  705. ]]]
4579	[[[2175.       984.60004  939.24   ]]]
4580	[[[2179.8   982.2   709.56]]]
4581	[[[2175.       987.00006  937.16003]]]
4582	[[[2177.4001   984.60004  939.56   ]]]
4583	[[[2179.8   982.2   704.88]]]
4584	[[[2177.4001  983.4     939.08  ]]]
4585	[[[2175.       984.60004  939.68   ]]]
4586	[[[2179.8   982.2   705.24]]]
4587	[[[2176.2002   984.60004  940.36   ]]]
4588	[[[2179.8      985.80005  937.32   ]]]
4589	[[[2179.8   982.2   709.76]]]
4590	[[[2176.2002   979.80005  936.08   ]]]
4591	[[[2177.4001   984.60004  939.32   ]]]
4592	[[[2176.2002   983.4      939.72003]]]
4593	[[[2177.4001  983.4     939.56  ]]]
4594	[[[2177.4001  983.4     939.24  ]]]
4595	[[[2179.8  982.2  705.2]]]
4596	[[[2179.8   982.2   709.48]]]
4597	[[[2177.4001  983.4     940.24  ]]]
4598	[[[2177.4001  983.4     940.36  ]]]
4599	[[[2179.8   982.2   709.72]]]
4600	[[[2178.6      979.80005  707.96   ]]]
4601	[[[2176.2002   983.4      939.16003]]]
4602	[[[2177.4001  982.2     933.2   ]]]
4603	[[[2177.4001  983.4     940.24  ]]]
4604	[[[2177.4001  982.2     933.2   ]]]
4605	[[[2177.4001   982.2      950.04004]]]
4606	[[[2177.4001   982.2      938.92004]]]
4607	[[[2176.2002  983.4     940.12  ]]]
4608	[[[2181.       981.00006  705.2    ]]]
4609	[[[2173.8   982.2   935.96]]]
4610	[[[2179.8      981.00006  709.4    ]]]
4611	[[[2179.8      981.00006  705.08   ]]]
4612	[[[2176.2002   983.4      939.80005]]]
4613	[[[2177.4001   978.60004  936.2    ]]]
4614	[[[2179.8  982.2  709.6]]]
4615	[[[2176.2002   983.4      939.72003]]]
4616	[[[2179.8      981.00006  709.36   ]]]
4617	[[[2178.6      987.00006  937.84   ]]]
4618	[[[2179.8      979.80005  707.6    ]]]
4619	[[[2177.4001   983.4      939.72003]]]
4620	[[[2178.6      983.4      939.92004]]]
4621	[[[2177.4001   983.4      938.92004]]]
4622	[[[2176.2002  983.4     939.56  ]]]
4623	[[[2177.4001   984.60004  939.88   ]]]
4624	[[[2176.2002  982.2     938.96  ]]]
4625	[[[2177.4001   984.60004  940.6    ]]]
4626	[[[2178.6   983.4   940.28]]]
4627	[[[2176.2002   983.4      938.72003]]]
4628	[[[2177.4001   984.60004  940.44   ]]]
4629	[[[2177.4001   984.60004  940.2    ]]]
4630	[[[2178.6      983.4      939.16003]]]
4631	[[[2177.4001   984.60004  939.96   ]]]
4632	[[[2177.4001   981.00006  937.08   ]]]
4633	[[[2178.6   983.4   939.44]]]
4634	[[[2176.2002   984.60004  939.2    ]]]
4635	[[[2179.8  982.2  709.2]]]
4636	[[[2177.4001   984.60004  939.32   ]]]
4637	[[[2181.       985.80005  707.28   ]]]
4638	[[[2179.8  983.4  705.4]]]
4639	[[[2179.8   982.2   704.36]]]
4640	[[[2177.4001   984.60004  939.52   ]]]
4641	[[[2181.    983.4   704.96]]]
4642	[[[2182.2002   985.80005  707.64   ]]]
4643	[[[2177.4001   984.60004  939.4    ]]]
4644	[[[2177.4001   984.60004  938.72003]]]
4645	[[[2177.4001  982.2     937.64  ]]]
4646	[[[2178.6      985.80005  940.24   ]]]
4647	[[[2177.4001  983.4     939.08  ]]]
4648	[[[2178.6      984.60004  939.96   ]]]
4649	[[[2177.4001   985.80005  939.88   ]]]
4650	[[[2181.    983.4   709.48]]]
4651	[[[2183.4001   985.80005  708.     ]]]
4652	[[[2177.4001   984.60004  939.72003]]]
4653	[[[2177.4001   985.80005  939.80005]]]
4654	[[[2178.6      985.80005  939.88   ]]]
4655	[[[2182.2002  983.4     704.84  ]]]
4656	[[[2179.8  988.2  938.4]]]
4657	[[[2183.4001   985.80005  707.6    ]]]
4658	[[[2178.6      985.80005  940.44   ]]]
4659	[[[2178.6      984.60004  939.44   ]]]
4660	[[[2179.8      985.80005  940.6    ]]]
4661	[[[2178.6      985.80005  940.44   ]]]
4662	[[[2178.6      985.80005  940.44   ]]]
4663	[[[2178.6      985.80005  939.12   ]]]
4664	[[[2178.6      984.60004  939.12   ]]]
4665	[[[2179.8      987.00006  939.88   ]]]
4666	[[[2179.8      985.80005  939.44   ]]]
4667	[[[2179.8      987.00006  939.88   ]]]
4668	[[[2182.2002   984.60004  709.76   ]]]
4669	[[[2182.2002   984.60004  709.84   ]]]
4670	[[[2182.2002  983.4     708.88  ]]]
4671	[[[2179.8      985.80005  939.4    ]]]
4672	[[[2183.4001   984.60004  710.04   ]]]
4673	[[[2182.2002   984.60004  710.08   ]]]
4674	[[[2179.8      985.80005  939.16003]]]
4675	[[[2181.       985.80005  939.92004]]]
4676	[[[2179.8   988.2   940.88]]]
4677	[[[2183.4001   984.60004  704.96   ]]]
4678	[[[2183.4001   985.80005  709.64   ]]]
4679	[[[2183.4001   985.80005  709.6    ]]]
4680	[[[2179.8      987.00006  939.6    ]]]
4681	[[[2177.4001   987.00006  936.28   ]]]
4682	[[[2183.4001   985.80005  710.     ]]]
4683	[[[2181.       985.80005  939.32   ]]]
4684	[[[2181.    988.2   940.88]]]
4685	[[[2179.8      985.80005  938.92004]]]
4686	[[[2181.       987.00006  939.56   ]]]
4687	[[[2183.4001   985.80005  709.92   ]]]
4688	[[[2183.4001   985.80005  705.56   ]]]
4689	[[[2181.       990.60004  937.84   ]]]
4690	[[[2179.8      988.2      940.80005]]]
4691	[[[2179.8      985.80005  939.48   ]]]
4692	[[[2184.6      987.00006  937.16003]]]
4693	[[[2182.2002   985.80005  939.92004]]]
4694	[[[2182.2002  988.2     939.48  ]]]
4695	[[[2181.       987.00006  940.36   ]]]
4696	[[[2179.8      985.80005  939.72003]]]
4697	[[[2181.       985.80005  933.76   ]]]
4698	[[[2181.       987.00006  940.92004]]]
4699	[[[2184.6      984.60004  709.96   ]]]
4700	[[[2181.       987.00006  940.68   ]]]
4701	[[[2185.8      987.00006  707.72   ]]]
4702	[[[2184.6      984.60004  710.24   ]]]
4703	[[[2179.8      985.80005  939.6    ]]]
4704	[[[2184.6      987.00006  707.76   ]]]
4705	[[[2179.8      987.00006  940.04004]]]
4706	[[[2181.       987.00006  940.48   ]]]
4707	[[[2179.8      985.80005  939.96   ]]]
4708	[[[2177.4001   987.00006  937.16003]]]
4709	[[[2183.4001   985.80005  710.52   ]]]
4710	[[[2182.2002   985.80005  940.72003]]]
4711	[[[2181.       987.00006  940.56   ]]]
4712	[[[2182.2002   985.80005  940.48   ]]]
4713	[[[2179.8      985.80005  939.8    ]]]
4714	[[[2181.       987.00006  941.08   ]]]
4715	[[[2184.6      984.60004  705.36   ]]]
4716	[[[2182.2002   982.2      936.80005]]]
4717	[[[2181.       985.80005  940.24   ]]]
4718	[[[2181.       987.00006  940.48   ]]]
4719	[[[2181.       987.00006  940.68   ]]]
4720	[[[2184.6      984.60004  705.48   ]]]
4721	[[[2181.    982.2   937.08]]]
4722	[[[2184.6   983.4   705.24]]]
4723	[[[2181.       984.60004  933.52   ]]]
4724	[[[2184.6   983.4   704.64]]]
4725	[[[2184.6  983.4  709.4]]]
4726	[[[2182.2002   985.80005  939.72003]]]
4727	[[[2187.       985.80005  707.92   ]]]
4728	[[[2182.2002   987.00006  941.28   ]]]
4729	[[[2182.2002   984.60004  939.48   ]]]
4730	[[[2182.2002   987.00006  940.24   ]]]
4731	[[[2185.8      985.80005  936.6    ]]]
4732	[[[2185.8      987.00006  937.56   ]]]
4733	[[[2182.2002   985.80005  940.24   ]]]
4734	[[[2182.2002   985.80005  939.88   ]]]
4735	[[[2182.2002   984.60004  939.56   ]]]
4736	[[[2182.2002   987.00006  940.64   ]]]
4737	[[[2185.8      984.60004  710.04   ]]]
4738	[[[2183.4001   984.60004  939.96   ]]]
4739	[[[2182.2002   984.60004  939.24   ]]]
4740	[[[2182.2002   985.80005  940.28   ]]]
4741	[[[2184.6      984.60004  705.88   ]]]
4742	[[[2184.6      989.4      938.16003]]]
4743	[[[2185.8      987.00006  707.92   ]]]
4744	[[[2185.8  983.4  709.2]]]
4745	[[[2183.4001   987.00006  940.12   ]]]
4746	[[[2182.2002  989.4     936.84  ]]]
4747	[[[2183.4001   985.80005  939.8    ]]]
4748	[[[2182.2002   985.80005  939.72003]]]
4749	[[[2182.2002   985.80005  939.48   ]]]
4750	[[[2182.2002   984.60004  939.     ]]]
4751	[[[2182.2002   985.80005  939.     ]]]
4752	[[[2182.2002   984.60004  939.24   ]]]
4753	[[[2182.2002   987.00006  940.32   ]]]
4754	[[[2182.2002   987.00006  940.32   ]]]
4755	[[[2187.    982.2   707.12]]]
4756	[[[2185.8      984.60004  705.     ]]]
4757	[[[2182.2002   985.80005  939.24   ]]]
4758	[[[2178.6      985.80005  936.52   ]]]
4759	[[[2184.6   983.4   704.16]]]
4760	[[[2185.8      984.60004  705.24   ]]]
4761	[[[2182.2002   985.80005  939.04004]]]
4762	[[[2185.8      985.80005  709.24   ]]]
4763	[[[2182.2002   985.80005  933.68   ]]]
4764	[[[2182.2002   987.00006  940.36   ]]]
4765	[[[2181.       985.80005  939.28   ]]]
4766	[[[2182.2002   987.00006  940.24   ]]]
4767	[[[2182.2002  988.2     940.56  ]]]
4768	[[[2184.6      985.80005  710.04   ]]]
4769	[[[2181.       985.80005  938.92004]]]
4770	[[[2182.2002  988.2     940.48  ]]]
4771	[[[2181.       987.00006  940.48   ]]]
4772	[[[2181.    988.2   941.12]]]
4773	[[[2182.2002   985.80005  938.48   ]]]
4774	[[[2185.8   988.2   707.08]]]
4775	[[[2184.6      984.60004  709.48   ]]]
4776	[[[2182.2002   987.00006  939.32   ]]]
4777	[[[2182.2002   985.80005  707.08   ]]]
4778	[[[2178.6      987.00006  935.76   ]]]
4779	[[[2184.6      985.80005  710.04   ]]]
4780	[[[2182.2002   987.00006  940.4    ]]]
4781	[[[2181.       987.00006  939.88   ]]]
4782	[[[2179.8      987.00006  939.80005]]]
4783	[[[2181.       987.00006  939.88   ]]]
4784	[[[2183.4001   984.60004  709.36   ]]]
4785	[[[2181.       987.00006  940.2    ]]]
4786	[[[2179.8   989.4   936.84]]]
4787	[[[2183.4001   984.60004  705.16   ]]]
4788	[[[2179.8      985.80005  939.24   ]]]
4789	[[[2179.8      985.80005  939.24   ]]]
4790	[[[2179.8      984.60004  938.88   ]]]
4791	[[[2176.2002   985.80005  936.28   ]]]
4792	[[[2184.6      987.00006  707.56   ]]]
4793	[[[2181.    989.4   937.48]]]
4794	[[[2181.       985.80005  939.24   ]]]
4795	[[[2181.       987.00006  939.56   ]]]
4796	[[[2184.6      987.00006  707.64   ]]]
4797	[[[2182.2002  982.2     707.88  ]]]
4798	[[[2179.8      984.60004  933.28   ]]]
4799	[[[2184.6      987.00006  707.52   ]]]
4800	[[[2179.8      985.80005  940.2    ]]]
4801	[[[2179.8      984.60004  933.16003]]]
4802	[[[2181.       985.80005  939.44   ]]]
4803	[[[2179.8      984.60004  933.16003]]]
4804	[[[2183.4001  983.4     709.28  ]]]
4805	[[[2179.8   983.4   932.96]]]
4806	[[[2181.       984.60004  939.48   ]]]
4807	[[[2181.       984.60004  939.24   ]]]
4808	[[[2179.8      983.4      932.72003]]]
4809	[[[2184.6   983.4   709.88]]]
4810	[[[2179.8      985.80005  940.56   ]]]
4811	[[[2183.4001  983.4     709.32  ]]]
4812	[[[2179.8      984.60004  938.24   ]]]
4813	[[[2178.6      984.60004  939.04004]]]
4814	[[[2183.4001  983.4     704.92  ]]]
4815	[[[2179.8   982.2   937.28]]]
4816	[[[2176.2002   984.60004  936.48   ]]]
4817	[[[2181.       985.80005  939.56   ]]]
4818	[[[2182.2002  982.2     703.96  ]]]
4819	[[[2181.       985.80005  938.92004]]]
4820	[[[2182.2002  983.4     709.28  ]]]
4821	[[[2183.4001   985.80005  707.36   ]]]
4822	[[[2178.6      984.60004  939.56   ]]]
4823	[[[2181.   983.4  938.8]]]
4824	[[[2179.8   983.4   932.96]]]
4825	[[[2181.       984.60004  939.24   ]]]
4826	[[[2181.       984.60004  940.     ]]]
4827	[[[2178.6      984.60004  939.24   ]]]
4828	[[[2179.8   983.4   933.28]]]
4829	[[[2179.8      985.80005  939.12   ]]]
4830	[[[2179.8      985.80005  939.28   ]]]
4831	[[[2179.8      985.80005  940.     ]]]
4832	[[[2178.6   983.4   938.24]]]
4833	[[[2178.6      985.80005  940.32   ]]]
4834	[[[2178.6      985.80005  939.16003]]]
4835	[[[2178.6      983.4      938.16003]]]
4836	[[[2182.2002  983.4     704.88  ]]]
4837	[[[2179.8      984.60004  939.48   ]]]
4838	[[[2179.8      984.60004  938.68   ]]]
4839	[[[2182.2002  983.4     704.32  ]]]
4840	[[[2182.2002   984.60004  704.8    ]]]
4841	[[[2178.6      984.60004  932.4    ]]]
4842	[[[2179.8      985.80005  939.32   ]]]
4843	[[[2179.8      985.80005  938.68   ]]]
4844	[[[2178.6      984.60004  932.4    ]]]
4845	[[[2178.6   989.4   936.68]]]
4846	[[[2179.8      985.80005  939.64   ]]]
4847	[[[2177.4001   985.80005  939.24   ]]]
4848	[[[2178.6      985.80005  938.24   ]]]
4849	[[[2178.6      985.80005  932.72003]]]
4850	[[[2177.4001   985.80005  938.92004]]]
4851	[[[2177.4001  989.4     936.68  ]]]
4852	[[[2181.       985.80005  709.44   ]]]
4853	[[[2182.2002   984.60004  704.36   ]]]
4854	[[[2178.6      988.2      939.72003]]]
4855	[[[2178.6      985.80005  932.96   ]]]
4856	[[[2182.2002   985.80005  704.48   ]]]
4857	[[[2178.6      987.00006  938.92004]]]
4858	[[[2179.8      985.80005  939.48   ]]]
4859	[[[2177.4001   987.00006  939.16003]]]
4860	[[[2182.2002   985.80005  704.32   ]]]
4861	[[[2181.       985.80005  704.88   ]]]
4862	[[[2178.6   988.2   939.68]]]
4863	[[[2178.6   988.2   939.56]]]
4864	[[[2177.4001  989.4     940.24  ]]]
4865	[[[2178.6  988.2  939.8]]]
4866	[[[2181.       985.80005  709.2    ]]]
4867	[[[2177.4001   987.00006  706.44   ]]]
4868	[[[2179.8      987.00006  709.32   ]]]
4869	[[[2178.6   989.4   938.88]]]
4870	[[[2177.4001   984.60004  935.8    ]]]
4871	[[[2176.2002  988.2     938.32  ]]]
4872	[[[2177.4001   988.2      932.72003]]]
4873	[[[2177.4001  989.4     940.08  ]]]
4874	[[[2179.8   988.2   709.64]]]
4875	[[[2176.2002  988.2     938.    ]]]
4876	[[[2177.4001  989.4     939.48  ]]]
4877	[[[2177.4001  988.2     938.4   ]]]
4878	[[[2177.4001   988.2      938.92004]]]
4879	[[[2176.2002  989.4     939.48  ]]]
4880	[[[2172.6   988.2   935.76]]]
4881	[[[2179.8      987.00006  704.44   ]]]
4882	[[[2175.       988.2      939.16003]]]
4883	[[[2175.       989.4      939.04004]]]
4884	[[[2177.4001   993.00006  937.16003]]]
4885	[[[2179.8   989.4   935.76]]]
4886	[[[2176.2002   991.80005  936.4    ]]]
4887	[[[2177.4001  988.2     939.48  ]]]
4888	[[[2179.8      990.60004  707.12   ]]]
4889	[[[2176.2002   990.60004  939.64   ]]]
4890	[[[2176.2002   993.00006  936.56006]]]
4891	[[[2176.2002   989.4      938.92004]]]
4892	[[[2179.8   988.2   704.44]]]
4893	[[[2176.2002   990.60004  940.24   ]]]
4894	[[[2176.2002   990.60004  939.24   ]]]
4895	[[[2176.2002   990.60004  939.24   ]]]
4896	[[[2179.8   988.2   704.44]]]
4897	[[[2179.8  988.2  709.6]]]
4898	[[[2175.    989.4   939.48]]]
4899	[[[2176.2002   990.60004  940.16003]]]
4900	[[[2176.2002   989.4      938.92004]]]
4901	[[[2179.8   988.2   709.24]]]
4902	[[[2179.8   988.2   709.24]]]
4903	[[[2176.2002   990.60004  939.32   ]]]
4904	[[[2175.       993.00006  937.     ]]]
4905	[[[2175.       990.60004  939.56   ]]]
4906	[[[2179.8   988.2   704.64]]]
4907	[[[2172.6      990.60004  935.92004]]]
4908	[[[2176.2002  989.4     933.2   ]]]
4909	[[[2176.2002   989.4      939.16003]]]
4910	[[[2175.    989.4   939.48]]]
4911	[[[2175.       990.60004  939.56   ]]]
4912	[[[2178.6      990.60004  940.64   ]]]
4913	[[[2178.6   988.2   709.04]]]
4914	[[[2176.2002   991.80005  940.32   ]]]
4915	[[[2179.8      991.80005  707.52   ]]]
4916	[[[2178.6   989.4   704.76]]]
4917	[[[2178.6   989.4   709.72]]]
4918	[[[2175.       990.60004  938.92004]]]
4919	[[[2176.2002   990.60004  939.64   ]]]
4920	[[[2178.6   989.4   704.92]]]
4921	[[[2179.8      991.80005  707.44   ]]]
4922	[[[2181.       987.00006  706.64   ]]]
4923	[[[2175.       990.60004  940.     ]]]
4924	[[[2176.2002   990.60004  939.92004]]]
4925	[[[2176.2002   987.00006  936.36   ]]]
4926	[[[2176.2002   987.00006  936.6    ]]]
4927	[[[2176.2002   991.80005  939.56   ]]]
4928	[[[2179.8   989.4   709.48]]]
4929	[[[2172.6      990.60004  935.52   ]]]
4930	[[[2176.2002   990.60004  939.32   ]]]
4931	[[[2175.       990.60004  938.80005]]]
4932	[[[2176.2002   991.80005  940.36   ]
  [ 983.4     1129.8      792.52   ]]]
4933	[[[2175.       990.60004  939.16003]]]
4934	[[[2175.       994.2      936.92004]]]
4935	[[[2175.       990.60004  939.24   ]]]
4936	[[[2175.       991.80005  939.64   ]]]
4937	[[[2177.4001  994.2     937.84  ]]]
4938	[[[2175.       990.60004  933.44   ]]]
4939	[[[2177.4001  994.2     938.    ]]]
4940	[[[2175.       991.80005  940.28   ]]]
4941	[[[2175.       990.60004  933.2    ]]]
4942	[[[2176.2002   991.80005  939.88   ]]]
4943	[[[2171.4001   990.60004  936.28   ]]]
4944	[[[2178.6   989.4   709.12]]]
4945	[[[2173.8      990.60004  939.24   ]]]
4946	[[[2176.2002   991.80005  940.24   ]]]
4947	[[[2175.       990.60004  933.28   ]]]
4948	[[[2178.6      990.60004  705.     ]]]
4949	[[[2178.6      990.60004  709.44   ]]]
4950	[[[2178.6   989.4   709.08]]]
4951	[[[2175.       990.60004  933.4    ]]]
4952	[[[2175.       990.60004  949.88   ]]]
4953	[[[2176.2002   991.80005  939.4    ]]]
4954	[[[2175.       991.80005  939.76   ]]]
4955	[[[2178.6      990.60004  709.72   ]]]
4956	[[[2178.6      990.60004  709.76   ]]]
4957	[[[2176.2002   991.80005  939.44   ]]]
4958	[[[2175.       990.60004  938.64   ]]]
4959	[[[2175.       991.80005  940.08   ]]]
4960	[[[2173.8      990.60004  940.32   ]]]
4961	[[[2176.2002  988.2     707.4   ]]]
4962	[[[2178.6  989.4  705.2]]]
4963	[[[2178.6   989.4   704.96]]]
4964	[[[2176.2002   990.60004  940.     ]]]
4965	[[[2178.6  989.4  709.4]]]
4966	[[[2176.2002   990.60004  940.24   ]]]
4967	[[[2178.6   989.4   709.44]]]
4968	[[[2175.       990.60004  939.12   ]]]
4969	[[[2175.       990.60004  939.24   ]]]
4970	[[[2173.8   989.4   939.32]]]
4971	[[[2175.       991.80005  940.32   ]]]
4972	[[[2173.8      990.60004  939.24   ]]]
4973	[[[2173.8      991.80005  940.56   ]]]
4974	[[[2178.6   989.4   709.48]]]
4975	[[[2175.       990.60004  940.     ]]]
4976	[[[2178.6   989.4   705.04]]]
4977	[[[2177.4001  989.4     709.92  ]]]
4978	[[[2175.       987.00006  937.16003]]]
4979	[[[2173.8      990.60004  940.04004]]]
4980	[[[2178.6      990.60004  936.56006]]]
4981	[[[2173.8      990.60004  939.4    ]]]
4982	[[[2175.       990.60004  939.68   ]]]
4983	[[[2177.4001  989.4     705.32  ]]]
4984	[[[2175.       990.60004  939.92004]]]
4985	[[[2175.       991.80005  939.56   ]]]
4986	[[[2177.4001  988.2     704.44  ]]]
4987	[[[2177.4001  988.2     709.12  ]]]
4988	[[[2173.8      991.80005  940.72003]]]
4989	[[[2172.6      990.60004  940.12   ]]]
4990	[[[2173.8      987.00006  936.84   ]]]
4991	[[[2175.       994.2      937.92004]]]
4992	[[[2173.8   994.2   937.24]]]
4993	[[[2170.2002  989.4     936.68  ]]]
4994	[[[2172.6      990.60004  940.56   ]]]
4995	[[[2173.8   989.4   939.24]]]
4996	[[[2176.2002  989.4     710.52  ]]]
4997	[[[2173.8      990.60004  940.12   ]]]
4998	[[[2177.4001  988.2     705.36  ]]]
4999	[[[2175.       989.4      939.92004]]]
5000	[[[2173.8      990.60004  940.88   ]]]
5001	[[[2172.6   989.4   939.88]]]
5002	[[[2177.4001   990.60004  707.76   ]]]
5003	[[[2173.8      990.60004  939.8    ]]]
5004	[[[2172.6   989.4   939.24]]]
5005	[[[2175.    989.4   940.56]]]
5006	[[[2173.8   989.4   939.24]]]
5007	[[[2177.4001  988.2     709.92  ]]]
5008	[[[2176.2002  988.2     709.92  ]]]
5009	[[[2173.8      990.60004  940.96   ]]]
5010	[[[2176.2002   987.00006  704.64   ]]]
5011	[[[2173.8      990.60004  939.72003]]]
5012	[[[2175.   989.4  940.4]]]
5013	[[[2173.8   989.4   939.76]]]
5014	[[[2173.8  989.4  940.4]]]
5015	[[[2173.8      988.2      933.72003]]]
5016	[[[2173.8   989.4   939.64]]]
5017	[[[2172.6   989.4   939.88]]]
5018	[[[2175.    989.4   939.96]]]
5019	[[[2172.6   989.4   940.56]]]
5020	[[[2172.6      990.60004  941.32   ]]]
5021	[[[2177.4001  988.2     709.96  ]]]
5022	[[[2172.6   989.4   939.64]]]
5023	[[[2176.2002   987.00006  709.12   ]]]
5024	[[[2176.2002  988.2     705.68  ]]]
5025	[[[2177.4001   987.00006  710.12   ]]]
5026	[[[2175.       991.80005  937.92004]]]
5027	[[[2173.8   989.4   940.32]]]
5028	[[[2172.6  989.4  940.4]]]
5029	[[[2176.2002   984.60004  707.92   ]]]
5030	[[[2172.6  988.2  940.4]]]
5031	[[[2176.2002   987.00006  705.76   ]]]
5032	[[[2172.6      987.00006  939.32   ]]]
5033	[[[2176.2002   985.80005  709.4    ]]]
5034	[[[2173.8      991.80005  937.44   ]]]
5035	[[[2172.6      989.4      940.72003]]]
5036	[[[2172.6   988.2   939.64]]]
5037	[[[2172.6   989.4   941.12]]]
5038	[[[2175.   988.2  940.4]]]
5039	[[[2176.2002   987.00006  709.72   ]]]
5040	[[[2173.8   989.4   939.96]]]
5041	[[[2173.8   989.4   941.08]]]
5042	[[[2172.6   988.2   939.08]]]
5043	[[[2172.6   989.4   941.08]]]
5044	[[[2172.6   989.4   940.96]]]
5045	[[[2176.2002  988.2     709.72  ]]]
5046	[[[2172.6      989.4      940.80005]]]
5047	[[[2173.8      985.80005  707.96   ]]]
5048	[[[2172.6      988.2      933.72003]]]
5049	[[[2171.4001  988.2     939.96  ]]]
5050	[[[2172.6   988.2   933.88]]]
5051	[[[2176.2002   987.00006  709.8    ]]]
5052	[[[2171.4001  988.2     939.48  ]]]
5053	[[[2173.8      984.60004  936.76   ]]]
5054	[[[2172.6      987.00006  933.2    ]]]
5055	[[[2173.8      988.2      940.04004]]]
5056	[[[2172.6      987.00006  939.16003]]]
5057	[[[2176.2002   987.00006  705.48   ]]]
5058	[[[2172.6   989.4   940.12]]]
5059	[[[2173.8   988.2   939.28]]]
5060	[[[2173.8   988.2   939.24]]]
5061	[[[2173.8      984.60004  936.52   ]]]
5062	[[[2172.6      987.00006  939.12   ]]]
5063	[[[2173.8   988.2   939.48]]]
5064	[[[2177.4001   987.00006  709.96   ]]]
5065	[[[2175.       991.80005  938.32   ]]]
5066	[[[2172.6   989.4   940.96]]]
5067	[[[2175.       991.80005  938.24   ]]]
5068	[[[2176.2002   985.80005  709.4    ]]]
5069	[[[2172.6      987.00006  933.52   ]]]
5070	[[[2176.2002   987.00006  710.     ]]]
5071	[[[2172.6      988.2      939.92004]]]
5072	[[[2173.8      987.00006  939.92004]]]
5073	[[[2172.6   988.2   940.32]]]
5074	[[[2173.8   988.2   939.88]]]
5075	[[[2171.4001   988.2      940.16003]]]
5076	[[[2175.       990.60004  937.96   ]]]
5077	[[[2172.6      989.4      941.04004]]]
5078	[[[2178.6      984.60004  707.44   ]]]
5079	[[[2173.8      988.2      940.04004]]]
5080	[[[2172.6   988.2   939.48]]]
5081	[[[2172.6      987.00006  933.36   ]]]
5082	[[[2175.    988.2   940.56]]]
5083	[[[2172.6      988.2      939.72003]]]
5084	[[[2176.2002   984.60004  707.88   ]]]
5085	[[[2176.2002   987.00006  704.88   ]]]
5086	[[[2172.6   988.2   939.56]]]
5087	[[[2176.2002  988.2     709.4   ]]]
5088	[[[2172.6   988.2   933.36]]]
5089	[[[2173.8   989.4   939.68]]]
5090	[[[2176.2002   991.80005  938.24   ]]]
5091	[[[2172.6  989.4  940. ]]]
5092	[[[2176.2002   987.00006  704.64   ]]]
5093	[[[2173.8  989.4  940.2]]]
5094	[[[2173.8   988.2   707.08]]]
5095	[[[2176.2002  988.2     705.4   ]]]
5096	[[[2172.6      990.60004  941.12   ]]]
5097	[[[2172.6   988.2   939.56]]]
5098	[[[2176.2002  988.2     709.72  ]]]
5099	[[[2173.8      985.80005  936.6    ]]]
5100	[[[2176.2002  988.2     709.8   ]]]
5101	[[[2175.    989.4   940.32]]]
5102	[[[2173.8      990.60004  940.32   ]]]
5103	[[[2172.6      989.4      939.80005]]]
5104	[[[2173.8      989.4      939.16003]]]
5105	[[[2173.8   989.4   939.48]]]
5106	[[[2173.8   989.4   933.52]]]
5107	[[[2173.8      990.60004  940.48   ]]]
5108	[[[2173.8      985.80005  936.6    ]]]
5109	[[[2176.2002  988.2     705.08  ]]]
5110	[[[2172.6   989.4   939.88]]]
5111	[[[2173.8   989.4   939.24]]]
5112	[[[2172.6  989.4  933.4]]]
5113	[[[2177.4001  989.4     709.08  ]]]
5114	[[[2176.2002  988.2     705.08  ]]]
5115	[[[2171.4001  989.4     939.32  ]]]
5116	[[[2177.4001   990.60004  707.76   ]]]
5117	[[[2176.2002  988.2     704.8   ]]]
5118	[[[2172.6   989.4   939.56]]]
5119	[[[2172.6      990.60004  940.     ]]]
5120	[[[2176.2002  988.2     709.6   ]]]
5121	[[[2172.6      991.80005  941.     ]]]
5122	[[[2173.8      990.60004  940.     ]]]
5123	[[[2176.2002  988.2     709.64  ]]]
5124	[[[2172.6      991.80005  940.24   ]]]
5125	[[[2175.    989.4   705.68]]]
5126	[[[2173.8      990.60004  939.8    ]]]
5127	[[[2173.8      990.60004  940.24   ]]]
5128	[[[2175.   989.4  710. ]]]
5129	[[[2176.2002  988.2     709.36  ]]]
5130	[[[2176.2002  988.2     705.04  ]]]
5131	[[[2176.2002  988.2     705.    ]]]
5132	[[[2171.4001  989.4     939.88  ]]]
5133	[[[2173.8  994.2  938. ]]]
5134	[[[2176.2002  988.2     709.32  ]]]
5135	[[[2172.6      991.80005  940.56   ]]]
5136	[[[2172.6   988.2   933.32]]]
5137	[[[2176.2002  988.2     704.8   ]]]
5138	[[[2177.4001   985.80005  707.12   ]]]
5139	[[[2176.2002  988.2     709.88  ]]]
5140	[[[2172.6   989.4   938.88]]]
5141	[[[2172.6      990.60004  940.32   ]]]
5142	[[[2169.    988.2   936.08]]]
5143	[[[2176.2002  988.2     709.4   ]]]
5144	[[[2176.2002  988.2     709.72  ]]]
5145	[[[2177.4001  989.4     708.32  ]]]
5146	[[[2172.6   988.2   938.96]]]
5147	[[[2172.6      989.4      939.72003]]]
5148	[[[2176.2002  988.2     705.28  ]]]
5149	[[[2173.8      990.60004  940.56   ]]]
5150	[[[2172.6   988.2   939.24]]]
5151	[[[2173.8      990.60004  939.48   ]]]
5152	[[[2173.8   989.4   939.48]]]
5153	[[[2172.6   989.4   939.48]]]
5154	[[[2172.6   988.2   938.68]]]
5155	[[[2172.6   988.2   938.32]]]
5156	[[[2173.8      990.60004  939.56   ]]]
5157	[[[2175.       990.60004  939.56   ]]]
5158	[[[2176.2002   991.80005  937.6    ]]]
5159	[[[2175.       989.4      939.80005]]]
5160	[[[2177.4001  988.2     709.64  ]]]
5161	[[[2175.    989.4   939.32]]]
5162	[[[2177.4001  988.2     709.24  ]]]
5163	[[[2173.8   988.2   932.96]]]
5164	[[[2177.4001  988.2     705.    ]]]
5165	[[[2175.    989.4   939.56]]]
5166	[[[2176.2002  988.2     709.76  ]]]
5167	[[[2175.    989.4   939.56]]]
5168	[[[2176.2002  988.2     709.68  ]]]
5169	[[[2172.6  988.2  938.8]]]
5170	[[[2173.8      985.80005  936.2    ]]]
5171	[[[2177.4001  988.2     704.56  ]]]
5172	[[[2176.2002   987.00006  704.04   ]]]
5173	[[[2173.8      990.60004  939.4    ]]]
5174	[[[2170.2002  989.4     935.52  ]]]
5175	[[[2177.4001  988.2     704.56  ]]]
5176	[[[2175.    989.4   939.56]]]
5177	[[[2173.8      990.60004  939.80005]]]
5178	[[[2173.8      989.4      939.04004]]]
5179	[[[2175.       989.4      939.04004]]]
5180	[[[2173.8      989.4      938.92004]]]
5181	[[[2177.4001  988.2     704.4   ]]]
5182	[[[2170.2002  989.4     935.6   ]]]
5183	[[[2173.8   989.4   938.24]]]
5184	[[[2178.6      990.60004  707.44   ]]]
5185	[[[2175.    989.4   938.56]]]
5186	[[[2173.8      993.00006  936.6    ]]]
5187	[[[2173.8   989.4   938.48]]]
5188	[[[2177.4001  988.2     709.32  ]]]
5189	[[[2173.8      993.00006  936.84   ]]]
5190	[[[2175.       990.60004  939.04004]]]
5191	[[[2177.4001  988.2     709.32  ]]]
5192	[[[2176.2002  988.2     709.6   ]]]
5193	[[[2173.8      987.00006  936.68   ]]]
5194	[[[2176.2002   987.00006  708.28   ]]]
5195	[[[2177.4001  988.2     704.4   ]]]
5196	[[[2176.2002  988.2     709.4   ]]]
5197	[[[2177.4001  988.2     704.76  ]]]
5198	[[[2173.8      990.60004  939.24   ]]]
5199	[[[2176.2002  988.2     704.92  ]]]
5200	[[[2173.8      990.60004  939.4    ]]]
5201	[[[2176.2002  988.2     704.92  ]]]
5202	[[[2176.2002  988.2     704.8   ]]]
5203	[[[2172.6  988.2  938.8]]]
5204	[[[2177.4001   990.60004  707.12   ]]]
5205	[[[2172.6  988.2  938.4]]]
5206	[[[2176.2002  988.2     709.56  ]]]
5207	[[[2173.8      989.4      939.72003]]]
5208	[[[2172.6  988.2  938.4]]]
5209	[[[2177.4001   987.00006  709.36   ]]]
5210	[[[2172.6      988.2      938.80005]]]
5211	[[[2170.2002  988.2     935.44  ]]]
5212	[[[2173.8  988.2  938.4]]]
5213	[[[2177.4001   987.00006  704.72   ]]]
5214	[[[2175.       988.2      939.72003]]]
5215	[[[2170.2002  988.2     935.68  ]]]
5216	[[[2175.    988.2   938.64]]]
5217	[[[2177.4001   987.00006  704.48   ]]]
5218	[[[2172.6      987.00006  938.28   ]]]
5219	[[[2176.2002   987.00006  709.4    ]]]
5220	[[[2173.8      987.00006  938.52   ]]]
5221	[[[2176.2002   987.00006  709.64   ]]]
5222	[[[2172.6      987.00006  938.68   ]]]
5223	[[[2173.8      987.00006  932.64   ]]]
5224	[[[2177.4001  989.4     707.12  ]]]
5225	[[[2177.4001   987.00006  709.12   ]]]
5226	[[[2172.6  988.2  939.4]]]
5227	[[[2171.4001  988.2     939.28  ]]]
5228	[[[2171.4001   988.2      939.80005]]]
5229	[[[2172.6      987.00006  938.2    ]]]
5230	[[[2172.6   989.4   940.52]]]
5231	[[[2172.6  988.2  939.4]]]
5232	[[[2173.8      985.80005  707.12   ]]]
5233	[[[2176.2002   985.80005  708.8    ]]]
5234	[[[2172.6      987.00006  932.8    ]]]
5235	[[[2176.2002   985.80005  704.56   ]]]
5236	[[[2173.8   988.2   939.48]]]
5237	[[[2176.2002   985.80005  704.48   ]]]
5238	[[[2169.       987.00006  935.76   ]]]
5239	[[[2173.8      984.60004  707.04   ]]]
5240	[[[2176.2002  988.2     707.08  ]]]
5241	[[[2172.6      987.00006  939.4    ]]]
5242	[[[2172.6      987.00006  939.04004]]]
5243	[[[2173.8      985.80005  939.4    ]]]
5244	[[[2175.       985.80005  705.12   ]]]
5245	[[[2172.6      985.80005  932.8    ]]]
5246	[[[2177.4001  983.4     706.6   ]]]
5247	[[[2176.2002  988.2     936.76  ]]]
5248	[[[2172.6      985.80005  938.72003]]]
5249	[[[2176.2002   985.80005  704.88   ]]]
5250	[[[2176.2002   984.60004  709.04   ]]]
5251	[[[2172.6  982.2  935.8]]]
5252	[[[2172.6      985.80005  939.08   ]]]
5253	[[[2172.6      985.80005  939.08   ]]]
5254	[[[2175.    989.4   937.68]]]
5255	[[[2172.6      985.80005  938.88   ]]]
5256	[[[2175.       985.80005  939.16003]]]
5257	[[[2177.4001   984.60004  709.6    ]]]
5258	[[[2173.8      985.80005  932.88   ]]]
5259	[[[2173.8      985.80005  933.04004]]]
5260	[[[2172.6      987.00006  939.48   ]]]
5261	[[[2173.8      987.00006  940.     ]]]
5262	[[[2172.6      985.80005  938.8    ]]]
5263	[[[2177.4001   987.00006  707.52   ]]]
5264	[[[2177.4001   984.60004  709.56   ]]]
5265	[[[2172.6      985.80005  938.32   ]]]
5266	[[[2176.2002   985.80005  704.68   ]]]
5267	[[[2172.6      985.80005  938.48   ]]]
5268	[[[2176.2002   984.60004  709.08   ]]]
5269	[[[2172.6      985.80005  938.56   ]]]
5270	[[[2176.2002  982.2     937.48  ]]]
5271	[[[2173.8      985.80005  933.4    ]]]
5272	[[[2172.6      985.80005  938.72003]]]
5273	[[[2176.2002   985.80005  705.16   ]]]
5274	[[[2176.2002   985.80005  709.28   ]]]
5275	[[[2173.8      987.00006  939.24   ]]]
5276	[[[2175.       987.00006  940.24   ]]]
5277	[[[2177.4001   985.80005  704.64   ]]]
5278	[[[2173.8      985.80005  933.44   ]]]
5279	[[[2172.6      985.80005  939.     ]]]
5280	[[[2172.6      985.80005  938.4    ]]]
5281	[[[2172.6      987.00006  939.6    ]]]
5282	[[[2175.       985.80005  939.6    ]]]
5283	[[[2172.6      984.60004  938.52   ]]]
5284	[[[2175.       985.80005  939.52   ]]]
5285	[[[2176.2002   984.60004  705.4    ]]]
5286	[[[2176.2002   984.60004  705.36   ]]]
5287	[[[2177.4001   987.00006  707.72   ]]]
5288	[[[2173.8      985.80005  939.32   ]]]
5289	[[[2173.8      985.80005  939.48   ]]]
5290	[[[2172.6      987.00006  940.80005]]]
5291	[[[2172.6      985.80005  939.24   ]]]
5292	[[[2177.4001   987.00006  707.4    ]]]
5293	[[[2172.6      984.60004  939.48   ]]]
5294	[[[2173.8      985.80005  939.56   ]]]
5295	[[[2172.6      984.60004  938.84   ]]]
5296	[[[2173.8      985.80005  939.48   ]]]
5297	[[[2177.4001  983.4     709.64  ]]]
5298	[[[2178.6      985.80005  707.68   ]]]
5299	[[[2175.       985.80005  939.48   ]]]
5300	[[[2173.8      985.80005  939.80005]]]
5301	[[[2175.       985.80005  939.88   ]]]
5302	[[[2170.2002   984.60004  936.6    ]]]
5303	[[[2177.4001  983.4     705.28  ]]]
5304	[[[2175.    982.2   707.36]]]
5305	[[[2175.    988.2   937.76]]]
5306	[[[2177.4001   987.00006  937.92004]]]
5307	[[[2175.       984.60004  939.56   ]]]
5308	[[[2173.8      984.60004  939.24   ]]]
5309	[[[2175.       984.60004  940.4    ]]]
5310	[[[2177.4001  983.4     709.44  ]]]
5311	[[[2173.8      984.60004  939.84   ]]]
5312	[[[2173.8      984.60004  940.56   ]]]
5313	[[[2172.6  983.4  939.6]]]
5314	[[[2175.       984.60004  939.84   ]]]
5315	[[[2173.8  983.4  950.4]]]
5316	[[[2173.8      984.60004  939.84   ]]]
5317	[[[2173.8      984.60004  939.84   ]]]
5318	[[[2175.       984.60004  939.6    ]]]
5319	[[[2175.       983.4      940.16003]]]
5320	[[[2173.8      984.60004  940.6    ]]]
5321	[[[2173.8   983.4   933.56]]]
5322	[[[2177.4001  982.2     709.72  ]]]
5323	[[[2173.8   983.4   939.28]]]
5324	[[[2175.       987.00006  938.36   ]]]
5325	[[[2175.    983.4   939.56]]]
5326	[[[2177.4001  982.2     705.08  ]]]
5327	[[[2175.       985.80005  939.44   ]]]
5328	[[[2173.8      987.00006  937.52   ]]]
5329	[[[2172.6   983.4   939.32]]]
5330	[[[2173.8      984.60004  940.72003]]]
5331	[[[2177.4001  983.4     709.8   ]]]
5332	[[[2175.       984.60004  939.84   ]]]
5333	[[[2177.4001  983.4     709.6   ]]]
5334	[[[2177.4001   979.80005  938.32   ]]]
5335	[[[2178.6      985.80005  708.08   ]]]
5336	[[[2177.4001   984.60004  936.12   ]]]
5337	[[[2172.6      984.60004  940.72003]]]
5338	[[[2177.4001  983.4     705.56  ]]]
5339	[[[2178.6   983.4   705.04]]]
5340	[[[2176.2002   984.60004  940.12   ]]]
5341	[[[2176.2002   984.60004  940.24   ]
  [ 972.60004 1063.8      938.92004]]]
5342	[[[2175.       984.60004  939.92004]]]
5343	[[[2176.2002   984.60004  940.56   ]]]
5344	[[[2175.       984.60004  939.16003]]]
5345	[[[2173.8      984.60004  939.08   ]]]
5346	[[[2177.4001  983.4     709.92  ]]]
5347	[[[2173.8      984.60004  939.52   ]]]
5348	[[[2175.       984.60004  933.48   ]]]
5349	[[[2175.       985.80005  939.84   ]]]
5350	[[[2175.       984.60004  933.8    ]]]
5351	[[[2176.2002   985.80005  940.64   ]]]
5352	[[[2173.8      985.80005  940.32   ]]]
5353	[[[2175.       984.60004  933.8    ]]]
5354	[[[2175.       985.80005  940.08   ]]]
5355	[[[2173.8      985.80005  939.52   ]]]
5356	[[[2176.2002   985.80005  940.4    ]]]
5357	[[[2178.6      985.80005  936.76   ]]]
5358	[[[2175.       984.60004  933.48   ]]]
5359	[[[2178.6      987.00006  708.04   ]]]
5360	[[[2173.8      984.60004  939.2    ]]]
5361	[[[2176.2002   984.60004  939.6    ]]]
5362	[[[2176.2002   985.80005  940.16003]]]
5363	[[[2175.       985.80005  939.32   ]]]
5364	[[[2176.2002   985.80005  940.16003]]]
5365	[[[2173.8      985.80005  939.32   ]]]
5366	[[[2170.2002   985.80005  936.88   ]]]
5367	[[[2175.       987.00006  940.48   ]]]
5368	[[[2177.4001   984.60004  709.4    ]]]
5369	[[[2177.4001   985.80005  709.72   ]]]
5370	[[[2176.2002   987.00006  939.72003]]]
5371	[[[2173.8      985.80005  938.76   ]]]
5372	[[[2175.       987.00006  939.84   ]]]
5373	[[[2175.       987.00006  939.76   ]]]
5374	[[[2178.6   988.2   708.04]]]
5375	[[[2177.4001   984.60004  704.96   ]]]
5376	[[[2173.8      985.80005  939.56   ]]]
5377	[[[2175.       987.00006  939.88   ]]]
5378	[[[2177.4001   985.80005  705.52   ]]]
5379	[[[2176.2002   987.00006  940.12   ]]]
5380	[[[2177.4001   984.60004  704.6    ]]]
5381	[[[2175.       985.80005  939.56   ]]]
5382	[[[2178.6      985.80005  705.04   ]]]
5383	[[[2175.       987.00006  940.08   ]]]
5384	[[[2173.8      987.00006  939.4    ]]]
5385	[[[2173.8      987.00006  940.4    ]]]
5386	[[[2178.6      984.60004  710.08   ]]]
5387	[[[2170.2002   985.80005  936.44   ]]]
5388	[[[2175.       987.00006  940.16003]]]
5389	[[[2177.4001   985.80005  709.68   ]]]
5390	[[[2175.       987.00006  940.16003]]]
5391	[[[2173.8      987.00006  939.76   ]]]
5392	[[[2175.       985.80005  940.16003]]]
5393	[[[2175.       985.80005  940.16003]]]
5394	[[[2172.6      985.80005  939.2    ]]]
5395	[[[2176.2002   984.60004  709.52   ]]]
5396	[[[2172.6      989.4      937.16003]]]
5397	[[[2177.4001   985.80005  704.24   ]]]
5398	[[[2172.6      985.80005  939.80005]]]
5399	[[[2172.6      987.00006  940.72003]]]
5400	[[[2171.4001   985.80005  940.04004]]]
5401	[[[2172.6      984.60004  933.32   ]]]
5402	[[[2172.6      985.80005  939.6    ]]]
5403	[[[2173.8      985.80005  939.6    ]]]
5404	[[[2175.       984.60004  709.84   ]]]
5405	[[[2173.8      984.60004  939.52   ]]]
5406	[[[2172.6      985.80005  940.64   ]]]
5407	[[[2171.4001   984.60004  939.76   ]]]
5408	[[[2171.4001   985.80005  940.08   ]]]
5409	[[[2171.4001   985.80005  940.32   ]]]
5410	[[[2172.6      984.60004  933.8    ]]]
5411	[[[2172.6  983.4  707.4]]]
5412	[[[2171.4001   987.00006  940.88   ]]]
5413	[[[2172.6      985.80005  939.72003]]]
5414	[[[2170.2002   985.80005  939.80005]]]
5415	[[[2172.6      984.60004  939.56   ]]]
5416	[[[2171.4001   985.80005  940.2    ]]]
5417	[[[2172.6   988.2   937.44]]]
5418	[[[2170.2002   985.80005  940.     ]]]
5419	[[[2167.8      984.60004  936.04004]]]
5420	[[[2173.8   983.4   704.96]]]
5421	[[[2170.2002  988.2     937.2   ]]]
5422	[[[2169.       984.60004  939.84   ]]]
5423	[[[2170.2002  988.2     936.68  ]]]
5424	[[[2173.8   983.4   704.96]]]
5425	[[[2171.4001  982.2     707.24  ]]]
5426	[[[2166.6   983.4   936.12]]]
5427	[[[2171.4001   984.60004  939.32   ]]]
5428	[[[2170.2002  983.4     938.48  ]]]
5429	[[[2170.2002   985.80005  940.08   ]]]
5430	[[[2171.4001   985.80005  940.04004]]]
5431	[[[2170.2002   985.80005  939.76   ]]]
5432	[[[2169.   988.2  937.2]]]
5433	[[[2170.2002   985.80005  940.16003]]]
5434	[[[2173.8      984.60004  709.4    ]]]
5435	[[[2172.6   983.4   708.92]]]
5436	[[[2170.2002   984.60004  933.52   ]]]
5437	[[[2169.       984.60004  939.32   ]]]
5438	[[[2172.6      984.60004  709.2    ]]]
5439	[[[2169.       984.60004  933.04004]]]
5440	[[[2170.2002   985.80005  940.08   ]]]
5441	[[[2172.6   983.4   709.16]]]
5442	[[[2167.8      985.80005  939.4    ]]]
5443	[[[2170.2002   987.00006  939.08   ]]]
5444	[[[2169.       985.80005  938.88   ]]]
5445	[[[2169.       985.80005  939.64   ]]]
5446	[[[2169.       985.80005  938.76   ]]]
5447	[[[2170.2002   984.60004  939.16003]]]
5448	[[[2172.6      984.60004  705.08   ]]]
5449	[[[2170.2002   984.60004  938.2    ]]]
5450	[[[2172.6      984.60004  709.32   ]]]
5451	[[[2172.6      985.80005  935.12   ]]]
5452	[[[2167.8      985.80005  939.64   ]]]
5453	[[[2172.6      984.60004  704.72   ]]]
5454	[[[2169.       985.80005  938.84   ]]]
5455	[[[2167.8      985.80005  939.32   ]]]
5456	[[[2167.8      985.80005  939.32   ]]]
5457	[[[2169.       985.80005  938.68   ]]]
5458	[[[2172.6      984.60004  709.32   ]]]
5459	[[[2172.6      984.60004  709.28   ]]]
5460	[[[2172.6      984.60004  704.52   ]]]
5461	[[[2165.4001   985.80005  935.88   ]]]
5462	[[[2169.       987.00006  939.84   ]]]
5463	[[[2169.       987.00006  939.84   ]]]
5464	[[[2171.4001   984.60004  709.44   ]]]
5465	[[[2169.       985.80005  938.44   ]]]
5466	[[[2171.4001   984.60004  709.4    ]]]
5467	[[[2169.       987.00006  939.76   ]]]
5468	[[[2167.8      985.80005  938.32   ]]]
5469	[[[2170.2002   985.80005  939.32   ]]]
5470	[[[2167.8      985.80005  938.68   ]]]
5471	[[[2171.4001   984.60004  704.64   ]]]
5472	[[[2171.4001   984.60004  709.2    ]]]
5473	[[[2169.       985.80005  939.     ]]]
5474	[[[2169.       985.80005  938.36   ]]]
5475	[[[2171.4001   984.60004  708.92   ]]]
5476	[[[2167.8      985.80005  938.92004]]]
5477	[[[2169.       987.00006  939.08   ]]]
5478	[[[2167.8      987.00006  939.32   ]]]
5479	[[[2172.6      984.60004  704.48   ]]]
5480	[[[2167.8      985.80005  938.68   ]]]
5481	[[[2169.       987.00006  939.     ]]]
5482	[[[2169.       985.80005  932.56   ]]]
5483	[[[2167.8      985.80005  937.92004]]]
5484	[[[2167.8      984.60004  932.32   ]]]
5485	[[[2169.       982.2      935.92004]]]
5486	[[[2169.       987.00006  939.32   ]]]
5487	[[[2167.8      987.00006  939.24   ]]]
5488	[[[2171.4001   984.60004  704.24   ]]]
5489	[[[2167.8      987.00006  939.48   ]]]
5490	[[[2167.8      987.00006  939.12   ]]]
5491	[[[2167.8      985.80005  938.2    ]]]
5492	[[[2167.8      985.80005  932.64   ]]]
5493	[[[2171.4001   984.60004  709.2    ]]]
5494	[[[2169.       985.80005  938.72003]]]
5495	[[[2169.       987.00006  939.4    ]]]
5496	[[[2167.8      985.80005  932.76   ]]]
5497	[[[2167.8      987.00006  939.16003]]]
5498	[[[2166.6      985.80005  938.56   ]]]
5499	[[[2170.2002   984.60004  708.6    ]]]
5500	[[[2171.4001  988.2     706.48  ]]]
5501	[[[2166.6      985.80005  949.2    ]]]
5502	[[[2170.2002   984.60004  708.28   ]]]
5503	[[[2166.6   983.4   936.08]]]
5504	[[[2170.2002   985.80005  704.44   ]]]
5505	[[[2163.    988.2   936.44]]]
5506	[[[2166.6   983.4   935.76]]]
5507	[[[2166.6      985.80005  932.44   ]]]
5508	[[[2166.6   988.2   939.48]]]
5509	[[[2170.2002   985.80005  704.16   ]]]
5510	[[[2169.       990.60004  937.     ]]]
5511	[[[2166.6      987.00006  932.80005]]]
5512	[[[2166.6      987.00006  932.24   ]]]
5513	[[[2165.4001   987.00006  938.64   ]]]
5514	[[[2169.       990.60004  936.92004]]]
5515	[[[2169.       987.00006  708.92   ]]]
5516	[[[2167.8      991.80005  936.92004]]]
5517	[[[2165.4001   987.00006  938.4    ]]]
5518	[[[2169.       987.00006  704.64   ]]]
5519	[[[2166.6   988.2   938.48]]]
5520	[[[2170.2002  989.4     707.28  ]]]
5521	[[[2166.6   988.2   939.24]]]
5522	[[[2166.6   989.4   939.12]]]
5523	[[[2169.       987.00006  704.48   ]]]
5524	[[[2165.4001   987.00006  932.2    ]]]
5525	[[[2166.6      988.2      939.16003]]]
5526	[[[2166.6   988.2   939.48]]]
5527	[[[2165.4001  988.2     938.48  ]]]
5528	[[[2165.4001   987.00006  932.36   ]]]
5529	[[[2164.2002  988.2     939.28  ]]]
5530	[[[2165.4001   988.2      939.16003]]]
5531	[[[2164.2002   987.00006  938.     ]]]
5532	[[[2164.2002  988.2     938.8   ]]]
5533	[[[2167.8      985.80005  703.92   ]]]
5534	[[[2166.6  988.2  938.8]]]
5535	[[[2165.4001   987.00006  938.24   ]]]
5536	[[[2165.4001   987.00006  938.4    ]]]
5537	[[[2165.4001   987.00006  938.28   ]]]
5538	[[[2169.       985.80005  708.48   ]]]
5539	[[[2165.4001   987.00006  938.16003]]]
5540	[[[2164.2002   987.00006  938.08   ]]]
5541	[[[2165.4001   987.00006  949.28   ]]]
5542	[[[2167.8      985.80005  703.8    ]]]
5543	[[[2165.4001   987.00006  932.8    ]]]
5544	[[[2165.4001  983.4     935.52  ]]]
5545	[[[2165.4001  988.2     939.12  ]]]
5546	[[[2164.2002   987.00006  938.84   ]]]
5547	[[[2164.2002   987.00006  939.4    ]]]
5548	[[[2165.4001   987.00006  938.48   ]]]
5549	[[[2169.       985.80005  709.     ]]]
5550	[[[2165.4001  988.2     939.28  ]]]
5551	[[[2165.4001   987.00006  938.76   ]]]
5552	[[[2166.6      987.00006  938.24   ]]]
5553	[[[2170.2002   985.80005  704.84   ]]]
5554	[[[2163.       987.00006  935.52   ]]]
5555	[[[2166.6      987.00006  938.56   ]]]
5556	[[[2170.2002   985.80005  709.08   ]]]
5557	[[[2166.6      985.80005  932.52   ]]]
5558	[[[2169.       985.80005  704.68   ]]]
5559	[[[2170.2002  988.2     707.24  ]]]
5560	[[[2166.6      987.00006  938.84   ]]]
5561	[[[2163.       987.00006  935.96   ]]]
5562	[[[2171.4001  983.4     706.64  ]]]
5563	[[[2169.       985.80005  709.28   ]]]
5564	[[[2167.8      987.00006  939.12   ]]]
5565	[[[2165.4001   985.80005  938.24   ]]]
5566	[[[2165.4001   987.00006  939.08   ]]]
5567	[[[2170.2002   985.80005  709.12   ]]]
5568	[[[2170.2002   985.80005  709.12   ]]]
5569	[[[2166.6      985.80005  932.96   ]]]
5570	[[[2166.6      985.80005  949.48   ]]]
5571	[[[2166.6   982.2   935.36]]]
5572	[[[2165.4001   984.60004  938.88   ]]]
5573	[[[2163.       985.80005  935.28   ]]]
5574	[[[2166.6      985.80005  939.24   ]]]
5575	[[[2165.4001   984.60004  938.92004]]]
5576	[[[2165.4001   985.80005  939.56   ]]]
5577	[[[2169.    988.2   937.24]]]
5578	[[[2170.2002   984.60004  709.16   ]]]
5579	[[[2167.8      987.00006  939.48   ]]]
5580	[[[2170.2002   984.60004  704.36   ]]]
5581	[[[2166.6      985.80005  938.92004]]]
5582	[[[2167.8  989.4  937.6]]]
5583	[[[2166.6      985.80005  938.32   ]]]
5584	[[[2171.4001   987.00006  707.64   ]]]
5585	[[[2163.       985.80005  935.52   ]]]
5586	[[[2166.6      985.80005  938.96   ]]]
5587	[[[2165.4001   982.2      936.04004]]]
5588	[[[2165.4001   985.80005  939.72003]]]
5589	[[[2165.4001   984.60004  938.56   ]]]
5590	[[[2169.    983.4   708.72]]]
5591	[[[2165.4001  988.2     936.6   ]]]
5592	[[[2165.4001   987.00006  940.64   ]]]
5593	[[[2166.6      985.80005  939.64   ]]]
5594	[[[2165.4001   985.80005  940.16003]]]
5595	[[[2169.       984.60004  709.08   ]]]
5596	[[[2165.4001  988.2     936.2   ]]]
5597	[[[2165.4001  983.4     932.24  ]]]
5598	[[[2165.4001   984.60004  938.4    ]]]
5599	[[[2165.4001   985.80005  939.48   ]]]
5600	[[[2169.       984.60004  709.28   ]]]
5601	[[[2166.6      985.80005  939.12   ]]]
5602	[[[2169.       984.60004  709.08   ]]]
5603	[[[2169.       984.60004  709.     ]]]
5604	[[[2166.6      984.60004  706.6    ]]]
5605	[[[2165.4001   985.80005  939.80005]]]
5606	[[[2165.4001  982.2     936.08  ]]]
5607	[[[2166.6      987.00006  938.84   ]]]
5608	[[[2169.    983.4   708.56]]]
5609	[[[2166.6   982.2   935.84]]]
5610	[[[2169.       984.60004  704.32   ]]]
5611	[[[2166.6   982.2   935.88]]]
5612	[[[2165.4001   987.00006  939.68   ]]]
5613	[[[2165.4001   985.80005  938.84   ]]]
5614	[[[2165.4001   987.00006  938.72003]]]
5615	[[[2165.4001   985.80005  938.48   ]]]
5616	[[[2169.       985.80005  709.     ]]]
5617	[[[2166.6      987.00006  938.72003]]]
5618	[[[2169.    988.2   706.88]]]
5619	[[[2166.6   983.4   935.68]]]
5620	[[[2165.4001  988.2     939.36  ]]]
5621	[[[2164.2002   990.60004  936.56006]]]
5622	[[[2166.6   988.2   938.68]]]
5623	[[[2170.2002  988.2     707.6   ]]]
5624	[[[2170.2002  988.2     707.4   ]]]
5625	[[[2166.6   988.2   938.88]]]
5626	[[[2166.6      987.00006  705.96   ]]]
5627	[[[2165.4001   987.00006  932.28   ]]]
5628	[[[2164.2002   988.2      938.56006]]]
5629	[[[2169.       985.80005  704.2    ]]]
5630	[[[2169.       987.00006  704.     ]]]
5631	[[[2166.6   988.2   938.52]]]
5632	[[[2165.4001   984.60004  935.92004]]]
5633	[[[2167.8      987.00006  704.68   ]]]
5634	[[[2166.6   988.2   938.32]]]
5635	[[[2165.4001   991.80005  936.32   ]]]
5636	[[[2165.4001  988.2     938.    ]]]
5637	[[[2169.       987.00006  709.12   ]]]
5638	[[[2166.6      988.2      938.72003]]]
5639	[[[2169.       987.00006  708.72   ]]]
5640	[[[2165.4001   991.80005  936.28   ]]]
5641	[[[2165.4001   988.2      938.72003]]]
5642	[[[2165.4001  989.4     938.96  ]]]
5643	[[[2164.2002   987.00006  937.72003]]]
5644	[[[2165.4001  989.4     938.64  ]]]
5645	[[[2165.4001  988.2     937.96  ]]]
5646	[[[2166.6   988.2   938.64]]]
5647	[[[2169.    988.2   708.64]]]
5648	[[[2164.2002  988.2     937.96  ]]]
5649	[[[2166.6  989.4  939.2]]]
5650	[[[2167.8      987.00006  708.32   ]]]
5651	[[[2165.4001  988.2     938.4   ]]]
5652	[[[2167.8      987.00006  703.56   ]]]
5653	[[[2166.6  988.2  938.4]]]
5654	[[[2167.8  988.2  709. ]]]
5655	[[[2167.8  988.2  709.4]]]
5656	[[[2164.2002   989.4      938.72003]]]
5657	[[[2166.6      989.4      939.04004]]]
5658	[[[2165.4001  988.2     937.88  ]]]
5659	[[[2169.   988.2  708.4]]]
5660	[[[2167.8   988.2   704.56]]]
5661	[[[2169.    988.2   703.88]]]
5662	[[[2161.8   988.2   935.24]]]
5663	[[[2159.4001   991.80005  943.28   ]]]
5664	[[[2169.    988.2   704.08]]]
5665	[[[2166.6      990.60004  938.96   ]]]
5666	[[[2166.6      989.4      938.72003]]]
5667	[[[2169.   988.2  708.8]]]
5668	[[[2166.6      990.60004  939.04004]]]
5669	[[[2165.4001   985.80005  934.88   ]]]
5670	[[[2167.8  989.4  708.8]]]
5671	[[[2164.2002   990.60004  938.36   ]]]
5672	[[[2164.2002  989.4     937.48  ]]]
5673	[[[2166.6      990.60004  938.68   ]]]
5674	[[[2167.8   989.4   709.04]]]
5675	[[[2166.6   989.4   937.84]]]
5676	[[[2164.2002   990.60004  937.72003]]]
5677	[[[2167.8  989.4  704.2]]]
5678	[[[2165.4001   991.80005  939.16003]]]
5679	[[[2160.6      990.60004  934.72003]]]
5680	[[[2164.2002   990.60004  937.36   ]]]
5681	[[[2164.2002   990.60004  938.     ]]]
5682	[[[2167.8  989.4  703.8]]]
5683	[[[2164.2002   990.60004  931.96   ]]]
5684	[[[2169.       993.00006  706.48   ]]]
5685	[[[2164.2002   991.80005  938.56   ]]]
5686	[[[2164.2002  995.4     935.6   ]]]
5687	[[[2164.2002   991.80005  938.24   ]]]
5688	[[[2167.8      990.60004  708.4    ]]]
5689	[[[2165.4001   990.60004  937.92004]]]
5690	[[[2164.2002  989.4     936.28  ]]]
5691	[[[2167.8      993.00006  706.04   ]]]
5692	[[[2167.8      990.60004  703.56   ]]]
5693	[[[2164.2002  988.2     935.28  ]]]
5694	[[[2163.       991.80005  938.     ]]]
5695	[[[2164.2002   991.80005  938.48   ]]]
5696	[[[2166.6      990.60004  703.76   ]]]
5697	[[[2164.2002   991.80005  937.92004]]]
5698	[[[2163.       991.80005  938.16003]]]
5699	[[[2163.       991.80005  937.28   ]]]
5700	[[[2163.       993.00006  938.96   ]]]
5701	[[[2163.    995.4   935.48]]]
5702	[[[2163.       991.80005  937.52   ]]]
5703	[[[2166.6      990.60004  708.52   ]]]
5704	[[[2163.       991.80005  937.68   ]]]
5705	[[[2166.6      990.60004  708.24   ]]]
5706	[[[2164.2002   991.80005  937.56   ]]]
5707	[[[2163.       993.00006  938.16003]]]
5708	[[[2159.4001   991.80005  934.92004]]]
5709	[[[2163.       991.80005  937.56   ]]]
5710	[[[2164.2002   991.80005  937.84   ]]]
5711	[[[2163.    994.2   938.96]]]
5712	[[[2163.       993.00006  937.84   ]]]
5713	[[[2166.6      990.60004  703.8    ]]]
5714	[[[2163.       991.80005  937.32   ]]]
5715	[[[2166.6      991.80005  708.56   ]]]
5716	[[[2163.       993.00006  938.64   ]]]
5717	[[[2159.4001   993.00006  934.76   ]]]
5718	[[[2163.       991.80005  948.64   ]]]
5719	[[[2163.       991.80005  937.84   ]]]
5720	[[[2164.2002   993.00006  938.16003]]]
5721	[[[2163.       993.00006  938.80005]]]
5722	[[[2163.    988.2   934.52]]]
5723	[[[2163.       993.00006  937.92004]]]
5724	[[[2164.2002  994.2     938.4   ]]]
5725	[[[2163.       994.2      938.72003]]]
5726	[[[2166.6      991.80005  708.64   ]]]
5727	[[[2163.       993.00006  937.92004]]]
5728	[[[2164.2002   993.00006  938.08   ]]]
5729	[[[2163.       994.2      939.04004]]]
5730	[[[2161.8      993.00006  937.64   ]]]
5731	[[[2166.6      991.80005  703.76   ]]]
5732	[[[2163.       993.00006  937.68   ]]]
5733	[[[2167.8   994.2   706.16]]]
5734	[[[2166.6      991.80005  703.84   ]]]
5735	[[[2163.    994.2   938.68]]]
5736	[[[2161.8      993.00006  938.16003]]]
5737	[[[2163.       993.00006  937.72003]]]
5738	[[[2166.6      991.80005  708.28   ]]]
5739	[[[2157.   995.4  943.2]]]
5740	[[[2161.8      993.00006  937.6    ]]]
5741	[[[2164.2002   990.60004  706.28   ]]]
5742	[[[2166.6      991.80005  708.64   ]]]
5743	[[[2166.6      991.80005  708.4    ]]]
5744	[[[2166.6      991.80005  704.16   ]]]
5745	[[[2166.6      991.80005  708.44   ]]]
5746	[[[2163.    994.2   938.44]]]
5747	[[[2166.6      991.80005  703.8    ]]]
5748	[[[2166.6      991.80005  708.16   ]]]
5749	[[[2163.       991.80005  948.28   ]]]
5750	[[[2166.6   995.4   936.08]]]
5751	[[[2166.6      991.80005  708.4    ]]]
5752	[[[2164.2002   994.2      938.72003]]]
5753	[[[2166.6      991.80005  704.12   ]]]
5754	[[[2166.6   989.4   706.28]]]
5755	[[[2163.    994.2   939.08]]]
5756	[[[2164.2002   993.00006  937.72003]]]
5757	[[[2163.       996.60004  935.44   ]]]
5758	[[[2163.       991.80005  937.08   ]]]
5759	[[[2159.4001   993.00006  934.76   ]]]
5760	[[[2166.6      991.80005  703.76   ]]]
5761	[[[2163.    989.4   934.84]]]
5762	[[[2166.6      991.80005  708.16   ]]]
5763	[[[2163.    994.2   938.76]]]
5764	[[[2159.4001   993.00006  934.68   ]]]
5765	[[[2164.2002  989.4     934.52  ]]]
5766	[[[2163.       995.4      939.16003]]]
5767	[[[2166.6      996.60004  936.36   ]]]
5768	[[[2164.2002   993.00006  937.36   ]]]
5769	[[[2166.6      991.80005  708.4    ]]]
5770	[[[2163.       993.00006  931.8    ]]]
5771	[[[2161.8      993.00006  937.92004]]]
5772	[[[2163.       993.00006  937.4    ]]]
5773	[[[2164.2002   994.2      937.72003]]]
5774	[[[2163.       994.2      938.04004]]]
5775	[[[2166.6      991.80005  708.08   ]]]
5776	[[[2164.2002  989.4     934.6   ]]]
5777	[[[2166.6      991.80005  708.08   ]]]
5778	[[[2163.    994.2   938.08]]]
5779	[[[2164.2002  994.2     938.08  ]]]
5780	[[[2164.2002   993.00006  937.84   ]]]
5781	[[[2163.    994.2   938.64]]]
5782	[[[2163.       991.80005  931.80005]]]
5783	[[[2163.    994.2   938.96]]]
5784	[[[2166.6      991.80005  703.52   ]]]
5785	[[[2161.8      993.00006  937.76   ]]]
5786	[[[2161.8      993.00006  937.88   ]]]
5787	[[[2163.       993.00006  937.8    ]]]
5788	[[[2166.6      991.80005  708.16   ]]]
5789	[[[2165.4001   991.80005  704.     ]]]
5790	[[[2165.4001   991.80005  708.48   ]]]
5791	[[[2163.       993.00006  931.8    ]]]
5792	[[[2161.8      991.80005  937.4    ]]]
5793	[[[2161.8      994.2      938.72003]]]
5794	[[[2161.8      993.00006  938.     ]]]
5795	[[[2166.6      991.80005  708.4    ]]]
5796	[[[2161.8      993.00006  937.56006]]]
5797	[[[2164.2002   993.00006  937.88   ]]]
5798	[[[2163.       991.80005  931.64   ]]]
5799	[[[2166.6  994.2  935.6]]]
5800	[[[2161.8      993.00006  938.64   ]]]
5801	[[[2163.       993.00006  937.64   ]]]
5802	[[[2166.6      991.80005  708.     ]]]
5803	[[[2164.2002   993.00006  937.96   ]]]
5804	[[[2166.6      990.60004  703.72   ]]]
5805	[[[2163.       991.80005  937.64   ]]]
5806	[[[2166.6      990.60004  708.36   ]]]
5807	[[[2163.       991.80005  931.88   ]]]
5808	[[[2164.2002   993.00006  938.16003]]]
5809	[[[2166.6      990.60004  708.36   ]]]
5810	[[[2163.       991.80005  931.8    ]]]
5811	[[[2161.8      991.80005  937.92004]]]
5812	[[[2167.8   988.2   705.96]]]
5813	[[[2161.8      991.80005  938.16003]]]
5814	[[[2161.8   988.2   934.84]]]
5815	[[[2166.6      990.60004  708.32   ]]]
5816	[[[2161.8      993.00006  939.28   ]]]
5817	[[[2163.       991.80005  937.64   ]]]
5818	[[[2163.       993.00006  938.4    ]]]
5819	[[[2160.6   994.2   935.32]]]
5820	[[[2164.2002   990.60004  704.16   ]]]
5821	[[[2163.       991.80005  937.6    ]]]
5822	[[[2163.    989.4   706.32]]]
5823	[[[2161.8      991.80005  938.     ]]]
5824	[[[2161.8      990.60004  948.28   ]]]
5825	[[[2165.4001   990.60004  708.6    ]]]
5826	[[[2164.2002   990.60004  708.84   ]]]
5827	[[[2161.8      991.80005  937.84   ]]]
5828	[[[2161.8      993.00006  938.16003]]]
5829	[[[2164.2002   991.80005  708.88   ]]]
5830	[[[2158.2002   991.80005  934.44   ]]]
5831	[[[2160.6      991.80005  938.16003]]]
5832	[[[2160.6      993.00006  938.48   ]]]
5833	[[[2165.4001   993.00006  706.24   ]]]
5834	[[[2164.2002   990.60004  708.84   ]]]
5835	[[[2161.8      991.80005  937.92004]]]
5836	[[[2161.8      991.80005  937.4    ]]]
5837	[[[2165.4001   990.60004  708.84   ]]]
5838	[[[2164.2002   991.80005  708.84   ]]]
5839	[[[2160.6      991.80005  938.16003]]]
5840	[[[2161.8      991.80005  937.84   ]]]
5841	[[[2165.4001   990.60004  703.88   ]]]
5842	[[[2161.8      991.80005  938.24   ]]]
5843	[[[2164.2002   991.80005  708.2    ]]]
5844	[[[2159.4001   991.80005  937.92004]]]
5845	[[[2164.2002   990.60004  708.68   ]]]
5846	[[[2157.       991.80005  934.6    ]]]
5847	[[[2163.       993.00006  939.56   ]]]
5848	[[[2159.4001   991.80005  937.36   ]]]
5849	[[[2163.       990.60004  703.24   ]]]
5850	[[[2160.6      991.80005  931.8    ]]]
5851	[[[2164.2002   990.60004  703.92   ]]]
5852	[[[2163.       990.60004  703.48   ]]]
5853	[[[2160.6      991.80005  932.2    ]]]
5854	[[[2160.6      991.80005  931.88   ]]]
5855	[[[2160.6      991.80005  931.64   ]]]
5856	[[[2165.4001  994.2     706.24  ]]]
5857	[[[2160.6  994.2  938.6]]]
5858	[[[2164.2002   991.80005  703.96   ]]]
5859	[[[2161.8      993.00006  938.56   ]]]
5860	[[[2161.8      993.00006  937.56   ]]]
5861	[[[2160.6      993.00006  937.24   ]]]
5862	[[[2160.6   994.2   939.24]]]
5863	[[[2161.8      993.00006  937.92004]]]
5864	[[[2160.6   994.2   938.24]]]
5865	[[[2158.2002  994.2     934.6   ]]]
5866	[[[2160.6  994.2  938. ]]]
5867	[[[2159.4001  995.4     934.6   ]]]
5868	[[[2161.8   994.2   938.24]]]
5869	[[[2160.6  994.2  938. ]]]
5870	[[[2164.2002   993.00006  703.6    ]]]
5871	[[[2160.6      994.2      937.16003]]]
5872	[[[2161.8   995.4   938.56]]]
5873	[[[2160.6      995.4      937.92004]]]
5874	[[[2164.2002   993.00006  707.92   ]]]
5875	[[[2161.8   995.4   937.84]]]
5876	[[[2161.8      994.2      938.16003]]]
5877	[[[2159.4001   995.4      938.16003]]]
5878	[[[2160.6  995.4  937.4]]]
5879	[[[2161.8      995.4      938.72003]]]
5880	[[[2160.6   994.2   937.32]]]
5881	[[[2161.8   995.4   938.24]]]
5882	[[[2164.2002  994.2     703.8   ]]]
5883	[[[2164.2002  994.2     703.6   ]]]
5884	[[[2158.2002   995.4      938.72003]]]
5885	[[[2160.6  995.4  937.4]]]
5886	[[[2159.4001   996.60004  938.80005]]]
5887	[[[2163.   994.2  704. ]]]
5888	[[[2163.    994.2   708.52]]]
5889	[[[2160.6      991.80005  935.4    ]]]
5890	[[[2160.6  994.2  931.8]]]
5891	[[[2159.4001  994.2     937.84  ]]]
5892	[[[2157.    995.4   934.52]]]
5893	[[[2159.4001   996.60004  939.36   ]]]
5894	[[[2159.4001  994.2     937.76  ]]]
5895	[[[2160.6      995.4      938.16003]]]
5896	[[[2159.4001   996.60004  939.6    ]]]
5897	[[[2158.2002  994.2     938.4   ]]]
5898	[[[2158.2002  994.2     937.84  ]]]
5899	[[[2159.4001   993.00006  931.88   ]]]
5900	[[[2158.2002  994.2     938.48  ]]]
5901	[[[2163.       991.80005  707.84   ]]]
5902	[[[2163.       991.80005  707.84   ]]]
5903	[[[2158.2002   993.00006  938.     ]]]
5904	[[[2160.6  994.2  938.4]]]
5905	[[[2159.4001  994.2     938.28  ]]]
5906	[[[2159.4001   993.00006  937.84   ]]]
5907	[[[2159.4001  994.2     938.08  ]]]
5908	[[[2159.4001   994.2      938.16003]]]
5909	[[[2159.4001   993.00006  937.96   ]]]
5910	[[[2159.4001  994.2     938.32  ]]]
5911	[[[2155.8      993.00006  935.16003]]]
5912	[[[2155.8      993.00006  934.8    ]]]
5913	[[[2159.4001   993.00006  937.76   ]]]
5914	[[[2160.6      993.00006  938.08   ]]]
5915	[[[2160.6  994.2  939.2]]]
5916	[[[2159.4001   991.80005  948.52   ]]]
5917	[[[2159.4001  994.2     938.32  ]]]
5918	[[[2159.4001   996.60004  935.32   ]]]
5919	[[[2159.4001   993.00006  937.88   ]]]
5920	[[[2163.       991.80005  704.16   ]]]
5921	[[[2163.       993.00006  708.64   ]]]
5922	[[[2164.2002  994.2     706.2   ]]]
5923	[[[2160.6      993.00006  932.04004]]]
5924	[[[2159.4001   993.00006  938.2    ]]]
5925	[[[2155.8      993.00006  935.08   ]]]
5926	[[[2164.2002  994.2     706.56  ]]]
5927	[[[2164.2002   991.80005  709.16   ]]]
5928	[[[2164.2002  995.4     706.36  ]]]
5929	[[[2163.       991.80005  708.84   ]]]
5930	[[[2159.4001  994.2     939.08  ]]]
5931	[[[2159.4001   993.00006  938.08   ]]]
5932	[[[2163.       991.80005  708.44   ]]]
5933	[[[2163.       991.80005  708.64   ]]]
5934	[[[2161.8      993.00006  938.16003]]]
5935	[[[2163.    995.4   936.32]]]
5936	[[[2164.2002  994.2     706.68  ]]]
5937	[[[2160.6      994.2      938.72003]]]
5938	[[[2163.       991.80005  704.44   ]]]
5939	[[[2163.    995.4   936.08]]]
5940	[[[2163.       991.80005  704.48   ]]]
5941	[[[2163.       991.80005  704.2    ]]]
5942	[[[2163.       991.80005  708.92   ]]]
5943	[[[2163.       991.80005  708.72   ]]]
5944	[[[2155.8      991.80005  935.6    ]]]
5945	[[[2159.4001   993.00006  938.92004]]]
5946	[[[2159.4001   991.80005  938.16003]]]
5947	[[[2160.6  994.2  938.8]]]
5948	[[[2158.2002   991.80005  937.92004]]]
5949	[[[2160.6      993.00006  938.56   ]]]
5950	[[[2158.2002   991.80005  938.48   ]]]
5951	[[[2158.2002   991.80005  938.36   ]]]
5952	[[[2160.6      990.60004  939.8    ]]]
5953	[[[2163.       990.60004  704.28   ]]]
5954	[[[2159.4001   993.00006  939.48   ]]]
5955	[[[2160.6   989.4   707.04]]]
5956	[[[2160.6      991.80005  939.24   ]]]
5957	[[[2160.6      993.00006  938.48   ]]]
5958	[[[2158.2002   990.60004  938.4    ]]]
5959	[[[2158.2002   991.80005  939.4    ]]]
5960	[[[2158.2002   991.80005  939.28   ]]]
5961	[[[2160.6      991.80005  939.2    ]]]
5962	[[[2163.       990.60004  708.68   ]]]
5963	[[[2159.4001   991.80005  939.32   ]]]
5964	[[[2159.4001   991.80005  939.48   ]]]
5965	[[[2164.2002   991.80005  707.28   ]]]
5966	[[[2155.8      990.60004  935.52   ]]]
5967	[[[2159.4001   990.60004  932.36   ]]]
5968	[[[2158.2002   990.60004  938.72003]]]
5969	[[[2164.2002   991.80005  707.48   ]]]
5970	[[[2163.    989.4   708.96]]]
5971	[[[2164.2002   991.80005  707.12   ]]]
5972	[[[2163.   989.4  704.6]]]
5973	[[[2161.8   989.4   709.24]]]
5974	[[[2160.6      991.80005  938.6    ]]]
5975	[[[2160.6      991.80005  938.8    ]]]
5976	[[[2159.4001   990.60004  938.24   ]]]
5977	[[[2163.    989.4   704.84]]]
5978	[[[2161.8   994.2   937.84]]]
5979	[[[2160.6      990.60004  939.28   ]]]
5980	[[[2163.    989.4   704.84]]]
5981	[[[2159.4001  989.4     932.32  ]]]
5982	[[[2160.6      990.60004  939.28   ]]]
5983	[[[2159.4001  994.2     936.08  ]]]
5984	[[[2155.8   989.4   935.76]]]
5985	[[[2160.6      994.2      936.92004]]]
5986	[[[2161.8   994.2   937.36]]]
5987	[[[2159.4001  989.4     938.24  ]]]
5988	[[[2160.6      991.80005  939.56   ]]]
5989	[[[2159.4001   989.4      938.16003]]]
5990	[[[2161.8   989.4   938.56]]]
5991	[[[2160.6      990.60004  938.56   ]]]
5992	[[[2161.8      990.60004  939.24   ]]]
5993	[[[2161.8      990.60004  939.     ]]]
5994	[[[2163.    989.4   709.36]]]
5995	[[[2163.    989.4   704.56]]]
5996	[[[2161.8      991.80005  939.     ]]]
5997	[[[2164.2002  989.4     709.    ]]]
5998	[[[2164.2002  988.2     704.44  ]]]
5999	[[[2160.6      990.60004  939.88   ]]]
6000	[[[2164.2002  988.2     709.4   ]]]
6001	[[[2165.4001   990.60004  707.08   ]]]
6002	[[[2164.2002  988.2     704.36  ]]]
6003	[[[2164.2002  988.2     704.8   ]]]
6004	[[[2161.8   988.2   706.36]]]
6005	[[[2160.6      990.60004  939.56   ]]]
6006	[[[2163.    989.4   939.24]]]
6007	[[[2164.2002  988.2     709.04  ]]]
6008	[[[2161.8      989.4      939.16003]]]
6009	[[[2164.2002   991.80005  937.     ]]]
6010	[[[2164.2002  988.2     704.88  ]]]
6011	[[[2161.8      989.4      939.72003]]]
6012	[[[2163.       990.60004  938.88   ]]]
6013	[[[2160.6  988.2  938. ]]]
6014	[[[2164.2002  988.2     709.48  ]]]
6015	[[[2163.    988.2   938.68]]]
6016	[[[2160.6      989.4      938.72003]]]
6017	[[[2160.6   988.2   938.64]]]
6018	[[[2163.       988.2      938.80005]]]
6019	[[[2165.4001   987.00006  704.52   ]]]
6020	[[[2161.8   988.2   938.36]]]
6021	[[[2165.4001   987.00006  704.44   ]]]
6022	[[[2160.6   988.2   938.12]]]
6023	[[[2161.8  988.2  932.6]]]
6024	[[[2165.4001   987.00006  704.4    ]]]
6025	[[[2161.8   988.2   938.64]]]
6026	[[[2160.6   988.2   938.88]]]
6027	[[[2160.6      988.2      938.80005]]]
6028	[[[2164.2002   987.00006  704.88   ]]]
6029	[[[2161.8      987.00006  932.92004]]]
6030	[[[2161.8  988.2  939.2]]]
6031	[[[2165.4001   985.80005  704.24   ]]]
6032	[[[2166.6   988.2   707.04]]]
6033	[[[2161.8      987.00006  938.08   ]]]
6034	[[[2166.6   988.2   707.04]]]
6035	[[[2158.2002   987.00006  935.56006]]]
6036	[[[2158.2002  988.2     936.32  ]]]
6037	[[[2163.       988.2      938.72003]]]
6038	[[[2165.4001   985.80005  704.04   ]]]
6039	[[[2166.6   988.2   707.04]]]
6040	[[[2160.6      987.00006  938.72003]]]
6041	[[[2165.4001   985.80005  704.4    ]]]
6042	[[[2163.       985.80005  932.44   ]]]
6043	[[[2161.8      987.00006  939.2    ]]]
6044	[[[2163.       987.00006  938.96   ]]]
6045	[[[2165.4001   985.80005  704.56   ]]]
6046	[[[2165.4001   985.80005  708.88   ]]]
6047	[[[2166.6      985.80005  708.12   ]]]
6048	[[[2161.8      989.4      935.56006]]]
6049	[[[2163.       987.00006  939.52   ]]]
6050	[[[2163.       987.00006  939.44   ]]]
6051	[[[2163.       987.00006  939.12   ]]]
6052	[[[2163.       987.00006  938.56006]]]
6053	[[[2166.6      985.80005  708.04   ]]]
6054	[[[2161.8      985.80005  937.88   ]]]
6055	[[[2164.2002   985.80005  939.2    ]]]
6056	[[[2166.6      984.60004  704.24   ]]]
6057	[[[2166.6      985.80005  708.4    ]]]
6058	[[[2163.       987.00006  939.2    ]]]
6059	[[[2166.6      984.60004  709.08   ]]]
6060	[[[2166.6      984.60004  704.04   ]]]
6061	[[[2161.8      985.80005  938.     ]]]
6062	[[[2165.4001   984.60004  708.96   ]]]
6063	[[[2161.8      985.80005  937.92004]]]
6064	[[[2164.2002  989.4     937.    ]]]
6065	[[[2163.       985.80005  949.2    ]]]
6066	[[[2161.8      988.2      940.04004]]]
6067	[[[2161.8      987.00006  939.44   ]]]
6068	[[[2166.6      985.80005  708.4    ]]]
6069	[[[2166.6      984.60004  709.04   ]]]
6070	[[[2161.8      985.80005  938.28   ]]]
6071	[[[2163.       985.80005  938.36   ]]]
6072	[[[2164.2002   985.80005  938.44   ]]]
6073	[[[2165.4001   985.80005  708.8    ]]]
6074	[[[2161.8      985.80005  937.88   ]]]
6075	[[[2165.4001   984.60004  708.6    ]]]
6076	[[[2165.4001   985.80005  708.88   ]]]
6077	[[[2161.8      985.80005  938.68   ]]]
6078	[[[2161.8      985.80005  938.28   ]]]
6079	[[[2163.       985.80005  938.12   ]]]
6080	[[[2164.2002   987.00006  938.36   ]]]
6081	[[[2166.6      985.80005  704.44   ]]]
6082	[[[2163.       987.00006  938.96   ]]]
6083	[[[2163.    988.2   939.12]]]
6084	[[[2166.6      985.80005  704.08   ]]]
6085	[[[2163.    988.2   939.68]]]
6086	[[[2165.4001   985.80005  709.16   ]]]
6087	[[[2165.4001   985.80005  708.96   ]]]
6088	[[[2163.       987.00006  932.36   ]]]
6089	[[[2161.8      985.80005  937.80005]]]
6090	[[[2163.    988.2   938.28]]]
6091	[[[2164.2002   990.60004  936.96   ]]]
6092	[[[2165.4001  989.4     936.44  ]]]
6093	[[[2163.       987.00006  938.24   ]]]
6094	[[[2163.       987.00006  932.28   ]]]
6095	[[[2165.4001   985.80005  709.04   ]]]
6096	[[[2166.6      985.80005  708.92   ]]]
6097	[[[2163.    988.2   939.12]]]
6098	[[[2166.6      985.80005  709.2    ]]]
6099	[[[2163.       987.00006  932.28   ]]]
6100	[[[2165.4001   987.00006  709.16   ]]]
6101	[[[2165.4001   990.60004  936.88   ]]]
6102	[[[2161.8      988.2      938.56006]]]
6103	[[[2166.6      985.80005  703.8    ]]]
6104	[[[2164.2002  988.2     938.48  ]]]
6105	[[[2163.       987.00006  948.96   ]]]
6106	[[[2166.6      985.80005  703.84   ]]]
6107	[[[2163.       987.00006  937.84   ]]]
6108	[[[2161.8      987.00006  938.72003]]]
6109	[[[2163.   988.2  938.8]]]
6110	[[[2163.       988.2      939.16003]]]
6111	[[[2164.2002   987.00006  938.92004]]]
6112	[[[2163.   988.2  939.4]]]
6113	[[[2163.       988.2      938.92004]]]
6114	[[[2166.6      985.80005  708.88   ]]]
6115	[[[2163.       987.00006  938.     ]]]
6116	[[[2164.2002   990.60004  937.08   ]]]
6117	[[[2161.8      987.00006  938.16003]]]
6118	[[[2167.8   988.2   706.64]]]
6119	[[[2167.8   988.2   706.88]]]
6120	[[[2166.6      985.80005  709.04   ]]]
6121	[[[2163.       987.00006  938.68   ]]]
6122	[[[2163.       985.80005  932.4    ]]]
6123	[[[2163.       987.00006  939.     ]]]
6124	[[[2164.2002   984.60004  706.68   ]]]
6125	[[[2163.       987.00006  938.24   ]]]
6126	[[[2163.       987.00006  938.68   ]]]
6127	[[[2163.       988.2      939.72003]]]
6128	[[[2166.6      984.60004  708.84   ]]]
6129	[[[2166.6      984.60004  709.08   ]]]
6130	[[[2163.       987.00006  939.56   ]]]
6131	[[[2165.4001   987.00006  939.8    ]]]
6132	[[[2161.8      984.60004  937.92004]]]
6133	[[[2166.6      984.60004  704.     ]]]
6134	[[[2159.4001   985.80005  935.36   ]]]
6135	[[[2161.8      987.00006  939.     ]]]
6136	[[[2163.       987.00006  938.48   ]]]
6137	[[[2166.6      984.60004  704.08   ]]]
6138	[[[2163.       985.80005  932.4    ]]]
6139	[[[2163.    988.2   939.88]]]
6140	[[[2163.       984.60004  931.72003]]]
6141	[[[2166.6      987.00006  935.96   ]]]
6142	[[[2166.6      985.80005  708.52   ]]]
6143	[[[2163.       985.80005  932.2    ]]]
6144	[[[2166.6      984.60004  708.6    ]]]
6145	[[[2161.8      987.00006  938.80005]]]
6146	[[[2163.       987.00006  939.4    ]]]
6147	[[[2164.2002   985.80005  932.64   ]]]
6148	[[[2163.       985.80005  938.48   ]]]
6149	[[[2164.2002   987.00006  938.4    ]]]
6150	[[[2163.       987.00006  938.32   ]]]
6151	[[[2164.2002   987.00006  937.92004]]]
6152	[[[2166.6      985.80005  709.2    ]]]
6153	[[[2165.4001   985.80005  938.48   ]]]
6154	[[[2164.2002   987.00006  937.92004]]]
6155	[[[2163.       987.00006  938.48   ]]]
6156	[[[2165.4001   990.60004  937.08   ]]]
6157	[[[2163.       990.60004  935.96   ]]]
6158	[[[2166.6  983.4  707. ]]]
6159	[[[2164.2002   987.00006  938.4    ]]]
6160	[[[2167.8      985.80005  708.96   ]]]
6161	[[[2164.2002   987.00006  932.44   ]]]
6162	[[[2164.2002   990.60004  936.08   ]]]
6163	[[[2160.6      987.00006  935.28   ]]]
6164	[[[2166.6      987.00006  708.96   ]]]
6165	[[[2166.6      987.00006  709.16   ]]]
6166	[[[2166.6      985.80005  703.56   ]]]
6167	[[[2163.    988.2   938.68]]]
6168	[[[2163.       987.00006  938.16003]]]
6169	[[[2165.4001  988.2     939.12  ]]]
6170	[[[2166.6      991.80005  937.72003]]]
6171	[[[2159.4001   987.00006  934.84   ]]]
6172	[[[2164.2002  988.2     938.24  ]]]
6173	[[[2163.       987.00006  937.52   ]]]
6174	[[[2163.       987.00006  937.8    ]]]
6175	[[[2164.2002  988.2     938.24  ]]]
6176	[[[2164.2002   985.80005  706.68   ]]]
6177	[[[2161.8   988.2   938.56]]]
6178	[[[2163.   989.4  939.8]]]
6179	[[[2164.2002   985.80005  706.48   ]]]
6180	[[[2164.2002   987.00006  948.88   ]]]
6181	[[[2163.    988.2   938.32]]]
6182	[[[2164.2002   988.2      938.92004]]]
6183	[[[2164.2002   988.2      938.92004]]]
6184	[[[2164.2002  988.2     939.12  ]]]
6185	[[[2165.4001   987.00006  938.6    ]]]
6186	[[[2164.2002   987.00006  937.52   ]]]
6187	[[[2166.6      987.00006  708.52   ]]]
6188	[[[2163.    988.2   939.48]]]
6189	[[[2166.6      985.80005  704.04   ]]]
6190	[[[2164.2002  988.2     938.24  ]]]
6191	[[[2164.2002   990.60004  936.92004]]]
6192	[[[2163.       987.00006  937.28   ]]]
6193	[[[2163.       987.00006  937.68   ]]]
6194	[[[2166.6      985.80005  703.68   ]]]
6195	[[[2163.   988.2  938.8]]]
6196	[[[2166.6      987.00006  708.32   ]]]
6197	[[[2161.8   988.2   938.56]]]
6198	[[[2163.    988.2   938.48]]]
6199	[[[2165.4001   987.00006  938.48   ]]]
6200	[[[2163.       987.00006  937.72003]]]
6201	[[[2166.6      987.00006  708.88   ]]]
6202	[[[2165.4001   990.60004  936.52   ]]]
6203	[[[2163.       987.00006  937.92004]]]
6204	[[[2163.       988.2      938.92004]]]
6205	[[[2163.    988.2   938.36]]]
6206	[[[2161.8   988.2   938.56]]]
6207	[[[2163.    988.2   939.24]]]
6208	[[[2167.8   988.2   706.64]]]
6209	[[[2163.       987.00006  932.04004]]]
6210	[[[2163.       987.00006  937.32   ]]]
6211	[[[2164.2002  988.2     938.4   ]]]
6212	[[[2163.    988.2   938.56]]]
6213	[[[2166.6      985.80005  708.28   ]]]
6214	[[[2166.6      985.80005  703.36   ]]]
6215	[[[2167.8  988.2  935.2]]]
6216	[[[2163.    988.2   938.88]]]
6217	[[[2163.   988.2  938.8]]]
6218	[[[2166.6      987.00006  708.76   ]]]
6219	[[[2165.4001  988.2     938.32  ]]]
6220	[[[2167.8  989.4  706.4]]]
6221	[[[2163.       987.00006  937.80005]]]
6222	[[[2166.6      987.00006  708.68   ]]]
6223	[[[2164.2002   987.00006  937.68   ]]]
6224	[[[2164.2002   987.00006  937.56006]]]
6225	[[[2164.2002  988.2     938.88  ]]]
6226	[[[2166.6   989.4   935.84]]]
6227	[[[2166.6      985.80005  708.28   ]]]
6228	[[[2164.2002   987.00006  937.56   ]]]
6229	[[[2163.       987.00006  932.04004]]]
6230	[[[2163.       987.00006  937.56006]]]
6231	[[[2166.6      987.00006  704.     ]]]
6232	[[[2166.6      987.00006  708.72   ]]]
6233	[[[2161.8      988.2      938.80005]]]
6234	[[[2164.2002  988.2     938.12  ]]]
6235	[[[2166.6      987.00006  708.08   ]]]
6236	[[[2161.8      985.80005  937.48   ]]]
6237	[[[2163.       985.80005  948.24   ]]]
6238	[[[2164.2002   987.00006  938.80005]]]
6239	[[[2166.6      985.80005  708.64   ]]]
6240	[[[2163.       985.80005  937.68   ]]]
6241	[[[2166.6      985.80005  708.6    ]]]
6242	[[[2164.2002  988.2     937.64  ]]]
6243	[[[2163.       985.80005  931.80005]]]
6244	[[[2163.       987.00006  937.72003]]]
6245	[[[2166.6      985.80005  708.88   ]]]
6246	[[[2163.       990.60004  935.24   ]]]
6247	[[[2167.8   988.2   705.96]]]
6248	[[[2163.       985.80005  931.72003]]]
6249	[[[2164.2002   988.2      938.16003]]]
6250	[[[2160.6      987.00006  934.68   ]]]
6251	[[[2164.2002   987.00006  938.48   ]]]
6252	[[[2163.       985.80005  937.32   ]]]
6253	[[[2166.6   988.2   935.84]]]
6254	[[[2163.       985.80005  937.92004]]]
6255	[[[2163.       987.00006  938.32   ]]]
6256	[[[2164.2002   985.80005  937.72003]]]
6257	[[[2166.6      984.60004  703.64   ]]]
6258	[[[2167.8      987.00006  706.28   ]]]
6259	[[[2166.6      984.60004  703.76   ]]]
6260	[[[2163.       985.80005  931.88   ]]]
6261	[[[2164.2002   985.80005  937.84   ]]]
6262	[[[2159.4001   985.80005  934.96   ]]]
6263	[[[2166.6      984.60004  708.52   ]]]
6264	[[[2166.6      985.80005  703.68   ]]]
6265	[[[2161.8      985.80005  938.32   ]]]
6266	[[[2164.2002  983.4     706.32  ]]]
6267	[[[2163.       985.80005  937.76   ]]]
6268	[[[2164.2002   987.00006  938.04004]]]
6269	[[[2164.2002   987.00006  938.72003]]]
6270	[[[2159.4001   985.80005  934.24   ]]]
6271	[[[2166.6      984.60004  708.6    ]]]
6272	[[[2163.       985.80005  937.24   ]]]
6273	[[[2163.   988.2  939. ]]]
6274	[[[2163.       987.00006  938.24   ]]]
6275	[[[2166.6      985.80005  708.36   ]]]
6276	[[[2160.6      987.00006  934.52   ]]]
6277	[[[2164.2002   988.2      938.72003]]]
6278	[[[2163.       985.80005  937.68   ]]]
6279	[[[2163.       987.00006  938.48   ]]]
6280	[[[2165.4001   985.80005  708.76   ]]]
6281	[[[2164.2002  982.2     934.64  ]]]
6282	[[[2164.2002   987.00006  937.6    ]]]
6283	[[[2164.2002   987.00006  937.72003]]]
6284	[[[2164.2002   987.00006  938.48   ]]]
6285	[[[2161.8      987.00006  938.16003]]]
6286	[[[2166.6      984.60004  708.04   ]]]
6287	[[[2166.6      985.80005  704.04   ]]]
6288	[[[2164.2002   988.2      938.72003]]]
6289	[[[2163.   988.2  938.6]]]
6290	[[[2161.8      987.00006  938.16003]]]
6291	[[[2167.8      985.80005  708.72   ]]]
6292	[[[2164.2002  983.4     934.44  ]]]
6293	[[[2164.2002  988.2     938.4   ]]]
6294	[[[2163.       987.00006  937.24   ]]]
6295	[[[2166.6      985.80005  703.84   ]]]
6296	[[[2166.6   989.4   935.76]]]
6297	[[[2164.2002   988.2      938.04004]]]
6298	[[[2166.6   989.4   935.76]]]
6299	[[[2166.6      985.80005  707.96   ]]]
6300	[[[2166.6      987.00006  708.56   ]]]
6301	[[[2166.6      985.80005  708.     ]]]
6302	[[[2166.6      985.80005  708.     ]]]
6303	[[[2160.6      988.2      934.04004]]]
6304	[[[2164.2002  988.2     937.76  ]]]
6305	[[[2165.4001   985.80005  938.     ]]]
6306	[[[2163.       987.00006  931.8    ]]]
6307	[[[2167.8   988.2   706.04]]]
6308	[[[2163.       988.2      938.72003]]]
6309	[[[2163.       985.80005  947.96   ]]]
6310	[[[2164.2002   987.00006  937.16003]]]
6311	[[[2164.2002   988.2      938.72003]]]
6312	[[[2167.8   988.2   706.68]]]
6313	[[[2166.6      985.80005  703.68   ]]]
6314	[[[2163.       985.80005  931.24   ]]]
6315	[[[2166.6   983.4   706.12]]]
6316	[[[2166.6      985.80005  703.88   ]]]
6317	[[[2164.2002  988.2     938.56  ]]]
6318	[[[2161.8   988.2   938.32]]]
6319	[[[2161.8      985.80005  937.32   ]]]
6320	[[[2164.2002  988.2     938.    ]]]
6321	[[[2164.2002  988.2     938.36  ]]]
6322	[[[2164.2002   984.60004  706.28   ]]]
6323	[[[2166.6      987.00006  703.6    ]]]
6324	[[[2166.6   989.4   706.16]]]
6325	[[[2161.8   988.2   938.56]]]
6326	[[[2166.6   989.4   706.36]]]
6327	[[[2163.    988.2   937.56]]]
6328	[[[2163.       991.80005  935.52   ]]]
6329	[[[2161.8      988.2      937.92004]]]
6330	[[[2163.    989.4   938.28]]]
6331	[[[2161.8   988.2   937.52]]]
6332	[[[2161.8   988.2   937.36]]]
6333	[[[2161.8      984.60004  934.48   ]]]
6334	[[[2161.8   988.2   937.44]]]
6335	[[[2160.6  988.2  938. ]]]
6336	[[[2161.8  988.2  931.4]]]
6337	[[[2165.4001   987.00006  703.64   ]]]
6338	[[[2161.8      991.80005  935.36   ]]]
6339	[[[2165.4001   987.00006  703.56   ]]]
6340	[[[2164.2002  989.4     938.36  ]]]
6341	[[[2165.4001   991.80005  936.28   ]]]
6342	[[[2165.4001  988.2     708.2   ]]]
6343	[[[2165.4001  988.2     708.08  ]]]
6344	[[[2163.    989.4   937.48]]]
6345	[[[2163.       990.60004  938.16003]]]
6346	[[[2158.2002  989.4     934.52  ]]]
6347	[[[2163.       990.60004  938.24   ]]]
6348	[[[2165.4001  988.2     703.6   ]]]
6349	[[[2164.2002   993.00006  935.92004]]]
6350	[[[2163.       993.00006  935.2    ]]]
6351	[[[2161.8      990.60004  937.8    ]]]
6352	[[[2163.       990.60004  937.48   ]]]
6353	[[[2163.       990.60004  938.24   ]]]
6354	[[[2163.       990.60004  937.32   ]]]
6355	[[[2163.       990.60004  937.6    ]]]
6356	[[[2160.6      991.80005  934.28   ]]]
6357	[[[2161.8   988.2   937.08]]]
6358	[[[2165.4001  988.2     703.6   ]]]
6359	[[[2163.       990.60004  938.16003]]]
6360	[[[2165.4001  988.2     707.92  ]]]
6361	[[[2163.       990.60004  938.16003]]]
6362	[[[2165.4001  989.4     703.64  ]]]
6363	[[[2165.4001  989.4     708.36  ]]]
6364	[[[2160.6      990.60004  938.16003]]]
6365	[[[2165.4001  988.2     703.04  ]]]
6366	[[[2159.4001   990.60004  934.44   ]]]
6367	[[[2165.4001  988.2     707.92  ]]]
6368	[[[2161.8   989.4   936.84]]]
6369	[[[2161.8      990.60004  937.52   ]]]
6370	[[[2161.8   989.4   936.84]]]
6371	[[[2161.8      991.80005  938.8    ]]]
6372	[[[2161.8      991.80005  938.16003]]]
6373	[[[2161.8      990.60004  936.68   ]]]
6374	[[[2163.       990.60004  937.4    ]]]
6375	[[[2165.4001   993.00006  935.88   ]]]
6376	[[[2158.2002   990.60004  934.6    ]]]
6377	[[[2161.8   989.4   931.32]]]
6378	[[[2166.6      991.80005  706.12   ]]]
6379	[[[2161.8      994.2      935.04004]]]
6380	[[[2161.8      987.00006  934.52   ]]]
6381	[[[2160.6      994.2      935.04004]]]
6382	[[[2165.4001  989.4     708.32  ]]]
6383	[[[2165.4001  989.4     703.68  ]]]
6384	[[[2158.2002   990.60004  934.28   ]]]
6385	[[[2165.4001   990.60004  708.24   ]]]
6386	[[[2161.8      990.60004  936.68   ]]]
6387	[[[2161.8      991.80005  938.64   ]]]
6388	[[[2161.8      991.80005  938.4    ]]]
6389	[[[2161.8      994.2      934.72003]]]
6390	[[[2165.4001  989.4     708.36  ]]]
6391	[[[2165.4001   990.60004  708.36   ]]]
6392	[[[2161.8      991.80005  938.32   ]]]
6393	[[[2163.       991.80005  937.76   ]]]
6394	[[[2161.8      991.80005  938.56   ]]]
6395	[[[2159.4001   990.60004  933.6    ]]]
6396	[[[2161.8      991.80005  937.56   ]]]
6397	[[[2158.2002   990.60004  933.96   ]]]
6398	[[[2163.       991.80005  938.36   ]]]
6399	[[[2163.       990.60004  931.4    ]]]
6400	[[[2161.8      993.00006  939.     ]]]
6401	[[[2163.       990.60004  937.4    ]]]
6402	[[[2165.4001  989.4     708.24  ]]]
6403	[[[2161.8      990.60004  931.16003]]]
6404	[[[2163.       991.80005  937.64   ]]]
6405	[[[2161.8      993.00006  938.76   ]]]
6406	[[[2163.    995.4   935.44]]]
6407	[[[2161.8      993.00006  938.68   ]]]
6408	[[[2161.8      990.60004  931.16003]]]
6409	[[[2161.8      991.80005  937.04004]]]
6410	[[[2161.8      991.80005  937.08   ]]]
6411	[[[2165.4001   990.60004  703.68   ]]]
6412	[[[2165.4001   990.60004  708.48   ]]]
6413	[[[2165.4001   990.60004  703.72   ]]]
6414	[[[2161.8      990.60004  937.04004]]]
6415	[[[2163.       993.00006  938.56   ]]]
6416	[[[2166.6      993.00006  705.96   ]]]
6417	[[[2165.4001   990.60004  708.12   ]]]
6418	[[[2165.4001   990.60004  708.08   ]]]
6419	[[[2165.4001   990.60004  707.88   ]]]
6420	[[[2165.4001   991.80005  707.92   ]]]
6421	[[[2165.4001   990.60004  707.68   ]]]
6422	[[[2165.4001   990.60004  707.68   ]]]
6423	[[[2165.4001   988.2      935.92004]]]
6424	[[[2161.8      993.00006  938.24   ]]]
6425	[[[2161.8      991.80005  936.68   ]]]
6426	[[[2165.4001   991.80005  708.     ]
  [ 948.60004 1081.8      785.88   ]]]
6427	[[[2165.4001   991.80005  708.04   ]]]
6428	[[[2166.6   994.2   705.96]]]
6429	[[[2163.    994.2   938.24]]]
6430	[[[2161.8      991.80005  948.24   ]]]
6431	[[[2165.4001   991.80005  708.04   ]]]
6432	[[[2163.       993.00006  937.92004]]]
6433	[[[2164.2002   991.80005  703.96   ]]]
6434	[[[2161.8      993.00006  937.84   ]]]
6435	[[[2163.       993.00006  937.56   ]]]
6436	[[[2164.2002   991.80005  703.92   ]]]
6437	[[[2161.8      991.80005  931.72003]]]
6438	[[[2165.4001   990.60004  708.16   ]]]
6439	[[[2165.4001   990.60004  707.8    ]]]
6440	[[[2165.4001   991.80005  708.36   ]]]
6441	[[[2158.2002  994.2     935.36  ]]]
6442	[[[2165.4001   991.80005  708.04   ]]]
6443	[[[2163.       991.80005  938.16003]]]
6444	[[[2164.2002   990.60004  703.     ]]]
6445	[[[2160.6      993.00006  937.92004]]]
6446	[[[2160.6      991.80005  937.76   ]]]
6447	[[[2160.6      991.80005  937.2    ]]]
6448	[[[2158.2002   993.00006  934.56   ]]]
6449	[[[2160.6      991.80005  937.2    ]]]
6450	[[[2161.8      991.80005  931.64   ]]]
6451	[[[2158.2002   993.00006  934.4    ]]]
6452	[[[2161.8      990.60004  938.6    ]]]
6453	[[[2164.2002  988.2     936.64  ]]]
6454	[[[2161.8  994.2  938.2]]]
6455	[[[2164.2002   991.80005  708.4    ]]]
6456	[[[2161.8      993.00006  937.2    ]]]
6457	[[[2160.6   989.4   934.36]]]
6458	[[[2160.6      993.00006  937.12   ]]]
6459	[[[2161.8  994.2  938.4]]]
6460	[[[2161.8      994.2      938.16003]]]
6461	[[[2164.2002   991.80005  708.32   ]]]
6462	[[[2160.6   994.2   937.76]]]
6463	[[[2160.6  994.2  938.4]]]
6464	[[[2161.8      993.00006  937.8    ]]]
6465	[[[2160.6   994.2   937.76]]]
6466	[[[2161.8      993.00006  937.68   ]]]
6467	[[[2161.8      993.00006  704.88   ]]]
6468	[[[2160.6      993.00006  937.12   ]]]
6469	[[[2160.6      993.00006  937.68   ]]]
6470	[[[2159.4001  994.2     937.36  ]]]
6471	[[[2160.6      993.00006  936.92004]]]
6472	[[[2160.6      994.2      937.92004]]]
6473	[[[2163.       991.80005  708.12   ]]]
6474	[[[2159.4001   993.00006  937.72003]]]
6475	[[[2159.4001  994.2     938.68  ]]]
6476	[[[2160.6   994.2   937.44]]]
6477	[[[2164.2002  994.2     706.16  ]]]
6478	[[[2159.4001  994.2     938.    ]]]
6479	[[[2160.6      993.00006  937.56   ]]]
6480	[[[2161.8      993.00006  937.96   ]]]
6481	[[[2161.8   994.2   938.52]]]
6482	[[[2164.2002  994.2     934.88  ]]]
6483	[[[2160.6      993.00006  936.84   ]]]
6484	[[[2159.4001  994.2     938.    ]]]
6485	[[[2160.6      993.00006  937.12   ]]]
6486	[[[2163.       991.80005  708.4    ]]]
6487	[[[2158.2002   993.00006  938.4    ]]]
6488	[[[2163.       991.80005  708.48   ]]]
6489	[[[2164.2002   991.80005  708.64   ]]]
6490	[[[2160.6      993.00006  937.76   ]]]
6491	[[[2164.2002  994.2     706.24  ]]]
6492	[[[2159.4001   993.00006  937.     ]]]
6493	[[[2159.4001   991.80005  937.76   ]]]
6494	[[[2160.6      993.00006  938.16003]]]
6495	[[[2160.6      991.80005  931.92004]]]
6496	[[[2163.   995.4  935.8]]]
6497	[[[2161.8      993.00006  938.76   ]]]
6498	[[[2160.6   994.2   938.44]]]
6499	[[[2163.    995.4   936.12]]]
6500	[[[2160.6      989.4      935.04004]]]
6501	[[[2159.4001  994.2     938.76  ]]]
6502	[[[2159.4001   996.60004  935.68   ]]]
6503	[[[2160.6      996.60004  936.04004]]]
6504	[[[2159.4001  994.2     939.    ]]]
6505	[[[2160.6      993.00006  938.32   ]]]
6506	[[[2159.4001   993.00006  931.84   ]]]
6507	[[[2159.4001   991.80005  937.44   ]]]
6508	[[[2160.6      994.2      938.16003]]]
6509	[[[2159.4001   993.00006  937.44   ]]]
6510	[[[2161.8      996.60004  936.24   ]]]
6511	[[[2159.4001   993.00006  937.52   ]]]
6512	[[[2159.4001   993.00006  937.44   ]]]
6513	[[[2159.4001   991.80005  931.6    ]]]
6514	[[[2160.6      993.00006  938.12   ]]]
6515	[[[2160.6      993.00006  938.     ]]]
6516	[[[2163.       991.80005  703.88   ]]]
6517	[[[2164.2002  994.2     706.72  ]]]
6518	[[[2159.4001   991.80005  931.52   ]]]
6519	[[[2159.4001  994.2     939.32  ]]]
6520	[[[2164.2002   991.80005  708.28   ]]]
6521	[[[2164.2002   991.80005  708.28   ]]]
6522	[[[2159.4001   991.80005  937.76   ]]]
6523	[[[2160.6      993.00006  937.76   ]]]
6524	[[[2160.6      993.00006  937.52   ]]]
6525	[[[2157.       993.00006  934.48   ]]]
6526	[[[2160.6  994.2  938.4]]]
6527	[[[2155.8      993.00006  935.12   ]]]
6528	[[[2159.4001  994.2     938.52  ]]]
6529	[[[2159.4001   991.80005  931.92004]]]
6530	[[[2159.4001  994.2     938.76  ]]]
6531	[[[2160.6      993.00006  938.44   ]]]
6532	[[[2159.4001  994.2     939.08  ]]]
6533	[[[2161.8      993.00006  939.52   ]]]
6534	[[[2160.6      991.80005  938.12   ]]]
6535	[[[2163.       991.80005  703.92   ]]]
6536	[[[2155.8      993.00006  934.8    ]]]
6537	[[[2161.8      990.60004  708.     ]]]
6538	[[[2163.       990.60004  703.6    ]]]
6539	[[[2160.6      991.80005  938.52   ]]]
6540	[[[2159.4001   991.80005  948.80005]]]
6541	[[[2159.4001   991.80005  932.     ]]]
6542	[[[2159.4001   993.00006  937.96   ]]]
6543	[[[2160.6      993.00006  938.28   ]]]
6544	[[[2159.4001   993.00006  937.84   ]]]
6545	[[[2160.6      991.80005  937.84   ]]]
6546	[[[2161.8      991.80005  939.16003]]]
6547	[[[2160.6      991.80005  937.92004]]]
6548	[[[2159.4001  994.2     939.28  ]]]
6549	[[[2160.6      993.00006  938.52   ]]]
6550	[[[2159.4001   991.80005  937.52   ]]]
6551	[[[2159.4001   993.00006  938.52   ]]]
6552	[[[2160.6      993.00006  937.96   ]]]
6553	[[[2160.6      991.80005  937.96   ]]]
6554	[[[2155.8      991.80005  935.     ]]]
6555	[[[2159.4001   990.60004  937.52   ]]]
6556	[[[2159.4001   993.00006  939.16003]]]
6557	[[[2160.6      991.80005  938.52   ]]]
6558	[[[2160.6      991.80005  938.08   ]]]
6559	[[[2159.4001   993.00006  939.4    ]]]
6560	[[[2159.4001   990.60004  932.08   ]]]
6561	[[[2158.2002   991.80005  938.84   ]]]
6562	[[[2164.2002   993.00006  707.08   ]]]
6563	[[[2159.4001   991.80005  938.32   ]]]
6564	[[[2158.2002   990.60004  937.32   ]]]
6565	[[[2155.8      990.60004  935.36   ]]]
6566	[[[2160.6      991.80005  938.68   ]]]
6567	[[[2158.2002   990.60004  937.68   ]]]
6568	[[[2163.    989.4   708.76]]]
6569	[[[2158.2002  994.2     936.12  ]]]
6570	[[[2158.2002   990.60004  938.32   ]]]
6571	[[[2160.6   994.2   936.64]]]
6572	[[[2158.2002   990.60004  937.64   ]]]
6573	[[[2159.4001   990.60004  938.04004]]]
6574	[[[2158.2002  994.2     936.32  ]]]
6575	[[[2159.4001   990.60004  937.88   ]]]
6576	[[[2158.2002   991.80005  938.52   ]]]
6577	[[[2158.2002   991.80005  938.2    ]]]
6578	[[[2158.2002   990.60004  938.52   ]]]
6579	[[[2159.4001   991.80005  939.52   ]]]
6580	[[[2163.       990.60004  708.16   ]]]
6581	[[[2159.4001   990.60004  931.92004]]]
6582	[[[2163.       990.60004  935.88   ]]]
6583	[[[2158.2002   990.60004  937.6    ]]]
6584	[[[2160.6  994.2  937.2]]]
6585	[[[2159.4001   991.80005  939.16003]]]
6586	[[[2163.       991.80005  935.64   ]]]
6587	[[[2158.2002   990.60004  938.28   ]]]
6588	[[[2159.4001   991.80005  938.52   ]]]
6589	[[[2160.6      990.60004  938.84   ]]]
6590	[[[2160.6   989.4   938.96]]]
6591	[[[2159.4001   991.80005  938.96   ]]]
6592	[[[2157.       993.00006  935.96   ]]]
6593	[[[2160.6      990.60004  939.24   ]]]
6594	[[[2158.2002  989.4     937.52  ]]]
6595	[[[2158.2002  989.4     938.2   ]]]
6596	[[[2158.2002  989.4     932.24  ]]]
6597	[[[2154.6      990.60004  935.56   ]]]
6598	[[[2160.6   989.4   939.28]]]
6599	[[[2158.2002   985.80005  934.96   ]]]
6600	[[[2158.2002  989.4     938.    ]]]
6601	[[[2158.2002   990.60004  939.24   ]]]
6602	[[[2158.2002  989.4     938.6   ]]]
6603	[[[2158.2002  989.4     932.32  ]]]
6604	[[[2159.4001   990.60004  938.28   ]]]
6605	[[[2158.2002  989.4     937.6   ]]]
6606	[[[2158.2002   988.2      931.92004]]]
6607	[[[2158.2002   988.2      931.92004]]]
6608	[[[2159.4001   990.60004  939.52   ]]]
6609	[[[2155.8   989.4   935.56]]]
6610	[[[2155.8   989.4   935.12]]]
6611	[[[2158.2002  988.2     938.56  ]]]
6612	[[[2159.4001   987.00006  939.52   ]]]
6613	[[[2159.4001  988.2     932.24  ]]]
6614	[[[2159.4001  988.2     932.48  ]]]
6615	[[[2158.2002  988.2     937.76  ]]]
6616	[[[2159.4001  989.4     938.76  ]]]
6617	[[[2159.4001  989.4     938.52  ]]]
6618	[[[2161.8      987.00006  704.2    ]]]
6619	[[[2161.8      987.00006  708.68   ]]]
6620	[[[2158.2002   991.80005  936.44   ]]]
6621	[[[2158.2002   987.00006  938.2    ]]]
6622	[[[2155.8   988.2   934.88]]]
6623	[[[2159.4001   987.00006  938.2    ]]]
6624	[[[2154.6      987.00006  934.88   ]]]
6625	[[[2161.8   989.4   936.44]]]
6626	[[[2161.8   983.4   706.64]]]
6627	[[[2158.2002   987.00006  938.32   ]]]
6628	[[[2161.8      985.80005  704.32   ]]]
6629	[[[2159.4001   987.00006  938.32   ]]]
6630	[[[2161.8   988.2   706.56]]]
6631	[[[2158.2002   985.80005  949.08   ]]]
6632	[[[2158.2002   984.60004  931.68   ]]]
6633	[[[2158.2002  989.4     935.96  ]]]
6634	[[[2158.2002   985.80005  938.12   ]]]
6635	[[[2161.8      984.60004  708.6    ]]]
6636	[[[2158.2002   984.60004  948.96   ]]]
6637	[[[2157.       985.80005  938.44   ]]]
6638	[[[2158.2002   984.60004  938.32   ]]]
6639	[[[2158.2002   985.80005  938.44   ]]]
6640	[[[2158.2002  988.2     935.44  ]]]
6641	[[[2158.2002  983.4     948.56  ]]]
6642	[[[2159.4001   984.60004  938.     ]]]
6643	[[[2163.       985.80005  707.     ]]]
6644	[[[2163.   983.4  704.4]]]
6645	[[[2159.4001   984.60004  938.76   ]]]
6646	[[[2161.8  983.4  708.8]]]
6647	[[[2158.2002  983.4     937.76  ]]]
6648	[[[2159.4001   982.2      939.72003]]]
6649	[[[2159.4001   985.80005  939.32   ]]]
6650	[[[2159.4001  983.4     932.28  ]]]
6651	[[[2163.    983.4   708.68]]]
6652	[[[2164.2002   985.80005  706.76   ]]]
6653	[[[2159.4001   981.00006  935.44   ]]]
6654	[[[2163.       984.60004  935.6    ]]]
6655	[[[2159.4001  983.4     949.28  ]]]
6656	[[[2159.4001  983.4     932.4   ]]]
6657	[[[2163.    982.2   704.12]]]
6658	[[[2161.8   982.2   708.88]]]
6659	[[[2159.4001   984.60004  939.08   ]]]
6660	[[[2158.2002   984.60004  938.96   ]]]
6661	[[[2163.    983.4   935.56]]]
6662	[[[2163.    982.2   708.68]]]
6663	[[[2158.2002  982.2     937.68  ]]]
6664	[[[2163.    982.2   709.24]]]
6665	[[[2158.2002   983.4      938.72003]]]
6666	[[[2158.2002   983.4      938.92004]]]
6667	[[[2159.4001   984.60004  939.32   ]]]
6668	[[[2159.4001   982.2      938.16003]]]
6669	[[[2161.8   982.2   704.48]]]
6670	[[[2159.4001  983.4     938.    ]]]
6671	[[[2163.    982.2   709.24]]]
6672	[[[2159.4001  982.2     938.48  ]]]
6673	[[[2160.6   983.4   938.48]]]
6674	[[[2159.4001  982.2     938.08  ]]]
6675	[[[2158.2002  983.4     938.44  ]]]
6676	[[[2158.2002   983.4      938.72003]]]
6677	[[[2163.    982.2   704.28]]]
6678	[[[2163.    982.2   704.52]]]
6679	[[[2163.       981.00006  704.28   ]]]
6680	[[[2159.4001  983.4     939.56  ]]]
6681	[[[2163.    982.2   709.32]]]
6682	[[[2160.6   983.4   939.56]]]
6683	[[[2164.2002  982.2     708.4   ]]]
6684	[[[2159.4001   984.60004  940.04004]]]
6685	[[[2159.4001   985.80005  936.68   ]]]
6686	[[[2164.2002  982.2     703.88  ]]]
6687	[[[2160.6  982.2  932.8]]]
6688	[[[2158.2002   984.60004  935.6    ]]]
6689	[[[2159.4001   982.2      938.16003]]]
6690	[[[2163.       981.00006  704.04   ]]]
6691	[[[2163.       981.00006  709.     ]]]
6692	[[[2163.       981.00006  704.2    ]]]
6693	[[[2160.6      978.60004  935.6    ]]]
6694	[[[2163.       981.00006  704.28   ]]]
6695	[[[2163.    982.2   708.52]]]
6696	[[[2159.4001   983.4      939.16003]]]
6697	[[[2164.2002   981.00006  709.04   ]]]
6698	[[[2159.4001   981.00006  938.4    ]]]
6699	[[[2160.6      982.2      939.04004]]]
6700	[[[2160.6   982.2   938.48]]]
6701	[[[2159.4001  982.2     938.4   ]]]
6702	[[[2159.4001   982.2      938.72003]]]
6703	[[[2159.4001  982.2     938.64  ]]]
6704	[[[2163.       981.00006  709.04   ]]]
6705	[[[2159.4001   981.00006  938.4    ]]]
6706	[[[2164.2002  983.4     707.36  ]]]
6707	[[[2160.6   982.2   937.84]]]
6708	[[[2160.6      983.4      939.04004]]]
6709	[[[2163.       981.00006  704.28   ]]]
6710	[[[2159.4001   982.2      938.72003]]]
6711	[[[2163.       981.00006  708.92   ]]]
6712	[[[2159.4001  982.2     938.48  ]]]
6713	[[[2163.       979.80005  708.68   ]]]
6714	[[[2163.       981.00006  708.92   ]]]
6715	[[[2160.6      981.00006  706.44   ]]]
6716	[[[2159.4001   978.60004  935.84   ]]]
6717	[[[2163.       981.00006  704.48   ]]]
6718	[[[2159.4001   982.2      938.16003]]]
6719	[[[2160.6      979.80005  939.80005]]]
6720	[[[2163.       979.80005  703.72   ]]]
6721	[[[2159.4001  982.2     938.    ]]]
6722	[[[2163.       981.00006  708.92   ]]]
6723	[[[2164.2002   981.00006  709.36   ]]]
6724	[[[2161.8   982.2   939.48]]]
6725	[[[2164.2002   981.00006  704.4    ]]]
6726	[[[2160.6   982.2   938.24]]]
6727	[[[2161.8   982.2   939.32]]]
6728	[[[2164.2002   981.00006  709.04   ]]]
6729	[[[2160.6   983.4   939.68]]]
6730	[[[2161.8   982.2   939.24]]]
6731	[[[2160.6      982.2      938.16003]]]
6732	[[[2161.8  983.4  938.8]]]
6733	[[[2165.4001  983.4     706.72  ]]]
6734	[[[2159.4001   981.00006  938.16003]]]
6735	[[[2164.2002   981.00006  709.08   ]]]
6736	[[[2161.8   982.2   939.48]]]
6737	[[[2160.6   977.4   934.76]]]
6738	[[[2164.2002   979.80005  708.56   ]]]
6739	[[[2160.6      984.60004  936.52   ]]]
6740	[[[2165.4001   979.80005  709.16   ]]]
6741	[[[2161.8   977.4   935.84]]]
6742	[[[2165.4001   979.80005  709.12   ]]]
6743	[[[2161.8      981.00006  938.48   ]]]
6744	[[[2163.       978.60004  706.92   ]]]
6745	[[[2161.8   982.2   938.56]]]
6746	[[[2161.8   982.2   939.24]]]
6747	[[[2165.4001   979.80005  708.8    ]]]
6748	[[[2164.2002   984.60004  936.92004]]]
6749	[[[2161.8  977.4  935.6]]]
6750	[[[2164.2002   984.60004  937.12   ]]]
6751	[[[2161.8      981.00006  937.68   ]]]
6752	[[[2163.    982.2   939.48]]]
6753	[[[2161.8   982.2   939.32]]]
6754	[[[2165.4001   979.80005  704.72   ]]]
6755	[[[2163.       979.80005  706.08   ]]]
6756	[[[2161.8      979.80005  937.96   ]]]
6757	[[[2161.8      979.80005  937.88   ]]]
6758	[[[2165.4001   979.80005  708.72   ]]]
6759	[[[2163.       979.80005  932.72003]]]
6760	[[[2161.8      981.00006  939.32   ]]]
6761	[[[2165.4001   978.60004  708.88   ]]]
6762	[[[2166.6      979.80005  708.52   ]]]
6763	[[[2164.2002  983.4     937.    ]]]
6764	[[[2163.       979.80005  938.28   ]]]
6765	[[[2164.2002  977.4     706.88  ]]]
6766	[[[2161.8      979.80005  938.96   ]]]
6767	[[[2163.       979.80005  938.64   ]]]
6768	[[[2163.       978.60004  932.12   ]]]
6769	[[[2163.       981.00006  939.72003]]]
6770	[[[2164.2002   981.00006  938.64   ]]]
6771	[[[2164.2002   981.00006  939.80005]]]
6772	[[[2165.4001   981.00006  938.48   ]]]
6773	[[[2164.2002   979.80005  938.64   ]]]
6774	[[[2164.2002   979.80005  939.12   ]]]
6775	[[[2166.6  977.4  708.2]]]
6776	[[[2164.2002   978.60004  937.84   ]]]
6777	[[[2164.2002   979.80005  938.16003]]]
6778	[[[2164.2002   979.80005  938.16003]]]
6779	[[[2165.4001   978.60004  939.04004]]]
6780	[[[2166.6      978.60004  704.48   ]]]
6781	[[[2167.8      978.60004  708.88   ]]]
6782	[[[2163.       979.80005  938.56   ]]]
6783	[[[2165.4001   979.80005  939.16003]]]
6784	[[[2164.2002   978.60004  949.28   ]]]
6785	[[[2163.       978.60004  938.48   ]]]
6786	[[[2164.2002   979.80005  938.56   ]]]
6787	[[[2164.2002   981.00006  939.56   ]]]
6788	[[[2166.6      978.60004  709.     ]]]
6789	[[[2164.2002   979.80005  939.24   ]]]
6790	[[[2164.2002   978.60004  938.16003]]]
6791	[[[2166.6      982.2      937.16003]]]
6792	[[[2167.8   977.4   708.88]]]
6793	[[[2165.4001  976.2     706.96  ]]]
6794	[[[2167.8  977.4  708.8]]]
6795	[[[2163.       978.60004  938.68   ]]]
6796	[[[2167.8   977.4   708.84]]]
6797	[[[2164.2002   978.60004  937.92004]]]
6798	[[[2165.4001   979.80005  939.56   ]]]
6799	[[[2164.2002   979.80005  939.24   ]]]
6800	[[[2167.8      978.60004  708.48   ]]]
6801	[[[2164.2002   979.80005  938.80005]]]
6802	[[[2163.       978.60004  937.84   ]]]
6803	[[[2167.8   977.4   708.92]]]
6804	[[[2165.4001   978.60004  939.     ]]]
6805	[[[2160.6      978.60004  935.36   ]
  [1074.6001  1087.8      908.96   ]]]
6806	[[[2169.       979.80005  707.28   ]]]
6807	[[[2165.4001   978.60004  938.76   ]]]
6808	[[[2164.2002   979.80005  939.24   ]]]
6809	[[[2165.4001   979.80005  938.52   ]]]
6810	[[[2164.2002   979.80005  939.48   ]]]
6811	[[[2164.2002   979.80005  938.92004]]]
6812	[[[2164.2002   978.60004  938.28   ]]]
6813	[[[2164.2002   978.60004  938.84   ]]]
6814	[[[2165.4001   977.4      939.16003]]]
6815	[[[2160.6   977.4   935.12]]]
6816	[[[2159.4001  977.4     935.12  ]]]
6817	[[[2164.2002   978.60004  939.4    ]]]
6818	[[[2167.8   977.4   703.84]]]
6819	[[[2163.    976.2   937.84]]]
6820	[[[2164.2002  977.4     937.84  ]]]
6821	[[[2164.2002  976.2     932.32  ]]]
6822	[[[2167.8   977.4   935.88]]]
6823	[[[2164.2002  977.4     939.    ]]]
6824	[[[2163.   977.4  939. ]]]
6825	[[[2167.8      978.60004  706.64   ]]]
6826	[[[2163.    976.2   937.76]]]
6827	[[[2166.6  976.2  709. ]]]
6828	[[[2166.6      975.00006  704.08   ]]]
6829	[[[2164.2002  976.2     705.96  ]]]
6830	[[[2166.6   976.2   704.36]]]
6831	[[[2164.2002   972.60004  935.44   ]]]
6832	[[[2163.   976.2  932.4]]]
6833	[[[2163.    976.2   937.88]]]
6834	[[[2166.6      975.00006  708.96   ]]]
6835	[[[2161.8  976.2  938.2]]]
6836	[[[2163.    976.2   949.08]]]
6837	[[[2163.       978.60004  939.2    ]]]
6838	[[[2165.4001  976.2     704.32  ]]]
6839	[[[2161.8      973.80005  935.68   ]]]
6840	[[[2165.4001  976.2     709.28  ]]]
6841	[[[2165.4001  976.2     709.2   ]]]
6842	[[[2161.8   977.4   938.68]]]
6843	[[[2161.8      977.4      938.92004]]]
6844	[[[2161.8      976.2      938.16003]]]
6845	[[[2161.8      978.60004  939.56   ]]]
6846	[[[2163.       977.4      939.16003]]]
6847	[[[2165.4001  976.2     708.88  ]]]
6848	[[[2155.8      979.80005  943.76   ]]]
6849	[[[2161.8   977.4   932.44]]]
6850	[[[2160.6      977.4      939.04004]]]
6851	[[[2161.8      978.60004  939.48   ]]]
6852	[[[2160.6      981.00006  935.6    ]]]
6853	[[[2164.2002  976.2     704.6   ]]]
6854	[[[2164.2002  976.2     704.28  ]]]
6855	[[[2165.4001   978.60004  706.8    ]]]
6856	[[[2160.6      978.60004  939.88   ]]]
6857	[[[2161.8      978.60004  938.72003]]]
6858	[[[2161.8  977.4  938.4]]]
6859	[[[2163.    977.4   939.56]]]
6860	[[[2164.2002  976.2     709.08  ]]]
6861	[[[2160.6  977.4  938.8]]]
6862	[[[2160.6      972.60004  934.52   ]]]
6863	[[[2160.6      973.80005  935.52   ]]]
6864	[[[2161.8      981.00006  937.08   ]]]
6865	[[[2165.4001   978.60004  706.84   ]]]
6866	[[[2160.6   976.2   948.96]]]
6867	[[[2161.8      975.00006  706.6    ]]]
6868	[[[2161.8      977.4      938.72003]]]
6869	[[[2164.2002  976.2     709.08  ]]]
6870	[[[2159.4001  976.2     937.88  ]]]
6871	[[[2165.4001   978.60004  707.12   ]]]
6872	[[[2160.6   976.2   932.32]]]
6873	[[[2157.   977.4  935.6]]]
6874	[[[2159.4001  976.2     938.08  ]]]
6875	[[[2164.2002   978.60004  935.76   ]]]
6876	[[[2160.6   976.2   932.36]]]
6877	[[[2164.2002  976.2     703.88  ]]]
6878	[[[2161.8   977.4   939.28]]]
6879	[[[2161.8      977.4      939.04004]]]
6880	[[[2164.2002  976.2     704.4   ]]]
6881	[[[2163.    976.2   704.72]]]
6882	[[[2163.    976.2   704.32]]]
6883	[[[2160.6   976.2   932.36]]]
6884	[[[2161.8   976.2   938.64]]]
6885	[[[2163.    976.2   704.28]]]
6886	[[[2163.    976.2   704.24]]]
6887	[[[2160.6   976.2   938.32]]]
6888	[[[2160.6  976.2  932.6]]]
6889	[[[2163.    976.2   704.28]]]
6890	[[[2161.8      976.2      938.72003]]]
6891	[[[2164.2002   975.00006  704.12   ]]]
6892	[[[2160.6      977.4      938.72003]]]
6893	[[[2161.8      975.00006  938.64   ]]]
6894	[[[2160.6  977.4  938.4]]]
6895	[[[2163.       975.00006  708.72   ]]]
6896	[[[2159.4001   977.4      938.80005]]]
6897	[[[2160.6   977.4   938.64]]]
6898	[[[2164.2002   975.00006  704.44   ]]]
6899	[[[2160.6   977.4   938.96]
  [1069.8  1183.8   869.  ]]]
6900	[[[2160.6   976.2   938.44]]]
6901	[[[2159.4001  976.2     938.4   ]]]
6902	[[[2163.       975.00006  708.48   ]]]
6903	[[[2160.6   977.4   939.08]]]
6904	[[[2163.       975.00006  704.2    ]]]
6905	[[[2163.   976.2  708.6]]]
6906	[[[2163.   976.2  708.8]]]
6907	[[[2163.       975.00006  703.96   ]]]
6908	[[[2158.2002   979.80005  935.84   ]]]
6909	[[[2159.4001   973.80005  935.84   ]]]
6910	[[[2158.2002  976.2     938.24  ]]]
6911	[[[2158.2002  976.2     937.8   ]]]
6912	[[[2159.4001   976.2      948.80005]]]
6913	[[[2164.2002  977.4     706.56  ]]]
6914	[[[2160.6   977.4   938.84]]]
6915	[[[2163.    976.2   707.92]]]
6916	[[[2159.4001  977.4     938.68  ]]]
6917	[[[2163.    976.2   707.88]]]
6918	[[[2158.2002  976.2     931.88  ]]]
6919	[[[2161.8  976.2  708.8]]]
6920	[[[2159.4001  976.2     937.64  ]]]
6921	[[[2154.6  976.2  935.4]]]
6922	[[[2158.2002   977.4      938.72003]]]
6923	[[[2157.    977.4   938.24]]]
6924	[[[2158.2002  977.4     938.4   ]]]
6925	[[[2158.2002   976.2      937.92004]]]
6926	[[[2158.2002  976.2     931.88  ]]]
6927	[[[2160.6  976.2  704.4]]]
6928	[[[2159.4001  977.4     938.24  ]]]
6929	[[[2159.4001  977.4     938.08  ]]]
6930	[[[2157.       978.60004  938.4    ]]]
6931	[[[2158.2002   973.80005  934.8    ]]]
6932	[[[2160.6   976.2   708.56]]]
6933	[[[2157.    977.4   937.36]]]
6934	[[[2158.2002  977.4     938.8   ]]]
6935	[[[2157.    977.4   937.48]]]
6936	[[[2159.4001  976.2     708.84  ]]]
6937	[[[2158.2002   977.4      938.16003]]]
6938	[[[2160.6   976.2   703.96]]]
6939	[[[2159.4001  976.2     703.88  ]]]
6940	[[[2157.       978.60004  938.72003]]]
6941	[[[2155.8   977.4   938.28]]]
6942	[[[2155.8  977.4  937.4]]]
6943	[[[2158.2002  976.2     938.08  ]]]
6944	[[[2155.8  977.4  938.2]]]
6945	[[[2155.8      978.60004  938.48   ]]]
6946	[[[2157.   977.4  938.4]]]
6947	[[[2155.8      978.60004  938.64   ]]]
6948	[[[2159.4001  977.4     708.36  ]]]
6949	[[[2155.8      979.80005  939.04004]]]
6950	[[[2159.4001  977.4     703.68  ]]]
6951	[[[2160.6      979.80005  706.4    ]]]
6952	[[[2155.8      978.60004  937.52   ]]]
6953	[[[2157.    977.4   705.92]]]
6954	[[[2157.       978.60004  938.04004]]]
6955	[[[2155.8   977.4   948.52]]]
6956	[[[2157.       979.80005  938.4    ]]]
6957	[[[2160.6      979.80005  706.52   ]]]
6958	[[[2157.       978.60004  938.4    ]]]
6959	[[[2157.       978.60004  938.16003]]]
6960	[[[2159.4001  977.4     703.8   ]]]
6961	[[[2159.4001  977.4     708.24  ]]]
6962	[[[2159.4001  977.4     704.28  ]]]
6963	[[[2159.4001  977.4     703.76  ]]]
6964	[[[2161.8      975.00006  706.08   ]]]
6965	[[[2157.       978.60004  938.24   ]]]
6966	[[[2153.4001   978.60004  934.2    ]]]
6967	[[[2160.6      979.80005  706.08   ]]]
6968	[[[2157.       978.60004  931.72003]]]
6969	[[[2157.       978.60004  937.92004]]]
6970	[[[2160.6   977.4   708.52]]]
6971	[[[2159.4001   978.60004  708.36   ]]]
6972	[[[2157.       979.80005  938.16003]]]
6973	[[[2159.4001  977.4     703.44  ]]]
6974	[[[2159.4001   978.60004  708.4    ]]]
6975	[[[2155.8      978.60004  937.72003]]]
6976	[[[2159.4001  977.4     708.32  ]]]
6977	[[[2154.6      978.60004  937.72003]]]
6978	[[[2155.8      978.60004  931.8    ]]]
6979	[[[2155.8      979.80005  938.72003]]]
6980	[[[2154.6   982.2   935.76]]]
6981	[[[2155.8      981.00006  937.96   ]]]
6982	[[[2154.6      979.80005  937.4    ]]]
6983	[[[2154.6      979.80005  937.6    ]]]
6984	[[[2154.6      981.00006  938.24   ]]]
6985	[[[2155.8      981.00006  938.48   ]]]
6986	[[[2158.2002   978.60004  704.     ]]]
6987	[[[2154.6      978.60004  948.16003]]]
6988	[[[2159.4001   981.00006  706.16   ]]]
6989	[[[2158.2002   978.60004  708.24   ]]]
6990	[[[2154.6      979.80005  937.72003]]]
6991	[[[2153.4001   979.80005  937.76   ]]]
6992	[[[2155.8      981.00006  938.32   ]]]
6993	[[[2158.2002   978.60004  703.44   ]]]
6994	[[[2154.6      981.00006  938.24   ]]]
6995	[[[2155.8      981.00006  937.68   ]]]
6996	[[[2154.6      981.00006  938.24   ]]]
6997	[[[2153.4001   981.00006  937.92004]]]
6998	[[[2154.6      981.00006  937.6    ]]]
6999	[[[2155.8      981.00006  938.6    ]]]
7000	[[[2154.6  983.4  935.6]]]
7001	[[[2154.6      981.00006  938.16003]]]
7002	[[[2153.4001   979.80005  937.84   ]]]
7003	[[[2155.8      981.00006  937.72003]]]
7004	[[[2158.2002   978.60004  703.2    ]]]
7005	[[[2154.6      979.80005  948.16003]]]
7006	[[[2153.4001   979.80005  937.92004]]]
7007	[[[2157.       979.80005  703.92   ]]]
7008	[[[2151.       979.80005  934.4    ]]]
7009	[[[2154.6      979.80005  931.88   ]]]
7010	[[[2154.6      979.80005  936.92004]]]
7011	[[[2158.2002   979.80005  708.36   ]]]
7012	[[[2153.4001   981.00006  938.16003]]]
7013	[[[2157.       979.80005  708.36   ]]]
7014	[[[2154.6      979.80005  931.24   ]]]
7015	[[[2158.2002  982.2     705.84  ]]]
7016	[[[2153.4001   979.80005  937.4    ]]]
7017	[[[2158.2002   979.80005  703.52   ]]]
7018	[[[2154.6      981.00006  937.32   ]]]
7019	[[[2153.4001   981.00006  937.64   ]]]
7020	[[[2158.2002   979.80005  708.08   ]]]
7021	[[[2155.8   982.2   937.76]]]
7022	[[[2158.2002   979.80005  708.4    ]]]
7023	[[[2158.2002   979.80005  708.32   ]]]
7024	[[[2153.4001   981.00006  937.     ]]]
7025	[[[2155.8      981.00006  937.88   ]]]
7026	[[[2155.8      981.00006  937.88   ]]]
7027	[[[2154.6   982.2   938.32]]]
7028	[[[2154.6   982.2   938.32]]]
7029	[[[2154.6   982.2   938.28]]]
7030	[[[2158.2002   979.80005  708.04   ]]]
7031	[[[2154.6   982.2   938.32]]]
7032	[[[2154.6      981.00006  931.36   ]]]
7033	[[[2153.4001   981.00006  937.32   ]]]
7034	[[[2155.8   982.2   938.24]]]
7035	[[[2155.8   982.2   938.28]]]
7036	[[[2159.4001  982.2     706.12  ]]]
7037	[[[2154.6  982.2  938.2]]]
7038	[[[2154.6      981.00006  937.2    ]]]
7039	[[[2155.8   982.2   938.32]]]
7040	[[[2158.2002   979.80005  703.52   ]]]
7041	[[[2154.6      981.00006  937.32   ]]]
7042	[[[2154.6      981.00006  937.32   ]]]
7043	[[[2158.2002  983.4     705.6   ]]]
7044	[[[2153.4001  982.2     937.32  ]]]
7045	[[[2153.4001   981.00006  936.88   ]]]
7046	[[[2153.4001  982.2     937.64  ]]]
7047	[[[2154.6      981.00006  931.83997]]]
7048	[[[2153.4001  983.4     938.52  ]]]
7049	[[[2157.       979.80005  702.84   ]]]
7050	[[[2149.8      981.00006  934.56006]]]
7051	[[[2157.       981.00006  703.76   ]]]
7052	[[[2157.       981.00006  703.28   ]]]
7053	[[[2157.       981.00006  708.24   ]]]
7054	[[[2157.       979.80005  703.08   ]]]
7055	[[[2154.6      985.80005  935.64   ]]]
7056	[[[2153.4001   981.00006  937.08   ]]]
7057	[[[2153.4001  982.2     937.    ]]]
7058	[[[2157.       981.00006  708.24   ]]]
7059	[[[2157.       981.00006  708.32   ]]]
7060	[[[2157.       981.00006  708.52   ]]]
7061	[[[2153.4001  982.2     937.4   ]]]
7062	[[[2153.4001   983.4      938.04004]]]
7063	[[[2153.4001   981.00006  937.32   ]]]
7064	[[[2155.8   983.4   937.08]]]
7065	[[[2157.       981.00006  708.52   ]]]
7066	[[[2153.4001   981.00006  948.12   ]]]
7067	[[[2157.       981.00006  708.24   ]]]
7068	[[[2157.       981.00006  708.28   ]]]
7069	[[[2153.4001   981.00006  936.68   ]]]
7070	[[[2154.6   983.4   937.32]]]
7071	[[[2154.6   982.2   937.32]]]
7072	[[[2152.2002  982.2     937.96  ]]]
7073	[[[2153.4001  982.2     937.32  ]]]
7074	[[[2154.6   982.2   937.32]]]
7075	[[[2155.8  982.2  938. ]]]
7076	[[[2154.6   982.2   937.64]]]
7077	[[[2153.4001   981.00006  931.12   ]]]
7078	[[[2158.2002   981.00006  708.08   ]
  [ 954.60004 1057.8      945.08   ]]]
7079	[[[2153.4001  982.2     937.84  ]]]
7080	[[[2158.2002   981.00006  707.92   ]]]
7081	[[[2157.       985.80005  936.28   ]]]
7082	[[[2154.6      982.2      936.92004]]]
7083	[[[2153.4001   982.2      937.16003]]]
7084	[[[2157.       984.60004  935.84   ]]]
7085	[[[2154.6   982.2   931.36]]]
7086	[[[2153.4001  982.2     937.08  ]]]
7087	[[[2158.2002   981.00006  708.4    ]]]
7088	[[[2154.6   983.4   937.96]]]
7089	[[[2153.4001  982.2     936.84  ]]]
7090	[[[2153.4001  983.4     937.96  ]]]
7091	[[[2154.6   983.4   938.08]]]
7092	[[[2155.8      983.4      938.04004]]]
7093	[[[2158.2002   981.00006  703.52   ]]]
7094	[[[2155.8      985.80005  935.68   ]]]
7095	[[[2154.6      981.00006  937.08   ]]]
7096	[[[2154.6   982.2   936.88]]]
7097	[[[2158.2002   981.00006  703.68   ]]]
7098	[[[2152.2002  982.2     933.68  ]]]
7099	[[[2158.2002   981.00006  708.12   ]]]
7100	[[[2153.4001  982.2     938.12  ]]]
7101	[[[2154.6   982.2   937.32]]]
7102	[[[2154.6   983.4   938.12]]]
7103	[[[2158.2002  982.2     708.44  ]]]
7104	[[[2155.8      985.80005  935.6    ]]]
7105	[[[2154.6      982.2      937.56006]]]
7106	[[[2158.2002   981.00006  703.72   ]]]
7107	[[[2158.2002   981.00006  708.12   ]]]
7108	[[[2154.6   982.2   937.48]]]
7109	[[[2153.4001   982.2      937.72003]]]
7110	[[[2158.2002   984.60004  935.88   ]]]
7111	[[[2154.6      981.00006  936.84   ]]]
7112	[[[2154.6   982.2   937.88]]]
7113	[[[2155.8   982.2   937.76]]]
7114	[[[2155.8   983.4   937.96]]]
7115	[[[2158.2002   981.00006  703.56   ]]]
7116	[[[2154.6   982.2   937.24]]]
7117	[[[2158.2002  982.2     703.32  ]]]
7118	[[[2153.4001  982.2     937.88  ]]]
7119	[[[2153.4001  982.2     937.88  ]]]
7120	[[[2158.2002   981.00006  708.12   ]]]
7121	[[[2155.8  983.4  938.2]]]
7122	[[[2153.4001  982.2     937.12  ]]]
7123	[[[2151.       982.2      934.56006]]]
7124	[[[2155.8   983.4   938.12]]]
7125	[[[2155.8      982.2      938.04004]]]
7126	[[[2149.8      982.2      934.16003]]]
7127	[[[2158.2002   981.00006  708.4    ]]]
7128	[[[2153.4001  983.4     938.32  ]]]
7129	[[[2159.4001  983.4     706.08  ]]]
7130	[[[2155.8   982.2   937.64]]]
7131	[[[2158.2002   981.00006  708.4    ]]]
7132	[[[2157.       981.00006  703.28   ]]]
7133	[[[2154.6   983.4   937.64]]]
7134	[[[2153.4001  982.2     936.88  ]]]
7135	[[[2157.    982.2   708.56]]]
7136	[[[2155.8      985.80005  936.     ]]]
7137	[[[2152.2002  983.4     937.96  ]]]
7138	[[[2157.       981.00006  708.12   ]]]
7139	[[[2158.2002  982.2     703.36  ]]]
7140	[[[2157.    982.2   708.48]]]
7141	[[[2153.4001  982.2     937.48  ]]]
7142	[[[2155.8   982.2   937.84]]]
7143	[[[2154.6  983.4  937.4]]]
7144	[[[2151.    983.4   934.12]]]
7145	[[[2152.2002   982.2      937.56006]]]
7146	[[[2158.2002   981.00006  708.44   ]]]
7147	[[[2157.       984.60004  935.64   ]]]
7148	[[[2153.4001   987.00006  934.92004]]]
7149	[[[2158.2002   984.60004  706.04   ]]]
7150	[[[2153.4001  983.4     938.52  ]]]
7151	[[[2154.6   983.4   937.88]]]
7152	[[[2154.6   983.4   937.88]]]
7153	[[[2149.8      982.2      934.16003]]]
7154	[[[2153.4001  983.4     937.64  ]]]
7155	[[[2153.4001  982.2     937.2   ]]]
7156	[[[2153.4001  982.2     937.64  ]]]
7157	[[[2152.2002   984.60004  934.36   ]]]
7158	[[[2153.4001  982.2     937.08  ]]]
7159	[[[2154.6      985.80005  936.16003]]]
7160	[[[2153.4001  983.4     938.08  ]]]
7161	[[[2157.       981.00006  707.96   ]]]
7162	[[[2151.    982.2   934.52]]]
7163	[[[2158.2002  982.2     707.76  ]]]
7164	[[[2158.2002  982.2     707.8   ]]]
7165	[[[2151.    982.2   934.52]]]
7166	[[[2157.       978.60004  706.64   ]]]
7167	[[[2154.6      982.2      936.92004]]]
7168	[[[2154.6      978.60004  935.28   ]]]
7169	[[[2157.       981.00006  708.64   ]]]
7170	[[[2157.       985.80005  937.     ]
  [1031.4     1237.8      688.84   ]]]
7171	[[[2155.8  983.4  937.6]]]
7172	[[[2155.8   982.2   938.56]]]
7173	[[[2158.2002   981.00006  708.56   ]]]
7174	[[[2155.8   982.2   937.84]]]
7175	[[[2155.8   982.2   938.08]]]
7176	[[[2155.8      982.2      938.72003]]]
7177	[[[2158.2002   981.00006  708.36   ]]]
7178	[[[2154.6      982.2      937.72003]]]
7179	[[[2158.2002   981.00006  703.96   ]]]
7180	[[[2154.6      985.80005  935.52   ]]]
7181	[[[2153.4001   981.00006  937.16003]]]
7182	[[[2158.2002   981.00006  708.32   ]]]
7183	[[[2151.    982.2   934.84]]]
7184	[[[2158.2002   981.00006  708.28   ]]]
7185	[[[2158.2002   981.00006  708.56   ]]]
7186	[[[2157.       985.80005  936.52   ]]]
7187	[[[2155.8      981.00006  705.72   ]]]
7188	[[[2155.8   982.2   938.08]]]
7189	[[[2154.6   982.2   938.08]]]
7190	[[[2155.8   982.2   937.64]]]
7191	[[[2154.6      981.00006  937.32   ]]]
7192	[[[2159.4001   981.00006  703.96   ]]]
7193	[[[2155.8   983.4   938.32]]]
7194	[[[2155.8      985.80005  936.08   ]]]
7195	[[[2154.6  982.2  938. ]]]
7196	[[[2152.2002  982.2     935.    ]]]
7197	[[[2154.6  982.2  938. ]]]
7198	[[[2158.2002   981.00006  708.36   ]]]
7199	[[[2155.8   982.2   937.96]]]
7200	[[[2155.8  982.2  937.6]]]
7201	[[[2152.2002  982.2     935.    ]]]
7202	[[[2159.4001   981.00006  703.92   ]]]
7203	[[[2155.8      983.4      938.72003]]]
7204	[[[2157.    983.4   937.88]]]
7205	[[[2155.8  983.4  939. ]]]
7206	[[[2159.4001   981.00006  704.12   ]]]
7207	[[[2157.   983.4  938.2]]]
7208	[[[2157.   982.2  938.2]]]
7209	[[[2157.   982.2  938.2]]]
7210	[[[2155.8      982.2      937.56006]]]
7211	[[[2157.       985.80005  936.16003]]]
7212	[[[2155.8   983.4   939.12]]]
7213	[[[2155.8   983.4   938.88]]]
7214	[[[2155.8   982.2   938.12]]]
7215	[[[2155.8   982.2   938.44]]]
7216	[[[2155.8      981.00006  937.56006]]]
7217	[[[2159.4001   981.00006  704.36   ]]]
7218	[[[2157.       981.00006  937.88   ]]]
7219	[[[2155.8   982.2   938.88]]]
7220	[[[2157.   982.2  938.2]]]
7221	[[[2155.8      981.00006  938.12   ]]]
7222	[[[2157.       981.00006  937.56006]]]
7223	[[[2159.4001   976.2      936.56006]]]
7224	[[[2157.   982.2  938.2]]]
7225	[[[2157.       981.00006  938.24   ]]]
7226	[[[2161.8   982.2   706.64]]]
7227	[[[2159.4001   979.80005  708.48   ]]]
7228	[[[2155.8      981.00006  938.64   ]]]
7229	[[[2157.       979.80005  937.88   ]]]
7230	[[[2160.6      979.80005  703.84   ]]]
7231	[[[2157.    982.2   939.56]]]
7232	[[[2158.2002   981.00006  937.92004]]]
7233	[[[2157.       984.60004  935.08   ]]]
7234	[[[2160.6      978.60004  703.8    ]]]
7235	[[[2158.2002   976.2      934.92004]]]
7236	[[[2158.2002   979.80005  705.32   ]]]
7237	[[[2157.       979.80005  931.80005]]]
7238	[[[2158.2002   979.80005  938.4    ]]]
7239	[[[2157.       979.80005  937.32   ]]]
7240	[[[2160.6      978.60004  703.56   ]]]
7241	[[[2160.6      979.80005  708.72   ]]]
7242	[[[2161.8      978.60004  708.92   ]]]
7243	[[[2155.8      979.80005  938.32   ]]]
7244	[[[2158.2002   979.80005  938.4    ]]]
7245	[[[2160.6      978.60004  703.64   ]]]
7246	[[[2153.4001   979.80005  935.08   ]]]
7247	[[[2153.4001   979.80005  935.     ]]]
7248	[[[2160.6      978.60004  704.2    ]]]
7249	[[[2157.       981.00006  939.2    ]]]
7250	[[[2158.2002   979.80005  937.32   ]]]
7251	[[[2158.2002   978.60004  706.04   ]]]
7252	[[[2161.8      978.60004  708.64   ]]]
7253	[[[2160.6      978.60004  708.4    ]]]
7254	[[[2160.6      978.60004  709.04   ]]]
7255	[[[2160.6      978.60004  704.36   ]]]
7256	[[[2161.8      978.60004  703.64   ]]]
7257	[[[2161.8      978.60004  704.2    ]]]
7258	[[[2159.4001   979.80005  939.04004]]]
7259	[[[2158.2002   979.80005  937.64   ]]]
7260	[[[2159.4001   979.80005  938.76   ]]]
7261	[[[2160.6      978.60004  704.08   ]]]
7262	[[[2158.2002   979.80005  938.4    ]]]
7263	[[[2159.4001   979.80005  938.28   ]]]
7264	[[[2157.       978.60004  937.80005]]]
7265	[[[2158.2002   979.80005  937.80005]]]
7266	[[[2161.8      978.60004  708.48   ]]]
7267	[[[2157.       979.80005  937.88   ]]]
7268	[[[2158.2002   978.60004  932.52   ]]]
7269	[[[2157.       978.60004  937.88   ]]]
7270	[[[2161.8      978.60004  703.84   ]]]
7271	[[[2163.       981.00006  706.8    ]]]
7272	[[[2158.2002   979.80005  937.64   ]]]
7273	[[[2158.2002   978.60004  931.72003]]]
7274	[[[2159.4001   978.60004  932.28   ]]]
7275	[[[2158.2002   978.60004  937.32   ]]]
7276	[[[2159.4001   979.80005  937.56006]]]
7277	[[[2161.8      978.60004  708.44   ]]]
7278	[[[2158.2002   979.80005  937.88   ]
  [1075.8     1231.8      683.12   ]]]
7279	[[[2158.2002   981.00006  938.2    ]]]
7280	[[[2163.       978.60004  708.44   ]]]
7281	[[[2158.2002   979.80005  937.80005]]]
7282	[[[2158.2002   979.80005  938.     ]]]
7283	[[[2160.6      979.80005  937.96   ]]]
7284	[[[2158.2002   981.00006  938.64   ]]]
7285	[[[2159.4001   979.80005  937.88   ]]]
7286	[[[2159.4001   979.80005  937.56006]]]
7287	[[[2159.4001   979.80005  931.83997]]]
7288	[[[2159.4001   981.00006  938.12   ]]]
7289	[[[2160.6      979.80005  938.44   ]]]
7290	[[[2161.8      979.80005  709.04   ]]]
7291	[[[2159.4001   978.60004  931.56   ]]]
7292	[[[2163.       978.60004  708.72   ]]]
7293	[[[2161.8  983.4  936.4]]]
7294	[[[2159.4001   979.80005  931.88   ]]]
7295	[[[2163.       978.60004  703.88   ]]]
7296	[[[2160.6   976.2   935.12]]]
7297	[[[2160.6      981.00006  937.96   ]]]
7298	[[[2163.       978.60004  703.92   ]]]
7299	[[[2163.       978.60004  703.52   ]]]
7300	[[[2158.2002   979.80005  938.2    ]]]
7301	[[[2160.6      979.80005  937.24   ]]]
7302	[[[2163.       979.80005  703.72   ]]]
7303	[[[2163.       979.80005  703.68   ]]]
7304	[[[2160.6      979.80005  932.04004]]]
7305	[[[2163.       979.80005  708.92   ]]]
7306	[[[2164.2002   979.80005  707.88   ]]]
7307	[[[2157.       981.00006  934.68   ]]]
7308	[[[2163.       979.80005  708.32   ]]]
7309	[[[2159.4001   979.80005  938.     ]]]
7310	[[[2161.8      981.00006  938.56006]]]
7311	[[[2163.       979.80005  708.92   ]]]
7312	[[[2157.       981.00006  935.     ]]]
7313	[[[2160.6      981.00006  937.64   ]]]
7314	[[[2159.4001   981.00006  937.64   ]]]
7315	[[[2160.6   982.2   938.88]]]
7316	[[[2163.       979.80005  703.72   ]]]
7317	[[[2159.4001   984.60004  935.56006]]]
7318	[[[2163.       979.80005  708.32   ]]]
7319	[[[2164.2002  982.2     706.84  ]]]
7320	[[[2159.4001   981.00006  937.80005]]]
7321	[[[2164.2002  982.2     706.04  ]]]
7322	[[[2160.6      981.00006  938.4    ]]]
7323	[[[2161.8      979.80005  938.64   ]]]
7324	[[[2160.6      981.00006  938.64   ]]]
7325	[[[2163.    983.4   936.48]]]
7326	[[[2161.8      981.00006  938.88   ]]]
7327	[[[2160.6      979.80005  948.76   ]]]
7328	[[[2159.4001   979.80005  937.88   ]]]
7329	[[[2163.       979.80005  704.16   ]]]
7330	[[[2159.4001   979.80005  938.12   ]]]
7331	[[[2160.6      979.80005  937.88   ]]]
7332	[[[2163.       978.60004  708.12   ]]]
7333	[[[2160.6      981.00006  938.64   ]]]
7334	[[[2161.8   977.4   706.52]]]
7335	[[[2164.2002  982.2     706.24  ]]]
7336	[[[2161.8      979.80005  938.56006]]]
7337	[[[2163.       979.80005  708.72   ]]]
7338	[[[2160.6      979.80005  948.88   ]]]
7339	[[[2159.4001   979.80005  937.4    ]]]
7340	[[[2160.6      979.80005  705.64   ]]]
7341	[[[2161.8      981.00006  938.72003]]]
7342	[[[2159.4001   981.00006  938.64   ]]]
7343	[[[2159.4001   981.00006  937.72003]]]
7344	[[[2160.6  977.4  935. ]]]
7345	[[[2160.6      981.00006  938.4    ]]]
7346	[[[2163.       979.80005  708.68   ]]]
7347	[[[2164.2002   978.60004  703.88   ]]]
7348	[[[2160.6      981.00006  938.4    ]]]
7349	[[[2159.4001   979.80005  937.88   ]]]
7350	[[[2159.4001   979.80005  938.04004]]]
7351	[[[2159.4001   979.80005  937.92004]]]
7352	[[[2160.6      979.80005  931.88   ]]]
7353	[[[2161.8      981.00006  938.48   ]]]
7354	[[[2161.8      981.00006  938.48   ]]]
7355	[[[2160.6   976.2   934.52]]]
7356	[[[2161.8      979.80005  938.80005]]]
7357	[[[2164.2002   978.60004  703.88   ]]]
7358	[[[2164.2002  982.2     706.08  ]]]
7359	[[[2160.6      981.00006  938.32   ]]]
7360	[[[2160.6   983.4   935.44]]]
7361	[[[2163.       978.60004  708.76   ]]]
7362	[[[2160.6      979.80005  937.64   ]]]
7363	[[[2160.6      979.80005  938.4    ]]]
7364	[[[2159.4001   979.80005  938.64   ]]]
7365	[[[2161.8      979.80005  938.72003]]]
7366	[[[2159.4001   978.60004  938.     ]]]
7367	[[[2164.2002   978.60004  703.64   ]]]
7368	[[[2164.2002   979.80005  935.56006]]]
7369	[[[2160.6      978.60004  931.96   ]]]
7370	[[[2160.6      978.60004  937.64   ]]]
7371	[[[2161.8      978.60004  938.96   ]]]
7372	[[[2160.6      978.60004  937.76   ]]]
7373	[[[2161.8      979.80005  938.08   ]]]
7374	[[[2159.4001   978.60004  938.4    ]]]
7375	[[[2164.2002  977.4     703.92  ]]]
7376	[[[2157.       978.60004  934.68   ]]]
7377	[[[2163.    982.2   936.84]]]
7378	[[[2161.8      979.80005  939.04004]]]
7379	[[[2161.8      979.80005  938.72003]]]
7380	[[[2160.6      979.80005  938.52   ]]]
7381	[[[2160.6      978.60004  938.16003]]]
7382	[[[2164.2002   978.60004  708.76   ]]]
7383	[[[2161.8      979.80005  939.16003]]]
7384	[[[2160.6      979.80005  938.96   ]]]
7385	[[[2164.2002  977.4     708.32  ]]]
7386	[[[2164.2002   978.60004  708.84   ]]]
7387	[[[2164.2002  982.2     937.08  ]]]
7388	[[[2160.6      978.60004  938.     ]]]
7389	[[[2161.8      979.80005  938.72003]]]
7390	[[[2163.       979.80005  938.16003]]]
7391	[[[2164.2002   978.60004  704.2    ]]]
7392	[[[2161.8      978.60004  937.92004]]]
7393	[[[2161.8      979.80005  938.48   ]]]
7394	[[[2165.4001   979.80005  935.52   ]]]
7395	[[[2166.6      979.80005  706.84   ]]]
7396	[[[2160.6   982.2   935.84]]]
7397	[[[2160.6      978.60004  938.84   ]]]
7398	[[[2164.2002  977.4     704.4   ]]]
7399	[[[2161.8      978.60004  938.08   ]]]
7400	[[[2163.       979.80005  938.4    ]]]
7401	[[[2161.8      977.4      948.83997]]]
7402	[[[2160.6      978.60004  938.88   ]]]
7403	[[[2161.8      978.60004  938.4    ]]]
7404	[[[2163.    982.2   936.32]]]
7405	[[[2165.4001   975.00006  706.64   ]]]
7406	[[[2161.8      978.60004  938.4    ]]]
7407	[[[2161.8      978.60004  937.8    ]]]
7408	[[[2160.6      978.60004  937.96   ]]]
7409	[[[2160.6      978.60004  938.08   ]]]
7410	[[[2161.8      979.80005  938.83997]]]
7411	[[[2160.6     977.4     938.48  ]
  [1068.6001 1111.8     897.56  ]]]
7412	[[[2161.8      978.60004  938.32   ]]]
7413	[[[2165.4001  977.4     704.2   ]]]
7414	[[[2160.6   977.4   938.32]]]
7415	[[[2160.6      979.80005  939.2    ]]]
7416	[[[2160.6   977.4   938.08]]]
7417	[[[2165.4001  977.4     704.24  ]]]
7418	[[[2161.8      978.60004  938.56006]]]
7419	[[[2160.6      979.80005  939.76   ]]]
7420	[[[2163.    977.4   938.64]]]
7421	[[[2164.2002  977.4     708.76  ]]]
7422	[[[2164.2002  977.4     704.4   ]]]
7423	[[[2161.8      978.60004  938.56006]]]
7424	[[[2163.       978.60004  938.96   ]]]
7425	[[[2161.8      978.60004  938.2    ]]]
7426	[[[2160.6      982.2      935.80005]]]
7427	[[[2160.6      978.60004  938.12   ]]]
7428	[[[2160.6      979.80005  939.44   ]]]
7429	[[[2157.       978.60004  935.12   ]]]
7430	[[[2160.6      979.80005  939.12   ]]]
7431	[[[2154.6      981.00006  943.72003]]]
7432	[[[2161.8      979.80005  938.56006]]]
7433	[[[2160.6      979.80005  939.76   ]]]
7434	[[[2161.8      979.80005  938.68   ]
  [1066.2001  1219.8      687.88   ]]]
7435	[[[2164.2002  977.4     709.16  ]]]
7436	[[[2161.8      979.80005  938.88   ]]]
7437	[[[2165.4001   979.80005  707.32   ]]]
7438	[[[2160.6      979.80005  939.44   ]]]
7439	[[[2160.6      978.60004  938.88   ]]]
7440	[[[2160.6      978.60004  938.6    ]
  [1056.6001  1225.8      842.24   ]]]
7441	[[[2159.4001  977.4     938.96  ]]]
7442	[[[2161.8      979.80005  938.28   ]]]
7443	[[[2161.8      978.60004  938.96   ]]]
7444	[[[2159.4001  977.4     938.64  ]]]
7445	[[[2160.6      978.60004  938.64   ]]]
7446	[[[2164.2002  977.4     708.96  ]]]
7447	[[[2160.6   977.4   932.36]]]
7448	[[[2160.6   977.4   937.96]]]
7449	[[[2159.4001   977.4      938.72003]]]
7450	[[[2160.6      981.00006  936.72003]]]
7451	[[[2161.8   976.2   706.68]]]
7452	[[[2164.2002  977.4     704.6   ]]]
7453	[[[2160.6      978.60004  938.48   ]]]
7454	[[[2164.2002  976.2     704.32  ]]]
7455	[[[2160.6   977.4   938.08]]]
7456	[[[2160.6      977.4      938.72003]]]
7457	[[[2160.6      978.60004  939.04004]]]
7458	[[[2164.2002  976.2     704.08  ]]]
7459	[[[2160.6      978.60004  939.92004]]]
7460	[[[2164.2002  977.4     704.64  ]]]
7461	[[[2160.6   977.4   938.24]]]
7462	[[[2166.6      978.60004  707.12   ]]]
7463	[[[2161.8   977.4   938.68]]]
7464	[[[2164.2002  976.2     708.96  ]]]
7465	[[[2160.6      981.00006  936.28   ]]]
7466	[[[2164.2002   975.00006  708.32   ]]]
7467	[[[2164.2002  976.2     709.    ]]]
7468	[[[2161.8  977.4  939.8]]]
7469	[[[2165.4001   978.60004  707.2    ]]]
7470	[[[2161.8  976.2  933.2]]]
7471	[[[2164.2002   975.00006  708.92   ]]]
7472	[[[2164.2002   975.00006  704.68   ]]]
7473	[[[2159.4001  976.2     938.68  ]]]
7474	[[[2160.6      975.00006  938.24   ]]]
7475	[[[2160.6      976.2      938.92004]]]
7476	[[[2164.2002   975.00006  704.72   ]]]
7477	[[[2164.2002   975.00006  704.68   ]]]
7478	[[[2160.6      975.00006  932.88   ]]]
7479	[[[2165.4001  977.4     707.28  ]]]
7480	[[[2161.8      976.2      939.16003]]]
7481	[[[2160.6   977.4   939.88]]]
7482	[[[2161.8      973.80005  706.76   ]]]
7483	[[[2161.8   976.2   938.64]]]
7484	[[[2157.    976.2   935.96]]]
7485	[[[2160.6   976.2   932.96]]]
7486	[[[2160.6      977.4      939.92004]]]
7487	[[[2161.8   976.2   939.48]]]
7488	[[[2161.8   976.2   939.56]]]
7489	[[[2160.6      976.2      938.92004]]]
7490	[[[2164.2002   975.00006  704.56   ]]]
7491	[[[2160.6      975.00006  932.64   ]]]
7492	[[[2159.4001  976.2     939.56  ]]]
7493	[[[2161.8   977.4   939.56]]]
7494	[[[2164.2002   975.00006  704.56   ]]]
7495	[[[2159.4001   976.2      938.92004]]]
7496	[[[2165.4001  977.4     707.28  ]]]
7497	[[[2164.2002   975.00006  704.56   ]]]
7498	[[[2160.6   977.4   939.48]]]
7499	[[[2160.6      976.2      939.04004]]]
7500	[[[2159.4001  976.2     939.12  ]]]
7501	[[[2159.4001  976.2     939.32  ]]]
7502	[[[2161.8   977.4   939.48]]]
7503	[[[2160.6      977.4      939.80005]]]
7504	[[[2164.2002  976.2     709.16  ]]]
7505	[[[2160.6  976.2  933.2]]]
7506	[[[2164.2002   975.00006  709.24   ]]]
7507	[[[2159.4001   977.4      939.72003]]]
7508	[[[2160.6      978.60004  939.36   ]]]
7509	[[[2161.8      977.4      939.72003]]]
7510	[[[2164.2002  976.2     709.64  ]]]
7511	[[[2160.6   977.4   938.96]]]
7512	[[[2165.4001   978.60004  707.12   ]]]
7513	[[[2164.2002  976.2     709.4   ]]]
7514	[[[2164.2002  976.2     709.04  ]]]
7515	[[[2161.8   977.4   939.12]]]
7516	[[[2164.2002  976.2     709.12  ]]]
7517	[[[2160.6      978.60004  939.76   ]]]
