0	[[[2050.2002 1056.6001  929.32  ]
  [ 922.2    1291.8     691.72  ]]]
1	[[[2051.4001 1051.8     698.72  ]]]
2	[[[2050.2002 1054.2001  701.24  ]]]
3	[[[2050.2002 1055.4     697.    ]]]
4	[[[2050.2002 1055.4     701.64  ]]]
5	[[[2050.2002 1055.4     701.48  ]]]
6	[[[2053.8    1056.6001  926.76  ]]]
7	[[[2050.2002 1054.2001  701.32  ]]]
8	[[[2047.8    1054.2001  699.24  ]]]
9	[[[2050.2002 1056.6001  929.4   ]]]
10	[[[2050.2002 1054.2001  701.28  ]]]
11	[[[2049.     1056.6001  929.08  ]]]
12	[[[2050.2002 1054.2001  701.28  ]]]
13	[[[2050.2002 1055.4     701.6   ]]]
14	[[[2050.2002 1055.4     701.44  ]]]
15	[[[2049.     1056.6001  928.4   ]]]
16	[[[2050.2002 1055.4     696.6   ]]]
17	[[[2047.8    1054.2001  699.88  ]]]
18	[[[2051.4001 1055.4     701.08  ]]]
19	[[[2049.     1056.6001  928.84  ]]]
20	[[[2050.2002 1053.      925.88  ]]]
21	[[[2050.2002 1055.4     701.72  ]]]
22	[[[2051.4001 1057.8     699.16  ]]]
23	[[[2050.2002 1055.4     701.52  ]]]
24	[[[2050.2002 1056.6001  928.6   ]]]
25	[[[2050.2002  1053.       926.16003]]]
26	[[[2051.4001 1055.4     696.4   ]]]
27	[[[2051.4001 1051.8     698.84  ]]]
28	[[[2047.8    1054.2001  699.28  ]]]
29	[[[2047.8    1054.2001  699.28  ]]]
30	[[[2053.8    1056.6001  927.    ]]]
31	[[[2049.   1055.4   922.96]]]
32	[[[2051.4001 1057.8     699.32  ]]]
33	[[[2050.2002 1055.4     701.48  ]]]
34	[[[2050.2002 1055.4     701.76  ]]]
35	[[[2049.  1055.4  922.8]]]
36	[[[2050.2002 1055.4     922.88  ]]]
37	[[[2050.2002 1054.2001  701.24  ]]]
38	[[[2050.2002 1054.2001  696.68  ]]]
39	[[[2047.8 1057.8  926. ]]]
40	[[[2049.   1055.4   928.96]]]
41	[[[2051.4001 1054.2001  697.16  ]]]
42	[[[2051.4001 1051.8     699.04  ]]]
43	[[[2050.2002 1054.2001  697.16  ]]]
44	[[[2051.4001 1054.2001  701.52  ]]]
45	[[[2051.4001 1050.6001  699.12  ]]]
46	[[[2049.      1053.       928.92004]]]
47	[[[2049.  1057.8  926.6]]]
48	[[[2049.     1054.2001  928.84  ]]]
49	[[[2051.4001 1053.      701.6   ]]]
50	[[[2053.8    1054.2001  926.84  ]]]
51	[[[2051.4001 1054.2001  929.8   ]]]
52	[[[2051.4001 1053.      697.28  ]]]
53	[[[2051.4001 1053.      697.24  ]]]
54	[[[2051.4001 1053.      697.24  ]]]
55	[[[2050.2002 1056.6001  926.44  ]]]
56	[[[2050.2002 1053.      923.48  ]]]
57	[[[2051.4001  1054.2001   929.72003]]]
58	[[[2052.6  1053.    701.48]]]
59	[[[2050.2002 1053.      923.12  ]]]
60	[[[2052.6  1051.8   697.36]]]
61	[[[2051.4001  1054.2001   929.72003]]]
62	[[[2052.6  1051.8   697.36]]]
63	[[[2051.4001 1051.8     702.28  ]]]
64	[[[2052.6    1050.6001  697.36  ]]]
65	[[[2052.6     1053.       929.72003]]]
66	[[[2052.6 1051.8  697.2]]]
67	[[[2047.8  1051.8   926.44]]]
68	[[[2052.6    1050.6001  696.96  ]]]
69	[[[2050.2002 1051.8     929.08  ]]]
70	[[[2050.2002 1054.2001  926.76  ]]]
71	[[[2050.2002 1050.6001  929.4   ]]]
72	[[[2052.6    1050.6001  701.76  ]]]
73	[[[2052.6    1050.6001  929.64  ]]]
74	[[[2051.4001  1051.8      699.4    ]
  [ 907.80005 1297.8      680.08   ]]]
75	[[[2051.4001 1049.4     923.28  ]]]
76	[[[2052.6    1050.6001  929.96  ]]]
77	[[[2053.8 1045.8  699.8]]]
78	[[[2051.4001 1048.2001  939.68  ]]]
79	[[[2052.6    1048.2001  697.08  ]]]
80	[[[2051.4001 1049.4     929.76  ]]]
81	[[[2053.8    1044.6001  699.2   ]]]
82	[[[2051.4001 1048.2001  702.2   ]]]
83	[[[2050.2002  1047.       929.56006]]]
84	[[[2050.2002 1047.      929.52  ]]]
85	[[[2051.4001 1048.2001  929.24  ]]]
86	[[[2051.4001 1047.      702.2   ]]]
87	[[[2051.4001 1047.      702.24  ]]]
88	[[[2047.8    1048.2001  926.4   ]]]
89	[[[2051.4001 1045.8     701.84  ]]]
90	[[[2050.2002 1050.6001  927.4   ]]]
91	[[[2051.4001 1045.8     702.24  ]]]
92	[[[2051.4001 1047.      929.32  ]]]
93	[[[2051.4001 1045.8     697.56  ]]]
94	[[[2053.8  1049.4   927.68]]]
95	[[[2051.4001 1047.      929.32  ]]]
96	[[[2053.8 1043.4  699.6]]]
97	[[[2052.6    1048.2001  700.16  ]]]
98	[[[2051.4001  1042.2001   926.56006]]]
99	[[[2051.4001 1047.      930.2   ]]]
100	[[[2052.6    1044.6001  697.64  ]]]
101	[[[2051.4001  1045.8      929.56006]]]
102	[[[2051.4001 1045.8     929.88  ]]]
103	[[[2050.2002 1044.6001  923.6   ]]]
104	[[[2050.2002  1044.6001   923.92004]]]
105	[[[2050.2002 1044.6001  923.28  ]]]
106	[[[2051.4001 1043.4     701.84  ]]]
107	[[[2052.6  1043.4   697.48]]]
108	[[[2051.4001 1043.4     701.96  ]]]
109	[[[2051.4001 1044.6001  930.2   ]]]
110	[[[2049.     1042.2001  699.72  ]]]
111	[[[2050.2002  1043.4      923.72003]]]
112	[[[2051.4001 1042.2001  702.24  ]]]
113	[[[2051.4001 1043.4     702.04  ]
  [ 995.4    1141.8     895.    ]]]
114	[[[2050.2002 1043.4     929.28  ]]]
115	[[[2050.2002 1044.6001  699.56  ]]]
116	[[[2051.4001 1043.4     930.32  ]]]
117	[[[2050.2002 1042.2001  697.64  ]]]
118	[[[2050.2002 1038.6001  926.32  ]]]
119	[[[2049.   1041.    700.08]]]
120	[[[2051.4001 1041.      702.16  ]]]
121	[[[2052.6  1041.    702.04]]]
122	[[[2046.6001 1041.      927.08  ]]]
123	[[[2051.4001 1042.2001  930.4   ]]]
124	[[[2052.6  1043.4   699.92]]]
125	[[[2050.2002  1041.       923.04004]]]
126	[[[2052.6 1035.   934.6]]]
127	[[[2050.2002 1041.      923.36  ]]]
128	[[[2053.8    1042.2001  927.4   ]]]
129	[[[2051.4001 1039.8     697.4   ]]]
130	[[[2051.4001 1042.2001  699.84  ]]]
131	[[[2050.2002 1039.8     939.88  ]]]
132	[[[2050.2002 1039.8     929.28  ]]]
133	[[[2049.     1038.6001  699.28  ]]]
134	[[[2052.6    1036.2001  699.52  ]]]
135	[[[2050.2002 1043.4     926.24  ]]]
136	[[[2050.2002 1038.6001  923.48  ]]]
137	[[[2050.2002 1043.4     927.    ]]]
138	[[[2051.4001 1038.6001  696.92  ]]]
139	[[[2055.   1039.8   926.68]]]
140	[[[2052.6    1038.6001  696.96  ]]]
141	[[[2051.4001 1039.8     929.96  ]]]
142	[[[2052.6 1039.8  930.2]]]
143	[[[2052.6 1035.   699.4]]]
144	[[[2051.4001 1037.4     922.6   ]]]
145	[[[2047.8    1038.6001  926.36  ]]]
146	[[[2051.4001 1038.6001  929.64  ]]]
147	[[[2051.4001 1038.6001  929.32  ]]]
148	[[[2051.4001 1037.4     922.6   ]]]
149	[[[2050.2002 1041.      926.24  ]]]
150	[[[2052.6    1036.2001  696.72  ]]]
151	[[[2051.4001 1037.4     923.2   ]]]
152	[[[2052.6    1036.2001  701.8   ]]]
153	[[[2051.4001  1037.4      928.72003]]]
154	[[[2053.8  1033.8   698.44]]]
155	[[[2051.4001 1037.4     929.    ]]]
156	[[[2049.  1037.4  925.6]]]
157	[[[2050.2002 1035.      699.64  ]]]
158	[[[2052.6     1037.4      928.56006]]]
159	[[[2051.4001 1037.4     928.48  ]]]
160	[[[2052.6     1037.4      928.80005]]]
161	[[[2053.8  1037.4   929.44]]]
162	[[[2053.8    1036.2001  700.8   ]]]
163	[[[2052.6  1035.    696.28]]]
164	[[[2052.6    1036.2001  696.8   ]]]
165	[[[2056.2002 1037.4     926.24  ]]]
166	[[[2047.8    1036.2001  925.52  ]]]
167	[[[2051.4001 1036.2001  928.12  ]]]
168	[[[2052.6    1036.2001  696.8   ]]]
169	[[[2053.8    1038.6001  698.92  ]]]
170	[[[2051.4001 1036.2001  928.48  ]]]
171	[[[2052.6    1036.2001  696.88  ]]]
172	[[[2056.2002 1038.6001  926.24  ]]]
173	[[[2053.8  1033.8   698.96]]]
174	[[[2051.4001 1035.      698.96  ]]]
175	[[[2053.8    1036.2001  696.52  ]]]
176	[[[2053.8    1036.2001  696.52  ]]]
177	[[[2052.6    1038.6001  698.36  ]]]
178	[[[2051.4001 1039.8     926.24  ]]]
179	[[[2053.8  1033.8   698.68]]]
180	[[[2052.6     1036.2001   938.72003]]]
181	[[[2051.4001 1039.8     925.68  ]]]
182	[[[2052.6    1036.2001  696.72  ]]]
183	[[[2053.8  1037.4   700.88]]]
184	[[[2053.8    1038.6001  698.48  ]]]
185	[[[2053.8    1036.2001  700.64  ]]]
186	[[[2053.8    1036.2001  700.68  ]]]
187	[[[2055.     1038.6001  698.32  ]]]
188	[[[2053.8    1038.6001  698.56  ]]]
189	[[[2053.8    1036.2001  700.64  ]]]
190	[[[2053.8  1037.4   928.64]]]
191	[[[2052.6    1036.2001  921.6   ]]]
192	[[[2053.8    1036.2001  700.88  ]]]
193	[[[2053.8  1035.    700.64]]]
194	[[[2052.6     1036.2001   927.56006]]]
195	[[[2052.6    1036.2001  921.96  ]]]
196	[[[2056.2002 1038.6001  926.24  ]]]
197	[[[2053.8  1035.    695.72]]]
198	[[[2053.8 1035.   700.6]]]
199	[[[2052.6    1036.2001  927.88  ]]]
200	[[[2053.8    1032.6001  924.48  ]]]
201	[[[2052.6     1036.2001   927.80005]]]
202	[[[2052.6     1033.8      937.92004]]]
203	[[[2053.8    1036.2001  928.24  ]]]
204	[[[2053.8  1035.    700.96]]]
205	[[[2053.8  1035.    695.72]]]
206	[[[2053.8  1035.    695.64]]]
207	[[[2053.8  1035.    695.88]]]
208	[[[2053.8 1033.8  700.2]]]
209	[[[2053.8  1035.    700.44]]]
210	[[[2052.6 1035.   927.6]]]
211	[[[2053.8  1035.    700.08]]]
212	[[[2053.8 1033.8  695.8]]]
213	[[[2052.6  1033.8   695.68]]]
214	[[[2052.6     1035.       927.72003]]]
215	[[[2056.2002 1036.2001  925.32  ]]]
216	[[[2050.2002 1033.8     698.    ]]]
217	[[[2052.6  1033.8   695.64]]]
218	[[[2053.8  1031.4   697.88]]]
219	[[[2052.6  1033.8   695.72]]]
220	[[[2051.4001  1035.       927.56006]]]
221	[[[2051.4001  1035.       927.80005]]]
222	[[[2051.4001  1035.       926.92004]]]
223	[[[2052.6  1035.    928.12]]]
224	[[[2052.6 1033.8  700.2]]]
225	[[[2052.6    1032.6001  700.4   ]]]
226	[[[2051.4001 1033.8     921.28  ]]]
227	[[[2053.8    1032.6001  695.64  ]]]
228	[[[2052.6  1033.8   700.04]]]
229	[[[2051.4001 1033.8     920.96  ]]]
230	[[[2053.8  1035.    697.92]]]
231	[[[2053.8    1030.2001  697.32  ]]]
232	[[[2052.6  1035.    927.88]]]
233	[[[2055.   1035.    924.36]]]
234	[[[2052.6    1032.6001  700.    ]]]
235	[[[2051.4001  1030.2001   923.72003]]]
236	[[[2052.6  1035.    927.32]]]
237	[[[2052.6    1032.6001  699.76  ]]]
238	[[[2052.6    1032.6001  695.64  ]]]
239	[[[2051.4001 1032.6001  700.    ]]]
240	[[[2050.2002  1033.8      926.72003]]]
241	[[[2052.6  1035.    927.88]]]
242	[[[2051.4001  1033.8      926.56006]]]
243	[[[2050.2002 1033.8     920.64  ]]]
244	[[[2052.6    1032.6001  700.16  ]]]
245	[[[2050.2002  1032.6001   926.80005]]]
246	[[[2053.8 1037.4  925.6]]]
247	[[[2052.6    1030.2001  697.76  ]]]
248	[[[2055.      1035.       923.83997]]]
249	[[[2052.6    1032.6001  700.04  ]]]
250	[[[2052.6    1032.6001  699.44  ]]]
251	[[[2051.4001 1032.6001  699.96  ]]]
252	[[[2055.   1035.    924.48]]]
253	[[[2046.6001 1033.8     923.52  ]]]
254	[[[2051.4001 1032.6001  699.92  ]]]
255	[[[2050.2002  1032.6001   920.56006]]]
256	[[[2049.     1032.6001  697.56  ]]]
257	[[[2046.6001 1033.8     923.76  ]]]
258	[[[2049.      1037.4      923.83997]]]
259	[[[2050.2002 1032.6001  700.16  ]]]
260	[[[2053.8  1035.    923.96]]]
261	[[[2050.2002  1035.       926.80005]]]
262	[[[2049.   1033.8   926.24]]]
263	[[[2051.4001 1032.6001  699.36  ]]]
264	[[[2050.2002 1032.6001  695.28  ]]]
265	[[[2049.      1033.8      925.83997]]]
266	[[[2050.2002 1032.6001  695.12  ]]]
267	[[[2049.     1032.6001  936.64  ]]]
268	[[[2050.2002 1035.      697.56  ]]]
269	[[[2049.     1032.6001  695.4   ]]]
270	[[[2050.2002 1032.6001  694.6   ]]]
271	[[[2047.8     1033.8      926.56006]]]
272	[[[2050.2002 1033.8     926.32  ]]]
273	[[[2049.     1032.6001  920.4   ]]]
274	[[[2047.8    1036.2001  923.6   ]]]
275	[[[2049.  1033.8  925.6]]]
276	[[[2049.     1032.6001  695.36  ]]]
277	[[[2049.     1032.6001  695.    ]]]
278	[[[2052.6    1036.2001  924.28  ]]]
279	[[[2047.8    1032.6001  919.96  ]]]
280	[[[2047.8 1033.8  926. ]]]
281	[[[2049.     1032.6001  699.36  ]]]
282	[[[2047.8  1031.4   697.52]]]
283	[[[2050.2002 1032.6001  695.04  ]]]
284	[[[2050.2002 1035.      697.    ]]]
285	[[[2050.2002 1032.6001  699.16  ]]]
286	[[[2050.2002 1033.8     699.32  ]]]
287	[[[2051.4001 1035.      697.12  ]]]
288	[[[2050.2002 1032.6001  694.52  ]]]
289	[[[2050.2002  1035.       926.80005]]]
290	[[[2050.2002  1035.       926.92004]]]
291	[[[2049.  1033.8  920. ]]]
292	[[[2050.2002 1033.8     699.28  ]]]
293	[[[2050.2002 1036.2001  697.4   ]]]
294	[[[2049.      1030.2001   922.83997]]]
295	[[[2049.   1033.8   699.36]]]
296	[[[2050.2002 1033.8     694.36  ]]]
297	[[[2047.8  1033.8   920.32]]]
298	[[[2049.      1035.       925.92004]]]
299	[[[2049.   1035.    926.24]]]
300	[[[2050.2002 1036.2001  697.44  ]]]
301	[[[2049.   1033.8   699.36]]]
302	[[[2049.  1033.8  699.4]]]
303	[[[2047.8  1033.8   920.28]]]
304	[[[2049.  1033.8  699.6]]]
305	[[[2050.2002 1033.8     699.52  ]]]
306	[[[2046.6001 1033.8     696.64  ]]]
307	[[[2051.4001 1031.4     696.56  ]]]
308	[[[2047.8  1033.8   925.68]]]
309	[[[2049.   1033.8   699.28]]]
310	[[[2049.   1033.8   694.76]]]
311	[[[2049.  1033.8  699.4]]]
312	[[[2047.8  1033.8   919.76]]]
313	[[[2052.6  1035.    924.12]]]
314	[[[2047.8  1035.    925.44]]]
315	[[[2049.   1033.8   699.36]]]
316	[[[2047.8  1033.8   919.84]]]
317	[[[2049.     1032.6001  694.44  ]]]
318	[[[2049.     1032.6001  699.52  ]]]
319	[[[2049.   1033.8   926.32]]]
320	[[[2051.4001 1033.8     697.32  ]]]
321	[[[2049.     1032.6001  699.56  ]]]
322	[[[2047.8    1032.6001  919.64  ]]]
323	[[[2049.     1032.6001  699.32  ]]]
324	[[[2049.   1033.8   926.48]]]
325	[[[2047.8 1033.8  920. ]]]
326	[[[2047.8    1032.6001  936.48  ]]]
327	[[[2046.6001  1036.2001   923.04004]]]
328	[[[2047.8     1032.6001   919.72003]]]
329	[[[2047.8    1032.6001  919.96  ]]]
330	[[[2049.     1032.6001  694.6   ]]]
331	[[[2047.8     1033.8      926.56006]]]
332	[[[2049.      1033.8      926.56006]]]
333	[[[2049.     1032.6001  694.72  ]]]
334	[[[2049.     1032.6001  694.72  ]]]
335	[[[2047.8    1032.6001  919.88  ]]]
336	[[[2049.     1032.6001  699.52  ]]]
337	[[[2047.8     1033.8      926.16003]]]
338	[[[2047.8  1033.8   925.76]]]
339	[[[2050.2002 1032.6001  694.8   ]]]
340	[[[2047.8  1033.8   926.08]]]
341	[[[2047.8    1032.6001  925.76  ]]]
342	[[[2047.8  1033.8   920.12]]]
343	[[[2050.2002 1032.6001  694.32  ]]]
344	[[[2050.2002 1030.2001  696.72  ]]]
345	[[[2050.2002 1030.2001  697.08  ]]]
346	[[[2049.     1032.6001  699.4   ]]]
347	[[[2047.8  1037.4   923.52]]]
348	[[[2049.      1035.       927.16003]]]
349	[[[2047.8     1033.8      919.80005]]]
350	[[[2047.8     1032.6001   936.80005]]]
351	[[[2046.6001 1036.2001  923.52  ]]]
352	[[[2050.2002 1032.6001  699.32  ]]]
353	[[[2047.8    1032.6001  920.44  ]]]
354	[[[2047.8     1032.6001   920.56006]]]
355	[[[2050.2002 1032.6001  699.08  ]]]
356	[[[2047.8     1032.6001   936.72003]]]
357	[[[2044.2001 1035.      924.28  ]]]
358	[[[2049.  1033.8  927. ]]]
359	[[[2047.8    1032.6001  926.    ]]]
360	[[[2050.2002 1032.6001  699.16  ]]]
361	[[[2049.   1031.4   699.16]]]
362	[[[2047.8    1032.6001  920.08  ]]]
363	[[[2050.2002 1033.8     697.28  ]]]
364	[[[2049.   1029.    697.08]]]
365	[[[2047.8  1031.4   920.08]]]
366	[[[2049.   1031.4   699.32]]]
367	[[[2047.8 1031.4  920.4]]]
368	[[[2049.  1031.4  699.4]]]
369	[[[2046.6001  1032.6001   926.56006]]]
370	[[[2049.   1031.4   699.68]]]
371	[[[2046.6001 1032.6001  926.36  ]]]
372	[[[2049.   1031.4   699.64]]]
373	[[[2047.8  1033.8   926.68]]]
374	[[[2047.8  1033.8   696.88]]]
375	[[[2046.6001 1036.2001  923.28  ]]]
376	[[[2046.6001 1030.2001  697.64  ]]]
377	[[[2044.2001 1033.8     923.28  ]]]
378	[[[2046.6001 1031.4     926.24  ]]]
379	[[[2047.8    1032.6001  694.92  ]]]
380	[[[2046.6001 1033.8     925.52  ]]]
381	[[[2047.8    1032.6001  695.28  ]]]
382	[[[2047.8    1032.6001  695.28  ]]]
383	[[[2047.8    1032.6001  695.32  ]]]
384	[[[2047.8    1032.6001  699.24  ]]]
385	[[[2049.     1032.6001  699.52  ]]]
386	[[[2047.8    1032.6001  699.72  ]]]
387	[[[2046.6001  1035.       926.16003]]]
388	[[[2047.8    1032.6001  699.32  ]]]
389	[[[2047.8    1032.6001  699.36  ]]]
390	[[[2047.8     1035.       927.16003]]]
391	[[[2045.4     1037.4      923.83997]]]
392	[[[2047.8     1031.4      923.04004]]]
393	[[[2043.0001 1035.      923.28  ]]]
394	[[[2049.     1036.2001  697.12  ]]]
395	[[[2047.8  1031.4   697.24]]]
396	[[[2046.6001 1035.      920.    ]]]
397	[[[2047.8  1035.    699.92]]]
398	[[[2047.8  1033.8   699.44]]]
399	[[[2046.6001 1036.2001  926.36  ]]]
400	[[[2047.8 1035.   699.4]]]
401	[[[2047.8  1035.    694.52]]]
402	[[[2047.8     1036.2001   926.56006]]]
403	[[[2047.8  1035.    699.44]]]
404	[[[2046.6001 1036.2001  926.24  ]]]
405	[[[2046.6001 1035.      920.32  ]]]
406	[[[2046.6001  1036.2001   926.16003]]]
407	[[[2047.8  1035.    699.24]]]
408	[[[2046.6001  1035.       936.72003]]]
409	[[[2046.6001 1036.2001  920.2   ]]]
410	[[[2047.8 1035.   699.4]]]
411	[[[2047.8  1035.    699.28]]]
412	[[[2046.6001 1036.2001  920.4   ]]]
413	[[[2046.6001 1036.2001  920.2   ]]]
414	[[[2047.8    1036.2001  699.44  ]]]
415	[[[2046.6001  1037.4      925.92004]]]
416	[[[2047.8     1037.4      926.80005]]]
417	[[[2046.6001 1036.2001  920.64  ]]]
418	[[[2047.8    1036.2001  699.44  ]]]
419	[[[2046.6001 1036.2001  936.48  ]]]
420	[[[2047.8    1038.6001  926.6   ]]]
421	[[[2047.8  1037.4   699.92]]]
422	[[[2047.8  1037.4   695.44]]]
423	[[[2046.6001 1039.8     927.84  ]]]
424	[[[2047.8  1037.4   699.52]]]
425	[[[2047.8    1038.6001  699.88  ]]]
426	[[[2049.   1037.4   699.56]]]
427	[[[2049.     1038.6001  699.72  ]]]
428	[[[2051.4001 1039.8     924.44  ]]]
429	[[[2046.6001 1038.6001  920.84  ]]]
430	[[[2045.4    1042.2001  923.88  ]]]
431	[[[2047.8  1039.8   926.76]]]
432	[[[2046.6001 1039.8     926.12  ]]]
433	[[[2050.2002 1042.2001  924.76  ]]]
434	[[[2047.8    1038.6001  695.36  ]]]
435	[[[2047.8    1038.6001  695.2   ]]]
436	[[[2047.8  1041.    927.76]]]
437	[[[2049.     1038.6001  699.6   ]]]
438	[[[2047.8  1039.8   695.44]]]
439	[[[2046.6001 1038.6001  926.76  ]
  [ 899.4    1141.8     690.48  ]]]
440	[[[2049.   1039.8   695.52]]]
441	[[[2047.8  1041.    927.08]]]
442	[[[2049.   1039.8   695.12]]]
443	[[[2047.8     1039.8      937.56006]]]
444	[[[2050.2002 1037.4     697.24  ]]]
445	[[[2049.   1039.8   699.88]]]
446	[[[2047.8  1043.4   928.48]]]
447	[[[2049.  1039.8  700. ]]]
448	[[[2047.8    1044.6001  924.28  ]]]
449	[[[2052.6     1042.2001   924.92004]]]
450	[[[2049.     1042.2001  928.12  ]]]
451	[[[2049.      1042.2001   927.92004]]]
452	[[[2047.8    1042.2001  928.2   ]]]
453	[[[2049.   1039.8   700.24]]]
454	[[[2052.6     1042.2001   924.92004]]]
455	[[[2046.6001 1044.6001  924.68  ]]]
456	[[[2046.6001 1044.6001  925.12  ]]]
457	[[[2047.8  1039.8   927.24]]]
458	[[[2047.8  1039.8   938.12]]]
459	[[[2049.   1039.8   700.56]]]
460	[[[2049.   1039.8   695.88]]]
461	[[[2047.8     1039.8      921.83997]]]
462	[[[2049.   1039.8   700.84]]]
463	[[[2050.2002 1039.8     696.    ]]]
464	[[[2049.   1039.8   696.08]]]
465	[[[2050.2002 1039.8     696.2   ]]]
466	[[[2049.   1039.8   696.24]]]
467	[[[2047.8  1039.8   938.48]]]
468	[[[2047.8  1039.8   921.88]]]
469	[[[2050.2002 1039.8     700.36  ]]]
470	[[[2047.8  1041.    927.32]]]
471	[[[2050.2002 1038.6001  696.44  ]]]
472	[[[2050.2002 1036.2001  697.88  ]]]
473	[[[2050.2002 1036.2001  698.16  ]]]
474	[[[2047.8     1039.8      927.56006]]]
475	[[[2049.   1039.8   921.96]]]
476	[[[2050.2002 1038.6001  700.68  ]]]
477	[[[2049.     1038.6001  922.2   ]]]
478	[[[2050.2002 1038.6001  701.12  ]]]
479	[[[2050.2002 1038.6001  696.08  ]]]
480	[[[2051.4001 1041.      698.76  ]]]
481	[[[2050.2002 1038.6001  696.16  ]]]
482	[[[2049.     1038.6001  938.44  ]]]
483	[[[2050.2002 1039.8     928.96  ]]]
484	[[[2049.     1038.6001  921.96  ]]]
485	[[[2055.   1039.8   932.44]]]
486	[[[2052.6    1042.2001  926.48  ]]]
487	[[[2050.2002 1037.4     700.84  ]]]
488	[[[2049.     1038.6001  928.12  ]]]
489	[[[2050.2002 1037.4     700.96  ]]]
490	[[[2049.      1039.8      927.72003]]]
491	[[[2050.2002 1038.6001  701.24  ]]]
492	[[[2051.4001 1038.6001  700.6   ]]]
493	[[[2050.2002 1039.8     928.52  ]]]
494	[[[2051.4001 1041.      699.12  ]]]
495	[[[2050.2002  1035.       925.16003]]]
496	[[[2050.2002 1038.6001  928.36  ]]]
497	[[[2051.4001 1038.6001  701.48  ]]]
498	[[[2049.      1042.2001   925.83997]]]
499	[[[2050.2002 1037.4     939.24  ]]]
500	[[[2053.8    1036.2001  699.36  ]]]
501	[[[2051.4001 1037.4     701.52  ]]]
502	[[[2049.      1042.2001   925.72003]]]
503	[[[2050.2002  1037.4      939.04004]]]
504	[[[2051.4001 1037.4     696.92  ]]]
505	[[[2049.      1041.       925.83997]]]
506	[[[2051.4001 1039.8     699.    ]]]
507	[[[2050.2002 1038.6001  928.88  ]]]
508	[[[2055.      1038.6001   926.80005]]]
509	[[[2051.4001 1037.4     696.92  ]]]
510	[[[2050.2002 1037.4     922.88  ]]]
511	[[[2051.4001 1035.      926.4   ]]]
512	[[[2050.2002  1038.6001   929.16003]]]
513	[[[2052.6  1033.8   698.68]]]
514	[[[2052.6  1037.4   696.72]]]
515	[[[2051.4001 1035.      925.76  ]]]
516	[[[2051.4001 1037.4     701.92  ]]]
517	[[[2055.   1039.8   926.88]]]
518	[[[2051.4001 1038.6001  929.12  ]]]
519	[[[2053.8  1041.    927.48]]]
520	[[[2051.4001 1038.6001  929.2   ]]]
521	[[[2049.      1041.       926.80005]]]
522	[[[2050.2002 1037.4     928.88  ]]]
523	[[[2051.4001  1038.6001   929.56006]]]
524	[[[2050.2002 1037.4     923.52  ]]]
525	[[[2050.2002 1038.6001  929.44  ]]]
526	[[[2051.4001 1036.2001  701.6   ]]]
527	[[[2050.2002 1041.      926.68  ]]]
528	[[[2050.2002  1037.4      939.56006]]]
529	[[[2055.      1038.6001   926.92004]]]
530	[[[2051.4001 1037.4     701.76  ]]]
531	[[[2051.4001 1037.4     697.16  ]]]
532	[[[2050.2002 1038.6001  929.2   ]]]
533	[[[2051.4001 1038.6001  929.2   ]]]
534	[[[2051.4001 1035.      926.24  ]]]
535	[[[2050.2002 1037.4     923.28  ]]]
536	[[[2055.     1038.6001  927.24  ]]]
537	[[[2050.2002 1038.6001  928.88  ]]]
538	[[[2051.4001  1038.6001   929.88   ]
  [ 945.00006 1237.8      822.96   ]]]
539	[[[2051.4001 1035.      926.24  ]]]
540	[[[2055.     1038.6001  927.48  ]]]
541	[[[2050.2002 1041.      926.76  ]]]
542	[[[2051.4001 1037.4     697.16  ]]]
543	[[[2051.4001 1038.6001  929.4   ]]]
544	[[[2055.   1039.8   927.08]]]
545	[[[2053.8  1033.8   699.24]]]
546	[[[2056.2002 1038.6001  927.32  ]]]
547	[[[2053.8    1036.2001  697.32  ]]]
548	[[[2053.8  1033.8   698.96]]]
549	[[[2052.6  1037.4   697.68]]]
550	[[[2053.8    1036.2001  697.36  ]]]
551	[[[2052.6    1036.2001  701.84  ]]]
552	[[[2053.8  1033.8   699.88]]]
553	[[[2052.6  1037.4   929.12]]]
554	[[[2052.6  1037.4   929.76]]]
555	[[[2053.8  1037.4   929.44]]]
556	[[[2053.8    1038.6001  699.84  ]]]
557	[[[2053.8    1036.2001  701.88  ]]]
558	[[[2052.6 1037.4  930.2]]]
559	[[[2053.8    1036.2001  701.6   ]]]
560	[[[2051.4001 1036.2001  929.2   ]]]
561	[[[2051.4001  1036.2001   929.56006]]]
562	[[[2053.8  1035.    697.48]]]
563	[[[2052.6    1036.2001  929.48  ]]]
564	[[[2052.6    1036.2001  929.2   ]]]
565	[[[2051.4001 1035.      699.76  ]]]
566	[[[2053.8    1036.2001  702.28  ]]]
567	[[[2055.     1032.6001  699.36  ]]]
568	[[[2051.4001  1038.6001   926.16003]]]
569	[[[2052.6 1035.   923. ]]]
570	[[[2052.6  1035.    923.24]]]
571	[[[2052.6 1035.   923.6]]]
572	[[[2052.6  1035.    923.52]]]
573	[[[2053.8  1033.8   702.48]]]
574	[[[2051.4001 1033.8     700.12  ]]]
575	[[[2051.4001  1038.6001   926.72003]]]
576	[[[2051.4001 1038.6001  926.64  ]]]
577	[[[2052.6    1036.2001  929.28  ]]]
578	[[[2052.6    1036.2001  923.24  ]]]
579	[[[2051.4001  1036.2001   929.83997]]]
580	[[[2053.8    1036.2001  701.88  ]]]
581	[[[2052.6    1036.2001  929.36  ]]]
582	[[[2052.6    1036.2001  923.32  ]]]
583	[[[2052.6     1036.2001   928.92004]]]
584	[[[2053.8    1036.2001  697.44  ]]]
585	[[[2052.6    1036.2001  923.12  ]]]
586	[[[2053.8  1035.    701.64]]]
587	[[[2053.8    1036.2001  697.28  ]]]
588	[[[2053.8  1037.4   930.12]]]
589	[[[2053.8    1036.2001  701.76  ]]]
590	[[[2053.8    1036.2001  701.76  ]]]
591	[[[2053.8    1036.2001  702.    ]]]
592	[[[2055.     1038.6001  699.88  ]]]
593	[[[2053.8  1037.4   929.36]]]
594	[[[2053.8    1036.2001  701.64  ]]]
595	[[[2055.     1036.2001  701.64  ]]]
596	[[[2053.8    1036.2001  697.44  ]]]
597	[[[2053.8    1038.6001  930.    ]]]
598	[[[2053.8  1033.8   699.36]]]
599	[[[2052.6    1036.2001  939.28  ]]]
600	[[[2052.6  1037.4   923.32]]]
601	[[[2053.8    1036.2001  702.04  ]]]
602	[[[2052.6  1037.4   928.88]]]
603	[[[2053.8    1038.6001  929.64  ]]]
604	[[[2053.8    1036.2001  701.52  ]]]
605	[[[2053.8    1036.2001  701.44  ]]]
606	[[[2052.6     1037.4      922.83997]]]
607	[[[2053.8 1037.4  701.8]]]
608	[[[2052.6     1037.4      928.72003]]]
609	[[[2053.8 1039.8  699.4]]]
610	[[[2056.2002 1039.8     926.4   ]]]
611	[[[2053.8    1036.2001  701.68  ]]]
612	[[[2053.8  1033.8   698.84]]]
613	[[[2052.6  1039.8   698.64]]]
614	[[[2055.   1035.    699.32]]]
615	[[[2051.4001 1037.4     922.76  ]]]
616	[[[2052.6  1037.4   701.48]]]
617	[[[2052.6  1037.4   701.68]]]
618	[[[2053.8 1033.8  698.6]]]
619	[[[2052.6    1038.6001  929.68  ]]]
620	[[[2052.6    1036.2001  696.68  ]]]
621	[[[2052.6    1038.6001  929.12  ]]]
622	[[[2053.8    1036.2001  696.92  ]]]
623	[[[2053.8  1037.4   701.08]]]
624	[[[2051.4001 1036.2001  699.76  ]]]
625	[[[2052.6  1037.4   701.36]]]
626	[[[2051.4001  1041.       926.56006]]]
627	[[[2049.      1038.6001   925.56006]]]
628	[[[2056.2002  1039.8      926.16003]]]
629	[[[2053.8  1037.4   701.28]]]
630	[[[2053.8     1038.6001   929.72003]]]
631	[[[2053.8    1038.6001  929.64  ]]]
632	[[[2053.8    1038.6001  929.88  ]]]
633	[[[2053.8    1038.6001  928.88  ]]]
634	[[[2052.6  1037.4   928.32]]]
635	[[[2051.4001  1041.       926.16003]]]
636	[[[2053.8  1037.4   701.24]]]
637	[[[2052.6    1038.6001  928.44  ]]]
638	[[[2050.2002 1036.2001  698.64  ]]]
639	[[[2052.6    1036.2001  701.4   ]]]
640	[[[2053.8    1036.2001  701.6   ]]]
641	[[[2053.8    1036.2001  701.48  ]]]
642	[[[2053.8    1036.2001  696.52  ]]]
643	[[[2053.8    1036.2001  696.44  ]]]
644	[[[2051.4001 1036.2001  922.44  ]]]
645	[[[2047.8    1036.2001  925.08  ]]]
646	[[[2050.2002 1035.      698.64  ]]]
647	[[[2051.4001 1037.4     929.36  ]]]
648	[[[2052.6  1035.    701.16]]]
649	[[[2052.6     1037.4      928.80005]]]
650	[[[2052.6  1037.4   699.08]]]
651	[[[2056.2002 1037.4     926.4   ]]]
652	[[[2052.6  1035.    696.56]]]
653	[[[2052.6 1035.   701.4]]]
654	[[[2053.8  1037.4   699.36]]]
655	[[[2052.6  1033.8   696.48]]]
656	[[[2053.8  1035.    700.92]]]
657	[[[2052.6    1038.6001  926.48  ]]]
658	[[[2052.6  1035.    928.48]]]
659	[[[2056.2002  1036.2001   925.92004]]]
660	[[[2056.2002 1036.2001  926.4   ]]]
661	[[[2052.6     1035.       928.56006]]]
662	[[[2053.8  1033.8   696.84]]]
663	[[[2052.6    1036.2001  929.36  ]]]
664	[[[2051.4001 1033.8     928.48  ]]]
665	[[[2052.6  1033.8   696.48]]]
666	[[[2051.4001 1033.8     922.2   ]]]
667	[[[2051.4001  1032.6001   928.72003]]]
668	[[[2053.8    1032.6001  696.68  ]]]
669	[[[2052.6  1033.8   701.52]]]
670	[[[2052.6  1035.    929.12]]]
671	[[[2053.8    1032.6001  701.52  ]]]
672	[[[2053.8    1032.6001  696.44  ]]]
673	[[[2053.8 1033.8  701. ]]]
674	[[[2052.6  1035.    929.36]]]
675	[[[2052.6  1035.    928.28]]]
676	[[[2052.6     1035.       928.72003]]]
677	[[[2052.6  1033.8   922.08]]]
678	[[[2052.6  1035.    922.44]]]
679	[[[2052.6  1035.    922.12]]]
680	[[[2052.6     1036.2001   928.92004]]]
681	[[[2053.8  1033.8   701.56]]]
682	[[[2053.8  1033.8   701.32]]]
683	[[[2053.8  1033.8   701.48]]]
684	[[[2051.4001 1036.2001  928.36  ]]]
685	[[[2056.2002  1036.2001   925.92004]]]
686	[[[2053.8    1036.2001  929.44  ]]]
687	[[[2052.6     1036.2001   927.80005]]]
688	[[[2052.6    1036.2001  922.2   ]]]
689	[[[2053.8  1035.    700.96]]]
690	[[[2052.6  1035.    922.12]]]
691	[[[2053.8    1036.2001  701.48  ]]]
692	[[[2055.   1035.    696.52]]]
693	[[[2052.6    1036.2001  928.24  ]]]
694	[[[2053.8  1037.4   928.64]]]
695	[[[2052.6     1036.2001   927.92004]]]
696	[[[2052.6     1032.6001   924.83997]]]
697	[[[2052.6     1035.       938.72003]
  [ 973.80005 1237.8      838.4    ]]]
698	[[[2052.6     1035.       938.80005]]]
699	[[[2051.4001 1035.      698.48  ]]]
700	[[[2053.8    1036.2001  929.12  ]]]
701	[[[2053.8 1033.8  701.2]]]
702	[[[2053.8  1035.    701.36]]]
703	[[[2055.      1036.2001   929.56006]]]
704	[[[2055.  1033.8  696.4]]]
705	[[[2052.6     1038.6001   925.92004]]]
706	[[[2051.4001 1032.6001  699.12  ]]]
707	[[[2055.   1033.8   700.68]]]
708	[[[2053.8  1033.8   700.84]]]
709	[[[2052.6  1033.8   938.68]]]
710	[[[2051.4001 1033.8     698.68  ]]]
711	[[[2052.6     1035.       928.80005]]]
712	[[[2052.6     1035.       928.80005]]]
713	[[[2055.     1036.2001  698.72  ]]]
714	[[[2053.8     1035.       928.16003]]]
715	[[[2055.   1031.4   698.72]]]
716	[[[2055.   1033.8   696.32]]]
717	[[[2053.8 1035.   928.4]]]
718	[[[2055.     1032.6001  701.32  ]]]
719	[[[2053.8  1033.8   700.92]]]
720	[[[2051.4001 1032.6001  698.2   ]]]
721	[[[2052.6    1036.2001  929.88  ]]]
722	[[[2053.8    1030.2001  698.72  ]]]
723	[[[2055.     1032.6001  696.44  ]]]
724	[[[2055.     1032.6001  701.28  ]]]
725	[[[2057.4001 1035.      926.    ]]]
726	[[[2057.4001 1035.      926.24  ]]]
727	[[[2052.6    1032.6001  922.2   ]]]
728	[[[2052.6     1033.8      928.16003]]]
729	[[[2052.6  1033.8   927.64]]]
730	[[[2052.6  1037.4   925.08]]]
731	[[[2049.   1033.8   924.52]]]
732	[[[2052.6    1032.6001  922.36  ]]]
733	[[[2053.8  1033.8   928.36]]]
734	[[[2053.8 1031.4  696.2]]]
735	[[[2052.6     1033.8      927.72003]]]
736	[[[2053.8    1032.6001  696.4   ]]]
737	[[[2051.4001  1036.2001   925.83997]
  [ 963.00006 1249.8      822.88   ]]]
738	[[[2051.4001 1031.4     698.56  ]]]
739	[[[2053.8    1032.6001  696.36  ]]]
740	[[[2052.6     1029.       924.83997]]]
741	[[[2053.8    1032.6001  700.72  ]]]
742	[[[2053.8    1032.6001  696.36  ]]]
743	[[[2053.8  1031.4   701.28]]]
744	[[[2053.8    1032.6001  696.36  ]]]
745	[[[2052.6     1032.6001   927.80005]]]
746	[[[2053.8  1029.    698.24]]]
747	[[[2053.8  1035.    698.92]]]
748	[[[2052.6     1032.6001   927.80005]]]
749	[[[2052.6     1032.6001   921.83997]]]
750	[[[2051.4001 1036.2001  925.2   ]]]
751	[[[2050.2002 1035.      925.6   ]]]
752	[[[2052.6  1031.4   921.96]]]
753	[[[2052.6     1032.6001   927.92004]]]
754	[[[2052.6     1032.6001   927.80005]]]
755	[[[2055.   1029.    697.92]]]
756	[[[2053.8  1031.4   696.32]]]
757	[[[2053.8  1031.4   700.72]]]
758	[[[2052.6     1033.8      928.80005]]]
759	[[[2051.4001 1036.2001  925.64  ]]]
760	[[[2053.8    1032.6001  696.36  ]]]
761	[[[2055.     1030.2001  698.64  ]]]
762	[[[2050.2002  1036.2001   925.92004]]]
763	[[[2052.6  1033.8   928.24]]]
764	[[[2053.8  1031.4   701.28]]]
765	[[[2059.8  1037.4   930.44]]]
766	[[[2053.8    1032.6001  696.36  ]]]
767	[[[2053.8  1035.    698.24]]]
768	[[[2052.6    1032.6001  696.76  ]]]
769	[[[2053.8     1030.2001   925.16003]]]
770	[[[2051.4001 1032.6001  922.28  ]]]
771	[[[2056.2002 1033.8     925.6   ]]]
772	[[[2056.2002 1035.      926.24  ]]]
773	[[[2052.6    1032.6001  696.24  ]]]
774	[[[2052.6    1032.6001  700.88  ]]]
775	[[[2050.2002  1037.4      925.16003]]]
776	[[[2052.6 1035.   929.2]]]
777	[[[2051.4001 1033.8     928.12  ]]]
778	[[[2052.6  1033.8   701.52]]]
779	[[[2052.6  1033.8   928.12]]]
780	[[[2052.6     1035.       929.04004]]]
781	[[[2052.6    1032.6001  700.72  ]]]
782	[[[2051.4001  1033.8      922.04004]]]
783	[[[2051.4001 1032.6001  922.28  ]]]
784	[[[2050.2002 1032.6001  698.84  ]]]
785	[[[2052.6     1033.8      928.56006]]]
786	[[[2050.2002 1033.8     928.48  ]]]
787	[[[2052.6    1032.6001  700.92  ]]]
788	[[[2051.4001  1032.6001   938.83997]]]
789	[[[2052.6  1031.4   700.84]]]
790	[[[2052.6    1032.6001  700.92  ]]]
791	[[[2056.2002 1033.8     926.48  ]]]
792	[[[2051.4001 1032.6001  922.2   ]]]
793	[[[2052.6  1031.4   700.92]]]
794	[[[2052.6  1031.4   701.16]]]
795	[[[2052.6    1032.6001  928.24  ]]]
796	[[[2052.6  1031.4   701.52]]]
797	[[[2053.8  1031.4   696.28]]]
798	[[[2052.6    1030.2001  701.2   ]]]
799	[[[2052.6  1031.4   697.12]]]
800	[[[2052.6  1031.4   701.08]]]
801	[[[2052.6    1032.6001  929.12  ]]]
802	[[[2051.4001  1030.2001   938.80005]]]
803	[[[2050.2002 1030.2001  698.32  ]]]
804	[[[2051.4001 1032.6001  929.12  ]]]
805	[[[2052.6     1032.6001   928.80005]]]
806	[[[2052.6    1030.2001  701.24  ]]]
807	[[[2053.8    1030.2001  701.52  ]]]
808	[[[2055.   1027.8   698.96]]]
809	[[[2053.8    1030.2001  701.24  ]]]
810	[[[2053.8 1027.8  699. ]]]
811	[[[2053.8    1030.2001  696.88  ]]]
812	[[[2053.8    1030.2001  701.52  ]]]
813	[[[2051.4001  1031.4      928.56006]]]
814	[[[2053.8  1031.4   696.52]]]
815	[[[2053.8  1031.4   701.16]]]
816	[[[2049.      1033.8      926.72003]]]
817	[[[2053.8    1030.2001  701.28  ]]]
818	[[[2049.      1032.6001   925.76   ]
  [ 909.00006 1237.8      660.44   ]]]
819	[[[2053.8     1032.6001   929.04004]]]
820	[[[2053.8  1033.8   699.12]]]
821	[[[2051.4001  1031.4      928.80005]]]
822	[[[2053.8    1032.6001  929.12  ]]]
823	[[[2053.8     1032.6001   929.56006]]]
824	[[[2053.8    1032.6001  928.88  ]]]
825	[[[2053.8  1031.4   701.68]]]
826	[[[2052.6  1031.4   922.96]]]
827	[[[2053.8  1031.4   701.68]]]
828	[[[2053.8    1030.2001  696.96  ]]]
829	[[[2052.6    1030.2001  939.44  ]]]
830	[[[2051.4001 1030.2001  699.44  ]]]
831	[[[2049.      1032.6001   926.92004]]]
832	[[[2055.     1030.2001  696.88  ]]]
833	[[[2052.6  1035.    926.32]]]
834	[[[2055.     1030.2001  696.96  ]]]
835	[[[2053.8    1030.2001  697.24  ]]]
836	[[[2053.8    1030.2001  701.6   ]]]
837	[[[2053.8    1030.2001  701.6   ]]]
838	[[[2055.   1029.    701.24]]]
839	[[[2053.8    1030.2001  697.24  ]]]
840	[[[2055.     1030.2001  701.08  ]]]
841	[[[2053.8    1030.2001  697.64  ]]]
842	[[[2053.8  1029.    701.64]]]
843	[[[2052.6    1030.2001  928.88  ]]]
844	[[[2057.4001  1031.4      926.56006]]]
845	[[[2053.8  1029.    701.36]]]
846	[[[2051.4001 1029.      699.28  ]]]
847	[[[2053.8  1029.    701.84]]]
848	[[[2053.8    1030.2001  929.36  ]]]
849	[[[2053.8    1030.2001  701.64  ]]]
850	[[[2052.6  1029.    939.36]]]
851	[[[2053.8  1031.4   930.12]]]
852	[[[2053.8 1029.   701.4]]]
853	[[[2052.6 1029.   939.6]]]
854	[[[2052.6  1029.    939.48]]]
855	[[[2055.   1029.    701.12]]]
856	[[[2052.6    1030.2001  928.48  ]]]
857	[[[2053.8     1030.2001   928.80005]]]
858	[[[2057.4001 1030.2001  926.48  ]]]
859	[[[2052.6    1032.6001  926.4   ]]]
860	[[[2052.6     1030.2001   928.80005]]]
861	[[[2052.6     1030.2001   928.80005]]]
862	[[[2051.4001 1029.      929.12  ]]]
863	[[[2053.8  1027.8   696.96]]]
864	[[[2053.8    1030.2001  929.48  ]]]
865	[[[2053.8  1029.    701.44]]]
866	[[[2053.8  1027.8   701.52]]]
867	[[[2053.8    1030.2001  929.76  ]]]
868	[[[2053.8 1029.   697.2]]]
869	[[[2053.8 1029.   697.2]]]
870	[[[2053.8     1030.2001   929.04004]]]
871	[[[2052.6     1029.       922.72003]]]
872	[[[2052.6    1030.2001  928.64  ]]]
873	[[[2052.6 1029.   939.2]]]
874	[[[2052.6  1029.    922.44]]]
875	[[[2053.8  1029.    701.76]]]
876	[[[2055.  1025.4  698.6]]]
877	[[[2053.8  1029.    701.48]]]
878	[[[2053.8  1029.    701.28]]]
879	[[[2053.8     1030.2001   928.80005]]]
880	[[[2052.6  1025.4   925.48]]]
881	[[[2056.2002  1030.2001   926.16003]]]
882	[[[2051.4001 1027.8     699.52  ]]]
883	[[[2050.2002  1031.4      926.48   ]
  [ 987.00006 1231.8      839.36   ]]]
884	[[[2053.8  1027.8   701.48]]]
885	[[[2051.4001 1027.8     928.88  ]
  [ 964.2    1237.8     831.2   ]]]
886	[[[2051.4001 1029.      928.88  ]]]
887	[[[2053.8  1027.8   701.12]]]
888	[[[2051.4001 1029.      929.24  ]]]
889	[[[2055.   1025.4   699.12]]]
890	[[[2053.8 1027.8  701.4]]]
891	[[[2053.8 1027.8  701.2]]]
892	[[[2052.6  1027.8   697.08]]]
893	[[[2053.8    1030.2001  929.88  ]]]
894	[[[2053.8  1029.    701.16]]]
895	[[[2053.8     1030.2001   929.56006]]]
896	[[[2053.8    1030.2001  929.12  ]]]
897	[[[2052.6  1029.    696.76]]]
898	[[[2053.8  1031.4   699.44]]]
899	[[[2053.8  1031.4   699.28]]]
900	[[[2053.8 1029.   701.2]]]
901	[[[2053.8  1031.4   699.24]]]
902	[[[2052.6     1029.       922.83997]]]
903	[[[2053.8  1029.    700.88]]]
904	[[[2055.   1025.4   699.16]]]
905	[[[2053.8 1029.   701. ]]]
906	[[[2052.6     1030.2001   929.04004]]]
907	[[[2051.4001  1029.       922.83997]]]
908	[[[2052.6     1030.2001   928.80005]]]
909	[[[2053.8 1027.8  697. ]]]
910	[[[2053.8  1027.8   701.44]]]
911	[[[2049.      1031.4      926.80005]]]
912	[[[2053.8  1027.8   701.16]]]
913	[[[2052.6    1030.2001  928.48  ]]]
914	[[[2053.8     1030.2001   929.80005]]]
915	[[[2053.8    1030.2001  929.12  ]]]
916	[[[2051.4001  1029.       928.80005]]]
917	[[[2052.6    1030.2001  929.12  ]]]
918	[[[2053.8  1027.8   701.44]]]
919	[[[2052.6    1030.2001  929.12  ]]]
920	[[[2051.4001 1026.6001  699.44  ]]]
921	[[[2053.8  1029.    701.04]]]
922	[[[2053.8  1027.8   701.12]]]
923	[[[2053.8  1029.    701.16]]]
924	[[[2053.8    1030.2001  929.44  ]]]
925	[[[2052.6 1027.8  922.2]]]
926	[[[2053.8     1030.2001   929.56006]]]
927	[[[2053.8  1027.8   701.28]]]
928	[[[2056.2002 1030.2001  926.48  ]]]
929	[[[2051.4001  1029.       928.80005]]]
930	[[[2053.8  1029.    701.24]]]
931	[[[2052.6  1029.    922.28]]]
932	[[[2056.2002 1031.4     926.68  ]]]
933	[[[2057.4001 1032.6001  933.08  ]]]
934	[[[2053.8  1029.    701.52]]]
935	[[[2053.8  1027.8   701.36]]]
936	[[[2053.8  1027.8   701.12]]]
937	[[[2052.6  1027.8   922.44]]]
938	[[[2052.6 1029.   928.4]]]
939	[[[2052.6     1027.8      938.83997]]]
940	[[[2053.8  1027.8   701.32]]]
941	[[[2052.6  1029.    922.88]]]
942	[[[2053.8  1029.    928.88]]]
943	[[[2052.6  1027.8   922.52]]]
944	[[[2053.8    1030.2001  699.12  ]]]
945	[[[2053.8    1030.2001  699.04  ]]]
946	[[[2053.8    1026.6001  701.32  ]]]
947	[[[2053.8    1026.6001  701.28  ]]]
948	[[[2052.6 1027.8  922.6]]]
949	[[[2053.8     1029.       929.04004]]]
950	[[[2053.8  1025.4   697.28]]]
951	[[[2053.8  1027.8   929.12]]]
952	[[[2052.6 1027.8  922.6]]]
953	[[[2053.8  1027.8   928.88]]]
954	[[[2052.6    1026.6001  939.12  ]]]
955	[[[2053.8  1029.    699.24]]]
956	[[[2053.8  1029.    698.96]]]
957	[[[2052.6    1026.6001  922.6   ]]]
958	[[[2053.8  1027.8   928.64]]]
959	[[[2056.2002  1027.8      925.92004]]]
960	[[[2051.4001 1026.6001  928.12  ]]]
961	[[[2053.8  1025.4   696.96]]]
962	[[[2052.6  1025.4   696.56]]]
963	[[[2051.4001 1026.6001  928.96  ]]]
964	[[[2052.6    1026.6001  928.64  ]]]
965	[[[2053.8  1025.4   701.48]]]
966	[[[2053.8    1026.6001  928.88  ]]]
967	[[[2052.6     1026.6001   928.56006]]]
968	[[[2052.6  1025.4   922.28]]]
969	[[[2052.6     1025.4      922.72003]]]
970	[[[2049.      1026.6001   925.92004]]]
971	[[[2052.6  1025.4   939.12]]]
972	[[[2052.6    1024.2001  921.88  ]]]
973	[[[2051.4001  1025.4      928.56006]]]
974	[[[2052.6    1026.6001  929.12  ]]]
975	[[[2052.6  1025.4   922.28]]]
976	[[[2050.2002  1027.8      926.16003]]]
977	[[[2053.8     1021.80005  698.84   ]]]
978	[[[2052.6     1026.6001   929.04004]]]
979	[[[2056.2002 1026.6001  926.08  ]]]
980	[[[2056.2002 1026.6001  926.4   ]]]
981	[[[2052.6    1026.6001  928.88  ]]]
982	[[[2053.8    1024.2001  696.76  ]]]
983	[[[2051.4001  1025.4      928.04004]]]
984	[[[2050.2002 1027.8     925.4   ]]]
985	[[[2052.6     1025.4      928.04004]]]
986	[[[2051.4001  1024.2001   922.83997]]]
987	[[[2052.6    1024.2001  701.36  ]]]
988	[[[2052.6    1026.6001  698.64  ]]]
989	[[[2051.4001 1027.8     926.08  ]]]
990	[[[2051.4001  1024.2001   922.72003]]]
991	[[[2049.      1025.4      925.72003]]]
992	[[[2052.6    1024.2001  696.88  ]]]
993	[[[2051.4001 1024.2001  922.76  ]]]
994	[[[2052.6    1024.2001  697.12  ]]]
995	[[[2053.8  1025.4   929.36]]]
996	[[[2051.4001  1024.2001   928.04004]]]
997	[[[2052.6    1024.2001  928.36  ]]]
998	[[[2052.6     1023.00006  701.36   ]]]
999	[[[2052.6  1025.4   929.36]]]
1000	[[[2050.2002  1026.6001   925.72003]]]
1001	[[[2053.8     1023.00006  700.96   ]]]
1002	[[[2053.8     1023.00006  701.2    ]]]
1003	[[[2051.4001  1023.00006  922.6    ]]]
1004	[[[2051.4001 1024.2001  928.12  ]]]
1005	[[[2051.4001  1024.2001   928.56006]]]
1006	[[[2052.6     1023.00006  701.4    ]]]
1007	[[[2053.8     1023.00006  696.56   ]]]
1008	[[[2051.4001  1023.00006  922.2    ]]]
1009	[[[2053.8     1023.00006  701.     ]]]
1010	[[[2053.8     1021.80005  701.52   ]]]
1011	[[[2053.8     1021.80005  700.92   ]]]
1012	[[[2056.2002 1024.2001  926.    ]]]
1013	[[[2053.8 1025.4  698.8]]]
1014	[[[2053.8     1021.80005  701.16   ]]]
1015	[[[2053.8     1023.00006  701.4    ]]]
1016	[[[2051.4001  1023.00006  928.88   ]]]
1017	[[[2051.4001  1021.80005  928.48   ]]]
1018	[[[2053.8     1021.80005  701.44   ]]]
1019	[[[2056.2002  1026.6001   933.83997]]]
1020	[[[2052.6     1021.80005  938.92004]]]
1021	[[[2053.8     1020.60004  696.84   ]]]
1022	[[[2053.8     1023.00006  929.36   ]]]
1023	[[[2053.8     1023.00006  929.28   ]]]
1024	[[[2049.      1023.00006  925.83997]]]
1025	[[[2051.4001  1020.60004  928.48   ]]]
1026	[[[2053.8    1024.2001  698.96  ]]]
1027	[[[2056.2002  1023.00006  926.48   ]]]
1028	[[[2053.8     1020.60004  700.96   ]]]
1029	[[[2052.6     1020.60004  701.52   ]]]
1030	[[[2052.6     1020.60004  701.32   ]]]
1031	[[[2051.4001  1025.4      925.92004]]]
1032	[[[2051.4001  1021.80005  927.88   ]]]
1033	[[[2050.2002 1024.2001  926.24  ]]]
1034	[[[2051.4001  1021.80005  928.12   ]]]
1035	[[[2051.4001  1021.80005  929.12   ]]]
1036	[[[2051.4001  1017.00006  925.48   ]]]
1037	[[[2055.      1021.80005  925.92004]]]
1038	[[[2051.4001  1020.60004  928.56006]]]
1039	[[[2053.8     1021.80005  699.2    ]]]
1040	[[[2051.4001  1019.4      922.83997]]]
1041	[[[2050.2002  1024.2001   925.83997]]]
1042	[[[2050.2002  1023.00006  926.24   ]]]
1043	[[[2051.4001 1019.4     701.44  ]]]
1044	[[[2052.6     1020.60004  929.44   ]]]
1045	[[[2051.4001  1020.60004  928.80005]]]
1046	[[[2052.6  1019.4   701.16]]]
1047	[[[2051.4001 1019.4     922.6   ]]]
1048	[[[2052.6  1018.2   701.08]]]
1049	[[[2050.2002  1019.4      928.80005]]]
1050	[[[2050.2002 1019.4     928.2   ]]]
1051	[[[2053.8     1020.60004  699.08   ]]]
1052	[[[2051.4001 1018.2     701.44  ]]]
1053	[[[2051.4001  1017.00006  701.2    ]]]
1054	[[[2051.4001  1015.80005  930.2    ]]]
1055	[[[2052.6     1014.60004  699.16   ]]]
1056	[[[2051.4001  1017.00006  701.52   ]]]
1057	[[[2050.2002  1017.00006  922.83997]]]
1058	[[[2051.4001  1019.4      929.2    ]
  [ 924.60004 1255.8      694.24   ]]]
1059	[[[2051.4001 1018.2     929.    ]]]
1060	[[[2050.2002  1017.00006  922.72003]]]
1061	[[[2047.8  1018.2   925.76]]]
1062	[[[2051.4001  1017.00006  922.4    ]]]
1063	[[[2051.4001 1018.2     928.96  ]]]
1064	[[[2052.6  1019.4   699.28]]]
1065	[[[2052.6  1018.2   929.28]]]
1066	[[[2052.6     1015.80005  697.     ]]]
1067	[[[2053.8 1018.2  699. ]]]
1068	[[[2050.2002  1020.60004  926.08   ]]]
1069	[[[2051.4001  1015.80005  701.68   ]]]
1070	[[[2051.4001  1017.00006  929.08   ]]]
1071	[[[2051.4001  1017.00006  929.08   ]]]
1072	[[[2051.4001  1014.60004  701.68   ]]]
1073	[[[2051.4001  1014.60004  701.32   ]]]
1074	[[[2052.6     1015.80005  929.4    ]]]
1075	[[[2051.4001  1015.80005  928.72003]]]
1076	[[[2050.2002 1018.2     926.    ]]]
1077	[[[2052.6     1015.80005  929.2    ]]]
1078	[[[2051.4001  1015.80005  929.2    ]]]
1079	[[[2051.4001  1014.60004  701.52   ]]]
1080	[[[2051.4001  1014.60004  696.8    ]]]
1081	[[[2051.4001  1015.80005  929.08   ]]]
1082	[[[2050.2002  1014.60004  922.8    ]]]
1083	[[[2050.2002  1014.60004  928.4    ]]]
1084	[[[2051.4001 1013.4     701.64  ]]]
1085	[[[2049.      1014.60004  698.76   ]]]
1086	[[[2051.4001  1015.80005  929.64   ]]]
1087	[[[2050.2002  1014.60004  922.6    ]]]
1088	[[[2046.6001  1017.00006  926.92004]]]
1089	[[[2051.4001  1014.60004  701.48   ]]]
1090	[[[2050.2002  1015.80005  928.56006]]]
1091	[[[2051.4001 1013.4     701.32  ]]]
1092	[[[2051.4001  1015.80005  928.88   ]]]
1093	[[[2050.2002  1015.80005  928.88   ]]]
1094	[[[2053.8     1015.80005  926.24   ]]]
1095	[[[2050.2002  1014.60004  922.83997]]]
1096	[[[2050.2002 1013.4     696.6   ]]]
1097	[[[2050.2002  1015.80005  929.88   ]]]
1098	[[[2053.8     1015.80005  926.16003]]]
1099	[[[2051.4001 1013.4     696.92  ]]]
1100	[[[2049.   1013.4   928.88]]]
1101	[[[2047.8     1017.00006  926.24   ]]]
1102	[[[2050.2002  1015.80005  928.80005]]]
1103	[[[2050.2002 1013.4     701.64  ]]]
1104	[[[2052.6  1012.2   699.08]]]
1105	[[[2051.4001  1017.00006  698.68   ]]]
1106	[[[2049.      1015.80005  928.56006]]]
1107	[[[2049.      1014.60004  928.44   ]]]
1108	[[[2050.2002  1015.80005  928.80005]]]
1109	[[[2050.2002  1015.80005  929.04004]]]
1110	[[[2049.      1014.60004  928.44   ]]]
1111	[[[2050.2002  1014.60004  696.76   ]]]
1112	[[[2050.2002 1013.4     701.44  ]]]
1113	[[[2051.4001  1014.60004  700.96   ]]]
1114	[[[2050.2002  1014.60004  697.04   ]]]
1115	[[[2049.      1015.80005  927.88   ]]]
1116	[[[2049.      1014.60004  939.12   ]]]
1117	[[[2050.2002  1014.60004  696.6    ]]]
1118	[[[2052.6  1012.2   698.56]]]
1119	[[[2050.2002  1015.80005  696.8    ]]]
1120	[[[2050.2002  1017.00006  928.96   ]]]
1121	[[[2050.2002  1015.80005  701.16   ]]]
1122	[[[2049.      1015.80005  922.72003]]]
1123	[[[2051.4001  1015.80005  701.     ]]]
1124	[[[2050.2002  1014.60004  701.12   ]]]
1125	[[[2049.      1012.2      924.83997]]]
1126	[[[2052.6  1013.4   698.96]]]
1127	[[[2050.2002  1015.80005  701.36   ]]]
1128	[[[2049.      1017.00006  928.12   ]]]
1129	[[[2047.8     1015.80005  698.96   ]]]
1130	[[[2049.      1015.80005  922.4    ]]]
1131	[[[2050.2002  1017.00006  701.2    ]]]
1132	[[[2050.2002  1018.2      928.56006]]]
1133	[[[2050.2002  1017.00006  701.28   ]]]
1134	[[[2050.2002 1018.2     928.32  ]]]
1135	[[[2050.2002 1019.4     698.72  ]]]
1136	[[[2049.      1018.2      928.56006]]]
1137	[[[2050.2002  1014.60004  925.     ]]]
1138	[[[2050.2002  1017.00006  701.04   ]]]
1139	[[[2050.2002  1017.00006  700.84   ]]]
1140	[[[2049.      1018.2      928.04004]]]
1141	[[[2050.2002 1018.2     928.24  ]]]
1142	[[[2050.2002  1017.00006  700.76   ]]]
1143	[[[2047.8  1018.2   928.44]]]
1144	[[[2045.4 1018.2  925.6]]]
1145	[[[2045.4     1018.2      924.83997]]]
1146	[[[2045.4     1019.4      925.92004]]]
1147	[[[2050.2002  1020.60004  698.4    ]]]
1148	[[[2049.      1019.4      928.56006]]]
1149	[[[2047.8  1018.2   928.24]]]
1150	[[[2050.2002  1017.00006  700.76   ]]]
1151	[[[2050.2002 1018.2     696.36  ]]]
1152	[[[2049.   1018.2   696.12]]]
1153	[[[2049.   1018.2   696.68]]]
1154	[[[2050.2002 1018.2     700.92  ]]]
1155	[[[2047.8     1018.2      921.72003]]]
1156	[[[2050.2002 1018.2     700.48  ]]]
1157	[[[2047.8  1019.4   927.64]]]
1158	[[[2047.8  1019.4   928.32]]]
1159	[[[2049.  1018.2  700.8]]]
1160	[[[2049.   1019.4   927.88]]]
1161	[[[2046.6001 1018.2     698.12  ]]]
1162	[[[2049.   1018.2   700.88]]]
1163	[[[2049.  1018.2  700.8]]]
1164	[[[2050.2002 1018.2     695.84  ]]]
1165	[[[2050.2002 1018.2     700.68  ]]]
1166	[[[2050.2002  1020.60004  698.6    ]]]
1167	[[[2050.2002 1018.2     695.96  ]]]
1168	[[[2050.2002 1018.2     700.24  ]]]
1169	[[[2050.2002  1018.2      700.24   ]
  [ 885.00006 1093.8      664.48   ]]]
1170	[[[2050.2002 1019.4     928.52  ]]]
1171	[[[2050.2002 1019.4     928.08  ]]]
1172	[[[2047.8  1018.2   921.56]]]
1173	[[[2047.8  1018.2   922.12]]]
1174	[[[2047.8  1018.2   921.64]]]
1175	[[[2047.8  1018.2   921.52]]]
1176	[[[2050.2002 1019.4     928.52  ]]]
1177	[[[2049.   1019.4   928.12]]]
1178	[[[2049.   1019.4   927.64]]]
1179	[[[2049.   1019.4   927.48]]]
1180	[[[2049.      1020.60004  697.8    ]]]
1181	[[[2050.2002 1018.2     695.6   ]]]
1182	[[[2049.      1017.00006  700.44   ]]]
1183	[[[2047.8     1014.60004  924.36   ]]]
1184	[[[2047.8 1019.4  928. ]]]
1185	[[[2047.8  1018.2   921.28]]]
1186	[[[2047.8  1018.2   921.28]]]
1187	[[[2047.8     1014.60004  924.72003]]]
1188	[[[2047.8  1018.2   921.88]]]
1189	[[[2047.8  1018.2   927.48]]]
1190	[[[2049.   1018.2   696.32]]]
1191	[[[2046.6001  1021.80005  925.28   ]]]
1192	[[[2046.6001  1021.80005  924.48   ]]]
1193	[[[2047.8  1018.2   700.84]]]
1194	[[[2049.   1019.4   701.04]]]
1195	[[[2046.6001 1019.4     927.88  ]]]
1196	[[[2049.  1019.4  696. ]]]
1197	[[[2049.      1020.60004  927.80005]]]
1198	[[[2049.      1021.80005  698.52   ]]]
1199	[[[2047.8     1020.60004  927.80005]]]
1200	[[[2049.   1019.4   696.12]]]
1201	[[[2047.8  1019.4   701.12]]]
1202	[[[2049.   1019.4   700.88]]]
1203	[[[2047.8     1020.60004  921.88   ]]]
1204	[[[2046.6001  1020.60004  928.12   ]]]
1205	[[[2050.2002  1021.80005  698.64   ]]]
1206	[[[2047.8     1021.80005  928.72003]]]
1207	[[[2046.6001 1019.4     927.36  ]]]
1208	[[[2046.6001  1019.4      927.72003]]]
1209	[[[2049.   1019.4   700.96]]]
1210	[[[2047.8     1020.60004  928.16003]]]
1211	[[[2046.6001  1019.4      927.72003]]]
1212	[[[2047.8     1020.60004  927.80005]]]
1213	[[[2051.4001  1021.80005  925.08   ]]]
1214	[[[2046.6001  1020.60004  928.04004]]]
1215	[[[2047.8     1020.60004  922.2    ]]]
1216	[[[2047.8     1020.60004  921.52   ]]]
1217	[[[2047.8     1020.60004  921.83997]]]
1218	[[[2047.8     1020.60004  921.52   ]]]
1219	[[[2049.      1020.60004  696.6    ]]]
1220	[[[2047.8     1020.60004  921.88   ]]]
1221	[[[2047.8     1021.80005  927.80005]]]
1222	[[[2049.      1021.80005  928.48   ]]]
1223	[[[2047.8     1020.60004  921.88   ]]]
1224	[[[2049.      1021.80005  927.80005]]]
1225	[[[2050.2002  1020.60004  700.52   ]]]
1226	[[[2047.8 1019.4  699. ]]]
1227	[[[2049.      1023.00006  927.44   ]]]
1228	[[[2050.2002  1021.80005  700.36   ]]]
1229	[[[2050.2002  1021.80005  700.88   ]]]
1230	[[[2050.2002  1021.80005  700.96   ]]]
1231	[[[2049.      1023.00006  927.64   ]]]
1232	[[[2050.2002  1021.80005  700.88   ]]]
1233	[[[2046.6001 1025.4     925.36  ]]]
1234	[[[2052.6  1025.4   925.68]]]
1235	[[[2049.     1024.2001  928.88  ]]]
1236	[[[2050.2002  1023.00006  701.     ]]]
1237	[[[2049.     1024.2001  927.48  ]]]
1238	[[[2049.     1024.2001  927.48  ]]]
1239	[[[2049.      1023.00006  921.96   ]]]
1240	[[[2049.      1023.00006  921.64   ]]]
1241	[[[2049.      1023.00006  921.36   ]]]
1242	[[[2050.2002  1023.00006  700.68   ]]]
1243	[[[2049.      1023.00006  921.88   ]]]
1244	[[[2049.      1023.00006  921.56006]]]
1245	[[[2050.2002  1024.2001   927.80005]]]
1246	[[[2050.2002  1023.00006  700.64   ]]]
1247	[[[2049.      1023.00006  921.80005]]]
1248	[[[2049.     1024.2001  927.48  ]]]
1249	[[[2045.4     1025.4      926.04004]]]
1250	[[[2049.      1023.00006  921.72003]]]
1251	[[[2047.8     1027.8      925.16003]]]
1252	[[[2050.2002 1024.2001  700.44  ]]]
1253	[[[2049.     1024.2001  921.6   ]]]
1254	[[[2049.      1027.8      925.16003]]]
1255	[[[2047.8     1027.8      924.92004]]]
1256	[[[2049.     1024.2001  700.8   ]]]
1257	[[[2047.8     1024.2001   921.56006]
  [ 904.2     1249.8      678.68   ]]]
1258	[[[2050.2002 1024.2001  700.24  ]]]
1259	[[[2050.2002 1024.2001  696.08  ]]]
1260	[[[2049.  1025.4  928.2]]]
1261	[[[2050.2002 1024.2001  700.32  ]]]
1262	[[[2050.2002 1026.6001  698.2   ]]]
1263	[[[2050.2002 1024.2001  700.08  ]]]
1264	[[[2050.2002 1024.2001  700.24  ]]]
1265	[[[2047.8    1024.2001  921.44  ]]]
1266	[[[2050.2002 1024.2001  699.84  ]]]
1267	[[[2044.2001 1024.2001  924.4   ]]]
1268	[[[2047.8     1023.00006  921.36   ]]]
1269	[[[2049.      1024.2001   695.92   ]
  [ 885.00006 1243.8      756.04   ]]]
1270	[[[2053.8    1030.2001  929.6   ]]]
1271	[[[2049.   1025.4   928.28]]]
1272	[[[2050.2002  1023.00006  700.04   ]]]
1273	[[[2047.8     1023.00006  937.76   ]]]
1274	[[[2049.     1024.2001  927.76  ]]]
1275	[[[2049.   1025.4   697.72]]]
1276	[[[2047.8     1023.00006  927.16003]]]
1277	[[[2046.6001  1026.6001   924.83997]]]
1278	[[[2049.      1021.80005  700.16   ]]]
1279	[[[2049.      1021.80005  700.16   ]]]
1280	[[[2047.8     1021.80005  696.08   ]]]
1281	[[[2051.4001  1024.2001   924.80005]]]
1282	[[[2047.8     1021.80005  696.04   ]]]
1283	[[[2046.6001 1025.4     925.12  ]]]
1284	[[[2047.8     1020.60004  695.4    ]]]
1285	[[[2047.8     1020.60004  700.52   ]]]
1286	[[[2049.     1024.2001  698.44  ]]]
1287	[[[2046.6001  1023.00006  927.83997]]]
1288	[[[2047.8     1021.80005  700.72   ]]]
1289	[[[2049.      1020.60004  695.64   ]]]
1290	[[[2047.8    1024.2001  698.04  ]]]
1291	[[[2047.8    1024.2001  697.44  ]]]
1292	[[[2050.2002  1024.2001   925.72003]]]
1293	[[[2047.8     1023.00006  928.28   ]]]
1294	[[[2046.6001  1021.80005  921.36   ]]]
1295	[[[2047.8     1021.80005  696.24   ]]]
1296	[[[2046.6001  1021.80005  921.2    ]]]
1297	[[[2046.6001  1020.60004  938.     ]]]
1298	[[[2047.8     1021.80005  927.96   ]]]
1299	[[[2049.   1018.2   698.08]]]
1300	[[[2047.8     1021.80005  927.64   ]]]
1301	[[[2049.     1024.2001  925.4   ]]]
1302	[[[2046.6001  1021.80005  927.28   ]]]
1303	[[[2047.8     1023.00006  697.84   ]]]
1304	[[[2046.6001 1019.4     937.96  ]]]
1305	[[[2047.8     1021.80005  928.04004]]]
1306	[[[2046.6001  1019.4      926.83997]]]
1307	[[[2046.6001  1020.60004  927.16003]]]
1308	[[[2045.4  1018.2   698.44]]]
1309	[[[2047.8  1019.4   695.84]]]
1310	[[[2046.6001  1020.60004  927.80005]]]
1311	[[[2047.8     1020.60004  928.48   ]]]
1312	[[[2047.8 1018.2  695.6]]]
1313	[[[2047.8     1020.60004  927.80005]]]
1314	[[[2046.6001  1023.00006  925.16003]]]
1315	[[[2049.      1015.80005  697.88   ]]]
1316	[[[2046.6001  1023.00006  925.56006]]]
1317	[[[2049.   1019.4   927.88]]]
1318	[[[2047.8  1019.4   927.24]]]
1319	[[[2049.   1018.2   695.72]]]
1320	[[[2047.8 1018.2  700.4]]]
1321	[[[2047.8  1018.2   700.44]]]
1322	[[[2046.6001  1018.2      927.56006]]]
1323	[[[2046.6001  1014.60004  924.6    ]]]
1324	[[[2047.8     1017.00006  700.36   ]]]
1325	[[[2045.4  1018.2   927.48]]]
1326	[[[2047.8     1017.00006  701.     ]]]
1327	[[[2047.8     1017.00006  695.92   ]]]
1328	[[[2045.4     1021.80005  924.72003]]]
1329	[[[2047.8     1014.60004  698.52   ]]]
1330	[[[2047.8     1017.00006  700.64   ]]]
1331	[[[2041.8     1017.00006  924.52   ]]]
1332	[[[2046.6001 1018.2     927.48  ]]]
1333	[[[2047.8     1014.60004  925.16003]]]
1334	[[[2046.6001  1017.00006  927.88   ]]]
1335	[[[2046.6001  1015.80005  921.88   ]]]
1336	[[[2047.8     1015.80005  696.     ]]]
1337	[[[2050.2002  1019.4      925.80005]]]
1338	[[[2046.6001  1017.00006  921.88   ]]]
1339	[[[2050.2002  1018.2      925.80005]]]
1340	[[[2045.4     1015.80005  928.12   ]]]
1341	[[[2044.2001 1019.4     925.4   ]]]
1342	[[[2047.8  1018.2   698.48]]]
1343	[[[2047.8     1015.80005  700.56   ]]]
1344	[[[2046.6001  1017.00006  928.48   ]]]
1345	[[[2047.8     1017.00006  928.56006]]]
1346	[[[2046.6001  1015.80005  696.28   ]]]
1347	[[[2044.2001 1019.4     925.64  ]]]
1348	[[[2047.8     1015.80005  696.28   ]]]
1349	[[[2046.6001 1012.2     924.48  ]]]
1350	[[[2047.8     1014.60004  696.64   ]]]
1351	[[[2047.8     1015.80005  700.56   ]]]
1352	[[[2045.4     1015.80005  922.28   ]]]
1353	[[[2046.6001  1017.00006  928.80005]]]
1354	[[[2045.4     1014.60004  921.83997]]]
1355	[[[2047.8     1014.60004  696.36   ]]]
1356	[[[2047.8  1012.2   698.64]]]
1357	[[[2045.4     1014.60004  922.36   ]]]
1358	[[[2046.6001  1015.80005  928.04004]]]
1359	[[[2046.6001  1014.60004  701.08   ]]]
1360	[[[2044.2001  1014.60004  698.4    ]]]
1361	[[[2046.6001  1014.60004  701.32   ]
  [ 919.80005 1231.8      678.88   ]]]
1362	[[[2046.6001  1015.80005  928.48   ]]]
1363	[[[2047.8     1014.60004  696.32   ]]]
1364	[[[2045.4     1015.80005  928.80005]]]
1365	[[[2041.8     1015.80005  925.4    ]]]
1366	[[[2046.6001  1014.60004  701.48   ]]]
1367	[[[2044.2001  1018.2      926.16003]]]
1368	[[[2046.6001  1015.80005  929.04004]]]
1369	[[[2045.4     1014.60004  927.96   ]]]
1370	[[[2046.6001  1015.80005  928.92004]]]
1371	[[[2047.8     1015.80005  929.28   ]]]
1372	[[[2047.8 1013.4  696.2]]]
1373	[[[2047.8  1013.4   701.08]]]
1374	[[[2046.6001 1013.4     922.52  ]]]
1375	[[[2047.8  1013.4   701.12]]]
1376	[[[2049.      1015.80005  699.28   ]]]
1377	[[[2047.8  1012.2   697.08]]]
1378	[[[2047.8     1014.60004  928.80005]]]
1379	[[[2046.6001  1014.60004  928.16003]]]
1380	[[[2047.8     1014.60004  928.6    ]]]
1381	[[[2046.6001 1013.4     701.28  ]]]
1382	[[[2046.6001  1014.60004  928.88   ]]]
1383	[[[2050.2002  1015.80005  926.16003]]]
1384	[[[2045.4 1013.4  922.4]]]
1385	[[[2047.8  1012.2   696.76]]]
1386	[[[2046.6001  1014.60004  928.80005]]]
1387	[[[2045.4     1013.4      928.16003]]]
1388	[[[2047.8 1012.2  701.2]]]
1389	[[[2047.8     1014.60004  929.48   ]]]
1390	[[[2046.6001  1014.60004  928.80005]]]
1391	[[[2047.8  1012.2   700.84]]]
1392	[[[2046.6001 1013.4     928.44  ]]]
1393	[[[2046.6001 1013.4     928.48  ]]]
1394	[[[2047.8  1012.2   701.24]]]
1395	[[[2046.6001 1013.4     928.48  ]]]
1396	[[[2046.6001 1012.2     938.6   ]]]
1397	[[[2045.4     1013.4      928.04004]]]
1398	[[[2047.8  1013.4   700.72]]]
1399	[[[2047.8  1013.4   696.24]]]
1400	[[[2046.6001  1014.60004  928.04004]]]
1401	[[[2046.6001  1013.4      927.72003]]]
1402	[[[2047.8     1014.60004  928.80005]]]
1403	[[[2047.8     1015.80005  698.4    ]]]
1404	[[[2047.8     1014.60004  929.36   ]]]
1405	[[[2050.2002  1014.60004  925.52   ]]]
1406	[[[2043.0001  1015.80005  926.16003]]]
1407	[[[2047.8 1013.4  696.4]]]
1408	[[[2044.2001  1017.00006  925.92004]]]
1409	[[[2047.8  1013.4   700.68]]]
1410	[[[2047.8     1014.60004  929.6    ]]]
1411	[[[2046.6001 1013.4     696.96  ]]]
1412	[[[2050.2002  1014.60004  926.16003]]]
1413	[[[2046.6001  1014.60004  928.88   ]]]
1414	[[[2047.8  1012.2   701.36]]]
1415	[[[2045.4  1013.4   927.88]]]
1416	[[[2043.0001  1013.4      924.83997]]]
1417	[[[2047.8  1012.2   696.52]]]
1418	[[[2045.4 1012.2  922.2]]]
1419	[[[2046.6001 1013.4     928.12  ]]]
1420	[[[2047.8  1012.2   696.16]]]
1421	[[[2047.8  1012.2   696.56]]]
1422	[[[2047.8  1012.2   696.12]]]
1423	[[[2046.6001  1014.60004  928.36   ]]]
1424	[[[2046.6001  1014.60004  929.04004]]]
1425	[[[2046.6001 1013.4     922.2   ]]]
1426	[[[2043.0001 1012.2     925.52  ]]]
1427	[[[2047.8  1012.2   701.36]]]
1428	[[[2047.8  1012.2   701.04]]]
1429	[[[2047.8  1013.4   696.84]]]
1430	[[[2045.4     1017.00006  925.83997]]]
1431	[[[2047.8  1013.4   701.04]]]
1432	[[[2049.   1013.4   696.24]]]
1433	[[[2047.8     1014.60004  928.48   ]]]
1434	[[[2047.8     1014.60004  928.80005]]]
1435	[[[2046.6001  1013.4      928.04004]]]
1436	[[[2049.   1013.4   700.48]]]
1437	[[[2047.8     1009.80005  925.08   ]]]
1438	[[[2047.8  1012.2   700.84]]]
1439	[[[2047.8     1014.60004  928.28   ]]]
1440	[[[2047.8     1015.80005  698.32   ]]]
1441	[[[2047.8  1013.4   701.28]]]
1442	[[[2047.8     1014.60004  929.12   ]]]
1443	[[[2049.  1013.4  700.4]]]
1444	[[[2047.8     1014.60004  928.16003]]]
1445	[[[2047.8     1014.60004  928.72003]]]
1446	[[[2049.   1013.4   696.04]]]
1447	[[[2046.6001  1014.60004  922.     ]]]
1448	[[[2047.8     1015.80005  928.96   ]]]
1449	[[[2046.6001  1015.80005  928.96   ]]]
1450	[[[2046.6001  1015.80005  928.72003]]]
1451	[[[2046.6001  1014.60004  922.2    ]
  [ 977.4     1213.8      845.64   ]]]
1452	[[[2047.8     1015.80005  929.04004]]]
1453	[[[2047.8     1015.80005  929.04004]]]
1454	[[[2047.8     1014.60004  700.8    ]]]
1455	[[[2051.4001  1015.80005  925.83997]]]
1456	[[[2047.8     1015.80005  928.36   ]]]
1457	[[[2049.      1014.60004  700.4    ]]]
1458	[[[2050.2002  1017.00006  925.4    ]]]
1459	[[[2047.8     1015.80005  928.04004]]]
1460	[[[2047.8     1014.60004  700.68   ]]]
1461	[[[2047.8  1018.2   698.32]]]
1462	[[[2047.8     1014.60004  700.6    ]]]
1463	[[[2045.4     1014.60004  698.52   ]]]
1464	[[[2047.8     1017.00006  928.56006]]]
1465	[[[2049.   1018.2   698.36]]]
1466	[[[2046.6001  1015.80005  921.6    ]]]
1467	[[[2046.6001  1015.80005  938.28   ]]]
1468	[[[2049.  1013.4  697.8]]]
1469	[[[2046.6001  1017.00006  921.76   ]]]
1470	[[[2046.6001  1015.80005  938.32   ]]]
1471	[[[2045.4     1020.60004  924.92004]]]
1472	[[[2047.8  1018.2   928.12]]]
1473	[[[2045.4     1020.60004  924.6    ]]]
1474	[[[2047.8     1017.00006  700.6    ]]]
1475	[[[2049.      1017.00006  700.08   ]]]
1476	[[[2049.      1017.00006  700.16   ]]]
1477	[[[2047.8     1018.2      927.92004]]]
1478	[[[2049.      1017.00006  696.12   ]]]
1479	[[[2046.6001  1017.00006  937.80005]]]
1480	[[[2051.4001  1019.4      925.04004]]]
1481	[[[2045.4     1021.80005  924.92004]]]
1482	[[[2047.8  1019.4   927.64]]]
1483	[[[2044.2001 1019.4     924.36  ]]]
1484	[[[2046.6001 1019.4     927.24  ]]]
1485	[[[2050.2002  1015.80005  697.6    ]]]
1486	[[[2047.8     1020.60004  927.4    ]]]
1487	[[[2049.   1019.4   700.16]]]
1488	[[[2041.8     1021.80005  932.68   ]]]
1489	[[[2044.2001 1019.4     924.08  ]]]
1490	[[[2050.2002 1019.4     699.96  ]]]
1491	[[[2047.8     1020.60004  927.28   ]]]
1492	[[[2049.      1020.60004  700.44   ]]]
1493	[[[2044.2001  1020.60004  924.     ]]]
1494	[[[2050.2002 1019.4     695.6   ]]]
1495	[[[2047.8     1020.60004  921.44   ]]]
1496	[[[2049.      1021.80005  927.80005]]]
1497	[[[2049.      1020.60004  700.24   ]]]
1498	[[[2047.8     1020.60004  927.12   ]]]
1499	[[[2050.2002  1020.60004  699.96   ]]]
1500	[[[2050.2002  1021.80005  700.24   ]]]
1501	[[[2046.6001 1025.4     924.6   ]]]
1502	[[[2047.8     1021.80005  920.96   ]]]
1503	[[[2049.      1023.00006  926.80005]]]
1504	[[[2047.8     1021.80005  920.88   ]]]
1505	[[[2049.      1023.00006  926.96   ]]]
1506	[[[2049.      1021.80005  700.32   ]]]
1507	[[[2050.2002 1024.2001  698.    ]]]
1508	[[[2050.2002 1024.2001  927.6   ]]]
1509	[[[2047.8     1021.80005  698.2    ]]]
1510	[[[2045.4    1024.2001  924.44  ]]]
1511	[[[2049.     1024.2001  926.64  ]]]
1512	[[[2051.4001 1025.4     698.    ]]]
1513	[[[2051.4001  1023.00006  700.16   ]]]
1514	[[[2049.      1023.00006  921.2    ]]]
1515	[[[2050.2002  1024.2001   927.72003]]]
1516	[[[2050.2002  1021.80005  700.2    ]]]
1517	[[[2050.2002  1021.80005  700.     ]]]
1518	[[[2050.2002  1024.2001   927.16003]]]
1519	[[[2047.8    1026.6001  924.08  ]]]
1520	[[[2050.2002 1024.2001  927.4   ]
  [ 922.2    1225.8     794.08  ]]]
1521	[[[2049.      1021.80005  920.44   ]]]
1522	[[[2051.4001  1021.80005  695.28   ]]]
1523	[[[2049.      1023.00006  926.48   ]]]
1524	[[[2053.8    1024.2001  924.76  ]]]
1525	[[[2050.2002 1019.4     923.76  ]]]
1526	[[[2051.4001 1019.4     697.8   ]]]
1527	[[[2050.2002  1023.00006  927.08   ]]]
1528	[[[2050.2002  1021.80005  920.80005]]]
1529	[[[2051.4001 1019.4     697.8   ]]]
1530	[[[2050.2002  1021.80005  920.83997]]]
1531	[[[2050.2002  1021.80005  920.64   ]]]
1532	[[[2046.6001  1023.00006  923.83997]]]
1533	[[[2047.8 1025.4  924.4]]]
1534	[[[2050.2002  1023.00006  926.72003]]]
1535	[[[2050.2002  1023.00006  926.4    ]]]
1536	[[[2051.4001  1021.80005  695.48   ]]]
1537	[[[2049.      1021.80005  926.64   ]]]
1538	[[[2050.2002  1021.80005  695.16   ]]]
1539	[[[2050.2002  1021.80005  695.32   ]]]
1540	[[[2051.4001  1021.80005  695.32   ]]]
1541	[[[2045.4     1023.00006  924.08   ]]]
1542	[[[2051.4001  1021.80005  695.4    ]]]
1543	[[[2049.      1023.00006  920.56006]]]
1544	[[[2051.4001 1019.4     697.16  ]]]
1545	[[[2049.      1023.00006  920.56006]]]
1546	[[[2051.4001  1021.80005  695.36   ]]]
1547	[[[2045.4     1023.00006  923.52   ]]]
1548	[[[2050.2002  1023.00006  699.8    ]]]
1549	[[[2050.2002  1023.00006  699.8    ]]]
1550	[[[2050.2002  1021.80005  699.56   ]]]
1551	[[[2051.4001 1019.4     697.2   ]]]
1552	[[[2051.4001  1020.60004  697.4    ]]]
1553	[[[2052.6     1020.60004  697.44   ]]]
1554	[[[2049.     1024.2001  920.88  ]]]
1555	[[[2049.      1023.00006  937.28   ]]]
1556	[[[2049.      1024.2001   921.12   ]
  [ 877.80005 1093.8      799.68   ]]]
1557	[[[2049.     1024.2001  920.44  ]]]
1558	[[[2049.      1024.2001   920.56006]]]
1559	[[[2050.2002 1024.2001  695.52  ]]]
1560	[[[2049.   1025.4   920.44]]]
1561	[[[2050.2002 1024.2001  695.4   ]]]
1562	[[[2052.6     1027.8      924.92004]]]
1563	[[[2050.2002  1021.80005  697.48   ]]]
1564	[[[2049.     1026.6001  927.24  ]]]
1565	[[[2050.2002 1025.4     699.56  ]]]
1566	[[[2049.     1024.2001  699.68  ]]]
1567	[[[2049.   1025.4   700.28]]]
1568	[[[2049.     1024.2001  700.04  ]]]
1569	[[[2047.8  1029.    924.08]]]
1570	[[[2049.     1026.6001  927.24  ]]]
1571	[[[2049.  1025.4  700.2]]]
1572	[[[2049.     1024.2001  700.16  ]]]
1573	[[[2044.2001  1027.8      924.92004]]]
1574	[[[2050.2002 1027.8     697.84  ]]]
1575	[[[2050.2002  1023.00006  697.24   ]]]
1576	[[[2050.2002 1027.8     697.48  ]]]
1577	[[[2047.8  1025.4   937.12]]]
1578	[[[2049.   1025.4   699.56]]]
1579	[[[2047.8    1026.6001  926.24  ]]]
1580	[[[2047.8    1026.6001  920.64  ]]]
1581	[[[2047.8     1026.6001   920.72003]]]
1582	[[[2050.2002  1023.00006  696.84   ]]]
1583	[[[2046.6001 1026.6001  920.24  ]]]
1584	[[[2047.8    1026.6001  699.84  ]]]
1585	[[[2047.8  1027.8   926.76]]]
1586	[[[2047.8    1024.2001  923.68  ]]]
1587	[[[2050.2002 1030.2001  924.68  ]]]
1588	[[[2046.6001  1026.6001   936.80005]]]
1589	[[[2047.8    1026.6001  699.52  ]]]
1590	[[[2047.8    1026.6001  695.08  ]]]
1591	[[[2047.8  1027.8   699.52]]]
1592	[[[2046.6001  1026.6001   936.56006]]]
1593	[[[2051.4001 1029.      924.36  ]]]
1594	[[[2046.6001 1026.6001  919.96  ]]]
1595	[[[2046.6001 1026.6001  919.96  ]]]
1596	[[[2046.6001  1027.8      920.56006]]]
1597	[[[2049.     1024.2001  696.52  ]]]
1598	[[[2047.8  1027.8   699.92]]]
1599	[[[2047.8  1027.8   695.12]]]
1600	[[[2046.6001  1030.2001   927.80005]]]
1601	[[[2045.4     1030.2001   923.16003]]]
1602	[[[2050.2002  1031.4      924.16003]]]
1603	[[[2047.8     1029.       927.04004]]]
1604	[[[2049.  1027.8  699.2]]]
1605	[[[2046.6001 1027.8     919.88  ]]]
1606	[[[2049.  1027.8  694.8]]]
1607	[[[2047.8    1026.6001  694.88  ]]]
1608	[[[2047.8    1026.6001  694.68  ]]]
1609	[[[2047.8    1026.6001  694.36  ]]]
1610	[[[2049.     1026.6001  694.68  ]]]
1611	[[[2047.8  1027.8   695.04]]]
1612	[[[2047.8     1029.       927.04004]]]
1613	[[[2047.8     1029.       926.72003]]]
1614	[[[2047.8  1029.    926.48]]]
1615	[[[2047.8 1029.   926.4]]]
1616	[[[2047.8     1029.       925.72003]]]
1617	[[[2047.8     1029.       927.04004]]]
1618	[[[2047.8     1029.       926.80005]]]
1619	[[[2047.8     1029.       925.83997]]]
1620	[[[2049.   1029.    926.88]]]
1621	[[[2049.     1030.2001  696.96  ]]]
1622	[[[2050.2002 1031.4     924.28  ]]]
1623	[[[2046.6001  1029.       925.92004]]]
1624	[[[2047.8    1030.2001  696.88  ]]]
1625	[[[2045.4     1031.4      922.83997]]]
1626	[[[2046.6001  1029.       925.80005]]]
1627	[[[2047.8     1029.       925.83997]]]
1628	[[[2047.8     1029.       925.92004]]]
1629	[[[2049.     1030.2001  696.72  ]]]
1630	[[[2049.   1027.8   699.12]]]
1631	[[[2049.   1027.8   699.44]]]
1632	[[[2046.6001 1032.6001  923.44  ]]]
1633	[[[2049.   1027.8   698.88]]]
1634	[[[2049.   1027.8   694.92]]]
1635	[[[2049.   1027.8   694.84]]]
1636	[[[2049. 1029.  699.]]]
1637	[[[2049.   1027.8   699.16]]]
1638	[[[2049.   1027.8   699.28]]]
1639	[[[2047.8    1030.2001  926.32  ]]]
1640	[[[2049.  1025.4  696.4]]]
1641	[[[2047.8  1033.8   924.28]]]
1642	[[[2050.2002 1026.6001  696.92  ]]]
1643	[[[2046.6001  1029.       925.92004]]]
1644	[[[2049.   1027.8   699.04]]]
1645	[[[2047.8 1027.8  699. ]]]
1646	[[[2047.8 1027.8  699.2]]]
1647	[[[2046.6001 1027.8     699.4   ]]]
1648	[[[2046.6001 1027.8     699.    ]]]
1649	[[[2049.   1025.4   696.72]]]
1650	[[[2046.6001 1027.8     699.    ]]]
1651	[[[2047.8  1027.8   694.48]]]
1652	[[[2046.6001 1030.2001  926.36  ]]]
1653	[[[2045.4     1029.       919.72003]]]
1654	[[[2046.6001 1027.8     699.16  ]]]
1655	[[[2046.6001 1027.8     699.32  ]]]
1656	[[[2041.8  1029.    922.36]]]
1657	[[[2045.4  1029.    919.32]]]
1658	[[[2046.6001  1030.2001   926.80005]]]
1659	[[[2046.6001  1030.2001   925.92004]]]
1660	[[[2046.6001 1027.8     699.44  ]]]
1661	[[[2045.4    1030.2001  926.32  ]]]
1662	[[[2045.4  1029.    936.24]]]
1663	[[[2044.2001  1032.6001   922.72003]]]
1664	[[[2046.6001 1029.      699.12  ]]]
1665	[[[2045.4  1029.    694.56]]]
1666	[[[2046.6001 1029.      698.68  ]]]
1667	[[[2045.4 1029.   699.6]]]
1668	[[[2044.2001  1030.2001   925.80005]]]
1669	[[[2044.2001 1029.      919.64  ]]]
1670	[[[2045.4  1029.    694.52]]]
1671	[[[2044.2001 1029.      919.32  ]]]
1672	[[[2045.4    1030.2001  925.52  ]]]
1673	[[[2045.4  1027.8   694.24]]]
1674	[[[2045.4 1027.8  699.4]]]
1675	[[[2040.6001 1031.4     924.28  ]]]
1676	[[[2045.4  1027.8   694.52]]]
1677	[[[2044.2001  1029.       925.92004]]]
1678	[[[2044.2001 1025.4     922.2   ]]]
1679	[[[2045.4  1027.8   699.56]]]
1680	[[[2045.4  1027.8   699.36]]]
1681	[[[2045.4    1030.2001  926.48  ]]]
1682	[[[2045.4 1027.8  699. ]]]
1683	[[[2044.2001 1029.      919.88  ]]]
1684	[[[2044.2001 1025.4     922.52  ]
  [ 953.4    1213.8     678.32  ]]]
1685	[[[2045.4  1027.8   694.32]]]
1686	[[[2045.4  1027.8   699.04]]]
1687	[[[2040.6001  1029.       922.76   ]
  [ 927.00006 1261.8      690.44   ]]]
1688	[[[2045.4    1026.6001  694.44  ]]]
1689	[[[2043.0001  1027.8      925.83997]]]
1690	[[[2043.0001  1026.6001   925.80005]]]
1691	[[[2044.2001 1030.2001  696.32  ]]]
1692	[[[2043.0001 1031.4     923.52  ]]]
1693	[[[2044.2001 1026.6001  699.12  ]]]
1694	[[[2045.4    1026.6001  694.88  ]]]
1695	[[[2043.0001  1026.6001   919.56006]]]
1696	[[[2046.6001  1030.2001   924.16003]]]
1697	[[[2044.2001  1027.8      926.16003]]]
1698	[[[2043.0001 1026.6001  925.76  ]]]
1699	[[[2045.4     1027.8      926.72003]]]
1700	[[[2044.2001 1026.6001  694.68  ]]]
1701	[[[2044.2001 1026.6001  699.68  ]]]
1702	[[[2043.0001  1027.8      926.72003]]]
1703	[[[2044.2001 1026.6001  699.72  ]]]
1704	[[[2044.2001 1026.6001  699.76  ]]]
1705	[[[2044.2001 1026.6001  699.92  ]]]
1706	[[[2045.4  1025.4   694.48]]]
1707	[[[2043.0001 1025.4     936.6   ]]]
1708	[[[2044.2001 1025.4     694.68  ]]]
1709	[[[2041.8  1025.4   696.72]]]
1710	[[[2044.2001 1025.4     699.84  ]]]
1711	[[[2044.2001 1026.6001  926.    ]]]
1712	[[[2043.0001  1025.4      920.04004]]]
1713	[[[2043.0001 1026.6001  926.24  ]]]
1714	[[[2043.0001  1025.4      936.80005]]]
1715	[[[2044.2001 1025.4     699.72  ]]]
1716	[[[2043.0001  1026.6001   926.92004]]]
1717	[[[2044.2001 1025.4     699.56  ]]]
1718	[[[2044.2001 1026.6001  926.48  ]]]
1719	[[[2044.2001 1026.6001  926.36  ]]]
1720	[[[2044.2001  1025.4      926.56006]]]
1721	[[[2045.4     1021.80005  697.24   ]]]
1722	[[[2044.2001 1024.2001  699.36  ]]]
1723	[[[2043.0001 1025.4     926.32  ]]]
1724	[[[2044.2001 1024.2001  699.4   ]]]
1725	[[[2044.2001 1025.4     926.68  ]]]
1726	[[[2044.2001 1024.2001  699.32  ]]]
1727	[[[2045.4     1021.80005  697.     ]]]
1728	[[[2044.2001 1024.2001  699.44  ]]]
1729	[[[2043.0001 1025.4     926.32  ]]]
1730	[[[2041.8     1021.80005  698.     ]]]
1731	[[[2043.0001  1024.2001   920.04004]]]
1732	[[[2046.6001  1026.6001   924.04004]]]
1733	[[[2039.4     1024.2001   922.72003]]]
1734	[[[2043.0001 1024.2001  920.4   ]]]
1735	[[[2044.2001  1021.80005  923.36   ]]]
1736	[[[2044.2001 1024.2001  694.8   ]]]
1737	[[[2043.0001 1024.2001  919.96  ]]]
1738	[[[2044.2001 1024.2001  699.88  ]]]
1739	[[[2044.2001 1024.2001  694.76  ]]]
1740	[[[2041.8     1025.4      926.56006]]]
1741	[[[2044.2001 1025.4     927.    ]]]
1742	[[[2044.2001 1026.6001  697.28  ]]]
1743	[[[2044.2001 1024.2001  694.92  ]]]
1744	[[[2044.2001 1025.4     926.88  ]]]
1745	[[[2043.0001 1024.2001  700.    ]]]
1746	[[[2041.8    1024.2001  920.2   ]]]
1747	[[[2041.8    1024.2001  920.08  ]]]
1748	[[[2041.8     1025.4      926.56006]]]
1749	[[[2044.2001  1020.60004  696.76   ]]]
1750	[[[2043.0001 1024.2001  694.96  ]]]
1751	[[[2044.2001  1023.00006  699.72   ]]]
1752	[[[2045.4  1025.4   697.16]]]
1753	[[[2044.2001 1024.2001  699.28  ]]]
1754	[[[2046.6001 1026.6001  924.52  ]]]
1755	[[[2043.0001 1024.2001  700.08  ]]]
1756	[[[2044.2001  1023.00006  699.88   ]]]
1757	[[[2043.0001  1023.00006  694.76   ]]]
1758	[[[2041.8    1026.6001  927.96  ]]]
1759	[[[2043.0001  1023.00006  694.72   ]]]
1760	[[[2041.8  1027.8   924.28]]]
1761	[[[2043.0001  1023.00006  694.72   ]]]
1762	[[[2041.8    1024.2001  920.2   ]]]
1763	[[[2043.0001  1023.00006  694.88   ]]]
1764	[[[2038.2001  1024.2001   922.92004]]]
1765	[[[2043.0001  1023.00006  694.76   ]]]
1766	[[[2041.8    1024.2001  926.    ]]]
1767	[[[2041.8     1024.2001   925.92004]]]
1768	[[[2044.2001  1020.60004  696.92   ]]]
1769	[[[2041.8     1023.00006  919.96   ]]]
1770	[[[2043.0001  1023.00006  699.68   ]]]
1771	[[[2045.4    1026.6001  924.36  ]]]
1772	[[[2041.8     1023.00006  920.16003]]]
1773	[[[2041.8     1024.2001   925.92004]]]
1774	[[[2043.0001  1023.00006  699.56   ]]]
1775	[[[2040.6001 1027.8     924.12  ]]]
1776	[[[2041.8     1023.00006  920.4    ]]]
1777	[[[2041.8    1024.2001  926.44  ]]]
1778	[[[2040.6001 1024.2001  926.24  ]]]
1779	[[[2043.0001 1024.2001  926.68  ]]]
1780	[[[2044.2001  1020.60004  697.36   ]]]
1781	[[[2041.8     1023.00006  920.4    ]]]
1782	[[[2043.0001  1023.00006  699.28   ]]]
1783	[[[2041.8     1024.2001   926.56006]]]
1784	[[[2040.6001  1021.80005  697.4    ]]]
1785	[[[2040.6001  1026.6001   923.92004]]]
1786	[[[2041.8     1027.8      923.83997]]]
1787	[[[2041.8     1024.2001   926.56006]]]
1788	[[[2041.8    1024.2001  926.24  ]]]
1789	[[[2045.4  1025.4   923.96]]]
1790	[[[2043.0001  1023.00006  699.64   ]]]
1791	[[[2043.0001  1021.80005  700.48   ]]]
1792	[[[2041.8     1023.00006  920.24   ]]]
1793	[[[2043.0001  1023.00006  699.64   ]]]
1794	[[[2040.6001 1027.8     923.52  ]]]
1795	[[[2045.4    1026.6001  924.6   ]]]
1796	[[[2044.2001 1026.6001  697.16  ]]]
1797	[[[2041.8    1024.2001  920.    ]]]
1798	[[[2045.4    1026.6001  924.52  ]]]
1799	[[[2039.4 1027.8  924.4]]]
1800	[[[2043.0001 1024.2001  694.64  ]]]
1801	[[[2043.0001  1021.80005  923.6    ]]]
1802	[[[2041.8    1024.2001  920.64  ]]]
1803	[[[2043.0001  1026.6001   697.4    ]
  [ 954.60004 1225.8      668.84   ]]]
1804	[[[2040.6001  1027.8      923.83997]]]
1805	[[[2043.0001  1021.80005  923.6    ]]]
1806	[[[2043.0001 1024.2001  699.36  ]]]
1807	[[[2041.8     1024.2001   925.92004]]]
1808	[[[2041.8     1024.2001   926.16003]]]
1809	[[[2043.0001 1024.2001  699.88  ]]]
1810	[[[2043.0001 1024.2001  694.92  ]]]
1811	[[[2043.0001 1024.2001  695.08  ]]]
1812	[[[2044.2001  1020.60004  697.28   ]]]
1813	[[[2043.0001 1024.2001  694.88  ]]]
1814	[[[2041.8    1024.2001  926.24  ]]]
1815	[[[2041.8     1026.6001   927.56006]]]
1816	[[[2041.8     1024.2001   920.56006]]]
1817	[[[2044.2001  1023.00006  699.44   ]]]
1818	[[[2043.0001  1025.4      926.80005]]]
1819	[[[2041.8     1024.2001   920.56006]]]
1820	[[[2038.2001  1023.00006  923.52   ]]]
1821	[[[2041.8    1024.2001  926.4   ]]]
1822	[[[2041.8    1024.2001  926.48  ]]]
1823	[[[2038.2001 1025.4     923.52  ]]]
1824	[[[2041.8  1025.4   926.48]]]
1825	[[[2041.8  1025.4   926.48]]]
1826	[[[2043.0001 1024.2001  699.84  ]]]
1827	[[[2041.8     1025.4      925.92004]]]
1828	[[[2041.8     1025.4      925.92004]]]
1829	[[[2043.0001  1023.00006  699.44   ]]]
1830	[[[2043.0001 1024.2001  699.72  ]]]
1831	[[[2041.8  1025.4   926.52]]]
1832	[[[2043.0001 1024.2001  695.16  ]]]
1833	[[[2044.2001 1024.2001  699.72  ]]]
1834	[[[2043.0001 1024.2001  699.56  ]]]
1835	[[[2044.2001 1026.6001  697.12  ]]]
1836	[[[2041.8    1024.2001  920.28  ]]]
1837	[[[2043.0001 1024.2001  695.12  ]]]
1838	[[[2041.8    1024.2001  920.64  ]]]
1839	[[[2041.8     1024.2001   936.72003]]]
1840	[[[2043.0001 1024.2001  699.64  ]]]
1841	[[[2044.2001  1021.80005  697.16   ]]]
1842	[[[2043.0001 1024.2001  695.32  ]]]
1843	[[[2038.2001 1025.4     923.28  ]]]
1844	[[[2043.0001 1025.4     927.    ]]]
1845	[[[2044.2001 1024.2001  695.04  ]]]
1846	[[[2041.8    1024.2001  920.08  ]]]
1847	[[[2041.8    1026.6001  927.32  ]]]
1848	[[[2043.0001 1024.2001  694.88  ]]]
1849	[[[2043.0001 1025.4     927.32  ]]]
1850	[[[2043.0001 1025.4     927.32  ]]]
1851	[[[2043.0001 1024.2001  694.88  ]]]
1852	[[[2044.2001  1020.60004  696.84   ]]]
1853	[[[2038.2001 1026.6001  924.68  ]]]
1854	[[[2043.0001  1023.00006  694.96   ]]]
1855	[[[2043.0001 1024.2001  699.56  ]]]
1856	[[[2041.8     1025.4      926.92004]]]
1857	[[[2043.0001 1024.2001  694.88  ]]]
1858	[[[2043.0001 1024.2001  700.    ]]]
1859	[[[2038.2001  1026.6001   924.83997]]]
1860	[[[2040.6001 1024.2001  926.32  ]]]
1861	[[[2041.8    1024.2001  920.64  ]]]
1862	[[[2043.0001  1025.4      927.16003]]]
1863	[[[2043.0001 1024.2001  699.68  ]]]
1864	[[[2041.8     1025.4      926.92004]]]
1865	[[[2040.6001 1024.2001  926.48  ]]]
1866	[[[2043.0001  1025.4      927.16003]]]
1867	[[[2041.8    1024.2001  920.52  ]]]
1868	[[[2043.0001  1023.00006  695.48   ]]]
1869	[[[2041.8     1024.2001   937.16003]]]
1870	[[[2043.0001 1025.4     927.24  ]]]
1871	[[[2043.0001 1024.2001  694.92  ]]]
1872	[[[2043.0001 1024.2001  700.08  ]]]
1873	[[[2043.0001 1024.2001  699.64  ]]]
1874	[[[2041.8     1024.2001   920.72003]]]
1875	[[[2041.8    1024.2001  700.2   ]]]
1876	[[[2041.8  1025.4   927.24]]]
1877	[[[2043.0001  1023.00006  695.32   ]]]
1878	[[[2040.6001  1023.00006  920.96   ]]]
1879	[[[2041.8     1024.2001   926.56006]]]
1880	[[[2044.2001 1026.6001  924.6   ]]]
1881	[[[2037.0001 1025.4     924.6   ]]]
1882	[[[2040.6001  1023.00006  937.12   ]]]
1883	[[[2041.8     1023.00006  700.04   ]]]
1884	[[[2039.4    1026.6001  924.36  ]]]
1885	[[[2040.6001 1024.2001  926.64  ]]]
1886	[[[2040.6001  1024.2001   920.72003]]]
1887	[[[2040.6001  1023.00006  926.64   ]]]
1888	[[[2043.0001  1023.00006  700.04   ]]]
1889	[[[2040.6001  1024.2001   920.72003]]]
1890	[[[2044.2001  1021.80005  697.92   ]]]
1891	[[[2047.8 1029.   929.4]]]
1892	[[[2040.6001 1024.2001  926.68  ]]]
1893	[[[2044.2001 1026.6001  925.32  ]]]
1894	[[[2041.8     1025.4      927.72003]]]
1895	[[[2041.8    1024.2001  700.16  ]]]
1896	[[[2040.6001 1026.6001  929.08  ]]]
1897	[[[2041.8  1025.4   927.32]]]
1898	[[[2040.6001 1027.8     924.68  ]]]
1899	[[[2041.8     1023.00006  699.88   ]]]
1900	[[[2041.8 1025.4  927. ]]]
1901	[[[2041.8     1023.00006  700.08   ]]]
1902	[[[2039.4  1027.8   924.68]]]
1903	[[[2041.8     1021.80005  924.04004]]]
1904	[[[2043.0001 1024.2001  699.88  ]]]
1905	[[[2040.6001  1024.2001   937.80005]]]
1906	[[[2043.0001 1026.6001  697.96  ]]]
1907	[[[2043.0001 1026.6001  698.12  ]]]
1908	[[[2045.4    1026.6001  925.    ]]]
1909	[[[2043.0001 1025.4     699.88  ]]]
1910	[[[2043.0001 1025.4     700.32  ]]]
1911	[[[2037.0001  1025.4      923.83997]]]
1912	[[[2043.0001 1025.4     695.76  ]]]
1913	[[[2040.6001 1026.6001  927.24  ]]]
1914	[[[2043.0001 1027.8     697.84  ]]]
1915	[[[2041.8  1025.4   921.44]]]
1916	[[[2040.6001 1024.2001  698.28  ]]]
1917	[[[2045.4  1027.8   925.08]]]
1918	[[[2041.8 1025.4  921.2]]]
1919	[[[2044.2001  1023.00006  697.56   ]]]
1920	[[[2041.8  1025.4   921.28]]]
1921	[[[2041.8     1030.2001   925.16003]]]
1922	[[[2041.8     1026.6001   921.83997]]]
1923	[[[2041.8    1026.6001  921.52  ]]]
1924	[[[2044.2001 1026.6001  700.12  ]]]
1925	[[[2041.8     1026.6001   938.04004]]]
1926	[[[2044.2001  1027.8      928.04004]]]
1927	[[[2041.8     1026.6001   938.04004]]]
1928	[[[2041.8     1027.8      927.16003]]]
1929	[[[2044.2001  1027.8      928.04004]]]
1930	[[[2041.8 1027.8  927.4]]]
1931	[[[2043.0001 1024.2001  697.92  ]]]
1932	[[[2040.6001  1030.2001   924.83997]]]
1933	[[[2044.2001 1026.6001  700.32  ]]]
1934	[[[2041.8  1027.8   927.48]]]
1935	[[[2043.0001 1026.6001  921.2   ]]]
1936	[[[2041.8    1030.2001  924.52  ]]]
1937	[[[2044.2001  1029.       927.80005]]]
1938	[[[2046.6001 1025.4     698.12  ]]]
1939	[[[2046.6001  1029.       925.16003]]]
1940	[[[2045.4  1029.    698.08]]]
1941	[[[2044.2001 1026.6001  695.76  ]]]
1942	[[[2043.0001 1027.8     927.32  ]]]
1943	[[[2044.2001 1027.8     700.6   ]]]
1944	[[[2050.2002 1032.6001  929.88  ]]]
1945	[[[2043.0001  1029.       927.56006]]]
1946	[[[2044.2001 1029.      928.32  ]]]
1947	[[[2044.2001 1027.8     700.72  ]]]
1948	[[[2044.2001 1026.6001  700.4   ]]]
1949	[[[2039.4     1030.2001   925.92004]]]
1950	[[[2043.0001 1031.4     925.4   ]]]
1951	[[[2043.0001 1031.4     924.6   ]]]
1952	[[[2043.0001  1027.8      921.83997]]]
1953	[[[2045.4 1027.8  695.6]]]
1954	[[[2043.0001 1027.8     921.44  ]]]
1955	[[[2044.2001 1027.8     700.68  ]]]
1956	[[[2045.4  1027.8   700.24]]]
1957	[[[2044.2001 1027.8     700.76  ]]]
1958	[[[2043.0001 1029.      927.52  ]]]
1959	[[[2044.2001 1027.8     696.4   ]]]
1960	[[[2047.8 1029.   925.2]]]
1961	[[[2043.0001  1031.4      924.80005]]]
1962	[[[2043.0001 1031.4     925.32  ]]]
1963	[[[2044.2001 1027.8     700.88  ]]]
1964	[[[2043.0001  1027.8      922.04004]]]
1965	[[[2047.8    1030.2001  925.64  ]]]
1966	[[[2044.2001 1029.      928.28  ]]]
1967	[[[2044.2001 1025.4     929.36  ]]]
1968	[[[2045.4    1026.6001  700.6   ]]]
1969	[[[2044.2001 1029.      927.96  ]]]
1970	[[[2045.4 1027.8  700.8]]]
1971	[[[2043.0001  1029.       927.72003]]]
1972	[[[2045.4    1030.2001  698.8   ]]]
1973	[[[2044.2001 1024.2001  924.64  ]]]
1974	[[[2045.4 1027.8  700.8]]]
1975	[[[2045.4  1027.8   696.48]]]
1976	[[[2044.2001 1027.8     938.36  ]]]
1977	[[[2045.4 1027.8  696.6]]]
1978	[[[2045.4 1027.8  696.6]]]
1979	[[[2044.2001 1027.8     938.6   ]]]
1980	[[[2040.6001 1029.      925.32  ]]]
1981	[[[2045.4    1030.2001  929.12  ]]]
1982	[[[2044.2001 1029.      922.08  ]]]
1983	[[[2046.6001 1029.      696.44  ]]]
1984	[[[2046.6001 1029.      696.32  ]]]
1985	[[[2045.4     1030.2001   928.04004]]]
1986	[[[2046.6001  1030.2001   928.04004]]]
1987	[[[2044.2001 1029.      928.44  ]]]
1988	[[[2045.4  1029.    921.96]]]
1989	[[[2046.6001 1029.      701.16  ]]]
1990	[[[2046.6001 1029.      700.8   ]]]
1991	[[[2046.6001  1030.2001   928.56006]]]
1992	[[[2047.8    1026.6001  698.04  ]]]
1993	[[[2046.6001 1030.2001  701.44  ]]]
1994	[[[2046.6001 1031.4     928.88  ]]]
1995	[[[2045.4  1031.4   928.32]]]
1996	[[[2046.6001 1029.      701.16  ]]]
1997	[[[2045.4    1030.2001  922.28  ]]]
1998	[[[2045.4  1031.4   922.28]]]
1999	[[[2046.6001 1030.2001  696.68  ]]]
2000	[[[2046.6001 1030.2001  700.88  ]]]
2001	[[[2045.4  1035.    925.48]]]
2002	[[[2045.4  1031.4   922.28]]]
2003	[[[2046.6001 1030.2001  696.12  ]]]
2004	[[[2045.4  1031.4   928.12]]]
2005	[[[2047.8  1027.8   698.92]]]
2006	[[[2046.6001 1031.4     921.96  ]]]
2007	[[[2047.8    1032.6001  929.2   ]]]
2008	[[[2047.8    1032.6001  929.4   ]]]
2009	[[[2046.6001 1032.6001  928.96  ]]]
2010	[[[2047.8    1030.2001  696.56  ]]]
2011	[[[2045.4  1035.    925.44]]]
2012	[[[2046.6001  1032.6001   928.80005]]]
2013	[[[2047.8    1032.6001  928.96  ]]]
2014	[[[2047.8  1031.4   701.12]]]
2015	[[[2046.6001 1032.6001  928.24  ]]]
2016	[[[2047.8  1031.4   696.12]]]
2017	[[[2046.6001  1031.4      921.72003]]]
2018	[[[2046.6001 1031.4     921.8   ]]]
2019	[[[2047.8  1031.4   700.96]]]
2020	[[[2050.2002  1035.       926.16003]]]
2021	[[[2045.4     1035.       925.16003]]]
2022	[[[2046.6001 1031.4     938.6   ]]]
2023	[[[2047.8  1031.4   700.84]]]
2024	[[[2046.6001 1032.6001  922.2   ]]]
2025	[[[2046.6001 1032.6001  922.44  ]]]
2026	[[[2046.6001 1032.6001  927.96  ]]]
2027	[[[2050.2002  1033.8      925.72003]]]
2028	[[[2047.8 1031.4  701.2]]]
2029	[[[2047.8  1031.4   700.64]]]
2030	[[[2045.4  1031.4   698.84]]]
2031	[[[2049.   1029.    698.48]]]
2032	[[[2047.8  1031.4   701.12]]]
2033	[[[2049.   1031.4   696.32]]]
2034	[[[2049.   1031.4   696.32]]]
2035	[[[2047.8     1033.8      928.04004]]]
2036	[[[2046.6001 1032.6001  921.88  ]]]
2037	[[[2049.     1032.6001  700.52  ]]]
2038	[[[2047.8  1033.8   928.12]]]
2039	[[[2049.   1033.8   929.12]]]
2040	[[[2046.6001 1033.8     928.28  ]]]
2041	[[[2047.8    1032.6001  701.12  ]]]
2042	[[[2046.6001 1032.6001  927.88  ]]]
2043	[[[2049.      1033.8      928.56006]]]
2044	[[[2049.  1033.8  929.2]]]
2045	[[[2047.8    1032.6001  696.4   ]]]
2046	[[[2049.   1035.    698.92]]]
2047	[[[2047.8     1030.2001   924.83997]]]
2048	[[[2045.4    1032.6001  698.24  ]]]
2049	[[[2046.6001  1033.8      928.72003]]]
2050	[[[2047.8  1033.8   928.36]]]
2051	[[[2051.4001  1033.8      926.04004]]]
2052	[[[2047.8    1032.6001  696.2   ]]]
2053	[[[2047.8    1032.6001  700.88  ]]]
2054	[[[2047.8    1032.6001  700.8   ]]]
2055	[[[2047.8    1032.6001  701.12  ]]]
2056	[[[2046.6001 1033.8     928.28  ]]]
2057	[[[2046.6001 1032.6001  921.76  ]]]
2058	[[[2047.8    1032.6001  700.92  ]]]
2059	[[[2046.6001 1032.6001  922.08  ]]]
2060	[[[2043.0001 1033.8     924.76  ]]]
2061	[[[2047.8  1033.8   927.96]]]
2062	[[[2049.   1035.    698.72]]]
2063	[[[2045.4    1036.2001  925.08  ]]]
2064	[[[2047.8    1032.6001  695.96  ]]]
2065	[[[2046.6001  1033.8      927.72003]]]
2066	[[[2047.8  1033.8   928.52]]]
2067	[[[2046.6001 1032.6001  938.6   ]]]
2068	[[[2046.6001 1032.6001  938.6   ]]]
2069	[[[2047.8  1035.    698.72]]]
2070	[[[2049.     1032.6001  700.44  ]]]
2071	[[[2046.6001 1033.8     921.96  ]]]
2072	[[[2046.6001  1033.8      927.92004]]]
2073	[[[2049.     1032.6001  695.88  ]]]
2074	[[[2046.6001 1033.8     922.2   ]]]
2075	[[[2047.8  1033.8   928.48]]]
2076	[[[2047.8    1030.2001  698.68  ]]]
2077	[[[2045.4  1037.4   925.28]]]
2078	[[[2046.6001 1033.8     921.96  ]]]
2079	[[[2047.8 1033.8  700.8]]]
2080	[[[2047.8    1036.2001  698.76  ]]]
2081	[[[2045.4  1033.8   922.28]]]
2082	[[[2046.6001  1035.       927.56006]]]
2083	[[[2047.8 1033.8  700.4]]]
2084	[[[2047.8    1032.6001  696.44  ]]]
2085	[[[2049.     1030.2001  698.04  ]]]
2086	[[[2046.6001  1033.8      927.56006]]]
2087	[[[2047.8    1032.6001  700.56  ]]]
2088	[[[2047.8    1032.6001  700.56  ]]]
2089	[[[2047.8  1033.8   700.56]]]
2090	[[[2046.6001 1035.      928.32  ]]]
2091	[[[2046.6001 1032.6001  700.88  ]]]
2092	[[[2047.8    1032.6001  696.4   ]]]
2093	[[[2050.2002  1035.       925.16003]]]
2094	[[[2047.8  1033.8   696.28]]]
2095	[[[2046.6001 1030.2001  924.24  ]]]
2096	[[[2045.4    1032.6001  928.24  ]]]
2097	[[[2045.4     1036.2001   929.56006]]]
2098	[[[2050.2002  1035.       925.92004]]]
2099	[[[2045.4     1033.8      927.56006]]]
2100	[[[2046.6001 1033.8     927.76  ]]]
2101	[[[2046.6001 1033.8     928.24  ]]]
2102	[[[2046.6001 1032.6001  701.12  ]]]
2103	[[[2045.4     1033.8      928.16003]]]
2104	[[[2047.8     1033.8      928.80005]]]
2105	[[[2047.8  1031.4   696.16]]]
2106	[[[2046.6001 1032.6001  700.96  ]]]
2107	[[[2045.4     1032.6001   928.04004]]]
2108	[[[2046.6001 1033.8     698.4   ]]]
2109	[[[2046.6001 1031.4     696.2   ]]]
2110	[[[2047.8 1031.4  696.2]]]
2111	[[[2053.8    1036.2001  930.2   ]]]
2112	[[[2047.8  1031.4   700.72]]]
2113	[[[2047.8    1032.6001  928.88  ]]]
2114	[[[2046.6001  1032.6001   927.56006]]]
2115	[[[2046.6001  1032.6001   928.56006]]]
2116	[[[2046.6001  1032.6001   928.80005]]]
2117	[[[2046.6001 1032.6001  928.48  ]]]
2118	[[[2049.   1027.8   698.36]]]
2119	[[[2041.8     1031.4      924.83997]]]
2120	[[[2044.2001 1029.      698.44  ]]]
2121	[[[2047.8    1030.2001  696.28  ]]]
2122	[[[2046.6001 1030.2001  701.24  ]]]
2123	[[[2046.6001 1030.2001  700.76  ]]]
2124	[[[2045.4  1035.    925.64]]]
2125	[[[2047.8    1030.2001  700.48  ]]]
2126	[[[2046.6001 1031.4     928.48  ]]]
2127	[[[2045.4  1033.8   925.08]]]
2128	[[[2045.4 1033.8  925.4]]]
2129	[[[2045.4    1030.2001  922.12  ]]]
2130	[[[2047.8  1029.    701.24]]]
2131	[[[2046.6001 1030.2001  922.08  ]]]
2132	[[[2045.4  1033.8   925.08]]]
2133	[[[2047.8  1029.    701.04]]]
2134	[[[2046.6001 1029.      696.12  ]]]
2135	[[[2045.4    1030.2001  928.48  ]]]
2136	[[[2045.4     1030.2001   928.04004]]]
2137	[[[2046.6001  1030.2001   928.04004]]]
2138	[[[2045.4  1029.    922.12]]]
2139	[[[2047.8  1025.4   698.24]]]
2140	[[[2046.6001  1030.2001   928.04004]]]
2141	[[[2045.4  1029.    927.96]]]
2142	[[[2045.4  1029.    922.12]]]
2143	[[[2045.4  1031.4   930.36]]]
2144	[[[2047.8     1029.       928.72003]]]
2145	[[[2046.6001 1027.8     696.44  ]]]
2146	[[[2047.8  1027.8   696.24]]]
2147	[[[2047.8    1030.2001  698.84  ]]]
2148	[[[2044.2001  1030.2001   924.83997]]]
2149	[[[2050.2002  1029.       925.83997]]]
2150	[[[2050.2002  1029.       926.16003]]]
2151	[[[2045.4     1026.6001   938.92004]]]
2152	[[[2046.6001 1026.6001  700.96  ]]]
2153	[[[2047.8    1026.6001  701.    ]]]
2154	[[[2045.4    1026.6001  927.96  ]]]
2155	[[[2046.6001 1025.4     696.16  ]]]
2156	[[[2046.6001 1027.8     928.64  ]]]
2157	[[[2046.6001 1026.6001  696.36  ]]]
2158	[[[2045.4    1026.6001  922.36  ]]]
2159	[[[2046.6001 1024.2001  925.08  ]]]
2160	[[[2045.4  1027.8   928.52]]]
2161	[[[2045.4     1029.       929.80005]]]
2162	[[[2047.8    1026.6001  700.52  ]]]
2163	[[[2045.4     1027.8      928.80005]]]
2164	[[[2046.6001 1026.6001  696.64  ]]]
2165	[[[2047.8  1025.4   696.52]]]
2166	[[[2046.6001 1025.4     696.16  ]]]
2167	[[[2046.6001 1025.4     696.44  ]]]
2168	[[[2046.6001  1027.8      928.83997]]]
2169	[[[2047.8  1025.4   696.36]]]
2170	[[[2050.2002 1029.      926.52  ]]]
2171	[[[2046.6001  1023.00006  925.24   ]]]
2172	[[[2047.8  1025.4   701.28]]]
2173	[[[2045.4    1026.6001  927.64  ]]]
2174	[[[2045.4     1025.4      938.83997]]]
2175	[[[2047.8  1025.4   700.72]]]
2176	[[[2050.2002 1027.8     925.64  ]]]
2177	[[[2047.8 1025.4  696.2]]]
2178	[[[2047.8    1024.2001  701.24  ]]]
2179	[[[2047.8 1027.8  699. ]]]
2180	[[[2047.8  1025.4   700.84]]]
2181	[[[2046.6001  1021.80005  925.08   ]]]
2182	[[[2047.8    1024.2001  700.8   ]]]
2183	[[[2046.6001 1026.6001  929.28  ]]]
2184	[[[2045.4  1025.4   928.48]]]
2185	[[[2053.8  1029.    930.68]]]
2186	[[[2047.8    1024.2001  701.2   ]]]
2187	[[[2046.6001 1025.4     928.48  ]]]
2188	[[[2046.6001 1024.2001  922.08  ]]]
2189	[[[2046.6001 1024.2001  922.44  ]]]
2190	[[[2045.4    1024.2001  927.96  ]]]
2191	[[[2047.8    1024.2001  700.92  ]]]
2192	[[[2046.6001  1025.4      928.80005]]]
2193	[[[2047.8  1025.4   698.52]]]
2194	[[[2045.4     1023.00006  922.12   ]]]
2195	[[[2047.8    1024.2001  700.32  ]]]
2196	[[[2046.6001  1023.00006  701.4    ]]]
2197	[[[2045.4    1026.6001  925.64  ]]]
2198	[[[2046.6001 1024.2001  928.52  ]]]
2199	[[[2046.6001  1023.00006  701.4    ]
  [ 936.60004 1213.8      792.     ]]]
2200	[[[2047.8     1023.00006  696.44   ]]]
2201	[[[2045.4     1023.00006  922.04004]]]
2202	[[[2047.8     1021.80005  701.36   ]]]
2203	[[[2047.8    1024.2001  928.76  ]]]
2204	[[[2047.8     1021.80005  701.36   ]]]
2205	[[[2046.6001 1024.2001  927.88  ]]]
2206	[[[2044.2001  1025.4      925.56006]]]
2207	[[[2047.8    1024.2001  928.6   ]]]
2208	[[[2046.6001  1021.80005  696.44   ]]]
2209	[[[2047.8     1021.80005  696.12   ]]]
2210	[[[2046.6001  1021.80005  696.12   ]]]
2211	[[[2047.8     1021.80005  696.32   ]]]
2212	[[[2047.8     1023.00006  929.28   ]]]
2213	[[[2045.4    1024.2001  929.76  ]]]
2214	[[[2045.4  1025.4   925.96]]]
2215	[[[2047.8     1021.80005  696.16   ]]]
2216	[[[2045.4     1021.80005  927.96   ]]]
2217	[[[2047.8     1021.80005  696.28   ]]]
2218	[[[2046.6001  1021.80005  922.44   ]]]
2219	[[[2047.8     1020.60004  701.12   ]]]
2220	[[[2047.8     1023.00006  928.44   ]]]
2221	[[[2046.6001  1021.80005  922.     ]]]
2222	[[[2046.6001  1021.80005  922.12   ]]]
2223	[[[2047.8     1020.60004  701.28   ]]]
2224	[[[2045.4    1024.2001  925.32  ]]]
2225	[[[2047.8     1020.60004  696.8    ]]]
2226	[[[2049.      1023.00006  699.08   ]]]
2227	[[[2046.6001  1021.80005  928.04004]]]
2228	[[[2046.6001  1021.80005  929.04004]]]
2229	[[[2045.4     1024.2001   925.72003]]]
2230	[[[2046.6001  1020.60004  922.44   ]]]
2231	[[[2045.4    1024.2001  925.64  ]]]
2232	[[[2046.6001 1019.4     938.6   ]]]
2233	[[[2047.8     1020.60004  701.28   ]]]
2234	[[[2047.8     1021.80005  928.80005]]]
2235	[[[2047.8     1020.60004  928.24   ]]]
2236	[[[2047.8     1020.60004  928.88   ]]]
2237	[[[2047.8  1019.4   696.92]]]
2238	[[[2047.8 1019.4  696.4]]]
2239	[[[2051.4001 1024.2001  933.08  ]]]
2240	[[[2046.6001  1020.60004  927.80005]]]
2241	[[[2047.8     1021.80005  698.44   ]]]
2242	[[[2047.8     1020.60004  928.48   ]]]
2243	[[[2044.2001  1020.60004  925.4    ]]]
2244	[[[2047.8  1019.4   701.08]]]
2245	[[[2049.      1020.60004  928.68   ]]]
2246	[[[2051.4001  1020.60004  699.16   ]]]
2247	[[[2047.8     1020.60004  928.80005]]]
2248	[[[2047.8     1020.60004  928.36   ]]]
2249	[[[2047.8     1020.60004  928.48   ]]]
2250	[[[2046.6001 1018.2     699.16  ]]]
2251	[[[2044.2001  1021.80005  926.56006]]]
2252	[[[2047.8     1020.60004  928.88   ]]]
2253	[[[2050.2002  1015.80005  698.4    ]]]
2254	[[[2047.8     1019.4      927.92004]]]
2255	[[[2047.8     1020.60004  698.56   ]]]
2256	[[[2050.2002 1019.4     700.68  ]]]
2257	[[[2047.8  1018.2   922.44]]]
2258	[[[2049.   1018.2   696.68]]]
2259	[[[2050.2002  1020.60004  929.36   ]]]
2260	[[[2050.2002  1021.80005  698.84   ]]]
2261	[[[2050.2002 1018.2     696.56  ]]]
2262	[[[2047.8     1018.2      928.04004]]]
2263	[[[2050.2002  1015.80005  698.96   ]]]
2264	[[[2046.6001  1021.80005  926.04004]]]
2265	[[[2050.2002 1018.2     696.76  ]]]
2266	[[[2050.2002  1020.60004  698.96   ]]]
2267	[[[2045.4  1018.2   925.76]]]
2268	[[[2050.2002  1020.60004  699.     ]]]
2269	[[[2050.2002 1018.2     701.12  ]]]
2270	[[[2050.2002 1018.2     700.92  ]]]
2271	[[[2050.2002  1015.80005  925.24   ]]]
2272	[[[2050.2002  1019.4      929.56006]]]
2273	[[[2050.2002 1018.2     696.56  ]]]
2274	[[[2049.  1018.2  922.6]]]
2275	[[[2047.8  1018.2   922.28]]]
2276	[[[2047.8     1017.00006  928.48   ]]]
2277	[[[2049.      1017.00006  701.16   ]]]
2278	[[[2050.2002  1017.00006  696.44   ]]]
2279	[[[2047.8     1021.80005  925.48   ]]]
2280	[[[2047.8  1018.2   922.44]]]
2281	[[[2049.      1017.00006  696.44   ]]]
2282	[[[2052.6  1019.4   926.24]]]
2283	[[[2046.6001  1021.80005  925.92004]]]
2284	[[[2046.6001  1021.80005  926.24   ]]]
2285	[[[2049.   1018.2   701.04]]]
2286	[[[2049.   1018.2   697.08]]]
2287	[[[2049.      1017.00006  701.24   ]]]
2288	[[[2049.      1014.60004  699.16   ]]]
2289	[[[2050.2002  1017.00006  696.68   ]]]
2290	[[[2046.6001  1020.60004  925.80005]]]
2291	[[[2047.8     1021.80005  925.48   ]]]
2292	[[[2050.2002  1017.00006  700.88   ]]]
2293	[[[2050.2002  1017.00006  700.84   ]]]
2294	[[[2050.2002  1017.00006  701.28   ]]]
2295	[[[2049.   1018.2   929.12]]]
2296	[[[2050.2002 1018.2     928.88  ]]]
2297	[[[2050.2002  1015.80005  696.64   ]]]
2298	[[[2047.8     1015.80005  928.32   ]]]
2299	[[[2049.      1017.00006  928.24   ]]]
2300	[[[2049.      1012.2      924.92004]]]
2301	[[[2050.2002 1018.2     698.64  ]]]
2302	[[[2049.      1020.60004  926.24   ]]]
2303	[[[2050.2002  1015.80005  701.2    ]]]
2304	[[[2050.2002  1017.00006  928.88   ]]]
2305	[[[2050.2002  1017.00006  928.80005]]]
2306	[[[2049.      1015.80005  922.6    ]]]
2307	[[[2049.      1015.80005  922.64   ]]]
2308	[[[2050.2002 1018.2     698.64  ]]]
2309	[[[2045.4     1015.80005  925.6    ]]]
2310	[[[2051.4001  1015.80005  701.2    ]]]
2311	[[[2051.4001  1015.80005  700.44   ]]]
2312	[[[2050.2002  1015.80005  701.24   ]]]
2313	[[[2051.4001  1014.60004  696.4    ]]]
2314	[[[2049.      1014.60004  928.08   ]]]
2315	[[[2050.2002  1017.00006  928.64   ]]]
2316	[[[2051.4001 1012.2     699.    ]]]
2317	[[[2049.      1014.60004  922.83997]]]
2318	[[[2053.8     1017.00006  926.24   ]]]
2319	[[[2050.2002  1015.80005  928.56006]]]
2320	[[[2047.8     1018.2      926.16003]]]
2321	[[[2049.      1019.4      925.92004]]]
2322	[[[2049.      1014.60004  922.28   ]]]
2323	[[[2050.2002  1015.80005  928.56006]]]
2324	[[[2049.      1015.80005  928.     ]]]
2325	[[[2049.   1018.2   926.24]]]
2326	[[[2049.      1014.60004  922.2    ]]]
2327	[[[2049.      1014.60004  922.2    ]]]
2328	[[[2049.      1014.60004  922.52   ]]]
2329	[[[2047.8  1013.4   698.56]]]
2330	[[[2050.2002 1013.4     696.6   ]]]
2331	[[[2050.2002  1015.80005  928.88   ]]]
2332	[[[2051.4001  1014.60004  700.8    ]]]
2333	[[[2050.2002  1015.80005  928.88   ]]]
2334	[[[2049.      1013.4      938.80005]]]
2335	[[[2050.2002 1013.4     696.6   ]]]
2336	[[[2051.4001  1015.80005  929.2    ]]]
2337	[[[2049.      1014.60004  928.32   ]]]
2338	[[[2050.2002  1014.60004  696.64   ]]]
2339	[[[2050.2002  1015.80005  928.96   ]]]
2340	[[[2050.2002  1015.80005  929.24   ]]]
2341	[[[2051.4001 1013.4     696.48  ]]]
2342	[[[2049.   1018.2   925.68]]]
2343	[[[2050.2002 1013.4     697.    ]]]
2344	[[[2053.8  1018.2   933.36]]]
2345	[[[2051.4001  1014.60004  700.64   ]]]
2346	[[[2050.2002  1015.80005  929.16003]]]
2347	[[[2053.8     1015.80005  926.08   ]]]
2348	[[[2050.2002 1013.4     701.16  ]]]
2349	[[[2050.2002  1014.60004  928.76   ]]]
2350	[[[2049.   1013.4   922.48]]]
2351	[[[2049.      1013.4      922.04004]]]
2352	[[[2050.2002  1014.60004  929.04004]]]
2353	[[[2053.8     1014.60004  926.08   ]]]
2354	[[[2053.8     1014.60004  925.92004]]]
2355	[[[2049.   1013.4   928.08]]]
2356	[[[2049.   1013.4   928.32]]]
2357	[[[2051.4001 1012.2     700.76  ]]]
2358	[[[2050.2002 1012.2     701.56  ]]]
2359	[[[2050.2002 1012.2     696.52  ]]]
2360	[[[2049.   1013.4   927.96]]]
2361	[[[2050.2002 1012.2     696.52  ]]]
2362	[[[2050.2002  1014.60004  928.88   ]]]
2363	[[[2050.2002 1012.2     701.24  ]]]
2364	[[[2050.2002 1012.2     701.32  ]]]
2365	[[[2050.2002  1011.00006  696.48   ]]]
2366	[[[2049.      1011.00006  701.28   ]]]
2367	[[[2050.2002  1011.00006  700.88   ]]]
2368	[[[2050.2002  1011.00006  696.76   ]]]
2369	[[[2052.6     1012.2      925.80005]]]
2370	[[[2047.8     1011.00006  922.76   ]]]
2371	[[[2050.2002  1011.00006  700.76   ]]]
2372	[[[2047.8     1011.00006  939.12   ]]]
2373	[[[2047.8     1012.2      927.92004]]]
2374	[[[2047.8     1015.80005  925.6    ]]]
2375	[[[2049.      1012.2      928.56006]]]
2376	[[[2047.8     1011.00006  922.52   ]]]
2377	[[[2049.      1011.00006  696.68   ]]]
2378	[[[2047.8     1011.00006  922.64   ]]]
2379	[[[2053.8     1014.60004  932.76   ]]]
2380	[[[2047.8     1011.00006  928.24   ]]]
2381	[[[2045.4  1012.2   925.24]]]
2382	[[[2052.6  1013.4   926.24]]]
2383	[[[2050.2002 1012.2     700.64  ]]]
2384	[[[2047.8     1011.00006  928.88   ]]]
2385	[[[2050.2002 1012.2     700.64  ]]]
2386	[[[2049.      1011.00006  696.32   ]]]
2387	[[[2050.2002  1011.00006  700.68   ]]]
2388	[[[2049.      1011.00006  701.16   ]]]
2389	[[[2050.2002 1013.4     699.04  ]]]
2390	[[[2047.8     1011.00006  939.04004]]]
2391	[[[2047.8     1011.00006  922.6    ]]]
2392	[[[2049.      1009.80005  701.2    ]]]
2393	[[[2046.6001  1014.60004  926.24   ]]]
2394	[[[2047.8     1009.80005  697.04   ]]]
2395	[[[2050.2002 1013.4     926.48  ]]]
2396	[[[2049.      1009.80005  700.92   ]]]
2397	[[[2046.6001  1011.00006  928.04004]]]
2398	[[[2047.8     1009.80005  696.44   ]]]
2399	[[[2046.6001  1011.00006  928.88   ]]]
2400	[[[2045.4     1013.4      926.16003]]]
2401	[[[2049.      1009.80005  700.72   ]]]
2402	[[[2047.8     1011.00006  929.32   ]]]
2403	[[[2046.6001  1009.80005  928.48   ]]]
2404	[[[2047.8     1011.00006  928.88   ]]]
2405	[[[2046.6001  1009.80005  922.52   ]]]
2406	[[[2047.8     1011.00006  929.64   ]]]
2407	[[[2046.6001  1009.80005  922.96   ]]]
2408	[[[2045.4  1007.4   699.12]]]
2409	[[[2046.6001  1008.60004  696.4    ]]]
2410	[[[2047.8     1009.80005  696.96   ]]]
2411	[[[2045.4  1007.4   699.16]]]
2412	[[[2047.8     1009.80005  928.88   ]]]
2413	[[[2047.8     1009.80005  929.08   ]]]
2414	[[[2045.4  1007.4   699.24]]]
2415	[[[2046.6001  1009.80005  928.     ]]]
2416	[[[2047.8  1007.4   701.32]]]
2417	[[[2046.6001  1009.80005  928.32   ]]]
2418	[[[2047.8  1007.4   701.24]]]
2419	[[[2047.8     1008.60004  700.96   ]]]
2420	[[[2047.8  1006.2   925.76]]]
2421	[[[2046.6001  1009.80005  928.64   ]]]
2422	[[[2047.8  1007.4   696.52]]]
2423	[[[2045.4  1007.4   922.48]]]
2424	[[[2047.8 1007.4  696.6]]]
2425	[[[2045.4  1007.4   922.36]]]
2426	[[[2046.6001 1007.4     701.24  ]]]
2427	[[[2046.6001 1007.4     700.96  ]]]
2428	[[[2045.4     1008.60004  928.32   ]]]
2429	[[[2050.2002 1006.2     699.24  ]]]
2430	[[[2047.8  1007.4   696.68]]]
2431	[[[2047.8  1007.4   700.88]]]
2432	[[[2047.8  1007.4   700.92]]]
2433	[[[2045.4     1008.60004  928.88   ]]]
2434	[[[2045.4     1011.00006  926.     ]]]
2435	[[[2045.4     1008.60004  928.56006]]]
2436	[[[2045.4 1007.4  922.6]]]
2437	[[[2045.4     1012.2      925.92004]]]
2438	[[[2050.2002  1009.80005  925.92004]]]
2439	[[[2047.8  1007.4   701.28]]]
2440	[[[2045.4 1007.4  922.2]]]
2441	[[[2044.2001 1007.4     698.8   ]]]
2442	[[[2046.6001  1008.60004  928.64   ]]]
2443	[[[2046.6001  1005.00006  925.68   ]]]
2444	[[[2050.2002  1009.80005  925.92004]]]
2445	[[[2045.4     1008.60004  929.12   ]
  [ 855.00006 1087.8      785.24   ]]]
2446	[[[2047.8     1009.80005  698.88   ]]]
2447	[[[2045.4     1007.4      922.72003]]]
2448	[[[2046.6001  1008.60004  928.64   ]]]
2449	[[[2045.4     1008.60004  928.32   ]]]
2450	[[[2046.6001  1008.60004  697.36   ]]]
2451	[[[2045.4     1005.00006  925.04004]]]
2452	[[[2041.8     1008.60004  925.68   ]]]
2453	[[[2045.4  1007.4   922.36]]]
2454	[[[2047.8     1009.80005  699.12   ]]]
2455	[[[2046.6001  1009.80005  698.88   ]]]
2456	[[[2047.8     1005.00006  698.92   ]]]
2457	[[[2045.4     1008.60004  929.     ]]]
2458	[[[2047.8     1005.00006  699.08   ]]]
2459	[[[2046.6001  1008.60004  929.08   ]]]
2460	[[[2046.6001 1007.4     701.08  ]]]
2461	[[[2046.6001 1007.4     701.48  ]]]
2462	[[[2046.6001  1008.60004  929.08   ]]]
2463	[[[2047.8     1009.80005  699.36   ]]]
2464	[[[2052.6     1012.2      931.04004]]]
2465	[[[2046.6001 1007.4     701.08  ]]]
2466	[[[2045.4     1008.60004  929.08   ]]]
2467	[[[2045.4     1007.4      696.96   ]
  [ 967.80005 1165.8      710.52   ]]]
2468	[[[2044.2001  1007.4      928.16003]]]
2469	[[[2049.      1009.80005  926.08   ]]]
2470	[[[2047.8     1009.80005  699.12   ]]]
2471	[[[2045.4     1008.60004  928.08   ]]]
2472	[[[2046.6001 1007.4     700.96  ]]]
2473	[[[2047.8     1005.00006  698.6    ]]]
2474	[[[2046.6001 1007.4     696.92  ]]]
2475	[[[2046.6001  1009.80005  698.92   ]]]
2476	[[[2047.8     1005.00006  698.84   ]]]
2477	[[[2044.2001 1006.2     699.28  ]]]
2478	[[[2044.2001  1008.60004  929.04004]]]
2479	[[[2041.8     1008.60004  925.44   ]]]
2480	[[[2045.4     1008.60004  928.4    ]]]
2481	[[[2047.8     1009.80005  699.2    ]]]
2482	[[[2047.8     1009.80005  699.36   ]]]
2483	[[[2045.4  1007.4   922.44]]]
2484	[[[2045.4  1007.4   922.48]]]
2485	[[[2046.6001  1009.80005  699.48   ]]]
2486	[[[2045.4     1008.60004  928.08   ]]]
2487	[[[2045.4 1007.4  928.4]]]
2488	[[[2046.6001  1009.80005  699.     ]]]
2489	[[[2044.2001  1011.00006  926.44   ]]]
2490	[[[2045.4  1007.4   939.12]]]
2491	[[[2046.6001 1007.4     701.28  ]]]
2492	[[[2050.2002  1008.60004  926.84   ]]]
2493	[[[2045.4     1003.80005  925.76   ]]]
2494	[[[2046.6001  1005.00006  925.76   ]]]
2495	[[[2049.      1008.60004  926.68   ]]]
2496	[[[2045.4     1008.60004  929.4    ]]]
2497	[[[2046.6001 1006.2     701.48  ]]]
2498	[[[2046.6001 1006.2     697.04  ]]]
2499	[[[2044.2001  1009.80005  926.24   ]]]
2500	[[[2045.4  1007.4   928.24]]]
2501	[[[2045.4  1006.2   701.56]]]
2502	[[[2046.6001  1008.60004  699.12   ]]]
2503	[[[2043.0001  1009.80005  926.64   ]]]
2504	[[[2045.4  1007.4   928.96]]]
2505	[[[2046.6001 1006.2     701.44  ]]]
2506	[[[2046.6001 1006.2     696.44  ]]]
2507	[[[2045.4     1005.00006  696.52   ]]]
2508	[[[2045.4 1006.2  701.6]]]
2509	[[[2045.4  1006.2   701.72]]]
2510	[[[2046.6001  1005.00006  697.08   ]]]
2511	[[[2044.2001  1009.80005  926.56006]]]
2512	[[[2044.2001  1006.2      928.56006]]]
2513	[[[2044.2001  1008.60004  926.32   ]]]
2514	[[[2045.4     1005.00006  701.52   ]]]
2515	[[[2045.4     1005.00006  697.08   ]]]
2516	[[[2046.6001  1005.00006  696.84   ]]]
2517	[[[2046.6001 1006.2     929.64  ]]]
2518	[[[2044.2001  1005.00006  928.64   ]]]
2519	[[[2046.6001 1007.4     699.28  ]]]
2520	[[[2045.4     1005.00006  697.24   ]]]
2521	[[[2045.4  1006.2   929.48]]]
2522	[[[2045.4 1006.2  929.8]]]
2523	[[[2045.4     1005.00006  701.6    ]]]
2524	[[[2045.4  1006.2   928.76]]]
2525	[[[2046.6001  1005.00006  701.68   ]]]
2526	[[[2044.2001 1006.2     928.64  ]]]
2527	[[[2045.4  1006.2   701.88]]]
2528	[[[2040.6001 1006.2     926.32  ]]]
2529	[[[2045.4  1006.2   701.56]]]
2530	[[[2045.4 1006.2  701.6]]]
2531	[[[2045.4 1006.2  701.4]]]
2532	[[[2044.2001 1006.2     928.64  ]]]
2533	[[[2044.2001 1006.2     923.12  ]]]
2534	[[[2046.6001 1006.2     697.    ]]]
2535	[[[2040.6001  1005.00006  926.68   ]]]
2536	[[[2046.6001  1003.80005  699.     ]]]
2537	[[[2045.4 1006.2  701.6]]]
2538	[[[2044.2001 1006.2     939.44  ]]]
2539	[[[2049.      1008.60004  926.     ]]]
2540	[[[2045.4 1007.4  701.8]]]
2541	[[[2047.8     1009.80005  927.24   ]]]
2542	[[[2044.2001 1007.4     928.64  ]]]
2543	[[[2044.2001 1007.4     922.6   ]]]
2544	[[[2045.4 1006.2  701.2]]]
2545	[[[2044.2001  1008.60004  928.88   ]]]
2546	[[[2045.4  1006.2   697.16]]]
2547	[[[2044.2001  1006.2      927.80005]]]
2548	[[[2047.8     1009.80005  927.16003]]]
2549	[[[2045.4  1007.4   701.48]]]
2550	[[[2045.4  1006.2   697.08]]]
2551	[[[2040.6001 1007.4     926.    ]]]
2552	[[[2044.2001  1008.60004  929.32   ]]]
2553	[[[2043.0001 1006.2     929.08  ]]]
2554	[[[2044.2001  1008.60004  929.64   ]]]
2555	[[[2043.0001  1008.60004  928.64   ]]]
2556	[[[2044.2001 1007.4     922.8   ]]]
2557	[[[2043.0001 1007.4     928.96  ]]]
2558	[[[2045.4     1008.60004  929.72003]]]
2559	[[[2045.4  1007.4   701.68]]]
2560	[[[2045.4     1008.60004  929.4    ]]]
2561	[[[2043.0001 1007.4     928.96  ]]]
2562	[[[2045.4     1008.60004  928.96   ]]]
2563	[[[2046.6001  1008.60004  925.12   ]]]
2564	[[[2045.4     1008.60004  929.08   ]]]
2565	[[[2041.8     1009.80005  925.76   ]]]
2566	[[[2044.2001 1007.4     701.6   ]]]
2567	[[[2043.0001 1007.4     928.4   ]]]
2568	[[[2045.4  1007.4   701.04]]]
2569	[[[2043.0001  1008.60004  929.16003]
  [ 911.4     1243.8      692.88   ]]]
2570	[[[2043.0001 1007.4     939.28  ]]]
2571	[[[2043.0001 1007.4     922.56  ]]]
2572	[[[2039.4     1009.80005  926.76   ]]]
2573	[[[2045.4  1007.4   701.52]]]
2574	[[[2043.0001  1008.60004  922.8    ]]]
2575	[[[2043.0001  1008.60004  928.4    ]]]
2576	[[[2045.4     1009.80005  929.64   ]]]
2577	[[[2044.2001  1009.80005  928.76   ]]]
2578	[[[2043.0001  1008.60004  939.28   ]]]
2579	[[[2044.2001  1008.60004  696.64   ]]]
2580	[[[2044.2001  1009.80005  928.88   ]]]
2581	[[[2040.6001  1011.00006  925.76   ]]]
2582	[[[2044.2001  1009.80005  928.52   ]]]
2583	[[[2045.4     1008.60004  696.76   ]]]
2584	[[[2043.0001  1008.60004  928.72003]]]
2585	[[[2044.2001  1009.80005  928.4    ]]]
2586	[[[2044.2001  1009.80005  928.32   ]]]
2587	[[[2043.0001  1009.80005  928.32   ]]]
2588	[[[2044.2001  1008.60004  696.44   ]]]
2589	[[[2044.2001  1008.60004  696.44   ]]]
2590	[[[2044.2001  1009.80005  696.64   ]]]
2591	[[[2045.4  1012.2   698.92]]]
2592	[[[2044.2001  1009.80005  696.48   ]]]
2593	[[[2047.8  1012.2   926.68]]]
2594	[[[2044.2001  1009.80005  701.56   ]]]
2595	[[[2045.4 1012.2  699.2]]]
2596	[[[2043.0001  1009.80005  922.6    ]]]
2597	[[[2045.4     1011.00006  701.     ]]]
2598	[[[2044.2001 1012.2     929.12  ]]]
2599	[[[2045.4  1012.2   929.64]]]
2600	[[[2045.4     1011.00006  701.56   ]]]
2601	[[[2044.2001  1011.00006  696.52   ]]]
2602	[[[2045.4     1011.00006  701.4    ]]]
2603	[[[2044.2001  1011.00006  701.4    ]]]
2604	[[[2044.2001 1012.2     696.48  ]]]
2605	[[[2044.2001 1012.2     701.6   ]]]
2606	[[[2041.8  1012.2   698.88]]]
2607	[[[2043.0001  1012.2      922.04004]]]
2608	[[[2045.4  1012.2   696.36]]]
2609	[[[2043.0001 1012.2     938.76  ]]]
2610	[[[2044.2001 1012.2     696.52  ]]]
2611	[[[2043.0001 1012.2     938.96  ]]]
2612	[[[2043.0001 1013.4     922.28  ]]]
2613	[[[2041.8  1012.2   699.28]]]
2614	[[[2044.2001 1013.4     701.08  ]]]
2615	[[[2039.4     1014.60004  925.48   ]]]
2616	[[[2044.2001 1013.4     696.52  ]]]
2617	[[[2044.2001  1015.80005  928.56006]]]
2618	[[[2043.0001  1015.80005  928.96   ]]]
2619	[[[2039.4     1015.80005  925.68   ]]]
2620	[[[2044.2001  1014.60004  696.64   ]]]
2621	[[[2044.2001  1015.80005  700.8    ]]]
2622	[[[2043.0001  1017.00006  928.88   ]]]
2623	[[[2044.2001  1015.80005  700.8    ]]]
2624	[[[2043.0001  1017.00006  928.96   ]]]
2625	[[[2045.4  1013.4   698.12]]]
2626	[[[2041.8     1015.80005  928.32   ]]]
2627	[[[2041.8     1015.80005  928.2    ]
  [ 970.2     1213.8      665.52   ]]]
2628	[[[2043.0001  1018.2      928.56006]]]
2629	[[[2046.6001  1018.2      925.92004]]]
2630	[[[2043.0001  1015.80005  696.68   ]]]
2631	[[[2044.2001  1017.00006  700.64   ]]]
2632	[[[2041.8     1017.00006  922.28   ]]]
2633	[[[2043.0001 1018.2     928.64  ]]]
2634	[[[2044.2001  1017.00006  700.68   ]]]
2635	[[[2043.0001  1017.00006  701.     ]]]
2636	[[[2041.8     1017.00006  922.28   ]]]
2637	[[[2040.6001 1018.2     928.24  ]]]
2638	[[[2041.8     1017.00006  921.96   ]]]
2639	[[[2046.6001 1019.4     926.    ]]]
2640	[[[2045.4     1020.60004  925.76   ]]]
2641	[[[2044.2001 1018.2     701.04  ]]]
2642	[[[2043.0001  1017.00006  700.44   ]]]
2643	[[[2043.0001 1018.2     700.8   ]]]
2644	[[[2044.2001 1018.2     696.2   ]]]
2645	[[[2043.0001 1018.2     700.96  ]]]
2646	[[[2043.0001 1018.2     696.6   ]]]
2647	[[[2044.2001 1018.2     700.72  ]]]
2648	[[[2043.0001 1019.4     701.04  ]]]
2649	[[[2044.2001  1020.60004  929.08   ]]]
2650	[[[2041.8  1019.4   922.12]]]
2651	[[[2043.0001  1017.00006  925.08   ]]]
2652	[[[2044.2001  1020.60004  700.28   ]]]
2653	[[[2041.8     1020.60004  927.76   ]]]
2654	[[[2044.2001  1023.00006  698.68   ]]]
2655	[[[2046.6001  1021.80005  925.44   ]]]
2656	[[[2043.0001  1021.80005  928.08   ]]]
2657	[[[2044.2001  1020.60004  700.12   ]]]
2658	[[[2043.0001  1021.80005  928.56006]]]
2659	[[[2046.6001  1021.80005  925.32   ]]]
2660	[[[2046.6001  1021.80005  925.56006]]]
2661	[[[2045.4    1024.2001  926.24  ]]]
2662	[[[2043.0001  1020.60004  700.52   ]]]
2663	[[[2041.8     1020.60004  927.56006]]]
2664	[[[2043.0001  1023.00006  928.4    ]]]
2665	[[[2041.8     1021.80005  927.48   ]]]
2666	[[[2044.2001 1024.2001  698.76  ]]]
2667	[[[2044.2001  1021.80005  695.68   ]]]
2668	[[[2044.2001  1023.00006  928.80005]]]
2669	[[[2041.8     1021.80005  921.28   ]]]
2670	[[[2043.0001  1023.00006  928.4    ]]]
2671	[[[2043.0001  1023.00006  927.80005]]]
2672	[[[2041.8     1021.80005  921.52   ]]]
2673	[[[2043.0001  1023.00006  927.68   ]]]
2674	[[[2041.8     1021.80005  938.24   ]]]
2675	[[[2040.6001 1025.4     924.6   ]]]
2676	[[[2044.2001  1021.80005  700.56   ]]]
2677	[[[2043.0001  1021.80005  700.72   ]]]
2678	[[[2043.0001  1021.80005  700.36   ]]]
2679	[[[2046.6001 1024.2001  925.6   ]]]
2680	[[[2041.8     1023.00006  927.32   ]]]
2681	[[[2041.8     1023.00006  927.88   ]]]
2682	[[[2043.0001 1024.2001  928.4   ]]]
2683	[[[2044.2001  1021.80005  700.56   ]]]
2684	[[[2041.8     1023.00006  927.32   ]]]
2685	[[[2044.2001  1023.00006  695.56   ]]]
2686	[[[2043.0001 1024.2001  928.2   ]]]
2687	[[[2044.2001 1025.4     698.52  ]]]
2688	[[[2043.0001  1023.00006  700.96   ]]]
2689	[[[2044.2001  1023.00006  696.08   ]]]
2690	[[[2043.0001  1023.00006  700.6    ]]]
2691	[[[2038.2001 1025.4     925.68  ]]]
2692	[[[2041.8     1023.00006  921.72003]]]
2693	[[[2043.0001 1024.2001  696.2   ]]]
2694	[[[2043.0001 1025.4     928.08  ]]]
2695	[[[2041.8    1024.2001  927.64  ]]]
2696	[[[2041.8     1024.2001   921.72003]]]
2697	[[[2044.2001 1024.2001  700.12  ]]]
2698	[[[2044.2001  1020.60004  697.84   ]]]
2699	[[[2043.0001 1024.2001  700.84  ]]]
2700	[[[2041.8    1024.2001  938.12  ]]]
2701	[[[2043.0001 1024.2001  700.76  ]]]
2702	[[[2044.2001 1024.2001  700.84  ]]]
2703	[[[2040.6001 1029.      925.6   ]]]
2704	[[[2041.8     1025.4      921.83997]]]
2705	[[[2043.0001 1024.2001  701.    ]]]
2706	[[[2044.2001 1025.4     700.08  ]]]
2707	[[[2041.8    1026.6001  927.24  ]]]
2708	[[[2043.0001 1025.4     700.72  ]]]
2709	[[[2041.8    1026.6001  921.64  ]]]
2710	[[[2043.0001  1030.2001   925.92004]]]
2711	[[[2041.8     1026.6001   921.56006]]]
2712	[[[2041.8  1027.8   928.12]]]
2713	[[[2043.0001 1026.6001  700.56  ]]]
2714	[[[2043.0001 1026.6001  700.8   ]]]
2715	[[[2040.6001 1026.6001  927.4   ]]]
2716	[[[2043.0001 1026.6001  700.32  ]]]
2717	[[[2043.0001 1025.4     696.16  ]]]
2718	[[[2041.8    1026.6001  927.48  ]]]
2719	[[[2040.6001 1026.6001  927.48  ]]]
2720	[[[2040.6001 1026.6001  921.6   ]]]
2721	[[[2040.6001 1030.2001  925.36  ]]]
2722	[[[2041.8    1026.6001  700.88  ]]]
2723	[[[2038.2001  1027.8      925.16003]]]
2724	[[[2040.6001 1026.6001  921.88  ]]]
2725	[[[2041.8     1027.8      927.80005]]]
2726	[[[2043.0001 1029.      698.48  ]]]
2727	[[[2043.0001 1026.6001  696.04  ]]]
2728	[[[2041.8    1026.6001  700.6   ]]]
2729	[[[2043.0001 1027.8     695.76  ]]]
2730	[[[2041.8  1027.8   701.12]]]
2731	[[[2041.8     1029.       928.56006]]]
2732	[[[2043.0001 1027.8     700.04  ]]]
2733	[[[2041.8  1027.8   700.72]]]
2734	[[[2041.8  1029.    928.32]]]
2735	[[[2045.4    1030.2001  925.6   ]]]
2736	[[[2043.0001 1027.8     700.84  ]]]
2737	[[[2040.6001 1027.8     938.36  ]]]
2738	[[[2041.8  1027.8   695.92]]]
2739	[[[2041.8  1027.8   700.56]]]
2740	[[[2040.6001  1029.       927.80005]]]
2741	[[[2040.6001  1030.2001   928.56006]]]
2742	[[[2041.8  1029.    700.48]]]
2743	[[[2041.8  1029.    700.56]]]
2744	[[[2040.6001 1029.      938.36  ]]]
2745	[[[2040.6001 1029.      938.36  ]]]
2746	[[[2040.6001 1030.2001  927.48  ]]]
2747	[[[2043.0001 1031.4     698.4   ]]]
2748	[[[2040.6001  1030.2001   921.72003]]]
2749	[[[2041.8 1029.   700.4]]]
2750	[[[2040.6001  1031.4      928.56006]]]
2751	[[[2041.8    1032.6001  697.84  ]]]
2752	[[[2041.8     1031.4      928.56006]]]
2753	[[[2041.8    1030.2001  701.04  ]]]
2754	[[[2041.8    1030.2001  700.8   ]]]
2755	[[[2043.0001 1032.6001  698.56  ]]]
2756	[[[2040.6001 1030.2001  921.2   ]]]
2757	[[[2040.6001  1030.2001   938.04004]]]
2758	[[[2043.0001 1027.8     698.28  ]]]
2759	[[[2040.6001 1030.2001  921.12  ]]]
2760	[[[2040.6001 1031.4     927.4   ]]]
2761	[[[2041.8    1030.2001  695.76  ]]]
2762	[[[2041.8    1030.2001  695.92  ]]]
2763	[[[2039.4     1033.8      924.92004]]]
2764	[[[2040.6001 1031.4     928.24  ]]]
2765	[[[2040.6001 1030.2001  695.88  ]]]
2766	[[[2039.4    1030.2001  927.24  ]]]
2767	[[[2040.6001 1030.2001  696.16  ]]]
2768	[[[2039.4     1031.4      928.04004]
  [ 851.4     1141.8      770.96   ]]]
2769	[[[2041.8  1031.4   928.12]]]
2770	[[[2041.8    1030.2001  695.6   ]]]
2771	[[[2040.6001 1030.2001  695.92  ]]]
2772	[[[2040.6001 1030.2001  921.12  ]]]
2773	[[[2039.4    1030.2001  921.44  ]]]
2774	[[[2041.8    1030.2001  695.8   ]]]
2775	[[[2039.4    1030.2001  697.88  ]]]
2776	[[[2044.2001 1032.6001  925.08  ]]]
2777	[[[2039.4    1030.2001  927.48  ]]]
2778	[[[2044.2001 1032.6001  925.48  ]]]
2779	[[[2039.4 1029.   698.6]]]
2780	[[[2039.4  1031.4   927.24]]]
2781	[[[2039.4     1031.4      927.80005]]]
2782	[[[2040.6001 1031.4     927.24  ]]]
2783	[[[2041.8    1030.2001  700.12  ]]]
2784	[[[2041.8    1030.2001  695.96  ]]]
2785	[[[2041.8    1030.2001  700.52  ]]]
2786	[[[2041.8    1030.2001  700.08  ]]]
2787	[[[2041.8    1032.6001  697.88  ]]]
2788	[[[2037.0001 1031.4     924.6   ]]]
2789	[[[2040.6001 1030.2001  695.96  ]]]
2790	[[[2044.2001  1033.8      925.72003]]]
2791	[[[2041.8    1030.2001  695.92  ]]]
2792	[[[2041.8    1032.6001  697.8   ]]]
2793	[[[2039.4  1029.    698.72]]]
2794	[[[2043.0001 1030.2001  700.2   ]]]
2795	[[[2040.6001  1031.4      927.56006]]]
2796	[[[2040.6001 1030.2001  921.4   ]]]
2797	[[[2041.8    1030.2001  700.28  ]]]
2798	[[[2040.6001 1030.2001  921.64  ]]]
2799	[[[2039.4  1029.    698.56]]]
2800	[[[2041.8  1027.8   924.68]]]
2801	[[[2040.6001 1030.2001  921.28  ]]]
2802	[[[2041.8  1029.    700.96]]]
2803	[[[2040.6001 1030.2001  700.64  ]]]
2804	[[[2041.8    1032.6001  698.4   ]]]
2805	[[[2040.6001 1031.4     927.88  ]]]
2806	[[[2040.6001 1030.2001  695.88  ]]]
2807	[[[2039.4  1035.    925.24]]]
2808	[[[2041.8    1030.2001  700.44  ]]]
2809	[[[2039.4    1030.2001  927.52  ]]]
2810	[[[2041.8    1032.6001  698.4   ]]]
2811	[[[2039.4  1029.    698.56]]]
2812	[[[2038.2001  1033.8      925.16003]]]
2813	[[[2039.4  1035.    925.48]]]
2814	[[[2041.8    1030.2001  695.76  ]]]
2815	[[[2040.6001 1031.4     927.48  ]]]
2816	[[[2041.8     1031.4      928.72003]]]
2817	[[[2041.8    1030.2001  696.04  ]]]
2818	[[[2041.8  1029.    700.92]]]
2819	[[[2041.8  1029.    700.72]]]
2820	[[[2039.4 1033.8  925. ]]]
2821	[[[2041.8 1029.   695.8]]]
2822	[[[2040.6001  1030.2001   927.80005]]]
2823	[[[2041.8    1026.6001  924.52  ]]]
2824	[[[2043.0001 1029.      700.6   ]]]
2825	[[[2041.8    1030.2001  928.12  ]]]
2826	[[[2041.8     1030.2001   928.16003]]]
2827	[[[2041.8    1030.2001  928.12  ]]]
2828	[[[2041.8  1031.4   698.24]]]
2829	[[[2041.8    1030.2001  928.44  ]]]
2830	[[[2039.4  1029.    921.76]]]
2831	[[[2040.6001 1029.      700.96  ]]]
2832	[[[2039.4  1027.8   927.48]]]
2833	[[[2039.4  1027.8   928.12]]]
2834	[[[2039.4     1027.8      921.72003]]]
2835	[[[2040.6001 1027.8     696.    ]]]
2836	[[[2038.2001 1027.8     698.56  ]]]
2837	[[[2040.6001 1029.      928.2   ]]]
2838	[[[2040.6001 1026.6001  695.84  ]]]
2839	[[[2041.8  1027.8   700.52]]]
2840	[[[2040.6001 1029.      928.88  ]]]
2841	[[[2038.2001 1031.4     925.2   ]]]
2842	[[[2040.6001 1026.6001  700.88  ]]]
2843	[[[2039.4 1027.8  928. ]]]
2844	[[[2041.8    1026.6001  700.6   ]]]
2845	[[[2040.6001 1026.6001  696.16  ]]]
2846	[[[2041.8    1026.6001  696.32  ]]]
2847	[[[2039.4     1027.8      922.04004]]]
2848	[[[2039.4  1031.4   926.08]]]
2849	[[[2040.6001 1026.6001  700.76  ]]]
2850	[[[2040.6001 1026.6001  696.2   ]]]
2851	[[[2040.6001 1024.2001  698.6   ]]]
2852	[[[2040.6001 1026.6001  701.04  ]]]
2853	[[[2041.8  1029.    698.96]]]
2854	[[[2037.0001 1030.2001  925.6   ]]]
2855	[[[2038.2001  1026.6001   927.92004]]]
2856	[[[2040.6001  1027.8      928.80005]]]
2857	[[[2040.6001 1025.4     696.76  ]]]
2858	[[[2039.4  1025.4   700.76]]]
2859	[[[2039.4  1025.4   701.04]]]
2860	[[[2037.0001 1025.4     698.6   ]]]
2861	[[[2038.2001 1026.6001  921.96  ]]]
2862	[[[2039.4     1027.8      929.04004]]]
2863	[[[2039.4    1026.6001  696.92  ]]]
2864	[[[2038.2001 1027.8     929.36  ]]]
2865	[[[2040.6001 1027.8     699.2   ]]]
2866	[[[2043.0001 1027.8     926.4   ]]]
2867	[[[2037.0001  1029.       925.72003]]]
2868	[[[2039.4  1025.4   696.96]]]
2869	[[[2038.2001  1026.6001   928.04004]]]
2870	[[[2040.6001  1023.00006  698.84   ]]]
2871	[[[2039.4  1025.4   701.44]]]
2872	[[[2040.6001 1026.6001  700.96  ]]]
2873	[[[2043.0001  1027.8      926.80005]]]
2874	[[[2039.4    1026.6001  697.16  ]]]
2875	[[[2037.0001 1030.2001  926.4   ]]]
2876	[[[2040.6001 1025.4     696.6   ]]]
2877	[[[2040.6001 1025.4     700.88  ]]]
2878	[[[2034.6001 1026.6001  925.4   ]]]
2879	[[[2041.8    1024.2001  699.04  ]]]
2880	[[[2039.4    1026.6001  701.84  ]]]
2881	[[[2039.4  1025.4   696.84]]]
2882	[[[2038.2001 1026.6001  929.12  ]]]
2883	[[[2037.0001  1025.4      928.56006]]]
2884	[[[2038.2001 1026.6001  928.32  ]]]
2885	[[[2039.4  1025.4   696.56]]]
2886	[[[2037.0001  1030.2001   926.16003]]]
2887	[[[2037.0001 1026.6001  929.12  ]]]
2888	[[[2038.2001  1026.6001   928.56006]]]
2889	[[[2039.4  1025.4   696.44]]]
2890	[[[2037.0001  1026.6001   929.04004]]]
2891	[[[2037.0001 1025.4     922.28  ]]]
2892	[[[2037.0001 1025.4     922.28  ]]]
2893	[[[2039.4  1025.4   696.68]]]
2894	[[[2038.2001 1027.8     698.64  ]]]
2895	[[[2038.2001  1026.6001   928.80005]]]
2896	[[[2033.4     1027.8      926.80005]]]
2897	[[[2033.4     1025.4      925.16003]]]
2898	[[[2037.0001  1026.6001   929.04004]]]
2899	[[[2038.2001 1027.8     699.16  ]]]
2900	[[[2038.2001 1025.4     697.    ]]]
2901	[[[2038.2001 1025.4     696.52  ]]]
2902	[[[2039.4  1025.4   696.76]]]
2903	[[[2037.0001 1025.4     922.44  ]]]
2904	[[[2039.4    1026.6001  929.36  ]]]
2905	[[[2038.2001 1026.6001  928.6   ]]]
2906	[[[2039.4 1025.4  696.4]]]
2907	[[[2034.6001 1026.6001  925.08  ]]]
2908	[[[2038.2001 1025.4     701.32  ]]]
2909	[[[2038.2001 1025.4     696.6   ]]]
2910	[[[2038.2001 1025.4     696.52  ]]]
2911	[[[2038.2001  1023.00006  925.16003]]]
2912	[[[2038.2001 1026.6001  696.6   ]]]
2913	[[[2039.4    1026.6001  701.    ]]]
2914	[[[2038.2001 1026.6001  696.96  ]]]
2915	[[[2039.4    1026.6001  696.44  ]]]
2916	[[[2037.0001 1031.4     925.48  ]]]
2917	[[[2039.4    1026.6001  696.24  ]]]
2918	[[[2035.8     1027.8      928.72003]]]
2919	[[[2038.2001 1026.6001  700.88  ]]]
2920	[[[2038.2001 1029.      928.36  ]]]
2921	[[[2038.2001 1027.8     700.88  ]]]
2922	[[[2038.2001 1027.8     701.12  ]]]
2923	[[[2039.4  1027.8   700.64]]]
2924	[[[2038.2001 1026.6001  700.76  ]]]
2925	[[[2038.2001 1027.8     701.12  ]]]
2926	[[[2037.0001  1027.8      928.04004]]]
2927	[[[2035.8    1030.2001  925.08  ]]]
2928	[[[2038.2001 1027.8     922.2   ]]]
2929	[[[2037.0001 1027.8     921.88  ]]]
2930	[[[2039.4    1026.6001  696.2   ]]]
2931	[[[2039.4    1026.6001  696.2   ]]]
2932	[[[2039.4  1027.8   701.04]]]
2933	[[[2039.4    1026.6001  696.16  ]]]
2934	[[[2039.4     1029.       928.16003]]]
2935	[[[2039.4     1029.       928.80005]]]
2936	[[[2039.4    1030.2001  698.72  ]]]
2937	[[[2038.2001  1029.       927.16003]]]
2938	[[[2041.8    1030.2001  925.36  ]]]
2939	[[[2040.6001 1027.8     695.56  ]]]
2940	[[[2041.8  1031.4   925.96]]]
2941	[[[2038.2001  1027.8      937.80005]]]
2942	[[[2038.2001 1029.      921.52  ]]]
2943	[[[2039.4 1027.8  700.4]]]
2944	[[[2039.4  1029.    700.48]]]
2945	[[[2038.2001 1029.      927.36  ]]]
2946	[[[2041.8    1026.6001  698.28  ]]]
2947	[[[2039.4  1029.    695.64]]]
2948	[[[2039.4  1029.    700.28]]]
2949	[[[2038.2001  1030.2001   927.72003]]]
2950	[[[2043.0001 1030.2001  925.08  ]]]
2951	[[[2038.2001 1030.2001  927.4   ]]]
2952	[[[2040.6001 1029.      699.8   ]]]
2953	[[[2040.6001 1029.      699.68  ]]]
2954	[[[2038.2001 1029.      937.6   ]]]
2955	[[[2041.8    1026.6001  697.92  ]]]
2956	[[[2041.8     1032.6001   924.83997]]]
2957	[[[2038.2001 1030.2001  920.88  ]]]
2958	[[[2038.2001 1033.8     924.28  ]]]
2959	[[[2039.4     1031.4      927.80005]]]
2960	[[[2038.2001 1031.4     927.24  ]]]
2961	[[[2043.0001 1032.6001  924.2   ]]]
2962	[[[2040.6001 1030.2001  695.52  ]]]
2963	[[[2038.2001 1030.2001  697.8   ]]]
2964	[[[2039.4  1031.4   920.52]]]
2965	[[[2039.4    1030.2001  920.32  ]]]
2966	[[[2038.2001 1035.      924.48  ]]]
2967	[[[2041.8    1030.2001  699.32  ]]]
2968	[[[2041.8    1030.2001  695.16  ]]]
2969	[[[2040.6001 1027.8     697.16  ]]]
2970	[[[2038.2001 1029.      697.6   ]]]
2971	[[[2041.8    1030.2001  699.48  ]]]
2972	[[[2039.4     1031.4      925.92004]]]
2973	[[[2039.4    1030.2001  919.96  ]]]
2974	[[[2038.2001 1033.8     924.28  ]]]
2975	[[[2041.8    1030.2001  694.92  ]]]
2976	[[[2039.4    1030.2001  920.32  ]]]
2977	[[[2044.2001  1032.6001   924.04004]]]
2978	[[[2039.4 1035.   923.6]]]
2979	[[[2040.6001  1032.6001   926.80005]
  [ 961.80005 1234.2001   829.12   ]]]
2980	[[[2045.4  1033.8   930.52]]]
2981	[[[2039.4     1032.6001   926.56006]]]
2982	[[[2040.6001 1031.4     699.52  ]]]
2983	[[[2041.8  1031.4   698.92]]]
2984	[[[2041.8  1031.4   698.92]]]
2985	[[[2041.8  1031.4   694.36]]]
2986	[[[2044.2001 1032.6001  923.6   ]]]
2987	[[[2044.2001 1032.6001  923.6   ]]]
2988	[[[2040.6001 1031.4     699.2   ]]]
2989	[[[2039.4 1031.4  920.2]]]
2990	[[[2041.8  1033.8   696.88]]]
2991	[[[2039.4    1036.2001  922.88  ]]]
2992	[[[2039.4  1031.4   925.48]]]
2993	[[[2040.6001  1033.8      926.83997]]]
2994	[[[2040.6001  1032.6001   925.16003]]]
2995	[[[2039.4     1032.6001   926.16003]]]
2996	[[[2041.8    1032.6001  699.36  ]]]
2997	[[[2041.8     1033.8      925.80005]]]
2998	[[[2040.6001 1033.8     919.88  ]]]
2999	[[[2040.6001  1032.6001   936.16003]]]
3000	[[[2040.6001 1033.8     925.88  ]]]
3001	[[[2041.8    1036.2001  696.76  ]]]
3002	[[[2040.6001 1035.      926.36  ]]]
3003	[[[2040.6001 1035.      925.76  ]]]
3004	[[[2040.6001 1037.4     923.36  ]]]
3005	[[[2040.6001 1035.      925.24  ]]]
3006	[[[2041.8  1033.8   694.72]]]
3007	[[[2041.8  1033.8   699.24]]]
3008	[[[2041.8    1036.2001  926.    ]]]
3009	[[[2043.0001  1036.2001   926.92004]]]
3010	[[[2040.6001 1038.6001  923.36  ]]]
3011	[[[2043.0001 1035.      699.    ]]]
3012	[[[2044.2001  1037.4      697.2    ]
  [ 834.60004 1099.8      767.28   ]]]
3013	[[[2044.2001 1035.      698.52  ]]]
3014	[[[2044.2001 1035.      694.36  ]]]
3015	[[[2041.8    1038.6001  927.08  ]]]
3016	[[[2044.2001 1035.      694.28  ]]]
3017	[[[2044.2001  1033.8      922.72003]]]
3018	[[[2044.2001 1038.6001  696.76  ]]]
3019	[[[2044.2001 1036.2001  694.6   ]]]
3020	[[[2046.6001 1037.4     696.92  ]]]
3021	[[[2043.0001 1036.2001  935.48  ]]]
3022	[[[2045.4    1036.2001  694.28  ]]]
3023	[[[2043.0001 1037.4     919.32  ]]]
3024	[[[2045.4     1038.6001   925.92004]]]
3025	[[[2044.2001  1038.6001   925.56006]]]
3026	[[[2044.2001 1037.4     919.4   ]]]
3027	[[[2045.4  1039.8   696.28]]]
3028	[[[2044.2001  1038.6001   925.92004]]]
3029	[[[2045.4     1035.       922.04004]]]
3030	[[[2044.2001  1038.6001   926.16003]]]
3031	[[[2044.2001 1039.8     926.76  ]]]
3032	[[[2044.2001  1037.4      919.16003]]]
3033	[[[2045.4    1038.6001  925.76  ]]]
3034	[[[2045.4  1037.4   694.56]]]
3035	[[[2045.4    1038.6001  926.    ]]]
3036	[[[2044.2001 1037.4     919.4   ]]]
3037	[[[2043.0001 1037.4     696.4   ]]]
3038	[[[2044.2001 1038.6001  919.08  ]]]
3039	[[[2043.0001  1042.2001   923.04004]]]
3040	[[[2045.4    1038.6001  694.48  ]]]
3041	[[[2044.2001  1038.6001   925.04004]]]
3042	[[[2045.4    1038.6001  694.48  ]]]
3043	[[[2045.4 1039.8  926. ]]]
3044	[[[2045.4    1038.6001  694.24  ]]]
3045	[[[2045.4  1039.8   919.48]]]
3046	[[[2044.2001 1041.      926.2   ]]]
3047	[[[2046.6001 1039.8     694.12  ]]]
3048	[[[2046.6001 1038.6001  694.08  ]]]
3049	[[[2049.     1042.2001  922.8   ]]]
3050	[[[2046.6001 1039.8     694.08  ]]]
3051	[[[2046.6001 1041.      926.32  ]]]
3052	[[[2045.4  1043.4   922.36]]]
3053	[[[2046.6001 1038.6001  698.64  ]]]
3054	[[[2049.   1041.    696.84]]]
3055	[[[2041.8     1039.8      922.72003]]]
3056	[[[2044.2001 1038.6001  696.76  ]]]
3057	[[[2046.6001 1042.2001  926.    ]]]
3058	[[[2045.4    1042.2001  925.76  ]]]
3059	[[[2045.4  1041.    919.24]]]
3060	[[[2047.8    1038.6001  695.88  ]]]
3061	[[[2045.4  1041.    919.12]]]
3062	[[[2046.6001 1041.      698.68  ]]]
3063	[[[2046.6001 1041.      698.56  ]]]
3064	[[[2045.4    1042.2001  935.84  ]]]
3065	[[[2047.8    1038.6001  695.8   ]]]
3066	[[[2044.2001 1045.8     923.12  ]]]
3067	[[[2046.6001 1043.4     925.28  ]]]
3068	[[[2046.6001 1042.2001  699.24  ]]]
3069	[[[2046.6001 1042.2001  699.28  ]]]
3070	[[[2045.4    1044.6001  696.6   ]]]
3071	[[[2045.4     1043.4      919.16003]]]
3072	[[[2045.4  1043.4   925.52]]]
3073	[[[2046.6001 1044.6001  926.2   ]]]
3074	[[[2041.8  1043.4   921.96]]]
3075	[[[2047.8     1041.       922.04004]]]
3076	[[[2047.8  1045.8   697.08]]]
3077	[[[2046.6001 1044.6001  925.12  ]]]
3078	[[[2050.2002 1045.8     923.48  ]]]
3079	[[[2045.4  1043.4   925.12]]]
3080	[[[2047.8  1043.4   698.68]]]
3081	[[[2050.2002 1045.8     922.88  ]]]
3082	[[[2046.6001 1044.6001  919.6   ]]]
3083	[[[2046.6001 1044.6001  936.08  ]]]
3084	[[[2047.8  1043.4   698.96]]]
3085	[[[2047.8  1045.8   925.52]]]
3086	[[[2046.6001 1044.6001  919.68  ]]]
3087	[[[2049.     1042.2001  696.36  ]]]
3088	[[[2047.8  1047.    926.28]]]
3089	[[[2049.     1042.2001  696.4   ]]]
3090	[[[2046.6001 1045.8     936.    ]]]
3091	[[[2049.     1048.2001  696.72  ]]]
3092	[[[2047.8    1048.2001  697.04  ]]]
3093	[[[2045.4  1045.8   925.36]]]
3094	[[[2047.8 1045.8  698.8]]]
3095	[[[2045.4 1047.   925.6]]]
3096	[[[2046.6001 1045.8     699.36  ]]]
3097	[[[2043.0001  1049.4      923.72003]]]
3098	[[[2047.8    1048.2001  926.6   ]]]
3099	[[[2045.4    1050.6001  922.96  ]]]
3100	[[[2046.6001 1048.2001  925.6   ]]]
3101	[[[2047.8 1047.   699. ]]]
3102	[[[2047.8 1047.   699.2]]]
3103	[[[2046.6001 1047.      936.08  ]]]
3104	[[[2046.6001 1048.2001  925.84  ]]]
3105	[[[2049.   1047.    698.92]]]
3106	[[[2043.0001 1048.2001  922.56  ]]]
3107	[[[2047.8  1047.    694.68]]]
3108	[[[2050.2002 1049.4     697.56  ]]]
3109	[[[2047.8    1048.2001  699.56  ]]]
3110	[[[2049.   1049.4   926.76]]]
3111	[[[2051.4001 1049.4     923.56  ]]]
3112	[[[2049.   1047.    694.72]]]
3113	[[[2046.6001 1051.8     923.12  ]]]
3114	[[[2044.2001 1049.4     923.12  ]]]
3115	[[[2049.     1048.2001  694.88  ]]]
3116	[[[2050.2002 1048.2001  699.12  ]]]
3117	[[[2049.     1048.2001  699.12  ]]]
3118	[[[2047.8 1049.4  926. ]]]
3119	[[[2047.8  1049.4   919.84]]]
3120	[[[2047.8     1048.2001   919.56006]]]
3121	[[[2045.4    1050.6001  923.12  ]]]
3122	[[[2047.8  1049.4   920.24]]]
3123	[[[2047.8     1049.4      920.16003]]]
3124	[[[2050.2002 1049.4     698.84  ]]]
3125	[[[2047.8    1050.6001  926.2   ]]]
3126	[[[2050.2002 1049.4     699.16  ]]]
3127	[[[2049.   1049.4   694.84]]]
3128	[[[2046.6001 1053.      923.44  ]]]
3129	[[[2047.8    1050.6001  925.76  ]]]
3130	[[[2047.8     1049.4      920.16003]]]
3131	[[[2050.2002 1049.4     694.76  ]]]
3132	[[[2047.8     1049.4      920.16003]]]
3133	[[[2052.6  1051.8   923.88]]]
3134	[[[2046.6001 1049.4     697.12  ]]]
3135	[[[2049.     1050.6001  926.08  ]]]
3136	[[[2047.8  1051.8   926.76]]]
3137	[[[2047.8    1050.6001  926.08  ]]]
3138	[[[2049.     1050.6001  699.96  ]]]
3139	[[[2050.2002 1050.6001  698.84  ]]]
3140	[[[2050.2002 1051.8     926.76  ]]]
3141	[[[2049.   1051.8   925.76]]]
3142	[[[2047.8     1050.6001   920.04004]]]
3143	[[[2050.2002 1051.8     927.44  ]]]
3144	[[[2049.     1050.6001  699.8   ]]]
3145	[[[2052.6  1053.    923.88]]]
3146	[[[2050.2002 1051.8     699.08  ]]]
3147	[[[2050.2002 1051.8     694.56  ]]]
3148	[[[2046.6001 1055.4     924.2   ]]]
3149	[[[2049.   1051.8   699.68]]]
3150	[[[2049.   1051.8   699.96]]]
3151	[[[2045.4  1053.    923.12]]]
3152	[[[2047.8 1051.8  926.2]]]
3153	[[[2049.      1053.       926.16003]]]
3154	[[[2049.   1051.8   699.76]]]
3155	[[[2050.2002 1053.      699.48  ]]]
3156	[[[2049.   1053.    920.24]]]
3157	[[[2050.2002 1053.      699.48  ]]]
3158	[[[2052.6    1054.2001  924.2   ]]]
3159	[[[2050.2002 1051.8     695.24  ]]]
3160	[[[2050.2002 1051.8     695.04  ]]]
3161	[[[2049.      1054.2001   927.16003]]]
3162	[[[2050.2002 1053.      699.44  ]]]
3163	[[[2050.2002 1051.8     699.8   ]]]
3164	[[[2049.   1053.    937.08]]]
3165	[[[2049.     1054.2001  926.84  ]]]
3166	[[[2050.2002 1054.2001  927.4   ]]]
3167	[[[2049.   1053.    920.56]]]
3168	[[[2050.2002 1054.2001  926.52  ]]]
3169	[[[2047.8    1054.2001  926.52  ]
  [1012.2    1099.8     933.12  ]]]
3170	[[[2050.2002 1053.      699.76  ]]]
3171	[[[2045.4    1054.2001  923.32  ]]]
3172	[[[2051.4001 1053.      695.2   ]]]
3173	[[[2051.4001 1055.4     697.2   ]]]
3174	[[[2050.2002 1055.4     697.44  ]]]
3175	[[[2050.2002 1053.      700.04  ]]]
3176	[[[2050.2002 1053.      699.92  ]]]
3177	[[[2051.4001 1051.8     700.32  ]]]
3178	[[[2051.4001 1053.      695.32  ]]]
3179	[[[2050.2002 1053.      695.48  ]]]
3180	[[[2051.4001  1054.2001   927.16003]]]
3181	[[[2050.2002 1053.      936.68  ]]]
3182	[[[2051.4001 1054.2001  927.    ]]]
3183	[[[2050.2002 1053.      920.28  ]]]
3184	[[[2050.2002 1054.2001  926.24  ]]]
3185	[[[2049.      1054.2001   926.16003]]]
3186	[[[2050.2002  1054.2001   925.92004]]]
3187	[[[2050.2002 1054.2001  920.24  ]]]
3188	[[[2053.8     1051.8      697.44   ]
  [ 837.00006 1141.8      685.56   ]]]
3189	[[[2050.2002 1056.6001  928.12  ]]]
3190	[[[2051.4001 1053.      699.6   ]]]
3191	[[[2052.6  1053.    699.16]]]
3192	[[[2051.4001 1053.      699.68  ]]]
3193	[[[2052.6  1055.4   697.36]]]
3194	[[[2051.4001 1054.2001  926.76  ]]]
3195	[[[2051.4001 1053.      699.56  ]]]
3196	[[[2055.   1055.4   924.68]]]
3197	[[[2052.6  1053.    695.16]]]
3198	[[[2050.2002 1053.      936.88  ]]]
3199	[[[2051.4001 1054.2001  926.68  ]]]
3200	[[[2050.2002  1053.       920.72003]]]
3201	[[[2049.      1056.6001   924.04004]]]
3202	[[[2050.2002 1054.2001  920.8   ]]]
3203	[[[2050.2002 1054.2001  920.4   ]]]
3204	[[[2050.2002 1053.      697.8   ]]]
3205	[[[2052.6  1053.    695.36]]]
3206	[[[2052.6 1055.4  927. ]]]
3207	[[[2055.     1056.6001  924.68  ]]]
3208	[[[2050.2002 1055.4     927.    ]]]
3209	[[[2052.6  1055.4   927.64]]]
3210	[[[2050.2002 1056.6001  927.88  ]]]
3211	[[[2051.4001 1051.8     923.8   ]]]
3212	[[[2052.6    1054.2001  699.36  ]]]
3213	[[[2046.6001 1055.4     924.2   ]]]
3214	[[[2051.4001 1054.2001  699.88  ]]]
3215	[[[2051.4001 1053.      699.84  ]]]
3216	[[[2050.2002 1054.2001  921.    ]]]
3217	[[[2051.4001 1054.2001  700.04  ]]]
3218	[[[2050.2002  1055.4      927.16003]]]
3219	[[[2051.4001 1055.4     927.84  ]]]
3220	[[[2049.   1053.    697.96]]]
3221	[[[2051.4001 1053.      695.68  ]]]
3222	[[[2049.   1053.    697.84]]]
3223	[[[2051.4001 1055.4     927.    ]]]
3224	[[[2051.4001 1054.2001  695.76  ]]]
3225	[[[2050.2002 1055.4     926.32  ]]]
3226	[[[2050.2002  1054.2001   920.72003]]]
3227	[[[2050.2002 1054.2001  937.32  ]]]
3228	[[[2050.2002 1055.4     927.08  ]]]
3229	[[[2050.2002 1055.4     927.4   ]]]
3230	[[[2051.4001 1054.2001  695.56  ]]]
3231	[[[2051.4001 1055.4     927.08  ]]]
3232	[[[2051.4001 1054.2001  695.48  ]]]
3233	[[[2051.4001 1054.2001  695.68  ]]]
3234	[[[2050.2002 1054.2001  700.6   ]]]
3235	[[[2049.   1055.4   926.88]]]
3236	[[[2052.6 1051.8  697.4]]]
3237	[[[2051.4001 1051.8     698.04  ]]]
3238	[[[2050.2002 1054.2001  695.52  ]]]
3239	[[[2051.4001 1055.4     699.64  ]]]
3240	[[[2047.8     1059.       924.83997]]]
3241	[[[2051.4001 1054.2001  695.88  ]]]
3242	[[[2050.2002 1056.6001  928.4   ]]]
3243	[[[2050.2002 1054.2001  695.56  ]]]
3244	[[[2050.2002 1055.4     700.36  ]]]
3245	[[[2051.4001 1051.8     697.84  ]]]
3246	[[[2050.2002 1056.6001  927.64  ]]]
3247	[[[2047.8     1059.       924.92004]]]
3248	[[[2049.      1056.6001   927.56006]]]
3249	[[[2050.2002 1054.2001  696.28  ]]]
3250	[[[2045.4 1055.4  924.6]]]
3251	[[[2045.4     1056.6001   924.92004]]]
3252	[[[2050.2002 1056.6001  928.32  ]]]
3253	[[[2052.6 1057.8  926. ]]]
3254	[[[2050.2002 1054.2001  700.88  ]]]
3255	[[[2051.4001 1054.2001  700.76  ]]]
3256	[[[2050.2002 1053.      700.84  ]]]
3257	[[[2049.      1054.2001   938.56006]]]
3258	[[[2052.6  1051.8   698.64]]]
3259	[[[2047.8    1054.2001  927.64  ]]]
3260	[[[2047.8  1057.8   925.68]]]
3261	[[[2047.8  1057.8   925.76]]]
3262	[[[2047.8 1053.   928.4]]]
3263	[[[2052.6  1055.4   925.76]]]
3264	[[[2050.2002 1051.8     701.    ]]]
3265	[[[2049.     1054.2001  928.4   ]]]
3266	[[[2047.8    1054.2001  928.84  ]]]
3267	[[[2046.6001 1055.4     925.76  ]]]
3268	[[[2047.8  1053.    928.64]]]
3269	[[[2047.8  1055.4   926.12]]]
3270	[[[2047.8  1051.8   922.64]]]
3271	[[[2049.      1053.       929.16003]]]
3272	[[[2049.      1051.8      928.72003]]]
3273	[[[2050.2002 1048.2001  699.04  ]]]
3274	[[[2049.      1051.8      928.16003]]]
3275	[[[2049.     1050.6001  922.8   ]]]
3276	[[[2049.     1050.6001  928.48  ]]]
3277	[[[2050.2002 1051.8     929.48  ]]]
3278	[[[2047.8    1050.6001  929.4   ]]]
3279	[[[2049.   1049.4   922.48]]]
3280	[[[2050.2002 1049.4     696.72  ]]]
3281	[[[2050.2002 1049.4     701.68  ]]]
3282	[[[2049.  1049.4  922.8]]]
3283	[[[2050.2002 1054.2001  927.76  ]]]
3284	[[[2050.2002 1049.4     701.8   ]]]
3285	[[[2050.2002 1048.2001  701.8   ]]]
3286	[[[2052.6  1047.    699.44]]]
3287	[[[2050.2002 1050.6001  929.4   ]]]
3288	[[[2049.      1049.4      929.16003]]]
3289	[[[2052.6    1050.6001  926.44  ]]]
3290	[[[2050.2002 1050.6001  699.72  ]]]
3291	[[[2049.   1049.4   928.64]]]
3292	[[[2050.2002 1048.2001  701.84  ]]]
3293	[[[2049.     1048.2001  939.6   ]]]
3294	[[[2049.     1048.2001  922.96  ]]]
3295	[[[2050.2002 1048.2001  701.88  ]]]
3296	[[[2050.2002 1048.2001  696.88  ]]]
3297	[[[2049.     1048.2001  923.6   ]]]
3298	[[[2049.  1049.4  929.4]]]
3299	[[[2050.2002 1048.2001  702.12  ]]]
3300	[[[2050.2002  1049.4      929.56006]]]
3301	[[[2050.2002 1048.2001  696.92  ]]]
3302	[[[2051.4001 1051.8     927.4   ]]]
3303	[[[2049.   1049.4   929.08]]]
3304	[[[2050.2002 1047.      697.44  ]]]
3305	[[[2050.2002 1047.      697.48  ]]]
3306	[[[2052.6  1049.4   927.08]]]
3307	[[[2049.   1047.    697.32]]]
3308	[[[2049.     1048.2001  929.4   ]]]
3309	[[[2044.2001 1047.      926.44  ]]]
3310	[[[2044.2001 1047.      925.84  ]]]
3311	[[[2049.      1048.2001   930.04004]]]
3312	[[[2049.   1047.    702.12]]]
3313	[[[2047.8    1048.2001  930.48  ]]]
3314	[[[2046.6001 1045.8     929.48  ]]]
3315	[[[2047.8  1047.    929.24]]]
3316	[[[2049.     1048.2001  699.56  ]]]
3317	[[[2046.6001 1047.      929.68  ]]]
3318	[[[2046.6001 1047.      929.68  ]]]
3319	[[[2047.8  1047.    929.56]]]
3320	[[[2047.8  1047.    929.24]]]
3321	[[[2047.8  1047.    929.88]]]
3322	[[[2047.8  1045.8   923.64]]]
3323	[[[2046.6001  1045.8      929.92004]]]
3324	[[[2049.     1044.6001  702.12  ]]]
3325	[[[2049.     1044.6001  702.28  ]]]
3326	[[[2047.8     1045.8      929.16003]]]
3327	[[[2047.8    1044.6001  702.32  ]]]
3328	[[[2046.6001 1044.6001  940.24  ]]]
3329	[[[2050.2002 1042.2001  699.68  ]]]
3330	[[[2047.8    1044.6001  702.32  ]]]
3331	[[[2046.6001 1041.      926.28  ]]]
3332	[[[2046.6001 1043.4     697.2   ]]]
3333	[[[2049.  1045.8  700. ]]]
3334	[[[2045.4    1044.6001  929.88  ]]]
3335	[[[2047.8  1045.8   699.32]]]
3336	[[[2047.8    1044.6001  930.56  ]]]
3337	[[[2046.6001 1042.2001  701.84  ]]]
3338	[[[2047.8  1043.4   701.72]]]
3339	[[[2046.6001  1044.6001   930.16003]]]
3340	[[[2047.8    1042.2001  697.04  ]]]
3341	[[[2044.2001 1041.      700.16  ]]]
3342	[[[2047.8    1042.2001  701.72  ]]]
3343	[[[2047.8    1042.2001  701.64  ]]]
3344	[[[2045.4    1042.2001  923.96  ]]]
3345	[[[2045.4    1042.2001  923.88  ]]]
3346	[[[2045.4    1042.2001  929.4   ]]]
3347	[[[2052.6  1047.    932.12]]]
3348	[[[2045.4     1042.2001   929.72003]]]
3349	[[[2044.2001 1042.2001  929.08  ]]]
3350	[[[2044.2001 1045.8     927.    ]]]
3351	[[[2045.4  1041.    702.24]]]
3352	[[[2045.4  1041.    697.32]]]
3353	[[[2044.2001 1043.4     930.96  ]]]
3354	[[[2046.6001 1042.2001  930.28  ]]]
3355	[[[2045.4     1042.2001   930.04004]]]
3356	[[[2045.4 1041.   697.4]]]
3357	[[[2046.6001 1039.8     701.8   ]]]
3358	[[[2045.4  1041.    697.44]]]
3359	[[[2049.     1042.2001  927.32  ]]]
3360	[[[2047.8    1038.6001  699.64  ]]]
3361	[[[2045.4 1041.   697.6]]]
3362	[[[2047.8  1043.4   927.64]]]
3363	[[[2044.2001 1039.8     940.28  ]]]
3364	[[[2044.2001  1041.       929.72003]]]
3365	[[[2045.4  1039.8   697.36]]]
3366	[[[2049.  1041.   927.4]]]
3367	[[[2044.2001 1043.4     926.76  ]]]
3368	[[[2046.6001 1038.6001  697.28  ]]]
3369	[[[2045.4    1038.6001  702.16  ]]]
3370	[[[2046.6001 1038.6001  701.72  ]]]
3371	[[[2040.6001 1041.      927.84  ]]]
3372	[[[2044.2001 1038.6001  940.28  ]]]
3373	[[[2045.4  1039.8   930.64]]]
3374	[[[2045.4  1037.4   701.84]]]
3375	[[[2046.6001 1035.      699.48  ]]]
3376	[[[2046.6001 1039.8     699.88  ]]]
3377	[[[2043.0001  1038.6001   929.56006]]]
3378	[[[2043.0001 1037.4     699.52  ]]]
3379	[[[2045.4  1037.4   697.32]]]
3380	[[[2044.2001 1038.6001  929.96  ]]]
3381	[[[2045.4    1038.6001  930.28  ]]]
3382	[[[2044.2001 1037.4     929.4   ]]]
3383	[[[2043.0001 1037.4     929.08  ]]]
3384	[[[2044.2001 1036.2001  697.56  ]]]
3385	[[[2046.6001 1033.8     699.44  ]]]
3386	[[[2043.0001 1039.8     926.44  ]]]
3387	[[[2045.4    1036.2001  701.68  ]]]
3388	[[[2043.0001 1039.8     927.    ]]]
3389	[[[2045.4     1036.2001   697.28   ]
  [ 967.80005 1207.8      858.2    ]]]
3390	[[[2046.6001 1031.4     928.24  ]]]
3391	[[[2045.4    1036.2001  701.64  ]]]
3392	[[[2043.0001  1036.2001   929.16003]]]
3393	[[[2045.4  1035.    697.44]]]
3394	[[[2044.2001 1036.2001  929.48  ]]]
3395	[[[2045.4     1036.2001   930.04004]]]
3396	[[[2044.2001 1036.2001  929.48  ]]]
3397	[[[2046.6001 1032.6001  699.24  ]]]
3398	[[[2044.2001 1036.2001  929.4   ]]]
3399	[[[2044.2001 1033.8     922.8   ]]]
3400	[[[2044.2001  1036.2001   930.04004]]]
3401	[[[2045.4 1035.   697.6]]]
3402	[[[2044.2001 1033.8     939.52  ]]]
3403	[[[2043.0001 1037.4     926.44  ]]]
3404	[[[2047.8    1036.2001  927.08  ]]]
3405	[[[2043.0001  1033.8      929.16003]]]
3406	[[[2044.2001  1036.2001   930.04004]]]
3407	[[[2045.4  1033.8   697.24]]]
3408	[[[2039.4    1032.6001  926.84  ]]]
3409	[[[2044.2001  1036.2001   929.72003]]]
3410	[[[2045.4  1031.4   699.08]]]
3411	[[[2039.4 1035.   926. ]]]
3412	[[[2044.2001 1031.4     926.4   ]]]
3413	[[[2047.8    1036.2001  927.32  ]]]
3414	[[[2045.4    1036.2001  699.24  ]]]
3415	[[[2043.0001 1033.8     939.52  ]]]
3416	[[[2045.4    1036.2001  699.16  ]]]
3417	[[[2041.8 1035.   929.4]]]
3418	[[[2044.2001 1035.      929.96  ]]]
3419	[[[2045.4 1033.8  701.4]]]
3420	[[[2044.2001 1033.8     701.36  ]]]
3421	[[[2045.4  1033.8   701.44]]]
3422	[[[2044.2001 1032.6001  696.96  ]]]
3423	[[[2043.0001 1033.8     923.2   ]]]
3424	[[[2043.0001 1032.6001  939.36  ]]]
3425	[[[2044.2001 1032.6001  697.24  ]]]
3426	[[[2044.2001 1032.6001  697.24  ]]]
3427	[[[2043.0001  1029.       925.16003]]]
3428	[[[2043.0001 1032.6001  923.28  ]]]
3429	[[[2043.0001  1033.8      928.96   ]
  [ 981.00006 1105.8      905.2    ]]]
3430	[[[2044.2001 1032.6001  701.36  ]]]
3431	[[[2044.2001 1032.6001  701.64  ]]]
3432	[[[2044.2001  1030.2001   925.92004]]]
3433	[[[2044.2001 1033.8     929.12  ]]]
3434	[[[2045.4    1032.6001  701.72  ]]]
3435	[[[2045.4    1032.6001  701.    ]]]
3436	[[[2047.8 1033.8  927. ]]]
3437	[[[2044.2001 1032.6001  697.28  ]]]
3438	[[[2045.4    1032.6001  701.12  ]]]
3439	[[[2044.2001 1031.4     701.68  ]]]
3440	[[[2043.0001  1031.4      923.04004]]]
3441	[[[2044.2001 1033.8     929.28  ]]]
3442	[[[2045.4 1031.4  696.8]]]
3443	[[[2046.6001 1035.      927.24  ]]]
3444	[[[2043.0001 1032.6001  922.6   ]]]
3445	[[[2045.4 1031.4  696.6]]]
3446	[[[2045.4  1031.4   696.56]]]
3447	[[[2044.2001 1031.4     696.8   ]]]
3448	[[[2043.0001 1036.2001  926.32  ]]]
3449	[[[2043.0001 1031.4     922.8   ]]]
3450	[[[2044.2001 1029.      925.76  ]]]
3451	[[[2043.0001 1033.8     929.64  ]]]
3452	[[[2044.2001 1031.4     696.92  ]]]
3453	[[[2045.4  1033.8   699.24]]]
3454	[[[2044.2001 1032.6001  929.4   ]]]
3455	[[[2044.2001 1031.4     701.28  ]]]
3456	[[[2046.6001 1032.6001  926.    ]]]
3457	[[[2043.0001 1032.6001  929.    ]]]
3458	[[[2039.4 1033.8  927. ]]]
3459	[[[2046.6001 1033.8     926.    ]]]
3460	[[[2043.0001 1032.6001  928.4   ]]]
3461	[[[2044.2001 1032.6001  928.96  ]]]
3462	[[[2044.2001 1032.6001  928.96  ]]]
3463	[[[2043.0001 1031.4     922.68  ]]]
3464	[[[2044.2001 1030.2001  696.68  ]]]
3465	[[[2041.8  1035.    925.68]]]
3466	[[[2044.2001 1031.4     701.08  ]]]
3467	[[[2044.2001 1032.6001  928.64  ]]]
3468	[[[2044.2001 1030.2001  701.56  ]]]
3469	[[[2044.2001 1032.6001  928.88  ]]]
3470	[[[2041.8  1035.    926.32]]]
3471	[[[2043.0001  1032.6001   928.56006]]]
3472	[[[2044.2001  1032.6001   928.72003]]]
3473	[[[2045.4  1031.4   700.92]]]
3474	[[[2043.0001 1031.4     928.48  ]]]
3475	[[[2047.8    1036.2001  933.44  ]]]
3476	[[[2041.8  1031.4   699.04]]]
3477	[[[2043.0001 1031.4     928.48  ]]]
3478	[[[2047.8  1033.8   926.24]]]
3479	[[[2045.4  1031.4   701.04]]]
3480	[[[2044.2001 1031.4     922.64  ]]]
3481	[[[2040.6001 1032.6001  925.24  ]]]
3482	[[[2045.4  1031.4   701.44]]]
3483	[[[2045.4 1031.4  701.2]]]
3484	[[[2044.2001  1031.4      922.04004]]]
3485	[[[2046.6001 1029.      699.12  ]]]
3486	[[[2045.4  1031.4   701.24]]]
3487	[[[2045.4    1032.6001  701.72  ]]]
3488	[[[2045.4  1031.4   701.44]]]
3489	[[[2049.      1033.8      925.83997]]]
3490	[[[2045.4  1031.4   696.12]]]
3491	[[[2044.2001 1032.6001  922.6   ]]]
3492	[[[2045.4  1033.8   928.88]]]
3493	[[[2045.4  1033.8   928.88]]]
3494	[[[2044.2001  1033.8      928.96   ]
  [ 966.60004 1135.8      876.16003]]]
3495	[[[2044.2001  1029.       924.83997]]]
3496	[[[2043.0001 1031.4     698.88  ]]]
3497	[[[2045.4  1031.4   701.44]]]
3498	[[[2047.8  1035.    926.32]]]
3499	[[[2045.4  1033.8   929.12]]]
3500	[[[2043.0001 1036.2001  925.68  ]]]
3501	[[[2045.4    1032.6001  701.08  ]]]
3502	[[[2044.2001 1035.      929.88  ]]]
3503	[[[2045.4  1031.4   701.28]]]
3504	[[[2044.2001 1031.4     922.28  ]]]
3505	[[[2044.2001 1032.6001  922.28  ]]]
3506	[[[2045.4  1031.4   701.12]]]
3507	[[[2045.4  1031.4   700.96]]]
3508	[[[2044.2001 1033.8     928.24  ]]]
3509	[[[2046.6001 1032.6001  696.24  ]]]
3510	[[[2049.   1033.8   926.08]]]
3511	[[[2046.6001 1035.      698.84  ]]]
3512	[[[2046.6001 1032.6001  700.6   ]]]
3513	[[[2044.2001 1036.2001  925.36  ]]]
3514	[[[2047.8    1036.2001  926.36  ]]]
3515	[[[2045.4    1030.2001  698.76  ]]]
3516	[[[2044.2001 1033.8     927.88  ]]]
3517	[[[2045.4     1035.       928.80005]]]
3518	[[[2046.6001 1032.6001  701.12  ]]]
3519	[[[2045.4     1035.       928.56006]]]
3520	[[[2044.2001 1032.6001  922.28  ]]]
3521	[[[2045.4     1033.8      928.56006]]]
3522	[[[2045.4  1033.8   928.12]]]
3523	[[[2045.4     1033.8      928.56006]]]
3524	[[[2044.2001  1032.6001   927.80005]]]
3525	[[[2044.2001 1033.8     928.44  ]]]
3526	[[[2044.2001  1033.8      927.72003]]]
3527	[[[2040.6001 1033.8     925.48  ]]]
3528	[[[2045.4    1032.6001  700.8   ]]]
3529	[[[2045.4    1032.6001  701.28  ]]]
3530	[[[2044.2001 1033.8     922.2   ]]]
3531	[[[2047.8  1035.    925.48]]]
3532	[[[2044.2001 1032.6001  938.36  ]]]
3533	[[[2045.4  1033.8   929.12]]]
3534	[[[2045.4    1032.6001  700.72  ]]]
3535	[[[2045.4     1033.8      928.56006]]]
3536	[[[2045.4    1030.2001  925.6   ]]]
3537	[[[2045.4     1033.8      928.80005]]]
3538	[[[2044.2001 1032.6001  701.32  ]]]
3539	[[[2044.2001  1032.6001   921.83997]]]
3540	[[[2044.2001 1036.2001  925.08  ]]]
3541	[[[2045.4  1033.8   928.64]]]
3542	[[[2043.0001 1032.6001  927.96  ]]]
3543	[[[2043.0001 1036.2001  925.68  ]]]
3544	[[[2043.0001 1031.4     928.    ]]]
3545	[[[2043.0001 1032.6001  927.88  ]]]
3546	[[[2043.0001  1035.       929.80005]]]
3547	[[[2041.8     1035.       924.92004]]]
3548	[[[2043.0001  1032.6001   927.80005]]]
3549	[[[2045.4     1032.6001   928.80005]]]
3550	[[[2043.0001 1031.4     922.2   ]]]
3551	[[[2045.4  1029.    698.56]]]
3552	[[[2043.0001  1032.6001   927.80005]]]
3553	[[[2045.4  1031.4   700.68]]]
3554	[[[2045.4  1031.4   700.96]]]
3555	[[[2046.6001 1029.      698.24  ]]]
3556	[[[2045.4 1029.   925.4]]]
3557	[[[2044.2001  1031.4      927.92004]]]
3558	[[[2045.4    1030.2001  696.48  ]]]
3559	[[[2044.2001  1031.4      927.80005]]]
3560	[[[2043.0001 1029.      698.84  ]]]
3561	[[[2043.0001  1030.2001   927.80005]]]
3562	[[[2043.0001 1030.2001  698.24  ]]]
3563	[[[2044.2001  1031.4      928.04004]]]
3564	[[[2044.2001 1027.8     925.08  ]]]
3565	[[[2045.4    1032.6001  698.68  ]]]
3566	[[[2044.2001 1031.4     927.96  ]]]
3567	[[[2043.0001 1031.4     928.12  ]]]
3568	[[[2044.2001  1030.2001   927.80005]]]
3569	[[[2044.2001 1033.8     925.52  ]]]
3570	[[[2046.6001 1026.6001  698.04  ]]]
3571	[[[2044.2001 1030.2001  921.88  ]]]
3572	[[[2047.8    1030.2001  698.72  ]]]
3573	[[[2045.4  1029.    700.64]]]
3574	[[[2043.0001  1030.2001   928.56006]]]
3575	[[[2045.4  1031.4   698.52]]]
3576	[[[2044.2001 1030.2001  927.4   ]]]
3577	[[[2044.2001 1031.4     698.52  ]]]
3578	[[[2045.4  1029.    696.08]]]
3579	[[[2045.4  1029.    700.76]]]
3580	[[[2044.2001  1030.2001   927.80005]]]
3581	[[[2043.0001 1029.      927.48  ]]]
3582	[[[2044.2001 1029.      921.76  ]]]
3583	[[[2040.6001  1030.2001   924.72003]]]
3584	[[[2046.6001 1029.      695.96  ]]]
3585	[[[2043.0001 1033.8     925.4   ]]]
3586	[[[2050.2002 1031.4     932.32  ]]]
3587	[[[2044.2001 1029.      922.12  ]]]
3588	[[[2045.4    1030.2001  928.4   ]]]
3589	[[[2044.2001 1029.      922.2   ]]]
3590	[[[2049.      1030.2001   925.92004]]]
3591	[[[2044.2001 1029.      922.52  ]]]
3592	[[[2044.2001 1030.2001  928.48  ]]]
3593	[[[2044.2001 1029.      922.08  ]]]
3594	[[[2044.2001 1031.4     929.36  ]]]
3595	[[[2043.0001 1032.6001  925.48  ]]]
3596	[[[2045.4  1029.    696.64]]]
3597	[[[2045.4  1029.    700.76]]]
3598	[[[2044.2001  1030.2001   927.80005]]]
3599	[[[2043.0001 1029.      698.64  ]]]
3600	[[[2045.4     1030.2001   928.04004]]]
3601	[[[2045.4 1029.   701.4]]]
3602	[[[2044.2001 1029.      922.4   ]]]
3603	[[[2045.4    1030.2001  928.32  ]]]
3604	[[[2043.0001 1029.      698.44  ]]]
3605	[[[2044.2001 1029.      921.96  ]]]
3606	[[[2044.2001 1029.      938.76  ]]]
3607	[[[2045.4     1030.2001   928.56006]]]
3608	[[[2045.4    1030.2001  928.88  ]]]
3609	[[[2044.2001 1030.2001  928.12  ]]]
3610	[[[2045.4     1030.2001   928.80005]]]
3611	[[[2047.8  1031.4   926.48]]]
3612	[[[2045.4  1027.8   696.68]]]
3613	[[[2046.6001 1025.4     698.    ]]]
3614	[[[2045.4  1027.8   696.24]]]
3615	[[[2043.0001 1026.6001  698.88  ]]]
3616	[[[2044.2001  1029.       927.80005]]]
3617	[[[2045.4  1029.    928.68]]]
3618	[[[2043.0001  1029.       927.80005]]]
3619	[[[2043.0001  1029.       928.04004]]]
3620	[[[2046.6001 1030.2001  699.12  ]]]
3621	[[[2043.0001  1027.8      927.72003]]]
3622	[[[2040.6001 1029.      924.52  ]]]
3623	[[[2043.0001  1032.6001   925.16003]]]
3624	[[[2043.0001 1029.      922.08  ]]]
3625	[[[2041.8  1027.8   698.64]]]
3626	[[[2045.4 1027.8  696.2]]]
3627	[[[2047.8     1030.2001   926.16003]]]
3628	[[[2044.2001 1029.      928.36  ]]]
3629	[[[2044.2001 1027.8     701.04  ]]]
3630	[[[2043.0001 1029.      927.96  ]]]
3631	[[[2047.8     1030.2001   925.56006]]]
3632	[[[2045.4  1027.8   696.04]]]
3633	[[[2043.0001 1029.      928.24  ]]]
3634	[[[2044.2001 1027.8     696.44  ]]]
3635	[[[2044.2001 1029.      928.12  ]]]
3636	[[[2044.2001 1026.6001  695.8   ]]]
3637	[[[2044.2001  1029.       929.04004]]]
3638	[[[2044.2001 1027.8     696.68  ]]]
3639	[[[2043.0001 1027.8     921.76  ]]]
3640	[[[2047.8     1029.       925.83997]]]
3641	[[[2045.4  1027.8   700.48]]]
3642	[[[2043.0001  1027.8      927.80005]]]
3643	[[[2039.4     1030.2001   926.16003]]]
3644	[[[2043.0001 1027.8     921.88  ]]]
3645	[[[2041.8     1029.       927.72003]]]
3646	[[[2043.0001 1029.      928.68  ]]]
3647	[[[2043.0001 1027.8     921.88  ]]]
3648	[[[2044.2001  1029.       928.80005]]]
3649	[[[2043.0001  1029.       928.04004]]]
3650	[[[2041.8  1029.    927.96]]]
3651	[[[2043.0001 1027.8     701.24  ]]]
3652	[[[2043.0001 1029.      922.    ]]]
3653	[[[2044.2001 1027.8     700.8   ]]]
3654	[[[2044.2001 1027.8     700.8   ]]]
3655	[[[2045.4  1025.4   698.08]]]
3656	[[[2043.0001 1029.      922.    ]]]
3657	[[[2041.8 1029.   928.6]]]
3658	[[[2044.2001 1029.      696.48  ]]]
3659	[[[2045.4  1027.8   700.68]]]
3660	[[[2043.0001  1027.8      922.04004]]]
3661	[[[2043.0001  1029.       927.56006]]]
3662	[[[2044.2001 1027.8     696.08  ]]]
3663	[[[2046.6001  1030.2001   925.16003]]]
3664	[[[2044.2001 1027.8     696.04  ]]]
3665	[[[2044.2001 1030.2001  698.6   ]]]
3666	[[[2044.2001  1030.2001   928.80005]]]
3667	[[[2044.2001 1027.8     700.6   ]]]
3668	[[[2041.8  1027.8   698.64]]]
3669	[[[2044.2001 1027.8     696.28  ]]]
3670	[[[2044.2001 1027.8     700.6   ]]]
3671	[[[2039.4 1031.4  926.4]]]
3672	[[[2044.2001 1030.2001  928.52  ]]]
3673	[[[2044.2001 1029.      700.4   ]]]
3674	[[[2041.8  1031.4   925.08]]]
3675	[[[2044.2001 1027.8     700.4   ]]]
3676	[[[2041.8 1029.   927.4]]]
3677	[[[2043.0001  1029.       927.72003]]]
3678	[[[2040.6001 1031.4     925.4   ]]]
3679	[[[2044.2001 1027.8     696.4   ]]]
3680	[[[2045.4  1025.4   697.68]]]
3681	[[[2041.8     1029.       928.04004]]]
3682	[[[2044.2001 1027.8     696.24  ]]]
3683	[[[2045.4  1025.4   697.96]]]
3684	[[[2041.8     1031.4      924.83997]]]
3685	[[[2041.8  1029.    927.48]]]
3686	[[[2044.2001 1027.8     700.56  ]]]
3687	[[[2041.8     1032.6001   925.83997]]]
3688	[[[2041.8 1027.8  927.4]]]
3689	[[[2044.2001 1027.8     700.44  ]]]
3690	[[[2043.0001 1029.      927.52  ]]]
3691	[[[2041.8     1027.8      927.56006]]]
3692	[[[2044.2001 1027.8     700.44  ]]]
3693	[[[2044.2001 1027.8     700.4   ]]]
3694	[[[2041.8     1027.8      927.80005]]]
3695	[[[2043.0001  1027.8      921.80005]]]
3696	[[[2041.8     1027.8      921.80005]]]
3697	[[[2043.0001 1029.      928.28  ]]]
3698	[[[2043.0001 1027.8     700.72  ]]]
3699	[[[2043.0001 1027.8     921.68  ]]]
3700	[[[2043.0001 1027.8     921.44  ]]]
3701	[[[2044.2001 1026.6001  696.16  ]]]
3702	[[[2044.2001 1029.      928.28  ]]]
3703	[[[2043.0001 1027.8     938.28  ]]]
3704	[[[2043.0001 1027.8     921.36  ]]]
3705	[[[2043.0001 1027.8     921.36  ]]]
3706	[[[2043.0001 1026.6001  921.68  ]]]
3707	[[[2044.2001 1029.      927.96  ]]]
3708	[[[2044.2001 1027.8     700.8   ]]]
3709	[[[2044.2001 1029.      928.36  ]]]
3710	[[[2045.4    1026.6001  700.6   ]]]
3711	[[[2043.0001 1027.8     927.96  ]]]
3712	[[[2043.0001 1026.6001  921.44  ]]]
3713	[[[2043.0001 1026.6001  921.36  ]]]
3714	[[[2044.2001 1027.8     927.76  ]]]
3715	[[[2043.0001 1029.      929.2   ]]]
3716	[[[2044.2001 1027.8     927.52  ]]]
3717	[[[2044.2001 1027.8     921.52  ]]]
3718	[[[2044.2001 1027.8     927.2   ]]]
3719	[[[2046.6001 1024.2001  697.48  ]]]
3720	[[[2045.4  1027.8   927.76]]]
3721	[[[2040.6001 1027.8     924.76  ]]]
3722	[[[2046.6001 1029.      698.52  ]]]
3723	[[[2046.6001 1029.      698.28  ]]]
3724	[[[2045.4     1027.8      928.04004]]]
3725	[[[2046.6001  1027.8      927.80005]]]
3726	[[[2044.2001 1027.8     927.48  ]]]
3727	[[[2045.4     1027.8      927.56006]]]
3728	[[[2045.4    1026.6001  921.2   ]]]
3729	[[[2046.6001 1027.8     927.88  ]]]
3730	[[[2046.6001 1026.6001  700.48  ]]]
3731	[[[2045.4    1026.6001  921.28  ]]]
3732	[[[2045.4    1026.6001  921.64  ]]]
3733	[[[2049.  1029.   925.6]]]
3734	[[[2046.6001 1025.4     695.84  ]]]
3735	[[[2046.6001 1025.4     700.44  ]]]
3736	[[[2047.8     1023.00006  697.56   ]]]
3737	[[[2047.8    1026.6001  700.12  ]]]
3738	[[[2047.8  1025.4   695.76]]]
3739	[[[2045.4    1026.6001  927.48  ]]]
3740	[[[2046.6001 1026.6001  700.56  ]]]
3741	[[[2041.8     1026.6001   924.83997]]]
3742	[[[2046.6001 1026.6001  700.52  ]]]
3743	[[[2046.6001 1025.4     695.92  ]]]
3744	[[[2045.4     1026.6001   927.16003]]]
3745	[[[2046.6001 1026.6001  696.    ]]]
3746	[[[2045.4    1026.6001  927.48  ]]]
3747	[[[2047.8  1025.4   700.32]]]
3748	[[[2050.2002  1027.8      925.16003]]]
3749	[[[2046.6001  1026.6001   927.80005]]]
3750	[[[2047.8 1025.4  696. ]]]
3751	[[[2047.8    1024.2001  700.88  ]]]
3752	[[[2047.8    1026.6001  928.48  ]]]
3753	[[[2046.6001 1025.4     695.92  ]]]
3754	[[[2046.6001 1025.4     696.    ]]]
3755	[[[2047.8 1025.4  695.8]]]
3756	[[[2045.4    1026.6001  927.08  ]]]
3757	[[[2047.8  1025.4   700.28]]]
3758	[[[2047.8 1025.4  700.2]]]
3759	[[[2046.6001  1021.80005  924.08   ]
  [ 963.00006 1213.8      842.24   ]]]
3760	[[[2045.4 1025.4  921.2]]]
3761	[[[2044.2001 1029.      925.08  ]]]
3762	[[[2046.6001 1025.4     695.96  ]]]
3763	[[[2045.4     1025.4      921.52   ]
  [ 951.00006 1219.8      827.8    ]]]
3764	[[[2047.8    1030.2001  925.76  ]]]
3765	[[[2049.      1023.00006  697.84   ]]]
3766	[[[2045.4  1025.4   927.36]]]
3767	[[[2047.8  1025.4   695.92]]]
3768	[[[2051.4001 1029.      932.    ]]]
3769	[[[2047.8  1025.4   700.16]]]
3770	[[[2046.6001 1026.6001  921.44  ]]]
3771	[[[2050.2002 1029.      925.4   ]]]
3772	[[[2045.4    1026.6001  927.48  ]]]
3773	[[[2047.8  1029.    698.08]]]
3774	[[[2046.6001  1023.00006  924.16003]]]
3775	[[[2045.4    1026.6001  927.    ]]]
3776	[[[2053.8     1031.4      929.80005]]]
3777	[[[2045.4    1026.6001  921.32  ]]]
3778	[[[2047.8 1025.4  695.8]]]
3779	[[[2047.8 1027.8  928.2]]]
3780	[[[2045.4  1027.8   927.24]]]
3781	[[[2047.8  1027.8   928.32]]]
3782	[[[2049.   1029.    698.16]]]
3783	[[[2046.6001 1027.8     927.32  ]]]
3784	[[[2046.6001 1026.6001  921.6   ]]]
3785	[[[2046.6001  1026.6001   937.72003]]]
3786	[[[2046.6001 1026.6001  921.44  ]]]
3787	[[[2046.6001 1027.8     921.44  ]]]
3788	[[[2049.     1024.2001  697.52  ]]]
3789	[[[2046.6001  1027.8      921.80005]]]
3790	[[[2047.8     1029.       927.72003]]]
3791	[[[2047.8     1029.       927.72003]]]
3792	[[[2046.6001 1027.8     920.88  ]]]
3793	[[[2046.6001 1027.8     937.6   ]]]
3794	[[[2046.6001 1029.      921.44  ]]]
3795	[[[2046.6001 1027.8     921.44  ]]]
3796	[[[2047.8 1029.   927.4]]]
3797	[[[2043.0001 1029.      924.4   ]]]
3798	[[[2047.8     1030.2001   927.72003]]]
3799	[[[2046.6001 1029.      921.12  ]]]
3800	[[[2047.8  1029.    696.12]]]
3801	[[[2046.6001 1027.8     937.52  ]]]
3802	[[[2046.6001 1029.      927.    ]]]
3803	[[[2049.   1027.8   695.68]]]
3804	[[[2046.6001 1027.8     937.36  ]]]
3805	[[[2047.8     1030.2001   928.04004]]]
3806	[[[2047.8  1027.8   699.84]]]
3807	[[[2046.6001 1027.8     920.36  ]]]
3808	[[[2047.8  1027.8   700.16]]]
3809	[[[2047.8    1030.2001  927.08  ]]]
3810	[[[2047.8  1027.8   695.84]]]
3811	[[[2047.8    1030.2001  927.    ]]]
3812	[[[2046.6001 1029.      937.48  ]]]
3813	[[[2047.8  1031.4   697.64]]]
3814	[[[2047.8  1027.8   700.12]]]
3815	[[[2046.6001 1029.      937.68  ]]]
3816	[[[2047.8  1027.8   700.32]]]
3817	[[[2047.8  1029.    700.28]]]
3818	[[[2049.   1029.    695.56]]]
3819	[[[2047.8 1029.   700. ]]]
3820	[[[2046.6001 1030.2001  926.48  ]]]
3821	[[[2047.8  1031.4   698.08]]]
3822	[[[2046.6001 1030.2001  927.24  ]]]
3823	[[[2047.8    1030.2001  700.04  ]]]
3824	[[[2047.8    1030.2001  700.44  ]]]
3825	[[[2047.8    1030.2001  695.8   ]]]
3826	[[[2047.8     1032.6001   697.88   ]
  [ 909.00006 1249.8      670.4    ]]]
3827	[[[2047.8    1030.2001  700.08  ]]]
3828	[[[2050.2002  1033.8      925.16003]]]
3829	[[[2046.6001 1033.8     928.88  ]]]
3830	[[[2051.4001 1032.6001  925.28  ]]]
3831	[[[2045.4     1035.       924.92004]]]
3832	[[[2046.6001 1030.2001  921.32  ]]]
3833	[[[2047.8  1031.4   926.88]]]
3834	[[[2047.8    1030.2001  695.92  ]]]
3835	[[[2049.     1030.2001  695.32  ]]]
3836	[[[2046.6001  1030.2001   937.56006]
  [ 948.60004 1117.8      867.6    ]]]
3837	[[[2047.8    1030.2001  695.72  ]]]
3838	[[[2051.4001  1032.6001   924.92004]]]
3839	[[[2047.8    1032.6001  927.96  ]]]
3840	[[[2046.6001 1031.4     921.44  ]]]
3841	[[[2050.2002 1035.      925.44  ]]]
3842	[[[2046.6001 1031.4     937.88  ]]]
3843	[[[2046.6001  1032.6001   927.56006]]]
3844	[[[2046.6001 1032.6001  927.24  ]]]
3845	[[[2044.2001 1032.6001  923.76  ]]]
3846	[[[2046.6001 1033.8     928.36  ]]]
3847	[[[2049.  1033.8  697.8]]]
3848	[[[2046.6001 1031.4     926.96  ]]]
3849	[[[2046.6001  1031.4      920.80005]]]
3850	[[[2047.8 1031.4  695.6]]]
3851	[[[2046.6001  1035.       928.80005]]]
3852	[[[2051.4001  1033.8      925.16003]]]
3853	[[[2047.8     1033.8      927.72003]]]
3854	[[[2050.2002 1029.      697.72  ]]]
3855	[[[2050.2002 1029.      697.8   ]]]
3856	[[[2047.8     1035.       923.83997]]]
3857	[[[2049.   1031.4   699.96]]]
3858	[[[2049.      1032.6001   927.72003]]]
3859	[[[2047.8  1031.4   695.84]]]
3860	[[[2047.8    1032.6001  927.64  ]]]
3861	[[[2047.8    1032.6001  927.36  ]]]
3862	[[[2044.2001  1032.6001   924.16003]]]
3863	[[[2047.8     1032.6001   927.80005]]]
3864	[[[2047.8     1033.8      927.80005]]]
3865	[[[2047.8  1031.4   695.84]]]
3866	[[[2049.   1031.4   699.88]]]
3867	[[[2046.6001  1032.6001   927.80005]]]
3868	[[[2047.8     1032.6001   926.72003]]]
3869	[[[2049.   1031.4   700.08]
  [ 928.2  1225.8   654.48]]]
3870	[[[2047.8     1029.       924.56006]]]
3871	[[[2046.6001  1032.6001   927.56006]]]
3872	[[[2049.   1033.8   697.96]]]
3873	[[[2047.8    1032.6001  927.64  ]]]
3874	[[[2046.6001 1035.      924.52  ]]]
3875	[[[2049.  1029.   924.4]]]
3876	[[[2049.      1032.6001   928.04004]]]
3877	[[[2047.8  1031.4   921.12]]]
3878	[[[2046.6001 1032.6001  927.36  ]]]
3879	[[[2049.   1031.4   700.04]]]
3880	[[[2049.     1030.2001  695.72  ]]]
3881	[[[2044.2001 1030.2001  924.76  ]]]
3882	[[[2044.2001 1033.8     925.4   ]]]
3883	[[[2051.4001 1033.8     925.4   ]]]
3884	[[[2047.8     1033.8      928.80005]]]
3885	[[[2049.  1031.4  696.2]]]
3886	[[[2046.6001 1030.2001  697.72  ]]]
3887	[[[2049.     1030.2001  700.2   ]]]
3888	[[[2049.     1030.2001  700.2   ]]]
3889	[[[2049.      1032.6001   927.04004]]]
3890	[[[2050.2002 1030.2001  695.32  ]]]
3891	[[[2050.2002 1031.4     699.76  ]]]
3892	[[[2047.8    1030.2001  937.12  ]]]
3893	[[[2047.8     1031.4      937.80005]]]
3894	[[[2049.      1032.6001   927.04004]]]
3895	[[[2052.6    1032.6001  925.28  ]]]
3896	[[[2049.   1031.4   699.88]]]
3897	[[[2049.   1031.4   695.92]]]
3898	[[[2047.8  1031.4   920.88]]]
3899	[[[2047.8  1031.4   921.52]]]
3900	[[[2050.2002 1031.4     699.96  ]]]
3901	[[[2050.2002 1031.4     699.92  ]]]
3902	[[[2046.6001  1035.       924.83997]]]
3903	[[[2050.2002 1031.4     695.56  ]]]
3904	[[[2050.2002 1031.4     695.52  ]]]
3905	[[[2047.8    1032.6001  927.12  ]]]
3906	[[[2049.     1032.6001  927.48  ]]]
3907	[[[2049.   1031.4   695.36]]]
3908	[[[2049.  1031.4  695.6]]]
3909	[[[2049.  1033.8  927.4]]]
3910	[[[2049.      1033.8      927.80005]]]
3911	[[[2045.4  1035.    924.08]]]
3912	[[[2049.     1032.6001  700.32  ]]]
3913	[[[2047.8 1037.4  925. ]]]
3914	[[[2049.   1033.8   695.72]]]
3915	[[[2050.2002 1032.6001  695.56  ]]]
3916	[[[2047.8     1033.8      927.04004]]]
3917	[[[2049.   1033.8   695.64]]]
3918	[[[2047.8  1033.8   921.36]]]
3919	[[[2050.2002 1033.8     699.8   ]]]
3920	[[[2050.2002 1033.8     695.44  ]]]
3921	[[[2049.      1033.8      921.04004]]]
3922	[[[2050.2002 1033.8     695.64  ]]]
3923	[[[2050.2002 1033.8     695.64  ]]]
3924	[[[2050.2002 1033.8     695.32  ]]]
3925	[[[2050.2002 1035.      700.28  ]]]
3926	[[[2047.8    1038.6001  924.08  ]]]
3927	[[[2049.      1036.2001   927.72003]]]
3928	[[[2045.4    1036.2001  924.64  ]]]
3929	[[[2047.8    1036.2001  926.96  ]]]
3930	[[[2050.2002 1036.2001  927.6   ]]]
3931	[[[2047.8 1039.8  924.6]]]
3932	[[[2049.      1036.2001   927.16003]]]
3933	[[[2049.     1036.2001  920.88  ]]]
3934	[[[2050.2002 1036.2001  700.6   ]]]
3935	[[[2050.2002 1036.2001  700.12  ]]]
3936	[[[2051.4001 1036.2001  699.84  ]]]
3937	[[[2051.4001 1038.6001  697.88  ]]]
3938	[[[2049.   1041.    924.28]]]
3939	[[[2053.8     1038.6001   924.83997]]]
3940	[[[2051.4001 1036.2001  695.8   ]]]
3941	[[[2050.2002 1037.4     700.64  ]]]
3942	[[[2050.2002  1038.6001   927.56006]]]
3943	[[[2049.   1037.4   921.48]]]
3944	[[[2050.2002 1037.4     700.64  ]]]
3945	[[[2050.2002 1037.4     700.24  ]]]
3946	[[[2050.2002 1038.6001  700.72  ]]]
3947	[[[2051.4001 1035.      698.04  ]]]
3948	[[[2053.8  1039.8   925.32]]]
3949	[[[2050.2002 1039.8     927.24  ]]]
3950	[[[2050.2002 1037.4     700.48  ]]]
3951	[[[2050.2002 1037.4     700.48  ]]]
3952	[[[2049.  1037.4  921.4]]]
3953	[[[2050.2002 1038.6001  700.52  ]]]
3954	[[[2050.2002 1039.8     927.24  ]]]
3955	[[[2049.      1038.6001   927.56006]]]
3956	[[[2050.2002 1038.6001  700.52  ]]]
3957	[[[2046.6001 1039.8     924.28  ]]]
3958	[[[2049.   1039.8   927.24]]]
3959	[[[2051.4001 1041.      697.76  ]]]
3960	[[[2049.     1038.6001  927.2   ]]]
3961	[[[2050.2002 1039.8     700.76  ]]]
3962	[[[2053.8  1041.    925.32]]]
3963	[[[2049.   1043.4   925.08]]]
3964	[[[2051.4001 1038.6001  700.4   ]]]
3965	[[[2046.6001 1042.2001  926.08  ]]]
3966	[[[2046.6001 1042.2001  925.64  ]]]
3967	[[[2051.4001 1041.      928.6   ]]]
3968	[[[2050.2002  1041.       927.72003]]]
3969	[[[2050.2002 1041.      928.28  ]]]
3970	[[[2051.4001 1039.8     700.88  ]]]
3971	[[[2046.6001 1041.      924.4   ]]]
3972	[[[2049.   1041.    928.28]]]
3973	[[[2051.4001 1039.8     696.4   ]]]
3974	[[[2055.     1042.2001  925.48  ]
  [ 946.2    1141.8     852.88  ]]]
3975	[[[2049.      1041.       927.92004]]]
3976	[[[2050.2002 1039.8     938.36  ]]]
3977	[[[2052.6  1041.    695.16]]]
3978	[[[2051.4001 1042.2001  928.48  ]]]
3979	[[[2050.2002 1042.2001  928.24  ]]]
3980	[[[2050.2002  1041.       938.56006]]]
3981	[[[2049.     1044.6001  925.68  ]]]
3982	[[[2052.6    1042.2001  928.96  ]]]
3983	[[[2050.2002 1041.      921.8   ]]]
3984	[[[2052.6  1041.    696.04]]]
3985	[[[2050.2002  1041.       921.72003]]]
3986	[[[2050.2002 1041.      938.2   ]]]
3987	[[[2050.2002  1042.2001   922.04004]]]
3988	[[[2051.4001 1041.      696.04  ]]]
3989	[[[2052.6  1041.    696.32]]]
3990	[[[2051.4001 1043.4     928.36  ]]]
3991	[[[2051.4001 1042.2001  696.28  ]]]
3992	[[[2049.     1042.2001  698.64  ]]]
3993	[[[2052.6  1039.8   698.04]]]
3994	[[[2050.2002 1043.4     921.96  ]]]
3995	[[[2050.2002  1042.2001   922.16003]]]
3996	[[[2052.6    1042.2001  696.04  ]]]
3997	[[[2050.2002  1043.4      922.04004]]]
3998	[[[2052.6  1045.8   698.96]]]
3999	[[[2049.   1045.8   925.32]]]
4000	[[[2052.6  1039.8   698.28]]]
4001	[[[2051.4001 1043.4     701.48  ]]]
4002	[[[2050.2002 1044.6001  928.    ]]]
4003	[[[2052.6  1043.4   701.36]]]
4004	[[[2050.2002 1043.4     928.48  ]]]
4005	[[[2055.      1047.       926.16003]]]
4006	[[[2052.6     1045.8      928.80005]]]
4007	[[[2051.4001 1044.6001  922.44  ]]]
4008	[[[2052.6  1045.8   929.44]]]
4009	[[[2052.6  1045.8   928.68]]]
4010	[[[2050.2002  1045.8      928.04004]]]
4011	[[[2051.4001 1045.8     928.48  ]]]
4012	[[[2053.8    1044.6001  696.32  ]]]
4013	[[[2052.6    1044.6001  701.64  ]]]
4014	[[[2052.6     1045.8      928.56006]]]
4015	[[[2052.6  1045.8   929.36]]]
4016	[[[2052.6    1044.6001  701.36  ]]]
4017	[[[2052.6    1044.6001  701.32  ]]]
4018	[[[2050.2002  1048.2001   925.83997]]]
4019	[[[2053.8  1045.8   929.68]]]
4020	[[[2051.4001  1045.8      929.04004]]]
4021	[[[2051.4001  1045.8      922.72003]]]
4022	[[[2051.4001  1045.8      928.56006]]]
4023	[[[2050.2002 1044.6001  699.36  ]]]
4024	[[[2051.4001  1045.8      922.72003]]]
4025	[[[2052.6  1047.    929.32]]]
4026	[[[2052.6  1045.8   701.68]]]
4027	[[[2051.4001  1049.4      926.80005]]]
4028	[[[2053.8    1044.6001  696.96  ]]]
4029	[[[2053.8    1044.6001  697.16  ]]]
4030	[[[2053.8    1048.2001  699.56  ]]]
4031	[[[2053.8 1047.   929.4]]]
4032	[[[2055.     1048.2001  699.76  ]]]
4033	[[[2051.4001 1044.6001  699.76  ]]]
4034	[[[2056.2002 1048.2001  926.44  ]]]
4035	[[[2055.   1045.8   701.36]]]
4036	[[[2052.6  1047.    923.12]]]
4037	[[[2052.6     1048.2001   930.16003]]]
4038	[[[2053.8     1048.2001   929.72003]]]
4039	[[[2053.8  1043.4   926.08]]]
4040	[[[2051.4001  1050.6001   927.04004]]]
4041	[[[2053.8  1047.    702.08]]]
4042	[[[2053.8    1048.2001  929.84  ]]]
4043	[[[2052.6  1047.    929.48]]]
4044	[[[2051.4001 1045.8     699.2   ]]]
4045	[[[2053.8 1045.8  702.2]]]
4046	[[[2053.8    1048.2001  929.48  ]]]
4047	[[[2053.8    1048.2001  929.8   ]]]
4048	[[[2052.6  1049.4   931.24]]]
4049	[[[2056.2002 1048.2001  699.52  ]]]
4050	[[[2053.8    1048.2001  930.32  ]]]
4051	[[[2056.2002 1043.4     699.52  ]]]
4052	[[[2056.2002 1045.8     702.    ]]]
4053	[[[2055.   1045.8   697.76]]]
4054	[[[2053.8 1047.   929.4]]]
4055	[[[2057.4001 1049.4     927.4   ]]]
4056	[[[2055.   1047.    697.44]]]
4057	[[[2053.8  1047.    923.56]]]
4058	[[[2055.      1048.2001   929.72003]]]
4059	[[[2053.8  1047.    923.68]]]
4060	[[[2055.   1047.    702.04]]]
4061	[[[2053.8 1047.   924. ]]]
4062	[[[2055.      1048.2001   930.72003]]]
4063	[[[2058.6    1048.2001  928.08  ]]]
4064	[[[2056.2002 1045.8     697.48  ]]]
4065	[[[2056.2002 1045.8     697.68  ]]]
4066	[[[2053.8  1047.    929.88]]]
4067	[[[2057.4001 1050.6001  928.24  ]]]
4068	[[[2053.8    1048.2001  929.96  ]]]
4069	[[[2055.   1045.8   697.64]]]
4070	[[[2056.2002 1045.8     702.36  ]]]
4071	[[[2053.8 1047.   923.8]]]
4072	[[[2051.4001 1047.      927.    ]]]
4073	[[[2056.2002  1045.8      697.64   ]
  [ 973.80005 1243.8      841.52   ]]]
4074	[[[2056.2002 1048.2001  931.44  ]]]
4075	[[[2056.2002 1048.2001  931.28  ]]]
4076	[[[2056.2002 1048.2001  930.64  ]]]
4077	[[[2052.6 1045.8  700.4]]]
4078	[[[2056.2002 1048.2001  930.96  ]]]
4079	[[[2056.2002 1044.6001  927.32  ]]]
4080	[[[2056.2002 1048.2001  931.2   ]]]
4081	[[[2056.2002 1045.8     702.32  ]]]
4082	[[[2056.2002 1044.6001  927.32  ]]]
4083	[[[2055.     1048.2001  930.4   ]]]
4084	[[[2057.4001 1047.      702.68  ]]]
4085	[[[2057.4001 1047.      702.64  ]]]
4086	[[[2056.2002 1048.2001  930.8   ]]]
4087	[[[2057.4001 1043.4     700.    ]]]
4088	[[[2057.4001 1047.      702.32  ]]]
4089	[[[2056.2002 1047.      702.6   ]]]
4090	[[[2056.2002 1047.      698.4   ]]]
4091	[[[2057.4001 1047.      698.44  ]]]
4092	[[[2056.2002  1048.2001   930.72003]]]
4093	[[[2057.4001 1047.      703.    ]]]
4094	[[[2058.6    1044.6001  700.12  ]]]
4095	[[[2057.4001 1047.      702.88  ]]]
4096	[[[2056.2002 1047.      703.2   ]]]
4097	[[[2057.4001 1048.2001  698.44  ]]]
4098	[[[2057.4001  1049.4      931.72003]]]
4099	[[[2057.4001 1047.      698.2   ]]]
4100	[[[2056.2002 1048.2001  924.68  ]]]
4101	[[[2058.6    1048.2001  702.96  ]]]
4102	[[[2056.2002 1049.4     931.36  ]]]
4103	[[[2056.2002 1048.2001  930.96  ]]]
4104	[[[2057.4001 1049.4     931.96  ]]]
4105	[[[2059.8     1053.       935.80005]]]
4106	[[[2056.2002 1048.2001  930.96  ]]]
4107	[[[2056.2002 1048.2001  930.88  ]]]
4108	[[[2056.2002  1048.2001   924.92004]]]
4109	[[[2058.6    1050.6001  701.2   ]]]
4110	[[[2057.4001 1049.4     931.2   ]]]
4111	[[[2058.6    1048.2001  698.56  ]]]
4112	[[[2058.6    1048.2001  703.04  ]]]
4113	[[[2053.8 1049.4  928. ]]]
4114	[[[2058.6  1049.4   932.36]]]
4115	[[[2056.2002 1049.4     931.52  ]]]
4116	[[[2059.8    1050.6001  701.04  ]]]
4117	[[[2058.6    1048.2001  703.36  ]]]
4118	[[[2059.8    1050.6001  701.44  ]]]
4119	[[[2053.8    1050.6001  929.52  ]]]
4120	[[[2057.4001 1049.4     931.52  ]]]
4121	[[[2057.4001  1048.2001   942.16003]]]
4122	[[[2057.4001 1053.      928.64  ]]]
4123	[[[2058.6  1049.4   932.28]]]
4124	[[[2057.4001  1048.2001   925.56006]]]
4125	[[[2062.2002 1050.6001  929.32  ]]]
4126	[[[2058.6 1049.4  931.6]]]
4127	[[[2059.8    1048.2001  703.44  ]]]
4128	[[[2059.8  1049.4   931.96]]]
4129	[[[2058.6  1049.4   931.52]]]
4130	[[[2062.2002 1049.4     929.28  ]
  [ 940.2    1243.8     666.6   ]]]
4131	[[[2058.6  1047.    699.04]]]
4132	[[[2058.6  1049.4   932.28]]]
4133	[[[2059.8    1048.2001  703.8   ]]]
4134	[[[2059.8    1048.2001  703.88  ]]]
4135	[[[2059.8  1045.8   929.24]]]
4136	[[[2058.6     1051.8      928.56006]]]
4137	[[[2059.8  1049.4   932.28]]]
4138	[[[2059.8  1047.    703.72]]]
4139	[[[2059.8    1048.2001  699.2   ]]]
4140	[[[2058.6  1049.4   931.76]]]
4141	[[[2058.6  1049.4   931.96]]]
4142	[[[2059.8    1048.2001  704.    ]]]
4143	[[[2059.8 1047.   699.2]]]
4144	[[[2059.8    1048.2001  699.12  ]]]
4145	[[[2059.8  1047.    699.16]]]
4146	[[[2058.6    1048.2001  926.48  ]]]
4147	[[[2057.4001 1048.2001  932.76  ]]]
4148	[[[2058.6     1051.8      930.04004]]]
4149	[[[2059.8    1044.6001  702.    ]]]
4150	[[[2062.2002 1050.6001  930.2   ]]]
4151	[[[2057.4001 1048.2001  932.44  ]]]
4152	[[[2058.6     1048.2001   926.56006]]]
4153	[[[2059.8  1049.4   932.52]]]
4154	[[[2058.6    1048.2001  926.08  ]]]
4155	[[[2059.8  1049.4   932.52]]]
4156	[[[2059.8  1049.4   932.32]]]
4157	[[[2055.     1048.2001  929.36  ]]]
4158	[[[2061.     1044.6001  701.92  ]]]
4159	[[[2058.6    1050.6001  934.32  ]]]
4160	[[[2058.6     1048.2001   926.56006]]]
4161	[[[2059.8     1049.4      932.83997]]]
4162	[[[2063.4001 1049.4     930.44  ]]]
4163	[[[2059.8  1047.    704.36]]]
4164	[[[2058.6  1047.    932.64]]]
4165	[[[2061. 1047.  700.]]]
4166	[[[2059.8    1048.2001  932.44  ]]]
4167	[[[2061.     1048.2001  933.28  ]]]
4168	[[[2061.     1048.2001  933.28  ]]]
4169	[[[2059.8    1048.2001  932.28  ]]]
4170	[[[2058.6    1048.2001  932.44  ]]]
4171	[[[2058.6     1047.       933.04004]]]
4172	[[[2059.8  1047.    700.04]]]
4173	[[[2058.6     1048.2001   932.92004]]]
4174	[[[2061.     1048.2001  933.6   ]]]
4175	[[[2061.   1047.    699.96]]]
4176	[[[2058.6     1047.       932.92004]]]
4177	[[[2061.      1048.2001   933.16003]]]
4178	[[[2063.4001 1049.4     930.44  ]]]
4179	[[[2061.   1049.4   702.36]]]
4180	[[[2061.      1048.2001   932.83997]]]
4181	[[[2058.6     1047.       933.16003]]]
4182	[[[2056.2002 1048.2001  929.68  ]]]
4183	[[[2059.8  1047.    926.48]]]
4184	[[[2058.6    1044.6001  703.16  ]]]
4185	[[[2067.      1051.8      935.16003]]]
4186	[[[2061.     1048.2001  933.08  ]]]
4187	[[[2059.8    1048.2001  933.08  ]]]
4188	[[[2061. 1047.  700.]]]
4189	[[[2061.   1047.    704.72]]]
4190	[[[2059.8     1045.8      926.80005]]]
4191	[[[2064.6    1048.2001  931.12  ]]]
4192	[[[2061.  1045.8  699.8]]]
4193	[[[2056.2002  1047.       929.80005]]]
4194	[[[2061.   1045.8   699.92]]]
4195	[[[2061.   1045.8   699.96]]]
4196	[[[2061.   1047.    933.08]]]
4197	[[[2061.     1048.2001  702.76  ]]]
4198	[[[2062.2002 1048.2001  702.72  ]]]
4199	[[[2059.8     1042.2001   929.80005]]]
4200	[[[2059.8     1045.8      926.72003]]]
4201	[[[2059.8  1045.8   932.96]]]
4202	[[[2059.8     1045.8      932.83997]]]
4203	[[[2059.8 1045.8  927. ]]]
4204	[[[2058.6     1045.8      933.16003]]]
4205	[[[2059.8    1044.6001  700.16  ]]]
4206	[[[2062.2002 1047.      702.8   ]]]
4207	[[[2061.   1043.4   704.48]]]
4208	[[[2061.     1044.6001  704.64  ]]]
4209	[[[2061.     1044.6001  704.72  ]]]
4210	[[[2061.     1044.6001  704.84  ]]]
4211	[[[2056.2002 1043.4     930.88  ]]]
4212	[[[2061.      1045.8      932.92004]]]
4213	[[[2061.     1044.6001  704.84  ]]]
4214	[[[2059.8 1045.8  932.6]]]
4215	[[[2059.8  1045.8   927.24]]]
4216	[[[2062.2002 1047.      702.6   ]]]
4217	[[[2061.   1043.4   700.64]]]
4218	[[[2061.     1042.2001  929.96  ]]]
4219	[[[2059.8     1045.8      932.83997]]]
4220	[[[2061.   1047.    702.76]]]
4221	[[[2061.     1044.6001  704.8   ]]]
4222	[[[2059.8  1045.8   932.52]]]
4223	[[[2061.     1044.6001  705.16  ]]]
4224	[[[2059.8     1045.8      932.83997]]]
4225	[[[2059.8     1045.8      932.92004]]]
4226	[[[2061.      1045.8      934.16003]]]
4227	[[[2062.2002 1044.6001  699.96  ]]]
4228	[[[2061.     1044.6001  700.48  ]]]
4229	[[[2061.     1044.6001  704.88  ]]]
4230	[[[2059.8    1044.6001  927.12  ]]]
4231	[[[2059.8    1044.6001  927.32  ]]]
4232	[[[2059.8    1044.6001  932.96  ]]]
4233	[[[2061.      1045.8      934.16003]]]
4234	[[[2062.2002 1043.4     704.6   ]]]
4235	[[[2059.8    1044.6001  927.24  ]]]
4236	[[[2059.8  1043.4   927.24]]]
4237	[[[2061.     1044.6001  933.2   ]]]
4238	[[[2064.6    1044.6001  930.96  ]]]
4239	[[[2062.2002 1043.4     699.92  ]]]
4240	[[[2062.2002 1043.4     704.52  ]]]
4241	[[[2061.     1044.6001  932.96  ]]]
4242	[[[2061.   1043.4   704.88]]]
4243	[[[2058.6  1047.    930.88]]]
4244	[[[2059.8     1043.4      926.92004]]]
4245	[[[2062.2002 1043.4     704.36  ]]]
4246	[[[2062.2002 1045.8     702.64  ]]]
4247	[[[2061.  1043.4  705. ]]]
4248	[[[2061.     1044.6001  934.24  ]]]
4249	[[[2061.     1042.2001  704.96  ]]]
4250	[[[2059.8    1042.2001  932.68  ]]]
4251	[[[2062.2002 1044.6001  702.36  ]]]
4252	[[[2059.8    1042.2001  926.84  ]]]
4253	[[[2061.     1042.2001  704.96  ]]]
4254	[[[2062.2002 1042.2001  704.48  ]]]
4255	[[[2061.     1042.2001  705.08  ]]]
4256	[[[2062.2002 1042.2001  704.56  ]]]
4257	[[[2059.8    1042.2001  926.84  ]]]
4258	[[[2059.8 1045.8  930.8]]]
4259	[[[2061.   1041.    700.04]]]
4260	[[[2061.     1042.2001  933.6   ]]]
4261	[[[2061.     1042.2001  933.68  ]]]
4262	[[[2059.8     1041.       926.92004]]]
4263	[[[2059.8    1042.2001  933.12  ]]]
4264	[[[2058.6  1041.    932.68]]]
4265	[[[2059.8  1039.8   699.76]]]
4266	[[[2061.   1039.8   699.92]]]
4267	[[[2059.8 1039.8  932.6]]]
4268	[[[2058.6  1039.8   932.96]]]
4269	[[[2059.8    1038.6001  700.4   ]]]
4270	[[[2058.6    1038.6001  933.2   ]]]
4271	[[[2061.   1041.    702.24]]]
4272	[[[2059.8    1042.2001  929.52  ]]]
4273	[[[2059.8  1039.8   933.52]]]
4274	[[[2064.6     1039.8      937.04004]]]
4275	[[[2058.6  1037.4   927.12]]]
4276	[[[2057.4001 1041.      930.76  ]]]
4277	[[[2061.     1042.2001  931.44  ]]]
4278	[[[2061.     1038.6001  933.52  ]]]
4279	[[[2059.8    1038.6001  933.08  ]]]
4280	[[[2059.8    1036.2001  700.    ]]]
4281	[[[2064.6     1039.8      937.72003]]]
4282	[[[2058.6     1036.2001   932.83997]]]
4283	[[[2058.6  1039.8   930.68]]]
4284	[[[2061.   1037.4   933.64]]]
4285	[[[2061.     1038.6001  702.6   ]]]
4286	[[[2059.8  1035.    704.84]]]
4287	[[[2059.8 1035.   704.4]]]
4288	[[[2057.4001 1039.8     930.2   ]]]
4289	[[[2063.4001 1036.2001  930.96  ]]]
4290	[[[2061.   1035.    704.28]]]
4291	[[[2063.4001  1038.6001   937.80005]]]
4292	[[[2057.4001 1038.6001  930.76  ]]]
4293	[[[2059.8  1033.8   704.52]]]
4294	[[[2059.8  1035.    704.72]]]
4295	[[[2058.6  1035.    932.76]]]
4296	[[[2058.6  1033.8   943.48]]]
4297	[[[2059.8  1033.8   704.32]]]
4298	[[[2059.8  1035.    932.52]]]
4299	[[[2059.8  1033.8   699.76]]]
4300	[[[2058.6 1035.   932.6]]]
4301	[[[2058.6  1037.4   930.28]]]
4302	[[[2059.8    1032.6001  704.36  ]]]
4303	[[[2058.6    1030.2001  929.24  ]]]
4304	[[[2058.6  1033.8   932.52]]]
4305	[[[2061.   1035.    702.48]]]
4306	[[[2057.4001  1033.8      932.83997]]]
4307	[[[2057.4001 1033.8     932.52  ]]]
4308	[[[2059.8 1033.8  933.4]]]
4309	[[[2057.4001 1036.2001  930.36  ]]]
4310	[[[2058.6     1032.6001   926.80005]]]
4311	[[[2055.     1032.6001  929.44  ]]]
4312	[[[2063.4001 1032.6001  930.52  ]]]
4313	[[[2058.6     1032.6001   932.92004]]]
4314	[[[2059.8     1032.6001   932.83997]]]
4315	[[[2061.   1029.    701.96]]]
4316	[[[2057.4001 1035.      930.2   ]]]
4317	[[[2058.6     1031.4      932.83997]]]
4318	[[[2058.6  1035.    930.52]]]
4319	[[[2058.6     1030.2001   926.80005]]]
4320	[[[2058.6  1031.4   932.32]]]
4321	[[[2061.   1031.4   933.76]]]
4322	[[[2059.8  1031.4   933.08]]]
4323	[[[2059.8    1030.2001  699.8   ]]]
4324	[[[2061.     1032.6001  702.12  ]]]
4325	[[[2057.4001 1033.8     929.88  ]]]
4326	[[[2058.6    1030.2001  932.28  ]]]
4327	[[[2058.6    1030.2001  932.28  ]]]
4328	[[[2059.8    1030.2001  704.12  ]]]
4329	[[[2058.6  1031.4   931.96]]]
4330	[[[2059.8     1030.2001   704.2    ]
  [ 927.00006 1249.8      678.76   ]]]
4331	[[[2059.8    1030.2001  704.    ]]]
4332	[[[2057.4001 1030.2001  932.6   ]]]
4333	[[[2059.8    1030.2001  704.24  ]]]
4334	[[[2058.6 1031.4  932.2]]]
4335	[[[2058.6    1030.2001  699.6   ]]]
4336	[[[2058.6    1030.2001  926.32  ]]]
4337	[[[2059.8  1027.8   929.52]]]
4338	[[[2058.6     1031.4      932.92004]]]
4339	[[[2058.6  1029.    699.24]]]
4340	[[[2056.2002 1029.      701.44  ]]]
4341	[[[2058.6  1029.    942.76]]]
4342	[[[2058.6    1030.2001  932.08  ]]]
4343	[[[2058.6    1030.2001  926.48  ]]]
4344	[[[2059.8     1030.2001   932.44   ]
  [ 978.60004 1237.8      830.8    ]]]
4345	[[[2059.8    1030.2001  932.2   ]]]
4346	[[[2057.4001 1032.6001  930.12  ]]]
4347	[[[2059.8  1029.    704.08]]]
4348	[[[2058.6    1030.2001  932.28  ]]]
4349	[[[2058.6    1032.6001  929.12  ]]]
4350	[[[2059.8  1029.    704.28]]]
4351	[[[2058.6    1030.2001  932.    ]]]
4352	[[[2059.8 1031.4  701.6]]]
4353	[[[2059.8    1030.2001  932.6   ]]]
4354	[[[2059.8    1030.2001  932.52  ]]]
4355	[[[2058.6  1029.    926.24]]]
4356	[[[2059.8 1029.   704. ]]]
4357	[[[2059.8  1027.8   703.96]]]
4358	[[[2058.6  1029.    703.92]]]
4359	[[[2058.6  1029.    703.92]]]
4360	[[[2062.2002 1030.2001  929.44  ]]]
4361	[[[2058.6    1030.2001  933.    ]]]
4362	[[[2057.4001 1029.      932.08  ]]]
4363	[[[2057.4001  1027.8      925.80005]]]
4364	[[[2058.6     1029.       932.16003]]]
4365	[[[2057.4001 1027.8     925.48  ]]]
4366	[[[2058.6  1029.    931.76]]]
4367	[[[2058.6    1026.6001  703.48  ]]]
4368	[[[2056.2002 1027.8     932.52  ]]]
4369	[[[2058.6    1026.6001  703.52  ]]]
4370	[[[2057.4001 1026.6001  925.6   ]]]
4371	[[[2059.8  1029.    701.56]]]
4372	[[[2061.   1029.    929.32]]]
4373	[[[2057.4001 1026.6001  942.2   ]]]
4374	[[[2057.4001 1027.8     931.52  ]]]
4375	[[[2058.6 1027.8  932.6]]]
4376	[[[2058.6  1025.4   703.32]]]
4377	[[[2057.4001  1027.8      931.92004]]]
4378	[[[2058.6    1026.6001  703.72  ]]]
4379	[[[2058.6    1026.6001  703.88  ]]]
4380	[[[2057.4001  1026.6001   925.83997]]]
4381	[[[2057.4001 1027.8     932.2   ]]]
4382	[[[2056.2002 1030.2001  929.12  ]]]
4383	[[[2056.2002 1026.6001  931.52  ]]]
4384	[[[2058.6    1026.6001  703.28  ]]]
4385	[[[2057.4001 1025.4     703.92  ]]]
4386	[[[2056.2002 1026.6001  931.52  ]]]
4387	[[[2058.6    1026.6001  703.24  ]]]
4388	[[[2058.6  1025.4   698.88]]]
4389	[[[2056.2002 1025.4     931.44  ]]]
4390	[[[2057.4001 1027.8     932.44  ]]]
4391	[[[2058.6    1026.6001  703.28  ]]]
4392	[[[2058.6  1025.4   698.88]]]
4393	[[[2057.4001 1025.4     703.64  ]]]
4394	[[[2061.   1027.8   929.68]]]
4395	[[[2058.6    1026.6001  703.2   ]]]
4396	[[[2057.4001 1027.8     931.76  ]]]
4397	[[[2056.2002 1026.6001  931.36  ]]]
4398	[[[2056.2002  1025.4      931.16003]]]
4399	[[[2058.6  1025.4   698.84]]]
4400	[[[2057.4001 1027.8     931.68  ]]]
4401	[[[2057.4001 1025.4     699.08  ]]]
4402	[[[2056.2002 1026.6001  932.    ]]]
4403	[[[2056.2002 1026.6001  931.44  ]]]
4404	[[[2057.4001 1025.4     699.32  ]]]
4405	[[[2057.4001 1026.6001  931.    ]]]
4406	[[[2058.6    1024.2001  704.12  ]]]
4407	[[[2057.4001 1025.4     703.68  ]]]
4408	[[[2057.4001 1025.4     703.84  ]]]
4409	[[[2058.6  1025.4   703.24]]]
4410	[[[2055.   1025.4   700.88]]]
4411	[[[2057.4001 1026.6001  931.88  ]]]
4412	[[[2059.8     1029.       930.56006]]]
4413	[[[2057.4001 1026.6001  931.96  ]]]
4414	[[[2058.6    1026.6001  932.52  ]]]
4415	[[[2057.4001 1024.2001  703.56  ]]]
4416	[[[2057.4001 1026.6001  931.88  ]]]
4417	[[[2057.4001  1026.6001   931.83997]]]
4418	[[[2058.6    1026.6001  932.6   ]]]
4419	[[[2057.4001 1025.4     699.32  ]]]
4420	[[[2056.2002  1029.       929.04004]]]
4421	[[[2058.6  1025.4   703.64]]]
4422	[[[2058.6    1024.2001  703.24  ]]]
4423	[[[2058.6 1025.4  703.2]]]
4424	[[[2058.6  1027.8   701.12]]]
4425	[[[2061.   1027.8   929.24]]]
4426	[[[2057.4001 1029.      928.88  ]]]
4427	[[[2058.6    1024.2001  703.16  ]]]
4428	[[[2057.4001 1024.2001  925.36  ]]]
4429	[[[2059.8    1026.6001  701.2   ]]]
4430	[[[2057.4001 1024.2001  925.28  ]]]
4431	[[[2058.6 1025.4  703.6]]]
4432	[[[2058.6    1026.6001  931.88  ]]]
4433	[[[2058.6    1026.6001  932.36  ]]]
4434	[[[2057.4001 1025.4     930.96  ]]]
4435	[[[2058.6  1025.4   703.52]]]
4436	[[[2058.6  1025.4   699.24]]]
4437	[[[2056.2002 1027.8     929.4   ]]]
4438	[[[2057.4001 1025.4     931.44  ]]]
4439	[[[2058.6    1024.2001  703.32  ]]]
4440	[[[2058.6  1025.4   931.44]]]
4441	[[[2058.6    1024.2001  703.6   ]]]
4442	[[[2058.6    1024.2001  698.88  ]]]
4443	[[[2059.8    1024.2001  698.8   ]]]
4444	[[[2059.8    1026.6001  700.92  ]]]
4445	[[[2059.8    1024.2001  703.24  ]]]
4446	[[[2061.  1025.4  701.4]]]
4447	[[[2059.8     1023.00006  698.8    ]]]
4448	[[[2057.4001 1024.2001  931.6   ]]]
4449	[[[2059.8     1023.00006  698.76   ]
  [ 979.80005 1213.8      845.4    ]]]
4450	[[[2062.2002 1025.4     929.12  ]]]
4451	[[[2057.4001  1021.80005  701.48   ]]]
4452	[[[2059.8    1024.2001  932.08  ]]]
4453	[[[2057.4001 1024.2001  931.52  ]]]
4454	[[[2058.6     1023.00006  925.6    ]]]
4455	[[[2058.6    1024.2001  925.6   ]]]
4456	[[[2059.8    1024.2001  932.32  ]]]
4457	[[[2059.8    1024.2001  932.    ]]]
4458	[[[2062.2002 1025.4     929.48  ]]]
4459	[[[2057.4001  1026.6001   928.80005]]]
4460	[[[2058.6    1024.2001  932.2   ]]]
4461	[[[2059.8    1024.2001  932.28  ]]]
4462	[[[2058.6    1024.2001  931.2   ]]]
4463	[[[2061.      1023.00006  703.24   ]]]
4464	[[[2059.8    1024.2001  932.2   ]]]
4465	[[[2059.8 1025.4  700.8]]]
4466	[[[2058.6    1026.6001  928.88  ]]]
4467	[[[2061.   1019.4   700.56]]]
4468	[[[2058.6     1023.00006  925.24   ]]]
4469	[[[2059.8     1023.00006  703.96   ]]]
4470	[[[2058.6    1024.2001  931.76  ]]]
4471	[[[2059.8     1024.2001   931.83997]]]
4472	[[[2059.8     1023.00006  704.12   ]]]
4473	[[[2061.      1023.00006  703.36   ]]]
4474	[[[2061.      1023.00006  703.68   ]]]
4475	[[[2059.8    1024.2001  931.28  ]]]
4476	[[[2058.6    1024.2001  931.96  ]]]
4477	[[[2061.      1023.00006  703.72   ]]]
4478	[[[2059.8  1025.4   932.28]]]
4479	[[[2061.     1024.2001  698.8   ]]]
4480	[[[2061.     1024.2001  698.8   ]]]
4481	[[[2059.8  1025.4   932.28]]]
4482	[[[2059.8  1025.4   932.28]]]
4483	[[[2059.8 1025.4  931.4]]]
4484	[[[2067.  1029.   933.6]]]
4485	[[[2059.8 1025.4  931.2]]]
4486	[[[2059.8     1021.80005  928.32   ]]]
4487	[[[2058.6    1024.2001  931.64  ]]]
4488	[[[2059.8    1026.6001  932.28  ]]]
4489	[[[2061.     1026.6001  932.6   ]]]
4490	[[[2061.   1025.4   698.56]]]
4491	[[[2061.     1026.6001  932.6   ]]]
4492	[[[2061.   1025.4   703.84]]]
4493	[[[2061.   1025.4   698.84]]]
4494	[[[2063.4001 1027.8     929.2   ]]]
4495	[[[2059.8     1026.6001   932.04004]]]
4496	[[[2059.8  1025.4   698.96]]]
4497	[[[2063.4001 1027.8     929.    ]]]
4498	[[[2058.6  1025.4   931.28]]]
4499	[[[2063.4001 1027.8     929.2   ]]]
4500	[[[2058.6    1026.6001  931.52  ]]]
4501	[[[2059.8    1026.6001  931.96  ]]]
4502	[[[2058.6  1025.4   931.52]]]
4503	[[[2058.6 1025.4  925.6]]]
4504	[[[2058.6  1027.8   932.52]]]
4505	[[[2058.6  1027.8   933.08]]]
4506	[[[2058.6     1025.4      942.16003]]]
4507	[[[2059.8    1026.6001  932.44  ]]]
4508	[[[2061.   1025.4   698.76]]]
4509	[[[2059.8    1026.6001  931.28  ]]]
4510	[[[2061.   1025.4   698.76]]]
4511	[[[2059.8  1025.4   925.68]]]
4512	[[[2067.     1030.2001  933.76  ]]]
4513	[[[2059.8 1025.4  931.2]]]
4514	[[[2059.8    1026.6001  931.2   ]]]
4515	[[[2061.   1025.4   703.44]]]
4516	[[[2058.6  1025.4   931.52]]]
4517	[[[2062.2002  1021.80005  701.12   ]]]
4518	[[[2061.     1024.2001  699.24  ]]]
4519	[[[2061.   1025.4   703.44]]]
4520	[[[2056.2002 1024.2001  929.12  ]]]
4521	[[[2061.     1024.2001  699.44  ]]]
4522	[[[2059.8    1026.6001  931.44  ]]]
4523	[[[2061.   1025.4   703.56]]]
4524	[[[2063.4001 1027.8     929.36  ]]]
4525	[[[2061.   1025.4   703.48]]]
4526	[[[2059.8  1025.4   925.24]]]
4527	[[[2061.     1024.2001  699.08  ]]]
4528	[[[2061.     1024.2001  699.04  ]]]
4529	[[[2059.8    1026.6001  932.2   ]]]
4530	[[[2059.8    1026.6001  932.32  ]]]
4531	[[[2061.   1025.4   703.08]]]
4532	[[[2061.   1025.4   698.56]]]
4533	[[[2056.2002 1024.2001  928.88  ]]]
4534	[[[2061.     1024.2001  703.76  ]]]
4535	[[[2058.6     1029.       928.56006]]]
4536	[[[2061.   1025.4   698.56]]]
4537	[[[2059.8  1025.4   698.96]]]
4538	[[[2058.6 1029.   928.4]]]
4539	[[[2061.  1025.4  698.8]]]
4540	[[[2058.6  1025.4   925.24]]]
4541	[[[2062.2002 1029.      929.64  ]]]
4542	[[[2057.4001 1025.4     701.36  ]]]
4543	[[[2058.6  1027.8   932.28]]]
4544	[[[2059.8  1025.4   703.16]]]
4545	[[[2058.6  1027.8   931.96]]]
4546	[[[2059.8 1027.8  931.6]]]
4547	[[[2058.6    1026.6001  941.76  ]]]
4548	[[[2059.8    1026.6001  698.56  ]]]
4549	[[[2061.     1026.6001  698.8   ]]]
4550	[[[2058.6 1027.8  931.2]]]
4551	[[[2061.  1027.8  702.8]]]
4552	[[[2059.8  1025.4   933.08]]]
4553	[[[2061.   1027.8   702.88]]]
4554	[[[2062.2002 1030.2001  929.24  ]]]
4555	[[[2059.8  1027.8   703.32]]]
4556	[[[2059.8  1029.    930.96]]]
4557	[[[2061.     1030.2001  701.    ]]]
4558	[[[2058.6  1027.8   941.76]]]
4559	[[[2058.6  1027.8   925.28]]]
4560	[[[2059.8    1030.2001  931.68  ]]]
4561	[[[2057.4001 1032.6001  928.88  ]]]
4562	[[[2057.4001 1029.      931.88  ]]]
4563	[[[2059.8  1027.8   699.04]]]
4564	[[[2059.8  1027.8   703.12]]]
4565	[[[2058.6    1030.2001  931.44  ]]]
4566	[[[2057.4001 1029.      930.76  ]]]
4567	[[[2058.6 1029.   925.6]]]
4568	[[[2055.      1030.2001   928.16003]]]
4569	[[[2058.6  1029.    699.08]]]
4570	[[[2059.8    1030.2001  932.    ]]]
4571	[[[2058.6    1030.2001  932.    ]]]
4572	[[[2055.      1029.       927.92004]]]
4573	[[[2058.6    1030.2001  925.4   ]]]
4574	[[[2059.8    1030.2001  931.44  ]]]
4575	[[[2058.6  1031.4   932.08]]]
4576	[[[2059.8 1029.   698.6]]]
4577	[[[2057.4001 1033.8     929.12  ]]]
4578	[[[2058.6    1030.2001  925.08  ]]]
4579	[[[2059.8  1031.4   931.76]
  [ 983.4  1213.8   857.84]]]
4580	[[[2057.4001 1029.      701.36  ]]]
4581	[[[2059.8    1030.2001  703.24  ]]]
4582	[[[2058.6  1027.8   928.12]]]
4583	[[[2058.6 1031.4  942. ]]]
4584	[[[2058.6    1032.6001  931.2   ]]]
4585	[[[2061.   1033.8   701.04]]]
4586	[[[2059.8  1031.4   698.92]]]
4587	[[[2059.8  1033.8   931.44]]]
4588	[[[2055.     1032.6001  928.24  ]]]
4589	[[[2059.8  1033.8   932.08]]]
4590	[[[2058.6    1032.6001  925.08  ]]]
4591	[[[2061.   1035.    701.36]]]
4592	[[[2058.6 1033.8  925.6]]]
4593	[[[2059.8 1033.8  703.2]]]
4594	[[[2058.6  1035.    932.08]]]
4595	[[[2058.6  1033.8   699.04]]]
4596	[[[2058.6  1035.    931.52]]]
4597	[[[2058.6  1035.    925.48]]]
4598	[[[2058.6  1031.4   928.24]]]
4599	[[[2059.8  1031.4   700.96]]]
4600	[[[2058.6  1033.8   703.68]]]
4601	[[[2057.4001 1035.      931.44  ]]]
4602	[[[2059.8     1037.4      701.36   ]
  [ 972.60004 1225.8      673.04   ]]]
4603	[[[2059.8    1032.6001  701.24  ]]]
4604	[[[2057.4001 1038.6001  928.12  ]]]
4605	[[[2058.6  1035.    698.88]]]
4606	[[[2057.4001 1036.2001  930.76  ]]]
4607	[[[2059.8  1037.4   932.44]]]
4608	[[[2061.     1036.2001  703.28  ]]]
4609	[[[2059.8    1036.2001  703.2   ]]]
4610	[[[2059.8    1036.2001  698.8   ]]]
4611	[[[2061.     1036.2001  698.52  ]]]
4612	[[[2059.8    1036.2001  703.36  ]]]
4613	[[[2059.8     1038.6001   931.83997]]]
4614	[[[2061.  1037.4  703. ]]]
4615	[[[2059.8    1038.6001  932.2   ]]]
4616	[[[2061.   1033.8   700.84]]]
4617	[[[2058.6    1038.6001  930.88  ]]]
4618	[[[2058.6  1039.8   932.52]]]
4619	[[[2061.     1038.6001  931.52  ]]]
4620	[[[2059.8  1037.4   698.76]]]
4621	[[[2061.   1037.4   703.32]]]
4622	[[[2059.8 1037.4  703.8]]]
4623	[[[2059.8     1039.8      931.80005]]]
4624	[[[2059.8  1039.8   931.44]]]
4625	[[[2058.6    1038.6001  931.36  ]]]
4626	[[[2058.6     1042.2001   928.72003]]]
4627	[[[2058.6    1038.6001  925.6   ]]]
4628	[[[2059.8  1039.8   930.96]]]
4629	[[[2061.     1038.6001  699.08  ]]]
4630	[[[2059.8  1041.    931.68]]]
4631	[[[2063.4001 1041.      929.12  ]]]
4632	[[[2061.   1039.8   703.28]]]
4633	[[[2056.2002 1042.2001  929.64  ]]]
4634	[[[2059.8    1038.6001  698.6   ]]]
4635	[[[2058.6     1043.4      928.80005]]]
4636	[[[2057.4001  1043.4      929.04004]]]
4637	[[[2059.8  1039.8   704.04]]]
4638	[[[2059.8 1041.   932.2]]]
4639	[[[2061.   1041.    931.88]]]
4640	[[[2059.8 1041.   931.2]]]
4641	[[[2058.6    1044.6001  928.88  ]]]
4642	[[[2062.2002 1043.4     929.64  ]]]
4643	[[[2059.8  1039.8   703.88]]]
4644	[[[2062.2002 1037.4     701.32  ]]]
4645	[[[2061.   1039.8   703.24]]]
4646	[[[2058.6     1043.4      928.56006]]]
4647	[[[2059.8  1039.8   941.76]]]
4648	[[[2059.8  1041.    931.28]]]
4649	[[[2061.     1042.2001  931.6   ]]]
4650	[[[2058.6     1044.6001   929.04004]]]
4651	[[[2059.8     1041.       942.16003]]]
4652	[[[2061.   1041.    703.92]]]
4653	[[[2056.2002 1041.      928.2   ]]]
4654	[[[2061.   1039.8   703.52]]]
4655	[[[2059.8  1041.    942.08]]]
4656	[[[2059.8    1042.2001  931.44  ]]]
4657	[[[2059.8     1043.4      932.83997]]]
4658	[[[2059.8    1042.2001  931.76  ]]]
4659	[[[2059.8     1042.2001   931.83997]]]
4660	[[[2059.8    1042.2001  926.    ]]]
4661	[[[2059.8    1044.6001  933.28  ]]]
4662	[[[2059.8    1042.2001  925.36  ]]]
4663	[[[2059.8  1043.4   931.96]]]
4664	[[[2059.8    1042.2001  942.4   ]]]
4665	[[[2061.   1043.4   932.08]]]
4666	[[[2061.     1042.2001  703.72  ]]]
4667	[[[2059.8     1042.2001   925.92004]]]
4668	[[[2062.2002 1042.2001  699.08  ]]]
4669	[[[2058.6  1045.8   928.88]]]
4670	[[[2062.2002 1042.2001  699.08  ]]]
4671	[[[2059.8    1044.6001  932.52  ]]]
4672	[[[2061.   1043.4   699.56]]]
4673	[[[2061.     1044.6001  932.52  ]]]
4674	[[[2061.     1044.6001  932.2   ]]]
4675	[[[2059.8     1044.6001   931.83997]]]
4676	[[[2062.2002 1044.6001  932.52  ]]]
4677	[[[2061.      1043.4      925.92004]]]
4678	[[[2062.2002 1042.2001  699.4   ]]]
4679	[[[2061.   1043.4   931.52]]]
4680	[[[2062.2002 1043.4     703.96  ]]]
4681	[[[2061.  1043.4  926. ]]]
4682	[[[2059.8    1042.2001  701.92  ]]]
4683	[[[2062.2002 1045.8     701.52  ]]]
4684	[[[2063.4001 1041.      700.96  ]]]
4685	[[[2059.8    1042.2001  702.    ]]]
4686	[[[2062.2002 1044.6001  932.28  ]]]
4687	[[[2062.2002 1044.6001  932.52  ]]]
4688	[[[2062.2002  1044.6001   931.83997]]]
4689	[[[2063.4001 1043.4     699.36  ]]]
4690	[[[2062.2002  1044.6001   932.16003]]]
4691	[[[2059.8  1047.    928.88]]]
4692	[[[2061.      1041.       928.56006]]]
4693	[[[2062.2002 1041.      701.4   ]]]
4694	[[[2062.2002 1045.8     932.52  ]]]
4695	[[[2057.4001 1042.2001  929.32  ]]]
4696	[[[2059.8  1043.4   701.88]]]
4697	[[[2059.8    1048.2001  929.2   ]]]
4698	[[[2061.     1044.6001  925.6   ]]]
4699	[[[2062.2002 1043.4     703.92  ]]]
4700	[[[2061.   1045.8   931.96]]]
4701	[[[2062.2002 1044.6001  699.2   ]]]
4702	[[[2061.     1044.6001  926.24  ]]]
4703	[[[2062.2002 1043.4     703.88  ]]]
4704	[[[2065.8  1045.8   929.96]]]
4705	[[[2062.2002 1045.8     931.96  ]]]
4706	[[[2061.      1044.6001   925.56006]]]
4707	[[[2059.8    1048.2001  929.64  ]]]
4708	[[[2062.2002 1043.4     704.    ]]]
4709	[[[2062.2002 1043.4     703.32  ]]]
4710	[[[2062.2002 1047.      932.76  ]]]
4711	[[[2063.4001 1044.6001  699.2   ]]]
4712	[[[2061.     1044.6001  942.48  ]]]
4713	[[[2061.      1048.2001   929.72003]]]
4714	[[[2062.2002 1044.6001  703.76  ]]]
4715	[[[2062.2002 1047.      700.96  ]]]
4716	[[[2061.      1044.6001   931.83997]]]
4717	[[[2062.2002  1045.8      931.92004]]]
4718	[[[2061.     1044.6001  925.68  ]]]
4719	[[[2059.8  1043.4   702.12]]]
4720	[[[2062.2002 1045.8     932.6   ]]]
4721	[[[2062.2002 1045.8     931.6   ]]]
4722	[[[2062.2002 1044.6001  699.4   ]]]
4723	[[[2061.   1049.4   929.64]]]
4724	[[[2061.  1049.4  929.2]]]
4725	[[[2065.8  1047.    929.64]]]
4726	[[[2063.4001 1045.8     932.52  ]]]
4727	[[[2063.4001 1045.8     932.52  ]]]
4728	[[[2062.2002  1044.6001   925.92004]]]
4729	[[[2062.2002  1045.8      931.83997]]]
4730	[[[2062.2002 1045.8     932.52  ]]]
4731	[[[2062.2002 1045.8     932.52  ]]]
4732	[[[2063.4001  1045.8      932.83997]]]
4733	[[[2063.4001 1042.2001  701.72  ]]]
4734	[[[2063.4001 1044.6001  703.72  ]]]
4735	[[[2061.  1045.8  932.6]]]
4736	[[[2062.2002 1044.6001  925.68  ]]]
4737	[[[2062.2002 1047.      701.56  ]]]
4738	[[[2061.  1043.4  702.2]]]
4739	[[[2062.2002 1045.8     926.24  ]]]
4740	[[[2063.4001 1048.2001  701.44  ]]]
4741	[[[2063.4001 1045.8     699.52  ]]]
4742	[[[2065.8    1048.2001  929.96  ]]]
4743	[[[2063.4001 1045.8     704.48  ]]]
4744	[[[2062.2002 1045.8     926.    ]]]
4745	[[[2061.   1049.4   929.64]]]
4746	[[[2063.4001 1045.8     703.92  ]]]
4747	[[[2063.4001 1045.8     703.92  ]]]
4748	[[[2064.6  1045.8   699.24]]]
4749	[[[2062.2002 1045.8     931.96  ]]]
4750	[[[2064.6  1045.8   703.36]]]
4751	[[[2064.6    1048.2001  702.08  ]]]
4752	[[[2062.2002 1045.8     926.24  ]]]
4753	[[[2063.4001 1048.2001  701.04  ]]]
4754	[[[2063.4001 1047.      932.52  ]]]
4755	[[[2064.6    1044.6001  704.2   ]]]
4756	[[[2064.6  1043.4   928.88]]]
4757	[[[2063.4001 1047.      932.52  ]]]
4758	[[[2067.   1047.    929.88]]]
4759	[[[2062.2002  1045.8      925.92004]]]
4760	[[[2063.4001 1045.8     704.08  ]]]
4761	[[[2063.4001 1047.      932.6   ]]]
4762	[[[2062.2002 1045.8     931.96  ]]]
4763	[[[2062.2002 1047.      932.28  ]]]
4764	[[[2062.2002 1049.4     929.2   ]]]
4765	[[[2063.4001 1047.      932.28  ]]]
4766	[[[2062.2002 1050.6001  929.32  ]]]
4767	[[[2063.4001 1047.      931.96  ]]]
4768	[[[2065.8  1049.4   930.28]]]
4769	[[[2063.4001 1047.      931.96  ]]]
4770	[[[2061.      1049.4      928.80005]]]
4771	[[[2062.2002 1047.      931.68  ]]]
4772	[[[2064.6 1045.8  703.6]]]
4773	[[[2063.4001  1047.       932.92004]]]
4774	[[[2063.4001 1048.2001  701.6   ]]]
4775	[[[2062.2002 1047.      926.    ]]]
4776	[[[2062.2002 1047.      931.96  ]]]
4777	[[[2062.2002 1045.8     699.4   ]]]
4778	[[[2065.8    1048.2001  929.2   ]]]
4779	[[[2063.4001 1047.      699.4   ]]]
4780	[[[2063.4001 1047.      699.4   ]]]
4781	[[[2062.2002 1047.      704.12  ]]]
4782	[[[2063.4001 1045.8     699.32  ]]]
4783	[[[2061.      1047.       931.83997]]]
4784	[[[2062.2002 1047.      703.96  ]]]
4785	[[[2059.8    1050.6001  929.24  ]]]
4786	[[[2063.4001 1047.      699.36  ]]]
4787	[[[2062.2002 1047.      703.96  ]]]
4788	[[[2062.2002 1048.2001  931.96  ]]]
4789	[[[2059.8    1048.2001  932.28  ]]]
4790	[[[2061.      1048.2001   932.04004]]]
4791	[[[2059.8  1045.8   701.72]]]
4792	[[[2059.8  1047.    701.04]]]
4793	[[[2061.     1048.2001  932.36  ]]]
4794	[[[2061. 1047.  926.]]]
4795	[[[2064.6  1045.8   701.56]]]
4796	[[[2062.2002  1049.4      932.72003]]]
4797	[[[2062.2002 1044.6001  701.72  ]]]
4798	[[[2061.      1048.2001   932.04004]]]
4799	[[[2062.2002  1049.4      933.04004]]]
4800	[[[2062.2002 1048.2001  703.76  ]]]
4801	[[[2059.8     1047.       931.80005]]]
4802	[[[2062.2002 1047.      703.6   ]]]
4803	[[[2062.2002 1047.      704.08  ]]]
4804	[[[2062.2002 1047.      703.92  ]]]
4805	[[[2062.2002  1053.       930.72003]]]
4806	[[[2062.2002 1047.      703.72  ]]]
4807	[[[2059.8  1045.8   701.76]]]
4808	[[[2062.2002  1049.4      932.92004]]]
4809	[[[2061.     1048.2001  932.28  ]]]
4810	[[[2061.     1048.2001  926.    ]]]
4811	[[[2062.2002 1047.      699.48  ]]]
4812	[[[2063.4001 1044.6001  701.08  ]]]
4813	[[[2063.4001 1050.6001  701.6   ]]]
4814	[[[2062.2002 1049.4     932.28  ]]]
4815	[[[2062.2002 1047.      699.48  ]]]
4816	[[[2061.   1051.8   929.32]]]
4817	[[[2061.      1048.2001   925.92004]]]
4818	[[[2061.      1048.2001   942.72003]]]
4819	[[[2062.2002 1048.2001  703.68  ]]]
4820	[[[2057.4001 1050.6001  929.88  ]]]
4821	[[[2061.   1049.4   931.88]]]
4822	[[[2061.   1049.4   931.52]]]
4823	[[[2062.2002 1048.2001  704.2   ]]]
4824	[[[2062.2002 1049.4     932.52  ]]]
4825	[[[2061.     1050.6001  933.48  ]]]
4826	[[[2062.2002 1048.2001  703.8   ]]]
4827	[[[2059.8    1048.2001  932.28  ]]]
4828	[[[2059.8  1049.4   931.96]]]
4829	[[[2062.2002 1049.4     931.96  ]]]
4830	[[[2062.2002 1048.2001  703.84  ]]]
4831	[[[2062.2002 1048.2001  703.76  ]]]
4832	[[[2061.     1048.2001  942.6   ]]]
4833	[[[2063.4001 1048.2001  703.48  ]]]
4834	[[[2062.2002 1048.2001  699.64  ]]]
4835	[[[2062.2002 1048.2001  704.    ]]]
4836	[[[2062.2002 1045.8     929.08  ]]]
4837	[[[2062.2002  1049.4      932.92004]]]
4838	[[[2061.      1048.2001   942.72003]
  [1025.4     1159.8      921.6    ]]]
4839	[[[2062.2002 1048.2001  704.16  ]]]
4840	[[[2062.2002 1048.2001  703.68  ]]]
4841	[[[2062.2002 1047.      703.76  ]]]
4842	[[[2062.2002 1047.      703.96  ]]]
4843	[[[2062.2002 1048.2001  704.12  ]]]
4844	[[[2062.2002 1048.2001  703.76  ]]]
4845	[[[2063.4001 1050.6001  702.    ]]]
4846	[[[2062.2002 1048.2001  704.2   ]]]
4847	[[[2062.2002 1048.2001  704.12  ]]]
4848	[[[2063.4001 1048.2001  699.24  ]]]
4849	[[[2062.2002 1048.2001  703.92  ]]]
4850	[[[2065.8    1050.6001  929.64  ]]]
4851	[[[2063.4001 1044.6001  701.36  ]]]
4852	[[[2062.2002 1048.2001  704.2   ]]]
4853	[[[2057.4001 1048.2001  928.64  ]]]
4854	[[[2062.2002 1047.      703.88  ]]]
4855	[[[2061.     1048.2001  925.68  ]]]
4856	[[[2061.     1048.2001  931.96  ]]]
4857	[[[2062.2002  1049.4      932.04004]]]
4858	[[[2061.     1048.2001  925.68  ]]]
4859	[[[2064.6     1050.6001   929.72003]]]
4860	[[[2059.8    1048.2001  926.    ]]]
4861	[[[2059.8    1048.2001  926.2   ]]]
4862	[[[2059.8     1047.       931.80005]]]
4863	[[[2059.8    1048.2001  925.76  ]]]
4864	[[[2059.8    1050.6001  933.48  ]]]
4865	[[[2056.2002  1049.4      930.04004]]]
4866	[[[2062.2002 1047.      699.28  ]]]
4867	[[[2061.   1049.4   932.68]]]
4868	[[[2059.8  1047.    925.76]]]
4869	[[[2063.4001 1050.6001  930.2   ]]]
4870	[[[2059.8     1047.       942.16003]]]
4871	[[[2062.2002 1049.4     701.56  ]]]
4872	[[[2064.6  1049.4   930.08]]]
4873	[[[2058.6     1048.2001   931.72003]]]
4874	[[[2058.6    1048.2001  926.    ]]]
4875	[[[2059.8    1048.2001  926.12  ]]]
4876	[[[2059.8    1048.2001  699.24  ]]]
4877	[[[2058.6  1047.    931.96]]]
4878	[[[2059.8    1048.2001  942.6   ]]]
4879	[[[2059.8    1048.2001  931.6   ]]]
4880	[[[2061.     1048.2001  703.84  ]]]
4881	[[[2061.     1048.2001  703.68  ]]]
4882	[[[2059.8  1047.    699.24]]]
4883	[[[2061.      1049.4      932.92004]]]
4884	[[[2058.6 1047.   931.2]]]
4885	[[[2061.  1049.4  932.6]]]
4886	[[[2062.2002 1051.8     930.2   ]]]
4887	[[[2059.8  1047.    698.84]]]
4888	[[[2059.8    1048.2001  699.28  ]]]
4889	[[[2059.8 1049.4  932.6]]]
4890	[[[2059.8    1048.2001  699.6   ]]]
4891	[[[2059.8  1049.4   931.96]]]
4892	[[[2059.8     1049.4      932.92004]]]
4893	[[[2058.6    1050.6001  933.6   ]]]
4894	[[[2059.8 1047.   703.8]]]
4895	[[[2059.8  1049.4   931.88]]]
4896	[[[2059.8    1048.2001  703.64  ]]]
4897	[[[2061.     1050.6001  701.88  ]]]
4898	[[[2058.6    1048.2001  942.4   ]]]
4899	[[[2058.6  1049.4   931.52]]]
4900	[[[2058.6     1048.2001   925.92004]]]
4901	[[[2058.6    1048.2001  931.52  ]]]
4902	[[[2058.6    1048.2001  931.52  ]]]
4903	[[[2061.      1049.4      932.92004]]]
4904	[[[2063.4001 1050.6001  929.32  ]]]
4905	[[[2061.     1048.2001  699.44  ]]]
4906	[[[2057.4001 1048.2001  701.64  ]]]
4907	[[[2058.6  1049.4   926.24]]]
4908	[[[2059.8  1049.4   704.08]]]
4909	[[[2059.8  1049.4   703.84]]]
4910	[[[2059.8  1049.4   699.12]]]
4911	[[[2059.8    1050.6001  931.96  ]]]
4912	[[[2058.6     1051.8      933.04004]]]
4913	[[[2058.6  1049.4   925.68]]]
4914	[[[2058.6  1049.4   925.68]]]
4915	[[[2059.8  1049.4   703.68]]]
4916	[[[2058.6 1049.4  926. ]]]
4917	[[[2061.   1049.4   699.24]]]
4918	[[[2059.8    1050.6001  699.88  ]]]
4919	[[[2058.6    1050.6001  925.68  ]]]
4920	[[[2058.6     1049.4      942.16003]]]
4921	[[[2059.8  1051.8   932.96]]]
4922	[[[2059.8  1051.8   932.12]]]
4923	[[[2059.8  1049.4   703.64]]]
4924	[[[2059.8  1047.    701.64]]]
4925	[[[2059.8  1049.4   703.64]]]
4926	[[[2058.6  1053.    933.36]]]
4927	[[[2058.6    1050.6001  925.52  ]]]
4928	[[[2059.8  1049.4   699.24]]]
4929	[[[2059.8    1050.6001  931.68  ]]]
4930	[[[2055.     1050.6001  929.08  ]]]
4931	[[[2059.8  1049.4   703.72]]]
4932	[[[2061.   1049.4   699.16]]]
4933	[[[2059.8  1051.8   932.28]]]
4934	[[[2059.8  1049.4   703.92]]]
4935	[[[2059.8  1049.4   703.84]]]
4936	[[[2055.     1050.6001  928.84  ]]]
4937	[[[2061.  1049.4  703.6]]]
4938	[[[2058.6 1049.4  942.6]]]
4939	[[[2059.8  1049.4   699.32]]]
4940	[[[2057.4001 1054.2001  929.48  ]]]
4941	[[[2059.8  1051.8   932.12]]]
4942	[[[2058.6    1050.6001  925.76  ]]]
4943	[[[2061.   1049.4   699.12]]]
4944	[[[2058.6 1047.   928.4]]]
4945	[[[2059.8     1051.8      932.80005]]]
4946	[[[2059.8  1051.8   932.36]]]
4947	[[[2058.6     1050.6001   931.72003]]]
4948	[[[2058.6  1053.    933.36]]]
4949	[[[2059.8  1051.8   932.68]]]
4950	[[[2059.8  1049.4   699.48]]]
4951	[[[2059.8  1051.8   932.68]]]
4952	[[[2059.8  1051.8   932.44]]]
4953	[[[2058.6     1050.6001   931.80005]]]
4954	[[[2061.   1051.8   701.28]]]
4955	[[[2059.8  1049.4   703.64]]]
4956	[[[2055.   1053.    930.32]]]
4957	[[[2055.     1050.6001  928.64  ]]]
4958	[[[2062.2002 1053.      929.96  ]]]
4959	[[[2056.2002 1053.      929.32  ]]]
4960	[[[2058.6 1049.4  942.2]]]
4961	[[[2061.  1049.4  703.4]]]
4962	[[[2059.8    1050.6001  932.52  ]]]
4963	[[[2058.6    1050.6001  931.6   ]]]
4964	[[[2057.4001 1049.4     701.    ]]]
4965	[[[2055.     1050.6001  928.88  ]]]
4966	[[[2057.4001 1053.      928.88  ]]]
4967	[[[2056.2002 1051.8     929.12  ]]]
4968	[[[2058.6     1049.4      925.83997]]]
4969	[[[2061.   1049.4   699.04]]]
4970	[[[2058.6 1049.4  942. ]]]
4971	[[[2059.8    1050.6001  931.44  ]]]
4972	[[[2057.4001 1048.2001  701.28  ]]]
4973	[[[2059.8    1050.6001  932.76  ]]]
4974	[[[2061.  1049.4  703.4]]]
4975	[[[2061.     1048.2001  704.2   ]]]
4976	[[[2063.4001 1050.6001  929.32  ]]]
4977	[[[2059.8  1049.4   703.84]]]
4978	[[[2059.8  1049.4   703.68]]]
4979	[[[2059.8  1049.4   699.12]]]
4980	[[[2057.4001 1049.4     700.92  ]]]
4981	[[[2059.8    1050.6001  931.68  ]]]
4982	[[[2058.6     1050.6001   931.04004]]]
4983	[[[2063.4001  1050.6001   929.72003]]]
4984	[[[2059.8     1050.6001   932.04004]]]
4985	[[[2059.8    1050.6001  932.36  ]]]
4986	[[[2059.8  1049.4   699.12]]]
4987	[[[2058.6  1053.    928.64]]]
4988	[[[2059.8 1049.4  703.6]]]
4989	[[[2058.6    1050.6001  932.36  ]]]
4990	[[[2059.8  1049.4   698.88]]]
4991	[[[2062.2002 1050.6001  929.08  ]]]
4992	[[[2058.6  1049.4   931.28]]]
4993	[[[2059.8  1049.4   698.72]]]
4994	[[[2057.4001 1049.4     925.44  ]]]
4995	[[[2057.4001 1050.6001  931.36  ]]]
4996	[[[2057.4001 1050.6001  931.28  ]]]
4997	[[[2056.2002 1048.2001  701.04  ]]]
4998	[[[2057.4001 1049.4     924.88  ]]]
4999	[[[2059.8  1049.4   703.04]]]
5000	[[[2057.4001 1045.8     927.76  ]]]
5001	[[[2057.4001 1049.4     925.12  ]]]
5002	[[[2058.6    1048.2001  698.96  ]]]
5003	[[[2057.4001  1050.6001   931.72003]]]
5004	[[[2058.6    1048.2001  703.52  ]]]
5005	[[[2058.6     1050.6001   931.04004]]]
5006	[[[2057.4001  1049.4      924.92004]]]
5007	[[[2057.4001 1051.8     932.6   ]]]
5008	[[[2058.6 1049.4  703.6]]]
5009	[[[2057.4001 1050.6001  931.2   ]]]
5010	[[[2057.4001 1050.6001  931.    ]]]
5011	[[[2056.2002  1053.       928.72003]]]
5012	[[[2057.4001 1049.4     703.56  ]]]
5013	[[[2056.2002 1050.6001  931.28  ]]]
5014	[[[2059.8  1047.    701.12]]]
5015	[[[2057.4001 1049.4     925.24  ]]]
5016	[[[2059.8  1051.8   701.28]]]
5017	[[[2059.8 1051.8  700.8]]]
5018	[[[2057.4001 1050.6001  925.24  ]]]
5019	[[[2056.2002  1050.6001   925.16003]]]
5020	[[[2057.4001 1049.4     698.76  ]]]
5021	[[[2057.4001 1049.4     698.72  ]]]
5022	[[[2056.2002 1049.4     930.96  ]]]
5023	[[[2058.6  1049.4   702.92]]]
5024	[[[2061.   1051.8   929.24]]]
5025	[[[2058.6  1049.4   702.96]]]
5026	[[[2057.4001  1051.8      931.83997]]]
5027	[[[2056.2002  1050.6001   924.83997]]]
5028	[[[2056.2002 1051.8     932.2   ]]]
5029	[[[2059.8 1053.   929.2]]]
5030	[[[2055.     1048.2001  701.2   ]]]
5031	[[[2057.4001 1049.4     703.    ]]]
5032	[[[2056.2002 1049.4     941.32  ]]]
5033	[[[2057.4001  1047.       927.80005]]]
5034	[[[2057.4001 1050.6001  931.52  ]]]
5035	[[[2056.2002 1049.4     941.44  ]]]
5036	[[[2059.8  1051.8   928.88]]]
5037	[[[2057.4001 1049.4     702.84  ]]]
5038	[[[2057.4001 1051.8     700.8   ]]]
5039	[[[2057.4001 1049.4     703.08  ]]]
5040	[[[2057.4001  1050.6001   931.83997]]]
5041	[[[2057.4001 1049.4     703.28  ]]]
5042	[[[2057.4001 1049.4     702.92  ]]]
5043	[[[2059.8     1053.       929.16003]]]
5044	[[[2056.2002 1050.6001  931.12  ]]]
5045	[[[2055.  1053.   928.4]]]
5046	[[[2059.8  1051.8   928.48]]]
5047	[[[2057.4001 1050.6001  703.28  ]]]
5048	[[[2059.8 1051.8  928.4]]]
5049	[[[2057.4001 1049.4     698.68  ]]]
5050	[[[2057.4001 1050.6001  703.16  ]]]
5051	[[[2057.4001 1051.8     931.52  ]]]
5052	[[[2057.4001  1051.8      931.83997]]]
5053	[[[2055.   1055.4   928.24]]]
5054	[[[2056.2002 1050.6001  925.    ]]]
5055	[[[2055.     1054.2001  928.32  ]]]
5056	[[[2056.2002 1051.8     930.88  ]]]
5057	[[[2057.4001 1050.6001  703.24  ]]]
5058	[[[2057.4001 1051.8     931.28  ]]]
5059	[[[2057.4001 1049.4     698.72  ]]]
5060	[[[2056.2002 1051.8     930.96  ]]]
5061	[[[2055.     1050.6001  925.24  ]]]
5062	[[[2052.6  1051.8   928.24]]]
5063	[[[2055.     1054.2001  928.88  ]]]
5064	[[[2056.2002 1051.8     931.08  ]]]
5065	[[[2058.6    1048.2001  701.04  ]]]
5066	[[[2056.2002 1051.8     931.2   ]]]
5067	[[[2053.8  1053.    928.12]]]
5068	[[[2056.2002  1051.8      931.83997]]]
5069	[[[2055.     1050.6001  930.88  ]]]
5070	[[[2056.2002 1049.4     703.24  ]]]
5071	[[[2055.     1050.6001  925.12  ]]]
5072	[[[2053.8  1053.    928.32]]]
5073	[[[2055.      1050.6001   930.72003]]]
5074	[[[2056.2002 1049.4     698.72  ]]]
5075	[[[2055.      1054.2001   928.56006]]]
5076	[[[2059.8  1051.8   928.32]]]
5077	[[[2057.4001 1049.4     703.28  ]]]
5078	[[[2056.2002 1050.6001  931.2   ]]]
5079	[[[2057.4001 1049.4     703.08  ]]]
5080	[[[2056.2002 1050.6001  931.88  ]]]
5081	[[[2057.4001 1049.4     698.68  ]]]
5082	[[[2055.   1049.4   930.88]]]
5083	[[[2055.      1049.4      925.16003]]]
5084	[[[2056.2002 1049.4     930.52  ]]]
5085	[[[2057.4001 1048.2001  698.68  ]]]
5086	[[[2056.2002 1048.2001  703.24  ]]]
5087	[[[2056.2002 1049.4     930.6   ]]]
5088	[[[2056.2002 1049.4     931.28  ]]]
5089	[[[2056.2002 1051.8     928.32  ]]]
5090	[[[2056.2002 1048.2001  925.    ]]]
5091	[[[2057.4001  1049.4      931.83997]]]
5092	[[[2056.2002 1048.2001  703.68  ]]]
5093	[[[2053.8  1051.8   929.08]]]
5094	[[[2057.4001 1044.6001  700.28  ]]]
5095	[[[2056.2002 1047.      703.36  ]]]
5096	[[[2055.     1048.2001  930.96  ]]]
5097	[[[2053.8    1048.2001  931.6   ]]]
5098	[[[2056.2002 1047.      698.8   ]]]
5099	[[[2057.4001 1047.      702.72  ]]]
5100	[[[2056.2002 1047.      703.2   ]]]
5101	[[[2055.     1050.6001  928.48  ]]]
5102	[[[2055.      1050.6001   928.16003]]]
5103	[[[2056.2002 1048.2001  931.36  ]]]
5104	[[[2055. 1047.  925.]]]
5105	[[[2055.      1045.8      941.83997]]]
5106	[[[2055.      1043.4      927.92004]]]
5107	[[[2055.   1045.8   930.88]]]
5108	[[[2059.8     1048.2001   928.80005]]]
5109	[[[2056.2002 1045.8     703.64  ]]]
5110	[[[2057.4001 1045.8     698.76  ]]]
5111	[[[2056.2002 1047.      931.2   ]]]
5112	[[[2057.4001 1044.6001  698.76  ]]]
5113	[[[2057.4001 1048.2001  700.96  ]]]
5114	[[[2057.4001 1044.6001  703.16  ]]]
5115	[[[2057.4001 1045.8     703.    ]]]
5116	[[[2059.8     1047.       928.56006]]]
5117	[[[2056.2002 1044.6001  698.92  ]]]
5118	[[[2057.4001 1047.      701.16  ]]]
5119	[[[2057.4001 1044.6001  703.04  ]]]
5120	[[[2056.2002 1045.8     931.52  ]]]
5121	[[[2055.     1048.2001  929.12  ]]]
5122	[[[2057.4001 1041.      701.24  ]]]
5123	[[[2057.4001 1044.6001  932.2   ]]]
5124	[[[2057.4001 1044.6001  932.52  ]]]
5125	[[[2057.4001 1041.      928.32  ]]]
5126	[[[2056.2002 1043.4     699.28  ]]]
5127	[[[2056.2002 1043.4     699.12  ]]]
5128	[[[2056.2002  1044.6001   931.83997]]]
5129	[[[2056.2002 1043.4     703.72  ]]]
5130	[[[2056.2002 1039.8     701.44  ]]]
5131	[[[2056.2002 1042.2001  703.92  ]]]
5132	[[[2056.2002 1043.4     931.6   ]]]
5133	[[[2055.      1042.2001   931.72003]]]
5134	[[[2056.2002 1038.6001  928.32  ]]]
5135	[[[2057.4001 1042.2001  703.48  ]]]
5136	[[[2055.      1045.8      928.56006]]]
5137	[[[2055.  1045.8  929.2]]]
5138	[[[2052.6    1042.2001  928.88  ]]]
5139	[[[2056.2002  1041.       925.92004]]]
5140	[[[2057.4001 1042.2001  931.88  ]]]
5141	[[[2056.2002 1042.2001  931.52  ]]]
5142	[[[2057.4001 1041.      704.    ]]]
5143	[[[2056.2002  1041.       925.16003]]]
5144	[[[2056.2002 1044.6001  928.36  ]]]
5145	[[[2056.2002 1041.      925.4   ]]]
5146	[[[2055.   1039.8   701.48]]]
5147	[[[2057.4001 1042.2001  932.    ]]]
5148	[[[2058.6  1039.8   698.96]]]
5149	[[[2057.4001 1041.      703.52  ]]]
5150	[[[2057.4001 1041.      699.04  ]]]
5151	[[[2056.2002 1042.2001  932.08  ]]]
5152	[[[2056.2002 1039.8     942.08  ]]]
5153	[[[2056.2002 1039.8     925.6   ]]]
5154	[[[2058.6  1039.8   699.08]]]
5155	[[[2056.2002 1039.8     942.08  ]]]
5156	[[[2056.2002  1041.       925.92004]]]
5157	[[[2057.4001 1039.8     703.44  ]]]
5158	[[[2057.4001 1039.8     703.32  ]]]
5159	[[[2058.6    1042.2001  701.12  ]]]
5160	[[[2056.2002 1039.8     925.08  ]]]
5161	[[[2057.4001 1039.8     703.68  ]]]
5162	[[[2056.2002 1039.8     699.08  ]]]
5163	[[[2056.2002 1041.      931.44  ]]]
5164	[[[2055.     1038.6001  701.28  ]]]
5165	[[[2057.4001  1039.8      703.48   ]
  [ 961.80005 1243.8      674.56   ]]]
5166	[[[2057.4001 1038.6001  703.12  ]]]
5167	[[[2056.2002  1038.6001   924.92004]]]
5168	[[[2052.6  1039.8   928.24]]]
5169	[[[2057.4001  1039.8      932.16003]]]
5170	[[[2057.4001 1039.8     931.88  ]]]
5171	[[[2056.2002  1038.6001   924.92004]]]
5172	[[[2056.2002 1038.6001  925.24  ]]]
5173	[[[2057.4001 1039.8     931.2   ]]]
5174	[[[2059.8     1039.8      928.80005]]]
5175	[[[2056.2002 1037.4     698.44  ]]]
5176	[[[2057.4001 1038.6001  931.52  ]]]
5177	[[[2055.     1038.6001  931.2   ]]]
5178	[[[2056.2002 1037.4     703.16  ]]]
5179	[[[2057.4001 1039.8     700.88  ]]]
5180	[[[2056.2002 1036.2001  702.96  ]]]
5181	[[[2056.2002 1037.4     703.44  ]]]
5182	[[[2056.2002 1037.4     703.2   ]]]
5183	[[[2055.     1036.2001  925.    ]]]
5184	[[[2055.     1036.2001  924.44  ]]]
5185	[[[2055.     1038.6001  700.72  ]]]
5186	[[[2056.2002 1036.2001  702.84  ]]]
5187	[[[2055.     1036.2001  924.68  ]]]
5188	[[[2058.6    1038.6001  928.96  ]]]
5189	[[[2055.     1036.2001  703.52  ]]]
5190	[[[2051.4001  1037.4      927.80005]]]
5191	[[[2053.8    1036.2001  924.44  ]]]
5192	[[[2055.     1036.2001  698.24  ]]]
5193	[[[2055.     1036.2001  703.44  ]]]
5194	[[[2055.     1036.2001  702.8   ]]]
5195	[[[2055.      1037.4      930.80005]]]
5196	[[[2056.2002 1037.4     700.56  ]]]
5197	[[[2055.   1035.    702.92]]]
5198	[[[2053.8    1036.2001  930.44  ]]]
5199	[[[2056.2002 1035.      702.8   ]]]
5200	[[[2055.   1037.4   700.72]]]
5201	[[[2055.   1035.    702.84]]]
5202	[[[2055.  1035.   702.8]]]
5203	[[[2055.   1035.    702.76]]]
5204	[[[2057.4001 1036.2001  928.44  ]]]
5205	[[[2053.8  1035.    698.48]]]
5206	[[[2053.8  1031.4   927.64]]]
5207	[[[2055.   1035.    702.48]]]
5208	[[[2053.8    1036.2001  931.12  ]]]
5209	[[[2051.4001 1033.8     700.84  ]]]
5210	[[[2053.8 1033.8  698.4]]]
5211	[[[2055.   1033.8   698.16]]]
5212	[[[2056.2002 1032.6001  700.48  ]]]
5213	[[[2051.4001 1032.6001  700.48  ]]]
5214	[[[2049.   1035.    927.48]]]
5215	[[[2053.8  1035.    931.12]]]
5216	[[[2052.6 1033.8  924.6]]]
5217	[[[2055.     1030.2001  699.68  ]]]
5218	[[[2053.8  1035.    930.64]]]
5219	[[[2052.6     1032.6001   940.72003]]]
5220	[[[2053.8    1032.6001  702.64  ]]]
5221	[[[2053.8  1033.8   930.48]]]
5222	[[[2053.8    1032.6001  702.48  ]]]
5223	[[[2055.   1029.    700.36]]]
5224	[[[2053.8  1031.4   698.32]]]
5225	[[[2049.      1032.6001   927.56006]]]
5226	[[[2051.4001 1030.2001  700.76  ]]]
5227	[[[2052.6    1030.2001  923.6   ]]]
5228	[[[2052.6    1032.6001  931.2   ]]]
5229	[[[2053.8    1030.2001  702.76  ]]]
5230	[[[2052.6  1031.4   929.88]]]
5231	[[[2052.6  1031.4   929.88]]]
5232	[[[2052.6 1031.4  930.2]]]
5233	[[[2051.4001 1030.2001  929.88  ]]]
5234	[[[2052.6    1030.2001  930.2   ]]]
5235	[[[2052.6     1030.2001   930.56006]]]
5236	[[[2051.4001 1029.      930.2   ]]]
5237	[[[2053.8    1030.2001  930.96  ]]]
5238	[[[2052.6    1030.2001  929.96  ]]]
5239	[[[2053.8 1027.8  702.4]]]
5240	[[[2052.6    1030.2001  700.08  ]]]
5241	[[[2053.8 1027.8  702.2]]]
5242	[[[2051.4001 1027.8     924.28  ]]]
5243	[[[2053.8    1030.2001  700.24  ]]]
5244	[[[2052.6  1027.8   940.76]]]
5245	[[[2052.6     1029.       930.83997]]]
5246	[[[2051.4001 1027.8     929.96  ]]]
5247	[[[2051.4001 1031.4     927.    ]]]
5248	[[[2053.8    1026.6001  702.6   ]]]
5249	[[[2052.6     1024.2001   926.92004]]]
5250	[[[2053.8    1030.2001  700.2   ]]]
5251	[[[2050.2002 1030.2001  927.76  ]]]
5252	[[[2051.4001 1027.8     930.12  ]]]
5253	[[[2052.6    1026.6001  702.64  ]]]
5254	[[[2051.4001 1026.6001  924.36  ]]]
5255	[[[2055.   1029.    928.24]]]
5256	[[[2053.8     1023.00006  699.64   ]]]
5257	[[[2051.4001 1027.8     929.88  ]]]
5258	[[[2053.8 1025.4  697.8]]]
5259	[[[2053.8  1025.4   697.92]]]
5260	[[[2051.4001  1026.6001   929.80005]]]
5261	[[[2052.6    1026.6001  930.12  ]]]
5262	[[[2052.6    1026.6001  703.16  ]]]
5263	[[[2051.4001 1027.8     931.68  ]]]
5264	[[[2053.8  1025.4   697.68]]]
5265	[[[2053.8  1025.4   697.92]]]
5266	[[[2053.8  1025.4   697.72]]]
5267	[[[2053.8  1025.4   702.76]]]
5268	[[[2052.6  1025.4   702.56]]]
5269	[[[2053.8    1024.2001  697.96  ]]]
5270	[[[2052.6  1025.4   703.12]]]
5271	[[[2051.4001 1025.4     930.44  ]]]
5272	[[[2053.8  1029.    928.48]]]
5273	[[[2051.4001 1024.2001  940.68  ]]]
5274	[[[2053.8    1024.2001  698.    ]]]
5275	[[[2051.4001 1025.4     930.76  ]]]
5276	[[[2051.4001 1024.2001  930.12  ]]]
5277	[[[2051.4001  1026.6001   931.83997]]]
5278	[[[2052.6 1025.4  931.2]]]
5279	[[[2052.6     1023.00006  702.36   ]]]
5280	[[[2047.8     1023.00006  927.72003]]]
5281	[[[2052.6     1023.00006  702.48   ]]]
5282	[[[2047.8    1024.2001  927.24  ]]]
5283	[[[2052.6    1024.2001  702.68  ]]]
5284	[[[2051.4001 1025.4     931.52  ]]]
5285	[[[2052.6     1023.00006  702.44   ]]]
5286	[[[2051.4001  1023.00006  924.28   ]]]
5287	[[[2051.4001  1023.00006  924.36   ]]]
5288	[[[2051.4001  1023.00006  940.76   ]]]
5289	[[[2052.6     1020.60004  927.24   ]]]
5290	[[[2051.4001 1024.2001  930.88  ]]]
5291	[[[2052.6     1021.80005  702.6    ]]]
5292	[[[2052.6    1024.2001  930.28  ]]]
5293	[[[2050.2002 1026.6001  927.48  ]]]
5294	[[[2050.2002  1023.00006  930.44   ]]]
5295	[[[2051.4001  1021.80005  923.92004]]]
5296	[[[2055.      1025.4      928.56006]]]
5297	[[[2051.4001  1021.80005  924.28   ]]]
5298	[[[2047.8     1023.00006  927.24   ]]]
5299	[[[2053.8     1021.80005  702.56   ]]]
5300	[[[2053.8    1024.2001  700.52  ]]]
5301	[[[2051.4001  1021.80005  940.76   ]]]
5302	[[[2052.6     1023.00006  930.88   ]]]
5303	[[[2050.2002 1025.4     927.88  ]]]
5304	[[[2052.6     1020.60004  702.36   ]]]
5305	[[[2052.6     1020.60004  702.6    ]]]
5306	[[[2052.6     1020.60004  702.64   ]]]
5307	[[[2050.2002  1021.80005  929.96   ]]]
5308	[[[2051.4001  1020.60004  924.68   ]]]
5309	[[[2052.6     1020.60004  697.96   ]]]
5310	[[[2053.8     1020.60004  702.36   ]]]
5311	[[[2053.8     1020.60004  702.2    ]]]
5312	[[[2051.4001  1020.60004  924.68   ]]]
5313	[[[2051.4001  1021.80005  930.2    ]]]
5314	[[[2052.6     1020.60004  697.92   ]]]
5315	[[[2052.6     1021.80005  931.28   ]]]
5316	[[[2051.4001  1020.60004  924.36   ]]]
5317	[[[2051.4001  1020.60004  930.2    ]]]
5318	[[[2052.6     1021.80005  930.52   ]]]
5319	[[[2051.4001  1020.60004  924.6    ]]]
5320	[[[2052.6     1021.80005  930.2    ]
  [ 963.00006 1285.8      703.16   ]]]
5321	[[[2053.8     1020.60004  702.76   ]]]
5322	[[[2051.4001  1021.80005  930.2    ]]]
5323	[[[2053.8     1020.60004  702.32   ]]]
5324	[[[2053.8     1020.60004  702.36   ]]]
5325	[[[2056.2002  1023.00006  928.2    ]]]
5326	[[[2049.      1021.80005  927.24   ]]]
5327	[[[2053.8     1020.60004  702.36   ]]]
5328	[[[2052.6  1025.4   928.12]]]
5329	[[[2051.4001  1021.80005  930.44   ]]]
5330	[[[2053.8     1020.60004  702.56   ]]]
5331	[[[2053.8     1020.60004  697.76   ]]]
5332	[[[2052.6     1021.80005  930.36   ]]]
5333	[[[2055.      1023.00006  700.48   ]]]
5334	[[[2053.8     1023.00006  700.12   ]]]
5335	[[[2053.8     1020.60004  702.52   ]]]
5336	[[[2051.4001  1024.2001   927.56006]]]
5337	[[[2051.4001 1019.4     700.4   ]]]
5338	[[[2055.      1020.60004  697.48   ]]]
5339	[[[2053.8     1020.60004  702.72   ]]]
5340	[[[2051.4001  1021.80005  930.52   ]]]
5341	[[[2053.8     1021.80005  930.64   ]]]
5342	[[[2051.4001  1021.80005  930.2    ]]]
5343	[[[2053.8     1020.60004  697.76   ]]]
5344	[[[2053.8     1021.80005  930.64   ]]]
5345	[[[2051.4001  1021.80005  929.96   ]]]
5346	[[[2053.8     1020.60004  702.28   ]]]
5347	[[[2053.8     1021.80005  930.6    ]]]
5348	[[[2053.8     1021.80005  931.04004]]]
5349	[[[2053.8     1021.80005  930.72003]]]
5350	[[[2053.8     1023.00006  699.56   ]]]
5351	[[[2055.      1021.80005  930.96   ]]]
5352	[[[2053.8     1021.80005  929.72003]]]
5353	[[[2052.6     1021.80005  929.96   ]]]
5354	[[[2052.6     1020.60004  923.68   ]]]
5355	[[[2055.      1020.60004  701.92   ]]]
5356	[[[2053.8     1020.60004  698.08   ]]]
5357	[[[2053.8     1020.60004  702.64   ]]]
5358	[[[2057.4001  1021.80005  927.4    ]]]
5359	[[[2055.      1020.60004  697.52   ]]]
5360	[[[2052.6     1020.60004  929.48   ]]]
5361	[[[2052.6     1020.60004  929.72003]]]
5362	[[[2055.   1019.4   697.72]]]
5363	[[[2053.8 1018.2  931.2]]]
5364	[[[2051.4001 1019.4     699.88  ]]]
5365	[[[2052.6    1024.2001  927.    ]]]
5366	[[[2052.6  1019.4   929.44]]]
5367	[[[2053.8  1019.4   697.48]]]
5368	[[[2052.6     1023.00006  927.     ]]]
5369	[[[2053.8     1020.60004  923.6    ]]]
5370	[[[2052.6     1020.60004  929.32   ]]]
5371	[[[2053.8  1019.4   939.88]]]
5372	[[[2055.      1021.80005  699.4    ]]]
5373	[[[2057.4001  1021.80005  927.     ]]]
5374	[[[2053.8  1019.4   923.44]]]
5375	[[[2055.   1019.4   701.64]]]
5376	[[[2053.8     1020.60004  929.08   ]]]
5377	[[[2057.4001  1020.60004  927.44   ]]]
5378	[[[2055.   1018.2   697.44]]]
5379	[[[2052.6 1018.2  700. ]]]
5380	[[[2053.8  1019.4   923.12]]]
5381	[[[2055.   1018.2   697.28]]]
5382	[[[2052.6  1019.4   928.96]]]
5383	[[[2055.      1020.60004  929.64   ]]]
5384	[[[2055.      1020.60004  929.64   ]]]
5385	[[[2052.6     1023.00006  926.80005]]]
5386	[[[2053.8 1018.2  702. ]]]
5387	[[[2055.      1015.80005  699.24   ]]]
5388	[[[2055.   1018.2   697.36]]]
5389	[[[2052.6     1023.00006  926.80005]]]
5390	[[[2053.8  1018.2   701.92]]]
5391	[[[2055.  1018.2  702. ]]]
5392	[[[2053.8  1019.4   928.88]]]
5393	[[[2057.4001  1020.60004  926.92004]]]
5394	[[[2055.   1018.2   701.32]]]
5395	[[[2055.   1018.2   701.36]]]
5396	[[[2053.8  1019.4   929.44]]]
5397	[[[2052.6     1023.00006  926.24   ]]]
5398	[[[2053.8  1018.2   697.32]]]
5399	[[[2055.   1018.2   701.48]]]
5400	[[[2053.8  1018.2   922.88]]]
5401	[[[2053.8     1018.2      923.04004]]]
5402	[[[2053.8     1018.2      922.72003]]]
5403	[[[2052.6     1021.80005  926.     ]]]
5404	[[[2052.6     1017.00006  699.76   ]]]
5405	[[[2055.   1019.4   928.88]]]
5406	[[[2056.2002  1014.60004  698.6    ]]]
5407	[[[2053.8     1018.2      928.56006]]]
5408	[[[2055.      1019.4      929.80005]]]
5409	[[[2053.8     1014.60004  925.48   ]]]
5410	[[[2053.8     1017.00006  922.2    ]]]
5411	[[[2053.8  1019.4   929.24]]]
5412	[[[2052.6 1018.2  929.2]]]
5413	[[[2052.6 1018.2  929.2]]]
5414	[[[2055.      1020.60004  698.24   ]]]
5415	[[[2053.8  1018.2   928.24]]]
5416	[[[2055.      1017.00006  701.12   ]]]
5417	[[[2055.   1019.4   928.84]]]
5418	[[[2053.8     1017.00006  939.04004]]]
5419	[[[2052.6     1017.00006  698.52   ]]]
5420	[[[2055.  1018.2  928.4]]]
5421	[[[2053.8     1017.00006  938.96   ]]]
5422	[[[2056.2002 1019.4     699.    ]]]
5423	[[[2055.      1015.80005  696.24   ]]]
5424	[[[2055.      1021.80005  926.76   ]]]
5425	[[[2055.      1017.00006  696.8    ]]]
5426	[[[2056.2002  1017.00006  695.88   ]]]
5427	[[[2052.6  1019.4   926.08]]]
5428	[[[2053.8     1015.80005  922.56   ]]]
5429	[[[2052.6  1019.4   926.08]]]
5430	[[[2055.      1015.80005  696.28   ]]]
5431	[[[2053.8     1015.80005  939.04004]]]
5432	[[[2055.      1014.60004  929.84   ]]]
5433	[[[2056.2002  1015.80005  696.64   ]]]
5434	[[[2053.8     1017.00006  928.08   ]]]
5435	[[[2051.4001  1015.80005  925.36   ]]]
5436	[[[2055.      1017.00006  928.64   ]]]
5437	[[[2056.2002  1015.80005  700.84   ]]]
5438	[[[2056.2002  1015.80005  696.6    ]]]
5439	[[[2056.2002  1015.80005  696.24   ]]]
5440	[[[2056.2002  1015.80005  696.44   ]]]
5441	[[[2056.2002  1015.80005  700.84   ]]]
5442	[[[2053.8     1015.80005  927.96   ]]]
5443	[[[2056.2002  1017.00006  928.32   ]]]
5444	[[[2056.2002  1015.80005  696.44   ]]]
5445	[[[2056.2002  1015.80005  701.     ]]]
5446	[[[2055.      1017.00006  928.     ]]]
5447	[[[2051.4001 1018.2     926.    ]]]
5448	[[[2055.      1015.80005  922.28   ]]]
5449	[[[2056.2002  1015.80005  701.16   ]]]
5450	[[[2055.      1015.80005  928.     ]]]
5451	[[[2056.2002  1015.80005  700.96   ]]]
5452	[[[2055.      1014.60004  938.56006]]]
5453	[[[2055.      1014.60004  922.28   ]]]
5454	[[[2051.4001  1014.60004  925.36   ]]]
5455	[[[2056.2002  1014.60004  696.16   ]]]
5456	[[[2056.2002 1013.4     696.04  ]]]
5457	[[[2059.8     1015.80005  925.76   ]]]
5458	[[[2056.2002  1014.60004  696.44   ]]]
5459	[[[2053.8     1017.00006  925.36   ]]]
5460	[[[2055.      1014.60004  922.08   ]]]
5461	[[[2056.2002  1015.80005  928.24   ]]]
5462	[[[2055.      1014.60004  927.72003]]]
5463	[[[2057.4001  1015.80005  698.48   ]]]
5464	[[[2056.2002  1014.60004  928.16003]]]
5465	[[[2055.   1013.4   922.36]]]
5466	[[[2057.4001  1015.80005  698.6    ]]]
5467	[[[2053.8     1017.00006  925.36   ]]]
5468	[[[2056.2002 1013.4     700.76  ]]]
5469	[[[2057.4001 1013.4     696.12  ]]]
5470	[[[2057.4001 1013.4     700.44  ]]]
5471	[[[2056.2002  1014.60004  929.     ]]]
5472	[[[2055.      1013.4      922.04004]]]
5473	[[[2056.2002  1014.60004  927.88   ]]]
5474	[[[2056.2002  1014.60004  928.     ]]]
5475	[[[2057.4001 1013.4     700.56  ]]]
5476	[[[2055.      1013.4      921.72003]]]
5477	[[[2055.  1013.4  928. ]]]
5478	[[[2055.  1013.4  928. ]]]
5479	[[[2056.2002  1015.80005  698.4    ]]]
5480	[[[2056.2002  1014.60004  928.96   ]]]
5481	[[[2057.4001 1012.2     696.2   ]]]
5482	[[[2055.   1012.2   938.64]]]
5483	[[[2057.4001 1012.2     700.64  ]]]
5484	[[[2055.   1012.2   922.36]]]
5485	[[[2055.      1012.2      921.72003]]]
5486	[[[2055.      1015.80005  925.24   ]
  [ 931.80005 1237.8      675.76   ]]]
5487	[[[2059.8 1013.4  926. ]]]
5488	[[[2055.   1012.2   928.08]]]
5489	[[[2055.   1012.2   928.08]]]
5490	[[[2053.8     1011.00006  698.68   ]]]
5491	[[[2055.      1011.00006  921.88   ]]]
5492	[[[2056.2002  1011.00006  696.16   ]]]
5493	[[[2056.2002  1011.00006  700.72   ]]]
5494	[[[2055.   1012.2   928.76]]]
5495	[[[2056.2002  1011.00006  700.72   ]]]
5496	[[[2056.2002 1012.2     928.4   ]]]
5497	[[[2055.      1009.80005  921.72003]]]
5498	[[[2058.6     1008.60004  698.96   ]]]
5499	[[[2057.4001  1011.00006  700.8    ]]]
5500	[[[2057.4001  1008.60004  698.6    ]]]
5501	[[[2055.      1011.00006  922.48   ]]]
5502	[[[2056.2002 1012.2     928.4   ]]]
5503	[[[2055.      1011.00006  922.04004]]]
5504	[[[2053.8     1014.60004  925.68   ]]]
5505	[[[2053.8     1011.00006  698.44   ]]]
5506	[[[2053.8     1009.80005  699.     ]]]
5507	[[[2058.6 1012.2  699.2]]]
5508	[[[2055.   1013.4   929.64]]]
5509	[[[2056.2002  1011.00006  701.16   ]]]
5510	[[[2053.8     1014.60004  925.76   ]]]
5511	[[[2053.8     1014.60004  926.     ]]]
5512	[[[2055.  1012.2  928. ]]]
5513	[[[2056.2002 1012.2     928.88  ]]]
5514	[[[2055.      1014.60004  924.92004]]]
5515	[[[2053.8     1009.80005  698.92   ]]]
5516	[[[2056.2002 1013.4     698.48  ]]]
5517	[[[2052.6  1013.4   924.68]]]
5518	[[[2055.      1011.00006  922.36   ]]]
5519	[[[2056.2002  1011.00006  700.68   ]]]
5520	[[[2055.      1015.80005  925.48   ]]]
5521	[[[2055.      1011.00006  922.04004]]]
5522	[[[2056.2002  1011.00006  696.08   ]]]
5523	[[[2055.      1011.00006  938.56006]]]
5524	[[[2058.6     1014.60004  926.32   ]]]
5525	[[[2053.8     1011.00006  697.96   ]]]
5526	[[[2055.      1014.60004  924.48   ]]]
5527	[[[2056.2002  1011.00006  696.12   ]]]
5528	[[[2053.8     1009.80005  698.76   ]]]
5529	[[[2056.2002  1011.00006  700.6    ]]]
5530	[[[2056.2002  1011.00006  695.96   ]]]
5531	[[[2056.2002  1011.00006  700.8    ]]]
5532	[[[2056.2002 1012.2     928.64  ]]]
5533	[[[2055.   1012.2   928.08]]]
5534	[[[2057.4001  1011.00006  700.52   ]]]
5535	[[[2057.4001  1012.2      928.56006]]]
5536	[[[2056.2002  1011.00006  700.92   ]]]
5537	[[[2057.4001  1011.00006  700.52   ]]]
5538	[[[2058.6     1008.60004  698.44   ]]]
5539	[[[2055.   1012.2   927.24]]]
5540	[[[2055.      1014.60004  925.     ]]]
5541	[[[2056.2002 1012.2     927.96  ]]]
5542	[[[2057.4001  1012.2      928.72003]]]
5543	[[[2057.4001 1012.2     928.    ]]]
5544	[[[2056.2002 1012.2     928.32  ]]]
5545	[[[2058.6     1008.60004  698.24   ]]]
5546	[[[2055.  1013.4  929.2]]]
5547	[[[2057.4001 1012.2     927.64  ]]]
5548	[[[2056.2002  1011.00006  921.6    ]]]
5549	[[[2055.      1014.60004  924.92004]]]
5550	[[[2056.2002  1011.00006  921.88   ]]]
5551	[[[2056.2002 1012.2     928.4   ]]]
5552	[[[2063.4001  1015.80005  929.96   ]]]
5553	[[[2057.4001  1009.80005  700.36   ]]]
5554	[[[2058.6 1007.4  698.2]]]
5555	[[[2055.      1014.60004  925.6    ]]]
5556	[[[2058.6  1007.4   698.44]]]
5557	[[[2057.4001  1011.00006  700.96   ]]]
5558	[[[2057.4001  1011.00006  696.24   ]]]
5559	[[[2058.6  1007.4   697.72]]]
5560	[[[2055.      1009.80005  698.6    ]]]
5561	[[[2057.4001  1011.00006  700.48   ]]]
5562	[[[2056.2002  1012.2      927.80005]]]
5563	[[[2057.4001  1012.2      927.80005]]]
5564	[[[2056.2002  1011.00006  927.48   ]]]
5565	[[[2058.6 1013.4  698.2]]]
5566	[[[2056.2002  1012.2      928.56006]]]
5567	[[[2057.4001 1012.2     928.88  ]]]
5568	[[[2057.4001  1011.00006  696.08   ]]]
5569	[[[2056.2002 1007.4     924.6   ]]]
5570	[[[2059.8  1012.2   925.68]]]
5571	[[[2059.8     1012.2      925.04004]]]
5572	[[[2056.2002  1009.80005  696.36   ]]]
5573	[[[2052.6     1011.00006  924.92004]]]
5574	[[[2057.4001  1009.80005  696.16   ]]]
5575	[[[2056.2002  1011.00006  927.56006]]]
5576	[[[2056.2002  1011.00006  927.24   ]]]
5577	[[[2056.2002  1011.00006  927.72003]]]
5578	[[[2056.2002  1009.80005  696.28   ]]]
5579	[[[2056.2002  1009.80005  696.28   ]]]
5580	[[[2056.2002  1011.00006  928.36   ]]]
5581	[[[2053.8  1013.4   925.12]]]
5582	[[[2056.2002  1009.80005  696.24   ]]]
5583	[[[2059.8  1012.2   925.44]]]
5584	[[[2056.2002  1009.80005  700.88   ]]]
5585	[[[2059.8 1012.2  925.6]]]
5586	[[[2055.      1011.00006  928.64   ]]]
5587	[[[2055.      1011.00006  927.92004]]]
5588	[[[2056.2002 1012.2     698.4   ]]]
5589	[[[2056.2002 1012.2     698.28  ]]]
5590	[[[2051.4001 1012.2     926.32  ]]]
5591	[[[2055.      1008.60004  921.36   ]]]
5592	[[[2056.2002  1008.60004  696.2    ]]]
5593	[[[2055.      1011.00006  928.64   ]]]
5594	[[[2053.8     1009.80005  927.96   ]]]
5595	[[[2050.2002  1009.80005  925.16003]]]
5596	[[[2053.8     1008.60004  927.80005]]]
5597	[[[2056.2002  1008.60004  696.     ]]]
5598	[[[2056.2002  1008.60004  700.76   ]]]
5599	[[[2055.      1009.80005  928.     ]]]
5600	[[[2055.      1009.80005  928.24   ]]]
5601	[[[2053.8     1008.60004  927.92004]]]
5602	[[[2053.8 1012.2  925.4]]]
5603	[[[2055.      1008.60004  922.04004]]]
5604	[[[2058.6     1011.00006  926.     ]]]
5605	[[[2056.2002  1008.60004  696.36   ]]]
5606	[[[2057.4001  1008.60004  700.68   ]]]
5607	[[[2055.      1009.80005  928.24   ]]]
5608	[[[2055.      1008.60004  921.72003]]]
5609	[[[2056.2002  1008.60004  700.6    ]]]
5610	[[[2057.4001  1008.60004  700.48   ]]]
5611	[[[2056.2002  1008.60004  700.68   ]]]
5612	[[[2055.      1008.60004  938.64   ]]]
5613	[[[2057.4001  1009.80005  928.96   ]]]
5614	[[[2056.2002  1009.80005  928.24   ]]]
5615	[[[2055.      1009.80005  928.12   ]]]
5616	[[[2056.2002  1008.60004  696.72   ]]]
5617	[[[2056.2002  1008.60004  700.8    ]]]
5618	[[[2056.2002  1008.60004  700.92   ]]]
5619	[[[2059.8     1009.80005  926.24   ]]]
5620	[[[2057.4001 1007.4     701.24  ]]]
5621	[[[2056.2002  1008.60004  696.2    ]]]
5622	[[[2055.      1008.60004  927.80005]]]
5623	[[[2056.2002 1007.4     701.12  ]]]
5624	[[[2056.2002  1008.60004  696.28   ]]]
5625	[[[2055.      1009.80005  929.04004]]]
5626	[[[2057.4001  1005.00006  698.12   ]]]
5627	[[[2056.2002 1007.4     701.12  ]]]
5628	[[[2055.      1008.60004  928.16003]]]
5629	[[[2057.4001  1011.00006  698.92   ]]]
5630	[[[2057.4001  1008.60004  696.24   ]]]
5631	[[[2057.4001  1008.60004  696.24   ]]]
5632	[[[2056.2002  1008.60004  696.36   ]]]
5633	[[[2055.      1005.00006  924.83997]]]
5634	[[[2055.      1012.2      924.83997]]]
5635	[[[2055.      1008.60004  922.2    ]]]
5636	[[[2055.      1008.60004  922.2    ]]]
5637	[[[2056.2002 1006.2     698.64  ]]]
5638	[[[2055.      1008.60004  938.76   ]]]
5639	[[[2056.2002  1009.80005  928.04004]]]
5640	[[[2053.8  1012.2   925.24]]]
5641	[[[2056.2002  1009.80005  928.08   ]]]
5642	[[[2056.2002  1009.80005  928.72003]]]
5643	[[[2055.      1009.80005  922.04004]]]
5644	[[[2051.4001  1011.00006  926.     ]]]
5645	[[[2057.4001  1008.60004  700.56   ]]]
5646	[[[2059.8     1011.00006  926.24   ]]]
5647	[[[2056.2002  1008.60004  696.2    ]]]
5648	[[[2059.8     1011.00006  926.     ]]]
5649	[[[2056.2002  1011.00006  928.32   ]]]
5650	[[[2056.2002  1011.00006  928.56006]]]
5651	[[[2059.8     1011.00006  925.68   ]]]
5652	[[[2055.   1013.4   925.32]]]
5653	[[[2055.      1008.60004  698.68   ]]]
5654	[[[2057.4001  1009.80005  700.96   ]]]
5655	[[[2056.2002  1009.80005  922.28   ]]]
5656	[[[2059.8     1011.00006  925.36   ]]]
5657	[[[2057.4001  1008.60004  696.6    ]]]
5658	[[[2057.4001  1011.00006  928.64   ]]]
5659	[[[2059.8     1011.00006  925.68   ]]]
5660	[[[2057.4001  1008.60004  701.28   ]]]
5661	[[[2056.2002  1008.60004  938.56006]]]
5662	[[[2056.2002  1009.80005  928.     ]]]
5663	[[[2056.2002  1009.80005  927.96   ]]]
5664	[[[2056.2002  1011.00006  927.92004]]]
5665	[[[2057.4001  1011.00006  928.64   ]]]
5666	[[[2056.2002  1009.80005  928.08   ]]]
5667	[[[2057.4001  1011.00006  928.56006]]]
5668	[[[2057.4001  1009.80005  701.32   ]]]
5669	[[[2057.4001  1009.80005  701.4    ]]]
5670	[[[2056.2002  1009.80005  922.12   ]]]
5671	[[[2058.6     1008.60004  696.08   ]]]
5672	[[[2057.4001  1008.60004  701.08   ]]]
5673	[[[2057.4001  1009.80005  928.72003]]]
5674	[[[2057.4001  1008.60004  701.16   ]]]
5675	[[[2052.6     1011.00006  926.48   ]]]
5676	[[[2057.4001  1009.80005  928.48   ]]]
5677	[[[2056.2002  1013.4      925.83997]]]
5678	[[[2056.2002  1009.80005  927.96   ]]]
5679	[[[2057.4001  1009.80005  928.04004]]]
5680	[[[2056.2002  1009.80005  928.72003]]]
5681	[[[2057.4001  1009.80005  927.80005]]]
5682	[[[2061.      1011.00006  925.83997]]]
5683	[[[2058.6     1009.80005  700.96   ]]]
5684	[[[2058.6     1008.60004  701.24   ]]]
5685	[[[2058.6  1006.2   698.96]]]
5686	[[[2057.4001  1009.80005  928.04004]]]
5687	[[[2058.6     1009.80005  928.52   ]]]
5688	[[[2058.6     1009.80005  929.04004]]]
5689	[[[2057.4001  1008.60004  922.12   ]]]
5690	[[[2058.6     1011.00006  698.8    ]]]
5691	[[[2053.8     1009.80005  925.08   ]]]
5692	[[[2058.6     1011.00006  698.8    ]]]
5693	[[[2058.6     1008.60004  696.8    ]]]
5694	[[[2057.4001  1013.4      926.04004]]]
5695	[[[2058.6     1008.60004  696.6    ]]]
5696	[[[2057.4001  1009.80005  922.28   ]]]
5697	[[[2057.4001 1012.2     929.88  ]]]
5698	[[[2058.6     1009.80005  701.32   ]]]
5699	[[[2057.4001  1009.80005  928.56006]]]
5700	[[[2058.6     1008.60004  696.64   ]]]
5701	[[[2058.6     1008.60004  696.68   ]]]
5702	[[[2057.4001  1008.60004  938.88   ]]]
5703	[[[2056.2002 1013.4     926.08  ]]]
5704	[[[2058.6     1008.60004  700.92   ]]]
5705	[[[2057.4001  1009.80005  928.64   ]]]
5706	[[[2059.8     1008.60004  696.44   ]]]
5707	[[[2057.4001  1008.60004  939.12   ]]]
5708	[[[2059.8     1009.80005  700.68   ]]]
5709	[[[2058.6     1009.80005  701.08   ]]]
5710	[[[2058.6     1011.00006  928.64   ]]]
5711	[[[2059.8     1009.80005  696.64   ]]]
5712	[[[2059.8     1011.00006  928.88   ]]]
5713	[[[2059.8     1011.00006  929.32   ]]]
5714	[[[2059.8     1008.60004  696.64   ]]]
5715	[[[2057.4001  1009.80005  922.4    ]]]
5716	[[[2058.6     1009.80005  696.84   ]]]
5717	[[[2058.6     1009.80005  697.24   ]]]
5718	[[[2058.6     1009.80005  697.2    ]]]
5719	[[[2059.8     1009.80005  696.08   ]]]
5720	[[[2058.6     1011.00006  928.32   ]]]
5721	[[[2059.8     1008.60004  696.48   ]]]
5722	[[[2059.8  1006.2   698.84]]]
5723	[[[2057.4001  1009.80005  928.56006]]]
5724	[[[2057.4001  1009.80005  922.28   ]]]
5725	[[[2058.6     1006.2      925.6    ]
  [ 972.60004 1213.8      674.8    ]]]
5726	[[[2057.4001  1009.80005  922.36   ]]]
5727	[[[2057.4001  1009.80005  928.32   ]]]
5728	[[[2058.6     1008.60004  696.16   ]]]
5729	[[[2059.8     1009.80005  696.6    ]]]
5730	[[[2058.6     1011.00006  928.48   ]]]
5731	[[[2058.6     1009.80005  696.92   ]]]
5732	[[[2057.4001  1009.80005  922.28   ]]]
5733	[[[2055.   1018.2   930.88]]]
5734	[[[2061.      1008.60004  698.96   ]]]
5735	[[[2058.6     1011.00006  928.64   ]]]
5736	[[[2058.6     1009.80005  701.24   ]]]
5737	[[[2058.6     1009.80005  701.     ]]]
5738	[[[2057.4001  1009.80005  922.6    ]]]
5739	[[[2057.4001  1011.00006  928.48   ]]]
5740	[[[2056.2002  1009.80005  928.24   ]]]
5741	[[[2057.4001  1011.00006  928.44   ]]]
5742	[[[2056.2002  1009.80005  928.04004]]]
5743	[[[2056.2002  1013.4      926.16003]]]
5744	[[[2058.6     1009.80005  701.12   ]]]
5745	[[[2057.4001  1009.80005  938.92004]]]
5746	[[[2061.      1012.2      925.72003]]]
5747	[[[2057.4001  1009.80005  938.92004]]]
5748	[[[2059.8  1012.2   698.72]]]
5749	[[[2056.2002  1009.80005  928.24   ]]]
5750	[[[2061.      1011.00006  925.96   ]]]
5751	[[[2058.6     1009.80005  696.64   ]]]
5752	[[[2056.2002  1009.80005  928.16003]]]
5753	[[[2057.4001  1011.00006  929.44   ]]]
5754	[[[2057.4001  1008.60004  701.24   ]]]
5755	[[[2057.4001  1008.60004  701.12   ]]]
5756	[[[2056.2002  1008.60004  938.92004]]]
5757	[[[2057.4001  1009.80005  701.56   ]]]
5758	[[[2056.2002  1009.80005  928.28   ]]]
5759	[[[2058.6  1012.2   698.52]]]
5760	[[[2056.2002  1008.60004  938.52   ]]]
5761	[[[2057.4001  1011.00006  928.32   ]]]
5762	[[[2057.4001  1008.60004  701.     ]]]
5763	[[[2056.2002  1008.60004  939.04004]]]
5764	[[[2056.2002  1009.80005  928.04004]]]
5765	[[[2056.2002  1011.00006  929.68   ]]]
5766	[[[2058.6     1008.60004  696.6    ]]]
5767	[[[2056.2002  1008.60004  927.96   ]]]
5768	[[[2058.6     1008.60004  701.24   ]]]
5769	[[[2057.4001  1008.60004  701.24   ]]]
5770	[[[2057.4001  1008.60004  701.4    ]]]
5771	[[[2057.4001  1008.60004  700.92   ]]]
5772	[[[2056.2002  1008.60004  922.44   ]]]
5773	[[[2056.2002  1009.80005  928.36   ]]]
5774	[[[2057.4001  1009.80005  928.12   ]]]
5775	[[[2056.2002 1012.2     925.6   ]]]
5776	[[[2056.2002  1009.80005  927.80005]]]
5777	[[[2057.4001  1005.00006  925.4    ]]]
5778	[[[2057.4001  1008.60004  701.24   ]]]
5779	[[[2057.4001  1008.60004  700.8    ]]]
5780	[[[2056.2002  1009.80005  928.04004]]]
5781	[[[2058.6     1008.60004  700.84   ]]]
5782	[[[2056.2002  1009.80005  928.72003]]]
5783	[[[2056.2002  1009.80005  929.04004]]]
5784	[[[2055.      1009.80005  927.96   ]]]
5785	[[[2059.8     1011.00006  926.32   ]]]
5786	[[[2056.2002  1008.60004  701.28   ]]]
5787	[[[2056.2002  1009.80005  927.96   ]]]
5788	[[[2055.      1008.60004  938.76   ]]]
5789	[[[2055.   1012.2   925.36]]]
5790	[[[2056.2002  1009.80005  929.     ]]]
5791	[[[2051.4001  1008.60004  925.08   ]]]
5792	[[[2055.   1007.4   938.52]]]
5793	[[[2055.      1012.2      925.72003]]]
5794	[[[2055.      1012.2      926.04004]]]
5795	[[[2053.8     1007.4      928.04004]]]
5796	[[[2053.8  1007.4   922.12]]]
5797	[[[2053.8     1008.60004  929.04004]]]
5798	[[[2055.      1005.00006  929.92004]]]
5799	[[[2055.  1006.2  696.2]]]
5800	[[[2055.   1007.4   696.72]]]
5801	[[[2055.      1008.60004  929.04004]]]
5802	[[[2055.      1008.60004  928.72003]]]
5803	[[[2053.8     1006.2      927.83997]]]
5804	[[[2056.2002 1006.2     696.48  ]]]
5805	[[[2053.8  1007.4   928.12]]]
5806	[[[2052.6     1009.80005  926.32   ]]]
5807	[[[2056.2002 1006.2     696.32  ]]]
5808	[[[2055.      1005.00006  696.12   ]]]
5809	[[[2055.   1006.2   696.56]]]
5810	[[[2053.8  1006.2   921.88]]]
5811	[[[2056.2002 1006.2     700.8   ]]]
5812	[[[2055.   1006.2   701.04]]]
5813	[[[2056.2002 1006.2     696.52  ]]]
5814	[[[2055.   1006.2   701.08]]]
5815	[[[2056.2002  1008.60004  699.08   ]]]
5816	[[[2055.   1006.2   701.16]]]
5817	[[[2055.      1003.80005  929.6    ]]]
5818	[[[2055.   1007.4   928.36]]]
5819	[[[2055.   1007.4   929.28]]]
5820	[[[2053.8  1006.2   928.12]]]
5821	[[[2053.8  1006.2   928.68]]]
5822	[[[2053.8     1006.2      928.72003]]]
5823	[[[2053.8  1001.4   925.08]]]
5824	[[[2055.      1005.00006  696.52   ]]]
5825	[[[2053.8     1008.60004  925.83997]]]
5826	[[[2053.8     1005.00006  922.2    ]]]
5827	[[[2055.      1005.00006  700.96   ]]]
5828	[[[2055.      1005.00006  700.92   ]]]
5829	[[[2056.2002  1005.00006  700.68   ]]]
5830	[[[2053.8     1005.00006  922.52   ]]]
5831	[[[2055.      1005.00006  696.52   ]]]
5832	[[[2057.4001  1002.60004  698.76   ]]]
5833	[[[2055.      1003.80005  701.28   ]]]
5834	[[[2056.2002  1003.80005  696.44   ]]]
5835	[[[2056.2002  1008.60004  927.32   ]]]
5836	[[[2053.8     1006.2      929.56006]]]
5837	[[[2053.8     1005.00006  929.     ]]]
5838	[[[2055.      1003.80005  701.32   ]]]
5839	[[[2053.8     1003.80005  922.6    ]]]
5840	[[[2055.      1003.80005  696.48   ]]]
5841	[[[2056.2002  1005.00006  929.88   ]]]
5842	[[[2058.6     1005.00006  926.4    ]]]
5843	[[[2056.2002 1006.2     698.52  ]]]
5844	[[[2056.2002  1002.60004  697.     ]]]
5845	[[[2055.      1002.60004  922.2    ]]]
5846	[[[2053.8  1001.4   699.28]]]
5847	[[[2057.4001  1002.60004  700.96   ]]]
5848	[[[2053.8     1002.60004  698.72   ]]]
5849	[[[2056.2002  1002.60004  696.6    ]]]
5850	[[[2055.      1003.80005  928.12   ]]]
5851	[[[2056.2002  1005.00006  929.2    ]]]
5852	[[[2057.4001 1000.2     699.4   ]]]
5853	[[[2056.2002  1002.60004  701.48   ]]]
5854	[[[2056.2002 1007.4     926.96  ]]]
5855	[[[2056.2002  1002.60004  696.84   ]]]
5856	[[[2057.4001  1002.60004  701.12   ]]]
5857	[[[2057.4001  1002.60004  701.12   ]]]
5858	[[[2056.2002  1002.60004  701.44   ]]]
5859	[[[2057.4001  1002.60004  701.16003]]]
5860	[[[2055.      1002.60004  928.52   ]]]
5861	[[[2057.4001  1002.60004  701.2    ]
  [ 871.80005 1225.8      656.08   ]]]
5862	[[[2055.      1002.60004  928.24   ]]]
5863	[[[2053.8     1005.00006  926.36   ]]]
5864	[[[2056.2002  1003.80005  928.68   ]]]
5865	[[[2053.8 1001.4  699. ]]]
5866	[[[2055.      1002.60004  922.72003]]]
5867	[[[2057.4001 1001.4     701.12  ]]]
5868	[[[2056.2002  1002.60004  929.04004]]]
5869	[[[2056.2002  1002.60004  929.36   ]]]
5870	[[[2056.2002 1001.4     701.4   ]]]
5871	[[[2058.6     1005.00006  927.04004]]]
5872	[[[2056.2002  1002.60004  928.72003]]]
5873	[[[2057.4001   999.00006  699.4    ]]]
5874	[[[2057.4001 1001.4     696.96  ]]]
5875	[[[2056.2002  1002.60004  929.12   ]]]
5876	[[[2059.8     1003.80005  926.48   ]]]
5877	[[[2057.4001 1001.4     701.24  ]]]
5878	[[[2056.2002  1002.60004  929.12   ]]]
5879	[[[2052.6     1002.60004  926.08   ]]]
5880	[[[2056.2002  1002.60004  929.     ]]]
5881	[[[2056.2002  1001.4      922.83997]]]
5882	[[[2056.2002  1002.60004  929.44   ]]]
5883	[[[2056.2002  1001.4      922.83997]]]
5884	[[[2052.6  1000.2   926.24]]]
5885	[[[2058.6     1003.80005  699.2    ]]]
5886	[[[2057.4001 1001.4     701.44  ]]]
5887	[[[2056.2002 1001.4     922.52  ]]]
5888	[[[2056.2002  1002.60004  929.48   ]]]
5889	[[[2057.4001 1001.4     701.52  ]]]
5890	[[[2058.6     1003.80005  699.48   ]]]
5891	[[[2058.6     1003.80005  699.52   ]]]
5892	[[[2056.2002  1002.60004  928.48   ]]]
5893	[[[2055.  1000.2  699.6]]]
5894	[[[2056.2002  1002.60004  929.2    ]]]
5895	[[[2057.4001  1002.60004  929.88   ]]]
5896	[[[2057.4001  1002.60004  928.88   ]]]
5897	[[[2056.2002   997.80005  925.6    ]]]
5898	[[[2056.2002  1002.60004  929.76   ]]]
5899	[[[2056.2002  1000.2      922.83997]]]
5900	[[[2056.2002 1000.2     939.44  ]]]
5901	[[[2057.4001  1002.60004  929.96   ]]]
5902	[[[2057.4001 1000.2     701.24  ]]]
5903	[[[2056.2002 1001.4     922.64  ]]]
5904	[[[2057.4001 1001.4     701.6   ]]]
5905	[[[2055.      1005.00006  926.6    ]]]
5906	[[[2058.6      997.80005  698.8    ]]]
5907	[[[2057.4001  1002.60004  929.2    ]]]
5908	[[[2057.4001  1002.60004  929.24   ]]]
5909	[[[2058.6  1001.4   701.64]]]
5910	[[[2058.6      997.80005  698.8    ]]]
5911	[[[2057.4001 1001.4     697.32  ]]]
5912	[[[2057.4001 1001.4     697.08  ]]]
5913	[[[2057.4001  1002.60004  929.88   ]]]
5914	[[[2058.6     1003.80005  699.52   ]]]
5915	[[[2058.6 1000.2  697. ]]]
5916	[[[2056.2002  1001.4      929.04004]]]
5917	[[[2057.4001  1000.2      922.83997]]]
5918	[[[2061.      1003.80005  927.68   ]]]
5919	[[[2058.6  1001.4   701.56]]]
5920	[[[2057.4001  1001.4      923.16003]]]
5921	[[[2058.6 1000.2  701.4]]]
5922	[[[2058.6     1000.2      697.04   ]
  [ 885.00006 1279.8      693.08   ]]]
5923	[[[2057.4001  1002.60004  929.44   ]]]
5924	[[[2057.4001 1000.2     922.48  ]]]
5925	[[[2056.2002 1000.2     699.56  ]]]
5926	[[[2057.4001  1000.2      939.     ]
  [ 879.00006 1225.8      656.52   ]]]
5927	[[[2058.6  1001.4   697.32]]]
5928	[[[2058.6  1001.4   701.68]
  [ 916.2  1231.8   671.8 ]]]
5929	[[[2058.6     1003.80005  699.2    ]]]
5930	[[[2059.8  1001.4   697.12]]]
5931	[[[2058.6  1001.4   701.48]]]
5932	[[[2057.4001 1001.4     923.4   ]]]
5933	[[[2062.2002  1003.80005  926.64   ]]]
5934	[[[2059.8  1001.4   697.04]]]
5935	[[[2062.2002  1003.80005  926.92004]]]
5936	[[[2058.6  1001.4   696.88]]]
5937	[[[2059.8     1003.80005  699.36   ]]]
5938	[[[2058.6 1001.4  923.4]]]
5939	[[[2058.6     1002.60004  929.04004]]]
5940	[[[2058.6     1002.60004  928.68   ]]]
5941	[[[2059.8     1002.60004  929.24   ]]]
5942	[[[2059.8  1001.4   701.44]]]
5943	[[[2058.6     1002.60004  929.44   ]]]
5944	[[[2059.8     1002.60004  929.12   ]]]
5945	[[[2059.8     1002.60004  702.36   ]
  [ 982.2     1255.8      716.16003]]]
5946	[[[2058.6  1001.4   923.24]
  [ 994.2  1213.8   838.76]]]
5947	[[[2058.6     1002.60004  929.44   ]
  [ 936.60004 1231.8      674.68   ]]]
5948	[[[2063.4001  1002.60004  927.12   ]]]
5949	[[[2057.4001  1005.00006  925.92004]]]
5950	[[[2059.8  1001.4   701.44]]]
5951	[[[2055.      1001.4      925.92004]]]
5952	[[[2061.  1001.4  701.2]]]
5953	[[[2058.6  1001.4   939.36]]]
5954	[[[2059.8     1002.60004  697.2    ]]]
5955	[[[2062.2002  1003.80005  926.80005]]]
5956	[[[2059.8  1001.4   701.52]]]
5957	[[[2059.8  1001.4   701.48]]]
5958	[[[2059.8     1002.60004  701.56   ]]]
5959	[[[2059.8     1002.60004  702.     ]]]
5960	[[[2058.6     1002.60004  929.04004]]]
5961	[[[2058.6     1003.80005  929.68   ]]]
5962	[[[2058.6  1001.4   939.36]]]
5963	[[[2059.8     1003.80005  930.12   ]]]
5964	[[[2058.6     1002.60004  922.76   ]]]
5965	[[[2059.8     1003.80005  929.04004]]]
5966	[[[2055.      1002.60004  925.72003]]]
5967	[[[2059.8     1002.60004  701.56   ]]]
5968	[[[2065.8     1007.4      930.80005]]]
5969	[[[2058.6     1006.2      926.56006]]]
5970	[[[2058.6     1002.60004  701.88   ]]]
5971	[[[2059.8     1003.80005  929.08   ]]]
5972	[[[2059.8     1003.80005  929.08   ]]]
5973	[[[2059.8     1003.80005  929.64   ]]]
5974	[[[2058.6     1003.80005  929.08   ]]]
5975	[[[2058.6     1003.80005  928.32   ]]]
5976	[[[2055.      1003.80005  925.92004]]]
5977	[[[2059.8     1002.60004  701.48   ]]]
5978	[[[2058.6     1003.80005  928.80005]]]
5979	[[[2059.8     1003.80005  929.44   ]]]
5980	[[[2058.6     1003.80005  928.80005]]]
5981	[[[2058.6     1002.60004  923.16003]]]
5982	[[[2059.8     1002.60004  697.     ]]]
5983	[[[2058.6     1002.60004  922.52   ]]]
5984	[[[2059.8     1003.80005  696.56   ]]]
5985	[[[2058.6     1005.00006  929.88   ]]]
5986	[[[2058.6     1003.80005  928.88   ]]]
5987	[[[2059.8     1003.80005  701.56   ]]]
5988	[[[2059.8     1005.00006  929.56006]]]
5989	[[[2058.6     1003.80005  939.52   ]]]
5990	[[[2058.6     1005.00006  929.32   ]]]
5991	[[[2058.6     1005.00006  929.24   ]]]
5992	[[[2059.8     1003.80005  697.08   ]]]
5993	[[[2058.6     1003.80005  922.96   ]]]
5994	[[[2056.2002 1007.4     926.08  ]]]
5995	[[[2055.      1005.00006  925.6    ]]]
5996	[[[2059.8     1003.80005  697.04   ]]]
5997	[[[2059.8  1007.4   698.84]]]
5998	[[[2059.8 1006.2  929. ]]]
5999	[[[2058.6  1006.2   929.52]]]
6000	[[[2058.6     1005.00006  922.92004]]]
6001	[[[2059.8     1006.2      929.72003]]]
6002	[[[2059.8  1006.2   929.32]]]
6003	[[[2058.6     1005.00006  923.04004]]]
6004	[[[2059.8  1006.2   928.96]]]
6005	[[[2058.6     1005.00006  923.04004]]]
6006	[[[2057.4001  1008.60004  926.56006]]]
6007	[[[2059.8  1007.4   929.88]]]
6008	[[[2058.6  1006.2   922.96]]]
6009	[[[2057.4001  1009.80005  926.6    ]]]
6010	[[[2059.8     1007.4      929.56006]]]
6011	[[[2059.8 1007.4  929.2]]]
6012	[[[2061.   1007.4   929.64]]]
6013	[[[2061.   1007.4   929.64]]]
6014	[[[2061.   1007.4   929.64]]]
6015	[[[2062.2002  1009.80005  927.32   ]]]
6016	[[[2059.8  1007.4   928.88]]]
6017	[[[2062.2002  1003.80005  699.2    ]]]
6018	[[[2059.8     1008.60004  929.32   ]]]
6019	[[[2058.6 1007.4  929.2]]]
6020	[[[2059.8     1003.80005  925.92004]]]
6021	[[[2059.8  1007.4   697.36]]]
6022	[[[2058.6     1009.80005  930.32   ]]]
6023	[[[2055.   1007.4   925.28]]]
6024	[[[2059.8     1008.60004  929.     ]]]
6025	[[[2059.8     1008.60004  929.2    ]]]
6026	[[[2058.6     1008.60004  929.32   ]]]
6027	[[[2063.4001  1009.80005  926.68   ]]]
6028	[[[2058.6  1007.4   939.52]]]
6029	[[[2059.8     1009.80005  929.96   ]]]
6030	[[[2059.8 1007.4  696.6]]]
6031	[[[2059.8  1007.4   696.68]]]
6032	[[[2062.2002 1006.2     699.36  ]]]
6033	[[[2059.8     1008.60004  697.     ]]]
6034	[[[2058.6     1008.60004  928.64   ]]]
6035	[[[2058.6     1008.60004  922.96   ]]]
6036	[[[2058.6     1009.80005  928.32   ]]]
6037	[[[2058.6     1013.4      925.92004]]]
6038	[[[2061.      1008.60004  696.8    ]]]
6039	[[[2059.8     1008.60004  922.96   ]]]
6040	[[[2063.4001  1011.00006  926.16003]]]
6041	[[[2059.8     1009.80005  928.44   ]]]
6042	[[[2059.8     1009.80005  928.88   ]]]
6043	[[[2059.8     1009.80005  928.80005]]]
6044	[[[2059.8     1011.00006  929.2    ]]]
6045	[[[2058.6     1009.80005  928.80005]]]
6046	[[[2062.2002  1011.00006  699.2    ]]]
6047	[[[2063.4001  1011.00006  926.48   ]]]
6048	[[[2059.8     1013.4      926.16003]]]
6049	[[[2061.      1008.60004  701.2    ]]]
6050	[[[2059.8     1011.00006  929.52   ]]]
6051	[[[2059.8     1009.80005  922.83997]]]
6052	[[[2059.8     1009.80005  922.88   ]]]
6053	[[[2059.8     1009.80005  922.52   ]]]
6054	[[[2061.      1009.80005  701.2    ]]]
6055	[[[2059.8     1011.00006  928.48   ]]]
6056	[[[2059.8     1009.80005  922.88   ]]]
6057	[[[2059.8     1009.80005  922.52   ]]]
6058	[[[2063.4001 1012.2     926.24  ]]]
6059	[[[2061.      1009.80005  701.4    ]]]
6060	[[[2061.      1009.80005  701.24   ]]]
6061	[[[2061.      1008.60004  701.08   ]]]
6062	[[[2056.2002  1009.80005  925.68   ]]]
6063	[[[2061.      1009.80005  701.48   ]]]
6064	[[[2061.      1008.60004  701.4    ]]]
6065	[[[2061.      1008.60004  701.16   ]]]
6066	[[[2059.8     1009.80005  922.28   ]]]
6067	[[[2059.8     1009.80005  939.12   ]]]
6068	[[[2064.6     1011.00006  926.48   ]]]
6069	[[[2061.      1009.80005  701.08   ]]]
6070	[[[2059.8     1009.80005  928.12   ]]]
6071	[[[2059.8  1012.2   929.44]]]
6072	[[[2059.8     1009.80005  922.52   ]]]
6073	[[[2061.   1013.4   698.68]]]
6074	[[[2058.6     1011.00006  928.80005]
  [ 948.60004 1225.8      810.     ]]]
6075	[[[2059.8  1012.2   929.12]]]
6076	[[[2059.8  1012.2   928.88]]]
6077	[[[2059.8     1011.00006  922.52   ]]]
6078	[[[2061.      1009.80005  700.92   ]]]
6079	[[[2063.4001 1012.2     925.6   ]]]
6080	[[[2059.8     1009.80005  927.24   ]]]
6081	[[[2058.6     1011.00006  922.28   ]]]
6082	[[[2059.8     1011.00006  922.6    ]]]
6083	[[[2059.8     1011.00006  696.52   ]]]
6084	[[[2057.4001  1014.60004  926.24   ]]]
6085	[[[2061.      1015.80005  926.68   ]]]
6086	[[[2061.      1011.00006  696.48   ]]]
6087	[[[2059.8  1013.4   928.88]]]
6088	[[[2061.   1012.2   695.96]]]
6089	[[[2059.8 1013.4  929.2]]]
6090	[[[2055.      1012.2      924.83997]]]
6091	[[[2058.6  1012.2   938.88]]]
6092	[[[2057.4001  1014.60004  929.52   ]]]
6093	[[[2058.6  1012.2   922.28]]]
6094	[[[2059.8     1011.00006  701.     ]]]
6095	[[[2059.8     1013.4      928.56006]]]
6096	[[[2058.6     1008.60004  924.92004]]]
6097	[[[2058.6  1012.2   701.16]]]
6098	[[[2057.4001 1012.2     922.28  ]]]
6099	[[[2058.6  1012.2   700.96]]]
6100	[[[2062.2002  1014.60004  925.6    ]]]
6101	[[[2058.6  1012.2   700.92]]]
6102	[[[2057.4001 1013.4     922.08  ]]]
6103	[[[2058.6     1011.00006  929.44   ]]]
6104	[[[2053.8  1013.4   925.28]]]
6105	[[[2058.6     1014.60004  929.2    ]]]
6106	[[[2057.4001  1013.4      938.80005]]]
6107	[[[2058.6     1014.60004  927.96   ]]]
6108	[[[2058.6  1013.4   700.88]]]
6109	[[[2057.4001 1013.4     921.96  ]]]
6110	[[[2058.6     1014.60004  701.     ]]]
6111	[[[2058.6     1015.80005  928.4    ]]]
6112	[[[2057.4001  1013.4      921.72003]]]
6113	[[[2058.6  1013.4   701.28]]]
6114	[[[2057.4001 1013.4     938.44  ]]]
6115	[[[2058.6     1014.60004  696.28   ]]]
6116	[[[2056.2002 1018.2     926.12  ]]]
6117	[[[2057.4001  1015.80005  928.08   ]]]
6118	[[[2057.4001  1015.80005  928.56006]]]
6119	[[[2056.2002  1015.80005  928.64   ]]]
6120	[[[2057.4001  1015.80005  928.24   ]]]
6121	[[[2055.      1014.60004  698.24   ]]]
6122	[[[2053.8     1015.80005  925.     ]]]
6123	[[[2058.6     1014.60004  701.24   ]]]
6124	[[[2057.4001  1015.80005  928.08   ]]]
6125	[[[2057.4001  1017.00006  928.4    ]]]
6126	[[[2056.2002  1015.80005  922.28   ]]]
6127	[[[2057.4001  1015.80005  701.16   ]]]
6128	[[[2056.2002  1014.60004  938.56006]]]
6129	[[[2057.4001  1017.00006  928.32   ]]]
6130	[[[2056.2002  1017.00006  928.32   ]]]
6131	[[[2058.6  1012.2   698.48]]]
6132	[[[2056.2002  1015.80005  928.32   ]]]
6133	[[[2057.4001  1017.00006  928.32   ]]]
6134	[[[2056.2002 1019.4     926.    ]]]
6135	[[[2058.6  1012.2   697.96]]]
6136	[[[2057.4001  1015.80005  696.28   ]]]
6137	[[[2059.8 1013.4  698.6]]]
6138	[[[2057.4001  1015.80005  701.     ]]]
6139	[[[2057.4001  1015.80005  701.28   ]]]
6140	[[[2056.2002  1017.00006  927.68   ]]]
6141	[[[2058.6     1017.00006  929.28   ]]]
6142	[[[2056.2002  1015.80005  922.12   ]]]
6143	[[[2056.2002  1017.00006  928.4    ]]]
6144	[[[2056.2002  1015.80005  922.12   ]]]
6145	[[[2058.6     1015.80005  696.2    ]]]
6146	[[[2058.6     1017.00006  928.72003]]]
6147	[[[2057.4001 1012.2     925.12  ]]]
6148	[[[2058.6     1015.80005  696.04   ]]]
6149	[[[2058.6     1014.60004  700.76   ]]]
6150	[[[2057.4001  1015.80005  701.16   ]]]
6151	[[[2057.4001  1015.80005  701.04   ]]]
6152	[[[2056.2002  1015.80005  927.84   ]]]
6153	[[[2056.2002  1015.80005  921.88   ]]]
6154	[[[2058.6     1015.80005  700.8    ]]]
6155	[[[2059.8  1012.2   698.84]]]
6156	[[[2057.4001  1014.60004  696.24   ]]]
6157	[[[2057.4001  1015.80005  922.68   ]]]
6158	[[[2058.6     1015.80005  696.2    ]]]
6159	[[[2057.4001  1017.00006  928.64   ]]]
6160	[[[2058.6     1015.80005  700.6    ]]]
6161	[[[2057.4001  1012.2      924.92004]]]
6162	[[[2057.4001  1014.60004  701.08   ]]]
6163	[[[2056.2002  1014.60004  928.24   ]]]
6164	[[[2058.6     1014.60004  700.56   ]]]
6165	[[[2058.6     1014.60004  696.48   ]]]
6166	[[[2056.2002  1014.60004  922.16003]]]
6167	[[[2056.2002  1014.60004  921.96   ]]]
6168	[[[2056.2002 1018.2     925.76  ]]]
6169	[[[2058.6     1014.60004  701.24   ]]]
6170	[[[2058.6     1017.00006  698.6    ]]]
6171	[[[2057.4001  1015.80005  928.64   ]]]
6172	[[[2057.4001  1015.80005  928.32   ]]]
6173	[[[2057.4001  1014.60004  700.88   ]]]
6174	[[[2056.2002 1018.2     925.44  ]]]
6175	[[[2057.4001  1014.60004  696.2    ]]]
6176	[[[2057.4001  1014.60004  696.08   ]]]
6177	[[[2056.2002  1015.80005  929.08   ]]]
6178	[[[2056.2002  1014.60004  921.8    ]]]
6179	[[[2057.4001 1013.4     701.08  ]]]
6180	[[[2056.2002  1014.60004  927.56006]]]
6181	[[[2056.2002  1014.60004  922.12   ]]]
6182	[[[2056.2002  1014.60004  928.24   ]]]
6183	[[[2057.4001 1013.4     700.72  ]]]
6184	[[[2057.4001  1015.80005  927.84   ]]]
6185	[[[2056.2002 1013.4     938.48  ]]]
6186	[[[2056.2002  1015.80005  928.8    ]]]
6187	[[[2057.4001  1014.60004  701.32   ]]]
6188	[[[2058.6     1015.80005  698.48   ]]]
6189	[[[2056.2002  1014.60004  927.84   ]]]
6190	[[[2057.4001 1013.4     700.76  ]]]
6191	[[[2057.4001 1013.4     700.76  ]]]
6192	[[[2052.6     1015.80005  926.32   ]]]
6193	[[[2056.2002  1013.4      927.56006]]]
6194	[[[2057.4001 1013.4     700.76  ]]]
6195	[[[2056.2002  1013.4      927.80005]]]
6196	[[[2057.4001 1013.4     700.8   ]]]
6197	[[[2057.4001  1015.80005  698.84   ]]]
6198	[[[2056.2002 1012.2     938.44  ]]]
6199	[[[2056.2002 1012.2     938.36  ]]]
6200	[[[2056.2002 1012.2     921.76  ]]]
6201	[[[2057.4001 1012.2     696.08  ]]]
6202	[[[2056.2002 1012.2     938.36  ]]]
6203	[[[2057.4001 1012.2     700.52  ]]]
6204	[[[2056.2002  1009.80005  924.6    ]]]
6205	[[[2056.2002  1012.2      938.56006]]]
6206	[[[2056.2002 1013.4     928.    ]]]
6207	[[[2056.2002  1012.2      922.04004]]]
6208	[[[2055.      1013.4      928.56006]]]
6209	[[[2056.2002 1013.4     927.68  ]]]
6210	[[[2057.4001  1014.60004  928.88   ]]]
6211	[[[2056.2002  1012.2      921.72003]]]
6212	[[[2055.   1013.4   927.64]]]
6213	[[[2055.   1013.4   927.76]]]
6214	[[[2056.2002  1014.60004  928.4    ]]]
6215	[[[2057.4001 1012.2     695.92  ]]]
6216	[[[2055.      1013.4      927.56006]]]
6217	[[[2056.2002 1013.4     927.84  ]]]
6218	[[[2056.2002  1014.60004  928.64   ]]]
6219	[[[2056.2002  1014.60004  928.56006]]]
6220	[[[2056.2002  1014.60004  928.64   ]]]
6221	[[[2057.4001 1012.2     696.36  ]]]
6222	[[[2056.2002 1013.4     696.6   ]]]
6223	[[[2055.      1014.60004  928.88   ]]]
6224	[[[2056.2002 1012.2     695.96  ]]]
6225	[[[2056.2002  1009.80005  925.     ]]]
6226	[[[2055.   1013.4   927.88]]]
6227	[[[2056.2002  1014.60004  928.     ]]]
6228	[[[2057.4001  1015.80005  698.24   ]]]
6229	[[[2055.   1013.4   927.88]]]
6230	[[[2056.2002 1013.4     696.2   ]]]
6231	[[[2056.2002  1015.80005  698.2    ]]]
6232	[[[2056.2002  1011.00006  929.64   ]]]
6233	[[[2055.      1014.60004  928.88   ]]]
6234	[[[2057.4001 1012.2     696.16  ]]]
6235	[[[2057.4001 1012.2     700.48  ]]]
6236	[[[2055.   1013.4   927.88]]]
6237	[[[2057.4001 1012.2     700.52  ]]]
6238	[[[2053.8     1015.80005  925.24   ]]]
6239	[[[2057.4001 1012.2     696.08  ]]]
6240	[[[2056.2002  1013.4      928.83997]]]
6241	[[[2053.8     1015.80005  925.48   ]]]
6242	[[[2057.4001 1012.2     700.36  ]]]
6243	[[[2055.   1013.4   928.24]]]
6244	[[[2055.   1012.2   938.68]]]
6245	[[[2055.      1011.00006  921.64   ]]]
6246	[[[2056.2002  1013.4      929.04004]]]
6247	[[[2055.   1013.4   928.68]]]
6248	[[[2056.2002 1013.4     929.12  ]]]
6249	[[[2053.8     1012.2      928.16003]]]
6250	[[[2055.   1013.4   928.68]]]
6251	[[[2055.      1011.00006  921.83997]]]
6252	[[[2055.   1012.2   921.96]]]
6253	[[[2055.      1012.2      922.04004]]]
6254	[[[2055.   1012.2   921.96]]]
6255	[[[2056.2002 1013.4     929.12  ]]]
6256	[[[2056.2002 1013.4     929.12  ]]]
6257	[[[2058.6     1017.00006  933.52   ]]]
6258	[[[2056.2002  1011.00006  695.88   ]]]
6259	[[[2057.4001  1008.60004  698.56   ]]]
6260	[[[2055.   1012.2   921.96]]]
6261	[[[2055.   1012.2   922.44]]]
6262	[[[2051.4001 1013.4     926.4   ]]]
6263	[[[2056.2002 1012.2     700.92  ]]]
6264	[[[2056.2002  1011.00006  701.2    ]]]
6265	[[[2055.      1011.00006  922.28   ]]]
6266	[[[2055.  1013.4  929.4]]]
6267	[[[2056.2002  1011.00006  696.16   ]]]
6268	[[[2053.8     1011.00006  698.44   ]]]
6269	[[[2063.4001  1015.80005  930.6    ]]]
6270	[[[2053.8     1011.00006  698.6    ]]]
6271	[[[2056.2002 1013.4     928.8   ]]]
6272	[[[2053.8     1014.60004  925.2    ]]]
6273	[[[2057.4001 1013.4     698.76  ]]]
6274	[[[2056.2002  1008.60004  925.12   ]]]
6275	[[[2055.      1011.00006  922.04004]]]
6276	[[[2058.6  1013.4   925.44]]]
6277	[[[2051.4001 1012.2     925.36  ]]]
6278	[[[2056.2002 1012.2     696.56  ]]]
6279	[[[2055.   1012.2   928.08]]]
6280	[[[2053.8     1011.00006  698.6    ]]]
6281	[[[2056.2002  1011.00006  696.28   ]]]
6282	[[[2056.2002  1011.00006  700.88   ]]]
6283	[[[2053.8     1014.60004  926.     ]]]
6284	[[[2056.2002  1008.60004  699.04   ]]]
6285	[[[2056.2002 1012.2     696.48  ]]]
6286	[[[2053.8  1012.2   928.88]]]
6287	[[[2051.4001 1012.2     925.    ]]]
6288	[[[2056.2002 1013.4     929.28  ]]]
6289	[[[2053.8     1015.80005  925.56006]]]
6290	[[[2056.2002 1012.2     696.52  ]]]
6291	[[[2056.2002 1012.2     696.48  ]]]
6292	[[[2058.6     1014.60004  925.92004]]]
6293	[[[2053.8     1011.00006  699.     ]]]
6294	[[[2056.2002 1012.2     696.52  ]]]
6295	[[[2051.4001  1014.60004  926.80005]]]
6296	[[[2055.   1012.2   928.12]]]
6297	[[[2056.2002 1012.2     696.52  ]]]
6298	[[[2055.   1013.4   928.88]]]
6299	[[[2056.2002  1011.00006  696.16   ]]]
6300	[[[2053.8 1012.2  698.8]]]
6301	[[[2057.4001 1012.2     696.32  ]]]
6302	[[[2056.2002 1013.4     928.4   ]]]
6303	[[[2056.2002 1012.2     701.56  ]]]
6304	[[[2056.2002  1013.4      928.56006]]]
6305	[[[2057.4001 1012.2     696.4   ]]]
6306	[[[2049.      1014.60004  933.83997]]]
6307	[[[2055.  1013.4  929.2]]]
6308	[[[2057.4001 1012.2     696.36  ]]]
6309	[[[2056.2002 1012.2     700.96  ]]]
6310	[[[2053.8     1013.4      928.56006]]]
6311	[[[2056.2002 1012.2     701.4   ]]]
6312	[[[2055.      1012.2      938.56006]]]
6313	[[[2056.2002 1012.2     700.92  ]]]
6314	[[[2055.      1012.2      939.04004]]]
6315	[[[2057.4001 1012.2     696.52  ]]]
6316	[[[2055.      1013.4      922.83997]]]
6317	[[[2055.  1013.4  922.6]]]
6318	[[[2056.2002  1014.60004  928.88   ]]]
6319	[[[2056.2002 1013.4     701.52  ]]]
6320	[[[2055.      1014.60004  928.32   ]]]
6321	[[[2056.2002  1014.60004  929.32   ]]]
6322	[[[2059.8     1014.60004  926.     ]]]
6323	[[[2051.4001  1014.60004  925.24   ]]]
6324	[[[2056.2002  1015.80005  929.48   ]]]
6325	[[[2057.4001  1018.2      926.92004]]]
6326	[[[2056.2002  1014.60004  701.68   ]]]
6327	[[[2055.      1014.60004  922.64   ]]]
6328	[[[2055.      1017.00006  929.64   ]]]
6329	[[[2056.2002  1015.80005  929.24   ]]]
6330	[[[2056.2002  1015.80005  928.44   ]]]
6331	[[[2053.8     1014.60004  928.64   ]]]
6332	[[[2051.4001  1015.80005  925.36   ]]]
6333	[[[2062.2002 1019.4     930.28  ]]]
6334	[[[2053.8     1014.60004  922.36   ]]]
6335	[[[2056.2002  1014.60004  696.44   ]]]
6336	[[[2055.      1014.60004  696.88   ]]]
6337	[[[2051.4001  1015.80005  925.44   ]]]
6338	[[[2058.6     1017.00006  926.32   ]]]
6339	[[[2056.2002  1014.60004  696.52   ]]]
6340	[[[2055.      1014.60004  696.44   ]]]
6341	[[[2053.8     1015.80005  922.36   ]]]
6342	[[[2055.   1013.4   925.52]]]
6343	[[[2053.8     1018.2      929.72003]]]
6344	[[[2053.8     1015.80005  922.12   ]]]
6345	[[[2053.8     1015.80005  922.56   ]]]
6346	[[[2056.2002  1015.80005  696.52   ]]]
6347	[[[2052.6     1015.80005  698.6    ]]]
6348	[[[2056.2002  1017.00006  696.68   ]]]
6349	[[[2053.8     1017.00006  928.88   ]]]
6350	[[[2055.      1017.00006  701.76   ]]]
6351	[[[2055.      1017.00006  696.52   ]]]
6352	[[[2052.6     1017.00006  698.92   ]]]
6353	[[[2053.8     1017.00006  922.83997]]]
6354	[[[2053.8  1018.2   928.24]]]
6355	[[[2055.      1017.00006  701.56   ]]]
6356	[[[2053.8     1018.2      928.56006]]]
6357	[[[2053.8  1018.2   922.96]]]
6358	[[[2053.8     1020.60004  930.2    ]]]
6359	[[[2053.8  1018.2   922.52]]]
6360	[[[2056.2002  1020.60004  699.44   ]]]
6361	[[[2056.2002  1020.60004  699.48   ]]]
6362	[[[2053.8  1018.2   922.96]]]
6363	[[[2053.8 1018.2  922.6]]]
6364	[[[2053.8  1019.4   928.12]]]
6365	[[[2053.8     1018.2      923.04004]]]
6366	[[[2053.8  1019.4   928.24]]]
6367	[[[2053.8  1018.2   923.08]]]
6368	[[[2056.2002  1020.60004  699.28   ]]]
6369	[[[2056.2002 1018.2     696.44  ]]]
6370	[[[2053.8  1018.2   923.08]]]
6371	[[[2056.2002 1018.2     696.88  ]]]
6372	[[[2055.   1018.2   701.28]]]
6373	[[[2053.8  1018.2   922.68]]]
6374	[[[2053.8  1019.4   928.36]]]
6375	[[[2053.8  1018.2   939.28]]]
6376	[[[2053.8  1019.4   922.88]]]
6377	[[[2050.2002  1020.60004  927.04004]]]
6378	[[[2056.2002 1018.2     701.12  ]]]
6379	[[[2056.2002  1015.80005  699.24   ]]]
6380	[[[2055.   1019.4   929.12]]]
6381	[[[2053.8  1018.2   923.08]]]
6382	[[[2056.2002  1015.80005  699.24   ]]]
6383	[[[2055.   1018.2   697.32]]]
6384	[[[2056.2002  1020.60004  699.44   ]]]
6385	[[[2053.8  1018.2   923.28]]]
6386	[[[2053.8  1018.2   923.36]]]
6387	[[[2053.8  1018.2   939.44]]]
6388	[[[2053.8     1023.00006  926.24   ]]]
6389	[[[2055.  1018.2  701.6]]]
6390	[[[2056.2002 1018.2     696.76  ]
  [ 875.4    1273.8     686.68  ]]]
6391	[[[2053.8     1018.2      939.72003]]]
6392	[[[2056.2002  1023.00006  927.64   ]]]
6393	[[[2053.8  1018.2   923.36]]]
6394	[[[2058.6     1020.60004  926.44   ]]]
6395	[[[2055.  1018.2  701.8]]]
6396	[[[2056.2002  1023.00006  927.64   ]]]
6397	[[[2053.8  1018.2   923.36]]]
6398	[[[2056.2002 1018.2     701.8   ]]]
6399	[[[2053.8  1019.4   929.08]]]
6400	[[[2055.   1018.2   923.36]]]
6401	[[[2056.2002  1021.80005  699.56   ]]]
6402	[[[2055.      1019.4      929.4    ]
  [ 948.60004 1081.8      863.4    ]]]
6403	[[[2056.2002  1020.60004  930.04004]]]
6404	[[[2056.2002 1018.2     701.72  ]]]
6405	[[[2056.2002 1019.4     701.8   ]]]
6406	[[[2056.2002  1021.80005  698.92   ]]]
6407	[[[2056.2002 1018.2     701.72  ]]]
6408	[[[2053.8     1023.00006  926.48   ]]]
6409	[[[2062.2002 1024.2001  931.28  ]]]
6410	[[[2056.2002 1018.2     701.68  ]]]
6411	[[[2056.2002 1018.2     701.84  ]]]
6412	[[[2056.2002 1018.2     701.8   ]]]
6413	[[[2056.2002  1020.60004  929.56006]]]
6414	[[[2055.  1019.4  929. ]]]
6415	[[[2051.4001  1019.4      925.92004]]]
6416	[[[2053.8  1018.2   699.76]]]
6417	[[[2055.      1020.60004  929.2    ]]]
6418	[[[2053.8     1023.00006  926.92004]]]
6419	[[[2053.8 1018.2  699.8]]]
6420	[[[2055.      1020.60004  929.36   ]]]
6421	[[[2055.      1015.80005  925.6    ]]]
6422	[[[2053.8     1023.00006  926.36   ]]]
6423	[[[2055.   1019.4   923.28]]]
6424	[[[2056.2002 1018.2     697.44  ]]]
6425	[[[2056.2002 1018.2     701.6   ]]]
6426	[[[2056.2002 1018.2     702.04  ]]]
6427	[[[2055.   1018.2   922.96]]]
6428	[[[2057.4001 1018.2     701.28  ]]]
6429	[[[2056.2002 1018.2     701.64  ]]]
6430	[[[2055.   1018.2   922.96]]]
6431	[[[2056.2002 1018.2     697.28  ]]]
6432	[[[2056.2002  1015.80005  699.56   ]]]
6433	[[[2053.8     1021.80005  926.48   ]]]
6434	[[[2056.2002 1018.2     701.64  ]]]
6435	[[[2056.2002 1018.2     697.48  ]]]
6436	[[[2055.   1018.2   939.36]]]
6437	[[[2056.2002  1020.60004  929.48   ]]]
6438	[[[2055.   1019.4   923.52]]]
6439	[[[2055.      1020.60004  929.68   ]]]
6440	[[[2053.8     1017.00006  699.4    ]]]
6441	[[[2058.6     1020.60004  926.92004]]]
6442	[[[2055.   1019.4   929.12]]]
6443	[[[2056.2002 1019.4     701.84  ]]]
6444	[[[2055.      1020.60004  928.88   ]]]
6445	[[[2057.4001 1019.4     701.2   ]]]
6446	[[[2056.2002 1019.4     701.48  ]]]
6447	[[[2052.6     1021.80005  926.16003]]]
6448	[[[2056.2002  1020.60004  929.88   ]]]
6449	[[[2053.8  1019.4   923.28]]]
6450	[[[2053.8  1019.4   928.44]]]
6451	[[[2053.8     1019.4      928.56006]]]
6452	[[[2056.2002  1020.60004  929.56006]]]
6453	[[[2056.2002 1019.4     701.84  ]]]
6454	[[[2051.4001  1021.80005  927.     ]]]
6455	[[[2053.8     1020.60004  928.88   ]]]
6456	[[[2055.      1020.60004  929.28   ]]]
6457	[[[2055.   1019.4   923.12]]]
6458	[[[2055.      1019.4      923.04004]]]
6459	[[[2053.8     1020.60004  929.32   ]]]
6460	[[[2053.8     1020.60004  928.96   ]]]
6461	[[[2055.      1020.60004  928.88   ]]]
6462	[[[2056.2002  1020.60004  696.76   ]]]
6463	[[[2055.      1020.60004  923.04004]]]
6464	[[[2055.      1020.60004  922.96   ]]]
6465	[[[2057.4001  1024.2001   927.56006]]]
6466	[[[2053.8     1024.2001   925.92004]]]
6467	[[[2056.2002  1020.60004  701.32   ]]]
6468	[[[2056.2002  1020.60004  701.88   ]]]
6469	[[[2053.8    1024.2001  926.24  ]]]
6470	[[[2058.6     1023.00006  926.24   ]]]
6471	[[[2055.      1020.60004  923.28   ]]]
6472	[[[2051.4001  1021.80005  925.68   ]]]
6473	[[[2056.2002  1020.60004  701.2    ]]]
6474	[[[2056.2002  1020.60004  696.56   ]]]
6475	[[[2056.2002  1021.80005  701.     ]]]
6476	[[[2056.2002  1020.60004  696.56   ]]]
6477	[[[2055.      1018.2      925.16003]]]
6478	[[[2051.4001 1024.2001  927.32  ]]]
6479	[[[2056.2002  1020.60004  701.32   ]]]
6480	[[[2058.6     1023.00006  926.48   ]]]
6481	[[[2055.      1021.80005  922.83997]]]
6482	[[[2053.8  1019.4   699.48]]]
6483	[[[2058.6     1023.00006  926.24   ]]]
6484	[[[2056.2002  1021.80005  929.2    ]]]
6485	[[[2053.8     1020.60004  928.48   ]]]
6486	[[[2055.   1018.2   925.48]]]
6487	[[[2056.2002  1020.60004  701.2    ]]]
6488	[[[2058.6    1024.2001  926.08  ]]]
6489	[[[2056.2002  1020.60004  697.04   ]]]
6490	[[[2056.2002 1024.2001  698.68  ]]]
6491	[[[2057.4001 1019.4     699.16  ]]]
6492	[[[2056.2002  1021.80005  696.6    ]]]
6493	[[[2053.8     1023.00006  928.24   ]]]
6494	[[[2055.      1023.00006  929.04004]]]
6495	[[[2053.8     1023.00006  928.04004]]]
6496	[[[2055.      1021.80005  701.12   ]]]
6497	[[[2058.6     1024.2001   926.16003]]]
6498	[[[2056.2002  1021.80005  701.32   ]]]
6499	[[[2053.8     1021.80005  939.04004]]]
6500	[[[2055.     1024.2001  929.68  ]]]
6501	[[[2053.8     1023.00006  922.44   ]]]
6502	[[[2055.      1021.80005  697.08   ]]]
6503	[[[2055.      1023.00006  701.48   ]]]
6504	[[[2055.     1024.2001  929.12  ]]]
6505	[[[2058.6    1024.2001  926.64  ]]]
6506	[[[2053.8     1023.00006  922.44   ]]]
6507	[[[2055.   1019.4   699.04]]]
6508	[[[2055.      1023.00006  929.12   ]]]
6509	[[[2055.      1021.80005  696.76   ]]]
6510	[[[2055.      1021.80005  696.84   ]]]
6511	[[[2053.8     1021.80005  922.76   ]]]
6512	[[[2055.      1023.00006  929.44   ]]]
6513	[[[2055.      1021.80005  701.28   ]]]
6514	[[[2055.      1021.80005  701.48   ]]]
6515	[[[2053.8     1021.80005  939.36   ]
  [ 916.2     1279.8      705.72   ]]]
6516	[[[2053.8     1021.80005  939.36   ]]]
6517	[[[2055.     1024.2001  699.04  ]]]
6518	[[[2055.      1021.80005  701.4    ]]]
6519	[[[2055.      1020.60004  696.6    ]]]
6520	[[[2055.     1024.2001  698.88  ]]]
6521	[[[2055.      1021.80005  701.44   ]]]
6522	[[[2053.8  1018.2   925.48]]]
6523	[[[2052.6  1025.4   926.48]]]
6524	[[[2052.6  1025.4   926.48]]]
6525	[[[2050.2002  1021.80005  925.48   ]]]
6526	[[[2053.8     1021.80005  928.88   ]]]
6527	[[[2053.8     1021.80005  928.80005]]]
6528	[[[2055.   1018.2   698.68]]]
6529	[[[2053.8     1021.80005  928.80005]]]
6530	[[[2057.4001  1023.00006  926.16003]]]
6531	[[[2055.      1020.60004  701.24   ]]]
6532	[[[2052.6     1021.80005  928.32   ]]]
6533	[[[2055.      1020.60004  696.92   ]]]
6534	[[[2053.8     1020.60004  696.68   ]]]
6535	[[[2055.      1020.60004  701.32   ]]]
6536	[[[2057.4001 1025.4     934.24  ]]]
6537	[[[2053.8     1020.60004  701.6    ]]]
6538	[[[2052.6     1020.60004  939.52   ]]]
6539	[[[2052.6     1021.80005  928.64   ]]]
6540	[[[2053.8     1021.80005  929.32   ]]]
6541	[[[2055.      1023.00006  699.52   ]]]
6542	[[[2052.6     1020.60004  922.8    ]]]
6543	[[[2052.6     1023.00006  929.96   ]]]
6544	[[[2053.8     1020.60004  697.2    ]]]
6545	[[[2056.2002 1024.2001  927.64  ]]]
6546	[[[2051.4001 1024.2001  926.68  ]]]
6547	[[[2052.6     1021.80005  928.56006]]]
6548	[[[2053.8  1019.4   701.52]]]
6549	[[[2052.6     1020.60004  928.88   ]]]
6550	[[[2053.8     1020.60004  701.72   ]]]
6551	[[[2051.4001  1024.2001   926.56006]]]
6552	[[[2053.8     1021.80005  929.12   ]]]
6553	[[[2055.      1024.2001   926.80005]]]
6554	[[[2055.      1017.00006  698.92   ]]]
6555	[[[2052.6     1023.00006  930.44   ]]]
6556	[[[2055.      1020.60004  701.36   ]]]
6557	[[[2053.8  1019.4   697.48]]]
6558	[[[2052.6     1020.60004  922.83997]]]
6559	[[[2053.8     1023.00006  698.72   ]]]
6560	[[[2053.8     1021.80005  929.72003]]]
6561	[[[2053.8     1020.60004  697.2    ]]]
6562	[[[2053.8     1020.60004  697.16   ]]]
6563	[[[2053.8     1020.60004  701.8    ]]]
6564	[[[2049.      1023.00006  927.24   ]]]
6565	[[[2052.6     1021.80005  929.56006]]]
6566	[[[2053.8 1019.4  697. ]]]
6567	[[[2053.8  1019.4   697.32]]]
6568	[[[2052.6     1021.80005  929.32   ]]]
6569	[[[2052.6    1024.2001  926.    ]]]
6570	[[[2053.8     1018.2      926.56006]]]
6571	[[[2053.8     1020.60004  701.44   ]]]
6572	[[[2056.2002  1021.80005  926.76   ]]]
6573	[[[2051.4001  1020.60004  928.72003]]]
6574	[[[2053.8     1023.00006  699.2    ]]]
6575	[[[2053.8     1021.80005  929.08   ]]]
6576	[[[2052.6     1021.80005  929.64   ]]]
6577	[[[2052.6     1020.60004  701.64   ]]]
6578	[[[2052.6 1019.4  701.6]]]
6579	[[[2051.4001  1020.60004  928.88   ]]]
6580	[[[2051.4001 1019.4     922.76  ]]]
6581	[[[2052.6  1019.4   701.56]]]
6582	[[[2055.      1020.60004  926.48   ]]]
6583	[[[2051.4001  1020.60004  928.88   ]]]
6584	[[[2052.6     1021.80005  699.68   ]]]
6585	[[[2050.2002  1023.00006  926.56006]]]
6586	[[[2050.2002  1019.4      923.04004]]]
6587	[[[2052.6     1021.80005  699.32   ]]]
6588	[[[2050.2002  1021.80005  930.6    ]]]
6589	[[[2051.4001 1019.4     701.68  ]]]
6590	[[[2051.4001 1018.2     701.44  ]]]
6591	[[[2053.8     1021.80005  926.88   ]]]
6592	[[[2051.4001 1018.2     701.48  ]]]
6593	[[[2050.2002 1018.2     939.44  ]]]
6594	[[[2051.4001 1018.2     701.8   ]]]
6595	[[[2051.4001  1020.60004  699.24   ]]]
6596	[[[2049.      1018.2      922.83997]]]
6597	[[[2050.2002 1018.2     701.92  ]]]
6598	[[[2052.6     1021.80005  927.72003]]]
6599	[[[2053.8     1019.4      926.83997]]]
6600	[[[2049.      1018.2      929.04004]]]
6601	[[[2050.2002 1018.2     929.64  ]]]
6602	[[[2049.      1017.00006  922.96   ]]]
6603	[[[2051.4001 1018.2     929.64  ]]]
6604	[[[2050.2002 1019.4     698.72  ]]]
6605	[[[2055.      1020.60004  933.52   ]]]
6606	[[[2051.4001 1019.4     699.44  ]]]
6607	[[[2049.  1018.2  929.2]]]
6608	[[[2050.2002  1018.2      929.56006]]]
6609	[[[2051.4001 1019.4     699.76  ]]]
6610	[[[2051.4001 1018.2     929.88  ]]]
6611	[[[2050.2002  1017.00006  701.6    ]]]
6612	[[[2045.4     1018.2      925.92004]]]
6613	[[[2055.      1020.60004  933.16003]]]
6614	[[[2050.2002 1018.2     929.52  ]]]
6615	[[[2051.4001  1014.60004  699.56   ]]]
6616	[[[2049.      1017.00006  922.83997]]]
6617	[[[2050.2002  1014.60004  925.92004]]]
6618	[[[2045.4  1019.4   927.24]]]
6619	[[[2049.   1018.2   928.88]]]
6620	[[[2047.8     1017.00006  928.88   ]]]
6621	[[[2047.8     1018.2      928.80005]]]
6622	[[[2047.8     1021.80005  925.92004]]]
6623	[[[2050.2002 1018.2     701.64  ]]]
6624	[[[2052.6     1019.4      926.56006]]]
6625	[[[2050.2002 1019.4     929.64  ]]]
6626	[[[2050.2002  1020.60004  698.92   ]]]
6627	[[[2050.2002  1020.60004  699.6    ]]]
6628	[[[2050.2002 1018.2     696.92  ]]]
6629	[[[2047.8     1018.2      922.72003]]]
6630	[[[2050.2002 1018.2     696.92  ]]]
6631	[[[2047.8  1018.2   923.12]]]
6632	[[[2047.8  1018.2   922.48]]]
6633	[[[2050.2002 1018.2     696.84  ]]]
6634	[[[2049.   1019.4   929.28]]]
6635	[[[2047.8  1018.2   928.64]]]
6636	[[[2049.   1018.2   697.24]]]
6637	[[[2049.   1018.2   701.32]]]
6638	[[[2046.6001  1017.00006  699.76   ]]]
6639	[[[2049.   1018.2   697.04]]]
6640	[[[2051.4001  1020.60004  926.     ]]]
6641	[[[2049.   1018.2   701.52]]]
6642	[[[2047.8     1023.00006  925.92004]]]
6643	[[[2047.8  1019.4   922.52]]]
6644	[[[2049.  1019.4  697. ]]]
6645	[[[2046.6001  1020.60004  928.80005]]]
6646	[[[2049.   1019.4   697.12]]]
6647	[[[2050.2002  1017.00006  698.76   ]]]
6648	[[[2047.8     1020.60004  922.92004]]]
6649	[[[2046.6001  1020.60004  928.76   ]]]
6650	[[[2049.      1021.80005  929.64   ]]]
6651	[[[2045.4    1024.2001  926.68  ]]]
6652	[[[2049.      1020.60004  701.16   ]]]
6653	[[[2046.6001  1021.80005  928.64   ]]]
6654	[[[2046.6001 1024.2001  926.48  ]]]
6655	[[[2047.8     1021.80005  929.36   ]]]
6656	[[[2049.      1020.60004  701.     ]]]
6657	[[[2051.4001  1021.80005  926.48   ]]]
6658	[[[2046.6001  1021.80005  928.24   ]]]
6659	[[[2047.8     1020.60004  696.92   ]]]
6660	[[[2047.8     1021.80005  928.36   ]]]
6661	[[[2049.      1021.80005  929.4    ]]]
6662	[[[2051.4001  1021.80005  926.44   ]]]
6663	[[[2047.8     1021.80005  928.72003]]]
6664	[[[2045.4    1024.2001  925.76  ]]]
6665	[[[2049.   1018.2   698.96]]]
6666	[[[2047.8     1020.60004  701.36   ]]]
6667	[[[2049.      1020.60004  701.48   ]]]
6668	[[[2049.      1020.60004  700.92   ]]]
6669	[[[2047.8     1021.80005  928.64   ]]]
6670	[[[2047.8     1021.80005  929.2    ]]]
6671	[[[2050.2002  1023.00006  926.32   ]]]
6672	[[[2046.6001  1020.60004  922.96   ]]]
6673	[[[2045.4    1024.2001  926.32  ]]]
6674	[[[2049.      1023.00006  699.4    ]]]
6675	[[[2047.8     1020.60004  701.44   ]]]
6676	[[[2047.8     1021.80005  928.88   ]]]
6677	[[[2046.6001  1020.60004  928.56006]]]
6678	[[[2046.6001  1020.60004  922.72003]]]
6679	[[[2046.6001  1021.80005  928.56006]]]
6680	[[[2049.      1020.60004  701.2    ]]]
6681	[[[2046.6001  1020.60004  928.56006]]]
6682	[[[2047.8     1021.80005  928.56006]]]
6683	[[[2049.      1023.00006  698.96   ]]]
6684	[[[2046.6001  1021.80005  928.36   ]]]
6685	[[[2050.2002 1018.2     698.84  ]]]
6686	[[[2046.6001  1021.80005  928.56006]]]
6687	[[[2047.8     1021.80005  928.56006]]]
6688	[[[2046.6001  1025.4      925.92004]]]
6689	[[[2049.      1020.60004  701.28   ]]]
6690	[[[2046.6001  1021.80005  922.52   ]]]
6691	[[[2049.      1021.80005  696.72   ]]]
6692	[[[2046.6001  1021.80005  923.04004]]]
6693	[[[2047.8     1021.80005  701.48   ]]]
6694	[[[2047.8     1020.60004  697.     ]]]
6695	[[[2047.8     1021.80005  701.68   ]]]
6696	[[[2045.4    1024.2001  925.68  ]]]
6697	[[[2047.8     1021.80005  697.4    ]]]
6698	[[[2051.4001 1025.4     933.48  ]]]
6699	[[[2043.0001 1024.2001  926.88  ]]]
6700	[[[2046.6001  1023.00006  928.80005]]]
6701	[[[2047.8     1020.60004  701.2    ]]]
6702	[[[2047.8     1020.60004  701.16   ]]]
6703	[[[2046.6001  1023.00006  929.12   ]]]
6704	[[[2047.8     1020.60004  701.36   ]]]
6705	[[[2046.6001  1023.00006  929.12   ]]]
6706	[[[2047.8     1020.60004  697.     ]]]
6707	[[[2047.8     1021.80005  701.4    ]]]
6708	[[[2049.  1018.2  698.8]]]
6709	[[[2046.6001  1021.80005  922.6    ]]]
6710	[[[2047.8     1021.80005  701.52   ]]]
6711	[[[2047.8     1021.80005  701.44   ]]]
6712	[[[2046.6001  1021.80005  922.6    ]]]
6713	[[[2047.8     1020.60004  696.96   ]]]
6714	[[[2047.8     1023.00006  929.32   ]]]
6715	[[[2049.      1020.60004  696.76   ]]]
6716	[[[2046.6001  1020.60004  939.12   ]]]
6717	[[[2046.6001  1020.60004  939.12   ]]]
6718	[[[2047.8     1023.00006  929.56006]]]
6719	[[[2047.8     1020.60004  701.4    ]]]
6720	[[[2047.8     1021.80005  929.2    ]]]
6721	[[[2046.6001  1020.60004  922.28   ]]]
6722	[[[2047.8     1021.80005  929.80005]]]
6723	[[[2047.8     1020.60004  701.32   ]]]
6724	[[[2045.4    1024.2001  926.    ]]]
6725	[[[2047.8     1020.60004  701.68   ]]]
6726	[[[2045.4     1021.80005  928.80005]]]
6727	[[[2046.6001  1021.80005  928.56006]]]
6728	[[[2043.0001  1023.00006  926.80005]]]
6729	[[[2051.4001  1023.00006  926.6    ]]]
6730	[[[2047.8     1020.60004  701.52   ]]]
6731	[[[2046.6001  1020.60004  922.92004]]]
6732	[[[2046.6001  1020.60004  939.12   ]]]
6733	[[[2046.6001  1020.60004  922.36   ]]]
6734	[[[2046.6001  1020.60004  939.2    ]]]
6735	[[[2047.8     1021.80005  928.64   ]]]
6736	[[[2047.8     1021.80005  929.76   ]]]
6737	[[[2046.6001  1020.60004  922.52   ]]]
6738	[[[2047.8     1020.60004  696.72   ]]]
6739	[[[2046.6001  1020.60004  923.12   ]]]
6740	[[[2047.8     1020.60004  701.44   ]]]
6741	[[[2047.8     1020.60004  701.4    ]]]
6742	[[[2049.      1020.60004  701.48   ]]]
6743	[[[2049.      1020.60004  701.52   ]]]
6744	[[[2047.8     1020.60004  701.44   ]]]
6745	[[[2049.      1023.00006  698.96   ]]]
6746	[[[2047.8     1021.80005  929.64   ]]]
6747	[[[2049.      1020.60004  700.96   ]]]
6748	[[[2051.4001  1021.80005  926.68   ]]]
6749	[[[2045.4     1023.00006  926.08   ]]]
6750	[[[2046.6001  1020.60004  928.48   ]]]
6751	[[[2046.6001  1023.00006  926.08   ]]]
6752	[[[2049.      1021.80005  698.92   ]]]
6753	[[[2047.8     1020.60004  928.72003]]]
6754	[[[2046.6001 1019.4     922.24  ]]]
6755	[[[2046.6001 1019.4     922.44  ]]]
6756	[[[2047.8 1019.4  701.6]]]
6757	[[[2046.6001 1019.4     922.44  ]]]
6758	[[[2046.6001  1019.4      928.56006]]]
6759	[[[2050.2002  1020.60004  926.     ]]]
6760	[[[2046.6001  1018.2      922.72003]]]
6761	[[[2047.8     1015.80005  925.76   ]]]
6762	[[[2043.0001  1017.00006  926.     ]]]
6763	[[[2046.6001 1019.4     928.76  ]]]
6764	[[[2046.6001 1019.4     928.64  ]]]
6765	[[[2046.6001 1019.4     928.4   ]]]
6766	[[[2050.2002  1020.60004  926.44   ]]]
6767	[[[2050.2002  1020.60004  926.44   ]]]
6768	[[[2046.6001 1018.2     922.8   ]]]
6769	[[[2046.6001 1018.2     922.12  ]]]
6770	[[[2047.8     1017.00006  701.6    ]]]
6771	[[[2047.8  1018.2   701.24]]]
6772	[[[2046.6001 1018.2     922.12  ]]]
6773	[[[2050.2002  1020.60004  926.16003]]]
6774	[[[2046.6001  1019.4      928.16003]]]
6775	[[[2047.8  1019.4   929.64]]]
6776	[[[2047.8  1018.2   701.24]]]
6777	[[[2046.6001  1019.4      928.72003]]]
6778	[[[2046.6001 1018.2     922.88  ]]]
6779	[[[2045.4     1021.80005  925.68   ]]]
6780	[[[2046.6001  1019.4      928.72003]]]
6781	[[[2045.4  1018.2   928.08]]]
6782	[[[2050.2002 1019.4     925.84  ]]]
6783	[[[2047.8  1018.2   701.32]]]
6784	[[[2047.8  1018.2   928.84]]]
6785	[[[2046.6001  1017.00006  922.12   ]]]
6786	[[[2045.4     1018.2      929.04004]]]
6787	[[[2046.6001  1017.00006  922.8    ]]]
6788	[[[2047.8     1015.80005  696.88   ]]]
6789	[[[2046.6001 1018.2     928.48  ]]]
6790	[[[2047.8  1019.4   699.24]]]
6791	[[[2043.0001 1019.4     926.84  ]]]
6792	[[[2045.4     1015.80005  699.04   ]]]
6793	[[[2047.8     1015.80005  701.04   ]]]
6794	[[[2049.   1018.2   699.16]]]
6795	[[[2045.4  1019.4   925.52]]]
6796	[[[2049.  1013.4  698.8]]]
6797	[[[2046.6001  1017.00006  928.52   ]]]
6798	[[[2047.8     1015.80005  701.2    ]]]
6799	[[[2045.4     1020.60004  925.84   ]]]
6800	[[[2047.8     1015.80005  696.24   ]]]
6801	[[[2046.6001  1015.80005  922.56   ]]]
6802	[[[2046.6001  1017.00006  922.24   ]]]
6803	[[[2047.8     1018.2      928.72003]]]
6804	[[[2050.2002 1019.4     926.84  ]]]
6805	[[[2043.0001 1018.2     926.28  ]]]
6806	[[[2047.8     1017.00006  928.92004]]]
6807	[[[2046.6001 1018.2     929.48  ]]]
6808	[[[2046.6001  1015.80005  696.76   ]]]
6809	[[[2047.8     1017.00006  928.72003]]]
6810	[[[2045.4  1019.4   925.24]]]
6811	[[[2046.6001  1015.80005  922.     ]]]
6812	[[[2047.8 1013.4  699. ]]]
6813	[[[2047.8     1015.80005  696.2    ]]]
6814	[[[2045.4 1019.4  925.2]]]
6815	[[[2046.6001  1017.00006  928.08   ]]]
6816	[[[2045.4     1017.00006  928.72003]]]
6817	[[[2047.8  1013.4   698.88]]]
6818	[[[2046.6001  1015.80005  701.36   ]]]
6819	[[[2047.8     1015.80005  700.76   ]]]
6820	[[[2046.6001  1015.80005  696.36   ]]]
6821	[[[2047.8     1015.80005  696.48   ]]]
6822	[[[2046.6001  1017.00006  928.84   ]]]
6823	[[[2047.8     1017.00006  928.8    ]]]
6824	[[[2047.8     1015.80005  696.44   ]]]
6825	[[[2046.6001  1015.80005  696.44   ]]]
6826	[[[2047.8     1017.00006  929.04004]]]
6827	[[[2046.6001  1015.80005  701.44   ]]]
6828	[[[2046.6001  1017.00006  928.16003]]]
6829	[[[2045.4     1015.80005  922.56   ]]]
6830	[[[2046.6001  1017.00006  929.24   ]]]
6831	[[[2045.4     1015.80005  922.72003]]]
6832	[[[2046.6001  1017.00006  928.24   ]]]
6833	[[[2045.4     1014.60004  922.08   ]]]
6834	[[[2045.4     1014.60004  921.88   ]
  [ 778.2     1057.8      754.24   ]]]
6835	[[[2044.2001  1015.80005  928.48   ]]]
6836	[[[2047.8     1014.60004  700.72   ]]]
6837	[[[2045.4     1017.00006  929.16003]]]
6838	[[[2045.4     1014.60004  938.72003]]]
6839	[[[2046.6001  1017.00006  929.16003]]]
6840	[[[2046.6001  1014.60004  696.24   ]]]
6841	[[[2047.8     1014.60004  696.2    ]]]
6842	[[[2046.6001  1015.80005  696.68   ]]]
6843	[[[2045.4  1018.2   929.56]]]
6844	[[[2047.8     1015.80005  700.76   ]]]
6845	[[[2047.8     1015.80005  696.48   ]]]
6846	[[[2046.6001  1015.80005  696.72   ]]]
6847	[[[2045.4     1015.80005  928.16003]]]
6848	[[[2046.6001  1015.80005  696.64   ]]]
6849	[[[2046.6001  1017.00006  928.16003]]]
6850	[[[2046.6001  1017.00006  928.48   ]]]
6851	[[[2044.2001 1019.4     925.96  ]]]
6852	[[[2045.4     1017.00006  927.92004]]]
6853	[[[2046.6001  1017.00006  928.36   ]]]
6854	[[[2046.6001  1015.80005  701.     ]]]
6855	[[[2045.4     1017.00006  928.56   ]]]
6856	[[[2046.6001  1015.80005  700.8    ]
  [ 876.60004 1111.8      812.76   ]]]
6857	[[[2046.6001  1017.00006  928.92004]]]
6858	[[[2046.6001  1017.00006  928.04004]]]
6859	[[[2045.4     1015.80005  928.04004]]]
6860	[[[2045.4     1015.80005  928.36   ]]]
6861	[[[2045.4     1017.00006  929.     ]]]
6862	[[[2044.2001  1019.4      925.72003]
  [ 901.80005 1075.8      835.96   ]]]
6863	[[[2046.6001  1015.80005  700.8    ]]]
6864	[[[2046.6001 1018.2     699.    ]]]
6865	[[[2046.6001  1014.60004  700.92   ]]]
6866	[[[2045.4     1014.60004  921.96   ]]]
6867	[[[2045.4     1017.00006  928.92004]]]
6868	[[[2041.8     1015.80005  925.28   ]]]
6869	[[[2047.8  1012.2   698.52]]]
6870	[[[2045.4     1015.80005  928.24   ]]]
6871	[[[2046.6001  1015.80005  928.84   ]]]
6872	[[[2046.6001  1014.60004  700.92   ]]]
6873	[[[2047.8  1012.2   698.32]]]
6874	[[[2045.4     1014.60004  921.84   ]]]
6875	[[[2046.6001  1015.80005  928.     ]]]
6876	[[[2045.4     1015.80005  928.04004]]]
6877	[[[2046.6001  1015.80005  929.     ]]]
6878	[[[2044.2001  1014.60004  927.68   ]]]
6879	[[[2046.6001  1015.80005  928.36   ]]]
6880	[[[2045.4     1015.80005  928.56   ]]]
6881	[[[2047.8     1011.00006  698.08   ]]]
6882	[[[2045.4  1013.4   921.84]]]
6883	[[[2046.6001 1013.4     696.56  ]]]
6884	[[[2045.4     1014.60004  927.36   ]]]
6885	[[[2047.8     1015.80005  698.64   ]]]
6886	[[[2046.6001 1013.4     700.8   ]]]
6887	[[[2046.6001  1014.60004  928.76   ]]]
6888	[[[2045.4  1013.4   921.84]]]
6889	[[[2047.8     1011.00006  698.4    ]]]
6890	[[[2041.8     1014.60004  925.04004]]]
6891	[[[2045.4     1014.60004  927.68   ]]]
6892	[[[2046.6001  1015.80005  698.72   ]]]
6893	[[[2044.2001  1013.4      922.16003]]]
6894	[[[2046.6001  1014.60004  928.76   ]]]
6895	[[[2045.4 1013.4  922.4]]]
6896	[[[2046.6001  1014.60004  929.     ]]]
6897	[[[2046.6001 1013.4     700.52  ]]]
6898	[[[2046.6001 1012.2     696.36  ]]]
6899	[[[2045.4  1013.4   922.08]]]
6900	[[[2044.2001 1012.2     921.64  ]]]
6901	[[[2046.6001 1012.2     696.32  ]]]
6902	[[[2044.2001 1012.2     928.    ]]]
6903	[[[2044.2001 1012.2     928.    ]]]
6904	[[[2044.2001 1013.4     928.    ]]]
6905	[[[2047.8     1009.80005  698.32   ]]]
6906	[[[2044.2001 1012.2     928.24  ]]]
6907	[[[2045.4  1012.2   922.08]]]
6908	[[[2045.4  1013.4   928.36]]]
6909	[[[2046.6001  1014.60004  698.4    ]]]
6910	[[[2046.6001 1012.2     700.56  ]]]
6911	[[[2047.8     1009.80005  698.8    ]]]
6912	[[[2046.6001 1012.2     700.92  ]]]
6913	[[[2046.6001 1012.2     700.56  ]]]
6914	[[[2046.6001 1012.2     700.88  ]]]
6915	[[[2046.6001 1013.4     928.52  ]]]
6916	[[[2045.4  1012.2   938.32]]]
6917	[[[2041.8  1013.4   925.12]]]
6918	[[[2046.6001 1012.2     700.52  ]]]
6919	[[[2046.6001 1013.4     700.92  ]]]
6920	[[[2045.4 1013.4  928.2]]]
6921	[[[2045.4     1017.00006  925.24   ]]]
6922	[[[2045.4     1009.80005  924.64   ]]]
6923	[[[2046.6001  1014.60004  928.84   ]]]
6924	[[[2045.4 1013.4  922. ]]]
6925	[[[2045.4  1013.4   922.36]]]
6926	[[[2045.4     1014.60004  928.28   ]]]
6927	[[[2045.4 1012.2  921.6]]]
6928	[[[2046.6001  1014.60004  928.2    ]]]
6929	[[[2045.4     1013.4      921.92004]]]
6930	[[[2046.6001 1012.2     701.04  ]]]
6931	[[[2045.4  1013.4   922.32]]]
6932	[[[2045.4     1012.2      938.16003]]]
6933	[[[2045.4 1013.4  921.6]]]
6934	[[[2045.4     1013.4      922.04004]]]
6935	[[[2046.6001 1013.4     928.52  ]]]
6936	[[[2045.4     1014.60004  928.52   ]]]
6937	[[[2046.6001 1013.4     927.64  ]]]
6938	[[[2045.4 1013.4  922. ]]]
6939	[[[2044.2001 1013.4     928.52  ]]]
6940	[[[2045.4 1012.2  938.2]]]
6941	[[[2045.4  1012.2   921.68]]]
6942	[[[2045.4     1014.60004  929.28   ]]]
6943	[[[2046.6001 1013.4     928.6   ]]]
6944	[[[2046.6001 1013.4     928.6   ]]]
6945	[[[2045.4  1012.2   927.64]]]
6946	[[[2050.2002  1014.60004  925.64   ]]]
6947	[[[2045.4  1013.4   927.52]]]
6948	[[[2046.6001 1012.2     927.2   ]]]
6949	[[[2045.4     1008.60004  924.56   ]]]
6950	[[[2046.6001 1012.2     928.2   ]]]
6951	[[[2044.2001 1012.2     927.88  ]]]
6952	[[[2045.4     1011.00006  927.84   ]]]
6953	[[[2046.6001 1012.2     927.84  ]]]
6954	[[[2044.2001  1015.80005  925.88   ]]]
6955	[[[2045.4     1008.60004  924.88   ]]]
6956	[[[2045.4  1012.2   922.36]]]
6957	[[[2045.4  1013.4   928.52]]]
6958	[[[2046.6001 1012.2     700.6   ]]]
6959	[[[2047.8  1013.4   928.84]]]
6960	[[[2046.6001 1013.4     928.08  ]]]
6961	[[[2047.8  1013.4   928.52]]]
6962	[[[2046.6001 1013.4     928.52  ]]]
6963	[[[2050.2002  1014.60004  925.24   ]]]
6964	[[[2041.8     1014.60004  926.2    ]]]
6965	[[[2046.6001 1012.2     701.44  ]]]
6966	[[[2050.2002 1013.4     925.8   ]]]
6967	[[[2047.8     1014.60004  698.64   ]]]
6968	[[[2046.6001  1011.00006  700.88   ]]]
6969	[[[2046.6001 1012.2     700.68  ]]]
6970	[[[2045.4 1012.2  927.6]]]
6971	[[[2045.4  1012.2   927.68]]]
6972	[[[2044.2001  1014.60004  925.72003]]]
6973	[[[2044.2001  1014.60004  925.04004]]]
6974	[[[2045.4     1011.00006  921.44   ]]]
6975	[[[2047.8     1011.00006  700.4    ]]]
6976	[[[2047.8  1013.4   698.36]]]
6977	[[[2046.6001  1011.00006  700.6    ]]]
6978	[[[2045.4  1012.2   928.24]]]
6979	[[[2046.6001  1011.00006  700.64   ]]]
6980	[[[2045.4     1012.2      928.04004]]]
6981	[[[2046.6001  1011.00006  700.76   ]]]
6982	[[[2045.4     1011.00006  696.4    ]]]
6983	[[[2046.6001  1011.00006  700.64   ]]]
6984	[[[2044.2001  1014.60004  925.12   ]]]
6985	[[[2046.6001  1011.00006  700.36   ]]]
6986	[[[2046.6001 1013.4     698.56  ]]]
6987	[[[2046.6001  1011.00006  695.72   ]]]
6988	[[[2046.6001  1009.80005  700.76   ]]]
6989	[[[2045.4     1011.00006  927.44   ]]]
6990	[[[2045.4     1007.4      924.72003]]]
6991	[[[2045.4 1012.2  928.2]]]
6992	[[[2044.2001 1013.4     925.56  ]]]
6993	[[[2045.4  1012.2   928.52]]]
6994	[[[2044.2001  1011.00006  928.52   ]]]
6995	[[[2049.   1012.2   925.48]]]
6996	[[[2045.4     1009.80005  696.56   ]]]
6997	[[[2046.6001  1009.80005  700.6    ]]]
6998	[[[2045.4     1009.80005  927.2    ]]]
6999	[[[2045.4     1009.80005  921.6    ]]]
7000	[[[2044.2001  1008.60004  921.6    ]]]
7001	[[[2049.      1011.00006  925.56   ]]]
7002	[[[2045.4     1011.00006  928.88   ]]]
7003	[[[2045.4     1009.80005  927.28   ]]]
7004	[[[2044.2001  1008.60004  928.2    ]]]
7005	[[[2047.8     1011.00006  924.24   ]]]
7006	[[[2045.4     1009.80005  921.92004]]]
7007	[[[2050.2002  1011.00006  925.88   ]]]
7008	[[[2046.6001  1009.80005  927.96   ]]]
7009	[[[2045.4     1009.80005  927.96   ]]]
7010	[[[2046.6001  1011.00006  927.96   ]]]
7011	[[[2046.6001  1009.80005  928.6    ]]]
7012	[[[2044.2001 1006.2     924.    ]]]
7013	[[[2044.2001  1008.60004  938.52   ]]]
7014	[[[2044.2001  1009.80005  921.92004]]]
7015	[[[2046.6001  1009.80005  928.2    ]]]
7016	[[[2049.      1011.00006  925.64   ]]]
7017	[[[2045.4     1009.80005  928.28   ]]]
7018	[[[2045.4     1009.80005  927.96   ]]]
7019	[[[2049.      1009.80005  925.64   ]]]
7020	[[[2045.4     1008.60004  927.56   ]]]
7021	[[[2044.2001 1007.4     921.56  ]]]
7022	[[[2044.2001  1009.80005  928.6    ]]]
7023	[[[2045.4     1008.60004  927.64   ]]]
7024	[[[2045.4  1007.4   926.96]]]
7025	[[[2044.2001 1007.4     938.2   ]]]
7026	[[[2044.2001 1007.4     938.12  ]]]
7027	[[[2047.8     1009.80005  925.32   ]]]
7028	[[[2045.4     1008.60004  927.64   ]]]
7029	[[[2044.2001 1007.4     938.12  ]]]
7030	[[[2044.2001 1007.4     938.28  ]]]
7031	[[[2044.2001  1008.60004  927.28   ]]]
7032	[[[2044.2001  1008.60004  927.64   ]
  [ 977.4     1117.8      885.4    ]]]
7033	[[[2044.2001  1009.80005  928.52   ]]]
7034	[[[2044.2001 1006.2     929.28  ]]]
7035	[[[2044.2001  1008.60004  928.52   ]]]
7036	[[[2044.2001 1007.4     926.88  ]]]
7037	[[[2045.4     1009.80005  698.88   ]]]
7038	[[[2039.4  1006.2   925.24]]]
7039	[[[2043.0001  1008.60004  927.2    ]]]
7040	[[[2043.0001 1007.4     921.6   ]]]
7041	[[[2044.2001 1007.4     700.56  ]]]
7042	[[[2044.2001 1006.2     700.64  ]]]
7043	[[[2047.8     1008.60004  925.56   ]]]
7044	[[[2046.6001  1009.80005  925.56   ]]]
7045	[[[2043.0001 1006.2     921.6   ]]]
7046	[[[2044.2001 1007.4     928.2   ]]]
7047	[[[2045.4     1008.60004  924.24   ]]]
7048	[[[2041.8  1007.4   927.52]]]
7049	[[[2043.0001 1006.2     938.08  ]]]
7050	[[[2044.2001 1006.2     700.52  ]]]
7051	[[[2043.0001 1006.2     937.88  ]]]
7052	[[[2041.8     1011.00006  924.88   ]]]
7053	[[[2041.8 1006.2  928.2]]]
7054	[[[2041.8     1008.60004  928.92004]]]
7055	[[[2044.2001 1007.4     927.88  ]]]
7056	[[[2043.0001  1002.60004  924.24   ]]]
7057	[[[2041.8  1006.2   938.44]]]
7058	[[[2044.2001 1006.2     700.42  ]]]
7059	[[[2043.0001 1006.2     921.6   ]]]
7060	[[[2041.8  1006.2   927.52]]]
7061	[[[2041.8     1009.80005  925.32   ]]]
7062	[[[2043.0001  1002.60004  924.     ]]]
7063	[[[2043.0001  1005.00006  921.68   ]]]
7064	[[[2043.0001  1005.00006  938.2    ]]]
7065	[[[2041.8     1005.00006  927.52   ]]]
7066	[[[2043.0001 1007.4     928.52  ]]]
7067	[[[2041.8     1008.60004  925.24   ]]]
7068	[[[2044.2001 1007.4     928.2   ]]]
7069	[[[2041.8     1009.80005  924.88   ]]]
7070	[[[2043.0001  1005.00006  938.2    ]
  [1025.4     1111.8      942.16003]]]
7071	[[[2044.2001 1006.2     928.44  ]]]
7072	[[[2043.0001 1001.4     924.88  ]]]
7073	[[[2040.6001 1007.4     924.88  ]]]
7074	[[[2041.8     1003.80005  927.96   ]]]
7075	[[[2043.0001  1005.00006  921.6    ]]]
7076	[[[2044.2001  1003.80005  700.48   ]]]
7077	[[[2043.0001 1006.2     928.52  ]]]
7078	[[[2043.0001  1003.80005  921.36   ]]]
7079	[[[2043.0001  1003.80005  921.68   ]]]
7080	[[[2039.4  1006.2   925.88]]]
7081	[[[2043.0001  1003.80005  921.44   ]]]
7082	[[[2043.0001  1003.80005  927.4    ]]]
7083	[[[2041.8     1005.00006  927.36   ]]]
7084	[[[2039.4     1005.00006  924.96   ]]]
7085	[[[2043.0001  1003.80005  921.36   ]]]
7086	[[[2041.8     1003.80005  921.68   ]]]
7087	[[[2041.8     1005.00006  927.64   ]]]
7088	[[[2044.2001  1005.00006  928.8    ]]]
7089	[[[2046.6001  1005.00006  925.64   ]]]
7090	[[[2043.0001  1002.60004  926.2    ]]]
7091	[[[2043.0001  1003.80005  926.96   ]
  [ 857.4     1165.8      750.08   ]]]
7092	[[[2043.0001  1003.80005  927.96   ]
  [ 894.60004 1081.8      828.96   ]]]
7093	[[[2043.0001  1003.80005  927.64   ]]]
7094	[[[2044.2001  1003.80005  928.96   ]]]
7095	[[[2043.0001  1002.60004  937.88   ]]]
7096	[[[2041.8  1007.4   924.88]]]
7097	[[[2040.6001  1003.80005  928.2    ]]]
7098	[[[2043.0001  1005.00006  928.88   ]]]
7099	[[[2043.0001  1002.60004  701.04   ]]]
7100	[[[2041.8     1002.60004  921.92004]]]
7101	[[[2044.2001  1002.60004  700.32   ]]]
7102	[[[2040.6001 1006.2     924.88  ]]]
7103	[[[2040.6001  1002.60004  927.52   ]
  [ 871.80005 1123.8      787.6    ]]]
7104	[[[2041.8      999.00006  924.56   ]]]
7105	[[[2045.4     1005.00006  925.56   ]]]
7106	[[[2040.6001 1006.2     924.88  ]]]
7107	[[[2045.4     1003.80005  924.88   ]]]
7108	[[[2040.6001 1006.2     925.12  ]]]
7109	[[[2040.6001  1003.80005  927.76   ]]]
7110	[[[2041.8     1002.60004  696.     ]]]
7111	[[[2041.8     1003.80005  928.28   ]]]
7112	[[[2041.8      999.00006  924.44   ]]]
7113	[[[2039.4  1006.2   925.32]]]
7114	[[[2040.6001  1003.80005  928.28   ]]]
7115	[[[2041.8      999.00006  924.56   ]]]
7116	[[[2041.8     1003.80005  928.52   ]]]
7117	[[[2040.6001  1003.80005  928.52   ]]]
7118	[[[2039.4     1006.2      924.92004]]]
7119	[[[2041.8     1002.60004  700.8    ]]]
7120	[[[2041.8     1003.80005  928.2    ]]]
7121	[[[2039.4 1001.4  698.8]]]
7122	[[[2041.8     1003.80005  928.2    ]]]
7123	[[[2039.4  1001.4   927.56]]]
7124	[[[2041.8     1002.60004  700.84   ]]]
7125	[[[2040.6001  1002.60004  927.52   ]]]
7126	[[[2043.0001  1003.80005  924.24   ]]]
7127	[[[2041.8  1006.2   925.56]]]
7128	[[[2040.6001  1002.60004  927.52   ]]]
7129	[[[2040.6001  1002.60004  927.44   ]]]
7130	[[[2040.6001  1003.80005  928.2    ]]]
7131	[[[2041.8     1002.60004  700.6    ]
  [ 849.00006 1117.8      769.48   ]]]
7132	[[[2043.0001  1003.80005  924.     ]]]
7133	[[[2044.2001  1003.80005  925.64   ]]]
7134	[[[2040.6001  1002.60004  927.28   ]]]
7135	[[[2041.8      999.00006  925.     ]]]
7136	[[[2040.6001  1005.00006  924.64   ]]]
7137	[[[2037.0001  1003.80005  925.64   ]]]
7138	[[[2040.6001  1002.60004  927.28   ]]]
7139	[[[2041.8     1002.60004  928.28   ]]]
7140	[[[2041.8     1002.60004  928.36   ]]]
7141	[[[2040.6001 1000.2     921.12  ]]]
7142	[[[2039.4     1002.60004  928.12   ]]]
7143	[[[2040.6001 1001.4     938.36  ]]]
7144	[[[2039.4 1001.4  927.4]]]
7145	[[[2040.6001  1001.4      927.72003]]]
7146	[[[2040.6001  1002.60004  928.48   ]]]
7147	[[[2045.4     1002.60004  925.4    ]]]
7148	[[[2041.8  1001.4   927.08]]]
7149	[[[2041.8      997.80005  924.84   ]]]
7150	[[[2040.6001  1002.60004  928.6    ]]]
7151	[[[2041.8      997.80005  924.76   ]]]
7152	[[[2040.6001 1000.2     937.96  ]]]
7153	[[[2041.8     1002.60004  928.72003]]]
7154	[[[2040.6001  1001.4      921.76   ]
  [ 966.60004 1159.8      795.04   ]]]
7155	[[[2041.8 1001.4  927.8]]]
7156	[[[2040.6001  1002.60004  928.48   ]
  [ 954.60004 1027.8      900.76   ]]]
7157	[[[2041.8     1001.4      928.04004]]]
7158	[[[2041.8     1002.60004  928.36   ]]]
7159	[[[2040.6001 1001.4     938.36  ]]]
7160	[[[2039.4     1002.60004  927.48   ]]]
7161	[[[2039.4     1001.4      921.88   ]
  [ 955.80005 1135.8      862.48   ]]]
7162	[[[2040.6001  1003.80005  928.4    ]]]
7163	[[[2040.6001 1001.4     937.96  ]]]
7164	[[[2040.6001 1001.4     921.2   ]]]
7165	[[[2039.4     1005.00006  925.08   ]]]
7166	[[[2040.6001 1001.4     927.4   ]]]
7167	[[[2038.2001  1005.00006  925.4    ]]]
7168	[[[2039.4  1001.4   921.44]]]
7169	[[[2038.2001  1005.00006  925.4    ]]]
7170	[[[2040.6001 1000.2     700.72  ]]]
7171	[[[2040.6001 1000.2     926.24  ]]]
