0	[[[2164.2002  976.2     709.    ]]]
1	[[[2165.4001  977.4     708.52  ]]]
2	[[[2161.8      978.60004  939.72003]]]
3	[[[2161.8      978.60004  938.96   ]]]
4	[[[2165.4001   978.60004  707.36   ]]]
5	[[[2161.8  977.4  938.8]]]
6	[[[2160.6      978.60004  939.72003]]]
7	[[[2164.2002  976.2     708.8   ]]]
8	[[[2164.2002  976.2     704.32  ]]]
9	[[[2161.8      973.80005  935.76   ]]]
10	[[[2160.6   977.4   932.48]]]
11	[[[2164.2002  976.2     708.96  ]]]
12	[[[2160.6  977.4  938.4]]]
13	[[[2160.6      973.80005  935.76   ]]]
14	[[[2164.2002  976.2     704.64  ]]]
15	[[[2163.    977.4   709.76]]]
16	[[[2160.6   977.4   938.48]]]
17	[[[2159.4001   978.60004  939.08   ]]]
18	[[[2163.    977.4   704.76]]]
19	[[[2159.4001   978.60004  938.6    ]]]
20	[[[2159.4001   977.4      938.16003]]]
21	[[[2159.4001   978.60004  938.92004]]]
22	[[[2164.2002  977.4     709.36  ]]]
23	[[[2159.4001   978.60004  938.88   ]]]
24	[[[2164.2002  977.4     709.28  ]]]
25	[[[2159.4001   979.80005  939.56   ]]]
26	[[[2164.2002  977.4     709.2   ]]]
27	[[[2165.4001   979.80005  707.12   ]]]
28	[[[2160.6      979.80005  939.32   ]]]
29	[[[2160.6      979.80005  939.32   ]]]
30	[[[2160.6      978.60004  949.2    ]]]
31	[[[2163.       978.60004  704.84   ]]]
32	[[[2163.   982.2  936.6]]]
33	[[[2161.8      979.80005  938.92004]]]
34	[[[2160.6      979.80005  938.16003]]]
35	[[[2160.6      978.60004  937.4    ]]]
36	[[[2157.       979.80005  935.16003]]]
37	[[[2164.2002   978.60004  704.12   ]]]
38	[[[2164.2002   978.60004  704.48   ]]]
39	[[[2160.6      981.00006  939.28   ]]]
40	[[[2160.6      978.60004  938.24   ]]]
41	[[[2160.6      979.80005  937.84   ]]]
42	[[[2160.6      979.80005  937.8    ]]]
43	[[[2160.6      981.00006  939.56   ]]]
44	[[[2160.6      979.80005  938.16003]]]
45	[[[2161.8      981.00006  938.80005]]]
46	[[[2159.4001   981.00006  938.4    ]]]
47	[[[2164.2002  982.2     707.04  ]]]
48	[[[2160.6      981.00006  939.4    ]]]
49	[[[2161.8   982.2   939.32]]]
50	[[[2160.6      979.80005  932.68   ]]]
51	[[[2164.2002   979.80005  708.8    ]]]
52	[[[2161.8      981.00006  938.64   ]]]
53	[[[2159.4001   981.00006  938.64   ]]]
54	[[[2159.4001   981.00006  938.     ]]]
55	[[[2159.4001  982.2     939.2   ]]]
56	[[[2163.       981.00006  704.68   ]]]
57	[[[2161.8      984.60004  937.4    ]]]
58	[[[2160.6      982.2      939.16003]]]
59	[[[2159.4001   981.00006  937.84   ]]]
60	[[[2164.2002   979.80005  709.12   ]]]
61	[[[2163.       979.80005  708.64   ]]]
62	[[[2160.6  982.2  938.8]]]
63	[[[2163.       979.80005  709.08   ]]]
64	[[[2163.       979.80005  704.4    ]]]
65	[[[2159.4001   981.00006  938.08   ]]]
66	[[[2164.2002  982.2     707.    ]]]
67	[[[2160.6      982.2      939.04004]]]
68	[[[2159.4001   981.00006  937.96   ]
  [1074.6001  1213.8      865.36   ]]]
69	[[[2160.6   982.2   939.48]]]
70	[[[2160.6   982.2   938.84]]]
71	[[[2164.2002  983.4     707.08  ]]]
72	[[[2164.2002   981.00006  709.16   ]]]
73	[[[2159.4001  982.2     938.64  ]]]
74	[[[2160.6      982.2      938.72003]]]
75	[[[2165.4001  983.4     707.44  ]]]
76	[[[2163.       981.00006  708.92   ]]]
77	[[[2160.6   982.2   938.64]]]
78	[[[2159.4001   978.60004  935.08   ]]]
79	[[[2164.2002   981.00006  709.2    ]]]
80	[[[2160.6      983.4      939.04004]]]
81	[[[2159.4001   982.2      938.72003]]]
82	[[[2164.2002   981.00006  709.2    ]]]
83	[[[2161.8      981.00006  938.4    ]]]
84	[[[2159.4001  983.4     938.96  ]]]
85	[[[2160.6   983.4   938.88]]]
86	[[[2158.2002   983.4      938.92004]]]
87	[[[2159.4001  983.4     939.36  ]]]
88	[[[2163.   982.2  704.4]]]
89	[[[2163.    982.2   708.76]]]
90	[[[2159.4001  983.4     932.28  ]]]
91	[[[2160.6      984.60004  938.4    ]]]
92	[[[2159.4001  983.4     932.48  ]]]
93	[[[2163.    982.2   708.84]]]
94	[[[2159.4001   984.60004  938.48   ]]]
95	[[[2159.4001   979.80005  934.92004]]]
96	[[[2159.4001  983.4     931.96  ]]]
97	[[[2159.4001   984.60004  938.56006]
  [1002.60004 1135.8      831.64   ]]]
98	[[[2160.6      984.60004  938.88   ]]]
99	[[[2159.4001   983.4      937.56006]]]
100	[[[2164.2002  983.4     709.04  ]]]
101	[[[2159.4001   984.60004  938.32   ]]]
102	[[[2159.4001   985.80005  939.32   ]]]
103	[[[2163.       984.60004  704.52   ]]]
104	[[[2160.6      985.80005  938.88   ]]]
105	[[[2164.2002   984.60004  703.88   ]]]
106	[[[2164.2002   987.00006  706.76   ]]]
107	[[[2160.6   982.2   935.68]]]
108	[[[2161.8      987.00006  939.2    ]]]
109	[[[2159.4001   985.80005  938.36   ]]]
110	[[[2164.2002   984.60004  708.36   ]]]
111	[[[2161.8      989.4      936.80005]]]
112	[[[2164.2002   984.60004  708.92   ]]]
113	[[[2163.       985.80005  704.6    ]]]
114	[[[2159.4001   987.00006  938.32   ]]]
115	[[[2160.6      985.80005  937.64   ]]]
116	[[[2160.6      984.60004  936.24   ]]]
117	[[[2165.4001  988.2     707.12  ]]]
118	[[[2165.4001  988.2     706.52  ]]]
119	[[[2164.2002   985.80005  708.56   ]]]
120	[[[2160.6   988.2   938.44]]]
121	[[[2161.8   988.2   938.08]]]
122	[[[2160.6  988.2  938.8]]]
123	[[[2164.2002   987.00006  704.24   ]]]
124	[[[2161.8   988.2   938.32]]]
125	[[[2165.4001   985.80005  708.96   ]]]
126	[[[2164.2002   987.00006  704.2    ]]]
127	[[[2160.6      987.00006  938.4    ]]]
128	[[[2165.4001  989.4     706.28  ]]]
129	[[[2165.4001   987.00006  703.96   ]]]
130	[[[2164.2002   987.00006  708.56   ]]]
131	[[[2164.2002   987.00006  708.84   ]]]
132	[[[2160.6      987.00006  937.8    ]]]
133	[[[2164.2002   987.00006  708.72   ]]]
134	[[[2161.8   988.2   937.84]]]
135	[[[2160.6   988.2   937.64]]]
136	[[[2165.4001   987.00006  704.     ]]]
137	[[[2164.2002   991.80005  937.24   ]]]
138	[[[2160.6  988.2  938. ]]]
139	[[[2165.4001   987.00006  708.96   ]]]
140	[[[2161.8   989.4   938.24]]]
141	[[[2161.8  989.4  938.8]]]
142	[[[2161.8      991.80005  935.84   ]]]
143	[[[2163.       991.80005  936.84   ]]]
144	[[[2163.    989.4   938.48]]]
145	[[[2160.6   988.2   938.48]]]
146	[[[2164.2002  988.2     708.84  ]]]
147	[[[2164.2002   987.00006  708.56   ]]]
148	[[[2161.8      988.2      937.92004]]]
149	[[[2165.4001   987.00006  708.4    ]]]
150	[[[2161.8      984.60004  934.76   ]]]
151	[[[2160.6   988.2   938.44]]]
152	[[[2164.2002   987.00006  704.12   ]]]
153	[[[2161.8      987.00006  932.16003]]]
154	[[[2161.8  989.4  939. ]]]
155	[[[2163.    989.4   938.48]]]
156	[[[2160.6      987.00006  937.6    ]]]
157	[[[2163.    988.2   937.84]]]
158	[[[2166.6   989.4   706.88]]]
159	[[[2161.8   988.2   937.84]]]
160	[[[2161.8   988.2   937.56]]]
161	[[[2161.8      988.2      938.16003]]]
162	[[[2161.8  988.2  931.8]]]
163	[[[2165.4001   990.60004  936.08   ]]]
164	[[[2161.8      991.80005  935.6    ]]]
165	[[[2165.4001  988.2     704.28  ]]]
166	[[[2165.4001   987.00006  708.6    ]]]
167	[[[2163.    988.2   938.08]]]
168	[[[2166.6   989.4   706.56]]]
169	[[[2164.2002   984.60004  707.     ]]]
170	[[[2163.    989.4   938.24]]]
171	[[[2165.4001   987.00006  703.72   ]]]
172	[[[2163.       984.60004  935.28   ]]]
173	[[[2161.8      988.2      937.92004]]]
174	[[[2166.6      987.00006  709.08   ]]]
175	[[[2164.2002   991.80005  936.6    ]]]
176	[[[2165.4001   987.00006  708.36   ]]]
177	[[[2161.8      991.80005  935.84   ]]]
178	[[[2158.2002  988.2     935.08  ]]]
179	[[[2165.4001  988.2     708.56  ]]]
180	[[[2161.8      989.4      938.80005]]]
181	[[[2163.    988.2   938.12]]]
182	[[[2163.    989.4   937.76]]]
183	[[[2160.6   989.4   938.56]]]
184	[[[2161.8      990.60004  939.24   ]]]
185	[[[2166.6  988.2  708.4]]]
186	[[[2166.6      990.60004  707.08   ]]]
187	[[[2161.8   989.4   937.76]]]
188	[[[2164.2002  989.4     939.32  ]]]
189	[[[2163.       990.60004  939.28   ]]]
190	[[[2165.4001  988.2     704.44  ]]]
191	[[[2163.    988.2   932.36]]]
192	[[[2163.   989.4  938.2]]]
193	[[[2161.8   989.4   938.96]]]
194	[[[2160.6   989.4   938.84]]]
195	[[[2165.4001  988.2     708.56  ]]]
196	[[[2163.       985.80005  935.76   ]]]
197	[[[2160.6      991.80005  935.24   ]]]
198	[[[2161.8   989.4   938.84]]]
199	[[[2161.8      990.60004  939.2    ]]]
200	[[[2161.8      985.80005  935.2    ]]]
201	[[[2165.4001   991.80005  936.16003]]]
202	[[[2166.6   988.2   708.56]]]
203	[[[2161.8      989.4      938.16003]]]
204	[[[2161.8  989.4  938.4]]]
205	[[[2163.       985.80005  934.84   ]]]
206	[[[2161.8   988.2   931.96]]]
207	[[[2165.4001  989.4     708.84  ]]]
208	[[[2165.4001  989.4     704.36  ]]]
209	[[[2165.4001  989.4     708.6   ]]]
210	[[[2160.6      990.60004  938.2    ]]]
211	[[[2158.2002  989.4     935.44  ]]]
212	[[[2165.4001  988.2     704.04  ]]]
213	[[[2165.4001  989.4     708.48  ]]]
214	[[[2161.8      987.00006  935.84   ]]]
215	[[[2165.4001   990.60004  935.36   ]]]
216	[[[2161.8  989.4  938. ]]]
217	[[[2158.2002   990.60004  934.92004]]]
218	[[[2160.6      990.60004  938.08   ]]]
219	[[[2165.4001   990.60004  935.76   ]]]
220	[[[2165.4001  988.2     703.8   ]]]
221	[[[2160.6      990.60004  938.16003]]]
222	[[[2160.6      989.4      937.92004]
  [1030.2001  1279.8      799.32   ]]]
223	[[[2161.8      990.60004  939.24   ]]]
224	[[[2160.6      990.60004  938.6    ]]]
225	[[[2161.8   989.4   937.96]]]
226	[[[2161.8      990.60004  938.92004]]]
227	[[[2161.8      990.60004  939.04004]]]
228	[[[2165.4001  988.2     703.76  ]]]
229	[[[2160.6      989.4      938.72003]]]
230	[[[2161.8   989.4   937.64]]]
231	[[[2160.6   988.2   931.88]]]
232	[[[2160.6      990.60004  938.92004]]]
233	[[[2161.8      990.60004  938.24   ]]]
234	[[[2164.2002  988.2     708.56  ]]]
235	[[[2160.6   989.4   938.24]]]
236	[[[2164.2002  988.2     708.36  ]]]
237	[[[2161.8      993.00006  935.84   ]]]
238	[[[2164.2002  988.2     708.36  ]]]
239	[[[2160.6      990.60004  939.24   ]]]
240	[[[2164.2002  988.2     704.24  ]]]
241	[[[2164.2002   991.80005  936.68   ]]]
242	[[[2161.8   989.4   938.08]]]
243	[[[2160.6   988.2   937.68]]]
244	[[[2164.2002   990.60004  706.56   ]]]
245	[[[2161.8      989.4      937.92004]]]
246	[[[2161.8   989.4   938.68]]]
247	[[[2160.6  989.4  938. ]]]
248	[[[2164.2002   991.80005  936.04004]]]
249	[[[2160.6   989.4   937.24]]]
250	[[[2160.6   988.2   931.88]]]
251	[[[2160.6   988.2   937.56]]]
252	[[[2164.2002  988.2     704.    ]]]
253	[[[2164.2002  988.2     704.24  ]]]
254	[[[2160.6      990.60004  938.68   ]]]
255	[[[2160.6  989.4  938. ]]]
256	[[[2160.6   989.4   938.48]]]
257	[[[2160.6   988.2   932.08]]]
258	[[[2160.6   988.2   931.88]]]
259	[[[2164.2002  988.2     708.64  ]]]
260	[[[2161.8   988.2   938.24]]]
261	[[[2160.6      990.60004  938.72003]]]
262	[[[2159.4001  988.2     938.08  ]]]
263	[[[2160.6   988.2   705.72]]]
264	[[[2159.4001  988.2     937.4   ]]]
265	[[[2160.6   989.4   937.84]]]
266	[[[2160.6      990.60004  938.84   ]]]
267	[[[2159.4001   993.00006  935.36   ]]]
268	[[[2159.4001  989.4     937.84  ]]]
269	[[[2163.    988.2   704.36]]]
270	[[[2159.4001  989.4     937.88  ]]]
271	[[[2164.2002   990.60004  706.88   ]]]
272	[[[2159.4001  988.2     931.84  ]]]
273	[[[2158.2002   991.80005  935.36   ]]]
274	[[[2159.4001   988.2      948.72003]]]
275	[[[2158.2002  989.4     938.08  ]]]
276	[[[2159.4001  988.2     937.64  ]]]
277	[[[2159.4001  988.2     937.64  ]]]
278	[[[2159.4001  989.4     938.84  ]]]
279	[[[2158.2002   987.00006  938.     ]]]
280	[[[2158.2002  988.2     937.64  ]]]
281	[[[2159.4001   988.2      937.72003]]]
282	[[[2158.2002  988.2     938.    ]]]
283	[[[2163.       987.00006  708.72   ]]]
284	[[[2159.4001   989.4      938.92004]]]
285	[[[2159.4001  989.4     938.96  ]]]
286	[[[2160.6   988.2   938.24]]]
287	[[[2159.4001   988.2      932.04004]]]
288	[[[2161.8  988.2  708.6]]]
289	[[[2158.2002   988.2      937.16003]]]
290	[[[2159.4001   988.2      938.16003]]]
291	[[[2158.2002   990.60004  939.56006]]]
292	[[[2164.2002  989.4     706.84  ]]]
293	[[[2158.2002   987.00006  948.28   ]]]
294	[[[2161.8   988.2   704.16]]]
295	[[[2159.4001   988.2      937.56006]]]
296	[[[2159.4001  989.4     938.8   ]]]
297	[[[2159.4001  989.4     938.    ]]]
298	[[[2160.6  988.2  938.8]]]
299	[[[2159.4001  989.4     938.64  ]]]
300	[[[2159.4001  989.4     938.28  ]]]
301	[[[2159.4001  988.2     937.68  ]]]
302	[[[2161.8   988.2   708.64]]]
303	[[[2159.4001   991.80005  936.04004]]]
304	[[[2158.2002  989.4     939.    ]]]
305	[[[2163.    989.4   706.64]]]
306	[[[2161.8      987.00006  703.64   ]]]
307	[[[2158.2002   987.00006  937.44   ]]]
308	[[[2157.    988.2   938.08]]]
309	[[[2159.4001  988.2     938.76  ]]]
310	[[[2161.8      985.80005  703.76   ]]]
311	[[[2161.8      987.00006  708.04   ]]]
312	[[[2159.4001  988.2     938.    ]]]
313	[[[2159.4001   987.00006  938.     ]]]
314	[[[2159.4001  988.2     938.32  ]]]
315	[[[2158.2002   987.00006  932.16003]]]
316	[[[2157.       987.00006  938.     ]]]
317	[[[2158.2002   987.00006  931.88   ]]]
318	[[[2163.    988.2   706.76]]]
319	[[[2158.2002  988.2     939.    ]]]
320	[[[2161.8      987.00006  708.32   ]]]
321	[[[2160.6      990.60004  936.48   ]]]
322	[[[2157.    989.4   939.52]]]
323	[[[2158.2002   989.4      937.92004]]]
324	[[[2157.       985.80005  947.76   ]]]
325	[[[2157.       985.80005  931.28   ]]]
326	[[[2160.6   989.4   936.08]]]
327	[[[2158.2002  988.2     938.88  ]]]
328	[[[2158.2002  988.2     938.88  ]]]
329	[[[2158.2002   984.60004  706.56   ]]]
330	[[[2157.       985.80005  931.68   ]]]
331	[[[2160.6      985.80005  703.88   ]]]
332	[[[2157.       987.00006  937.8    ]]]
333	[[[2160.6      985.80005  708.84   ]]]
334	[[[2160.6      985.80005  703.6    ]]]
335	[[[2160.6   988.2   706.36]]]
336	[[[2154.6      987.00006  938.88   ]]]
337	[[[2155.8      987.00006  937.56006]]]
338	[[[2157.       988.2      938.56006]]]
339	[[[2155.8      987.00006  938.44   ]]]
340	[[[2157.    988.2   938.12]]]
341	[[[2152.2002   987.00006  934.96   ]]]
342	[[[2155.8      987.00006  937.32   ]]]
343	[[[2157.    988.2   938.32]]]
344	[[[2160.6   989.4   706.16]]]
345	[[[2155.8      987.00006  937.56006]]]
346	[[[2154.6      988.2      938.72003]]]
347	[[[2155.8      987.00006  937.88   ]]]
348	[[[2155.8      987.00006  937.8    ]]]
349	[[[2154.6   988.2   938.48]]]
350	[[[2155.8  988.2  938.4]]]
351	[[[2154.6      988.2      938.16003]]]
352	[[[2154.6      988.2      938.04004]]]
353	[[[2155.8      984.60004  935.4    ]]]
354	[[[2158.2002   987.00006  708.44   ]]]
355	[[[2159.4001  989.4     706.52  ]]]
356	[[[2155.8   989.4   938.08]]]
357	[[[2157.   989.4  938.2]]]
358	[[[2159.4001   987.00006  708.84   ]]]
359	[[[2151.    988.2   934.76]]]
360	[[[2154.6      987.00006  936.92004]]]
361	[[[2159.4001   987.00006  708.48   ]]]
362	[[[2154.6  988.2  938.2]]]
363	[[[2157.    988.2   938.52]]]
364	[[[2159.4001   987.00006  708.44   ]]]
365	[[[2155.8      984.60004  934.8    ]]]
366	[[[2155.8      988.2      937.92004]]]
367	[[[2154.6      991.80005  935.84   ]]]
368	[[[2157.    988.2   938.12]]]
369	[[[2155.8      989.4      938.92004]]]
370	[[[2155.8   989.4   938.68]]]
371	[[[2158.2002   987.00006  708.2    ]]]
372	[[[2155.8  988.2  937.4]]]
373	[[[2158.2002  988.2     708.48  ]]]
374	[[[2155.8      988.2      938.16003]]]
375	[[[2160.6      985.80005  706.08   ]]]
376	[[[2158.2002   987.00006  704.04   ]]]
377	[[[2158.2002   987.00006  708.24   ]]]
378	[[[2157.    988.2   938.56]]]
379	[[[2158.2002   987.00006  704.16   ]]]
380	[[[2159.4001   987.00006  704.12   ]]]
381	[[[2154.6  988.2  932. ]]]
382	[[[2159.4001   987.00006  703.92   ]]]
383	[[[2154.6  988.2  938. ]]]
384	[[[2155.8  989.4  939. ]]]
385	[[[2158.2002   991.80005  936.84   ]]]
386	[[[2154.6      988.2      937.16003]]]
387	[[[2158.2002   987.00006  708.28   ]]]
388	[[[2158.2002  988.2     708.72  ]]]
389	[[[2159.4001   987.00006  704.28   ]]]
390	[[[2154.6  988.2  938. ]]]
391	[[[2159.4001  988.2     708.04  ]]]
392	[[[2157.    989.4   938.76]]]
393	[[[2159.4001   987.00006  708.8    ]]]
394	[[[2160.6   989.4   706.56]]]
395	[[[2155.8   989.4   938.84]]]
396	[[[2154.6      987.00006  937.48   ]]]
397	[[[2159.4001   987.00006  703.8    ]]]
398	[[[2152.2002   987.00006  935.     ]]]
399	[[[2155.8      987.00006  937.92004]]]
400	[[[2155.8      988.2      937.92004]]]
401	[[[2157.    988.2   938.88]]]
402	[[[2155.8      988.2      937.92004]]]
403	[[[2154.6  988.2  939. ]]]
404	[[[2154.6   988.2   938.88]]]
405	[[[2154.6  988.2  938. ]]]
406	[[[2155.8   989.4   939.32]]]
407	[[[2159.4001  989.4     706.64  ]]]
408	[[[2155.8  988.2  938. ]]]
409	[[[2157.    989.4   938.28]]]
410	[[[2155.8   988.2   937.76]]]
411	[[[2158.2002   988.2      939.04004]]]
412	[[[2155.8      988.2      938.72003]]]
413	[[[2155.8      987.00006  937.72003]]]
414	[[[2155.8      988.2      938.16003]]]
415	[[[2157.    988.2   937.84]]]
416	[[[2157.   988.2  938.8]]]
417	[[[2155.8      987.00006  931.96   ]]]
418	[[[2158.2002   991.80005  936.92004]]]
419	[[[2157.    988.2   938.68]]]
420	[[[2154.6   988.2   938.64]]]
421	[[[2159.4001   987.00006  708.8    ]]]
422	[[[2154.6   988.2   938.32]]]
423	[[[2155.8   988.2   938.44]]]
424	[[[2159.4001   987.00006  708.36   ]]]
425	[[[2157.    988.2   938.68]]]
426	[[[2155.8      987.00006  937.6    ]]]
427	[[[2159.4001   987.00006  708.4    ]]]
428	[[[2155.8  988.2  938. ]]]
429	[[[2157.    988.2   938.36]]]
430	[[[2160.6      987.00006  708.24   ]]]
431	[[[2158.2002   987.00006  938.68   ]]]
432	[[[2159.4001   987.00006  704.04   ]]]
433	[[[2160.6   989.4   706.44]]]
434	[[[2155.8   988.2   938.44]]]
435	[[[2157.       985.80005  706.16   ]]]
436	[[[2155.8  988.2  939. ]]]
437	[[[2155.8      987.00006  937.12   ]]]
438	[[[2160.6      987.00006  707.88   ]]]
439	[[[2157.       987.00006  938.     ]]]
440	[[[2157.       987.00006  937.48   ]]]
441	[[[2155.8      987.00006  938.32   ]]]
442	[[[2153.4001   987.00006  934.28   ]]]
443	[[[2155.8      987.00006  937.68   ]]]
444	[[[2155.8      987.00006  937.4    ]]]
445	[[[2155.8   988.2   939.24]]]
446	[[[2155.8      985.80005  931.8    ]]]
447	[[[2159.4001   985.80005  704.12   ]]]
448	[[[2155.8      987.00006  937.24   ]]]
449	[[[2159.4001   985.80005  703.8    ]]]
450	[[[2155.8      987.00006  938.08   ]]]
451	[[[2159.4001   987.00006  704.08   ]]]
452	[[[2159.4001   987.00006  708.28   ]]]
453	[[[2155.8      987.00006  938.2    ]]]
454	[[[2152.2002   987.00006  934.28   ]]]
455	[[[2157.       987.00006  938.     ]]]
456	[[[2160.6   988.2   706.48]]]
457	[[[2155.8      988.2      938.92004]]]
458	[[[2159.4001   985.80005  703.84   ]]]
459	[[[2159.4001   985.80005  704.     ]]]
460	[[[2159.4001   987.00006  708.2    ]]]
461	[[[2160.6      985.80005  708.92   ]]]
462	[[[2160.6   989.4   706.12]]]
463	[[[2157.    988.2   938.32]]]
464	[[[2160.6   989.4   706.12]]]
465	[[[2160.6      985.80005  703.92   ]]]
466	[[[2157.    988.2   938.48]]]
467	[[[2155.8      984.60004  935.36   ]]]
468	[[[2154.6      987.00006  938.     ]]]
469	[[[2152.2002   987.00006  934.52   ]]]
470	[[[2157.    988.2   938.56]]]
471	[[[2155.8      988.2      937.92004]]]
472	[[[2155.8      987.00006  931.64   ]]]
473	[[[2155.8   988.2   937.68]]]
474	[[[2157.    988.2   937.84]]]
475	[[[2160.6   989.4   706.36]]]
476	[[[2158.2002  988.2     938.76  ]]]
477	[[[2155.8   988.2   937.68]]]
478	[[[2157.    989.4   938.08]]]
479	[[[2155.8   988.2   938.24]]]
480	[[[2157.   989.4  938.4]]]
481	[[[2155.8      991.80005  935.24   ]]]
482	[[[2157.    988.2   937.76]]]
483	[[[2159.4001   987.00006  708.16   ]]]
484	[[[2159.4001   987.00006  708.48   ]]]
485	[[[2155.8      987.00006  948.32   ]]]
486	[[[2160.6      987.00006  703.4    ]]]
487	[[[2155.8      987.00006  937.36   ]]]
488	[[[2155.8      987.00006  948.24   ]]]
489	[[[2155.8   988.2   937.68]]]
490	[[[2159.4001   985.80005  702.96   ]]]
491	[[[2155.8   988.2   937.24]]]
492	[[[2159.4001   987.00006  708.08   ]]]
493	[[[2159.4001   985.80005  702.76   ]]]
494	[[[2157.   989.4  938.6]]]
495	[[[2157.   989.4  939. ]]]
496	[[[2157.   989.4  938.8]]]
497	[[[2157.   989.4  938.8]]]
498	[[[2161.8  989.4  706.4]]]
499	[[[2158.2002  988.2     937.56  ]]]
500	[[[2160.6      987.00006  703.84   ]
  [1077.      1105.8      913.48   ]]]
501	[[[2157.    988.2   937.76]]]
502	[[[2157.       989.4      937.92004]]]
503	[[[2160.6      990.60004  935.6    ]]]
504	[[[2158.2002   989.4      937.92004]]]
505	[[[2157.    989.4   938.24]]]
506	[[[2157.       990.60004  938.76   ]]]
507	[[[2157.       987.00006  936.44   ]]]
508	[[[2157.    989.4   938.08]]]
509	[[[2158.2002  989.4     938.12  ]]]
510	[[[2158.2002  988.2     936.84  ]]]
511	[[[2161.8   988.2   707.24]]]
512	[[[2157.   988.2  937.2]]]
513	[[[2154.6   988.2   934.12]]]
514	[[[2161.8      987.00006  703.16   ]]]
515	[[[2158.2002  988.2     937.32  ]]]
516	[[[2154.6      988.2      934.04004]]]
517	[[[2159.4001  988.2     937.44  ]]]
518	[[[2159.4001   984.60004  934.2    ]]]
519	[[[2158.2002   991.80005  935.28   ]]]
520	[[[2159.4001  989.4     937.28  ]]]
521	[[[2159.4001   988.2      937.16003]]]
522	[[[2158.2002   987.00006  937.16003]]]
523	[[[2161.8      987.00006  703.72   ]]]
524	[[[2157.   988.2  937.6]]]
525	[[[2160.6      990.60004  935.84   ]]]
526	[[[2158.2002  988.2     938.48  ]]]
527	[[[2161.8      987.00006  708.24   ]]]
528	[[[2158.2002   989.4      938.92004]]]
529	[[[2158.2002   985.80005  930.92004]]]
530	[[[2157.       987.00006  937.36   ]]]
531	[[[2158.2002  988.2     938.24  ]]]
532	[[[2158.2002  988.2     938.24  ]]]
533	[[[2158.2002  988.2     938.08  ]]]
534	[[[2158.2002   987.00006  937.68   ]]]
535	[[[2161.8      985.80005  707.92   ]]]
536	[[[2161.8      985.80005  703.12   ]]]
537	[[[2158.2002   985.80005  947.83997]]]
538	[[[2161.8      985.80005  703.32   ]]]
539	[[[2161.8      984.60004  707.36   ]]]
540	[[[2158.2002   985.80005  937.     ]]]
541	[[[2158.2002   989.4      934.72003]]]
542	[[[2161.8      984.60004  707.88   ]]]
543	[[[2158.2002   987.00006  938.52   ]]]
544	[[[2159.4001  982.2     934.44  ]]]
545	[[[2161.8      984.60004  707.6    ]]]
546	[[[2161.8   988.2   935.68]]]
547	[[[2160.6      989.4      936.04004]]]
548	[[[2158.2002   987.00006  937.92004]]]
549	[[[2163.       987.00006  706.08   ]]]
550	[[[2161.8      984.60004  703.56   ]]]
551	[[[2158.2002   985.80005  936.52   ]]]
552	[[[2159.4001   985.80005  937.4    ]]]
553	[[[2158.2002   984.60004  930.76   ]]]
554	[[[2154.6      985.80005  934.04004]]]
555	[[[2159.4001  989.4     935.68  ]]]
556	[[[2157.       985.80005  937.52   ]]]
557	[[[2160.6      985.80005  937.92004]]]
558	[[[2159.4001  983.4     938.48  ]]]
559	[[[2159.4001   985.80005  931.4    ]]]
560	[[[2159.4001   987.00006  937.68   ]]]
561	[[[2159.4001  982.2     934.28  ]]]
562	[[[2159.4001   985.80005  937.08   ]]]
563	[[[2159.4001   985.80005  937.24   ]]]
564	[[[2160.6      985.80005  938.     ]]]
565	[[[2158.2002   985.80005  937.44   ]]]
566	[[[2159.4001   985.80005  937.6    ]]]
567	[[[2159.4001   982.2      934.72003]]]
568	[[[2161.8      984.60004  703.32   ]]]
569	[[[2155.8      985.80005  934.04004]]]
570	[[[2159.4001   987.00006  938.04004]]]
571	[[[2158.2002   985.80005  937.52   ]]]
572	[[[2158.2002   987.00006  937.76   ]]]
573	[[[2163.       984.60004  708.24   ]]]
574	[[[2159.4001   984.60004  936.     ]]]
575	[[[2159.4001   984.60004  936.16003]]]
576	[[[2158.2002   985.80005  937.44   ]]]
577	[[[2158.2002   985.80005  937.68   ]]]
578	[[[2161.8   988.2   935.68]]]
579	[[[2159.4001   984.60004  931.48   ]]]
580	[[[2159.4001   985.80005  938.24   ]]]
581	[[[2159.4001   984.60004  936.92004]]]
582	[[[2163.       987.00006  706.12   ]]]
583	[[[2163.       984.60004  703.56   ]]]
584	[[[2163.    983.4   703.52]]]
585	[[[2163.       984.60004  708.     ]]]
586	[[[2163.       984.60004  703.36   ]]]
587	[[[2159.4001   985.80005  937.92004]]]
588	[[[2161.8      984.60004  703.8    ]]]
589	[[[2163.       984.60004  703.68   ]]]
590	[[[2160.6      985.80005  937.84   ]]]
591	[[[2159.4001   985.80005  938.16003]]]
592	[[[2159.4001   985.80005  937.92004]]]
593	[[[2155.8      985.80005  935.04004]]]
594	[[[2159.4001   985.80005  938.88   ]]]
595	[[[2159.4001   985.80005  938.64   ]]]
596	[[[2159.4001  983.4     931.2   ]]]
597	[[[2163.    983.4   708.64]]]
598	[[[2157.       984.60004  934.2    ]]]
599	[[[2160.6      984.60004  938.16003]]]
600	[[[2159.4001  988.2     935.48  ]]]
601	[[[2164.2002   985.80005  706.     ]]]
602	[[[2159.4001  983.4     931.4   ]]]
603	[[[2159.4001   984.60004  938.     ]]]
604	[[[2160.6      984.60004  937.84   ]]]
605	[[[2160.6   983.4   931.36]]]
606	[[[2163.    983.4   708.52]]]
607	[[[2164.2002   985.80005  706.28   ]
  [ 967.80005 1135.8      798.08   ]]]
608	[[[2160.6      984.60004  937.32   ]]]
609	[[[2160.6      984.60004  937.56006]]]
610	[[[2160.6      985.80005  938.2    ]]]
611	[[[2164.2002  983.4     703.76  ]]]
612	[[[2160.6      984.60004  937.88   ]]]
613	[[[2164.2002   984.60004  935.36   ]]]
614	[[[2160.6      984.60004  938.56006]]]
615	[[[2160.6      983.4      937.72003]]]
616	[[[2160.6      984.60004  939.2    ]]]
617	[[[2163.   982.2  708.4]]]
618	[[[2157.    983.4   934.36]]]
619	[[[2159.4001  982.2     937.4   ]]]
620	[[[2160.6      984.60004  938.4    ]]]
621	[[[2160.6   983.4   937.48]]]
622	[[[2159.4001   984.60004  938.48   ]]]
623	[[[2160.6      984.60004  938.48   ]]]
624	[[[2159.4001   983.4      938.04004]]]
625	[[[2160.6      987.00006  936.16003]]]
626	[[[2164.2002   984.60004  706.24   ]]]
627	[[[2159.4001  983.4     937.6   ]]]
628	[[[2163.       981.00006  707.76   ]]]
629	[[[2160.6      984.60004  937.76   ]]]
630	[[[2160.6   983.4   937.88]]]
631	[[[2159.4001   984.60004  938.76   ]]]
632	[[[2160.6      984.60004  938.76   ]]]
633	[[[2159.4001  982.2     937.44  ]]]
634	[[[2159.4001   984.60004  939.24   ]]]
635	[[[2159.4001  982.2     937.84  ]]]
636	[[[2164.2002  982.2     703.96  ]]]
637	[[[2159.4001  983.4     938.64  ]]]
638	[[[2163.       981.00006  708.     ]]]
639	[[[2159.4001  983.4     938.4   ]]]
640	[[[2159.4001  982.2     931.8   ]]]
641	[[[2163.    982.2   708.36]]]
642	[[[2163.    982.2   704.28]]]
643	[[[2160.6  983.4  938. ]]]
644	[[[2163.       981.00006  707.92   ]]]
645	[[[2164.2002  982.2     704.04  ]]]
646	[[[2161.8   982.2   938.24]]]
647	[[[2160.6   982.2   705.84]]]
648	[[[2163.       985.80005  936.28   ]]]
649	[[[2159.4001  983.4     938.24  ]]]
650	[[[2159.4001   983.4      937.92004]]]
651	[[[2159.4001   979.80005  935.2    ]]]
652	[[[2160.6      984.60004  938.68   ]]]
653	[[[2159.4001   982.2      937.72003]]]
654	[[[2160.6   983.4   937.96]]]
655	[[[2159.4001   984.60004  938.64   ]]]
656	[[[2163.    982.2   703.84]]]
657	[[[2158.2002  982.2     938.48  ]]]
658	[[[2161.8   982.2   704.52]]]
659	[[[2159.4001   985.80005  935.68   ]]]
660	[[[2159.4001  982.2     937.6   ]]]
661	[[[2159.4001  982.2     931.8   ]]]
662	[[[2159.4001   979.80005  934.76   ]]]
663	[[[2158.2002  983.4     938.48  ]]]
664	[[[2163.    982.2   708.52]]]
665	[[[2158.2002  983.4     937.4   ]]]
666	[[[2159.4001   984.60004  938.08   ]]]
667	[[[2158.2002   979.80005  935.32   ]]]
668	[[[2158.2002   983.4      937.72003]]]
669	[[[2161.8   983.4   708.24]]]
670	[[[2158.2002   984.60004  938.48   ]]]
671	[[[2158.2002   984.60004  938.4    ]]]
672	[[[2158.2002   985.80005  938.96   ]]]
673	[[[2159.4001   984.60004  938.92004]]]
674	[[[2164.2002   981.00006  706.2    ]]]
675	[[[2158.2002  983.4     948.64  ]]]
676	[[[2158.2002  983.4     937.64  ]]]
677	[[[2163.       985.80005  706.64   ]]]
678	[[[2158.2002   985.80005  938.96   ]]]
679	[[[2158.2002  983.4     931.36  ]]]
680	[[[2155.8      984.60004  934.28   ]]]
681	[[[2158.2002   984.60004  937.16003]]]
682	[[[2161.8   983.4   708.12]]]
683	[[[2157.       984.60004  937.64   ]]]
684	[[[2158.2002  983.4     931.6   ]]]
685	[[[2159.4001   985.80005  937.76   ]]]
686	[[[2163.    983.4   708.72]]]
687	[[[2159.4001   985.80005  938.16003]]]
688	[[[2158.2002   984.60004  937.84   ]]]
689	[[[2161.8   983.4   707.88]]]
690	[[[2158.2002   984.60004  937.2    ]]]
691	[[[2161.8   983.4   707.76]]]
692	[[[2155.8      985.80005  934.6    ]]]
693	[[[2161.8   983.4   707.84]]]
694	[[[2155.8      985.80005  934.28   ]]]
695	[[[2158.2002   985.80005  937.16003]]]
696	[[[2158.2002   984.60004  937.16003]]]
697	[[[2161.8      984.60004  703.76   ]]]
698	[[[2163.       987.00006  706.68   ]]]
699	[[[2161.8      984.60004  703.84   ]]]
700	[[[2158.2002   985.80005  936.84   ]]]
701	[[[2158.2002   984.60004  936.96   ]]]
702	[[[2161.8      984.60004  707.92   ]]]
703	[[[2159.4001   985.80005  937.4    ]]]
704	[[[2158.2002   987.00006  938.88   ]]]
705	[[[2161.8      984.60004  703.32   ]]]
706	[[[2158.2002   985.80005  937.6    ]]]
707	[[[2158.2002   983.4      935.16003]]]
708	[[[2158.2002   987.00006  937.56006]]]
709	[[[2154.6      987.00006  934.84   ]]]
710	[[[2161.8      985.80005  708.08   ]]]
711	[[[2158.2002   985.80005  937.16003]]]
712	[[[2158.2002   985.80005  937.24   ]]]
713	[[[2159.4001   987.00006  937.56   ]]]
714	[[[2158.2002   985.80005  936.6    ]]]
715	[[[2158.2002   987.00006  938.32   ]]]
716	[[[2158.2002   988.2      937.92004]]]
717	[[[2161.8      985.80005  708.16   ]]]
718	[[[2158.2002   988.2      937.92004]]]
719	[[[2161.8      985.80005  703.6    ]]]
720	[[[2159.4001   984.60004  706.08   ]]]
721	[[[2158.2002  988.2     937.76  ]]]
722	[[[2159.4001   987.00006  937.2    ]]]
723	[[[2159.4001   991.80005  936.12   ]]]
724	[[[2161.8      987.00006  703.2    ]]]
725	[[[2159.4001  988.2     938.    ]]]
726	[[[2161.8      987.00006  703.44   ]]]
727	[[[2158.2002  989.4     938.    ]]]
728	[[[2158.2002  988.2     937.    ]]]
729	[[[2154.6  988.2  934.2]]]
730	[[[2158.2002  989.4     937.6   ]]]
731	[[[2158.2002  989.4     938.48  ]]]
732	[[[2158.2002  989.4     938.24  ]]]
733	[[[2161.8   988.2   703.68]]]
734	[[[2158.2002   989.4      936.92004]]]
735	[[[2161.8   988.2   703.24]]]
736	[[[2158.2002  988.2     930.96  ]]]
737	[[[2161.8   989.4   707.52]]]
738	[[[2158.2002   987.00006  934.96   ]]]
739	[[[2159.4001   990.60004  938.24   ]]]
740	[[[2158.2002   990.60004  937.8    ]]]
741	[[[2157.       989.4      937.16003]]]
742	[[[2159.4001   990.60004  938.16003]]]
743	[[[2159.4001   991.80005  937.16003]]]
744	[[[2158.2002   990.60004  937.36   ]]]
745	[[[2158.2002   991.80005  938.     ]]]
746	[[[2158.2002   991.80005  938.     ]]]
747	[[[2158.2002   990.60004  937.     ]]]
748	[[[2159.4001   993.00006  936.92004]]]
749	[[[2158.2002   991.80005  937.92004]]]
750	[[[2158.2002   991.80005  937.64   ]]]
751	[[[2158.2002   991.80005  937.2    ]]]
752	[[[2159.4001   990.60004  931.16003]]]
753	[[[2163.       990.60004  703.2    ]]]
754	[[[2159.4001   993.00006  938.84   ]]]
755	[[[2159.4001   991.80005  937.44   ]]]
756	[[[2163.       990.60004  708.36   ]]]
757	[[[2158.2002   991.80005  937.12   ]]]
758	[[[2159.4001   991.80005  936.76   ]]]
759	[[[2164.2002   993.00006  706.24   ]]]
760	[[[2160.6      995.4      936.04004]]]
761	[[[2159.4001   991.80005  936.68   ]]]
762	[[[2159.4001   991.80005  936.92004]]]
763	[[[2160.6      991.80005  936.92004]]]
764	[[[2163.       991.80005  703.6    ]]]
765	[[[2165.4001  989.4     705.16  ]]]
766	[[[2159.4001   993.00006  937.68   ]]]
767	[[[2159.4001   993.00006  936.6    ]]]
768	[[[2164.2002   991.80005  708.32   ]]]
769	[[[2164.2002   991.80005  708.28   ]]]
770	[[[2160.6      993.00006  936.92004]]]
771	[[[2160.6      994.2      937.92004]]]
772	[[[2164.2002   991.80005  703.24   ]]]
773	[[[2160.6      993.00006  936.92004]]]
774	[[[2159.4001  994.2     937.32  ]]]
775	[[[2160.6      993.00006  931.08   ]]]
776	[[[2164.2002   993.00006  707.48   ]]]
777	[[[2164.2002   991.80005  708.08   ]]]
778	[[[2159.4001  994.2     938.08  ]]]
779	[[[2161.8   994.2   938.24]]]
780	[[[2161.8      994.2      938.16003]]]
781	[[[2161.8      996.60004  935.88   ]]]
782	[[[2159.4001   993.00006  937.12   ]]]
783	[[[2160.6      993.00006  936.92004]]]
784	[[[2164.2002   993.00006  703.2    ]]]
785	[[[2159.4001   993.00006  937.24   ]]]
786	[[[2159.4001   993.00006  936.68   ]]]
787	[[[2155.8      993.00006  933.8    ]]]
788	[[[2163.       993.00006  703.64   ]]]
789	[[[2159.4001   994.2      937.92004]]]
790	[[[2159.4001  994.2     937.08  ]]]
791	[[[2161.8   994.2   937.44]]]
792	[[[2160.6      993.00006  931.48   ]]]
793	[[[2164.2002   993.00006  703.88   ]]]
794	[[[2160.6  994.2  938. ]]]
795	[[[2164.2002   993.00006  703.44   ]]]
796	[[[2159.4001   993.00006  937.36   ]]]
797	[[[2159.4001  994.2     938.32  ]]]
798	[[[2160.6   995.4   938.32]]]
799	[[[2159.4001   993.00006  937.44   ]]]
800	[[[2165.4001  995.4     706.44  ]]]
801	[[[2160.6   995.4   938.76]]]
802	[[[2160.6      993.00006  937.36   ]]]
803	[[[2159.4001  994.2     938.32  ]]]
804	[[[2159.4001  994.2     938.08  ]]]
805	[[[2160.6   994.2   937.12]]]
806	[[[2164.2002   993.00006  708.2    ]]]
807	[[[2161.8  994.2  938. ]]]
808	[[[2161.8   994.2   938.24]]]
809	[[[2165.4001  995.4     706.52  ]]]
810	[[[2164.2002   993.00006  703.8    ]]]
811	[[[2161.8      993.00006  931.6    ]]]
812	[[[2161.8      991.80005  935.88   ]]]
813	[[[2161.8  994.2  938.2]]]
814	[[[2161.8      994.2      931.92004]]]
815	[[[2163.       997.80005  936.12   ]]]
816	[[[2163.    995.4   938.24]]]
817	[[[2161.8   994.2   937.68]]]
818	[[[2158.2002   994.2      934.92004]]]
819	[[[2164.2002   993.00006  708.96   ]]]
820	[[[2163.    994.2   938.48]]]
821	[[[2160.6      993.00006  937.76   ]]]
822	[[[2160.6      993.00006  937.92004]]]
823	[[[2163.       993.00006  938.24   ]]]
824	[[[2165.4001   991.80005  708.8    ]]]
825	[[[2161.8      991.80005  931.32   ]]]
826	[[[2163.    994.2   938.32]]]
827	[[[2163.    994.2   938.32]]]
828	[[[2164.2002   996.60004  936.68   ]]]
829	[[[2161.8      993.00006  938.08   ]]]
830	[[[2166.6      993.00006  708.04   ]]]
831	[[[2166.6      991.80005  708.8    ]]]
832	[[[2161.8   994.2   938.68]]]
833	[[[2161.8      993.00006  938.52   ]]]
834	[[[2165.4001   991.80005  708.52   ]]]
835	[[[2166.6      993.00006  708.36   ]]]
836	[[[2165.4001   993.00006  708.92   ]]]
837	[[[2163.   994.2  939.4]]]
838	[[[2166.6   994.2   935.68]]]
839	[[[2163.       993.00006  938.     ]]]
840	[[[2165.4001   993.00006  708.76   ]]]
841	[[[2164.2002  994.2     939.08  ]]]
842	[[[2163.    994.2   938.76]]]
843	[[[2164.2002   996.60004  936.76   ]]]
844	[[[2163.       993.00006  932.16003]]]
845	[[[2159.4001   993.00006  935.12   ]]]
846	[[[2164.2002   993.00006  705.68   ]]]
847	[[[2163.       994.2      938.92004]]]
848	[[[2164.2002   991.80005  706.68   ]]]
849	[[[2163.       996.60004  935.68   ]]]
850	[[[2164.2002  994.2     938.64  ]]]
851	[[[2166.6      991.80005  708.48   ]]]
852	[[[2164.2002  994.2     938.48  ]]]
853	[[[2163.    994.2   939.48]]]
854	[[[2163.       993.00006  932.4    ]]]
855	[[[2163.       993.00006  932.48   ]]]
856	[[[2164.2002  994.2     938.76  ]]]
857	[[[2166.6      991.80005  704.08   ]]]
858	[[[2164.2002   993.00006  938.68   ]]]
859	[[[2164.2002   990.60004  939.68   ]]]
860	[[[2163.       993.00006  938.92004]]]
861	[[[2166.6      990.60004  703.96   ]]]
862	[[[2166.6      991.80005  704.56   ]]]
863	[[[2163.       991.80005  938.     ]]]
864	[[[2164.2002   993.00006  939.32   ]]]
865	[[[2166.6      991.80005  708.8    ]]]
866	[[[2165.4001   995.4      936.92004]]]
867	[[[2164.2002   993.00006  939.56   ]]]
868	[[[2164.2002   993.00006  939.64   ]]]
869	[[[2166.6      990.60004  708.68   ]]]
870	[[[2164.2002   991.80005  939.08   ]]]
871	[[[2164.2002  995.4     936.84  ]]]
872	[[[2163.    988.2   935.56]]]
873	[[[2164.2002   991.80005  938.44   ]]]
874	[[[2166.6      990.60004  709.08   ]]]
875	[[[2166.6      990.60004  704.36   ]]]
876	[[[2166.6      990.60004  708.84   ]]]
877	[[[2163.   988.2  935.6]]]
878	[[[2166.6      990.60004  704.32   ]]]
879	[[[2163.       991.80005  938.48   ]]]
880	[[[2163.       991.80005  938.24   ]]]
881	[[[2166.6      991.80005  935.12   ]]]
882	[[[2161.8      991.80005  939.24   ]]]
883	[[[2163.       990.60004  938.16003]]]
884	[[[2163.       991.80005  939.56   ]
  [ 993.00006 1177.8      773.24   ]]]
885	[[[2164.2002  988.2     936.28  ]]]
886	[[[2164.2002   991.80005  938.8    ]]]
887	[[[2165.4001   991.80005  939.48   ]]]
888	[[[2163.       991.80005  939.24   ]]]
889	[[[2167.8      990.60004  704.12   ]]]
890	[[[2163.       991.80005  938.92004]]]
891	[[[2164.2002   991.80005  938.88   ]]]
892	[[[2164.2002   990.60004  932.64   ]
  [ 966.60004 1087.8      815.16003]]]
893	[[[2167.8   989.4   704.12]]]
894	[[[2164.2002   991.80005  938.88   ]]]
895	[[[2163.       990.60004  938.48   ]]]
896	[[[2163.       990.60004  938.64   ]]]
897	[[[2163.       991.80005  939.56   ]]]
898	[[[2164.2002   991.80005  938.96   ]]]
899	[[[2163.       990.60004  938.92004]]]
900	[[[2164.2002   990.60004  938.88   ]]]
901	[[[2163.       990.60004  938.56   ]]]
902	[[[2164.2002  989.4     706.2   ]]]
903	[[[2164.2002   990.60004  938.48   ]]]
904	[[[2159.4001  989.4     935.76  ]]]
905	[[[2164.2002   990.60004  938.92004]]]
906	[[[2164.2002   990.60004  939.56   ]]]
907	[[[2166.6   988.2   704.16]]]
908	[[[2163.    989.4   938.48]]]
909	[[[2167.8   988.2   709.16]]]
910	[[[2159.4001  989.4     935.84  ]]]
911	[[[2163.       987.00006  935.84   ]]]
912	[[[2163.       990.60004  938.96   ]]]
913	[[[2166.6   988.2   708.56]]]
914	[[[2163.    989.4   932.32]]]
915	[[[2164.2002  989.4     938.64  ]]]
916	[[[2161.8      990.60004  938.92004]]]
917	[[[2164.2002   990.60004  938.92004]]]
918	[[[2163.       990.60004  939.     ]]]
919	[[[2163.       991.80005  939.96   ]]]
920	[[[2164.2002   990.60004  939.32   ]]]
921	[[[2164.2002   993.00006  936.64   ]]]
922	[[[2166.6  988.2  708.4]]]
923	[[[2167.8  988.2  708.6]]]
924	[[[2167.8  988.2  704. ]]]
925	[[[2164.2002  989.4     938.64  ]]]
926	[[[2167.8  988.2  704. ]]]
927	[[[2167.8   989.4   704.72]]]
928	[[[2164.2002   990.60004  939.28   ]]]
929	[[[2165.4001  989.4     706.2   ]]]
930	[[[2165.4001   990.60004  938.56006]]]
931	[[[2164.2002   990.60004  939.     ]]]
932	[[[2160.6  989.4  935.6]]]
933	[[[2167.8   989.4   704.44]]]
934	[[[2160.6      990.60004  935.64   ]]]
935	[[[2164.2002   990.60004  938.88   ]]]
936	[[[2169.       991.80005  707.08   ]]]
937	[[[2164.2002  989.4     932.36  ]]]
938	[[[2165.4001  988.2     706.76  ]]]
939	[[[2167.8   989.4   709.24]]]
940	[[[2165.4001   990.60004  938.72003]]]
941	[[[2164.2002  989.4     938.32  ]]]
942	[[[2169.       991.80005  706.88   ]]]
943	[[[2165.4001   990.60004  938.32   ]]]
944	[[[2167.8   989.4   704.48]]]
945	[[[2164.2002   990.60004  938.48   ]]]
946	[[[2165.4001   987.00006  935.80005]]]
947	[[[2164.2002   990.60004  937.88   ]]]
948	[[[2163.       990.60004  939.16003]]]
949	[[[2167.8   989.4   704.72]]]
950	[[[2165.4001   987.00006  935.6    ]]]
951	[[[2165.4001  989.4     932.6   ]]]
952	[[[2164.2002   990.60004  938.56006]]]
953	[[[2169.    989.4   709.08]]]
954	[[[2165.4001   990.60004  938.64   ]]]
955	[[[2166.6      990.60004  939.12   ]]]
956	[[[2167.8   989.4   704.48]]]
957	[[[2164.2002  989.4     938.28  ]]]
958	[[[2164.2002   987.00006  935.52   ]]]
959	[[[2167.8  989.4  704. ]]]
960	[[[2164.2002   991.80005  939.2    ]]]
961	[[[2165.4001   990.60004  938.32   ]]]
962	[[[2164.2002   991.80005  939.24   ]]]
963	[[[2167.8   988.2   703.68]]]
964	[[[2164.2002   990.60004  938.8    ]]]
965	[[[2163.       990.60004  938.4    ]]]
966	[[[2164.2002   989.4      932.04004]]]
967	[[[2164.2002   990.60004  938.32   ]]]
968	[[[2164.2002  989.4     948.88  ]]]
969	[[[2165.4001   991.80005  938.32   ]]]
970	[[[2167.8      993.00006  936.52   ]]]
971	[[[2165.4001   991.80005  938.72003]]]
972	[[[2164.2002   990.60004  937.4    ]]]
973	[[[2165.4001   990.60004  937.96   ]]]
974	[[[2166.6      990.60004  938.72003]]]
975	[[[2164.2002   991.80005  938.96   ]]]
976	[[[2167.8   989.4   708.44]]]
977	[[[2165.4001   991.80005  938.64   ]]]
978	[[[2167.8      990.60004  708.68   ]]]
979	[[[2164.2002   991.80005  939.28   ]]]
980	[[[2164.2002   990.60004  937.56006]]]
981	[[[2164.2002   991.80005  938.32   ]]]
982	[[[2165.4001   990.60004  705.56   ]]]
983	[[[2167.8  989.4  704. ]]]
984	[[[2165.4001  994.2     936.32  ]]]
985	[[[2164.2002   991.80005  939.28   ]]]
986	[[[2164.2002   991.80005  939.08   ]]]
987	[[[2164.2002   990.60004  931.80005]]]
988	[[[2169.       993.00006  706.04   ]]]
989	[[[2164.2002   990.60004  937.6    ]]]
990	[[[2163.       991.80005  938.56006]]]
991	[[[2164.2002   991.80005  939.     ]]]
992	[[[2167.8      990.60004  708.32   ]]]
993	[[[2164.2002   991.80005  938.6    ]]]
994	[[[2169.       993.00006  706.12   ]]]
995	[[[2164.2002   991.80005  938.     ]]]
996	[[[2165.4001   991.80005  938.72003]]]
997	[[[2164.2002   990.60004  938.32   ]]]
998	[[[2169.       993.00006  706.4    ]]]
999	[[[2165.4001   991.80005  938.2    ]]]
1000	[[[2166.6   994.2   936.64]]]
1001	[[[2166.6      991.80005  938.     ]]]
1002	[[[2169.    989.4   703.76]]]
1003	[[[2169.       991.80005  935.     ]]]
1004	[[[2166.6      991.80005  937.64   ]]]
1005	[[[2166.6      991.80005  938.32   ]]]
1006	[[[2166.6      991.80005  938.96   ]]]
1007	[[[2166.6      991.80005  938.4    ]]]
1008	[[[2167.8      990.60004  938.64   ]]]
1009	[[[2165.4001   990.60004  937.4    ]]]
1010	[[[2170.2002  989.4     708.56  ]]]
1011	[[[2166.6      991.80005  938.4    ]]]
1012	[[[2166.6      991.80005  938.72003]]]
1013	[[[2165.4001  989.4     937.4   ]]]
1014	[[[2165.4001   991.80005  938.04004]]]
1015	[[[2167.8      991.80005  938.48   ]]]
1016	[[[2166.6      990.60004  948.64   ]]]
1017	[[[2166.6      990.60004  937.72003]]]
1018	[[[2167.8      991.80005  938.72003]]]
1019	[[[2169.       994.2      936.72003]]]
1020	[[[2170.2002  989.4     703.56  ]]]
1021	[[[2166.6      991.80005  938.16003]]]
1022	[[[2170.2002  989.4     703.96  ]]]
1023	[[[2167.8      991.80005  938.48   ]]]
1024	[[[2166.6      987.00006  934.84   ]]]
1025	[[[2166.6      990.60004  937.72003]]]
1026	[[[2170.2002  989.4     703.84  ]]]
1027	[[[2169.    989.4   708.32]]]
1028	[[[2166.6      991.80005  937.92004]]]
1029	[[[2166.6      991.80005  938.24   ]]]
1030	[[[2166.6      991.80005  938.48   ]]]
1031	[[[2165.4001   990.60004  938.4    ]]]
1032	[[[2163.       990.60004  934.2    ]]]
1033	[[[2167.8      991.80005  937.84   ]]]
1034	[[[2165.4001   990.60004  938.16003]]]
1035	[[[2165.4001   990.60004  938.4    ]]]
1036	[[[2169.    989.4   708.48]]]
1037	[[[2170.2002  989.4     708.28  ]]]
1038	[[[2170.2002  989.4     703.64  ]]]
1039	[[[2170.2002  989.4     708.6   ]]]
1040	[[[2167.8      991.80005  938.16003]]]
1041	[[[2167.8      991.80005  938.16003]]]
1042	[[[2170.2002   991.80005  935.28   ]]]
1043	[[[2170.2002  989.4     708.12  ]]]
1044	[[[2167.8      990.60004  937.84   ]]]
1045	[[[2166.6      990.60004  937.52   ]]]
1046	[[[2166.6      990.60004  937.76   ]]]
1047	[[[2167.8      990.60004  937.84   ]]]
1048	[[[2170.2002  989.4     708.64  ]]]
1049	[[[2170.2002  989.4     703.56  ]]]
1050	[[[2166.6      990.60004  937.4    ]]]
1051	[[[2167.8      991.80005  938.56   ]]]
1052	[[[2170.2002  989.4     708.56  ]]]
1053	[[[2167.8      990.60004  937.92004]]]
1054	[[[2166.6      990.60004  931.48   ]]]
1055	[[[2166.6      990.60004  931.56   ]]]
1056	[[[2163.       990.60004  934.28   ]]]
1057	[[[2167.8      991.80005  938.4    ]]]
1058	[[[2166.6      990.60004  937.08   ]]]
1059	[[[2167.8      991.80005  938.48   ]]]
1060	[[[2167.8      990.60004  938.04004]]]
1061	[[[2170.2002   990.60004  708.16   ]]]
1062	[[[2166.6      991.80005  937.84   ]]]
1063	[[[2167.8   994.2   935.52]]]
1064	[[[2166.6      990.60004  937.16003]]]
1065	[[[2169.       990.60004  937.52   ]]]
1066	[[[2170.2002   990.60004  708.4    ]]]
1067	[[[2171.4001   993.00006  706.44   ]]]
1068	[[[2170.2002   990.60004  703.88   ]]]
1069	[[[2166.6      993.00006  938.80005]]]
1070	[[[2166.6   988.2   934.84]]]
1071	[[[2167.8      991.80005  938.48   ]]]
1072	[[[2170.2002   990.60004  708.12   ]]]
1073	[[[2167.8      993.00006  937.84   ]]]
1074	[[[2166.6      991.80005  937.6    ]]]
1075	[[[2167.8      993.00006  938.48   ]]]
1076	[[[2171.4001   990.60004  708.6    ]]]
1077	[[[2167.8      993.00006  938.8    ]]]
1078	[[[2170.2002   990.60004  708.12   ]]]
1079	[[[2167.8      993.00006  937.92004]]]
1080	[[[2167.8      993.00006  938.72003]]]
1081	[[[2169.       990.60004  937.44   ]]]
1082	[[[2167.8      990.60004  931.92004]]]
1083	[[[2171.4001   993.00006  706.24   ]]]
1084	[[[2167.8      993.00006  938.     ]]]
1085	[[[2170.2002   990.60004  703.88   ]]]
1086	[[[2172.6      993.00006  706.48   ]]]
1087	[[[2166.6   995.4   934.96]]]
1088	[[[2169.       991.80005  937.68   ]]]
1089	[[[2167.8      993.00006  938.24   ]]]
1090	[[[2171.4001   991.80005  702.88   ]]]
1091	[[[2171.4001   990.60004  708.2    ]]]
1092	[[[2167.8      991.80005  931.24   ]]]
1093	[[[2169.       991.80005  937.6    ]]]
1094	[[[2169.       991.80005  937.44   ]]]
1095	[[[2166.6      993.00006  937.44   ]]]
1096	[[[2166.6      993.00006  937.92004]]]
1097	[[[2167.8   988.2   934.24]]]
1098	[[[2167.8      991.80005  931.08   ]]]
1099	[[[2171.4001   990.60004  703.2    ]]]
1100	[[[2166.6      993.00006  937.68   ]]]
1101	[[[2164.2002   991.80005  933.96   ]]]
1102	[[[2164.2002   991.80005  934.12   ]]]
1103	[[[2167.8      993.00006  937.6    ]]]
1104	[[[2167.8      991.80005  936.96   ]]]
1105	[[[2169.    994.2   937.36]]]
1106	[[[2169.       993.00006  937.28   ]]]
1107	[[[2169.       993.00006  937.28   ]]]
1108	[[[2166.6      993.00006  937.6    ]]]
1109	[[[2172.6      993.00006  934.64   ]]]
1110	[[[2167.8      993.00006  937.6    ]]]
1111	[[[2167.8      993.00006  936.56   ]]]
1112	[[[2169.   994.2  937.8]]]
1113	[[[2167.8      993.00006  936.72003]]]
1114	[[[2169.       993.00006  937.52   ]]]
1115	[[[2167.8      990.60004  935.2    ]]]
1116	[[[2164.2002   993.00006  934.2    ]]]
1117	[[[2167.8   994.2   936.96]]]
1118	[[[2169.       993.00006  937.28   ]]]
1119	[[[2167.8   994.2   936.96]]]
1120	[[[2167.8      994.2      936.72003]]]
1121	[[[2167.8      995.4      937.72003]]]
1122	[[[2169.       991.80005  934.72003]]]
1123	[[[2170.2002  995.4     937.36  ]]]
1124	[[[2165.4001  995.4     933.76  ]]]
1125	[[[2169.    994.2   931.44]]]
1126	[[[2167.8      995.4      937.04004]]]
1127	[[[2169.    995.4   936.96]]]
1128	[[[2169.    994.2   935.96]]]
1129	[[[2169.   995.4  936.4]]]
1130	[[[2167.8      995.4      937.04004]]]
1131	[[[2169.       995.4      936.04004]]]
1132	[[[2169.    995.4   935.96]]]
1133	[[[2169.       996.60004  937.72003]]]
1134	[[[2169.   995.4  936.2]]]
1135	[[[2167.8      997.80005  938.12   ]]]
1136	[[[2170.2002   996.60004  937.6    ]]]
1137	[[[2170.2002   996.60004  936.96   ]]]
1138	[[[2167.8      997.80005  936.64   ]]]
1139	[[[2167.8      996.60004  936.72003]]]
1140	[[[2169.       996.60004  936.04004]]]
1141	[[[2167.8      996.60004  936.4    ]]]
1142	[[[2169.       996.60004  936.28   ]]]
1143	[[[2167.8      996.60004  930.     ]]]
1144	[[[2167.8      997.80005  936.2    ]]]
1145	[[[2167.8      997.80005  936.12   ]]]
1146	[[[2167.8      999.00006  936.88   ]]]
1147	[[[2171.4001  1000.2      934.72003]]]
1148	[[[2167.8      999.00006  936.44   ]]]
1149	[[[2171.4001   996.60004  702.48   ]]]
1150	[[[2171.4001   997.80005  707.56   ]]]
1151	[[[2167.8      997.80005  936.     ]]]
1152	[[[2167.8      997.80005  935.8    ]]]
1153	[[[2170.2002   999.00006  936.52   ]]]
1154	[[[2172.6      997.80005  702.28   ]]]
1155	[[[2167.8      997.80005  935.68   ]]]
1156	[[[2169.       997.80005  946.92004]]]
1157	[[[2167.8      997.80005  935.8    ]]]
1158	[[[2170.2002   997.80005  936.12   ]]]
1159	[[[2169.       999.00006  936.8    ]]]
1160	[[[2167.8      999.00006  936.36   ]]]
1161	[[[2169.       999.00006  936.12   ]]]
1162	[[[2170.2002 1001.4     935.36  ]]]
1163	[[[2169.   1000.2   936.36]]]
1164	[[[2172.6      999.00006  702.08   ]]]
1165	[[[2170.2002 1000.2     936.68  ]]]
1166	[[[2170.2002 1000.2     936.12  ]]]
1167	[[[2169.  1000.2  935.8]]]
1168	[[[2173.8  1001.4   705.04]]]
1169	[[[2170.2002 1001.4     936.44  ]]]
1170	[[[2172.6      999.00006  702.4    ]]]
1171	[[[2170.2002  1001.4      935.72003]]]
1172	[[[2167.8      999.00006  935.48   ]]]
1173	[[[2172.6     1002.60004  934.16003]]]
1174	[[[2169.      1000.2      936.04004]]]
1175	[[[2170.2002 1000.2     936.28  ]]]
1176	[[[2169.   1001.4   935.96]]]
1177	[[[2170.2002 1000.2     935.32  ]]]
1178	[[[2165.4001 1000.2     932.32  ]]]
1179	[[[2167.8  1000.2   935.24]]]
1180	[[[2165.4001 1000.2     932.56  ]]]
1181	[[[2171.4001  1005.00006  934.96   ]]]
1182	[[[2171.4001 1001.4     937.12  ]]]
1183	[[[2167.8 1001.4  936.2]]]
1184	[[[2169.   1001.4   935.88]]]
1185	[[[2173.8  1001.4   932.76]]]
1186	[[[2170.2002  1002.60004  936.56   ]]]
1187	[[[2170.2002 1000.2     934.2   ]]]
1188	[[[2172.6  1001.4   936.56]]]
1189	[[[2170.2002   999.00006  933.52   ]]]
1190	[[[2171.4001  1001.4      935.72003]]]
1191	[[[2173.8     1003.80005  933.     ]]]
1192	[[[2171.4001  1005.00006  933.92004]]]
1193	[[[2169.   1001.4   935.12]]]
1194	[[[2171.4001  1002.60004  936.44   ]]]
1195	[[[2171.4001  1006.2      933.92004]]]
1196	[[[2169.      1002.60004  935.2    ]]]
1197	[[[2170.2002 1000.2     933.48  ]]]
1198	[[[2173.8     1003.80005  933.32   ]]]
1199	[[[2172.6     1003.80005  937.2    ]]]
1200	[[[2173.8     1003.80005  933.16003]]]
1201	[[[2170.2002  1003.80005  936.08   ]]]
1202	[[[2170.2002  1003.80005  936.04004]]]
1203	[[[2169.      1002.60004  929.36   ]]]
1204	[[[2166.6     1003.80005  932.08   ]]]
1205	[[[2169.      1003.80005  936.32   ]]]
1206	[[[2169.      1005.00006  936.28   ]]]
1207	[[[2169.      1008.60004  932.56   ]]]
1208	[[[2165.4001  1005.00006  933.     ]]]
1209	[[[2169.      1003.80005  935.4    ]]]
1210	[[[2170.2002  1003.80005  935.72003]]]
1211	[[[2169.      1005.00006  936.28   ]]]
1212	[[[2170.2002  1003.80005  935.72003]]]
1213	[[[2169.   1001.4   933.08]]]
1214	[[[2167.8     1003.80005  935.04004]]]
1215	[[[2169.   1001.4   933.44]]]
1216	[[[2170.2002  1005.00006  935.32   ]]]
1217	[[[2169.   1001.4   933.76]]]
1218	[[[2167.8     1003.80005  935.4    ]]]
1219	[[[2169.      1003.80005  935.32   ]]]
1220	[[[2172.6     1005.00006  933.     ]]]
1221	[[[2167.8     1005.00006  935.64   ]]]
1222	[[[2167.8     1003.80005  934.96   ]]]
1223	[[[2169.      1003.80005  930.     ]]]
1224	[[[2170.2002  1003.80005  935.64   ]]]
1225	[[[2169.      1003.80005  930.12   ]]]
1226	[[[2167.8     1003.80005  934.8    ]]]
1227	[[[2172.6     1005.00006  932.44   ]]]
1228	[[[2169.   1006.2   936.48]]]
1229	[[[2170.2002  1005.00006  935.72003]]]
1230	[[[2172.6  1006.2   933.24]]]
1231	[[[2167.8     1003.80005  935.56   ]]]
1232	[[[2167.8     1008.60004  933.6    ]]]
1233	[[[2167.8     1005.00006  936.04004]]]
1234	[[[2169.   1006.2   935.64]]]
1235	[[[2170.2002  1008.60004  934.64   ]]]
1236	[[[2170.2002  1005.00006  936.4    ]]]
1237	[[[2167.8  1006.2   936.28]]]
1238	[[[2167.8     1006.2      936.72003]]]
1239	[[[2169.      1006.2      936.16003]]]
1240	[[[2166.6     1005.00006  936.04004]]]
1241	[[[2169.      1005.00006  935.96   ]]]
1242	[[[2167.8     1005.00006  935.64   ]]]
1243	[[[2165.4001  1005.00006  932.52   ]]]
1244	[[[2169.      1002.60004  933.32   ]]]
1245	[[[2167.8  1006.2   936.28]]]
1246	[[[2169.      1006.2      936.72003]]]
1247	[[[2170.2002 1006.2     936.96  ]]]
1248	[[[2169.      1005.00006  930.44   ]]]
1249	[[[2172.6  1007.4   933.76]]]
1250	[[[2167.8     1005.00006  929.8    ]]]
1251	[[[2170.2002  1006.2      937.04004]]]
1252	[[[2169.      1005.00006  935.16003]]]
1253	[[[2169.      1008.60004  934.08   ]]]
1254	[[[2169.      1005.00006  929.8    ]]]
1255	[[[2169.      1005.00006  930.44   ]]]
1256	[[[2169.      1005.00006  936.04004]]]
1257	[[[2169.      1005.00006  946.96   ]]]
1258	[[[2167.8  1006.2   935.64]]]
1259	[[[2169.   1007.4   936.64]]]
1260	[[[2167.8 1007.4  937.2]]]
1261	[[[2169.      1003.80005  937.8    ]]]
1262	[[[2167.8     1006.2      936.16003]]]
1263	[[[2166.6     1005.00006  935.72003]]]
1264	[[[2170.2002  1006.2      937.04004]]]
1265	[[[2169.   1007.4   937.28]]]
1266	[[[2169.      1006.2      935.72003]]]
1267	[[[2169.      1006.2      936.72003]]]
1268	[[[2169.      1002.60004  933.16003]]]
1269	[[[2167.8  1007.4   937.36]]]
1270	[[[2167.8 1006.2  930.2]]]
1271	[[[2166.6 1006.2  936.8]]]
1272	[[[2166.6     1007.4      937.04004]]]
1273	[[[2169.   1007.4   937.12]]]
1274	[[[2167.8     1006.2      935.72003]]]
1275	[[[2171.4001 1006.2     933.08  ]]]
1276	[[[2166.6     1007.4      937.04004]]]
1277	[[[2171.4001  1008.60004  934.4    ]]]
1278	[[[2167.8  1006.2   930.12]]]
1279	[[[2169.   1006.2   930.44]]]
1280	[[[2167.8  1007.4   936.48]]]
1281	[[[2169.  1006.2  936.4]]]
1282	[[[2167.8     1009.80005  934.4    ]]]
1283	[[[2167.8  1007.4   937.28]]]
1284	[[[2167.8     1006.2      936.72003]]]
1285	[[[2166.6     1006.2      937.04004]]]
1286	[[[2167.8  1006.2   936.48]]]
1287	[[[2167.8  1006.2   947.28]]]
1288	[[[2167.8  1006.2   936.36]]]
1289	[[[2167.8  1007.4   937.36]]]
1290	[[[2169.   1006.2   937.28]]]
1291	[[[2164.2002 1006.2     933.48  ]]]
1292	[[[2167.8     1008.60004  938.12   ]]]
1293	[[[2166.6  1006.2   936.48]]]
1294	[[[2166.6  1006.2   936.64]]]
1295	[[[2166.6  1007.4   936.96]]]
1296	[[[2164.2002 1007.4     933.4   ]]]
1297	[[[2166.6     1007.4      937.72003]]]
1298	[[[2166.6     1006.2      936.04004]]]
1299	[[[2167.8  1006.2   931.08]]]
1300	[[[2164.2002  1007.4      933.72003]]]
1301	[[[2171.4001 1007.4     934.4   ]]]
1302	[[[2167.8 1006.2  931.2]]]
1303	[[[2167.8     1007.4      937.04004]]]
1304	[[[2166.6 1006.2  936.8]]]
1305	[[[2167.8 1006.2  947.8]]]
1306	[[[2166.6 1006.2  936.8]]]
1307	[[[2171.4001  1007.4      934.16003]]]
1308	[[[2167.8 1006.2  936.8]]]
1309	[[[2166.6  1007.4   937.12]]]
1310	[[[2167.8  1006.2   937.48]]]
1311	[[[2166.6  1006.2   930.88]]]
1312	[[[2166.6     1007.4      938.04004]]]
1313	[[[2169.      1009.80005  935.48   ]]]
1314	[[[2167.8     1007.4      938.04004]]]
1315	[[[2166.6     1006.2      937.04004]]]
1316	[[[2165.4001 1006.2     937.68  ]]]
1317	[[[2166.6     1005.00006  931.2    ]]]
1318	[[[2169.      1006.2      939.04004]]]
1319	[[[2167.8     1006.2      938.04004]]]
1320	[[[2166.6     1006.2      937.92004]]]
1321	[[[2166.6     1005.00006  937.08   ]]]
1322	[[[2166.6  1006.2   937.88]]]
1323	[[[2166.6  1006.2   937.24]]]
1324	[[[2165.4001 1006.2     937.88  ]]]
1325	[[[2166.6  1006.2   938.24]]]
1326	[[[2165.4001  1005.00006  937.24   ]]]
1327	[[[2166.6  1006.2   937.56]]]
1328	[[[2165.4001 1006.2     937.24  ]]]
1329	[[[2165.4001  1005.00006  948.04004]]]
1330	[[[2165.4001 1006.2     937.4   ]]]
1331	[[[2166.6  1006.2   937.48]]]
1332	[[[2165.4001  1002.60004  938.44   ]]]
1333	[[[2164.2002  1005.00006  937.56   ]]]
1334	[[[2165.4001 1006.2     938.44  ]]]
1335	[[[2164.2002  1006.2      937.72003]]]
1336	[[[2164.2002  1005.00006  936.8    ]]]
1337	[[[2165.4001  1005.00006  937.36   ]]]
1338	[[[2167.8     1005.00006  933.84   ]]]
1339	[[[2164.2002  1005.00006  936.72003]]]
1340	[[[2165.4001 1006.2     937.6   ]]]
1341	[[[2165.4001 1006.2     938.12  ]]]
1342	[[[2165.4001 1006.2     937.4   ]]]
1343	[[[2164.2002 1006.2     938.36  ]]]
1344	[[[2165.4001  1005.00006  937.72003]]]
1345	[[[2164.2002  1003.80005  936.28   ]]]
1346	[[[2165.4001  1008.60004  935.64   ]]]
1347	[[[2164.2002  1005.00006  937.6    ]]]
1348	[[[2164.2002 1006.2     938.68  ]]]
1349	[[[2165.4001 1006.2     937.36  ]]]
1350	[[[2167.8     1003.80005  707.8    ]]]
1351	[[[2164.2002  1005.00006  936.92004]]]
1352	[[[2164.2002  1005.00006  931.28   ]]]
1353	[[[2164.2002  1008.60004  935.16003]]]
1354	[[[2164.2002  1005.00006  937.24   ]]]
1355	[[[2164.2002 1006.2     938.6   ]]]
1356	[[[2164.2002  1005.00006  936.64   ]]]
1357	[[[2163.      1006.2      938.04004]]]
1358	[[[2164.2002  1003.80005  936.04004]]]
1359	[[[2165.4001  1002.60004  934.72003]]]
1360	[[[2164.2002  1005.00006  937.04004]]]
1361	[[[2165.4001 1006.2     937.56  ]]]
1362	[[[2163.      1006.2      937.72003]]]
1363	[[[2164.2002  1002.60004  934.76   ]]]
1364	[[[2164.2002 1007.4     937.8   ]]]
1365	[[[2163.   1006.2   938.36]]]
1366	[[[2164.2002  1005.00006  936.72003]]]
1367	[[[2163.   1007.4   938.36]]]
1368	[[[2163.   1006.2   937.48]]]
1369	[[[2165.4001 1007.4     938.12  ]]]
1370	[[[2164.2002 1006.2     931.52  ]]]
1371	[[[2164.2002 1007.4     938.12  ]]]
1372	[[[2164.2002 1006.2     937.8   ]]]
1373	[[[2166.6     1008.60004  935.84   ]]]
1374	[[[2164.2002 1007.4     938.12  ]]]
1375	[[[2164.2002 1006.2     937.56  ]]]
1376	[[[2163.   1007.4   938.36]]]
1377	[[[2164.2002 1006.2     948.6   ]]]
1378	[[[2163.      1006.2      937.04004]]]
1379	[[[2163.  1006.2  948.6]]]
1380	[[[2163.   1006.2   936.96]]]
1381	[[[2165.4001 1007.4     938.2   ]]]
1382	[[[2163.   1007.4   937.56]]]
1383	[[[2165.4001 1007.4     937.88  ]]]
1384	[[[2165.4001 1007.4     937.68  ]]]
1385	[[[2164.2002  1008.60004  938.36   ]]]
1386	[[[2164.2002 1006.2     936.4   ]]]
1387	[[[2164.2002  1008.60004  938.36   ]]]
1388	[[[2163.      1008.60004  938.36   ]]]
1389	[[[2164.2002 1006.2     936.4   ]]]
1390	[[[2166.6     1003.80005  935.96   ]]]
1391	[[[2163.   1007.4   937.88]]]
1392	[[[2164.2002  1008.60004  938.72003]]]
1393	[[[2167.8     1008.60004  935.64   ]]]
1394	[[[2165.4001 1007.4     938.36  ]]]
1395	[[[2163.   1007.4   938.12]]]
1396	[[[2166.6     1009.80005  935.8    ]]]
1397	[[[2167.8     1008.60004  934.84   ]]]
1398	[[[2163.      1008.60004  938.36   ]]]
1399	[[[2160.6  1007.4   934.08]]]
1400	[[[2165.4001 1007.4     937.48  ]]]
1401	[[[2164.2002  1008.60004  938.12   ]]]
1402	[[[2163.      1008.60004  938.36   ]]]
1403	[[[2163.      1008.60004  937.96   ]]]
1404	[[[2164.2002 1007.4     948.36  ]]]
1405	[[[2163.      1008.60004  938.44   ]]]
1406	[[[2165.4001  1008.60004  938.6    ]]]
1407	[[[2164.2002  1009.80005  938.6    ]]]
1408	[[[2163.      1008.60004  937.8    ]]]
1409	[[[2164.2002  1008.60004  938.44   ]]]
1410	[[[2163.      1011.00006  935.64   ]]]
1411	[[[2164.2002  1009.80005  938.2    ]]]
1412	[[[2164.2002  1008.60004  937.88   ]]]
1413	[[[2164.2002  1005.00006  935.16003]]]
1414	[[[2163.  1007.4  937.8]]]
1415	[[[2167.8  1007.4   934.64]]]
1416	[[[2163.      1008.60004  938.48   ]]]
1417	[[[2164.2002 1007.4     937.8   ]]]
1418	[[[2165.4001  1011.00006  936.64   ]]]
1419	[[[2164.2002  1005.00006  935.8    ]]]
1420	[[[2163.   1007.4   938.44]]]
1421	[[[2164.2002 1007.4     937.36  ]]]
1422	[[[2163.   1007.4   938.36]]]
1423	[[[2160.6 1007.4  934.4]]]
1424	[[[2167.8     1008.60004  935.4    ]]]
1425	[[[2164.2002  1007.4      937.72003]]]
1426	[[[2163.      1007.4      937.72003]]]
1427	[[[2167.8  1007.4   934.84]]]
1428	[[[2164.2002  1005.00006  939.12   ]]]
1429	[[[2166.6     1008.60004  935.8    ]]]
1430	[[[2163.   1006.2   937.12]]]
1431	[[[2163.   1007.4   938.36]]]
1432	[[[2164.2002  1006.2      937.04004]]]
1433	[[[2164.2002  1006.2      938.04004]]]
1434	[[[2163.      1005.00006  931.12   ]]]
1435	[[[2163.  1007.4  938.8]]]
1436	[[[2164.2002  1007.4      937.72003]]]
1437	[[[2164.2002 1006.2     937.36  ]]]
1438	[[[2163.      1005.00006  937.04004]]]
1439	[[[2164.2002 1007.4     937.44  ]]]
1440	[[[2164.2002  1009.80005  935.64   ]]]
1441	[[[2164.2002  1005.00006  931.52   ]]]
1442	[[[2164.2002 1006.2     938.68  ]]]
1443	[[[2164.2002  1005.00006  948.36   ]]]
1444	[[[2163.      1006.2      938.04004]]]
1445	[[[2163.      1005.00006  937.48   ]]]
1446	[[[2165.4001  1005.00006  938.36   ]]]
1447	[[[2163.  1006.2  938.8]]]
1448	[[[2164.2002  1005.00006  937.16003]]]
1449	[[[2164.2002  1003.80005  936.72003]]]
1450	[[[2164.2002 1006.2     938.12  ]]]
1451	[[[2163.      1006.2      938.04004]]]
1452	[[[2164.2002  1005.00006  938.36   ]]]
1453	[[[2163.      1003.80005  931.36   ]]]
1454	[[[2165.4001  1008.60004  936.6    ]]]
1455	[[[2163.      1006.2      938.04004]]]
1456	[[[2165.4001  1005.00006  938.92004]]]
1457	[[[2163.      1005.00006  938.04004]]]
1458	[[[2163.      1003.80005  937.6    ]]]
1459	[[[2163.      1003.80005  937.6    ]]]
1460	[[[2163.      1005.00006  937.28   ]]]
1461	[[[2164.2002  1005.00006  937.96   ]]]
1462	[[[2164.2002  1002.60004  938.6    ]]]
1463	[[[2163.      1003.80005  931.68   ]]]
1464	[[[2163.      1003.80005  931.36   ]]]
1465	[[[2163.   1001.4   934.64]]]
1466	[[[2166.6     1003.80005  934.     ]
  [ 995.4     1099.8      842.92   ]]]
1467	[[[2164.2002  1003.80005  932.24   ]]]
1468	[[[2163.      1005.00006  936.96   ]]]
1469	[[[2164.2002  1003.80005  931.92004]]]
1470	[[[2164.2002 1006.2     937.44  ]]]
1471	[[[2163.      1003.80005  937.36   ]]]
1472	[[[2163.      1006.2      938.72003]]]
1473	[[[2159.4001  1005.00006  934.64   ]]]
1474	[[[2164.2002  1005.00006  937.28   ]]]
1475	[[[2166.6  1007.4   935.32]]]
1476	[[[2164.2002 1006.2     937.84  ]]]
1477	[[[2166.6  1007.4   935.88]]]
1478	[[[2164.2002  1005.00006  938.2    ]]]
1479	[[[2159.4001  1005.00006  934.56   ]]]
1480	[[[2163.  1006.2  938.2]]]
1481	[[[2163.      1002.60004  935.44   ]]]
1482	[[[2164.2002  1006.2      938.44   ]
  [1104.6001  1123.8      900.16003]]]
1483	[[[2163.      1005.00006  937.52   ]]]
1484	[[[2165.4001  1005.00006  708.56   ]]]
1485	[[[2159.4001 1006.2     934.8   ]]]
1486	[[[2163.   1006.2   938.44]]]
1487	[[[2161.8     1005.00006  937.12   ]]]
1488	[[[2161.8     1005.00006  937.44   ]]]
1489	[[[2163.   1006.2   938.44]]]
1490	[[[2163.      1005.00006  937.76   ]]]
1491	[[[2166.6     1003.80005  708.64   ]]]
1492	[[[2163.      1005.00006  931.84   ]]]
1493	[[[2164.2002  1005.00006  705.44   ]]]
1494	[[[2163.      1008.60004  935.12   ]]]
1495	[[[2160.6     1005.00006  934.16003]]]
1496	[[[2161.8     1005.00006  937.76   ]]]
1497	[[[2163.      1005.00006  937.12   ]]]
1498	[[[2166.6     1003.80005  708.08   ]]]
1499	[[[2166.6     1005.00006  704.08   ]]]
1500	[[[2165.4001  1005.00006  938.16003]]]
1501	[[[2161.8     1005.00006  938.28   ]]]
1502	[[[2163.  1006.2  938.6]]]
1503	[[[2163.      1005.00006  936.96   ]]]
1504	[[[2161.8     1005.00006  937.84   ]]]
1505	[[[2166.6     1003.80005  708.04   ]]]
1506	[[[2164.2002 1006.2     939.    ]]]
1507	[[[2167.8  1006.2   935.12]]]
1508	[[[2163.   1006.2   938.76]]]
1509	[[[2164.2002  1001.4      935.04004]]]
1510	[[[2160.6  1006.2   934.36]]]
1511	[[[2166.6     1003.80005  704.08   ]]]
1512	[[[2163.  1006.2  938.2]]]
1513	[[[2166.6     1003.80005  708.6    ]]]
1514	[[[2164.2002  1005.00006  937.2    ]]]
1515	[[[2164.2002  1005.00006  937.76   ]]]
1516	[[[2165.4001  1005.00006  938.44   ]]]
1517	[[[2163.      1005.00006  938.     ]]]
1518	[[[2163.      1005.00006  937.52   ]]]
1519	[[[2167.8     1005.00006  935.12   ]]]
1520	[[[2164.2002 1006.2     939.    ]]]
1521	[[[2163.      1005.00006  937.68   ]]]
1522	[[[2164.2002  1005.00006  938.56   ]]]
1523	[[[2167.8     1003.80005  703.84   ]]]
1524	[[[2164.2002 1006.2     938.68  ]]]
1525	[[[2167.8     1002.60004  703.84   ]]]
1526	[[[2167.8     1003.80005  704.16   ]]]
1527	[[[2164.2002  1005.00006  937.92004]]]
1528	[[[2164.2002  1002.60004  936.24   ]]]
1529	[[[2164.2002  1003.80005  937.92004]]]
1530	[[[2167.8     1003.80005  704.08   ]]]
1531	[[[2165.4001  1005.00006  937.88   ]]]
1532	[[[2167.8     1002.60004  703.84   ]]]
1533	[[[2164.2002  1005.00006  938.76   ]]]
1534	[[[2167.8     1003.80005  708.6    ]]]
1535	[[[2169.      1002.60004  703.68   ]]]
1536	[[[2164.2002  1003.80005  938.     ]]]
1537	[[[2164.2002  1005.00006  938.24   ]]]
1538	[[[2167.8     1003.80005  704.44   ]]]
1539	[[[2164.2002  1005.00006  938.32   ]]]
1540	[[[2164.2002  1005.00006  938.08   ]]]
1541	[[[2165.4001 1006.2     939.08  ]]]
1542	[[[2167.8     1003.80005  704.28   ]]]
1543	[[[2165.4001  1003.80005  948.80005]]]
1544	[[[2167.8     1003.80005  704.08   ]]]
1545	[[[2164.2002  1003.80005  937.92004]]]
1546	[[[2165.4001  1005.00006  937.92004]]]
1547	[[[2164.2002  1005.00006  938.6    ]]]
1548	[[[2169.      1003.80005  708.92   ]]]
1549	[[[2164.2002  1005.00006  937.92004]]]
1550	[[[2170.2002 1006.2     706.96  ]]]
1551	[[[2165.4001  1005.00006  937.56   ]]]
1552	[[[2167.8     1003.80005  708.56   ]]]
1553	[[[2165.4001  1002.60004  935.84   ]]]
1554	[[[2169.      1005.00006  708.16   ]]]
1555	[[[2169.      1003.80005  703.68   ]]]
1556	[[[2169.      1005.00006  708.32   ]]]
1557	[[[2167.8     1005.00006  708.76   ]]]
1558	[[[2161.8     1005.00006  934.96   ]]]
1559	[[[2164.2002  1005.00006  937.76   ]]]
1560	[[[2165.4001 1006.2     938.56  ]]]
1561	[[[2167.8     1008.60004  937.28   ]]]
1562	[[[2164.2002 1006.2     938.84  ]]]
1563	[[[2163.      1005.00006  939.28   ]]]
1564	[[[2163.   1007.4   935.52]]]
1565	[[[2167.8     1003.80005  708.56   ]]]
1566	[[[2165.4001  1005.00006  938.12   ]]]
1567	[[[2169.      1003.80005  703.84   ]]]
1568	[[[2166.6     1005.00006  938.76   ]]]
1569	[[[2165.4001  1005.00006  938.08   ]]]
1570	[[[2169.      1003.80005  703.68   ]]]
1571	[[[2164.2002  1003.80005  938.12   ]]]
1572	[[[2166.6     1003.80005  938.76   ]]]
1573	[[[2166.6     1005.00006  938.     ]]]
1574	[[[2165.4001  1003.80005  938.     ]]]
1575	[[[2164.2002  1003.80005  938.32   ]]]
1576	[[[2167.8     1002.60004  708.92   ]]]
1577	[[[2167.8     1002.60004  708.72   ]]]
1578	[[[2169.      1002.60004  704.04   ]]]
1579	[[[2169.      1002.60004  704.12   ]]]
1580	[[[2163.      1003.80005  938.68   ]]]
1581	[[[2164.2002  1003.80005  938.68   ]]]
1582	[[[2165.4001  1003.80005  938.68   ]]]
1583	[[[2167.8     1002.60004  704.48   ]]]
1584	[[[2164.2002  1003.80005  939.08   ]]]
1585	[[[2165.4001  1002.60004  938.08   ]]]
1586	[[[2167.8     1002.60004  709.12   ]]]
1587	[[[2161.8     1002.60004  934.8    ]]]
1588	[[[2165.4001  1002.60004  937.76   ]]]
1589	[[[2164.2002 1006.2     936.2   ]]]
1590	[[[2167.8 1001.4  709. ]]]
1591	[[[2164.2002  1003.80005  939.08   ]]]
1592	[[[2165.4001  1003.80005  938.6    ]]]
1593	[[[2169.   1001.4   703.84]]]
1594	[[[2164.2002  1002.60004  938.2    ]]]
1595	[[[2165.4001  1002.60004  939.08   ]]]
1596	[[[2164.2002  1002.60004  938.84   ]]]
1597	[[[2167.8 1001.4  708.4]]]
1598	[[[2167.8 1000.2  703.8]]]
1599	[[[2167.8  1000.2   703.96]]]
1600	[[[2169.   1000.2   709.12]]]
1601	[[[2167.8  1000.2   708.36]]]
1602	[[[2165.4001  1002.60004  938.52   ]]]
1603	[[[2165.4001  1002.60004  939.08   ]]]
1604	[[[2165.4001 1001.4     938.12  ]]]
1605	[[[2164.2002  1002.60004  939.     ]]]
1606	[[[2164.2002 1001.4     937.68  ]]]
1607	[[[2163.      1003.80005  935.12   ]]]
1608	[[[2164.2002  1002.60004  939.08   ]]]
1609	[[[2165.4001  1002.60004  938.2    ]]]
1610	[[[2164.2002 1000.2     948.32  ]]]
1611	[[[2164.2002 1000.2     936.8   ]]]
1612	[[[2165.4001  1002.60004  938.2    ]]]
1613	[[[2165.4001  1002.60004  938.2    ]]]
1614	[[[2167.8 1001.4  704.2]]]
1615	[[[2167.8  1000.2   703.44]]]
1616	[[[2164.2002  1003.80005  939.52   ]]]
1617	[[[2161.8     1002.60004  934.48   ]]]
1618	[[[2167.8  1001.4   704.44]]]
1619	[[[2169.  1001.4  704. ]]]
1620	[[[2170.2002  1003.80005  706.88   ]]]
1621	[[[2165.4001  1003.80005  938.84   ]]]
1622	[[[2165.4001  1002.60004  932.12   ]]]
1623	[[[2165.4001  1002.60004  937.44   ]]]
1624	[[[2164.2002  1002.60004  938.08   ]]]
1625	[[[2165.4001  1003.80005  939.08   ]]]
1626	[[[2165.4001  1002.60004  938.     ]]]
1627	[[[2167.8  1000.2   703.28]]]
1628	[[[2167.8  1001.4   708.44]]]
1629	[[[2165.4001  1003.80005  938.36   ]]]
1630	[[[2167.8 1001.4  708.4]]]
1631	[[[2164.2002  1002.60004  938.36   ]]]
1632	[[[2165.4001  1003.80005  938.68   ]]]
1633	[[[2165.4001   999.00006  935.04004]]]
1634	[[[2166.6  1007.4   936.68]]]
1635	[[[2165.4001  1003.80005  937.92004]]]
1636	[[[2169.  1001.4  703.6]]]
1637	[[[2165.4001  1003.80005  938.32   ]]]
1638	[[[2165.4001  1003.80005  938.56   ]]]
1639	[[[2166.6     1002.60004  937.68   ]]]
1640	[[[2164.2002  1003.80005  938.24   ]]]
1641	[[[2169.      1005.00006  706.6    ]]]
1642	[[[2164.2002  1005.00006  938.68   ]]]
1643	[[[2165.4001  1003.80005  937.68   ]]]
1644	[[[2165.4001  1003.80005  938.32   ]]]
1645	[[[2164.2002  1003.80005  937.68   ]]]
1646	[[[2164.2002  1003.80005  937.44   ]]]
1647	[[[2165.4001  1003.80005  937.32   ]]]
1648	[[[2166.6  1007.4   936.12]]]
1649	[[[2164.2002  1003.80005  937.68   ]]]
1650	[[[2164.2002  1003.80005  937.68   ]]]
1651	[[[2164.2002  1003.80005  937.52   ]]]
1652	[[[2159.4001 1006.2     942.48  ]]]
1653	[[[2165.4001  1003.80005  937.2    ]]]
1654	[[[2164.2002  1002.60004  936.76   ]]]
1655	[[[2167.8     1002.60004  708.44   ]]]
1656	[[[2169.      1002.60004  703.28   ]]]
1657	[[[2164.2002  1005.00006  938.12   ]]]
1658	[[[2169.      1002.60004  708.36   ]]]
1659	[[[2167.8     1003.80005  708.32   ]]]
1660	[[[2164.2002  1005.00006  938.44   ]]]
1661	[[[2164.2002  1005.00006  938.32   ]]]
1662	[[[2164.2002  1003.80005  936.92004]]]
1663	[[[2165.4001  1005.00006  937.68   ]]]
1664	[[[2164.2002  1003.80005  937.36   ]]]
1665	[[[2167.8     1002.60004  707.64   ]]]
1666	[[[2166.6     1003.80005  937.36   ]]]
1667	[[[2161.8     1005.00006  933.52   ]]]
1668	[[[2165.4001  1005.00006  937.24   ]]]
1669	[[[2165.4001  1005.00006  937.84   ]]]
1670	[[[2164.2002  1003.80005  936.28   ]]]
1671	[[[2166.6  1007.4   935.84]]]
1672	[[[2169.      1003.80005  702.84   ]]]
1673	[[[2164.2002  1005.00006  937.16003]]]
1674	[[[2164.2002  1005.00006  937.36   ]]]
1675	[[[2167.8     1003.80005  707.84   ]]]
1676	[[[2167.8     1003.80005  703.6    ]]]
1677	[[[2164.2002  1005.00006  937.76   ]]]
1678	[[[2164.2002  1003.80005  936.6    ]]]
1679	[[[2167.8     1003.80005  703.72   ]]]
1680	[[[2166.6     1003.80005  937.4    ]]]
1681	[[[2167.8     1003.80005  707.88   ]]]
1682	[[[2164.2002  1005.00006  936.68   ]]]
1683	[[[2165.4001 1006.2     937.56  ]]]
1684	[[[2164.2002  1005.00006  937.36   ]]]
1685	[[[2167.8     1005.00006  702.92   ]]]
1686	[[[2167.8     1005.00006  703.     ]]]
1687	[[[2167.8     1005.00006  703.6    ]]]
1688	[[[2164.2002 1006.2     936.8   ]]]
1689	[[[2164.2002  1005.00006  937.12   ]]]
1690	[[[2165.4001 1006.2     937.12  ]]]
1691	[[[2164.2002  1005.00006  936.04004]]]
1692	[[[2165.4001 1006.2     938.    ]]]
1693	[[[2166.6     1005.00006  937.12   ]]]
1694	[[[2165.4001 1006.2     937.76  ]]]
1695	[[[2164.2002  1005.00006  936.44   ]]]
1696	[[[2167.8     1003.80005  707.28   ]]]
1697	[[[2165.4001  1005.00006  931.4    ]]]
1698	[[[2164.2002  1008.60004  934.48   ]]]
1699	[[[2167.8     1003.80005  707.16   ]]]
1700	[[[2167.8     1003.80005  702.72   ]]]
1701	[[[2169.   1007.4   705.76]]]
1702	[[[2166.6     1005.00006  937.52   ]]]
1703	[[[2165.4001  1005.00006  936.76   ]]]
1704	[[[2165.4001  1005.00006  936.76   ]]]
1705	[[[2169.   1007.4   705.36]]]
1706	[[[2164.2002 1006.2     937.76  ]]]
1707	[[[2164.2002  1005.00006  936.44   ]]]
1708	[[[2165.4001 1006.2     937.    ]]]
1709	[[[2164.2002 1006.2     937.76  ]]]
1710	[[[2163.      1005.00006  936.68   ]]]
1711	[[[2164.2002 1006.2     937.28  ]]]
1712	[[[2165.4001 1006.2     936.64  ]]]
1713	[[[2164.2002  1005.00006  930.6    ]]]
1714	[[[2164.2002  1005.00006  930.84   ]]]
1715	[[[2166.6     1005.00006  702.92   ]]]
1716	[[[2163.   1006.2   936.44]]]
1717	[[[2163.   1006.2   936.12]]]
1718	[[[2164.2002 1006.2     937.12  ]]]
1719	[[[2163.   1006.2   936.44]]]
1720	[[[2169.  1007.4  705.8]]]
1721	[[[2167.8     1005.00006  702.88   ]]]
1722	[[[2164.2002 1006.2     936.12  ]]]
1723	[[[2164.2002 1006.2     936.36  ]]]
1724	[[[2165.4001 1007.4     937.76  ]]]
1725	[[[2164.2002 1006.2     936.12  ]]]
1726	[[[2165.4001  1009.80005  934.8    ]]]
1727	[[[2167.8     1005.00006  702.68   ]]]
1728	[[[2163.   1007.4   937.36]]]
1729	[[[2167.8  1006.2   702.72]]]
1730	[[[2169.  1007.4  705.6]]]
1731	[[[2164.2002 1006.2     935.8   ]]]
1732	[[[2167.8     1005.00006  707.72   ]]]
1733	[[[2167.8  1006.2   707.16]]]
1734	[[[2169.   1007.4   705.56]]]
1735	[[[2165.4001 1006.2     704.52  ]]]
1736	[[[2163.   1006.2   937.08]]]
1737	[[[2165.4001 1007.4     936.76  ]]]
1738	[[[2164.2002 1007.4     937.12  ]]]
1739	[[[2165.4001 1007.4     936.88  ]]]
1740	[[[2164.2002 1007.4     937.68  ]]]
1741	[[[2164.2002  1005.00006  946.84   ]]]
1742	[[[2163.   1006.2   936.96]]]
1743	[[[2164.2002 1007.4     936.96  ]]]
1744	[[[2164.2002 1006.2     936.2   ]]]
1745	[[[2167.8     1005.00006  707.68   ]]]
1746	[[[2165.4001 1007.4     936.52  ]]]
1747	[[[2164.2002 1006.2     936.52  ]]]
1748	[[[2165.4001 1006.2     936.88  ]]]
1749	[[[2164.2002 1007.4     937.2   ]]]
1750	[[[2164.2002 1006.2     936.36  ]]]
1751	[[[2165.4001 1006.2     936.76  ]]]
1752	[[[2169.   1007.4   705.32]]]
1753	[[[2164.2002  1005.00006  930.6    ]]]
1754	[[[2164.2002 1006.2     936.96  ]]]
1755	[[[2164.2002 1006.2     936.2   ]]]
1756	[[[2164.2002  1005.00006  947.2    ]]]
1757	[[[2167.8 1007.4  934.2]]]
1758	[[[2167.8  1006.2   933.48]]]
1759	[[[2164.2002  1009.80005  934.32   ]]]
1760	[[[2164.2002 1006.2     936.2   ]]]
1761	[[[2167.8  1006.2   933.32]]]
1762	[[[2164.2002  1005.00006  930.92004]]]
1763	[[[2164.2002 1006.2     936.96  ]]]
1764	[[[2164.2002 1006.2     935.88  ]]]
1765	[[[2165.4001 1007.4     937.28  ]]]
1766	[[[2165.4001 1006.2     936.28  ]]]
1767	[[[2169.  1006.2  934. ]]]
1768	[[[2164.2002 1007.4     936.88  ]]]
1769	[[[2166.6  1007.4   936.64]]]
1770	[[[2166.6  1006.2   936.76]]]
1771	[[[2165.4001  1006.2      936.72003]]]
1772	[[[2166.6  1006.2   937.36]]]
1773	[[[2166.6  1007.4   936.96]]]
1774	[[[2165.4001 1007.4     937.36  ]]]
1775	[[[2164.2002 1006.2     936.64  ]]]
1776	[[[2166.6  1006.2   937.28]]]
1777	[[[2165.4001  1006.2      930.92004]]]
1778	[[[2164.2002 1007.4     936.96  ]]]
1779	[[[2166.6  1006.2   936.64]]]
1780	[[[2164.2002 1007.4     936.84  ]]]
1781	[[[2165.4001  1005.00006  935.56   ]]]
1782	[[[2164.2002 1006.2     936.52  ]]]
1783	[[[2161.8  1007.4   933.68]]]
1784	[[[2169.   1007.4   933.32]]]
1785	[[[2164.2002 1007.4     936.6   ]]]
1786	[[[2166.6 1007.4  937.2]]]
1787	[[[2164.2002 1006.2     936.28  ]]]
1788	[[[2166.6  1006.2   936.88]]]
1789	[[[2165.4001 1007.4     936.84  ]]]
1790	[[[2165.4001 1006.2     930.6   ]]]
1791	[[[2167.8     1005.00006  706.72   ]]]
1792	[[[2166.6 1007.4  937.2]]]
1793	[[[2167.8  1007.4   933.32]]]
1794	[[[2169.      1008.60004  934.56   ]]]
1795	[[[2166.6     1011.00006  935.32   ]]]
1796	[[[2164.2002 1006.2     936.2   ]]]
1797	[[[2165.4001  1002.60004  933.88   ]]]
1798	[[[2166.6  1007.4   937.96]]]
1799	[[[2165.4001  1005.00006  937.52   ]]]
1800	[[[2169.      1008.60004  705.8    ]]]
1801	[[[2165.4001 1006.2     930.76  ]]]
1802	[[[2164.2002  1007.4      938.04004]]]
1803	[[[2169.   1007.4   933.76]]]
1804	[[[2164.2002 1006.2     936.64  ]]]
1805	[[[2164.2002 1007.4     937.52  ]]]
1806	[[[2166.6     1008.60004  936.64   ]]]
1807	[[[2166.6  1007.4   937.84]]]
1808	[[[2169.   1007.4   934.32]]]
1809	[[[2165.4001  1002.60004  934.     ]]]
1810	[[[2165.4001 1007.4     937.08  ]]]
1811	[[[2166.6     1009.80005  935.64   ]]]
1812	[[[2165.4001  1006.2      931.16003]]]
1813	[[[2165.4001 1006.2     936.52  ]]]
1814	[[[2166.6  1007.4   936.88]]]
1815	[[[2164.2002 1006.2     937.28  ]]]
1816	[[[2165.4001  1005.00006  947.52   ]]]
1817	[[[2165.4001 1007.4     937.96  ]]]
1818	[[[2165.4001 1007.4     937.28  ]]]
1819	[[[2165.4001 1006.2     937.2   ]]]
1820	[[[2169.  1006.2  934. ]]]
1821	[[[2165.4001  1005.00006  931.36   ]]]
1822	[[[2165.4001 1007.4     938.28  ]]]
1823	[[[2167.8     1008.60004  935.64   ]]]
1824	[[[2161.8     1005.00006  933.32   ]]]
1825	[[[2169.  1006.2  934.2]]]
1826	[[[2166.6     1005.00006  705.08   ]]]
1827	[[[2164.2002  1005.00006  937.2    ]]]
1828	[[[2165.4001 1001.4     934.12  ]]]
1829	[[[2169.      1005.00006  707.44   ]]]
1830	[[[2169.  1006.2  933.8]]]
1831	[[[2166.6     1005.00006  937.36   ]]]
1832	[[[2165.4001  1006.2      938.04004]]]
1833	[[[2165.4001 1006.2     936.96  ]]]
1834	[[[2166.6  1006.2   937.28]]]
1835	[[[2166.6 1006.2  937.6]]]
1836	[[[2163.   1006.2   933.64]]]
1837	[[[2164.2002  1005.00006  936.64   ]]]
1838	[[[2165.4001  1005.00006  936.72003]]]
1839	[[[2165.4001  1005.00006  936.96   ]]]
1840	[[[2165.4001  1005.00006  936.32   ]]]
1841	[[[2166.6  1006.2   937.28]]]
1842	[[[2166.6     1002.60004  938.28   ]]]
1843	[[[2166.6     1003.80005  938.04004]]]
1844	[[[2166.6     1005.00006  936.72003]]]
1845	[[[2166.6  1006.2   937.96]]]
1846	[[[2169.      1005.00006  933.32   ]]]
1847	[[[2165.4001  1003.80005  936.88   ]]]
1848	[[[2166.6     1005.00006  936.72003]]]
1849	[[[2170.2002  1005.00006  934.32   ]]]
1850	[[[2169.      1008.60004  935.64   ]]]
1851	[[[2165.4001  1005.00006  936.96   ]]]
1852	[[[2166.6  1001.4   933.64]]]
1853	[[[2166.6  1006.2   937.96]]]
1854	[[[2165.4001  1005.00006  936.96   ]]]
1855	[[[2163.      1005.00006  934.     ]]]
1856	[[[2165.4001 1006.2     936.96  ]]]
1857	[[[2166.6     1008.60004  934.64   ]]]
1858	[[[2166.6     1005.00006  931.     ]]]
1859	[[[2165.4001 1006.2     937.28  ]]]
1860	[[[2166.6     1002.60004  934.56   ]]]
1861	[[[2165.4001  1006.2      937.04004]]]
1862	[[[2163.      1005.00006  933.72003]]]
1863	[[[2163.      1005.00006  934.08   ]]]
1864	[[[2170.2002  1005.00006  933.32   ]]]
1865	[[[2166.6     1003.80005  930.44   ]]]
1866	[[[2166.6     1005.00006  936.6    ]]]
1867	[[[2165.4001  1005.00006  937.2    ]]]
1868	[[[2163.      1005.00006  933.64   ]]]
1869	[[[2167.8 1006.2  937.6]]]
1870	[[[2166.6  1006.2   937.96]]]
1871	[[[2165.4001  1005.00006  937.2    ]
  [1081.8     1093.8      920.04004]]]
1872	[[[2169.      1008.60004  935.88   ]]]
1873	[[[2169.      1005.00006  937.6    ]]]
1874	[[[2165.4001  1005.00006  937.52   ]]]
1875	[[[2167.8     1005.00006  937.2    ]]]
1876	[[[2166.6 1006.2  938.2]]]
1877	[[[2167.8  1006.2   937.76]]]
1878	[[[2166.6     1008.60004  934.56   ]]]
1879	[[[2171.4001  1003.80005  708.24   ]]]
1880	[[[2167.8     1008.60004  935.48   ]]]
1881	[[[2166.6  1001.4   934.12]]]
1882	[[[2171.4001  1003.80005  708.08   ]]]
1883	[[[2167.8  1006.2   938.08]]]
1884	[[[2166.6     1005.00006  936.44   ]]]
1885	[[[2167.8     1006.2      937.92004]]]
1886	[[[2169.      1005.00006  937.28   ]]]
1887	[[[2167.8  1006.2   937.28]]]
1888	[[[2167.8     1005.00006  931.48   ]]]
1889	[[[2167.8     1001.4      933.92004]]]
1890	[[[2167.8     1006.2      937.92004]]]
1891	[[[2166.6  1006.2   938.12]]]
1892	[[[2167.8  1001.4   933.84]]]
1893	[[[2166.6     1005.00006  936.48   ]]]
1894	[[[2166.6  1007.4   938.36]]]
1895	[[[2167.8     1002.60004  934.4    ]]]
1896	[[[2166.6  1006.2   936.96]]]
1897	[[[2167.8     1003.80005  938.52   ]]]
1898	[[[2171.4001 1007.4     934.4   ]]]
1899	[[[2166.6     1005.00006  936.08   ]]]
1900	[[[2167.8     1005.00006  931.12   ]]]
1901	[[[2167.8     1005.00006  947.92004]]]
1902	[[[2171.4001 1006.2     934.08  ]]]
1903	[[[2166.6     1006.2      938.04004]]]
1904	[[[2167.8     1003.80005  935.88   ]]]
1905	[[[2169.      1008.60004  935.64   ]]]
1906	[[[2166.6     1005.00006  937.28   ]]]
1907	[[[2167.8     1005.00006  936.28   ]]]
1908	[[[2169.      1005.00006  937.72003]]]
1909	[[[2169.      1005.00006  936.72003]]]
1910	[[[2167.8     1005.00006  937.16003]]]
1911	[[[2167.8     1005.00006  936.6    ]]]
1912	[[[2167.8 1006.2  937.8]]]
1913	[[[2167.8     1003.80005  930.96   ]]]
1914	[[[2167.8     1005.00006  936.56   ]]]
1915	[[[2171.4001 1006.2     934.6   ]]]
1916	[[[2167.8  1006.2   937.12]]]
1917	[[[2167.8     1002.60004  934.6    ]]]
1918	[[[2169.   1006.2   937.56]]]
1919	[[[2169.      1006.2      936.92004]]]
1920	[[[2169.      1006.2      937.04004]]]
1921	[[[2169.   1006.2   937.24]]]
1922	[[[2169.   1006.2   937.12]]]
1923	[[[2169.   1006.2   937.56]]]
1924	[[[2170.2002  1005.00006  937.88   ]]]
1925	[[[2167.8     1005.00006  936.8    ]]]
1926	[[[2169.      1005.00006  937.12   ]]]
1927	[[[2171.4001 1007.4     934.84  ]]]
1928	[[[2169.   1006.2   937.12]]]
1929	[[[2169.      1003.80005  938.12   ]]]
1930	[[[2169.   1006.2   937.88]]]
1931	[[[2167.8     1005.00006  937.12   ]]]
1932	[[[2172.6  1006.2   934.28]]]
1933	[[[2170.2002 1006.2     937.56  ]]]
1934	[[[2167.8  1006.2   937.56]]]
1935	[[[2167.8     1005.00006  936.32   ]]]
1936	[[[2170.2002 1006.2     937.24  ]]]
1937	[[[2169.   1006.2   937.56]]]
1938	[[[2169.      1005.00006  936.68   ]]]
1939	[[[2170.2002  1008.60004  935.68   ]]]
1940	[[[2169.      1005.00006  936.64   ]]]
1941	[[[2167.8     1003.80005  936.32   ]]]
1942	[[[2167.8     1005.00006  936.56   ]]]
1943	[[[2167.8     1003.80005  936.56   ]]]
1944	[[[2167.8     1003.80005  936.12   ]]]
1945	[[[2169.      1003.80005  935.88   ]]]
1946	[[[2165.4001  1005.00006  934.     ]]]
1947	[[[2170.2002  1005.00006  937.     ]]]
1948	[[[2167.8     1003.80005  936.92004]]]
1949	[[[2169.      1005.00006  937.     ]]]
1950	[[[2169.   1006.2   938.12]]]
1951	[[[2171.4001  1005.00006  937.72003]]]
1952	[[[2170.2002  1005.00006  937.64   ]]]
1953	[[[2167.8     1003.80005  936.24   ]]]
1954	[[[2170.2002  1003.80005  931.6    ]]]
1955	[[[2170.2002  1003.80005  931.64   ]]]
1956	[[[2170.2002  1007.4      934.92004]]]
1957	[[[2169.      1005.00006  937.12   ]]]
1958	[[[2170.2002  1003.80005  931.52   ]]]
1959	[[[2169.   1001.4   934.48]]]
1960	[[[2167.8     1003.80005  936.8    ]]]
1961	[[[2169.      1005.00006  938.12   ]]]
1962	[[[2169.      1005.00006  937.88   ]]]
1963	[[[2169.      1005.00006  937.56   ]]]
1964	[[[2169.   1007.4   935.24]]]
1965	[[[2171.4001  1003.80005  938.     ]]]
1966	[[[2170.2002 1007.4     935.56  ]]]
1967	[[[2170.2002  1005.00006  937.88   ]]]
1968	[[[2167.8     1003.80005  937.12   ]]]
1969	[[[2169.      1005.00006  937.8    ]]]
1970	[[[2167.8     1003.80005  937.24   ]]]
1971	[[[2169.      1003.80005  936.48   ]]]
1972	[[[2165.4001  1003.80005  934.     ]]]
1973	[[[2169.      1003.80005  936.56   ]]]
1974	[[[2169.      1003.80005  936.88   ]]]
1975	[[[2167.8     1002.60004  936.8    ]]]
1976	[[[2169.      1002.60004  931.68   ]]]
1977	[[[2169.      1003.80005  937.64   ]]]
1978	[[[2167.8     1003.80005  937.24   ]]]
1979	[[[2170.2002  1003.80005  938.56   ]]]
1980	[[[2169.      1003.80005  937.48   ]]]
1981	[[[2172.6     1002.60004  934.44   ]]]
1982	[[[2172.6     1003.80005  935.32   ]]]
1983	[[[2169.      1003.80005  938.64   ]]]
1984	[[[2167.8     1002.60004  937.96   ]]]
1985	[[[2169.      1002.60004  938.     ]]]
1986	[[[2170.2002  1002.60004  937.96   ]]]
1987	[[[2169.      1001.4      931.72003]]]
1988	[[[2170.2002  1002.60004  937.64   ]]]
1989	[[[2169.   1001.4   948.52]]]
1990	[[[2169.      1002.60004  937.64   ]]]
1991	[[[2167.8  1001.4   937.32]]]
1992	[[[2169.      1002.60004  938.32   ]]]
1993	[[[2167.8     1002.60004  936.88   ]]]
1994	[[[2170.2002 1001.4     938.32  ]]]
1995	[[[2167.8     1002.60004  937.64   ]]]
1996	[[[2170.2002 1006.2     936.4   ]]]
1997	[[[2167.8     1002.60004  937.32   ]]]
1998	[[[2169.   1001.4   932.28]]]
1999	[[[2170.2002 1001.4     937.64  ]]]
2000	[[[2167.8  1001.4   931.36]]]
2001	[[[2167.8     1002.60004  937.88   ]]]
2002	[[[2169.   1000.2   938.88]]]
2003	[[[2169.   1001.4   948.52]]]
2004	[[[2167.8     1002.60004  937.56   ]]]
2005	[[[2167.8 1001.4  937. ]]]
2006	[[[2170.2002  1002.60004  938.2    ]]]
2007	[[[2167.8     1002.60004  938.     ]]]
2008	[[[2169.      1002.60004  937.96   ]]]
2009	[[[2169.   1001.4   937.64]]]
2010	[[[2171.4001 1001.4     933.6   ]]]
2011	[[[2167.8     1002.60004  938.96   ]]]
2012	[[[2166.6     1002.60004  938.52   ]]]
2013	[[[2167.8     1005.00006  935.32   ]]]
2014	[[[2169.   1001.4   937.64]]]
2015	[[[2169.  1001.4  937. ]]]
2016	[[[2169.  1000.2  939.2]]]
2017	[[[2167.8     1003.80005  938.88   ]]]
2018	[[[2167.8     1001.4      931.72003]]]
2019	[[[2167.8     1002.60004  938.96   ]]]
2020	[[[2169.      1002.60004  938.64   ]]]
2021	[[[2166.6  1001.4   938.32]]]
2022	[[[2164.2002 1001.4     934.68  ]]]
2023	[[[2167.8 1000.2  931.6]]]
2024	[[[2167.8     1002.60004  938.52   ]]]
2025	[[[2167.8  1000.2   931.64]]]
2026	[[[2167.8 1000.2  931.6]]]
2027	[[[2167.8  1001.4   938.52]]]
2028	[[[2167.8      997.80005  935.24   ]]]
2029	[[[2169.   1000.2   938.32]]]
2030	[[[2167.8  1001.4   937.88]]]
2031	[[[2167.8  1000.2   937.24]]]
2032	[[[2167.8  1000.2   937.88]]]
2033	[[[2169.  1000.2  938.2]]]
2034	[[[2167.8 1000.2  931.6]]]
2035	[[[2167.8     1003.80005  935.92004]]]
2036	[[[2167.8  1000.2   937.32]]]
2037	[[[2169.   1001.4   937.64]]]
2038	[[[2169.   1000.2   938.28]]]
2039	[[[2167.8 1000.2  938. ]]]
2040	[[[2166.6 1000.2  938.2]]]
2041	[[[2171.4001 1000.2     934.76  ]]]
2042	[[[2169.      1003.80005  936.64   ]]]
2043	[[[2167.8      996.60004  934.68   ]]]
2044	[[[2167.8  1000.2   937.96]]]
2045	[[[2167.8     1003.80005  935.68   ]]]
2046	[[[2169.   1000.2   938.64]]]
2047	[[[2169.   1001.4   938.88]]]
2048	[[[2166.6  1001.4   938.12]]]
2049	[[[2167.8  1001.4   937.36]]]
2050	[[[2166.6  1001.4   938.12]]]
2051	[[[2166.6     1001.4      938.04004]]]
2052	[[[2167.8     1002.60004  939.04004]]]
2053	[[[2166.6 1001.4  937.8]]]
2054	[[[2169.      1005.00006  936.04004]]]
2055	[[[2169.      1002.60004  938.8    ]]]
2056	[[[2170.2002  1005.00006  936.16003]]]
2057	[[[2167.8  1001.4   937.48]]]
2058	[[[2171.4001  1002.60004  935.16003]]]
2059	[[[2169.  1001.4  937.8]]]
2060	[[[2167.8     1003.80005  938.8    ]]]
2061	[[[2167.8     1002.60004  938.44   ]]]
2062	[[[2167.8  1001.4   932.52]]]
2063	[[[2169.      1002.60004  938.68   ]]]
2064	[[[2170.2002  1002.60004  939.36   ]]]
2065	[[[2167.8     1002.60004  938.12   ]]]
2066	[[[2167.8     1002.60004  938.36   ]]]
2067	[[[2167.8     1002.60004  938.44   ]]]
2068	[[[2166.6     1002.60004  938.12   ]]]
2069	[[[2171.4001  1002.60004  935.16003]]]
2070	[[[2169.      1002.60004  938.36   ]]]
2071	[[[2167.8     1002.60004  937.56   ]]]
2072	[[[2166.6  1001.4   937.64]]]
2073	[[[2169.      1002.60004  938.2    ]]]
2074	[[[2167.8     1003.80005  938.88   ]]]
2075	[[[2169.      1003.80005  937.88   ]]]
2076	[[[2167.8     1003.80005  939.12   ]]]
2077	[[[2164.2002  1002.60004  934.72003]]]
2078	[[[2169.      1003.80005  938.68   ]]]
2079	[[[2167.8     1003.80005  938.12   ]]]
2080	[[[2166.6     1002.60004  937.56   ]]]
2081	[[[2166.6  1001.4   937.56]]]
2082	[[[2167.8 1001.4  948.6]]]
2083	[[[2167.8     1002.60004  938.68   ]]]
2084	[[[2166.6 1001.4  937.8]]]
2085	[[[2167.8  1001.4   931.52]]]
2086	[[[2167.8     1003.80005  939.12   ]]]
2087	[[[2170.2002  1002.60004  939.44   ]]]
2088	[[[2167.8      999.00006  935.56   ]]]
2089	[[[2167.8  1000.2   947.76]]]
2090	[[[2166.6     1002.60004  937.88   ]]]
2091	[[[2169.   1001.4   937.88]]]
2092	[[[2167.8  1001.4   937.56]]]
2093	[[[2164.2002 1001.4     934.84  ]]]
2094	[[[2169.      1002.60004  938.56   ]]]
2095	[[[2169.      1002.60004  938.64   ]]]
2096	[[[2167.8  1001.4   937.88]]]
2097	[[[2167.8     1000.2      936.92004]]]
2098	[[[2164.2002 1000.2     934.56  ]]]
2099	[[[2170.2002 1000.2     938.52  ]]]
2100	[[[2171.4001  1002.60004  935.48   ]]]
2101	[[[2170.2002  1005.00006  936.68   ]]]
2102	[[[2167.8  1001.4   938.28]]]
2103	[[[2170.2002   999.00006  939.2    ]]]
2104	[[[2170.2002 1000.2     937.88  ]]]
2105	[[[2170.2002 1001.4     937.88  ]]]
2106	[[[2171.4001 1001.4     939.12  ]]]
2107	[[[2170.2002   999.00006  939.2    ]]]
2108	[[[2169.   1000.2   937.88]]]
2109	[[[2170.2002   999.00006  938.88   ]]]
2110	[[[2169.       997.80005  934.92004]]]
2111	[[[2170.2002 1000.2     936.8   ]]]
2112	[[[2169.  1001.4  938.2]]]
2113	[[[2173.8     1002.60004  935.24   ]]]
2114	[[[2170.2002  1002.60004  938.56   ]]]
2115	[[[2170.2002  1002.60004  938.56   ]]]
2116	[[[2169.   1001.4   937.56]]]
2117	[[[2169.   1000.2   936.48]]]
2118	[[[2170.2002 1001.4     938.12  ]]]
2119	[[[2169.   1000.2   936.24]]]
2120	[[[2170.2002  1002.60004  938.44   ]]]
2121	[[[2169.      1002.60004  938.12   ]]]
2122	[[[2169.      1005.00006  935.48   ]]]
2123	[[[2169.      1002.60004  938.04004]]]
2124	[[[2170.2002  1002.60004  938.12   ]]]
2125	[[[2167.8     1002.60004  937.88   ]]]
2126	[[[2172.6     1002.60004  934.84   ]]]
2127	[[[2169.      1002.60004  938.12   ]]]
2128	[[[2169.   1006.2   935.48]]]
2129	[[[2169.   1001.4   931.76]]]
2130	[[[2167.8     1002.60004  937.72003]]]
2131	[[[2170.2002  1003.80005  938.2    ]]]
2132	[[[2163.      1005.00006  942.76   ]]]
2133	[[[2172.6     1005.00006  935.84   ]]]
2134	[[[2169.      1003.80005  939.12   ]]]
2135	[[[2170.2002  1003.80005  938.36   ]]]
2136	[[[2167.8     1002.60004  938.04004]]]
2137	[[[2170.2002  1002.60004  937.36   ]]]
2138	[[[2170.2002  1002.60004  938.04004]]]
2139	[[[2167.8     1002.60004  938.12   ]]]
2140	[[[2169.      1002.60004  931.76   ]]]
2141	[[[2169.      1003.80005  938.04004]]]
2142	[[[2169.      1002.60004  931.76   ]]]
2143	[[[2165.4001  1002.60004  934.76   ]]]
2144	[[[2169.      1002.60004  937.6    ]]]
2145	[[[2170.2002  1002.60004  938.36   ]]]
2146	[[[2169.      1003.80005  938.6    ]]]
2147	[[[2170.2002  1002.60004  937.72003]]]
2148	[[[2167.8     1001.4      937.04004]]]
2149	[[[2170.2002  1003.80005  938.04004]]]
2150	[[[2170.2002  1002.60004  938.04004]]]
2151	[[[2169.  1001.4  932. ]]]
2152	[[[2169.      1002.60004  932.     ]]]
2153	[[[2165.4001  1002.60004  934.4    ]]]
2154	[[[2170.2002  1002.60004  937.72003]]]
2155	[[[2165.4001  1002.60004  934.76   ]]]
2156	[[[2165.4001  1003.80005  935.08   ]]]
2157	[[[2165.4001  1002.60004  935.08   ]]]
2158	[[[2167.8     1002.60004  937.6    ]]]
2159	[[[2167.8     1003.80005  938.2    ]]]
2160	[[[2167.8     1002.60004  937.2    ]]]
2161	[[[2167.8     1003.80005  938.44   ]]]
2162	[[[2170.2002  1003.80005  938.36   ]]]
2163	[[[2167.8     1003.80005  938.8    ]]]
2164	[[[2167.8     1003.80005  938.6    ]]]
2165	[[[2165.4001  1002.60004  934.96   ]]]
2166	[[[2167.8     1002.60004  936.96   ]]]
2167	[[[2167.8     1002.60004  937.28   ]]]
2168	[[[2169.      1003.80005  937.72003]]]
2169	[[[2172.6     1005.00006  935.64   ]]]
2170	[[[2170.2002  1002.60004  938.36   ]]]
2171	[[[2167.8     1002.60004  938.04004]]]
2172	[[[2169.      1005.00006  938.6    ]]]
2173	[[[2169.      1003.80005  938.68   ]]]
2174	[[[2169.      1005.00006  938.72003]]]
2175	[[[2167.8     1003.80005  938.36   ]]]
2176	[[[2170.2002 1007.4     936.36  ]]]
2177	[[[2172.6     1005.00006  935.72003]]]
2178	[[[2167.8     1003.80005  938.36   ]]]
2179	[[[2172.6     1005.00006  935.4    ]]]
2180	[[[2169.      1002.60004  931.52   ]]]
2181	[[[2170.2002  1003.80005  938.04004]]]
2182	[[[2169.      1005.00006  939.     ]]]
2183	[[[2169.      1003.80005  948.92004]]]
2184	[[[2170.2002  1005.00006  938.36   ]]]
2185	[[[2169.      1003.80005  948.92004]]]
2186	[[[2169.      1005.00006  939.04004]]]
2187	[[[2170.2002  1005.00006  938.36   ]]]
2188	[[[2172.6  1006.2   935.96]]]
2189	[[[2170.2002 1007.4     936.28  ]]]
2190	[[[2170.2002  1003.80005  937.96   ]]]
2191	[[[2171.4001  1003.80005  938.12   ]]]
2192	[[[2170.2002  1003.80005  932.44   ]]]
2193	[[[2167.8     1005.00006  938.68   ]]]
2194	[[[2170.2002  1003.80005  938.04004]]]
2195	[[[2170.2002  1005.00006  938.36   ]]]
2196	[[[2171.4001  1003.80005  939.04004]]]
2197	[[[2170.2002 1006.2     938.36  ]]]
2198	[[[2170.2002  1002.60004  939.36   ]]]
2199	[[[2169.      1003.80005  937.68   ]]]
2200	[[[2169.   1006.2   939.36]]]
2201	[[[2169.      1001.4      935.16003]]]
2202	[[[2169.      1006.2      939.04004]]]
2203	[[[2169.      1005.00006  937.6    ]]]
2204	[[[2170.2002  1005.00006  938.6    ]]]
2205	[[[2169.      1005.00006  938.6    ]]]
2206	[[[2169.      1003.80005  937.72003]]]
2207	[[[2167.8     1005.00006  938.68   ]]]
2208	[[[2173.8     1005.00006  935.96   ]]]
2209	[[[2170.2002  1006.2      938.04004]]]
2210	[[[2167.8     1005.00006  938.36   ]]]
2211	[[[2169.      1005.00006  937.6    ]]]
2212	[[[2172.6  1007.4   935.96]]]
2213	[[[2170.2002 1006.2     938.68  ]]]
2214	[[[2169.      1005.00006  937.28   ]]]
2215	[[[2170.2002 1006.2     938.28  ]]]
2216	[[[2169.      1005.00006  938.04004]]]
2217	[[[2170.2002  1005.00006  938.6    ]]]
2218	[[[2167.8     1005.00006  938.28   ]]]
2219	[[[2169.   1001.4   934.96]]]
2220	[[[2169.      1002.60004  935.64   ]]]
2221	[[[2167.8     1005.00006  937.36   ]]]
2222	[[[2167.8     1005.00006  937.36   ]]]
2223	[[[2169.  1007.4  938.8]]]
2224	[[[2169.   1006.2   938.36]]]
2225	[[[2172.6 1007.4  935.4]]]
2226	[[[2170.2002 1006.2     938.68  ]]]
2227	[[[2169.      1002.60004  935.4    ]]]
2228	[[[2169.   1006.2   937.36]]]
2229	[[[2167.8  1006.2   938.12]]]
2230	[[[2169.   1007.4   938.36]]]
2231	[[[2167.8 1006.2  937.8]]]
2232	[[[2170.2002 1006.2     938.44  ]]]
2233	[[[2167.8     1005.00006  937.04004]]]
2234	[[[2169.      1002.60004  934.64   ]]]
2235	[[[2165.4001 1006.2     934.96  ]]]
2236	[[[2170.2002  1009.80005  936.28   ]]]
2237	[[[2173.8  1006.2   934.96]]]
2238	[[[2169.   1006.2   938.36]]]
2239	[[[2170.2002 1006.2     938.6   ]]]
2240	[[[2171.4001  1006.2      938.92004]]]
2241	[[[2169.  1006.2  937.8]]]
2242	[[[2169.      1005.00006  937.72003]]]
2243	[[[2169.      1007.4      939.04004]]]
2244	[[[2165.4001  1006.2      934.72003]]]
2245	[[[2170.2002 1007.4     938.28  ]]]
2246	[[[2171.4001  1006.2      938.92004]]]
2247	[[[2172.6  1006.2   934.32]]]
2248	[[[2169.   1007.4   938.28]]]
2249	[[[2172.6 1007.4  935. ]]]
2250	[[[2169.      1006.2      931.92004]]]
2251	[[[2170.2002  1006.2      938.04004]]]
2252	[[[2169.      1007.4      938.04004]]]
2253	[[[2170.2002 1006.2     932.4   ]]]
2254	[[[2170.2002 1007.4     938.96  ]]]
2255	[[[2170.2002 1006.2     932.24  ]]]
2256	[[[2170.2002  1008.60004  938.96   ]]]
2257	[[[2169.      1008.60004  938.92004]]]
2258	[[[2169.      1008.60004  939.36   ]]]
2259	[[[2169.      1007.4      937.92004]]]
2260	[[[2169.      1008.60004  939.36   ]]]
2261	[[[2170.2002  1008.60004  938.28   ]]]
2262	[[[2169.      1005.00006  935.72003]]]
2263	[[[2170.2002  1007.4      937.92004]]]
2264	[[[2167.8     1008.60004  937.96   ]]]
2265	[[[2167.8 1007.4  937.6]]]
2266	[[[2170.2002 1007.4     938.28  ]]]
2267	[[[2169.      1008.60004  938.92004]]]
2268	[[[2169.      1008.60004  938.92004]]]
2269	[[[2167.8     1008.60004  938.36   ]]]
2270	[[[2169.      1007.4      937.72003]]]
2271	[[[2169.   1007.4   948.84]]]
2272	[[[2167.8     1008.60004  938.36   ]]]
2273	[[[2169.      1008.60004  938.36   ]]]
2274	[[[2169.  1007.4  937.8]]]
2275	[[[2172.6     1008.60004  935.08   ]]]
2276	[[[2172.6     1008.60004  935.04004]]]
2277	[[[2170.2002 1007.4     938.68  ]]]
2278	[[[2169.   1007.4   938.12]]]
2279	[[[2169.   1007.4   937.48]]]
2280	[[[2169.      1007.4      938.04004]]]
2281	[[[2172.6     1008.60004  935.24   ]]]
2282	[[[2170.2002 1007.4     938.44  ]]]
2283	[[[2167.8     1008.60004  939.12   ]]]
2284	[[[2167.8     1008.60004  938.04004]]]
2285	[[[2169.      1007.4      937.72003]]]
2286	[[[2172.6     1008.60004  935.4    ]]]
2287	[[[2169.   1007.4   932.44]]]
2288	[[[2169.      1007.4      938.04004]]]
2289	[[[2164.2002 1007.4     934.96  ]]]
2290	[[[2167.8     1008.60004  937.6    ]]]
2291	[[[2169.      1007.4      948.92004]]]
2292	[[[2170.2002  1008.60004  939.04004]]]
2293	[[[2170.2002  1007.4      938.04004]]]
2294	[[[2167.8 1007.4  937.6]]]
2295	[[[2167.8     1008.60004  938.6    ]]]
2296	[[[2169.      1008.60004  938.28   ]]]
2297	[[[2169.      1008.60004  937.92004]]]
2298	[[[2169.      1008.60004  938.72003]]]
2299	[[[2167.8     1007.4      937.92004]]]
2300	[[[2167.8     1007.4      938.04004]]]
2301	[[[2169.  1007.4  948.6]]]
2302	[[[2167.8     1008.60004  938.28   ]]]
2303	[[[2169.      1008.60004  938.92004]]]
2304	[[[2169.      1007.4      937.72003]]]
2305	[[[2169.      1008.60004  938.04004]]]
2306	[[[2169.      1008.60004  938.04004]]]
2307	[[[2167.8     1008.60004  938.36   ]]]
2308	[[[2167.8  1007.4   937.48]]]
2309	[[[2169.      1008.60004  938.12   ]]]
2310	[[[2172.6     1008.60004  935.4    ]]]
2311	[[[2170.2002  1008.60004  938.8    ]]]
2312	[[[2170.2002 1007.4     938.48  ]]]
2313	[[[2169.      1008.60004  939.04004]]]
2314	[[[2170.2002  1008.60004  938.68   ]]]
2315	[[[2169.      1008.60004  938.44   ]]]
2316	[[[2170.2002 1007.4     937.8   ]]]
2317	[[[2169.   1007.4   937.48]]]
2318	[[[2167.8     1008.60004  937.8    ]]]
2319	[[[2169.      1008.60004  938.12   ]]]
2320	[[[2169.  1007.4  948.6]]]
2321	[[[2169.      1011.00006  935.48   ]]]
2322	[[[2167.8     1008.60004  938.48   ]]]
2323	[[[2167.8     1008.60004  937.72003]]]
2324	[[[2169.  1007.4  948.6]]]
2325	[[[2169.      1008.60004  937.72003]]]
2326	[[[2170.2002  1008.60004  938.12   ]]]
2327	[[[2172.6     1008.60004  934.72003]]]
2328	[[[2167.8 1007.4  936.8]]]
2329	[[[2169.      1008.60004  938.24   ]]]
2330	[[[2167.8     1008.60004  938.24   ]]]
2331	[[[2169.      1008.60004  938.12   ]]]
2332	[[[2167.8     1008.60004  938.56   ]]]
2333	[[[2167.8     1008.60004  938.44   ]]]
2334	[[[2171.4001  1009.80005  935.48   ]]]
2335	[[[2169.      1011.00006  936.16003]]]
2336	[[[2166.6     1008.60004  938.12   ]]]
2337	[[[2171.4001 1007.4     934.24  ]]]
2338	[[[2167.8 1007.4  937.8]]]
2339	[[[2169.      1008.60004  937.64   ]]]
2340	[[[2167.8  1007.4   931.52]]]
2341	[[[2170.2002  1008.60004  939.28   ]]]
2342	[[[2171.4001  1011.00006  936.24   ]]]
2343	[[[2169.      1008.60004  938.56   ]]]
2344	[[[2167.8     1008.60004  937.88   ]]]
2345	[[[2167.8     1009.80005  938.88   ]]]
2346	[[[2167.8 1007.4  931.6]]]
2347	[[[2171.4001  1008.60004  935.24   ]]]
2348	[[[2171.4001 1007.4     934.28  ]]]
2349	[[[2167.8  1007.4   948.44]]]
2350	[[[2167.8  1007.4   948.44]]]
2351	[[[2167.8     1008.60004  938.12   ]]]
2352	[[[2166.6     1008.60004  938.56   ]]]
2353	[[[2169.   1007.4   938.12]]]
2354	[[[2167.8     1008.60004  938.56   ]]]
2355	[[[2167.8     1008.60004  938.12   ]]]
2356	[[[2171.4001  1008.60004  935.48   ]]]
2357	[[[2171.4001  1008.60004  935.16003]]]
2358	[[[2166.6     1008.60004  938.12   ]]]
2359	[[[2169.  1007.4  937.8]]]
2360	[[[2169.      1008.60004  938.56   ]]]
2361	[[[2166.6     1008.60004  937.44   ]]]
2362	[[[2166.6     1008.60004  937.48   ]]]
2363	[[[2169.      1008.60004  937.8    ]]]
2364	[[[2166.6     1008.60004  937.88   ]]]
2365	[[[2166.6  1007.4   948.44]]]
2366	[[[2166.6     1008.60004  937.88   ]]]
2367	[[[2167.8  1007.4   936.88]]]
2368	[[[2171.4001  1009.80005  935.24   ]]]
2369	[[[2171.4001  1009.80005  935.32   ]]]
2370	[[[2166.6     1008.60004  937.24   ]]]
2371	[[[2166.6     1007.4      937.72003]]]
2372	[[[2166.6     1009.80005  938.96   ]]]
2373	[[[2166.6     1009.80005  938.64   ]]]
2374	[[[2166.6  1007.4   948.36]]]
2375	[[[2169.      1008.60004  938.56   ]]]
2376	[[[2169.      1008.60004  938.96   ]]]
2377	[[[2167.8     1007.4      931.96   ]
  [ 955.80005 1029.       831.64   ]]]
2378	[[[2170.2002  1008.60004  934.6    ]]]
2379	[[[2167.8     1008.60004  937.96   ]]]
2380	[[[2166.6     1008.60004  937.56   ]]]
2381	[[[2166.6     1009.80005  938.96   ]]]
2382	[[[2165.4001  1011.00006  935.24   ]]]
2383	[[[2166.6  1007.4   931.68]]]
2384	[[[2166.6     1009.80005  938.64   ]]]
2385	[[[2166.6     1009.80005  938.08   ]]]
2386	[[[2165.4001  1008.60004  938.08   ]]]
2387	[[[2167.8     1009.80005  937.64   ]]]
2388	[[[2166.6     1009.80005  938.28   ]]]
2389	[[[2166.6  1007.4   936.64]]]
2390	[[[2166.6 1007.4  931.6]]]
2391	[[[2166.6     1009.80005  938.32   ]]]
2392	[[[2166.6  1007.4   937.32]]]
2393	[[[2166.6     1005.00006  935.     ]]]
2394	[[[2167.8     1009.80005  938.4    ]]]
2395	[[[2166.6     1009.80005  938.96   ]]]
2396	[[[2167.8     1008.60004  937.96   ]]]
2397	[[[2167.8     1009.80005  937.88   ]]]
2398	[[[2166.6     1008.60004  931.36   ]]]
2399	[[[2166.6     1006.2      934.92004]]]
2400	[[[2166.6     1009.80005  937.88   ]]]
2401	[[[2166.6     1009.80005  937.4    ]]]
2402	[[[2166.6     1008.60004  931.8    ]]]
2403	[[[2165.4001  1009.80005  937.88   ]]]
2404	[[[2166.6     1008.60004  931.28   ]]]
2405	[[[2170.2002  1011.00006  935.56   ]]]
2406	[[[2167.8     1009.80005  937.4    ]]]
2407	[[[2165.4001  1008.60004  937.32   ]]]
2408	[[[2166.6     1008.60004  931.04004]]]
2409	[[[2167.8     1009.80005  938.2    ]]]
2410	[[[2167.8     1009.80005  937.64   ]]]
2411	[[[2166.6     1008.60004  931.6    ]]]
2412	[[[2166.6     1008.60004  931.6    ]]]
2413	[[[2167.8     1011.00006  937.24   ]]]
2414	[[[2165.4001  1009.80005  937.88   ]]]
2415	[[[2166.6     1008.60004  936.56   ]
  [1140.6001  1141.8      955.04004]]]
2416	[[[2166.6     1009.80005  937.56   ]]]
2417	[[[2167.8     1009.80005  938.44   ]]]
2418	[[[2165.4001  1008.60004  937.12   ]]]
2419	[[[2169.      1008.60004  933.6    ]]]
2420	[[[2166.6  1007.4   938.44]]]
2421	[[[2166.6     1008.60004  936.92004]]]
2422	[[[2166.6     1009.80005  937.24   ]]]
2423	[[[2165.4001  1009.80005  938.56   ]]]
2424	[[[2167.8  1012.2   936.12]]]
2425	[[[2166.6     1008.60004  931.52   ]]]
2426	[[[2170.2002  1009.80005  934.8    ]]]
2427	[[[2167.8     1008.60004  937.88   ]]]
2428	[[[2166.6  1007.4   938.24]]]
2429	[[[2167.8     1008.60004  937.88   ]]]
2430	[[[2166.6     1009.80005  937.88   ]]]
2431	[[[2167.8     1009.80005  938.4    ]]]
2432	[[[2167.8     1009.80005  938.72003]]]
2433	[[[2164.2002  1008.60004  937.08   ]]]
2434	[[[2165.4001  1011.00006  938.4    ]]]
2435	[[[2166.6     1009.80005  937.2    ]]]
2436	[[[2166.6     1008.60004  937.12   ]]]
2437	[[[2165.4001  1009.80005  937.56   ]]]
2438	[[[2164.2002  1009.80005  937.32   ]]]
2439	[[[2169.      1009.80005  935.     ]]]
2440	[[[2164.2002  1008.60004  937.24   ]]]
2441	[[[2165.4001 1006.2     934.68  ]]]
2442	[[[2169.      1009.80005  934.04004]]]
2443	[[[2165.4001  1009.80005  936.68   ]]]
2444	[[[2161.8     1009.80005  934.16003]]]
2445	[[[2165.4001  1011.00006  938.12   ]]]
2446	[[[2164.2002  1011.00006  938.56   ]]]
2447	[[[2169.      1011.00006  934.48   ]]]
2448	[[[2165.4001  1011.00006  937.64   ]]]
2449	[[[2167.8  1013.4   936.24]]]
2450	[[[2161.8     1009.80005  934.24   ]]]
2451	[[[2161.8     1009.80005  934.36   ]]]
2452	[[[2164.2002  1009.80005  937.24   ]]]
2453	[[[2166.6     1009.80005  937.96   ]]]
2454	[[[2164.2002  1009.80005  937.32   ]
  [1081.8     1021.80005 1070.64   ]]]
2455	[[[2166.6     1011.00006  937.32   ]]]
2456	[[[2161.8     1009.80005  934.68   ]]]
2457	[[[2165.4001  1009.80005  937.4    ]]]
2458	[[[2165.4001  1009.80005  936.88   ]]]
2459	[[[2166.6     1009.80005  937.56   ]]]
2460	[[[2165.4001  1009.80005  931.28   ]]]
2461	[[[2165.4001  1011.00006  938.64   ]]]
2462	[[[2165.4001  1011.00006  938.64   ]]]
2463	[[[2165.4001  1011.00006  938.2    ]]]
2464	[[[2165.4001  1011.00006  937.96   ]]]
2465	[[[2165.4001  1009.80005  937.56   ]]]
2466	[[[2165.4001 1013.4     935.24  ]]]
2467	[[[2165.4001  1008.60004  948.12   ]]]
2468	[[[2165.4001 1013.4     935.24  ]]]
2469	[[[2165.4001  1009.80005  937.2    ]]]
2470	[[[2166.6     1011.00006  937.88   ]]]
2471	[[[2166.6     1011.00006  937.64   ]]]
2472	[[[2161.8     1009.80005  934.36   ]]]
2473	[[[2166.6 1012.2  937.4]]]
2474	[[[2161.8     1009.80005  934.44   ]]]
2475	[[[2165.4001  1011.00006  938.72003]]]
2476	[[[2166.6     1011.00006  937.4    ]]]
2477	[[[2169.      1009.80005  934.76   ]]]
2478	[[[2166.6     1011.00006  937.64   ]]]
2479	[[[2165.4001  1008.60004  935.96   ]]]
2480	[[[2165.4001 1006.2     934.44  ]]]
2481	[[[2166.6     1011.00006  938.4    ]]]
2482	[[[2165.4001 1007.4     935.44  ]]]
2483	[[[2164.2002 1013.4     935.44  ]]]
2484	[[[2164.2002  1009.80005  938.04004]]]
2485	[[[2165.4001  1009.80005  937.72003]]]
2486	[[[2166.6     1009.80005  938.4    ]]]
2487	[[[2165.4001  1011.00006  938.4    ]]]
2488	[[[2165.4001  1011.00006  938.72003]]]
2489	[[[2164.2002  1011.00006  938.8    ]]]
2490	[[[2165.4001  1009.80005  948.64   ]]]
2491	[[[2164.2002  1011.00006  938.48   ]]]
2492	[[[2166.6     1011.00006  937.8    ]]]
2493	[[[2165.4001  1009.80005  937.4    ]]]
2494	[[[2164.2002  1009.80005  937.4    ]]]
2495	[[[2166.6     1012.2      937.72003]]]
2496	[[[2166.6     1011.00006  938.4    ]]]
2497	[[[2164.2002  1011.00006  938.08   ]]]
2498	[[[2164.2002  1011.00006  938.4    ]]]
2499	[[[2165.4001 1007.4     935.12  ]]]
2500	[[[2164.2002  1011.00006  938.08   ]]]
2501	[[[2165.4001  1008.60004  939.04004]]]
2502	[[[2165.4001 1012.2     938.96  ]]]
2503	[[[2165.4001  1011.00006  931.72003]]]
2504	[[[2165.4001 1012.2     938.64  ]]]
2505	[[[2165.4001  1011.00006  931.8    ]]]
2506	[[[2165.4001  1011.00006  937.64   ]]]
2507	[[[2165.4001 1012.2     939.28  ]]]
2508	[[[2165.4001 1012.2     938.96  ]]]
2509	[[[2166.6     1011.00006  937.96   ]]]
2510	[[[2166.6     1011.00006  937.64   ]]]
2511	[[[2165.4001 1012.2     938.96  ]]]
2512	[[[2166.6 1012.2  938. ]]]
2513	[[[2169.  1013.4  936. ]]]
2514	[[[2165.4001  1011.00006  937.64   ]]]
2515	[[[2164.2002  1011.00006  938.08   ]]]
2516	[[[2165.4001  1012.2      939.04004]]]
2517	[[[2166.6  1007.4   934.68]]]
2518	[[[2164.2002  1011.00006  938.32   ]]]
2519	[[[2164.2002  1011.00006  937.96   ]]]
2520	[[[2166.6     1011.00006  937.96   ]]]
2521	[[[2164.2002  1011.00006  937.83997]]]
2522	[[[2166.6     1011.00006  937.72003]]]
2523	[[[2165.4001  1012.2      938.72003]]]
2524	[[[2164.2002  1009.80005  938.32   ]]]
2525	[[[2165.4001  1009.80005  937.96   ]]]
2526	[[[2166.6 1012.2  938.4]]]
2527	[[[2165.4001  1009.80005  948.64   ]]]
2528	[[[2170.2002  1011.00006  935.08   ]]]
2529	[[[2165.4001  1011.00006  938.08   ]]]
2530	[[[2165.4001  1009.80005  931.8    ]]]
2531	[[[2167.8     1009.80005  938.64   ]]]
2532	[[[2166.6     1011.00006  938.4    ]]]
2533	[[[2166.6     1011.00006  937.96   ]]]
2534	[[[2166.6     1008.60004  939.32   ]]]
2535	[[[2166.6     1009.80005  938.32   ]]]
2536	[[[2165.4001  1011.00006  938.2    ]]]
2537	[[[2164.2002  1011.00006  938.12   ]]]
2538	[[[2165.4001 1012.2     939.44  ]]]
2539	[[[2164.2002  1011.00006  938.56   ]]]
2540	[[[2166.6     1011.00006  937.88   ]]]
2541	[[[2166.6     1009.80005  938.32   ]]]
2542	[[[2164.2002  1011.00006  938.52   ]]]
2543	[[[2165.4001  1011.00006  937.96   ]]]
2544	[[[2165.4001 1012.2     938.56  ]]]
2545	[[[2164.2002  1011.00006  937.88   ]]]
2546	[[[2165.4001  1011.00006  938.88   ]]]
2547	[[[2164.2002  1011.00006  938.44   ]]]
2548	[[[2164.2002  1011.00006  937.88   ]]]
2549	[[[2164.2002  1011.00006  938.8    ]]]
2550	[[[2165.4001  1009.80005  937.48   ]]]
2551	[[[2165.4001  1009.80005  937.2    ]]]
2552	[[[2164.2002  1009.80005  937.24   ]]]
2553	[[[2165.4001  1011.00006  938.2    ]]]
2554	[[[2165.4001  1009.80005  932.28   ]]]
2555	[[[2165.4001  1009.80005  932.6    ]]]
2556	[[[2164.2002  1011.00006  938.56   ]]]
2557	[[[2165.4001  1009.80005  931.96   ]]]
2558	[[[2164.2002  1011.00006  938.76   ]]]
2559	[[[2166.6     1009.80005  937.8    ]]]
2560	[[[2165.4001  1009.80005  948.8    ]]]
2561	[[[2165.4001  1009.80005  938.24   ]]]
2562	[[[2166.6     1011.00006  938.88   ]]]
2563	[[[2166.6     1009.80005  937.8    ]]]
2564	[[[2166.6     1009.80005  938.24   ]]]
2565	[[[2166.6     1011.00006  938.2    ]]]
2566	[[[2166.6  1007.4   939.56]]]
2567	[[[2167.8  1012.2   936.56]]]
2568	[[[2169.      1011.00006  936.24   ]]]
2569	[[[2165.4001 1006.2     935.56  ]]]
2570	[[[2166.6     1009.80005  938.56   ]]]
2571	[[[2166.6     1009.80005  938.56   ]]]
2572	[[[2170.2002  1008.60004  935.6    ]]]
2573	[[[2165.4001  1005.00006  935.24   ]]]
2574	[[[2165.4001  1009.80005  939.28   ]]]
2575	[[[2165.4001  1009.80005  939.28   ]]]
2576	[[[2169.      1008.60004  934.68   ]]]
2577	[[[2164.2002  1008.60004  938.96   ]]]
2578	[[[2164.2002  1008.60004  938.64   ]]]
2579	[[[2164.2002  1008.60004  938.72003]]]
2580	[[[2165.4001  1009.80005  938.52   ]]]
2581	[[[2165.4001  1008.60004  937.83997]]]
2582	[[[2165.4001  1009.80005  938.72003]]]
2583	[[[2166.6  1007.4   948.96]]]
2584	[[[2165.4001  1009.80005  939.28   ]]]
2585	[[[2167.8     1009.80005  938.32   ]]]
2586	[[[2165.4001  1009.80005  939.6    ]]]
2587	[[[2166.6     1005.00006  936.     ]]]
2588	[[[2165.4001 1007.4     937.88  ]]]
2589	[[[2166.6  1007.4   938.88]]]
2590	[[[2170.2002  1008.60004  935.36   ]]]
2591	[[[2165.4001 1006.2     937.88  ]]]
2592	[[[2166.6     1008.60004  938.88   ]]]
2593	[[[2170.2002 1007.4     935.56  ]]]
2594	[[[2170.2002 1006.2     935.24  ]]]
2595	[[[2166.6 1007.4  939.2]]]
2596	[[[2165.4001 1006.2     938.52  ]]]
2597	[[[2166.6 1007.4  939.2]]]
2598	[[[2166.6  1006.2   938.56]]]
2599	[[[2167.8  1006.2   938.56]]]
2600	[[[2165.4001 1006.2     938.56  ]]]
2601	[[[2166.6     1002.60004  935.6    ]]]
2602	[[[2166.6 1006.2  938.2]]]
2603	[[[2169.   1006.2   939.52]]]
2604	[[[2167.8  1007.4   938.88]]]
2605	[[[2166.6     1005.00006  937.64   ]]]
2606	[[[2166.6 1006.2  938. ]]]
2607	[[[2169.   1006.2   938.64]]]
2608	[[[2166.6  1006.2   938.96]]]
2609	[[[2167.8  1006.2   938.96]]]
2610	[[[2164.2002  1005.00006  935.56   ]]]
2611	[[[2164.2002 1006.2     935.12  ]]]
2612	[[[2166.6  1006.2   939.28]]]
2613	[[[2169.   1006.2   938.96]]]
2614	[[[2167.8     1003.80005  937.     ]]]
2615	[[[2166.6     1005.00006  938.2    ]]]
2616	[[[2169.   1006.2   938.56]]]
2617	[[[2167.8  1006.2   938.64]]]
2618	[[[2170.2002 1001.4     936.32  ]]]
2619	[[[2169.      1005.00006  938.96   ]]]
2620	[[[2167.8 1006.2  939.2]]]
2621	[[[2169.      1005.00006  938.64   ]]]
2622	[[[2169.   1006.2   938.64]]]
2623	[[[2167.8     1005.00006  932.12   ]]]
2624	[[[2166.6     1005.00006  938.72003]]]
2625	[[[2169.      1005.00006  939.04004]]]
2626	[[[2167.8     1006.2      939.72003]]]
2627	[[[2170.2002  1006.2      940.04004]]]
2628	[[[2169.  1006.2  939.4]]]
2629	[[[2166.6     1008.60004  936.44   ]]]
2630	[[[2167.8     1005.00006  932.12   ]]]
2631	[[[2167.8     1002.60004  936.4    ]]]
2632	[[[2167.8     1006.2      938.72003]]]
2633	[[[2167.8  1006.2   939.28]]]
2634	[[[2167.8     1003.80005  932.56   ]]]
2635	[[[2167.8     1005.00006  937.92004]]]
2636	[[[2167.8  1001.4   935.68]]]
2637	[[[2166.6     1005.00006  938.32   ]]]
2638	[[[2167.8     1005.00006  938.72003]]]
2639	[[[2167.8 1006.2  939.4]]]
2640	[[[2167.8     1003.80005  932.36   ]]]
2641	[[[2166.6     1003.80005  937.72003]]]
2642	[[[2167.8  1001.4   935.08]]]
2643	[[[2171.4001  1005.00006  935.83997]]]
2644	[[[2170.2002 1007.4     936.4   ]]]
2645	[[[2167.8 1006.2  938.4]]]
2646	[[[2171.4001 1006.2     936.    ]]]
2647	[[[2166.6     1005.00006  938.64   ]]]
2648	[[[2166.6  1006.2   938.44]]]
2649	[[[2167.8     1005.00006  938.24   ]]]
2650	[[[2166.6 1006.2  938.8]]]
2651	[[[2167.8  1006.2   939.12]]]
2652	[[[2166.6     1005.00006  938.12   ]]]
2653	[[[2166.6     1005.00006  938.24   ]]]
2654	[[[2169.      1005.00006  939.44   ]]]
2655	[[[2167.8     1005.00006  938.56   ]]]
2656	[[[2166.6     1005.00006  932.52   ]]]
2657	[[[2163.      1005.00006  935.48   ]]]
2658	[[[2166.6     1005.00006  949.12   ]]]
2659	[[[2166.6     1005.00006  937.56   ]]]
2660	[[[2165.4001  1005.00006  937.88   ]]]
2661	[[[2166.6     1005.00006  931.96   ]]]
2662	[[[2167.8  1006.2   939.12]]]
2663	[[[2167.8  1006.2   938.88]]]
2664	[[[2165.4001  1005.00006  937.88   ]]]
2665	[[[2165.4001 1006.2     938.24  ]]]
2666	[[[2170.2002 1006.2     935.56  ]]]
2667	[[[2166.6  1006.2   938.32]]]
2668	[[[2165.4001 1006.2     938.    ]]]
2669	[[[2165.4001 1006.2     938.4   ]]]
2670	[[[2167.8     1006.2      938.72003]]]
2671	[[[2165.4001 1006.2     938.48  ]]]
2672	[[[2166.6  1007.4   938.48]]]
2673	[[[2169.      1009.80005  936.83997]]]
2674	[[[2169.      1008.60004  936.32   ]]]
2675	[[[2169.      1009.80005  937.     ]]]
2676	[[[2166.6  1006.2   938.96]]]
2677	[[[2164.2002 1007.4     939.32  ]]]
2678	[[[2164.2002 1006.2     938.32  ]]]
2679	[[[2166.6     1011.00006  936.32   ]]]
2680	[[[2165.4001  1008.60004  939.28   ]]]
2681	[[[2169.      1009.80005  936.64   ]]]
2682	[[[2166.6     1007.4      939.04004]]]
2683	[[[2166.6     1003.80005  935.4    ]]]
2684	[[[2165.4001  1003.80005  935.52   ]]]
2685	[[[2166.6     1007.4      938.72003]]]
2686	[[[2161.8 1007.4  935.2]]]
2687	[[[2165.4001  1003.80005  935.83997]]]
2688	[[[2166.6     1007.4      938.72003]]]
2689	[[[2166.6     1008.60004  938.48   ]]]
2690	[[[2166.6     1008.60004  938.72003]]]
2691	[[[2165.4001 1007.4     938.4   ]]]
2692	[[[2165.4001 1007.4     938.08  ]]]
2693	[[[2166.6     1008.60004  938.72003]]]
2694	[[[2166.6     1007.4      938.04004]]]
2695	[[[2167.8     1007.4      939.04004]]]
2696	[[[2166.6 1006.2  937.4]]]
2697	[[[2165.4001  1008.60004  939.36   ]]]
2698	[[[2167.8     1007.4      938.72003]]]
2699	[[[2167.8  1007.4   938.96]]]
2700	[[[2166.6     1008.60004  939.28   ]]]
2701	[[[2170.2002  1008.60004  936.08   ]]]
2702	[[[2165.4001  1007.4      939.04004]]]
2703	[[[2166.6     1008.60004  939.04004]]]
2704	[[[2166.6     1005.00006  939.96   ]]]
2705	[[[2165.4001 1006.2     938.08  ]]]
2706	[[[2167.8 1007.4  939.4]]]
2707	[[[2165.4001  1006.2      938.72003]]]
2708	[[[2167.8     1007.4      939.72003]]]
2709	[[[2165.4001  1006.2      938.72003]]]
2710	[[[2166.6 1007.4  938.4]]]
2711	[[[2165.4001  1006.2      938.72003]]]
2712	[[[2166.6     1006.2      939.72003]]]
2713	[[[2166.6     1008.60004  939.04004]]]
2714	[[[2165.4001 1006.2     938.08  ]]]
2715	[[[2166.6     1008.60004  939.8    ]]]
2716	[[[2167.8 1007.4  938.8]]]
2717	[[[2165.4001  1006.2      938.16003]]]
2718	[[[2167.8     1003.80005  935.16003]]]
2719	[[[2165.4001 1007.4     938.48  ]]]
2720	[[[2170.2002  1009.80005  936.48   ]]]
2721	[[[2167.8 1007.4  938.8]]]
2722	[[[2167.8  1007.4   938.48]]]
2723	[[[2165.4001 1007.4     938.8   ]]]
2724	[[[2165.4001 1006.2     938.48  ]]]
2725	[[[2165.4001 1006.2     938.48  ]]]
2726	[[[2167.8  1007.4   939.48]]]
2727	[[[2166.6     1006.2      938.16003]]]
2728	[[[2167.8     1006.2      938.83997]]]
2729	[[[2166.6  1007.4   938.48]]]
2730	[[[2166.6  1007.4   938.88]]]
2731	[[[2166.6  1007.4   938.48]]]
2732	[[[2167.8  1007.4   939.12]]]
2733	[[[2166.6     1006.2      937.72003]]]
2734	[[[2167.8 1006.2  938.8]]]
2735	[[[2166.6     1008.60004  938.72003]]]
2736	[[[2165.4001  1003.80005  935.76   ]]]
2737	[[[2166.6     1008.60004  939.08   ]]]
2738	[[[2166.6     1007.4      939.04004]]]
2739	[[[2165.4001  1011.00006  936.08   ]]]
2740	[[[2164.2002  1007.4      939.04004]]]
2741	[[[2165.4001  1011.00006  936.64   ]]]
2742	[[[2164.2002  1008.60004  939.28   ]]]
2743	[[[2166.6     1011.00006  937.32   ]]]
2744	[[[2165.4001 1006.2     948.64  ]]]
2745	[[[2164.2002 1007.4     938.4   ]]]
2746	[[[2165.4001  1008.60004  938.72003]]]
2747	[[[2161.8  1007.4   935.08]]]
2748	[[[2161.8     1008.60004  935.44   ]]]
2749	[[[2165.4001 1012.2     936.28  ]]]
2750	[[[2167.8     1011.00006  937.16003]]]
2751	[[[2165.4001  1008.60004  938.8    ]]]
2752	[[[2166.6     1008.60004  938.48   ]]]
2753	[[[2164.2002  1008.60004  939.04004]]]
2754	[[[2164.2002  1007.4      938.04004]]]
2755	[[[2165.4001  1008.60004  939.04004]]]
2756	[[[2165.4001  1005.00006  935.44   ]]]
2757	[[[2165.4001  1008.60004  938.64   ]]]
2758	[[[2165.4001  1009.80005  939.4    ]]]
2759	[[[2164.2002  1008.60004  938.64   ]]]
2760	[[[2164.2002 1012.2     936.32  ]]]
2761	[[[2164.2002  1009.80005  939.16003]]]
2762	[[[2165.4001  1006.2      940.04004]]]
2763	[[[2167.8     1008.60004  935.2    ]]]
2764	[[[2165.4001  1009.80005  939.4    ]]]
2765	[[[2169.      1009.80005  936.32   ]]]
2766	[[[2164.2002  1008.60004  937.96   ]]]
2767	[[[2165.4001  1008.60004  938.96   ]]]
2768	[[[2164.2002  1009.80005  938.96   ]]]
2769	[[[2167.8     1009.80005  935.68   ]]]
2770	[[[2158.2002  1011.00006  943.68   ]]]
2771	[[[2166.6 1012.2  937. ]]]
2772	[[[2165.4001  1009.80005  939.4    ]]]
2773	[[[2164.2002  1008.60004  932.36   ]]]
2774	[[[2164.2002  1008.60004  949.2    ]]]
2775	[[[2165.4001  1008.60004  938.96   ]]]
2776	[[[2164.2002  1009.80005  939.28   ]]]
2777	[[[2164.2002  1009.80005  938.96   ]]]
2778	[[[2160.6     1008.60004  935.     ]]]
2779	[[[2164.2002  1009.80005  939.28   ]]]
2780	[[[2163.      1008.60004  938.32   ]]]
2781	[[[2164.2002  1009.80005  939.6    ]]]
2782	[[[2164.2002  1008.60004  938.64   ]]]
2783	[[[2164.2002  1009.80005  939.6    ]]]
2784	[[[2164.2002  1008.60004  938.28   ]]]
2785	[[[2164.2002  1009.80005  938.96   ]]]
2786	[[[2165.4001  1009.80005  938.52   ]]]
2787	[[[2163.      1012.2      935.92004]]]
2788	[[[2164.2002  1008.60004  932.96   ]]]
2789	[[[2167.8     1008.60004  935.92004]]]
2790	[[[2163.      1009.80005  939.2    ]]]
2791	[[[2163.      1007.4      938.04004]]]
2792	[[[2163.      1008.60004  938.32   ]]]
2793	[[[2164.2002  1009.80005  939.2    ]]]
2794	[[[2165.4001  1009.80005  938.32   ]]]
2795	[[[2163.      1008.60004  938.96   ]]]
2796	[[[2163.   1007.4   937.96]]]
2797	[[[2164.2002  1009.80005  938.64   ]]]
2798	[[[2163.   1012.2   936.08]]]
2799	[[[2164.2002  1009.80005  938.96   ]]]
2800	[[[2164.2002  1008.60004  938.08   ]]]
2801	[[[2163.      1009.80005  938.4    ]]]
2802	[[[2163.      1009.80005  938.96   ]]]
2803	[[[2164.2002  1008.60004  937.56   ]]]
2804	[[[2164.2002  1008.60004  937.4    ]]]
2805	[[[2167.8     1011.00006  936.32   ]]]
2806	[[[2164.2002 1012.2     935.76  ]]]
2807	[[[2163.      1008.60004  938.64   ]]]
2808	[[[2164.2002 1007.4     931.96  ]]]
2809	[[[2163.      1008.60004  938.56   ]]]
2810	[[[2165.4001  1008.60004  938.96   ]]]
2811	[[[2165.4001  1008.60004  938.88   ]]]
2812	[[[2167.8     1009.80005  935.88   ]]]
2813	[[[2164.2002 1007.4     937.88  ]]]
2814	[[[2169.      1008.60004  935.56   ]]]
2815	[[[2167.8  1007.4   934.68]]]
2816	[[[2165.4001  1008.60004  938.52   ]]]
2817	[[[2164.2002 1006.2     937.88  ]]]
2818	[[[2164.2002 1007.4     938.2   ]]]
2819	[[[2164.2002 1007.4     937.88  ]]]
2820	[[[2164.2002  1006.2      938.04004]]]
2821	[[[2164.2002 1006.2     937.24  ]]]
2822	[[[2164.2002 1007.4     938.88  ]]]
2823	[[[2165.4001  1003.80005  935.24   ]]]
2824	[[[2165.4001 1006.2     932.6   ]]]
2825	[[[2165.4001  1008.60004  939.04004]]]
2826	[[[2166.6  1006.2   938.12]]]
2827	[[[2166.6  1007.4   938.12]]]
2828	[[[2165.4001 1007.4     938.68  ]]]
2829	[[[2165.4001 1007.4     938.68  ]]]
2830	[[[2164.2002 1007.4     938.8   ]]]
2831	[[[2164.2002 1007.4     938.88  ]]]
2832	[[[2165.4001 1006.2     937.64  ]]]
2833	[[[2165.4001 1006.2     937.56  ]]]
2834	[[[2166.6  1006.2   938.88]]]
2835	[[[2166.6     1005.00006  937.88   ]]]
2836	[[[2165.4001 1006.2     938.4   ]]]
2837	[[[2169.   1006.2   935.24]]]
2838	[[[2164.2002  1005.00006  937.96   ]]]
2839	[[[2165.4001 1006.2     938.32  ]]]
2840	[[[2164.2002  1005.00006  938.2    ]]]
2841	[[[2165.4001  1005.00006  938.32   ]]]
2842	[[[2165.4001 1006.2     939.2   ]]]
2843	[[[2165.4001 1006.2     939.2   ]]]
2844	[[[2164.2002  1005.00006  937.88   ]]]
2845	[[[2166.6  1006.2   938.88]]]
2846	[[[2165.4001 1006.2     938.76  ]]]
2847	[[[2165.4001 1006.2     939.44  ]]]
2848	[[[2164.2002  1005.00006  938.2    ]]]
2849	[[[2167.8  1007.4   936.24]]]
2850	[[[2165.4001  1005.00006  938.36   ]]]
2851	[[[2164.2002  1003.80005  937.64   ]]]
2852	[[[2166.6     1005.00006  938.32   ]]]
2853	[[[2165.4001  1005.00006  932.04004]]]
2854	[[[2161.8 1006.2  935. ]]]
2855	[[[2166.6  1006.2   938.56]]]
2856	[[[2166.6 1006.2  938.2]]]
2857	[[[2165.4001  1005.00006  931.96   ]]]
2858	[[[2159.4001  1007.4      943.16003]]]
2859	[[[2165.4001  1005.00006  937.88   ]]]
2860	[[[2169.      1005.00006  935.24   ]]]
2861	[[[2165.4001  1005.00006  938.24   ]]]
2862	[[[2166.6     1003.80005  938.2    ]]]
2863	[[[2164.2002  1003.80005  937.88   ]]]
2864	[[[2167.8     1006.2      935.92004]]]
2865	[[[2164.2002 1007.4     936.24  ]]]
2866	[[[2165.4001  1005.00006  938.24   ]]]
2867	[[[2165.4001  1005.00006  938.12   ]]]
2868	[[[2165.4001  1003.80005  932.28   ]]]
2869	[[[2165.4001  1003.80005  938.2    ]]]
2870	[[[2164.2002  1003.80005  937.88   ]]]
2871	[[[2164.2002  1005.00006  938.56   ]]]
2872	[[[2165.4001  1005.00006  938.96   ]]]
2873	[[[2167.8 1006.2  936. ]]]
2874	[[[2163.      1005.00006  938.64   ]]]
2875	[[[2164.2002  1002.60004  937.32   ]]]
2876	[[[2169.      1005.00006  935.32   ]]]
2877	[[[2167.8     1003.80005  934.16003]]]
2878	[[[2164.2002  1005.00006  938.24   ]]]
2879	[[[2164.2002  1003.80005  938.24   ]]]
2880	[[[2165.4001  1005.00006  938.56   ]]]
2881	[[[2164.2002  1003.80005  937.32   ]]]
2882	[[[2165.4001  1005.00006  938.32   ]]]
2883	[[[2164.2002  1003.80005  937.96   ]]]
2884	[[[2165.4001 1006.2     938.2   ]]]
2885	[[[2164.2002 1006.2     939.12  ]]]
2886	[[[2164.2002 1006.2     939.12  ]]]
2887	[[[2165.4001  1005.00006  938.44   ]]]
2888	[[[2165.4001 1007.4     937.48  ]]]
2889	[[[2165.4001  1005.00006  938.2    ]]]
2890	[[[2166.6     1005.00006  938.52   ]]]
2891	[[[2166.6     1005.00006  938.56   ]]]
2892	[[[2164.2002 1007.4     939.56  ]]]
2893	[[[2165.4001  1005.00006  932.28   ]]]
2894	[[[2165.4001 1006.2     938.2   ]]]
2895	[[[2169.  1006.2  935.6]]]
2896	[[[2165.4001 1006.2     937.88  ]]]
2897	[[[2166.6 1006.2  939.2]]]
2898	[[[2166.6  1006.2   938.96]]]
2899	[[[2165.4001  1005.00006  937.48   ]]]
2900	[[[2164.2002 1006.2     938.28  ]]]
2901	[[[2165.4001 1007.4     938.36  ]]]
2902	[[[2169.   1006.2   935.48]]]
2903	[[[2165.4001  1003.80005  935.92004]]]
2904	[[[2165.4001  1005.00006  937.56   ]]]
2905	[[[2169.   1006.2   935.48]]]
2906	[[[2165.4001  1005.00006  937.88   ]]]
2907	[[[2165.4001 1007.4     938.2   ]]]
2908	[[[2164.2002  1002.60004  935.68   ]]]
2909	[[[2165.4001 1006.2     937.88  ]]]
2910	[[[2165.4001  1005.00006  937.88   ]]]
2911	[[[2164.2002  1005.00006  937.72003]]]
2912	[[[2167.8 1007.4  936. ]]]
2913	[[[2163.   1006.2   938.64]]]
2914	[[[2165.4001 1007.4     938.88  ]]]
2915	[[[2164.2002 1006.2     937.56  ]]]
2916	[[[2165.4001 1006.2     938.64  ]]]
2917	[[[2164.2002 1006.2     938.64  ]]]
2918	[[[2169.   1006.2   935.32]]]
2919	[[[2167.8  1007.4   936.24]]]
2920	[[[2165.4001 1006.2     938.56  ]]]
2921	[[[2165.4001  1005.00006  938.56   ]]]
2922	[[[2165.4001 1006.2     939.2   ]]]
2923	[[[2164.2002  1005.00006  931.96   ]]]
2924	[[[2164.2002  1005.00006  938.12   ]]]
2925	[[[2165.4001 1006.2     938.88  ]]]
2926	[[[2164.2002 1007.4     939.12  ]]]
2927	[[[2169.      1006.2      935.16003]]]
2928	[[[2165.4001 1007.4     939.12  ]]]
2929	[[[2160.6     1006.2      935.16003]]]
2930	[[[2164.2002  1005.00006  937.8    ]]]
2931	[[[2164.2002 1006.2     938.12  ]]]
2932	[[[2165.4001 1007.4     938.8   ]]]
2933	[[[2163.   1007.4   939.12]]]
2934	[[[2165.4001  1005.00006  939.12   ]]]
2935	[[[2165.4001  1006.2      938.04004]]]
2936	[[[2164.2002 1007.4     938.6   ]]]
2937	[[[2165.4001  1008.60004  938.92004]]]
2938	[[[2164.2002 1006.2     931.68  ]]]
2939	[[[2164.2002  1008.60004  938.68   ]]]
2940	[[[2164.2002 1007.4     938.28  ]]]
2941	[[[2164.2002 1007.4     937.8   ]]]
2942	[[[2164.2002 1007.4     938.44  ]]]
2943	[[[2164.2002  1008.60004  939.04004]]]
2944	[[[2164.2002 1007.4     938.68  ]]]
2945	[[[2164.2002  1011.00006  935.96   ]]]
2946	[[[2164.2002  1008.60004  939.28   ]]]
2947	[[[2165.4001  1005.00006  939.24   ]]]
2948	[[[2164.2002  1003.80005  935.72003]]]
2949	[[[2165.4001 1007.4     939.24  ]]]
2950	[[[2164.2002 1006.2     938.28  ]]]
2951	[[[2166.6  1007.4   939.52]]]
2952	[[[2163.  1007.4  938.6]]]
2953	[[[2163.   1007.4   938.36]]]
2954	[[[2164.2002 1006.2     932.    ]]]
2955	[[[2164.2002  1008.60004  939.28   ]]]
2956	[[[2164.2002 1006.2     932.    ]]]
2957	[[[2160.6  1006.2   935.08]]]
2958	[[[2164.2002  1007.4      937.72003]]]
2959	[[[2163.   1006.2   937.28]]]
2960	[[[2166.6     1009.80005  936.6    ]]]
2961	[[[2164.2002 1006.2     931.76  ]]]
2962	[[[2164.2002 1006.2     937.36  ]]]
2963	[[[2167.8  1007.4   935.64]]]
2964	[[[2163.      1002.60004  934.32   ]]]
2965	[[[2164.2002  1006.2      948.92004]]]
2966	[[[2163.   1007.4   938.28]]]
2967	[[[2163.   1006.2   937.28]]]
2968	[[[2164.2002  1005.00006  947.96   ]]]
2969	[[[2163.   1007.4   938.36]]]
2970	[[[2164.2002  1006.2      938.04004]]]
2971	[[[2164.2002 1006.2     937.88  ]]]
2972	[[[2164.2002 1006.2     938.12  ]]]
2973	[[[2165.4001 1007.4     938.12  ]]]
2974	[[[2164.2002 1007.4     938.48  ]]]
2975	[[[2167.8     1009.80005  936.36   ]]]
2976	[[[2166.6     1006.2      938.04004]]]
2977	[[[2165.4001  1003.80005  935.4    ]]]
2978	[[[2165.4001  1003.80005  935.72003]]]
2979	[[[2161.8  1007.4   934.84]]]
2980	[[[2164.2002 1007.4     938.12  ]]]
2981	[[[2161.8     1007.4      934.72003]]]
2982	[[[2166.6     1006.2      938.04004]]]
2983	[[[2161.8  1006.2   935.08]]]
2984	[[[2165.4001 1007.4     938.36  ]]]
2985	[[[2165.4001 1007.4     938.68  ]]]
2986	[[[2165.4001 1006.2     937.8   ]]]
2987	[[[2165.4001 1007.4     938.36  ]]]
2988	[[[2169.      1008.60004  936.16003]]]
2989	[[[2169.      1008.60004  936.48   ]]]
2990	[[[2166.6  1006.2   938.32]]]
2991	[[[2166.6  1007.4   938.48]]]
2992	[[[2167.8  1007.4   939.76]]]
2993	[[[2164.2002 1006.2     938.36  ]]]
2994	[[[2165.4001 1006.2     938.12  ]]]
2995	[[[2164.2002 1006.2     938.68  ]]]
2996	[[[2166.6     1007.4      938.04004]]]
2997	[[[2169.      1006.2      934.72003]]]
2998	[[[2161.8     1005.00006  935.48   ]]]
2999	[[[2166.6 1007.4  939. ]]]
3000	[[[2165.4001 1006.2     937.68  ]]]
3001	[[[2167.8  1006.2   938.88]]]
3002	[[[2165.4001 1006.2     949.12  ]]]
3003	[[[2166.6  1006.2   937.56]]]
3004	[[[2166.6  1007.4   938.12]]]
3005	[[[2166.6     1002.60004  935.16003]]]
3006	[[[2165.4001  1006.2      938.04004]]]
3007	[[[2165.4001 1006.2     937.56  ]]]
3008	[[[2161.8 1006.2  935.4]]]
3009	[[[2169.   1006.2   934.52]]]
3010	[[[2165.4001 1007.4     939.12  ]]]
3011	[[[2166.6 1006.2  937.8]]]
3012	[[[2167.8 1006.2  938.8]]]
3013	[[[2166.6     1006.2      937.72003]]]
3014	[[[2165.4001 1006.2     937.68  ]]]
3015	[[[2161.8     1006.2      935.16003]]]
3016	[[[2165.4001  1003.80005  935.72003]]]
3017	[[[2170.2002  1008.60004  935.48   ]]]
3018	[[[2166.6     1002.60004  935.16003]]]
3019	[[[2166.6  1007.4   939.12]]]
3020	[[[2166.6     1007.4      938.04004]]]
3021	[[[2166.6     1006.2      938.04004]]]
3022	[[[2166.6 1007.4  938.8]]]
3023	[[[2165.4001 1006.2     937.48  ]]]
3024	[[[2165.4001 1007.4     937.8   ]
  [1079.4    1039.8    1060.56  ]]]
3025	[[[2166.6  1007.4   938.48]]]
3026	[[[2166.6     1006.2      948.92004]]]
3027	[[[2165.4001  1009.80005  935.4    ]]]
3028	[[[2167.8  1006.2   938.36]]]
3029	[[[2167.8  1007.4   938.48]]]
3030	[[[2166.6  1006.2   932.44]]]
3031	[[[2166.6  1006.2   949.12]]]
3032	[[[2166.6  1007.4   938.56]]]
3033	[[[2169.      1008.60004  935.8    ]]]
3034	[[[2165.4001 1006.2     938.12  ]]]
3035	[[[2166.6  1006.2   938.44]]]
3036	[[[2166.6  1006.2   938.12]]]
3037	[[[2165.4001 1006.2     937.8   ]]]
3038	[[[2164.2002 1007.4     938.44  ]]]
3039	[[[2165.4001 1006.2     937.8   ]]]
3040	[[[2165.4001 1007.4     937.8   ]]]
3041	[[[2166.6  1007.4   938.12]]]
3042	[[[2166.6     1006.2      938.04004]]]
3043	[[[2169.   1007.4   935.48]]]
3044	[[[2160.6  1006.2   934.84]]]
3045	[[[2164.2002 1006.2     937.8   ]]]
3046	[[[2166.6     1006.2      938.72003]]]
3047	[[[2165.4001 1007.4     938.68  ]]]
3048	[[[2164.2002 1006.2     937.8   ]]]
3049	[[[2166.6     1007.4      938.04004]]]
3050	[[[2169.      1008.60004  936.04004]]]
3051	[[[2166.6     1008.60004  938.44   ]]]
3052	[[[2165.4001  1003.80005  935.04004]]]
3053	[[[2166.6     1011.00006  936.72003]]]
3054	[[[2164.2002 1007.4     938.12  ]]]
3055	[[[2166.6  1007.4   938.36]]]
3056	[[[2166.6     1008.60004  938.36   ]]]
3057	[[[2167.8  1007.4   939.36]]]
3058	[[[2166.6     1007.4      938.04004]]]
3059	[[[2169.      1008.60004  935.32   ]]]
3060	[[[2166.6  1007.4   938.84]]]
3061	[[[2166.6  1007.4   938.36]]]
3062	[[[2165.4001 1007.4     938.68  ]]]
3063	[[[2164.2002  1008.60004  938.6    ]]]
3064	[[[2163.      1009.80005  935.4    ]]]
3065	[[[2164.2002 1007.4     938.28  ]]]
3066	[[[2164.2002 1007.4     937.28  ]]]
3067	[[[2165.4001  1003.80005  935.     ]]]
3068	[[[2164.2002 1007.4     937.96  ]]]
3069	[[[2161.8     1008.60004  934.88   ]]]
3070	[[[2164.2002  1008.60004  939.04004]]]
3071	[[[2164.2002 1006.2     937.4   ]]]
3072	[[[2165.4001  1003.80005  935.32   ]]]
3073	[[[2165.4001 1007.4     938.36  ]]]
3074	[[[2164.2002  1008.60004  938.92004]]]
3075	[[[2164.2002  1008.60004  938.92004]]]
3076	[[[2164.2002  1011.00006  936.4    ]]]
3077	[[[2166.6  1007.4   938.36]]]
3078	[[[2165.4001  1003.80005  935.32   ]]]
3079	[[[2167.8     1011.00006  936.96   ]]]
3080	[[[2164.2002  1003.80005  935.     ]]]
3081	[[[2167.8     1009.80005  935.96   ]]]
3082	[[[2166.6  1007.4   938.36]]]
3083	[[[2165.4001 1007.4     938.52  ]]]
3084	[[[2165.4001 1007.4     932.12  ]]]
3085	[[[2165.4001  1003.80005  935.4    ]]]
3086	[[[2165.4001  1008.60004  938.6    ]]]
3087	[[[2164.2002 1007.4     937.6   ]]]
3088	[[[2165.4001 1007.4     938.36  ]]]
3089	[[[2164.2002  1007.4      938.04004]]]
3090	[[[2165.4001  1008.60004  938.6    ]]]
3091	[[[2164.2002 1007.4     937.8   ]]]
3092	[[[2165.4001 1007.4     937.44  ]]]
3093	[[[2163.   1007.4   938.36]]]
3094	[[[2164.2002  1008.60004  938.68   ]]]
3095	[[[2165.4001  1008.60004  938.04004]]]
3096	[[[2166.6  1007.4   938.36]]]
3097	[[[2164.2002  1008.60004  938.6    ]]]
3098	[[[2165.4001  1003.80005  935.4    ]]]
3099	[[[2160.6     1007.4      934.72003]]]
3100	[[[2164.2002  1006.2      937.04004]]]
3101	[[[2165.4001 1007.4     932.12  ]]]
3102	[[[2165.4001  1006.2      939.04004]]]
3103	[[[2167.8     1003.80005  936.4    ]]]
3104	[[[2167.8     1008.60004  934.64   ]]]
3105	[[[2166.6  1007.4   938.36]]]
3106	[[[2164.2002  1009.80005  939.12   ]]]
3107	[[[2164.2002  1011.00006  935.8    ]]]
3108	[[[2167.8 1006.2  934.4]]]
3109	[[[2165.4001 1007.4     937.68  ]]]
3110	[[[2164.2002  1008.60004  938.36   ]]]
3111	[[[2158.2002  1009.80005  943.08   ]]]
3112	[[[2164.2002 1007.4     938.36  ]]]
3113	[[[2164.2002 1006.2     948.68  ]]]
3114	[[[2166.6     1011.00006  936.8    ]]]
3115	[[[2165.4001 1007.4     937.36  ]]]
3116	[[[2166.6     1011.00006  936.48   ]]]
3117	[[[2164.2002 1006.2     931.52  ]]]
3118	[[[2169.      1008.60004  935.48   ]]]
3119	[[[2165.4001  1011.00006  935.72003]]]
3120	[[[2164.2002  1008.60004  939.04004]]]
3121	[[[2169.      1008.60004  935.48   ]]]
3122	[[[2164.2002 1007.4     937.48  ]]]
3123	[[[2165.4001  1008.60004  938.12   ]]]
3124	[[[2164.2002  1008.60004  938.48   ]]]
3125	[[[2164.2002  1007.4      937.04004]]]
3126	[[[2165.4001  1007.4      937.72003]]]
3127	[[[2165.4001  1008.60004  938.68   ]]]
3128	[[[2164.2002  1008.60004  939.04004]]]
3129	[[[2165.4001  1008.60004  938.04004]]]
3130	[[[2165.4001  1005.00006  938.92004]]]
3131	[[[2164.2002 1007.4     937.6   ]]]
3132	[[[2164.2002  1008.60004  938.6    ]]]
3133	[[[2164.2002  1008.60004  938.36   ]]]
3134	[[[2169.      1008.60004  934.76   ]]]
3135	[[[2167.8  1007.4   934.08]]]
3136	[[[2164.2002 1006.2     937.4   ]]]
3137	[[[2164.2002 1006.2     937.36  ]]]
3138	[[[2164.2002  1006.2      937.72003]]]
3139	[[[2169.      1008.60004  935.48   ]]]
3140	[[[2165.4001  1005.00006  938.48   ]]]
3141	[[[2165.4001 1007.4     938.36  ]]]
3142	[[[2164.2002 1006.2     937.8   ]]]
3143	[[[2164.2002 1006.2     937.8   ]]]
3144	[[[2166.6  1006.2   937.36]]]
3145	[[[2166.6  1007.4   937.36]]]
3146	[[[2165.4001  1006.2      937.04004]]]
3147	[[[2164.2002  1009.80005  935.4    ]]]
3148	[[[2164.2002 1006.2     937.4   ]]]
3149	[[[2165.4001  1005.00006  931.76   ]]]
3150	[[[2164.2002  1005.00006  936.64   ]]]
3151	[[[2165.4001 1006.2     938.24  ]]]
3152	[[[2165.4001 1006.2     937.88  ]]]
3153	[[[2164.2002 1006.2     938.12  ]]]
3154	[[[2165.4001  1008.60004  935.8    ]]]
3155	[[[2166.6     1005.00006  938.04004]]]
3156	[[[2165.4001  1002.60004  938.68   ]]]
3157	[[[2164.2002  1005.00006  938.04004]]]
3158	[[[2164.2002  1008.60004  935.48   ]]]
3159	[[[2165.4001 1006.2     937.36  ]]]
3160	[[[2164.2002  1005.00006  937.16003]]]
3161	[[[2163.      1005.00006  938.48   ]]]
3162	[[[2164.2002 1006.2     939.12  ]]]
3163	[[[2169.      1005.00006  934.84   ]]]
3164	[[[2164.2002  1005.00006  938.28   ]]]
3165	[[[2164.2002  1003.80005  937.04004]]]
3166	[[[2165.4001  1003.80005  948.36   ]]]
3167	[[[2164.2002  1005.00006  937.8    ]]]
3168	[[[2166.6     1005.00006  937.72003]]]
3169	[[[2164.2002  1003.80005  938.12   ]]]
3170	[[[2166.6     1003.80005  938.36   ]]]
3171	[[[2165.4001  1003.80005  937.4    ]]]
3172	[[[2161.8     1002.60004  934.64   ]]]
3173	[[[2164.2002  1003.80005  938.12   ]]]
3174	[[[2164.2002  1003.80005  937.72003]]]
3175	[[[2164.2002  1002.60004  937.48   ]]]
3176	[[[2165.4001  1003.80005  938.44   ]]]
3177	[[[2164.2002  1005.00006  934.72003]]]
3178	[[[2166.6  1001.4   938.68]]]
3179	[[[2166.6     1003.80005  938.6    ]]]
3180	[[[2167.8  1006.2   936.64]]]
3181	[[[2166.6     1002.60004  932.2    ]]]
3182	[[[2166.6     1003.80005  938.12   ]]]
3183	[[[2165.4001  1003.80005  938.8    ]]]
3184	[[[2166.6     1003.80005  937.8    ]]]
3185	[[[2165.4001 1006.2     935.4   ]]]
3186	[[[2166.6     1002.60004  932.08   ]]]
3187	[[[2166.6     1002.60004  937.28   ]]]
3188	[[[2167.8     1002.60004  938.04004]]]
3189	[[[2166.6     1002.60004  931.76   ]]]
3190	[[[2166.6  1006.2   936.36]]]
3191	[[[2166.6     1001.4      939.04004]]]
3192	[[[2166.6     1002.60004  932.08   ]]]
3193	[[[2170.2002  1003.80005  935.4    ]]]
3194	[[[2167.8     1002.60004  938.04004]]]
3195	[[[2170.2002  1003.80005  935.72003]]]
3196	[[[2166.6     1002.60004  937.72003]]]
3197	[[[2166.6     1002.60004  938.36   ]]]
3198	[[[2166.6     1002.60004  937.8    ]]]
3199	[[[2163.      1002.60004  934.84   ]]]
3200	[[[2169.      1005.00006  936.48   ]]]
3201	[[[2167.8     1002.60004  938.36   ]]]
3202	[[[2167.8 1001.4  937.8]]]
3203	[[[2167.8     1002.60004  938.36   ]]]
3204	[[[2167.8  1001.4   938.12]]]
3205	[[[2167.8  1001.4   939.12]]]
3206	[[[2165.4001 1001.4     937.8   ]]]
3207	[[[2166.6     1002.60004  938.88   ]]]
3208	[[[2165.4001 1001.4     938.44  ]]]
3209	[[[2166.6     1002.60004  939.2    ]]]
3210	[[[2166.6     1002.60004  939.12   ]]]
3211	[[[2166.6     1002.60004  938.96   ]]]
3212	[[[2167.8  1001.4   938.96]]]
3213	[[[2171.4001 1001.4     936.    ]]]
3214	[[[2166.6     1002.60004  939.2    ]]]
3215	[[[2166.6  1000.2   949.08]]]
3216	[[[2167.8 1000.2  938.2]]]
3217	[[[2166.6     1002.60004  939.76   ]]]
3218	[[[2166.6      999.00006  936.92004]]]
3219	[[[2166.6  1001.4   938.96]]]
3220	[[[2165.4001 1000.2     938.2   ]]]
3221	[[[2167.8  1001.4   938.56]]]
3222	[[[2167.8  1000.2   938.56]]]
3223	[[[2167.8     1003.80005  936.56   ]]]
3224	[[[2166.6      999.00006  931.92004]]]
3225	[[[2167.8  1000.2   938.88]]]
3226	[[[2165.4001 1000.2     939.12  ]]]
3227	[[[2166.6  1001.4   939.76]]]
3228	[[[2166.6      997.80005  936.8    ]]]
3229	[[[2167.8  1001.4   938.56]]]
3230	[[[2167.8  1000.2   938.56]]]
3231	[[[2167.8  1000.2   938.88]]]
3232	[[[2166.6  1000.2   939.76]]]
3233	[[[2166.6      999.00006  932.6    ]]]
3234	[[[2166.6     1002.60004  936.24   ]]]
3235	[[[2166.6  1000.2   938.88]]]
3236	[[[2167.8  1000.2   939.12]]]
3237	[[[2167.8      999.00006  938.56   ]]]
3238	[[[2167.8      999.00006  938.56   ]]]
3239	[[[2169.      1002.60004  937.12   ]]]
3240	[[[2167.8  995.4  935.8]]]
3241	[[[2167.8      999.00006  939.28   ]]]
3242	[[[2170.2002 1000.2     936.88  ]]]
3243	[[[2167.8      997.80005  938.52   ]]]
3244	[[[2167.8      999.00006  938.96   ]]]
3245	[[[2167.8      999.00006  938.88   ]]]
3246	[[[2166.6  1001.4   936.88]]]
3247	[[[2170.2002   999.00006  936.56   ]]]
3248	[[[2166.6      996.60004  938.12   ]]]
3249	[[[2166.6      997.80005  938.12   ]]]
3250	[[[2165.4001   997.80005  939.44   ]]]
3251	[[[2167.8      996.60004  938.88   ]]]
3252	[[[2166.6      996.60004  938.2    ]]]
3253	[[[2167.8      996.60004  949.76   ]]]
3254	[[[2166.6   995.4   932.28]]]
3255	[[[2167.8      996.60004  938.64   ]]]
3256	[[[2167.8   995.4   939.84]]]
3257	[[[2167.8      996.60004  938.88   ]]]
3258	[[[2167.8      997.80005  938.88   ]]]
3259	[[[2167.8      997.80005  939.76   ]]]
3260	[[[2166.6      997.80005  939.2    ]]]
3261	[[[2167.8      996.60004  938.88   ]]]
3262	[[[2167.8      996.60004  939.2    ]]]
3263	[[[2166.6      996.60004  938.12   ]]]
3264	[[[2169.   1000.2   937.56]]]
3265	[[[2167.8      997.80005  938.88   ]]]
3266	[[[2166.6      996.60004  938.88   ]]]
3267	[[[2166.6      996.60004  938.24   ]]]
3268	[[[2167.8      996.60004  938.88   ]]]
3269	[[[2166.6   995.4   939.12]]]
3270	[[[2166.6      997.80005  939.52   ]]]
3271	[[[2167.8      997.80005  939.6    ]]]
3272	[[[2167.8   995.4   933.36]]]
3273	[[[2167.8   995.4   933.36]]]
3274	[[[2170.2002   999.00006  937.56   ]]]
3275	[[[2166.6      996.60004  939.44   ]]]
3276	[[[2166.6      991.80005  935.8    ]]]
3277	[[[2167.8      996.60004  939.12   ]]]
3278	[[[2167.8      996.60004  939.88   ]]]
3279	[[[2166.6   995.4   938.36]]]
3280	[[[2163.    995.4   936.24]]]
3281	[[[2165.4001  995.4     939.52  ]]]
3282	[[[2166.6   994.2   938.44]]]
3283	[[[2167.8      996.60004  939.36   ]]]
3284	[[[2167.8      996.60004  939.68   ]]]
3285	[[[2167.8   995.4   939.44]]]
3286	[[[2167.8   995.4   939.44]]]
3287	[[[2166.6      996.60004  940.32   ]]]
3288	[[[2166.6   995.4   939.68]]]
3289	[[[2166.6   995.4   939.68]]]
3290	[[[2169.    994.2   939.36]]]
3291	[[[2169.   994.2  939.6]]]
3292	[[[2167.8  994.2  938.6]]]
3293	[[[2167.8   994.2   939.36]]]
3294	[[[2167.8      994.2      939.04004]]]
3295	[[[2167.8      994.2      939.04004]]]
3296	[[[2166.6   994.2   938.68]]]
3297	[[[2166.6      993.00006  938.36   ]]]
3298	[[[2167.8   995.4   939.68]]]
3299	[[[2164.2002   994.2      935.72003]]]
3300	[[[2166.6      994.2      939.04004]]]
3301	[[[2167.8      993.00006  937.88   ]]]
3302	[[[2169.    994.2   939.12]]]
3303	[[[2171.4001  994.2     935.8   ]]]
3304	[[[2171.4001  995.4     936.8   ]]]
3305	[[[2167.8   994.2   939.44]]]
3306	[[[2170.2002  994.2     940.76  ]]]
3307	[[[2167.8      991.80005  940.44   ]]]
3308	[[[2166.6   994.2   938.44]]]
3309	[[[2169.       993.00006  939.44   ]]]
3310	[[[2169.   994.2  939.2]]]
3311	[[[2167.8   994.2   939.84]]]
3312	[[[2166.6   994.2   938.96]]]
3313	[[[2164.2002  994.2     935.56  ]]]
3314	[[[2166.6      993.00006  938.24   ]]]
3315	[[[2167.8      991.80005  937.56   ]]]
3316	[[[2166.6   994.2   939.52]]]
3317	[[[2166.6   994.2   939.88]]]
3318	[[[2167.8      993.00006  938.12   ]]]
3319	[[[2167.8  994.2  939.2]]]
3320	[[[2167.8      990.60004  936.24   ]]]
3321	[[[2167.8   995.4   939.84]]]
3322	[[[2169.   994.2  938.8]]]
3323	[[[2169.    994.2   939.12]]]
3324	[[[2167.8   995.4   939.56]]]
3325	[[[2166.6      997.80005  935.92004]]]
3326	[[[2161.8      996.60004  944.08   ]]]
3327	[[[2167.8      997.80005  936.8    ]]]
3328	[[[2167.8   994.2   937.88]]]
3329	[[[2167.8      991.80005  936.92004]]]
3330	[[[2167.8      994.2      933.16003]]]
3331	[[[2169.    995.4   938.96]]]
3332	[[[2169.    994.2   938.88]]]
3333	[[[2170.2002  994.2     939.88  ]]]
3334	[[[2167.8  994.2  932.6]]]
3335	[[[2170.2002  994.2     938.76  ]]]
3336	[[[2169.    995.4   939.12]]]
3337	[[[2172.6  995.4  935.8]]]
3338	[[[2170.2002  995.4     939.44  ]]]
3339	[[[2169.    995.4   938.32]]]
3340	[[[2169.       995.4      932.72003]]]
3341	[[[2167.8      996.60004  939.2    ]]]
3342	[[[2167.8   995.4   938.52]]]
3343	[[[2167.8   995.4   938.64]]]
3344	[[[2171.4001   996.60004  940.2    ]]]
3345	[[[2170.2002   996.60004  938.64   ]]]
3346	[[[2170.2002   996.60004  939.2    ]]]
3347	[[[2170.2002   996.60004  939.52   ]]]
3348	[[[2167.8      996.60004  939.2    ]]]
3349	[[[2170.2002   999.00006  937.     ]]]
3350	[[[2169.       996.60004  939.84   ]]]
3351	[[[2169.       996.60004  939.2    ]]]
3352	[[[2172.6      996.60004  935.68   ]]]
3353	[[[2170.2002  995.4     939.2   ]]]
3354	[[[2169.   995.4  939.2]]]
3355	[[[2169.       996.60004  939.2    ]]]
3356	[[[2167.8   995.4   939.56]]]
3357	[[[2167.8   995.4   939.52]]]
3358	[[[2171.4001  994.2     934.68  ]]]
3359	[[[2167.8  994.2  938.2]]]
3360	[[[2167.8   994.2   938.76]]]
3361	[[[2170.2002   994.2      938.72003]]]
3362	[[[2169.       993.00006  939.6    ]]]
3363	[[[2169.   994.2  938.4]]]
3364	[[[2167.8   994.2   938.64]]]
3365	[[[2169.       997.80005  936.56   ]]]
3366	[[[2169.    995.4   938.88]]]
3367	[[[2164.2002  994.2     935.48  ]]]
3368	[[[2167.8   994.2   938.44]]]
3369	[[[2169.   994.2  939. ]]]
3370	[[[2167.8   995.4   939.44]]]
3371	[[[2166.6  994.2  939.2]]]
3372	[[[2169.       990.60004  935.16003]]]
3373	[[[2167.8  995.4  939.6]]]
3374	[[[2166.6  994.2  938.8]]]
3375	[[[2167.8      991.80005  939.76   ]]]
3376	[[[2171.4001   994.2      936.04004]]]
3377	[[[2169.       993.00006  938.68   ]]]
3378	[[[2166.6      996.60004  936.48   ]]]
3379	[[[2167.8   994.2   938.36]]]
3380	[[[2169.       993.00006  939.36   ]]]
3381	[[[2167.8  994.2  938.8]]]
3382	[[[2167.8   994.2   938.68]]]
3383	[[[2167.8   989.4   935.24]]]
3384	[[[2166.6   994.2   938.56]]]
3385	[[[2167.8      993.00006  938.88   ]]]
3386	[[[2167.8      993.00006  938.52   ]]]
3387	[[[2167.8      996.60004  936.88   ]]]
3388	[[[2166.6  994.2  939.2]]]
3389	[[[2167.8      993.00006  939.44   ]]]
3390	[[[2166.6   994.2   940.12]]]
3391	[[[2166.6      993.00006  938.32   ]]]
3392	[[[2163.       991.80005  935.68   ]]]
3393	[[[2165.4001  994.2     938.96  ]]]
3394	[[[2165.4001   991.80005  938.4    ]]]
3395	[[[2167.8      991.80005  938.88   ]]]
3396	[[[2166.6      993.00006  939.2    ]]]
3397	[[[2165.4001   993.00006  939.52   ]]]
3398	[[[2170.2002  994.2     936.32  ]]]
3399	[[[2167.8      993.00006  939.6    ]]]
3400	[[[2166.6      993.00006  938.96   ]]]
3401	[[[2166.6      990.60004  937.08   ]]]
3402	[[[2167.8      991.80005  939.4    ]]]
3403	[[[2167.8      993.00006  938.96   ]]]
3404	[[[2163.       991.80005  935.4    ]]]
3405	[[[2167.8      993.00006  938.64   ]]]
3406	[[[2165.4001   991.80005  938.96   ]]]
3407	[[[2166.6      991.80005  937.72003]]]
3408	[[[2167.8      991.80005  939.04004]]]
3409	[[[2167.8      993.00006  938.4    ]]]
3410	[[[2167.8      991.80005  938.72003]]]
3411	[[[2166.6      993.00006  939.72003]]]
3412	[[[2167.8      991.80005  938.4    ]]]
3413	[[[2167.8      993.00006  938.4    ]]]
3414	[[[2167.8      991.80005  938.72003]]]
3415	[[[2166.6      991.80005  938.4    ]]]
3416	[[[2166.6      991.80005  938.72003]]]
3417	[[[2167.8      993.00006  939.04004]]]
3418	[[[2163.       991.80005  935.76   ]]]
3419	[[[2166.6      990.60004  938.04004]]]
3420	[[[2167.8      991.80005  938.64   ]]]
3421	[[[2171.4001   993.00006  936.52   ]]]
3422	[[[2167.8      991.80005  939.28   ]]]
3423	[[[2167.8      990.60004  937.4    ]]]
3424	[[[2169.       991.80005  938.96   ]]]
3425	[[[2171.4001   993.00006  936.08   ]]]
3426	[[[2171.4001   993.00006  936.     ]]]
3427	[[[2166.6      990.60004  932.36   ]
  [1134.6001  1117.8      816.2    ]]]
3428	[[[2165.4001   991.80005  939.2    ]]]
3429	[[[2167.8      990.60004  938.32   ]]]
3430	[[[2163.       991.80005  935.68   ]]]
3431	[[[2166.6      990.60004  949.2    ]]]
3432	[[[2167.8   988.2   935.32]]]
3433	[[[2167.8      991.80005  938.64   ]]]
3434	[[[2167.8      991.80005  938.64   ]]]
3435	[[[2167.8      993.00006  938.32   ]]]
3436	[[[2167.8      991.80005  938.96   ]]]
3437	[[[2166.6      990.60004  938.32   ]]]
3438	[[[2166.6      991.80005  938.88   ]]]
3439	[[[2165.4001   991.80005  939.2    ]]]
3440	[[[2169.       991.80005  940.2    ]]]
3441	[[[2166.6      993.00006  939.44   ]]]
3442	[[[2166.6      991.80005  939.2    ]]]
3443	[[[2163.       990.60004  935.24   ]]]
3444	[[[2166.6      988.2      935.92004]]]
3445	[[[2166.6      991.80005  938.88   ]]]
3446	[[[2165.4001   991.80005  938.64   ]]]
3447	[[[2167.8      990.60004  938.56   ]]]
3448	[[[2166.6      990.60004  949.44   ]]]
3449	[[[2167.8      991.80005  938.56   ]]]
3450	[[[2166.6      991.80005  939.68   ]]]
3451	[[[2167.8      991.80005  939.64   ]]]
3452	[[[2166.6   994.2   936.56]]]
3453	[[[2166.6   988.2   936.32]]]
3454	[[[2165.4001   990.60004  938.8    ]]]
3455	[[[2167.8      991.80005  939.44   ]]]
3456	[[[2165.4001  994.2     936.48  ]]]
3457	[[[2170.2002   991.80005  936.48   ]]]
3458	[[[2165.4001   990.60004  939.12   ]]]
3459	[[[2166.6      990.60004  938.12   ]]]
3460	[[[2166.6      991.80005  939.36   ]]]
3461	[[[2165.4001  989.4     938.12  ]]]
3462	[[[2165.4001  989.4     938.44  ]]]
3463	[[[2166.6  989.4  933.2]]]
3464	[[[2170.2002   990.60004  935.88   ]]]
3465	[[[2165.4001   990.60004  939.52   ]]]
3466	[[[2165.4001   990.60004  939.52   ]]]
3467	[[[2165.4001   990.60004  939.64   ]]]
3468	[[[2166.6   989.4   937.96]]]
3469	[[[2165.4001   990.60004  938.96   ]]]
3470	[[[2166.6  989.4  938.2]]]
3471	[[[2166.6      989.4      938.     ]
  [ 966.60004 1135.8      780.92   ]]]
3472	[[[2166.6   989.4   938.64]]]
3473	[[[2165.4001   990.60004  939.6    ]]]
3474	[[[2167.8   989.4   939.28]]]
3475	[[[2165.4001   990.60004  939.28   ]]]
3476	[[[2166.6      990.60004  939.4    ]]]
3477	[[[2166.6      990.60004  939.32   ]]]
3478	[[[2166.6      987.00006  936.64   ]]]
3479	[[[2166.6  988.2  949.2]]]
3480	[[[2167.8   988.2   939.28]]]
3481	[[[2166.6  988.2  933.2]]]
3482	[[[2167.8  988.2  938.8]]]
3483	[[[2169.    989.4   940.12]]]
3484	[[[2166.6  988.2  933.2]]]
3485	[[[2165.4001   990.60004  940.12   ]]]
3486	[[[2169.       991.80005  937.4    ]]]
3487	[[[2166.6   989.4   939.28]]]
3488	[[[2166.6  989.4  939.4]]]
3489	[[[2170.2002  989.4     936.    ]]]
3490	[[[2165.4001  988.2     938.96  ]]]
3491	[[[2167.8   988.2   939.28]]]
3492	[[[2166.6   988.2   938.64]]]
3493	[[[2165.4001  988.2     938.64  ]]]
3494	[[[2164.2002  989.4     939.32  ]]]
3495	[[[2166.6   989.4   938.64]]]
3496	[[[2165.4001  989.4     938.96  ]]]
3497	[[[2165.4001   990.60004  939.32   ]]]
3498	[[[2167.8      993.00006  937.56   ]]]
3499	[[[2166.6   989.4   938.64]]]
3500	[[[2170.2002  989.4     935.68  ]]]
3501	[[[2165.4001  988.2     937.64  ]]]
3502	[[[2166.6   989.4   938.56]]]
3503	[[[2165.4001  989.4     938.52  ]]]
3504	[[[2166.6   988.2   949.44]]]
3505	[[[2167.8   989.4   939.52]]]
3506	[[[2166.6      991.80005  936.56   ]]]
3507	[[[2166.6   988.2   938.44]]]
3508	[[[2166.6   989.4   939.44]]]
3509	[[[2166.6   989.4   939.44]]]
3510	[[[2167.8      988.2      938.92004]]]
3511	[[[2165.4001  989.4     939.52  ]]]
3512	[[[2167.8   988.2   938.88]]]
3513	[[[2166.6   988.2   938.44]]]
3514	[[[2166.6      990.60004  940.     ]]]
3515	[[[2166.6   988.2   932.84]]]
3516	[[[2166.6   989.4   938.44]]]
3517	[[[2166.6      990.60004  940.     ]]]
3518	[[[2166.6      990.60004  939.44   ]]]
3519	[[[2166.6  989.4  938.8]]]
3520	[[[2167.8   988.2   949.44]]]
3521	[[[2166.6      990.60004  939.76   ]]]
3522	[[[2170.2002   990.60004  936.8    ]]]
3523	[[[2166.6  989.4  939.2]]]
3524	[[[2167.8   988.2   938.56]]]
3525	[[[2170.2002   990.60004  936.12   ]]]
3526	[[[2169.    989.4   939.64]]]
3527	[[[2165.4001  989.4     939.2   ]]]
3528	[[[2166.6   989.4   938.96]]]
3529	[[[2169.    989.4   938.96]]]
3530	[[[2166.6   988.2   948.96]]]
3531	[[[2167.8  988.2  937.4]]]
3532	[[[2167.8      989.4      938.72003]]]
3533	[[[2166.6   989.4   938.08]]]
3534	[[[2169.   989.4  938.4]]]
3535	[[[2171.4001  989.4     935.64  ]]]
3536	[[[2166.6  989.4  949.2]]]
3537	[[[2166.6      990.60004  938.56   ]]]
3538	[[[2171.4001  989.4     935.68  ]]]
3539	[[[2167.8      990.60004  938.32   ]]]
3540	[[[2166.6      990.60004  939.4    ]]]
3541	[[[2166.6      985.80005  935.4    ]]]
3542	[[[2166.6   989.4   937.76]]]
3543	[[[2167.8  988.2  932.8]]]
3544	[[[2166.6   989.4   937.64]]]
3545	[[[2166.6      985.80005  935.44   ]]]
3546	[[[2167.8      990.60004  938.96   ]]]
3547	[[[2167.8   988.2   932.68]]]
3548	[[[2166.6   988.2   937.64]]]
3549	[[[2170.2002   990.60004  936.24   ]]]
3550	[[[2170.2002   991.80005  936.96   ]]]
3551	[[[2166.6   988.2   932.12]]]
3552	[[[2166.6   988.2   938.08]]]
3553	[[[2167.8   989.4   938.32]]]
3554	[[[2167.8      993.00006  936.4    ]]]
3555	[[[2166.6   989.4   937.32]]]
3556	[[[2166.6  988.2  937.4]]]
3557	[[[2167.8   988.2   938.64]]]
3558	[[[2163.   989.4  935.4]]]
3559	[[[2167.8      990.60004  938.08   ]]]
3560	[[[2166.6   988.2   931.68]]]
3561	[[[2166.6   988.2   948.52]]]
3562	[[[2166.6      990.60004  938.28   ]]]
3563	[[[2166.6   989.4   937.76]]]
3564	[[[2163.   989.4  935. ]]]
3565	[[[2165.4001  988.2     937.64  ]]]
3566	[[[2170.2002   990.60004  934.68   ]]]
3567	[[[2167.8   989.4   937.96]]]
3568	[[[2165.4001   990.60004  938.08   ]]]
3569	[[[2163.       990.60004  934.92004]]]
3570	[[[2166.6   989.4   937.88]]]
3571	[[[2167.8   989.4   938.08]]]
3572	[[[2166.6   989.4   932.36]]]
3573	[[[2166.6      990.60004  938.28   ]]]
3574	[[[2166.6      985.80005  934.92004]]]
3575	[[[2167.8   989.4   938.64]]]
3576	[[[2165.4001   990.60004  937.88   ]]]
3577	[[[2165.4001   990.60004  938.68   ]]]
3578	[[[2166.6   989.4   936.56]]]
3579	[[[2166.6      991.80005  938.88   ]]]
3580	[[[2167.8      990.60004  937.56   ]]]
3581	[[[2166.6      991.80005  939.2    ]]]
3582	[[[2166.6      991.80005  938.88   ]]]
3583	[[[2167.8      990.60004  938.44   ]]]
3584	[[[2167.8      990.60004  937.8    ]]]
3585	[[[2166.6      991.80005  938.24   ]]]
3586	[[[2166.6      990.60004  937.68   ]]]
3587	[[[2167.8      990.60004  938.28   ]]]
3588	[[[2166.6   989.4   936.64]]]
3589	[[[2166.6      991.80005  938.6    ]]]
3590	[[[2166.6      991.80005  938.04004]]]
3591	[[[2166.6      988.2      935.72003]]]
3592	[[[2169.    994.2   936.36]]]
3593	[[[2165.4001   991.80005  937.72003]]]
3594	[[[2165.4001   991.80005  938.8    ]]]
3595	[[[2166.6      990.60004  948.52   ]]]
3596	[[[2165.4001   991.80005  938.8    ]]]
3597	[[[2166.6      990.60004  931.76   ]]]
3598	[[[2169.       991.80005  939.44   ]]]
3599	[[[2166.6      995.4      935.16003]]]
3600	[[[2165.4001   991.80005  938.04004]]]
3601	[[[2166.6      990.60004  937.56   ]]]
3602	[[[2167.8      993.00006  937.96   ]]]
3603	[[[2165.4001   991.80005  938.4    ]]]
3604	[[[2167.8      991.80005  938.     ]]]
3605	[[[2163.       990.60004  934.44   ]]]
3606	[[[2165.4001   991.80005  938.64   ]]]
3607	[[[2166.6      991.80005  937.88   ]]]
3608	[[[2170.2002   991.80005  934.24   ]]]
3609	[[[2167.8      993.00006  937.88   ]]]
3610	[[[2170.2002   993.00006  935.56   ]]]
3611	[[[2167.8      993.00006  938.24   ]]]
3612	[[[2167.8      993.00006  938.52   ]]]
3613	[[[2166.6      993.00006  939.2    ]]]
3614	[[[2166.6      993.00006  938.64   ]]]
3615	[[[2166.6      993.00006  938.64   ]]]
3616	[[[2166.6  988.2  935. ]]]
3617	[[[2165.4001   991.80005  937.72003]]]
3618	[[[2166.6      993.00006  938.72003]]]
3619	[[[2166.6      991.80005  938.08   ]]]
3620	[[[2166.6      990.60004  936.64   ]]]
3621	[[[2166.6  989.4  936. ]]]
3622	[[[2167.8      993.00006  938.4    ]]]
3623	[[[2166.6      991.80005  937.4    ]]]
3624	[[[2166.6      993.00006  939.04004]]]
3625	[[[2166.6      993.00006  938.08   ]]]
3626	[[[2167.8      991.80005  938.4    ]]]
3627	[[[2165.4001   991.80005  937.76   ]]]
3628	[[[2167.8      994.2      937.83997]]]
3629	[[[2163.       991.80005  934.83997]]]
3630	[[[2165.4001   993.00006  938.72003]]]
3631	[[[2166.6      991.80005  937.83997]]]
3632	[[[2166.6      993.00006  937.72003]]]
3633	[[[2166.6      991.80005  931.8    ]]]
3634	[[[2165.4001   993.00006  938.48   ]]]
3635	[[[2166.6   988.2   934.76]]]
3636	[[[2165.4001   993.00006  938.48   ]]]
3637	[[[2165.4001   990.60004  937.08   ]]]
3638	[[[2166.6      993.00006  938.08   ]]]
3639	[[[2169.       991.80005  934.2    ]]]
3640	[[[2165.4001   996.60004  934.76   ]]]
3641	[[[2169.   995.4  936.4]]]
3642	[[[2166.6      991.80005  931.8    ]]]
3643	[[[2165.4001  995.4     935.44  ]]]
3644	[[[2165.4001   993.00006  937.76   ]]]
3645	[[[2165.4001   993.00006  938.88   ]]]
3646	[[[2166.6      991.80005  938.08   ]]]
3647	[[[2166.6      991.80005  938.4    ]]]
3648	[[[2164.2002   991.80005  937.64   ]]]
3649	[[[2165.4001   988.2      934.92004]]]
3650	[[[2167.8   995.4   936.32]]]
3651	[[[2166.6      993.00006  938.32   ]]]
3652	[[[2165.4001   993.00006  938.2    ]]]
3653	[[[2165.4001   990.60004  936.88   ]]]
3654	[[[2166.6      991.80005  937.88   ]]]
3655	[[[2165.4001  988.2     934.68  ]]]
3656	[[[2167.8      991.80005  938.4    ]]]
3657	[[[2165.4001  988.2     934.68  ]]]
3658	[[[2166.6      991.80005  937.64   ]]]
3659	[[[2165.4001   990.60004  937.08   ]]]
3660	[[[2165.4001   993.00006  938.64   ]]]
3661	[[[2164.2002   991.80005  937.83997]]]
3662	[[[2166.6      991.80005  938.48   ]]]
3663	[[[2165.4001   991.80005  937.48   ]]]
3664	[[[2166.6      991.80005  938.48   ]]]
3665	[[[2166.6      991.80005  938.08   ]]]
3666	[[[2165.4001  994.2     935.44  ]]]
3667	[[[2165.4001   987.00006  934.12   ]]]
3668	[[[2165.4001  989.4     931.24  ]]]
3669	[[[2167.8  989.4  937.4]]]
3670	[[[2166.6      991.80005  938.4    ]]]
3671	[[[2166.6      990.60004  937.4    ]]]
3672	[[[2167.8      991.80005  938.4    ]]]
3673	[[[2166.6      991.80005  938.48   ]]]
3674	[[[2169.       990.60004  938.4    ]]]
3675	[[[2167.8      990.60004  937.4    ]]]
3676	[[[2166.6      987.00006  934.2    ]]]
3677	[[[2163.       990.60004  934.28   ]]]
3678	[[[2165.4001   991.80005  937.52   ]]]
3679	[[[2167.8      993.00006  937.6    ]]]
3680	[[[2167.8      990.60004  937.48   ]]]
3681	[[[2166.6      990.60004  931.8    ]]]
3682	[[[2166.6  994.2  935.2]]]
3683	[[[2167.8      991.80005  938.08   ]]]
3684	[[[2166.6      991.80005  938.16003]]]
3685	[[[2167.8      991.80005  937.76   ]]]
3686	[[[2166.6      990.60004  937.08   ]]]
3687	[[[2166.6      990.60004  937.     ]]]
3688	[[[2167.8      990.60004  937.32   ]]]
3689	[[[2166.6      987.00006  934.68   ]]]
3690	[[[2166.6      991.80005  938.56   ]]]
3691	[[[2170.2002   993.00006  935.52   ]]]
3692	[[[2166.6  989.4  931.2]]]
3693	[[[2167.8   989.4   937.76]]]
3694	[[[2165.4001   990.60004  938.16003]]]
3695	[[[2166.6   989.4   937.48]]]
3696	[[[2166.6      991.80005  938.96   ]]]
3697	[[[2166.6  989.4  937.4]]]
3698	[[[2166.6      987.00006  935.64   ]]]
3699	[[[2166.6      990.60004  938.64   ]]]
3700	[[[2166.6   989.4   936.88]]]
3701	[[[2166.6      985.80005  935.24   ]]]
3702	[[[2163.    989.4   934.44]]]
3703	[[[2169.    989.4   938.88]]]
3704	[[[2166.6      984.60004  934.     ]]]
3705	[[[2167.8   988.2   948.32]]]
3706	[[[2167.8   989.4   938.32]]]
3707	[[[2171.4001   990.60004  935.     ]]]
3708	[[[2166.6   988.2   937.24]]]
3709	[[[2166.6   989.4   938.32]]]
3710	[[[2170.2002   990.60004  935.76   ]]]
3711	[[[2166.6      985.80005  935.08   ]]]
3712	[[[2167.8   989.4   938.32]]]
3713	[[[2169.       993.00006  936.64   ]]]
3714	[[[2164.2002  989.4     934.28  ]]]
3715	[[[2166.6      985.80005  935.     ]]]
3716	[[[2167.8   989.4   938.28]]]
3717	[[[2167.8      987.00006  938.88   ]]]
3718	[[[2171.4001   990.60004  935.32   ]]]
3719	[[[2167.8      985.80005  934.44   ]]]
3720	[[[2167.8   989.4   937.56]]]
3721	[[[2166.6      988.2      936.83997]]]
3722	[[[2166.6      990.60004  938.8    ]]]
3723	[[[2166.6      993.00006  935.28   ]]]
3724	[[[2166.6   989.4   937.48]]]
3725	[[[2169.       988.2      938.04004]]]
3726	[[[2169.    989.4   938.64]]]
3727	[[[2167.8      990.60004  939.04004]]]
3728	[[[2166.6      989.4      938.16003]]]
3729	[[[2166.6  988.2  937.4]]]
3730	[[[2169.       985.80005  934.76   ]]]
3731	[[[2167.8      989.4      938.72003]]]
3732	[[[2166.6  988.2  937.4]]]
3733	[[[2171.4001   990.60004  936.08   ]]]
3734	[[[2166.6  988.2  937.4]]]
3735	[[[2167.8  989.4  938.4]]]
3736	[[[2169.       989.4      938.16003]]]
3737	[[[2170.2002   988.2      938.72003]]]
3738	[[[2169.   988.2  932.2]]]
3739	[[[2169.    988.2   948.96]]]
3740	[[[2167.8   989.4   937.52]]]
3741	[[[2169.    989.4   938.48]]]
3742	[[[2166.6      989.4      938.72003]]]
3743	[[[2167.8  989.4  937.4]]]
3744	[[[2172.6      990.60004  935.2    ]]]
3745	[[[2167.8      993.00006  936.16003]]]
3746	[[[2169.       990.60004  938.8    ]]]
3747	[[[2169.       991.80005  938.8    ]]]
3748	[[[2169.       990.60004  937.48   ]]]
3749	[[[2169.       990.60004  937.72003]]]
3750	[[[2169.       991.80005  939.2    ]]]
3751	[[[2169.       990.60004  937.83997]]]
3752	[[[2169.       991.80005  938.48   ]]]
3753	[[[2170.2002   990.60004  938.16003]]]
3754	[[[2172.6      991.80005  935.12   ]]]
3755	[[[2169.       991.80005  937.32   ]]]
3756	[[[2170.2002   991.80005  938.96   ]]]
3757	[[[2169.       991.80005  938.08   ]]]
3758	[[[2170.2002   991.80005  938.08   ]]]
3759	[[[2170.2002   993.00006  938.72003]]]
3760	[[[2171.4001   993.00006  939.28   ]]]
3761	[[[2169.       990.60004  935.76   ]]]
3762	[[[2170.2002   993.00006  938.64   ]]]
3763	[[[2169.       993.00006  938.08   ]]]
3764	[[[2170.2002   993.00006  938.32   ]]]
3765	[[[2169.    994.2   938.96]]]
3766	[[[2169.       993.00006  938.     ]]]
3767	[[[2169.    994.2   937.64]]]
3768	[[[2170.2002  995.4     938.96  ]]]
3769	[[[2169.    994.2   937.64]]]
3770	[[[2171.4001  994.2     938.64  ]]]
3771	[[[2170.2002  995.4     939.28  ]]]
3772	[[[2169.    995.4   937.96]]]
3773	[[[2170.2002  995.4     938.32  ]]]
3774	[[[2170.2002   996.60004  938.32   ]]]
3775	[[[2170.2002   993.00006  939.6    ]]]
3776	[[[2170.2002   996.60004  938.28   ]]]
3777	[[[2170.2002  995.4     932.6   ]]]
3778	[[[2173.8      996.60004  935.68   ]]]
3779	[[[2169.       996.60004  938.08   ]]]
3780	[[[2170.2002   996.60004  938.56   ]]]
3781	[[[2169.       996.60004  937.72003]
  [1097.4     1135.8      912.64   ]]]
3782	[[[2172.6 1000.2  937. ]]]
3783	[[[2170.2002   996.60004  937.72003]]]
3784	[[[2170.2002   996.60004  932.6    ]]]
3785	[[[2169.       996.60004  937.56   ]]]
3786	[[[2169.       997.80005  938.52   ]]]
3787	[[[2169.       997.80005  938.2    ]]]
3788	[[[2169.       999.00006  938.88   ]]]
3789	[[[2169.       997.80005  938.32   ]]]
3790	[[[2172.6      999.00006  939.96   ]]]
3791	[[[2170.2002 1000.2     938.96  ]]]
3792	[[[2171.4001   999.00006  938.88   ]]]
3793	[[[2171.4001 1000.2     938.64  ]]]
3794	[[[2171.4001  1003.80005  937.     ]]]
3795	[[[2170.2002   999.00006  949.2    ]]]
3796	[[[2171.4001 1000.2     938.64  ]]]
3797	[[[2172.6  1000.2   939.64]]]
3798	[[[2170.2002 1001.4     939.64  ]]]
3799	[[[2171.4001  1001.4      939.04004]]]
3800	[[[2170.2002 1000.2     932.36  ]]]
3801	[[[2166.6  1000.2   935.44]]]
3802	[[[2172.6  1000.2   939.28]]]
3803	[[[2170.2002 1000.2     938.4   ]]]
3804	[[[2171.4001 1001.4     938.08  ]]]
3805	[[[2170.2002  1005.00006  936.4    ]]]
3806	[[[2170.2002  1002.60004  939.28   ]]]
3807	[[[2170.2002  1002.60004  939.64   ]]]
3808	[[[2170.2002  1002.60004  939.32   ]]]
3809	[[[2170.2002 1001.4     932.68  ]]]
3810	[[[2171.4001  1002.60004  938.24   ]]]
3811	[[[2170.2002  1002.60004  939.04004]]]
3812	[[[2171.4001  1002.60004  938.28   ]]]
3813	[[[2172.6     1002.60004  939.72003]]]
3814	[[[2170.2002  1002.60004  938.32   ]]]
3815	[[[2172.6     1003.80005  939.2    ]]]
3816	[[[2170.2002  1003.80005  939.28   ]]]
3817	[[[2171.4001  1003.80005  938.52   ]]]
3818	[[[2170.2002  1002.60004  938.2    ]]]
3819	[[[2171.4001  1002.60004  932.52   ]]]
3820	[[[2170.2002  1002.60004  938.44   ]]]
3821	[[[2172.6     1002.60004  938.88   ]]]
3822	[[[2172.6     1003.80005  939.12   ]]]
3823	[[[2170.2002  1003.80005  938.88   ]]]
3824	[[[2170.2002  1005.00006  939.12   ]]]
3825	[[[2171.4001  1003.80005  932.52   ]]]
3826	[[[2172.6     1005.00006  939.56   ]]]
3827	[[[2173.8     1008.60004  937.72003]]]
3828	[[[2171.4001 1006.2     939.68  ]]]
3829	[[[2171.4001 1006.2     940.    ]]]
3830	[[[2172.6     1005.00006  939.68   ]]]
3831	[[[2170.2002  1005.00006  939.12   ]]]
3832	[[[2172.6     1005.00006  939.76   ]]]
3833	[[[2171.4001  1005.00006  938.36   ]]]
3834	[[[2172.6     1005.00006  938.8    ]]]
3835	[[[2170.2002 1006.2     938.8   ]]]
3836	[[[2170.2002  1005.00006  939.12   ]]]
3837	[[[2171.4001  1005.00006  932.84   ]]]
3838	[[[2170.2002 1006.2     939.76  ]]]
3839	[[[2175.      1005.00006  935.04004]]]
3840	[[[2171.4001 1006.2     939.68  ]]]
3841	[[[2171.4001 1006.2     939.28  ]]]
3842	[[[2172.6     1005.00006  939.56   ]]]
3843	[[[2171.4001  1003.80005  938.32   ]]]
3844	[[[2172.6     1005.00006  939.2    ]]]
3845	[[[2171.4001  1003.80005  949.68   ]]]
3846	[[[2176.2002 1006.2     936.8   ]]]
3847	[[[2173.8     1005.00006  939.44   ]]]
3848	[[[2172.6 1006.2  939.2]]]
3849	[[[2175.   1006.2   936.56]]]
3850	[[[2170.2002  1005.00006  939.44   ]]]
3851	[[[2171.4001  1005.00006  938.56   ]]]
3852	[[[2171.4001  1003.80005  949.44   ]]]
3853	[[[2173.8     1005.00006  940.12   ]]]
3854	[[[2172.6     1005.00006  938.88   ]]]
3855	[[[2175.   1007.4   937.48]]]
3856	[[[2172.6     1005.00006  940.12   ]]]
3857	[[[2171.4001  1005.00006  939.76   ]]]
3858	[[[2173.8     1003.80005  939.44   ]]]
3859	[[[2171.4001  1005.00006  940.12   ]]]
3860	[[[2172.6     1003.80005  938.88   ]]]
3861	[[[2171.4001  1003.80005  938.56   ]]]
3862	[[[2172.6  1006.2   938.64]]]
3863	[[[2173.8  1007.4   937.88]]]
3864	[[[2175.      1005.00006  936.24   ]]]
3865	[[[2172.6     1003.80005  939.88   ]]]
3866	[[[2170.2002  1003.80005  939.2    ]]]
3867	[[[2167.8     1003.80005  935.88   ]]]
3868	[[[2171.4001  1003.80005  938.52   ]]]
3869	[[[2171.4001  1005.00006  940.12   ]]]
3870	[[[2171.4001  1003.80005  938.8    ]]]
3871	[[[2172.6     1003.80005  939.88   ]]]
3872	[[[2171.4001  1002.60004  933.36   ]]]
3873	[[[2172.6     1002.60004  939.2    ]]]
3874	[[[2170.2002  1002.60004  939.2    ]]]
3875	[[[2171.4001  1002.60004  938.88   ]]]
3876	[[[2171.4001  1003.80005  940.52   ]]]
3877	[[[2172.6     1002.60004  939.56   ]]]
3878	[[[2171.4001  1002.60004  938.8    ]]]
3879	[[[2171.4001 1006.2     936.88  ]]]
3880	[[[2171.4001  1003.80005  940.52   ]]]
3881	[[[2173.8     1005.00006  937.88   ]]]
3882	[[[2172.6     1002.60004  940.2    ]]]
3883	[[[2171.4001  1003.80005  940.52   ]]]
3884	[[[2172.6     1002.60004  939.12   ]]]
3885	[[[2175.      1005.00006  937.12   ]]]
3886	[[[2172.6     1002.60004  939.12   ]]]
3887	[[[2171.4001  1003.80005  940.44   ]]]
3888	[[[2167.8     1002.60004  936.72003]]]
3889	[[[2172.6     1003.80005  940.12   ]]]
3890	[[[2167.8     1002.60004  935.84   ]]]
3891	[[[2172.6     1002.60004  939.12   ]]]
3892	[[[2171.4001  1002.60004  939.12   ]]]
3893	[[[2172.6     1006.2      938.04004]]]
3894	[[[2171.4001  1002.60004  939.36   ]]]
3895	[[[2171.4001  1002.60004  939.     ]]]
3896	[[[2171.4001  1003.80005  940.36   ]]]
3897	[[[2170.2002  1002.60004  940.     ]]]
3898	[[[2170.2002 1001.4     939.36  ]]]
3899	[[[2167.8     1002.60004  936.04004]]]
3900	[[[2171.4001  1001.4      950.16003]]]
3901	[[[2173.8     1005.00006  938.2    ]]]
3902	[[[2171.4001 1000.2     940.44  ]]]
3903	[[[2175.   1001.4   936.56]]]
3904	[[[2175.      1002.60004  936.48   ]]]
3905	[[[2171.4001 1001.4     939.68  ]]]
3906	[[[2170.2002 1001.4     939.36  ]]]
3907	[[[2170.2002  1000.2      939.04004]]]
3908	[[[2170.2002 1000.2     939.36  ]]]
3909	[[[2171.4001 1001.4     940.32  ]]]
3910	[[[2170.2002  1001.4      940.04004]]]
3911	[[[2171.4001   999.00006  940.36   ]]]
3912	[[[2171.4001 1000.2     934.08  ]]]
3913	[[[2173.8     1002.60004  937.8    ]]]
3914	[[[2171.4001 1001.4     939.68  ]]]
3915	[[[2166.6  1000.2   936.48]]]
3916	[[[2171.4001 1001.4     939.68  ]]]
3917	[[[2170.2002 1000.2     950.36  ]]]
3918	[[[2170.2002   999.00006  938.36   ]]]
3919	[[[2171.4001 1001.4     940.44  ]]]
3920	[[[2166.6  1000.2   936.48]]]
3921	[[[2171.4001 1000.2     940.36  ]]]
3922	[[[2170.2002   996.60004  936.8    ]]]
3923	[[[2166.6  1000.2   936.48]]]
3924	[[[2170.2002 1000.2     939.76  ]]]
3925	[[[2171.4001 1000.2     940.44  ]]]
3926	[[[2169.  1000.2  940.2]]]
3927	[[[2171.4001 1001.4     939.56  ]]]
3928	[[[2170.2002   997.80005  937.88   ]]]
3929	[[[2171.4001 1000.2     940.08  ]]]
3930	[[[2170.2002  1000.2      934.16003]]]
3931	[[[2170.2002 1000.2     934.    ]]]
3932	[[[2173.8     1002.60004  937.56   ]]]
3933	[[[2170.2002 1000.2     939.88  ]]]
3934	[[[2170.2002 1000.2     938.96  ]]]
3935	[[[2170.2002   999.00006  940.84   ]]]
3936	[[[2171.4001 1001.4     940.84  ]]]
3937	[[[2169.   1000.2   939.52]]]
3938	[[[2169.      1002.60004  941.08   ]]]
3939	[[[2170.2002 1000.2     934.28  ]]]
3940	[[[2170.2002 1001.4     940.2   ]]]
3941	[[[2167.8 1001.4  940.2]]]
3942	[[[2169.      1002.60004  940.44   ]]]
3943	[[[2165.4001 1001.4     936.48  ]]]
3944	[[[2169.      1002.60004  940.44   ]]]
3945	[[[2167.8  1001.4   939.68]]]
3946	[[[2169.   1000.2   933.84]]]
3947	[[[2169.   1001.4   939.44]]]
3948	[[[2167.8  1001.4   940.44]]]
3949	[[[2169.       997.80005  937.12   ]]]
3950	[[[2169.      1002.60004  941.08   ]]]
3951	[[[2165.4001 1001.4     936.56  ]]]
3952	[[[2167.8  1001.4   940.76]]]
3953	[[[2169.      1002.60004  940.12   ]]]
3954	[[[2167.8  1001.4   940.12]]]
3955	[[[2170.2002  1002.60004  940.44   ]]]
3956	[[[2165.4001 1001.4     936.96  ]]]
3957	[[[2170.2002  1005.00006  938.68   ]]]
3958	[[[2170.2002  1002.60004  940.76   ]]]
3959	[[[2169.   1001.4   933.76]]]
3960	[[[2171.4001  1003.80005  938.04004]]]
3961	[[[2167.8     1005.00006  937.56   ]]]
3962	[[[2169.   1001.4   939.88]]]
3963	[[[2169.   1001.4   940.12]]]
3964	[[[2169.   1001.4   939.68]]]
3965	[[[2167.8  1001.4   940.44]]]
3966	[[[2167.8  1000.2   939.12]]]
3967	[[[2167.8  1001.4   940.76]]]
3968	[[[2167.8  1001.4   940.44]]]
3969	[[[2169.   1000.2   933.84]]]
3970	[[[2169.   1000.2   940.12]]]
3971	[[[2171.4001  1003.80005  938.36   ]]]
3972	[[[2170.2002 1000.2     940.    ]]]
3973	[[[2170.2002 1001.4     940.32  ]]]
3974	[[[2169.   1000.2   939.44]]]
3975	[[[2169.   1000.2   939.44]]]
3976	[[[2167.8  1000.2   939.52]]]
3977	[[[2169.   1000.2   934.48]]]
3978	[[[2167.8  1001.4   940.44]]]
3979	[[[2172.6  1001.4   937.56]]]
3980	[[[2170.2002  1005.00006  938.8    ]]]
3981	[[[2169.   1001.4   939.88]]]
3982	[[[2170.2002 1000.2     939.88  ]]]
3983	[[[2169.  1000.2  934.6]]]
3984	[[[2167.8  1000.2   939.88]]]
3985	[[[2167.8      997.80005  936.8    ]]]
3986	[[[2169.      1000.2      934.16003]]]
3987	[[[2170.2002 1000.2     940.44  ]]]
3988	[[[2167.8     1002.60004  941.2    ]]]
3989	[[[2169.   1000.2   950.64]]]
3990	[[[2169.      1002.60004  940.44   ]]]
3991	[[[2170.2002 1000.2     940.28  ]]]
3992	[[[2172.6  1001.4   936.88]]]
3993	[[[2169.       999.00006  941.08   ]]]
3994	[[[2167.8  1001.4   940.44]]]
3995	[[[2167.8  1000.2   939.12]]]
3996	[[[2169.      1002.60004  940.52   ]]]
3997	[[[2170.2002  1002.60004  939.8    ]]]
3998	[[[2167.8  1001.4   940.44]]]
3999	[[[2170.2002 1001.4     940.44  ]]]
4000	[[[2169.   1000.2   933.84]]]
4001	[[[2167.8  1000.2   939.36]]]
4002	[[[2169.      1005.00006  938.12   ]]]
4003	[[[2171.4001 1000.2     939.76  ]]]
4004	[[[2169.   1000.2   933.84]]]
4005	[[[2169.      1002.60004  940.76   ]]]
4006	[[[2167.8     1003.80005  936.8    ]]]
4007	[[[2170.2002  1002.60004  939.8    ]]]
4008	[[[2169.   1001.4   939.12]]]
4009	[[[2169.      1002.60004  940.44   ]]]
4010	[[[2170.2002  1002.60004  940.68   ]]]
4011	[[[2170.2002 1000.2     940.76  ]]]
4012	[[[2169.      1002.60004  940.44   ]]]
4013	[[[2170.2002  1002.60004  940.44   ]]]
4014	[[[2171.4001  1005.00006  938.68   ]]]
4015	[[[2169.   1001.4   940.08]]]
4016	[[[2169.      1002.60004  940.12   ]]]
4017	[[[2169.       997.80005  937.12   ]]]
4018	[[[2170.2002 1001.4     939.76  ]]]
4019	[[[2172.6  1001.4   937.44]]]
4020	[[[2167.8     1003.80005  941.64   ]]]
4021	[[[2169.   1001.4   934.36]]]
4022	[[[2169.   1001.4   939.88]]]
4023	[[[2170.2002 1001.4     939.76  ]]]
4024	[[[2169.       999.00006  937.64   ]]]
4025	[[[2169.      1002.60004  940.08   ]]]
4026	[[[2165.4001  1002.60004  936.8    ]]]
4027	[[[2169.       997.80005  936.8    ]]]
4028	[[[2170.2002 1001.4     940.84  ]]]
4029	[[[2169.  1001.4  934.6]]]
4030	[[[2167.8     1005.00006  937.56   ]]]
4031	[[[2169.      1002.60004  940.44   ]]]
4032	[[[2169.      1002.60004  940.12   ]]]
4033	[[[2169.  1001.4  939.8]]]
4034	[[[2171.4001  1003.80005  938.12   ]]]
4035	[[[2167.8      997.80005  936.56   ]]]
4036	[[[2167.8     1001.4      933.92004]]]
4037	[[[2169.   1001.4   940.52]]]
4038	[[[2170.2002  1005.00006  938.56   ]]]
4039	[[[2167.8  1001.4   939.76]]]
4040	[[[2167.8     1001.4      934.16003]]]
4041	[[[2171.4001  1003.80005  937.56   ]]]
4042	[[[2167.8     1002.60004  940.44   ]]]
4043	[[[2167.8     1002.60004  939.44   ]]]
4044	[[[2167.8     1002.60004  939.44   ]]]
4045	[[[2169.      1002.60004  940.52   ]]]
4046	[[[2167.8     1001.4      933.92004]]]
4047	[[[2169.      1002.60004  940.76   ]]]
4048	[[[2169.       999.00006  937.44   ]]]
4049	[[[2167.8     1002.60004  940.08   ]]]
4050	[[[2167.8     1003.80005  940.44   ]]]
4051	[[[2169.      1005.00006  939.64   ]]]
4052	[[[2169.      1002.60004  940.2    ]]]
4053	[[[2166.6     1002.60004  940.2    ]]]
4054	[[[2167.8     1003.80005  940.2    ]]]
4055	[[[2171.4001  1003.80005  937.32   ]]]
4056	[[[2167.8     1001.4      933.92004]]]
4057	[[[2166.6     1002.60004  940.2    ]]]
4058	[[[2167.8     1002.60004  939.2    ]]]
4059	[[[2170.2002  1002.60004  940.6    ]]]
4060	[[[2167.8  1000.2   937.64]]]
4061	[[[2167.8     1003.80005  940.28   ]]]
4062	[[[2167.8     1002.60004  939.64   ]]]
4063	[[[2167.8     1003.80005  940.84   ]]]
4064	[[[2164.2002  1002.60004  937.     ]]]
4065	[[[2167.8 1000.2  937.4]]]
4066	[[[2167.8     1002.60004  950.84   ]]]
4067	[[[2167.8     1003.80005  941.28   ]]]
4068	[[[2171.4001  1005.00006  938.32   ]]]
4069	[[[2169.      1003.80005  940.28   ]]]
4070	[[[2167.8      999.00006  937.24   ]]]
4071	[[[2170.2002  1002.60004  941.6    ]]]
4072	[[[2167.8  1001.4   939.76]]]
4073	[[[2170.2002  1005.00006  938.12   ]]]
4074	[[[2167.8     1002.60004  940.76   ]]]
4075	[[[2167.8  1001.4   939.76]]]
4076	[[[2166.6  1001.4   940.76]]]
4077	[[[2167.8     1002.60004  940.76   ]]]
4078	[[[2166.6  1001.4   940.44]]]
4079	[[[2167.8  1001.4   933.84]]]
4080	[[[2166.6 1001.4  939.8]]]
4081	[[[2167.8  1001.4   939.96]]]
4082	[[[2169.   1001.4   939.96]]]
4083	[[[2170.2002 1000.2     940.84  ]]]
4084	[[[2167.8  1000.2   939.64]]]
4085	[[[2167.8  1000.2   939.52]]]
4086	[[[2167.8     1000.2      933.92004]]]
4087	[[[2169.   1000.2   939.76]]]
4088	[[[2167.8      999.00006  934.48   ]]]
4089	[[[2167.8      999.00006  933.84   ]]]
4090	[[[2167.8  1000.2   939.68]]]
4091	[[[2169.  1000.2  940.2]]]
4092	[[[2167.8     1000.2      941.16003]]]
4093	[[[2169.   1000.2   940.52]]]
4094	[[[2164.2002   999.00006  936.8    ]]]
4095	[[[2169.       999.00006  940.52   ]]]
4096	[[[2167.8      999.00006  940.2    ]]]
4097	[[[2167.8      999.00006  940.2    ]]]
4098	[[[2166.6      997.80005  939.88   ]]]
4099	[[[2166.6      999.00006  939.88   ]]]
4100	[[[2166.6      997.80005  939.56   ]]]
4101	[[[2167.8      999.00006  940.84   ]]]
4102	[[[2169.       997.80005  940.52   ]]]
4103	[[[2169.       999.00006  940.88   ]]]
4104	[[[2166.6      997.80005  939.52   ]]]
4105	[[[2169.       997.80005  940.2    ]]]
4106	[[[2166.6      997.80005  939.2    ]]]
4107	[[[2169.       997.80005  940.28   ]]]
4108	[[[2166.6      996.60004  950.76   ]]]
4109	[[[2167.8      997.80005  940.52   ]]]
4110	[[[2167.8      999.00006  940.84   ]]]
4111	[[[2169.       997.80005  941.04004]]]
4112	[[[2169.       997.80005  940.84   ]]]
4113	[[[2171.4001   999.00006  937.56   ]]]
4114	[[[2167.8      997.80005  940.52   ]]]
4115	[[[2167.8      997.80005  939.88   ]]]
4116	[[[2166.6      996.60004  939.96   ]]]
4117	[[[2167.8      997.80005  940.2    ]]]
4118	[[[2167.8      996.60004  939.52   ]]]
4119	[[[2167.8      996.60004  939.64   ]]]
4120	[[[2163.       996.60004  936.88   ]]]
4121	[[[2167.8      996.60004  939.6    ]]]
4122	[[[2167.8      993.00006  937.24   ]]]
4123	[[[2167.8      996.60004  940.2    ]]]
4124	[[[2167.8  995.4  934.6]]]
4125	[[[2167.8      996.60004  939.84   ]]]
4126	[[[2167.8   995.4   939.88]]]
4127	[[[2164.2002   996.60004  936.88   ]]]
4128	[[[2164.2002  995.4     936.8   ]]]
4129	[[[2167.8      996.60004  940.76   ]]]
4130	[[[2167.8   995.4   939.44]]]
4131	[[[2169.       996.60004  940.44   ]]]
4132	[[[2167.8      996.60004  940.44   ]]]
4133	[[[2167.8      996.60004  940.52   ]]]
4134	[[[2167.8      996.60004  940.08   ]]]
4135	[[[2166.6   995.4   939.76]]]
4136	[[[2167.8   995.4   939.12]]]
4137	[[[2166.6      996.60004  940.44   ]]]
4138	[[[2167.8      996.60004  940.76   ]]]
4139	[[[2166.6      996.60004  940.76   ]
  [1095.      1159.8      906.44   ]]]
4140	[[[2169.       999.00006  938.12   ]]]
4141	[[[2167.8   995.4   939.28]]]
4142	[[[2167.8      996.60004  940.84   ]]]
4143	[[[2166.6   994.2   939.44]]]
4144	[[[2166.6      996.60004  940.2    ]]]
4145	[[[2167.8   995.4   940.44]]]
4146	[[[2166.6  995.4  940. ]]]
4147	[[[2169.       999.00006  938.68   ]]]
4148	[[[2167.8   995.4   939.76]]]
4149	[[[2169.    995.4   940.76]]]
4150	[[[2167.8      996.60004  940.76   ]]]
4151	[[[2167.8   995.4   940.12]]]
4152	[[[2167.8      991.80005  937.12   ]]]
4153	[[[2169.    994.2   939.76]]]
4154	[[[2167.8  995.4  940.2]]]
4155	[[[2169.    994.2   939.56]]]
4156	[[[2167.8   994.2   933.84]]]
4157	[[[2169.   995.4  940. ]]]
4158	[[[2167.8   995.4   940.44]]]
4159	[[[2167.8  994.2  934.4]]]
4160	[[[2166.6   994.2   939.12]]]
4161	[[[2167.8   995.4   939.36]]]
4162	[[[2169.    994.2   940.12]]]
4163	[[[2166.6   995.4   940.76]]]
4164	[[[2164.2002  994.2     936.48  ]]]
4165	[[[2167.8   995.4   940.44]]]
4166	[[[2167.8   994.2   939.76]]]
4167	[[[2169.    994.2   940.44]]]
4168	[[[2167.8   994.2   939.76]]]
4169	[[[2167.8   994.2   939.88]]]
4170	[[[2170.2002  994.2     940.68  ]]]
4171	[[[2169.   994.2  940.2]]]
4172	[[[2169.       991.80005  941.2    ]]]
4173	[[[2167.8      996.60004  937.24   ]]]
4174	[[[2169.    994.2   939.56]]]
4175	[[[2167.8      990.60004  937.56   ]]]
4176	[[[2166.6   994.2   939.76]]]
4177	[[[2167.8  994.2  940.2]]]
4178	[[[2167.8      993.00006  933.6    ]]]
4179	[[[2166.6      993.00006  939.88   ]]]
4180	[[[2169.       993.00006  939.88   ]]]
4181	[[[2167.8      993.00006  939.2    ]]]
4182	[[[2169.       993.00006  940.2    ]]]
4183	[[[2167.8      993.00006  940.08   ]]]
4184	[[[2172.6  994.2  936.8]]]
4185	[[[2167.8   994.2   940.12]]]
4186	[[[2170.2002   993.00006  940.44   ]]]
4187	[[[2169.       993.00006  933.84   ]]]
4188	[[[2167.8      993.00006  940.44   ]]]
4189	[[[2169.       991.80005  933.84   ]]]
4190	[[[2167.8      993.00006  940.44   ]]]
4191	[[[2169.       993.00006  940.08   ]]]
4192	[[[2167.8      993.00006  939.68   ]]]
4193	[[[2169.    994.2   940.12]]]
4194	[[[2169.       993.00006  939.44   ]]]
4195	[[[2170.2002  994.2     939.68  ]]]
4196	[[[2170.2002   993.00006  940.44   ]]]
4197	[[[2170.2002  994.2     940.44  ]]]
4198	[[[2170.2002   993.00006  939.8    ]]]
4199	[[[2170.2002   993.00006  939.68   ]]]
4200	[[[2170.2002   991.80005  940.     ]]]
4201	[[[2169.       993.00006  940.28   ]]]
4202	[[[2169.       993.00006  940.2    ]]]
4203	[[[2170.2002   991.80005  934.16003]]]
4204	[[[2172.6  994.2  937.8]]]
4205	[[[2171.4001   991.80005  939.76   ]]]
4206	[[[2169.       991.80005  939.44   ]]]
4207	[[[2173.8      993.00006  937.12   ]]]
4208	[[[2170.2002   993.00006  940.12   ]]]
4209	[[[2172.6   994.2   937.88]]]
4210	[[[2170.2002   993.00006  940.2    ]]]
4211	[[[2170.2002  989.4     938.12  ]]]
4212	[[[2170.2002  989.4     938.12  ]]]
4213	[[[2169.       990.60004  939.12   ]]]
4214	[[[2170.2002   990.60004  939.76   ]]]
4215	[[[2171.4001   991.80005  940.44   ]]]
4216	[[[2170.2002   990.60004  939.12   ]]]
4217	[[[2170.2002   991.80005  940.44   ]]]
4218	[[[2169.       990.60004  939.76   ]]]
4219	[[[2169.       990.60004  940.44   ]]]
4220	[[[2170.2002   991.80005  940.32   ]]]
4221	[[[2169.   994.2  937.8]]]
4222	[[[2171.4001  988.2     941.44  ]]]
4223	[[[2170.2002   991.80005  940.44   ]]]
4224	[[[2170.2002   990.60004  939.36   ]]]
4225	[[[2171.4001   990.60004  939.04004]]]
4226	[[[2166.6      990.60004  937.04004]]]
4227	[[[2170.2002   991.80005  940.68   ]]]
4228	[[[2170.2002   993.00006  941.44   ]]]
4229	[[[2173.8      993.00006  937.8    ]]]
4230	[[[2170.2002   991.80005  940.36   ]]]
4231	[[[2170.2002   991.80005  939.52   ]]]
4232	[[[2171.4001  995.4     938.12  ]]]
4233	[[[2171.4001   993.00006  940.68   ]]]
4234	[[[2173.8  994.2  937.8]]]
4235	[[[2173.8      991.80005  936.48   ]]]
4236	[[[2173.8   994.2   938.12]]]
4237	[[[2170.2002  988.2     936.8   ]]]
4238	[[[2172.6   989.4   936.96]]]
4239	[[[2170.2002  994.2     941.44  ]]]
4240	[[[2170.2002   991.80005  939.68   ]]]
4241	[[[2171.4001   990.60004  941.     ]]]
4242	[[[2170.2002   991.80005  940.     ]]]
4243	[[[2170.2002   991.80005  940.     ]]]
4244	[[[2170.2002   993.00006  940.     ]]]
4245	[[[2175.       991.80005  937.12   ]]]
4246	[[[2172.6      993.00006  940.44   ]]]
4247	[[[2170.2002   991.80005  939.12   ]]]
4248	[[[2170.2002   991.80005  940.08   ]]]
4249	[[[2172.6      993.00006  940.44   ]]]
4250	[[[2171.4001   991.80005  933.84   ]]]
4251	[[[2171.4001   991.80005  939.68   ]]]
4252	[[[2172.6      993.00006  941.08   ]]]
4253	[[[2170.2002   991.80005  940.12   ]]]
4254	[[[2171.4001   993.00006  940.08   ]]]
4255	[[[2170.2002   991.80005  939.44   ]]]
4256	[[[2171.4001   991.80005  939.76   ]]]
4257	[[[2172.6      996.60004  938.8    ]]]
4258	[[[2167.8      993.00006  936.48   ]]]
4259	[[[2170.2002   993.00006  940.76   ]]]
4260	[[[2171.4001   993.00006  939.68   ]]]
4261	[[[2175.    994.2   937.56]]]
4262	[[[2172.6      993.00006  939.84   ]]]
4263	[[[2170.2002   993.00006  939.28   ]]]
4264	[[[2172.6      993.00006  940.2    ]]]
4265	[[[2170.2002  994.2     940.44  ]]]
4266	[[[2170.2002   993.00006  940.2    ]]]
4267	[[[2171.4001  994.2     940.84  ]]]
4268	[[[2170.2002   993.00006  939.88   ]]]
4269	[[[2175.    994.2   937.56]]]
4270	[[[2170.2002   993.00006  939.52   ]]]
4271	[[[2171.4001   991.80005  940.88   ]]]
4272	[[[2170.2002   991.80005  938.88   ]]]
4273	[[[2172.6   994.2   940.52]]]
4274	[[[2171.4001   993.00006  939.56   ]]]
4275	[[[2172.6   994.2   940.52]]]
4276	[[[2171.4001   993.00006  934.24   ]]]
4277	[[[2171.4001  995.4     940.52  ]]]
4278	[[[2171.4001   990.60004  937.     ]]]
4279	[[[2171.4001   990.60004  936.92004]]]
4280	[[[2171.4001  994.2     939.52  ]]]
4281	[[[2170.2002   993.00006  940.12   ]]]
4282	[[[2172.6   994.2   940.44]]]
4283	[[[2170.2002  994.2     939.88  ]]]
4284	[[[2172.6   995.4   940.52]]]
4285	[[[2172.6   994.2   939.88]]]
4286	[[[2176.2002  994.2     937.12  ]]]
4287	[[[2171.4001  994.2     939.2   ]]]
4288	[[[2170.2002  994.2     940.12  ]]]
4289	[[[2176.2002  995.4     937.12  ]]]
4290	[[[2173.8   994.2   940.12]]]
4291	[[[2170.2002  994.2     940.52  ]]]
4292	[[[2172.6   995.4   940.84]]]
4293	[[[2171.4001  995.4     940.84  ]]]
4294	[[[2171.4001  994.2     939.52  ]]]
4295	[[[2171.4001   993.00006  939.52   ]]]
4296	[[[2172.6   994.2   939.52]]]
4297	[[[2172.6   995.4   940.44]]]
4298	[[[2172.6   994.2   940.52]]]
4299	[[[2172.6  994.2  939.8]]]
4300	[[[2176.2002   994.2      936.92004]]]
4301	[[[2171.4001   993.00006  939.12   ]]]
4302	[[[2172.6      993.00006  939.52   ]]]
4303	[[[2171.4001  994.2     939.8   ]]]
4304	[[[2171.4001  994.2     940.2   ]]]
4305	[[[2172.6      993.00006  938.88   ]]]
4306	[[[2171.4001  994.2     940.2   ]]]
4307	[[[2171.4001   993.00006  939.12   ]]]
4308	[[[2171.4001   993.00006  939.12   ]]]
4309	[[[2173.8      993.00006  939.44   ]]]
4310	[[[2173.8      991.80005  940.76   ]]]
4311	[[[2173.8      993.00006  939.52   ]]]
4312	[[[2175.       996.60004  938.2    ]]]
4313	[[[2173.8      993.00006  939.44   ]]]
4314	[[[2172.6  994.2  940.2]]]
4315	[[[2172.6  989.4  936.8]]]
4316	[[[2172.6   994.2   940.44]]]
4317	[[[2173.8      991.80005  933.92004]]]
4318	[[[2172.6   994.2   941.08]]]
4319	[[[2173.8      993.00006  940.2    ]]]
4320	[[[2172.6   995.4   937.48]]]
4321	[[[2172.6      991.80005  938.96   ]]]
4322	[[[2175.       993.00006  940.84   ]]]
4323	[[[2175.       991.80005  940.52   ]]]
4324	[[[2173.8      991.80005  939.44   ]]]
4325	[[[2173.8      993.00006  939.44   ]]]
4326	[[[2172.6      990.60004  938.88   ]]]
4327	[[[2173.8      991.80005  940.12   ]]]
4328	[[[2173.8      991.80005  940.12   ]]]
4329	[[[2172.6      990.60004  939.44   ]]]
4330	[[[2172.6      990.60004  939.44   ]]]
4331	[[[2172.6      991.80005  940.12   ]]]
4332	[[[2175.       991.80005  940.76   ]]]
4333	[[[2173.8      990.60004  938.8    ]]]
4334	[[[2172.6      990.60004  939.04004]]]
4335	[[[2177.4001   991.80005  937.04004]]]
4336	[[[2175.       991.80005  939.36   ]]]
4337	[[[2172.6      991.80005  940.36   ]]]
4338	[[[2175.       991.80005  939.76   ]]]
4339	[[[2173.8   988.2   937.36]]]
4340	[[[2173.8      991.80005  939.68   ]]]
4341	[[[2175.       991.80005  939.8    ]]]
4342	[[[2173.8      993.00006  941.     ]]]
4343	[[[2173.8  989.4  937.8]]]
4344	[[[2173.8      991.80005  939.76   ]]]
4345	[[[2173.8      991.80005  939.12   ]]]
4346	[[[2175.       990.60004  939.12   ]]]
4347	[[[2173.8      991.80005  940.76   ]]]
4348	[[[2173.8      991.80005  940.44   ]]]
4349	[[[2173.8      991.80005  940.52   ]]]
4350	[[[2173.8      990.60004  938.48   ]]]
4351	[[[2173.8      993.00006  940.76   ]]]
4352	[[[2173.8      991.80005  940.2    ]]]
4353	[[[2175.       990.60004  939.88   ]]]
4354	[[[2173.8      991.80005  939.44   ]]]
4355	[[[2175.       990.60004  939.56   ]]]
4356	[[[2175.    994.2   937.88]]]
4357	[[[2177.4001   993.00006  937.56   ]]]
4358	[[[2177.4001   991.80005  936.56   ]]]
4359	[[[2175.       991.80005  940.2    ]]]
4360	[[[2173.8      991.80005  940.52   ]]]
4361	[[[2175.       990.60004  939.2    ]]]
4362	[[[2175.       991.80005  939.44   ]]]
4363	[[[2172.6      990.60004  939.2    ]]]
4364	[[[2175.       990.60004  939.44   ]]]
4365	[[[2173.8      990.60004  938.8    ]]]
4366	[[[2172.6      991.80005  940.12   ]]]
4367	[[[2178.6      991.80005  936.8    ]]]
4368	[[[2175.   994.2  937.8]]]
4369	[[[2175.       990.60004  939.2    ]]]
4370	[[[2173.8      990.60004  939.12   ]]]
4371	[[[2178.6      990.60004  936.72003]]]
4372	[[[2173.8      989.4      933.16003]]]
4373	[[[2175.       990.60004  939.44   ]]]
4374	[[[2173.8      990.60004  939.8    ]]]
4375	[[[2175.    994.2   937.36]]]
4376	[[[2173.8      990.60004  939.12   ]]]
4377	[[[2173.8      990.60004  939.12   ]]]
4378	[[[2176.2002  994.2     938.44  ]]]
4379	[[[2175.       991.80005  939.68   ]]]
4380	[[[2177.4001   991.80005  936.96   ]]]
4381	[[[2173.8   989.4   933.28]]]
4382	[[[2172.6      990.60004  939.44   ]]]
4383	[[[2173.8      990.60004  939.12   ]]]
4384	[[[2177.4001   990.60004  936.8    ]]]
4385	[[[2173.8      991.80005  940.68   ]]]
4386	[[[2173.8      987.00006  937.04004]]]
4387	[[[2175.   989.4  940. ]]]
4388	[[[2173.8      989.4      939.04004]]]
4389	[[[2175.       990.60004  940.44   ]]]
4390	[[[2173.8      990.60004  940.68   ]]]
4391	[[[2173.8   989.4   938.68]]]
4392	[[[2170.2002  989.4     936.4   ]]]
4393	[[[2172.6   989.4   939.36]]]
4394	[[[2175.    989.4   939.68]]]
4395	[[[2176.2002   993.00006  938.2    ]]]
4396	[[[2175.       993.00006  938.12   ]]]
4397	[[[2173.8   988.2   933.84]]]
4398	[[[2173.8   988.2   938.36]]]
4399	[[[2173.8      987.00006  937.8    ]]]
4400	[[[2173.8  988.2  950. ]]]
4401	[[[2173.8      990.60004  939.8    ]]]
4402	[[[2173.8   988.2   938.76]]]
4403	[[[2173.8   988.2   938.44]]]
4404	[[[2175.    989.4   939.44]]]
4405	[[[2172.6   988.2   939.52]]]
4406	[[[2173.8      987.00006  940.52   ]]]
4407	[[[2172.6      984.60004  935.68   ]]]
4408	[[[2173.8   989.4   939.44]]]
4409	[[[2175.    988.2   939.56]]]
4410	[[[2173.8   988.2   939.44]]]
4411	[[[2173.8  988.2  950.2]]]
4412	[[[2175.    988.2   939.88]]]
4413	[[[2175.    989.4   939.44]]]
4414	[[[2172.6   988.2   939.56]]]
4415	[[[2172.6   988.2   938.88]]]
4416	[[[2177.4001  988.2     936.32  ]]]
4417	[[[2173.8   988.2   938.56]]]
4418	[[[2173.8      991.80005  937.56   ]]]
4419	[[[2175.    988.2   940.52]]]
4420	[[[2173.8   989.4   940.52]]]
4421	[[[2175.    989.4   939.88]]]
4422	[[[2172.6   988.2   939.52]]]
4423	[[[2177.4001   990.60004  937.56   ]]]
4424	[[[2176.2002   991.80005  938.56   ]]]
4425	[[[2176.2002  988.2     935.6   ]]]
4426	[[[2173.8   988.2   939.88]]]
4427	[[[2173.8      991.80005  937.44   ]]]
4428	[[[2175.    988.2   939.44]]]
4429	[[[2177.4001  989.4     936.24  ]]]
4430	[[[2175.    989.4   939.56]]]
4431	[[[2175.       990.60004  940.52   ]]]
4432	[[[2175.    989.4   940.44]]]
4433	[[[2173.8      990.60004  940.08   ]]]
4434	[[[2173.8      990.60004  940.12   ]]]
4435	[[[2175.       990.60004  940.44   ]]]
4436	[[[2172.6      990.60004  940.52   ]]]
4437	[[[2172.6      990.60004  939.76   ]]]
4438	[[[2172.6   989.4   939.36]]]
4439	[[[2173.8      991.80005  940.44   ]]]
4440	[[[2172.6      990.60004  940.12   ]]]
4441	[[[2171.4001   991.80005  935.92004]]]
4442	[[[2173.8      990.60004  939.2    ]]]
4443	[[[2175.       991.80005  940.08   ]]]
4444	[[[2175.       990.60004  940.12   ]]]
4445	[[[2175.       991.80005  939.44   ]]]
4446	[[[2175.       991.80005  939.44   ]]]
4447	[[[2172.6      991.80005  939.8    ]]]
4448	[[[2175.       991.80005  939.44   ]]]
4449	[[[2172.6      990.60004  939.76   ]]]
4450	[[[2175.       991.80005  940.12   ]]]
4451	[[[2173.8      991.80005  939.8    ]]]
4452	[[[2175.       991.80005  939.44   ]]]
4453	[[[2172.6      990.60004  939.36   ]]]
4454	[[[2170.2002   991.80005  936.48   ]]]
4455	[[[2175.       991.80005  939.44   ]]]
4456	[[[2172.6      991.80005  939.44   ]]]
4457	[[[2175.       993.00006  939.44   ]]]
4458	[[[2172.6      993.00006  940.12   ]]]
4459	[[[2172.6      993.00006  940.44   ]]]
4460	[[[2175.       993.00006  940.44   ]]]
4461	[[[2172.6      991.80005  939.68   ]]]
4462	[[[2173.8      991.80005  938.8    ]]]
4463	[[[2173.8      996.60004  937.44   ]]]
4464	[[[2172.6      993.00006  939.44   ]]]
4465	[[[2173.8      991.80005  938.44   ]]]
4466	[[[2173.8      989.4      936.72003]]]
4467	[[[2170.2002   993.00006  936.56   ]]]
4468	[[[2173.8   994.2   940.76]]]
4469	[[[2172.6   994.2   939.76]]]
4470	[[[2170.2002   993.00006  936.48   ]]]
4471	[[[2172.6      991.80005  939.32   ]]]
4472	[[[2177.4001  994.2     937.2   ]]]
4473	[[[2172.6      993.00006  939.32   ]]]
4474	[[[2173.8   994.2   940.28]]]
4475	[[[2173.8  994.2  939.2]]]
4476	[[[2173.8  995.4  941.2]]]
4477	[[[2175.   995.4  940.2]]]
4478	[[[2175.    994.2   939.88]]]
4479	[[[2175.    995.4   939.52]]]
4480	[[[2175.    994.2   940.28]]]
4481	[[[2175.       997.80005  937.88   ]]]
4482	[[[2175.    995.4   940.28]]]
4483	[[[2173.8  994.2  939.2]]]
4484	[[[2172.6  994.2  940.2]]]
4485	[[[2177.4001   996.60004  937.88   ]]]
4486	[[[2175.       994.2      933.92004]]]
4487	[[[2173.8   995.4   939.88]]]
4488	[[[2175.    994.2   938.88]]]
4489	[[[2173.8   994.2   938.52]]]
4490	[[[2175.    995.4   939.12]]]
4491	[[[2173.8   994.2   939.52]]]
4492	[[[2175.    995.4   939.52]]]
4493	[[[2175.    994.2   939.52]]]
4494	[[[2170.2002  994.2     936.32  ]]]
4495	[[[2178.6   995.4   936.88]]]
4496	[[[2173.8   995.4   939.56]]]
4497	[[[2175.    995.4   938.88]]]
4498	[[[2173.8   995.4   939.52]]]
4499	[[[2175.    995.4   938.96]]]
4500	[[[2175.    995.4   939.88]]]
4501	[[[2173.8   994.2   933.12]]]
4502	[[[2176.2002  995.4     940.48  ]]]
4503	[[[2177.4001   996.60004  936.08   ]]]
4504	[[[2173.8      993.00006  936.64   ]]]
4505	[[[2176.2002   996.60004  940.2    ]]]
4506	[[[2175.       997.80005  940.2    ]]]
4507	[[[2173.8      996.60004  939.96   ]]]
4508	[[[2173.8      996.60004  939.28   ]]]
4509	[[[2173.8      997.80005  940.28   ]]]
4510	[[[2173.8      996.60004  938.96   ]]]
4511	[[[2176.2002   996.60004  940.28   ]]]
4512	[[[2175.    995.4   940.52]]]
4513	[[[2170.2002   996.60004  936.32   ]]]
4514	[[[2170.2002   996.60004  935.88   ]]]
4515	[[[2175.       996.60004  939.28   ]]]
4516	[[[2173.8      996.60004  933.36   ]]]
4517	[[[2172.6      997.80005  939.52   ]]]
4518	[[[2172.6      997.80005  939.96   ]]]
4519	[[[2177.4001   999.00006  937.     ]]]
4520	[[[2172.6      997.80005  939.32   ]]]
4521	[[[2172.6      997.80005  939.96   ]]]
4522	[[[2173.8      996.60004  933.12   ]]]
4523	[[[2173.8      997.80005  940.28   ]]]
4524	[[[2177.4001   999.00006  936.76   ]]]
4525	[[[2173.8      997.80005  940.04004]]]
4526	[[[2173.8      997.80005  939.72003]]]
4527	[[[2173.8      996.60004  933.12   ]]]
4528	[[[2176.2002   999.00006  937.08   ]]]
4529	[[[2172.6      996.60004  933.12   ]]]
4530	[[[2173.8      999.00006  939.64   ]]]
4531	[[[2172.6      997.80005  939.48   ]]]
4532	[[[2172.6      999.00006  940.36   ]]]
4533	[[[2172.6      997.80005  938.4    ]]]
4534	[[[2175.      1001.4      937.72003]]]
4535	[[[2172.6      999.00006  940.04004]]]
4536	[[[2176.2002 1000.2     937.4   ]]]
4537	[[[2172.6      997.80005  939.36   ]]]
4538	[[[2173.8      997.80005  939.4    ]]]
4539	[[[2172.6      996.60004  938.08   ]]]
4540	[[[2171.4001   999.00006  940.04004]]]
4541	[[[2173.8      997.80005  940.04004]]]
4542	[[[2173.8      999.00006  939.36   ]]]
4543	[[[2172.6      997.80005  933.2    ]]]
4544	[[[2176.2002   999.00006  936.52   ]]]
4545	[[[2172.6      997.80005  933.44   ]]]
4546	[[[2172.6      999.00006  939.4    ]]]
4547	[[[2173.8      999.00006  940.4    ]]]
4548	[[[2173.8      997.80005  939.6    ]]]
4549	[[[2171.4001   997.80005  938.72003]]]
4550	[[[2169.       999.00006  935.76   ]]]
4551	[[[2171.4001 1000.2     940.36  ]]]
4552	[[[2171.4001   997.80005  939.16003]]]
4553	[[[2171.4001   999.00006  939.8    ]]]
4554	[[[2171.4001   999.00006  939.72003]]]
4555	[[[2176.2002   999.00006  936.83997]]]
4556	[[[2172.6      999.00006  938.83997]]]
4557	[[[2171.4001   999.00006  938.8    ]]]
4558	[[[2176.2002   999.00006  936.83997]]]
4559	[[[2172.6      999.00006  939.48   ]]]
4560	[[[2172.6      997.80005  939.28   ]]]
4561	[[[2172.6      999.00006  939.8    ]]]
4562	[[[2171.4001   999.00006  939.8    ]]]
4563	[[[2171.4001   999.00006  940.04004]]]
4564	[[[2172.6      999.00006  939.72003]]]
4565	[[[2173.8      997.80005  939.72003]]]
4566	[[[2173.8      997.80005  939.4    ]]]
4567	[[[2172.6      997.80005  939.16003]]]
4568	[[[2172.6      999.00006  940.44   ]]]
4569	[[[2173.8      997.80005  939.04004]]]
4570	[[[2175.  1001.4  938.4]]]
4571	[[[2172.6      999.00006  940.8    ]]]
4572	[[[2172.6      996.60004  938.83997]]]
4573	[[[2173.8      999.00006  939.8    ]]]
4574	[[[2172.6      999.00006  940.48   ]]]
4575	[[[2175.       996.60004  939.8    ]]]
4576	[[[2172.6      996.60004  939.48   ]]]
4577	[[[2172.6      996.60004  933.2    ]]]
4578	[[[2170.2002   997.80005  936.16003]]]
4579	[[[2176.2002   997.80005  936.2    ]]]
4580	[[[2172.6      997.80005  939.48   ]]]
4581	[[[2173.8      997.80005  939.8    ]]]
4582	[[[2173.8      997.80005  939.48   ]]]
4583	[[[2172.6      997.80005  938.72003]]]
4584	[[[2173.8      997.80005  939.72003]]]
4585	[[[2173.8      999.00006  940.16003]]]
4586	[[[2173.8      997.80005  939.72003]]]
4587	[[[2171.4001   996.60004  939.16003]]]
4588	[[[2172.6      996.60004  933.2    ]]]
4589	[[[2172.6      999.00006  939.72003]]]
4590	[[[2176.2002   999.00006  937.08   ]]]
4591	[[[2176.2002   997.80005  936.16003]]]
4592	[[[2172.6      997.80005  939.48   ]]]
4593	[[[2173.8      997.80005  939.72003]]]
4594	[[[2172.6      993.00006  936.2    ]]]
4595	[[[2171.4001   997.80005  939.56   ]]]
4596	[[[2173.8      997.80005  939.72003]]]
4597	[[[2171.4001   999.00006  941.12   ]]]
4598	[[[2172.6      997.80005  939.16003]]]
4599	[[[2171.4001   996.60004  939.16003]]]
4600	[[[2172.6      996.60004  933.2    ]]]
4601	[[[2173.8      996.60004  939.48   ]]]
4602	[[[2171.4001   996.60004  933.2    ]]]
4603	[[[2171.4001   996.60004  938.72003]]]
4604	[[[2172.6      996.60004  933.2    ]]]
4605	[[[2173.8      996.60004  939.8    ]]]
4606	[[[2172.6      996.60004  938.8    ]]]
4607	[[[2172.6 1000.2  937.4]]]
4608	[[[2171.4001   997.80005  939.48   ]]]
4609	[[[2172.6      997.80005  940.04004]]]
4610	[[[2173.8      996.60004  940.48   ]]]
4611	[[[2172.6      997.80005  939.8    ]]]
4612	[[[2175.       999.00006  937.48   ]]]
4613	[[[2172.6      997.80005  940.48   ]]]
4614	[[[2172.6      997.80005  939.16003]]]
4615	[[[2171.4001  995.4     933.2   ]]]
4616	[[[2171.4001   995.4      938.72003]]]
4617	[[[2171.4001   995.4      949.72003]]]
4618	[[[2175.       997.80005  937.08   ]]]
4619	[[[2171.4001   997.80005  940.04004]]]
4620	[[[2175.       996.60004  936.     ]]]
4621	[[[2171.4001   995.4      939.16003]]]
4622	[[[2171.4001  995.4     933.12  ]]]
4623	[[[2170.2002   996.60004  939.72003]]]
4624	[[[2171.4001  995.4     949.96  ]]]
4625	[[[2165.4001   999.00006  944.76   ]]]
4626	[[[2171.4001  995.4     933.76  ]]]
4627	[[[2171.4001   996.60004  939.4    ]]]
4628	[[[2171.4001   996.60004  939.96   ]]]
4629	[[[2175.       997.80005  936.76   ]]]
4630	[[[2171.4001   996.60004  939.36   ]]]
4631	[[[2171.4001   996.60004  939.16003]]]
4632	[[[2171.4001   993.00006  935.83997]]]
4633	[[[2170.2002   996.60004  939.04004]]]
4634	[[[2170.2002   996.60004  939.36   ]]]
4635	[[[2171.4001   996.60004  939.72003]]]
4636	[[[2171.4001   996.60004  938.83997]]]
4637	[[[2171.4001   996.60004  939.72003]]]
4638	[[[2171.4001   997.80005  939.08   ]]]
4639	[[[2169.       996.60004  939.4    ]]]
4640	[[[2171.4001   999.00006  939.16003]]]
4641	[[[2172.6      997.80005  940.36   ]]]
4642	[[[2170.2002   997.80005  939.72003]]]
4643	[[[2171.4001   996.60004  939.36   ]]]
4644	[[[2169.       997.80005  939.72003]]]
4645	[[[2170.2002   996.60004  949.6    ]]]
4646	[[[2173.8      997.80005  935.83997]]]
4647	[[[2170.2002   996.60004  938.72003]]]
4648	[[[2170.2002   999.00006  939.4    ]]]
4649	[[[2170.2002  994.2     936.32  ]]]
4650	[[[2171.4001   997.80005  938.96   ]]]
4651	[[[2170.2002   996.60004  933.2    ]]]
4652	[[[2170.2002  994.2     936.08  ]]]
4653	[[[2171.4001   997.80005  940.04004]]]
4654	[[[2170.2002   999.00006  939.4    ]]]
4655	[[[2170.2002   997.80005  938.72003]]]
4656	[[[2169.       997.80005  938.72003]]]
4657	[[[2170.2002   997.80005  938.48   ]]]
4658	[[[2170.2002   999.00006  940.04004]]]
4659	[[[2169.       997.80005  938.8    ]]]
4660	[[[2170.2002   997.80005  939.04004]]]
4661	[[[2171.4001   997.80005  938.72003]]]
4662	[[[2166.6      999.00006  935.52   ]]]
4663	[[[2169.       999.00006  938.83997]]]
4664	[[[2171.4001   997.80005  939.48   ]]]
4665	[[[2170.2002   997.80005  938.8    ]]]
4666	[[[2171.4001   999.00006  939.48   ]]]
4667	[[[2170.2002   997.80005  939.12   ]]]
4668	[[[2167.8      997.80005  939.48   ]]]
4669	[[[2169.       999.00006  940.12   ]]]
4670	[[[2169.       999.00006  940.12   ]
  [1115.4     1029.       974.44   ]]]
4671	[[[2169.       999.00006  939.24   ]]]
4672	[[[2170.2002   999.00006  939.92004]]]
4673	[[[2169.       999.00006  939.24   ]]]
4674	[[[2170.2002   999.00006  939.92004]]]
4675	[[[2169.       997.80005  938.56   ]]]
4676	[[[2169.       997.80005  938.56   ]]]
4677	[[[2170.2002   999.00006  939.48   ]]]
4678	[[[2169.       997.80005  938.16003]
  [ 964.2     1057.8      787.68   ]]]
4679	[[[2170.2002   997.80005  938.48   ]]]
4680	[[[2172.6  1000.2   937.08]]]
4681	[[[2171.4001   997.80005  939.24   ]]]
4682	[[[2169.       997.80005  938.56   ]]]
4683	[[[2169.       997.80005  938.24   ]]]
4684	[[[2167.8      999.00006  939.16003]]]
4685	[[[2169.       997.80005  932.8    ]]]
4686	[[[2170.2002   999.00006  939.04004]]]
4687	[[[2169.       999.00006  938.64   ]]]
4688	[[[2169.  1000.2  939.4]]]
4689	[[[2169.       997.80005  938.16003]]]
4690	[[[2169.      1000.2      940.04004]]]
4691	[[[2167.8      999.00006  939.04004]]]
4692	[[[2170.2002   997.80005  939.16003]]]
4693	[[[2169.    995.4   936.08]]]
4694	[[[2167.8      999.00006  939.08   ]]]
4695	[[[2169.   1000.2   939.36]]]
4696	[[[2170.2002   999.00006  939.04004]]]
4697	[[[2170.2002   999.00006  938.8    ]]]
4698	[[[2170.2002   999.00006  938.72003]]]
4699	[[[2169.       999.00006  939.04004]]]
4700	[[[2170.2002   999.00006  938.4    ]]]
4701	[[[2169.       999.00006  938.4    ]]]
4702	[[[2170.2002  1000.2      939.04004]]]
4703	[[[2170.2002   999.00006  938.64   ]]]
4704	[[[2169.   1000.2   939.08]]]
4705	[[[2169.  1000.2  938.4]]]
4706	[[[2169.       999.00006  938.16003]]]
4707	[[[2169.       999.00006  938.4    ]]]
4708	[[[2170.2002 1001.4     939.4   ]]]
4709	[[[2167.8     1000.2      939.04004]]]
4710	[[[2169.       999.00006  937.96   ]]]
4711	[[[2169.  1001.4  939.4]]]
4712	[[[2170.2002 1000.2     938.48  ]]]
4713	[[[2169.  1001.4  938.8]]]
4714	[[[2170.2002 1000.2     938.48  ]]]
4715	[[[2169.   1000.2   949.28]]]
4716	[[[2171.4001  1000.2      939.04004]]]
4717	[[[2169.   1000.2   938.08]]]
4718	[[[2169.       997.80005  935.44   ]]]
4719	[[[2170.2002  1001.4      939.04004]]]
4720	[[[2172.6     1003.80005  936.72003]]]
4721	[[[2170.2002 1001.4     938.96  ]]]
4722	[[[2169.      1002.60004  939.04004]]]
4723	[[[2169.       999.00006  936.32   ]]]
4724	[[[2172.6     1002.60004  935.76   ]]]
4725	[[[2169.   1000.2   932.36]]]
4726	[[[2169.  1001.4  938.2]]]
4727	[[[2169.      1002.60004  939.28   ]]]
4728	[[[2170.2002  1002.60004  939.28   ]]]
4729	[[[2169.   1001.4   938.32]]]
4730	[[[2165.4001 1001.4     935.24  ]]]
4731	[[[2169.      1000.2      931.72003]]]
4732	[[[2169.      1002.60004  939.52   ]]]
4733	[[[2171.4001 1001.4     938.96  ]]]
4734	[[[2171.4001 1000.2     938.52  ]]]
4735	[[[2170.2002  1002.60004  938.88   ]]]
4736	[[[2169.       997.80005  935.24   ]]]
4737	[[[2171.4001 1001.4     938.88  ]]]
4738	[[[2170.2002 1006.2     936.88  ]]]
4739	[[[2169.      1003.80005  939.52   ]]]
4740	[[[2169.      1002.60004  939.44   ]]]
4741	[[[2171.4001 1001.4     939.28  ]]]
4742	[[[2170.2002  1002.60004  938.64   ]]]
4743	[[[2170.2002  1002.60004  938.96   ]]]
4744	[[[2169.      1001.4      932.72003]]]
4745	[[[2167.8  1001.4   938.96]]]
4746	[[[2169.   1001.4   937.88]]]
4747	[[[2170.2002 1001.4     938.64  ]]]
4748	[[[2169.  1001.4  949.2]]]
4749	[[[2169.   1001.4   949.08]]]
4750	[[[2169.      1002.60004  938.88   ]]]
4751	[[[2170.2002 1001.4     938.2   ]]]
4752	[[[2169.      1003.80005  939.2    ]]]
4753	[[[2173.8     1002.60004  936.     ]]]
4754	[[[2170.2002 1001.4     938.32  ]]]
4755	[[[2170.2002 1001.4     938.44  ]]]
4756	[[[2169.      1002.60004  938.44   ]]]
4757	[[[2167.8     1002.60004  938.64   ]]]
4758	[[[2167.8  1001.4   938.24]]]
4759	[[[2172.6     1002.60004  935.32   ]]]
4760	[[[2167.8     1002.60004  938.72003]]]
4761	[[[2170.2002  1002.60004  938.64   ]]]
4762	[[[2167.8  1001.4   938.08]]]
4763	[[[2167.8     1002.60004  938.72003]]]
4764	[[[2170.2002 1006.2     936.76  ]]]
4765	[[[2169.      1002.60004  938.72003]]]
4766	[[[2169.       999.00006  935.44   ]]]
4767	[[[2169.      1002.60004  938.72003]]]
4768	[[[2170.2002  1003.80005  938.96   ]]]
4769	[[[2172.6     1005.00006  936.32   ]]]
4770	[[[2171.4001  1002.60004  939.4    ]]]
4771	[[[2170.2002  1003.80005  939.4    ]]]
4772	[[[2170.2002  1002.60004  939.04004]]]
4773	[[[2171.4001  1006.2      937.16003]]]
4774	[[[2167.8     1002.60004  938.96   ]]]
4775	[[[2169.      1002.60004  938.32   ]]]
4776	[[[2167.8 1006.2  936. ]]]
4777	[[[2172.6     1005.00006  936.32   ]]]
4778	[[[2169.      1003.80005  938.32   ]]]
4779	[[[2170.2002  1002.60004  932.68   ]]]
4780	[[[2169.      1003.80005  939.4    ]]]
4781	[[[2169.      1002.60004  938.28   ]]]
4782	[[[2169.      1003.80005  938.96   ]]]
4783	[[[2170.2002  1003.80005  939.28   ]]]
4784	[[[2170.2002  1002.60004  938.64   ]]]
4785	[[[2169.      1002.60004  937.56   ]]]
4786	[[[2170.2002  1005.00006  938.88   ]]]
4787	[[[2170.2002  1003.80005  939.08   ]]]
4788	[[[2169.      1003.80005  938.2    ]]]
4789	[[[2170.2002  1002.60004  938.52   ]]]
4790	[[[2169.      1003.80005  938.96   ]]]
4791	[[[2169.      1003.80005  938.12   ]]]
4792	[[[2169.      1003.80005  938.12   ]]]
4793	[[[2170.2002  1005.00006  938.8    ]]]
4794	[[[2170.2002  1005.00006  939.44   ]]]
4795	[[[2169.      1003.80005  939.12   ]]]
4796	[[[2169.      1002.60004  938.12   ]]]
4797	[[[2173.8     1005.00006  936.12   ]]]
4798	[[[2169.      1002.60004  932.52   ]]]
4799	[[[2170.2002  1005.00006  938.88   ]]]
4800	[[[2170.2002  1005.00006  939.2    ]]]
4801	[[[2170.2002  1003.80005  933.12   ]]]
4802	[[[2169.      1002.60004  937.08   ]]]
4803	[[[2172.6     1003.80005  934.68   ]]]
4804	[[[2170.2002 1006.2     939.28  ]]]
4805	[[[2169.      1005.00006  938.32   ]]]
4806	[[[2169.   1006.2   938.88]]]
4807	[[[2169.      1002.60004  936.56   ]]]
4808	[[[2170.2002  1008.60004  937.32   ]]]
4809	[[[2169.      1005.00006  933.04004]]]
4810	[[[2167.8     1005.00006  938.64   ]]]
4811	[[[2170.2002  1005.00006  938.96   ]]]
4812	[[[2170.2002  1003.80005  933.04004]]]
4813	[[[2169.      1005.00006  937.96   ]]]
4814	[[[2172.6  1007.4   936.96]]]
4815	[[[2170.2002 1006.2     939.28  ]]]
4816	[[[2167.8     1005.00006  939.64   ]]]
4817	[[[2170.2002 1006.2     938.64  ]]]
4818	[[[2169.   1007.4   939.88]]]
4819	[[[2170.2002 1006.2     938.96  ]]]
4820	[[[2167.8     1008.60004  936.56   ]]]
4821	[[[2170.2002  1005.00006  938.88   ]]]
4822	[[[2170.2002 1006.2     939.28  ]]]
4823	[[[2169.   1007.4   939.96]]]
4824	[[[2169.   1006.2   939.52]]]
4825	[[[2172.6  1006.2   935.24]]]
4826	[[[2170.2002 1007.4     939.88  ]]]
4827	[[[2170.2002  1006.2      932.92004]]]
4828	[[[2170.2002 1007.4     939.44  ]]]
4829	[[[2169.  1007.4  939.2]]]
4830	[[[2172.6     1009.80005  937.8    ]]]
4831	[[[2170.2002 1006.2     938.08  ]]]
4832	[[[2170.2002 1007.4     939.96  ]]]
4833	[[[2170.2002 1006.2     938.2   ]]]
4834	[[[2171.4001 1007.4     939.2   ]]]
4835	[[[2170.2002 1006.2     938.2   ]]]
4836	[[[2173.8 1007.4  935.8]]]
4837	[[[2170.2002 1007.4     939.2   ]]]
4838	[[[2170.2002  1003.80005  936.24   ]]]
4839	[[[2170.2002  1008.60004  939.76   ]]]
4840	[[[2169.   1007.4   938.56]]]
4841	[[[2171.4001 1007.4     939.44  ]]]
4842	[[[2170.2002  1008.60004  939.12   ]]]
4843	[[[2170.2002 1006.2     937.56  ]]]
4844	[[[2171.4001  1008.60004  939.2    ]]]
4845	[[[2170.2002 1007.4     938.88  ]]]
4846	[[[2171.4001  1009.80005  939.52   ]]]
4847	[[[2170.2002  1008.60004  939.44   ]]]
4848	[[[2170.2002  1008.60004  938.44   ]]]
4849	[[[2171.4001  1012.2      936.92004]]]
4850	[[[2171.4001  1009.80005  940.2    ]]]
4851	[[[2170.2002  1008.60004  938.76   ]]]
4852	[[[2170.2002  1008.60004  939.2    ]]]
4853	[[[2170.2002  1008.60004  938.12   ]]]
4854	[[[2171.4001  1008.60004  933.6    ]]]
4855	[[[2171.4001  1009.80005  939.2    ]]]
4856	[[[2171.4001  1011.00006  939.44   ]]]
4857	[[[2175.      1009.80005  936.48   ]]]
4858	[[[2171.4001  1008.60004  933.52   ]]]
4859	[[[2171.4001  1009.80005  938.44   ]]]
4860	[[[2170.2002  1009.80005  938.6    ]]]
4861	[[[2170.2002  1009.80005  938.88   ]]]
4862	[[[2170.2002  1011.00006  940.24   ]]]
4863	[[[2170.2002  1011.00006  939.8    ]]]
4864	[[[2172.6     1011.00006  939.12   ]]]
4865	[[[2172.6     1011.00006  939.36   ]]]
4866	[[[2172.6     1014.60004  937.68   ]]]
4867	[[[2175.   1012.2   936.48]]]
4868	[[[2171.4001 1007.4     936.08  ]]]
4869	[[[2172.6     1011.00006  940.04004]]]
4870	[[[2172.6     1014.60004  937.8    ]]]
4871	[[[2167.8     1011.00006  936.16003]]]
4872	[[[2170.2002  1011.00006  938.8    ]]]
4873	[[[2172.6  1012.2   939.76]]]
4874	[[[2170.2002  1009.80005  938.36   ]]]
4875	[[[2171.4001  1012.2      940.16003]]]
4876	[[[2171.4001 1012.2     940.36  ]]]
4877	[[[2171.4001  1015.80005  937.44   ]]]
4878	[[[2171.4001  1008.60004  936.8    ]]]
4879	[[[2172.6 1012.2  940.2]]]
4880	[[[2173.8  1012.2   935.24]]]
4881	[[[2170.2002 1012.2     939.2   ]]]
4882	[[[2170.2002 1012.2     938.56  ]]]
4883	[[[2170.2002 1012.2     938.88  ]]]
4884	[[[2173.8     1014.60004  937.2    ]]]
4885	[[[2171.4001 1012.2     938.64  ]]]
4886	[[[2170.2002 1013.4     939.44  ]]]
4887	[[[2170.2002 1013.4     939.52  ]]]
4888	[[[2170.2002 1012.2     938.88  ]]]
4889	[[[2171.4001 1013.4     939.76  ]]]
4890	[[[2171.4001 1013.4     940.12  ]]]
4891	[[[2171.4001 1013.4     939.28  ]]]
4892	[[[2169.   1012.2   938.32]]]
4893	[[[2172.6  1013.4   940.28]]]
4894	[[[2170.2002  1015.80005  940.52   ]]]
4895	[[[2173.8     1015.80005  937.24   ]]]
4896	[[[2169.      1014.60004  939.52   ]]]
4897	[[[2169.      1014.60004  939.88   ]]]
4898	[[[2171.4001 1013.4     939.44  ]]]
4899	[[[2173.8     1015.80005  937.16003]]]
4900	[[[2170.2002 1013.4     933.4   ]]]
4901	[[[2173.8     1017.00006  937.36   ]]]
4902	[[[2170.2002  1015.80005  939.36   ]]]
4903	[[[2166.6     1014.60004  935.72003]]]
4904	[[[2173.8     1017.00006  937.04004]]]
4905	[[[2166.6     1014.60004  936.48   ]]]
4906	[[[2171.4001  1015.80005  939.76   ]]]
4907	[[[2170.2002  1015.80005  939.44   ]]]
4908	[[[2170.2002  1014.60004  938.12   ]]]
4909	[[[2173.8     1014.60004  935.72003]]]
4910	[[[2171.4001  1015.80005  939.04004]]]
4911	[[[2171.4001  1015.80005  939.84   ]]]
4912	[[[2170.2002  1017.00006  940.68   ]]]
4913	[[[2173.8     1014.60004  709.6    ]]]
4914	[[[2170.2002  1017.00006  939.36   ]]]
4915	[[[2170.2002  1014.60004  949.6    ]]]
4916	[[[2170.2002  1015.80005  938.6    ]]]
4917	[[[2171.4001  1017.00006  940.04004]]]
4918	[[[2171.4001 1018.2     939.36  ]]]
4919	[[[2169.      1017.00006  940.36   ]]]
4920	[[[2172.6  1019.4   937.28]]]
4921	[[[2170.2002 1019.4     937.24  ]]]
4922	[[[2170.2002  1017.00006  939.12   ]]]
4923	[[[2173.8  1018.2   937.44]]]
4924	[[[2170.2002  1015.80005  938.56   ]]]
4925	[[[2170.2002 1018.2     940.    ]]]
4926	[[[2169.      1017.00006  939.8    ]]]
4927	[[[2171.4001  1020.60004  937.72003]]]
4928	[[[2171.4001  1017.00006  939.36   ]]]
4929	[[[2171.4001  1017.00006  939.04004]]]
4930	[[[2171.4001  1017.00006  939.36   ]]]
4931	[[[2170.2002  1017.00006  939.36   ]]]
4932	[[[2171.4001 1013.4     936.28  ]]]
4933	[[[2170.2002  1018.2      939.92004]]]
4934	[[[2170.2002  1020.60004  937.28   ]]]
4935	[[[2172.6     1017.00006  939.24   ]]]
4936	[[[2172.6     1017.00006  939.28   ]]]
4937	[[[2171.4001  1017.00006  934.08   ]]]
4938	[[[2170.2002 1018.2     939.68  ]]]
4939	[[[2171.4001  1018.2      939.04004]]]
4940	[[[2170.2002 1018.2     939.36  ]]]
4941	[[[2171.4001  1017.00006  933.52   ]]]
4942	[[[2170.2002 1018.2     939.76  ]]]
4943	[[[2170.2002 1018.2     939.44  ]]]
4944	[[[2170.2002  1018.2      939.04004]]]
4945	[[[2170.2002  1018.2      940.04004]]]
4946	[[[2170.2002  1017.00006  939.     ]]]
4947	[[[2170.2002 1018.2     939.68  ]]]
4948	[[[2171.4001 1018.2     939.6   ]]]
4949	[[[2170.2002  1017.00006  939.04004]]]
4950	[[[2170.2002 1018.2     939.36  ]]]
4951	[[[2171.4001 1019.4     940.08  ]]]
4952	[[[2170.2002 1018.2     939.8   ]]]
4953	[[[2173.8     1020.60004  937.88   ]]]
4954	[[[2170.2002  1017.00006  938.8    ]]]
4955	[[[2173.8     1018.2      936.04004]]]
4956	[[[2171.4001  1018.2      938.92004]]]
4957	[[[2173.8  1018.2   935.64]]]
4958	[[[2173.8  1018.2   705.48]]]
4959	[[[2170.2002 1019.4     939.68  ]]]
4960	[[[2172.6 1018.2  940. ]]]
4961	[[[2171.4001  1017.00006  941.     ]]]
4962	[[[2170.2002 1018.2     939.44  ]]]
4963	[[[2171.4001 1019.4     939.44  ]]]
4964	[[[2170.2002 1019.4     939.88  ]]]
4965	[[[2172.6 1018.2  940.2]]]
4966	[[[2170.2002 1019.4     940.44  ]]]
4967	[[[2170.2002 1018.2     938.68  ]]]
4968	[[[2170.2002  1020.60004  940.6    ]]]
4969	[[[2171.4001  1020.60004  939.68   ]]]
4970	[[[2171.4001  1020.60004  939.88   ]]]
4971	[[[2170.2002  1017.00006  937.88   ]]]
4972	[[[2171.4001  1015.80005  936.56   ]]]
4973	[[[2170.2002  1019.4      938.92004]]]
4974	[[[2173.8 1019.4  937.2]]]
4975	[[[2173.8  1019.4   936.88]]]
4976	[[[2170.2002 1019.4     940.2   ]]]
4977	[[[2170.2002  1020.60004  940.2    ]]]
4978	[[[2169.   1019.4   939.76]]]
4979	[[[2169.      1021.80005  937.12   ]]]
4980	[[[2170.2002 1019.4     940.    ]]]
4981	[[[2170.2002 1018.2     939.48  ]]]
4982	[[[2170.2002 1019.4     939.6   ]]]
4983	[[[2172.6  1018.2   936.32]]]
4984	[[[2169.      1018.2      939.92004]]]
4985	[[[2169.      1015.80005  937.84   ]]]
4986	[[[2171.4001  1021.80005  938.76   ]]]
4987	[[[2170.2002 1019.4     940.12  ]]]
4988	[[[2169.      1017.00006  939.52   ]]]
4989	[[[2169.   1018.2   939.68]]]
4990	[[[2169.      1017.00006  939.92004]]]
4991	[[[2167.8     1017.00006  939.68   ]]]
4992	[[[2167.8     1017.00006  940.12   ]]]
4993	[[[2169.      1017.00006  933.84   ]]]
4994	[[[2169.      1020.60004  938.04004]]]
4995	[[[2172.6     1017.00006  937.12   ]]]
4996	[[[2169.      1015.80005  939.     ]]]
4997	[[[2170.2002  1015.80005  940.44   ]]]
4998	[[[2169.      1015.80005  940.2    ]]]
4999	[[[2169.      1017.00006  939.88   ]]]
5000	[[[2169.      1015.80005  939.36   ]]]
5001	[[[2167.8     1015.80005  933.84   ]]]
5002	[[[2169.      1014.60004  940.76   ]]]
5003	[[[2166.6     1015.80005  940.12   ]]]
5004	[[[2169.      1015.80005  940.2    ]]]
5005	[[[2167.8     1014.60004  938.8    ]]]
5006	[[[2171.4001  1017.00006  937.36   ]]]
5007	[[[2167.8     1014.60004  939.44   ]]]
5008	[[[2167.8     1014.60004  939.12   ]]]
5009	[[[2167.8     1014.60004  939.8    ]]]
5010	[[[2169.      1014.60004  940.76   ]]]
5011	[[[2169.      1015.80005  939.64   ]]]
5012	[[[2166.6  1013.4   939.64]]]
5013	[[[2167.8     1014.60004  939.64   ]]]
5014	[[[2170.2002  1017.00006  938.64   ]]]
5015	[[[2166.6 1012.2  939.2]]]
5016	[[[2167.8     1009.80005  937.12   ]]]
5017	[[[2167.8  1013.4   933.84]]]
5018	[[[2166.6     1017.00006  937.12   ]]]
5019	[[[2166.6  1012.2   939.76]]]
5020	[[[2169.  1012.2  940.2]]]
5021	[[[2166.6  1013.4   939.76]]]
5022	[[[2166.6  1012.2   950.68]]]
5023	[[[2166.6  1012.2   939.12]]]
5024	[[[2169.   1012.2   940.08]]]
5025	[[[2169.   1012.2   940.76]]]
5026	[[[2166.6  1012.2   939.52]]]
5027	[[[2171.4001 1012.2     936.8   ]]]
5028	[[[2169.  1012.2  941. ]]]
5029	[[[2167.8     1008.60004  937.44   ]]]
5030	[[[2167.8  1013.4   940.12]]]
5031	[[[2167.8  1012.2   939.88]]]
5032	[[[2167.8  1012.2   940.12]]]
5033	[[[2167.8  1012.2   940.76]]]
5034	[[[2166.6     1014.60004  937.8    ]]]
5035	[[[2167.8 1012.2  940. ]]]
5036	[[[2167.8  1012.2   939.76]]]
5037	[[[2166.6  1012.2   941.32]]]
5038	[[[2166.6     1011.00006  939.36   ]]]
5039	[[[2167.8     1011.00006  940.12   ]]]
5040	[[[2167.8     1011.00006  940.68   ]]]
5041	[[[2169.   1013.4   938.24]]]
5042	[[[2167.8     1009.80005  939.52   ]]]
5043	[[[2167.8     1011.00006  939.84   ]]]
5044	[[[2166.6     1011.00006  940.76   ]]]
5045	[[[2167.8     1011.00006  940.44   ]]]
5046	[[[2166.6     1008.60004  939.44   ]]]
5047	[[[2166.6     1009.80005  939.76   ]]]
5048	[[[2170.2002  1012.2      937.72003]]]
5049	[[[2167.8     1009.80005  940.68   ]]]
5050	[[[2167.8     1011.00006  939.68   ]]]
5051	[[[2167.8     1009.80005  939.8    ]]]
5052	[[[2165.4001  1008.60004  939.2    ]]]
5053	[[[2167.8     1009.80005  940.44   ]]]
5054	[[[2167.8     1009.80005  940.44   ]]]
5055	[[[2163.      1009.80005  936.8    ]]]
5056	[[[2169.   1012.2   938.12]]]
5057	[[[2166.6     1008.60004  938.88   ]]]
5058	[[[2166.6     1008.60004  939.76   ]]]
5059	[[[2166.6     1008.60004  939.44   ]]]
5060	[[[2165.4001 1007.4     939.12  ]]]
5061	[[[2167.8     1008.60004  939.76   ]]]
5062	[[[2167.8     1008.60004  939.76   ]]]
5063	[[[2165.4001  1008.60004  940.44   ]]]
5064	[[[2165.4001  1009.80005  936.48   ]]]
5065	[[[2166.6  1007.4   933.52]]]
5066	[[[2167.8     1008.60004  940.12   ]]]
5067	[[[2166.6     1003.80005  936.48   ]]]
5068	[[[2167.8     1008.60004  940.52   ]]]
5069	[[[2165.4001 1007.4     940.44  ]]]
5070	[[[2164.2002  1008.60004  936.36   ]]]
5071	[[[2169.      1011.00006  938.12   ]]]
5072	[[[2166.6     1003.80005  937.04004]]]
5073	[[[2169.      1011.00006  938.12   ]]]
5074	[[[2167.8     1003.80005  936.48   ]]]
5075	[[[2166.6 1007.4  939.8]]]
5076	[[[2167.8  1007.4   939.44]]]
5077	[[[2166.6  1007.4   939.76]]]
5078	[[[2167.8     1008.60004  940.2    ]]]
5079	[[[2166.6     1011.00006  937.56   ]]]
5080	[[[2166.6  1007.4   939.12]]]
5081	[[[2166.6     1005.00006  937.8    ]]]
5082	[[[2163.      1007.4      936.16003]]]
5083	[[[2169.      1009.80005  938.04004]]]
5084	[[[2165.4001  1009.80005  937.04004]]]
5085	[[[2166.6  1007.4   940.44]]]
5086	[[[2165.4001 1006.2     939.36  ]]]
5087	[[[2165.4001 1006.2     938.68  ]]]
5088	[[[2166.6  1007.4   940.76]]]
5089	[[[2165.4001 1006.2     939.44  ]]]
5090	[[[2166.6  1007.4   940.44]]]
5091	[[[2167.8     1009.80005  938.04004]]]
5092	[[[2166.6     1005.00006  940.68   ]]]
5093	[[[2167.8     1009.80005  938.04004]]]
5094	[[[2163.      1006.2      936.16003]]]
5095	[[[2166.6     1006.2      939.04004]]]
5096	[[[2166.6  1006.2   939.68]]]
5097	[[[2165.4001 1007.4     940.68  ]]]
5098	[[[2166.6  1007.4   940.68]]]
5099	[[[2166.6  1006.2   933.44]]]
5100	[[[2165.4001  1007.4      939.92004]]]
5101	[[[2165.4001  1005.00006  938.76   ]]]
5102	[[[2165.4001 1007.4     940.76  ]]]
5103	[[[2165.4001 1007.4     939.68  ]
  [1149.     1165.8     962.12  ]]]
5104	[[[2166.6     1005.00006  940.44   ]]]
5105	[[[2165.4001 1006.2     939.36  ]]]
5106	[[[2166.6     1002.60004  936.16003]]]
5107	[[[2166.6  1007.4   940.68]]]
5108	[[[2167.8  1006.2   940.36]]]
5109	[[[2166.6  1006.2   939.36]]]
5110	[[[2165.4001 1007.4     940.32  ]]]
5111	[[[2165.4001  1006.2      939.04004]]]
5112	[[[2165.4001 1007.4     940.36  ]]]
5113	[[[2166.6  1006.2   940.36]]]
5114	[[[2166.6     1009.80005  938.36   ]]]
5115	[[[2166.6 1007.4  940. ]]]
5116	[[[2165.4001  1005.00006  933.76   ]]]
5117	[[[2166.6     1005.00006  940.04004]]]
5118	[[[2165.4001  1005.00006  939.     ]]]
5119	[[[2165.4001  1008.60004  937.6    ]]]
5120	[[[2166.6 1006.2  940. ]]]
5121	[[[2166.6     1005.00006  939.6    ]]]
5122	[[[2164.2002  1005.00006  939.04004]]]
5123	[[[2165.4001 1006.2     939.68  ]]]
5124	[[[2164.2002  1005.00006  939.04004]]]
5125	[[[2164.2002  1003.80005  933.08   ]]]
5126	[[[2165.4001 1006.2     939.68  ]]]
5127	[[[2164.2002 1006.2     939.68  ]
  [ 904.2    1099.8     760.16  ]]]
5128	[[[2165.4001 1001.4     936.6   ]]]
5129	[[[2165.4001  1005.00006  939.6    ]]]
5130	[[[2165.4001  1005.00006  940.24   ]]]
5131	[[[2164.2002  1005.00006  938.8    ]]]
5132	[[[2165.4001  1005.00006  940.44   ]]]
5133	[[[2167.8     1006.2      936.72003]]]
5134	[[[2165.4001 1006.2     940.08  ]]]
5135	[[[2165.4001  1005.00006  940.     ]]]
5136	[[[2165.4001 1006.2     939.68  ]]]
5137	[[[2165.4001  1008.60004  938.04004]]]
5138	[[[2164.2002  1005.00006  940.     ]]]
5139	[[[2163.      1003.80005  933.44   ]]]
5140	[[[2163.      1005.00006  939.68   ]]]
5141	[[[2163.      1003.80005  933.4    ]]]
5142	[[[2163.      1005.00006  940.12   ]]]
5143	[[[2163.      1003.80005  939.44   ]]]
5144	[[[2167.8  1006.2   937.36]]]
5145	[[[2164.2002  1005.00006  939.68   ]]]
5146	[[[2164.2002  1005.00006  939.68   ]]]
5147	[[[2164.2002  1003.80005  934.     ]]]
5148	[[[2163.      1003.80005  939.24   ]]]
5149	[[[2163.      1005.00006  940.36   ]]]
5150	[[[2164.2002  1005.00006  939.68   ]]]
5151	[[[2163.      1005.00006  940.04004]]]
5152	[[[2163.      1003.80005  939.68   ]]]
5153	[[[2163.      1003.80005  939.68   ]]]
5154	[[[2164.2002  1005.00006  940.68   ]]]
5155	[[[2164.2002  1003.80005  939.44   ]]]
5156	[[[2164.2002  1002.60004  933.52   ]]]
5157	[[[2164.2002  1003.80005  933.48   ]]]
5158	[[[2164.2002  1003.80005  939.52   ]]]
5159	[[[2164.2002  1003.80005  933.84   ]]]
5160	[[[2163.      1003.80005  939.76   ]]]
5161	[[[2164.2002  1003.80005  933.6    ]]]
5162	[[[2164.2002  1005.00006  940.52   ]]]
5163	[[[2164.2002  1002.60004  933.6    ]]]
5164	[[[2164.2002  1002.60004  933.92004]]]
5165	[[[2164.2002  1003.80005  939.76   ]]]
5166	[[[2160.6     1002.60004  936.8    ]]]
5167	[[[2165.4001  1002.60004  940.08   ]]]
5168	[[[2165.4001  1003.80005  940.44   ]]]
5169	[[[2164.2002  1003.80005  940.32   ]]]
5170	[[[2165.4001  1002.60004  939.68   ]]]
5171	[[[2165.4001  1003.80005  940.44   ]]]
5172	[[[2167.8     1002.60004  936.48   ]]]
5173	[[[2165.4001  1002.60004  939.76   ]]]
5174	[[[2160.6     1003.80005  936.8    ]]]
5175	[[[2160.6     1002.60004  936.56   ]]]
5176	[[[2164.2002  1003.80005  940.52   ]]]
5177	[[[2164.2002  1002.60004  933.6    ]]]
5178	[[[2164.2002  1002.60004  939.96   ]]]
5179	[[[2169.      1005.00006  937.56   ]]]
5180	[[[2164.2002  1002.60004  939.52   ]]]
5181	[[[2165.4001   999.00006  936.88   ]]]
5182	[[[2165.4001 1000.2     940.96  ]]]
5183	[[[2164.2002  1002.60004  939.2    ]]]
5184	[[[2165.4001  1003.80005  940.76   ]]]
5185	[[[2166.6     1003.80005  939.52   ]]]
5186	[[[2166.6     1002.60004  939.96   ]]]
5187	[[[2166.6     1002.60004  940.2    ]]]
5188	[[[2166.6     1003.80005  940.76   ]]]
5189	[[[2165.4001  1002.60004  939.12   ]]]
5190	[[[2167.8  1006.2   938.76]]]
5191	[[[2166.6     1003.80005  940.36   ]]]
5192	[[[2169.      1005.00006  937.96   ]]]
5193	[[[2169.      1005.00006  937.64   ]]]
5194	[[[2166.6     1003.80005  940.28   ]]]
5195	[[[2166.6     1002.60004  939.32   ]]]
5196	[[[2166.6     1005.00006  939.96   ]]]
5197	[[[2166.6     1005.00006  940.28   ]]]
5198	[[[2165.4001  1003.80005  940.52   ]]]
5199	[[[2167.8     1002.60004  940.64   ]]]
5200	[[[2169.      1003.80005  936.56   ]]]
5201	[[[2165.4001  1003.80005  940.2    ]]]
5202	[[[2165.4001  1002.60004  939.28   ]]]
5203	[[[2169.      1003.80005  936.24   ]]]
5204	[[[2166.6     1003.80005  939.88   ]]]
5205	[[[2165.4001  1005.00006  940.84   ]]]
5206	[[[2165.4001  1003.80005  939.56   ]]]
5207	[[[2166.6     1005.00006  939.88   ]]]
5208	[[[2165.4001  1005.00006  940.44   ]]]
5209	[[[2166.6     1003.80005  940.44   ]]]
5210	[[[2165.4001  1002.60004  939.76   ]]]
5211	[[[2165.4001  1002.60004  933.52   ]]]
5212	[[[2166.6  1001.4   941.52]]]
5213	[[[2167.8     1003.80005  940.2    ]]]
5214	[[[2165.4001  1003.80005  940.52   ]]]
5215	[[[2165.4001  1003.80005  940.52   ]]]
5216	[[[2170.2002  1005.00006  937.24   ]]]
5217	[[[2165.4001  1003.80005  940.52   ]]]
5218	[[[2167.8     1002.60004  940.2    ]]]
5219	[[[2166.6     1005.00006  941.28   ]]]
5220	[[[2166.6     1005.00006  941.2    ]]]
5221	[[[2167.8     1003.80005  940.72003]]]
5222	[[[2166.6     1003.80005  940.28   ]]]
5223	[[[2163.      1002.60004  936.32   ]]]
5224	[[[2165.4001  1003.80005  940.6    ]]]
5225	[[[2166.6     1002.60004  939.96   ]]]
5226	[[[2160.6     1005.00006  945.     ]]]
5227	[[[2166.6  1001.4   950.28]]]
5228	[[[2166.6 1001.4  939.4]]]
5229	[[[2167.8     1002.60004  940.6    ]]]
5230	[[[2167.8     1002.60004  939.96   ]]]
5231	[[[2160.6     1005.00006  944.92004]]]
5232	[[[2166.6  1001.4   933.36]]]
5233	[[[2166.6     1005.00006  941.28   ]]]
5234	[[[2167.8     1003.80005  939.88   ]]]
5235	[[[2167.8     1003.80005  940.76   ]]]
5236	[[[2166.6     1003.80005  939.96   ]]]
5237	[[[2166.6     1002.60004  940.28   ]]]
5238	[[[2166.6     1003.80005  941.2    ]]]
5239	[[[2166.6     1005.00006  937.64   ]]]
5240	[[[2167.8  1001.4   950.44]]]
5241	[[[2171.4001  1002.60004  937.     ]]]
5242	[[[2171.4001  1002.60004  936.88   ]]]
5243	[[[2171.4001  1002.60004  937.2    ]]]
5244	[[[2169.       999.00006  936.56   ]]]
5245	[[[2171.4001  1003.80005  937.24   ]]]
5246	[[[2167.8     1002.60004  940.44   ]]]
5247	[[[2167.8     1003.80005  940.08   ]]]
5248	[[[2166.6  1001.4   939.12]]]
5249	[[[2169.   1006.2   938.44]]]
5250	[[[2166.6     1002.60004  940.44   ]]]
5251	[[[2167.8  1001.4   933.68]]]
5252	[[[2166.6     1003.80005  940.64   ]]]
5253	[[[2166.6     1002.60004  939.2    ]]]
5254	[[[2167.8     1003.80005  939.96   ]]]
5255	[[[2167.8     1001.4      933.92004]]]
5256	[[[2167.8  1001.4   950.44]]]
5257	[[[2169.   1001.4   939.88]]]
5258	[[[2167.8  1001.4   950.08]]]
5259	[[[2169.      1002.60004  939.64   ]]]
5260	[[[2167.8     1002.60004  939.96   ]]]
5261	[[[2167.8  1000.2   937.88]]]
5262	[[[2164.2002  1002.60004  936.32   ]]]
5263	[[[2167.8     1002.60004  939.88   ]]]
5264	[[[2167.8     1003.80005  940.52   ]
  [ 966.60004 1015.80005  845.48   ]]]
5265	[[[2171.4001  1002.60004  936.8    ]]]
5266	[[[2169.      1002.60004  940.08   ]]]
5267	[[[2167.8     1003.80005  940.76   ]]]
5268	[[[2167.8      999.00006  937.2    ]]]
5269	[[[2167.8     1002.60004  939.12   ]]]
5270	[[[2167.8  1001.4   933.52]]]
5271	[[[2169.      1003.80005  940.44   ]]]
5272	[[[2167.8  1001.4   939.12]]]
5273	[[[2169.      1002.60004  939.2    ]]]
5274	[[[2167.8     1002.60004  939.52   ]]]
5275	[[[2169.      1003.80005  939.96   ]]]
5276	[[[2170.2002  1002.60004  940.2    ]]]
5277	[[[2171.4001   999.00006  938.2    ]]]
5278	[[[2169.      1003.80005  940.88   ]]]
5279	[[[2170.2002  1003.80005  940.2    ]]]
5280	[[[2167.8     1003.80005  939.88   ]]]
5281	[[[2170.2002  1003.80005  940.28   ]]]
5282	[[[2172.6     1003.80005  937.     ]]]
5283	[[[2169.      1002.60004  934.04004]]]
5284	[[[2169.      1005.00006  940.52   ]]]
5285	[[[2167.8     1003.80005  940.2    ]]]
5286	[[[2169.      1003.80005  939.88   ]]]
5287	[[[2172.6     1003.80005  936.92004]]]
5288	[[[2169.      1005.00006  939.76   ]]]
5289	[[[2169.      1002.60004  938.44   ]]]
5290	[[[2169.      1005.00006  940.12   ]]]
5291	[[[2169.      1003.80005  940.44   ]]]
5292	[[[2169.      1002.60004  934.16003]]]
5293	[[[2169.      1003.80005  940.44   ]]]
5294	[[[2167.8     1002.60004  939.44   ]]]
5295	[[[2167.8     1002.60004  939.12   ]]]
5296	[[[2169.      1002.60004  934.16003]]]
5297	[[[2169.      1005.00006  940.76   ]]]
5298	[[[2167.8     1003.80005  939.12   ]]]
5299	[[[2167.8     1003.80005  939.44   ]]]
5300	[[[2169.      1005.00006  940.12   ]]]
5301	[[[2169.      1002.60004  933.72003]]]
5302	[[[2167.8     1003.80005  940.12   ]]]
5303	[[[2167.8     1005.00006  940.12   ]]]
5304	[[[2167.8     1003.80005  939.2    ]]]
5305	[[[2167.8     1003.80005  939.76   ]]]
5306	[[[2172.6     1005.00006  936.8    ]]]
5307	[[[2169.      1002.60004  940.84   ]]]
5308	[[[2169.      1005.00006  940.52   ]]]
5309	[[[2171.4001 1006.2     937.88  ]]]
5310	[[[2170.2002  1005.00006  940.76   ]]]
5311	[[[2165.4001  1005.00006  936.24   ]]]
5312	[[[2167.8     1005.00006  940.84   ]]]
5313	[[[2167.8     1005.00006  940.2    ]]]
5314	[[[2167.8     1005.00006  940.44   ]]]
5315	[[[2167.8     1003.80005  939.44   ]]]
5316	[[[2169.      1003.80005  934.48   ]]]
5317	[[[2172.6  1006.2   937.36]]]
5318	[[[2170.2002  1003.80005  939.8    ]]]
5319	[[[2167.8     1005.00006  940.68   ]]]
5320	[[[2169.      1003.80005  934.4    ]]]
5321	[[[2169.      1005.00006  939.8    ]]]
5322	[[[2170.2002  1003.80005  940.08   ]]]
5323	[[[2169.      1005.00006  940.44   ]]]
5324	[[[2167.8     1005.00006  940.12   ]]]
5325	[[[2171.4001  1003.80005  941.12   ]]]
5326	[[[2172.6     1005.00006  936.8    ]]]
5327	[[[2167.8     1002.60004  940.08   ]]]
5328	[[[2170.2002  1005.00006  940.52   ]]]
5329	[[[2169.      1003.80005  939.44   ]]]
5330	[[[2169.      1003.80005  939.76   ]]]
5331	[[[2169.      1003.80005  939.44   ]]]
5332	[[[2169.   1001.4   938.12]]]
5333	[[[2170.2002  1003.80005  940.76   ]]]
5334	[[[2167.8     1003.80005  940.44   ]]]
5335	[[[2167.8     1002.60004  940.12   ]]]
5336	[[[2172.6     1003.80005  937.56   ]]]
5337	[[[2170.2002  1002.60004  940.84   ]]]
5338	[[[2169.      1002.60004  939.56   ]]]
5339	[[[2169.      1003.80005  940.96   ]]]
5340	[[[2169.      1003.80005  940.2    ]]]
5341	[[[2170.2002  1002.60004  941.12   ]]]
5342	[[[2169.   1000.2   941.28]]]
5343	[[[2169.      1002.60004  939.72003]]]
5344	[[[2167.8  1001.4   939.64]]]
5345	[[[2167.8  1006.2   937.56]]]
5346	[[[2172.6     1003.80005  937.88   ]]]
5347	[[[2167.8  1001.4   940.12]]]
5348	[[[2167.8  1001.4   939.52]]]
5349	[[[2167.8     1002.60004  940.44   ]]]
5350	[[[2169.   1006.2   938.12]]]
5351	[[[2170.2002  1002.60004  940.44   ]]]
5352	[[[2169.   1006.2   937.88]]]
5353	[[[2170.2002  1002.60004  941.08   ]]]
5354	[[[2169.      1003.80005  940.76   ]]]
5355	[[[2170.2002  1003.80005  940.52   ]]]
5356	[[[2169.      1003.80005  940.2    ]]]
5357	[[[2169.      1003.80005  941.08   ]]]
5358	[[[2169.      1005.00006  940.76   ]]]
5359	[[[2167.8     1003.80005  939.8    ]]]
5360	[[[2169.      1005.00006  940.76   ]]]
5361	[[[2170.2002  1003.80005  940.76   ]]]
5362	[[[2169.      1003.80005  940.2    ]]]
5363	[[[2169.   1001.4   938.12]]]
5364	[[[2169.   1007.4   937.88]]]
5365	[[[2170.2002  1005.00006  940.2    ]]]
5366	[[[2169.   1000.2   937.24]]]
5367	[[[2167.8     1003.80005  940.2    ]]]
5368	[[[2172.6  1006.2   937.88]]]
5369	[[[2170.2002  1003.80005  940.2    ]]]
5370	[[[2172.6  1006.2   938.12]]]
5371	[[[2170.2002  1003.80005  940.28   ]]]
5372	[[[2169.      1003.80005  939.96   ]]]
5373	[[[2169.      1003.80005  939.56   ]]]
5374	[[[2169.      1003.80005  939.12   ]]]
5375	[[[2169.  1006.2  941. ]]]
5376	[[[2169.      1005.00006  940.32   ]]]
5377	[[[2170.2002  1003.80005  940.04004]]]
5378	[[[2165.4001  1003.80005  936.72003]]]
5379	[[[2169.      1005.00006  940.36   ]]]
5380	[[[2169.      1003.80005  939.36   ]]]
5381	[[[2165.4001  1003.80005  936.4    ]]]
5382	[[[2169.      1005.00006  940.12   ]]]
5383	[[[2172.6  1007.4   938.36]]]
5384	[[[2169.      1005.00006  939.8    ]]]
5385	[[[2169.      1003.80005  933.76   ]]]
5386	[[[2169.      1005.00006  940.12   ]]]
5387	[[[2169.      1005.00006  940.12   ]]]
5388	[[[2170.2002  1005.00006  939.76   ]]]
5389	[[[2170.2002  1005.00006  940.32   ]]]
5390	[[[2169.      1005.00006  940.32   ]]]
5391	[[[2171.4001  1003.80005  939.44   ]]]
5392	[[[2171.4001  1003.80005  940.44   ]]]
5393	[[[2171.4001  1005.00006  940.76   ]]]
5394	[[[2171.4001  1008.60004  938.44   ]]]
5395	[[[2171.4001 1006.2     939.44  ]]]
5396	[[[2170.2002  1005.00006  939.12   ]]]
5397	[[[2169.      1005.00006  938.8    ]]]
5398	[[[2170.2002 1007.4     940.36  ]]]
5399	[[[2169.      1005.00006  939.12   ]]]
5400	[[[2169.      1005.00006  939.36   ]]]
5401	[[[2170.2002 1006.2     940.2   ]]]
5402	[[[2166.6  1006.2   936.48]]]
5403	[[[2170.2002  1005.00006  934.16003]]]
5404	[[[2169.      1005.00006  939.76   ]]]
5405	[[[2169.      1005.00006  939.76   ]]]
5406	[[[2170.2002 1006.2     940.2   ]]]
5407	[[[2170.2002  1003.80005  940.52   ]]]
5408	[[[2171.4001  1005.00006  939.84   ]]]
5409	[[[2170.2002  1003.80005  940.76   ]]]
5410	[[[2170.2002  1005.00006  933.84   ]]]
5411	[[[2169.      1005.00006  938.88   ]]]
5412	[[[2173.8 1006.2  937.2]]]
5413	[[[2170.2002 1006.2     939.2   ]]]
5414	[[[2170.2002 1007.4     939.44  ]]]
5415	[[[2170.2002 1006.2     938.88  ]]]
5416	[[[2170.2002 1006.2     938.88  ]]]
5417	[[[2170.2002 1007.4     940.2   ]]]
5418	[[[2169.      1006.2      939.44   ]
  [1134.6001  1011.00006  998.83997]]]
5419	[[[2173.8 1006.2  937. ]]]
5420	[[[2169.  1007.4  940.2]]]
5421	[[[2173.8  1006.2   936.88]]]
5422	[[[2169.  1006.2  939.2]]]
5423	[[[2166.6  1006.2   936.24]]]
5424	[[[2170.2002 1006.2     938.96  ]]]
5425	[[[2170.2002 1006.2     939.6   ]]]
5426	[[[2170.2002 1006.2     939.32  ]]]
5427	[[[2173.8  1006.2   936.68]]]
5428	[[[2169.      1005.00006  939.28   ]]]
5429	[[[2169.   1006.2   939.64]]]
5430	[[[2170.2002 1007.4     939.88  ]]]
5431	[[[2170.2002 1006.2     938.96  ]]]
5432	[[[2171.4001 1006.2     940.36  ]]]
5433	[[[2173.8  1006.2   936.76]]]
5434	[[[2169.   1006.2   938.84]]]
5435	[[[2169.  1006.2  939.6]]]
5436	[[[2172.6  1006.2   935.56]]]
5437	[[[2169.  1006.2  939.2]]]
5438	[[[2169.   1006.2   938.88]]]
5439	[[[2170.2002  1009.80005  937.56   ]]]
5440	[[[2169.   1006.2   939.84]]]
5441	[[[2172.6     1009.80005  938.32   ]]]
5442	[[[2170.2002 1006.2     939.64  ]]]
5443	[[[2169.   1006.2   939.96]]]
5444	[[[2171.4001 1006.2     939.96  ]]]
5445	[[[2170.2002 1006.2     939.6   ]]]
5446	[[[2171.4001 1006.2     939.96  ]]]
5447	[[[2171.4001 1006.2     939.6   ]]]
5448	[[[2171.4001 1006.2     939.28  ]]]
5449	[[[2169.      1005.00006  938.96   ]]]
5450	[[[2171.4001 1006.2     940.4   ]]]
5451	[[[2171.4001 1006.2     939.96  ]]]
5452	[[[2169.  1006.2  939.4]]]
5453	[[[2170.2002 1006.2     939.28  ]]]
5454	[[[2170.2002  1006.2      939.72003]]]
5455	[[[2169.   1007.4   940.28]]]
5456	[[[2171.4001  1006.2      940.04004]]]
5457	[[[2169.   1007.4   940.28]]]
5458	[[[2170.2002 1006.2     939.64  ]]]
5459	[[[2170.2002 1007.4     940.28  ]]]
5460	[[[2173.8     1008.60004  937.32   ]]]
5461	[[[2169.  1006.2  939.4]]]
5462	[[[2170.2002  1007.4      939.72003]]]
5463	[[[2170.2002 1006.2     934.12  ]]]
5464	[[[2170.2002 1006.2     934.    ]]]
5465	[[[2170.2002 1006.2     939.64  ]]]
5466	[[[2170.2002  1008.60004  939.96   ]]]
5467	[[[2170.2002 1007.4     939.32  ]]]
5468	[[[2169.   1007.4   939.88]]]
5469	[[[2169.   1007.4   940.28]]]
5470	[[[2170.2002  1003.80005  937.     ]]]
5471	[[[2171.4001 1007.4     940.36  ]]]
5472	[[[2173.8     1008.60004  937.32   ]]]
5473	[[[2169.   1006.2   939.64]]]
5474	[[[2170.2002  1011.00006  937.72003]]]
5475	[[[2170.2002 1007.4     940.36  ]]]
5476	[[[2169.      1006.2      939.04004]]]
5477	[[[2170.2002  1006.2      939.72003]]]
5478	[[[2169.   1006.2   939.28]]]
5479	[[[2170.2002  1006.2      940.04004]]]
5480	[[[2170.2002  1006.2      940.04004]]]
5481	[[[2170.2002  1006.2      939.72003]]]
5482	[[[2170.2002  1007.4      940.04004]]]
5483	[[[2171.4001  1006.2      940.04004]]]
5484	[[[2170.2002  1007.4      941.04004]]]
5485	[[[2171.4001 1006.2     939.8   ]]]
5486	[[[2170.2002  1002.60004  937.16003]]]
5487	[[[2169.   1006.2   940.36]]]
5488	[[[2169.  1006.2  939.8]]]
5489	[[[2170.2002  1005.00006  933.12   ]]]
5490	[[[2173.8  1006.2   936.56]]]
5491	[[[2172.6     1006.2      941.04004]]]
5492	[[[2170.2002  1009.80005  937.83997]]]
5493	[[[2171.4001 1007.4     940.44  ]]]
5494	[[[2170.2002  1006.2      940.16003]]]
5495	[[[2170.2002 1007.4     940.8   ]]]
5496	[[[2172.6     1009.80005  938.72003]]]
5497	[[[2170.2002 1006.2     939.08  ]]]
5498	[[[2171.4001  1002.60004  937.32   ]]]
5499	[[[2171.4001  1007.4      940.72003]]]
5500	[[[2171.4001  1003.80005  938.16003]]]
5501	[[[2172.6     1009.80005  938.4    ]]]
5502	[[[2170.2002 1006.2     940.28  ]]]
5503	[[[2171.4001  1005.00006  934.36   ]]]
5504	[[[2170.2002  1008.60004  937.32   ]]]
5505	[[[2172.6     1005.00006  940.64   ]]]
5506	[[[2173.8     1008.60004  938.2    ]]]
5507	[[[2171.4001  1002.60004  937.08   ]]]
5508	[[[2171.4001 1006.2     940.28  ]]]
5509	[[[2170.2002  1005.00006  939.28   ]]]
5510	[[[2172.6     1005.00006  940.6    ]]]
5511	[[[2171.4001 1007.4     940.96  ]]]
5512	[[[2167.8     1005.00006  936.64   ]]]
5513	[[[2170.2002  1006.2      940.72003]]]
5514	[[[2172.6     1005.00006  940.6    ]]]
5515	[[[2172.6  1006.2   940.52]]]
5516	[[[2171.4001  1005.00006  934.     ]]]
5517	[[[2172.6  1007.4   939.88]]]
5518	[[[2172.6  1007.4   940.52]]]
5519	[[[2171.4001 1007.4     940.2   ]]]
5520	[[[2171.4001  1005.00006  939.2    ]]]
5521	[[[2172.6  1007.4   940.36]]]
5522	[[[2173.8     1009.80005  938.72003]]]
5523	[[[2172.6     1005.00006  940.92004]]]
5524	[[[2171.4001 1007.4     940.96  ]]]
5525	[[[2172.6  1007.4   940.28]]]
5526	[[[2176.2002 1007.4     937.32  ]]]
5527	[[[2171.4001 1006.2     939.28  ]]]
5528	[[[2172.6  1007.4   939.88]]]
5529	[[[2172.6     1008.60004  941.36   ]]]
5530	[[[2173.8  1007.4   939.88]]]
5531	[[[2173.8     1008.60004  940.96   ]]]
5532	[[[2173.8     1008.60004  940.04004]]]
5533	[[[2172.6     1008.60004  940.2    ]]]
5534	[[[2172.6     1008.60004  940.36   ]]]
5535	[[[2172.6     1008.60004  940.28   ]]]
5536	[[[2169.      1008.60004  936.76   ]]]
5537	[[[2176.2002  1011.00006  938.4    ]]]
5538	[[[2172.6     1009.80005  941.04004]]]
5539	[[[2172.6     1009.80005  940.72003]]]
5540	[[[2175.      1008.60004  940.28   ]]]
5541	[[[2173.8     1009.80005  939.72003]]]
5542	[[[2172.6 1006.2  937.4]]]
5543	[[[2171.4001  1009.80005  939.96   ]]]
5544	[[[2173.8     1009.80005  940.68   ]]]
5545	[[[2172.6     1009.80005  940.36   ]]]
5546	[[[2175.      1009.80005  941.04004]]]
5547	[[[2171.4001  1009.80005  940.8    ]]]
5548	[[[2172.6     1008.60004  939.72003]]]
5549	[[[2171.4001  1009.80005  939.72003]]]
5550	[[[2176.2002  1011.00006  937.76   ]]]
5551	[[[2172.6     1009.80005  940.8    ]]]
5552	[[[2172.6     1011.00006  941.12   ]]]
5553	[[[2173.8     1009.80005  940.4    ]]]
5554	[[[2172.6     1008.60004  938.72003]]]
5555	[[[2172.6     1009.80005  939.72003]]]
5556	[[[2177.4001  1009.80005  937.4    ]]]
5557	[[[2171.4001  1009.80005  940.04004]]]
5558	[[[2173.8     1011.00006  940.72003]]]
5559	[[[2172.6     1008.60004  933.12   ]]]
5560	[[[2173.8     1009.80005  939.96   ]]]
5561	[[[2172.6     1011.00006  940.72003]]]
5562	[[[2176.2002  1012.2      937.72003]]]
5563	[[[2173.8     1011.00006  940.6    ]]]
5564	[[[2176.2002  1011.00006  936.64   ]]]
5565	[[[2172.6     1012.2      941.04004]]]
5566	[[[2172.6     1009.80005  939.4    ]]]
5567	[[[2169.      1009.80005  937.08   ]]]
5568	[[[2172.6     1009.80005  939.04004]]]
5569	[[[2172.6 1012.2  940.8]]]
5570	[[[2172.6     1009.80005  939.04004]]]
5571	[[[2173.8     1011.00006  940.04004]]]
5572	[[[2173.8     1011.00006  940.04004]]]
5573	[[[2172.6 1012.2  940.6]]]
5574	[[[2176.2002 1013.4     937.76  ]]]
5575	[[[2171.4001  1011.00006  939.8    ]]]
5576	[[[2176.2002  1011.00006  936.4    ]]]
5577	[[[2171.4001 1012.2     940.68  ]]]
5578	[[[2172.6     1011.00006  950.6    ]]]
5579	[[[2172.6     1012.2      940.72003]]]
5580	[[[2172.6     1011.00006  939.64   ]
  [1092.6001  1003.80005  966.04004]]]
5581	[[[2172.6     1011.00006  939.48   ]]]
5582	[[[2172.6  1012.2   940.36]]]
5583	[[[2172.6     1011.00006  940.04004]]]
5584	[[[2173.8     1012.2      940.04004]]]
5585	[[[2171.4001  1011.00006  939.28   ]]]
5586	[[[2176.2002 1012.2     937.2   ]]]
5587	[[[2172.6     1011.00006  933.44   ]]]
5588	[[[2173.8  1012.2   940.28]]]
5589	[[[2172.6     1008.60004  937.56   ]]]
5590	[[[2172.6     1011.00006  950.52   ]]]
5591	[[[2171.4001  1011.00006  938.96   ]]]
5592	[[[2172.6  1012.2   940.84]]]
5593	[[[2172.6     1011.00006  939.96   ]]]
5594	[[[2171.4001 1012.2     940.28  ]]]
5595	[[[2176.2002  1011.00006  936.64   ]]]
5596	[[[2173.8     1011.00006  940.04004]]]
5597	[[[2171.4001  1011.00006  940.04004]]]
5598	[[[2172.6  1007.4   936.76]]]
5599	[[[2172.6     1011.00006  939.2    ]]]
5600	[[[2171.4001  1011.00006  939.64   ]]]
5601	[[[2172.6     1011.00006  939.2    ]]]
5602	[[[2172.6     1011.00006  939.72003]]]
5603	[[[2172.6     1011.00006  939.96   ]]]
5604	[[[2172.6     1012.2      940.04004]]]
5605	[[[2171.4001  1011.00006  939.96   ]]]
5606	[[[2172.6     1011.00006  939.64   ]]]
5607	[[[2173.8  1012.2   940.28]]]
5608	[[[2171.4001  1011.00006  938.96   ]]]
5609	[[[2172.6     1011.00006  933.68   ]]]
5610	[[[2172.6     1011.00006  933.6    ]]]
5611	[[[2171.4001  1013.4      940.72003]]]
5612	[[[2172.6  1012.2   939.48]]]
5613	[[[2170.2002 1012.2     939.8   ]]]
5614	[[[2172.6  1012.2   940.36]]]
5615	[[[2171.4001  1011.00006  938.72003]]]
5616	[[[2171.4001 1012.2     939.48  ]]]
5617	[[[2172.6     1012.2      940.04004]]]
5618	[[[2170.2002  1012.2      940.04004]]]
5619	[[[2171.4001  1012.2      938.72003]]]
5620	[[[2171.4001  1011.00006  938.96   ]]]
5621	[[[2172.6  1012.2   939.64]]]
5622	[[[2171.4001 1012.2     938.64  ]]]
5623	[[[2170.2002  1014.60004  936.32   ]]]
5624	[[[2173.8  1012.2   939.96]]]
5625	[[[2170.2002  1012.2      939.72003]]]
5626	[[[2172.6  1012.2   939.64]]]
5627	[[[2170.2002 1012.2     939.64  ]]]
5628	[[[2172.6     1011.00006  939.64   ]]]
5629	[[[2172.6     1013.4      939.72003]]]
5630	[[[2172.6  1012.2   938.96]]]
5631	[[[2172.6  1012.2   939.64]]]
5632	[[[2171.4001 1013.4     939.96  ]]]
5633	[[[2170.2002 1012.2     939.28  ]]]
5634	[[[2172.6  1012.2   939.28]]]
5635	[[[2171.4001 1012.2     939.2   ]]]
5636	[[[2172.6     1012.2      940.04004]]]
5637	[[[2171.4001 1012.2     939.4   ]]]
5638	[[[2171.4001  1008.60004  936.4    ]]]
5639	[[[2170.2002 1013.4     940.36  ]]]
5640	[[[2170.2002  1011.00006  938.4    ]]]
5641	[[[2175.   1012.2   936.52]]]
5642	[[[2167.8 1012.2  936.2]]]
5643	[[[2170.2002 1013.4     939.36  ]]]
5644	[[[2171.4001 1012.2     939.4   ]]]
5645	[[[2171.4001  1013.4      939.72003]]]
5646	[[[2171.4001  1013.4      939.72003]]]
5647	[[[2167.8  1013.4   935.76]]]
5648	[[[2170.2002  1015.80005  937.08   ]]]
5649	[[[2171.4001  1012.2      939.04004]]]
5650	[[[2170.2002 1013.4     939.48  ]]]
5651	[[[2171.4001  1013.4      939.72003]]]
5652	[[[2172.6     1013.4      939.72003]]]
5653	[[[2175.      1014.60004  937.16003]]]
5654	[[[2171.4001  1013.4      940.04004]]]
5655	[[[2170.2002  1009.80005  936.83997]]]
5656	[[[2170.2002  1012.2      939.16003]]]
5657	[[[2171.4001  1012.2      939.04004]]]
5658	[[[2172.6     1012.2      939.04004]]]
5659	[[[2175.   1012.2   936.48]]]
5660	[[[2171.4001 1013.4     940.12  ]]]
5661	[[[2171.4001 1013.4     940.44  ]]]
5662	[[[2170.2002  1011.00006  938.83997]]]
5663	[[[2171.4001  1012.2      938.83997]]]
5664	[[[2171.4001 1013.4     940.36  ]]]
5665	[[[2172.6     1012.2      940.04004]]]
5666	[[[2170.2002  1011.00006  939.16003]]]
5667	[[[2172.6  1012.2   940.12]]]
5668	[[[2173.8 1012.2  940.8]]]
5669	[[[2171.4001  1011.00006  933.44   ]]]
5670	[[[2167.8 1012.2  936. ]]]
5671	[[[2172.6     1011.00006  938.83997]]]
5672	[[[2172.6     1015.80005  938.24   ]]]
5673	[[[2173.8  1012.2   940.48]]]
5674	[[[2171.4001 1013.4     940.12  ]]]
5675	[[[2173.8     1011.00006  939.72003]]]
5676	[[[2172.6     1009.80005  940.36   ]]]
5677	[[[2172.6  1012.2   939.28]]]
5678	[[[2175.  1007.4  938. ]]]
5679	[[[2172.6  1012.2   939.32]]]
5680	[[[2171.4001  1011.00006  939.2    ]]]
5681	[[[2172.6  1012.2   939.28]]]
5682	[[[2171.4001  1011.00006  939.04004]]]
5683	[[[2171.4001 1012.2     939.64  ]]]
5684	[[[2171.4001  1011.00006  938.56   ]]]
5685	[[[2171.4001  1012.2      940.04004]]]
5686	[[[2172.6  1012.2   940.28]]]
5687	[[[2172.6  1012.2   939.64]]]
5688	[[[2170.2002  1009.80005  938.64   ]]]
5689	[[[2171.4001  1008.60004  936.96   ]]]
5690	[[[2171.4001  1012.2      939.96   ]
  [ 947.4      997.80005  833.04   ]]]
5691	[[[2171.4001  1008.60004  936.32   ]]]
5692	[[[2176.2002 1012.2     936.96  ]]]
5693	[[[2173.8  1012.2   939.64]]]
5694	[[[2171.4001  1011.00006  939.28   ]]]
5695	[[[2171.4001 1012.2     939.52  ]]]
5696	[[[2171.4001  1014.60004  937.24   ]]]
5697	[[[2173.8     1011.00006  939.32   ]]]
5698	[[[2172.6     1012.2      939.72003]]]
5699	[[[2173.8     1009.80005  940.6    ]]]
5700	[[[2171.4001  1011.00006  939.2    ]]]
5701	[[[2172.6 1012.2  939.4]]]
5702	[[[2173.8     1009.80005  938.96   ]]]
5703	[[[2171.4001  1009.80005  938.96   ]]]
5704	[[[2171.4001  1009.80005  939.28   ]]]
5705	[[[2172.6 1013.4  937. ]]]
5706	[[[2175.      1009.80005  935.32   ]]]
5707	[[[2172.6 1013.4  937. ]]]
5708	[[[2172.6     1009.80005  938.88   ]]]
5709	[[[2172.6     1009.80005  938.96   ]]]
5710	[[[2171.4001  1008.60004  938.64   ]]]
5711	[[[2171.4001  1009.80005  939.28   ]]]
5712	[[[2171.4001  1009.80005  939.64   ]]]
5713	[[[2172.6     1008.60004  933.68   ]]]
5714	[[[2172.6     1009.80005  938.96   ]]]
5715	[[[2171.4001  1008.60004  939.32   ]]]
5716	[[[2172.6     1009.80005  938.88   ]]]
5717	[[[2172.6     1009.80005  939.2    ]]]
5718	[[[2173.8     1009.80005  939.84   ]]]
5719	[[[2172.6     1011.00006  939.2    ]]]
5720	[[[2171.4001  1009.80005  938.2    ]]]
5721	[[[2173.8     1011.00006  939.88   ]]]
5722	[[[2171.4001  1011.00006  939.44   ]]]
5723	[[[2171.4001  1009.80005  939.2    ]]]
5724	[[[2171.4001  1009.80005  938.56   ]]]
5725	[[[2173.8     1011.00006  939.52   ]]]
5726	[[[2171.4001  1009.80005  938.56   ]]]
5727	[[[2172.6 1013.4  936.8]]]
5728	[[[2171.4001  1009.80005  938.32   ]]]
5729	[[[2172.6     1009.80005  933.28   ]]]
5730	[[[2171.4001  1011.00006  939.12   ]]]
5731	[[[2175.  1013.4  937.4]]]
5732	[[[2176.2002  1011.00006  936.64   ]]]
5733	[[[2172.6     1009.80005  933.12   ]]]
5734	[[[2175.      1011.00006  940.28   ]]]
5735	[[[2171.4001  1009.80005  938.2    ]]]
5736	[[[2172.6     1011.00006  938.88   ]]]
5737	[[[2176.2002 1012.2     936.88  ]]]
5738	[[[2173.8     1011.00006  939.12   ]]]
5739	[[[2172.6     1011.00006  939.2    ]]]
5740	[[[2171.4001  1011.00006  939.44   ]]]
5741	[[[2171.4001  1011.00006  939.88   ]]]
5742	[[[2172.6     1009.80005  949.76   ]]]
5743	[[[2173.8     1014.60004  937.88   ]]]
5744	[[[2172.6     1011.00006  940.08   ]]]
5745	[[[2173.8     1011.00006  939.28   ]]]
5746	[[[2171.4001  1009.80005  938.88   ]]]
5747	[[[2172.6     1009.80005  938.88   ]]]
5748	[[[2171.4001  1009.80005  938.88   ]]]
5749	[[[2173.8     1009.80005  939.52   ]]]
5750	[[[2172.6     1009.80005  938.76   ]]]
5751	[[[2177.4001  1011.00006  936.8    ]]]
5752	[[[2171.4001  1009.80005  939.12   ]]]
5753	[[[2173.8     1009.80005  939.12   ]]]
5754	[[[2173.8     1011.00006  939.76   ]]]
5755	[[[2172.6     1008.60004  937.56   ]]]
5756	[[[2173.8     1009.80005  938.88   ]]]
5757	[[[2173.8  1013.4   937.88]]]
5758	[[[2172.6     1011.00006  940.2    ]]]
5759	[[[2172.6     1011.00006  940.2    ]]]
5760	[[[2175.   1013.4   937.56]]]
5761	[[[2171.4001  1009.80005  938.4    ]]]
5762	[[[2171.4001  1009.80005  938.96   ]]]
5763	[[[2173.8     1009.80005  939.28   ]]]
5764	[[[2175.   1013.4   937.24]]]
5765	[[[2171.4001  1009.80005  938.2    ]]]
5766	[[[2171.4001  1011.00006  939.12   ]]]
5767	[[[2171.4001  1011.00006  939.76   ]]]
5768	[[[2171.4001  1011.00006  938.56   ]]]
5769	[[[2172.6     1008.60004  940.08   ]]]
5770	[[[2171.4001  1009.80005  939.12   ]]]
5771	[[[2171.4001  1011.00006  939.44   ]]]
5772	[[[2173.8     1009.80005  939.44   ]]]
5773	[[[2172.6     1008.60004  940.52   ]]]
5774	[[[2171.4001  1011.00006  938.56   ]]]
5775	[[[2172.6     1011.00006  938.44   ]]]
5776	[[[2172.6     1011.00006  938.88   ]]]
5777	[[[2171.4001 1012.2     940.2   ]]]
5778	[[[2172.6  1012.2   939.12]]]
5779	[[[2172.6  1012.2   939.12]]]
5780	[[[2173.8     1011.00006  939.44   ]]]
5781	[[[2172.6     1011.00006  938.76   ]]]
5782	[[[2171.4001 1012.2     939.76  ]]]
5783	[[[2173.8     1011.00006  939.44   ]]]
5784	[[[2176.2002  1012.2      936.16003]]]
5785	[[[2176.2002 1012.2     936.12  ]]]
5786	[[[2171.4001 1012.2     940.2   ]]]
5787	[[[2172.6  1012.2   939.12]]]
5788	[[[2171.4001  1014.60004  936.48   ]]]
5789	[[[2173.8     1011.00006  939.12   ]]]
5790	[[[2171.4001  1009.80005  938.8    ]]]
5791	[[[2171.4001  1014.60004  936.68   ]]]
5792	[[[2171.4001  1011.00006  938.88   ]]]
5793	[[[2173.8     1011.00006  938.96   ]]]
5794	[[[2172.6     1009.80005  932.92004]]]
5795	[[[2172.6  1012.2   939.12]]]
5796	[[[2170.2002  1011.00006  939.44   ]]]
5797	[[[2176.2002  1012.2      936.16003]]]
5798	[[[2173.8     1011.00006  939.44   ]]]
5799	[[[2173.8     1011.00006  939.12   ]]]
5800	[[[2172.6     1009.80005  932.84   ]]]
5801	[[[2172.6  1007.4   936.24]]]
5802	[[[2171.4001  1009.80005  938.12   ]]]
5803	[[[2173.8     1011.00006  938.8    ]]]
5804	[[[2172.6     1009.80005  932.52   ]]]
5805	[[[2172.6     1011.00006  938.44   ]]]
5806	[[[2172.6  1012.2   939.52]]]
5807	[[[2172.6  1012.2   940.12]]]
5808	[[[2173.8  1012.2   939.12]]]
5809	[[[2172.6  1012.2   939.44]]]
5810	[[[2172.6     1009.80005  949.04004]]]
5811	[[[2171.4001  1011.00006  938.56   ]]]
5812	[[[2172.6  1012.2   939.76]]]
5813	[[[2172.6  1012.2   939.12]]]
5814	[[[2173.8     1011.00006  939.12   ]]]
5815	[[[2176.2002  1013.4      937.04004]]]
5816	[[[2173.8 1012.2  939. ]]]
5817	[[[2172.6  1012.2   939.36]]]
5818	[[[2173.8     1012.2      939.04004]]]
5819	[[[2172.6     1009.80005  932.76   ]]]
5820	[[[2171.4001  1009.80005  938.28   ]]]
5821	[[[2172.6     1011.00006  938.12   ]]]
5822	[[[2175.      1014.60004  937.44   ]]]
5823	[[[2172.6     1009.80005  937.36   ]]]
5824	[[[2171.4001  1011.00006  938.8    ]]]
5825	[[[2171.4001  1011.00006  939.04004]]]
5826	[[[2171.4001 1012.2     939.76  ]]]
5827	[[[2172.6  1012.2   939.12]]]
5828	[[[2176.2002  1012.2      936.04004]]]
5829	[[[2171.4001 1012.2     939.44  ]]]
5830	[[[2167.8     1011.00006  935.72003]]]
5831	[[[2171.4001 1012.2     938.8   ]]]
5832	[[[2171.4001  1007.4      935.16003]]]
5833	[[[2172.6  1012.2   939.12]]]
5834	[[[2171.4001  1011.00006  938.76   ]]]
5835	[[[2172.6 1012.2  938.8]]]
5836	[[[2171.4001  1011.00006  932.84   ]]]
5837	[[[2172.6  1012.2   939.68]]]
5838	[[[2165.4001  1014.60004  943.76   ]]]
5839	[[[2171.4001  1011.00006  932.76   ]]]
5840	[[[2170.2002  1011.00006  937.8    ]]]
5841	[[[2171.4001 1012.2     938.68  ]]]
5842	[[[2172.6     1011.00006  939.44   ]]]
5843	[[[2170.2002  1011.00006  938.68   ]]]
5844	[[[2171.4001 1012.2     939.36  ]]]
5845	[[[2170.2002  1011.00006  938.36   ]]]
5846	[[[2171.4001 1012.2     938.36  ]]]
5847	[[[2172.6 1012.2  938.6]]]
5848	[[[2171.4001 1012.2     932.52  ]]]
5849	[[[2170.2002  1012.2      939.04004]]]
5850	[[[2176.2002 1012.2     935.96  ]]]
5851	[[[2171.4001 1012.2     938.56  ]]]
5852	[[[2172.6     1011.00006  938.76   ]]]
5853	[[[2171.4001 1012.2     938.56  ]]]
5854	[[[2172.6  1012.2   939.12]]]
5855	[[[2176.2002  1012.2      936.16003]]]
5856	[[[2175.  1012.2  934.8]]]
5857	[[[2173.8     1011.00006  938.8    ]]]
5858	[[[2171.4001 1012.2     939.44  ]]]
5859	[[[2171.4001  1011.00006  938.44   ]]]
5860	[[[2172.6     1011.00006  949.36   ]]]
5861	[[[2172.6 1012.2  938.8]]]
5862	[[[2171.4001  1011.00006  938.8    ]]]
5863	[[[2176.2002  1013.4      936.72003]]]
5864	[[[2172.6     1011.00006  932.76   ]]]
5865	[[[2172.6  1012.2   939.76]]]
5866	[[[2173.8     1012.2      939.04004]]]
5867	[[[2171.4001  1009.80005  938.12   ]]]
5868	[[[2172.6     1011.00006  938.44   ]]]
5869	[[[2172.6     1009.80005  937.44   ]]]
5870	[[[2171.4001  1009.80005  938.12   ]]]
5871	[[[2171.4001  1014.60004  935.8    ]]]
5872	[[[2172.6  1012.2   938.56]]]
5873	[[[2175.      1011.00006  934.6    ]]]
5874	[[[2172.6     1014.60004  936.48   ]]]
5875	[[[2172.6  1012.2   939.12]]]
5876	[[[2169.      1012.2      934.72003]]]
5877	[[[2172.6     1011.00006  938.72003]]]
5878	[[[2173.8  1012.2   939.44]]]
5879	[[[2171.4001  1011.00006  938.36   ]]]
5880	[[[2172.6     1011.00006  938.6    ]]]
5881	[[[2173.8     1011.00006  939.12   ]]]
5882	[[[2172.6     1011.00006  938.76   ]]]
5883	[[[2172.6  1012.2   938.88]]]
5884	[[[2173.8  1012.2   939.12]]]
5885	[[[2172.6     1011.00006  938.44   ]]]
5886	[[[2173.8  1013.4   938.88]]]
5887	[[[2172.6     1011.00006  932.16003]]]
5888	[[[2172.6 1012.2  938.8]]]
5889	[[[2171.4001 1012.2     939.12  ]]]
5890	[[[2172.6     1011.00006  938.12   ]]]
5891	[[[2173.8     1011.00006  938.68   ]]]
5892	[[[2171.4001 1012.2     939.24  ]]]
5893	[[[2172.6 1013.4  938.8]]]
5894	[[[2173.8     1012.2      939.04004]]]
5895	[[[2172.6  1013.4   939.36]]]
5896	[[[2175.      1012.2      934.72003]]]
5897	[[[2172.6     1013.4      939.16003]]]
5898	[[[2171.4001 1013.4     939.44  ]]]
5899	[[[2173.8     1011.00006  938.68   ]]]
5900	[[[2171.4001 1012.2     938.36  ]]]
5901	[[[2172.6  1012.2   939.12]]]
5902	[[[2172.6  1012.2   939.12]]]
5903	[[[2171.4001 1012.2     938.8   ]]]
5904	[[[2172.6  1012.2   938.44]]]
5905	[[[2171.4001  1008.60004  935.72003]]]
5906	[[[2171.4001  1011.00006  938.48   ]]]
5907	[[[2172.6  1012.2   938.36]]]
5908	[[[2171.4001  1012.2      938.04004]]]
5909	[[[2172.6     1011.00006  938.36   ]]]
5910	[[[2171.4001  1011.00006  938.6    ]]]
5911	[[[2171.4001 1012.2     939.2   ]]]
5912	[[[2171.4001  1011.00006  937.56   ]]]
5913	[[[2171.4001 1012.2     938.76  ]]]
5914	[[[2176.2002 1013.4     935.8   ]]]
5915	[[[2173.8  1012.2   939.44]]]
5916	[[[2172.6  1013.4   938.76]]]
5917	[[[2171.4001  1011.00006  937.88   ]]]
5918	[[[2172.6     1011.00006  932.52   ]]]
5919	[[[2173.8     1011.00006  939.44   ]]]
5920	[[[2171.4001 1013.4     939.2   ]]]
5921	[[[2175.      1014.60004  937.12   ]]]
5922	[[[2172.6     1011.00006  932.96   ]]]
5923	[[[2172.6  1012.2   939.12]]]
5924	[[[2171.4001 1013.4     938.88  ]]]
5925	[[[2171.4001 1012.2     938.88  ]]]
5926	[[[2172.6     1011.00006  949.12   ]]]
5927	[[[2172.6     1011.00006  932.6    ]]]
5928	[[[2172.6 1012.2  938.8]]]
5929	[[[2176.2002  1011.00006  935.24   ]]]
5930	[[[2172.6  1012.2   938.44]]]
5931	[[[2172.6  1012.2   938.24]]]
5932	[[[2176.2002  1012.2      935.92004]]]
5933	[[[2172.6     1011.00006  938.56   ]]]
5934	[[[2173.8  1012.2   939.12]]]
5935	[[[2172.6 1013.4  938.8]]]
5936	[[[2172.6     1011.00006  938.56   ]]]
5937	[[[2172.6     1011.00006  932.76   ]]]
5938	[[[2171.4001 1012.2     938.8   ]]]
5939	[[[2172.6  1012.2   938.68]]]
5940	[[[2172.6 1012.2  938.6]]]
5941	[[[2171.4001 1012.2     938.2   ]]]
5942	[[[2171.4001  1011.00006  937.56   ]]]
5943	[[[2172.6     1015.80005  936.56   ]]]
5944	[[[2171.4001 1012.2     937.8   ]]]
5945	[[[2173.8     1015.80005  936.8    ]]]
5946	[[[2175.      1014.60004  936.4    ]]]
5947	[[[2171.4001  1013.4      939.04004]]]
5948	[[[2172.6     1012.2      937.92004]]]
5949	[[[2175.   1012.2   934.96]]]
5950	[[[2172.6 1012.2  938.6]]]
5951	[[[2172.6  1012.2   938.36]]]
5952	[[[2166.6     1014.60004  943.32   ]]]
5953	[[[2172.6     1013.4      939.04004]]]
5954	[[[2172.6 1012.2  938.6]]]
5955	[[[2176.2002 1013.4     935.96  ]]]
5956	[[[2173.8  1012.2   939.36]]]
5957	[[[2175.  1012.2  939.6]]]
5958	[[[2172.6  1012.2   938.68]]]
5959	[[[2172.6     1011.00006  932.12   ]]]
5960	[[[2172.6  1012.2   939.12]]]
5961	[[[2172.6  1012.2   939.12]]]
5962	[[[2173.8     1011.00006  938.36   ]]]
5963	[[[2172.6     1011.00006  938.04004]]]
5964	[[[2175.      1007.4      936.72003]]]
5965	[[[2175.      1014.60004  937.04004]]]
5966	[[[2172.6     1011.00006  938.36   ]]]
5967	[[[2172.6     1011.00006  937.8    ]]]
5968	[[[2171.4001  1011.00006  938.56   ]]]
5969	[[[2172.6     1011.00006  938.76   ]]]
5970	[[[2172.6     1009.80005  932.12   ]]]
5971	[[[2172.6     1011.00006  938.68   ]]]
5972	[[[2171.4001  1011.00006  938.88   ]]]
5973	[[[2172.6     1011.00006  938.2    ]]]
5974	[[[2173.8 1012.2  939.2]]]
5975	[[[2173.8  1012.2   938.36]]]
5976	[[[2172.6 1012.2  939.6]]]
5977	[[[2173.8     1009.80005  949.24   ]]]
5978	[[[2176.2002  1012.2      936.16003]]]
5979	[[[2177.4001  1011.00006  935.48   ]]]
5980	[[[2173.8     1011.00006  938.8    ]]]
5981	[[[2173.8     1011.00006  938.12   ]]]
5982	[[[2172.6     1009.80005  938.36   ]]]
5983	[[[2171.4001  1009.80005  939.12   ]]]
5984	[[[2172.6     1008.60004  937.88   ]]]
5985	[[[2172.6     1008.60004  938.12   ]]]
5986	[[[2173.8  1007.4   939.44]]]
5987	[[[2173.8     1009.80005  938.8    ]]]
5988	[[[2176.2002  1008.60004  934.48   ]]]
5989	[[[2173.8     1005.00006  935.32   ]]]
5990	[[[2172.6  1012.2   936.12]]]
5991	[[[2173.8 1007.4  932.2]]]
5992	[[[2176.2002  1011.00006  936.8    ]]]
5993	[[[2173.8  1007.4   949.12]]]
5994	[[[2172.6     1008.60004  939.12   ]]]
5995	[[[2172.6     1008.60004  939.44   ]]]
5996	[[[2173.8  1007.4   938.28]]]
5997	[[[2173.8 1006.2  932.2]]]
5998	[[[2172.6  1007.4   938.44]]]
5999	[[[2173.8     1003.80005  935.16003]]]
6000	[[[2173.8     1008.60004  938.92004]]]
6001	[[[2173.8  1007.4   937.88]]]
6002	[[[2176.2002  1009.80005  936.48   ]]]
6003	[[[2173.8 1006.2  949. ]]]
6004	[[[2173.8  1007.4   938.12]]]
6005	[[[2173.8     1007.4      939.04004]]]
6006	[[[2172.6     1006.2      938.04004]]]
6007	[[[2173.8 1007.4  939. ]]]
6008	[[[2171.4001 1006.2     938.6   ]]]
6009	[[[2172.6  1006.2   937.36]]]
6010	[[[2173.8     1006.2      937.72003]]]
6011	[[[2172.6  1006.2   937.36]]]
6012	[[[2172.6  1007.4   938.68]]]
6013	[[[2173.8     1003.80005  939.36   ]]]
6014	[[[2172.6     1005.00006  937.72003]]]
6015	[[[2172.6  1006.2   937.36]]]
6016	[[[2172.6     1005.00006  937.72003]]]
6017	[[[2170.2002 1006.2     934.64  ]]]
6018	[[[2172.6     1006.2      937.72003]]]
6019	[[[2177.4001 1006.2     935.6   ]]]
6020	[[[2171.4001 1006.2     938.28  ]]]
6021	[[[2173.8     1006.2      937.72003]]]
6022	[[[2171.4001 1006.2     938.36  ]]]
6023	[[[2173.8  1006.2   938.68]]]
6024	[[[2173.8     1006.2      937.72003]]]
6025	[[[2173.8  1006.2   938.68]]]
6026	[[[2172.6  1007.4   939.36]]]
6027	[[[2172.6  1006.2   938.68]]]
6028	[[[2172.6  1006.2   938.12]]]
6029	[[[2172.6  1006.2   938.12]]]
6030	[[[2175.      1008.60004  936.4    ]]]
6031	[[[2173.8  1006.2   938.56]]]
6032	[[[2172.6     1002.60004  935.16003]]]
6033	[[[2173.8     1005.00006  938.12   ]]]
6034	[[[2171.4001  1005.00006  938.48   ]]]
6035	[[[2172.6  1006.2   938.48]]]
6036	[[[2172.6     1005.00006  932.16003]]]
6037	[[[2173.8     1005.00006  937.8    ]]]
6038	[[[2171.4001  1005.00006  937.8    ]]]
6039	[[[2173.8  1006.2   938.88]]]
6040	[[[2173.8     1005.00006  938.12   ]]]
6041	[[[2171.4001  1005.00006  937.88   ]]]
6042	[[[2172.6     1005.00006  931.84   ]]]
6043	[[[2172.6     1005.00006  937.8    ]]]
6044	[[[2171.4001 1006.2     938.12  ]]]
6045	[[[2172.6 1007.4  938.6]]]
6046	[[[2173.8  1006.2   938.68]]]
6047	[[[2175.      1008.60004  936.04004]]]
6048	[[[2172.6  1006.2   937.36]]]
6049	[[[2172.6  1006.2   938.12]]]
6050	[[[2172.6     1007.4      939.04004]]]
6051	[[[2172.6     1002.60004  935.08   ]]]
6052	[[[2172.6     1005.00006  937.04004]]]
6053	[[[2171.4001  1006.2      938.04004]]]
6054	[[[2172.6  1007.4   939.12]]]
6055	[[[2172.6  1006.2   938.12]]]
6056	[[[2176.2002 1006.2     935.48  ]]]
6057	[[[2171.4001 1006.2     938.36  ]]]
6058	[[[2167.8     1006.2      935.16003]]]
6059	[[[2172.6     1005.00006  939.12   ]]]
6060	[[[2171.4001  1005.00006  932.08   ]]]
6061	[[[2172.6  1007.4   938.56]]]
6062	[[[2171.4001  1005.00006  931.96   ]]]
6063	[[[2172.6  1006.2   937.44]]]
6064	[[[2172.6  1007.4   938.44]]]
6065	[[[2171.4001 1006.2     938.12  ]]]
6066	[[[2171.4001 1006.2     937.56  ]]]
6067	[[[2171.4001  1007.4      938.04004]]]
6068	[[[2172.6     1009.80005  936.16003]]]
6069	[[[2173.8  1006.2   938.44]]]
6070	[[[2171.4001 1006.2     938.12  ]]]
6071	[[[2173.8  1006.2   938.12]]]
6072	[[[2172.6  1007.4   938.48]]]
6073	[[[2173.8  1006.2   938.44]]]
6074	[[[2172.6  1006.2   938.12]]]
6075	[[[2173.8  1007.4   938.48]]]
6076	[[[2173.8     1009.80005  936.48   ]]]
6077	[[[2172.6     1003.80005  935.48   ]]]
6078	[[[2172.6 1006.2  932.2]]]
6079	[[[2172.6 1006.2  932.2]]]
6080	[[[2171.4001 1007.4     938.12  ]]]
6081	[[[2172.6 1006.2  949. ]]]
6082	[[[2172.6  1006.2   932.52]]]
6083	[[[2175.      1009.80005  936.04004]]]
6084	[[[2173.8     1007.4      939.04004]]]
6085	[[[2170.2002 1007.4     939.    ]]]
6086	[[[2172.6  1006.2   932.76]]]
6087	[[[2171.4001  1005.00006  931.44   ]]]
6088	[[[2173.8  1007.4   939.36]]]
6089	[[[2170.2002  1007.4      939.04004]]]
6090	[[[2171.4001 1007.4     938.6   ]]]
6091	[[[2171.4001 1006.2     938.12  ]]]
6092	[[[2167.8     1006.2      934.72003]]]
6093	[[[2171.4001 1007.4     939.36  ]]]
6094	[[[2170.2002 1006.2     938.8   ]]]
6095	[[[2170.2002 1006.2     938.12  ]]]
6096	[[[2170.2002  1007.4      938.92004]]]
6097	[[[2170.2002  1006.2      938.04004]]]
6098	[[[2171.4001  1008.60004  939.44   ]]]
6099	[[[2170.2002 1006.2     938.12  ]
  [1069.8    1141.8     885.32  ]]]
6100	[[[2170.2002 1006.2     938.12  ]]]
6101	[[[2171.4001  1002.60004  935.16003]]]
6102	[[[2175.   1007.4   935.48]]]
6103	[[[2170.2002 1006.2     938.36  ]]]
6104	[[[2170.2002 1006.2     938.12  ]]]
6105	[[[2170.2002 1006.2     938.44  ]]]
6106	[[[2171.4001 1006.2     949.    ]]]
6107	[[[2171.4001 1006.2     937.36  ]]]
6108	[[[2172.6  1006.2   938.56]]]
6109	[[[2171.4001 1007.4     939.12  ]]]
6110	[[[2171.4001  1008.60004  939.2    ]]]
6111	[[[2172.6  1007.4   938.44]]]
6112	[[[2171.4001 1006.2     949.    ]]]
6113	[[[2172.6  1006.2   938.56]]]
6114	[[[2171.4001 1007.4     932.28  ]]]
6115	[[[2171.4001  1008.60004  939.52   ]]]
6116	[[[2173.8     1011.00006  936.88   ]]]
6117	[[[2170.2002 1006.2     937.24  ]]]
6118	[[[2171.4001  1008.60004  939.52   ]]]
6119	[[[2170.2002 1006.2     937.56  ]]]
6120	[[[2173.8  1007.4   940.08]]]
6121	[[[2171.4001 1007.4     937.88  ]]]
6122	[[[2170.2002  1011.00006  935.92004]]]
6123	[[[2170.2002 1006.2     937.8   ]]]
6124	[[[2172.6     1003.80005  935.24   ]]]
6125	[[[2171.4001 1006.2     938.2   ]]]
6126	[[[2172.6  1007.4   939.44]]]
6127	[[[2172.6  1006.2   938.88]]]
6128	[[[2175.      1008.60004  936.24   ]]]
6129	[[[2172.6  1007.4   938.56]]]
6130	[[[2171.4001 1007.4     939.44  ]]]
6131	[[[2172.6  1006.2   938.44]]]
6132	[[[2171.4001 1006.2     938.44  ]]]
6133	[[[2172.6  1006.2   938.76]]]
6134	[[[2170.2002 1006.2     938.48  ]]]
6135	[[[2172.6  1007.4   939.12]]]
6136	[[[2171.4001 1006.2     938.68  ]]]
6137	[[[2171.4001 1006.2     949.36  ]]]
6138	[[[2171.4001  1011.00006  936.16003]]]
6139	[[[2171.4001 1007.4     939.8   ]]]
6140	[[[2171.4001  1005.00006  937.8    ]]]
6141	[[[2176.2002  1006.2      936.16003]]]
6142	[[[2172.6     1009.80005  936.8    ]]]
6143	[[[2172.6  1006.2   938.76]]]
6144	[[[2172.6  1007.4   939.44]]]
6145	[[[2171.4001 1007.4     939.12  ]]]
6146	[[[2171.4001 1006.2     938.8   ]]]
6147	[[[2171.4001 1006.2     938.12  ]]]
6148	[[[2172.6 1006.2  939.2]]]
6149	[[[2176.2002 1006.2     935.8   ]]]
6150	[[[2172.6  1006.2   938.68]]]
6151	[[[2172.6  1007.4   939.52]]]
6152	[[[2172.6     1005.00006  932.84   ]]]
6153	[[[2172.6  1007.4   939.44]]]
6154	[[[2172.6     1002.60004  935.84   ]]]
6155	[[[2172.6     1003.80005  940.12   ]]]
6156	[[[2172.6  1006.2   939.12]]]
6157	[[[2172.6  1006.2   939.44]]]
6158	[[[2172.6  1006.2   938.76]]]
6159	[[[2173.8     1005.00006  939.12   ]]]
6160	[[[2173.8  1006.2   939.44]]]
6161	[[[2171.4001 1006.2     938.88  ]]]
6162	[[[2172.6     1005.00006  938.44   ]]]
6163	[[[2172.6  1006.2   939.52]]]
6164	[[[2172.6     1003.80005  937.48   ]]]
6165	[[[2172.6     1005.00006  937.88   ]]]
6166	[[[2172.6     1001.4      936.16003]]]
6167	[[[2171.4001  1005.00006  937.88   ]]]
6168	[[[2172.6     1005.00006  937.88   ]]]
6169	[[[2171.4001  1005.00006  937.88   ]]]
6170	[[[2172.6     1005.00006  938.12   ]]]
6171	[[[2172.6     1005.00006  938.88   ]]]
6172	[[[2172.6     1005.00006  938.88   ]]]
6173	[[[2173.8  1006.2   938.88]]]
6174	[[[2171.4001  1005.00006  938.88   ]]]
6175	[[[2176.2002 1006.2     936.8   ]]]
6176	[[[2171.4001  1003.80005  938.2    ]]]
6177	[[[2173.8     1005.00006  939.2    ]]]
6178	[[[2175.  1007.4  936.8]]]
6179	[[[2167.8     1005.00006  935.48   ]]]
6180	[[[2172.6     1005.00006  939.12   ]]]
6181	[[[2171.4001  1003.80005  932.68   ]]]
6182	[[[2171.4001  1005.00006  938.64   ]]]
6183	[[[2170.2002 1006.2     939.32  ]]]
6184	[[[2172.6  1006.2   939.64]]]
6185	[[[2171.4001  1008.60004  937.     ]]]
6186	[[[2171.4001  1005.00006  932.68   ]]]
6187	[[[2172.6  1006.2   939.52]]]
6188	[[[2172.6     1005.00006  938.56   ]]]
6189	[[[2172.6     1005.00006  939.64   ]]]
6190	[[[2176.2002  1005.00006  936.56   ]]]
6191	[[[2171.4001  1005.00006  938.12   ]]]
6192	[[[2172.6  1006.2   939.28]]]
6193	[[[2171.4001  1005.00006  939.32   ]]]
6194	[[[2173.8     1005.00006  938.96   ]]]
6195	[[[2176.2002 1006.2     936.32  ]]]
6196	[[[2172.6     1003.80005  937.64   ]]]
6197	[[[2173.8  1006.2   939.28]]]
6198	[[[2171.4001  1005.00006  938.64   ]]]
6199	[[[2172.6     1005.00006  938.88   ]]]
6200	[[[2173.8     1008.60004  937.88   ]]]
6201	[[[2172.6     1005.00006  938.88   ]]]
6202	[[[2172.6     1005.00006  938.88   ]]]
6203	[[[2171.4001 1006.2     939.2   ]]]
6204	[[[2173.8     1005.00006  939.56   ]]]
6205	[[[2173.8     1005.00006  938.8    ]]]
6206	[[[2172.6     1001.4      935.92004]]]
6207	[[[2172.6  1006.2   939.88]]]
6208	[[[2172.6  1006.2   939.36]]]
6209	[[[2176.2002 1007.4     937.12  ]]]
6210	[[[2173.8  1007.4   939.68]]]
6211	[[[2173.8     1009.80005  937.56   ]]]
6212	[[[2173.8     1005.00006  938.88   ]]]
6213	[[[2172.6     1005.00006  939.04004]]]
6214	[[[2172.6     1003.80005  937.56   ]]]
6215	[[[2172.6 1006.2  938.8]]]
6216	[[[2172.6  1006.2   939.36]]]
6217	[[[2173.8 1006.2  939.8]]]
6218	[[[2173.8     1005.00006  938.04004]]]
6219	[[[2173.8     1005.00006  933.08   ]]]
6220	[[[2171.4001 1006.2     939.8   ]]]
6221	[[[2173.8     1005.00006  949.92004]]]
6222	[[[2173.8  1006.2   939.36]]]
6223	[[[2173.8     1005.00006  938.04004]]]
6224	[[[2173.8  1007.4   939.36]]]
6225	[[[2173.8 1006.2  938.8]]]
6226	[[[2172.6  1006.2   939.12]]]
6227	[[[2172.6 1007.4  940. ]]]
6228	[[[2173.8     1005.00006  937.68   ]]]
6229	[[[2172.6  1006.2   939.12]]]
6230	[[[2175.   1006.2   939.12]]]
6231	[[[2173.8  1007.4   939.44]]]
6232	[[[2172.6 1006.2  939.2]]]
6233	[[[2177.4001  1008.60004  936.48   ]]]
6234	[[[2172.6  1006.2   938.12]]]
6235	[[[2172.6 1006.2  938.2]]]
6236	[[[2175.   1006.2   939.12]]]
6237	[[[2173.8 1006.2  933.6]]]
6238	[[[2173.8     1008.60004  940.52   ]]]
6239	[[[2172.6  1007.4   939.76]]]
6240	[[[2172.6  1007.4   939.44]]]
6241	[[[2172.6  1007.4   939.32]]]
6242	[[[2173.8  1006.2   949.52]]]
6243	[[[2173.8  1007.4   938.64]]]
6244	[[[2175.      1011.00006  937.88   ]]]
6245	[[[2175.      1008.60004  939.2    ]]]
6246	[[[2173.8 1007.4  938.2]]]
6247	[[[2173.8     1003.80005  936.24   ]]]
6248	[[[2173.8     1008.60004  939.44   ]]]
6249	[[[2175.      1009.80005  938.8    ]]]
6250	[[[2175.      1008.60004  938.8    ]]]
6251	[[[2175.      1008.60004  939.52   ]]]
6252	[[[2177.4001  1008.60004  935.92004]]]
6253	[[[2175.   1007.4   938.88]]]
6254	[[[2173.8     1008.60004  939.12   ]]]
6255	[[[2172.6     1008.60004  939.12   ]]]
6256	[[[2172.6     1008.60004  939.36   ]]]
6257	[[[2173.8  1007.4   932.84]]]
6258	[[[2175.      1009.80005  938.88   ]]]
6259	[[[2175.   1012.2   937.64]]]
6260	[[[2177.4001  1011.00006  936.88   ]]]
6261	[[[2177.4001 1012.2     937.56  ]]]
6262	[[[2177.4001 1012.2     937.56  ]]]
6263	[[[2173.8     1008.60004  939.2    ]]]
6264	[[[2175.      1008.60004  938.2    ]]]
6265	[[[2173.8     1009.80005  939.84   ]]]
6266	[[[2173.8  1007.4   938.96]]]
6267	[[[2175.      1009.80005  939.52   ]]]
6268	[[[2175.   1007.4   949.44]]]
6269	[[[2176.2002  1009.80005  939.2    ]]]
6270	[[[2175.   1007.4   932.52]]]
6271	[[[2178.6     1009.80005  936.68   ]]]
6272	[[[2176.2002  1008.60004  939.2    ]]]
6273	[[[2178.6     1009.80005  936.24   ]]]
6274	[[[2175.   1007.4   949.68]]]
6275	[[[2175.      1009.80005  940.     ]]]
6276	[[[2176.2002  1008.60004  938.72003]]]
6277	[[[2175.      1009.80005  940.12   ]]]
6278	[[[2176.2002  1008.60004  939.36   ]]]
6279	[[[2176.2002  1009.80005  939.44   ]]]
6280	[[[2175.      1009.80005  939.44   ]]]
6281	[[[2171.4001  1008.60004  935.48   ]]]
6282	[[[2176.2002  1008.60004  939.12   ]]]
6283	[[[2179.8     1009.80005  936.24   ]]]
6284	[[[2176.2002  1008.60004  938.8    ]]]
6285	[[[2176.2002  1009.80005  939.08   ]]]
6286	[[[2178.6     1011.00006  937.24   ]]]
6287	[[[2176.2002  1008.60004  939.2    ]]]
6288	[[[2179.8     1009.80005  936.24   ]]]
6289	[[[2175.      1008.60004  938.76   ]]]
6290	[[[2176.2002  1009.80005  938.88   ]]]
6291	[[[2176.2002  1009.80005  939.56   ]]]
6292	[[[2176.2002  1005.00006  935.92004]]]
6293	[[[2175.   1007.4   938.12]]]
6294	[[[2176.2002  1008.60004  938.24   ]]]
6295	[[[2177.4001  1008.60004  938.88   ]]]
6296	[[[2176.2002  1009.80005  939.88   ]]]
6297	[[[2176.2002  1009.80005  939.2    ]]]
6298	[[[2177.4001  1009.80005  939.96   ]]]
6299	[[[2179.8     1011.00006  936.68   ]]]
6300	[[[2176.2002  1008.60004  937.88   ]]]
6301	[[[2176.2002  1009.80005  938.96   ]]]
6302	[[[2176.2002  1009.80005  939.32   ]]]
6303	[[[2177.4001  1009.80005  938.64   ]]]
6304	[[[2176.2002  1011.00006  940.28   ]]]
6305	[[[2176.2002  1011.00006  939.64   ]]]
6306	[[[2177.4001  1009.80005  939.64   ]]]
6307	[[[2175.      1009.80005  939.52   ]]]
6308	[[[2176.2002  1009.80005  938.64   ]]]
6309	[[[2176.2002 1006.2     936.24  ]]]
6310	[[[2175.      1008.60004  938.64   ]]]
6311	[[[2176.2002  1009.80005  938.96   ]]]
6312	[[[2176.2002  1011.00006  939.72003]]]
6313	[[[2176.2002  1009.80005  939.96   ]]]
6314	[[[2175.      1008.60004  938.4    ]]]
6315	[[[2177.4001  1008.60004  939.52   ]]]
6316	[[[2176.2002  1009.80005  939.4    ]]]
6317	[[[2177.4001  1008.60004  939.28   ]]]
6318	[[[2177.4001  1009.80005  939.64   ]]]
6319	[[[2176.2002  1008.60004  938.96   ]]]
6320	[[[2176.2002 1007.4     948.84  ]]]
6321	[[[2176.2002 1012.2     936.64  ]]]
6322	[[[2175.      1009.80005  939.96   ]
  [ 937.80005  988.2      937.32   ]]]
6323	[[[2176.2002  1008.60004  938.64   ]]]
6324	[[[2176.2002  1009.80005  938.72003]]]
6325	[[[2175.      1009.80005  939.6    ]]]
6326	[[[2177.4001  1007.4      940.04004]]]
6327	[[[2176.2002  1011.00006  940.04004]]]
6328	[[[2176.2002 1006.2     936.24  ]]]
6329	[[[2177.4001 1013.4     937.32  ]]]
6330	[[[2178.6  1012.2   937.24]]]
6331	[[[2176.2002  1009.80005  938.96   ]]]
6332	[[[2176.2002  1011.00006  940.04004]]]
6333	[[[2177.4001  1009.80005  939.32   ]]]
6334	[[[2177.4001  1011.00006  939.64   ]]]
6335	[[[2176.2002  1006.2      935.92004]]]
6336	[[[2175.      1009.80005  938.88   ]]]
6337	[[[2177.4001  1009.80005  939.2    ]]]
6338	[[[2179.8  1012.2   936.56]]]
6339	[[[2177.4001  1011.00006  939.28   ]]]
6340	[[[2181.      1009.80005  936.24   ]]]
6341	[[[2176.2002  1011.00006  939.96   ]]]
6342	[[[2178.6     1009.80005  938.96   ]]]
6343	[[[2176.2002  1009.80005  938.96   ]]]
6344	[[[2176.2002  1009.80005  938.64   ]]]
6345	[[[2177.4001  1011.00006  938.64   ]]]
6346	[[[2177.4001  1009.80005  938.88   ]]]
6347	[[[2176.2002  1011.00006  939.2    ]]]
6348	[[[2177.4001 1006.2     935.56  ]]]
6349	[[[2177.4001  1011.00006  939.64   ]]]
6350	[[[2177.4001  1011.00006  939.64   ]]]
6351	[[[2176.2002  1009.80005  939.2    ]]]
6352	[[[2178.6     1009.80005  938.64   ]]]
6353	[[[2177.4001  1009.80005  938.64   ]]]
6354	[[[2177.4001  1009.80005  939.2    ]]]
6355	[[[2176.2002  1008.60004  938.     ]]]
6356	[[[2177.4001  1009.80005  938.96   ]]]
6357	[[[2176.2002  1008.60004  937.96   ]]]
6358	[[[2177.4001  1008.60004  932.68   ]]]
6359	[[[2176.2002  1008.60004  937.96   ]]]
6360	[[[2178.6     1009.80005  939.2    ]]]
6361	[[[2176.2002  1008.60004  938.12   ]]]
6362	[[[2177.4001  1008.60004  933.12   ]]]
6363	[[[2177.4001  1009.80005  938.72003]]]
6364	[[[2176.2002  1009.80005  938.72003]]]
6365	[[[2177.4001  1008.60004  949.2    ]]]
6366	[[[2177.4001  1011.00006  939.4    ]]]
6367	[[[2177.4001  1009.80005  938.     ]]]
6368	[[[2176.2002  1009.80005  938.64   ]]]
6369	[[[2178.6     1008.60004  938.88   ]]]
6370	[[[2177.4001 1007.4     936.64  ]]]
6371	[[[2177.4001  1008.60004  932.36   ]]]
6372	[[[2177.4001  1009.80005  938.96   ]]]
6373	[[[2176.2002  1009.80005  939.04004]]]
6374	[[[2181.      1011.00006  936.08   ]]]
6375	[[[2177.4001  1009.80005  938.96   ]]]
6376	[[[2177.4001  1008.60004  932.44   ]]]
6377	[[[2176.2002  1008.60004  938.08   ]]]
6378	[[[2178.6     1009.80005  938.64   ]]]
6379	[[[2181.      1008.60004  934.92004]]]
6380	[[[2177.4001  1011.00006  939.4    ]]]
6381	[[[2177.4001  1009.80005  938.4    ]]]
6382	[[[2178.6     1009.80005  939.36   ]]]
6383	[[[2177.4001  1009.80005  938.96   ]]]
6384	[[[2177.4001  1007.4      932.04004]]]
6385	[[[2177.4001  1008.60004  937.64   ]]]
6386	[[[2176.2002  1008.60004  938.96   ]]]
6387	[[[2173.8 1007.4  935. ]]]
6388	[[[2177.4001  1008.60004  939.2    ]]]
6389	[[[2178.6  1007.4   938.88]]]
6390	[[[2178.6     1003.80005  935.56   ]]]
6391	[[[2179.8     1008.60004  939.68   ]]]
6392	[[[2178.6  1007.4   938.36]]]
6393	[[[2173.8 1007.4  935. ]]]
6394	[[[2176.2002 1007.4     938.36  ]]]
6395	[[[2179.8  1007.4   939.12]]]
6396	[[[2177.4001 1007.4     938.    ]]]
6397	[[[2177.4001 1007.4     938.32  ]]]
6398	[[[2178.6  1007.4   938.96]]]
6399	[[[2178.6  1007.4   938.28]]]
6400	[[[2176.2002 1007.4     939.2   ]]]
6401	[[[2178.6 1007.4  938.2]]]
6402	[[[2177.4001 1006.2     932.6   ]]]
6403	[[[2181.      1008.60004  935.92004]]]
6404	[[[2181.      1008.60004  936.48   ]]]
6405	[[[2177.4001  1008.60004  939.52   ]]]
6406	[[[2177.4001 1006.2     938.12  ]]]
6407	[[[2176.2002 1006.2     938.56  ]]]
6408	[[[2177.4001  1003.80005  936.24   ]]]
6409	[[[2177.4001 1007.4     939.12  ]]]
6410	[[[2177.4001 1007.4     939.44  ]]]
6411	[[[2178.6  1006.2   938.52]]]
6412	[[[2176.2002 1006.2     937.88  ]]]
6413	[[[2176.2002  1005.00006  938.12   ]]]
6414	[[[2176.2002  1005.00006  938.12   ]]]
6415	[[[2177.4001 1006.2     939.12  ]]]
6416	[[[2177.4001  1002.60004  935.88   ]]]
6417	[[[2178.6  1006.2   938.56]]]
6418	[[[2178.6     1005.00006  938.2    ]]]
6419	[[[2178.6 1006.2  939.2]]]
6420	[[[2178.6     1005.00006  938.8    ]]]
6421	[[[2176.2002  1008.60004  936.     ]]]
6422	[[[2178.6     1005.00006  938.64   ]]]
6423	[[[2177.4001 1006.2     938.64  ]]]
6424	[[[2179.8  1006.2   939.96]]]
6425	[[[2177.4001 1006.2     938.96  ]]]
6426	[[[2178.6     1005.00006  932.92004]]]
6427	[[[2176.2002  1008.60004  936.24   ]]]
6428	[[[2177.4001  1009.80005  935.92004]]]
6429	[[[2176.2002 1006.2     939.2   ]]]
6430	[[[2178.6  1007.4   938.56]]]
6431	[[[2177.4001 1006.2     938.56  ]]]
6432	[[[2177.4001 1006.2     938.88  ]]]
6433	[[[2177.4001  1005.00006  937.64   ]]]
6434	[[[2178.6  1006.2   938.52]]]
6435	[[[2178.6 1006.2  939.2]]]
6436	[[[2177.4001  1005.00006  937.88   ]]]
6437	[[[2179.8     1009.80005  937.88   ]]]
6438	[[[2178.6  1006.2   939.52]]]
6439	[[[2177.4001  1008.60004  936.24   ]]]
6440	[[[2178.6  1007.4   938.96]]]
6441	[[[2178.6     1005.00006  932.96   ]]]
6442	[[[2179.8     1005.00006  939.52   ]]]
6443	[[[2176.2002 1006.2     939.2   ]]]
6444	[[[2177.4001  1005.00006  938.     ]]]
6445	[[[2177.4001 1006.2     938.64  ]]]
6446	[[[2177.4001 1006.2     938.88  ]]]
6447	[[[2177.4001 1007.4     939.56  ]]]
6448	[[[2173.8     1005.00006  935.88   ]]]
6449	[[[2176.2002  1005.00006  937.88   ]]]
6450	[[[2181.   1006.2   935.24]]]
6451	[[[2178.6  1006.2   939.28]]]
6452	[[[2178.6     1005.00006  938.96   ]]]
6453	[[[2178.6  1006.2   939.64]]]
6454	[[[2178.6     1005.00006  938.32   ]]]
6455	[[[2177.4001 1006.2     939.2   ]]]
6456	[[[2176.2002 1006.2     939.64  ]]]
6457	[[[2178.6  1006.2   939.52]]]
6458	[[[2178.6  1006.2   938.64]]]
6459	[[[2177.4001  1005.00006  938.2    ]]]
6460	[[[2177.4001  1005.00006  938.52   ]]]
6461	[[[2177.4001  1005.00006  937.96   ]]]
6462	[[[2177.4001  1003.80005  932.72003]]]
6463	[[[2178.6     1003.80005  932.92004]]]
6464	[[[2177.4001  1005.00006  938.32   ]]]
6465	[[[2178.6  1006.2   939.28]]]
6466	[[[2181.      1005.00006  935.32   ]]]
6467	[[[2177.4001  1005.00006  938.64   ]]]
6468	[[[2178.6  1006.2   939.44]]]
6469	[[[2178.6     1005.00006  939.44   ]]]
6470	[[[2178.6  1006.2   939.28]]]
6471	[[[2181.   1006.2   935.64]]]
6472	[[[2177.4001  1005.00006  938.96   ]]]
6473	[[[2177.4001  1005.00006  938.12   ]]]
6474	[[[2177.4001  1005.00006  938.12   ]]]
6475	[[[2178.6  1006.2   938.96]]]
6476	[[[2176.2002 1006.2     939.4   ]]]
6477	[[[2178.6     1005.00006  933.     ]]]
6478	[[[2182.2002 1006.2     936.64  ]]]
6479	[[[2177.4001 1006.2     938.96  ]]]
6480	[[[2177.4001 1006.2     938.56  ]
  [1102.2001 1081.8     934.6   ]]]
6481	[[[2177.4001  1006.2      938.72003]]]
6482	[[[2182.2002 1006.2     936.32  ]]]
6483	[[[2179.8     1005.00006  939.28   ]]]
6484	[[[2182.2002 1006.2     936.32  ]]]
6485	[[[2178.6  1006.2   939.28]]]
6486	[[[2177.4001 1006.2     939.32  ]]]
6487	[[[2177.4001 1006.2     938.32  ]]]
6488	[[[2178.6     1003.80005  939.96   ]]]
6489	[[[2177.4001  1005.00006  933.28   ]]]
6490	[[[2177.4001 1006.2     938.52  ]]]
6491	[[[2177.4001  1005.00006  938.12   ]]]
6492	[[[2175.   1006.2   935.48]]]
6493	[[[2177.4001  1002.60004  935.92004]]]
6494	[[[2178.6  1006.2   939.52]]]
6495	[[[2182.2002 1006.2     936.48  ]]]
6496	[[[2176.2002 1006.2     939.12  ]]]
6497	[[[2178.6  1006.2   939.76]]]
6498	[[[2177.4001 1007.4     940.44  ]]]
6499	[[[2177.4001 1007.4     939.44  ]]]
6500	[[[2178.6 1006.2  939.2]]]
6501	[[[2177.4001 1006.2     938.44  ]]]
6502	[[[2178.6  1006.2   939.12]]]
6503	[[[2177.4001 1007.4     940.12  ]]]
6504	[[[2177.4001  1005.00006  933.16003]]]
6505	[[[2178.6  1006.2   938.88]]]
6506	[[[2178.6  1006.2   938.88]]]
6507	[[[2177.4001 1006.2     932.96  ]]]
6508	[[[2176.2002  1005.00006  938.44   ]]]
6509	[[[2176.2002  1005.00006  938.88   ]]]
6510	[[[2177.4001 1007.4     939.44  ]]]
6511	[[[2178.6  1007.4   939.28]]]
6512	[[[2176.2002  1005.00006  938.52   ]]]
6513	[[[2176.2002 1006.2     939.2   ]]]
6514	[[[2176.2002  1005.00006  938.64   ]]]
6515	[[[2178.6     1005.00006  938.96   ]]]
6516	[[[2177.4001 1007.4     939.52  ]]]
6517	[[[2178.6 1006.2  939.2]]]
6518	[[[2176.2002 1006.2     939.52  ]]]
6519	[[[2177.4001 1007.4     939.2   ]]]
6520	[[[2177.4001  1005.00006  932.96   ]]]
6521	[[[2177.4001  1005.00006  949.76   ]]]
6522	[[[2178.6  1006.2   938.88]]]
6523	[[[2178.6  1006.2   939.88]]]
6524	[[[2177.4001  1005.00006  932.84   ]]]
6525	[[[2178.6  1006.2   939.76]]]
6526	[[[2177.4001 1006.2     938.88  ]]]
6527	[[[2176.2002  1005.00006  938.88   ]]]
6528	[[[2177.4001  1008.60004  936.88   ]]]
6529	[[[2177.4001  1005.00006  938.24   ]]]
6530	[[[2177.4001 1006.2     939.52  ]]]
6531	[[[2176.2002 1006.2     939.2   ]]]
6532	[[[2176.2002 1006.2     939.88  ]]]
6533	[[[2177.4001  1005.00006  939.2    ]]]
6534	[[[2175.   1006.2   939.52]]]
6535	[[[2176.2002  1005.00006  938.96   ]]]
6536	[[[2179.8 1007.4  937. ]]]
6537	[[[2177.4001 1006.2     939.64  ]]]
6538	[[[2176.2002  1005.00006  949.76   ]]]
6539	[[[2177.4001  1005.00006  933.6    ]]]
6540	[[[2176.2002  1005.00006  938.56   ]]]
6541	[[[2177.4001 1006.2     938.88  ]]]
6542	[[[2178.6     1008.60004  937.32   ]]]
6543	[[[2176.2002  1005.00006  938.36   ]]]
6544	[[[2176.2002 1007.4     940.36  ]]]
6545	[[[2175.      1005.00006  939.12   ]]]
6546	[[[2178.6     1005.00006  939.68   ]]]
6547	[[[2177.4001  1005.00006  939.36   ]]]
6548	[[[2176.2002  1005.00006  938.68   ]]]
6549	[[[2176.2002  1005.00006  938.52   ]]]
6550	[[[2177.4001  1006.2      938.92004]]]
6551	[[[2176.2002  1002.60004  936.48   ]]]
6552	[[[2175.      1006.2      939.92004]]]
6553	[[[2175.      1005.00006  939.36   ]]]
6554	[[[2179.8  1006.2   936.32]]]
6555	[[[2176.2002 1006.2     939.28  ]]]
6556	[[[2177.4001 1006.2     939.28  ]]]
6557	[[[2176.2002  1005.00006  949.84   ]]]
6558	[[[2176.2002 1006.2     939.28  ]]]
6559	[[[2176.2002  1005.00006  938.56   ]]]
6560	[[[2176.2002 1006.2     939.84  ]]]
6561	[[[2176.2002  1005.00006  938.56   ]]]
6562	[[[2177.4001  1002.60004  936.24   ]]]
6563	[[[2177.4001  1003.80005  940.24   ]]]
6564	[[[2177.4001  1005.00006  939.2    ]]]
6565	[[[2179.8     1005.00006  935.16003]]]
6566	[[[2179.8     1007.4      936.92004]]]
6567	[[[2176.2002  1005.00006  939.44   ]]]
6568	[[[2177.4001  1005.00006  938.8    ]]]
6569	[[[2176.2002 1006.2     939.44  ]]]
6570	[[[2176.2002  1003.80005  938.44   ]]]
6571	[[[2177.4001  1005.00006  938.88   ]]]
6572	[[[2176.2002  1003.80005  938.88   ]]]
6573	[[[2177.4001  1003.80005  939.52   ]]]
6574	[[[2175.      1005.00006  939.92004]]]
6575	[[[2178.6     1008.60004  938.2    ]]]
6576	[[[2176.2002 1006.2     940.2   ]]]
6577	[[[2176.2002  1003.80005  932.92004]]]
6578	[[[2177.4001  1003.80005  933.6    ]]]
6579	[[[2177.4001  1003.80005  939.2    ]]]
6580	[[[2176.2002  1005.00006  939.96   ]]]
6581	[[[2177.4001  1005.00006  939.52   ]]]
6582	[[[2175.      1005.00006  939.64   ]]]
6583	[[[2176.2002  1005.00006  939.64   ]]]
6584	[[[2175.      1005.00006  939.36   ]]]
6585	[[[2175.      1003.80005  939.64   ]]]
6586	[[[2176.2002  1005.00006  939.96   ]]]
6587	[[[2176.2002  1005.00006  939.2    ]]]
6588	[[[2177.4001  1005.00006  939.52   ]]]
6589	[[[2176.2002  1003.80005  939.12   ]]]
6590	[[[2178.6 1000.2  938. ]]]
6591	[[[2177.4001  1005.00006  939.6    ]]]
6592	[[[2176.2002 1006.2     939.96  ]]]
6593	[[[2175.      1003.80005  938.88   ]]]
6594	[[[2172.6     1003.80005  936.56   ]]]
6595	[[[2176.2002  1005.00006  939.52   ]]]
6596	[[[2175.      1005.00006  939.52   ]]]
6597	[[[2176.2002  1003.80005  938.76   ]]]
6598	[[[2177.4001  1005.00006  940.4    ]]]
6599	[[[2176.2002 1006.2     940.44  ]]]
6600	[[[2176.2002 1006.2     940.12  ]]]
6601	[[[2176.2002  1003.80005  939.2    ]]]
6602	[[[2176.2002 1006.2     940.84  ]]]
6603	[[[2175.      1005.00006  940.12   ]]]
6604	[[[2176.2002  1003.80005  939.44   ]]]
6605	[[[2176.2002  1003.80005  933.16003]]]
6606	[[[2179.8  1006.2   937.12]]]
6607	[[[2181.      1005.00006  937.48   ]]]
6608	[[[2176.2002  1003.80005  933.84   ]]]
6609	[[[2175.      1005.00006  940.12   ]]]
6610	[[[2175.      1005.00006  939.44   ]]]
6611	[[[2177.4001  1008.60004  937.84   ]]]
6612	[[[2178.6     1005.00006  940.6    ]]]
6613	[[[2176.2002 1006.2     940.28  ]]]
6614	[[[2176.2002  1005.00006  939.6    ]]]
6615	[[[2175.      1005.00006  939.6    ]]]
6616	[[[2175.      1005.00006  939.68   ]]]
6617	[[[2179.8  1006.2   937.24]]]
6618	[[[2177.4001  1005.00006  939.36   ]]]
6619	[[[2176.2002  1005.00006  950.44   ]]]
6620	[[[2176.2002 1006.2     939.68  ]]]
6621	[[[2176.2002 1006.2     940.24  ]]]
6622	[[[2179.8  1006.2   936.96]]]
6623	[[[2175.      1005.00006  939.56   ]]]
6624	[[[2176.2002  1005.00006  938.8    ]]]
6625	[[[2177.4001 1006.2     939.44  ]]]
6626	[[[2176.2002 1006.2     939.68  ]]]
6627	[[[2175.  1006.2  940. ]]]
6628	[[[2175.      1005.00006  939.68   ]]]
6629	[[[2176.2002  1003.80005  940.36   ]]]
6630	[[[2177.4001  1005.00006  940.     ]]]
6631	[[[2176.2002 1006.2     939.88  ]]]
6632	[[[2175.  1006.2  940.2]]]
6633	[[[2177.4001  1005.00006  939.76   ]]]
6634	[[[2177.4001  1005.00006  939.8    ]]]
6635	[[[2175.   1006.2   940.12]]]
6636	[[[2179.8  1007.4   937.36]]]
6637	[[[2176.2002 1007.4     940.44  ]]]
6638	[[[2176.2002  1006.2      940.04004]]]
6639	[[[2175.      1005.00006  939.04004]]]
6640	[[[2177.4001  1009.80005  937.8    ]]]
6641	[[[2172.6     1005.00006  936.48   ]]]
6642	[[[2175.   1006.2   939.36]]]
6643	[[[2176.2002  1005.00006  939.36   ]]]
6644	[[[2176.2002 1006.2     939.68  ]]]
6645	[[[2176.2002  1003.80005  937.8    ]]]
6646	[[[2175.      1003.80005  939.04004]]]
6647	[[[2175.      1003.80005  939.     ]]]
6648	[[[2176.2002  1003.80005  933.84   ]]]
6649	[[[2176.2002 1006.2     940.44  ]]]
6650	[[[2176.2002  1005.00006  939.6    ]]]
6651	[[[2175.      1003.80005  939.12   ]]]
6652	[[[2178.6  1007.4   937.68]]]
6653	[[[2175.      1005.00006  939.12   ]]]
6654	[[[2175.      1005.00006  939.44   ]]]
6655	[[[2176.2002  1002.60004  940.16003]]]
6656	[[[2177.4001  1005.00006  940.     ]]]
6657	[[[2176.2002  1003.80005  938.8    ]]]
6658	[[[2176.2002  1005.00006  940.36   ]]]
6659	[[[2176.2002  1005.00006  939.44   ]]]
6660	[[[2172.6     1003.80005  935.4    ]]]
6661	[[[2173.8     1003.80005  939.6    ]]]
6662	[[[2179.8     1003.80005  935.96   ]]]
6663	[[[2179.8     1005.00006  936.8    ]]]
6664	[[[2176.2002  1003.80005  938.84   ]]]
6665	[[[2177.4001  1003.80005  939.76   ]]]
6666	[[[2175.      1002.60004  938.8    ]]]
6667	[[[2176.2002  1000.2      936.16003]]]
6668	[[[2175.      1003.80005  939.68   ]]]
6669	[[[2176.2002 1007.4     936.52  ]]]
6670	[[[2176.2002  1005.00006  940.16003]]]
6671	[[[2175.      1003.80005  939.52   ]]]
6672	[[[2181.      1005.00006  707.72   ]]]
6673	[[[2177.4001  1003.80005  938.44   ]]]
6674	[[[2177.4001  1005.00006  939.12   ]]]
6675	[[[2176.2002  1005.00006  940.48   ]]]
6676	[[[2176.2002  1003.80005  938.44   ]]]
6677	[[[2172.6     1003.80005  935.88   ]]]
6678	[[[2181.      1005.00006  936.48   ]]]
6679	[[[2177.4001  1003.80005  939.52   ]]]
6680	[[[2177.4001  1003.80005  938.84   ]]]
6681	[[[2176.2002  1003.80005  938.6    ]]]
6682	[[[2176.2002  1002.60004  938.6    ]]]
6683	[[[2179.8     1002.60004  709.68   ]]]
6684	[[[2177.4001  1003.80005  938.52   ]]]
6685	[[[2181.      1003.80005  936.2    ]]]
6686	[[[2181.      1005.00006  936.52   ]]]
6687	[[[2176.2002  1002.60004  932.68   ]]]
6688	[[[2179.8     1003.80005  935.16003]]]
6689	[[[2179.8     1003.80005  935.28   ]]]
6690	[[[2176.2002  1005.00006  939.76   ]]]
6691	[[[2177.4001  1003.80005  939.68   ]]]
6692	[[[2176.2002  1002.60004  938.64   ]]]
6693	[[[2176.2002  1003.80005  939.68   ]]]
6694	[[[2176.2002  1002.60004  938.72003]]]
6695	[[[2176.2002  1002.60004  938.88   ]]]
6696	[[[2176.2002 1001.4     932.36  ]]]
6697	[[[2176.2002  1002.60004  938.88   ]]]
6698	[[[2176.2002  1005.00006  939.88   ]]]
6699	[[[2176.2002  1003.80005  939.52   ]]]
6700	[[[2176.2002  1003.80005  939.6    ]]]
6701	[[[2176.2002  1002.60004  938.28   ]]]
6702	[[[2176.2002  1002.60004  939.12   ]]]
6703	[[[2181.      1003.80005  936.48   ]]]
6704	[[[2176.2002  1002.60004  938.44   ]]]
6705	[[[2172.6     1002.60004  935.92004]]]
6706	[[[2176.2002  1002.60004  938.28   ]]]
6707	[[[2177.4001   999.00006  935.48   ]]]
6708	[[[2176.2002 1001.4     938.48  ]]]
6709	[[[2181.      1002.60004  936.12   ]]]
6710	[[[2176.2002   999.00006  936.16003]]]
6711	[[[2177.4001 1001.4     933.08  ]]]
6712	[[[2173.8     1002.60004  935.04004]]]
6713	[[[2175.      1002.60004  939.68   ]]]
6714	[[[2177.4001  1005.00006  937.04004]]]
6715	[[[2178.6     1002.60004  939.44   ]]]
6716	[[[2178.6 1001.4  939. ]]]
6717	[[[2177.4001  1005.00006  936.48   ]]]
6718	[[[2177.4001 1000.2     937.4   ]]]
6719	[[[2181.      1002.60004  935.96   ]]]
6720	[[[2177.4001  1002.60004  939.28   ]]]
6721	[[[2177.4001 1001.4     938.76  ]]]
6722	[[[2178.6     1005.00006  937.36   ]]]
6723	[[[2177.4001 1001.4     938.68  ]]]
6724	[[[2173.8     1000.2      936.04004]]]
6725	[[[2177.4001  1002.60004  939.92004]]]
6726	[[[2177.4001 1000.2     937.28  ]]]
6727	[[[2176.2002 1000.2     937.96  ]]]
6728	[[[2177.4001  1002.60004  939.36   ]]]
6729	[[[2178.6  1001.4   939.36]]]
6730	[[[2181.      1002.60004  935.96   ]]]
6731	[[[2177.4001  1000.2      937.72003]]]
6732	[[[2181.      1002.60004  936.08   ]]]
6733	[[[2176.2002 1001.4     938.28  ]]]
6734	[[[2177.4001 1001.4     938.28  ]]]
6735	[[[2175.      1003.80005  936.28   ]]]
6736	[[[2177.4001 1001.4     938.44  ]]]
6737	[[[2173.8     1001.4      935.72003]]]
6738	[[[2178.6  1000.2   938.68]]]
6739	[[[2173.8     1002.60004  936.72003]]]
6740	[[[2181.      1001.4      936.16003]]]
6741	[[[2177.4001  1000.2      938.72003]]]
6742	[[[2178.6  1000.2   938.44]]]
6743	[[[2181.      1002.60004  936.16003]]]
6744	[[[2178.6  1000.2   939.12]]]
6745	[[[2176.2002 1000.2     938.68  ]]]
6746	[[[2177.4001 1000.2     937.8   ]]]
6747	[[[2177.4001   997.80005  935.84   ]]]
6748	[[[2178.6 1001.4  939. ]]]
6749	[[[2177.4001 1001.4     938.12  ]]]
6750	[[[2178.6     1002.60004  938.68   ]]]
6751	[[[2178.6  1001.4   938.56]]]
6752	[[[2181.      1002.60004  936.56   ]]]
6753	[[[2177.4001 1000.2     938.24  ]]]
6754	[[[2178.6  1000.2   949.44]]]
6755	[[[2179.8  1000.2   939.44]]]
6756	[[[2177.4001   999.00006  938.2    ]]]
6757	[[[2179.8  1000.2   939.12]]]
6758	[[[2178.6  1000.2   939.12]]]
6759	[[[2179.8 1000.2  938.8]]]
6760	[[[2177.4001  1000.2      938.04004]]]
6761	[[[2177.4001 1000.2     938.8   ]]]
6762	[[[2177.4001   999.00006  938.44   ]]]
6763	[[[2176.2002 1000.2     939.12  ]]]
6764	[[[2177.4001 1000.2     939.28  ]]]
6765	[[[2178.6      999.00006  949.68   ]]]
6766	[[[2176.2002   999.00006  938.28   ]]]
6767	[[[2177.4001 1000.2     939.44  ]]]
6768	[[[2179.8  1000.2   939.76]]]
6769	[[[2178.6      999.00006  938.36   ]]]
6770	[[[2177.4001   997.80005  937.96   ]]]
6771	[[[2177.4001 1000.2     939.44  ]]]
6772	[[[2178.6      999.00006  939.44   ]]]
6773	[[[2176.2002   999.00006  938.48   ]]]
6774	[[[2177.4001 1000.2     938.68  ]]]
6775	[[[2173.8      999.00006  935.4    ]]]
6776	[[[2177.4001   999.00006  937.8    ]]]
6777	[[[2176.2002   997.80005  938.48   ]]]
6778	[[[2176.2002   999.00006  938.48   ]]]
6779	[[[2177.4001  995.4     935.4   ]]]
6780	[[[2177.4001   997.80005  938.36   ]]]
6781	[[[2176.2002   999.00006  939.12   ]]]
6782	[[[2176.2002   997.80005  938.12   ]]]
6783	[[[2177.4001 1001.4     936.48  ]]]
6784	[[[2177.4001   997.80005  938.04004]]]
6785	[[[2177.4001   996.60004  937.04004]]]
6786	[[[2177.4001   997.80005  937.68   ]]]
6787	[[[2177.4001   997.80005  938.36   ]]]
6788	[[[2181.      1000.2      936.72003]]]
6789	[[[2177.4001   996.60004  932.52   ]]]
6790	[[[2177.4001   999.00006  940.12   ]]]
6791	[[[2178.6      999.00006  938.72003]]]
6792	[[[2177.4001   997.80005  939.04004]]]
6793	[[[2182.2002   999.00006  935.72003]]]
6794	[[[2177.4001   996.60004  938.36   ]]]
6795	[[[2181.       999.00006  936.72003]]]
6796	[[[2176.2002   997.80005  939.6    ]]]
6797	[[[2181.       999.00006  936.4    ]]]
6798	[[[2177.4001   997.80005  939.24   ]]]
6799	[[[2173.8      996.60004  935.72003]]]
6800	[[[2178.6      997.80005  938.68   ]]]
6801	[[[2178.6      996.60004  939.36   ]]]
6802	[[[2178.6      997.80005  939.36   ]]]
6803	[[[2181.   1000.2   937.68]]]
6804	[[[2177.4001   997.80005  939.6    ]]]
6805	[[[2177.4001   997.80005  939.36   ]]]
6806	[[[2177.4001  995.4     932.32  ]]]
6807	[[[2176.2002   997.80005  939.6    ]]]
6808	[[[2178.6      996.60004  939.24   ]]]
6809	[[[2178.6      997.80005  939.28   ]]]
6810	[[[2179.8      996.60004  939.28   ]]]
6811	[[[2176.2002   996.60004  939.12   ]]]
6812	[[[2179.8      996.60004  939.36   ]]]
6813	[[[2177.4001  995.4     932.44  ]]]
6814	[[[2178.6  995.4  949.6]]]
6815	[[[2177.4001   997.80005  940.04004]]]
6816	[[[2182.2002   997.80005  936.4    ]]]
6817	[[[2177.4001   996.60004  938.72003]]]
6818	[[[2178.6      996.60004  939.44   ]]]
6819	[[[2179.8      996.60004  939.44   ]]]
6820	[[[2177.4001   996.60004  938.68   ]]]
6821	[[[2177.4001   997.80005  939.68   ]]]
6822	[[[2181.       997.80005  936.48   ]]]
6823	[[[2178.6      997.80005  939.12   ]]]
6824	[[[2178.6      996.60004  939.36   ]]]
6825	[[[2178.6      996.60004  939.76   ]]]
6826	[[[2178.6  995.4  938.8]]]
6827	[[[2178.6      996.60004  940.     ]]]
6828	[[[2177.4001   997.80005  940.12   ]]]
6829	[[[2177.4001  995.4     939.12  ]]]
6830	[[[2177.4001   996.60004  939.12   ]]]
6831	[[[2177.4001   996.60004  940.12   ]]]
6832	[[[2178.6      996.60004  939.8    ]]]
6833	[[[2179.8   995.4   939.68]]]
6834	[[[2178.6      991.80005  935.84   ]]]
6835	[[[2177.4001   996.60004  939.88   ]]]
6836	[[[2177.4001  995.4     938.56  ]]]
6837	[[[2177.4001   996.60004  939.76   ]]]
6838	[[[2177.4001  995.4     938.88  ]]]
6839	[[[2176.2002  995.4     939.88  ]]]
6840	[[[2177.4001   996.60004  940.2    ]]]
6841	[[[2177.4001   991.80005  936.32   ]]]
6842	[[[2177.4001  995.4     939.88  ]]]
6843	[[[2177.4001  994.2     938.88  ]]]
6844	[[[2178.6   994.2   939.76]]]
6845	[[[2181.    995.4   936.56]]]
6846	[[[2181.       995.4      936.16003]]]
6847	[[[2177.4001  995.4     939.52  ]]]
6848	[[[2177.4001  994.2     938.2   ]]]
6849	[[[2177.4001  995.4     939.84  ]]]
6850	[[[2176.2002  994.2     939.88  ]]]
6851	[[[2176.2002  994.2     939.12  ]]]
6852	[[[2177.4001   993.00006  932.92004]]]
6853	[[[2173.8  994.2  935.8]]]
6854	[[[2177.4001  994.2     939.2   ]]]
6855	[[[2177.4001  995.4     940.2   ]]]
6856	[[[2178.6   995.4   939.96]]]
6857	[[[2177.4001  995.4     940.12  ]]]
6858	[[[2177.4001  995.4     939.84  ]]]
6859	[[[2178.6  995.4  939.2]]]
6860	[[[2176.2002   997.80005  937.24   ]]]
6861	[[[2177.4001   993.00006  933.28   ]]]
6862	[[[2181.    995.4   936.56]]]
6863	[[[2176.2002  994.2     938.88  ]]]
6864	[[[2177.4001  995.4     939.76  ]]]
6865	[[[2177.4001   993.00006  932.92004]]]
6866	[[[2181.       996.60004  937.12   ]]]
6867	[[[2178.6   995.4   939.12]]]
6868	[[[2177.4001   993.00006  932.84   ]]]
6869	[[[2178.6  994.2  938.8]]]
6870	[[[2176.2002  994.2     940.    ]]]
6871	[[[2177.4001   991.80005  937.2    ]]]
6872	[[[2178.6      997.80005  937.24   ]]]
6873	[[[2177.4001  994.2     938.88  ]]]
6874	[[[2177.4001  994.2     939.12  ]]]
6875	[[[2177.4001   993.00006  949.76   ]]]
6876	[[[2177.4001  995.4     940.76  ]]]
6877	[[[2177.4001  994.2     938.68  ]]]
6878	[[[2177.4001  994.2     939.2   ]]]
6879	[[[2178.6   994.2   939.44]]]
6880	[[[2178.6      991.80005  940.44   ]]]
6881	[[[2178.6      990.60004  936.48   ]]]
6882	[[[2177.4001  994.2     938.88  ]]]
6883	[[[2177.4001  995.4     940.2   ]]]
6884	[[[2178.6      991.80005  940.2    ]]]
6885	[[[2178.6   994.2   939.76]]]
6886	[[[2181.       996.60004  937.56   ]]]
6887	[[[2177.4001  995.4     939.88  ]]]
6888	[[[2177.4001  995.4     939.68  ]]]
6889	[[[2177.4001   990.60004  936.48   ]]]
6890	[[[2178.6      997.80005  937.48   ]]]
6891	[[[2177.4001  994.2     938.96  ]]]
6892	[[[2177.4001  994.2     939.2   ]]]
6893	[[[2178.6   994.2   939.64]]]
6894	[[[2179.8  994.2  940.2]]]
6895	[[[2178.6   994.2   938.88]]]
6896	[[[2177.4001   993.00006  939.2    ]]]
6897	[[[2179.8      993.00006  939.56   ]]]
6898	[[[2177.4001  994.2     938.88  ]]]
6899	[[[2177.4001  995.4     940.2   ]]]
6900	[[[2177.4001  994.2     939.2   ]]]
6901	[[[2176.2002   993.00006  939.28   ]]]
6902	[[[2177.4001  989.4     936.    ]]]
6903	[[[2178.6      993.00006  939.2    ]]]
6904	[[[2177.4001   993.00006  938.64   ]]]
6905	[[[2177.4001   991.80005  938.24   ]]]
6906	[[[2182.2002   993.00006  936.56   ]]]
6907	[[[2178.6      993.00006  939.2    ]]]
6908	[[[2178.6      991.80005  933.24   ]]]
6909	[[[2177.4001   993.00006  939.64   ]]]
6910	[[[2175.       993.00006  936.24   ]]]
6911	[[[2179.8      993.00006  939.64   ]]]
6912	[[[2179.8      991.80005  939.84   ]]]
6913	[[[2179.8      991.80005  933.6    ]]]
6914	[[[2177.4001   991.80005  939.2    ]]]
6915	[[[2181.       991.80005  939.2    ]]]
6916	[[[2179.8      993.00006  939.76   ]]]
6917	[[[2179.8      996.60004  937.44   ]]]
6918	[[[2179.8      993.00006  940.2    ]]]
6919	[[[2178.6      993.00006  940.44   ]]]
6920	[[[2182.2002  994.2     937.24  ]]]
6921	[[[2179.8      991.80005  939.12   ]]]
6922	[[[2179.8      993.00006  939.44   ]]]
6923	[[[2183.4001   993.00006  936.8    ]]]
6924	[[[2179.8      991.80005  933.16003]]]
6925	[[[2178.6      995.4      937.04004]]]
6926	[[[2178.6      993.00006  939.44   ]]]
6927	[[[2178.6      993.00006  939.44   ]]]
6928	[[[2181.       991.80005  939.44   ]]]
6929	[[[2183.4001   993.00006  936.8    ]]]
6930	[[[2179.8   989.4   940.68]]]
6931	[[[2179.8      993.00006  939.8    ]]]
6932	[[[2181.       991.80005  940.     ]]]
6933	[[[2179.8      991.80005  939.12   ]]]
6934	[[[2183.4001   993.00006  936.48   ]]]
6935	[[[2179.8   989.4   937.36]]]
6936	[[[2178.6      993.00006  939.92004]]]
6937	[[[2179.8      991.80005  939.36   ]]]
6938	[[[2181.       991.80005  939.36   ]]]
6939	[[[2179.8   995.4   937.36]]]
6940	[[[2181.       991.80005  939.36   ]]]
6941	[[[2178.6      993.00006  940.     ]]]
6942	[[[2178.6      991.80005  939.68   ]]]
6943	[[[2178.6      991.80005  939.12   ]]]
6944	[[[2183.4001   993.00006  936.48   ]]]
6945	[[[2181.       993.00006  939.44   ]]]
6946	[[[2182.2002   991.80005  940.76   ]]]
6947	[[[2179.8      991.80005  938.88   ]]]
6948	[[[2178.6      991.80005  939.52   ]]]
6949	[[[2179.8      991.80005  939.2    ]]]
6950	[[[2179.8      991.80005  938.56   ]]]
6951	[[[2183.4001   991.80005  936.32   ]]]
6952	[[[2179.8      990.60004  933.6    ]]]
6953	[[[2181.       993.00006  939.52   ]]]
6954	[[[2179.8      991.80005  938.96   ]]]
6955	[[[2179.8      991.80005  938.32   ]]]
6956	[[[2178.6      991.80005  938.96   ]]]
6957	[[[2176.2002   991.80005  936.24   ]]]
6958	[[[2181.       991.80005  939.96   ]]]
6959	[[[2176.2002   991.80005  936.     ]]]
6960	[[[2181.       991.80005  939.52   ]]]
6961	[[[2179.8      991.80005  939.2    ]]]
6962	[[[2179.8      991.80005  939.96   ]]]
6963	[[[2179.8   988.2   936.32]]]
6964	[[[2183.4001   990.60004  935.24   ]]]
6965	[[[2178.6      991.80005  939.88   ]]]
6966	[[[2179.8      990.60004  938.52   ]]]
6967	[[[2181.       993.00006  939.2    ]]]
6968	[[[2179.8      990.60004  938.24   ]]]
6969	[[[2179.8      991.80005  939.44   ]]]
6970	[[[2179.8  988.2  936.8]]]
6971	[[[2181.       991.80005  939.12   ]]]
6972	[[[2181.       991.80005  939.12   ]]]
6973	[[[2181.       990.60004  939.76   ]]]
6974	[[[2178.6      990.60004  939.44   ]]]
6975	[[[2179.8      991.80005  940.12   ]]]
6976	[[[2181.       990.60004  939.68   ]]]
6977	[[[2183.4001   991.80005  937.04004]]]
6978	[[[2181.       990.60004  939.76   ]]]
6979	[[[2179.8      990.60004  939.12   ]]]
6980	[[[2181.    989.4   939.44]]]
6981	[[[2181.       990.60004  939.76   ]]]
6982	[[[2179.8      991.80005  940.12   ]]]
6983	[[[2181.       987.00006  936.48   ]]]
6984	[[[2179.8      991.80005  940.76   ]]]
6985	[[[2179.8      990.60004  940.08   ]]]
6986	[[[2179.8      990.60004  939.44   ]]]
6987	[[[2181.       990.60004  940.2    ]]]
6988	[[[2179.8      990.60004  939.12   ]]]
6989	[[[2179.8      990.60004  939.8    ]]]
6990	[[[2181.    988.2   940.44]]]
6991	[[[2183.4001   990.60004  936.24   ]]]
6992	[[[2179.8   988.2   937.88]]]
6993	[[[2179.8      990.60004  940.28   ]]]
6994	[[[2179.8   989.4   938.64]]]
6995	[[[2182.2002   985.80005  937.56   ]]]
6996	[[[2176.2002  989.4     935.56  ]]]
6997	[[[2179.8      990.60004  940.52   ]]]
6998	[[[2179.8      990.60004  939.52   ]]]
6999	[[[2178.6      990.60004  939.2    ]]]
7000	[[[2179.8   989.4   938.56]]]
7001	[[[2176.2002   990.60004  935.6    ]
  [1093.8     1069.8      926.36   ]]]
7002	[[[2178.6      990.60004  939.2    ]]]
7003	[[[2179.8      990.60004  940.2    ]]]
7004	[[[2181.       990.60004  939.76   ]]]
7005	[[[2179.8   989.4   938.52]]]
7006	[[[2179.8      990.60004  939.84   ]]]
7007	[[[2178.6      985.80005  935.68   ]]]
7008	[[[2178.6      990.60004  939.2    ]]]
7009	[[[2178.6      990.60004  939.88   ]]]
7010	[[[2178.6   989.4   938.56]]]
7011	[[[2178.6      990.60004  939.44   ]]]
7012	[[[2178.6      990.60004  938.88   ]]]
7013	[[[2181.       990.60004  940.08   ]]]
7014	[[[2178.6      991.80005  940.52   ]]]
7015	[[[2178.6   989.4   938.88]]]
7016	[[[2183.4001   991.80005  936.56   ]]]
7017	[[[2177.4001   990.60004  939.88   ]]]
7018	[[[2178.6      990.60004  939.2    ]]]
7019	[[[2179.8      987.00006  936.32   ]]]
7020	[[[2181.       990.60004  939.88   ]]]
7021	[[[2179.8      991.80005  940.52   ]]]
7022	[[[2179.8      990.60004  939.12   ]]]
7023	[[[2179.8      991.80005  939.52   ]]]
7024	[[[2181.    994.2   938.12]]]
7025	[[[2179.8      991.80005  939.76   ]]]
7026	[[[2178.6      991.80005  940.44   ]]]
7027	[[[2177.4001   990.60004  939.44   ]]]
7028	[[[2179.8      993.00006  939.2    ]]]
7029	[[[2178.6      990.60004  933.28   ]]]
7030	[[[2181.    994.2   938.44]]]
7031	[[[2179.8      991.80005  940.2    ]]]
7032	[[[2178.6   994.2   937.24]]]
7033	[[[2178.6      990.60004  938.64   ]]]
7034	[[[2179.8      990.60004  939.52   ]]]
7035	[[[2177.4001   991.80005  939.52   ]]]
7036	[[[2178.6   989.4   940.64]]]
7037	[[[2178.6   989.4   940.84]]]
7038	[[[2181.       993.00006  937.64   ]]]
7039	[[[2178.6      991.80005  939.84   ]]]
7040	[[[2176.2002   991.80005  940.2    ]]]
7041	[[[2177.4001   991.80005  940.52   ]]]
7042	[[[2178.6      991.80005  939.84   ]]]
7043	[[[2178.6      991.80005  939.52   ]]]
7044	[[[2176.2002   990.60004  938.44   ]]]
7045	[[[2178.6      991.80005  939.56   ]]]
7046	[[[2178.6      990.60004  939.44   ]]]
7047	[[[2177.4001  988.2     936.56  ]]]
7048	[[[2177.4001  989.4     937.12  ]]]
7049	[[[2177.4001   991.80005  933.6    ]]]
7050	[[[2178.6      991.80005  939.44   ]]]
7051	[[[2181.       991.80005  936.32   ]]]
7052	[[[2179.8  995.4  938.2]]]
7053	[[[2177.4001  988.2     936.24  ]]]
7054	[[[2176.2002   991.80005  939.56   ]]]
7055	[[[2178.6      993.00006  939.88   ]]]
7056	[[[2178.6      991.80005  939.52   ]]]
7057	[[[2177.4001   991.80005  933.28   ]]]
7058	[[[2176.2002   991.80005  938.88   ]]]
7059	[[[2176.2002   993.00006  938.56   ]]]
7060	[[[2177.4001   991.80005  938.24   ]]]
7061	[[[2175.       993.00006  939.52   ]]]
7062	[[[2176.2002  995.4     940.52  ]]]
7063	[[[2177.4001  994.2     939.56  ]]]
7064	[[[2176.2002  994.2     939.2   ]]]
7065	[[[2176.2002  994.2     939.52  ]]]
7066	[[[2176.2002  994.2     939.2   ]]]
7067	[[[2176.2002  994.2     938.88  ]]]
7068	[[[2176.2002   990.60004  936.24   ]]]
7069	[[[2176.2002  995.4     940.2   ]]]
7070	[[[2175.   994.2  939.2]]]
7071	[[[2176.2002   991.80005  937.24   ]]]
7072	[[[2177.4001  994.2     939.2   ]]]
7073	[[[2176.2002  995.4     940.28  ]]]
7074	[[[2177.4001  995.4     939.32  ]]]
7075	[[[2176.2002   996.60004  940.2    ]]]
7076	[[[2178.6      999.00006  938.2    ]]]
7077	[[[2176.2002  995.4     938.64  ]]]
7078	[[[2176.2002  994.2     933.24  ]]]
7079	[[[2176.2002   994.2      933.04004]]]
7080	[[[2175.       995.4      939.72003]]]
7081	[[[2175.    995.4   939.48]]]
7082	[[[2176.2002  995.4     939.36  ]]]
7083	[[[2175.    995.4   939.48]]]
7084	[[[2175.    994.2   938.96]]]
7085	[[[2179.8      996.60004  936.76   ]]]
7086	[[[2175.    994.2   938.64]]]
7087	[[[2176.2002   993.00006  937.32   ]]]
7088	[[[2175.       996.60004  939.2    ]]]
7089	[[[2176.2002   996.60004  940.2    ]]]
7090	[[[2177.4001   996.60004  939.32   ]]]
7091	[[[2176.2002   996.60004  939.88   ]]]
7092	[[[2175.    994.2   938.56]]]
7093	[[[2175.    995.4   938.64]]]
7094	[[[2176.2002   996.60004  939.6    ]]]
7095	[[[2176.2002  994.2     937.64  ]]]
7096	[[[2177.4001  995.4     938.88  ]]]
7097	[[[2177.4001   996.60004  939.2    ]]]
7098	[[[2177.4001   996.60004  939.2    ]]]
7099	[[[2176.2002  995.4     938.88  ]]]
7100	[[[2176.2002   993.00006  936.24   ]]]
7101	[[[2179.8      997.80005  936.24   ]]]
7102	[[[2177.4001   996.60004  939.88   ]]]
7103	[[[2175.       996.60004  939.52   ]]]
7104	[[[2177.4001   996.60004  939.2    ]]]
7105	[[[2177.4001   996.60004  938.96   ]]]
7106	[[[2176.2002   996.60004  939.28   ]]]
7107	[[[2176.2002   993.00006  936.24   ]]]
7108	[[[2179.8      999.00006  936.88   ]]]
7109	[[[2177.4001   996.60004  938.96   ]]]
7110	[[[2177.4001   997.80005  939.88   ]]]
7111	[[[2176.2002  995.4     949.28  ]]]
7112	[[[2176.2002  995.4     932.36  ]]]
7113	[[[2177.4001   997.80005  938.96   ]]]
7114	[[[2176.2002   997.80005  939.96   ]]]
7115	[[[2177.4001   996.60004  938.64   ]]]
7116	[[[2179.8   995.4   935.32]]]
7117	[[[2177.4001   996.60004  939.2    ]]]
7118	[[[2176.2002   997.80005  940.2    ]]]
7119	[[[2176.2002   997.80005  939.28   ]]]
7120	[[[2177.4001   996.60004  938.64   ]]]
7121	[[[2176.2002   996.60004  939.32   ]]]
7122	[[[2177.4001   996.60004  938.96   ]]]
7123	[[[2172.6   995.4   935.56]]]
7124	[[[2178.6   995.4   939.32]]]
7125	[[[2177.4001   996.60004  939.64   ]]]
7126	[[[2176.2002   996.60004  939.64   ]]]
7127	[[[2176.2002   996.60004  939.96   ]]]
7128	[[[2177.4001   991.80005  936.     ]]]
7129	[[[2177.4001  995.4     939.6   ]]]
7130	[[[2177.4001  995.4     939.6   ]]]
7131	[[[2177.4001   999.00006  937.64   ]]]
7132	[[[2176.2002   996.60004  939.72003]]]
7133	[[[2176.2002   996.60004  939.96   ]]]
7134	[[[2177.4001  995.4     939.28  ]]]
7135	[[[2176.2002   993.00006  939.96   ]]]
7136	[[[2176.2002   996.60004  939.64   ]]]
7137	[[[2176.2002   996.60004  939.2    ]]]
7138	[[[2181.    995.4   936.32]]]
7139	[[[2177.4001  995.4     938.64  ]]]
7140	[[[2177.4001  995.4     938.4   ]]]
7141	[[[2176.2002   996.60004  939.72003]]]
7142	[[[2172.6   994.2   935.76]]]
7143	[[[2177.4001   996.60004  939.4    ]]]
7144	[[[2177.4001   995.4      938.72003]]]
7145	[[[2177.4001   991.80005  936.     ]]]
7146	[[[2176.2002  995.4     938.64  ]]]
7147	[[[2176.2002  994.2     932.68  ]]]
7148	[[[2176.2002  995.4     938.08  ]]]
7149	[[[2177.4001   991.80005  935.12   ]]]
7150	[[[2177.4001   991.80005  935.52   ]]]
7151	[[[2176.2002   993.00006  936.44   ]]]
7152	[[[2176.2002   996.60004  939.4    ]]]
7153	[[[2179.8      996.60004  936.4    ]]]
7154	[[[2177.4001  995.4     939.08  ]]]
7155	[[[2176.2002   995.4      938.72003]]]
7156	[[[2176.2002   991.80005  935.52   ]]]
7157	[[[2176.2002  995.4     938.48  ]]]
7158	[[[2177.4001   996.60004  939.16003]]]
7159	[[[2177.4001   996.60004  939.04004]]]
7160	[[[2177.4001  995.4     938.4   ]]]
7161	[[[2177.4001   995.4      938.72003]]]
7162	[[[2176.2002   995.4      938.83997]]]
7163	[[[2176.2002   993.00006  936.83997]]]
7164	[[[2176.2002  995.4     939.36  ]]]
7165	[[[2172.6   994.2   935.12]]]
7166	[[[2176.2002   995.4      939.04004]]]
7167	[[[2176.2002   995.4      939.04004]]]
7168	[[[2177.4001   995.4      938.72003]]]
7169	[[[2178.6      994.2      938.72003]]]
7170	[[[2177.4001  994.2     938.32  ]]]
7171	[[[2176.2002  994.2     938.4   ]]]
7172	[[[2176.2002   997.80005  935.76   ]]]
7173	[[[2176.2002  994.2     938.4   ]]]
7174	[[[2173.8   994.2   935.52]]]
7175	[[[2178.6      994.2      938.72003]]]
7176	[[[2178.6   994.2   938.64]]]
7177	[[[2178.6      996.60004  938.28   ]]]
7178	[[[2179.8      997.80005  937.32   ]]]
7179	[[[2177.4001  995.4     939.32  ]]]
7180	[[[2177.4001  994.2     937.64  ]]]
7181	[[[2176.2002  995.4     938.96  ]]]
7182	[[[2177.4001  994.2     938.    ]]]
7183	[[[2178.6   995.4   938.32]]]
7184	[[[2176.2002  995.4     939.28  ]]]
7185	[[[2177.4001  994.2     937.96  ]]]
7186	[[[2178.6   995.4   938.64]]]
7187	[[[2177.4001  994.2     938.32  ]]]
7188	[[[2181.       995.4      934.92004]]]
7189	[[[2176.2002  994.2     937.96  ]]]
7190	[[[2177.4001  994.2     932.36  ]]]
7191	[[[2177.4001   996.60004  939.4    ]]]
7192	[[[2177.4001   995.4      938.72003]]]
7193	[[[2176.2002  995.4     938.4   ]]]
7194	[[[2176.2002  994.2     938.08  ]]]
7195	[[[2177.4001   995.4      938.72003]]]
7196	[[[2177.4001   996.60004  939.72003]]]
7197	[[[2177.4001   996.60004  939.28   ]]]
7198	[[[2178.6      996.60004  938.72003]]]
7199	[[[2177.4001  995.4     933.    ]]]
7200	[[[2175.       997.80005  935.32   ]]]
7201	[[[2181.       996.60004  936.2    ]]]
7202	[[[2178.6      996.60004  939.36   ]]]
7203	[[[2177.4001  995.4     932.88  ]]]
7204	[[[2173.8      996.60004  935.08   ]]]
7205	[[[2177.4001   996.60004  938.4    ]]]
7206	[[[2175.       996.60004  939.04004]]]
7207	[[[2179.8      999.00006  936.76   ]]]
7208	[[[2177.4001   996.60004  939.4    ]]]
7209	[[[2173.8      996.60004  934.76   ]]]
7210	[[[2178.6      996.60004  939.28   ]]]
7211	[[[2179.8      999.00006  937.32   ]]]
7212	[[[2176.2002   993.00006  936.     ]]]
7213	[[[2177.4001   996.60004  938.32   ]]]
7214	[[[2177.4001   996.60004  938.28   ]]]
7215	[[[2177.4001   996.60004  938.4    ]]]
7216	[[[2176.2002   996.60004  938.72003]]]
7217	[[[2177.4001   996.60004  939.4    ]]]
7218	[[[2176.2002  995.4     938.08  ]]]
7219	[[[2176.2002   996.60004  938.96   ]]]
7220	[[[2177.4001   995.4      939.04004]]]
7221	[[[2176.2002  995.4     938.48  ]]]
7222	[[[2178.6      999.00006  936.83997]]]
7223	[[[2172.6   995.4   935.52]]]
7224	[[[2176.2002   995.4      937.72003]]]
7225	[[[2175.       995.4      937.72003]]]
7226	[[[2177.4001   996.60004  938.72003]
  [1078.2001   975.00006  959.84   ]]]
7227	[[[2176.2002   996.60004  939.4    ]]]
7228	[[[2179.8      996.60004  936.     ]]]
7229	[[[2175.       996.60004  938.72003]]]
7230	[[[2177.4001  995.4     939.08  ]]]
7231	[[[2178.6      997.80005  936.48   ]]]
7232	[[[2177.4001   995.4      938.83997]]]
7233	[[[2177.4001   999.00006  937.16003]]]
7234	[[[2176.2002  995.4     938.8   ]]]
7235	[[[2175.   994.2  937.4]]]
7236	[[[2175.   994.2  937.4]]]
7237	[[[2176.2002  995.4     938.48  ]]]
7238	[[[2176.2002  994.2     949.28  ]]]
7239	[[[2175.   994.2  937.4]]]
7240	[[[2178.6   994.2   934.52]]]
7241	[[[2178.6   995.4   934.96]]]
7242	[[[2177.4001  995.4     939.12  ]]]
7243	[[[2176.2002   994.2      939.16003]]]
7244	[[[2176.2002   997.80005  938.72003]]]
7245	[[[2176.2002   996.60004  938.83997]]]
7246	[[[2178.6      997.80005  936.4    ]]]
7247	[[[2178.6      997.80005  936.52   ]]]
7248	[[[2175.       997.80005  940.04004]]]
7249	[[[2176.2002   996.60004  938.48   ]]]
7250	[[[2176.2002   996.60004  938.16003]]]
7251	[[[2175.       991.80005  935.2    ]]]
7252	[[[2176.2002   996.60004  938.16003]]]
7253	[[[2173.8   995.4   938.56]]]
7254	[[[2175.    995.4   938.24]]]
7255	[[[2175.    994.2   938.48]]]
7256	[[[2176.2002  995.4     939.12  ]]]
7257	[[[2176.2002   996.60004  938.72003]]]
7258	[[[2176.2002  994.2     932.88  ]]]
7259	[[[2176.2002   996.60004  938.8    ]]]
7260	[[[2176.2002  995.4     938.8   ]]]
7261	[[[2176.2002   994.2      938.92004]]]
7262	[[[2178.6   995.4   935.28]]]
7263	[[[2175.       995.4      938.92004]]]
7264	[[[2176.2002   994.2      938.92004]]]
7265	[[[2175.    995.4   939.48]]]
7266	[[[2176.2002   994.2      938.83997]]]
7267	[[[2176.2002  994.2     938.8   ]]]
7268	[[[2175.       993.00006  937.4    ]]]
7269	[[[2176.2002  994.2     938.36  ]]]
7270	[[[2175.       994.2      938.72003]]]
7271	[[[2175.    995.4   939.48]]]
7272	[[[2175.       993.00006  937.83997]]]
7273	[[[2176.2002   995.4      938.72003]]]
7274	[[[2175.       995.4      939.72003]]]
7275	[[[2175.       993.00006  938.4    ]]]
7276	[[[2176.2002   993.00006  938.04004]]]
7277	[[[2175.       995.4      939.72003]]]
7278	[[[2175.       994.2      939.04004]]]
7279	[[[2175.       994.2      939.04004]]]
7280	[[[2175.       991.80005  937.16003]]]
7281	[[[2176.2002  995.4     938.24  ]]]
7282	[[[2176.2002   993.00006  938.08   ]]]
7283	[[[2175.       993.00006  938.16003]]]
7284	[[[2173.8      993.00006  938.24   ]]]
7285	[[[2175.       994.2      938.92004]]]
7286	[[[2175.       993.00006  938.16003]]]
7287	[[[2176.2002   994.2      938.92004]]]
7288	[[[2175.       993.00006  937.92004]]]
7289	[[[2175.   994.2  939.8]]]
7290	[[[2176.2002   994.2      939.16003]]]
7291	[[[2176.2002  994.2     938.88  ]]]
7292	[[[2173.8      993.00006  938.16003]]]
7293	[[[2175.    994.2   939.48]]]
7294	[[[2175.       991.80005  932.48   ]]]
7295	[[[2175.       993.00006  933.04004]]]
7296	[[[2171.4001   993.00006  935.76   ]]]
7297	[[[2173.8      991.80005  938.08   ]]]
7298	[[[2175.       993.00006  932.8    ]]]
7299	[[[2173.8      993.00006  938.64   ]]]
7300	[[[2175.       993.00006  932.8    ]]]
7301	[[[2175.       993.00006  933.04004]]]
7302	[[[2175.       993.00006  932.8    ]]]
7303	[[[2176.2002   993.00006  938.96   ]]]
7304	[[[2175.    995.4   939.96]]]
7305	[[[2173.8      993.00006  938.72003]]]
7306	[[[2175.       993.00006  933.12   ]]]
7307	[[[2173.8      993.00006  938.72003]]]
7308	[[[2173.8      997.80005  936.64   ]]]
7309	[[[2178.6  995.4  936. ]]]
7310	[[[2173.8      993.00006  938.64   ]]]
7311	[[[2175.    994.2   938.64]]]
7312	[[[2173.8   994.2   938.64]]]
7313	[[[2173.8   994.2   939.28]]]
7314	[[[2173.8      993.00006  938.64   ]]]
7315	[[[2171.4001  994.2     936.    ]]]
7316	[[[2175.    994.2   939.28]]]
7317	[[[2173.8      993.00006  938.64   ]]]
7318	[[[2173.8   995.4   939.28]]]
7319	[[[2173.8      997.80005  936.68   ]]]
7320	[[[2173.8      993.00006  937.68   ]]]
7321	[[[2175.    994.2   938.64]]]
7322	[[[2175.    994.2   938.64]]]
7323	[[[2175.       997.80005  937.32   ]]]
7324	[[[2175.    994.2   949.52]]]
7325	[[[2173.8  995.4  939.2]]]
7326	[[[2173.8   994.2   938.96]]]
7327	[[[2175.    994.2   938.28]]]
7328	[[[2173.8   994.2   938.32]]]
7329	[[[2175.    994.2   938.32]]]
7330	[[[2173.8   995.4   938.96]]]
7331	[[[2173.8      995.4      939.04004]]]
7332	[[[2175.       991.80005  936.     ]]]
7333	[[[2175.       993.00006  937.08   ]]]
7334	[[[2175.       996.60004  939.48   ]]]
7335	[[[2175.       995.4      938.72003]]]
7336	[[[2175.    994.2   938.48]]]
7337	[[[2175.   994.2  938.8]]]
7338	[[[2175.       996.60004  939.8    ]]]
7339	[[[2175.       996.60004  939.4    ]]]
7340	[[[2176.2002   995.4      938.83997]]]
7341	[[[2176.2002  995.4     939.48  ]]]
7342	[[[2175.       993.00006  936.16003]]]
7343	[[[2175.       993.00006  936.52   ]]]
7344	[[[2176.2002   996.60004  938.8    ]]]
7345	[[[2176.2002   997.80005  939.8    ]]]
7346	[[[2176.2002 1000.2     937.08  ]]]
7347	[[[2176.2002   996.60004  939.04004]]]
7348	[[[2175.       993.00006  936.16003]]]
7349	[[[2175.       996.60004  939.16003]]]
7350	[[[2175.       996.60004  938.08   ]]]
7351	[[[2173.8      997.80005  939.44   ]]]
7352	[[[2176.2002   997.80005  939.24   ]]]
7353	[[[2175.       999.00006  940.12   ]]]
7354	[[[2171.4001   997.80005  935.83997]]]
7355	[[[2176.2002   999.00006  939.8    ]]]
7356	[[[2173.8      997.80005  938.8    ]]]
7357	[[[2175.       997.80005  938.64   ]]]
7358	[[[2177.4001   997.80005  939.48   ]]]
7359	[[[2175.       997.80005  949.6    ]]]
7360	[[[2176.2002   997.80005  938.56   ]]]
7361	[[[2175.       996.60004  948.96   ]]]
7362	[[[2176.2002   997.80005  938.6    ]]]
7363	[[[2173.8      999.00006  938.88   ]]]
7364	[[[2173.8      999.00006  939.2    ]]]
7365	[[[2178.6 1000.2  937. ]]]
7366	[[[2175.       999.00006  939.72003]]]
7367	[[[2176.2002  1000.2      938.72003]]]
7368	[[[2176.2002   997.80005  939.04004]]]
7369	[[[2178.6      997.80005  935.44   ]]]
7370	[[[2175.       999.00006  939.6    ]]]
7371	[[[2176.2002   999.00006  939.72003]]]
7372	[[[2176.2002   997.80005  933.12   ]]]
7373	[[[2175.       997.80005  938.4    ]]]
7374	[[[2175.       997.80005  938.72003]]]
7375	[[[2176.2002 1000.2     939.28  ]]]
7376	[[[2176.2002 1000.2     938.96  ]]]
7377	[[[2173.8      999.00006  939.28   ]]]
7378	[[[2175.       999.00006  938.32   ]]]
7379	[[[2173.8      999.00006  939.64   ]]]
7380	[[[2175.  1000.2  940.2]]]
7381	[[[2175.       999.00006  938.6    ]]]
7382	[[[2175.   995.4  936. ]]]
7383	[[[2173.8      999.00006  938.72003]]]
7384	[[[2176.2002 1000.2     939.32  ]]]
7385	[[[2175.   1000.2   938.56]]]
7386	[[[2178.6 1000.2  935.6]]]
7387	[[[2175.  1000.2  939.2]]]
7388	[[[2175.  1000.2  939.2]]]
7389	[[[2175.       997.80005  936.56   ]]]
7390	[[[2176.2002 1001.4     939.2   ]]]
7391	[[[2175.   1001.4   938.88]]]
7392	[[[2176.2002   999.00006  939.96   ]]]
7393	[[[2175.       996.60004  935.56   ]]]
7394	[[[2177.4001 1000.2     938.96  ]]]
7395	[[[2171.4001 1000.2     935.56  ]]]
7396	[[[2176.2002   999.00006  940.2    ]]]
7397	[[[2175.  1001.4  939.2]]]
7398	[[[2175.  1000.2  938.2]]]
7399	[[[2176.2002   997.80005  936.56   ]]]
7400	[[[2176.2002 1000.2     939.12  ]]]
7401	[[[2178.6     1003.80005  937.56   ]]]
7402	[[[2175.   1001.4   939.44]]]
7403	[[[2175.   1000.2   938.12]]]
7404	[[[2176.2002   999.00006  939.8    ]]]
7405	[[[2175.   1001.4   939.44]]]
7406	[[[2176.2002  1000.2      933.16003]]]
7407	[[[2176.2002   997.80005  936.48   ]]]
7408	[[[2176.2002 1001.4     939.44  ]]]
7409	[[[2176.2002   997.80005  935.8    ]]]
7410	[[[2175.  1000.2  938.8]]]
7411	[[[2175.  1000.2  938.2]]]
7412	[[[2176.2002 1001.4     939.88  ]]]
7413	[[[2175.   1000.2   938.52]]]
7414	[[[2176.2002 1001.4     939.64  ]]]
7415	[[[2176.2002  1002.60004  939.2    ]]]
7416	[[[2176.2002  1002.60004  939.52   ]]]
7417	[[[2176.2002 1000.2     939.52  ]]]
7418	[[[2175.   1000.2   932.52]]]
7419	[[[2175.      1002.60004  939.84   ]]]
7420	[[[2177.4001 1001.4     939.96  ]]]
7421	[[[2176.2002  1002.60004  939.88   ]]]
7422	[[[2176.2002 1001.4     938.52  ]]]
7423	[[[2176.2002 1001.4     939.2   ]]]
7424	[[[2177.4001 1001.4     938.96  ]]]
7425	[[[2176.2002  1002.60004  939.64   ]]]
7426	[[[2176.2002 1001.4     950.2   ]]]
7427	[[[2176.2002 1001.4     949.76  ]]]
7428	[[[2176.2002 1001.4     933.24  ]]]
7429	[[[2175.      1002.60004  938.88   ]]]
7430	[[[2176.2002 1000.2     940.28  ]]]
7431	[[[2176.2002  1003.80005  939.52   ]]]
7432	[[[2176.2002  1002.60004  939.52   ]]]
7433	[[[2175.   1001.4   938.24]
  [1077.   1171.8   744.2 ]]]
7434	[[[2178.6     1003.80005  936.92004]]]
7435	[[[2177.4001 1001.4     939.44  ]]]
7436	[[[2177.4001  1002.60004  939.44   ]]]
7437	[[[2176.2002  1002.60004  939.8    ]]]
7438	[[[2175.      1002.60004  939.44   ]]]
7439	[[[2176.2002 1001.4     933.52  ]]]
7440	[[[2175.   1001.4   938.36]]]
7441	[[[2178.6     1003.80005  937.8    ]]]
7442	[[[2176.2002  1002.60004  940.08   ]]]
7443	[[[2176.2002  1002.60004  940.2    ]]]
7444	[[[2176.2002 1001.4     938.88  ]]]
7445	[[[2176.2002 1000.2     938.12  ]]]
7446	[[[2175.      1002.60004  940.08   ]]]
7447	[[[2179.8 1001.4  936.4]]]
7448	[[[2177.4001 1001.4     939.68  ]]]
7449	[[[2176.2002 1001.4     939.44  ]]]
7450	[[[2177.4001  1002.60004  939.44   ]]]
7451	[[[2175.   1000.2   932.84]]]
7452	[[[2175.       997.80005  936.04004]]]
7453	[[[2176.2002  1002.60004  939.44   ]]]
7454	[[[2176.2002 1001.4     938.68  ]]]
7455	[[[2175.  1000.2  938.8]]]
7456	[[[2177.4001 1001.4     939.8   ]]]
7457	[[[2176.2002 1001.4     938.36  ]]]
7458	[[[2177.4001 1001.4     939.36  ]]]
7459	[[[2177.4001  1002.60004  940.12   ]]]
7460	[[[2177.4001  1002.60004  939.44   ]]]
7461	[[[2179.8     1003.80005  937.44   ]]]
7462	[[[2177.4001 1001.4     939.44  ]]]
7463	[[[2175.   1001.4   939.44]]]
7464	[[[2179.8     1002.60004  937.36   ]]]
7465	[[[2176.2002 1001.4     938.68  ]]]
7466	[[[2176.2002 1001.4     939.12  ]]]
7467	[[[2177.4001 1001.4     939.68  ]]]
7468	[[[2176.2002 1001.4     933.4   ]]]
7469	[[[2176.2002  1002.60004  939.68   ]]]
7470	[[[2175.      1002.60004  939.8    ]]]
7471	[[[2177.4001  1002.60004  940.44   ]]]
7472	[[[2177.4001  1002.60004  940.44   ]]]
7473	[[[2177.4001 1001.4     940.12  ]]]
7474	[[[2176.2002 1000.2     950.    ]]]
7475	[[[2177.4001 1001.4     939.12  ]]]
7476	[[[2179.8     1003.80005  938.12   ]]]
7477	[[[2176.2002 1000.2     939.68  ]]]
7478	[[[2178.6     1001.4      940.04004]]]
7479	[[[2177.4001   999.00006  933.08   ]]]
7480	[[[2177.4001   999.00006  940.32   ]]]
7481	[[[2177.4001 1001.4     940.44  ]]]
7482	[[[2177.4001 1000.2     933.84  ]]]
7483	[[[2176.2002 1000.2     939.68  ]]]
7484	[[[2177.4001 1000.2     939.68  ]]]
7485	[[[2176.2002  1001.4      939.92004]]]
7486	[[[2178.6 1000.2  940. ]]]
7487	[[[2178.6     1000.2      939.92004]]]
7488	[[[2177.4001   999.00006  949.92004]]]
7489	[[[2177.4001  1000.2      939.04004]]]
7490	[[[2178.6  1001.4   940.32]]]
7491	[[[2179.8  1000.2   940.68]]]
7492	[[[2177.4001 1000.2     939.68  ]]]
7493	[[[2178.6  1000.2   940.56]]]
7494	[[[2179.8 1000.2  941. ]]]
7495	[[[2178.6  1000.2   939.68]]]
7496	[[[2176.2002   999.00006  940.     ]]]
7497	[[[2177.4001   999.00006  939.8    ]]]
7498	[[[2177.4001   999.00006  939.76   ]]]
7499	[[[2176.2002   999.00006  940.68   ]]]
7500	[[[2178.6      997.80005  934.08   ]]]
7501	[[[2182.2002 1000.2     937.44  ]
  [1101.     1129.8     884.64  ]]]
7502	[[[2177.4001   997.80005  939.44   ]]]
7503	[[[2182.2002 1000.2     937.44  ]]]
7504	[[[2177.4001   999.00006  940.44   ]]]
7505	[[[2177.4001   999.00006  939.8    ]]]
7506	[[[2178.6 1000.2  940. ]]]
7507	[[[2178.6      999.00006  939.68   ]]]
7508	[[[2177.4001   999.00006  940.12   ]]]
7509	[[[2178.6  1001.4   938.12]]]
7510	[[[2178.6      999.00006  941.     ]]]
7511	[[[2179.8      997.80005  940.68   ]]]
7512	[[[2178.6      997.80005  939.68   ]]]
7513	[[[2177.4001   996.60004  939.68   ]]]
7514	[[[2179.8     1000.2      939.04004]]]
7515	[[[2177.4001   996.60004  939.68   ]]]
7516	[[[2179.8      997.80005  940.36   ]]]
7517	[[[2178.6      997.80005  940.32   ]]]
